# x y z reflectivity tag
0.000000 -0.000000 -0.000000 0 0
3.417000 -9.734000 -0.142000 47 0
3.074000 -9.802000 0.079000 103 0
2.733000 -9.891000 0.311000 101 0
1.096000 -3.024000 -0.113000 4 0
2.662000 -8.181000 -0.119000 15 0
2.841000 -9.867000 0.072000 103 0
2.495000 -9.942000 0.299000 100 0
1.785000 -5.304000 -0.195000 20 0
2.468000 -8.234000 -0.119000 14 0
2.605000 -9.911000 0.066000 104 0
2.256000 -9.990000 0.287000 98 0
1.659000 -5.326000 -0.191000 30 0
1.633000 -5.942000 -0.085000 0 4
2.370000 -9.965000 0.059000 103 0
2.022000 -10.048000 0.275000 98 0
1.533000 -5.354000 -0.188000 51 0
2.100000 -8.395000 -0.120000 31 0
2.138000 -10.022000 0.054000 101 0
1.786000 -10.097000 0.263000 94 0
1.405000 -5.368000 -0.184000 59 0
2.253000 -9.993000 -0.143000 98 0
1.905000 -10.077000 0.047000 98 0
1.549000 -10.160000 0.251000 94 0
1.283000 -5.407000 -0.181000 50 0
2.023000 -10.046000 -0.142000 101 0
1.669000 -10.121000 0.041000 100 0
1.295000 -10.079000 0.235000 30 0
1.158000 -5.430000 -0.177000 43 0
1.790000 -10.100000 -0.143000 98 0
1.438000 -10.199000 0.034000 65 0
0.000000 -0.000000 -0.000000 0 0
1.033000 -5.453000 -0.174000 4 0
1.557000 -10.144000 -0.143000 92 0
1.183000 -10.083000 0.027000 7 0
0.000000 -0.000000 -0.000000 0 192
1.680000 -10.127000 -0.316000 99 0
1.314000 -10.095000 -0.142000 29 0
0.000000 -0.000000 -0.000000 0 0
0.000000 -0.000000 -0.000000 0 128
1.450000 -10.188000 -0.310000 68 0
0.000000 -0.000000 -0.000000 0 0
0.000000 -0.000000 -0.000000 0 128
0.000000 -0.000000 -0.000000 0 128
0.000000 -0.000000 -0.000000 0 0
0.000000 -0.000000 -0.000000 0 128
0.000000 -0.000000 -0.000000 0 128
0.000000 -0.000000 -0.000000 0 128
0.000000 -0.000000 -0.000000 0 192
0.000000 -0.000000 -0.000000 0 128
0.000000 -0.000000 -0.000000 0 192
0.000000 -0.000000 -0.000000 0 192
0.000000 -0.000000 -0.000000 0 128
0.000000 -0.000000 -0.000000 0 128
0.000000 -0.000000 -0.000000 0 128
0.000000 -0.000000 -0.000000 0 128
0.000000 -0.000000 -0.000000 0 192
0.000000 -0.000000 -0.000000 0 128
0.000000 -0.000000 -0.000000 0 192
0.000000 -0.000000 -0.000000 0 128
0.000000 -0.000000 -0.000000 0 128
0.000000 -0.000000 -0.000000 0 192
0.000000 -0.000000 -0.000000 0 128
-0.173000 -2.086000 0.023000 0 0
0.000000 -0.000000 -0.000000 0 192
0.000000 -0.000000 -0.000000 0 128
0.000000 -0.000000 -0.000000 0 0
-0.206000 -1.932000 0.019000 1 0
0.000000 -0.000000 -0.000000 0 128
0.000000 -0.000000 -0.000000 0 128
-0.189000 -2.033000 -0.007000 2 0
-0.237000 -1.819000 0.015000 2 0
0.000000 -0.000000 -0.000000 0 192
-0.166000 -2.093000 -0.029000 9 0
-0.220000 -1.895000 -0.007000 2 0
-0.264000 -1.711000 0.012000 2 0
-0.145000 -2.175000 -0.053000 1 0
-0.201000 -1.956000 -0.027000 5 0
-0.249000 -1.777000 -0.008000 3 0
-0.287000 -1.615000 0.009000 2 0
-0.182000 -2.020000 -0.048000 2 0
-0.232000 -1.831000 -0.026000 10 0
-0.275000 -1.679000 -0.009000 3 0
-0.304000 -1.505000 0.006000 2 0
-0.215000 -1.896000 -0.044000 2 0
-0.259000 -1.725000 -0.024000 16 0
-0.296000 -1.579000 -0.010000 3 0
-0.480000 -2.123000 0.005000 55 0
-0.244000 -1.776000 -0.040000 5 0
-0.282000 -1.620000 -0.023000 17 0
-0.320000 -1.510000 -0.011000 3 0
-0.506000 -2.019000 0.002000 62 0
-0.268000 -1.664000 -0.036000 8 0
-0.304000 -1.533000 -0.022000 13 0
-0.494000 -2.090000 -0.016000 14 0
-0.528000 -1.914000 -0.000000 69 0
0.000000 -0.000000 -0.000000 0 0
3.417000 -9.734000 -0.142000 47 0
3.074000 -9.802000 0.079000 103 0
2.733000 -9.891000 0.311000 101 0
1.096000 -3.024000 -0.113000 4 0
2.662000 -8.181000 -0.119000 15 0
2.841000 -9.867000 0.072000 103 0
2.495000 -9.942000 0.299000 100 0
1.785000 -5.304000 -0.195000 20 0
2.468000 -8.234000 -0.119000 14 0
2.605000 -9.911000 0.066000 104 0
2.256000 -9.990000 0.287000 98 0
1.659000 -5.326000 -0.191000 30 0
1.633000 -5.942000 -0.085000 0 4
2.370000 -9.965000 0.059000 103 0
2.022000 -10.048000 0.275000 98 0
1.533000 -5.354000 -0.188000 51 0
2.100000 -8.395000 -0.120000 31 0
2.138000 -10.022000 0.054000 101 0
1.786000 -10.097000 0.263000 94 0
1.405000 -5.368000 -0.184000 59 0
2.253000 -9.993000 -0.143000 98 0
1.905000 -10.077000 0.047000 98 0
1.549000 -10.160000 0.251000 94 0
1.283000 -5.407000 -0.181000 50 0
2.023000 -10.046000 -0.142000 101 0
1.669000 -10.121000 0.041000 100 0
1.295000 -10.079000 0.235000 30 0
1.158000 -5.430000 -0.177000 43 0
1.790000 -10.100000 -0.143000 98 0
1.438000 -10.199000 0.034000 65 0
0.000000 -0.000000 -0.000000 0 0
1.033000 -5.453000 -0.174000 4 0
1.557000 -10.144000 -0.143000 92 0
1.183000 -10.083000 0.027000 7 0
0.000000 -0.000000 -0.000000 0 192
1.680000 -10.127000 -0.316000 99 0
1.314000 -10.095000 -0.142000 29 0
0.000000 -0.000000 -0.000000 0 0
0.000000 -0.000000 -0.000000 0 128
1.450000 -10.188000 -0.310000 68 0
0.000000 -0.000000 -0.000000 0 0
0.000000 -0.000000 -0.000000 0 128
0.000000 -0.000000 -0.000000 0 128
0.000000 -0.000000 -0.000000 0 0
0.000000 -0.000000 -0.000000 0 128
0.000000 -0.000000 -0.000000 0 128
0.000000 -0.000000 -0.000000 0 128
0.000000 -0.000000 -0.000000 0 192
0.000000 -0.000000 -0.000000 0 128
0.000000 -0.000000 -0.000000 0 192
0.000000 -0.000000 -0.000000 0 192
0.000000 -0.000000 -0.000000 0 128
0.000000 -0.000000 -0.000000 0 128
0.000000 -0.000000 -0.000000 0 128
0.000000 -0.000000 -0.000000 0 128
0.000000 -0.000000 -0.000000 0 192
0.000000 -0.000000 -0.000000 0 128
0.000000 -0.000000 -0.000000 0 192
0.000000 -0.000000 -0.000000 0 128
0.000000 -0.000000 -0.000000 0 128
0.000000 -0.000000 -0.000000 0 192
0.000000 -0.000000 -0.000000 0 128
-0.173000 -2.086000 0.023000 0 0
0.000000 -0.000000 -0.000000 0 192
0.000000 -0.000000 -0.000000 0 128
0.000000 -0.000000 -0.000000 0 0
-0.206000 -1.932000 0.019000 1 0
0.000000 -0.000000 -0.000000 0 128
0.000000 -0.000000 -0.000000 0 128
-0.189000 -2.033000 -0.007000 2 0
-0.237000 -1.819000 0.015000 2 0
0.000000 -0.000000 -0.000000 0 192
-0.166000 -2.093000 -0.029000 9 0
-0.220000 -1.895000 -0.007000 2 0
-0.264000 -1.711000 0.012000 2 0
-0.145000 -2.175000 -0.053000 1 0
-0.201000 -1.956000 -0.027000 5 0
-0.249000 -1.777000 -0.008000 3 0
-0.287000 -1.615000 0.009000 2 0
-0.182000 -2.020000 -0.048000 2 0
-0.232000 -1.831000 -0.026000 10 0
-0.275000 -1.679000 -0.009000 3 0
-0.304000 -1.505000 0.006000 2 0
-0.215000 -1.896000 -0.044000 2 0
-0.259000 -1.725000 -0.024000 16 0
-0.296000 -1.579000 -0.010000 3 0
-0.480000 -2.123000 0.005000 55 0
-0.244000 -1.776000 -0.040000 5 0
-0.282000 -1.620000 -0.023000 17 0
-0.320000 -1.510000 -0.011000 3 0
-0.506000 -2.019000 0.002000 62 0
-0.268000 -1.664000 -0.036000 8 0
-0.304000 -1.533000 -0.022000 13 0
-0.494000 -2.090000 -0.016000 14 0
-0.528000 -1.914000 -0.000000 69 0
-0.290000 -1.567000 -0.033000 17 0
-0.478000 -2.144000 -0.031000 9 0
-0.514000 -1.966000 -0.017000 64 0
-0.548000 -1.823000 -0.003000 75 0
0.000000 -0.000000 -0.000000 0 0
-0.501000 -2.028000 -0.030000 61 0
-0.535000 -1.870000 -0.018000 68 0
-0.570000 -1.750000 -0.005000 71 0
-0.487000 -2.081000 -0.042000 57 0
-0.524000 -1.924000 -0.028000 65 0
-0.557000 -1.790000 -0.019000 70 0
-0.585000 -1.662000 -0.008000 71 0
-0.510000 -1.971000 -0.038000 59 0
-0.545000 -1.834000 -0.027000 64 0
-0.576000 -1.708000 -0.019000 70 0
-0.603000 -1.595000 -0.010000 83 0
-0.532000 -1.872000 -0.035000 70 0
-0.566000 -1.754000 -0.026000 66 0
-0.592000 -1.630000 -0.020000 72 0
-0.620000 -1.533000 -0.012000 82 0
-0.556000 -1.797000 -0.033000 65 0
-0.585000 -1.675000 -0.025000 76 0
-0.609000 -1.564000 -0.021000 76 0
-0.638000 -1.478000 -0.015000 16 0
-0.575000 -1.714000 -0.030000 67 0
-0.600000 -1.599000 -0.025000 68 0
-0.628000 -1.508000 -0.021000 14 0
-0.647000 -1.409000 -0.016000 15 0
-0.591000 -1.634000 -0.028000 70 0
-0.618000 -1.537000 -0.024000 73 0
-0.640000 -1.442000 -0.022000 15 0
-0.662000 -1.359000 -0.018000 15 0
-0.609000 -1.568000 -0.026000 70 0
-0.635000 -1.480000 -0.023000 13 0
-0.653000 -1.385000 -0.022000 13 0
-0.675000 -1.308000 -0.020000 14 0
-0.623000 -1.499000 -0.024000 67 0
-0.650000 -1.420000 -0.023000 15 0
-0.667000 -1.333000 -0.023000 14 0
-0.689000 -1.264000 -0.022000 14 0
-0.642000 -1.446000 -0.022000 14 0
-0.661000 -1.359000 -0.022000 12 0
-0.682000 -1.289000 -0.024000 13 0
-0.707000 -1.229000 -0.024000 17 0
-0.653000 -1.383000 -0.020000 15 0
-0.676000 -1.311000 -0.022000 13 0
-0.692000 -1.237000 -0.024000 13 0
-0.713000 -1.176000 -0.025000 17 0
-0.668000 -1.333000 -0.019000 14 0
-0.690000 -1.265000 -0.021000 13 0
-0.705000 -1.195000 -0.025000 16 0
-0.717000 -1.125000 -0.026000 17 0
-0.682000 -1.283000 -0.017000 14 0
-0.701000 -1.218000 -0.021000 16 0
-0.715000 -1.150000 -0.025000 16 0
-0.725000 -1.081000 -0.028000 17 0
-0.692000 -1.232000 -0.016000 13 0
-0.712000 -1.172000 -0.020000 16 0
-0.726000 -1.110000 -0.026000 16 0
-0.728000 -1.034000 -0.029000 16 0
-0.704000 -1.186000 -0.015000 13 0
-0.723000 -1.129000 -0.020000 16 0
-0.730000 -1.062000 -0.026000 16 0
-0.739000 -1.001000 -0.030000 16 0
-0.716000 -1.144000 -0.014000 17 0
-0.729000 -1.082000 -0.020000 16 0
-0.739000 -1.023000 -0.026000 15 0
-0.749000 -0.967000 -0.031000 16 0
-0.723000 -1.095000 -0.012000 16 0
-0.737000 -1.041000 -0.019000 16 0
-0.744000 -0.982000 -0.027000 15 0
-0.754000 -0.929000 -0.033000 17 0
-0.727000 -1.048000 -0.011000 16 0
-0.743000 -0.999000 -0.019000 15 0
-0.753000 -0.947000 -0.027000 15 0
-0.766000 -0.901000 -0.034000 17 0
-0.737000 -1.010000 -0.010000 16 0
-0.751000 -0.962000 -0.019000 15 0
-0.765000 -0.918000 -0.028000 15 0
-0.778000 -0.875000 -0.035000 17 0
-0.746000 -0.973000 -0.009000 16 0
-0.761000 -0.928000 -0.018000 15 0
-0.770000 -0.881000 -0.028000 14 0
-0.779000 -0.836000 -0.036000 22 0
-0.758000 -0.941000 -0.008000 17 0
-0.769000 -0.895000 -0.018000 14 0
-0.775000 -0.848000 -0.029000 15 0
-0.793000 -0.814000 -0.038000 23 0
-0.765000 -0.905000 -0.008000 17 0
-0.778000 -0.863000 -0.018000 15 0
-0.788000 -0.822000 -0.029000 15 0
-0.800000 -0.785000 -0.039000 24 0
-0.779000 -0.878000 -0.007000 18 0
-0.787000 -0.833000 -0.018000 15 0
-0.796000 -0.793000 -0.030000 15 0
-0.810000 -0.759000 -0.040000 18 0
-0.290000 -1.567000 -0.033000 17 0
-0.478000 -2.144000 -0.031000 9 0
-0.514000 -1.966000 -0.017000 64 0
-0.548000 -1.823000 -0.003000 75 0
0.000000 -0.000000 -0.000000 0 0
-0.501000 -2.028000 -0.030000 61 0
-0.535000 -1.870000 -0.018000 68 0
-0.570000 -1.750000 -0.005000 71 0
-0.487000 -2.081000 -0.042000 57 0
-0.524000 -1.924000 -0.028000 65 0
-0.557000 -1.790000 -0.019000 70 0
-0.585000 -1.662000 -0.008000 71 0
-0.510000 -1.971000 -0.038000 59 0
-0.545000 -1.834000 -0.027000 64 0
-0.576000 -1.708000 -0.019000 70 0
-0.603000 -1.595000 -0.010000 83 0
-0.532000 -1.872000 -0.035000 70 0
-0.566000 -1.754000 -0.026000 66 0
-0.592000 -1.630000 -0.020000 72 0
-0.620000 -1.533000 -0.012000 82 0
-0.556000 -1.797000 -0.033000 65 0
-0.585000 -1.675000 -0.025000 76 0
-0.609000 -1.564000 -0.021000 76 0
-0.638000 -1.478000 -0.015000 16 0
-0.575000 -1.714000 -0.030000 67 0
-0.600000 -1.599000 -0.025000 68 0
-0.628000 -1.508000 -0.021000 14 0
-0.647000 -1.409000 -0.016000 15 0
-0.591000 -1.634000 -0.028000 70 0
-0.618000 -1.537000 -0.024000 73 0
-0.640000 -1.442000 -0.022000 15 0
-0.662000 -1.359000 -0.018000 15 0
-0.609000 -1.568000 -0.026000 70 0
-0.635000 -1.480000 -0.023000 13 0
-0.653000 -1.385000 -0.022000 13 0
-0.675000 -1.308000 -0.020000 14 0
-0.623000 -1.499000 -0.024000 67 0
-0.650000 -1.420000 -0.023000 15 0
-0.667000 -1.333000 -0.023000 14 0
-0.689000 -1.264000 -0.022000 14 0
-0.642000 -1.446000 -0.022000 14 0
-0.661000 -1.359000 -0.022000 12 0
-0.682000 -1.289000 -0.024000 13 0
-0.707000 -1.229000 -0.024000 17 0
-0.653000 -1.383000 -0.020000 15 0
-0.676000 -1.311000 -0.022000 13 0
-0.692000 -1.237000 -0.024000 13 0
-0.713000 -1.176000 -0.025000 17 0
-0.668000 -1.333000 -0.019000 14 0
-0.690000 -1.265000 -0.021000 13 0
-0.705000 -1.195000 -0.025000 16 0
-0.717000 -1.125000 -0.026000 17 0
-0.682000 -1.283000 -0.017000 14 0
-0.701000 -1.218000 -0.021000 16 0
-0.715000 -1.150000 -0.025000 16 0
-0.725000 -1.081000 -0.028000 17 0
-0.692000 -1.232000 -0.016000 13 0
-0.712000 -1.172000 -0.020000 16 0
-0.726000 -1.110000 -0.026000 16 0
-0.728000 -1.034000 -0.029000 16 0
-0.704000 -1.186000 -0.015000 13 0
-0.723000 -1.129000 -0.020000 16 0
-0.730000 -1.062000 -0.026000 16 0
-0.739000 -1.001000 -0.030000 16 0
-0.716000 -1.144000 -0.014000 17 0
-0.729000 -1.082000 -0.020000 16 0
-0.739000 -1.023000 -0.026000 15 0
-0.749000 -0.967000 -0.031000 16 0
-0.723000 -1.095000 -0.012000 16 0
-0.737000 -1.041000 -0.019000 16 0
-0.744000 -0.982000 -0.027000 15 0
-0.754000 -0.929000 -0.033000 17 0
-0.727000 -1.048000 -0.011000 16 0
-0.743000 -0.999000 -0.019000 15 0
-0.753000 -0.947000 -0.027000 15 0
-0.766000 -0.901000 -0.034000 17 0
-0.737000 -1.010000 -0.010000 16 0
-0.751000 -0.962000 -0.019000 15 0
-0.765000 -0.918000 -0.028000 15 0
-0.778000 -0.875000 -0.035000 17 0
-0.746000 -0.973000 -0.009000 16 0
-0.761000 -0.928000 -0.018000 15 0
-0.770000 -0.881000 -0.028000 14 0
-0.779000 -0.836000 -0.036000 22 0
-0.758000 -0.941000 -0.008000 17 0
-0.769000 -0.895000 -0.018000 14 0
-0.775000 -0.848000 -0.029000 15 0
-0.793000 -0.814000 -0.038000 23 0
-0.765000 -0.905000 -0.008000 17 0
-0.778000 -0.863000 -0.018000 15 0
-0.788000 -0.822000 -0.029000 15 0
-0.800000 -0.785000 -0.039000 24 0
-0.779000 -0.878000 -0.007000 18 0
-0.787000 -0.833000 -0.018000 15 0
-0.796000 -0.793000 -0.030000 15 0
-0.810000 -0.759000 -0.040000 18 0
-0.783000 -0.841000 -0.006000 18 0
-0.798000 -0.806000 -0.018000 15 0
-0.807000 -0.768000 -0.030000 19 0
-0.819000 -0.734000 -0.042000 18 0
-0.793000 -0.811000 -0.005000 18 0
-0.806000 -0.777000 -0.018000 15 0
-0.810000 -0.736000 -0.031000 18 0
-0.827000 -0.708000 -0.043000 19 0
-0.803000 -0.784000 -0.005000 25 0
-0.815000 -0.749000 -0.018000 15 0
-0.819000 -0.711000 -0.031000 18 0
-0.829000 -0.677000 -0.044000 18 0
-0.808000 -0.752000 -0.004000 24 0
-0.821000 -0.720000 -0.018000 14 0
-0.828000 -0.686000 -0.032000 18 0
-0.833000 -0.651000 -0.045000 18 0
-0.817000 -0.724000 -0.003000 24 0
-0.831000 -0.695000 -0.018000 14 0
-0.832000 -0.658000 -0.032000 18 0
-0.846000 -0.631000 -0.046000 18 0
-0.821000 -0.694000 -0.003000 24 0
-0.836000 -0.667000 -0.018000 18 0
-0.842000 -0.635000 -0.033000 17 0
-0.850000 -0.604000 -0.047000 18 0
-0.831000 -0.668000 -0.002000 23 0
-0.843000 -0.640000 -0.018000 17 0
-0.832000 -0.598000 -0.033000 16 0
-0.857000 -0.581000 -0.048000 17 0
-0.839000 -0.642000 -0.002000 23 0
-0.845000 -0.611000 -0.018000 17 0
-0.839000 -0.574000 -0.033000 16 0
-0.861000 -0.555000 -0.049000 18 0
-0.846000 -0.617000 -0.001000 23 0
-0.854000 -0.587000 -0.018000 17 0
-0.849000 -0.552000 -0.034000 16 0
-0.858000 -0.527000 -0.050000 18 0
-0.852000 -0.590000 -0.001000 18 0
-0.866000 -0.567000 -0.018000 16 0
-0.854000 -0.528000 -0.035000 16 0
-0.865000 -0.504000 -0.051000 18 0
-0.844000 -0.555000 -0.000000 17 0
-0.867000 -0.539000 -0.018000 16 0
-0.864000 -0.507000 -0.035000 16 0
-0.871000 -0.482000 -0.052000 21 0
-0.854000 -0.532000 -0.000000 17 0
-0.868000 -0.511000 -0.018000 16 0
-0.867000 -0.483000 -0.036000 16 0
-0.870000 -0.456000 -0.053000 20 0
-0.863000 -0.510000 -0.000000 17 0
-0.874000 -0.488000 -0.018000 16 0
-0.873000 -0.460000 -0.036000 16 0
-0.636000 -0.316000 -0.039000 5 2
-0.872000 -0.487000 -0.000000 17 0
-0.872000 -0.460000 -0.018000 15 0
0.000000 -0.000000 -0.000000 0 0
-0.880000 -0.412000 -0.055000 16 0
-0.872000 -0.460000 -0.000000 17 0
-0.649000 -0.323000 -0.013000 8 2
-0.781000 -0.367000 -0.033000 11 0
-0.823000 -0.364000 -0.052000 8 0
-0.642000 -0.319000 -0.000000 12 34
-0.649000 -0.304000 -0.013000 7 0
-0.649000 -0.287000 -0.028000 8 16
-0.644000 -0.267000 -0.041000 10 0
-0.624000 -0.291000 0.001000 11 32
-0.642000 -0.283000 -0.013000 8 0
-0.643000 -0.267000 -0.028000 14 16
-0.597000 -0.233000 -0.039000 8 16
0.000000 -0.000000 -0.000000 0 0
-0.647000 -0.267000 -0.013000 9 0
0.000000 -0.000000 -0.000000 0 0
-0.593000 -0.216000 -0.039000 81 16
-0.609000 -0.249000 0.001000 5 32
0.000000 -0.000000 -0.000000 0 0
-0.603000 -0.219000 -0.026000 7 32
0.000000 -0.000000 -0.000000 0 0
0.000000 -0.000000 -0.000000 0 0
0.000000 -0.000000 -0.000000 0 0
0.000000 -0.000000 -0.000000 0 0
-0.415000 -0.130000 -0.028000 2 32
0.000000 -0.000000 -0.000000 0 128
0.000000 -0.000000 -0.000000 0 0
0.000000 -0.000000 -0.000000 0 128
0.000000 -0.000000 -0.000000 0 0
0.000000 -0.000000 -0.000000 0 128
-0.649000 -0.199000 -0.013000 3 0
0.000000 -0.000000 -0.000000 0 192
-0.916000 -0.244000 -0.063000 19 0
-0.664000 -0.200000 0.002000 16 32
-0.880000 -0.247000 -0.018000 11 0
-0.925000 -0.242000 -0.042000 13 0
-0.921000 -0.223000 -0.064000 16 64
0.000000 -0.000000 -0.000000 0 0
-0.932000 -0.238000 -0.020000 14 0
-0.932000 -0.222000 -0.043000 12 0
-0.925000 -0.203000 -0.065000 16 64
-0.783000 -0.841000 -0.006000 18 0
-0.798000 -0.806000 -0.018000 15 0
-0.807000 -0.768000 -0.030000 19 0
-0.819000 -0.734000 -0.042000 18 0
-0.793000 -0.811000 -0.005000 18 0
-0.806000 -0.777000 -0.018000 15 0
-0.810000 -0.736000 -0.031000 18 0
-0.827000 -0.708000 -0.043000 19 0
-0.803000 -0.784000 -0.005000 25 0
-0.815000 -0.749000 -0.018000 15 0
-0.819000 -0.711000 -0.031000 18 0
-0.829000 -0.677000 -0.044000 18 0
-0.808000 -0.752000 -0.004000 24 0
-0.821000 -0.720000 -0.018000 14 0
-0.828000 -0.686000 -0.032000 18 0
-0.833000 -0.651000 -0.045000 18 0
-0.817000 -0.724000 -0.003000 24 0
-0.831000 -0.695000 -0.018000 14 0
-0.832000 -0.658000 -0.032000 18 0
-0.846000 -0.631000 -0.046000 18 0
-0.821000 -0.694000 -0.003000 24 0
-0.836000 -0.667000 -0.018000 18 0
-0.842000 -0.635000 -0.033000 17 0
-0.850000 -0.604000 -0.047000 18 0
-0.831000 -0.668000 -0.002000 23 0
-0.843000 -0.640000 -0.018000 17 0
-0.832000 -0.598000 -0.033000 16 0
-0.857000 -0.581000 -0.048000 17 0
-0.839000 -0.642000 -0.002000 23 0
-0.845000 -0.611000 -0.018000 17 0
-0.839000 -0.574000 -0.033000 16 0
-0.861000 -0.555000 -0.049000 18 0
-0.846000 -0.617000 -0.001000 23 0
-0.854000 -0.587000 -0.018000 17 0
-0.849000 -0.552000 -0.034000 16 0
-0.858000 -0.527000 -0.050000 18 0
-0.852000 -0.590000 -0.001000 18 0
-0.866000 -0.567000 -0.018000 16 0
-0.854000 -0.528000 -0.035000 16 0
-0.865000 -0.504000 -0.051000 18 0
-0.844000 -0.555000 -0.000000 17 0
-0.867000 -0.539000 -0.018000 16 0
-0.864000 -0.507000 -0.035000 16 0
-0.871000 -0.482000 -0.052000 21 0
-0.854000 -0.532000 -0.000000 17 0
-0.868000 -0.511000 -0.018000 16 0
-0.867000 -0.483000 -0.036000 16 0
-0.870000 -0.456000 -0.053000 20 0
-0.863000 -0.510000 -0.000000 17 0
-0.874000 -0.488000 -0.018000 16 0
-0.873000 -0.460000 -0.036000 16 0
-0.636000 -0.316000 -0.039000 5 2
-0.872000 -0.487000 -0.000000 17 0
-0.872000 -0.460000 -0.018000 15 0
0.000000 -0.000000 -0.000000 0 0
-0.880000 -0.412000 -0.055000 16 0
-0.872000 -0.460000 -0.000000 17 0
-0.649000 -0.323000 -0.013000 8 2
-0.781000 -0.367000 -0.033000 11 0
-0.823000 -0.364000 -0.052000 8 0
-0.642000 -0.319000 -0.000000 12 34
-0.649000 -0.304000 -0.013000 7 0
-0.649000 -0.287000 -0.028000 8 16
-0.644000 -0.267000 -0.041000 10 0
-0.624000 -0.291000 0.001000 11 32
-0.642000 -0.283000 -0.013000 8 0
-0.643000 -0.267000 -0.028000 14 16
-0.597000 -0.233000 -0.039000 8 16
0.000000 -0.000000 -0.000000 0 0
-0.647000 -0.267000 -0.013000 9 0
0.000000 -0.000000 -0.000000 0 0
-0.593000 -0.216000 -0.039000 81 16
-0.609000 -0.249000 0.001000 5 32
0.000000 -0.000000 -0.000000 0 0
-0.603000 -0.219000 -0.026000 7 32
0.000000 -0.000000 -0.000000 0 0
0.000000 -0.000000 -0.000000 0 0
0.000000 -0.000000 -0.000000 0 0
0.000000 -0.000000 -0.000000 0 0
-0.415000 -0.130000 -0.028000 2 32
0.000000 -0.000000 -0.000000 0 128
0.000000 -0.000000 -0.000000 0 0
0.000000 -0.000000 -0.000000 0 128
0.000000 -0.000000 -0.000000 0 0
0.000000 -0.000000 -0.000000 0 128
-0.649000 -0.199000 -0.013000 3 0
0.000000 -0.000000 -0.000000 0 192
-0.916000 -0.244000 -0.063000 19 0
-0.664000 -0.200000 0.002000 16 32
-0.880000 -0.247000 -0.018000 11 0
-0.925000 -0.242000 -0.042000 13 0
-0.921000 -0.223000 -0.064000 16 64
0.000000 -0.000000 -0.000000 0 0
-0.932000 -0.238000 -0.020000 14 0
-0.932000 -0.222000 -0.043000 12 0
-0.925000 -0.203000 -0.065000 16 64
-0.924000 -0.230000 0.003000 17 0
-0.928000 -0.214000 -0.020000 15 0
-0.934000 -0.200000 -0.044000 15 0
-0.929000 -0.182000 -0.066000 16 64
-0.924000 -0.206000 0.003000 17 0
-0.933000 -0.192000 -0.020000 15 0
-0.941000 -0.179000 -0.045000 15 0
-0.936000 -0.162000 -0.068000 16 64
-0.933000 -0.185000 0.003000 17 0
-0.937000 -0.170000 -0.020000 15 0
-0.945000 -0.157000 -0.045000 12 0
-0.939000 -0.141000 -0.069000 16 64
-0.940000 -0.163000 0.003000 17 0
-0.952000 -0.150000 -0.021000 14 0
-0.949000 -0.136000 -0.046000 15 0
-0.952000 -0.122000 -0.071000 16 64
-0.942000 -0.140000 0.004000 17 0
-0.951000 -0.127000 -0.021000 15 0
-0.955000 -0.115000 -0.047000 15 0
-0.960000 -0.101000 -0.072000 16 64
-0.950000 -0.117000 0.004000 17 0
-0.961000 -0.105000 -0.021000 15 0
-0.958000 -0.093000 -0.047000 15 0
-0.962000 -0.080000 -0.073000 16 64
-0.954000 -0.094000 0.004000 17 0
-0.966000 -0.083000 -0.022000 15 0
-0.960000 -0.071000 -0.048000 15 0
-0.966000 -0.058000 -0.074000 16 64
-0.964000 -0.072000 0.004000 17 0
-0.967000 -0.060000 -0.022000 15 0
-0.968000 -0.049000 -0.049000 15 0
-0.977000 -0.037000 -0.076000 16 64
-0.965000 -0.049000 0.004000 17 0
-0.977000 -0.038000 -0.023000 12 0
-0.977000 -0.027000 -0.050000 13 64
-0.979000 -0.016000 -0.077000 16 64
-0.977000 -0.025000 0.004000 17 0
-0.980000 -0.015000 -0.023000 12 64
-0.978000 -0.005000 -0.051000 13 64
-0.987000 0.005000 -0.079000 16 64
-0.980000 -0.002000 0.004000 17 0
-0.993000 0.007000 -0.024000 13 0
-0.991000 0.016000 -0.052000 13 0
-0.990000 0.027000 -0.080000 16 64
-0.983000 0.021000 0.004000 17 0
-1.002000 0.031000 -0.024000 13 64
-0.992000 0.039000 -0.053000 13 0
-0.991000 0.049000 -0.081000 16 64
-0.994000 0.045000 0.004000 17 0
-1.004000 0.054000 -0.025000 13 0
-0.998000 0.062000 -0.054000 13 0
-1.002000 0.072000 -0.083000 18 64
-1.000000 0.070000 0.004000 17 0
-1.004000 0.078000 -0.025000 13 64
-1.001000 0.085000 -0.055000 13 0
-1.009000 0.095000 -0.085000 18 64
-1.006000 0.095000 0.004000 19 64
-1.014000 0.103000 -0.026000 14 64
-1.004000 0.109000 -0.056000 13 0
-1.013000 0.117000 -0.086000 18 64
-1.012000 0.120000 0.004000 19 64
-1.019000 0.128000 -0.026000 14 0
-1.006000 0.132000 -0.057000 13 0
-1.025000 0.142000 -0.088000 18 64
-1.014000 0.146000 0.004000 19 64
-1.026000 0.153000 -0.027000 14 64
-1.022000 0.158000 -0.058000 14 0
-1.028000 0.166000 -0.090000 18 64
-1.028000 0.173000 0.004000 20 64
-1.033000 0.179000 -0.028000 14 0
-1.025000 0.182000 -0.059000 7 0
-0.989000 0.182000 -0.087000 4 64
-1.003000 0.194000 0.003000 3 64
-0.985000 0.195000 -0.027000 2 0
0.000000 -0.000000 -0.000000 0 0
-1.002000 0.207000 -0.090000 1 64
-1.007000 0.220000 0.003000 1 64
-1.019000 0.227000 -0.028000 1 0
-1.008000 0.227000 -0.060000 1 0
-1.007000 0.231000 -0.091000 1 64
-1.104000 0.270000 0.003000 2 66
-1.109000 0.274000 -0.032000 2 0
-1.111000 0.277000 -0.067000 2 0
-1.102000 0.279000 -0.101000 2 66
-1.109000 0.299000 0.003000 1 64
-1.112000 0.303000 -0.032000 1 0
-1.116000 0.306000 -0.069000 1 0
-1.106000 0.306000 -0.103000 1 64
-1.103000 0.327000 0.003000 1 64
-1.119000 0.333000 -0.033000 1 0
-1.122000 0.335000 -0.070000 1 0
-1.112000 0.335000 -0.105000 1 64
-1.106000 0.357000 0.003000 0 0
-1.127000 0.365000 -0.034000 1 0
-1.129000 0.365000 -0.072000 1 0
-1.118000 0.363000 -0.107000 1 64
-0.924000 -0.230000 0.003000 17 0
-0.928000 -0.214000 -0.020000 15 0
-0.934000 -0.200000 -0.044000 15 0
-0.929000 -0.182000 -0.066000 16 64
-0.924000 -0.206000 0.003000 17 0
-0.933000 -0.192000 -0.020000 15 0
-0.941000 -0.179000 -0.045000 15 0
-0.936000 -0.162000 -0.068000 16 64
-0.933000 -0.185000 0.003000 17 0
-0.937000 -0.170000 -0.020000 15 0
-0.945000 -0.157000 -0.045000 12 0
-0.939000 -0.141000 -0.069000 16 64
-0.940000 -0.163000 0.003000 17 0
-0.952000 -0.150000 -0.021000 14 0
-0.949000 -0.136000 -0.046000 15 0
-0.952000 -0.122000 -0.071000 16 64
-0.942000 -0.140000 0.004000 17 0
-0.951000 -0.127000 -0.021000 15 0
-0.955000 -0.115000 -0.047000 15 0
-0.960000 -0.101000 -0.072000 16 64
-0.950000 -0.117000 0.004000 17 0
-0.961000 -0.105000 -0.021000 15 0
-0.958000 -0.093000 -0.047000 15 0
-0.962000 -0.080000 -0.073000 16 64
-0.954000 -0.094000 0.004000 17 0
-0.966000 -0.083000 -0.022000 15 0
-0.960000 -0.071000 -0.048000 15 0
-0.966000 -0.058000 -0.074000 16 64
-0.964000 -0.072000 0.004000 17 0
-0.967000 -0.060000 -0.022000 15 0
-0.968000 -0.049000 -0.049000 15 0
-0.977000 -0.037000 -0.076000 16 64
-0.965000 -0.049000 0.004000 17 0
-0.977000 -0.038000 -0.023000 12 0
-0.977000 -0.027000 -0.050000 13 64
-0.979000 -0.016000 -0.077000 16 64
-0.977000 -0.025000 0.004000 17 0
-0.980000 -0.015000 -0.023000 12 64
-0.978000 -0.005000 -0.051000 13 64
-0.987000 0.005000 -0.079000 16 64
-0.980000 -0.002000 0.004000 17 0
-0.993000 0.007000 -0.024000 13 0
-0.991000 0.016000 -0.052000 13 0
-0.990000 0.027000 -0.080000 16 64
-0.983000 0.021000 0.004000 17 0
-1.002000 0.031000 -0.024000 13 64
-0.992000 0.039000 -0.053000 13 0
-0.991000 0.049000 -0.081000 16 64
-0.994000 0.045000 0.004000 17 0
-1.004000 0.054000 -0.025000 13 0
-0.998000 0.062000 -0.054000 13 0
-1.002000 0.072000 -0.083000 18 64
-1.000000 0.070000 0.004000 17 0
-1.004000 0.078000 -0.025000 13 64
-1.001000 0.085000 -0.055000 13 0
-1.009000 0.095000 -0.085000 18 64
-1.006000 0.095000 0.004000 19 64
-1.014000 0.103000 -0.026000 14 64
-1.004000 0.109000 -0.056000 13 0
-1.013000 0.117000 -0.086000 18 64
-1.012000 0.120000 0.004000 19 64
-1.019000 0.128000 -0.026000 14 0
-1.006000 0.132000 -0.057000 13 0
-1.025000 0.142000 -0.088000 18 64
-1.014000 0.146000 0.004000 19 64
-1.026000 0.153000 -0.027000 14 64
-1.022000 0.158000 -0.058000 14 0
-1.028000 0.166000 -0.090000 18 64
-1.028000 0.173000 0.004000 20 64
-1.033000 0.179000 -0.028000 14 0
-1.025000 0.182000 -0.059000 7 0
-0.989000 0.182000 -0.087000 4 64
-1.003000 0.194000 0.003000 3 64
-0.985000 0.195000 -0.027000 2 0
0.000000 -0.000000 -0.000000 0 0
-1.002000 0.207000 -0.090000 1 64
-1.007000 0.220000 0.003000 1 64
-1.019000 0.227000 -0.028000 1 0
-1.008000 0.227000 -0.060000 1 0
-1.007000 0.231000 -0.091000 1 64
-1.104000 0.270000 0.003000 2 66
-1.109000 0.274000 -0.032000 2 0
-1.111000 0.277000 -0.067000 2 0
-1.102000 0.279000 -0.101000 2 66
-1.109000 0.299000 0.003000 1 64
-1.112000 0.303000 -0.032000 1 0
-1.116000 0.306000 -0.069000 1 0
-1.106000 0.306000 -0.103000 1 64
-1.103000 0.327000 0.003000 1 64
-1.119000 0.333000 -0.033000 1 0
-1.122000 0.335000 -0.070000 1 0
-1.112000 0.335000 -0.105000 1 64
-1.106000 0.357000 0.003000 0 0
-1.127000 0.365000 -0.034000 1 0
-1.129000 0.365000 -0.072000 1 0
-1.118000 0.363000 -0.107000 1 64
-1.125000 0.394000 0.002000 1 64
-1.136000 0.397000 -0.035000 1 0
-1.135000 0.396000 -0.073000 1 0
-1.126000 0.394000 -0.109000 1 64
-1.130000 0.426000 0.002000 1 0
-1.143000 0.430000 -0.036000 1 0
-1.138000 0.426000 -0.075000 1 0
-1.136000 0.426000 -0.112000 1 64
-1.141000 0.462000 0.002000 1 0
-1.148000 0.463000 -0.037000 1 0
-1.147000 0.460000 -0.077000 1 0
-1.136000 0.454000 -0.114000 1 64
-1.146000 0.497000 0.001000 1 0
-1.154000 0.497000 -0.039000 1 0
-1.154000 0.493000 -0.078000 1 0
-1.136000 0.484000 -0.115000 0 64
-1.147000 0.530000 0.001000 0 0
-1.159000 0.532000 -0.040000 1 0
-1.157000 0.526000 -0.080000 1 0
-1.136000 0.514000 -0.117000 0 64
-1.150000 0.566000 -0.000000 0 0
-1.158000 0.565000 -0.041000 0 0
-1.161000 0.560000 -0.082000 1 0
-1.153000 0.552000 -0.121000 0 64
-1.167000 0.610000 -0.000000 0 0
-1.166000 0.603000 -0.042000 0 0
-1.180000 0.602000 -0.084000 1 0
-1.144000 0.580000 -0.122000 0 64
0.000000 -0.000000 -0.000000 0 0
0.000000 -0.000000 -0.000000 0 0
-1.181000 0.638000 -0.086000 1 0
0.000000 -0.000000 -0.000000 0 0
-1.183000 0.693000 -0.001000 0 0
-1.191000 0.688000 -0.046000 0 0
-1.197000 0.682000 -0.089000 1 0
-1.176000 0.663000 -0.129000 0 64
0.000000 -0.000000 -0.000000 0 0
0.000000 -0.000000 -0.000000 0 0
-1.196000 0.718000 -0.091000 1 64
0.000000 -0.000000 -0.000000 0 0
-1.213000 0.792000 -0.002000 0 0
-1.210000 0.777000 -0.049000 0 0
0.000000 -0.000000 -0.000000 0 0
-1.194000 0.744000 -0.136000 0 64
0.000000 -0.000000 -0.000000 0 0
0.000000 -0.000000 -0.000000 0 0
-1.219000 0.809000 -0.097000 0 64
-1.218000 0.797000 -0.141000 10 0
0.000000 -0.000000 -0.000000 0 128
-1.232000 0.875000 -0.053000 0 0
-1.231000 0.858000 -0.100000 12 0
-1.220000 0.837000 -0.144000 0 64
0.000000 -0.000000 -0.000000 0 0
-1.251000 0.933000 -0.056000 9 0
-1.239000 0.906000 -0.103000 0 64
-1.240000 0.892000 -0.149000 11 0
-1.222000 0.977000 -0.006000 13 0
-1.239000 0.971000 -0.057000 1 0
-1.256000 0.963000 -0.106000 10 0
-1.241000 0.935000 -0.152000 0 64
-1.185000 0.995000 -0.007000 0 0
-1.196000 0.983000 -0.057000 16 0
-1.211000 0.973000 -0.105000 1 64
-1.237000 0.976000 -0.154000 10 0
-1.217000 1.073000 -0.008000 62 0
-1.186000 1.022000 -0.058000 0 8
-1.187000 1.000000 -0.105000 11 0
-1.199000 0.990000 -0.152000 1 64
-1.249000 1.156000 -0.010000 13 0
-1.227000 1.109000 -0.062000 69 0
-1.227000 1.082000 -0.112000 11 65
-1.198000 1.034000 -0.155000 7 0
-1.258000 1.221000 -0.011000 63 0
-1.263000 1.196000 -0.067000 12 0
-1.244000 1.148000 -0.116000 11 0
-1.234000 1.114000 -0.164000 13 0
-1.280000 1.304000 -0.013000 62 0
-1.264000 1.254000 -0.069000 65 0
-1.252000 1.210000 -0.120000 63 0
-1.244000 1.174000 -0.169000 62 0
-1.299000 1.388000 -0.015000 64 0
-1.285000 1.335000 -0.073000 61 0
-1.273000 1.288000 -0.125000 58 0
-1.259000 1.242000 -0.174000 52 0
-1.323000 1.484000 -0.017000 60 0
-1.306000 1.422000 -0.077000 59 0
-1.296000 1.371000 -0.131000 53 0
-1.283000 1.324000 -0.182000 51 0
-1.346000 1.585000 -0.020000 55 0
-1.329000 1.518000 -0.082000 61 0
-1.313000 1.455000 -0.137000 54 0
-1.302000 1.404000 -0.189000 52 0
-5.165000 6.382000 -0.087000 111 0
-1.353000 1.620000 -0.087000 37 0
-1.337000 1.551000 -0.144000 55 0
-1.320000 1.490000 -0.197000 54 0
-1.125000 0.394000 0.002000 1 64
-1.136000 0.397000 -0.035000 1 0
-1.135000 0.396000 -0.073000 1 0
-1.126000 0.394000 -0.109000 1 64
-1.130000 0.426000 0.002000 1 0
-1.143000 0.430000 -0.036000 1 0
-1.138000 0.426000 -0.075000 1 0
-1.136000 0.426000 -0.112000 1 64
-1.141000 0.462000 0.002000 1 0
-1.148000 0.463000 -0.037000 1 0
-1.147000 0.460000 -0.077000 1 0
-1.136000 0.454000 -0.114000 1 64
-1.146000 0.497000 0.001000 1 0
-1.154000 0.497000 -0.039000 1 0
-1.154000 0.493000 -0.078000 1 0
-1.136000 0.484000 -0.115000 0 64
-1.147000 0.530000 0.001000 0 0
-1.159000 0.532000 -0.040000 1 0
-1.157000 0.526000 -0.080000 1 0
-1.136000 0.514000 -0.117000 0 64
-1.150000 0.566000 -0.000000 0 0
-1.158000 0.565000 -0.041000 0 0
-1.161000 0.560000 -0.082000 1 0
-1.153000 0.552000 -0.121000 0 64
-1.167000 0.610000 -0.000000 0 0
-1.166000 0.603000 -0.042000 0 0
-1.180000 0.602000 -0.084000 1 0
-1.144000 0.580000 -0.122000 0 64
0.000000 -0.000000 -0.000000 0 0
0.000000 -0.000000 -0.000000 0 0
-1.181000 0.638000 -0.086000 1 0
0.000000 -0.000000 -0.000000 0 0
-1.183000 0.693000 -0.001000 0 0
-1.191000 0.688000 -0.046000 0 0
-1.197000 0.682000 -0.089000 1 0
-1.176000 0.663000 -0.129000 0 64
0.000000 -0.000000 -0.000000 0 0
0.000000 -0.000000 -0.000000 0 0
-1.196000 0.718000 -0.091000 1 64
0.000000 -0.000000 -0.000000 0 0
-1.213000 0.792000 -0.002000 0 0
-1.210000 0.777000 -0.049000 0 0
0.000000 -0.000000 -0.000000 0 0
-1.194000 0.744000 -0.136000 0 64
0.000000 -0.000000 -0.000000 0 0
0.000000 -0.000000 -0.000000 0 0
-1.219000 0.809000 -0.097000 0 64
-1.218000 0.797000 -0.141000 10 0
0.000000 -0.000000 -0.000000 0 128
-1.232000 0.875000 -0.053000 0 0
-1.231000 0.858000 -0.100000 12 0
-1.220000 0.837000 -0.144000 0 64
0.000000 -0.000000 -0.000000 0 0
-1.251000 0.933000 -0.056000 9 0
-1.239000 0.906000 -0.103000 0 64
-1.240000 0.892000 -0.149000 11 0
-1.222000 0.977000 -0.006000 13 0
-1.239000 0.971000 -0.057000 1 0
-1.256000 0.963000 -0.106000 10 0
-1.241000 0.935000 -0.152000 0 64
-1.185000 0.995000 -0.007000 0 0
-1.196000 0.983000 -0.057000 16 0
-1.211000 0.973000 -0.105000 1 64
-1.237000 0.976000 -0.154000 10 0
-1.217000 1.073000 -0.008000 62 0
-1.186000 1.022000 -0.058000 0 8
-1.187000 1.000000 -0.105000 11 0
-1.199000 0.990000 -0.152000 1 64
-1.249000 1.156000 -0.010000 13 0
-1.227000 1.109000 -0.062000 69 0
-1.227000 1.082000 -0.112000 11 65
-1.198000 1.034000 -0.155000 7 0
-1.258000 1.221000 -0.011000 63 0
-1.263000 1.196000 -0.067000 12 0
-1.244000 1.148000 -0.116000 11 0
-1.234000 1.114000 -0.164000 13 0
-1.280000 1.304000 -0.013000 62 0
-1.264000 1.254000 -0.069000 65 0
-1.252000 1.210000 -0.120000 63 0
-1.244000 1.174000 -0.169000 62 0
-1.299000 1.388000 -0.015000 64 0
-1.285000 1.335000 -0.073000 61 0
-1.273000 1.288000 -0.125000 58 0
-1.259000 1.242000 -0.174000 52 0
-1.323000 1.484000 -0.017000 60 0
-1.306000 1.422000 -0.077000 59 0
-1.296000 1.371000 -0.131000 53 0
-1.283000 1.324000 -0.182000 51 0
-1.346000 1.585000 -0.020000 55 0
-1.329000 1.518000 -0.082000 61 0
-1.313000 1.455000 -0.137000 54 0
-1.302000 1.404000 -0.189000 52 0
-5.165000 6.382000 -0.087000 111 0
-1.353000 1.620000 -0.087000 37 0
-1.337000 1.551000 -0.144000 55 0
-1.320000 1.490000 -0.197000 54 0
-4.951000 6.425000 -0.092000 30 0
-2.264000 2.842000 -0.152000 0 0
-1.353000 1.644000 -0.150000 4 0
-1.346000 1.588000 -0.206000 51 0
-4.732000 6.455000 -0.098000 11 0
0.000000 -0.000000 -0.000000 0 0
-1.895000 2.412000 -0.217000 3 0
-1.968000 2.429000 -0.309000 0 0
-3.730000 5.351000 -0.085000 3 0
0.000000 -0.000000 -0.000000 0 128
-1.830000 2.441000 -0.217000 2 0
-1.895000 2.449000 -0.306000 0 0
-3.608000 5.448000 -0.091000 2 0
-2.761000 4.012000 -0.212000 7 0
-1.758000 2.461000 -0.216000 2 0
-1.808000 2.448000 -0.300000 0 0
-3.505000 5.579000 -0.098000 1 0
-2.873000 4.390000 -0.231000 0 0
-1.686000 2.478000 -0.214000 0 0
-1.743000 2.474000 -0.298000 0 0
0.000000 -0.000000 -0.000000 0 0
0.000000 -0.000000 -0.000000 0 0
-1.619000 2.499000 -0.214000 0 0
-1.677000 2.496000 -0.296000 0 0
0.000000 -0.000000 -0.000000 0 0
0.000000 -0.000000 -0.000000 0 0
-1.548000 2.515000 -0.213000 0 0
-1.603000 2.505000 -0.292000 0 0
-2.702000 5.071000 -0.102000 13 0
-1.416000 2.534000 -0.133000 3 0
-1.487000 2.543000 -0.213000 1 0
-1.534000 2.519000 -0.289000 0 0
-2.611000 5.194000 -0.108000 13 0
-1.351000 2.556000 -0.134000 6 0
-1.413000 2.548000 -0.211000 0 0
-1.470000 2.540000 -0.287000 0 0
-2.523000 5.329000 -0.116000 12 0
-1.283000 2.570000 -0.135000 11 0
-1.343000 2.557000 -0.209000 2 0
-1.408000 2.564000 -0.286000 0 0
-2.420000 5.442000 -0.123000 21 0
-1.217000 2.585000 -0.136000 15 0
-1.277000 2.573000 -0.209000 3 0
-1.343000 2.581000 -0.284000 0 0
-2.274000 5.459000 -0.128000 23 0
-1.144000 2.586000 -0.136000 23 0
-1.210000 2.585000 -0.208000 16 0
-1.274000 2.589000 -0.281000 0 0
-2.137000 5.490000 -0.133000 23 0
-1.080000 2.603000 -0.137000 37 0
-1.143000 2.596000 -0.207000 16 0
-1.208000 2.599000 -0.278000 1 0
-1.999000 5.521000 -0.140000 22 0
-1.016000 2.618000 -0.139000 45 0
-1.084000 2.621000 -0.208000 2 0
-1.148000 2.622000 -0.277000 1 0
-1.863000 5.551000 -0.145000 21 0
-1.991000 5.508000 -0.293000 2 0
-1.018000 2.630000 -0.207000 7 0
-1.078000 2.621000 -0.273000 1 0
-1.730000 5.586000 -0.151000 14 0
-1.808000 5.390000 -0.288000 120 0
-1.950000 5.405000 -0.423000 51 0
-1.014000 2.632000 -0.271000 9 0
-1.852000 6.525000 -0.183000 60 0
-1.715000 5.532000 -0.297000 16 0
-1.802000 5.374000 -0.417000 126 0
-1.966000 5.469000 -0.556000 150 0
-1.696000 6.558000 -0.191000 70 0
-1.858000 6.531000 -0.353000 71 0
-1.711000 5.514000 -0.426000 41 0
-1.839000 5.499000 -0.553000 150 0
-1.544000 6.612000 -0.199000 10 0
-1.370000 5.274000 -0.286000 30 0
-1.501000 5.266000 -0.405000 0 4
-1.562000 5.046000 -0.501000 97 0
-1.395000 6.676000 -0.207000 88 0
-1.070000 4.554000 -0.249000 1 0
-1.374000 5.271000 -0.403000 44 0
-1.480000 5.196000 -0.511000 86 0
-1.343000 7.272000 -0.233000 128 0
-1.407000 6.675000 -0.367000 103 0
-1.017000 4.300000 -0.327000 0 0
-1.364000 5.232000 -0.509000 28 0
-1.175000 7.317000 -0.243000 133 0
-1.358000 7.274000 -0.403000 148 0
-1.415000 6.666000 -0.505000 92 0
0.000000 -0.000000 -0.000000 0 0
-0.783000 5.739000 -0.196000 23 0
-1.191000 7.306000 -0.408000 129 0
-1.371000 7.271000 -0.549000 142 0
-1.419000 6.667000 -0.635000 20 0
-0.624000 5.539000 -0.196000 72 0
-0.808000 5.805000 -0.326000 62 0
-1.206000 7.306000 -0.550000 116 0
-1.159000 6.122000 -0.577000 0 4
-4.951000 6.425000 -0.092000 30 0
-2.264000 2.842000 -0.152000 0 0
-1.353000 1.644000 -0.150000 4 0
-1.346000 1.588000 -0.206000 51 0
-4.732000 6.455000 -0.098000 11 0
0.000000 -0.000000 -0.000000 0 0
-1.895000 2.412000 -0.217000 3 0
-1.968000 2.429000 -0.309000 0 0
-3.730000 5.351000 -0.085000 3 0
0.000000 -0.000000 -0.000000 0 128
-1.830000 2.441000 -0.217000 2 0
-1.895000 2.449000 -0.306000 0 0
-3.608000 5.448000 -0.091000 2 0
-2.761000 4.012000 -0.212000 7 0
-1.758000 2.461000 -0.216000 2 0
-1.808000 2.448000 -0.300000 0 0
-3.505000 5.579000 -0.098000 1 0
-2.873000 4.390000 -0.231000 0 0
-1.686000 2.478000 -0.214000 0 0
-1.743000 2.474000 -0.298000 0 0
0.000000 -0.000000 -0.000000 0 0
0.000000 -0.000000 -0.000000 0 0
-1.619000 2.499000 -0.214000 0 0
-1.677000 2.496000 -0.296000 0 0
0.000000 -0.000000 -0.000000 0 0
0.000000 -0.000000 -0.000000 0 0
-1.548000 2.515000 -0.213000 0 0
-1.603000 2.505000 -0.292000 0 0
-2.702000 5.071000 -0.102000 13 0
-1.416000 2.534000 -0.133000 3 0
-1.487000 2.543000 -0.213000 1 0
-1.534000 2.519000 -0.289000 0 0
-2.611000 5.194000 -0.108000 13 0
-1.351000 2.556000 -0.134000 6 0
-1.413000 2.548000 -0.211000 0 0
-1.470000 2.540000 -0.287000 0 0
-2.523000 5.329000 -0.116000 12 0
-1.283000 2.570000 -0.135000 11 0
-1.343000 2.557000 -0.209000 2 0
-1.408000 2.564000 -0.286000 0 0
-2.420000 5.442000 -0.123000 21 0
-1.217000 2.585000 -0.136000 15 0
-1.277000 2.573000 -0.209000 3 0
-1.343000 2.581000 -0.284000 0 0
-2.274000 5.459000 -0.128000 23 0
-1.144000 2.586000 -0.136000 23 0
-1.210000 2.585000 -0.208000 16 0
-1.274000 2.589000 -0.281000 0 0
-2.137000 5.490000 -0.133000 23 0
-1.080000 2.603000 -0.137000 37 0
-1.143000 2.596000 -0.207000 16 0
-1.208000 2.599000 -0.278000 1 0
-1.999000 5.521000 -0.140000 22 0
-1.016000 2.618000 -0.139000 45 0
-1.084000 2.621000 -0.208000 2 0
-1.148000 2.622000 -0.277000 1 0
-1.863000 5.551000 -0.145000 21 0
-1.991000 5.508000 -0.293000 2 0
-1.018000 2.630000 -0.207000 7 0
-1.078000 2.621000 -0.273000 1 0
-1.730000 5.586000 -0.151000 14 0
-1.808000 5.390000 -0.288000 120 0
-1.950000 5.405000 -0.423000 51 0
-1.014000 2.632000 -0.271000 9 0
-1.852000 6.525000 -0.183000 60 0
-1.715000 5.532000 -0.297000 16 0
-1.802000 5.374000 -0.417000 126 0
-1.966000 5.469000 -0.556000 150 0
-1.696000 6.558000 -0.191000 70 0
-1.858000 6.531000 -0.353000 71 0
-1.711000 5.514000 -0.426000 41 0
-1.839000 5.499000 -0.553000 150 0
-1.544000 6.612000 -0.199000 10 0
-1.370000 5.274000 -0.286000 30 0
-1.501000 5.266000 -0.405000 0 4
-1.562000 5.046000 -0.501000 97 0
-1.395000 6.676000 -0.207000 88 0
-1.070000 4.554000 -0.249000 1 0
-1.374000 5.271000 -0.403000 44 0
-1.480000 5.196000 -0.511000 86 0
-1.343000 7.272000 -0.233000 128 0
-1.407000 6.675000 -0.367000 103 0
-1.017000 4.300000 -0.327000 0 0
-1.364000 5.232000 -0.509000 28 0
-1.175000 7.317000 -0.243000 133 0
-1.358000 7.274000 -0.403000 148 0
-1.415000 6.666000 -0.505000 92 0
0.000000 -0.000000 -0.000000 0 0
-0.783000 5.739000 -0.196000 23 0
-1.191000 7.306000 -0.408000 129 0
-1.371000 7.271000 -0.549000 142 0
-1.419000 6.667000 -0.635000 20 0
-0.624000 5.539000 -0.196000 72 0
-0.808000 5.805000 -0.326000 62 0
-1.206000 7.306000 -0.550000 116 0
-1.159000 6.122000 -0.577000 0 4
-0.496000 5.572000 -0.203000 5 0
-0.641000 5.538000 -0.314000 80 0
-0.819000 5.793000 -0.435000 50 0
-1.215000 7.313000 -0.683000 137 0
0.000000 -0.000000 -0.000000 0 0
-0.514000 5.576000 -0.319000 19 0
-0.640000 5.416000 -0.405000 26 0
-0.830000 5.816000 -0.538000 74 0
0.000000 -0.000000 -0.000000 0 192
0.000000 -0.000000 -0.000000 0 0
-0.518000 5.464000 -0.408000 18 0
-0.632000 5.281000 -0.484000 134 0
0.000000 -0.000000 -0.000000 0 192
0.000000 -0.000000 -0.000000 0 192
0.000000 -0.000000 -0.000000 0 0
-0.567000 5.860000 -0.533000 84 0
0.000000 -0.000000 -0.000000 0 192
0.000000 -0.000000 -0.000000 0 192
0.000000 -0.000000 -0.000000 0 192
0.000000 -0.000000 -0.000000 0 0
0.000000 -0.000000 -0.000000 0 192
0.000000 -0.000000 -0.000000 0 192
0.000000 -0.000000 -0.000000 0 192
0.000000 -0.000000 -0.000000 0 192
0.000000 -0.000000 -0.000000 0 192
0.000000 -0.000000 -0.000000 0 192
0.000000 -0.000000 -0.000000 0 192
0.000000 -0.000000 -0.000000 0 128
0.137000 1.849000 -0.083000 1 0
0.000000 -0.000000 -0.000000 0 192
0.000000 -0.000000 -0.000000 0 128
0.000000 -0.000000 -0.000000 0 192
0.170000 1.741000 -0.081000 19 0
0.126000 1.819000 -0.112000 0 0
0.000000 -0.000000 -0.000000 0 192
0.000000 -0.000000 -0.000000 0 128
0.195000 1.617000 -0.077000 24 0
0.162000 1.752000 -0.109000 13 0
0.000000 -0.000000 -0.000000 0 192
0.000000 -0.000000 -0.000000 0 192
0.225000 1.558000 -0.077000 14 0
0.190000 1.642000 -0.103000 24 0
0.157000 1.760000 -0.131000 0 8
0.000000 -0.000000 -0.000000 0 128
0.260000 1.549000 -0.079000 16 0
0.216000 1.551000 -0.099000 51 0
0.185000 1.650000 -0.123000 22 0
0.000000 -0.000000 -0.000000 0 128
0.302000 1.576000 -0.082000 14 0
0.256000 1.569000 -0.101000 11 0
0.210000 1.551000 -0.116000 40 0
0.183000 1.676000 -0.143000 20 0
0.342000 1.584000 -0.085000 15 0
0.294000 1.575000 -0.103000 11 0
0.246000 1.549000 -0.116000 13 0
0.208000 1.565000 -0.133000 32 0
0.381000 1.587000 -0.088000 15 0
0.332000 1.577000 -0.105000 11 0
0.288000 1.574000 -0.119000 12 0
0.244000 1.564000 -0.132000 15 0
0.425000 1.605000 -0.092000 13 0
0.372000 1.585000 -0.107000 62 0
0.326000 1.579000 -0.119000 14 0
0.283000 1.574000 -0.132000 15 0
0.465000 1.606000 -0.095000 59 0
0.416000 1.604000 -0.110000 12 0
0.366000 1.585000 -0.121000 12 0
0.322000 1.580000 -0.132000 14 0
0.511000 1.624000 -0.099000 13 0
0.455000 1.605000 -0.112000 57 0
0.407000 1.594000 -0.122000 13 0
0.362000 1.589000 -0.132000 14 0
0.552000 1.624000 -0.102000 57 0
0.497000 1.608000 -0.114000 63 0
0.450000 1.608000 -0.124000 12 0
0.402000 1.595000 -0.133000 64 0
0.597000 1.633000 -0.105000 63 0
0.542000 1.621000 -0.117000 59 0
0.492000 1.612000 -0.125000 59 0
0.445000 1.606000 -0.133000 15 0
0.645000 1.645000 -0.110000 49 0
0.586000 1.629000 -0.119000 59 0
0.538000 1.630000 -0.127000 12 0
0.486000 1.609000 -0.133000 62 0
0.694000 1.659000 -0.114000 52 0
0.634000 1.642000 -0.122000 54 0
0.580000 1.630000 -0.128000 58 0
0.532000 1.624000 -0.134000 58 0
0.744000 1.670000 -0.118000 47 0
0.684000 1.658000 -0.126000 52 0
0.627000 1.641000 -0.130000 54 0
0.577000 1.632000 -0.134000 62 0
0.819000 1.730000 -0.126000 100 0
0.734000 1.669000 -0.129000 52 0
0.675000 1.651000 -0.131000 54 0
0.625000 1.644000 -0.135000 52 0
-0.496000 5.572000 -0.203000 5 0
-0.641000 5.538000 -0.314000 80 0
-0.819000 5.793000 -0.435000 50 0
-1.215000 7.313000 -0.683000 137 0
0.000000 -0.000000 -0.000000 0 0
-0.514000 5.576000 -0.319000 19 0
-0.640000 5.416000 -0.405000 26 0
-0.830000 5.816000 -0.538000 74 0
0.000000 -0.000000 -0.000000 0 192
0.000000 -0.000000 -0.000000 0 0
-0.518000 5.464000 -0.408000 18 0
-0.632000 5.281000 -0.484000 134 0
0.000000 -0.000000 -0.000000 0 192
0.000000 -0.000000 -0.000000 0 192
0.000000 -0.000000 -0.000000 0 0
-0.567000 5.860000 -0.533000 84 0
0.000000 -0.000000 -0.000000 0 192
0.000000 -0.000000 -0.000000 0 192
0.000000 -0.000000 -0.000000 0 192
0.000000 -0.000000 -0.000000 0 0
0.000000 -0.000000 -0.000000 0 192
0.000000 -0.000000 -0.000000 0 192
0.000000 -0.000000 -0.000000 0 192
0.000000 -0.000000 -0.000000 0 192
0.000000 -0.000000 -0.000000 0 192
0.000000 -0.000000 -0.000000 0 192
0.000000 -0.000000 -0.000000 0 192
0.000000 -0.000000 -0.000000 0 128
0.137000 1.849000 -0.083000 1 0
0.000000 -0.000000 -0.000000 0 192
0.000000 -0.000000 -0.000000 0 128
0.000000 -0.000000 -0.000000 0 192
0.170000 1.741000 -0.081000 19 0
0.126000 1.819000 -0.112000 0 0
0.000000 -0.000000 -0.000000 0 192
0.000000 -0.000000 -0.000000 0 128
0.195000 1.617000 -0.077000 24 0
0.162000 1.752000 -0.109000 13 0
0.000000 -0.000000 -0.000000 0 192
0.000000 -0.000000 -0.000000 0 192
0.225000 1.558000 -0.077000 14 0
0.190000 1.642000 -0.103000 24 0
0.157000 1.760000 -0.131000 0 8
0.000000 -0.000000 -0.000000 0 128
0.260000 1.549000 -0.079000 16 0
0.216000 1.551000 -0.099000 51 0
0.185000 1.650000 -0.123000 22 0
0.000000 -0.000000 -0.000000 0 128
0.302000 1.576000 -0.082000 14 0
0.256000 1.569000 -0.101000 11 0
0.210000 1.551000 -0.116000 40 0
0.183000 1.676000 -0.143000 20 0
0.342000 1.584000 -0.085000 15 0
0.294000 1.575000 -0.103000 11 0
0.246000 1.549000 -0.116000 13 0
0.208000 1.565000 -0.133000 32 0
0.381000 1.587000 -0.088000 15 0
0.332000 1.577000 -0.105000 11 0
0.288000 1.574000 -0.119000 12 0
0.244000 1.564000 -0.132000 15 0
0.425000 1.605000 -0.092000 13 0
0.372000 1.585000 -0.107000 62 0
0.326000 1.579000 -0.119000 14 0
0.283000 1.574000 -0.132000 15 0
0.465000 1.606000 -0.095000 59 0
0.416000 1.604000 -0.110000 12 0
0.366000 1.585000 -0.121000 12 0
0.322000 1.580000 -0.132000 14 0
0.511000 1.624000 -0.099000 13 0
0.455000 1.605000 -0.112000 57 0
0.407000 1.594000 -0.122000 13 0
0.362000 1.589000 -0.132000 14 0
0.552000 1.624000 -0.102000 57 0
0.497000 1.608000 -0.114000 63 0
0.450000 1.608000 -0.124000 12 0
0.402000 1.595000 -0.133000 64 0
0.597000 1.633000 -0.105000 63 0
0.542000 1.621000 -0.117000 59 0
0.492000 1.612000 -0.125000 59 0
0.445000 1.606000 -0.133000 15 0
0.645000 1.645000 -0.110000 49 0
0.586000 1.629000 -0.119000 59 0
0.538000 1.630000 -0.127000 12 0
0.486000 1.609000 -0.133000 62 0
0.694000 1.659000 -0.114000 52 0
0.634000 1.642000 -0.122000 54 0
0.580000 1.630000 -0.128000 58 0
0.532000 1.624000 -0.134000 58 0
0.744000 1.670000 -0.118000 47 0
0.684000 1.658000 -0.126000 52 0
0.627000 1.641000 -0.130000 54 0
0.577000 1.632000 -0.134000 62 0
0.819000 1.730000 -0.126000 100 0
0.734000 1.669000 -0.129000 52 0
0.675000 1.651000 -0.131000 54 0
0.625000 1.644000 -0.135000 52 0
1.043000 2.080000 -0.157000 6 0
0.791000 1.693000 -0.134000 47 0
0.728000 1.669000 -0.134000 50 0
0.673000 1.656000 -0.136000 52 0
0.000000 -0.000000 -0.000000 0 0
1.034000 2.085000 -0.168000 15 0
0.780000 1.681000 -0.136000 45 0
0.723000 1.667000 -0.137000 55 0
0.000000 -0.000000 -0.000000 0 192
0.000000 -0.000000 -0.000000 0 0
1.027000 2.085000 -0.171000 19 0
0.776000 1.680000 -0.138000 44 0
0.000000 -0.000000 -0.000000 0 128
0.000000 -0.000000 -0.000000 0 128
1.095000 2.098000 -0.174000 1 0
1.024000 2.087000 -0.172000 26 0
0.000000 -0.000000 -0.000000 0 0
0.000000 -0.000000 -0.000000 0 128
0.000000 -0.000000 -0.000000 0 0
1.092000 2.101000 -0.173000 2 0
0.000000 -0.000000 -0.000000 0 128
0.000000 -0.000000 -0.000000 0 0
0.000000 -0.000000 -0.000000 0 0
0.000000 -0.000000 -0.000000 0 0
0.000000 -0.000000 -0.000000 0 128
0.000000 -0.000000 -0.000000 0 0
0.000000 -0.000000 -0.000000 0 0
0.000000 -0.000000 -0.000000 0 128
0.000000 -0.000000 -0.000000 0 128
0.000000 -0.000000 -0.000000 0 128
0.000000 -0.000000 -0.000000 0 128
0.000000 -0.000000 -0.000000 0 128
0.000000 -0.000000 -0.000000 0 128
0.000000 -0.000000 -0.000000 0 128
0.000000 -0.000000 -0.000000 0 128
0.000000 -0.000000 -0.000000 0 0
0.000000 -0.000000 -0.000000 0 128
0.000000 -0.000000 -0.000000 0 0
0.000000 -0.000000 -0.000000 0 0
0.000000 -0.000000 -0.000000 0 128
0.000000 -0.000000 -0.000000 0 128
0.000000 -0.000000 -0.000000 0 0
0.000000 -0.000000 -0.000000 0 0
0.000000 -0.000000 -0.000000 0 128
0.000000 -0.000000 -0.000000 0 128
0.000000 -0.000000 -0.000000 0 0
0.000000 -0.000000 -0.000000 0 0
0.000000 -0.000000 -0.000000 0 128
0.000000 -0.000000 -0.000000 0 128
0.000000 -0.000000 -0.000000 0 0
0.000000 -0.000000 -0.000000 0 0
0.000000 -0.000000 -0.000000 0 128
0.000000 -0.000000 -0.000000 0 128
0.000000 -0.000000 -0.000000 0 0
0.000000 -0.000000 -0.000000 0 0
0.000000 -0.000000 -0.000000 0 128
0.000000 -0.000000 -0.000000 0 128
0.000000 -0.000000 -0.000000 0 0
0.000000 -0.000000 -0.000000 0 0
0.000000 -0.000000 -0.000000 0 0
0.000000 -0.000000 -0.000000 0 128
0.000000 -0.000000 -0.000000 0 0
0.000000 -0.000000 -0.000000 0 0
0.000000 -0.000000 -0.000000 0 128
0.000000 -0.000000 -0.000000 0 128
0.000000 -0.000000 -0.000000 0 128
0.000000 -0.000000 -0.000000 0 0
0.000000 -0.000000 -0.000000 0 0
0.000000 -0.000000 -0.000000 0 128
0.000000 -0.000000 -0.000000 0 128
0.000000 -0.000000 -0.000000 0 128
0.000000 -0.000000 -0.000000 0 128
0.000000 -0.000000 -0.000000 0 0
0.000000 -0.000000 -0.000000 0 128
0.000000 -0.000000 -0.000000 0 128
0.000000 -0.000000 -0.000000 0 192
0.000000 -0.000000 -0.000000 0 0
0.000000 -0.000000 -0.000000 0 0
0.000000 -0.000000 -0.000000 0 0
0.000000 -0.000000 -0.000000 0 128
0.000000 -0.000000 -0.000000 0 0
0.000000 -0.000000 -0.000000 0 0
0.000000 -0.000000 -0.000000 0 0
0.000000 -0.000000 -0.000000 0 128
0.000000 -0.000000 -0.000000 0 0
0.000000 -0.000000 -0.000000 0 0
0.000000 -0.000000 -0.000000 0 0
0.000000 -0.000000 -0.000000 0 128
0.000000 -0.000000 -0.000000 0 0
0.000000 -0.000000 -0.000000 0 0
0.000000 -0.000000 -0.000000 0 0
0.000000 -0.000000 -0.000000 0 0
0.000000 -0.000000 -0.000000 0 0
0.000000 -0.000000 -0.000000 0 0
0.000000 -0.000000 -0.000000 0 0
0.000000 -0.000000 -0.000000 0 0
1.043000 2.080000 -0.157000 6 0
0.791000 1.693000 -0.134000 47 0
0.728000 1.669000 -0.134000 50 0
0.673000 1.656000 -0.136000 52 0
0.000000 -0.000000 -0.000000 0 0
1.034000 2.085000 -0.168000 15 0
0.780000 1.681000 -0.136000 45 0
0.723000 1.667000 -0.137000 55 0
0.000000 -0.000000 -0.000000 0 192
0.000000 -0.000000 -0.000000 0 0
1.027000 2.085000 -0.171000 19 0
0.776000 1.680000 -0.138000 44 0
0.000000 -0.000000 -0.000000 0 128
0.000000 -0.000000 -0.000000 0 128
1.095000 2.098000 -0.174000 1 0
1.024000 2.087000 -0.172000 26 0
0.000000 -0.000000 -0.000000 0 0
0.000000 -0.000000 -0.000000 0 128
0.000000 -0.000000 -0.000000 0 0
1.092000 2.101000 -0.173000 2 0
0.000000 -0.000000 -0.000000 0 128
0.000000 -0.000000 -0.000000 0 0
0.000000 -0.000000 -0.000000 0 0
0.000000 -0.000000 -0.000000 0 0
0.000000 -0.000000 -0.000000 0 128
0.000000 -0.000000 -0.000000 0 0
0.000000 -0.000000 -0.000000 0 0
0.000000 -0.000000 -0.000000 0 128
0.000000 -0.000000 -0.000000 0 128
0.000000 -0.000000 -0.000000 0 128
0.000000 -0.000000 -0.000000 0 128
0.000000 -0.000000 -0.000000 0 128
0.000000 -0.000000 -0.000000 0 128
0.000000 -0.000000 -0.000000 0 128
0.000000 -0.000000 -0.000000 0 128
0.000000 -0.000000 -0.000000 0 0
0.000000 -0.000000 -0.000000 0 128
0.000000 -0.000000 -0.000000 0 0
0.000000 -0.000000 -0.000000 0 0
0.000000 -0.000000 -0.000000 0 128
0.000000 -0.000000 -0.000000 0 128
0.000000 -0.000000 -0.000000 0 0
0.000000 -0.000000 -0.000000 0 0
0.000000 -0.000000 -0.000000 0 128
0.000000 -0.000000 -0.000000 0 128
0.000000 -0.000000 -0.000000 0 0
0.000000 -0.000000 -0.000000 0 0
0.000000 -0.000000 -0.000000 0 128
0.000000 -0.000000 -0.000000 0 128
0.000000 -0.000000 -0.000000 0 0
0.000000 -0.000000 -0.000000 0 0
0.000000 -0.000000 -0.000000 0 128
0.000000 -0.000000 -0.000000 0 128
0.000000 -0.000000 -0.000000 0 0
0.000000 -0.000000 -0.000000 0 0
0.000000 -0.000000 -0.000000 0 128
0.000000 -0.000000 -0.000000 0 128
0.000000 -0.000000 -0.000000 0 0
0.000000 -0.000000 -0.000000 0 0
0.000000 -0.000000 -0.000000 0 0
0.000000 -0.000000 -0.000000 0 128
0.000000 -0.000000 -0.000000 0 0
0.000000 -0.000000 -0.000000 0 0
0.000000 -0.000000 -0.000000 0 128
0.000000 -0.000000 -0.000000 0 128
0.000000 -0.000000 -0.000000 0 128
0.000000 -0.000000 -0.000000 0 0
0.000000 -0.000000 -0.000000 0 0
0.000000 -0.000000 -0.000000 0 128
0.000000 -0.000000 -0.000000 0 128
0.000000 -0.000000 -0.000000 0 128
0.000000 -0.000000 -0.000000 0 128
0.000000 -0.000000 -0.000000 0 0
0.000000 -0.000000 -0.000000 0 128
0.000000 -0.000000 -0.000000 0 128
0.000000 -0.000000 -0.000000 0 192
0.000000 -0.000000 -0.000000 0 0
0.000000 -0.000000 -0.000000 0 0
0.000000 -0.000000 -0.000000 0 0
0.000000 -0.000000 -0.000000 0 128
0.000000 -0.000000 -0.000000 0 0
0.000000 -0.000000 -0.000000 0 0
0.000000 -0.000000 -0.000000 0 0
0.000000 -0.000000 -0.000000 0 128
0.000000 -0.000000 -0.000000 0 0
0.000000 -0.000000 -0.000000 0 0
0.000000 -0.000000 -0.000000 0 0
0.000000 -0.000000 -0.000000 0 128
0.000000 -0.000000 -0.000000 0 0
0.000000 -0.000000 -0.000000 0 0
0.000000 -0.000000 -0.000000 0 0
0.000000 -0.000000 -0.000000 0 0
0.000000 -0.000000 -0.000000 0 0
0.000000 -0.000000 -0.000000 0 0
0.000000 -0.000000 -0.000000 0 0
0.000000 -0.000000 -0.000000 0 0
0.000000 -0.000000 -0.000000 0 0
0.000000 -0.000000 -0.000000 0 0
0.000000 -0.000000 -0.000000 0 0
0.000000 -0.000000 -0.000000 0 0
0.000000 -0.000000 -0.000000 0 0
0.000000 -0.000000 -0.000000 0 0
0.000000 -0.000000 -0.000000 0 0
0.000000 -0.000000 -0.000000 0 0
0.000000 -0.000000 -0.000000 0 0
0.000000 -0.000000 -0.000000 0 0
0.000000 -0.000000 -0.000000 0 0
0.000000 -0.000000 -0.000000 0 0
0.000000 -0.000000 -0.000000 0 0
0.000000 -0.000000 -0.000000 0 0
0.000000 -0.000000 -0.000000 0 0
0.000000 -0.000000 -0.000000 0 0
0.000000 -0.000000 -0.000000 0 0
0.000000 -0.000000 -0.000000 0 0
0.000000 -0.000000 -0.000000 0 0
0.000000 -0.000000 -0.000000 0 0
0.000000 -0.000000 -0.000000 0 0
0.000000 -0.000000 -0.000000 0 0
0.000000 -0.000000 -0.000000 0 0
0.000000 -0.000000 -0.000000 0 0
0.000000 -0.000000 -0.000000 0 0
0.000000 -0.000000 -0.000000 0 0
0.000000 -0.000000 -0.000000 0 0
0.000000 -0.000000 -0.000000 0 0
0.000000 -0.000000 -0.000000 0 0
0.000000 -0.000000 -0.000000 0 0
0.000000 -0.000000 -0.000000 0 0
0.000000 -0.000000 -0.000000 0 0
0.000000 -0.000000 -0.000000 0 0
0.000000 -0.000000 -0.000000 0 0
0.000000 -0.000000 -0.000000 0 0
0.000000 -0.000000 -0.000000 0 0
0.000000 -0.000000 -0.000000 0 0
0.000000 -0.000000 -0.000000 0 0
0.000000 -0.000000 -0.000000 0 0
0.000000 -0.000000 -0.000000 0 0
0.000000 -0.000000 -0.000000 0 0
0.000000 -0.000000 -0.000000 0 0
0.000000 -0.000000 -0.000000 0 0
0.000000 -0.000000 -0.000000 0 0
0.000000 -0.000000 -0.000000 0 0
0.000000 -0.000000 -0.000000 0 0
0.000000 -0.000000 -0.000000 0 0
0.000000 -0.000000 -0.000000 0 0
0.000000 -0.000000 -0.000000 0 0
0.000000 -0.000000 -0.000000 0 0
0.000000 -0.000000 -0.000000 0 0
0.000000 -0.000000 -0.000000 0 0
0.000000 -0.000000 -0.000000 0 0
0.000000 -0.000000 -0.000000 0 0
0.000000 -0.000000 -0.000000 0 0
0.000000 -0.000000 -0.000000 0 0
0.000000 -0.000000 -0.000000 0 0
0.000000 -0.000000 -0.000000 0 0
0.000000 -0.000000 -0.000000 0 0
0.000000 -0.000000 -0.000000 0 0
0.000000 -0.000000 -0.000000 0 0
0.000000 -0.000000 -0.000000 0 0
0.000000 -0.000000 -0.000000 0 0
0.000000 -0.000000 -0.000000 0 128
0.000000 -0.000000 -0.000000 0 0
0.000000 -0.000000 -0.000000 0 0
0.000000 -0.000000 -0.000000 0 0
0.000000 -0.000000 -0.000000 0 0
0.000000 -0.000000 -0.000000 0 0
0.000000 -0.000000 -0.000000 0 0
0.000000 -0.000000 -0.000000 0 0
0.000000 -0.000000 -0.000000 0 128
0.000000 -0.000000 -0.000000 0 0
0.000000 -0.000000 -0.000000 0 0
0.000000 -0.000000 -0.000000 0 0
0.000000 -0.000000 -0.000000 0 0
0.000000 -0.000000 -0.000000 0 0
0.000000 -0.000000 -0.000000 0 0
0.000000 -0.000000 -0.000000 0 0
0.000000 -0.000000 -0.000000 0 128
0.000000 -0.000000 -0.000000 0 0
0.000000 -0.000000 -0.000000 0 0
0.000000 -0.000000 -0.000000 0 0
0.000000 -0.000000 -0.000000 0 0
0.000000 -0.000000 -0.000000 0 0
0.000000 -0.000000 -0.000000 0 0
0.000000 -0.000000 -0.000000 0 0
0.000000 -0.000000 -0.000000 0 0
0.000000 -0.000000 -0.000000 0 0
0.000000 -0.000000 -0.000000 0 0
0.000000 -0.000000 -0.000000 0 0
0.000000 -0.000000 -0.000000 0 0
0.000000 -0.000000 -0.000000 0 0
0.000000 -0.000000 -0.000000 0 0
0.000000 -0.000000 -0.000000 0 0
0.000000 -0.000000 -0.000000 0 128
0.000000 -0.000000 -0.000000 0 0
0.000000 -0.000000 -0.000000 0 0
0.000000 -0.000000 -0.000000 0 0
0.000000 -0.000000 -0.000000 0 0
0.000000 -0.000000 -0.000000 0 0
0.000000 -0.000000 -0.000000 0 0
0.000000 -0.000000 -0.000000 0 0
0.000000 -0.000000 -0.000000 0 0
0.000000 -0.000000 -0.000000 0 0
0.000000 -0.000000 -0.000000 0 0
0.000000 -0.000000 -0.000000 0 0
0.000000 -0.000000 -0.000000 0 0
0.000000 -0.000000 -0.000000 0 0
0.000000 -0.000000 -0.000000 0 0
0.000000 -0.000000 -0.000000 0 0
0.000000 -0.000000 -0.000000 0 0
0.000000 -0.000000 -0.000000 0 0
0.000000 -0.000000 -0.000000 0 0
0.000000 -0.000000 -0.000000 0 0
0.000000 -0.000000 -0.000000 0 0
0.000000 -0.000000 -0.000000 0 0
0.000000 -0.000000 -0.000000 0 0
0.000000 -0.000000 -0.000000 0 0
0.000000 -0.000000 -0.000000 0 0
0.000000 -0.000000 -0.000000 0 0
0.000000 -0.000000 -0.000000 0 0
0.000000 -0.000000 -0.000000 0 0
0.000000 -0.000000 -0.000000 0 0
0.000000 -0.000000 -0.000000 0 0
0.000000 -0.000000 -0.000000 0 0
0.000000 -0.000000 -0.000000 0 0
0.000000 -0.000000 -0.000000 0 0
0.000000 -0.000000 -0.000000 0 0
0.000000 -0.000000 -0.000000 0 0
0.000000 -0.000000 -0.000000 0 0
0.000000 -0.000000 -0.000000 0 0
0.000000 -0.000000 -0.000000 0 0
0.000000 -0.000000 -0.000000 0 0
0.000000 -0.000000 -0.000000 0 0
0.000000 -0.000000 -0.000000 0 0
0.000000 -0.000000 -0.000000 0 0
0.000000 -0.000000 -0.000000 0 0
0.000000 -0.000000 -0.000000 0 0
0.000000 -0.000000 -0.000000 0 0
0.000000 -0.000000 -0.000000 0 0
0.000000 -0.000000 -0.000000 0 0
0.000000 -0.000000 -0.000000 0 0
0.000000 -0.000000 -0.000000 0 0
0.000000 -0.000000 -0.000000 0 0
0.000000 -0.000000 -0.000000 0 0
0.000000 -0.000000 -0.000000 0 0
0.000000 -0.000000 -0.000000 0 0
0.000000 -0.000000 -0.000000 0 0
0.000000 -0.000000 -0.000000 0 0
0.000000 -0.000000 -0.000000 0 0
0.000000 -0.000000 -0.000000 0 0
0.000000 -0.000000 -0.000000 0 0
0.000000 -0.000000 -0.000000 0 0
0.000000 -0.000000 -0.000000 0 0
0.000000 -0.000000 -0.000000 0 0
0.000000 -0.000000 -0.000000 0 0
0.000000 -0.000000 -0.000000 0 0
0.000000 -0.000000 -0.000000 0 0
0.000000 -0.000000 -0.000000 0 128
0.000000 -0.000000 -0.000000 0 0
0.000000 -0.000000 -0.000000 0 0
0.000000 -0.000000 -0.000000 0 0
0.000000 -0.000000 -0.000000 0 0
0.000000 -0.000000 -0.000000 0 0
0.000000 -0.000000 -0.000000 0 0
0.000000 -0.000000 -0.000000 0 0
0.000000 -0.000000 -0.000000 0 128
0.000000 -0.000000 -0.000000 0 0
0.000000 -0.000000 -0.000000 0 0
0.000000 -0.000000 -0.000000 0 0
0.000000 -0.000000 -0.000000 0 0
0.000000 -0.000000 -0.000000 0 0
0.000000 -0.000000 -0.000000 0 0
0.000000 -0.000000 -0.000000 0 0
0.000000 -0.000000 -0.000000 0 128
0.000000 -0.000000 -0.000000 0 0
0.000000 -0.000000 -0.000000 0 0
0.000000 -0.000000 -0.000000 0 0
0.000000 -0.000000 -0.000000 0 0
0.000000 -0.000000 -0.000000 0 0
0.000000 -0.000000 -0.000000 0 0
0.000000 -0.000000 -0.000000 0 0
0.000000 -0.000000 -0.000000 0 0
0.000000 -0.000000 -0.000000 0 0
0.000000 -0.000000 -0.000000 0 0
0.000000 -0.000000 -0.000000 0 0
0.000000 -0.000000 -0.000000 0 0
0.000000 -0.000000 -0.000000 0 0
0.000000 -0.000000 -0.000000 0 0
0.000000 -0.000000 -0.000000 0 0
0.000000 -0.000000 -0.000000 0 128
0.000000 -0.000000 -0.000000 0 0
0.000000 -0.000000 -0.000000 0 0
0.000000 -0.000000 -0.000000 0 0
0.000000 -0.000000 -0.000000 0 128
0.000000 -0.000000 -0.000000 0 0
0.000000 -0.000000 -0.000000 0 0
0.000000 -0.000000 -0.000000 0 0
0.000000 -0.000000 -0.000000 0 128
0.000000 -0.000000 -0.000000 0 0
0.000000 -0.000000 -0.000000 0 0
0.000000 -0.000000 -0.000000 0 0
0.000000 -0.000000 -0.000000 0 192
0.000000 -0.000000 -0.000000 0 0
0.000000 -0.000000 -0.000000 0 0
0.000000 -0.000000 -0.000000 0 128
0.000000 -0.000000 -0.000000 0 128
0.000000 -0.000000 -0.000000 0 0
0.000000 -0.000000 -0.000000 0 0
0.000000 -0.000000 -0.000000 0 128
0.000000 -0.000000 -0.000000 0 128
0.000000 -0.000000 -0.000000 0 0
0.000000 -0.000000 -0.000000 0 0
0.000000 -0.000000 -0.000000 0 0
0.000000 -0.000000 -0.000000 0 128
0.000000 -0.000000 -0.000000 0 0
0.000000 -0.000000 -0.000000 0 0
0.000000 -0.000000 -0.000000 0 0
0.000000 -0.000000 -0.000000 0 128
0.000000 -0.000000 -0.000000 0 0
0.000000 -0.000000 -0.000000 0 0
0.000000 -0.000000 -0.000000 0 0
0.000000 -0.000000 -0.000000 0 128
0.000000 -0.000000 -0.000000 0 0
0.000000 -0.000000 -0.000000 0 0
0.000000 -0.000000 -0.000000 0 0
0.000000 -0.000000 -0.000000 0 0
0.000000 -0.000000 -0.000000 0 0
0.000000 -0.000000 -0.000000 0 0
0.000000 -0.000000 -0.000000 0 0
0.000000 -0.000000 -0.000000 0 0
0.000000 -0.000000 -0.000000 0 0
0.000000 -0.000000 -0.000000 0 0
0.000000 -0.000000 -0.000000 0 0
0.000000 -0.000000 -0.000000 0 0
0.000000 -0.000000 -0.000000 0 0
0.000000 -0.000000 -0.000000 0 0
0.000000 -0.000000 -0.000000 0 0
0.000000 -0.000000 -0.000000 0 128
0.000000 -0.000000 -0.000000 0 0
0.000000 -0.000000 -0.000000 0 0
0.000000 -0.000000 -0.000000 0 0
0.000000 -0.000000 -0.000000 0 128
0.000000 -0.000000 -0.000000 0 0
0.000000 -0.000000 -0.000000 0 0
0.000000 -0.000000 -0.000000 0 0
0.000000 -0.000000 -0.000000 0 128
0.000000 -0.000000 -0.000000 0 0
0.000000 -0.000000 -0.000000 0 0
0.000000 -0.000000 -0.000000 0 0
0.000000 -0.000000 -0.000000 0 128
0.000000 -0.000000 -0.000000 0 0
0.000000 -0.000000 -0.000000 0 0
0.000000 -0.000000 -0.000000 0 0
0.000000 -0.000000 -0.000000 0 128
0.000000 -0.000000 -0.000000 0 0
0.000000 -0.000000 -0.000000 0 0
0.000000 -0.000000 -0.000000 0 0
0.000000 -0.000000 -0.000000 0 0
0.000000 -0.000000 -0.000000 0 0
0.000000 -0.000000 -0.000000 0 0
0.000000 -0.000000 -0.000000 0 0
0.000000 -0.000000 -0.000000 0 0
0.000000 -0.000000 -0.000000 0 0
0.000000 -0.000000 -0.000000 0 0
0.000000 -0.000000 -0.000000 0 0
0.000000 -0.000000 -0.000000 0 0
0.000000 -0.000000 -0.000000 0 0
0.000000 -0.000000 -0.000000 0 0
0.000000 -0.000000 -0.000000 0 0
0.000000 -0.000000 -0.000000 0 0
0.000000 -0.000000 -0.000000 0 0
0.000000 -0.000000 -0.000000 0 0
0.000000 -0.000000 -0.000000 0 0
0.000000 -0.000000 -0.000000 0 0
0.000000 -0.000000 -0.000000 0 0
0.000000 -0.000000 -0.000000 0 0
0.000000 -0.000000 -0.000000 0 0
0.000000 -0.000000 -0.000000 0 128
0.000000 -0.000000 -0.000000 0 0
0.000000 -0.000000 -0.000000 0 0
0.000000 -0.000000 -0.000000 0 0
0.000000 -0.000000 -0.000000 0 0
0.000000 -0.000000 -0.000000 0 0
0.000000 -0.000000 -0.000000 0 0
0.000000 -0.000000 -0.000000 0 0
0.000000 -0.000000 -0.000000 0 0
0.000000 -0.000000 -0.000000 0 0
0.000000 -0.000000 -0.000000 0 0
0.000000 -0.000000 -0.000000 0 0
0.000000 -0.000000 -0.000000 0 128
0.000000 -0.000000 -0.000000 0 0
0.000000 -0.000000 -0.000000 0 0
0.000000 -0.000000 -0.000000 0 0
0.000000 -0.000000 -0.000000 0 128
0.000000 -0.000000 -0.000000 0 0
0.000000 -0.000000 -0.000000 0 0
0.000000 -0.000000 -0.000000 0 0
0.000000 -0.000000 -0.000000 0 192
0.000000 -0.000000 -0.000000 0 0
0.000000 -0.000000 -0.000000 0 0
0.000000 -0.000000 -0.000000 0 128
0.000000 -0.000000 -0.000000 0 128
0.000000 -0.000000 -0.000000 0 0
0.000000 -0.000000 -0.000000 0 0
0.000000 -0.000000 -0.000000 0 128
0.000000 -0.000000 -0.000000 0 128
0.000000 -0.000000 -0.000000 0 0
0.000000 -0.000000 -0.000000 0 0
0.000000 -0.000000 -0.000000 0 0
0.000000 -0.000000 -0.000000 0 128
0.000000 -0.000000 -0.000000 0 0
0.000000 -0.000000 -0.000000 0 0
0.000000 -0.000000 -0.000000 0 0
0.000000 -0.000000 -0.000000 0 128
0.000000 -0.000000 -0.000000 0 0
0.000000 -0.000000 -0.000000 0 0
0.000000 -0.000000 -0.000000 0 0
0.000000 -0.000000 -0.000000 0 128
0.000000 -0.000000 -0.000000 0 0
0.000000 -0.000000 -0.000000 0 0
0.000000 -0.000000 -0.000000 0 0
0.000000 -0.000000 -0.000000 0 0
0.000000 -0.000000 -0.000000 0 0
0.000000 -0.000000 -0.000000 0 0
0.000000 -0.000000 -0.000000 0 0
0.000000 -0.000000 -0.000000 0 0
0.000000 -0.000000 -0.000000 0 0
0.000000 -0.000000 -0.000000 0 0
0.000000 -0.000000 -0.000000 0 0
0.000000 -0.000000 -0.000000 0 0
0.000000 -0.000000 -0.000000 0 0
0.000000 -0.000000 -0.000000 0 0
0.000000 -0.000000 -0.000000 0 0
0.000000 -0.000000 -0.000000 0 128
0.000000 -0.000000 -0.000000 0 0
0.000000 -0.000000 -0.000000 0 0
0.000000 -0.000000 -0.000000 0 0
0.000000 -0.000000 -0.000000 0 128
0.000000 -0.000000 -0.000000 0 0
0.000000 -0.000000 -0.000000 0 0
0.000000 -0.000000 -0.000000 0 0
0.000000 -0.000000 -0.000000 0 128
0.000000 -0.000000 -0.000000 0 0
0.000000 -0.000000 -0.000000 0 0
0.000000 -0.000000 -0.000000 0 0
0.000000 -0.000000 -0.000000 0 128
0.000000 -0.000000 -0.000000 0 0
0.000000 -0.000000 -0.000000 0 0
0.000000 -0.000000 -0.000000 0 0
0.000000 -0.000000 -0.000000 0 128
0.000000 -0.000000 -0.000000 0 0
0.000000 -0.000000 -0.000000 0 0
0.000000 -0.000000 -0.000000 0 0
0.000000 -0.000000 -0.000000 0 0
0.000000 -0.000000 -0.000000 0 0
0.000000 -0.000000 -0.000000 0 0
0.000000 -0.000000 -0.000000 0 0
0.000000 -0.000000 -0.000000 0 0
0.000000 -0.000000 -0.000000 0 0
0.000000 -0.000000 -0.000000 0 0
0.000000 -0.000000 -0.000000 0 0
0.000000 -0.000000 -0.000000 0 0
0.000000 -0.000000 -0.000000 0 0
0.000000 -0.000000 -0.000000 0 0
0.000000 -0.000000 -0.000000 0 0
0.000000 -0.000000 -0.000000 0 0
0.000000 -0.000000 -0.000000 0 0
0.000000 -0.000000 -0.000000 0 0
0.000000 -0.000000 -0.000000 0 0
0.000000 -0.000000 -0.000000 0 0
0.000000 -0.000000 -0.000000 0 0
0.000000 -0.000000 -0.000000 0 0
0.000000 -0.000000 -0.000000 0 0
0.000000 -0.000000 -0.000000 0 128
0.000000 -0.000000 -0.000000 0 0
0.000000 -0.000000 -0.000000 0 0
0.000000 -0.000000 -0.000000 0 0
0.000000 -0.000000 -0.000000 0 0
0.000000 -0.000000 -0.000000 0 0
0.000000 -0.000000 -0.000000 0 0
0.000000 -0.000000 -0.000000 0 0
0.000000 -0.000000 -0.000000 0 0
0.000000 -0.000000 -0.000000 0 0
0.000000 -0.000000 -0.000000 0 0
0.000000 -0.000000 -0.000000 0 0
0.000000 -0.000000 -0.000000 0 0
0.000000 -0.000000 -0.000000 0 0
0.000000 -0.000000 -0.000000 0 0
0.000000 -0.000000 -0.000000 0 0
0.000000 -0.000000 -0.000000 0 128
0.000000 -0.000000 -0.000000 0 0
0.000000 -0.000000 -0.000000 0 0
0.000000 -0.000000 -0.000000 0 0
0.000000 -0.000000 -0.000000 0 0
0.000000 -0.000000 -0.000000 0 0
0.000000 -0.000000 -0.000000 0 0
0.000000 -0.000000 -0.000000 0 0
0.000000 -0.000000 -0.000000 0 128
0.000000 -0.000000 -0.000000 0 0
0.000000 -0.000000 -0.000000 0 0
0.000000 -0.000000 -0.000000 0 0
0.000000 -0.000000 -0.000000 0 0
0.000000 -0.000000 -0.000000 0 0
0.000000 -0.000000 -0.000000 0 0
0.000000 -0.000000 -0.000000 0 0
0.000000 -0.000000 -0.000000 0 128
0.000000 -0.000000 -0.000000 0 0
0.000000 -0.000000 -0.000000 0 0
0.000000 -0.000000 -0.000000 0 0
0.000000 -0.000000 -0.000000 0 128
0.000000 -0.000000 -0.000000 0 0
0.000000 -0.000000 -0.000000 0 0
0.000000 -0.000000 -0.000000 0 128
0.000000 -0.000000 -0.000000 0 128
0.000000 -0.000000 -0.000000 0 128
0.000000 -0.000000 -0.000000 0 128
0.000000 -0.000000 -0.000000 0 128
0.000000 -0.000000 -0.000000 0 128
0.000000 -0.000000 -0.000000 0 128
0.000000 -0.000000 -0.000000 0 128
0.000000 -0.000000 -0.000000 0 128
0.000000 -0.000000 -0.000000 0 128
0.000000 -0.000000 -0.000000 0 128
0.000000 -0.000000 -0.000000 0 128
0.000000 -0.000000 -0.000000 0 128
0.000000 -0.000000 -0.000000 0 128
0.000000 -0.000000 -0.000000 0 128
0.000000 -0.000000 -0.000000 0 0
0.000000 -0.000000 -0.000000 0 0
0.000000 -0.000000 -0.000000 0 128
0.000000 -0.000000 -0.000000 0 128
0.000000 -0.000000 -0.000000 0 0
0.000000 -0.000000 -0.000000 0 0
0.000000 -0.000000 -0.000000 0 128
0.000000 -0.000000 -0.000000 0 128
0.000000 -0.000000 -0.000000 0 128
0.000000 -0.000000 -0.000000 0 0
0.000000 -0.000000 -0.000000 0 128
0.000000 -0.000000 -0.000000 0 128
0.000000 -0.000000 -0.000000 0 128
0.000000 -0.000000 -0.000000 0 0
0.000000 -0.000000 -0.000000 0 128
0.000000 -0.000000 -0.000000 0 128
0.000000 -0.000000 -0.000000 0 128
0.000000 -0.000000 -0.000000 0 128
0.000000 -0.000000 -0.000000 0 128
0.000000 -0.000000 -0.000000 0 128
0.000000 -0.000000 -0.000000 0 128
0.000000 -0.000000 -0.000000 0 128
0.000000 -0.000000 -0.000000 0 128
0.000000 -0.000000 -0.000000 0 128
0.000000 -0.000000 -0.000000 0 128
0.000000 -0.000000 -0.000000 0 128
0.000000 -0.000000 -0.000000 0 128
0.000000 -0.000000 -0.000000 0 128
0.000000 -0.000000 -0.000000 0 128
0.000000 -0.000000 -0.000000 0 128
0.000000 -0.000000 -0.000000 0 128
0.000000 -0.000000 -0.000000 0 128
0.000000 -0.000000 -0.000000 0 128
0.000000 -0.000000 -0.000000 0 0
0.000000 -0.000000 -0.000000 0 128
0.000000 -0.000000 -0.000000 0 128
0.000000 -0.000000 -0.000000 0 128
0.000000 -0.000000 -0.000000 0 0
0.000000 -0.000000 -0.000000 0 192
0.000000 -0.000000 -0.000000 0 128
0.000000 -0.000000 -0.000000 0 192
0.000000 -0.000000 -0.000000 0 192
0.000000 -0.000000 -0.000000 0 128
0.000000 -0.000000 -0.000000 0 128
0.000000 -0.000000 -0.000000 0 128
0.000000 -0.000000 -0.000000 0 128
0.000000 -0.000000 -0.000000 0 128
0.000000 -0.000000 -0.000000 0 128
0.000000 -0.000000 -0.000000 0 128
2.817000 -5.055000 -0.498000 2 64
1.879000 -3.634000 -0.244000 0 0
0.000000 -0.000000 -0.000000 0 0
0.000000 -0.000000 -0.000000 0 0
0.000000 -0.000000 -0.000000 0 0
0.000000 -0.000000 -0.000000 0 0
0.000000 -0.000000 -0.000000 0 0
0.000000 -0.000000 -0.000000 0 0
0.000000 -0.000000 -0.000000 0 0
0.000000 -0.000000 -0.000000 0 128
0.000000 -0.000000 -0.000000 0 0
0.000000 -0.000000 -0.000000 0 0
0.000000 -0.000000 -0.000000 0 0
0.000000 -0.000000 -0.000000 0 0
0.000000 -0.000000 -0.000000 0 0
0.000000 -0.000000 -0.000000 0 0
0.000000 -0.000000 -0.000000 0 0
0.000000 -0.000000 -0.000000 0 128
0.000000 -0.000000 -0.000000 0 0
0.000000 -0.000000 -0.000000 0 0
0.000000 -0.000000 -0.000000 0 0
0.000000 -0.000000 -0.000000 0 0
0.000000 -0.000000 -0.000000 0 0
0.000000 -0.000000 -0.000000 0 0
0.000000 -0.000000 -0.000000 0 0
0.000000 -0.000000 -0.000000 0 128
0.000000 -0.000000 -0.000000 0 0
0.000000 -0.000000 -0.000000 0 0
0.000000 -0.000000 -0.000000 0 0
0.000000 -0.000000 -0.000000 0 128
0.000000 -0.000000 -0.000000 0 0
0.000000 -0.000000 -0.000000 0 0
0.000000 -0.000000 -0.000000 0 128
0.000000 -0.000000 -0.000000 0 128
0.000000 -0.000000 -0.000000 0 128
0.000000 -0.000000 -0.000000 0 128
0.000000 -0.000000 -0.000000 0 128
0.000000 -0.000000 -0.000000 0 128
0.000000 -0.000000 -0.000000 0 128
0.000000 -0.000000 -0.000000 0 128
0.000000 -0.000000 -0.000000 0 128
0.000000 -0.000000 -0.000000 0 128
0.000000 -0.000000 -0.000000 0 128
0.000000 -0.000000 -0.000000 0 128
0.000000 -0.000000 -0.000000 0 128
0.000000 -0.000000 -0.000000 0 128
0.000000 -0.000000 -0.000000 0 128
0.000000 -0.000000 -0.000000 0 0
0.000000 -0.000000 -0.000000 0 0
0.000000 -0.000000 -0.000000 0 128
0.000000 -0.000000 -0.000000 0 128
0.000000 -0.000000 -0.000000 0 0
0.000000 -0.000000 -0.000000 0 0
0.000000 -0.000000 -0.000000 0 128
0.000000 -0.000000 -0.000000 0 128
0.000000 -0.000000 -0.000000 0 128
0.000000 -0.000000 -0.000000 0 0
0.000000 -0.000000 -0.000000 0 128
0.000000 -0.000000 -0.000000 0 128
0.000000 -0.000000 -0.000000 0 128
0.000000 -0.000000 -0.000000 0 0
0.000000 -0.000000 -0.000000 0 128
0.000000 -0.000000 -0.000000 0 128
0.000000 -0.000000 -0.000000 0 128
0.000000 -0.000000 -0.000000 0 128
0.000000 -0.000000 -0.000000 0 128
0.000000 -0.000000 -0.000000 0 128
0.000000 -0.000000 -0.000000 0 128
0.000000 -0.000000 -0.000000 0 128
0.000000 -0.000000 -0.000000 0 128
0.000000 -0.000000 -0.000000 0 128
0.000000 -0.000000 -0.000000 0 128
0.000000 -0.000000 -0.000000 0 128
0.000000 -0.000000 -0.000000 0 128
0.000000 -0.000000 -0.000000 0 128
0.000000 -0.000000 -0.000000 0 128
0.000000 -0.000000 -0.000000 0 128
0.000000 -0.000000 -0.000000 0 128
0.000000 -0.000000 -0.000000 0 128
0.000000 -0.000000 -0.000000 0 128
0.000000 -0.000000 -0.000000 0 0
0.000000 -0.000000 -0.000000 0 128
0.000000 -0.000000 -0.000000 0 128
0.000000 -0.000000 -0.000000 0 128
0.000000 -0.000000 -0.000000 0 0
0.000000 -0.000000 -0.000000 0 192
0.000000 -0.000000 -0.000000 0 128
0.000000 -0.000000 -0.000000 0 192
0.000000 -0.000000 -0.000000 0 192
0.000000 -0.000000 -0.000000 0 128
0.000000 -0.000000 -0.000000 0 128
0.000000 -0.000000 -0.000000 0 128
0.000000 -0.000000 -0.000000 0 128
0.000000 -0.000000 -0.000000 0 128
0.000000 -0.000000 -0.000000 0 128
0.000000 -0.000000 -0.000000 0 128
2.817000 -5.055000 -0.498000 2 64
1.879000 -3.634000 -0.244000 0 0
0.000000 -0.000000 -0.000000 0 128
2.862000 -5.037000 -0.648000 47 0
1.890000 -3.585000 -0.351000 1 0
2.491000 -5.117000 -0.345000 36 0
2.903000 -5.023000 -0.799000 33 0
2.730000 -5.071000 -0.646000 46 0
1.919000 -3.855000 -0.375000 1 0
0.000000 -0.000000 -0.000000 0 0
1.640000 -2.989000 -0.469000 7 0
1.873000 -3.679000 -0.464000 1 0
2.415000 -5.150000 -0.499000 35 0
1.115000 -2.600000 -0.177000 1 0
1.585000 -3.050000 -0.472000 7 0
1.827000 -3.801000 -0.474000 6 0
1.147000 -2.605000 -0.251000 5 0
1.062000 -2.648000 -0.181000 4 0
1.530000 -3.113000 -0.476000 7 0
0.000000 -0.000000 -0.000000 0 0
1.084000 -2.625000 -0.252000 8 0
1.115000 -2.985000 -0.205000 18 2
0.000000 -0.000000 -0.000000 0 0
1.111000 -2.610000 -0.320000 1 0
0.000000 -0.000000 -0.000000 0 0
1.146000 -3.306000 -0.229000 13 0
0.000000 -0.000000 -0.000000 0 0
0.000000 -0.000000 -0.000000 0 0
1.123000 -3.125000 -0.299000 1 0
1.030000 -3.219000 -0.224000 6 0
1.080000 -2.631000 -0.388000 3 0
1.112000 -2.987000 -0.361000 11 0
1.056000 -3.172000 -0.303000 16 0
1.571000 -5.345000 -0.377000 37 0
1.133000 -2.947000 -0.430000 29 0
1.070000 -3.090000 -0.371000 14 0
0.997000 -3.244000 -0.310000 10 0
1.440000 -5.368000 -0.381000 40 0
1.088000 -3.032000 -0.438000 29 0
1.054000 -3.286000 -0.392000 8 0
1.505000 -5.343000 -0.511000 66 0
1.314000 -5.405000 -0.388000 49 0
1.062000 -3.184000 -0.455000 17 0
1.212000 -4.103000 -0.487000 1 0
1.381000 -5.380000 -0.515000 69 0
1.183000 -5.430000 -0.394000 55 0
0.000000 -0.000000 -0.000000 0 0
1.449000 -5.353000 -0.632000 59 0
1.253000 -5.404000 -0.518000 63 0
1.051000 -5.438000 -0.399000 26 0
0.000000 -0.000000 -0.000000 0 0
1.041000 -4.228000 -0.497000 0 4
1.126000 -5.430000 -0.522000 67 0
1.706000 -10.125000 -0.752000 41 0
0.950000 -3.656000 -0.509000 6 0
0.950000 -4.281000 -0.501000 0 4
1.845000 -10.067000 -0.971000 13 0
0.000000 -0.000000 -0.000000 0 0
0.845000 -3.587000 -0.495000 27 0
1.078000 -5.446000 -0.636000 13 0
1.610000 -10.116000 -0.979000 17 0
0.000000 -0.000000 -0.000000 0 0
0.778000 -3.673000 -0.503000 48 0
1.758000 -10.102000 -1.178000 82 0
0.000000 -0.000000 -0.000000 0 0
0.000000 -0.000000 -0.000000 0 192
0.697000 -3.702000 -0.503000 33 0
0.000000 -0.000000 -0.000000 0 0
0.000000 -0.000000 -0.000000 0 192
0.000000 -0.000000 -0.000000 0 128
0.614000 -3.725000 -0.503000 14 0
0.000000 -0.000000 -0.000000 0 0
0.000000 -0.000000 -0.000000 0 128
0.000000 -0.000000 -0.000000 0 192
0.000000 -0.000000 -0.000000 0 0
0.000000 -0.000000 -0.000000 0 192
0.000000 -0.000000 -0.000000 0 192
0.000000 -0.000000 -0.000000 0 128
0.000000 -0.000000 -0.000000 0 192
0.000000 -0.000000 -0.000000 0 192
0.000000 -0.000000 -0.000000 0 128
0.000000 -0.000000 -0.000000 0 192
0.000000 -0.000000 -0.000000 0 192
0.000000 -0.000000 -0.000000 0 192
0.000000 -0.000000 -0.000000 0 192
0.000000 -0.000000 -0.000000 0 128
0.000000 -0.000000 -0.000000 0 192
0.000000 -0.000000 -0.000000 0 192
0.000000 -0.000000 -0.000000 0 128
0.000000 -0.000000 -0.000000 0 128
0.000000 -0.000000 -0.000000 0 192
0.000000 -0.000000 -0.000000 0 192
0.000000 -0.000000 -0.000000 0 192
0.000000 -0.000000 -0.000000 0 128
0.000000 -0.000000 -0.000000 0 192
0.000000 -0.000000 -0.000000 0 192
0.000000 -0.000000 -0.000000 0 128
0.000000 -0.000000 -0.000000 0 0
0.000000 -0.000000 -0.000000 0 128
2.862000 -5.037000 -0.648000 47 0
1.890000 -3.585000 -0.351000 1 0
2.491000 -5.117000 -0.345000 36 0
2.903000 -5.023000 -0.799000 33 0
2.730000 -5.071000 -0.646000 46 0
1.919000 -3.855000 -0.375000 1 0
0.000000 -0.000000 -0.000000 0 0
1.640000 -2.989000 -0.469000 7 0
1.873000 -3.679000 -0.464000 1 0
2.415000 -5.150000 -0.499000 35 0
1.115000 -2.600000 -0.177000 1 0
1.585000 -3.050000 -0.472000 7 0
1.827000 -3.801000 -0.474000 6 0
1.147000 -2.605000 -0.251000 5 0
1.062000 -2.648000 -0.181000 4 0
1.530000 -3.113000 -0.476000 7 0
0.000000 -0.000000 -0.000000 0 0
1.084000 -2.625000 -0.252000 8 0
1.115000 -2.985000 -0.205000 18 2
0.000000 -0.000000 -0.000000 0 0
1.111000 -2.610000 -0.320000 1 0
0.000000 -0.000000 -0.000000 0 0
1.146000 -3.306000 -0.229000 13 0
0.000000 -0.000000 -0.000000 0 0
0.000000 -0.000000 -0.000000 0 0
1.123000 -3.125000 -0.299000 1 0
1.030000 -3.219000 -0.224000 6 0
1.080000 -2.631000 -0.388000 3 0
1.112000 -2.987000 -0.361000 11 0
1.056000 -3.172000 -0.303000 16 0
1.571000 -5.345000 -0.377000 37 0
1.133000 -2.947000 -0.430000 29 0
1.070000 -3.090000 -0.371000 14 0
0.997000 -3.244000 -0.310000 10 0
1.440000 -5.368000 -0.381000 40 0
1.088000 -3.032000 -0.438000 29 0
1.054000 -3.286000 -0.392000 8 0
1.505000 -5.343000 -0.511000 66 0
1.314000 -5.405000 -0.388000 49 0
1.062000 -3.184000 -0.455000 17 0
1.212000 -4.103000 -0.487000 1 0
1.381000 -5.380000 -0.515000 69 0
1.183000 -5.430000 -0.394000 55 0
0.000000 -0.000000 -0.000000 0 0
1.449000 -5.353000 -0.632000 59 0
1.253000 -5.404000 -0.518000 63 0
1.051000 -5.438000 -0.399000 26 0
0.000000 -0.000000 -0.000000 0 0
1.041000 -4.228000 -0.497000 0 4
1.126000 -5.430000 -0.522000 67 0
1.706000 -10.125000 -0.752000 41 0
0.950000 -3.656000 -0.509000 6 0
0.950000 -4.281000 -0.501000 0 4
1.845000 -10.067000 -0.971000 13 0
0.000000 -0.000000 -0.000000 0 0
0.845000 -3.587000 -0.495000 27 0
1.078000 -5.446000 -0.636000 13 0
1.610000 -10.116000 -0.979000 17 0
0.000000 -0.000000 -0.000000 0 0
0.778000 -3.673000 -0.503000 48 0
1.758000 -10.102000 -1.178000 82 0
0.000000 -0.000000 -0.000000 0 0
0.000000 -0.000000 -0.000000 0 192
0.697000 -3.702000 -0.503000 33 0
0.000000 -0.000000 -0.000000 0 0
0.000000 -0.000000 -0.000000 0 192
0.000000 -0.000000 -0.000000 0 128
0.614000 -3.725000 -0.503000 14 0
0.000000 -0.000000 -0.000000 0 0
0.000000 -0.000000 -0.000000 0 128
0.000000 -0.000000 -0.000000 0 192
0.000000 -0.000000 -0.000000 0 0
0.000000 -0.000000 -0.000000 0 192
0.000000 -0.000000 -0.000000 0 192
0.000000 -0.000000 -0.000000 0 128
0.000000 -0.000000 -0.000000 0 192
0.000000 -0.000000 -0.000000 0 192
0.000000 -0.000000 -0.000000 0 128
0.000000 -0.000000 -0.000000 0 192
0.000000 -0.000000 -0.000000 0 192
0.000000 -0.000000 -0.000000 0 192
0.000000 -0.000000 -0.000000 0 192
0.000000 -0.000000 -0.000000 0 128
0.000000 -0.000000 -0.000000 0 192
0.000000 -0.000000 -0.000000 0 192
0.000000 -0.000000 -0.000000 0 128
0.000000 -0.000000 -0.000000 0 128
0.000000 -0.000000 -0.000000 0 192
0.000000 -0.000000 -0.000000 0 192
0.000000 -0.000000 -0.000000 0 192
0.000000 -0.000000 -0.000000 0 128
0.000000 -0.000000 -0.000000 0 192
0.000000 -0.000000 -0.000000 0 192
0.000000 -0.000000 -0.000000 0 128
0.000000 -0.000000 -0.000000 0 0
0.000000 -0.000000 -0.000000 0 192
0.000000 -0.000000 -0.000000 0 192
0.000000 -0.000000 -0.000000 0 0
-0.218000 -1.875000 -0.167000 1 0
0.000000 -0.000000 -0.000000 0 192
0.000000 -0.000000 -0.000000 0 128
-0.195000 -1.982000 -0.207000 0 0
-0.247000 -1.763000 -0.160000 1 0
0.000000 -0.000000 -0.000000 0 128
0.000000 -0.000000 -0.000000 0 0
-0.226000 -1.854000 -0.195000 1 0
-0.273000 -1.661000 -0.154000 1 0
0.000000 -0.000000 -0.000000 0 0
-0.204000 -1.944000 -0.229000 1 0
-0.254000 -1.746000 -0.186000 1 0
-0.296000 -1.573000 -0.148000 1 0
0.000000 -0.000000 -0.000000 0 0
-0.233000 -1.820000 -0.215000 1 0
-0.277000 -1.636000 -0.176000 1 0
-0.451000 -2.124000 -0.204000 9 0
0.000000 -0.000000 -0.000000 0 0
-0.260000 -1.713000 -0.203000 1 0
-0.301000 -1.557000 -0.170000 1 0
-0.488000 -2.061000 -0.202000 58 0
-0.241000 -1.791000 -0.231000 1 0
-0.285000 -1.624000 -0.194000 1 0
-0.460000 -2.111000 -0.233000 56 0
-0.511000 -1.955000 -0.196000 67 0
-0.267000 -1.684000 -0.217000 1 0
-0.303000 -1.520000 -0.182000 1 0
-0.491000 -2.027000 -0.226000 57 0
-0.533000 -1.860000 -0.191000 70 0
-0.288000 -1.581000 -0.204000 1 0
-0.471000 -2.104000 -0.254000 46 0
-0.515000 -1.927000 -0.218000 65 0
-0.555000 -1.778000 -0.186000 67 0
-0.310000 -1.505000 -0.194000 2 0
-0.496000 -2.000000 -0.243000 60 0
-0.536000 -1.836000 -0.211000 64 0
-0.572000 -1.695000 -0.181000 67 0
-0.477000 -2.069000 -0.268000 55 0
-0.520000 -1.904000 -0.233000 61 0
-0.554000 -1.748000 -0.204000 64 0
-0.589000 -1.619000 -0.177000 70 0
-0.502000 -1.969000 -0.255000 59 0
-0.541000 -1.814000 -0.224000 66 0
-0.560000 -1.632000 -0.193000 93 0
-0.591000 -1.514000 -0.170000 87 0
-0.525000 -1.875000 -0.244000 58 0
-0.561000 -1.736000 -0.216000 65 0
-0.474000 -1.285000 -0.154000 0 0
-0.625000 -1.499000 -0.172000 11 0
-0.546000 -1.790000 -0.233000 57 0
-0.458000 -1.310000 -0.165000 3 0
-0.488000 -1.234000 -0.151000 3 0
-0.631000 -1.420000 -0.167000 54 1
-0.543000 -1.643000 -0.215000 101 0
-0.475000 -1.266000 -0.161000 0 0
-0.519000 -1.228000 -0.153000 0 0
-0.648000 -1.372000 -0.165000 9 0
-0.463000 -1.298000 -0.170000 0 0
-0.495000 -1.230000 -0.158000 2 0
-0.522000 -1.160000 -0.147000 2 1
-0.666000 -1.329000 -0.164000 15 0
-0.479000 -1.250000 -0.165000 3 0
-0.504000 -1.173000 -0.152000 0 0
-0.652000 -1.363000 -0.176000 8 0
-0.679000 -1.281000 -0.163000 14 0
-0.504000 -1.229000 -0.163000 0 0
-0.518000 -1.132000 -0.149000 0 0
-0.664000 -1.310000 -0.172000 14 0
-0.688000 -1.230000 -0.160000 14 0
0.000000 -0.000000 -0.000000 0 0
-0.657000 -1.352000 -0.180000 14 0
-0.678000 -1.263000 -0.169000 13 0
-0.699000 -1.184000 -0.158000 17 0
-0.519000 -1.115000 -0.150000 0 0
-0.670000 -1.301000 -0.176000 13 0
-0.690000 -1.218000 -0.166000 16 0
-0.708000 -1.139000 -0.157000 17 0
-0.658000 -1.331000 -0.180000 14 0
-0.683000 -1.254000 -0.172000 16 0
-0.701000 -1.174000 -0.164000 16 0
-0.719000 -1.099000 -0.155000 17 0
-0.673000 -1.284000 -0.175000 14 0
-0.695000 -1.207000 -0.168000 16 0
-0.715000 -1.135000 -0.162000 16 0
-0.724000 -1.054000 -0.153000 16 64
-0.685000 -1.236000 -0.170000 14 0
-0.705000 -1.161000 -0.164000 16 0
-0.723000 -1.093000 -0.159000 16 0
-0.732000 -1.015000 -0.152000 16 64
-0.697000 -1.190000 -0.166000 17 0
-0.717000 -1.121000 -0.161000 16 0
-0.729000 -1.048000 -0.156000 16 0
-0.740000 -0.978000 -0.151000 17 64
0.000000 -0.000000 -0.000000 0 192
0.000000 -0.000000 -0.000000 0 192
0.000000 -0.000000 -0.000000 0 0
-0.218000 -1.875000 -0.167000 1 0
0.000000 -0.000000 -0.000000 0 192
0.000000 -0.000000 -0.000000 0 128
-0.195000 -1.982000 -0.207000 0 0
-0.247000 -1.763000 -0.160000 1 0
0.000000 -0.000000 -0.000000 0 128
0.000000 -0.000000 -0.000000 0 0
-0.226000 -1.854000 -0.195000 1 0
-0.273000 -1.661000 -0.154000 1 0
0.000000 -0.000000 -0.000000 0 0
-0.204000 -1.944000 -0.229000 1 0
-0.254000 -1.746000 -0.186000 1 0
-0.296000 -1.573000 -0.148000 1 0
0.000000 -0.000000 -0.000000 0 0
-0.233000 -1.820000 -0.215000 1 0
-0.277000 -1.636000 -0.176000 1 0
-0.451000 -2.124000 -0.204000 9 0
0.000000 -0.000000 -0.000000 0 0
-0.260000 -1.713000 -0.203000 1 0
-0.301000 -1.557000 -0.170000 1 0
-0.488000 -2.061000 -0.202000 58 0
-0.241000 -1.791000 -0.231000 1 0
-0.285000 -1.624000 -0.194000 1 0
-0.460000 -2.111000 -0.233000 56 0
-0.511000 -1.955000 -0.196000 67 0
-0.267000 -1.684000 -0.217000 1 0
-0.303000 -1.520000 -0.182000 1 0
-0.491000 -2.027000 -0.226000 57 0
-0.533000 -1.860000 -0.191000 70 0
-0.288000 -1.581000 -0.204000 1 0
-0.471000 -2.104000 -0.254000 46 0
-0.515000 -1.927000 -0.218000 65 0
-0.555000 -1.778000 -0.186000 67 0
-0.310000 -1.505000 -0.194000 2 0
-0.496000 -2.000000 -0.243000 60 0
-0.536000 -1.836000 -0.211000 64 0
-0.572000 -1.695000 -0.181000 67 0
-0.477000 -2.069000 -0.268000 55 0
-0.520000 -1.904000 -0.233000 61 0
-0.554000 -1.748000 -0.204000 64 0
-0.589000 -1.619000 -0.177000 70 0
-0.502000 -1.969000 -0.255000 59 0
-0.541000 -1.814000 -0.224000 66 0
-0.560000 -1.632000 -0.193000 93 0
-0.591000 -1.514000 -0.170000 87 0
-0.525000 -1.875000 -0.244000 58 0
-0.561000 -1.736000 -0.216000 65 0
-0.474000 -1.285000 -0.154000 0 0
-0.625000 -1.499000 -0.172000 11 0
-0.546000 -1.790000 -0.233000 57 0
-0.458000 -1.310000 -0.165000 3 0
-0.488000 -1.234000 -0.151000 3 0
-0.631000 -1.420000 -0.167000 54 1
-0.543000 -1.643000 -0.215000 101 0
-0.475000 -1.266000 -0.161000 0 0
-0.519000 -1.228000 -0.153000 0 0
-0.648000 -1.372000 -0.165000 9 0
-0.463000 -1.298000 -0.170000 0 0
-0.495000 -1.230000 -0.158000 2 0
-0.522000 -1.160000 -0.147000 2 1
-0.666000 -1.329000 -0.164000 15 0
-0.479000 -1.250000 -0.165000 3 0
-0.504000 -1.173000 -0.152000 0 0
-0.652000 -1.363000 -0.176000 8 0
-0.679000 -1.281000 -0.163000 14 0
-0.504000 -1.229000 -0.163000 0 0
-0.518000 -1.132000 -0.149000 0 0
-0.664000 -1.310000 -0.172000 14 0
-0.688000 -1.230000 -0.160000 14 0
0.000000 -0.000000 -0.000000 0 0
-0.657000 -1.352000 -0.180000 14 0
-0.678000 -1.263000 -0.169000 13 0
-0.699000 -1.184000 -0.158000 17 0
-0.519000 -1.115000 -0.150000 0 0
-0.670000 -1.301000 -0.176000 13 0
-0.690000 -1.218000 -0.166000 16 0
-0.708000 -1.139000 -0.157000 17 0
-0.658000 -1.331000 -0.180000 14 0
-0.683000 -1.254000 -0.172000 16 0
-0.701000 -1.174000 -0.164000 16 0
-0.719000 -1.099000 -0.155000 17 0
-0.673000 -1.284000 -0.175000 14 0
-0.695000 -1.207000 -0.168000 16 0
-0.715000 -1.135000 -0.162000 16 0
-0.724000 -1.054000 -0.153000 16 64
-0.685000 -1.236000 -0.170000 14 0
-0.705000 -1.161000 -0.164000 16 0
-0.723000 -1.093000 -0.159000 16 0
-0.732000 -1.015000 -0.152000 16 64
-0.697000 -1.190000 -0.166000 17 0
-0.717000 -1.121000 -0.161000 16 0
-0.729000 -1.048000 -0.156000 16 0
-0.740000 -0.978000 -0.151000 17 64
-0.707000 -1.144000 -0.161000 17 0
-0.726000 -1.080000 -0.158000 16 0
-0.733000 -1.004000 -0.153000 15 0
-0.752000 -0.949000 -0.151000 17 0
-0.714000 -1.098000 -0.156000 16 64
-0.729000 -1.031000 -0.153000 15 0
-0.741000 -0.967000 -0.152000 15 0
-0.758000 -0.912000 -0.150000 17 0
-0.724000 -1.058000 -0.152000 17 64
-0.738000 -0.994000 -0.151000 15 0
-0.753000 -0.937000 -0.150000 15 0
-0.769000 -0.884000 -0.150000 17 0
-0.730000 -1.014000 -0.148000 16 64
-0.748000 -0.959000 -0.148000 15 0
-0.762000 -0.905000 -0.149000 15 0
-0.775000 -0.851000 -0.149000 24 0
-0.740000 -0.978000 -0.145000 17 64
-0.759000 -0.928000 -0.146000 15 0
-0.766000 -0.868000 -0.147000 15 0
-0.788000 -0.826000 -0.149000 24 0
-0.748000 -0.942000 -0.141000 17 64
-0.766000 -0.893000 -0.144000 15 0
-0.775000 -0.839000 -0.146000 15 0
-0.798000 -0.800000 -0.150000 24 0
-0.760000 -0.912000 -0.139000 25 0
-0.773000 -0.860000 -0.142000 15 0
-0.786000 -0.813000 -0.146000 15 0
-0.805000 -0.772000 -0.150000 19 64
-0.768000 -0.879000 -0.136000 17 64
-0.783000 -0.832000 -0.140000 15 0
-0.791000 -0.781000 -0.144000 15 0
-0.811000 -0.743000 -0.149000 20 64
-0.778000 -0.848000 -0.134000 25 0
-0.793000 -0.803000 -0.139000 15 0
-0.804000 -0.758000 -0.144000 15 0
-0.821000 -0.718000 -0.150000 24 0
-0.784000 -0.815000 -0.131000 25 0
-0.798000 -0.772000 -0.137000 15 0
-0.808000 -0.727000 -0.143000 15 0
-0.824000 -0.689000 -0.149000 24 0
-0.794000 -0.787000 -0.129000 25 0
-0.808000 -0.745000 -0.136000 15 0
-0.817000 -0.702000 -0.143000 15 0
-0.831000 -0.664000 -0.149000 23 0
-0.802000 -0.759000 -0.127000 25 0
-0.819000 -0.721000 -0.135000 15 0
-0.824000 -0.676000 -0.142000 15 0
-0.837000 -0.637000 -0.149000 23 0
-0.812000 -0.732000 -0.125000 24 0
-0.824000 -0.692000 -0.134000 15 0
-0.834000 -0.653000 -0.142000 15 0
-0.846000 -0.615000 -0.150000 23 0
-0.819000 -0.704000 -0.124000 20 0
-0.831000 -0.666000 -0.132000 15 0
-0.838000 -0.626000 -0.141000 14 0
-0.853000 -0.591000 -0.150000 22 0
-0.827000 -0.677000 -0.122000 24 0
-0.837000 -0.639000 -0.131000 14 0
-0.845000 -0.601000 -0.141000 14 0
-0.856000 -0.566000 -0.150000 22 0
-0.836000 -0.651000 -0.121000 24 0
-0.844000 -0.613000 -0.130000 14 0
-0.834000 -0.565000 -0.138000 15 0
-0.859000 -0.540000 -0.150000 21 0
-0.841000 -0.624000 -0.119000 18 64
-0.852000 -0.589000 -0.130000 14 0
-0.844000 -0.544000 -0.138000 16 0
-0.863000 -0.516000 -0.150000 21 0
-0.850000 -0.599000 -0.118000 19 64
-0.858000 -0.564000 -0.129000 14 0
-0.853000 -0.523000 -0.139000 15 0
-0.864000 -0.491000 -0.150000 21 0
-0.855000 -0.573000 -0.116000 18 64
-0.859000 -0.537000 -0.128000 14 0
-0.857000 -0.499000 -0.138000 15 0
-0.719000 -0.387000 -0.125000 16 2
-0.848000 -0.539000 -0.113000 17 64
-0.860000 -0.509000 -0.126000 14 0
-0.861000 -0.475000 -0.138000 15 0
-0.874000 -0.446000 -0.151000 20 0
-0.856000 -0.516000 -0.112000 17 64
-0.871000 -0.489000 -0.126000 14 0
-0.840000 -0.438000 -0.134000 13 0
-0.874000 -0.422000 -0.151000 19 0
-0.864000 -0.493000 -0.111000 17 64
-0.615000 -0.326000 -0.088000 8 2
-0.876000 -0.432000 -0.139000 15 0
-0.883000 -0.402000 -0.152000 20 0
-0.730000 -0.394000 -0.093000 16 2
-0.875000 -0.438000 -0.124000 12 0
-0.878000 -0.408000 -0.139000 15 0
-0.893000 -0.383000 -0.154000 20 0
-0.872000 -0.444000 -0.109000 17 64
-0.879000 -0.415000 -0.124000 15 0
-0.883000 -0.387000 -0.139000 15 0
-0.882000 -0.355000 -0.152000 11 0
-0.707000 -1.144000 -0.161000 17 0
-0.726000 -1.080000 -0.158000 16 0
-0.733000 -1.004000 -0.153000 15 0
-0.752000 -0.949000 -0.151000 17 0
-0.714000 -1.098000 -0.156000 16 64
-0.729000 -1.031000 -0.153000 15 0
-0.741000 -0.967000 -0.152000 15 0
-0.758000 -0.912000 -0.150000 17 0
-0.724000 -1.058000 -0.152000 17 64
-0.738000 -0.994000 -0.151000 15 0
-0.753000 -0.937000 -0.150000 15 0
-0.769000 -0.884000 -0.150000 17 0
-0.730000 -1.014000 -0.148000 16 64
-0.748000 -0.959000 -0.148000 15 0
-0.762000 -0.905000 -0.149000 15 0
-0.775000 -0.851000 -0.149000 24 0
-0.740000 -0.978000 -0.145000 17 64
-0.759000 -0.928000 -0.146000 15 0
-0.766000 -0.868000 -0.147000 15 0
-0.788000 -0.826000 -0.149000 24 0
-0.748000 -0.942000 -0.141000 17 64
-0.766000 -0.893000 -0.144000 15 0
-0.775000 -0.839000 -0.146000 15 0
-0.798000 -0.800000 -0.150000 24 0
-0.760000 -0.912000 -0.139000 25 0
-0.773000 -0.860000 -0.142000 15 0
-0.786000 -0.813000 -0.146000 15 0
-0.805000 -0.772000 -0.150000 19 64
-0.768000 -0.879000 -0.136000 17 64
-0.783000 -0.832000 -0.140000 15 0
-0.791000 -0.781000 -0.144000 15 0
-0.811000 -0.743000 -0.149000 20 64
-0.778000 -0.848000 -0.134000 25 0
-0.793000 -0.803000 -0.139000 15 0
-0.804000 -0.758000 -0.144000 15 0
-0.821000 -0.718000 -0.150000 24 0
-0.784000 -0.815000 -0.131000 25 0
-0.798000 -0.772000 -0.137000 15 0
-0.808000 -0.727000 -0.143000 15 0
-0.824000 -0.689000 -0.149000 24 0
-0.794000 -0.787000 -0.129000 25 0
-0.808000 -0.745000 -0.136000 15 0
-0.817000 -0.702000 -0.143000 15 0
-0.831000 -0.664000 -0.149000 23 0
-0.802000 -0.759000 -0.127000 25 0
-0.819000 -0.721000 -0.135000 15 0
-0.824000 -0.676000 -0.142000 15 0
-0.837000 -0.637000 -0.149000 23 0
-0.812000 -0.732000 -0.125000 24 0
-0.824000 -0.692000 -0.134000 15 0
-0.834000 -0.653000 -0.142000 15 0
-0.846000 -0.615000 -0.150000 23 0
-0.819000 -0.704000 -0.124000 20 0
-0.831000 -0.666000 -0.132000 15 0
-0.838000 -0.626000 -0.141000 14 0
-0.853000 -0.591000 -0.150000 22 0
-0.827000 -0.677000 -0.122000 24 0
-0.837000 -0.639000 -0.131000 14 0
-0.845000 -0.601000 -0.141000 14 0
-0.856000 -0.566000 -0.150000 22 0
-0.836000 -0.651000 -0.121000 24 0
-0.844000 -0.613000 -0.130000 14 0
-0.834000 -0.565000 -0.138000 15 0
-0.859000 -0.540000 -0.150000 21 0
-0.841000 -0.624000 -0.119000 18 64
-0.852000 -0.589000 -0.130000 14 0
-0.844000 -0.544000 -0.138000 16 0
-0.863000 -0.516000 -0.150000 21 0
-0.850000 -0.599000 -0.118000 19 64
-0.858000 -0.564000 -0.129000 14 0
-0.853000 -0.523000 -0.139000 15 0
-0.864000 -0.491000 -0.150000 21 0
-0.855000 -0.573000 -0.116000 18 64
-0.859000 -0.537000 -0.128000 14 0
-0.857000 -0.499000 -0.138000 15 0
-0.719000 -0.387000 -0.125000 16 2
-0.848000 -0.539000 -0.113000 17 64
-0.860000 -0.509000 -0.126000 14 0
-0.861000 -0.475000 -0.138000 15 0
-0.874000 -0.446000 -0.151000 20 0
-0.856000 -0.516000 -0.112000 17 64
-0.871000 -0.489000 -0.126000 14 0
-0.840000 -0.438000 -0.134000 13 0
-0.874000 -0.422000 -0.151000 19 0
-0.864000 -0.493000 -0.111000 17 64
-0.615000 -0.326000 -0.088000 8 2
-0.876000 -0.432000 -0.139000 15 0
-0.883000 -0.402000 -0.152000 20 0
-0.730000 -0.394000 -0.093000 16 2
-0.875000 -0.438000 -0.124000 12 0
-0.878000 -0.408000 -0.139000 15 0
-0.893000 -0.383000 -0.154000 20 0
-0.872000 -0.444000 -0.109000 17 64
-0.879000 -0.415000 -0.124000 15 0
-0.883000 -0.387000 -0.139000 15 0
-0.882000 -0.355000 -0.152000 11 0
-0.880000 -0.422000 -0.109000 17 64
-0.886000 -0.393000 -0.124000 14 0
-0.887000 -0.364000 -0.139000 15 0
0.000000 -0.000000 -0.000000 0 0
-0.884000 -0.398000 -0.108000 17 64
-0.891000 -0.371000 -0.124000 12 0
0.000000 -0.000000 -0.000000 0 0
0.000000 -0.000000 -0.000000 0 0
-0.886000 -0.373000 -0.107000 17 64
-0.591000 -0.230000 -0.081000 0 2
0.000000 -0.000000 -0.000000 0 0
0.000000 -0.000000 -0.000000 0 0
0.000000 -0.000000 -0.000000 0 0
-0.594000 -0.215000 -0.081000 0 0
0.000000 -0.000000 -0.000000 0 0
-0.916000 -0.277000 -0.159000 19 0
0.000000 -0.000000 -0.000000 0 64
0.000000 -0.000000 -0.000000 0 0
-0.911000 -0.280000 -0.141000 15 0
-0.909000 -0.253000 -0.158000 19 0
0.000000 -0.000000 -0.000000 0 0
-0.913000 -0.283000 -0.124000 14 0
-0.917000 -0.259000 -0.142000 15 0
-0.911000 -0.232000 -0.158000 19 0
-0.905000 -0.282000 -0.105000 16 0
-0.915000 -0.260000 -0.124000 14 0
-0.922000 -0.238000 -0.143000 15 0
-0.924000 -0.214000 -0.161000 19 0
-0.912000 -0.260000 -0.105000 17 0
-0.921000 -0.239000 -0.124000 14 0
-0.927000 -0.217000 -0.144000 15 0
-0.929000 -0.193000 -0.162000 19 0
-0.914000 -0.238000 -0.104000 16 0
-0.926000 -0.217000 -0.124000 14 0
-0.932000 -0.196000 -0.145000 15 0
-0.924000 -0.171000 -0.162000 19 0
-0.924000 -0.216000 -0.104000 17 0
-0.936000 -0.196000 -0.125000 14 0
-0.933000 -0.174000 -0.145000 15 0
-0.941000 -0.153000 -0.166000 19 0
-0.929000 -0.194000 -0.104000 17 0
-0.935000 -0.173000 -0.125000 14 0
-0.940000 -0.153000 -0.146000 15 0
-0.947000 -0.132000 -0.167000 19 0
-0.933000 -0.171000 -0.104000 17 0
-0.939000 -0.151000 -0.125000 14 0
-0.945000 -0.132000 -0.147000 15 0
-0.949000 -0.112000 -0.168000 19 0
-0.940000 -0.149000 -0.105000 17 0
-0.947000 -0.130000 -0.126000 14 0
-0.948000 -0.111000 -0.148000 15 0
-0.954000 -0.091000 -0.170000 19 0
-0.950000 -0.127000 -0.105000 17 64
-0.951000 -0.108000 -0.127000 14 0
-0.952000 -0.089000 -0.149000 15 0
-0.962000 -0.070000 -0.173000 19 0
-0.953000 -0.104000 -0.105000 17 64
-0.959000 -0.086000 -0.128000 14 0
-0.958000 -0.068000 -0.151000 15 0
-0.966000 -0.049000 -0.174000 20 0
-0.957000 -0.081000 -0.106000 17 64
-0.960000 -0.063000 -0.128000 14 0
-0.961000 -0.046000 -0.152000 15 0
-0.969000 -0.028000 -0.176000 20 0
-0.966000 -0.059000 -0.106000 17 64
-0.969000 -0.041000 -0.130000 14 0
-0.974000 -0.025000 -0.154000 15 0
-0.974000 -0.007000 -0.178000 20 0
-0.972000 -0.035000 -0.107000 16 64
-0.974000 -0.019000 -0.131000 14 0
-0.977000 -0.003000 -0.156000 15 0
-0.979000 0.013000 -0.180000 20 0
-0.971000 -0.012000 -0.107000 16 64
-0.979000 0.003000 -0.132000 14 0
-0.977000 0.018000 -0.156000 15 0
-0.992000 0.036000 -0.183000 21 0
-0.981000 0.011000 -0.108000 16 64
-0.980000 0.026000 -0.133000 14 0
-0.987000 0.041000 -0.159000 15 0
-0.999000 0.058000 -0.186000 21 0
-0.988000 0.035000 -0.109000 17 64
-0.996000 0.050000 -0.135000 16 0
-0.990000 0.064000 -0.160000 16 0
-0.997000 0.080000 -0.187000 21 0
-0.994000 0.059000 -0.110000 17 64
-1.000000 0.074000 -0.137000 16 0
-0.992000 0.086000 -0.162000 15 0
-1.007000 0.103000 -0.191000 22 0
-0.997000 0.084000 -0.111000 17 64
-1.009000 0.098000 -0.139000 16 0
-0.994000 0.110000 -0.163000 16 0
-1.016000 0.126000 -0.194000 22 0
-0.995000 0.108000 -0.111000 17 64
-1.018000 0.124000 -0.141000 17 0
-1.000000 0.133000 -0.165000 16 0
-1.019000 0.149000 -0.196000 22 0
-0.880000 -0.422000 -0.109000 17 64
-0.886000 -0.393000 -0.124000 14 0
-0.887000 -0.364000 -0.139000 15 0
0.000000 -0.000000 -0.000000 0 0
-0.884000 -0.398000 -0.108000 17 64
-0.891000 -0.371000 -0.124000 12 0
0.000000 -0.000000 -0.000000 0 0
0.000000 -0.000000 -0.000000 0 0
-0.886000 -0.373000 -0.107000 17 64
-0.591000 -0.230000 -0.081000 0 2
0.000000 -0.000000 -0.000000 0 0
0.000000 -0.000000 -0.000000 0 0
0.000000 -0.000000 -0.000000 0 0
-0.594000 -0.215000 -0.081000 0 0
0.000000 -0.000000 -0.000000 0 0
-0.916000 -0.277000 -0.159000 19 0
0.000000 -0.000000 -0.000000 0 64
0.000000 -0.000000 -0.000000 0 0
-0.911000 -0.280000 -0.141000 15 0
-0.909000 -0.253000 -0.158000 19 0
0.000000 -0.000000 -0.000000 0 0
-0.913000 -0.283000 -0.124000 14 0
-0.917000 -0.259000 -0.142000 15 0
-0.911000 -0.232000 -0.158000 19 0
-0.905000 -0.282000 -0.105000 16 0
-0.915000 -0.260000 -0.124000 14 0
-0.922000 -0.238000 -0.143000 15 0
-0.924000 -0.214000 -0.161000 19 0
-0.912000 -0.260000 -0.105000 17 0
-0.921000 -0.239000 -0.124000 14 0
-0.927000 -0.217000 -0.144000 15 0
-0.929000 -0.193000 -0.162000 19 0
-0.914000 -0.238000 -0.104000 16 0
-0.926000 -0.217000 -0.124000 14 0
-0.932000 -0.196000 -0.145000 15 0
-0.924000 -0.171000 -0.162000 19 0
-0.924000 -0.216000 -0.104000 17 0
-0.936000 -0.196000 -0.125000 14 0
-0.933000 -0.174000 -0.145000 15 0
-0.941000 -0.153000 -0.166000 19 0
-0.929000 -0.194000 -0.104000 17 0
-0.935000 -0.173000 -0.125000 14 0
-0.940000 -0.153000 -0.146000 15 0
-0.947000 -0.132000 -0.167000 19 0
-0.933000 -0.171000 -0.104000 17 0
-0.939000 -0.151000 -0.125000 14 0
-0.945000 -0.132000 -0.147000 15 0
-0.949000 -0.112000 -0.168000 19 0
-0.940000 -0.149000 -0.105000 17 0
-0.947000 -0.130000 -0.126000 14 0
-0.948000 -0.111000 -0.148000 15 0
-0.954000 -0.091000 -0.170000 19 0
-0.950000 -0.127000 -0.105000 17 64
-0.951000 -0.108000 -0.127000 14 0
-0.952000 -0.089000 -0.149000 15 0
-0.962000 -0.070000 -0.173000 19 0
-0.953000 -0.104000 -0.105000 17 64
-0.959000 -0.086000 -0.128000 14 0
-0.958000 -0.068000 -0.151000 15 0
-0.966000 -0.049000 -0.174000 20 0
-0.957000 -0.081000 -0.106000 17 64
-0.960000 -0.063000 -0.128000 14 0
-0.961000 -0.046000 -0.152000 15 0
-0.969000 -0.028000 -0.176000 20 0
-0.966000 -0.059000 -0.106000 17 64
-0.969000 -0.041000 -0.130000 14 0
-0.974000 -0.025000 -0.154000 15 0
-0.974000 -0.007000 -0.178000 20 0
-0.972000 -0.035000 -0.107000 16 64
-0.974000 -0.019000 -0.131000 14 0
-0.977000 -0.003000 -0.156000 15 0
-0.979000 0.013000 -0.180000 20 0
-0.971000 -0.012000 -0.107000 16 64
-0.979000 0.003000 -0.132000 14 0
-0.977000 0.018000 -0.156000 15 0
-0.992000 0.036000 -0.183000 21 0
-0.981000 0.011000 -0.108000 16 64
-0.980000 0.026000 -0.133000 14 0
-0.987000 0.041000 -0.159000 15 0
-0.999000 0.058000 -0.186000 21 0
-0.988000 0.035000 -0.109000 17 64
-0.996000 0.050000 -0.135000 16 0
-0.990000 0.064000 -0.160000 16 0
-0.997000 0.080000 -0.187000 21 0
-0.994000 0.059000 -0.110000 17 64
-1.000000 0.074000 -0.137000 16 0
-0.992000 0.086000 -0.162000 15 0
-1.007000 0.103000 -0.191000 22 0
-0.997000 0.084000 -0.111000 17 64
-1.009000 0.098000 -0.139000 16 0
-0.994000 0.110000 -0.163000 16 0
-1.016000 0.126000 -0.194000 22 0
-0.995000 0.108000 -0.111000 17 64
-1.018000 0.124000 -0.141000 17 0
-1.000000 0.133000 -0.165000 16 0
-1.019000 0.149000 -0.196000 22 0
-1.014000 0.135000 -0.114000 19 64
-1.025000 0.149000 -0.143000 17 0
-1.003000 0.157000 -0.167000 16 0
-1.023000 0.173000 -0.198000 22 0
-1.015000 0.160000 -0.114000 18 64
-1.021000 0.173000 -0.143000 17 0
-1.020000 0.183000 -0.171000 11 0
-1.007000 0.193000 -0.197000 2 0
-0.998000 0.182000 -0.113000 4 64
-1.010000 0.195000 -0.143000 2 0
-1.005000 0.204000 -0.170000 2 0
-1.011000 0.217000 -0.200000 2 0
-0.998000 0.208000 -0.114000 1 64
-1.024000 0.223000 -0.146000 2 0
-1.006000 0.228000 -0.172000 2 0
-1.049000 0.249000 -0.209000 2 0
-1.016000 0.237000 -0.117000 1 64
-1.107000 0.269000 -0.159000 2 0
-1.109000 0.278000 -0.192000 2 2
-1.108000 0.289000 -0.223000 1 64
-1.086000 0.281000 -0.126000 1 64
-1.117000 0.299000 -0.162000 2 0
-1.114000 0.306000 -0.194000 2 0
-1.115000 0.317000 -0.227000 3 0
-1.096000 0.313000 -0.128000 1 64
-1.129000 0.331000 -0.165000 3 0
-1.120000 0.336000 -0.198000 2 0
-1.121000 0.345000 -0.231000 2 0
-1.098000 0.342000 -0.130000 0 64
-1.129000 0.360000 -0.167000 2 0
-1.128000 0.366000 -0.201000 1 0
-1.127000 0.374000 -0.235000 2 0
-1.091000 0.369000 -0.130000 0 64
-1.136000 0.391000 -0.170000 2 0
-1.135000 0.397000 -0.205000 2 0
-1.131000 0.403000 -0.239000 2 0
-1.108000 0.405000 -0.134000 0 64
-1.145000 0.425000 -0.174000 2 0
-1.142000 0.429000 -0.209000 2 0
-1.137000 0.434000 -0.243000 3 0
-1.118000 0.440000 -0.137000 0 64
-1.144000 0.456000 -0.176000 2 0
-1.148000 0.461000 -0.212000 2 0
-1.149000 0.467000 -0.248000 2 0
-1.126000 0.475000 -0.140000 0 64
-1.153000 0.491000 -0.180000 2 0
-1.155000 0.494000 -0.217000 2 0
-1.153000 0.498000 -0.252000 2 0
-1.131000 0.510000 -0.143000 0 64
-1.162000 0.527000 -0.184000 2 0
-1.160000 0.528000 -0.220000 2 0
-1.160000 0.532000 -0.258000 2 0
-1.134000 0.544000 -0.145000 0 64
-1.168000 0.563000 -0.187000 1 0
-1.175000 0.567000 -0.226000 2 0
-1.170000 0.568000 -0.263000 2 0
0.000000 -0.000000 -0.000000 0 0
-1.174000 0.600000 -0.191000 2 0
-1.179000 0.602000 -0.231000 2 0
-1.177000 0.603000 -0.269000 2 0
-1.165000 0.631000 -0.154000 0 64
-1.187000 0.643000 -0.197000 1 0
-1.187000 0.640000 -0.236000 1 0
-1.187000 0.641000 -0.275000 2 0
0.000000 -0.000000 -0.000000 0 0
-1.192000 0.681000 -0.201000 2 0
-1.199000 0.682000 -0.242000 1 0
-1.197000 0.681000 -0.281000 2 0
-1.191000 0.722000 -0.163000 0 64
-1.208000 0.729000 -0.207000 1 0
-1.206000 0.723000 -0.247000 1 0
-1.207000 0.722000 -0.289000 1 0
0.000000 -0.000000 -0.000000 0 0
-1.218000 0.774000 -0.213000 2 0
-1.216000 0.767000 -0.254000 1 0
-1.209000 0.759000 -0.294000 10 0
-1.216000 0.820000 -0.174000 0 64
-1.226000 0.820000 -0.218000 8 0
-1.228000 0.814000 -0.261000 1 0
-1.228000 0.809000 -0.303000 1 0
-1.234000 0.876000 -0.180000 9 0
-1.245000 0.876000 -0.226000 2 0
-1.231000 0.857000 -0.267000 8 0
-1.230000 0.850000 -0.309000 8 0
-1.240000 0.926000 -0.185000 0 64
-1.245000 0.920000 -0.231000 8 0
-1.252000 0.915000 -0.276000 1 0
-1.246000 0.901000 -0.319000 1 0
-1.245000 0.978000 -0.191000 11 0
-1.262000 0.979000 -0.239000 2 0
-1.249000 0.956000 -0.281000 8 0
-1.246000 0.944000 -0.325000 8 0
-1.202000 0.992000 -0.188000 2 64
-1.213000 0.987000 -0.235000 10 0
-1.236000 0.991000 -0.284000 2 0
-1.235000 0.979000 -0.328000 8 0
-1.014000 0.135000 -0.114000 19 64
-1.025000 0.149000 -0.143000 17 0
-1.003000 0.157000 -0.167000 16 0
-1.023000 0.173000 -0.198000 22 0
-1.015000 0.160000 -0.114000 18 64
-1.021000 0.173000 -0.143000 17 0
-1.020000 0.183000 -0.171000 11 0
-1.007000 0.193000 -0.197000 2 0
-0.998000 0.182000 -0.113000 4 64
-1.010000 0.195000 -0.143000 2 0
-1.005000 0.204000 -0.170000 2 0
-1.011000 0.217000 -0.200000 2 0
-0.998000 0.208000 -0.114000 1 64
-1.024000 0.223000 -0.146000 2 0
-1.006000 0.228000 -0.172000 2 0
-1.049000 0.249000 -0.209000 2 0
-1.016000 0.237000 -0.117000 1 64
-1.107000 0.269000 -0.159000 2 0
-1.109000 0.278000 -0.192000 2 2
-1.108000 0.289000 -0.223000 1 64
-1.086000 0.281000 -0.126000 1 64
-1.117000 0.299000 -0.162000 2 0
-1.114000 0.306000 -0.194000 2 0
-1.115000 0.317000 -0.227000 3 0
-1.096000 0.313000 -0.128000 1 64
-1.129000 0.331000 -0.165000 3 0
-1.120000 0.336000 -0.198000 2 0
-1.121000 0.345000 -0.231000 2 0
-1.098000 0.342000 -0.130000 0 64
-1.129000 0.360000 -0.167000 2 0
-1.128000 0.366000 -0.201000 1 0
-1.127000 0.374000 -0.235000 2 0
-1.091000 0.369000 -0.130000 0 64
-1.136000 0.391000 -0.170000 2 0
-1.135000 0.397000 -0.205000 2 0
-1.131000 0.403000 -0.239000 2 0
-1.108000 0.405000 -0.134000 0 64
-1.145000 0.425000 -0.174000 2 0
-1.142000 0.429000 -0.209000 2 0
-1.137000 0.434000 -0.243000 3 0
-1.118000 0.440000 -0.137000 0 64
-1.144000 0.456000 -0.176000 2 0
-1.148000 0.461000 -0.212000 2 0
-1.149000 0.467000 -0.248000 2 0
-1.126000 0.475000 -0.140000 0 64
-1.153000 0.491000 -0.180000 2 0
-1.155000 0.494000 -0.217000 2 0
-1.153000 0.498000 -0.252000 2 0
-1.131000 0.510000 -0.143000 0 64
-1.162000 0.527000 -0.184000 2 0
-1.160000 0.528000 -0.220000 2 0
-1.160000 0.532000 -0.258000 2 0
-1.134000 0.544000 -0.145000 0 64
-1.168000 0.563000 -0.187000 1 0
-1.175000 0.567000 -0.226000 2 0
-1.170000 0.568000 -0.263000 2 0
0.000000 -0.000000 -0.000000 0 0
-1.174000 0.600000 -0.191000 2 0
-1.179000 0.602000 -0.231000 2 0
-1.177000 0.603000 -0.269000 2 0
-1.165000 0.631000 -0.154000 0 64
-1.187000 0.643000 -0.197000 1 0
-1.187000 0.640000 -0.236000 1 0
-1.187000 0.641000 -0.275000 2 0
0.000000 -0.000000 -0.000000 0 0
-1.192000 0.681000 -0.201000 2 0
-1.199000 0.682000 -0.242000 1 0
-1.197000 0.681000 -0.281000 2 0
-1.191000 0.722000 -0.163000 0 64
-1.208000 0.729000 -0.207000 1 0
-1.206000 0.723000 -0.247000 1 0
-1.207000 0.722000 -0.289000 1 0
0.000000 -0.000000 -0.000000 0 0
-1.218000 0.774000 -0.213000 2 0
-1.216000 0.767000 -0.254000 1 0
-1.209000 0.759000 -0.294000 10 0
-1.216000 0.820000 -0.174000 0 64
-1.226000 0.820000 -0.218000 8 0
-1.228000 0.814000 -0.261000 1 0
-1.228000 0.809000 -0.303000 1 0
-1.234000 0.876000 -0.180000 9 0
-1.245000 0.876000 -0.226000 2 0
-1.231000 0.857000 -0.267000 8 0
-1.230000 0.850000 -0.309000 8 0
-1.240000 0.926000 -0.185000 0 64
-1.245000 0.920000 -0.231000 8 0
-1.252000 0.915000 -0.276000 1 0
-1.246000 0.901000 -0.319000 1 0
-1.245000 0.978000 -0.191000 11 0
-1.262000 0.979000 -0.239000 2 0
-1.249000 0.956000 -0.281000 8 0
-1.246000 0.944000 -0.325000 8 0
-1.202000 0.992000 -0.188000 2 64
-1.213000 0.987000 -0.235000 10 0
-1.236000 0.991000 -0.284000 2 0
-1.235000 0.979000 -0.328000 8 0
-1.191000 1.032000 -0.192000 6 0
-1.195000 1.020000 -0.237000 1 0
-1.188000 0.998000 -0.279000 10 0
-1.197000 0.992000 -0.324000 11 0
-1.233000 1.122000 -0.204000 14 0
-1.223000 1.094000 -0.249000 54 0
-1.223000 1.075000 -0.294000 3 0
-1.198000 1.038000 -0.331000 0 0
-1.247000 1.191000 -0.212000 60 0
-1.238000 1.161000 -0.258000 12 0
-1.226000 1.128000 -0.301000 58 0
-1.219000 1.104000 -0.344000 54 0
-1.264000 1.267000 -0.221000 52 0
-1.257000 1.235000 -0.269000 49 0
-1.246000 1.200000 -0.314000 51 0
-1.234000 1.168000 -0.356000 54 0
-1.288000 1.354000 -0.233000 48 0
-1.273000 1.311000 -0.281000 51 0
-1.260000 1.269000 -0.325000 52 0
-1.255000 1.241000 -0.371000 51 0
-1.305000 1.441000 -0.243000 48 0
-1.293000 1.395000 -0.293000 50 0
-1.281000 1.350000 -0.339000 54 0
-1.271000 1.313000 -0.384000 46 0
-1.325000 1.536000 -0.256000 50 0
-1.313000 1.484000 -0.307000 52 0
-1.301000 1.434000 -0.354000 49 0
-1.284000 1.386000 -0.398000 48 0
-1.350000 1.643000 -0.270000 10 0
-1.335000 1.583000 -0.322000 52 0
-1.324000 1.528000 -0.370000 45 0
-1.308000 1.475000 -0.416000 52 0
-1.888000 2.414000 -0.392000 31 0
-1.936000 2.407000 -0.482000 28 0
-1.339000 1.618000 -0.386000 14 0
-1.329000 1.566000 -0.434000 46 0
-1.808000 2.430000 -0.390000 36 0
-1.857000 2.422000 -0.478000 29 0
-1.902000 2.407000 -0.565000 77 0
-1.341000 1.653000 -0.450000 3 0
-1.733000 2.449000 -0.388000 35 0
-1.779000 2.436000 -0.475000 30 0
-1.827000 2.424000 -0.560000 76 0
-1.872000 2.415000 -0.647000 89 0
-1.655000 2.464000 -0.387000 43 0
-1.709000 2.458000 -0.473000 31 0
-1.757000 2.444000 -0.557000 76 0
-1.799000 2.429000 -0.640000 83 0
-1.584000 2.484000 -0.387000 40 0
-1.636000 2.475000 -0.471000 28 0
-1.682000 2.454000 -0.552000 79 0
-1.733000 2.451000 -0.636000 81 0
-1.514000 2.504000 -0.386000 44 0
-1.563000 2.488000 -0.468000 31 0
-1.618000 2.480000 -0.550000 82 0
-1.661000 2.462000 -0.630000 82 0
-1.440000 2.517000 -0.386000 41 0
-1.494000 2.505000 -0.467000 30 0
-1.547000 2.492000 -0.546000 75 0
-1.593000 2.478000 -0.625000 84 0
-1.375000 2.541000 -0.387000 41 0
-1.426000 2.524000 -0.466000 31 0
-1.479000 2.507000 -0.543000 80 0
-1.530000 2.498000 -0.622000 88 0
-1.302000 2.552000 -0.387000 41 0
-1.357000 2.538000 -0.465000 32 0
-1.415000 2.529000 -0.542000 76 0
-1.465000 2.515000 -0.618000 91 0
-1.228000 2.556000 -0.386000 44 0
-1.294000 2.562000 -0.465000 35 0
-1.346000 2.539000 -0.538000 77 0
-1.398000 2.526000 -0.613000 80 0
-1.165000 2.581000 -0.388000 41 0
-1.224000 2.570000 -0.463000 32 0
-1.276000 2.545000 -0.534000 89 0
-1.339000 2.551000 -0.612000 81 0
-1.099000 2.600000 -0.390000 38 0
-1.154000 2.575000 -0.461000 39 0
-1.217000 2.570000 -0.534000 100 0
-1.271000 2.557000 -0.606000 75 0
-1.033000 2.614000 -0.391000 39 0
-1.092000 2.596000 -0.463000 40 0
-1.153000 2.585000 -0.533000 88 0
-1.208000 2.572000 -0.603000 82 0
-0.975000 2.648000 -0.395000 103 0
-1.028000 2.612000 -0.463000 35 0
-1.087000 2.595000 -0.530000 88 0
-1.143000 2.580000 -0.598000 97 0
-1.749000 5.127000 -0.765000 47 0
-0.970000 2.643000 -0.466000 50 0
-1.024000 2.609000 -0.529000 89 0
-1.084000 2.602000 -0.598000 98 0
-1.622000 5.155000 -0.769000 22 0
-1.094000 3.208000 -0.564000 10 0
-0.994000 2.711000 -0.546000 160 0
-1.022000 2.614000 -0.595000 96 0
-1.191000 1.032000 -0.192000 6 0
-1.195000 1.020000 -0.237000 1 0
-1.188000 0.998000 -0.279000 10 0
-1.197000 0.992000 -0.324000 11 0
-1.233000 1.122000 -0.204000 14 0
-1.223000 1.094000 -0.249000 54 0
-1.223000 1.075000 -0.294000 3 0
-1.198000 1.038000 -0.331000 0 0
-1.247000 1.191000 -0.212000 60 0
-1.238000 1.161000 -0.258000 12 0
-1.226000 1.128000 -0.301000 58 0
-1.219000 1.104000 -0.344000 54 0
-1.264000 1.267000 -0.221000 52 0
-1.257000 1.235000 -0.269000 49 0
-1.246000 1.200000 -0.314000 51 0
-1.234000 1.168000 -0.356000 54 0
-1.288000 1.354000 -0.233000 48 0
-1.273000 1.311000 -0.281000 51 0
-1.260000 1.269000 -0.325000 52 0
-1.255000 1.241000 -0.371000 51 0
-1.305000 1.441000 -0.243000 48 0
-1.293000 1.395000 -0.293000 50 0
-1.281000 1.350000 -0.339000 54 0
-1.271000 1.313000 -0.384000 46 0
-1.325000 1.536000 -0.256000 50 0
-1.313000 1.484000 -0.307000 52 0
-1.301000 1.434000 -0.354000 49 0
-1.284000 1.386000 -0.398000 48 0
-1.350000 1.643000 -0.270000 10 0
-1.335000 1.583000 -0.322000 52 0
-1.324000 1.528000 -0.370000 45 0
-1.308000 1.475000 -0.416000 52 0
-1.888000 2.414000 -0.392000 31 0
-1.936000 2.407000 -0.482000 28 0
-1.339000 1.618000 -0.386000 14 0
-1.329000 1.566000 -0.434000 46 0
-1.808000 2.430000 -0.390000 36 0
-1.857000 2.422000 -0.478000 29 0
-1.902000 2.407000 -0.565000 77 0
-1.341000 1.653000 -0.450000 3 0
-1.733000 2.449000 -0.388000 35 0
-1.779000 2.436000 -0.475000 30 0
-1.827000 2.424000 -0.560000 76 0
-1.872000 2.415000 -0.647000 89 0
-1.655000 2.464000 -0.387000 43 0
-1.709000 2.458000 -0.473000 31 0
-1.757000 2.444000 -0.557000 76 0
-1.799000 2.429000 -0.640000 83 0
-1.584000 2.484000 -0.387000 40 0
-1.636000 2.475000 -0.471000 28 0
-1.682000 2.454000 -0.552000 79 0
-1.733000 2.451000 -0.636000 81 0
-1.514000 2.504000 -0.386000 44 0
-1.563000 2.488000 -0.468000 31 0
-1.618000 2.480000 -0.550000 82 0
-1.661000 2.462000 -0.630000 82 0
-1.440000 2.517000 -0.386000 41 0
-1.494000 2.505000 -0.467000 30 0
-1.547000 2.492000 -0.546000 75 0
-1.593000 2.478000 -0.625000 84 0
-1.375000 2.541000 -0.387000 41 0
-1.426000 2.524000 -0.466000 31 0
-1.479000 2.507000 -0.543000 80 0
-1.530000 2.498000 -0.622000 88 0
-1.302000 2.552000 -0.387000 41 0
-1.357000 2.538000 -0.465000 32 0
-1.415000 2.529000 -0.542000 76 0
-1.465000 2.515000 -0.618000 91 0
-1.228000 2.556000 -0.386000 44 0
-1.294000 2.562000 -0.465000 35 0
-1.346000 2.539000 -0.538000 77 0
-1.398000 2.526000 -0.613000 80 0
-1.165000 2.581000 -0.388000 41 0
-1.224000 2.570000 -0.463000 32 0
-1.276000 2.545000 -0.534000 89 0
-1.339000 2.551000 -0.612000 81 0
-1.099000 2.600000 -0.390000 38 0
-1.154000 2.575000 -0.461000 39 0
-1.217000 2.570000 -0.534000 100 0
-1.271000 2.557000 -0.606000 75 0
-1.033000 2.614000 -0.391000 39 0
-1.092000 2.596000 -0.463000 40 0
-1.153000 2.585000 -0.533000 88 0
-1.208000 2.572000 -0.603000 82 0
-0.975000 2.648000 -0.395000 103 0
-1.028000 2.612000 -0.463000 35 0
-1.087000 2.595000 -0.530000 88 0
-1.143000 2.580000 -0.598000 97 0
-1.749000 5.127000 -0.765000 47 0
-0.970000 2.643000 -0.466000 50 0
-1.024000 2.609000 -0.529000 89 0
-1.084000 2.602000 -0.598000 98 0
-1.622000 5.155000 -0.769000 22 0
-1.094000 3.208000 -0.564000 10 0
-0.994000 2.711000 -0.546000 160 0
-1.022000 2.614000 -0.595000 96 0
-1.506000 5.216000 -0.778000 68 0
-1.329000 4.218000 -0.739000 26 0
-1.095000 3.209000 -0.642000 9 0
-0.989000 2.707000 -0.610000 165 0
-1.145000 4.348000 -0.650000 1 0
-1.277000 4.408000 -0.770000 7 0
-1.323000 4.185000 -0.833000 17 0
-1.095000 3.216000 -0.719000 10 0
-1.264000 5.304000 -0.794000 50 0
-1.146000 4.325000 -0.754000 18 0
-1.231000 4.226000 -0.836000 7 0
-1.382000 4.372000 -0.969000 0 4
-1.133000 5.311000 -0.797000 49 0
-1.277000 5.313000 -0.924000 95 0
-1.149000 4.307000 -0.848000 17 0
-1.520000 5.210000 -1.147000 22 0
-0.832000 4.411000 -0.664000 119 0
-1.148000 5.318000 -0.924000 19 0
-1.109000 4.569000 -0.895000 13 0
-1.411000 5.269000 -1.151000 84 0
-0.728000 4.430000 -0.669000 87 0
-0.843000 4.396000 -0.764000 91 0
-1.164000 5.321000 -1.039000 46 0
-1.291000 5.293000 -1.149000 89 0
-0.626000 4.469000 -0.678000 92 0
-0.744000 4.432000 -0.770000 87 0
-0.855000 4.385000 -0.853000 83 0
-1.171000 5.312000 -1.146000 64 0
-0.523000 4.505000 -0.687000 89 0
-0.643000 4.461000 -0.776000 88 0
-0.759000 4.426000 -0.859000 91 0
-0.866000 4.391000 -0.941000 77 0
-0.419000 4.542000 -0.696000 50 0
-0.543000 4.492000 -0.781000 82 0
-0.660000 4.455000 -0.862000 88 0
-0.769000 4.419000 -0.942000 82 0
0.000000 -0.000000 -0.000000 0 0
-0.440000 4.525000 -0.789000 61 0
-0.561000 4.487000 -0.866000 86 0
-0.672000 4.443000 -0.942000 88 0
0.000000 -0.000000 -0.000000 0 192
0.000000 -0.000000 -0.000000 0 0
-0.461000 4.517000 -0.871000 74 0
-0.576000 4.484000 -0.946000 85 0
0.000000 -0.000000 -0.000000 0 192
0.000000 -0.000000 -0.000000 0 192
-0.269000 3.402000 -0.655000 4 0
-0.476000 4.507000 -0.947000 85 0
0.000000 -0.000000 -0.000000 0 192
0.000000 -0.000000 -0.000000 0 192
0.000000 -0.000000 -0.000000 0 0
-0.284000 3.426000 -0.717000 6 0
0.000000 -0.000000 -0.000000 0 192
0.000000 -0.000000 -0.000000 0 192
0.000000 -0.000000 -0.000000 0 192
0.000000 -0.000000 -0.000000 0 0
0.000000 -0.000000 -0.000000 0 192
0.000000 -0.000000 -0.000000 0 192
0.000000 -0.000000 -0.000000 0 192
0.000000 -0.000000 -0.000000 0 192
0.000000 -0.000000 -0.000000 0 192
0.000000 -0.000000 -0.000000 0 192
0.000000 -0.000000 -0.000000 0 192
0.000000 -0.000000 -0.000000 0 192
0.000000 -0.000000 -0.000000 0 192
0.000000 -0.000000 -0.000000 0 192
0.000000 -0.000000 -0.000000 0 192
0.000000 -0.000000 -0.000000 0 192
0.190000 1.601000 -0.264000 22 0
0.000000 -0.000000 -0.000000 0 192
0.000000 -0.000000 -0.000000 0 192
0.000000 -0.000000 -0.000000 0 192
0.220000 1.541000 -0.257000 14 0
0.180000 1.631000 -0.295000 14 0
0.000000 -0.000000 -0.000000 0 192
0.000000 -0.000000 -0.000000 0 192
0.258000 1.550000 -0.262000 13 0
0.206000 1.539000 -0.281000 31 0
0.172000 1.663000 -0.323000 0 64
0.000000 -0.000000 -0.000000 0 192
0.298000 1.565000 -0.267000 14 0
0.244000 1.552000 -0.285000 11 0
0.199000 1.572000 -0.306000 22 0
0.000000 -0.000000 -0.000000 0 128
0.338000 1.574000 -0.272000 12 0
0.283000 1.559000 -0.289000 11 0
0.231000 1.545000 -0.302000 11 0
0.192000 1.598000 -0.330000 19 0
0.375000 1.570000 -0.275000 54 0
0.321000 1.564000 -0.292000 12 0
0.270000 1.558000 -0.306000 11 0
0.221000 1.539000 -0.317000 53 0
0.417000 1.585000 -0.282000 15 0
0.361000 1.577000 -0.297000 58 0
0.308000 1.567000 -0.309000 12 0
0.259000 1.558000 -0.322000 13 0
-1.506000 5.216000 -0.778000 68 0
-1.329000 4.218000 -0.739000 26 0
-1.095000 3.209000 -0.642000 9 0
-0.989000 2.707000 -0.610000 165 0
-1.145000 4.348000 -0.650000 1 0
-1.277000 4.408000 -0.770000 7 0
-1.323000 4.185000 -0.833000 17 0
-1.095000 3.216000 -0.719000 10 0
-1.264000 5.304000 -0.794000 50 0
-1.146000 4.325000 -0.754000 18 0
-1.231000 4.226000 -0.836000 7 0
-1.382000 4.372000 -0.969000 0 4
-1.133000 5.311000 -0.797000 49 0
-1.277000 5.313000 -0.924000 95 0
-1.149000 4.307000 -0.848000 17 0
-1.520000 5.210000 -1.147000 22 0
-0.832000 4.411000 -0.664000 119 0
-1.148000 5.318000 -0.924000 19 0
-1.109000 4.569000 -0.895000 13 0
-1.411000 5.269000 -1.151000 84 0
-0.728000 4.430000 -0.669000 87 0
-0.843000 4.396000 -0.764000 91 0
-1.164000 5.321000 -1.039000 46 0
-1.291000 5.293000 -1.149000 89 0
-0.626000 4.469000 -0.678000 92 0
-0.744000 4.432000 -0.770000 87 0
-0.855000 4.385000 -0.853000 83 0
-1.171000 5.312000 -1.146000 64 0
-0.523000 4.505000 -0.687000 89 0
-0.643000 4.461000 -0.776000 88 0
-0.759000 4.426000 -0.859000 91 0
-0.866000 4.391000 -0.941000 77 0
-0.419000 4.542000 -0.696000 50 0
-0.543000 4.492000 -0.781000 82 0
-0.660000 4.455000 -0.862000 88 0
-0.769000 4.419000 -0.942000 82 0
0.000000 -0.000000 -0.000000 0 0
-0.440000 4.525000 -0.789000 61 0
-0.561000 4.487000 -0.866000 86 0
-0.672000 4.443000 -0.942000 88 0
0.000000 -0.000000 -0.000000 0 192
0.000000 -0.000000 -0.000000 0 0
-0.461000 4.517000 -0.871000 74 0
-0.576000 4.484000 -0.946000 85 0
0.000000 -0.000000 -0.000000 0 192
0.000000 -0.000000 -0.000000 0 192
-0.269000 3.402000 -0.655000 4 0
-0.476000 4.507000 -0.947000 85 0
0.000000 -0.000000 -0.000000 0 192
0.000000 -0.000000 -0.000000 0 192
0.000000 -0.000000 -0.000000 0 0
-0.284000 3.426000 -0.717000 6 0
0.000000 -0.000000 -0.000000 0 192
0.000000 -0.000000 -0.000000 0 192
0.000000 -0.000000 -0.000000 0 192
0.000000 -0.000000 -0.000000 0 0
0.000000 -0.000000 -0.000000 0 192
0.000000 -0.000000 -0.000000 0 192
0.000000 -0.000000 -0.000000 0 192
0.000000 -0.000000 -0.000000 0 192
0.000000 -0.000000 -0.000000 0 192
0.000000 -0.000000 -0.000000 0 192
0.000000 -0.000000 -0.000000 0 192
0.000000 -0.000000 -0.000000 0 192
0.000000 -0.000000 -0.000000 0 192
0.000000 -0.000000 -0.000000 0 192
0.000000 -0.000000 -0.000000 0 192
0.000000 -0.000000 -0.000000 0 192
0.190000 1.601000 -0.264000 22 0
0.000000 -0.000000 -0.000000 0 192
0.000000 -0.000000 -0.000000 0 192
0.000000 -0.000000 -0.000000 0 192
0.220000 1.541000 -0.257000 14 0
0.180000 1.631000 -0.295000 14 0
0.000000 -0.000000 -0.000000 0 192
0.000000 -0.000000 -0.000000 0 192
0.258000 1.550000 -0.262000 13 0
0.206000 1.539000 -0.281000 31 0
0.172000 1.663000 -0.323000 0 64
0.000000 -0.000000 -0.000000 0 192
0.298000 1.565000 -0.267000 14 0
0.244000 1.552000 -0.285000 11 0
0.199000 1.572000 -0.306000 22 0
0.000000 -0.000000 -0.000000 0 128
0.338000 1.574000 -0.272000 12 0
0.283000 1.559000 -0.289000 11 0
0.231000 1.545000 -0.302000 11 0
0.192000 1.598000 -0.330000 19 0
0.375000 1.570000 -0.275000 54 0
0.321000 1.564000 -0.292000 12 0
0.270000 1.558000 -0.306000 11 0
0.221000 1.539000 -0.317000 53 0
0.417000 1.585000 -0.282000 15 0
0.361000 1.577000 -0.297000 58 0
0.308000 1.567000 -0.309000 12 0
0.259000 1.558000 -0.322000 13 0
0.460000 1.596000 -0.288000 63 0
0.402000 1.590000 -0.302000 12 0
0.348000 1.576000 -0.313000 11 0
0.298000 1.570000 -0.325000 13 0
0.505000 1.611000 -0.295000 59 0
0.443000 1.595000 -0.306000 60 0
0.387000 1.581000 -0.316000 59 0
0.336000 1.574000 -0.326000 60 0
0.549000 1.619000 -0.301000 53 0
0.487000 1.606000 -0.312000 58 0
0.429000 1.596000 -0.320000 13 0
0.377000 1.586000 -0.329000 13 0
0.597000 1.637000 -0.309000 49 0
0.530000 1.614000 -0.317000 54 0
0.470000 1.598000 -0.323000 60 0
0.417000 1.593000 -0.332000 57 0
0.646000 1.650000 -0.317000 46 0
0.575000 1.627000 -0.323000 49 0
0.515000 1.615000 -0.329000 57 0
0.459000 1.602000 -0.335000 66 0
0.691000 1.654000 -0.323000 47 0
0.623000 1.641000 -0.330000 51 0
0.558000 1.621000 -0.333000 59 0
0.503000 1.615000 -0.339000 62 0
0.744000 1.672000 -0.332000 45 0
0.671000 1.653000 -0.337000 48 0
0.605000 1.635000 -0.339000 49 0
0.547000 1.624000 -0.343000 53 0
0.819000 1.732000 -0.350000 150 0
0.722000 1.667000 -0.344000 48 0
0.655000 1.653000 -0.346000 59 0
0.593000 1.638000 -0.347000 53 0
1.022000 2.040000 -0.420000 50 0
0.772000 1.677000 -0.351000 50 0
0.703000 1.661000 -0.351000 47 0
0.641000 1.649000 -0.352000 49 0
1.088000 2.051000 -0.431000 19 0
0.889000 1.821000 -0.387000 150 0
0.753000 1.672000 -0.357000 47 0
0.689000 1.659000 -0.356000 49 0
1.127000 2.013000 -0.432000 7 0
1.041000 2.013000 -0.435000 18 0
0.831000 1.737000 -0.375000 150 0
0.743000 1.680000 -0.363000 48 0
0.000000 -0.000000 -0.000000 0 0
1.093000 2.000000 -0.439000 21 0
1.013000 1.999000 -0.436000 24 0
0.795000 1.690000 -0.368000 65 0
0.000000 -0.000000 -0.000000 0 192
1.165000 2.021000 -0.451000 4 0
1.071000 1.999000 -0.442000 36 0
0.993000 1.992000 -0.437000 24 0
0.000000 -0.000000 -0.000000 0 128
0.000000 -0.000000 -0.000000 0 0
1.136000 2.007000 -0.449000 12 0
1.054000 1.997000 -0.443000 43 0
0.000000 -0.000000 -0.000000 0 0
0.000000 -0.000000 -0.000000 0 128
0.000000 -0.000000 -0.000000 0 0
1.119000 2.007000 -0.449000 21 0
0.000000 -0.000000 -0.000000 0 128
0.000000 -0.000000 -0.000000 0 128
0.000000 -0.000000 -0.000000 0 128
0.000000 -0.000000 -0.000000 0 0
0.000000 -0.000000 -0.000000 0 128
0.000000 -0.000000 -0.000000 0 0
0.000000 -0.000000 -0.000000 0 128
0.000000 -0.000000 -0.000000 0 0
0.000000 -0.000000 -0.000000 0 128
0.000000 -0.000000 -0.000000 0 128
0.000000 -0.000000 -0.000000 0 0
0.000000 -0.000000 -0.000000 0 0
0.000000 -0.000000 -0.000000 0 128
0.000000 -0.000000 -0.000000 0 0
0.000000 -0.000000 -0.000000 0 128
0.000000 -0.000000 -0.000000 0 0
0.000000 -0.000000 -0.000000 0 128
0.000000 -0.000000 -0.000000 0 0
0.000000 -0.000000 -0.000000 0 0
0.000000 -0.000000 -0.000000 0 128
0.000000 -0.000000 -0.000000 0 128
0.000000 -0.000000 -0.000000 0 0
0.000000 -0.000000 -0.000000 0 0
0.000000 -0.000000 -0.000000 0 128
0.000000 -0.000000 -0.000000 0 128
0.000000 -0.000000 -0.000000 0 0
0.000000 -0.000000 -0.000000 0 0
0.000000 -0.000000 -0.000000 0 128
0.000000 -0.000000 -0.000000 0 0
0.000000 -0.000000 -0.000000 0 0
0.000000 -0.000000 -0.000000 0 0
0.000000 -0.000000 -0.000000 0 128
0.000000 -0.000000 -0.000000 0 0
0.000000 -0.000000 -0.000000 0 0
0.000000 -0.000000 -0.000000 0 0
0.000000 -0.000000 -0.000000 0 0
0.460000 1.596000 -0.288000 63 0
0.402000 1.590000 -0.302000 12 0
0.348000 1.576000 -0.313000 11 0
0.298000 1.570000 -0.325000 13 0
0.505000 1.611000 -0.295000 59 0
0.443000 1.595000 -0.306000 60 0
0.387000 1.581000 -0.316000 59 0
0.336000 1.574000 -0.326000 60 0
0.549000 1.619000 -0.301000 53 0
0.487000 1.606000 -0.312000 58 0
0.429000 1.596000 -0.320000 13 0
0.377000 1.586000 -0.329000 13 0
0.597000 1.637000 -0.309000 49 0
0.530000 1.614000 -0.317000 54 0
0.470000 1.598000 -0.323000 60 0
0.417000 1.593000 -0.332000 57 0
0.646000 1.650000 -0.317000 46 0
0.575000 1.627000 -0.323000 49 0
0.515000 1.615000 -0.329000 57 0
0.459000 1.602000 -0.335000 66 0
0.691000 1.654000 -0.323000 47 0
0.623000 1.641000 -0.330000 51 0
0.558000 1.621000 -0.333000 59 0
0.503000 1.615000 -0.339000 62 0
0.744000 1.672000 -0.332000 45 0
0.671000 1.653000 -0.337000 48 0
0.605000 1.635000 -0.339000 49 0
0.547000 1.624000 -0.343000 53 0
0.819000 1.732000 -0.350000 150 0
0.722000 1.667000 -0.344000 48 0
0.655000 1.653000 -0.346000 59 0
0.593000 1.638000 -0.347000 53 0
1.022000 2.040000 -0.420000 50 0
0.772000 1.677000 -0.351000 50 0
0.703000 1.661000 -0.351000 47 0
0.641000 1.649000 -0.352000 49 0
1.088000 2.051000 -0.431000 19 0
0.889000 1.821000 -0.387000 150 0
0.753000 1.672000 -0.357000 47 0
0.689000 1.659000 -0.356000 49 0
1.127000 2.013000 -0.432000 7 0
1.041000 2.013000 -0.435000 18 0
0.831000 1.737000 -0.375000 150 0
0.743000 1.680000 -0.363000 48 0
0.000000 -0.000000 -0.000000 0 0
1.093000 2.000000 -0.439000 21 0
1.013000 1.999000 -0.436000 24 0
0.795000 1.690000 -0.368000 65 0
0.000000 -0.000000 -0.000000 0 192
1.165000 2.021000 -0.451000 4 0
1.071000 1.999000 -0.442000 36 0
0.993000 1.992000 -0.437000 24 0
0.000000 -0.000000 -0.000000 0 128
0.000000 -0.000000 -0.000000 0 0
1.136000 2.007000 -0.449000 12 0
1.054000 1.997000 -0.443000 43 0
0.000000 -0.000000 -0.000000 0 0
0.000000 -0.000000 -0.000000 0 128
0.000000 -0.000000 -0.000000 0 0
1.119000 2.007000 -0.449000 21 0
0.000000 -0.000000 -0.000000 0 128
0.000000 -0.000000 -0.000000 0 128
0.000000 -0.000000 -0.000000 0 128
0.000000 -0.000000 -0.000000 0 0
0.000000 -0.000000 -0.000000 0 128
0.000000 -0.000000 -0.000000 0 0
0.000000 -0.000000 -0.000000 0 128
0.000000 -0.000000 -0.000000 0 0
0.000000 -0.000000 -0.000000 0 128
0.000000 -0.000000 -0.000000 0 128
0.000000 -0.000000 -0.000000 0 0
0.000000 -0.000000 -0.000000 0 0
0.000000 -0.000000 -0.000000 0 128
0.000000 -0.000000 -0.000000 0 0
0.000000 -0.000000 -0.000000 0 128
0.000000 -0.000000 -0.000000 0 0
0.000000 -0.000000 -0.000000 0 128
0.000000 -0.000000 -0.000000 0 0
0.000000 -0.000000 -0.000000 0 0
0.000000 -0.000000 -0.000000 0 128
0.000000 -0.000000 -0.000000 0 128
0.000000 -0.000000 -0.000000 0 0
0.000000 -0.000000 -0.000000 0 0
0.000000 -0.000000 -0.000000 0 128
0.000000 -0.000000 -0.000000 0 128
0.000000 -0.000000 -0.000000 0 0
0.000000 -0.000000 -0.000000 0 0
0.000000 -0.000000 -0.000000 0 128
0.000000 -0.000000 -0.000000 0 0
0.000000 -0.000000 -0.000000 0 0
0.000000 -0.000000 -0.000000 0 0
0.000000 -0.000000 -0.000000 0 128
0.000000 -0.000000 -0.000000 0 0
0.000000 -0.000000 -0.000000 0 0
0.000000 -0.000000 -0.000000 0 0
0.000000 -0.000000 -0.000000 0 0
0.000000 -0.000000 -0.000000 0 192
0.000000 -0.000000 -0.000000 0 0
0.000000 -0.000000 -0.000000 0 0
0.000000 -0.000000 -0.000000 0 0
0.000000 -0.000000 -0.000000 0 128
0.000000 -0.000000 -0.000000 0 0
0.000000 -0.000000 -0.000000 0 0
0.000000 -0.000000 -0.000000 0 0
0.000000 -0.000000 -0.000000 0 128
0.000000 -0.000000 -0.000000 0 192
0.000000 -0.000000 -0.000000 0 0
0.000000 -0.000000 -0.000000 0 0
0.000000 -0.000000 -0.000000 0 128
0.000000 -0.000000 -0.000000 0 128
0.000000 -0.000000 -0.000000 0 192
0.000000 -0.000000 -0.000000 0 0
0.000000 -0.000000 -0.000000 0 0
0.000000 -0.000000 -0.000000 0 0
0.000000 -0.000000 -0.000000 0 128
0.000000 -0.000000 -0.000000 0 128
0.000000 -0.000000 -0.000000 0 0
0.000000 -0.000000 -0.000000 0 0
0.000000 -0.000000 -0.000000 0 0
0.000000 -0.000000 -0.000000 0 128
0.000000 -0.000000 -0.000000 0 0
0.000000 -0.000000 -0.000000 0 0
0.000000 -0.000000 -0.000000 0 0
0.000000 -0.000000 -0.000000 0 128
0.000000 -0.000000 -0.000000 0 0
0.000000 -0.000000 -0.000000 0 0
0.000000 -0.000000 -0.000000 0 0
0.000000 -0.000000 -0.000000 0 0
0.000000 -0.000000 -0.000000 0 0
0.000000 -0.000000 -0.000000 0 0
0.000000 -0.000000 -0.000000 0 0
0.000000 -0.000000 -0.000000 0 0
0.000000 -0.000000 -0.000000 0 0
0.000000 -0.000000 -0.000000 0 0
0.000000 -0.000000 -0.000000 0 0
0.000000 -0.000000 -0.000000 0 0
0.000000 -0.000000 -0.000000 0 0
0.000000 -0.000000 -0.000000 0 0
0.000000 -0.000000 -0.000000 0 0
0.000000 -0.000000 -0.000000 0 0
0.000000 -0.000000 -0.000000 0 0
0.000000 -0.000000 -0.000000 0 0
0.000000 -0.000000 -0.000000 0 0
0.000000 -0.000000 -0.000000 0 0
0.000000 -0.000000 -0.000000 0 0
0.000000 -0.000000 -0.000000 0 0
0.000000 -0.000000 -0.000000 0 0
0.000000 -0.000000 -0.000000 0 0
0.000000 -0.000000 -0.000000 0 0
0.000000 -0.000000 -0.000000 0 0
0.000000 -0.000000 -0.000000 0 0
0.000000 -0.000000 -0.000000 0 0
0.000000 -0.000000 -0.000000 0 0
0.000000 -0.000000 -0.000000 0 0
0.000000 -0.000000 -0.000000 0 0
0.000000 -0.000000 -0.000000 0 0
0.000000 -0.000000 -0.000000 0 0
0.000000 -0.000000 -0.000000 0 0
0.000000 -0.000000 -0.000000 0 0
0.000000 -0.000000 -0.000000 0 0
0.000000 -0.000000 -0.000000 0 0
0.000000 -0.000000 -0.000000 0 0
0.000000 -0.000000 -0.000000 0 0
0.000000 -0.000000 -0.000000 0 0
0.000000 -0.000000 -0.000000 0 0
0.000000 -0.000000 -0.000000 0 0
0.000000 -0.000000 -0.000000 0 0
0.000000 -0.000000 -0.000000 0 0
0.000000 -0.000000 -0.000000 0 0
0.000000 -0.000000 -0.000000 0 0
0.000000 -0.000000 -0.000000 0 0
0.000000 -0.000000 -0.000000 0 0
0.000000 -0.000000 -0.000000 0 0
0.000000 -0.000000 -0.000000 0 0
0.000000 -0.000000 -0.000000 0 0
0.000000 -0.000000 -0.000000 0 0
0.000000 -0.000000 -0.000000 0 0
0.000000 -0.000000 -0.000000 0 0
0.000000 -0.000000 -0.000000 0 0
0.000000 -0.000000 -0.000000 0 0
0.000000 -0.000000 -0.000000 0 0
0.000000 -0.000000 -0.000000 0 0
0.000000 -0.000000 -0.000000 0 0
0.000000 -0.000000 -0.000000 0 0
0.000000 -0.000000 -0.000000 0 0
0.000000 -0.000000 -0.000000 0 0
0.000000 -0.000000 -0.000000 0 0
0.000000 -0.000000 -0.000000 0 0
0.000000 -0.000000 -0.000000 0 0
0.000000 -0.000000 -0.000000 0 0
0.000000 -0.000000 -0.000000 0 0
0.000000 -0.000000 -0.000000 0 0
0.000000 -0.000000 -0.000000 0 192
0.000000 -0.000000 -0.000000 0 0
0.000000 -0.000000 -0.000000 0 0
0.000000 -0.000000 -0.000000 0 0
0.000000 -0.000000 -0.000000 0 128
0.000000 -0.000000 -0.000000 0 0
0.000000 -0.000000 -0.000000 0 0
0.000000 -0.000000 -0.000000 0 0
0.000000 -0.000000 -0.000000 0 128
0.000000 -0.000000 -0.000000 0 192
0.000000 -0.000000 -0.000000 0 0
0.000000 -0.000000 -0.000000 0 0
0.000000 -0.000000 -0.000000 0 128
0.000000 -0.000000 -0.000000 0 128
0.000000 -0.000000 -0.000000 0 192
0.000000 -0.000000 -0.000000 0 0
0.000000 -0.000000 -0.000000 0 0
0.000000 -0.000000 -0.000000 0 0
0.000000 -0.000000 -0.000000 0 128
0.000000 -0.000000 -0.000000 0 128
0.000000 -0.000000 -0.000000 0 0
0.000000 -0.000000 -0.000000 0 0
0.000000 -0.000000 -0.000000 0 0
0.000000 -0.000000 -0.000000 0 128
0.000000 -0.000000 -0.000000 0 0
0.000000 -0.000000 -0.000000 0 0
0.000000 -0.000000 -0.000000 0 0
0.000000 -0.000000 -0.000000 0 128
0.000000 -0.000000 -0.000000 0 0
0.000000 -0.000000 -0.000000 0 0
0.000000 -0.000000 -0.000000 0 0
0.000000 -0.000000 -0.000000 0 0
0.000000 -0.000000 -0.000000 0 0
0.000000 -0.000000 -0.000000 0 0
0.000000 -0.000000 -0.000000 0 0
0.000000 -0.000000 -0.000000 0 0
0.000000 -0.000000 -0.000000 0 0
0.000000 -0.000000 -0.000000 0 0
0.000000 -0.000000 -0.000000 0 0
0.000000 -0.000000 -0.000000 0 0
0.000000 -0.000000 -0.000000 0 0
0.000000 -0.000000 -0.000000 0 0
0.000000 -0.000000 -0.000000 0 0
0.000000 -0.000000 -0.000000 0 0
0.000000 -0.000000 -0.000000 0 0
0.000000 -0.000000 -0.000000 0 0
0.000000 -0.000000 -0.000000 0 0
0.000000 -0.000000 -0.000000 0 0
0.000000 -0.000000 -0.000000 0 0
0.000000 -0.000000 -0.000000 0 0
0.000000 -0.000000 -0.000000 0 0
0.000000 -0.000000 -0.000000 0 0
0.000000 -0.000000 -0.000000 0 0
0.000000 -0.000000 -0.000000 0 0
0.000000 -0.000000 -0.000000 0 0
0.000000 -0.000000 -0.000000 0 0
0.000000 -0.000000 -0.000000 0 0
0.000000 -0.000000 -0.000000 0 0
0.000000 -0.000000 -0.000000 0 0
0.000000 -0.000000 -0.000000 0 0
0.000000 -0.000000 -0.000000 0 0
0.000000 -0.000000 -0.000000 0 0
0.000000 -0.000000 -0.000000 0 0
0.000000 -0.000000 -0.000000 0 0
0.000000 -0.000000 -0.000000 0 0
0.000000 -0.000000 -0.000000 0 0
0.000000 -0.000000 -0.000000 0 0
0.000000 -0.000000 -0.000000 0 0
0.000000 -0.000000 -0.000000 0 0
0.000000 -0.000000 -0.000000 0 0
0.000000 -0.000000 -0.000000 0 0
0.000000 -0.000000 -0.000000 0 0
0.000000 -0.000000 -0.000000 0 0
0.000000 -0.000000 -0.000000 0 0
0.000000 -0.000000 -0.000000 0 0
0.000000 -0.000000 -0.000000 0 0
0.000000 -0.000000 -0.000000 0 0
0.000000 -0.000000 -0.000000 0 0
0.000000 -0.000000 -0.000000 0 0
0.000000 -0.000000 -0.000000 0 0
0.000000 -0.000000 -0.000000 0 0
0.000000 -0.000000 -0.000000 0 0
0.000000 -0.000000 -0.000000 0 0
0.000000 -0.000000 -0.000000 0 0
0.000000 -0.000000 -0.000000 0 0
0.000000 -0.000000 -0.000000 0 0
0.000000 -0.000000 -0.000000 0 0
0.000000 -0.000000 -0.000000 0 0
0.000000 -0.000000 -0.000000 0 0
0.000000 -0.000000 -0.000000 0 0
0.000000 -0.000000 -0.000000 0 0
0.000000 -0.000000 -0.000000 0 0
0.000000 -0.000000 -0.000000 0 0
0.000000 -0.000000 -0.000000 0 0
0.000000 -0.000000 -0.000000 0 0
0.000000 -0.000000 -0.000000 0 0
0.000000 -0.000000 -0.000000 0 0
0.000000 -0.000000 -0.000000 0 0
0.000000 -0.000000 -0.000000 0 0
0.000000 -0.000000 -0.000000 0 0
0.000000 -0.000000 -0.000000 0 0
0.000000 -0.000000 -0.000000 0 0
0.000000 -0.000000 -0.000000 0 0
0.000000 -0.000000 -0.000000 0 0
0.000000 -0.000000 -0.000000 0 0
0.000000 -0.000000 -0.000000 0 0
0.000000 -0.000000 -0.000000 0 0
0.000000 -0.000000 -0.000000 0 0
0.000000 -0.000000 -0.000000 0 0
0.000000 -0.000000 -0.000000 0 0
0.000000 -0.000000 -0.000000 0 0
0.000000 -0.000000 -0.000000 0 0
0.000000 -0.000000 -0.000000 0 0
0.000000 -0.000000 -0.000000 0 0
0.000000 -0.000000 -0.000000 0 0
0.000000 -0.000000 -0.000000 0 0
0.000000 -0.000000 -0.000000 0 0
0.000000 -0.000000 -0.000000 0 0
0.000000 -0.000000 -0.000000 0 0
0.000000 -0.000000 -0.000000 0 0
0.000000 -0.000000 -0.000000 0 0
0.000000 -0.000000 -0.000000 0 0
0.000000 -0.000000 -0.000000 0 0
0.000000 -0.000000 -0.000000 0 0
0.000000 -0.000000 -0.000000 0 0
0.000000 -0.000000 -0.000000 0 0
0.000000 -0.000000 -0.000000 0 0
0.000000 -0.000000 -0.000000 0 0
0.000000 -0.000000 -0.000000 0 0
0.000000 -0.000000 -0.000000 0 0
0.000000 -0.000000 -0.000000 0 0
0.000000 -0.000000 -0.000000 0 0
0.000000 -0.000000 -0.000000 0 0
0.000000 -0.000000 -0.000000 0 0
0.000000 -0.000000 -0.000000 0 0
0.000000 -0.000000 -0.000000 0 0
0.000000 -0.000000 -0.000000 0 0
0.000000 -0.000000 -0.000000 0 0
0.000000 -0.000000 -0.000000 0 0
0.000000 -0.000000 -0.000000 0 0
0.000000 -0.000000 -0.000000 0 0
0.000000 -0.000000 -0.000000 0 0
0.000000 -0.000000 -0.000000 0 0
0.000000 -0.000000 -0.000000 0 0
0.000000 -0.000000 -0.000000 0 0
0.000000 -0.000000 -0.000000 0 0
0.000000 -0.000000 -0.000000 0 0
0.000000 -0.000000 -0.000000 0 0
0.000000 -0.000000 -0.000000 0 0
0.000000 -0.000000 -0.000000 0 0
0.000000 -0.000000 -0.000000 0 0
0.000000 -0.000000 -0.000000 0 0
0.000000 -0.000000 -0.000000 0 0
0.000000 -0.000000 -0.000000 0 0
0.000000 -0.000000 -0.000000 0 0
0.000000 -0.000000 -0.000000 0 0
0.000000 -0.000000 -0.000000 0 0
0.000000 -0.000000 -0.000000 0 0
0.000000 -0.000000 -0.000000 0 0
0.000000 -0.000000 -0.000000 0 0
0.000000 -0.000000 -0.000000 0 0
0.000000 -0.000000 -0.000000 0 0
0.000000 -0.000000 -0.000000 0 0
0.000000 -0.000000 -0.000000 0 0
0.000000 -0.000000 -0.000000 0 0
0.000000 -0.000000 -0.000000 0 0
0.000000 -0.000000 -0.000000 0 0
0.000000 -0.000000 -0.000000 0 0
0.000000 -0.000000 -0.000000 0 0
0.000000 -0.000000 -0.000000 0 0
0.000000 -0.000000 -0.000000 0 0
0.000000 -0.000000 -0.000000 0 0
0.000000 -0.000000 -0.000000 0 0
0.000000 -0.000000 -0.000000 0 0
0.000000 -0.000000 -0.000000 0 0
0.000000 -0.000000 -0.000000 0 0
0.000000 -0.000000 -0.000000 0 0
0.000000 -0.000000 -0.000000 0 0
0.000000 -0.000000 -0.000000 0 0
0.000000 -0.000000 -0.000000 0 0
0.000000 -0.000000 -0.000000 0 0
1.894000 -0.469000 -0.446000 0 0
0.000000 -0.000000 -0.000000 0 0
0.000000 -0.000000 -0.000000 0 0
0.000000 -0.000000 -0.000000 0 0
1.912000 -0.519000 -0.454000 0 0
1.922000 -0.525000 -0.402000 0 0
0.000000 -0.000000 -0.000000 0 0
0.000000 -0.000000 -0.000000 0 0
0.000000 -0.000000 -0.000000 0 0
1.937000 -0.578000 -0.409000 0 8
0.000000 -0.000000 -0.000000 0 0
0.000000 -0.000000 -0.000000 0 0
0.000000 -0.000000 -0.000000 0 0
0.000000 -0.000000 -0.000000 0 0
0.000000 -0.000000 -0.000000 0 0
0.000000 -0.000000 -0.000000 0 0
0.000000 -0.000000 -0.000000 0 0
0.000000 -0.000000 -0.000000 0 0
0.000000 -0.000000 -0.000000 0 0
0.000000 -0.000000 -0.000000 0 0
0.000000 -0.000000 -0.000000 0 0
0.000000 -0.000000 -0.000000 0 0
0.000000 -0.000000 -0.000000 0 0
0.000000 -0.000000 -0.000000 0 0
0.000000 -0.000000 -0.000000 0 0
0.000000 -0.000000 -0.000000 0 0
0.000000 -0.000000 -0.000000 0 0
0.000000 -0.000000 -0.000000 0 0
0.000000 -0.000000 -0.000000 0 0
0.000000 -0.000000 -0.000000 0 0
0.000000 -0.000000 -0.000000 0 0
0.000000 -0.000000 -0.000000 0 0
0.000000 -0.000000 -0.000000 0 0
0.000000 -0.000000 -0.000000 0 0
0.000000 -0.000000 -0.000000 0 0
0.000000 -0.000000 -0.000000 0 0
0.000000 -0.000000 -0.000000 0 0
0.000000 -0.000000 -0.000000 0 0
0.000000 -0.000000 -0.000000 0 0
0.000000 -0.000000 -0.000000 0 0
0.000000 -0.000000 -0.000000 0 0
0.000000 -0.000000 -0.000000 0 0
0.000000 -0.000000 -0.000000 0 0
0.000000 -0.000000 -0.000000 0 0
0.000000 -0.000000 -0.000000 0 0
0.000000 -0.000000 -0.000000 0 0
0.000000 -0.000000 -0.000000 0 0
0.000000 -0.000000 -0.000000 0 0
0.000000 -0.000000 -0.000000 0 0
0.000000 -0.000000 -0.000000 0 0
0.000000 -0.000000 -0.000000 0 0
0.000000 -0.000000 -0.000000 0 0
0.000000 -0.000000 -0.000000 0 0
0.000000 -0.000000 -0.000000 0 0
0.000000 -0.000000 -0.000000 0 0
0.000000 -0.000000 -0.000000 0 0
0.000000 -0.000000 -0.000000 0 0
0.000000 -0.000000 -0.000000 0 0
0.000000 -0.000000 -0.000000 0 0
0.000000 -0.000000 -0.000000 0 0
0.000000 -0.000000 -0.000000 0 0
0.000000 -0.000000 -0.000000 0 0
0.000000 -0.000000 -0.000000 0 0
0.000000 -0.000000 -0.000000 0 0
0.000000 -0.000000 -0.000000 0 0
0.000000 -0.000000 -0.000000 0 0
0.000000 -0.000000 -0.000000 0 0
0.000000 -0.000000 -0.000000 0 0
0.000000 -0.000000 -0.000000 0 0
0.000000 -0.000000 -0.000000 0 0
0.000000 -0.000000 -0.000000 0 0
0.000000 -0.000000 -0.000000 0 0
0.000000 -0.000000 -0.000000 0 0
0.000000 -0.000000 -0.000000 0 0
0.000000 -0.000000 -0.000000 0 0
0.000000 -0.000000 -0.000000 0 0
0.000000 -0.000000 -0.000000 0 0
0.000000 -0.000000 -0.000000 0 0
0.000000 -0.000000 -0.000000 0 0
0.000000 -0.000000 -0.000000 0 0
0.000000 -0.000000 -0.000000 0 0
0.000000 -0.000000 -0.000000 0 0
0.000000 -0.000000 -0.000000 0 0
0.000000 -0.000000 -0.000000 0 0
0.000000 -0.000000 -0.000000 0 0
0.000000 -0.000000 -0.000000 0 0
0.000000 -0.000000 -0.000000 0 0
0.000000 -0.000000 -0.000000 0 0
0.000000 -0.000000 -0.000000 0 0
0.000000 -0.000000 -0.000000 0 0
0.000000 -0.000000 -0.000000 0 0
0.000000 -0.000000 -0.000000 0 0
0.000000 -0.000000 -0.000000 0 0
0.000000 -0.000000 -0.000000 0 0
0.000000 -0.000000 -0.000000 0 0
0.000000 -0.000000 -0.000000 0 0
1.894000 -0.469000 -0.446000 0 0
0.000000 -0.000000 -0.000000 0 0
0.000000 -0.000000 -0.000000 0 0
0.000000 -0.000000 -0.000000 0 0
1.912000 -0.519000 -0.454000 0 0
1.922000 -0.525000 -0.402000 0 0
0.000000 -0.000000 -0.000000 0 0
0.000000 -0.000000 -0.000000 0 0
0.000000 -0.000000 -0.000000 0 0
1.937000 -0.578000 -0.409000 0 8
0.000000 -0.000000 -0.000000 0 0
-0.841000 -0.463000 -0.743000 17 0
-0.848000 -0.417000 -0.777000 14 0
-0.859000 -0.371000 -0.820000 15 0
0.000000 -0.000000 -0.000000 0 0
-0.843000 -0.439000 -0.735000 16 0
-0.850000 -0.395000 -0.772000 14 0
-0.863000 -0.351000 -0.818000 10 0
0.000000 -0.000000 -0.000000 0 128
-0.851000 -0.419000 -0.734000 21 0
-0.860000 -0.376000 -0.773000 14 0
0.000000 -0.000000 -0.000000 0 0
0.000000 -0.000000 -0.000000 0 0
-0.856000 -0.397000 -0.729000 17 0
-0.861000 -0.353000 -0.766000 6 0
0.000000 -0.000000 -0.000000 0 0
0.000000 -0.000000 -0.000000 0 0
-0.865000 -0.377000 -0.729000 20 0
0.000000 -0.000000 -0.000000 0 0
0.000000 -0.000000 -0.000000 0 0
-0.863000 -0.235000 -0.847000 4 0
-0.855000 -0.349000 -0.714000 3 0
0.000000 -0.000000 -0.000000 0 0
-0.885000 -0.271000 -0.818000 5 0
-0.889000 -0.222000 -0.870000 6 0
0.000000 -0.000000 -0.000000 0 0
0.000000 -0.000000 -0.000000 0 0
-0.888000 -0.250000 -0.817000 13 0
-0.897000 -0.203000 -0.876000 7 64
0.000000 -0.000000 -0.000000 0 0
-0.892000 -0.274000 -0.771000 6 0
-0.885000 -0.228000 -0.811000 9 0
-0.895000 -0.182000 -0.872000 8 64
0.000000 -0.000000 -0.000000 0 0
-0.889000 -0.251000 -0.764000 16 0
-0.888000 -0.208000 -0.811000 7 0
-0.903000 -0.164000 -0.878000 10 0
-0.880000 -0.267000 -0.710000 13 0
-0.892000 -0.230000 -0.763000 14 0
-0.892000 -0.188000 -0.811000 5 0
-0.914000 -0.145000 -0.888000 11 0
-0.893000 -0.248000 -0.716000 17 0
-0.897000 -0.210000 -0.763000 14 0
-0.860000 -0.162000 -0.781000 3 1
-0.914000 -0.125000 -0.888000 14 64
-0.899000 -0.227000 -0.716000 17 0
-0.901000 -0.189000 -0.764000 14 0
-0.846000 -0.140000 -0.766000 1 0
-0.919000 -0.105000 -0.892000 14 64
-0.904000 -0.206000 -0.716000 14 0
-0.906000 -0.169000 -0.765000 13 0
-0.914000 -0.130000 -0.826000 14 0
-0.928000 -0.086000 -0.901000 11 0
-0.910000 -0.185000 -0.717000 8 64
-0.913000 -0.149000 -0.769000 9 0
-0.922000 -0.110000 -0.832000 10 0
-0.929000 -0.066000 -0.903000 11 64
-0.883000 -0.159000 -0.693000 1 65
-0.916000 -0.128000 -0.769000 5 64
-0.923000 -0.090000 -0.832000 11 0
-0.927000 -0.046000 -0.901000 11 64
0.000000 -0.000000 -0.000000 0 0
0.000000 -0.000000 -0.000000 0 0
-0.923000 -0.069000 -0.833000 3 64
-0.928000 -0.026000 -0.903000 7 64
0.000000 -0.000000 -0.000000 0 0
0.000000 -0.000000 -0.000000 0 0
0.000000 -0.000000 -0.000000 0 0
-0.925000 -0.006000 -0.902000 3 64
0.000000 -0.000000 -0.000000 0 0
0.000000 -0.000000 -0.000000 0 192
0.000000 -0.000000 -0.000000 0 0
0.000000 -0.000000 -0.000000 0 0
-0.909000 -0.076000 -0.706000 1 64
0.000000 -0.000000 -0.000000 0 192
0.000000 -0.000000 -0.000000 0 192
0.000000 -0.000000 -0.000000 0 0
-0.935000 -0.056000 -0.725000 11 0
0.000000 -0.000000 -0.000000 0 0
0.000000 -0.000000 -0.000000 0 192
0.000000 -0.000000 -0.000000 0 128
-0.931000 -0.034000 -0.721000 14 0
-0.945000 -0.001000 -0.791000 6 0
0.000000 -0.000000 -0.000000 0 0
0.000000 -0.000000 -0.000000 0 192
-0.942000 -0.012000 -0.730000 16 0
-0.949000 0.019000 -0.794000 8 0
-0.942000 0.053000 -0.855000 2 64
0.000000 -0.000000 -0.000000 0 0
-0.950000 0.009000 -0.737000 20 0
-0.956000 0.041000 -0.802000 13 0
-0.954000 0.075000 -0.869000 7 0
-0.949000 0.114000 -0.943000 2 64
-0.953000 0.032000 -0.740000 16 0
-0.960000 0.063000 -0.807000 14 0
-0.963000 0.097000 -0.880000 10 0
-0.963000 0.137000 -0.961000 8 0
-0.841000 -0.463000 -0.743000 17 0
-0.848000 -0.417000 -0.777000 14 0
-0.859000 -0.371000 -0.820000 15 0
0.000000 -0.000000 -0.000000 0 0
-0.843000 -0.439000 -0.735000 16 0
-0.850000 -0.395000 -0.772000 14 0
-0.863000 -0.351000 -0.818000 10 0
0.000000 -0.000000 -0.000000 0 128
-0.851000 -0.419000 -0.734000 21 0
-0.860000 -0.376000 -0.773000 14 0
0.000000 -0.000000 -0.000000 0 0
0.000000 -0.000000 -0.000000 0 0
-0.856000 -0.397000 -0.729000 17 0
-0.861000 -0.353000 -0.766000 6 0
0.000000 -0.000000 -0.000000 0 0
0.000000 -0.000000 -0.000000 0 0
-0.865000 -0.377000 -0.729000 20 0
0.000000 -0.000000 -0.000000 0 0
0.000000 -0.000000 -0.000000 0 0
-0.863000 -0.235000 -0.847000 4 0
-0.855000 -0.349000 -0.714000 3 0
0.000000 -0.000000 -0.000000 0 0
-0.885000 -0.271000 -0.818000 5 0
-0.889000 -0.222000 -0.870000 6 0
0.000000 -0.000000 -0.000000 0 0
0.000000 -0.000000 -0.000000 0 0
-0.888000 -0.250000 -0.817000 13 0
-0.897000 -0.203000 -0.876000 7 64
0.000000 -0.000000 -0.000000 0 0
-0.892000 -0.274000 -0.771000 6 0
-0.885000 -0.228000 -0.811000 9 0
-0.895000 -0.182000 -0.872000 8 64
0.000000 -0.000000 -0.000000 0 0
-0.889000 -0.251000 -0.764000 16 0
-0.888000 -0.208000 -0.811000 7 0
-0.903000 -0.164000 -0.878000 10 0
-0.880000 -0.267000 -0.710000 13 0
-0.892000 -0.230000 -0.763000 14 0
-0.892000 -0.188000 -0.811000 5 0
-0.914000 -0.145000 -0.888000 11 0
-0.893000 -0.248000 -0.716000 17 0
-0.897000 -0.210000 -0.763000 14 0
-0.860000 -0.162000 -0.781000 3 1
-0.914000 -0.125000 -0.888000 14 64
-0.899000 -0.227000 -0.716000 17 0
-0.901000 -0.189000 -0.764000 14 0
-0.846000 -0.140000 -0.766000 1 0
-0.919000 -0.105000 -0.892000 14 64
-0.904000 -0.206000 -0.716000 14 0
-0.906000 -0.169000 -0.765000 13 0
-0.914000 -0.130000 -0.826000 14 0
-0.928000 -0.086000 -0.901000 11 0
-0.910000 -0.185000 -0.717000 8 64
-0.913000 -0.149000 -0.769000 9 0
-0.922000 -0.110000 -0.832000 10 0
-0.929000 -0.066000 -0.903000 11 64
-0.883000 -0.159000 -0.693000 1 65
-0.916000 -0.128000 -0.769000 5 64
-0.923000 -0.090000 -0.832000 11 0
-0.927000 -0.046000 -0.901000 11 64
0.000000 -0.000000 -0.000000 0 0
0.000000 -0.000000 -0.000000 0 0
-0.923000 -0.069000 -0.833000 3 64
-0.928000 -0.026000 -0.903000 7 64
0.000000 -0.000000 -0.000000 0 0
0.000000 -0.000000 -0.000000 0 0
0.000000 -0.000000 -0.000000 0 0
-0.925000 -0.006000 -0.902000 3 64
0.000000 -0.000000 -0.000000 0 0
0.000000 -0.000000 -0.000000 0 192
0.000000 -0.000000 -0.000000 0 0
0.000000 -0.000000 -0.000000 0 0
-0.909000 -0.076000 -0.706000 1 64
0.000000 -0.000000 -0.000000 0 192
0.000000 -0.000000 -0.000000 0 192
0.000000 -0.000000 -0.000000 0 0
-0.935000 -0.056000 -0.725000 11 0
0.000000 -0.000000 -0.000000 0 0
0.000000 -0.000000 -0.000000 0 192
0.000000 -0.000000 -0.000000 0 128
-0.931000 -0.034000 -0.721000 14 0
-0.945000 -0.001000 -0.791000 6 0
0.000000 -0.000000 -0.000000 0 0
0.000000 -0.000000 -0.000000 0 192
-0.942000 -0.012000 -0.730000 16 0
-0.949000 0.019000 -0.794000 8 0
-0.942000 0.053000 -0.855000 2 64
0.000000 -0.000000 -0.000000 0 0
-0.950000 0.009000 -0.737000 20 0
-0.956000 0.041000 -0.802000 13 0
-0.954000 0.075000 -0.869000 7 0
-0.949000 0.114000 -0.943000 2 64
-0.953000 0.032000 -0.740000 16 0
-0.960000 0.063000 -0.807000 14 0
-0.963000 0.097000 -0.880000 10 0
-0.963000 0.137000 -0.961000 8 0
-0.958000 0.054000 -0.745000 16 0
-0.966000 0.086000 -0.814000 14 0
-0.975000 0.120000 -0.894000 11 0
-0.968000 0.158000 -0.971000 11 0
-0.961000 0.077000 -0.749000 16 0
-0.968000 0.109000 -0.819000 14 0
-0.977000 0.142000 -0.900000 12 0
-0.976000 0.181000 -0.985000 12 0
-0.967000 0.101000 -0.756000 15 0
-0.975000 0.132000 -0.828000 14 0
-0.978000 0.165000 -0.906000 12 0
-0.962000 0.199000 -0.976000 3 0
-0.971000 0.125000 -0.763000 15 0
-0.979000 0.155000 -0.835000 14 0
-0.984000 0.188000 -0.916000 12 0
-0.971000 0.223000 -0.991000 0 0
-0.974000 0.148000 -0.768000 15 0
-0.982000 0.179000 -0.842000 14 0
-0.973000 0.208000 -0.911000 1 0
-0.979000 0.246000 -1.005000 5 0
-0.977000 0.173000 -0.774000 17 0
-0.980000 0.202000 -0.845000 2 0
-0.979000 0.232000 -0.922000 1 0
-1.067000 0.292000 -1.103000 0 0
-0.977000 0.197000 -0.778000 2 0
-0.979000 0.225000 -0.850000 1 0
-1.053000 0.274000 -0.998000 1 0
-1.076000 0.319000 -1.120000 7 0
-0.986000 0.223000 -0.790000 1 0
-1.017000 0.259000 -0.889000 1 1
-1.072000 0.305000 -1.024000 7 0
-1.074000 0.343000 -1.127000 0 0
-1.016000 0.255000 -0.820000 1 0
-1.082000 0.302000 -0.952000 1 0
-1.088000 0.335000 -1.047000 1 0
-1.083000 0.372000 -1.146000 6 0
-1.081000 0.299000 -0.879000 2 0
-1.086000 0.330000 -0.964000 7 0
-1.085000 0.360000 -1.053000 7 0
-1.089000 0.399000 -1.162000 6 0
-1.088000 0.329000 -0.892000 2 0
-1.098000 0.361000 -0.982000 1 0
-1.097000 0.391000 -1.073000 0 0
-1.090000 0.426000 -1.173000 6 0
-1.099000 0.361000 -0.909000 1 0
-1.093000 0.387000 -0.986000 6 0
-1.100000 0.420000 -1.086000 7 0
-1.096000 0.454000 -1.190000 6 0
-1.098000 0.390000 -0.917000 8 0
-1.114000 0.424000 -1.016000 1 0
-1.107000 0.451000 -1.104000 0 0
-1.100000 0.483000 -1.207000 6 0
-1.117000 0.427000 -0.942000 1 0
-1.106000 0.450000 -1.018000 7 0
-1.106000 0.479000 -1.114000 6 0
-1.115000 0.517000 -1.235000 7 0
-1.111000 0.455000 -0.947000 8 0
-1.127000 0.489000 -1.049000 1 0
-1.118000 0.513000 -1.138000 6 0
-1.127000 0.552000 -1.261000 10 0
-1.126000 0.493000 -0.972000 1 0
-1.122000 0.517000 -1.056000 6 0
-1.115000 0.542000 -1.148000 6 0
-1.125000 0.581000 -1.274000 14 0
-1.133000 0.528000 -0.990000 7 0
-1.122000 0.549000 -1.070000 7 0
-1.128000 0.579000 -1.175000 6 0
-1.112000 0.603000 -1.273000 14 0
-1.130000 0.560000 -1.000000 0 64
-1.134000 0.587000 -1.095000 6 0
-1.133000 0.613000 -1.195000 6 0
-1.096000 0.624000 -1.270000 15 0
-1.142000 0.600000 -1.025000 7 0
-1.143000 0.626000 -1.119000 6 0
-1.140000 0.649000 -1.218000 6 0
-1.085000 0.648000 -1.273000 14 0
-1.146000 0.638000 -1.044000 6 0
-1.144000 0.661000 -1.136000 6 0
-1.158000 0.694000 -1.255000 10 0
-1.067000 0.668000 -1.268000 14 0
-1.150000 0.676000 -1.064000 7 0
-1.151000 0.700000 -1.160000 6 0
-1.152000 0.725000 -1.265000 13 0
-1.051000 0.689000 -1.266000 15 0
-1.167000 0.724000 -1.097000 6 0
-1.163000 0.745000 -1.190000 6 0
-1.133000 0.748000 -1.264000 13 0
-1.038000 0.711000 -1.268000 15 0
-1.176000 0.769000 -1.125000 5 0
-1.174000 0.790000 -1.222000 5 0
-1.117000 0.773000 -1.265000 13 0
-1.021000 0.731000 -1.266000 17 0
-1.186000 0.817000 -1.155000 6 0
-1.186000 0.838000 -1.255000 10 0
-1.102000 0.798000 -1.268000 15 0
-1.008000 0.753000 -1.268000 16 0
-0.958000 0.054000 -0.745000 16 0
-0.966000 0.086000 -0.814000 14 0
-0.975000 0.120000 -0.894000 11 0
-0.968000 0.158000 -0.971000 11 0
-0.961000 0.077000 -0.749000 16 0
-0.968000 0.109000 -0.819000 14 0
-0.977000 0.142000 -0.900000 12 0
-0.976000 0.181000 -0.985000 12 0
-0.967000 0.101000 -0.756000 15 0
-0.975000 0.132000 -0.828000 14 0
-0.978000 0.165000 -0.906000 12 0
-0.962000 0.199000 -0.976000 3 0
-0.971000 0.125000 -0.763000 15 0
-0.979000 0.155000 -0.835000 14 0
-0.984000 0.188000 -0.916000 12 0
-0.971000 0.223000 -0.991000 0 0
-0.974000 0.148000 -0.768000 15 0
-0.982000 0.179000 -0.842000 14 0
-0.973000 0.208000 -0.911000 1 0
-0.979000 0.246000 -1.005000 5 0
-0.977000 0.173000 -0.774000 17 0
-0.980000 0.202000 -0.845000 2 0
-0.979000 0.232000 -0.922000 1 0
-1.067000 0.292000 -1.103000 0 0
-0.977000 0.197000 -0.778000 2 0
-0.979000 0.225000 -0.850000 1 0
-1.053000 0.274000 -0.998000 1 0
-1.076000 0.319000 -1.120000 7 0
-0.986000 0.223000 -0.790000 1 0
-1.017000 0.259000 -0.889000 1 1
-1.072000 0.305000 -1.024000 7 0
-1.074000 0.343000 -1.127000 0 0
-1.016000 0.255000 -0.820000 1 0
-1.082000 0.302000 -0.952000 1 0
-1.088000 0.335000 -1.047000 1 0
-1.083000 0.372000 -1.146000 6 0
-1.081000 0.299000 -0.879000 2 0
-1.086000 0.330000 -0.964000 7 0
-1.085000 0.360000 -1.053000 7 0
-1.089000 0.399000 -1.162000 6 0
-1.088000 0.329000 -0.892000 2 0
-1.098000 0.361000 -0.982000 1 0
-1.097000 0.391000 -1.073000 0 0
-1.090000 0.426000 -1.173000 6 0
-1.099000 0.361000 -0.909000 1 0
-1.093000 0.387000 -0.986000 6 0
-1.100000 0.420000 -1.086000 7 0
-1.096000 0.454000 -1.190000 6 0
-1.098000 0.390000 -0.917000 8 0
-1.114000 0.424000 -1.016000 1 0
-1.107000 0.451000 -1.104000 0 0
-1.100000 0.483000 -1.207000 6 0
-1.117000 0.427000 -0.942000 1 0
-1.106000 0.450000 -1.018000 7 0
-1.106000 0.479000 -1.114000 6 0
-1.115000 0.517000 -1.235000 7 0
-1.111000 0.455000 -0.947000 8 0
-1.127000 0.489000 -1.049000 1 0
-1.118000 0.513000 -1.138000 6 0
-1.127000 0.552000 -1.261000 10 0
-1.126000 0.493000 -0.972000 1 0
-1.122000 0.517000 -1.056000 6 0
-1.115000 0.542000 -1.148000 6 0
-1.125000 0.581000 -1.274000 14 0
-1.133000 0.528000 -0.990000 7 0
-1.122000 0.549000 -1.070000 7 0
-1.128000 0.579000 -1.175000 6 0
-1.112000 0.603000 -1.273000 14 0
-1.130000 0.560000 -1.000000 0 64
-1.134000 0.587000 -1.095000 6 0
-1.133000 0.613000 -1.195000 6 0
-1.096000 0.624000 -1.270000 15 0
-1.142000 0.600000 -1.025000 7 0
-1.143000 0.626000 -1.119000 6 0
-1.140000 0.649000 -1.218000 6 0
-1.085000 0.648000 -1.273000 14 0
-1.146000 0.638000 -1.044000 6 0
-1.144000 0.661000 -1.136000 6 0
-1.158000 0.694000 -1.255000 10 0
-1.067000 0.668000 -1.268000 14 0
-1.150000 0.676000 -1.064000 7 0
-1.151000 0.700000 -1.160000 6 0
-1.152000 0.725000 -1.265000 13 0
-1.051000 0.689000 -1.266000 15 0
-1.167000 0.724000 -1.097000 6 0
-1.163000 0.745000 -1.190000 6 0
-1.133000 0.748000 -1.264000 13 0
-1.038000 0.711000 -1.268000 15 0
-1.176000 0.769000 -1.125000 5 0
-1.174000 0.790000 -1.222000 5 0
-1.117000 0.773000 -1.265000 13 0
-1.021000 0.731000 -1.266000 17 0
-1.186000 0.817000 -1.155000 6 0
-1.186000 0.838000 -1.255000 10 0
-1.102000 0.798000 -1.268000 15 0
-1.008000 0.753000 -1.268000 16 0
-1.189000 0.861000 -1.180000 6 0
-1.176000 0.872000 -1.268000 15 0
-1.079000 0.818000 -1.262000 14 0
-0.991000 0.773000 -1.266000 15 0
-1.201000 0.915000 -1.216000 6 0
-1.149000 0.894000 -1.262000 15 0
-1.061000 0.842000 -1.264000 14 0
-0.973000 0.792000 -1.264000 16 0
-1.211000 0.969000 -1.252000 12 0
-1.129000 0.920000 -1.265000 15 0
-1.041000 0.864000 -1.263000 14 0
-0.955000 0.811000 -1.262000 15 0
-1.187000 0.997000 -1.254000 13 0
-1.101000 0.941000 -1.259000 15 0
-1.022000 0.886000 -1.264000 14 0
-0.938000 0.830000 -1.262000 15 0
-1.152000 1.016000 -1.245000 12 0
-1.078000 0.964000 -1.259000 14 0
-1.002000 0.908000 -1.264000 14 0
-0.921000 0.850000 -1.262000 15 0
-1.137000 1.051000 -1.257000 22 0
-1.054000 0.987000 -1.259000 14 0
-0.981000 0.928000 -1.263000 15 0
-0.903000 0.869000 -1.261000 14 0
-1.105000 1.072000 -1.253000 17 0
-1.031000 1.011000 -1.261000 15 0
-0.957000 0.947000 -1.260000 14 0
-0.887000 0.889000 -1.263000 16 0
-1.077000 1.096000 -1.254000 17 0
-1.002000 1.028000 -1.255000 15 0
-0.937000 0.968000 -1.262000 15 0
-0.866000 0.905000 -1.259000 14 0
-1.048000 1.118000 -1.253000 16 0
-0.977000 1.049000 -1.256000 14 0
-0.915000 0.987000 -1.261000 15 0
-0.844000 0.918000 -1.253000 15 0
-1.019000 1.140000 -1.254000 16 0
-0.951000 1.070000 -1.256000 14 0
-0.888000 1.001000 -1.254000 13 0
-0.826000 0.938000 -1.255000 16 0
-0.985000 1.157000 -1.249000 15 0
-0.925000 1.089000 -1.255000 16 0
-0.866000 1.020000 -1.254000 14 0
-0.808000 0.955000 -1.255000 18 0
-0.953000 1.175000 -1.247000 17 0
-0.896000 1.105000 -1.251000 15 0
-0.842000 1.036000 -1.252000 14 0
-0.786000 0.969000 -1.250000 18 0
-0.921000 1.192000 -1.245000 15 0
-0.869000 1.124000 -1.252000 15 0
-0.818000 1.054000 -1.251000 17 0
-0.767000 0.988000 -1.253000 19 0
-0.891000 1.212000 -1.247000 18 0
-0.840000 1.139000 -1.249000 14 0
-0.793000 1.069000 -1.249000 19 0
-0.747000 1.004000 -1.252000 19 0
-0.858000 1.228000 -1.244000 15 0
-0.812000 1.156000 -1.248000 15 0
-0.769000 1.084000 -1.248000 19 0
-0.727000 1.019000 -1.252000 19 0
-0.826000 1.243000 -1.243000 14 0
-0.784000 1.172000 -1.248000 16 0
-0.744000 1.099000 -1.247000 18 0
-0.705000 1.034000 -1.250000 19 0
-0.795000 1.261000 -1.245000 14 0
-0.753000 1.182000 -1.243000 17 0
-0.720000 1.115000 -1.247000 21 0
-0.684000 1.049000 -1.249000 19 0
-0.759000 1.270000 -1.239000 16 0
-0.725000 1.197000 -1.242000 21 0
-0.695000 1.131000 -1.247000 20 0
-0.662000 1.063000 -1.248000 19 0
-0.727000 1.285000 -1.240000 16 0
-0.696000 1.211000 -1.242000 19 0
-0.669000 1.142000 -1.244000 21 0
-0.641000 1.078000 -1.248000 20 0
-0.693000 1.296000 -1.238000 16 0
-0.666000 1.223000 -1.240000 22 0
-0.645000 1.158000 -1.246000 21 0
-0.619000 1.091000 -1.247000 19 0
-0.660000 1.308000 -1.238000 15 0
-0.636000 1.235000 -1.239000 19 0
-0.617000 1.168000 -1.242000 21 0
-0.597000 1.105000 -1.246000 19 0
-0.626000 1.316000 -1.235000 16 0
-0.607000 1.247000 -1.239000 20 0
-0.591000 1.179000 -1.240000 19 0
-0.574000 1.118000 -1.246000 20 0
-0.593000 1.329000 -1.237000 16 0
-0.578000 1.258000 -1.239000 20 0
-0.566000 1.194000 -1.242000 23 0
-0.552000 1.131000 -1.246000 21 0
-0.558000 1.333000 -1.232000 16 0
-0.549000 1.270000 -1.240000 21 0
-0.538000 1.203000 -1.238000 19 0
-0.526000 1.139000 -1.240000 19 0
-1.189000 0.861000 -1.180000 6 0
-1.176000 0.872000 -1.268000 15 0
-1.079000 0.818000 -1.262000 14 0
-0.991000 0.773000 -1.266000 15 0
-1.201000 0.915000 -1.216000 6 0
-1.149000 0.894000 -1.262000 15 0
-1.061000 0.842000 -1.264000 14 0
-0.973000 0.792000 -1.264000 16 0
-1.211000 0.969000 -1.252000 12 0
-1.129000 0.920000 -1.265000 15 0
-1.041000 0.864000 -1.263000 14 0
-0.955000 0.811000 -1.262000 15 0
-1.187000 0.997000 -1.254000 13 0
-1.101000 0.941000 -1.259000 15 0
-1.022000 0.886000 -1.264000 14 0
-0.938000 0.830000 -1.262000 15 0
-1.152000 1.016000 -1.245000 12 0
-1.078000 0.964000 -1.259000 14 0
-1.002000 0.908000 -1.264000 14 0
-0.921000 0.850000 -1.262000 15 0
-1.137000 1.051000 -1.257000 22 0
-1.054000 0.987000 -1.259000 14 0
-0.981000 0.928000 -1.263000 15 0
-0.903000 0.869000 -1.261000 14 0
-1.105000 1.072000 -1.253000 17 0
-1.031000 1.011000 -1.261000 15 0
-0.957000 0.947000 -1.260000 14 0
-0.887000 0.889000 -1.263000 16 0
-1.077000 1.096000 -1.254000 17 0
-1.002000 1.028000 -1.255000 15 0
-0.937000 0.968000 -1.262000 15 0
-0.866000 0.905000 -1.259000 14 0
-1.048000 1.118000 -1.253000 16 0
-0.977000 1.049000 -1.256000 14 0
-0.915000 0.987000 -1.261000 15 0
-0.844000 0.918000 -1.253000 15 0
-1.019000 1.140000 -1.254000 16 0
-0.951000 1.070000 -1.256000 14 0
-0.888000 1.001000 -1.254000 13 0
-0.826000 0.938000 -1.255000 16 0
-0.985000 1.157000 -1.249000 15 0
-0.925000 1.089000 -1.255000 16 0
-0.866000 1.020000 -1.254000 14 0
-0.808000 0.955000 -1.255000 18 0
-0.953000 1.175000 -1.247000 17 0
-0.896000 1.105000 -1.251000 15 0
-0.842000 1.036000 -1.252000 14 0
-0.786000 0.969000 -1.250000 18 0
-0.921000 1.192000 -1.245000 15 0
-0.869000 1.124000 -1.252000 15 0
-0.818000 1.054000 -1.251000 17 0
-0.767000 0.988000 -1.253000 19 0
-0.891000 1.212000 -1.247000 18 0
-0.840000 1.139000 -1.249000 14 0
-0.793000 1.069000 -1.249000 19 0
-0.747000 1.004000 -1.252000 19 0
-0.858000 1.228000 -1.244000 15 0
-0.812000 1.156000 -1.248000 15 0
-0.769000 1.084000 -1.248000 19 0
-0.727000 1.019000 -1.252000 19 0
-0.826000 1.243000 -1.243000 14 0
-0.784000 1.172000 -1.248000 16 0
-0.744000 1.099000 -1.247000 18 0
-0.705000 1.034000 -1.250000 19 0
-0.795000 1.261000 -1.245000 14 0
-0.753000 1.182000 -1.243000 17 0
-0.720000 1.115000 -1.247000 21 0
-0.684000 1.049000 -1.249000 19 0
-0.759000 1.270000 -1.239000 16 0
-0.725000 1.197000 -1.242000 21 0
-0.695000 1.131000 -1.247000 20 0
-0.662000 1.063000 -1.248000 19 0
-0.727000 1.285000 -1.240000 16 0
-0.696000 1.211000 -1.242000 19 0
-0.669000 1.142000 -1.244000 21 0
-0.641000 1.078000 -1.248000 20 0
-0.693000 1.296000 -1.238000 16 0
-0.666000 1.223000 -1.240000 22 0
-0.645000 1.158000 -1.246000 21 0
-0.619000 1.091000 -1.247000 19 0
-0.660000 1.308000 -1.238000 15 0
-0.636000 1.235000 -1.239000 19 0
-0.617000 1.168000 -1.242000 21 0
-0.597000 1.105000 -1.246000 19 0
-0.626000 1.316000 -1.235000 16 0
-0.607000 1.247000 -1.239000 20 0
-0.591000 1.179000 -1.240000 19 0
-0.574000 1.118000 -1.246000 20 0
-0.593000 1.329000 -1.237000 16 0
-0.578000 1.258000 -1.239000 20 0
-0.566000 1.194000 -1.242000 23 0
-0.552000 1.131000 -1.246000 21 0
-0.558000 1.333000 -1.232000 16 0
-0.549000 1.270000 -1.240000 21 0
-0.538000 1.203000 -1.238000 19 0
-0.526000 1.139000 -1.240000 19 0
-0.525000 1.343000 -1.233000 16 0
-0.517000 1.277000 -1.236000 21 0
-0.511000 1.211000 -1.236000 21 0
-0.504000 1.154000 -1.243000 19 0
-0.492000 1.352000 -1.234000 16 0
-0.488000 1.287000 -1.238000 21 0
-0.484000 1.221000 -1.235000 21 0
-0.479000 1.162000 -1.238000 23 0
-0.457000 1.356000 -1.231000 16 0
-0.457000 1.295000 -1.237000 19 0
-0.457000 1.232000 -1.235000 21 0
-0.457000 1.175000 -1.241000 21 0
-0.424000 1.362000 -1.231000 16 0
-0.426000 1.301000 -1.234000 20 0
-0.430000 1.241000 -1.235000 21 0
-0.432000 1.185000 -1.239000 21 0
-0.389000 1.362000 -1.226000 19 0
-0.396000 1.308000 -1.234000 18 0
-0.402000 1.248000 -1.232000 21 0
-0.407000 1.192000 -1.235000 23 0
-0.355000 1.365000 -1.225000 21 0
-0.365000 1.313000 -1.233000 17 0
-0.375000 1.257000 -1.233000 17 0
-0.383000 1.205000 -1.238000 21 0
-0.321000 1.367000 -1.223000 18 0
-0.334000 1.314000 -1.229000 16 0
-0.346000 1.260000 -1.228000 16 0
-0.357000 1.210000 -1.233000 19 0
-0.287000 1.368000 -1.221000 18 0
-0.303000 1.319000 -1.228000 17 0
-0.319000 1.267000 -1.228000 16 0
-0.333000 1.220000 -1.233000 18 0
-0.254000 1.370000 -1.222000 17 0
-0.272000 1.321000 -1.226000 17 0
-0.292000 1.276000 -1.230000 18 0
-0.308000 1.229000 -1.234000 19 0
-0.221000 1.372000 -1.222000 18 0
-0.242000 1.324000 -1.225000 14 0
-0.263000 1.278000 -1.226000 16 0
-0.282000 1.236000 -1.232000 20 0
-0.188000 1.367000 -1.217000 9 0
0.000000 -0.000000 -0.000000 0 0
0.000000 -0.000000 -0.000000 0 0
-0.255000 1.235000 -1.223000 12 0
0.000000 -0.000000 -0.000000 0 0
0.000000 -0.000000 -0.000000 0 0
0.000000 -0.000000 -0.000000 0 0
0.000000 -0.000000 -0.000000 0 0
-0.011000 0.131000 -0.117000 1 0
-0.015000 0.139000 -0.128000 1 0
-0.018000 0.136000 -0.129000 1 0
-0.022000 0.136000 -0.133000 1 0
0.000000 -0.000000 -0.000000 0 0
0.000000 -0.000000 -0.000000 0 0
0.000000 -0.000000 -0.000000 0 0
0.000000 -0.000000 -0.000000 0 0
-0.005000 0.131000 -0.117000 1 0
-0.009000 0.136000 -0.125000 0 0
-0.012000 0.131000 -0.123000 0 0
-0.016000 0.137000 -0.133000 1 0
0.000000 -0.000000 -0.000000 0 0
0.000000 -0.000000 -0.000000 0 0
0.000000 -0.000000 -0.000000 0 0
0.000000 -0.000000 -0.000000 0 0
0.000000 -0.000000 -0.000000 0 128
-0.002000 0.122000 -0.113000 0 0
-0.006000 0.128000 -0.121000 0 0
-0.010000 0.136000 -0.131000 1 0
0.000000 -0.000000 -0.000000 0 128
0.000000 -0.000000 -0.000000 0 0
0.000000 -0.000000 -0.000000 0 0
0.000000 -0.000000 -0.000000 0 0
0.004000 0.079000 -0.072000 0 0
0.000000 -0.000000 -0.000000 0 0
0.000000 -0.000000 -0.000000 0 0
-0.004000 0.117000 -0.112000 0 0
0.000000 -0.000000 -0.000000 0 0
0.000000 -0.000000 -0.000000 0 0
0.000000 -0.000000 -0.000000 0 0
0.000000 -0.000000 -0.000000 0 0
0.000000 -0.000000 -0.000000 0 192
0.000000 -0.000000 -0.000000 0 192
0.000000 -0.000000 -0.000000 0 128
0.000000 -0.000000 -0.000000 0 128
0.000000 -0.000000 -0.000000 0 128
0.000000 -0.000000 -0.000000 0 128
0.000000 -0.000000 -0.000000 0 128
0.000000 -0.000000 -0.000000 0 128
0.011000 0.079000 -0.073000 0 0
0.000000 -0.000000 -0.000000 0 128
0.000000 -0.000000 -0.000000 0 192
0.000000 -0.000000 -0.000000 0 192
0.000000 -0.000000 -0.000000 0 0
0.000000 -0.000000 -0.000000 0 128
0.000000 -0.000000 -0.000000 0 128
0.000000 -0.000000 -0.000000 0 128
-0.525000 1.343000 -1.233000 16 0
-0.517000 1.277000 -1.236000 21 0
-0.511000 1.211000 -1.236000 21 0
-0.504000 1.154000 -1.243000 19 0
-0.492000 1.352000 -1.234000 16 0
-0.488000 1.287000 -1.238000 21 0
-0.484000 1.221000 -1.235000 21 0
-0.479000 1.162000 -1.238000 23 0
-0.457000 1.356000 -1.231000 16 0
-0.457000 1.295000 -1.237000 19 0
-0.457000 1.232000 -1.235000 21 0
-0.457000 1.175000 -1.241000 21 0
-0.424000 1.362000 -1.231000 16 0
-0.426000 1.301000 -1.234000 20 0
-0.430000 1.241000 -1.235000 21 0
-0.432000 1.185000 -1.239000 21 0
-0.389000 1.362000 -1.226000 19 0
-0.396000 1.308000 -1.234000 18 0
-0.402000 1.248000 -1.232000 21 0
-0.407000 1.192000 -1.235000 23 0
-0.355000 1.365000 -1.225000 21 0
-0.365000 1.313000 -1.233000 17 0
-0.375000 1.257000 -1.233000 17 0
-0.383000 1.205000 -1.238000 21 0
-0.321000 1.367000 -1.223000 18 0
-0.334000 1.314000 -1.229000 16 0
-0.346000 1.260000 -1.228000 16 0
-0.357000 1.210000 -1.233000 19 0
-0.287000 1.368000 -1.221000 18 0
-0.303000 1.319000 -1.228000 17 0
-0.319000 1.267000 -1.228000 16 0
-0.333000 1.220000 -1.233000 18 0
-0.254000 1.370000 -1.222000 17 0
-0.272000 1.321000 -1.226000 17 0
-0.292000 1.276000 -1.230000 18 0
-0.308000 1.229000 -1.234000 19 0
-0.221000 1.372000 -1.222000 18 0
-0.242000 1.324000 -1.225000 14 0
-0.263000 1.278000 -1.226000 16 0
-0.282000 1.236000 -1.232000 20 0
-0.188000 1.367000 -1.217000 9 0
0.000000 -0.000000 -0.000000 0 0
0.000000 -0.000000 -0.000000 0 0
-0.255000 1.235000 -1.223000 12 0
0.000000 -0.000000 -0.000000 0 0
0.000000 -0.000000 -0.000000 0 0
0.000000 -0.000000 -0.000000 0 0
0.000000 -0.000000 -0.000000 0 0
-0.011000 0.131000 -0.117000 1 0
-0.015000 0.139000 -0.128000 1 0
-0.018000 0.136000 -0.129000 1 0
-0.022000 0.136000 -0.133000 1 0
0.000000 -0.000000 -0.000000 0 0
0.000000 -0.000000 -0.000000 0 0
0.000000 -0.000000 -0.000000 0 0
0.000000 -0.000000 -0.000000 0 0
-0.005000 0.131000 -0.117000 1 0
-0.009000 0.136000 -0.125000 0 0
-0.012000 0.131000 -0.123000 0 0
-0.016000 0.137000 -0.133000 1 0
0.000000 -0.000000 -0.000000 0 0
0.000000 -0.000000 -0.000000 0 0
0.000000 -0.000000 -0.000000 0 0
0.000000 -0.000000 -0.000000 0 0
0.000000 -0.000000 -0.000000 0 128
-0.002000 0.122000 -0.113000 0 0
-0.006000 0.128000 -0.121000 0 0
-0.010000 0.136000 -0.131000 1 0
0.000000 -0.000000 -0.000000 0 128
0.000000 -0.000000 -0.000000 0 0
0.000000 -0.000000 -0.000000 0 0
0.000000 -0.000000 -0.000000 0 0
0.004000 0.079000 -0.072000 0 0
0.000000 -0.000000 -0.000000 0 0
0.000000 -0.000000 -0.000000 0 0
-0.004000 0.117000 -0.112000 0 0
0.000000 -0.000000 -0.000000 0 0
0.000000 -0.000000 -0.000000 0 0
0.000000 -0.000000 -0.000000 0 0
0.000000 -0.000000 -0.000000 0 0
0.000000 -0.000000 -0.000000 0 192
0.000000 -0.000000 -0.000000 0 192
0.000000 -0.000000 -0.000000 0 128
0.000000 -0.000000 -0.000000 0 128
0.000000 -0.000000 -0.000000 0 128
0.000000 -0.000000 -0.000000 0 128
0.000000 -0.000000 -0.000000 0 128
0.000000 -0.000000 -0.000000 0 128
0.011000 0.079000 -0.073000 0 0
0.000000 -0.000000 -0.000000 0 128
0.000000 -0.000000 -0.000000 0 192
0.000000 -0.000000 -0.000000 0 192
0.000000 -0.000000 -0.000000 0 0
0.000000 -0.000000 -0.000000 0 128
0.000000 -0.000000 -0.000000 0 128
0.000000 -0.000000 -0.000000 0 128
0.020000 0.108000 -0.102000 1 0
0.018000 0.117000 -0.111000 0 0
0.000000 -0.000000 -0.000000 0 128
0.000000 -0.000000 -0.000000 0 192
0.000000 -0.000000 -0.000000 0 0
0.000000 -0.000000 -0.000000 0 0
0.000000 -0.000000 -0.000000 0 192
0.000000 -0.000000 -0.000000 0 128
0.026000 0.108000 -0.103000 1 0
0.025000 0.122000 -0.116000 0 16
0.020000 0.120000 -0.114000 0 0
0.010000 0.075000 -0.071000 0 0
0.000000 -0.000000 -0.000000 0 0
0.000000 -0.000000 -0.000000 0 0
0.000000 -0.000000 -0.000000 0 0
0.000000 -0.000000 -0.000000 0 0
0.034000 0.119000 -0.116000 1 16
0.029000 0.115000 -0.111000 0 0
0.025000 0.117000 -0.112000 0 0
0.021000 0.121000 -0.115000 1 0
0.000000 -0.000000 -0.000000 0 0
0.000000 -0.000000 -0.000000 0 0
0.000000 -0.000000 -0.000000 0 0
0.000000 -0.000000 -0.000000 0 0
0.037000 0.110000 -0.110000 0 0
0.038000 0.127000 -0.125000 1 16
0.031000 0.122000 -0.118000 0 0
0.025000 0.114000 -0.108000 1 0
0.437000 1.192000 -1.203000 3 0
0.000000 -0.000000 -0.000000 0 0
0.000000 -0.000000 -0.000000 0 0
0.000000 -0.000000 -0.000000 0 0
0.462000 1.178000 -1.204000 14 0
0.043000 0.125000 -0.125000 0 16
0.039000 0.127000 -0.124000 1 16
0.034000 0.126000 -0.121000 1 0
0.489000 1.167000 -1.208000 15 0
0.446000 1.191000 -1.202000 10 0
0.000000 -0.000000 -0.000000 0 0
0.000000 -0.000000 -0.000000 0 0
0.512000 1.146000 -1.202000 16 0
0.475000 1.186000 -1.208000 14 0
0.041000 0.115000 -0.114000 0 16
0.035000 0.112000 -0.108000 0 0
0.532000 1.121000 -1.193000 11 0
0.498000 1.169000 -1.204000 15 0
0.460000 1.204000 -1.200000 14 0
0.419000 1.227000 -1.191000 2 0
0.555000 1.106000 -1.193000 12 0
0.524000 1.156000 -1.204000 15 0
0.487000 1.196000 -1.202000 16 0
0.451000 1.232000 -1.202000 15 0
0.577000 1.086000 -1.190000 13 0
0.547000 1.140000 -1.201000 13 0
0.513000 1.183000 -1.200000 16 0
0.480000 1.228000 -1.205000 16 0
0.601000 1.072000 -1.193000 12 0
0.571000 1.124000 -1.200000 15 0
0.538000 1.171000 -1.199000 14 0
0.506000 1.215000 -1.200000 16 0
0.623000 1.054000 -1.193000 12 0
0.595000 1.110000 -1.200000 15 0
0.564000 1.158000 -1.198000 14 0
0.534000 1.207000 -1.201000 15 0
0.645000 1.037000 -1.193000 12 0
0.617000 1.092000 -1.196000 14 0
0.589000 1.146000 -1.198000 15 0
0.561000 1.196000 -1.199000 15 0
0.666000 1.018000 -1.193000 14 0
0.640000 1.075000 -1.195000 14 0
0.614000 1.132000 -1.196000 13 0
0.586000 1.183000 -1.196000 16 0
0.685000 0.999000 -1.192000 14 0
0.664000 1.061000 -1.197000 14 0
0.639000 1.118000 -1.196000 14 0
0.613000 1.171000 -1.194000 13 0
0.704000 0.978000 -1.190000 15 0
0.684000 1.041000 -1.193000 14 0
0.660000 1.099000 -1.190000 14 0
0.639000 1.158000 -1.193000 16 0
0.725000 0.960000 -1.191000 14 0
0.707000 1.027000 -1.196000 15 0
0.688000 1.089000 -1.195000 14 0
0.666000 1.146000 -1.193000 14 0
0.746000 0.943000 -1.195000 12 0
0.727000 1.007000 -1.193000 16 0
0.709000 1.069000 -1.189000 15 0
0.693000 1.134000 -1.193000 15 0
0.762000 0.921000 -1.191000 9 0
0.749000 0.991000 -1.194000 14 0
0.733000 1.055000 -1.190000 15 0
0.718000 1.119000 -1.191000 13 0
0.000000 -0.000000 -0.000000 0 0
0.768000 0.970000 -1.192000 13 0
0.755000 1.037000 -1.188000 17 0
0.743000 1.105000 -1.191000 15 0
0.020000 0.108000 -0.102000 1 0
0.018000 0.117000 -0.111000 0 0
0.000000 -0.000000 -0.000000 0 128
0.000000 -0.000000 -0.000000 0 192
0.000000 -0.000000 -0.000000 0 0
0.000000 -0.000000 -0.000000 0 0
0.000000 -0.000000 -0.000000 0 192
0.000000 -0.000000 -0.000000 0 128
0.026000 0.108000 -0.103000 1 0
0.025000 0.122000 -0.116000 0 16
0.020000 0.120000 -0.114000 0 0
0.010000 0.075000 -0.071000 0 0
0.000000 -0.000000 -0.000000 0 0
0.000000 -0.000000 -0.000000 0 0
0.000000 -0.000000 -0.000000 0 0
0.000000 -0.000000 -0.000000 0 0
0.034000 0.119000 -0.116000 1 16
0.029000 0.115000 -0.111000 0 0
0.025000 0.117000 -0.112000 0 0
0.021000 0.121000 -0.115000 1 0
0.000000 -0.000000 -0.000000 0 0
0.000000 -0.000000 -0.000000 0 0
0.000000 -0.000000 -0.000000 0 0
0.000000 -0.000000 -0.000000 0 0
0.037000 0.110000 -0.110000 0 0
0.038000 0.127000 -0.125000 1 16
0.031000 0.122000 -0.118000 0 0
0.025000 0.114000 -0.108000 1 0
0.437000 1.192000 -1.203000 3 0
0.000000 -0.000000 -0.000000 0 0
0.000000 -0.000000 -0.000000 0 0
0.000000 -0.000000 -0.000000 0 0
0.462000 1.178000 -1.204000 14 0
0.043000 0.125000 -0.125000 0 16
0.039000 0.127000 -0.124000 1 16
0.034000 0.126000 -0.121000 1 0
0.489000 1.167000 -1.208000 15 0
0.446000 1.191000 -1.202000 10 0
0.000000 -0.000000 -0.000000 0 0
0.000000 -0.000000 -0.000000 0 0
0.512000 1.146000 -1.202000 16 0
0.475000 1.186000 -1.208000 14 0
0.041000 0.115000 -0.114000 0 16
0.035000 0.112000 -0.108000 0 0
0.532000 1.121000 -1.193000 11 0
0.498000 1.169000 -1.204000 15 0
0.460000 1.204000 -1.200000 14 0
0.419000 1.227000 -1.191000 2 0
0.555000 1.106000 -1.193000 12 0
0.524000 1.156000 -1.204000 15 0
0.487000 1.196000 -1.202000 16 0
0.451000 1.232000 -1.202000 15 0
0.577000 1.086000 -1.190000 13 0
0.547000 1.140000 -1.201000 13 0
0.513000 1.183000 -1.200000 16 0
0.480000 1.228000 -1.205000 16 0
0.601000 1.072000 -1.193000 12 0
0.571000 1.124000 -1.200000 15 0
0.538000 1.171000 -1.199000 14 0
0.506000 1.215000 -1.200000 16 0
0.623000 1.054000 -1.193000 12 0
0.595000 1.110000 -1.200000 15 0
0.564000 1.158000 -1.198000 14 0
0.534000 1.207000 -1.201000 15 0
0.645000 1.037000 -1.193000 12 0
0.617000 1.092000 -1.196000 14 0
0.589000 1.146000 -1.198000 15 0
0.561000 1.196000 -1.199000 15 0
0.666000 1.018000 -1.193000 14 0
0.640000 1.075000 -1.195000 14 0
0.614000 1.132000 -1.196000 13 0
0.586000 1.183000 -1.196000 16 0
0.685000 0.999000 -1.192000 14 0
0.664000 1.061000 -1.197000 14 0
0.639000 1.118000 -1.196000 14 0
0.613000 1.171000 -1.194000 13 0
0.704000 0.978000 -1.190000 15 0
0.684000 1.041000 -1.193000 14 0
0.660000 1.099000 -1.190000 14 0
0.639000 1.158000 -1.193000 16 0
0.725000 0.960000 -1.191000 14 0
0.707000 1.027000 -1.196000 15 0
0.688000 1.089000 -1.195000 14 0
0.666000 1.146000 -1.193000 14 0
0.746000 0.943000 -1.195000 12 0
0.727000 1.007000 -1.193000 16 0
0.709000 1.069000 -1.189000 15 0
0.693000 1.134000 -1.193000 15 0
0.762000 0.921000 -1.191000 9 0
0.749000 0.991000 -1.194000 14 0
0.733000 1.055000 -1.190000 15 0
0.718000 1.119000 -1.191000 13 0
0.000000 -0.000000 -0.000000 0 0
0.768000 0.970000 -1.192000 13 0
0.755000 1.037000 -1.188000 17 0
0.743000 1.105000 -1.191000 15 0
0.000000 -0.000000 -0.000000 0 0
0.783000 0.945000 -1.184000 8 0
0.778000 1.021000 -1.188000 15 0
0.771000 1.093000 -1.193000 14 0
0.000000 -0.000000 -0.000000 0 192
0.000000 -0.000000 -0.000000 0 0
0.799000 1.002000 -1.186000 14 0
0.794000 1.073000 -1.188000 15 0
0.000000 -0.000000 -0.000000 0 128
0.000000 -0.000000 -0.000000 0 0
0.818000 0.980000 -1.181000 8 0
0.818000 1.056000 -1.187000 14 0
0.000000 -0.000000 -0.000000 0 128
0.000000 -0.000000 -0.000000 0 192
0.000000 -0.000000 -0.000000 0 0
0.843000 1.040000 -1.187000 12 0
0.000000 -0.000000 -0.000000 0 128
0.000000 -0.000000 -0.000000 0 128
0.000000 -0.000000 -0.000000 0 0
0.864000 1.019000 -1.182000 6 0
0.000000 -0.000000 -0.000000 0 128
0.000000 -0.000000 -0.000000 0 128
0.000000 -0.000000 -0.000000 0 192
0.865000 0.975000 -1.151000 2 0
0.000000 -0.000000 -0.000000 0 128
0.000000 -0.000000 -0.000000 0 128
0.000000 -0.000000 -0.000000 0 128
0.000000 -0.000000 -0.000000 0 0
0.000000 -0.000000 -0.000000 0 192
0.000000 -0.000000 -0.000000 0 128
0.000000 -0.000000 -0.000000 0 128
0.000000 -0.000000 -0.000000 0 192
0.000000 -0.000000 -0.000000 0 128
0.000000 -0.000000 -0.000000 0 128
0.000000 -0.000000 -0.000000 0 128
0.000000 -0.000000 -0.000000 0 128
0.000000 -0.000000 -0.000000 0 192
0.000000 -0.000000 -0.000000 0 128
0.000000 -0.000000 -0.000000 0 128
0.000000 -0.000000 -0.000000 0 128
0.000000 -0.000000 -0.000000 0 128
0.000000 -0.000000 -0.000000 0 128
0.000000 -0.000000 -0.000000 0 128
0.000000 -0.000000 -0.000000 0 128
0.000000 -0.000000 -0.000000 0 128
0.000000 -0.000000 -0.000000 0 128
0.000000 -0.000000 -0.000000 0 128
0.000000 -0.000000 -0.000000 0 128
0.000000 -0.000000 -0.000000 0 128
0.000000 -0.000000 -0.000000 0 128
0.000000 -0.000000 -0.000000 0 128
0.000000 -0.000000 -0.000000 0 128
0.000000 -0.000000 -0.000000 0 128
0.000000 -0.000000 -0.000000 0 128
0.000000 -0.000000 -0.000000 0 128
0.000000 -0.000000 -0.000000 0 128
0.000000 -0.000000 -0.000000 0 128
0.000000 -0.000000 -0.000000 0 128
0.000000 -0.000000 -0.000000 0 128
0.000000 -0.000000 -0.000000 0 128
0.000000 -0.000000 -0.000000 0 128
0.000000 -0.000000 -0.000000 0 128
0.000000 -0.000000 -0.000000 0 128
0.000000 -0.000000 -0.000000 0 128
0.000000 -0.000000 -0.000000 0 128
0.000000 -0.000000 -0.000000 0 128
0.000000 -0.000000 -0.000000 0 128
0.000000 -0.000000 -0.000000 0 128
0.000000 -0.000000 -0.000000 0 128
0.000000 -0.000000 -0.000000 0 128
0.000000 -0.000000 -0.000000 0 128
0.000000 -0.000000 -0.000000 0 128
0.000000 -0.000000 -0.000000 0 128
0.000000 -0.000000 -0.000000 0 128
0.000000 -0.000000 -0.000000 0 128
0.000000 -0.000000 -0.000000 0 128
0.000000 -0.000000 -0.000000 0 128
0.000000 -0.000000 -0.000000 0 128
0.000000 -0.000000 -0.000000 0 128
0.000000 -0.000000 -0.000000 0 128
0.000000 -0.000000 -0.000000 0 128
0.000000 -0.000000 -0.000000 0 128
0.000000 -0.000000 -0.000000 0 128
0.000000 -0.000000 -0.000000 0 128
0.000000 -0.000000 -0.000000 0 128
0.000000 -0.000000 -0.000000 0 128
0.000000 -0.000000 -0.000000 0 128
0.000000 -0.000000 -0.000000 0 128
0.000000 -0.000000 -0.000000 0 128
0.000000 -0.000000 -0.000000 0 128
0.000000 -0.000000 -0.000000 0 128
0.000000 -0.000000 -0.000000 0 128
0.000000 -0.000000 -0.000000 0 128
0.000000 -0.000000 -0.000000 0 128
0.000000 -0.000000 -0.000000 0 192
0.000000 -0.000000 -0.000000 0 192
0.000000 -0.000000 -0.000000 0 0
0.783000 0.945000 -1.184000 8 0
0.778000 1.021000 -1.188000 15 0
0.771000 1.093000 -1.193000 14 0
0.000000 -0.000000 -0.000000 0 192
0.000000 -0.000000 -0.000000 0 0
0.799000 1.002000 -1.186000 14 0
0.794000 1.073000 -1.188000 15 0
0.000000 -0.000000 -0.000000 0 128
0.000000 -0.000000 -0.000000 0 0
0.818000 0.980000 -1.181000 8 0
0.818000 1.056000 -1.187000 14 0
0.000000 -0.000000 -0.000000 0 128
0.000000 -0.000000 -0.000000 0 192
0.000000 -0.000000 -0.000000 0 0
0.843000 1.040000 -1.187000 12 0
0.000000 -0.000000 -0.000000 0 128
0.000000 -0.000000 -0.000000 0 128
0.000000 -0.000000 -0.000000 0 0
0.864000 1.019000 -1.182000 6 0
0.000000 -0.000000 -0.000000 0 128
0.000000 -0.000000 -0.000000 0 128
0.000000 -0.000000 -0.000000 0 192
0.865000 0.975000 -1.151000 2 0
0.000000 -0.000000 -0.000000 0 128
0.000000 -0.000000 -0.000000 0 128
0.000000 -0.000000 -0.000000 0 128
0.000000 -0.000000 -0.000000 0 0
0.000000 -0.000000 -0.000000 0 192
0.000000 -0.000000 -0.000000 0 128
0.000000 -0.000000 -0.000000 0 128
0.000000 -0.000000 -0.000000 0 192
0.000000 -0.000000 -0.000000 0 128
0.000000 -0.000000 -0.000000 0 128
0.000000 -0.000000 -0.000000 0 128
0.000000 -0.000000 -0.000000 0 128
0.000000 -0.000000 -0.000000 0 192
0.000000 -0.000000 -0.000000 0 128
0.000000 -0.000000 -0.000000 0 128
0.000000 -0.000000 -0.000000 0 128
0.000000 -0.000000 -0.000000 0 128
0.000000 -0.000000 -0.000000 0 128
0.000000 -0.000000 -0.000000 0 128
0.000000 -0.000000 -0.000000 0 128
0.000000 -0.000000 -0.000000 0 128
0.000000 -0.000000 -0.000000 0 128
0.000000 -0.000000 -0.000000 0 128
0.000000 -0.000000 -0.000000 0 128
0.000000 -0.000000 -0.000000 0 128
0.000000 -0.000000 -0.000000 0 128
0.000000 -0.000000 -0.000000 0 128
0.000000 -0.000000 -0.000000 0 128
0.000000 -0.000000 -0.000000 0 128
0.000000 -0.000000 -0.000000 0 128
0.000000 -0.000000 -0.000000 0 128
0.000000 -0.000000 -0.000000 0 128
0.000000 -0.000000 -0.000000 0 128
0.000000 -0.000000 -0.000000 0 128
0.000000 -0.000000 -0.000000 0 128
0.000000 -0.000000 -0.000000 0 128
0.000000 -0.000000 -0.000000 0 128
0.000000 -0.000000 -0.000000 0 128
0.000000 -0.000000 -0.000000 0 128
0.000000 -0.000000 -0.000000 0 128
0.000000 -0.000000 -0.000000 0 128
0.000000 -0.000000 -0.000000 0 128
0.000000 -0.000000 -0.000000 0 128
0.000000 -0.000000 -0.000000 0 128
0.000000 -0.000000 -0.000000 0 128
0.000000 -0.000000 -0.000000 0 128
0.000000 -0.000000 -0.000000 0 128
0.000000 -0.000000 -0.000000 0 128
0.000000 -0.000000 -0.000000 0 128
0.000000 -0.000000 -0.000000 0 128
0.000000 -0.000000 -0.000000 0 128
0.000000 -0.000000 -0.000000 0 128
0.000000 -0.000000 -0.000000 0 128
0.000000 -0.000000 -0.000000 0 128
0.000000 -0.000000 -0.000000 0 128
0.000000 -0.000000 -0.000000 0 128
0.000000 -0.000000 -0.000000 0 128
0.000000 -0.000000 -0.000000 0 128
0.000000 -0.000000 -0.000000 0 128
0.000000 -0.000000 -0.000000 0 128
0.000000 -0.000000 -0.000000 0 128
0.000000 -0.000000 -0.000000 0 128
0.000000 -0.000000 -0.000000 0 128
0.000000 -0.000000 -0.000000 0 128
0.000000 -0.000000 -0.000000 0 128
0.000000 -0.000000 -0.000000 0 128
0.000000 -0.000000 -0.000000 0 128
0.000000 -0.000000 -0.000000 0 128
0.000000 -0.000000 -0.000000 0 128
0.000000 -0.000000 -0.000000 0 128
0.000000 -0.000000 -0.000000 0 192
0.000000 -0.000000 -0.000000 0 192
0.000000 -0.000000 -0.000000 0 128
0.000000 -0.000000 -0.000000 0 128
0.000000 -0.000000 -0.000000 0 128
0.000000 -0.000000 -0.000000 0 128
0.000000 -0.000000 -0.000000 0 128
0.000000 -0.000000 -0.000000 0 192
0.000000 -0.000000 -0.000000 0 192
0.000000 -0.000000 -0.000000 0 128
0.000000 -0.000000 -0.000000 0 128
0.000000 -0.000000 -0.000000 0 128
0.000000 -0.000000 -0.000000 0 128
0.000000 -0.000000 -0.000000 0 128
0.000000 -0.000000 -0.000000 0 192
0.000000 -0.000000 -0.000000 0 192
0.000000 -0.000000 -0.000000 0 128
0.000000 -0.000000 -0.000000 0 128
0.000000 -0.000000 -0.000000 0 128
0.000000 -0.000000 -0.000000 0 128
0.000000 -0.000000 -0.000000 0 128
0.000000 -0.000000 -0.000000 0 128
0.000000 -0.000000 -0.000000 0 192
0.000000 -0.000000 -0.000000 0 192
0.000000 -0.000000 -0.000000 0 128
0.000000 -0.000000 -0.000000 0 128
0.000000 -0.000000 -0.000000 0 192
0.000000 -0.000000 -0.000000 0 128
0.000000 -0.000000 -0.000000 0 128
0.000000 -0.000000 -0.000000 0 128
0.000000 -0.000000 -0.000000 0 192
0.000000 -0.000000 -0.000000 0 128
0.000000 -0.000000 -0.000000 0 0
0.000000 -0.000000 -0.000000 0 128
0.000000 -0.000000 -0.000000 0 192
0.000000 -0.000000 -0.000000 0 128
0.000000 -0.000000 -0.000000 0 0
0.000000 -0.000000 -0.000000 0 128
0.000000 -0.000000 -0.000000 0 192
0.000000 -0.000000 -0.000000 0 128
0.000000 -0.000000 -0.000000 0 0
0.000000 -0.000000 -0.000000 0 128
0.000000 -0.000000 -0.000000 0 192
0.000000 -0.000000 -0.000000 0 128
0.000000 -0.000000 -0.000000 0 0
0.000000 -0.000000 -0.000000 0 128
0.000000 -0.000000 -0.000000 0 192
0.000000 -0.000000 -0.000000 0 128
0.000000 -0.000000 -0.000000 0 0
0.000000 -0.000000 -0.000000 0 0
0.000000 -0.000000 -0.000000 0 192
0.000000 -0.000000 -0.000000 0 128
0.000000 -0.000000 -0.000000 0 0
0.000000 -0.000000 -0.000000 0 128
0.000000 -0.000000 -0.000000 0 192
0.000000 -0.000000 -0.000000 0 128
0.000000 -0.000000 -0.000000 0 0
0.000000 -0.000000 -0.000000 0 128
0.000000 -0.000000 -0.000000 0 192
0.000000 -0.000000 -0.000000 0 128
0.000000 -0.000000 -0.000000 0 0
0.000000 -0.000000 -0.000000 0 128
0.000000 -0.000000 -0.000000 0 192
0.000000 -0.000000 -0.000000 0 128
0.000000 -0.000000 -0.000000 0 0
0.000000 -0.000000 -0.000000 0 128
0.000000 -0.000000 -0.000000 0 192
0.000000 -0.000000 -0.000000 0 128
0.000000 -0.000000 -0.000000 0 0
0.000000 -0.000000 -0.000000 0 128
0.000000 -0.000000 -0.000000 0 192
0.000000 -0.000000 -0.000000 0 128
0.000000 -0.000000 -0.000000 0 128
0.000000 -0.000000 -0.000000 0 128
0.000000 -0.000000 -0.000000 0 192
0.000000 -0.000000 -0.000000 0 128
0.000000 -0.000000 -0.000000 0 128
0.000000 -0.000000 -0.000000 0 128
0.000000 -0.000000 -0.000000 0 192
0.000000 -0.000000 -0.000000 0 128
0.000000 -0.000000 -0.000000 0 0
0.000000 -0.000000 -0.000000 0 128
0.000000 -0.000000 -0.000000 0 192
0.000000 -0.000000 -0.000000 0 128
0.000000 -0.000000 -0.000000 0 0
0.000000 -0.000000 -0.000000 0 128
0.000000 -0.000000 -0.000000 0 192
0.000000 -0.000000 -0.000000 0 128
0.000000 -0.000000 -0.000000 0 0
0.000000 -0.000000 -0.000000 0 128
0.000000 -0.000000 -0.000000 0 128
0.000000 -0.000000 -0.000000 0 128
0.000000 -0.000000 -0.000000 0 0
0.000000 -0.000000 -0.000000 0 128
0.000000 -0.000000 -0.000000 0 128
0.000000 -0.000000 -0.000000 0 128
0.000000 -0.000000 -0.000000 0 0
0.000000 -0.000000 -0.000000 0 0
0.000000 -0.000000 -0.000000 0 128
0.000000 -0.000000 -0.000000 0 128
0.000000 -0.000000 -0.000000 0 128
0.000000 -0.000000 -0.000000 0 128
0.000000 -0.000000 -0.000000 0 128
0.000000 -0.000000 -0.000000 0 192
0.000000 -0.000000 -0.000000 0 192
0.000000 -0.000000 -0.000000 0 128
0.000000 -0.000000 -0.000000 0 128
0.000000 -0.000000 -0.000000 0 128
0.000000 -0.000000 -0.000000 0 128
0.000000 -0.000000 -0.000000 0 128
0.000000 -0.000000 -0.000000 0 192
0.000000 -0.000000 -0.000000 0 192
0.000000 -0.000000 -0.000000 0 128
0.000000 -0.000000 -0.000000 0 128
0.000000 -0.000000 -0.000000 0 128
0.000000 -0.000000 -0.000000 0 128
0.000000 -0.000000 -0.000000 0 128
0.000000 -0.000000 -0.000000 0 128
0.000000 -0.000000 -0.000000 0 192
0.000000 -0.000000 -0.000000 0 192
0.000000 -0.000000 -0.000000 0 128
0.000000 -0.000000 -0.000000 0 128
0.000000 -0.000000 -0.000000 0 192
0.000000 -0.000000 -0.000000 0 128
0.000000 -0.000000 -0.000000 0 128
0.000000 -0.000000 -0.000000 0 128
0.000000 -0.000000 -0.000000 0 192
0.000000 -0.000000 -0.000000 0 128
0.000000 -0.000000 -0.000000 0 0
0.000000 -0.000000 -0.000000 0 128
0.000000 -0.000000 -0.000000 0 192
0.000000 -0.000000 -0.000000 0 128
0.000000 -0.000000 -0.000000 0 0
0.000000 -0.000000 -0.000000 0 128
0.000000 -0.000000 -0.000000 0 192
0.000000 -0.000000 -0.000000 0 128
0.000000 -0.000000 -0.000000 0 0
0.000000 -0.000000 -0.000000 0 128
0.000000 -0.000000 -0.000000 0 192
0.000000 -0.000000 -0.000000 0 128
0.000000 -0.000000 -0.000000 0 0
0.000000 -0.000000 -0.000000 0 128
0.000000 -0.000000 -0.000000 0 192
0.000000 -0.000000 -0.000000 0 128
0.000000 -0.000000 -0.000000 0 0
0.000000 -0.000000 -0.000000 0 0
0.000000 -0.000000 -0.000000 0 192
0.000000 -0.000000 -0.000000 0 128
0.000000 -0.000000 -0.000000 0 0
0.000000 -0.000000 -0.000000 0 128
0.000000 -0.000000 -0.000000 0 192
0.000000 -0.000000 -0.000000 0 128
0.000000 -0.000000 -0.000000 0 0
0.000000 -0.000000 -0.000000 0 128
0.000000 -0.000000 -0.000000 0 192
0.000000 -0.000000 -0.000000 0 128
0.000000 -0.000000 -0.000000 0 0
0.000000 -0.000000 -0.000000 0 128
0.000000 -0.000000 -0.000000 0 192
0.000000 -0.000000 -0.000000 0 128
0.000000 -0.000000 -0.000000 0 0
0.000000 -0.000000 -0.000000 0 128
0.000000 -0.000000 -0.000000 0 192
0.000000 -0.000000 -0.000000 0 128
0.000000 -0.000000 -0.000000 0 0
0.000000 -0.000000 -0.000000 0 128
0.000000 -0.000000 -0.000000 0 192
0.000000 -0.000000 -0.000000 0 128
0.000000 -0.000000 -0.000000 0 128
0.000000 -0.000000 -0.000000 0 128
0.000000 -0.000000 -0.000000 0 192
0.000000 -0.000000 -0.000000 0 128
0.000000 -0.000000 -0.000000 0 128
0.000000 -0.000000 -0.000000 0 128
0.000000 -0.000000 -0.000000 0 192
0.000000 -0.000000 -0.000000 0 128
0.000000 -0.000000 -0.000000 0 0
0.000000 -0.000000 -0.000000 0 128
0.000000 -0.000000 -0.000000 0 192
0.000000 -0.000000 -0.000000 0 128
0.000000 -0.000000 -0.000000 0 0
0.000000 -0.000000 -0.000000 0 128
0.000000 -0.000000 -0.000000 0 192
0.000000 -0.000000 -0.000000 0 128
0.000000 -0.000000 -0.000000 0 0
0.000000 -0.000000 -0.000000 0 128
0.000000 -0.000000 -0.000000 0 128
0.000000 -0.000000 -0.000000 0 128
0.000000 -0.000000 -0.000000 0 0
0.000000 -0.000000 -0.000000 0 128
0.000000 -0.000000 -0.000000 0 128
0.000000 -0.000000 -0.000000 0 128
0.000000 -0.000000 -0.000000 0 0
0.000000 -0.000000 -0.000000 0 0
0.000000 -0.000000 -0.000000 0 128
0.000000 -0.000000 -0.000000 0 128
0.000000 -0.000000 -0.000000 0 0
0.000000 -0.000000 -0.000000 0 0
0.000000 -0.000000 -0.000000 0 128
0.000000 -0.000000 -0.000000 0 128
0.000000 -0.000000 -0.000000 0 0
0.000000 -0.000000 -0.000000 0 0
0.000000 -0.000000 -0.000000 0 128
0.000000 -0.000000 -0.000000 0 128
0.000000 -0.000000 -0.000000 0 0
0.000000 -0.000000 -0.000000 0 0
0.000000 -0.000000 -0.000000 0 128
0.000000 -0.000000 -0.000000 0 192
0.000000 -0.000000 -0.000000 0 0
0.000000 -0.000000 -0.000000 0 128
0.000000 -0.000000 -0.000000 0 128
0.000000 -0.000000 -0.000000 0 192
0.000000 -0.000000 -0.000000 0 0
0.000000 -0.000000 -0.000000 0 0
0.000000 -0.000000 -0.000000 0 128
0.000000 -0.000000 -0.000000 0 192
0.000000 -0.000000 -0.000000 0 128
0.000000 -0.000000 -0.000000 0 128
0.000000 -0.000000 -0.000000 0 128
0.000000 -0.000000 -0.000000 0 128
0.000000 -0.000000 -0.000000 0 128
0.000000 -0.000000 -0.000000 0 128
0.000000 -0.000000 -0.000000 0 128
0.000000 -0.000000 -0.000000 0 128
0.000000 -0.000000 -0.000000 0 128
0.000000 -0.000000 -0.000000 0 128
0.000000 -0.000000 -0.000000 0 128
0.000000 -0.000000 -0.000000 0 128
0.000000 -0.000000 -0.000000 0 128
0.000000 -0.000000 -0.000000 0 128
0.000000 -0.000000 -0.000000 0 128
0.000000 -0.000000 -0.000000 0 128
0.000000 -0.000000 -0.000000 0 192
0.000000 -0.000000 -0.000000 0 128
0.000000 -0.000000 -0.000000 0 128
0.000000 -0.000000 -0.000000 0 128
0.000000 -0.000000 -0.000000 0 128
0.000000 -0.000000 -0.000000 0 128
0.000000 -0.000000 -0.000000 0 128
0.000000 -0.000000 -0.000000 0 128
0.000000 -0.000000 -0.000000 0 128
0.000000 -0.000000 -0.000000 0 128
0.000000 -0.000000 -0.000000 0 128
0.000000 -0.000000 -0.000000 0 128
0.000000 -0.000000 -0.000000 0 128
0.000000 -0.000000 -0.000000 0 192
0.000000 -0.000000 -0.000000 0 128
0.000000 -0.000000 -0.000000 0 128
0.000000 -0.000000 -0.000000 0 128
0.000000 -0.000000 -0.000000 0 128
0.000000 -0.000000 -0.000000 0 128
0.000000 -0.000000 -0.000000 0 128
0.000000 -0.000000 -0.000000 0 128
0.000000 -0.000000 -0.000000 0 128
0.000000 -0.000000 -0.000000 0 128
0.000000 -0.000000 -0.000000 0 128
0.000000 -0.000000 -0.000000 0 128
0.000000 -0.000000 -0.000000 0 128
0.000000 -0.000000 -0.000000 0 128
0.000000 -0.000000 -0.000000 0 128
0.000000 -0.000000 -0.000000 0 128
0.000000 -0.000000 -0.000000 0 128
0.000000 -0.000000 -0.000000 0 128
0.000000 -0.000000 -0.000000 0 128
0.000000 -0.000000 -0.000000 0 128
0.000000 -0.000000 -0.000000 0 128
0.000000 -0.000000 -0.000000 0 128
0.000000 -0.000000 -0.000000 0 128
0.000000 -0.000000 -0.000000 0 128
0.000000 -0.000000 -0.000000 0 128
0.000000 -0.000000 -0.000000 0 128
0.000000 -0.000000 -0.000000 0 128
0.000000 -0.000000 -0.000000 0 128
0.000000 -0.000000 -0.000000 0 128
0.000000 -0.000000 -0.000000 0 128
0.000000 -0.000000 -0.000000 0 128
0.000000 -0.000000 -0.000000 0 128
0.000000 -0.000000 -0.000000 0 128
0.000000 -0.000000 -0.000000 0 192
0.000000 -0.000000 -0.000000 0 128
0.000000 -0.000000 -0.000000 0 128
0.000000 -0.000000 -0.000000 0 128
0.000000 -0.000000 -0.000000 0 192
0.000000 -0.000000 -0.000000 0 128
0.000000 -0.000000 -0.000000 0 128
0.000000 -0.000000 -0.000000 0 128
0.000000 -0.000000 -0.000000 0 192
0.000000 -0.000000 -0.000000 0 128
0.000000 -0.000000 -0.000000 0 128
0.000000 -0.000000 -0.000000 0 128
0.000000 -0.000000 -0.000000 0 128
0.000000 -0.000000 -0.000000 0 128
0.000000 -0.000000 -0.000000 0 0
0.000000 -0.000000 -0.000000 0 0
0.000000 -0.000000 -0.000000 0 128
0.000000 -0.000000 -0.000000 0 128
0.000000 -0.000000 -0.000000 0 0
0.000000 -0.000000 -0.000000 0 0
0.000000 -0.000000 -0.000000 0 128
0.000000 -0.000000 -0.000000 0 128
0.000000 -0.000000 -0.000000 0 0
0.000000 -0.000000 -0.000000 0 0
0.000000 -0.000000 -0.000000 0 128
0.000000 -0.000000 -0.000000 0 192
0.000000 -0.000000 -0.000000 0 0
0.000000 -0.000000 -0.000000 0 128
0.000000 -0.000000 -0.000000 0 128
0.000000 -0.000000 -0.000000 0 192
0.000000 -0.000000 -0.000000 0 0
0.000000 -0.000000 -0.000000 0 0
0.000000 -0.000000 -0.000000 0 128
0.000000 -0.000000 -0.000000 0 192
0.000000 -0.000000 -0.000000 0 128
0.000000 -0.000000 -0.000000 0 128
0.000000 -0.000000 -0.000000 0 128
0.000000 -0.000000 -0.000000 0 128
0.000000 -0.000000 -0.000000 0 128
0.000000 -0.000000 -0.000000 0 128
0.000000 -0.000000 -0.000000 0 128
0.000000 -0.000000 -0.000000 0 128
0.000000 -0.000000 -0.000000 0 128
0.000000 -0.000000 -0.000000 0 128
0.000000 -0.000000 -0.000000 0 128
0.000000 -0.000000 -0.000000 0 128
0.000000 -0.000000 -0.000000 0 128
0.000000 -0.000000 -0.000000 0 128
0.000000 -0.000000 -0.000000 0 128
0.000000 -0.000000 -0.000000 0 128
0.000000 -0.000000 -0.000000 0 192
0.000000 -0.000000 -0.000000 0 128
0.000000 -0.000000 -0.000000 0 128
0.000000 -0.000000 -0.000000 0 128
0.000000 -0.000000 -0.000000 0 128
0.000000 -0.000000 -0.000000 0 128
0.000000 -0.000000 -0.000000 0 128
0.000000 -0.000000 -0.000000 0 128
0.000000 -0.000000 -0.000000 0 128
0.000000 -0.000000 -0.000000 0 128
0.000000 -0.000000 -0.000000 0 128
0.000000 -0.000000 -0.000000 0 128
0.000000 -0.000000 -0.000000 0 128
0.000000 -0.000000 -0.000000 0 192
0.000000 -0.000000 -0.000000 0 128
0.000000 -0.000000 -0.000000 0 128
0.000000 -0.000000 -0.000000 0 128
0.000000 -0.000000 -0.000000 0 128
0.000000 -0.000000 -0.000000 0 128
0.000000 -0.000000 -0.000000 0 128
0.000000 -0.000000 -0.000000 0 128
0.000000 -0.000000 -0.000000 0 128
0.000000 -0.000000 -0.000000 0 128
0.000000 -0.000000 -0.000000 0 128
0.000000 -0.000000 -0.000000 0 128
0.000000 -0.000000 -0.000000 0 128
0.000000 -0.000000 -0.000000 0 128
0.000000 -0.000000 -0.000000 0 128
0.000000 -0.000000 -0.000000 0 128
0.000000 -0.000000 -0.000000 0 128
0.000000 -0.000000 -0.000000 0 128
0.000000 -0.000000 -0.000000 0 128
0.000000 -0.000000 -0.000000 0 128
0.000000 -0.000000 -0.000000 0 128
0.000000 -0.000000 -0.000000 0 128
0.000000 -0.000000 -0.000000 0 128
0.000000 -0.000000 -0.000000 0 128
0.000000 -0.000000 -0.000000 0 128
0.000000 -0.000000 -0.000000 0 128
0.000000 -0.000000 -0.000000 0 128
0.000000 -0.000000 -0.000000 0 128
0.000000 -0.000000 -0.000000 0 128
0.000000 -0.000000 -0.000000 0 128
0.000000 -0.000000 -0.000000 0 128
0.000000 -0.000000 -0.000000 0 128
0.000000 -0.000000 -0.000000 0 128
0.000000 -0.000000 -0.000000 0 192
0.000000 -0.000000 -0.000000 0 128
0.000000 -0.000000 -0.000000 0 128
0.000000 -0.000000 -0.000000 0 128
0.000000 -0.000000 -0.000000 0 192
0.000000 -0.000000 -0.000000 0 128
0.000000 -0.000000 -0.000000 0 128
0.000000 -0.000000 -0.000000 0 128
0.000000 -0.000000 -0.000000 0 192
0.000000 -0.000000 -0.000000 0 128
0.000000 -0.000000 -0.000000 0 128
0.000000 -0.000000 -0.000000 0 128
0.000000 -0.000000 -0.000000 0 128
0.000000 -0.000000 -0.000000 0 128
0.000000 -0.000000 -0.000000 0 128
0.000000 -0.000000 -0.000000 0 128
0.000000 -0.000000 -0.000000 0 128
0.000000 -0.000000 -0.000000 0 128
0.000000 -0.000000 -0.000000 0 128
0.000000 -0.000000 -0.000000 0 128
0.000000 -0.000000 -0.000000 0 128
0.000000 -0.000000 -0.000000 0 128
0.000000 -0.000000 -0.000000 0 128
0.000000 -0.000000 -0.000000 0 192
0.000000 -0.000000 -0.000000 0 128
0.000000 -0.000000 -0.000000 0 192
0.000000 -0.000000 -0.000000 0 192
0.000000 -0.000000 -0.000000 0 192
0.000000 -0.000000 -0.000000 0 128
0.000000 -0.000000 -0.000000 0 192
0.000000 -0.000000 -0.000000 0 192
0.000000 -0.000000 -0.000000 0 192
0.000000 -0.000000 -0.000000 0 192
0.000000 -0.000000 -0.000000 0 192
0.000000 -0.000000 -0.000000 0 192
0.924000 -0.990000 -1.184000 2 0
0.000000 -0.000000 -0.000000 0 192
0.000000 -0.000000 -0.000000 0 192
0.000000 -0.000000 -0.000000 0 0
0.918000 -1.031000 -1.209000 8 0
0.000000 -0.000000 -0.000000 0 192
0.000000 -0.000000 -0.000000 0 192
0.847000 -0.969000 -1.206000 9 0
0.896000 -1.056000 -1.216000 15 0
0.000000 -0.000000 -0.000000 0 0
0.793000 -0.919000 -1.216000 10 0
0.830000 -0.994000 -1.215000 14 0
0.818000 -1.011000 -1.144000 43 1
0.000000 -0.000000 -0.000000 0 0
0.773000 -0.936000 -1.216000 13 0
0.805000 -1.010000 -1.213000 10 0
0.768000 -0.996000 -1.109000 32 0
0.714000 -0.874000 -1.213000 11 0
0.756000 -0.957000 -1.222000 16 0
0.743000 -0.976000 -1.154000 12 1
0.805000 -1.097000 -1.203000 24 0
0.701000 -0.895000 -1.219000 14 0
0.734000 -0.972000 -1.220000 16 0
0.728000 -1.003000 -1.167000 8 0
0.787000 -1.128000 -1.219000 14 0
0.684000 -0.911000 -1.220000 16 0
0.714000 -0.990000 -1.222000 14 0
0.736000 -1.065000 -1.220000 15 0
0.761000 -1.147000 -1.223000 13 0
0.668000 -0.930000 -1.223000 17 0
0.692000 -1.004000 -1.221000 13 0
0.715000 -1.085000 -1.227000 14 0
0.732000 -1.161000 -1.223000 14 0
0.648000 -0.943000 -1.221000 15 0
0.673000 -1.023000 -1.225000 14 0
0.687000 -1.096000 -1.223000 15 0
0.704000 -1.177000 -1.225000 14 0
0.632000 -0.961000 -1.225000 16 0
0.650000 -1.037000 -1.225000 14 0
0.662000 -1.112000 -1.224000 15 0
0.675000 -1.191000 -1.226000 15 0
0.612000 -0.974000 -1.222000 14 0
0.628000 -1.051000 -1.224000 13 0
0.636000 -1.125000 -1.225000 17 0
0.646000 -1.205000 -1.228000 16 0
0.592000 -0.987000 -1.221000 14 0
0.607000 -1.068000 -1.229000 15 0
0.610000 -1.138000 -1.225000 16 0
0.614000 -1.213000 -1.225000 15 0
0.574000 -1.004000 -1.223000 15 0
0.584000 -1.082000 -1.229000 16 0
0.584000 -1.151000 -1.226000 15 0
0.586000 -1.229000 -1.229000 16 0
0.555000 -1.020000 -1.227000 16 0
0.559000 -1.092000 -1.227000 18 0
0.558000 -1.166000 -1.230000 17 0
0.556000 -1.239000 -1.230000 14 0
0.535000 -1.033000 -1.226000 16 0
0.538000 -1.110000 -1.233000 16 0
0.532000 -1.179000 -1.232000 17 0
0.526000 -1.252000 -1.233000 15 0
0.513000 -1.044000 -1.224000 19 0
0.513000 -1.119000 -1.230000 15 0
0.505000 -1.190000 -1.233000 17 0
0.496000 -1.261000 -1.235000 16 0
0.493000 -1.059000 -1.226000 16 0
0.488000 -1.130000 -1.230000 15 0
0.476000 -1.196000 -1.230000 11 0
0.465000 -1.270000 -1.236000 9 0
0.473000 -1.072000 -1.228000 11 0
0.461000 -1.136000 -1.224000 1 0
0.000000 -0.000000 -0.000000 0 0
0.000000 -0.000000 -0.000000 0 0
0.000000 -0.000000 -0.000000 0 128
0.000000 -0.000000 -0.000000 0 128
0.000000 -0.000000 -0.000000 0 128
0.000000 -0.000000 -0.000000 0 128
0.000000 -0.000000 -0.000000 0 128
0.000000 -0.000000 -0.000000 0 128
0.000000 -0.000000 -0.000000 0 128
0.000000 -0.000000 -0.000000 0 128
0.000000 -0.000000 -0.000000 0 128
0.000000 -0.000000 -0.000000 0 128
0.000000 -0.000000 -0.000000 0 128
0.000000 -0.000000 -0.000000 0 192
0.000000 -0.000000 -0.000000 0 128
0.000000 -0.000000 -0.000000 0 192
0.000000 -0.000000 -0.000000 0 192
0.000000 -0.000000 -0.000000 0 192
0.000000 -0.000000 -0.000000 0 128
0.000000 -0.000000 -0.000000 0 192
0.000000 -0.000000 -0.000000 0 192
0.000000 -0.000000 -0.000000 0 192
0.000000 -0.000000 -0.000000 0 192
0.000000 -0.000000 -0.000000 0 192
0.000000 -0.000000 -0.000000 0 192
0.924000 -0.990000 -1.184000 2 0
0.000000 -0.000000 -0.000000 0 192
0.000000 -0.000000 -0.000000 0 192
0.000000 -0.000000 -0.000000 0 0
0.918000 -1.031000 -1.209000 8 0
0.000000 -0.000000 -0.000000 0 192
0.000000 -0.000000 -0.000000 0 192
0.847000 -0.969000 -1.206000 9 0
0.896000 -1.056000 -1.216000 15 0
0.000000 -0.000000 -0.000000 0 0
0.793000 -0.919000 -1.216000 10 0
0.830000 -0.994000 -1.215000 14 0
0.818000 -1.011000 -1.144000 43 1
0.000000 -0.000000 -0.000000 0 0
0.773000 -0.936000 -1.216000 13 0
0.805000 -1.010000 -1.213000 10 0
0.768000 -0.996000 -1.109000 32 0
0.714000 -0.874000 -1.213000 11 0
0.756000 -0.957000 -1.222000 16 0
0.743000 -0.976000 -1.154000 12 1
0.805000 -1.097000 -1.203000 24 0
0.701000 -0.895000 -1.219000 14 0
0.734000 -0.972000 -1.220000 16 0
0.728000 -1.003000 -1.167000 8 0
0.787000 -1.128000 -1.219000 14 0
0.684000 -0.911000 -1.220000 16 0
0.714000 -0.990000 -1.222000 14 0
0.736000 -1.065000 -1.220000 15 0
0.761000 -1.147000 -1.223000 13 0
0.668000 -0.930000 -1.223000 17 0
0.692000 -1.004000 -1.221000 13 0
0.715000 -1.085000 -1.227000 14 0
0.732000 -1.161000 -1.223000 14 0
0.648000 -0.943000 -1.221000 15 0
0.673000 -1.023000 -1.225000 14 0
0.687000 -1.096000 -1.223000 15 0
0.704000 -1.177000 -1.225000 14 0
0.632000 -0.961000 -1.225000 16 0
0.650000 -1.037000 -1.225000 14 0
0.662000 -1.112000 -1.224000 15 0
0.675000 -1.191000 -1.226000 15 0
0.612000 -0.974000 -1.222000 14 0
0.628000 -1.051000 -1.224000 13 0
0.636000 -1.125000 -1.225000 17 0
0.646000 -1.205000 -1.228000 16 0
0.592000 -0.987000 -1.221000 14 0
0.607000 -1.068000 -1.229000 15 0
0.610000 -1.138000 -1.225000 16 0
0.614000 -1.213000 -1.225000 15 0
0.574000 -1.004000 -1.223000 15 0
0.584000 -1.082000 -1.229000 16 0
0.584000 -1.151000 -1.226000 15 0
0.586000 -1.229000 -1.229000 16 0
0.555000 -1.020000 -1.227000 16 0
0.559000 -1.092000 -1.227000 18 0
0.558000 -1.166000 -1.230000 17 0
0.556000 -1.239000 -1.230000 14 0
0.535000 -1.033000 -1.226000 16 0
0.538000 -1.110000 -1.233000 16 0
0.532000 -1.179000 -1.232000 17 0
0.526000 -1.252000 -1.233000 15 0
0.513000 -1.044000 -1.224000 19 0
0.513000 -1.119000 -1.230000 15 0
0.505000 -1.190000 -1.233000 17 0
0.496000 -1.261000 -1.235000 16 0
0.493000 -1.059000 -1.226000 16 0
0.488000 -1.130000 -1.230000 15 0
0.476000 -1.196000 -1.230000 11 0
0.465000 -1.270000 -1.236000 9 0
0.473000 -1.072000 -1.228000 11 0
0.461000 -1.136000 -1.224000 1 0
0.000000 -0.000000 -0.000000 0 0
0.000000 -0.000000 -0.000000 0 0
