# x y z reflectivity tag
-0.571000 -1.758000 0.177000 64 0
-0.596000 -1.659000 0.139000 65 0
-0.614000 -1.561000 0.103000 71 0
0.000000 -0.000000 -0.000000 0 0
-0.590000 -1.679000 0.172000 66 0
-0.613000 -1.589000 0.135000 71 0
0.000000 -0.000000 -0.000000 0 0
0.000000 -0.000000 -0.000000 0 0
-0.608000 -1.608000 0.168000 72 0
-0.629000 -1.521000 0.131000 79 0
0.000000 -0.000000 -0.000000 0 0
0.000000 -0.000000 -0.000000 0 0
-0.624000 -1.540000 0.164000 70 0
0.000000 -0.000000 -0.000000 0 0
0.000000 -0.000000 -0.000000 0 0
0.000000 -0.000000 -0.000000 0 0
0.000000 -0.000000 -0.000000 0 0
0.000000 -0.000000 -0.000000 0 0
0.000000 -0.000000 -0.000000 0 0
0.000000 -0.000000 -0.000000 0 0
0.000000 -0.000000 -0.000000 0 0
0.000000 -0.000000 -0.000000 0 0
0.000000 -0.000000 -0.000000 0 0
0.000000 -0.000000 -0.000000 0 0
0.000000 -0.000000 -0.000000 0 0
0.000000 -0.000000 -0.000000 0 0
0.000000 -0.000000 -0.000000 0 0
0.000000 -0.000000 -0.000000 0 0
0.000000 -0.000000 -0.000000 0 0
0.000000 -0.000000 -0.000000 0 0
0.000000 -0.000000 -0.000000 0 0
0.000000 -0.000000 -0.000000 0 0
0.000000 -0.000000 -0.000000 0 0
0.000000 -0.000000 -0.000000 0 0
0.000000 -0.000000 -0.000000 0 0
0.000000 -0.000000 -0.000000 0 0
0.000000 -0.000000 -0.000000 0 0
0.000000 -0.000000 -0.000000 0 0
0.000000 -0.000000 -0.000000 0 0
0.000000 -0.000000 -0.000000 0 0
0.000000 -0.000000 -0.000000 0 0
0.000000 -0.000000 -0.000000 0 0
0.000000 -0.000000 -0.000000 0 0
0.000000 -0.000000 -0.000000 0 0
0.000000 -0.000000 -0.000000 0 0
0.000000 -0.000000 -0.000000 0 0
0.000000 -0.000000 -0.000000 0 0
0.000000 -0.000000 -0.000000 0 0
0.000000 -0.000000 -0.000000 0 0
0.000000 -0.000000 -0.000000 0 0
0.000000 -0.000000 -0.000000 0 0
0.000000 -0.000000 -0.000000 0 0
0.000000 -0.000000 -0.000000 0 0
0.000000 -0.000000 -0.000000 0 0
0.000000 -0.000000 -0.000000 0 0
0.000000 -0.000000 -0.000000 0 0
0.000000 -0.000000 -0.000000 0 0
0.000000 -0.000000 -0.000000 0 0
0.000000 -0.000000 -0.000000 0 0
0.000000 -0.000000 -0.000000 0 0
0.000000 -0.000000 -0.000000 0 0
0.000000 -0.000000 -0.000000 0 0
0.000000 -0.000000 -0.000000 0 0
0.000000 -0.000000 -0.000000 0 0
0.000000 -0.000000 -0.000000 0 0
0.000000 -0.000000 -0.000000 0 0
0.000000 -0.000000 -0.000000 0 0
0.000000 -0.000000 -0.000000 0 0
0.000000 -0.000000 -0.000000 0 0
0.000000 -0.000000 -0.000000 0 0
0.000000 -0.000000 -0.000000 0 0
0.000000 -0.000000 -0.000000 0 0
0.000000 -0.000000 -0.000000 0 0
0.000000 -0.000000 -0.000000 0 0
0.000000 -0.000000 -0.000000 0 0
0.000000 -0.000000 -0.000000 0 0
0.000000 -0.000000 -0.000000 0 0
0.000000 -0.000000 -0.000000 0 0
0.000000 -0.000000 -0.000000 0 0
0.000000 -0.000000 -0.000000 0 0
0.000000 -0.000000 -0.000000 0 0
0.000000 -0.000000 -0.000000 0 0
0.000000 -0.000000 -0.000000 0 0
0.000000 -0.000000 -0.000000 0 0
0.000000 -0.000000 -0.000000 0 0
0.000000 -0.000000 -0.000000 0 0
0.000000 -0.000000 -0.000000 0 0
0.000000 -0.000000 -0.000000 0 0
0.000000 -0.000000 -0.000000 0 0
0.000000 -0.000000 -0.000000 0 0
0.000000 -0.000000 -0.000000 0 0
0.000000 -0.000000 -0.000000 0 0
0.000000 -0.000000 -0.000000 0 0
0.000000 -0.000000 -0.000000 0 0
0.000000 -0.000000 -0.000000 0 0
0.000000 -0.000000 -0.000000 0 0
-0.571000 -1.758000 0.177000 64 0
-0.596000 -1.659000 0.139000 65 0
-0.614000 -1.561000 0.103000 71 0
0.000000 -0.000000 -0.000000 0 0
-0.590000 -1.679000 0.172000 66 0
-0.613000 -1.589000 0.135000 71 0
0.000000 -0.000000 -0.000000 0 0
0.000000 -0.000000 -0.000000 0 0
-0.608000 -1.608000 0.168000 72 0
-0.629000 -1.521000 0.131000 79 0
0.000000 -0.000000 -0.000000 0 0
0.000000 -0.000000 -0.000000 0 0
-0.624000 -1.540000 0.164000 70 0
0.000000 -0.000000 -0.000000 0 0
0.000000 -0.000000 -0.000000 0 0
0.000000 -0.000000 -0.000000 0 0
0.000000 -0.000000 -0.000000 0 0
0.000000 -0.000000 -0.000000 0 0
0.000000 -0.000000 -0.000000 0 0
0.000000 -0.000000 -0.000000 0 0
0.000000 -0.000000 -0.000000 0 0
0.000000 -0.000000 -0.000000 0 0
0.000000 -0.000000 -0.000000 0 0
0.000000 -0.000000 -0.000000 0 0
0.000000 -0.000000 -0.000000 0 0
0.000000 -0.000000 -0.000000 0 0
0.000000 -0.000000 -0.000000 0 0
0.000000 -0.000000 -0.000000 0 0
0.000000 -0.000000 -0.000000 0 0
0.000000 -0.000000 -0.000000 0 0
0.000000 -0.000000 -0.000000 0 0
0.000000 -0.000000 -0.000000 0 0
0.000000 -0.000000 -0.000000 0 0
0.000000 -0.000000 -0.000000 0 0
0.000000 -0.000000 -0.000000 0 0
0.000000 -0.000000 -0.000000 0 0
0.000000 -0.000000 -0.000000 0 0
0.000000 -0.000000 -0.000000 0 0
0.000000 -0.000000 -0.000000 0 0
0.000000 -0.000000 -0.000000 0 0
0.000000 -0.000000 -0.000000 0 0
0.000000 -0.000000 -0.000000 0 0
0.000000 -0.000000 -0.000000 0 0
0.000000 -0.000000 -0.000000 0 0
0.000000 -0.000000 -0.000000 0 0
0.000000 -0.000000 -0.000000 0 0
0.000000 -0.000000 -0.000000 0 0
0.000000 -0.000000 -0.000000 0 0
0.000000 -0.000000 -0.000000 0 0
0.000000 -0.000000 -0.000000 0 0
0.000000 -0.000000 -0.000000 0 0
0.000000 -0.000000 -0.000000 0 0
0.000000 -0.000000 -0.000000 0 0
0.000000 -0.000000 -0.000000 0 0
0.000000 -0.000000 -0.000000 0 0
0.000000 -0.000000 -0.000000 0 0
0.000000 -0.000000 -0.000000 0 0
0.000000 -0.000000 -0.000000 0 0
0.000000 -0.000000 -0.000000 0 0
0.000000 -0.000000 -0.000000 0 0
0.000000 -0.000000 -0.000000 0 0
0.000000 -0.000000 -0.000000 0 0
0.000000 -0.000000 -0.000000 0 0
0.000000 -0.000000 -0.000000 0 0
0.000000 -0.000000 -0.000000 0 0
0.000000 -0.000000 -0.000000 0 0
0.000000 -0.000000 -0.000000 0 0
0.000000 -0.000000 -0.000000 0 0
0.000000 -0.000000 -0.000000 0 0
0.000000 -0.000000 -0.000000 0 0
0.000000 -0.000000 -0.000000 0 0
0.000000 -0.000000 -0.000000 0 0
0.000000 -0.000000 -0.000000 0 0
0.000000 -0.000000 -0.000000 0 0
0.000000 -0.000000 -0.000000 0 0
0.000000 -0.000000 -0.000000 0 0
0.000000 -0.000000 -0.000000 0 0
0.000000 -0.000000 -0.000000 0 0
0.000000 -0.000000 -0.000000 0 0
0.000000 -0.000000 -0.000000 0 0
0.000000 -0.000000 -0.000000 0 0
0.000000 -0.000000 -0.000000 0 0
0.000000 -0.000000 -0.000000 0 0
0.000000 -0.000000 -0.000000 0 0
0.000000 -0.000000 -0.000000 0 0
0.000000 -0.000000 -0.000000 0 0
0.000000 -0.000000 -0.000000 0 0
0.000000 -0.000000 -0.000000 0 0
0.000000 -0.000000 -0.000000 0 0
0.000000 -0.000000 -0.000000 0 0
0.000000 -0.000000 -0.000000 0 0
0.000000 -0.000000 -0.000000 0 0
0.000000 -0.000000 -0.000000 0 0
0.000000 -0.000000 -0.000000 0 0
0.000000 -0.000000 -0.000000 0 0
0.000000 -0.000000 -0.000000 0 0
0.000000 -0.000000 -0.000000 0 0
0.000000 -0.000000 -0.000000 0 0
0.000000 -0.000000 -0.000000 0 0
0.000000 -0.000000 -0.000000 0 0
0.000000 -0.000000 -0.000000 0 0
0.000000 -0.000000 -0.000000 0 0
0.000000 -0.000000 -0.000000 0 0
0.000000 -0.000000 -0.000000 0 0
0.000000 -0.000000 -0.000000 0 0
0.000000 -0.000000 -0.000000 0 0
0.000000 -0.000000 -0.000000 0 0
0.000000 -0.000000 -0.000000 0 0
0.000000 -0.000000 -0.000000 0 0
0.000000 -0.000000 -0.000000 0 0
0.000000 -0.000000 -0.000000 0 0
0.000000 -0.000000 -0.000000 0 0
0.000000 -0.000000 -0.000000 0 0
0.000000 -0.000000 -0.000000 0 0
0.000000 -0.000000 -0.000000 0 0
0.000000 -0.000000 -0.000000 0 0
0.000000 -0.000000 -0.000000 0 0
0.000000 -0.000000 -0.000000 0 0
0.000000 -0.000000 -0.000000 0 0
0.000000 -0.000000 -0.000000 0 0
0.000000 -0.000000 -0.000000 0 0
0.000000 -0.000000 -0.000000 0 0
0.000000 -0.000000 -0.000000 0 0
0.000000 -0.000000 -0.000000 0 0
0.000000 -0.000000 -0.000000 0 0
0.000000 -0.000000 -0.000000 0 0
0.000000 -0.000000 -0.000000 0 0
0.000000 -0.000000 -0.000000 0 0
0.000000 -0.000000 -0.000000 0 0
0.000000 -0.000000 -0.000000 0 0
0.000000 -0.000000 -0.000000 0 0
0.000000 -0.000000 -0.000000 0 0
0.000000 -0.000000 -0.000000 0 0
0.000000 -0.000000 -0.000000 0 0
0.000000 -0.000000 -0.000000 0 0
0.000000 -0.000000 -0.000000 0 0
0.000000 -0.000000 -0.000000 0 0
0.000000 -0.000000 -0.000000 0 0
0.000000 -0.000000 -0.000000 0 0
0.000000 -0.000000 -0.000000 0 0
0.000000 -0.000000 -0.000000 0 0
0.000000 -0.000000 -0.000000 0 0
0.000000 -0.000000 -0.000000 0 0
0.000000 -0.000000 -0.000000 0 0
0.000000 -0.000000 -0.000000 0 0
0.000000 -0.000000 -0.000000 0 0
0.000000 -0.000000 -0.000000 0 0
0.000000 -0.000000 -0.000000 0 0
0.000000 -0.000000 -0.000000 0 0
0.000000 -0.000000 -0.000000 0 0
0.000000 -0.000000 -0.000000 0 0
0.000000 -0.000000 -0.000000 0 0
0.000000 -0.000000 -0.000000 0 0
0.000000 -0.000000 -0.000000 0 0
0.000000 -0.000000 -0.000000 0 0
0.000000 -0.000000 -0.000000 0 0
0.000000 -0.000000 -0.000000 0 0
0.000000 -0.000000 -0.000000 0 0
0.000000 -0.000000 -0.000000 0 0
0.000000 -0.000000 -0.000000 0 0
0.000000 -0.000000 -0.000000 0 0
0.000000 -0.000000 -0.000000 0 0
0.000000 -0.000000 -0.000000 0 0
0.000000 -0.000000 -0.000000 0 0
0.000000 -0.000000 -0.000000 0 0
0.000000 -0.000000 -0.000000 0 0
0.000000 -0.000000 -0.000000 0 0
0.000000 -0.000000 -0.000000 0 0
0.000000 -0.000000 -0.000000 0 0
0.000000 -0.000000 -0.000000 0 0
0.000000 -0.000000 -0.000000 0 0
0.000000 -0.000000 -0.000000 0 0
0.000000 -0.000000 -0.000000 0 0
0.000000 -0.000000 -0.000000 0 0
0.000000 -0.000000 -0.000000 0 0
0.000000 -0.000000 -0.000000 0 0
0.000000 -0.000000 -0.000000 0 0
0.000000 -0.000000 -0.000000 0 0
0.000000 -0.000000 -0.000000 0 0
0.000000 -0.000000 -0.000000 0 0
0.000000 -0.000000 -0.000000 0 0
0.000000 -0.000000 -0.000000 0 0
0.000000 -0.000000 -0.000000 0 0
0.000000 -0.000000 -0.000000 0 0
0.000000 -0.000000 -0.000000 0 0
0.000000 -0.000000 -0.000000 0 0
0.000000 -0.000000 -0.000000 0 0
0.000000 -0.000000 -0.000000 0 0
0.000000 -0.000000 -0.000000 0 0
0.000000 -0.000000 -0.000000 0 0
0.000000 -0.000000 -0.000000 0 0
0.000000 -0.000000 -0.000000 0 0
0.000000 -0.000000 -0.000000 0 0
0.000000 -0.000000 -0.000000 0 0
0.000000 -0.000000 -0.000000 0 0
0.000000 -0.000000 -0.000000 0 0
0.000000 -0.000000 -0.000000 0 0
0.000000 -0.000000 -0.000000 0 0
0.000000 -0.000000 -0.000000 0 0
0.000000 -0.000000 -0.000000 0 0
0.000000 -0.000000 -0.000000 0 0
0.000000 -0.000000 -0.000000 0 0
0.000000 -0.000000 -0.000000 0 0
0.000000 -0.000000 -0.000000 0 0
0.000000 -0.000000 -0.000000 0 0
0.000000 -0.000000 -0.000000 0 0
0.000000 -0.000000 -0.000000 0 0
0.000000 -0.000000 -0.000000 0 0
0.000000 -0.000000 -0.000000 0 0
0.000000 -0.000000 -0.000000 0 0
0.000000 -0.000000 -0.000000 0 0
0.000000 -0.000000 -0.000000 0 0
0.000000 -0.000000 -0.000000 0 0
0.000000 -0.000000 -0.000000 0 0
0.000000 -0.000000 -0.000000 0 0
0.000000 -0.000000 -0.000000 0 0
0.000000 -0.000000 -0.000000 0 0
0.000000 -0.000000 -0.000000 0 0
0.000000 -0.000000 -0.000000 0 0
0.000000 -0.000000 -0.000000 0 0
0.000000 -0.000000 -0.000000 0 0
0.000000 -0.000000 -0.000000 0 0
0.000000 -0.000000 -0.000000 0 0
0.000000 -0.000000 -0.000000 0 0
0.000000 -0.000000 -0.000000 0 0
0.000000 -0.000000 -0.000000 0 0
0.000000 -0.000000 -0.000000 0 0
0.000000 -0.000000 -0.000000 0 0
0.000000 -0.000000 -0.000000 0 0
0.000000 -0.000000 -0.000000 0 0
0.000000 -0.000000 -0.000000 0 0
0.000000 -0.000000 -0.000000 0 0
0.000000 -0.000000 -0.000000 0 0
0.000000 -0.000000 -0.000000 0 0
0.000000 -0.000000 -0.000000 0 0
0.000000 -0.000000 -0.000000 0 0
0.000000 -0.000000 -0.000000 0 0
0.000000 -0.000000 -0.000000 0 0
0.000000 -0.000000 -0.000000 0 0
0.000000 -0.000000 -0.000000 0 0
0.000000 -0.000000 -0.000000 0 0
0.000000 -0.000000 -0.000000 0 0
0.000000 -0.000000 -0.000000 0 0
0.000000 -0.000000 -0.000000 0 0
0.000000 -0.000000 -0.000000 0 0
0.000000 -0.000000 -0.000000 0 0
0.000000 -0.000000 -0.000000 0 0
0.000000 -0.000000 -0.000000 0 0
0.000000 -0.000000 -0.000000 0 0
0.000000 -0.000000 -0.000000 0 0
0.000000 -0.000000 -0.000000 0 0
0.000000 -0.000000 -0.000000 0 0
0.000000 -0.000000 -0.000000 0 0
0.000000 -0.000000 -0.000000 0 0
0.000000 -0.000000 -0.000000 0 0
0.000000 -0.000000 -0.000000 0 0
0.000000 -0.000000 -0.000000 0 0
0.000000 -0.000000 -0.000000 0 0
0.000000 -0.000000 -0.000000 0 0
0.000000 -0.000000 -0.000000 0 0
0.000000 -0.000000 -0.000000 0 0
0.000000 -0.000000 -0.000000 0 0
0.000000 -0.000000 -0.000000 0 0
0.000000 -0.000000 -0.000000 0 0
0.000000 -0.000000 -0.000000 0 0
0.000000 -0.000000 -0.000000 0 0
0.000000 -0.000000 -0.000000 0 0
0.000000 -0.000000 -0.000000 0 0
0.000000 -0.000000 -0.000000 0 0
0.000000 -0.000000 -0.000000 0 0
0.000000 -0.000000 -0.000000 0 0
0.000000 -0.000000 -0.000000 0 0
0.000000 -0.000000 -0.000000 0 0
0.000000 -0.000000 -0.000000 0 0
0.000000 -0.000000 -0.000000 0 0
0.000000 -0.000000 -0.000000 0 0
0.000000 -0.000000 -0.000000 0 0
0.000000 -0.000000 -0.000000 0 0
0.000000 -0.000000 -0.000000 0 0
0.000000 -0.000000 -0.000000 0 0
0.000000 -0.000000 -0.000000 0 0
0.000000 -0.000000 -0.000000 0 0
0.000000 -0.000000 -0.000000 0 0
0.000000 -0.000000 -0.000000 0 0
0.000000 -0.000000 -0.000000 0 0
0.000000 -0.000000 -0.000000 0 0
0.000000 -0.000000 -0.000000 0 0
0.000000 -0.000000 -0.000000 0 0
0.000000 -0.000000 -0.000000 0 0
0.000000 -0.000000 -0.000000 0 0
0.000000 -0.000000 -0.000000 0 0
0.000000 -0.000000 -0.000000 0 0
0.000000 -0.000000 -0.000000 0 0
0.000000 -0.000000 -0.000000 0 0
0.000000 -0.000000 -0.000000 0 0
0.000000 -0.000000 -0.000000 0 0
0.000000 -0.000000 -0.000000 0 0
0.000000 -0.000000 -0.000000 0 0
0.000000 -0.000000 -0.000000 0 0
0.000000 -0.000000 -0.000000 0 0
0.000000 -0.000000 -0.000000 0 0
0.000000 -0.000000 -0.000000 0 0
0.000000 -0.000000 -0.000000 0 0
0.000000 -0.000000 -0.000000 0 0
0.000000 -0.000000 -0.000000 0 0
0.000000 -0.000000 -0.000000 0 0
0.000000 -0.000000 -0.000000 0 0
0.000000 -0.000000 -0.000000 0 0
0.000000 -0.000000 -0.000000 0 0
0.000000 -0.000000 -0.000000 0 0
0.000000 -0.000000 -0.000000 0 0
0.000000 -0.000000 -0.000000 0 0
0.000000 -0.000000 -0.000000 0 0
0.000000 -0.000000 -0.000000 0 0
0.000000 -0.000000 -0.000000 0 0
0.000000 -0.000000 -0.000000 0 0
0.000000 -0.000000 -0.000000 0 0
0.000000 -0.000000 -0.000000 0 0
0.000000 -0.000000 -0.000000 0 0
0.000000 -0.000000 -0.000000 0 0
0.000000 -0.000000 -0.000000 0 0
0.000000 -0.000000 -0.000000 0 0
0.000000 -0.000000 -0.000000 0 0
0.000000 -0.000000 -0.000000 0 0
0.000000 -0.000000 -0.000000 0 0
0.000000 -0.000000 -0.000000 0 0
0.000000 -0.000000 -0.000000 0 0
0.000000 -0.000000 -0.000000 0 0
0.000000 -0.000000 -0.000000 0 0
0.000000 -0.000000 -0.000000 0 0
0.000000 -0.000000 -0.000000 0 0
0.000000 -0.000000 -0.000000 0 0
0.000000 -0.000000 -0.000000 0 0
0.000000 -0.000000 -0.000000 0 0
0.000000 -0.000000 -0.000000 0 0
0.000000 -0.000000 -0.000000 0 0
0.000000 -0.000000 -0.000000 0 0
0.000000 -0.000000 -0.000000 0 0
0.000000 -0.000000 -0.000000 0 0
0.000000 -0.000000 -0.000000 0 0
0.000000 -0.000000 -0.000000 0 0
0.000000 -0.000000 -0.000000 0 0
0.000000 -0.000000 -0.000000 0 0
0.000000 -0.000000 -0.000000 0 0
0.000000 -0.000000 -0.000000 0 0
0.000000 -0.000000 -0.000000 0 0
0.000000 -0.000000 -0.000000 0 0
0.000000 -0.000000 -0.000000 0 0
0.000000 -0.000000 -0.000000 0 0
0.000000 -0.000000 -0.000000 0 0
0.000000 -0.000000 -0.000000 0 0
0.000000 -0.000000 -0.000000 0 0
0.000000 -0.000000 -0.000000 0 0
0.000000 -0.000000 -0.000000 0 0
0.000000 -0.000000 -0.000000 0 0
0.000000 -0.000000 -0.000000 0 0
0.000000 -0.000000 -0.000000 0 0
0.000000 -0.000000 -0.000000 0 0
0.000000 -0.000000 -0.000000 0 0
0.000000 -0.000000 -0.000000 0 0
0.000000 -0.000000 -0.000000 0 0
0.000000 -0.000000 -0.000000 0 0
0.000000 -0.000000 -0.000000 0 0
0.000000 -0.000000 -0.000000 0 0
0.000000 -0.000000 -0.000000 0 0
0.000000 -0.000000 -0.000000 0 0
0.000000 -0.000000 -0.000000 0 0
0.000000 -0.000000 -0.000000 0 0
0.000000 -0.000000 -0.000000 0 0
0.000000 -0.000000 -0.000000 0 0
0.000000 -0.000000 -0.000000 0 0
0.000000 -0.000000 -0.000000 0 0
0.000000 -0.000000 -0.000000 0 0
0.000000 -0.000000 -0.000000 0 0
0.000000 -0.000000 -0.000000 0 0
0.000000 -0.000000 -0.000000 0 0
0.000000 -0.000000 -0.000000 0 0
0.000000 -0.000000 -0.000000 0 0
0.000000 -0.000000 -0.000000 0 0
0.000000 -0.000000 -0.000000 0 0
0.000000 -0.000000 -0.000000 0 0
0.000000 -0.000000 -0.000000 0 0
0.000000 -0.000000 -0.000000 0 0
0.000000 -0.000000 -0.000000 0 0
0.000000 -0.000000 -0.000000 0 0
0.000000 -0.000000 -0.000000 0 0
0.000000 -0.000000 -0.000000 0 0
0.000000 -0.000000 -0.000000 0 0
0.000000 -0.000000 -0.000000 0 0
0.000000 -0.000000 -0.000000 0 0
0.000000 -0.000000 -0.000000 0 0
0.000000 -0.000000 -0.000000 0 0
0.000000 -0.000000 -0.000000 0 0
0.000000 -0.000000 -0.000000 0 0
0.000000 -0.000000 -0.000000 0 0
0.000000 -0.000000 -0.000000 0 0
0.000000 -0.000000 -0.000000 0 0
0.000000 -0.000000 -0.000000 0 0
0.000000 -0.000000 -0.000000 0 0
0.000000 -0.000000 -0.000000 0 0
0.000000 -0.000000 -0.000000 0 0
0.000000 -0.000000 -0.000000 0 0
0.000000 -0.000000 -0.000000 0 0
0.000000 -0.000000 -0.000000 0 0
0.000000 -0.000000 -0.000000 0 0
0.000000 -0.000000 -0.000000 0 0
0.000000 -0.000000 -0.000000 0 0
0.000000 -0.000000 -0.000000 0 0
0.000000 -0.000000 -0.000000 0 0
0.000000 -0.000000 -0.000000 0 0
0.000000 -0.000000 -0.000000 0 0
0.000000 -0.000000 -0.000000 0 0
0.000000 -0.000000 -0.000000 0 0
0.000000 -0.000000 -0.000000 0 0
0.000000 -0.000000 -0.000000 0 0
0.000000 -0.000000 -0.000000 0 0
0.000000 -0.000000 -0.000000 0 0
0.000000 -0.000000 -0.000000 0 0
0.000000 -0.000000 -0.000000 0 0
0.000000 -0.000000 -0.000000 0 0
0.000000 -0.000000 -0.000000 0 0
0.000000 -0.000000 -0.000000 0 0
0.000000 -0.000000 -0.000000 0 0
0.000000 -0.000000 -0.000000 0 0
0.000000 -0.000000 -0.000000 0 0
0.000000 -0.000000 -0.000000 0 0
0.000000 -0.000000 -0.000000 0 0
0.000000 -0.000000 -0.000000 0 0
0.000000 -0.000000 -0.000000 0 0
0.000000 -0.000000 -0.000000 0 0
0.000000 -0.000000 -0.000000 0 0
0.000000 -0.000000 -0.000000 0 0
0.000000 -0.000000 -0.000000 0 0
0.000000 -0.000000 -0.000000 0 0
0.000000 -0.000000 -0.000000 0 0
0.000000 -0.000000 -0.000000 0 0
0.000000 -0.000000 -0.000000 0 0
0.000000 -0.000000 -0.000000 0 0
0.000000 -0.000000 -0.000000 0 0
0.000000 -0.000000 -0.000000 0 0
0.000000 -0.000000 -0.000000 0 0
0.000000 -0.000000 -0.000000 0 0
0.000000 -0.000000 -0.000000 0 0
0.000000 -0.000000 -0.000000 0 0
0.000000 -0.000000 -0.000000 0 0
0.000000 -0.000000 -0.000000 0 0
0.000000 -0.000000 -0.000000 0 0
0.000000 -0.000000 -0.000000 0 0
0.000000 -0.000000 -0.000000 0 0
0.000000 -0.000000 -0.000000 0 0
0.000000 -0.000000 -0.000000 0 0
0.000000 -0.000000 -0.000000 0 0
0.000000 -0.000000 -0.000000 0 0
0.000000 -0.000000 -0.000000 0 0
0.000000 -0.000000 -0.000000 0 0
0.000000 -0.000000 -0.000000 0 0
0.000000 -0.000000 -0.000000 0 0
0.000000 -0.000000 -0.000000 0 0
0.000000 -0.000000 -0.000000 0 0
0.000000 -0.000000 -0.000000 0 0
0.000000 -0.000000 -0.000000 0 0
0.000000 -0.000000 -0.000000 0 0
0.000000 -0.000000 -0.000000 0 0
0.000000 -0.000000 -0.000000 0 0
0.000000 -0.000000 -0.000000 0 0
0.000000 -0.000000 -0.000000 0 0
0.000000 -0.000000 -0.000000 0 0
0.000000 -0.000000 -0.000000 0 0
0.000000 -0.000000 -0.000000 0 0
0.000000 -0.000000 -0.000000 0 0
0.000000 -0.000000 -0.000000 0 0
0.000000 -0.000000 -0.000000 0 0
0.000000 -0.000000 -0.000000 0 0
0.000000 -0.000000 -0.000000 0 0
0.000000 -0.000000 -0.000000 0 0
0.000000 -0.000000 -0.000000 0 0
0.000000 -0.000000 -0.000000 0 0
0.000000 -0.000000 -0.000000 0 0
0.000000 -0.000000 -0.000000 0 0
0.000000 -0.000000 -0.000000 0 0
0.000000 -0.000000 -0.000000 0 0
0.000000 -0.000000 -0.000000 0 0
0.000000 -0.000000 -0.000000 0 0
0.000000 -0.000000 -0.000000 0 0
0.000000 -0.000000 -0.000000 0 0
0.000000 -0.000000 -0.000000 0 0
0.000000 -0.000000 -0.000000 0 0
0.000000 -0.000000 -0.000000 0 0
0.000000 -0.000000 -0.000000 0 0
0.000000 -0.000000 -0.000000 0 0
0.000000 -0.000000 -0.000000 0 0
0.000000 -0.000000 -0.000000 0 0
0.000000 -0.000000 -0.000000 0 0
0.000000 -0.000000 -0.000000 0 0
0.000000 -0.000000 -0.000000 0 0
0.000000 -0.000000 -0.000000 0 0
0.000000 -0.000000 -0.000000 0 0
0.000000 -0.000000 -0.000000 0 0
0.000000 -0.000000 -0.000000 0 0
0.000000 -0.000000 -0.000000 0 0
0.000000 -0.000000 -0.000000 0 0
0.000000 -0.000000 -0.000000 0 0
0.000000 -0.000000 -0.000000 0 0
0.000000 -0.000000 -0.000000 0 0
0.000000 -0.000000 -0.000000 0 0
0.000000 -0.000000 -0.000000 0 0
-1.230000 0.840000 0.072000 9 0
0.000000 -0.000000 -0.000000 0 0
0.000000 -0.000000 -0.000000 0 0
-1.253000 0.917000 0.118000 8 0
0.000000 -0.000000 -0.000000 0 0
-1.245000 0.876000 0.033000 10 0
-1.242000 0.972000 0.166000 10 0
0.000000 -0.000000 -0.000000 0 0
-1.259000 0.947000 0.077000 9 0
0.000000 -0.000000 -0.000000 0 0
0.000000 -0.000000 -0.000000 0 0
-1.213000 0.977000 0.118000 12 0
0.000000 -0.000000 -0.000000 0 0
-1.256000 0.971000 0.036000 13 0
-1.219000 1.052000 0.167000 15 0
0.000000 -0.000000 -0.000000 0 0
-1.194000 0.987000 0.076000 14 0
0.000000 -0.000000 -0.000000 0 0
0.000000 -0.000000 -0.000000 0 0
-1.231000 1.092000 0.123000 65 0
0.000000 -0.000000 -0.000000 0 0
-1.194000 1.012000 0.038000 8 0
-1.260000 1.196000 0.177000 63 0
0.000000 -0.000000 -0.000000 0 0
-1.239000 1.124000 0.083000 66 0
0.000000 -0.000000 -0.000000 0 0
-1.279000 1.275000 0.182000 57 0
-1.267000 1.234000 0.132000 58 0
0.000000 -0.000000 -0.000000 0 0
-1.243000 1.154000 0.044000 71 0
-1.299000 1.358000 0.188000 56 0
-1.288000 1.313000 0.136000 60 0
-1.272000 1.265000 0.090000 67 0
-1.262000 1.225000 0.047000 70 0
-1.326000 1.454000 0.195000 54 0
-1.314000 1.405000 0.142000 59 0
-1.296000 1.350000 0.095000 60 0
-1.280000 1.301000 0.051000 65 0
-1.351000 1.554000 0.202000 59 0
-1.333000 1.494000 0.147000 54 0
-1.319000 1.439000 0.100000 55 0
-1.302000 1.384000 0.054000 65 0
-5.255000 6.342000 0.802000 111 0
-1.362000 1.601000 0.154000 57 0
-1.343000 1.534000 0.105000 57 0
-1.328000 1.478000 0.059000 58 0
-5.052000 6.400000 0.786000 116 0
-5.169000 6.369000 0.599000 112 0
-1.358000 1.626000 0.109000 11 0
-1.350000 1.572000 0.063000 59 0
-4.845000 6.449000 0.769000 114 0
-4.962000 6.413000 0.589000 121 0
-5.093000 6.390000 0.426000 118 0
-5.215000 6.357000 0.260000 107 0
-4.645000 6.497000 0.754000 122 0
-4.759000 6.459000 0.581000 124 0
-4.891000 6.435000 0.424000 125 0
-5.014000 6.405000 0.266000 116 0
-4.448000 6.543000 0.739000 128 0
-4.571000 6.515000 0.573000 123 0
-4.697000 6.485000 0.423000 121 0
-4.824000 6.457000 0.271000 118 0
-4.255000 6.592000 0.724000 119 0
-4.377000 6.559000 0.565000 131 0
-4.505000 6.530000 0.422000 120 0
-4.632000 6.504000 0.277000 126 0
-4.058000 6.623000 0.709000 129 0
-4.189000 6.608000 0.559000 134 0
-4.316000 6.574000 0.421000 121 0
-4.441000 6.545000 0.282000 124 0
0.000000 -0.000000 -0.000000 0 0
0.000000 -0.000000 -0.000000 0 0
0.000000 -0.000000 -0.000000 0 0
0.000000 -0.000000 -0.000000 0 0
0.000000 -0.000000 -0.000000 0 0
0.000000 -0.000000 -0.000000 0 0
0.000000 -0.000000 -0.000000 0 0
0.000000 -0.000000 -0.000000 0 0
0.000000 -0.000000 -0.000000 0 0
0.000000 -0.000000 -0.000000 0 0
0.000000 -0.000000 -0.000000 0 0
0.000000 -0.000000 -0.000000 0 0
0.000000 -0.000000 -0.000000 0 0
0.000000 -0.000000 -0.000000 0 0
0.000000 -0.000000 -0.000000 0 0
0.000000 -0.000000 -0.000000 0 0
0.000000 -0.000000 -0.000000 0 0
0.000000 -0.000000 -0.000000 0 0
0.000000 -0.000000 -0.000000 0 0
0.000000 -0.000000 -0.000000 0 0
0.000000 -0.000000 -0.000000 0 0
0.000000 -0.000000 -0.000000 0 0
0.000000 -0.000000 -0.000000 0 0
0.000000 -0.000000 -0.000000 0 0
0.000000 -0.000000 -0.000000 0 0
0.000000 -0.000000 -0.000000 0 0
-1.230000 0.840000 0.072000 9 0
0.000000 -0.000000 -0.000000 0 0
0.000000 -0.000000 -0.000000 0 0
-1.253000 0.917000 0.118000 8 0
0.000000 -0.000000 -0.000000 0 0
-1.245000 0.876000 0.033000 10 0
-1.242000 0.972000 0.166000 10 0
0.000000 -0.000000 -0.000000 0 0
-1.259000 0.947000 0.077000 9 0
0.000000 -0.000000 -0.000000 0 0
0.000000 -0.000000 -0.000000 0 0
-1.213000 0.977000 0.118000 12 0
0.000000 -0.000000 -0.000000 0 0
-1.256000 0.971000 0.036000 13 0
-1.219000 1.052000 0.167000 15 0
0.000000 -0.000000 -0.000000 0 0
-1.194000 0.987000 0.076000 14 0
0.000000 -0.000000 -0.000000 0 0
0.000000 -0.000000 -0.000000 0 0
-1.231000 1.092000 0.123000 65 0
0.000000 -0.000000 -0.000000 0 0
-1.194000 1.012000 0.038000 8 0
-1.260000 1.196000 0.177000 63 0
0.000000 -0.000000 -0.000000 0 0
-1.239000 1.124000 0.083000 66 0
0.000000 -0.000000 -0.000000 0 0
-1.279000 1.275000 0.182000 57 0
-1.267000 1.234000 0.132000 58 0
0.000000 -0.000000 -0.000000 0 0
-1.243000 1.154000 0.044000 71 0
-1.299000 1.358000 0.188000 56 0
-1.288000 1.313000 0.136000 60 0
-1.272000 1.265000 0.090000 67 0
-1.262000 1.225000 0.047000 70 0
-1.326000 1.454000 0.195000 54 0
-1.314000 1.405000 0.142000 59 0
-1.296000 1.350000 0.095000 60 0
-1.280000 1.301000 0.051000 65 0
-1.351000 1.554000 0.202000 59 0
-1.333000 1.494000 0.147000 54 0
-1.319000 1.439000 0.100000 55 0
-1.302000 1.384000 0.054000 65 0
-5.255000 6.342000 0.802000 111 0
-1.362000 1.601000 0.154000 57 0
-1.343000 1.534000 0.105000 57 0
-1.328000 1.478000 0.059000 58 0
-5.052000 6.400000 0.786000 116 0
-5.169000 6.369000 0.599000 112 0
-1.358000 1.626000 0.109000 11 0
-1.350000 1.572000 0.063000 59 0
-4.845000 6.449000 0.769000 114 0
-4.962000 6.413000 0.589000 121 0
-5.093000 6.390000 0.426000 118 0
-5.215000 6.357000 0.260000 107 0
-4.645000 6.497000 0.754000 122 0
-4.759000 6.459000 0.581000 124 0
-4.891000 6.435000 0.424000 125 0
-5.014000 6.405000 0.266000 116 0
-4.448000 6.543000 0.739000 128 0
-4.571000 6.515000 0.573000 123 0
-4.697000 6.485000 0.423000 121 0
-4.824000 6.457000 0.271000 118 0
-4.255000 6.592000 0.724000 119 0
-4.377000 6.559000 0.565000 131 0
-4.505000 6.530000 0.422000 120 0
-4.632000 6.504000 0.277000 126 0
-4.058000 6.623000 0.709000 129 0
-4.189000 6.608000 0.559000 134 0
-4.316000 6.574000 0.421000 121 0
-4.441000 6.545000 0.282000 124 0
-3.872000 6.672000 0.696000 127 0
-4.005000 6.655000 0.552000 131 0
-4.124000 6.610000 0.420000 118 0
-4.253000 6.584000 0.288000 129 0
-3.687000 6.714000 0.683000 124 0
-3.815000 6.685000 0.544000 130 0
-3.947000 6.661000 0.421000 118 0
-4.074000 6.634000 0.294000 134 0
-3.503000 6.750000 0.670000 128 0
-3.631000 6.726000 0.538000 126 0
-3.761000 6.694000 0.420000 117 0
-3.889000 6.667000 0.300000 129 0
-3.323000 6.793000 0.658000 127 0
-3.454000 6.769000 0.532000 132 0
-3.580000 6.732000 0.420000 117 0
-3.712000 6.710000 0.307000 127 0
-3.149000 6.840000 0.648000 123 0
-3.278000 6.809000 0.527000 127 0
-3.409000 6.781000 0.421000 115 0
-3.536000 6.751000 0.313000 131 0
-2.970000 6.872000 0.636000 127 0
-3.105000 6.859000 0.523000 132 0
-3.233000 6.819000 0.422000 114 0
-3.362000 6.790000 0.320000 132 0
-2.797000 6.917000 0.625000 122 0
-2.931000 6.895000 0.518000 126 0
-3.063000 6.867000 0.424000 114 0
-3.189000 6.830000 0.327000 124 0
-2.626000 6.960000 0.615000 121 0
-2.758000 6.934000 0.513000 124 0
-2.893000 6.908000 0.425000 112 0
-3.019000 6.871000 0.334000 127 0
-2.453000 6.998000 0.605000 120 0
-2.590000 6.979000 0.509000 122 0
-2.721000 6.945000 0.427000 111 0
-2.852000 6.911000 0.342000 124 0
-2.287000 7.047000 0.596000 113 0
-2.420000 7.015000 0.505000 114 0
-2.552000 6.980000 0.429000 108 0
-2.685000 6.958000 0.350000 125 0
-2.118000 7.088000 0.587000 111 0
-2.250000 7.053000 0.502000 107 0
-2.387000 7.025000 0.431000 109 0
-2.517000 6.991000 0.358000 122 0
-1.948000 7.121000 0.578000 99 0
-2.083000 7.095000 0.499000 102 0
-2.219000 7.062000 0.434000 108 0
-2.349000 7.024000 0.365000 121 0
-1.779000 7.163000 0.570000 101 0
-1.917000 7.136000 0.496000 99 0
-2.051000 7.099000 0.436000 105 0
-2.186000 7.071000 0.374000 117 0
-1.612000 7.203000 0.561000 101 0
-1.747000 7.167000 0.493000 105 0
-1.885000 7.140000 0.440000 103 0
-2.019000 7.109000 0.383000 106 0
-1.441000 7.236000 0.553000 99 0
-1.582000 7.216000 0.491000 104 0
-1.719000 7.181000 0.443000 104 0
-1.852000 7.137000 0.391000 111 0
-1.274000 7.278000 0.545000 105 0
-1.414000 7.251000 0.489000 104 0
-1.552000 7.215000 0.446000 104 0
-1.688000 7.184000 0.401000 105 0
-1.106000 7.318000 0.538000 122 0
-1.247000 7.288000 0.487000 106 0
-1.386000 7.260000 0.451000 106 0
-1.525000 7.227000 0.411000 106 0
-0.938000 7.356000 0.531000 112 0
-1.081000 7.336000 0.486000 120 0
-1.219000 7.290000 0.454000 105 0
-1.359000 7.264000 0.420000 107 0
-0.768000 7.405000 0.524000 36 0
-0.912000 7.366000 0.484000 102 0
-1.052000 7.329000 0.459000 109 0
-1.191000 7.299000 0.430000 110 0
0.000000 -0.000000 -0.000000 0 0
-0.741000 7.402000 0.483000 24 0
-0.886000 7.373000 0.464000 100 0
-1.025000 7.339000 0.440000 117 0
0.000000 -0.000000 -0.000000 0 0
0.000000 -0.000000 -0.000000 0 0
-0.716000 7.418000 0.469000 20 0
-0.858000 7.380000 0.451000 95 0
0.000000 -0.000000 -0.000000 0 0
0.000000 -0.000000 -0.000000 0 0
0.000000 -0.000000 -0.000000 0 0
-0.690000 7.439000 0.464000 7 0
0.000000 -0.000000 -0.000000 0 0
0.000000 -0.000000 -0.000000 0 0
0.000000 -0.000000 -0.000000 0 0
0.000000 -0.000000 -0.000000 0 0
0.000000 -0.000000 -0.000000 0 0
0.000000 -0.000000 -0.000000 0 0
0.000000 -0.000000 -0.000000 0 0
0.000000 -0.000000 -0.000000 0 0
-3.872000 6.672000 0.696000 127 0
-4.005000 6.655000 0.552000 131 0
-4.124000 6.610000 0.420000 118 0
-4.253000 6.584000 0.288000 129 0
-3.687000 6.714000 0.683000 124 0
-3.815000 6.685000 0.544000 130 0
-3.947000 6.661000 0.421000 118 0
-4.074000 6.634000 0.294000 134 0
-3.503000 6.750000 0.670000 128 0
-3.631000 6.726000 0.538000 126 0
-3.761000 6.694000 0.420000 117 0
-3.889000 6.667000 0.300000 129 0
-3.323000 6.793000 0.658000 127 0
-3.454000 6.769000 0.532000 132 0
-3.580000 6.732000 0.420000 117 0
-3.712000 6.710000 0.307000 127 0
-3.149000 6.840000 0.648000 123 0
-3.278000 6.809000 0.527000 127 0
-3.409000 6.781000 0.421000 115 0
-3.536000 6.751000 0.313000 131 0
-2.970000 6.872000 0.636000 127 0
-3.105000 6.859000 0.523000 132 0
-3.233000 6.819000 0.422000 114 0
-3.362000 6.790000 0.320000 132 0
-2.797000 6.917000 0.625000 122 0
-2.931000 6.895000 0.518000 126 0
-3.063000 6.867000 0.424000 114 0
-3.189000 6.830000 0.327000 124 0
-2.626000 6.960000 0.615000 121 0
-2.758000 6.934000 0.513000 124 0
-2.893000 6.908000 0.425000 112 0
-3.019000 6.871000 0.334000 127 0
-2.453000 6.998000 0.605000 120 0
-2.590000 6.979000 0.509000 122 0
-2.721000 6.945000 0.427000 111 0
-2.852000 6.911000 0.342000 124 0
-2.287000 7.047000 0.596000 113 0
-2.420000 7.015000 0.505000 114 0
-2.552000 6.980000 0.429000 108 0
-2.685000 6.958000 0.350000 125 0
-2.118000 7.088000 0.587000 111 0
-2.250000 7.053000 0.502000 107 0
-2.387000 7.025000 0.431000 109 0
-2.517000 6.991000 0.358000 122 0
-1.948000 7.121000 0.578000 99 0
-2.083000 7.095000 0.499000 102 0
-2.219000 7.062000 0.434000 108 0
-2.349000 7.024000 0.365000 121 0
-1.779000 7.163000 0.570000 101 0
-1.917000 7.136000 0.496000 99 0
-2.051000 7.099000 0.436000 105 0
-2.186000 7.071000 0.374000 117 0
-1.612000 7.203000 0.561000 101 0
-1.747000 7.167000 0.493000 105 0
-1.885000 7.140000 0.440000 103 0
-2.019000 7.109000 0.383000 106 0
-1.441000 7.236000 0.553000 99 0
-1.582000 7.216000 0.491000 104 0
-1.719000 7.181000 0.443000 104 0
-1.852000 7.137000 0.391000 111 0
-1.274000 7.278000 0.545000 105 0
-1.414000 7.251000 0.489000 104 0
-1.552000 7.215000 0.446000 104 0
-1.688000 7.184000 0.401000 105 0
-1.106000 7.318000 0.538000 122 0
-1.247000 7.288000 0.487000 106 0
-1.386000 7.260000 0.451000 106 0
-1.525000 7.227000 0.411000 106 0
-0.938000 7.356000 0.531000 112 0
-1.081000 7.336000 0.486000 120 0
-1.219000 7.290000 0.454000 105 0
-1.359000 7.264000 0.420000 107 0
-0.768000 7.405000 0.524000 36 0
-0.912000 7.366000 0.484000 102 0
-1.052000 7.329000 0.459000 109 0
-1.191000 7.299000 0.430000 110 0
0.000000 -0.000000 -0.000000 0 0
-0.741000 7.402000 0.483000 24 0
-0.886000 7.373000 0.464000 100 0
-1.025000 7.339000 0.440000 117 0
0.000000 -0.000000 -0.000000 0 0
0.000000 -0.000000 -0.000000 0 0
-0.716000 7.418000 0.469000 20 0
-0.858000 7.380000 0.451000 95 0
0.000000 -0.000000 -0.000000 0 0
0.000000 -0.000000 -0.000000 0 0
0.000000 -0.000000 -0.000000 0 0
-0.690000 7.439000 0.464000 7 0
0.000000 -0.000000 -0.000000 0 0
0.000000 -0.000000 -0.000000 0 0
0.000000 -0.000000 -0.000000 0 0
0.000000 -0.000000 -0.000000 0 0
0.000000 -0.000000 -0.000000 0 0
0.000000 -0.000000 -0.000000 0 0
0.000000 -0.000000 -0.000000 0 0
0.000000 -0.000000 -0.000000 0 0
0.000000 -0.000000 -0.000000 0 0
0.000000 -0.000000 -0.000000 0 0
0.000000 -0.000000 -0.000000 0 0
0.000000 -0.000000 -0.000000 0 0
0.000000 -0.000000 -0.000000 0 0
0.000000 -0.000000 -0.000000 0 0
0.000000 -0.000000 -0.000000 0 0
0.000000 -0.000000 -0.000000 0 0
0.000000 -0.000000 -0.000000 0 0
0.000000 -0.000000 -0.000000 0 0
0.000000 -0.000000 -0.000000 0 0
0.000000 -0.000000 -0.000000 0 0
0.176000 1.666000 0.101000 19 0
0.000000 -0.000000 -0.000000 0 0
0.000000 -0.000000 -0.000000 0 0
0.000000 -0.000000 -0.000000 0 0
0.201000 1.559000 0.093000 26 0
0.178000 1.633000 0.102000 18 0
0.000000 -0.000000 -0.000000 0 0
0.000000 -0.000000 -0.000000 0 0
0.000000 -0.000000 -0.000000 0 0
0.206000 1.558000 0.097000 34 0
0.180000 1.602000 0.109000 18 0
0.000000 -0.000000 -0.000000 0 0
0.000000 -0.000000 -0.000000 0 0
0.000000 -0.000000 -0.000000 0 0
0.000000 -0.000000 -0.000000 0 0
0.184000 1.582000 0.117000 31 0
0.000000 -0.000000 -0.000000 0 0
0.280000 1.561000 0.097000 36 0
0.000000 -0.000000 -0.000000 0 0
0.000000 -0.000000 -0.000000 0 0
0.000000 -0.000000 -0.000000 0 0
0.000000 -0.000000 -0.000000 0 0
0.000000 -0.000000 -0.000000 0 0
0.000000 -0.000000 -0.000000 0 0
0.000000 -0.000000 -0.000000 0 0
0.361000 1.585000 0.099000 48 0
0.333000 1.602000 0.114000 47 0
0.302000 1.604000 0.127000 63 0
0.432000 1.582000 0.087000 49 0
0.000000 -0.000000 -0.000000 0 0
0.000000 -0.000000 -0.000000 0 0
0.000000 -0.000000 -0.000000 0 0
0.000000 -0.000000 -0.000000 0 0
0.443000 1.597000 0.100000 53 0
0.418000 1.627000 0.119000 48 0
0.385000 1.624000 0.134000 58 0
0.521000 1.612000 0.086000 61 0
0.000000 -0.000000 -0.000000 0 0
0.000000 -0.000000 -0.000000 0 0
0.427000 1.631000 0.138000 57 0
0.567000 1.627000 0.086000 57 0
0.530000 1.621000 0.102000 59 0
0.507000 1.651000 0.124000 57 0
0.471000 1.642000 0.142000 60 0
0.613000 1.636000 0.085000 34 0
0.574000 1.626000 0.103000 47 0
0.549000 1.650000 0.126000 51 0
0.516000 1.649000 0.146000 51 0
0.658000 1.641000 0.085000 17 0
0.621000 1.635000 0.104000 25 0
0.597000 1.663000 0.129000 28 0
0.561000 1.657000 0.150000 30 0
0.712000 1.664000 0.085000 4 0
0.668000 1.647000 0.105000 8 0
0.649000 1.685000 0.132000 10 0
0.611000 1.674000 0.155000 12 0
0.000000 -0.000000 -0.000000 0 0
0.718000 1.658000 0.107000 1 0
0.698000 1.693000 0.135000 2 0
0.656000 1.674000 0.159000 2 0
0.000000 -0.000000 -0.000000 0 0
0.000000 -0.000000 -0.000000 0 0
0.000000 -0.000000 -0.000000 0 0
0.000000 -0.000000 -0.000000 0 0
0.000000 -0.000000 -0.000000 0 0
0.000000 -0.000000 -0.000000 0 0
0.000000 -0.000000 -0.000000 0 0
0.000000 -0.000000 -0.000000 0 0
0.000000 -0.000000 -0.000000 0 0
0.000000 -0.000000 -0.000000 0 0
0.000000 -0.000000 -0.000000 0 0
0.000000 -0.000000 -0.000000 0 0
0.000000 -0.000000 -0.000000 0 0
0.000000 -0.000000 -0.000000 0 0
0.000000 -0.000000 -0.000000 0 0
0.000000 -0.000000 -0.000000 0 0
0.000000 -0.000000 -0.000000 0 0
0.000000 -0.000000 -0.000000 0 0
0.000000 -0.000000 -0.000000 0 0
0.000000 -0.000000 -0.000000 0 0
0.000000 -0.000000 -0.000000 0 0
0.000000 -0.000000 -0.000000 0 0
0.000000 -0.000000 -0.000000 0 0
0.000000 -0.000000 -0.000000 0 0
0.000000 -0.000000 -0.000000 0 0
0.000000 -0.000000 -0.000000 0 0
0.000000 -0.000000 -0.000000 0 0
0.000000 -0.000000 -0.000000 0 0
0.000000 -0.000000 -0.000000 0 0
0.000000 -0.000000 -0.000000 0 0
0.000000 -0.000000 -0.000000 0 0
0.000000 -0.000000 -0.000000 0 0
0.000000 -0.000000 -0.000000 0 0
0.000000 -0.000000 -0.000000 0 0
0.000000 -0.000000 -0.000000 0 0
0.000000 -0.000000 -0.000000 0 0
0.176000 1.666000 0.101000 19 0
0.000000 -0.000000 -0.000000 0 0
0.000000 -0.000000 -0.000000 0 0
0.000000 -0.000000 -0.000000 0 0
0.201000 1.559000 0.093000 26 0
0.178000 1.633000 0.102000 18 0
0.000000 -0.000000 -0.000000 0 0
0.000000 -0.000000 -0.000000 0 0
0.000000 -0.000000 -0.000000 0 0
0.206000 1.558000 0.097000 34 0
0.180000 1.602000 0.109000 18 0
0.000000 -0.000000 -0.000000 0 0
0.000000 -0.000000 -0.000000 0 0
0.000000 -0.000000 -0.000000 0 0
0.000000 -0.000000 -0.000000 0 0
0.184000 1.582000 0.117000 31 0
0.000000 -0.000000 -0.000000 0 0
0.280000 1.561000 0.097000 36 0
0.000000 -0.000000 -0.000000 0 0
0.000000 -0.000000 -0.000000 0 0
0.000000 -0.000000 -0.000000 0 0
0.000000 -0.000000 -0.000000 0 0
0.000000 -0.000000 -0.000000 0 0
0.000000 -0.000000 -0.000000 0 0
0.000000 -0.000000 -0.000000 0 0
0.361000 1.585000 0.099000 48 0
0.333000 1.602000 0.114000 47 0
0.302000 1.604000 0.127000 63 0
0.432000 1.582000 0.087000 49 0
0.000000 -0.000000 -0.000000 0 0
0.000000 -0.000000 -0.000000 0 0
0.000000 -0.000000 -0.000000 0 0
0.000000 -0.000000 -0.000000 0 0
0.443000 1.597000 0.100000 53 0
0.418000 1.627000 0.119000 48 0
0.385000 1.624000 0.134000 58 0
0.521000 1.612000 0.086000 61 0
0.000000 -0.000000 -0.000000 0 0
0.000000 -0.000000 -0.000000 0 0
0.427000 1.631000 0.138000 57 0
0.567000 1.627000 0.086000 57 0
0.530000 1.621000 0.102000 59 0
0.507000 1.651000 0.124000 57 0
0.471000 1.642000 0.142000 60 0
0.613000 1.636000 0.085000 34 0
0.574000 1.626000 0.103000 47 0
0.549000 1.650000 0.126000 51 0
0.516000 1.649000 0.146000 51 0
0.658000 1.641000 0.085000 17 0
0.621000 1.635000 0.104000 25 0
0.597000 1.663000 0.129000 28 0
0.561000 1.657000 0.150000 30 0
0.712000 1.664000 0.085000 4 0
0.668000 1.647000 0.105000 8 0
0.649000 1.685000 0.132000 10 0
0.611000 1.674000 0.155000 12 0
0.000000 -0.000000 -0.000000 0 0
0.718000 1.658000 0.107000 1 0
0.698000 1.693000 0.135000 2 0
0.656000 1.674000 0.159000 2 0
0.000000 -0.000000 -0.000000 0 0
0.000000 -0.000000 -0.000000 0 0
0.000000 -0.000000 -0.000000 0 0
0.000000 -0.000000 -0.000000 0 0
0.000000 -0.000000 -0.000000 0 0
0.000000 -0.000000 -0.000000 0 0
0.000000 -0.000000 -0.000000 0 0
0.000000 -0.000000 -0.000000 0 0
0.000000 -0.000000 -0.000000 0 0
0.000000 -0.000000 -0.000000 0 0
0.000000 -0.000000 -0.000000 0 0
0.000000 -0.000000 -0.000000 0 0
0.000000 -0.000000 -0.000000 0 0
0.000000 -0.000000 -0.000000 0 0
0.000000 -0.000000 -0.000000 0 0
0.000000 -0.000000 -0.000000 0 0
0.000000 -0.000000 -0.000000 0 0
0.000000 -0.000000 -0.000000 0 0
0.000000 -0.000000 -0.000000 0 0
0.000000 -0.000000 -0.000000 0 0
0.000000 -0.000000 -0.000000 0 0
0.000000 -0.000000 -0.000000 0 0
0.000000 -0.000000 -0.000000 0 0
0.000000 -0.000000 -0.000000 0 0
0.000000 -0.000000 -0.000000 0 0
0.000000 -0.000000 -0.000000 0 0
0.000000 -0.000000 -0.000000 0 0
0.000000 -0.000000 -0.000000 0 0
0.000000 -0.000000 -0.000000 0 0
0.000000 -0.000000 -0.000000 0 0
0.000000 -0.000000 -0.000000 0 0
0.000000 -0.000000 -0.000000 0 0
0.000000 -0.000000 -0.000000 0 0
0.000000 -0.000000 -0.000000 0 0
0.000000 -0.000000 -0.000000 0 0
0.000000 -0.000000 -0.000000 0 0
0.000000 -0.000000 -0.000000 0 0
0.000000 -0.000000 -0.000000 0 0
0.000000 -0.000000 -0.000000 0 0
0.000000 -0.000000 -0.000000 0 0
0.000000 -0.000000 -0.000000 0 0
0.000000 -0.000000 -0.000000 0 0
0.000000 -0.000000 -0.000000 0 0
0.000000 -0.000000 -0.000000 0 0
0.000000 -0.000000 -0.000000 0 0
0.000000 -0.000000 -0.000000 0 0
0.000000 -0.000000 -0.000000 0 0
0.000000 -0.000000 -0.000000 0 0
0.000000 -0.000000 -0.000000 0 0
0.000000 -0.000000 -0.000000 0 0
0.000000 -0.000000 -0.000000 0 0
0.000000 -0.000000 -0.000000 0 0
0.000000 -0.000000 -0.000000 0 0
0.000000 -0.000000 -0.000000 0 0
0.000000 -0.000000 -0.000000 0 0
0.000000 -0.000000 -0.000000 0 0
0.000000 -0.000000 -0.000000 0 0
0.000000 -0.000000 -0.000000 0 0
0.000000 -0.000000 -0.000000 0 0
0.000000 -0.000000 -0.000000 0 0
0.000000 -0.000000 -0.000000 0 0
0.000000 -0.000000 -0.000000 0 0
0.000000 -0.000000 -0.000000 0 0
0.000000 -0.000000 -0.000000 0 0
0.000000 -0.000000 -0.000000 0 0
0.000000 -0.000000 -0.000000 0 0
0.000000 -0.000000 -0.000000 0 0
0.000000 -0.000000 -0.000000 0 0
0.000000 -0.000000 -0.000000 0 0
0.000000 -0.000000 -0.000000 0 0
0.000000 -0.000000 -0.000000 0 0
0.000000 -0.000000 -0.000000 0 0
0.000000 -0.000000 -0.000000 0 0
0.000000 -0.000000 -0.000000 0 0
0.000000 -0.000000 -0.000000 0 0
0.000000 -0.000000 -0.000000 0 0
0.000000 -0.000000 -0.000000 0 0
0.000000 -0.000000 -0.000000 0 0
0.000000 -0.000000 -0.000000 0 0
0.000000 -0.000000 -0.000000 0 0
0.000000 -0.000000 -0.000000 0 0
0.000000 -0.000000 -0.000000 0 0
0.000000 -0.000000 -0.000000 0 0
0.000000 -0.000000 -0.000000 0 0
0.000000 -0.000000 -0.000000 0 0
0.000000 -0.000000 -0.000000 0 0
0.000000 -0.000000 -0.000000 0 0
0.000000 -0.000000 -0.000000 0 0
0.000000 -0.000000 -0.000000 0 0
0.000000 -0.000000 -0.000000 0 0
0.000000 -0.000000 -0.000000 0 0
0.000000 -0.000000 -0.000000 0 0
0.000000 -0.000000 -0.000000 0 0
0.000000 -0.000000 -0.000000 0 0
0.000000 -0.000000 -0.000000 0 0
0.000000 -0.000000 -0.000000 0 0
0.000000 -0.000000 -0.000000 0 0
0.000000 -0.000000 -0.000000 0 0
0.000000 -0.000000 -0.000000 0 0
0.000000 -0.000000 -0.000000 0 0
0.000000 -0.000000 -0.000000 0 0
0.000000 -0.000000 -0.000000 0 0
0.000000 -0.000000 -0.000000 0 0
0.000000 -0.000000 -0.000000 0 0
0.000000 -0.000000 -0.000000 0 0
0.000000 -0.000000 -0.000000 0 0
0.000000 -0.000000 -0.000000 0 0
0.000000 -0.000000 -0.000000 0 0
0.000000 -0.000000 -0.000000 0 0
0.000000 -0.000000 -0.000000 0 0
0.000000 -0.000000 -0.000000 0 0
0.000000 -0.000000 -0.000000 0 0
0.000000 -0.000000 -0.000000 0 0
0.000000 -0.000000 -0.000000 0 0
0.000000 -0.000000 -0.000000 0 0
0.000000 -0.000000 -0.000000 0 0
0.000000 -0.000000 -0.000000 0 0
0.000000 -0.000000 -0.000000 0 0
0.000000 -0.000000 -0.000000 0 0
0.000000 -0.000000 -0.000000 0 0
0.000000 -0.000000 -0.000000 0 0
0.000000 -0.000000 -0.000000 0 0
0.000000 -0.000000 -0.000000 0 0
0.000000 -0.000000 -0.000000 0 0
0.000000 -0.000000 -0.000000 0 0
0.000000 -0.000000 -0.000000 0 0
0.000000 -0.000000 -0.000000 0 0
0.000000 -0.000000 -0.000000 0 0
0.000000 -0.000000 -0.000000 0 0
0.000000 -0.000000 -0.000000 0 0
0.000000 -0.000000 -0.000000 0 0
0.000000 -0.000000 -0.000000 0 0
0.000000 -0.000000 -0.000000 0 0
0.000000 -0.000000 -0.000000 0 0
0.000000 -0.000000 -0.000000 0 0
0.000000 -0.000000 -0.000000 0 0
0.000000 -0.000000 -0.000000 0 0
0.000000 -0.000000 -0.000000 0 0
0.000000 -0.000000 -0.000000 0 0
0.000000 -0.000000 -0.000000 0 0
0.000000 -0.000000 -0.000000 0 0
0.000000 -0.000000 -0.000000 0 0
0.000000 -0.000000 -0.000000 0 0
0.000000 -0.000000 -0.000000 0 0
0.000000 -0.000000 -0.000000 0 0
0.000000 -0.000000 -0.000000 0 0
0.000000 -0.000000 -0.000000 0 0
0.000000 -0.000000 -0.000000 0 0
0.000000 -0.000000 -0.000000 0 0
0.000000 -0.000000 -0.000000 0 0
0.000000 -0.000000 -0.000000 0 0
0.000000 -0.000000 -0.000000 0 0
0.000000 -0.000000 -0.000000 0 0
0.000000 -0.000000 -0.000000 0 0
0.000000 -0.000000 -0.000000 0 0
0.000000 -0.000000 -0.000000 0 0
0.000000 -0.000000 -0.000000 0 0
0.000000 -0.000000 -0.000000 0 0
0.000000 -0.000000 -0.000000 0 0
0.000000 -0.000000 -0.000000 0 0
0.000000 -0.000000 -0.000000 0 0
0.000000 -0.000000 -0.000000 0 0
0.000000 -0.000000 -0.000000 0 0
0.000000 -0.000000 -0.000000 0 0
0.000000 -0.000000 -0.000000 0 0
0.000000 -0.000000 -0.000000 0 0
0.000000 -0.000000 -0.000000 0 0
0.000000 -0.000000 -0.000000 0 0
0.000000 -0.000000 -0.000000 0 0
0.000000 -0.000000 -0.000000 0 0
0.000000 -0.000000 -0.000000 0 0
0.000000 -0.000000 -0.000000 0 0
0.000000 -0.000000 -0.000000 0 0
0.000000 -0.000000 -0.000000 0 0
0.000000 -0.000000 -0.000000 0 0
0.000000 -0.000000 -0.000000 0 0
0.000000 -0.000000 -0.000000 0 0
0.000000 -0.000000 -0.000000 0 0
0.000000 -0.000000 -0.000000 0 0
0.000000 -0.000000 -0.000000 0 0
0.000000 -0.000000 -0.000000 0 0
0.000000 -0.000000 -0.000000 0 0
0.000000 -0.000000 -0.000000 0 0
0.000000 -0.000000 -0.000000 0 0
0.000000 -0.000000 -0.000000 0 0
0.000000 -0.000000 -0.000000 0 0
0.000000 -0.000000 -0.000000 0 0
0.000000 -0.000000 -0.000000 0 0
0.000000 -0.000000 -0.000000 0 0
0.000000 -0.000000 -0.000000 0 0
0.000000 -0.000000 -0.000000 0 0
0.000000 -0.000000 -0.000000 0 0
0.000000 -0.000000 -0.000000 0 0
0.000000 -0.000000 -0.000000 0 0
0.000000 -0.000000 -0.000000 0 0
0.000000 -0.000000 -0.000000 0 0
0.000000 -0.000000 -0.000000 0 0
0.000000 -0.000000 -0.000000 0 0
0.000000 -0.000000 -0.000000 0 0
0.000000 -0.000000 -0.000000 0 0
0.000000 -0.000000 -0.000000 0 0
0.000000 -0.000000 -0.000000 0 0
0.000000 -0.000000 -0.000000 0 0
0.000000 -0.000000 -0.000000 0 0
0.000000 -0.000000 -0.000000 0 0
0.000000 -0.000000 -0.000000 0 0
0.000000 -0.000000 -0.000000 0 0
0.000000 -0.000000 -0.000000 0 0
0.000000 -0.000000 -0.000000 0 0
0.000000 -0.000000 -0.000000 0 0
0.000000 -0.000000 -0.000000 0 0
0.000000 -0.000000 -0.000000 0 0
0.000000 -0.000000 -0.000000 0 0
0.000000 -0.000000 -0.000000 0 0
0.000000 -0.000000 -0.000000 0 0
0.000000 -0.000000 -0.000000 0 0
0.000000 -0.000000 -0.000000 0 0
0.000000 -0.000000 -0.000000 0 0
0.000000 -0.000000 -0.000000 0 0
0.000000 -0.000000 -0.000000 0 0
0.000000 -0.000000 -0.000000 0 0
0.000000 -0.000000 -0.000000 0 0
0.000000 -0.000000 -0.000000 0 0
0.000000 -0.000000 -0.000000 0 0
0.000000 -0.000000 -0.000000 0 0
0.000000 -0.000000 -0.000000 0 0
0.000000 -0.000000 -0.000000 0 0
0.000000 -0.000000 -0.000000 0 0
0.000000 -0.000000 -0.000000 0 0
0.000000 -0.000000 -0.000000 0 0
0.000000 -0.000000 -0.000000 0 0
0.000000 -0.000000 -0.000000 0 0
0.000000 -0.000000 -0.000000 0 0
0.000000 -0.000000 -0.000000 0 0
0.000000 -0.000000 -0.000000 0 0
0.000000 -0.000000 -0.000000 0 0
0.000000 -0.000000 -0.000000 0 0
0.000000 -0.000000 -0.000000 0 0
0.000000 -0.000000 -0.000000 0 0
0.000000 -0.000000 -0.000000 0 0
0.000000 -0.000000 -0.000000 0 0
0.000000 -0.000000 -0.000000 0 0
0.000000 -0.000000 -0.000000 0 0
0.000000 -0.000000 -0.000000 0 0
0.000000 -0.000000 -0.000000 0 0
0.000000 -0.000000 -0.000000 0 0
0.000000 -0.000000 -0.000000 0 0
0.000000 -0.000000 -0.000000 0 0
0.000000 -0.000000 -0.000000 0 0
0.000000 -0.000000 -0.000000 0 0
0.000000 -0.000000 -0.000000 0 0
0.000000 -0.000000 -0.000000 0 0
0.000000 -0.000000 -0.000000 0 0
0.000000 -0.000000 -0.000000 0 0
0.000000 -0.000000 -0.000000 0 0
0.000000 -0.000000 -0.000000 0 0
0.000000 -0.000000 -0.000000 0 0
0.000000 -0.000000 -0.000000 0 0
0.000000 -0.000000 -0.000000 0 0
0.000000 -0.000000 -0.000000 0 0
0.000000 -0.000000 -0.000000 0 0
0.000000 -0.000000 -0.000000 0 0
0.000000 -0.000000 -0.000000 0 0
0.000000 -0.000000 -0.000000 0 0
0.000000 -0.000000 -0.000000 0 0
0.000000 -0.000000 -0.000000 0 0
0.000000 -0.000000 -0.000000 0 0
0.000000 -0.000000 -0.000000 0 0
0.000000 -0.000000 -0.000000 0 0
0.000000 -0.000000 -0.000000 0 0
0.000000 -0.000000 -0.000000 0 0
0.000000 -0.000000 -0.000000 0 0
0.000000 -0.000000 -0.000000 0 0
0.000000 -0.000000 -0.000000 0 0
0.000000 -0.000000 -0.000000 0 0
0.000000 -0.000000 -0.000000 0 0
0.000000 -0.000000 -0.000000 0 0
0.000000 -0.000000 -0.000000 0 0
0.000000 -0.000000 -0.000000 0 0
0.000000 -0.000000 -0.000000 0 0
0.000000 -0.000000 -0.000000 0 0
0.000000 -0.000000 -0.000000 0 0
0.000000 -0.000000 -0.000000 0 0
0.000000 -0.000000 -0.000000 0 0
0.000000 -0.000000 -0.000000 0 0
0.000000 -0.000000 -0.000000 0 0
0.000000 -0.000000 -0.000000 0 0
0.000000 -0.000000 -0.000000 0 0
0.000000 -0.000000 -0.000000 0 0
0.000000 -0.000000 -0.000000 0 0
0.000000 -0.000000 -0.000000 0 0
0.000000 -0.000000 -0.000000 0 0
0.000000 -0.000000 -0.000000 0 0
0.000000 -0.000000 -0.000000 0 0
0.000000 -0.000000 -0.000000 0 0
0.000000 -0.000000 -0.000000 0 0
0.000000 -0.000000 -0.000000 0 0
0.000000 -0.000000 -0.000000 0 0
0.000000 -0.000000 -0.000000 0 0
0.000000 -0.000000 -0.000000 0 0
0.000000 -0.000000 -0.000000 0 0
0.000000 -0.000000 -0.000000 0 0
0.000000 -0.000000 -0.000000 0 0
0.000000 -0.000000 -0.000000 0 0
0.000000 -0.000000 -0.000000 0 0
0.000000 -0.000000 -0.000000 0 0
0.000000 -0.000000 -0.000000 0 0
0.000000 -0.000000 -0.000000 0 0
0.000000 -0.000000 -0.000000 0 0
0.000000 -0.000000 -0.000000 0 0
0.000000 -0.000000 -0.000000 0 0
0.000000 -0.000000 -0.000000 0 0
0.000000 -0.000000 -0.000000 0 0
0.000000 -0.000000 -0.000000 0 0
0.000000 -0.000000 -0.000000 0 0
0.000000 -0.000000 -0.000000 0 0
0.000000 -0.000000 -0.000000 0 0
0.000000 -0.000000 -0.000000 0 0
0.000000 -0.000000 -0.000000 0 0
0.000000 -0.000000 -0.000000 0 0
0.000000 -0.000000 -0.000000 0 0
0.000000 -0.000000 -0.000000 0 0
0.000000 -0.000000 -0.000000 0 0
0.000000 -0.000000 -0.000000 0 0
0.000000 -0.000000 -0.000000 0 0
0.000000 -0.000000 -0.000000 0 0
0.000000 -0.000000 -0.000000 0 0
0.000000 -0.000000 -0.000000 0 0
0.000000 -0.000000 -0.000000 0 0
0.000000 -0.000000 -0.000000 0 0
0.000000 -0.000000 -0.000000 0 0
0.000000 -0.000000 -0.000000 0 0
0.000000 -0.000000 -0.000000 0 0
0.000000 -0.000000 -0.000000 0 0
0.000000 -0.000000 -0.000000 0 0
0.000000 -0.000000 -0.000000 0 0
0.000000 -0.000000 -0.000000 0 0
0.000000 -0.000000 -0.000000 0 0
0.000000 -0.000000 -0.000000 0 0
0.000000 -0.000000 -0.000000 0 0
0.000000 -0.000000 -0.000000 0 0
0.000000 -0.000000 -0.000000 0 0
0.000000 -0.000000 -0.000000 0 0
0.000000 -0.000000 -0.000000 0 0
0.000000 -0.000000 -0.000000 0 0
0.000000 -0.000000 -0.000000 0 0
0.000000 -0.000000 -0.000000 0 0
0.000000 -0.000000 -0.000000 0 0
0.000000 -0.000000 -0.000000 0 0
0.000000 -0.000000 -0.000000 0 0
0.000000 -0.000000 -0.000000 0 0
0.000000 -0.000000 -0.000000 0 0
0.000000 -0.000000 -0.000000 0 0
0.000000 -0.000000 -0.000000 0 0
0.000000 -0.000000 -0.000000 0 0
0.000000 -0.000000 -0.000000 0 0
0.000000 -0.000000 -0.000000 0 0
0.000000 -0.000000 -0.000000 0 0
0.000000 -0.000000 -0.000000 0 0
0.000000 -0.000000 -0.000000 0 0
0.000000 -0.000000 -0.000000 0 0
0.000000 -0.000000 -0.000000 0 0
0.000000 -0.000000 -0.000000 0 0
0.000000 -0.000000 -0.000000 0 0
0.000000 -0.000000 -0.000000 0 0
0.000000 -0.000000 -0.000000 0 0
0.000000 -0.000000 -0.000000 0 0
0.000000 -0.000000 -0.000000 0 0
0.000000 -0.000000 -0.000000 0 0
0.000000 -0.000000 -0.000000 0 0
0.000000 -0.000000 -0.000000 0 0
0.000000 -0.000000 -0.000000 0 0
0.000000 -0.000000 -0.000000 0 0
0.000000 -0.000000 -0.000000 0 0
0.000000 -0.000000 -0.000000 0 0
0.000000 -0.000000 -0.000000 0 0
0.000000 -0.000000 -0.000000 0 0
0.000000 -0.000000 -0.000000 0 0
0.000000 -0.000000 -0.000000 0 0
0.000000 -0.000000 -0.000000 0 0
0.000000 -0.000000 -0.000000 0 0
0.000000 -0.000000 -0.000000 0 0
0.000000 -0.000000 -0.000000 0 0
0.000000 -0.000000 -0.000000 0 0
0.000000 -0.000000 -0.000000 0 0
0.000000 -0.000000 -0.000000 0 0
0.000000 -0.000000 -0.000000 0 0
0.000000 -0.000000 -0.000000 0 0
0.000000 -0.000000 -0.000000 0 0
0.000000 -0.000000 -0.000000 0 0
0.000000 -0.000000 -0.000000 0 0
0.000000 -0.000000 -0.000000 0 0
0.000000 -0.000000 -0.000000 0 0
0.000000 -0.000000 -0.000000 0 0
0.000000 -0.000000 -0.000000 0 0
0.000000 -0.000000 -0.000000 0 0
0.000000 -0.000000 -0.000000 0 0
0.000000 -0.000000 -0.000000 0 0
0.000000 -0.000000 -0.000000 0 0
0.000000 -0.000000 -0.000000 0 0
0.000000 -0.000000 -0.000000 0 0
0.000000 -0.000000 -0.000000 0 0
0.000000 -0.000000 -0.000000 0 0
0.000000 -0.000000 -0.000000 0 0
0.000000 -0.000000 -0.000000 0 0
0.000000 -0.000000 -0.000000 0 0
0.000000 -0.000000 -0.000000 0 0
0.000000 -0.000000 -0.000000 0 0
0.000000 -0.000000 -0.000000 0 0
0.000000 -0.000000 -0.000000 0 0
0.000000 -0.000000 -0.000000 0 0
0.000000 -0.000000 -0.000000 0 0
0.000000 -0.000000 -0.000000 0 0
0.000000 -0.000000 -0.000000 0 0
0.000000 -0.000000 -0.000000 0 0
0.000000 -0.000000 -0.000000 0 0
0.000000 -0.000000 -0.000000 0 0
0.000000 -0.000000 -0.000000 0 0
0.000000 -0.000000 -0.000000 0 0
0.000000 -0.000000 -0.000000 0 0
0.000000 -0.000000 -0.000000 0 0
0.000000 -0.000000 -0.000000 0 0
0.000000 -0.000000 -0.000000 0 0
0.000000 -0.000000 -0.000000 0 0
0.000000 -0.000000 -0.000000 0 0
0.000000 -0.000000 -0.000000 0 0
0.000000 -0.000000 -0.000000 0 0
0.000000 -0.000000 -0.000000 0 0
0.000000 -0.000000 -0.000000 0 0
0.000000 -0.000000 -0.000000 0 0
0.000000 -0.000000 -0.000000 0 0
0.000000 -0.000000 -0.000000 0 0
0.000000 -0.000000 -0.000000 0 0
0.000000 -0.000000 -0.000000 0 0
0.000000 -0.000000 -0.000000 0 0
0.000000 -0.000000 -0.000000 0 0
0.000000 -0.000000 -0.000000 0 0
0.000000 -0.000000 -0.000000 0 0
0.000000 -0.000000 -0.000000 0 0
0.000000 -0.000000 -0.000000 0 0
0.000000 -0.000000 -0.000000 0 0
0.000000 -0.000000 -0.000000 0 0
0.000000 -0.000000 -0.000000 0 0
0.000000 -0.000000 -0.000000 0 0
0.000000 -0.000000 -0.000000 0 0
0.000000 -0.000000 -0.000000 0 0
0.000000 -0.000000 -0.000000 0 0
0.000000 -0.000000 -0.000000 0 0
0.000000 -0.000000 -0.000000 0 0
0.000000 -0.000000 -0.000000 0 0
0.000000 -0.000000 -0.000000 0 0
0.000000 -0.000000 -0.000000 0 0
0.000000 -0.000000 -0.000000 0 0
0.000000 -0.000000 -0.000000 0 0
0.000000 -0.000000 -0.000000 0 0
0.000000 -0.000000 -0.000000 0 0
0.000000 -0.000000 -0.000000 0 0
0.000000 -0.000000 -0.000000 0 0
0.000000 -0.000000 -0.000000 0 0
0.000000 -0.000000 -0.000000 0 0
0.000000 -0.000000 -0.000000 0 0
0.000000 -0.000000 -0.000000 0 0
0.000000 -0.000000 -0.000000 0 0
0.000000 -0.000000 -0.000000 0 0
0.000000 -0.000000 -0.000000 0 0
0.000000 -0.000000 -0.000000 0 0
0.000000 -0.000000 -0.000000 0 0
0.000000 -0.000000 -0.000000 0 0
0.000000 -0.000000 -0.000000 0 0
0.000000 -0.000000 -0.000000 0 0
0.000000 -0.000000 -0.000000 0 0
0.000000 -0.000000 -0.000000 0 0
0.000000 -0.000000 -0.000000 0 0
0.000000 -0.000000 -0.000000 0 0
0.000000 -0.000000 -0.000000 0 0
0.000000 -0.000000 -0.000000 0 0
0.000000 -0.000000 -0.000000 0 0
0.000000 -0.000000 -0.000000 0 0
0.000000 -0.000000 -0.000000 0 0
0.000000 -0.000000 -0.000000 0 0
0.000000 -0.000000 -0.000000 0 0
0.000000 -0.000000 -0.000000 0 0
0.000000 -0.000000 -0.000000 0 0
0.000000 -0.000000 -0.000000 0 0
0.000000 -0.000000 -0.000000 0 0
0.000000 -0.000000 -0.000000 0 0
0.000000 -0.000000 -0.000000 0 0
0.000000 -0.000000 -0.000000 0 0
0.000000 -0.000000 -0.000000 0 0
0.000000 -0.000000 -0.000000 0 0
0.000000 -0.000000 -0.000000 0 0
0.000000 -0.000000 -0.000000 0 0
0.000000 -0.000000 -0.000000 0 0
0.000000 -0.000000 -0.000000 0 0
0.000000 -0.000000 -0.000000 0 0
0.000000 -0.000000 -0.000000 0 0
0.000000 -0.000000 -0.000000 0 0
0.000000 -0.000000 -0.000000 0 0
0.000000 -0.000000 -0.000000 0 0
0.000000 -0.000000 -0.000000 0 0
0.000000 -0.000000 -0.000000 0 0
0.000000 -0.000000 -0.000000 0 0
0.000000 -0.000000 -0.000000 0 0
0.000000 -0.000000 -0.000000 0 0
0.000000 -0.000000 -0.000000 0 0
0.000000 -0.000000 -0.000000 0 0
0.000000 -0.000000 -0.000000 0 0
0.000000 -0.000000 -0.000000 0 0
0.000000 -0.000000 -0.000000 0 0
0.000000 -0.000000 -0.000000 0 0
0.000000 -0.000000 -0.000000 0 0
0.000000 -0.000000 -0.000000 0 0
0.000000 -0.000000 -0.000000 0 0
0.000000 -0.000000 -0.000000 0 0
0.000000 -0.000000 -0.000000 0 0
0.000000 -0.000000 -0.000000 0 0
0.000000 -0.000000 -0.000000 0 0
0.000000 -0.000000 -0.000000 0 0
0.000000 -0.000000 -0.000000 0 0
0.000000 -0.000000 -0.000000 0 0
0.000000 -0.000000 -0.000000 0 0
0.000000 -0.000000 -0.000000 0 0
0.000000 -0.000000 -0.000000 0 0
0.000000 -0.000000 -0.000000 0 0
0.000000 -0.000000 -0.000000 0 0
0.000000 -0.000000 -0.000000 0 0
0.000000 -0.000000 -0.000000 0 0
0.000000 -0.000000 -0.000000 0 0
0.000000 -0.000000 -0.000000 0 0
0.000000 -0.000000 -0.000000 0 0
0.000000 -0.000000 -0.000000 0 0
0.000000 -0.000000 -0.000000 0 0
0.000000 -0.000000 -0.000000 0 0
0.000000 -0.000000 -0.000000 0 0
0.000000 -0.000000 -0.000000 0 0
0.000000 -0.000000 -0.000000 0 0
0.000000 -0.000000 -0.000000 0 0
0.000000 -0.000000 -0.000000 0 0
0.000000 -0.000000 -0.000000 0 0
0.000000 -0.000000 -0.000000 0 0
0.000000 -0.000000 -0.000000 0 0
0.000000 -0.000000 -0.000000 0 0
0.000000 -0.000000 -0.000000 0 0
0.000000 -0.000000 -0.000000 0 0
0.000000 -0.000000 -0.000000 0 0
0.000000 -0.000000 -0.000000 0 0
0.000000 -0.000000 -0.000000 0 0
0.000000 -0.000000 -0.000000 0 0
0.000000 -0.000000 -0.000000 0 0
0.000000 -0.000000 -0.000000 0 0
0.000000 -0.000000 -0.000000 0 0
0.000000 -0.000000 -0.000000 0 0
0.000000 -0.000000 -0.000000 0 0
0.000000 -0.000000 -0.000000 0 0
0.000000 -0.000000 -0.000000 0 0
0.000000 -0.000000 -0.000000 0 0
0.000000 -0.000000 -0.000000 0 0
0.000000 -0.000000 -0.000000 0 0
0.000000 -0.000000 -0.000000 0 0
0.000000 -0.000000 -0.000000 0 0
0.000000 -0.000000 -0.000000 0 0
0.000000 -0.000000 -0.000000 0 0
0.000000 -0.000000 -0.000000 0 0
0.000000 -0.000000 -0.000000 0 0
0.000000 -0.000000 -0.000000 0 0
0.000000 -0.000000 -0.000000 0 0
0.000000 -0.000000 -0.000000 0 0
0.000000 -0.000000 -0.000000 0 0
0.000000 -0.000000 -0.000000 0 0
0.000000 -0.000000 -0.000000 0 0
0.000000 -0.000000 -0.000000 0 0
0.000000 -0.000000 -0.000000 0 0
0.000000 -0.000000 -0.000000 0 0
0.000000 -0.000000 -0.000000 0 0
0.000000 -0.000000 -0.000000 0 0
0.000000 -0.000000 -0.000000 0 0
0.000000 -0.000000 -0.000000 0 0
0.000000 -0.000000 -0.000000 0 0
0.000000 -0.000000 -0.000000 0 0
0.000000 -0.000000 -0.000000 0 0
0.000000 -0.000000 -0.000000 0 0
0.000000 -0.000000 -0.000000 0 0
0.000000 -0.000000 -0.000000 0 0
0.000000 -0.000000 -0.000000 0 0
0.000000 -0.000000 -0.000000 0 0
0.000000 -0.000000 -0.000000 0 0
0.000000 -0.000000 -0.000000 0 0
0.000000 -0.000000 -0.000000 0 0
0.000000 -0.000000 -0.000000 0 0
0.000000 -0.000000 -0.000000 0 0
0.000000 -0.000000 -0.000000 0 0
0.000000 -0.000000 -0.000000 0 0
0.000000 -0.000000 -0.000000 0 0
0.000000 -0.000000 -0.000000 0 0
0.000000 -0.000000 -0.000000 0 0
0.000000 -0.000000 -0.000000 0 0
0.000000 -0.000000 -0.000000 0 0
0.000000 -0.000000 -0.000000 0 0
0.000000 -0.000000 -0.000000 0 0
0.000000 -0.000000 -0.000000 0 0
0.000000 -0.000000 -0.000000 0 0
0.000000 -0.000000 -0.000000 0 0
0.000000 -0.000000 -0.000000 0 0
0.000000 -0.000000 -0.000000 0 0
0.000000 -0.000000 -0.000000 0 0
0.000000 -0.000000 -0.000000 0 0
0.000000 -0.000000 -0.000000 0 0
0.000000 -0.000000 -0.000000 0 0
0.000000 -0.000000 -0.000000 0 0
0.000000 -0.000000 -0.000000 0 0
0.000000 -0.000000 -0.000000 0 0
0.000000 -0.000000 -0.000000 0 0
0.000000 -0.000000 -0.000000 0 0
0.000000 -0.000000 -0.000000 0 0
0.000000 -0.000000 -0.000000 0 0
0.000000 -0.000000 -0.000000 0 0
0.000000 -0.000000 -0.000000 0 0
0.000000 -0.000000 -0.000000 0 0
0.000000 -0.000000 -0.000000 0 0
0.000000 -0.000000 -0.000000 0 0
0.000000 -0.000000 -0.000000 0 0
0.000000 -0.000000 -0.000000 0 0
0.000000 -0.000000 -0.000000 0 0
0.000000 -0.000000 -0.000000 0 0
0.000000 -0.000000 -0.000000 0 0
0.000000 -0.000000 -0.000000 0 0
0.000000 -0.000000 -0.000000 0 0
0.000000 -0.000000 -0.000000 0 0
0.000000 -0.000000 -0.000000 0 0
0.000000 -0.000000 -0.000000 0 0
0.000000 -0.000000 -0.000000 0 0
0.000000 -0.000000 -0.000000 0 0
0.000000 -0.000000 -0.000000 0 0
0.000000 -0.000000 -0.000000 0 0
0.000000 -0.000000 -0.000000 0 0
0.000000 -0.000000 -0.000000 0 0
0.000000 -0.000000 -0.000000 0 0
0.000000 -0.000000 -0.000000 0 0
0.000000 -0.000000 -0.000000 0 0
0.000000 -0.000000 -0.000000 0 0
0.000000 -0.000000 -0.000000 0 0
0.000000 -0.000000 -0.000000 0 0
0.000000 -0.000000 -0.000000 0 0
0.000000 -0.000000 -0.000000 0 0
0.000000 -0.000000 -0.000000 0 0
0.000000 -0.000000 -0.000000 0 0
0.000000 -0.000000 -0.000000 0 0
0.000000 -0.000000 -0.000000 0 0
0.000000 -0.000000 -0.000000 0 0
0.000000 -0.000000 -0.000000 0 0
0.000000 -0.000000 -0.000000 0 0
0.000000 -0.000000 -0.000000 0 0
0.000000 -0.000000 -0.000000 0 0
0.000000 -0.000000 -0.000000 0 0
0.000000 -0.000000 -0.000000 0 0
0.000000 -0.000000 -0.000000 0 0
0.000000 -0.000000 -0.000000 0 0
0.000000 -0.000000 -0.000000 0 0
0.000000 -0.000000 -0.000000 0 0
0.000000 -0.000000 -0.000000 0 0
0.000000 -0.000000 -0.000000 0 0
0.000000 -0.000000 -0.000000 0 0
0.000000 -0.000000 -0.000000 0 0
0.000000 -0.000000 -0.000000 0 0
0.000000 -0.000000 -0.000000 0 0
0.000000 -0.000000 -0.000000 0 0
0.000000 -0.000000 -0.000000 0 0
0.000000 -0.000000 -0.000000 0 0
0.000000 -0.000000 -0.000000 0 0
0.000000 -0.000000 -0.000000 0 0
0.000000 -0.000000 -0.000000 0 0
0.000000 -0.000000 -0.000000 0 0
0.000000 -0.000000 -0.000000 0 0
0.000000 -0.000000 -0.000000 0 0
0.000000 -0.000000 -0.000000 0 0
0.000000 -0.000000 -0.000000 0 0
0.000000 -0.000000 -0.000000 0 0
0.000000 -0.000000 -0.000000 0 0
0.000000 -0.000000 -0.000000 0 0
0.000000 -0.000000 -0.000000 0 0
0.000000 -0.000000 -0.000000 0 0
0.000000 -0.000000 -0.000000 0 0
0.000000 -0.000000 -0.000000 0 0
0.000000 -0.000000 -0.000000 0 0
0.000000 -0.000000 -0.000000 0 0
0.000000 -0.000000 -0.000000 0 0
0.000000 -0.000000 -0.000000 0 0
0.000000 -0.000000 -0.000000 0 0
0.000000 -0.000000 -0.000000 0 0
4.088000 -9.542000 0.724000 26 0
3.800000 -9.652000 0.888000 42 0
3.500000 -9.726000 1.062000 47 0
4.170000 -9.564000 0.561000 39 0
3.861000 -9.622000 0.726000 61 0
3.555000 -9.695000 0.880000 66 0
3.257000 -9.769000 1.045000 69 0
0.000000 -0.000000 -0.000000 0 0
0.000000 -0.000000 -0.000000 0 0
0.000000 -0.000000 -0.000000 0 0
0.000000 -0.000000 -0.000000 0 0
0.000000 -0.000000 -0.000000 0 0
0.000000 -0.000000 -0.000000 0 0
0.000000 -0.000000 -0.000000 0 0
0.000000 -0.000000 -0.000000 0 0
0.000000 -0.000000 -0.000000 0 0
0.000000 -0.000000 -0.000000 0 0
0.000000 -0.000000 -0.000000 0 0
0.000000 -0.000000 -0.000000 0 0
0.000000 -0.000000 -0.000000 0 0
0.000000 -0.000000 -0.000000 0 0
0.000000 -0.000000 -0.000000 0 0
0.000000 -0.000000 -0.000000 0 0
0.000000 -0.000000 -0.000000 0 0
0.000000 -0.000000 -0.000000 0 0
0.000000 -0.000000 -0.000000 0 0
0.000000 -0.000000 -0.000000 0 0
0.000000 -0.000000 -0.000000 0 0
0.000000 -0.000000 -0.000000 0 0
0.000000 -0.000000 -0.000000 0 0
0.000000 -0.000000 -0.000000 0 0
0.000000 -0.000000 -0.000000 0 0
0.000000 -0.000000 -0.000000 0 0
0.000000 -0.000000 -0.000000 0 0
0.000000 -0.000000 -0.000000 0 0
0.000000 -0.000000 -0.000000 0 0
0.000000 -0.000000 -0.000000 0 0
0.000000 -0.000000 -0.000000 0 0
0.000000 -0.000000 -0.000000 0 0
0.000000 -0.000000 -0.000000 0 0
0.000000 -0.000000 -0.000000 0 0
0.000000 -0.000000 -0.000000 0 0
0.000000 -0.000000 -0.000000 0 0
0.000000 -0.000000 -0.000000 0 0
0.000000 -0.000000 -0.000000 0 0
0.000000 -0.000000 -0.000000 0 0
0.000000 -0.000000 -0.000000 0 0
0.000000 -0.000000 -0.000000 0 0
0.000000 -0.000000 -0.000000 0 0
0.000000 -0.000000 -0.000000 0 0
0.000000 -0.000000 -0.000000 0 0
0.000000 -0.000000 -0.000000 0 0
0.000000 -0.000000 -0.000000 0 0
0.000000 -0.000000 -0.000000 0 0
0.000000 -0.000000 -0.000000 0 0
0.000000 -0.000000 -0.000000 0 0
0.000000 -0.000000 -0.000000 0 0
0.000000 -0.000000 -0.000000 0 0
0.000000 -0.000000 -0.000000 0 0
0.000000 -0.000000 -0.000000 0 0
0.000000 -0.000000 -0.000000 0 0
0.000000 -0.000000 -0.000000 0 0
0.000000 -0.000000 -0.000000 0 0
0.000000 -0.000000 -0.000000 0 0
0.000000 -0.000000 -0.000000 0 0
0.000000 -0.000000 -0.000000 0 0
0.000000 -0.000000 -0.000000 0 0
0.000000 -0.000000 -0.000000 0 0
0.000000 -0.000000 -0.000000 0 0
0.000000 -0.000000 -0.000000 0 0
0.000000 -0.000000 -0.000000 0 0
0.000000 -0.000000 -0.000000 0 0
0.000000 -0.000000 -0.000000 0 0
0.000000 -0.000000 -0.000000 0 0
0.000000 -0.000000 -0.000000 0 0
0.000000 -0.000000 -0.000000 0 0
0.000000 -0.000000 -0.000000 0 0
0.000000 -0.000000 -0.000000 0 0
0.000000 -0.000000 -0.000000 0 0
0.000000 -0.000000 -0.000000 0 0
0.000000 -0.000000 -0.000000 0 0
0.000000 -0.000000 -0.000000 0 0
0.000000 -0.000000 -0.000000 0 0
0.000000 -0.000000 -0.000000 0 0
0.000000 -0.000000 -0.000000 0 0
0.000000 -0.000000 -0.000000 0 0
0.000000 -0.000000 -0.000000 0 0
0.000000 -0.000000 -0.000000 0 0
0.000000 -0.000000 -0.000000 0 0
0.000000 -0.000000 -0.000000 0 0
0.000000 -0.000000 -0.000000 0 0
0.000000 -0.000000 -0.000000 0 0
0.000000 -0.000000 -0.000000 0 0
0.000000 -0.000000 -0.000000 0 0
0.000000 -0.000000 -0.000000 0 0
0.000000 -0.000000 -0.000000 0 0
4.088000 -9.542000 0.724000 26 0
3.800000 -9.652000 0.888000 42 0
3.500000 -9.726000 1.062000 47 0
4.170000 -9.564000 0.561000 39 0
3.861000 -9.622000 0.726000 61 0
3.555000 -9.695000 0.880000 66 0
3.257000 -9.769000 1.045000 69 0
3.931000 -9.611000 0.569000 69 0
3.622000 -9.676000 0.726000 95 0
3.318000 -9.746000 0.872000 99 0
3.016000 -9.818000 1.030000 98 0
3.692000 -9.659000 0.577000 103 0
3.388000 -9.731000 0.727000 104 0
3.083000 -9.809000 0.866000 107 0
2.780000 -9.873000 1.016000 104 0
3.459000 -9.714000 0.585000 110 0
3.153000 -9.789000 0.729000 105 0
2.847000 -9.857000 0.860000 106 0
2.542000 -9.928000 1.003000 104 0
3.226000 -9.764000 0.594000 101 0
2.921000 -9.847000 0.731000 111 0
2.613000 -9.921000 0.855000 102 0
2.309000 -9.987000 0.990000 101 0
2.994000 -9.823000 0.604000 103 0
2.688000 -9.898000 0.733000 104 0
2.380000 -9.975000 0.849000 104 0
2.071000 -10.043000 0.977000 104 0
2.762000 -9.881000 0.614000 101 0
2.455000 -9.954000 0.735000 99 0
2.144000 -10.028000 0.844000 102 0
1.836000 -10.095000 0.965000 102 0
2.531000 -9.936000 0.625000 102 0
2.220000 -10.008000 0.738000 100 0
1.911000 -10.083000 0.840000 100 0
1.600000 -10.155000 0.953000 100 0
2.301000 -9.985000 0.635000 101 0
1.988000 -10.059000 0.741000 102 0
1.675000 -10.141000 0.836000 100 0
1.363000 -10.205000 0.942000 62 0
2.066000 -10.033000 0.646000 93 0
1.756000 -10.115000 0.745000 100 0
1.439000 -10.181000 0.831000 87 0
0.000000 -0.000000 -0.000000 0 0
1.835000 -10.090000 0.657000 98 0
1.520000 -10.168000 0.748000 96 0
1.182000 -10.047000 0.812000 24 0
0.000000 -0.000000 -0.000000 0 0
1.602000 -10.148000 0.669000 95 0
1.266000 -10.065000 0.741000 40 0
0.000000 -0.000000 -0.000000 0 0
0.000000 -0.000000 -0.000000 0 0
1.368000 -10.189000 0.680000 65 0
0.000000 -0.000000 -0.000000 0 0
0.000000 -0.000000 -0.000000 0 0
0.000000 -0.000000 -0.000000 0 0
1.115000 -10.077000 0.682000 4 0
0.000000 -0.000000 -0.000000 0 0
0.000000 -0.000000 -0.000000 0 0
0.000000 -0.000000 -0.000000 0 0
0.000000 -0.000000 -0.000000 0 0
0.000000 -0.000000 -0.000000 0 0
0.000000 -0.000000 -0.000000 0 0
0.000000 -0.000000 -0.000000 0 0
0.000000 -0.000000 -0.000000 0 0
0.000000 -0.000000 -0.000000 0 0
0.000000 -0.000000 -0.000000 0 0
0.000000 -0.000000 -0.000000 0 0
0.000000 -0.000000 -0.000000 0 0
0.000000 -0.000000 -0.000000 0 0
0.000000 -0.000000 -0.000000 0 0
0.000000 -0.000000 -0.000000 0 0
0.000000 -0.000000 -0.000000 0 0
0.000000 -0.000000 -0.000000 0 0
0.000000 -0.000000 -0.000000 0 0
0.000000 -0.000000 -0.000000 0 0
0.000000 -0.000000 -0.000000 0 0
0.000000 -0.000000 -0.000000 0 0
0.000000 -0.000000 -0.000000 0 0
-0.201000 -1.977000 0.155000 1 0
0.000000 -0.000000 -0.000000 0 0
0.000000 -0.000000 -0.000000 0 0
-0.189000 -2.027000 0.153000 1 0
-0.232000 -1.857000 0.143000 1 0
0.000000 -0.000000 -0.000000 0 0
-0.175000 -2.063000 0.156000 1 4
-0.222000 -1.901000 0.143000 1 0
-0.259000 -1.744000 0.132000 2 0
0.000000 -0.000000 -0.000000 0 0
-0.211000 -1.944000 0.147000 1 0
-0.251000 -1.789000 0.134000 1 0
-0.283000 -1.642000 0.123000 2 0
-0.199000 -1.988000 0.153000 1 0
-0.241000 -1.820000 0.139000 1 0
-0.277000 -1.684000 0.125000 2 0
-0.305000 -1.553000 0.114000 2 0
-0.230000 -1.857000 0.145000 1 0
-0.265000 -1.701000 0.130000 1 0
-0.299000 -1.588000 0.118000 2 0
-0.475000 -2.151000 0.156000 35 0
-0.257000 -1.737000 0.138000 1 0
-0.292000 -1.620000 0.125000 2 0
-0.320000 -1.505000 0.111000 2 0
-0.505000 -2.060000 0.147000 59 0
3.931000 -9.611000 0.569000 69 0
3.622000 -9.676000 0.726000 95 0
3.318000 -9.746000 0.872000 99 0
3.016000 -9.818000 1.030000 98 0
3.692000 -9.659000 0.577000 103 0
3.388000 -9.731000 0.727000 104 0
3.083000 -9.809000 0.866000 107 0
2.780000 -9.873000 1.016000 104 0
3.459000 -9.714000 0.585000 110 0
3.153000 -9.789000 0.729000 105 0
2.847000 -9.857000 0.860000 106 0
2.542000 -9.928000 1.003000 104 0
3.226000 -9.764000 0.594000 101 0
2.921000 -9.847000 0.731000 111 0
2.613000 -9.921000 0.855000 102 0
2.309000 -9.987000 0.990000 101 0
2.994000 -9.823000 0.604000 103 0
2.688000 -9.898000 0.733000 104 0
2.380000 -9.975000 0.849000 104 0
2.071000 -10.043000 0.977000 104 0
2.762000 -9.881000 0.614000 101 0
2.455000 -9.954000 0.735000 99 0
2.144000 -10.028000 0.844000 102 0
1.836000 -10.095000 0.965000 102 0
2.531000 -9.936000 0.625000 102 0
2.220000 -10.008000 0.738000 100 0
1.911000 -10.083000 0.840000 100 0
1.600000 -10.155000 0.953000 100 0
2.301000 -9.985000 0.635000 101 0
1.988000 -10.059000 0.741000 102 0
1.675000 -10.141000 0.836000 100 0
1.363000 -10.205000 0.942000 62 0
2.066000 -10.033000 0.646000 93 0
1.756000 -10.115000 0.745000 100 0
1.439000 -10.181000 0.831000 87 0
0.000000 -0.000000 -0.000000 0 0
1.835000 -10.090000 0.657000 98 0
1.520000 -10.168000 0.748000 96 0
1.182000 -10.047000 0.812000 24 0
0.000000 -0.000000 -0.000000 0 0
1.602000 -10.148000 0.669000 95 0
1.266000 -10.065000 0.741000 40 0
0.000000 -0.000000 -0.000000 0 0
0.000000 -0.000000 -0.000000 0 0
1.368000 -10.189000 0.680000 65 0
0.000000 -0.000000 -0.000000 0 0
0.000000 -0.000000 -0.000000 0 0
0.000000 -0.000000 -0.000000 0 0
1.115000 -10.077000 0.682000 4 0
0.000000 -0.000000 -0.000000 0 0
0.000000 -0.000000 -0.000000 0 0
0.000000 -0.000000 -0.000000 0 0
0.000000 -0.000000 -0.000000 0 0
0.000000 -0.000000 -0.000000 0 0
0.000000 -0.000000 -0.000000 0 0
0.000000 -0.000000 -0.000000 0 0
0.000000 -0.000000 -0.000000 0 0
0.000000 -0.000000 -0.000000 0 0
0.000000 -0.000000 -0.000000 0 0
0.000000 -0.000000 -0.000000 0 0
0.000000 -0.000000 -0.000000 0 0
0.000000 -0.000000 -0.000000 0 0
0.000000 -0.000000 -0.000000 0 0
0.000000 -0.000000 -0.000000 0 0
0.000000 -0.000000 -0.000000 0 0
0.000000 -0.000000 -0.000000 0 0
0.000000 -0.000000 -0.000000 0 0
0.000000 -0.000000 -0.000000 0 0
0.000000 -0.000000 -0.000000 0 0
0.000000 -0.000000 -0.000000 0 0
0.000000 -0.000000 -0.000000 0 0
-0.201000 -1.977000 0.155000 1 0
0.000000 -0.000000 -0.000000 0 0
0.000000 -0.000000 -0.000000 0 0
-0.189000 -2.027000 0.153000 1 0
-0.232000 -1.857000 0.143000 1 0
0.000000 -0.000000 -0.000000 0 0
-0.175000 -2.063000 0.156000 1 4
-0.222000 -1.901000 0.143000 1 0
-0.259000 -1.744000 0.132000 2 0
0.000000 -0.000000 -0.000000 0 0
-0.211000 -1.944000 0.147000 1 0
-0.251000 -1.789000 0.134000 1 0
-0.283000 -1.642000 0.123000 2 0
-0.199000 -1.988000 0.153000 1 0
-0.241000 -1.820000 0.139000 1 0
-0.277000 -1.684000 0.125000 2 0
-0.305000 -1.553000 0.114000 2 0
-0.230000 -1.857000 0.145000 1 0
-0.265000 -1.701000 0.130000 1 0
-0.299000 -1.588000 0.118000 2 0
-0.475000 -2.151000 0.156000 35 0
-0.257000 -1.737000 0.138000 1 0
-0.292000 -1.620000 0.125000 2 0
-0.320000 -1.505000 0.111000 2 0
-0.505000 -2.060000 0.147000 59 0
-0.282000 -1.643000 0.133000 2 0
-0.314000 -1.531000 0.119000 2 0
-0.495000 -2.086000 0.154000 57 0
-0.527000 -1.951000 0.138000 63 0
-0.306000 -1.558000 0.128000 2 0
-0.487000 -2.123000 0.167000 52 0
-0.520000 -1.984000 0.146000 58 0
-0.548000 -1.857000 0.129000 65 0
-0.475000 -2.149000 0.180000 35 0
-0.512000 -2.017000 0.160000 62 0
-0.542000 -1.887000 0.138000 60 0
-0.569000 -1.773000 0.122000 59 0
-0.504000 -2.050000 0.175000 52 0
-0.535000 -1.917000 0.153000 64 0
-0.564000 -1.806000 0.132000 67 0
-0.587000 -1.695000 0.115000 67 0
-0.527000 -1.944000 0.169000 59 0
-0.554000 -1.820000 0.147000 65 0
-0.580000 -1.716000 0.125000 68 0
-0.603000 -1.620000 0.108000 76 0
-0.549000 -1.851000 0.163000 61 0
-0.576000 -1.743000 0.142000 68 0
-0.597000 -1.641000 0.120000 67 0
-0.621000 -1.556000 0.102000 72 0
-0.569000 -1.765000 0.159000 66 0
-0.594000 -1.666000 0.137000 65 0
-0.614000 -1.572000 0.115000 71 0
0.000000 -0.000000 -0.000000 0 0
-0.587000 -1.681000 0.154000 63 0
-0.610000 -1.591000 0.132000 72 0
0.000000 -0.000000 -0.000000 0 0
0.000000 -0.000000 -0.000000 0 0
-0.604000 -1.609000 0.151000 67 0
-0.627000 -1.527000 0.128000 72 0
0.000000 -0.000000 -0.000000 0 0
0.000000 -0.000000 -0.000000 0 0
-0.619000 -1.538000 0.147000 71 0
0.000000 -0.000000 -0.000000 0 0
0.000000 -0.000000 -0.000000 0 0
0.000000 -0.000000 -0.000000 0 0
0.000000 -0.000000 -0.000000 0 0
0.000000 -0.000000 -0.000000 0 0
0.000000 -0.000000 -0.000000 0 0
0.000000 -0.000000 -0.000000 0 0
0.000000 -0.000000 -0.000000 0 0
0.000000 -0.000000 -0.000000 0 0
0.000000 -0.000000 -0.000000 0 0
0.000000 -0.000000 -0.000000 0 0
0.000000 -0.000000 -0.000000 0 0
0.000000 -0.000000 -0.000000 0 0
0.000000 -0.000000 -0.000000 0 0
0.000000 -0.000000 -0.000000 0 0
0.000000 -0.000000 -0.000000 0 0
0.000000 -0.000000 -0.000000 0 0
0.000000 -0.000000 -0.000000 0 0
0.000000 -0.000000 -0.000000 0 0
0.000000 -0.000000 -0.000000 0 0
0.000000 -0.000000 -0.000000 0 0
0.000000 -0.000000 -0.000000 0 0
0.000000 -0.000000 -0.000000 0 0
0.000000 -0.000000 -0.000000 0 0
0.000000 -0.000000 -0.000000 0 0
0.000000 -0.000000 -0.000000 0 0
0.000000 -0.000000 -0.000000 0 0
0.000000 -0.000000 -0.000000 0 0
0.000000 -0.000000 -0.000000 0 0
0.000000 -0.000000 -0.000000 0 0
0.000000 -0.000000 -0.000000 0 0
0.000000 -0.000000 -0.000000 0 0
0.000000 -0.000000 -0.000000 0 0
0.000000 -0.000000 -0.000000 0 0
0.000000 -0.000000 -0.000000 0 0
0.000000 -0.000000 -0.000000 0 0
0.000000 -0.000000 -0.000000 0 0
0.000000 -0.000000 -0.000000 0 0
0.000000 -0.000000 -0.000000 0 0
0.000000 -0.000000 -0.000000 0 0
0.000000 -0.000000 -0.000000 0 0
0.000000 -0.000000 -0.000000 0 0
0.000000 -0.000000 -0.000000 0 0
0.000000 -0.000000 -0.000000 0 0
0.000000 -0.000000 -0.000000 0 0
0.000000 -0.000000 -0.000000 0 0
0.000000 -0.000000 -0.000000 0 0
0.000000 -0.000000 -0.000000 0 0
0.000000 -0.000000 -0.000000 0 0
0.000000 -0.000000 -0.000000 0 0
0.000000 -0.000000 -0.000000 0 0
0.000000 -0.000000 -0.000000 0 0
0.000000 -0.000000 -0.000000 0 0
0.000000 -0.000000 -0.000000 0 0
0.000000 -0.000000 -0.000000 0 0
0.000000 -0.000000 -0.000000 0 0
0.000000 -0.000000 -0.000000 0 0
0.000000 -0.000000 -0.000000 0 0
0.000000 -0.000000 -0.000000 0 0
-0.282000 -1.643000 0.133000 2 0
-0.314000 -1.531000 0.119000 2 0
-0.495000 -2.086000 0.154000 57 0
-0.527000 -1.951000 0.138000 63 0
-0.306000 -1.558000 0.128000 2 0
-0.487000 -2.123000 0.167000 52 0
-0.520000 -1.984000 0.146000 58 0
-0.548000 -1.857000 0.129000 65 0
-0.475000 -2.149000 0.180000 35 0
-0.512000 -2.017000 0.160000 62 0
-0.542000 -1.887000 0.138000 60 0
-0.569000 -1.773000 0.122000 59 0
-0.504000 -2.050000 0.175000 52 0
-0.535000 -1.917000 0.153000 64 0
-0.564000 -1.806000 0.132000 67 0
-0.587000 -1.695000 0.115000 67 0
-0.527000 -1.944000 0.169000 59 0
-0.554000 -1.820000 0.147000 65 0
-0.580000 -1.716000 0.125000 68 0
-0.603000 -1.620000 0.108000 76 0
-0.549000 -1.851000 0.163000 61 0
-0.576000 -1.743000 0.142000 68 0
-0.597000 -1.641000 0.120000 67 0
-0.621000 -1.556000 0.102000 72 0
-0.569000 -1.765000 0.159000 66 0
-0.594000 -1.666000 0.137000 65 0
-0.614000 -1.572000 0.115000 71 0
0.000000 -0.000000 -0.000000 0 0
-0.587000 -1.681000 0.154000 63 0
-0.610000 -1.591000 0.132000 72 0
0.000000 -0.000000 -0.000000 0 0
0.000000 -0.000000 -0.000000 0 0
-0.604000 -1.609000 0.151000 67 0
-0.627000 -1.527000 0.128000 72 0
0.000000 -0.000000 -0.000000 0 0
0.000000 -0.000000 -0.000000 0 0
-0.619000 -1.538000 0.147000 71 0
0.000000 -0.000000 -0.000000 0 0
0.000000 -0.000000 -0.000000 0 0
0.000000 -0.000000 -0.000000 0 0
0.000000 -0.000000 -0.000000 0 0
0.000000 -0.000000 -0.000000 0 0
0.000000 -0.000000 -0.000000 0 0
0.000000 -0.000000 -0.000000 0 0
0.000000 -0.000000 -0.000000 0 0
0.000000 -0.000000 -0.000000 0 0
0.000000 -0.000000 -0.000000 0 0
0.000000 -0.000000 -0.000000 0 0
0.000000 -0.000000 -0.000000 0 0
0.000000 -0.000000 -0.000000 0 0
0.000000 -0.000000 -0.000000 0 0
0.000000 -0.000000 -0.000000 0 0
0.000000 -0.000000 -0.000000 0 0
0.000000 -0.000000 -0.000000 0 0
0.000000 -0.000000 -0.000000 0 0
0.000000 -0.000000 -0.000000 0 0
0.000000 -0.000000 -0.000000 0 0
0.000000 -0.000000 -0.000000 0 0
0.000000 -0.000000 -0.000000 0 0
0.000000 -0.000000 -0.000000 0 0
0.000000 -0.000000 -0.000000 0 0
0.000000 -0.000000 -0.000000 0 0
0.000000 -0.000000 -0.000000 0 0
0.000000 -0.000000 -0.000000 0 0
0.000000 -0.000000 -0.000000 0 0
0.000000 -0.000000 -0.000000 0 0
0.000000 -0.000000 -0.000000 0 0
0.000000 -0.000000 -0.000000 0 0
0.000000 -0.000000 -0.000000 0 0
0.000000 -0.000000 -0.000000 0 0
0.000000 -0.000000 -0.000000 0 0
0.000000 -0.000000 -0.000000 0 0
0.000000 -0.000000 -0.000000 0 0
0.000000 -0.000000 -0.000000 0 0
0.000000 -0.000000 -0.000000 0 0
0.000000 -0.000000 -0.000000 0 0
0.000000 -0.000000 -0.000000 0 0
0.000000 -0.000000 -0.000000 0 0
0.000000 -0.000000 -0.000000 0 0
0.000000 -0.000000 -0.000000 0 0
0.000000 -0.000000 -0.000000 0 0
0.000000 -0.000000 -0.000000 0 0
0.000000 -0.000000 -0.000000 0 0
0.000000 -0.000000 -0.000000 0 0
0.000000 -0.000000 -0.000000 0 0
0.000000 -0.000000 -0.000000 0 0
0.000000 -0.000000 -0.000000 0 0
0.000000 -0.000000 -0.000000 0 0
0.000000 -0.000000 -0.000000 0 0
0.000000 -0.000000 -0.000000 0 0
0.000000 -0.000000 -0.000000 0 0
0.000000 -0.000000 -0.000000 0 0
0.000000 -0.000000 -0.000000 0 0
0.000000 -0.000000 -0.000000 0 0
0.000000 -0.000000 -0.000000 0 0
0.000000 -0.000000 -0.000000 0 0
0.000000 -0.000000 -0.000000 0 0
0.000000 -0.000000 -0.000000 0 0
0.000000 -0.000000 -0.000000 0 0
0.000000 -0.000000 -0.000000 0 0
0.000000 -0.000000 -0.000000 0 0
0.000000 -0.000000 -0.000000 0 0
0.000000 -0.000000 -0.000000 0 0
0.000000 -0.000000 -0.000000 0 0
0.000000 -0.000000 -0.000000 0 0
0.000000 -0.000000 -0.000000 0 0
0.000000 -0.000000 -0.000000 0 0
0.000000 -0.000000 -0.000000 0 0
0.000000 -0.000000 -0.000000 0 0
0.000000 -0.000000 -0.000000 0 0
0.000000 -0.000000 -0.000000 0 0
0.000000 -0.000000 -0.000000 0 0
0.000000 -0.000000 -0.000000 0 0
0.000000 -0.000000 -0.000000 0 0
0.000000 -0.000000 -0.000000 0 0
0.000000 -0.000000 -0.000000 0 0
0.000000 -0.000000 -0.000000 0 0
0.000000 -0.000000 -0.000000 0 0
0.000000 -0.000000 -0.000000 0 0
0.000000 -0.000000 -0.000000 0 0
0.000000 -0.000000 -0.000000 0 0
0.000000 -0.000000 -0.000000 0 0
0.000000 -0.000000 -0.000000 0 0
0.000000 -0.000000 -0.000000 0 0
0.000000 -0.000000 -0.000000 0 0
0.000000 -0.000000 -0.000000 0 0
0.000000 -0.000000 -0.000000 0 0
0.000000 -0.000000 -0.000000 0 0
0.000000 -0.000000 -0.000000 0 0
0.000000 -0.000000 -0.000000 0 0
0.000000 -0.000000 -0.000000 0 0
0.000000 -0.000000 -0.000000 0 0
0.000000 -0.000000 -0.000000 0 0
0.000000 -0.000000 -0.000000 0 0
0.000000 -0.000000 -0.000000 0 0
0.000000 -0.000000 -0.000000 0 0
0.000000 -0.000000 -0.000000 0 0
0.000000 -0.000000 -0.000000 0 0
0.000000 -0.000000 -0.000000 0 0
0.000000 -0.000000 -0.000000 0 0
0.000000 -0.000000 -0.000000 0 0
0.000000 -0.000000 -0.000000 0 0
0.000000 -0.000000 -0.000000 0 0
0.000000 -0.000000 -0.000000 0 0
0.000000 -0.000000 -0.000000 0 0
0.000000 -0.000000 -0.000000 0 0
0.000000 -0.000000 -0.000000 0 0
0.000000 -0.000000 -0.000000 0 0
0.000000 -0.000000 -0.000000 0 0
0.000000 -0.000000 -0.000000 0 0
0.000000 -0.000000 -0.000000 0 0
0.000000 -0.000000 -0.000000 0 0
0.000000 -0.000000 -0.000000 0 0
0.000000 -0.000000 -0.000000 0 0
0.000000 -0.000000 -0.000000 0 0
0.000000 -0.000000 -0.000000 0 0
0.000000 -0.000000 -0.000000 0 0
0.000000 -0.000000 -0.000000 0 0
0.000000 -0.000000 -0.000000 0 0
0.000000 -0.000000 -0.000000 0 0
0.000000 -0.000000 -0.000000 0 0
0.000000 -0.000000 -0.000000 0 0
0.000000 -0.000000 -0.000000 0 0
0.000000 -0.000000 -0.000000 0 0
0.000000 -0.000000 -0.000000 0 0
0.000000 -0.000000 -0.000000 0 0
0.000000 -0.000000 -0.000000 0 0
0.000000 -0.000000 -0.000000 0 0
0.000000 -0.000000 -0.000000 0 0
0.000000 -0.000000 -0.000000 0 0
0.000000 -0.000000 -0.000000 0 0
0.000000 -0.000000 -0.000000 0 0
0.000000 -0.000000 -0.000000 0 0
0.000000 -0.000000 -0.000000 0 0
0.000000 -0.000000 -0.000000 0 0
0.000000 -0.000000 -0.000000 0 0
0.000000 -0.000000 -0.000000 0 0
0.000000 -0.000000 -0.000000 0 0
0.000000 -0.000000 -0.000000 0 0
0.000000 -0.000000 -0.000000 0 0
0.000000 -0.000000 -0.000000 0 0
0.000000 -0.000000 -0.000000 0 0
0.000000 -0.000000 -0.000000 0 0
0.000000 -0.000000 -0.000000 0 0
0.000000 -0.000000 -0.000000 0 0
0.000000 -0.000000 -0.000000 0 0
0.000000 -0.000000 -0.000000 0 0
0.000000 -0.000000 -0.000000 0 0
0.000000 -0.000000 -0.000000 0 0
0.000000 -0.000000 -0.000000 0 0
0.000000 -0.000000 -0.000000 0 0
0.000000 -0.000000 -0.000000 0 0
0.000000 -0.000000 -0.000000 0 0
0.000000 -0.000000 -0.000000 0 0
0.000000 -0.000000 -0.000000 0 0
0.000000 -0.000000 -0.000000 0 0
0.000000 -0.000000 -0.000000 0 0
0.000000 -0.000000 -0.000000 0 0
0.000000 -0.000000 -0.000000 0 0
0.000000 -0.000000 -0.000000 0 0
0.000000 -0.000000 -0.000000 0 0
0.000000 -0.000000 -0.000000 0 0
0.000000 -0.000000 -0.000000 0 0
0.000000 -0.000000 -0.000000 0 0
0.000000 -0.000000 -0.000000 0 0
0.000000 -0.000000 -0.000000 0 0
0.000000 -0.000000 -0.000000 0 0
0.000000 -0.000000 -0.000000 0 0
0.000000 -0.000000 -0.000000 0 0
0.000000 -0.000000 -0.000000 0 0
0.000000 -0.000000 -0.000000 0 0
0.000000 -0.000000 -0.000000 0 0
0.000000 -0.000000 -0.000000 0 0
0.000000 -0.000000 -0.000000 0 0
0.000000 -0.000000 -0.000000 0 0
0.000000 -0.000000 -0.000000 0 0
0.000000 -0.000000 -0.000000 0 0
0.000000 -0.000000 -0.000000 0 0
0.000000 -0.000000 -0.000000 0 0
0.000000 -0.000000 -0.000000 0 0
0.000000 -0.000000 -0.000000 0 0
0.000000 -0.000000 -0.000000 0 0
0.000000 -0.000000 -0.000000 0 0
0.000000 -0.000000 -0.000000 0 0
0.000000 -0.000000 -0.000000 0 0
0.000000 -0.000000 -0.000000 0 0
0.000000 -0.000000 -0.000000 0 0
0.000000 -0.000000 -0.000000 0 0
0.000000 -0.000000 -0.000000 0 0
0.000000 -0.000000 -0.000000 0 0
0.000000 -0.000000 -0.000000 0 0
0.000000 -0.000000 -0.000000 0 0
0.000000 -0.000000 -0.000000 0 0
0.000000 -0.000000 -0.000000 0 0
0.000000 -0.000000 -0.000000 0 0
0.000000 -0.000000 -0.000000 0 0
0.000000 -0.000000 -0.000000 0 0
0.000000 -0.000000 -0.000000 0 0
0.000000 -0.000000 -0.000000 0 0
0.000000 -0.000000 -0.000000 0 0
0.000000 -0.000000 -0.000000 0 0
0.000000 -0.000000 -0.000000 0 0
0.000000 -0.000000 -0.000000 0 0
0.000000 -0.000000 -0.000000 0 0
0.000000 -0.000000 -0.000000 0 0
0.000000 -0.000000 -0.000000 0 0
0.000000 -0.000000 -0.000000 0 0
0.000000 -0.000000 -0.000000 0 0
0.000000 -0.000000 -0.000000 0 0
0.000000 -0.000000 -0.000000 0 0
0.000000 -0.000000 -0.000000 0 0
0.000000 -0.000000 -0.000000 0 0
0.000000 -0.000000 -0.000000 0 0
0.000000 -0.000000 -0.000000 0 0
0.000000 -0.000000 -0.000000 0 0
0.000000 -0.000000 -0.000000 0 0
0.000000 -0.000000 -0.000000 0 0
0.000000 -0.000000 -0.000000 0 0
0.000000 -0.000000 -0.000000 0 0
0.000000 -0.000000 -0.000000 0 0
0.000000 -0.000000 -0.000000 0 0
0.000000 -0.000000 -0.000000 0 0
0.000000 -0.000000 -0.000000 0 0
0.000000 -0.000000 -0.000000 0 0
0.000000 -0.000000 -0.000000 0 0
0.000000 -0.000000 -0.000000 0 0
0.000000 -0.000000 -0.000000 0 0
0.000000 -0.000000 -0.000000 0 0
0.000000 -0.000000 -0.000000 0 0
0.000000 -0.000000 -0.000000 0 0
0.000000 -0.000000 -0.000000 0 0
0.000000 -0.000000 -0.000000 0 0
0.000000 -0.000000 -0.000000 0 0
0.000000 -0.000000 -0.000000 0 0
0.000000 -0.000000 -0.000000 0 0
0.000000 -0.000000 -0.000000 0 0
0.000000 -0.000000 -0.000000 0 0
0.000000 -0.000000 -0.000000 0 0
0.000000 -0.000000 -0.000000 0 0
0.000000 -0.000000 -0.000000 0 0
0.000000 -0.000000 -0.000000 0 0
0.000000 -0.000000 -0.000000 0 0
0.000000 -0.000000 -0.000000 0 0
0.000000 -0.000000 -0.000000 0 0
0.000000 -0.000000 -0.000000 0 0
0.000000 -0.000000 -0.000000 0 0
0.000000 -0.000000 -0.000000 0 0
0.000000 -0.000000 -0.000000 0 0
0.000000 -0.000000 -0.000000 0 0
0.000000 -0.000000 -0.000000 0 0
0.000000 -0.000000 -0.000000 0 0
0.000000 -0.000000 -0.000000 0 0
0.000000 -0.000000 -0.000000 0 0
0.000000 -0.000000 -0.000000 0 0
0.000000 -0.000000 -0.000000 0 0
0.000000 -0.000000 -0.000000 0 0
0.000000 -0.000000 -0.000000 0 0
0.000000 -0.000000 -0.000000 0 0
0.000000 -0.000000 -0.000000 0 0
0.000000 -0.000000 -0.000000 0 0
0.000000 -0.000000 -0.000000 0 0
0.000000 -0.000000 -0.000000 0 0
0.000000 -0.000000 -0.000000 0 0
0.000000 -0.000000 -0.000000 0 0
0.000000 -0.000000 -0.000000 0 0
0.000000 -0.000000 -0.000000 0 0
0.000000 -0.000000 -0.000000 0 0
0.000000 -0.000000 -0.000000 0 0
0.000000 -0.000000 -0.000000 0 0
0.000000 -0.000000 -0.000000 0 0
0.000000 -0.000000 -0.000000 0 0
0.000000 -0.000000 -0.000000 0 0
0.000000 -0.000000 -0.000000 0 0
0.000000 -0.000000 -0.000000 0 0
0.000000 -0.000000 -0.000000 0 0
0.000000 -0.000000 -0.000000 0 0
0.000000 -0.000000 -0.000000 0 0
0.000000 -0.000000 -0.000000 0 0
0.000000 -0.000000 -0.000000 0 0
0.000000 -0.000000 -0.000000 0 0
0.000000 -0.000000 -0.000000 0 0
0.000000 -0.000000 -0.000000 0 0
0.000000 -0.000000 -0.000000 0 0
0.000000 -0.000000 -0.000000 0 0
0.000000 -0.000000 -0.000000 0 0
0.000000 -0.000000 -0.000000 0 0
0.000000 -0.000000 -0.000000 0 0
0.000000 -0.000000 -0.000000 0 0
0.000000 -0.000000 -0.000000 0 0
0.000000 -0.000000 -0.000000 0 0
0.000000 -0.000000 -0.000000 0 0
0.000000 -0.000000 -0.000000 0 0
0.000000 -0.000000 -0.000000 0 0
0.000000 -0.000000 -0.000000 0 0
0.000000 -0.000000 -0.000000 0 0
0.000000 -0.000000 -0.000000 0 0
0.000000 -0.000000 -0.000000 0 0
0.000000 -0.000000 -0.000000 0 0
0.000000 -0.000000 -0.000000 0 0
0.000000 -0.000000 -0.000000 0 0
0.000000 -0.000000 -0.000000 0 0
0.000000 -0.000000 -0.000000 0 0
0.000000 -0.000000 -0.000000 0 0
0.000000 -0.000000 -0.000000 0 0
0.000000 -0.000000 -0.000000 0 0
0.000000 -0.000000 -0.000000 0 0
0.000000 -0.000000 -0.000000 0 0
0.000000 -0.000000 -0.000000 0 0
0.000000 -0.000000 -0.000000 0 0
0.000000 -0.000000 -0.000000 0 0
0.000000 -0.000000 -0.000000 0 0
0.000000 -0.000000 -0.000000 0 0
0.000000 -0.000000 -0.000000 0 0
0.000000 -0.000000 -0.000000 0 0
0.000000 -0.000000 -0.000000 0 0
0.000000 -0.000000 -0.000000 0 0
0.000000 -0.000000 -0.000000 0 0
0.000000 -0.000000 -0.000000 0 0
0.000000 -0.000000 -0.000000 0 0
0.000000 -0.000000 -0.000000 0 0
0.000000 -0.000000 -0.000000 0 0
0.000000 -0.000000 -0.000000 0 0
0.000000 -0.000000 -0.000000 0 0
0.000000 -0.000000 -0.000000 0 0
0.000000 -0.000000 -0.000000 0 0
0.000000 -0.000000 -0.000000 0 0
0.000000 -0.000000 -0.000000 0 0
0.000000 -0.000000 -0.000000 0 0
0.000000 -0.000000 -0.000000 0 0
0.000000 -0.000000 -0.000000 0 0
0.000000 -0.000000 -0.000000 0 0
0.000000 -0.000000 -0.000000 0 0
0.000000 -0.000000 -0.000000 0 0
0.000000 -0.000000 -0.000000 0 0
0.000000 -0.000000 -0.000000 0 0
0.000000 -0.000000 -0.000000 0 0
0.000000 -0.000000 -0.000000 0 0
0.000000 -0.000000 -0.000000 0 0
0.000000 -0.000000 -0.000000 0 0
0.000000 -0.000000 -0.000000 0 0
0.000000 -0.000000 -0.000000 0 0
0.000000 -0.000000 -0.000000 0 0
0.000000 -0.000000 -0.000000 0 0
0.000000 -0.000000 -0.000000 0 0
0.000000 -0.000000 -0.000000 0 0
0.000000 -0.000000 -0.000000 0 0
0.000000 -0.000000 -0.000000 0 0
0.000000 -0.000000 -0.000000 0 0
0.000000 -0.000000 -0.000000 0 0
0.000000 -0.000000 -0.000000 0 0
0.000000 -0.000000 -0.000000 0 0
0.000000 -0.000000 -0.000000 0 0
0.000000 -0.000000 -0.000000 0 0
0.000000 -0.000000 -0.000000 0 0
0.000000 -0.000000 -0.000000 0 0
0.000000 -0.000000 -0.000000 0 0
0.000000 -0.000000 -0.000000 0 0
0.000000 -0.000000 -0.000000 0 0
0.000000 -0.000000 -0.000000 0 0
0.000000 -0.000000 -0.000000 0 0
0.000000 -0.000000 -0.000000 0 0
0.000000 -0.000000 -0.000000 0 0
0.000000 -0.000000 -0.000000 0 0
0.000000 -0.000000 -0.000000 0 0
0.000000 -0.000000 -0.000000 0 0
0.000000 -0.000000 -0.000000 0 0
0.000000 -0.000000 -0.000000 0 0
0.000000 -0.000000 -0.000000 0 0
0.000000 -0.000000 -0.000000 0 0
0.000000 -0.000000 -0.000000 0 0
0.000000 -0.000000 -0.000000 0 0
0.000000 -0.000000 -0.000000 0 0
0.000000 -0.000000 -0.000000 0 0
0.000000 -0.000000 -0.000000 0 0
0.000000 -0.000000 -0.000000 0 0
0.000000 -0.000000 -0.000000 0 0
0.000000 -0.000000 -0.000000 0 0
0.000000 -0.000000 -0.000000 0 0
0.000000 -0.000000 -0.000000 0 0
0.000000 -0.000000 -0.000000 0 0
0.000000 -0.000000 -0.000000 0 0
0.000000 -0.000000 -0.000000 0 0
0.000000 -0.000000 -0.000000 0 0
0.000000 -0.000000 -0.000000 0 0
0.000000 -0.000000 -0.000000 0 0
0.000000 -0.000000 -0.000000 0 0
0.000000 -0.000000 -0.000000 0 0
0.000000 -0.000000 -0.000000 0 0
0.000000 -0.000000 -0.000000 0 0
0.000000 -0.000000 -0.000000 0 0
0.000000 -0.000000 -0.000000 0 0
0.000000 -0.000000 -0.000000 0 0
0.000000 -0.000000 -0.000000 0 0
0.000000 -0.000000 -0.000000 0 0
0.000000 -0.000000 -0.000000 0 0
0.000000 -0.000000 -0.000000 0 0
0.000000 -0.000000 -0.000000 0 0
0.000000 -0.000000 -0.000000 0 0
0.000000 -0.000000 -0.000000 0 0
0.000000 -0.000000 -0.000000 0 0
0.000000 -0.000000 -0.000000 0 0
0.000000 -0.000000 -0.000000 0 0
0.000000 -0.000000 -0.000000 0 0
0.000000 -0.000000 -0.000000 0 0
0.000000 -0.000000 -0.000000 0 0
0.000000 -0.000000 -0.000000 0 0
0.000000 -0.000000 -0.000000 0 0
0.000000 -0.000000 -0.000000 0 0
0.000000 -0.000000 -0.000000 0 0
0.000000 -0.000000 -0.000000 0 0
0.000000 -0.000000 -0.000000 0 0
0.000000 -0.000000 -0.000000 0 0
0.000000 -0.000000 -0.000000 0 0
0.000000 -0.000000 -0.000000 0 0
0.000000 -0.000000 -0.000000 0 0
0.000000 -0.000000 -0.000000 0 0
0.000000 -0.000000 -0.000000 0 0
0.000000 -0.000000 -0.000000 0 0
0.000000 -0.000000 -0.000000 0 0
0.000000 -0.000000 -0.000000 0 0
0.000000 -0.000000 -0.000000 0 0
0.000000 -0.000000 -0.000000 0 0
0.000000 -0.000000 -0.000000 0 0
0.000000 -0.000000 -0.000000 0 0
0.000000 -0.000000 -0.000000 0 0
0.000000 -0.000000 -0.000000 0 0
0.000000 -0.000000 -0.000000 0 0
0.000000 -0.000000 -0.000000 0 0
0.000000 -0.000000 -0.000000 0 0
0.000000 -0.000000 -0.000000 0 0
0.000000 -0.000000 -0.000000 0 0
0.000000 -0.000000 -0.000000 0 0
0.000000 -0.000000 -0.000000 0 0
0.000000 -0.000000 -0.000000 0 0
0.000000 -0.000000 -0.000000 0 0
0.000000 -0.000000 -0.000000 0 0
0.000000 -0.000000 -0.000000 0 0
0.000000 -0.000000 -0.000000 0 0
0.000000 -0.000000 -0.000000 0 0
0.000000 -0.000000 -0.000000 0 0
0.000000 -0.000000 -0.000000 0 0
0.000000 -0.000000 -0.000000 0 0
0.000000 -0.000000 -0.000000 0 0
0.000000 -0.000000 -0.000000 0 0
0.000000 -0.000000 -0.000000 0 0
0.000000 -0.000000 -0.000000 0 0
0.000000 -0.000000 -0.000000 0 0
0.000000 -0.000000 -0.000000 0 0
0.000000 -0.000000 -0.000000 0 0
0.000000 -0.000000 -0.000000 0 0
0.000000 -0.000000 -0.000000 0 0
0.000000 -0.000000 -0.000000 0 0
0.000000 -0.000000 -0.000000 0 0
0.000000 -0.000000 -0.000000 0 0
0.000000 -0.000000 -0.000000 0 0
0.000000 -0.000000 -0.000000 0 0
0.000000 -0.000000 -0.000000 0 0
0.000000 -0.000000 -0.000000 0 0
0.000000 -0.000000 -0.000000 0 0
0.000000 -0.000000 -0.000000 0 0
0.000000 -0.000000 -0.000000 0 0
0.000000 -0.000000 -0.000000 0 0
0.000000 -0.000000 -0.000000 0 0
0.000000 -0.000000 -0.000000 0 0
0.000000 -0.000000 -0.000000 0 0
0.000000 -0.000000 -0.000000 0 0
0.000000 -0.000000 -0.000000 0 0
0.000000 -0.000000 -0.000000 0 0
0.000000 -0.000000 -0.000000 0 0
0.000000 -0.000000 -0.000000 0 0
0.000000 -0.000000 -0.000000 0 0
0.000000 -0.000000 -0.000000 0 0
0.000000 -0.000000 -0.000000 0 0
0.000000 -0.000000 -0.000000 0 0
0.000000 -0.000000 -0.000000 0 0
0.000000 -0.000000 -0.000000 0 0
0.000000 -0.000000 -0.000000 0 0
0.000000 -0.000000 -0.000000 0 0
0.000000 -0.000000 -0.000000 0 0
0.000000 -0.000000 -0.000000 0 0
0.000000 -0.000000 -0.000000 0 0
0.000000 -0.000000 -0.000000 0 0
0.000000 -0.000000 -0.000000 0 0
0.000000 -0.000000 -0.000000 0 0
0.000000 -0.000000 -0.000000 0 0
0.000000 -0.000000 -0.000000 0 0
0.000000 -0.000000 -0.000000 0 0
0.000000 -0.000000 -0.000000 0 0
0.000000 -0.000000 -0.000000 0 0
0.000000 -0.000000 -0.000000 0 0
-1.232000 0.837000 0.054000 11 0
0.000000 -0.000000 -0.000000 0 0
-1.266000 0.940000 0.161000 8 0
-1.257000 0.915000 0.106000 9 0
0.000000 -0.000000 -0.000000 0 0
-1.239000 0.867000 0.008000 9 0
0.000000 -0.000000 -0.000000 0 0
0.000000 -0.000000 -0.000000 0 0
-1.255000 0.940000 0.056000 10 0
0.000000 -0.000000 -0.000000 0 0
-1.200000 0.984000 0.156000 13 0
-1.219000 0.978000 0.105000 12 0
0.000000 -0.000000 -0.000000 0 0
0.000000 -0.000000 -0.000000 0 0
0.000000 -0.000000 -0.000000 0 0
0.000000 -0.000000 -0.000000 0 0
-1.199000 0.987000 0.056000 16 0
-1.217000 0.980000 0.009000 13 0
-1.239000 1.119000 0.166000 61 0
-1.232000 1.087000 0.109000 67 0
0.000000 -0.000000 -0.000000 0 0
0.000000 -0.000000 -0.000000 0 0
0.000000 -0.000000 -0.000000 0 0
0.000000 -0.000000 -0.000000 0 0
-1.233000 1.113000 0.060000 68 0
0.000000 -0.000000 -0.000000 0 0
-1.280000 1.272000 0.176000 65 0
-1.263000 1.224000 0.115000 65 0
0.000000 -0.000000 -0.000000 0 0
-1.240000 1.145000 0.012000 68 0
-1.298000 1.353000 0.181000 58 0
-1.282000 1.302000 0.119000 64 0
-1.270000 1.257000 0.064000 64 0
-1.261000 1.218000 0.013000 67 0
-1.321000 1.444000 0.187000 61 0
-1.302000 1.387000 0.123000 61 0
-1.288000 1.335000 0.067000 61 0
-1.279000 1.293000 0.015000 66 0
-1.348000 1.546000 0.194000 63 0
-1.330000 1.484000 0.128000 59 0
-1.315000 1.427000 0.070000 55 0
-1.301000 1.375000 0.017000 63 0
-5.267000 6.341000 0.774000 115 0
-1.359000 1.589000 0.134000 59 0
-1.337000 1.519000 0.073000 58 0
-1.322000 1.462000 0.018000 59 0
0.000000 -0.000000 -0.000000 0 0
0.000000 -0.000000 -0.000000 0 0
0.000000 -0.000000 -0.000000 0 0
0.000000 -0.000000 -0.000000 0 0
0.000000 -0.000000 -0.000000 0 0
0.000000 -0.000000 -0.000000 0 0
0.000000 -0.000000 -0.000000 0 0
0.000000 -0.000000 -0.000000 0 0
0.000000 -0.000000 -0.000000 0 0
0.000000 -0.000000 -0.000000 0 0
0.000000 -0.000000 -0.000000 0 0
0.000000 -0.000000 -0.000000 0 0
0.000000 -0.000000 -0.000000 0 0
0.000000 -0.000000 -0.000000 0 0
0.000000 -0.000000 -0.000000 0 0
0.000000 -0.000000 -0.000000 0 0
0.000000 -0.000000 -0.000000 0 0
0.000000 -0.000000 -0.000000 0 0
0.000000 -0.000000 -0.000000 0 0
0.000000 -0.000000 -0.000000 0 0
0.000000 -0.000000 -0.000000 0 0
0.000000 -0.000000 -0.000000 0 0
0.000000 -0.000000 -0.000000 0 0
0.000000 -0.000000 -0.000000 0 0
0.000000 -0.000000 -0.000000 0 0
0.000000 -0.000000 -0.000000 0 0
0.000000 -0.000000 -0.000000 0 0
0.000000 -0.000000 -0.000000 0 0
0.000000 -0.000000 -0.000000 0 0
0.000000 -0.000000 -0.000000 0 0
0.000000 -0.000000 -0.000000 0 0
0.000000 -0.000000 -0.000000 0 0
0.000000 -0.000000 -0.000000 0 0
0.000000 -0.000000 -0.000000 0 0
0.000000 -0.000000 -0.000000 0 0
0.000000 -0.000000 -0.000000 0 0
0.000000 -0.000000 -0.000000 0 0
0.000000 -0.000000 -0.000000 0 0
0.000000 -0.000000 -0.000000 0 0
0.000000 -0.000000 -0.000000 0 0
0.000000 -0.000000 -0.000000 0 0
0.000000 -0.000000 -0.000000 0 0
0.000000 -0.000000 -0.000000 0 0
0.000000 -0.000000 -0.000000 0 0
0.000000 -0.000000 -0.000000 0 0
0.000000 -0.000000 -0.000000 0 0
0.000000 -0.000000 -0.000000 0 0
0.000000 -0.000000 -0.000000 0 0
0.000000 -0.000000 -0.000000 0 0
0.000000 -0.000000 -0.000000 0 0
-1.232000 0.837000 0.054000 11 0
0.000000 -0.000000 -0.000000 0 0
-1.266000 0.940000 0.161000 8 0
-1.257000 0.915000 0.106000 9 0
0.000000 -0.000000 -0.000000 0 0
-1.239000 0.867000 0.008000 9 0
0.000000 -0.000000 -0.000000 0 0
0.000000 -0.000000 -0.000000 0 0
-1.255000 0.940000 0.056000 10 0
0.000000 -0.000000 -0.000000 0 0
-1.200000 0.984000 0.156000 13 0
-1.219000 0.978000 0.105000 12 0
0.000000 -0.000000 -0.000000 0 0
0.000000 -0.000000 -0.000000 0 0
0.000000 -0.000000 -0.000000 0 0
0.000000 -0.000000 -0.000000 0 0
-1.199000 0.987000 0.056000 16 0
-1.217000 0.980000 0.009000 13 0
-1.239000 1.119000 0.166000 61 0
-1.232000 1.087000 0.109000 67 0
0.000000 -0.000000 -0.000000 0 0
0.000000 -0.000000 -0.000000 0 0
0.000000 -0.000000 -0.000000 0 0
0.000000 -0.000000 -0.000000 0 0
-1.233000 1.113000 0.060000 68 0
0.000000 -0.000000 -0.000000 0 0
-1.280000 1.272000 0.176000 65 0
-1.263000 1.224000 0.115000 65 0
0.000000 -0.000000 -0.000000 0 0
-1.240000 1.145000 0.012000 68 0
-1.298000 1.353000 0.181000 58 0
-1.282000 1.302000 0.119000 64 0
-1.270000 1.257000 0.064000 64 0
-1.261000 1.218000 0.013000 67 0
-1.321000 1.444000 0.187000 61 0
-1.302000 1.387000 0.123000 61 0
-1.288000 1.335000 0.067000 61 0
-1.279000 1.293000 0.015000 66 0
-1.348000 1.546000 0.194000 63 0
-1.330000 1.484000 0.128000 59 0
-1.315000 1.427000 0.070000 55 0
-1.301000 1.375000 0.017000 63 0
-5.267000 6.341000 0.774000 115 0
-1.359000 1.589000 0.134000 59 0
-1.337000 1.519000 0.073000 58 0
-1.322000 1.462000 0.018000 59 0
-5.064000 6.398000 0.759000 118 0
-5.185000 6.360000 0.522000 116 0
-1.360000 1.619000 0.077000 29 0
-1.345000 1.557000 0.020000 59 0
-4.856000 6.447000 0.743000 121 0
-4.979000 6.406000 0.512000 118 0
-5.115000 6.382000 0.299000 119 0
-5.241000 6.351000 0.087000 113 0
-4.656000 6.494000 0.728000 121 0
-4.780000 6.458000 0.504000 126 0
-4.918000 6.432000 0.297000 126 0
-5.044000 6.404000 0.091000 112 0
-4.459000 6.542000 0.713000 120 0
-4.590000 6.512000 0.496000 123 0
-4.719000 6.477000 0.295000 123 0
-4.851000 6.453000 0.095000 114 0
-4.261000 6.584000 0.698000 131 0
-4.394000 6.553000 0.487000 121 0
-4.532000 6.529000 0.293000 124 0
-4.655000 6.496000 0.099000 126 0
-4.068000 6.623000 0.684000 126 0
-4.207000 6.604000 0.480000 136 0
-4.340000 6.569000 0.291000 120 0
-4.466000 6.538000 0.104000 131 0
-3.883000 6.673000 0.671000 126 0
-4.022000 6.651000 0.473000 137 0
-4.145000 6.602000 0.289000 118 0
-4.282000 6.582000 0.108000 133 0
-3.695000 6.709000 0.658000 129 0
-3.829000 6.680000 0.465000 126 0
-3.971000 6.659000 0.289000 120 0
-4.093000 6.617000 0.113000 130 0
-3.509000 6.742000 0.644000 126 0
-3.650000 6.726000 0.459000 124 0
-3.783000 6.690000 0.288000 119 0
-3.916000 6.663000 0.118000 133 0
-3.334000 6.796000 0.633000 127 0
-3.474000 6.770000 0.453000 136 0
-3.606000 6.733000 0.287000 117 0
-3.741000 6.707000 0.123000 130 0
-3.159000 6.839000 0.622000 127 0
-3.296000 6.812000 0.446000 127 0
-3.430000 6.774000 0.287000 116 0
-3.562000 6.745000 0.128000 131 0
-2.983000 6.879000 0.611000 120 0
-3.122000 6.853000 0.441000 124 0
-3.255000 6.814000 0.286000 117 0
-3.389000 6.784000 0.133000 134 0
-2.807000 6.919000 0.600000 121 0
-2.948000 6.891000 0.435000 131 0
-3.083000 6.855000 0.286000 123 0
-3.223000 6.834000 0.139000 131 0
-2.635000 6.958000 0.589000 120 0
-2.775000 6.931000 0.430000 121 0
-2.914000 6.898000 0.287000 113 0
-3.048000 6.868000 0.144000 129 0
-2.463000 6.996000 0.579000 115 0
-2.606000 6.973000 0.425000 119 0
-2.743000 6.937000 0.287000 111 0
-2.880000 6.909000 0.150000 128 0
-2.294000 7.044000 0.569000 105 0
-2.437000 7.012000 0.421000 118 0
-2.574000 6.974000 0.288000 110 0
-2.713000 6.952000 0.156000 127 0
-2.123000 7.074000 0.559000 98 0
-2.266000 7.049000 0.416000 107 0
-2.408000 7.015000 0.289000 111 0
-2.544000 6.985000 0.162000 126 0
-1.954000 7.117000 0.550000 99 0
-2.099000 7.089000 0.412000 108 0
-2.241000 7.058000 0.290000 109 0
-2.377000 7.018000 0.168000 122 0
-1.786000 7.159000 0.541000 102 0
-1.930000 7.127000 0.408000 104 0
-2.075000 7.097000 0.291000 106 0
-2.215000 7.073000 0.174000 121 0
-1.620000 7.202000 0.532000 100 0
-1.764000 7.168000 0.404000 105 0
-1.911000 7.141000 0.293000 107 0
-2.047000 7.100000 0.181000 119 0
-1.449000 7.239000 0.523000 99 0
-1.599000 7.211000 0.401000 108 0
-1.743000 7.176000 0.294000 107 0
-1.883000 7.140000 0.188000 117 0
-1.281000 7.273000 0.514000 121 0
-1.431000 7.250000 0.398000 111 0
-1.575000 7.207000 0.296000 107 0
-1.716000 7.173000 0.194000 113 0
-1.113000 7.311000 0.506000 121 0
-1.264000 7.286000 0.394000 120 0
-1.410000 7.252000 0.298000 107 0
-1.554000 7.220000 0.202000 119 0
-0.944000 7.355000 0.498000 106 0
-1.096000 7.321000 0.392000 129 0
-1.244000 7.287000 0.301000 109 0
-1.388000 7.253000 0.209000 119 0
-5.064000 6.398000 0.759000 118 0
-5.185000 6.360000 0.522000 116 0
-1.360000 1.619000 0.077000 29 0
-1.345000 1.557000 0.020000 59 0
-4.856000 6.447000 0.743000 121 0
-4.979000 6.406000 0.512000 118 0
-5.115000 6.382000 0.299000 119 0
-5.241000 6.351000 0.087000 113 0
-4.656000 6.494000 0.728000 121 0
-4.780000 6.458000 0.504000 126 0
-4.918000 6.432000 0.297000 126 0
-5.044000 6.404000 0.091000 112 0
-4.459000 6.542000 0.713000 120 0
-4.590000 6.512000 0.496000 123 0
-4.719000 6.477000 0.295000 123 0
-4.851000 6.453000 0.095000 114 0
-4.261000 6.584000 0.698000 131 0
-4.394000 6.553000 0.487000 121 0
-4.532000 6.529000 0.293000 124 0
-4.655000 6.496000 0.099000 126 0
-4.068000 6.623000 0.684000 126 0
-4.207000 6.604000 0.480000 136 0
-4.340000 6.569000 0.291000 120 0
-4.466000 6.538000 0.104000 131 0
-3.883000 6.673000 0.671000 126 0
-4.022000 6.651000 0.473000 137 0
-4.145000 6.602000 0.289000 118 0
-4.282000 6.582000 0.108000 133 0
-3.695000 6.709000 0.658000 129 0
-3.829000 6.680000 0.465000 126 0
-3.971000 6.659000 0.289000 120 0
-4.093000 6.617000 0.113000 130 0
-3.509000 6.742000 0.644000 126 0
-3.650000 6.726000 0.459000 124 0
-3.783000 6.690000 0.288000 119 0
-3.916000 6.663000 0.118000 133 0
-3.334000 6.796000 0.633000 127 0
-3.474000 6.770000 0.453000 136 0
-3.606000 6.733000 0.287000 117 0
-3.741000 6.707000 0.123000 130 0
-3.159000 6.839000 0.622000 127 0
-3.296000 6.812000 0.446000 127 0
-3.430000 6.774000 0.287000 116 0
-3.562000 6.745000 0.128000 131 0
-2.983000 6.879000 0.611000 120 0
-3.122000 6.853000 0.441000 124 0
-3.255000 6.814000 0.286000 117 0
-3.389000 6.784000 0.133000 134 0
-2.807000 6.919000 0.600000 121 0
-2.948000 6.891000 0.435000 131 0
-3.083000 6.855000 0.286000 123 0
-3.223000 6.834000 0.139000 131 0
-2.635000 6.958000 0.589000 120 0
-2.775000 6.931000 0.430000 121 0
-2.914000 6.898000 0.287000 113 0
-3.048000 6.868000 0.144000 129 0
-2.463000 6.996000 0.579000 115 0
-2.606000 6.973000 0.425000 119 0
-2.743000 6.937000 0.287000 111 0
-2.880000 6.909000 0.150000 128 0
-2.294000 7.044000 0.569000 105 0
-2.437000 7.012000 0.421000 118 0
-2.574000 6.974000 0.288000 110 0
-2.713000 6.952000 0.156000 127 0
-2.123000 7.074000 0.559000 98 0
-2.266000 7.049000 0.416000 107 0
-2.408000 7.015000 0.289000 111 0
-2.544000 6.985000 0.162000 126 0
-1.954000 7.117000 0.550000 99 0
-2.099000 7.089000 0.412000 108 0
-2.241000 7.058000 0.290000 109 0
-2.377000 7.018000 0.168000 122 0
-1.786000 7.159000 0.541000 102 0
-1.930000 7.127000 0.408000 104 0
-2.075000 7.097000 0.291000 106 0
-2.215000 7.073000 0.174000 121 0
-1.620000 7.202000 0.532000 100 0
-1.764000 7.168000 0.404000 105 0
-1.911000 7.141000 0.293000 107 0
-2.047000 7.100000 0.181000 119 0
-1.449000 7.239000 0.523000 99 0
-1.599000 7.211000 0.401000 108 0
-1.743000 7.176000 0.294000 107 0
-1.883000 7.140000 0.188000 117 0
-1.281000 7.273000 0.514000 121 0
-1.431000 7.250000 0.398000 111 0
-1.575000 7.207000 0.296000 107 0
-1.716000 7.173000 0.194000 113 0
-1.113000 7.311000 0.506000 121 0
-1.264000 7.286000 0.394000 120 0
-1.410000 7.252000 0.298000 107 0
-1.554000 7.220000 0.202000 119 0
-0.944000 7.355000 0.498000 106 0
-1.096000 7.321000 0.392000 129 0
-1.244000 7.287000 0.301000 109 0
-1.388000 7.253000 0.209000 119 0
-0.775000 7.400000 0.491000 33 0
-0.928000 7.366000 0.389000 107 0
-1.077000 7.322000 0.303000 109 0
-1.223000 7.296000 0.217000 122 0
0.000000 -0.000000 -0.000000 0 0
-0.758000 7.400000 0.386000 29 0
-0.909000 7.369000 0.306000 107 0
-1.057000 7.340000 0.225000 128 0
0.000000 -0.000000 -0.000000 0 192
0.000000 -0.000000 -0.000000 0 0
-0.742000 7.416000 0.310000 26 0
-0.888000 7.369000 0.233000 123 0
0.000000 -0.000000 -0.000000 0 128
0.000000 -0.000000 -0.000000 0 192
0.000000 -0.000000 -0.000000 0 0
-0.721000 7.415000 0.241000 25 0
0.000000 -0.000000 -0.000000 0 192
0.000000 -0.000000 -0.000000 0 128
0.000000 -0.000000 -0.000000 0 192
0.000000 -0.000000 -0.000000 0 0
0.000000 -0.000000 -0.000000 0 128
0.000000 -0.000000 -0.000000 0 192
0.000000 -0.000000 -0.000000 0 128
0.000000 -0.000000 -0.000000 0 192
0.000000 -0.000000 -0.000000 0 192
0.000000 -0.000000 -0.000000 0 128
0.000000 -0.000000 -0.000000 0 192
0.000000 -0.000000 -0.000000 0 128
0.000000 -0.000000 -0.000000 0 128
0.000000 -0.000000 -0.000000 0 192
0.000000 -0.000000 -0.000000 0 128
0.000000 -0.000000 -0.000000 0 192
0.000000 -0.000000 -0.000000 0 128
0.000000 -0.000000 -0.000000 0 128
0.000000 -0.000000 -0.000000 0 192
0.000000 -0.000000 -0.000000 0 128
0.175000 1.673000 0.092000 19 0
0.000000 -0.000000 -0.000000 0 128
0.000000 -0.000000 -0.000000 0 128
0.000000 -0.000000 -0.000000 0 192
0.200000 1.561000 0.084000 28 0
0.177000 1.666000 0.080000 21 0
0.151000 1.770000 0.078000 0 0
0.000000 -0.000000 -0.000000 0 128
0.234000 1.542000 0.081000 15 0
0.202000 1.555000 0.074000 31 0
0.179000 1.649000 0.073000 19 0
0.156000 1.766000 0.072000 1 0
0.274000 1.565000 0.081000 13 0
0.239000 1.557000 0.073000 11 0
0.205000 1.549000 0.069000 41 0
0.182000 1.636000 0.069000 19 0
0.313000 1.574000 0.079000 14 0
0.277000 1.565000 0.073000 11 0
0.240000 1.541000 0.070000 12 0
0.209000 1.545000 0.067000 54 0
0.351000 1.576000 0.078000 14 0
0.317000 1.576000 0.074000 11 0
0.281000 1.564000 0.072000 11 0
0.248000 1.558000 0.070000 14 0
0.393000 1.589000 0.077000 12 0
0.357000 1.585000 0.074000 11 0
0.321000 1.574000 0.073000 11 0
0.287000 1.568000 0.072000 13 0
0.431000 1.585000 0.075000 49 0
0.396000 1.588000 0.073000 56 0
0.360000 1.580000 0.074000 12 0
0.326000 1.574000 0.074000 13 0
0.478000 1.610000 0.075000 13 0
0.440000 1.604000 0.074000 11 0
0.402000 1.589000 0.076000 11 0
0.367000 1.585000 0.077000 12 0
0.520000 1.616000 0.073000 60 0
0.481000 1.607000 0.074000 56 0
0.443000 1.594000 0.077000 56 0
0.408000 1.593000 0.080000 58 0
0.564000 1.625000 0.072000 60 0
0.525000 1.618000 0.074000 55 0
0.488000 1.611000 0.079000 12 0
0.452000 1.607000 0.083000 12 0
0.610000 1.636000 0.071000 40 0
0.569000 1.626000 0.074000 58 0
0.531000 1.618000 0.080000 59 0
0.493000 1.606000 0.085000 52 0
0.658000 1.647000 0.070000 22 0
0.617000 1.639000 0.075000 31 0
0.576000 1.625000 0.082000 59 0
0.541000 1.624000 0.089000 58 0
0.703000 1.648000 0.069000 7 0
0.665000 1.650000 0.075000 15 0
0.622000 1.635000 0.084000 23 0
0.585000 1.629000 0.092000 56 0
0.000000 -0.000000 -0.000000 0 0
0.712000 1.657000 0.076000 3 0
0.670000 1.644000 0.086000 11 0
0.632000 1.638000 0.095000 26 0
-0.775000 7.400000 0.491000 33 0
-0.928000 7.366000 0.389000 107 0
-1.077000 7.322000 0.303000 109 0
-1.223000 7.296000 0.217000 122 0
0.000000 -0.000000 -0.000000 0 0
-0.758000 7.400000 0.386000 29 0
-0.909000 7.369000 0.306000 107 0
-1.057000 7.340000 0.225000 128 0
0.000000 -0.000000 -0.000000 0 192
0.000000 -0.000000 -0.000000 0 0
-0.742000 7.416000 0.310000 26 0
-0.888000 7.369000 0.233000 123 0
0.000000 -0.000000 -0.000000 0 128
0.000000 -0.000000 -0.000000 0 192
0.000000 -0.000000 -0.000000 0 0
-0.721000 7.415000 0.241000 25 0
0.000000 -0.000000 -0.000000 0 192
0.000000 -0.000000 -0.000000 0 128
0.000000 -0.000000 -0.000000 0 192
0.000000 -0.000000 -0.000000 0 0
0.000000 -0.000000 -0.000000 0 128
0.000000 -0.000000 -0.000000 0 192
0.000000 -0.000000 -0.000000 0 128
0.000000 -0.000000 -0.000000 0 192
0.000000 -0.000000 -0.000000 0 192
0.000000 -0.000000 -0.000000 0 128
0.000000 -0.000000 -0.000000 0 192
0.000000 -0.000000 -0.000000 0 128
0.000000 -0.000000 -0.000000 0 128
0.000000 -0.000000 -0.000000 0 192
0.000000 -0.000000 -0.000000 0 128
0.000000 -0.000000 -0.000000 0 192
0.000000 -0.000000 -0.000000 0 128
0.000000 -0.000000 -0.000000 0 128
0.000000 -0.000000 -0.000000 0 192
0.000000 -0.000000 -0.000000 0 128
0.175000 1.673000 0.092000 19 0
0.000000 -0.000000 -0.000000 0 128
0.000000 -0.000000 -0.000000 0 128
0.000000 -0.000000 -0.000000 0 192
0.200000 1.561000 0.084000 28 0
0.177000 1.666000 0.080000 21 0
0.151000 1.770000 0.078000 0 0
0.000000 -0.000000 -0.000000 0 128
0.234000 1.542000 0.081000 15 0
0.202000 1.555000 0.074000 31 0
0.179000 1.649000 0.073000 19 0
0.156000 1.766000 0.072000 1 0
0.274000 1.565000 0.081000 13 0
0.239000 1.557000 0.073000 11 0
0.205000 1.549000 0.069000 41 0
0.182000 1.636000 0.069000 19 0
0.313000 1.574000 0.079000 14 0
0.277000 1.565000 0.073000 11 0
0.240000 1.541000 0.070000 12 0
0.209000 1.545000 0.067000 54 0
0.351000 1.576000 0.078000 14 0
0.317000 1.576000 0.074000 11 0
0.281000 1.564000 0.072000 11 0
0.248000 1.558000 0.070000 14 0
0.393000 1.589000 0.077000 12 0
0.357000 1.585000 0.074000 11 0
0.321000 1.574000 0.073000 11 0
0.287000 1.568000 0.072000 13 0
0.431000 1.585000 0.075000 49 0
0.396000 1.588000 0.073000 56 0
0.360000 1.580000 0.074000 12 0
0.326000 1.574000 0.074000 13 0
0.478000 1.610000 0.075000 13 0
0.440000 1.604000 0.074000 11 0
0.402000 1.589000 0.076000 11 0
0.367000 1.585000 0.077000 12 0
0.520000 1.616000 0.073000 60 0
0.481000 1.607000 0.074000 56 0
0.443000 1.594000 0.077000 56 0
0.408000 1.593000 0.080000 58 0
0.564000 1.625000 0.072000 60 0
0.525000 1.618000 0.074000 55 0
0.488000 1.611000 0.079000 12 0
0.452000 1.607000 0.083000 12 0
0.610000 1.636000 0.071000 40 0
0.569000 1.626000 0.074000 58 0
0.531000 1.618000 0.080000 59 0
0.493000 1.606000 0.085000 52 0
0.658000 1.647000 0.070000 22 0
0.617000 1.639000 0.075000 31 0
0.576000 1.625000 0.082000 59 0
0.541000 1.624000 0.089000 58 0
0.703000 1.648000 0.069000 7 0
0.665000 1.650000 0.075000 15 0
0.622000 1.635000 0.084000 23 0
0.585000 1.629000 0.092000 56 0
0.000000 -0.000000 -0.000000 0 0
0.712000 1.657000 0.076000 3 0
0.670000 1.644000 0.086000 11 0
0.632000 1.638000 0.095000 26 0
0.000000 -0.000000 -0.000000 0 128
0.000000 -0.000000 -0.000000 0 0
0.720000 1.655000 0.088000 1 0
0.683000 1.653000 0.099000 6 0
0.000000 -0.000000 -0.000000 0 128
0.000000 -0.000000 -0.000000 0 128
0.000000 -0.000000 -0.000000 0 0
0.000000 -0.000000 -0.000000 0 0
0.000000 -0.000000 -0.000000 0 128
0.000000 -0.000000 -0.000000 0 128
0.000000 -0.000000 -0.000000 0 128
0.000000 -0.000000 -0.000000 0 128
0.000000 -0.000000 -0.000000 0 128
0.000000 -0.000000 -0.000000 0 128
0.000000 -0.000000 -0.000000 0 128
0.000000 -0.000000 -0.000000 0 128
0.000000 -0.000000 -0.000000 0 128
0.000000 -0.000000 -0.000000 0 128
0.000000 -0.000000 -0.000000 0 0
0.000000 -0.000000 -0.000000 0 128
0.000000 -0.000000 -0.000000 0 128
0.000000 -0.000000 -0.000000 0 128
0.000000 -0.000000 -0.000000 0 0
0.000000 -0.000000 -0.000000 0 128
0.000000 -0.000000 -0.000000 0 128
0.000000 -0.000000 -0.000000 0 128
0.000000 -0.000000 -0.000000 0 128
0.000000 -0.000000 -0.000000 0 128
0.000000 -0.000000 -0.000000 0 128
0.000000 -0.000000 -0.000000 0 0
0.000000 -0.000000 -0.000000 0 128
0.000000 -0.000000 -0.000000 0 128
0.000000 -0.000000 -0.000000 0 128
0.000000 -0.000000 -0.000000 0 128
0.000000 -0.000000 -0.000000 0 0
0.000000 -0.000000 -0.000000 0 128
0.000000 -0.000000 -0.000000 0 128
0.000000 -0.000000 -0.000000 0 128
0.000000 -0.000000 -0.000000 0 0
0.000000 -0.000000 -0.000000 0 128
0.000000 -0.000000 -0.000000 0 128
0.000000 -0.000000 -0.000000 0 128
0.000000 -0.000000 -0.000000 0 0
0.000000 -0.000000 -0.000000 0 128
0.000000 -0.000000 -0.000000 0 128
0.000000 -0.000000 -0.000000 0 0
0.000000 -0.000000 -0.000000 0 0
0.000000 -0.000000 -0.000000 0 128
0.000000 -0.000000 -0.000000 0 128
0.000000 -0.000000 -0.000000 0 0
0.000000 -0.000000 -0.000000 0 128
0.000000 -0.000000 -0.000000 0 192
0.000000 -0.000000 -0.000000 0 128
0.000000 -0.000000 -0.000000 0 128
0.000000 -0.000000 -0.000000 0 128
0.000000 -0.000000 -0.000000 0 192
0.000000 -0.000000 -0.000000 0 128
0.000000 -0.000000 -0.000000 0 128
0.000000 -0.000000 -0.000000 0 128
0.000000 -0.000000 -0.000000 0 192
0.000000 -0.000000 -0.000000 0 128
0.000000 -0.000000 -0.000000 0 128
0.000000 -0.000000 -0.000000 0 128
0.000000 -0.000000 -0.000000 0 192
0.000000 -0.000000 -0.000000 0 128
0.000000 -0.000000 -0.000000 0 128
0.000000 -0.000000 -0.000000 0 0
0.000000 -0.000000 -0.000000 0 192
0.000000 -0.000000 -0.000000 0 128
0.000000 -0.000000 -0.000000 0 128
0.000000 -0.000000 -0.000000 0 0
0.000000 -0.000000 -0.000000 0 128
0.000000 -0.000000 -0.000000 0 128
0.000000 -0.000000 -0.000000 0 128
0.000000 -0.000000 -0.000000 0 128
0.000000 -0.000000 -0.000000 0 128
0.000000 -0.000000 -0.000000 0 128
0.000000 -0.000000 -0.000000 0 128
0.000000 -0.000000 -0.000000 0 128
0.000000 -0.000000 -0.000000 0 128
0.000000 -0.000000 -0.000000 0 0
0.000000 -0.000000 -0.000000 0 128
0.000000 -0.000000 -0.000000 0 0
0.000000 -0.000000 -0.000000 0 128
0.000000 -0.000000 -0.000000 0 0
0.000000 -0.000000 -0.000000 0 0
0.000000 -0.000000 -0.000000 0 0
0.000000 -0.000000 -0.000000 0 128
0.000000 -0.000000 -0.000000 0 0
0.000000 -0.000000 -0.000000 0 0
0.000000 -0.000000 -0.000000 0 0
0.000000 -0.000000 -0.000000 0 0
0.000000 -0.000000 -0.000000 0 0
0.000000 -0.000000 -0.000000 0 0
0.000000 -0.000000 -0.000000 0 0
0.000000 -0.000000 -0.000000 0 128
0.000000 -0.000000 -0.000000 0 128
0.000000 -0.000000 -0.000000 0 0
0.720000 1.655000 0.088000 1 0
0.683000 1.653000 0.099000 6 0
0.000000 -0.000000 -0.000000 0 128
0.000000 -0.000000 -0.000000 0 128
0.000000 -0.000000 -0.000000 0 0
0.000000 -0.000000 -0.000000 0 0
0.000000 -0.000000 -0.000000 0 128
0.000000 -0.000000 -0.000000 0 128
0.000000 -0.000000 -0.000000 0 128
0.000000 -0.000000 -0.000000 0 128
0.000000 -0.000000 -0.000000 0 128
0.000000 -0.000000 -0.000000 0 128
0.000000 -0.000000 -0.000000 0 128
0.000000 -0.000000 -0.000000 0 128
0.000000 -0.000000 -0.000000 0 128
0.000000 -0.000000 -0.000000 0 128
0.000000 -0.000000 -0.000000 0 0
0.000000 -0.000000 -0.000000 0 128
0.000000 -0.000000 -0.000000 0 128
0.000000 -0.000000 -0.000000 0 128
0.000000 -0.000000 -0.000000 0 0
0.000000 -0.000000 -0.000000 0 128
0.000000 -0.000000 -0.000000 0 128
0.000000 -0.000000 -0.000000 0 128
0.000000 -0.000000 -0.000000 0 128
0.000000 -0.000000 -0.000000 0 128
0.000000 -0.000000 -0.000000 0 128
0.000000 -0.000000 -0.000000 0 0
0.000000 -0.000000 -0.000000 0 128
0.000000 -0.000000 -0.000000 0 128
0.000000 -0.000000 -0.000000 0 128
0.000000 -0.000000 -0.000000 0 128
0.000000 -0.000000 -0.000000 0 0
0.000000 -0.000000 -0.000000 0 128
0.000000 -0.000000 -0.000000 0 128
0.000000 -0.000000 -0.000000 0 128
0.000000 -0.000000 -0.000000 0 0
0.000000 -0.000000 -0.000000 0 128
0.000000 -0.000000 -0.000000 0 128
0.000000 -0.000000 -0.000000 0 128
0.000000 -0.000000 -0.000000 0 0
0.000000 -0.000000 -0.000000 0 128
0.000000 -0.000000 -0.000000 0 128
0.000000 -0.000000 -0.000000 0 0
0.000000 -0.000000 -0.000000 0 0
0.000000 -0.000000 -0.000000 0 128
0.000000 -0.000000 -0.000000 0 128
0.000000 -0.000000 -0.000000 0 0
0.000000 -0.000000 -0.000000 0 128
0.000000 -0.000000 -0.000000 0 192
0.000000 -0.000000 -0.000000 0 128
0.000000 -0.000000 -0.000000 0 128
0.000000 -0.000000 -0.000000 0 128
0.000000 -0.000000 -0.000000 0 192
0.000000 -0.000000 -0.000000 0 128
0.000000 -0.000000 -0.000000 0 128
0.000000 -0.000000 -0.000000 0 128
0.000000 -0.000000 -0.000000 0 192
0.000000 -0.000000 -0.000000 0 128
0.000000 -0.000000 -0.000000 0 128
0.000000 -0.000000 -0.000000 0 128
0.000000 -0.000000 -0.000000 0 192
0.000000 -0.000000 -0.000000 0 128
0.000000 -0.000000 -0.000000 0 128
0.000000 -0.000000 -0.000000 0 0
0.000000 -0.000000 -0.000000 0 192
0.000000 -0.000000 -0.000000 0 128
0.000000 -0.000000 -0.000000 0 128
0.000000 -0.000000 -0.000000 0 0
0.000000 -0.000000 -0.000000 0 128
0.000000 -0.000000 -0.000000 0 128
0.000000 -0.000000 -0.000000 0 128
0.000000 -0.000000 -0.000000 0 128
0.000000 -0.000000 -0.000000 0 128
0.000000 -0.000000 -0.000000 0 128
0.000000 -0.000000 -0.000000 0 128
0.000000 -0.000000 -0.000000 0 128
0.000000 -0.000000 -0.000000 0 128
0.000000 -0.000000 -0.000000 0 0
0.000000 -0.000000 -0.000000 0 128
0.000000 -0.000000 -0.000000 0 0
0.000000 -0.000000 -0.000000 0 128
0.000000 -0.000000 -0.000000 0 0
0.000000 -0.000000 -0.000000 0 0
0.000000 -0.000000 -0.000000 0 0
0.000000 -0.000000 -0.000000 0 128
0.000000 -0.000000 -0.000000 0 0
0.000000 -0.000000 -0.000000 0 0
0.000000 -0.000000 -0.000000 0 0
0.000000 -0.000000 -0.000000 0 0
0.000000 -0.000000 -0.000000 0 0
0.000000 -0.000000 -0.000000 0 0
0.000000 -0.000000 -0.000000 0 0
0.000000 -0.000000 -0.000000 0 128
0.000000 -0.000000 -0.000000 0 0
0.000000 -0.000000 -0.000000 0 0
0.000000 -0.000000 -0.000000 0 0
0.000000 -0.000000 -0.000000 0 128
0.000000 -0.000000 -0.000000 0 0
0.000000 -0.000000 -0.000000 0 0
0.000000 -0.000000 -0.000000 0 0
0.000000 -0.000000 -0.000000 0 128
0.000000 -0.000000 -0.000000 0 0
0.000000 -0.000000 -0.000000 0 0
0.000000 -0.000000 -0.000000 0 0
0.000000 -0.000000 -0.000000 0 128
0.000000 -0.000000 -0.000000 0 0
0.000000 -0.000000 -0.000000 0 0
0.000000 -0.000000 -0.000000 0 0
0.000000 -0.000000 -0.000000 0 128
0.000000 -0.000000 -0.000000 0 0
0.000000 -0.000000 -0.000000 0 0
0.000000 -0.000000 -0.000000 0 0
0.000000 -0.000000 -0.000000 0 128
0.000000 -0.000000 -0.000000 0 0
0.000000 -0.000000 -0.000000 0 0
0.000000 -0.000000 -0.000000 0 0
0.000000 -0.000000 -0.000000 0 128
0.000000 -0.000000 -0.000000 0 0
0.000000 -0.000000 -0.000000 0 0
0.000000 -0.000000 -0.000000 0 0
0.000000 -0.000000 -0.000000 0 128
0.000000 -0.000000 -0.000000 0 0
0.000000 -0.000000 -0.000000 0 0
0.000000 -0.000000 -0.000000 0 0
0.000000 -0.000000 -0.000000 0 128
0.000000 -0.000000 -0.000000 0 0
0.000000 -0.000000 -0.000000 0 0
0.000000 -0.000000 -0.000000 0 0
0.000000 -0.000000 -0.000000 0 128
0.000000 -0.000000 -0.000000 0 0
0.000000 -0.000000 -0.000000 0 0
0.000000 -0.000000 -0.000000 0 0
0.000000 -0.000000 -0.000000 0 128
0.000000 -0.000000 -0.000000 0 0
0.000000 -0.000000 -0.000000 0 0
0.000000 -0.000000 -0.000000 0 0
0.000000 -0.000000 -0.000000 0 192
0.000000 -0.000000 -0.000000 0 0
0.000000 -0.000000 -0.000000 0 0
0.000000 -0.000000 -0.000000 0 0
0.000000 -0.000000 -0.000000 0 128
0.000000 -0.000000 -0.000000 0 0
0.000000 -0.000000 -0.000000 0 0
0.000000 -0.000000 -0.000000 0 0
0.000000 -0.000000 -0.000000 0 192
0.000000 -0.000000 -0.000000 0 128
0.000000 -0.000000 -0.000000 0 0
0.000000 -0.000000 -0.000000 0 0
0.000000 -0.000000 -0.000000 0 128
0.000000 -0.000000 -0.000000 0 0
0.000000 -0.000000 -0.000000 0 0
0.000000 -0.000000 -0.000000 0 0
0.000000 -0.000000 -0.000000 0 192
0.000000 -0.000000 -0.000000 0 0
0.000000 -0.000000 -0.000000 0 0
0.000000 -0.000000 -0.000000 0 0
0.000000 -0.000000 -0.000000 0 128
0.000000 -0.000000 -0.000000 0 0
0.000000 -0.000000 -0.000000 0 0
0.000000 -0.000000 -0.000000 0 0
0.000000 -0.000000 -0.000000 0 128
0.000000 -0.000000 -0.000000 0 0
0.000000 -0.000000 -0.000000 0 0
0.000000 -0.000000 -0.000000 0 0
0.000000 -0.000000 -0.000000 0 128
0.000000 -0.000000 -0.000000 0 0
0.000000 -0.000000 -0.000000 0 0
0.000000 -0.000000 -0.000000 0 128
0.000000 -0.000000 -0.000000 0 128
0.000000 -0.000000 -0.000000 0 0
0.000000 -0.000000 -0.000000 0 0
0.000000 -0.000000 -0.000000 0 128
0.000000 -0.000000 -0.000000 0 128
0.000000 -0.000000 -0.000000 0 128
0.000000 -0.000000 -0.000000 0 128
0.000000 -0.000000 -0.000000 0 192
0.000000 -0.000000 -0.000000 0 128
0.000000 -0.000000 -0.000000 0 128
0.000000 -0.000000 -0.000000 0 192
0.000000 -0.000000 -0.000000 0 192
0.000000 -0.000000 -0.000000 0 128
0.000000 -0.000000 -0.000000 0 128
0.000000 -0.000000 -0.000000 0 192
0.000000 -0.000000 -0.000000 0 192
0.000000 -0.000000 -0.000000 0 192
0.000000 -0.000000 -0.000000 0 128
0.000000 -0.000000 -0.000000 0 192
0.000000 -0.000000 -0.000000 0 192
0.000000 -0.000000 -0.000000 0 128
0.000000 -0.000000 -0.000000 0 0
0.000000 -0.000000 -0.000000 0 0
0.000000 -0.000000 -0.000000 0 0
0.000000 -0.000000 -0.000000 0 128
0.000000 -0.000000 -0.000000 0 0
0.000000 -0.000000 -0.000000 0 0
0.000000 -0.000000 -0.000000 0 0
0.000000 -0.000000 -0.000000 0 128
0.000000 -0.000000 -0.000000 0 0
0.000000 -0.000000 -0.000000 0 0
0.000000 -0.000000 -0.000000 0 0
0.000000 -0.000000 -0.000000 0 128
0.000000 -0.000000 -0.000000 0 0
0.000000 -0.000000 -0.000000 0 0
0.000000 -0.000000 -0.000000 0 0
0.000000 -0.000000 -0.000000 0 128
0.000000 -0.000000 -0.000000 0 0
0.000000 -0.000000 -0.000000 0 0
0.000000 -0.000000 -0.000000 0 0
0.000000 -0.000000 -0.000000 0 128
0.000000 -0.000000 -0.000000 0 0
0.000000 -0.000000 -0.000000 0 0
0.000000 -0.000000 -0.000000 0 0
0.000000 -0.000000 -0.000000 0 128
0.000000 -0.000000 -0.000000 0 0
0.000000 -0.000000 -0.000000 0 0
0.000000 -0.000000 -0.000000 0 0
0.000000 -0.000000 -0.000000 0 128
0.000000 -0.000000 -0.000000 0 0
0.000000 -0.000000 -0.000000 0 0
0.000000 -0.000000 -0.000000 0 0
0.000000 -0.000000 -0.000000 0 128
0.000000 -0.000000 -0.000000 0 0
0.000000 -0.000000 -0.000000 0 0
0.000000 -0.000000 -0.000000 0 0
0.000000 -0.000000 -0.000000 0 128
0.000000 -0.000000 -0.000000 0 0
0.000000 -0.000000 -0.000000 0 0
0.000000 -0.000000 -0.000000 0 0
0.000000 -0.000000 -0.000000 0 128
0.000000 -0.000000 -0.000000 0 0
0.000000 -0.000000 -0.000000 0 0
0.000000 -0.000000 -0.000000 0 0
0.000000 -0.000000 -0.000000 0 192
0.000000 -0.000000 -0.000000 0 0
0.000000 -0.000000 -0.000000 0 0
0.000000 -0.000000 -0.000000 0 0
0.000000 -0.000000 -0.000000 0 128
0.000000 -0.000000 -0.000000 0 0
0.000000 -0.000000 -0.000000 0 0
0.000000 -0.000000 -0.000000 0 0
0.000000 -0.000000 -0.000000 0 192
0.000000 -0.000000 -0.000000 0 128
0.000000 -0.000000 -0.000000 0 0
0.000000 -0.000000 -0.000000 0 0
0.000000 -0.000000 -0.000000 0 128
0.000000 -0.000000 -0.000000 0 0
0.000000 -0.000000 -0.000000 0 0
0.000000 -0.000000 -0.000000 0 0
0.000000 -0.000000 -0.000000 0 192
0.000000 -0.000000 -0.000000 0 0
0.000000 -0.000000 -0.000000 0 0
0.000000 -0.000000 -0.000000 0 0
0.000000 -0.000000 -0.000000 0 128
0.000000 -0.000000 -0.000000 0 0
0.000000 -0.000000 -0.000000 0 0
0.000000 -0.000000 -0.000000 0 0
0.000000 -0.000000 -0.000000 0 128
0.000000 -0.000000 -0.000000 0 0
0.000000 -0.000000 -0.000000 0 0
0.000000 -0.000000 -0.000000 0 0
0.000000 -0.000000 -0.000000 0 128
0.000000 -0.000000 -0.000000 0 0
0.000000 -0.000000 -0.000000 0 0
0.000000 -0.000000 -0.000000 0 128
0.000000 -0.000000 -0.000000 0 128
0.000000 -0.000000 -0.000000 0 0
0.000000 -0.000000 -0.000000 0 0
0.000000 -0.000000 -0.000000 0 128
0.000000 -0.000000 -0.000000 0 128
0.000000 -0.000000 -0.000000 0 128
0.000000 -0.000000 -0.000000 0 128
0.000000 -0.000000 -0.000000 0 192
0.000000 -0.000000 -0.000000 0 128
0.000000 -0.000000 -0.000000 0 128
0.000000 -0.000000 -0.000000 0 192
0.000000 -0.000000 -0.000000 0 192
0.000000 -0.000000 -0.000000 0 128
0.000000 -0.000000 -0.000000 0 128
0.000000 -0.000000 -0.000000 0 192
0.000000 -0.000000 -0.000000 0 192
0.000000 -0.000000 -0.000000 0 192
0.000000 -0.000000 -0.000000 0 128
0.000000 -0.000000 -0.000000 0 192
0.000000 -0.000000 -0.000000 0 192
0.000000 -0.000000 -0.000000 0 128
0.000000 -0.000000 -0.000000 0 192
0.000000 -0.000000 -0.000000 0 192
0.000000 -0.000000 -0.000000 0 192
0.000000 -0.000000 -0.000000 0 192
0.000000 -0.000000 -0.000000 0 128
0.000000 -0.000000 -0.000000 0 192
0.000000 -0.000000 -0.000000 0 192
0.000000 -0.000000 -0.000000 0 192
0.000000 -0.000000 -0.000000 0 192
0.000000 -0.000000 -0.000000 0 192
0.000000 -0.000000 -0.000000 0 192
0.000000 -0.000000 -0.000000 0 192
0.000000 -0.000000 -0.000000 0 128
0.000000 -0.000000 -0.000000 0 192
0.000000 -0.000000 -0.000000 0 192
0.000000 -0.000000 -0.000000 0 128
0.000000 -0.000000 -0.000000 0 192
0.000000 -0.000000 -0.000000 0 192
0.000000 -0.000000 -0.000000 0 192
0.000000 -0.000000 -0.000000 0 128
0.000000 -0.000000 -0.000000 0 128
0.000000 -0.000000 -0.000000 0 192
0.000000 -0.000000 -0.000000 0 192
0.000000 -0.000000 -0.000000 0 128
0.000000 -0.000000 -0.000000 0 192
0.000000 -0.000000 -0.000000 0 128
0.000000 -0.000000 -0.000000 0 192
0.000000 -0.000000 -0.000000 0 128
0.000000 -0.000000 -0.000000 0 128
0.000000 -0.000000 -0.000000 0 128
0.000000 -0.000000 -0.000000 0 128
0.000000 -0.000000 -0.000000 0 128
0.000000 -0.000000 -0.000000 0 128
0.000000 -0.000000 -0.000000 0 128
0.000000 -0.000000 -0.000000 0 128
0.000000 -0.000000 -0.000000 0 128
0.000000 -0.000000 -0.000000 0 128
0.000000 -0.000000 -0.000000 0 0
0.000000 -0.000000 -0.000000 0 128
0.000000 -0.000000 -0.000000 0 128
0.000000 -0.000000 -0.000000 0 0
0.000000 -0.000000 -0.000000 0 0
0.000000 -0.000000 -0.000000 0 0
0.000000 -0.000000 -0.000000 0 128
0.000000 -0.000000 -0.000000 0 0
0.000000 -0.000000 -0.000000 0 0
0.000000 -0.000000 -0.000000 0 0
0.000000 -0.000000 -0.000000 0 128
0.000000 -0.000000 -0.000000 0 0
0.000000 -0.000000 -0.000000 0 0
0.000000 -0.000000 -0.000000 0 0
0.000000 -0.000000 -0.000000 0 128
0.000000 -0.000000 -0.000000 0 0
0.000000 -0.000000 -0.000000 0 0
0.000000 -0.000000 -0.000000 0 0
0.000000 -0.000000 -0.000000 0 128
0.000000 -0.000000 -0.000000 0 0
0.000000 -0.000000 -0.000000 0 0
0.000000 -0.000000 -0.000000 0 0
0.000000 -0.000000 -0.000000 0 128
0.000000 -0.000000 -0.000000 0 0
0.000000 -0.000000 -0.000000 0 0
0.000000 -0.000000 -0.000000 0 0
0.000000 -0.000000 -0.000000 0 128
0.000000 -0.000000 -0.000000 0 0
0.000000 -0.000000 -0.000000 0 0
0.000000 -0.000000 -0.000000 0 0
0.000000 -0.000000 -0.000000 0 128
0.000000 -0.000000 -0.000000 0 0
0.000000 -0.000000 -0.000000 0 0
0.000000 -0.000000 -0.000000 0 0
0.000000 -0.000000 -0.000000 0 128
0.000000 -0.000000 -0.000000 0 0
0.000000 -0.000000 -0.000000 0 0
0.000000 -0.000000 -0.000000 0 0
0.000000 -0.000000 -0.000000 0 128
0.000000 -0.000000 -0.000000 0 128
0.000000 -0.000000 -0.000000 0 0
0.000000 -0.000000 -0.000000 0 0
0.000000 -0.000000 -0.000000 0 128
0.000000 -0.000000 -0.000000 0 0
0.000000 -0.000000 -0.000000 0 0
0.000000 -0.000000 -0.000000 0 0
0.000000 -0.000000 -0.000000 0 128
0.000000 -0.000000 -0.000000 0 128
0.000000 -0.000000 -0.000000 0 0
0.000000 -0.000000 -0.000000 0 0
0.000000 -0.000000 -0.000000 0 128
0.000000 -0.000000 -0.000000 0 128
0.000000 -0.000000 -0.000000 0 0
0.000000 -0.000000 -0.000000 0 0
0.000000 -0.000000 -0.000000 0 128
0.000000 -0.000000 -0.000000 0 128
0.000000 -0.000000 -0.000000 0 0
0.000000 -0.000000 -0.000000 0 0
0.000000 -0.000000 -0.000000 0 128
0.000000 -0.000000 -0.000000 0 192
0.000000 -0.000000 -0.000000 0 192
0.000000 -0.000000 -0.000000 0 192
0.000000 -0.000000 -0.000000 0 192
0.000000 -0.000000 -0.000000 0 128
0.000000 -0.000000 -0.000000 0 192
0.000000 -0.000000 -0.000000 0 192
0.000000 -0.000000 -0.000000 0 192
0.000000 -0.000000 -0.000000 0 192
0.000000 -0.000000 -0.000000 0 192
0.000000 -0.000000 -0.000000 0 192
0.000000 -0.000000 -0.000000 0 192
0.000000 -0.000000 -0.000000 0 128
0.000000 -0.000000 -0.000000 0 192
0.000000 -0.000000 -0.000000 0 192
0.000000 -0.000000 -0.000000 0 128
0.000000 -0.000000 -0.000000 0 192
0.000000 -0.000000 -0.000000 0 192
0.000000 -0.000000 -0.000000 0 192
0.000000 -0.000000 -0.000000 0 128
0.000000 -0.000000 -0.000000 0 128
0.000000 -0.000000 -0.000000 0 192
0.000000 -0.000000 -0.000000 0 192
0.000000 -0.000000 -0.000000 0 128
0.000000 -0.000000 -0.000000 0 192
0.000000 -0.000000 -0.000000 0 128
0.000000 -0.000000 -0.000000 0 192
0.000000 -0.000000 -0.000000 0 128
0.000000 -0.000000 -0.000000 0 128
0.000000 -0.000000 -0.000000 0 128
0.000000 -0.000000 -0.000000 0 128
0.000000 -0.000000 -0.000000 0 128
0.000000 -0.000000 -0.000000 0 128
0.000000 -0.000000 -0.000000 0 128
0.000000 -0.000000 -0.000000 0 128
0.000000 -0.000000 -0.000000 0 128
0.000000 -0.000000 -0.000000 0 128
0.000000 -0.000000 -0.000000 0 0
0.000000 -0.000000 -0.000000 0 128
0.000000 -0.000000 -0.000000 0 128
0.000000 -0.000000 -0.000000 0 0
0.000000 -0.000000 -0.000000 0 0
0.000000 -0.000000 -0.000000 0 0
0.000000 -0.000000 -0.000000 0 128
0.000000 -0.000000 -0.000000 0 0
0.000000 -0.000000 -0.000000 0 0
0.000000 -0.000000 -0.000000 0 0
0.000000 -0.000000 -0.000000 0 128
0.000000 -0.000000 -0.000000 0 0
0.000000 -0.000000 -0.000000 0 0
0.000000 -0.000000 -0.000000 0 0
0.000000 -0.000000 -0.000000 0 128
0.000000 -0.000000 -0.000000 0 0
0.000000 -0.000000 -0.000000 0 0
0.000000 -0.000000 -0.000000 0 0
0.000000 -0.000000 -0.000000 0 128
0.000000 -0.000000 -0.000000 0 0
0.000000 -0.000000 -0.000000 0 0
0.000000 -0.000000 -0.000000 0 0
0.000000 -0.000000 -0.000000 0 128
0.000000 -0.000000 -0.000000 0 0
0.000000 -0.000000 -0.000000 0 0
0.000000 -0.000000 -0.000000 0 0
0.000000 -0.000000 -0.000000 0 128
0.000000 -0.000000 -0.000000 0 0
0.000000 -0.000000 -0.000000 0 0
0.000000 -0.000000 -0.000000 0 0
0.000000 -0.000000 -0.000000 0 128
0.000000 -0.000000 -0.000000 0 0
0.000000 -0.000000 -0.000000 0 0
0.000000 -0.000000 -0.000000 0 0
0.000000 -0.000000 -0.000000 0 128
0.000000 -0.000000 -0.000000 0 0
0.000000 -0.000000 -0.000000 0 0
0.000000 -0.000000 -0.000000 0 0
0.000000 -0.000000 -0.000000 0 128
0.000000 -0.000000 -0.000000 0 128
0.000000 -0.000000 -0.000000 0 0
0.000000 -0.000000 -0.000000 0 0
0.000000 -0.000000 -0.000000 0 128
0.000000 -0.000000 -0.000000 0 0
0.000000 -0.000000 -0.000000 0 0
0.000000 -0.000000 -0.000000 0 0
0.000000 -0.000000 -0.000000 0 128
0.000000 -0.000000 -0.000000 0 128
0.000000 -0.000000 -0.000000 0 0
0.000000 -0.000000 -0.000000 0 0
0.000000 -0.000000 -0.000000 0 128
0.000000 -0.000000 -0.000000 0 128
0.000000 -0.000000 -0.000000 0 0
0.000000 -0.000000 -0.000000 0 0
0.000000 -0.000000 -0.000000 0 128
0.000000 -0.000000 -0.000000 0 128
0.000000 -0.000000 -0.000000 0 0
0.000000 -0.000000 -0.000000 0 0
0.000000 -0.000000 -0.000000 0 128
0.000000 -0.000000 -0.000000 0 0
0.000000 -0.000000 -0.000000 0 0
0.000000 -0.000000 -0.000000 0 128
0.000000 -0.000000 -0.000000 0 128
0.000000 -0.000000 -0.000000 0 0
0.000000 -0.000000 -0.000000 0 0
0.000000 -0.000000 -0.000000 0 128
0.000000 -0.000000 -0.000000 0 128
0.000000 -0.000000 -0.000000 0 128
0.000000 -0.000000 -0.000000 0 0
0.000000 -0.000000 -0.000000 0 128
0.000000 -0.000000 -0.000000 0 128
0.000000 -0.000000 -0.000000 0 128
0.000000 -0.000000 -0.000000 0 128
0.000000 -0.000000 -0.000000 0 128
0.000000 -0.000000 -0.000000 0 128
0.000000 -0.000000 -0.000000 0 128
0.000000 -0.000000 -0.000000 0 128
0.000000 -0.000000 -0.000000 0 128
0.000000 -0.000000 -0.000000 0 128
0.000000 -0.000000 -0.000000 0 128
0.000000 -0.000000 -0.000000 0 128
0.000000 -0.000000 -0.000000 0 128
0.000000 -0.000000 -0.000000 0 128
0.000000 -0.000000 -0.000000 0 0
0.000000 -0.000000 -0.000000 0 128
0.000000 -0.000000 -0.000000 0 128
0.000000 -0.000000 -0.000000 0 128
0.000000 -0.000000 -0.000000 0 128
0.000000 -0.000000 -0.000000 0 128
0.000000 -0.000000 -0.000000 0 128
0.000000 -0.000000 -0.000000 0 128
0.000000 -0.000000 -0.000000 0 128
0.000000 -0.000000 -0.000000 0 128
0.000000 -0.000000 -0.000000 0 128
0.000000 -0.000000 -0.000000 0 128
0.000000 -0.000000 -0.000000 0 128
0.000000 -0.000000 -0.000000 0 192
0.000000 -0.000000 -0.000000 0 128
0.000000 -0.000000 -0.000000 0 128
0.000000 -0.000000 -0.000000 0 128
0.000000 -0.000000 -0.000000 0 128
0.000000 -0.000000 -0.000000 0 128
0.000000 -0.000000 -0.000000 0 128
0.000000 -0.000000 -0.000000 0 128
0.000000 -0.000000 -0.000000 0 128
0.000000 -0.000000 -0.000000 0 128
0.000000 -0.000000 -0.000000 0 128
0.000000 -0.000000 -0.000000 0 128
0.000000 -0.000000 -0.000000 0 128
0.000000 -0.000000 -0.000000 0 128
0.000000 -0.000000 -0.000000 0 192
0.000000 -0.000000 -0.000000 0 128
0.000000 -0.000000 -0.000000 0 128
0.000000 -0.000000 -0.000000 0 128
0.000000 -0.000000 -0.000000 0 192
0.000000 -0.000000 -0.000000 0 128
0.000000 -0.000000 -0.000000 0 128
0.000000 -0.000000 -0.000000 0 128
0.000000 -0.000000 -0.000000 0 192
0.000000 -0.000000 -0.000000 0 128
0.000000 -0.000000 -0.000000 0 128
0.000000 -0.000000 -0.000000 0 128
0.000000 -0.000000 -0.000000 0 192
0.000000 -0.000000 -0.000000 0 128
0.000000 -0.000000 -0.000000 0 128
0.000000 -0.000000 -0.000000 0 128
0.000000 -0.000000 -0.000000 0 192
0.000000 -0.000000 -0.000000 0 128
0.000000 -0.000000 -0.000000 0 192
0.000000 -0.000000 -0.000000 0 128
0.000000 -0.000000 -0.000000 0 128
0.000000 -0.000000 -0.000000 0 128
0.000000 -0.000000 -0.000000 0 128
0.000000 -0.000000 -0.000000 0 128
0.000000 -0.000000 -0.000000 0 128
0.000000 -0.000000 -0.000000 0 128
0.000000 -0.000000 -0.000000 0 128
0.000000 -0.000000 -0.000000 0 128
0.000000 -0.000000 -0.000000 0 128
0.000000 -0.000000 -0.000000 0 128
0.000000 -0.000000 -0.000000 0 128
0.000000 -0.000000 -0.000000 0 128
0.000000 -0.000000 -0.000000 0 128
0.000000 -0.000000 -0.000000 0 128
0.000000 -0.000000 -0.000000 0 128
0.000000 -0.000000 -0.000000 0 128
0.000000 -0.000000 -0.000000 0 128
0.000000 -0.000000 -0.000000 0 128
0.000000 -0.000000 -0.000000 0 128
0.000000 -0.000000 -0.000000 0 128
0.000000 -0.000000 -0.000000 0 128
0.000000 -0.000000 -0.000000 0 128
0.000000 -0.000000 -0.000000 0 128
0.000000 -0.000000 -0.000000 0 128
0.000000 -0.000000 -0.000000 0 128
0.000000 -0.000000 -0.000000 0 0
0.000000 -0.000000 -0.000000 0 0
0.000000 -0.000000 -0.000000 0 128
0.000000 -0.000000 -0.000000 0 128
0.000000 -0.000000 -0.000000 0 0
0.000000 -0.000000 -0.000000 0 0
0.000000 -0.000000 -0.000000 0 128
0.000000 -0.000000 -0.000000 0 128
0.000000 -0.000000 -0.000000 0 128
0.000000 -0.000000 -0.000000 0 0
0.000000 -0.000000 -0.000000 0 128
0.000000 -0.000000 -0.000000 0 128
0.000000 -0.000000 -0.000000 0 128
0.000000 -0.000000 -0.000000 0 128
0.000000 -0.000000 -0.000000 0 128
0.000000 -0.000000 -0.000000 0 128
0.000000 -0.000000 -0.000000 0 128
0.000000 -0.000000 -0.000000 0 128
0.000000 -0.000000 -0.000000 0 128
0.000000 -0.000000 -0.000000 0 128
0.000000 -0.000000 -0.000000 0 128
0.000000 -0.000000 -0.000000 0 128
0.000000 -0.000000 -0.000000 0 128
0.000000 -0.000000 -0.000000 0 128
0.000000 -0.000000 -0.000000 0 0
0.000000 -0.000000 -0.000000 0 128
0.000000 -0.000000 -0.000000 0 128
0.000000 -0.000000 -0.000000 0 128
0.000000 -0.000000 -0.000000 0 128
0.000000 -0.000000 -0.000000 0 128
0.000000 -0.000000 -0.000000 0 128
0.000000 -0.000000 -0.000000 0 128
0.000000 -0.000000 -0.000000 0 128
0.000000 -0.000000 -0.000000 0 128
0.000000 -0.000000 -0.000000 0 128
0.000000 -0.000000 -0.000000 0 128
0.000000 -0.000000 -0.000000 0 128
0.000000 -0.000000 -0.000000 0 192
0.000000 -0.000000 -0.000000 0 128
0.000000 -0.000000 -0.000000 0 128
0.000000 -0.000000 -0.000000 0 128
0.000000 -0.000000 -0.000000 0 128
0.000000 -0.000000 -0.000000 0 128
0.000000 -0.000000 -0.000000 0 128
0.000000 -0.000000 -0.000000 0 128
0.000000 -0.000000 -0.000000 0 128
0.000000 -0.000000 -0.000000 0 128
0.000000 -0.000000 -0.000000 0 128
0.000000 -0.000000 -0.000000 0 128
0.000000 -0.000000 -0.000000 0 128
0.000000 -0.000000 -0.000000 0 128
0.000000 -0.000000 -0.000000 0 192
0.000000 -0.000000 -0.000000 0 128
0.000000 -0.000000 -0.000000 0 128
0.000000 -0.000000 -0.000000 0 128
0.000000 -0.000000 -0.000000 0 192
0.000000 -0.000000 -0.000000 0 128
0.000000 -0.000000 -0.000000 0 128
0.000000 -0.000000 -0.000000 0 128
0.000000 -0.000000 -0.000000 0 192
0.000000 -0.000000 -0.000000 0 128
0.000000 -0.000000 -0.000000 0 128
0.000000 -0.000000 -0.000000 0 128
0.000000 -0.000000 -0.000000 0 192
0.000000 -0.000000 -0.000000 0 128
0.000000 -0.000000 -0.000000 0 128
0.000000 -0.000000 -0.000000 0 128
0.000000 -0.000000 -0.000000 0 192
0.000000 -0.000000 -0.000000 0 128
0.000000 -0.000000 -0.000000 0 192
0.000000 -0.000000 -0.000000 0 128
0.000000 -0.000000 -0.000000 0 128
0.000000 -0.000000 -0.000000 0 128
0.000000 -0.000000 -0.000000 0 128
0.000000 -0.000000 -0.000000 0 128
0.000000 -0.000000 -0.000000 0 128
0.000000 -0.000000 -0.000000 0 128
0.000000 -0.000000 -0.000000 0 128
0.000000 -0.000000 -0.000000 0 128
0.000000 -0.000000 -0.000000 0 128
0.000000 -0.000000 -0.000000 0 128
0.000000 -0.000000 -0.000000 0 128
0.000000 -0.000000 -0.000000 0 128
0.000000 -0.000000 -0.000000 0 128
0.000000 -0.000000 -0.000000 0 128
0.000000 -0.000000 -0.000000 0 128
0.000000 -0.000000 -0.000000 0 128
0.000000 -0.000000 -0.000000 0 128
0.000000 -0.000000 -0.000000 0 128
0.000000 -0.000000 -0.000000 0 128
0.000000 -0.000000 -0.000000 0 128
0.000000 -0.000000 -0.000000 0 128
0.000000 -0.000000 -0.000000 0 128
0.000000 -0.000000 -0.000000 0 128
0.000000 -0.000000 -0.000000 0 128
0.000000 -0.000000 -0.000000 0 128
0.000000 -0.000000 -0.000000 0 128
0.000000 -0.000000 -0.000000 0 128
0.000000 -0.000000 -0.000000 0 128
0.000000 -0.000000 -0.000000 0 128
0.000000 -0.000000 -0.000000 0 128
0.000000 -0.000000 -0.000000 0 128
4.625000 -9.515000 0.554000 1 0
4.285000 -9.552000 0.808000 4 0
0.000000 -0.000000 -0.000000 0 128
4.680000 -9.450000 0.304000 9 0
4.339000 -9.487000 0.541000 22 0
4.029000 -9.590000 0.792000 33 0
4.747000 -9.408000 0.064000 18 0
4.430000 -9.489000 0.304000 39 0
4.109000 -9.573000 0.535000 61 0
3.786000 -9.651000 0.777000 65 0
4.506000 -9.471000 0.070000 61 0
4.186000 -9.541000 0.303000 87 0
3.861000 -9.618000 0.527000 95 0
3.543000 -9.698000 0.763000 97 0
4.267000 -9.523000 0.077000 98 0
3.952000 -9.613000 0.303000 106 0
3.628000 -9.685000 0.520000 107 0
3.301000 -9.753000 0.749000 105 0
4.034000 -9.582000 0.084000 107 0
3.715000 -9.656000 0.303000 109 0
3.388000 -9.728000 0.513000 106 0
3.064000 -9.807000 0.735000 103 0
3.801000 -9.640000 0.090000 111 0
3.479000 -9.714000 0.303000 105 0
3.157000 -9.796000 0.507000 104 0
2.829000 -9.868000 0.723000 104 0
3.567000 -9.687000 0.098000 114 0
3.246000 -9.767000 0.303000 104 0
2.918000 -9.846000 0.500000 100 0
2.591000 -9.916000 0.709000 100 0
3.333000 -9.741000 0.105000 105 0
3.014000 -9.824000 0.304000 105 0
2.683000 -9.892000 0.493000 102 0
2.356000 -9.978000 0.697000 99 0
3.103000 -9.803000 0.112000 103 0
2.775000 -9.871000 0.303000 102 0
2.449000 -9.955000 0.487000 101 0
2.117000 -10.029000 0.684000 100 0
2.873000 -9.857000 0.119000 105 0
2.545000 -9.928000 0.304000 103 0
2.213000 -10.007000 0.481000 100 0
1.883000 -10.085000 0.672000 103 0
2.639000 -9.904000 0.126000 104 0
2.313000 -9.979000 0.305000 102 0
1.980000 -10.057000 0.475000 99 0
1.648000 -10.137000 0.660000 98 0
2.412000 -9.954000 0.134000 101 0
2.082000 -10.030000 0.306000 96 0
1.748000 -10.117000 0.470000 104 0
1.413000 -10.199000 0.648000 64 0
2.179000 -10.002000 0.142000 99 0
1.851000 -10.083000 0.308000 98 0
1.514000 -10.173000 0.465000 93 0
1.153000 -10.076000 0.625000 4 0
1.950000 -10.059000 0.150000 97 0
1.617000 -10.144000 0.309000 100 0
1.262000 -10.084000 0.453000 26 0
0.000000 -0.000000 -0.000000 0 0
1.718000 -10.117000 0.158000 96 0
1.384000 -10.196000 0.310000 57 0
0.000000 -0.000000 -0.000000 0 0
0.000000 -0.000000 -0.000000 0 128
1.487000 -10.167000 0.166000 90 0
1.131000 -10.101000 0.307000 2 0
0.000000 -0.000000 -0.000000 0 128
0.000000 -0.000000 -0.000000 0 128
1.228000 -10.029000 0.171000 24 0
0.000000 -0.000000 -0.000000 0 0
0.000000 -0.000000 -0.000000 0 128
0.000000 -0.000000 -0.000000 0 192
0.000000 -0.000000 -0.000000 0 0
0.000000 -0.000000 -0.000000 0 128
0.000000 -0.000000 -0.000000 0 128
0.000000 -0.000000 -0.000000 0 128
0.000000 -0.000000 -0.000000 0 128
0.000000 -0.000000 -0.000000 0 128
0.000000 -0.000000 -0.000000 0 128
0.000000 -0.000000 -0.000000 0 192
0.000000 -0.000000 -0.000000 0 128
0.000000 -0.000000 -0.000000 0 128
0.000000 -0.000000 -0.000000 0 128
0.000000 -0.000000 -0.000000 0 128
0.000000 -0.000000 -0.000000 0 128
0.000000 -0.000000 -0.000000 0 128
0.000000 -0.000000 -0.000000 0 128
0.000000 -0.000000 -0.000000 0 0
0.000000 -0.000000 -0.000000 0 128
0.000000 -0.000000 -0.000000 0 128
0.000000 -0.000000 -0.000000 0 0
-0.193000 -1.999000 0.099000 1 0
0.000000 -0.000000 -0.000000 0 128
0.000000 -0.000000 -0.000000 0 128
0.000000 -0.000000 -0.000000 0 128
0.000000 -0.000000 -0.000000 0 128
0.000000 -0.000000 -0.000000 0 128
0.000000 -0.000000 -0.000000 0 128
4.625000 -9.515000 0.554000 1 0
4.285000 -9.552000 0.808000 4 0
0.000000 -0.000000 -0.000000 0 128
4.680000 -9.450000 0.304000 9 0
4.339000 -9.487000 0.541000 22 0
4.029000 -9.590000 0.792000 33 0
4.747000 -9.408000 0.064000 18 0
4.430000 -9.489000 0.304000 39 0
4.109000 -9.573000 0.535000 61 0
3.786000 -9.651000 0.777000 65 0
4.506000 -9.471000 0.070000 61 0
4.186000 -9.541000 0.303000 87 0
3.861000 -9.618000 0.527000 95 0
3.543000 -9.698000 0.763000 97 0
4.267000 -9.523000 0.077000 98 0
3.952000 -9.613000 0.303000 106 0
3.628000 -9.685000 0.520000 107 0
3.301000 -9.753000 0.749000 105 0
4.034000 -9.582000 0.084000 107 0
3.715000 -9.656000 0.303000 109 0
3.388000 -9.728000 0.513000 106 0
3.064000 -9.807000 0.735000 103 0
3.801000 -9.640000 0.090000 111 0
3.479000 -9.714000 0.303000 105 0
3.157000 -9.796000 0.507000 104 0
2.829000 -9.868000 0.723000 104 0
3.567000 -9.687000 0.098000 114 0
3.246000 -9.767000 0.303000 104 0
2.918000 -9.846000 0.500000 100 0
2.591000 -9.916000 0.709000 100 0
3.333000 -9.741000 0.105000 105 0
3.014000 -9.824000 0.304000 105 0
2.683000 -9.892000 0.493000 102 0
2.356000 -9.978000 0.697000 99 0
3.103000 -9.803000 0.112000 103 0
2.775000 -9.871000 0.303000 102 0
2.449000 -9.955000 0.487000 101 0
2.117000 -10.029000 0.684000 100 0
2.873000 -9.857000 0.119000 105 0
2.545000 -9.928000 0.304000 103 0
2.213000 -10.007000 0.481000 100 0
1.883000 -10.085000 0.672000 103 0
2.639000 -9.904000 0.126000 104 0
2.313000 -9.979000 0.305000 102 0
1.980000 -10.057000 0.475000 99 0
1.648000 -10.137000 0.660000 98 0
2.412000 -9.954000 0.134000 101 0
2.082000 -10.030000 0.306000 96 0
1.748000 -10.117000 0.470000 104 0
1.413000 -10.199000 0.648000 64 0
2.179000 -10.002000 0.142000 99 0
1.851000 -10.083000 0.308000 98 0
1.514000 -10.173000 0.465000 93 0
1.153000 -10.076000 0.625000 4 0
1.950000 -10.059000 0.150000 97 0
1.617000 -10.144000 0.309000 100 0
1.262000 -10.084000 0.453000 26 0
0.000000 -0.000000 -0.000000 0 0
1.718000 -10.117000 0.158000 96 0
1.384000 -10.196000 0.310000 57 0
0.000000 -0.000000 -0.000000 0 0
0.000000 -0.000000 -0.000000 0 128
1.487000 -10.167000 0.166000 90 0
1.131000 -10.101000 0.307000 2 0
0.000000 -0.000000 -0.000000 0 128
0.000000 -0.000000 -0.000000 0 128
1.228000 -10.029000 0.171000 24 0
0.000000 -0.000000 -0.000000 0 0
0.000000 -0.000000 -0.000000 0 128
0.000000 -0.000000 -0.000000 0 192
0.000000 -0.000000 -0.000000 0 0
0.000000 -0.000000 -0.000000 0 128
0.000000 -0.000000 -0.000000 0 128
0.000000 -0.000000 -0.000000 0 128
0.000000 -0.000000 -0.000000 0 128
0.000000 -0.000000 -0.000000 0 128
0.000000 -0.000000 -0.000000 0 128
0.000000 -0.000000 -0.000000 0 192
0.000000 -0.000000 -0.000000 0 128
0.000000 -0.000000 -0.000000 0 128
0.000000 -0.000000 -0.000000 0 128
0.000000 -0.000000 -0.000000 0 128
0.000000 -0.000000 -0.000000 0 128
0.000000 -0.000000 -0.000000 0 128
0.000000 -0.000000 -0.000000 0 128
0.000000 -0.000000 -0.000000 0 0
0.000000 -0.000000 -0.000000 0 128
0.000000 -0.000000 -0.000000 0 128
0.000000 -0.000000 -0.000000 0 0
-0.193000 -1.999000 0.099000 1 0
0.000000 -0.000000 -0.000000 0 128
0.000000 -0.000000 -0.000000 0 128
-0.178000 -2.075000 0.080000 1 4
-0.225000 -1.872000 0.090000 1 0
0.000000 -0.000000 -0.000000 0 128
0.000000 -0.000000 -0.000000 0 0
-0.211000 -1.934000 0.074000 1 0
-0.253000 -1.757000 0.082000 2 0
0.000000 -0.000000 -0.000000 0 0
-0.196000 -1.997000 0.062000 1 0
-0.240000 -1.814000 0.068000 1 0
-0.278000 -1.661000 0.075000 2 0
-0.178000 -2.044000 0.049000 0 0
-0.228000 -1.873000 0.058000 1 0
-0.268000 -1.714000 0.063000 2 0
-0.301000 -1.572000 0.069000 2 0
-0.213000 -1.917000 0.048000 1 0
-0.254000 -1.746000 0.054000 1 0
-0.292000 -1.618000 0.059000 2 0
-0.463000 -2.143000 0.092000 10 0
-0.243000 -1.806000 0.047000 1 0
-0.280000 -1.654000 0.052000 2 0
-0.312000 -1.526000 0.055000 2 0
-0.498000 -2.071000 0.086000 61 0
-0.270000 -1.704000 0.046000 2 0
-0.303000 -1.566000 0.049000 2 0
-0.485000 -2.117000 0.075000 53 0
-0.522000 -1.970000 0.079000 66 0
-0.293000 -1.605000 0.045000 2 0
-0.467000 -2.141000 0.068000 46 0
-0.508000 -2.003000 0.070000 60 0
-0.542000 -1.868000 0.073000 63 0
-0.308000 -1.489000 0.043000 2 0
-0.499000 -2.059000 0.066000 56 0
-0.533000 -1.913000 0.065000 58 0
-0.564000 -1.791000 0.067000 60 0
-0.485000 -2.092000 0.062000 58 0
-0.523000 -1.953000 0.063000 63 0
-0.552000 -1.819000 0.061000 69 0
-0.584000 -1.713000 0.062000 66 0
-0.510000 -1.990000 0.061000 56 0
-0.543000 -1.855000 0.060000 62 0
-0.572000 -1.739000 0.058000 68 0
-0.597000 -1.628000 0.057000 85 0
-0.533000 -1.890000 0.060000 60 0
-0.566000 -1.779000 0.058000 67 0
-0.590000 -1.663000 0.054000 73 0
-0.616000 -1.566000 0.053000 76 0
-0.556000 -1.808000 0.059000 67 0
-0.584000 -1.695000 0.056000 65 0
-0.605000 -1.586000 0.051000 75 0
-0.632000 -1.506000 0.049000 16 64
-0.575000 -1.725000 0.058000 68 0
-0.601000 -1.621000 0.054000 69 0
-0.625000 -1.532000 0.048000 14 0
-0.649000 -1.450000 0.045000 15 64
-0.594000 -1.651000 0.058000 69 0
-0.619000 -1.559000 0.053000 73 0
-0.636000 -1.460000 0.045000 16 0
-0.658000 -1.384000 0.041000 15 64
-0.610000 -1.578000 0.057000 73 0
-0.635000 -1.495000 0.051000 71 0
-0.653000 -1.410000 0.043000 15 0
-0.673000 -1.336000 0.038000 15 0
-0.624000 -1.506000 0.056000 61 0
-0.646000 -1.428000 0.049000 15 0
-0.667000 -1.355000 0.041000 14 0
-0.684000 -1.285000 0.035000 14 0
-0.644000 -1.457000 0.056000 14 0
-0.660000 -1.372000 0.048000 12 0
-0.677000 -1.299000 0.039000 14 0
-0.697000 -1.238000 0.032000 13 0
-0.656000 -1.394000 0.056000 15 0
-0.675000 -1.321000 0.047000 12 0
-0.692000 -1.256000 0.037000 13 0
-0.712000 -1.200000 0.029000 17 0
-0.669000 -1.338000 0.055000 14 0
-0.688000 -1.274000 0.045000 13 0
-0.702000 -1.208000 0.035000 13 0
-0.720000 -1.153000 0.026000 17 0
-0.680000 -1.282000 0.054000 14 0
-0.701000 -1.227000 0.044000 16 0
-0.715000 -1.167000 0.033000 16 0
-0.726000 -1.105000 0.023000 17 0
-0.693000 -1.236000 0.054000 13 0
-0.713000 -1.183000 0.043000 16 0
-0.725000 -1.124000 0.031000 16 0
-0.732000 -1.061000 0.021000 16 0
-0.708000 -1.195000 0.054000 13 0
-0.722000 -1.137000 0.042000 16 0
-0.732000 -1.079000 0.029000 15 0
-0.739000 -1.021000 0.019000 16 0
-0.716000 -1.145000 0.054000 16 0
-0.727000 -1.087000 0.041000 15 0
-0.735000 -1.032000 0.028000 15 0
-0.745000 -0.981000 0.016000 16 0
0.000000 -0.000000 -0.000000 0 128
0.000000 -0.000000 -0.000000 0 128
-0.178000 -2.075000 0.080000 1 4
-0.225000 -1.872000 0.090000 1 0
0.000000 -0.000000 -0.000000 0 128
0.000000 -0.000000 -0.000000 0 0
-0.211000 -1.934000 0.074000 1 0
-0.253000 -1.757000 0.082000 2 0
0.000000 -0.000000 -0.000000 0 0
-0.196000 -1.997000 0.062000 1 0
-0.240000 -1.814000 0.068000 1 0
-0.278000 -1.661000 0.075000 2 0
-0.178000 -2.044000 0.049000 0 0
-0.228000 -1.873000 0.058000 1 0
-0.268000 -1.714000 0.063000 2 0
-0.301000 -1.572000 0.069000 2 0
-0.213000 -1.917000 0.048000 1 0
-0.254000 -1.746000 0.054000 1 0
-0.292000 -1.618000 0.059000 2 0
-0.463000 -2.143000 0.092000 10 0
-0.243000 -1.806000 0.047000 1 0
-0.280000 -1.654000 0.052000 2 0
-0.312000 -1.526000 0.055000 2 0
-0.498000 -2.071000 0.086000 61 0
-0.270000 -1.704000 0.046000 2 0
-0.303000 -1.566000 0.049000 2 0
-0.485000 -2.117000 0.075000 53 0
-0.522000 -1.970000 0.079000 66 0
-0.293000 -1.605000 0.045000 2 0
-0.467000 -2.141000 0.068000 46 0
-0.508000 -2.003000 0.070000 60 0
-0.542000 -1.868000 0.073000 63 0
-0.308000 -1.489000 0.043000 2 0
-0.499000 -2.059000 0.066000 56 0
-0.533000 -1.913000 0.065000 58 0
-0.564000 -1.791000 0.067000 60 0
-0.485000 -2.092000 0.062000 58 0
-0.523000 -1.953000 0.063000 63 0
-0.552000 -1.819000 0.061000 69 0
-0.584000 -1.713000 0.062000 66 0
-0.510000 -1.990000 0.061000 56 0
-0.543000 -1.855000 0.060000 62 0
-0.572000 -1.739000 0.058000 68 0
-0.597000 -1.628000 0.057000 85 0
-0.533000 -1.890000 0.060000 60 0
-0.566000 -1.779000 0.058000 67 0
-0.590000 -1.663000 0.054000 73 0
-0.616000 -1.566000 0.053000 76 0
-0.556000 -1.808000 0.059000 67 0
-0.584000 -1.695000 0.056000 65 0
-0.605000 -1.586000 0.051000 75 0
-0.632000 -1.506000 0.049000 16 64
-0.575000 -1.725000 0.058000 68 0
-0.601000 -1.621000 0.054000 69 0
-0.625000 -1.532000 0.048000 14 0
-0.649000 -1.450000 0.045000 15 64
-0.594000 -1.651000 0.058000 69 0
-0.619000 -1.559000 0.053000 73 0
-0.636000 -1.460000 0.045000 16 0
-0.658000 -1.384000 0.041000 15 64
-0.610000 -1.578000 0.057000 73 0
-0.635000 -1.495000 0.051000 71 0
-0.653000 -1.410000 0.043000 15 0
-0.673000 -1.336000 0.038000 15 0
-0.624000 -1.506000 0.056000 61 0
-0.646000 -1.428000 0.049000 15 0
-0.667000 -1.355000 0.041000 14 0
-0.684000 -1.285000 0.035000 14 0
-0.644000 -1.457000 0.056000 14 0
-0.660000 -1.372000 0.048000 12 0
-0.677000 -1.299000 0.039000 14 0
-0.697000 -1.238000 0.032000 13 0
-0.656000 -1.394000 0.056000 15 0
-0.675000 -1.321000 0.047000 12 0
-0.692000 -1.256000 0.037000 13 0
-0.712000 -1.200000 0.029000 17 0
-0.669000 -1.338000 0.055000 14 0
-0.688000 -1.274000 0.045000 13 0
-0.702000 -1.208000 0.035000 13 0
-0.720000 -1.153000 0.026000 17 0
-0.680000 -1.282000 0.054000 14 0
-0.701000 -1.227000 0.044000 16 0
-0.715000 -1.167000 0.033000 16 0
-0.726000 -1.105000 0.023000 17 0
-0.693000 -1.236000 0.054000 13 0
-0.713000 -1.183000 0.043000 16 0
-0.725000 -1.124000 0.031000 16 0
-0.732000 -1.061000 0.021000 16 0
-0.708000 -1.195000 0.054000 13 0
-0.722000 -1.137000 0.042000 16 0
-0.732000 -1.079000 0.029000 15 0
-0.739000 -1.021000 0.019000 16 0
-0.716000 -1.145000 0.054000 16 0
-0.727000 -1.087000 0.041000 15 0
-0.735000 -1.032000 0.028000 15 0
-0.745000 -0.981000 0.016000 16 0
-0.727000 -1.104000 0.054000 17 0
-0.734000 -1.044000 0.040000 15 0
-0.740000 -0.990000 0.026000 15 0
-0.754000 -0.947000 0.014000 16 0
-0.732000 -1.056000 0.053000 17 0
-0.744000 -1.007000 0.039000 15 0
-0.753000 -0.960000 0.025000 15 0
-0.763000 -0.916000 0.012000 17 0
-0.739000 -1.013000 0.053000 16 0
-0.754000 -0.972000 0.038000 15 0
-0.760000 -0.924000 0.023000 15 0
-0.772000 -0.885000 0.010000 17 0
-0.749000 -0.977000 0.052000 17 0
-0.764000 -0.938000 0.038000 15 0
-0.766000 -0.888000 0.022000 14 0
-0.781000 -0.855000 0.009000 18 0
-0.759000 -0.943000 0.052000 17 0
-0.766000 -0.897000 0.037000 14 0
-0.778000 -0.861000 0.021000 14 0
-0.789000 -0.825000 0.007000 23 0
-0.765000 -0.905000 0.052000 24 0
-0.780000 -0.872000 0.036000 15 0
-0.787000 -0.832000 0.020000 15 0
-0.797000 -0.797000 0.005000 23 0
-0.777000 -0.876000 0.052000 24 0
-0.789000 -0.841000 0.036000 15 0
-0.795000 -0.803000 0.019000 15 0
-0.808000 -0.772000 0.003000 23 0
-0.786000 -0.844000 0.052000 18 0
-0.798000 -0.812000 0.035000 15 0
-0.804000 -0.775000 0.018000 15 0
-0.813000 -0.742000 0.002000 23 0
-0.795000 -0.814000 0.052000 18 0
-0.803000 -0.779000 0.035000 15 0
-0.811000 -0.746000 0.017000 15 0
-0.825000 -0.719000 -0.000000 23 0
-0.803000 -0.784000 0.052000 19 64
-0.812000 -0.752000 0.034000 15 0
-0.816000 -0.717000 0.015000 15 0
-0.830000 -0.692000 -0.000000 23 0
-0.813000 -0.756000 0.052000 25 0
-0.821000 -0.724000 0.034000 15 0
-0.826000 -0.693000 0.015000 18 0
-0.835000 -0.664000 -0.002000 18 64
-0.818000 -0.725000 0.052000 24 0
-0.829000 -0.698000 0.033000 14 0
-0.836000 -0.668000 0.014000 18 0
-0.841000 -0.639000 -0.003000 18 0
-0.827000 -0.699000 0.052000 24 0
-0.833000 -0.668000 0.033000 17 0
-0.841000 -0.642000 0.013000 18 0
-0.849000 -0.615000 -0.005000 18 0
-0.834000 -0.671000 0.052000 24 0
-0.836000 -0.639000 0.032000 17 0
-0.844000 -0.614000 0.012000 17 0
-0.855000 -0.590000 -0.006000 18 0
-0.839000 -0.643000 0.052000 19 0
-0.846000 -0.616000 0.032000 17 0
-0.841000 -0.583000 0.011000 16 0
-0.862000 -0.567000 -0.007000 18 0
-0.848000 -0.617000 0.052000 23 0
-0.858000 -0.594000 0.032000 17 0
-0.847000 -0.558000 0.010000 16 0
-0.862000 -0.540000 -0.009000 18 0
-0.854000 -0.591000 0.052000 23 0
-0.857000 -0.564000 0.031000 17 0
-0.857000 -0.537000 0.009000 16 0
-0.864000 -0.514000 -0.010000 18 0
-0.859000 -0.564000 0.052000 19 0
-0.868000 -0.543000 0.031000 17 0
-0.863000 -0.513000 0.008000 16 0
-0.870000 -0.492000 -0.011000 18 0
-0.854000 -0.532000 0.052000 17 0
-0.866000 -0.513000 0.030000 16 0
-0.866000 -0.489000 0.008000 16 0
-0.875000 -0.469000 -0.012000 18 0
-0.866000 -0.511000 0.052000 17 0
-0.874000 -0.490000 0.030000 16 0
-0.877000 -0.469000 0.007000 16 0
-0.648000 -0.328000 -0.010000 9 34
-0.867000 -0.484000 0.052000 17 0
-0.880000 -0.467000 0.029000 16 0
-0.863000 -0.436000 0.006000 13 0
-0.642000 -0.308000 -0.010000 11 32
-0.879000 -0.463000 0.052000 17 0
-0.888000 -0.445000 0.029000 13 64
-0.866000 -0.413000 0.005000 14 0
0.000000 -0.000000 -0.000000 0 0
-0.868000 -0.431000 0.051000 18 0
-0.798000 -0.376000 0.026000 13 2
-0.637000 -0.286000 0.003000 9 34
-0.646000 -0.275000 -0.012000 12 16
-0.654000 -0.305000 0.038000 12 32
-0.648000 -0.287000 0.020000 9 0
0.000000 -0.000000 -0.000000 0 0
0.000000 -0.000000 -0.000000 0 0
-0.727000 -1.104000 0.054000 17 0
-0.734000 -1.044000 0.040000 15 0
-0.740000 -0.990000 0.026000 15 0
-0.754000 -0.947000 0.014000 16 0
-0.732000 -1.056000 0.053000 17 0
-0.744000 -1.007000 0.039000 15 0
-0.753000 -0.960000 0.025000 15 0
-0.763000 -0.916000 0.012000 17 0
-0.739000 -1.013000 0.053000 16 0
-0.754000 -0.972000 0.038000 15 0
-0.760000 -0.924000 0.023000 15 0
-0.772000 -0.885000 0.010000 17 0
-0.749000 -0.977000 0.052000 17 0
-0.764000 -0.938000 0.038000 15 0
-0.766000 -0.888000 0.022000 14 0
-0.781000 -0.855000 0.009000 18 0
-0.759000 -0.943000 0.052000 17 0
-0.766000 -0.897000 0.037000 14 0
-0.778000 -0.861000 0.021000 14 0
-0.789000 -0.825000 0.007000 23 0
-0.765000 -0.905000 0.052000 24 0
-0.780000 -0.872000 0.036000 15 0
-0.787000 -0.832000 0.020000 15 0
-0.797000 -0.797000 0.005000 23 0
-0.777000 -0.876000 0.052000 24 0
-0.789000 -0.841000 0.036000 15 0
-0.795000 -0.803000 0.019000 15 0
-0.808000 -0.772000 0.003000 23 0
-0.786000 -0.844000 0.052000 18 0
-0.798000 -0.812000 0.035000 15 0
-0.804000 -0.775000 0.018000 15 0
-0.813000 -0.742000 0.002000 23 0
-0.795000 -0.814000 0.052000 18 0
-0.803000 -0.779000 0.035000 15 0
-0.811000 -0.746000 0.017000 15 0
-0.825000 -0.719000 -0.000000 23 0
-0.803000 -0.784000 0.052000 19 64
-0.812000 -0.752000 0.034000 15 0
-0.816000 -0.717000 0.015000 15 0
-0.830000 -0.692000 -0.000000 23 0
-0.813000 -0.756000 0.052000 25 0
-0.821000 -0.724000 0.034000 15 0
-0.826000 -0.693000 0.015000 18 0
-0.835000 -0.664000 -0.002000 18 64
-0.818000 -0.725000 0.052000 24 0
-0.829000 -0.698000 0.033000 14 0
-0.836000 -0.668000 0.014000 18 0
-0.841000 -0.639000 -0.003000 18 0
-0.827000 -0.699000 0.052000 24 0
-0.833000 -0.668000 0.033000 17 0
-0.841000 -0.642000 0.013000 18 0
-0.849000 -0.615000 -0.005000 18 0
-0.834000 -0.671000 0.052000 24 0
-0.836000 -0.639000 0.032000 17 0
-0.844000 -0.614000 0.012000 17 0
-0.855000 -0.590000 -0.006000 18 0
-0.839000 -0.643000 0.052000 19 0
-0.846000 -0.616000 0.032000 17 0
-0.841000 -0.583000 0.011000 16 0
-0.862000 -0.567000 -0.007000 18 0
-0.848000 -0.617000 0.052000 23 0
-0.858000 -0.594000 0.032000 17 0
-0.847000 -0.558000 0.010000 16 0
-0.862000 -0.540000 -0.009000 18 0
-0.854000 -0.591000 0.052000 23 0
-0.857000 -0.564000 0.031000 17 0
-0.857000 -0.537000 0.009000 16 0
-0.864000 -0.514000 -0.010000 18 0
-0.859000 -0.564000 0.052000 19 0
-0.868000 -0.543000 0.031000 17 0
-0.863000 -0.513000 0.008000 16 0
-0.870000 -0.492000 -0.011000 18 0
-0.854000 -0.532000 0.052000 17 0
-0.866000 -0.513000 0.030000 16 0
-0.866000 -0.489000 0.008000 16 0
-0.875000 -0.469000 -0.012000 18 0
-0.866000 -0.511000 0.052000 17 0
-0.874000 -0.490000 0.030000 16 0
-0.877000 -0.469000 0.007000 16 0
-0.648000 -0.328000 -0.010000 9 34
-0.867000 -0.484000 0.052000 17 0
-0.880000 -0.467000 0.029000 16 0
-0.863000 -0.436000 0.006000 13 0
-0.642000 -0.308000 -0.010000 11 32
-0.879000 -0.463000 0.052000 17 0
-0.888000 -0.445000 0.029000 13 64
-0.866000 -0.413000 0.005000 14 0
0.000000 -0.000000 -0.000000 0 0
-0.868000 -0.431000 0.051000 18 0
-0.798000 -0.376000 0.026000 13 2
-0.637000 -0.286000 0.003000 9 34
-0.646000 -0.275000 -0.012000 12 16
-0.654000 -0.305000 0.038000 12 32
-0.648000 -0.287000 0.020000 9 0
0.000000 -0.000000 -0.000000 0 0
0.000000 -0.000000 -0.000000 0 0
-0.648000 -0.284000 0.038000 17 32
-0.578000 -0.240000 0.018000 3 32
0.000000 -0.000000 -0.000000 0 0
0.000000 -0.000000 -0.000000 0 128
0.000000 -0.000000 -0.000000 0 0
0.000000 -0.000000 -0.000000 0 0
0.000000 -0.000000 -0.000000 0 0
0.000000 -0.000000 -0.000000 0 192
0.000000 -0.000000 -0.000000 0 128
0.000000 -0.000000 -0.000000 0 128
0.000000 -0.000000 -0.000000 0 128
0.000000 -0.000000 -0.000000 0 128
0.000000 -0.000000 -0.000000 0 128
0.000000 -0.000000 -0.000000 0 128
0.000000 -0.000000 -0.000000 0 128
0.000000 -0.000000 -0.000000 0 192
0.000000 -0.000000 -0.000000 0 128
0.000000 -0.000000 -0.000000 0 192
0.000000 -0.000000 -0.000000 0 128
-0.908000 -0.249000 -0.023000 16 0
0.000000 -0.000000 -0.000000 0 192
-0.913000 -0.259000 0.026000 14 0
-0.927000 -0.248000 -0.000000 12 64
-0.924000 -0.232000 -0.024000 18 0
-0.919000 -0.252000 0.053000 17 0
-0.922000 -0.238000 0.026000 15 0
-0.930000 -0.226000 -0.000000 13 64
-0.929000 -0.211000 -0.025000 18 0
-0.923000 -0.229000 0.053000 17 0
-0.929000 -0.217000 0.026000 14 0
-0.935000 -0.205000 -0.000000 13 64
-0.933000 -0.190000 -0.026000 18 0
-0.930000 -0.207000 0.054000 17 0
-0.940000 -0.196000 0.026000 15 0
-0.942000 -0.184000 -0.001000 13 64
-0.930000 -0.168000 -0.027000 16 0
-0.933000 -0.184000 0.054000 17 0
-0.939000 -0.173000 0.026000 11 64
-0.946000 -0.162000 -0.001000 12 64
-0.940000 -0.148000 -0.028000 16 0
-0.931000 -0.161000 0.053000 14 0
-0.938000 -0.150000 0.025000 10 64
-0.949000 -0.140000 -0.002000 12 64
-0.943000 -0.128000 -0.029000 16 0
-0.935000 -0.138000 0.054000 14 0
-0.951000 -0.129000 0.025000 10 64
-0.952000 -0.119000 -0.002000 13 64
-0.949000 -0.107000 -0.030000 16 0
-0.940000 -0.116000 0.054000 14 0
-0.953000 -0.107000 0.025000 10 64
-0.962000 -0.097000 -0.003000 13 64
-0.964000 -0.087000 -0.031000 16 0
-0.952000 -0.094000 0.054000 14 64
-0.962000 -0.085000 0.025000 11 64
-0.968000 -0.076000 -0.003000 13 64
-0.966000 -0.065000 -0.032000 16 0
-0.953000 -0.071000 0.054000 14 64
-0.964000 -0.062000 0.025000 10 64
-0.970000 -0.054000 -0.004000 13 64
-0.969000 -0.044000 -0.033000 16 0
-0.961000 -0.048000 0.055000 13 64
-0.968000 -0.039000 0.025000 10 64
-0.971000 -0.031000 -0.005000 13 64
-0.972000 -0.022000 -0.034000 18 0
-0.967000 -0.025000 0.055000 14 64
-0.975000 -0.017000 0.025000 11 64
-0.983000 -0.009000 -0.005000 13 64
-0.981000 -0.001000 -0.035000 18 0
-0.972000 -0.001000 0.055000 13 64
-0.975000 0.005000 0.024000 11 64
-0.993000 0.012000 -0.006000 13 64
-0.991000 0.020000 -0.036000 18 0
-0.979000 0.021000 0.056000 14 64
-0.978000 0.028000 0.024000 10 64
-0.995000 0.035000 -0.006000 13 64
-0.993000 0.042000 -0.037000 18 0
-0.982000 0.045000 0.056000 15 64
-0.987000 0.052000 0.024000 11 64
-0.999000 0.058000 -0.007000 13 64
-0.999000 0.065000 -0.038000 18 0
-0.988000 0.069000 0.056000 14 64
-1.011000 0.077000 0.024000 13 64
-1.003000 0.081000 -0.007000 13 64
-0.993000 0.087000 -0.039000 18 0
-1.013000 0.096000 0.058000 19 64
-1.012000 0.101000 0.024000 14 64
-1.004000 0.105000 -0.008000 13 64
-0.997000 0.109000 -0.039000 18 0
-1.016000 0.121000 0.058000 19 64
-1.020000 0.126000 0.024000 14 64
-1.025000 0.130000 -0.009000 15 64
-1.016000 0.134000 -0.041000 19 0
-1.026000 0.148000 0.059000 20 64
-1.030000 0.152000 0.024000 14 64
-1.024000 0.154000 -0.009000 14 64
-1.028000 0.159000 -0.042000 19 0
-0.648000 -0.284000 0.038000 17 32
-0.578000 -0.240000 0.018000 3 32
0.000000 -0.000000 -0.000000 0 0
0.000000 -0.000000 -0.000000 0 128
0.000000 -0.000000 -0.000000 0 0
0.000000 -0.000000 -0.000000 0 0
0.000000 -0.000000 -0.000000 0 0
0.000000 -0.000000 -0.000000 0 192
0.000000 -0.000000 -0.000000 0 128
0.000000 -0.000000 -0.000000 0 128
0.000000 -0.000000 -0.000000 0 128
0.000000 -0.000000 -0.000000 0 128
0.000000 -0.000000 -0.000000 0 128
0.000000 -0.000000 -0.000000 0 128
0.000000 -0.000000 -0.000000 0 128
0.000000 -0.000000 -0.000000 0 192
0.000000 -0.000000 -0.000000 0 128
0.000000 -0.000000 -0.000000 0 192
0.000000 -0.000000 -0.000000 0 128
-0.908000 -0.249000 -0.023000 16 0
0.000000 -0.000000 -0.000000 0 192
-0.913000 -0.259000 0.026000 14 0
-0.927000 -0.248000 -0.000000 12 64
-0.924000 -0.232000 -0.024000 18 0
-0.919000 -0.252000 0.053000 17 0
-0.922000 -0.238000 0.026000 15 0
-0.930000 -0.226000 -0.000000 13 64
-0.929000 -0.211000 -0.025000 18 0
-0.923000 -0.229000 0.053000 17 0
-0.929000 -0.217000 0.026000 14 0
-0.935000 -0.205000 -0.000000 13 64
-0.933000 -0.190000 -0.026000 18 0
-0.930000 -0.207000 0.054000 17 0
-0.940000 -0.196000 0.026000 15 0
-0.942000 -0.184000 -0.001000 13 64
-0.930000 -0.168000 -0.027000 16 0
-0.933000 -0.184000 0.054000 17 0
-0.939000 -0.173000 0.026000 11 64
-0.946000 -0.162000 -0.001000 12 64
-0.940000 -0.148000 -0.028000 16 0
-0.931000 -0.161000 0.053000 14 0
-0.938000 -0.150000 0.025000 10 64
-0.949000 -0.140000 -0.002000 12 64
-0.943000 -0.128000 -0.029000 16 0
-0.935000 -0.138000 0.054000 14 0
-0.951000 -0.129000 0.025000 10 64
-0.952000 -0.119000 -0.002000 13 64
-0.949000 -0.107000 -0.030000 16 0
-0.940000 -0.116000 0.054000 14 0
-0.953000 -0.107000 0.025000 10 64
-0.962000 -0.097000 -0.003000 13 64
-0.964000 -0.087000 -0.031000 16 0
-0.952000 -0.094000 0.054000 14 64
-0.962000 -0.085000 0.025000 11 64
-0.968000 -0.076000 -0.003000 13 64
-0.966000 -0.065000 -0.032000 16 0
-0.953000 -0.071000 0.054000 14 64
-0.964000 -0.062000 0.025000 10 64
-0.970000 -0.054000 -0.004000 13 64
-0.969000 -0.044000 -0.033000 16 0
-0.961000 -0.048000 0.055000 13 64
-0.968000 -0.039000 0.025000 10 64
-0.971000 -0.031000 -0.005000 13 64
-0.972000 -0.022000 -0.034000 18 0
-0.967000 -0.025000 0.055000 14 64
-0.975000 -0.017000 0.025000 11 64
-0.983000 -0.009000 -0.005000 13 64
-0.981000 -0.001000 -0.035000 18 0
-0.972000 -0.001000 0.055000 13 64
-0.975000 0.005000 0.024000 11 64
-0.993000 0.012000 -0.006000 13 64
-0.991000 0.020000 -0.036000 18 0
-0.979000 0.021000 0.056000 14 64
-0.978000 0.028000 0.024000 10 64
-0.995000 0.035000 -0.006000 13 64
-0.993000 0.042000 -0.037000 18 0
-0.982000 0.045000 0.056000 15 64
-0.987000 0.052000 0.024000 11 64
-0.999000 0.058000 -0.007000 13 64
-0.999000 0.065000 -0.038000 18 0
-0.988000 0.069000 0.056000 14 64
-1.011000 0.077000 0.024000 13 64
-1.003000 0.081000 -0.007000 13 64
-0.993000 0.087000 -0.039000 18 0
-1.013000 0.096000 0.058000 19 64
-1.012000 0.101000 0.024000 14 64
-1.004000 0.105000 -0.008000 13 64
-0.997000 0.109000 -0.039000 18 0
-1.016000 0.121000 0.058000 19 64
-1.020000 0.126000 0.024000 14 64
-1.025000 0.130000 -0.009000 15 64
-1.016000 0.134000 -0.041000 19 0
-1.026000 0.148000 0.059000 20 64
-1.030000 0.152000 0.024000 14 64
-1.024000 0.154000 -0.009000 14 64
-1.028000 0.159000 -0.042000 19 0
-1.029000 0.174000 0.059000 20 64
-1.036000 0.178000 0.024000 15 64
-1.033000 0.180000 -0.010000 14 64
-1.012000 0.180000 -0.042000 10 0
-0.980000 0.190000 0.056000 3 64
-0.997000 0.195000 0.023000 2 64
0.000000 -0.000000 -0.000000 0 64
0.000000 -0.000000 -0.000000 0 0
-1.013000 0.222000 0.058000 1 64
-1.018000 0.224000 0.023000 2 64
-1.016000 0.225000 -0.011000 1 64
-1.003000 0.224000 -0.044000 1 0
-1.105000 0.270000 0.064000 2 64
-1.121000 0.275000 0.025000 2 64
-1.108000 0.272000 -0.012000 2 64
-1.100000 0.272000 -0.049000 1 0
-1.115000 0.301000 0.064000 1 64
-1.125000 0.304000 0.025000 2 64
-1.115000 0.301000 -0.013000 1 64
-1.105000 0.300000 -0.050000 1 0
-1.115000 0.330000 0.064000 1 0
-1.130000 0.334000 0.025000 1 64
-1.124000 0.331000 -0.014000 1 64
-1.107000 0.327000 -0.051000 1 0
-1.118000 0.361000 0.065000 1 0
-1.132000 0.364000 0.024000 1 64
-1.130000 0.361000 -0.014000 1 0
-1.118000 0.357000 -0.052000 1 0
-1.131000 0.395000 0.066000 2 0
-1.135000 0.395000 0.024000 1 64
-1.129000 0.389000 -0.015000 1 0
-1.124000 0.387000 -0.054000 1 0
-1.147000 0.432000 0.067000 8 0
-1.139000 0.426000 0.024000 1 0
-1.147000 0.425000 -0.016000 1 0
-1.122000 0.414000 -0.054000 0 0
-1.142000 0.463000 0.067000 2 0
-1.150000 0.461000 0.024000 1 0
-1.153000 0.458000 -0.017000 1 0
-1.135000 0.448000 -0.056000 1 0
-1.126000 0.488000 0.066000 0 0
-1.159000 0.497000 0.024000 1 0
-1.159000 0.491000 -0.017000 1 0
-1.132000 0.476000 -0.057000 0 0
0.000000 -0.000000 -0.000000 0 0
-1.154000 0.527000 0.023000 1 0
-1.162000 0.524000 -0.018000 1 0
-1.130000 0.505000 -0.058000 0 0
-1.165000 0.573000 0.069000 0 0
-1.167000 0.566000 0.023000 1 0
-1.151000 0.551000 -0.018000 0 0
-1.130000 0.535000 -0.059000 0 0
-1.166000 0.609000 0.069000 0 0
-1.179000 0.607000 0.023000 1 0
-1.176000 0.596000 -0.020000 1 0
0.000000 -0.000000 -0.000000 0 0
0.000000 -0.000000 -0.000000 0 0
-1.181000 0.643000 0.023000 1 0
-1.172000 0.629000 -0.020000 0 0
-1.168000 0.618000 -0.063000 0 0
-1.199000 0.702000 0.071000 3 0
-1.198000 0.689000 0.023000 0 0
0.000000 -0.000000 -0.000000 0 0
0.000000 -0.000000 -0.000000 0 0
-1.216000 0.751000 0.073000 10 0
0.000000 -0.000000 -0.000000 0 0
-1.195000 0.712000 -0.022000 0 0
-1.197000 0.704000 -0.066000 0 0
-1.215000 0.792000 0.073000 0 0
-1.214000 0.777000 0.023000 0 0
0.000000 -0.000000 -0.000000 0 0
0.000000 -0.000000 -0.000000 0 0
-1.237000 0.849000 0.075000 12 0
0.000000 -0.000000 -0.000000 0 0
-1.224000 0.808000 -0.024000 0 0
0.000000 -0.000000 -0.000000 0 128
-1.245000 0.899000 0.075000 0 0
-1.240000 0.878000 0.023000 0 0
-1.236000 0.857000 -0.025000 12 0
-1.218000 0.830000 -0.071000 0 0
-1.262000 0.959000 0.077000 10 0
-1.256000 0.934000 0.023000 9 0
-1.243000 0.905000 -0.026000 0 0
0.000000 -0.000000 -0.000000 0 0
-1.207000 0.963000 0.074000 0 64
-1.251000 0.977000 0.022000 1 64
-1.255000 0.958000 -0.027000 12 0
0.000000 -0.000000 -0.000000 0 128
-1.193000 1.000000 0.073000 11 0
-1.199000 0.982000 0.021000 15 0
-1.217000 0.974000 -0.027000 0 0
0.000000 -0.000000 -0.000000 0 0
-1.238000 1.089000 0.077000 13 64
-1.200000 1.031000 0.021000 0 64
0.000000 -0.000000 -0.000000 0 0
-1.200000 0.985000 -0.075000 17 0
-1.029000 0.174000 0.059000 20 64
-1.036000 0.178000 0.024000 15 64
-1.033000 0.180000 -0.010000 14 64
-1.012000 0.180000 -0.042000 10 0
-0.980000 0.190000 0.056000 3 64
-0.997000 0.195000 0.023000 2 64
0.000000 -0.000000 -0.000000 0 64
0.000000 -0.000000 -0.000000 0 0
-1.013000 0.222000 0.058000 1 64
-1.018000 0.224000 0.023000 2 64
-1.016000 0.225000 -0.011000 1 64
-1.003000 0.224000 -0.044000 1 0
-1.105000 0.270000 0.064000 2 64
-1.121000 0.275000 0.025000 2 64
-1.108000 0.272000 -0.012000 2 64
-1.100000 0.272000 -0.049000 1 0
-1.115000 0.301000 0.064000 1 64
-1.125000 0.304000 0.025000 2 64
-1.115000 0.301000 -0.013000 1 64
-1.105000 0.300000 -0.050000 1 0
-1.115000 0.330000 0.064000 1 0
-1.130000 0.334000 0.025000 1 64
-1.124000 0.331000 -0.014000 1 64
-1.107000 0.327000 -0.051000 1 0
-1.118000 0.361000 0.065000 1 0
-1.132000 0.364000 0.024000 1 64
-1.130000 0.361000 -0.014000 1 0
-1.118000 0.357000 -0.052000 1 0
-1.131000 0.395000 0.066000 2 0
-1.135000 0.395000 0.024000 1 64
-1.129000 0.389000 -0.015000 1 0
-1.124000 0.387000 -0.054000 1 0
-1.147000 0.432000 0.067000 8 0
-1.139000 0.426000 0.024000 1 0
-1.147000 0.425000 -0.016000 1 0
-1.122000 0.414000 -0.054000 0 0
-1.142000 0.463000 0.067000 2 0
-1.150000 0.461000 0.024000 1 0
-1.153000 0.458000 -0.017000 1 0
-1.135000 0.448000 -0.056000 1 0
-1.126000 0.488000 0.066000 0 0
-1.159000 0.497000 0.024000 1 0
-1.159000 0.491000 -0.017000 1 0
-1.132000 0.476000 -0.057000 0 0
0.000000 -0.000000 -0.000000 0 0
-1.154000 0.527000 0.023000 1 0
-1.162000 0.524000 -0.018000 1 0
-1.130000 0.505000 -0.058000 0 0
-1.165000 0.573000 0.069000 0 0
-1.167000 0.566000 0.023000 1 0
-1.151000 0.551000 -0.018000 0 0
-1.130000 0.535000 -0.059000 0 0
-1.166000 0.609000 0.069000 0 0
-1.179000 0.607000 0.023000 1 0
-1.176000 0.596000 -0.020000 1 0
0.000000 -0.000000 -0.000000 0 0
0.000000 -0.000000 -0.000000 0 0
-1.181000 0.643000 0.023000 1 0
-1.172000 0.629000 -0.020000 0 0
-1.168000 0.618000 -0.063000 0 0
-1.199000 0.702000 0.071000 3 0
-1.198000 0.689000 0.023000 0 0
0.000000 -0.000000 -0.000000 0 0
0.000000 -0.000000 -0.000000 0 0
-1.216000 0.751000 0.073000 10 0
0.000000 -0.000000 -0.000000 0 0
-1.195000 0.712000 -0.022000 0 0
-1.197000 0.704000 -0.066000 0 0
-1.215000 0.792000 0.073000 0 0
-1.214000 0.777000 0.023000 0 0
0.000000 -0.000000 -0.000000 0 0
0.000000 -0.000000 -0.000000 0 0
-1.237000 0.849000 0.075000 12 0
0.000000 -0.000000 -0.000000 0 0
-1.224000 0.808000 -0.024000 0 0
0.000000 -0.000000 -0.000000 0 128
-1.245000 0.899000 0.075000 0 0
-1.240000 0.878000 0.023000 0 0
-1.236000 0.857000 -0.025000 12 0
-1.218000 0.830000 -0.071000 0 0
-1.262000 0.959000 0.077000 10 0
-1.256000 0.934000 0.023000 9 0
-1.243000 0.905000 -0.026000 0 0
0.000000 -0.000000 -0.000000 0 0
-1.207000 0.963000 0.074000 0 64
-1.251000 0.977000 0.022000 1 64
-1.255000 0.958000 -0.027000 12 0
0.000000 -0.000000 -0.000000 0 128
-1.193000 1.000000 0.073000 11 0
-1.199000 0.982000 0.021000 15 0
-1.217000 0.974000 -0.027000 0 0
0.000000 -0.000000 -0.000000 0 0
-1.238000 1.089000 0.077000 13 64
-1.200000 1.031000 0.021000 0 64
0.000000 -0.000000 -0.000000 0 0
-1.200000 0.985000 -0.075000 17 0
-1.240000 1.145000 0.077000 68 0
-1.236000 1.113000 0.021000 71 0
-1.233000 1.083000 -0.030000 11 0
0.000000 -0.000000 -0.000000 0 0
-1.268000 1.228000 0.080000 13 64
-1.260000 1.189000 0.021000 11 0
-1.253000 1.152000 -0.031000 11 0
-1.240000 1.114000 -0.081000 13 0
-1.277000 1.298000 0.081000 59 0
-1.266000 1.252000 0.021000 67 0
-1.253000 1.206000 -0.032000 66 0
-1.246000 1.171000 -0.083000 66 0
-1.300000 1.385000 0.083000 69 0
-1.292000 1.339000 0.021000 65 0
-1.275000 1.285000 -0.034000 63 0
-1.265000 1.243000 -0.086000 61 0
-1.327000 1.485000 0.085000 58 0
-1.309000 1.421000 0.021000 60 0
-1.298000 1.368000 -0.036000 62 0
-1.284000 1.319000 -0.089000 57 0
-1.353000 1.588000 0.087000 53 0
-1.334000 1.517000 0.021000 60 0
-1.316000 1.453000 -0.037000 62 0
-1.301000 1.397000 -0.092000 63 0
-5.174000 6.372000 0.339000 119 0
-1.359000 1.621000 0.020000 39 0
-1.337000 1.545000 -0.039000 54 0
-1.324000 1.487000 -0.095000 59 0
-4.966000 6.423000 0.328000 114 0
-5.101000 6.383000 0.076000 116 0
-1.356000 1.642000 -0.041000 4 0
-1.346000 1.583000 -0.099000 61 0
-4.765000 6.477000 0.318000 123 0
-4.904000 6.440000 0.071000 117 0
0.000000 -0.000000 -0.000000 0 0
-2.519000 3.100000 -0.191000 11 0
-4.564000 6.522000 0.307000 121 0
-4.706000 6.487000 0.066000 124 0
0.000000 -0.000000 -0.000000 0 128
0.000000 -0.000000 -0.000000 0 0
-4.359000 6.559000 0.296000 134 0
-4.512000 6.534000 0.061000 122 0
0.000000 -0.000000 -0.000000 0 128
0.000000 -0.000000 -0.000000 0 0
-4.167000 6.605000 0.287000 129 0
-4.322000 6.581000 0.057000 121 0
0.000000 -0.000000 -0.000000 0 0
-1.839000 2.603000 -0.149000 0 4
-3.982000 6.654000 0.277000 133 0
-4.130000 6.622000 0.052000 133 0
-3.535000 5.444000 -0.131000 6 0
0.000000 -0.000000 -0.000000 0 0
-3.787000 6.687000 0.267000 129 0
-3.948000 6.670000 0.047000 135 0
0.000000 -0.000000 -0.000000 0 0
0.000000 -0.000000 -0.000000 0 0
-3.608000 6.736000 0.258000 130 0
-3.763000 6.711000 0.043000 128 0
0.000000 -0.000000 -0.000000 0 0
0.000000 -0.000000 -0.000000 0 128
-3.427000 6.777000 0.249000 130 0
-3.580000 6.747000 0.038000 130 0
-2.767000 4.981000 -0.117000 14 0
0.000000 -0.000000 -0.000000 0 0
-3.248000 6.823000 0.240000 130 0
-3.400000 6.783000 0.034000 128 0
-2.685000 5.106000 -0.119000 13 0
-2.750000 5.002000 -0.258000 14 0
-3.072000 6.864000 0.231000 128 0
-3.230000 6.839000 0.029000 132 0
-2.595000 5.219000 -0.120000 13 0
-2.667000 5.121000 -0.258000 13 0
-2.897000 6.906000 0.222000 126 0
-3.052000 6.870000 0.025000 131 0
-2.509000 5.349000 -0.122000 9 0
-2.584000 5.249000 -0.259000 14 0
-2.721000 6.945000 0.213000 127 0
-2.878000 6.906000 0.021000 130 0
-2.399000 5.438000 -0.123000 14 0
-2.501000 5.382000 -0.260000 2 0
-2.548000 6.980000 0.204000 121 0
-2.709000 6.951000 0.016000 126 0
-2.266000 5.472000 -0.123000 22 0
-2.401000 5.489000 -0.260000 1 0
-2.378000 7.022000 0.195000 113 0
-2.538000 6.991000 0.012000 121 0
-2.129000 5.496000 -0.122000 25 0
-1.077000 2.621000 -0.121000 0 4
-2.205000 7.059000 0.186000 115 0
-2.369000 7.026000 0.008000 125 0
-1.994000 5.519000 -0.122000 28 0
-1.012000 2.630000 -0.119000 0 4
-2.036000 7.097000 0.178000 115 0
-2.201000 7.071000 0.003000 120 0
-1.863000 5.552000 -0.122000 30 0
-1.955000 5.449000 -0.242000 12 0
-1.240000 1.145000 0.077000 68 0
-1.236000 1.113000 0.021000 71 0
-1.233000 1.083000 -0.030000 11 0
0.000000 -0.000000 -0.000000 0 0
-1.268000 1.228000 0.080000 13 64
-1.260000 1.189000 0.021000 11 0
-1.253000 1.152000 -0.031000 11 0
-1.240000 1.114000 -0.081000 13 0
-1.277000 1.298000 0.081000 59 0
-1.266000 1.252000 0.021000 67 0
-1.253000 1.206000 -0.032000 66 0
-1.246000 1.171000 -0.083000 66 0
-1.300000 1.385000 0.083000 69 0
-1.292000 1.339000 0.021000 65 0
-1.275000 1.285000 -0.034000 63 0
-1.265000 1.243000 -0.086000 61 0
-1.327000 1.485000 0.085000 58 0
-1.309000 1.421000 0.021000 60 0
-1.298000 1.368000 -0.036000 62 0
-1.284000 1.319000 -0.089000 57 0
-1.353000 1.588000 0.087000 53 0
-1.334000 1.517000 0.021000 60 0
-1.316000 1.453000 -0.037000 62 0
-1.301000 1.397000 -0.092000 63 0
-5.174000 6.372000 0.339000 119 0
-1.359000 1.621000 0.020000 39 0
-1.337000 1.545000 -0.039000 54 0
-1.324000 1.487000 -0.095000 59 0
-4.966000 6.423000 0.328000 114 0
-5.101000 6.383000 0.076000 116 0
-1.356000 1.642000 -0.041000 4 0
-1.346000 1.583000 -0.099000 61 0
-4.765000 6.477000 0.318000 123 0
-4.904000 6.440000 0.071000 117 0
0.000000 -0.000000 -0.000000 0 0
-2.519000 3.100000 -0.191000 11 0
-4.564000 6.522000 0.307000 121 0
-4.706000 6.487000 0.066000 124 0
0.000000 -0.000000 -0.000000 0 128
0.000000 -0.000000 -0.000000 0 0
-4.359000 6.559000 0.296000 134 0
-4.512000 6.534000 0.061000 122 0
0.000000 -0.000000 -0.000000 0 128
0.000000 -0.000000 -0.000000 0 0
-4.167000 6.605000 0.287000 129 0
-4.322000 6.581000 0.057000 121 0
0.000000 -0.000000 -0.000000 0 0
-1.839000 2.603000 -0.149000 0 4
-3.982000 6.654000 0.277000 133 0
-4.130000 6.622000 0.052000 133 0
-3.535000 5.444000 -0.131000 6 0
0.000000 -0.000000 -0.000000 0 0
-3.787000 6.687000 0.267000 129 0
-3.948000 6.670000 0.047000 135 0
0.000000 -0.000000 -0.000000 0 0
0.000000 -0.000000 -0.000000 0 0
-3.608000 6.736000 0.258000 130 0
-3.763000 6.711000 0.043000 128 0
0.000000 -0.000000 -0.000000 0 0
0.000000 -0.000000 -0.000000 0 128
-3.427000 6.777000 0.249000 130 0
-3.580000 6.747000 0.038000 130 0
-2.767000 4.981000 -0.117000 14 0
0.000000 -0.000000 -0.000000 0 0
-3.248000 6.823000 0.240000 130 0
-3.400000 6.783000 0.034000 128 0
-2.685000 5.106000 -0.119000 13 0
-2.750000 5.002000 -0.258000 14 0
-3.072000 6.864000 0.231000 128 0
-3.230000 6.839000 0.029000 132 0
-2.595000 5.219000 -0.120000 13 0
-2.667000 5.121000 -0.258000 13 0
-2.897000 6.906000 0.222000 126 0
-3.052000 6.870000 0.025000 131 0
-2.509000 5.349000 -0.122000 9 0
-2.584000 5.249000 -0.259000 14 0
-2.721000 6.945000 0.213000 127 0
-2.878000 6.906000 0.021000 130 0
-2.399000 5.438000 -0.123000 14 0
-2.501000 5.382000 -0.260000 2 0
-2.548000 6.980000 0.204000 121 0
-2.709000 6.951000 0.016000 126 0
-2.266000 5.472000 -0.123000 22 0
-2.401000 5.489000 -0.260000 1 0
-2.378000 7.022000 0.195000 113 0
-2.538000 6.991000 0.012000 121 0
-2.129000 5.496000 -0.122000 25 0
-1.077000 2.621000 -0.121000 0 4
-2.205000 7.059000 0.186000 115 0
-2.369000 7.026000 0.008000 125 0
-1.994000 5.519000 -0.122000 28 0
-1.012000 2.630000 -0.119000 0 4
-2.036000 7.097000 0.178000 115 0
-2.201000 7.071000 0.003000 120 0
-1.863000 5.552000 -0.122000 30 0
-1.955000 5.449000 -0.242000 12 0
-1.869000 7.144000 0.169000 113 0
-2.035000 7.114000 -0.000000 119 0
-1.730000 5.578000 -0.121000 31 0
-1.801000 5.401000 -0.235000 84 0
-1.699000 7.181000 0.160000 116 0
-1.865000 7.147000 -0.004000 118 0
-2.026000 7.104000 -0.153000 83 0
-1.720000 5.581000 -0.238000 15 0
-1.529000 7.211000 0.152000 118 0
-1.701000 7.191000 -0.008000 124 0
-1.712000 6.566000 -0.140000 150 0
-1.850000 6.524000 -0.272000 102 0
-1.361000 7.257000 0.143000 122 0
-1.535000 7.232000 -0.012000 124 0
-1.695000 7.180000 -0.153000 51 0
-1.703000 6.567000 -0.268000 17 0
-1.194000 7.300000 0.135000 127 0
-1.366000 7.262000 -0.017000 124 0
-1.528000 7.208000 -0.152000 81 0
-1.064000 4.528000 -0.181000 1 0
-1.025000 7.338000 0.126000 132 0
-1.199000 7.304000 -0.021000 123 0
-1.368000 7.266000 -0.152000 117 0
-1.407000 6.662000 -0.260000 101 0
-0.857000 7.385000 0.117000 101 0
-1.031000 7.339000 -0.025000 125 0
-1.200000 7.299000 -0.152000 114 0
-1.365000 7.276000 -0.278000 134 0
-0.685000 7.425000 0.109000 5 0
-0.862000 7.380000 -0.030000 108 0
-0.817000 5.800000 -0.120000 56 0
-1.198000 7.308000 -0.273000 136 0
0.000000 -0.000000 -0.000000 0 0
-0.694000 7.424000 -0.034000 18 0
-0.686000 5.847000 -0.120000 12 0
-0.812000 5.775000 -0.211000 30 0
0.000000 -0.000000 -0.000000 0 192
0.000000 -0.000000 -0.000000 0 0
-0.554000 5.880000 -0.120000 1 0
-0.650000 5.536000 -0.197000 86 0
0.000000 -0.000000 -0.000000 0 192
0.000000 -0.000000 -0.000000 0 192
0.000000 -0.000000 -0.000000 0 0
-0.525000 5.579000 -0.195000 20 0
0.000000 -0.000000 -0.000000 0 192
0.000000 -0.000000 -0.000000 0 192
0.000000 -0.000000 -0.000000 0 192
0.000000 -0.000000 -0.000000 0 0
0.000000 -0.000000 -0.000000 0 192
0.000000 -0.000000 -0.000000 0 192
0.000000 -0.000000 -0.000000 0 192
0.000000 -0.000000 -0.000000 0 192
0.000000 -0.000000 -0.000000 0 192
0.000000 -0.000000 -0.000000 0 192
0.000000 -0.000000 -0.000000 0 192
0.000000 -0.000000 -0.000000 0 192
0.129000 1.834000 0.010000 1 0
0.000000 -0.000000 -0.000000 0 192
0.000000 -0.000000 -0.000000 0 192
0.000000 -0.000000 -0.000000 0 192
0.164000 1.750000 0.007000 13 0
0.000000 -0.000000 -0.000000 0 128
0.000000 -0.000000 -0.000000 0 192
0.000000 -0.000000 -0.000000 0 192
0.190000 1.626000 0.005000 21 0
0.161000 1.759000 -0.016000 1 64
0.000000 -0.000000 -0.000000 0 128
0.000000 -0.000000 -0.000000 0 192
0.218000 1.553000 0.002000 13 0
0.189000 1.646000 -0.016000 24 0
0.158000 1.757000 -0.034000 0 64
0.000000 -0.000000 -0.000000 0 192
0.254000 1.547000 -0.000000 16 0
0.214000 1.548000 -0.016000 55 0
0.187000 1.644000 -0.032000 20 0
0.159000 1.768000 -0.050000 1 0
0.295000 1.570000 -0.001000 14 0
0.253000 1.563000 -0.017000 11 0
0.213000 1.557000 -0.030000 11 0
0.186000 1.640000 -0.045000 21 0
0.334000 1.575000 -0.003000 15 0
0.293000 1.576000 -0.018000 11 0
0.249000 1.546000 -0.030000 13 0
0.211000 1.547000 -0.042000 51 0
0.374000 1.586000 -0.005000 15 0
0.331000 1.582000 -0.019000 11 0
0.290000 1.573000 -0.030000 12 0
0.251000 1.571000 -0.041000 15 0
0.416000 1.598000 -0.007000 13 0
0.370000 1.582000 -0.020000 63 0
0.329000 1.579000 -0.030000 13 0
0.289000 1.572000 -0.040000 14 0
0.456000 1.600000 -0.009000 55 0
0.411000 1.590000 -0.021000 12 0
0.369000 1.585000 -0.030000 12 0
0.329000 1.583000 -0.039000 15 0
-1.869000 7.144000 0.169000 113 0
-2.035000 7.114000 -0.000000 119 0
-1.730000 5.578000 -0.121000 31 0
-1.801000 5.401000 -0.235000 84 0
-1.699000 7.181000 0.160000 116 0
-1.865000 7.147000 -0.004000 118 0
-2.026000 7.104000 -0.153000 83 0
-1.720000 5.581000 -0.238000 15 0
-1.529000 7.211000 0.152000 118 0
-1.701000 7.191000 -0.008000 124 0
-1.712000 6.566000 -0.140000 150 0
-1.850000 6.524000 -0.272000 102 0
-1.361000 7.257000 0.143000 122 0
-1.535000 7.232000 -0.012000 124 0
-1.695000 7.180000 -0.153000 51 0
-1.703000 6.567000 -0.268000 17 0
-1.194000 7.300000 0.135000 127 0
-1.366000 7.262000 -0.017000 124 0
-1.528000 7.208000 -0.152000 81 0
-1.064000 4.528000 -0.181000 1 0
-1.025000 7.338000 0.126000 132 0
-1.199000 7.304000 -0.021000 123 0
-1.368000 7.266000 -0.152000 117 0
-1.407000 6.662000 -0.260000 101 0
-0.857000 7.385000 0.117000 101 0
-1.031000 7.339000 -0.025000 125 0
-1.200000 7.299000 -0.152000 114 0
-1.365000 7.276000 -0.278000 134 0
-0.685000 7.425000 0.109000 5 0
-0.862000 7.380000 -0.030000 108 0
-0.817000 5.800000 -0.120000 56 0
-1.198000 7.308000 -0.273000 136 0
0.000000 -0.000000 -0.000000 0 0
-0.694000 7.424000 -0.034000 18 0
-0.686000 5.847000 -0.120000 12 0
-0.812000 5.775000 -0.211000 30 0
0.000000 -0.000000 -0.000000 0 192
0.000000 -0.000000 -0.000000 0 0
-0.554000 5.880000 -0.120000 1 0
-0.650000 5.536000 -0.197000 86 0
0.000000 -0.000000 -0.000000 0 192
0.000000 -0.000000 -0.000000 0 192
0.000000 -0.000000 -0.000000 0 0
-0.525000 5.579000 -0.195000 20 0
0.000000 -0.000000 -0.000000 0 192
0.000000 -0.000000 -0.000000 0 192
0.000000 -0.000000 -0.000000 0 192
0.000000 -0.000000 -0.000000 0 0
0.000000 -0.000000 -0.000000 0 192
0.000000 -0.000000 -0.000000 0 192
0.000000 -0.000000 -0.000000 0 192
0.000000 -0.000000 -0.000000 0 192
0.000000 -0.000000 -0.000000 0 192
0.000000 -0.000000 -0.000000 0 192
0.000000 -0.000000 -0.000000 0 192
0.000000 -0.000000 -0.000000 0 192
0.129000 1.834000 0.010000 1 0
0.000000 -0.000000 -0.000000 0 192
0.000000 -0.000000 -0.000000 0 192
0.000000 -0.000000 -0.000000 0 192
0.164000 1.750000 0.007000 13 0
0.000000 -0.000000 -0.000000 0 128
0.000000 -0.000000 -0.000000 0 192
0.000000 -0.000000 -0.000000 0 192
0.190000 1.626000 0.005000 21 0
0.161000 1.759000 -0.016000 1 64
0.000000 -0.000000 -0.000000 0 128
0.000000 -0.000000 -0.000000 0 192
0.218000 1.553000 0.002000 13 0
0.189000 1.646000 -0.016000 24 0
0.158000 1.757000 -0.034000 0 64
0.000000 -0.000000 -0.000000 0 192
0.254000 1.547000 -0.000000 16 0
0.214000 1.548000 -0.016000 55 0
0.187000 1.644000 -0.032000 20 0
0.159000 1.768000 -0.050000 1 0
0.295000 1.570000 -0.001000 14 0
0.253000 1.563000 -0.017000 11 0
0.213000 1.557000 -0.030000 11 0
0.186000 1.640000 -0.045000 21 0
0.334000 1.575000 -0.003000 15 0
0.293000 1.576000 -0.018000 11 0
0.249000 1.546000 -0.030000 13 0
0.211000 1.547000 -0.042000 51 0
0.374000 1.586000 -0.005000 15 0
0.331000 1.582000 -0.019000 11 0
0.290000 1.573000 -0.030000 12 0
0.251000 1.571000 -0.041000 15 0
0.416000 1.598000 -0.007000 13 0
0.370000 1.582000 -0.020000 63 0
0.329000 1.579000 -0.030000 13 0
0.289000 1.572000 -0.040000 14 0
0.456000 1.600000 -0.009000 55 0
0.411000 1.590000 -0.021000 12 0
0.369000 1.585000 -0.030000 12 0
0.329000 1.583000 -0.039000 15 0
0.500000 1.613000 -0.012000 13 0
0.454000 1.606000 -0.023000 55 0
0.410000 1.595000 -0.030000 12 0
0.369000 1.587000 -0.038000 14 0
0.544000 1.622000 -0.014000 58 0
0.495000 1.609000 -0.024000 59 0
0.453000 1.607000 -0.030000 12 0
0.410000 1.594000 -0.037000 60 0
0.588000 1.628000 -0.017000 58 0
0.541000 1.621000 -0.025000 58 0
0.495000 1.610000 -0.030000 58 0
0.452000 1.604000 -0.036000 15 0
0.636000 1.642000 -0.019000 51 0
0.585000 1.628000 -0.027000 55 0
0.541000 1.626000 -0.031000 12 0
0.495000 1.610000 -0.035000 63 0
0.687000 1.660000 -0.022000 45 0
0.632000 1.640000 -0.028000 49 0
0.585000 1.631000 -0.031000 59 0
0.540000 1.622000 -0.034000 59 0
0.735000 1.668000 -0.025000 27 0
0.685000 1.662000 -0.030000 49 0
0.633000 1.643000 -0.031000 57 0
0.586000 1.632000 -0.033000 61 0
0.787000 1.681000 -0.028000 7 0
0.733000 1.670000 -0.031000 29 0
0.681000 1.652000 -0.031000 52 0
0.634000 1.644000 -0.032000 51 0
0.000000 -0.000000 -0.000000 0 0
0.784000 1.679000 -0.033000 9 0
0.732000 1.665000 -0.031000 35 0
0.687000 1.664000 -0.031000 51 0
0.000000 -0.000000 -0.000000 0 128
0.000000 -0.000000 -0.000000 0 0
0.783000 1.675000 -0.031000 9 0
0.737000 1.672000 -0.030000 36 0
0.000000 -0.000000 -0.000000 0 128
0.000000 -0.000000 -0.000000 0 128
0.000000 -0.000000 -0.000000 0 0
0.789000 1.682000 -0.028000 9 0
0.000000 -0.000000 -0.000000 0 0
0.000000 -0.000000 -0.000000 0 128
0.000000 -0.000000 -0.000000 0 128
0.000000 -0.000000 -0.000000 0 0
0.000000 -0.000000 -0.000000 0 0
0.000000 -0.000000 -0.000000 0 0
0.000000 -0.000000 -0.000000 0 128
0.000000 -0.000000 -0.000000 0 128
0.000000 -0.000000 -0.000000 0 0
0.000000 -0.000000 -0.000000 0 0
0.000000 -0.000000 -0.000000 0 0
0.000000 -0.000000 -0.000000 0 128
0.000000 -0.000000 -0.000000 0 0
0.000000 -0.000000 -0.000000 0 0
0.000000 -0.000000 -0.000000 0 0
0.000000 -0.000000 -0.000000 0 0
0.000000 -0.000000 -0.000000 0 0
0.000000 -0.000000 -0.000000 0 0
0.000000 -0.000000 -0.000000 0 0
0.000000 -0.000000 -0.000000 0 128
0.000000 -0.000000 -0.000000 0 0
0.000000 -0.000000 -0.000000 0 0
0.000000 -0.000000 -0.000000 0 0
0.000000 -0.000000 -0.000000 0 128
0.000000 -0.000000 -0.000000 0 0
0.000000 -0.000000 -0.000000 0 0
0.000000 -0.000000 -0.000000 0 0
0.000000 -0.000000 -0.000000 0 128
0.000000 -0.000000 -0.000000 0 0
0.000000 -0.000000 -0.000000 0 0
0.000000 -0.000000 -0.000000 0 0
0.000000 -0.000000 -0.000000 0 0
0.000000 -0.000000 -0.000000 0 0
0.000000 -0.000000 -0.000000 0 0
0.000000 -0.000000 -0.000000 0 0
0.000000 -0.000000 -0.000000 0 128
0.000000 -0.000000 -0.000000 0 0
0.000000 -0.000000 -0.000000 0 0
0.000000 -0.000000 -0.000000 0 0
0.000000 -0.000000 -0.000000 0 0
0.000000 -0.000000 -0.000000 0 0
0.000000 -0.000000 -0.000000 0 0
0.000000 -0.000000 -0.000000 0 0
0.000000 -0.000000 -0.000000 0 128
0.000000 -0.000000 -0.000000 0 0
0.000000 -0.000000 -0.000000 0 0
0.000000 -0.000000 -0.000000 0 0
0.000000 -0.000000 -0.000000 0 0
0.000000 -0.000000 -0.000000 0 128
0.000000 -0.000000 -0.000000 0 0
0.000000 -0.000000 -0.000000 0 0
0.000000 -0.000000 -0.000000 0 128
0.000000 -0.000000 -0.000000 0 128
0.000000 -0.000000 -0.000000 0 128
0.000000 -0.000000 -0.000000 0 0
0.000000 -0.000000 -0.000000 0 0
0.500000 1.613000 -0.012000 13 0
0.454000 1.606000 -0.023000 55 0
0.410000 1.595000 -0.030000 12 0
0.369000 1.587000 -0.038000 14 0
0.544000 1.622000 -0.014000 58 0
0.495000 1.609000 -0.024000 59 0
0.453000 1.607000 -0.030000 12 0
0.410000 1.594000 -0.037000 60 0
0.588000 1.628000 -0.017000 58 0
0.541000 1.621000 -0.025000 58 0
0.495000 1.610000 -0.030000 58 0
0.452000 1.604000 -0.036000 15 0
0.636000 1.642000 -0.019000 51 0
0.585000 1.628000 -0.027000 55 0
0.541000 1.626000 -0.031000 12 0
0.495000 1.610000 -0.035000 63 0
0.687000 1.660000 -0.022000 45 0
0.632000 1.640000 -0.028000 49 0
0.585000 1.631000 -0.031000 59 0
0.540000 1.622000 -0.034000 59 0
0.735000 1.668000 -0.025000 27 0
0.685000 1.662000 -0.030000 49 0
0.633000 1.643000 -0.031000 57 0
0.586000 1.632000 -0.033000 61 0
0.787000 1.681000 -0.028000 7 0
0.733000 1.670000 -0.031000 29 0
0.681000 1.652000 -0.031000 52 0
0.634000 1.644000 -0.032000 51 0
0.000000 -0.000000 -0.000000 0 0
0.784000 1.679000 -0.033000 9 0
0.732000 1.665000 -0.031000 35 0
0.687000 1.664000 -0.031000 51 0
0.000000 -0.000000 -0.000000 0 128
0.000000 -0.000000 -0.000000 0 0
0.783000 1.675000 -0.031000 9 0
0.737000 1.672000 -0.030000 36 0
0.000000 -0.000000 -0.000000 0 128
0.000000 -0.000000 -0.000000 0 128
0.000000 -0.000000 -0.000000 0 0
0.789000 1.682000 -0.028000 9 0
0.000000 -0.000000 -0.000000 0 0
0.000000 -0.000000 -0.000000 0 128
0.000000 -0.000000 -0.000000 0 128
0.000000 -0.000000 -0.000000 0 0
0.000000 -0.000000 -0.000000 0 0
0.000000 -0.000000 -0.000000 0 0
0.000000 -0.000000 -0.000000 0 128
0.000000 -0.000000 -0.000000 0 128
0.000000 -0.000000 -0.000000 0 0
0.000000 -0.000000 -0.000000 0 0
0.000000 -0.000000 -0.000000 0 0
0.000000 -0.000000 -0.000000 0 128
0.000000 -0.000000 -0.000000 0 0
0.000000 -0.000000 -0.000000 0 0
0.000000 -0.000000 -0.000000 0 0
0.000000 -0.000000 -0.000000 0 0
0.000000 -0.000000 -0.000000 0 0
0.000000 -0.000000 -0.000000 0 0
0.000000 -0.000000 -0.000000 0 0
0.000000 -0.000000 -0.000000 0 128
0.000000 -0.000000 -0.000000 0 0
0.000000 -0.000000 -0.000000 0 0
0.000000 -0.000000 -0.000000 0 0
0.000000 -0.000000 -0.000000 0 128
0.000000 -0.000000 -0.000000 0 0
0.000000 -0.000000 -0.000000 0 0
0.000000 -0.000000 -0.000000 0 0
0.000000 -0.000000 -0.000000 0 128
0.000000 -0.000000 -0.000000 0 0
0.000000 -0.000000 -0.000000 0 0
0.000000 -0.000000 -0.000000 0 0
0.000000 -0.000000 -0.000000 0 0
0.000000 -0.000000 -0.000000 0 0
0.000000 -0.000000 -0.000000 0 0
0.000000 -0.000000 -0.000000 0 0
0.000000 -0.000000 -0.000000 0 128
0.000000 -0.000000 -0.000000 0 0
0.000000 -0.000000 -0.000000 0 0
0.000000 -0.000000 -0.000000 0 0
0.000000 -0.000000 -0.000000 0 0
0.000000 -0.000000 -0.000000 0 0
0.000000 -0.000000 -0.000000 0 0
0.000000 -0.000000 -0.000000 0 0
0.000000 -0.000000 -0.000000 0 128
0.000000 -0.000000 -0.000000 0 0
0.000000 -0.000000 -0.000000 0 0
0.000000 -0.000000 -0.000000 0 0
0.000000 -0.000000 -0.000000 0 0
0.000000 -0.000000 -0.000000 0 128
0.000000 -0.000000 -0.000000 0 0
0.000000 -0.000000 -0.000000 0 0
0.000000 -0.000000 -0.000000 0 128
0.000000 -0.000000 -0.000000 0 128
0.000000 -0.000000 -0.000000 0 128
0.000000 -0.000000 -0.000000 0 0
0.000000 -0.000000 -0.000000 0 0
0.000000 -0.000000 -0.000000 0 0
0.000000 -0.000000 -0.000000 0 128
0.000000 -0.000000 -0.000000 0 128
0.000000 -0.000000 -0.000000 0 128
0.000000 -0.000000 -0.000000 0 0
0.000000 -0.000000 -0.000000 0 0
0.000000 -0.000000 -0.000000 0 128
0.000000 -0.000000 -0.000000 0 128
0.000000 -0.000000 -0.000000 0 0
0.000000 -0.000000 -0.000000 0 0
0.000000 -0.000000 -0.000000 0 0
0.000000 -0.000000 -0.000000 0 128
0.000000 -0.000000 -0.000000 0 0
0.000000 -0.000000 -0.000000 0 0
0.000000 -0.000000 -0.000000 0 0
0.000000 -0.000000 -0.000000 0 128
0.000000 -0.000000 -0.000000 0 0
0.000000 -0.000000 -0.000000 0 0
0.000000 -0.000000 -0.000000 0 0
0.000000 -0.000000 -0.000000 0 128
0.000000 -0.000000 -0.000000 0 0
0.000000 -0.000000 -0.000000 0 0
0.000000 -0.000000 -0.000000 0 0
0.000000 -0.000000 -0.000000 0 0
0.000000 -0.000000 -0.000000 0 0
0.000000 -0.000000 -0.000000 0 0
0.000000 -0.000000 -0.000000 0 0
0.000000 -0.000000 -0.000000 0 0
0.000000 -0.000000 -0.000000 0 0
0.000000 -0.000000 -0.000000 0 0
0.000000 -0.000000 -0.000000 0 0
0.000000 -0.000000 -0.000000 0 0
0.000000 -0.000000 -0.000000 0 0
0.000000 -0.000000 -0.000000 0 0
0.000000 -0.000000 -0.000000 0 0
0.000000 -0.000000 -0.000000 0 0
0.000000 -0.000000 -0.000000 0 0
0.000000 -0.000000 -0.000000 0 0
0.000000 -0.000000 -0.000000 0 0
0.000000 -0.000000 -0.000000 0 0
0.000000 -0.000000 -0.000000 0 0
0.000000 -0.000000 -0.000000 0 0
0.000000 -0.000000 -0.000000 0 0
0.000000 -0.000000 -0.000000 0 0
0.000000 -0.000000 -0.000000 0 0
0.000000 -0.000000 -0.000000 0 0
0.000000 -0.000000 -0.000000 0 0
0.000000 -0.000000 -0.000000 0 0
0.000000 -0.000000 -0.000000 0 0
0.000000 -0.000000 -0.000000 0 0
0.000000 -0.000000 -0.000000 0 0
0.000000 -0.000000 -0.000000 0 0
0.000000 -0.000000 -0.000000 0 0
0.000000 -0.000000 -0.000000 0 0
0.000000 -0.000000 -0.000000 0 0
0.000000 -0.000000 -0.000000 0 0
0.000000 -0.000000 -0.000000 0 0
0.000000 -0.000000 -0.000000 0 0
0.000000 -0.000000 -0.000000 0 0
0.000000 -0.000000 -0.000000 0 0
0.000000 -0.000000 -0.000000 0 0
0.000000 -0.000000 -0.000000 0 0
0.000000 -0.000000 -0.000000 0 0
0.000000 -0.000000 -0.000000 0 0
0.000000 -0.000000 -0.000000 0 0
0.000000 -0.000000 -0.000000 0 0
0.000000 -0.000000 -0.000000 0 0
0.000000 -0.000000 -0.000000 0 0
0.000000 -0.000000 -0.000000 0 0
0.000000 -0.000000 -0.000000 0 0
0.000000 -0.000000 -0.000000 0 0
0.000000 -0.000000 -0.000000 0 0
0.000000 -0.000000 -0.000000 0 0
0.000000 -0.000000 -0.000000 0 0
0.000000 -0.000000 -0.000000 0 0
0.000000 -0.000000 -0.000000 0 0
0.000000 -0.000000 -0.000000 0 0
0.000000 -0.000000 -0.000000 0 0
0.000000 -0.000000 -0.000000 0 0
0.000000 -0.000000 -0.000000 0 0
0.000000 -0.000000 -0.000000 0 0
0.000000 -0.000000 -0.000000 0 0
0.000000 -0.000000 -0.000000 0 0
0.000000 -0.000000 -0.000000 0 128
0.000000 -0.000000 -0.000000 0 0
0.000000 -0.000000 -0.000000 0 0
0.000000 -0.000000 -0.000000 0 0
0.000000 -0.000000 -0.000000 0 0
0.000000 -0.000000 -0.000000 0 0
0.000000 -0.000000 -0.000000 0 0
0.000000 -0.000000 -0.000000 0 0
0.000000 -0.000000 -0.000000 0 0
0.000000 -0.000000 -0.000000 0 0
0.000000 -0.000000 -0.000000 0 0
0.000000 -0.000000 -0.000000 0 0
0.000000 -0.000000 -0.000000 0 0
0.000000 -0.000000 -0.000000 0 0
0.000000 -0.000000 -0.000000 0 128
0.000000 -0.000000 -0.000000 0 128
0.000000 -0.000000 -0.000000 0 128
0.000000 -0.000000 -0.000000 0 0
0.000000 -0.000000 -0.000000 0 0
0.000000 -0.000000 -0.000000 0 128
0.000000 -0.000000 -0.000000 0 128
0.000000 -0.000000 -0.000000 0 0
0.000000 -0.000000 -0.000000 0 0
0.000000 -0.000000 -0.000000 0 0
0.000000 -0.000000 -0.000000 0 128
0.000000 -0.000000 -0.000000 0 0
0.000000 -0.000000 -0.000000 0 0
0.000000 -0.000000 -0.000000 0 0
0.000000 -0.000000 -0.000000 0 128
0.000000 -0.000000 -0.000000 0 0
0.000000 -0.000000 -0.000000 0 0
0.000000 -0.000000 -0.000000 0 0
0.000000 -0.000000 -0.000000 0 128
0.000000 -0.000000 -0.000000 0 0
0.000000 -0.000000 -0.000000 0 0
0.000000 -0.000000 -0.000000 0 0
0.000000 -0.000000 -0.000000 0 0
0.000000 -0.000000 -0.000000 0 0
0.000000 -0.000000 -0.000000 0 0
0.000000 -0.000000 -0.000000 0 0
0.000000 -0.000000 -0.000000 0 0
0.000000 -0.000000 -0.000000 0 0
0.000000 -0.000000 -0.000000 0 0
0.000000 -0.000000 -0.000000 0 0
0.000000 -0.000000 -0.000000 0 0
0.000000 -0.000000 -0.000000 0 0
0.000000 -0.000000 -0.000000 0 0
0.000000 -0.000000 -0.000000 0 0
0.000000 -0.000000 -0.000000 0 0
0.000000 -0.000000 -0.000000 0 0
0.000000 -0.000000 -0.000000 0 0
0.000000 -0.000000 -0.000000 0 0
0.000000 -0.000000 -0.000000 0 0
0.000000 -0.000000 -0.000000 0 0
0.000000 -0.000000 -0.000000 0 0
0.000000 -0.000000 -0.000000 0 0
0.000000 -0.000000 -0.000000 0 0
0.000000 -0.000000 -0.000000 0 0
0.000000 -0.000000 -0.000000 0 0
0.000000 -0.000000 -0.000000 0 0
0.000000 -0.000000 -0.000000 0 0
0.000000 -0.000000 -0.000000 0 0
0.000000 -0.000000 -0.000000 0 0
0.000000 -0.000000 -0.000000 0 0
0.000000 -0.000000 -0.000000 0 0
0.000000 -0.000000 -0.000000 0 0
0.000000 -0.000000 -0.000000 0 0
0.000000 -0.000000 -0.000000 0 0
0.000000 -0.000000 -0.000000 0 0
0.000000 -0.000000 -0.000000 0 0
0.000000 -0.000000 -0.000000 0 0
0.000000 -0.000000 -0.000000 0 0
0.000000 -0.000000 -0.000000 0 0
0.000000 -0.000000 -0.000000 0 0
0.000000 -0.000000 -0.000000 0 0
0.000000 -0.000000 -0.000000 0 0
0.000000 -0.000000 -0.000000 0 0
0.000000 -0.000000 -0.000000 0 0
0.000000 -0.000000 -0.000000 0 0
0.000000 -0.000000 -0.000000 0 0
0.000000 -0.000000 -0.000000 0 0
0.000000 -0.000000 -0.000000 0 0
0.000000 -0.000000 -0.000000 0 0
0.000000 -0.000000 -0.000000 0 0
0.000000 -0.000000 -0.000000 0 0
0.000000 -0.000000 -0.000000 0 0
0.000000 -0.000000 -0.000000 0 0
0.000000 -0.000000 -0.000000 0 0
0.000000 -0.000000 -0.000000 0 0
0.000000 -0.000000 -0.000000 0 0
0.000000 -0.000000 -0.000000 0 0
0.000000 -0.000000 -0.000000 0 0
0.000000 -0.000000 -0.000000 0 0
0.000000 -0.000000 -0.000000 0 0
0.000000 -0.000000 -0.000000 0 0
0.000000 -0.000000 -0.000000 0 0
0.000000 -0.000000 -0.000000 0 128
0.000000 -0.000000 -0.000000 0 0
0.000000 -0.000000 -0.000000 0 0
0.000000 -0.000000 -0.000000 0 0
0.000000 -0.000000 -0.000000 0 0
0.000000 -0.000000 -0.000000 0 0
0.000000 -0.000000 -0.000000 0 0
0.000000 -0.000000 -0.000000 0 0
0.000000 -0.000000 -0.000000 0 0
0.000000 -0.000000 -0.000000 0 0
0.000000 -0.000000 -0.000000 0 0
0.000000 -0.000000 -0.000000 0 0
0.000000 -0.000000 -0.000000 0 0
