# x y z reflectivity tag
0.000000 -0.000000 -0.000000 0 0
0.000000 -0.000000 -0.000000 0 0
0.000000 -0.000000 -0.000000 0 0
0.000000 -0.000000 -0.000000 0 0
0.000000 -0.000000 -0.000000 0 0
0.000000 -0.000000 -0.000000 0 0
0.000000 -0.000000 -0.000000 0 0
0.000000 -0.000000 -0.000000 0 0
0.000000 -0.000000 -0.000000 0 0
0.000000 -0.000000 -0.000000 0 0
0.000000 -0.000000 -0.000000 0 0
0.000000 -0.000000 -0.000000 0 0
0.000000 -0.000000 -0.000000 0 0
0.000000 -0.000000 -0.000000 0 0
0.000000 -0.000000 -0.000000 0 0
0.000000 -0.000000 -0.000000 0 0
0.000000 -0.000000 -0.000000 0 0
0.000000 -0.000000 -0.000000 0 0
0.000000 -0.000000 -0.000000 0 0
0.000000 -0.000000 -0.000000 0 0
0.000000 -0.000000 -0.000000 0 0
0.000000 -0.000000 -0.000000 0 0
0.000000 -0.000000 -0.000000 0 0
0.000000 -0.000000 -0.000000 0 0
0.000000 -0.000000 -0.000000 0 0
0.000000 -0.000000 -0.000000 0 0
0.000000 -0.000000 -0.000000 0 0
0.000000 -0.000000 -0.000000 0 0
0.000000 -0.000000 -0.000000 0 0
0.000000 -0.000000 -0.000000 0 0
0.000000 -0.000000 -0.000000 0 0
0.000000 -0.000000 -0.000000 0 0
0.000000 -0.000000 -0.000000 0 0
0.000000 -0.000000 -0.000000 0 0
0.000000 -0.000000 -0.000000 0 0
0.000000 -0.000000 -0.000000 0 0
0.000000 -0.000000 -0.000000 0 0
0.000000 -0.000000 -0.000000 0 0
0.000000 -0.000000 -0.000000 0 0
0.000000 -0.000000 -0.000000 0 0
0.000000 -0.000000 -0.000000 0 0
0.000000 -0.000000 -0.000000 0 0
0.000000 -0.000000 -0.000000 0 0
0.000000 -0.000000 -0.000000 0 0
0.000000 -0.000000 -0.000000 0 0
0.000000 -0.000000 -0.000000 0 0
0.000000 -0.000000 -0.000000 0 0
0.000000 -0.000000 -0.000000 0 0
0.000000 -0.000000 -0.000000 0 0
0.000000 -0.000000 -0.000000 0 0
0.000000 -0.000000 -0.000000 0 0
0.000000 -0.000000 -0.000000 0 128
0.000000 -0.000000 -0.000000 0 0
0.000000 -0.000000 -0.000000 0 0
0.000000 -0.000000 -0.000000 0 0
0.000000 -0.000000 -0.000000 0 128
0.000000 -0.000000 -0.000000 0 0
0.000000 -0.000000 -0.000000 0 0
0.000000 -0.000000 -0.000000 0 0
0.000000 -0.000000 -0.000000 0 128
0.000000 -0.000000 -0.000000 0 0
0.000000 -0.000000 -0.000000 0 0
0.000000 -0.000000 -0.000000 0 128
0.000000 -0.000000 -0.000000 0 128
0.000000 -0.000000 -0.000000 0 0
0.000000 -0.000000 -0.000000 0 128
0.000000 -0.000000 -0.000000 0 128
0.000000 -0.000000 -0.000000 0 192
0.000000 -0.000000 -0.000000 0 128
0.000000 -0.000000 -0.000000 0 128
0.000000 -0.000000 -0.000000 0 192
0.000000 -0.000000 -0.000000 0 192
0.000000 -0.000000 -0.000000 0 128
0.000000 -0.000000 -0.000000 0 128
0.000000 -0.000000 -0.000000 0 128
0.000000 -0.000000 -0.000000 0 192
0.000000 -0.000000 -0.000000 0 128
0.000000 -0.000000 -0.000000 0 128
0.000000 -0.000000 -0.000000 0 192
0.000000 -0.000000 -0.000000 0 192
0.000000 -0.000000 -0.000000 0 128
0.000000 -0.000000 -0.000000 0 128
0.000000 -0.000000 -0.000000 0 128
0.000000 -0.000000 -0.000000 0 192
0.000000 -0.000000 -0.000000 0 0
0.000000 -0.000000 -0.000000 0 128
0.000000 -0.000000 -0.000000 0 128
0.000000 -0.000000 -0.000000 0 128
0.000000 -0.000000 -0.000000 0 0
0.000000 -0.000000 -0.000000 0 0
0.000000 -0.000000 -0.000000 0 128
0.000000 -0.000000 -0.000000 0 128
0.000000 -0.000000 -0.000000 0 0
0.000000 -0.000000 -0.000000 0 0
0.000000 -0.000000 -0.000000 0 0
0.000000 -0.000000 -0.000000 0 128
0.000000 -0.000000 -0.000000 0 0
0.000000 -0.000000 -0.000000 0 0
0.000000 -0.000000 -0.000000 0 0
0.000000 -0.000000 -0.000000 0 0
0.000000 -0.000000 -0.000000 0 0
0.000000 -0.000000 -0.000000 0 0
0.000000 -0.000000 -0.000000 0 0
0.000000 -0.000000 -0.000000 0 0
0.000000 -0.000000 -0.000000 0 0
0.000000 -0.000000 -0.000000 0 0
0.000000 -0.000000 -0.000000 0 0
0.000000 -0.000000 -0.000000 0 0
0.000000 -0.000000 -0.000000 0 0
0.000000 -0.000000 -0.000000 0 0
0.000000 -0.000000 -0.000000 0 0
0.000000 -0.000000 -0.000000 0 0
0.000000 -0.000000 -0.000000 0 0
0.000000 -0.000000 -0.000000 0 0
0.000000 -0.000000 -0.000000 0 0
0.000000 -0.000000 -0.000000 0 0
0.000000 -0.000000 -0.000000 0 0
0.000000 -0.000000 -0.000000 0 0
0.000000 -0.000000 -0.000000 0 0
0.000000 -0.000000 -0.000000 0 0
0.000000 -0.000000 -0.000000 0 0
0.000000 -0.000000 -0.000000 0 0
0.000000 -0.000000 -0.000000 0 0
0.000000 -0.000000 -0.000000 0 0
0.000000 -0.000000 -0.000000 0 0
0.000000 -0.000000 -0.000000 0 0
0.000000 -0.000000 -0.000000 0 0
0.000000 -0.000000 -0.000000 0 0
0.000000 -0.000000 -0.000000 0 0
0.000000 -0.000000 -0.000000 0 0
0.000000 -0.000000 -0.000000 0 0
0.000000 -0.000000 -0.000000 0 0
0.000000 -0.000000 -0.000000 0 0
0.000000 -0.000000 -0.000000 0 0
0.000000 -0.000000 -0.000000 0 0
0.000000 -0.000000 -0.000000 0 0
0.000000 -0.000000 -0.000000 0 0
0.000000 -0.000000 -0.000000 0 0
0.000000 -0.000000 -0.000000 0 0
0.000000 -0.000000 -0.000000 0 0
0.000000 -0.000000 -0.000000 0 0
0.000000 -0.000000 -0.000000 0 0
0.000000 -0.000000 -0.000000 0 0
0.000000 -0.000000 -0.000000 0 0
0.000000 -0.000000 -0.000000 0 0
0.000000 -0.000000 -0.000000 0 0
0.000000 -0.000000 -0.000000 0 0
0.000000 -0.000000 -0.000000 0 128
0.000000 -0.000000 -0.000000 0 0
0.000000 -0.000000 -0.000000 0 0
0.000000 -0.000000 -0.000000 0 0
0.000000 -0.000000 -0.000000 0 128
0.000000 -0.000000 -0.000000 0 0
0.000000 -0.000000 -0.000000 0 0
0.000000 -0.000000 -0.000000 0 0
0.000000 -0.000000 -0.000000 0 128
0.000000 -0.000000 -0.000000 0 0
0.000000 -0.000000 -0.000000 0 0
0.000000 -0.000000 -0.000000 0 128
0.000000 -0.000000 -0.000000 0 128
0.000000 -0.000000 -0.000000 0 0
0.000000 -0.000000 -0.000000 0 128
0.000000 -0.000000 -0.000000 0 128
0.000000 -0.000000 -0.000000 0 192
0.000000 -0.000000 -0.000000 0 128
0.000000 -0.000000 -0.000000 0 128
0.000000 -0.000000 -0.000000 0 192
0.000000 -0.000000 -0.000000 0 192
0.000000 -0.000000 -0.000000 0 128
0.000000 -0.000000 -0.000000 0 128
0.000000 -0.000000 -0.000000 0 128
0.000000 -0.000000 -0.000000 0 192
0.000000 -0.000000 -0.000000 0 128
0.000000 -0.000000 -0.000000 0 128
0.000000 -0.000000 -0.000000 0 192
0.000000 -0.000000 -0.000000 0 192
0.000000 -0.000000 -0.000000 0 128
0.000000 -0.000000 -0.000000 0 128
0.000000 -0.000000 -0.000000 0 128
0.000000 -0.000000 -0.000000 0 192
0.000000 -0.000000 -0.000000 0 0
0.000000 -0.000000 -0.000000 0 128
0.000000 -0.000000 -0.000000 0 128
0.000000 -0.000000 -0.000000 0 128
0.000000 -0.000000 -0.000000 0 0
0.000000 -0.000000 -0.000000 0 0
0.000000 -0.000000 -0.000000 0 128
0.000000 -0.000000 -0.000000 0 128
0.000000 -0.000000 -0.000000 0 0
0.000000 -0.000000 -0.000000 0 0
0.000000 -0.000000 -0.000000 0 0
0.000000 -0.000000 -0.000000 0 128
0.000000 -0.000000 -0.000000 0 0
0.000000 -0.000000 -0.000000 0 0
0.000000 -0.000000 -0.000000 0 0
0.000000 -0.000000 -0.000000 0 0
0.000000 -0.000000 -0.000000 0 0
0.000000 -0.000000 -0.000000 0 0
0.000000 -0.000000 -0.000000 0 0
0.000000 -0.000000 -0.000000 0 128
0.000000 -0.000000 -0.000000 0 0
0.000000 -0.000000 -0.000000 0 0
0.000000 -0.000000 -0.000000 0 0
0.000000 -0.000000 -0.000000 0 0
0.000000 -0.000000 -0.000000 0 0
0.000000 -0.000000 -0.000000 0 0
0.000000 -0.000000 -0.000000 0 0
0.000000 -0.000000 -0.000000 0 128
0.000000 -0.000000 -0.000000 0 0
0.000000 -0.000000 -0.000000 0 0
0.000000 -0.000000 -0.000000 0 0
0.000000 -0.000000 -0.000000 0 0
0.000000 -0.000000 -0.000000 0 0
0.000000 -0.000000 -0.000000 0 0
0.000000 -0.000000 -0.000000 0 0
0.000000 -0.000000 -0.000000 0 0
0.000000 -0.000000 -0.000000 0 0
0.000000 -0.000000 -0.000000 0 0
0.000000 -0.000000 -0.000000 0 0
0.000000 -0.000000 -0.000000 0 0
0.000000 -0.000000 -0.000000 0 0
0.000000 -0.000000 -0.000000 0 0
0.000000 -0.000000 -0.000000 0 0
0.000000 -0.000000 -0.000000 0 128
0.000000 -0.000000 -0.000000 0 0
0.000000 -0.000000 -0.000000 0 0
0.000000 -0.000000 -0.000000 0 0
0.000000 -0.000000 -0.000000 0 0
0.000000 -0.000000 -0.000000 0 0
0.000000 -0.000000 -0.000000 0 0
0.000000 -0.000000 -0.000000 0 0
0.000000 -0.000000 -0.000000 0 128
0.000000 -0.000000 -0.000000 0 0
0.000000 -0.000000 -0.000000 0 0
0.000000 -0.000000 -0.000000 0 0
0.000000 -0.000000 -0.000000 0 0
0.000000 -0.000000 -0.000000 0 0
0.000000 -0.000000 -0.000000 0 0
0.000000 -0.000000 -0.000000 0 0
0.000000 -0.000000 -0.000000 0 128
0.000000 -0.000000 -0.000000 0 0
0.000000 -0.000000 -0.000000 0 0
0.000000 -0.000000 -0.000000 0 0
0.000000 -0.000000 -0.000000 0 0
0.000000 -0.000000 -0.000000 0 0
0.000000 -0.000000 -0.000000 0 0
0.000000 -0.000000 -0.000000 0 0
0.000000 -0.000000 -0.000000 0 128
0.000000 -0.000000 -0.000000 0 0
0.000000 -0.000000 -0.000000 0 0
0.000000 -0.000000 -0.000000 0 0
0.000000 -0.000000 -0.000000 0 0
0.000000 -0.000000 -0.000000 0 0
0.000000 -0.000000 -0.000000 0 0
0.000000 -0.000000 -0.000000 0 0
0.000000 -0.000000 -0.000000 0 128
0.000000 -0.000000 -0.000000 0 0
0.000000 -0.000000 -0.000000 0 0
0.000000 -0.000000 -0.000000 0 0
0.000000 -0.000000 -0.000000 0 0
0.000000 -0.000000 -0.000000 0 0
0.000000 -0.000000 -0.000000 0 0
0.000000 -0.000000 -0.000000 0 0
0.000000 -0.000000 -0.000000 0 128
0.000000 -0.000000 -0.000000 0 0
0.000000 -0.000000 -0.000000 0 0
0.000000 -0.000000 -0.000000 0 0
0.000000 -0.000000 -0.000000 0 128
0.000000 -0.000000 -0.000000 0 0
0.000000 -0.000000 -0.000000 0 0
0.000000 -0.000000 -0.000000 0 0
0.000000 -0.000000 -0.000000 0 128
0.000000 -0.000000 -0.000000 0 0
0.000000 -0.000000 -0.000000 0 0
0.000000 -0.000000 -0.000000 0 0
0.000000 -0.000000 -0.000000 0 128
0.000000 -0.000000 -0.000000 0 0
0.000000 -0.000000 -0.000000 0 0
0.000000 -0.000000 -0.000000 0 128
0.000000 -0.000000 -0.000000 0 128
0.000000 -0.000000 -0.000000 0 0
0.000000 -0.000000 -0.000000 0 128
0.000000 -0.000000 -0.000000 0 128
0.000000 -0.000000 -0.000000 0 192
0.000000 -0.000000 -0.000000 0 128
0.000000 -0.000000 -0.000000 0 128
0.000000 -0.000000 -0.000000 0 128
0.000000 -0.000000 -0.000000 0 128
0.000000 -0.000000 -0.000000 0 0
0.000000 -0.000000 -0.000000 0 0
0.000000 -0.000000 -0.000000 0 0
0.000000 -0.000000 -0.000000 0 0
0.000000 -0.000000 -0.000000 0 0
0.000000 -0.000000 -0.000000 0 0
0.000000 -0.000000 -0.000000 0 0
0.000000 -0.000000 -0.000000 0 128
0.000000 -0.000000 -0.000000 0 0
0.000000 -0.000000 -0.000000 0 0
0.000000 -0.000000 -0.000000 0 0
0.000000 -0.000000 -0.000000 0 0
0.000000 -0.000000 -0.000000 0 0
0.000000 -0.000000 -0.000000 0 0
0.000000 -0.000000 -0.000000 0 0
0.000000 -0.000000 -0.000000 0 128
0.000000 -0.000000 -0.000000 0 0
0.000000 -0.000000 -0.000000 0 0
0.000000 -0.000000 -0.000000 0 0
0.000000 -0.000000 -0.000000 0 0
0.000000 -0.000000 -0.000000 0 0
0.000000 -0.000000 -0.000000 0 0
0.000000 -0.000000 -0.000000 0 0
0.000000 -0.000000 -0.000000 0 0
0.000000 -0.000000 -0.000000 0 0
0.000000 -0.000000 -0.000000 0 0
0.000000 -0.000000 -0.000000 0 0
0.000000 -0.000000 -0.000000 0 0
0.000000 -0.000000 -0.000000 0 0
0.000000 -0.000000 -0.000000 0 0
0.000000 -0.000000 -0.000000 0 0
0.000000 -0.000000 -0.000000 0 128
0.000000 -0.000000 -0.000000 0 0
0.000000 -0.000000 -0.000000 0 0
0.000000 -0.000000 -0.000000 0 0
0.000000 -0.000000 -0.000000 0 0
0.000000 -0.000000 -0.000000 0 0
0.000000 -0.000000 -0.000000 0 0
0.000000 -0.000000 -0.000000 0 0
0.000000 -0.000000 -0.000000 0 128
0.000000 -0.000000 -0.000000 0 0
0.000000 -0.000000 -0.000000 0 0
0.000000 -0.000000 -0.000000 0 0
0.000000 -0.000000 -0.000000 0 0
0.000000 -0.000000 -0.000000 0 0
0.000000 -0.000000 -0.000000 0 0
0.000000 -0.000000 -0.000000 0 0
0.000000 -0.000000 -0.000000 0 128
0.000000 -0.000000 -0.000000 0 0
0.000000 -0.000000 -0.000000 0 0
0.000000 -0.000000 -0.000000 0 0
0.000000 -0.000000 -0.000000 0 0
0.000000 -0.000000 -0.000000 0 0
0.000000 -0.000000 -0.000000 0 0
0.000000 -0.000000 -0.000000 0 0
0.000000 -0.000000 -0.000000 0 128
0.000000 -0.000000 -0.000000 0 0
0.000000 -0.000000 -0.000000 0 0
0.000000 -0.000000 -0.000000 0 0
0.000000 -0.000000 -0.000000 0 0
0.000000 -0.000000 -0.000000 0 0
0.000000 -0.000000 -0.000000 0 0
0.000000 -0.000000 -0.000000 0 0
0.000000 -0.000000 -0.000000 0 128
0.000000 -0.000000 -0.000000 0 0
0.000000 -0.000000 -0.000000 0 0
0.000000 -0.000000 -0.000000 0 0
0.000000 -0.000000 -0.000000 0 0
0.000000 -0.000000 -0.000000 0 0
0.000000 -0.000000 -0.000000 0 0
0.000000 -0.000000 -0.000000 0 0
0.000000 -0.000000 -0.000000 0 128
0.000000 -0.000000 -0.000000 0 0
0.000000 -0.000000 -0.000000 0 0
0.000000 -0.000000 -0.000000 0 0
0.000000 -0.000000 -0.000000 0 128
0.000000 -0.000000 -0.000000 0 0
0.000000 -0.000000 -0.000000 0 0
0.000000 -0.000000 -0.000000 0 0
0.000000 -0.000000 -0.000000 0 128
0.000000 -0.000000 -0.000000 0 0
0.000000 -0.000000 -0.000000 0 0
0.000000 -0.000000 -0.000000 0 0
0.000000 -0.000000 -0.000000 0 128
0.000000 -0.000000 -0.000000 0 0
0.000000 -0.000000 -0.000000 0 0
0.000000 -0.000000 -0.000000 0 128
0.000000 -0.000000 -0.000000 0 128
0.000000 -0.000000 -0.000000 0 0
0.000000 -0.000000 -0.000000 0 128
0.000000 -0.000000 -0.000000 0 128
0.000000 -0.000000 -0.000000 0 192
0.000000 -0.000000 -0.000000 0 128
0.000000 -0.000000 -0.000000 0 128
0.000000 -0.000000 -0.000000 0 128
0.000000 -0.000000 -0.000000 0 128
0.000000 -0.000000 -0.000000 0 128
0.000000 -0.000000 -0.000000 0 128
0.000000 -0.000000 -0.000000 0 128
0.000000 -0.000000 -0.000000 0 128
0.000000 -0.000000 -0.000000 0 128
0.000000 -0.000000 -0.000000 0 128
0.000000 -0.000000 -0.000000 0 128
0.000000 -0.000000 -0.000000 0 128
0.000000 -0.000000 -0.000000 0 128
0.000000 -0.000000 -0.000000 0 128
0.000000 -0.000000 -0.000000 0 128
0.000000 -0.000000 -0.000000 0 128
0.000000 -0.000000 -0.000000 0 128
0.000000 -0.000000 -0.000000 0 128
0.000000 -0.000000 -0.000000 0 128
0.000000 -0.000000 -0.000000 0 128
0.000000 -0.000000 -0.000000 0 128
0.000000 -0.000000 -0.000000 0 128
0.000000 -0.000000 -0.000000 0 128
0.000000 -0.000000 -0.000000 0 128
0.000000 -0.000000 -0.000000 0 128
0.000000 -0.000000 -0.000000 0 128
0.000000 -0.000000 -0.000000 0 128
0.000000 -0.000000 -0.000000 0 128
0.000000 -0.000000 -0.000000 0 128
0.000000 -0.000000 -0.000000 0 128
0.000000 -0.000000 -0.000000 0 128
0.000000 -0.000000 -0.000000 0 128
0.000000 -0.000000 -0.000000 0 128
0.000000 -0.000000 -0.000000 0 128
0.000000 -0.000000 -0.000000 0 128
0.000000 -0.000000 -0.000000 0 128
0.000000 -0.000000 -0.000000 0 128
0.000000 -0.000000 -0.000000 0 128
0.000000 -0.000000 -0.000000 0 128
0.000000 -0.000000 -0.000000 0 192
0.000000 -0.000000 -0.000000 0 128
0.000000 -0.000000 -0.000000 0 128
0.000000 -0.000000 -0.000000 0 128
0.000000 -0.000000 -0.000000 0 128
0.000000 -0.000000 -0.000000 0 128
0.000000 -0.000000 -0.000000 0 128
0.000000 -0.000000 -0.000000 0 128
0.000000 -0.000000 -0.000000 0 128
0.000000 -0.000000 -0.000000 0 128
0.000000 -0.000000 -0.000000 0 128
0.000000 -0.000000 -0.000000 0 128
0.000000 -0.000000 -0.000000 0 128
0.000000 -0.000000 -0.000000 0 128
0.000000 -0.000000 -0.000000 0 0
0.000000 -0.000000 -0.000000 0 128
0.000000 -0.000000 -0.000000 0 192
0.000000 -0.000000 -0.000000 0 0
0.000000 -0.000000 -0.000000 0 0
0.000000 -0.000000 -0.000000 0 128
0.000000 -0.000000 -0.000000 0 128
0.000000 -0.000000 -0.000000 0 0
0.000000 -0.000000 -0.000000 0 128
0.000000 -0.000000 -0.000000 0 128
0.000000 -0.000000 -0.000000 0 128
0.000000 -0.000000 -0.000000 0 128
0.000000 -0.000000 -0.000000 0 128
0.000000 -0.000000 -0.000000 0 128
3.941000 -7.951000 -0.088000 4 0
2.960000 -5.039000 -0.516000 0 0
0.000000 -0.000000 -0.000000 0 128
1.896000 -3.745000 -0.156000 0 0
3.711000 -7.962000 -0.095000 18 0
2.819000 -5.056000 -0.510000 35 0
1.893000 -3.656000 -0.258000 0 0
2.447000 -5.127000 -0.214000 68 0
4.191000 -9.581000 -0.123000 2 0
1.896000 -3.590000 -0.356000 0 0
2.499000 -5.111000 -0.357000 35 0
1.178000 -2.625000 -0.110000 0 0
0.000000 -0.000000 -0.000000 0 0
1.922000 -3.846000 -0.376000 1 0
0.000000 -0.000000 -0.000000 0 0
1.105000 -2.626000 -0.110000 39 0
0.000000 -0.000000 -0.000000 0 0
2.431000 -5.150000 -0.496000 42 0
1.127000 -2.602000 -0.178000 1 0
1.044000 -2.654000 -0.112000 7 0
2.834000 -7.991000 -0.125000 1 4
1.154000 -2.598000 -0.247000 3 0
1.068000 -2.632000 -0.179000 6 0
1.106000 -3.017000 -0.128000 21 2
2.683000 -8.182000 -0.137000 19 0
1.096000 -2.627000 -0.246000 10 0
1.125000 -2.966000 -0.200000 6 2
1.822000 -5.354000 -0.229000 5 0
2.488000 -8.243000 -0.146000 20 0
0.000000 -0.000000 -0.000000 0 0
1.178000 -3.339000 -0.224000 18 0
1.686000 -5.361000 -0.231000 3 0
1.646000 -5.965000 -0.112000 97 0
0.000000 -0.000000 -0.000000 0 128
0.000000 -0.000000 -0.000000 0 128
0.000000 -0.000000 -0.000000 0 128
0.000000 -0.000000 -0.000000 0 128
0.000000 -0.000000 -0.000000 0 128
0.000000 -0.000000 -0.000000 0 128
0.000000 -0.000000 -0.000000 0 128
0.000000 -0.000000 -0.000000 0 128
0.000000 -0.000000 -0.000000 0 128
0.000000 -0.000000 -0.000000 0 128
0.000000 -0.000000 -0.000000 0 128
0.000000 -0.000000 -0.000000 0 128
0.000000 -0.000000 -0.000000 0 128
0.000000 -0.000000 -0.000000 0 128
0.000000 -0.000000 -0.000000 0 128
0.000000 -0.000000 -0.000000 0 128
0.000000 -0.000000 -0.000000 0 128
0.000000 -0.000000 -0.000000 0 128
0.000000 -0.000000 -0.000000 0 128
0.000000 -0.000000 -0.000000 0 128
0.000000 -0.000000 -0.000000 0 128
0.000000 -0.000000 -0.000000 0 128
0.000000 -0.000000 -0.000000 0 128
0.000000 -0.000000 -0.000000 0 128
0.000000 -0.000000 -0.000000 0 128
0.000000 -0.000000 -0.000000 0 128
0.000000 -0.000000 -0.000000 0 128
0.000000 -0.000000 -0.000000 0 128
0.000000 -0.000000 -0.000000 0 128
0.000000 -0.000000 -0.000000 0 128
0.000000 -0.000000 -0.000000 0 128
0.000000 -0.000000 -0.000000 0 128
0.000000 -0.000000 -0.000000 0 128
0.000000 -0.000000 -0.000000 0 128
0.000000 -0.000000 -0.000000 0 128
0.000000 -0.000000 -0.000000 0 192
0.000000 -0.000000 -0.000000 0 128
0.000000 -0.000000 -0.000000 0 128
0.000000 -0.000000 -0.000000 0 128
0.000000 -0.000000 -0.000000 0 128
0.000000 -0.000000 -0.000000 0 128
0.000000 -0.000000 -0.000000 0 128
0.000000 -0.000000 -0.000000 0 128
0.000000 -0.000000 -0.000000 0 128
0.000000 -0.000000 -0.000000 0 128
0.000000 -0.000000 -0.000000 0 128
0.000000 -0.000000 -0.000000 0 128
0.000000 -0.000000 -0.000000 0 128
0.000000 -0.000000 -0.000000 0 128
0.000000 -0.000000 -0.000000 0 0
0.000000 -0.000000 -0.000000 0 128
0.000000 -0.000000 -0.000000 0 192
0.000000 -0.000000 -0.000000 0 0
0.000000 -0.000000 -0.000000 0 0
0.000000 -0.000000 -0.000000 0 128
0.000000 -0.000000 -0.000000 0 128
0.000000 -0.000000 -0.000000 0 0
0.000000 -0.000000 -0.000000 0 128
0.000000 -0.000000 -0.000000 0 128
0.000000 -0.000000 -0.000000 0 128
0.000000 -0.000000 -0.000000 0 128
0.000000 -0.000000 -0.000000 0 128
0.000000 -0.000000 -0.000000 0 128
3.941000 -7.951000 -0.088000 4 0
2.960000 -5.039000 -0.516000 0 0
0.000000 -0.000000 -0.000000 0 128
1.896000 -3.745000 -0.156000 0 0
3.711000 -7.962000 -0.095000 18 0
2.819000 -5.056000 -0.510000 35 0
1.893000 -3.656000 -0.258000 0 0
2.447000 -5.127000 -0.214000 68 0
4.191000 -9.581000 -0.123000 2 0
1.896000 -3.590000 -0.356000 0 0
2.499000 -5.111000 -0.357000 35 0
1.178000 -2.625000 -0.110000 0 0
0.000000 -0.000000 -0.000000 0 0
1.922000 -3.846000 -0.376000 1 0
0.000000 -0.000000 -0.000000 0 0
1.105000 -2.626000 -0.110000 39 0
0.000000 -0.000000 -0.000000 0 0
2.431000 -5.150000 -0.496000 42 0
1.127000 -2.602000 -0.178000 1 0
1.044000 -2.654000 -0.112000 7 0
2.834000 -7.991000 -0.125000 1 4
1.154000 -2.598000 -0.247000 3 0
1.068000 -2.632000 -0.179000 6 0
1.106000 -3.017000 -0.128000 21 2
2.683000 -8.182000 -0.137000 19 0
1.096000 -2.627000 -0.246000 10 0
1.125000 -2.966000 -0.200000 6 2
1.822000 -5.354000 -0.229000 5 0
2.488000 -8.243000 -0.146000 20 0
0.000000 -0.000000 -0.000000 0 0
1.178000 -3.339000 -0.224000 18 0
1.686000 -5.361000 -0.231000 3 0
1.646000 -5.965000 -0.112000 97 0
1.110000 -3.039000 -0.277000 3 0
1.098000 -3.354000 -0.224000 7 0
1.548000 -5.360000 -0.234000 5 0
2.097000 -8.366000 -0.165000 64 0
1.075000 -3.163000 -0.285000 16 0
1.616000 -5.351000 -0.355000 4 0
1.428000 -5.410000 -0.237000 13 0
1.894000 -8.393000 -0.174000 39 0
1.002000 -3.187000 -0.284000 11 0
1.492000 -5.384000 -0.356000 13 0
1.299000 -5.436000 -0.241000 17 0
1.690000 -8.408000 -0.183000 17 0
1.549000 -5.344000 -0.470000 58 0
1.368000 -5.417000 -0.356000 11 0
1.172000 -5.467000 -0.244000 28 0
1.779000 -10.106000 -0.233000 100 0
1.422000 -5.361000 -0.467000 60 0
1.242000 -5.451000 -0.358000 38 0
1.038000 -5.466000 -0.247000 14 0
1.543000 -10.165000 -0.245000 93 0
1.295000 -5.379000 -0.463000 63 0
1.111000 -5.456000 -0.357000 34 0
1.678000 -10.126000 -0.463000 36 0
1.099000 -8.599000 -0.217000 1 4
1.177000 -5.427000 -0.463000 59 0
1.814000 -10.099000 -0.659000 40 0
0.000000 -0.000000 -0.000000 0 0
0.000000 -0.000000 -0.000000 0 0
1.055000 -5.461000 -0.461000 12 0
1.578000 -10.118000 -0.659000 22 0
0.000000 -0.000000 -0.000000 0 192
0.000000 -0.000000 -0.000000 0 192
1.711000 -10.100000 -0.844000 26 0
0.000000 -0.000000 -0.000000 0 0
0.000000 -0.000000 -0.000000 0 128
0.000000 -0.000000 -0.000000 0 128
0.622000 -4.263000 -0.353000 0 0
0.000000 -0.000000 -0.000000 0 192
0.000000 -0.000000 -0.000000 0 128
0.000000 -0.000000 -0.000000 0 192
0.000000 -0.000000 -0.000000 0 0
0.000000 -0.000000 -0.000000 0 128
0.000000 -0.000000 -0.000000 0 128
0.000000 -0.000000 -0.000000 0 128
0.000000 -0.000000 -0.000000 0 192
0.000000 -0.000000 -0.000000 0 192
0.000000 -0.000000 -0.000000 0 192
0.000000 -0.000000 -0.000000 0 192
0.000000 -0.000000 -0.000000 0 128
0.000000 -0.000000 -0.000000 0 128
0.000000 -0.000000 -0.000000 0 128
0.000000 -0.000000 -0.000000 0 128
0.000000 -0.000000 -0.000000 0 192
0.000000 -0.000000 -0.000000 0 192
0.000000 -0.000000 -0.000000 0 192
0.000000 -0.000000 -0.000000 0 128
0.000000 -0.000000 -0.000000 0 128
0.000000 -0.000000 -0.000000 0 128
0.000000 -0.000000 -0.000000 0 128
-0.175000 -2.069000 -0.076000 0 0
0.000000 -0.000000 -0.000000 0 192
0.000000 -0.000000 -0.000000 0 192
0.000000 -0.000000 -0.000000 0 0
-0.208000 -1.927000 -0.074000 1 0
0.000000 -0.000000 -0.000000 0 128
0.000000 -0.000000 -0.000000 0 128
-0.185000 -2.012000 -0.107000 1 0
-0.239000 -1.810000 -0.072000 1 0
0.000000 -0.000000 -0.000000 0 128
0.000000 -0.000000 -0.000000 0 0
-0.220000 -1.901000 -0.103000 1 0
-0.265000 -1.700000 -0.070000 2 0
0.000000 -0.000000 -0.000000 0 128
-0.198000 -1.980000 -0.130000 1 0
-0.247000 -1.774000 -0.097000 1 0
-0.289000 -1.607000 -0.069000 2 0
0.000000 -0.000000 -0.000000 0 0
-0.229000 -1.852000 -0.122000 1 0
-0.273000 -1.676000 -0.094000 1 0
-0.306000 -1.501000 -0.067000 2 0
-0.209000 -1.928000 -0.148000 1 0
-0.254000 -1.728000 -0.115000 1 0
-0.296000 -1.583000 -0.090000 2 0
-0.481000 -2.105000 -0.098000 58 0
-0.238000 -1.806000 -0.138000 1 0
-0.281000 -1.641000 -0.110000 2 0
-0.452000 -2.139000 -0.124000 6 0
-0.505000 -1.995000 -0.096000 64 0
-0.264000 -1.696000 -0.129000 1 0
-0.302000 -1.547000 -0.104000 2 0
-0.489000 -2.072000 -0.123000 59 0
-0.525000 -1.892000 -0.094000 70 0
-0.286000 -1.594000 -0.121000 1 0
-0.465000 -2.118000 -0.143000 56 0
-0.511000 -1.962000 -0.118000 61 0
-0.549000 -1.813000 -0.094000 67 0
1.110000 -3.039000 -0.277000 3 0
1.098000 -3.354000 -0.224000 7 0
1.548000 -5.360000 -0.234000 5 0
2.097000 -8.366000 -0.165000 64 0
1.075000 -3.163000 -0.285000 16 0
1.616000 -5.351000 -0.355000 4 0
1.428000 -5.410000 -0.237000 13 0
1.894000 -8.393000 -0.174000 39 0
1.002000 -3.187000 -0.284000 11 0
1.492000 -5.384000 -0.356000 13 0
1.299000 -5.436000 -0.241000 17 0
1.690000 -8.408000 -0.183000 17 0
1.549000 -5.344000 -0.470000 58 0
1.368000 -5.417000 -0.356000 11 0
1.172000 -5.467000 -0.244000 28 0
1.779000 -10.106000 -0.233000 100 0
1.422000 -5.361000 -0.467000 60 0
1.242000 -5.451000 -0.358000 38 0
1.038000 -5.466000 -0.247000 14 0
1.543000 -10.165000 -0.245000 93 0
1.295000 -5.379000 -0.463000 63 0
1.111000 -5.456000 -0.357000 34 0
1.678000 -10.126000 -0.463000 36 0
1.099000 -8.599000 -0.217000 1 4
1.177000 -5.427000 -0.463000 59 0
1.814000 -10.099000 -0.659000 40 0
0.000000 -0.000000 -0.000000 0 0
0.000000 -0.000000 -0.000000 0 0
1.055000 -5.461000 -0.461000 12 0
1.578000 -10.118000 -0.659000 22 0
0.000000 -0.000000 -0.000000 0 192
0.000000 -0.000000 -0.000000 0 192
1.711000 -10.100000 -0.844000 26 0
0.000000 -0.000000 -0.000000 0 0
0.000000 -0.000000 -0.000000 0 128
0.000000 -0.000000 -0.000000 0 128
0.622000 -4.263000 -0.353000 0 0
0.000000 -0.000000 -0.000000 0 192
0.000000 -0.000000 -0.000000 0 128
0.000000 -0.000000 -0.000000 0 192
0.000000 -0.000000 -0.000000 0 0
0.000000 -0.000000 -0.000000 0 128
0.000000 -0.000000 -0.000000 0 128
0.000000 -0.000000 -0.000000 0 128
0.000000 -0.000000 -0.000000 0 192
0.000000 -0.000000 -0.000000 0 192
0.000000 -0.000000 -0.000000 0 192
0.000000 -0.000000 -0.000000 0 192
0.000000 -0.000000 -0.000000 0 128
0.000000 -0.000000 -0.000000 0 128
0.000000 -0.000000 -0.000000 0 128
0.000000 -0.000000 -0.000000 0 128
0.000000 -0.000000 -0.000000 0 192
0.000000 -0.000000 -0.000000 0 192
0.000000 -0.000000 -0.000000 0 192
0.000000 -0.000000 -0.000000 0 128
0.000000 -0.000000 -0.000000 0 128
0.000000 -0.000000 -0.000000 0 128
0.000000 -0.000000 -0.000000 0 128
-0.175000 -2.069000 -0.076000 0 0
0.000000 -0.000000 -0.000000 0 192
0.000000 -0.000000 -0.000000 0 192
0.000000 -0.000000 -0.000000 0 0
-0.208000 -1.927000 -0.074000 1 0
0.000000 -0.000000 -0.000000 0 128
0.000000 -0.000000 -0.000000 0 128
-0.185000 -2.012000 -0.107000 1 0
-0.239000 -1.810000 -0.072000 1 0
0.000000 -0.000000 -0.000000 0 128
0.000000 -0.000000 -0.000000 0 0
-0.220000 -1.901000 -0.103000 1 0
-0.265000 -1.700000 -0.070000 2 0
0.000000 -0.000000 -0.000000 0 128
-0.198000 -1.980000 -0.130000 1 0
-0.247000 -1.774000 -0.097000 1 0
-0.289000 -1.607000 -0.069000 2 0
0.000000 -0.000000 -0.000000 0 0
-0.229000 -1.852000 -0.122000 1 0
-0.273000 -1.676000 -0.094000 1 0
-0.306000 -1.501000 -0.067000 2 0
-0.209000 -1.928000 -0.148000 1 0
-0.254000 -1.728000 -0.115000 1 0
-0.296000 -1.583000 -0.090000 2 0
-0.481000 -2.105000 -0.098000 58 0
-0.238000 -1.806000 -0.138000 1 0
-0.281000 -1.641000 -0.110000 2 0
-0.452000 -2.139000 -0.124000 6 0
-0.505000 -1.995000 -0.096000 64 0
-0.264000 -1.696000 -0.129000 1 0
-0.302000 -1.547000 -0.104000 2 0
-0.489000 -2.072000 -0.123000 59 0
-0.525000 -1.892000 -0.094000 70 0
-0.286000 -1.594000 -0.121000 1 0
-0.465000 -2.118000 -0.143000 56 0
-0.511000 -1.962000 -0.118000 61 0
-0.549000 -1.813000 -0.094000 67 0
-0.303000 -1.488000 -0.112000 2 0
-0.495000 -2.030000 -0.138000 63 0
-0.532000 -1.868000 -0.115000 65 0
-0.570000 -1.736000 -0.093000 69 0
-0.477000 -2.089000 -0.158000 60 0
-0.517000 -1.924000 -0.132000 61 0
-0.553000 -1.779000 -0.112000 69 0
-0.587000 -1.658000 -0.092000 71 0
-0.501000 -1.982000 -0.149000 60 0
-0.541000 -1.841000 -0.128000 60 0
-0.573000 -1.704000 -0.109000 66 0
-0.602000 -1.583000 -0.092000 77 0
-0.525000 -1.891000 -0.142000 62 0
-0.560000 -1.755000 -0.123000 67 0
-0.589000 -1.627000 -0.107000 71 0
-0.617000 -1.517000 -0.091000 76 0
-0.547000 -1.806000 -0.136000 65 0
-0.579000 -1.679000 -0.118000 67 0
-0.607000 -1.561000 -0.105000 71 0
-0.639000 -1.471000 -0.092000 16 0
-0.567000 -1.724000 -0.129000 67 0
-0.596000 -1.605000 -0.114000 63 0
-0.626000 -1.507000 -0.103000 15 0
-0.648000 -1.403000 -0.091000 15 0
-0.585000 -1.650000 -0.124000 63 0
-0.614000 -1.543000 -0.111000 72 0
-0.637000 -1.438000 -0.101000 16 0
-0.663000 -1.353000 -0.091000 15 0
-0.602000 -1.578000 -0.119000 75 0
-0.632000 -1.486000 -0.108000 13 0
-0.652000 -1.385000 -0.099000 14 0
-0.675000 -1.301000 -0.090000 14 0
-0.618000 -1.513000 -0.114000 69 0
-0.645000 -1.424000 -0.105000 15 0
-0.666000 -1.333000 -0.098000 14 0
-0.688000 -1.254000 -0.090000 14 0
-0.638000 -1.463000 -0.110000 15 0
-0.658000 -1.366000 -0.102000 13 0
-0.678000 -1.284000 -0.097000 14 0
-0.705000 -1.218000 -0.091000 17 0
-0.647000 -1.393000 -0.105000 15 0
-0.672000 -1.316000 -0.100000 14 0
-0.695000 -1.243000 -0.096000 16 0
-0.714000 -1.172000 -0.091000 17 0
-0.662000 -1.341000 -0.102000 14 0
-0.686000 -1.270000 -0.098000 16 0
-0.705000 -1.197000 -0.095000 16 0
-0.717000 -1.117000 -0.090000 17 0
-0.674000 -1.289000 -0.098000 14 0
-0.694000 -1.216000 -0.095000 16 0
-0.713000 -1.149000 -0.093000 16 0
-0.722000 -1.071000 -0.090000 17 0
-0.688000 -1.242000 -0.095000 14 0
-0.708000 -1.175000 -0.093000 16 0
-0.720000 -1.103000 -0.092000 16 0
-0.727000 -1.027000 -0.089000 16 64
-0.700000 -1.197000 -0.092000 17 0
-0.717000 -1.131000 -0.091000 16 0
-0.729000 -1.061000 -0.091000 16 0
-0.740000 -0.995000 -0.090000 17 0
-0.708000 -1.149000 -0.089000 17 0
-0.727000 -1.088000 -0.089000 16 0
-0.736000 -1.021000 -0.090000 16 0
-0.747000 -0.959000 -0.090000 17 0
-0.718000 -1.106000 -0.086000 17 0
-0.732000 -1.043000 -0.087000 16 0
-0.742000 -0.980000 -0.089000 15 0
-0.757000 -0.927000 -0.091000 17 0
-0.726000 -1.061000 -0.083000 17 64
-0.739000 -1.001000 -0.085000 15 0
-0.751000 -0.946000 -0.089000 15 0
-0.765000 -0.895000 -0.091000 17 0
-0.733000 -1.019000 -0.081000 16 0
-0.747000 -0.965000 -0.084000 15 0
-0.761000 -0.914000 -0.088000 15 0
-0.775000 -0.866000 -0.092000 18 0
-0.743000 -0.983000 -0.079000 17 0
-0.758000 -0.933000 -0.083000 15 0
-0.766000 -0.878000 -0.088000 15 0
-0.784000 -0.837000 -0.092000 23 0
-0.752000 -0.947000 -0.077000 17 64
-0.766000 -0.899000 -0.082000 15 0
-0.775000 -0.849000 -0.087000 15 0
-0.791000 -0.807000 -0.092000 23 0
-0.764000 -0.917000 -0.075000 18 0
-0.772000 -0.865000 -0.080000 15 0
-0.785000 -0.821000 -0.087000 15 0
-0.806000 -0.786000 -0.094000 24 0
-0.772000 -0.883000 -0.073000 17 0
-0.785000 -0.838000 -0.080000 15 0
-0.797000 -0.796000 -0.088000 15 0
-0.811000 -0.756000 -0.094000 19 64
-0.777000 -0.848000 -0.071000 24 0
-0.796000 -0.811000 -0.079000 15 0
-0.804000 -0.766000 -0.087000 15 0
-0.817000 -0.728000 -0.095000 24 0
-0.303000 -1.488000 -0.112000 2 0
-0.495000 -2.030000 -0.138000 63 0
-0.532000 -1.868000 -0.115000 65 0
-0.570000 -1.736000 -0.093000 69 0
-0.477000 -2.089000 -0.158000 60 0
-0.517000 -1.924000 -0.132000 61 0
-0.553000 -1.779000 -0.112000 69 0
-0.587000 -1.658000 -0.092000 71 0
-0.501000 -1.982000 -0.149000 60 0
-0.541000 -1.841000 -0.128000 60 0
-0.573000 -1.704000 -0.109000 66 0
-0.602000 -1.583000 -0.092000 77 0
-0.525000 -1.891000 -0.142000 62 0
-0.560000 -1.755000 -0.123000 67 0
-0.589000 -1.627000 -0.107000 71 0
-0.617000 -1.517000 -0.091000 76 0
-0.547000 -1.806000 -0.136000 65 0
-0.579000 -1.679000 -0.118000 67 0
-0.607000 -1.561000 -0.105000 71 0
-0.639000 -1.471000 -0.092000 16 0
-0.567000 -1.724000 -0.129000 67 0
-0.596000 -1.605000 -0.114000 63 0
-0.626000 -1.507000 -0.103000 15 0
-0.648000 -1.403000 -0.091000 15 0
-0.585000 -1.650000 -0.124000 63 0
-0.614000 -1.543000 -0.111000 72 0
-0.637000 -1.438000 -0.101000 16 0
-0.663000 -1.353000 -0.091000 15 0
-0.602000 -1.578000 -0.119000 75 0
-0.632000 -1.486000 -0.108000 13 0
-0.652000 -1.385000 -0.099000 14 0
-0.675000 -1.301000 -0.090000 14 0
-0.618000 -1.513000 -0.114000 69 0
-0.645000 -1.424000 -0.105000 15 0
-0.666000 -1.333000 -0.098000 14 0
-0.688000 -1.254000 -0.090000 14 0
-0.638000 -1.463000 -0.110000 15 0
-0.658000 -1.366000 -0.102000 13 0
-0.678000 -1.284000 -0.097000 14 0
-0.705000 -1.218000 -0.091000 17 0
-0.647000 -1.393000 -0.105000 15 0
-0.672000 -1.316000 -0.100000 14 0
-0.695000 -1.243000 -0.096000 16 0
-0.714000 -1.172000 -0.091000 17 0
-0.662000 -1.341000 -0.102000 14 0
-0.686000 -1.270000 -0.098000 16 0
-0.705000 -1.197000 -0.095000 16 0
-0.717000 -1.117000 -0.090000 17 0
-0.674000 -1.289000 -0.098000 14 0
-0.694000 -1.216000 -0.095000 16 0
-0.713000 -1.149000 -0.093000 16 0
-0.722000 -1.071000 -0.090000 17 0
-0.688000 -1.242000 -0.095000 14 0
-0.708000 -1.175000 -0.093000 16 0
-0.720000 -1.103000 -0.092000 16 0
-0.727000 -1.027000 -0.089000 16 64
-0.700000 -1.197000 -0.092000 17 0
-0.717000 -1.131000 -0.091000 16 0
-0.729000 -1.061000 -0.091000 16 0
-0.740000 -0.995000 -0.090000 17 0
-0.708000 -1.149000 -0.089000 17 0
-0.727000 -1.088000 -0.089000 16 0
-0.736000 -1.021000 -0.090000 16 0
-0.747000 -0.959000 -0.090000 17 0
-0.718000 -1.106000 -0.086000 17 0
-0.732000 -1.043000 -0.087000 16 0
-0.742000 -0.980000 -0.089000 15 0
-0.757000 -0.927000 -0.091000 17 0
-0.726000 -1.061000 -0.083000 17 64
-0.739000 -1.001000 -0.085000 15 0
-0.751000 -0.946000 -0.089000 15 0
-0.765000 -0.895000 -0.091000 17 0
-0.733000 -1.019000 -0.081000 16 0
-0.747000 -0.965000 -0.084000 15 0
-0.761000 -0.914000 -0.088000 15 0
-0.775000 -0.866000 -0.092000 18 0
-0.743000 -0.983000 -0.079000 17 0
-0.758000 -0.933000 -0.083000 15 0
-0.766000 -0.878000 -0.088000 15 0
-0.784000 -0.837000 -0.092000 23 0
-0.752000 -0.947000 -0.077000 17 64
-0.766000 -0.899000 -0.082000 15 0
-0.775000 -0.849000 -0.087000 15 0
-0.791000 -0.807000 -0.092000 23 0
-0.764000 -0.917000 -0.075000 18 0
-0.772000 -0.865000 -0.080000 15 0
-0.785000 -0.821000 -0.087000 15 0
-0.806000 -0.786000 -0.094000 24 0
-0.772000 -0.883000 -0.073000 17 0
-0.785000 -0.838000 -0.080000 15 0
-0.797000 -0.796000 -0.088000 15 0
-0.811000 -0.756000 -0.094000 19 64
-0.777000 -0.848000 -0.071000 24 0
-0.796000 -0.811000 -0.079000 15 0
-0.804000 -0.766000 -0.087000 15 0
-0.817000 -0.728000 -0.095000 24 0
-0.788000 -0.819000 -0.070000 25 0
-0.802000 -0.780000 -0.078000 15 0
-0.808000 -0.736000 -0.087000 15 0
-0.825000 -0.702000 -0.095000 24 0
-0.798000 -0.791000 -0.069000 25 0
-0.810000 -0.751000 -0.078000 15 0
-0.817000 -0.710000 -0.087000 18 0
-0.826000 -0.672000 -0.095000 23 0
-0.803000 -0.758000 -0.067000 24 0
-0.818000 -0.724000 -0.077000 15 0
-0.827000 -0.686000 -0.087000 15 0
-0.833000 -0.647000 -0.096000 23 0
-0.809000 -0.729000 -0.065000 24 0
-0.825000 -0.697000 -0.076000 15 0
-0.829000 -0.657000 -0.087000 17 0
-0.840000 -0.622000 -0.097000 22 0
-0.817000 -0.702000 -0.064000 24 0
-0.826000 -0.665000 -0.075000 14 0
-0.835000 -0.631000 -0.087000 17 0
-0.852000 -0.602000 -0.098000 22 0
-0.829000 -0.677000 -0.064000 24 0
-0.833000 -0.639000 -0.075000 14 0
-0.843000 -0.607000 -0.087000 17 0
-0.849000 -0.572000 -0.098000 21 0
-0.837000 -0.651000 -0.062000 23 0
-0.842000 -0.615000 -0.074000 14 0
-0.836000 -0.573000 -0.086000 16 0
-0.859000 -0.551000 -0.099000 21 0
-0.840000 -0.622000 -0.061000 18 0
-0.850000 -0.590000 -0.074000 14 0
-0.847000 -0.552000 -0.086000 16 0
-0.857000 -0.522000 -0.099000 21 0
-0.847000 -0.597000 -0.060000 18 0
-0.860000 -0.568000 -0.074000 14 0
-0.853000 -0.529000 -0.087000 15 0
-0.866000 -0.502000 -0.100000 21 0
-0.843000 -0.564000 -0.059000 17 0
-0.863000 -0.541000 -0.073000 14 0
-0.860000 -0.507000 -0.087000 15 0
-0.868000 -0.478000 -0.101000 21 0
-0.850000 -0.540000 -0.058000 17 0
-0.863000 -0.514000 -0.073000 14 0
-0.865000 -0.483000 -0.087000 16 0
-0.812000 -0.423000 -0.094000 9 1
-0.857000 -0.515000 -0.057000 17 0
-0.872000 -0.492000 -0.073000 16 0
-0.626000 -0.331000 -0.063000 8 18
-0.876000 -0.432000 -0.102000 19 0
-0.864000 -0.492000 -0.056000 17 0
-0.815000 -0.435000 -0.067000 14 1
-0.868000 -0.434000 -0.087000 15 0
-0.886000 -0.412000 -0.103000 19 0
-0.873000 -0.469000 -0.056000 17 0
-0.723000 -0.364000 -0.059000 7 0
-0.879000 -0.415000 -0.088000 15 0
-0.886000 -0.389000 -0.104000 19 0
-0.621000 -0.315000 -0.039000 12 34
-0.880000 -0.417000 -0.072000 15 0
-0.883000 -0.392000 -0.088000 15 0
-0.894000 -0.369000 -0.105000 16 64
-0.880000 -0.420000 -0.054000 17 0
-0.885000 -0.395000 -0.071000 14 0
-0.806000 -0.336000 -0.081000 14 2
0.000000 -0.000000 -0.000000 0 0
-0.844000 -0.378000 -0.051000 13 0
-0.646000 -0.270000 -0.052000 9 2
-0.597000 -0.233000 -0.059000 6 16
-0.581000 -0.210000 -0.069000 2 0
-0.641000 -0.269000 -0.038000 18 32
-0.600000 -0.235000 -0.048000 5 16
-0.594000 -0.216000 -0.059000 5 0
0.000000 -0.000000 -0.000000 0 0
-0.591000 -0.231000 -0.035000 9 32
-0.603000 -0.219000 -0.048000 10 16
-0.613000 -0.207000 -0.061000 4 16
-0.917000 -0.286000 -0.110000 15 64
0.000000 -0.000000 -0.000000 0 0
0.000000 -0.000000 -0.000000 0 0
-0.855000 -0.268000 -0.086000 6 0
-0.919000 -0.264000 -0.110000 16 64
-0.598000 -0.201000 -0.034000 9 32
0.000000 -0.000000 -0.000000 0 0
-0.915000 -0.263000 -0.092000 15 0
-0.912000 -0.240000 -0.110000 16 64
0.000000 -0.000000 -0.000000 0 0
-0.901000 -0.258000 -0.071000 17 0
-0.919000 -0.242000 -0.092000 15 0
-0.921000 -0.221000 -0.112000 19 0
-0.914000 -0.259000 -0.052000 17 0
-0.926000 -0.241000 -0.073000 14 0
-0.929000 -0.222000 -0.094000 15 0
-0.925000 -0.201000 -0.113000 16 64
-0.919000 -0.237000 -0.051000 17 0
-0.926000 -0.218000 -0.073000 14 0
-0.930000 -0.200000 -0.094000 15 0
-0.925000 -0.179000 -0.114000 19 0
-0.788000 -0.819000 -0.070000 25 0
-0.802000 -0.780000 -0.078000 15 0
-0.808000 -0.736000 -0.087000 15 0
-0.825000 -0.702000 -0.095000 24 0
-0.798000 -0.791000 -0.069000 25 0
-0.810000 -0.751000 -0.078000 15 0
-0.817000 -0.710000 -0.087000 18 0
-0.826000 -0.672000 -0.095000 23 0
-0.803000 -0.758000 -0.067000 24 0
-0.818000 -0.724000 -0.077000 15 0
-0.827000 -0.686000 -0.087000 15 0
-0.833000 -0.647000 -0.096000 23 0
-0.809000 -0.729000 -0.065000 24 0
-0.825000 -0.697000 -0.076000 15 0
-0.829000 -0.657000 -0.087000 17 0
-0.840000 -0.622000 -0.097000 22 0
-0.817000 -0.702000 -0.064000 24 0
-0.826000 -0.665000 -0.075000 14 0
-0.835000 -0.631000 -0.087000 17 0
-0.852000 -0.602000 -0.098000 22 0
-0.829000 -0.677000 -0.064000 24 0
-0.833000 -0.639000 -0.075000 14 0
-0.843000 -0.607000 -0.087000 17 0
-0.849000 -0.572000 -0.098000 21 0
-0.837000 -0.651000 -0.062000 23 0
-0.842000 -0.615000 -0.074000 14 0
-0.836000 -0.573000 -0.086000 16 0
-0.859000 -0.551000 -0.099000 21 0
-0.840000 -0.622000 -0.061000 18 0
-0.850000 -0.590000 -0.074000 14 0
-0.847000 -0.552000 -0.086000 16 0
-0.857000 -0.522000 -0.099000 21 0
-0.847000 -0.597000 -0.060000 18 0
-0.860000 -0.568000 -0.074000 14 0
-0.853000 -0.529000 -0.087000 15 0
-0.866000 -0.502000 -0.100000 21 0
-0.843000 -0.564000 -0.059000 17 0
-0.863000 -0.541000 -0.073000 14 0
-0.860000 -0.507000 -0.087000 15 0
-0.868000 -0.478000 -0.101000 21 0
-0.850000 -0.540000 -0.058000 17 0
-0.863000 -0.514000 -0.073000 14 0
-0.865000 -0.483000 -0.087000 16 0
-0.812000 -0.423000 -0.094000 9 1
-0.857000 -0.515000 -0.057000 17 0
-0.872000 -0.492000 -0.073000 16 0
-0.626000 -0.331000 -0.063000 8 18
-0.876000 -0.432000 -0.102000 19 0
-0.864000 -0.492000 -0.056000 17 0
-0.815000 -0.435000 -0.067000 14 1
-0.868000 -0.434000 -0.087000 15 0
-0.886000 -0.412000 -0.103000 19 0
-0.873000 -0.469000 -0.056000 17 0
-0.723000 -0.364000 -0.059000 7 0
-0.879000 -0.415000 -0.088000 15 0
-0.886000 -0.389000 -0.104000 19 0
-0.621000 -0.315000 -0.039000 12 34
-0.880000 -0.417000 -0.072000 15 0
-0.883000 -0.392000 -0.088000 15 0
-0.894000 -0.369000 -0.105000 16 64
-0.880000 -0.420000 -0.054000 17 0
-0.885000 -0.395000 -0.071000 14 0
-0.806000 -0.336000 -0.081000 14 2
0.000000 -0.000000 -0.000000 0 0
-0.844000 -0.378000 -0.051000 13 0
-0.646000 -0.270000 -0.052000 9 2
-0.597000 -0.233000 -0.059000 6 16
-0.581000 -0.210000 -0.069000 2 0
-0.641000 -0.269000 -0.038000 18 32
-0.600000 -0.235000 -0.048000 5 16
-0.594000 -0.216000 -0.059000 5 0
0.000000 -0.000000 -0.000000 0 0
-0.591000 -0.231000 -0.035000 9 32
-0.603000 -0.219000 -0.048000 10 16
-0.613000 -0.207000 -0.061000 4 16
-0.917000 -0.286000 -0.110000 15 64
0.000000 -0.000000 -0.000000 0 0
0.000000 -0.000000 -0.000000 0 0
-0.855000 -0.268000 -0.086000 6 0
-0.919000 -0.264000 -0.110000 16 64
-0.598000 -0.201000 -0.034000 9 32
0.000000 -0.000000 -0.000000 0 0
-0.915000 -0.263000 -0.092000 15 0
-0.912000 -0.240000 -0.110000 16 64
0.000000 -0.000000 -0.000000 0 0
-0.901000 -0.258000 -0.071000 17 0
-0.919000 -0.242000 -0.092000 15 0
-0.921000 -0.221000 -0.112000 19 0
-0.914000 -0.259000 -0.052000 17 0
-0.926000 -0.241000 -0.073000 14 0
-0.929000 -0.222000 -0.094000 15 0
-0.925000 -0.201000 -0.113000 16 64
-0.919000 -0.237000 -0.051000 17 0
-0.926000 -0.218000 -0.073000 14 0
-0.930000 -0.200000 -0.094000 15 0
-0.925000 -0.179000 -0.114000 19 0
-0.925000 -0.215000 -0.051000 17 0
-0.929000 -0.196000 -0.073000 14 0
-0.935000 -0.179000 -0.095000 15 0
-0.933000 -0.159000 -0.115000 16 64
-0.933000 -0.193000 -0.051000 17 0
-0.940000 -0.176000 -0.074000 14 0
-0.941000 -0.158000 -0.096000 15 0
-0.938000 -0.139000 -0.117000 16 64
-0.935000 -0.170000 -0.051000 17 0
-0.944000 -0.154000 -0.074000 14 0
-0.949000 -0.137000 -0.097000 15 0
-0.948000 -0.119000 -0.119000 16 64
-0.939000 -0.147000 -0.051000 17 0
-0.947000 -0.131000 -0.074000 14 0
-0.951000 -0.116000 -0.098000 15 0
-0.958000 -0.099000 -0.121000 16 64
-0.945000 -0.125000 -0.051000 17 0
-0.957000 -0.110000 -0.075000 14 0
-0.956000 -0.094000 -0.099000 15 0
-0.963000 -0.078000 -0.122000 16 64
-0.951000 -0.102000 -0.051000 17 0
-0.959000 -0.087000 -0.075000 14 0
-0.965000 -0.073000 -0.100000 15 0
-0.971000 -0.057000 -0.124000 19 0
-0.960000 -0.080000 -0.052000 17 0
-0.966000 -0.065000 -0.076000 15 0
-0.966000 -0.051000 -0.101000 15 0
-0.974000 -0.036000 -0.126000 16 64
-0.961000 -0.056000 -0.052000 17 0
-0.973000 -0.043000 -0.077000 15 0
-0.969000 -0.029000 -0.102000 15 0
-0.982000 -0.014000 -0.128000 16 64
-0.965000 -0.033000 -0.052000 17 0
-0.974000 -0.020000 -0.078000 15 0
-0.977000 -0.007000 -0.103000 15 0
-0.982000 0.006000 -0.129000 16 64
-0.983000 -0.010000 -0.053000 17 64
-0.982000 0.002000 -0.079000 14 0
-0.979000 0.015000 -0.104000 15 0
-0.986000 0.028000 -0.131000 16 64
-0.982000 0.013000 -0.053000 17 0
-0.986000 0.025000 -0.079000 12 64
-0.985000 0.037000 -0.106000 12 64
-0.996000 0.050000 -0.133000 18 64
-0.990000 0.037000 -0.053000 17 0
-0.999000 0.049000 -0.081000 13 64
-0.995000 0.060000 -0.108000 13 64
-0.998000 0.072000 -0.135000 18 64
-0.992000 0.061000 -0.054000 17 0
-1.001000 0.073000 -0.082000 13 64
-0.999000 0.083000 -0.109000 12 64
-1.012000 0.096000 -0.138000 18 64
-0.997000 0.086000 -0.054000 17 0
-1.011000 0.098000 -0.083000 13 64
-1.003000 0.106000 -0.110000 13 64
-1.009000 0.118000 -0.139000 18 64
-1.013000 0.112000 -0.055000 19 0
-1.016000 0.122000 -0.084000 14 64
-1.003000 0.129000 -0.111000 13 64
-1.021000 0.142000 -0.142000 18 64
-1.014000 0.137000 -0.056000 19 0
-1.027000 0.148000 -0.086000 14 64
-1.006000 0.153000 -0.113000 13 64
-1.027000 0.166000 -0.144000 18 64
-1.024000 0.164000 -0.057000 19 0
-1.028000 0.173000 -0.087000 17 0
-1.008000 0.177000 -0.114000 12 64
-0.998000 0.184000 -0.141000 3 64
-0.993000 0.184000 -0.055000 5 0
-1.018000 0.196000 -0.086000 2 64
-1.011000 0.202000 -0.116000 2 64
-1.011000 0.210000 -0.145000 2 64
-0.992000 0.209000 -0.056000 1 0
-1.025000 0.222000 -0.088000 2 64
-1.011000 0.225000 -0.117000 1 64
-1.014000 0.234000 -0.147000 2 64
-1.070000 0.252000 -0.061000 1 1
-1.113000 0.269000 -0.097000 2 64
-1.107000 0.273000 -0.129000 2 66
-1.111000 0.282000 -0.163000 2 66
-1.100000 0.288000 -0.063000 1 0
-1.120000 0.299000 -0.098000 2 64
-1.116000 0.303000 -0.132000 2 64
-1.111000 0.308000 -0.165000 1 64
-1.101000 0.317000 -0.064000 1 0
-1.123000 0.328000 -0.100000 2 64
-1.122000 0.332000 -0.134000 2 64
-1.119000 0.337000 -0.168000 1 64
-1.098000 0.345000 -0.064000 0 0
-1.131000 0.359000 -0.102000 2 64
-1.127000 0.361000 -0.136000 1 64
-1.128000 0.367000 -0.171000 1 64
-1.110000 0.378000 -0.066000 1 0
-1.137000 0.391000 -0.104000 2 64
-1.133000 0.392000 -0.139000 2 64
-1.132000 0.396000 -0.174000 1 64
-0.925000 -0.215000 -0.051000 17 0
-0.929000 -0.196000 -0.073000 14 0
-0.935000 -0.179000 -0.095000 15 0
-0.933000 -0.159000 -0.115000 16 64
-0.933000 -0.193000 -0.051000 17 0
-0.940000 -0.176000 -0.074000 14 0
-0.941000 -0.158000 -0.096000 15 0
-0.938000 -0.139000 -0.117000 16 64
-0.935000 -0.170000 -0.051000 17 0
-0.944000 -0.154000 -0.074000 14 0
-0.949000 -0.137000 -0.097000 15 0
-0.948000 -0.119000 -0.119000 16 64
-0.939000 -0.147000 -0.051000 17 0
-0.947000 -0.131000 -0.074000 14 0
-0.951000 -0.116000 -0.098000 15 0
-0.958000 -0.099000 -0.121000 16 64
-0.945000 -0.125000 -0.051000 17 0
-0.957000 -0.110000 -0.075000 14 0
-0.956000 -0.094000 -0.099000 15 0
-0.963000 -0.078000 -0.122000 16 64
-0.951000 -0.102000 -0.051000 17 0
-0.959000 -0.087000 -0.075000 14 0
-0.965000 -0.073000 -0.100000 15 0
-0.971000 -0.057000 -0.124000 19 0
-0.960000 -0.080000 -0.052000 17 0
-0.966000 -0.065000 -0.076000 15 0
-0.966000 -0.051000 -0.101000 15 0
-0.974000 -0.036000 -0.126000 16 64
-0.961000 -0.056000 -0.052000 17 0
-0.973000 -0.043000 -0.077000 15 0
-0.969000 -0.029000 -0.102000 15 0
-0.982000 -0.014000 -0.128000 16 64
-0.965000 -0.033000 -0.052000 17 0
-0.974000 -0.020000 -0.078000 15 0
-0.977000 -0.007000 -0.103000 15 0
-0.982000 0.006000 -0.129000 16 64
-0.983000 -0.010000 -0.053000 17 64
-0.982000 0.002000 -0.079000 14 0
-0.979000 0.015000 -0.104000 15 0
-0.986000 0.028000 -0.131000 16 64
-0.982000 0.013000 -0.053000 17 0
-0.986000 0.025000 -0.079000 12 64
-0.985000 0.037000 -0.106000 12 64
-0.996000 0.050000 -0.133000 18 64
-0.990000 0.037000 -0.053000 17 0
-0.999000 0.049000 -0.081000 13 64
-0.995000 0.060000 -0.108000 13 64
-0.998000 0.072000 -0.135000 18 64
-0.992000 0.061000 -0.054000 17 0
-1.001000 0.073000 -0.082000 13 64
-0.999000 0.083000 -0.109000 12 64
-1.012000 0.096000 -0.138000 18 64
-0.997000 0.086000 -0.054000 17 0
-1.011000 0.098000 -0.083000 13 64
-1.003000 0.106000 -0.110000 13 64
-1.009000 0.118000 -0.139000 18 64
-1.013000 0.112000 -0.055000 19 0
-1.016000 0.122000 -0.084000 14 64
-1.003000 0.129000 -0.111000 13 64
-1.021000 0.142000 -0.142000 18 64
-1.014000 0.137000 -0.056000 19 0
-1.027000 0.148000 -0.086000 14 64
-1.006000 0.153000 -0.113000 13 64
-1.027000 0.166000 -0.144000 18 64
-1.024000 0.164000 -0.057000 19 0
-1.028000 0.173000 -0.087000 17 0
-1.008000 0.177000 -0.114000 12 64
-0.998000 0.184000 -0.141000 3 64
-0.993000 0.184000 -0.055000 5 0
-1.018000 0.196000 -0.086000 2 64
-1.011000 0.202000 -0.116000 2 64
-1.011000 0.210000 -0.145000 2 64
-0.992000 0.209000 -0.056000 1 0
-1.025000 0.222000 -0.088000 2 64
-1.011000 0.225000 -0.117000 1 64
-1.014000 0.234000 -0.147000 2 64
-1.070000 0.252000 -0.061000 1 1
-1.113000 0.269000 -0.097000 2 64
-1.107000 0.273000 -0.129000 2 66
-1.111000 0.282000 -0.163000 2 66
-1.100000 0.288000 -0.063000 1 0
-1.120000 0.299000 -0.098000 2 64
-1.116000 0.303000 -0.132000 2 64
-1.111000 0.308000 -0.165000 1 64
-1.101000 0.317000 -0.064000 1 0
-1.123000 0.328000 -0.100000 2 64
-1.122000 0.332000 -0.134000 2 64
-1.119000 0.337000 -0.168000 1 64
-1.098000 0.345000 -0.064000 0 0
-1.131000 0.359000 -0.102000 2 64
-1.127000 0.361000 -0.136000 1 64
-1.128000 0.367000 -0.171000 1 64
-1.110000 0.378000 -0.066000 1 0
-1.137000 0.391000 -0.104000 2 64
-1.133000 0.392000 -0.139000 2 64
-1.132000 0.396000 -0.174000 1 64
-1.104000 0.406000 -0.067000 0 0
-1.145000 0.424000 -0.106000 2 0
-1.140000 0.423000 -0.142000 1 64
-1.137000 0.426000 -0.177000 1 64
-1.123000 0.444000 -0.069000 0 0
-1.146000 0.455000 -0.108000 2 0
-1.145000 0.455000 -0.144000 1 64
-1.143000 0.457000 -0.181000 1 64
-1.126000 0.478000 -0.070000 0 0
-1.156000 0.491000 -0.110000 1 0
-1.156000 0.490000 -0.148000 1 64
-1.152000 0.490000 -0.184000 1 64
-1.132000 0.513000 -0.072000 0 0
-1.161000 0.525000 -0.113000 1 0
-1.153000 0.521000 -0.150000 1 64
-1.160000 0.524000 -0.188000 1 64
-1.134000 0.547000 -0.073000 0 0
-1.171000 0.563000 -0.115000 1 0
-1.170000 0.560000 -0.154000 1 64
-1.166000 0.557000 -0.192000 1 64
0.000000 -0.000000 -0.000000 0 0
-1.173000 0.599000 -0.118000 2 64
-1.175000 0.596000 -0.157000 1 64
-1.175000 0.594000 -0.196000 1 64
-1.172000 0.637000 -0.079000 0 0
-1.189000 0.643000 -0.121000 1 0
-1.177000 0.631000 -0.160000 1 64
-1.177000 0.628000 -0.200000 1 64
0.000000 -0.000000 -0.000000 0 0
-1.195000 0.682000 -0.124000 1 64
-1.189000 0.673000 -0.165000 1 64
-1.188000 0.668000 -0.205000 1 64
-1.198000 0.729000 -0.084000 0 0
-1.206000 0.726000 -0.128000 1 0
-1.204000 0.718000 -0.170000 1 0
-1.203000 0.711000 -0.211000 10 0
0.000000 -0.000000 -0.000000 0 0
-1.213000 0.770000 -0.131000 8 0
-1.210000 0.758000 -0.174000 1 0
-1.220000 0.758000 -0.218000 1 0
0.000000 -0.000000 -0.000000 0 128
-1.231000 0.823000 -0.136000 1 0
-1.218000 0.803000 -0.178000 10 0
-1.218000 0.795000 -0.221000 8 0
-1.229000 0.876000 -0.093000 0 64
-1.242000 0.873000 -0.141000 9 0
-1.238000 0.857000 -0.185000 1 0
-1.237000 0.846000 -0.228000 1 0
-1.249000 0.937000 -0.098000 9 0
-1.256000 0.927000 -0.145000 1 0
-1.238000 0.900000 -0.189000 9 0
-1.241000 0.889000 -0.233000 9 0
-1.231000 0.970000 -0.099000 0 64
-1.251000 0.969000 -0.148000 9 0
-1.256000 0.957000 -0.195000 1 0
-1.266000 0.950000 -0.243000 1 0
-1.194000 0.988000 -0.099000 16 0
-1.221000 0.993000 -0.148000 2 0
-1.223000 0.976000 -0.194000 11 0
-1.242000 0.976000 -0.243000 9 0
-1.191000 1.035000 -0.102000 0 0
-1.185000 1.010000 -0.148000 7 0
-1.203000 1.006000 -0.195000 2 0
-1.211000 0.996000 -0.241000 2 0
-1.230000 1.122000 -0.108000 59 0
-1.226000 1.096000 -0.157000 12 0
-1.210000 1.059000 -0.201000 18 0
-1.190000 1.023000 -0.242000 7 0
-1.253000 1.201000 -0.114000 13 0
-1.241000 1.163000 -0.163000 58 0
-1.238000 1.134000 -0.211000 12 0
-1.221000 1.097000 -0.254000 55 1
-1.271000 1.278000 -0.120000 53 0
-1.261000 1.238000 -0.171000 56 0
-1.246000 1.195000 -0.217000 59 0
-1.242000 1.167000 -0.264000 13 0
-1.294000 1.364000 -0.126000 57 0
-1.276000 1.313000 -0.178000 54 0
-1.269000 1.273000 -0.227000 53 0
-1.255000 1.232000 -0.273000 55 0
-1.310000 1.451000 -0.133000 57 0
-1.301000 1.403000 -0.187000 52 0
-1.289000 1.354000 -0.237000 48 0
-1.275000 1.308000 -0.284000 51 0
-1.331000 1.546000 -0.140000 55 0
-1.318000 1.490000 -0.196000 56 0
-1.304000 1.433000 -0.246000 53 0
-1.294000 1.388000 -0.295000 57 0
-1.345000 1.640000 -0.147000 0 4
-1.343000 1.591000 -0.206000 53 0
-1.326000 1.526000 -0.258000 47 0
-1.313000 1.472000 -0.307000 52 0
-1.898000 2.432000 -0.217000 0 0
-1.959000 2.434000 -0.312000 0 0
-1.347000 1.622000 -0.270000 63 0
-1.332000 1.561000 -0.320000 53 0
-1.104000 0.406000 -0.067000 0 0
-1.145000 0.424000 -0.106000 2 0
-1.140000 0.423000 -0.142000 1 64
-1.137000 0.426000 -0.177000 1 64
-1.123000 0.444000 -0.069000 0 0
-1.146000 0.455000 -0.108000 2 0
-1.145000 0.455000 -0.144000 1 64
-1.143000 0.457000 -0.181000 1 64
-1.126000 0.478000 -0.070000 0 0
-1.156000 0.491000 -0.110000 1 0
-1.156000 0.490000 -0.148000 1 64
-1.152000 0.490000 -0.184000 1 64
-1.132000 0.513000 -0.072000 0 0
-1.161000 0.525000 -0.113000 1 0
-1.153000 0.521000 -0.150000 1 64
-1.160000 0.524000 -0.188000 1 64
-1.134000 0.547000 -0.073000 0 0
-1.171000 0.563000 -0.115000 1 0
-1.170000 0.560000 -0.154000 1 64
-1.166000 0.557000 -0.192000 1 64
0.000000 -0.000000 -0.000000 0 0
-1.173000 0.599000 -0.118000 2 64
-1.175000 0.596000 -0.157000 1 64
-1.175000 0.594000 -0.196000 1 64
-1.172000 0.637000 -0.079000 0 0
-1.189000 0.643000 -0.121000 1 0
-1.177000 0.631000 -0.160000 1 64
-1.177000 0.628000 -0.200000 1 64
0.000000 -0.000000 -0.000000 0 0
-1.195000 0.682000 -0.124000 1 64
-1.189000 0.673000 -0.165000 1 64
-1.188000 0.668000 -0.205000 1 64
-1.198000 0.729000 -0.084000 0 0
-1.206000 0.726000 -0.128000 1 0
-1.204000 0.718000 -0.170000 1 0
-1.203000 0.711000 -0.211000 10 0
0.000000 -0.000000 -0.000000 0 0
-1.213000 0.770000 -0.131000 8 0
-1.210000 0.758000 -0.174000 1 0
-1.220000 0.758000 -0.218000 1 0
0.000000 -0.000000 -0.000000 0 128
-1.231000 0.823000 -0.136000 1 0
-1.218000 0.803000 -0.178000 10 0
-1.218000 0.795000 -0.221000 8 0
-1.229000 0.876000 -0.093000 0 64
-1.242000 0.873000 -0.141000 9 0
-1.238000 0.857000 -0.185000 1 0
-1.237000 0.846000 -0.228000 1 0
-1.249000 0.937000 -0.098000 9 0
-1.256000 0.927000 -0.145000 1 0
-1.238000 0.900000 -0.189000 9 0
-1.241000 0.889000 -0.233000 9 0
-1.231000 0.970000 -0.099000 0 64
-1.251000 0.969000 -0.148000 9 0
-1.256000 0.957000 -0.195000 1 0
-1.266000 0.950000 -0.243000 1 0
-1.194000 0.988000 -0.099000 16 0
-1.221000 0.993000 -0.148000 2 0
-1.223000 0.976000 -0.194000 11 0
-1.242000 0.976000 -0.243000 9 0
-1.191000 1.035000 -0.102000 0 0
-1.185000 1.010000 -0.148000 7 0
-1.203000 1.006000 -0.195000 2 0
-1.211000 0.996000 -0.241000 2 0
-1.230000 1.122000 -0.108000 59 0
-1.226000 1.096000 -0.157000 12 0
-1.210000 1.059000 -0.201000 18 0
-1.190000 1.023000 -0.242000 7 0
-1.253000 1.201000 -0.114000 13 0
-1.241000 1.163000 -0.163000 58 0
-1.238000 1.134000 -0.211000 12 0
-1.221000 1.097000 -0.254000 55 1
-1.271000 1.278000 -0.120000 53 0
-1.261000 1.238000 -0.171000 56 0
-1.246000 1.195000 -0.217000 59 0
-1.242000 1.167000 -0.264000 13 0
-1.294000 1.364000 -0.126000 57 0
-1.276000 1.313000 -0.178000 54 0
-1.269000 1.273000 -0.227000 53 0
-1.255000 1.232000 -0.273000 55 0
-1.310000 1.451000 -0.133000 57 0
-1.301000 1.403000 -0.187000 52 0
-1.289000 1.354000 -0.237000 48 0
-1.275000 1.308000 -0.284000 51 0
-1.331000 1.546000 -0.140000 55 0
-1.318000 1.490000 -0.196000 56 0
-1.304000 1.433000 -0.246000 53 0
-1.294000 1.388000 -0.295000 57 0
-1.345000 1.640000 -0.147000 0 4
-1.343000 1.591000 -0.206000 53 0
-1.326000 1.526000 -0.258000 47 0
-1.313000 1.472000 -0.307000 52 0
-1.898000 2.432000 -0.217000 0 0
-1.959000 2.434000 -0.312000 0 0
-1.347000 1.622000 -0.270000 63 0
-1.332000 1.561000 -0.320000 53 0
-1.823000 2.455000 -0.218000 0 0
-1.874000 2.442000 -0.309000 0 0
-1.905000 2.405000 -0.394000 31 0
-1.347000 1.651000 -0.332000 3 0
-1.743000 2.470000 -0.218000 1 0
-1.799000 2.461000 -0.308000 2 0
-1.833000 2.424000 -0.391000 31 0
-1.880000 2.412000 -0.477000 29 0
-1.670000 2.490000 -0.219000 0 0
-1.722000 2.475000 -0.306000 0 0
-1.764000 2.446000 -0.389000 31 0
-1.811000 2.432000 -0.474000 29 0
-1.601000 2.515000 -0.220000 0 0
-1.656000 2.502000 -0.307000 0 0
-1.688000 2.457000 -0.386000 33 0
-1.742000 2.451000 -0.470000 30 0
-1.523000 2.524000 -0.220000 0 0
-1.577000 2.508000 -0.305000 0 0
-1.620000 2.477000 -0.384000 34 0
-1.671000 2.465000 -0.465000 30 0
-1.451000 2.540000 -0.221000 0 0
-1.508000 2.528000 -0.305000 0 0
-1.550000 2.493000 -0.382000 35 0
-1.602000 2.480000 -0.461000 30 0
-1.381000 2.558000 -0.223000 0 0
-1.440000 2.546000 -0.305000 0 0
-1.484000 2.511000 -0.380000 36 0
-1.533000 2.494000 -0.457000 31 0
-1.312000 2.575000 -0.224000 0 0
-1.371000 2.563000 -0.305000 0 0
-1.418000 2.529000 -0.379000 38 0
-1.469000 2.512000 -0.455000 30 0
-1.234000 2.572000 -0.224000 8 0
-1.305000 2.581000 -0.305000 0 0
-1.349000 2.541000 -0.377000 39 0
-1.404000 2.528000 -0.452000 35 0
-1.169000 2.592000 -0.226000 8 0
-1.238000 2.597000 -0.305000 2 0
-1.280000 2.546000 -0.374000 46 0
-1.340000 2.544000 -0.449000 31 0
-1.113000 2.634000 -0.230000 0 0
-1.175000 2.620000 -0.306000 2 0
-1.218000 2.568000 -0.373000 51 0
-1.275000 2.558000 -0.446000 33 0
-1.039000 2.633000 -0.231000 0 0
-1.104000 2.623000 -0.306000 3 0
-1.154000 2.585000 -0.373000 49 0
-1.212000 2.573000 -0.443000 34 0
-0.968000 2.634000 -0.232000 35 0
-1.039000 2.640000 -0.306000 3 0
-1.090000 2.596000 -0.372000 47 0
-1.146000 2.580000 -0.439000 40 0
-1.744000 5.116000 -0.453000 36 0
-0.967000 2.635000 -0.305000 29 0
-1.027000 2.614000 -0.371000 53 0
-1.086000 2.601000 -0.438000 42 0
-1.586000 5.040000 -0.448000 26 0
-1.748000 5.126000 -0.593000 57 0
-0.965000 2.630000 -0.371000 31 0
-1.023000 2.613000 -0.436000 38 0
-1.517000 5.251000 -0.470000 24 0
-1.592000 5.044000 -0.582000 117 0
-1.744000 5.107000 -0.716000 101 0
-0.993000 2.714000 -0.448000 150 0
-1.381000 5.238000 -0.471000 67 0
-1.510000 5.204000 -0.600000 70 0
-1.592000 5.033000 -0.701000 19 0
-1.661000 4.871000 -0.797000 26 0
-1.047000 4.395000 -0.398000 0 0
-1.395000 5.261000 -0.607000 50 0
-1.525000 5.235000 -0.726000 18 0
-1.453000 4.593000 -0.745000 16 0
-1.422000 6.660000 -0.608000 22 0
-1.086000 4.518000 -0.521000 2 0
-1.228000 4.601000 -0.635000 1 0
-1.523000 5.220000 -0.839000 45 0
0.000000 -0.000000 -0.000000 0 0
-1.419000 6.563000 -0.757000 39 0
-1.282000 5.288000 -0.726000 21 0
-1.406000 5.260000 -0.839000 19 0
-1.203000 7.308000 -0.678000 20 64
-1.224000 6.378000 -0.737000 22 0
-1.066000 4.878000 -0.667000 30 0
-1.291000 5.298000 -0.838000 96 0
-0.815000 5.807000 -0.544000 77 0
-1.039000 6.182000 -0.716000 26 0
-0.954000 4.901000 -0.668000 91 0
-1.173000 5.330000 -0.837000 50 0
-0.618000 5.297000 -0.501000 150 0
-0.897000 6.213000 -0.721000 126 0
-0.845000 4.941000 -0.672000 90 0
-0.864000 4.393000 -0.685000 92 0
-0.545000 5.860000 -0.560000 59 0
-0.648000 5.368000 -0.625000 156 0
-0.736000 4.981000 -0.675000 84 0
-0.766000 4.422000 -0.685000 84 0
-1.823000 2.455000 -0.218000 0 0
-1.874000 2.442000 -0.309000 0 0
-1.905000 2.405000 -0.394000 31 0
-1.347000 1.651000 -0.332000 3 0
-1.743000 2.470000 -0.218000 1 0
-1.799000 2.461000 -0.308000 2 0
-1.833000 2.424000 -0.391000 31 0
-1.880000 2.412000 -0.477000 29 0
-1.670000 2.490000 -0.219000 0 0
-1.722000 2.475000 -0.306000 0 0
-1.764000 2.446000 -0.389000 31 0
-1.811000 2.432000 -0.474000 29 0
-1.601000 2.515000 -0.220000 0 0
-1.656000 2.502000 -0.307000 0 0
-1.688000 2.457000 -0.386000 33 0
-1.742000 2.451000 -0.470000 30 0
-1.523000 2.524000 -0.220000 0 0
-1.577000 2.508000 -0.305000 0 0
-1.620000 2.477000 -0.384000 34 0
-1.671000 2.465000 -0.465000 30 0
-1.451000 2.540000 -0.221000 0 0
-1.508000 2.528000 -0.305000 0 0
-1.550000 2.493000 -0.382000 35 0
-1.602000 2.480000 -0.461000 30 0
-1.381000 2.558000 -0.223000 0 0
-1.440000 2.546000 -0.305000 0 0
-1.484000 2.511000 -0.380000 36 0
-1.533000 2.494000 -0.457000 31 0
-1.312000 2.575000 -0.224000 0 0
-1.371000 2.563000 -0.305000 0 0
-1.418000 2.529000 -0.379000 38 0
-1.469000 2.512000 -0.455000 30 0
-1.234000 2.572000 -0.224000 8 0
-1.305000 2.581000 -0.305000 0 0
-1.349000 2.541000 -0.377000 39 0
-1.404000 2.528000 -0.452000 35 0
-1.169000 2.592000 -0.226000 8 0
-1.238000 2.597000 -0.305000 2 0
-1.280000 2.546000 -0.374000 46 0
-1.340000 2.544000 -0.449000 31 0
-1.113000 2.634000 -0.230000 0 0
-1.175000 2.620000 -0.306000 2 0
-1.218000 2.568000 -0.373000 51 0
-1.275000 2.558000 -0.446000 33 0
-1.039000 2.633000 -0.231000 0 0
-1.104000 2.623000 -0.306000 3 0
-1.154000 2.585000 -0.373000 49 0
-1.212000 2.573000 -0.443000 34 0
-0.968000 2.634000 -0.232000 35 0
-1.039000 2.640000 -0.306000 3 0
-1.090000 2.596000 -0.372000 47 0
-1.146000 2.580000 -0.439000 40 0
-1.744000 5.116000 -0.453000 36 0
-0.967000 2.635000 -0.305000 29 0
-1.027000 2.614000 -0.371000 53 0
-1.086000 2.601000 -0.438000 42 0
-1.586000 5.040000 -0.448000 26 0
-1.748000 5.126000 -0.593000 57 0
-0.965000 2.630000 -0.371000 31 0
-1.023000 2.613000 -0.436000 38 0
-1.517000 5.251000 -0.470000 24 0
-1.592000 5.044000 -0.582000 117 0
-1.744000 5.107000 -0.716000 101 0
-0.993000 2.714000 -0.448000 150 0
-1.381000 5.238000 -0.471000 67 0
-1.510000 5.204000 -0.600000 70 0
-1.592000 5.033000 -0.701000 19 0
-1.661000 4.871000 -0.797000 26 0
-1.047000 4.395000 -0.398000 0 0
-1.395000 5.261000 -0.607000 50 0
-1.525000 5.235000 -0.726000 18 0
-1.453000 4.593000 -0.745000 16 0
-1.422000 6.660000 -0.608000 22 0
-1.086000 4.518000 -0.521000 2 0
-1.228000 4.601000 -0.635000 1 0
-1.523000 5.220000 -0.839000 45 0
0.000000 -0.000000 -0.000000 0 0
-1.419000 6.563000 -0.757000 39 0
-1.282000 5.288000 -0.726000 21 0
-1.406000 5.260000 -0.839000 19 0
-1.203000 7.308000 -0.678000 20 64
-1.224000 6.378000 -0.737000 22 0
-1.066000 4.878000 -0.667000 30 0
-1.291000 5.298000 -0.838000 96 0
-0.815000 5.807000 -0.544000 77 0
-1.039000 6.182000 -0.716000 26 0
-0.954000 4.901000 -0.668000 91 0
-1.173000 5.330000 -0.837000 50 0
-0.618000 5.297000 -0.501000 150 0
-0.897000 6.213000 -0.721000 126 0
-0.845000 4.941000 -0.672000 90 0
-0.864000 4.393000 -0.685000 92 0
-0.545000 5.860000 -0.560000 59 0
-0.648000 5.368000 -0.625000 156 0
-0.736000 4.981000 -0.675000 84 0
-0.766000 4.422000 -0.685000 84 0
0.000000 -0.000000 -0.000000 0 0
-0.570000 5.855000 -0.684000 89 0
-0.623000 5.008000 -0.678000 97 0
-0.670000 4.458000 -0.686000 92 0
0.000000 -0.000000 -0.000000 0 192
0.000000 -0.000000 -0.000000 0 0
-0.511000 5.040000 -0.681000 104 0
-0.570000 4.485000 -0.687000 89 0
0.000000 -0.000000 -0.000000 0 192
0.000000 -0.000000 -0.000000 0 0
0.000000 -0.000000 -0.000000 0 0
-0.471000 4.519000 -0.688000 76 0
0.000000 -0.000000 -0.000000 0 192
0.000000 -0.000000 -0.000000 0 192
0.000000 -0.000000 -0.000000 0 192
-0.371000 4.554000 -0.690000 13 0
0.000000 -0.000000 -0.000000 0 192
0.000000 -0.000000 -0.000000 0 192
0.000000 -0.000000 -0.000000 0 192
0.000000 -0.000000 -0.000000 0 0
0.000000 -0.000000 -0.000000 0 192
0.000000 -0.000000 -0.000000 0 192
0.000000 -0.000000 -0.000000 0 192
0.000000 -0.000000 -0.000000 0 192
0.000000 -0.000000 -0.000000 0 128
0.000000 -0.000000 -0.000000 0 192
0.000000 -0.000000 -0.000000 0 192
0.000000 -0.000000 -0.000000 0 192
0.166000 1.764000 -0.186000 1 64
0.000000 -0.000000 -0.000000 0 192
0.000000 -0.000000 -0.000000 0 192
0.000000 -0.000000 -0.000000 0 192
0.193000 1.643000 -0.176000 22 0
0.154000 1.764000 -0.215000 5 0
0.000000 -0.000000 -0.000000 0 192
0.000000 -0.000000 -0.000000 0 192
0.219000 1.548000 -0.168000 49 0
0.187000 1.686000 -0.207000 22 0
0.000000 -0.000000 -0.000000 0 192
0.000000 -0.000000 -0.000000 0 192
0.258000 1.564000 -0.173000 14 0
0.210000 1.566000 -0.194000 31 0
0.173000 1.646000 -0.224000 14 0
0.000000 -0.000000 -0.000000 0 192
0.297000 1.570000 -0.176000 15 0
0.246000 1.561000 -0.195000 11 0
0.203000 1.582000 -0.216000 23 0
0.000000 -0.000000 -0.000000 0 192
0.338000 1.586000 -0.181000 13 0
0.284000 1.567000 -0.198000 11 0
0.237000 1.563000 -0.214000 9 0
0.193000 1.568000 -0.231000 19 0
0.374000 1.576000 -0.183000 56 0
0.324000 1.578000 -0.201000 12 0
0.276000 1.579000 -0.217000 6 0
0.226000 1.545000 -0.228000 14 0
0.419000 1.600000 -0.189000 13 0
0.365000 1.593000 -0.206000 11 0
0.309000 1.556000 -0.215000 35 0
0.264000 1.553000 -0.229000 16 0
0.461000 1.608000 -0.193000 59 0
0.406000 1.601000 -0.209000 32 0
0.349000 1.567000 -0.218000 11 0
0.302000 1.561000 -0.230000 14 0
0.504000 1.618000 -0.198000 51 0
0.443000 1.593000 -0.210000 32 0
0.391000 1.584000 -0.221000 13 0
0.341000 1.566000 -0.231000 14 0
0.549000 1.628000 -0.203000 29 0
0.484000 1.598000 -0.213000 58 0
0.432000 1.593000 -0.224000 13 0
0.380000 1.574000 -0.232000 67 0
0.589000 1.621000 -0.206000 51 0
0.529000 1.611000 -0.218000 56 0
0.474000 1.600000 -0.226000 61 0
0.424000 1.593000 -0.236000 16 0
0.637000 1.637000 -0.212000 51 0
0.573000 1.618000 -0.222000 56 0
0.519000 1.614000 -0.230000 13 0
0.465000 1.600000 -0.237000 65 0
0.686000 1.650000 -0.218000 47 0
0.620000 1.633000 -0.227000 45 0
0.561000 1.617000 -0.232000 59 0
0.510000 1.613000 -0.239000 62 0
0.737000 1.664000 -0.225000 41 0
0.670000 1.647000 -0.232000 34 0
0.608000 1.631000 -0.236000 54 0
0.553000 1.619000 -0.241000 62 0
0.802000 1.705000 -0.235000 91 0
0.719000 1.659000 -0.237000 44 0
0.657000 1.645000 -0.240000 37 0
0.599000 1.629000 -0.244000 47 0
1.014000 2.033000 -0.287000 37 0
0.770000 1.671000 -0.243000 40 0
0.705000 1.653000 -0.244000 41 0
0.647000 1.643000 -0.247000 27 0
0.000000 -0.000000 -0.000000 0 0
-0.570000 5.855000 -0.684000 89 0
-0.623000 5.008000 -0.678000 97 0
-0.670000 4.458000 -0.686000 92 0
0.000000 -0.000000 -0.000000 0 192
0.000000 -0.000000 -0.000000 0 0
-0.511000 5.040000 -0.681000 104 0
-0.570000 4.485000 -0.687000 89 0
0.000000 -0.000000 -0.000000 0 192
0.000000 -0.000000 -0.000000 0 0
0.000000 -0.000000 -0.000000 0 0
-0.471000 4.519000 -0.688000 76 0
0.000000 -0.000000 -0.000000 0 192
0.000000 -0.000000 -0.000000 0 192
0.000000 -0.000000 -0.000000 0 192
-0.371000 4.554000 -0.690000 13 0
0.000000 -0.000000 -0.000000 0 192
0.000000 -0.000000 -0.000000 0 192
0.000000 -0.000000 -0.000000 0 192
0.000000 -0.000000 -0.000000 0 0
0.000000 -0.000000 -0.000000 0 192
0.000000 -0.000000 -0.000000 0 192
0.000000 -0.000000 -0.000000 0 192
0.000000 -0.000000 -0.000000 0 192
0.000000 -0.000000 -0.000000 0 128
0.000000 -0.000000 -0.000000 0 192
0.000000 -0.000000 -0.000000 0 192
0.000000 -0.000000 -0.000000 0 192
0.166000 1.764000 -0.186000 1 64
0.000000 -0.000000 -0.000000 0 192
0.000000 -0.000000 -0.000000 0 192
0.000000 -0.000000 -0.000000 0 192
0.193000 1.643000 -0.176000 22 0
0.154000 1.764000 -0.215000 5 0
0.000000 -0.000000 -0.000000 0 192
0.000000 -0.000000 -0.000000 0 192
0.219000 1.548000 -0.168000 49 0
0.187000 1.686000 -0.207000 22 0
0.000000 -0.000000 -0.000000 0 192
0.000000 -0.000000 -0.000000 0 192
0.258000 1.564000 -0.173000 14 0
0.210000 1.566000 -0.194000 31 0
0.173000 1.646000 -0.224000 14 0
0.000000 -0.000000 -0.000000 0 192
0.297000 1.570000 -0.176000 15 0
0.246000 1.561000 -0.195000 11 0
0.203000 1.582000 -0.216000 23 0
0.000000 -0.000000 -0.000000 0 192
0.338000 1.586000 -0.181000 13 0
0.284000 1.567000 -0.198000 11 0
0.237000 1.563000 -0.214000 9 0
0.193000 1.568000 -0.231000 19 0
0.374000 1.576000 -0.183000 56 0
0.324000 1.578000 -0.201000 12 0
0.276000 1.579000 -0.217000 6 0
0.226000 1.545000 -0.228000 14 0
0.419000 1.600000 -0.189000 13 0
0.365000 1.593000 -0.206000 11 0
0.309000 1.556000 -0.215000 35 0
0.264000 1.553000 -0.229000 16 0
0.461000 1.608000 -0.193000 59 0
0.406000 1.601000 -0.209000 32 0
0.349000 1.567000 -0.218000 11 0
0.302000 1.561000 -0.230000 14 0
0.504000 1.618000 -0.198000 51 0
0.443000 1.593000 -0.210000 32 0
0.391000 1.584000 -0.221000 13 0
0.341000 1.566000 -0.231000 14 0
0.549000 1.628000 -0.203000 29 0
0.484000 1.598000 -0.213000 58 0
0.432000 1.593000 -0.224000 13 0
0.380000 1.574000 -0.232000 67 0
0.589000 1.621000 -0.206000 51 0
0.529000 1.611000 -0.218000 56 0
0.474000 1.600000 -0.226000 61 0
0.424000 1.593000 -0.236000 16 0
0.637000 1.637000 -0.212000 51 0
0.573000 1.618000 -0.222000 56 0
0.519000 1.614000 -0.230000 13 0
0.465000 1.600000 -0.237000 65 0
0.686000 1.650000 -0.218000 47 0
0.620000 1.633000 -0.227000 45 0
0.561000 1.617000 -0.232000 59 0
0.510000 1.613000 -0.239000 62 0
0.737000 1.664000 -0.225000 41 0
0.670000 1.647000 -0.232000 34 0
0.608000 1.631000 -0.236000 54 0
0.553000 1.619000 -0.241000 62 0
0.802000 1.705000 -0.235000 91 0
0.719000 1.659000 -0.237000 44 0
0.657000 1.645000 -0.240000 37 0
0.599000 1.629000 -0.244000 47 0
1.014000 2.033000 -0.287000 37 0
0.770000 1.671000 -0.243000 40 0
0.705000 1.653000 -0.244000 41 0
0.647000 1.643000 -0.247000 27 0
1.082000 2.051000 -0.296000 17 0
0.957000 1.957000 -0.289000 148 0
0.757000 1.668000 -0.249000 51 0
0.697000 1.656000 -0.250000 40 0
0.000000 -0.000000 -0.000000 0 0
1.057000 2.041000 -0.307000 25 0
0.844000 1.752000 -0.264000 151 0
0.745000 1.662000 -0.252000 49 0
0.000000 -0.000000 -0.000000 0 192
1.128000 2.062000 -0.315000 3 0
1.045000 2.046000 -0.312000 38 0
0.828000 1.737000 -0.265000 153 0
0.000000 -0.000000 -0.000000 0 128
0.000000 -0.000000 -0.000000 0 0
1.109000 2.054000 -0.317000 10 0
1.033000 2.044000 -0.314000 46 0
0.000000 -0.000000 -0.000000 0 0
0.000000 -0.000000 -0.000000 0 128
0.000000 -0.000000 -0.000000 0 0
1.098000 2.054000 -0.318000 16 0
0.000000 -0.000000 -0.000000 0 128
0.000000 -0.000000 -0.000000 0 128
0.000000 -0.000000 -0.000000 0 128
0.000000 -0.000000 -0.000000 0 0
0.000000 -0.000000 -0.000000 0 128
0.000000 -0.000000 -0.000000 0 0
0.000000 -0.000000 -0.000000 0 128
0.000000 -0.000000 -0.000000 0 128
0.000000 -0.000000 -0.000000 0 128
0.000000 -0.000000 -0.000000 0 128
0.000000 -0.000000 -0.000000 0 0
0.000000 -0.000000 -0.000000 0 128
0.000000 -0.000000 -0.000000 0 128
0.000000 -0.000000 -0.000000 0 0
0.000000 -0.000000 -0.000000 0 128
0.000000 -0.000000 -0.000000 0 0
0.000000 -0.000000 -0.000000 0 128
0.000000 -0.000000 -0.000000 0 0
0.000000 -0.000000 -0.000000 0 0
0.000000 -0.000000 -0.000000 0 128
0.000000 -0.000000 -0.000000 0 128
0.000000 -0.000000 -0.000000 0 0
0.000000 -0.000000 -0.000000 0 0
0.000000 -0.000000 -0.000000 0 128
0.000000 -0.000000 -0.000000 0 128
0.000000 -0.000000 -0.000000 0 0
0.000000 -0.000000 -0.000000 0 0
0.000000 -0.000000 -0.000000 0 128
0.000000 -0.000000 -0.000000 0 128
0.000000 -0.000000 -0.000000 0 0
0.000000 -0.000000 -0.000000 0 0
0.000000 -0.000000 -0.000000 0 0
0.000000 -0.000000 -0.000000 0 128
0.000000 -0.000000 -0.000000 0 0
0.000000 -0.000000 -0.000000 0 0
0.000000 -0.000000 -0.000000 0 128
0.000000 -0.000000 -0.000000 0 0
0.000000 -0.000000 -0.000000 0 0
0.000000 -0.000000 -0.000000 0 0
0.000000 -0.000000 -0.000000 0 0
0.000000 -0.000000 -0.000000 0 128
0.000000 -0.000000 -0.000000 0 0
0.000000 -0.000000 -0.000000 0 0
0.000000 -0.000000 -0.000000 0 128
0.000000 -0.000000 -0.000000 0 128
0.000000 -0.000000 -0.000000 0 192
0.000000 -0.000000 -0.000000 0 0
0.000000 -0.000000 -0.000000 0 0
0.000000 -0.000000 -0.000000 0 128
0.000000 -0.000000 -0.000000 0 128
0.000000 -0.000000 -0.000000 0 192
0.000000 -0.000000 -0.000000 0 128
0.000000 -0.000000 -0.000000 0 0
0.000000 -0.000000 -0.000000 0 0
0.000000 -0.000000 -0.000000 0 128
0.000000 -0.000000 -0.000000 0 192
0.000000 -0.000000 -0.000000 0 0
0.000000 -0.000000 -0.000000 0 0
0.000000 -0.000000 -0.000000 0 0
0.000000 -0.000000 -0.000000 0 128
0.000000 -0.000000 -0.000000 0 0
0.000000 -0.000000 -0.000000 0 0
0.000000 -0.000000 -0.000000 0 0
0.000000 -0.000000 -0.000000 0 0
0.000000 -0.000000 -0.000000 0 0
0.000000 -0.000000 -0.000000 0 0
0.000000 -0.000000 -0.000000 0 0
0.000000 -0.000000 -0.000000 0 0
0.000000 -0.000000 -0.000000 0 0
0.000000 -0.000000 -0.000000 0 0
0.000000 -0.000000 -0.000000 0 0
0.000000 -0.000000 -0.000000 0 0
0.000000 -0.000000 -0.000000 0 0
0.000000 -0.000000 -0.000000 0 0
0.000000 -0.000000 -0.000000 0 0
0.000000 -0.000000 -0.000000 0 0
1.082000 2.051000 -0.296000 17 0
0.957000 1.957000 -0.289000 148 0
0.757000 1.668000 -0.249000 51 0
0.697000 1.656000 -0.250000 40 0
0.000000 -0.000000 -0.000000 0 0
1.057000 2.041000 -0.307000 25 0
0.844000 1.752000 -0.264000 151 0
0.745000 1.662000 -0.252000 49 0
0.000000 -0.000000 -0.000000 0 192
1.128000 2.062000 -0.315000 3 0
1.045000 2.046000 -0.312000 38 0
0.828000 1.737000 -0.265000 153 0
0.000000 -0.000000 -0.000000 0 128
0.000000 -0.000000 -0.000000 0 0
1.109000 2.054000 -0.317000 10 0
1.033000 2.044000 -0.314000 46 0
0.000000 -0.000000 -0.000000 0 0
0.000000 -0.000000 -0.000000 0 128
0.000000 -0.000000 -0.000000 0 0
1.098000 2.054000 -0.318000 16 0
0.000000 -0.000000 -0.000000 0 128
0.000000 -0.000000 -0.000000 0 128
0.000000 -0.000000 -0.000000 0 128
0.000000 -0.000000 -0.000000 0 0
0.000000 -0.000000 -0.000000 0 128
0.000000 -0.000000 -0.000000 0 0
0.000000 -0.000000 -0.000000 0 128
0.000000 -0.000000 -0.000000 0 128
0.000000 -0.000000 -0.000000 0 128
0.000000 -0.000000 -0.000000 0 128
0.000000 -0.000000 -0.000000 0 0
0.000000 -0.000000 -0.000000 0 128
0.000000 -0.000000 -0.000000 0 128
0.000000 -0.000000 -0.000000 0 0
0.000000 -0.000000 -0.000000 0 128
0.000000 -0.000000 -0.000000 0 0
0.000000 -0.000000 -0.000000 0 128
0.000000 -0.000000 -0.000000 0 0
0.000000 -0.000000 -0.000000 0 0
0.000000 -0.000000 -0.000000 0 128
0.000000 -0.000000 -0.000000 0 128
0.000000 -0.000000 -0.000000 0 0
0.000000 -0.000000 -0.000000 0 0
0.000000 -0.000000 -0.000000 0 128
0.000000 -0.000000 -0.000000 0 128
0.000000 -0.000000 -0.000000 0 0
0.000000 -0.000000 -0.000000 0 0
0.000000 -0.000000 -0.000000 0 128
0.000000 -0.000000 -0.000000 0 128
0.000000 -0.000000 -0.000000 0 0
0.000000 -0.000000 -0.000000 0 0
0.000000 -0.000000 -0.000000 0 0
0.000000 -0.000000 -0.000000 0 128
0.000000 -0.000000 -0.000000 0 0
0.000000 -0.000000 -0.000000 0 0
0.000000 -0.000000 -0.000000 0 128
0.000000 -0.000000 -0.000000 0 0
0.000000 -0.000000 -0.000000 0 0
0.000000 -0.000000 -0.000000 0 0
0.000000 -0.000000 -0.000000 0 0
0.000000 -0.000000 -0.000000 0 128
0.000000 -0.000000 -0.000000 0 0
0.000000 -0.000000 -0.000000 0 0
0.000000 -0.000000 -0.000000 0 128
0.000000 -0.000000 -0.000000 0 128
0.000000 -0.000000 -0.000000 0 192
0.000000 -0.000000 -0.000000 0 0
0.000000 -0.000000 -0.000000 0 0
0.000000 -0.000000 -0.000000 0 128
0.000000 -0.000000 -0.000000 0 128
0.000000 -0.000000 -0.000000 0 192
0.000000 -0.000000 -0.000000 0 128
0.000000 -0.000000 -0.000000 0 0
0.000000 -0.000000 -0.000000 0 0
0.000000 -0.000000 -0.000000 0 128
0.000000 -0.000000 -0.000000 0 192
0.000000 -0.000000 -0.000000 0 0
0.000000 -0.000000 -0.000000 0 0
0.000000 -0.000000 -0.000000 0 0
0.000000 -0.000000 -0.000000 0 128
0.000000 -0.000000 -0.000000 0 0
0.000000 -0.000000 -0.000000 0 0
0.000000 -0.000000 -0.000000 0 0
0.000000 -0.000000 -0.000000 0 0
0.000000 -0.000000 -0.000000 0 0
0.000000 -0.000000 -0.000000 0 0
0.000000 -0.000000 -0.000000 0 0
0.000000 -0.000000 -0.000000 0 0
0.000000 -0.000000 -0.000000 0 0
0.000000 -0.000000 -0.000000 0 0
0.000000 -0.000000 -0.000000 0 0
0.000000 -0.000000 -0.000000 0 0
0.000000 -0.000000 -0.000000 0 0
0.000000 -0.000000 -0.000000 0 0
0.000000 -0.000000 -0.000000 0 0
0.000000 -0.000000 -0.000000 0 0
0.000000 -0.000000 -0.000000 0 0
0.000000 -0.000000 -0.000000 0 0
0.000000 -0.000000 -0.000000 0 0
0.000000 -0.000000 -0.000000 0 0
0.000000 -0.000000 -0.000000 0 0
0.000000 -0.000000 -0.000000 0 0
0.000000 -0.000000 -0.000000 0 0
0.000000 -0.000000 -0.000000 0 0
0.000000 -0.000000 -0.000000 0 0
0.000000 -0.000000 -0.000000 0 0
0.000000 -0.000000 -0.000000 0 0
0.000000 -0.000000 -0.000000 0 0
0.000000 -0.000000 -0.000000 0 0
0.000000 -0.000000 -0.000000 0 0
0.000000 -0.000000 -0.000000 0 0
0.000000 -0.000000 -0.000000 0 0
0.000000 -0.000000 -0.000000 0 0
0.000000 -0.000000 -0.000000 0 0
0.000000 -0.000000 -0.000000 0 0
0.000000 -0.000000 -0.000000 0 0
0.000000 -0.000000 -0.000000 0 0
0.000000 -0.000000 -0.000000 0 0
0.000000 -0.000000 -0.000000 0 0
0.000000 -0.000000 -0.000000 0 0
0.000000 -0.000000 -0.000000 0 0
0.000000 -0.000000 -0.000000 0 0
0.000000 -0.000000 -0.000000 0 0
0.000000 -0.000000 -0.000000 0 0
0.000000 -0.000000 -0.000000 0 0
0.000000 -0.000000 -0.000000 0 0
0.000000 -0.000000 -0.000000 0 0
0.000000 -0.000000 -0.000000 0 0
0.000000 -0.000000 -0.000000 0 0
0.000000 -0.000000 -0.000000 0 0
0.000000 -0.000000 -0.000000 0 0
0.000000 -0.000000 -0.000000 0 0
0.000000 -0.000000 -0.000000 0 0
0.000000 -0.000000 -0.000000 0 0
0.000000 -0.000000 -0.000000 0 0
0.000000 -0.000000 -0.000000 0 0
0.000000 -0.000000 -0.000000 0 0
0.000000 -0.000000 -0.000000 0 0
0.000000 -0.000000 -0.000000 0 0
0.000000 -0.000000 -0.000000 0 0
0.000000 -0.000000 -0.000000 0 0
0.000000 -0.000000 -0.000000 0 0
0.000000 -0.000000 -0.000000 0 0
0.000000 -0.000000 -0.000000 0 0
0.000000 -0.000000 -0.000000 0 0
0.000000 -0.000000 -0.000000 0 0
0.000000 -0.000000 -0.000000 0 0
0.000000 -0.000000 -0.000000 0 0
0.000000 -0.000000 -0.000000 0 0
0.000000 -0.000000 -0.000000 0 0
0.000000 -0.000000 -0.000000 0 0
0.000000 -0.000000 -0.000000 0 0
0.000000 -0.000000 -0.000000 0 0
0.000000 -0.000000 -0.000000 0 0
0.000000 -0.000000 -0.000000 0 0
0.000000 -0.000000 -0.000000 0 0
0.000000 -0.000000 -0.000000 0 0
0.000000 -0.000000 -0.000000 0 0
0.000000 -0.000000 -0.000000 0 0
0.000000 -0.000000 -0.000000 0 0
0.000000 -0.000000 -0.000000 0 0
0.000000 -0.000000 -0.000000 0 0
0.000000 -0.000000 -0.000000 0 0
0.000000 -0.000000 -0.000000 0 0
0.000000 -0.000000 -0.000000 0 0
0.000000 -0.000000 -0.000000 0 0
0.000000 -0.000000 -0.000000 0 0
0.000000 -0.000000 -0.000000 0 128
0.000000 -0.000000 -0.000000 0 0
0.000000 -0.000000 -0.000000 0 0
0.000000 -0.000000 -0.000000 0 0
0.000000 -0.000000 -0.000000 0 128
0.000000 -0.000000 -0.000000 0 0
0.000000 -0.000000 -0.000000 0 0
0.000000 -0.000000 -0.000000 0 0
0.000000 -0.000000 -0.000000 0 128
0.000000 -0.000000 -0.000000 0 0
0.000000 -0.000000 -0.000000 0 0
0.000000 -0.000000 -0.000000 0 0
0.000000 -0.000000 -0.000000 0 0
0.000000 -0.000000 -0.000000 0 0
0.000000 -0.000000 -0.000000 0 0
0.000000 -0.000000 -0.000000 0 0
0.000000 -0.000000 -0.000000 0 0
0.000000 -0.000000 -0.000000 0 0
0.000000 -0.000000 -0.000000 0 0
0.000000 -0.000000 -0.000000 0 0
0.000000 -0.000000 -0.000000 0 0
0.000000 -0.000000 -0.000000 0 0
0.000000 -0.000000 -0.000000 0 0
0.000000 -0.000000 -0.000000 0 0
0.000000 -0.000000 -0.000000 0 128
0.000000 -0.000000 -0.000000 0 0
0.000000 -0.000000 -0.000000 0 0
0.000000 -0.000000 -0.000000 0 0
0.000000 -0.000000 -0.000000 0 0
0.000000 -0.000000 -0.000000 0 0
0.000000 -0.000000 -0.000000 0 0
0.000000 -0.000000 -0.000000 0 0
0.000000 -0.000000 -0.000000 0 0
0.000000 -0.000000 -0.000000 0 0
0.000000 -0.000000 -0.000000 0 0
0.000000 -0.000000 -0.000000 0 0
0.000000 -0.000000 -0.000000 0 0
0.000000 -0.000000 -0.000000 0 0
0.000000 -0.000000 -0.000000 0 0
0.000000 -0.000000 -0.000000 0 0
0.000000 -0.000000 -0.000000 0 0
0.000000 -0.000000 -0.000000 0 0
0.000000 -0.000000 -0.000000 0 0
0.000000 -0.000000 -0.000000 0 0
0.000000 -0.000000 -0.000000 0 0
0.000000 -0.000000 -0.000000 0 0
0.000000 -0.000000 -0.000000 0 0
0.000000 -0.000000 -0.000000 0 0
0.000000 -0.000000 -0.000000 0 0
0.000000 -0.000000 -0.000000 0 0
0.000000 -0.000000 -0.000000 0 0
0.000000 -0.000000 -0.000000 0 0
0.000000 -0.000000 -0.000000 0 0
0.000000 -0.000000 -0.000000 0 0
0.000000 -0.000000 -0.000000 0 0
0.000000 -0.000000 -0.000000 0 0
0.000000 -0.000000 -0.000000 0 0
0.000000 -0.000000 -0.000000 0 0
0.000000 -0.000000 -0.000000 0 0
0.000000 -0.000000 -0.000000 0 0
0.000000 -0.000000 -0.000000 0 0
0.000000 -0.000000 -0.000000 0 0
0.000000 -0.000000 -0.000000 0 0
0.000000 -0.000000 -0.000000 0 0
0.000000 -0.000000 -0.000000 0 0
0.000000 -0.000000 -0.000000 0 0
0.000000 -0.000000 -0.000000 0 0
0.000000 -0.000000 -0.000000 0 0
0.000000 -0.000000 -0.000000 0 0
0.000000 -0.000000 -0.000000 0 0
0.000000 -0.000000 -0.000000 0 0
0.000000 -0.000000 -0.000000 0 0
0.000000 -0.000000 -0.000000 0 0
0.000000 -0.000000 -0.000000 0 0
0.000000 -0.000000 -0.000000 0 0
0.000000 -0.000000 -0.000000 0 0
0.000000 -0.000000 -0.000000 0 0
0.000000 -0.000000 -0.000000 0 0
0.000000 -0.000000 -0.000000 0 0
0.000000 -0.000000 -0.000000 0 0
0.000000 -0.000000 -0.000000 0 0
0.000000 -0.000000 -0.000000 0 0
0.000000 -0.000000 -0.000000 0 0
0.000000 -0.000000 -0.000000 0 0
0.000000 -0.000000 -0.000000 0 0
0.000000 -0.000000 -0.000000 0 0
0.000000 -0.000000 -0.000000 0 0
0.000000 -0.000000 -0.000000 0 0
0.000000 -0.000000 -0.000000 0 0
0.000000 -0.000000 -0.000000 0 0
0.000000 -0.000000 -0.000000 0 0
0.000000 -0.000000 -0.000000 0 0
0.000000 -0.000000 -0.000000 0 0
0.000000 -0.000000 -0.000000 0 0
0.000000 -0.000000 -0.000000 0 0
0.000000 -0.000000 -0.000000 0 0
0.000000 -0.000000 -0.000000 0 128
0.000000 -0.000000 -0.000000 0 0
0.000000 -0.000000 -0.000000 0 0
0.000000 -0.000000 -0.000000 0 0
0.000000 -0.000000 -0.000000 0 128
0.000000 -0.000000 -0.000000 0 0
0.000000 -0.000000 -0.000000 0 0
0.000000 -0.000000 -0.000000 0 0
0.000000 -0.000000 -0.000000 0 128
0.000000 -0.000000 -0.000000 0 0
0.000000 -0.000000 -0.000000 0 0
0.000000 -0.000000 -0.000000 0 0
0.000000 -0.000000 -0.000000 0 0
0.000000 -0.000000 -0.000000 0 0
0.000000 -0.000000 -0.000000 0 0
0.000000 -0.000000 -0.000000 0 0
0.000000 -0.000000 -0.000000 0 0
0.000000 -0.000000 -0.000000 0 0
0.000000 -0.000000 -0.000000 0 0
0.000000 -0.000000 -0.000000 0 0
0.000000 -0.000000 -0.000000 0 0
0.000000 -0.000000 -0.000000 0 0
0.000000 -0.000000 -0.000000 0 0
0.000000 -0.000000 -0.000000 0 0
0.000000 -0.000000 -0.000000 0 128
0.000000 -0.000000 -0.000000 0 0
0.000000 -0.000000 -0.000000 0 0
0.000000 -0.000000 -0.000000 0 0
0.000000 -0.000000 -0.000000 0 0
0.000000 -0.000000 -0.000000 0 0
0.000000 -0.000000 -0.000000 0 0
0.000000 -0.000000 -0.000000 0 0
0.000000 -0.000000 -0.000000 0 128
0.000000 -0.000000 -0.000000 0 0
0.000000 -0.000000 -0.000000 0 0
0.000000 -0.000000 -0.000000 0 0
0.000000 -0.000000 -0.000000 0 128
0.000000 -0.000000 -0.000000 0 0
0.000000 -0.000000 -0.000000 0 0
0.000000 -0.000000 -0.000000 0 0
0.000000 -0.000000 -0.000000 0 128
0.000000 -0.000000 -0.000000 0 0
0.000000 -0.000000 -0.000000 0 0
0.000000 -0.000000 -0.000000 0 0
0.000000 -0.000000 -0.000000 0 128
0.000000 -0.000000 -0.000000 0 0
0.000000 -0.000000 -0.000000 0 0
0.000000 -0.000000 -0.000000 0 0
0.000000 -0.000000 -0.000000 0 128
0.000000 -0.000000 -0.000000 0 0
0.000000 -0.000000 -0.000000 0 0
0.000000 -0.000000 -0.000000 0 0
0.000000 -0.000000 -0.000000 0 0
0.000000 -0.000000 -0.000000 0 0
0.000000 -0.000000 -0.000000 0 0
0.000000 -0.000000 -0.000000 0 0
0.000000 -0.000000 -0.000000 0 0
0.000000 -0.000000 -0.000000 0 0
0.000000 -0.000000 -0.000000 0 0
0.000000 -0.000000 -0.000000 0 0
0.000000 -0.000000 -0.000000 0 0
0.000000 -0.000000 -0.000000 0 0
0.000000 -0.000000 -0.000000 0 0
0.000000 -0.000000 -0.000000 0 0
0.000000 -0.000000 -0.000000 0 0
0.000000 -0.000000 -0.000000 0 0
0.000000 -0.000000 -0.000000 0 0
0.000000 -0.000000 -0.000000 0 0
0.000000 -0.000000 -0.000000 0 0
0.000000 -0.000000 -0.000000 0 0
0.000000 -0.000000 -0.000000 0 0
0.000000 -0.000000 -0.000000 0 0
0.000000 -0.000000 -0.000000 0 0
0.000000 -0.000000 -0.000000 0 0
0.000000 -0.000000 -0.000000 0 0
1.903000 -0.488000 -0.275000 0 0
0.000000 -0.000000 -0.000000 0 0
0.000000 -0.000000 -0.000000 0 0
1.927000 -0.532000 -0.335000 0 0
0.000000 -0.000000 -0.000000 0 0
0.000000 -0.000000 -0.000000 0 0
0.000000 -0.000000 -0.000000 0 0
0.000000 -0.000000 -0.000000 0 0
0.000000 -0.000000 -0.000000 0 0
0.000000 -0.000000 -0.000000 0 0
0.000000 -0.000000 -0.000000 0 0
0.000000 -0.000000 -0.000000 0 0
0.000000 -0.000000 -0.000000 0 0
0.000000 -0.000000 -0.000000 0 0
0.000000 -0.000000 -0.000000 0 0
0.000000 -0.000000 -0.000000 0 0
0.000000 -0.000000 -0.000000 0 0
0.000000 -0.000000 -0.000000 0 0
0.000000 -0.000000 -0.000000 0 0
0.000000 -0.000000 -0.000000 0 0
0.000000 -0.000000 -0.000000 0 0
0.000000 -0.000000 -0.000000 0 0
0.000000 -0.000000 -0.000000 0 0
0.000000 -0.000000 -0.000000 0 0
0.000000 -0.000000 -0.000000 0 0
0.000000 -0.000000 -0.000000 0 0
0.000000 -0.000000 -0.000000 0 0
0.000000 -0.000000 -0.000000 0 0
0.000000 -0.000000 -0.000000 0 0
0.000000 -0.000000 -0.000000 0 0
0.000000 -0.000000 -0.000000 0 0
0.000000 -0.000000 -0.000000 0 0
0.000000 -0.000000 -0.000000 0 0
0.000000 -0.000000 -0.000000 0 0
0.000000 -0.000000 -0.000000 0 0
0.000000 -0.000000 -0.000000 0 0
0.000000 -0.000000 -0.000000 0 0
0.000000 -0.000000 -0.000000 0 0
0.000000 -0.000000 -0.000000 0 0
0.000000 -0.000000 -0.000000 0 0
0.000000 -0.000000 -0.000000 0 0
0.000000 -0.000000 -0.000000 0 0
0.000000 -0.000000 -0.000000 0 0
0.000000 -0.000000 -0.000000 0 0
0.000000 -0.000000 -0.000000 0 0
0.000000 -0.000000 -0.000000 0 0
0.000000 -0.000000 -0.000000 0 0
0.000000 -0.000000 -0.000000 0 0
0.000000 -0.000000 -0.000000 0 0
0.000000 -0.000000 -0.000000 0 0
0.000000 -0.000000 -0.000000 0 0
0.000000 -0.000000 -0.000000 0 0
0.000000 -0.000000 -0.000000 0 0
0.000000 -0.000000 -0.000000 0 128
0.000000 -0.000000 -0.000000 0 0
0.000000 -0.000000 -0.000000 0 0
0.000000 -0.000000 -0.000000 0 0
0.000000 -0.000000 -0.000000 0 128
0.000000 -0.000000 -0.000000 0 0
0.000000 -0.000000 -0.000000 0 0
0.000000 -0.000000 -0.000000 0 0
0.000000 -0.000000 -0.000000 0 128
0.000000 -0.000000 -0.000000 0 0
0.000000 -0.000000 -0.000000 0 0
0.000000 -0.000000 -0.000000 0 0
0.000000 -0.000000 -0.000000 0 128
0.000000 -0.000000 -0.000000 0 0
0.000000 -0.000000 -0.000000 0 0
0.000000 -0.000000 -0.000000 0 0
0.000000 -0.000000 -0.000000 0 128
0.000000 -0.000000 -0.000000 0 0
0.000000 -0.000000 -0.000000 0 0
0.000000 -0.000000 -0.000000 0 0
0.000000 -0.000000 -0.000000 0 0
0.000000 -0.000000 -0.000000 0 0
0.000000 -0.000000 -0.000000 0 0
0.000000 -0.000000 -0.000000 0 0
0.000000 -0.000000 -0.000000 0 0
0.000000 -0.000000 -0.000000 0 0
0.000000 -0.000000 -0.000000 0 0
0.000000 -0.000000 -0.000000 0 0
0.000000 -0.000000 -0.000000 0 0
0.000000 -0.000000 -0.000000 0 0
0.000000 -0.000000 -0.000000 0 0
0.000000 -0.000000 -0.000000 0 0
0.000000 -0.000000 -0.000000 0 0
0.000000 -0.000000 -0.000000 0 0
0.000000 -0.000000 -0.000000 0 0
0.000000 -0.000000 -0.000000 0 0
0.000000 -0.000000 -0.000000 0 0
0.000000 -0.000000 -0.000000 0 0
0.000000 -0.000000 -0.000000 0 0
0.000000 -0.000000 -0.000000 0 0
0.000000 -0.000000 -0.000000 0 0
0.000000 -0.000000 -0.000000 0 0
0.000000 -0.000000 -0.000000 0 0
1.903000 -0.488000 -0.275000 0 0
0.000000 -0.000000 -0.000000 0 0
0.000000 -0.000000 -0.000000 0 0
1.927000 -0.532000 -0.335000 0 0
0.000000 -0.000000 -0.000000 0 0
0.000000 -0.000000 -0.000000 0 0
0.000000 -0.000000 -0.000000 0 0
0.000000 -0.000000 -0.000000 0 0
0.000000 -0.000000 -0.000000 0 0
0.000000 -0.000000 -0.000000 0 0
0.000000 -0.000000 -0.000000 0 0
0.000000 -0.000000 -0.000000 0 0
0.000000 -0.000000 -0.000000 0 0
0.000000 -0.000000 -0.000000 0 0
0.000000 -0.000000 -0.000000 0 0
0.000000 -0.000000 -0.000000 0 0
0.000000 -0.000000 -0.000000 0 0
0.000000 -0.000000 -0.000000 0 0
0.000000 -0.000000 -0.000000 0 0
0.000000 -0.000000 -0.000000 0 0
0.000000 -0.000000 -0.000000 0 0
0.000000 -0.000000 -0.000000 0 0
0.000000 -0.000000 -0.000000 0 0
0.000000 -0.000000 -0.000000 0 0
0.000000 -0.000000 -0.000000 0 0
0.000000 -0.000000 -0.000000 0 0
0.000000 -0.000000 -0.000000 0 0
0.000000 -0.000000 -0.000000 0 0
0.000000 -0.000000 -0.000000 0 0
0.000000 -0.000000 -0.000000 0 0
0.000000 -0.000000 -0.000000 0 0
0.000000 -0.000000 -0.000000 0 0
0.000000 -0.000000 -0.000000 0 0
0.000000 -0.000000 -0.000000 0 0
0.000000 -0.000000 -0.000000 0 0
0.000000 -0.000000 -0.000000 0 0
0.000000 -0.000000 -0.000000 0 0
0.000000 -0.000000 -0.000000 0 0
0.000000 -0.000000 -0.000000 0 0
0.000000 -0.000000 -0.000000 0 0
0.000000 -0.000000 -0.000000 0 0
0.000000 -0.000000 -0.000000 0 0
0.000000 -0.000000 -0.000000 0 0
0.000000 -0.000000 -0.000000 0 0
0.000000 -0.000000 -0.000000 0 0
0.000000 -0.000000 -0.000000 0 0
0.000000 -0.000000 -0.000000 0 0
0.000000 -0.000000 -0.000000 0 0
0.000000 -0.000000 -0.000000 0 0
0.000000 -0.000000 -0.000000 0 0
0.000000 -0.000000 -0.000000 0 0
0.000000 -0.000000 -0.000000 0 0
0.000000 -0.000000 -0.000000 0 0
0.000000 -0.000000 -0.000000 0 0
0.000000 -0.000000 -0.000000 0 0
0.000000 -0.000000 -0.000000 0 0
0.000000 -0.000000 -0.000000 0 0
0.000000 -0.000000 -0.000000 0 0
0.000000 -0.000000 -0.000000 0 0
0.000000 -0.000000 -0.000000 0 0
0.000000 -0.000000 -0.000000 0 0
0.000000 -0.000000 -0.000000 0 0
0.000000 -0.000000 -0.000000 0 0
0.000000 -0.000000 -0.000000 0 0
0.000000 -0.000000 -0.000000 0 0
0.000000 -0.000000 -0.000000 0 0
0.000000 -0.000000 -0.000000 0 0
0.000000 -0.000000 -0.000000 0 0
0.000000 -0.000000 -0.000000 0 0
0.000000 -0.000000 -0.000000 0 128
0.000000 -0.000000 -0.000000 0 0
0.000000 -0.000000 -0.000000 0 0
0.000000 -0.000000 -0.000000 0 128
0.000000 -0.000000 -0.000000 0 192
0.000000 -0.000000 -0.000000 0 0
0.000000 -0.000000 -0.000000 0 128
0.000000 -0.000000 -0.000000 0 128
0.000000 -0.000000 -0.000000 0 128
0.000000 -0.000000 -0.000000 0 128
0.000000 -0.000000 -0.000000 0 128
0.000000 -0.000000 -0.000000 0 128
0.000000 -0.000000 -0.000000 0 128
0.000000 -0.000000 -0.000000 0 128
0.000000 -0.000000 -0.000000 0 128
0.000000 -0.000000 -0.000000 0 128
0.000000 -0.000000 -0.000000 0 128
0.000000 -0.000000 -0.000000 0 0
0.000000 -0.000000 -0.000000 0 128
0.000000 -0.000000 -0.000000 0 0
0.000000 -0.000000 -0.000000 0 128
0.000000 -0.000000 -0.000000 0 0
0.000000 -0.000000 -0.000000 0 0
0.000000 -0.000000 -0.000000 0 0
0.000000 -0.000000 -0.000000 0 128
0.000000 -0.000000 -0.000000 0 0
0.000000 -0.000000 -0.000000 0 0
0.000000 -0.000000 -0.000000 0 0
0.000000 -0.000000 -0.000000 0 128
0.000000 -0.000000 -0.000000 0 128
0.000000 -0.000000 -0.000000 0 0
0.000000 -0.000000 -0.000000 0 0
0.000000 -0.000000 -0.000000 0 128
0.000000 -0.000000 -0.000000 0 0
0.000000 -0.000000 -0.000000 0 0
0.000000 -0.000000 -0.000000 0 128
0.000000 -0.000000 -0.000000 0 128
0.000000 -0.000000 -0.000000 0 128
0.000000 -0.000000 -0.000000 0 0
0.000000 -0.000000 -0.000000 0 128
0.000000 -0.000000 -0.000000 0 128
0.000000 -0.000000 -0.000000 0 128
0.000000 -0.000000 -0.000000 0 0
0.000000 -0.000000 -0.000000 0 128
0.000000 -0.000000 -0.000000 0 128
0.000000 -0.000000 -0.000000 0 128
0.000000 -0.000000 -0.000000 0 128
0.000000 -0.000000 -0.000000 0 128
0.000000 -0.000000 -0.000000 0 128
0.000000 -0.000000 -0.000000 0 128
0.000000 -0.000000 -0.000000 0 128
0.000000 -0.000000 -0.000000 0 0
0.000000 -0.000000 -0.000000 0 192
0.000000 -0.000000 -0.000000 0 128
0.000000 -0.000000 -0.000000 0 128
0.000000 -0.000000 -0.000000 0 0
0.000000 -0.000000 -0.000000 0 128
0.000000 -0.000000 -0.000000 0 128
0.000000 -0.000000 -0.000000 0 128
0.000000 -0.000000 -0.000000 0 192
0.000000 -0.000000 -0.000000 0 128
0.000000 -0.000000 -0.000000 0 128
0.000000 -0.000000 -0.000000 0 192
0.000000 -0.000000 -0.000000 0 128
2.865000 -5.041000 -0.741000 70 0
0.000000 -0.000000 -0.000000 0 128
0.750000 -1.218000 -0.256000 2 0
0.000000 -0.000000 -0.000000 0 0
1.673000 -3.117000 -0.455000 0 4
0.000000 -0.000000 -0.000000 0 0
1.305000 -2.230000 -0.464000 1 0
1.449000 -2.658000 -0.468000 8 0
1.637000 -3.233000 -0.469000 7 0
0.000000 -0.000000 -0.000000 0 0
0.000000 -0.000000 -0.000000 0 0
0.000000 -0.000000 -0.000000 0 0
0.000000 -0.000000 -0.000000 0 0
0.000000 -0.000000 -0.000000 0 0
0.000000 -0.000000 -0.000000 0 0
0.000000 -0.000000 -0.000000 0 0
0.000000 -0.000000 -0.000000 0 0
0.000000 -0.000000 -0.000000 0 0
0.000000 -0.000000 -0.000000 0 0
0.000000 -0.000000 -0.000000 0 0
0.000000 -0.000000 -0.000000 0 0
0.000000 -0.000000 -0.000000 0 0
0.000000 -0.000000 -0.000000 0 0
0.000000 -0.000000 -0.000000 0 0
0.000000 -0.000000 -0.000000 0 0
0.000000 -0.000000 -0.000000 0 0
0.000000 -0.000000 -0.000000 0 0
0.000000 -0.000000 -0.000000 0 0
0.000000 -0.000000 -0.000000 0 0
0.000000 -0.000000 -0.000000 0 0
0.000000 -0.000000 -0.000000 0 0
0.000000 -0.000000 -0.000000 0 0
0.000000 -0.000000 -0.000000 0 128
0.000000 -0.000000 -0.000000 0 0
0.000000 -0.000000 -0.000000 0 0
0.000000 -0.000000 -0.000000 0 128
0.000000 -0.000000 -0.000000 0 192
0.000000 -0.000000 -0.000000 0 0
0.000000 -0.000000 -0.000000 0 128
0.000000 -0.000000 -0.000000 0 128
0.000000 -0.000000 -0.000000 0 128
0.000000 -0.000000 -0.000000 0 128
0.000000 -0.000000 -0.000000 0 128
0.000000 -0.000000 -0.000000 0 128
0.000000 -0.000000 -0.000000 0 128
0.000000 -0.000000 -0.000000 0 128
0.000000 -0.000000 -0.000000 0 128
0.000000 -0.000000 -0.000000 0 128
0.000000 -0.000000 -0.000000 0 128
0.000000 -0.000000 -0.000000 0 0
0.000000 -0.000000 -0.000000 0 128
0.000000 -0.000000 -0.000000 0 0
0.000000 -0.000000 -0.000000 0 128
0.000000 -0.000000 -0.000000 0 0
0.000000 -0.000000 -0.000000 0 0
0.000000 -0.000000 -0.000000 0 0
0.000000 -0.000000 -0.000000 0 128
0.000000 -0.000000 -0.000000 0 0
0.000000 -0.000000 -0.000000 0 0
0.000000 -0.000000 -0.000000 0 0
0.000000 -0.000000 -0.000000 0 128
0.000000 -0.000000 -0.000000 0 128
0.000000 -0.000000 -0.000000 0 0
0.000000 -0.000000 -0.000000 0 0
0.000000 -0.000000 -0.000000 0 128
0.000000 -0.000000 -0.000000 0 0
0.000000 -0.000000 -0.000000 0 0
0.000000 -0.000000 -0.000000 0 128
0.000000 -0.000000 -0.000000 0 128
0.000000 -0.000000 -0.000000 0 128
0.000000 -0.000000 -0.000000 0 0
0.000000 -0.000000 -0.000000 0 128
0.000000 -0.000000 -0.000000 0 128
0.000000 -0.000000 -0.000000 0 128
0.000000 -0.000000 -0.000000 0 0
0.000000 -0.000000 -0.000000 0 128
0.000000 -0.000000 -0.000000 0 128
0.000000 -0.000000 -0.000000 0 128
0.000000 -0.000000 -0.000000 0 128
0.000000 -0.000000 -0.000000 0 128
0.000000 -0.000000 -0.000000 0 128
0.000000 -0.000000 -0.000000 0 128
0.000000 -0.000000 -0.000000 0 128
0.000000 -0.000000 -0.000000 0 0
0.000000 -0.000000 -0.000000 0 192
0.000000 -0.000000 -0.000000 0 128
0.000000 -0.000000 -0.000000 0 128
0.000000 -0.000000 -0.000000 0 0
0.000000 -0.000000 -0.000000 0 128
0.000000 -0.000000 -0.000000 0 128
0.000000 -0.000000 -0.000000 0 128
0.000000 -0.000000 -0.000000 0 192
0.000000 -0.000000 -0.000000 0 128
0.000000 -0.000000 -0.000000 0 128
0.000000 -0.000000 -0.000000 0 192
0.000000 -0.000000 -0.000000 0 128
2.865000 -5.041000 -0.741000 70 0
0.000000 -0.000000 -0.000000 0 128
0.750000 -1.218000 -0.256000 2 0
0.000000 -0.000000 -0.000000 0 0
1.673000 -3.117000 -0.455000 0 4
0.000000 -0.000000 -0.000000 0 0
1.305000 -2.230000 -0.464000 1 0
1.449000 -2.658000 -0.468000 8 0
1.637000 -3.233000 -0.469000 7 0
0.725000 -1.222000 -0.291000 13 0
1.261000 -2.270000 -0.467000 9 0
1.390000 -2.697000 -0.471000 8 0
1.562000 -3.277000 -0.474000 6 0
0.698000 -1.236000 -0.291000 14 0
1.214000 -2.309000 -0.470000 10 0
1.331000 -2.736000 -0.474000 8 0
1.171000 -2.619000 -0.377000 0 0
0.667000 -1.246000 -0.290000 14 0
1.169000 -2.351000 -0.474000 9 0
1.198000 -2.618000 -0.451000 0 9
1.099000 -2.625000 -0.376000 5 0
0.634000 -1.251000 -0.287000 14 0
1.119000 -2.388000 -0.477000 9 0
1.124000 -2.617000 -0.448000 4 0
0.000000 -0.000000 -0.000000 0 0
0.602000 -1.256000 -0.285000 14 0
0.968000 -2.194000 -0.434000 127 2
0.000000 -0.000000 -0.000000 0 0
1.095000 -3.015000 -0.431000 3 64
0.571000 -1.263000 -0.284000 13 0
0.872000 -2.107000 -0.413000 68 0
1.097000 -2.926000 -0.496000 3 0
1.048000 -3.115000 -0.445000 16 0
0.890000 -2.092000 -0.465000 36 0
0.819000 -2.114000 -0.412000 41 0
1.008000 -2.892000 -0.488000 14 0
0.000000 -0.000000 -0.000000 0 0
0.841000 -2.105000 -0.464000 29 0
0.773000 -2.138000 -0.413000 51 0
0.967000 -2.996000 -0.503000 13 0
0.995000 -3.503000 -0.501000 0 0
0.787000 -2.105000 -0.459000 111 0
0.724000 -2.155000 -0.414000 73 0
0.848000 -2.856000 -0.479000 9 0
0.000000 -0.000000 -0.000000 0 0
0.738000 -2.116000 -0.458000 105 0
0.704000 -2.263000 -0.432000 150 1
0.725000 -2.669000 -0.446000 8 0
0.808000 -3.467000 -0.498000 1 64
0.689000 -2.129000 -0.457000 106 0
0.749000 -2.621000 -0.498000 18 0
0.687000 -2.780000 -0.464000 8 0
0.721000 -3.467000 -0.499000 101 0
0.693000 -2.316000 -0.493000 12 1
0.692000 -2.647000 -0.500000 14 0
0.658000 -2.959000 -0.493000 0 0
0.649000 -3.536000 -0.511000 26 0
0.649000 -2.361000 -0.499000 12 0
0.632000 -2.671000 -0.503000 8 0
0.606000 -3.061000 -0.510000 4 0
0.564000 -3.555000 -0.516000 9 0
0.597000 -2.380000 -0.499000 10 0
0.571000 -2.682000 -0.503000 8 0
0.534000 -3.077000 -0.513000 8 0
0.000000 -0.000000 -0.000000 0 0
0.547000 -2.409000 -0.502000 11 0
0.511000 -2.700000 -0.505000 8 0
0.463000 -3.092000 -0.516000 8 0
0.000000 -0.000000 -0.000000 0 192
0.497000 -2.439000 -0.505000 10 0
0.449000 -2.715000 -0.506000 6 0
0.000000 -0.000000 -0.000000 0 0
0.000000 -0.000000 -0.000000 0 192
0.443000 -2.461000 -0.507000 10 0
0.000000 -0.000000 -0.000000 0 0
0.000000 -0.000000 -0.000000 0 192
0.000000 -0.000000 -0.000000 0 192
0.389000 -2.479000 -0.508000 7 0
0.000000 -0.000000 -0.000000 0 0
0.000000 -0.000000 -0.000000 0 192
0.000000 -0.000000 -0.000000 0 192
0.000000 -0.000000 -0.000000 0 0
0.000000 -0.000000 -0.000000 0 192
0.000000 -0.000000 -0.000000 0 192
0.000000 -0.000000 -0.000000 0 192
0.000000 -0.000000 -0.000000 0 192
0.000000 -0.000000 -0.000000 0 192
0.000000 -0.000000 -0.000000 0 192
0.000000 -0.000000 -0.000000 0 192
0.000000 -0.000000 -0.000000 0 128
0.000000 -0.000000 -0.000000 0 192
0.000000 -0.000000 -0.000000 0 192
0.000000 -0.000000 -0.000000 0 192
0.000000 -0.000000 -0.000000 0 192
0.000000 -0.000000 -0.000000 0 192
0.000000 -0.000000 -0.000000 0 192
0.000000 -0.000000 -0.000000 0 128
0.000000 -0.000000 -0.000000 0 192
0.000000 -0.000000 -0.000000 0 192
0.000000 -0.000000 -0.000000 0 128
0.000000 -0.000000 -0.000000 0 0
0.000000 -0.000000 -0.000000 0 192
0.000000 -0.000000 -0.000000 0 192
-0.202000 -3.326000 -0.574000 12 0
0.000000 -0.000000 -0.000000 0 0
0.725000 -1.222000 -0.291000 13 0
1.261000 -2.270000 -0.467000 9 0
1.390000 -2.697000 -0.471000 8 0
1.562000 -3.277000 -0.474000 6 0
0.698000 -1.236000 -0.291000 14 0
1.214000 -2.309000 -0.470000 10 0
1.331000 -2.736000 -0.474000 8 0
1.171000 -2.619000 -0.377000 0 0
0.667000 -1.246000 -0.290000 14 0
1.169000 -2.351000 -0.474000 9 0
1.198000 -2.618000 -0.451000 0 9
1.099000 -2.625000 -0.376000 5 0
0.634000 -1.251000 -0.287000 14 0
1.119000 -2.388000 -0.477000 9 0
1.124000 -2.617000 -0.448000 4 0
0.000000 -0.000000 -0.000000 0 0
0.602000 -1.256000 -0.285000 14 0
0.968000 -2.194000 -0.434000 127 2
0.000000 -0.000000 -0.000000 0 0
1.095000 -3.015000 -0.431000 3 64
0.571000 -1.263000 -0.284000 13 0
0.872000 -2.107000 -0.413000 68 0
1.097000 -2.926000 -0.496000 3 0
1.048000 -3.115000 -0.445000 16 0
0.890000 -2.092000 -0.465000 36 0
0.819000 -2.114000 -0.412000 41 0
1.008000 -2.892000 -0.488000 14 0
0.000000 -0.000000 -0.000000 0 0
0.841000 -2.105000 -0.464000 29 0
0.773000 -2.138000 -0.413000 51 0
0.967000 -2.996000 -0.503000 13 0
0.995000 -3.503000 -0.501000 0 0
0.787000 -2.105000 -0.459000 111 0
0.724000 -2.155000 -0.414000 73 0
0.848000 -2.856000 -0.479000 9 0
0.000000 -0.000000 -0.000000 0 0
0.738000 -2.116000 -0.458000 105 0
0.704000 -2.263000 -0.432000 150 1
0.725000 -2.669000 -0.446000 8 0
0.808000 -3.467000 -0.498000 1 64
0.689000 -2.129000 -0.457000 106 0
0.749000 -2.621000 -0.498000 18 0
0.687000 -2.780000 -0.464000 8 0
0.721000 -3.467000 -0.499000 101 0
0.693000 -2.316000 -0.493000 12 1
0.692000 -2.647000 -0.500000 14 0
0.658000 -2.959000 -0.493000 0 0
0.649000 -3.536000 -0.511000 26 0
0.649000 -2.361000 -0.499000 12 0
0.632000 -2.671000 -0.503000 8 0
0.606000 -3.061000 -0.510000 4 0
0.564000 -3.555000 -0.516000 9 0
0.597000 -2.380000 -0.499000 10 0
0.571000 -2.682000 -0.503000 8 0
0.534000 -3.077000 -0.513000 8 0
0.000000 -0.000000 -0.000000 0 0
0.547000 -2.409000 -0.502000 11 0
0.511000 -2.700000 -0.505000 8 0
0.463000 -3.092000 -0.516000 8 0
0.000000 -0.000000 -0.000000 0 192
0.497000 -2.439000 -0.505000 10 0
0.449000 -2.715000 -0.506000 6 0
0.000000 -0.000000 -0.000000 0 0
0.000000 -0.000000 -0.000000 0 192
0.443000 -2.461000 -0.507000 10 0
0.000000 -0.000000 -0.000000 0 0
0.000000 -0.000000 -0.000000 0 192
0.000000 -0.000000 -0.000000 0 192
0.389000 -2.479000 -0.508000 7 0
0.000000 -0.000000 -0.000000 0 0
0.000000 -0.000000 -0.000000 0 192
0.000000 -0.000000 -0.000000 0 192
0.000000 -0.000000 -0.000000 0 0
0.000000 -0.000000 -0.000000 0 192
0.000000 -0.000000 -0.000000 0 192
0.000000 -0.000000 -0.000000 0 192
0.000000 -0.000000 -0.000000 0 192
0.000000 -0.000000 -0.000000 0 192
0.000000 -0.000000 -0.000000 0 192
0.000000 -0.000000 -0.000000 0 192
0.000000 -0.000000 -0.000000 0 128
0.000000 -0.000000 -0.000000 0 192
0.000000 -0.000000 -0.000000 0 192
0.000000 -0.000000 -0.000000 0 192
0.000000 -0.000000 -0.000000 0 192
0.000000 -0.000000 -0.000000 0 192
0.000000 -0.000000 -0.000000 0 192
0.000000 -0.000000 -0.000000 0 128
0.000000 -0.000000 -0.000000 0 192
0.000000 -0.000000 -0.000000 0 192
0.000000 -0.000000 -0.000000 0 128
0.000000 -0.000000 -0.000000 0 0
0.000000 -0.000000 -0.000000 0 192
0.000000 -0.000000 -0.000000 0 192
-0.202000 -3.326000 -0.574000 12 0
0.000000 -0.000000 -0.000000 0 0
0.000000 -0.000000 -0.000000 0 192
-0.146000 -3.418000 -0.637000 1 0
0.000000 -0.000000 -0.000000 0 0
0.000000 -0.000000 -0.000000 0 0
0.000000 -0.000000 -0.000000 0 192
-0.167000 -2.554000 -0.477000 3 0
0.000000 -0.000000 -0.000000 0 0
-0.260000 -1.725000 -0.280000 1 0
-0.160000 -3.335000 -0.667000 16 0
-0.264000 -2.978000 -0.558000 31 0
-0.239000 -1.825000 -0.321000 1 0
-0.283000 -1.617000 -0.266000 1 0
-0.196000 -2.766000 -0.553000 6 0
-0.210000 -1.881000 -0.354000 0 4
-0.267000 -1.726000 -0.306000 1 0
-0.303000 -1.521000 -0.253000 1 0
-0.273000 -2.909000 -0.581000 43 0
-0.242000 -1.794000 -0.339000 1 0
-0.290000 -1.623000 -0.291000 1 0
-0.462000 -2.065000 -0.349000 7 0
-0.320000 -2.743000 -0.548000 26 0
-0.270000 -1.697000 -0.322000 1 0
-0.303000 -1.494000 -0.270000 1 0
-0.496000 -1.997000 -0.342000 56 0
-0.246000 -1.755000 -0.351000 0 0
-0.292000 -1.600000 -0.305000 1 0
-0.466000 -2.051000 -0.375000 18 0
-0.519000 -1.901000 -0.330000 66 0
-0.273000 -1.668000 -0.334000 1 0
-0.310000 -1.501000 -0.288000 1 0
-0.497000 -1.977000 -0.365000 55 0
-0.540000 -1.809000 -0.319000 67 0
-0.293000 -1.569000 -0.315000 1 0
-0.470000 -2.039000 -0.394000 40 0
-0.521000 -1.885000 -0.352000 54 0
-0.534000 -1.648000 -0.296000 65 0
-0.315000 -1.495000 -0.301000 1 0
-0.501000 -1.964000 -0.382000 57 0
-0.541000 -1.794000 -0.339000 64 0
-0.459000 -1.311000 -0.239000 0 0
-0.479000 -2.038000 -0.412000 49 0
-0.523000 -1.870000 -0.367000 56 0
-0.504000 -1.542000 -0.295000 6 0
-0.513000 -1.362000 -0.253000 5 0
-0.503000 -1.937000 -0.393000 59 0
-0.543000 -1.780000 -0.352000 62 0
-0.461000 -1.307000 -0.253000 0 0
-0.487000 -1.209000 -0.228000 0 0
-0.525000 -1.848000 -0.376000 57 0
-0.430000 -1.303000 -0.260000 3 0
-0.480000 -1.268000 -0.249000 6 0
0.000000 -0.000000 -0.000000 0 0
-0.543000 -1.754000 -0.359000 69 0
-0.456000 -1.280000 -0.258000 0 0
-0.489000 -1.207000 -0.240000 0 0
-0.480000 -1.049000 -0.206000 0 0
-0.435000 -1.300000 -0.268000 3 0
-0.476000 -1.245000 -0.253000 4 0
-0.485000 -1.122000 -0.226000 0 0
-0.653000 -1.343000 -0.269000 9 0
-0.460000 -1.275000 -0.264000 0 0
-0.489000 -1.194000 -0.245000 0 0
-0.484000 -1.050000 -0.215000 0 0
-0.667000 -1.296000 -0.264000 14 0
-0.470000 -1.215000 -0.253000 3 0
-0.480000 -1.100000 -0.228000 0 0
-0.651000 -1.332000 -0.278000 9 0
-0.679000 -1.247000 -0.260000 14 0
-0.482000 -1.164000 -0.244000 0 0
-0.512000 -1.104000 -0.232000 0 0
-0.669000 -1.292000 -0.274000 14 0
-0.693000 -1.206000 -0.257000 13 0
-0.475000 -1.077000 -0.228000 0 0
-0.653000 -1.324000 -0.282000 10 2
-0.680000 -1.242000 -0.268000 13 0
-0.709000 -1.171000 -0.255000 17 0
0.000000 -0.000000 -0.000000 0 0
-0.668000 -1.279000 -0.276000 13 0
-0.692000 -1.198000 -0.263000 13 0
-0.717000 -1.124000 -0.250000 17 0
-0.656000 -1.318000 -0.284000 14 0
-0.684000 -1.239000 -0.271000 13 0
-0.706000 -1.160000 -0.259000 16 0
-0.723000 -1.078000 -0.246000 16 64
-0.673000 -1.275000 -0.278000 14 0
-0.696000 -1.196000 -0.265000 16 0
-0.716000 -1.117000 -0.255000 16 0
-0.726000 -1.031000 -0.241000 16 64
-0.685000 -1.227000 -0.270000 13 0
-0.705000 -1.148000 -0.259000 16 0
-0.726000 -1.077000 -0.251000 16 0
-0.734000 -0.993000 -0.238000 16 64
-0.693000 -1.177000 -0.262000 16 0
-0.715000 -1.106000 -0.253000 15 0
-0.732000 -1.035000 -0.246000 16 0
-0.741000 -0.956000 -0.235000 16 0
0.000000 -0.000000 -0.000000 0 192
-0.146000 -3.418000 -0.637000 1 0
0.000000 -0.000000 -0.000000 0 0
0.000000 -0.000000 -0.000000 0 0
0.000000 -0.000000 -0.000000 0 192
-0.167000 -2.554000 -0.477000 3 0
0.000000 -0.000000 -0.000000 0 0
-0.260000 -1.725000 -0.280000 1 0
-0.160000 -3.335000 -0.667000 16 0
-0.264000 -2.978000 -0.558000 31 0
-0.239000 -1.825000 -0.321000 1 0
-0.283000 -1.617000 -0.266000 1 0
-0.196000 -2.766000 -0.553000 6 0
-0.210000 -1.881000 -0.354000 0 4
-0.267000 -1.726000 -0.306000 1 0
-0.303000 -1.521000 -0.253000 1 0
-0.273000 -2.909000 -0.581000 43 0
-0.242000 -1.794000 -0.339000 1 0
-0.290000 -1.623000 -0.291000 1 0
-0.462000 -2.065000 -0.349000 7 0
-0.320000 -2.743000 -0.548000 26 0
-0.270000 -1.697000 -0.322000 1 0
-0.303000 -1.494000 -0.270000 1 0
-0.496000 -1.997000 -0.342000 56 0
-0.246000 -1.755000 -0.351000 0 0
-0.292000 -1.600000 -0.305000 1 0
-0.466000 -2.051000 -0.375000 18 0
-0.519000 -1.901000 -0.330000 66 0
-0.273000 -1.668000 -0.334000 1 0
-0.310000 -1.501000 -0.288000 1 0
-0.497000 -1.977000 -0.365000 55 0
-0.540000 -1.809000 -0.319000 67 0
-0.293000 -1.569000 -0.315000 1 0
-0.470000 -2.039000 -0.394000 40 0
-0.521000 -1.885000 -0.352000 54 0
-0.534000 -1.648000 -0.296000 65 0
-0.315000 -1.495000 -0.301000 1 0
-0.501000 -1.964000 -0.382000 57 0
-0.541000 -1.794000 -0.339000 64 0
-0.459000 -1.311000 -0.239000 0 0
-0.479000 -2.038000 -0.412000 49 0
-0.523000 -1.870000 -0.367000 56 0
-0.504000 -1.542000 -0.295000 6 0
-0.513000 -1.362000 -0.253000 5 0
-0.503000 -1.937000 -0.393000 59 0
-0.543000 -1.780000 -0.352000 62 0
-0.461000 -1.307000 -0.253000 0 0
-0.487000 -1.209000 -0.228000 0 0
-0.525000 -1.848000 -0.376000 57 0
-0.430000 -1.303000 -0.260000 3 0
-0.480000 -1.268000 -0.249000 6 0
0.000000 -0.000000 -0.000000 0 0
-0.543000 -1.754000 -0.359000 69 0
-0.456000 -1.280000 -0.258000 0 0
-0.489000 -1.207000 -0.240000 0 0
-0.480000 -1.049000 -0.206000 0 0
-0.435000 -1.300000 -0.268000 3 0
-0.476000 -1.245000 -0.253000 4 0
-0.485000 -1.122000 -0.226000 0 0
-0.653000 -1.343000 -0.269000 9 0
-0.460000 -1.275000 -0.264000 0 0
-0.489000 -1.194000 -0.245000 0 0
-0.484000 -1.050000 -0.215000 0 0
-0.667000 -1.296000 -0.264000 14 0
-0.470000 -1.215000 -0.253000 3 0
-0.480000 -1.100000 -0.228000 0 0
-0.651000 -1.332000 -0.278000 9 0
-0.679000 -1.247000 -0.260000 14 0
-0.482000 -1.164000 -0.244000 0 0
-0.512000 -1.104000 -0.232000 0 0
-0.669000 -1.292000 -0.274000 14 0
-0.693000 -1.206000 -0.257000 13 0
-0.475000 -1.077000 -0.228000 0 0
-0.653000 -1.324000 -0.282000 10 2
-0.680000 -1.242000 -0.268000 13 0
-0.709000 -1.171000 -0.255000 17 0
0.000000 -0.000000 -0.000000 0 0
-0.668000 -1.279000 -0.276000 13 0
-0.692000 -1.198000 -0.263000 13 0
-0.717000 -1.124000 -0.250000 17 0
-0.656000 -1.318000 -0.284000 14 0
-0.684000 -1.239000 -0.271000 13 0
-0.706000 -1.160000 -0.259000 16 0
-0.723000 -1.078000 -0.246000 16 64
-0.673000 -1.275000 -0.278000 14 0
-0.696000 -1.196000 -0.265000 16 0
-0.716000 -1.117000 -0.255000 16 0
-0.726000 -1.031000 -0.241000 16 64
-0.685000 -1.227000 -0.270000 13 0
-0.705000 -1.148000 -0.259000 16 0
-0.726000 -1.077000 -0.251000 16 0
-0.734000 -0.993000 -0.238000 16 64
-0.693000 -1.177000 -0.262000 16 0
-0.715000 -1.106000 -0.253000 15 0
-0.732000 -1.035000 -0.246000 16 0
-0.741000 -0.956000 -0.235000 16 0
-0.704000 -1.134000 -0.256000 17 0
-0.725000 -1.066000 -0.248000 16 0
-0.734000 -0.988000 -0.240000 15 0
-0.750000 -0.922000 -0.233000 15 64
-0.715000 -1.094000 -0.250000 17 0
-0.729000 -1.020000 -0.242000 15 0
-0.744000 -0.954000 -0.237000 15 0
-0.759000 -0.891000 -0.231000 16 64
-0.724000 -1.053000 -0.244000 17 0
-0.738000 -0.983000 -0.238000 15 0
-0.754000 -0.923000 -0.234000 15 0
-0.768000 -0.861000 -0.230000 16 64
-0.727000 -1.006000 -0.236000 16 64
-0.751000 -0.954000 -0.235000 15 0
-0.758000 -0.885000 -0.230000 14 0
-0.780000 -0.836000 -0.229000 16 64
-0.739000 -0.974000 -0.232000 16 64
-0.756000 -0.916000 -0.230000 15 0
-0.766000 -0.854000 -0.228000 14 0
-0.783000 -0.802000 -0.227000 16 64
-0.746000 -0.936000 -0.227000 17 0
-0.762000 -0.881000 -0.226000 14 0
-0.776000 -0.827000 -0.226000 14 0
-0.796000 -0.779000 -0.227000 17 64
-0.759000 -0.908000 -0.224000 18 0
-0.776000 -0.855000 -0.225000 14 0
-0.784000 -0.797000 -0.224000 14 0
-0.802000 -0.750000 -0.226000 17 64
-0.765000 -0.873000 -0.219000 18 0
-0.779000 -0.820000 -0.220000 14 0
-0.793000 -0.770000 -0.223000 19 0
-0.814000 -0.727000 -0.226000 19 64
-0.772000 -0.840000 -0.215000 18 0
-0.789000 -0.792000 -0.218000 15 0
-0.804000 -0.745000 -0.222000 19 0
-0.818000 -0.698000 -0.224000 18 64
-0.782000 -0.811000 -0.212000 18 0
-0.801000 -0.768000 -0.217000 15 0
-0.808000 -0.716000 -0.220000 18 0
-0.827000 -0.674000 -0.224000 23 0
-0.792000 -0.784000 -0.210000 19 0
-0.807000 -0.739000 -0.214000 15 0
-0.813000 -0.688000 -0.218000 18 0
-0.832000 -0.648000 -0.224000 23 0
-0.801000 -0.756000 -0.207000 19 0
-0.814000 -0.711000 -0.212000 15 0
-0.822000 -0.663000 -0.217000 18 0
-0.837000 -0.622000 -0.223000 23 0
-0.812000 -0.731000 -0.205000 20 0
-0.823000 -0.686000 -0.211000 14 0
-0.832000 -0.641000 -0.217000 15 0
-0.843000 -0.597000 -0.222000 23 0
-0.816000 -0.700000 -0.201000 20 0
-0.825000 -0.655000 -0.207000 15 0
-0.836000 -0.614000 -0.215000 14 0
-0.851000 -0.575000 -0.223000 22 0
-0.825000 -0.675000 -0.199000 20 0
-0.832000 -0.630000 -0.206000 14 0
-0.842000 -0.589000 -0.214000 15 0
-0.855000 -0.550000 -0.222000 22 0
-0.829000 -0.646000 -0.196000 24 0
-0.837000 -0.604000 -0.204000 14 0
-0.834000 -0.555000 -0.209000 13 0
-0.857000 -0.525000 -0.221000 22 0
-0.837000 -0.621000 -0.194000 23 0
-0.847000 -0.581000 -0.203000 14 0
-0.841000 -0.533000 -0.209000 16 0
-0.865000 -0.503000 -0.222000 21 0
-0.842000 -0.594000 -0.192000 23 0
-0.857000 -0.559000 -0.203000 14 0
-0.850000 -0.512000 -0.209000 15 0
-0.831000 -0.458000 -0.212000 20 1
-0.851000 -0.571000 -0.191000 23 0
-0.862000 -0.534000 -0.201000 14 0
-0.858000 -0.490000 -0.209000 15 0
-0.831000 -0.435000 -0.211000 15 0
-0.847000 -0.539000 -0.187000 21 0
-0.864000 -0.507000 -0.199000 14 0
-0.700000 -0.379000 -0.169000 14 18
-0.877000 -0.434000 -0.221000 21 0
-0.851000 -0.514000 -0.185000 21 0
-0.863000 -0.480000 -0.197000 16 0
-0.870000 -0.445000 -0.209000 15 0
-0.876000 -0.410000 -0.220000 20 0
-0.859000 -0.491000 -0.184000 21 0
-0.783000 -0.412000 -0.177000 11 16
-0.872000 -0.422000 -0.208000 15 0
-0.885000 -0.390000 -0.222000 20 0
-0.672000 -0.363000 -0.141000 15 18
-0.869000 -0.432000 -0.194000 12 0
-0.880000 -0.401000 -0.209000 15 0
-0.877000 -0.363000 -0.219000 15 0
-0.870000 -0.443000 -0.181000 20 0
-0.876000 -0.410000 -0.194000 14 0
-0.884000 -0.379000 -0.208000 15 0
0.000000 -0.000000 -0.000000 0 0
-0.704000 -1.134000 -0.256000 17 0
-0.725000 -1.066000 -0.248000 16 0
-0.734000 -0.988000 -0.240000 15 0
-0.750000 -0.922000 -0.233000 15 64
-0.715000 -1.094000 -0.250000 17 0
-0.729000 -1.020000 -0.242000 15 0
-0.744000 -0.954000 -0.237000 15 0
-0.759000 -0.891000 -0.231000 16 64
-0.724000 -1.053000 -0.244000 17 0
-0.738000 -0.983000 -0.238000 15 0
-0.754000 -0.923000 -0.234000 15 0
-0.768000 -0.861000 -0.230000 16 64
-0.727000 -1.006000 -0.236000 16 64
-0.751000 -0.954000 -0.235000 15 0
-0.758000 -0.885000 -0.230000 14 0
-0.780000 -0.836000 -0.229000 16 64
-0.739000 -0.974000 -0.232000 16 64
-0.756000 -0.916000 -0.230000 15 0
-0.766000 -0.854000 -0.228000 14 0
-0.783000 -0.802000 -0.227000 16 64
-0.746000 -0.936000 -0.227000 17 0
-0.762000 -0.881000 -0.226000 14 0
-0.776000 -0.827000 -0.226000 14 0
-0.796000 -0.779000 -0.227000 17 64
-0.759000 -0.908000 -0.224000 18 0
-0.776000 -0.855000 -0.225000 14 0
-0.784000 -0.797000 -0.224000 14 0
-0.802000 -0.750000 -0.226000 17 64
-0.765000 -0.873000 -0.219000 18 0
-0.779000 -0.820000 -0.220000 14 0
-0.793000 -0.770000 -0.223000 19 0
-0.814000 -0.727000 -0.226000 19 64
-0.772000 -0.840000 -0.215000 18 0
-0.789000 -0.792000 -0.218000 15 0
-0.804000 -0.745000 -0.222000 19 0
-0.818000 -0.698000 -0.224000 18 64
-0.782000 -0.811000 -0.212000 18 0
-0.801000 -0.768000 -0.217000 15 0
-0.808000 -0.716000 -0.220000 18 0
-0.827000 -0.674000 -0.224000 23 0
-0.792000 -0.784000 -0.210000 19 0
-0.807000 -0.739000 -0.214000 15 0
-0.813000 -0.688000 -0.218000 18 0
-0.832000 -0.648000 -0.224000 23 0
-0.801000 -0.756000 -0.207000 19 0
-0.814000 -0.711000 -0.212000 15 0
-0.822000 -0.663000 -0.217000 18 0
-0.837000 -0.622000 -0.223000 23 0
-0.812000 -0.731000 -0.205000 20 0
-0.823000 -0.686000 -0.211000 14 0
-0.832000 -0.641000 -0.217000 15 0
-0.843000 -0.597000 -0.222000 23 0
-0.816000 -0.700000 -0.201000 20 0
-0.825000 -0.655000 -0.207000 15 0
-0.836000 -0.614000 -0.215000 14 0
-0.851000 -0.575000 -0.223000 22 0
-0.825000 -0.675000 -0.199000 20 0
-0.832000 -0.630000 -0.206000 14 0
-0.842000 -0.589000 -0.214000 15 0
-0.855000 -0.550000 -0.222000 22 0
-0.829000 -0.646000 -0.196000 24 0
-0.837000 -0.604000 -0.204000 14 0
-0.834000 -0.555000 -0.209000 13 0
-0.857000 -0.525000 -0.221000 22 0
-0.837000 -0.621000 -0.194000 23 0
-0.847000 -0.581000 -0.203000 14 0
-0.841000 -0.533000 -0.209000 16 0
-0.865000 -0.503000 -0.222000 21 0
-0.842000 -0.594000 -0.192000 23 0
-0.857000 -0.559000 -0.203000 14 0
-0.850000 -0.512000 -0.209000 15 0
-0.831000 -0.458000 -0.212000 20 1
-0.851000 -0.571000 -0.191000 23 0
-0.862000 -0.534000 -0.201000 14 0
-0.858000 -0.490000 -0.209000 15 0
-0.831000 -0.435000 -0.211000 15 0
-0.847000 -0.539000 -0.187000 21 0
-0.864000 -0.507000 -0.199000 14 0
-0.700000 -0.379000 -0.169000 14 18
-0.877000 -0.434000 -0.221000 21 0
-0.851000 -0.514000 -0.185000 21 0
-0.863000 -0.480000 -0.197000 16 0
-0.870000 -0.445000 -0.209000 15 0
-0.876000 -0.410000 -0.220000 20 0
-0.859000 -0.491000 -0.184000 21 0
-0.783000 -0.412000 -0.177000 11 16
-0.872000 -0.422000 -0.208000 15 0
-0.885000 -0.390000 -0.222000 20 0
-0.672000 -0.363000 -0.141000 15 18
-0.869000 -0.432000 -0.194000 12 0
-0.880000 -0.401000 -0.209000 15 0
-0.877000 -0.363000 -0.219000 15 0
-0.870000 -0.443000 -0.181000 20 0
-0.876000 -0.410000 -0.194000 14 0
-0.884000 -0.379000 -0.208000 15 0
0.000000 -0.000000 -0.000000 0 0
-0.879000 -0.422000 -0.180000 17 64
-0.884000 -0.389000 -0.194000 12 0
-0.843000 -0.338000 -0.198000 2 1
0.000000 -0.000000 -0.000000 0 0
-0.882000 -0.398000 -0.179000 17 64
-0.893000 -0.368000 -0.195000 14 0
0.000000 -0.000000 -0.000000 0 0
0.000000 -0.000000 -0.000000 0 0
-0.886000 -0.374000 -0.178000 16 64
0.000000 -0.000000 -0.000000 0 0
-0.600000 -0.210000 -0.139000 2 16
0.000000 -0.000000 -0.000000 0 0
0.000000 -0.000000 -0.000000 0 0
0.000000 -0.000000 -0.000000 0 0
-0.606000 -0.197000 -0.140000 2 0
-0.916000 -0.265000 -0.227000 19 0
0.000000 -0.000000 -0.000000 0 0
0.000000 -0.000000 -0.000000 0 0
-0.905000 -0.271000 -0.209000 15 2
-0.915000 -0.243000 -0.227000 19 0
0.000000 -0.000000 -0.000000 0 192
-0.903000 -0.277000 -0.192000 16 0
-0.910000 -0.250000 -0.210000 15 0
-0.922000 -0.224000 -0.229000 19 0
-0.903000 -0.283000 -0.175000 14 64
-0.913000 -0.257000 -0.193000 12 0
-0.916000 -0.230000 -0.211000 15 0
-0.924000 -0.202000 -0.229000 19 0
-0.913000 -0.262000 -0.175000 17 64
-0.920000 -0.236000 -0.194000 12 0
-0.921000 -0.208000 -0.212000 15 0
-0.935000 -0.183000 -0.232000 20 0
-0.918000 -0.239000 -0.175000 17 64
-0.927000 -0.215000 -0.194000 12 0
-0.925000 -0.188000 -0.212000 15 0
-0.931000 -0.161000 -0.232000 19 0
-0.923000 -0.217000 -0.175000 17 64
-0.930000 -0.192000 -0.195000 12 0
-0.929000 -0.167000 -0.213000 15 0
-0.943000 -0.142000 -0.235000 20 0
-0.928000 -0.195000 -0.175000 17 64
-0.933000 -0.170000 -0.195000 12 0
-0.932000 -0.145000 -0.214000 15 0
-0.942000 -0.121000 -0.235000 19 0
-0.932000 -0.173000 -0.175000 17 64
-0.942000 -0.149000 -0.196000 12 0
-0.938000 -0.125000 -0.215000 15 0
-0.948000 -0.100000 -0.238000 20 0
-0.936000 -0.150000 -0.175000 17 64
-0.941000 -0.127000 -0.196000 12 0
-0.948000 -0.104000 -0.218000 15 0
-0.957000 -0.080000 -0.241000 20 0
-0.943000 -0.128000 -0.176000 17 64
-0.945000 -0.105000 -0.197000 12 0
-0.956000 -0.083000 -0.220000 15 0
-0.960000 -0.059000 -0.242000 20 0
-0.945000 -0.105000 -0.176000 17 64
-0.953000 -0.083000 -0.198000 12 0
-0.960000 -0.062000 -0.222000 15 0
-0.964000 -0.038000 -0.244000 20 0
-0.958000 -0.083000 -0.178000 17 64
-0.961000 -0.061000 -0.200000 12 0
-0.962000 -0.040000 -0.223000 15 0
-0.972000 -0.017000 -0.247000 21 0
-0.961000 -0.060000 -0.178000 16 64
-0.964000 -0.038000 -0.201000 12 0
-0.966000 -0.018000 -0.224000 15 0
-0.978000 0.003000 -0.250000 21 0
-0.964000 -0.037000 -0.178000 16 64
-0.967000 -0.016000 -0.202000 12 0
-0.976000 0.003000 -0.227000 15 0
-0.985000 0.025000 -0.253000 21 0
-0.971000 -0.013000 -0.180000 16 64
-0.968000 0.006000 -0.203000 12 0
-0.978000 0.025000 -0.229000 15 0
-0.992000 0.046000 -0.256000 21 0
-0.982000 0.009000 -0.182000 17 64
-0.982000 0.029000 -0.206000 13 0
-0.982000 0.047000 -0.231000 13 0
-0.999000 0.069000 -0.260000 22 0
-0.983000 0.033000 -0.182000 17 64
-0.995000 0.052000 -0.209000 14 0
-0.984000 0.070000 -0.232000 15 0
-1.002000 0.091000 -0.262000 22 0
-0.989000 0.057000 -0.184000 16 64
-0.998000 0.076000 -0.211000 14 0
-0.986000 0.092000 -0.234000 15 0
-1.010000 0.114000 -0.266000 22 0
-0.990000 0.081000 -0.185000 17 64
-1.008000 0.101000 -0.214000 14 0
-0.992000 0.116000 -0.237000 15 0
-1.011000 0.137000 -0.268000 23 0
-0.996000 0.106000 -0.186000 16 64
-1.013000 0.125000 -0.216000 14 0
-1.009000 0.141000 -0.243000 14 0
-1.016000 0.160000 -0.271000 23 0
-0.879000 -0.422000 -0.180000 17 64
-0.884000 -0.389000 -0.194000 12 0
-0.843000 -0.338000 -0.198000 2 1
0.000000 -0.000000 -0.000000 0 0
-0.882000 -0.398000 -0.179000 17 64
-0.893000 -0.368000 -0.195000 14 0
0.000000 -0.000000 -0.000000 0 0
0.000000 -0.000000 -0.000000 0 0
-0.886000 -0.374000 -0.178000 16 64
0.000000 -0.000000 -0.000000 0 0
-0.600000 -0.210000 -0.139000 2 16
0.000000 -0.000000 -0.000000 0 0
0.000000 -0.000000 -0.000000 0 0
0.000000 -0.000000 -0.000000 0 0
-0.606000 -0.197000 -0.140000 2 0
-0.916000 -0.265000 -0.227000 19 0
0.000000 -0.000000 -0.000000 0 0
0.000000 -0.000000 -0.000000 0 0
-0.905000 -0.271000 -0.209000 15 2
-0.915000 -0.243000 -0.227000 19 0
0.000000 -0.000000 -0.000000 0 192
-0.903000 -0.277000 -0.192000 16 0
-0.910000 -0.250000 -0.210000 15 0
-0.922000 -0.224000 -0.229000 19 0
-0.903000 -0.283000 -0.175000 14 64
-0.913000 -0.257000 -0.193000 12 0
-0.916000 -0.230000 -0.211000 15 0
-0.924000 -0.202000 -0.229000 19 0
-0.913000 -0.262000 -0.175000 17 64
-0.920000 -0.236000 -0.194000 12 0
-0.921000 -0.208000 -0.212000 15 0
-0.935000 -0.183000 -0.232000 20 0
-0.918000 -0.239000 -0.175000 17 64
-0.927000 -0.215000 -0.194000 12 0
-0.925000 -0.188000 -0.212000 15 0
-0.931000 -0.161000 -0.232000 19 0
-0.923000 -0.217000 -0.175000 17 64
-0.930000 -0.192000 -0.195000 12 0
-0.929000 -0.167000 -0.213000 15 0
-0.943000 -0.142000 -0.235000 20 0
-0.928000 -0.195000 -0.175000 17 64
-0.933000 -0.170000 -0.195000 12 0
-0.932000 -0.145000 -0.214000 15 0
-0.942000 -0.121000 -0.235000 19 0
-0.932000 -0.173000 -0.175000 17 64
-0.942000 -0.149000 -0.196000 12 0
-0.938000 -0.125000 -0.215000 15 0
-0.948000 -0.100000 -0.238000 20 0
-0.936000 -0.150000 -0.175000 17 64
-0.941000 -0.127000 -0.196000 12 0
-0.948000 -0.104000 -0.218000 15 0
-0.957000 -0.080000 -0.241000 20 0
-0.943000 -0.128000 -0.176000 17 64
-0.945000 -0.105000 -0.197000 12 0
-0.956000 -0.083000 -0.220000 15 0
-0.960000 -0.059000 -0.242000 20 0
-0.945000 -0.105000 -0.176000 17 64
-0.953000 -0.083000 -0.198000 12 0
-0.960000 -0.062000 -0.222000 15 0
-0.964000 -0.038000 -0.244000 20 0
-0.958000 -0.083000 -0.178000 17 64
-0.961000 -0.061000 -0.200000 12 0
-0.962000 -0.040000 -0.223000 15 0
-0.972000 -0.017000 -0.247000 21 0
-0.961000 -0.060000 -0.178000 16 64
-0.964000 -0.038000 -0.201000 12 0
-0.966000 -0.018000 -0.224000 15 0
-0.978000 0.003000 -0.250000 21 0
-0.964000 -0.037000 -0.178000 16 64
-0.967000 -0.016000 -0.202000 12 0
-0.976000 0.003000 -0.227000 15 0
-0.985000 0.025000 -0.253000 21 0
-0.971000 -0.013000 -0.180000 16 64
-0.968000 0.006000 -0.203000 12 0
-0.978000 0.025000 -0.229000 15 0
-0.992000 0.046000 -0.256000 21 0
-0.982000 0.009000 -0.182000 17 64
-0.982000 0.029000 -0.206000 13 0
-0.982000 0.047000 -0.231000 13 0
-0.999000 0.069000 -0.260000 22 0
-0.983000 0.033000 -0.182000 17 64
-0.995000 0.052000 -0.209000 14 0
-0.984000 0.070000 -0.232000 15 0
-1.002000 0.091000 -0.262000 22 0
-0.989000 0.057000 -0.184000 16 64
-0.998000 0.076000 -0.211000 14 0
-0.986000 0.092000 -0.234000 15 0
-1.010000 0.114000 -0.266000 22 0
-0.990000 0.081000 -0.185000 17 64
-1.008000 0.101000 -0.214000 14 0
-0.992000 0.116000 -0.237000 15 0
-1.011000 0.137000 -0.268000 23 0
-0.996000 0.106000 -0.186000 16 64
-1.013000 0.125000 -0.216000 14 0
-1.009000 0.141000 -0.243000 14 0
-1.016000 0.160000 -0.271000 23 0
-0.997000 0.131000 -0.187000 16 64
-1.014000 0.150000 -0.218000 14 0
-1.016000 0.165000 -0.246000 14 0
-1.022000 0.184000 -0.275000 23 0
-1.017000 0.158000 -0.192000 18 64
-1.021000 0.175000 -0.221000 14 0
-0.997000 0.186000 -0.243000 3 0
-1.005000 0.203000 -0.273000 2 0
-1.006000 0.182000 -0.191000 10 64
-1.003000 0.196000 -0.218000 2 0
-1.005000 0.211000 -0.247000 2 0
-1.008000 0.227000 -0.276000 2 0
-0.995000 0.205000 -0.190000 1 64
-1.019000 0.224000 -0.223000 2 0
-1.010000 0.236000 -0.250000 2 0
-1.095000 0.272000 -0.303000 3 2
-1.006000 0.233000 -0.194000 1 64
-1.096000 0.268000 -0.242000 2 0
-1.075000 0.277000 -0.269000 1 0
-1.112000 0.302000 -0.310000 2 0
-1.084000 0.279000 -0.210000 1 64
-1.113000 0.300000 -0.248000 3 0
-1.085000 0.305000 -0.274000 2 0
-1.112000 0.328000 -0.313000 3 0
-1.103000 0.312000 -0.216000 1 64
-1.117000 0.330000 -0.251000 2 0
-1.118000 0.342000 -0.285000 2 0
-1.122000 0.357000 -0.319000 2 0
-1.108000 0.343000 -0.219000 1 64
-1.123000 0.360000 -0.255000 2 0
-1.125000 0.372000 -0.290000 2 0
-1.129000 0.387000 -0.325000 2 0
-1.116000 0.375000 -0.223000 1 64
-1.131000 0.392000 -0.260000 3 0
-1.134000 0.404000 -0.295000 2 0
-1.132000 0.416000 -0.329000 3 0
-1.124000 0.409000 -0.227000 1 64
-1.139000 0.425000 -0.264000 3 0
-1.136000 0.434000 -0.299000 2 0
-1.137000 0.446000 -0.335000 2 0
-1.125000 0.440000 -0.230000 1 64
-1.143000 0.458000 -0.269000 2 0
-1.145000 0.467000 -0.305000 2 0
-1.145000 0.478000 -0.341000 2 0
-1.127000 0.473000 -0.233000 0 64
-1.154000 0.493000 -0.274000 2 0
-1.151000 0.500000 -0.310000 2 0
-1.149000 0.509000 -0.346000 2 0
-1.129000 0.506000 -0.236000 0 64
-1.161000 0.529000 -0.280000 2 0
-1.161000 0.536000 -0.317000 2 0
-1.157000 0.543000 -0.353000 2 0
-1.141000 0.545000 -0.242000 1 64
-1.171000 0.567000 -0.286000 2 0
-1.168000 0.571000 -0.323000 2 0
-1.168000 0.579000 -0.362000 2 0
-1.150000 0.584000 -0.248000 0 64
-1.175000 0.603000 -0.291000 2 0
-1.179000 0.610000 -0.331000 2 0
-1.177000 0.616000 -0.369000 2 0
0.000000 -0.000000 -0.000000 0 0
-1.182000 0.642000 -0.297000 2 0
-1.185000 0.647000 -0.337000 1 0
-1.185000 0.653000 -0.377000 2 0
-1.175000 0.671000 -0.261000 0 64
-1.186000 0.681000 -0.303000 2 0
-1.200000 0.691000 -0.347000 1 0
-1.197000 0.694000 -0.387000 1 0
0.000000 -0.000000 -0.000000 0 0
-1.201000 0.727000 -0.312000 2 0
-1.208000 0.732000 -0.355000 1 0
-1.196000 0.729000 -0.392000 10 0
-1.195000 0.761000 -0.275000 0 64
-1.214000 0.774000 -0.321000 1 0
-1.215000 0.775000 -0.363000 1 0
-1.215000 0.777000 -0.405000 1 0
-1.211000 0.813000 -0.285000 10 0
-1.216000 0.816000 -0.328000 7 0
-1.223000 0.819000 -0.372000 1 0
-1.215000 0.814000 -0.411000 8 0
-1.216000 0.860000 -0.292000 0 64
-1.242000 0.877000 -0.341000 1 0
-1.225000 0.861000 -0.379000 8 0
-1.235000 0.868000 -0.426000 1 0
-1.243000 0.925000 -0.304000 9 0
-1.242000 0.921000 -0.348000 8 0
-1.244000 0.917000 -0.392000 1 0
-1.233000 0.906000 -0.432000 8 0
-1.240000 0.971000 -0.310000 0 64
-1.264000 0.984000 -0.362000 1 0
-1.241000 0.959000 -0.399000 8 0
-1.256000 0.966000 -0.449000 1 0
-1.199000 0.986000 -0.307000 11 0
-1.209000 0.987000 -0.353000 9 0
-1.232000 0.997000 -0.404000 2 0
-1.215000 0.978000 -0.443000 10 0
-0.997000 0.131000 -0.187000 16 64
-1.014000 0.150000 -0.218000 14 0
-1.016000 0.165000 -0.246000 14 0
-1.022000 0.184000 -0.275000 23 0
-1.017000 0.158000 -0.192000 18 64
-1.021000 0.175000 -0.221000 14 0
-0.997000 0.186000 -0.243000 3 0
-1.005000 0.203000 -0.273000 2 0
-1.006000 0.182000 -0.191000 10 64
-1.003000 0.196000 -0.218000 2 0
-1.005000 0.211000 -0.247000 2 0
-1.008000 0.227000 -0.276000 2 0
-0.995000 0.205000 -0.190000 1 64
-1.019000 0.224000 -0.223000 2 0
-1.010000 0.236000 -0.250000 2 0
-1.095000 0.272000 -0.303000 3 2
-1.006000 0.233000 -0.194000 1 64
-1.096000 0.268000 -0.242000 2 0
-1.075000 0.277000 -0.269000 1 0
-1.112000 0.302000 -0.310000 2 0
-1.084000 0.279000 -0.210000 1 64
-1.113000 0.300000 -0.248000 3 0
-1.085000 0.305000 -0.274000 2 0
-1.112000 0.328000 -0.313000 3 0
-1.103000 0.312000 -0.216000 1 64
-1.117000 0.330000 -0.251000 2 0
-1.118000 0.342000 -0.285000 2 0
-1.122000 0.357000 -0.319000 2 0
-1.108000 0.343000 -0.219000 1 64
-1.123000 0.360000 -0.255000 2 0
-1.125000 0.372000 -0.290000 2 0
-1.129000 0.387000 -0.325000 2 0
-1.116000 0.375000 -0.223000 1 64
-1.131000 0.392000 -0.260000 3 0
-1.134000 0.404000 -0.295000 2 0
-1.132000 0.416000 -0.329000 3 0
-1.124000 0.409000 -0.227000 1 64
-1.139000 0.425000 -0.264000 3 0
-1.136000 0.434000 -0.299000 2 0
-1.137000 0.446000 -0.335000 2 0
-1.125000 0.440000 -0.230000 1 64
-1.143000 0.458000 -0.269000 2 0
-1.145000 0.467000 -0.305000 2 0
-1.145000 0.478000 -0.341000 2 0
-1.127000 0.473000 -0.233000 0 64
-1.154000 0.493000 -0.274000 2 0
-1.151000 0.500000 -0.310000 2 0
-1.149000 0.509000 -0.346000 2 0
-1.129000 0.506000 -0.236000 0 64
-1.161000 0.529000 -0.280000 2 0
-1.161000 0.536000 -0.317000 2 0
-1.157000 0.543000 -0.353000 2 0
-1.141000 0.545000 -0.242000 1 64
-1.171000 0.567000 -0.286000 2 0
-1.168000 0.571000 -0.323000 2 0
-1.168000 0.579000 -0.362000 2 0
-1.150000 0.584000 -0.248000 0 64
-1.175000 0.603000 -0.291000 2 0
-1.179000 0.610000 -0.331000 2 0
-1.177000 0.616000 -0.369000 2 0
0.000000 -0.000000 -0.000000 0 0
-1.182000 0.642000 -0.297000 2 0
-1.185000 0.647000 -0.337000 1 0
-1.185000 0.653000 -0.377000 2 0
-1.175000 0.671000 -0.261000 0 64
-1.186000 0.681000 -0.303000 2 0
-1.200000 0.691000 -0.347000 1 0
-1.197000 0.694000 -0.387000 1 0
0.000000 -0.000000 -0.000000 0 0
-1.201000 0.727000 -0.312000 2 0
-1.208000 0.732000 -0.355000 1 0
-1.196000 0.729000 -0.392000 10 0
-1.195000 0.761000 -0.275000 0 64
-1.214000 0.774000 -0.321000 1 0
-1.215000 0.775000 -0.363000 1 0
-1.215000 0.777000 -0.405000 1 0
-1.211000 0.813000 -0.285000 10 0
-1.216000 0.816000 -0.328000 7 0
-1.223000 0.819000 -0.372000 1 0
-1.215000 0.814000 -0.411000 8 0
-1.216000 0.860000 -0.292000 0 64
-1.242000 0.877000 -0.341000 1 0
-1.225000 0.861000 -0.379000 8 0
-1.235000 0.868000 -0.426000 1 0
-1.243000 0.925000 -0.304000 9 0
-1.242000 0.921000 -0.348000 8 0
-1.244000 0.917000 -0.392000 1 0
-1.233000 0.906000 -0.432000 8 0
-1.240000 0.971000 -0.310000 0 64
-1.264000 0.984000 -0.362000 1 0
-1.241000 0.959000 -0.399000 8 0
-1.256000 0.966000 -0.449000 1 0
-1.199000 0.986000 -0.307000 11 0
-1.209000 0.987000 -0.353000 9 0
-1.232000 0.997000 -0.404000 2 0
-1.215000 0.978000 -0.443000 10 0
-1.180000 1.019000 -0.309000 0 64
-1.188000 1.017000 -0.355000 1 0
-1.180000 1.000000 -0.395000 8 0
-1.186000 0.997000 -0.440000 9 0
-1.222000 1.109000 -0.329000 57 1
-1.216000 1.092000 -0.372000 52 1
-1.214000 1.077000 -0.416000 4 0
-1.185000 1.041000 -0.449000 7 0
-1.234000 1.175000 -0.341000 54 0
-1.228000 1.155000 -0.385000 51 0
-1.222000 1.134000 -0.428000 53 0
-1.216000 1.116000 -0.471000 52 0
-1.254000 1.254000 -0.356000 46 0
-1.251000 1.233000 -0.402000 53 0
-1.240000 1.203000 -0.445000 48 0
-1.229000 1.178000 -0.486000 48 0
-1.274000 1.337000 -0.372000 51 0
-1.267000 1.309000 -0.419000 45 0
-1.255000 1.274000 -0.461000 47 0
-1.249000 1.251000 -0.506000 51 0
-1.292000 1.423000 -0.389000 51 0
-1.284000 1.390000 -0.436000 47 0
-1.277000 1.357000 -0.481000 48 0
-1.263000 1.321000 -0.523000 48 0
-1.311000 1.516000 -0.407000 45 0
-1.301000 1.476000 -0.455000 48 0
-1.293000 1.437000 -0.500000 45 0
-1.282000 1.401000 -0.544000 47 0
-1.344000 1.631000 -0.431000 112 0
-1.329000 1.580000 -0.479000 44 0
-1.315000 1.529000 -0.523000 45 0
-1.299000 1.482000 -0.566000 48 0
-1.892000 2.413000 -0.629000 78 0
-1.935000 2.412000 -0.719000 82 0
-1.337000 1.628000 -0.547000 14 0
-1.319000 1.573000 -0.590000 48 0
-1.816000 2.436000 -0.626000 90 0
-1.852000 2.423000 -0.712000 81 0
-1.891000 2.411000 -0.798000 83 0
-1.928000 2.404000 -0.886000 118 0
-1.738000 2.452000 -0.622000 84 0
-1.779000 2.443000 -0.708000 82 0
-1.821000 2.433000 -0.793000 76 0
-1.858000 2.422000 -0.879000 85 0
-1.661000 2.468000 -0.618000 84 0
-1.705000 2.461000 -0.703000 79 0
-1.747000 2.447000 -0.786000 77 0
-1.787000 2.439000 -0.871000 79 0
-1.588000 2.486000 -0.615000 87 0
-1.635000 2.480000 -0.699000 81 0
-1.676000 2.464000 -0.780000 79 0
-1.720000 2.457000 -0.865000 84 0
-1.514000 2.500000 -0.613000 85 0
-1.561000 2.493000 -0.695000 74 0
-1.608000 2.481000 -0.775000 78 0
-1.652000 2.473000 -0.858000 75 0
-1.446000 2.523000 -0.612000 80 0
-1.491000 2.510000 -0.692000 77 0
-1.540000 2.498000 -0.771000 76 0
-1.582000 2.485000 -0.850000 78 0
-1.375000 2.539000 -0.611000 82 0
-1.424000 2.527000 -0.690000 83 0
-1.472000 2.514000 -0.766000 82 0
-1.520000 2.506000 -0.846000 88 0
-1.304000 2.552000 -0.609000 79 0
-1.358000 2.546000 -0.688000 80 0
-1.407000 2.531000 -0.763000 81 0
-1.453000 2.519000 -0.840000 78 0
-1.238000 2.573000 -0.610000 85 0
-1.288000 2.558000 -0.685000 78 0
-1.342000 2.547000 -0.760000 77 0
-1.386000 2.529000 -0.833000 80 0
-1.165000 2.580000 -0.608000 100 0
-1.222000 2.574000 -0.684000 85 0
-1.277000 2.562000 -0.757000 81 0
-1.327000 2.552000 -0.831000 89 0
-1.101000 2.600000 -0.609000 98 0
-1.157000 2.590000 -0.683000 83 0
-1.212000 2.576000 -0.754000 78 0
-1.262000 2.563000 -0.826000 79 0
-1.034000 2.614000 -0.609000 92 0
-1.087000 2.594000 -0.679000 107 0
-1.150000 2.593000 -0.752000 77 0
-1.200000 2.577000 -0.822000 80 0
-0.972000 2.642000 -0.614000 150 0
-1.024000 2.611000 -0.679000 95 0
-1.084000 2.604000 -0.749000 83 0
-1.140000 2.594000 -0.819000 87 0
-1.095000 3.209000 -0.743000 28 0
-0.981000 2.684000 -0.694000 151 0
-1.019000 2.611000 -0.745000 101 0
-1.078000 2.608000 -0.815000 83 0
-1.596000 5.069000 -1.170000 18 0
-1.092000 3.216000 -0.828000 31 0
-0.986000 2.707000 -0.767000 157 0
-1.017000 2.622000 -0.812000 86 0
-1.180000 1.019000 -0.309000 0 64
-1.188000 1.017000 -0.355000 1 0
-1.180000 1.000000 -0.395000 8 0
-1.186000 0.997000 -0.440000 9 0
-1.222000 1.109000 -0.329000 57 1
-1.216000 1.092000 -0.372000 52 1
-1.214000 1.077000 -0.416000 4 0
-1.185000 1.041000 -0.449000 7 0
-1.234000 1.175000 -0.341000 54 0
-1.228000 1.155000 -0.385000 51 0
-1.222000 1.134000 -0.428000 53 0
-1.216000 1.116000 -0.471000 52 0
-1.254000 1.254000 -0.356000 46 0
-1.251000 1.233000 -0.402000 53 0
-1.240000 1.203000 -0.445000 48 0
-1.229000 1.178000 -0.486000 48 0
-1.274000 1.337000 -0.372000 51 0
-1.267000 1.309000 -0.419000 45 0
-1.255000 1.274000 -0.461000 47 0
-1.249000 1.251000 -0.506000 51 0
-1.292000 1.423000 -0.389000 51 0
-1.284000 1.390000 -0.436000 47 0
-1.277000 1.357000 -0.481000 48 0
-1.263000 1.321000 -0.523000 48 0
-1.311000 1.516000 -0.407000 45 0
-1.301000 1.476000 -0.455000 48 0
-1.293000 1.437000 -0.500000 45 0
-1.282000 1.401000 -0.544000 47 0
-1.344000 1.631000 -0.431000 112 0
-1.329000 1.580000 -0.479000 44 0
-1.315000 1.529000 -0.523000 45 0
-1.299000 1.482000 -0.566000 48 0
-1.892000 2.413000 -0.629000 78 0
-1.935000 2.412000 -0.719000 82 0
-1.337000 1.628000 -0.547000 14 0
-1.319000 1.573000 -0.590000 48 0
-1.816000 2.436000 -0.626000 90 0
-1.852000 2.423000 -0.712000 81 0
-1.891000 2.411000 -0.798000 83 0
-1.928000 2.404000 -0.886000 118 0
-1.738000 2.452000 -0.622000 84 0
-1.779000 2.443000 -0.708000 82 0
-1.821000 2.433000 -0.793000 76 0
-1.858000 2.422000 -0.879000 85 0
-1.661000 2.468000 -0.618000 84 0
-1.705000 2.461000 -0.703000 79 0
-1.747000 2.447000 -0.786000 77 0
-1.787000 2.439000 -0.871000 79 0
-1.588000 2.486000 -0.615000 87 0
-1.635000 2.480000 -0.699000 81 0
-1.676000 2.464000 -0.780000 79 0
-1.720000 2.457000 -0.865000 84 0
-1.514000 2.500000 -0.613000 85 0
-1.561000 2.493000 -0.695000 74 0
-1.608000 2.481000 -0.775000 78 0
-1.652000 2.473000 -0.858000 75 0
-1.446000 2.523000 -0.612000 80 0
-1.491000 2.510000 -0.692000 77 0
-1.540000 2.498000 -0.771000 76 0
-1.582000 2.485000 -0.850000 78 0
-1.375000 2.539000 -0.611000 82 0
-1.424000 2.527000 -0.690000 83 0
-1.472000 2.514000 -0.766000 82 0
-1.520000 2.506000 -0.846000 88 0
-1.304000 2.552000 -0.609000 79 0
-1.358000 2.546000 -0.688000 80 0
-1.407000 2.531000 -0.763000 81 0
-1.453000 2.519000 -0.840000 78 0
-1.238000 2.573000 -0.610000 85 0
-1.288000 2.558000 -0.685000 78 0
-1.342000 2.547000 -0.760000 77 0
-1.386000 2.529000 -0.833000 80 0
-1.165000 2.580000 -0.608000 100 0
-1.222000 2.574000 -0.684000 85 0
-1.277000 2.562000 -0.757000 81 0
-1.327000 2.552000 -0.831000 89 0
-1.101000 2.600000 -0.609000 98 0
-1.157000 2.590000 -0.683000 83 0
-1.212000 2.576000 -0.754000 78 0
-1.262000 2.563000 -0.826000 79 0
-1.034000 2.614000 -0.609000 92 0
-1.087000 2.594000 -0.679000 107 0
-1.150000 2.593000 -0.752000 77 0
-1.200000 2.577000 -0.822000 80 0
-0.972000 2.642000 -0.614000 150 0
-1.024000 2.611000 -0.679000 95 0
-1.084000 2.604000 -0.749000 83 0
-1.140000 2.594000 -0.819000 87 0
-1.095000 3.209000 -0.743000 28 0
-0.981000 2.684000 -0.694000 151 0
-1.019000 2.611000 -0.745000 101 0
-1.078000 2.608000 -0.815000 83 0
-1.596000 5.069000 -1.170000 18 0
-1.092000 3.216000 -0.828000 31 0
-0.986000 2.707000 -0.767000 157 0
-1.017000 2.622000 -0.812000 86 0
-1.289000 4.464000 -1.029000 1 0
-1.493000 4.759000 -1.220000 13 0
-1.089000 3.211000 -0.904000 14 0
-0.987000 2.721000 -0.836000 160 0
-1.381000 5.247000 -1.207000 29 0
-1.331000 4.611000 -1.177000 1 0
-1.379000 4.388000 -1.227000 12 0
-1.088000 3.218000 -0.981000 25 0
-1.249000 5.255000 -1.209000 20 0
-1.252000 4.747000 -1.207000 10 0
-1.271000 4.392000 -1.222000 10 0
-1.272000 4.055000 -1.226000 13 0
-1.083000 5.087000 -1.170000 6 0
-1.122000 4.693000 -1.191000 11 0
-1.172000 4.420000 -1.223000 13 0
-1.181000 4.079000 -1.225000 13 0
-0.829000 4.402000 -1.013000 84 0
-1.002000 4.667000 -1.182000 7 0
-1.068000 4.429000 -1.220000 14 0
-1.090000 4.099000 -1.223000 13 0
-0.725000 4.432000 -1.021000 88 0
-0.839000 4.398000 -1.112000 81 0
-0.961000 4.420000 -1.213000 17 0
-0.998000 4.120000 -1.221000 12 0
-0.622000 4.461000 -1.029000 64 0
-0.739000 4.432000 -1.119000 103 0
-0.853000 4.398000 -1.202000 58 0
-0.906000 4.133000 -1.218000 12 0
-0.518000 4.496000 -1.040000 67 0
-0.638000 4.458000 -1.125000 97 0
-0.754000 4.425000 -1.206000 42 0
-0.813000 4.145000 -1.215000 12 0
-0.330000 3.613000 -0.838000 13 0
-0.537000 4.495000 -1.135000 84 0
-0.653000 4.430000 -1.204000 26 0
-0.717000 4.141000 -1.208000 12 0
0.000000 -0.000000 -0.000000 0 0
-0.332000 3.453000 -0.872000 3 0
-0.550000 4.431000 -1.202000 17 0
-0.625000 4.156000 -1.207000 12 0
0.000000 -0.000000 -0.000000 0 0
-0.250000 3.413000 -0.863000 8 0
-0.447000 4.416000 -1.196000 13 0
-0.532000 4.162000 -1.204000 16 0
0.000000 -0.000000 -0.000000 0 192
0.000000 -0.000000 -0.000000 0 0
-0.268000 3.411000 -0.922000 7 0
-0.438000 4.161000 -1.199000 18 0
0.000000 -0.000000 -0.000000 0 192
0.000000 -0.000000 -0.000000 0 192
0.000000 -0.000000 -0.000000 0 0
-0.344000 4.146000 -1.191000 13 0
0.000000 -0.000000 -0.000000 0 192
0.000000 -0.000000 -0.000000 0 192
0.000000 -0.000000 -0.000000 0 192
0.000000 -0.000000 -0.000000 0 0
0.000000 -0.000000 -0.000000 0 192
0.000000 -0.000000 -0.000000 0 192
0.000000 -0.000000 -0.000000 0 192
0.000000 -0.000000 -0.000000 0 192
0.000000 -0.000000 -0.000000 0 192
0.000000 -0.000000 -0.000000 0 192
0.000000 -0.000000 -0.000000 0 192
0.000000 -0.000000 -0.000000 0 192
0.000000 -0.000000 -0.000000 0 0
0.000000 -0.000000 -0.000000 0 192
0.000000 -0.000000 -0.000000 0 192
0.000000 -0.000000 -0.000000 0 192
0.195000 1.622000 -0.397000 19 0
0.153000 1.736000 -0.449000 0 0
0.000000 -0.000000 -0.000000 0 192
0.000000 -0.000000 -0.000000 0 192
0.222000 1.538000 -0.379000 52 0
0.184000 1.656000 -0.431000 16 0
0.000000 -0.000000 -0.000000 0 192
0.000000 -0.000000 -0.000000 0 192
0.262000 1.556000 -0.387000 12 0
0.210000 1.556000 -0.407000 28 0
0.000000 -0.000000 -0.000000 0 192
0.000000 -0.000000 -0.000000 0 192
0.299000 1.554000 -0.391000 53 0
0.246000 1.553000 -0.409000 12 0
0.200000 1.587000 -0.434000 23 0
0.000000 -0.000000 -0.000000 0 192
0.343000 1.582000 -0.402000 13 0
0.284000 1.562000 -0.414000 57 0
0.231000 1.553000 -0.426000 12 0
0.192000 1.619000 -0.461000 19 0
0.382000 1.587000 -0.407000 59 0
0.325000 1.578000 -0.421000 12 0
0.269000 1.563000 -0.431000 11 0
0.218000 1.541000 -0.439000 43 0
0.423000 1.592000 -0.413000 57 0
0.364000 1.583000 -0.426000 58 0
0.307000 1.569000 -0.435000 12 0
0.256000 1.558000 -0.445000 12 0
-1.289000 4.464000 -1.029000 1 0
-1.493000 4.759000 -1.220000 13 0
-1.089000 3.211000 -0.904000 14 0
-0.987000 2.721000 -0.836000 160 0
-1.381000 5.247000 -1.207000 29 0
-1.331000 4.611000 -1.177000 1 0
-1.379000 4.388000 -1.227000 12 0
-1.088000 3.218000 -0.981000 25 0
-1.249000 5.255000 -1.209000 20 0
-1.252000 4.747000 -1.207000 10 0
-1.271000 4.392000 -1.222000 10 0
-1.272000 4.055000 -1.226000 13 0
-1.083000 5.087000 -1.170000 6 0
-1.122000 4.693000 -1.191000 11 0
-1.172000 4.420000 -1.223000 13 0
-1.181000 4.079000 -1.225000 13 0
-0.829000 4.402000 -1.013000 84 0
-1.002000 4.667000 -1.182000 7 0
-1.068000 4.429000 -1.220000 14 0
-1.090000 4.099000 -1.223000 13 0
-0.725000 4.432000 -1.021000 88 0
-0.839000 4.398000 -1.112000 81 0
-0.961000 4.420000 -1.213000 17 0
-0.998000 4.120000 -1.221000 12 0
-0.622000 4.461000 -1.029000 64 0
-0.739000 4.432000 -1.119000 103 0
-0.853000 4.398000 -1.202000 58 0
-0.906000 4.133000 -1.218000 12 0
-0.518000 4.496000 -1.040000 67 0
-0.638000 4.458000 -1.125000 97 0
-0.754000 4.425000 -1.206000 42 0
-0.813000 4.145000 -1.215000 12 0
-0.330000 3.613000 -0.838000 13 0
-0.537000 4.495000 -1.135000 84 0
-0.653000 4.430000 -1.204000 26 0
-0.717000 4.141000 -1.208000 12 0
0.000000 -0.000000 -0.000000 0 0
-0.332000 3.453000 -0.872000 3 0
-0.550000 4.431000 -1.202000 17 0
-0.625000 4.156000 -1.207000 12 0
0.000000 -0.000000 -0.000000 0 0
-0.250000 3.413000 -0.863000 8 0
-0.447000 4.416000 -1.196000 13 0
-0.532000 4.162000 -1.204000 16 0
0.000000 -0.000000 -0.000000 0 192
0.000000 -0.000000 -0.000000 0 0
-0.268000 3.411000 -0.922000 7 0
-0.438000 4.161000 -1.199000 18 0
0.000000 -0.000000 -0.000000 0 192
0.000000 -0.000000 -0.000000 0 192
0.000000 -0.000000 -0.000000 0 0
-0.344000 4.146000 -1.191000 13 0
0.000000 -0.000000 -0.000000 0 192
0.000000 -0.000000 -0.000000 0 192
0.000000 -0.000000 -0.000000 0 192
0.000000 -0.000000 -0.000000 0 0
0.000000 -0.000000 -0.000000 0 192
0.000000 -0.000000 -0.000000 0 192
0.000000 -0.000000 -0.000000 0 192
0.000000 -0.000000 -0.000000 0 192
0.000000 -0.000000 -0.000000 0 192
0.000000 -0.000000 -0.000000 0 192
0.000000 -0.000000 -0.000000 0 192
0.000000 -0.000000 -0.000000 0 192
0.000000 -0.000000 -0.000000 0 0
0.000000 -0.000000 -0.000000 0 192
0.000000 -0.000000 -0.000000 0 192
0.000000 -0.000000 -0.000000 0 192
0.195000 1.622000 -0.397000 19 0
0.153000 1.736000 -0.449000 0 0
0.000000 -0.000000 -0.000000 0 192
0.000000 -0.000000 -0.000000 0 192
0.222000 1.538000 -0.379000 52 0
0.184000 1.656000 -0.431000 16 0
0.000000 -0.000000 -0.000000 0 192
0.000000 -0.000000 -0.000000 0 192
0.262000 1.556000 -0.387000 12 0
0.210000 1.556000 -0.407000 28 0
0.000000 -0.000000 -0.000000 0 192
0.000000 -0.000000 -0.000000 0 192
0.299000 1.554000 -0.391000 53 0
0.246000 1.553000 -0.409000 12 0
0.200000 1.587000 -0.434000 23 0
0.000000 -0.000000 -0.000000 0 192
0.343000 1.582000 -0.402000 13 0
0.284000 1.562000 -0.414000 57 0
0.231000 1.553000 -0.426000 12 0
0.192000 1.619000 -0.461000 19 0
0.382000 1.587000 -0.407000 59 0
0.325000 1.578000 -0.421000 12 0
0.269000 1.563000 -0.431000 11 0
0.218000 1.541000 -0.439000 43 0
0.423000 1.592000 -0.413000 57 0
0.364000 1.583000 -0.426000 58 0
0.307000 1.569000 -0.435000 12 0
0.256000 1.558000 -0.445000 12 0
0.467000 1.604000 -0.422000 63 0
0.403000 1.587000 -0.431000 85 0
0.346000 1.575000 -0.439000 58 0
0.293000 1.563000 -0.448000 62 0
0.511000 1.617000 -0.430000 53 0
0.446000 1.601000 -0.439000 80 0
0.390000 1.602000 -0.449000 18 0
0.333000 1.577000 -0.453000 13 0
0.555000 1.623000 -0.438000 47 0
0.487000 1.607000 -0.444000 62 0
0.425000 1.588000 -0.448000 90 0
0.371000 1.583000 -0.456000 75 0
0.602000 1.637000 -0.448000 48 0
0.532000 1.619000 -0.452000 48 0
0.469000 1.605000 -0.456000 77 0
0.412000 1.592000 -0.460000 86 0
0.650000 1.648000 -0.457000 46 0
0.580000 1.637000 -0.462000 47 0
0.512000 1.615000 -0.462000 53 0
0.452000 1.600000 -0.465000 78 0
0.700000 1.661000 -0.468000 45 0
0.624000 1.642000 -0.469000 50 0
0.558000 1.628000 -0.470000 53 0
0.497000 1.616000 -0.472000 55 0
0.749000 1.671000 -0.478000 46 0
0.673000 1.655000 -0.478000 50 0
0.603000 1.639000 -0.477000 52 0
0.539000 1.622000 -0.476000 49 0
0.816000 1.714000 -0.498000 104 0
0.723000 1.669000 -0.489000 44 0
0.650000 1.649000 -0.484000 48 0
0.585000 1.636000 -0.483000 54 0
0.985000 1.951000 -0.577000 71 0
0.777000 1.687000 -0.500000 56 0
0.699000 1.661000 -0.492000 45 0
0.632000 1.647000 -0.489000 52 0
1.063000 1.990000 -0.599000 40 0
0.929000 1.901000 -0.572000 120 0
0.748000 1.670000 -0.500000 45 0
0.680000 1.659000 -0.496000 49 0
1.133000 2.009000 -0.615000 39 0
1.026000 1.984000 -0.605000 41 0
0.830000 1.746000 -0.529000 150 0
0.731000 1.672000 -0.504000 47 0
1.202000 2.022000 -0.631000 18 0
1.096000 2.004000 -0.621000 46 0
0.996000 1.976000 -0.605000 44 0
0.792000 1.706000 -0.519000 90 0
0.000000 -0.000000 -0.000000 0 0
1.163000 2.016000 -0.634000 29 0
1.064000 1.996000 -0.619000 44 0
0.973000 1.977000 -0.606000 48 0
0.000000 -0.000000 -0.000000 0 192
1.238000 2.038000 -0.652000 9 0
1.133000 2.015000 -0.633000 41 0
1.039000 1.993000 -0.618000 46 0
0.000000 -0.000000 -0.000000 0 128
0.000000 -0.000000 -0.000000 0 0
1.203000 2.029000 -0.646000 24 0
1.107000 2.009000 -0.629000 44 0
0.000000 -0.000000 -0.000000 0 128
0.000000 -0.000000 -0.000000 0 128
1.282000 2.054000 -0.664000 3 0
1.174000 2.021000 -0.639000 35 0
0.000000 -0.000000 -0.000000 0 128
0.000000 -0.000000 -0.000000 0 128
0.000000 -0.000000 -0.000000 0 0
1.254000 2.048000 -0.656000 8 0
0.000000 -0.000000 -0.000000 0 128
0.000000 -0.000000 -0.000000 0 128
0.000000 -0.000000 -0.000000 0 0
0.000000 -0.000000 -0.000000 0 0
0.000000 -0.000000 -0.000000 0 128
0.000000 -0.000000 -0.000000 0 128
0.000000 -0.000000 -0.000000 0 0
0.000000 -0.000000 -0.000000 0 128
0.000000 -0.000000 -0.000000 0 128
0.000000 -0.000000 -0.000000 0 128
0.000000 -0.000000 -0.000000 0 128
0.000000 -0.000000 -0.000000 0 128
0.000000 -0.000000 -0.000000 0 128
0.000000 -0.000000 -0.000000 0 128
0.000000 -0.000000 -0.000000 0 128
0.000000 -0.000000 -0.000000 0 0
0.000000 -0.000000 -0.000000 0 128
0.000000 -0.000000 -0.000000 0 0
0.000000 -0.000000 -0.000000 0 0
0.000000 -0.000000 -0.000000 0 128
0.000000 -0.000000 -0.000000 0 128
0.000000 -0.000000 -0.000000 0 0
0.000000 -0.000000 -0.000000 0 0
0.000000 -0.000000 -0.000000 0 128
0.000000 -0.000000 -0.000000 0 128
0.000000 -0.000000 -0.000000 0 0
0.000000 -0.000000 -0.000000 0 0
0.000000 -0.000000 -0.000000 0 128
0.467000 1.604000 -0.422000 63 0
0.403000 1.587000 -0.431000 85 0
0.346000 1.575000 -0.439000 58 0
0.293000 1.563000 -0.448000 62 0
0.511000 1.617000 -0.430000 53 0
0.446000 1.601000 -0.439000 80 0
0.390000 1.602000 -0.449000 18 0
0.333000 1.577000 -0.453000 13 0
0.555000 1.623000 -0.438000 47 0
0.487000 1.607000 -0.444000 62 0
0.425000 1.588000 -0.448000 90 0
0.371000 1.583000 -0.456000 75 0
0.602000 1.637000 -0.448000 48 0
0.532000 1.619000 -0.452000 48 0
0.469000 1.605000 -0.456000 77 0
0.412000 1.592000 -0.460000 86 0
0.650000 1.648000 -0.457000 46 0
0.580000 1.637000 -0.462000 47 0
0.512000 1.615000 -0.462000 53 0
0.452000 1.600000 -0.465000 78 0
0.700000 1.661000 -0.468000 45 0
0.624000 1.642000 -0.469000 50 0
0.558000 1.628000 -0.470000 53 0
0.497000 1.616000 -0.472000 55 0
0.749000 1.671000 -0.478000 46 0
0.673000 1.655000 -0.478000 50 0
0.603000 1.639000 -0.477000 52 0
0.539000 1.622000 -0.476000 49 0
0.816000 1.714000 -0.498000 104 0
0.723000 1.669000 -0.489000 44 0
0.650000 1.649000 -0.484000 48 0
0.585000 1.636000 -0.483000 54 0
0.985000 1.951000 -0.577000 71 0
0.777000 1.687000 -0.500000 56 0
0.699000 1.661000 -0.492000 45 0
0.632000 1.647000 -0.489000 52 0
1.063000 1.990000 -0.599000 40 0
0.929000 1.901000 -0.572000 120 0
0.748000 1.670000 -0.500000 45 0
0.680000 1.659000 -0.496000 49 0
1.133000 2.009000 -0.615000 39 0
1.026000 1.984000 -0.605000 41 0
0.830000 1.746000 -0.529000 150 0
0.731000 1.672000 -0.504000 47 0
1.202000 2.022000 -0.631000 18 0
1.096000 2.004000 -0.621000 46 0
0.996000 1.976000 -0.605000 44 0
0.792000 1.706000 -0.519000 90 0
0.000000 -0.000000 -0.000000 0 0
1.163000 2.016000 -0.634000 29 0
1.064000 1.996000 -0.619000 44 0
0.973000 1.977000 -0.606000 48 0
0.000000 -0.000000 -0.000000 0 192
1.238000 2.038000 -0.652000 9 0
1.133000 2.015000 -0.633000 41 0
1.039000 1.993000 -0.618000 46 0
0.000000 -0.000000 -0.000000 0 128
0.000000 -0.000000 -0.000000 0 0
1.203000 2.029000 -0.646000 24 0
1.107000 2.009000 -0.629000 44 0
0.000000 -0.000000 -0.000000 0 128
0.000000 -0.000000 -0.000000 0 128
1.282000 2.054000 -0.664000 3 0
1.174000 2.021000 -0.639000 35 0
0.000000 -0.000000 -0.000000 0 128
0.000000 -0.000000 -0.000000 0 128
0.000000 -0.000000 -0.000000 0 0
1.254000 2.048000 -0.656000 8 0
0.000000 -0.000000 -0.000000 0 128
0.000000 -0.000000 -0.000000 0 128
0.000000 -0.000000 -0.000000 0 0
0.000000 -0.000000 -0.000000 0 0
0.000000 -0.000000 -0.000000 0 128
0.000000 -0.000000 -0.000000 0 128
0.000000 -0.000000 -0.000000 0 0
0.000000 -0.000000 -0.000000 0 128
0.000000 -0.000000 -0.000000 0 128
0.000000 -0.000000 -0.000000 0 128
0.000000 -0.000000 -0.000000 0 128
0.000000 -0.000000 -0.000000 0 128
0.000000 -0.000000 -0.000000 0 128
0.000000 -0.000000 -0.000000 0 128
0.000000 -0.000000 -0.000000 0 128
0.000000 -0.000000 -0.000000 0 0
0.000000 -0.000000 -0.000000 0 128
0.000000 -0.000000 -0.000000 0 0
0.000000 -0.000000 -0.000000 0 0
0.000000 -0.000000 -0.000000 0 128
0.000000 -0.000000 -0.000000 0 128
0.000000 -0.000000 -0.000000 0 0
0.000000 -0.000000 -0.000000 0 0
0.000000 -0.000000 -0.000000 0 128
0.000000 -0.000000 -0.000000 0 128
0.000000 -0.000000 -0.000000 0 0
0.000000 -0.000000 -0.000000 0 0
0.000000 -0.000000 -0.000000 0 128
0.000000 -0.000000 -0.000000 0 128
0.000000 -0.000000 -0.000000 0 0
0.000000 -0.000000 -0.000000 0 0
0.000000 -0.000000 -0.000000 0 128
0.000000 -0.000000 -0.000000 0 192
0.000000 -0.000000 -0.000000 0 0
0.000000 -0.000000 -0.000000 0 0
0.000000 -0.000000 -0.000000 0 128
0.000000 -0.000000 -0.000000 0 128
0.000000 -0.000000 -0.000000 0 0
0.000000 -0.000000 -0.000000 0 0
0.000000 -0.000000 -0.000000 0 0
0.000000 -0.000000 -0.000000 0 128
0.000000 -0.000000 -0.000000 0 128
0.000000 -0.000000 -0.000000 0 128
0.000000 -0.000000 -0.000000 0 128
0.000000 -0.000000 -0.000000 0 128
0.000000 -0.000000 -0.000000 0 128
0.000000 -0.000000 -0.000000 0 128
0.000000 -0.000000 -0.000000 0 0
0.000000 -0.000000 -0.000000 0 0
0.000000 -0.000000 -0.000000 0 0
0.000000 -0.000000 -0.000000 0 128
0.000000 -0.000000 -0.000000 0 128
0.000000 -0.000000 -0.000000 0 0
0.000000 -0.000000 -0.000000 0 0
0.000000 -0.000000 -0.000000 0 128
0.000000 -0.000000 -0.000000 0 128
0.000000 -0.000000 -0.000000 0 0
0.000000 -0.000000 -0.000000 0 0
0.000000 -0.000000 -0.000000 0 0
0.000000 -0.000000 -0.000000 0 128
0.000000 -0.000000 -0.000000 0 0
0.000000 -0.000000 -0.000000 0 0
0.000000 -0.000000 -0.000000 0 0
0.000000 -0.000000 -0.000000 0 0
0.000000 -0.000000 -0.000000 0 0
0.000000 -0.000000 -0.000000 0 0
0.000000 -0.000000 -0.000000 0 0
0.000000 -0.000000 -0.000000 0 0
0.000000 -0.000000 -0.000000 0 0
0.000000 -0.000000 -0.000000 0 0
0.000000 -0.000000 -0.000000 0 0
0.000000 -0.000000 -0.000000 0 0
0.000000 -0.000000 -0.000000 0 0
0.000000 -0.000000 -0.000000 0 0
0.000000 -0.000000 -0.000000 0 0
0.000000 -0.000000 -0.000000 0 0
0.000000 -0.000000 -0.000000 0 0
0.000000 -0.000000 -0.000000 0 0
0.000000 -0.000000 -0.000000 0 0
0.000000 -0.000000 -0.000000 0 0
0.000000 -0.000000 -0.000000 0 0
0.000000 -0.000000 -0.000000 0 0
0.000000 -0.000000 -0.000000 0 0
0.000000 -0.000000 -0.000000 0 0
0.000000 -0.000000 -0.000000 0 0
0.000000 -0.000000 -0.000000 0 0
0.000000 -0.000000 -0.000000 0 0
0.000000 -0.000000 -0.000000 0 0
0.000000 -0.000000 -0.000000 0 0
0.000000 -0.000000 -0.000000 0 0
0.000000 -0.000000 -0.000000 0 0
0.000000 -0.000000 -0.000000 0 0
0.000000 -0.000000 -0.000000 0 0
0.000000 -0.000000 -0.000000 0 0
0.000000 -0.000000 -0.000000 0 0
0.000000 -0.000000 -0.000000 0 0
0.000000 -0.000000 -0.000000 0 0
0.000000 -0.000000 -0.000000 0 0
0.000000 -0.000000 -0.000000 0 0
0.000000 -0.000000 -0.000000 0 0
0.000000 -0.000000 -0.000000 0 0
0.000000 -0.000000 -0.000000 0 0
0.000000 -0.000000 -0.000000 0 0
0.000000 -0.000000 -0.000000 0 0
0.000000 -0.000000 -0.000000 0 0
0.000000 -0.000000 -0.000000 0 0
0.000000 -0.000000 -0.000000 0 0
0.000000 -0.000000 -0.000000 0 0
0.000000 -0.000000 -0.000000 0 0
0.000000 -0.000000 -0.000000 0 0
0.000000 -0.000000 -0.000000 0 0
0.000000 -0.000000 -0.000000 0 0
0.000000 -0.000000 -0.000000 0 0
0.000000 -0.000000 -0.000000 0 0
0.000000 -0.000000 -0.000000 0 0
0.000000 -0.000000 -0.000000 0 0
0.000000 -0.000000 -0.000000 0 0
0.000000 -0.000000 -0.000000 0 0
0.000000 -0.000000 -0.000000 0 0
0.000000 -0.000000 -0.000000 0 0
0.000000 -0.000000 -0.000000 0 0
0.000000 -0.000000 -0.000000 0 0
0.000000 -0.000000 -0.000000 0 0
0.000000 -0.000000 -0.000000 0 0
0.000000 -0.000000 -0.000000 0 128
0.000000 -0.000000 -0.000000 0 0
0.000000 -0.000000 -0.000000 0 0
0.000000 -0.000000 -0.000000 0 128
0.000000 -0.000000 -0.000000 0 192
0.000000 -0.000000 -0.000000 0 0
0.000000 -0.000000 -0.000000 0 0
0.000000 -0.000000 -0.000000 0 128
0.000000 -0.000000 -0.000000 0 128
0.000000 -0.000000 -0.000000 0 0
0.000000 -0.000000 -0.000000 0 0
0.000000 -0.000000 -0.000000 0 0
0.000000 -0.000000 -0.000000 0 128
0.000000 -0.000000 -0.000000 0 128
0.000000 -0.000000 -0.000000 0 128
0.000000 -0.000000 -0.000000 0 128
0.000000 -0.000000 -0.000000 0 128
0.000000 -0.000000 -0.000000 0 128
0.000000 -0.000000 -0.000000 0 128
0.000000 -0.000000 -0.000000 0 0
0.000000 -0.000000 -0.000000 0 0
0.000000 -0.000000 -0.000000 0 0
0.000000 -0.000000 -0.000000 0 128
0.000000 -0.000000 -0.000000 0 128
0.000000 -0.000000 -0.000000 0 0
0.000000 -0.000000 -0.000000 0 0
0.000000 -0.000000 -0.000000 0 128
0.000000 -0.000000 -0.000000 0 128
0.000000 -0.000000 -0.000000 0 0
0.000000 -0.000000 -0.000000 0 0
0.000000 -0.000000 -0.000000 0 0
0.000000 -0.000000 -0.000000 0 128
0.000000 -0.000000 -0.000000 0 0
0.000000 -0.000000 -0.000000 0 0
0.000000 -0.000000 -0.000000 0 0
0.000000 -0.000000 -0.000000 0 0
0.000000 -0.000000 -0.000000 0 0
0.000000 -0.000000 -0.000000 0 0
0.000000 -0.000000 -0.000000 0 0
0.000000 -0.000000 -0.000000 0 0
0.000000 -0.000000 -0.000000 0 0
0.000000 -0.000000 -0.000000 0 0
0.000000 -0.000000 -0.000000 0 0
0.000000 -0.000000 -0.000000 0 0
0.000000 -0.000000 -0.000000 0 0
0.000000 -0.000000 -0.000000 0 0
0.000000 -0.000000 -0.000000 0 0
0.000000 -0.000000 -0.000000 0 0
0.000000 -0.000000 -0.000000 0 0
0.000000 -0.000000 -0.000000 0 0
0.000000 -0.000000 -0.000000 0 0
0.000000 -0.000000 -0.000000 0 0
0.000000 -0.000000 -0.000000 0 0
0.000000 -0.000000 -0.000000 0 0
0.000000 -0.000000 -0.000000 0 0
0.000000 -0.000000 -0.000000 0 0
0.000000 -0.000000 -0.000000 0 0
0.000000 -0.000000 -0.000000 0 0
0.000000 -0.000000 -0.000000 0 0
0.000000 -0.000000 -0.000000 0 0
0.000000 -0.000000 -0.000000 0 0
0.000000 -0.000000 -0.000000 0 0
0.000000 -0.000000 -0.000000 0 0
0.000000 -0.000000 -0.000000 0 0
0.000000 -0.000000 -0.000000 0 0
0.000000 -0.000000 -0.000000 0 0
0.000000 -0.000000 -0.000000 0 0
0.000000 -0.000000 -0.000000 0 0
0.000000 -0.000000 -0.000000 0 0
0.000000 -0.000000 -0.000000 0 0
0.000000 -0.000000 -0.000000 0 0
0.000000 -0.000000 -0.000000 0 0
0.000000 -0.000000 -0.000000 0 0
0.000000 -0.000000 -0.000000 0 0
0.000000 -0.000000 -0.000000 0 0
0.000000 -0.000000 -0.000000 0 0
0.000000 -0.000000 -0.000000 0 0
0.000000 -0.000000 -0.000000 0 0
0.000000 -0.000000 -0.000000 0 0
0.000000 -0.000000 -0.000000 0 0
0.000000 -0.000000 -0.000000 0 0
0.000000 -0.000000 -0.000000 0 0
0.000000 -0.000000 -0.000000 0 0
0.000000 -0.000000 -0.000000 0 0
0.000000 -0.000000 -0.000000 0 0
0.000000 -0.000000 -0.000000 0 0
0.000000 -0.000000 -0.000000 0 0
0.000000 -0.000000 -0.000000 0 0
0.000000 -0.000000 -0.000000 0 0
0.000000 -0.000000 -0.000000 0 0
0.000000 -0.000000 -0.000000 0 0
0.000000 -0.000000 -0.000000 0 0
0.000000 -0.000000 -0.000000 0 0
0.000000 -0.000000 -0.000000 0 0
0.000000 -0.000000 -0.000000 0 0
0.000000 -0.000000 -0.000000 0 0
0.000000 -0.000000 -0.000000 0 0
0.000000 -0.000000 -0.000000 0 0
0.000000 -0.000000 -0.000000 0 0
0.000000 -0.000000 -0.000000 0 0
0.000000 -0.000000 -0.000000 0 0
0.000000 -0.000000 -0.000000 0 0
0.000000 -0.000000 -0.000000 0 0
0.000000 -0.000000 -0.000000 0 0
0.000000 -0.000000 -0.000000 0 0
0.000000 -0.000000 -0.000000 0 0
0.000000 -0.000000 -0.000000 0 0
0.000000 -0.000000 -0.000000 0 0
0.000000 -0.000000 -0.000000 0 0
0.000000 -0.000000 -0.000000 0 0
0.000000 -0.000000 -0.000000 0 0
0.000000 -0.000000 -0.000000 0 0
0.000000 -0.000000 -0.000000 0 0
0.000000 -0.000000 -0.000000 0 0
0.000000 -0.000000 -0.000000 0 0
0.000000 -0.000000 -0.000000 0 0
0.000000 -0.000000 -0.000000 0 0
0.000000 -0.000000 -0.000000 0 0
0.000000 -0.000000 -0.000000 0 0
0.000000 -0.000000 -0.000000 0 0
0.000000 -0.000000 -0.000000 0 0
0.000000 -0.000000 -0.000000 0 0
0.000000 -0.000000 -0.000000 0 0
0.000000 -0.000000 -0.000000 0 0
0.000000 -0.000000 -0.000000 0 0
0.000000 -0.000000 -0.000000 0 0
0.000000 -0.000000 -0.000000 0 0
0.000000 -0.000000 -0.000000 0 0
0.000000 -0.000000 -0.000000 0 0
0.000000 -0.000000 -0.000000 0 0
0.000000 -0.000000 -0.000000 0 0
0.000000 -0.000000 -0.000000 0 0
0.000000 -0.000000 -0.000000 0 0
0.000000 -0.000000 -0.000000 0 0
0.000000 -0.000000 -0.000000 0 0
0.000000 -0.000000 -0.000000 0 128
0.000000 -0.000000 -0.000000 0 0
0.000000 -0.000000 -0.000000 0 0
0.000000 -0.000000 -0.000000 0 0
0.000000 -0.000000 -0.000000 0 0
0.000000 -0.000000 -0.000000 0 0
0.000000 -0.000000 -0.000000 0 0
0.000000 -0.000000 -0.000000 0 0
0.000000 -0.000000 -0.000000 0 0
0.000000 -0.000000 -0.000000 0 0
0.000000 -0.000000 -0.000000 0 0
0.000000 -0.000000 -0.000000 0 0
0.000000 -0.000000 -0.000000 0 0
0.000000 -0.000000 -0.000000 0 0
0.000000 -0.000000 -0.000000 0 0
0.000000 -0.000000 -0.000000 0 0
0.000000 -0.000000 -0.000000 0 0
0.000000 -0.000000 -0.000000 0 0
0.000000 -0.000000 -0.000000 0 0
0.000000 -0.000000 -0.000000 0 0
0.000000 -0.000000 -0.000000 0 0
0.000000 -0.000000 -0.000000 0 0
0.000000 -0.000000 -0.000000 0 0
0.000000 -0.000000 -0.000000 0 0
0.000000 -0.000000 -0.000000 0 0
0.000000 -0.000000 -0.000000 0 0
0.000000 -0.000000 -0.000000 0 0
0.000000 -0.000000 -0.000000 0 0
0.000000 -0.000000 -0.000000 0 0
0.000000 -0.000000 -0.000000 0 0
0.000000 -0.000000 -0.000000 0 0
0.000000 -0.000000 -0.000000 0 0
0.000000 -0.000000 -0.000000 0 0
0.000000 -0.000000 -0.000000 0 0
0.000000 -0.000000 -0.000000 0 0
0.000000 -0.000000 -0.000000 0 0
0.000000 -0.000000 -0.000000 0 0
0.000000 -0.000000 -0.000000 0 0
0.000000 -0.000000 -0.000000 0 0
0.000000 -0.000000 -0.000000 0 0
0.000000 -0.000000 -0.000000 0 0
0.000000 -0.000000 -0.000000 0 0
0.000000 -0.000000 -0.000000 0 0
0.000000 -0.000000 -0.000000 0 0
0.000000 -0.000000 -0.000000 0 0
0.000000 -0.000000 -0.000000 0 0
0.000000 -0.000000 -0.000000 0 0
0.000000 -0.000000 -0.000000 0 0
0.000000 -0.000000 -0.000000 0 0
0.000000 -0.000000 -0.000000 0 0
1.922000 -0.513000 -0.619000 0 0
1.921000 -0.506000 -0.563000 0 0
0.000000 -0.000000 -0.000000 0 0
0.000000 -0.000000 -0.000000 0 0
1.929000 -0.562000 -0.626000 0 0
1.934000 -0.558000 -0.571000 0 0
0.000000 -0.000000 -0.000000 0 0
0.000000 -0.000000 -0.000000 0 0
0.000000 -0.000000 -0.000000 0 0
0.000000 -0.000000 -0.000000 0 0
0.000000 -0.000000 -0.000000 0 0
0.000000 -0.000000 -0.000000 0 0
0.000000 -0.000000 -0.000000 0 0
0.000000 -0.000000 -0.000000 0 0
0.000000 -0.000000 -0.000000 0 0
0.000000 -0.000000 -0.000000 0 0
0.000000 -0.000000 -0.000000 0 0
0.000000 -0.000000 -0.000000 0 0
0.000000 -0.000000 -0.000000 0 0
0.000000 -0.000000 -0.000000 0 0
0.000000 -0.000000 -0.000000 0 0
0.000000 -0.000000 -0.000000 0 0
0.000000 -0.000000 -0.000000 0 0
0.000000 -0.000000 -0.000000 0 0
0.000000 -0.000000 -0.000000 0 0
0.000000 -0.000000 -0.000000 0 0
0.000000 -0.000000 -0.000000 0 0
0.000000 -0.000000 -0.000000 0 0
0.000000 -0.000000 -0.000000 0 0
0.000000 -0.000000 -0.000000 0 0
0.000000 -0.000000 -0.000000 0 0
0.000000 -0.000000 -0.000000 0 0
0.000000 -0.000000 -0.000000 0 0
0.000000 -0.000000 -0.000000 0 0
0.000000 -0.000000 -0.000000 0 0
0.000000 -0.000000 -0.000000 0 0
0.000000 -0.000000 -0.000000 0 0
0.000000 -0.000000 -0.000000 0 0
0.000000 -0.000000 -0.000000 0 0
0.000000 -0.000000 -0.000000 0 0
0.000000 -0.000000 -0.000000 0 0
0.000000 -0.000000 -0.000000 0 0
0.000000 -0.000000 -0.000000 0 0
0.000000 -0.000000 -0.000000 0 0
0.000000 -0.000000 -0.000000 0 0
0.000000 -0.000000 -0.000000 0 0
0.000000 -0.000000 -0.000000 0 128
0.000000 -0.000000 -0.000000 0 0
0.000000 -0.000000 -0.000000 0 0
0.000000 -0.000000 -0.000000 0 0
0.000000 -0.000000 -0.000000 0 0
0.000000 -0.000000 -0.000000 0 0
0.000000 -0.000000 -0.000000 0 0
0.000000 -0.000000 -0.000000 0 0
0.000000 -0.000000 -0.000000 0 0
0.000000 -0.000000 -0.000000 0 0
0.000000 -0.000000 -0.000000 0 0
0.000000 -0.000000 -0.000000 0 0
0.000000 -0.000000 -0.000000 0 0
0.000000 -0.000000 -0.000000 0 0
0.000000 -0.000000 -0.000000 0 0
0.000000 -0.000000 -0.000000 0 0
0.000000 -0.000000 -0.000000 0 0
0.000000 -0.000000 -0.000000 0 0
0.000000 -0.000000 -0.000000 0 0
0.000000 -0.000000 -0.000000 0 0
0.000000 -0.000000 -0.000000 0 0
0.000000 -0.000000 -0.000000 0 0
0.000000 -0.000000 -0.000000 0 0
0.000000 -0.000000 -0.000000 0 0
0.000000 -0.000000 -0.000000 0 0
0.000000 -0.000000 -0.000000 0 0
0.000000 -0.000000 -0.000000 0 0
0.000000 -0.000000 -0.000000 0 0
0.000000 -0.000000 -0.000000 0 0
0.000000 -0.000000 -0.000000 0 0
0.000000 -0.000000 -0.000000 0 0
0.000000 -0.000000 -0.000000 0 0
0.000000 -0.000000 -0.000000 0 0
0.000000 -0.000000 -0.000000 0 0
0.000000 -0.000000 -0.000000 0 0
0.000000 -0.000000 -0.000000 0 0
0.000000 -0.000000 -0.000000 0 0
0.000000 -0.000000 -0.000000 0 0
0.000000 -0.000000 -0.000000 0 0
0.000000 -0.000000 -0.000000 0 0
0.000000 -0.000000 -0.000000 0 0
0.000000 -0.000000 -0.000000 0 0
0.000000 -0.000000 -0.000000 0 0
0.000000 -0.000000 -0.000000 0 0
0.000000 -0.000000 -0.000000 0 0
0.000000 -0.000000 -0.000000 0 0
0.000000 -0.000000 -0.000000 0 0
0.000000 -0.000000 -0.000000 0 0
0.000000 -0.000000 -0.000000 0 0
0.000000 -0.000000 -0.000000 0 0
1.922000 -0.513000 -0.619000 0 0
1.921000 -0.506000 -0.563000 0 0
0.000000 -0.000000 -0.000000 0 0
0.000000 -0.000000 -0.000000 0 0
1.929000 -0.562000 -0.626000 0 0
1.934000 -0.558000 -0.571000 0 0
0.000000 -0.000000 -0.000000 0 0
0.000000 -0.000000 -0.000000 0 0
0.000000 -0.000000 -0.000000 0 0
1.939000 -0.609000 -0.578000 0 0
0.000000 -0.000000 -0.000000 0 0
0.000000 -0.000000 -0.000000 0 0
0.000000 -0.000000 -0.000000 0 0
0.000000 -0.000000 -0.000000 0 0
0.000000 -0.000000 -0.000000 0 0
0.000000 -0.000000 -0.000000 0 0
0.000000 -0.000000 -0.000000 0 0
0.000000 -0.000000 -0.000000 0 0
0.000000 -0.000000 -0.000000 0 0
0.000000 -0.000000 -0.000000 0 0
0.000000 -0.000000 -0.000000 0 0
0.000000 -0.000000 -0.000000 0 0
0.000000 -0.000000 -0.000000 0 0
0.000000 -0.000000 -0.000000 0 0
0.000000 -0.000000 -0.000000 0 0
0.000000 -0.000000 -0.000000 0 0
0.000000 -0.000000 -0.000000 0 0
0.000000 -0.000000 -0.000000 0 0
0.000000 -0.000000 -0.000000 0 0
0.000000 -0.000000 -0.000000 0 0
0.000000 -0.000000 -0.000000 0 0
0.000000 -0.000000 -0.000000 0 0
0.000000 -0.000000 -0.000000 0 0
0.000000 -0.000000 -0.000000 0 0
0.000000 -0.000000 -0.000000 0 0
0.000000 -0.000000 -0.000000 0 0
0.000000 -0.000000 -0.000000 0 0
0.000000 -0.000000 -0.000000 0 0
0.000000 -0.000000 -0.000000 0 0
0.000000 -0.000000 -0.000000 0 0
0.000000 -0.000000 -0.000000 0 0
0.000000 -0.000000 -0.000000 0 0
0.000000 -0.000000 -0.000000 0 0
0.000000 -0.000000 -0.000000 0 0
0.000000 -0.000000 -0.000000 0 0
0.000000 -0.000000 -0.000000 0 0
0.000000 -0.000000 -0.000000 0 0
0.000000 -0.000000 -0.000000 0 0
0.000000 -0.000000 -0.000000 0 0
0.000000 -0.000000 -0.000000 0 0
0.000000 -0.000000 -0.000000 0 0
0.000000 -0.000000 -0.000000 0 0
0.000000 -0.000000 -0.000000 0 0
0.000000 -0.000000 -0.000000 0 0
0.000000 -0.000000 -0.000000 0 0
0.000000 -0.000000 -0.000000 0 0
0.000000 -0.000000 -0.000000 0 0
0.000000 -0.000000 -0.000000 0 0
0.000000 -0.000000 -0.000000 0 0
0.000000 -0.000000 -0.000000 0 0
0.000000 -0.000000 -0.000000 0 0
0.000000 -0.000000 -0.000000 0 0
0.000000 -0.000000 -0.000000 0 0
0.000000 -0.000000 -0.000000 0 0
0.000000 -0.000000 -0.000000 0 0
0.000000 -0.000000 -0.000000 0 0
0.000000 -0.000000 -0.000000 0 0
0.000000 -0.000000 -0.000000 0 0
0.000000 -0.000000 -0.000000 0 0
0.000000 -0.000000 -0.000000 0 0
0.000000 -0.000000 -0.000000 0 0
0.000000 -0.000000 -0.000000 0 128
0.000000 -0.000000 -0.000000 0 0
0.000000 -0.000000 -0.000000 0 0
0.000000 -0.000000 -0.000000 0 128
0.000000 -0.000000 -0.000000 0 0
0.000000 -0.000000 -0.000000 0 0
0.000000 -0.000000 -0.000000 0 0
0.000000 -0.000000 -0.000000 0 128
0.000000 -0.000000 -0.000000 0 0
0.000000 -0.000000 -0.000000 0 0
0.000000 -0.000000 -0.000000 0 0
0.000000 -0.000000 -0.000000 0 0
0.000000 -0.000000 -0.000000 0 0
0.000000 -0.000000 -0.000000 0 0
0.000000 -0.000000 -0.000000 0 0
0.000000 -0.000000 -0.000000 0 128
0.000000 -0.000000 -0.000000 0 0
0.000000 -0.000000 -0.000000 0 0
0.000000 -0.000000 -0.000000 0 0
0.000000 -0.000000 -0.000000 0 0
0.000000 -0.000000 -0.000000 0 0
0.000000 -0.000000 -0.000000 0 0
0.000000 -0.000000 -0.000000 0 0
0.000000 -0.000000 -0.000000 0 128
0.000000 -0.000000 -0.000000 0 0
0.000000 -0.000000 -0.000000 0 0
0.000000 -0.000000 -0.000000 0 0
0.000000 -0.000000 -0.000000 0 0
0.000000 -0.000000 -0.000000 0 0
0.000000 -0.000000 -0.000000 0 0
0.000000 -0.000000 -0.000000 0 0
0.000000 -0.000000 -0.000000 0 128
0.000000 -0.000000 -0.000000 0 0
0.000000 -0.000000 -0.000000 0 0
1.939000 -0.609000 -0.578000 0 0
0.000000 -0.000000 -0.000000 0 0
0.000000 -0.000000 -0.000000 0 0
0.000000 -0.000000 -0.000000 0 0
0.000000 -0.000000 -0.000000 0 0
0.000000 -0.000000 -0.000000 0 0
0.000000 -0.000000 -0.000000 0 0
0.000000 -0.000000 -0.000000 0 0
0.000000 -0.000000 -0.000000 0 0
0.000000 -0.000000 -0.000000 0 0
0.000000 -0.000000 -0.000000 0 0
0.000000 -0.000000 -0.000000 0 0
0.000000 -0.000000 -0.000000 0 0
0.000000 -0.000000 -0.000000 0 0
0.000000 -0.000000 -0.000000 0 0
0.000000 -0.000000 -0.000000 0 0
0.000000 -0.000000 -0.000000 0 0
0.000000 -0.000000 -0.000000 0 0
0.000000 -0.000000 -0.000000 0 0
0.000000 -0.000000 -0.000000 0 0
0.000000 -0.000000 -0.000000 0 0
0.000000 -0.000000 -0.000000 0 0
0.000000 -0.000000 -0.000000 0 0
0.000000 -0.000000 -0.000000 0 0
0.000000 -0.000000 -0.000000 0 0
0.000000 -0.000000 -0.000000 0 0
0.000000 -0.000000 -0.000000 0 0
0.000000 -0.000000 -0.000000 0 0
0.000000 -0.000000 -0.000000 0 0
0.000000 -0.000000 -0.000000 0 0
0.000000 -0.000000 -0.000000 0 0
0.000000 -0.000000 -0.000000 0 0
0.000000 -0.000000 -0.000000 0 0
0.000000 -0.000000 -0.000000 0 0
0.000000 -0.000000 -0.000000 0 0
0.000000 -0.000000 -0.000000 0 0
0.000000 -0.000000 -0.000000 0 0
0.000000 -0.000000 -0.000000 0 0
0.000000 -0.000000 -0.000000 0 0
0.000000 -0.000000 -0.000000 0 0
0.000000 -0.000000 -0.000000 0 0
0.000000 -0.000000 -0.000000 0 0
0.000000 -0.000000 -0.000000 0 0
0.000000 -0.000000 -0.000000 0 0
0.000000 -0.000000 -0.000000 0 0
0.000000 -0.000000 -0.000000 0 0
0.000000 -0.000000 -0.000000 0 0
0.000000 -0.000000 -0.000000 0 0
0.000000 -0.000000 -0.000000 0 0
0.000000 -0.000000 -0.000000 0 0
0.000000 -0.000000 -0.000000 0 0
0.000000 -0.000000 -0.000000 0 0
0.000000 -0.000000 -0.000000 0 0
0.000000 -0.000000 -0.000000 0 0
0.000000 -0.000000 -0.000000 0 0
0.000000 -0.000000 -0.000000 0 0
0.000000 -0.000000 -0.000000 0 0
0.000000 -0.000000 -0.000000 0 0
0.000000 -0.000000 -0.000000 0 0
0.000000 -0.000000 -0.000000 0 0
0.000000 -0.000000 -0.000000 0 0
0.000000 -0.000000 -0.000000 0 0
0.000000 -0.000000 -0.000000 0 128
0.000000 -0.000000 -0.000000 0 0
0.000000 -0.000000 -0.000000 0 0
0.000000 -0.000000 -0.000000 0 128
0.000000 -0.000000 -0.000000 0 0
0.000000 -0.000000 -0.000000 0 0
0.000000 -0.000000 -0.000000 0 0
0.000000 -0.000000 -0.000000 0 128
0.000000 -0.000000 -0.000000 0 0
0.000000 -0.000000 -0.000000 0 0
0.000000 -0.000000 -0.000000 0 0
0.000000 -0.000000 -0.000000 0 0
0.000000 -0.000000 -0.000000 0 0
0.000000 -0.000000 -0.000000 0 0
0.000000 -0.000000 -0.000000 0 0
0.000000 -0.000000 -0.000000 0 128
0.000000 -0.000000 -0.000000 0 0
0.000000 -0.000000 -0.000000 0 0
0.000000 -0.000000 -0.000000 0 0
0.000000 -0.000000 -0.000000 0 0
0.000000 -0.000000 -0.000000 0 0
0.000000 -0.000000 -0.000000 0 0
0.000000 -0.000000 -0.000000 0 0
0.000000 -0.000000 -0.000000 0 128
0.000000 -0.000000 -0.000000 0 0
0.000000 -0.000000 -0.000000 0 0
0.000000 -0.000000 -0.000000 0 0
0.000000 -0.000000 -0.000000 0 0
0.000000 -0.000000 -0.000000 0 0
0.000000 -0.000000 -0.000000 0 0
0.000000 -0.000000 -0.000000 0 0
0.000000 -0.000000 -0.000000 0 128
0.000000 -0.000000 -0.000000 0 0
0.000000 -0.000000 -0.000000 0 0
0.000000 -0.000000 -0.000000 0 0
0.000000 -0.000000 -0.000000 0 128
0.000000 -0.000000 -0.000000 0 128
0.000000 -0.000000 -0.000000 0 128
0.000000 -0.000000 -0.000000 0 0
0.000000 -0.000000 -0.000000 0 128
0.000000 -0.000000 -0.000000 0 128
0.000000 -0.000000 -0.000000 0 0
0.000000 -0.000000 -0.000000 0 0
0.000000 -0.000000 -0.000000 0 192
0.000000 -0.000000 -0.000000 0 0
0.000000 -0.000000 -0.000000 0 0
0.000000 -0.000000 -0.000000 0 0
0.000000 -0.000000 -0.000000 0 128
0.000000 -0.000000 -0.000000 0 0
0.000000 -0.000000 -0.000000 0 128
0.000000 -0.000000 -0.000000 0 128
0.747000 -1.116000 -0.366000 1 64
0.000000 -0.000000 -0.000000 0 128
0.833000 -1.184000 -0.471000 4 0
0.000000 -0.000000 -0.000000 0 0
0.000000 -0.000000 -0.000000 0 0
0.699000 -0.992000 -0.427000 1 0
0.749000 -1.116000 -0.437000 8 0
0.722000 -1.136000 -0.404000 10 0
0.695000 -1.154000 -0.370000 10 0
0.710000 -1.056000 -0.448000 0 8
0.725000 -1.136000 -0.439000 10 0
0.690000 -1.143000 -0.401000 11 0
0.654000 -1.148000 -0.364000 4 0
0.000000 -0.000000 -0.000000 0 0
0.693000 -1.142000 -0.436000 12 0
0.655000 -1.146000 -0.398000 11 0
0.617000 -1.147000 -0.360000 12 0
0.605000 -0.990000 -0.409000 3 0
0.661000 -1.146000 -0.432000 10 0
0.624000 -1.154000 -0.396000 11 0
0.590000 -1.165000 -0.362000 10 0
0.580000 -0.998000 -0.407000 3 0
0.631000 -1.153000 -0.430000 11 0
0.587000 -1.148000 -0.390000 11 0
0.560000 -1.173000 -0.362000 8 0
0.565000 -1.023000 -0.412000 3 0
0.602000 -1.162000 -0.428000 11 0
0.565000 -1.172000 -0.395000 12 0
0.564000 -1.260000 -0.386000 13 1
0.552000 -1.053000 -0.419000 3 0
0.566000 -1.155000 -0.421000 12 0
0.537000 -1.182000 -0.395000 12 0
0.671000 -1.602000 -0.488000 3 0
0.531000 -1.069000 -0.421000 3 0
0.544000 -1.178000 -0.426000 11 0
0.622000 -1.459000 -0.484000 4 2
0.625000 -1.598000 -0.484000 21 0
0.515000 -1.096000 -0.427000 4 0
0.551000 -1.266000 -0.453000 1 0
0.587000 -1.473000 -0.485000 20 0
0.498000 -1.369000 -0.412000 151 2
0.499000 -1.124000 -0.433000 3 0
0.556000 -1.361000 -0.483000 2 0
0.548000 -1.472000 -0.481000 5 0
0.531000 -1.579000 -0.474000 13 64
0.486000 -1.165000 -0.445000 4 0
0.460000 -1.204000 -0.424000 75 0
0.519000 -1.503000 -0.489000 23 0
0.463000 -1.494000 -0.446000 7 64
0.483000 -1.231000 -0.466000 4 0
0.501000 -1.405000 -0.491000 5 0
0.489000 -1.529000 -0.495000 4 0
0.445000 -1.568000 -0.467000 83 0
0.479000 -1.305000 -0.489000 7 0
0.465000 -1.405000 -0.488000 20 0
0.448000 -1.523000 -0.490000 22 0
0.430000 -1.665000 -0.495000 3 64
0.454000 -1.326000 -0.493000 5 0
0.440000 -1.437000 -0.496000 4 0
0.396000 -1.471000 -0.472000 6 0
0.389000 -1.671000 -0.496000 20 0
0.424000 -1.334000 -0.493000 6 0
0.403000 -1.429000 -0.490000 20 0
0.366000 -1.497000 -0.478000 45 0
0.348000 -1.677000 -0.497000 18 0
0.398000 -1.353000 -0.496000 6 0
0.377000 -1.462000 -0.499000 3 0
0.345000 -1.572000 -0.501000 3 0
0.308000 -1.685000 -0.500000 18 0
0.367000 -1.360000 -0.495000 6 0
0.330000 -1.413000 -0.480000 36 0
0.305000 -1.560000 -0.496000 20 0
0.266000 -1.684000 -0.500000 14 0
0.335000 -1.361000 -0.492000 7 0
0.300000 -1.431000 -0.485000 6 0
0.269000 -1.570000 -0.499000 19 0
0.223000 -1.670000 -0.496000 1 0
0.000000 -0.000000 -0.000000 0 0
0.000000 -0.000000 -0.000000 0 0
0.000000 -0.000000 -0.000000 0 0
0.000000 -0.000000 -0.000000 0 128
0.000000 -0.000000 -0.000000 0 128
0.000000 -0.000000 -0.000000 0 128
0.000000 -0.000000 -0.000000 0 0
0.000000 -0.000000 -0.000000 0 128
0.000000 -0.000000 -0.000000 0 128
0.000000 -0.000000 -0.000000 0 0
0.000000 -0.000000 -0.000000 0 0
0.000000 -0.000000 -0.000000 0 192
0.000000 -0.000000 -0.000000 0 0
0.000000 -0.000000 -0.000000 0 0
0.000000 -0.000000 -0.000000 0 0
0.000000 -0.000000 -0.000000 0 128
0.000000 -0.000000 -0.000000 0 0
0.000000 -0.000000 -0.000000 0 128
0.000000 -0.000000 -0.000000 0 128
0.747000 -1.116000 -0.366000 1 64
0.000000 -0.000000 -0.000000 0 128
0.833000 -1.184000 -0.471000 4 0
0.000000 -0.000000 -0.000000 0 0
0.000000 -0.000000 -0.000000 0 0
0.699000 -0.992000 -0.427000 1 0
0.749000 -1.116000 -0.437000 8 0
0.722000 -1.136000 -0.404000 10 0
0.695000 -1.154000 -0.370000 10 0
0.710000 -1.056000 -0.448000 0 8
0.725000 -1.136000 -0.439000 10 0
0.690000 -1.143000 -0.401000 11 0
0.654000 -1.148000 -0.364000 4 0
0.000000 -0.000000 -0.000000 0 0
0.693000 -1.142000 -0.436000 12 0
0.655000 -1.146000 -0.398000 11 0
0.617000 -1.147000 -0.360000 12 0
0.605000 -0.990000 -0.409000 3 0
0.661000 -1.146000 -0.432000 10 0
0.624000 -1.154000 -0.396000 11 0
0.590000 -1.165000 -0.362000 10 0
0.580000 -0.998000 -0.407000 3 0
0.631000 -1.153000 -0.430000 11 0
0.587000 -1.148000 -0.390000 11 0
0.560000 -1.173000 -0.362000 8 0
0.565000 -1.023000 -0.412000 3 0
0.602000 -1.162000 -0.428000 11 0
0.565000 -1.172000 -0.395000 12 0
0.564000 -1.260000 -0.386000 13 1
0.552000 -1.053000 -0.419000 3 0
0.566000 -1.155000 -0.421000 12 0
0.537000 -1.182000 -0.395000 12 0
0.671000 -1.602000 -0.488000 3 0
0.531000 -1.069000 -0.421000 3 0
0.544000 -1.178000 -0.426000 11 0
0.622000 -1.459000 -0.484000 4 2
0.625000 -1.598000 -0.484000 21 0
0.515000 -1.096000 -0.427000 4 0
0.551000 -1.266000 -0.453000 1 0
0.587000 -1.473000 -0.485000 20 0
0.498000 -1.369000 -0.412000 151 2
0.499000 -1.124000 -0.433000 3 0
0.556000 -1.361000 -0.483000 2 0
0.548000 -1.472000 -0.481000 5 0
0.531000 -1.579000 -0.474000 13 64
0.486000 -1.165000 -0.445000 4 0
0.460000 -1.204000 -0.424000 75 0
0.519000 -1.503000 -0.489000 23 0
0.463000 -1.494000 -0.446000 7 64
0.483000 -1.231000 -0.466000 4 0
0.501000 -1.405000 -0.491000 5 0
0.489000 -1.529000 -0.495000 4 0
0.445000 -1.568000 -0.467000 83 0
0.479000 -1.305000 -0.489000 7 0
0.465000 -1.405000 -0.488000 20 0
0.448000 -1.523000 -0.490000 22 0
0.430000 -1.665000 -0.495000 3 64
0.454000 -1.326000 -0.493000 5 0
0.440000 -1.437000 -0.496000 4 0
0.396000 -1.471000 -0.472000 6 0
0.389000 -1.671000 -0.496000 20 0
0.424000 -1.334000 -0.493000 6 0
0.403000 -1.429000 -0.490000 20 0
0.366000 -1.497000 -0.478000 45 0
0.348000 -1.677000 -0.497000 18 0
0.398000 -1.353000 -0.496000 6 0
0.377000 -1.462000 -0.499000 3 0
0.345000 -1.572000 -0.501000 3 0
0.308000 -1.685000 -0.500000 18 0
0.367000 -1.360000 -0.495000 6 0
0.330000 -1.413000 -0.480000 36 0
0.305000 -1.560000 -0.496000 20 0
0.266000 -1.684000 -0.500000 14 0
0.335000 -1.361000 -0.492000 7 0
0.300000 -1.431000 -0.485000 6 0
0.269000 -1.570000 -0.499000 19 0
0.223000 -1.670000 -0.496000 1 0
0.306000 -1.371000 -0.493000 10 0
0.269000 -1.445000 -0.488000 7 0
0.231000 -1.568000 -0.498000 8 0
0.000000 -0.000000 -0.000000 0 0
0.275000 -1.376000 -0.493000 10 0
0.236000 -1.449000 -0.488000 6 0
0.000000 -0.000000 -0.000000 0 0
0.000000 -0.000000 -0.000000 0 192
0.249000 -1.401000 -0.499000 7 0
0.000000 -0.000000 -0.000000 0 0
0.000000 -0.000000 -0.000000 0 192
0.000000 -0.000000 -0.000000 0 192
0.213000 -1.381000 -0.490000 0 64
0.000000 -0.000000 -0.000000 0 0
0.000000 -0.000000 -0.000000 0 192
0.000000 -0.000000 -0.000000 0 192
0.000000 -0.000000 -0.000000 0 0
0.000000 -0.000000 -0.000000 0 192
0.000000 -0.000000 -0.000000 0 192
0.000000 -0.000000 -0.000000 0 192
0.000000 -0.000000 -0.000000 0 192
0.000000 -0.000000 -0.000000 0 192
0.000000 -0.000000 -0.000000 0 192
0.000000 -0.000000 -0.000000 0 192
0.000000 -0.000000 -0.000000 0 192
0.000000 -0.000000 -0.000000 0 192
0.000000 -0.000000 -0.000000 0 192
-0.076000 -2.260000 -0.688000 3 0
0.000000 -0.000000 -0.000000 0 192
0.000000 -0.000000 -0.000000 0 192
-0.045000 -2.891000 -0.926000 5 0
-0.124000 -2.169000 -0.665000 56 0
0.000000 -0.000000 -0.000000 0 192
0.000000 -0.000000 -0.000000 0 192
-0.136000 -3.521000 -1.132000 10 0
-0.179000 -2.201000 -0.679000 3 0
0.000000 -0.000000 -0.000000 0 192
-0.072000 -3.629000 -1.216000 1 0
-0.134000 -2.164000 -0.698000 3 0
-0.227000 -2.158000 -0.670000 7 0
0.000000 -0.000000 -0.000000 0 128
-0.145000 -3.398000 -1.140000 28 0
-0.181000 -2.117000 -0.687000 2 0
-0.271000 -2.096000 -0.656000 3 0
-0.086000 -3.554000 -1.239000 2 0
-0.134000 -2.046000 -0.688000 2 0
-0.225000 -2.070000 -0.675000 2 0
-0.348000 -2.272000 -0.717000 4 0
-0.157000 -3.348000 -1.167000 22 0
-0.177000 -2.002000 -0.675000 16 0
-0.272000 -2.057000 -0.675000 3 0
-0.410000 -2.313000 -0.737000 40 0
-0.139000 -2.015000 -0.702000 0 0
-0.224000 -2.008000 -0.679000 2 4
-0.320000 -2.051000 -0.677000 3 0
-0.441000 -2.183000 -0.702000 48 0
-0.263000 -2.868000 -1.001000 36 0
-0.322000 -2.398000 -0.815000 6 2
-0.410000 -2.284000 -0.759000 39 2
-0.467000 -2.063000 -0.670000 56 0
-0.307000 -2.689000 -0.940000 51 0
-0.377000 -2.390000 -0.815000 41 0
-0.441000 -2.165000 -0.725000 49 0
-0.494000 -1.967000 -0.646000 54 0
-0.279000 -2.033000 -0.712000 1 0
-0.412000 -2.273000 -0.779000 45 1
-0.468000 -2.052000 -0.692000 53 0
-0.516000 -1.868000 -0.620000 52 0
-0.382000 -2.386000 -0.837000 47 0
-0.441000 -2.153000 -0.742000 49 0
-0.495000 -1.960000 -0.667000 49 0
-0.472000 -1.563000 -0.525000 68 0
-0.413000 -2.251000 -0.793000 44 0
-0.468000 -2.047000 -0.710000 49 0
-0.515000 -1.859000 -0.639000 52 0
-0.437000 -1.334000 -0.454000 0 0
-0.442000 -2.138000 -0.755000 46 0
-0.494000 -1.950000 -0.681000 49 0
-0.427000 -1.412000 -0.490000 16 0
-0.454000 -1.284000 -0.443000 7 0
-0.469000 -2.034000 -0.721000 53 0
-0.514000 -1.853000 -0.651000 53 0
-0.432000 -1.320000 -0.463000 0 0
-0.463000 -1.217000 -0.425000 0 0
-0.494000 -1.939000 -0.691000 47 0
-0.416000 -1.377000 -0.488000 6 0
-0.449000 -1.272000 -0.451000 8 0
0.000000 -0.000000 -0.000000 0 0
-0.513000 -1.841000 -0.659000 57 0
-0.433000 -1.323000 -0.473000 1 0
-0.462000 -1.218000 -0.436000 0 0
-0.486000 -1.118000 -0.402000 0 0
-0.414000 -1.366000 -0.492000 6 0
-0.448000 -1.268000 -0.457000 7 0
-0.473000 -1.166000 -0.423000 1 0
-0.495000 -1.069000 -0.391000 0 0
0.306000 -1.371000 -0.493000 10 0
0.269000 -1.445000 -0.488000 7 0
0.231000 -1.568000 -0.498000 8 0
0.000000 -0.000000 -0.000000 0 0
0.275000 -1.376000 -0.493000 10 0
0.236000 -1.449000 -0.488000 6 0
0.000000 -0.000000 -0.000000 0 0
0.000000 -0.000000 -0.000000 0 192
0.249000 -1.401000 -0.499000 7 0
0.000000 -0.000000 -0.000000 0 0
0.000000 -0.000000 -0.000000 0 192
0.000000 -0.000000 -0.000000 0 192
0.213000 -1.381000 -0.490000 0 64
0.000000 -0.000000 -0.000000 0 0
0.000000 -0.000000 -0.000000 0 192
0.000000 -0.000000 -0.000000 0 192
0.000000 -0.000000 -0.000000 0 0
0.000000 -0.000000 -0.000000 0 192
0.000000 -0.000000 -0.000000 0 192
0.000000 -0.000000 -0.000000 0 192
0.000000 -0.000000 -0.000000 0 192
0.000000 -0.000000 -0.000000 0 192
0.000000 -0.000000 -0.000000 0 192
0.000000 -0.000000 -0.000000 0 192
0.000000 -0.000000 -0.000000 0 192
0.000000 -0.000000 -0.000000 0 192
0.000000 -0.000000 -0.000000 0 192
-0.076000 -2.260000 -0.688000 3 0
0.000000 -0.000000 -0.000000 0 192
0.000000 -0.000000 -0.000000 0 192
-0.045000 -2.891000 -0.926000 5 0
-0.124000 -2.169000 -0.665000 56 0
0.000000 -0.000000 -0.000000 0 192
0.000000 -0.000000 -0.000000 0 192
-0.136000 -3.521000 -1.132000 10 0
-0.179000 -2.201000 -0.679000 3 0
0.000000 -0.000000 -0.000000 0 192
-0.072000 -3.629000 -1.216000 1 0
-0.134000 -2.164000 -0.698000 3 0
-0.227000 -2.158000 -0.670000 7 0
0.000000 -0.000000 -0.000000 0 128
-0.145000 -3.398000 -1.140000 28 0
-0.181000 -2.117000 -0.687000 2 0
-0.271000 -2.096000 -0.656000 3 0
-0.086000 -3.554000 -1.239000 2 0
-0.134000 -2.046000 -0.688000 2 0
-0.225000 -2.070000 -0.675000 2 0
-0.348000 -2.272000 -0.717000 4 0
-0.157000 -3.348000 -1.167000 22 0
-0.177000 -2.002000 -0.675000 16 0
-0.272000 -2.057000 -0.675000 3 0
-0.410000 -2.313000 -0.737000 40 0
-0.139000 -2.015000 -0.702000 0 0
-0.224000 -2.008000 -0.679000 2 4
-0.320000 -2.051000 -0.677000 3 0
-0.441000 -2.183000 -0.702000 48 0
-0.263000 -2.868000 -1.001000 36 0
-0.322000 -2.398000 -0.815000 6 2
-0.410000 -2.284000 -0.759000 39 2
-0.467000 -2.063000 -0.670000 56 0
-0.307000 -2.689000 -0.940000 51 0
-0.377000 -2.390000 -0.815000 41 0
-0.441000 -2.165000 -0.725000 49 0
-0.494000 -1.967000 -0.646000 54 0
-0.279000 -2.033000 -0.712000 1 0
-0.412000 -2.273000 -0.779000 45 1
-0.468000 -2.052000 -0.692000 53 0
-0.516000 -1.868000 -0.620000 52 0
-0.382000 -2.386000 -0.837000 47 0
-0.441000 -2.153000 -0.742000 49 0
-0.495000 -1.960000 -0.667000 49 0
-0.472000 -1.563000 -0.525000 68 0
-0.413000 -2.251000 -0.793000 44 0
-0.468000 -2.047000 -0.710000 49 0
-0.515000 -1.859000 -0.639000 52 0
-0.437000 -1.334000 -0.454000 0 0
-0.442000 -2.138000 -0.755000 46 0
-0.494000 -1.950000 -0.681000 49 0
-0.427000 -1.412000 -0.490000 16 0
-0.454000 -1.284000 -0.443000 7 0
-0.469000 -2.034000 -0.721000 53 0
-0.514000 -1.853000 -0.651000 53 0
-0.432000 -1.320000 -0.463000 0 0
-0.463000 -1.217000 -0.425000 0 0
-0.494000 -1.939000 -0.691000 47 0
-0.416000 -1.377000 -0.488000 6 0
-0.449000 -1.272000 -0.451000 8 0
0.000000 -0.000000 -0.000000 0 0
-0.513000 -1.841000 -0.659000 57 0
-0.433000 -1.323000 -0.473000 1 0
-0.462000 -1.218000 -0.436000 0 0
-0.486000 -1.118000 -0.402000 0 0
-0.414000 -1.366000 -0.492000 6 0
-0.448000 -1.268000 -0.457000 7 0
-0.473000 -1.166000 -0.423000 1 0
-0.495000 -1.069000 -0.391000 0 0
-0.430000 -1.309000 -0.474000 0 0
-0.464000 -1.224000 -0.445000 1 0
-0.486000 -1.121000 -0.412000 1 0
-0.504000 -1.025000 -0.381000 0 0
-0.448000 -1.266000 -0.462000 8 0
-0.476000 -1.175000 -0.432000 1 0
-0.496000 -1.077000 -0.401000 0 0
-0.515000 -0.989000 -0.374000 1 0
-0.457000 -1.205000 -0.443000 0 0
-0.484000 -1.119000 -0.416000 1 0
-0.508000 -1.039000 -0.392000 1 0
-0.598000 -1.087000 -0.418000 2 64
-0.471000 -1.160000 -0.430000 0 0
-0.499000 -1.085000 -0.407000 1 0
-0.516000 -0.997000 -0.382000 1 0
-0.688000 -1.184000 -0.464000 13 64
-0.483000 -1.116000 -0.417000 0 0
-0.508000 -1.042000 -0.396000 1 0
-0.582000 -1.064000 -0.414000 2 0
-0.698000 -1.139000 -0.455000 13 0
-0.497000 -1.079000 -0.407000 1 0
-0.517000 -1.000000 -0.385000 1 0
-0.684000 -1.184000 -0.468000 12 0
-0.708000 -1.097000 -0.447000 12 0
-0.505000 -1.035000 -0.394000 1 0
-0.585000 -1.071000 -0.418000 2 0
-0.695000 -1.141000 -0.459000 12 0
-0.717000 -1.057000 -0.439000 12 64
-0.509000 -0.985000 -0.379000 1 0
-0.683000 -1.185000 -0.469000 11 0
-0.704000 -1.098000 -0.449000 12 0
-0.729000 -1.024000 -0.434000 12 64
-0.596000 -1.090000 -0.425000 2 0
-0.694000 -1.142000 -0.459000 11 0
-0.719000 -1.066000 -0.444000 12 0
-0.740000 -0.990000 -0.429000 14 64
-0.681000 -1.180000 -0.465000 13 0
-0.705000 -1.103000 -0.450000 12 0
-0.731000 -1.032000 -0.438000 12 0
-0.749000 -0.955000 -0.424000 14 64
-0.696000 -1.145000 -0.457000 13 0
-0.716000 -1.064000 -0.441000 12 0
-0.739000 -0.994000 -0.431000 14 0
-0.751000 -0.914000 -0.415000 14 64
-0.706000 -1.103000 -0.446000 13 0
-0.727000 -1.029000 -0.434000 15 0
-0.747000 -0.958000 -0.424000 14 0
-0.756000 -0.878000 -0.408000 15 64
-0.716000 -1.064000 -0.437000 12 0
-0.737000 -0.994000 -0.427000 14 0
-0.754000 -0.923000 -0.417000 14 0
-0.762000 -0.845000 -0.403000 14 64
-0.727000 -1.028000 -0.428000 12 0
-0.745000 -0.958000 -0.419000 14 0
-0.759000 -0.887000 -0.410000 14 0
-0.769000 -0.815000 -0.399000 14 64
-0.732000 -0.985000 -0.417000 15 0
-0.750000 -0.919000 -0.410000 14 0
-0.761000 -0.849000 -0.401000 17 0
-0.775000 -0.783000 -0.394000 14 64
-0.739000 -0.949000 -0.408000 15 0
-0.756000 -0.884000 -0.402000 14 0
-0.773000 -0.823000 -0.399000 13 64
-0.786000 -0.759000 -0.393000 14 64
-0.750000 -0.917000 -0.402000 15 0
-0.764000 -0.853000 -0.397000 14 0
-0.777000 -0.791000 -0.393000 17 0
-0.791000 -0.731000 -0.389000 14 64
-0.755000 -0.882000 -0.394000 15 0
-0.769000 -0.819000 -0.390000 13 0
-0.782000 -0.760000 -0.388000 17 0
-0.799000 -0.705000 -0.387000 15 64
-0.762000 -0.849000 -0.387000 15 0
-0.783000 -0.797000 -0.388000 14 0
-0.792000 -0.735000 -0.385000 17 0
-0.809000 -0.682000 -0.386000 15 64
-0.770000 -0.818000 -0.380000 16 0
-0.787000 -0.765000 -0.381000 14 0
-0.798000 -0.707000 -0.381000 17 0
-0.819000 -0.659000 -0.385000 16 64
-0.777000 -0.789000 -0.375000 16 0
-0.792000 -0.735000 -0.376000 13 0
-0.805000 -0.681000 -0.378000 17 0
-0.825000 -0.633000 -0.383000 22 0
-0.785000 -0.760000 -0.369000 16 0
-0.801000 -0.710000 -0.373000 13 0
-0.811000 -0.655000 -0.375000 17 0
-0.834000 -0.611000 -0.383000 22 0
-0.797000 -0.736000 -0.367000 23 0
-0.805000 -0.681000 -0.368000 13 0
-0.821000 -0.633000 -0.374000 17 0
-0.837000 -0.584000 -0.380000 22 0
-0.802000 -0.708000 -0.361000 17 0
-0.817000 -0.659000 -0.367000 14 0
-0.827000 -0.608000 -0.371000 18 0
-0.843000 -0.561000 -0.379000 23 0
-0.430000 -1.309000 -0.474000 0 0
-0.464000 -1.224000 -0.445000 1 0
-0.486000 -1.121000 -0.412000 1 0
-0.504000 -1.025000 -0.381000 0 0
-0.448000 -1.266000 -0.462000 8 0
-0.476000 -1.175000 -0.432000 1 0
-0.496000 -1.077000 -0.401000 0 0
-0.515000 -0.989000 -0.374000 1 0
-0.457000 -1.205000 -0.443000 0 0
-0.484000 -1.119000 -0.416000 1 0
-0.508000 -1.039000 -0.392000 1 0
-0.598000 -1.087000 -0.418000 2 64
-0.471000 -1.160000 -0.430000 0 0
-0.499000 -1.085000 -0.407000 1 0
-0.516000 -0.997000 -0.382000 1 0
-0.688000 -1.184000 -0.464000 13 64
-0.483000 -1.116000 -0.417000 0 0
-0.508000 -1.042000 -0.396000 1 0
-0.582000 -1.064000 -0.414000 2 0
-0.698000 -1.139000 -0.455000 13 0
-0.497000 -1.079000 -0.407000 1 0
-0.517000 -1.000000 -0.385000 1 0
-0.684000 -1.184000 -0.468000 12 0
-0.708000 -1.097000 -0.447000 12 0
-0.505000 -1.035000 -0.394000 1 0
-0.585000 -1.071000 -0.418000 2 0
-0.695000 -1.141000 -0.459000 12 0
-0.717000 -1.057000 -0.439000 12 64
-0.509000 -0.985000 -0.379000 1 0
-0.683000 -1.185000 -0.469000 11 0
-0.704000 -1.098000 -0.449000 12 0
-0.729000 -1.024000 -0.434000 12 64
-0.596000 -1.090000 -0.425000 2 0
-0.694000 -1.142000 -0.459000 11 0
-0.719000 -1.066000 -0.444000 12 0
-0.740000 -0.990000 -0.429000 14 64
-0.681000 -1.180000 -0.465000 13 0
-0.705000 -1.103000 -0.450000 12 0
-0.731000 -1.032000 -0.438000 12 0
-0.749000 -0.955000 -0.424000 14 64
-0.696000 -1.145000 -0.457000 13 0
-0.716000 -1.064000 -0.441000 12 0
-0.739000 -0.994000 -0.431000 14 0
-0.751000 -0.914000 -0.415000 14 64
-0.706000 -1.103000 -0.446000 13 0
-0.727000 -1.029000 -0.434000 15 0
-0.747000 -0.958000 -0.424000 14 0
-0.756000 -0.878000 -0.408000 15 64
-0.716000 -1.064000 -0.437000 12 0
-0.737000 -0.994000 -0.427000 14 0
-0.754000 -0.923000 -0.417000 14 0
-0.762000 -0.845000 -0.403000 14 64
-0.727000 -1.028000 -0.428000 12 0
-0.745000 -0.958000 -0.419000 14 0
-0.759000 -0.887000 -0.410000 14 0
-0.769000 -0.815000 -0.399000 14 64
-0.732000 -0.985000 -0.417000 15 0
-0.750000 -0.919000 -0.410000 14 0
-0.761000 -0.849000 -0.401000 17 0
-0.775000 -0.783000 -0.394000 14 64
-0.739000 -0.949000 -0.408000 15 0
-0.756000 -0.884000 -0.402000 14 0
-0.773000 -0.823000 -0.399000 13 64
-0.786000 -0.759000 -0.393000 14 64
-0.750000 -0.917000 -0.402000 15 0
-0.764000 -0.853000 -0.397000 14 0
-0.777000 -0.791000 -0.393000 17 0
-0.791000 -0.731000 -0.389000 14 64
-0.755000 -0.882000 -0.394000 15 0
-0.769000 -0.819000 -0.390000 13 0
-0.782000 -0.760000 -0.388000 17 0
-0.799000 -0.705000 -0.387000 15 64
-0.762000 -0.849000 -0.387000 15 0
-0.783000 -0.797000 -0.388000 14 0
-0.792000 -0.735000 -0.385000 17 0
-0.809000 -0.682000 -0.386000 15 64
-0.770000 -0.818000 -0.380000 16 0
-0.787000 -0.765000 -0.381000 14 0
-0.798000 -0.707000 -0.381000 17 0
-0.819000 -0.659000 -0.385000 16 64
-0.777000 -0.789000 -0.375000 16 0
-0.792000 -0.735000 -0.376000 13 0
-0.805000 -0.681000 -0.378000 17 0
-0.825000 -0.633000 -0.383000 22 0
-0.785000 -0.760000 -0.369000 16 0
-0.801000 -0.710000 -0.373000 13 0
-0.811000 -0.655000 -0.375000 17 0
-0.834000 -0.611000 -0.383000 22 0
-0.797000 -0.736000 -0.367000 23 0
-0.805000 -0.681000 -0.368000 13 0
-0.821000 -0.633000 -0.374000 17 0
-0.837000 -0.584000 -0.380000 22 0
-0.802000 -0.708000 -0.361000 17 0
-0.817000 -0.659000 -0.367000 14 0
-0.827000 -0.608000 -0.371000 18 0
-0.843000 -0.561000 -0.379000 23 0
-0.809000 -0.681000 -0.357000 23 0
-0.826000 -0.635000 -0.365000 14 0
-0.834000 -0.584000 -0.370000 18 0
-0.854000 -0.541000 -0.380000 24 0
-0.815000 -0.653000 -0.352000 24 0
-0.829000 -0.608000 -0.360000 14 0
-0.842000 -0.562000 -0.369000 18 0
-0.857000 -0.516000 -0.377000 23 0
-0.826000 -0.631000 -0.351000 24 0
-0.838000 -0.585000 -0.358000 14 0
-0.844000 -0.536000 -0.365000 17 0
-0.860000 -0.492000 -0.375000 23 0
-0.834000 -0.606000 -0.348000 24 0
-0.845000 -0.561000 -0.356000 15 0
-0.852000 -0.514000 -0.364000 17 0
-0.868000 -0.471000 -0.376000 23 0
-0.838000 -0.580000 -0.343000 24 0
-0.848000 -0.535000 -0.353000 14 0
-0.862000 -0.494000 -0.365000 17 0
-0.873000 -0.449000 -0.375000 23 0
-0.846000 -0.556000 -0.341000 24 0
-0.853000 -0.511000 -0.350000 14 0
-0.866000 -0.470000 -0.363000 17 0
-0.876000 -0.426000 -0.374000 22 0
-0.854000 -0.533000 -0.339000 24 0
-0.862000 -0.490000 -0.349000 14 0
-0.872000 -0.448000 -0.362000 18 0
-0.883000 -0.405000 -0.375000 22 0
-0.860000 -0.509000 -0.336000 23 0
-0.870000 -0.468000 -0.349000 14 0
-0.873000 -0.424000 -0.360000 17 0
-0.889000 -0.384000 -0.375000 22 0
-0.860000 -0.482000 -0.332000 23 0
-0.876000 -0.445000 -0.347000 14 0
-0.869000 -0.397000 -0.355000 16 0
-0.876000 -0.356000 -0.368000 8 0
-0.870000 -0.461000 -0.331000 23 0
-0.882000 -0.423000 -0.346000 14 0
-0.875000 -0.376000 -0.355000 16 0
0.000000 -0.000000 -0.000000 0 0
-0.874000 -0.437000 -0.329000 23 0
-0.883000 -0.398000 -0.343000 17 0
-0.853000 -0.344000 -0.344000 1 0
0.000000 -0.000000 -0.000000 0 0
-0.878000 -0.413000 -0.326000 22 0
-0.889000 -0.376000 -0.343000 17 0
0.000000 -0.000000 -0.000000 0 0
0.000000 -0.000000 -0.000000 0 128
-0.879000 -0.389000 -0.323000 22 0
0.000000 -0.000000 -0.000000 0 0
0.000000 -0.000000 -0.000000 0 0
-0.896000 -0.274000 -0.371000 9 64
-0.875000 -0.362000 -0.318000 11 0
0.000000 -0.000000 -0.000000 0 0
0.000000 -0.000000 -0.000000 0 128
-0.896000 -0.253000 -0.370000 19 64
0.000000 -0.000000 -0.000000 0 0
0.000000 -0.000000 -0.000000 0 0
-0.899000 -0.271000 -0.355000 15 0
-0.914000 -0.236000 -0.377000 18 64
0.000000 -0.000000 -0.000000 0 0
0.000000 -0.000000 -0.000000 0 0
-0.909000 -0.252000 -0.357000 15 64
-0.919000 -0.216000 -0.378000 18 64
0.000000 -0.000000 -0.000000 0 0
-0.899000 -0.263000 -0.335000 17 0
-0.914000 -0.231000 -0.358000 16 0
-0.923000 -0.195000 -0.380000 18 64
-0.888000 -0.272000 -0.312000 15 0
-0.913000 -0.244000 -0.339000 16 0
-0.917000 -0.210000 -0.358000 16 0
-0.926000 -0.175000 -0.380000 18 64
-0.909000 -0.255000 -0.318000 21 0
-0.921000 -0.223000 -0.340000 16 0
-0.923000 -0.189000 -0.360000 16 0
-0.933000 -0.155000 -0.383000 22 0
-0.920000 -0.234000 -0.319000 21 0
-0.926000 -0.202000 -0.341000 14 0
-0.929000 -0.169000 -0.362000 16 0
-0.941000 -0.135000 -0.387000 22 0
-0.918000 -0.211000 -0.317000 21 0
-0.931000 -0.180000 -0.341000 14 0
-0.932000 -0.148000 -0.363000 16 0
-0.946000 -0.115000 -0.389000 22 0
-0.925000 -0.189000 -0.318000 21 0
-0.934000 -0.158000 -0.342000 14 0
-0.934000 -0.126000 -0.363000 16 0
-0.948000 -0.094000 -0.390000 22 0
-0.929000 -0.167000 -0.318000 21 0
-0.938000 -0.137000 -0.342000 14 0
-0.942000 -0.106000 -0.366000 16 0
-0.959000 -0.074000 -0.396000 22 0
-0.938000 -0.145000 -0.320000 21 0
-0.949000 -0.116000 -0.346000 14 0
-0.944000 -0.084000 -0.367000 16 0
-0.963000 -0.053000 -0.398000 22 0
-0.809000 -0.681000 -0.357000 23 0
-0.826000 -0.635000 -0.365000 14 0
-0.834000 -0.584000 -0.370000 18 0
-0.854000 -0.541000 -0.380000 24 0
-0.815000 -0.653000 -0.352000 24 0
-0.829000 -0.608000 -0.360000 14 0
-0.842000 -0.562000 -0.369000 18 0
-0.857000 -0.516000 -0.377000 23 0
-0.826000 -0.631000 -0.351000 24 0
-0.838000 -0.585000 -0.358000 14 0
-0.844000 -0.536000 -0.365000 17 0
-0.860000 -0.492000 -0.375000 23 0
-0.834000 -0.606000 -0.348000 24 0
-0.845000 -0.561000 -0.356000 15 0
-0.852000 -0.514000 -0.364000 17 0
-0.868000 -0.471000 -0.376000 23 0
-0.838000 -0.580000 -0.343000 24 0
-0.848000 -0.535000 -0.353000 14 0
-0.862000 -0.494000 -0.365000 17 0
-0.873000 -0.449000 -0.375000 23 0
-0.846000 -0.556000 -0.341000 24 0
-0.853000 -0.511000 -0.350000 14 0
-0.866000 -0.470000 -0.363000 17 0
-0.876000 -0.426000 -0.374000 22 0
-0.854000 -0.533000 -0.339000 24 0
-0.862000 -0.490000 -0.349000 14 0
-0.872000 -0.448000 -0.362000 18 0
-0.883000 -0.405000 -0.375000 22 0
-0.860000 -0.509000 -0.336000 23 0
-0.870000 -0.468000 -0.349000 14 0
-0.873000 -0.424000 -0.360000 17 0
-0.889000 -0.384000 -0.375000 22 0
-0.860000 -0.482000 -0.332000 23 0
-0.876000 -0.445000 -0.347000 14 0
-0.869000 -0.397000 -0.355000 16 0
-0.876000 -0.356000 -0.368000 8 0
-0.870000 -0.461000 -0.331000 23 0
-0.882000 -0.423000 -0.346000 14 0
-0.875000 -0.376000 -0.355000 16 0
0.000000 -0.000000 -0.000000 0 0
-0.874000 -0.437000 -0.329000 23 0
-0.883000 -0.398000 -0.343000 17 0
-0.853000 -0.344000 -0.344000 1 0
0.000000 -0.000000 -0.000000 0 0
-0.878000 -0.413000 -0.326000 22 0
-0.889000 -0.376000 -0.343000 17 0
0.000000 -0.000000 -0.000000 0 0
0.000000 -0.000000 -0.000000 0 128
-0.879000 -0.389000 -0.323000 22 0
0.000000 -0.000000 -0.000000 0 0
0.000000 -0.000000 -0.000000 0 0
-0.896000 -0.274000 -0.371000 9 64
-0.875000 -0.362000 -0.318000 11 0
0.000000 -0.000000 -0.000000 0 0
0.000000 -0.000000 -0.000000 0 128
-0.896000 -0.253000 -0.370000 19 64
0.000000 -0.000000 -0.000000 0 0
0.000000 -0.000000 -0.000000 0 0
-0.899000 -0.271000 -0.355000 15 0
-0.914000 -0.236000 -0.377000 18 64
0.000000 -0.000000 -0.000000 0 0
0.000000 -0.000000 -0.000000 0 0
-0.909000 -0.252000 -0.357000 15 64
-0.919000 -0.216000 -0.378000 18 64
0.000000 -0.000000 -0.000000 0 0
-0.899000 -0.263000 -0.335000 17 0
-0.914000 -0.231000 -0.358000 16 0
-0.923000 -0.195000 -0.380000 18 64
-0.888000 -0.272000 -0.312000 15 0
-0.913000 -0.244000 -0.339000 16 0
-0.917000 -0.210000 -0.358000 16 0
-0.926000 -0.175000 -0.380000 18 64
-0.909000 -0.255000 -0.318000 21 0
-0.921000 -0.223000 -0.340000 16 0
-0.923000 -0.189000 -0.360000 16 0
-0.933000 -0.155000 -0.383000 22 0
-0.920000 -0.234000 -0.319000 21 0
-0.926000 -0.202000 -0.341000 14 0
-0.929000 -0.169000 -0.362000 16 0
-0.941000 -0.135000 -0.387000 22 0
-0.918000 -0.211000 -0.317000 21 0
-0.931000 -0.180000 -0.341000 14 0
-0.932000 -0.148000 -0.363000 16 0
-0.946000 -0.115000 -0.389000 22 0
-0.925000 -0.189000 -0.318000 21 0
-0.934000 -0.158000 -0.342000 14 0
-0.934000 -0.126000 -0.363000 16 0
-0.948000 -0.094000 -0.390000 22 0
-0.929000 -0.167000 -0.318000 21 0
-0.938000 -0.137000 -0.342000 14 0
-0.942000 -0.106000 -0.366000 16 0
-0.959000 -0.074000 -0.396000 22 0
-0.938000 -0.145000 -0.320000 21 0
-0.949000 -0.116000 -0.346000 14 0
-0.944000 -0.084000 -0.367000 16 0
-0.963000 -0.053000 -0.398000 22 0
-0.942000 -0.123000 -0.320000 21 0
-0.953000 -0.094000 -0.347000 14 0
-0.946000 -0.063000 -0.368000 13 0
-0.971000 -0.032000 -0.402000 22 0
-0.946000 -0.101000 -0.321000 21 0
-0.960000 -0.072000 -0.349000 14 0
-0.949000 -0.042000 -0.370000 13 0
-0.975000 -0.011000 -0.405000 23 0
-0.950000 -0.078000 -0.322000 21 0
-0.961000 -0.050000 -0.350000 14 0
-0.953000 -0.021000 -0.372000 13 0
-0.975000 0.009000 -0.406000 23 0
-0.953000 -0.055000 -0.322000 21 0
-0.973000 -0.027000 -0.354000 14 0
-0.956000 -0.000000 -0.374000 13 0
-0.983000 0.031000 -0.411000 23 0
-0.956000 -0.032000 -0.323000 21 0
-0.976000 -0.005000 -0.356000 14 0
-0.982000 0.022000 -0.385000 17 0
-0.987000 0.052000 -0.415000 19 64
-0.963000 -0.009000 -0.326000 21 0
-0.984000 0.017000 -0.359000 14 0
-0.984000 0.044000 -0.387000 18 0
-0.993000 0.074000 -0.419000 19 64
-0.982000 0.013000 -0.333000 23 0
-0.987000 0.040000 -0.361000 14 0
-0.987000 0.067000 -0.390000 17 0
-0.998000 0.097000 -0.423000 24 0
-0.991000 0.037000 -0.336000 19 64
-0.987000 0.063000 -0.362000 17 0
-0.992000 0.090000 -0.393000 18 0
-1.002000 0.119000 -0.427000 18 64
-0.993000 0.061000 -0.337000 18 64
-0.994000 0.087000 -0.366000 14 0
-0.995000 0.112000 -0.396000 18 0
-1.003000 0.141000 -0.430000 18 64
-0.997000 0.085000 -0.340000 23 0
-1.003000 0.111000 -0.371000 15 0
-1.000000 0.136000 -0.400000 18 0
-1.009000 0.164000 -0.435000 17 64
-1.002000 0.110000 -0.343000 19 64
-1.006000 0.135000 -0.374000 14 0
-1.002000 0.159000 -0.404000 18 0
-1.004000 0.186000 -0.436000 19 0
-1.007000 0.136000 -0.346000 18 64
-1.011000 0.160000 -0.378000 14 0
-1.001000 0.182000 -0.405000 17 0
-0.997000 0.207000 -0.436000 2 0
-1.012000 0.161000 -0.349000 18 64
-1.011000 0.185000 -0.380000 14 0
-0.996000 0.205000 -0.406000 2 0
-1.003000 0.231000 -0.442000 2 0
-1.001000 0.184000 -0.347000 14 0
-1.001000 0.207000 -0.379000 2 0
-1.006000 0.230000 -0.413000 2 0
-1.094000 0.277000 -0.486000 2 0
-1.004000 0.210000 -0.351000 2 0
-1.007000 0.233000 -0.383000 2 0
-1.096000 0.277000 -0.454000 2 0
-1.102000 0.304000 -0.493000 2 0
-1.006000 0.236000 -0.354000 2 0
-1.100000 0.282000 -0.422000 2 2
-1.103000 0.305000 -0.460000 2 0
-1.103000 0.330000 -0.498000 2 0
-1.095000 0.285000 -0.388000 0 2
-1.104000 0.310000 -0.427000 2 0
-1.110000 0.334000 -0.467000 2 0
-1.110000 0.359000 -0.506000 1 0
-1.110000 0.318000 -0.396000 2 0
-1.115000 0.341000 -0.435000 2 0
-1.117000 0.364000 -0.475000 2 0
-1.120000 0.389000 -0.516000 2 0
-1.115000 0.349000 -0.402000 2 0
-1.117000 0.371000 -0.440000 2 0
-1.122000 0.393000 -0.481000 2 0
-1.126000 0.418000 -0.524000 1 0
-1.120000 0.380000 -0.407000 2 0
-1.122000 0.402000 -0.447000 2 0
-1.130000 0.425000 -0.489000 2 0
-1.131000 0.448000 -0.531000 1 0
-1.126000 0.413000 -0.414000 2 0
-1.129000 0.434000 -0.454000 2 0
-1.136000 0.456000 -0.497000 1 0
-1.137000 0.478000 -0.540000 1 0
-1.139000 0.449000 -0.423000 1 0
-1.141000 0.470000 -0.464000 2 0
-1.140000 0.488000 -0.505000 2 0
-1.144000 0.511000 -0.550000 1 0
-1.141000 0.482000 -0.429000 2 0
-1.146000 0.503000 -0.471000 2 0
-1.146000 0.521000 -0.514000 1 0
-1.151000 0.544000 -0.559000 1 0
-1.149000 0.519000 -0.437000 2 0
-1.153000 0.539000 -0.480000 2 0
-1.155000 0.557000 -0.524000 2 0
-1.156000 0.577000 -0.569000 1 0
-0.942000 -0.123000 -0.320000 21 0
-0.953000 -0.094000 -0.347000 14 0
-0.946000 -0.063000 -0.368000 13 0
-0.971000 -0.032000 -0.402000 22 0
-0.946000 -0.101000 -0.321000 21 0
-0.960000 -0.072000 -0.349000 14 0
-0.949000 -0.042000 -0.370000 13 0
-0.975000 -0.011000 -0.405000 23 0
-0.950000 -0.078000 -0.322000 21 0
-0.961000 -0.050000 -0.350000 14 0
-0.953000 -0.021000 -0.372000 13 0
-0.975000 0.009000 -0.406000 23 0
-0.953000 -0.055000 -0.322000 21 0
-0.973000 -0.027000 -0.354000 14 0
-0.956000 -0.000000 -0.374000 13 0
-0.983000 0.031000 -0.411000 23 0
-0.956000 -0.032000 -0.323000 21 0
-0.976000 -0.005000 -0.356000 14 0
-0.982000 0.022000 -0.385000 17 0
-0.987000 0.052000 -0.415000 19 64
-0.963000 -0.009000 -0.326000 21 0
-0.984000 0.017000 -0.359000 14 0
-0.984000 0.044000 -0.387000 18 0
-0.993000 0.074000 -0.419000 19 64
-0.982000 0.013000 -0.333000 23 0
-0.987000 0.040000 -0.361000 14 0
-0.987000 0.067000 -0.390000 17 0
-0.998000 0.097000 -0.423000 24 0
-0.991000 0.037000 -0.336000 19 64
-0.987000 0.063000 -0.362000 17 0
-0.992000 0.090000 -0.393000 18 0
-1.002000 0.119000 -0.427000 18 64
-0.993000 0.061000 -0.337000 18 64
-0.994000 0.087000 -0.366000 14 0
-0.995000 0.112000 -0.396000 18 0
-1.003000 0.141000 -0.430000 18 64
-0.997000 0.085000 -0.340000 23 0
-1.003000 0.111000 -0.371000 15 0
-1.000000 0.136000 -0.400000 18 0
-1.009000 0.164000 -0.435000 17 64
-1.002000 0.110000 -0.343000 19 64
-1.006000 0.135000 -0.374000 14 0
-1.002000 0.159000 -0.404000 18 0
-1.004000 0.186000 -0.436000 19 0
-1.007000 0.136000 -0.346000 18 64
-1.011000 0.160000 -0.378000 14 0
-1.001000 0.182000 -0.405000 17 0
-0.997000 0.207000 -0.436000 2 0
-1.012000 0.161000 -0.349000 18 64
-1.011000 0.185000 -0.380000 14 0
-0.996000 0.205000 -0.406000 2 0
-1.003000 0.231000 -0.442000 2 0
-1.001000 0.184000 -0.347000 14 0
-1.001000 0.207000 -0.379000 2 0
-1.006000 0.230000 -0.413000 2 0
-1.094000 0.277000 -0.486000 2 0
-1.004000 0.210000 -0.351000 2 0
-1.007000 0.233000 -0.383000 2 0
-1.096000 0.277000 -0.454000 2 0
-1.102000 0.304000 -0.493000 2 0
-1.006000 0.236000 -0.354000 2 0
-1.100000 0.282000 -0.422000 2 2
-1.103000 0.305000 -0.460000 2 0
-1.103000 0.330000 -0.498000 2 0
-1.095000 0.285000 -0.388000 0 2
-1.104000 0.310000 -0.427000 2 0
-1.110000 0.334000 -0.467000 2 0
-1.110000 0.359000 -0.506000 1 0
-1.110000 0.318000 -0.396000 2 0
-1.115000 0.341000 -0.435000 2 0
-1.117000 0.364000 -0.475000 2 0
-1.120000 0.389000 -0.516000 2 0
-1.115000 0.349000 -0.402000 2 0
-1.117000 0.371000 -0.440000 2 0
-1.122000 0.393000 -0.481000 2 0
-1.126000 0.418000 -0.524000 1 0
-1.120000 0.380000 -0.407000 2 0
-1.122000 0.402000 -0.447000 2 0
-1.130000 0.425000 -0.489000 2 0
-1.131000 0.448000 -0.531000 1 0
-1.126000 0.413000 -0.414000 2 0
-1.129000 0.434000 -0.454000 2 0
-1.136000 0.456000 -0.497000 1 0
-1.137000 0.478000 -0.540000 1 0
-1.139000 0.449000 -0.423000 1 0
-1.141000 0.470000 -0.464000 2 0
-1.140000 0.488000 -0.505000 2 0
-1.144000 0.511000 -0.550000 1 0
-1.141000 0.482000 -0.429000 2 0
-1.146000 0.503000 -0.471000 2 0
-1.146000 0.521000 -0.514000 1 0
-1.151000 0.544000 -0.559000 1 0
-1.149000 0.519000 -0.437000 2 0
-1.153000 0.539000 -0.480000 2 0
-1.155000 0.557000 -0.524000 2 0
-1.156000 0.577000 -0.569000 1 0
