# x y z reflectivity tag
0.202000 -0.807000 -0.584000 11 0
0.165000 -0.819000 -0.589000 9 0
0.129000 -0.823000 -0.592000 5 0
0.000000 -0.000000 -0.000000 19 0
0.186000 -0.825000 -0.591000 9 0
0.149000 -0.834000 -0.596000 7 0
0.000000 -0.000000 -0.000000 0 0
0.000000 -0.000000 -0.000000 0 192
0.163000 -0.813000 -0.578000 13 0
0.129000 -0.831000 -0.591000 2 0
0.009000 -0.081000 -0.058000 5 16
0.000000 -0.000000 -0.000000 0 192
0.147000 -0.833000 -0.588000 8 0
0.000000 -0.000000 -0.000000 0 0
0.000000 -0.000000 -0.000000 0 0
0.000000 -0.000000 -0.000000 0 128
0.000000 -0.000000 -0.000000 0 0
0.000000 -0.000000 -0.000000 5 0
0.000000 -0.000000 -0.000000 0 192
0.000000 -0.000000 -0.000000 0 128
0.000000 -0.000000 -0.000000 0 0
0.000000 -0.000000 -0.000000 0 192
0.000000 -0.000000 -0.000000 0 128
0.000000 -0.000000 -0.000000 0 0
0.000000 -0.000000 -0.000000 0 0
0.000000 -0.000000 -0.000000 0 128
0.000000 -0.000000 -0.000000 0 128
-0.019000 -1.136000 -0.822000 10 0
0.000000 -0.000000 -0.000000 0 128
0.000000 -0.000000 -0.000000 0 128
0.000000 -0.000000 -0.000000 0 0
-0.043000 -1.133000 -0.822000 12 0
0.000000 -0.000000 -0.000000 0 128
0.000000 -0.000000 -0.000000 0 128
-0.025000 -1.152000 -0.820000 8 0
-0.067000 -1.131000 -0.822000 10 0
0.000000 -0.000000 -0.000000 0 128
-0.007000 -1.175000 -0.817000 28 0
-0.050000 -1.151000 -0.820000 10 0
-0.092000 -1.129000 -0.823000 10 0
0.000000 -0.000000 -0.000000 0 128
-0.034000 -1.181000 -0.820000 9 0
-0.076000 -1.154000 -0.823000 9 0
-0.116000 -1.128000 -0.825000 10 0
-0.017000 -1.202000 -0.814000 37 0
-0.061000 -1.179000 -0.818000 9 0
-0.102000 -1.154000 -0.824000 9 0
-0.140000 -1.124000 -0.826000 9 0
-0.046000 -1.214000 -0.820000 10 0
-0.089000 -1.186000 -0.823000 9 0
-0.127000 -1.150000 -0.823000 8 0
-0.163000 -1.117000 -0.825000 9 0
-0.075000 -1.218000 -0.821000 10 0
-0.116000 -1.183000 -0.821000 8 0
-0.152000 -1.146000 -0.823000 8 0
-0.185000 -1.099000 -0.815000 3 0
-0.104000 -1.218000 -0.820000 10 0
-0.144000 -1.188000 -0.826000 8 0
-0.179000 -1.148000 -0.827000 8 0
-0.164000 -0.860000 -0.641000 0 2
-0.134000 -1.220000 -0.821000 10 0
-0.173000 -1.191000 -0.829000 8 0
-0.200000 -1.124000 -0.812000 3 0
-0.183000 -0.861000 -0.646000 0 0
-0.165000 -1.234000 -0.830000 10 0
-0.200000 -1.190000 -0.830000 8 0
-0.177000 -0.880000 -0.638000 0 0
-0.247000 -1.053000 -0.795000 2 2
-0.196000 -1.242000 -0.836000 10 0
-0.228000 -1.187000 -0.830000 8 0
-0.194000 -0.866000 -0.631000 0 0
-0.282000 -1.097000 -0.833000 7 0
-0.227000 -1.244000 -0.838000 10 0
-0.254000 -1.173000 -0.823000 5 0
-0.213000 -0.861000 -0.631000 0 0
-0.307000 -1.096000 -0.839000 8 0
-0.258000 -1.244000 -0.840000 9 0
-0.269000 -1.121000 -0.790000 2 0
-0.231000 -0.852000 -0.628000 0 0
-0.331000 -1.090000 -0.841000 9 0
-0.289000 -1.243000 -0.841000 9 0
-0.258000 -0.976000 -0.691000 0 0
-0.253000 -0.858000 -0.637000 0 0
-0.355000 -1.086000 -0.844000 9 0
-0.322000 -1.250000 -0.848000 9 0
-0.263000 -0.910000 -0.647000 0 0
-0.324000 -1.015000 -0.758000 0 0
-0.378000 -1.080000 -0.847000 9 0
-0.355000 -1.251000 -0.852000 10 0
-0.280000 -0.889000 -0.636000 0 0
-0.382000 -1.110000 -0.835000 4 0
-0.401000 -1.071000 -0.847000 9 0
-0.387000 -1.250000 -0.855000 9 0
-0.302000 -0.887000 -0.638000 0 0
-0.416000 -1.128000 -0.855000 7 0
-0.426000 -1.069000 -0.853000 9 0
0.202000 -0.807000 -0.584000 11 0
0.165000 -0.819000 -0.589000 9 0
0.129000 -0.823000 -0.592000 5 0
0.000000 -0.000000 -0.000000 19 0
0.186000 -0.825000 -0.591000 9 0
0.149000 -0.834000 -0.596000 7 0
0.000000 -0.000000 -0.000000 0 0
0.000000 -0.000000 -0.000000 0 192
0.163000 -0.813000 -0.578000 13 0
0.129000 -0.831000 -0.591000 2 0
0.009000 -0.081000 -0.058000 5 16
0.000000 -0.000000 -0.000000 0 192
0.147000 -0.833000 -0.588000 8 0
0.000000 -0.000000 -0.000000 0 0
0.000000 -0.000000 -0.000000 0 0
0.000000 -0.000000 -0.000000 0 128
0.000000 -0.000000 -0.000000 0 0
0.000000 -0.000000 -0.000000 5 0
0.000000 -0.000000 -0.000000 0 192
0.000000 -0.000000 -0.000000 0 128
0.000000 -0.000000 -0.000000 0 0
0.000000 -0.000000 -0.000000 0 192
0.000000 -0.000000 -0.000000 0 128
0.000000 -0.000000 -0.000000 0 0
0.000000 -0.000000 -0.000000 0 0
0.000000 -0.000000 -0.000000 0 128
0.000000 -0.000000 -0.000000 0 128
-0.019000 -1.136000 -0.822000 10 0
0.000000 -0.000000 -0.000000 0 128
0.000000 -0.000000 -0.000000 0 128
0.000000 -0.000000 -0.000000 0 0
-0.043000 -1.133000 -0.822000 12 0
0.000000 -0.000000 -0.000000 0 128
0.000000 -0.000000 -0.000000 0 128
-0.025000 -1.152000 -0.820000 8 0
-0.067000 -1.131000 -0.822000 10 0
0.000000 -0.000000 -0.000000 0 128
-0.007000 -1.175000 -0.817000 28 0
-0.050000 -1.151000 -0.820000 10 0
-0.092000 -1.129000 -0.823000 10 0
0.000000 -0.000000 -0.000000 0 128
-0.034000 -1.181000 -0.820000 9 0
-0.076000 -1.154000 -0.823000 9 0
-0.116000 -1.128000 -0.825000 10 0
-0.017000 -1.202000 -0.814000 37 0
-0.061000 -1.179000 -0.818000 9 0
-0.102000 -1.154000 -0.824000 9 0
-0.140000 -1.124000 -0.826000 9 0
-0.046000 -1.214000 -0.820000 10 0
-0.089000 -1.186000 -0.823000 9 0
-0.127000 -1.150000 -0.823000 8 0
-0.163000 -1.117000 -0.825000 9 0
-0.075000 -1.218000 -0.821000 10 0
-0.116000 -1.183000 -0.821000 8 0
-0.152000 -1.146000 -0.823000 8 0
-0.185000 -1.099000 -0.815000 3 0
-0.104000 -1.218000 -0.820000 10 0
-0.144000 -1.188000 -0.826000 8 0
-0.179000 -1.148000 -0.827000 8 0
-0.164000 -0.860000 -0.641000 0 2
-0.134000 -1.220000 -0.821000 10 0
-0.173000 -1.191000 -0.829000 8 0
-0.200000 -1.124000 -0.812000 3 0
-0.183000 -0.861000 -0.646000 0 0
-0.165000 -1.234000 -0.830000 10 0
-0.200000 -1.190000 -0.830000 8 0
-0.177000 -0.880000 -0.638000 0 0
-0.247000 -1.053000 -0.795000 2 2
-0.196000 -1.242000 -0.836000 10 0
-0.228000 -1.187000 -0.830000 8 0
-0.194000 -0.866000 -0.631000 0 0
-0.282000 -1.097000 -0.833000 7 0
-0.227000 -1.244000 -0.838000 10 0
-0.254000 -1.173000 -0.823000 5 0
-0.213000 -0.861000 -0.631000 0 0
-0.307000 -1.096000 -0.839000 8 0
-0.258000 -1.244000 -0.840000 9 0
-0.269000 -1.121000 -0.790000 2 0
-0.231000 -0.852000 -0.628000 0 0
-0.331000 -1.090000 -0.841000 9 0
-0.289000 -1.243000 -0.841000 9 0
-0.258000 -0.976000 -0.691000 0 0
-0.253000 -0.858000 -0.637000 0 0
-0.355000 -1.086000 -0.844000 9 0
-0.322000 -1.250000 -0.848000 9 0
-0.263000 -0.910000 -0.647000 0 0
-0.324000 -1.015000 -0.758000 0 0
-0.378000 -1.080000 -0.847000 9 0
-0.355000 -1.251000 -0.852000 10 0
-0.280000 -0.889000 -0.636000 0 0
-0.382000 -1.110000 -0.835000 4 0
-0.401000 -1.071000 -0.847000 9 0
-0.387000 -1.250000 -0.855000 9 0
-0.302000 -0.887000 -0.638000 0 0
-0.416000 -1.128000 -0.855000 7 0
-0.426000 -1.069000 -0.853000 9 0
-0.420000 -1.250000 -0.860000 9 0
-0.324000 -0.886000 -0.642000 0 0
-0.443000 -1.125000 -0.860000 8 0
-0.413000 -0.975000 -0.787000 1 2
-0.568000 -1.565000 -1.083000 0 10
-0.347000 -0.883000 -0.645000 0 0
-0.395000 -0.942000 -0.727000 1 2
-0.433000 -0.966000 -0.787000 0 0
0.000000 -0.000000 -0.000000 0 0
-0.372000 -0.887000 -0.652000 0 0
-0.441000 -0.989000 -0.770000 0 0
-0.619000 -1.305000 -1.076000 47 2
-0.380000 -0.910000 -0.638000 0 0
-0.615000 -1.377000 -1.022000 9 0
-0.624000 -1.320000 -1.039000 10 0
-0.625000 -1.250000 -1.042000 38 0
-0.402000 -0.901000 -0.637000 0 0
-0.465000 -0.980000 -0.734000 1 0
-0.494000 -0.989000 -0.786000 2 0
-0.555000 -1.053000 -0.888000 2 0
-0.530000 -1.114000 -0.794000 0 2
-0.640000 -1.272000 -0.963000 10 0
-0.651000 -1.233000 -0.991000 10 0
-0.665000 -1.201000 -1.026000 8 0
-0.641000 -1.267000 -0.912000 59 0
-0.653000 -1.226000 -0.938000 52 0
-0.655000 -1.178000 -0.959000 37 0
-0.664000 -1.141000 -0.987000 21 0
-0.651000 -1.214000 -0.882000 53 0
-0.664000 -1.181000 -0.914000 53 0
-0.670000 -1.145000 -0.944000 10 0
-0.679000 -1.113000 -0.976000 7 0
-0.666000 -1.173000 -0.862000 13 0
-0.675000 -1.138000 -0.891000 10 0
-0.682000 -1.108000 -0.925000 8 0
0.000000 -0.000000 -0.000000 0 0
-0.678000 -1.131000 -0.841000 13 0
-0.687000 -1.099000 -0.872000 10 0
-0.692000 -1.071000 -0.907000 5 0
0.000000 -0.000000 -0.000000 0 0
-0.687000 -1.085000 -0.817000 13 0
-0.695000 -1.058000 -0.851000 9 0
-0.701000 -1.034000 -0.888000 2 0
0.000000 -0.000000 -0.000000 0 128
-0.697000 -1.045000 -0.797000 12 0
-0.706000 -1.022000 -0.834000 9 0
-0.704000 -0.991000 -0.864000 4 0
0.000000 -0.000000 -0.000000 0 128
-0.709000 -1.009000 -0.781000 13 0
-0.717000 -0.989000 -0.819000 7 0
0.000000 -0.000000 -0.000000 0 0
0.000000 -0.000000 -0.000000 0 128
-0.718000 -0.972000 -0.764000 12 0
-0.721000 -0.948000 -0.798000 4 0
0.000000 -0.000000 -0.000000 0 0
-0.726000 -0.910000 -0.876000 5 0
-0.725000 -0.933000 -0.745000 12 0
-0.729000 -0.914000 -0.782000 0 0
0.000000 -0.000000 -0.000000 0 128
-0.728000 -0.874000 -0.857000 3 0
-0.733000 -0.898000 -0.729000 9 0
-0.719000 -0.860000 -0.749000 1 0
0.000000 -0.000000 -0.000000 0 128
-0.742000 -0.854000 -0.852000 8 0
-0.739000 -0.862000 -0.713000 4 0
0.000000 -0.000000 -0.000000 0 0
0.000000 -0.000000 -0.000000 0 0
-0.747000 -0.825000 -0.839000 12 0
0.000000 -0.000000 -0.000000 0 0
0.000000 -0.000000 -0.000000 0 0
-0.751000 -0.807000 -0.783000 3 0
-0.753000 -0.797000 -0.828000 12 0
0.000000 -0.000000 -0.000000 0 0
0.000000 -0.000000 -0.000000 0 0
-0.758000 -0.779000 -0.771000 8 0
-0.762000 -0.774000 -0.820000 12 0
0.000000 -0.000000 -0.000000 0 128
-0.768000 -0.763000 -0.720000 3 0
-0.767000 -0.755000 -0.763000 11 0
-0.770000 -0.749000 -0.811000 12 0
0.000000 -0.000000 -0.000000 0 128
-0.774000 -0.734000 -0.709000 7 0
-0.782000 -0.736000 -0.762000 11 0
-0.777000 -0.726000 -0.804000 12 0
0.000000 -0.000000 -0.000000 0 0
-0.787000 -0.713000 -0.705000 10 0
-0.785000 -0.707000 -0.749000 13 0
-0.783000 -0.701000 -0.795000 12 0
-0.792000 -0.692000 -0.654000 7 0
-0.792000 -0.685000 -0.695000 13 0
-0.793000 -0.683000 -0.742000 14 0
-0.793000 -0.681000 -0.790000 12 0
-0.801000 -0.667000 -0.647000 10 64
-0.797000 -0.658000 -0.685000 14 0
-0.799000 -0.659000 -0.734000 14 0
-0.800000 -0.658000 -0.784000 12 0
-0.420000 -1.250000 -0.860000 9 0
-0.324000 -0.886000 -0.642000 0 0
-0.443000 -1.125000 -0.860000 8 0
-0.413000 -0.975000 -0.787000 1 2
-0.568000 -1.565000 -1.083000 0 10
-0.347000 -0.883000 -0.645000 0 0
-0.395000 -0.942000 -0.727000 1 2
-0.433000 -0.966000 -0.787000 0 0
0.000000 -0.000000 -0.000000 0 0
-0.372000 -0.887000 -0.652000 0 0
-0.441000 -0.989000 -0.770000 0 0
-0.619000 -1.305000 -1.076000 47 2
-0.380000 -0.910000 -0.638000 0 0
-0.615000 -1.377000 -1.022000 9 0
-0.624000 -1.320000 -1.039000 10 0
-0.625000 -1.250000 -1.042000 38 0
-0.402000 -0.901000 -0.637000 0 0
-0.465000 -0.980000 -0.734000 1 0
-0.494000 -0.989000 -0.786000 2 0
-0.555000 -1.053000 -0.888000 2 0
-0.530000 -1.114000 -0.794000 0 2
-0.640000 -1.272000 -0.963000 10 0
-0.651000 -1.233000 -0.991000 10 0
-0.665000 -1.201000 -1.026000 8 0
-0.641000 -1.267000 -0.912000 59 0
-0.653000 -1.226000 -0.938000 52 0
-0.655000 -1.178000 -0.959000 37 0
-0.664000 -1.141000 -0.987000 21 0
-0.651000 -1.214000 -0.882000 53 0
-0.664000 -1.181000 -0.914000 53 0
-0.670000 -1.145000 -0.944000 10 0
-0.679000 -1.113000 -0.976000 7 0
-0.666000 -1.173000 -0.862000 13 0
-0.675000 -1.138000 -0.891000 10 0
-0.682000 -1.108000 -0.925000 8 0
0.000000 -0.000000 -0.000000 0 0
-0.678000 -1.131000 -0.841000 13 0
-0.687000 -1.099000 -0.872000 10 0
-0.692000 -1.071000 -0.907000 5 0
0.000000 -0.000000 -0.000000 0 0
-0.687000 -1.085000 -0.817000 13 0
-0.695000 -1.058000 -0.851000 9 0
-0.701000 -1.034000 -0.888000 2 0
0.000000 -0.000000 -0.000000 0 128
-0.697000 -1.045000 -0.797000 12 0
-0.706000 -1.022000 -0.834000 9 0
-0.704000 -0.991000 -0.864000 4 0
0.000000 -0.000000 -0.000000 0 128
-0.709000 -1.009000 -0.781000 13 0
-0.717000 -0.989000 -0.819000 7 0
0.000000 -0.000000 -0.000000 0 0
0.000000 -0.000000 -0.000000 0 128
-0.718000 -0.972000 -0.764000 12 0
-0.721000 -0.948000 -0.798000 4 0
0.000000 -0.000000 -0.000000 0 0
-0.726000 -0.910000 -0.876000 5 0
-0.725000 -0.933000 -0.745000 12 0
-0.729000 -0.914000 -0.782000 0 0
0.000000 -0.000000 -0.000000 0 128
-0.728000 -0.874000 -0.857000 3 0
-0.733000 -0.898000 -0.729000 9 0
-0.719000 -0.860000 -0.749000 1 0
0.000000 -0.000000 -0.000000 0 128
-0.742000 -0.854000 -0.852000 8 0
-0.739000 -0.862000 -0.713000 4 0
0.000000 -0.000000 -0.000000 0 0
0.000000 -0.000000 -0.000000 0 0
-0.747000 -0.825000 -0.839000 12 0
0.000000 -0.000000 -0.000000 0 0
0.000000 -0.000000 -0.000000 0 0
-0.751000 -0.807000 -0.783000 3 0
-0.753000 -0.797000 -0.828000 12 0
0.000000 -0.000000 -0.000000 0 0
0.000000 -0.000000 -0.000000 0 0
-0.758000 -0.779000 -0.771000 8 0
-0.762000 -0.774000 -0.820000 12 0
0.000000 -0.000000 -0.000000 0 128
-0.768000 -0.763000 -0.720000 3 0
-0.767000 -0.755000 -0.763000 11 0
-0.770000 -0.749000 -0.811000 12 0
0.000000 -0.000000 -0.000000 0 128
-0.774000 -0.734000 -0.709000 7 0
-0.782000 -0.736000 -0.762000 11 0
-0.777000 -0.726000 -0.804000 12 0
0.000000 -0.000000 -0.000000 0 0
-0.787000 -0.713000 -0.705000 10 0
-0.785000 -0.707000 -0.749000 13 0
-0.783000 -0.701000 -0.795000 12 0
-0.792000 -0.692000 -0.654000 7 0
-0.792000 -0.685000 -0.695000 13 0
-0.793000 -0.683000 -0.742000 14 0
-0.793000 -0.681000 -0.790000 12 0
-0.801000 -0.667000 -0.647000 10 64
-0.797000 -0.658000 -0.685000 14 0
-0.799000 -0.659000 -0.734000 14 0
-0.800000 -0.658000 -0.784000 12 0
-0.808000 -0.640000 -0.638000 20 0
-0.801000 -0.631000 -0.675000 13 0
-0.802000 -0.632000 -0.723000 14 0
-0.806000 -0.635000 -0.776000 15 0
-0.811000 -0.611000 -0.628000 21 0
-0.808000 -0.606000 -0.668000 13 0
-0.809000 -0.609000 -0.717000 14 0
-0.809000 -0.611000 -0.767000 15 0
-0.817000 -0.585000 -0.621000 22 0
-0.812000 -0.581000 -0.660000 13 0
-0.813000 -0.585000 -0.709000 14 0
-0.812000 -0.587000 -0.758000 14 0
-0.824000 -0.562000 -0.615000 22 0
-0.817000 -0.556000 -0.653000 13 0
-0.815000 -0.559000 -0.699000 13 0
-0.815000 -0.563000 -0.750000 14 0
-0.828000 -0.535000 -0.607000 16 0
-0.825000 -0.535000 -0.649000 13 0
-0.824000 -0.539000 -0.696000 14 0
-0.820000 -0.542000 -0.744000 15 0
-0.834000 -0.511000 -0.602000 16 0
-0.830000 -0.511000 -0.642000 13 0
-0.830000 -0.517000 -0.691000 14 0
-0.823000 -0.520000 -0.737000 14 0
-0.839000 -0.487000 -0.596000 17 0
-0.840000 -0.491000 -0.641000 14 0
-0.833000 -0.494000 -0.684000 14 0
-0.829000 -0.500000 -0.733000 15 0
-0.847000 -0.465000 -0.593000 17 0
-0.846000 -0.469000 -0.637000 13 0
-0.836000 -0.471000 -0.678000 13 0
-0.831000 -0.477000 -0.725000 15 0
-0.852000 -0.442000 -0.589000 18 0
-0.846000 -0.444000 -0.629000 13 0
-0.847000 -0.453000 -0.678000 14 0
-0.836000 -0.457000 -0.720000 14 0
-0.861000 -0.420000 -0.587000 18 0
-0.855000 -0.424000 -0.627000 14 0
-0.843000 -0.428000 -0.667000 13 0
-0.839000 -0.436000 -0.715000 15 0
-0.865000 -0.397000 -0.582000 18 0
-0.860000 -0.402000 -0.623000 14 0
-0.850000 -0.408000 -0.664000 14 0
-0.846000 -0.417000 -0.713000 14 64
-0.876000 -0.377000 -0.583000 19 0
-0.869000 -0.382000 -0.623000 14 0
-0.859000 -0.389000 -0.664000 14 0
-0.849000 -0.397000 -0.708000 14 0
0.000000 -0.000000 -0.000000 0 0
-0.871000 -0.359000 -0.618000 6 0
-0.859000 -0.366000 -0.657000 13 0
-0.856000 -0.379000 -0.707000 15 0
0.000000 -0.000000 -0.000000 0 0
0.000000 -0.000000 -0.000000 0 0
0.000000 -0.000000 -0.000000 0 0
-0.868000 -0.363000 -0.710000 9 0
0.000000 -0.000000 -0.000000 0 0
-0.596000 -0.214000 -0.415000 0 0
0.000000 -0.000000 -0.000000 0 0
0.000000 -0.000000 -0.000000 0 0
0.000000 -0.000000 -0.000000 0 128
0.000000 -0.000000 -0.000000 0 0
0.000000 -0.000000 -0.000000 0 0
0.000000 -0.000000 -0.000000 0 0
0.000000 -0.000000 -0.000000 0 192
-0.867000 -0.267000 -0.593000 0 0
0.000000 -0.000000 -0.000000 0 0
0.000000 -0.000000 -0.000000 0 0
0.000000 -0.000000 -0.000000 0 192
0.000000 -0.000000 -0.000000 0 0
-0.890000 -0.269000 -0.652000 13 0
0.000000 -0.000000 -0.000000 0 0
0.000000 -0.000000 -0.000000 0 0
0.000000 -0.000000 -0.000000 0 0
-0.904000 -0.251000 -0.657000 9 0
0.000000 -0.000000 -0.000000 0 0
-0.910000 -0.199000 -0.566000 17 0
0.000000 -0.000000 -0.000000 0 192
-0.890000 -0.226000 -0.643000 2 64
-0.888000 -0.245000 -0.692000 15 0
-0.921000 -0.179000 -0.570000 19 0
-0.900000 -0.189000 -0.600000 0 64
0.000000 -0.000000 -0.000000 0 0
-0.890000 -0.226000 -0.689000 14 0
-0.925000 -0.157000 -0.569000 19 0
-0.916000 -0.171000 -0.607000 7 0
0.000000 -0.000000 -0.000000 0 0
-0.904000 -0.209000 -0.696000 9 0
-0.931000 -0.135000 -0.571000 18 0
-0.918000 -0.150000 -0.606000 13 0
0.000000 -0.000000 -0.000000 0 192
-0.898000 -0.188000 -0.687000 1 64
-0.936000 -0.113000 -0.572000 18 0
-0.927000 -0.129000 -0.610000 14 0
-0.910000 -0.148000 -0.644000 2 64
0.000000 -0.000000 -0.000000 0 0
-0.808000 -0.640000 -0.638000 20 0
-0.801000 -0.631000 -0.675000 13 0
-0.802000 -0.632000 -0.723000 14 0
-0.806000 -0.635000 -0.776000 15 0
-0.811000 -0.611000 -0.628000 21 0
-0.808000 -0.606000 -0.668000 13 0
-0.809000 -0.609000 -0.717000 14 0
-0.809000 -0.611000 -0.767000 15 0
-0.817000 -0.585000 -0.621000 22 0
-0.812000 -0.581000 -0.660000 13 0
-0.813000 -0.585000 -0.709000 14 0
-0.812000 -0.587000 -0.758000 14 0
-0.824000 -0.562000 -0.615000 22 0
-0.817000 -0.556000 -0.653000 13 0
-0.815000 -0.559000 -0.699000 13 0
-0.815000 -0.563000 -0.750000 14 0
-0.828000 -0.535000 -0.607000 16 0
-0.825000 -0.535000 -0.649000 13 0
-0.824000 -0.539000 -0.696000 14 0
-0.820000 -0.542000 -0.744000 15 0
-0.834000 -0.511000 -0.602000 16 0
-0.830000 -0.511000 -0.642000 13 0
-0.830000 -0.517000 -0.691000 14 0
-0.823000 -0.520000 -0.737000 14 0
-0.839000 -0.487000 -0.596000 17 0
-0.840000 -0.491000 -0.641000 14 0
-0.833000 -0.494000 -0.684000 14 0
-0.829000 -0.500000 -0.733000 15 0
-0.847000 -0.465000 -0.593000 17 0
-0.846000 -0.469000 -0.637000 13 0
-0.836000 -0.471000 -0.678000 13 0
-0.831000 -0.477000 -0.725000 15 0
-0.852000 -0.442000 -0.589000 18 0
-0.846000 -0.444000 -0.629000 13 0
-0.847000 -0.453000 -0.678000 14 0
-0.836000 -0.457000 -0.720000 14 0
-0.861000 -0.420000 -0.587000 18 0
-0.855000 -0.424000 -0.627000 14 0
-0.843000 -0.428000 -0.667000 13 0
-0.839000 -0.436000 -0.715000 15 0
-0.865000 -0.397000 -0.582000 18 0
-0.860000 -0.402000 -0.623000 14 0
-0.850000 -0.408000 -0.664000 14 0
-0.846000 -0.417000 -0.713000 14 64
-0.876000 -0.377000 -0.583000 19 0
-0.869000 -0.382000 -0.623000 14 0
-0.859000 -0.389000 -0.664000 14 0
-0.849000 -0.397000 -0.708000 14 0
0.000000 -0.000000 -0.000000 0 0
-0.871000 -0.359000 -0.618000 6 0
-0.859000 -0.366000 -0.657000 13 0
-0.856000 -0.379000 -0.707000 15 0
0.000000 -0.000000 -0.000000 0 0
0.000000 -0.000000 -0.000000 0 0
0.000000 -0.000000 -0.000000 0 0
-0.868000 -0.363000 -0.710000 9 0
0.000000 -0.000000 -0.000000 0 0
-0.596000 -0.214000 -0.415000 0 0
0.000000 -0.000000 -0.000000 0 0
0.000000 -0.000000 -0.000000 0 0
0.000000 -0.000000 -0.000000 0 128
0.000000 -0.000000 -0.000000 0 0
0.000000 -0.000000 -0.000000 0 0
0.000000 -0.000000 -0.000000 0 0
0.000000 -0.000000 -0.000000 0 192
-0.867000 -0.267000 -0.593000 0 0
0.000000 -0.000000 -0.000000 0 0
0.000000 -0.000000 -0.000000 0 0
0.000000 -0.000000 -0.000000 0 192
0.000000 -0.000000 -0.000000 0 0
-0.890000 -0.269000 -0.652000 13 0
0.000000 -0.000000 -0.000000 0 0
0.000000 -0.000000 -0.000000 0 0
0.000000 -0.000000 -0.000000 0 0
-0.904000 -0.251000 -0.657000 9 0
0.000000 -0.000000 -0.000000 0 0
-0.910000 -0.199000 -0.566000 17 0
0.000000 -0.000000 -0.000000 0 192
-0.890000 -0.226000 -0.643000 2 64
-0.888000 -0.245000 -0.692000 15 0
-0.921000 -0.179000 -0.570000 19 0
-0.900000 -0.189000 -0.600000 0 64
0.000000 -0.000000 -0.000000 0 0
-0.890000 -0.226000 -0.689000 14 0
-0.925000 -0.157000 -0.569000 19 0
-0.916000 -0.171000 -0.607000 7 0
0.000000 -0.000000 -0.000000 0 0
-0.904000 -0.209000 -0.696000 9 0
-0.931000 -0.135000 -0.571000 18 0
-0.918000 -0.150000 -0.606000 13 0
0.000000 -0.000000 -0.000000 0 192
-0.898000 -0.188000 -0.687000 1 64
-0.936000 -0.113000 -0.572000 18 0
-0.927000 -0.129000 -0.610000 14 0
-0.910000 -0.148000 -0.644000 2 64
0.000000 -0.000000 -0.000000 0 0
-0.938000 -0.091000 -0.572000 18 0
-0.932000 -0.108000 -0.611000 14 0
-0.926000 -0.129000 -0.652000 8 0
0.000000 -0.000000 -0.000000 0 0
-0.942000 -0.069000 -0.572000 19 0
-0.935000 -0.087000 -0.611000 14 0
-0.926000 -0.109000 -0.650000 13 0
0.000000 -0.000000 -0.000000 0 192
-0.952000 -0.047000 -0.578000 21 0
-0.942000 -0.066000 -0.614000 14 0
-0.928000 -0.088000 -0.649000 13 0
-0.899000 -0.110000 -0.675000 0 64
-0.959000 -0.025000 -0.581000 19 0
-0.947000 -0.045000 -0.616000 14 0
-0.930000 -0.068000 -0.648000 13 0
-0.929000 -0.094000 -0.695000 9 0
-0.962000 -0.002000 -0.583000 19 0
-0.949000 -0.023000 -0.617000 14 0
-0.939000 -0.047000 -0.653000 14 0
-0.933000 -0.074000 -0.696000 13 0
-0.967000 0.020000 -0.586000 19 0
-0.955000 -0.001000 -0.620000 14 0
-0.943000 -0.027000 -0.655000 14 0
-0.933000 -0.054000 -0.694000 14 0
-0.969000 0.043000 -0.588000 18 0
-0.958000 0.020000 -0.622000 14 0
-0.948000 -0.006000 -0.657000 14 0
-0.940000 -0.034000 -0.698000 15 0
-0.972000 0.066000 -0.590000 18 0
-0.968000 0.042000 -0.628000 14 0
-0.954000 0.014000 -0.661000 14 0
-0.941000 -0.014000 -0.696000 14 0
-0.979000 0.089000 -0.596000 18 0
-0.967000 0.064000 -0.628000 14 0
-0.954000 0.035000 -0.661000 14 0
-0.942000 0.005000 -0.696000 14 0
-0.981000 0.113000 -0.599000 18 0
-0.976000 0.087000 -0.635000 14 0
-0.959000 0.057000 -0.664000 14 0
-0.949000 0.025000 -0.700000 15 0
-0.988000 0.137000 -0.605000 18 0
-0.976000 0.110000 -0.636000 14 0
-0.966000 0.079000 -0.669000 14 0
-0.955000 0.046000 -0.704000 15 0
-0.989000 0.161000 -0.608000 17 0
-0.984000 0.133000 -0.642000 14 0
-0.971000 0.101000 -0.673000 14 0
-0.954000 0.066000 -0.703000 15 0
-0.994000 0.186000 -0.613000 14 0
-0.987000 0.157000 -0.647000 14 0
-0.974000 0.123000 -0.676000 14 0
-0.960000 0.087000 -0.707000 15 0
-0.991000 0.210000 -0.614000 1 0
-0.991000 0.181000 -0.651000 14 0
-0.983000 0.146000 -0.684000 14 0
-0.972000 0.109000 -0.716000 15 0
-0.998000 0.236000 -0.622000 1 0
-0.989000 0.204000 -0.653000 2 0
-0.986000 0.169000 -0.688000 14 0
-0.977000 0.131000 -0.721000 15 0
-1.090000 0.285000 -0.684000 2 0
-0.992000 0.228000 -0.658000 1 0
-0.995000 0.193000 -0.696000 6 0
-0.980000 0.153000 -0.723000 15 0
-1.090000 0.312000 -0.689000 1 0
-1.067000 0.271000 -0.711000 1 2
-0.988000 0.215000 -0.693000 1 0
-0.987000 0.176000 -0.730000 15 0
-1.101000 0.343000 -0.701000 1 0
-1.098000 0.305000 -0.736000 1 0
-1.007000 0.243000 -0.709000 1 0
-0.980000 0.197000 -0.726000 3 0
-1.112000 0.375000 -0.713000 1 0
-1.097000 0.332000 -0.740000 1 0
-1.090000 0.289000 -0.771000 1 0
-0.991000 0.222000 -0.736000 1 0
-1.115000 0.405000 -0.721000 1 0
-1.103000 0.362000 -0.749000 1 0
-1.093000 0.315000 -0.776000 1 0
-1.034000 0.255000 -0.770000 1 0
-1.123000 0.438000 -0.734000 1 0
-1.112000 0.393000 -0.760000 1 0
-1.096000 0.343000 -0.782000 1 0
-1.081000 0.292000 -0.808000 1 0
-1.124000 0.469000 -0.742000 1 0
-1.118000 0.424000 -0.771000 1 0
-1.103000 0.372000 -0.792000 0 0
-1.093000 0.321000 -0.820000 1 0
-1.133000 0.504000 -0.756000 10 0
-1.126000 0.456000 -0.783000 1 0
-1.107000 0.401000 -0.800000 9 0
-1.099000 0.349000 -0.828000 7 0
-1.151000 0.544000 -0.776000 1 0
-1.126000 0.486000 -0.790000 7 0
-1.117000 0.433000 -0.813000 1 0
-1.109000 0.379000 -0.839000 1 0
-0.938000 -0.091000 -0.572000 18 0
-0.932000 -0.108000 -0.611000 14 0
-0.926000 -0.129000 -0.652000 8 0
0.000000 -0.000000 -0.000000 0 0
-0.942000 -0.069000 -0.572000 19 0
-0.935000 -0.087000 -0.611000 14 0
-0.926000 -0.109000 -0.650000 13 0
0.000000 -0.000000 -0.000000 0 192
-0.952000 -0.047000 -0.578000 21 0
-0.942000 -0.066000 -0.614000 14 0
-0.928000 -0.088000 -0.649000 13 0
-0.899000 -0.110000 -0.675000 0 64
-0.959000 -0.025000 -0.581000 19 0
-0.947000 -0.045000 -0.616000 14 0
-0.930000 -0.068000 -0.648000 13 0
-0.929000 -0.094000 -0.695000 9 0
-0.962000 -0.002000 -0.583000 19 0
-0.949000 -0.023000 -0.617000 14 0
-0.939000 -0.047000 -0.653000 14 0
-0.933000 -0.074000 -0.696000 13 0
-0.967000 0.020000 -0.586000 19 0
-0.955000 -0.001000 -0.620000 14 0
-0.943000 -0.027000 -0.655000 14 0
-0.933000 -0.054000 -0.694000 14 0
-0.969000 0.043000 -0.588000 18 0
-0.958000 0.020000 -0.622000 14 0
-0.948000 -0.006000 -0.657000 14 0
-0.940000 -0.034000 -0.698000 15 0
-0.972000 0.066000 -0.590000 18 0
-0.968000 0.042000 -0.628000 14 0
-0.954000 0.014000 -0.661000 14 0
-0.941000 -0.014000 -0.696000 14 0
-0.979000 0.089000 -0.596000 18 0
-0.967000 0.064000 -0.628000 14 0
-0.954000 0.035000 -0.661000 14 0
-0.942000 0.005000 -0.696000 14 0
-0.981000 0.113000 -0.599000 18 0
-0.976000 0.087000 -0.635000 14 0
-0.959000 0.057000 -0.664000 14 0
-0.949000 0.025000 -0.700000 15 0
-0.988000 0.137000 -0.605000 18 0
-0.976000 0.110000 -0.636000 14 0
-0.966000 0.079000 -0.669000 14 0
-0.955000 0.046000 -0.704000 15 0
-0.989000 0.161000 -0.608000 17 0
-0.984000 0.133000 -0.642000 14 0
-0.971000 0.101000 -0.673000 14 0
-0.954000 0.066000 -0.703000 15 0
-0.994000 0.186000 -0.613000 14 0
-0.987000 0.157000 -0.647000 14 0
-0.974000 0.123000 -0.676000 14 0
-0.960000 0.087000 -0.707000 15 0
-0.991000 0.210000 -0.614000 1 0
-0.991000 0.181000 -0.651000 14 0
-0.983000 0.146000 -0.684000 14 0
-0.972000 0.109000 -0.716000 15 0
-0.998000 0.236000 -0.622000 1 0
-0.989000 0.204000 -0.653000 2 0
-0.986000 0.169000 -0.688000 14 0
-0.977000 0.131000 -0.721000 15 0
-1.090000 0.285000 -0.684000 2 0
-0.992000 0.228000 -0.658000 1 0
-0.995000 0.193000 -0.696000 6 0
-0.980000 0.153000 -0.723000 15 0
-1.090000 0.312000 -0.689000 1 0
-1.067000 0.271000 -0.711000 1 2
-0.988000 0.215000 -0.693000 1 0
-0.987000 0.176000 -0.730000 15 0
-1.101000 0.343000 -0.701000 1 0
-1.098000 0.305000 -0.736000 1 0
-1.007000 0.243000 -0.709000 1 0
-0.980000 0.197000 -0.726000 3 0
-1.112000 0.375000 -0.713000 1 0
-1.097000 0.332000 -0.740000 1 0
-1.090000 0.289000 -0.771000 1 0
-0.991000 0.222000 -0.736000 1 0
-1.115000 0.405000 -0.721000 1 0
-1.103000 0.362000 -0.749000 1 0
-1.093000 0.315000 -0.776000 1 0
-1.034000 0.255000 -0.770000 1 0
-1.123000 0.438000 -0.734000 1 0
-1.112000 0.393000 -0.760000 1 0
-1.096000 0.343000 -0.782000 1 0
-1.081000 0.292000 -0.808000 1 0
-1.124000 0.469000 -0.742000 1 0
-1.118000 0.424000 -0.771000 1 0
-1.103000 0.372000 -0.792000 0 0
-1.093000 0.321000 -0.820000 1 0
-1.133000 0.504000 -0.756000 10 0
-1.126000 0.456000 -0.783000 1 0
-1.107000 0.401000 -0.800000 9 0
-1.099000 0.349000 -0.828000 7 0
-1.151000 0.544000 -0.776000 1 0
-1.126000 0.486000 -0.790000 7 0
-1.117000 0.433000 -0.813000 1 0
-1.109000 0.379000 -0.839000 1 0
-1.143000 0.573000 -0.780000 8 0
-1.142000 0.524000 -0.809000 1 0
-1.118000 0.463000 -0.820000 8 0
-1.107000 0.405000 -0.842000 8 0
-1.154000 0.612000 -0.798000 1 0
-1.141000 0.555000 -0.817000 7 0
-1.133000 0.498000 -0.838000 1 0
-1.120000 0.438000 -0.857000 1 0
-1.164000 0.653000 -0.816000 7 0
-1.157000 0.596000 -0.837000 1 0
-1.131000 0.529000 -0.844000 8 0
-1.120000 0.467000 -0.862000 7 0
-1.170000 0.692000 -0.831000 0 0
-1.153000 0.628000 -0.844000 7 0
-1.148000 0.568000 -0.864000 1 0
-1.134000 0.502000 -0.879000 0 0
-1.177000 0.732000 -0.849000 7 0
-1.175000 0.675000 -0.871000 1 0
-1.144000 0.598000 -0.869000 7 0
-1.131000 0.531000 -0.883000 7 0
-1.187000 0.777000 -0.869000 7 0
-1.169000 0.707000 -0.878000 6 0
-1.165000 0.642000 -0.895000 0 0
-1.144000 0.568000 -0.901000 0 0
-1.191000 0.820000 -0.887000 7 0
-1.179000 0.749000 -0.897000 7 0
-1.163000 0.676000 -0.903000 6 0
-1.150000 0.604000 -0.913000 6 0
-1.203000 0.870000 -0.911000 6 0
-1.185000 0.791000 -0.915000 5 0
-1.167000 0.714000 -0.917000 6 0
-1.155000 0.639000 -0.925000 6 0
-1.211000 0.918000 -0.933000 6 0
-1.198000 0.840000 -0.940000 6 0
-1.180000 0.758000 -0.939000 6 0
-1.164000 0.678000 -0.942000 5 0
-1.231000 0.978000 -0.966000 6 0
-1.211000 0.891000 -0.965000 6 0
-1.189000 0.802000 -0.959000 5 0
-1.170000 0.717000 -0.957000 5 0
-1.194000 0.994000 -0.956000 8 0
-1.209000 0.932000 -0.980000 5 0
-1.198000 0.848000 -0.979000 6 0
-1.182000 0.761000 -0.977000 6 0
-1.162000 1.013000 -0.950000 8 0
-1.220000 0.985000 -1.006000 7 0
-1.206000 0.895000 -1.000000 6 0
-1.197000 0.809000 -1.001000 5 0
-1.186000 1.082000 -0.990000 25 0
-1.179000 0.997000 -0.990000 8 0
-1.224000 0.951000 -1.030000 5 0
-1.204000 0.853000 -1.019000 5 0
-1.194000 1.141000 -1.020000 56 0
-1.162000 1.028000 -0.994000 6 0
-1.215000 0.990000 -1.040000 7 0
-1.209000 0.898000 -1.037000 6 0
-1.208000 1.207000 -1.055000 49 0
-1.188000 1.100000 -1.037000 40 1
-1.171000 0.998000 -1.020000 7 0
-1.219000 0.949000 -1.060000 5 0
-1.225000 1.281000 -1.096000 55 0
-1.198000 1.161000 -1.068000 48 0
-1.168000 1.042000 -1.035000 7 0
-1.210000 0.987000 -1.068000 7 0
-1.242000 1.359000 -1.140000 55 0
-1.211000 1.227000 -1.104000 54 0
-1.188000 1.108000 -1.072000 50 0
-1.176000 1.004000 -1.055000 8 0
-1.254000 1.436000 -1.182000 51 0
-1.228000 1.302000 -1.145000 49 0
-1.201000 1.172000 -1.106000 57 0
-1.174000 1.049000 -1.070000 8 0
-1.256000 1.506000 -1.217000 41 0
-1.244000 1.379000 -1.188000 49 0
-1.213000 1.239000 -1.140000 52 0
-1.190000 1.112000 -1.104000 49 0
-1.254000 1.574000 -1.250000 19 0
-1.243000 1.442000 -1.217000 41 0
-1.228000 1.311000 -1.179000 54 0
-1.198000 1.172000 -1.132000 51 0
-1.215000 1.597000 -1.248000 18 0
-1.245000 1.512000 -1.252000 19 0
-1.233000 1.377000 -1.211000 44 0
-1.216000 1.244000 -1.171000 53 0
-1.177000 1.623000 -1.248000 18 0
-1.210000 1.539000 -1.251000 18 0
-1.240000 1.450000 -1.248000 25 0
-1.219000 1.305000 -1.198000 48 0
-1.136000 1.642000 -1.244000 18 0
-1.175000 1.565000 -1.250000 16 0
-1.213000 1.485000 -1.252000 16 0
-1.232000 1.381000 -1.237000 40 0
-1.096000 1.663000 -1.243000 17 0
-1.137000 1.587000 -1.246000 16 0
-1.182000 1.515000 -1.252000 17 0
-1.220000 1.432000 -1.253000 16 0
-1.143000 0.573000 -0.780000 8 0
-1.142000 0.524000 -0.809000 1 0
-1.118000 0.463000 -0.820000 8 0
-1.107000 0.405000 -0.842000 8 0
-1.154000 0.612000 -0.798000 1 0
-1.141000 0.555000 -0.817000 7 0
-1.133000 0.498000 -0.838000 1 0
-1.120000 0.438000 -0.857000 1 0
-1.164000 0.653000 -0.816000 7 0
-1.157000 0.596000 -0.837000 1 0
-1.131000 0.529000 -0.844000 8 0
-1.120000 0.467000 -0.862000 7 0
-1.170000 0.692000 -0.831000 0 0
-1.153000 0.628000 -0.844000 7 0
-1.148000 0.568000 -0.864000 1 0
-1.134000 0.502000 -0.879000 0 0
-1.177000 0.732000 -0.849000 7 0
-1.175000 0.675000 -0.871000 1 0
-1.144000 0.598000 -0.869000 7 0
-1.131000 0.531000 -0.883000 7 0
-1.187000 0.777000 -0.869000 7 0
-1.169000 0.707000 -0.878000 6 0
-1.165000 0.642000 -0.895000 0 0
-1.144000 0.568000 -0.901000 0 0
-1.191000 0.820000 -0.887000 7 0
-1.179000 0.749000 -0.897000 7 0
-1.163000 0.676000 -0.903000 6 0
-1.150000 0.604000 -0.913000 6 0
-1.203000 0.870000 -0.911000 6 0
-1.185000 0.791000 -0.915000 5 0
-1.167000 0.714000 -0.917000 6 0
-1.155000 0.639000 -0.925000 6 0
-1.211000 0.918000 -0.933000 6 0
-1.198000 0.840000 -0.940000 6 0
-1.180000 0.758000 -0.939000 6 0
-1.164000 0.678000 -0.942000 5 0
-1.231000 0.978000 -0.966000 6 0
-1.211000 0.891000 -0.965000 6 0
-1.189000 0.802000 -0.959000 5 0
-1.170000 0.717000 -0.957000 5 0
-1.194000 0.994000 -0.956000 8 0
-1.209000 0.932000 -0.980000 5 0
-1.198000 0.848000 -0.979000 6 0
-1.182000 0.761000 -0.977000 6 0
-1.162000 1.013000 -0.950000 8 0
-1.220000 0.985000 -1.006000 7 0
-1.206000 0.895000 -1.000000 6 0
-1.197000 0.809000 -1.001000 5 0
-1.186000 1.082000 -0.990000 25 0
-1.179000 0.997000 -0.990000 8 0
-1.224000 0.951000 -1.030000 5 0
-1.204000 0.853000 -1.019000 5 0
-1.194000 1.141000 -1.020000 56 0
-1.162000 1.028000 -0.994000 6 0
-1.215000 0.990000 -1.040000 7 0
-1.209000 0.898000 -1.037000 6 0
-1.208000 1.207000 -1.055000 49 0
-1.188000 1.100000 -1.037000 40 1
-1.171000 0.998000 -1.020000 7 0
-1.219000 0.949000 -1.060000 5 0
-1.225000 1.281000 -1.096000 55 0
-1.198000 1.161000 -1.068000 48 0
-1.168000 1.042000 -1.035000 7 0
-1.210000 0.987000 -1.068000 7 0
-1.242000 1.359000 -1.140000 55 0
-1.211000 1.227000 -1.104000 54 0
-1.188000 1.108000 -1.072000 50 0
-1.176000 1.004000 -1.055000 8 0
-1.254000 1.436000 -1.182000 51 0
-1.228000 1.302000 -1.145000 49 0
-1.201000 1.172000 -1.106000 57 0
-1.174000 1.049000 -1.070000 8 0
-1.256000 1.506000 -1.217000 41 0
-1.244000 1.379000 -1.188000 49 0
-1.213000 1.239000 -1.140000 52 0
-1.190000 1.112000 -1.104000 49 0
-1.254000 1.574000 -1.250000 19 0
-1.243000 1.442000 -1.217000 41 0
-1.228000 1.311000 -1.179000 54 0
-1.198000 1.172000 -1.132000 51 0
-1.215000 1.597000 -1.248000 18 0
-1.245000 1.512000 -1.252000 19 0
-1.233000 1.377000 -1.211000 44 0
-1.216000 1.244000 -1.171000 53 0
-1.177000 1.623000 -1.248000 18 0
-1.210000 1.539000 -1.251000 18 0
-1.240000 1.450000 -1.248000 25 0
-1.219000 1.305000 -1.198000 48 0
-1.136000 1.642000 -1.244000 18 0
-1.175000 1.565000 -1.250000 16 0
-1.213000 1.485000 -1.252000 16 0
-1.232000 1.381000 -1.237000 40 0
-1.096000 1.663000 -1.243000 17 0
-1.137000 1.587000 -1.246000 16 0
-1.182000 1.515000 -1.252000 17 0
-1.220000 1.432000 -1.253000 16 0
-1.058000 1.686000 -1.243000 16 0
-1.100000 1.611000 -1.245000 16 0
-1.144000 1.538000 -1.246000 16 0
-1.190000 1.463000 -1.252000 17 0
-1.018000 1.705000 -1.242000 17 0
-1.061000 1.631000 -1.241000 17 0
-1.111000 1.566000 -1.246000 16 0
-1.158000 1.492000 -1.250000 15 0
-0.975000 1.720000 -1.238000 18 0
-1.024000 1.654000 -1.240000 17 0
-1.076000 1.592000 -1.245000 16 0
-1.126000 1.521000 -1.248000 16 0
-0.936000 1.740000 -1.238000 18 0
-0.989000 1.680000 -1.242000 17 0
-1.039000 1.615000 -1.242000 15 0
-1.093000 1.550000 -1.246000 16 0
-0.894000 1.756000 -1.236000 18 0
-0.947000 1.696000 -1.237000 16 0
-1.004000 1.641000 -1.241000 17 0
-1.059000 1.578000 -1.244000 16 0
-0.853000 1.770000 -1.234000 20 0
-0.910000 1.718000 -1.238000 17 0
-0.968000 1.665000 -1.240000 16 0
-1.024000 1.604000 -1.241000 15 0
-0.813000 1.787000 -1.235000 20 0
-0.870000 1.734000 -1.235000 18 0
-0.930000 1.687000 -1.238000 16 0
-0.990000 1.632000 -1.241000 16 0
-0.771000 1.801000 -1.234000 21 0
-0.830000 1.751000 -1.233000 18 0
-0.893000 1.710000 -1.237000 17 0
-0.955000 1.659000 -1.239000 16 0
-0.727000 1.807000 -1.228000 19 0
-0.789000 1.767000 -1.231000 18 0
-0.854000 1.731000 -1.235000 17 0
-0.918000 1.684000 -1.237000 16 0
-0.687000 1.823000 -1.229000 19 0
-0.751000 1.788000 -1.233000 18 0
-0.817000 1.754000 -1.235000 18 0
-0.882000 1.710000 -1.237000 17 0
-0.645000 1.833000 -1.228000 18 0
-0.710000 1.802000 -1.230000 17 0
-0.776000 1.771000 -1.232000 19 0
-0.846000 1.739000 -1.239000 18 0
-0.603000 1.844000 -1.227000 19 0
-0.669000 1.814000 -1.228000 18 0
-0.736000 1.790000 -1.230000 19 0
-0.806000 1.758000 -1.234000 17 0
-0.560000 1.849000 -1.223000 19 0
-0.628000 1.829000 -1.227000 19 0
-0.695000 1.805000 -1.228000 19 0
-0.767000 1.782000 -1.233000 18 0
-0.519000 1.858000 -1.223000 19 0
-0.587000 1.843000 -1.227000 18 0
-0.655000 1.824000 -1.227000 17 0
-0.728000 1.807000 -1.234000 19 0
-0.477000 1.865000 -1.222000 17 0
-0.545000 1.851000 -1.224000 19 0
-0.614000 1.841000 -1.226000 18 0
-0.687000 1.824000 -1.230000 16 0
-0.436000 1.873000 -1.221000 17 0
-0.504000 1.867000 -1.225000 17 0
-0.573000 1.856000 -1.225000 19 0
-0.645000 1.845000 -1.229000 18 0
-0.394000 1.879000 -1.221000 17 0
-0.461000 1.872000 -1.221000 23 0
-0.530000 1.869000 -1.222000 19 0
-0.603000 1.863000 -1.227000 19 0
-0.351000 1.877000 -1.215000 16 0
-0.420000 1.882000 -1.221000 24 0
-0.489000 1.885000 -1.223000 16 0
-0.561000 1.880000 -1.224000 18 0
-0.310000 1.883000 -1.216000 16 0
-0.378000 1.891000 -1.220000 18 0
-0.445000 1.894000 -1.219000 15 0
-0.518000 1.899000 -1.224000 17 0
-0.269000 1.887000 -1.216000 16 0
-0.334000 1.891000 -1.214000 20 0
-0.403000 1.907000 -1.218000 16 0
-0.475000 1.915000 -1.222000 16 0
-0.227000 1.886000 -1.213000 17 0
-0.292000 1.901000 -1.215000 17 0
-0.359000 1.917000 -1.217000 16 0
-0.431000 1.930000 -1.220000 16 0
-0.185000 1.882000 -1.209000 17 0
-0.250000 1.908000 -1.215000 17 0
-0.315000 1.922000 -1.212000 17 0
-0.386000 1.943000 -1.218000 16 0
-0.144000 1.888000 -1.211000 16 0
-0.207000 1.905000 -1.210000 17 0
-0.272000 1.935000 -1.213000 17 0
-0.341000 1.959000 -1.218000 16 0
-0.103000 1.888000 -1.211000 8 0
-0.164000 1.912000 -1.210000 16 0
-0.228000 1.945000 -1.214000 15 0
-0.294000 1.961000 -1.210000 16 0
-1.058000 1.686000 -1.243000 16 0
-1.100000 1.611000 -1.245000 16 0
-1.144000 1.538000 -1.246000 16 0
-1.190000 1.463000 -1.252000 17 0
-1.018000 1.705000 -1.242000 17 0
-1.061000 1.631000 -1.241000 17 0
-1.111000 1.566000 -1.246000 16 0
-1.158000 1.492000 -1.250000 15 0
-0.975000 1.720000 -1.238000 18 0
-1.024000 1.654000 -1.240000 17 0
-1.076000 1.592000 -1.245000 16 0
-1.126000 1.521000 -1.248000 16 0
-0.936000 1.740000 -1.238000 18 0
-0.989000 1.680000 -1.242000 17 0
-1.039000 1.615000 -1.242000 15 0
-1.093000 1.550000 -1.246000 16 0
-0.894000 1.756000 -1.236000 18 0
-0.947000 1.696000 -1.237000 16 0
-1.004000 1.641000 -1.241000 17 0
-1.059000 1.578000 -1.244000 16 0
-0.853000 1.770000 -1.234000 20 0
-0.910000 1.718000 -1.238000 17 0
-0.968000 1.665000 -1.240000 16 0
-1.024000 1.604000 -1.241000 15 0
-0.813000 1.787000 -1.235000 20 0
-0.870000 1.734000 -1.235000 18 0
-0.930000 1.687000 -1.238000 16 0
-0.990000 1.632000 -1.241000 16 0
-0.771000 1.801000 -1.234000 21 0
-0.830000 1.751000 -1.233000 18 0
-0.893000 1.710000 -1.237000 17 0
-0.955000 1.659000 -1.239000 16 0
-0.727000 1.807000 -1.228000 19 0
-0.789000 1.767000 -1.231000 18 0
-0.854000 1.731000 -1.235000 17 0
-0.918000 1.684000 -1.237000 16 0
-0.687000 1.823000 -1.229000 19 0
-0.751000 1.788000 -1.233000 18 0
-0.817000 1.754000 -1.235000 18 0
-0.882000 1.710000 -1.237000 17 0
-0.645000 1.833000 -1.228000 18 0
-0.710000 1.802000 -1.230000 17 0
-0.776000 1.771000 -1.232000 19 0
-0.846000 1.739000 -1.239000 18 0
-0.603000 1.844000 -1.227000 19 0
-0.669000 1.814000 -1.228000 18 0
-0.736000 1.790000 -1.230000 19 0
-0.806000 1.758000 -1.234000 17 0
-0.560000 1.849000 -1.223000 19 0
-0.628000 1.829000 -1.227000 19 0
-0.695000 1.805000 -1.228000 19 0
-0.767000 1.782000 -1.233000 18 0
-0.519000 1.858000 -1.223000 19 0
-0.587000 1.843000 -1.227000 18 0
-0.655000 1.824000 -1.227000 17 0
-0.728000 1.807000 -1.234000 19 0
-0.477000 1.865000 -1.222000 17 0
-0.545000 1.851000 -1.224000 19 0
-0.614000 1.841000 -1.226000 18 0
-0.687000 1.824000 -1.230000 16 0
-0.436000 1.873000 -1.221000 17 0
-0.504000 1.867000 -1.225000 17 0
-0.573000 1.856000 -1.225000 19 0
-0.645000 1.845000 -1.229000 18 0
-0.394000 1.879000 -1.221000 17 0
-0.461000 1.872000 -1.221000 23 0
-0.530000 1.869000 -1.222000 19 0
-0.603000 1.863000 -1.227000 19 0
-0.351000 1.877000 -1.215000 16 0
-0.420000 1.882000 -1.221000 24 0
-0.489000 1.885000 -1.223000 16 0
-0.561000 1.880000 -1.224000 18 0
-0.310000 1.883000 -1.216000 16 0
-0.378000 1.891000 -1.220000 18 0
-0.445000 1.894000 -1.219000 15 0
-0.518000 1.899000 -1.224000 17 0
-0.269000 1.887000 -1.216000 16 0
-0.334000 1.891000 -1.214000 20 0
-0.403000 1.907000 -1.218000 16 0
-0.475000 1.915000 -1.222000 16 0
-0.227000 1.886000 -1.213000 17 0
-0.292000 1.901000 -1.215000 17 0
-0.359000 1.917000 -1.217000 16 0
-0.431000 1.930000 -1.220000 16 0
-0.185000 1.882000 -1.209000 17 0
-0.250000 1.908000 -1.215000 17 0
-0.315000 1.922000 -1.212000 17 0
-0.386000 1.943000 -1.218000 16 0
-0.144000 1.888000 -1.211000 16 0
-0.207000 1.905000 -1.210000 17 0
-0.272000 1.935000 -1.213000 17 0
-0.341000 1.959000 -1.218000 16 0
-0.103000 1.888000 -1.211000 8 0
-0.164000 1.912000 -1.210000 16 0
-0.228000 1.945000 -1.214000 15 0
-0.294000 1.961000 -1.210000 16 0
0.000000 -0.000000 -0.000000 0 0
-0.122000 1.922000 -1.214000 12 0
-0.183000 1.947000 -1.209000 17 0
-0.249000 1.980000 -1.213000 17 0
0.000000 -0.000000 -0.000000 0 128
0.000000 -0.000000 -0.000000 0 0
-0.139000 1.959000 -1.211000 13 0
-0.203000 1.990000 -1.211000 15 0
0.000000 -0.000000 -0.000000 0 128
0.000000 -0.000000 -0.000000 0 128
-0.094000 1.957000 -1.206000 1 0
-0.156000 1.997000 -1.208000 15 0
0.000000 -0.000000 -0.000000 0 192
0.000000 -0.000000 -0.000000 0 128
0.000000 -0.000000 -0.000000 0 0
-0.109000 2.011000 -1.210000 3 0
0.000000 -0.000000 -0.000000 0 128
0.000000 -0.000000 -0.000000 0 128
0.000000 -0.000000 -0.000000 0 128
0.000000 -0.000000 -0.000000 0 0
0.000000 -0.000000 -0.000000 0 128
0.000000 -0.000000 -0.000000 0 128
0.000000 -0.000000 -0.000000 0 128
0.000000 -0.000000 -0.000000 0 128
0.000000 -0.000000 -0.000000 0 128
0.000000 -0.000000 -0.000000 0 128
0.000000 -0.000000 -0.000000 0 128
0.000000 -0.000000 -0.000000 0 128
0.000000 -0.000000 -0.000000 0 128
0.000000 -0.000000 -0.000000 0 128
0.000000 -0.000000 -0.000000 0 128
0.000000 -0.000000 -0.000000 0 192
0.211000 1.509000 -0.983000 21 0
0.000000 -0.000000 -0.000000 0 128
0.000000 -0.000000 -0.000000 0 128
0.000000 -0.000000 -0.000000 0 128
0.243000 1.502000 -0.982000 24 0
0.215000 1.580000 -0.998000 36 0
0.188000 1.669000 -1.018000 3 0
0.000000 -0.000000 -0.000000 0 128
0.275000 1.496000 -0.983000 25 0
0.247000 1.553000 -0.984000 31 0
0.217000 1.594000 -0.973000 33 0
0.186000 1.665000 -0.981000 4 0
0.307000 1.490000 -0.983000 25 0
0.281000 1.547000 -0.983000 27 0
0.253000 1.586000 -0.969000 44 0
0.217000 1.596000 -0.940000 41 0
0.338000 1.481000 -0.982000 26 0
0.315000 1.538000 -0.981000 25 0
0.291000 1.591000 -0.974000 47 0
0.255000 1.587000 -0.934000 45 0
0.368000 1.469000 -0.980000 28 0
0.348000 1.528000 -0.978000 24 0
0.329000 1.588000 -0.974000 43 0
0.296000 1.599000 -0.942000 48 0
0.399000 1.458000 -0.978000 25 0
0.383000 1.523000 -0.980000 23 0
0.367000 1.588000 -0.977000 32 0
0.336000 1.603000 -0.945000 47 0
0.430000 1.451000 -0.980000 27 0
0.416000 1.513000 -0.978000 23 0
0.403000 1.576000 -0.973000 25 0
0.379000 1.614000 -0.953000 43 0
0.460000 1.438000 -0.978000 26 0
0.450000 1.506000 -0.978000 24 0
0.439000 1.567000 -0.971000 26 0
0.423000 1.622000 -0.961000 46 0
0.488000 1.422000 -0.975000 27 0
0.482000 1.493000 -0.976000 23 0
0.477000 1.562000 -0.972000 21 0
0.466000 1.630000 -0.968000 46 0
0.518000 1.411000 -0.974000 26 0
0.515000 1.481000 -0.974000 25 0
0.511000 1.547000 -0.968000 26 0
0.512000 1.639000 -0.977000 40 0
0.548000 1.401000 -0.976000 28 0
0.550000 1.475000 -0.977000 25 0
0.551000 1.547000 -0.974000 19 0
0.550000 1.622000 -0.971000 27 0
0.578000 1.388000 -0.975000 30 0
0.583000 1.464000 -0.977000 21 0
0.590000 1.543000 -0.977000 14 0
0.591000 1.615000 -0.972000 27 0
0.608000 1.377000 -0.977000 23 0
0.618000 1.457000 -0.980000 21 0
0.628000 1.534000 -0.978000 19 0
0.632000 1.608000 -0.973000 31 0
0.637000 1.364000 -0.977000 16 0
0.649000 1.441000 -0.978000 23 0
0.645000 1.478000 -0.950000 10 0
0.621000 1.473000 -0.897000 11 1
0.662000 1.342000 -0.971000 16 0
0.678000 1.421000 -0.974000 18 0
0.667000 1.437000 -0.931000 13 0
0.641000 1.426000 -0.874000 15 0
0.000000 -0.000000 -0.000000 0 0
-0.122000 1.922000 -1.214000 12 0
-0.183000 1.947000 -1.209000 17 0
-0.249000 1.980000 -1.213000 17 0
0.000000 -0.000000 -0.000000 0 128
0.000000 -0.000000 -0.000000 0 0
-0.139000 1.959000 -1.211000 13 0
-0.203000 1.990000 -1.211000 15 0
0.000000 -0.000000 -0.000000 0 128
0.000000 -0.000000 -0.000000 0 128
-0.094000 1.957000 -1.206000 1 0
-0.156000 1.997000 -1.208000 15 0
0.000000 -0.000000 -0.000000 0 192
0.000000 -0.000000 -0.000000 0 128
0.000000 -0.000000 -0.000000 0 0
-0.109000 2.011000 -1.210000 3 0
0.000000 -0.000000 -0.000000 0 128
0.000000 -0.000000 -0.000000 0 128
0.000000 -0.000000 -0.000000 0 128
0.000000 -0.000000 -0.000000 0 0
0.000000 -0.000000 -0.000000 0 128
0.000000 -0.000000 -0.000000 0 128
0.000000 -0.000000 -0.000000 0 128
0.000000 -0.000000 -0.000000 0 128
0.000000 -0.000000 -0.000000 0 128
0.000000 -0.000000 -0.000000 0 128
0.000000 -0.000000 -0.000000 0 128
0.000000 -0.000000 -0.000000 0 128
0.000000 -0.000000 -0.000000 0 128
0.000000 -0.000000 -0.000000 0 128
0.000000 -0.000000 -0.000000 0 128
0.000000 -0.000000 -0.000000 0 192
0.211000 1.509000 -0.983000 21 0
0.000000 -0.000000 -0.000000 0 128
0.000000 -0.000000 -0.000000 0 128
0.000000 -0.000000 -0.000000 0 128
0.243000 1.502000 -0.982000 24 0
0.215000 1.580000 -0.998000 36 0
0.188000 1.669000 -1.018000 3 0
0.000000 -0.000000 -0.000000 0 128
0.275000 1.496000 -0.983000 25 0
0.247000 1.553000 -0.984000 31 0
0.217000 1.594000 -0.973000 33 0
0.186000 1.665000 -0.981000 4 0
0.307000 1.490000 -0.983000 25 0
0.281000 1.547000 -0.983000 27 0
0.253000 1.586000 -0.969000 44 0
0.217000 1.596000 -0.940000 41 0
0.338000 1.481000 -0.982000 26 0
0.315000 1.538000 -0.981000 25 0
0.291000 1.591000 -0.974000 47 0
0.255000 1.587000 -0.934000 45 0
0.368000 1.469000 -0.980000 28 0
0.348000 1.528000 -0.978000 24 0
0.329000 1.588000 -0.974000 43 0
0.296000 1.599000 -0.942000 48 0
0.399000 1.458000 -0.978000 25 0
0.383000 1.523000 -0.980000 23 0
0.367000 1.588000 -0.977000 32 0
0.336000 1.603000 -0.945000 47 0
0.430000 1.451000 -0.980000 27 0
0.416000 1.513000 -0.978000 23 0
0.403000 1.576000 -0.973000 25 0
0.379000 1.614000 -0.953000 43 0
0.460000 1.438000 -0.978000 26 0
0.450000 1.506000 -0.978000 24 0
0.439000 1.567000 -0.971000 26 0
0.423000 1.622000 -0.961000 46 0
0.488000 1.422000 -0.975000 27 0
0.482000 1.493000 -0.976000 23 0
0.477000 1.562000 -0.972000 21 0
0.466000 1.630000 -0.968000 46 0
0.518000 1.411000 -0.974000 26 0
0.515000 1.481000 -0.974000 25 0
0.511000 1.547000 -0.968000 26 0
0.512000 1.639000 -0.977000 40 0
0.548000 1.401000 -0.976000 28 0
0.550000 1.475000 -0.977000 25 0
0.551000 1.547000 -0.974000 19 0
0.550000 1.622000 -0.971000 27 0
0.578000 1.388000 -0.975000 30 0
0.583000 1.464000 -0.977000 21 0
0.590000 1.543000 -0.977000 14 0
0.591000 1.615000 -0.972000 27 0
0.608000 1.377000 -0.977000 23 0
0.618000 1.457000 -0.980000 21 0
0.628000 1.534000 -0.978000 19 0
0.632000 1.608000 -0.973000 31 0
0.637000 1.364000 -0.977000 16 0
0.649000 1.441000 -0.978000 23 0
0.645000 1.478000 -0.950000 10 0
0.621000 1.473000 -0.897000 11 1
0.662000 1.342000 -0.971000 16 0
0.678000 1.421000 -0.974000 18 0
0.667000 1.437000 -0.931000 13 0
0.641000 1.426000 -0.874000 15 0
0.690000 1.328000 -0.971000 25 0
0.709000 1.404000 -0.971000 22 0
0.694000 1.410000 -0.922000 18 0
0.677000 1.412000 -0.873000 19 0
0.723000 1.323000 -0.979000 33 0
0.741000 1.390000 -0.972000 19 0
0.729000 1.397000 -0.922000 15 0
0.714000 1.403000 -0.875000 20 0
0.767000 1.335000 -1.000000 30 0
0.771000 1.372000 -0.970000 22 0
0.771000 1.398000 -0.933000 11 0
0.759000 1.407000 -0.885000 13 0
0.811000 1.345000 -1.019000 29 0
0.799000 1.352000 -0.967000 28 0
0.833000 1.431000 -0.965000 24 0
0.852000 1.491000 -0.948000 15 0
0.857000 1.357000 -1.042000 28 0
0.841000 1.353000 -0.980000 28 0
0.866000 1.412000 -0.963000 24 0
0.898000 1.488000 -0.957000 34 0
0.908000 1.372000 -1.068000 29 0
0.893000 1.368000 -1.004000 27 0
0.897000 1.389000 -0.959000 23 0
1.135000 1.783000 -1.160000 18 2
1.029000 1.485000 -1.173000 14 0
1.009000 1.474000 -1.096000 106 0
0.952000 1.402000 -0.981000 75 0
1.185000 1.765000 -1.163000 14 0
1.064000 1.468000 -1.176000 14 0
1.112000 1.551000 -1.170000 13 0
1.167000 1.637000 -1.162000 13 0
1.231000 1.742000 -1.163000 14 0
1.090000 1.440000 -1.171000 13 0
1.143000 1.521000 -1.165000 13 0
1.209000 1.614000 -1.163000 14 0
1.272000 1.710000 -1.159000 12 0
1.117000 1.413000 -1.168000 10 0
1.179000 1.499000 -1.166000 6 0
1.245000 1.585000 -1.160000 4 0
1.314000 1.681000 -1.157000 2 0
1.148000 1.391000 -1.170000 2 0
0.000000 -0.000000 -0.000000 0 0
0.000000 -0.000000 -0.000000 0 0
0.000000 -0.000000 -0.000000 0 0
0.000000 -0.000000 -0.000000 0 0
0.000000 -0.000000 -0.000000 0 128
0.000000 -0.000000 -0.000000 0 128
0.000000 -0.000000 -0.000000 0 128
0.000000 -0.000000 -0.000000 0 128
0.000000 -0.000000 -0.000000 0 128
0.000000 -0.000000 -0.000000 0 128
0.000000 -0.000000 -0.000000 0 128
0.000000 -0.000000 -0.000000 0 128
0.000000 -0.000000 -0.000000 0 0
0.000000 -0.000000 -0.000000 0 0
0.000000 -0.000000 -0.000000 0 128
0.000000 -0.000000 -0.000000 0 128
0.000000 -0.000000 -0.000000 0 0
0.000000 -0.000000 -0.000000 0 0
0.000000 -0.000000 -0.000000 0 128
0.000000 -0.000000 -0.000000 0 128
0.000000 -0.000000 -0.000000 0 128
0.000000 -0.000000 -0.000000 0 0
0.000000 -0.000000 -0.000000 0 128
0.000000 -0.000000 -0.000000 0 128
0.000000 -0.000000 -0.000000 0 128
0.000000 -0.000000 -0.000000 0 0
0.000000 -0.000000 -0.000000 0 128
0.000000 -0.000000 -0.000000 0 128
0.000000 -0.000000 -0.000000 0 128
0.000000 -0.000000 -0.000000 0 0
0.000000 -0.000000 -0.000000 0 128
0.000000 -0.000000 -0.000000 0 128
0.000000 -0.000000 -0.000000 0 128
0.000000 -0.000000 -0.000000 0 0
0.000000 -0.000000 -0.000000 0 128
0.000000 -0.000000 -0.000000 0 128
0.000000 -0.000000 -0.000000 0 128
0.000000 -0.000000 -0.000000 0 128
0.000000 -0.000000 -0.000000 0 128
0.000000 -0.000000 -0.000000 0 128
0.000000 -0.000000 -0.000000 0 128
0.000000 -0.000000 -0.000000 0 128
0.000000 -0.000000 -0.000000 0 128
0.000000 -0.000000 -0.000000 0 128
0.000000 -0.000000 -0.000000 0 0
0.000000 -0.000000 -0.000000 0 0
0.000000 -0.000000 -0.000000 0 128
0.000000 -0.000000 -0.000000 0 128
0.000000 -0.000000 -0.000000 0 0
0.000000 -0.000000 -0.000000 0 0
0.000000 -0.000000 -0.000000 0 128
0.000000 -0.000000 -0.000000 0 128
0.000000 -0.000000 -0.000000 0 128
0.000000 -0.000000 -0.000000 0 128
0.000000 -0.000000 -0.000000 0 128
0.690000 1.328000 -0.971000 25 0
0.709000 1.404000 -0.971000 22 0
0.694000 1.410000 -0.922000 18 0
0.677000 1.412000 -0.873000 19 0
0.723000 1.323000 -0.979000 33 0
0.741000 1.390000 -0.972000 19 0
0.729000 1.397000 -0.922000 15 0
0.714000 1.403000 -0.875000 20 0
0.767000 1.335000 -1.000000 30 0
0.771000 1.372000 -0.970000 22 0
0.771000 1.398000 -0.933000 11 0
0.759000 1.407000 -0.885000 13 0
0.811000 1.345000 -1.019000 29 0
0.799000 1.352000 -0.967000 28 0
0.833000 1.431000 -0.965000 24 0
0.852000 1.491000 -0.948000 15 0
0.857000 1.357000 -1.042000 28 0
0.841000 1.353000 -0.980000 28 0
0.866000 1.412000 -0.963000 24 0
0.898000 1.488000 -0.957000 34 0
0.908000 1.372000 -1.068000 29 0
0.893000 1.368000 -1.004000 27 0
0.897000 1.389000 -0.959000 23 0
1.135000 1.783000 -1.160000 18 2
1.029000 1.485000 -1.173000 14 0
1.009000 1.474000 -1.096000 106 0
0.952000 1.402000 -0.981000 75 0
1.185000 1.765000 -1.163000 14 0
1.064000 1.468000 -1.176000 14 0
1.112000 1.551000 -1.170000 13 0
1.167000 1.637000 -1.162000 13 0
1.231000 1.742000 -1.163000 14 0
1.090000 1.440000 -1.171000 13 0
1.143000 1.521000 -1.165000 13 0
1.209000 1.614000 -1.163000 14 0
1.272000 1.710000 -1.159000 12 0
1.117000 1.413000 -1.168000 10 0
1.179000 1.499000 -1.166000 6 0
1.245000 1.585000 -1.160000 4 0
1.314000 1.681000 -1.157000 2 0
1.148000 1.391000 -1.170000 2 0
0.000000 -0.000000 -0.000000 0 0
0.000000 -0.000000 -0.000000 0 0
0.000000 -0.000000 -0.000000 0 0
0.000000 -0.000000 -0.000000 0 0
0.000000 -0.000000 -0.000000 0 128
0.000000 -0.000000 -0.000000 0 128
0.000000 -0.000000 -0.000000 0 128
0.000000 -0.000000 -0.000000 0 128
0.000000 -0.000000 -0.000000 0 128
0.000000 -0.000000 -0.000000 0 128
0.000000 -0.000000 -0.000000 0 128
0.000000 -0.000000 -0.000000 0 128
0.000000 -0.000000 -0.000000 0 0
0.000000 -0.000000 -0.000000 0 0
0.000000 -0.000000 -0.000000 0 128
0.000000 -0.000000 -0.000000 0 128
0.000000 -0.000000 -0.000000 0 0
0.000000 -0.000000 -0.000000 0 0
0.000000 -0.000000 -0.000000 0 128
0.000000 -0.000000 -0.000000 0 128
0.000000 -0.000000 -0.000000 0 128
0.000000 -0.000000 -0.000000 0 0
0.000000 -0.000000 -0.000000 0 128
0.000000 -0.000000 -0.000000 0 128
0.000000 -0.000000 -0.000000 0 128
0.000000 -0.000000 -0.000000 0 0
0.000000 -0.000000 -0.000000 0 128
0.000000 -0.000000 -0.000000 0 128
0.000000 -0.000000 -0.000000 0 128
0.000000 -0.000000 -0.000000 0 0
0.000000 -0.000000 -0.000000 0 128
0.000000 -0.000000 -0.000000 0 128
0.000000 -0.000000 -0.000000 0 128
0.000000 -0.000000 -0.000000 0 0
0.000000 -0.000000 -0.000000 0 128
0.000000 -0.000000 -0.000000 0 128
0.000000 -0.000000 -0.000000 0 128
0.000000 -0.000000 -0.000000 0 128
0.000000 -0.000000 -0.000000 0 128
0.000000 -0.000000 -0.000000 0 128
0.000000 -0.000000 -0.000000 0 128
0.000000 -0.000000 -0.000000 0 128
0.000000 -0.000000 -0.000000 0 128
0.000000 -0.000000 -0.000000 0 128
0.000000 -0.000000 -0.000000 0 0
0.000000 -0.000000 -0.000000 0 0
0.000000 -0.000000 -0.000000 0 128
0.000000 -0.000000 -0.000000 0 128
0.000000 -0.000000 -0.000000 0 0
0.000000 -0.000000 -0.000000 0 0
0.000000 -0.000000 -0.000000 0 128
0.000000 -0.000000 -0.000000 0 128
0.000000 -0.000000 -0.000000 0 128
0.000000 -0.000000 -0.000000 0 128
0.000000 -0.000000 -0.000000 0 128
0.000000 -0.000000 -0.000000 0 128
0.000000 -0.000000 -0.000000 0 128
0.000000 -0.000000 -0.000000 0 128
0.000000 -0.000000 -0.000000 0 128
0.000000 -0.000000 -0.000000 0 128
0.000000 -0.000000 -0.000000 0 0
0.000000 -0.000000 -0.000000 0 0
0.000000 -0.000000 -0.000000 0 0
0.000000 -0.000000 -0.000000 0 128
0.000000 -0.000000 -0.000000 0 0
0.000000 -0.000000 -0.000000 0 0
0.000000 -0.000000 -0.000000 0 0
0.000000 -0.000000 -0.000000 0 128
0.000000 -0.000000 -0.000000 0 0
0.000000 -0.000000 -0.000000 0 0
0.000000 -0.000000 -0.000000 0 128
0.000000 -0.000000 -0.000000 0 0
0.000000 -0.000000 -0.000000 0 0
0.000000 -0.000000 -0.000000 0 0
0.000000 -0.000000 -0.000000 0 128
0.000000 -0.000000 -0.000000 0 0
0.000000 -0.000000 -0.000000 0 0
0.000000 -0.000000 -0.000000 0 0
0.000000 -0.000000 -0.000000 0 0
0.000000 -0.000000 -0.000000 0 0
0.000000 -0.000000 -0.000000 0 0
0.000000 -0.000000 -0.000000 0 0
0.000000 -0.000000 -0.000000 0 0
0.000000 -0.000000 -0.000000 0 0
0.000000 -0.000000 -0.000000 0 0
0.000000 -0.000000 -0.000000 0 0
0.000000 -0.000000 -0.000000 0 0
0.000000 -0.000000 -0.000000 0 128
0.000000 -0.000000 -0.000000 0 0
0.000000 -0.000000 -0.000000 0 0
0.000000 -0.000000 -0.000000 0 0
0.000000 -0.000000 -0.000000 0 128
0.000000 -0.000000 -0.000000 0 0
0.000000 -0.000000 -0.000000 0 0
0.000000 -0.000000 -0.000000 0 0
0.000000 -0.000000 -0.000000 0 0
0.000000 -0.000000 -0.000000 0 0
0.000000 -0.000000 -0.000000 0 0
0.000000 -0.000000 -0.000000 0 0
0.000000 -0.000000 -0.000000 0 0
0.000000 -0.000000 -0.000000 0 0
0.000000 -0.000000 -0.000000 0 0
0.000000 -0.000000 -0.000000 0 0
0.000000 -0.000000 -0.000000 0 0
0.000000 -0.000000 -0.000000 0 0
0.000000 -0.000000 -0.000000 0 0
0.000000 -0.000000 -0.000000 0 0
0.000000 -0.000000 -0.000000 0 0
0.000000 -0.000000 -0.000000 0 0
0.000000 -0.000000 -0.000000 0 0
0.000000 -0.000000 -0.000000 0 0
0.000000 -0.000000 -0.000000 0 0
0.000000 -0.000000 -0.000000 0 0
0.000000 -0.000000 -0.000000 0 0
0.000000 -0.000000 -0.000000 0 0
0.000000 -0.000000 -0.000000 0 0
0.000000 -0.000000 -0.000000 0 0
0.000000 -0.000000 -0.000000 0 0
0.000000 -0.000000 -0.000000 0 0
0.000000 -0.000000 -0.000000 0 0
0.000000 -0.000000 -0.000000 0 0
0.000000 -0.000000 -0.000000 0 0
0.000000 -0.000000 -0.000000 0 0
0.000000 -0.000000 -0.000000 0 0
0.000000 -0.000000 -0.000000 0 0
0.000000 -0.000000 -0.000000 0 0
0.000000 -0.000000 -0.000000 0 0
0.000000 -0.000000 -0.000000 0 0
0.000000 -0.000000 -0.000000 0 0
0.000000 -0.000000 -0.000000 0 0
0.000000 -0.000000 -0.000000 0 0
0.000000 -0.000000 -0.000000 0 0
0.000000 -0.000000 -0.000000 0 0
0.000000 -0.000000 -0.000000 0 0
0.000000 -0.000000 -0.000000 0 0
0.000000 -0.000000 -0.000000 0 0
0.000000 -0.000000 -0.000000 0 0
0.000000 -0.000000 -0.000000 0 0
0.000000 -0.000000 -0.000000 0 0
0.000000 -0.000000 -0.000000 0 0
0.000000 -0.000000 -0.000000 0 0
0.000000 -0.000000 -0.000000 0 0
0.000000 -0.000000 -0.000000 0 0
0.000000 -0.000000 -0.000000 0 128
0.000000 -0.000000 -0.000000 0 0
0.000000 -0.000000 -0.000000 0 0
0.000000 -0.000000 -0.000000 0 0
0.000000 -0.000000 -0.000000 0 128
0.000000 -0.000000 -0.000000 0 0
0.000000 -0.000000 -0.000000 0 0
0.000000 -0.000000 -0.000000 0 0
0.000000 -0.000000 -0.000000 0 128
0.000000 -0.000000 -0.000000 0 128
0.000000 -0.000000 -0.000000 0 128
0.000000 -0.000000 -0.000000 0 128
0.000000 -0.000000 -0.000000 0 128
0.000000 -0.000000 -0.000000 0 0
0.000000 -0.000000 -0.000000 0 0
0.000000 -0.000000 -0.000000 0 0
0.000000 -0.000000 -0.000000 0 128
0.000000 -0.000000 -0.000000 0 0
0.000000 -0.000000 -0.000000 0 0
0.000000 -0.000000 -0.000000 0 0
0.000000 -0.000000 -0.000000 0 128
0.000000 -0.000000 -0.000000 0 0
0.000000 -0.000000 -0.000000 0 0
0.000000 -0.000000 -0.000000 0 128
0.000000 -0.000000 -0.000000 0 0
0.000000 -0.000000 -0.000000 0 0
0.000000 -0.000000 -0.000000 0 0
0.000000 -0.000000 -0.000000 0 128
0.000000 -0.000000 -0.000000 0 0
0.000000 -0.000000 -0.000000 0 0
0.000000 -0.000000 -0.000000 0 0
0.000000 -0.000000 -0.000000 0 0
0.000000 -0.000000 -0.000000 0 0
0.000000 -0.000000 -0.000000 0 0
0.000000 -0.000000 -0.000000 0 0
0.000000 -0.000000 -0.000000 0 0
0.000000 -0.000000 -0.000000 0 0
0.000000 -0.000000 -0.000000 0 0
0.000000 -0.000000 -0.000000 0 0
0.000000 -0.000000 -0.000000 0 0
0.000000 -0.000000 -0.000000 0 128
0.000000 -0.000000 -0.000000 0 0
0.000000 -0.000000 -0.000000 0 0
0.000000 -0.000000 -0.000000 0 0
0.000000 -0.000000 -0.000000 0 128
0.000000 -0.000000 -0.000000 0 0
0.000000 -0.000000 -0.000000 0 0
0.000000 -0.000000 -0.000000 0 0
0.000000 -0.000000 -0.000000 0 0
0.000000 -0.000000 -0.000000 0 0
0.000000 -0.000000 -0.000000 0 0
0.000000 -0.000000 -0.000000 0 0
0.000000 -0.000000 -0.000000 0 0
0.000000 -0.000000 -0.000000 0 0
0.000000 -0.000000 -0.000000 0 0
0.000000 -0.000000 -0.000000 0 0
0.000000 -0.000000 -0.000000 0 0
0.000000 -0.000000 -0.000000 0 0
0.000000 -0.000000 -0.000000 0 0
0.000000 -0.000000 -0.000000 0 0
0.000000 -0.000000 -0.000000 0 0
0.000000 -0.000000 -0.000000 0 0
0.000000 -0.000000 -0.000000 0 0
0.000000 -0.000000 -0.000000 0 0
0.000000 -0.000000 -0.000000 0 0
0.000000 -0.000000 -0.000000 0 0
0.000000 -0.000000 -0.000000 0 0
0.000000 -0.000000 -0.000000 0 0
0.000000 -0.000000 -0.000000 0 0
0.000000 -0.000000 -0.000000 0 0
0.000000 -0.000000 -0.000000 0 0
0.000000 -0.000000 -0.000000 0 0
0.000000 -0.000000 -0.000000 0 0
0.000000 -0.000000 -0.000000 0 0
0.000000 -0.000000 -0.000000 0 0
0.000000 -0.000000 -0.000000 0 0
0.000000 -0.000000 -0.000000 0 0
0.000000 -0.000000 -0.000000 0 0
0.000000 -0.000000 -0.000000 0 0
0.000000 -0.000000 -0.000000 0 0
0.000000 -0.000000 -0.000000 0 0
0.000000 -0.000000 -0.000000 0 0
0.000000 -0.000000 -0.000000 0 0
0.000000 -0.000000 -0.000000 0 0
0.000000 -0.000000 -0.000000 0 0
0.000000 -0.000000 -0.000000 0 0
0.000000 -0.000000 -0.000000 0 0
0.000000 -0.000000 -0.000000 0 0
0.000000 -0.000000 -0.000000 0 0
0.000000 -0.000000 -0.000000 0 0
0.000000 -0.000000 -0.000000 0 0
0.000000 -0.000000 -0.000000 0 0
0.000000 -0.000000 -0.000000 0 0
0.000000 -0.000000 -0.000000 0 0
0.000000 -0.000000 -0.000000 0 0
0.000000 -0.000000 -0.000000 0 0
0.000000 -0.000000 -0.000000 0 128
0.000000 -0.000000 -0.000000 0 0
0.000000 -0.000000 -0.000000 0 0
0.000000 -0.000000 -0.000000 0 0
0.000000 -0.000000 -0.000000 0 128
0.000000 -0.000000 -0.000000 0 0
0.000000 -0.000000 -0.000000 0 0
0.000000 -0.000000 -0.000000 0 0
0.000000 -0.000000 -0.000000 0 0
0.000000 -0.000000 -0.000000 0 0
0.000000 -0.000000 -0.000000 0 0
0.000000 -0.000000 -0.000000 0 0
0.000000 -0.000000 -0.000000 0 0
0.000000 -0.000000 -0.000000 0 0
0.000000 -0.000000 -0.000000 0 0
0.000000 -0.000000 -0.000000 0 0
0.000000 -0.000000 -0.000000 0 128
0.000000 -0.000000 -0.000000 0 0
0.000000 -0.000000 -0.000000 0 0
0.000000 -0.000000 -0.000000 0 0
0.000000 -0.000000 -0.000000 0 128
0.000000 -0.000000 -0.000000 0 0
0.000000 -0.000000 -0.000000 0 0
0.000000 -0.000000 -0.000000 0 0
0.000000 -0.000000 -0.000000 0 128
0.000000 -0.000000 -0.000000 0 0
0.000000 -0.000000 -0.000000 0 0
0.000000 -0.000000 -0.000000 0 0
0.000000 -0.000000 -0.000000 0 128
0.000000 -0.000000 -0.000000 0 0
0.000000 -0.000000 -0.000000 0 0
0.000000 -0.000000 -0.000000 0 0
0.000000 -0.000000 -0.000000 0 0
0.000000 -0.000000 -0.000000 0 0
0.000000 -0.000000 -0.000000 0 0
0.000000 -0.000000 -0.000000 0 0
0.000000 -0.000000 -0.000000 0 0
0.000000 -0.000000 -0.000000 0 128
0.000000 -0.000000 -0.000000 0 0
0.000000 -0.000000 -0.000000 0 0
0.000000 -0.000000 -0.000000 0 128
0.000000 -0.000000 -0.000000 0 0
0.000000 -0.000000 -0.000000 0 0
0.000000 -0.000000 -0.000000 0 0
0.000000 -0.000000 -0.000000 0 128
0.000000 -0.000000 -0.000000 0 0
0.000000 -0.000000 -0.000000 0 0
0.000000 -0.000000 -0.000000 0 0
0.000000 -0.000000 -0.000000 0 0
0.000000 -0.000000 -0.000000 0 0
0.000000 -0.000000 -0.000000 0 0
0.000000 -0.000000 -0.000000 0 0
0.000000 -0.000000 -0.000000 0 0
1.004000 -0.211000 -0.578000 0 0
0.000000 -0.000000 -0.000000 0 0
0.000000 -0.000000 -0.000000 0 0
0.000000 -0.000000 -0.000000 0 0
0.000000 -0.000000 -0.000000 0 0
0.000000 -0.000000 -0.000000 0 0
0.000000 -0.000000 -0.000000 0 0
0.000000 -0.000000 -0.000000 0 0
0.000000 -0.000000 -0.000000 0 0
0.000000 -0.000000 -0.000000 0 0
0.000000 -0.000000 -0.000000 0 0
0.000000 -0.000000 -0.000000 0 0
0.000000 -0.000000 -0.000000 0 0
0.000000 -0.000000 -0.000000 0 0
0.000000 -0.000000 -0.000000 0 0
0.000000 -0.000000 -0.000000 0 0
0.000000 -0.000000 -0.000000 0 0
0.000000 -0.000000 -0.000000 0 0
0.000000 -0.000000 -0.000000 0 0
0.000000 -0.000000 -0.000000 0 128
0.000000 -0.000000 -0.000000 0 0
0.000000 -0.000000 -0.000000 0 0
0.000000 -0.000000 -0.000000 0 0
0.000000 -0.000000 -0.000000 0 128
0.000000 -0.000000 -0.000000 0 0
0.000000 -0.000000 -0.000000 0 0
0.000000 -0.000000 -0.000000 0 0
0.000000 -0.000000 -0.000000 0 0
0.000000 -0.000000 -0.000000 0 0
0.000000 -0.000000 -0.000000 0 0
0.000000 -0.000000 -0.000000 0 0
0.000000 -0.000000 -0.000000 0 128
0.000000 -0.000000 -0.000000 0 0
0.000000 -0.000000 -0.000000 0 0
0.000000 -0.000000 -0.000000 0 0
0.000000 -0.000000 -0.000000 0 128
0.000000 -0.000000 -0.000000 0 0
0.000000 -0.000000 -0.000000 0 0
0.000000 -0.000000 -0.000000 0 0
0.000000 -0.000000 -0.000000 0 128
0.000000 -0.000000 -0.000000 0 0
0.000000 -0.000000 -0.000000 0 0
0.000000 -0.000000 -0.000000 0 0
0.000000 -0.000000 -0.000000 0 128
0.000000 -0.000000 -0.000000 0 0
0.000000 -0.000000 -0.000000 0 0
0.000000 -0.000000 -0.000000 0 128
0.000000 -0.000000 -0.000000 0 128
0.000000 -0.000000 -0.000000 0 0
0.000000 -0.000000 -0.000000 0 0
0.000000 -0.000000 -0.000000 0 128
0.000000 -0.000000 -0.000000 0 0
0.000000 -0.000000 -0.000000 0 0
0.000000 -0.000000 -0.000000 0 0
0.000000 -0.000000 -0.000000 0 0
0.000000 -0.000000 -0.000000 0 0
0.000000 -0.000000 -0.000000 0 0
0.000000 -0.000000 -0.000000 0 0
0.000000 -0.000000 -0.000000 0 0
0.000000 -0.000000 -0.000000 0 128
0.000000 -0.000000 -0.000000 0 0
0.000000 -0.000000 -0.000000 0 0
0.000000 -0.000000 -0.000000 0 0
0.000000 -0.000000 -0.000000 0 128
0.000000 -0.000000 -0.000000 0 0
0.000000 -0.000000 -0.000000 0 0
0.000000 -0.000000 -0.000000 0 0
0.000000 -0.000000 -0.000000 0 128
0.000000 -0.000000 -0.000000 0 0
0.000000 -0.000000 -0.000000 0 0
0.000000 -0.000000 -0.000000 0 0
0.000000 -0.000000 -0.000000 0 128
0.000000 -0.000000 -0.000000 0 0
0.000000 -0.000000 -0.000000 0 0
0.000000 -0.000000 -0.000000 0 0
0.000000 -0.000000 -0.000000 0 0
0.000000 -0.000000 -0.000000 0 0
0.000000 -0.000000 -0.000000 0 0
0.000000 -0.000000 -0.000000 0 0
0.000000 -0.000000 -0.000000 0 0
0.000000 -0.000000 -0.000000 0 128
0.000000 -0.000000 -0.000000 0 0
0.000000 -0.000000 -0.000000 0 0
0.000000 -0.000000 -0.000000 0 128
0.000000 -0.000000 -0.000000 0 0
0.000000 -0.000000 -0.000000 0 0
0.000000 -0.000000 -0.000000 0 0
0.000000 -0.000000 -0.000000 0 128
0.000000 -0.000000 -0.000000 0 0
0.000000 -0.000000 -0.000000 0 0
0.000000 -0.000000 -0.000000 0 0
0.000000 -0.000000 -0.000000 0 0
0.000000 -0.000000 -0.000000 0 0
0.000000 -0.000000 -0.000000 0 0
0.000000 -0.000000 -0.000000 0 0
0.000000 -0.000000 -0.000000 0 0
1.004000 -0.211000 -0.578000 0 0
0.000000 -0.000000 -0.000000 0 0
0.000000 -0.000000 -0.000000 0 0
0.000000 -0.000000 -0.000000 0 0
0.000000 -0.000000 -0.000000 0 0
0.000000 -0.000000 -0.000000 0 0
0.000000 -0.000000 -0.000000 0 0
0.000000 -0.000000 -0.000000 0 0
0.000000 -0.000000 -0.000000 0 0
0.000000 -0.000000 -0.000000 0 0
0.000000 -0.000000 -0.000000 0 0
0.000000 -0.000000 -0.000000 0 0
0.000000 -0.000000 -0.000000 0 0
0.000000 -0.000000 -0.000000 0 0
0.000000 -0.000000 -0.000000 0 0
0.000000 -0.000000 -0.000000 0 0
0.000000 -0.000000 -0.000000 0 0
0.000000 -0.000000 -0.000000 0 0
0.000000 -0.000000 -0.000000 0 0
0.000000 -0.000000 -0.000000 0 128
0.000000 -0.000000 -0.000000 0 0
0.000000 -0.000000 -0.000000 0 0
0.000000 -0.000000 -0.000000 0 0
0.000000 -0.000000 -0.000000 0 128
0.000000 -0.000000 -0.000000 0 0
0.000000 -0.000000 -0.000000 0 0
0.000000 -0.000000 -0.000000 0 0
0.000000 -0.000000 -0.000000 0 0
0.000000 -0.000000 -0.000000 0 0
0.000000 -0.000000 -0.000000 0 0
0.000000 -0.000000 -0.000000 0 0
0.000000 -0.000000 -0.000000 0 128
0.000000 -0.000000 -0.000000 0 0
0.000000 -0.000000 -0.000000 0 0
0.000000 -0.000000 -0.000000 0 0
0.000000 -0.000000 -0.000000 0 128
0.000000 -0.000000 -0.000000 0 0
0.000000 -0.000000 -0.000000 0 0
0.000000 -0.000000 -0.000000 0 0
0.000000 -0.000000 -0.000000 0 128
0.000000 -0.000000 -0.000000 0 0
0.000000 -0.000000 -0.000000 0 0
0.000000 -0.000000 -0.000000 0 0
0.000000 -0.000000 -0.000000 0 128
0.000000 -0.000000 -0.000000 0 0
0.000000 -0.000000 -0.000000 0 0
0.000000 -0.000000 -0.000000 0 128
0.000000 -0.000000 -0.000000 0 128
0.000000 -0.000000 -0.000000 0 0
0.000000 -0.000000 -0.000000 0 0
0.000000 -0.000000 -0.000000 0 128
0.000000 -0.000000 -0.000000 0 128
0.000000 -0.000000 -0.000000 0 0
0.000000 -0.000000 -0.000000 0 128
0.000000 -0.000000 -0.000000 0 128
0.000000 -0.000000 -0.000000 0 128
0.000000 -0.000000 -0.000000 0 0
0.000000 -0.000000 -0.000000 0 128
0.000000 -0.000000 -0.000000 0 128
0.000000 -0.000000 -0.000000 0 128
0.000000 -0.000000 -0.000000 0 128
0.000000 -0.000000 -0.000000 0 128
0.000000 -0.000000 -0.000000 0 128
0.000000 -0.000000 -0.000000 0 128
0.000000 -0.000000 -0.000000 0 128
0.000000 -0.000000 -0.000000 0 128
0.000000 -0.000000 -0.000000 0 128
0.000000 -0.000000 -0.000000 0 128
0.000000 -0.000000 -0.000000 0 128
0.000000 -0.000000 -0.000000 0 128
0.000000 -0.000000 -0.000000 0 128
0.000000 -0.000000 -0.000000 0 128
0.000000 -0.000000 -0.000000 0 128
0.000000 -0.000000 -0.000000 0 128
0.000000 -0.000000 -0.000000 0 128
0.000000 -0.000000 -0.000000 0 128
0.000000 -0.000000 -0.000000 0 128
0.000000 -0.000000 -0.000000 0 128
0.000000 -0.000000 -0.000000 0 128
0.000000 -0.000000 -0.000000 0 128
0.000000 -0.000000 -0.000000 0 128
0.000000 -0.000000 -0.000000 0 128
0.000000 -0.000000 -0.000000 0 128
0.000000 -0.000000 -0.000000 0 128
0.000000 -0.000000 -0.000000 0 128
0.000000 -0.000000 -0.000000 0 128
0.000000 -0.000000 -0.000000 0 128
0.000000 -0.000000 -0.000000 0 128
0.000000 -0.000000 -0.000000 0 128
0.000000 -0.000000 -0.000000 0 128
0.000000 -0.000000 -0.000000 0 128
0.000000 -0.000000 -0.000000 0 128
0.000000 -0.000000 -0.000000 0 128
0.000000 -0.000000 -0.000000 0 128
0.000000 -0.000000 -0.000000 0 128
0.000000 -0.000000 -0.000000 0 128
0.000000 -0.000000 -0.000000 0 128
0.000000 -0.000000 -0.000000 0 128
0.000000 -0.000000 -0.000000 0 128
0.000000 -0.000000 -0.000000 0 128
0.000000 -0.000000 -0.000000 0 128
0.000000 -0.000000 -0.000000 0 0
0.000000 -0.000000 -0.000000 0 192
0.000000 -0.000000 -0.000000 0 128
0.000000 -0.000000 -0.000000 0 128
0.000000 -0.000000 -0.000000 0 0
0.000000 -0.000000 -0.000000 0 0
0.000000 -0.000000 -0.000000 0 128
0.000000 -0.000000 -0.000000 0 128
0.000000 -0.000000 -0.000000 0 192
0.573000 -0.747000 -0.479000 4 64
0.000000 -0.000000 -0.000000 0 128
0.000000 -0.000000 -0.000000 0 128
0.000000 -0.000000 -0.000000 0 0
0.563000 -0.770000 -0.485000 9 0
0.000000 -0.000000 -0.000000 0 128
0.000000 -0.000000 -0.000000 0 192
0.562000 -0.730000 -0.480000 8 0
0.540000 -0.776000 -0.482000 9 0
0.000000 -0.000000 -0.000000 0 128
0.000000 -0.000000 -0.000000 0 0
0.546000 -0.743000 -0.480000 10 0
0.524000 -0.790000 -0.484000 9 0
0.000000 -0.000000 -0.000000 0 192
0.571000 -0.734000 -0.492000 8 0
0.532000 -0.760000 -0.482000 8 0
0.507000 -0.804000 -0.485000 9 0
0.000000 -0.000000 -0.000000 0 192
0.543000 -0.732000 -0.481000 12 0
0.517000 -0.775000 -0.484000 7 0
0.489000 -0.815000 -0.486000 9 0
0.569000 -0.720000 -0.492000 4 64
0.528000 -0.747000 -0.481000 9 0
0.500000 -0.789000 -0.486000 7 0
0.468000 -0.822000 -0.485000 9 0
0.561000 -0.744000 -0.497000 9 0
0.515000 -0.765000 -0.485000 6 0
0.482000 -0.800000 -0.485000 7 0
0.451000 -0.836000 -0.487000 9 0
0.529000 -0.737000 -0.483000 13 0
0.498000 -0.777000 -0.484000 6 0
0.465000 -0.813000 -0.486000 7 0
0.432000 -0.846000 -0.487000 9 0
0.518000 -0.758000 -0.487000 9 0
0.484000 -0.796000 -0.488000 6 0
0.448000 -0.826000 -0.487000 7 0
0.413000 -0.855000 -0.488000 9 0
0.000000 -0.000000 -0.000000 0 128
0.000000 -0.000000 -0.000000 0 0
0.000000 -0.000000 -0.000000 0 128
0.000000 -0.000000 -0.000000 0 128
0.000000 -0.000000 -0.000000 0 128
0.000000 -0.000000 -0.000000 0 0
0.000000 -0.000000 -0.000000 0 128
0.000000 -0.000000 -0.000000 0 128
0.000000 -0.000000 -0.000000 0 128
0.000000 -0.000000 -0.000000 0 128
0.000000 -0.000000 -0.000000 0 128
0.000000 -0.000000 -0.000000 0 128
0.000000 -0.000000 -0.000000 0 128
0.000000 -0.000000 -0.000000 0 128
0.000000 -0.000000 -0.000000 0 128
0.000000 -0.000000 -0.000000 0 128
0.000000 -0.000000 -0.000000 0 128
0.000000 -0.000000 -0.000000 0 128
0.000000 -0.000000 -0.000000 0 128
0.000000 -0.000000 -0.000000 0 128
0.000000 -0.000000 -0.000000 0 128
0.000000 -0.000000 -0.000000 0 128
0.000000 -0.000000 -0.000000 0 128
0.000000 -0.000000 -0.000000 0 128
0.000000 -0.000000 -0.000000 0 128
0.000000 -0.000000 -0.000000 0 128
0.000000 -0.000000 -0.000000 0 128
0.000000 -0.000000 -0.000000 0 128
0.000000 -0.000000 -0.000000 0 128
0.000000 -0.000000 -0.000000 0 128
0.000000 -0.000000 -0.000000 0 128
0.000000 -0.000000 -0.000000 0 128
0.000000 -0.000000 -0.000000 0 128
0.000000 -0.000000 -0.000000 0 128
0.000000 -0.000000 -0.000000 0 128
0.000000 -0.000000 -0.000000 0 128
0.000000 -0.000000 -0.000000 0 128
0.000000 -0.000000 -0.000000 0 128
0.000000 -0.000000 -0.000000 0 128
0.000000 -0.000000 -0.000000 0 128
0.000000 -0.000000 -0.000000 0 128
0.000000 -0.000000 -0.000000 0 128
0.000000 -0.000000 -0.000000 0 128
0.000000 -0.000000 -0.000000 0 128
0.000000 -0.000000 -0.000000 0 128
0.000000 -0.000000 -0.000000 0 128
0.000000 -0.000000 -0.000000 0 128
0.000000 -0.000000 -0.000000 0 128
0.000000 -0.000000 -0.000000 0 128
0.000000 -0.000000 -0.000000 0 128
0.000000 -0.000000 -0.000000 0 0
0.000000 -0.000000 -0.000000 0 192
0.000000 -0.000000 -0.000000 0 128
0.000000 -0.000000 -0.000000 0 128
0.000000 -0.000000 -0.000000 0 0
0.000000 -0.000000 -0.000000 0 0
0.000000 -0.000000 -0.000000 0 128
0.000000 -0.000000 -0.000000 0 128
0.000000 -0.000000 -0.000000 0 192
0.573000 -0.747000 -0.479000 4 64
0.000000 -0.000000 -0.000000 0 128
0.000000 -0.000000 -0.000000 0 128
0.000000 -0.000000 -0.000000 0 0
0.563000 -0.770000 -0.485000 9 0
0.000000 -0.000000 -0.000000 0 128
0.000000 -0.000000 -0.000000 0 192
0.562000 -0.730000 -0.480000 8 0
0.540000 -0.776000 -0.482000 9 0
0.000000 -0.000000 -0.000000 0 128
0.000000 -0.000000 -0.000000 0 0
0.546000 -0.743000 -0.480000 10 0
0.524000 -0.790000 -0.484000 9 0
0.000000 -0.000000 -0.000000 0 192
0.571000 -0.734000 -0.492000 8 0
0.532000 -0.760000 -0.482000 8 0
0.507000 -0.804000 -0.485000 9 0
0.000000 -0.000000 -0.000000 0 192
0.543000 -0.732000 -0.481000 12 0
0.517000 -0.775000 -0.484000 7 0
0.489000 -0.815000 -0.486000 9 0
0.569000 -0.720000 -0.492000 4 64
0.528000 -0.747000 -0.481000 9 0
0.500000 -0.789000 -0.486000 7 0
0.468000 -0.822000 -0.485000 9 0
0.561000 -0.744000 -0.497000 9 0
0.515000 -0.765000 -0.485000 6 0
0.482000 -0.800000 -0.485000 7 0
0.451000 -0.836000 -0.487000 9 0
0.529000 -0.737000 -0.483000 13 0
0.498000 -0.777000 -0.484000 6 0
0.465000 -0.813000 -0.486000 7 0
0.432000 -0.846000 -0.487000 9 0
0.518000 -0.758000 -0.487000 9 0
0.484000 -0.796000 -0.488000 6 0
0.448000 -0.826000 -0.487000 7 0
0.413000 -0.855000 -0.488000 9 0
0.501000 -0.771000 -0.486000 8 0
0.466000 -0.808000 -0.487000 6 0
0.428000 -0.834000 -0.486000 7 0
0.394000 -0.865000 -0.489000 9 0
0.487000 -0.789000 -0.488000 8 0
0.450000 -0.822000 -0.489000 6 0
0.413000 -0.851000 -0.490000 7 0
0.373000 -0.871000 -0.488000 9 0
0.470000 -0.802000 -0.487000 8 0
0.431000 -0.833000 -0.488000 6 0
0.393000 -0.858000 -0.489000 6 0
0.354000 -0.881000 -0.490000 9 0
0.453000 -0.817000 -0.488000 8 0
0.414000 -0.848000 -0.490000 5 0
0.373000 -0.867000 -0.489000 6 0
0.336000 -0.893000 -0.492000 9 0
0.436000 -0.831000 -0.488000 9 0
0.394000 -0.854000 -0.487000 5 0
0.355000 -0.880000 -0.491000 6 0
0.315000 -0.900000 -0.493000 9 0
0.417000 -0.843000 -0.487000 9 0
0.374000 -0.863000 -0.487000 5 0
0.335000 -0.888000 -0.492000 6 0
0.295000 -0.907000 -0.494000 9 0
0.401000 -0.860000 -0.490000 9 0
0.357000 -0.879000 -0.489000 5 0
0.315000 -0.897000 -0.492000 6 0
0.276000 -0.915000 -0.495000 9 0
0.383000 -0.874000 -0.491000 9 0
0.337000 -0.889000 -0.490000 5 0
0.295000 -0.904000 -0.492000 6 0
0.256000 -0.923000 -0.497000 7 0
0.363000 -0.883000 -0.490000 7 0
0.320000 -0.905000 -0.493000 5 0
0.275000 -0.913000 -0.493000 6 0
0.236000 -0.934000 -0.501000 8 0
0.344000 -0.897000 -0.491000 7 0
0.299000 -0.911000 -0.492000 5 0
0.255000 -0.921000 -0.494000 6 0
0.213000 -0.928000 -0.496000 13 0
0.325000 -0.910000 -0.492000 7 0
0.279000 -0.922000 -0.493000 5 0
0.238000 -0.940000 -0.501000 8 0
0.192000 -0.929000 -0.494000 12 0
0.304000 -0.919000 -0.491000 7 0
0.260000 -0.938000 -0.498000 6 0
0.216000 -0.942000 -0.500000 8 0
0.172000 -0.940000 -0.499000 9 0
0.286000 -0.937000 -0.495000 7 0
0.236000 -0.934000 -0.491000 9 0
0.196000 -0.955000 -0.504000 8 0
0.149000 -0.927000 -0.491000 1 64
0.265000 -0.949000 -0.496000 8 0
0.218000 -0.951000 -0.497000 6 0
0.174000 -0.955000 -0.501000 8 0
0.000000 -0.000000 -0.000000 0 0
0.243000 -0.957000 -0.496000 7 0
0.193000 -0.944000 -0.490000 10 0
0.147000 -0.926000 -0.484000 0 64
0.000000 -0.000000 -0.000000 0 0
0.218000 -0.951000 -0.488000 8 0
0.173000 -0.955000 -0.492000 8 0
0.000000 -0.000000 -0.000000 0 0
0.000000 -0.000000 -0.000000 0 128
0.199000 -0.974000 -0.495000 7 0
0.000000 -0.000000 -0.000000 0 0
0.000000 -0.000000 -0.000000 0 0
0.000000 -0.000000 -0.000000 0 128
0.177000 -0.985000 -0.497000 6 0
0.000000 -0.000000 -0.000000 0 0
0.000000 -0.000000 -0.000000 0 128
0.000000 -0.000000 -0.000000 0 128
0.000000 -0.000000 -0.000000 0 0
0.000000 -0.000000 -0.000000 0 0
0.000000 -0.000000 -0.000000 0 128
0.000000 -0.000000 -0.000000 0 128
0.000000 -0.000000 -0.000000 0 0
0.000000 -0.000000 -0.000000 0 128
0.000000 -0.000000 -0.000000 0 128
0.000000 -0.000000 -0.000000 0 128
0.000000 -0.000000 -0.000000 0 128
0.000000 -0.000000 -0.000000 0 128
0.000000 -0.000000 -0.000000 0 128
-0.015000 -0.958000 -0.506000 3 64
0.000000 -0.000000 -0.000000 0 128
0.000000 -0.000000 -0.000000 0 128
0.000000 -0.000000 -0.000000 0 0
-0.036000 -0.960000 -0.508000 9 0
0.000000 -0.000000 -0.000000 0 128
0.000000 -0.000000 -0.000000 0 192
-0.021000 -0.988000 -0.509000 8 0
-0.057000 -0.957000 -0.507000 9 0
0.000000 -0.000000 -0.000000 0 192
0.000000 -0.000000 -0.000000 0 0
-0.043000 -0.983000 -0.507000 7 0
-0.079000 -0.960000 -0.511000 7 0
0.501000 -0.771000 -0.486000 8 0
0.466000 -0.808000 -0.487000 6 0
0.428000 -0.834000 -0.486000 7 0
0.394000 -0.865000 -0.489000 9 0
0.487000 -0.789000 -0.488000 8 0
0.450000 -0.822000 -0.489000 6 0
0.413000 -0.851000 -0.490000 7 0
0.373000 -0.871000 -0.488000 9 0
0.470000 -0.802000 -0.487000 8 0
0.431000 -0.833000 -0.488000 6 0
0.393000 -0.858000 -0.489000 6 0
0.354000 -0.881000 -0.490000 9 0
0.453000 -0.817000 -0.488000 8 0
0.414000 -0.848000 -0.490000 5 0
0.373000 -0.867000 -0.489000 6 0
0.336000 -0.893000 -0.492000 9 0
0.436000 -0.831000 -0.488000 9 0
0.394000 -0.854000 -0.487000 5 0
0.355000 -0.880000 -0.491000 6 0
0.315000 -0.900000 -0.493000 9 0
0.417000 -0.843000 -0.487000 9 0
0.374000 -0.863000 -0.487000 5 0
0.335000 -0.888000 -0.492000 6 0
0.295000 -0.907000 -0.494000 9 0
0.401000 -0.860000 -0.490000 9 0
0.357000 -0.879000 -0.489000 5 0
0.315000 -0.897000 -0.492000 6 0
0.276000 -0.915000 -0.495000 9 0
0.383000 -0.874000 -0.491000 9 0
0.337000 -0.889000 -0.490000 5 0
0.295000 -0.904000 -0.492000 6 0
0.256000 -0.923000 -0.497000 7 0
0.363000 -0.883000 -0.490000 7 0
0.320000 -0.905000 -0.493000 5 0
0.275000 -0.913000 -0.493000 6 0
0.236000 -0.934000 -0.501000 8 0
0.344000 -0.897000 -0.491000 7 0
0.299000 -0.911000 -0.492000 5 0
0.255000 -0.921000 -0.494000 6 0
0.213000 -0.928000 -0.496000 13 0
0.325000 -0.910000 -0.492000 7 0
0.279000 -0.922000 -0.493000 5 0
0.238000 -0.940000 -0.501000 8 0
0.192000 -0.929000 -0.494000 12 0
0.304000 -0.919000 -0.491000 7 0
0.260000 -0.938000 -0.498000 6 0
0.216000 -0.942000 -0.500000 8 0
0.172000 -0.940000 -0.499000 9 0
0.286000 -0.937000 -0.495000 7 0
0.236000 -0.934000 -0.491000 9 0
0.196000 -0.955000 -0.504000 8 0
0.149000 -0.927000 -0.491000 1 64
0.265000 -0.949000 -0.496000 8 0
0.218000 -0.951000 -0.497000 6 0
0.174000 -0.955000 -0.501000 8 0
0.000000 -0.000000 -0.000000 0 0
0.243000 -0.957000 -0.496000 7 0
0.193000 -0.944000 -0.490000 10 0
0.147000 -0.926000 -0.484000 0 64
0.000000 -0.000000 -0.000000 0 0
0.218000 -0.951000 -0.488000 8 0
0.173000 -0.955000 -0.492000 8 0
0.000000 -0.000000 -0.000000 0 0
0.000000 -0.000000 -0.000000 0 128
0.199000 -0.974000 -0.495000 7 0
0.000000 -0.000000 -0.000000 0 0
0.000000 -0.000000 -0.000000 0 0
0.000000 -0.000000 -0.000000 0 128
0.177000 -0.985000 -0.497000 6 0
0.000000 -0.000000 -0.000000 0 0
0.000000 -0.000000 -0.000000 0 128
0.000000 -0.000000 -0.000000 0 128
0.000000 -0.000000 -0.000000 0 0
0.000000 -0.000000 -0.000000 0 0
0.000000 -0.000000 -0.000000 0 128
0.000000 -0.000000 -0.000000 0 128
0.000000 -0.000000 -0.000000 0 0
0.000000 -0.000000 -0.000000 0 128
0.000000 -0.000000 -0.000000 0 128
0.000000 -0.000000 -0.000000 0 128
0.000000 -0.000000 -0.000000 0 128
0.000000 -0.000000 -0.000000 0 128
0.000000 -0.000000 -0.000000 0 128
-0.015000 -0.958000 -0.506000 3 64
0.000000 -0.000000 -0.000000 0 128
0.000000 -0.000000 -0.000000 0 128
0.000000 -0.000000 -0.000000 0 0
-0.036000 -0.960000 -0.508000 9 0
0.000000 -0.000000 -0.000000 0 128
0.000000 -0.000000 -0.000000 0 192
-0.021000 -0.988000 -0.509000 8 0
-0.057000 -0.957000 -0.507000 9 0
0.000000 -0.000000 -0.000000 0 192
0.000000 -0.000000 -0.000000 0 0
-0.043000 -0.983000 -0.507000 7 0
-0.079000 -0.960000 -0.511000 7 0
0.000000 -0.000000 -0.000000 0 128
-0.028000 -1.015000 -0.507000 6 0
-0.065000 -0.984000 -0.508000 6 0
-0.186000 -1.793000 -0.957000 4 0
-0.012000 -1.035000 -0.500000 1 64
-0.052000 -1.016000 -0.507000 5 0
-0.162000 -1.825000 -0.944000 2 0
-0.231000 -1.830000 -0.980000 140 0
-0.037000 -1.053000 -0.507000 7 0
-0.141000 -1.892000 -0.944000 2 0
-0.202000 -1.809000 -0.937000 14 0
-0.280000 -1.887000 -1.015000 96 0
0.000000 -0.000000 -0.000000 0 0
-0.185000 -1.893000 -0.944000 13 0
-0.243000 -1.809000 -0.940000 14 0
-0.332000 -1.946000 -1.051000 54 0
0.000000 -0.000000 -0.000000 0 0
-0.229000 -1.891000 -0.945000 15 0
-0.283000 -1.805000 -0.941000 14 0
-0.354000 -1.833000 -0.995000 30 0
-0.285000 -2.659000 -1.276000 25 0
-0.274000 -1.893000 -0.947000 15 0
-0.325000 -1.803000 -0.943000 14 0
-0.383000 -1.779000 -0.971000 22 0
0.000000 -0.000000 -0.000000 0 0
-0.320000 -1.898000 -0.952000 16 0
-0.366000 -1.801000 -0.946000 19 0
-0.409000 -1.716000 -0.942000 61 0
-0.371000 -2.374000 -1.139000 37 0
-0.373000 -1.939000 -0.974000 81 0
-0.457000 -2.018000 -1.064000 38 2
-0.346000 -1.326000 -0.733000 3 0
-0.406000 -2.247000 -1.080000 38 0
-0.449000 -2.072000 -1.044000 41 0
-0.336000 -1.342000 -0.711000 3 0
-0.362000 -1.272000 -0.708000 3 0
-0.436000 -2.121000 -1.020000 43 0
-0.331000 -1.373000 -0.695000 4 0
-0.356000 -1.299000 -0.692000 0 0
-0.376000 -1.220000 -0.684000 0 0
-0.464000 -2.009000 -0.969000 88 0
-0.351000 -1.322000 -0.671000 4 0
-0.370000 -1.242000 -0.666000 4 0
-0.387000 -1.168000 -0.660000 4 0
-0.345000 -1.348000 -0.652000 6 0
-0.370000 -1.275000 -0.651000 0 0
-0.386000 -1.195000 -0.645000 0 0
-0.400000 -1.126000 -0.642000 0 0
-0.366000 -1.299000 -0.630000 0 0
-0.389000 -1.231000 -0.632000 4 0
-0.398000 -1.146000 -0.623000 5 0
-0.409000 -1.076000 -0.619000 5 0
-0.388000 -1.259000 -0.614000 5 0
-0.405000 -1.185000 -0.612000 1 0
-0.414000 -1.111000 -0.608000 0 0
-0.424000 -1.046000 -0.607000 1 0
-0.402000 -1.200000 -0.588000 0 0
-0.419000 -1.140000 -0.593000 1 0
-0.427000 -1.071000 -0.591000 1 0
-0.435000 -1.010000 -0.592000 1 0
-0.413000 -1.142000 -0.562000 6 0
-0.431000 -1.094000 -0.573000 1 0
-0.438000 -1.031000 -0.575000 1 0
-0.445000 -0.976000 -0.578000 1 0
-0.431000 -1.108000 -0.549000 0 0
-0.444000 -1.054000 -0.557000 1 0
-0.450000 -0.998000 -0.561000 1 0
-0.634000 -1.316000 -0.787000 7 0
-0.447000 -1.072000 -0.535000 1 0
-0.463000 -1.033000 -0.550000 1 0
-0.462000 -0.967000 -0.549000 1 0
-0.646000 -1.268000 -0.768000 46 0
-0.458000 -1.028000 -0.517000 1 0
-0.472000 -0.990000 -0.532000 1 0
-0.647000 -1.279000 -0.735000 10 0
-0.660000 -1.232000 -0.754000 12 0
-0.471000 -0.991000 -0.503000 1 0
-0.630000 -1.247000 -0.677000 4 0
-0.662000 -1.240000 -0.720000 10 0
-0.672000 -1.192000 -0.739000 12 0
-0.482000 -0.956000 -0.489000 1 0
-0.664000 -1.240000 -0.680000 10 0
-0.668000 -1.187000 -0.697000 10 0
-0.676000 -1.141000 -0.716000 13 0
-0.662000 -1.236000 -0.639000 12 0
-0.669000 -1.183000 -0.656000 10 0
-0.678000 -1.143000 -0.680000 10 0
-0.688000 -1.107000 -0.705000 13 0
-0.672000 -1.185000 -0.619000 12 0
-0.682000 -1.143000 -0.642000 10 0
-0.689000 -1.105000 -0.666000 10 0
-0.700000 -1.074000 -0.693000 13 0
-0.684000 -1.142000 -0.604000 12 0
-0.691000 -1.099000 -0.625000 10 0
-0.699000 -1.068000 -0.652000 11 0
-0.707000 -1.036000 -0.679000 13 0
0.000000 -0.000000 -0.000000 0 128
-0.028000 -1.015000 -0.507000 6 0
-0.065000 -0.984000 -0.508000 6 0
-0.186000 -1.793000 -0.957000 4 0
-0.012000 -1.035000 -0.500000 1 64
-0.052000 -1.016000 -0.507000 5 0
-0.162000 -1.825000 -0.944000 2 0
-0.231000 -1.830000 -0.980000 140 0
-0.037000 -1.053000 -0.507000 7 0
-0.141000 -1.892000 -0.944000 2 0
-0.202000 -1.809000 -0.937000 14 0
-0.280000 -1.887000 -1.015000 96 0
0.000000 -0.000000 -0.000000 0 0
-0.185000 -1.893000 -0.944000 13 0
-0.243000 -1.809000 -0.940000 14 0
-0.332000 -1.946000 -1.051000 54 0
0.000000 -0.000000 -0.000000 0 0
-0.229000 -1.891000 -0.945000 15 0
-0.283000 -1.805000 -0.941000 14 0
-0.354000 -1.833000 -0.995000 30 0
-0.285000 -2.659000 -1.276000 25 0
-0.274000 -1.893000 -0.947000 15 0
-0.325000 -1.803000 -0.943000 14 0
-0.383000 -1.779000 -0.971000 22 0
0.000000 -0.000000 -0.000000 0 0
-0.320000 -1.898000 -0.952000 16 0
-0.366000 -1.801000 -0.946000 19 0
-0.409000 -1.716000 -0.942000 61 0
-0.371000 -2.374000 -1.139000 37 0
-0.373000 -1.939000 -0.974000 81 0
-0.457000 -2.018000 -1.064000 38 2
-0.346000 -1.326000 -0.733000 3 0
-0.406000 -2.247000 -1.080000 38 0
-0.449000 -2.072000 -1.044000 41 0
-0.336000 -1.342000 -0.711000 3 0
-0.362000 -1.272000 -0.708000 3 0
-0.436000 -2.121000 -1.020000 43 0
-0.331000 -1.373000 -0.695000 4 0
-0.356000 -1.299000 -0.692000 0 0
-0.376000 -1.220000 -0.684000 0 0
-0.464000 -2.009000 -0.969000 88 0
-0.351000 -1.322000 -0.671000 4 0
-0.370000 -1.242000 -0.666000 4 0
-0.387000 -1.168000 -0.660000 4 0
-0.345000 -1.348000 -0.652000 6 0
-0.370000 -1.275000 -0.651000 0 0
-0.386000 -1.195000 -0.645000 0 0
-0.400000 -1.126000 -0.642000 0 0
-0.366000 -1.299000 -0.630000 0 0
-0.389000 -1.231000 -0.632000 4 0
-0.398000 -1.146000 -0.623000 5 0
-0.409000 -1.076000 -0.619000 5 0
-0.388000 -1.259000 -0.614000 5 0
-0.405000 -1.185000 -0.612000 1 0
-0.414000 -1.111000 -0.608000 0 0
-0.424000 -1.046000 -0.607000 1 0
-0.402000 -1.200000 -0.588000 0 0
-0.419000 -1.140000 -0.593000 1 0
-0.427000 -1.071000 -0.591000 1 0
-0.435000 -1.010000 -0.592000 1 0
-0.413000 -1.142000 -0.562000 6 0
-0.431000 -1.094000 -0.573000 1 0
-0.438000 -1.031000 -0.575000 1 0
-0.445000 -0.976000 -0.578000 1 0
-0.431000 -1.108000 -0.549000 0 0
-0.444000 -1.054000 -0.557000 1 0
-0.450000 -0.998000 -0.561000 1 0
-0.634000 -1.316000 -0.787000 7 0
-0.447000 -1.072000 -0.535000 1 0
-0.463000 -1.033000 -0.550000 1 0
-0.462000 -0.967000 -0.549000 1 0
-0.646000 -1.268000 -0.768000 46 0
-0.458000 -1.028000 -0.517000 1 0
-0.472000 -0.990000 -0.532000 1 0
-0.647000 -1.279000 -0.735000 10 0
-0.660000 -1.232000 -0.754000 12 0
-0.471000 -0.991000 -0.503000 1 0
-0.630000 -1.247000 -0.677000 4 0
-0.662000 -1.240000 -0.720000 10 0
-0.672000 -1.192000 -0.739000 12 0
-0.482000 -0.956000 -0.489000 1 0
-0.664000 -1.240000 -0.680000 10 0
-0.668000 -1.187000 -0.697000 10 0
-0.676000 -1.141000 -0.716000 13 0
-0.662000 -1.236000 -0.639000 12 0
-0.669000 -1.183000 -0.656000 10 0
-0.678000 -1.143000 -0.680000 10 0
-0.688000 -1.107000 -0.705000 13 0
-0.672000 -1.185000 -0.619000 12 0
-0.682000 -1.143000 -0.642000 10 0
-0.689000 -1.105000 -0.666000 10 0
-0.700000 -1.074000 -0.693000 13 0
-0.684000 -1.142000 -0.604000 12 0
-0.691000 -1.099000 -0.625000 10 0
-0.699000 -1.068000 -0.652000 11 0
-0.707000 -1.036000 -0.679000 13 0
-0.694000 -1.097000 -0.588000 12 64
-0.703000 -1.063000 -0.613000 10 0
-0.708000 -1.030000 -0.639000 11 0
-0.718000 -1.005000 -0.669000 13 0
-0.708000 -1.061000 -0.576000 12 64
-0.714000 -1.027000 -0.601000 11 0
-0.717000 -0.996000 -0.627000 12 0
-0.725000 -0.970000 -0.656000 12 0
-0.717000 -1.021000 -0.562000 12 64
-0.726000 -0.994000 -0.590000 11 0
-0.728000 -0.965000 -0.617000 12 0
-0.733000 -0.938000 -0.645000 12 0
-0.726000 -0.982000 -0.549000 12 64
-0.735000 -0.959000 -0.579000 11 0
-0.739000 -0.935000 -0.608000 11 0
-0.739000 -0.906000 -0.634000 12 0
-0.738000 -0.949000 -0.539000 11 64
-0.745000 -0.927000 -0.569000 11 0
-0.743000 -0.898000 -0.594000 11 0
-0.749000 -0.879000 -0.626000 12 0
-0.747000 -0.915000 -0.529000 11 64
-0.747000 -0.886000 -0.554000 13 0
-0.751000 -0.868000 -0.585000 13 0
-0.759000 -0.854000 -0.619000 12 0
-0.758000 -0.883000 -0.520000 11 64
-0.756000 -0.856000 -0.546000 13 0
-0.762000 -0.842000 -0.578000 13 0
-0.762000 -0.822000 -0.608000 14 0
-0.764000 -0.848000 -0.509000 13 64
-0.768000 -0.830000 -0.539000 13 0
-0.768000 -0.812000 -0.569000 13 0
-0.773000 -0.798000 -0.603000 11 0
-0.767000 -0.811000 -0.497000 13 64
-0.774000 -0.799000 -0.530000 13 0
-0.778000 -0.786000 -0.563000 14 0
-0.779000 -0.771000 -0.594000 10 0
-0.781000 -0.787000 -0.492000 14 64
-0.780000 -0.768000 -0.521000 13 0
-0.784000 -0.758000 -0.554000 13 0
-0.783000 -0.742000 -0.585000 7 0
-0.785000 -0.754000 -0.482000 19 0
-0.786000 -0.739000 -0.512000 13 0
-0.787000 -0.728000 -0.545000 9 0
-0.780000 -0.709000 -0.572000 1 0
-0.788000 -0.721000 -0.473000 14 64
-0.794000 -0.713000 -0.506000 13 0
-0.794000 -0.702000 -0.538000 8 0
0.000000 -0.000000 -0.000000 0 0
-0.799000 -0.696000 -0.468000 13 64
-0.805000 -0.689000 -0.502000 12 0
-0.795000 -0.672000 -0.529000 2 0
0.000000 -0.000000 -0.000000 0 0
-0.805000 -0.668000 -0.461000 14 64
-0.807000 -0.659000 -0.493000 8 0
0.000000 -0.000000 -0.000000 0 0
0.000000 -0.000000 -0.000000 0 0
-0.810000 -0.639000 -0.454000 16 64
-0.814000 -0.634000 -0.488000 5 0
0.000000 -0.000000 -0.000000 0 0
-0.807000 -0.617000 -0.550000 1 64
-0.812000 -0.610000 -0.446000 12 64
0.000000 -0.000000 -0.000000 0 0
0.000000 -0.000000 -0.000000 0 192
-0.817000 -0.598000 -0.548000 10 0
-0.829000 -0.592000 -0.447000 8 64
0.000000 -0.000000 -0.000000 0 0
-0.803000 -0.565000 -0.497000 0 64
-0.824000 -0.577000 -0.545000 12 0
-0.826000 -0.560000 -0.438000 7 64
0.000000 -0.000000 -0.000000 0 0
-0.824000 -0.553000 -0.502000 2 0
-0.825000 -0.551000 -0.537000 13 0
-0.832000 -0.535000 -0.433000 5 64
0.000000 -0.000000 -0.000000 0 128
-0.831000 -0.531000 -0.498000 8 0
-0.828000 -0.529000 -0.531000 14 0
-0.831000 -0.507000 -0.425000 4 64
0.000000 -0.000000 -0.000000 0 128
-0.838000 -0.510000 -0.496000 8 0
-0.836000 -0.509000 -0.529000 15 0
-0.844000 -0.487000 -0.425000 5 64
0.000000 -0.000000 -0.000000 0 128
-0.840000 -0.486000 -0.490000 8 0
-0.840000 -0.487000 -0.525000 15 0
-0.859000 -0.468000 -0.427000 9 0
0.000000 -0.000000 -0.000000 0 128
-0.845000 -0.464000 -0.486000 1 0
-0.848000 -0.468000 -0.523000 14 0
-0.852000 -0.438000 -0.417000 15 0
0.000000 -0.000000 -0.000000 0 0
0.000000 -0.000000 -0.000000 0 0
-0.844000 -0.443000 -0.514000 12 0
-0.856000 -0.415000 -0.414000 20 0
-0.860000 -0.418000 -0.448000 1 0
0.000000 -0.000000 -0.000000 0 0
-0.865000 -0.431000 -0.521000 9 0
-0.694000 -1.097000 -0.588000 12 64
-0.703000 -1.063000 -0.613000 10 0
-0.708000 -1.030000 -0.639000 11 0
-0.718000 -1.005000 -0.669000 13 0
-0.708000 -1.061000 -0.576000 12 64
-0.714000 -1.027000 -0.601000 11 0
-0.717000 -0.996000 -0.627000 12 0
-0.725000 -0.970000 -0.656000 12 0
-0.717000 -1.021000 -0.562000 12 64
-0.726000 -0.994000 -0.590000 11 0
-0.728000 -0.965000 -0.617000 12 0
-0.733000 -0.938000 -0.645000 12 0
-0.726000 -0.982000 -0.549000 12 64
-0.735000 -0.959000 -0.579000 11 0
-0.739000 -0.935000 -0.608000 11 0
-0.739000 -0.906000 -0.634000 12 0
-0.738000 -0.949000 -0.539000 11 64
-0.745000 -0.927000 -0.569000 11 0
-0.743000 -0.898000 -0.594000 11 0
-0.749000 -0.879000 -0.626000 12 0
-0.747000 -0.915000 -0.529000 11 64
-0.747000 -0.886000 -0.554000 13 0
-0.751000 -0.868000 -0.585000 13 0
-0.759000 -0.854000 -0.619000 12 0
-0.758000 -0.883000 -0.520000 11 64
-0.756000 -0.856000 -0.546000 13 0
-0.762000 -0.842000 -0.578000 13 0
-0.762000 -0.822000 -0.608000 14 0
-0.764000 -0.848000 -0.509000 13 64
-0.768000 -0.830000 -0.539000 13 0
-0.768000 -0.812000 -0.569000 13 0
-0.773000 -0.798000 -0.603000 11 0
-0.767000 -0.811000 -0.497000 13 64
-0.774000 -0.799000 -0.530000 13 0
-0.778000 -0.786000 -0.563000 14 0
-0.779000 -0.771000 -0.594000 10 0
-0.781000 -0.787000 -0.492000 14 64
-0.780000 -0.768000 -0.521000 13 0
-0.784000 -0.758000 -0.554000 13 0
-0.783000 -0.742000 -0.585000 7 0
-0.785000 -0.754000 -0.482000 19 0
-0.786000 -0.739000 -0.512000 13 0
-0.787000 -0.728000 -0.545000 9 0
-0.780000 -0.709000 -0.572000 1 0
-0.788000 -0.721000 -0.473000 14 64
-0.794000 -0.713000 -0.506000 13 0
-0.794000 -0.702000 -0.538000 8 0
0.000000 -0.000000 -0.000000 0 0
-0.799000 -0.696000 -0.468000 13 64
-0.805000 -0.689000 -0.502000 12 0
-0.795000 -0.672000 -0.529000 2 0
0.000000 -0.000000 -0.000000 0 0
-0.805000 -0.668000 -0.461000 14 64
-0.807000 -0.659000 -0.493000 8 0
0.000000 -0.000000 -0.000000 0 0
0.000000 -0.000000 -0.000000 0 0
-0.810000 -0.639000 -0.454000 16 64
-0.814000 -0.634000 -0.488000 5 0
0.000000 -0.000000 -0.000000 0 0
-0.807000 -0.617000 -0.550000 1 64
-0.812000 -0.610000 -0.446000 12 64
0.000000 -0.000000 -0.000000 0 0
0.000000 -0.000000 -0.000000 0 192
-0.817000 -0.598000 -0.548000 10 0
-0.829000 -0.592000 -0.447000 8 64
0.000000 -0.000000 -0.000000 0 0
-0.803000 -0.565000 -0.497000 0 64
-0.824000 -0.577000 -0.545000 12 0
-0.826000 -0.560000 -0.438000 7 64
0.000000 -0.000000 -0.000000 0 0
-0.824000 -0.553000 -0.502000 2 0
-0.825000 -0.551000 -0.537000 13 0
-0.832000 -0.535000 -0.433000 5 64
0.000000 -0.000000 -0.000000 0 128
-0.831000 -0.531000 -0.498000 8 0
-0.828000 -0.529000 -0.531000 14 0
-0.831000 -0.507000 -0.425000 4 64
0.000000 -0.000000 -0.000000 0 128
-0.838000 -0.510000 -0.496000 8 0
-0.836000 -0.509000 -0.529000 15 0
-0.844000 -0.487000 -0.425000 5 64
0.000000 -0.000000 -0.000000 0 128
-0.840000 -0.486000 -0.490000 8 0
-0.840000 -0.487000 -0.525000 15 0
-0.859000 -0.468000 -0.427000 9 0
0.000000 -0.000000 -0.000000 0 128
-0.845000 -0.464000 -0.486000 1 0
-0.848000 -0.468000 -0.523000 14 0
-0.852000 -0.438000 -0.417000 15 0
0.000000 -0.000000 -0.000000 0 0
0.000000 -0.000000 -0.000000 0 0
-0.844000 -0.443000 -0.514000 12 0
-0.856000 -0.415000 -0.414000 20 0
-0.860000 -0.418000 -0.448000 1 0
0.000000 -0.000000 -0.000000 0 0
-0.865000 -0.431000 -0.521000 9 0
-0.880000 -0.400000 -0.420000 23 0
-0.866000 -0.397000 -0.446000 8 0
0.000000 -0.000000 -0.000000 0 128
-0.850000 -0.401000 -0.506000 3 64
-0.886000 -0.378000 -0.418000 23 0
-0.870000 -0.374000 -0.443000 10 0
0.000000 -0.000000 -0.000000 0 128
0.000000 -0.000000 -0.000000 0 0
0.000000 -0.000000 -0.000000 0 0
0.000000 -0.000000 -0.000000 0 0
0.000000 -0.000000 -0.000000 0 128
0.000000 -0.000000 -0.000000 0 0
0.000000 -0.000000 -0.000000 0 0
0.000000 -0.000000 -0.000000 0 0
0.000000 -0.000000 -0.000000 0 0
0.000000 -0.000000 -0.000000 0 128
0.000000 -0.000000 -0.000000 0 0
0.000000 -0.000000 -0.000000 0 0
0.000000 -0.000000 -0.000000 0 0
0.000000 -0.000000 -0.000000 0 128
0.000000 -0.000000 -0.000000 0 0
0.000000 -0.000000 -0.000000 0 0
0.000000 -0.000000 -0.000000 0 0
0.000000 -0.000000 -0.000000 0 128
0.000000 -0.000000 -0.000000 0 0
-0.903000 -0.270000 -0.439000 14 0
-0.712000 -0.222000 -0.373000 1 0
0.000000 -0.000000 -0.000000 0 0
-0.906000 -0.240000 -0.405000 21 0
-0.914000 -0.251000 -0.441000 14 0
-0.909000 -0.261000 -0.472000 14 0
0.000000 -0.000000 -0.000000 0 0
-0.913000 -0.218000 -0.405000 23 0
-0.918000 -0.229000 -0.440000 14 0
-0.916000 -0.241000 -0.472000 14 0
-0.909000 -0.252000 -0.503000 21 0
-0.912000 -0.195000 -0.403000 21 0
-0.925000 -0.208000 -0.440000 14 0
-0.901000 -0.216000 -0.462000 12 0
-0.914000 -0.233000 -0.503000 21 0
-0.936000 -0.177000 -0.411000 23 0
-0.930000 -0.187000 -0.440000 14 0
-0.906000 -0.196000 -0.461000 12 0
-0.917000 -0.213000 -0.501000 21 0
-0.940000 -0.154000 -0.411000 23 0
-0.934000 -0.165000 -0.440000 14 0
-0.910000 -0.176000 -0.461000 12 0
-0.923000 -0.193000 -0.501000 21 0
-0.943000 -0.132000 -0.411000 23 0
-0.937000 -0.143000 -0.440000 14 0
-0.935000 -0.159000 -0.471000 14 0
-0.930000 -0.174000 -0.502000 21 0
-0.949000 -0.109000 -0.412000 23 0
-0.942000 -0.122000 -0.440000 14 0
-0.938000 -0.138000 -0.470000 14 0
-0.932000 -0.154000 -0.501000 22 0
-0.951000 -0.087000 -0.412000 23 0
-0.944000 -0.100000 -0.439000 14 0
-0.946000 -0.118000 -0.472000 14 0
-0.936000 -0.134000 -0.500000 21 0
-0.964000 -0.065000 -0.416000 23 0
-0.953000 -0.079000 -0.442000 14 0
-0.944000 -0.096000 -0.469000 14 0
-0.942000 -0.115000 -0.501000 17 0
-0.966000 -0.042000 -0.416000 20 0
-0.955000 -0.057000 -0.442000 14 0
-0.949000 -0.075000 -0.470000 14 0
-0.946000 -0.095000 -0.501000 18 0
-0.968000 -0.019000 -0.417000 19 0
-0.962000 -0.035000 -0.445000 14 0
-0.953000 -0.054000 -0.471000 14 0
-0.949000 -0.074000 -0.501000 18 0
-0.976000 0.003000 -0.420000 24 0
-0.969000 -0.013000 -0.447000 15 0
-0.964000 -0.033000 -0.475000 15 0
-0.962000 -0.055000 -0.506000 19 0
-0.979000 0.027000 -0.422000 24 0
-0.967000 0.008000 -0.446000 14 0
-0.967000 -0.012000 -0.476000 15 0
-0.958000 -0.034000 -0.502000 18 0
-0.982000 0.050000 -0.423000 24 0
-0.981000 0.031000 -0.452000 15 0
-0.970000 0.009000 -0.476000 15 0
-0.970000 -0.013000 -0.507000 22 0
-0.989000 0.074000 -0.427000 24 0
-0.983000 0.054000 -0.454000 15 0
-0.972000 0.030000 -0.477000 15 0
-0.967000 0.006000 -0.504000 21 0
-0.995000 0.099000 -0.430000 24 0
-0.989000 0.077000 -0.457000 14 0
-0.980000 0.053000 -0.481000 15 0
-0.974000 0.027000 -0.507000 22 0
-1.003000 0.123000 -0.435000 25 0
-0.992000 0.100000 -0.458000 18 0
-0.981000 0.075000 -0.481000 18 0
-0.978000 0.049000 -0.509000 17 0
-0.880000 -0.400000 -0.420000 23 0
-0.866000 -0.397000 -0.446000 8 0
0.000000 -0.000000 -0.000000 0 128
-0.850000 -0.401000 -0.506000 3 64
-0.886000 -0.378000 -0.418000 23 0
-0.870000 -0.374000 -0.443000 10 0
0.000000 -0.000000 -0.000000 0 128
0.000000 -0.000000 -0.000000 0 0
0.000000 -0.000000 -0.000000 0 0
0.000000 -0.000000 -0.000000 0 0
0.000000 -0.000000 -0.000000 0 128
0.000000 -0.000000 -0.000000 0 0
0.000000 -0.000000 -0.000000 0 0
0.000000 -0.000000 -0.000000 0 0
0.000000 -0.000000 -0.000000 0 0
0.000000 -0.000000 -0.000000 0 128
0.000000 -0.000000 -0.000000 0 0
0.000000 -0.000000 -0.000000 0 0
0.000000 -0.000000 -0.000000 0 0
0.000000 -0.000000 -0.000000 0 128
0.000000 -0.000000 -0.000000 0 0
0.000000 -0.000000 -0.000000 0 0
0.000000 -0.000000 -0.000000 0 0
0.000000 -0.000000 -0.000000 0 128
0.000000 -0.000000 -0.000000 0 0
-0.903000 -0.270000 -0.439000 14 0
-0.712000 -0.222000 -0.373000 1 0
0.000000 -0.000000 -0.000000 0 0
-0.906000 -0.240000 -0.405000 21 0
-0.914000 -0.251000 -0.441000 14 0
-0.909000 -0.261000 -0.472000 14 0
0.000000 -0.000000 -0.000000 0 0
-0.913000 -0.218000 -0.405000 23 0
-0.918000 -0.229000 -0.440000 14 0
-0.916000 -0.241000 -0.472000 14 0
-0.909000 -0.252000 -0.503000 21 0
-0.912000 -0.195000 -0.403000 21 0
-0.925000 -0.208000 -0.440000 14 0
-0.901000 -0.216000 -0.462000 12 0
-0.914000 -0.233000 -0.503000 21 0
-0.936000 -0.177000 -0.411000 23 0
-0.930000 -0.187000 -0.440000 14 0
-0.906000 -0.196000 -0.461000 12 0
-0.917000 -0.213000 -0.501000 21 0
-0.940000 -0.154000 -0.411000 23 0
-0.934000 -0.165000 -0.440000 14 0
-0.910000 -0.176000 -0.461000 12 0
-0.923000 -0.193000 -0.501000 21 0
-0.943000 -0.132000 -0.411000 23 0
-0.937000 -0.143000 -0.440000 14 0
-0.935000 -0.159000 -0.471000 14 0
-0.930000 -0.174000 -0.502000 21 0
-0.949000 -0.109000 -0.412000 23 0
-0.942000 -0.122000 -0.440000 14 0
-0.938000 -0.138000 -0.470000 14 0
-0.932000 -0.154000 -0.501000 22 0
-0.951000 -0.087000 -0.412000 23 0
-0.944000 -0.100000 -0.439000 14 0
-0.946000 -0.118000 -0.472000 14 0
-0.936000 -0.134000 -0.500000 21 0
-0.964000 -0.065000 -0.416000 23 0
-0.953000 -0.079000 -0.442000 14 0
-0.944000 -0.096000 -0.469000 14 0
-0.942000 -0.115000 -0.501000 17 0
-0.966000 -0.042000 -0.416000 20 0
-0.955000 -0.057000 -0.442000 14 0
-0.949000 -0.075000 -0.470000 14 0
-0.946000 -0.095000 -0.501000 18 0
-0.968000 -0.019000 -0.417000 19 0
-0.962000 -0.035000 -0.445000 14 0
-0.953000 -0.054000 -0.471000 14 0
-0.949000 -0.074000 -0.501000 18 0
-0.976000 0.003000 -0.420000 24 0
-0.969000 -0.013000 -0.447000 15 0
-0.964000 -0.033000 -0.475000 15 0
-0.962000 -0.055000 -0.506000 19 0
-0.979000 0.027000 -0.422000 24 0
-0.967000 0.008000 -0.446000 14 0
-0.967000 -0.012000 -0.476000 15 0
-0.958000 -0.034000 -0.502000 18 0
-0.982000 0.050000 -0.423000 24 0
-0.981000 0.031000 -0.452000 15 0
-0.970000 0.009000 -0.476000 15 0
-0.970000 -0.013000 -0.507000 22 0
-0.989000 0.074000 -0.427000 24 0
-0.983000 0.054000 -0.454000 15 0
-0.972000 0.030000 -0.477000 15 0
-0.967000 0.006000 -0.504000 21 0
-0.995000 0.099000 -0.430000 24 0
-0.989000 0.077000 -0.457000 14 0
-0.980000 0.053000 -0.481000 15 0
-0.974000 0.027000 -0.507000 22 0
-1.003000 0.123000 -0.435000 25 0
-0.992000 0.100000 -0.458000 18 0
-0.981000 0.075000 -0.481000 18 0
-0.978000 0.049000 -0.509000 17 0
-1.006000 0.148000 -0.438000 19 64
-0.998000 0.124000 -0.462000 18 0
-0.986000 0.097000 -0.484000 18 0
-0.985000 0.070000 -0.512000 22 0
-1.013000 0.174000 -0.443000 25 0
-1.005000 0.149000 -0.467000 18 0
-0.994000 0.120000 -0.488000 19 0
-0.988000 0.092000 -0.513000 23 0
-0.996000 0.195000 -0.437000 2 0
-1.009000 0.173000 -0.470000 18 0
-0.997000 0.144000 -0.490000 19 0
-0.989000 0.114000 -0.514000 22 0
-1.002000 0.221000 -0.442000 2 0
-1.006000 0.196000 -0.470000 3 0
-1.002000 0.167000 -0.494000 18 0
-0.997000 0.137000 -0.518000 17 64
-1.056000 0.259000 -0.469000 2 0
-0.998000 0.219000 -0.468000 2 0
-0.995000 0.189000 -0.491000 9 0
-0.999000 0.159000 -0.519000 17 64
-1.101000 0.298000 -0.492000 2 0
-1.043000 0.254000 -0.492000 2 1
-0.999000 0.213000 -0.495000 1 0
-0.993000 0.180000 -0.517000 13 64
-1.101000 0.326000 -0.495000 2 0
-1.098000 0.294000 -0.521000 2 0
-1.014000 0.240000 -0.504000 1 0
-0.993000 0.203000 -0.518000 1 64
-1.114000 0.359000 -0.505000 2 0
-1.098000 0.321000 -0.524000 2 0
-1.097000 0.286000 -0.548000 2 0
-1.000000 0.227000 -0.523000 1 0
-1.117000 0.389000 -0.511000 2 0
-1.114000 0.354000 -0.535000 2 0
-1.103000 0.314000 -0.553000 1 0
-1.081000 0.271000 -0.566000 1 0
-1.125000 0.422000 -0.519000 2 0
-1.117000 0.383000 -0.540000 2 0
-1.106000 0.342000 -0.557000 1 0
-1.100000 0.301000 -0.578000 1 0
-1.135000 0.456000 -0.529000 2 0
-1.125000 0.415000 -0.548000 2 0
-1.111000 0.371000 -0.563000 1 0
-1.097000 0.326000 -0.578000 1 0
-1.138000 0.489000 -0.536000 2 0
-1.129000 0.446000 -0.554000 1 0
-1.123000 0.403000 -0.572000 1 0
-1.111000 0.356000 -0.588000 1 0
-1.150000 0.526000 -0.548000 2 0
-1.142000 0.482000 -0.565000 2 0
-1.124000 0.432000 -0.577000 1 0
-1.113000 0.384000 -0.591000 1 64
-1.159000 0.563000 -0.558000 2 0
-1.150000 0.517000 -0.575000 1 0
-1.136000 0.466000 -0.587000 1 0
-1.120000 0.414000 -0.598000 1 0
-1.164000 0.600000 -0.568000 1 0
-1.152000 0.550000 -0.581000 1 0
-1.142000 0.499000 -0.595000 1 0
-1.129000 0.446000 -0.606000 1 0
-1.170000 0.638000 -0.578000 10 0
-1.162000 0.587000 -0.593000 2 0
-1.149000 0.533000 -0.603000 1 0
-1.135000 0.478000 -0.613000 1 0
-1.182000 0.681000 -0.592000 1 0
-1.171000 0.626000 -0.605000 1 0
-1.154000 0.567000 -0.611000 1 0
-1.125000 0.503000 -0.612000 14 0
-1.181000 0.717000 -0.600000 8 0
-1.173000 0.662000 -0.612000 8 0
-1.167000 0.607000 -0.624000 1 0
-1.142000 0.541000 -0.625000 1 64
-1.201000 0.768000 -0.620000 1 0
-1.191000 0.709000 -0.630000 1 0
-1.170000 0.642000 -0.632000 8 0
-1.155000 0.579000 -0.637000 9 0
-1.200000 0.807000 -0.629000 7 0
-1.191000 0.746000 -0.638000 7 0
-1.188000 0.687000 -0.648000 1 0
-1.167000 0.618000 -0.649000 1 0
-1.215000 0.859000 -0.648000 1 0
-1.215000 0.800000 -0.661000 1 0
-1.185000 0.721000 -0.654000 8 0
-1.173000 0.654000 -0.658000 8 0
-1.220000 0.906000 -0.663000 8 0
-1.204000 0.833000 -0.664000 7 0
-1.200000 0.768000 -0.670000 1 0
-1.179000 0.693000 -0.668000 1 0
-1.239000 0.966000 -0.686000 7 0
-1.216000 0.883000 -0.682000 8 0
-1.204000 0.809000 -0.681000 7 0
-1.190000 0.736000 -0.681000 7 0
-1.211000 0.989000 -0.683000 9 0
-1.230000 0.937000 -0.701000 8 0
-1.225000 0.864000 -0.703000 1 0
-1.198000 0.778000 -0.692000 0 0
-1.006000 0.148000 -0.438000 19 64
-0.998000 0.124000 -0.462000 18 0
-0.986000 0.097000 -0.484000 18 0
-0.985000 0.070000 -0.512000 22 0
-1.013000 0.174000 -0.443000 25 0
-1.005000 0.149000 -0.467000 18 0
-0.994000 0.120000 -0.488000 19 0
-0.988000 0.092000 -0.513000 23 0
-0.996000 0.195000 -0.437000 2 0
-1.009000 0.173000 -0.470000 18 0
-0.997000 0.144000 -0.490000 19 0
-0.989000 0.114000 -0.514000 22 0
-1.002000 0.221000 -0.442000 2 0
-1.006000 0.196000 -0.470000 3 0
-1.002000 0.167000 -0.494000 18 0
-0.997000 0.137000 -0.518000 17 64
-1.056000 0.259000 -0.469000 2 0
-0.998000 0.219000 -0.468000 2 0
-0.995000 0.189000 -0.491000 9 0
-0.999000 0.159000 -0.519000 17 64
-1.101000 0.298000 -0.492000 2 0
-1.043000 0.254000 -0.492000 2 1
-0.999000 0.213000 -0.495000 1 0
-0.993000 0.180000 -0.517000 13 64
-1.101000 0.326000 -0.495000 2 0
-1.098000 0.294000 -0.521000 2 0
-1.014000 0.240000 -0.504000 1 0
-0.993000 0.203000 -0.518000 1 64
-1.114000 0.359000 -0.505000 2 0
-1.098000 0.321000 -0.524000 2 0
-1.097000 0.286000 -0.548000 2 0
-1.000000 0.227000 -0.523000 1 0
-1.117000 0.389000 -0.511000 2 0
-1.114000 0.354000 -0.535000 2 0
-1.103000 0.314000 -0.553000 1 0
-1.081000 0.271000 -0.566000 1 0
-1.125000 0.422000 -0.519000 2 0
-1.117000 0.383000 -0.540000 2 0
-1.106000 0.342000 -0.557000 1 0
-1.100000 0.301000 -0.578000 1 0
-1.135000 0.456000 -0.529000 2 0
-1.125000 0.415000 -0.548000 2 0
-1.111000 0.371000 -0.563000 1 0
-1.097000 0.326000 -0.578000 1 0
-1.138000 0.489000 -0.536000 2 0
-1.129000 0.446000 -0.554000 1 0
-1.123000 0.403000 -0.572000 1 0
-1.111000 0.356000 -0.588000 1 0
-1.150000 0.526000 -0.548000 2 0
-1.142000 0.482000 -0.565000 2 0
-1.124000 0.432000 -0.577000 1 0
-1.113000 0.384000 -0.591000 1 64
-1.159000 0.563000 -0.558000 2 0
-1.150000 0.517000 -0.575000 1 0
-1.136000 0.466000 -0.587000 1 0
-1.120000 0.414000 -0.598000 1 0
-1.164000 0.600000 -0.568000 1 0
-1.152000 0.550000 -0.581000 1 0
-1.142000 0.499000 -0.595000 1 0
-1.129000 0.446000 -0.606000 1 0
-1.170000 0.638000 -0.578000 10 0
-1.162000 0.587000 -0.593000 2 0
-1.149000 0.533000 -0.603000 1 0
-1.135000 0.478000 -0.613000 1 0
-1.182000 0.681000 -0.592000 1 0
-1.171000 0.626000 -0.605000 1 0
-1.154000 0.567000 -0.611000 1 0
-1.125000 0.503000 -0.612000 14 0
-1.181000 0.717000 -0.600000 8 0
-1.173000 0.662000 -0.612000 8 0
-1.167000 0.607000 -0.624000 1 0
-1.142000 0.541000 -0.625000 1 64
-1.201000 0.768000 -0.620000 1 0
-1.191000 0.709000 -0.630000 1 0
-1.170000 0.642000 -0.632000 8 0
-1.155000 0.579000 -0.637000 9 0
-1.200000 0.807000 -0.629000 7 0
-1.191000 0.746000 -0.638000 7 0
-1.188000 0.687000 -0.648000 1 0
-1.167000 0.618000 -0.649000 1 0
-1.215000 0.859000 -0.648000 1 0
-1.215000 0.800000 -0.661000 1 0
-1.185000 0.721000 -0.654000 8 0
-1.173000 0.654000 -0.658000 8 0
-1.220000 0.906000 -0.663000 8 0
-1.204000 0.833000 -0.664000 7 0
-1.200000 0.768000 -0.670000 1 0
-1.179000 0.693000 -0.668000 1 0
-1.239000 0.966000 -0.686000 7 0
-1.216000 0.883000 -0.682000 8 0
-1.204000 0.809000 -0.681000 7 0
-1.190000 0.736000 -0.681000 7 0
-1.211000 0.989000 -0.683000 9 0
-1.230000 0.937000 -0.701000 8 0
-1.225000 0.864000 -0.703000 1 0
-1.198000 0.778000 -0.692000 0 0
-1.174000 1.005000 -0.676000 9 0
-1.233000 0.984000 -0.715000 8 0
-1.216000 0.899000 -0.707000 7 0
-1.211000 0.825000 -0.708000 7 0
-1.196000 1.072000 -0.703000 21 0
-1.185000 0.990000 -0.699000 8 0
-1.231000 0.954000 -0.727000 6 0
-1.219000 0.871000 -0.721000 6 0
-1.209000 1.135000 -0.726000 58 0
-1.170000 1.025000 -0.704000 7 0
-1.216000 0.987000 -0.729000 9 0
-1.226000 0.918000 -0.734000 7 0
-1.226000 1.206000 -0.754000 51 0
-1.201000 1.101000 -0.737000 50 0
-1.172000 0.996000 -0.715000 8 0
-1.239000 0.972000 -0.753000 7 0
-1.239000 1.276000 -0.780000 59 0
-1.211000 1.162000 -0.758000 54 0
-1.196000 1.065000 -0.743000 17 0
-1.202000 0.987000 -0.740000 8 0
-1.256000 1.354000 -0.811000 54 0
-1.235000 1.240000 -0.790000 52 0
-1.206000 1.123000 -0.762000 53 0
-1.176000 1.011000 -0.736000 7 0
-1.274000 1.438000 -0.844000 53 0
-1.249000 1.312000 -0.817000 62 0
-1.224000 1.193000 -0.789000 52 0
-1.203000 1.082000 -0.765000 33 1
-1.298000 1.534000 -0.884000 49 0
-1.265000 1.391000 -0.848000 52 0
-1.237000 1.261000 -0.813000 60 0
-1.208000 1.137000 -0.781000 52 0
-1.312000 1.624000 -0.920000 66 0
-1.283000 1.477000 -0.882000 59 0
-1.256000 1.340000 -0.844000 57 0
-1.223000 1.204000 -0.805000 55 0
-1.754000 2.277000 -1.267000 13 0
-1.303000 1.570000 -0.919000 47 0
-1.271000 1.419000 -0.874000 54 0
-1.242000 1.280000 -0.834000 55 0
-1.696000 2.308000 -1.264000 13 0
-1.309000 1.653000 -0.949000 103 0
-1.293000 1.511000 -0.910000 58 0
-1.261000 1.359000 -0.863000 57 0
-1.635000 2.336000 -1.260000 16 0
-1.699000 2.248000 -1.268000 13 0
-1.311000 1.604000 -0.945000 61 0
-1.281000 1.446000 -0.896000 55 0
-1.581000 2.371000 -1.260000 17 0
-1.645000 2.283000 -1.265000 15 0
-1.707000 2.188000 -1.264000 13 0
-1.303000 1.540000 -0.932000 61 0
-1.520000 2.395000 -1.256000 16 0
-1.589000 2.313000 -1.261000 16 0
-1.659000 2.230000 -1.263000 13 0
-1.311000 1.622000 -0.959000 75 0
-1.461000 2.422000 -1.254000 17 0
-1.535000 2.348000 -1.259000 15 0
-1.610000 2.270000 -1.261000 13 0
-1.679000 2.177000 -1.260000 14 0
-1.405000 2.453000 -1.254000 17 0
-1.481000 2.381000 -1.258000 16 0
-1.560000 2.308000 -1.260000 14 0
-1.641000 2.231000 -1.264000 14 0
-1.343000 2.472000 -1.249000 18 0
-1.426000 2.412000 -1.256000 16 0
-1.508000 2.345000 -1.257000 13 0
-1.591000 2.269000 -1.260000 14 0
-1.284000 2.496000 -1.247000 17 0
-1.367000 2.437000 -1.252000 16 0
-1.451000 2.373000 -1.252000 16 0
-1.544000 2.315000 -1.260000 14 0
-1.221000 2.512000 -1.243000 17 0
-1.310000 2.464000 -1.249000 16 0
-1.401000 2.414000 -1.253000 16 0
-1.492000 2.352000 -1.256000 14 0
-1.161000 2.532000 -1.240000 17 0
-1.253000 2.491000 -1.247000 17 0
-1.346000 2.445000 -1.250000 17 0
-1.443000 2.394000 -1.255000 15 0
-1.100000 2.548000 -1.237000 17 0
-1.195000 2.517000 -1.245000 17 0
-1.294000 2.483000 -1.251000 18 0
-1.390000 2.430000 -1.252000 16 0
-1.041000 2.570000 -1.237000 17 0
-1.137000 2.540000 -1.242000 16 0
-1.231000 2.500000 -1.242000 14 0
-1.336000 2.466000 -1.249000 16 0
-0.980000 2.584000 -1.234000 17 0
-1.075000 2.555000 -1.237000 16 0
-1.175000 2.530000 -1.240000 16 0
-1.282000 2.504000 -1.247000 16 0
-0.920000 2.598000 -1.232000 14 0
-1.016000 2.577000 -1.235000 17 0
-1.119000 2.560000 -1.239000 16 0
-1.223000 2.530000 -1.241000 16 0
-1.174000 1.005000 -0.676000 9 0
-1.233000 0.984000 -0.715000 8 0
-1.216000 0.899000 -0.707000 7 0
-1.211000 0.825000 -0.708000 7 0
-1.196000 1.072000 -0.703000 21 0
-1.185000 0.990000 -0.699000 8 0
-1.231000 0.954000 -0.727000 6 0
-1.219000 0.871000 -0.721000 6 0
-1.209000 1.135000 -0.726000 58 0
-1.170000 1.025000 -0.704000 7 0
-1.216000 0.987000 -0.729000 9 0
-1.226000 0.918000 -0.734000 7 0
-1.226000 1.206000 -0.754000 51 0
-1.201000 1.101000 -0.737000 50 0
-1.172000 0.996000 -0.715000 8 0
-1.239000 0.972000 -0.753000 7 0
-1.239000 1.276000 -0.780000 59 0
-1.211000 1.162000 -0.758000 54 0
-1.196000 1.065000 -0.743000 17 0
-1.202000 0.987000 -0.740000 8 0
-1.256000 1.354000 -0.811000 54 0
-1.235000 1.240000 -0.790000 52 0
-1.206000 1.123000 -0.762000 53 0
-1.176000 1.011000 -0.736000 7 0
-1.274000 1.438000 -0.844000 53 0
-1.249000 1.312000 -0.817000 62 0
-1.224000 1.193000 -0.789000 52 0
-1.203000 1.082000 -0.765000 33 1
-1.298000 1.534000 -0.884000 49 0
-1.265000 1.391000 -0.848000 52 0
-1.237000 1.261000 -0.813000 60 0
-1.208000 1.137000 -0.781000 52 0
-1.312000 1.624000 -0.920000 66 0
-1.283000 1.477000 -0.882000 59 0
-1.256000 1.340000 -0.844000 57 0
-1.223000 1.204000 -0.805000 55 0
-1.754000 2.277000 -1.267000 13 0
-1.303000 1.570000 -0.919000 47 0
-1.271000 1.419000 -0.874000 54 0
-1.242000 1.280000 -0.834000 55 0
-1.696000 2.308000 -1.264000 13 0
-1.309000 1.653000 -0.949000 103 0
-1.293000 1.511000 -0.910000 58 0
-1.261000 1.359000 -0.863000 57 0
-1.635000 2.336000 -1.260000 16 0
-1.699000 2.248000 -1.268000 13 0
-1.311000 1.604000 -0.945000 61 0
-1.281000 1.446000 -0.896000 55 0
-1.581000 2.371000 -1.260000 17 0
-1.645000 2.283000 -1.265000 15 0
-1.707000 2.188000 -1.264000 13 0
-1.303000 1.540000 -0.932000 61 0
-1.520000 2.395000 -1.256000 16 0
-1.589000 2.313000 -1.261000 16 0
-1.659000 2.230000 -1.263000 13 0
-1.311000 1.622000 -0.959000 75 0
-1.461000 2.422000 -1.254000 17 0
-1.535000 2.348000 -1.259000 15 0
-1.610000 2.270000 -1.261000 13 0
-1.679000 2.177000 -1.260000 14 0
-1.405000 2.453000 -1.254000 17 0
-1.481000 2.381000 -1.258000 16 0
-1.560000 2.308000 -1.260000 14 0
-1.641000 2.231000 -1.264000 14 0
-1.343000 2.472000 -1.249000 18 0
-1.426000 2.412000 -1.256000 16 0
-1.508000 2.345000 -1.257000 13 0
-1.591000 2.269000 -1.260000 14 0
-1.284000 2.496000 -1.247000 17 0
-1.367000 2.437000 -1.252000 16 0
-1.451000 2.373000 -1.252000 16 0
-1.544000 2.315000 -1.260000 14 0
-1.221000 2.512000 -1.243000 17 0
-1.310000 2.464000 -1.249000 16 0
-1.401000 2.414000 -1.253000 16 0
-1.492000 2.352000 -1.256000 14 0
-1.161000 2.532000 -1.240000 17 0
-1.253000 2.491000 -1.247000 17 0
-1.346000 2.445000 -1.250000 17 0
-1.443000 2.394000 -1.255000 15 0
-1.100000 2.548000 -1.237000 17 0
-1.195000 2.517000 -1.245000 17 0
-1.294000 2.483000 -1.251000 18 0
-1.390000 2.430000 -1.252000 16 0
-1.041000 2.570000 -1.237000 17 0
-1.137000 2.540000 -1.242000 16 0
-1.231000 2.500000 -1.242000 14 0
-1.336000 2.466000 -1.249000 16 0
-0.980000 2.584000 -1.234000 17 0
-1.075000 2.555000 -1.237000 16 0
-1.175000 2.530000 -1.240000 16 0
-1.282000 2.504000 -1.247000 16 0
-0.920000 2.598000 -1.232000 14 0
-1.016000 2.577000 -1.235000 17 0
-1.119000 2.560000 -1.239000 16 0
-1.223000 2.530000 -1.241000 16 0
-0.861000 2.615000 -1.232000 14 0
-0.958000 2.598000 -1.234000 16 0
-1.059000 2.583000 -1.234000 16 0
-1.170000 2.569000 -1.241000 17 0
-0.798000 2.622000 -1.227000 16 0
-0.897000 2.614000 -1.230000 15 0
-1.003000 2.615000 -1.235000 18 0
-1.112000 2.601000 -1.238000 16 0
-0.739000 2.638000 -1.228000 16 0
-0.839000 2.636000 -1.230000 13 0
-0.942000 2.633000 -1.231000 16 0
-1.054000 2.631000 -1.236000 17 0
-0.677000 2.642000 -1.223000 21 0
-0.779000 2.652000 -1.228000 17 0
-0.881000 2.653000 -1.227000 13 0
-0.986000 2.638000 -1.223000 29 0
-0.618000 2.653000 -1.223000 21 0
-0.717000 2.664000 -1.225000 18 0
-0.821000 2.675000 -1.225000 13 0
-0.929000 2.674000 -1.224000 20 0
-0.557000 2.659000 -1.221000 20 0
-0.658000 2.681000 -1.225000 19 0
-0.761000 2.698000 -1.224000 13 0
-0.872000 2.711000 -1.226000 14 0
-0.497000 2.668000 -1.220000 21 0
-0.598000 2.697000 -1.224000 21 0
-0.701000 2.722000 -1.224000 18 0
-0.812000 2.744000 -1.226000 13 0
-0.436000 2.667000 -1.216000 21 0
-0.536000 2.705000 -1.221000 18 0
-0.638000 2.734000 -1.220000 19 0
-0.750000 2.769000 -1.224000 16 0
-0.376000 2.670000 -1.214000 21 0
-0.475000 2.716000 -1.220000 21 0
-0.576000 2.756000 -1.220000 18 0
-0.686000 2.791000 -1.221000 17 0
-0.317000 2.674000 -1.213000 21 0
-0.413000 2.725000 -1.218000 21 0
-0.512000 2.761000 -1.214000 19 0
-0.621000 2.808000 -1.216000 17 0
-0.256000 2.672000 -1.210000 21 0
-0.351000 2.728000 -1.215000 21 0
-0.449000 2.782000 -1.214000 19 0
-0.559000 2.840000 -1.219000 15 0
-0.198000 2.680000 -1.213000 9 0
-0.290000 2.736000 -1.214000 21 0
-0.386000 2.792000 -1.212000 18 0
-0.492000 2.854000 -1.214000 15 0
0.000000 -0.000000 -0.000000 0 0
-0.228000 2.737000 -1.210000 16 0
-0.322000 2.805000 -1.211000 19 0
-0.427000 2.878000 -1.215000 15 0
0.000000 -0.000000 -0.000000 0 128
0.000000 -0.000000 -0.000000 0 0
-0.258000 2.812000 -1.207000 19 0
-0.360000 2.895000 -1.213000 15 0
0.000000 -0.000000 -0.000000 0 128
0.000000 -0.000000 -0.000000 0 192
-0.194000 2.836000 -1.212000 4 0
-0.292000 2.904000 -1.208000 15 0
0.000000 -0.000000 -0.000000 0 192
0.000000 -0.000000 -0.000000 0 128
0.000000 -0.000000 -0.000000 0 0
-0.225000 2.926000 -1.210000 11 0
0.000000 -0.000000 -0.000000 0 128
0.000000 -0.000000 -0.000000 0 128
0.000000 -0.000000 -0.000000 0 128
0.000000 -0.000000 -0.000000 0 0
0.000000 -0.000000 -0.000000 0 128
0.000000 -0.000000 -0.000000 0 128
0.000000 -0.000000 -0.000000 0 128
0.000000 -0.000000 -0.000000 0 192
0.000000 -0.000000 -0.000000 0 128
0.000000 -0.000000 -0.000000 0 128
0.000000 -0.000000 -0.000000 0 128
0.000000 -0.000000 -0.000000 0 128
0.000000 -0.000000 -0.000000 0 128
0.000000 -0.000000 -0.000000 0 128
0.000000 -0.000000 -0.000000 0 128
0.000000 -0.000000 -0.000000 0 192
0.193000 1.564000 -0.714000 21 0
0.000000 -0.000000 -0.000000 0 128
0.000000 -0.000000 -0.000000 0 192
0.000000 -0.000000 -0.000000 0 128
0.226000 1.546000 -0.708000 52 0
0.187000 1.576000 -0.692000 12 0
0.000000 -0.000000 -0.000000 0 128
0.000000 -0.000000 -0.000000 0 192
0.262000 1.557000 -0.717000 55 0
0.219000 1.546000 -0.681000 54 0
0.184000 1.584000 -0.666000 0 64
0.000000 -0.000000 -0.000000 0 128
0.299000 1.568000 -0.724000 47 0
0.256000 1.555000 -0.686000 56 0
0.215000 1.538000 -0.647000 54 0
0.000000 -0.000000 -0.000000 0 128
-0.861000 2.615000 -1.232000 14 0
-0.958000 2.598000 -1.234000 16 0
-1.059000 2.583000 -1.234000 16 0
-1.170000 2.569000 -1.241000 17 0
-0.798000 2.622000 -1.227000 16 0
-0.897000 2.614000 -1.230000 15 0
-1.003000 2.615000 -1.235000 18 0
-1.112000 2.601000 -1.238000 16 0
-0.739000 2.638000 -1.228000 16 0
-0.839000 2.636000 -1.230000 13 0
-0.942000 2.633000 -1.231000 16 0
-1.054000 2.631000 -1.236000 17 0
-0.677000 2.642000 -1.223000 21 0
-0.779000 2.652000 -1.228000 17 0
-0.881000 2.653000 -1.227000 13 0
-0.986000 2.638000 -1.223000 29 0
-0.618000 2.653000 -1.223000 21 0
-0.717000 2.664000 -1.225000 18 0
-0.821000 2.675000 -1.225000 13 0
-0.929000 2.674000 -1.224000 20 0
-0.557000 2.659000 -1.221000 20 0
-0.658000 2.681000 -1.225000 19 0
-0.761000 2.698000 -1.224000 13 0
-0.872000 2.711000 -1.226000 14 0
-0.497000 2.668000 -1.220000 21 0
-0.598000 2.697000 -1.224000 21 0
-0.701000 2.722000 -1.224000 18 0
-0.812000 2.744000 -1.226000 13 0
-0.436000 2.667000 -1.216000 21 0
-0.536000 2.705000 -1.221000 18 0
-0.638000 2.734000 -1.220000 19 0
-0.750000 2.769000 -1.224000 16 0
-0.376000 2.670000 -1.214000 21 0
-0.475000 2.716000 -1.220000 21 0
-0.576000 2.756000 -1.220000 18 0
-0.686000 2.791000 -1.221000 17 0
-0.317000 2.674000 -1.213000 21 0
-0.413000 2.725000 -1.218000 21 0
-0.512000 2.761000 -1.214000 19 0
-0.621000 2.808000 -1.216000 17 0
-0.256000 2.672000 -1.210000 21 0
-0.351000 2.728000 -1.215000 21 0
-0.449000 2.782000 -1.214000 19 0
-0.559000 2.840000 -1.219000 15 0
-0.198000 2.680000 -1.213000 9 0
-0.290000 2.736000 -1.214000 21 0
-0.386000 2.792000 -1.212000 18 0
-0.492000 2.854000 -1.214000 15 0
0.000000 -0.000000 -0.000000 0 0
-0.228000 2.737000 -1.210000 16 0
-0.322000 2.805000 -1.211000 19 0
-0.427000 2.878000 -1.215000 15 0
0.000000 -0.000000 -0.000000 0 128
0.000000 -0.000000 -0.000000 0 0
-0.258000 2.812000 -1.207000 19 0
-0.360000 2.895000 -1.213000 15 0
0.000000 -0.000000 -0.000000 0 128
0.000000 -0.000000 -0.000000 0 192
-0.194000 2.836000 -1.212000 4 0
-0.292000 2.904000 -1.208000 15 0
0.000000 -0.000000 -0.000000 0 192
0.000000 -0.000000 -0.000000 0 128
0.000000 -0.000000 -0.000000 0 0
-0.225000 2.926000 -1.210000 11 0
0.000000 -0.000000 -0.000000 0 128
0.000000 -0.000000 -0.000000 0 128
0.000000 -0.000000 -0.000000 0 128
0.000000 -0.000000 -0.000000 0 0
0.000000 -0.000000 -0.000000 0 128
0.000000 -0.000000 -0.000000 0 128
0.000000 -0.000000 -0.000000 0 128
0.000000 -0.000000 -0.000000 0 192
0.000000 -0.000000 -0.000000 0 128
0.000000 -0.000000 -0.000000 0 128
0.000000 -0.000000 -0.000000 0 128
0.000000 -0.000000 -0.000000 0 128
0.000000 -0.000000 -0.000000 0 128
0.000000 -0.000000 -0.000000 0 128
0.000000 -0.000000 -0.000000 0 128
0.000000 -0.000000 -0.000000 0 192
0.193000 1.564000 -0.714000 21 0
0.000000 -0.000000 -0.000000 0 128
0.000000 -0.000000 -0.000000 0 192
0.000000 -0.000000 -0.000000 0 128
0.226000 1.546000 -0.708000 52 0
0.187000 1.576000 -0.692000 12 0
0.000000 -0.000000 -0.000000 0 128
0.000000 -0.000000 -0.000000 0 192
0.262000 1.557000 -0.717000 55 0
0.219000 1.546000 -0.681000 54 0
0.184000 1.584000 -0.666000 0 64
0.000000 -0.000000 -0.000000 0 128
0.299000 1.568000 -0.724000 47 0
0.256000 1.555000 -0.686000 56 0
0.215000 1.538000 -0.647000 54 0
0.000000 -0.000000 -0.000000 0 128
0.336000 1.576000 -0.732000 49 0
0.293000 1.561000 -0.691000 53 0
0.254000 1.559000 -0.656000 12 0
0.212000 1.545000 -0.618000 52 0
0.376000 1.592000 -0.742000 45 0
0.332000 1.574000 -0.698000 45 0
0.293000 1.565000 -0.659000 52 0
0.251000 1.552000 -0.621000 52 0
0.413000 1.593000 -0.747000 44 0
0.373000 1.591000 -0.709000 47 0
0.332000 1.576000 -0.665000 55 0
0.291000 1.565000 -0.626000 52 0
0.454000 1.607000 -0.758000 42 0
0.413000 1.599000 -0.715000 46 0
0.373000 1.584000 -0.670000 52 0
0.332000 1.572000 -0.629000 53 0
0.496000 1.619000 -0.769000 40 0
0.452000 1.603000 -0.721000 45 0
0.415000 1.596000 -0.677000 49 0
0.375000 1.587000 -0.636000 46 0
0.536000 1.626000 -0.777000 38 0
0.497000 1.619000 -0.732000 40 0
0.457000 1.606000 -0.684000 44 0
0.418000 1.596000 -0.641000 45 0
0.581000 1.639000 -0.790000 38 0
0.541000 1.634000 -0.743000 39 0
0.501000 1.616000 -0.691000 45 0
0.462000 1.608000 -0.647000 45 0
0.623000 1.646000 -0.799000 44 0
0.583000 1.635000 -0.748000 44 0
0.547000 1.630000 -0.701000 43 0
0.509000 1.623000 -0.656000 43 0
0.673000 1.667000 -0.816000 41 0
0.630000 1.650000 -0.760000 40 0
0.593000 1.642000 -0.710000 38 0
0.555000 1.632000 -0.662000 43 0
0.726000 1.692000 -0.836000 49 0
0.676000 1.660000 -0.770000 42 0
0.641000 1.652000 -0.718000 47 0
0.604000 1.647000 -0.671000 44 0
0.764000 1.680000 -0.838000 62 0
0.727000 1.676000 -0.784000 41 0
0.692000 1.669000 -0.731000 40 0
0.653000 1.655000 -0.677000 46 0
0.799000 1.662000 -0.837000 150 0
0.781000 1.696000 -0.800000 38 0
0.744000 1.681000 -0.741000 40 0
0.703000 1.663000 -0.685000 44 0
0.966000 1.903000 -0.968000 61 2
0.962000 1.972000 -0.939000 40 0
0.827000 1.758000 -0.782000 150 0
0.760000 1.684000 -0.698000 48 0
1.072000 2.003000 -1.030000 42 0
1.027000 1.991000 -0.957000 43 0
0.984000 1.973000 -0.885000 40 0
0.939000 1.956000 -0.817000 53 0
1.133000 2.013000 -1.047000 38 0
1.095000 2.010000 -0.976000 43 0
1.054000 1.995000 -0.903000 38 0
1.010000 1.979000 -0.833000 38 0
1.203000 2.033000 -1.070000 37 0
1.162000 2.024000 -0.994000 38 0
1.125000 2.016000 -0.922000 41 0
1.079000 1.994000 -0.847000 36 0
1.269000 2.042000 -1.089000 34 0
1.233000 2.042000 -1.015000 37 0
1.199000 2.034000 -0.940000 42 0
1.158000 2.023000 -0.868000 36 0
1.395000 2.141000 -1.157000 15 0
1.343000 2.114000 -1.064000 123 0
1.275000 2.053000 -0.960000 36 0
1.234000 2.039000 -0.884000 37 0
1.440000 2.111000 -1.156000 14 0
1.501000 2.251000 -1.147000 16 0
1.570000 2.401000 -1.136000 14 0
1.549000 2.425000 -1.063000 96 0
1.486000 2.080000 -1.155000 7 0
1.471000 2.103000 -1.087000 14 0
1.469000 2.138000 -1.025000 14 0
1.559000 2.316000 -1.028000 7 0
0.000000 -0.000000 -0.000000 0 0
0.000000 -0.000000 -0.000000 0 0
0.000000 -0.000000 -0.000000 0 0
0.000000 -0.000000 -0.000000 0 0
0.000000 -0.000000 -0.000000 0 128
0.000000 -0.000000 -0.000000 0 128
0.000000 -0.000000 -0.000000 0 128
0.000000 -0.000000 -0.000000 0 128
0.000000 -0.000000 -0.000000 0 128
0.000000 -0.000000 -0.000000 0 128
0.000000 -0.000000 -0.000000 0 128
0.000000 -0.000000 -0.000000 0 128
0.000000 -0.000000 -0.000000 0 128
0.000000 -0.000000 -0.000000 0 0
0.000000 -0.000000 -0.000000 0 0
0.000000 -0.000000 -0.000000 0 128
0.336000 1.576000 -0.732000 49 0
0.293000 1.561000 -0.691000 53 0
0.254000 1.559000 -0.656000 12 0
0.212000 1.545000 -0.618000 52 0
0.376000 1.592000 -0.742000 45 0
0.332000 1.574000 -0.698000 45 0
0.293000 1.565000 -0.659000 52 0
0.251000 1.552000 -0.621000 52 0
0.413000 1.593000 -0.747000 44 0
0.373000 1.591000 -0.709000 47 0
0.332000 1.576000 -0.665000 55 0
0.291000 1.565000 -0.626000 52 0
0.454000 1.607000 -0.758000 42 0
0.413000 1.599000 -0.715000 46 0
0.373000 1.584000 -0.670000 52 0
0.332000 1.572000 -0.629000 53 0
0.496000 1.619000 -0.769000 40 0
0.452000 1.603000 -0.721000 45 0
0.415000 1.596000 -0.677000 49 0
0.375000 1.587000 -0.636000 46 0
0.536000 1.626000 -0.777000 38 0
0.497000 1.619000 -0.732000 40 0
0.457000 1.606000 -0.684000 44 0
0.418000 1.596000 -0.641000 45 0
0.581000 1.639000 -0.790000 38 0
0.541000 1.634000 -0.743000 39 0
0.501000 1.616000 -0.691000 45 0
0.462000 1.608000 -0.647000 45 0
0.623000 1.646000 -0.799000 44 0
0.583000 1.635000 -0.748000 44 0
0.547000 1.630000 -0.701000 43 0
0.509000 1.623000 -0.656000 43 0
0.673000 1.667000 -0.816000 41 0
0.630000 1.650000 -0.760000 40 0
0.593000 1.642000 -0.710000 38 0
0.555000 1.632000 -0.662000 43 0
0.726000 1.692000 -0.836000 49 0
0.676000 1.660000 -0.770000 42 0
0.641000 1.652000 -0.718000 47 0
0.604000 1.647000 -0.671000 44 0
0.764000 1.680000 -0.838000 62 0
0.727000 1.676000 -0.784000 41 0
0.692000 1.669000 -0.731000 40 0
0.653000 1.655000 -0.677000 46 0
0.799000 1.662000 -0.837000 150 0
0.781000 1.696000 -0.800000 38 0
0.744000 1.681000 -0.741000 40 0
0.703000 1.663000 -0.685000 44 0
0.966000 1.903000 -0.968000 61 2
0.962000 1.972000 -0.939000 40 0
0.827000 1.758000 -0.782000 150 0
0.760000 1.684000 -0.698000 48 0
1.072000 2.003000 -1.030000 42 0
1.027000 1.991000 -0.957000 43 0
0.984000 1.973000 -0.885000 40 0
0.939000 1.956000 -0.817000 53 0
1.133000 2.013000 -1.047000 38 0
1.095000 2.010000 -0.976000 43 0
1.054000 1.995000 -0.903000 38 0
1.010000 1.979000 -0.833000 38 0
1.203000 2.033000 -1.070000 37 0
1.162000 2.024000 -0.994000 38 0
1.125000 2.016000 -0.922000 41 0
1.079000 1.994000 -0.847000 36 0
1.269000 2.042000 -1.089000 34 0
1.233000 2.042000 -1.015000 37 0
1.199000 2.034000 -0.940000 42 0
1.158000 2.023000 -0.868000 36 0
1.395000 2.141000 -1.157000 15 0
1.343000 2.114000 -1.064000 123 0
1.275000 2.053000 -0.960000 36 0
1.234000 2.039000 -0.884000 37 0
1.440000 2.111000 -1.156000 14 0
1.501000 2.251000 -1.147000 16 0
1.570000 2.401000 -1.136000 14 0
1.549000 2.425000 -1.063000 96 0
1.486000 2.080000 -1.155000 7 0
1.471000 2.103000 -1.087000 14 0
1.469000 2.138000 -1.025000 14 0
1.559000 2.316000 -1.028000 7 0
0.000000 -0.000000 -0.000000 0 0
0.000000 -0.000000 -0.000000 0 0
0.000000 -0.000000 -0.000000 0 0
0.000000 -0.000000 -0.000000 0 0
0.000000 -0.000000 -0.000000 0 128
0.000000 -0.000000 -0.000000 0 128
0.000000 -0.000000 -0.000000 0 128
0.000000 -0.000000 -0.000000 0 128
0.000000 -0.000000 -0.000000 0 128
0.000000 -0.000000 -0.000000 0 128
0.000000 -0.000000 -0.000000 0 128
0.000000 -0.000000 -0.000000 0 128
0.000000 -0.000000 -0.000000 0 128
0.000000 -0.000000 -0.000000 0 0
0.000000 -0.000000 -0.000000 0 0
0.000000 -0.000000 -0.000000 0 128
0.000000 -0.000000 -0.000000 0 128
0.000000 -0.000000 -0.000000 0 0
0.000000 -0.000000 -0.000000 0 0
0.000000 -0.000000 -0.000000 0 128
0.000000 -0.000000 -0.000000 0 128
0.000000 -0.000000 -0.000000 0 0
0.000000 -0.000000 -0.000000 0 0
0.000000 -0.000000 -0.000000 0 128
0.000000 -0.000000 -0.000000 0 128
0.000000 -0.000000 -0.000000 0 0
0.000000 -0.000000 -0.000000 0 0
0.000000 -0.000000 -0.000000 0 128
0.000000 -0.000000 -0.000000 0 128
0.000000 -0.000000 -0.000000 0 0
0.000000 -0.000000 -0.000000 0 0
0.000000 -0.000000 -0.000000 0 0
0.000000 -0.000000 -0.000000 0 128
0.000000 -0.000000 -0.000000 0 0
0.000000 -0.000000 -0.000000 0 0
0.000000 -0.000000 -0.000000 0 0
0.000000 -0.000000 -0.000000 0 128
0.000000 -0.000000 -0.000000 0 0
0.000000 -0.000000 -0.000000 0 0
0.000000 -0.000000 -0.000000 0 0
0.000000 -0.000000 -0.000000 0 128
0.000000 -0.000000 -0.000000 0 0
0.000000 -0.000000 -0.000000 0 0
0.000000 -0.000000 -0.000000 0 128
0.000000 -0.000000 -0.000000 0 128
0.000000 -0.000000 -0.000000 0 128
0.000000 -0.000000 -0.000000 0 0
0.000000 -0.000000 -0.000000 0 128
0.000000 -0.000000 -0.000000 0 128
0.000000 -0.000000 -0.000000 0 128
0.000000 -0.000000 -0.000000 0 0
0.000000 -0.000000 -0.000000 0 128
0.000000 -0.000000 -0.000000 0 192
0.000000 -0.000000 -0.000000 0 128
0.000000 -0.000000 -0.000000 0 0
0.000000 -0.000000 -0.000000 0 0
0.000000 -0.000000 -0.000000 0 128
0.000000 -0.000000 -0.000000 0 128
0.000000 -0.000000 -0.000000 0 0
0.000000 -0.000000 -0.000000 0 0
0.000000 -0.000000 -0.000000 0 0
0.000000 -0.000000 -0.000000 0 0
0.000000 -0.000000 -0.000000 0 0
0.000000 -0.000000 -0.000000 0 0
0.000000 -0.000000 -0.000000 0 0
0.000000 -0.000000 -0.000000 0 0
0.000000 -0.000000 -0.000000 0 0
0.000000 -0.000000 -0.000000 0 0
0.000000 -0.000000 -0.000000 0 0
0.000000 -0.000000 -0.000000 0 0
0.000000 -0.000000 -0.000000 0 0
0.000000 -0.000000 -0.000000 0 0
0.000000 -0.000000 -0.000000 0 0
0.000000 -0.000000 -0.000000 0 0
0.000000 -0.000000 -0.000000 0 0
0.000000 -0.000000 -0.000000 0 0
0.000000 -0.000000 -0.000000 0 0
0.000000 -0.000000 -0.000000 0 0
0.000000 -0.000000 -0.000000 0 0
0.000000 -0.000000 -0.000000 0 0
0.000000 -0.000000 -0.000000 0 0
0.000000 -0.000000 -0.000000 0 0
0.000000 -0.000000 -0.000000 0 0
0.000000 -0.000000 -0.000000 0 0
0.000000 -0.000000 -0.000000 0 0
0.000000 -0.000000 -0.000000 0 0
0.000000 -0.000000 -0.000000 0 0
0.000000 -0.000000 -0.000000 0 0
0.000000 -0.000000 -0.000000 0 0
0.000000 -0.000000 -0.000000 0 0
0.000000 -0.000000 -0.000000 0 0
0.000000 -0.000000 -0.000000 0 0
0.000000 -0.000000 -0.000000 0 0
0.000000 -0.000000 -0.000000 0 0
0.000000 -0.000000 -0.000000 0 0
0.000000 -0.000000 -0.000000 0 0
0.000000 -0.000000 -0.000000 0 0
0.000000 -0.000000 -0.000000 0 0
0.000000 -0.000000 -0.000000 0 0
0.000000 -0.000000 -0.000000 0 0
0.000000 -0.000000 -0.000000 0 0
0.000000 -0.000000 -0.000000 0 0
0.000000 -0.000000 -0.000000 0 0
0.000000 -0.000000 -0.000000 0 0
0.000000 -0.000000 -0.000000 0 0
0.000000 -0.000000 -0.000000 0 0
0.000000 -0.000000 -0.000000 0 0
0.000000 -0.000000 -0.000000 0 0
0.000000 -0.000000 -0.000000 0 0
0.000000 -0.000000 -0.000000 0 0
0.000000 -0.000000 -0.000000 0 0
0.000000 -0.000000 -0.000000 0 0
0.000000 -0.000000 -0.000000 0 128
0.000000 -0.000000 -0.000000 0 0
0.000000 -0.000000 -0.000000 0 0
0.000000 -0.000000 -0.000000 0 128
0.000000 -0.000000 -0.000000 0 128
0.000000 -0.000000 -0.000000 0 0
0.000000 -0.000000 -0.000000 0 0
0.000000 -0.000000 -0.000000 0 128
0.000000 -0.000000 -0.000000 0 128
0.000000 -0.000000 -0.000000 0 0
0.000000 -0.000000 -0.000000 0 0
0.000000 -0.000000 -0.000000 0 128
0.000000 -0.000000 -0.000000 0 128
0.000000 -0.000000 -0.000000 0 0
0.000000 -0.000000 -0.000000 0 0
0.000000 -0.000000 -0.000000 0 0
0.000000 -0.000000 -0.000000 0 128
0.000000 -0.000000 -0.000000 0 0
0.000000 -0.000000 -0.000000 0 0
0.000000 -0.000000 -0.000000 0 0
0.000000 -0.000000 -0.000000 0 128
0.000000 -0.000000 -0.000000 0 0
0.000000 -0.000000 -0.000000 0 0
0.000000 -0.000000 -0.000000 0 0
0.000000 -0.000000 -0.000000 0 128
0.000000 -0.000000 -0.000000 0 0
0.000000 -0.000000 -0.000000 0 0
0.000000 -0.000000 -0.000000 0 128
0.000000 -0.000000 -0.000000 0 128
0.000000 -0.000000 -0.000000 0 128
0.000000 -0.000000 -0.000000 0 0
0.000000 -0.000000 -0.000000 0 128
0.000000 -0.000000 -0.000000 0 128
0.000000 -0.000000 -0.000000 0 128
0.000000 -0.000000 -0.000000 0 0
0.000000 -0.000000 -0.000000 0 128
0.000000 -0.000000 -0.000000 0 192
0.000000 -0.000000 -0.000000 0 128
0.000000 -0.000000 -0.000000 0 0
0.000000 -0.000000 -0.000000 0 0
0.000000 -0.000000 -0.000000 0 128
0.000000 -0.000000 -0.000000 0 128
0.000000 -0.000000 -0.000000 0 0
0.000000 -0.000000 -0.000000 0 0
0.000000 -0.000000 -0.000000 0 0
0.000000 -0.000000 -0.000000 0 0
0.000000 -0.000000 -0.000000 0 0
0.000000 -0.000000 -0.000000 0 0
0.000000 -0.000000 -0.000000 0 0
0.000000 -0.000000 -0.000000 0 0
0.000000 -0.000000 -0.000000 0 0
0.000000 -0.000000 -0.000000 0 0
0.000000 -0.000000 -0.000000 0 0
0.000000 -0.000000 -0.000000 0 0
0.000000 -0.000000 -0.000000 0 0
0.000000 -0.000000 -0.000000 0 0
0.000000 -0.000000 -0.000000 0 0
0.000000 -0.000000 -0.000000 0 0
0.000000 -0.000000 -0.000000 0 0
0.000000 -0.000000 -0.000000 0 0
0.000000 -0.000000 -0.000000 0 0
0.000000 -0.000000 -0.000000 0 0
0.000000 -0.000000 -0.000000 0 0
0.000000 -0.000000 -0.000000 0 0
0.000000 -0.000000 -0.000000 0 0
0.000000 -0.000000 -0.000000 0 0
0.000000 -0.000000 -0.000000 0 0
0.000000 -0.000000 -0.000000 0 0
0.000000 -0.000000 -0.000000 0 0
0.000000 -0.000000 -0.000000 0 0
0.000000 -0.000000 -0.000000 0 0
0.000000 -0.000000 -0.000000 0 0
0.000000 -0.000000 -0.000000 0 0
0.000000 -0.000000 -0.000000 0 0
0.000000 -0.000000 -0.000000 0 0
0.000000 -0.000000 -0.000000 0 0
0.000000 -0.000000 -0.000000 0 0
0.000000 -0.000000 -0.000000 0 0
0.000000 -0.000000 -0.000000 0 0
0.000000 -0.000000 -0.000000 0 0
0.000000 -0.000000 -0.000000 0 0
0.000000 -0.000000 -0.000000 0 0
0.000000 -0.000000 -0.000000 0 0
0.000000 -0.000000 -0.000000 0 0
0.000000 -0.000000 -0.000000 0 0
0.000000 -0.000000 -0.000000 0 0
0.000000 -0.000000 -0.000000 0 0
0.000000 -0.000000 -0.000000 0 0
0.000000 -0.000000 -0.000000 0 0
0.000000 -0.000000 -0.000000 0 0
0.000000 -0.000000 -0.000000 0 0
0.000000 -0.000000 -0.000000 0 0
0.000000 -0.000000 -0.000000 0 0
0.000000 -0.000000 -0.000000 0 0
0.000000 -0.000000 -0.000000 0 0
0.000000 -0.000000 -0.000000 0 0
0.000000 -0.000000 -0.000000 0 0
0.000000 -0.000000 -0.000000 0 0
0.000000 -0.000000 -0.000000 0 0
0.000000 -0.000000 -0.000000 0 0
0.000000 -0.000000 -0.000000 0 0
0.000000 -0.000000 -0.000000 0 0
0.000000 -0.000000 -0.000000 0 0
0.000000 -0.000000 -0.000000 0 0
0.000000 -0.000000 -0.000000 0 0
0.000000 -0.000000 -0.000000 0 0
0.000000 -0.000000 -0.000000 0 0
0.000000 -0.000000 -0.000000 0 0
0.000000 -0.000000 -0.000000 0 0
0.000000 -0.000000 -0.000000 0 0
0.000000 -0.000000 -0.000000 0 0
0.000000 -0.000000 -0.000000 0 0
0.000000 -0.000000 -0.000000 0 0
0.000000 -0.000000 -0.000000 0 0
0.000000 -0.000000 -0.000000 0 0
0.000000 -0.000000 -0.000000 0 0
0.000000 -0.000000 -0.000000 0 0
0.000000 -0.000000 -0.000000 0 0
0.000000 -0.000000 -0.000000 0 0
0.000000 -0.000000 -0.000000 0 0
0.000000 -0.000000 -0.000000 0 0
0.000000 -0.000000 -0.000000 0 0
0.000000 -0.000000 -0.000000 0 0
0.000000 -0.000000 -0.000000 0 0
0.000000 -0.000000 -0.000000 0 0
0.000000 -0.000000 -0.000000 0 0
0.000000 -0.000000 -0.000000 0 0
0.000000 -0.000000 -0.000000 0 0
0.000000 -0.000000 -0.000000 0 0
0.000000 -0.000000 -0.000000 0 0
0.000000 -0.000000 -0.000000 0 0
0.000000 -0.000000 -0.000000 0 0
0.000000 -0.000000 -0.000000 0 0
0.000000 -0.000000 -0.000000 0 0
0.000000 -0.000000 -0.000000 0 0
0.000000 -0.000000 -0.000000 0 0
0.000000 -0.000000 -0.000000 0 0
0.000000 -0.000000 -0.000000 0 0
0.000000 -0.000000 -0.000000 0 0
0.000000 -0.000000 -0.000000 0 0
0.000000 -0.000000 -0.000000 0 0
0.000000 -0.000000 -0.000000 0 0
0.000000 -0.000000 -0.000000 0 0
0.000000 -0.000000 -0.000000 0 0
0.000000 -0.000000 -0.000000 0 128
0.000000 -0.000000 -0.000000 0 0
0.000000 -0.000000 -0.000000 0 0
0.000000 -0.000000 -0.000000 0 0
0.000000 -0.000000 -0.000000 0 0
0.000000 -0.000000 -0.000000 0 0
0.000000 -0.000000 -0.000000 0 0
0.000000 -0.000000 -0.000000 0 0
0.000000 -0.000000 -0.000000 0 0
0.000000 -0.000000 -0.000000 0 0
0.000000 -0.000000 -0.000000 0 0
0.000000 -0.000000 -0.000000 0 0
0.000000 -0.000000 -0.000000 0 0
0.000000 -0.000000 -0.000000 0 0
0.000000 -0.000000 -0.000000 0 0
0.000000 -0.000000 -0.000000 0 0
0.000000 -0.000000 -0.000000 0 0
0.000000 -0.000000 -0.000000 0 0
0.000000 -0.000000 -0.000000 0 0
0.000000 -0.000000 -0.000000 0 0
0.000000 -0.000000 -0.000000 0 0
0.000000 -0.000000 -0.000000 0 0
0.000000 -0.000000 -0.000000 0 0
0.000000 -0.000000 -0.000000 0 0
0.000000 -0.000000 -0.000000 0 0
0.000000 -0.000000 -0.000000 0 0
0.000000 -0.000000 -0.000000 0 0
0.000000 -0.000000 -0.000000 0 0
0.000000 -0.000000 -0.000000 0 0
0.000000 -0.000000 -0.000000 0 0
0.000000 -0.000000 -0.000000 0 0
0.000000 -0.000000 -0.000000 0 0
0.000000 -0.000000 -0.000000 0 0
0.000000 -0.000000 -0.000000 0 0
0.000000 -0.000000 -0.000000 0 0
0.000000 -0.000000 -0.000000 0 0
0.000000 -0.000000 -0.000000 0 0
0.000000 -0.000000 -0.000000 0 0
0.000000 -0.000000 -0.000000 0 0
0.000000 -0.000000 -0.000000 0 0
0.000000 -0.000000 -0.000000 0 0
0.000000 -0.000000 -0.000000 0 0
0.000000 -0.000000 -0.000000 0 0
0.000000 -0.000000 -0.000000 0 0
0.000000 -0.000000 -0.000000 0 0
0.000000 -0.000000 -0.000000 0 0
1.944000 -0.480000 -0.712000 0 8
0.000000 -0.000000 -0.000000 0 0
0.000000 -0.000000 -0.000000 0 0
0.000000 -0.000000 -0.000000 0 0
0.000000 -0.000000 -0.000000 0 0
0.000000 -0.000000 -0.000000 0 0
0.000000 -0.000000 -0.000000 0 0
0.000000 -0.000000 -0.000000 0 0
0.000000 -0.000000 -0.000000 0 0
0.000000 -0.000000 -0.000000 0 0
0.000000 -0.000000 -0.000000 0 0
0.000000 -0.000000 -0.000000 0 0
0.000000 -0.000000 -0.000000 0 0
0.000000 -0.000000 -0.000000 0 0
0.000000 -0.000000 -0.000000 0 0
0.000000 -0.000000 -0.000000 0 0
0.000000 -0.000000 -0.000000 0 0
0.000000 -0.000000 -0.000000 0 0
0.000000 -0.000000 -0.000000 0 0
0.000000 -0.000000 -0.000000 0 0
0.000000 -0.000000 -0.000000 0 0
0.000000 -0.000000 -0.000000 0 0
0.000000 -0.000000 -0.000000 0 0
0.000000 -0.000000 -0.000000 0 0
0.000000 -0.000000 -0.000000 0 0
0.000000 -0.000000 -0.000000 0 0
0.000000 -0.000000 -0.000000 0 0
0.000000 -0.000000 -0.000000 0 0
0.000000 -0.000000 -0.000000 0 0
0.000000 -0.000000 -0.000000 0 0
0.000000 -0.000000 -0.000000 0 0
0.000000 -0.000000 -0.000000 0 0
0.000000 -0.000000 -0.000000 0 0
0.000000 -0.000000 -0.000000 0 0
0.000000 -0.000000 -0.000000 0 0
0.000000 -0.000000 -0.000000 0 0
0.000000 -0.000000 -0.000000 0 0
0.000000 -0.000000 -0.000000 0 0
0.000000 -0.000000 -0.000000 0 0
0.000000 -0.000000 -0.000000 0 0
0.000000 -0.000000 -0.000000 0 0
0.000000 -0.000000 -0.000000 0 0
0.000000 -0.000000 -0.000000 0 0
0.000000 -0.000000 -0.000000 0 0
0.000000 -0.000000 -0.000000 0 0
0.000000 -0.000000 -0.000000 0 0
0.000000 -0.000000 -0.000000 0 0
0.000000 -0.000000 -0.000000 0 0
0.000000 -0.000000 -0.000000 0 0
0.000000 -0.000000 -0.000000 0 0
0.000000 -0.000000 -0.000000 0 128
0.000000 -0.000000 -0.000000 0 0
0.000000 -0.000000 -0.000000 0 0
0.000000 -0.000000 -0.000000 0 0
0.000000 -0.000000 -0.000000 0 0
0.000000 -0.000000 -0.000000 0 0
0.000000 -0.000000 -0.000000 0 0
0.000000 -0.000000 -0.000000 0 0
0.000000 -0.000000 -0.000000 0 0
0.000000 -0.000000 -0.000000 0 0
0.000000 -0.000000 -0.000000 0 0
0.000000 -0.000000 -0.000000 0 0
0.000000 -0.000000 -0.000000 0 0
0.000000 -0.000000 -0.000000 0 0
0.000000 -0.000000 -0.000000 0 0
0.000000 -0.000000 -0.000000 0 0
0.000000 -0.000000 -0.000000 0 0
0.000000 -0.000000 -0.000000 0 0
0.000000 -0.000000 -0.000000 0 0
0.000000 -0.000000 -0.000000 0 0
0.000000 -0.000000 -0.000000 0 0
0.000000 -0.000000 -0.000000 0 0
0.000000 -0.000000 -0.000000 0 0
0.000000 -0.000000 -0.000000 0 0
0.000000 -0.000000 -0.000000 0 0
0.000000 -0.000000 -0.000000 0 0
0.000000 -0.000000 -0.000000 0 0
0.000000 -0.000000 -0.000000 0 0
0.000000 -0.000000 -0.000000 0 0
0.000000 -0.000000 -0.000000 0 0
0.000000 -0.000000 -0.000000 0 0
0.000000 -0.000000 -0.000000 0 0
0.000000 -0.000000 -0.000000 0 0
0.000000 -0.000000 -0.000000 0 0
0.000000 -0.000000 -0.000000 0 0
0.000000 -0.000000 -0.000000 0 0
0.000000 -0.000000 -0.000000 0 0
0.000000 -0.000000 -0.000000 0 0
0.000000 -0.000000 -0.000000 0 0
0.000000 -0.000000 -0.000000 0 0
0.000000 -0.000000 -0.000000 0 0
0.000000 -0.000000 -0.000000 0 0
0.000000 -0.000000 -0.000000 0 0
0.000000 -0.000000 -0.000000 0 0
0.000000 -0.000000 -0.000000 0 0
0.000000 -0.000000 -0.000000 0 0
1.944000 -0.480000 -0.712000 0 8
0.000000 -0.000000 -0.000000 0 0
0.000000 -0.000000 -0.000000 0 0
0.000000 -0.000000 -0.000000 0 0
0.000000 -0.000000 -0.000000 0 0
0.000000 -0.000000 -0.000000 0 0
0.000000 -0.000000 -0.000000 0 0
0.000000 -0.000000 -0.000000 0 0
0.000000 -0.000000 -0.000000 0 0
0.000000 -0.000000 -0.000000 0 0
0.000000 -0.000000 -0.000000 0 0
0.000000 -0.000000 -0.000000 0 0
0.000000 -0.000000 -0.000000 0 0
0.000000 -0.000000 -0.000000 0 0
0.000000 -0.000000 -0.000000 0 0
0.000000 -0.000000 -0.000000 0 0
0.000000 -0.000000 -0.000000 0 0
0.000000 -0.000000 -0.000000 0 0
0.000000 -0.000000 -0.000000 0 0
0.000000 -0.000000 -0.000000 0 0
0.000000 -0.000000 -0.000000 0 0
0.000000 -0.000000 -0.000000 0 0
0.000000 -0.000000 -0.000000 0 0
0.000000 -0.000000 -0.000000 0 0
0.000000 -0.000000 -0.000000 0 0
0.000000 -0.000000 -0.000000 0 0
0.000000 -0.000000 -0.000000 0 0
0.000000 -0.000000 -0.000000 0 0
0.000000 -0.000000 -0.000000 0 0
0.000000 -0.000000 -0.000000 0 0
0.000000 -0.000000 -0.000000 0 0
0.000000 -0.000000 -0.000000 0 0
0.000000 -0.000000 -0.000000 0 0
0.000000 -0.000000 -0.000000 0 0
0.000000 -0.000000 -0.000000 0 0
0.000000 -0.000000 -0.000000 0 0
0.000000 -0.000000 -0.000000 0 0
0.000000 -0.000000 -0.000000 0 0
0.000000 -0.000000 -0.000000 0 0
0.000000 -0.000000 -0.000000 0 0
0.000000 -0.000000 -0.000000 0 0
0.000000 -0.000000 -0.000000 0 0
0.000000 -0.000000 -0.000000 0 0
0.000000 -0.000000 -0.000000 0 0
0.000000 -0.000000 -0.000000 0 0
0.000000 -0.000000 -0.000000 0 0
0.000000 -0.000000 -0.000000 0 0
0.000000 -0.000000 -0.000000 0 0
0.000000 -0.000000 -0.000000 0 0
0.000000 -0.000000 -0.000000 0 0
0.000000 -0.000000 -0.000000 0 0
0.000000 -0.000000 -0.000000 0 0
0.000000 -0.000000 -0.000000 0 0
0.000000 -0.000000 -0.000000 0 0
0.000000 -0.000000 -0.000000 0 0
0.000000 -0.000000 -0.000000 0 0
0.000000 -0.000000 -0.000000 0 0
0.000000 -0.000000 -0.000000 0 0
0.000000 -0.000000 -0.000000 0 0
0.000000 -0.000000 -0.000000 0 0
0.000000 -0.000000 -0.000000 0 0
0.000000 -0.000000 -0.000000 0 128
0.000000 -0.000000 -0.000000 0 128
0.000000 -0.000000 -0.000000 0 0
0.000000 -0.000000 -0.000000 0 0
0.000000 -0.000000 -0.000000 0 128
0.000000 -0.000000 -0.000000 0 0
0.000000 -0.000000 -0.000000 0 0
0.000000 -0.000000 -0.000000 0 0
0.000000 -0.000000 -0.000000 0 128
0.000000 -0.000000 -0.000000 0 0
0.000000 -0.000000 -0.000000 0 0
0.000000 -0.000000 -0.000000 0 128
0.000000 -0.000000 -0.000000 0 0
0.000000 -0.000000 -0.000000 0 0
0.000000 -0.000000 -0.000000 0 128
0.000000 -0.000000 -0.000000 0 128
0.000000 -0.000000 -0.000000 0 128
0.000000 -0.000000 -0.000000 0 0
0.000000 -0.000000 -0.000000 0 128
0.000000 -0.000000 -0.000000 0 0
0.000000 -0.000000 -0.000000 0 128
0.000000 -0.000000 -0.000000 0 128
0.000000 -0.000000 -0.000000 0 0
0.000000 -0.000000 -0.000000 0 0
0.000000 -0.000000 -0.000000 0 128
0.000000 -0.000000 -0.000000 0 128
0.000000 -0.000000 -0.000000 0 0
0.000000 -0.000000 -0.000000 0 0
0.000000 -0.000000 -0.000000 0 128
0.000000 -0.000000 -0.000000 0 128
0.000000 -0.000000 -0.000000 0 0
0.000000 -0.000000 -0.000000 0 0
0.000000 -0.000000 -0.000000 0 128
0.000000 -0.000000 -0.000000 0 128
0.000000 -0.000000 -0.000000 0 0
0.000000 -0.000000 -0.000000 0 0
0.000000 -0.000000 -0.000000 0 128
0.000000 -0.000000 -0.000000 0 0
0.000000 -0.000000 -0.000000 0 0
0.000000 -0.000000 -0.000000 0 0
0.000000 -0.000000 -0.000000 0 0
0.000000 -0.000000 -0.000000 0 0
0.000000 -0.000000 -0.000000 0 0
0.000000 -0.000000 -0.000000 0 0
0.000000 -0.000000 -0.000000 0 0
0.000000 -0.000000 -0.000000 0 0
0.000000 -0.000000 -0.000000 0 0
0.000000 -0.000000 -0.000000 0 0
0.000000 -0.000000 -0.000000 0 0
0.000000 -0.000000 -0.000000 0 0
0.000000 -0.000000 -0.000000 0 0
0.000000 -0.000000 -0.000000 0 0
0.000000 -0.000000 -0.000000 0 0
0.000000 -0.000000 -0.000000 0 0
0.000000 -0.000000 -0.000000 0 0
0.000000 -0.000000 -0.000000 0 0
0.000000 -0.000000 -0.000000 0 0
0.000000 -0.000000 -0.000000 0 0
0.000000 -0.000000 -0.000000 0 0
0.000000 -0.000000 -0.000000 0 0
0.000000 -0.000000 -0.000000 0 0
0.000000 -0.000000 -0.000000 0 0
0.000000 -0.000000 -0.000000 0 0
0.000000 -0.000000 -0.000000 0 0
0.000000 -0.000000 -0.000000 0 0
0.000000 -0.000000 -0.000000 0 0
0.000000 -0.000000 -0.000000 0 0
0.000000 -0.000000 -0.000000 0 0
0.000000 -0.000000 -0.000000 0 0
0.000000 -0.000000 -0.000000 0 0
0.000000 -0.000000 -0.000000 0 0
0.000000 -0.000000 -0.000000 0 0
0.000000 -0.000000 -0.000000 0 0
0.000000 -0.000000 -0.000000 0 0
0.000000 -0.000000 -0.000000 0 0
0.000000 -0.000000 -0.000000 0 0
0.000000 -0.000000 -0.000000 0 0
0.000000 -0.000000 -0.000000 0 0
0.000000 -0.000000 -0.000000 0 0
0.000000 -0.000000 -0.000000 0 0
0.000000 -0.000000 -0.000000 0 0
0.000000 -0.000000 -0.000000 0 0
0.000000 -0.000000 -0.000000 0 0
0.000000 -0.000000 -0.000000 0 0
0.000000 -0.000000 -0.000000 0 0
0.000000 -0.000000 -0.000000 0 0
0.000000 -0.000000 -0.000000 0 0
0.000000 -0.000000 -0.000000 0 0
0.000000 -0.000000 -0.000000 0 0
0.000000 -0.000000 -0.000000 0 0
0.000000 -0.000000 -0.000000 0 0
0.000000 -0.000000 -0.000000 0 0
0.000000 -0.000000 -0.000000 0 0
0.000000 -0.000000 -0.000000 0 0
0.000000 -0.000000 -0.000000 0 0
0.000000 -0.000000 -0.000000 0 0
0.000000 -0.000000 -0.000000 0 128
0.000000 -0.000000 -0.000000 0 128
0.000000 -0.000000 -0.000000 0 0
0.000000 -0.000000 -0.000000 0 0
0.000000 -0.000000 -0.000000 0 128
0.000000 -0.000000 -0.000000 0 0
0.000000 -0.000000 -0.000000 0 0
0.000000 -0.000000 -0.000000 0 0
0.000000 -0.000000 -0.000000 0 128
0.000000 -0.000000 -0.000000 0 0
0.000000 -0.000000 -0.000000 0 0
0.000000 -0.000000 -0.000000 0 128
0.000000 -0.000000 -0.000000 0 0
0.000000 -0.000000 -0.000000 0 0
0.000000 -0.000000 -0.000000 0 128
0.000000 -0.000000 -0.000000 0 128
0.000000 -0.000000 -0.000000 0 128
0.000000 -0.000000 -0.000000 0 0
0.000000 -0.000000 -0.000000 0 128
0.000000 -0.000000 -0.000000 0 0
0.000000 -0.000000 -0.000000 0 128
0.000000 -0.000000 -0.000000 0 128
0.000000 -0.000000 -0.000000 0 0
0.000000 -0.000000 -0.000000 0 0
0.000000 -0.000000 -0.000000 0 128
0.000000 -0.000000 -0.000000 0 128
0.000000 -0.000000 -0.000000 0 0
0.000000 -0.000000 -0.000000 0 0
0.000000 -0.000000 -0.000000 0 128
0.000000 -0.000000 -0.000000 0 128
0.000000 -0.000000 -0.000000 0 0
0.000000 -0.000000 -0.000000 0 0
0.000000 -0.000000 -0.000000 0 128
0.000000 -0.000000 -0.000000 0 128
0.000000 -0.000000 -0.000000 0 0
0.000000 -0.000000 -0.000000 0 0
0.000000 -0.000000 -0.000000 0 128
0.000000 -0.000000 -0.000000 0 128
0.000000 -0.000000 -0.000000 0 0
0.000000 -0.000000 -0.000000 0 0
0.000000 -0.000000 -0.000000 0 128
0.000000 -0.000000 -0.000000 0 128
0.000000 -0.000000 -0.000000 0 0
0.000000 -0.000000 -0.000000 0 128
0.000000 -0.000000 -0.000000 0 128
0.000000 -0.000000 -0.000000 0 128
0.000000 -0.000000 -0.000000 0 0
0.000000 -0.000000 -0.000000 0 128
0.000000 -0.000000 -0.000000 0 128
0.000000 -0.000000 -0.000000 0 128
0.000000 -0.000000 -0.000000 0 0
0.000000 -0.000000 -0.000000 0 128
0.000000 -0.000000 -0.000000 0 192
0.000000 -0.000000 -0.000000 0 128
0.000000 -0.000000 -0.000000 0 128
0.000000 -0.000000 -0.000000 0 128
0.000000 -0.000000 -0.000000 0 128
0.000000 -0.000000 -0.000000 0 128
0.000000 -0.000000 -0.000000 0 128
0.000000 -0.000000 -0.000000 0 192
0.744000 -1.110000 -0.454000 1 64
0.000000 -0.000000 -0.000000 0 128
0.000000 -0.000000 -0.000000 0 128
0.000000 -0.000000 -0.000000 0 192
0.715000 -1.122000 -0.453000 59 0
0.000000 -0.000000 -0.000000 0 128
0.000000 -0.000000 -0.000000 0 128
0.738000 -1.104000 -0.458000 0 64
0.691000 -1.141000 -0.455000 11 0
0.000000 -0.000000 -0.000000 0 128
0.000000 -0.000000 -0.000000 0 128
0.712000 -1.120000 -0.457000 60 0
0.601000 -1.046000 -0.412000 3 2
0.000000 -0.000000 -0.000000 0 128
0.000000 -0.000000 -0.000000 0 0
0.680000 -1.125000 -0.453000 7 0
0.582000 -1.069000 -0.416000 3 0
0.000000 -0.000000 -0.000000 0 192
0.725000 -1.137000 -0.465000 9 0
0.596000 -1.040000 -0.412000 2 2
0.560000 -1.088000 -0.419000 3 0
0.000000 -0.000000 -0.000000 0 0
0.679000 -1.120000 -0.451000 7 0
0.579000 -1.066000 -0.417000 2 0
0.553000 -1.138000 -0.434000 7 0
0.726000 -1.130000 -0.462000 11 0
0.602000 -1.047000 -0.415000 2 0
0.558000 -1.085000 -0.419000 3 0
0.541000 -1.181000 -0.446000 12 0
0.691000 -1.132000 -0.454000 9 0
0.581000 -1.068000 -0.416000 3 0
0.555000 -1.144000 -0.437000 7 0
0.543000 -1.260000 -0.472000 1 0
0.622000 -1.074000 -0.423000 3 0
0.564000 -1.095000 -0.420000 3 0
0.540000 -1.182000 -0.446000 11 0
0.482000 -1.194000 -0.444000 30 0
0.598000 -1.090000 -0.421000 4 0
0.555000 -1.142000 -0.432000 8 0
0.547000 -1.273000 -0.476000 1 0
0.462000 -1.223000 -0.451000 4 0
0.594000 -1.145000 -0.435000 5 0
0.541000 -1.181000 -0.441000 10 0
0.494000 -1.227000 -0.454000 23 0
0.472000 -1.341000 -0.491000 5 0
0.564000 -1.151000 -0.431000 12 0
0.550000 -1.277000 -0.471000 1 0
0.467000 -1.239000 -0.454000 4 0
0.439000 -1.343000 -0.489000 22 0
0.547000 -1.186000 -0.437000 13 0
0.540000 -1.339000 -0.488000 4 0
0.474000 -1.352000 -0.491000 4 2
0.412000 -1.365000 -0.494000 4 0
0.551000 -1.272000 -0.461000 1 0
0.473000 -1.256000 -0.452000 4 0
0.446000 -1.371000 -0.494000 4 0
0.379000 -1.368000 -0.493000 21 0
0.552000 -1.358000 -0.486000 2 0
0.487000 -1.388000 -0.495000 5 0
0.415000 -1.382000 -0.494000 3 0
0.342000 -1.351000 -0.484000 6 0
0.000000 -0.000000 -0.000000 0 0
0.450000 -1.387000 -0.489000 20 0
0.381000 -1.386000 -0.492000 23 0
0.315000 -1.377000 -0.491000 9 0
0.500000 -1.419000 -0.494000 3 0
0.425000 -1.421000 -0.496000 4 0
0.342000 -1.363000 -0.480000 7 0
0.282000 -1.377000 -0.490000 11 0
0.463000 -1.420000 -0.488000 21 0
0.380000 -1.385000 -0.479000 25 0
0.315000 -1.389000 -0.487000 8 0
0.256000 -1.412000 -0.501000 5 0
0.000000 -0.000000 -0.000000 0 128
0.000000 -0.000000 -0.000000 0 0
0.000000 -0.000000 -0.000000 0 0
0.000000 -0.000000 -0.000000 0 128
0.000000 -0.000000 -0.000000 0 128
0.000000 -0.000000 -0.000000 0 0
0.000000 -0.000000 -0.000000 0 128
0.000000 -0.000000 -0.000000 0 128
0.000000 -0.000000 -0.000000 0 128
0.000000 -0.000000 -0.000000 0 0
0.000000 -0.000000 -0.000000 0 128
0.000000 -0.000000 -0.000000 0 128
0.000000 -0.000000 -0.000000 0 128
0.000000 -0.000000 -0.000000 0 0
0.000000 -0.000000 -0.000000 0 128
0.000000 -0.000000 -0.000000 0 192
0.000000 -0.000000 -0.000000 0 128
0.000000 -0.000000 -0.000000 0 128
0.000000 -0.000000 -0.000000 0 128
0.000000 -0.000000 -0.000000 0 128
0.000000 -0.000000 -0.000000 0 128
0.000000 -0.000000 -0.000000 0 128
0.000000 -0.000000 -0.000000 0 192
0.744000 -1.110000 -0.454000 1 64
0.000000 -0.000000 -0.000000 0 128
0.000000 -0.000000 -0.000000 0 128
0.000000 -0.000000 -0.000000 0 192
0.715000 -1.122000 -0.453000 59 0
0.000000 -0.000000 -0.000000 0 128
0.000000 -0.000000 -0.000000 0 128
0.738000 -1.104000 -0.458000 0 64
0.691000 -1.141000 -0.455000 11 0
0.000000 -0.000000 -0.000000 0 128
0.000000 -0.000000 -0.000000 0 128
0.712000 -1.120000 -0.457000 60 0
0.601000 -1.046000 -0.412000 3 2
0.000000 -0.000000 -0.000000 0 128
0.000000 -0.000000 -0.000000 0 0
0.680000 -1.125000 -0.453000 7 0
0.582000 -1.069000 -0.416000 3 0
0.000000 -0.000000 -0.000000 0 192
0.725000 -1.137000 -0.465000 9 0
0.596000 -1.040000 -0.412000 2 2
0.560000 -1.088000 -0.419000 3 0
0.000000 -0.000000 -0.000000 0 0
0.679000 -1.120000 -0.451000 7 0
0.579000 -1.066000 -0.417000 2 0
0.553000 -1.138000 -0.434000 7 0
0.726000 -1.130000 -0.462000 11 0
0.602000 -1.047000 -0.415000 2 0
0.558000 -1.085000 -0.419000 3 0
0.541000 -1.181000 -0.446000 12 0
0.691000 -1.132000 -0.454000 9 0
0.581000 -1.068000 -0.416000 3 0
0.555000 -1.144000 -0.437000 7 0
0.543000 -1.260000 -0.472000 1 0
0.622000 -1.074000 -0.423000 3 0
0.564000 -1.095000 -0.420000 3 0
0.540000 -1.182000 -0.446000 11 0
0.482000 -1.194000 -0.444000 30 0
0.598000 -1.090000 -0.421000 4 0
0.555000 -1.142000 -0.432000 8 0
0.547000 -1.273000 -0.476000 1 0
0.462000 -1.223000 -0.451000 4 0
0.594000 -1.145000 -0.435000 5 0
0.541000 -1.181000 -0.441000 10 0
0.494000 -1.227000 -0.454000 23 0
0.472000 -1.341000 -0.491000 5 0
0.564000 -1.151000 -0.431000 12 0
0.550000 -1.277000 -0.471000 1 0
0.467000 -1.239000 -0.454000 4 0
0.439000 -1.343000 -0.489000 22 0
0.547000 -1.186000 -0.437000 13 0
0.540000 -1.339000 -0.488000 4 0
0.474000 -1.352000 -0.491000 4 2
0.412000 -1.365000 -0.494000 4 0
0.551000 -1.272000 -0.461000 1 0
0.473000 -1.256000 -0.452000 4 0
0.446000 -1.371000 -0.494000 4 0
0.379000 -1.368000 -0.493000 21 0
0.552000 -1.358000 -0.486000 2 0
0.487000 -1.388000 -0.495000 5 0
0.415000 -1.382000 -0.494000 3 0
0.342000 -1.351000 -0.484000 6 0
0.000000 -0.000000 -0.000000 0 0
0.450000 -1.387000 -0.489000 20 0
0.381000 -1.386000 -0.492000 23 0
0.315000 -1.377000 -0.491000 9 0
0.500000 -1.419000 -0.494000 3 0
0.425000 -1.421000 -0.496000 4 0
0.342000 -1.363000 -0.480000 7 0
0.282000 -1.377000 -0.490000 11 0
0.463000 -1.420000 -0.488000 21 0
0.380000 -1.385000 -0.479000 25 0
0.315000 -1.389000 -0.487000 8 0
0.256000 -1.412000 -0.501000 5 0
0.439000 -1.461000 -0.496000 3 0
0.363000 -1.453000 -0.498000 4 0
0.291000 -1.433000 -0.500000 4 0
0.223000 -1.411000 -0.499000 19 0
0.403000 -1.466000 -0.492000 19 0
0.318000 -1.413000 -0.481000 35 0
0.257000 -1.435000 -0.498000 20 0
0.000000 -0.000000 -0.000000 0 0
0.358000 -1.433000 -0.476000 6 0
0.288000 -1.435000 -0.485000 6 0
0.227000 -1.455000 -0.503000 3 0
0.000000 -0.000000 -0.000000 0 0
0.339000 -1.503000 -0.494000 19 0
0.258000 -1.456000 -0.489000 8 0
0.000000 -0.000000 -0.000000 0 0
0.000000 -0.000000 -0.000000 0 128
0.309000 -1.543000 -0.503000 4 0
0.231000 -1.509000 -0.503000 3 0
0.000000 -0.000000 -0.000000 0 192
0.000000 -0.000000 -0.000000 0 192
0.272000 -1.542000 -0.498000 18 0
0.000000 -0.000000 -0.000000 0 0
0.000000 -0.000000 -0.000000 0 0
0.000000 -0.000000 -0.000000 0 128
0.237000 -1.559000 -0.499000 16 0
0.000000 -0.000000 -0.000000 0 0
0.000000 -0.000000 -0.000000 0 192
0.000000 -0.000000 -0.000000 0 192
0.197000 -1.544000 -0.491000 2 0
0.000000 -0.000000 -0.000000 0 192
0.000000 -0.000000 -0.000000 0 192
0.000000 -0.000000 -0.000000 0 192
0.000000 -0.000000 -0.000000 0 0
0.000000 -0.000000 -0.000000 0 192
0.000000 -0.000000 -0.000000 0 192
0.000000 -0.000000 -0.000000 0 128
0.000000 -0.000000 -0.000000 0 192
0.000000 -0.000000 -0.000000 0 192
0.000000 -0.000000 -0.000000 0 192
-0.149000 -3.380000 -1.198000 29 0
0.000000 -0.000000 -0.000000 0 192
0.000000 -0.000000 -0.000000 0 192
-0.095000 -3.545000 -1.206000 18 0
-0.166000 -2.507000 -0.890000 0 0
0.000000 -0.000000 -0.000000 0 192
0.000000 -0.000000 -0.000000 0 192
-0.165000 -3.326000 -1.132000 25 0
-0.257000 -2.896000 -1.032000 35 0
0.000000 -0.000000 -0.000000 0 192
-0.115000 -3.488000 -1.130000 9 0
-0.147000 -2.035000 -0.693000 2 0
-0.305000 -2.740000 -0.979000 47 0
0.000000 -0.000000 -0.000000 0 192
-0.120000 -2.143000 -0.693000 2 0
-0.189000 -1.986000 -0.678000 8 0
-0.348000 -2.604000 -0.934000 14 0
-0.086000 -2.225000 -0.681000 3 0
-0.169000 -2.127000 -0.687000 2 0
-0.236000 -2.001000 -0.684000 1 0
-0.374000 -2.397000 -0.864000 29 0
-0.136000 -2.177000 -0.665000 66 0
-0.215000 -2.088000 -0.675000 2 0
-0.287000 -2.030000 -0.696000 2 0
-0.411000 -2.296000 -0.831000 47 0
-0.190000 -2.206000 -0.672000 5 0
-0.258000 -2.042000 -0.660000 3 0
-0.391000 -2.381000 -0.819000 51 0
-0.438000 -2.172000 -0.791000 49 0
-0.243000 -2.196000 -0.668000 3 0
-0.305000 -2.035000 -0.659000 2 0
-0.422000 -2.246000 -0.775000 50 0
-0.464000 -2.063000 -0.755000 51 0
-0.282000 -2.093000 -0.636000 2 1
-0.403000 -2.315000 -0.751000 27 2
-0.449000 -2.126000 -0.736000 44 0
-0.486000 -1.958000 -0.721000 53 0
-0.382000 -2.402000 -0.729000 42 0
-0.435000 -2.195000 -0.713000 43 0
-0.475000 -2.020000 -0.703000 45 0
-0.510000 -1.876000 -0.696000 54 0
-0.416000 -2.265000 -0.688000 42 0
-0.462000 -2.078000 -0.677000 46 0
-0.499000 -1.927000 -0.673000 47 0
-0.411000 -1.391000 -0.519000 7 0
-0.447000 -2.142000 -0.651000 43 0
-0.487000 -1.972000 -0.645000 47 0
-0.517000 -1.827000 -0.642000 59 0
-0.422000 -1.319000 -0.497000 0 0
-0.474000 -2.028000 -0.617000 47 0
-0.510000 -1.877000 -0.616000 50 0
-0.420000 -1.364000 -0.482000 5 0
-0.438000 -1.273000 -0.483000 7 0
-0.500000 -1.930000 -0.588000 53 0
-0.477000 -1.607000 -0.530000 150 0
-0.437000 -1.313000 -0.467000 1 0
-0.449000 -1.218000 -0.466000 0 0
0.439000 -1.461000 -0.496000 3 0
0.363000 -1.453000 -0.498000 4 0
0.291000 -1.433000 -0.500000 4 0
0.223000 -1.411000 -0.499000 19 0
0.403000 -1.466000 -0.492000 19 0
0.318000 -1.413000 -0.481000 35 0
0.257000 -1.435000 -0.498000 20 0
0.000000 -0.000000 -0.000000 0 0
0.358000 -1.433000 -0.476000 6 0
0.288000 -1.435000 -0.485000 6 0
0.227000 -1.455000 -0.503000 3 0
0.000000 -0.000000 -0.000000 0 0
0.339000 -1.503000 -0.494000 19 0
0.258000 -1.456000 -0.489000 8 0
0.000000 -0.000000 -0.000000 0 0
0.000000 -0.000000 -0.000000 0 128
0.309000 -1.543000 -0.503000 4 0
0.231000 -1.509000 -0.503000 3 0
0.000000 -0.000000 -0.000000 0 192
0.000000 -0.000000 -0.000000 0 192
0.272000 -1.542000 -0.498000 18 0
0.000000 -0.000000 -0.000000 0 0
0.000000 -0.000000 -0.000000 0 0
0.000000 -0.000000 -0.000000 0 128
0.237000 -1.559000 -0.499000 16 0
0.000000 -0.000000 -0.000000 0 0
0.000000 -0.000000 -0.000000 0 192
0.000000 -0.000000 -0.000000 0 192
0.197000 -1.544000 -0.491000 2 0
0.000000 -0.000000 -0.000000 0 192
0.000000 -0.000000 -0.000000 0 192
0.000000 -0.000000 -0.000000 0 192
0.000000 -0.000000 -0.000000 0 0
0.000000 -0.000000 -0.000000 0 192
0.000000 -0.000000 -0.000000 0 192
0.000000 -0.000000 -0.000000 0 128
0.000000 -0.000000 -0.000000 0 192
0.000000 -0.000000 -0.000000 0 192
0.000000 -0.000000 -0.000000 0 192
-0.149000 -3.380000 -1.198000 29 0
0.000000 -0.000000 -0.000000 0 192
0.000000 -0.000000 -0.000000 0 192
-0.095000 -3.545000 -1.206000 18 0
-0.166000 -2.507000 -0.890000 0 0
0.000000 -0.000000 -0.000000 0 192
0.000000 -0.000000 -0.000000 0 192
-0.165000 -3.326000 -1.132000 25 0
-0.257000 -2.896000 -1.032000 35 0
0.000000 -0.000000 -0.000000 0 192
-0.115000 -3.488000 -1.130000 9 0
-0.147000 -2.035000 -0.693000 2 0
-0.305000 -2.740000 -0.979000 47 0
0.000000 -0.000000 -0.000000 0 192
-0.120000 -2.143000 -0.693000 2 0
-0.189000 -1.986000 -0.678000 8 0
-0.348000 -2.604000 -0.934000 14 0
-0.086000 -2.225000 -0.681000 3 0
-0.169000 -2.127000 -0.687000 2 0
-0.236000 -2.001000 -0.684000 1 0
-0.374000 -2.397000 -0.864000 29 0
-0.136000 -2.177000 -0.665000 66 0
-0.215000 -2.088000 -0.675000 2 0
-0.287000 -2.030000 -0.696000 2 0
-0.411000 -2.296000 -0.831000 47 0
-0.190000 -2.206000 -0.672000 5 0
-0.258000 -2.042000 -0.660000 3 0
-0.391000 -2.381000 -0.819000 51 0
-0.438000 -2.172000 -0.791000 49 0
-0.243000 -2.196000 -0.668000 3 0
-0.305000 -2.035000 -0.659000 2 0
-0.422000 -2.246000 -0.775000 50 0
-0.464000 -2.063000 -0.755000 51 0
-0.282000 -2.093000 -0.636000 2 1
-0.403000 -2.315000 -0.751000 27 2
-0.449000 -2.126000 -0.736000 44 0
-0.486000 -1.958000 -0.721000 53 0
-0.382000 -2.402000 -0.729000 42 0
-0.435000 -2.195000 -0.713000 43 0
-0.475000 -2.020000 -0.703000 45 0
-0.510000 -1.876000 -0.696000 54 0
-0.416000 -2.265000 -0.688000 42 0
-0.462000 -2.078000 -0.677000 46 0
-0.499000 -1.927000 -0.673000 47 0
-0.411000 -1.391000 -0.519000 7 0
-0.447000 -2.142000 -0.651000 43 0
-0.487000 -1.972000 -0.645000 47 0
-0.517000 -1.827000 -0.642000 59 0
-0.422000 -1.319000 -0.497000 0 0
-0.474000 -2.028000 -0.617000 47 0
-0.510000 -1.877000 -0.616000 50 0
-0.420000 -1.364000 -0.482000 5 0
-0.438000 -1.273000 -0.483000 7 0
-0.500000 -1.930000 -0.588000 53 0
-0.477000 -1.607000 -0.530000 150 0
-0.437000 -1.313000 -0.467000 1 0
-0.449000 -1.218000 -0.466000 0 0
-0.522000 -1.833000 -0.561000 47 0
-0.436000 -1.354000 -0.449000 1 0
-0.452000 -1.263000 -0.453000 9 0
-0.460000 -1.169000 -0.452000 8 0
-0.432000 -1.389000 -0.426000 6 0
-0.452000 -1.298000 -0.433000 7 0
-0.466000 -1.215000 -0.439000 1 0
-0.471000 -1.124000 -0.438000 0 0
-0.452000 -1.338000 -0.412000 0 0
-0.467000 -1.246000 -0.418000 1 0
-0.477000 -1.165000 -0.424000 1 0
-0.484000 -1.086000 -0.428000 1 0
-0.466000 -1.279000 -0.396000 8 0
-0.483000 -1.203000 -0.406000 1 0
-0.488000 -1.119000 -0.411000 1 0
-0.495000 -1.050000 -0.418000 1 0
-0.483000 -1.232000 -0.384000 0 0
-0.494000 -1.153000 -0.393000 1 0
-0.500000 -1.078000 -0.400000 1 0
-0.504000 -1.011000 -0.407000 1 0
0.000000 -0.000000 -0.000000 0 0
-0.505000 -1.105000 -0.380000 1 0
-0.509000 -1.037000 -0.389000 1 0
-0.507000 -0.963000 -0.393000 1 0
-0.503000 -1.120000 -0.353000 0 0
-0.517000 -1.066000 -0.369000 1 0
-0.518000 -0.997000 -0.378000 1 0
-0.677000 -1.222000 -0.504000 8 0
-0.509000 -1.064000 -0.339000 0 64
-0.526000 -1.022000 -0.357000 1 0
-0.529000 -0.965000 -0.370000 1 0
-0.683000 -1.171000 -0.489000 13 0
-0.514000 -1.012000 -0.325000 0 64
-0.520000 -0.956000 -0.338000 1 0
-0.682000 -1.180000 -0.458000 11 0
-0.695000 -1.133000 -0.480000 13 0
-0.515000 -0.955000 -0.309000 0 64
-0.684000 -1.190000 -0.426000 11 0
-0.693000 -1.139000 -0.448000 12 0
-0.704000 -1.095000 -0.470000 12 0
-0.683000 -1.198000 -0.392000 11 64
-0.696000 -1.148000 -0.415000 11 0
-0.706000 -1.104000 -0.440000 12 0
-0.716000 -1.061000 -0.463000 12 0
-0.693000 -1.149000 -0.380000 12 64
-0.707000 -1.107000 -0.406000 11 0
-0.717000 -1.066000 -0.431000 12 0
-0.725000 -1.026000 -0.454000 12 0
-0.708000 -1.113000 -0.373000 12 64
-0.719000 -1.070000 -0.398000 11 0
-0.728000 -1.032000 -0.423000 11 0
-0.735000 -0.993000 -0.446000 12 0
-0.719000 -1.072000 -0.364000 12 64
-0.726000 -1.028000 -0.388000 14 0
-0.732000 -0.990000 -0.412000 13 0
-0.744000 -0.961000 -0.439000 14 0
-0.730000 -1.033000 -0.355000 12 64
-0.739000 -0.997000 -0.381000 14 0
-0.746000 -0.963000 -0.407000 14 0
-0.752000 -0.929000 -0.432000 14 0
-0.738000 -0.993000 -0.347000 15 0
-0.744000 -0.956000 -0.372000 14 0
-0.753000 -0.927000 -0.399000 14 0
-0.758000 -0.896000 -0.424000 15 64
-0.748000 -0.957000 -0.339000 15 0
-0.754000 -0.923000 -0.365000 14 0
-0.757000 -0.891000 -0.391000 13 0
-0.762000 -0.862000 -0.416000 14 64
-0.752000 -0.916000 -0.330000 15 0
-0.760000 -0.887000 -0.357000 14 0
-0.765000 -0.861000 -0.384000 13 0
-0.764000 -0.827000 -0.407000 14 0
-0.760000 -0.881000 -0.323000 15 0
-0.765000 -0.852000 -0.350000 13 0
-0.770000 -0.827000 -0.377000 13 0
-0.768000 -0.797000 -0.400000 18 0
-0.764000 -0.843000 -0.315000 15 0
-0.773000 -0.821000 -0.344000 13 0
-0.778000 -0.799000 -0.371000 13 0
-0.776000 -0.771000 -0.395000 14 0
-0.776000 -0.816000 -0.312000 20 0
-0.780000 -0.791000 -0.338000 13 0
-0.787000 -0.773000 -0.367000 13 0
-0.782000 -0.744000 -0.390000 14 0
-0.783000 -0.785000 -0.306000 21 0
-0.791000 -0.765000 -0.334000 13 0
-0.790000 -0.742000 -0.360000 13 0
-0.790000 -0.720000 -0.386000 19 0
-0.790000 -0.754000 -0.301000 21 0
-0.793000 -0.732000 -0.328000 13 0
-0.795000 -0.713000 -0.355000 13 0
-0.800000 -0.698000 -0.383000 19 0
-0.796000 -0.724000 -0.296000 21 0
-0.799000 -0.704000 -0.323000 13 0
-0.798000 -0.685000 -0.349000 13 0
-0.804000 -0.671000 -0.378000 19 0
-0.522000 -1.833000 -0.561000 47 0
-0.436000 -1.354000 -0.449000 1 0
-0.452000 -1.263000 -0.453000 9 0
-0.460000 -1.169000 -0.452000 8 0
-0.432000 -1.389000 -0.426000 6 0
-0.452000 -1.298000 -0.433000 7 0
-0.466000 -1.215000 -0.439000 1 0
-0.471000 -1.124000 -0.438000 0 0
-0.452000 -1.338000 -0.412000 0 0
-0.467000 -1.246000 -0.418000 1 0
-0.477000 -1.165000 -0.424000 1 0
-0.484000 -1.086000 -0.428000 1 0
-0.466000 -1.279000 -0.396000 8 0
-0.483000 -1.203000 -0.406000 1 0
-0.488000 -1.119000 -0.411000 1 0
-0.495000 -1.050000 -0.418000 1 0
-0.483000 -1.232000 -0.384000 0 0
-0.494000 -1.153000 -0.393000 1 0
-0.500000 -1.078000 -0.400000 1 0
-0.504000 -1.011000 -0.407000 1 0
0.000000 -0.000000 -0.000000 0 0
-0.505000 -1.105000 -0.380000 1 0
-0.509000 -1.037000 -0.389000 1 0
-0.507000 -0.963000 -0.393000 1 0
-0.503000 -1.120000 -0.353000 0 0
-0.517000 -1.066000 -0.369000 1 0
-0.518000 -0.997000 -0.378000 1 0
-0.677000 -1.222000 -0.504000 8 0
-0.509000 -1.064000 -0.339000 0 64
-0.526000 -1.022000 -0.357000 1 0
-0.529000 -0.965000 -0.370000 1 0
-0.683000 -1.171000 -0.489000 13 0
-0.514000 -1.012000 -0.325000 0 64
-0.520000 -0.956000 -0.338000 1 0
-0.682000 -1.180000 -0.458000 11 0
-0.695000 -1.133000 -0.480000 13 0
-0.515000 -0.955000 -0.309000 0 64
-0.684000 -1.190000 -0.426000 11 0
-0.693000 -1.139000 -0.448000 12 0
-0.704000 -1.095000 -0.470000 12 0
-0.683000 -1.198000 -0.392000 11 64
-0.696000 -1.148000 -0.415000 11 0
-0.706000 -1.104000 -0.440000 12 0
-0.716000 -1.061000 -0.463000 12 0
-0.693000 -1.149000 -0.380000 12 64
-0.707000 -1.107000 -0.406000 11 0
-0.717000 -1.066000 -0.431000 12 0
-0.725000 -1.026000 -0.454000 12 0
-0.708000 -1.113000 -0.373000 12 64
-0.719000 -1.070000 -0.398000 11 0
-0.728000 -1.032000 -0.423000 11 0
-0.735000 -0.993000 -0.446000 12 0
-0.719000 -1.072000 -0.364000 12 64
-0.726000 -1.028000 -0.388000 14 0
-0.732000 -0.990000 -0.412000 13 0
-0.744000 -0.961000 -0.439000 14 0
-0.730000 -1.033000 -0.355000 12 64
-0.739000 -0.997000 -0.381000 14 0
-0.746000 -0.963000 -0.407000 14 0
-0.752000 -0.929000 -0.432000 14 0
-0.738000 -0.993000 -0.347000 15 0
-0.744000 -0.956000 -0.372000 14 0
-0.753000 -0.927000 -0.399000 14 0
-0.758000 -0.896000 -0.424000 15 64
-0.748000 -0.957000 -0.339000 15 0
-0.754000 -0.923000 -0.365000 14 0
-0.757000 -0.891000 -0.391000 13 0
-0.762000 -0.862000 -0.416000 14 64
-0.752000 -0.916000 -0.330000 15 0
-0.760000 -0.887000 -0.357000 14 0
-0.765000 -0.861000 -0.384000 13 0
-0.764000 -0.827000 -0.407000 14 0
-0.760000 -0.881000 -0.323000 15 0
-0.765000 -0.852000 -0.350000 13 0
-0.770000 -0.827000 -0.377000 13 0
-0.768000 -0.797000 -0.400000 18 0
-0.764000 -0.843000 -0.315000 15 0
-0.773000 -0.821000 -0.344000 13 0
-0.778000 -0.799000 -0.371000 13 0
-0.776000 -0.771000 -0.395000 14 0
-0.776000 -0.816000 -0.312000 20 0
-0.780000 -0.791000 -0.338000 13 0
-0.787000 -0.773000 -0.367000 13 0
-0.782000 -0.744000 -0.390000 14 0
-0.783000 -0.785000 -0.306000 21 0
-0.791000 -0.765000 -0.334000 13 0
-0.790000 -0.742000 -0.360000 13 0
-0.790000 -0.720000 -0.386000 19 0
-0.790000 -0.754000 -0.301000 21 0
-0.793000 -0.732000 -0.328000 13 0
-0.795000 -0.713000 -0.355000 13 0
-0.800000 -0.698000 -0.383000 19 0
-0.796000 -0.724000 -0.296000 21 0
-0.799000 -0.704000 -0.323000 13 0
-0.798000 -0.685000 -0.349000 13 0
-0.804000 -0.671000 -0.378000 19 0
-0.807000 -0.698000 -0.293000 21 0
-0.809000 -0.680000 -0.320000 13 0
-0.809000 -0.663000 -0.347000 13 0
-0.810000 -0.647000 -0.374000 20 0
-0.814000 -0.671000 -0.289000 21 0
-0.815000 -0.653000 -0.316000 13 0
-0.816000 -0.639000 -0.343000 13 0
-0.820000 -0.627000 -0.372000 20 0
-0.793000 -0.622000 -0.275000 8 0
-0.815000 -0.622000 -0.309000 8 0
-0.821000 -0.614000 -0.339000 13 0
-0.826000 -0.604000 -0.368000 19 0
0.000000 -0.000000 -0.000000 0 0
-0.808000 -0.588000 -0.301000 6 0
-0.813000 -0.579000 -0.330000 12 0
-0.836000 -0.584000 -0.367000 21 0
0.000000 -0.000000 -0.000000 0 0
-0.676000 -0.468000 -0.247000 2 0
-0.820000 -0.557000 -0.327000 12 0
-0.843000 -0.562000 -0.364000 20 0
0.000000 -0.000000 -0.000000 0 0
-0.636000 -0.419000 -0.229000 2 0
-0.830000 -0.537000 -0.326000 12 0
-0.841000 -0.535000 -0.358000 20 0
0.000000 -0.000000 -0.000000 0 0
-0.602000 -0.376000 -0.213000 1 0
-0.837000 -0.516000 -0.324000 12 0
-0.853000 -0.517000 -0.358000 22 0
0.000000 -0.000000 -0.000000 0 0
-0.609000 -0.361000 -0.212000 1 0
-0.843000 -0.493000 -0.321000 13 0
-0.856000 -0.494000 -0.354000 21 0
0.000000 -0.000000 -0.000000 0 0
-0.703000 -0.395000 -0.241000 2 2
-0.847000 -0.471000 -0.318000 13 0
-0.867000 -0.476000 -0.354000 22 0
-0.539000 -0.291000 -0.165000 10 16
-0.539000 -0.287000 -0.182000 5 16
-0.854000 -0.450000 -0.317000 13 0
-0.870000 -0.453000 -0.351000 22 0
-0.864000 -0.440000 -0.262000 20 0
-0.875000 -0.440000 -0.292000 13 0
-0.860000 -0.429000 -0.315000 13 0
-0.877000 -0.433000 -0.349000 22 0
-0.873000 -0.418000 -0.261000 21 0
-0.878000 -0.416000 -0.290000 14 0
-0.870000 -0.409000 -0.314000 13 0
-0.877000 -0.410000 -0.345000 22 0
-0.882000 -0.397000 -0.260000 20 0
-0.886000 -0.394000 -0.289000 13 0
-0.875000 -0.388000 -0.313000 13 0
-0.884000 -0.390000 -0.344000 21 0
-0.886000 -0.373000 -0.258000 20 0
-0.615000 -0.257000 -0.198000 8 2
-0.865000 -0.361000 -0.306000 13 0
-0.878000 -0.365000 -0.338000 19 0
0.000000 -0.000000 -0.000000 0 0
0.000000 -0.000000 -0.000000 0 0
0.000000 -0.000000 -0.000000 0 0
0.000000 -0.000000 -0.000000 0 0
0.000000 -0.000000 -0.000000 0 0
0.000000 -0.000000 -0.000000 0 0
0.000000 -0.000000 -0.000000 0 0
0.000000 -0.000000 -0.000000 0 0
0.000000 -0.000000 -0.000000 0 0
0.000000 -0.000000 -0.000000 0 0
0.000000 -0.000000 -0.000000 0 0
0.000000 -0.000000 -0.000000 0 0
0.000000 -0.000000 -0.000000 0 64
-0.610000 -0.190000 -0.189000 0 0
0.000000 -0.000000 -0.000000 0 0
0.000000 -0.000000 -0.000000 0 0
-0.910000 -0.259000 -0.253000 20 0
-0.908000 -0.260000 -0.279000 12 0
-0.903000 -0.262000 -0.304000 15 0
-0.902000 -0.266000 -0.331000 20 0
-0.916000 -0.237000 -0.253000 20 0
-0.914000 -0.239000 -0.279000 12 0
-0.911000 -0.243000 -0.305000 15 0
-0.908000 -0.246000 -0.331000 20 0
-0.919000 -0.214000 -0.252000 20 0
-0.920000 -0.217000 -0.279000 12 0
-0.915000 -0.222000 -0.304000 15 0
-0.912000 -0.226000 -0.330000 20 0
-0.926000 -0.193000 -0.253000 20 0
-0.924000 -0.196000 -0.279000 12 0
-0.919000 -0.201000 -0.303000 15 0
-0.918000 -0.207000 -0.330000 20 0
-0.931000 -0.170000 -0.253000 20 0
-0.929000 -0.175000 -0.278000 12 0
-0.926000 -0.181000 -0.304000 13 0
-0.921000 -0.187000 -0.328000 20 0
-0.935000 -0.148000 -0.253000 20 0
-0.934000 -0.153000 -0.278000 12 0
-0.930000 -0.160000 -0.303000 15 0
-0.925000 -0.167000 -0.328000 20 0
-0.807000 -0.698000 -0.293000 21 0
-0.809000 -0.680000 -0.320000 13 0
-0.809000 -0.663000 -0.347000 13 0
-0.810000 -0.647000 -0.374000 20 0
-0.814000 -0.671000 -0.289000 21 0
-0.815000 -0.653000 -0.316000 13 0
-0.816000 -0.639000 -0.343000 13 0
-0.820000 -0.627000 -0.372000 20 0
-0.793000 -0.622000 -0.275000 8 0
-0.815000 -0.622000 -0.309000 8 0
-0.821000 -0.614000 -0.339000 13 0
-0.826000 -0.604000 -0.368000 19 0
0.000000 -0.000000 -0.000000 0 0
-0.808000 -0.588000 -0.301000 6 0
-0.813000 -0.579000 -0.330000 12 0
-0.836000 -0.584000 -0.367000 21 0
0.000000 -0.000000 -0.000000 0 0
-0.676000 -0.468000 -0.247000 2 0
-0.820000 -0.557000 -0.327000 12 0
-0.843000 -0.562000 -0.364000 20 0
0.000000 -0.000000 -0.000000 0 0
-0.636000 -0.419000 -0.229000 2 0
-0.830000 -0.537000 -0.326000 12 0
-0.841000 -0.535000 -0.358000 20 0
0.000000 -0.000000 -0.000000 0 0
-0.602000 -0.376000 -0.213000 1 0
-0.837000 -0.516000 -0.324000 12 0
-0.853000 -0.517000 -0.358000 22 0
0.000000 -0.000000 -0.000000 0 0
-0.609000 -0.361000 -0.212000 1 0
-0.843000 -0.493000 -0.321000 13 0
-0.856000 -0.494000 -0.354000 21 0
0.000000 -0.000000 -0.000000 0 0
-0.703000 -0.395000 -0.241000 2 2
-0.847000 -0.471000 -0.318000 13 0
-0.867000 -0.476000 -0.354000 22 0
-0.539000 -0.291000 -0.165000 10 16
-0.539000 -0.287000 -0.182000 5 16
-0.854000 -0.450000 -0.317000 13 0
-0.870000 -0.453000 -0.351000 22 0
-0.864000 -0.440000 -0.262000 20 0
-0.875000 -0.440000 -0.292000 13 0
-0.860000 -0.429000 -0.315000 13 0
-0.877000 -0.433000 -0.349000 22 0
-0.873000 -0.418000 -0.261000 21 0
-0.878000 -0.416000 -0.290000 14 0
-0.870000 -0.409000 -0.314000 13 0
-0.877000 -0.410000 -0.345000 22 0
-0.882000 -0.397000 -0.260000 20 0
-0.886000 -0.394000 -0.289000 13 0
-0.875000 -0.388000 -0.313000 13 0
-0.884000 -0.390000 -0.344000 21 0
-0.886000 -0.373000 -0.258000 20 0
-0.615000 -0.257000 -0.198000 8 2
-0.865000 -0.361000 -0.306000 13 0
-0.878000 -0.365000 -0.338000 19 0
0.000000 -0.000000 -0.000000 0 0
0.000000 -0.000000 -0.000000 0 0
0.000000 -0.000000 -0.000000 0 0
0.000000 -0.000000 -0.000000 0 0
0.000000 -0.000000 -0.000000 0 0
0.000000 -0.000000 -0.000000 0 0
0.000000 -0.000000 -0.000000 0 0
0.000000 -0.000000 -0.000000 0 0
0.000000 -0.000000 -0.000000 0 0
0.000000 -0.000000 -0.000000 0 0
0.000000 -0.000000 -0.000000 0 0
0.000000 -0.000000 -0.000000 0 0
0.000000 -0.000000 -0.000000 0 64
-0.610000 -0.190000 -0.189000 0 0
0.000000 -0.000000 -0.000000 0 0
0.000000 -0.000000 -0.000000 0 0
-0.910000 -0.259000 -0.253000 20 0
-0.908000 -0.260000 -0.279000 12 0
-0.903000 -0.262000 -0.304000 15 0
-0.902000 -0.266000 -0.331000 20 0
-0.916000 -0.237000 -0.253000 20 0
-0.914000 -0.239000 -0.279000 12 0
-0.911000 -0.243000 -0.305000 15 0
-0.908000 -0.246000 -0.331000 20 0
-0.919000 -0.214000 -0.252000 20 0
-0.920000 -0.217000 -0.279000 12 0
-0.915000 -0.222000 -0.304000 15 0
-0.912000 -0.226000 -0.330000 20 0
-0.926000 -0.193000 -0.253000 20 0
-0.924000 -0.196000 -0.279000 12 0
-0.919000 -0.201000 -0.303000 15 0
-0.918000 -0.207000 -0.330000 20 0
-0.931000 -0.170000 -0.253000 20 0
-0.929000 -0.175000 -0.278000 12 0
-0.926000 -0.181000 -0.304000 13 0
-0.921000 -0.187000 -0.328000 20 0
-0.935000 -0.148000 -0.253000 20 0
-0.934000 -0.153000 -0.278000 12 0
-0.930000 -0.160000 -0.303000 15 0
-0.925000 -0.167000 -0.328000 20 0
-0.943000 -0.126000 -0.254000 20 0
-0.940000 -0.132000 -0.279000 12 0
-0.934000 -0.139000 -0.303000 13 0
-0.941000 -0.149000 -0.331000 18 64
-0.954000 -0.104000 -0.256000 20 0
-0.943000 -0.110000 -0.279000 12 0
-0.944000 -0.119000 -0.305000 15 0
-0.945000 -0.129000 -0.331000 21 0
-0.954000 -0.081000 -0.256000 20 0
-0.957000 -0.089000 -0.282000 14 0
-0.947000 -0.098000 -0.304000 13 0
-0.945000 -0.108000 -0.329000 21 0
-0.962000 -0.058000 -0.257000 21 0
-0.964000 -0.067000 -0.283000 14 0
-0.951000 -0.077000 -0.304000 15 0
-0.958000 -0.088000 -0.332000 21 0
-0.967000 -0.035000 -0.258000 21 0
-0.966000 -0.045000 -0.283000 14 0
-0.956000 -0.056000 -0.305000 15 0
-0.960000 -0.068000 -0.331000 21 0
-0.971000 -0.012000 -0.259000 21 0
-0.967000 -0.022000 -0.283000 14 0
-0.960000 -0.034000 -0.305000 15 0
-0.961000 -0.047000 -0.330000 21 0
-0.974000 0.011000 -0.260000 17 64
-0.979000 -0.000000 -0.286000 13 0
-0.961000 -0.013000 -0.305000 13 0
-0.973000 -0.026000 -0.333000 21 0
-0.977000 0.034000 -0.261000 17 64
-0.991000 0.022000 -0.289000 14 0
-0.967000 0.008000 -0.306000 16 0
-0.984000 -0.005000 -0.336000 22 0
-0.980000 0.058000 -0.262000 17 64
-0.993000 0.045000 -0.290000 14 0
-0.970000 0.030000 -0.306000 16 0
-0.984000 0.015000 -0.335000 22 0
-0.998000 0.083000 -0.268000 19 64
-0.999000 0.069000 -0.292000 14 0
-0.975000 0.052000 -0.308000 16 0
-0.992000 0.037000 -0.337000 18 64
-1.006000 0.108000 -0.270000 18 64
-0.999000 0.092000 -0.292000 14 0
-0.978000 0.074000 -0.308000 16 0
-0.998000 0.059000 -0.338000 18 64
-1.011000 0.133000 -0.273000 18 64
-1.004000 0.117000 -0.294000 14 0
-1.004000 0.099000 -0.317000 17 0
-0.999000 0.080000 -0.338000 23 0
-1.016000 0.158000 -0.275000 19 64
-1.011000 0.141000 -0.297000 14 0
-1.003000 0.121000 -0.316000 17 0
-1.004000 0.103000 -0.339000 18 64
-1.019000 0.184000 -0.277000 17 64
-1.019000 0.166000 -0.300000 15 0
-1.014000 0.146000 -0.320000 18 0
-1.002000 0.125000 -0.338000 18 64
-0.999000 0.205000 -0.273000 1 64
-1.008000 0.189000 -0.298000 5 0
-1.012000 0.169000 -0.320000 18 0
-1.010000 0.148000 -0.341000 22 0
-1.008000 0.232000 -0.277000 2 64
-1.007000 0.213000 -0.298000 2 0
-0.996000 0.190000 -0.316000 3 0
-1.018000 0.172000 -0.344000 18 64
-1.091000 0.279000 -0.302000 1 64
-1.028000 0.242000 -0.306000 2 0
-1.006000 0.215000 -0.319000 2 0
-1.008000 0.193000 -0.340000 3 64
-1.110000 0.312000 -0.310000 2 64
-1.107000 0.288000 -0.331000 1 0
-1.039000 0.247000 -0.331000 2 0
-1.008000 0.216000 -0.340000 2 0
-1.119000 0.344000 -0.315000 2 0
-1.112000 0.317000 -0.335000 2 0
-1.104000 0.289000 -0.353000 1 0
-1.027000 0.244000 -0.347000 1 0
-1.122000 0.374000 -0.318000 2 0
-1.122000 0.348000 -0.340000 2 0
-1.115000 0.318000 -0.357000 2 0
-1.099000 0.286000 -0.372000 1 0
-1.125000 0.405000 -0.322000 2 0
-1.129000 0.379000 -0.344000 2 0
-1.119000 0.347000 -0.360000 2 0
-1.112000 0.316000 -0.378000 2 0
-1.139000 0.441000 -0.329000 2 0
-1.130000 0.409000 -0.347000 2 0
-1.122000 0.376000 -0.363000 2 0
-1.118000 0.344000 -0.381000 2 0
-1.146000 0.475000 -0.335000 2 0
-1.137000 0.441000 -0.352000 2 0
-1.131000 0.408000 -0.368000 2 0
-1.123000 0.373000 -0.384000 2 0
-1.158000 0.512000 -0.342000 2 0
-1.151000 0.478000 -0.359000 2 0
-1.137000 0.439000 -0.372000 2 0
-1.126000 0.402000 -0.386000 2 0
-0.943000 -0.126000 -0.254000 20 0
-0.940000 -0.132000 -0.279000 12 0
-0.934000 -0.139000 -0.303000 13 0
-0.941000 -0.149000 -0.331000 18 64
-0.954000 -0.104000 -0.256000 20 0
-0.943000 -0.110000 -0.279000 12 0
-0.944000 -0.119000 -0.305000 15 0
-0.945000 -0.129000 -0.331000 21 0
-0.954000 -0.081000 -0.256000 20 0
-0.957000 -0.089000 -0.282000 14 0
-0.947000 -0.098000 -0.304000 13 0
-0.945000 -0.108000 -0.329000 21 0
-0.962000 -0.058000 -0.257000 21 0
-0.964000 -0.067000 -0.283000 14 0
-0.951000 -0.077000 -0.304000 15 0
-0.958000 -0.088000 -0.332000 21 0
-0.967000 -0.035000 -0.258000 21 0
-0.966000 -0.045000 -0.283000 14 0
-0.956000 -0.056000 -0.305000 15 0
-0.960000 -0.068000 -0.331000 21 0
-0.971000 -0.012000 -0.259000 21 0
-0.967000 -0.022000 -0.283000 14 0
-0.960000 -0.034000 -0.305000 15 0
-0.961000 -0.047000 -0.330000 21 0
-0.974000 0.011000 -0.260000 17 64
-0.979000 -0.000000 -0.286000 13 0
-0.961000 -0.013000 -0.305000 13 0
-0.973000 -0.026000 -0.333000 21 0
-0.977000 0.034000 -0.261000 17 64
-0.991000 0.022000 -0.289000 14 0
-0.967000 0.008000 -0.306000 16 0
-0.984000 -0.005000 -0.336000 22 0
-0.980000 0.058000 -0.262000 17 64
-0.993000 0.045000 -0.290000 14 0
-0.970000 0.030000 -0.306000 16 0
-0.984000 0.015000 -0.335000 22 0
-0.998000 0.083000 -0.268000 19 64
-0.999000 0.069000 -0.292000 14 0
-0.975000 0.052000 -0.308000 16 0
-0.992000 0.037000 -0.337000 18 64
-1.006000 0.108000 -0.270000 18 64
-0.999000 0.092000 -0.292000 14 0
-0.978000 0.074000 -0.308000 16 0
-0.998000 0.059000 -0.338000 18 64
-1.011000 0.133000 -0.273000 18 64
-1.004000 0.117000 -0.294000 14 0
-1.004000 0.099000 -0.317000 17 0
-0.999000 0.080000 -0.338000 23 0
-1.016000 0.158000 -0.275000 19 64
-1.011000 0.141000 -0.297000 14 0
-1.003000 0.121000 -0.316000 17 0
-1.004000 0.103000 -0.339000 18 64
-1.019000 0.184000 -0.277000 17 64
-1.019000 0.166000 -0.300000 15 0
-1.014000 0.146000 -0.320000 18 0
-1.002000 0.125000 -0.338000 18 64
-0.999000 0.205000 -0.273000 1 64
-1.008000 0.189000 -0.298000 5 0
-1.012000 0.169000 -0.320000 18 0
-1.010000 0.148000 -0.341000 22 0
-1.008000 0.232000 -0.277000 2 64
-1.007000 0.213000 -0.298000 2 0
-0.996000 0.190000 -0.316000 3 0
-1.018000 0.172000 -0.344000 18 64
-1.091000 0.279000 -0.302000 1 64
-1.028000 0.242000 -0.306000 2 0
-1.006000 0.215000 -0.319000 2 0
-1.008000 0.193000 -0.340000 3 64
-1.110000 0.312000 -0.310000 2 64
-1.107000 0.288000 -0.331000 1 0
-1.039000 0.247000 -0.331000 2 0
-1.008000 0.216000 -0.340000 2 0
-1.119000 0.344000 -0.315000 2 0
-1.112000 0.317000 -0.335000 2 0
-1.104000 0.289000 -0.353000 1 0
-1.027000 0.244000 -0.347000 1 0
-1.122000 0.374000 -0.318000 2 0
-1.122000 0.348000 -0.340000 2 0
-1.115000 0.318000 -0.357000 2 0
-1.099000 0.286000 -0.372000 1 0
-1.125000 0.405000 -0.322000 2 0
-1.129000 0.379000 -0.344000 2 0
-1.119000 0.347000 -0.360000 2 0
-1.112000 0.316000 -0.378000 2 0
-1.139000 0.441000 -0.329000 2 0
-1.130000 0.409000 -0.347000 2 0
-1.122000 0.376000 -0.363000 2 0
-1.118000 0.344000 -0.381000 2 0
-1.146000 0.475000 -0.335000 2 0
-1.137000 0.441000 -0.352000 2 0
-1.131000 0.408000 -0.368000 2 0
-1.123000 0.373000 -0.384000 2 0
-1.158000 0.512000 -0.342000 2 0
-1.151000 0.478000 -0.359000 2 0
-1.137000 0.439000 -0.372000 2 0
-1.126000 0.402000 -0.386000 2 0
-1.158000 0.546000 -0.346000 2 0
-1.150000 0.509000 -0.362000 2 0
-1.147000 0.473000 -0.378000 2 0
-1.135000 0.433000 -0.390000 2 0
-1.166000 0.583000 -0.353000 2 0
-1.160000 0.546000 -0.369000 2 0
-1.151000 0.505000 -0.382000 2 0
-1.145000 0.466000 -0.396000 1 0
-1.178000 0.625000 -0.361000 2 0
-1.166000 0.582000 -0.375000 2 0
-1.161000 0.541000 -0.388000 2 0
-1.151000 0.498000 -0.400000 2 0
-1.185000 0.665000 -0.369000 1 0
-1.176000 0.621000 -0.382000 1 0
-1.169000 0.577000 -0.394000 1 0
-1.154000 0.530000 -0.403000 2 0
-1.198000 0.710000 -0.378000 1 0
-1.189000 0.663000 -0.391000 1 0
-1.176000 0.614000 -0.400000 1 0
-1.159000 0.564000 -0.407000 2 0
-1.202000 0.750000 -0.385000 10 0
-1.192000 0.702000 -0.397000 1 0
-1.188000 0.655000 -0.408000 1 0
-1.175000 0.604000 -0.416000 1 0
-1.225000 0.805000 -0.399000 1 0
-1.204000 0.747000 -0.406000 9 0
-1.188000 0.690000 -0.412000 1 0
-1.179000 0.639000 -0.420000 1 0
-1.217000 0.841000 -0.403000 8 0
-1.218000 0.795000 -0.417000 2 0
-1.206000 0.738000 -0.423000 1 0
-1.188000 0.679000 -0.426000 7 0
-1.242000 0.903000 -0.419000 1 0
-1.218000 0.835000 -0.423000 7 0
-1.203000 0.774000 -0.426000 9 0
-1.206000 0.725000 -0.437000 1 0
-1.240000 0.947000 -0.426000 8 0
-1.240000 0.893000 -0.437000 1 0
-1.222000 0.826000 -0.438000 1 0
-1.199000 0.757000 -0.438000 8 0
-1.224000 0.981000 -0.429000 10 0
-1.236000 0.934000 -0.443000 8 0
-1.225000 0.869000 -0.445000 9 0
-1.217000 0.808000 -0.449000 1 0
-1.184000 0.995000 -0.424000 11 0
-1.232000 0.977000 -0.449000 9 0
-1.243000 0.925000 -0.458000 1 0
-1.223000 0.851000 -0.456000 8 0
-1.208000 1.064000 -0.442000 2 0
-1.190000 0.989000 -0.441000 11 0
-1.238000 0.966000 -0.463000 8 0
-1.231000 0.898000 -0.464000 1 0
-1.219000 1.126000 -0.456000 64 0
-1.182000 1.029000 -0.447000 0 0
-1.205000 0.984000 -0.457000 11 0
-1.242000 0.949000 -0.473000 8 0
-1.233000 1.193000 -0.472000 53 0
-1.215000 1.107000 -0.468000 60 0
-1.186000 1.014000 -0.457000 1 0
-1.225000 0.981000 -0.473000 10 0
-1.249000 1.266000 -0.490000 54 0
-1.226000 1.170000 -0.482000 51 0
-1.211000 1.084000 -0.475000 45 1
-1.185000 0.993000 -0.463000 11 0
-1.269000 1.348000 -0.511000 47 0
-1.244000 1.244000 -0.500000 49 0
-1.220000 1.143000 -0.487000 60 0
-1.196000 1.049000 -0.474000 11 0
-1.284000 1.430000 -0.531000 49 0
-1.262000 1.320000 -0.519000 56 0
-1.237000 1.213000 -0.503000 57 0
-1.215000 1.114000 -0.489000 63 0
-1.307000 1.525000 -0.556000 48 0
-1.281000 1.404000 -0.540000 51 0
-1.258000 1.291000 -0.521000 52 0
-1.230000 1.180000 -0.503000 54 0
-1.331000 1.628000 -0.583000 12 0
-1.298000 1.490000 -0.560000 54 0
-1.273000 1.367000 -0.539000 52 0
-1.248000 1.252000 -0.519000 54 0
-1.882000 2.412000 -0.850000 78 0
-1.325000 1.592000 -0.587000 54 0
-1.293000 1.453000 -0.559000 49 0
-1.264000 1.327000 -0.535000 52 0
-1.813000 2.438000 -0.845000 85 0
-1.913000 2.409000 -0.871000 128 0
-1.316000 1.549000 -0.583000 50 0
-1.286000 1.412000 -0.555000 53 0
-1.736000 2.450000 -0.836000 76 0
-1.839000 2.429000 -0.862000 89 0
-1.323000 1.632000 -0.600000 9 0
-1.305000 1.500000 -0.575000 52 0
-1.664000 2.468000 -0.830000 80 0
-1.767000 2.448000 -0.853000 75 0
-1.868000 2.413000 -0.869000 74 0
-1.325000 1.594000 -0.595000 89 0
-1.158000 0.546000 -0.346000 2 0
-1.150000 0.509000 -0.362000 2 0
-1.147000 0.473000 -0.378000 2 0
-1.135000 0.433000 -0.390000 2 0
-1.166000 0.583000 -0.353000 2 0
-1.160000 0.546000 -0.369000 2 0
-1.151000 0.505000 -0.382000 2 0
-1.145000 0.466000 -0.396000 1 0
-1.178000 0.625000 -0.361000 2 0
-1.166000 0.582000 -0.375000 2 0
-1.161000 0.541000 -0.388000 2 0
-1.151000 0.498000 -0.400000 2 0
-1.185000 0.665000 -0.369000 1 0
-1.176000 0.621000 -0.382000 1 0
-1.169000 0.577000 -0.394000 1 0
-1.154000 0.530000 -0.403000 2 0
-1.198000 0.710000 -0.378000 1 0
-1.189000 0.663000 -0.391000 1 0
-1.176000 0.614000 -0.400000 1 0
-1.159000 0.564000 -0.407000 2 0
-1.202000 0.750000 -0.385000 10 0
-1.192000 0.702000 -0.397000 1 0
-1.188000 0.655000 -0.408000 1 0
-1.175000 0.604000 -0.416000 1 0
-1.225000 0.805000 -0.399000 1 0
-1.204000 0.747000 -0.406000 9 0
-1.188000 0.690000 -0.412000 1 0
-1.179000 0.639000 -0.420000 1 0
-1.217000 0.841000 -0.403000 8 0
-1.218000 0.795000 -0.417000 2 0
-1.206000 0.738000 -0.423000 1 0
-1.188000 0.679000 -0.426000 7 0
-1.242000 0.903000 -0.419000 1 0
-1.218000 0.835000 -0.423000 7 0
-1.203000 0.774000 -0.426000 9 0
-1.206000 0.725000 -0.437000 1 0
-1.240000 0.947000 -0.426000 8 0
-1.240000 0.893000 -0.437000 1 0
-1.222000 0.826000 -0.438000 1 0
-1.199000 0.757000 -0.438000 8 0
-1.224000 0.981000 -0.429000 10 0
-1.236000 0.934000 -0.443000 8 0
-1.225000 0.869000 -0.445000 9 0
-1.217000 0.808000 -0.449000 1 0
-1.184000 0.995000 -0.424000 11 0
-1.232000 0.977000 -0.449000 9 0
-1.243000 0.925000 -0.458000 1 0
-1.223000 0.851000 -0.456000 8 0
-1.208000 1.064000 -0.442000 2 0
-1.190000 0.989000 -0.441000 11 0
-1.238000 0.966000 -0.463000 8 0
-1.231000 0.898000 -0.464000 1 0
-1.219000 1.126000 -0.456000 64 0
-1.182000 1.029000 -0.447000 0 0
-1.205000 0.984000 -0.457000 11 0
-1.242000 0.949000 -0.473000 8 0
-1.233000 1.193000 -0.472000 53 0
-1.215000 1.107000 -0.468000 60 0
-1.186000 1.014000 -0.457000 1 0
-1.225000 0.981000 -0.473000 10 0
-1.249000 1.266000 -0.490000 54 0
-1.226000 1.170000 -0.482000 51 0
-1.211000 1.084000 -0.475000 45 1
-1.185000 0.993000 -0.463000 11 0
-1.269000 1.348000 -0.511000 47 0
-1.244000 1.244000 -0.500000 49 0
-1.220000 1.143000 -0.487000 60 0
-1.196000 1.049000 -0.474000 11 0
-1.284000 1.430000 -0.531000 49 0
-1.262000 1.320000 -0.519000 56 0
-1.237000 1.213000 -0.503000 57 0
-1.215000 1.114000 -0.489000 63 0
-1.307000 1.525000 -0.556000 48 0
-1.281000 1.404000 -0.540000 51 0
-1.258000 1.291000 -0.521000 52 0
-1.230000 1.180000 -0.503000 54 0
-1.331000 1.628000 -0.583000 12 0
-1.298000 1.490000 -0.560000 54 0
-1.273000 1.367000 -0.539000 52 0
-1.248000 1.252000 -0.519000 54 0
-1.882000 2.412000 -0.850000 78 0
-1.325000 1.592000 -0.587000 54 0
-1.293000 1.453000 -0.559000 49 0
-1.264000 1.327000 -0.535000 52 0
-1.813000 2.438000 -0.845000 85 0
-1.913000 2.409000 -0.871000 128 0
-1.316000 1.549000 -0.583000 50 0
-1.286000 1.412000 -0.555000 53 0
-1.736000 2.450000 -0.836000 76 0
-1.839000 2.429000 -0.862000 89 0
-1.323000 1.632000 -0.600000 9 0
-1.305000 1.500000 -0.575000 52 0
-1.664000 2.468000 -0.830000 80 0
-1.767000 2.448000 -0.853000 75 0
-1.868000 2.413000 -0.869000 74 0
-1.325000 1.594000 -0.595000 89 0
-1.595000 2.488000 -0.825000 81 0
-1.692000 2.462000 -0.844000 81 0
-1.801000 2.440000 -0.861000 72 0
-1.909000 2.406000 -0.877000 117 0
-1.524000 2.502000 -0.819000 75 0
-1.621000 2.476000 -0.835000 76 0
-1.729000 2.457000 -0.850000 72 0
-1.833000 2.420000 -0.862000 73 0
-1.454000 2.515000 -0.813000 82 0
-1.553000 2.496000 -0.829000 77 0
-1.654000 2.468000 -0.838000 76 0
-1.767000 2.446000 -0.853000 76 0
-1.389000 2.536000 -0.811000 85 0
-1.485000 2.513000 -0.822000 75 0
-1.586000 2.488000 -0.829000 72 0
-1.692000 2.460000 -0.839000 77 0
-1.322000 2.549000 -0.806000 82 0
-1.417000 2.528000 -0.815000 78 0
-1.516000 2.502000 -0.819000 71 0
-1.622000 2.476000 -0.827000 74 0
-1.257000 2.567000 -0.804000 79 0
-1.350000 2.543000 -0.809000 72 0
-1.448000 2.518000 -0.811000 76 0
-1.550000 2.489000 -0.814000 77 0
-1.194000 2.587000 -0.802000 85 0
-1.285000 2.561000 -0.804000 77 0
-1.379000 2.530000 -0.802000 71 0
-1.488000 2.515000 -0.807000 74 0
-1.128000 2.598000 -0.798000 79 0
-1.219000 2.573000 -0.798000 72 0
-1.316000 2.551000 -0.796000 73 0
-1.417000 2.525000 -0.794000 80 0
-1.063000 2.609000 -0.795000 83 0
-1.156000 2.592000 -0.795000 74 0
-1.252000 2.570000 -0.790000 73 0
-1.350000 2.540000 -0.785000 79 0
-1.000000 2.625000 -0.794000 84 0
-1.091000 2.603000 -0.789000 81 0
-1.188000 2.587000 -0.784000 71 0
-1.286000 2.558000 -0.776000 73 0
-0.942000 2.651000 -0.796000 8 0
-1.028000 2.618000 -0.786000 79 0
-1.123000 2.600000 -0.777000 75 0
-1.220000 2.574000 -0.768000 75 0
-1.360000 4.123000 -1.231000 15 0
-0.993000 2.710000 -0.806000 151 0
-1.059000 2.616000 -0.772000 82 0
-1.157000 2.592000 -0.761000 81 0
-1.262000 4.142000 -1.229000 13 0
-1.094000 3.210000 -0.946000 87 0
-0.990000 2.615000 -0.762000 89 0
-1.088000 2.598000 -0.750000 80 0
-1.162000 4.147000 -1.224000 12 0
-1.330000 4.215000 -1.231000 13 0
-1.120000 3.178000 -0.915000 150 0
-1.027000 2.619000 -0.745000 75 0
-1.063000 4.155000 -1.220000 13 0
-1.228000 4.224000 -1.224000 9 0
-1.413000 4.321000 -1.229000 11 0
-0.994000 2.718000 -0.761000 163 0
-0.970000 4.183000 -1.223000 11 0
-1.133000 4.257000 -1.224000 12 0
-1.312000 4.347000 -1.224000 10 0
-1.091000 3.212000 -0.887000 16 0
-0.870000 4.179000 -1.216000 12 0
-1.034000 4.275000 -1.221000 13 0
-1.204000 4.348000 -1.211000 8 0
-1.414000 4.499000 -1.226000 12 0
-0.772000 4.179000 -1.213000 12 0
-0.933000 4.280000 -1.214000 13 0
-1.115000 4.417000 -1.219000 14 0
-1.308000 4.528000 -1.218000 4 0
-0.676000 4.181000 -1.210000 12 0
-0.837000 4.311000 -1.215000 13 0
-1.016000 4.452000 -1.218000 14 0
-1.211000 4.589000 -1.219000 13 0
-0.579000 4.176000 -1.206000 12 0
-0.738000 4.316000 -1.211000 13 0
-0.900000 4.413000 -1.196000 43 0
-1.106000 4.623000 -1.213000 15 0
-0.482000 4.170000 -1.201000 16 0
-0.641000 4.341000 -1.212000 13 0
-0.795000 4.413000 -1.187000 70 0
-0.985000 4.589000 -1.190000 13 0
-0.388000 4.166000 -1.199000 17 0
-0.538000 4.325000 -1.202000 16 0
-0.696000 4.443000 -1.186000 64 0
-0.838000 4.397000 -1.128000 76 0
-0.240000 3.416000 -0.982000 40 0
-0.439000 4.325000 -1.197000 18 0
-0.595000 4.475000 -1.186000 59 0
-0.738000 4.430000 -1.125000 94 0
0.000000 -0.000000 -0.000000 0 0
-0.267000 3.406000 -0.939000 47 0
-0.494000 4.501000 -1.185000 47 0
-0.636000 4.462000 -1.122000 85 0
-1.595000 2.488000 -0.825000 81 0
-1.692000 2.462000 -0.844000 81 0
-1.801000 2.440000 -0.861000 72 0
-1.909000 2.406000 -0.877000 117 0
-1.524000 2.502000 -0.819000 75 0
-1.621000 2.476000 -0.835000 76 0
-1.729000 2.457000 -0.850000 72 0
-1.833000 2.420000 -0.862000 73 0
-1.454000 2.515000 -0.813000 82 0
-1.553000 2.496000 -0.829000 77 0
-1.654000 2.468000 -0.838000 76 0
-1.767000 2.446000 -0.853000 76 0
-1.389000 2.536000 -0.811000 85 0
-1.485000 2.513000 -0.822000 75 0
-1.586000 2.488000 -0.829000 72 0
-1.692000 2.460000 -0.839000 77 0
-1.322000 2.549000 -0.806000 82 0
-1.417000 2.528000 -0.815000 78 0
-1.516000 2.502000 -0.819000 71 0
-1.622000 2.476000 -0.827000 74 0
-1.257000 2.567000 -0.804000 79 0
-1.350000 2.543000 -0.809000 72 0
-1.448000 2.518000 -0.811000 76 0
-1.550000 2.489000 -0.814000 77 0
-1.194000 2.587000 -0.802000 85 0
-1.285000 2.561000 -0.804000 77 0
-1.379000 2.530000 -0.802000 71 0
-1.488000 2.515000 -0.807000 74 0
-1.128000 2.598000 -0.798000 79 0
-1.219000 2.573000 -0.798000 72 0
-1.316000 2.551000 -0.796000 73 0
-1.417000 2.525000 -0.794000 80 0
-1.063000 2.609000 -0.795000 83 0
-1.156000 2.592000 -0.795000 74 0
-1.252000 2.570000 -0.790000 73 0
-1.350000 2.540000 -0.785000 79 0
-1.000000 2.625000 -0.794000 84 0
-1.091000 2.603000 -0.789000 81 0
-1.188000 2.587000 -0.784000 71 0
-1.286000 2.558000 -0.776000 73 0
-0.942000 2.651000 -0.796000 8 0
-1.028000 2.618000 -0.786000 79 0
-1.123000 2.600000 -0.777000 75 0
-1.220000 2.574000 -0.768000 75 0
-1.360000 4.123000 -1.231000 15 0
-0.993000 2.710000 -0.806000 151 0
-1.059000 2.616000 -0.772000 82 0
-1.157000 2.592000 -0.761000 81 0
-1.262000 4.142000 -1.229000 13 0
-1.094000 3.210000 -0.946000 87 0
-0.990000 2.615000 -0.762000 89 0
-1.088000 2.598000 -0.750000 80 0
-1.162000 4.147000 -1.224000 12 0
-1.330000 4.215000 -1.231000 13 0
-1.120000 3.178000 -0.915000 150 0
-1.027000 2.619000 -0.745000 75 0
-1.063000 4.155000 -1.220000 13 0
-1.228000 4.224000 -1.224000 9 0
-1.413000 4.321000 -1.229000 11 0
-0.994000 2.718000 -0.761000 163 0
-0.970000 4.183000 -1.223000 11 0
-1.133000 4.257000 -1.224000 12 0
-1.312000 4.347000 -1.224000 10 0
-1.091000 3.212000 -0.887000 16 0
-0.870000 4.179000 -1.216000 12 0
-1.034000 4.275000 -1.221000 13 0
-1.204000 4.348000 -1.211000 8 0
-1.414000 4.499000 -1.226000 12 0
-0.772000 4.179000 -1.213000 12 0
-0.933000 4.280000 -1.214000 13 0
-1.115000 4.417000 -1.219000 14 0
-1.308000 4.528000 -1.218000 4 0
-0.676000 4.181000 -1.210000 12 0
-0.837000 4.311000 -1.215000 13 0
-1.016000 4.452000 -1.218000 14 0
-1.211000 4.589000 -1.219000 13 0
-0.579000 4.176000 -1.206000 12 0
-0.738000 4.316000 -1.211000 13 0
-0.900000 4.413000 -1.196000 43 0
-1.106000 4.623000 -1.213000 15 0
-0.482000 4.170000 -1.201000 16 0
-0.641000 4.341000 -1.212000 13 0
-0.795000 4.413000 -1.187000 70 0
-0.985000 4.589000 -1.190000 13 0
-0.388000 4.166000 -1.199000 17 0
-0.538000 4.325000 -1.202000 16 0
-0.696000 4.443000 -1.186000 64 0
-0.838000 4.397000 -1.128000 76 0
-0.240000 3.416000 -0.982000 40 0
-0.439000 4.325000 -1.197000 18 0
-0.595000 4.475000 -1.186000 59 0
-0.738000 4.430000 -1.125000 94 0
0.000000 -0.000000 -0.000000 0 0
-0.267000 3.406000 -0.939000 47 0
-0.494000 4.501000 -1.185000 47 0
-0.636000 4.462000 -1.122000 85 0
0.000000 -0.000000 -0.000000 0 192
-0.191000 3.430000 -0.943000 5 0
-0.294000 3.407000 -0.892000 2 4
-0.535000 4.496000 -1.120000 78 0
0.000000 -0.000000 -0.000000 0 192
0.000000 -0.000000 -0.000000 0 0
-0.216000 3.410000 -0.888000 20 0
-0.332000 3.483000 -0.860000 8 0
0.000000 -0.000000 -0.000000 0 192
0.000000 -0.000000 -0.000000 0 192
0.000000 -0.000000 -0.000000 0 0
-0.244000 3.408000 -0.835000 43 0
0.000000 -0.000000 -0.000000 0 192
0.000000 -0.000000 -0.000000 0 192
0.000000 -0.000000 -0.000000 0 192
0.000000 -0.000000 -0.000000 0 0
0.000000 -0.000000 -0.000000 0 192
0.000000 -0.000000 -0.000000 0 192
0.000000 -0.000000 -0.000000 0 128
0.000000 -0.000000 -0.000000 0 192
0.000000 -0.000000 -0.000000 0 192
0.000000 -0.000000 -0.000000 0 192
0.000000 -0.000000 -0.000000 0 192
0.000000 -0.000000 -0.000000 0 192
0.000000 -0.000000 -0.000000 0 192
0.000000 -0.000000 -0.000000 0 192
0.000000 -0.000000 -0.000000 0 192
0.000000 -0.000000 -0.000000 0 192
0.000000 -0.000000 -0.000000 0 0
0.171000 1.667000 -0.455000 1 0
0.000000 -0.000000 -0.000000 0 192
0.000000 -0.000000 -0.000000 0 128
0.237000 1.541000 -0.449000 55 0
0.199000 1.584000 -0.433000 15 0
0.000000 -0.000000 -0.000000 0 192
0.000000 -0.000000 -0.000000 0 192
0.276000 1.565000 -0.458000 12 0
0.229000 1.541000 -0.422000 53 0
0.195000 1.606000 -0.407000 1 64
0.000000 -0.000000 -0.000000 0 192
0.312000 1.566000 -0.461000 56 0
0.267000 1.553000 -0.426000 11 0
0.224000 1.539000 -0.390000 56 0
0.000000 -0.000000 -0.000000 0 128
0.350000 1.573000 -0.465000 13 0
0.305000 1.563000 -0.429000 54 0
0.263000 1.555000 -0.394000 11 0
0.217000 1.538000 -0.359000 46 0
0.389000 1.582000 -0.470000 82 0
0.347000 1.583000 -0.436000 12 0
0.302000 1.569000 -0.398000 10 0
0.258000 1.562000 -0.363000 12 0
0.430000 1.595000 -0.477000 81 0
0.384000 1.583000 -0.438000 79 0
0.341000 1.573000 -0.399000 53 0
0.295000 1.554000 -0.361000 42 0
0.469000 1.602000 -0.482000 75 0
0.426000 1.598000 -0.444000 82 0
0.383000 1.586000 -0.403000 12 0
0.339000 1.578000 -0.366000 12 0
0.511000 1.612000 -0.488000 48 0
0.467000 1.605000 -0.447000 76 0
0.423000 1.589000 -0.405000 58 0
0.380000 1.586000 -0.367000 52 0
0.553000 1.619000 -0.494000 52 0
0.509000 1.611000 -0.452000 46 0
0.467000 1.603000 -0.410000 56 0
0.423000 1.598000 -0.370000 61 0
0.598000 1.632000 -0.502000 48 0
0.555000 1.626000 -0.458000 56 0
0.511000 1.616000 -0.414000 50 0
0.466000 1.605000 -0.372000 56 0
0.645000 1.647000 -0.510000 48 0
0.600000 1.638000 -0.464000 52 0
0.556000 1.626000 -0.418000 54 0
0.511000 1.614000 -0.375000 57 0
0.692000 1.658000 -0.518000 43 0
0.646000 1.648000 -0.470000 48 0
0.604000 1.639000 -0.424000 47 0
0.558000 1.627000 -0.378000 52 0
0.736000 1.661000 -0.524000 41 0
0.697000 1.665000 -0.479000 51 0
0.649000 1.645000 -0.427000 55 0
0.606000 1.638000 -0.382000 50 0
0.815000 1.735000 -0.553000 150 0
0.743000 1.669000 -0.484000 49 0
0.699000 1.657000 -0.433000 48 0
0.656000 1.652000 -0.386000 49 0
0.981000 1.974000 -0.635000 44 0
0.815000 1.725000 -0.504000 150 0
0.753000 1.675000 -0.440000 45 0
0.710000 1.669000 -0.392000 44 0
1.042000 1.987000 -0.646000 39 0
0.988000 1.974000 -0.582000 43 0
0.833000 1.744000 -0.462000 150 0
0.762000 1.679000 -0.396000 46 0
0.000000 -0.000000 -0.000000 0 192
-0.191000 3.430000 -0.943000 5 0
-0.294000 3.407000 -0.892000 2 4
-0.535000 4.496000 -1.120000 78 0
0.000000 -0.000000 -0.000000 0 192
0.000000 -0.000000 -0.000000 0 0
-0.216000 3.410000 -0.888000 20 0
-0.332000 3.483000 -0.860000 8 0
0.000000 -0.000000 -0.000000 0 192
0.000000 -0.000000 -0.000000 0 192
0.000000 -0.000000 -0.000000 0 0
-0.244000 3.408000 -0.835000 43 0
0.000000 -0.000000 -0.000000 0 192
0.000000 -0.000000 -0.000000 0 192
0.000000 -0.000000 -0.000000 0 192
0.000000 -0.000000 -0.000000 0 0
0.000000 -0.000000 -0.000000 0 192
0.000000 -0.000000 -0.000000 0 192
0.000000 -0.000000 -0.000000 0 128
0.000000 -0.000000 -0.000000 0 192
0.000000 -0.000000 -0.000000 0 192
0.000000 -0.000000 -0.000000 0 192
0.000000 -0.000000 -0.000000 0 192
0.000000 -0.000000 -0.000000 0 192
0.000000 -0.000000 -0.000000 0 192
0.000000 -0.000000 -0.000000 0 192
0.000000 -0.000000 -0.000000 0 192
0.000000 -0.000000 -0.000000 0 192
0.000000 -0.000000 -0.000000 0 0
0.171000 1.667000 -0.455000 1 0
0.000000 -0.000000 -0.000000 0 192
0.000000 -0.000000 -0.000000 0 128
0.237000 1.541000 -0.449000 55 0
0.199000 1.584000 -0.433000 15 0
0.000000 -0.000000 -0.000000 0 192
0.000000 -0.000000 -0.000000 0 192
0.276000 1.565000 -0.458000 12 0
0.229000 1.541000 -0.422000 53 0
0.195000 1.606000 -0.407000 1 64
0.000000 -0.000000 -0.000000 0 192
0.312000 1.566000 -0.461000 56 0
0.267000 1.553000 -0.426000 11 0
0.224000 1.539000 -0.390000 56 0
0.000000 -0.000000 -0.000000 0 128
0.350000 1.573000 -0.465000 13 0
0.305000 1.563000 -0.429000 54 0
0.263000 1.555000 -0.394000 11 0
0.217000 1.538000 -0.359000 46 0
0.389000 1.582000 -0.470000 82 0
0.347000 1.583000 -0.436000 12 0
0.302000 1.569000 -0.398000 10 0
0.258000 1.562000 -0.363000 12 0
0.430000 1.595000 -0.477000 81 0
0.384000 1.583000 -0.438000 79 0
0.341000 1.573000 -0.399000 53 0
0.295000 1.554000 -0.361000 42 0
0.469000 1.602000 -0.482000 75 0
0.426000 1.598000 -0.444000 82 0
0.383000 1.586000 -0.403000 12 0
0.339000 1.578000 -0.366000 12 0
0.511000 1.612000 -0.488000 48 0
0.467000 1.605000 -0.447000 76 0
0.423000 1.589000 -0.405000 58 0
0.380000 1.586000 -0.367000 52 0
0.553000 1.619000 -0.494000 52 0
0.509000 1.611000 -0.452000 46 0
0.467000 1.603000 -0.410000 56 0
0.423000 1.598000 -0.370000 61 0
0.598000 1.632000 -0.502000 48 0
0.555000 1.626000 -0.458000 56 0
0.511000 1.616000 -0.414000 50 0
0.466000 1.605000 -0.372000 56 0
0.645000 1.647000 -0.510000 48 0
0.600000 1.638000 -0.464000 52 0
0.556000 1.626000 -0.418000 54 0
0.511000 1.614000 -0.375000 57 0
0.692000 1.658000 -0.518000 43 0
0.646000 1.648000 -0.470000 48 0
0.604000 1.639000 -0.424000 47 0
0.558000 1.627000 -0.378000 52 0
0.736000 1.661000 -0.524000 41 0
0.697000 1.665000 -0.479000 51 0
0.649000 1.645000 -0.427000 55 0
0.606000 1.638000 -0.382000 50 0
0.815000 1.735000 -0.553000 150 0
0.743000 1.669000 -0.484000 49 0
0.699000 1.657000 -0.433000 48 0
0.656000 1.652000 -0.386000 49 0
0.981000 1.974000 -0.635000 44 0
0.815000 1.725000 -0.504000 150 0
0.753000 1.675000 -0.440000 45 0
0.710000 1.669000 -0.392000 44 0
1.042000 1.987000 -0.646000 39 0
0.988000 1.974000 -0.582000 43 0
0.833000 1.744000 -0.462000 150 0
0.762000 1.679000 -0.396000 46 0
