# x y z reflectivity tag
0.000000 -0.000000 -0.000000 0 128
0.000000 -0.000000 -0.000000 0 0
0.000000 -0.000000 -0.000000 0 0
0.000000 -0.000000 -0.000000 0 0
0.000000 -0.000000 -0.000000 0 128
0.000000 -0.000000 -0.000000 0 0
0.000000 -0.000000 -0.000000 0 0
0.000000 -0.000000 -0.000000 0 0
0.000000 -0.000000 -0.000000 0 128
0.000000 -0.000000 -0.000000 0 0
0.000000 -0.000000 -0.000000 0 0
0.000000 -0.000000 -0.000000 0 0
0.000000 -0.000000 -0.000000 0 0
0.000000 -0.000000 -0.000000 0 0
0.000000 -0.000000 -0.000000 0 0
0.000000 -0.000000 -0.000000 0 0
0.000000 -0.000000 -0.000000 0 128
0.000000 -0.000000 -0.000000 0 0
0.000000 -0.000000 -0.000000 0 0
0.000000 -0.000000 -0.000000 0 0
0.000000 -0.000000 -0.000000 0 128
0.000000 -0.000000 -0.000000 0 0
0.000000 -0.000000 -0.000000 0 0
0.000000 -0.000000 -0.000000 0 0
0.000000 -0.000000 -0.000000 0 128
0.000000 -0.000000 -0.000000 0 0
0.000000 -0.000000 -0.000000 0 0
0.000000 -0.000000 -0.000000 0 128
0.000000 -0.000000 -0.000000 0 128
0.000000 -0.000000 -0.000000 0 0
0.000000 -0.000000 -0.000000 0 0
0.000000 -0.000000 -0.000000 0 0
0.000000 -0.000000 -0.000000 0 128
0.000000 -0.000000 -0.000000 0 0
0.000000 -0.000000 -0.000000 0 0
0.000000 -0.000000 -0.000000 0 128
0.000000 -0.000000 -0.000000 0 128
0.000000 -0.000000 -0.000000 0 0
0.000000 -0.000000 -0.000000 0 0
0.000000 -0.000000 -0.000000 0 0
0.000000 -0.000000 -0.000000 0 128
0.000000 -0.000000 -0.000000 0 0
0.000000 -0.000000 -0.000000 0 0
0.000000 -0.000000 -0.000000 0 128
0.000000 -0.000000 -0.000000 0 128
0.000000 -0.000000 -0.000000 0 0
0.000000 -0.000000 -0.000000 0 0
0.000000 -0.000000 -0.000000 0 0
0.000000 -0.000000 -0.000000 0 128
0.000000 -0.000000 -0.000000 0 0
0.000000 -0.000000 -0.000000 0 0
0.000000 -0.000000 -0.000000 0 128
0.000000 -0.000000 -0.000000 0 128
0.000000 -0.000000 -0.000000 0 0
0.000000 -0.000000 -0.000000 0 0
0.000000 -0.000000 -0.000000 0 0
0.000000 -0.000000 -0.000000 0 128
0.000000 -0.000000 -0.000000 0 0
0.000000 -0.000000 -0.000000 0 0
0.000000 -0.000000 -0.000000 0 128
0.000000 -0.000000 -0.000000 0 128
0.000000 -0.000000 -0.000000 0 0
0.000000 -0.000000 -0.000000 0 0
0.000000 -0.000000 -0.000000 0 0
0.000000 -0.000000 -0.000000 0 128
0.000000 -0.000000 -0.000000 0 0
0.000000 -0.000000 -0.000000 0 0
0.000000 -0.000000 -0.000000 0 0
0.000000 -0.000000 -0.000000 0 128
0.000000 -0.000000 -0.000000 0 0
0.000000 -0.000000 -0.000000 0 0
0.000000 -0.000000 -0.000000 0 0
0.000000 -0.000000 -0.000000 0 128
0.000000 -0.000000 -0.000000 0 0
0.000000 -0.000000 -0.000000 0 0
0.000000 -0.000000 -0.000000 0 0
0.000000 -0.000000 -0.000000 0 128
0.000000 -0.000000 -0.000000 0 0
0.000000 -0.000000 -0.000000 0 0
0.000000 -0.000000 -0.000000 0 0
0.000000 -0.000000 -0.000000 0 128
0.000000 -0.000000 -0.000000 0 0
0.000000 -0.000000 -0.000000 0 0
0.000000 -0.000000 -0.000000 0 0
0.000000 -0.000000 -0.000000 0 0
0.000000 -0.000000 -0.000000 0 0
0.000000 -0.000000 -0.000000 0 0
0.000000 -0.000000 -0.000000 0 0
0.000000 -0.000000 -0.000000 0 0
0.000000 -0.000000 -0.000000 0 0
0.000000 -0.000000 -0.000000 0 0
0.000000 -0.000000 -0.000000 0 0
0.000000 -0.000000 -0.000000 0 128
0.000000 -0.000000 -0.000000 0 0
0.000000 -0.000000 -0.000000 0 0
0.000000 -0.000000 -0.000000 0 0
0.000000 -0.000000 -0.000000 0 128
0.000000 -0.000000 -0.000000 0 0
0.000000 -0.000000 -0.000000 0 0
0.000000 -0.000000 -0.000000 0 0
0.000000 -0.000000 -0.000000 0 128
0.000000 -0.000000 -0.000000 0 0
0.000000 -0.000000 -0.000000 0 0
0.000000 -0.000000 -0.000000 0 0
0.000000 -0.000000 -0.000000 0 128
0.000000 -0.000000 -0.000000 0 0
0.000000 -0.000000 -0.000000 0 0
0.000000 -0.000000 -0.000000 0 0
0.000000 -0.000000 -0.000000 0 0
0.000000 -0.000000 -0.000000 0 0
0.000000 -0.000000 -0.000000 0 0
0.000000 -0.000000 -0.000000 0 0
0.000000 -0.000000 -0.000000 0 128
0.000000 -0.000000 -0.000000 0 0
0.000000 -0.000000 -0.000000 0 0
0.000000 -0.000000 -0.000000 0 0
0.000000 -0.000000 -0.000000 0 128
0.000000 -0.000000 -0.000000 0 0
0.000000 -0.000000 -0.000000 0 0
0.000000 -0.000000 -0.000000 0 0
0.000000 -0.000000 -0.000000 0 128
0.000000 -0.000000 -0.000000 0 0
0.000000 -0.000000 -0.000000 0 0
0.000000 -0.000000 -0.000000 0 128
0.000000 -0.000000 -0.000000 0 128
0.000000 -0.000000 -0.000000 0 0
0.000000 -0.000000 -0.000000 0 0
0.000000 -0.000000 -0.000000 0 0
0.000000 -0.000000 -0.000000 0 128
0.000000 -0.000000 -0.000000 0 0
0.000000 -0.000000 -0.000000 0 0
0.000000 -0.000000 -0.000000 0 128
0.000000 -0.000000 -0.000000 0 128
0.000000 -0.000000 -0.000000 0 0
0.000000 -0.000000 -0.000000 0 0
0.000000 -0.000000 -0.000000 0 0
0.000000 -0.000000 -0.000000 0 128
0.000000 -0.000000 -0.000000 0 0
0.000000 -0.000000 -0.000000 0 0
0.000000 -0.000000 -0.000000 0 128
0.000000 -0.000000 -0.000000 0 128
0.000000 -0.000000 -0.000000 0 0
0.000000 -0.000000 -0.000000 0 0
0.000000 -0.000000 -0.000000 0 0
0.000000 -0.000000 -0.000000 0 128
0.000000 -0.000000 -0.000000 0 0
0.000000 -0.000000 -0.000000 0 0
0.000000 -0.000000 -0.000000 0 128
0.000000 -0.000000 -0.000000 0 128
0.000000 -0.000000 -0.000000 0 0
0.000000 -0.000000 -0.000000 0 0
0.000000 -0.000000 -0.000000 0 0
0.000000 -0.000000 -0.000000 0 128
0.000000 -0.000000 -0.000000 0 0
0.000000 -0.000000 -0.000000 0 0
0.000000 -0.000000 -0.000000 0 128
0.000000 -0.000000 -0.000000 0 128
0.000000 -0.000000 -0.000000 0 0
0.000000 -0.000000 -0.000000 0 0
0.000000 -0.000000 -0.000000 0 0
0.000000 -0.000000 -0.000000 0 128
0.000000 -0.000000 -0.000000 0 0
0.000000 -0.000000 -0.000000 0 0
0.000000 -0.000000 -0.000000 0 0
0.000000 -0.000000 -0.000000 0 128
0.000000 -0.000000 -0.000000 0 0
0.000000 -0.000000 -0.000000 0 0
0.000000 -0.000000 -0.000000 0 0
0.000000 -0.000000 -0.000000 0 128
0.000000 -0.000000 -0.000000 0 0
0.000000 -0.000000 -0.000000 0 0
0.000000 -0.000000 -0.000000 0 0
0.000000 -0.000000 -0.000000 0 128
0.000000 -0.000000 -0.000000 0 0
0.000000 -0.000000 -0.000000 0 0
0.000000 -0.000000 -0.000000 0 0
0.000000 -0.000000 -0.000000 0 128
0.000000 -0.000000 -0.000000 0 0
0.000000 -0.000000 -0.000000 0 0
0.000000 -0.000000 -0.000000 0 0
0.000000 -0.000000 -0.000000 0 0
0.000000 -0.000000 -0.000000 0 0
0.000000 -0.000000 -0.000000 0 0
0.000000 -0.000000 -0.000000 0 0
0.000000 -0.000000 -0.000000 0 0
0.000000 -0.000000 -0.000000 0 0
0.000000 -0.000000 -0.000000 0 0
0.000000 -0.000000 -0.000000 0 0
0.000000 -0.000000 -0.000000 0 128
0.000000 -0.000000 -0.000000 0 0
0.000000 -0.000000 -0.000000 0 0
0.000000 -0.000000 -0.000000 0 0
0.000000 -0.000000 -0.000000 0 128
0.000000 -0.000000 -0.000000 0 0
0.000000 -0.000000 -0.000000 0 0
0.000000 -0.000000 -0.000000 0 0
0.000000 -0.000000 -0.000000 0 128
0.000000 -0.000000 -0.000000 0 0
0.000000 -0.000000 -0.000000 0 0
0.000000 -0.000000 -0.000000 0 0
0.000000 -0.000000 -0.000000 0 0
0.000000 -0.000000 -0.000000 0 0
0.000000 -0.000000 -0.000000 0 0
0.000000 -0.000000 -0.000000 0 0
0.000000 -0.000000 -0.000000 0 0
0.000000 -0.000000 -0.000000 0 0
0.000000 -0.000000 -0.000000 0 0
0.000000 -0.000000 -0.000000 0 0
0.000000 -0.000000 -0.000000 0 128
0.000000 -0.000000 -0.000000 0 0
0.000000 -0.000000 -0.000000 0 0
0.000000 -0.000000 -0.000000 0 0
0.000000 -0.000000 -0.000000 0 128
0.000000 -0.000000 -0.000000 0 0
0.000000 -0.000000 -0.000000 0 0
0.000000 -0.000000 -0.000000 0 0
0.000000 -0.000000 -0.000000 0 128
0.000000 -0.000000 -0.000000 0 0
0.000000 -0.000000 -0.000000 0 0
0.000000 -0.000000 -0.000000 0 0
0.000000 -0.000000 -0.000000 0 128
0.000000 -0.000000 -0.000000 0 0
0.000000 -0.000000 -0.000000 0 0
0.000000 -0.000000 -0.000000 0 0
0.000000 -0.000000 -0.000000 0 128
0.000000 -0.000000 -0.000000 0 0
0.000000 -0.000000 -0.000000 0 0
0.000000 -0.000000 -0.000000 0 0
0.000000 -0.000000 -0.000000 0 128
0.000000 -0.000000 -0.000000 0 0
0.000000 -0.000000 -0.000000 0 0
0.000000 -0.000000 -0.000000 0 128
0.000000 -0.000000 -0.000000 0 128
0.000000 -0.000000 -0.000000 0 0
0.000000 -0.000000 -0.000000 0 0
0.000000 -0.000000 -0.000000 0 0
0.000000 -0.000000 -0.000000 0 128
0.000000 -0.000000 -0.000000 0 128
0.000000 -0.000000 -0.000000 0 0
0.000000 -0.000000 -0.000000 0 128
0.000000 -0.000000 -0.000000 0 128
0.000000 -0.000000 -0.000000 0 128
0.000000 -0.000000 -0.000000 0 0
0.000000 -0.000000 -0.000000 0 0
0.000000 -0.000000 -0.000000 0 128
0.000000 -0.000000 -0.000000 0 0
0.000000 -0.000000 -0.000000 0 0
0.000000 -0.000000 -0.000000 0 128
0.000000 -0.000000 -0.000000 0 128
0.000000 -0.000000 -0.000000 0 0
0.000000 -0.000000 -0.000000 0 0
0.000000 -0.000000 -0.000000 0 128
0.000000 -0.000000 -0.000000 0 128
0.000000 -0.000000 -0.000000 0 0
0.000000 -0.000000 -0.000000 0 128
0.000000 -0.000000 -0.000000 0 128
0.000000 -0.000000 -0.000000 0 128
0.000000 -0.000000 -0.000000 0 0
0.000000 -0.000000 -0.000000 0 128
0.000000 -0.000000 -0.000000 0 128
0.000000 -0.000000 -0.000000 0 128
0.000000 -0.000000 -0.000000 0 128
0.000000 -0.000000 -0.000000 0 128
0.000000 -0.000000 -0.000000 0 128
0.000000 -0.000000 -0.000000 0 128
0.000000 -0.000000 -0.000000 0 128
0.000000 -0.000000 -0.000000 0 128
0.000000 -0.000000 -0.000000 0 128
0.000000 -0.000000 -0.000000 0 128
0.000000 -0.000000 -0.000000 0 128
0.000000 -0.000000 -0.000000 0 128
0.000000 -0.000000 -0.000000 0 128
0.000000 -0.000000 -0.000000 0 192
0.000000 -0.000000 -0.000000 0 128
0.000000 -0.000000 -0.000000 0 128
0.000000 -0.000000 -0.000000 0 128
0.000000 -0.000000 -0.000000 0 128
0.000000 -0.000000 -0.000000 0 128
0.000000 -0.000000 -0.000000 0 128
0.000000 -0.000000 -0.000000 0 128
0.000000 -0.000000 -0.000000 0 128
0.000000 -0.000000 -0.000000 0 128
0.000000 -0.000000 -0.000000 0 128
0.000000 -0.000000 -0.000000 0 128
0.000000 -0.000000 -0.000000 0 128
0.000000 -0.000000 -0.000000 0 128
0.000000 -0.000000 -0.000000 0 128
0.000000 -0.000000 -0.000000 0 128
0.000000 -0.000000 -0.000000 0 128
0.000000 -0.000000 -0.000000 0 0
0.000000 -0.000000 -0.000000 0 0
0.000000 -0.000000 -0.000000 0 0
0.000000 -0.000000 -0.000000 0 128
0.000000 -0.000000 -0.000000 0 0
0.000000 -0.000000 -0.000000 0 0
0.000000 -0.000000 -0.000000 0 0
0.000000 -0.000000 -0.000000 0 0
0.000000 -0.000000 -0.000000 0 0
0.000000 -0.000000 -0.000000 0 0
0.000000 -0.000000 -0.000000 0 0
0.000000 -0.000000 -0.000000 0 0
0.000000 -0.000000 -0.000000 0 0
0.000000 -0.000000 -0.000000 0 0
0.000000 -0.000000 -0.000000 0 0
0.000000 -0.000000 -0.000000 0 128
0.000000 -0.000000 -0.000000 0 0
0.000000 -0.000000 -0.000000 0 0
0.000000 -0.000000 -0.000000 0 0
0.000000 -0.000000 -0.000000 0 128
0.000000 -0.000000 -0.000000 0 0
0.000000 -0.000000 -0.000000 0 0
0.000000 -0.000000 -0.000000 0 0
0.000000 -0.000000 -0.000000 0 128
0.000000 -0.000000 -0.000000 0 0
0.000000 -0.000000 -0.000000 0 0
0.000000 -0.000000 -0.000000 0 0
0.000000 -0.000000 -0.000000 0 128
0.000000 -0.000000 -0.000000 0 0
0.000000 -0.000000 -0.000000 0 0
0.000000 -0.000000 -0.000000 0 0
0.000000 -0.000000 -0.000000 0 128
0.000000 -0.000000 -0.000000 0 0
0.000000 -0.000000 -0.000000 0 0
0.000000 -0.000000 -0.000000 0 0
0.000000 -0.000000 -0.000000 0 128
0.000000 -0.000000 -0.000000 0 0
0.000000 -0.000000 -0.000000 0 0
0.000000 -0.000000 -0.000000 0 128
0.000000 -0.000000 -0.000000 0 128
0.000000 -0.000000 -0.000000 0 0
0.000000 -0.000000 -0.000000 0 0
0.000000 -0.000000 -0.000000 0 0
0.000000 -0.000000 -0.000000 0 128
0.000000 -0.000000 -0.000000 0 128
0.000000 -0.000000 -0.000000 0 0
0.000000 -0.000000 -0.000000 0 128
0.000000 -0.000000 -0.000000 0 128
0.000000 -0.000000 -0.000000 0 128
0.000000 -0.000000 -0.000000 0 0
0.000000 -0.000000 -0.000000 0 0
0.000000 -0.000000 -0.000000 0 128
0.000000 -0.000000 -0.000000 0 0
0.000000 -0.000000 -0.000000 0 0
0.000000 -0.000000 -0.000000 0 128
0.000000 -0.000000 -0.000000 0 128
0.000000 -0.000000 -0.000000 0 0
0.000000 -0.000000 -0.000000 0 0
0.000000 -0.000000 -0.000000 0 128
0.000000 -0.000000 -0.000000 0 128
0.000000 -0.000000 -0.000000 0 0
0.000000 -0.000000 -0.000000 0 128
0.000000 -0.000000 -0.000000 0 128
0.000000 -0.000000 -0.000000 0 128
0.000000 -0.000000 -0.000000 0 0
0.000000 -0.000000 -0.000000 0 128
0.000000 -0.000000 -0.000000 0 128
0.000000 -0.000000 -0.000000 0 128
0.000000 -0.000000 -0.000000 0 128
0.000000 -0.000000 -0.000000 0 128
0.000000 -0.000000 -0.000000 0 128
0.000000 -0.000000 -0.000000 0 128
0.000000 -0.000000 -0.000000 0 128
0.000000 -0.000000 -0.000000 0 128
0.000000 -0.000000 -0.000000 0 128
0.000000 -0.000000 -0.000000 0 128
0.000000 -0.000000 -0.000000 0 128
0.000000 -0.000000 -0.000000 0 128
0.000000 -0.000000 -0.000000 0 128
0.000000 -0.000000 -0.000000 0 192
0.000000 -0.000000 -0.000000 0 128
0.000000 -0.000000 -0.000000 0 128
0.000000 -0.000000 -0.000000 0 128
0.000000 -0.000000 -0.000000 0 128
0.000000 -0.000000 -0.000000 0 128
0.000000 -0.000000 -0.000000 0 128
0.000000 -0.000000 -0.000000 0 128
0.000000 -0.000000 -0.000000 0 128
0.000000 -0.000000 -0.000000 0 128
0.000000 -0.000000 -0.000000 0 128
0.000000 -0.000000 -0.000000 0 128
0.000000 -0.000000 -0.000000 0 128
0.000000 -0.000000 -0.000000 0 128
0.000000 -0.000000 -0.000000 0 128
0.000000 -0.000000 -0.000000 0 128
0.000000 -0.000000 -0.000000 0 128
0.000000 -0.000000 -0.000000 0 128
0.000000 -0.000000 -0.000000 0 128
0.000000 -0.000000 -0.000000 0 128
0.000000 -0.000000 -0.000000 0 128
0.000000 -0.000000 -0.000000 0 128
0.000000 -0.000000 -0.000000 0 128
0.000000 -0.000000 -0.000000 0 128
0.000000 -0.000000 -0.000000 0 128
0.000000 -0.000000 -0.000000 0 128
0.000000 -0.000000 -0.000000 0 128
0.000000 -0.000000 -0.000000 0 128
0.000000 -0.000000 -0.000000 0 128
0.000000 -0.000000 -0.000000 0 128
0.000000 -0.000000 -0.000000 0 128
0.000000 -0.000000 -0.000000 0 192
0.000000 -0.000000 -0.000000 0 128
0.000000 -0.000000 -0.000000 0 128
0.000000 -0.000000 -0.000000 0 128
0.000000 -0.000000 -0.000000 0 64
0.000000 -0.000000 -0.000000 0 128
0.000000 -0.000000 -0.000000 0 128
0.000000 -0.000000 -0.000000 0 128
0.565000 -0.744000 -0.476000 5 64
0.000000 -0.000000 -0.000000 0 128
0.000000 -0.000000 -0.000000 0 128
0.000000 -0.000000 -0.000000 0 0
0.554000 -0.765000 -0.483000 9 0
0.000000 -0.000000 -0.000000 0 128
0.000000 -0.000000 -0.000000 0 192
0.560000 -0.734000 -0.482000 8 0
0.536000 -0.778000 -0.483000 9 0
0.000000 -0.000000 -0.000000 0 192
0.000000 -0.000000 -0.000000 0 0
0.541000 -0.744000 -0.480000 11 0
0.517000 -0.787000 -0.482000 9 0
0.000000 -0.000000 -0.000000 0 128
0.573000 -0.744000 -0.498000 8 0
0.527000 -0.761000 -0.483000 8 0
0.500000 -0.800000 -0.484000 9 0
0.000000 -0.000000 -0.000000 0 128
0.544000 -0.740000 -0.486000 9 0
0.510000 -0.774000 -0.483000 7 0
0.482000 -0.812000 -0.484000 9 0
0.000000 -0.000000 -0.000000 0 0
0.516000 -0.737000 -0.476000 10 0
0.493000 -0.786000 -0.484000 7 0
0.464000 -0.825000 -0.486000 9 0
0.551000 -0.738000 -0.493000 12 0
0.510000 -0.766000 -0.485000 7 0
0.477000 -0.800000 -0.485000 7 0
0.448000 -0.839000 -0.489000 9 0
0.527000 -0.741000 -0.485000 13 0
0.491000 -0.775000 -0.482000 6 0
0.461000 -0.814000 -0.487000 7 0
0.428000 -0.847000 -0.489000 9 0
0.513000 -0.759000 -0.487000 9 0
0.478000 -0.793000 -0.486000 6 0
0.442000 -0.824000 -0.487000 7 0
0.406000 -0.852000 -0.487000 9 0
0.495000 -0.769000 -0.484000 8 0
0.462000 -0.808000 -0.488000 6 0
0.423000 -0.833000 -0.486000 6 0
0.389000 -0.865000 -0.490000 9 0
0.482000 -0.788000 -0.487000 8 0
0.443000 -0.818000 -0.486000 6 0
0.407000 -0.848000 -0.489000 6 0
0.368000 -0.870000 -0.488000 9 0
0.467000 -0.805000 -0.489000 8 0
0.425000 -0.830000 -0.486000 6 0
0.390000 -0.863000 -0.492000 6 0
0.349000 -0.879000 -0.490000 9 0
0.449000 -0.817000 -0.488000 9 0
0.407000 -0.841000 -0.486000 6 0
0.370000 -0.870000 -0.491000 6 0
0.329000 -0.887000 -0.490000 9 0
0.431000 -0.831000 -0.489000 9 0
0.388000 -0.853000 -0.487000 5 0
0.350000 -0.877000 -0.491000 6 0
0.311000 -0.899000 -0.493000 9 0
0.411000 -0.839000 -0.486000 8 0
0.370000 -0.864000 -0.488000 5 0
0.330000 -0.886000 -0.491000 6 0
0.290000 -0.903000 -0.493000 9 0
0.395000 -0.856000 -0.488000 8 0
0.351000 -0.874000 -0.487000 5 0
0.311000 -0.897000 -0.493000 6 0
0.269000 -0.907000 -0.492000 9 0
0.375000 -0.866000 -0.487000 8 0
0.332000 -0.886000 -0.489000 5 0
0.290000 -0.902000 -0.492000 6 0
0.250000 -0.918000 -0.496000 7 0
0.357000 -0.881000 -0.489000 7 0
0.313000 -0.899000 -0.491000 5 0
0.271000 -0.911000 -0.494000 6 0
0.231000 -0.929000 -0.500000 9 0
0.000000 -0.000000 -0.000000 0 128
0.000000 -0.000000 -0.000000 0 128
0.000000 -0.000000 -0.000000 0 128
0.000000 -0.000000 -0.000000 0 128
0.000000 -0.000000 -0.000000 0 128
0.000000 -0.000000 -0.000000 0 128
0.000000 -0.000000 -0.000000 0 128
0.000000 -0.000000 -0.000000 0 128
0.000000 -0.000000 -0.000000 0 128
0.000000 -0.000000 -0.000000 0 128
0.000000 -0.000000 -0.000000 0 128
0.000000 -0.000000 -0.000000 0 128
0.000000 -0.000000 -0.000000 0 128
0.000000 -0.000000 -0.000000 0 128
0.000000 -0.000000 -0.000000 0 128
0.000000 -0.000000 -0.000000 0 192
0.000000 -0.000000 -0.000000 0 128
0.000000 -0.000000 -0.000000 0 128
0.000000 -0.000000 -0.000000 0 128
0.000000 -0.000000 -0.000000 0 64
0.000000 -0.000000 -0.000000 0 128
0.000000 -0.000000 -0.000000 0 128
0.000000 -0.000000 -0.000000 0 128
0.565000 -0.744000 -0.476000 5 64
0.000000 -0.000000 -0.000000 0 128
0.000000 -0.000000 -0.000000 0 128
0.000000 -0.000000 -0.000000 0 0
0.554000 -0.765000 -0.483000 9 0
0.000000 -0.000000 -0.000000 0 128
0.000000 -0.000000 -0.000000 0 192
0.560000 -0.734000 -0.482000 8 0
0.536000 -0.778000 -0.483000 9 0
0.000000 -0.000000 -0.000000 0 192
0.000000 -0.000000 -0.000000 0 0
0.541000 -0.744000 -0.480000 11 0
0.517000 -0.787000 -0.482000 9 0
0.000000 -0.000000 -0.000000 0 128
0.573000 -0.744000 -0.498000 8 0
0.527000 -0.761000 -0.483000 8 0
0.500000 -0.800000 -0.484000 9 0
0.000000 -0.000000 -0.000000 0 128
0.544000 -0.740000 -0.486000 9 0
0.510000 -0.774000 -0.483000 7 0
0.482000 -0.812000 -0.484000 9 0
0.000000 -0.000000 -0.000000 0 0
0.516000 -0.737000 -0.476000 10 0
0.493000 -0.786000 -0.484000 7 0
0.464000 -0.825000 -0.486000 9 0
0.551000 -0.738000 -0.493000 12 0
0.510000 -0.766000 -0.485000 7 0
0.477000 -0.800000 -0.485000 7 0
0.448000 -0.839000 -0.489000 9 0
0.527000 -0.741000 -0.485000 13 0
0.491000 -0.775000 -0.482000 6 0
0.461000 -0.814000 -0.487000 7 0
0.428000 -0.847000 -0.489000 9 0
0.513000 -0.759000 -0.487000 9 0
0.478000 -0.793000 -0.486000 6 0
0.442000 -0.824000 -0.487000 7 0
0.406000 -0.852000 -0.487000 9 0
0.495000 -0.769000 -0.484000 8 0
0.462000 -0.808000 -0.488000 6 0
0.423000 -0.833000 -0.486000 6 0
0.389000 -0.865000 -0.490000 9 0
0.482000 -0.788000 -0.487000 8 0
0.443000 -0.818000 -0.486000 6 0
0.407000 -0.848000 -0.489000 6 0
0.368000 -0.870000 -0.488000 9 0
0.467000 -0.805000 -0.489000 8 0
0.425000 -0.830000 -0.486000 6 0
0.390000 -0.863000 -0.492000 6 0
0.349000 -0.879000 -0.490000 9 0
0.449000 -0.817000 -0.488000 9 0
0.407000 -0.841000 -0.486000 6 0
0.370000 -0.870000 -0.491000 6 0
0.329000 -0.887000 -0.490000 9 0
0.431000 -0.831000 -0.489000 9 0
0.388000 -0.853000 -0.487000 5 0
0.350000 -0.877000 -0.491000 6 0
0.311000 -0.899000 -0.493000 9 0
0.411000 -0.839000 -0.486000 8 0
0.370000 -0.864000 -0.488000 5 0
0.330000 -0.886000 -0.491000 6 0
0.290000 -0.903000 -0.493000 9 0
0.395000 -0.856000 -0.488000 8 0
0.351000 -0.874000 -0.487000 5 0
0.311000 -0.897000 -0.493000 6 0
0.269000 -0.907000 -0.492000 9 0
0.375000 -0.866000 -0.487000 8 0
0.332000 -0.886000 -0.489000 5 0
0.290000 -0.902000 -0.492000 6 0
0.250000 -0.918000 -0.496000 7 0
0.357000 -0.881000 -0.489000 7 0
0.313000 -0.899000 -0.491000 5 0
0.271000 -0.911000 -0.494000 6 0
0.231000 -0.929000 -0.500000 9 0
0.339000 -0.896000 -0.491000 7 0
0.294000 -0.909000 -0.492000 5 0
0.251000 -0.920000 -0.495000 6 0
0.207000 -0.920000 -0.493000 13 0
0.320000 -0.908000 -0.492000 7 0
0.274000 -0.919000 -0.493000 5 0
0.234000 -0.940000 -0.502000 8 0
0.186000 -0.920000 -0.491000 13 0
0.297000 -0.913000 -0.488000 7 0
0.256000 -0.938000 -0.499000 7 0
0.208000 -0.925000 -0.492000 9 0
0.167000 -0.936000 -0.498000 9 0
0.280000 -0.935000 -0.495000 7 0
0.232000 -0.932000 -0.492000 10 0
0.191000 -0.952000 -0.503000 8 0
0.000000 -0.000000 -0.000000 0 0
0.259000 -0.945000 -0.495000 8 0
0.213000 -0.951000 -0.498000 6 0
0.168000 -0.944000 -0.497000 8 0
0.000000 -0.000000 -0.000000 0 0
0.238000 -0.955000 -0.495000 7 0
0.188000 -0.941000 -0.489000 10 0
0.000000 -0.000000 -0.000000 0 0
0.000000 -0.000000 -0.000000 0 128
0.213000 -0.951000 -0.489000 8 0
0.167000 -0.947000 -0.489000 8 0
0.000000 -0.000000 -0.000000 0 0
0.000000 -0.000000 -0.000000 0 128
0.194000 -0.974000 -0.496000 7 0
0.000000 -0.000000 -0.000000 0 0
0.000000 -0.000000 -0.000000 0 128
0.000000 -0.000000 -0.000000 0 128
0.173000 -0.985000 -0.498000 9 0
0.000000 -0.000000 -0.000000 0 0
0.000000 -0.000000 -0.000000 0 128
0.000000 -0.000000 -0.000000 0 128
0.000000 -0.000000 -0.000000 0 0
0.000000 -0.000000 -0.000000 0 128
0.000000 -0.000000 -0.000000 0 128
0.000000 -0.000000 -0.000000 0 128
0.000000 -0.000000 -0.000000 0 0
0.000000 -0.000000 -0.000000 0 128
0.000000 -0.000000 -0.000000 0 128
0.000000 -0.000000 -0.000000 0 128
0.000000 -0.000000 -0.000000 0 128
0.000000 -0.000000 -0.000000 0 128
0.000000 -0.000000 -0.000000 0 128
0.000000 -0.000000 -0.000000 0 0
0.000000 -0.000000 -0.000000 0 192
0.000000 -0.000000 -0.000000 0 128
0.000000 -0.000000 -0.000000 0 128
-0.040000 -0.953000 -0.506000 9 0
0.000000 -0.000000 -0.000000 0 128
0.000000 -0.000000 -0.000000 0 128
0.000000 -0.000000 -0.000000 0 0
-0.061000 -0.957000 -0.509000 9 0
0.000000 -0.000000 -0.000000 0 192
-0.009000 -0.989000 -0.496000 0 64
-0.047000 -0.978000 -0.506000 6 0
-0.081000 -0.940000 -0.502000 5 0
0.000000 -0.000000 -0.000000 0 128
-0.033000 -1.012000 -0.507000 6 0
-0.069000 -0.984000 -0.510000 5 0
-0.199000 -1.835000 -0.983000 6 0
-0.016000 -1.046000 -0.507000 3 64
-0.056000 -1.015000 -0.508000 5 0
-0.169000 -1.821000 -0.945000 2 0
-0.242000 -1.860000 -1.000000 115 0
-0.042000 -1.047000 -0.506000 7 0
-0.150000 -1.893000 -0.948000 2 0
-0.209000 -1.803000 -0.938000 14 0
-0.293000 -1.924000 -1.039000 58 0
0.000000 -0.000000 -0.000000 0 0
-0.193000 -1.885000 -0.944000 13 0
-0.249000 -1.800000 -0.938000 14 0
-0.340000 -1.944000 -1.054000 49 0
0.000000 -0.000000 -0.000000 0 0
-0.237000 -1.884000 -0.944000 15 0
-0.290000 -1.798000 -0.940000 15 0
-0.357000 -1.809000 -0.986000 20 0
-0.295000 -2.634000 -1.268000 28 0
-0.281000 -1.884000 -0.946000 15 0
-0.331000 -1.795000 -0.942000 15 0
-0.384000 -1.749000 -0.959000 37 0
-0.274000 -2.010000 -0.967000 0 0
-0.327000 -1.889000 -0.950000 16 0
-0.374000 -1.803000 -0.950000 21 0
-0.374000 -1.539000 -0.849000 5 0
-0.378000 -2.349000 -1.131000 58 0
-0.390000 -1.980000 -0.998000 150 1
-0.464000 -2.005000 -1.061000 77 2
-0.352000 -1.324000 -0.735000 3 0
-0.413000 -2.226000 -1.073000 40 0
-0.454000 -2.053000 -1.039000 38 0
-0.341000 -1.340000 -0.713000 3 0
-0.365000 -1.263000 -0.706000 3 0
0.339000 -0.896000 -0.491000 7 0
0.294000 -0.909000 -0.492000 5 0
0.251000 -0.920000 -0.495000 6 0
0.207000 -0.920000 -0.493000 13 0
0.320000 -0.908000 -0.492000 7 0
0.274000 -0.919000 -0.493000 5 0
0.234000 -0.940000 -0.502000 8 0
0.186000 -0.920000 -0.491000 13 0
0.297000 -0.913000 -0.488000 7 0
0.256000 -0.938000 -0.499000 7 0
0.208000 -0.925000 -0.492000 9 0
0.167000 -0.936000 -0.498000 9 0
0.280000 -0.935000 -0.495000 7 0
0.232000 -0.932000 -0.492000 10 0
0.191000 -0.952000 -0.503000 8 0
0.000000 -0.000000 -0.000000 0 0
0.259000 -0.945000 -0.495000 8 0
0.213000 -0.951000 -0.498000 6 0
0.168000 -0.944000 -0.497000 8 0
0.000000 -0.000000 -0.000000 0 0
0.238000 -0.955000 -0.495000 7 0
0.188000 -0.941000 -0.489000 10 0
0.000000 -0.000000 -0.000000 0 0
0.000000 -0.000000 -0.000000 0 128
0.213000 -0.951000 -0.489000 8 0
0.167000 -0.947000 -0.489000 8 0
0.000000 -0.000000 -0.000000 0 0
0.000000 -0.000000 -0.000000 0 128
0.194000 -0.974000 -0.496000 7 0
0.000000 -0.000000 -0.000000 0 0
0.000000 -0.000000 -0.000000 0 128
0.000000 -0.000000 -0.000000 0 128
0.173000 -0.985000 -0.498000 9 0
0.000000 -0.000000 -0.000000 0 0
0.000000 -0.000000 -0.000000 0 128
0.000000 -0.000000 -0.000000 0 128
0.000000 -0.000000 -0.000000 0 0
0.000000 -0.000000 -0.000000 0 128
0.000000 -0.000000 -0.000000 0 128
0.000000 -0.000000 -0.000000 0 128
0.000000 -0.000000 -0.000000 0 0
0.000000 -0.000000 -0.000000 0 128
0.000000 -0.000000 -0.000000 0 128
0.000000 -0.000000 -0.000000 0 128
0.000000 -0.000000 -0.000000 0 128
0.000000 -0.000000 -0.000000 0 128
0.000000 -0.000000 -0.000000 0 128
0.000000 -0.000000 -0.000000 0 0
0.000000 -0.000000 -0.000000 0 192
0.000000 -0.000000 -0.000000 0 128
0.000000 -0.000000 -0.000000 0 128
-0.040000 -0.953000 -0.506000 9 0
0.000000 -0.000000 -0.000000 0 128
0.000000 -0.000000 -0.000000 0 128
0.000000 -0.000000 -0.000000 0 0
-0.061000 -0.957000 -0.509000 9 0
0.000000 -0.000000 -0.000000 0 192
-0.009000 -0.989000 -0.496000 0 64
-0.047000 -0.978000 -0.506000 6 0
-0.081000 -0.940000 -0.502000 5 0
0.000000 -0.000000 -0.000000 0 128
-0.033000 -1.012000 -0.507000 6 0
-0.069000 -0.984000 -0.510000 5 0
-0.199000 -1.835000 -0.983000 6 0
-0.016000 -1.046000 -0.507000 3 64
-0.056000 -1.015000 -0.508000 5 0
-0.169000 -1.821000 -0.945000 2 0
-0.242000 -1.860000 -1.000000 115 0
-0.042000 -1.047000 -0.506000 7 0
-0.150000 -1.893000 -0.948000 2 0
-0.209000 -1.803000 -0.938000 14 0
-0.293000 -1.924000 -1.039000 58 0
0.000000 -0.000000 -0.000000 0 0
-0.193000 -1.885000 -0.944000 13 0
-0.249000 -1.800000 -0.938000 14 0
-0.340000 -1.944000 -1.054000 49 0
0.000000 -0.000000 -0.000000 0 0
-0.237000 -1.884000 -0.944000 15 0
-0.290000 -1.798000 -0.940000 15 0
-0.357000 -1.809000 -0.986000 20 0
-0.295000 -2.634000 -1.268000 28 0
-0.281000 -1.884000 -0.946000 15 0
-0.331000 -1.795000 -0.942000 15 0
-0.384000 -1.749000 -0.959000 37 0
-0.274000 -2.010000 -0.967000 0 0
-0.327000 -1.889000 -0.950000 16 0
-0.374000 -1.803000 -0.950000 21 0
-0.374000 -1.539000 -0.849000 5 0
-0.378000 -2.349000 -1.131000 58 0
-0.390000 -1.980000 -0.998000 150 1
-0.464000 -2.005000 -1.061000 77 2
-0.352000 -1.324000 -0.735000 3 0
-0.413000 -2.226000 -1.073000 40 0
-0.454000 -2.053000 -1.039000 38 0
-0.341000 -1.340000 -0.713000 3 0
-0.365000 -1.263000 -0.706000 3 0
-0.441000 -2.098000 -1.013000 43 0
-0.332000 -1.354000 -0.687000 4 0
-0.358000 -1.284000 -0.687000 0 0
-0.378000 -1.210000 -0.681000 0 0
-0.329000 -1.396000 -0.676000 2 0
-0.356000 -1.317000 -0.672000 0 0
-0.373000 -1.231000 -0.663000 4 0
-0.387000 -1.152000 -0.654000 4 0
-0.349000 -1.337000 -0.649000 5 0
-0.375000 -1.270000 -0.651000 4 0
-0.386000 -1.179000 -0.639000 0 0
-0.401000 -1.113000 -0.637000 0 0
-0.371000 -1.295000 -0.631000 0 0
-0.388000 -1.211000 -0.624000 0 0
-0.403000 -1.143000 -0.624000 0 0
-0.410000 -1.065000 -0.615000 6 0
-0.388000 -1.239000 -0.606000 5 0
-0.406000 -1.173000 -0.608000 6 0
-0.416000 -1.102000 -0.607000 1 0
-0.426000 -1.040000 -0.606000 1 0
-0.407000 -1.197000 -0.589000 0 0
-0.418000 -1.122000 -0.586000 1 0
-0.430000 -1.066000 -0.592000 1 0
-0.437000 -1.004000 -0.591000 1 0
-0.417000 -1.136000 -0.562000 6 0
-0.430000 -1.078000 -0.567000 1 0
-0.441000 -1.026000 -0.575000 1 0
-0.449000 -0.974000 -0.580000 1 0
-0.433000 -1.098000 -0.546000 0 0
-0.447000 -1.048000 -0.556000 1 0
-0.453000 -0.993000 -0.561000 1 0
-0.640000 -1.314000 -0.790000 11 0
-0.449000 -1.062000 -0.533000 1 0
-0.463000 -1.020000 -0.546000 1 0
-0.483000 -0.999000 -0.570000 1 0
-0.648000 -1.260000 -0.767000 50 0
-0.458000 -1.016000 -0.513000 1 0
-0.471000 -0.976000 -0.527000 1 0
-0.650000 -1.271000 -0.734000 10 0
-0.662000 -1.223000 -0.753000 12 0
-0.476000 -0.991000 -0.505000 1 0
-0.653000 -1.277000 -0.697000 9 0
-0.660000 -1.223000 -0.714000 10 0
-0.672000 -1.180000 -0.736000 12 0
-0.547000 -1.072000 -0.552000 1 0
-0.666000 -1.231000 -0.679000 10 0
-0.671000 -1.179000 -0.697000 10 0
-0.679000 -1.135000 -0.717000 12 0
-0.658000 -1.215000 -0.632000 12 0
-0.674000 -1.179000 -0.658000 10 0
-0.680000 -1.136000 -0.680000 10 0
-0.690000 -1.100000 -0.704000 13 0
-0.674000 -1.176000 -0.618000 12 0
-0.684000 -1.135000 -0.641000 10 0
-0.691000 -1.098000 -0.666000 11 0
-0.701000 -1.066000 -0.692000 13 0
-0.682000 -1.126000 -0.599000 12 64
-0.694000 -1.094000 -0.626000 10 0
-0.701000 -1.061000 -0.652000 11 0
-0.708000 -1.029000 -0.678000 13 0
-0.696000 -1.090000 -0.587000 12 64
-0.706000 -1.058000 -0.614000 10 0
-0.711000 -1.025000 -0.639000 12 0
-0.717000 -0.995000 -0.666000 12 0
-0.710000 -1.053000 -0.575000 12 64
-0.715000 -1.019000 -0.599000 10 0
-0.722000 -0.993000 -0.629000 12 0
-0.728000 -0.967000 -0.657000 12 0
-0.717000 -1.010000 -0.559000 11 64
-0.728000 -0.987000 -0.590000 11 0
-0.731000 -0.960000 -0.618000 12 0
-0.735000 -0.934000 -0.646000 12 0
-0.730000 -0.978000 -0.550000 12 64
-0.737000 -0.953000 -0.579000 11 0
-0.738000 -0.925000 -0.606000 11 0
-0.744000 -0.905000 -0.637000 12 0
-0.738000 -0.941000 -0.538000 11 64
-0.747000 -0.921000 -0.569000 11 0
-0.749000 -0.898000 -0.598000 11 0
-0.750000 -0.874000 -0.626000 12 0
-0.751000 -0.910000 -0.529000 11 64
-0.748000 -0.880000 -0.554000 13 0
-0.754000 -0.863000 -0.586000 13 0
-0.755000 -0.842000 -0.615000 14 0
-0.759000 -0.877000 -0.520000 11 64
-0.759000 -0.852000 -0.546000 13 0
-0.762000 -0.835000 -0.577000 13 0
-0.760000 -0.812000 -0.605000 14 0
-0.767000 -0.844000 -0.510000 13 64
-0.767000 -0.821000 -0.537000 13 0
-0.771000 -0.807000 -0.570000 13 0
-0.773000 -0.792000 -0.602000 11 0
-0.771000 -0.807000 -0.498000 13 64
-0.774000 -0.792000 -0.529000 13 0
-0.776000 -0.778000 -0.561000 13 0
-0.777000 -0.763000 -0.592000 10 0
-0.441000 -2.098000 -1.013000 43 0
-0.332000 -1.354000 -0.687000 4 0
-0.358000 -1.284000 -0.687000 0 0
-0.378000 -1.210000 -0.681000 0 0
-0.329000 -1.396000 -0.676000 2 0
-0.356000 -1.317000 -0.672000 0 0
-0.373000 -1.231000 -0.663000 4 0
-0.387000 -1.152000 -0.654000 4 0
-0.349000 -1.337000 -0.649000 5 0
-0.375000 -1.270000 -0.651000 4 0
-0.386000 -1.179000 -0.639000 0 0
-0.401000 -1.113000 -0.637000 0 0
-0.371000 -1.295000 -0.631000 0 0
-0.388000 -1.211000 -0.624000 0 0
-0.403000 -1.143000 -0.624000 0 0
-0.410000 -1.065000 -0.615000 6 0
-0.388000 -1.239000 -0.606000 5 0
-0.406000 -1.173000 -0.608000 6 0
-0.416000 -1.102000 -0.607000 1 0
-0.426000 -1.040000 -0.606000 1 0
-0.407000 -1.197000 -0.589000 0 0
-0.418000 -1.122000 -0.586000 1 0
-0.430000 -1.066000 -0.592000 1 0
-0.437000 -1.004000 -0.591000 1 0
-0.417000 -1.136000 -0.562000 6 0
-0.430000 -1.078000 -0.567000 1 0
-0.441000 -1.026000 -0.575000 1 0
-0.449000 -0.974000 -0.580000 1 0
-0.433000 -1.098000 -0.546000 0 0
-0.447000 -1.048000 -0.556000 1 0
-0.453000 -0.993000 -0.561000 1 0
-0.640000 -1.314000 -0.790000 11 0
-0.449000 -1.062000 -0.533000 1 0
-0.463000 -1.020000 -0.546000 1 0
-0.483000 -0.999000 -0.570000 1 0
-0.648000 -1.260000 -0.767000 50 0
-0.458000 -1.016000 -0.513000 1 0
-0.471000 -0.976000 -0.527000 1 0
-0.650000 -1.271000 -0.734000 10 0
-0.662000 -1.223000 -0.753000 12 0
-0.476000 -0.991000 -0.505000 1 0
-0.653000 -1.277000 -0.697000 9 0
-0.660000 -1.223000 -0.714000 10 0
-0.672000 -1.180000 -0.736000 12 0
-0.547000 -1.072000 -0.552000 1 0
-0.666000 -1.231000 -0.679000 10 0
-0.671000 -1.179000 -0.697000 10 0
-0.679000 -1.135000 -0.717000 12 0
-0.658000 -1.215000 -0.632000 12 0
-0.674000 -1.179000 -0.658000 10 0
-0.680000 -1.136000 -0.680000 10 0
-0.690000 -1.100000 -0.704000 13 0
-0.674000 -1.176000 -0.618000 12 0
-0.684000 -1.135000 -0.641000 10 0
-0.691000 -1.098000 -0.666000 11 0
-0.701000 -1.066000 -0.692000 13 0
-0.682000 -1.126000 -0.599000 12 64
-0.694000 -1.094000 -0.626000 10 0
-0.701000 -1.061000 -0.652000 11 0
-0.708000 -1.029000 -0.678000 13 0
-0.696000 -1.090000 -0.587000 12 64
-0.706000 -1.058000 -0.614000 10 0
-0.711000 -1.025000 -0.639000 12 0
-0.717000 -0.995000 -0.666000 12 0
-0.710000 -1.053000 -0.575000 12 64
-0.715000 -1.019000 -0.599000 10 0
-0.722000 -0.993000 -0.629000 12 0
-0.728000 -0.967000 -0.657000 12 0
-0.717000 -1.010000 -0.559000 11 64
-0.728000 -0.987000 -0.590000 11 0
-0.731000 -0.960000 -0.618000 12 0
-0.735000 -0.934000 -0.646000 12 0
-0.730000 -0.978000 -0.550000 12 64
-0.737000 -0.953000 -0.579000 11 0
-0.738000 -0.925000 -0.606000 11 0
-0.744000 -0.905000 -0.637000 12 0
-0.738000 -0.941000 -0.538000 11 64
-0.747000 -0.921000 -0.569000 11 0
-0.749000 -0.898000 -0.598000 11 0
-0.750000 -0.874000 -0.626000 12 0
-0.751000 -0.910000 -0.529000 11 64
-0.748000 -0.880000 -0.554000 13 0
-0.754000 -0.863000 -0.586000 13 0
-0.755000 -0.842000 -0.615000 14 0
-0.759000 -0.877000 -0.520000 11 64
-0.759000 -0.852000 -0.546000 13 0
-0.762000 -0.835000 -0.577000 13 0
-0.760000 -0.812000 -0.605000 14 0
-0.767000 -0.844000 -0.510000 13 64
-0.767000 -0.821000 -0.537000 13 0
-0.771000 -0.807000 -0.570000 13 0
-0.773000 -0.792000 -0.602000 11 0
-0.771000 -0.807000 -0.498000 13 64
-0.774000 -0.792000 -0.529000 13 0
-0.776000 -0.778000 -0.561000 13 0
-0.777000 -0.763000 -0.592000 10 0
-0.774000 -0.773000 -0.487000 13 64
-0.782000 -0.763000 -0.521000 13 0
-0.785000 -0.753000 -0.555000 13 0
-0.785000 -0.739000 -0.586000 6 0
-0.781000 -0.743000 -0.479000 13 64
-0.786000 -0.732000 -0.511000 13 0
-0.788000 -0.722000 -0.545000 9 0
0.000000 -0.000000 -0.000000 0 0
-0.789000 -0.715000 -0.472000 13 64
-0.795000 -0.707000 -0.506000 13 0
-0.793000 -0.696000 -0.537000 6 0
0.000000 -0.000000 -0.000000 0 0
-0.796000 -0.687000 -0.466000 15 64
-0.793000 -0.673000 -0.494000 11 0
-0.800000 -0.670000 -0.531000 1 0
0.000000 -0.000000 -0.000000 0 128
-0.806000 -0.663000 -0.461000 14 64
-0.803000 -0.650000 -0.490000 7 0
0.000000 -0.000000 -0.000000 0 0
0.000000 -0.000000 -0.000000 0 0
-0.811000 -0.634000 -0.454000 15 64
-0.813000 -0.627000 -0.487000 4 0
0.000000 -0.000000 -0.000000 0 0
-0.814000 -0.618000 -0.555000 2 0
-0.814000 -0.606000 -0.447000 11 64
0.000000 -0.000000 -0.000000 0 0
0.000000 -0.000000 -0.000000 0 0
-0.820000 -0.595000 -0.550000 9 0
-0.828000 -0.585000 -0.446000 8 64
0.000000 -0.000000 -0.000000 0 0
-0.816000 -0.569000 -0.505000 0 0
-0.820000 -0.569000 -0.541000 12 0
-0.824000 -0.553000 -0.436000 6 64
0.000000 -0.000000 -0.000000 0 128
-0.829000 -0.551000 -0.505000 8 0
-0.824000 -0.546000 -0.536000 14 0
-0.823000 -0.524000 -0.428000 4 64
0.000000 -0.000000 -0.000000 0 128
-0.832000 -0.526000 -0.499000 8 0
-0.830000 -0.525000 -0.532000 14 0
-0.826000 -0.498000 -0.423000 3 64
0.000000 -0.000000 -0.000000 0 128
-0.835000 -0.503000 -0.493000 9 0
-0.837000 -0.505000 -0.530000 15 0
-0.847000 -0.483000 -0.427000 5 64
0.000000 -0.000000 -0.000000 0 128
-0.850000 -0.487000 -0.496000 8 0
-0.843000 -0.484000 -0.526000 15 0
-0.860000 -0.464000 -0.427000 9 0
0.000000 -0.000000 -0.000000 0 128
-0.844000 -0.458000 -0.485000 1 64
-0.847000 -0.463000 -0.522000 14 0
-0.851000 -0.433000 -0.417000 16 0
0.000000 -0.000000 -0.000000 0 128
0.000000 -0.000000 -0.000000 0 0
-0.845000 -0.439000 -0.515000 12 0
-0.858000 -0.410000 -0.415000 20 0
0.000000 -0.000000 -0.000000 0 0
0.000000 -0.000000 -0.000000 0 0
-0.865000 -0.426000 -0.521000 9 0
-0.880000 -0.395000 -0.420000 23 0
-0.870000 -0.394000 -0.448000 8 0
0.000000 -0.000000 -0.000000 0 128
-0.866000 -0.404000 -0.516000 3 64
-0.886000 -0.373000 -0.418000 23 0
-0.868000 -0.369000 -0.442000 10 0
0.000000 -0.000000 -0.000000 0 128
0.000000 -0.000000 -0.000000 0 0
0.000000 -0.000000 -0.000000 0 0
0.000000 -0.000000 -0.000000 0 0
0.000000 -0.000000 -0.000000 0 128
0.000000 -0.000000 -0.000000 0 0
0.000000 -0.000000 -0.000000 0 0
0.000000 -0.000000 -0.000000 0 0
0.000000 -0.000000 -0.000000 0 0
0.000000 -0.000000 -0.000000 0 128
0.000000 -0.000000 -0.000000 0 0
0.000000 -0.000000 -0.000000 0 0
0.000000 -0.000000 -0.000000 0 0
0.000000 -0.000000 -0.000000 0 128
-0.865000 -0.269000 -0.393000 1 0
0.000000 -0.000000 -0.000000 0 0
0.000000 -0.000000 -0.000000 0 0
0.000000 -0.000000 -0.000000 0 128
-0.905000 -0.258000 -0.408000 23 0
-0.909000 -0.267000 -0.442000 14 0
0.000000 -0.000000 -0.000000 0 0
0.000000 -0.000000 -0.000000 0 0
-0.917000 -0.238000 -0.410000 22 0
-0.915000 -0.246000 -0.442000 14 0
-0.907000 -0.256000 -0.472000 14 0
0.000000 -0.000000 -0.000000 0 0
-0.913000 -0.213000 -0.406000 23 0
-0.920000 -0.225000 -0.442000 14 0
-0.913000 -0.236000 -0.471000 14 0
-0.909000 -0.248000 -0.504000 21 0
-0.774000 -0.773000 -0.487000 13 64
-0.782000 -0.763000 -0.521000 13 0
-0.785000 -0.753000 -0.555000 13 0
-0.785000 -0.739000 -0.586000 6 0
-0.781000 -0.743000 -0.479000 13 64
-0.786000 -0.732000 -0.511000 13 0
-0.788000 -0.722000 -0.545000 9 0
0.000000 -0.000000 -0.000000 0 0
-0.789000 -0.715000 -0.472000 13 64
-0.795000 -0.707000 -0.506000 13 0
-0.793000 -0.696000 -0.537000 6 0
0.000000 -0.000000 -0.000000 0 0
-0.796000 -0.687000 -0.466000 15 64
-0.793000 -0.673000 -0.494000 11 0
-0.800000 -0.670000 -0.531000 1 0
0.000000 -0.000000 -0.000000 0 128
-0.806000 -0.663000 -0.461000 14 64
-0.803000 -0.650000 -0.490000 7 0
0.000000 -0.000000 -0.000000 0 0
0.000000 -0.000000 -0.000000 0 0
-0.811000 -0.634000 -0.454000 15 64
-0.813000 -0.627000 -0.487000 4 0
0.000000 -0.000000 -0.000000 0 0
-0.814000 -0.618000 -0.555000 2 0
-0.814000 -0.606000 -0.447000 11 64
0.000000 -0.000000 -0.000000 0 0
0.000000 -0.000000 -0.000000 0 0
-0.820000 -0.595000 -0.550000 9 0
-0.828000 -0.585000 -0.446000 8 64
0.000000 -0.000000 -0.000000 0 0
-0.816000 -0.569000 -0.505000 0 0
-0.820000 -0.569000 -0.541000 12 0
-0.824000 -0.553000 -0.436000 6 64
0.000000 -0.000000 -0.000000 0 128
-0.829000 -0.551000 -0.505000 8 0
-0.824000 -0.546000 -0.536000 14 0
-0.823000 -0.524000 -0.428000 4 64
0.000000 -0.000000 -0.000000 0 128
-0.832000 -0.526000 -0.499000 8 0
-0.830000 -0.525000 -0.532000 14 0
-0.826000 -0.498000 -0.423000 3 64
0.000000 -0.000000 -0.000000 0 128
-0.835000 -0.503000 -0.493000 9 0
-0.837000 -0.505000 -0.530000 15 0
-0.847000 -0.483000 -0.427000 5 64
0.000000 -0.000000 -0.000000 0 128
-0.850000 -0.487000 -0.496000 8 0
-0.843000 -0.484000 -0.526000 15 0
-0.860000 -0.464000 -0.427000 9 0
0.000000 -0.000000 -0.000000 0 128
-0.844000 -0.458000 -0.485000 1 64
-0.847000 -0.463000 -0.522000 14 0
-0.851000 -0.433000 -0.417000 16 0
0.000000 -0.000000 -0.000000 0 128
0.000000 -0.000000 -0.000000 0 0
-0.845000 -0.439000 -0.515000 12 0
-0.858000 -0.410000 -0.415000 20 0
0.000000 -0.000000 -0.000000 0 0
0.000000 -0.000000 -0.000000 0 0
-0.865000 -0.426000 -0.521000 9 0
-0.880000 -0.395000 -0.420000 23 0
-0.870000 -0.394000 -0.448000 8 0
0.000000 -0.000000 -0.000000 0 128
-0.866000 -0.404000 -0.516000 3 64
-0.886000 -0.373000 -0.418000 23 0
-0.868000 -0.369000 -0.442000 10 0
0.000000 -0.000000 -0.000000 0 128
0.000000 -0.000000 -0.000000 0 0
0.000000 -0.000000 -0.000000 0 0
0.000000 -0.000000 -0.000000 0 0
0.000000 -0.000000 -0.000000 0 128
0.000000 -0.000000 -0.000000 0 0
0.000000 -0.000000 -0.000000 0 0
0.000000 -0.000000 -0.000000 0 0
0.000000 -0.000000 -0.000000 0 0
0.000000 -0.000000 -0.000000 0 128
0.000000 -0.000000 -0.000000 0 0
0.000000 -0.000000 -0.000000 0 0
0.000000 -0.000000 -0.000000 0 0
0.000000 -0.000000 -0.000000 0 128
-0.865000 -0.269000 -0.393000 1 0
0.000000 -0.000000 -0.000000 0 0
0.000000 -0.000000 -0.000000 0 0
0.000000 -0.000000 -0.000000 0 128
-0.905000 -0.258000 -0.408000 23 0
-0.909000 -0.267000 -0.442000 14 0
0.000000 -0.000000 -0.000000 0 0
0.000000 -0.000000 -0.000000 0 0
-0.917000 -0.238000 -0.410000 22 0
-0.915000 -0.246000 -0.442000 14 0
-0.907000 -0.256000 -0.472000 14 0
0.000000 -0.000000 -0.000000 0 0
-0.913000 -0.213000 -0.406000 23 0
-0.920000 -0.225000 -0.442000 14 0
-0.913000 -0.236000 -0.471000 14 0
-0.909000 -0.248000 -0.504000 21 0
-0.914000 -0.191000 -0.404000 21 0
-0.922000 -0.203000 -0.440000 14 0
-0.902000 -0.212000 -0.462000 12 0
-0.914000 -0.229000 -0.503000 21 0
-0.935000 -0.172000 -0.411000 22 0
-0.926000 -0.182000 -0.439000 14 0
-0.907000 -0.192000 -0.463000 12 0
-0.920000 -0.210000 -0.503000 21 0
-0.937000 -0.149000 -0.410000 23 0
-0.934000 -0.161000 -0.441000 14 0
-0.911000 -0.172000 -0.462000 12 0
-0.924000 -0.190000 -0.503000 22 0
-0.944000 -0.127000 -0.411000 23 0
-0.938000 -0.139000 -0.440000 14 0
-0.934000 -0.155000 -0.471000 14 0
-0.929000 -0.170000 -0.502000 22 0
-0.949000 -0.105000 -0.412000 23 0
-0.941000 -0.118000 -0.440000 14 0
-0.935000 -0.133000 -0.469000 14 0
-0.932000 -0.150000 -0.501000 21 0
-0.952000 -0.082000 -0.412000 23 0
-0.949000 -0.096000 -0.442000 14 0
-0.940000 -0.113000 -0.470000 14 0
-0.936000 -0.130000 -0.501000 21 0
-0.964000 -0.060000 -0.417000 20 0
-0.952000 -0.075000 -0.443000 14 0
-0.943000 -0.092000 -0.470000 14 0
-0.941000 -0.111000 -0.501000 17 0
-0.962000 -0.037000 -0.415000 19 0
-0.954000 -0.053000 -0.443000 14 0
-0.950000 -0.071000 -0.472000 14 0
-0.946000 -0.091000 -0.502000 17 0
-0.966000 -0.014000 -0.417000 23 0
-0.962000 -0.031000 -0.445000 14 0
-0.953000 -0.050000 -0.472000 14 0
-0.951000 -0.071000 -0.503000 18 0
-0.977000 0.008000 -0.422000 24 0
-0.967000 -0.009000 -0.447000 14 0
-0.956000 -0.029000 -0.472000 14 0
-0.957000 -0.051000 -0.504000 17 0
-0.980000 0.032000 -0.423000 24 0
-0.976000 0.013000 -0.451000 14 0
-0.966000 -0.008000 -0.476000 15 0
-0.958000 -0.030000 -0.503000 18 0
-0.983000 0.055000 -0.425000 24 0
-0.980000 0.035000 -0.453000 14 0
-0.971000 0.013000 -0.478000 15 0
-0.964000 -0.009000 -0.505000 21 0
-0.990000 0.079000 -0.428000 24 0
-0.982000 0.058000 -0.454000 17 0
-0.972000 0.035000 -0.478000 15 0
-0.968000 0.010000 -0.506000 21 0
-0.994000 0.103000 -0.431000 24 0
-0.989000 0.081000 -0.458000 14 0
-0.979000 0.057000 -0.481000 18 0
-0.973000 0.031000 -0.508000 22 0
-0.997000 0.127000 -0.434000 24 0
-0.993000 0.105000 -0.460000 18 0
-0.981000 0.079000 -0.483000 18 0
-0.979000 0.053000 -0.510000 22 0
-1.005000 0.153000 -0.439000 19 64
-0.999000 0.129000 -0.464000 18 0
-0.989000 0.102000 -0.487000 18 0
-0.983000 0.074000 -0.512000 17 0
-1.007000 0.178000 -0.442000 25 0
-1.004000 0.153000 -0.468000 18 0
-0.996000 0.125000 -0.491000 19 0
-0.990000 0.096000 -0.515000 23 0
-0.988000 0.199000 -0.435000 2 0
-1.008000 0.177000 -0.471000 18 0
-0.996000 0.148000 -0.491000 19 0
-0.991000 0.118000 -0.516000 17 64
-1.006000 0.227000 -0.445000 2 0
-0.995000 0.199000 -0.466000 2 0
-1.001000 0.171000 -0.495000 18 0
-0.994000 0.140000 -0.517000 17 64
-1.090000 0.273000 -0.486000 2 0
-1.004000 0.225000 -0.473000 2 0
-1.000000 0.194000 -0.496000 3 0
-0.995000 0.163000 -0.519000 16 64
-1.102000 0.304000 -0.494000 2 0
-1.068000 0.265000 -0.505000 2 0
-1.001000 0.218000 -0.497000 1 0
-1.004000 0.187000 -0.524000 9 64
-1.102000 0.332000 -0.498000 2 0
-1.101000 0.300000 -0.524000 2 0
-1.034000 0.249000 -0.516000 1 0
-0.990000 0.207000 -0.517000 1 64
-1.115000 0.365000 -0.508000 2 0
-1.105000 0.329000 -0.529000 2 0
-1.100000 0.292000 -0.551000 2 0
-1.007000 0.233000 -0.527000 2 0
-1.118000 0.395000 -0.513000 2 0
-1.112000 0.359000 -0.535000 1 0
-1.107000 0.320000 -0.556000 1 0
-1.091000 0.278000 -0.573000 2 0
-0.914000 -0.191000 -0.404000 21 0
-0.922000 -0.203000 -0.440000 14 0
-0.902000 -0.212000 -0.462000 12 0
-0.914000 -0.229000 -0.503000 21 0
-0.935000 -0.172000 -0.411000 22 0
-0.926000 -0.182000 -0.439000 14 0
-0.907000 -0.192000 -0.463000 12 0
-0.920000 -0.210000 -0.503000 21 0
-0.937000 -0.149000 -0.410000 23 0
-0.934000 -0.161000 -0.441000 14 0
-0.911000 -0.172000 -0.462000 12 0
-0.924000 -0.190000 -0.503000 22 0
-0.944000 -0.127000 -0.411000 23 0
-0.938000 -0.139000 -0.440000 14 0
-0.934000 -0.155000 -0.471000 14 0
-0.929000 -0.170000 -0.502000 22 0
-0.949000 -0.105000 -0.412000 23 0
-0.941000 -0.118000 -0.440000 14 0
-0.935000 -0.133000 -0.469000 14 0
-0.932000 -0.150000 -0.501000 21 0
-0.952000 -0.082000 -0.412000 23 0
-0.949000 -0.096000 -0.442000 14 0
-0.940000 -0.113000 -0.470000 14 0
-0.936000 -0.130000 -0.501000 21 0
-0.964000 -0.060000 -0.417000 20 0
-0.952000 -0.075000 -0.443000 14 0
-0.943000 -0.092000 -0.470000 14 0
-0.941000 -0.111000 -0.501000 17 0
-0.962000 -0.037000 -0.415000 19 0
-0.954000 -0.053000 -0.443000 14 0
-0.950000 -0.071000 -0.472000 14 0
-0.946000 -0.091000 -0.502000 17 0
-0.966000 -0.014000 -0.417000 23 0
-0.962000 -0.031000 -0.445000 14 0
-0.953000 -0.050000 -0.472000 14 0
-0.951000 -0.071000 -0.503000 18 0
-0.977000 0.008000 -0.422000 24 0
-0.967000 -0.009000 -0.447000 14 0
-0.956000 -0.029000 -0.472000 14 0
-0.957000 -0.051000 -0.504000 17 0
-0.980000 0.032000 -0.423000 24 0
-0.976000 0.013000 -0.451000 14 0
-0.966000 -0.008000 -0.476000 15 0
-0.958000 -0.030000 -0.503000 18 0
-0.983000 0.055000 -0.425000 24 0
-0.980000 0.035000 -0.453000 14 0
-0.971000 0.013000 -0.478000 15 0
-0.964000 -0.009000 -0.505000 21 0
-0.990000 0.079000 -0.428000 24 0
-0.982000 0.058000 -0.454000 17 0
-0.972000 0.035000 -0.478000 15 0
-0.968000 0.010000 -0.506000 21 0
-0.994000 0.103000 -0.431000 24 0
-0.989000 0.081000 -0.458000 14 0
-0.979000 0.057000 -0.481000 18 0
-0.973000 0.031000 -0.508000 22 0
-0.997000 0.127000 -0.434000 24 0
-0.993000 0.105000 -0.460000 18 0
-0.981000 0.079000 -0.483000 18 0
-0.979000 0.053000 -0.510000 22 0
-1.005000 0.153000 -0.439000 19 64
-0.999000 0.129000 -0.464000 18 0
-0.989000 0.102000 -0.487000 18 0
-0.983000 0.074000 -0.512000 17 0
-1.007000 0.178000 -0.442000 25 0
-1.004000 0.153000 -0.468000 18 0
-0.996000 0.125000 -0.491000 19 0
-0.990000 0.096000 -0.515000 23 0
-0.988000 0.199000 -0.435000 2 0
-1.008000 0.177000 -0.471000 18 0
-0.996000 0.148000 -0.491000 19 0
-0.991000 0.118000 -0.516000 17 64
-1.006000 0.227000 -0.445000 2 0
-0.995000 0.199000 -0.466000 2 0
-1.001000 0.171000 -0.495000 18 0
-0.994000 0.140000 -0.517000 17 64
-1.090000 0.273000 -0.486000 2 0
-1.004000 0.225000 -0.473000 2 0
-1.000000 0.194000 -0.496000 3 0
-0.995000 0.163000 -0.519000 16 64
-1.102000 0.304000 -0.494000 2 0
-1.068000 0.265000 -0.505000 2 0
-1.001000 0.218000 -0.497000 1 0
-1.004000 0.187000 -0.524000 9 64
-1.102000 0.332000 -0.498000 2 0
-1.101000 0.300000 -0.524000 2 0
-1.034000 0.249000 -0.516000 1 0
-0.990000 0.207000 -0.517000 1 64
-1.115000 0.365000 -0.508000 2 0
-1.105000 0.329000 -0.529000 2 0
-1.100000 0.292000 -0.551000 2 0
-1.007000 0.233000 -0.527000 2 0
-1.118000 0.395000 -0.513000 2 0
-1.112000 0.359000 -0.535000 1 0
-1.107000 0.320000 -0.556000 1 0
-1.091000 0.278000 -0.573000 2 0
-1.127000 0.428000 -0.522000 2 0
-1.120000 0.390000 -0.543000 2 0
-1.110000 0.348000 -0.561000 1 0
-1.100000 0.306000 -0.579000 1 0
-1.139000 0.464000 -0.533000 2 0
-1.121000 0.419000 -0.548000 2 0
-1.116000 0.378000 -0.567000 1 0
-1.108000 0.334000 -0.586000 1 0
-1.139000 0.495000 -0.539000 2 0
-1.132000 0.453000 -0.558000 1 0
-1.114000 0.405000 -0.570000 1 0
-1.110000 0.361000 -0.589000 1 0
-1.151000 0.533000 -0.551000 2 0
-1.140000 0.487000 -0.567000 2 0
-1.128000 0.439000 -0.580000 1 0
-1.111000 0.389000 -0.592000 1 64
-1.157000 0.569000 -0.560000 2 0
-1.149000 0.522000 -0.577000 1 0
-1.137000 0.472000 -0.589000 1 0
-1.123000 0.421000 -0.601000 1 0
-1.164000 0.607000 -0.570000 1 0
-1.151000 0.556000 -0.584000 1 0
-1.142000 0.504000 -0.596000 1 0
-1.120000 0.448000 -0.603000 1 0
-1.169000 0.645000 -0.581000 10 0
-1.165000 0.595000 -0.597000 2 0
-1.149000 0.539000 -0.605000 1 0
-1.139000 0.485000 -0.617000 1 0
-1.179000 0.686000 -0.594000 1 0
-1.177000 0.636000 -0.610000 1 0
-1.157000 0.575000 -0.615000 1 0
-1.139000 0.515000 -0.621000 11 0
-1.186000 0.727000 -0.606000 9 0
-1.176000 0.671000 -0.617000 8 0
-1.165000 0.611000 -0.625000 1 0
-1.147000 0.549000 -0.630000 1 64
-1.204000 0.778000 -0.625000 1 0
-1.194000 0.718000 -0.635000 1 0
-1.170000 0.648000 -0.634000 9 0
-1.158000 0.587000 -0.641000 9 0
-1.206000 0.820000 -0.636000 8 0
-1.190000 0.753000 -0.641000 7 0
-1.183000 0.691000 -0.648000 1 0
-1.162000 0.621000 -0.648000 0 0
-1.226000 0.875000 -0.658000 1 0
-1.209000 0.804000 -0.661000 1 0
-1.187000 0.729000 -0.658000 8 0
-1.175000 0.662000 -0.662000 8 0
-1.225000 0.918000 -0.669000 7 0
-1.209000 0.844000 -0.671000 7 0
-1.202000 0.777000 -0.675000 1 0
-1.178000 0.699000 -0.669000 0 0
-1.237000 0.972000 -0.688000 7 0
-1.216000 0.891000 -0.685000 8 0
-1.206000 0.818000 -0.685000 7 0
-1.189000 0.742000 -0.683000 8 0
-1.201000 0.990000 -0.681000 9 0
-1.228000 0.944000 -0.703000 7 0
-1.230000 0.876000 -0.709000 1 0
-1.205000 0.789000 -0.699000 0 0
-1.170000 1.011000 -0.677000 8 0
-1.231000 0.991000 -0.717000 9 0
-1.219000 0.910000 -0.712000 7 0
-1.211000 0.832000 -0.711000 7 0
-1.199000 1.085000 -0.709000 34 0
-1.178000 0.994000 -0.699000 8 0
-1.235000 0.966000 -0.733000 6 0
-1.223000 0.881000 -0.727000 7 0
-1.211000 1.147000 -0.732000 54 0
-1.173000 1.037000 -0.710000 7 0
-1.206000 0.988000 -0.727000 8 0
-1.232000 0.931000 -0.742000 7 0
-1.226000 1.216000 -0.759000 58 0
-1.204000 1.113000 -0.743000 48 0
-1.167000 1.001000 -0.716000 8 0
-1.229000 0.973000 -0.750000 7 0
-1.244000 1.292000 -0.789000 53 0
-1.220000 1.180000 -0.768000 56 0
-1.201000 1.079000 -0.750000 28 0
-1.198000 0.992000 -0.742000 8 0
-1.260000 1.371000 -0.819000 56 0
-1.234000 1.249000 -0.794000 54 0
-1.210000 1.137000 -0.769000 59 0
-1.170000 1.015000 -0.736000 7 0
-1.281000 1.459000 -0.856000 50 0
-1.252000 1.327000 -0.825000 56 0
-1.227000 1.206000 -0.796000 61 0
-1.202000 1.091000 -0.768000 38 1
-1.298000 1.549000 -0.891000 52 0
-1.269000 1.408000 -0.857000 60 0
-1.239000 1.275000 -0.820000 57 0
-1.216000 1.154000 -0.790000 53 0
-1.311000 1.638000 -0.926000 73 0
-1.290000 1.499000 -0.893000 50 0
-1.258000 1.354000 -0.851000 55 0
-1.228000 1.220000 -0.813000 61 0
-1.127000 0.428000 -0.522000 2 0
-1.120000 0.390000 -0.543000 2 0
-1.110000 0.348000 -0.561000 1 0
-1.100000 0.306000 -0.579000 1 0
-1.139000 0.464000 -0.533000 2 0
-1.121000 0.419000 -0.548000 2 0
-1.116000 0.378000 -0.567000 1 0
-1.108000 0.334000 -0.586000 1 0
-1.139000 0.495000 -0.539000 2 0
-1.132000 0.453000 -0.558000 1 0
-1.114000 0.405000 -0.570000 1 0
-1.110000 0.361000 -0.589000 1 0
-1.151000 0.533000 -0.551000 2 0
-1.140000 0.487000 -0.567000 2 0
-1.128000 0.439000 -0.580000 1 0
-1.111000 0.389000 -0.592000 1 64
-1.157000 0.569000 -0.560000 2 0
-1.149000 0.522000 -0.577000 1 0
-1.137000 0.472000 -0.589000 1 0
-1.123000 0.421000 -0.601000 1 0
-1.164000 0.607000 -0.570000 1 0
-1.151000 0.556000 -0.584000 1 0
-1.142000 0.504000 -0.596000 1 0
-1.120000 0.448000 -0.603000 1 0
-1.169000 0.645000 -0.581000 10 0
-1.165000 0.595000 -0.597000 2 0
-1.149000 0.539000 -0.605000 1 0
-1.139000 0.485000 -0.617000 1 0
-1.179000 0.686000 -0.594000 1 0
-1.177000 0.636000 -0.610000 1 0
-1.157000 0.575000 -0.615000 1 0
-1.139000 0.515000 -0.621000 11 0
-1.186000 0.727000 -0.606000 9 0
-1.176000 0.671000 -0.617000 8 0
-1.165000 0.611000 -0.625000 1 0
-1.147000 0.549000 -0.630000 1 64
-1.204000 0.778000 -0.625000 1 0
-1.194000 0.718000 -0.635000 1 0
-1.170000 0.648000 -0.634000 9 0
-1.158000 0.587000 -0.641000 9 0
-1.206000 0.820000 -0.636000 8 0
-1.190000 0.753000 -0.641000 7 0
-1.183000 0.691000 -0.648000 1 0
-1.162000 0.621000 -0.648000 0 0
-1.226000 0.875000 -0.658000 1 0
-1.209000 0.804000 -0.661000 1 0
-1.187000 0.729000 -0.658000 8 0
-1.175000 0.662000 -0.662000 8 0
-1.225000 0.918000 -0.669000 7 0
-1.209000 0.844000 -0.671000 7 0
-1.202000 0.777000 -0.675000 1 0
-1.178000 0.699000 -0.669000 0 0
-1.237000 0.972000 -0.688000 7 0
-1.216000 0.891000 -0.685000 8 0
-1.206000 0.818000 -0.685000 7 0
-1.189000 0.742000 -0.683000 8 0
-1.201000 0.990000 -0.681000 9 0
-1.228000 0.944000 -0.703000 7 0
-1.230000 0.876000 -0.709000 1 0
-1.205000 0.789000 -0.699000 0 0
-1.170000 1.011000 -0.677000 8 0
-1.231000 0.991000 -0.717000 9 0
-1.219000 0.910000 -0.712000 7 0
-1.211000 0.832000 -0.711000 7 0
-1.199000 1.085000 -0.709000 34 0
-1.178000 0.994000 -0.699000 8 0
-1.235000 0.966000 -0.733000 6 0
-1.223000 0.881000 -0.727000 7 0
-1.211000 1.147000 -0.732000 54 0
-1.173000 1.037000 -0.710000 7 0
-1.206000 0.988000 -0.727000 8 0
-1.232000 0.931000 -0.742000 7 0
-1.226000 1.216000 -0.759000 58 0
-1.204000 1.113000 -0.743000 48 0
-1.167000 1.001000 -0.716000 8 0
-1.229000 0.973000 -0.750000 7 0
-1.244000 1.292000 -0.789000 53 0
-1.220000 1.180000 -0.768000 56 0
-1.201000 1.079000 -0.750000 28 0
-1.198000 0.992000 -0.742000 8 0
-1.260000 1.371000 -0.819000 56 0
-1.234000 1.249000 -0.794000 54 0
-1.210000 1.137000 -0.769000 59 0
-1.170000 1.015000 -0.736000 7 0
-1.281000 1.459000 -0.856000 50 0
-1.252000 1.327000 -0.825000 56 0
-1.227000 1.206000 -0.796000 61 0
-1.202000 1.091000 -0.768000 38 1
-1.298000 1.549000 -0.891000 52 0
-1.269000 1.408000 -0.857000 60 0
-1.239000 1.275000 -0.820000 57 0
-1.216000 1.154000 -0.790000 53 0
-1.311000 1.638000 -0.926000 73 0
-1.290000 1.499000 -0.893000 50 0
-1.258000 1.354000 -0.851000 55 0
-1.228000 1.220000 -0.813000 61 0
-1.738000 2.277000 -1.266000 14 0
-1.310000 1.593000 -0.931000 51 0
-1.277000 1.438000 -0.883000 55 0
-1.248000 1.297000 -0.842000 56 0
-1.680000 2.308000 -1.262000 14 0
-1.731000 2.205000 -1.264000 16 0
-1.297000 1.530000 -0.919000 53 0
-1.263000 1.374000 -0.870000 60 0
-1.624000 2.341000 -1.261000 16 0
-1.684000 2.249000 -1.266000 13 0
-1.313000 1.621000 -0.954000 74 0
-1.280000 1.457000 -0.900000 57 0
-1.568000 2.374000 -1.261000 16 0
-1.630000 2.283000 -1.264000 16 0
-1.699000 2.198000 -1.267000 13 0
-1.302000 1.552000 -0.937000 59 0
-1.506000 2.397000 -1.256000 16 0
-1.576000 2.316000 -1.261000 16 0
-1.650000 2.238000 -1.265000 13 0
-1.308000 1.634000 -0.964000 103 0
-1.452000 2.430000 -1.257000 16 0
-1.524000 2.353000 -1.261000 15 0
-1.599000 2.275000 -1.263000 15 0
-1.674000 2.190000 -1.265000 14 0
-1.389000 2.449000 -1.251000 17 0
-1.468000 2.383000 -1.258000 16 0
-1.541000 2.303000 -1.255000 13 0
-1.629000 2.235000 -1.264000 15 0
-1.331000 2.476000 -1.250000 18 0
-1.408000 2.406000 -1.251000 16 0
-1.496000 2.349000 -1.258000 14 0
-1.581000 2.277000 -1.261000 14 0
-1.267000 2.491000 -1.244000 17 0
-1.353000 2.437000 -1.251000 16 0
-1.441000 2.381000 -1.254000 16 0
-1.532000 2.318000 -1.260000 15 0
-1.209000 2.516000 -1.244000 18 0
-1.298000 2.468000 -1.251000 18 0
-1.387000 2.413000 -1.251000 16 0
-1.482000 2.359000 -1.257000 15 0
-1.147000 2.531000 -1.240000 15 0
-1.239000 2.491000 -1.246000 16 0
-1.333000 2.447000 -1.250000 17 0
-1.428000 2.394000 -1.253000 16 0
-1.087000 2.550000 -1.238000 17 0
-1.183000 2.519000 -1.246000 17 0
-1.280000 2.483000 -1.249000 17 0
-1.377000 2.433000 -1.252000 15 0
-1.027000 2.567000 -1.236000 15 0
-1.122000 2.537000 -1.241000 16 0
-1.221000 2.506000 -1.244000 17 0
-1.323000 2.469000 -1.249000 16 0
-0.964000 2.576000 -1.231000 17 0
-1.063000 2.558000 -1.238000 15 0
-1.163000 2.533000 -1.241000 14 0
-1.268000 2.503000 -1.246000 16 0
-0.904000 2.591000 -1.229000 15 0
-1.004000 2.579000 -1.236000 16 0
-1.107000 2.564000 -1.240000 17 0
-1.211000 2.535000 -1.242000 17 0
-0.845000 2.605000 -1.228000 14 0
-0.946000 2.602000 -1.236000 16 0
-1.046000 2.582000 -1.234000 16 0
-1.157000 2.572000 -1.241000 17 0
-0.786000 2.623000 -1.228000 15 0
-0.885000 2.617000 -1.232000 16 0
-0.990000 2.615000 -1.235000 17 0
-1.099000 2.601000 -1.238000 17 0
-0.723000 2.624000 -1.222000 17 0
-0.825000 2.634000 -1.230000 13 0
-0.927000 2.628000 -1.228000 16 0
-1.040000 2.632000 -1.235000 17 0
-0.665000 2.644000 -1.225000 21 0
-0.766000 2.652000 -1.229000 17 0
-0.868000 2.653000 -1.227000 13 0
-0.973000 2.639000 -1.223000 26 0
-0.605000 2.650000 -1.222000 21 0
-0.704000 2.664000 -1.225000 18 0
-0.809000 2.680000 -1.227000 13 0
-0.923000 2.695000 -1.233000 16 0
-0.544000 2.655000 -1.220000 20 0
-0.645000 2.684000 -1.226000 20 0
-0.749000 2.702000 -1.226000 16 0
-0.858000 2.712000 -1.225000 14 0
-0.484000 2.664000 -1.220000 21 0
-0.584000 2.693000 -1.223000 20 0
-0.687000 2.720000 -1.223000 19 0
-0.801000 2.751000 -1.229000 14 0
-0.424000 2.664000 -1.216000 20 0
-0.522000 2.700000 -1.220000 19 0
-0.625000 2.737000 -1.221000 19 0
-0.737000 2.773000 -1.225000 18 0
-0.364000 2.669000 -1.215000 21 0
-0.463000 2.719000 -1.222000 21 0
-0.563000 2.757000 -1.221000 18 0
-0.673000 2.793000 -1.222000 17 0
-1.738000 2.277000 -1.266000 14 0
-1.310000 1.593000 -0.931000 51 0
-1.277000 1.438000 -0.883000 55 0
-1.248000 1.297000 -0.842000 56 0
-1.680000 2.308000 -1.262000 14 0
-1.731000 2.205000 -1.264000 16 0
-1.297000 1.530000 -0.919000 53 0
-1.263000 1.374000 -0.870000 60 0
-1.624000 2.341000 -1.261000 16 0
-1.684000 2.249000 -1.266000 13 0
-1.313000 1.621000 -0.954000 74 0
-1.280000 1.457000 -0.900000 57 0
-1.568000 2.374000 -1.261000 16 0
-1.630000 2.283000 -1.264000 16 0
-1.699000 2.198000 -1.267000 13 0
-1.302000 1.552000 -0.937000 59 0
-1.506000 2.397000 -1.256000 16 0
-1.576000 2.316000 -1.261000 16 0
-1.650000 2.238000 -1.265000 13 0
-1.308000 1.634000 -0.964000 103 0
-1.452000 2.430000 -1.257000 16 0
-1.524000 2.353000 -1.261000 15 0
-1.599000 2.275000 -1.263000 15 0
-1.674000 2.190000 -1.265000 14 0
-1.389000 2.449000 -1.251000 17 0
-1.468000 2.383000 -1.258000 16 0
-1.541000 2.303000 -1.255000 13 0
-1.629000 2.235000 -1.264000 15 0
-1.331000 2.476000 -1.250000 18 0
-1.408000 2.406000 -1.251000 16 0
-1.496000 2.349000 -1.258000 14 0
-1.581000 2.277000 -1.261000 14 0
-1.267000 2.491000 -1.244000 17 0
-1.353000 2.437000 -1.251000 16 0
-1.441000 2.381000 -1.254000 16 0
-1.532000 2.318000 -1.260000 15 0
-1.209000 2.516000 -1.244000 18 0
-1.298000 2.468000 -1.251000 18 0
-1.387000 2.413000 -1.251000 16 0
-1.482000 2.359000 -1.257000 15 0
-1.147000 2.531000 -1.240000 15 0
-1.239000 2.491000 -1.246000 16 0
-1.333000 2.447000 -1.250000 17 0
-1.428000 2.394000 -1.253000 16 0
-1.087000 2.550000 -1.238000 17 0
-1.183000 2.519000 -1.246000 17 0
-1.280000 2.483000 -1.249000 17 0
-1.377000 2.433000 -1.252000 15 0
-1.027000 2.567000 -1.236000 15 0
-1.122000 2.537000 -1.241000 16 0
-1.221000 2.506000 -1.244000 17 0
-1.323000 2.469000 -1.249000 16 0
-0.964000 2.576000 -1.231000 17 0
-1.063000 2.558000 -1.238000 15 0
-1.163000 2.533000 -1.241000 14 0
-1.268000 2.503000 -1.246000 16 0
-0.904000 2.591000 -1.229000 15 0
-1.004000 2.579000 -1.236000 16 0
-1.107000 2.564000 -1.240000 17 0
-1.211000 2.535000 -1.242000 17 0
-0.845000 2.605000 -1.228000 14 0
-0.946000 2.602000 -1.236000 16 0
-1.046000 2.582000 -1.234000 16 0
-1.157000 2.572000 -1.241000 17 0
-0.786000 2.623000 -1.228000 15 0
-0.885000 2.617000 -1.232000 16 0
-0.990000 2.615000 -1.235000 17 0
-1.099000 2.601000 -1.238000 17 0
-0.723000 2.624000 -1.222000 17 0
-0.825000 2.634000 -1.230000 13 0
-0.927000 2.628000 -1.228000 16 0
-1.040000 2.632000 -1.235000 17 0
-0.665000 2.644000 -1.225000 21 0
-0.766000 2.652000 -1.229000 17 0
-0.868000 2.653000 -1.227000 13 0
-0.973000 2.639000 -1.223000 26 0
-0.605000 2.650000 -1.222000 21 0
-0.704000 2.664000 -1.225000 18 0
-0.809000 2.680000 -1.227000 13 0
-0.923000 2.695000 -1.233000 16 0
-0.544000 2.655000 -1.220000 20 0
-0.645000 2.684000 -1.226000 20 0
-0.749000 2.702000 -1.226000 16 0
-0.858000 2.712000 -1.225000 14 0
-0.484000 2.664000 -1.220000 21 0
-0.584000 2.693000 -1.223000 20 0
-0.687000 2.720000 -1.223000 19 0
-0.801000 2.751000 -1.229000 14 0
-0.424000 2.664000 -1.216000 20 0
-0.522000 2.700000 -1.220000 19 0
-0.625000 2.737000 -1.221000 19 0
-0.737000 2.773000 -1.225000 18 0
-0.364000 2.669000 -1.215000 21 0
-0.463000 2.719000 -1.222000 21 0
-0.563000 2.757000 -1.221000 18 0
-0.673000 2.793000 -1.222000 17 0
-0.305000 2.674000 -1.215000 21 0
-0.401000 2.724000 -1.219000 21 0
-0.499000 2.763000 -1.215000 19 0
-0.609000 2.814000 -1.219000 17 0
-0.245000 2.667000 -1.210000 20 0
-0.339000 2.726000 -1.215000 20 0
-0.436000 2.781000 -1.215000 19 0
-0.544000 2.835000 -1.217000 15 0
-0.186000 2.676000 -1.213000 5 0
-0.278000 2.737000 -1.215000 21 0
-0.373000 2.794000 -1.213000 18 0
-0.478000 2.851000 -1.213000 15 0
0.000000 -0.000000 -0.000000 0 0
-0.216000 2.735000 -1.211000 11 0
-0.309000 2.801000 -1.209000 19 0
-0.414000 2.881000 -1.216000 15 0
0.000000 -0.000000 -0.000000 0 128
0.000000 -0.000000 -0.000000 0 0
-0.245000 2.813000 -1.209000 18 0
-0.347000 2.895000 -1.214000 15 0
0.000000 -0.000000 -0.000000 0 128
0.000000 -0.000000 -0.000000 0 128
-0.180000 2.821000 -1.207000 3 0
-0.278000 2.902000 -1.208000 15 0
0.000000 -0.000000 -0.000000 0 192
0.000000 -0.000000 -0.000000 0 128
0.000000 -0.000000 -0.000000 0 0
-0.211000 2.929000 -1.211000 7 0
0.000000 -0.000000 -0.000000 0 128
0.000000 -0.000000 -0.000000 0 128
0.000000 -0.000000 -0.000000 0 128
0.000000 -0.000000 -0.000000 0 0
0.000000 -0.000000 -0.000000 0 192
0.000000 -0.000000 -0.000000 0 128
0.000000 -0.000000 -0.000000 0 128
0.000000 -0.000000 -0.000000 0 192
0.000000 -0.000000 -0.000000 0 128
0.000000 -0.000000 -0.000000 0 128
0.000000 -0.000000 -0.000000 0 128
0.000000 -0.000000 -0.000000 0 128
0.000000 -0.000000 -0.000000 0 128
0.000000 -0.000000 -0.000000 0 128
0.000000 -0.000000 -0.000000 0 128
0.000000 -0.000000 -0.000000 0 192
0.198000 1.549000 -0.709000 35 0
0.000000 -0.000000 -0.000000 0 128
0.000000 -0.000000 -0.000000 0 192
0.000000 -0.000000 -0.000000 0 128
0.232000 1.545000 -0.710000 55 0
0.191000 1.553000 -0.684000 23 0
0.000000 -0.000000 -0.000000 0 128
0.000000 -0.000000 -0.000000 0 192
0.269000 1.560000 -0.719000 52 0
0.226000 1.548000 -0.683000 53 0
0.190000 1.579000 -0.664000 2 0
0.000000 -0.000000 -0.000000 0 128
0.306000 1.567000 -0.725000 48 0
0.263000 1.558000 -0.689000 58 0
0.222000 1.542000 -0.649000 56 0
0.185000 1.574000 -0.632000 1 64
0.343000 1.576000 -0.733000 46 0
0.301000 1.566000 -0.694000 43 0
0.262000 1.562000 -0.658000 12 0
0.219000 1.544000 -0.619000 53 0
0.383000 1.592000 -0.744000 43 0
0.340000 1.575000 -0.701000 47 0
0.299000 1.563000 -0.660000 52 0
0.258000 1.551000 -0.622000 56 0
0.422000 1.600000 -0.752000 43 0
0.381000 1.593000 -0.711000 46 0
0.339000 1.573000 -0.665000 48 0
0.299000 1.567000 -0.628000 49 0
0.462000 1.607000 -0.760000 42 0
0.420000 1.597000 -0.716000 48 0
0.381000 1.588000 -0.673000 52 0
0.340000 1.573000 -0.631000 52 0
0.505000 1.625000 -0.774000 40 0
0.462000 1.611000 -0.726000 45 0
0.422000 1.595000 -0.678000 44 0
0.382000 1.586000 -0.637000 48 0
0.544000 1.626000 -0.780000 40 0
0.504000 1.618000 -0.733000 42 0
0.466000 1.608000 -0.686000 44 0
0.426000 1.597000 -0.642000 48 0
0.591000 1.646000 -0.795000 41 0
0.550000 1.637000 -0.746000 38 0
0.510000 1.620000 -0.695000 47 0
0.472000 1.612000 -0.650000 47 0
0.634000 1.654000 -0.805000 45 0
0.593000 1.641000 -0.753000 47 0
0.556000 1.632000 -0.703000 41 0
0.517000 1.622000 -0.656000 44 0
0.682000 1.670000 -0.820000 43 0
0.639000 1.652000 -0.763000 39 0
0.603000 1.645000 -0.713000 39 0
0.562000 1.629000 -0.662000 43 0
-0.305000 2.674000 -1.215000 21 0
-0.401000 2.724000 -1.219000 21 0
-0.499000 2.763000 -1.215000 19 0
-0.609000 2.814000 -1.219000 17 0
-0.245000 2.667000 -1.210000 20 0
-0.339000 2.726000 -1.215000 20 0
-0.436000 2.781000 -1.215000 19 0
-0.544000 2.835000 -1.217000 15 0
-0.186000 2.676000 -1.213000 5 0
-0.278000 2.737000 -1.215000 21 0
-0.373000 2.794000 -1.213000 18 0
-0.478000 2.851000 -1.213000 15 0
0.000000 -0.000000 -0.000000 0 0
-0.216000 2.735000 -1.211000 11 0
-0.309000 2.801000 -1.209000 19 0
-0.414000 2.881000 -1.216000 15 0
0.000000 -0.000000 -0.000000 0 128
0.000000 -0.000000 -0.000000 0 0
-0.245000 2.813000 -1.209000 18 0
-0.347000 2.895000 -1.214000 15 0
0.000000 -0.000000 -0.000000 0 128
0.000000 -0.000000 -0.000000 0 128
-0.180000 2.821000 -1.207000 3 0
-0.278000 2.902000 -1.208000 15 0
0.000000 -0.000000 -0.000000 0 192
0.000000 -0.000000 -0.000000 0 128
0.000000 -0.000000 -0.000000 0 0
-0.211000 2.929000 -1.211000 7 0
0.000000 -0.000000 -0.000000 0 128
0.000000 -0.000000 -0.000000 0 128
0.000000 -0.000000 -0.000000 0 128
0.000000 -0.000000 -0.000000 0 0
0.000000 -0.000000 -0.000000 0 192
0.000000 -0.000000 -0.000000 0 128
0.000000 -0.000000 -0.000000 0 128
0.000000 -0.000000 -0.000000 0 192
0.000000 -0.000000 -0.000000 0 128
0.000000 -0.000000 -0.000000 0 128
0.000000 -0.000000 -0.000000 0 128
0.000000 -0.000000 -0.000000 0 128
0.000000 -0.000000 -0.000000 0 128
0.000000 -0.000000 -0.000000 0 128
0.000000 -0.000000 -0.000000 0 128
0.000000 -0.000000 -0.000000 0 192
0.198000 1.549000 -0.709000 35 0
0.000000 -0.000000 -0.000000 0 128
0.000000 -0.000000 -0.000000 0 192
0.000000 -0.000000 -0.000000 0 128
0.232000 1.545000 -0.710000 55 0
0.191000 1.553000 -0.684000 23 0
0.000000 -0.000000 -0.000000 0 128
0.000000 -0.000000 -0.000000 0 192
0.269000 1.560000 -0.719000 52 0
0.226000 1.548000 -0.683000 53 0
0.190000 1.579000 -0.664000 2 0
0.000000 -0.000000 -0.000000 0 128
0.306000 1.567000 -0.725000 48 0
0.263000 1.558000 -0.689000 58 0
0.222000 1.542000 -0.649000 56 0
0.185000 1.574000 -0.632000 1 64
0.343000 1.576000 -0.733000 46 0
0.301000 1.566000 -0.694000 43 0
0.262000 1.562000 -0.658000 12 0
0.219000 1.544000 -0.619000 53 0
0.383000 1.592000 -0.744000 43 0
0.340000 1.575000 -0.701000 47 0
0.299000 1.563000 -0.660000 52 0
0.258000 1.551000 -0.622000 56 0
0.422000 1.600000 -0.752000 43 0
0.381000 1.593000 -0.711000 46 0
0.339000 1.573000 -0.665000 48 0
0.299000 1.567000 -0.628000 49 0
0.462000 1.607000 -0.760000 42 0
0.420000 1.597000 -0.716000 48 0
0.381000 1.588000 -0.673000 52 0
0.340000 1.573000 -0.631000 52 0
0.505000 1.625000 -0.774000 40 0
0.462000 1.611000 -0.726000 45 0
0.422000 1.595000 -0.678000 44 0
0.382000 1.586000 -0.637000 48 0
0.544000 1.626000 -0.780000 40 0
0.504000 1.618000 -0.733000 42 0
0.466000 1.608000 -0.686000 44 0
0.426000 1.597000 -0.642000 48 0
0.591000 1.646000 -0.795000 41 0
0.550000 1.637000 -0.746000 38 0
0.510000 1.620000 -0.695000 47 0
0.472000 1.612000 -0.650000 47 0
0.634000 1.654000 -0.805000 45 0
0.593000 1.641000 -0.753000 47 0
0.556000 1.632000 -0.703000 41 0
0.517000 1.622000 -0.656000 44 0
0.682000 1.670000 -0.820000 43 0
0.639000 1.652000 -0.763000 39 0
0.603000 1.645000 -0.713000 39 0
0.562000 1.629000 -0.662000 43 0
0.733000 1.690000 -0.837000 48 0
0.689000 1.670000 -0.777000 41 0
0.651000 1.657000 -0.722000 39 0
0.612000 1.645000 -0.671000 44 0
0.766000 1.665000 -0.833000 65 0
0.736000 1.676000 -0.786000 39 0
0.700000 1.667000 -0.732000 40 0
0.664000 1.659000 -0.681000 43 0
0.792000 1.630000 -0.824000 80 0
0.792000 1.700000 -0.804000 49 0
0.753000 1.683000 -0.744000 41 0
0.715000 1.671000 -0.690000 46 0
0.984000 1.918000 -0.979000 89 2
0.973000 1.970000 -0.941000 37 0
0.842000 1.769000 -0.789000 150 0
0.769000 1.683000 -0.700000 43 0
1.082000 2.003000 -1.034000 43 0
1.041000 1.995000 -0.962000 45 0
0.999000 1.978000 -0.890000 40 0
0.957000 1.968000 -0.824000 38 0
1.148000 2.018000 -1.053000 41 0
1.108000 2.013000 -0.981000 43 0
1.066000 1.996000 -0.906000 37 0
1.028000 1.989000 -0.840000 39 0
1.213000 2.030000 -1.072000 35 0
1.173000 2.023000 -0.997000 35 0
1.137000 2.015000 -0.924000 41 0
1.100000 2.009000 -0.856000 46 0
1.284000 2.047000 -1.095000 36 0
1.245000 2.041000 -1.018000 37 0
1.214000 2.039000 -0.946000 45 0
1.174000 2.028000 -0.873000 37 0
1.402000 2.132000 -1.156000 16 0
1.445000 2.254000 -1.138000 21 0
1.288000 2.053000 -0.963000 35 0
1.249000 2.042000 -0.888000 37 0
1.445000 2.100000 -1.154000 13 0
1.489000 2.212000 -1.131000 21 0
1.583000 2.398000 -1.139000 13 0
1.581000 2.449000 -1.078000 32 0
1.493000 2.072000 -1.155000 5 0
1.486000 2.105000 -1.092000 9 0
1.477000 2.128000 -1.025000 9 0
1.473000 2.165000 -0.964000 7 0
0.000000 -0.000000 -0.000000 0 0
0.000000 -0.000000 -0.000000 0 0
0.000000 -0.000000 -0.000000 0 0
0.000000 -0.000000 -0.000000 0 0
0.000000 -0.000000 -0.000000 0 128
0.000000 -0.000000 -0.000000 0 128
0.000000 -0.000000 -0.000000 0 128
0.000000 -0.000000 -0.000000 0 128
0.000000 -0.000000 -0.000000 0 128
0.000000 -0.000000 -0.000000 0 128
0.000000 -0.000000 -0.000000 0 128
0.000000 -0.000000 -0.000000 0 128
0.000000 -0.000000 -0.000000 0 128
0.000000 -0.000000 -0.000000 0 0
0.000000 -0.000000 -0.000000 0 0
0.000000 -0.000000 -0.000000 0 128
0.000000 -0.000000 -0.000000 0 128
0.000000 -0.000000 -0.000000 0 0
0.000000 -0.000000 -0.000000 0 0
0.000000 -0.000000 -0.000000 0 128
0.000000 -0.000000 -0.000000 0 128
0.000000 -0.000000 -0.000000 0 0
0.000000 -0.000000 -0.000000 0 0
0.000000 -0.000000 -0.000000 0 128
0.000000 -0.000000 -0.000000 0 128
0.000000 -0.000000 -0.000000 0 0
0.000000 -0.000000 -0.000000 0 0
0.000000 -0.000000 -0.000000 0 128
0.000000 -0.000000 -0.000000 0 128
0.000000 -0.000000 -0.000000 0 0
0.000000 -0.000000 -0.000000 0 0
0.000000 -0.000000 -0.000000 0 0
0.000000 -0.000000 -0.000000 0 128
0.000000 -0.000000 -0.000000 0 0
0.000000 -0.000000 -0.000000 0 0
0.000000 -0.000000 -0.000000 0 0
0.000000 -0.000000 -0.000000 0 128
0.000000 -0.000000 -0.000000 0 0
0.000000 -0.000000 -0.000000 0 0
0.000000 -0.000000 -0.000000 0 0
0.000000 -0.000000 -0.000000 0 128
0.000000 -0.000000 -0.000000 0 0
0.000000 -0.000000 -0.000000 0 0
0.000000 -0.000000 -0.000000 0 128
0.000000 -0.000000 -0.000000 0 128
0.000000 -0.000000 -0.000000 0 128
0.000000 -0.000000 -0.000000 0 0
0.000000 -0.000000 -0.000000 0 128
0.000000 -0.000000 -0.000000 0 128
0.000000 -0.000000 -0.000000 0 128
0.000000 -0.000000 -0.000000 0 0
0.000000 -0.000000 -0.000000 0 128
0.733000 1.690000 -0.837000 48 0
0.689000 1.670000 -0.777000 41 0
0.651000 1.657000 -0.722000 39 0
0.612000 1.645000 -0.671000 44 0
0.766000 1.665000 -0.833000 65 0
0.736000 1.676000 -0.786000 39 0
0.700000 1.667000 -0.732000 40 0
0.664000 1.659000 -0.681000 43 0
0.792000 1.630000 -0.824000 80 0
0.792000 1.700000 -0.804000 49 0
0.753000 1.683000 -0.744000 41 0
0.715000 1.671000 -0.690000 46 0
0.984000 1.918000 -0.979000 89 2
0.973000 1.970000 -0.941000 37 0
0.842000 1.769000 -0.789000 150 0
0.769000 1.683000 -0.700000 43 0
1.082000 2.003000 -1.034000 43 0
1.041000 1.995000 -0.962000 45 0
0.999000 1.978000 -0.890000 40 0
0.957000 1.968000 -0.824000 38 0
1.148000 2.018000 -1.053000 41 0
1.108000 2.013000 -0.981000 43 0
1.066000 1.996000 -0.906000 37 0
1.028000 1.989000 -0.840000 39 0
1.213000 2.030000 -1.072000 35 0
1.173000 2.023000 -0.997000 35 0
1.137000 2.015000 -0.924000 41 0
1.100000 2.009000 -0.856000 46 0
1.284000 2.047000 -1.095000 36 0
1.245000 2.041000 -1.018000 37 0
1.214000 2.039000 -0.946000 45 0
1.174000 2.028000 -0.873000 37 0
1.402000 2.132000 -1.156000 16 0
1.445000 2.254000 -1.138000 21 0
1.288000 2.053000 -0.963000 35 0
1.249000 2.042000 -0.888000 37 0
1.445000 2.100000 -1.154000 13 0
1.489000 2.212000 -1.131000 21 0
1.583000 2.398000 -1.139000 13 0
1.581000 2.449000 -1.078000 32 0
1.493000 2.072000 -1.155000 5 0
1.486000 2.105000 -1.092000 9 0
1.477000 2.128000 -1.025000 9 0
1.473000 2.165000 -0.964000 7 0
0.000000 -0.000000 -0.000000 0 0
0.000000 -0.000000 -0.000000 0 0
0.000000 -0.000000 -0.000000 0 0
0.000000 -0.000000 -0.000000 0 0
0.000000 -0.000000 -0.000000 0 128
0.000000 -0.000000 -0.000000 0 128
0.000000 -0.000000 -0.000000 0 128
0.000000 -0.000000 -0.000000 0 128
0.000000 -0.000000 -0.000000 0 128
0.000000 -0.000000 -0.000000 0 128
0.000000 -0.000000 -0.000000 0 128
0.000000 -0.000000 -0.000000 0 128
0.000000 -0.000000 -0.000000 0 128
0.000000 -0.000000 -0.000000 0 0
0.000000 -0.000000 -0.000000 0 0
0.000000 -0.000000 -0.000000 0 128
0.000000 -0.000000 -0.000000 0 128
0.000000 -0.000000 -0.000000 0 0
0.000000 -0.000000 -0.000000 0 0
0.000000 -0.000000 -0.000000 0 128
0.000000 -0.000000 -0.000000 0 128
0.000000 -0.000000 -0.000000 0 0
0.000000 -0.000000 -0.000000 0 0
0.000000 -0.000000 -0.000000 0 128
0.000000 -0.000000 -0.000000 0 128
0.000000 -0.000000 -0.000000 0 0
0.000000 -0.000000 -0.000000 0 0
0.000000 -0.000000 -0.000000 0 128
0.000000 -0.000000 -0.000000 0 128
0.000000 -0.000000 -0.000000 0 0
0.000000 -0.000000 -0.000000 0 0
0.000000 -0.000000 -0.000000 0 0
0.000000 -0.000000 -0.000000 0 128
0.000000 -0.000000 -0.000000 0 0
0.000000 -0.000000 -0.000000 0 0
0.000000 -0.000000 -0.000000 0 0
0.000000 -0.000000 -0.000000 0 128
0.000000 -0.000000 -0.000000 0 0
0.000000 -0.000000 -0.000000 0 0
0.000000 -0.000000 -0.000000 0 0
0.000000 -0.000000 -0.000000 0 128
0.000000 -0.000000 -0.000000 0 0
0.000000 -0.000000 -0.000000 0 0
0.000000 -0.000000 -0.000000 0 128
0.000000 -0.000000 -0.000000 0 128
0.000000 -0.000000 -0.000000 0 128
0.000000 -0.000000 -0.000000 0 0
0.000000 -0.000000 -0.000000 0 128
0.000000 -0.000000 -0.000000 0 128
0.000000 -0.000000 -0.000000 0 128
0.000000 -0.000000 -0.000000 0 0
0.000000 -0.000000 -0.000000 0 128
0.000000 -0.000000 -0.000000 0 128
0.000000 -0.000000 -0.000000 0 128
0.000000 -0.000000 -0.000000 0 0
0.000000 -0.000000 -0.000000 0 0
0.000000 -0.000000 -0.000000 0 128
0.000000 -0.000000 -0.000000 0 128
0.000000 -0.000000 -0.000000 0 0
0.000000 -0.000000 -0.000000 0 0
0.000000 -0.000000 -0.000000 0 0
0.000000 -0.000000 -0.000000 0 0
0.000000 -0.000000 -0.000000 0 0
0.000000 -0.000000 -0.000000 0 0
0.000000 -0.000000 -0.000000 0 0
0.000000 -0.000000 -0.000000 0 0
0.000000 -0.000000 -0.000000 0 0
0.000000 -0.000000 -0.000000 0 0
0.000000 -0.000000 -0.000000 0 0
0.000000 -0.000000 -0.000000 0 0
0.000000 -0.000000 -0.000000 0 0
0.000000 -0.000000 -0.000000 0 0
0.000000 -0.000000 -0.000000 0 0
0.000000 -0.000000 -0.000000 0 0
0.000000 -0.000000 -0.000000 0 0
0.000000 -0.000000 -0.000000 0 0
0.000000 -0.000000 -0.000000 0 0
0.000000 -0.000000 -0.000000 0 0
0.000000 -0.000000 -0.000000 0 0
0.000000 -0.000000 -0.000000 0 0
0.000000 -0.000000 -0.000000 0 0
0.000000 -0.000000 -0.000000 0 0
0.000000 -0.000000 -0.000000 0 0
0.000000 -0.000000 -0.000000 0 0
0.000000 -0.000000 -0.000000 0 0
0.000000 -0.000000 -0.000000 0 0
0.000000 -0.000000 -0.000000 0 0
0.000000 -0.000000 -0.000000 0 0
0.000000 -0.000000 -0.000000 0 0
0.000000 -0.000000 -0.000000 0 0
0.000000 -0.000000 -0.000000 0 0
0.000000 -0.000000 -0.000000 0 0
0.000000 -0.000000 -0.000000 0 0
0.000000 -0.000000 -0.000000 0 0
0.000000 -0.000000 -0.000000 0 0
0.000000 -0.000000 -0.000000 0 0
0.000000 -0.000000 -0.000000 0 0
0.000000 -0.000000 -0.000000 0 0
0.000000 -0.000000 -0.000000 0 0
0.000000 -0.000000 -0.000000 0 0
0.000000 -0.000000 -0.000000 0 0
0.000000 -0.000000 -0.000000 0 0
0.000000 -0.000000 -0.000000 0 0
0.000000 -0.000000 -0.000000 0 0
0.000000 -0.000000 -0.000000 0 0
0.000000 -0.000000 -0.000000 0 0
0.000000 -0.000000 -0.000000 0 0
0.000000 -0.000000 -0.000000 0 0
0.000000 -0.000000 -0.000000 0 0
0.000000 -0.000000 -0.000000 0 0
0.000000 -0.000000 -0.000000 0 0
0.000000 -0.000000 -0.000000 0 0
0.000000 -0.000000 -0.000000 0 0
0.000000 -0.000000 -0.000000 0 0
0.000000 -0.000000 -0.000000 0 0
0.000000 -0.000000 -0.000000 0 0
0.000000 -0.000000 -0.000000 0 0
0.000000 -0.000000 -0.000000 0 0
0.000000 -0.000000 -0.000000 0 0
0.000000 -0.000000 -0.000000 0 128
0.000000 -0.000000 -0.000000 0 0
0.000000 -0.000000 -0.000000 0 0
0.000000 -0.000000 -0.000000 0 0
0.000000 -0.000000 -0.000000 0 128
0.000000 -0.000000 -0.000000 0 0
0.000000 -0.000000 -0.000000 0 0
0.000000 -0.000000 -0.000000 0 0
0.000000 -0.000000 -0.000000 0 0
0.000000 -0.000000 -0.000000 0 0
0.000000 -0.000000 -0.000000 0 0
0.000000 -0.000000 -0.000000 0 0
0.000000 -0.000000 -0.000000 0 0
0.000000 -0.000000 -0.000000 0 0
0.000000 -0.000000 -0.000000 0 0
0.000000 -0.000000 -0.000000 0 0
0.000000 -0.000000 -0.000000 0 0
0.000000 -0.000000 -0.000000 0 0
0.000000 -0.000000 -0.000000 0 0
0.000000 -0.000000 -0.000000 0 0
0.000000 -0.000000 -0.000000 0 0
0.000000 -0.000000 -0.000000 0 0
0.000000 -0.000000 -0.000000 0 0
0.000000 -0.000000 -0.000000 0 0
0.000000 -0.000000 -0.000000 0 0
0.000000 -0.000000 -0.000000 0 0
0.000000 -0.000000 -0.000000 0 0
0.000000 -0.000000 -0.000000 0 0
0.000000 -0.000000 -0.000000 0 0
0.000000 -0.000000 -0.000000 0 128
0.000000 -0.000000 -0.000000 0 128
0.000000 -0.000000 -0.000000 0 0
0.000000 -0.000000 -0.000000 0 0
0.000000 -0.000000 -0.000000 0 128
0.000000 -0.000000 -0.000000 0 128
0.000000 -0.000000 -0.000000 0 0
0.000000 -0.000000 -0.000000 0 0
0.000000 -0.000000 -0.000000 0 0
0.000000 -0.000000 -0.000000 0 0
0.000000 -0.000000 -0.000000 0 0
0.000000 -0.000000 -0.000000 0 0
0.000000 -0.000000 -0.000000 0 0
0.000000 -0.000000 -0.000000 0 0
0.000000 -0.000000 -0.000000 0 0
0.000000 -0.000000 -0.000000 0 0
0.000000 -0.000000 -0.000000 0 0
0.000000 -0.000000 -0.000000 0 0
0.000000 -0.000000 -0.000000 0 0
0.000000 -0.000000 -0.000000 0 0
0.000000 -0.000000 -0.000000 0 0
0.000000 -0.000000 -0.000000 0 0
0.000000 -0.000000 -0.000000 0 0
0.000000 -0.000000 -0.000000 0 0
0.000000 -0.000000 -0.000000 0 0
0.000000 -0.000000 -0.000000 0 0
0.000000 -0.000000 -0.000000 0 0
0.000000 -0.000000 -0.000000 0 0
0.000000 -0.000000 -0.000000 0 0
0.000000 -0.000000 -0.000000 0 0
0.000000 -0.000000 -0.000000 0 0
0.000000 -0.000000 -0.000000 0 0
0.000000 -0.000000 -0.000000 0 0
0.000000 -0.000000 -0.000000 0 0
0.000000 -0.000000 -0.000000 0 0
0.000000 -0.000000 -0.000000 0 0
0.000000 -0.000000 -0.000000 0 0
0.000000 -0.000000 -0.000000 0 0
0.000000 -0.000000 -0.000000 0 0
0.000000 -0.000000 -0.000000 0 0
0.000000 -0.000000 -0.000000 0 0
0.000000 -0.000000 -0.000000 0 0
0.000000 -0.000000 -0.000000 0 0
0.000000 -0.000000 -0.000000 0 0
0.000000 -0.000000 -0.000000 0 0
0.000000 -0.000000 -0.000000 0 0
0.000000 -0.000000 -0.000000 0 0
0.000000 -0.000000 -0.000000 0 0
0.000000 -0.000000 -0.000000 0 0
0.000000 -0.000000 -0.000000 0 0
0.000000 -0.000000 -0.000000 0 0
0.000000 -0.000000 -0.000000 0 0
0.000000 -0.000000 -0.000000 0 0
0.000000 -0.000000 -0.000000 0 0
0.000000 -0.000000 -0.000000 0 0
0.000000 -0.000000 -0.000000 0 0
0.000000 -0.000000 -0.000000 0 0
0.000000 -0.000000 -0.000000 0 0
0.000000 -0.000000 -0.000000 0 0
0.000000 -0.000000 -0.000000 0 0
0.000000 -0.000000 -0.000000 0 0
0.000000 -0.000000 -0.000000 0 0
0.000000 -0.000000 -0.000000 0 0
0.000000 -0.000000 -0.000000 0 0
0.000000 -0.000000 -0.000000 0 0
0.000000 -0.000000 -0.000000 0 0
0.000000 -0.000000 -0.000000 0 0
0.000000 -0.000000 -0.000000 0 128
0.000000 -0.000000 -0.000000 0 0
0.000000 -0.000000 -0.000000 0 0
0.000000 -0.000000 -0.000000 0 0
0.000000 -0.000000 -0.000000 0 128
0.000000 -0.000000 -0.000000 0 0
0.000000 -0.000000 -0.000000 0 0
0.000000 -0.000000 -0.000000 0 0
0.000000 -0.000000 -0.000000 0 0
0.000000 -0.000000 -0.000000 0 0
0.000000 -0.000000 -0.000000 0 0
0.000000 -0.000000 -0.000000 0 0
0.000000 -0.000000 -0.000000 0 0
0.000000 -0.000000 -0.000000 0 0
0.000000 -0.000000 -0.000000 0 0
0.000000 -0.000000 -0.000000 0 0
0.000000 -0.000000 -0.000000 0 0
0.000000 -0.000000 -0.000000 0 0
0.000000 -0.000000 -0.000000 0 0
0.000000 -0.000000 -0.000000 0 0
0.000000 -0.000000 -0.000000 0 0
0.000000 -0.000000 -0.000000 0 0
0.000000 -0.000000 -0.000000 0 0
0.000000 -0.000000 -0.000000 0 0
0.000000 -0.000000 -0.000000 0 0
0.000000 -0.000000 -0.000000 0 0
0.000000 -0.000000 -0.000000 0 0
0.000000 -0.000000 -0.000000 0 0
0.000000 -0.000000 -0.000000 0 0
0.000000 -0.000000 -0.000000 0 0
0.000000 -0.000000 -0.000000 0 0
0.000000 -0.000000 -0.000000 0 0
0.000000 -0.000000 -0.000000 0 0
0.000000 -0.000000 -0.000000 0 0
0.000000 -0.000000 -0.000000 0 0
0.000000 -0.000000 -0.000000 0 0
0.000000 -0.000000 -0.000000 0 0
0.000000 -0.000000 -0.000000 0 0
0.000000 -0.000000 -0.000000 0 0
0.000000 -0.000000 -0.000000 0 0
0.000000 -0.000000 -0.000000 0 0
0.000000 -0.000000 -0.000000 0 0
0.000000 -0.000000 -0.000000 0 0
0.000000 -0.000000 -0.000000 0 0
0.000000 -0.000000 -0.000000 0 0
0.000000 -0.000000 -0.000000 0 0
0.000000 -0.000000 -0.000000 0 0
0.000000 -0.000000 -0.000000 0 0
0.000000 -0.000000 -0.000000 0 0
0.000000 -0.000000 -0.000000 0 128
0.000000 -0.000000 -0.000000 0 0
0.000000 -0.000000 -0.000000 0 0
0.000000 -0.000000 -0.000000 0 0
0.000000 -0.000000 -0.000000 0 0
0.000000 -0.000000 -0.000000 0 0
0.000000 -0.000000 -0.000000 0 0
0.000000 -0.000000 -0.000000 0 0
0.000000 -0.000000 -0.000000 0 0
0.000000 -0.000000 -0.000000 0 0
0.000000 -0.000000 -0.000000 0 0
0.000000 -0.000000 -0.000000 0 0
0.000000 -0.000000 -0.000000 0 0
0.000000 -0.000000 -0.000000 0 0
0.000000 -0.000000 -0.000000 0 0
0.000000 -0.000000 -0.000000 0 0
0.000000 -0.000000 -0.000000 0 0
0.000000 -0.000000 -0.000000 0 0
0.000000 -0.000000 -0.000000 0 0
0.000000 -0.000000 -0.000000 0 0
0.000000 -0.000000 -0.000000 0 0
0.000000 -0.000000 -0.000000 0 0
0.000000 -0.000000 -0.000000 0 0
0.000000 -0.000000 -0.000000 0 0
0.000000 -0.000000 -0.000000 0 0
0.000000 -0.000000 -0.000000 0 0
0.000000 -0.000000 -0.000000 0 0
0.000000 -0.000000 -0.000000 0 0
0.000000 -0.000000 -0.000000 0 0
0.000000 -0.000000 -0.000000 0 0
0.000000 -0.000000 -0.000000 0 0
0.000000 -0.000000 -0.000000 0 0
0.000000 -0.000000 -0.000000 0 0
0.000000 -0.000000 -0.000000 0 0
0.000000 -0.000000 -0.000000 0 0
0.000000 -0.000000 -0.000000 0 0
0.000000 -0.000000 -0.000000 0 0
0.000000 -0.000000 -0.000000 0 0
0.000000 -0.000000 -0.000000 0 0
0.000000 -0.000000 -0.000000 0 0
0.000000 -0.000000 -0.000000 0 0
0.000000 -0.000000 -0.000000 0 0
0.000000 -0.000000 -0.000000 0 0
0.000000 -0.000000 -0.000000 0 0
0.000000 -0.000000 -0.000000 0 128
0.000000 -0.000000 -0.000000 0 0
0.000000 -0.000000 -0.000000 0 0
0.000000 -0.000000 -0.000000 0 0
0.000000 -0.000000 -0.000000 0 0
0.000000 -0.000000 -0.000000 0 0
0.000000 -0.000000 -0.000000 0 0
0.000000 -0.000000 -0.000000 0 0
0.000000 -0.000000 -0.000000 0 0
0.000000 -0.000000 -0.000000 0 0
0.000000 -0.000000 -0.000000 0 0
0.000000 -0.000000 -0.000000 0 0
0.000000 -0.000000 -0.000000 0 0
0.000000 -0.000000 -0.000000 0 0
0.000000 -0.000000 -0.000000 0 0
0.000000 -0.000000 -0.000000 0 0
0.000000 -0.000000 -0.000000 0 0
0.000000 -0.000000 -0.000000 0 0
0.000000 -0.000000 -0.000000 0 0
0.000000 -0.000000 -0.000000 0 0
0.000000 -0.000000 -0.000000 0 0
0.000000 -0.000000 -0.000000 0 0
0.000000 -0.000000 -0.000000 0 0
0.000000 -0.000000 -0.000000 0 0
0.000000 -0.000000 -0.000000 0 0
0.000000 -0.000000 -0.000000 0 0
0.000000 -0.000000 -0.000000 0 0
0.000000 -0.000000 -0.000000 0 0
0.000000 -0.000000 -0.000000 0 0
0.000000 -0.000000 -0.000000 0 0
0.000000 -0.000000 -0.000000 0 0
0.000000 -0.000000 -0.000000 0 0
0.000000 -0.000000 -0.000000 0 0
0.000000 -0.000000 -0.000000 0 0
0.000000 -0.000000 -0.000000 0 0
0.000000 -0.000000 -0.000000 0 0
0.000000 -0.000000 -0.000000 0 0
0.000000 -0.000000 -0.000000 0 0
0.000000 -0.000000 -0.000000 0 0
0.000000 -0.000000 -0.000000 0 0
0.000000 -0.000000 -0.000000 0 0
0.000000 -0.000000 -0.000000 0 0
0.000000 -0.000000 -0.000000 0 0
0.000000 -0.000000 -0.000000 0 0
0.000000 -0.000000 -0.000000 0 0
0.000000 -0.000000 -0.000000 0 0
0.000000 -0.000000 -0.000000 0 0
0.000000 -0.000000 -0.000000 0 0
0.000000 -0.000000 -0.000000 0 0
0.000000 -0.000000 -0.000000 0 0
0.000000 -0.000000 -0.000000 0 0
0.000000 -0.000000 -0.000000 0 0
0.000000 -0.000000 -0.000000 0 128
0.000000 -0.000000 -0.000000 0 0
0.000000 -0.000000 -0.000000 0 0
0.000000 -0.000000 -0.000000 0 0
0.000000 -0.000000 -0.000000 0 0
0.000000 -0.000000 -0.000000 0 0
0.000000 -0.000000 -0.000000 0 0
0.000000 -0.000000 -0.000000 0 0
0.000000 -0.000000 -0.000000 0 0
0.000000 -0.000000 -0.000000 0 0
0.000000 -0.000000 -0.000000 0 0
0.000000 -0.000000 -0.000000 0 0
0.000000 -0.000000 -0.000000 0 0
0.000000 -0.000000 -0.000000 0 0
0.000000 -0.000000 -0.000000 0 0
0.000000 -0.000000 -0.000000 0 0
0.000000 -0.000000 -0.000000 0 0
0.000000 -0.000000 -0.000000 0 0
0.000000 -0.000000 -0.000000 0 0
0.000000 -0.000000 -0.000000 0 0
0.000000 -0.000000 -0.000000 0 0
0.000000 -0.000000 -0.000000 0 0
0.000000 -0.000000 -0.000000 0 0
0.000000 -0.000000 -0.000000 0 0
0.000000 -0.000000 -0.000000 0 0
0.000000 -0.000000 -0.000000 0 0
0.000000 -0.000000 -0.000000 0 0
0.000000 -0.000000 -0.000000 0 0
0.000000 -0.000000 -0.000000 0 0
0.000000 -0.000000 -0.000000 0 0
0.000000 -0.000000 -0.000000 0 0
0.000000 -0.000000 -0.000000 0 0
0.000000 -0.000000 -0.000000 0 0
0.000000 -0.000000 -0.000000 0 0
0.000000 -0.000000 -0.000000 0 0
0.000000 -0.000000 -0.000000 0 0
0.000000 -0.000000 -0.000000 0 0
0.000000 -0.000000 -0.000000 0 0
0.000000 -0.000000 -0.000000 0 0
0.000000 -0.000000 -0.000000 0 0
0.000000 -0.000000 -0.000000 0 0
0.000000 -0.000000 -0.000000 0 0
0.000000 -0.000000 -0.000000 0 0
0.000000 -0.000000 -0.000000 0 0
0.000000 -0.000000 -0.000000 0 128
0.000000 -0.000000 -0.000000 0 0
0.000000 -0.000000 -0.000000 0 0
0.000000 -0.000000 -0.000000 0 0
0.000000 -0.000000 -0.000000 0 0
0.000000 -0.000000 -0.000000 0 0
0.000000 -0.000000 -0.000000 0 0
0.000000 -0.000000 -0.000000 0 0
0.000000 -0.000000 -0.000000 0 0
0.000000 -0.000000 -0.000000 0 0
0.000000 -0.000000 -0.000000 0 0
0.000000 -0.000000 -0.000000 0 0
0.000000 -0.000000 -0.000000 0 0
0.000000 -0.000000 -0.000000 0 0
0.000000 -0.000000 -0.000000 0 0
0.000000 -0.000000 -0.000000 0 0
0.000000 -0.000000 -0.000000 0 0
0.000000 -0.000000 -0.000000 0 0
0.000000 -0.000000 -0.000000 0 0
0.000000 -0.000000 -0.000000 0 0
0.000000 -0.000000 -0.000000 0 0
0.000000 -0.000000 -0.000000 0 0
0.000000 -0.000000 -0.000000 0 0
0.000000 -0.000000 -0.000000 0 0
0.000000 -0.000000 -0.000000 0 0
0.000000 -0.000000 -0.000000 0 0
0.000000 -0.000000 -0.000000 0 0
0.000000 -0.000000 -0.000000 0 0
0.000000 -0.000000 -0.000000 0 0
0.000000 -0.000000 -0.000000 0 0
0.000000 -0.000000 -0.000000 0 0
0.000000 -0.000000 -0.000000 0 0
0.000000 -0.000000 -0.000000 0 0
0.000000 -0.000000 -0.000000 0 0
0.000000 -0.000000 -0.000000 0 0
0.000000 -0.000000 -0.000000 0 0
0.000000 -0.000000 -0.000000 0 0
0.000000 -0.000000 -0.000000 0 0
0.000000 -0.000000 -0.000000 0 0
0.000000 -0.000000 -0.000000 0 128
0.000000 -0.000000 -0.000000 0 0
0.000000 -0.000000 -0.000000 0 0
0.000000 -0.000000 -0.000000 0 0
0.000000 -0.000000 -0.000000 0 0
0.000000 -0.000000 -0.000000 0 0
0.000000 -0.000000 -0.000000 0 0
0.000000 -0.000000 -0.000000 0 0
0.000000 -0.000000 -0.000000 0 0
0.000000 -0.000000 -0.000000 0 0
0.000000 -0.000000 -0.000000 0 0
0.000000 -0.000000 -0.000000 0 0
0.000000 -0.000000 -0.000000 0 0
0.000000 -0.000000 -0.000000 0 0
0.000000 -0.000000 -0.000000 0 0
0.000000 -0.000000 -0.000000 0 0
0.000000 -0.000000 -0.000000 0 128
0.000000 -0.000000 -0.000000 0 128
0.000000 -0.000000 -0.000000 0 0
0.000000 -0.000000 -0.000000 0 0
0.000000 -0.000000 -0.000000 0 128
0.000000 -0.000000 -0.000000 0 0
0.000000 -0.000000 -0.000000 0 0
0.000000 -0.000000 -0.000000 0 128
0.000000 -0.000000 -0.000000 0 128
0.000000 -0.000000 -0.000000 0 0
0.000000 -0.000000 -0.000000 0 0
0.000000 -0.000000 -0.000000 0 128
0.000000 -0.000000 -0.000000 0 0
0.000000 -0.000000 -0.000000 0 0
0.000000 -0.000000 -0.000000 0 128
0.000000 -0.000000 -0.000000 0 0
0.000000 -0.000000 -0.000000 0 128
0.000000 -0.000000 -0.000000 0 128
0.000000 -0.000000 -0.000000 0 128
0.000000 -0.000000 -0.000000 0 0
0.000000 -0.000000 -0.000000 0 0
0.000000 -0.000000 -0.000000 0 128
0.000000 -0.000000 -0.000000 0 0
0.000000 -0.000000 -0.000000 0 0
0.000000 -0.000000 -0.000000 0 128
0.000000 -0.000000 -0.000000 0 128
0.000000 -0.000000 -0.000000 0 0
0.000000 -0.000000 -0.000000 0 0
0.000000 -0.000000 -0.000000 0 128
0.000000 -0.000000 -0.000000 0 128
0.000000 -0.000000 -0.000000 0 0
0.000000 -0.000000 -0.000000 0 0
0.000000 -0.000000 -0.000000 0 128
0.000000 -0.000000 -0.000000 0 128
0.000000 -0.000000 -0.000000 0 0
0.000000 -0.000000 -0.000000 0 0
0.000000 -0.000000 -0.000000 0 128
0.000000 -0.000000 -0.000000 0 128
0.000000 -0.000000 -0.000000 0 0
0.000000 -0.000000 -0.000000 0 0
0.000000 -0.000000 -0.000000 0 128
0.000000 -0.000000 -0.000000 0 128
0.000000 -0.000000 -0.000000 0 0
0.000000 -0.000000 -0.000000 0 0
0.000000 -0.000000 -0.000000 0 128
0.000000 -0.000000 -0.000000 0 128
0.000000 -0.000000 -0.000000 0 0
0.000000 -0.000000 -0.000000 0 128
0.000000 -0.000000 -0.000000 0 128
0.000000 -0.000000 -0.000000 0 128
0.000000 -0.000000 -0.000000 0 0
0.000000 -0.000000 -0.000000 0 128
0.000000 -0.000000 -0.000000 0 192
0.000000 -0.000000 -0.000000 0 128
0.000000 -0.000000 -0.000000 0 128
0.000000 -0.000000 -0.000000 0 128
0.000000 -0.000000 -0.000000 0 0
0.000000 -0.000000 -0.000000 0 128
0.000000 -0.000000 -0.000000 0 128
0.000000 -0.000000 -0.000000 0 128
0.000000 -0.000000 -0.000000 0 0
0.000000 -0.000000 -0.000000 0 128
0.000000 -0.000000 -0.000000 0 128
0.000000 -0.000000 -0.000000 0 128
0.717000 -1.138000 -0.458000 13 0
0.000000 -0.000000 -0.000000 0 128
0.000000 -0.000000 -0.000000 0 128
0.000000 -0.000000 -0.000000 0 0
0.675000 -1.127000 -0.448000 8 0
0.000000 -0.000000 -0.000000 0 128
0.000000 -0.000000 -0.000000 0 128
0.714000 -1.136000 -0.462000 11 0
0.594000 -1.046000 -0.411000 2 0
0.000000 -0.000000 -0.000000 0 0
0.000000 -0.000000 -0.000000 0 0
0.000000 -0.000000 -0.000000 0 0
0.000000 -0.000000 -0.000000 0 0
0.000000 -0.000000 -0.000000 0 0
0.000000 -0.000000 -0.000000 0 0
0.000000 -0.000000 -0.000000 0 0
0.000000 -0.000000 -0.000000 0 128
0.000000 -0.000000 -0.000000 0 0
0.000000 -0.000000 -0.000000 0 0
0.000000 -0.000000 -0.000000 0 0
0.000000 -0.000000 -0.000000 0 0
0.000000 -0.000000 -0.000000 0 0
0.000000 -0.000000 -0.000000 0 0
0.000000 -0.000000 -0.000000 0 0
0.000000 -0.000000 -0.000000 0 0
0.000000 -0.000000 -0.000000 0 0
0.000000 -0.000000 -0.000000 0 0
0.000000 -0.000000 -0.000000 0 0
0.000000 -0.000000 -0.000000 0 0
0.000000 -0.000000 -0.000000 0 0
0.000000 -0.000000 -0.000000 0 0
0.000000 -0.000000 -0.000000 0 0
0.000000 -0.000000 -0.000000 0 128
0.000000 -0.000000 -0.000000 0 128
0.000000 -0.000000 -0.000000 0 0
0.000000 -0.000000 -0.000000 0 0
0.000000 -0.000000 -0.000000 0 128
0.000000 -0.000000 -0.000000 0 0
0.000000 -0.000000 -0.000000 0 0
0.000000 -0.000000 -0.000000 0 128
0.000000 -0.000000 -0.000000 0 128
0.000000 -0.000000 -0.000000 0 0
0.000000 -0.000000 -0.000000 0 0
0.000000 -0.000000 -0.000000 0 128
0.000000 -0.000000 -0.000000 0 0
0.000000 -0.000000 -0.000000 0 0
0.000000 -0.000000 -0.000000 0 128
0.000000 -0.000000 -0.000000 0 0
0.000000 -0.000000 -0.000000 0 128
0.000000 -0.000000 -0.000000 0 128
0.000000 -0.000000 -0.000000 0 128
0.000000 -0.000000 -0.000000 0 0
0.000000 -0.000000 -0.000000 0 0
0.000000 -0.000000 -0.000000 0 128
0.000000 -0.000000 -0.000000 0 0
0.000000 -0.000000 -0.000000 0 0
0.000000 -0.000000 -0.000000 0 128
0.000000 -0.000000 -0.000000 0 128
0.000000 -0.000000 -0.000000 0 0
0.000000 -0.000000 -0.000000 0 0
0.000000 -0.000000 -0.000000 0 128
0.000000 -0.000000 -0.000000 0 128
0.000000 -0.000000 -0.000000 0 0
0.000000 -0.000000 -0.000000 0 0
0.000000 -0.000000 -0.000000 0 128
0.000000 -0.000000 -0.000000 0 128
0.000000 -0.000000 -0.000000 0 0
0.000000 -0.000000 -0.000000 0 0
0.000000 -0.000000 -0.000000 0 128
0.000000 -0.000000 -0.000000 0 128
0.000000 -0.000000 -0.000000 0 0
0.000000 -0.000000 -0.000000 0 0
0.000000 -0.000000 -0.000000 0 128
0.000000 -0.000000 -0.000000 0 128
0.000000 -0.000000 -0.000000 0 0
0.000000 -0.000000 -0.000000 0 0
0.000000 -0.000000 -0.000000 0 128
0.000000 -0.000000 -0.000000 0 128
0.000000 -0.000000 -0.000000 0 0
0.000000 -0.000000 -0.000000 0 128
0.000000 -0.000000 -0.000000 0 128
0.000000 -0.000000 -0.000000 0 128
0.000000 -0.000000 -0.000000 0 0
0.000000 -0.000000 -0.000000 0 128
0.000000 -0.000000 -0.000000 0 192
0.000000 -0.000000 -0.000000 0 128
0.000000 -0.000000 -0.000000 0 128
0.000000 -0.000000 -0.000000 0 128
0.000000 -0.000000 -0.000000 0 0
0.000000 -0.000000 -0.000000 0 128
0.000000 -0.000000 -0.000000 0 128
0.000000 -0.000000 -0.000000 0 128
0.000000 -0.000000 -0.000000 0 0
0.000000 -0.000000 -0.000000 0 128
0.000000 -0.000000 -0.000000 0 128
0.000000 -0.000000 -0.000000 0 128
0.717000 -1.138000 -0.458000 13 0
0.000000 -0.000000 -0.000000 0 128
0.000000 -0.000000 -0.000000 0 128
0.000000 -0.000000 -0.000000 0 0
0.675000 -1.127000 -0.448000 8 0
0.000000 -0.000000 -0.000000 0 128
0.000000 -0.000000 -0.000000 0 128
0.714000 -1.136000 -0.462000 11 0
0.594000 -1.046000 -0.411000 2 0
0.000000 -0.000000 -0.000000 0 128
0.737000 -1.111000 -0.461000 15 0
0.645000 -1.080000 -0.433000 4 0
0.576000 -1.072000 -0.416000 3 0
0.000000 -0.000000 -0.000000 0 128
0.715000 -1.134000 -0.462000 10 0
0.592000 -1.045000 -0.413000 2 0
0.555000 -1.090000 -0.419000 3 0
0.000000 -0.000000 -0.000000 0 0
0.647000 -1.081000 -0.433000 4 1
0.573000 -1.068000 -0.417000 2 0
0.550000 -1.145000 -0.436000 8 0
0.719000 -1.132000 -0.460000 12 0
0.592000 -1.043000 -0.411000 2 0
0.551000 -1.086000 -0.419000 3 0
0.535000 -1.183000 -0.446000 11 0
0.681000 -1.128000 -0.450000 8 0
0.578000 -1.075000 -0.417000 3 0
0.551000 -1.151000 -0.438000 8 1
0.540000 -1.271000 -0.475000 0 0
0.614000 -1.073000 -0.421000 3 0
0.559000 -1.098000 -0.421000 3 0
0.533000 -1.181000 -0.445000 8 0
0.484000 -1.215000 -0.451000 25 0
0.596000 -1.098000 -0.423000 4 0
0.555000 -1.158000 -0.437000 10 0
0.543000 -1.280000 -0.477000 0 0
0.466000 -1.252000 -0.461000 5 0
0.594000 -1.158000 -0.439000 7 0
0.533000 -1.179000 -0.439000 8 0
0.491000 -1.235000 -0.456000 22 0
0.465000 -1.342000 -0.491000 5 0
0.559000 -1.157000 -0.431000 12 0
0.558000 -1.314000 -0.483000 0 2
0.479000 -1.291000 -0.472000 4 0
0.433000 -1.347000 -0.490000 21 0
0.537000 -1.180000 -0.433000 12 0
0.515000 -1.294000 -0.470000 7 0
0.470000 -1.360000 -0.493000 4 0
0.404000 -1.364000 -0.493000 4 0
0.564000 -1.319000 -0.477000 0 2
0.492000 -1.325000 -0.476000 4 0
0.440000 -1.374000 -0.494000 4 0
0.371000 -1.367000 -0.492000 21 0
0.536000 -1.338000 -0.477000 3 0
0.479000 -1.388000 -0.494000 5 0
0.405000 -1.375000 -0.491000 21 0
0.337000 -1.359000 -0.487000 9 0
0.504000 -1.351000 -0.475000 3 0
0.444000 -1.390000 -0.489000 18 0
0.374000 -1.385000 -0.491000 4 0
0.308000 -1.377000 -0.491000 9 0
0.487000 -1.404000 -0.487000 20 0
0.420000 -1.428000 -0.497000 5 0
0.334000 -1.359000 -0.479000 8 0
0.279000 -1.396000 -0.496000 9 0
0.463000 -1.444000 -0.495000 3 0
0.373000 -1.386000 -0.479000 24 0
0.310000 -1.399000 -0.490000 7 0
0.250000 -1.417000 -0.502000 5 0
0.427000 -1.449000 -0.491000 20 0
0.351000 -1.437000 -0.492000 5 0
0.283000 -1.431000 -0.498000 4 0
0.216000 -1.408000 -0.498000 17 0
0.401000 -1.485000 -0.497000 4 0
0.311000 -1.415000 -0.481000 36 0
0.250000 -1.436000 -0.498000 21 0
0.000000 -0.000000 -0.000000 0 0
0.347000 -1.421000 -0.471000 50 0
0.281000 -1.435000 -0.484000 8 0
0.219000 -1.456000 -0.502000 3 0
0.000000 -0.000000 -0.000000 0 0
0.336000 -1.527000 -0.501000 3 0
0.252000 -1.466000 -0.491000 6 0
0.000000 -0.000000 -0.000000 0 0
0.000000 -0.000000 -0.000000 0 192
0.298000 -1.525000 -0.496000 20 0
0.225000 -1.519000 -0.506000 3 0
0.000000 -0.000000 -0.000000 0 0
0.000000 -0.000000 -0.000000 0 192
0.268000 -1.567000 -0.505000 3 0
0.186000 -1.489000 -0.493000 1 0
0.000000 -0.000000 -0.000000 0 192
0.000000 -0.000000 -0.000000 0 192
0.230000 -1.566000 -0.500000 14 0
0.000000 -0.000000 -0.000000 0 0
0.000000 -0.000000 -0.000000 0 192
0.000000 -0.000000 -0.000000 0 192
0.000000 -0.000000 -0.000000 0 0
0.000000 -0.000000 -0.000000 0 192
0.000000 -0.000000 -0.000000 0 192
0.000000 -0.000000 -0.000000 0 192
0.000000 -0.000000 -0.000000 0 0
0.000000 -0.000000 -0.000000 0 192
0.000000 -0.000000 -0.000000 0 192
-0.094000 -3.532000 -1.249000 1 64
0.000000 -0.000000 -0.000000 0 128
0.737000 -1.111000 -0.461000 15 0
0.645000 -1.080000 -0.433000 4 0
0.576000 -1.072000 -0.416000 3 0
0.000000 -0.000000 -0.000000 0 128
0.715000 -1.134000 -0.462000 10 0
0.592000 -1.045000 -0.413000 2 0
0.555000 -1.090000 -0.419000 3 0
0.000000 -0.000000 -0.000000 0 0
0.647000 -1.081000 -0.433000 4 1
0.573000 -1.068000 -0.417000 2 0
0.550000 -1.145000 -0.436000 8 0
0.719000 -1.132000 -0.460000 12 0
0.592000 -1.043000 -0.411000 2 0
0.551000 -1.086000 -0.419000 3 0
0.535000 -1.183000 -0.446000 11 0
0.681000 -1.128000 -0.450000 8 0
0.578000 -1.075000 -0.417000 3 0
0.551000 -1.151000 -0.438000 8 1
0.540000 -1.271000 -0.475000 0 0
0.614000 -1.073000 -0.421000 3 0
0.559000 -1.098000 -0.421000 3 0
0.533000 -1.181000 -0.445000 8 0
0.484000 -1.215000 -0.451000 25 0
0.596000 -1.098000 -0.423000 4 0
0.555000 -1.158000 -0.437000 10 0
0.543000 -1.280000 -0.477000 0 0
0.466000 -1.252000 -0.461000 5 0
0.594000 -1.158000 -0.439000 7 0
0.533000 -1.179000 -0.439000 8 0
0.491000 -1.235000 -0.456000 22 0
0.465000 -1.342000 -0.491000 5 0
0.559000 -1.157000 -0.431000 12 0
0.558000 -1.314000 -0.483000 0 2
0.479000 -1.291000 -0.472000 4 0
0.433000 -1.347000 -0.490000 21 0
0.537000 -1.180000 -0.433000 12 0
0.515000 -1.294000 -0.470000 7 0
0.470000 -1.360000 -0.493000 4 0
0.404000 -1.364000 -0.493000 4 0
0.564000 -1.319000 -0.477000 0 2
0.492000 -1.325000 -0.476000 4 0
0.440000 -1.374000 -0.494000 4 0
0.371000 -1.367000 -0.492000 21 0
0.536000 -1.338000 -0.477000 3 0
0.479000 -1.388000 -0.494000 5 0
0.405000 -1.375000 -0.491000 21 0
0.337000 -1.359000 -0.487000 9 0
0.504000 -1.351000 -0.475000 3 0
0.444000 -1.390000 -0.489000 18 0
0.374000 -1.385000 -0.491000 4 0
0.308000 -1.377000 -0.491000 9 0
0.487000 -1.404000 -0.487000 20 0
0.420000 -1.428000 -0.497000 5 0
0.334000 -1.359000 -0.479000 8 0
0.279000 -1.396000 -0.496000 9 0
0.463000 -1.444000 -0.495000 3 0
0.373000 -1.386000 -0.479000 24 0
0.310000 -1.399000 -0.490000 7 0
0.250000 -1.417000 -0.502000 5 0
0.427000 -1.449000 -0.491000 20 0
0.351000 -1.437000 -0.492000 5 0
0.283000 -1.431000 -0.498000 4 0
0.216000 -1.408000 -0.498000 17 0
0.401000 -1.485000 -0.497000 4 0
0.311000 -1.415000 -0.481000 36 0
0.250000 -1.436000 -0.498000 21 0
0.000000 -0.000000 -0.000000 0 0
0.347000 -1.421000 -0.471000 50 0
0.281000 -1.435000 -0.484000 8 0
0.219000 -1.456000 -0.502000 3 0
0.000000 -0.000000 -0.000000 0 0
0.336000 -1.527000 -0.501000 3 0
0.252000 -1.466000 -0.491000 6 0
0.000000 -0.000000 -0.000000 0 0
0.000000 -0.000000 -0.000000 0 192
0.298000 -1.525000 -0.496000 20 0
0.225000 -1.519000 -0.506000 3 0
0.000000 -0.000000 -0.000000 0 0
0.000000 -0.000000 -0.000000 0 192
0.268000 -1.567000 -0.505000 3 0
0.186000 -1.489000 -0.493000 1 0
0.000000 -0.000000 -0.000000 0 192
0.000000 -0.000000 -0.000000 0 192
0.230000 -1.566000 -0.500000 14 0
0.000000 -0.000000 -0.000000 0 0
0.000000 -0.000000 -0.000000 0 192
0.000000 -0.000000 -0.000000 0 192
0.000000 -0.000000 -0.000000 0 0
0.000000 -0.000000 -0.000000 0 192
0.000000 -0.000000 -0.000000 0 192
0.000000 -0.000000 -0.000000 0 192
0.000000 -0.000000 -0.000000 0 0
0.000000 -0.000000 -0.000000 0 192
0.000000 -0.000000 -0.000000 0 192
-0.094000 -3.532000 -1.249000 1 64
0.000000 -0.000000 -0.000000 0 192
0.000000 -0.000000 -0.000000 0 192
0.000000 -0.000000 -0.000000 0 192
-0.163000 -3.342000 -1.184000 23 0
0.000000 -0.000000 -0.000000 0 192
0.000000 -0.000000 -0.000000 0 192
-0.111000 -3.489000 -1.187000 26 0
-0.145000 -2.033000 -0.722000 0 0
0.000000 -0.000000 -0.000000 0 192
0.000000 -0.000000 -0.000000 0 192
-0.110000 -2.025000 -0.689000 1 4
-0.269000 -2.873000 -1.024000 44 0
0.000000 -0.000000 -0.000000 0 192
-0.079000 -2.093000 -0.677000 0 0
-0.156000 -2.016000 -0.687000 3 0
-0.312000 -2.688000 -0.961000 56 0
0.000000 -0.000000 -0.000000 0 192
-0.132000 -2.148000 -0.694000 3 0
-0.200000 -2.004000 -0.684000 3 0
-0.283000 -2.046000 -0.735000 0 0
-0.095000 -2.187000 -0.669000 13 0
-0.180000 -2.131000 -0.688000 2 0
-0.322000 -2.611000 -0.893000 19 0
-0.385000 -2.392000 -0.863000 42 0
-0.147000 -2.178000 -0.664000 40 0
-0.224000 -2.077000 -0.671000 2 0
-0.310000 -2.120000 -0.727000 3 0
-0.418000 -2.274000 -0.824000 56 0
-0.201000 -2.201000 -0.670000 6 0
-0.268000 -2.033000 -0.657000 2 0
-0.400000 -2.362000 -0.812000 41 0
-0.444000 -2.145000 -0.782000 46 0
-0.250000 -2.170000 -0.659000 3 0
-0.320000 -2.064000 -0.668000 2 0
-0.428000 -2.219000 -0.766000 48 0
-0.470000 -2.042000 -0.749000 50 0
-0.285000 -2.041000 -0.620000 2 0
-0.412000 -2.300000 -0.746000 44 0
-0.454000 -2.098000 -0.727000 49 0
-0.494000 -1.949000 -0.719000 51 0
-0.392000 -2.388000 -0.725000 38 0
-0.441000 -2.167000 -0.704000 43 0
-0.480000 -1.999000 -0.696000 49 0
-0.513000 -1.854000 -0.689000 54 0
-0.423000 -2.238000 -0.679000 39 0
-0.469000 -2.059000 -0.671000 47 0
-0.504000 -1.906000 -0.667000 49 0
-0.412000 -1.371000 -0.513000 5 0
-0.453000 -2.118000 -0.644000 50 0
-0.494000 -1.959000 -0.641000 45 0
-0.503000 -1.743000 -0.613000 111 0
-0.428000 -1.318000 -0.497000 0 0
-0.478000 -2.000000 -0.609000 53 0
-0.516000 -1.863000 -0.612000 50 0
-0.421000 -1.345000 -0.476000 5 0
-0.441000 -1.262000 -0.480000 6 0
-0.504000 -1.903000 -0.580000 47 0
-0.435000 -1.438000 -0.475000 15 0
-0.441000 -1.305000 -0.465000 1 0
-0.450000 -1.203000 -0.461000 0 0
-0.524000 -1.803000 -0.552000 64 0
-0.441000 -1.346000 -0.446000 1 0
-0.454000 -1.249000 -0.448000 1 0
-0.464000 -1.163000 -0.450000 9 0
-0.437000 -1.379000 -0.423000 6 0
-0.456000 -1.290000 -0.430000 7 0
-0.470000 -1.207000 -0.437000 1 0
-0.476000 -1.121000 -0.438000 1 0
-0.454000 -1.322000 -0.408000 0 0
-0.470000 -1.234000 -0.415000 1 0
-0.479000 -1.153000 -0.421000 1 0
-0.487000 -1.079000 -0.426000 1 0
-0.471000 -1.271000 -0.394000 9 0
-0.485000 -1.192000 -0.403000 1 0
-0.491000 -1.111000 -0.409000 1 0
-0.497000 -1.041000 -0.416000 1 0
-0.485000 -1.218000 -0.380000 0 0
-0.498000 -1.144000 -0.390000 1 0
-0.503000 -1.072000 -0.399000 1 0
-0.504000 -0.998000 -0.403000 1 0
0.000000 -0.000000 -0.000000 0 0
-0.507000 -1.096000 -0.377000 1 0
-0.511000 -1.029000 -0.387000 1 0
-0.508000 -0.953000 -0.389000 1 0
-0.506000 -1.113000 -0.352000 0 64
-0.516000 -1.050000 -0.364000 1 0
-0.516000 -0.981000 -0.373000 1 0
-0.674000 -1.201000 -0.497000 12 0
-0.514000 -1.061000 -0.338000 0 64
-0.527000 -1.011000 -0.355000 1 0
-0.640000 -1.153000 -0.443000 3 0
-0.686000 -1.163000 -0.487000 13 0
-0.516000 -1.004000 -0.323000 0 64
-0.526000 -0.956000 -0.339000 1 0
-0.685000 -1.171000 -0.456000 11 0
-0.693000 -1.119000 -0.475000 12 0
0.000000 -0.000000 -0.000000 0 192
0.000000 -0.000000 -0.000000 0 192
0.000000 -0.000000 -0.000000 0 192
-0.163000 -3.342000 -1.184000 23 0
0.000000 -0.000000 -0.000000 0 192
0.000000 -0.000000 -0.000000 0 192
-0.111000 -3.489000 -1.187000 26 0
-0.145000 -2.033000 -0.722000 0 0
0.000000 -0.000000 -0.000000 0 192
0.000000 -0.000000 -0.000000 0 192
-0.110000 -2.025000 -0.689000 1 4
-0.269000 -2.873000 -1.024000 44 0
0.000000 -0.000000 -0.000000 0 192
-0.079000 -2.093000 -0.677000 0 0
-0.156000 -2.016000 -0.687000 3 0
-0.312000 -2.688000 -0.961000 56 0
0.000000 -0.000000 -0.000000 0 192
-0.132000 -2.148000 -0.694000 3 0
-0.200000 -2.004000 -0.684000 3 0
-0.283000 -2.046000 -0.735000 0 0
-0.095000 -2.187000 -0.669000 13 0
-0.180000 -2.131000 -0.688000 2 0
-0.322000 -2.611000 -0.893000 19 0
-0.385000 -2.392000 -0.863000 42 0
-0.147000 -2.178000 -0.664000 40 0
-0.224000 -2.077000 -0.671000 2 0
-0.310000 -2.120000 -0.727000 3 0
-0.418000 -2.274000 -0.824000 56 0
-0.201000 -2.201000 -0.670000 6 0
-0.268000 -2.033000 -0.657000 2 0
-0.400000 -2.362000 -0.812000 41 0
-0.444000 -2.145000 -0.782000 46 0
-0.250000 -2.170000 -0.659000 3 0
-0.320000 -2.064000 -0.668000 2 0
-0.428000 -2.219000 -0.766000 48 0
-0.470000 -2.042000 -0.749000 50 0
-0.285000 -2.041000 -0.620000 2 0
-0.412000 -2.300000 -0.746000 44 0
-0.454000 -2.098000 -0.727000 49 0
-0.494000 -1.949000 -0.719000 51 0
-0.392000 -2.388000 -0.725000 38 0
-0.441000 -2.167000 -0.704000 43 0
-0.480000 -1.999000 -0.696000 49 0
-0.513000 -1.854000 -0.689000 54 0
-0.423000 -2.238000 -0.679000 39 0
-0.469000 -2.059000 -0.671000 47 0
-0.504000 -1.906000 -0.667000 49 0
-0.412000 -1.371000 -0.513000 5 0
-0.453000 -2.118000 -0.644000 50 0
-0.494000 -1.959000 -0.641000 45 0
-0.503000 -1.743000 -0.613000 111 0
-0.428000 -1.318000 -0.497000 0 0
-0.478000 -2.000000 -0.609000 53 0
-0.516000 -1.863000 -0.612000 50 0
-0.421000 -1.345000 -0.476000 5 0
-0.441000 -1.262000 -0.480000 6 0
-0.504000 -1.903000 -0.580000 47 0
-0.435000 -1.438000 -0.475000 15 0
-0.441000 -1.305000 -0.465000 1 0
-0.450000 -1.203000 -0.461000 0 0
-0.524000 -1.803000 -0.552000 64 0
-0.441000 -1.346000 -0.446000 1 0
-0.454000 -1.249000 -0.448000 1 0
-0.464000 -1.163000 -0.450000 9 0
-0.437000 -1.379000 -0.423000 6 0
-0.456000 -1.290000 -0.430000 7 0
-0.470000 -1.207000 -0.437000 1 0
-0.476000 -1.121000 -0.438000 1 0
-0.454000 -1.322000 -0.408000 0 0
-0.470000 -1.234000 -0.415000 1 0
-0.479000 -1.153000 -0.421000 1 0
-0.487000 -1.079000 -0.426000 1 0
-0.471000 -1.271000 -0.394000 9 0
-0.485000 -1.192000 -0.403000 1 0
-0.491000 -1.111000 -0.409000 1 0
-0.497000 -1.041000 -0.416000 1 0
-0.485000 -1.218000 -0.380000 0 0
-0.498000 -1.144000 -0.390000 1 0
-0.503000 -1.072000 -0.399000 1 0
-0.504000 -0.998000 -0.403000 1 0
0.000000 -0.000000 -0.000000 0 0
-0.507000 -1.096000 -0.377000 1 0
-0.511000 -1.029000 -0.387000 1 0
-0.508000 -0.953000 -0.389000 1 0
-0.506000 -1.113000 -0.352000 0 64
-0.516000 -1.050000 -0.364000 1 0
-0.516000 -0.981000 -0.373000 1 0
-0.674000 -1.201000 -0.497000 12 0
-0.514000 -1.061000 -0.338000 0 64
-0.527000 -1.011000 -0.355000 1 0
-0.640000 -1.153000 -0.443000 3 0
-0.686000 -1.163000 -0.487000 13 0
-0.516000 -1.004000 -0.323000 0 64
-0.526000 -0.956000 -0.339000 1 0
-0.685000 -1.171000 -0.456000 11 0
-0.693000 -1.119000 -0.475000 12 0
-0.519000 -0.951000 -0.308000 1 64
-0.686000 -1.180000 -0.423000 11 0
-0.696000 -1.131000 -0.445000 12 0
-0.707000 -1.087000 -0.469000 12 0
-0.685000 -1.187000 -0.389000 13 64
-0.696000 -1.135000 -0.412000 11 0
-0.705000 -1.091000 -0.436000 12 0
-0.718000 -1.053000 -0.460000 12 0
-0.698000 -1.144000 -0.379000 13 64
-0.709000 -1.098000 -0.404000 11 0
-0.719000 -1.058000 -0.429000 12 0
-0.729000 -1.022000 -0.454000 12 0
-0.709000 -1.102000 -0.370000 12 64
-0.721000 -1.062000 -0.396000 11 0
-0.731000 -1.026000 -0.422000 11 0
-0.736000 -0.986000 -0.445000 12 0
-0.721000 -1.064000 -0.362000 12 64
-0.729000 -1.021000 -0.386000 14 0
-0.737000 -0.986000 -0.412000 14 0
-0.744000 -0.952000 -0.437000 15 64
-0.734000 -1.028000 -0.355000 12 64
-0.738000 -0.984000 -0.378000 14 0
-0.747000 -0.955000 -0.405000 14 0
-0.755000 -0.924000 -0.431000 14 0
-0.739000 -0.983000 -0.344000 15 0
-0.748000 -0.950000 -0.371000 14 0
-0.753000 -0.919000 -0.397000 14 0
-0.759000 -0.888000 -0.422000 14 64
-0.747000 -0.945000 -0.336000 15 0
-0.756000 -0.915000 -0.363000 13 0
-0.760000 -0.886000 -0.389000 13 0
-0.763000 -0.855000 -0.414000 14 64
-0.750000 -0.903000 -0.327000 15 0
-0.758000 -0.876000 -0.354000 13 0
-0.765000 -0.852000 -0.382000 13 0
-0.767000 -0.823000 -0.407000 14 0
-0.761000 -0.872000 -0.322000 15 0
-0.763000 -0.841000 -0.347000 13 0
-0.772000 -0.822000 -0.376000 13 0
-0.769000 -0.791000 -0.399000 14 0
-0.767000 -0.837000 -0.315000 20 0
-0.775000 -0.815000 -0.343000 13 0
-0.777000 -0.791000 -0.369000 13 0
-0.780000 -0.768000 -0.395000 14 0
-0.775000 -0.806000 -0.309000 21 0
-0.781000 -0.784000 -0.336000 13 0
-0.788000 -0.766000 -0.366000 13 0
-0.786000 -0.741000 -0.390000 14 0
-0.785000 -0.778000 -0.305000 21 0
-0.789000 -0.756000 -0.332000 13 0
-0.790000 -0.734000 -0.358000 13 0
-0.791000 -0.714000 -0.385000 14 0
-0.794000 -0.749000 -0.300000 21 0
-0.792000 -0.724000 -0.325000 13 0
-0.799000 -0.710000 -0.355000 13 0
-0.802000 -0.693000 -0.382000 19 0
-0.801000 -0.720000 -0.296000 22 0
-0.803000 -0.700000 -0.323000 13 0
-0.802000 -0.682000 -0.349000 13 0
-0.806000 -0.667000 -0.377000 19 0
-0.812000 -0.696000 -0.293000 22 0
-0.812000 -0.675000 -0.319000 13 0
-0.813000 -0.660000 -0.347000 13 0
-0.815000 -0.645000 -0.374000 20 0
-0.816000 -0.666000 -0.288000 21 0
-0.817000 -0.648000 -0.315000 12 0
-0.819000 -0.635000 -0.343000 13 0
-0.823000 -0.623000 -0.372000 20 0
0.000000 -0.000000 -0.000000 0 0
-0.814000 -0.615000 -0.308000 8 0
-0.822000 -0.608000 -0.338000 13 0
-0.826000 -0.598000 -0.367000 20 0
0.000000 -0.000000 -0.000000 0 0
-0.800000 -0.576000 -0.297000 5 0
-0.815000 -0.575000 -0.329000 12 0
-0.835000 -0.577000 -0.365000 20 0
0.000000 -0.000000 -0.000000 0 0
-0.654000 -0.448000 -0.238000 2 0
-0.823000 -0.553000 -0.327000 12 0
-0.847000 -0.559000 -0.364000 21 0
0.000000 -0.000000 -0.000000 0 0
-0.630000 -0.410000 -0.226000 2 0
-0.831000 -0.532000 -0.325000 12 0
-0.844000 -0.531000 -0.358000 20 0
0.000000 -0.000000 -0.000000 0 0
-0.618000 -0.382000 -0.218000 1 0
-0.840000 -0.511000 -0.323000 12 0
-0.856000 -0.513000 -0.358000 22 0
0.000000 -0.000000 -0.000000 0 0
-0.608000 -0.357000 -0.211000 1 0
-0.844000 -0.488000 -0.320000 13 0
-0.858000 -0.490000 -0.354000 21 0
-0.792000 -0.447000 -0.246000 2 0
-0.710000 -0.394000 -0.243000 2 0
-0.852000 -0.468000 -0.319000 13 0
-0.867000 -0.470000 -0.353000 22 0
-0.519000 -0.951000 -0.308000 1 64
-0.686000 -1.180000 -0.423000 11 0
-0.696000 -1.131000 -0.445000 12 0
-0.707000 -1.087000 -0.469000 12 0
-0.685000 -1.187000 -0.389000 13 64
-0.696000 -1.135000 -0.412000 11 0
-0.705000 -1.091000 -0.436000 12 0
-0.718000 -1.053000 -0.460000 12 0
-0.698000 -1.144000 -0.379000 13 64
-0.709000 -1.098000 -0.404000 11 0
-0.719000 -1.058000 -0.429000 12 0
-0.729000 -1.022000 -0.454000 12 0
-0.709000 -1.102000 -0.370000 12 64
-0.721000 -1.062000 -0.396000 11 0
-0.731000 -1.026000 -0.422000 11 0
-0.736000 -0.986000 -0.445000 12 0
-0.721000 -1.064000 -0.362000 12 64
-0.729000 -1.021000 -0.386000 14 0
-0.737000 -0.986000 -0.412000 14 0
-0.744000 -0.952000 -0.437000 15 64
-0.734000 -1.028000 -0.355000 12 64
-0.738000 -0.984000 -0.378000 14 0
-0.747000 -0.955000 -0.405000 14 0
-0.755000 -0.924000 -0.431000 14 0
-0.739000 -0.983000 -0.344000 15 0
-0.748000 -0.950000 -0.371000 14 0
-0.753000 -0.919000 -0.397000 14 0
-0.759000 -0.888000 -0.422000 14 64
-0.747000 -0.945000 -0.336000 15 0
-0.756000 -0.915000 -0.363000 13 0
-0.760000 -0.886000 -0.389000 13 0
-0.763000 -0.855000 -0.414000 14 64
-0.750000 -0.903000 -0.327000 15 0
-0.758000 -0.876000 -0.354000 13 0
-0.765000 -0.852000 -0.382000 13 0
-0.767000 -0.823000 -0.407000 14 0
-0.761000 -0.872000 -0.322000 15 0
-0.763000 -0.841000 -0.347000 13 0
-0.772000 -0.822000 -0.376000 13 0
-0.769000 -0.791000 -0.399000 14 0
-0.767000 -0.837000 -0.315000 20 0
-0.775000 -0.815000 -0.343000 13 0
-0.777000 -0.791000 -0.369000 13 0
-0.780000 -0.768000 -0.395000 14 0
-0.775000 -0.806000 -0.309000 21 0
-0.781000 -0.784000 -0.336000 13 0
-0.788000 -0.766000 -0.366000 13 0
-0.786000 -0.741000 -0.390000 14 0
-0.785000 -0.778000 -0.305000 21 0
-0.789000 -0.756000 -0.332000 13 0
-0.790000 -0.734000 -0.358000 13 0
-0.791000 -0.714000 -0.385000 14 0
-0.794000 -0.749000 -0.300000 21 0
-0.792000 -0.724000 -0.325000 13 0
-0.799000 -0.710000 -0.355000 13 0
-0.802000 -0.693000 -0.382000 19 0
-0.801000 -0.720000 -0.296000 22 0
-0.803000 -0.700000 -0.323000 13 0
-0.802000 -0.682000 -0.349000 13 0
-0.806000 -0.667000 -0.377000 19 0
-0.812000 -0.696000 -0.293000 22 0
-0.812000 -0.675000 -0.319000 13 0
-0.813000 -0.660000 -0.347000 13 0
-0.815000 -0.645000 -0.374000 20 0
-0.816000 -0.666000 -0.288000 21 0
-0.817000 -0.648000 -0.315000 12 0
-0.819000 -0.635000 -0.343000 13 0
-0.823000 -0.623000 -0.372000 20 0
0.000000 -0.000000 -0.000000 0 0
-0.814000 -0.615000 -0.308000 8 0
-0.822000 -0.608000 -0.338000 13 0
-0.826000 -0.598000 -0.367000 20 0
0.000000 -0.000000 -0.000000 0 0
-0.800000 -0.576000 -0.297000 5 0
-0.815000 -0.575000 -0.329000 12 0
-0.835000 -0.577000 -0.365000 20 0
0.000000 -0.000000 -0.000000 0 0
-0.654000 -0.448000 -0.238000 2 0
-0.823000 -0.553000 -0.327000 12 0
-0.847000 -0.559000 -0.364000 21 0
0.000000 -0.000000 -0.000000 0 0
-0.630000 -0.410000 -0.226000 2 0
-0.831000 -0.532000 -0.325000 12 0
-0.844000 -0.531000 -0.358000 20 0
0.000000 -0.000000 -0.000000 0 0
-0.618000 -0.382000 -0.218000 1 0
-0.840000 -0.511000 -0.323000 12 0
-0.856000 -0.513000 -0.358000 22 0
0.000000 -0.000000 -0.000000 0 0
-0.608000 -0.357000 -0.211000 1 0
-0.844000 -0.488000 -0.320000 13 0
-0.858000 -0.490000 -0.354000 21 0
-0.792000 -0.447000 -0.246000 2 0
-0.710000 -0.394000 -0.243000 2 0
-0.852000 -0.468000 -0.319000 13 0
-0.867000 -0.470000 -0.353000 22 0
-0.534000 -0.285000 -0.163000 8 16
-0.822000 -0.432000 -0.277000 7 0
-0.858000 -0.446000 -0.317000 13 0
-0.875000 -0.451000 -0.352000 22 0
-0.869000 -0.437000 -0.262000 21 0
-0.876000 -0.434000 -0.292000 13 0
-0.865000 -0.426000 -0.315000 13 0
-0.877000 -0.428000 -0.348000 22 0
-0.877000 -0.414000 -0.261000 20 0
-0.886000 -0.414000 -0.291000 13 0
-0.872000 -0.405000 -0.314000 13 0
-0.879000 -0.406000 -0.345000 22 0
-0.882000 -0.391000 -0.259000 20 0
-0.888000 -0.390000 -0.289000 13 0
-0.877000 -0.384000 -0.313000 13 0
-0.886000 -0.386000 -0.344000 21 0
-0.881000 -0.365000 -0.256000 19 0
-0.609000 -0.251000 -0.196000 6 2
-0.873000 -0.359000 -0.307000 4 0
-0.864000 -0.354000 -0.332000 6 0
0.000000 -0.000000 -0.000000 0 0
0.000000 -0.000000 -0.000000 0 0
0.000000 -0.000000 -0.000000 0 0
0.000000 -0.000000 -0.000000 0 0
0.000000 -0.000000 -0.000000 0 0
0.000000 -0.000000 -0.000000 0 0
0.000000 -0.000000 -0.000000 0 0
0.000000 -0.000000 -0.000000 0 0
0.000000 -0.000000 -0.000000 0 0
0.000000 -0.000000 -0.000000 0 0
0.000000 -0.000000 -0.000000 0 0
0.000000 -0.000000 -0.000000 0 0
-0.896000 -0.274000 -0.251000 13 64
-0.631000 -0.193000 -0.195000 6 0
-0.891000 -0.276000 -0.302000 6 0
0.000000 -0.000000 -0.000000 0 0
-0.913000 -0.255000 -0.254000 20 0
-0.912000 -0.256000 -0.280000 12 0
-0.907000 -0.259000 -0.305000 15 0
-0.904000 -0.261000 -0.331000 20 0
-0.918000 -0.232000 -0.253000 20 0
-0.915000 -0.234000 -0.279000 12 0
-0.910000 -0.237000 -0.304000 13 0
-0.909000 -0.242000 -0.331000 20 0
-0.923000 -0.210000 -0.253000 20 0
-0.921000 -0.213000 -0.279000 12 0
-0.916000 -0.217000 -0.304000 15 0
-0.913000 -0.222000 -0.329000 20 0
-0.927000 -0.188000 -0.253000 20 0
-0.926000 -0.191000 -0.278000 12 0
-0.921000 -0.197000 -0.303000 13 0
-0.917000 -0.202000 -0.329000 20 0
-0.934000 -0.165000 -0.253000 20 0
-0.930000 -0.170000 -0.278000 12 0
-0.925000 -0.176000 -0.303000 13 0
-0.926000 -0.183000 -0.329000 20 0
-0.937000 -0.143000 -0.253000 20 0
-0.935000 -0.148000 -0.278000 12 0
-0.931000 -0.155000 -0.303000 15 0
-0.926000 -0.162000 -0.327000 20 0
-0.943000 -0.121000 -0.254000 20 0
-0.940000 -0.127000 -0.278000 12 0
-0.934000 -0.135000 -0.302000 15 0
-0.942000 -0.144000 -0.331000 21 0
-0.954000 -0.099000 -0.256000 20 0
-0.944000 -0.105000 -0.278000 12 0
-0.937000 -0.114000 -0.302000 13 0
-0.946000 -0.124000 -0.330000 21 0
-0.957000 -0.076000 -0.256000 20 0
-0.946000 -0.083000 -0.278000 12 0
-0.949000 -0.093000 -0.304000 15 0
-0.947000 -0.103000 -0.329000 21 0
-0.960000 -0.053000 -0.256000 21 0
-0.959000 -0.061000 -0.281000 14 0
-0.951000 -0.072000 -0.304000 15 0
-0.958000 -0.084000 -0.331000 21 0
-0.967000 -0.030000 -0.258000 21 0
-0.965000 -0.039000 -0.283000 13 0
-0.959000 -0.051000 -0.305000 15 0
-0.960000 -0.063000 -0.331000 21 0
-0.968000 -0.006000 -0.258000 21 0
-0.975000 -0.017000 -0.285000 14 0
-0.961000 -0.029000 -0.305000 15 0
-0.966000 -0.042000 -0.332000 21 0
-0.972000 0.016000 -0.259000 17 64
-0.979000 0.005000 -0.286000 13 0
-0.964000 -0.008000 -0.305000 16 0
-0.973000 -0.022000 -0.333000 21 0
-0.976000 0.039000 -0.261000 17 64
-0.982000 0.027000 -0.287000 14 0
-0.970000 0.013000 -0.307000 15 0
-0.981000 -0.001000 -0.334000 22 0
-0.985000 0.063000 -0.263000 16 64
-0.993000 0.051000 -0.290000 14 0
-0.970000 0.035000 -0.306000 16 0
-0.984000 0.020000 -0.334000 22 0
-0.534000 -0.285000 -0.163000 8 16
-0.822000 -0.432000 -0.277000 7 0
-0.858000 -0.446000 -0.317000 13 0
-0.875000 -0.451000 -0.352000 22 0
-0.869000 -0.437000 -0.262000 21 0
-0.876000 -0.434000 -0.292000 13 0
-0.865000 -0.426000 -0.315000 13 0
-0.877000 -0.428000 -0.348000 22 0
-0.877000 -0.414000 -0.261000 20 0
-0.886000 -0.414000 -0.291000 13 0
-0.872000 -0.405000 -0.314000 13 0
-0.879000 -0.406000 -0.345000 22 0
-0.882000 -0.391000 -0.259000 20 0
-0.888000 -0.390000 -0.289000 13 0
-0.877000 -0.384000 -0.313000 13 0
-0.886000 -0.386000 -0.344000 21 0
-0.881000 -0.365000 -0.256000 19 0
-0.609000 -0.251000 -0.196000 6 2
-0.873000 -0.359000 -0.307000 4 0
-0.864000 -0.354000 -0.332000 6 0
0.000000 -0.000000 -0.000000 0 0
0.000000 -0.000000 -0.000000 0 0
0.000000 -0.000000 -0.000000 0 0
0.000000 -0.000000 -0.000000 0 0
0.000000 -0.000000 -0.000000 0 0
0.000000 -0.000000 -0.000000 0 0
0.000000 -0.000000 -0.000000 0 0
0.000000 -0.000000 -0.000000 0 0
0.000000 -0.000000 -0.000000 0 0
0.000000 -0.000000 -0.000000 0 0
0.000000 -0.000000 -0.000000 0 0
0.000000 -0.000000 -0.000000 0 0
-0.896000 -0.274000 -0.251000 13 64
-0.631000 -0.193000 -0.195000 6 0
-0.891000 -0.276000 -0.302000 6 0
0.000000 -0.000000 -0.000000 0 0
-0.913000 -0.255000 -0.254000 20 0
-0.912000 -0.256000 -0.280000 12 0
-0.907000 -0.259000 -0.305000 15 0
-0.904000 -0.261000 -0.331000 20 0
-0.918000 -0.232000 -0.253000 20 0
-0.915000 -0.234000 -0.279000 12 0
-0.910000 -0.237000 -0.304000 13 0
-0.909000 -0.242000 -0.331000 20 0
-0.923000 -0.210000 -0.253000 20 0
-0.921000 -0.213000 -0.279000 12 0
-0.916000 -0.217000 -0.304000 15 0
-0.913000 -0.222000 -0.329000 20 0
-0.927000 -0.188000 -0.253000 20 0
-0.926000 -0.191000 -0.278000 12 0
-0.921000 -0.197000 -0.303000 13 0
-0.917000 -0.202000 -0.329000 20 0
-0.934000 -0.165000 -0.253000 20 0
-0.930000 -0.170000 -0.278000 12 0
-0.925000 -0.176000 -0.303000 13 0
-0.926000 -0.183000 -0.329000 20 0
-0.937000 -0.143000 -0.253000 20 0
-0.935000 -0.148000 -0.278000 12 0
-0.931000 -0.155000 -0.303000 15 0
-0.926000 -0.162000 -0.327000 20 0
-0.943000 -0.121000 -0.254000 20 0
-0.940000 -0.127000 -0.278000 12 0
-0.934000 -0.135000 -0.302000 15 0
-0.942000 -0.144000 -0.331000 21 0
-0.954000 -0.099000 -0.256000 20 0
-0.944000 -0.105000 -0.278000 12 0
-0.937000 -0.114000 -0.302000 13 0
-0.946000 -0.124000 -0.330000 21 0
-0.957000 -0.076000 -0.256000 20 0
-0.946000 -0.083000 -0.278000 12 0
-0.949000 -0.093000 -0.304000 15 0
-0.947000 -0.103000 -0.329000 21 0
-0.960000 -0.053000 -0.256000 21 0
-0.959000 -0.061000 -0.281000 14 0
-0.951000 -0.072000 -0.304000 15 0
-0.958000 -0.084000 -0.331000 21 0
-0.967000 -0.030000 -0.258000 21 0
-0.965000 -0.039000 -0.283000 13 0
-0.959000 -0.051000 -0.305000 15 0
-0.960000 -0.063000 -0.331000 21 0
-0.968000 -0.006000 -0.258000 21 0
-0.975000 -0.017000 -0.285000 14 0
-0.961000 -0.029000 -0.305000 15 0
-0.966000 -0.042000 -0.332000 21 0
-0.972000 0.016000 -0.259000 17 64
-0.979000 0.005000 -0.286000 13 0
-0.964000 -0.008000 -0.305000 16 0
-0.973000 -0.022000 -0.333000 21 0
-0.976000 0.039000 -0.261000 17 64
-0.982000 0.027000 -0.287000 14 0
-0.970000 0.013000 -0.307000 15 0
-0.981000 -0.001000 -0.334000 22 0
-0.985000 0.063000 -0.263000 16 64
-0.993000 0.051000 -0.290000 14 0
-0.970000 0.035000 -0.306000 16 0
-0.984000 0.020000 -0.334000 22 0
-1.001000 0.088000 -0.268000 19 64
-1.001000 0.075000 -0.292000 14 0
-0.976000 0.057000 -0.308000 16 0
-0.994000 0.042000 -0.337000 18 64
-1.006000 0.113000 -0.270000 18 64
-1.002000 0.098000 -0.293000 14 0
-0.978000 0.079000 -0.308000 16 0
-0.998000 0.063000 -0.338000 18 64
-1.015000 0.139000 -0.274000 19 64
-1.003000 0.122000 -0.294000 14 0
-1.004000 0.104000 -0.316000 17 0
-0.998000 0.085000 -0.337000 18 64
-1.015000 0.164000 -0.275000 19 64
-1.011000 0.146000 -0.297000 14 0
-1.005000 0.127000 -0.317000 17 0
-1.004000 0.108000 -0.339000 18 64
-1.012000 0.188000 -0.275000 7 64
-1.014000 0.171000 -0.298000 14 0
-1.013000 0.151000 -0.320000 18 0
-1.005000 0.130000 -0.339000 18 64
-0.995000 0.210000 -0.272000 1 64
-1.007000 0.194000 -0.297000 2 0
-1.014000 0.175000 -0.320000 18 0
-1.014000 0.154000 -0.342000 18 64
-1.021000 0.241000 -0.281000 1 64
-1.010000 0.219000 -0.300000 2 0
-0.997000 0.195000 -0.316000 2 0
-1.017000 0.177000 -0.343000 24 0
-1.104000 0.288000 -0.306000 1 64
-1.054000 0.254000 -0.314000 3 0
-1.007000 0.221000 -0.320000 2 0
-0.996000 0.196000 -0.336000 2 64
-1.113000 0.319000 -0.311000 2 64
-1.111000 0.295000 -0.332000 2 0
-1.075000 0.261000 -0.342000 2 0
-1.010000 0.222000 -0.341000 2 0
-1.121000 0.351000 -0.315000 2 0
-1.115000 0.324000 -0.336000 2 0
-1.112000 0.297000 -0.355000 2 0
-1.050000 0.255000 -0.355000 1 0
-1.125000 0.382000 -0.319000 2 0
-1.121000 0.354000 -0.339000 2 0
-1.110000 0.323000 -0.356000 2 0
-1.108000 0.295000 -0.375000 2 0
-1.130000 0.414000 -0.324000 2 0
-1.130000 0.386000 -0.345000 2 0
-1.123000 0.355000 -0.362000 1 0
-1.113000 0.322000 -0.378000 2 0
-1.142000 0.449000 -0.331000 2 0
-1.134000 0.417000 -0.348000 2 0
-1.125000 0.383000 -0.364000 2 0
-1.121000 0.351000 -0.382000 1 0
-1.143000 0.481000 -0.334000 2 0
-1.137000 0.448000 -0.352000 2 0
-1.127000 0.413000 -0.367000 2 0
-1.119000 0.378000 -0.382000 2 0
-1.153000 0.518000 -0.341000 2 0
-1.147000 0.483000 -0.358000 2 0
-1.137000 0.445000 -0.372000 2 0
-1.126000 0.408000 -0.386000 2 0
-1.161000 0.554000 -0.347000 2 0
-1.150000 0.516000 -0.363000 2 0
-1.143000 0.478000 -0.377000 2 0
-1.132000 0.439000 -0.390000 2 0
-1.168000 0.592000 -0.354000 2 0
-1.160000 0.553000 -0.369000 2 0
-1.152000 0.512000 -0.382000 2 0
-1.142000 0.472000 -0.395000 2 0
-1.175000 0.631000 -0.361000 2 0
-1.172000 0.592000 -0.377000 2 0
-1.160000 0.548000 -0.388000 1 0
-1.148000 0.504000 -0.399000 2 0
-1.192000 0.677000 -0.372000 1 0
-1.177000 0.630000 -0.383000 1 0
-1.176000 0.588000 -0.397000 2 0
-1.155000 0.538000 -0.404000 2 0
-1.196000 0.717000 -0.379000 1 0
-1.188000 0.671000 -0.391000 1 0
-1.174000 0.621000 -0.400000 1 0
-1.170000 0.576000 -0.411000 2 0
-1.200000 0.758000 -0.386000 9 0
-1.198000 0.714000 -0.400000 1 0
-1.189000 0.663000 -0.408000 1 0
-1.171000 0.610000 -0.415000 1 0
-1.225000 0.815000 -0.400000 1 0
-1.199000 0.752000 -0.405000 9 0
-1.190000 0.700000 -0.413000 1 0
-1.181000 0.648000 -0.421000 1 0
-1.219000 0.853000 -0.405000 8 0
-1.220000 0.805000 -0.418000 2 0
-1.204000 0.745000 -0.422000 1 0
-1.190000 0.688000 -0.427000 8 0
-1.247000 0.917000 -0.422000 1 0
-1.221000 0.847000 -0.425000 8 0
-1.200000 0.781000 -0.426000 8 0
-1.206000 0.734000 -0.437000 1 0
-1.001000 0.088000 -0.268000 19 64
-1.001000 0.075000 -0.292000 14 0
-0.976000 0.057000 -0.308000 16 0
-0.994000 0.042000 -0.337000 18 64
-1.006000 0.113000 -0.270000 18 64
-1.002000 0.098000 -0.293000 14 0
-0.978000 0.079000 -0.308000 16 0
-0.998000 0.063000 -0.338000 18 64
-1.015000 0.139000 -0.274000 19 64
-1.003000 0.122000 -0.294000 14 0
-1.004000 0.104000 -0.316000 17 0
-0.998000 0.085000 -0.337000 18 64
-1.015000 0.164000 -0.275000 19 64
-1.011000 0.146000 -0.297000 14 0
-1.005000 0.127000 -0.317000 17 0
-1.004000 0.108000 -0.339000 18 64
-1.012000 0.188000 -0.275000 7 64
-1.014000 0.171000 -0.298000 14 0
-1.013000 0.151000 -0.320000 18 0
-1.005000 0.130000 -0.339000 18 64
-0.995000 0.210000 -0.272000 1 64
-1.007000 0.194000 -0.297000 2 0
-1.014000 0.175000 -0.320000 18 0
-1.014000 0.154000 -0.342000 18 64
-1.021000 0.241000 -0.281000 1 64
-1.010000 0.219000 -0.300000 2 0
-0.997000 0.195000 -0.316000 2 0
-1.017000 0.177000 -0.343000 24 0
-1.104000 0.288000 -0.306000 1 64
-1.054000 0.254000 -0.314000 3 0
-1.007000 0.221000 -0.320000 2 0
-0.996000 0.196000 -0.336000 2 64
-1.113000 0.319000 -0.311000 2 64
-1.111000 0.295000 -0.332000 2 0
-1.075000 0.261000 -0.342000 2 0
-1.010000 0.222000 -0.341000 2 0
-1.121000 0.351000 -0.315000 2 0
-1.115000 0.324000 -0.336000 2 0
-1.112000 0.297000 -0.355000 2 0
-1.050000 0.255000 -0.355000 1 0
-1.125000 0.382000 -0.319000 2 0
-1.121000 0.354000 -0.339000 2 0
-1.110000 0.323000 -0.356000 2 0
-1.108000 0.295000 -0.375000 2 0
-1.130000 0.414000 -0.324000 2 0
-1.130000 0.386000 -0.345000 2 0
-1.123000 0.355000 -0.362000 1 0
-1.113000 0.322000 -0.378000 2 0
-1.142000 0.449000 -0.331000 2 0
-1.134000 0.417000 -0.348000 2 0
-1.125000 0.383000 -0.364000 2 0
-1.121000 0.351000 -0.382000 1 0
-1.143000 0.481000 -0.334000 2 0
-1.137000 0.448000 -0.352000 2 0
-1.127000 0.413000 -0.367000 2 0
-1.119000 0.378000 -0.382000 2 0
-1.153000 0.518000 -0.341000 2 0
-1.147000 0.483000 -0.358000 2 0
-1.137000 0.445000 -0.372000 2 0
-1.126000 0.408000 -0.386000 2 0
-1.161000 0.554000 -0.347000 2 0
-1.150000 0.516000 -0.363000 2 0
-1.143000 0.478000 -0.377000 2 0
-1.132000 0.439000 -0.390000 2 0
-1.168000 0.592000 -0.354000 2 0
-1.160000 0.553000 -0.369000 2 0
-1.152000 0.512000 -0.382000 2 0
-1.142000 0.472000 -0.395000 2 0
-1.175000 0.631000 -0.361000 2 0
-1.172000 0.592000 -0.377000 2 0
-1.160000 0.548000 -0.388000 1 0
-1.148000 0.504000 -0.399000 2 0
-1.192000 0.677000 -0.372000 1 0
-1.177000 0.630000 -0.383000 1 0
-1.176000 0.588000 -0.397000 2 0
-1.155000 0.538000 -0.404000 2 0
-1.196000 0.717000 -0.379000 1 0
-1.188000 0.671000 -0.391000 1 0
-1.174000 0.621000 -0.400000 1 0
-1.170000 0.576000 -0.411000 2 0
-1.200000 0.758000 -0.386000 9 0
-1.198000 0.714000 -0.400000 1 0
-1.189000 0.663000 -0.408000 1 0
-1.171000 0.610000 -0.415000 1 0
-1.225000 0.815000 -0.400000 1 0
-1.199000 0.752000 -0.405000 9 0
-1.190000 0.700000 -0.413000 1 0
-1.181000 0.648000 -0.421000 1 0
-1.219000 0.853000 -0.405000 8 0
-1.220000 0.805000 -0.418000 2 0
-1.204000 0.745000 -0.422000 1 0
-1.190000 0.688000 -0.427000 8 0
-1.247000 0.917000 -0.422000 1 0
-1.221000 0.847000 -0.425000 8 0
-1.200000 0.781000 -0.426000 8 0
-1.206000 0.734000 -0.437000 1 0
-1.242000 0.959000 -0.429000 8 0
-1.239000 0.902000 -0.438000 1 0
-1.224000 0.836000 -0.440000 1 0
-1.206000 0.771000 -0.441000 8 0
-1.217000 0.986000 -0.428000 11 0
-1.239000 0.947000 -0.445000 8 0
-1.224000 0.878000 -0.446000 9 0
-1.221000 0.819000 -0.451000 1 0
-1.177000 1.001000 -0.423000 9 0
-1.224000 0.981000 -0.447000 11 0
-1.247000 0.938000 -0.460000 1 0
-1.224000 0.861000 -0.457000 8 0
-1.222000 1.089000 -0.449000 7 0
-1.185000 0.995000 -0.441000 9 0
-1.237000 0.975000 -0.463000 9 0
-1.243000 0.917000 -0.469000 1 64
-1.220000 1.139000 -0.458000 63 0
-1.210000 1.064000 -0.459000 2 0
-1.194000 0.986000 -0.454000 13 0
-1.245000 0.962000 -0.475000 8 0
-1.236000 1.209000 -0.476000 55 0
-1.215000 1.119000 -0.470000 58 0
-1.184000 1.023000 -0.457000 0 0
-1.214000 0.982000 -0.469000 10 0
-1.255000 1.286000 -0.495000 49 0
-1.232000 1.189000 -0.487000 55 0
-1.209000 1.094000 -0.475000 62 0
-1.179000 0.998000 -0.462000 9 0
-1.271000 1.365000 -0.514000 52 0
-1.248000 1.261000 -0.504000 55 0
-1.226000 1.161000 -0.491000 57 0
-1.211000 1.072000 -0.481000 30 0
-1.291000 1.453000 -0.537000 52 0
-1.268000 1.342000 -0.524000 52 0
-1.242000 1.231000 -0.507000 55 0
-1.216000 1.127000 -0.491000 62 0
-1.315000 1.550000 -0.562000 50 0
-1.285000 1.423000 -0.543000 51 0
-1.261000 1.308000 -0.525000 52 0
-1.241000 1.203000 -0.509000 53 0
-1.327000 1.640000 -0.584000 11 0
-1.309000 1.518000 -0.568000 53 0
-1.278000 1.388000 -0.543000 47 0
-1.258000 1.275000 -0.525000 54 0
-1.864000 2.415000 -0.847000 82 0
-1.331000 1.617000 -0.593000 14 0
-1.297000 1.474000 -0.563000 48 0
-1.269000 1.346000 -0.539000 49 0
-1.792000 2.437000 -0.841000 74 0
-1.897000 2.415000 -0.868000 72 0
-1.321000 1.572000 -0.587000 50 0
-1.287000 1.429000 -0.557000 52 0
-1.719000 2.455000 -0.834000 77 0
-1.818000 2.428000 -0.857000 85 0
-1.321000 1.647000 -0.602000 3 0
-1.312000 1.524000 -0.579000 50 0
-1.645000 2.468000 -0.826000 81 0
-1.750000 2.452000 -0.850000 77 0
-1.852000 2.420000 -0.866000 74 0
-1.329000 1.616000 -0.599000 12 0
-1.577000 2.489000 -0.822000 82 0
-1.678000 2.468000 -0.842000 76 0
-1.780000 2.438000 -0.855000 74 0
-1.896000 2.416000 -0.875000 80 0
-1.507000 2.504000 -0.817000 75 0
-1.604000 2.480000 -0.832000 79 0
-1.710000 2.458000 -0.846000 79 0
-1.817000 2.427000 -0.859000 78 0
-1.438000 2.519000 -0.812000 83 0
-1.539000 2.504000 -0.827000 78 0
-1.637000 2.472000 -0.834000 79 0
-1.743000 2.441000 -0.845000 75 0
-1.373000 2.538000 -0.809000 82 0
-1.470000 2.519000 -0.820000 75 0
-1.568000 2.489000 -0.825000 75 0
-1.675000 2.462000 -0.834000 77 0
-1.305000 2.552000 -0.804000 76 0
-1.399000 2.527000 -0.811000 74 0
-1.501000 2.507000 -0.817000 72 0
-1.605000 2.479000 -0.823000 76 0
-1.242000 2.571000 -0.802000 79 0
-1.336000 2.548000 -0.807000 73 0
-1.433000 2.523000 -0.808000 80 0
-1.536000 2.496000 -0.812000 74 0
-1.177000 2.586000 -0.799000 83 0
-1.270000 2.565000 -0.802000 79 0
-1.365000 2.536000 -0.800000 73 0
-1.470000 2.515000 -0.802000 74 0
-1.112000 2.599000 -0.796000 74 0
-1.204000 2.577000 -0.797000 74 0
-1.302000 2.557000 -0.794000 77 0
-1.402000 2.528000 -0.791000 82 0
-1.049000 2.615000 -0.795000 83 0
-1.141000 2.595000 -0.793000 75 0
-1.236000 2.571000 -0.787000 79 0
-1.335000 2.545000 -0.782000 72 0
-1.242000 0.959000 -0.429000 8 0
-1.239000 0.902000 -0.438000 1 0
-1.224000 0.836000 -0.440000 1 0
-1.206000 0.771000 -0.441000 8 0
-1.217000 0.986000 -0.428000 11 0
-1.239000 0.947000 -0.445000 8 0
-1.224000 0.878000 -0.446000 9 0
-1.221000 0.819000 -0.451000 1 0
-1.177000 1.001000 -0.423000 9 0
-1.224000 0.981000 -0.447000 11 0
-1.247000 0.938000 -0.460000 1 0
-1.224000 0.861000 -0.457000 8 0
-1.222000 1.089000 -0.449000 7 0
-1.185000 0.995000 -0.441000 9 0
-1.237000 0.975000 -0.463000 9 0
-1.243000 0.917000 -0.469000 1 64
-1.220000 1.139000 -0.458000 63 0
-1.210000 1.064000 -0.459000 2 0
-1.194000 0.986000 -0.454000 13 0
-1.245000 0.962000 -0.475000 8 0
-1.236000 1.209000 -0.476000 55 0
-1.215000 1.119000 -0.470000 58 0
-1.184000 1.023000 -0.457000 0 0
-1.214000 0.982000 -0.469000 10 0
-1.255000 1.286000 -0.495000 49 0
-1.232000 1.189000 -0.487000 55 0
-1.209000 1.094000 -0.475000 62 0
-1.179000 0.998000 -0.462000 9 0
-1.271000 1.365000 -0.514000 52 0
-1.248000 1.261000 -0.504000 55 0
-1.226000 1.161000 -0.491000 57 0
-1.211000 1.072000 -0.481000 30 0
-1.291000 1.453000 -0.537000 52 0
-1.268000 1.342000 -0.524000 52 0
-1.242000 1.231000 -0.507000 55 0
-1.216000 1.127000 -0.491000 62 0
-1.315000 1.550000 -0.562000 50 0
-1.285000 1.423000 -0.543000 51 0
-1.261000 1.308000 -0.525000 52 0
-1.241000 1.203000 -0.509000 53 0
-1.327000 1.640000 -0.584000 11 0
-1.309000 1.518000 -0.568000 53 0
-1.278000 1.388000 -0.543000 47 0
-1.258000 1.275000 -0.525000 54 0
-1.864000 2.415000 -0.847000 82 0
-1.331000 1.617000 -0.593000 14 0
-1.297000 1.474000 -0.563000 48 0
-1.269000 1.346000 -0.539000 49 0
-1.792000 2.437000 -0.841000 74 0
-1.897000 2.415000 -0.868000 72 0
-1.321000 1.572000 -0.587000 50 0
-1.287000 1.429000 -0.557000 52 0
-1.719000 2.455000 -0.834000 77 0
-1.818000 2.428000 -0.857000 85 0
-1.321000 1.647000 -0.602000 3 0
-1.312000 1.524000 -0.579000 50 0
-1.645000 2.468000 -0.826000 81 0
-1.750000 2.452000 -0.850000 77 0
-1.852000 2.420000 -0.866000 74 0
-1.329000 1.616000 -0.599000 12 0
-1.577000 2.489000 -0.822000 82 0
-1.678000 2.468000 -0.842000 76 0
-1.780000 2.438000 -0.855000 74 0
-1.896000 2.416000 -0.875000 80 0
-1.507000 2.504000 -0.817000 75 0
-1.604000 2.480000 -0.832000 79 0
-1.710000 2.458000 -0.846000 79 0
-1.817000 2.427000 -0.859000 78 0
-1.438000 2.519000 -0.812000 83 0
-1.539000 2.504000 -0.827000 78 0
-1.637000 2.472000 -0.834000 79 0
-1.743000 2.441000 -0.845000 75 0
-1.373000 2.538000 -0.809000 82 0
-1.470000 2.519000 -0.820000 75 0
-1.568000 2.489000 -0.825000 75 0
-1.675000 2.462000 -0.834000 77 0
-1.305000 2.552000 -0.804000 76 0
-1.399000 2.527000 -0.811000 74 0
-1.501000 2.507000 -0.817000 72 0
-1.605000 2.479000 -0.823000 76 0
-1.242000 2.571000 -0.802000 79 0
-1.336000 2.548000 -0.807000 73 0
-1.433000 2.523000 -0.808000 80 0
-1.536000 2.496000 -0.812000 74 0
-1.177000 2.586000 -0.799000 83 0
-1.270000 2.565000 -0.802000 79 0
-1.365000 2.536000 -0.800000 73 0
-1.470000 2.515000 -0.802000 74 0
-1.112000 2.599000 -0.796000 74 0
-1.204000 2.577000 -0.797000 74 0
-1.302000 2.557000 -0.794000 77 0
-1.402000 2.528000 -0.791000 82 0
-1.049000 2.615000 -0.795000 83 0
-1.141000 2.595000 -0.793000 75 0
-1.236000 2.571000 -0.787000 79 0
-1.335000 2.545000 -0.782000 72 0
-0.985000 2.629000 -0.793000 84 0
-1.078000 2.612000 -0.789000 75 0
-1.170000 2.585000 -0.779000 70 0
-1.271000 2.564000 -0.774000 76 0
-1.115000 3.193000 -0.956000 105 0
-1.012000 2.621000 -0.784000 84 0
-1.107000 2.602000 -0.774000 76 0
-1.205000 2.578000 -0.765000 80 0
-1.340000 4.135000 -1.231000 13 0
-0.986000 2.737000 -0.811000 162 0
-1.044000 2.619000 -0.769000 79 0
-1.139000 2.590000 -0.756000 86 0
-1.242000 4.155000 -1.229000 13 0
-1.078000 3.220000 -0.946000 8 0
-0.975000 2.619000 -0.760000 122 0
-1.077000 2.611000 -0.750000 76 0
-1.142000 4.160000 -1.224000 12 0
-1.307000 4.220000 -1.228000 12 0
-1.109000 3.201000 -0.918000 34 0
-1.013000 2.625000 -0.743000 75 0
-1.043000 4.170000 -1.221000 12 0
-1.197000 4.202000 -1.213000 8 0
-1.390000 4.331000 -1.228000 12 0
-0.997000 2.772000 -0.773000 163 1
-0.946000 4.181000 -1.219000 12 0
-1.112000 4.269000 -1.224000 13 0
-1.287000 4.349000 -1.220000 10 0
-1.493000 4.476000 -1.230000 10 0
-0.848000 4.187000 -1.217000 12 0
-1.013000 4.286000 -1.220000 13 0
-1.186000 4.377000 -1.215000 9 0
-1.392000 4.517000 -1.225000 12 0
-0.751000 4.186000 -1.212000 12 0
-0.916000 4.313000 -1.220000 13 0
-1.093000 4.434000 -1.219000 14 0
-1.284000 4.538000 -1.215000 3 0
-0.654000 4.190000 -1.210000 12 0
-0.814000 4.313000 -1.213000 16 0
-0.990000 4.452000 -1.213000 14 0
-1.188000 4.603000 -1.217000 13 0
-0.556000 4.178000 -1.204000 12 0
-0.717000 4.333000 -1.212000 13 0
-0.871000 4.392000 -1.187000 64 0
-1.082000 4.631000 -1.210000 10 0
-0.460000 4.165000 -1.198000 16 0
-0.617000 4.348000 -1.210000 13 0
-0.773000 4.425000 -1.186000 68 0
-0.930000 4.448000 -1.149000 31 1
-0.366000 4.170000 -1.198000 12 0
-0.516000 4.334000 -1.201000 16 0
-0.672000 4.451000 -1.184000 67 0
-0.816000 4.411000 -1.127000 78 0
-0.222000 3.416000 -0.980000 31 0
-0.415000 4.331000 -1.196000 17 0
-0.572000 4.482000 -1.184000 60 0
-0.714000 4.441000 -1.123000 97 0
0.000000 -0.000000 -0.000000 0 0
-0.250000 3.416000 -0.940000 39 0
-0.470000 4.516000 -1.185000 52 0
-0.612000 4.470000 -1.119000 81 0
0.000000 -0.000000 -0.000000 0 192
0.000000 -0.000000 -0.000000 0 0
-0.276000 3.409000 -0.890000 14 0
-0.510000 4.507000 -1.118000 83 0
0.000000 -0.000000 -0.000000 0 192
0.000000 -0.000000 -0.000000 0 192
-0.198000 3.419000 -0.887000 6 0
-0.311000 3.469000 -0.853000 9 0
0.000000 -0.000000 -0.000000 0 192
0.000000 -0.000000 -0.000000 0 192
0.000000 -0.000000 -0.000000 0 0
-0.226000 3.422000 -0.835000 28 0
0.000000 -0.000000 -0.000000 0 192
0.000000 -0.000000 -0.000000 0 192
0.000000 -0.000000 -0.000000 0 192
0.000000 -0.000000 -0.000000 0 0
0.000000 -0.000000 -0.000000 0 192
0.000000 -0.000000 -0.000000 0 192
0.000000 -0.000000 -0.000000 0 128
0.000000 -0.000000 -0.000000 0 192
0.000000 -0.000000 -0.000000 0 192
0.000000 -0.000000 -0.000000 0 192
0.000000 -0.000000 -0.000000 0 192
0.000000 -0.000000 -0.000000 0 192
0.000000 -0.000000 -0.000000 0 192
0.000000 -0.000000 -0.000000 0 192
0.000000 -0.000000 -0.000000 0 192
0.000000 -0.000000 -0.000000 0 192
0.000000 -0.000000 -0.000000 0 0
0.000000 -0.000000 -0.000000 0 192
0.000000 -0.000000 -0.000000 0 192
0.000000 -0.000000 -0.000000 0 128
0.245000 1.542000 -0.449000 50 0
0.205000 1.563000 -0.427000 21 0
0.174000 1.673000 -0.424000 1 0
0.000000 -0.000000 -0.000000 0 192
-0.985000 2.629000 -0.793000 84 0
-1.078000 2.612000 -0.789000 75 0
-1.170000 2.585000 -0.779000 70 0
-1.271000 2.564000 -0.774000 76 0
-1.115000 3.193000 -0.956000 105 0
-1.012000 2.621000 -0.784000 84 0
-1.107000 2.602000 -0.774000 76 0
-1.205000 2.578000 -0.765000 80 0
-1.340000 4.135000 -1.231000 13 0
-0.986000 2.737000 -0.811000 162 0
-1.044000 2.619000 -0.769000 79 0
-1.139000 2.590000 -0.756000 86 0
-1.242000 4.155000 -1.229000 13 0
-1.078000 3.220000 -0.946000 8 0
-0.975000 2.619000 -0.760000 122 0
-1.077000 2.611000 -0.750000 76 0
-1.142000 4.160000 -1.224000 12 0
-1.307000 4.220000 -1.228000 12 0
-1.109000 3.201000 -0.918000 34 0
-1.013000 2.625000 -0.743000 75 0
-1.043000 4.170000 -1.221000 12 0
-1.197000 4.202000 -1.213000 8 0
-1.390000 4.331000 -1.228000 12 0
-0.997000 2.772000 -0.773000 163 1
-0.946000 4.181000 -1.219000 12 0
-1.112000 4.269000 -1.224000 13 0
-1.287000 4.349000 -1.220000 10 0
-1.493000 4.476000 -1.230000 10 0
-0.848000 4.187000 -1.217000 12 0
-1.013000 4.286000 -1.220000 13 0
-1.186000 4.377000 -1.215000 9 0
-1.392000 4.517000 -1.225000 12 0
-0.751000 4.186000 -1.212000 12 0
-0.916000 4.313000 -1.220000 13 0
-1.093000 4.434000 -1.219000 14 0
-1.284000 4.538000 -1.215000 3 0
-0.654000 4.190000 -1.210000 12 0
-0.814000 4.313000 -1.213000 16 0
-0.990000 4.452000 -1.213000 14 0
-1.188000 4.603000 -1.217000 13 0
-0.556000 4.178000 -1.204000 12 0
-0.717000 4.333000 -1.212000 13 0
-0.871000 4.392000 -1.187000 64 0
-1.082000 4.631000 -1.210000 10 0
-0.460000 4.165000 -1.198000 16 0
-0.617000 4.348000 -1.210000 13 0
-0.773000 4.425000 -1.186000 68 0
-0.930000 4.448000 -1.149000 31 1
-0.366000 4.170000 -1.198000 12 0
-0.516000 4.334000 -1.201000 16 0
-0.672000 4.451000 -1.184000 67 0
-0.816000 4.411000 -1.127000 78 0
-0.222000 3.416000 -0.980000 31 0
-0.415000 4.331000 -1.196000 17 0
-0.572000 4.482000 -1.184000 60 0
-0.714000 4.441000 -1.123000 97 0
0.000000 -0.000000 -0.000000 0 0
-0.250000 3.416000 -0.940000 39 0
-0.470000 4.516000 -1.185000 52 0
-0.612000 4.470000 -1.119000 81 0
0.000000 -0.000000 -0.000000 0 192
0.000000 -0.000000 -0.000000 0 0
-0.276000 3.409000 -0.890000 14 0
-0.510000 4.507000 -1.118000 83 0
0.000000 -0.000000 -0.000000 0 192
0.000000 -0.000000 -0.000000 0 192
-0.198000 3.419000 -0.887000 6 0
-0.311000 3.469000 -0.853000 9 0
0.000000 -0.000000 -0.000000 0 192
0.000000 -0.000000 -0.000000 0 192
0.000000 -0.000000 -0.000000 0 0
-0.226000 3.422000 -0.835000 28 0
0.000000 -0.000000 -0.000000 0 192
0.000000 -0.000000 -0.000000 0 192
0.000000 -0.000000 -0.000000 0 192
0.000000 -0.000000 -0.000000 0 0
0.000000 -0.000000 -0.000000 0 192
0.000000 -0.000000 -0.000000 0 192
0.000000 -0.000000 -0.000000 0 128
0.000000 -0.000000 -0.000000 0 192
0.000000 -0.000000 -0.000000 0 192
0.000000 -0.000000 -0.000000 0 192
0.000000 -0.000000 -0.000000 0 192
0.000000 -0.000000 -0.000000 0 192
0.000000 -0.000000 -0.000000 0 192
0.000000 -0.000000 -0.000000 0 192
0.000000 -0.000000 -0.000000 0 192
0.000000 -0.000000 -0.000000 0 192
0.000000 -0.000000 -0.000000 0 0
0.000000 -0.000000 -0.000000 0 192
0.000000 -0.000000 -0.000000 0 192
0.000000 -0.000000 -0.000000 0 128
0.245000 1.542000 -0.449000 50 0
0.205000 1.563000 -0.427000 21 0
0.174000 1.673000 -0.424000 1 0
0.000000 -0.000000 -0.000000 0 192
0.285000 1.566000 -0.458000 12 0
0.240000 1.557000 -0.426000 11 0
0.201000 1.581000 -0.400000 16 0
0.000000 -0.000000 -0.000000 0 192
0.321000 1.570000 -0.462000 58 0
0.277000 1.559000 -0.427000 54 0
0.234000 1.550000 -0.392000 12 0
0.197000 1.606000 -0.375000 1 64
0.361000 1.582000 -0.467000 13 0
0.317000 1.578000 -0.433000 11 0
0.273000 1.564000 -0.396000 11 0
0.226000 1.539000 -0.358000 55 0
0.399000 1.586000 -0.471000 86 0
0.355000 1.580000 -0.435000 57 0
0.312000 1.570000 -0.397000 12 0
0.268000 1.563000 -0.362000 12 0
0.440000 1.599000 -0.478000 78 0
0.394000 1.584000 -0.438000 80 0
0.350000 1.573000 -0.399000 55 0
0.304000 1.553000 -0.359000 44 0
0.480000 1.604000 -0.482000 62 0
0.435000 1.596000 -0.443000 78 0
0.394000 1.592000 -0.404000 12 0
0.349000 1.582000 -0.366000 12 0
0.523000 1.618000 -0.490000 49 0
0.478000 1.607000 -0.448000 66 0
0.433000 1.592000 -0.405000 54 0
0.390000 1.586000 -0.366000 53 0
0.567000 1.633000 -0.498000 46 0
0.522000 1.621000 -0.454000 52 0
0.478000 1.608000 -0.410000 59 0
0.434000 1.602000 -0.370000 60 0
0.610000 1.636000 -0.503000 47 0
0.566000 1.631000 -0.459000 48 0
0.521000 1.615000 -0.413000 55 0
0.478000 1.609000 -0.372000 61 0
0.657000 1.653000 -0.512000 47 0
0.611000 1.640000 -0.465000 50 0
0.567000 1.627000 -0.418000 49 0
0.523000 1.618000 -0.375000 59 0
0.705000 1.664000 -0.520000 43 0
0.657000 1.650000 -0.471000 51 0
0.616000 1.645000 -0.425000 49 0
0.570000 1.630000 -0.378000 50 0
0.751000 1.672000 -0.528000 46 0
0.708000 1.667000 -0.479000 45 0
0.663000 1.651000 -0.429000 51 0
0.619000 1.644000 -0.383000 50 0
0.840000 1.764000 -0.562000 151 0
0.757000 1.675000 -0.485000 47 0
0.715000 1.668000 -0.436000 44 0
0.671000 1.659000 -0.388000 50 0
0.998000 1.981000 -0.638000 41 0
0.834000 1.740000 -0.508000 150 0
0.766000 1.678000 -0.441000 48 0
0.721000 1.669000 -0.392000 47 0
1.059000 1.994000 -0.649000 44 0
1.007000 1.985000 -0.585000 42 0
0.883000 1.821000 -0.482000 150 0
0.774000 1.679000 -0.396000 46 0
1.124000 2.009000 -0.661000 42 0
1.072000 1.999000 -0.595000 42 0
1.020000 1.984000 -0.529000 43 0
0.966000 1.968000 -0.467000 52 0
1.189000 2.020000 -0.673000 38 0
1.138000 2.013000 -0.605000 38 0
1.089000 2.001000 -0.538000 41 0
1.035000 1.987000 -0.474000 44 0
1.260000 2.037000 -0.687000 20 0
1.212000 2.035000 -0.619000 33 0
1.157000 2.015000 -0.547000 36 0
1.106000 2.005000 -0.482000 42 0
0.000000 -0.000000 -0.000000 0 0
1.290000 2.058000 -0.633000 7 0
1.232000 2.034000 -0.558000 12 0
1.181000 2.024000 -0.491000 16 0
0.000000 -0.000000 -0.000000 0 192
0.000000 -0.000000 -0.000000 0 0
0.000000 -0.000000 -0.000000 0 0
1.262000 2.049000 -0.501000 3 0
0.000000 -0.000000 -0.000000 0 128
0.000000 -0.000000 -0.000000 0 128
0.000000 -0.000000 -0.000000 0 128
0.000000 -0.000000 -0.000000 0 0
0.000000 -0.000000 -0.000000 0 128
0.000000 -0.000000 -0.000000 0 128
0.000000 -0.000000 -0.000000 0 128
0.000000 -0.000000 -0.000000 0 128
0.000000 -0.000000 -0.000000 0 128
0.000000 -0.000000 -0.000000 0 0
0.000000 -0.000000 -0.000000 0 128
0.000000 -0.000000 -0.000000 0 128
0.000000 -0.000000 -0.000000 0 128
0.000000 -0.000000 -0.000000 0 128
0.000000 -0.000000 -0.000000 0 128
0.000000 -0.000000 -0.000000 0 128
0.285000 1.566000 -0.458000 12 0
0.240000 1.557000 -0.426000 11 0
0.201000 1.581000 -0.400000 16 0
0.000000 -0.000000 -0.000000 0 192
0.321000 1.570000 -0.462000 58 0
0.277000 1.559000 -0.427000 54 0
0.234000 1.550000 -0.392000 12 0
0.197000 1.606000 -0.375000 1 64
0.361000 1.582000 -0.467000 13 0
0.317000 1.578000 -0.433000 11 0
0.273000 1.564000 -0.396000 11 0
0.226000 1.539000 -0.358000 55 0
0.399000 1.586000 -0.471000 86 0
0.355000 1.580000 -0.435000 57 0
0.312000 1.570000 -0.397000 12 0
0.268000 1.563000 -0.362000 12 0
0.440000 1.599000 -0.478000 78 0
0.394000 1.584000 -0.438000 80 0
0.350000 1.573000 -0.399000 55 0
0.304000 1.553000 -0.359000 44 0
0.480000 1.604000 -0.482000 62 0
0.435000 1.596000 -0.443000 78 0
0.394000 1.592000 -0.404000 12 0
0.349000 1.582000 -0.366000 12 0
0.523000 1.618000 -0.490000 49 0
0.478000 1.607000 -0.448000 66 0
0.433000 1.592000 -0.405000 54 0
0.390000 1.586000 -0.366000 53 0
0.567000 1.633000 -0.498000 46 0
0.522000 1.621000 -0.454000 52 0
0.478000 1.608000 -0.410000 59 0
0.434000 1.602000 -0.370000 60 0
0.610000 1.636000 -0.503000 47 0
0.566000 1.631000 -0.459000 48 0
0.521000 1.615000 -0.413000 55 0
0.478000 1.609000 -0.372000 61 0
0.657000 1.653000 -0.512000 47 0
0.611000 1.640000 -0.465000 50 0
0.567000 1.627000 -0.418000 49 0
0.523000 1.618000 -0.375000 59 0
0.705000 1.664000 -0.520000 43 0
0.657000 1.650000 -0.471000 51 0
0.616000 1.645000 -0.425000 49 0
0.570000 1.630000 -0.378000 50 0
0.751000 1.672000 -0.528000 46 0
0.708000 1.667000 -0.479000 45 0
0.663000 1.651000 -0.429000 51 0
0.619000 1.644000 -0.383000 50 0
0.840000 1.764000 -0.562000 151 0
0.757000 1.675000 -0.485000 47 0
0.715000 1.668000 -0.436000 44 0
0.671000 1.659000 -0.388000 50 0
0.998000 1.981000 -0.638000 41 0
0.834000 1.740000 -0.508000 150 0
0.766000 1.678000 -0.441000 48 0
0.721000 1.669000 -0.392000 47 0
1.059000 1.994000 -0.649000 44 0
1.007000 1.985000 -0.585000 42 0
0.883000 1.821000 -0.482000 150 0
0.774000 1.679000 -0.396000 46 0
1.124000 2.009000 -0.661000 42 0
1.072000 1.999000 -0.595000 42 0
1.020000 1.984000 -0.529000 43 0
0.966000 1.968000 -0.467000 52 0
1.189000 2.020000 -0.673000 38 0
1.138000 2.013000 -0.605000 38 0
1.089000 2.001000 -0.538000 41 0
1.035000 1.987000 -0.474000 44 0
1.260000 2.037000 -0.687000 20 0
1.212000 2.035000 -0.619000 33 0
1.157000 2.015000 -0.547000 36 0
1.106000 2.005000 -0.482000 42 0
0.000000 -0.000000 -0.000000 0 0
1.290000 2.058000 -0.633000 7 0
1.232000 2.034000 -0.558000 12 0
1.181000 2.024000 -0.491000 16 0
0.000000 -0.000000 -0.000000 0 192
0.000000 -0.000000 -0.000000 0 0
0.000000 -0.000000 -0.000000 0 0
1.262000 2.049000 -0.501000 3 0
0.000000 -0.000000 -0.000000 0 128
0.000000 -0.000000 -0.000000 0 128
0.000000 -0.000000 -0.000000 0 128
0.000000 -0.000000 -0.000000 0 0
0.000000 -0.000000 -0.000000 0 128
0.000000 -0.000000 -0.000000 0 128
0.000000 -0.000000 -0.000000 0 128
0.000000 -0.000000 -0.000000 0 128
0.000000 -0.000000 -0.000000 0 128
0.000000 -0.000000 -0.000000 0 0
0.000000 -0.000000 -0.000000 0 128
0.000000 -0.000000 -0.000000 0 128
0.000000 -0.000000 -0.000000 0 128
0.000000 -0.000000 -0.000000 0 128
0.000000 -0.000000 -0.000000 0 128
0.000000 -0.000000 -0.000000 0 128
0.000000 -0.000000 -0.000000 0 128
0.000000 -0.000000 -0.000000 0 0
0.000000 -0.000000 -0.000000 0 0
0.000000 -0.000000 -0.000000 0 128
0.000000 -0.000000 -0.000000 0 128
0.000000 -0.000000 -0.000000 0 0
0.000000 -0.000000 -0.000000 0 0
0.000000 -0.000000 -0.000000 0 128
0.000000 -0.000000 -0.000000 0 128
0.000000 -0.000000 -0.000000 0 0
0.000000 -0.000000 -0.000000 0 0
0.000000 -0.000000 -0.000000 0 128
0.000000 -0.000000 -0.000000 0 0
0.000000 -0.000000 -0.000000 0 0
0.000000 -0.000000 -0.000000 0 0
0.000000 -0.000000 -0.000000 0 128
0.000000 -0.000000 -0.000000 0 128
0.000000 -0.000000 -0.000000 0 0
0.000000 -0.000000 -0.000000 0 0
0.000000 -0.000000 -0.000000 0 128
0.000000 -0.000000 -0.000000 0 0
0.000000 -0.000000 -0.000000 0 0
0.000000 -0.000000 -0.000000 0 0
0.000000 -0.000000 -0.000000 0 128
0.000000 -0.000000 -0.000000 0 128
0.000000 -0.000000 -0.000000 0 0
0.000000 -0.000000 -0.000000 0 0
0.000000 -0.000000 -0.000000 0 128
0.000000 -0.000000 -0.000000 0 192
0.000000 -0.000000 -0.000000 0 0
0.000000 -0.000000 -0.000000 0 0
0.000000 -0.000000 -0.000000 0 0
0.000000 -0.000000 -0.000000 0 128
0.000000 -0.000000 -0.000000 0 128
0.000000 -0.000000 -0.000000 0 128
0.000000 -0.000000 -0.000000 0 128
0.000000 -0.000000 -0.000000 0 128
0.000000 -0.000000 -0.000000 0 128
0.000000 -0.000000 -0.000000 0 128
0.000000 -0.000000 -0.000000 0 128
0.000000 -0.000000 -0.000000 0 128
0.000000 -0.000000 -0.000000 0 0
0.000000 -0.000000 -0.000000 0 0
0.000000 -0.000000 -0.000000 0 128
0.000000 -0.000000 -0.000000 0 0
0.000000 -0.000000 -0.000000 0 0
0.000000 -0.000000 -0.000000 0 0
0.000000 -0.000000 -0.000000 0 0
0.000000 -0.000000 -0.000000 0 0
0.000000 -0.000000 -0.000000 0 0
0.000000 -0.000000 -0.000000 0 0
0.000000 -0.000000 -0.000000 0 0
0.000000 -0.000000 -0.000000 0 0
0.000000 -0.000000 -0.000000 0 0
0.000000 -0.000000 -0.000000 0 0
0.000000 -0.000000 -0.000000 0 0
0.000000 -0.000000 -0.000000 0 0
0.000000 -0.000000 -0.000000 0 0
0.000000 -0.000000 -0.000000 0 0
0.000000 -0.000000 -0.000000 0 128
0.000000 -0.000000 -0.000000 0 0
0.000000 -0.000000 -0.000000 0 0
0.000000 -0.000000 -0.000000 0 0
0.000000 -0.000000 -0.000000 0 0
0.000000 -0.000000 -0.000000 0 0
0.000000 -0.000000 -0.000000 0 0
0.000000 -0.000000 -0.000000 0 0
0.000000 -0.000000 -0.000000 0 0
0.000000 -0.000000 -0.000000 0 0
0.000000 -0.000000 -0.000000 0 0
0.000000 -0.000000 -0.000000 0 0
0.000000 -0.000000 -0.000000 0 0
0.000000 -0.000000 -0.000000 0 0
0.000000 -0.000000 -0.000000 0 0
0.000000 -0.000000 -0.000000 0 0
0.000000 -0.000000 -0.000000 0 0
0.000000 -0.000000 -0.000000 0 0
0.000000 -0.000000 -0.000000 0 0
0.000000 -0.000000 -0.000000 0 0
0.000000 -0.000000 -0.000000 0 0
0.000000 -0.000000 -0.000000 0 0
0.000000 -0.000000 -0.000000 0 0
0.000000 -0.000000 -0.000000 0 0
0.000000 -0.000000 -0.000000 0 0
0.000000 -0.000000 -0.000000 0 0
0.000000 -0.000000 -0.000000 0 0
0.000000 -0.000000 -0.000000 0 0
0.000000 -0.000000 -0.000000 0 0
0.000000 -0.000000 -0.000000 0 0
0.000000 -0.000000 -0.000000 0 0
0.000000 -0.000000 -0.000000 0 0
0.000000 -0.000000 -0.000000 0 0
0.000000 -0.000000 -0.000000 0 0
0.000000 -0.000000 -0.000000 0 0
0.000000 -0.000000 -0.000000 0 0
0.000000 -0.000000 -0.000000 0 0
0.000000 -0.000000 -0.000000 0 128
0.000000 -0.000000 -0.000000 0 0
0.000000 -0.000000 -0.000000 0 0
0.000000 -0.000000 -0.000000 0 128
0.000000 -0.000000 -0.000000 0 128
0.000000 -0.000000 -0.000000 0 0
0.000000 -0.000000 -0.000000 0 0
0.000000 -0.000000 -0.000000 0 128
0.000000 -0.000000 -0.000000 0 128
0.000000 -0.000000 -0.000000 0 0
0.000000 -0.000000 -0.000000 0 0
0.000000 -0.000000 -0.000000 0 128
0.000000 -0.000000 -0.000000 0 0
0.000000 -0.000000 -0.000000 0 0
0.000000 -0.000000 -0.000000 0 0
0.000000 -0.000000 -0.000000 0 128
0.000000 -0.000000 -0.000000 0 128
0.000000 -0.000000 -0.000000 0 0
0.000000 -0.000000 -0.000000 0 0
0.000000 -0.000000 -0.000000 0 128
0.000000 -0.000000 -0.000000 0 0
0.000000 -0.000000 -0.000000 0 0
0.000000 -0.000000 -0.000000 0 0
0.000000 -0.000000 -0.000000 0 128
0.000000 -0.000000 -0.000000 0 128
0.000000 -0.000000 -0.000000 0 0
0.000000 -0.000000 -0.000000 0 0
0.000000 -0.000000 -0.000000 0 128
0.000000 -0.000000 -0.000000 0 192
0.000000 -0.000000 -0.000000 0 0
0.000000 -0.000000 -0.000000 0 0
0.000000 -0.000000 -0.000000 0 0
0.000000 -0.000000 -0.000000 0 128
0.000000 -0.000000 -0.000000 0 128
0.000000 -0.000000 -0.000000 0 128
0.000000 -0.000000 -0.000000 0 128
0.000000 -0.000000 -0.000000 0 128
0.000000 -0.000000 -0.000000 0 128
0.000000 -0.000000 -0.000000 0 128
0.000000 -0.000000 -0.000000 0 128
0.000000 -0.000000 -0.000000 0 128
0.000000 -0.000000 -0.000000 0 0
0.000000 -0.000000 -0.000000 0 0
0.000000 -0.000000 -0.000000 0 128
0.000000 -0.000000 -0.000000 0 0
0.000000 -0.000000 -0.000000 0 0
0.000000 -0.000000 -0.000000 0 0
0.000000 -0.000000 -0.000000 0 0
0.000000 -0.000000 -0.000000 0 0
0.000000 -0.000000 -0.000000 0 0
0.000000 -0.000000 -0.000000 0 0
0.000000 -0.000000 -0.000000 0 0
0.000000 -0.000000 -0.000000 0 0
0.000000 -0.000000 -0.000000 0 0
0.000000 -0.000000 -0.000000 0 0
0.000000 -0.000000 -0.000000 0 0
0.000000 -0.000000 -0.000000 0 0
0.000000 -0.000000 -0.000000 0 0
0.000000 -0.000000 -0.000000 0 0
0.000000 -0.000000 -0.000000 0 128
0.000000 -0.000000 -0.000000 0 0
0.000000 -0.000000 -0.000000 0 0
0.000000 -0.000000 -0.000000 0 0
0.000000 -0.000000 -0.000000 0 0
0.000000 -0.000000 -0.000000 0 0
0.000000 -0.000000 -0.000000 0 0
0.000000 -0.000000 -0.000000 0 0
0.000000 -0.000000 -0.000000 0 0
0.000000 -0.000000 -0.000000 0 0
0.000000 -0.000000 -0.000000 0 0
0.000000 -0.000000 -0.000000 0 0
0.000000 -0.000000 -0.000000 0 0
0.000000 -0.000000 -0.000000 0 0
0.000000 -0.000000 -0.000000 0 0
0.000000 -0.000000 -0.000000 0 0
0.000000 -0.000000 -0.000000 0 0
0.000000 -0.000000 -0.000000 0 0
0.000000 -0.000000 -0.000000 0 0
0.000000 -0.000000 -0.000000 0 0
0.000000 -0.000000 -0.000000 0 0
0.000000 -0.000000 -0.000000 0 0
0.000000 -0.000000 -0.000000 0 0
0.000000 -0.000000 -0.000000 0 0
0.000000 -0.000000 -0.000000 0 0
0.000000 -0.000000 -0.000000 0 0
0.000000 -0.000000 -0.000000 0 0
0.000000 -0.000000 -0.000000 0 0
0.000000 -0.000000 -0.000000 0 0
0.000000 -0.000000 -0.000000 0 0
0.000000 -0.000000 -0.000000 0 0
0.000000 -0.000000 -0.000000 0 0
0.000000 -0.000000 -0.000000 0 0
0.000000 -0.000000 -0.000000 0 0
0.000000 -0.000000 -0.000000 0 0
0.000000 -0.000000 -0.000000 0 0
0.000000 -0.000000 -0.000000 0 0
0.000000 -0.000000 -0.000000 0 0
0.000000 -0.000000 -0.000000 0 0
0.000000 -0.000000 -0.000000 0 0
0.000000 -0.000000 -0.000000 0 128
0.000000 -0.000000 -0.000000 0 0
0.000000 -0.000000 -0.000000 0 0
0.000000 -0.000000 -0.000000 0 0
0.000000 -0.000000 -0.000000 0 0
0.000000 -0.000000 -0.000000 0 0
0.000000 -0.000000 -0.000000 0 0
0.000000 -0.000000 -0.000000 0 0
0.000000 -0.000000 -0.000000 0 128
0.000000 -0.000000 -0.000000 0 0
0.000000 -0.000000 -0.000000 0 0
0.000000 -0.000000 -0.000000 0 0
0.000000 -0.000000 -0.000000 0 128
0.000000 -0.000000 -0.000000 0 0
0.000000 -0.000000 -0.000000 0 0
0.000000 -0.000000 -0.000000 0 0
0.000000 -0.000000 -0.000000 0 128
0.000000 -0.000000 -0.000000 0 0
0.000000 -0.000000 -0.000000 0 0
0.000000 -0.000000 -0.000000 0 0
0.000000 -0.000000 -0.000000 0 128
0.000000 -0.000000 -0.000000 0 0
0.000000 -0.000000 -0.000000 0 0
0.000000 -0.000000 -0.000000 0 0
0.000000 -0.000000 -0.000000 0 128
0.000000 -0.000000 -0.000000 0 0
0.000000 -0.000000 -0.000000 0 0
0.000000 -0.000000 -0.000000 0 0
0.000000 -0.000000 -0.000000 0 0
0.000000 -0.000000 -0.000000 0 0
0.000000 -0.000000 -0.000000 0 0
0.000000 -0.000000 -0.000000 0 0
0.000000 -0.000000 -0.000000 0 128
0.000000 -0.000000 -0.000000 0 0
0.000000 -0.000000 -0.000000 0 0
0.000000 -0.000000 -0.000000 0 0
0.000000 -0.000000 -0.000000 0 0
0.000000 -0.000000 -0.000000 0 0
0.000000 -0.000000 -0.000000 0 0
0.000000 -0.000000 -0.000000 0 0
0.000000 -0.000000 -0.000000 0 128
0.000000 -0.000000 -0.000000 0 0
0.000000 -0.000000 -0.000000 0 0
0.000000 -0.000000 -0.000000 0 0
0.000000 -0.000000 -0.000000 0 128
0.000000 -0.000000 -0.000000 0 0
0.000000 -0.000000 -0.000000 0 0
0.000000 -0.000000 -0.000000 0 0
0.000000 -0.000000 -0.000000 0 128
0.000000 -0.000000 -0.000000 0 0
0.000000 -0.000000 -0.000000 0 0
0.000000 -0.000000 -0.000000 0 0
0.000000 -0.000000 -0.000000 0 0
0.000000 -0.000000 -0.000000 0 0
0.000000 -0.000000 -0.000000 0 0
0.000000 -0.000000 -0.000000 0 0
0.000000 -0.000000 -0.000000 0 0
0.000000 -0.000000 -0.000000 0 0
0.000000 -0.000000 -0.000000 0 0
0.000000 -0.000000 -0.000000 0 0
0.000000 -0.000000 -0.000000 0 0
0.000000 -0.000000 -0.000000 0 0
0.000000 -0.000000 -0.000000 0 0
0.000000 -0.000000 -0.000000 0 0
0.000000 -0.000000 -0.000000 0 0
0.000000 -0.000000 -0.000000 0 0
0.000000 -0.000000 -0.000000 0 0
0.000000 -0.000000 -0.000000 0 0
0.000000 -0.000000 -0.000000 0 0
0.000000 -0.000000 -0.000000 0 0
0.000000 -0.000000 -0.000000 0 0
0.000000 -0.000000 -0.000000 0 0
0.000000 -0.000000 -0.000000 0 0
0.000000 -0.000000 -0.000000 0 0
0.000000 -0.000000 -0.000000 0 0
0.000000 -0.000000 -0.000000 0 0
0.000000 -0.000000 -0.000000 0 0
0.000000 -0.000000 -0.000000 0 0
0.000000 -0.000000 -0.000000 0 0
0.000000 -0.000000 -0.000000 0 0
0.000000 -0.000000 -0.000000 0 0
0.000000 -0.000000 -0.000000 0 0
0.000000 -0.000000 -0.000000 0 0
0.000000 -0.000000 -0.000000 0 0
0.000000 -0.000000 -0.000000 0 0
0.000000 -0.000000 -0.000000 0 0
0.000000 -0.000000 -0.000000 0 0
0.000000 -0.000000 -0.000000 0 0
0.000000 -0.000000 -0.000000 0 0
0.000000 -0.000000 -0.000000 0 0
0.000000 -0.000000 -0.000000 0 0
0.000000 -0.000000 -0.000000 0 0
0.000000 -0.000000 -0.000000 0 0
0.000000 -0.000000 -0.000000 0 0
0.000000 -0.000000 -0.000000 0 0
0.000000 -0.000000 -0.000000 0 0
0.000000 -0.000000 -0.000000 0 128
0.000000 -0.000000 -0.000000 0 0
0.000000 -0.000000 -0.000000 0 0
0.000000 -0.000000 -0.000000 0 0
0.000000 -0.000000 -0.000000 0 0
0.000000 -0.000000 -0.000000 0 0
0.000000 -0.000000 -0.000000 0 0
0.000000 -0.000000 -0.000000 0 0
0.000000 -0.000000 -0.000000 0 128
0.000000 -0.000000 -0.000000 0 0
0.000000 -0.000000 -0.000000 0 0
0.000000 -0.000000 -0.000000 0 0
0.000000 -0.000000 -0.000000 0 128
0.000000 -0.000000 -0.000000 0 0
0.000000 -0.000000 -0.000000 0 0
0.000000 -0.000000 -0.000000 0 0
0.000000 -0.000000 -0.000000 0 128
0.000000 -0.000000 -0.000000 0 0
0.000000 -0.000000 -0.000000 0 0
0.000000 -0.000000 -0.000000 0 0
0.000000 -0.000000 -0.000000 0 128
0.000000 -0.000000 -0.000000 0 0
0.000000 -0.000000 -0.000000 0 0
0.000000 -0.000000 -0.000000 0 0
0.000000 -0.000000 -0.000000 0 128
0.000000 -0.000000 -0.000000 0 0
0.000000 -0.000000 -0.000000 0 0
0.000000 -0.000000 -0.000000 0 0
0.000000 -0.000000 -0.000000 0 0
0.000000 -0.000000 -0.000000 0 0
0.000000 -0.000000 -0.000000 0 0
0.000000 -0.000000 -0.000000 0 0
0.000000 -0.000000 -0.000000 0 128
0.000000 -0.000000 -0.000000 0 0
0.000000 -0.000000 -0.000000 0 0
0.000000 -0.000000 -0.000000 0 0
0.000000 -0.000000 -0.000000 0 0
0.000000 -0.000000 -0.000000 0 0
0.000000 -0.000000 -0.000000 0 0
0.000000 -0.000000 -0.000000 0 0
0.000000 -0.000000 -0.000000 0 128
0.000000 -0.000000 -0.000000 0 0
0.000000 -0.000000 -0.000000 0 0
0.000000 -0.000000 -0.000000 0 0
0.000000 -0.000000 -0.000000 0 128
0.000000 -0.000000 -0.000000 0 0
0.000000 -0.000000 -0.000000 0 0
0.000000 -0.000000 -0.000000 0 0
0.000000 -0.000000 -0.000000 0 128
0.000000 -0.000000 -0.000000 0 0
0.000000 -0.000000 -0.000000 0 0
0.000000 -0.000000 -0.000000 0 0
0.000000 -0.000000 -0.000000 0 0
0.000000 -0.000000 -0.000000 0 0
0.000000 -0.000000 -0.000000 0 0
0.000000 -0.000000 -0.000000 0 0
0.000000 -0.000000 -0.000000 0 0
0.000000 -0.000000 -0.000000 0 0
0.000000 -0.000000 -0.000000 0 0
0.000000 -0.000000 -0.000000 0 0
0.000000 -0.000000 -0.000000 0 0
0.000000 -0.000000 -0.000000 0 0
0.000000 -0.000000 -0.000000 0 0
0.000000 -0.000000 -0.000000 0 0
0.000000 -0.000000 -0.000000 0 0
0.000000 -0.000000 -0.000000 0 0
0.000000 -0.000000 -0.000000 0 0
0.000000 -0.000000 -0.000000 0 0
0.000000 -0.000000 -0.000000 0 0
0.000000 -0.000000 -0.000000 0 0
0.000000 -0.000000 -0.000000 0 0
0.000000 -0.000000 -0.000000 0 0
0.000000 -0.000000 -0.000000 0 0
0.000000 -0.000000 -0.000000 0 0
0.000000 -0.000000 -0.000000 0 0
0.000000 -0.000000 -0.000000 0 0
0.000000 -0.000000 -0.000000 0 0
0.000000 -0.000000 -0.000000 0 0
0.000000 -0.000000 -0.000000 0 0
0.000000 -0.000000 -0.000000 0 0
0.000000 -0.000000 -0.000000 0 0
0.000000 -0.000000 -0.000000 0 0
0.000000 -0.000000 -0.000000 0 0
0.000000 -0.000000 -0.000000 0 0
0.000000 -0.000000 -0.000000 0 0
0.000000 -0.000000 -0.000000 0 0
0.000000 -0.000000 -0.000000 0 0
0.000000 -0.000000 -0.000000 0 0
0.000000 -0.000000 -0.000000 0 0
0.000000 -0.000000 -0.000000 0 0
0.000000 -0.000000 -0.000000 0 0
0.000000 -0.000000 -0.000000 0 0
0.000000 -0.000000 -0.000000 0 0
0.000000 -0.000000 -0.000000 0 0
0.000000 -0.000000 -0.000000 0 0
0.000000 -0.000000 -0.000000 0 0
0.000000 -0.000000 -0.000000 0 0
0.000000 -0.000000 -0.000000 0 0
0.000000 -0.000000 -0.000000 0 0
0.000000 -0.000000 -0.000000 0 0
0.000000 -0.000000 -0.000000 0 0
0.000000 -0.000000 -0.000000 0 0
0.000000 -0.000000 -0.000000 0 0
0.000000 -0.000000 -0.000000 0 0
0.000000 -0.000000 -0.000000 0 0
0.000000 -0.000000 -0.000000 0 0
0.000000 -0.000000 -0.000000 0 0
0.000000 -0.000000 -0.000000 0 0
0.000000 -0.000000 -0.000000 0 0
0.000000 -0.000000 -0.000000 0 0
0.000000 -0.000000 -0.000000 0 0
0.000000 -0.000000 -0.000000 0 0
0.000000 -0.000000 -0.000000 0 0
0.000000 -0.000000 -0.000000 0 0
0.000000 -0.000000 -0.000000 0 0
0.000000 -0.000000 -0.000000 0 0
0.000000 -0.000000 -0.000000 0 0
0.000000 -0.000000 -0.000000 0 0
0.000000 -0.000000 -0.000000 0 0
0.000000 -0.000000 -0.000000 0 0
0.000000 -0.000000 -0.000000 0 0
0.000000 -0.000000 -0.000000 0 0
0.000000 -0.000000 -0.000000 0 0
0.000000 -0.000000 -0.000000 0 0
0.000000 -0.000000 -0.000000 0 0
0.000000 -0.000000 -0.000000 0 0
0.000000 -0.000000 -0.000000 0 0
0.000000 -0.000000 -0.000000 0 0
0.000000 -0.000000 -0.000000 0 0
0.000000 -0.000000 -0.000000 0 0
0.000000 -0.000000 -0.000000 0 0
0.000000 -0.000000 -0.000000 0 0
0.000000 -0.000000 -0.000000 0 0
0.000000 -0.000000 -0.000000 0 0
0.000000 -0.000000 -0.000000 0 0
0.000000 -0.000000 -0.000000 0 0
0.000000 -0.000000 -0.000000 0 0
0.000000 -0.000000 -0.000000 0 0
0.000000 -0.000000 -0.000000 0 0
0.000000 -0.000000 -0.000000 0 0
0.000000 -0.000000 -0.000000 0 0
0.000000 -0.000000 -0.000000 0 0
0.000000 -0.000000 -0.000000 0 0
0.000000 -0.000000 -0.000000 0 0
0.000000 -0.000000 -0.000000 0 0
0.000000 -0.000000 -0.000000 0 0
0.000000 -0.000000 -0.000000 0 0
0.000000 -0.000000 -0.000000 0 0
0.000000 -0.000000 -0.000000 0 0
0.000000 -0.000000 -0.000000 0 0
0.000000 -0.000000 -0.000000 0 0
0.000000 -0.000000 -0.000000 0 0
0.000000 -0.000000 -0.000000 0 0
0.000000 -0.000000 -0.000000 0 0
0.000000 -0.000000 -0.000000 0 0
0.000000 -0.000000 -0.000000 0 0
0.000000 -0.000000 -0.000000 0 0
0.000000 -0.000000 -0.000000 0 0
0.000000 -0.000000 -0.000000 0 0
0.000000 -0.000000 -0.000000 0 0
0.000000 -0.000000 -0.000000 0 0
0.000000 -0.000000 -0.000000 0 0
0.000000 -0.000000 -0.000000 0 0
0.000000 -0.000000 -0.000000 0 0
0.000000 -0.000000 -0.000000 0 0
0.000000 -0.000000 -0.000000 0 0
0.000000 -0.000000 -0.000000 0 0
0.000000 -0.000000 -0.000000 0 0
0.000000 -0.000000 -0.000000 0 128
0.000000 -0.000000 -0.000000 0 0
0.000000 -0.000000 -0.000000 0 0
0.000000 -0.000000 -0.000000 0 0
0.000000 -0.000000 -0.000000 0 192
0.000000 -0.000000 -0.000000 0 0
0.000000 -0.000000 -0.000000 0 0
0.000000 -0.000000 -0.000000 0 128
0.000000 -0.000000 -0.000000 0 128
0.000000 -0.000000 -0.000000 0 0
0.000000 -0.000000 -0.000000 0 128
0.000000 -0.000000 -0.000000 0 128
0.000000 -0.000000 -0.000000 0 128
0.000000 -0.000000 -0.000000 0 0
0.000000 -0.000000 -0.000000 0 128
0.000000 -0.000000 -0.000000 0 0
0.000000 -0.000000 -0.000000 0 128
0.000000 -0.000000 -0.000000 0 192
0.000000 -0.000000 -0.000000 0 128
0.000000 -0.000000 -0.000000 0 0
0.000000 -0.000000 -0.000000 0 128
0.000000 -0.000000 -0.000000 0 0
0.000000 -0.000000 -0.000000 0 0
0.000000 -0.000000 -0.000000 0 0
0.000000 -0.000000 -0.000000 0 0
0.000000 -0.000000 -0.000000 0 0
0.000000 -0.000000 -0.000000 0 0
0.000000 -0.000000 -0.000000 0 0
0.000000 -0.000000 -0.000000 0 0
0.000000 -0.000000 -0.000000 0 0
0.000000 -0.000000 -0.000000 0 0
0.000000 -0.000000 -0.000000 0 0
0.000000 -0.000000 -0.000000 0 0
0.000000 -0.000000 -0.000000 0 0
0.000000 -0.000000 -0.000000 0 0
0.000000 -0.000000 -0.000000 0 0
0.000000 -0.000000 -0.000000 0 0
0.000000 -0.000000 -0.000000 0 0
0.000000 -0.000000 -0.000000 0 0
0.000000 -0.000000 -0.000000 0 0
0.000000 -0.000000 -0.000000 0 0
0.000000 -0.000000 -0.000000 0 0
0.000000 -0.000000 -0.000000 0 0
0.000000 -0.000000 -0.000000 0 0
0.000000 -0.000000 -0.000000 0 0
0.000000 -0.000000 -0.000000 0 0
0.000000 -0.000000 -0.000000 0 0
0.000000 -0.000000 -0.000000 0 0
0.000000 -0.000000 -0.000000 0 0
0.000000 -0.000000 -0.000000 0 0
0.000000 -0.000000 -0.000000 0 0
0.000000 -0.000000 -0.000000 0 0
0.000000 -0.000000 -0.000000 0 0
0.000000 -0.000000 -0.000000 0 0
0.000000 -0.000000 -0.000000 0 0
0.000000 -0.000000 -0.000000 0 0
0.000000 -0.000000 -0.000000 0 0
0.000000 -0.000000 -0.000000 0 0
0.000000 -0.000000 -0.000000 0 0
0.000000 -0.000000 -0.000000 0 0
0.000000 -0.000000 -0.000000 0 0
0.000000 -0.000000 -0.000000 0 0
0.000000 -0.000000 -0.000000 0 0
0.000000 -0.000000 -0.000000 0 0
0.000000 -0.000000 -0.000000 0 0
0.000000 -0.000000 -0.000000 0 0
0.000000 -0.000000 -0.000000 0 0
0.000000 -0.000000 -0.000000 0 0
0.000000 -0.000000 -0.000000 0 0
0.000000 -0.000000 -0.000000 0 0
0.000000 -0.000000 -0.000000 0 0
0.000000 -0.000000 -0.000000 0 0
0.000000 -0.000000 -0.000000 0 0
0.000000 -0.000000 -0.000000 0 0
0.000000 -0.000000 -0.000000 0 0
0.000000 -0.000000 -0.000000 0 0
0.000000 -0.000000 -0.000000 0 0
0.000000 -0.000000 -0.000000 0 0
0.000000 -0.000000 -0.000000 0 0
0.000000 -0.000000 -0.000000 0 0
0.000000 -0.000000 -0.000000 0 0
0.000000 -0.000000 -0.000000 0 0
0.000000 -0.000000 -0.000000 0 0
0.000000 -0.000000 -0.000000 0 0
0.000000 -0.000000 -0.000000 0 0
0.000000 -0.000000 -0.000000 0 0
0.000000 -0.000000 -0.000000 0 0
0.000000 -0.000000 -0.000000 0 0
0.000000 -0.000000 -0.000000 0 0
0.000000 -0.000000 -0.000000 0 0
0.000000 -0.000000 -0.000000 0 0
0.000000 -0.000000 -0.000000 0 0
0.000000 -0.000000 -0.000000 0 0
0.000000 -0.000000 -0.000000 0 0
0.000000 -0.000000 -0.000000 0 0
0.000000 -0.000000 -0.000000 0 0
0.000000 -0.000000 -0.000000 0 128
0.000000 -0.000000 -0.000000 0 0
0.000000 -0.000000 -0.000000 0 0
0.000000 -0.000000 -0.000000 0 0
0.000000 -0.000000 -0.000000 0 192
0.000000 -0.000000 -0.000000 0 0
0.000000 -0.000000 -0.000000 0 0
0.000000 -0.000000 -0.000000 0 128
0.000000 -0.000000 -0.000000 0 128
0.000000 -0.000000 -0.000000 0 0
0.000000 -0.000000 -0.000000 0 128
0.000000 -0.000000 -0.000000 0 128
0.000000 -0.000000 -0.000000 0 128
0.000000 -0.000000 -0.000000 0 0
0.000000 -0.000000 -0.000000 0 128
0.000000 -0.000000 -0.000000 0 0
0.000000 -0.000000 -0.000000 0 128
0.000000 -0.000000 -0.000000 0 192
0.000000 -0.000000 -0.000000 0 128
0.000000 -0.000000 -0.000000 0 0
0.000000 -0.000000 -0.000000 0 128
0.000000 -0.000000 -0.000000 0 128
0.000000 -0.000000 -0.000000 0 128
0.000000 -0.000000 -0.000000 0 0
0.000000 -0.000000 -0.000000 0 128
0.000000 -0.000000 -0.000000 0 128
0.000000 -0.000000 -0.000000 0 128
0.000000 -0.000000 -0.000000 0 0
0.000000 -0.000000 -0.000000 0 128
0.000000 -0.000000 -0.000000 0 128
0.000000 -0.000000 -0.000000 0 128
0.000000 -0.000000 -0.000000 0 0
0.000000 -0.000000 -0.000000 0 128
0.000000 -0.000000 -0.000000 0 128
0.000000 -0.000000 -0.000000 0 128
0.000000 -0.000000 -0.000000 0 0
0.000000 -0.000000 -0.000000 0 128
0.000000 -0.000000 -0.000000 0 128
0.000000 -0.000000 -0.000000 0 128
0.000000 -0.000000 -0.000000 0 0
0.000000 -0.000000 -0.000000 0 128
0.000000 -0.000000 -0.000000 0 128
0.000000 -0.000000 -0.000000 0 128
0.000000 -0.000000 -0.000000 0 0
0.000000 -0.000000 -0.000000 0 128
0.000000 -0.000000 -0.000000 0 128
0.000000 -0.000000 -0.000000 0 128
0.000000 -0.000000 -0.000000 0 128
0.000000 -0.000000 -0.000000 0 128
0.000000 -0.000000 -0.000000 0 128
0.000000 -0.000000 -0.000000 0 128
0.000000 -0.000000 -0.000000 0 128
0.000000 -0.000000 -0.000000 0 192
0.000000 -0.000000 -0.000000 0 128
0.000000 -0.000000 -0.000000 0 128
0.000000 -0.000000 -0.000000 0 128
0.000000 -0.000000 -0.000000 0 0
0.000000 -0.000000 -0.000000 0 128
0.000000 -0.000000 -0.000000 0 128
0.000000 -0.000000 -0.000000 0 192
0.708000 -1.225000 -0.270000 10 0
0.000000 -0.000000 -0.000000 0 128
0.000000 -0.000000 -0.000000 0 192
0.733000 -1.217000 -0.272000 2 64
0.681000 -1.242000 -0.271000 9 0
0.000000 -0.000000 -0.000000 0 128
0.000000 -0.000000 -0.000000 0 0
0.689000 -1.207000 -0.266000 64 0
0.643000 -1.242000 -0.268000 5 0
0.000000 -0.000000 -0.000000 0 128
0.000000 -0.000000 -0.000000 0 0
0.667000 -1.233000 -0.268000 9 0
1.087000 -2.224000 -0.476000 1 0
0.000000 -0.000000 -0.000000 0 192
0.694000 -1.225000 -0.266000 4 0
0.637000 -1.246000 -0.268000 1 0
1.036000 -2.252000 -0.478000 9 0
0.000000 -0.000000 -0.000000 0 0
0.663000 -1.237000 -0.264000 2 0
1.080000 -2.239000 -0.475000 1 0
0.904000 -2.091000 -0.440000 95 1
1.243000 -2.202000 -0.466000 0 0
1.145000 -2.257000 -0.474000 1 0
1.024000 -2.256000 -0.473000 10 0
0.848000 -2.095000 -0.438000 106 0
1.214000 -2.270000 -0.471000 9 0
1.100000 -2.299000 -0.476000 8 0
0.890000 -2.087000 -0.433000 100 1
0.796000 -2.104000 -0.437000 111 0
1.176000 -2.327000 -0.474000 8 0
0.985000 -2.188000 -0.446000 126 1
0.837000 -2.096000 -0.431000 103 0
0.745000 -2.116000 -0.437000 105 0
1.136000 -2.382000 -0.476000 8 0
0.883000 -2.090000 -0.420000 99 0
0.784000 -2.103000 -0.428000 104 0
0.694000 -2.126000 -0.437000 102 0
1.055000 -2.348000 -0.461000 14 0
0.834000 -2.106000 -0.418000 88 0
0.735000 -2.119000 -0.428000 103 0
0.720000 -2.392000 -0.490000 9 2
0.900000 -2.135000 -0.411000 36 0
0.784000 -2.120000 -0.415000 47 0
0.688000 -2.140000 -0.429000 103 0
0.681000 -2.467000 -0.503000 11 0
0.849000 -2.153000 -0.408000 15 0
0.740000 -2.155000 -0.417000 92 0
0.741000 -2.501000 -0.497000 7 2
0.620000 -2.466000 -0.501000 8 0
0.797000 -2.167000 -0.403000 17 0
0.720000 -2.266000 -0.433000 127 0
0.694000 -2.561000 -0.506000 14 0
0.563000 -2.478000 -0.502000 8 0
0.741000 -2.170000 -0.397000 99 0
0.769000 -2.631000 -0.498000 8 0
0.633000 -2.565000 -0.503000 7 0
0.508000 -2.498000 -0.505000 8 0
0.000000 -0.000000 -0.000000 0 128
0.000000 -0.000000 -0.000000 0 128
0.000000 -0.000000 -0.000000 0 0
0.000000 -0.000000 -0.000000 0 128
0.000000 -0.000000 -0.000000 0 128
0.000000 -0.000000 -0.000000 0 128
0.000000 -0.000000 -0.000000 0 0
0.000000 -0.000000 -0.000000 0 128
0.000000 -0.000000 -0.000000 0 128
0.000000 -0.000000 -0.000000 0 128
0.000000 -0.000000 -0.000000 0 0
0.000000 -0.000000 -0.000000 0 128
0.000000 -0.000000 -0.000000 0 128
0.000000 -0.000000 -0.000000 0 128
0.000000 -0.000000 -0.000000 0 0
0.000000 -0.000000 -0.000000 0 128
0.000000 -0.000000 -0.000000 0 128
0.000000 -0.000000 -0.000000 0 128
0.000000 -0.000000 -0.000000 0 0
0.000000 -0.000000 -0.000000 0 128
0.000000 -0.000000 -0.000000 0 128
0.000000 -0.000000 -0.000000 0 128
0.000000 -0.000000 -0.000000 0 0
0.000000 -0.000000 -0.000000 0 128
0.000000 -0.000000 -0.000000 0 128
0.000000 -0.000000 -0.000000 0 128
0.000000 -0.000000 -0.000000 0 128
0.000000 -0.000000 -0.000000 0 128
0.000000 -0.000000 -0.000000 0 128
0.000000 -0.000000 -0.000000 0 128
0.000000 -0.000000 -0.000000 0 128
0.000000 -0.000000 -0.000000 0 192
0.000000 -0.000000 -0.000000 0 128
0.000000 -0.000000 -0.000000 0 128
0.000000 -0.000000 -0.000000 0 128
0.000000 -0.000000 -0.000000 0 0
0.000000 -0.000000 -0.000000 0 128
0.000000 -0.000000 -0.000000 0 128
0.000000 -0.000000 -0.000000 0 192
0.708000 -1.225000 -0.270000 10 0
0.000000 -0.000000 -0.000000 0 128
0.000000 -0.000000 -0.000000 0 192
0.733000 -1.217000 -0.272000 2 64
0.681000 -1.242000 -0.271000 9 0
0.000000 -0.000000 -0.000000 0 128
0.000000 -0.000000 -0.000000 0 0
0.689000 -1.207000 -0.266000 64 0
0.643000 -1.242000 -0.268000 5 0
0.000000 -0.000000 -0.000000 0 128
0.000000 -0.000000 -0.000000 0 0
0.667000 -1.233000 -0.268000 9 0
1.087000 -2.224000 -0.476000 1 0
0.000000 -0.000000 -0.000000 0 192
0.694000 -1.225000 -0.266000 4 0
0.637000 -1.246000 -0.268000 1 0
1.036000 -2.252000 -0.478000 9 0
0.000000 -0.000000 -0.000000 0 0
0.663000 -1.237000 -0.264000 2 0
1.080000 -2.239000 -0.475000 1 0
0.904000 -2.091000 -0.440000 95 1
1.243000 -2.202000 -0.466000 0 0
1.145000 -2.257000 -0.474000 1 0
1.024000 -2.256000 -0.473000 10 0
0.848000 -2.095000 -0.438000 106 0
1.214000 -2.270000 -0.471000 9 0
1.100000 -2.299000 -0.476000 8 0
0.890000 -2.087000 -0.433000 100 1
0.796000 -2.104000 -0.437000 111 0
1.176000 -2.327000 -0.474000 8 0
0.985000 -2.188000 -0.446000 126 1
0.837000 -2.096000 -0.431000 103 0
0.745000 -2.116000 -0.437000 105 0
1.136000 -2.382000 -0.476000 8 0
0.883000 -2.090000 -0.420000 99 0
0.784000 -2.103000 -0.428000 104 0
0.694000 -2.126000 -0.437000 102 0
1.055000 -2.348000 -0.461000 14 0
0.834000 -2.106000 -0.418000 88 0
0.735000 -2.119000 -0.428000 103 0
0.720000 -2.392000 -0.490000 9 2
0.900000 -2.135000 -0.411000 36 0
0.784000 -2.120000 -0.415000 47 0
0.688000 -2.140000 -0.429000 103 0
0.681000 -2.467000 -0.503000 11 0
0.849000 -2.153000 -0.408000 15 0
0.740000 -2.155000 -0.417000 92 0
0.741000 -2.501000 -0.497000 7 2
0.620000 -2.466000 -0.501000 8 0
0.797000 -2.167000 -0.403000 17 0
0.720000 -2.266000 -0.433000 127 0
0.694000 -2.561000 -0.506000 14 0
0.563000 -2.478000 -0.502000 8 0
0.741000 -2.170000 -0.397000 99 0
0.769000 -2.631000 -0.498000 8 0
0.633000 -2.565000 -0.503000 7 0
0.508000 -2.498000 -0.505000 8 0
0.859000 -2.721000 -0.491000 14 0
0.709000 -2.653000 -0.497000 21 0
0.574000 -2.586000 -0.504000 7 0
0.451000 -2.514000 -0.508000 8 0
0.781000 -2.692000 -0.478000 39 0
0.662000 -2.733000 -0.506000 9 0
0.518000 -2.615000 -0.507000 7 0
0.393000 -2.529000 -0.510000 8 0
0.706000 -2.664000 -0.467000 40 0
0.600000 -2.752000 -0.505000 8 0
0.459000 -2.637000 -0.509000 7 0
0.337000 -2.545000 -0.513000 4 0
0.683000 -2.843000 -0.491000 6 0
0.540000 -2.783000 -0.507000 7 0
0.401000 -2.662000 -0.512000 7 0
0.000000 -0.000000 -0.000000 0 0
0.624000 -2.894000 -0.493000 1 0
0.479000 -2.818000 -0.509000 4 0
0.000000 -0.000000 -0.000000 0 0
0.000000 -0.000000 -0.000000 0 192
0.582000 -3.043000 -0.512000 6 0
0.418000 -2.864000 -0.513000 5 0
0.000000 -0.000000 -0.000000 0 192
0.000000 -0.000000 -0.000000 0 192
0.518000 -3.098000 -0.515000 6 0
0.375000 -3.062000 -0.545000 4 0
0.000000 -0.000000 -0.000000 0 192
0.000000 -0.000000 -0.000000 0 192
0.447000 -3.124000 -0.514000 7 0
0.000000 -0.000000 -0.000000 0 0
0.000000 -0.000000 -0.000000 0 192
0.000000 -0.000000 -0.000000 0 192
0.000000 -0.000000 -0.000000 0 0
0.000000 -0.000000 -0.000000 0 192
0.000000 -0.000000 -0.000000 0 192
0.000000 -0.000000 -0.000000 0 192
0.000000 -0.000000 -0.000000 0 192
0.000000 -0.000000 -0.000000 0 192
0.000000 -0.000000 -0.000000 0 192
0.000000 -0.000000 -0.000000 0 192
0.000000 -0.000000 -0.000000 0 192
0.000000 -0.000000 -0.000000 0 192
0.000000 -0.000000 -0.000000 0 192
-0.167000 -3.320000 -0.678000 1 72
0.000000 -0.000000 -0.000000 0 192
0.000000 -0.000000 -0.000000 0 192
0.000000 -0.000000 -0.000000 0 192
-0.204000 -2.788000 -0.571000 7 0
0.000000 -0.000000 -0.000000 0 192
0.000000 -0.000000 -0.000000 0 192
-0.190000 -3.330000 -0.631000 15 0
-0.279000 -2.914000 -0.600000 42 0
0.000000 -0.000000 -0.000000 0 192
-0.139000 -3.418000 -0.589000 4 0
-0.243000 -3.029000 -0.575000 25 0
-0.230000 -1.935000 -0.400000 3 0
0.000000 -0.000000 -0.000000 0 192
-0.211000 -3.297000 -0.567000 5 0
-0.294000 -2.850000 -0.542000 15 0
0.000000 -0.000000 -0.000000 0 0
0.000000 -0.000000 -0.000000 0 192
0.000000 -0.000000 -0.000000 0 0
-0.233000 -1.841000 -0.351000 1 0
0.000000 -0.000000 -0.000000 0 0
0.000000 -0.000000 -0.000000 0 128
0.000000 -0.000000 -0.000000 0 0
-0.260000 -1.740000 -0.332000 1 0
-0.298000 -1.585000 -0.333000 2 0
0.000000 -0.000000 -0.000000 0 0
-0.243000 -1.806000 -0.309000 1 0
-0.283000 -1.638000 -0.314000 1 0
-0.315000 -1.489000 -0.315000 1 0
-0.219000 -1.864000 -0.281000 0 0
-0.269000 -1.703000 -0.291000 1 0
-0.305000 -1.552000 -0.298000 1 0
-0.478000 -2.035000 -0.434000 47 0
-0.249000 -1.759000 -0.264000 1 0
-0.292000 -1.601000 -0.274000 1 0
-0.334000 -1.512000 -0.292000 0 0
-0.504000 -1.947000 -0.418000 54 0
-0.276000 -1.659000 -0.249000 1 0
-0.310000 -1.499000 -0.257000 1 0
-0.491000 -2.007000 -0.390000 50 0
-0.527000 -1.864000 -0.403000 51 0
-0.297000 -1.557000 -0.233000 1 0
-0.476000 -2.061000 -0.354000 30 0
-0.514000 -1.909000 -0.373000 52 0
-0.534000 -1.739000 -0.380000 101 0
-0.342000 -1.589000 -0.237000 5 0
-0.502000 -1.963000 -0.338000 54 0
-0.535000 -1.823000 -0.358000 53 0
-0.434000 -1.308000 -0.288000 3 0
-0.489000 -2.030000 -0.302000 50 0
-0.526000 -1.873000 -0.324000 56 0
-0.533000 -1.671000 -0.330000 94 0
-0.462000 -1.296000 -0.288000 0 0
0.859000 -2.721000 -0.491000 14 0
0.709000 -2.653000 -0.497000 21 0
0.574000 -2.586000 -0.504000 7 0
0.451000 -2.514000 -0.508000 8 0
0.781000 -2.692000 -0.478000 39 0
0.662000 -2.733000 -0.506000 9 0
0.518000 -2.615000 -0.507000 7 0
0.393000 -2.529000 -0.510000 8 0
0.706000 -2.664000 -0.467000 40 0
0.600000 -2.752000 -0.505000 8 0
0.459000 -2.637000 -0.509000 7 0
0.337000 -2.545000 -0.513000 4 0
0.683000 -2.843000 -0.491000 6 0
0.540000 -2.783000 -0.507000 7 0
0.401000 -2.662000 -0.512000 7 0
0.000000 -0.000000 -0.000000 0 0
0.624000 -2.894000 -0.493000 1 0
0.479000 -2.818000 -0.509000 4 0
0.000000 -0.000000 -0.000000 0 0
0.000000 -0.000000 -0.000000 0 192
0.582000 -3.043000 -0.512000 6 0
0.418000 -2.864000 -0.513000 5 0
0.000000 -0.000000 -0.000000 0 192
0.000000 -0.000000 -0.000000 0 192
0.518000 -3.098000 -0.515000 6 0
0.375000 -3.062000 -0.545000 4 0
0.000000 -0.000000 -0.000000 0 192
0.000000 -0.000000 -0.000000 0 192
0.447000 -3.124000 -0.514000 7 0
0.000000 -0.000000 -0.000000 0 0
0.000000 -0.000000 -0.000000 0 192
0.000000 -0.000000 -0.000000 0 192
0.000000 -0.000000 -0.000000 0 0
0.000000 -0.000000 -0.000000 0 192
0.000000 -0.000000 -0.000000 0 192
0.000000 -0.000000 -0.000000 0 192
0.000000 -0.000000 -0.000000 0 192
0.000000 -0.000000 -0.000000 0 192
0.000000 -0.000000 -0.000000 0 192
0.000000 -0.000000 -0.000000 0 192
0.000000 -0.000000 -0.000000 0 192
0.000000 -0.000000 -0.000000 0 192
0.000000 -0.000000 -0.000000 0 192
-0.167000 -3.320000 -0.678000 1 72
0.000000 -0.000000 -0.000000 0 192
0.000000 -0.000000 -0.000000 0 192
0.000000 -0.000000 -0.000000 0 192
-0.204000 -2.788000 -0.571000 7 0
0.000000 -0.000000 -0.000000 0 192
0.000000 -0.000000 -0.000000 0 192
-0.190000 -3.330000 -0.631000 15 0
-0.279000 -2.914000 -0.600000 42 0
0.000000 -0.000000 -0.000000 0 192
-0.139000 -3.418000 -0.589000 4 0
-0.243000 -3.029000 -0.575000 25 0
-0.230000 -1.935000 -0.400000 3 0
0.000000 -0.000000 -0.000000 0 192
-0.211000 -3.297000 -0.567000 5 0
-0.294000 -2.850000 -0.542000 15 0
0.000000 -0.000000 -0.000000 0 0
0.000000 -0.000000 -0.000000 0 192
0.000000 -0.000000 -0.000000 0 0
-0.233000 -1.841000 -0.351000 1 0
0.000000 -0.000000 -0.000000 0 0
0.000000 -0.000000 -0.000000 0 128
0.000000 -0.000000 -0.000000 0 0
-0.260000 -1.740000 -0.332000 1 0
-0.298000 -1.585000 -0.333000 2 0
0.000000 -0.000000 -0.000000 0 0
-0.243000 -1.806000 -0.309000 1 0
-0.283000 -1.638000 -0.314000 1 0
-0.315000 -1.489000 -0.315000 1 0
-0.219000 -1.864000 -0.281000 0 0
-0.269000 -1.703000 -0.291000 1 0
-0.305000 -1.552000 -0.298000 1 0
-0.478000 -2.035000 -0.434000 47 0
-0.249000 -1.759000 -0.264000 1 0
-0.292000 -1.601000 -0.274000 1 0
-0.334000 -1.512000 -0.292000 0 0
-0.504000 -1.947000 -0.418000 54 0
-0.276000 -1.659000 -0.249000 1 0
-0.310000 -1.499000 -0.257000 1 0
-0.491000 -2.007000 -0.390000 50 0
-0.527000 -1.864000 -0.403000 51 0
-0.297000 -1.557000 -0.233000 1 0
-0.476000 -2.061000 -0.354000 30 0
-0.514000 -1.909000 -0.373000 52 0
-0.534000 -1.739000 -0.380000 101 0
-0.342000 -1.589000 -0.237000 5 0
-0.502000 -1.963000 -0.338000 54 0
-0.535000 -1.823000 -0.358000 53 0
-0.434000 -1.308000 -0.288000 3 0
-0.489000 -2.030000 -0.302000 50 0
-0.526000 -1.873000 -0.324000 56 0
-0.533000 -1.671000 -0.330000 94 0
-0.462000 -1.296000 -0.288000 0 0
-0.513000 -1.927000 -0.287000 54 0
-0.547000 -1.785000 -0.310000 64 0
-0.446000 -1.296000 -0.258000 0 0
-0.471000 -1.231000 -0.276000 3 1
-0.535000 -1.834000 -0.273000 60 0
-0.435000 -1.311000 -0.228000 3 0
-0.471000 -1.272000 -0.255000 4 0
-0.482000 -1.182000 -0.268000 0 0
-0.547000 -1.721000 -0.256000 85 0
-0.468000 -1.306000 -0.229000 0 0
-0.485000 -1.225000 -0.247000 0 0
0.000000 -0.000000 -0.000000 0 0
-0.445000 -1.291000 -0.192000 4 0
-0.486000 -1.265000 -0.222000 7 0
-0.487000 -1.154000 -0.235000 0 0
-0.499000 -1.082000 -0.251000 0 0
-0.488000 -1.314000 -0.196000 0 0
-0.491000 -1.194000 -0.211000 0 0
-0.473000 -1.052000 -0.216000 0 0
-0.638000 -1.306000 -0.306000 4 0
-0.497000 -1.246000 -0.187000 5 0
-0.496000 -1.129000 -0.201000 0 0
-0.597000 -1.250000 -0.260000 0 0
-0.665000 -1.289000 -0.306000 14 0
-0.510000 -1.195000 -0.180000 0 0
-0.498000 -1.066000 -0.191000 0 0
-0.659000 -1.303000 -0.274000 72 0
-0.682000 -1.252000 -0.301000 19 0
0.000000 -0.000000 -0.000000 0 0
-0.665000 -1.341000 -0.243000 18 0
-0.676000 -1.265000 -0.269000 13 0
-0.689000 -1.201000 -0.293000 13 0
-0.650000 -1.340000 -0.204000 13 0
-0.674000 -1.281000 -0.234000 13 0
-0.689000 -1.221000 -0.262000 13 0
-0.707000 -1.172000 -0.290000 17 64
-0.669000 -1.299000 -0.198000 14 0
-0.686000 -1.233000 -0.228000 13 0
-0.698000 -1.174000 -0.255000 16 0
-0.714000 -1.125000 -0.282000 17 0
-0.682000 -1.249000 -0.192000 14 0
-0.701000 -1.194000 -0.223000 16 0
-0.712000 -1.137000 -0.251000 16 0
-0.721000 -1.083000 -0.276000 17 0
-0.692000 -1.198000 -0.186000 13 0
-0.710000 -1.146000 -0.216000 16 0
-0.720000 -1.094000 -0.244000 15 0
-0.723000 -1.036000 -0.268000 16 64
-0.704000 -1.154000 -0.181000 17 0
-0.718000 -1.102000 -0.210000 16 0
-0.723000 -1.046000 -0.237000 16 0
-0.733000 -1.001000 -0.263000 16 64
-0.714000 -1.109000 -0.175000 17 0
-0.725000 -1.057000 -0.204000 15 0
-0.734000 -1.012000 -0.233000 15 0
-0.739000 -0.965000 -0.258000 16 0
-0.724000 -1.067000 -0.171000 17 64
-0.731000 -1.014000 -0.199000 15 0
-0.738000 -0.970000 -0.227000 15 0
-0.744000 -0.927000 -0.253000 16 0
-0.730000 -1.022000 -0.165000 17 64
-0.742000 -0.980000 -0.195000 15 0
-0.746000 -0.936000 -0.222000 15 0
-0.756000 -0.901000 -0.250000 17 0
-0.738000 -0.982000 -0.161000 17 0
-0.749000 -0.943000 -0.191000 15 0
-0.757000 -0.906000 -0.219000 15 0
-0.766000 -0.873000 -0.247000 23 0
-0.746000 -0.945000 -0.157000 17 0
-0.758000 -0.909000 -0.187000 15 0
-0.763000 -0.873000 -0.215000 14 0
-0.773000 -0.843000 -0.243000 17 0
-0.759000 -0.914000 -0.154000 18 0
-0.767000 -0.877000 -0.183000 14 0
-0.771000 -0.842000 -0.212000 14 0
-0.780000 -0.814000 -0.240000 22 0
-0.768000 -0.881000 -0.151000 18 0
-0.777000 -0.848000 -0.181000 14 0
-0.779000 -0.813000 -0.208000 14 0
-0.790000 -0.790000 -0.238000 23 0
-0.773000 -0.845000 -0.147000 18 0
-0.786000 -0.819000 -0.178000 15 0
-0.789000 -0.787000 -0.206000 15 0
-0.797000 -0.762000 -0.234000 23 0
-0.783000 -0.815000 -0.145000 24 0
-0.792000 -0.787000 -0.175000 14 0
-0.800000 -0.762000 -0.204000 15 0
-0.807000 -0.738000 -0.233000 24 0
-0.791000 -0.785000 -0.142000 18 0
-0.802000 -0.760000 -0.172000 15 0
-0.804000 -0.732000 -0.200000 14 0
-0.816000 -0.714000 -0.230000 23 0
-0.802000 -0.758000 -0.140000 19 0
-0.808000 -0.731000 -0.170000 14 0
-0.810000 -0.705000 -0.198000 15 0
-0.822000 -0.688000 -0.228000 23 0
-0.513000 -1.927000 -0.287000 54 0
-0.547000 -1.785000 -0.310000 64 0
-0.446000 -1.296000 -0.258000 0 0
-0.471000 -1.231000 -0.276000 3 1
-0.535000 -1.834000 -0.273000 60 0
-0.435000 -1.311000 -0.228000 3 0
-0.471000 -1.272000 -0.255000 4 0
-0.482000 -1.182000 -0.268000 0 0
-0.547000 -1.721000 -0.256000 85 0
-0.468000 -1.306000 -0.229000 0 0
-0.485000 -1.225000 -0.247000 0 0
0.000000 -0.000000 -0.000000 0 0
-0.445000 -1.291000 -0.192000 4 0
-0.486000 -1.265000 -0.222000 7 0
-0.487000 -1.154000 -0.235000 0 0
-0.499000 -1.082000 -0.251000 0 0
-0.488000 -1.314000 -0.196000 0 0
-0.491000 -1.194000 -0.211000 0 0
-0.473000 -1.052000 -0.216000 0 0
-0.638000 -1.306000 -0.306000 4 0
-0.497000 -1.246000 -0.187000 5 0
-0.496000 -1.129000 -0.201000 0 0
-0.597000 -1.250000 -0.260000 0 0
-0.665000 -1.289000 -0.306000 14 0
-0.510000 -1.195000 -0.180000 0 0
-0.498000 -1.066000 -0.191000 0 0
-0.659000 -1.303000 -0.274000 72 0
-0.682000 -1.252000 -0.301000 19 0
0.000000 -0.000000 -0.000000 0 0
-0.665000 -1.341000 -0.243000 18 0
-0.676000 -1.265000 -0.269000 13 0
-0.689000 -1.201000 -0.293000 13 0
-0.650000 -1.340000 -0.204000 13 0
-0.674000 -1.281000 -0.234000 13 0
-0.689000 -1.221000 -0.262000 13 0
-0.707000 -1.172000 -0.290000 17 64
-0.669000 -1.299000 -0.198000 14 0
-0.686000 -1.233000 -0.228000 13 0
-0.698000 -1.174000 -0.255000 16 0
-0.714000 -1.125000 -0.282000 17 0
-0.682000 -1.249000 -0.192000 14 0
-0.701000 -1.194000 -0.223000 16 0
-0.712000 -1.137000 -0.251000 16 0
-0.721000 -1.083000 -0.276000 17 0
-0.692000 -1.198000 -0.186000 13 0
-0.710000 -1.146000 -0.216000 16 0
-0.720000 -1.094000 -0.244000 15 0
-0.723000 -1.036000 -0.268000 16 64
-0.704000 -1.154000 -0.181000 17 0
-0.718000 -1.102000 -0.210000 16 0
-0.723000 -1.046000 -0.237000 16 0
-0.733000 -1.001000 -0.263000 16 64
-0.714000 -1.109000 -0.175000 17 0
-0.725000 -1.057000 -0.204000 15 0
-0.734000 -1.012000 -0.233000 15 0
-0.739000 -0.965000 -0.258000 16 0
-0.724000 -1.067000 -0.171000 17 64
-0.731000 -1.014000 -0.199000 15 0
-0.738000 -0.970000 -0.227000 15 0
-0.744000 -0.927000 -0.253000 16 0
-0.730000 -1.022000 -0.165000 17 64
-0.742000 -0.980000 -0.195000 15 0
-0.746000 -0.936000 -0.222000 15 0
-0.756000 -0.901000 -0.250000 17 0
-0.738000 -0.982000 -0.161000 17 0
-0.749000 -0.943000 -0.191000 15 0
-0.757000 -0.906000 -0.219000 15 0
-0.766000 -0.873000 -0.247000 23 0
-0.746000 -0.945000 -0.157000 17 0
-0.758000 -0.909000 -0.187000 15 0
-0.763000 -0.873000 -0.215000 14 0
-0.773000 -0.843000 -0.243000 17 0
-0.759000 -0.914000 -0.154000 18 0
-0.767000 -0.877000 -0.183000 14 0
-0.771000 -0.842000 -0.212000 14 0
-0.780000 -0.814000 -0.240000 22 0
-0.768000 -0.881000 -0.151000 18 0
-0.777000 -0.848000 -0.181000 14 0
-0.779000 -0.813000 -0.208000 14 0
-0.790000 -0.790000 -0.238000 23 0
-0.773000 -0.845000 -0.147000 18 0
-0.786000 -0.819000 -0.178000 15 0
-0.789000 -0.787000 -0.206000 15 0
-0.797000 -0.762000 -0.234000 23 0
-0.783000 -0.815000 -0.145000 24 0
-0.792000 -0.787000 -0.175000 14 0
-0.800000 -0.762000 -0.204000 15 0
-0.807000 -0.738000 -0.233000 24 0
-0.791000 -0.785000 -0.142000 18 0
-0.802000 -0.760000 -0.172000 15 0
-0.804000 -0.732000 -0.200000 14 0
-0.816000 -0.714000 -0.230000 23 0
-0.802000 -0.758000 -0.140000 19 0
-0.808000 -0.731000 -0.170000 14 0
-0.810000 -0.705000 -0.198000 15 0
-0.822000 -0.688000 -0.228000 23 0
-0.811000 -0.729000 -0.138000 19 0
-0.817000 -0.705000 -0.168000 14 0
-0.817000 -0.679000 -0.195000 15 0
-0.830000 -0.664000 -0.226000 24 0
-0.817000 -0.700000 -0.136000 24 0
-0.825000 -0.679000 -0.166000 14 0
-0.825000 -0.655000 -0.193000 15 0
-0.831000 -0.635000 -0.222000 23 0
-0.825000 -0.673000 -0.134000 24 0
-0.828000 -0.650000 -0.163000 14 0
-0.834000 -0.631000 -0.192000 14 0
-0.836000 -0.611000 -0.219000 23 0
-0.836000 -0.649000 -0.133000 24 0
-0.836000 -0.625000 -0.161000 14 0
-0.838000 -0.605000 -0.189000 17 0
-0.848000 -0.591000 -0.219000 23 0
-0.840000 -0.620000 -0.131000 23 0
-0.844000 -0.600000 -0.160000 14 0
-0.829000 -0.571000 -0.184000 16 0
-0.855000 -0.569000 -0.217000 22 0
-0.851000 -0.597000 -0.129000 23 0
-0.852000 -0.577000 -0.158000 14 0
-0.837000 -0.548000 -0.183000 13 0
-0.854000 -0.542000 -0.214000 22 0
-0.842000 -0.560000 -0.126000 21 0
-0.856000 -0.550000 -0.156000 13 0
-0.846000 -0.527000 -0.182000 15 0
-0.861000 -0.520000 -0.212000 22 0
-0.848000 -0.535000 -0.124000 17 64
-0.861000 -0.525000 -0.154000 13 0
-0.855000 -0.506000 -0.181000 16 0
-0.866000 -0.497000 -0.210000 21 0
-0.856000 -0.512000 -0.123000 21 0
-0.868000 -0.502000 -0.153000 14 0
-0.860000 -0.483000 -0.179000 15 0
-0.810000 -0.442000 -0.194000 19 1
-0.864000 -0.489000 -0.123000 17 64
-0.870000 -0.476000 -0.151000 16 0
-0.577000 -0.307000 -0.118000 7 18
-0.874000 -0.453000 -0.207000 21 0
-0.597000 -0.319000 -0.083000 11 18
-0.868000 -0.449000 -0.149000 12 0
-0.871000 -0.439000 -0.177000 15 0
-0.882000 -0.432000 -0.206000 21 0
-0.876000 -0.441000 -0.121000 17 64
-0.875000 -0.427000 -0.148000 12 0
-0.875000 -0.416000 -0.175000 15 0
-0.881000 -0.408000 -0.203000 20 0
-0.881000 -0.417000 -0.120000 17 64
-0.883000 -0.406000 -0.147000 12 0
-0.879000 -0.394000 -0.174000 15 0
-0.888000 -0.388000 -0.203000 20 0
-0.883000 -0.392000 -0.118000 17 64
-0.886000 -0.382000 -0.146000 12 0
-0.888000 -0.374000 -0.173000 15 0
-0.894000 -0.368000 -0.201000 20 0
-0.887000 -0.368000 -0.118000 17 64
-0.895000 -0.361000 -0.146000 11 0
0.000000 -0.000000 -0.000000 0 0
0.000000 -0.000000 -0.000000 0 0
0.000000 -0.000000 -0.000000 0 0
0.000000 -0.000000 -0.000000 0 0
0.000000 -0.000000 -0.000000 0 0
0.000000 -0.000000 -0.000000 0 0
0.000000 -0.000000 -0.000000 0 0
-0.598000 -0.209000 -0.095000 0 0
0.000000 -0.000000 -0.000000 0 0
0.000000 -0.000000 -0.000000 0 0
0.000000 -0.000000 -0.000000 0 192
-0.595000 -0.193000 -0.094000 0 0
-0.854000 -0.272000 -0.160000 1 0
-0.894000 -0.280000 -0.193000 12 0
-0.907000 -0.277000 -0.116000 16 64
-0.915000 -0.273000 -0.143000 12 2
-0.907000 -0.266000 -0.168000 15 0
-0.915000 -0.264000 -0.196000 19 0
-0.912000 -0.254000 -0.115000 16 64
-0.914000 -0.249000 -0.142000 12 0
-0.915000 -0.246000 -0.168000 15 0
-0.921000 -0.244000 -0.196000 19 0
-0.917000 -0.232000 -0.115000 16 64
-0.925000 -0.229000 -0.143000 12 0
-0.920000 -0.226000 -0.168000 15 0
-0.924000 -0.224000 -0.195000 19 0
-0.923000 -0.210000 -0.115000 16 64
-0.928000 -0.207000 -0.142000 12 0
-0.926000 -0.205000 -0.168000 15 0
-0.931000 -0.204000 -0.194000 19 0
-0.928000 -0.187000 -0.115000 16 64
-0.935000 -0.186000 -0.142000 12 0
-0.930000 -0.184000 -0.167000 15 0
-0.938000 -0.184000 -0.194000 19 0
-0.936000 -0.165000 -0.116000 17 64
-0.942000 -0.164000 -0.143000 12 0
-0.934000 -0.163000 -0.167000 15 0
-0.937000 -0.163000 -0.193000 19 0
-0.811000 -0.729000 -0.138000 19 0
-0.817000 -0.705000 -0.168000 14 0
-0.817000 -0.679000 -0.195000 15 0
-0.830000 -0.664000 -0.226000 24 0
-0.817000 -0.700000 -0.136000 24 0
-0.825000 -0.679000 -0.166000 14 0
-0.825000 -0.655000 -0.193000 15 0
-0.831000 -0.635000 -0.222000 23 0
-0.825000 -0.673000 -0.134000 24 0
-0.828000 -0.650000 -0.163000 14 0
-0.834000 -0.631000 -0.192000 14 0
-0.836000 -0.611000 -0.219000 23 0
-0.836000 -0.649000 -0.133000 24 0
-0.836000 -0.625000 -0.161000 14 0
-0.838000 -0.605000 -0.189000 17 0
-0.848000 -0.591000 -0.219000 23 0
-0.840000 -0.620000 -0.131000 23 0
-0.844000 -0.600000 -0.160000 14 0
-0.829000 -0.571000 -0.184000 16 0
-0.855000 -0.569000 -0.217000 22 0
-0.851000 -0.597000 -0.129000 23 0
-0.852000 -0.577000 -0.158000 14 0
-0.837000 -0.548000 -0.183000 13 0
-0.854000 -0.542000 -0.214000 22 0
-0.842000 -0.560000 -0.126000 21 0
-0.856000 -0.550000 -0.156000 13 0
-0.846000 -0.527000 -0.182000 15 0
-0.861000 -0.520000 -0.212000 22 0
-0.848000 -0.535000 -0.124000 17 64
-0.861000 -0.525000 -0.154000 13 0
-0.855000 -0.506000 -0.181000 16 0
-0.866000 -0.497000 -0.210000 21 0
-0.856000 -0.512000 -0.123000 21 0
-0.868000 -0.502000 -0.153000 14 0
-0.860000 -0.483000 -0.179000 15 0
-0.810000 -0.442000 -0.194000 19 1
-0.864000 -0.489000 -0.123000 17 64
-0.870000 -0.476000 -0.151000 16 0
-0.577000 -0.307000 -0.118000 7 18
-0.874000 -0.453000 -0.207000 21 0
-0.597000 -0.319000 -0.083000 11 18
-0.868000 -0.449000 -0.149000 12 0
-0.871000 -0.439000 -0.177000 15 0
-0.882000 -0.432000 -0.206000 21 0
-0.876000 -0.441000 -0.121000 17 64
-0.875000 -0.427000 -0.148000 12 0
-0.875000 -0.416000 -0.175000 15 0
-0.881000 -0.408000 -0.203000 20 0
-0.881000 -0.417000 -0.120000 17 64
-0.883000 -0.406000 -0.147000 12 0
-0.879000 -0.394000 -0.174000 15 0
-0.888000 -0.388000 -0.203000 20 0
-0.883000 -0.392000 -0.118000 17 64
-0.886000 -0.382000 -0.146000 12 0
-0.888000 -0.374000 -0.173000 15 0
-0.894000 -0.368000 -0.201000 20 0
-0.887000 -0.368000 -0.118000 17 64
-0.895000 -0.361000 -0.146000 11 0
0.000000 -0.000000 -0.000000 0 0
0.000000 -0.000000 -0.000000 0 0
0.000000 -0.000000 -0.000000 0 0
0.000000 -0.000000 -0.000000 0 0
0.000000 -0.000000 -0.000000 0 0
0.000000 -0.000000 -0.000000 0 0
0.000000 -0.000000 -0.000000 0 0
-0.598000 -0.209000 -0.095000 0 0
0.000000 -0.000000 -0.000000 0 0
0.000000 -0.000000 -0.000000 0 0
0.000000 -0.000000 -0.000000 0 192
-0.595000 -0.193000 -0.094000 0 0
-0.854000 -0.272000 -0.160000 1 0
-0.894000 -0.280000 -0.193000 12 0
-0.907000 -0.277000 -0.116000 16 64
-0.915000 -0.273000 -0.143000 12 2
-0.907000 -0.266000 -0.168000 15 0
-0.915000 -0.264000 -0.196000 19 0
-0.912000 -0.254000 -0.115000 16 64
-0.914000 -0.249000 -0.142000 12 0
-0.915000 -0.246000 -0.168000 15 0
-0.921000 -0.244000 -0.196000 19 0
-0.917000 -0.232000 -0.115000 16 64
-0.925000 -0.229000 -0.143000 12 0
-0.920000 -0.226000 -0.168000 15 0
-0.924000 -0.224000 -0.195000 19 0
-0.923000 -0.210000 -0.115000 16 64
-0.928000 -0.207000 -0.142000 12 0
-0.926000 -0.205000 -0.168000 15 0
-0.931000 -0.204000 -0.194000 19 0
-0.928000 -0.187000 -0.115000 16 64
-0.935000 -0.186000 -0.142000 12 0
-0.930000 -0.184000 -0.167000 15 0
-0.938000 -0.184000 -0.194000 19 0
-0.936000 -0.165000 -0.116000 17 64
-0.942000 -0.164000 -0.143000 12 0
-0.934000 -0.163000 -0.167000 15 0
-0.937000 -0.163000 -0.193000 19 0
-0.940000 -0.143000 -0.116000 17 64
-0.945000 -0.142000 -0.142000 12 0
-0.940000 -0.142000 -0.167000 15 0
-0.943000 -0.143000 -0.193000 19 0
-0.950000 -0.121000 -0.117000 17 64
-0.950000 -0.120000 -0.143000 12 0
-0.945000 -0.121000 -0.167000 15 0
-0.946000 -0.122000 -0.192000 19 0
-0.952000 -0.098000 -0.117000 17 64
-0.953000 -0.098000 -0.142000 12 0
-0.953000 -0.100000 -0.167000 15 0
-0.956000 -0.102000 -0.193000 19 0
-0.958000 -0.075000 -0.117000 17 64
-0.961000 -0.076000 -0.143000 12 0
-0.953000 -0.078000 -0.166000 15 0
-0.960000 -0.082000 -0.192000 19 0
-0.965000 -0.052000 -0.118000 17 64
-0.964000 -0.054000 -0.143000 12 0
-0.958000 -0.057000 -0.167000 15 0
-0.964000 -0.061000 -0.192000 20 0
-0.972000 -0.029000 -0.119000 16 64
-0.968000 -0.031000 -0.144000 12 0
-0.964000 -0.036000 -0.167000 15 0
-0.970000 -0.040000 -0.192000 20 0
-0.977000 -0.006000 -0.120000 17 64
-0.977000 -0.009000 -0.145000 12 0
-0.970000 -0.014000 -0.167000 15 0
-0.974000 -0.019000 -0.192000 20 0
-0.988000 0.017000 -0.121000 17 64
-0.979000 0.013000 -0.145000 12 0
-0.977000 0.007000 -0.168000 15 0
-0.977000 0.001000 -0.192000 20 0
-0.992000 0.041000 -0.122000 17 64
-1.003000 0.037000 -0.148000 14 0
-0.983000 0.029000 -0.169000 15 0
-0.981000 0.023000 -0.192000 19 0
-0.994000 0.065000 -0.123000 17 64
-1.000000 0.060000 -0.148000 13 0
-0.983000 0.052000 -0.168000 15 0
-0.990000 0.045000 -0.193000 21 0
-0.994000 0.090000 -0.123000 17 64
-1.006000 0.084000 -0.149000 16 0
-0.994000 0.075000 -0.170000 15 0
-1.001000 0.068000 -0.194000 21 0
-0.996000 0.114000 -0.124000 17 64
-1.014000 0.109000 -0.150000 16 0
-0.992000 0.098000 -0.169000 15 0
-1.005000 0.090000 -0.195000 21 0
-1.004000 0.140000 -0.126000 16 64
-1.020000 0.134000 -0.151000 14 0
-0.996000 0.121000 -0.170000 16 0
-1.012000 0.113000 -0.195000 22 0
-1.007000 0.165000 -0.127000 16 64
-1.020000 0.158000 -0.152000 14 0
-1.004000 0.145000 -0.171000 15 0
-1.021000 0.137000 -0.196000 18 64
-0.990000 0.187000 -0.125000 3 64
-1.004000 0.180000 -0.150000 11 0
-1.028000 0.172000 -0.175000 17 0
-1.021000 0.159000 -0.196000 18 64
-1.003000 0.214000 -0.128000 1 64
-1.010000 0.205000 -0.151000 2 0
-1.002000 0.191000 -0.171000 2 0
-0.998000 0.178000 -0.191000 11 64
-1.062000 0.254000 -0.137000 1 64
-1.019000 0.232000 -0.153000 2 0
-1.014000 0.217000 -0.173000 2 0
-1.002000 0.202000 -0.192000 2 64
-1.102000 0.292000 -0.143000 1 64
-1.120000 0.282000 -0.169000 3 0
-1.075000 0.256000 -0.184000 2 0
-1.014000 0.228000 -0.194000 2 64
-1.104000 0.320000 -0.144000 1 64
-1.122000 0.311000 -0.170000 2 0
-1.112000 0.292000 -0.191000 2 0
-1.098000 0.272000 -0.210000 2 64
-1.108000 0.350000 -0.147000 1 64
-1.125000 0.340000 -0.172000 2 0
-1.119000 0.321000 -0.192000 2 0
-1.115000 0.302000 -0.213000 2 64
-1.104000 0.379000 -0.147000 0 64
-1.127000 0.369000 -0.173000 2 0
-1.126000 0.351000 -0.194000 1 0
-1.114000 0.328000 -0.213000 2 64
-1.115000 0.412000 -0.151000 0 64
-1.137000 0.403000 -0.176000 2 0
-1.127000 0.379000 -0.195000 2 0
-1.122000 0.358000 -0.215000 1 64
-1.120000 0.445000 -0.153000 0 64
-1.147000 0.436000 -0.179000 2 0
-1.138000 0.412000 -0.198000 2 0
-1.126000 0.387000 -0.216000 2 64
-1.121000 0.477000 -0.155000 0 64
-1.149000 0.468000 -0.181000 2 0
-1.150000 0.446000 -0.201000 2 0
-1.136000 0.419000 -0.218000 2 0
-0.940000 -0.143000 -0.116000 17 64
-0.945000 -0.142000 -0.142000 12 0
-0.940000 -0.142000 -0.167000 15 0
-0.943000 -0.143000 -0.193000 19 0
-0.950000 -0.121000 -0.117000 17 64
-0.950000 -0.120000 -0.143000 12 0
-0.945000 -0.121000 -0.167000 15 0
-0.946000 -0.122000 -0.192000 19 0
-0.952000 -0.098000 -0.117000 17 64
-0.953000 -0.098000 -0.142000 12 0
-0.953000 -0.100000 -0.167000 15 0
-0.956000 -0.102000 -0.193000 19 0
-0.958000 -0.075000 -0.117000 17 64
-0.961000 -0.076000 -0.143000 12 0
-0.953000 -0.078000 -0.166000 15 0
-0.960000 -0.082000 -0.192000 19 0
-0.965000 -0.052000 -0.118000 17 64
-0.964000 -0.054000 -0.143000 12 0
-0.958000 -0.057000 -0.167000 15 0
-0.964000 -0.061000 -0.192000 20 0
-0.972000 -0.029000 -0.119000 16 64
-0.968000 -0.031000 -0.144000 12 0
-0.964000 -0.036000 -0.167000 15 0
-0.970000 -0.040000 -0.192000 20 0
-0.977000 -0.006000 -0.120000 17 64
-0.977000 -0.009000 -0.145000 12 0
-0.970000 -0.014000 -0.167000 15 0
-0.974000 -0.019000 -0.192000 20 0
-0.988000 0.017000 -0.121000 17 64
-0.979000 0.013000 -0.145000 12 0
-0.977000 0.007000 -0.168000 15 0
-0.977000 0.001000 -0.192000 20 0
-0.992000 0.041000 -0.122000 17 64
-1.003000 0.037000 -0.148000 14 0
-0.983000 0.029000 -0.169000 15 0
-0.981000 0.023000 -0.192000 19 0
-0.994000 0.065000 -0.123000 17 64
-1.000000 0.060000 -0.148000 13 0
-0.983000 0.052000 -0.168000 15 0
-0.990000 0.045000 -0.193000 21 0
-0.994000 0.090000 -0.123000 17 64
-1.006000 0.084000 -0.149000 16 0
-0.994000 0.075000 -0.170000 15 0
-1.001000 0.068000 -0.194000 21 0
-0.996000 0.114000 -0.124000 17 64
-1.014000 0.109000 -0.150000 16 0
-0.992000 0.098000 -0.169000 15 0
-1.005000 0.090000 -0.195000 21 0
-1.004000 0.140000 -0.126000 16 64
-1.020000 0.134000 -0.151000 14 0
-0.996000 0.121000 -0.170000 16 0
-1.012000 0.113000 -0.195000 22 0
-1.007000 0.165000 -0.127000 16 64
-1.020000 0.158000 -0.152000 14 0
-1.004000 0.145000 -0.171000 15 0
-1.021000 0.137000 -0.196000 18 64
-0.990000 0.187000 -0.125000 3 64
-1.004000 0.180000 -0.150000 11 0
-1.028000 0.172000 -0.175000 17 0
-1.021000 0.159000 -0.196000 18 64
-1.003000 0.214000 -0.128000 1 64
-1.010000 0.205000 -0.151000 2 0
-1.002000 0.191000 -0.171000 2 0
-0.998000 0.178000 -0.191000 11 64
-1.062000 0.254000 -0.137000 1 64
-1.019000 0.232000 -0.153000 2 0
-1.014000 0.217000 -0.173000 2 0
-1.002000 0.202000 -0.192000 2 64
-1.102000 0.292000 -0.143000 1 64
-1.120000 0.282000 -0.169000 3 0
-1.075000 0.256000 -0.184000 2 0
-1.014000 0.228000 -0.194000 2 64
-1.104000 0.320000 -0.144000 1 64
-1.122000 0.311000 -0.170000 2 0
-1.112000 0.292000 -0.191000 2 0
-1.098000 0.272000 -0.210000 2 64
-1.108000 0.350000 -0.147000 1 64
-1.125000 0.340000 -0.172000 2 0
-1.119000 0.321000 -0.192000 2 0
-1.115000 0.302000 -0.213000 2 64
-1.104000 0.379000 -0.147000 0 64
-1.127000 0.369000 -0.173000 2 0
-1.126000 0.351000 -0.194000 1 0
-1.114000 0.328000 -0.213000 2 64
-1.115000 0.412000 -0.151000 0 64
-1.137000 0.403000 -0.176000 2 0
-1.127000 0.379000 -0.195000 2 0
-1.122000 0.358000 -0.215000 1 64
-1.120000 0.445000 -0.153000 0 64
-1.147000 0.436000 -0.179000 2 0
-1.138000 0.412000 -0.198000 2 0
-1.126000 0.387000 -0.216000 2 64
-1.121000 0.477000 -0.155000 0 64
-1.149000 0.468000 -0.181000 2 0
-1.150000 0.446000 -0.201000 2 0
-1.136000 0.419000 -0.218000 2 0
