# x y z reflectivity tag
0.000000 -0.000000 -0.000000 0 128
0.000000 -0.000000 -0.000000 0 128
0.000000 -0.000000 -0.000000 0 192
0.725000 -1.137000 -0.456000 13 0
0.000000 -0.000000 -0.000000 0 128
0.000000 -0.000000 -0.000000 0 192
0.000000 -0.000000 -0.000000 0 0
0.691000 -1.141000 -0.451000 13 0
0.000000 -0.000000 -0.000000 0 128
0.000000 -0.000000 -0.000000 0 128
0.720000 -1.132000 -0.459000 12 0
0.638000 -1.110000 -0.434000 4 0
0.000000 -0.000000 -0.000000 0 128
0.746000 -1.112000 -0.459000 1 64
0.685000 -1.133000 -0.452000 8 0
0.592000 -1.086000 -0.420000 3 0
0.000000 -0.000000 -0.000000 0 192
0.713000 -1.118000 -0.454000 56 0
0.605000 -1.054000 -0.415000 3 0
0.569000 -1.104000 -0.422000 3 0
0.000000 -0.000000 -0.000000 0 0
0.685000 -1.131000 -0.451000 9 0
0.583000 -1.074000 -0.417000 3 0
0.554000 -1.139000 -0.431000 10 0
0.727000 -1.131000 -0.458000 11 0
0.615000 -1.070000 -0.420000 3 1
0.566000 -1.101000 -0.422000 2 0
0.543000 -1.184000 -0.444000 12 0
0.696000 -1.139000 -0.453000 11 0
0.590000 -1.084000 -0.419000 3 0
0.554000 -1.142000 -0.433000 9 0
0.545000 -1.263000 -0.469000 1 0
0.660000 -1.139000 -0.445000 8 0
0.578000 -1.121000 -0.427000 3 0
0.543000 -1.187000 -0.445000 12 0
0.503000 -1.243000 -0.458000 16 0
0.623000 -1.135000 -0.435000 8 0
0.557000 -1.144000 -0.430000 11 0
0.545000 -1.268000 -0.470000 0 0
0.465000 -1.230000 -0.450000 4 0
0.602000 -1.159000 -0.437000 10 0
0.542000 -1.182000 -0.438000 10 0
0.520000 -1.289000 -0.473000 7 0
0.477000 -1.353000 -0.492000 5 0
0.566000 -1.155000 -0.428000 12 0
0.548000 -1.273000 -0.466000 1 0
0.470000 -1.248000 -0.454000 4 0
0.441000 -1.351000 -0.488000 21 0
0.547000 -1.185000 -0.433000 13 0
0.543000 -1.345000 -0.486000 3 0
0.480000 -1.367000 -0.493000 4 0
0.416000 -1.378000 -0.495000 4 0
0.553000 -1.275000 -0.459000 1 0
0.477000 -1.265000 -0.452000 4 0
0.450000 -1.382000 -0.494000 4 0
0.381000 -1.374000 -0.491000 21 0
0.557000 -1.371000 -0.486000 2 0
0.490000 -1.396000 -0.493000 5 0
0.416000 -1.383000 -0.491000 20 0
0.344000 -1.361000 -0.484000 8 0
0.474000 -1.249000 -0.437000 90 0
0.455000 -1.400000 -0.490000 19 0
0.385000 -1.397000 -0.492000 4 0
0.311000 -1.358000 -0.481000 10 0
0.504000 -1.430000 -0.493000 3 0
0.429000 -1.433000 -0.496000 4 0
0.342000 -1.360000 -0.476000 39 0
0.289000 -1.407000 -0.497000 7 0
0.469000 -1.436000 -0.489000 20 0
0.386000 -1.406000 -0.483000 25 0
0.316000 -1.392000 -0.484000 8 0
0.259000 -1.425000 -0.502000 4 0
0.445000 -1.479000 -0.498000 3 0
0.365000 -1.460000 -0.497000 4 0
0.289000 -1.421000 -0.492000 5 0
0.226000 -1.422000 -0.500000 18 0
0.407000 -1.479000 -0.492000 19 0
0.328000 -1.453000 -0.491000 21 0
0.261000 -1.451000 -0.499000 5 0
0.000000 -0.000000 -0.000000 0 0
0.360000 -1.440000 -0.474000 6 0
0.298000 -1.480000 -0.496000 4 0
0.227000 -1.453000 -0.498000 5 0
0.000000 -0.000000 -0.000000 0 0
0.342000 -1.517000 -0.495000 19 0
0.263000 -1.482000 -0.493000 23 0
0.000000 -0.000000 -0.000000 0 0
0.000000 -0.000000 -0.000000 0 128
0.312000 -1.552000 -0.501000 4 0
0.235000 -1.529000 -0.506000 3 0
0.000000 -0.000000 -0.000000 0 0
0.000000 -0.000000 -0.000000 0 192
0.274000 -1.554000 -0.497000 18 0
0.198000 -1.527000 -0.502000 3 0
0.000000 -0.000000 -0.000000 0 192
0.000000 -0.000000 -0.000000 0 128
0.000000 -0.000000 -0.000000 0 128
0.000000 -0.000000 -0.000000 0 128
0.000000 -0.000000 -0.000000 0 192
0.725000 -1.137000 -0.456000 13 0
0.000000 -0.000000 -0.000000 0 128
0.000000 -0.000000 -0.000000 0 192
0.000000 -0.000000 -0.000000 0 0
0.691000 -1.141000 -0.451000 13 0
0.000000 -0.000000 -0.000000 0 128
0.000000 -0.000000 -0.000000 0 128
0.720000 -1.132000 -0.459000 12 0
0.638000 -1.110000 -0.434000 4 0
0.000000 -0.000000 -0.000000 0 128
0.746000 -1.112000 -0.459000 1 64
0.685000 -1.133000 -0.452000 8 0
0.592000 -1.086000 -0.420000 3 0
0.000000 -0.000000 -0.000000 0 192
0.713000 -1.118000 -0.454000 56 0
0.605000 -1.054000 -0.415000 3 0
0.569000 -1.104000 -0.422000 3 0
0.000000 -0.000000 -0.000000 0 0
0.685000 -1.131000 -0.451000 9 0
0.583000 -1.074000 -0.417000 3 0
0.554000 -1.139000 -0.431000 10 0
0.727000 -1.131000 -0.458000 11 0
0.615000 -1.070000 -0.420000 3 1
0.566000 -1.101000 -0.422000 2 0
0.543000 -1.184000 -0.444000 12 0
0.696000 -1.139000 -0.453000 11 0
0.590000 -1.084000 -0.419000 3 0
0.554000 -1.142000 -0.433000 9 0
0.545000 -1.263000 -0.469000 1 0
0.660000 -1.139000 -0.445000 8 0
0.578000 -1.121000 -0.427000 3 0
0.543000 -1.187000 -0.445000 12 0
0.503000 -1.243000 -0.458000 16 0
0.623000 -1.135000 -0.435000 8 0
0.557000 -1.144000 -0.430000 11 0
0.545000 -1.268000 -0.470000 0 0
0.465000 -1.230000 -0.450000 4 0
0.602000 -1.159000 -0.437000 10 0
0.542000 -1.182000 -0.438000 10 0
0.520000 -1.289000 -0.473000 7 0
0.477000 -1.353000 -0.492000 5 0
0.566000 -1.155000 -0.428000 12 0
0.548000 -1.273000 -0.466000 1 0
0.470000 -1.248000 -0.454000 4 0
0.441000 -1.351000 -0.488000 21 0
0.547000 -1.185000 -0.433000 13 0
0.543000 -1.345000 -0.486000 3 0
0.480000 -1.367000 -0.493000 4 0
0.416000 -1.378000 -0.495000 4 0
0.553000 -1.275000 -0.459000 1 0
0.477000 -1.265000 -0.452000 4 0
0.450000 -1.382000 -0.494000 4 0
0.381000 -1.374000 -0.491000 21 0
0.557000 -1.371000 -0.486000 2 0
0.490000 -1.396000 -0.493000 5 0
0.416000 -1.383000 -0.491000 20 0
0.344000 -1.361000 -0.484000 8 0
0.474000 -1.249000 -0.437000 90 0
0.455000 -1.400000 -0.490000 19 0
0.385000 -1.397000 -0.492000 4 0
0.311000 -1.358000 -0.481000 10 0
0.504000 -1.430000 -0.493000 3 0
0.429000 -1.433000 -0.496000 4 0
0.342000 -1.360000 -0.476000 39 0
0.289000 -1.407000 -0.497000 7 0
0.469000 -1.436000 -0.489000 20 0
0.386000 -1.406000 -0.483000 25 0
0.316000 -1.392000 -0.484000 8 0
0.259000 -1.425000 -0.502000 4 0
0.445000 -1.479000 -0.498000 3 0
0.365000 -1.460000 -0.497000 4 0
0.289000 -1.421000 -0.492000 5 0
0.226000 -1.422000 -0.500000 18 0
0.407000 -1.479000 -0.492000 19 0
0.328000 -1.453000 -0.491000 21 0
0.261000 -1.451000 -0.499000 5 0
0.000000 -0.000000 -0.000000 0 0
0.360000 -1.440000 -0.474000 6 0
0.298000 -1.480000 -0.496000 4 0
0.227000 -1.453000 -0.498000 5 0
0.000000 -0.000000 -0.000000 0 0
0.342000 -1.517000 -0.495000 19 0
0.263000 -1.482000 -0.493000 23 0
0.000000 -0.000000 -0.000000 0 0
0.000000 -0.000000 -0.000000 0 128
0.312000 -1.552000 -0.501000 4 0
0.235000 -1.529000 -0.506000 3 0
0.000000 -0.000000 -0.000000 0 0
0.000000 -0.000000 -0.000000 0 192
0.274000 -1.554000 -0.497000 18 0
0.198000 -1.527000 -0.502000 3 0
0.000000 -0.000000 -0.000000 0 192
0.000000 -0.000000 -0.000000 0 128
0.240000 -1.575000 -0.500000 15 0
0.000000 -0.000000 -0.000000 0 0
0.000000 -0.000000 -0.000000 0 192
0.000000 -0.000000 -0.000000 0 192
0.200000 -1.560000 -0.491000 2 0
0.000000 -0.000000 -0.000000 0 192
0.000000 -0.000000 -0.000000 0 192
0.000000 -0.000000 -0.000000 0 192
0.000000 -0.000000 -0.000000 0 0
0.000000 -0.000000 -0.000000 0 192
0.000000 -0.000000 -0.000000 0 192
0.000000 -0.000000 -0.000000 0 128
0.000000 -0.000000 -0.000000 0 192
0.000000 -0.000000 -0.000000 0 192
0.000000 -0.000000 -0.000000 0 192
-0.148000 -3.383000 -1.190000 33 0
0.000000 -0.000000 -0.000000 0 192
0.000000 -0.000000 -0.000000 0 192
0.000000 -0.000000 -0.000000 0 128
-0.167000 -2.521000 -0.889000 0 0
0.000000 -0.000000 -0.000000 0 192
0.000000 -0.000000 -0.000000 0 192
-0.164000 -3.330000 -1.125000 18 0
-0.257000 -2.902000 -1.026000 33 0
0.000000 -0.000000 -0.000000 0 192
0.000000 -0.000000 -0.000000 0 128
-0.147000 -2.031000 -0.687000 2 0
-0.304000 -2.741000 -0.972000 46 0
0.000000 -0.000000 -0.000000 0 192
-0.122000 -2.175000 -0.697000 4 0
-0.189000 -1.997000 -0.676000 17 0
-0.348000 -2.607000 -0.929000 15 0
-0.085000 -2.230000 -0.677000 3 0
-0.171000 -2.160000 -0.692000 2 0
-0.312000 -2.647000 -0.897000 8 0
-0.374000 -2.399000 -0.858000 31 0
-0.135000 -2.182000 -0.660000 52 0
-0.214000 -2.084000 -0.668000 2 0
-0.287000 -2.036000 -0.692000 2 0
-0.411000 -2.299000 -0.826000 46 0
-0.191000 -2.219000 -0.670000 6 0
-0.259000 -2.047000 -0.656000 2 0
-0.391000 -2.382000 -0.812000 49 0
-0.439000 -2.178000 -0.787000 47 0
-0.246000 -2.232000 -0.672000 4 0
-0.305000 -2.033000 -0.653000 2 0
-0.421000 -2.247000 -0.769000 47 0
-0.464000 -2.065000 -0.750000 50 0
-0.277000 -2.060000 -0.620000 2 1
-0.404000 -2.322000 -0.746000 37 2
-0.449000 -2.126000 -0.730000 45 0
-0.489000 -1.970000 -0.720000 50 0
-0.382000 -2.409000 -0.725000 41 0
-0.434000 -2.195000 -0.707000 44 0
-0.476000 -2.026000 -0.699000 51 0
-0.510000 -1.878000 -0.691000 54 0
-0.416000 -2.269000 -0.682000 47 0
-0.462000 -2.080000 -0.672000 45 0
-0.498000 -1.924000 -0.667000 46 0
-0.413000 -1.396000 -0.518000 9 0
-0.446000 -2.142000 -0.645000 43 0
-0.487000 -1.973000 -0.639000 47 0
-0.518000 -1.829000 -0.638000 55 0
-0.425000 -1.331000 -0.497000 1 0
-0.475000 -2.033000 -0.613000 43 0
-0.510000 -1.878000 -0.611000 50 0
-0.420000 -1.366000 -0.479000 5 0
-0.439000 -1.276000 -0.481000 7 0
-0.499000 -1.927000 -0.582000 47 0
-0.487000 -1.642000 -0.537000 138 0
-0.439000 -1.320000 -0.466000 1 0
-0.450000 -1.220000 -0.463000 1 0
-0.521000 -1.832000 -0.555000 50 0
-0.434000 -1.347000 -0.443000 5 0
-0.450000 -1.257000 -0.447000 8 0
-0.462000 -1.173000 -0.450000 9 0
-0.431000 -1.387000 -0.422000 6 0
-0.455000 -1.308000 -0.432000 1 0
-0.466000 -1.216000 -0.436000 1 0
-0.475000 -1.132000 -0.438000 1 0
-0.455000 -1.348000 -0.412000 0 0
-0.471000 -1.256000 -0.418000 8 0
-0.477000 -1.164000 -0.421000 1 0
-0.487000 -1.094000 -0.428000 1 0
-0.468000 -1.285000 -0.394000 9 0
-0.483000 -1.205000 -0.403000 1 0
-0.490000 -1.124000 -0.410000 1 0
-0.494000 -1.048000 -0.414000 1 0
-0.486000 -1.241000 -0.383000 0 0
-0.496000 -1.157000 -0.391000 1 0
-0.502000 -1.083000 -0.399000 1 0
-0.502000 -1.007000 -0.403000 1 0
0.000000 -0.000000 -0.000000 0 0
-0.504000 -1.105000 -0.376000 1 0
-0.513000 -1.044000 -0.388000 1 0
-0.506000 -0.962000 -0.389000 1 0
0.240000 -1.575000 -0.500000 15 0
0.000000 -0.000000 -0.000000 0 0
0.000000 -0.000000 -0.000000 0 192
0.000000 -0.000000 -0.000000 0 192
0.200000 -1.560000 -0.491000 2 0
0.000000 -0.000000 -0.000000 0 192
0.000000 -0.000000 -0.000000 0 192
0.000000 -0.000000 -0.000000 0 192
0.000000 -0.000000 -0.000000 0 0
0.000000 -0.000000 -0.000000 0 192
0.000000 -0.000000 -0.000000 0 192
0.000000 -0.000000 -0.000000 0 128
0.000000 -0.000000 -0.000000 0 192
0.000000 -0.000000 -0.000000 0 192
0.000000 -0.000000 -0.000000 0 192
-0.148000 -3.383000 -1.190000 33 0
0.000000 -0.000000 -0.000000 0 192
0.000000 -0.000000 -0.000000 0 192
0.000000 -0.000000 -0.000000 0 128
-0.167000 -2.521000 -0.889000 0 0
0.000000 -0.000000 -0.000000 0 192
0.000000 -0.000000 -0.000000 0 192
-0.164000 -3.330000 -1.125000 18 0
-0.257000 -2.902000 -1.026000 33 0
0.000000 -0.000000 -0.000000 0 192
0.000000 -0.000000 -0.000000 0 128
-0.147000 -2.031000 -0.687000 2 0
-0.304000 -2.741000 -0.972000 46 0
0.000000 -0.000000 -0.000000 0 192
-0.122000 -2.175000 -0.697000 4 0
-0.189000 -1.997000 -0.676000 17 0
-0.348000 -2.607000 -0.929000 15 0
-0.085000 -2.230000 -0.677000 3 0
-0.171000 -2.160000 -0.692000 2 0
-0.312000 -2.647000 -0.897000 8 0
-0.374000 -2.399000 -0.858000 31 0
-0.135000 -2.182000 -0.660000 52 0
-0.214000 -2.084000 -0.668000 2 0
-0.287000 -2.036000 -0.692000 2 0
-0.411000 -2.299000 -0.826000 46 0
-0.191000 -2.219000 -0.670000 6 0
-0.259000 -2.047000 -0.656000 2 0
-0.391000 -2.382000 -0.812000 49 0
-0.439000 -2.178000 -0.787000 47 0
-0.246000 -2.232000 -0.672000 4 0
-0.305000 -2.033000 -0.653000 2 0
-0.421000 -2.247000 -0.769000 47 0
-0.464000 -2.065000 -0.750000 50 0
-0.277000 -2.060000 -0.620000 2 1
-0.404000 -2.322000 -0.746000 37 2
-0.449000 -2.126000 -0.730000 45 0
-0.489000 -1.970000 -0.720000 50 0
-0.382000 -2.409000 -0.725000 41 0
-0.434000 -2.195000 -0.707000 44 0
-0.476000 -2.026000 -0.699000 51 0
-0.510000 -1.878000 -0.691000 54 0
-0.416000 -2.269000 -0.682000 47 0
-0.462000 -2.080000 -0.672000 45 0
-0.498000 -1.924000 -0.667000 46 0
-0.413000 -1.396000 -0.518000 9 0
-0.446000 -2.142000 -0.645000 43 0
-0.487000 -1.973000 -0.639000 47 0
-0.518000 -1.829000 -0.638000 55 0
-0.425000 -1.331000 -0.497000 1 0
-0.475000 -2.033000 -0.613000 43 0
-0.510000 -1.878000 -0.611000 50 0
-0.420000 -1.366000 -0.479000 5 0
-0.439000 -1.276000 -0.481000 7 0
-0.499000 -1.927000 -0.582000 47 0
-0.487000 -1.642000 -0.537000 138 0
-0.439000 -1.320000 -0.466000 1 0
-0.450000 -1.220000 -0.463000 1 0
-0.521000 -1.832000 -0.555000 50 0
-0.434000 -1.347000 -0.443000 5 0
-0.450000 -1.257000 -0.447000 8 0
-0.462000 -1.173000 -0.450000 9 0
-0.431000 -1.387000 -0.422000 6 0
-0.455000 -1.308000 -0.432000 1 0
-0.466000 -1.216000 -0.436000 1 0
-0.475000 -1.132000 -0.438000 1 0
-0.455000 -1.348000 -0.412000 0 0
-0.471000 -1.256000 -0.418000 8 0
-0.477000 -1.164000 -0.421000 1 0
-0.487000 -1.094000 -0.428000 1 0
-0.468000 -1.285000 -0.394000 9 0
-0.483000 -1.205000 -0.403000 1 0
-0.490000 -1.124000 -0.410000 1 0
-0.494000 -1.048000 -0.414000 1 0
-0.486000 -1.241000 -0.383000 0 0
-0.496000 -1.157000 -0.391000 1 0
-0.502000 -1.083000 -0.399000 1 0
-0.502000 -1.007000 -0.403000 1 0
0.000000 -0.000000 -0.000000 0 0
-0.504000 -1.105000 -0.376000 1 0
-0.513000 -1.044000 -0.388000 1 0
-0.506000 -0.962000 -0.389000 1 0
-0.506000 -1.128000 -0.353000 0 64
-0.515000 -1.063000 -0.365000 1 0
-0.518000 -0.997000 -0.375000 1 0
-0.673000 -1.215000 -0.497000 8 0
-0.509000 -1.066000 -0.336000 0 64
-0.524000 -1.019000 -0.353000 1 0
-0.526000 -0.959000 -0.365000 1 0
-0.683000 -1.171000 -0.486000 13 0
-0.520000 -1.024000 -0.325000 0 64
-0.518000 -0.953000 -0.334000 1 0
-0.682000 -1.180000 -0.454000 11 0
-0.692000 -1.129000 -0.475000 12 0
-0.513000 -0.953000 -0.306000 0 64
-0.684000 -1.190000 -0.422000 10 0
-0.693000 -1.139000 -0.444000 12 0
-0.705000 -1.096000 -0.467000 12 0
-0.682000 -1.196000 -0.388000 11 64
-0.695000 -1.146000 -0.411000 11 0
-0.707000 -1.105000 -0.436000 12 0
-0.717000 -1.062000 -0.460000 12 0
-0.695000 -1.153000 -0.378000 12 64
-0.707000 -1.107000 -0.403000 11 0
-0.716000 -1.065000 -0.427000 12 0
-0.726000 -1.027000 -0.451000 12 0
-0.708000 -1.113000 -0.369000 12 64
-0.721000 -1.073000 -0.395000 12 0
-0.726000 -1.030000 -0.419000 11 0
-0.736000 -0.995000 -0.444000 12 0
-0.719000 -1.073000 -0.361000 12 64
-0.726000 -1.027000 -0.384000 14 0
-0.741000 -1.001000 -0.413000 11 0
-0.741000 -0.958000 -0.435000 14 64
-0.729000 -1.033000 -0.352000 12 64
-0.737000 -0.994000 -0.377000 14 0
-0.745000 -0.961000 -0.403000 14 0
-0.752000 -0.929000 -0.429000 14 0
-0.736000 -0.991000 -0.343000 15 0
-0.747000 -0.959000 -0.370000 14 0
-0.751000 -0.926000 -0.395000 14 0
-0.759000 -0.897000 -0.421000 15 64
-0.746000 -0.955000 -0.335000 15 0
-0.753000 -0.922000 -0.362000 14 0
-0.756000 -0.890000 -0.387000 13 0
-0.762000 -0.862000 -0.413000 14 64
-0.751000 -0.915000 -0.327000 20 0
-0.757000 -0.884000 -0.353000 13 0
-0.766000 -0.861000 -0.381000 13 0
-0.764000 -0.828000 -0.404000 14 0
-0.756000 -0.877000 -0.319000 15 0
-0.765000 -0.852000 -0.346000 13 0
-0.772000 -0.829000 -0.374000 13 0
-0.770000 -0.799000 -0.398000 14 0
-0.766000 -0.846000 -0.313000 15 0
-0.773000 -0.821000 -0.341000 13 0
-0.778000 -0.800000 -0.369000 13 0
-0.777000 -0.772000 -0.393000 14 0
-0.776000 -0.817000 -0.309000 20 0
-0.782000 -0.793000 -0.336000 13 0
-0.787000 -0.774000 -0.364000 13 0
-0.784000 -0.746000 -0.388000 19 0
-0.784000 -0.786000 -0.304000 21 0
-0.790000 -0.765000 -0.331000 13 0
-0.789000 -0.741000 -0.357000 13 0
-0.791000 -0.720000 -0.383000 19 0
-0.792000 -0.756000 -0.299000 21 0
-0.794000 -0.733000 -0.325000 13 0
-0.798000 -0.717000 -0.353000 13 0
-0.797000 -0.695000 -0.379000 19 0
-0.792000 -0.721000 -0.292000 21 0
-0.806000 -0.711000 -0.323000 13 0
-0.801000 -0.687000 -0.347000 13 0
-0.804000 -0.671000 -0.375000 19 0
-0.811000 -0.702000 -0.291000 22 0
-0.810000 -0.681000 -0.317000 13 0
-0.805000 -0.660000 -0.342000 13 0
-0.815000 -0.651000 -0.373000 20 0
-0.815000 -0.672000 -0.286000 21 0
-0.816000 -0.654000 -0.313000 13 0
-0.801000 -0.627000 -0.334000 12 0
-0.822000 -0.628000 -0.370000 20 0
-0.807000 -0.633000 -0.277000 8 0
-0.807000 -0.617000 -0.304000 5 0
-0.805000 -0.602000 -0.330000 12 0
-0.830000 -0.606000 -0.367000 20 0
0.000000 -0.000000 -0.000000 0 0
-0.629000 -0.457000 -0.232000 1 0
-0.813000 -0.580000 -0.327000 12 0
-0.837000 -0.584000 -0.364000 20 0
0.000000 -0.000000 -0.000000 0 0
-0.503000 -0.348000 -0.182000 1 0
-0.821000 -0.558000 -0.325000 12 0
-0.840000 -0.560000 -0.360000 21 0
0.000000 -0.000000 -0.000000 0 0
0.000000 -0.000000 -0.000000 0 0
-0.829000 -0.537000 -0.323000 12 0
-0.848000 -0.539000 -0.358000 21 0
-0.506000 -1.128000 -0.353000 0 64
-0.515000 -1.063000 -0.365000 1 0
-0.518000 -0.997000 -0.375000 1 0
-0.673000 -1.215000 -0.497000 8 0
-0.509000 -1.066000 -0.336000 0 64
-0.524000 -1.019000 -0.353000 1 0
-0.526000 -0.959000 -0.365000 1 0
-0.683000 -1.171000 -0.486000 13 0
-0.520000 -1.024000 -0.325000 0 64
-0.518000 -0.953000 -0.334000 1 0
-0.682000 -1.180000 -0.454000 11 0
-0.692000 -1.129000 -0.475000 12 0
-0.513000 -0.953000 -0.306000 0 64
-0.684000 -1.190000 -0.422000 10 0
-0.693000 -1.139000 -0.444000 12 0
-0.705000 -1.096000 -0.467000 12 0
-0.682000 -1.196000 -0.388000 11 64
-0.695000 -1.146000 -0.411000 11 0
-0.707000 -1.105000 -0.436000 12 0
-0.717000 -1.062000 -0.460000 12 0
-0.695000 -1.153000 -0.378000 12 64
-0.707000 -1.107000 -0.403000 11 0
-0.716000 -1.065000 -0.427000 12 0
-0.726000 -1.027000 -0.451000 12 0
-0.708000 -1.113000 -0.369000 12 64
-0.721000 -1.073000 -0.395000 12 0
-0.726000 -1.030000 -0.419000 11 0
-0.736000 -0.995000 -0.444000 12 0
-0.719000 -1.073000 -0.361000 12 64
-0.726000 -1.027000 -0.384000 14 0
-0.741000 -1.001000 -0.413000 11 0
-0.741000 -0.958000 -0.435000 14 64
-0.729000 -1.033000 -0.352000 12 64
-0.737000 -0.994000 -0.377000 14 0
-0.745000 -0.961000 -0.403000 14 0
-0.752000 -0.929000 -0.429000 14 0
-0.736000 -0.991000 -0.343000 15 0
-0.747000 -0.959000 -0.370000 14 0
-0.751000 -0.926000 -0.395000 14 0
-0.759000 -0.897000 -0.421000 15 64
-0.746000 -0.955000 -0.335000 15 0
-0.753000 -0.922000 -0.362000 14 0
-0.756000 -0.890000 -0.387000 13 0
-0.762000 -0.862000 -0.413000 14 64
-0.751000 -0.915000 -0.327000 20 0
-0.757000 -0.884000 -0.353000 13 0
-0.766000 -0.861000 -0.381000 13 0
-0.764000 -0.828000 -0.404000 14 0
-0.756000 -0.877000 -0.319000 15 0
-0.765000 -0.852000 -0.346000 13 0
-0.772000 -0.829000 -0.374000 13 0
-0.770000 -0.799000 -0.398000 14 0
-0.766000 -0.846000 -0.313000 15 0
-0.773000 -0.821000 -0.341000 13 0
-0.778000 -0.800000 -0.369000 13 0
-0.777000 -0.772000 -0.393000 14 0
-0.776000 -0.817000 -0.309000 20 0
-0.782000 -0.793000 -0.336000 13 0
-0.787000 -0.774000 -0.364000 13 0
-0.784000 -0.746000 -0.388000 19 0
-0.784000 -0.786000 -0.304000 21 0
-0.790000 -0.765000 -0.331000 13 0
-0.789000 -0.741000 -0.357000 13 0
-0.791000 -0.720000 -0.383000 19 0
-0.792000 -0.756000 -0.299000 21 0
-0.794000 -0.733000 -0.325000 13 0
-0.798000 -0.717000 -0.353000 13 0
-0.797000 -0.695000 -0.379000 19 0
-0.792000 -0.721000 -0.292000 21 0
-0.806000 -0.711000 -0.323000 13 0
-0.801000 -0.687000 -0.347000 13 0
-0.804000 -0.671000 -0.375000 19 0
-0.811000 -0.702000 -0.291000 22 0
-0.810000 -0.681000 -0.317000 13 0
-0.805000 -0.660000 -0.342000 13 0
-0.815000 -0.651000 -0.373000 20 0
-0.815000 -0.672000 -0.286000 21 0
-0.816000 -0.654000 -0.313000 13 0
-0.801000 -0.627000 -0.334000 12 0
-0.822000 -0.628000 -0.370000 20 0
-0.807000 -0.633000 -0.277000 8 0
-0.807000 -0.617000 -0.304000 5 0
-0.805000 -0.602000 -0.330000 12 0
-0.830000 -0.606000 -0.367000 20 0
0.000000 -0.000000 -0.000000 0 0
-0.629000 -0.457000 -0.232000 1 0
-0.813000 -0.580000 -0.327000 12 0
-0.837000 -0.584000 -0.364000 20 0
0.000000 -0.000000 -0.000000 0 0
-0.503000 -0.348000 -0.182000 1 0
-0.821000 -0.558000 -0.325000 12 0
-0.840000 -0.560000 -0.360000 21 0
0.000000 -0.000000 -0.000000 0 0
0.000000 -0.000000 -0.000000 0 0
-0.829000 -0.537000 -0.323000 12 0
-0.848000 -0.539000 -0.358000 21 0
0.000000 -0.000000 -0.000000 0 0
-0.518000 -0.324000 -0.182000 1 0
-0.838000 -0.516000 -0.321000 12 0
-0.854000 -0.518000 -0.355000 22 0
0.000000 -0.000000 -0.000000 0 0
-0.542000 -0.321000 -0.187000 1 0
-0.845000 -0.494000 -0.319000 13 0
-0.860000 -0.496000 -0.353000 21 0
-0.790000 -0.452000 -0.244000 6 0
-0.578000 -0.325000 -0.196000 1 0
-0.850000 -0.472000 -0.316000 13 0
-0.863000 -0.473000 -0.349000 22 0
-0.541000 -0.292000 -0.164000 10 16
-0.538000 -0.286000 -0.180000 5 16
-0.853000 -0.449000 -0.314000 15 0
-0.876000 -0.456000 -0.350000 22 0
-0.865000 -0.440000 -0.259000 21 0
-0.874000 -0.439000 -0.289000 13 0
-0.861000 -0.429000 -0.312000 13 0
-0.876000 -0.432000 -0.346000 22 0
-0.875000 -0.419000 -0.259000 21 0
-0.877000 -0.415000 -0.287000 13 0
-0.870000 -0.409000 -0.312000 13 0
-0.878000 -0.410000 -0.343000 22 0
-0.882000 -0.397000 -0.258000 20 0
-0.887000 -0.395000 -0.286000 13 0
-0.877000 -0.389000 -0.311000 13 0
-0.885000 -0.390000 -0.341000 21 0
-0.886000 -0.373000 -0.256000 20 0
-0.608000 -0.253000 -0.194000 8 2
-0.871000 -0.363000 -0.305000 11 0
-0.879000 -0.365000 -0.336000 18 0
0.000000 -0.000000 -0.000000 0 0
0.000000 -0.000000 -0.000000 0 0
0.000000 -0.000000 -0.000000 0 0
0.000000 -0.000000 -0.000000 0 0
0.000000 -0.000000 -0.000000 0 0
0.000000 -0.000000 -0.000000 0 0
0.000000 -0.000000 -0.000000 0 0
0.000000 -0.000000 -0.000000 0 0
0.000000 -0.000000 -0.000000 0 0
0.000000 -0.000000 -0.000000 0 0
0.000000 -0.000000 -0.000000 0 0
0.000000 -0.000000 -0.000000 0 0
-0.861000 -0.268000 -0.239000 0 64
-0.606000 -0.189000 -0.186000 0 0
0.000000 -0.000000 -0.000000 0 0
0.000000 -0.000000 -0.000000 0 0
-0.912000 -0.260000 -0.251000 20 0
-0.909000 -0.260000 -0.277000 12 0
0.000000 -0.000000 -0.000000 0 0
-0.900000 -0.265000 -0.328000 21 0
-0.916000 -0.237000 -0.250000 20 0
-0.912000 -0.238000 -0.276000 12 0
-0.912000 -0.243000 -0.302000 13 0
-0.907000 -0.246000 -0.328000 20 0
-0.919000 -0.214000 -0.250000 20 0
-0.920000 -0.218000 -0.276000 12 0
-0.915000 -0.222000 -0.301000 15 0
-0.912000 -0.226000 -0.327000 20 0
-0.927000 -0.193000 -0.250000 20 0
-0.925000 -0.196000 -0.276000 12 0
-0.920000 -0.201000 -0.301000 13 0
-0.917000 -0.206000 -0.327000 20 0
-0.931000 -0.170000 -0.250000 20 0
-0.928000 -0.174000 -0.275000 12 0
-0.924000 -0.180000 -0.300000 13 0
-0.922000 -0.187000 -0.326000 20 0
-0.933000 -0.147000 -0.250000 20 0
-0.934000 -0.153000 -0.276000 12 0
-0.929000 -0.160000 -0.300000 15 0
-0.926000 -0.167000 -0.325000 20 0
-0.943000 -0.126000 -0.251000 20 0
-0.938000 -0.131000 -0.276000 12 0
-0.934000 -0.139000 -0.300000 15 0
-0.942000 -0.149000 -0.329000 21 0
-0.946000 -0.103000 -0.251000 20 0
-0.943000 -0.110000 -0.276000 12 0
-0.938000 -0.118000 -0.300000 15 0
-0.942000 -0.128000 -0.327000 21 0
-0.955000 -0.081000 -0.253000 20 0
-0.957000 -0.089000 -0.279000 14 0
-0.948000 -0.098000 -0.302000 13 0
-0.946000 -0.108000 -0.327000 21 0
-0.961000 -0.058000 -0.254000 21 0
-0.961000 -0.067000 -0.280000 13 0
-0.952000 -0.077000 -0.302000 15 0
-0.951000 -0.087000 -0.327000 21 0
-0.962000 -0.035000 -0.254000 21 0
-0.951000 -0.044000 -0.276000 12 0
-0.958000 -0.056000 -0.303000 15 0
-0.960000 -0.067000 -0.329000 21 0
-0.967000 -0.012000 -0.256000 21 0
-0.974000 -0.022000 -0.282000 14 0
-0.960000 -0.034000 -0.302000 13 0
-0.962000 -0.047000 -0.328000 21 0
0.000000 -0.000000 -0.000000 0 0
-0.518000 -0.324000 -0.182000 1 0
-0.838000 -0.516000 -0.321000 12 0
-0.854000 -0.518000 -0.355000 22 0
0.000000 -0.000000 -0.000000 0 0
-0.542000 -0.321000 -0.187000 1 0
-0.845000 -0.494000 -0.319000 13 0
-0.860000 -0.496000 -0.353000 21 0
-0.790000 -0.452000 -0.244000 6 0
-0.578000 -0.325000 -0.196000 1 0
-0.850000 -0.472000 -0.316000 13 0
-0.863000 -0.473000 -0.349000 22 0
-0.541000 -0.292000 -0.164000 10 16
-0.538000 -0.286000 -0.180000 5 16
-0.853000 -0.449000 -0.314000 15 0
-0.876000 -0.456000 -0.350000 22 0
-0.865000 -0.440000 -0.259000 21 0
-0.874000 -0.439000 -0.289000 13 0
-0.861000 -0.429000 -0.312000 13 0
-0.876000 -0.432000 -0.346000 22 0
-0.875000 -0.419000 -0.259000 21 0
-0.877000 -0.415000 -0.287000 13 0
-0.870000 -0.409000 -0.312000 13 0
-0.878000 -0.410000 -0.343000 22 0
-0.882000 -0.397000 -0.258000 20 0
-0.887000 -0.395000 -0.286000 13 0
-0.877000 -0.389000 -0.311000 13 0
-0.885000 -0.390000 -0.341000 21 0
-0.886000 -0.373000 -0.256000 20 0
-0.608000 -0.253000 -0.194000 8 2
-0.871000 -0.363000 -0.305000 11 0
-0.879000 -0.365000 -0.336000 18 0
0.000000 -0.000000 -0.000000 0 0
0.000000 -0.000000 -0.000000 0 0
0.000000 -0.000000 -0.000000 0 0
0.000000 -0.000000 -0.000000 0 0
0.000000 -0.000000 -0.000000 0 0
0.000000 -0.000000 -0.000000 0 0
0.000000 -0.000000 -0.000000 0 0
0.000000 -0.000000 -0.000000 0 0
0.000000 -0.000000 -0.000000 0 0
0.000000 -0.000000 -0.000000 0 0
0.000000 -0.000000 -0.000000 0 0
0.000000 -0.000000 -0.000000 0 0
-0.861000 -0.268000 -0.239000 0 64
-0.606000 -0.189000 -0.186000 0 0
0.000000 -0.000000 -0.000000 0 0
0.000000 -0.000000 -0.000000 0 0
-0.912000 -0.260000 -0.251000 20 0
-0.909000 -0.260000 -0.277000 12 0
0.000000 -0.000000 -0.000000 0 0
-0.900000 -0.265000 -0.328000 21 0
-0.916000 -0.237000 -0.250000 20 0
-0.912000 -0.238000 -0.276000 12 0
-0.912000 -0.243000 -0.302000 13 0
-0.907000 -0.246000 -0.328000 20 0
-0.919000 -0.214000 -0.250000 20 0
-0.920000 -0.218000 -0.276000 12 0
-0.915000 -0.222000 -0.301000 15 0
-0.912000 -0.226000 -0.327000 20 0
-0.927000 -0.193000 -0.250000 20 0
-0.925000 -0.196000 -0.276000 12 0
-0.920000 -0.201000 -0.301000 13 0
-0.917000 -0.206000 -0.327000 20 0
-0.931000 -0.170000 -0.250000 20 0
-0.928000 -0.174000 -0.275000 12 0
-0.924000 -0.180000 -0.300000 13 0
-0.922000 -0.187000 -0.326000 20 0
-0.933000 -0.147000 -0.250000 20 0
-0.934000 -0.153000 -0.276000 12 0
-0.929000 -0.160000 -0.300000 15 0
-0.926000 -0.167000 -0.325000 20 0
-0.943000 -0.126000 -0.251000 20 0
-0.938000 -0.131000 -0.276000 12 0
-0.934000 -0.139000 -0.300000 15 0
-0.942000 -0.149000 -0.329000 21 0
-0.946000 -0.103000 -0.251000 20 0
-0.943000 -0.110000 -0.276000 12 0
-0.938000 -0.118000 -0.300000 15 0
-0.942000 -0.128000 -0.327000 21 0
-0.955000 -0.081000 -0.253000 20 0
-0.957000 -0.089000 -0.279000 14 0
-0.948000 -0.098000 -0.302000 13 0
-0.946000 -0.108000 -0.327000 21 0
-0.961000 -0.058000 -0.254000 21 0
-0.961000 -0.067000 -0.280000 13 0
-0.952000 -0.077000 -0.302000 15 0
-0.951000 -0.087000 -0.327000 21 0
-0.962000 -0.035000 -0.254000 21 0
-0.951000 -0.044000 -0.276000 12 0
-0.958000 -0.056000 -0.303000 15 0
-0.960000 -0.067000 -0.329000 21 0
-0.967000 -0.012000 -0.256000 21 0
-0.974000 -0.022000 -0.282000 14 0
-0.960000 -0.034000 -0.302000 13 0
-0.962000 -0.047000 -0.328000 21 0
-0.973000 0.011000 -0.257000 17 64
-0.976000 -0.000000 -0.283000 14 0
-0.962000 -0.013000 -0.302000 15 0
-0.973000 -0.026000 -0.330000 21 0
-0.976000 0.034000 -0.258000 17 64
-0.983000 0.022000 -0.284000 14 0
-0.967000 0.008000 -0.303000 15 0
-0.982000 -0.005000 -0.332000 22 0
-0.981000 0.058000 -0.260000 17 64
-0.994000 0.046000 -0.287000 14 0
-0.970000 0.030000 -0.304000 16 0
-0.985000 0.016000 -0.332000 22 0
-0.998000 0.083000 -0.265000 19 64
-0.998000 0.069000 -0.289000 14 0
-0.970000 0.052000 -0.303000 16 0
-0.990000 0.037000 -0.333000 22 0
-1.007000 0.108000 -0.268000 18 64
-1.000000 0.093000 -0.290000 14 0
-0.979000 0.074000 -0.306000 16 0
-0.994000 0.059000 -0.334000 18 64
-1.011000 0.133000 -0.270000 18 64
-1.004000 0.117000 -0.291000 14 0
-1.005000 0.099000 -0.314000 17 0
-0.998000 0.081000 -0.335000 23 0
-1.018000 0.159000 -0.273000 19 64
-1.012000 0.141000 -0.294000 14 0
-1.004000 0.122000 -0.314000 17 0
-1.001000 0.103000 -0.335000 18 64
-1.003000 0.181000 -0.270000 14 64
-1.013000 0.166000 -0.295000 14 0
-1.010000 0.146000 -0.316000 18 0
-1.005000 0.126000 -0.336000 18 64
-0.999000 0.205000 -0.270000 1 64
-1.008000 0.189000 -0.295000 5 0
-1.012000 0.169000 -0.317000 18 0
-1.011000 0.149000 -0.338000 23 0
-1.007000 0.232000 -0.274000 2 64
-1.009000 0.213000 -0.296000 2 0
-1.007000 0.192000 -0.316000 3 0
-1.019000 0.173000 -0.341000 18 64
-1.089000 0.278000 -0.299000 1 64
-1.028000 0.243000 -0.303000 2 0
-1.003000 0.215000 -0.315000 2 0
-1.002000 0.193000 -0.335000 2 0
-1.109000 0.312000 -0.306000 2 64
-1.108000 0.289000 -0.328000 1 0
-1.038000 0.247000 -0.327000 2 1
-1.007000 0.216000 -0.337000 2 0
-1.118000 0.343000 -0.311000 2 0
-1.115000 0.318000 -0.332000 2 0
-1.099000 0.288000 -0.348000 2 0
-1.029000 0.245000 -0.345000 1 0
-1.114000 0.371000 -0.313000 1 0
-1.121000 0.348000 -0.336000 2 0
-1.116000 0.319000 -0.354000 2 0
-1.110000 0.290000 -0.373000 1 0
-1.130000 0.407000 -0.320000 2 0
-1.126000 0.378000 -0.340000 2 0
-1.116000 0.346000 -0.356000 2 0
-1.110000 0.316000 -0.374000 2 0
-1.136000 0.439000 -0.325000 2 0
-1.134000 0.411000 -0.345000 2 0
-1.120000 0.375000 -0.359000 2 0
-1.120000 0.346000 -0.378000 2 0
-1.147000 0.475000 -0.332000 2 0
-1.135000 0.441000 -0.348000 2 0
-1.132000 0.408000 -0.365000 2 0
-1.121000 0.373000 -0.379000 2 0
-1.154000 0.511000 -0.337000 2 0
-1.148000 0.477000 -0.355000 2 0
-1.138000 0.440000 -0.369000 2 0
-1.130000 0.403000 -0.384000 2 0
-1.158000 0.546000 -0.342000 2 0
-1.151000 0.510000 -0.359000 2 0
-1.145000 0.472000 -0.373000 2 0
-1.134000 0.434000 -0.387000 2 0
-1.171000 0.586000 -0.351000 2 0
-1.159000 0.546000 -0.365000 2 0
-1.155000 0.507000 -0.379000 2 0
-1.142000 0.466000 -0.391000 1 0
-1.176000 0.624000 -0.357000 2 0
-1.167000 0.583000 -0.371000 2 0
-1.162000 0.542000 -0.385000 1 0
-1.150000 0.499000 -0.396000 2 0
-1.186000 0.665000 -0.365000 1 0
-1.181000 0.624000 -0.380000 1 0
-1.167000 0.577000 -0.390000 1 0
-1.151000 0.530000 -0.398000 2 0
-1.195000 0.708000 -0.373000 1 0
-1.185000 0.662000 -0.386000 1 0
-1.180000 0.617000 -0.397000 1 0
-1.166000 0.568000 -0.406000 2 0
-1.200000 0.750000 -0.381000 10 0
-1.193000 0.703000 -0.393000 2 0
-1.186000 0.654000 -0.403000 1 0
-1.171000 0.603000 -0.410000 1 0
-0.973000 0.011000 -0.257000 17 64
-0.976000 -0.000000 -0.283000 14 0
-0.962000 -0.013000 -0.302000 15 0
-0.973000 -0.026000 -0.330000 21 0
-0.976000 0.034000 -0.258000 17 64
-0.983000 0.022000 -0.284000 14 0
-0.967000 0.008000 -0.303000 15 0
-0.982000 -0.005000 -0.332000 22 0
-0.981000 0.058000 -0.260000 17 64
-0.994000 0.046000 -0.287000 14 0
-0.970000 0.030000 -0.304000 16 0
-0.985000 0.016000 -0.332000 22 0
-0.998000 0.083000 -0.265000 19 64
-0.998000 0.069000 -0.289000 14 0
-0.970000 0.052000 -0.303000 16 0
-0.990000 0.037000 -0.333000 22 0
-1.007000 0.108000 -0.268000 18 64
-1.000000 0.093000 -0.290000 14 0
-0.979000 0.074000 -0.306000 16 0
-0.994000 0.059000 -0.334000 18 64
-1.011000 0.133000 -0.270000 18 64
-1.004000 0.117000 -0.291000 14 0
-1.005000 0.099000 -0.314000 17 0
-0.998000 0.081000 -0.335000 23 0
-1.018000 0.159000 -0.273000 19 64
-1.012000 0.141000 -0.294000 14 0
-1.004000 0.122000 -0.314000 17 0
-1.001000 0.103000 -0.335000 18 64
-1.003000 0.181000 -0.270000 14 64
-1.013000 0.166000 -0.295000 14 0
-1.010000 0.146000 -0.316000 18 0
-1.005000 0.126000 -0.336000 18 64
-0.999000 0.205000 -0.270000 1 64
-1.008000 0.189000 -0.295000 5 0
-1.012000 0.169000 -0.317000 18 0
-1.011000 0.149000 -0.338000 23 0
-1.007000 0.232000 -0.274000 2 64
-1.009000 0.213000 -0.296000 2 0
-1.007000 0.192000 -0.316000 3 0
-1.019000 0.173000 -0.341000 18 64
-1.089000 0.278000 -0.299000 1 64
-1.028000 0.243000 -0.303000 2 0
-1.003000 0.215000 -0.315000 2 0
-1.002000 0.193000 -0.335000 2 0
-1.109000 0.312000 -0.306000 2 64
-1.108000 0.289000 -0.328000 1 0
-1.038000 0.247000 -0.327000 2 1
-1.007000 0.216000 -0.337000 2 0
-1.118000 0.343000 -0.311000 2 0
-1.115000 0.318000 -0.332000 2 0
-1.099000 0.288000 -0.348000 2 0
-1.029000 0.245000 -0.345000 1 0
-1.114000 0.371000 -0.313000 1 0
-1.121000 0.348000 -0.336000 2 0
-1.116000 0.319000 -0.354000 2 0
-1.110000 0.290000 -0.373000 1 0
-1.130000 0.407000 -0.320000 2 0
-1.126000 0.378000 -0.340000 2 0
-1.116000 0.346000 -0.356000 2 0
-1.110000 0.316000 -0.374000 2 0
-1.136000 0.439000 -0.325000 2 0
-1.134000 0.411000 -0.345000 2 0
-1.120000 0.375000 -0.359000 2 0
-1.120000 0.346000 -0.378000 2 0
-1.147000 0.475000 -0.332000 2 0
-1.135000 0.441000 -0.348000 2 0
-1.132000 0.408000 -0.365000 2 0
-1.121000 0.373000 -0.379000 2 0
-1.154000 0.511000 -0.337000 2 0
-1.148000 0.477000 -0.355000 2 0
-1.138000 0.440000 -0.369000 2 0
-1.130000 0.403000 -0.384000 2 0
-1.158000 0.546000 -0.342000 2 0
-1.151000 0.510000 -0.359000 2 0
-1.145000 0.472000 -0.373000 2 0
-1.134000 0.434000 -0.387000 2 0
-1.171000 0.586000 -0.351000 2 0
-1.159000 0.546000 -0.365000 2 0
-1.155000 0.507000 -0.379000 2 0
-1.142000 0.466000 -0.391000 1 0
-1.176000 0.624000 -0.357000 2 0
-1.167000 0.583000 -0.371000 2 0
-1.162000 0.542000 -0.385000 1 0
-1.150000 0.499000 -0.396000 2 0
-1.186000 0.665000 -0.365000 1 0
-1.181000 0.624000 -0.380000 1 0
-1.167000 0.577000 -0.390000 1 0
-1.151000 0.530000 -0.398000 2 0
-1.195000 0.708000 -0.373000 1 0
-1.185000 0.662000 -0.386000 1 0
-1.180000 0.617000 -0.397000 1 0
-1.166000 0.568000 -0.406000 2 0
-1.200000 0.750000 -0.381000 10 0
-1.193000 0.703000 -0.393000 2 0
-1.186000 0.654000 -0.403000 1 0
-1.171000 0.603000 -0.410000 1 0
-1.225000 0.806000 -0.395000 1 0
-1.206000 0.748000 -0.403000 1 0
-1.193000 0.694000 -0.410000 1 0
-1.184000 0.643000 -0.418000 1 0
-1.217000 0.842000 -0.399000 8 0
-1.209000 0.789000 -0.409000 8 0
-1.201000 0.736000 -0.417000 1 0
-1.189000 0.680000 -0.423000 7 0
-1.241000 0.903000 -0.415000 1 0
-1.231000 0.845000 -0.423000 1 0
-1.221000 0.786000 -0.429000 1 0
-1.201000 0.723000 -0.431000 1 0
-1.238000 0.946000 -0.421000 7 0
-1.226000 0.884000 -0.428000 8 0
-1.216000 0.823000 -0.432000 8 0
-1.202000 0.760000 -0.435000 10 0
-1.222000 0.979000 -0.424000 10 0
-1.251000 0.946000 -0.444000 1 0
-1.239000 0.880000 -0.446000 1 0
-1.223000 0.813000 -0.447000 1 0
-1.182000 0.994000 -0.419000 10 0
-1.228000 0.974000 -0.443000 9 0
-1.236000 0.920000 -0.451000 8 0
-1.225000 0.854000 -0.452000 8 0
-1.210000 1.067000 -0.438000 2 0
-1.189000 0.988000 -0.437000 10 0
-1.254000 0.979000 -0.464000 1 0
-1.245000 0.910000 -0.465000 1 0
-1.218000 1.126000 -0.451000 61 0
-1.183000 1.031000 -0.443000 0 0
-1.205000 0.985000 -0.453000 12 0
-1.244000 0.952000 -0.470000 8 0
-1.233000 1.194000 -0.468000 56 0
-1.213000 1.107000 -0.463000 60 0
-1.189000 1.018000 -0.454000 1 0
-1.224000 0.980000 -0.468000 9 0
-1.251000 1.269000 -0.486000 54 0
-1.231000 1.176000 -0.480000 57 0
-1.207000 1.082000 -0.469000 44 0
-1.184000 0.993000 -0.459000 10 0
-1.272000 1.352000 -0.507000 50 0
-1.246000 1.247000 -0.496000 55 0
-1.231000 1.155000 -0.487000 12 0
-1.199000 1.052000 -0.471000 14 0
-1.288000 1.435000 -0.527000 48 0
-1.262000 1.321000 -0.514000 57 0
-1.234000 1.211000 -0.497000 51 0
-1.214000 1.115000 -0.484000 59 0
-1.309000 1.528000 -0.551000 47 0
-1.283000 1.406000 -0.535000 51 0
-1.255000 1.290000 -0.515000 56 0
-1.232000 1.183000 -0.499000 50 0
-1.329000 1.626000 -0.576000 12 0
-1.301000 1.494000 -0.556000 50 0
-1.274000 1.370000 -0.534000 51 0
-1.249000 1.255000 -0.514000 51 0
-1.882000 2.415000 -0.841000 79 0
-1.328000 1.598000 -0.583000 62 0
-1.294000 1.456000 -0.554000 49 0
-1.269000 1.334000 -0.532000 47 0
-1.809000 2.435000 -0.835000 77 0
-1.913000 2.411000 -0.863000 116 0
-1.318000 1.554000 -0.578000 54 0
-1.286000 1.414000 -0.549000 54 0
-1.734000 2.451000 -0.827000 77 0
-1.837000 2.428000 -0.853000 82 0
-1.324000 1.634000 -0.595000 8 0
-1.308000 1.505000 -0.570000 51 0
-1.659000 2.462000 -0.819000 84 0
-1.763000 2.444000 -0.843000 77 0
-1.869000 2.417000 -0.861000 75 0
-1.331000 1.603000 -0.592000 106 0
-1.594000 2.488000 -0.817000 80 0
-1.695000 2.467000 -0.836000 77 0
-1.795000 2.434000 -0.849000 76 0
-1.909000 2.408000 -0.869000 83 0
-1.522000 2.500000 -0.810000 78 0
-1.619000 2.477000 -0.826000 79 0
-1.724000 2.453000 -0.839000 76 0
-1.833000 2.424000 -0.854000 74 0
-1.454000 2.517000 -0.806000 83 0
-1.553000 2.499000 -0.821000 77 0
-1.655000 2.473000 -0.830000 81 0
-1.761000 2.442000 -0.841000 77 0
-1.386000 2.533000 -0.801000 79 0
-1.485000 2.514000 -0.814000 75 0
-1.582000 2.484000 -0.819000 75 0
-1.692000 2.463000 -0.830000 76 0
-1.319000 2.547000 -0.797000 78 0
-1.415000 2.528000 -0.806000 78 0
-1.515000 2.503000 -0.811000 71 0
-1.619000 2.475000 -0.817000 81 0
-1.254000 2.564000 -0.794000 82 0
-1.349000 2.543000 -0.800000 74 0
-1.447000 2.520000 -0.803000 78 0
-1.549000 2.490000 -0.805000 76 0
-1.225000 0.806000 -0.395000 1 0
-1.206000 0.748000 -0.403000 1 0
-1.193000 0.694000 -0.410000 1 0
-1.184000 0.643000 -0.418000 1 0
-1.217000 0.842000 -0.399000 8 0
-1.209000 0.789000 -0.409000 8 0
-1.201000 0.736000 -0.417000 1 0
-1.189000 0.680000 -0.423000 7 0
-1.241000 0.903000 -0.415000 1 0
-1.231000 0.845000 -0.423000 1 0
-1.221000 0.786000 -0.429000 1 0
-1.201000 0.723000 -0.431000 1 0
-1.238000 0.946000 -0.421000 7 0
-1.226000 0.884000 -0.428000 8 0
-1.216000 0.823000 -0.432000 8 0
-1.202000 0.760000 -0.435000 10 0
-1.222000 0.979000 -0.424000 10 0
-1.251000 0.946000 -0.444000 1 0
-1.239000 0.880000 -0.446000 1 0
-1.223000 0.813000 -0.447000 1 0
-1.182000 0.994000 -0.419000 10 0
-1.228000 0.974000 -0.443000 9 0
-1.236000 0.920000 -0.451000 8 0
-1.225000 0.854000 -0.452000 8 0
-1.210000 1.067000 -0.438000 2 0
-1.189000 0.988000 -0.437000 10 0
-1.254000 0.979000 -0.464000 1 0
-1.245000 0.910000 -0.465000 1 0
-1.218000 1.126000 -0.451000 61 0
-1.183000 1.031000 -0.443000 0 0
-1.205000 0.985000 -0.453000 12 0
-1.244000 0.952000 -0.470000 8 0
-1.233000 1.194000 -0.468000 56 0
-1.213000 1.107000 -0.463000 60 0
-1.189000 1.018000 -0.454000 1 0
-1.224000 0.980000 -0.468000 9 0
-1.251000 1.269000 -0.486000 54 0
-1.231000 1.176000 -0.480000 57 0
-1.207000 1.082000 -0.469000 44 0
-1.184000 0.993000 -0.459000 10 0
-1.272000 1.352000 -0.507000 50 0
-1.246000 1.247000 -0.496000 55 0
-1.231000 1.155000 -0.487000 12 0
-1.199000 1.052000 -0.471000 14 0
-1.288000 1.435000 -0.527000 48 0
-1.262000 1.321000 -0.514000 57 0
-1.234000 1.211000 -0.497000 51 0
-1.214000 1.115000 -0.484000 59 0
-1.309000 1.528000 -0.551000 47 0
-1.283000 1.406000 -0.535000 51 0
-1.255000 1.290000 -0.515000 56 0
-1.232000 1.183000 -0.499000 50 0
-1.329000 1.626000 -0.576000 12 0
-1.301000 1.494000 -0.556000 50 0
-1.274000 1.370000 -0.534000 51 0
-1.249000 1.255000 -0.514000 51 0
-1.882000 2.415000 -0.841000 79 0
-1.328000 1.598000 -0.583000 62 0
-1.294000 1.456000 -0.554000 49 0
-1.269000 1.334000 -0.532000 47 0
-1.809000 2.435000 -0.835000 77 0
-1.913000 2.411000 -0.863000 116 0
-1.318000 1.554000 -0.578000 54 0
-1.286000 1.414000 -0.549000 54 0
-1.734000 2.451000 -0.827000 77 0
-1.837000 2.428000 -0.853000 82 0
-1.324000 1.634000 -0.595000 8 0
-1.308000 1.505000 -0.570000 51 0
-1.659000 2.462000 -0.819000 84 0
-1.763000 2.444000 -0.843000 77 0
-1.869000 2.417000 -0.861000 75 0
-1.331000 1.603000 -0.592000 106 0
-1.594000 2.488000 -0.817000 80 0
-1.695000 2.467000 -0.836000 77 0
-1.795000 2.434000 -0.849000 76 0
-1.909000 2.408000 -0.869000 83 0
-1.522000 2.500000 -0.810000 78 0
-1.619000 2.477000 -0.826000 79 0
-1.724000 2.453000 -0.839000 76 0
-1.833000 2.424000 -0.854000 74 0
-1.454000 2.517000 -0.806000 83 0
-1.553000 2.499000 -0.821000 77 0
-1.655000 2.473000 -0.830000 81 0
-1.761000 2.442000 -0.841000 77 0
-1.386000 2.533000 -0.801000 79 0
-1.485000 2.514000 -0.814000 75 0
-1.582000 2.484000 -0.819000 75 0
-1.692000 2.463000 -0.830000 76 0
-1.319000 2.547000 -0.797000 78 0
-1.415000 2.528000 -0.806000 78 0
-1.515000 2.503000 -0.811000 71 0
-1.619000 2.475000 -0.817000 81 0
-1.254000 2.564000 -0.794000 82 0
-1.349000 2.543000 -0.800000 74 0
-1.447000 2.520000 -0.803000 78 0
-1.549000 2.490000 -0.805000 76 0
-1.191000 2.582000 -0.793000 86 0
-1.284000 2.561000 -0.795000 77 0
-1.377000 2.530000 -0.793000 76 0
-1.482000 2.509000 -0.796000 71 0
-1.125000 2.594000 -0.789000 78 0
-1.217000 2.572000 -0.790000 73 0
-1.315000 2.553000 -0.788000 72 0
-1.416000 2.527000 -0.786000 77 0
-1.062000 2.610000 -0.787000 85 0
-1.154000 2.591000 -0.786000 75 0
-1.249000 2.567000 -0.780000 77 0
-1.349000 2.542000 -0.776000 80 0
-0.999000 2.626000 -0.786000 86 0
-1.091000 2.608000 -0.783000 76 0
-1.183000 2.581000 -0.773000 71 0
-1.286000 2.563000 -0.769000 78 0
-1.115000 3.145000 -0.935000 150 0
-1.026000 2.618000 -0.777000 81 0
-1.121000 2.600000 -0.768000 77 0
-1.218000 2.573000 -0.759000 79 0
-1.373000 4.170000 -1.232000 13 0
-0.990000 2.707000 -0.796000 157 0
-1.057000 2.614000 -0.762000 79 0
-1.152000 2.587000 -0.750000 78 0
-1.274000 4.185000 -1.229000 13 0
-1.093000 3.213000 -0.936000 83 0
-0.989000 2.618000 -0.754000 84 0
-1.090000 2.607000 -0.744000 79 0
-1.168000 4.175000 -1.219000 9 0
-1.342000 4.258000 -1.231000 12 0
-1.122000 3.188000 -0.907000 150 0
-1.024000 2.617000 -0.735000 77 0
-1.075000 4.207000 -1.223000 13 0
-1.231000 4.244000 -1.216000 8 0
-1.426000 4.367000 -1.229000 12 0
-0.994000 2.723000 -0.754000 164 0
-0.977000 4.222000 -1.221000 12 0
-1.144000 4.307000 -1.225000 12 0
-1.328000 4.411000 -1.228000 11 0
-1.087000 3.208000 -0.875000 12 0
-0.879000 4.230000 -1.219000 12 0
-1.041000 4.315000 -1.219000 16 0
-1.216000 4.400000 -1.212000 7 0
-1.424000 4.543000 -1.223000 13 0
-0.781000 4.237000 -1.217000 12 0
-0.944000 4.340000 -1.218000 16 0
-1.126000 4.475000 -1.221000 14 0
-1.326000 4.601000 -1.223000 2 0
-0.682000 4.232000 -1.212000 12 0
-0.845000 4.365000 -1.218000 19 0
-1.022000 4.495000 -1.215000 14 0
-1.221000 4.638000 -1.217000 12 0
-0.583000 4.222000 -1.206000 12 0
-0.745000 4.374000 -1.214000 18 0
-0.896000 4.409000 -1.181000 51 0
-1.115000 4.676000 -1.212000 13 0
-0.485000 4.212000 -1.201000 17 0
-0.644000 4.379000 -1.209000 17 0
-0.793000 4.419000 -1.175000 78 0
-0.986000 4.607000 -1.180000 15 0
-0.389000 4.209000 -1.198000 16 0
-0.543000 4.388000 -1.206000 13 0
-0.693000 4.441000 -1.172000 81 0
-0.836000 4.401000 -1.115000 72 0
-0.238000 3.416000 -0.971000 37 0
-0.441000 4.376000 -1.198000 13 0
-0.593000 4.484000 -1.174000 75 0
-0.734000 4.432000 -1.111000 99 0
0.000000 -0.000000 -0.000000 0 0
-0.266000 3.420000 -0.933000 64 0
-0.492000 4.510000 -1.174000 74 0
-0.633000 4.464000 -1.108000 80 0
0.000000 -0.000000 -0.000000 0 192
-0.189000 3.428000 -0.932000 4 0
-0.293000 3.425000 -0.885000 5 0
-0.532000 4.505000 -1.108000 79 0
0.000000 -0.000000 -0.000000 0 192
0.000000 -0.000000 -0.000000 0 0
-0.214000 3.420000 -0.879000 17 0
-0.329000 3.492000 -0.851000 11 0
0.000000 -0.000000 -0.000000 0 192
0.000000 -0.000000 -0.000000 0 192
0.000000 -0.000000 -0.000000 0 0
-0.242000 3.412000 -0.825000 40 0
0.000000 -0.000000 -0.000000 0 192
0.000000 -0.000000 -0.000000 0 128
0.000000 -0.000000 -0.000000 0 192
0.000000 -0.000000 -0.000000 0 0
0.000000 -0.000000 -0.000000 0 192
0.000000 -0.000000 -0.000000 0 192
0.000000 -0.000000 -0.000000 0 128
0.000000 -0.000000 -0.000000 0 192
0.000000 -0.000000 -0.000000 0 192
0.000000 -0.000000 -0.000000 0 192
0.000000 -0.000000 -0.000000 0 192
0.000000 -0.000000 -0.000000 0 192
-1.191000 2.582000 -0.793000 86 0
-1.284000 2.561000 -0.795000 77 0
-1.377000 2.530000 -0.793000 76 0
-1.482000 2.509000 -0.796000 71 0
-1.125000 2.594000 -0.789000 78 0
-1.217000 2.572000 -0.790000 73 0
-1.315000 2.553000 -0.788000 72 0
-1.416000 2.527000 -0.786000 77 0
-1.062000 2.610000 -0.787000 85 0
-1.154000 2.591000 -0.786000 75 0
-1.249000 2.567000 -0.780000 77 0
-1.349000 2.542000 -0.776000 80 0
-0.999000 2.626000 -0.786000 86 0
-1.091000 2.608000 -0.783000 76 0
-1.183000 2.581000 -0.773000 71 0
-1.286000 2.563000 -0.769000 78 0
-1.115000 3.145000 -0.935000 150 0
-1.026000 2.618000 -0.777000 81 0
-1.121000 2.600000 -0.768000 77 0
-1.218000 2.573000 -0.759000 79 0
-1.373000 4.170000 -1.232000 13 0
-0.990000 2.707000 -0.796000 157 0
-1.057000 2.614000 -0.762000 79 0
-1.152000 2.587000 -0.750000 78 0
-1.274000 4.185000 -1.229000 13 0
-1.093000 3.213000 -0.936000 83 0
-0.989000 2.618000 -0.754000 84 0
-1.090000 2.607000 -0.744000 79 0
-1.168000 4.175000 -1.219000 9 0
-1.342000 4.258000 -1.231000 12 0
-1.122000 3.188000 -0.907000 150 0
-1.024000 2.617000 -0.735000 77 0
-1.075000 4.207000 -1.223000 13 0
-1.231000 4.244000 -1.216000 8 0
-1.426000 4.367000 -1.229000 12 0
-0.994000 2.723000 -0.754000 164 0
-0.977000 4.222000 -1.221000 12 0
-1.144000 4.307000 -1.225000 12 0
-1.328000 4.411000 -1.228000 11 0
-1.087000 3.208000 -0.875000 12 0
-0.879000 4.230000 -1.219000 12 0
-1.041000 4.315000 -1.219000 16 0
-1.216000 4.400000 -1.212000 7 0
-1.424000 4.543000 -1.223000 13 0
-0.781000 4.237000 -1.217000 12 0
-0.944000 4.340000 -1.218000 16 0
-1.126000 4.475000 -1.221000 14 0
-1.326000 4.601000 -1.223000 2 0
-0.682000 4.232000 -1.212000 12 0
-0.845000 4.365000 -1.218000 19 0
-1.022000 4.495000 -1.215000 14 0
-1.221000 4.638000 -1.217000 12 0
-0.583000 4.222000 -1.206000 12 0
-0.745000 4.374000 -1.214000 18 0
-0.896000 4.409000 -1.181000 51 0
-1.115000 4.676000 -1.212000 13 0
-0.485000 4.212000 -1.201000 17 0
-0.644000 4.379000 -1.209000 17 0
-0.793000 4.419000 -1.175000 78 0
-0.986000 4.607000 -1.180000 15 0
-0.389000 4.209000 -1.198000 16 0
-0.543000 4.388000 -1.206000 13 0
-0.693000 4.441000 -1.172000 81 0
-0.836000 4.401000 -1.115000 72 0
-0.238000 3.416000 -0.971000 37 0
-0.441000 4.376000 -1.198000 13 0
-0.593000 4.484000 -1.174000 75 0
-0.734000 4.432000 -1.111000 99 0
0.000000 -0.000000 -0.000000 0 0
-0.266000 3.420000 -0.933000 64 0
-0.492000 4.510000 -1.174000 74 0
-0.633000 4.464000 -1.108000 80 0
0.000000 -0.000000 -0.000000 0 192
-0.189000 3.428000 -0.932000 4 0
-0.293000 3.425000 -0.885000 5 0
-0.532000 4.505000 -1.108000 79 0
0.000000 -0.000000 -0.000000 0 192
0.000000 -0.000000 -0.000000 0 0
-0.214000 3.420000 -0.879000 17 0
-0.329000 3.492000 -0.851000 11 0
0.000000 -0.000000 -0.000000 0 192
0.000000 -0.000000 -0.000000 0 192
0.000000 -0.000000 -0.000000 0 0
-0.242000 3.412000 -0.825000 40 0
0.000000 -0.000000 -0.000000 0 192
0.000000 -0.000000 -0.000000 0 128
0.000000 -0.000000 -0.000000 0 192
0.000000 -0.000000 -0.000000 0 0
0.000000 -0.000000 -0.000000 0 192
0.000000 -0.000000 -0.000000 0 192
0.000000 -0.000000 -0.000000 0 128
0.000000 -0.000000 -0.000000 0 192
0.000000 -0.000000 -0.000000 0 192
0.000000 -0.000000 -0.000000 0 192
0.000000 -0.000000 -0.000000 0 192
0.000000 -0.000000 -0.000000 0 192
0.000000 -0.000000 -0.000000 0 192
0.000000 -0.000000 -0.000000 0 192
0.000000 -0.000000 -0.000000 0 192
0.000000 -0.000000 -0.000000 0 192
0.000000 -0.000000 -0.000000 0 0
0.175000 1.690000 -0.456000 1 0
0.000000 -0.000000 -0.000000 0 192
0.000000 -0.000000 -0.000000 0 128
0.238000 1.540000 -0.445000 55 0
0.200000 1.583000 -0.428000 16 0
0.000000 -0.000000 -0.000000 0 0
0.000000 -0.000000 -0.000000 0 192
0.277000 1.565000 -0.453000 12 0
0.231000 1.547000 -0.419000 56 0
0.195000 1.589000 -0.398000 14 0
0.000000 -0.000000 -0.000000 0 192
0.313000 1.564000 -0.455000 57 0
0.269000 1.556000 -0.422000 12 0
0.227000 1.554000 -0.389000 11 0
0.188000 1.598000 -0.369000 0 72
0.353000 1.581000 -0.463000 13 0
0.307000 1.566000 -0.425000 55 0
0.264000 1.555000 -0.389000 11 0
0.218000 1.537000 -0.353000 51 0
0.391000 1.585000 -0.466000 79 0
0.346000 1.576000 -0.429000 12 0
0.304000 1.570000 -0.393000 11 0
0.259000 1.560000 -0.358000 12 0
0.432000 1.600000 -0.473000 80 0
0.386000 1.584000 -0.433000 81 0
0.343000 1.576000 -0.395000 57 0
0.297000 1.555000 -0.356000 46 0
0.471000 1.603000 -0.477000 76 0
0.428000 1.599000 -0.439000 78 0
0.385000 1.588000 -0.399000 12 0
0.340000 1.578000 -0.361000 12 0
0.514000 1.616000 -0.484000 49 0
0.468000 1.604000 -0.442000 74 0
0.424000 1.590000 -0.400000 58 0
0.381000 1.585000 -0.362000 54 0
0.558000 1.629000 -0.492000 50 0
0.512000 1.616000 -0.448000 50 0
0.469000 1.606000 -0.405000 54 0
0.424000 1.596000 -0.365000 60 0
0.600000 1.633000 -0.497000 49 0
0.556000 1.627000 -0.453000 52 0
0.512000 1.612000 -0.408000 56 0
0.469000 1.608000 -0.367000 53 0
0.647000 1.647000 -0.505000 47 0
0.602000 1.638000 -0.459000 50 0
0.557000 1.623000 -0.412000 54 0
0.514000 1.619000 -0.370000 58 0
0.694000 1.660000 -0.513000 41 0
0.647000 1.647000 -0.465000 51 0
0.604000 1.636000 -0.417000 45 0
0.560000 1.629000 -0.373000 49 0
0.739000 1.665000 -0.520000 49 0
0.698000 1.664000 -0.473000 51 0
0.653000 1.651000 -0.423000 53 0
0.610000 1.646000 -0.378000 49 0
0.822000 1.746000 -0.550000 150 0
0.746000 1.673000 -0.479000 47 0
0.704000 1.665000 -0.430000 45 0
0.658000 1.651000 -0.381000 52 0
0.982000 1.973000 -0.628000 43 0
0.810000 1.710000 -0.494000 98 0
0.755000 1.675000 -0.435000 46 0
0.710000 1.665000 -0.385000 47 0
1.045000 1.988000 -0.640000 40 0
0.993000 1.980000 -0.577000 38 0
0.835000 1.744000 -0.456000 150 0
0.764000 1.680000 -0.391000 46 0
1.112000 2.009000 -0.654000 43 0
1.056000 1.993000 -0.586000 40 0
1.004000 1.976000 -0.521000 46 0
0.870000 1.797000 -0.420000 150 0
1.177000 2.020000 -0.665000 42 0
1.124000 2.009000 -0.597000 41 0
1.072000 1.995000 -0.530000 43 0
1.022000 1.987000 -0.468000 42 0
1.245000 2.034000 -0.678000 22 0
1.199000 2.033000 -0.611000 37 0
1.144000 2.013000 -0.540000 39 0
1.089000 1.998000 -0.474000 44 0
0.000000 -0.000000 -0.000000 0 0
1.272000 2.052000 -0.623000 10 0
1.214000 2.026000 -0.548000 17 0
1.162000 2.016000 -0.482000 21 0
0.000000 -0.000000 -0.000000 0 0
0.000000 -0.000000 -0.000000 0 0
0.000000 -0.000000 -0.000000 0 0
1.246000 2.046000 -0.493000 4 0
0.000000 -0.000000 -0.000000 0 128
0.000000 -0.000000 -0.000000 0 128
0.000000 -0.000000 -0.000000 0 0
0.000000 -0.000000 -0.000000 0 0
0.000000 -0.000000 -0.000000 0 192
0.000000 -0.000000 -0.000000 0 192
0.000000 -0.000000 -0.000000 0 192
0.000000 -0.000000 -0.000000 0 192
0.000000 -0.000000 -0.000000 0 0
0.175000 1.690000 -0.456000 1 0
0.000000 -0.000000 -0.000000 0 192
0.000000 -0.000000 -0.000000 0 128
0.238000 1.540000 -0.445000 55 0
0.200000 1.583000 -0.428000 16 0
0.000000 -0.000000 -0.000000 0 0
0.000000 -0.000000 -0.000000 0 192
0.277000 1.565000 -0.453000 12 0
0.231000 1.547000 -0.419000 56 0
0.195000 1.589000 -0.398000 14 0
0.000000 -0.000000 -0.000000 0 192
0.313000 1.564000 -0.455000 57 0
0.269000 1.556000 -0.422000 12 0
0.227000 1.554000 -0.389000 11 0
0.188000 1.598000 -0.369000 0 72
0.353000 1.581000 -0.463000 13 0
0.307000 1.566000 -0.425000 55 0
0.264000 1.555000 -0.389000 11 0
0.218000 1.537000 -0.353000 51 0
0.391000 1.585000 -0.466000 79 0
0.346000 1.576000 -0.429000 12 0
0.304000 1.570000 -0.393000 11 0
0.259000 1.560000 -0.358000 12 0
0.432000 1.600000 -0.473000 80 0
0.386000 1.584000 -0.433000 81 0
0.343000 1.576000 -0.395000 57 0
0.297000 1.555000 -0.356000 46 0
0.471000 1.603000 -0.477000 76 0
0.428000 1.599000 -0.439000 78 0
0.385000 1.588000 -0.399000 12 0
0.340000 1.578000 -0.361000 12 0
0.514000 1.616000 -0.484000 49 0
0.468000 1.604000 -0.442000 74 0
0.424000 1.590000 -0.400000 58 0
0.381000 1.585000 -0.362000 54 0
0.558000 1.629000 -0.492000 50 0
0.512000 1.616000 -0.448000 50 0
0.469000 1.606000 -0.405000 54 0
0.424000 1.596000 -0.365000 60 0
0.600000 1.633000 -0.497000 49 0
0.556000 1.627000 -0.453000 52 0
0.512000 1.612000 -0.408000 56 0
0.469000 1.608000 -0.367000 53 0
0.647000 1.647000 -0.505000 47 0
0.602000 1.638000 -0.459000 50 0
0.557000 1.623000 -0.412000 54 0
0.514000 1.619000 -0.370000 58 0
0.694000 1.660000 -0.513000 41 0
0.647000 1.647000 -0.465000 51 0
0.604000 1.636000 -0.417000 45 0
0.560000 1.629000 -0.373000 49 0
0.739000 1.665000 -0.520000 49 0
0.698000 1.664000 -0.473000 51 0
0.653000 1.651000 -0.423000 53 0
0.610000 1.646000 -0.378000 49 0
0.822000 1.746000 -0.550000 150 0
0.746000 1.673000 -0.479000 47 0
0.704000 1.665000 -0.430000 45 0
0.658000 1.651000 -0.381000 52 0
0.982000 1.973000 -0.628000 43 0
0.810000 1.710000 -0.494000 98 0
0.755000 1.675000 -0.435000 46 0
0.710000 1.665000 -0.385000 47 0
1.045000 1.988000 -0.640000 40 0
0.993000 1.980000 -0.577000 38 0
0.835000 1.744000 -0.456000 150 0
0.764000 1.680000 -0.391000 46 0
1.112000 2.009000 -0.654000 43 0
1.056000 1.993000 -0.586000 40 0
1.004000 1.976000 -0.521000 46 0
0.870000 1.797000 -0.420000 150 0
1.177000 2.020000 -0.665000 42 0
1.124000 2.009000 -0.597000 41 0
1.072000 1.995000 -0.530000 43 0
1.022000 1.987000 -0.468000 42 0
1.245000 2.034000 -0.678000 22 0
1.199000 2.033000 -0.611000 37 0
1.144000 2.013000 -0.540000 39 0
1.089000 1.998000 -0.474000 44 0
0.000000 -0.000000 -0.000000 0 0
1.272000 2.052000 -0.623000 10 0
1.214000 2.026000 -0.548000 17 0
1.162000 2.016000 -0.482000 21 0
0.000000 -0.000000 -0.000000 0 0
0.000000 -0.000000 -0.000000 0 0
0.000000 -0.000000 -0.000000 0 0
1.246000 2.046000 -0.493000 4 0
0.000000 -0.000000 -0.000000 0 128
0.000000 -0.000000 -0.000000 0 128
0.000000 -0.000000 -0.000000 0 0
0.000000 -0.000000 -0.000000 0 0
0.000000 -0.000000 -0.000000 0 128
0.000000 -0.000000 -0.000000 0 128
0.000000 -0.000000 -0.000000 0 128
0.000000 -0.000000 -0.000000 0 128
0.000000 -0.000000 -0.000000 0 0
0.000000 -0.000000 -0.000000 0 128
0.000000 -0.000000 -0.000000 0 128
0.000000 -0.000000 -0.000000 0 128
0.000000 -0.000000 -0.000000 0 128
0.000000 -0.000000 -0.000000 0 128
0.000000 -0.000000 -0.000000 0 128
0.000000 -0.000000 -0.000000 0 128
0.000000 -0.000000 -0.000000 0 128
0.000000 -0.000000 -0.000000 0 0
0.000000 -0.000000 -0.000000 0 128
0.000000 -0.000000 -0.000000 0 128
0.000000 -0.000000 -0.000000 0 128
0.000000 -0.000000 -0.000000 0 0
0.000000 -0.000000 -0.000000 0 0
0.000000 -0.000000 -0.000000 0 128
0.000000 -0.000000 -0.000000 0 0
0.000000 -0.000000 -0.000000 0 0
0.000000 -0.000000 -0.000000 0 0
0.000000 -0.000000 -0.000000 0 128
0.000000 -0.000000 -0.000000 0 0
0.000000 -0.000000 -0.000000 0 0
0.000000 -0.000000 -0.000000 0 0
0.000000 -0.000000 -0.000000 0 0
0.000000 -0.000000 -0.000000 0 0
0.000000 -0.000000 -0.000000 0 0
0.000000 -0.000000 -0.000000 0 0
0.000000 -0.000000 -0.000000 0 0
0.000000 -0.000000 -0.000000 0 0
0.000000 -0.000000 -0.000000 0 0
0.000000 -0.000000 -0.000000 0 0
0.000000 -0.000000 -0.000000 0 0
0.000000 -0.000000 -0.000000 0 0
0.000000 -0.000000 -0.000000 0 0
0.000000 -0.000000 -0.000000 0 0
0.000000 -0.000000 -0.000000 0 0
0.000000 -0.000000 -0.000000 0 128
0.000000 -0.000000 -0.000000 0 0
0.000000 -0.000000 -0.000000 0 0
0.000000 -0.000000 -0.000000 0 192
0.000000 -0.000000 -0.000000 0 128
0.000000 -0.000000 -0.000000 0 128
0.000000 -0.000000 -0.000000 0 128
0.000000 -0.000000 -0.000000 0 128
0.000000 -0.000000 -0.000000 0 128
0.000000 -0.000000 -0.000000 0 128
0.000000 -0.000000 -0.000000 0 0
0.000000 -0.000000 -0.000000 0 128
0.000000 -0.000000 -0.000000 0 0
0.000000 -0.000000 -0.000000 0 0
0.000000 -0.000000 -0.000000 0 0
0.000000 -0.000000 -0.000000 0 128
0.000000 -0.000000 -0.000000 0 0
0.000000 -0.000000 -0.000000 0 0
0.000000 -0.000000 -0.000000 0 0
0.000000 -0.000000 -0.000000 0 0
0.000000 -0.000000 -0.000000 0 0
0.000000 -0.000000 -0.000000 0 0
0.000000 -0.000000 -0.000000 0 0
0.000000 -0.000000 -0.000000 0 0
0.000000 -0.000000 -0.000000 0 0
0.000000 -0.000000 -0.000000 0 0
0.000000 -0.000000 -0.000000 0 0
0.000000 -0.000000 -0.000000 0 0
0.000000 -0.000000 -0.000000 0 0
0.000000 -0.000000 -0.000000 0 0
0.000000 -0.000000 -0.000000 0 0
0.000000 -0.000000 -0.000000 0 0
0.000000 -0.000000 -0.000000 0 0
0.000000 -0.000000 -0.000000 0 0
0.000000 -0.000000 -0.000000 0 0
0.000000 -0.000000 -0.000000 0 0
0.000000 -0.000000 -0.000000 0 0
0.000000 -0.000000 -0.000000 0 0
0.000000 -0.000000 -0.000000 0 0
0.000000 -0.000000 -0.000000 0 0
0.000000 -0.000000 -0.000000 0 0
0.000000 -0.000000 -0.000000 0 0
0.000000 -0.000000 -0.000000 0 0
0.000000 -0.000000 -0.000000 0 0
0.000000 -0.000000 -0.000000 0 0
0.000000 -0.000000 -0.000000 0 0
0.000000 -0.000000 -0.000000 0 0
0.000000 -0.000000 -0.000000 0 0
0.000000 -0.000000 -0.000000 0 0
0.000000 -0.000000 -0.000000 0 0
0.000000 -0.000000 -0.000000 0 0
0.000000 -0.000000 -0.000000 0 0
0.000000 -0.000000 -0.000000 0 0
0.000000 -0.000000 -0.000000 0 0
0.000000 -0.000000 -0.000000 0 0
0.000000 -0.000000 -0.000000 0 0
0.000000 -0.000000 -0.000000 0 128
0.000000 -0.000000 -0.000000 0 128
0.000000 -0.000000 -0.000000 0 128
0.000000 -0.000000 -0.000000 0 128
0.000000 -0.000000 -0.000000 0 0
0.000000 -0.000000 -0.000000 0 128
0.000000 -0.000000 -0.000000 0 128
0.000000 -0.000000 -0.000000 0 128
0.000000 -0.000000 -0.000000 0 128
0.000000 -0.000000 -0.000000 0 128
0.000000 -0.000000 -0.000000 0 128
0.000000 -0.000000 -0.000000 0 128
0.000000 -0.000000 -0.000000 0 128
0.000000 -0.000000 -0.000000 0 0
0.000000 -0.000000 -0.000000 0 128
0.000000 -0.000000 -0.000000 0 128
0.000000 -0.000000 -0.000000 0 128
0.000000 -0.000000 -0.000000 0 0
0.000000 -0.000000 -0.000000 0 0
0.000000 -0.000000 -0.000000 0 128
0.000000 -0.000000 -0.000000 0 0
0.000000 -0.000000 -0.000000 0 0
0.000000 -0.000000 -0.000000 0 0
0.000000 -0.000000 -0.000000 0 128
0.000000 -0.000000 -0.000000 0 0
0.000000 -0.000000 -0.000000 0 0
0.000000 -0.000000 -0.000000 0 0
0.000000 -0.000000 -0.000000 0 0
0.000000 -0.000000 -0.000000 0 0
0.000000 -0.000000 -0.000000 0 0
0.000000 -0.000000 -0.000000 0 0
0.000000 -0.000000 -0.000000 0 0
0.000000 -0.000000 -0.000000 0 0
0.000000 -0.000000 -0.000000 0 0
0.000000 -0.000000 -0.000000 0 0
0.000000 -0.000000 -0.000000 0 0
0.000000 -0.000000 -0.000000 0 0
0.000000 -0.000000 -0.000000 0 0
0.000000 -0.000000 -0.000000 0 0
0.000000 -0.000000 -0.000000 0 0
0.000000 -0.000000 -0.000000 0 128
0.000000 -0.000000 -0.000000 0 0
0.000000 -0.000000 -0.000000 0 0
0.000000 -0.000000 -0.000000 0 192
0.000000 -0.000000 -0.000000 0 128
0.000000 -0.000000 -0.000000 0 128
0.000000 -0.000000 -0.000000 0 128
0.000000 -0.000000 -0.000000 0 128
0.000000 -0.000000 -0.000000 0 128
0.000000 -0.000000 -0.000000 0 128
0.000000 -0.000000 -0.000000 0 0
0.000000 -0.000000 -0.000000 0 128
0.000000 -0.000000 -0.000000 0 0
0.000000 -0.000000 -0.000000 0 0
0.000000 -0.000000 -0.000000 0 0
0.000000 -0.000000 -0.000000 0 128
0.000000 -0.000000 -0.000000 0 0
0.000000 -0.000000 -0.000000 0 0
0.000000 -0.000000 -0.000000 0 0
0.000000 -0.000000 -0.000000 0 0
0.000000 -0.000000 -0.000000 0 0
0.000000 -0.000000 -0.000000 0 0
0.000000 -0.000000 -0.000000 0 0
0.000000 -0.000000 -0.000000 0 0
0.000000 -0.000000 -0.000000 0 0
0.000000 -0.000000 -0.000000 0 0
0.000000 -0.000000 -0.000000 0 0
0.000000 -0.000000 -0.000000 0 0
0.000000 -0.000000 -0.000000 0 0
0.000000 -0.000000 -0.000000 0 0
0.000000 -0.000000 -0.000000 0 0
0.000000 -0.000000 -0.000000 0 0
0.000000 -0.000000 -0.000000 0 0
0.000000 -0.000000 -0.000000 0 0
0.000000 -0.000000 -0.000000 0 0
0.000000 -0.000000 -0.000000 0 0
0.000000 -0.000000 -0.000000 0 0
0.000000 -0.000000 -0.000000 0 0
0.000000 -0.000000 -0.000000 0 0
0.000000 -0.000000 -0.000000 0 0
0.000000 -0.000000 -0.000000 0 0
0.000000 -0.000000 -0.000000 0 0
0.000000 -0.000000 -0.000000 0 0
0.000000 -0.000000 -0.000000 0 0
0.000000 -0.000000 -0.000000 0 0
0.000000 -0.000000 -0.000000 0 0
0.000000 -0.000000 -0.000000 0 0
0.000000 -0.000000 -0.000000 0 0
0.000000 -0.000000 -0.000000 0 0
0.000000 -0.000000 -0.000000 0 0
0.000000 -0.000000 -0.000000 0 0
0.000000 -0.000000 -0.000000 0 0
0.000000 -0.000000 -0.000000 0 0
0.000000 -0.000000 -0.000000 0 0
0.000000 -0.000000 -0.000000 0 0
0.000000 -0.000000 -0.000000 0 0
3.088000 -9.800000 0.680000 102 0
2.778000 -9.879000 0.739000 104 0
2.468000 -9.949000 0.783000 111 0
2.163000 -10.022000 0.839000 102 0
2.858000 -9.856000 0.692000 103 0
2.545000 -9.928000 0.742000 107 0
2.233000 -10.001000 0.779000 104 0
1.928000 -10.075000 0.827000 104 0
2.625000 -9.909000 0.704000 103 0
2.314000 -9.989000 0.747000 105 0
2.000000 -10.055000 0.775000 106 0
1.690000 -10.123000 0.816000 98 0
2.394000 -9.961000 0.716000 100 0
2.079000 -10.036000 0.751000 100 0
1.767000 -10.111000 0.772000 98 0
1.456000 -10.192000 0.806000 70 0
2.159000 -10.008000 0.728000 97 0
1.847000 -10.090000 0.755000 102 0
1.531000 -10.170000 0.770000 96 0
1.198000 -10.065000 0.782000 38 0
1.929000 -10.063000 0.742000 95 0
1.613000 -10.154000 0.762000 98 0
1.283000 -10.113000 0.759000 46 0
0.000000 -0.000000 -0.000000 0 0
1.700000 -10.132000 0.756000 98 0
1.377000 -10.190000 0.766000 80 0
0.000000 -0.000000 -0.000000 0 0
0.000000 -0.000000 -0.000000 0 0
1.463000 -10.179000 0.769000 95 0
1.122000 -10.069000 0.758000 13 0
0.000000 -0.000000 -0.000000 0 0
0.000000 -0.000000 -0.000000 0 0
1.209000 -10.059000 0.770000 43 0
0.000000 -0.000000 -0.000000 0 0
0.000000 -0.000000 -0.000000 0 0
0.000000 -0.000000 -0.000000 0 0
0.000000 -0.000000 -0.000000 0 0
0.000000 -0.000000 -0.000000 0 0
0.000000 -0.000000 -0.000000 0 0
0.000000 -0.000000 -0.000000 0 0
0.000000 -0.000000 -0.000000 0 0
0.000000 -0.000000 -0.000000 0 0
0.000000 -0.000000 -0.000000 0 0
0.000000 -0.000000 -0.000000 0 0
0.000000 -0.000000 -0.000000 0 0
0.000000 -0.000000 -0.000000 0 0
0.000000 -0.000000 -0.000000 0 0
0.000000 -0.000000 -0.000000 0 0
0.000000 -0.000000 -0.000000 0 0
0.000000 -0.000000 -0.000000 0 0
0.000000 -0.000000 -0.000000 0 0
0.000000 -0.000000 -0.000000 0 0
0.000000 -0.000000 -0.000000 0 0
0.000000 -0.000000 -0.000000 0 0
0.000000 -0.000000 -0.000000 0 0
-0.187000 -2.037000 0.135000 1 0
0.000000 -0.000000 -0.000000 0 0
0.000000 -0.000000 -0.000000 0 0
-0.175000 -2.080000 0.147000 0 4
-0.221000 -1.907000 0.124000 1 0
0.000000 -0.000000 -0.000000 0 0
0.000000 -0.000000 -0.000000 0 0
-0.209000 -1.943000 0.137000 1 0
-0.248000 -1.783000 0.114000 2 0
0.000000 -0.000000 -0.000000 0 0
-0.198000 -1.989000 0.156000 1 0
-0.240000 -1.827000 0.128000 1 0
-0.274000 -1.679000 0.106000 2 0
-0.187000 -2.060000 0.179000 0 4
-0.229000 -1.862000 0.147000 1 0
-0.269000 -1.730000 0.121000 2 0
-0.296000 -1.583000 0.098000 2 0
-0.218000 -1.899000 0.168000 1 0
-0.255000 -1.738000 0.138000 1 0
-0.290000 -1.620000 0.113000 2 0
-0.314000 -1.487000 0.091000 2 0
-0.248000 -1.791000 0.161000 1 0
-0.283000 -1.658000 0.133000 2 0
-0.314000 -1.544000 0.107000 2 0
-0.492000 -2.086000 0.126000 63 0
-0.275000 -1.690000 0.154000 2 0
-0.306000 -1.568000 0.127000 2 0
-0.486000 -2.134000 0.148000 50 0
-0.517000 -1.988000 0.118000 65 0
-0.296000 -1.587000 0.147000 2 0
-0.473000 -2.150000 0.176000 51 0
-0.510000 -2.021000 0.140000 59 0
-0.540000 -1.894000 0.111000 62 0
-0.313000 -1.481000 0.140000 2 0
-0.503000 -2.057000 0.170000 57 0
-0.533000 -1.923000 0.134000 66 0
-0.560000 -1.806000 0.104000 70 0
-0.494000 -2.093000 0.201000 57 0
-0.526000 -1.952000 0.162000 63 0
-0.552000 -1.826000 0.127000 75 0
-0.578000 -1.720000 0.098000 72 0
3.088000 -9.800000 0.680000 102 0
2.778000 -9.879000 0.739000 104 0
2.468000 -9.949000 0.783000 111 0
2.163000 -10.022000 0.839000 102 0
2.858000 -9.856000 0.692000 103 0
2.545000 -9.928000 0.742000 107 0
2.233000 -10.001000 0.779000 104 0
1.928000 -10.075000 0.827000 104 0
2.625000 -9.909000 0.704000 103 0
2.314000 -9.989000 0.747000 105 0
2.000000 -10.055000 0.775000 106 0
1.690000 -10.123000 0.816000 98 0
2.394000 -9.961000 0.716000 100 0
2.079000 -10.036000 0.751000 100 0
1.767000 -10.111000 0.772000 98 0
1.456000 -10.192000 0.806000 70 0
2.159000 -10.008000 0.728000 97 0
1.847000 -10.090000 0.755000 102 0
1.531000 -10.170000 0.770000 96 0
1.198000 -10.065000 0.782000 38 0
1.929000 -10.063000 0.742000 95 0
1.613000 -10.154000 0.762000 98 0
1.283000 -10.113000 0.759000 46 0
0.000000 -0.000000 -0.000000 0 0
1.700000 -10.132000 0.756000 98 0
1.377000 -10.190000 0.766000 80 0
0.000000 -0.000000 -0.000000 0 0
0.000000 -0.000000 -0.000000 0 0
1.463000 -10.179000 0.769000 95 0
1.122000 -10.069000 0.758000 13 0
0.000000 -0.000000 -0.000000 0 0
0.000000 -0.000000 -0.000000 0 0
1.209000 -10.059000 0.770000 43 0
0.000000 -0.000000 -0.000000 0 0
0.000000 -0.000000 -0.000000 0 0
0.000000 -0.000000 -0.000000 0 0
0.000000 -0.000000 -0.000000 0 0
0.000000 -0.000000 -0.000000 0 0
0.000000 -0.000000 -0.000000 0 0
0.000000 -0.000000 -0.000000 0 0
0.000000 -0.000000 -0.000000 0 0
0.000000 -0.000000 -0.000000 0 0
0.000000 -0.000000 -0.000000 0 0
0.000000 -0.000000 -0.000000 0 0
0.000000 -0.000000 -0.000000 0 0
0.000000 -0.000000 -0.000000 0 0
0.000000 -0.000000 -0.000000 0 0
0.000000 -0.000000 -0.000000 0 0
0.000000 -0.000000 -0.000000 0 0
0.000000 -0.000000 -0.000000 0 0
0.000000 -0.000000 -0.000000 0 0
0.000000 -0.000000 -0.000000 0 0
0.000000 -0.000000 -0.000000 0 0
0.000000 -0.000000 -0.000000 0 0
0.000000 -0.000000 -0.000000 0 0
-0.187000 -2.037000 0.135000 1 0
0.000000 -0.000000 -0.000000 0 0
0.000000 -0.000000 -0.000000 0 0
-0.175000 -2.080000 0.147000 0 4
-0.221000 -1.907000 0.124000 1 0
0.000000 -0.000000 -0.000000 0 0
0.000000 -0.000000 -0.000000 0 0
-0.209000 -1.943000 0.137000 1 0
-0.248000 -1.783000 0.114000 2 0
0.000000 -0.000000 -0.000000 0 0
-0.198000 -1.989000 0.156000 1 0
-0.240000 -1.827000 0.128000 1 0
-0.274000 -1.679000 0.106000 2 0
-0.187000 -2.060000 0.179000 0 4
-0.229000 -1.862000 0.147000 1 0
-0.269000 -1.730000 0.121000 2 0
-0.296000 -1.583000 0.098000 2 0
-0.218000 -1.899000 0.168000 1 0
-0.255000 -1.738000 0.138000 1 0
-0.290000 -1.620000 0.113000 2 0
-0.314000 -1.487000 0.091000 2 0
-0.248000 -1.791000 0.161000 1 0
-0.283000 -1.658000 0.133000 2 0
-0.314000 -1.544000 0.107000 2 0
-0.492000 -2.086000 0.126000 63 0
-0.275000 -1.690000 0.154000 2 0
-0.306000 -1.568000 0.127000 2 0
-0.486000 -2.134000 0.148000 50 0
-0.517000 -1.988000 0.118000 65 0
-0.296000 -1.587000 0.147000 2 0
-0.473000 -2.150000 0.176000 51 0
-0.510000 -2.021000 0.140000 59 0
-0.540000 -1.894000 0.111000 62 0
-0.313000 -1.481000 0.140000 2 0
-0.503000 -2.057000 0.170000 57 0
-0.533000 -1.923000 0.134000 66 0
-0.560000 -1.806000 0.104000 70 0
-0.494000 -2.093000 0.201000 57 0
-0.526000 -1.952000 0.162000 63 0
-0.552000 -1.826000 0.127000 75 0
-0.578000 -1.720000 0.098000 72 0
-0.518000 -1.985000 0.194000 61 0
-0.547000 -1.855000 0.156000 62 0
-0.573000 -1.748000 0.121000 68 0
-0.594000 -1.641000 0.092000 74 0
-0.541000 -1.887000 0.188000 56 0
-0.568000 -1.774000 0.151000 63 0
-0.590000 -1.668000 0.116000 70 0
-0.610000 -1.574000 0.087000 82 0
-0.562000 -1.801000 0.182000 62 0
-0.589000 -1.700000 0.146000 67 0
-0.606000 -1.593000 0.111000 75 0
-0.627000 -1.512000 0.082000 82 0
-0.581000 -1.716000 0.177000 69 0
-0.603000 -1.616000 0.140000 77 0
-0.624000 -1.532000 0.107000 75 0
0.000000 -0.000000 -0.000000 0 0
-0.599000 -1.641000 0.172000 69 0
-0.621000 -1.553000 0.137000 74 0
0.000000 -0.000000 -0.000000 0 0
0.000000 -0.000000 -0.000000 0 0
-0.616000 -1.570000 0.168000 71 0
-0.637000 -1.489000 0.133000 73 0
0.000000 -0.000000 -0.000000 0 0
0.000000 -0.000000 -0.000000 0 0
-0.634000 -1.510000 0.165000 74 0
0.000000 -0.000000 -0.000000 0 0
0.000000 -0.000000 -0.000000 0 0
0.000000 -0.000000 -0.000000 0 0
0.000000 -0.000000 -0.000000 0 0
0.000000 -0.000000 -0.000000 0 0
0.000000 -0.000000 -0.000000 0 0
0.000000 -0.000000 -0.000000 0 0
0.000000 -0.000000 -0.000000 0 0
0.000000 -0.000000 -0.000000 0 0
0.000000 -0.000000 -0.000000 0 0
0.000000 -0.000000 -0.000000 0 0
0.000000 -0.000000 -0.000000 0 0
0.000000 -0.000000 -0.000000 0 0
0.000000 -0.000000 -0.000000 0 0
0.000000 -0.000000 -0.000000 0 0
0.000000 -0.000000 -0.000000 0 0
0.000000 -0.000000 -0.000000 0 0
0.000000 -0.000000 -0.000000 0 0
0.000000 -0.000000 -0.000000 0 0
0.000000 -0.000000 -0.000000 0 0
0.000000 -0.000000 -0.000000 0 0
0.000000 -0.000000 -0.000000 0 0
0.000000 -0.000000 -0.000000 0 0
0.000000 -0.000000 -0.000000 0 0
0.000000 -0.000000 -0.000000 0 0
0.000000 -0.000000 -0.000000 0 0
0.000000 -0.000000 -0.000000 0 0
0.000000 -0.000000 -0.000000 0 0
0.000000 -0.000000 -0.000000 0 0
0.000000 -0.000000 -0.000000 0 0
0.000000 -0.000000 -0.000000 0 0
0.000000 -0.000000 -0.000000 0 0
0.000000 -0.000000 -0.000000 0 0
0.000000 -0.000000 -0.000000 0 0
0.000000 -0.000000 -0.000000 0 0
0.000000 -0.000000 -0.000000 0 0
0.000000 -0.000000 -0.000000 0 0
0.000000 -0.000000 -0.000000 0 0
0.000000 -0.000000 -0.000000 0 0
0.000000 -0.000000 -0.000000 0 0
0.000000 -0.000000 -0.000000 0 0
0.000000 -0.000000 -0.000000 0 0
0.000000 -0.000000 -0.000000 0 0
0.000000 -0.000000 -0.000000 0 0
0.000000 -0.000000 -0.000000 0 0
0.000000 -0.000000 -0.000000 0 0
0.000000 -0.000000 -0.000000 0 0
0.000000 -0.000000 -0.000000 0 0
0.000000 -0.000000 -0.000000 0 0
0.000000 -0.000000 -0.000000 0 0
0.000000 -0.000000 -0.000000 0 0
0.000000 -0.000000 -0.000000 0 0
0.000000 -0.000000 -0.000000 0 0
0.000000 -0.000000 -0.000000 0 0
0.000000 -0.000000 -0.000000 0 0
0.000000 -0.000000 -0.000000 0 0
0.000000 -0.000000 -0.000000 0 0
0.000000 -0.000000 -0.000000 0 0
0.000000 -0.000000 -0.000000 0 0
0.000000 -0.000000 -0.000000 0 0
0.000000 -0.000000 -0.000000 0 0
0.000000 -0.000000 -0.000000 0 0
0.000000 -0.000000 -0.000000 0 0
0.000000 -0.000000 -0.000000 0 0
0.000000 -0.000000 -0.000000 0 0
0.000000 -0.000000 -0.000000 0 0
0.000000 -0.000000 -0.000000 0 0
0.000000 -0.000000 -0.000000 0 0
0.000000 -0.000000 -0.000000 0 0
0.000000 -0.000000 -0.000000 0 0
0.000000 -0.000000 -0.000000 0 0
-0.518000 -1.985000 0.194000 61 0
-0.547000 -1.855000 0.156000 62 0
-0.573000 -1.748000 0.121000 68 0
-0.594000 -1.641000 0.092000 74 0
-0.541000 -1.887000 0.188000 56 0
-0.568000 -1.774000 0.151000 63 0
-0.590000 -1.668000 0.116000 70 0
-0.610000 -1.574000 0.087000 82 0
-0.562000 -1.801000 0.182000 62 0
-0.589000 -1.700000 0.146000 67 0
-0.606000 -1.593000 0.111000 75 0
-0.627000 -1.512000 0.082000 82 0
-0.581000 -1.716000 0.177000 69 0
-0.603000 -1.616000 0.140000 77 0
-0.624000 -1.532000 0.107000 75 0
0.000000 -0.000000 -0.000000 0 0
-0.599000 -1.641000 0.172000 69 0
-0.621000 -1.553000 0.137000 74 0
0.000000 -0.000000 -0.000000 0 0
0.000000 -0.000000 -0.000000 0 0
-0.616000 -1.570000 0.168000 71 0
-0.637000 -1.489000 0.133000 73 0
0.000000 -0.000000 -0.000000 0 0
0.000000 -0.000000 -0.000000 0 0
-0.634000 -1.510000 0.165000 74 0
0.000000 -0.000000 -0.000000 0 0
0.000000 -0.000000 -0.000000 0 0
0.000000 -0.000000 -0.000000 0 0
0.000000 -0.000000 -0.000000 0 0
0.000000 -0.000000 -0.000000 0 0
0.000000 -0.000000 -0.000000 0 0
0.000000 -0.000000 -0.000000 0 0
0.000000 -0.000000 -0.000000 0 0
0.000000 -0.000000 -0.000000 0 0
0.000000 -0.000000 -0.000000 0 0
0.000000 -0.000000 -0.000000 0 0
0.000000 -0.000000 -0.000000 0 0
0.000000 -0.000000 -0.000000 0 0
0.000000 -0.000000 -0.000000 0 0
0.000000 -0.000000 -0.000000 0 0
0.000000 -0.000000 -0.000000 0 0
0.000000 -0.000000 -0.000000 0 0
0.000000 -0.000000 -0.000000 0 0
0.000000 -0.000000 -0.000000 0 0
0.000000 -0.000000 -0.000000 0 0
0.000000 -0.000000 -0.000000 0 0
0.000000 -0.000000 -0.000000 0 0
0.000000 -0.000000 -0.000000 0 0
0.000000 -0.000000 -0.000000 0 0
0.000000 -0.000000 -0.000000 0 0
0.000000 -0.000000 -0.000000 0 0
0.000000 -0.000000 -0.000000 0 0
0.000000 -0.000000 -0.000000 0 0
0.000000 -0.000000 -0.000000 0 0
0.000000 -0.000000 -0.000000 0 0
0.000000 -0.000000 -0.000000 0 0
0.000000 -0.000000 -0.000000 0 0
0.000000 -0.000000 -0.000000 0 0
0.000000 -0.000000 -0.000000 0 0
0.000000 -0.000000 -0.000000 0 0
0.000000 -0.000000 -0.000000 0 0
0.000000 -0.000000 -0.000000 0 0
0.000000 -0.000000 -0.000000 0 0
0.000000 -0.000000 -0.000000 0 0
0.000000 -0.000000 -0.000000 0 0
0.000000 -0.000000 -0.000000 0 0
0.000000 -0.000000 -0.000000 0 0
0.000000 -0.000000 -0.000000 0 0
0.000000 -0.000000 -0.000000 0 0
0.000000 -0.000000 -0.000000 0 0
0.000000 -0.000000 -0.000000 0 0
0.000000 -0.000000 -0.000000 0 0
0.000000 -0.000000 -0.000000 0 0
0.000000 -0.000000 -0.000000 0 0
0.000000 -0.000000 -0.000000 0 0
0.000000 -0.000000 -0.000000 0 0
0.000000 -0.000000 -0.000000 0 0
0.000000 -0.000000 -0.000000 0 0
0.000000 -0.000000 -0.000000 0 0
0.000000 -0.000000 -0.000000 0 0
0.000000 -0.000000 -0.000000 0 0
0.000000 -0.000000 -0.000000 0 0
0.000000 -0.000000 -0.000000 0 0
0.000000 -0.000000 -0.000000 0 0
0.000000 -0.000000 -0.000000 0 0
0.000000 -0.000000 -0.000000 0 0
0.000000 -0.000000 -0.000000 0 0
0.000000 -0.000000 -0.000000 0 0
0.000000 -0.000000 -0.000000 0 0
0.000000 -0.000000 -0.000000 0 0
0.000000 -0.000000 -0.000000 0 0
0.000000 -0.000000 -0.000000 0 0
0.000000 -0.000000 -0.000000 0 0
0.000000 -0.000000 -0.000000 0 0
0.000000 -0.000000 -0.000000 0 0
0.000000 -0.000000 -0.000000 0 0
0.000000 -0.000000 -0.000000 0 0
0.000000 -0.000000 -0.000000 0 0
0.000000 -0.000000 -0.000000 0 0
0.000000 -0.000000 -0.000000 0 0
0.000000 -0.000000 -0.000000 0 0
0.000000 -0.000000 -0.000000 0 0
0.000000 -0.000000 -0.000000 0 0
0.000000 -0.000000 -0.000000 0 0
0.000000 -0.000000 -0.000000 0 0
0.000000 -0.000000 -0.000000 0 0
0.000000 -0.000000 -0.000000 0 0
0.000000 -0.000000 -0.000000 0 0
0.000000 -0.000000 -0.000000 0 0
0.000000 -0.000000 -0.000000 0 0
0.000000 -0.000000 -0.000000 0 0
0.000000 -0.000000 -0.000000 0 0
0.000000 -0.000000 -0.000000 0 0
0.000000 -0.000000 -0.000000 0 0
0.000000 -0.000000 -0.000000 0 0
0.000000 -0.000000 -0.000000 0 0
0.000000 -0.000000 -0.000000 0 0
0.000000 -0.000000 -0.000000 0 0
0.000000 -0.000000 -0.000000 0 0
0.000000 -0.000000 -0.000000 0 0
0.000000 -0.000000 -0.000000 0 0
0.000000 -0.000000 -0.000000 0 0
0.000000 -0.000000 -0.000000 0 0
0.000000 -0.000000 -0.000000 0 0
0.000000 -0.000000 -0.000000 0 0
0.000000 -0.000000 -0.000000 0 0
0.000000 -0.000000 -0.000000 0 0
0.000000 -0.000000 -0.000000 0 0
0.000000 -0.000000 -0.000000 0 0
0.000000 -0.000000 -0.000000 0 0
0.000000 -0.000000 -0.000000 0 0
0.000000 -0.000000 -0.000000 0 0
0.000000 -0.000000 -0.000000 0 0
0.000000 -0.000000 -0.000000 0 0
0.000000 -0.000000 -0.000000 0 0
0.000000 -0.000000 -0.000000 0 0
0.000000 -0.000000 -0.000000 0 0
0.000000 -0.000000 -0.000000 0 0
0.000000 -0.000000 -0.000000 0 0
0.000000 -0.000000 -0.000000 0 0
0.000000 -0.000000 -0.000000 0 0
0.000000 -0.000000 -0.000000 0 0
0.000000 -0.000000 -0.000000 0 0
0.000000 -0.000000 -0.000000 0 0
0.000000 -0.000000 -0.000000 0 0
0.000000 -0.000000 -0.000000 0 0
0.000000 -0.000000 -0.000000 0 0
0.000000 -0.000000 -0.000000 0 0
0.000000 -0.000000 -0.000000 0 0
0.000000 -0.000000 -0.000000 0 0
0.000000 -0.000000 -0.000000 0 0
0.000000 -0.000000 -0.000000 0 0
0.000000 -0.000000 -0.000000 0 0
0.000000 -0.000000 -0.000000 0 0
0.000000 -0.000000 -0.000000 0 0
0.000000 -0.000000 -0.000000 0 0
0.000000 -0.000000 -0.000000 0 0
0.000000 -0.000000 -0.000000 0 0
0.000000 -0.000000 -0.000000 0 0
0.000000 -0.000000 -0.000000 0 0
0.000000 -0.000000 -0.000000 0 0
0.000000 -0.000000 -0.000000 0 0
0.000000 -0.000000 -0.000000 0 0
0.000000 -0.000000 -0.000000 0 0
0.000000 -0.000000 -0.000000 0 0
0.000000 -0.000000 -0.000000 0 0
0.000000 -0.000000 -0.000000 0 0
0.000000 -0.000000 -0.000000 0 0
0.000000 -0.000000 -0.000000 0 0
0.000000 -0.000000 -0.000000 0 0
0.000000 -0.000000 -0.000000 0 0
0.000000 -0.000000 -0.000000 0 0
0.000000 -0.000000 -0.000000 0 0
0.000000 -0.000000 -0.000000 0 0
0.000000 -0.000000 -0.000000 0 0
0.000000 -0.000000 -0.000000 0 0
0.000000 -0.000000 -0.000000 0 0
0.000000 -0.000000 -0.000000 0 0
0.000000 -0.000000 -0.000000 0 0
0.000000 -0.000000 -0.000000 0 0
0.000000 -0.000000 -0.000000 0 0
0.000000 -0.000000 -0.000000 0 0
0.000000 -0.000000 -0.000000 0 0
0.000000 -0.000000 -0.000000 0 0
0.000000 -0.000000 -0.000000 0 0
0.000000 -0.000000 -0.000000 0 0
0.000000 -0.000000 -0.000000 0 0
0.000000 -0.000000 -0.000000 0 0
0.000000 -0.000000 -0.000000 0 0
0.000000 -0.000000 -0.000000 0 0
0.000000 -0.000000 -0.000000 0 0
0.000000 -0.000000 -0.000000 0 0
0.000000 -0.000000 -0.000000 0 0
0.000000 -0.000000 -0.000000 0 0
0.000000 -0.000000 -0.000000 0 0
0.000000 -0.000000 -0.000000 0 0
0.000000 -0.000000 -0.000000 0 0
0.000000 -0.000000 -0.000000 0 0
0.000000 -0.000000 -0.000000 0 0
0.000000 -0.000000 -0.000000 0 0
0.000000 -0.000000 -0.000000 0 0
0.000000 -0.000000 -0.000000 0 0
0.000000 -0.000000 -0.000000 0 0
0.000000 -0.000000 -0.000000 0 0
0.000000 -0.000000 -0.000000 0 0
0.000000 -0.000000 -0.000000 0 0
0.000000 -0.000000 -0.000000 0 0
0.000000 -0.000000 -0.000000 0 0
0.000000 -0.000000 -0.000000 0 0
0.000000 -0.000000 -0.000000 0 0
0.000000 -0.000000 -0.000000 0 0
0.000000 -0.000000 -0.000000 0 0
0.000000 -0.000000 -0.000000 0 0
0.000000 -0.000000 -0.000000 0 0
0.000000 -0.000000 -0.000000 0 0
0.000000 -0.000000 -0.000000 0 0
0.000000 -0.000000 -0.000000 0 0
0.000000 -0.000000 -0.000000 0 0
0.000000 -0.000000 -0.000000 0 0
0.000000 -0.000000 -0.000000 0 0
0.000000 -0.000000 -0.000000 0 0
0.000000 -0.000000 -0.000000 0 0
0.000000 -0.000000 -0.000000 0 0
0.000000 -0.000000 -0.000000 0 0
0.000000 -0.000000 -0.000000 0 0
0.000000 -0.000000 -0.000000 0 0
0.000000 -0.000000 -0.000000 0 0
0.000000 -0.000000 -0.000000 0 0
0.000000 -0.000000 -0.000000 0 0
0.000000 -0.000000 -0.000000 0 0
0.000000 -0.000000 -0.000000 0 0
0.000000 -0.000000 -0.000000 0 0
0.000000 -0.000000 -0.000000 0 0
0.000000 -0.000000 -0.000000 0 0
0.000000 -0.000000 -0.000000 0 0
0.000000 -0.000000 -0.000000 0 0
0.000000 -0.000000 -0.000000 0 0
0.000000 -0.000000 -0.000000 0 0
0.000000 -0.000000 -0.000000 0 0
0.000000 -0.000000 -0.000000 0 0
0.000000 -0.000000 -0.000000 0 0
0.000000 -0.000000 -0.000000 0 0
0.000000 -0.000000 -0.000000 0 0
0.000000 -0.000000 -0.000000 0 0
0.000000 -0.000000 -0.000000 0 0
0.000000 -0.000000 -0.000000 0 0
0.000000 -0.000000 -0.000000 0 0
0.000000 -0.000000 -0.000000 0 0
0.000000 -0.000000 -0.000000 0 0
0.000000 -0.000000 -0.000000 0 0
0.000000 -0.000000 -0.000000 0 0
0.000000 -0.000000 -0.000000 0 0
0.000000 -0.000000 -0.000000 0 0
0.000000 -0.000000 -0.000000 0 0
0.000000 -0.000000 -0.000000 0 0
0.000000 -0.000000 -0.000000 0 0
0.000000 -0.000000 -0.000000 0 0
0.000000 -0.000000 -0.000000 0 0
0.000000 -0.000000 -0.000000 0 0
0.000000 -0.000000 -0.000000 0 0
0.000000 -0.000000 -0.000000 0 0
0.000000 -0.000000 -0.000000 0 0
0.000000 -0.000000 -0.000000 0 0
0.000000 -0.000000 -0.000000 0 0
0.000000 -0.000000 -0.000000 0 0
0.000000 -0.000000 -0.000000 0 0
0.000000 -0.000000 -0.000000 0 0
0.000000 -0.000000 -0.000000 0 0
0.000000 -0.000000 -0.000000 0 0
0.000000 -0.000000 -0.000000 0 0
0.000000 -0.000000 -0.000000 0 0
0.000000 -0.000000 -0.000000 0 0
0.000000 -0.000000 -0.000000 0 0
0.000000 -0.000000 -0.000000 0 0
0.000000 -0.000000 -0.000000 0 0
0.000000 -0.000000 -0.000000 0 0
0.000000 -0.000000 -0.000000 0 0
0.000000 -0.000000 -0.000000 0 0
0.000000 -0.000000 -0.000000 0 0
0.000000 -0.000000 -0.000000 0 0
0.000000 -0.000000 -0.000000 0 0
0.000000 -0.000000 -0.000000 0 0
0.000000 -0.000000 -0.000000 0 0
0.000000 -0.000000 -0.000000 0 0
0.000000 -0.000000 -0.000000 0 0
0.000000 -0.000000 -0.000000 0 0
0.000000 -0.000000 -0.000000 0 0
0.000000 -0.000000 -0.000000 0 0
0.000000 -0.000000 -0.000000 0 0
0.000000 -0.000000 -0.000000 0 0
0.000000 -0.000000 -0.000000 0 0
0.000000 -0.000000 -0.000000 0 0
0.000000 -0.000000 -0.000000 0 0
0.000000 -0.000000 -0.000000 0 0
0.000000 -0.000000 -0.000000 0 0
0.000000 -0.000000 -0.000000 0 0
0.000000 -0.000000 -0.000000 0 0
0.000000 -0.000000 -0.000000 0 0
0.000000 -0.000000 -0.000000 0 0
0.000000 -0.000000 -0.000000 0 0
0.000000 -0.000000 -0.000000 0 0
0.000000 -0.000000 -0.000000 0 0
0.000000 -0.000000 -0.000000 0 0
0.000000 -0.000000 -0.000000 0 0
0.000000 -0.000000 -0.000000 0 0
0.000000 -0.000000 -0.000000 0 0
0.000000 -0.000000 -0.000000 0 0
0.000000 -0.000000 -0.000000 0 0
0.000000 -0.000000 -0.000000 0 0
0.000000 -0.000000 -0.000000 0 0
0.000000 -0.000000 -0.000000 0 0
0.000000 -0.000000 -0.000000 0 0
0.000000 -0.000000 -0.000000 0 0
0.000000 -0.000000 -0.000000 0 0
0.000000 -0.000000 -0.000000 0 0
0.000000 -0.000000 -0.000000 0 0
0.000000 -0.000000 -0.000000 0 0
0.000000 -0.000000 -0.000000 0 0
0.000000 -0.000000 -0.000000 0 0
0.000000 -0.000000 -0.000000 0 0
0.000000 -0.000000 -0.000000 0 0
0.000000 -0.000000 -0.000000 0 0
0.000000 -0.000000 -0.000000 0 0
0.000000 -0.000000 -0.000000 0 0
0.000000 -0.000000 -0.000000 0 0
0.000000 -0.000000 -0.000000 0 0
0.000000 -0.000000 -0.000000 0 0
0.000000 -0.000000 -0.000000 0 0
0.000000 -0.000000 -0.000000 0 0
0.000000 -0.000000 -0.000000 0 0
0.000000 -0.000000 -0.000000 0 0
0.000000 -0.000000 -0.000000 0 0
0.000000 -0.000000 -0.000000 0 0
0.000000 -0.000000 -0.000000 0 0
0.000000 -0.000000 -0.000000 0 0
0.000000 -0.000000 -0.000000 0 0
0.000000 -0.000000 -0.000000 0 0
0.000000 -0.000000 -0.000000 0 0
0.000000 -0.000000 -0.000000 0 0
0.000000 -0.000000 -0.000000 0 0
0.000000 -0.000000 -0.000000 0 0
0.000000 -0.000000 -0.000000 0 0
0.000000 -0.000000 -0.000000 0 0
0.000000 -0.000000 -0.000000 0 0
0.000000 -0.000000 -0.000000 0 0
0.000000 -0.000000 -0.000000 0 0
0.000000 -0.000000 -0.000000 0 0
0.000000 -0.000000 -0.000000 0 0
0.000000 -0.000000 -0.000000 0 0
0.000000 -0.000000 -0.000000 0 0
0.000000 -0.000000 -0.000000 0 0
0.000000 -0.000000 -0.000000 0 0
0.000000 -0.000000 -0.000000 0 0
0.000000 -0.000000 -0.000000 0 0
0.000000 -0.000000 -0.000000 0 0
0.000000 -0.000000 -0.000000 0 0
0.000000 -0.000000 -0.000000 0 0
0.000000 -0.000000 -0.000000 0 0
0.000000 -0.000000 -0.000000 0 0
0.000000 -0.000000 -0.000000 0 0
0.000000 -0.000000 -0.000000 0 0
0.000000 -0.000000 -0.000000 0 0
0.000000 -0.000000 -0.000000 0 0
0.000000 -0.000000 -0.000000 0 0
0.000000 -0.000000 -0.000000 0 0
0.000000 -0.000000 -0.000000 0 0
0.000000 -0.000000 -0.000000 0 0
0.000000 -0.000000 -0.000000 0 0
0.000000 -0.000000 -0.000000 0 0
0.000000 -0.000000 -0.000000 0 0
0.000000 -0.000000 -0.000000 0 0
0.000000 -0.000000 -0.000000 0 0
0.000000 -0.000000 -0.000000 0 0
0.000000 -0.000000 -0.000000 0 0
0.000000 -0.000000 -0.000000 0 0
0.000000 -0.000000 -0.000000 0 0
0.000000 -0.000000 -0.000000 0 0
0.000000 -0.000000 -0.000000 0 0
0.000000 -0.000000 -0.000000 0 0
0.000000 -0.000000 -0.000000 0 0
0.000000 -0.000000 -0.000000 0 0
0.000000 -0.000000 -0.000000 0 0
0.000000 -0.000000 -0.000000 0 0
0.000000 -0.000000 -0.000000 0 0
0.000000 -0.000000 -0.000000 0 0
0.000000 -0.000000 -0.000000 0 0
0.000000 -0.000000 -0.000000 0 0
0.000000 -0.000000 -0.000000 0 0
0.000000 -0.000000 -0.000000 0 0
0.000000 -0.000000 -0.000000 0 0
0.000000 -0.000000 -0.000000 0 0
0.000000 -0.000000 -0.000000 0 0
0.000000 -0.000000 -0.000000 0 0
0.000000 -0.000000 -0.000000 0 0
0.000000 -0.000000 -0.000000 0 0
0.000000 -0.000000 -0.000000 0 0
0.000000 -0.000000 -0.000000 0 0
0.000000 -0.000000 -0.000000 0 0
0.000000 -0.000000 -0.000000 0 0
0.000000 -0.000000 -0.000000 0 0
0.000000 -0.000000 -0.000000 0 0
0.000000 -0.000000 -0.000000 0 0
0.000000 -0.000000 -0.000000 0 0
0.000000 -0.000000 -0.000000 0 0
0.000000 -0.000000 -0.000000 0 0
0.000000 -0.000000 -0.000000 0 0
0.000000 -0.000000 -0.000000 0 0
0.000000 -0.000000 -0.000000 0 0
0.000000 -0.000000 -0.000000 0 0
0.000000 -0.000000 -0.000000 0 0
0.000000 -0.000000 -0.000000 0 0
0.000000 -0.000000 -0.000000 0 0
0.000000 -0.000000 -0.000000 0 0
0.000000 -0.000000 -0.000000 0 0
0.000000 -0.000000 -0.000000 0 0
0.000000 -0.000000 -0.000000 0 0
0.000000 -0.000000 -0.000000 0 0
0.000000 -0.000000 -0.000000 0 0
0.000000 -0.000000 -0.000000 0 0
0.000000 -0.000000 -0.000000 0 0
0.000000 -0.000000 -0.000000 0 0
0.000000 -0.000000 -0.000000 0 0
0.000000 -0.000000 -0.000000 0 0
0.000000 -0.000000 -0.000000 0 0
0.000000 -0.000000 -0.000000 0 0
0.000000 -0.000000 -0.000000 0 0
0.000000 -0.000000 -0.000000 0 0
0.000000 -0.000000 -0.000000 0 0
0.000000 -0.000000 -0.000000 0 0
0.000000 -0.000000 -0.000000 0 0
0.000000 -0.000000 -0.000000 0 0
0.000000 -0.000000 -0.000000 0 0
0.000000 -0.000000 -0.000000 0 0
0.000000 -0.000000 -0.000000 0 0
0.000000 -0.000000 -0.000000 0 0
0.000000 -0.000000 -0.000000 0 0
0.000000 -0.000000 -0.000000 0 0
0.000000 -0.000000 -0.000000 0 0
0.000000 -0.000000 -0.000000 0 0
0.000000 -0.000000 -0.000000 0 0
0.000000 -0.000000 -0.000000 0 0
0.000000 -0.000000 -0.000000 0 0
0.000000 -0.000000 -0.000000 0 0
0.000000 -0.000000 -0.000000 0 0
0.000000 -0.000000 -0.000000 0 0
0.000000 -0.000000 -0.000000 0 0
0.000000 -0.000000 -0.000000 0 0
0.000000 -0.000000 -0.000000 0 0
0.000000 -0.000000 -0.000000 0 0
0.000000 -0.000000 -0.000000 0 0
0.000000 -0.000000 -0.000000 0 0
0.000000 -0.000000 -0.000000 0 0
0.000000 -0.000000 -0.000000 0 0
0.000000 -0.000000 -0.000000 0 0
0.000000 -0.000000 -0.000000 0 0
0.000000 -0.000000 -0.000000 0 0
0.000000 -0.000000 -0.000000 0 0
0.000000 -0.000000 -0.000000 0 0
0.000000 -0.000000 -0.000000 0 0
0.000000 -0.000000 -0.000000 0 0
0.000000 -0.000000 -0.000000 0 0
0.000000 -0.000000 -0.000000 0 0
0.000000 -0.000000 -0.000000 0 0
0.000000 -0.000000 -0.000000 0 0
0.000000 -0.000000 -0.000000 0 0
0.000000 -0.000000 -0.000000 0 0
0.000000 -0.000000 -0.000000 0 0
0.000000 -0.000000 -0.000000 0 0
0.000000 -0.000000 -0.000000 0 0
0.000000 -0.000000 -0.000000 0 0
0.000000 -0.000000 -0.000000 0 0
0.000000 -0.000000 -0.000000 0 0
0.000000 -0.000000 -0.000000 0 0
0.000000 -0.000000 -0.000000 0 0
0.000000 -0.000000 -0.000000 0 0
0.000000 -0.000000 -0.000000 0 0
0.000000 -0.000000 -0.000000 0 0
0.000000 -0.000000 -0.000000 0 0
0.000000 -0.000000 -0.000000 0 0
0.000000 -0.000000 -0.000000 0 0
0.000000 -0.000000 -0.000000 0 0
0.000000 -0.000000 -0.000000 0 0
0.000000 -0.000000 -0.000000 0 0
0.000000 -0.000000 -0.000000 0 0
0.000000 -0.000000 -0.000000 0 0
0.000000 -0.000000 -0.000000 0 0
0.000000 -0.000000 -0.000000 0 0
0.000000 -0.000000 -0.000000 0 0
0.000000 -0.000000 -0.000000 0 0
0.000000 -0.000000 -0.000000 0 0
0.000000 -0.000000 -0.000000 0 0
0.000000 -0.000000 -0.000000 0 0
0.000000 -0.000000 -0.000000 0 0
0.000000 -0.000000 -0.000000 0 0
0.000000 -0.000000 -0.000000 0 0
0.000000 -0.000000 -0.000000 0 0
0.000000 -0.000000 -0.000000 0 0
0.000000 -0.000000 -0.000000 0 0
0.000000 -0.000000 -0.000000 0 0
0.000000 -0.000000 -0.000000 0 0
0.000000 -0.000000 -0.000000 0 0
0.000000 -0.000000 -0.000000 0 0
0.000000 -0.000000 -0.000000 0 0
0.000000 -0.000000 -0.000000 0 0
0.000000 -0.000000 -0.000000 0 0
0.000000 -0.000000 -0.000000 0 0
0.000000 -0.000000 -0.000000 0 0
0.000000 -0.000000 -0.000000 0 0
0.000000 -0.000000 -0.000000 0 0
0.000000 -0.000000 -0.000000 0 0
0.000000 -0.000000 -0.000000 0 0
0.000000 -0.000000 -0.000000 0 0
-1.242000 0.860000 0.166000 7 0
0.000000 -0.000000 -0.000000 0 0
0.000000 -0.000000 -0.000000 0 0
0.000000 -0.000000 -0.000000 0 0
0.000000 -0.000000 -0.000000 0 0
0.000000 -0.000000 -0.000000 0 0
0.000000 -0.000000 -0.000000 0 0
-1.236000 0.852000 0.032000 9 0
-1.264000 0.968000 0.172000 9 0
-1.262000 0.949000 0.123000 8 0
-1.254000 0.924000 0.077000 10 0
0.000000 -0.000000 -0.000000 0 0
0.000000 -0.000000 -0.000000 0 0
0.000000 -0.000000 -0.000000 0 0
0.000000 -0.000000 -0.000000 0 0
-1.262000 0.956000 0.036000 9 0
-1.203000 1.016000 0.168000 7 0
-1.194000 0.989000 0.119000 11 0
-1.207000 0.978000 0.077000 15 0
0.000000 -0.000000 -0.000000 0 0
0.000000 -0.000000 -0.000000 0 0
0.000000 -0.000000 -0.000000 0 0
0.000000 -0.000000 -0.000000 0 0
-1.191000 0.990000 0.037000 15 0
-1.253000 1.166000 0.179000 60 0
-1.240000 1.129000 0.128000 65 0
-1.228000 1.093000 0.083000 70 0
0.000000 -0.000000 -0.000000 0 0
-1.267000 1.236000 0.184000 61 0
-1.257000 1.199000 0.132000 72 0
0.000000 -0.000000 -0.000000 0 0
-1.241000 1.130000 0.043000 70 0
-1.295000 1.325000 0.191000 51 0
-1.277000 1.277000 0.137000 58 0
-1.265000 1.234000 0.090000 68 0
0.000000 -0.000000 -0.000000 0 0
-1.313000 1.410000 0.197000 58 0
-1.301000 1.363000 0.142000 61 0
-1.281000 1.308000 0.094000 64 0
-1.273000 1.269000 0.049000 71 0
-1.337000 1.506000 0.203000 55 0
-1.328000 1.458000 0.148000 54 0
-1.305000 1.396000 0.098000 60 0
-1.299000 1.355000 0.052000 64 0
-1.364000 1.612000 0.211000 47 0
-1.349000 1.552000 0.154000 58 0
-1.335000 1.494000 0.104000 59 0
-1.317000 1.437000 0.056000 61 0
-5.141000 6.377000 0.813000 116 0
-5.260000 6.347000 0.615000 112 0
-1.357000 1.592000 0.109000 55 0
-1.341000 1.532000 0.061000 60 0
-4.936000 6.429000 0.796000 121 0
-5.048000 6.391000 0.605000 119 0
-5.179000 6.365000 0.430000 109 0
-1.362000 1.629000 0.065000 19 0
-4.730000 6.475000 0.780000 123 0
-4.851000 6.445000 0.596000 122 0
-4.976000 6.415000 0.428000 120 0
-5.108000 6.394000 0.260000 120 0
-4.529000 6.518000 0.764000 121 0
-4.656000 6.499000 0.588000 123 0
-4.777000 6.459000 0.426000 121 0
-4.905000 6.436000 0.264000 116 0
0.000000 -0.000000 -0.000000 0 0
0.000000 -0.000000 -0.000000 0 0
0.000000 -0.000000 -0.000000 0 0
0.000000 -0.000000 -0.000000 0 0
0.000000 -0.000000 -0.000000 0 0
0.000000 -0.000000 -0.000000 0 0
0.000000 -0.000000 -0.000000 0 0
0.000000 -0.000000 -0.000000 0 0
0.000000 -0.000000 -0.000000 0 0
0.000000 -0.000000 -0.000000 0 0
0.000000 -0.000000 -0.000000 0 0
0.000000 -0.000000 -0.000000 0 0
0.000000 -0.000000 -0.000000 0 0
0.000000 -0.000000 -0.000000 0 0
0.000000 -0.000000 -0.000000 0 0
0.000000 -0.000000 -0.000000 0 0
0.000000 -0.000000 -0.000000 0 0
0.000000 -0.000000 -0.000000 0 0
0.000000 -0.000000 -0.000000 0 0
0.000000 -0.000000 -0.000000 0 0
0.000000 -0.000000 -0.000000 0 0
0.000000 -0.000000 -0.000000 0 0
0.000000 -0.000000 -0.000000 0 0
0.000000 -0.000000 -0.000000 0 0
0.000000 -0.000000 -0.000000 0 0
0.000000 -0.000000 -0.000000 0 0
0.000000 -0.000000 -0.000000 0 0
0.000000 -0.000000 -0.000000 0 0
0.000000 -0.000000 -0.000000 0 0
0.000000 -0.000000 -0.000000 0 0
0.000000 -0.000000 -0.000000 0 0
0.000000 -0.000000 -0.000000 0 0
-1.242000 0.860000 0.166000 7 0
0.000000 -0.000000 -0.000000 0 0
0.000000 -0.000000 -0.000000 0 0
0.000000 -0.000000 -0.000000 0 0
0.000000 -0.000000 -0.000000 0 0
0.000000 -0.000000 -0.000000 0 0
0.000000 -0.000000 -0.000000 0 0
-1.236000 0.852000 0.032000 9 0
-1.264000 0.968000 0.172000 9 0
-1.262000 0.949000 0.123000 8 0
-1.254000 0.924000 0.077000 10 0
0.000000 -0.000000 -0.000000 0 0
0.000000 -0.000000 -0.000000 0 0
0.000000 -0.000000 -0.000000 0 0
0.000000 -0.000000 -0.000000 0 0
-1.262000 0.956000 0.036000 9 0
-1.203000 1.016000 0.168000 7 0
-1.194000 0.989000 0.119000 11 0
-1.207000 0.978000 0.077000 15 0
0.000000 -0.000000 -0.000000 0 0
0.000000 -0.000000 -0.000000 0 0
0.000000 -0.000000 -0.000000 0 0
0.000000 -0.000000 -0.000000 0 0
-1.191000 0.990000 0.037000 15 0
-1.253000 1.166000 0.179000 60 0
-1.240000 1.129000 0.128000 65 0
-1.228000 1.093000 0.083000 70 0
0.000000 -0.000000 -0.000000 0 0
-1.267000 1.236000 0.184000 61 0
-1.257000 1.199000 0.132000 72 0
0.000000 -0.000000 -0.000000 0 0
-1.241000 1.130000 0.043000 70 0
-1.295000 1.325000 0.191000 51 0
-1.277000 1.277000 0.137000 58 0
-1.265000 1.234000 0.090000 68 0
0.000000 -0.000000 -0.000000 0 0
-1.313000 1.410000 0.197000 58 0
-1.301000 1.363000 0.142000 61 0
-1.281000 1.308000 0.094000 64 0
-1.273000 1.269000 0.049000 71 0
-1.337000 1.506000 0.203000 55 0
-1.328000 1.458000 0.148000 54 0
-1.305000 1.396000 0.098000 60 0
-1.299000 1.355000 0.052000 64 0
-1.364000 1.612000 0.211000 47 0
-1.349000 1.552000 0.154000 58 0
-1.335000 1.494000 0.104000 59 0
-1.317000 1.437000 0.056000 61 0
-5.141000 6.377000 0.813000 116 0
-5.260000 6.347000 0.615000 112 0
-1.357000 1.592000 0.109000 55 0
-1.341000 1.532000 0.061000 60 0
-4.936000 6.429000 0.796000 121 0
-5.048000 6.391000 0.605000 119 0
-5.179000 6.365000 0.430000 109 0
-1.362000 1.629000 0.065000 19 0
-4.730000 6.475000 0.780000 123 0
-4.851000 6.445000 0.596000 122 0
-4.976000 6.415000 0.428000 120 0
-5.108000 6.394000 0.260000 120 0
-4.529000 6.518000 0.764000 121 0
-4.656000 6.499000 0.588000 123 0
-4.777000 6.459000 0.426000 121 0
-4.905000 6.436000 0.264000 116 0
-4.338000 6.569000 0.750000 125 0
-4.459000 6.539000 0.580000 122 0
-4.585000 6.509000 0.425000 124 0
-4.717000 6.488000 0.270000 117 0
-4.146000 6.617000 0.735000 118 0
-4.270000 6.585000 0.572000 134 0
-4.398000 6.558000 0.424000 122 0
-4.518000 6.522000 0.275000 129 0
-3.948000 6.643000 0.720000 127 0
-4.080000 6.630000 0.565000 128 0
-4.210000 6.599000 0.423000 120 0
-4.330000 6.563000 0.280000 129 0
-3.765000 6.693000 0.707000 127 0
-3.898000 6.677000 0.558000 133 0
-4.018000 6.634000 0.422000 117 0
-4.150000 6.612000 0.286000 129 0
-3.584000 6.738000 0.694000 127 0
-3.710000 6.710000 0.551000 133 0
-3.840000 6.682000 0.422000 118 0
-3.968000 6.655000 0.292000 130 0
-3.399000 6.770000 0.681000 125 0
-3.530000 6.752000 0.545000 130 0
-3.658000 6.719000 0.422000 116 0
-3.786000 6.691000 0.297000 132 0
-3.222000 6.818000 0.670000 128 0
-3.353000 6.792000 0.539000 123 0
-3.481000 6.760000 0.422000 116 0
-3.610000 6.734000 0.304000 128 0
-3.047000 6.859000 0.659000 123 0
-3.179000 6.834000 0.533000 134 0
-3.310000 6.808000 0.423000 114 0
-3.437000 6.777000 0.310000 130 0
-2.874000 6.901000 0.648000 120 0
-3.007000 6.882000 0.529000 121 0
-3.137000 6.846000 0.424000 114 0
-3.263000 6.814000 0.317000 127 0
-2.699000 6.941000 0.637000 115 0
-2.833000 6.918000 0.524000 118 0
-2.963000 6.886000 0.425000 112 0
-3.095000 6.857000 0.324000 130 0
-2.527000 6.980000 0.627000 116 0
-2.659000 6.955000 0.519000 122 0
-2.793000 6.925000 0.426000 111 0
-2.925000 6.901000 0.331000 127 0
-2.356000 7.020000 0.617000 104 0
-2.491000 6.998000 0.515000 121 0
-2.624000 6.968000 0.428000 109 0
-2.757000 6.939000 0.338000 128 0
-2.188000 7.064000 0.608000 104 0
-2.321000 7.036000 0.511000 111 0
-2.455000 7.003000 0.430000 109 0
-2.588000 6.979000 0.346000 123 0
-2.019000 7.102000 0.598000 103 0
-2.152000 7.070000 0.508000 105 0
-2.288000 7.046000 0.432000 107 0
-2.418000 7.006000 0.353000 119 0
-1.849000 7.141000 0.589000 95 0
-1.987000 7.118000 0.505000 105 0
-2.122000 7.087000 0.435000 106 0
-2.253000 7.046000 0.361000 117 0
-1.682000 7.183000 0.581000 99 0
-1.816000 7.146000 0.501000 101 0
-1.955000 7.121000 0.437000 103 0
-2.088000 7.090000 0.370000 114 0
-1.515000 7.222000 0.573000 101 0
-1.652000 7.193000 0.499000 104 0
-1.790000 7.166000 0.441000 104 0
-1.923000 7.129000 0.378000 108 0
-1.345000 7.260000 0.565000 103 0
-1.483000 7.230000 0.497000 104 0
-1.624000 7.205000 0.444000 104 0
-1.756000 7.161000 0.387000 109 0
-1.176000 7.294000 0.557000 118 0
-1.317000 7.271000 0.495000 112 0
-1.455000 7.236000 0.447000 104 0
-1.593000 7.210000 0.396000 105 0
-1.008000 7.341000 0.550000 121 0
-1.150000 7.308000 0.493000 107 0
-1.289000 7.277000 0.451000 105 0
-1.426000 7.243000 0.406000 94 0
-0.839000 7.380000 0.543000 65 0
-0.981000 7.352000 0.492000 125 0
-1.123000 7.318000 0.455000 109 0
-1.261000 7.278000 0.415000 112 0
0.000000 -0.000000 -0.000000 0 0
-0.813000 7.389000 0.490000 55 0
-0.957000 7.358000 0.460000 110 0
-1.095000 7.322000 0.425000 118 0
0.000000 -0.000000 -0.000000 0 0
0.000000 -0.000000 -0.000000 0 0
-0.787000 7.402000 0.465000 49 0
-0.928000 7.361000 0.436000 119 0
0.000000 -0.000000 -0.000000 0 0
0.000000 -0.000000 -0.000000 0 0
0.000000 -0.000000 -0.000000 0 0
-0.759000 7.398000 0.446000 35 0
-4.338000 6.569000 0.750000 125 0
-4.459000 6.539000 0.580000 122 0
-4.585000 6.509000 0.425000 124 0
-4.717000 6.488000 0.270000 117 0
-4.146000 6.617000 0.735000 118 0
-4.270000 6.585000 0.572000 134 0
-4.398000 6.558000 0.424000 122 0
-4.518000 6.522000 0.275000 129 0
-3.948000 6.643000 0.720000 127 0
-4.080000 6.630000 0.565000 128 0
-4.210000 6.599000 0.423000 120 0
-4.330000 6.563000 0.280000 129 0
-3.765000 6.693000 0.707000 127 0
-3.898000 6.677000 0.558000 133 0
-4.018000 6.634000 0.422000 117 0
-4.150000 6.612000 0.286000 129 0
-3.584000 6.738000 0.694000 127 0
-3.710000 6.710000 0.551000 133 0
-3.840000 6.682000 0.422000 118 0
-3.968000 6.655000 0.292000 130 0
-3.399000 6.770000 0.681000 125 0
-3.530000 6.752000 0.545000 130 0
-3.658000 6.719000 0.422000 116 0
-3.786000 6.691000 0.297000 132 0
-3.222000 6.818000 0.670000 128 0
-3.353000 6.792000 0.539000 123 0
-3.481000 6.760000 0.422000 116 0
-3.610000 6.734000 0.304000 128 0
-3.047000 6.859000 0.659000 123 0
-3.179000 6.834000 0.533000 134 0
-3.310000 6.808000 0.423000 114 0
-3.437000 6.777000 0.310000 130 0
-2.874000 6.901000 0.648000 120 0
-3.007000 6.882000 0.529000 121 0
-3.137000 6.846000 0.424000 114 0
-3.263000 6.814000 0.317000 127 0
-2.699000 6.941000 0.637000 115 0
-2.833000 6.918000 0.524000 118 0
-2.963000 6.886000 0.425000 112 0
-3.095000 6.857000 0.324000 130 0
-2.527000 6.980000 0.627000 116 0
-2.659000 6.955000 0.519000 122 0
-2.793000 6.925000 0.426000 111 0
-2.925000 6.901000 0.331000 127 0
-2.356000 7.020000 0.617000 104 0
-2.491000 6.998000 0.515000 121 0
-2.624000 6.968000 0.428000 109 0
-2.757000 6.939000 0.338000 128 0
-2.188000 7.064000 0.608000 104 0
-2.321000 7.036000 0.511000 111 0
-2.455000 7.003000 0.430000 109 0
-2.588000 6.979000 0.346000 123 0
-2.019000 7.102000 0.598000 103 0
-2.152000 7.070000 0.508000 105 0
-2.288000 7.046000 0.432000 107 0
-2.418000 7.006000 0.353000 119 0
-1.849000 7.141000 0.589000 95 0
-1.987000 7.118000 0.505000 105 0
-2.122000 7.087000 0.435000 106 0
-2.253000 7.046000 0.361000 117 0
-1.682000 7.183000 0.581000 99 0
-1.816000 7.146000 0.501000 101 0
-1.955000 7.121000 0.437000 103 0
-2.088000 7.090000 0.370000 114 0
-1.515000 7.222000 0.573000 101 0
-1.652000 7.193000 0.499000 104 0
-1.790000 7.166000 0.441000 104 0
-1.923000 7.129000 0.378000 108 0
-1.345000 7.260000 0.565000 103 0
-1.483000 7.230000 0.497000 104 0
-1.624000 7.205000 0.444000 104 0
-1.756000 7.161000 0.387000 109 0
-1.176000 7.294000 0.557000 118 0
-1.317000 7.271000 0.495000 112 0
-1.455000 7.236000 0.447000 104 0
-1.593000 7.210000 0.396000 105 0
-1.008000 7.341000 0.550000 121 0
-1.150000 7.308000 0.493000 107 0
-1.289000 7.277000 0.451000 105 0
-1.426000 7.243000 0.406000 94 0
-0.839000 7.380000 0.543000 65 0
-0.981000 7.352000 0.492000 125 0
-1.123000 7.318000 0.455000 109 0
-1.261000 7.278000 0.415000 112 0
0.000000 -0.000000 -0.000000 0 0
-0.813000 7.389000 0.490000 55 0
-0.957000 7.358000 0.460000 110 0
-1.095000 7.322000 0.425000 118 0
0.000000 -0.000000 -0.000000 0 0
0.000000 -0.000000 -0.000000 0 0
-0.787000 7.402000 0.465000 49 0
-0.928000 7.361000 0.436000 119 0
0.000000 -0.000000 -0.000000 0 0
0.000000 -0.000000 -0.000000 0 0
0.000000 -0.000000 -0.000000 0 0
-0.759000 7.398000 0.446000 35 0
0.000000 -0.000000 -0.000000 0 0
0.000000 -0.000000 -0.000000 0 0
0.000000 -0.000000 -0.000000 0 0
0.000000 -0.000000 -0.000000 0 0
0.000000 -0.000000 -0.000000 0 0
0.000000 -0.000000 -0.000000 0 0
0.000000 -0.000000 -0.000000 0 0
0.000000 -0.000000 -0.000000 0 0
0.000000 -0.000000 -0.000000 0 0
0.000000 -0.000000 -0.000000 0 0
0.000000 -0.000000 -0.000000 0 0
0.000000 -0.000000 -0.000000 0 0
0.000000 -0.000000 -0.000000 0 0
0.000000 -0.000000 -0.000000 0 0
0.000000 -0.000000 -0.000000 0 0
0.000000 -0.000000 -0.000000 0 0
0.000000 -0.000000 -0.000000 0 0
0.000000 -0.000000 -0.000000 0 0
0.000000 -0.000000 -0.000000 0 0
0.000000 -0.000000 -0.000000 0 0
0.162000 1.694000 0.107000 11 0
0.000000 -0.000000 -0.000000 0 0
0.000000 -0.000000 -0.000000 0 0
0.000000 -0.000000 -0.000000 0 0
0.192000 1.606000 0.099000 24 0
0.167000 1.680000 0.106000 14 0
0.000000 -0.000000 -0.000000 0 0
0.000000 -0.000000 -0.000000 0 0
0.000000 -0.000000 -0.000000 0 0
0.195000 1.588000 0.100000 26 0
0.170000 1.649000 0.110000 13 0
0.000000 -0.000000 -0.000000 0 0
0.000000 -0.000000 -0.000000 0 0
0.000000 -0.000000 -0.000000 0 0
0.199000 1.574000 0.107000 46 0
0.174000 1.625000 0.117000 16 0
0.000000 -0.000000 -0.000000 0 0
0.266000 1.565000 0.098000 32 0
0.000000 -0.000000 -0.000000 0 0
0.205000 1.577000 0.116000 60 0
0.000000 -0.000000 -0.000000 0 0
0.000000 -0.000000 -0.000000 0 0
0.000000 -0.000000 -0.000000 0 0
0.000000 -0.000000 -0.000000 0 0
0.000000 -0.000000 -0.000000 0 0
0.345000 1.583000 0.100000 43 0
0.316000 1.597000 0.112000 42 0
0.000000 -0.000000 -0.000000 0 0
0.417000 1.585000 0.090000 50 0
0.000000 -0.000000 -0.000000 0 0
0.000000 -0.000000 -0.000000 0 0
0.326000 1.609000 0.126000 56 0
0.000000 -0.000000 -0.000000 0 0
0.426000 1.596000 0.101000 49 0
0.401000 1.625000 0.117000 49 0
0.000000 -0.000000 -0.000000 0 0
0.502000 1.605000 0.089000 54 0
0.000000 -0.000000 -0.000000 0 0
0.000000 -0.000000 -0.000000 0 0
0.410000 1.629000 0.133000 60 0
0.549000 1.624000 0.089000 53 0
0.510000 1.610000 0.102000 57 0
0.488000 1.645000 0.121000 50 0
0.454000 1.639000 0.137000 58 0
0.593000 1.630000 0.088000 45 0
0.556000 1.624000 0.103000 52 0
0.532000 1.651000 0.124000 52 0
0.498000 1.649000 0.141000 58 0
0.641000 1.643000 0.088000 22 0
0.602000 1.634000 0.104000 31 0
0.581000 1.670000 0.127000 32 0
0.544000 1.658000 0.145000 40 0
0.691000 1.658000 0.087000 8 0
0.650000 1.644000 0.105000 13 0
0.627000 1.675000 0.129000 16 0
0.591000 1.670000 0.150000 20 0
0.732000 1.648000 0.086000 1 0
0.699000 1.656000 0.107000 3 0
0.682000 1.700000 0.133000 4 0
0.640000 1.680000 0.154000 5 0
0.000000 -0.000000 -0.000000 0 0
0.000000 -0.000000 -0.000000 0 0
0.000000 -0.000000 -0.000000 0 0
0.000000 -0.000000 -0.000000 0 0
0.000000 -0.000000 -0.000000 0 0
0.000000 -0.000000 -0.000000 0 0
0.000000 -0.000000 -0.000000 0 0
0.000000 -0.000000 -0.000000 0 0
0.000000 -0.000000 -0.000000 0 0
0.000000 -0.000000 -0.000000 0 0
0.000000 -0.000000 -0.000000 0 0
0.000000 -0.000000 -0.000000 0 0
0.000000 -0.000000 -0.000000 0 0
0.000000 -0.000000 -0.000000 0 0
0.000000 -0.000000 -0.000000 0 0
0.000000 -0.000000 -0.000000 0 0
0.000000 -0.000000 -0.000000 0 0
0.000000 -0.000000 -0.000000 0 0
0.000000 -0.000000 -0.000000 0 0
0.000000 -0.000000 -0.000000 0 0
0.000000 -0.000000 -0.000000 0 0
0.000000 -0.000000 -0.000000 0 0
0.000000 -0.000000 -0.000000 0 0
0.000000 -0.000000 -0.000000 0 0
0.000000 -0.000000 -0.000000 0 0
0.000000 -0.000000 -0.000000 0 0
0.000000 -0.000000 -0.000000 0 0
0.000000 -0.000000 -0.000000 0 0
0.000000 -0.000000 -0.000000 0 0
0.000000 -0.000000 -0.000000 0 0
0.000000 -0.000000 -0.000000 0 0
0.000000 -0.000000 -0.000000 0 0
0.000000 -0.000000 -0.000000 0 0
0.000000 -0.000000 -0.000000 0 0
0.000000 -0.000000 -0.000000 0 0
0.000000 -0.000000 -0.000000 0 0
0.162000 1.694000 0.107000 11 0
0.000000 -0.000000 -0.000000 0 0
0.000000 -0.000000 -0.000000 0 0
0.000000 -0.000000 -0.000000 0 0
0.192000 1.606000 0.099000 24 0
0.167000 1.680000 0.106000 14 0
0.000000 -0.000000 -0.000000 0 0
0.000000 -0.000000 -0.000000 0 0
0.000000 -0.000000 -0.000000 0 0
0.195000 1.588000 0.100000 26 0
0.170000 1.649000 0.110000 13 0
0.000000 -0.000000 -0.000000 0 0
0.000000 -0.000000 -0.000000 0 0
0.000000 -0.000000 -0.000000 0 0
0.199000 1.574000 0.107000 46 0
0.174000 1.625000 0.117000 16 0
0.000000 -0.000000 -0.000000 0 0
0.266000 1.565000 0.098000 32 0
0.000000 -0.000000 -0.000000 0 0
0.205000 1.577000 0.116000 60 0
0.000000 -0.000000 -0.000000 0 0
0.000000 -0.000000 -0.000000 0 0
0.000000 -0.000000 -0.000000 0 0
0.000000 -0.000000 -0.000000 0 0
0.000000 -0.000000 -0.000000 0 0
0.345000 1.583000 0.100000 43 0
0.316000 1.597000 0.112000 42 0
0.000000 -0.000000 -0.000000 0 0
0.417000 1.585000 0.090000 50 0
0.000000 -0.000000 -0.000000 0 0
0.000000 -0.000000 -0.000000 0 0
0.326000 1.609000 0.126000 56 0
0.000000 -0.000000 -0.000000 0 0
0.426000 1.596000 0.101000 49 0
0.401000 1.625000 0.117000 49 0
0.000000 -0.000000 -0.000000 0 0
0.502000 1.605000 0.089000 54 0
0.000000 -0.000000 -0.000000 0 0
0.000000 -0.000000 -0.000000 0 0
0.410000 1.629000 0.133000 60 0
0.549000 1.624000 0.089000 53 0
0.510000 1.610000 0.102000 57 0
0.488000 1.645000 0.121000 50 0
0.454000 1.639000 0.137000 58 0
0.593000 1.630000 0.088000 45 0
0.556000 1.624000 0.103000 52 0
0.532000 1.651000 0.124000 52 0
0.498000 1.649000 0.141000 58 0
0.641000 1.643000 0.088000 22 0
0.602000 1.634000 0.104000 31 0
0.581000 1.670000 0.127000 32 0
0.544000 1.658000 0.145000 40 0
0.691000 1.658000 0.087000 8 0
0.650000 1.644000 0.105000 13 0
0.627000 1.675000 0.129000 16 0
0.591000 1.670000 0.150000 20 0
0.732000 1.648000 0.086000 1 0
0.699000 1.656000 0.107000 3 0
0.682000 1.700000 0.133000 4 0
0.640000 1.680000 0.154000 5 0
0.000000 -0.000000 -0.000000 0 0
0.000000 -0.000000 -0.000000 0 0
0.000000 -0.000000 -0.000000 0 0
0.000000 -0.000000 -0.000000 0 0
0.000000 -0.000000 -0.000000 0 0
0.000000 -0.000000 -0.000000 0 0
0.000000 -0.000000 -0.000000 0 0
0.000000 -0.000000 -0.000000 0 0
0.000000 -0.000000 -0.000000 0 0
0.000000 -0.000000 -0.000000 0 0
0.000000 -0.000000 -0.000000 0 0
0.000000 -0.000000 -0.000000 0 0
0.000000 -0.000000 -0.000000 0 0
0.000000 -0.000000 -0.000000 0 0
0.000000 -0.000000 -0.000000 0 0
0.000000 -0.000000 -0.000000 0 0
0.000000 -0.000000 -0.000000 0 0
0.000000 -0.000000 -0.000000 0 0
0.000000 -0.000000 -0.000000 0 0
0.000000 -0.000000 -0.000000 0 0
0.000000 -0.000000 -0.000000 0 0
0.000000 -0.000000 -0.000000 0 0
0.000000 -0.000000 -0.000000 0 0
0.000000 -0.000000 -0.000000 0 0
0.000000 -0.000000 -0.000000 0 0
0.000000 -0.000000 -0.000000 0 0
0.000000 -0.000000 -0.000000 0 0
0.000000 -0.000000 -0.000000 0 0
0.000000 -0.000000 -0.000000 0 0
0.000000 -0.000000 -0.000000 0 0
0.000000 -0.000000 -0.000000 0 0
0.000000 -0.000000 -0.000000 0 0
0.000000 -0.000000 -0.000000 0 0
0.000000 -0.000000 -0.000000 0 0
0.000000 -0.000000 -0.000000 0 0
0.000000 -0.000000 -0.000000 0 0
0.000000 -0.000000 -0.000000 0 0
0.000000 -0.000000 -0.000000 0 0
0.000000 -0.000000 -0.000000 0 0
0.000000 -0.000000 -0.000000 0 0
0.000000 -0.000000 -0.000000 0 0
0.000000 -0.000000 -0.000000 0 0
0.000000 -0.000000 -0.000000 0 0
0.000000 -0.000000 -0.000000 0 0
0.000000 -0.000000 -0.000000 0 0
0.000000 -0.000000 -0.000000 0 0
0.000000 -0.000000 -0.000000 0 0
0.000000 -0.000000 -0.000000 0 0
0.000000 -0.000000 -0.000000 0 0
0.000000 -0.000000 -0.000000 0 0
0.000000 -0.000000 -0.000000 0 0
0.000000 -0.000000 -0.000000 0 0
0.000000 -0.000000 -0.000000 0 0
0.000000 -0.000000 -0.000000 0 0
0.000000 -0.000000 -0.000000 0 0
0.000000 -0.000000 -0.000000 0 0
0.000000 -0.000000 -0.000000 0 0
0.000000 -0.000000 -0.000000 0 0
0.000000 -0.000000 -0.000000 0 0
0.000000 -0.000000 -0.000000 0 0
0.000000 -0.000000 -0.000000 0 0
0.000000 -0.000000 -0.000000 0 0
0.000000 -0.000000 -0.000000 0 0
0.000000 -0.000000 -0.000000 0 0
0.000000 -0.000000 -0.000000 0 0
0.000000 -0.000000 -0.000000 0 0
0.000000 -0.000000 -0.000000 0 0
0.000000 -0.000000 -0.000000 0 0
0.000000 -0.000000 -0.000000 0 0
0.000000 -0.000000 -0.000000 0 0
0.000000 -0.000000 -0.000000 0 0
0.000000 -0.000000 -0.000000 0 0
0.000000 -0.000000 -0.000000 0 0
0.000000 -0.000000 -0.000000 0 0
0.000000 -0.000000 -0.000000 0 0
0.000000 -0.000000 -0.000000 0 0
0.000000 -0.000000 -0.000000 0 0
0.000000 -0.000000 -0.000000 0 0
0.000000 -0.000000 -0.000000 0 0
0.000000 -0.000000 -0.000000 0 0
0.000000 -0.000000 -0.000000 0 0
0.000000 -0.000000 -0.000000 0 0
0.000000 -0.000000 -0.000000 0 0
0.000000 -0.000000 -0.000000 0 0
0.000000 -0.000000 -0.000000 0 0
0.000000 -0.000000 -0.000000 0 0
0.000000 -0.000000 -0.000000 0 0
0.000000 -0.000000 -0.000000 0 0
0.000000 -0.000000 -0.000000 0 0
0.000000 -0.000000 -0.000000 0 0
0.000000 -0.000000 -0.000000 0 0
0.000000 -0.000000 -0.000000 0 0
0.000000 -0.000000 -0.000000 0 0
0.000000 -0.000000 -0.000000 0 0
0.000000 -0.000000 -0.000000 0 0
0.000000 -0.000000 -0.000000 0 0
0.000000 -0.000000 -0.000000 0 0
0.000000 -0.000000 -0.000000 0 0
0.000000 -0.000000 -0.000000 0 0
0.000000 -0.000000 -0.000000 0 0
0.000000 -0.000000 -0.000000 0 0
0.000000 -0.000000 -0.000000 0 0
0.000000 -0.000000 -0.000000 0 0
0.000000 -0.000000 -0.000000 0 0
0.000000 -0.000000 -0.000000 0 0
0.000000 -0.000000 -0.000000 0 0
0.000000 -0.000000 -0.000000 0 0
0.000000 -0.000000 -0.000000 0 0
0.000000 -0.000000 -0.000000 0 0
0.000000 -0.000000 -0.000000 0 0
0.000000 -0.000000 -0.000000 0 0
0.000000 -0.000000 -0.000000 0 0
0.000000 -0.000000 -0.000000 0 0
0.000000 -0.000000 -0.000000 0 0
0.000000 -0.000000 -0.000000 0 0
0.000000 -0.000000 -0.000000 0 0
0.000000 -0.000000 -0.000000 0 0
0.000000 -0.000000 -0.000000 0 0
0.000000 -0.000000 -0.000000 0 0
0.000000 -0.000000 -0.000000 0 0
0.000000 -0.000000 -0.000000 0 0
0.000000 -0.000000 -0.000000 0 0
0.000000 -0.000000 -0.000000 0 0
0.000000 -0.000000 -0.000000 0 0
0.000000 -0.000000 -0.000000 0 0
0.000000 -0.000000 -0.000000 0 0
0.000000 -0.000000 -0.000000 0 0
0.000000 -0.000000 -0.000000 0 0
0.000000 -0.000000 -0.000000 0 0
0.000000 -0.000000 -0.000000 0 0
0.000000 -0.000000 -0.000000 0 0
0.000000 -0.000000 -0.000000 0 0
0.000000 -0.000000 -0.000000 0 0
0.000000 -0.000000 -0.000000 0 0
0.000000 -0.000000 -0.000000 0 0
0.000000 -0.000000 -0.000000 0 0
0.000000 -0.000000 -0.000000 0 0
0.000000 -0.000000 -0.000000 0 0
0.000000 -0.000000 -0.000000 0 0
0.000000 -0.000000 -0.000000 0 0
0.000000 -0.000000 -0.000000 0 0
0.000000 -0.000000 -0.000000 0 0
0.000000 -0.000000 -0.000000 0 0
0.000000 -0.000000 -0.000000 0 0
0.000000 -0.000000 -0.000000 0 0
0.000000 -0.000000 -0.000000 0 0
0.000000 -0.000000 -0.000000 0 0
0.000000 -0.000000 -0.000000 0 0
0.000000 -0.000000 -0.000000 0 0
0.000000 -0.000000 -0.000000 0 0
0.000000 -0.000000 -0.000000 0 0
0.000000 -0.000000 -0.000000 0 0
0.000000 -0.000000 -0.000000 0 0
0.000000 -0.000000 -0.000000 0 0
0.000000 -0.000000 -0.000000 0 0
0.000000 -0.000000 -0.000000 0 0
0.000000 -0.000000 -0.000000 0 0
0.000000 -0.000000 -0.000000 0 0
0.000000 -0.000000 -0.000000 0 0
0.000000 -0.000000 -0.000000 0 0
0.000000 -0.000000 -0.000000 0 0
0.000000 -0.000000 -0.000000 0 0
0.000000 -0.000000 -0.000000 0 0
0.000000 -0.000000 -0.000000 0 0
0.000000 -0.000000 -0.000000 0 0
0.000000 -0.000000 -0.000000 0 0
0.000000 -0.000000 -0.000000 0 0
0.000000 -0.000000 -0.000000 0 0
0.000000 -0.000000 -0.000000 0 0
0.000000 -0.000000 -0.000000 0 0
0.000000 -0.000000 -0.000000 0 0
0.000000 -0.000000 -0.000000 0 0
0.000000 -0.000000 -0.000000 0 0
0.000000 -0.000000 -0.000000 0 0
0.000000 -0.000000 -0.000000 0 0
0.000000 -0.000000 -0.000000 0 0
0.000000 -0.000000 -0.000000 0 0
0.000000 -0.000000 -0.000000 0 0
0.000000 -0.000000 -0.000000 0 0
0.000000 -0.000000 -0.000000 0 0
0.000000 -0.000000 -0.000000 0 0
0.000000 -0.000000 -0.000000 0 0
0.000000 -0.000000 -0.000000 0 0
0.000000 -0.000000 -0.000000 0 0
0.000000 -0.000000 -0.000000 0 0
0.000000 -0.000000 -0.000000 0 0
0.000000 -0.000000 -0.000000 0 0
0.000000 -0.000000 -0.000000 0 0
0.000000 -0.000000 -0.000000 0 0
0.000000 -0.000000 -0.000000 0 0
0.000000 -0.000000 -0.000000 0 0
0.000000 -0.000000 -0.000000 0 0
0.000000 -0.000000 -0.000000 0 0
0.000000 -0.000000 -0.000000 0 0
0.000000 -0.000000 -0.000000 0 0
0.000000 -0.000000 -0.000000 0 0
0.000000 -0.000000 -0.000000 0 0
0.000000 -0.000000 -0.000000 0 0
0.000000 -0.000000 -0.000000 0 0
0.000000 -0.000000 -0.000000 0 0
0.000000 -0.000000 -0.000000 0 0
0.000000 -0.000000 -0.000000 0 0
0.000000 -0.000000 -0.000000 0 0
0.000000 -0.000000 -0.000000 0 0
0.000000 -0.000000 -0.000000 0 0
0.000000 -0.000000 -0.000000 0 0
0.000000 -0.000000 -0.000000 0 0
0.000000 -0.000000 -0.000000 0 0
0.000000 -0.000000 -0.000000 0 0
0.000000 -0.000000 -0.000000 0 0
0.000000 -0.000000 -0.000000 0 0
0.000000 -0.000000 -0.000000 0 0
0.000000 -0.000000 -0.000000 0 0
0.000000 -0.000000 -0.000000 0 0
0.000000 -0.000000 -0.000000 0 0
0.000000 -0.000000 -0.000000 0 0
0.000000 -0.000000 -0.000000 0 0
0.000000 -0.000000 -0.000000 0 0
0.000000 -0.000000 -0.000000 0 0
0.000000 -0.000000 -0.000000 0 0
0.000000 -0.000000 -0.000000 0 0
0.000000 -0.000000 -0.000000 0 0
0.000000 -0.000000 -0.000000 0 0
0.000000 -0.000000 -0.000000 0 0
0.000000 -0.000000 -0.000000 0 0
0.000000 -0.000000 -0.000000 0 0
0.000000 -0.000000 -0.000000 0 0
0.000000 -0.000000 -0.000000 0 0
0.000000 -0.000000 -0.000000 0 0
0.000000 -0.000000 -0.000000 0 0
0.000000 -0.000000 -0.000000 0 0
0.000000 -0.000000 -0.000000 0 0
0.000000 -0.000000 -0.000000 0 0
0.000000 -0.000000 -0.000000 0 0
0.000000 -0.000000 -0.000000 0 0
0.000000 -0.000000 -0.000000 0 0
0.000000 -0.000000 -0.000000 0 0
0.000000 -0.000000 -0.000000 0 0
0.000000 -0.000000 -0.000000 0 0
0.000000 -0.000000 -0.000000 0 0
0.000000 -0.000000 -0.000000 0 0
0.000000 -0.000000 -0.000000 0 0
0.000000 -0.000000 -0.000000 0 0
0.000000 -0.000000 -0.000000 0 0
0.000000 -0.000000 -0.000000 0 0
0.000000 -0.000000 -0.000000 0 0
0.000000 -0.000000 -0.000000 0 0
0.000000 -0.000000 -0.000000 0 0
0.000000 -0.000000 -0.000000 0 0
0.000000 -0.000000 -0.000000 0 0
0.000000 -0.000000 -0.000000 0 0
0.000000 -0.000000 -0.000000 0 0
0.000000 -0.000000 -0.000000 0 0
0.000000 -0.000000 -0.000000 0 0
0.000000 -0.000000 -0.000000 0 0
0.000000 -0.000000 -0.000000 0 0
0.000000 -0.000000 -0.000000 0 0
0.000000 -0.000000 -0.000000 0 0
0.000000 -0.000000 -0.000000 0 0
0.000000 -0.000000 -0.000000 0 0
0.000000 -0.000000 -0.000000 0 0
0.000000 -0.000000 -0.000000 0 0
0.000000 -0.000000 -0.000000 0 0
0.000000 -0.000000 -0.000000 0 0
0.000000 -0.000000 -0.000000 0 0
0.000000 -0.000000 -0.000000 0 0
0.000000 -0.000000 -0.000000 0 0
0.000000 -0.000000 -0.000000 0 0
0.000000 -0.000000 -0.000000 0 0
0.000000 -0.000000 -0.000000 0 0
0.000000 -0.000000 -0.000000 0 0
0.000000 -0.000000 -0.000000 0 0
0.000000 -0.000000 -0.000000 0 0
0.000000 -0.000000 -0.000000 0 0
0.000000 -0.000000 -0.000000 0 0
0.000000 -0.000000 -0.000000 0 0
0.000000 -0.000000 -0.000000 0 0
0.000000 -0.000000 -0.000000 0 0
0.000000 -0.000000 -0.000000 0 0
0.000000 -0.000000 -0.000000 0 0
0.000000 -0.000000 -0.000000 0 0
0.000000 -0.000000 -0.000000 0 0
0.000000 -0.000000 -0.000000 0 0
0.000000 -0.000000 -0.000000 0 0
0.000000 -0.000000 -0.000000 0 0
0.000000 -0.000000 -0.000000 0 0
0.000000 -0.000000 -0.000000 0 0
0.000000 -0.000000 -0.000000 0 0
0.000000 -0.000000 -0.000000 0 0
0.000000 -0.000000 -0.000000 0 0
0.000000 -0.000000 -0.000000 0 0
0.000000 -0.000000 -0.000000 0 0
0.000000 -0.000000 -0.000000 0 0
0.000000 -0.000000 -0.000000 0 0
0.000000 -0.000000 -0.000000 0 0
0.000000 -0.000000 -0.000000 0 0
0.000000 -0.000000 -0.000000 0 0
0.000000 -0.000000 -0.000000 0 0
0.000000 -0.000000 -0.000000 0 0
0.000000 -0.000000 -0.000000 0 0
0.000000 -0.000000 -0.000000 0 0
0.000000 -0.000000 -0.000000 0 0
0.000000 -0.000000 -0.000000 0 0
0.000000 -0.000000 -0.000000 0 0
0.000000 -0.000000 -0.000000 0 0
0.000000 -0.000000 -0.000000 0 0
0.000000 -0.000000 -0.000000 0 0
0.000000 -0.000000 -0.000000 0 0
0.000000 -0.000000 -0.000000 0 0
0.000000 -0.000000 -0.000000 0 0
0.000000 -0.000000 -0.000000 0 0
0.000000 -0.000000 -0.000000 0 0
0.000000 -0.000000 -0.000000 0 0
0.000000 -0.000000 -0.000000 0 0
0.000000 -0.000000 -0.000000 0 0
0.000000 -0.000000 -0.000000 0 0
0.000000 -0.000000 -0.000000 0 0
0.000000 -0.000000 -0.000000 0 0
0.000000 -0.000000 -0.000000 0 0
0.000000 -0.000000 -0.000000 0 0
0.000000 -0.000000 -0.000000 0 0
0.000000 -0.000000 -0.000000 0 0
0.000000 -0.000000 -0.000000 0 0
0.000000 -0.000000 -0.000000 0 0
0.000000 -0.000000 -0.000000 0 0
0.000000 -0.000000 -0.000000 0 0
0.000000 -0.000000 -0.000000 0 0
0.000000 -0.000000 -0.000000 0 0
0.000000 -0.000000 -0.000000 0 0
0.000000 -0.000000 -0.000000 0 0
0.000000 -0.000000 -0.000000 0 0
0.000000 -0.000000 -0.000000 0 0
0.000000 -0.000000 -0.000000 0 0
0.000000 -0.000000 -0.000000 0 0
0.000000 -0.000000 -0.000000 0 0
0.000000 -0.000000 -0.000000 0 0
0.000000 -0.000000 -0.000000 0 0
0.000000 -0.000000 -0.000000 0 0
0.000000 -0.000000 -0.000000 0 0
0.000000 -0.000000 -0.000000 0 0
0.000000 -0.000000 -0.000000 0 0
0.000000 -0.000000 -0.000000 0 0
0.000000 -0.000000 -0.000000 0 0
0.000000 -0.000000 -0.000000 0 0
0.000000 -0.000000 -0.000000 0 0
0.000000 -0.000000 -0.000000 0 0
0.000000 -0.000000 -0.000000 0 0
0.000000 -0.000000 -0.000000 0 0
0.000000 -0.000000 -0.000000 0 0
0.000000 -0.000000 -0.000000 0 0
0.000000 -0.000000 -0.000000 0 0
0.000000 -0.000000 -0.000000 0 0
0.000000 -0.000000 -0.000000 0 0
0.000000 -0.000000 -0.000000 0 0
0.000000 -0.000000 -0.000000 0 0
0.000000 -0.000000 -0.000000 0 0
0.000000 -0.000000 -0.000000 0 0
0.000000 -0.000000 -0.000000 0 0
0.000000 -0.000000 -0.000000 0 0
0.000000 -0.000000 -0.000000 0 0
0.000000 -0.000000 -0.000000 0 0
0.000000 -0.000000 -0.000000 0 0
0.000000 -0.000000 -0.000000 0 0
0.000000 -0.000000 -0.000000 0 0
0.000000 -0.000000 -0.000000 0 0
0.000000 -0.000000 -0.000000 0 0
0.000000 -0.000000 -0.000000 0 0
0.000000 -0.000000 -0.000000 0 0
0.000000 -0.000000 -0.000000 0 0
0.000000 -0.000000 -0.000000 0 0
0.000000 -0.000000 -0.000000 0 0
0.000000 -0.000000 -0.000000 0 0
0.000000 -0.000000 -0.000000 0 0
0.000000 -0.000000 -0.000000 0 0
0.000000 -0.000000 -0.000000 0 0
0.000000 -0.000000 -0.000000 0 0
0.000000 -0.000000 -0.000000 0 0
0.000000 -0.000000 -0.000000 0 0
0.000000 -0.000000 -0.000000 0 0
0.000000 -0.000000 -0.000000 0 0
0.000000 -0.000000 -0.000000 0 0
0.000000 -0.000000 -0.000000 0 0
0.000000 -0.000000 -0.000000 0 0
0.000000 -0.000000 -0.000000 0 0
0.000000 -0.000000 -0.000000 0 0
0.000000 -0.000000 -0.000000 0 0
0.000000 -0.000000 -0.000000 0 0
0.000000 -0.000000 -0.000000 0 0
0.000000 -0.000000 -0.000000 0 0
0.000000 -0.000000 -0.000000 0 0
0.000000 -0.000000 -0.000000 0 0
0.000000 -0.000000 -0.000000 0 0
0.000000 -0.000000 -0.000000 0 0
0.000000 -0.000000 -0.000000 0 0
0.000000 -0.000000 -0.000000 0 0
0.000000 -0.000000 -0.000000 0 0
0.000000 -0.000000 -0.000000 0 0
0.000000 -0.000000 -0.000000 0 0
0.000000 -0.000000 -0.000000 0 0
0.000000 -0.000000 -0.000000 0 0
0.000000 -0.000000 -0.000000 0 0
0.000000 -0.000000 -0.000000 0 0
0.000000 -0.000000 -0.000000 0 0
0.000000 -0.000000 -0.000000 0 0
0.000000 -0.000000 -0.000000 0 0
0.000000 -0.000000 -0.000000 0 0
0.000000 -0.000000 -0.000000 0 0
0.000000 -0.000000 -0.000000 0 0
0.000000 -0.000000 -0.000000 0 0
0.000000 -0.000000 -0.000000 0 0
0.000000 -0.000000 -0.000000 0 0
0.000000 -0.000000 -0.000000 0 0
0.000000 -0.000000 -0.000000 0 0
0.000000 -0.000000 -0.000000 0 0
0.000000 -0.000000 -0.000000 0 0
0.000000 -0.000000 -0.000000 0 0
0.000000 -0.000000 -0.000000 0 0
0.000000 -0.000000 -0.000000 0 0
0.000000 -0.000000 -0.000000 0 0
0.000000 -0.000000 -0.000000 0 0
0.000000 -0.000000 -0.000000 0 0
0.000000 -0.000000 -0.000000 0 0
0.000000 -0.000000 -0.000000 0 0
0.000000 -0.000000 -0.000000 0 0
0.000000 -0.000000 -0.000000 0 0
0.000000 -0.000000 -0.000000 0 0
0.000000 -0.000000 -0.000000 0 0
0.000000 -0.000000 -0.000000 0 0
0.000000 -0.000000 -0.000000 0 0
0.000000 -0.000000 -0.000000 0 0
0.000000 -0.000000 -0.000000 0 0
0.000000 -0.000000 -0.000000 0 0
0.000000 -0.000000 -0.000000 0 0
0.000000 -0.000000 -0.000000 0 0
0.000000 -0.000000 -0.000000 0 0
0.000000 -0.000000 -0.000000 0 0
0.000000 -0.000000 -0.000000 0 0
0.000000 -0.000000 -0.000000 0 0
0.000000 -0.000000 -0.000000 0 0
0.000000 -0.000000 -0.000000 0 0
0.000000 -0.000000 -0.000000 0 0
0.000000 -0.000000 -0.000000 0 0
0.000000 -0.000000 -0.000000 0 0
0.000000 -0.000000 -0.000000 0 0
0.000000 -0.000000 -0.000000 0 0
0.000000 -0.000000 -0.000000 0 0
0.000000 -0.000000 -0.000000 0 0
0.000000 -0.000000 -0.000000 0 0
0.000000 -0.000000 -0.000000 0 0
0.000000 -0.000000 -0.000000 0 0
0.000000 -0.000000 -0.000000 0 0
0.000000 -0.000000 -0.000000 0 0
0.000000 -0.000000 -0.000000 0 0
0.000000 -0.000000 -0.000000 0 0
0.000000 -0.000000 -0.000000 0 0
0.000000 -0.000000 -0.000000 0 0
0.000000 -0.000000 -0.000000 0 0
0.000000 -0.000000 -0.000000 0 0
0.000000 -0.000000 -0.000000 0 0
0.000000 -0.000000 -0.000000 0 0
0.000000 -0.000000 -0.000000 0 0
0.000000 -0.000000 -0.000000 0 0
0.000000 -0.000000 -0.000000 0 0
0.000000 -0.000000 -0.000000 0 0
0.000000 -0.000000 -0.000000 0 0
0.000000 -0.000000 -0.000000 0 0
0.000000 -0.000000 -0.000000 0 0
0.000000 -0.000000 -0.000000 0 0
0.000000 -0.000000 -0.000000 0 0
0.000000 -0.000000 -0.000000 0 0
0.000000 -0.000000 -0.000000 0 0
0.000000 -0.000000 -0.000000 0 0
0.000000 -0.000000 -0.000000 0 0
0.000000 -0.000000 -0.000000 0 0
0.000000 -0.000000 -0.000000 0 0
0.000000 -0.000000 -0.000000 0 0
0.000000 -0.000000 -0.000000 0 0
0.000000 -0.000000 -0.000000 0 0
0.000000 -0.000000 -0.000000 0 0
0.000000 -0.000000 -0.000000 0 0
0.000000 -0.000000 -0.000000 0 0
0.000000 -0.000000 -0.000000 0 0
0.000000 -0.000000 -0.000000 0 0
0.000000 -0.000000 -0.000000 0 0
0.000000 -0.000000 -0.000000 0 0
0.000000 -0.000000 -0.000000 0 0
0.000000 -0.000000 -0.000000 0 0
0.000000 -0.000000 -0.000000 0 0
0.000000 -0.000000 -0.000000 0 0
0.000000 -0.000000 -0.000000 0 0
0.000000 -0.000000 -0.000000 0 0
0.000000 -0.000000 -0.000000 0 0
0.000000 -0.000000 -0.000000 0 0
0.000000 -0.000000 -0.000000 0 0
0.000000 -0.000000 -0.000000 0 0
0.000000 -0.000000 -0.000000 0 0
0.000000 -0.000000 -0.000000 0 0
0.000000 -0.000000 -0.000000 0 0
0.000000 -0.000000 -0.000000 0 0
0.000000 -0.000000 -0.000000 0 0
0.000000 -0.000000 -0.000000 0 0
0.000000 -0.000000 -0.000000 0 0
0.000000 -0.000000 -0.000000 0 0
0.000000 -0.000000 -0.000000 0 0
0.000000 -0.000000 -0.000000 0 0
0.000000 -0.000000 -0.000000 0 0
0.000000 -0.000000 -0.000000 0 0
0.000000 -0.000000 -0.000000 0 0
0.000000 -0.000000 -0.000000 0 0
0.000000 -0.000000 -0.000000 0 0
0.000000 -0.000000 -0.000000 0 0
0.000000 -0.000000 -0.000000 0 0
0.000000 -0.000000 -0.000000 0 0
0.000000 -0.000000 -0.000000 0 0
0.000000 -0.000000 -0.000000 0 0
0.000000 -0.000000 -0.000000 0 0
0.000000 -0.000000 -0.000000 0 0
0.000000 -0.000000 -0.000000 0 0
0.000000 -0.000000 -0.000000 0 0
0.000000 -0.000000 -0.000000 0 0
0.000000 -0.000000 -0.000000 0 0
0.000000 -0.000000 -0.000000 0 0
0.000000 -0.000000 -0.000000 0 0
0.000000 -0.000000 -0.000000 0 0
0.000000 -0.000000 -0.000000 0 0
0.000000 -0.000000 -0.000000 0 0
0.000000 -0.000000 -0.000000 0 0
0.000000 -0.000000 -0.000000 0 0
0.000000 -0.000000 -0.000000 0 0
0.000000 -0.000000 -0.000000 0 0
0.000000 -0.000000 -0.000000 0 0
0.000000 -0.000000 -0.000000 0 0
0.000000 -0.000000 -0.000000 0 0
0.000000 -0.000000 -0.000000 0 0
0.000000 -0.000000 -0.000000 0 0
0.000000 -0.000000 -0.000000 0 0
0.000000 -0.000000 -0.000000 0 0
0.000000 -0.000000 -0.000000 0 0
0.000000 -0.000000 -0.000000 0 0
0.000000 -0.000000 -0.000000 0 0
0.000000 -0.000000 -0.000000 0 0
0.000000 -0.000000 -0.000000 0 0
0.000000 -0.000000 -0.000000 0 0
0.000000 -0.000000 -0.000000 0 0
0.000000 -0.000000 -0.000000 0 0
0.000000 -0.000000 -0.000000 0 0
0.000000 -0.000000 -0.000000 0 0
0.000000 -0.000000 -0.000000 0 0
0.000000 -0.000000 -0.000000 0 0
0.000000 -0.000000 -0.000000 0 0
0.000000 -0.000000 -0.000000 0 0
0.000000 -0.000000 -0.000000 0 0
0.000000 -0.000000 -0.000000 0 0
0.000000 -0.000000 -0.000000 0 0
0.000000 -0.000000 -0.000000 0 0
0.000000 -0.000000 -0.000000 0 0
0.000000 -0.000000 -0.000000 0 0
0.000000 -0.000000 -0.000000 0 0
0.000000 -0.000000 -0.000000 0 0
0.000000 -0.000000 -0.000000 0 0
0.000000 -0.000000 -0.000000 0 0
0.000000 -0.000000 -0.000000 0 0
0.000000 -0.000000 -0.000000 0 0
0.000000 -0.000000 -0.000000 0 0
0.000000 -0.000000 -0.000000 0 0
0.000000 -0.000000 -0.000000 0 0
0.000000 -0.000000 -0.000000 0 0
0.000000 -0.000000 -0.000000 0 0
0.000000 -0.000000 -0.000000 0 0
0.000000 -0.000000 -0.000000 0 0
0.000000 -0.000000 -0.000000 0 0
0.000000 -0.000000 -0.000000 0 0
0.000000 -0.000000 -0.000000 0 0
0.000000 -0.000000 -0.000000 0 0
0.000000 -0.000000 -0.000000 0 0
0.000000 -0.000000 -0.000000 0 0
0.000000 -0.000000 -0.000000 0 0
0.000000 -0.000000 -0.000000 0 0
0.000000 -0.000000 -0.000000 0 0
0.000000 -0.000000 -0.000000 0 0
0.000000 -0.000000 -0.000000 0 0
0.000000 -0.000000 -0.000000 0 0
0.000000 -0.000000 -0.000000 0 0
0.000000 -0.000000 -0.000000 0 0
0.000000 -0.000000 -0.000000 0 0
0.000000 -0.000000 -0.000000 0 0
0.000000 -0.000000 -0.000000 0 0
0.000000 -0.000000 -0.000000 0 0
0.000000 -0.000000 -0.000000 0 0
0.000000 -0.000000 -0.000000 0 0
0.000000 -0.000000 -0.000000 0 0
0.000000 -0.000000 -0.000000 0 0
0.000000 -0.000000 -0.000000 0 0
0.000000 -0.000000 -0.000000 0 0
0.000000 -0.000000 -0.000000 0 0
0.000000 -0.000000 -0.000000 0 0
0.000000 -0.000000 -0.000000 0 0
0.000000 -0.000000 -0.000000 0 0
0.000000 -0.000000 -0.000000 0 0
0.000000 -0.000000 -0.000000 0 0
0.000000 -0.000000 -0.000000 0 0
0.000000 -0.000000 -0.000000 0 0
0.000000 -0.000000 -0.000000 0 0
0.000000 -0.000000 -0.000000 0 0
0.000000 -0.000000 -0.000000 0 0
0.000000 -0.000000 -0.000000 0 0
0.000000 -0.000000 -0.000000 0 0
0.000000 -0.000000 -0.000000 0 0
0.000000 -0.000000 -0.000000 0 0
0.000000 -0.000000 -0.000000 0 0
0.000000 -0.000000 -0.000000 0 0
0.000000 -0.000000 -0.000000 0 0
0.000000 -0.000000 -0.000000 0 0
0.000000 -0.000000 -0.000000 0 0
0.000000 -0.000000 -0.000000 0 0
0.000000 -0.000000 -0.000000 0 0
0.000000 -0.000000 -0.000000 0 0
0.000000 -0.000000 -0.000000 0 0
0.000000 -0.000000 -0.000000 0 0
0.000000 -0.000000 -0.000000 0 0
0.000000 -0.000000 -0.000000 0 0
0.000000 -0.000000 -0.000000 0 0
0.000000 -0.000000 -0.000000 0 0
0.000000 -0.000000 -0.000000 0 0
0.000000 -0.000000 -0.000000 0 0
0.000000 -0.000000 -0.000000 0 0
0.000000 -0.000000 -0.000000 0 0
0.000000 -0.000000 -0.000000 0 0
0.000000 -0.000000 -0.000000 0 0
0.000000 -0.000000 -0.000000 0 0
0.000000 -0.000000 -0.000000 0 0
0.000000 -0.000000 -0.000000 0 0
0.000000 -0.000000 -0.000000 0 0
0.000000 -0.000000 -0.000000 0 0
0.000000 -0.000000 -0.000000 0 0
0.000000 -0.000000 -0.000000 0 0
0.000000 -0.000000 -0.000000 0 0
0.000000 -0.000000 -0.000000 0 0
0.000000 -0.000000 -0.000000 0 0
0.000000 -0.000000 -0.000000 0 0
0.000000 -0.000000 -0.000000 0 0
0.000000 -0.000000 -0.000000 0 0
0.000000 -0.000000 -0.000000 0 0
0.000000 -0.000000 -0.000000 0 0
0.000000 -0.000000 -0.000000 0 0
0.000000 -0.000000 -0.000000 0 0
0.000000 -0.000000 -0.000000 0 0
0.000000 -0.000000 -0.000000 0 0
0.000000 -0.000000 -0.000000 0 0
0.000000 -0.000000 -0.000000 0 0
0.000000 -0.000000 -0.000000 0 0
0.000000 -0.000000 -0.000000 0 0
0.000000 -0.000000 -0.000000 0 0
0.000000 -0.000000 -0.000000 0 0
0.000000 -0.000000 -0.000000 0 0
0.000000 -0.000000 -0.000000 0 0
0.000000 -0.000000 -0.000000 0 0
0.000000 -0.000000 -0.000000 0 0
0.000000 -0.000000 -0.000000 0 0
0.000000 -0.000000 -0.000000 0 0
0.000000 -0.000000 -0.000000 0 0
0.000000 -0.000000 -0.000000 0 0
0.000000 -0.000000 -0.000000 0 0
0.000000 -0.000000 -0.000000 0 0
0.000000 -0.000000 -0.000000 0 0
0.000000 -0.000000 -0.000000 0 0
0.000000 -0.000000 -0.000000 0 0
0.000000 -0.000000 -0.000000 0 0
0.000000 -0.000000 -0.000000 0 0
0.000000 -0.000000 -0.000000 0 0
0.000000 -0.000000 -0.000000 0 0
0.000000 -0.000000 -0.000000 0 0
0.000000 -0.000000 -0.000000 0 0
0.000000 -0.000000 -0.000000 0 0
0.000000 -0.000000 -0.000000 0 0
0.000000 -0.000000 -0.000000 0 0
0.000000 -0.000000 -0.000000 0 0
0.000000 -0.000000 -0.000000 0 0
0.000000 -0.000000 -0.000000 0 0
0.000000 -0.000000 -0.000000 0 0
0.000000 -0.000000 -0.000000 0 0
0.000000 -0.000000 -0.000000 0 0
0.000000 -0.000000 -0.000000 0 0
0.000000 -0.000000 -0.000000 0 0
0.000000 -0.000000 -0.000000 0 0
0.000000 -0.000000 -0.000000 0 0
0.000000 -0.000000 -0.000000 0 0
0.000000 -0.000000 -0.000000 0 0
0.000000 -0.000000 -0.000000 0 0
0.000000 -0.000000 -0.000000 0 0
0.000000 -0.000000 -0.000000 0 0
0.000000 -0.000000 -0.000000 0 0
0.000000 -0.000000 -0.000000 0 0
0.000000 -0.000000 -0.000000 0 0
0.000000 -0.000000 -0.000000 0 0
0.000000 -0.000000 -0.000000 0 0
0.000000 -0.000000 -0.000000 0 0
0.000000 -0.000000 -0.000000 0 0
0.000000 -0.000000 -0.000000 0 0
0.000000 -0.000000 -0.000000 0 0
0.000000 -0.000000 -0.000000 0 0
0.000000 -0.000000 -0.000000 0 0
0.000000 -0.000000 -0.000000 0 0
0.000000 -0.000000 -0.000000 0 0
0.000000 -0.000000 -0.000000 0 0
0.000000 -0.000000 -0.000000 0 0
0.000000 -0.000000 -0.000000 0 0
0.000000 -0.000000 -0.000000 0 0
0.000000 -0.000000 -0.000000 0 0
0.000000 -0.000000 -0.000000 0 0
0.000000 -0.000000 -0.000000 0 0
0.000000 -0.000000 -0.000000 0 0
0.000000 -0.000000 -0.000000 0 0
0.000000 -0.000000 -0.000000 0 0
0.000000 -0.000000 -0.000000 0 0
0.000000 -0.000000 -0.000000 0 0
0.000000 -0.000000 -0.000000 0 0
0.000000 -0.000000 -0.000000 0 0
0.000000 -0.000000 -0.000000 0 0
0.000000 -0.000000 -0.000000 0 0
0.000000 -0.000000 -0.000000 0 0
0.000000 -0.000000 -0.000000 0 0
0.000000 -0.000000 -0.000000 0 0
0.000000 -0.000000 -0.000000 0 0
0.000000 -0.000000 -0.000000 0 0
0.000000 -0.000000 -0.000000 0 0
0.000000 -0.000000 -0.000000 0 0
0.000000 -0.000000 -0.000000 0 0
0.000000 -0.000000 -0.000000 0 0
0.000000 -0.000000 -0.000000 0 0
0.000000 -0.000000 -0.000000 0 0
0.000000 -0.000000 -0.000000 0 0
0.000000 -0.000000 -0.000000 0 0
0.000000 -0.000000 -0.000000 0 0
0.000000 -0.000000 -0.000000 0 0
0.000000 -0.000000 -0.000000 0 0
0.000000 -0.000000 -0.000000 0 0
0.000000 -0.000000 -0.000000 0 0
0.000000 -0.000000 -0.000000 0 0
0.000000 -0.000000 -0.000000 0 0
0.000000 -0.000000 -0.000000 0 0
0.000000 -0.000000 -0.000000 0 0
0.000000 -0.000000 -0.000000 0 0
0.000000 -0.000000 -0.000000 0 0
0.000000 -0.000000 -0.000000 0 0
0.000000 -0.000000 -0.000000 0 0
0.000000 -0.000000 -0.000000 0 0
0.000000 -0.000000 -0.000000 0 0
0.000000 -0.000000 -0.000000 0 0
0.000000 -0.000000 -0.000000 0 0
0.000000 -0.000000 -0.000000 0 0
0.000000 -0.000000 -0.000000 0 0
0.000000 -0.000000 -0.000000 0 0
0.000000 -0.000000 -0.000000 0 0
0.000000 -0.000000 -0.000000 0 0
0.000000 -0.000000 -0.000000 0 0
0.000000 -0.000000 -0.000000 0 0
0.000000 -0.000000 -0.000000 0 0
0.000000 -0.000000 -0.000000 0 0
0.000000 -0.000000 -0.000000 0 0
0.000000 -0.000000 -0.000000 0 0
0.000000 -0.000000 -0.000000 0 0
0.000000 -0.000000 -0.000000 0 0
0.000000 -0.000000 -0.000000 0 0
0.000000 -0.000000 -0.000000 0 0
0.000000 -0.000000 -0.000000 0 0
0.000000 -0.000000 -0.000000 0 0
0.000000 -0.000000 -0.000000 0 0
0.000000 -0.000000 -0.000000 0 0
0.000000 -0.000000 -0.000000 0 0
0.000000 -0.000000 -0.000000 0 0
0.000000 -0.000000 -0.000000 0 0
0.000000 -0.000000 -0.000000 0 0
0.000000 -0.000000 -0.000000 0 0
0.000000 -0.000000 -0.000000 0 0
0.000000 -0.000000 -0.000000 0 0
0.000000 -0.000000 -0.000000 0 0
0.000000 -0.000000 -0.000000 0 0
0.000000 -0.000000 -0.000000 0 0
0.000000 -0.000000 -0.000000 0 0
0.000000 -0.000000 -0.000000 0 0
0.000000 -0.000000 -0.000000 0 0
0.000000 -0.000000 -0.000000 0 0
0.000000 -0.000000 -0.000000 0 0
4.503000 -9.492000 0.506000 2 0
4.179000 -9.527000 0.690000 22 0
3.889000 -9.635000 0.868000 35 0
3.577000 -9.682000 1.052000 39 0
4.264000 -9.550000 0.514000 32 0
3.949000 -9.600000 0.691000 52 0
3.646000 -9.685000 0.860000 65 0
3.341000 -9.747000 1.039000 66 0
4.021000 -9.592000 0.521000 66 0
3.710000 -9.656000 0.692000 92 0
3.405000 -9.731000 0.852000 95 0
3.098000 -9.791000 1.023000 89 0
3.783000 -9.638000 0.529000 101 0
3.477000 -9.717000 0.693000 106 0
3.167000 -9.785000 0.845000 108 0
2.864000 -9.857000 1.010000 101 0
3.548000 -9.697000 0.537000 104 0
3.238000 -9.762000 0.693000 101 0
2.936000 -9.850000 0.840000 106 0
2.627000 -9.913000 0.996000 109 0
3.314000 -9.745000 0.546000 106 0
3.006000 -9.818000 0.695000 105 0
2.699000 -9.902000 0.833000 104 0
2.392000 -9.968000 0.983000 103 0
3.081000 -9.802000 0.555000 102 0
2.776000 -9.879000 0.697000 104 0
2.464000 -9.947000 0.827000 103 0
2.155000 -10.025000 0.970000 104 0
2.851000 -9.859000 0.564000 102 0
2.541000 -9.932000 0.699000 104 0
2.233000 -10.013000 0.823000 106 0
1.920000 -10.075000 0.957000 102 0
2.618000 -9.913000 0.574000 104 0
2.309000 -9.988000 0.701000 101 0
1.996000 -10.065000 0.817000 101 0
1.684000 -10.122000 0.944000 98 0
2.389000 -9.970000 0.584000 104 0
2.073000 -10.035000 0.704000 98 0
1.761000 -10.110000 0.812000 101 0
1.448000 -10.196000 0.934000 68 0
2.159000 -10.023000 0.595000 98 0
1.841000 -10.087000 0.707000 100 0
1.527000 -10.166000 0.808000 93 0
1.187000 -10.040000 0.904000 24 0
1.922000 -10.063000 0.605000 97 0
1.610000 -10.149000 0.711000 97 0
1.276000 -10.108000 0.795000 41 0
0.000000 -0.000000 -0.000000 0 0
1.693000 -10.129000 0.617000 97 0
1.373000 -10.197000 0.714000 65 0
0.000000 -0.000000 -0.000000 0 0
0.000000 -0.000000 -0.000000 0 0
1.460000 -10.178000 0.628000 89 0
1.119000 -10.078000 0.706000 5 0
0.000000 -0.000000 -0.000000 0 0
0.000000 -0.000000 -0.000000 0 0
1.200000 -10.025000 0.627000 26 0
0.000000 -0.000000 -0.000000 0 0
0.000000 -0.000000 -0.000000 0 0
0.000000 -0.000000 -0.000000 0 0
0.000000 -0.000000 -0.000000 0 0
0.000000 -0.000000 -0.000000 0 0
0.000000 -0.000000 -0.000000 0 0
0.000000 -0.000000 -0.000000 0 0
0.000000 -0.000000 -0.000000 0 0
0.000000 -0.000000 -0.000000 0 0
0.000000 -0.000000 -0.000000 0 0
0.000000 -0.000000 -0.000000 0 0
0.000000 -0.000000 -0.000000 0 0
0.000000 -0.000000 -0.000000 0 0
0.000000 -0.000000 -0.000000 0 0
0.000000 -0.000000 -0.000000 0 0
0.000000 -0.000000 -0.000000 0 0
0.000000 -0.000000 -0.000000 0 0
0.000000 -0.000000 -0.000000 0 0
0.000000 -0.000000 -0.000000 0 0
0.000000 -0.000000 -0.000000 0 0
0.000000 -0.000000 -0.000000 0 0
0.000000 -0.000000 -0.000000 0 0
-0.190000 -2.041000 0.158000 0 0
0.000000 -0.000000 -0.000000 0 0
0.000000 -0.000000 -0.000000 0 0
-0.175000 -2.066000 0.151000 0 4
-0.220000 -1.886000 0.143000 1 0
0.000000 -0.000000 -0.000000 0 0
0.000000 -0.000000 -0.000000 0 0
-0.210000 -1.939000 0.141000 1 0
-0.250000 -1.783000 0.133000 1 0
0.000000 -0.000000 -0.000000 0 0
-0.199000 -1.987000 0.143000 1 4
-0.241000 -1.829000 0.132000 1 0
-0.274000 -1.670000 0.123000 2 0
-0.185000 -2.026000 0.145000 0 0
-0.230000 -1.865000 0.135000 1 0
-0.269000 -1.725000 0.124000 1 0
-0.296000 -1.576000 0.114000 2 0
4.503000 -9.492000 0.506000 2 0
4.179000 -9.527000 0.690000 22 0
3.889000 -9.635000 0.868000 35 0
3.577000 -9.682000 1.052000 39 0
4.264000 -9.550000 0.514000 32 0
3.949000 -9.600000 0.691000 52 0
3.646000 -9.685000 0.860000 65 0
3.341000 -9.747000 1.039000 66 0
4.021000 -9.592000 0.521000 66 0
3.710000 -9.656000 0.692000 92 0
3.405000 -9.731000 0.852000 95 0
3.098000 -9.791000 1.023000 89 0
3.783000 -9.638000 0.529000 101 0
3.477000 -9.717000 0.693000 106 0
3.167000 -9.785000 0.845000 108 0
2.864000 -9.857000 1.010000 101 0
3.548000 -9.697000 0.537000 104 0
3.238000 -9.762000 0.693000 101 0
2.936000 -9.850000 0.840000 106 0
2.627000 -9.913000 0.996000 109 0
3.314000 -9.745000 0.546000 106 0
3.006000 -9.818000 0.695000 105 0
2.699000 -9.902000 0.833000 104 0
2.392000 -9.968000 0.983000 103 0
3.081000 -9.802000 0.555000 102 0
2.776000 -9.879000 0.697000 104 0
2.464000 -9.947000 0.827000 103 0
2.155000 -10.025000 0.970000 104 0
2.851000 -9.859000 0.564000 102 0
2.541000 -9.932000 0.699000 104 0
2.233000 -10.013000 0.823000 106 0
1.920000 -10.075000 0.957000 102 0
2.618000 -9.913000 0.574000 104 0
2.309000 -9.988000 0.701000 101 0
1.996000 -10.065000 0.817000 101 0
1.684000 -10.122000 0.944000 98 0
2.389000 -9.970000 0.584000 104 0
2.073000 -10.035000 0.704000 98 0
1.761000 -10.110000 0.812000 101 0
1.448000 -10.196000 0.934000 68 0
2.159000 -10.023000 0.595000 98 0
1.841000 -10.087000 0.707000 100 0
1.527000 -10.166000 0.808000 93 0
1.187000 -10.040000 0.904000 24 0
1.922000 -10.063000 0.605000 97 0
1.610000 -10.149000 0.711000 97 0
1.276000 -10.108000 0.795000 41 0
0.000000 -0.000000 -0.000000 0 0
1.693000 -10.129000 0.617000 97 0
1.373000 -10.197000 0.714000 65 0
0.000000 -0.000000 -0.000000 0 0
0.000000 -0.000000 -0.000000 0 0
1.460000 -10.178000 0.628000 89 0
1.119000 -10.078000 0.706000 5 0
0.000000 -0.000000 -0.000000 0 0
0.000000 -0.000000 -0.000000 0 0
1.200000 -10.025000 0.627000 26 0
0.000000 -0.000000 -0.000000 0 0
0.000000 -0.000000 -0.000000 0 0
0.000000 -0.000000 -0.000000 0 0
0.000000 -0.000000 -0.000000 0 0
0.000000 -0.000000 -0.000000 0 0
0.000000 -0.000000 -0.000000 0 0
0.000000 -0.000000 -0.000000 0 0
0.000000 -0.000000 -0.000000 0 0
0.000000 -0.000000 -0.000000 0 0
0.000000 -0.000000 -0.000000 0 0
0.000000 -0.000000 -0.000000 0 0
0.000000 -0.000000 -0.000000 0 0
0.000000 -0.000000 -0.000000 0 0
0.000000 -0.000000 -0.000000 0 0
0.000000 -0.000000 -0.000000 0 0
0.000000 -0.000000 -0.000000 0 0
0.000000 -0.000000 -0.000000 0 0
0.000000 -0.000000 -0.000000 0 0
0.000000 -0.000000 -0.000000 0 0
0.000000 -0.000000 -0.000000 0 0
0.000000 -0.000000 -0.000000 0 0
0.000000 -0.000000 -0.000000 0 0
-0.190000 -2.041000 0.158000 0 0
0.000000 -0.000000 -0.000000 0 0
0.000000 -0.000000 -0.000000 0 0
-0.175000 -2.066000 0.151000 0 4
-0.220000 -1.886000 0.143000 1 0
0.000000 -0.000000 -0.000000 0 0
0.000000 -0.000000 -0.000000 0 0
-0.210000 -1.939000 0.141000 1 0
-0.250000 -1.783000 0.133000 1 0
0.000000 -0.000000 -0.000000 0 0
-0.199000 -1.987000 0.143000 1 4
-0.241000 -1.829000 0.132000 1 0
-0.274000 -1.670000 0.123000 2 0
-0.185000 -2.026000 0.145000 0 0
-0.230000 -1.865000 0.135000 1 0
-0.269000 -1.725000 0.124000 1 0
-0.296000 -1.576000 0.114000 2 0
-0.218000 -1.894000 0.137000 1 0
-0.258000 -1.749000 0.127000 1 0
-0.291000 -1.619000 0.116000 2 0
-0.318000 -1.496000 0.107000 2 0
-0.249000 -1.793000 0.132000 1 0
-0.284000 -1.656000 0.121000 2 0
-0.310000 -1.519000 0.108000 2 0
-0.493000 -2.084000 0.147000 62 0
-0.273000 -1.675000 0.126000 2 0
-0.305000 -1.561000 0.115000 2 0
-0.486000 -2.127000 0.151000 53 0
-0.519000 -1.985000 0.138000 63 0
-0.298000 -1.591000 0.121000 2 0
-0.473000 -2.148000 0.159000 56 0
-0.510000 -2.017000 0.143000 57 0
-0.541000 -1.888000 0.129000 68 0
-0.316000 -1.491000 0.116000 2 0
-0.503000 -2.057000 0.154000 53 0
-0.533000 -1.917000 0.135000 59 0
-0.562000 -1.804000 0.121000 67 0
-0.493000 -2.084000 0.165000 63 0
-0.526000 -1.949000 0.147000 62 0
-0.553000 -1.825000 0.128000 70 0
-0.581000 -1.723000 0.114000 64 0
-0.517000 -1.978000 0.160000 58 0
-0.548000 -1.856000 0.141000 68 0
-0.574000 -1.746000 0.122000 69 0
-0.597000 -1.645000 0.107000 68 0
-0.540000 -1.882000 0.155000 61 0
-0.568000 -1.772000 0.136000 64 0
-0.591000 -1.668000 0.117000 70 0
-0.613000 -1.574000 0.101000 78 0
-0.562000 -1.798000 0.151000 62 0
-0.589000 -1.699000 0.132000 68 0
-0.608000 -1.595000 0.112000 71 0
-0.628000 -1.510000 0.096000 72 0
-0.581000 -1.715000 0.147000 66 0
-0.605000 -1.620000 0.127000 68 0
-0.624000 -1.529000 0.107000 72 0
0.000000 -0.000000 -0.000000 0 0
-0.598000 -1.637000 0.143000 71 0
-0.622000 -1.553000 0.123000 72 0
0.000000 -0.000000 -0.000000 0 0
0.000000 -0.000000 -0.000000 0 0
-0.615000 -1.567000 0.139000 70 0
-0.637000 -1.488000 0.119000 72 0
0.000000 -0.000000 -0.000000 0 0
0.000000 -0.000000 -0.000000 0 0
-0.629000 -1.497000 0.136000 63 0
0.000000 -0.000000 -0.000000 0 0
0.000000 -0.000000 -0.000000 0 0
0.000000 -0.000000 -0.000000 0 0
0.000000 -0.000000 -0.000000 0 0
0.000000 -0.000000 -0.000000 0 0
0.000000 -0.000000 -0.000000 0 0
0.000000 -0.000000 -0.000000 0 0
0.000000 -0.000000 -0.000000 0 0
0.000000 -0.000000 -0.000000 0 0
0.000000 -0.000000 -0.000000 0 0
0.000000 -0.000000 -0.000000 0 0
0.000000 -0.000000 -0.000000 0 0
0.000000 -0.000000 -0.000000 0 0
0.000000 -0.000000 -0.000000 0 0
0.000000 -0.000000 -0.000000 0 0
0.000000 -0.000000 -0.000000 0 0
0.000000 -0.000000 -0.000000 0 0
0.000000 -0.000000 -0.000000 0 0
0.000000 -0.000000 -0.000000 0 0
0.000000 -0.000000 -0.000000 0 0
0.000000 -0.000000 -0.000000 0 0
0.000000 -0.000000 -0.000000 0 0
0.000000 -0.000000 -0.000000 0 0
0.000000 -0.000000 -0.000000 0 0
0.000000 -0.000000 -0.000000 0 0
0.000000 -0.000000 -0.000000 0 0
0.000000 -0.000000 -0.000000 0 0
0.000000 -0.000000 -0.000000 0 0
0.000000 -0.000000 -0.000000 0 0
0.000000 -0.000000 -0.000000 0 0
0.000000 -0.000000 -0.000000 0 0
0.000000 -0.000000 -0.000000 0 0
0.000000 -0.000000 -0.000000 0 0
0.000000 -0.000000 -0.000000 0 0
0.000000 -0.000000 -0.000000 0 0
0.000000 -0.000000 -0.000000 0 0
0.000000 -0.000000 -0.000000 0 0
0.000000 -0.000000 -0.000000 0 0
0.000000 -0.000000 -0.000000 0 0
0.000000 -0.000000 -0.000000 0 0
0.000000 -0.000000 -0.000000 0 0
0.000000 -0.000000 -0.000000 0 0
0.000000 -0.000000 -0.000000 0 0
0.000000 -0.000000 -0.000000 0 0
0.000000 -0.000000 -0.000000 0 0
0.000000 -0.000000 -0.000000 0 0
0.000000 -0.000000 -0.000000 0 0
-0.218000 -1.894000 0.137000 1 0
-0.258000 -1.749000 0.127000 1 0
-0.291000 -1.619000 0.116000 2 0
-0.318000 -1.496000 0.107000 2 0
-0.249000 -1.793000 0.132000 1 0
-0.284000 -1.656000 0.121000 2 0
-0.310000 -1.519000 0.108000 2 0
-0.493000 -2.084000 0.147000 62 0
-0.273000 -1.675000 0.126000 2 0
-0.305000 -1.561000 0.115000 2 0
-0.486000 -2.127000 0.151000 53 0
-0.519000 -1.985000 0.138000 63 0
-0.298000 -1.591000 0.121000 2 0
-0.473000 -2.148000 0.159000 56 0
-0.510000 -2.017000 0.143000 57 0
-0.541000 -1.888000 0.129000 68 0
-0.316000 -1.491000 0.116000 2 0
-0.503000 -2.057000 0.154000 53 0
-0.533000 -1.917000 0.135000 59 0
-0.562000 -1.804000 0.121000 67 0
-0.493000 -2.084000 0.165000 63 0
-0.526000 -1.949000 0.147000 62 0
-0.553000 -1.825000 0.128000 70 0
-0.581000 -1.723000 0.114000 64 0
-0.517000 -1.978000 0.160000 58 0
-0.548000 -1.856000 0.141000 68 0
-0.574000 -1.746000 0.122000 69 0
-0.597000 -1.645000 0.107000 68 0
-0.540000 -1.882000 0.155000 61 0
-0.568000 -1.772000 0.136000 64 0
-0.591000 -1.668000 0.117000 70 0
-0.613000 -1.574000 0.101000 78 0
-0.562000 -1.798000 0.151000 62 0
-0.589000 -1.699000 0.132000 68 0
-0.608000 -1.595000 0.112000 71 0
-0.628000 -1.510000 0.096000 72 0
-0.581000 -1.715000 0.147000 66 0
-0.605000 -1.620000 0.127000 68 0
-0.624000 -1.529000 0.107000 72 0
0.000000 -0.000000 -0.000000 0 0
-0.598000 -1.637000 0.143000 71 0
-0.622000 -1.553000 0.123000 72 0
0.000000 -0.000000 -0.000000 0 0
0.000000 -0.000000 -0.000000 0 0
-0.615000 -1.567000 0.139000 70 0
-0.637000 -1.488000 0.119000 72 0
0.000000 -0.000000 -0.000000 0 0
0.000000 -0.000000 -0.000000 0 0
-0.629000 -1.497000 0.136000 63 0
0.000000 -0.000000 -0.000000 0 0
0.000000 -0.000000 -0.000000 0 0
0.000000 -0.000000 -0.000000 0 0
0.000000 -0.000000 -0.000000 0 0
0.000000 -0.000000 -0.000000 0 0
0.000000 -0.000000 -0.000000 0 0
0.000000 -0.000000 -0.000000 0 0
0.000000 -0.000000 -0.000000 0 0
0.000000 -0.000000 -0.000000 0 0
0.000000 -0.000000 -0.000000 0 0
0.000000 -0.000000 -0.000000 0 0
0.000000 -0.000000 -0.000000 0 0
0.000000 -0.000000 -0.000000 0 0
0.000000 -0.000000 -0.000000 0 0
0.000000 -0.000000 -0.000000 0 0
0.000000 -0.000000 -0.000000 0 0
0.000000 -0.000000 -0.000000 0 0
0.000000 -0.000000 -0.000000 0 0
0.000000 -0.000000 -0.000000 0 0
0.000000 -0.000000 -0.000000 0 0
0.000000 -0.000000 -0.000000 0 0
0.000000 -0.000000 -0.000000 0 0
0.000000 -0.000000 -0.000000 0 0
0.000000 -0.000000 -0.000000 0 0
0.000000 -0.000000 -0.000000 0 0
0.000000 -0.000000 -0.000000 0 0
0.000000 -0.000000 -0.000000 0 0
0.000000 -0.000000 -0.000000 0 0
0.000000 -0.000000 -0.000000 0 0
0.000000 -0.000000 -0.000000 0 0
0.000000 -0.000000 -0.000000 0 0
0.000000 -0.000000 -0.000000 0 0
0.000000 -0.000000 -0.000000 0 0
0.000000 -0.000000 -0.000000 0 0
0.000000 -0.000000 -0.000000 0 0
0.000000 -0.000000 -0.000000 0 0
0.000000 -0.000000 -0.000000 0 0
0.000000 -0.000000 -0.000000 0 0
0.000000 -0.000000 -0.000000 0 0
0.000000 -0.000000 -0.000000 0 0
0.000000 -0.000000 -0.000000 0 0
0.000000 -0.000000 -0.000000 0 0
0.000000 -0.000000 -0.000000 0 0
0.000000 -0.000000 -0.000000 0 0
0.000000 -0.000000 -0.000000 0 0
0.000000 -0.000000 -0.000000 0 0
0.000000 -0.000000 -0.000000 0 0
0.000000 -0.000000 -0.000000 0 0
0.000000 -0.000000 -0.000000 0 0
0.000000 -0.000000 -0.000000 0 0
0.000000 -0.000000 -0.000000 0 0
0.000000 -0.000000 -0.000000 0 0
0.000000 -0.000000 -0.000000 0 0
0.000000 -0.000000 -0.000000 0 0
0.000000 -0.000000 -0.000000 0 0
0.000000 -0.000000 -0.000000 0 0
0.000000 -0.000000 -0.000000 0 0
0.000000 -0.000000 -0.000000 0 0
0.000000 -0.000000 -0.000000 0 0
0.000000 -0.000000 -0.000000 0 0
0.000000 -0.000000 -0.000000 0 0
0.000000 -0.000000 -0.000000 0 0
0.000000 -0.000000 -0.000000 0 0
0.000000 -0.000000 -0.000000 0 0
0.000000 -0.000000 -0.000000 0 0
0.000000 -0.000000 -0.000000 0 0
0.000000 -0.000000 -0.000000 0 0
0.000000 -0.000000 -0.000000 0 0
0.000000 -0.000000 -0.000000 0 0
0.000000 -0.000000 -0.000000 0 0
0.000000 -0.000000 -0.000000 0 0
0.000000 -0.000000 -0.000000 0 0
0.000000 -0.000000 -0.000000 0 0
0.000000 -0.000000 -0.000000 0 0
0.000000 -0.000000 -0.000000 0 0
0.000000 -0.000000 -0.000000 0 0
0.000000 -0.000000 -0.000000 0 0
0.000000 -0.000000 -0.000000 0 0
0.000000 -0.000000 -0.000000 0 0
0.000000 -0.000000 -0.000000 0 0
0.000000 -0.000000 -0.000000 0 0
0.000000 -0.000000 -0.000000 0 0
0.000000 -0.000000 -0.000000 0 0
0.000000 -0.000000 -0.000000 0 0
0.000000 -0.000000 -0.000000 0 0
0.000000 -0.000000 -0.000000 0 0
0.000000 -0.000000 -0.000000 0 0
0.000000 -0.000000 -0.000000 0 0
0.000000 -0.000000 -0.000000 0 0
0.000000 -0.000000 -0.000000 0 0
0.000000 -0.000000 -0.000000 0 0
0.000000 -0.000000 -0.000000 0 0
0.000000 -0.000000 -0.000000 0 0
0.000000 -0.000000 -0.000000 0 0
0.000000 -0.000000 -0.000000 0 0
0.000000 -0.000000 -0.000000 0 0
0.000000 -0.000000 -0.000000 0 0
0.000000 -0.000000 -0.000000 0 0
0.000000 -0.000000 -0.000000 0 0
0.000000 -0.000000 -0.000000 0 0
0.000000 -0.000000 -0.000000 0 0
0.000000 -0.000000 -0.000000 0 0
0.000000 -0.000000 -0.000000 0 0
0.000000 -0.000000 -0.000000 0 0
0.000000 -0.000000 -0.000000 0 0
0.000000 -0.000000 -0.000000 0 0
0.000000 -0.000000 -0.000000 0 0
0.000000 -0.000000 -0.000000 0 0
0.000000 -0.000000 -0.000000 0 0
0.000000 -0.000000 -0.000000 0 0
0.000000 -0.000000 -0.000000 0 0
0.000000 -0.000000 -0.000000 0 0
0.000000 -0.000000 -0.000000 0 0
0.000000 -0.000000 -0.000000 0 0
0.000000 -0.000000 -0.000000 0 0
0.000000 -0.000000 -0.000000 0 0
0.000000 -0.000000 -0.000000 0 0
0.000000 -0.000000 -0.000000 0 0
0.000000 -0.000000 -0.000000 0 0
0.000000 -0.000000 -0.000000 0 0
0.000000 -0.000000 -0.000000 0 0
0.000000 -0.000000 -0.000000 0 0
0.000000 -0.000000 -0.000000 0 0
0.000000 -0.000000 -0.000000 0 0
0.000000 -0.000000 -0.000000 0 0
0.000000 -0.000000 -0.000000 0 0
0.000000 -0.000000 -0.000000 0 0
0.000000 -0.000000 -0.000000 0 0
0.000000 -0.000000 -0.000000 0 0
0.000000 -0.000000 -0.000000 0 0
0.000000 -0.000000 -0.000000 0 0
0.000000 -0.000000 -0.000000 0 0
0.000000 -0.000000 -0.000000 0 0
0.000000 -0.000000 -0.000000 0 0
0.000000 -0.000000 -0.000000 0 0
0.000000 -0.000000 -0.000000 0 0
0.000000 -0.000000 -0.000000 0 0
0.000000 -0.000000 -0.000000 0 0
0.000000 -0.000000 -0.000000 0 0
0.000000 -0.000000 -0.000000 0 0
0.000000 -0.000000 -0.000000 0 0
0.000000 -0.000000 -0.000000 0 0
0.000000 -0.000000 -0.000000 0 0
0.000000 -0.000000 -0.000000 0 0
0.000000 -0.000000 -0.000000 0 0
0.000000 -0.000000 -0.000000 0 0
0.000000 -0.000000 -0.000000 0 0
0.000000 -0.000000 -0.000000 0 0
0.000000 -0.000000 -0.000000 0 0
0.000000 -0.000000 -0.000000 0 0
0.000000 -0.000000 -0.000000 0 0
0.000000 -0.000000 -0.000000 0 0
0.000000 -0.000000 -0.000000 0 0
0.000000 -0.000000 -0.000000 0 0
0.000000 -0.000000 -0.000000 0 0
0.000000 -0.000000 -0.000000 0 0
0.000000 -0.000000 -0.000000 0 0
0.000000 -0.000000 -0.000000 0 0
0.000000 -0.000000 -0.000000 0 0
0.000000 -0.000000 -0.000000 0 0
0.000000 -0.000000 -0.000000 0 0
0.000000 -0.000000 -0.000000 0 0
0.000000 -0.000000 -0.000000 0 0
0.000000 -0.000000 -0.000000 0 0
0.000000 -0.000000 -0.000000 0 0
0.000000 -0.000000 -0.000000 0 0
0.000000 -0.000000 -0.000000 0 0
0.000000 -0.000000 -0.000000 0 0
0.000000 -0.000000 -0.000000 0 0
0.000000 -0.000000 -0.000000 0 0
0.000000 -0.000000 -0.000000 0 0
0.000000 -0.000000 -0.000000 0 0
0.000000 -0.000000 -0.000000 0 0
0.000000 -0.000000 -0.000000 0 0
0.000000 -0.000000 -0.000000 0 0
0.000000 -0.000000 -0.000000 0 0
0.000000 -0.000000 -0.000000 0 0
0.000000 -0.000000 -0.000000 0 0
0.000000 -0.000000 -0.000000 0 0
0.000000 -0.000000 -0.000000 0 0
0.000000 -0.000000 -0.000000 0 0
0.000000 -0.000000 -0.000000 0 0
0.000000 -0.000000 -0.000000 0 0
0.000000 -0.000000 -0.000000 0 0
0.000000 -0.000000 -0.000000 0 0
0.000000 -0.000000 -0.000000 0 0
0.000000 -0.000000 -0.000000 0 0
0.000000 -0.000000 -0.000000 0 0
0.000000 -0.000000 -0.000000 0 0
0.000000 -0.000000 -0.000000 0 0
0.000000 -0.000000 -0.000000 0 0
0.000000 -0.000000 -0.000000 0 0
0.000000 -0.000000 -0.000000 0 0
0.000000 -0.000000 -0.000000 0 0
0.000000 -0.000000 -0.000000 0 0
0.000000 -0.000000 -0.000000 0 0
0.000000 -0.000000 -0.000000 0 0
0.000000 -0.000000 -0.000000 0 0
0.000000 -0.000000 -0.000000 0 0
0.000000 -0.000000 -0.000000 0 0
0.000000 -0.000000 -0.000000 0 0
0.000000 -0.000000 -0.000000 0 0
0.000000 -0.000000 -0.000000 0 0
0.000000 -0.000000 -0.000000 0 0
0.000000 -0.000000 -0.000000 0 0
0.000000 -0.000000 -0.000000 0 0
0.000000 -0.000000 -0.000000 0 0
0.000000 -0.000000 -0.000000 0 0
0.000000 -0.000000 -0.000000 0 0
0.000000 -0.000000 -0.000000 0 0
0.000000 -0.000000 -0.000000 0 0
0.000000 -0.000000 -0.000000 0 0
0.000000 -0.000000 -0.000000 0 0
0.000000 -0.000000 -0.000000 0 0
0.000000 -0.000000 -0.000000 0 0
0.000000 -0.000000 -0.000000 0 0
0.000000 -0.000000 -0.000000 0 0
0.000000 -0.000000 -0.000000 0 0
0.000000 -0.000000 -0.000000 0 0
0.000000 -0.000000 -0.000000 0 0
0.000000 -0.000000 -0.000000 0 0
0.000000 -0.000000 -0.000000 0 0
0.000000 -0.000000 -0.000000 0 0
0.000000 -0.000000 -0.000000 0 0
0.000000 -0.000000 -0.000000 0 0
0.000000 -0.000000 -0.000000 0 0
0.000000 -0.000000 -0.000000 0 0
0.000000 -0.000000 -0.000000 0 0
0.000000 -0.000000 -0.000000 0 0
0.000000 -0.000000 -0.000000 0 0
0.000000 -0.000000 -0.000000 0 0
0.000000 -0.000000 -0.000000 0 0
0.000000 -0.000000 -0.000000 0 0
0.000000 -0.000000 -0.000000 0 0
0.000000 -0.000000 -0.000000 0 0
0.000000 -0.000000 -0.000000 0 0
0.000000 -0.000000 -0.000000 0 0
0.000000 -0.000000 -0.000000 0 0
0.000000 -0.000000 -0.000000 0 0
0.000000 -0.000000 -0.000000 0 0
0.000000 -0.000000 -0.000000 0 0
0.000000 -0.000000 -0.000000 0 0
0.000000 -0.000000 -0.000000 0 0
0.000000 -0.000000 -0.000000 0 0
0.000000 -0.000000 -0.000000 0 0
0.000000 -0.000000 -0.000000 0 0
0.000000 -0.000000 -0.000000 0 0
0.000000 -0.000000 -0.000000 0 0
0.000000 -0.000000 -0.000000 0 0
0.000000 -0.000000 -0.000000 0 0
0.000000 -0.000000 -0.000000 0 0
0.000000 -0.000000 -0.000000 0 0
0.000000 -0.000000 -0.000000 0 0
0.000000 -0.000000 -0.000000 0 0
0.000000 -0.000000 -0.000000 0 0
0.000000 -0.000000 -0.000000 0 0
0.000000 -0.000000 -0.000000 0 0
0.000000 -0.000000 -0.000000 0 0
0.000000 -0.000000 -0.000000 0 0
0.000000 -0.000000 -0.000000 0 0
0.000000 -0.000000 -0.000000 0 0
0.000000 -0.000000 -0.000000 0 0
0.000000 -0.000000 -0.000000 0 0
0.000000 -0.000000 -0.000000 0 0
0.000000 -0.000000 -0.000000 0 0
0.000000 -0.000000 -0.000000 0 0
0.000000 -0.000000 -0.000000 0 0
0.000000 -0.000000 -0.000000 0 0
0.000000 -0.000000 -0.000000 0 0
0.000000 -0.000000 -0.000000 0 0
0.000000 -0.000000 -0.000000 0 0
0.000000 -0.000000 -0.000000 0 0
0.000000 -0.000000 -0.000000 0 0
0.000000 -0.000000 -0.000000 0 0
0.000000 -0.000000 -0.000000 0 0
0.000000 -0.000000 -0.000000 0 0
-0.967000 -0.081000 0.070000 11 0
-0.947000 -0.072000 0.036000 11 0
-0.968000 -0.065000 0.005000 16 0
-0.971000 -0.066000 0.105000 17 0
-0.968000 -0.058000 0.070000 11 0
-0.955000 -0.050000 0.036000 10 0
-0.969000 -0.043000 0.004000 16 0
-0.977000 -0.042000 0.106000 17 0
-0.973000 -0.035000 0.070000 11 0
-0.965000 -0.029000 0.036000 11 0
-0.972000 -0.022000 0.003000 18 0
-0.984000 -0.019000 0.106000 17 0
-0.977000 -0.012000 0.070000 11 0
-0.975000 -0.007000 0.036000 11 0
-0.981000 -0.000000 0.003000 17 0
-0.990000 0.004000 0.107000 17 0
-0.978000 0.010000 0.070000 11 0
-0.979000 0.015000 0.035000 11 0
-0.991000 0.021000 0.002000 18 0
-0.992000 0.028000 0.107000 17 0
-0.981000 0.033000 0.070000 11 0
-0.984000 0.037000 0.035000 11 0
-0.995000 0.044000 0.002000 18 0
-0.997000 0.052000 0.108000 17 0
-0.990000 0.057000 0.070000 11 0
-0.986000 0.060000 0.035000 11 0
-0.997000 0.066000 0.002000 18 0
-1.013000 0.077000 0.109000 19 0
-1.014000 0.082000 0.072000 14 0
-1.004000 0.085000 0.035000 13 0
-0.996000 0.088000 0.001000 18 0
-1.013000 0.102000 0.109000 19 0
-1.017000 0.106000 0.072000 14 0
-1.021000 0.110000 0.036000 14 0
-0.996000 0.111000 0.001000 18 0
-1.020000 0.128000 0.110000 20 0
-1.028000 0.132000 0.073000 14 0
-1.024000 0.134000 0.036000 15 0
-1.016000 0.136000 -0.000000 19 0
-1.026000 0.154000 0.111000 20 0
-1.030000 0.157000 0.073000 14 0
-1.026000 0.158000 0.036000 15 0
-1.026000 0.161000 -0.000000 19 0
-1.014000 0.177000 0.110000 10 0
-1.037000 0.183000 0.073000 7 0
-1.017000 0.181000 0.035000 5 0
-1.014000 0.182000 -0.000000 5 0
-1.010000 0.202000 0.110000 1 0
-1.021000 0.205000 0.072000 2 0
0.000000 -0.000000 -0.000000 0 0
-1.006000 0.204000 -0.000000 1 0
-1.017000 0.229000 0.111000 1 0
-1.027000 0.232000 0.073000 2 0
-1.018000 0.229000 0.035000 2 0
-1.009000 0.228000 -0.000000 1 0
-1.109000 0.278000 0.121000 1 0
-1.122000 0.281000 0.079000 2 2
-1.112000 0.278000 0.038000 2 0
-1.106000 0.276000 -0.000000 2 2
0.000000 -0.000000 -0.000000 0 0
0.000000 -0.000000 -0.000000 0 0
0.000000 -0.000000 -0.000000 0 0
0.000000 -0.000000 -0.000000 0 0
0.000000 -0.000000 -0.000000 0 0
0.000000 -0.000000 -0.000000 0 0
0.000000 -0.000000 -0.000000 0 0
0.000000 -0.000000 -0.000000 0 0
0.000000 -0.000000 -0.000000 0 0
0.000000 -0.000000 -0.000000 0 0
0.000000 -0.000000 -0.000000 0 0
0.000000 -0.000000 -0.000000 0 0
0.000000 -0.000000 -0.000000 0 0
0.000000 -0.000000 -0.000000 0 0
0.000000 -0.000000 -0.000000 0 0
0.000000 -0.000000 -0.000000 0 0
0.000000 -0.000000 -0.000000 0 0
0.000000 -0.000000 -0.000000 0 0
0.000000 -0.000000 -0.000000 0 0
0.000000 -0.000000 -0.000000 0 0
0.000000 -0.000000 -0.000000 0 0
0.000000 -0.000000 -0.000000 0 0
0.000000 -0.000000 -0.000000 0 0
0.000000 -0.000000 -0.000000 0 0
0.000000 -0.000000 -0.000000 0 0
0.000000 -0.000000 -0.000000 0 0
0.000000 -0.000000 -0.000000 0 0
0.000000 -0.000000 -0.000000 0 0
0.000000 -0.000000 -0.000000 0 0
0.000000 -0.000000 -0.000000 0 0
0.000000 -0.000000 -0.000000 0 0
0.000000 -0.000000 -0.000000 0 0
0.000000 -0.000000 -0.000000 0 0
0.000000 -0.000000 -0.000000 0 0
0.000000 -0.000000 -0.000000 0 0
0.000000 -0.000000 -0.000000 0 0
0.000000 -0.000000 -0.000000 0 0
-0.967000 -0.081000 0.070000 11 0
-0.947000 -0.072000 0.036000 11 0
-0.968000 -0.065000 0.005000 16 0
-0.971000 -0.066000 0.105000 17 0
-0.968000 -0.058000 0.070000 11 0
-0.955000 -0.050000 0.036000 10 0
-0.969000 -0.043000 0.004000 16 0
-0.977000 -0.042000 0.106000 17 0
-0.973000 -0.035000 0.070000 11 0
-0.965000 -0.029000 0.036000 11 0
-0.972000 -0.022000 0.003000 18 0
-0.984000 -0.019000 0.106000 17 0
-0.977000 -0.012000 0.070000 11 0
-0.975000 -0.007000 0.036000 11 0
-0.981000 -0.000000 0.003000 17 0
-0.990000 0.004000 0.107000 17 0
-0.978000 0.010000 0.070000 11 0
-0.979000 0.015000 0.035000 11 0
-0.991000 0.021000 0.002000 18 0
-0.992000 0.028000 0.107000 17 0
-0.981000 0.033000 0.070000 11 0
-0.984000 0.037000 0.035000 11 0
-0.995000 0.044000 0.002000 18 0
-0.997000 0.052000 0.108000 17 0
-0.990000 0.057000 0.070000 11 0
-0.986000 0.060000 0.035000 11 0
-0.997000 0.066000 0.002000 18 0
-1.013000 0.077000 0.109000 19 0
-1.014000 0.082000 0.072000 14 0
-1.004000 0.085000 0.035000 13 0
-0.996000 0.088000 0.001000 18 0
-1.013000 0.102000 0.109000 19 0
-1.017000 0.106000 0.072000 14 0
-1.021000 0.110000 0.036000 14 0
-0.996000 0.111000 0.001000 18 0
-1.020000 0.128000 0.110000 20 0
-1.028000 0.132000 0.073000 14 0
-1.024000 0.134000 0.036000 15 0
-1.016000 0.136000 -0.000000 19 0
-1.026000 0.154000 0.111000 20 0
-1.030000 0.157000 0.073000 14 0
-1.026000 0.158000 0.036000 15 0
-1.026000 0.161000 -0.000000 19 0
-1.014000 0.177000 0.110000 10 0
-1.037000 0.183000 0.073000 7 0
-1.017000 0.181000 0.035000 5 0
-1.014000 0.182000 -0.000000 5 0
-1.010000 0.202000 0.110000 1 0
-1.021000 0.205000 0.072000 2 0
0.000000 -0.000000 -0.000000 0 0
-1.006000 0.204000 -0.000000 1 0
-1.017000 0.229000 0.111000 1 0
-1.027000 0.232000 0.073000 2 0
-1.018000 0.229000 0.035000 2 0
-1.009000 0.228000 -0.000000 1 0
-1.109000 0.278000 0.121000 1 0
-1.122000 0.281000 0.079000 2 2
-1.112000 0.278000 0.038000 2 0
-1.106000 0.276000 -0.000000 2 2
-1.112000 0.307000 0.122000 1 0
-1.124000 0.310000 0.080000 2 0
-1.118000 0.307000 0.038000 2 0
-1.110000 0.304000 -0.000000 1 0
-1.133000 0.343000 0.125000 9 0
-1.130000 0.340000 0.080000 2 0
-1.124000 0.336000 0.038000 1 0
-1.118000 0.333000 -0.001000 1 0
-1.139000 0.375000 0.126000 10 0
-1.130000 0.369000 0.080000 7 0
-1.124000 0.364000 0.038000 1 0
-1.117000 0.360000 -0.001000 1 0
-1.151000 0.410000 0.128000 9 0
-1.147000 0.405000 0.082000 7 0
-1.137000 0.398000 0.039000 1 0
-1.126000 0.391000 -0.001000 1 0
-1.159000 0.445000 0.129000 14 0
-1.154000 0.438000 0.083000 13 0
-1.137000 0.427000 0.039000 1 0
-1.130000 0.421000 -0.001000 1 0
-1.141000 0.469000 0.128000 3 0
-1.167000 0.475000 0.084000 9 0
-1.152000 0.463000 0.040000 1 0
-1.142000 0.455000 -0.001000 1 0
-1.152000 0.507000 0.130000 0 0
-1.167000 0.507000 0.084000 1 0
-1.161000 0.498000 0.040000 1 0
-1.137000 0.483000 -0.001000 0 0
-1.162000 0.545000 0.132000 0 0
-1.169000 0.541000 0.085000 1 0
-1.167000 0.533000 0.040000 1 0
-1.163000 0.524000 -0.001000 1 0
-1.159000 0.578000 0.132000 0 0
-1.173000 0.577000 0.086000 1 0
-1.172000 0.567000 0.041000 1 0
-1.147000 0.549000 -0.001000 0 0
0.000000 -0.000000 -0.000000 0 0
-1.174000 0.612000 0.086000 1 0
-1.181000 0.606000 0.041000 1 0
0.000000 -0.000000 -0.000000 0 0
-1.194000 0.669000 0.138000 1 0
-1.197000 0.660000 0.089000 1 0
-1.188000 0.644000 0.042000 0 0
-1.176000 0.629000 -0.001000 0 0
-1.196000 0.708000 0.139000 6 0
0.000000 -0.000000 -0.000000 0 0
-1.190000 0.681000 0.042000 0 0
0.000000 -0.000000 -0.000000 0 0
-1.220000 0.763000 0.143000 9 0
-1.220000 0.749000 0.092000 9 0
0.000000 -0.000000 -0.000000 0 0
-1.190000 0.706000 -0.001000 0 0
-1.251000 0.824000 0.148000 10 0
-1.233000 0.798000 0.094000 8 0
-1.217000 0.773000 0.044000 0 0
0.000000 -0.000000 -0.000000 0 0
-1.231000 0.854000 0.147000 0 0
-1.236000 0.842000 0.095000 3 0
0.000000 -0.000000 -0.000000 0 0
-1.207000 0.792000 -0.001000 0 0
-1.255000 0.916000 0.152000 9 0
-1.247000 0.892000 0.096000 9 0
-1.237000 0.867000 0.046000 0 0
-1.237000 0.851000 -0.000000 10 0
-1.254000 0.962000 0.153000 0 0
-1.267000 0.953000 0.099000 0 0
-1.252000 0.922000 0.047000 10 0
-1.234000 0.891000 -0.000000 0 0
-1.218000 0.982000 0.150000 11 0
-1.231000 0.972000 0.097000 11 0
-1.259000 0.972000 0.048000 1 0
-1.260000 0.954000 -0.000000 10 0
-1.193000 1.010000 0.149000 0 0
-1.205000 0.998000 0.096000 1 0
-1.211000 0.981000 0.047000 14 0
-1.220000 0.968000 -0.000000 0 0
-1.235000 1.097000 0.156000 65 1
-1.222000 1.061000 0.099000 32 0
-1.191000 1.010000 0.047000 0 0
-1.191000 0.989000 -0.000000 18 0
-1.256000 1.170000 0.161000 15 0
-1.248000 1.136000 0.103000 11 0
-1.226000 1.090000 0.050000 71 1
-1.221000 1.061000 0.001000 3 0
-1.272000 1.244000 0.165000 61 0
-1.256000 1.198000 0.105000 69 0
-1.254000 1.166000 0.052000 13 0
-1.234000 1.122000 0.002000 70 0
-1.290000 1.323000 0.170000 59 0
-1.274000 1.274000 0.108000 58 0
-1.262000 1.229000 0.053000 68 0
-1.265000 1.203000 0.002000 15 0
-1.315000 1.415000 0.176000 60 0
-1.300000 1.361000 0.112000 64 0
-1.283000 1.308000 0.055000 63 0
-1.270000 1.263000 0.003000 62 0
-1.112000 0.307000 0.122000 1 0
-1.124000 0.310000 0.080000 2 0
-1.118000 0.307000 0.038000 2 0
-1.110000 0.304000 -0.000000 1 0
-1.133000 0.343000 0.125000 9 0
-1.130000 0.340000 0.080000 2 0
-1.124000 0.336000 0.038000 1 0
-1.118000 0.333000 -0.001000 1 0
-1.139000 0.375000 0.126000 10 0
-1.130000 0.369000 0.080000 7 0
-1.124000 0.364000 0.038000 1 0
-1.117000 0.360000 -0.001000 1 0
-1.151000 0.410000 0.128000 9 0
-1.147000 0.405000 0.082000 7 0
-1.137000 0.398000 0.039000 1 0
-1.126000 0.391000 -0.001000 1 0
-1.159000 0.445000 0.129000 14 0
-1.154000 0.438000 0.083000 13 0
-1.137000 0.427000 0.039000 1 0
-1.130000 0.421000 -0.001000 1 0
-1.141000 0.469000 0.128000 3 0
-1.167000 0.475000 0.084000 9 0
-1.152000 0.463000 0.040000 1 0
-1.142000 0.455000 -0.001000 1 0
-1.152000 0.507000 0.130000 0 0
-1.167000 0.507000 0.084000 1 0
-1.161000 0.498000 0.040000 1 0
-1.137000 0.483000 -0.001000 0 0
-1.162000 0.545000 0.132000 0 0
-1.169000 0.541000 0.085000 1 0
-1.167000 0.533000 0.040000 1 0
-1.163000 0.524000 -0.001000 1 0
-1.159000 0.578000 0.132000 0 0
-1.173000 0.577000 0.086000 1 0
-1.172000 0.567000 0.041000 1 0
-1.147000 0.549000 -0.001000 0 0
0.000000 -0.000000 -0.000000 0 0
-1.174000 0.612000 0.086000 1 0
-1.181000 0.606000 0.041000 1 0
0.000000 -0.000000 -0.000000 0 0
-1.194000 0.669000 0.138000 1 0
-1.197000 0.660000 0.089000 1 0
-1.188000 0.644000 0.042000 0 0
-1.176000 0.629000 -0.001000 0 0
-1.196000 0.708000 0.139000 6 0
0.000000 -0.000000 -0.000000 0 0
-1.190000 0.681000 0.042000 0 0
0.000000 -0.000000 -0.000000 0 0
-1.220000 0.763000 0.143000 9 0
-1.220000 0.749000 0.092000 9 0
0.000000 -0.000000 -0.000000 0 0
-1.190000 0.706000 -0.001000 0 0
-1.251000 0.824000 0.148000 10 0
-1.233000 0.798000 0.094000 8 0
-1.217000 0.773000 0.044000 0 0
0.000000 -0.000000 -0.000000 0 0
-1.231000 0.854000 0.147000 0 0
-1.236000 0.842000 0.095000 3 0
0.000000 -0.000000 -0.000000 0 0
-1.207000 0.792000 -0.001000 0 0
-1.255000 0.916000 0.152000 9 0
-1.247000 0.892000 0.096000 9 0
-1.237000 0.867000 0.046000 0 0
-1.237000 0.851000 -0.000000 10 0
-1.254000 0.962000 0.153000 0 0
-1.267000 0.953000 0.099000 0 0
-1.252000 0.922000 0.047000 10 0
-1.234000 0.891000 -0.000000 0 0
-1.218000 0.982000 0.150000 11 0
-1.231000 0.972000 0.097000 11 0
-1.259000 0.972000 0.048000 1 0
-1.260000 0.954000 -0.000000 10 0
-1.193000 1.010000 0.149000 0 0
-1.205000 0.998000 0.096000 1 0
-1.211000 0.981000 0.047000 14 0
-1.220000 0.968000 -0.000000 0 0
-1.235000 1.097000 0.156000 65 1
-1.222000 1.061000 0.099000 32 0
-1.191000 1.010000 0.047000 0 0
-1.191000 0.989000 -0.000000 18 0
-1.256000 1.170000 0.161000 15 0
-1.248000 1.136000 0.103000 11 0
-1.226000 1.090000 0.050000 71 1
-1.221000 1.061000 0.001000 3 0
-1.272000 1.244000 0.165000 61 0
-1.256000 1.198000 0.105000 69 0
-1.254000 1.166000 0.052000 13 0
-1.234000 1.122000 0.002000 70 0
-1.290000 1.323000 0.170000 59 0
-1.274000 1.274000 0.108000 58 0
-1.262000 1.229000 0.053000 68 0
-1.265000 1.203000 0.002000 15 0
-1.315000 1.415000 0.176000 60 0
-1.300000 1.361000 0.112000 64 0
-1.283000 1.308000 0.055000 63 0
-1.270000 1.263000 0.003000 62 0
-1.339000 1.511000 0.182000 58 0
-1.321000 1.450000 0.116000 64 0
-1.301000 1.389000 0.058000 61 0
-1.293000 1.346000 0.004000 57 0
-1.362000 1.613000 0.188000 39 0
-1.344000 1.547000 0.120000 55 0
-1.329000 1.486000 0.060000 53 0
-1.313000 1.429000 0.005000 63 0
-5.128000 6.376000 0.724000 112 0
-5.264000 6.353000 0.481000 106 0
-1.353000 1.584000 0.063000 53 0
-1.336000 1.522000 0.006000 60 0
-4.928000 6.434000 0.710000 123 0
-5.050000 6.392000 0.472000 116 0
-5.188000 6.368000 0.251000 118 0
-1.356000 1.617000 0.008000 36 0
-4.724000 6.482000 0.694000 123 0
-4.848000 6.439000 0.463000 123 0
-4.981000 6.408000 0.249000 125 0
-5.116000 6.389000 0.036000 110 0
-4.521000 6.523000 0.679000 120 0
-4.660000 6.502000 0.456000 123 0
-4.787000 6.459000 0.247000 122 0
-4.920000 6.435000 0.040000 120 0
-4.327000 6.573000 0.665000 129 0
-4.463000 6.543000 0.448000 129 0
-4.592000 6.505000 0.245000 122 0
-4.721000 6.472000 0.045000 129 0
-4.128000 6.605000 0.651000 131 0
-4.272000 6.588000 0.440000 123 0
-4.409000 6.558000 0.244000 122 0
-4.535000 6.525000 0.049000 126 0
-3.939000 6.646000 0.638000 127 0
-4.085000 6.634000 0.433000 136 0
-4.223000 6.604000 0.242000 121 0
-4.345000 6.562000 0.053000 129 0
-3.758000 6.700000 0.626000 130 0
-3.897000 6.672000 0.426000 119 0
-4.031000 6.637000 0.241000 119 0
-4.167000 6.613000 0.058000 131 0
-3.571000 6.734000 0.613000 130 0
-3.711000 6.711000 0.419000 134 0
-3.851000 6.680000 0.240000 117 0
-3.985000 6.656000 0.063000 133 0
-3.393000 6.779000 0.601000 126 0
-3.531000 6.750000 0.412000 131 0
-3.670000 6.722000 0.239000 117 0
-3.804000 6.692000 0.067000 132 0
-3.215000 6.825000 0.590000 126 0
-3.354000 6.790000 0.406000 127 0
-3.489000 6.754000 0.239000 117 0
-3.630000 6.740000 0.072000 132 0
-3.040000 6.866000 0.579000 123 0
-3.180000 6.837000 0.401000 125 0
-3.320000 6.806000 0.239000 115 0
-3.455000 6.778000 0.078000 132 0
-2.862000 6.904000 0.568000 122 0
-3.008000 6.882000 0.396000 127 0
-3.145000 6.844000 0.238000 124 0
-3.284000 6.820000 0.083000 130 0
-2.693000 6.952000 0.558000 115 0
-2.835000 6.918000 0.390000 123 0
-2.972000 6.879000 0.238000 112 0
-3.113000 6.862000 0.088000 135 0
-2.521000 6.990000 0.548000 113 0
-2.664000 6.962000 0.385000 122 0
-2.805000 6.925000 0.239000 113 0
-2.942000 6.897000 0.093000 131 0
-2.348000 7.027000 0.537000 104 0
-2.495000 7.000000 0.380000 117 0
-2.633000 6.958000 0.239000 111 0
-2.774000 6.936000 0.099000 128 0
-2.179000 7.069000 0.528000 104 0
-2.325000 7.041000 0.376000 119 0
-2.466000 6.999000 0.240000 110 0
-2.606000 6.974000 0.105000 132 0
-2.010000 7.108000 0.518000 103 0
-2.154000 7.071000 0.371000 106 0
-2.299000 7.044000 0.241000 108 0
-2.439000 7.010000 0.111000 126 0
-1.842000 7.151000 0.509000 96 0
-1.988000 7.115000 0.367000 107 0
-2.134000 7.087000 0.242000 107 0
-2.271000 7.047000 0.117000 124 0
-1.673000 7.187000 0.500000 105 0
-1.822000 7.160000 0.364000 109 0
-1.969000 7.124000 0.243000 106 0
-2.107000 7.087000 0.123000 119 0
-1.506000 7.229000 0.491000 105 0
-1.654000 7.194000 0.360000 106 0
-1.802000 7.164000 0.245000 107 0
-1.946000 7.134000 0.130000 122 0
-1.335000 7.262000 0.482000 118 0
-1.489000 7.237000 0.356000 116 0
-1.637000 7.205000 0.246000 108 0
-1.777000 7.162000 0.136000 115 0
-1.339000 1.511000 0.182000 58 0
-1.321000 1.450000 0.116000 64 0
-1.301000 1.389000 0.058000 61 0
-1.293000 1.346000 0.004000 57 0
-1.362000 1.613000 0.188000 39 0
-1.344000 1.547000 0.120000 55 0
-1.329000 1.486000 0.060000 53 0
-1.313000 1.429000 0.005000 63 0
-5.128000 6.376000 0.724000 112 0
-5.264000 6.353000 0.481000 106 0
-1.353000 1.584000 0.063000 53 0
-1.336000 1.522000 0.006000 60 0
-4.928000 6.434000 0.710000 123 0
-5.050000 6.392000 0.472000 116 0
-5.188000 6.368000 0.251000 118 0
-1.356000 1.617000 0.008000 36 0
-4.724000 6.482000 0.694000 123 0
-4.848000 6.439000 0.463000 123 0
-4.981000 6.408000 0.249000 125 0
-5.116000 6.389000 0.036000 110 0
-4.521000 6.523000 0.679000 120 0
-4.660000 6.502000 0.456000 123 0
-4.787000 6.459000 0.247000 122 0
-4.920000 6.435000 0.040000 120 0
-4.327000 6.573000 0.665000 129 0
-4.463000 6.543000 0.448000 129 0
-4.592000 6.505000 0.245000 122 0
-4.721000 6.472000 0.045000 129 0
-4.128000 6.605000 0.651000 131 0
-4.272000 6.588000 0.440000 123 0
-4.409000 6.558000 0.244000 122 0
-4.535000 6.525000 0.049000 126 0
-3.939000 6.646000 0.638000 127 0
-4.085000 6.634000 0.433000 136 0
-4.223000 6.604000 0.242000 121 0
-4.345000 6.562000 0.053000 129 0
-3.758000 6.700000 0.626000 130 0
-3.897000 6.672000 0.426000 119 0
-4.031000 6.637000 0.241000 119 0
-4.167000 6.613000 0.058000 131 0
-3.571000 6.734000 0.613000 130 0
-3.711000 6.711000 0.419000 134 0
-3.851000 6.680000 0.240000 117 0
-3.985000 6.656000 0.063000 133 0
-3.393000 6.779000 0.601000 126 0
-3.531000 6.750000 0.412000 131 0
-3.670000 6.722000 0.239000 117 0
-3.804000 6.692000 0.067000 132 0
-3.215000 6.825000 0.590000 126 0
-3.354000 6.790000 0.406000 127 0
-3.489000 6.754000 0.239000 117 0
-3.630000 6.740000 0.072000 132 0
-3.040000 6.866000 0.579000 123 0
-3.180000 6.837000 0.401000 125 0
-3.320000 6.806000 0.239000 115 0
-3.455000 6.778000 0.078000 132 0
-2.862000 6.904000 0.568000 122 0
-3.008000 6.882000 0.396000 127 0
-3.145000 6.844000 0.238000 124 0
-3.284000 6.820000 0.083000 130 0
-2.693000 6.952000 0.558000 115 0
-2.835000 6.918000 0.390000 123 0
-2.972000 6.879000 0.238000 112 0
-3.113000 6.862000 0.088000 135 0
-2.521000 6.990000 0.548000 113 0
-2.664000 6.962000 0.385000 122 0
-2.805000 6.925000 0.239000 113 0
-2.942000 6.897000 0.093000 131 0
-2.348000 7.027000 0.537000 104 0
-2.495000 7.000000 0.380000 117 0
-2.633000 6.958000 0.239000 111 0
-2.774000 6.936000 0.099000 128 0
-2.179000 7.069000 0.528000 104 0
-2.325000 7.041000 0.376000 119 0
-2.466000 6.999000 0.240000 110 0
-2.606000 6.974000 0.105000 132 0
-2.010000 7.108000 0.518000 103 0
-2.154000 7.071000 0.371000 106 0
-2.299000 7.044000 0.241000 108 0
-2.439000 7.010000 0.111000 126 0
-1.842000 7.151000 0.509000 96 0
-1.988000 7.115000 0.367000 107 0
-2.134000 7.087000 0.242000 107 0
-2.271000 7.047000 0.117000 124 0
-1.673000 7.187000 0.500000 105 0
-1.822000 7.160000 0.364000 109 0
-1.969000 7.124000 0.243000 106 0
-2.107000 7.087000 0.123000 119 0
-1.506000 7.229000 0.491000 105 0
-1.654000 7.194000 0.360000 106 0
-1.802000 7.164000 0.245000 107 0
-1.946000 7.134000 0.130000 122 0
-1.335000 7.262000 0.482000 118 0
-1.489000 7.237000 0.356000 116 0
-1.637000 7.205000 0.246000 108 0
-1.777000 7.162000 0.136000 115 0
-1.167000 7.300000 0.474000 126 0
-1.320000 7.273000 0.353000 122 0
-1.470000 7.238000 0.248000 109 0
-1.613000 7.202000 0.143000 117 0
-0.997000 7.340000 0.466000 123 0
-1.153000 7.312000 0.350000 128 0
-1.304000 7.281000 0.250000 107 0
-1.447000 7.241000 0.149000 118 0
-0.829000 7.383000 0.458000 58 0
-0.984000 7.353000 0.347000 128 0
-1.137000 7.316000 0.252000 110 0
-1.283000 7.282000 0.157000 120 0
0.000000 -0.000000 -0.000000 0 0
-0.816000 7.393000 0.344000 56 0
-0.967000 7.346000 0.254000 109 0
-1.119000 7.327000 0.164000 126 0
0.000000 -0.000000 -0.000000 0 192
0.000000 -0.000000 -0.000000 0 0
-0.801000 7.397000 0.257000 55 0
-0.949000 7.357000 0.171000 138 0
0.000000 -0.000000 -0.000000 0 128
0.000000 -0.000000 -0.000000 0 192
0.000000 -0.000000 -0.000000 0 0
-0.783000 7.397000 0.179000 60 0
0.000000 -0.000000 -0.000000 0 192
0.000000 -0.000000 -0.000000 0 128
0.000000 -0.000000 -0.000000 0 192
0.000000 -0.000000 -0.000000 0 0
0.000000 -0.000000 -0.000000 0 128
0.000000 -0.000000 -0.000000 0 192
0.000000 -0.000000 -0.000000 0 128
0.000000 -0.000000 -0.000000 0 192
0.000000 -0.000000 -0.000000 0 192
0.000000 -0.000000 -0.000000 0 128
0.000000 -0.000000 -0.000000 0 192
0.000000 -0.000000 -0.000000 0 128
0.000000 -0.000000 -0.000000 0 128
0.000000 -0.000000 -0.000000 0 192
0.000000 -0.000000 -0.000000 0 128
0.000000 -0.000000 -0.000000 0 192
0.000000 -0.000000 -0.000000 0 128
0.000000 -0.000000 -0.000000 0 128
0.000000 -0.000000 -0.000000 0 192
0.000000 -0.000000 -0.000000 0 128
0.167000 1.714000 0.086000 17 0
0.000000 -0.000000 -0.000000 0 128
0.000000 -0.000000 -0.000000 0 128
0.000000 -0.000000 -0.000000 0 192
0.193000 1.598000 0.078000 21 0
0.168000 1.705000 0.071000 16 0
0.000000 -0.000000 -0.000000 0 128
0.000000 -0.000000 -0.000000 0 128
0.223000 1.548000 0.074000 16 0
0.194000 1.589000 0.066000 21 0
0.170000 1.692000 0.063000 13 0
0.000000 -0.000000 -0.000000 0 128
0.262000 1.560000 0.073000 13 0
0.226000 1.557000 0.064000 11 0
0.196000 1.579000 0.059000 23 0
0.173000 1.682000 0.056000 11 0
0.301000 1.572000 0.072000 15 0
0.265000 1.565000 0.064000 11 0
0.227000 1.543000 0.058000 12 0
0.198000 1.564000 0.054000 26 0
0.340000 1.578000 0.070000 14 0
0.302000 1.565000 0.063000 11 0
0.267000 1.561000 0.060000 11 0
0.233000 1.555000 0.055000 14 0
0.381000 1.590000 0.069000 13 0
0.343000 1.579000 0.063000 11 0
0.306000 1.570000 0.061000 11 0
0.272000 1.565000 0.058000 14 0
0.419000 1.584000 0.067000 49 0
0.383000 1.585000 0.063000 59 0
0.346000 1.575000 0.062000 12 0
0.311000 1.571000 0.060000 13 0
0.465000 1.607000 0.067000 13 0
0.425000 1.598000 0.063000 11 0
0.387000 1.585000 0.063000 11 0
0.353000 1.585000 0.062000 13 0
0.505000 1.610000 0.065000 63 0
0.467000 1.605000 0.063000 58 0
0.429000 1.593000 0.064000 12 0
0.393000 1.590000 0.065000 57 0
0.551000 1.621000 0.064000 58 0
0.509000 1.611000 0.063000 58 0
0.470000 1.600000 0.066000 55 0
0.435000 1.600000 0.067000 14 0
0.596000 1.632000 0.063000 60 0
0.555000 1.626000 0.063000 52 0
0.517000 1.620000 0.067000 12 0
0.478000 1.605000 0.070000 51 0
0.644000 1.646000 0.062000 15 0
0.598000 1.627000 0.063000 51 0
0.561000 1.626000 0.069000 56 0
0.524000 1.620000 0.073000 57 0
-1.167000 7.300000 0.474000 126 0
-1.320000 7.273000 0.353000 122 0
-1.470000 7.238000 0.248000 109 0
-1.613000 7.202000 0.143000 117 0
-0.997000 7.340000 0.466000 123 0
-1.153000 7.312000 0.350000 128 0
-1.304000 7.281000 0.250000 107 0
-1.447000 7.241000 0.149000 118 0
-0.829000 7.383000 0.458000 58 0
-0.984000 7.353000 0.347000 128 0
-1.137000 7.316000 0.252000 110 0
-1.283000 7.282000 0.157000 120 0
0.000000 -0.000000 -0.000000 0 0
-0.816000 7.393000 0.344000 56 0
-0.967000 7.346000 0.254000 109 0
-1.119000 7.327000 0.164000 126 0
0.000000 -0.000000 -0.000000 0 192
0.000000 -0.000000 -0.000000 0 0
-0.801000 7.397000 0.257000 55 0
-0.949000 7.357000 0.171000 138 0
0.000000 -0.000000 -0.000000 0 128
0.000000 -0.000000 -0.000000 0 192
0.000000 -0.000000 -0.000000 0 0
-0.783000 7.397000 0.179000 60 0
0.000000 -0.000000 -0.000000 0 192
0.000000 -0.000000 -0.000000 0 128
0.000000 -0.000000 -0.000000 0 192
0.000000 -0.000000 -0.000000 0 0
0.000000 -0.000000 -0.000000 0 128
0.000000 -0.000000 -0.000000 0 192
0.000000 -0.000000 -0.000000 0 128
0.000000 -0.000000 -0.000000 0 192
0.000000 -0.000000 -0.000000 0 192
0.000000 -0.000000 -0.000000 0 128
0.000000 -0.000000 -0.000000 0 192
0.000000 -0.000000 -0.000000 0 128
0.000000 -0.000000 -0.000000 0 128
0.000000 -0.000000 -0.000000 0 192
0.000000 -0.000000 -0.000000 0 128
0.000000 -0.000000 -0.000000 0 192
0.000000 -0.000000 -0.000000 0 128
0.000000 -0.000000 -0.000000 0 128
0.000000 -0.000000 -0.000000 0 192
0.000000 -0.000000 -0.000000 0 128
0.167000 1.714000 0.086000 17 0
0.000000 -0.000000 -0.000000 0 128
0.000000 -0.000000 -0.000000 0 128
0.000000 -0.000000 -0.000000 0 192
0.193000 1.598000 0.078000 21 0
0.168000 1.705000 0.071000 16 0
0.000000 -0.000000 -0.000000 0 128
0.000000 -0.000000 -0.000000 0 128
0.223000 1.548000 0.074000 16 0
0.194000 1.589000 0.066000 21 0
0.170000 1.692000 0.063000 13 0
0.000000 -0.000000 -0.000000 0 128
0.262000 1.560000 0.073000 13 0
0.226000 1.557000 0.064000 11 0
0.196000 1.579000 0.059000 23 0
0.173000 1.682000 0.056000 11 0
0.301000 1.572000 0.072000 15 0
0.265000 1.565000 0.064000 11 0
0.227000 1.543000 0.058000 12 0
0.198000 1.564000 0.054000 26 0
0.340000 1.578000 0.070000 14 0
0.302000 1.565000 0.063000 11 0
0.267000 1.561000 0.060000 11 0
0.233000 1.555000 0.055000 14 0
0.381000 1.590000 0.069000 13 0
0.343000 1.579000 0.063000 11 0
0.306000 1.570000 0.061000 11 0
0.272000 1.565000 0.058000 14 0
0.419000 1.584000 0.067000 49 0
0.383000 1.585000 0.063000 59 0
0.346000 1.575000 0.062000 12 0
0.311000 1.571000 0.060000 13 0
0.465000 1.607000 0.067000 13 0
0.425000 1.598000 0.063000 11 0
0.387000 1.585000 0.063000 11 0
0.353000 1.585000 0.062000 13 0
0.505000 1.610000 0.065000 63 0
0.467000 1.605000 0.063000 58 0
0.429000 1.593000 0.064000 12 0
0.393000 1.590000 0.065000 57 0
0.551000 1.621000 0.064000 58 0
0.509000 1.611000 0.063000 58 0
0.470000 1.600000 0.066000 55 0
0.435000 1.600000 0.067000 14 0
0.596000 1.632000 0.063000 60 0
0.555000 1.626000 0.063000 52 0
0.517000 1.620000 0.067000 12 0
0.478000 1.605000 0.070000 51 0
0.644000 1.646000 0.062000 15 0
0.598000 1.627000 0.063000 51 0
0.561000 1.626000 0.069000 56 0
0.524000 1.620000 0.073000 57 0
0.693000 1.656000 0.060000 10 0
0.648000 1.646000 0.064000 17 0
0.606000 1.631000 0.070000 47 0
0.567000 1.622000 0.075000 60 0
0.742000 1.667000 0.059000 2 0
0.698000 1.658000 0.064000 9 0
0.655000 1.646000 0.072000 24 0
0.615000 1.637000 0.079000 38 0
0.000000 -0.000000 -0.000000 0 0
0.749000 1.670000 0.064000 1 0
0.704000 1.655000 0.074000 6 0
0.664000 1.648000 0.082000 15 0
0.000000 -0.000000 -0.000000 0 128
0.000000 -0.000000 -0.000000 0 0
0.000000 -0.000000 -0.000000 0 0
0.710000 1.649000 0.085000 2 0
0.000000 -0.000000 -0.000000 0 128
0.000000 -0.000000 -0.000000 0 128
0.000000 -0.000000 -0.000000 0 0
0.000000 -0.000000 -0.000000 0 0
0.000000 -0.000000 -0.000000 0 128
0.000000 -0.000000 -0.000000 0 128
0.000000 -0.000000 -0.000000 0 0
0.000000 -0.000000 -0.000000 0 128
0.000000 -0.000000 -0.000000 0 128
0.000000 -0.000000 -0.000000 0 128
0.000000 -0.000000 -0.000000 0 0
0.000000 -0.000000 -0.000000 0 128
0.000000 -0.000000 -0.000000 0 128
0.000000 -0.000000 -0.000000 0 128
0.000000 -0.000000 -0.000000 0 0
0.000000 -0.000000 -0.000000 0 128
0.000000 -0.000000 -0.000000 0 128
0.000000 -0.000000 -0.000000 0 128
0.000000 -0.000000 -0.000000 0 0
0.000000 -0.000000 -0.000000 0 128
0.000000 -0.000000 -0.000000 0 128
0.000000 -0.000000 -0.000000 0 128
0.000000 -0.000000 -0.000000 0 0
0.000000 -0.000000 -0.000000 0 128
0.000000 -0.000000 -0.000000 0 128
0.000000 -0.000000 -0.000000 0 128
0.000000 -0.000000 -0.000000 0 0
0.000000 -0.000000 -0.000000 0 128
0.000000 -0.000000 -0.000000 0 128
0.000000 -0.000000 -0.000000 0 128
0.000000 -0.000000 -0.000000 0 0
0.000000 -0.000000 -0.000000 0 128
0.000000 -0.000000 -0.000000 0 128
0.000000 -0.000000 -0.000000 0 128
0.000000 -0.000000 -0.000000 0 0
0.000000 -0.000000 -0.000000 0 128
0.000000 -0.000000 -0.000000 0 128
0.000000 -0.000000 -0.000000 0 128
0.000000 -0.000000 -0.000000 0 0
0.000000 -0.000000 -0.000000 0 128
0.000000 -0.000000 -0.000000 0 128
0.000000 -0.000000 -0.000000 0 128
0.000000 -0.000000 -0.000000 0 0
0.000000 -0.000000 -0.000000 0 128
0.000000 -0.000000 -0.000000 0 128
0.000000 -0.000000 -0.000000 0 128
0.000000 -0.000000 -0.000000 0 0
0.000000 -0.000000 -0.000000 0 192
0.000000 -0.000000 -0.000000 0 128
0.000000 -0.000000 -0.000000 0 128
0.000000 -0.000000 -0.000000 0 0
0.000000 -0.000000 -0.000000 0 192
0.000000 -0.000000 -0.000000 0 128
0.000000 -0.000000 -0.000000 0 128
0.000000 -0.000000 -0.000000 0 0
0.000000 -0.000000 -0.000000 0 192
0.000000 -0.000000 -0.000000 0 128
0.000000 -0.000000 -0.000000 0 128
0.000000 -0.000000 -0.000000 0 0
0.000000 -0.000000 -0.000000 0 192
0.000000 -0.000000 -0.000000 0 128
0.000000 -0.000000 -0.000000 0 128
0.000000 -0.000000 -0.000000 0 0
0.000000 -0.000000 -0.000000 0 128
0.000000 -0.000000 -0.000000 0 128
0.000000 -0.000000 -0.000000 0 128
0.000000 -0.000000 -0.000000 0 128
0.000000 -0.000000 -0.000000 0 128
0.000000 -0.000000 -0.000000 0 0
0.000000 -0.000000 -0.000000 0 128
0.000000 -0.000000 -0.000000 0 128
0.000000 -0.000000 -0.000000 0 128
0.000000 -0.000000 -0.000000 0 0
0.000000 -0.000000 -0.000000 0 128
0.000000 -0.000000 -0.000000 0 0
0.000000 -0.000000 -0.000000 0 128
0.000000 -0.000000 -0.000000 0 0
0.000000 -0.000000 -0.000000 0 128
0.000000 -0.000000 -0.000000 0 0
0.000000 -0.000000 -0.000000 0 0
0.693000 1.656000 0.060000 10 0
0.648000 1.646000 0.064000 17 0
0.606000 1.631000 0.070000 47 0
0.567000 1.622000 0.075000 60 0
0.742000 1.667000 0.059000 2 0
0.698000 1.658000 0.064000 9 0
0.655000 1.646000 0.072000 24 0
0.615000 1.637000 0.079000 38 0
0.000000 -0.000000 -0.000000 0 0
0.749000 1.670000 0.064000 1 0
0.704000 1.655000 0.074000 6 0
0.664000 1.648000 0.082000 15 0
0.000000 -0.000000 -0.000000 0 128
0.000000 -0.000000 -0.000000 0 0
0.000000 -0.000000 -0.000000 0 0
0.710000 1.649000 0.085000 2 0
0.000000 -0.000000 -0.000000 0 128
0.000000 -0.000000 -0.000000 0 128
0.000000 -0.000000 -0.000000 0 0
0.000000 -0.000000 -0.000000 0 0
0.000000 -0.000000 -0.000000 0 128
0.000000 -0.000000 -0.000000 0 128
0.000000 -0.000000 -0.000000 0 0
0.000000 -0.000000 -0.000000 0 128
0.000000 -0.000000 -0.000000 0 128
0.000000 -0.000000 -0.000000 0 128
0.000000 -0.000000 -0.000000 0 0
0.000000 -0.000000 -0.000000 0 128
0.000000 -0.000000 -0.000000 0 128
0.000000 -0.000000 -0.000000 0 128
0.000000 -0.000000 -0.000000 0 0
0.000000 -0.000000 -0.000000 0 128
0.000000 -0.000000 -0.000000 0 128
0.000000 -0.000000 -0.000000 0 128
0.000000 -0.000000 -0.000000 0 0
0.000000 -0.000000 -0.000000 0 128
0.000000 -0.000000 -0.000000 0 128
0.000000 -0.000000 -0.000000 0 128
0.000000 -0.000000 -0.000000 0 0
0.000000 -0.000000 -0.000000 0 128
0.000000 -0.000000 -0.000000 0 128
0.000000 -0.000000 -0.000000 0 128
0.000000 -0.000000 -0.000000 0 0
0.000000 -0.000000 -0.000000 0 128
0.000000 -0.000000 -0.000000 0 128
0.000000 -0.000000 -0.000000 0 128
0.000000 -0.000000 -0.000000 0 0
0.000000 -0.000000 -0.000000 0 128
0.000000 -0.000000 -0.000000 0 128
0.000000 -0.000000 -0.000000 0 128
0.000000 -0.000000 -0.000000 0 0
0.000000 -0.000000 -0.000000 0 128
0.000000 -0.000000 -0.000000 0 128
0.000000 -0.000000 -0.000000 0 128
0.000000 -0.000000 -0.000000 0 0
0.000000 -0.000000 -0.000000 0 128
0.000000 -0.000000 -0.000000 0 128
0.000000 -0.000000 -0.000000 0 128
0.000000 -0.000000 -0.000000 0 0
0.000000 -0.000000 -0.000000 0 128
0.000000 -0.000000 -0.000000 0 128
0.000000 -0.000000 -0.000000 0 128
0.000000 -0.000000 -0.000000 0 0
0.000000 -0.000000 -0.000000 0 192
0.000000 -0.000000 -0.000000 0 128
0.000000 -0.000000 -0.000000 0 128
0.000000 -0.000000 -0.000000 0 0
0.000000 -0.000000 -0.000000 0 192
0.000000 -0.000000 -0.000000 0 128
0.000000 -0.000000 -0.000000 0 128
0.000000 -0.000000 -0.000000 0 0
0.000000 -0.000000 -0.000000 0 192
0.000000 -0.000000 -0.000000 0 128
0.000000 -0.000000 -0.000000 0 128
0.000000 -0.000000 -0.000000 0 0
0.000000 -0.000000 -0.000000 0 192
0.000000 -0.000000 -0.000000 0 128
0.000000 -0.000000 -0.000000 0 128
0.000000 -0.000000 -0.000000 0 0
0.000000 -0.000000 -0.000000 0 128
0.000000 -0.000000 -0.000000 0 128
0.000000 -0.000000 -0.000000 0 128
0.000000 -0.000000 -0.000000 0 128
0.000000 -0.000000 -0.000000 0 128
0.000000 -0.000000 -0.000000 0 0
0.000000 -0.000000 -0.000000 0 128
0.000000 -0.000000 -0.000000 0 128
0.000000 -0.000000 -0.000000 0 128
0.000000 -0.000000 -0.000000 0 0
0.000000 -0.000000 -0.000000 0 128
0.000000 -0.000000 -0.000000 0 0
0.000000 -0.000000 -0.000000 0 128
0.000000 -0.000000 -0.000000 0 0
0.000000 -0.000000 -0.000000 0 128
0.000000 -0.000000 -0.000000 0 0
0.000000 -0.000000 -0.000000 0 0
0.000000 -0.000000 -0.000000 0 0
0.000000 -0.000000 -0.000000 0 0
0.000000 -0.000000 -0.000000 0 0
0.000000 -0.000000 -0.000000 0 128
0.000000 -0.000000 -0.000000 0 0
0.000000 -0.000000 -0.000000 0 0
0.000000 -0.000000 -0.000000 0 0
0.000000 -0.000000 -0.000000 0 0
0.000000 -0.000000 -0.000000 0 0
0.000000 -0.000000 -0.000000 0 0
0.000000 -0.000000 -0.000000 0 0
0.000000 -0.000000 -0.000000 0 128
0.000000 -0.000000 -0.000000 0 0
0.000000 -0.000000 -0.000000 0 0
0.000000 -0.000000 -0.000000 0 0
0.000000 -0.000000 -0.000000 0 0
0.000000 -0.000000 -0.000000 0 0
0.000000 -0.000000 -0.000000 0 0
0.000000 -0.000000 -0.000000 0 0
0.000000 -0.000000 -0.000000 0 128
0.000000 -0.000000 -0.000000 0 0
0.000000 -0.000000 -0.000000 0 0
0.000000 -0.000000 -0.000000 0 0
0.000000 -0.000000 -0.000000 0 0
0.000000 -0.000000 -0.000000 0 0
0.000000 -0.000000 -0.000000 0 0
0.000000 -0.000000 -0.000000 0 0
0.000000 -0.000000 -0.000000 0 128
0.000000 -0.000000 -0.000000 0 0
0.000000 -0.000000 -0.000000 0 0
0.000000 -0.000000 -0.000000 0 0
0.000000 -0.000000 -0.000000 0 0
0.000000 -0.000000 -0.000000 0 0
0.000000 -0.000000 -0.000000 0 0
0.000000 -0.000000 -0.000000 0 0
0.000000 -0.000000 -0.000000 0 128
0.000000 -0.000000 -0.000000 0 0
0.000000 -0.000000 -0.000000 0 0
0.000000 -0.000000 -0.000000 0 0
0.000000 -0.000000 -0.000000 0 0
0.000000 -0.000000 -0.000000 0 0
0.000000 -0.000000 -0.000000 0 0
0.000000 -0.000000 -0.000000 0 0
0.000000 -0.000000 -0.000000 0 128
0.000000 -0.000000 -0.000000 0 0
0.000000 -0.000000 -0.000000 0 0
0.000000 -0.000000 -0.000000 0 0
0.000000 -0.000000 -0.000000 0 0
0.000000 -0.000000 -0.000000 0 0
0.000000 -0.000000 -0.000000 0 0
0.000000 -0.000000 -0.000000 0 0
0.000000 -0.000000 -0.000000 0 128
0.000000 -0.000000 -0.000000 0 0
0.000000 -0.000000 -0.000000 0 0
0.000000 -0.000000 -0.000000 0 0
0.000000 -0.000000 -0.000000 0 128
0.000000 -0.000000 -0.000000 0 0
0.000000 -0.000000 -0.000000 0 0
0.000000 -0.000000 -0.000000 0 0
0.000000 -0.000000 -0.000000 0 128
0.000000 -0.000000 -0.000000 0 0
0.000000 -0.000000 -0.000000 0 0
0.000000 -0.000000 -0.000000 0 0
0.000000 -0.000000 -0.000000 0 128
0.000000 -0.000000 -0.000000 0 0
0.000000 -0.000000 -0.000000 0 0
0.000000 -0.000000 -0.000000 0 0
0.000000 -0.000000 -0.000000 0 128
0.000000 -0.000000 -0.000000 0 0
0.000000 -0.000000 -0.000000 0 0
0.000000 -0.000000 -0.000000 0 0
0.000000 -0.000000 -0.000000 0 128
0.000000 -0.000000 -0.000000 0 0
0.000000 -0.000000 -0.000000 0 0
0.000000 -0.000000 -0.000000 0 0
0.000000 -0.000000 -0.000000 0 128
0.000000 -0.000000 -0.000000 0 0
0.000000 -0.000000 -0.000000 0 0
0.000000 -0.000000 -0.000000 0 0
0.000000 -0.000000 -0.000000 0 128
0.000000 -0.000000 -0.000000 0 0
0.000000 -0.000000 -0.000000 0 0
0.000000 -0.000000 -0.000000 0 0
0.000000 -0.000000 -0.000000 0 128
0.000000 -0.000000 -0.000000 0 0
0.000000 -0.000000 -0.000000 0 0
0.000000 -0.000000 -0.000000 0 0
0.000000 -0.000000 -0.000000 0 192
0.000000 -0.000000 -0.000000 0 0
0.000000 -0.000000 -0.000000 0 128
0.000000 -0.000000 -0.000000 0 192
0.000000 -0.000000 -0.000000 0 128
0.000000 -0.000000 -0.000000 0 128
0.000000 -0.000000 -0.000000 0 128
0.000000 -0.000000 -0.000000 0 192
0.000000 -0.000000 -0.000000 0 192
0.000000 -0.000000 -0.000000 0 0
0.000000 -0.000000 -0.000000 0 0
0.000000 -0.000000 -0.000000 0 0
0.000000 -0.000000 -0.000000 0 128
0.000000 -0.000000 -0.000000 0 0
0.000000 -0.000000 -0.000000 0 0
0.000000 -0.000000 -0.000000 0 0
0.000000 -0.000000 -0.000000 0 0
0.000000 -0.000000 -0.000000 0 0
0.000000 -0.000000 -0.000000 0 0
0.000000 -0.000000 -0.000000 0 0
0.000000 -0.000000 -0.000000 0 128
0.000000 -0.000000 -0.000000 0 0
0.000000 -0.000000 -0.000000 0 0
0.000000 -0.000000 -0.000000 0 0
0.000000 -0.000000 -0.000000 0 0
0.000000 -0.000000 -0.000000 0 0
0.000000 -0.000000 -0.000000 0 0
0.000000 -0.000000 -0.000000 0 0
0.000000 -0.000000 -0.000000 0 128
0.000000 -0.000000 -0.000000 0 0
0.000000 -0.000000 -0.000000 0 0
0.000000 -0.000000 -0.000000 0 0
0.000000 -0.000000 -0.000000 0 0
0.000000 -0.000000 -0.000000 0 0
0.000000 -0.000000 -0.000000 0 0
0.000000 -0.000000 -0.000000 0 0
0.000000 -0.000000 -0.000000 0 128
0.000000 -0.000000 -0.000000 0 0
0.000000 -0.000000 -0.000000 0 0
0.000000 -0.000000 -0.000000 0 0
0.000000 -0.000000 -0.000000 0 0
0.000000 -0.000000 -0.000000 0 0
0.000000 -0.000000 -0.000000 0 0
0.000000 -0.000000 -0.000000 0 0
0.000000 -0.000000 -0.000000 0 128
0.000000 -0.000000 -0.000000 0 0
0.000000 -0.000000 -0.000000 0 0
0.000000 -0.000000 -0.000000 0 0
0.000000 -0.000000 -0.000000 0 0
0.000000 -0.000000 -0.000000 0 0
0.000000 -0.000000 -0.000000 0 0
0.000000 -0.000000 -0.000000 0 0
0.000000 -0.000000 -0.000000 0 128
0.000000 -0.000000 -0.000000 0 0
0.000000 -0.000000 -0.000000 0 0
0.000000 -0.000000 -0.000000 0 0
0.000000 -0.000000 -0.000000 0 0
0.000000 -0.000000 -0.000000 0 0
0.000000 -0.000000 -0.000000 0 0
0.000000 -0.000000 -0.000000 0 0
0.000000 -0.000000 -0.000000 0 128
0.000000 -0.000000 -0.000000 0 0
0.000000 -0.000000 -0.000000 0 0
0.000000 -0.000000 -0.000000 0 0
0.000000 -0.000000 -0.000000 0 128
0.000000 -0.000000 -0.000000 0 0
0.000000 -0.000000 -0.000000 0 0
0.000000 -0.000000 -0.000000 0 0
0.000000 -0.000000 -0.000000 0 128
0.000000 -0.000000 -0.000000 0 0
0.000000 -0.000000 -0.000000 0 0
0.000000 -0.000000 -0.000000 0 0
0.000000 -0.000000 -0.000000 0 128
0.000000 -0.000000 -0.000000 0 0
0.000000 -0.000000 -0.000000 0 0
0.000000 -0.000000 -0.000000 0 0
0.000000 -0.000000 -0.000000 0 128
0.000000 -0.000000 -0.000000 0 0
0.000000 -0.000000 -0.000000 0 0
0.000000 -0.000000 -0.000000 0 0
0.000000 -0.000000 -0.000000 0 128
0.000000 -0.000000 -0.000000 0 0
0.000000 -0.000000 -0.000000 0 0
0.000000 -0.000000 -0.000000 0 0
0.000000 -0.000000 -0.000000 0 128
0.000000 -0.000000 -0.000000 0 0
0.000000 -0.000000 -0.000000 0 0
0.000000 -0.000000 -0.000000 0 0
0.000000 -0.000000 -0.000000 0 128
0.000000 -0.000000 -0.000000 0 0
0.000000 -0.000000 -0.000000 0 0
0.000000 -0.000000 -0.000000 0 0
0.000000 -0.000000 -0.000000 0 128
0.000000 -0.000000 -0.000000 0 0
0.000000 -0.000000 -0.000000 0 0
0.000000 -0.000000 -0.000000 0 0
0.000000 -0.000000 -0.000000 0 192
0.000000 -0.000000 -0.000000 0 0
0.000000 -0.000000 -0.000000 0 128
0.000000 -0.000000 -0.000000 0 192
0.000000 -0.000000 -0.000000 0 128
0.000000 -0.000000 -0.000000 0 128
0.000000 -0.000000 -0.000000 0 128
0.000000 -0.000000 -0.000000 0 192
0.000000 -0.000000 -0.000000 0 192
0.000000 -0.000000 -0.000000 0 128
0.000000 -0.000000 -0.000000 0 192
0.000000 -0.000000 -0.000000 0 192
0.000000 -0.000000 -0.000000 0 192
0.000000 -0.000000 -0.000000 0 128
0.000000 -0.000000 -0.000000 0 128
0.000000 -0.000000 -0.000000 0 192
0.000000 -0.000000 -0.000000 0 192
0.000000 -0.000000 -0.000000 0 128
0.000000 -0.000000 -0.000000 0 192
0.000000 -0.000000 -0.000000 0 192
0.000000 -0.000000 -0.000000 0 192
0.000000 -0.000000 -0.000000 0 192
0.000000 -0.000000 -0.000000 0 192
0.000000 -0.000000 -0.000000 0 192
0.000000 -0.000000 -0.000000 0 192
0.000000 -0.000000 -0.000000 0 128
0.000000 -0.000000 -0.000000 0 192
0.000000 -0.000000 -0.000000 151 192
0.000000 -0.000000 -0.000000 0 192
0.000000 -0.000000 -0.000000 0 192
0.000000 -0.000000 -0.000000 0 192
0.000000 -0.000000 -0.000000 0 192
0.000000 -0.000000 -0.000000 0 192
0.000000 -0.000000 -0.000000 0 128
0.000000 -0.000000 -0.000000 0 192
0.000000 -0.000000 -0.000000 0 192
0.000000 -0.000000 -0.000000 0 128
0.000000 -0.000000 -0.000000 0 192
0.000000 -0.000000 -0.000000 0 192
0.000000 -0.000000 -0.000000 0 192
0.000000 -0.000000 -0.000000 0 192
0.000000 -0.000000 -0.000000 0 128
0.000000 -0.000000 -0.000000 0 192
0.000000 -0.000000 -0.000000 0 192
0.000000 -0.000000 -0.000000 0 128
0.000000 -0.000000 -0.000000 0 128
0.000000 -0.000000 -0.000000 0 128
0.000000 -0.000000 -0.000000 0 128
0.000000 -0.000000 -0.000000 0 192
0.000000 -0.000000 -0.000000 0 128
0.000000 -0.000000 -0.000000 0 128
0.000000 -0.000000 -0.000000 0 128
0.000000 -0.000000 -0.000000 0 128
0.000000 -0.000000 -0.000000 0 128
0.000000 -0.000000 -0.000000 0 128
0.000000 -0.000000 -0.000000 0 128
0.000000 -0.000000 -0.000000 0 128
0.000000 -0.000000 -0.000000 0 128
0.000000 -0.000000 -0.000000 0 0
0.000000 -0.000000 -0.000000 0 0
0.000000 -0.000000 -0.000000 0 128
0.000000 -0.000000 -0.000000 0 0
0.000000 -0.000000 -0.000000 0 0
0.000000 -0.000000 -0.000000 0 0
0.000000 -0.000000 -0.000000 0 128
0.000000 -0.000000 -0.000000 0 128
0.000000 -0.000000 -0.000000 0 0
0.000000 -0.000000 -0.000000 0 0
0.000000 -0.000000 -0.000000 0 128
0.000000 -0.000000 -0.000000 0 0
0.000000 -0.000000 -0.000000 0 0
0.000000 -0.000000 -0.000000 0 0
0.000000 -0.000000 -0.000000 0 128
0.000000 -0.000000 -0.000000 0 0
0.000000 -0.000000 -0.000000 0 0
0.000000 -0.000000 -0.000000 0 0
0.000000 -0.000000 -0.000000 0 128
0.000000 -0.000000 -0.000000 0 0
0.000000 -0.000000 -0.000000 0 0
0.000000 -0.000000 -0.000000 0 0
0.000000 -0.000000 -0.000000 0 128
0.000000 -0.000000 -0.000000 0 0
0.000000 -0.000000 -0.000000 0 0
0.000000 -0.000000 -0.000000 0 0
0.000000 -0.000000 -0.000000 0 128
0.000000 -0.000000 -0.000000 0 0
0.000000 -0.000000 -0.000000 0 0
0.000000 -0.000000 -0.000000 0 0
0.000000 -0.000000 -0.000000 0 128
0.000000 -0.000000 -0.000000 0 128
0.000000 -0.000000 -0.000000 0 0
0.000000 -0.000000 -0.000000 0 0
0.000000 -0.000000 -0.000000 0 128
0.000000 -0.000000 -0.000000 0 0
0.000000 -0.000000 -0.000000 0 0
0.000000 -0.000000 -0.000000 0 0
0.000000 -0.000000 -0.000000 0 128
0.000000 -0.000000 -0.000000 0 0
0.000000 -0.000000 -0.000000 0 0
0.000000 -0.000000 -0.000000 0 0
0.000000 -0.000000 -0.000000 0 128
0.000000 -0.000000 -0.000000 0 0
0.000000 -0.000000 -0.000000 0 0
0.000000 -0.000000 -0.000000 0 0
0.000000 -0.000000 -0.000000 0 128
0.000000 -0.000000 -0.000000 0 128
0.000000 -0.000000 -0.000000 0 192
0.000000 -0.000000 -0.000000 0 192
0.000000 -0.000000 -0.000000 0 192
0.000000 -0.000000 -0.000000 0 128
0.000000 -0.000000 -0.000000 0 128
0.000000 -0.000000 -0.000000 0 192
0.000000 -0.000000 -0.000000 0 192
0.000000 -0.000000 -0.000000 0 128
0.000000 -0.000000 -0.000000 0 192
0.000000 -0.000000 -0.000000 0 192
0.000000 -0.000000 -0.000000 0 192
0.000000 -0.000000 -0.000000 0 192
0.000000 -0.000000 -0.000000 0 192
0.000000 -0.000000 -0.000000 0 192
0.000000 -0.000000 -0.000000 0 192
0.000000 -0.000000 -0.000000 0 128
0.000000 -0.000000 -0.000000 0 192
0.000000 -0.000000 -0.000000 151 192
0.000000 -0.000000 -0.000000 0 192
0.000000 -0.000000 -0.000000 0 192
0.000000 -0.000000 -0.000000 0 192
0.000000 -0.000000 -0.000000 0 192
0.000000 -0.000000 -0.000000 0 192
0.000000 -0.000000 -0.000000 0 128
0.000000 -0.000000 -0.000000 0 192
0.000000 -0.000000 -0.000000 0 192
0.000000 -0.000000 -0.000000 0 128
0.000000 -0.000000 -0.000000 0 192
0.000000 -0.000000 -0.000000 0 192
0.000000 -0.000000 -0.000000 0 192
0.000000 -0.000000 -0.000000 0 192
0.000000 -0.000000 -0.000000 0 128
0.000000 -0.000000 -0.000000 0 192
0.000000 -0.000000 -0.000000 0 192
0.000000 -0.000000 -0.000000 0 128
0.000000 -0.000000 -0.000000 0 128
0.000000 -0.000000 -0.000000 0 128
0.000000 -0.000000 -0.000000 0 128
0.000000 -0.000000 -0.000000 0 192
0.000000 -0.000000 -0.000000 0 128
0.000000 -0.000000 -0.000000 0 128
0.000000 -0.000000 -0.000000 0 128
0.000000 -0.000000 -0.000000 0 128
0.000000 -0.000000 -0.000000 0 128
0.000000 -0.000000 -0.000000 0 128
0.000000 -0.000000 -0.000000 0 128
0.000000 -0.000000 -0.000000 0 128
0.000000 -0.000000 -0.000000 0 128
0.000000 -0.000000 -0.000000 0 0
0.000000 -0.000000 -0.000000 0 0
0.000000 -0.000000 -0.000000 0 128
0.000000 -0.000000 -0.000000 0 0
0.000000 -0.000000 -0.000000 0 0
0.000000 -0.000000 -0.000000 0 0
0.000000 -0.000000 -0.000000 0 128
0.000000 -0.000000 -0.000000 0 128
0.000000 -0.000000 -0.000000 0 0
0.000000 -0.000000 -0.000000 0 0
0.000000 -0.000000 -0.000000 0 128
0.000000 -0.000000 -0.000000 0 0
0.000000 -0.000000 -0.000000 0 0
0.000000 -0.000000 -0.000000 0 0
0.000000 -0.000000 -0.000000 0 128
0.000000 -0.000000 -0.000000 0 0
0.000000 -0.000000 -0.000000 0 0
0.000000 -0.000000 -0.000000 0 0
0.000000 -0.000000 -0.000000 0 128
0.000000 -0.000000 -0.000000 0 0
0.000000 -0.000000 -0.000000 0 0
0.000000 -0.000000 -0.000000 0 0
0.000000 -0.000000 -0.000000 0 128
0.000000 -0.000000 -0.000000 0 0
0.000000 -0.000000 -0.000000 0 0
0.000000 -0.000000 -0.000000 0 0
0.000000 -0.000000 -0.000000 0 128
0.000000 -0.000000 -0.000000 0 0
0.000000 -0.000000 -0.000000 0 0
0.000000 -0.000000 -0.000000 0 0
0.000000 -0.000000 -0.000000 0 128
0.000000 -0.000000 -0.000000 0 128
0.000000 -0.000000 -0.000000 0 0
0.000000 -0.000000 -0.000000 0 0
0.000000 -0.000000 -0.000000 0 128
0.000000 -0.000000 -0.000000 0 0
0.000000 -0.000000 -0.000000 0 0
0.000000 -0.000000 -0.000000 0 0
0.000000 -0.000000 -0.000000 0 128
0.000000 -0.000000 -0.000000 0 0
0.000000 -0.000000 -0.000000 0 0
0.000000 -0.000000 -0.000000 0 0
0.000000 -0.000000 -0.000000 0 128
0.000000 -0.000000 -0.000000 0 0
0.000000 -0.000000 -0.000000 0 0
0.000000 -0.000000 -0.000000 0 0
0.000000 -0.000000 -0.000000 0 128
