# x y z reflectivity tag
0.000000 -0.000000 -0.000000 0 192
0.000000 -0.000000 -0.000000 0 0
0.000000 -0.000000 -0.000000 0 0
0.000000 -0.000000 -0.000000 0 128
0.000000 -0.000000 -0.000000 0 0
0.000000 -0.000000 -0.000000 0 128
0.000000 -0.000000 -0.000000 0 0
0.000000 -0.000000 -0.000000 0 192
-0.962000 0.124000 -0.940000 9 0
0.000000 -0.000000 -0.000000 0 0
0.000000 -0.000000 -0.000000 0 128
0.000000 -0.000000 -0.000000 0 0
-0.972000 0.148000 -0.954000 13 0
-0.969000 0.153000 -1.045000 5 0
-0.952000 0.154000 -1.134000 20 0
0.000000 -0.000000 -0.000000 0 0
-0.983000 0.174000 -0.969000 13 0
-0.969000 0.176000 -1.049000 9 0
0.000000 -0.000000 -0.000000 8 0
-0.934000 0.175000 -1.245000 29 0
-0.980000 0.197000 -0.971000 8 0
-0.975000 0.199000 -1.061000 3 0
0.000000 -0.000000 -0.000000 3 0
0.000000 -0.000000 -0.000000 2 0
-0.973000 0.219000 -0.970000 1 0
-0.972000 0.222000 -1.063000 0 0
-0.963000 0.221000 -1.163000 5 0
-0.938000 0.217000 -1.262000 18 0
-0.988000 0.247000 -0.991000 6 0
-0.977000 0.246000 -1.075000 5 0
0.000000 -0.000000 -0.000000 0 0
0.000000 -0.000000 -0.000000 0 0
-1.079000 0.297000 -1.090000 1 0
-1.073000 0.296000 -1.189000 0 0
-1.036000 0.285000 -1.265000 14 0
-0.929000 0.255000 -1.262000 18 0
-1.080000 0.324000 -1.100000 6 0
-1.070000 0.321000 -1.194000 6 0
-1.031000 0.307000 -1.266000 13 0
0.000000 -0.000000 -0.000000 0 0
-1.089000 0.355000 -1.119000 0 0
-1.076000 0.350000 -1.210000 6 0
-1.020000 0.328000 -1.262000 12 0
-0.918000 0.293000 -1.261000 16 0
-1.086000 0.382000 -1.126000 6 0
-1.084000 0.379000 -1.229000 7 0
-1.013000 0.350000 -1.262000 13 0
0.000000 -0.000000 -0.000000 0 0
-1.090000 0.412000 -1.141000 6 0
-1.096000 0.412000 -1.255000 10 0
-1.007000 0.373000 -1.264000 14 0
-0.908000 0.332000 -1.264000 15 0
-1.102000 0.446000 -1.166000 7 0
-1.100000 0.442000 -1.271000 11 0
-0.998000 0.394000 -1.264000 14 0
0.000000 -0.000000 -0.000000 0 0
-1.106000 0.478000 -1.183000 6 0
-1.091000 0.466000 -1.273000 12 0
-0.990000 0.416000 -1.264000 14 0
-0.892000 0.368000 -1.258000 15 0
-1.110000 0.511000 -1.202000 6 0
-1.081000 0.491000 -1.275000 12 0
-0.979000 0.437000 -1.262000 13 0
0.000000 -0.000000 -0.000000 0 0
-1.125000 0.550000 -1.233000 7 0
-1.064000 0.512000 -1.269000 13 0
-0.969000 0.457000 -1.262000 12 0
-0.880000 0.406000 -1.261000 14 0
-1.135000 0.588000 -1.261000 13 0
-1.052000 0.536000 -1.270000 13 0
-0.959000 0.478000 -1.261000 12 0
0.000000 -0.000000 -0.000000 1 0
-1.124000 0.616000 -1.267000 15 0
-1.039000 0.559000 -1.270000 12 0
-0.947000 0.498000 -1.259000 12 0
-0.865000 0.443000 -1.261000 13 0
-1.112000 0.643000 -1.272000 14 0
-1.025000 0.582000 -1.270000 13 0
-0.939000 0.520000 -1.264000 14 0
0.000000 -0.000000 -0.000000 1 0
-1.090000 0.665000 -1.266000 13 0
-1.009000 0.603000 -1.267000 13 0
-0.923000 0.537000 -1.257000 14 0
-0.847000 0.479000 -1.259000 13 0
-1.072000 0.688000 -1.266000 15 0
-0.996000 0.626000 -1.269000 14 0
0.000000 -0.000000 -0.000000 2 0
0.000000 -0.000000 -0.000000 0 0
-1.054000 0.712000 -1.266000 16 0
-0.979000 0.646000 -1.268000 14 0
-0.899000 0.577000 -1.256000 14 0
-0.826000 0.514000 -1.255000 14 0
-1.034000 0.734000 -1.264000 14 0
-0.963000 0.667000 -1.267000 14 0
0.000000 -0.000000 -0.000000 3 0
0.000000 -0.000000 -0.000000 1 0
0.000000 -0.000000 -0.000000 0 192
0.000000 -0.000000 -0.000000 0 0
0.000000 -0.000000 -0.000000 0 0
0.000000 -0.000000 -0.000000 0 128
0.000000 -0.000000 -0.000000 0 0
0.000000 -0.000000 -0.000000 0 128
0.000000 -0.000000 -0.000000 0 0
0.000000 -0.000000 -0.000000 0 192
-0.962000 0.124000 -0.940000 9 0
0.000000 -0.000000 -0.000000 0 0
0.000000 -0.000000 -0.000000 0 128
0.000000 -0.000000 -0.000000 0 0
-0.972000 0.148000 -0.954000 13 0
-0.969000 0.153000 -1.045000 5 0
-0.952000 0.154000 -1.134000 20 0
0.000000 -0.000000 -0.000000 0 0
-0.983000 0.174000 -0.969000 13 0
-0.969000 0.176000 -1.049000 9 0
0.000000 -0.000000 -0.000000 8 0
-0.934000 0.175000 -1.245000 29 0
-0.980000 0.197000 -0.971000 8 0
-0.975000 0.199000 -1.061000 3 0
0.000000 -0.000000 -0.000000 3 0
0.000000 -0.000000 -0.000000 2 0
-0.973000 0.219000 -0.970000 1 0
-0.972000 0.222000 -1.063000 0 0
-0.963000 0.221000 -1.163000 5 0
-0.938000 0.217000 -1.262000 18 0
-0.988000 0.247000 -0.991000 6 0
-0.977000 0.246000 -1.075000 5 0
0.000000 -0.000000 -0.000000 0 0
0.000000 -0.000000 -0.000000 0 0
-1.079000 0.297000 -1.090000 1 0
-1.073000 0.296000 -1.189000 0 0
-1.036000 0.285000 -1.265000 14 0
-0.929000 0.255000 -1.262000 18 0
-1.080000 0.324000 -1.100000 6 0
-1.070000 0.321000 -1.194000 6 0
-1.031000 0.307000 -1.266000 13 0
0.000000 -0.000000 -0.000000 0 0
-1.089000 0.355000 -1.119000 0 0
-1.076000 0.350000 -1.210000 6 0
-1.020000 0.328000 -1.262000 12 0
-0.918000 0.293000 -1.261000 16 0
-1.086000 0.382000 -1.126000 6 0
-1.084000 0.379000 -1.229000 7 0
-1.013000 0.350000 -1.262000 13 0
0.000000 -0.000000 -0.000000 0 0
-1.090000 0.412000 -1.141000 6 0
-1.096000 0.412000 -1.255000 10 0
-1.007000 0.373000 -1.264000 14 0
-0.908000 0.332000 -1.264000 15 0
-1.102000 0.446000 -1.166000 7 0
-1.100000 0.442000 -1.271000 11 0
-0.998000 0.394000 -1.264000 14 0
0.000000 -0.000000 -0.000000 0 0
-1.106000 0.478000 -1.183000 6 0
-1.091000 0.466000 -1.273000 12 0
-0.990000 0.416000 -1.264000 14 0
-0.892000 0.368000 -1.258000 15 0
-1.110000 0.511000 -1.202000 6 0
-1.081000 0.491000 -1.275000 12 0
-0.979000 0.437000 -1.262000 13 0
0.000000 -0.000000 -0.000000 0 0
-1.125000 0.550000 -1.233000 7 0
-1.064000 0.512000 -1.269000 13 0
-0.969000 0.457000 -1.262000 12 0
-0.880000 0.406000 -1.261000 14 0
-1.135000 0.588000 -1.261000 13 0
-1.052000 0.536000 -1.270000 13 0
-0.959000 0.478000 -1.261000 12 0
0.000000 -0.000000 -0.000000 1 0
-1.124000 0.616000 -1.267000 15 0
-1.039000 0.559000 -1.270000 12 0
-0.947000 0.498000 -1.259000 12 0
-0.865000 0.443000 -1.261000 13 0
-1.112000 0.643000 -1.272000 14 0
-1.025000 0.582000 -1.270000 13 0
-0.939000 0.520000 -1.264000 14 0
0.000000 -0.000000 -0.000000 1 0
-1.090000 0.665000 -1.266000 13 0
-1.009000 0.603000 -1.267000 13 0
-0.923000 0.537000 -1.257000 14 0
-0.847000 0.479000 -1.259000 13 0
-1.072000 0.688000 -1.266000 15 0
-0.996000 0.626000 -1.269000 14 0
0.000000 -0.000000 -0.000000 2 0
0.000000 -0.000000 -0.000000 0 0
-1.054000 0.712000 -1.266000 16 0
-0.979000 0.646000 -1.268000 14 0
-0.899000 0.577000 -1.256000 14 0
-0.826000 0.514000 -1.255000 14 0
-1.034000 0.734000 -1.264000 14 0
-0.963000 0.667000 -1.267000 14 0
0.000000 -0.000000 -0.000000 3 0
0.000000 -0.000000 -0.000000 1 0
-1.015000 0.756000 -1.265000 16 0
-0.947000 0.688000 -1.266000 14 0
-0.873000 0.615000 -1.254000 13 0
-0.811000 0.552000 -1.262000 14 0
-0.993000 0.777000 -1.262000 15 0
-0.928000 0.706000 -1.263000 15 0
-0.862000 0.635000 -1.258000 13 0
0.000000 -0.000000 -0.000000 1 0
-0.971000 0.796000 -1.259000 16 0
-0.911000 0.726000 -1.263000 14 0
-0.846000 0.653000 -1.255000 13 0
-0.787000 0.585000 -1.256000 12 0
-0.953000 0.819000 -1.263000 15 0
-0.892000 0.745000 -1.261000 13 0
-0.832000 0.670000 -1.254000 13 0
0.000000 -0.000000 -0.000000 1 0
-0.931000 0.837000 -1.261000 15 0
-0.875000 0.764000 -1.262000 13 0
-0.817000 0.689000 -1.253000 13 0
-0.765000 0.620000 -1.256000 13 0
-0.906000 0.854000 -1.257000 14 0
-0.857000 0.783000 -1.262000 16 0
-0.801000 0.705000 -1.252000 14 0
0.000000 -0.000000 -0.000000 2 0
-0.885000 0.874000 -1.259000 16 0
-0.836000 0.798000 -1.258000 15 0
0.000000 -0.000000 -0.000000 3 0
-0.740000 0.653000 -1.253000 14 0
-0.862000 0.891000 -1.257000 15 0
-0.817000 0.816000 -1.258000 15 0
-0.771000 0.740000 -1.252000 14 0
0.000000 -0.000000 -0.000000 2 0
-0.836000 0.906000 -1.253000 14 0
-0.798000 0.834000 -1.259000 15 0
0.000000 -0.000000 -0.000000 3 0
-0.715000 0.686000 -1.253000 15 0
-0.814000 0.922000 -1.253000 18 0
-0.776000 0.848000 -1.254000 16 0
-0.741000 0.775000 -1.254000 17 0
0.000000 -0.000000 -0.000000 2 0
-0.790000 0.939000 -1.254000 16 0
-0.755000 0.862000 -1.252000 19 0
0.000000 -0.000000 -0.000000 4 0
-0.688000 0.718000 -1.250000 16 0
-0.765000 0.953000 -1.252000 19 0
-0.737000 0.881000 -1.256000 21 0
-0.705000 0.805000 -1.250000 17 0
0.000000 -0.000000 -0.000000 2 0
-0.742000 0.968000 -1.252000 20 0
-0.713000 0.892000 -1.250000 19 0
0.000000 -0.000000 -0.000000 4 0
-0.659000 0.748000 -1.247000 18 0
-0.714000 0.978000 -1.247000 19 0
-0.692000 0.907000 -1.250000 18 0
-0.670000 0.836000 -1.250000 17 0
0.000000 -0.000000 -0.000000 2 0
-0.692000 0.995000 -1.251000 21 0
-0.671000 0.921000 -1.251000 21 0
0.000000 -0.000000 -0.000000 4 0
-0.629000 0.777000 -1.244000 18 0
-0.666000 1.005000 -1.248000 19 0
-0.650000 0.935000 -1.251000 20 0
-0.634000 0.865000 -1.248000 15 0
0.000000 -0.000000 -0.000000 3 0
-0.642000 1.019000 -1.250000 19 0
-0.628000 0.948000 -1.250000 22 0
0.000000 -0.000000 -0.000000 4 0
-0.598000 0.808000 -1.244000 17 0
-0.614000 1.026000 -1.244000 19 0
-0.605000 0.959000 -1.248000 20 0
-0.596000 0.892000 -1.246000 17 0
0.000000 -0.000000 -0.000000 4 0
-0.590000 1.039000 -1.246000 19 0
-0.583000 0.972000 -1.248000 20 0
0.000000 -0.000000 -0.000000 4 0
-0.568000 0.838000 -1.246000 17 0
-0.562000 1.045000 -1.241000 19 0
-0.560000 0.982000 -1.246000 19 0
-0.556000 0.916000 -1.243000 16 0
0.000000 -0.000000 -0.000000 4 0
-0.534000 1.048000 -1.233000 15 0
-0.538000 0.993000 -1.247000 19 0
0.000000 -0.000000 -0.000000 5 0
-0.533000 0.864000 -1.242000 17 0
-0.507000 1.054000 -1.230000 17 0
-0.515000 1.004000 -1.247000 19 0
-0.517000 0.941000 -1.243000 15 0
0.000000 -0.000000 -0.000000 5 0
-0.482000 1.063000 -1.232000 17 0
-0.490000 1.009000 -1.241000 19 0
0.000000 -0.000000 -0.000000 4 0
-0.499000 0.891000 -1.241000 17 0
-0.458000 1.074000 -1.235000 2 0
-0.465000 1.015000 -1.236000 13 0
-0.474000 0.960000 -1.237000 17 0
0.000000 -0.000000 -0.000000 5 0
-1.015000 0.756000 -1.265000 16 0
-0.947000 0.688000 -1.266000 14 0
-0.873000 0.615000 -1.254000 13 0
-0.811000 0.552000 -1.262000 14 0
-0.993000 0.777000 -1.262000 15 0
-0.928000 0.706000 -1.263000 15 0
-0.862000 0.635000 -1.258000 13 0
0.000000 -0.000000 -0.000000 1 0
-0.971000 0.796000 -1.259000 16 0
-0.911000 0.726000 -1.263000 14 0
-0.846000 0.653000 -1.255000 13 0
-0.787000 0.585000 -1.256000 12 0
-0.953000 0.819000 -1.263000 15 0
-0.892000 0.745000 -1.261000 13 0
-0.832000 0.670000 -1.254000 13 0
0.000000 -0.000000 -0.000000 1 0
-0.931000 0.837000 -1.261000 15 0
-0.875000 0.764000 -1.262000 13 0
-0.817000 0.689000 -1.253000 13 0
-0.765000 0.620000 -1.256000 13 0
-0.906000 0.854000 -1.257000 14 0
-0.857000 0.783000 -1.262000 16 0
-0.801000 0.705000 -1.252000 14 0
0.000000 -0.000000 -0.000000 2 0
-0.885000 0.874000 -1.259000 16 0
-0.836000 0.798000 -1.258000 15 0
0.000000 -0.000000 -0.000000 3 0
-0.740000 0.653000 -1.253000 14 0
-0.862000 0.891000 -1.257000 15 0
-0.817000 0.816000 -1.258000 15 0
-0.771000 0.740000 -1.252000 14 0
0.000000 -0.000000 -0.000000 2 0
-0.836000 0.906000 -1.253000 14 0
-0.798000 0.834000 -1.259000 15 0
0.000000 -0.000000 -0.000000 3 0
-0.715000 0.686000 -1.253000 15 0
-0.814000 0.922000 -1.253000 18 0
-0.776000 0.848000 -1.254000 16 0
-0.741000 0.775000 -1.254000 17 0
0.000000 -0.000000 -0.000000 2 0
-0.790000 0.939000 -1.254000 16 0
-0.755000 0.862000 -1.252000 19 0
0.000000 -0.000000 -0.000000 4 0
-0.688000 0.718000 -1.250000 16 0
-0.765000 0.953000 -1.252000 19 0
-0.737000 0.881000 -1.256000 21 0
-0.705000 0.805000 -1.250000 17 0
0.000000 -0.000000 -0.000000 2 0
-0.742000 0.968000 -1.252000 20 0
-0.713000 0.892000 -1.250000 19 0
0.000000 -0.000000 -0.000000 4 0
-0.659000 0.748000 -1.247000 18 0
-0.714000 0.978000 -1.247000 19 0
-0.692000 0.907000 -1.250000 18 0
-0.670000 0.836000 -1.250000 17 0
0.000000 -0.000000 -0.000000 2 0
-0.692000 0.995000 -1.251000 21 0
-0.671000 0.921000 -1.251000 21 0
0.000000 -0.000000 -0.000000 4 0
-0.629000 0.777000 -1.244000 18 0
-0.666000 1.005000 -1.248000 19 0
-0.650000 0.935000 -1.251000 20 0
-0.634000 0.865000 -1.248000 15 0
0.000000 -0.000000 -0.000000 3 0
-0.642000 1.019000 -1.250000 19 0
-0.628000 0.948000 -1.250000 22 0
0.000000 -0.000000 -0.000000 4 0
-0.598000 0.808000 -1.244000 17 0
-0.614000 1.026000 -1.244000 19 0
-0.605000 0.959000 -1.248000 20 0
-0.596000 0.892000 -1.246000 17 0
0.000000 -0.000000 -0.000000 4 0
-0.590000 1.039000 -1.246000 19 0
-0.583000 0.972000 -1.248000 20 0
0.000000 -0.000000 -0.000000 4 0
-0.568000 0.838000 -1.246000 17 0
-0.562000 1.045000 -1.241000 19 0
-0.560000 0.982000 -1.246000 19 0
-0.556000 0.916000 -1.243000 16 0
0.000000 -0.000000 -0.000000 4 0
-0.534000 1.048000 -1.233000 15 0
-0.538000 0.993000 -1.247000 19 0
0.000000 -0.000000 -0.000000 5 0
-0.533000 0.864000 -1.242000 17 0
-0.507000 1.054000 -1.230000 17 0
-0.515000 1.004000 -1.247000 19 0
-0.517000 0.941000 -1.243000 15 0
0.000000 -0.000000 -0.000000 5 0
-0.482000 1.063000 -1.232000 17 0
-0.490000 1.009000 -1.241000 19 0
0.000000 -0.000000 -0.000000 4 0
-0.499000 0.891000 -1.241000 17 0
-0.458000 1.074000 -1.235000 2 0
-0.465000 1.015000 -1.236000 13 0
-0.474000 0.960000 -1.237000 17 0
0.000000 -0.000000 -0.000000 5 0
0.000000 -0.000000 -0.000000 0 0
0.000000 -0.000000 -0.000000 0 0
0.000000 -0.000000 -0.000000 3 0
-0.462000 0.916000 -1.239000 16 0
0.000000 -0.000000 -0.000000 0 0
0.000000 -0.000000 -0.000000 0 0
0.000000 -0.000000 -0.000000 0 0
0.000000 -0.000000 -0.000000 5 0
-0.380000 1.091000 -1.233000 2 0
-0.395000 1.038000 -1.234000 15 0
0.000000 -0.000000 -0.000000 0 0
-0.419000 0.927000 -1.221000 2 0
0.000000 -0.000000 -0.000000 0 0
-0.370000 1.043000 -1.230000 16 0
-0.390000 1.000000 -1.235000 13 0
0.000000 -0.000000 -0.000000 0 0
0.000000 -0.000000 -0.000000 0 0
-0.347000 1.049000 -1.229000 17 0
0.000000 -0.000000 -0.000000 5 0
0.000000 -0.000000 -0.000000 1 0
0.000000 -0.000000 -0.000000 0 0
-0.324000 1.059000 -1.233000 11 0
-0.346000 1.017000 -1.233000 16 0
-0.366000 0.973000 -1.235000 17 0
0.000000 -0.000000 -0.000000 1 0
-0.301000 1.066000 -1.234000 3 0
0.000000 -0.000000 -0.000000 4 0
0.000000 -0.000000 -0.000000 5 0
-0.249000 1.099000 -1.221000 7 0
0.000000 -0.000000 -0.000000 0 0
-0.302000 1.033000 -1.233000 16 0
-0.326000 0.997000 -1.237000 17 0
0.000000 -0.000000 -0.000000 0 0
0.000000 -0.000000 -0.000000 0 0
0.000000 -0.000000 -0.000000 2 0
-0.305000 1.006000 -1.235000 17 0
0.000000 -0.000000 -0.000000 1 0
0.000000 -0.000000 -0.000000 0 0
-0.251000 1.023000 -1.204000 1 0
-0.285000 1.016000 -1.235000 15 0
0.000000 -0.000000 -0.000000 0 0
0.000000 -0.000000 -0.000000 0 0
0.000000 -0.000000 -0.000000 0 0
-0.261000 1.017000 -1.226000 14 0
0.000000 -0.000000 -0.000000 1 0
0.000000 -0.000000 -0.000000 0 0
0.000000 -0.000000 -0.000000 0 0
-0.238000 1.020000 -1.218000 2 0
0.000000 -0.000000 -0.000000 0 0
0.000000 -0.000000 -0.000000 0 0
0.000000 -0.000000 -0.000000 0 0
0.000000 -0.000000 -0.000000 0 0
0.000000 -0.000000 -0.000000 1 0
0.000000 -0.000000 -0.000000 0 0
0.000000 -0.000000 -0.000000 0 0
0.000000 -0.000000 -0.000000 1 0
0.000000 -0.000000 -0.000000 0 0
0.000000 -0.000000 -0.000000 1 0
0.000000 -0.000000 -0.000000 0 0
0.000000 -0.000000 -0.000000 0 0
0.000000 -0.000000 -0.000000 1 0
0.000000 -0.000000 -0.000000 0 0
0.000000 -0.000000 -0.000000 0 0
0.000000 -0.000000 -0.000000 1 0
0.000000 -0.000000 -0.000000 0 0
0.000000 -0.000000 -0.000000 0 0
0.000000 -0.000000 -0.000000 0 0
0.000000 -0.000000 -0.000000 0 0
0.000000 -0.000000 -0.000000 0 128
0.000000 -0.000000 -0.000000 0 0
0.000000 -0.000000 -0.000000 0 0
0.000000 -0.000000 -0.000000 1 0
0.000000 -0.000000 -0.000000 0 128
0.000000 -0.000000 -0.000000 0 0
0.000000 -0.000000 -0.000000 0 0
0.000000 -0.000000 -0.000000 0 0
0.000000 -0.000000 -0.000000 0 0
0.000000 -0.000000 -0.000000 0 0
0.000000 -0.000000 -0.000000 0 0
0.000000 -0.000000 -0.000000 1 0
0.000000 -0.000000 -0.000000 0 0
0.000000 -0.000000 -0.000000 0 0
0.000000 -0.000000 -0.000000 0 0
0.000000 -0.000000 -0.000000 0 0
0.000000 -0.000000 -0.000000 0 0
0.000000 -0.000000 -0.000000 0 0
0.000000 -0.000000 -0.000000 0 0
0.000000 -0.000000 -0.000000 0 0
0.000000 -0.000000 -0.000000 0 0
0.000000 -0.000000 -0.000000 0 0
0.000000 -0.000000 -0.000000 0 0
0.000000 -0.000000 -0.000000 0 0
0.000000 -0.000000 -0.000000 0 128
0.000000 -0.000000 -0.000000 0 0
0.000000 -0.000000 -0.000000 0 0
0.000000 -0.000000 -0.000000 0 0
0.000000 -0.000000 -0.000000 0 0
0.000000 -0.000000 -0.000000 0 0
0.000000 -0.000000 -0.000000 3 0
-0.462000 0.916000 -1.239000 16 0
0.000000 -0.000000 -0.000000 0 0
0.000000 -0.000000 -0.000000 0 0
0.000000 -0.000000 -0.000000 0 0
0.000000 -0.000000 -0.000000 5 0
-0.380000 1.091000 -1.233000 2 0
-0.395000 1.038000 -1.234000 15 0
0.000000 -0.000000 -0.000000 0 0
-0.419000 0.927000 -1.221000 2 0
0.000000 -0.000000 -0.000000 0 0
-0.370000 1.043000 -1.230000 16 0
-0.390000 1.000000 -1.235000 13 0
0.000000 -0.000000 -0.000000 0 0
0.000000 -0.000000 -0.000000 0 0
-0.347000 1.049000 -1.229000 17 0
0.000000 -0.000000 -0.000000 5 0
0.000000 -0.000000 -0.000000 1 0
0.000000 -0.000000 -0.000000 0 0
-0.324000 1.059000 -1.233000 11 0
-0.346000 1.017000 -1.233000 16 0
-0.366000 0.973000 -1.235000 17 0
0.000000 -0.000000 -0.000000 1 0
-0.301000 1.066000 -1.234000 3 0
0.000000 -0.000000 -0.000000 4 0
0.000000 -0.000000 -0.000000 5 0
-0.249000 1.099000 -1.221000 7 0
0.000000 -0.000000 -0.000000 0 0
-0.302000 1.033000 -1.233000 16 0
-0.326000 0.997000 -1.237000 17 0
0.000000 -0.000000 -0.000000 0 0
0.000000 -0.000000 -0.000000 0 0
0.000000 -0.000000 -0.000000 2 0
-0.305000 1.006000 -1.235000 17 0
0.000000 -0.000000 -0.000000 1 0
0.000000 -0.000000 -0.000000 0 0
-0.251000 1.023000 -1.204000 1 0
-0.285000 1.016000 -1.235000 15 0
0.000000 -0.000000 -0.000000 0 0
0.000000 -0.000000 -0.000000 0 0
0.000000 -0.000000 -0.000000 0 0
-0.261000 1.017000 -1.226000 14 0
0.000000 -0.000000 -0.000000 1 0
0.000000 -0.000000 -0.000000 0 0
0.000000 -0.000000 -0.000000 0 0
-0.238000 1.020000 -1.218000 2 0
0.000000 -0.000000 -0.000000 0 0
0.000000 -0.000000 -0.000000 0 0
0.000000 -0.000000 -0.000000 0 0
0.000000 -0.000000 -0.000000 0 0
0.000000 -0.000000 -0.000000 1 0
0.000000 -0.000000 -0.000000 0 0
0.000000 -0.000000 -0.000000 0 0
0.000000 -0.000000 -0.000000 1 0
0.000000 -0.000000 -0.000000 0 0
0.000000 -0.000000 -0.000000 1 0
0.000000 -0.000000 -0.000000 0 0
0.000000 -0.000000 -0.000000 0 0
0.000000 -0.000000 -0.000000 1 0
0.000000 -0.000000 -0.000000 0 0
0.000000 -0.000000 -0.000000 0 0
0.000000 -0.000000 -0.000000 1 0
0.000000 -0.000000 -0.000000 0 0
0.000000 -0.000000 -0.000000 0 0
0.000000 -0.000000 -0.000000 0 0
0.000000 -0.000000 -0.000000 0 0
0.000000 -0.000000 -0.000000 0 128
0.000000 -0.000000 -0.000000 0 0
0.000000 -0.000000 -0.000000 0 0
0.000000 -0.000000 -0.000000 1 0
0.000000 -0.000000 -0.000000 0 128
0.000000 -0.000000 -0.000000 0 0
0.000000 -0.000000 -0.000000 0 0
0.000000 -0.000000 -0.000000 0 0
0.000000 -0.000000 -0.000000 0 0
0.000000 -0.000000 -0.000000 0 0
0.000000 -0.000000 -0.000000 0 0
0.000000 -0.000000 -0.000000 1 0
0.000000 -0.000000 -0.000000 0 0
0.000000 -0.000000 -0.000000 0 0
0.000000 -0.000000 -0.000000 0 0
0.000000 -0.000000 -0.000000 0 0
0.000000 -0.000000 -0.000000 0 0
0.000000 -0.000000 -0.000000 0 0
0.000000 -0.000000 -0.000000 0 0
0.000000 -0.000000 -0.000000 0 0
0.000000 -0.000000 -0.000000 0 0
0.000000 -0.000000 -0.000000 0 0
0.000000 -0.000000 -0.000000 0 0
0.000000 -0.000000 -0.000000 0 0
0.000000 -0.000000 -0.000000 0 128
0.000000 -0.000000 -0.000000 0 0
0.000000 -0.000000 -0.000000 0 0
0.000000 -0.000000 -0.000000 0 0
0.000000 -0.000000 -0.000000 0 128
0.000000 -0.000000 -0.000000 0 128
0.000000 -0.000000 -0.000000 0 0
0.000000 -0.000000 -0.000000 0 0
0.000000 -0.000000 -0.000000 0 0
0.000000 -0.000000 -0.000000 0 128
0.000000 -0.000000 -0.000000 0 128
0.000000 -0.000000 -0.000000 0 0
0.000000 -0.000000 -0.000000 0 0
0.000000 -0.000000 -0.000000 0 0
0.000000 -0.000000 -0.000000 0 128
0.000000 -0.000000 -0.000000 0 0
0.000000 -0.000000 -0.000000 1 0
0.000000 -0.000000 -0.000000 0 0
0.000000 -0.000000 -0.000000 0 0
0.000000 -0.000000 -0.000000 0 128
0.000000 -0.000000 -0.000000 0 0
0.000000 -0.000000 -0.000000 1 16
0.000000 -0.000000 -0.000000 0 0
0.000000 -0.000000 -0.000000 0 128
0.000000 -0.000000 -0.000000 1 0
0.000000 -0.000000 -0.000000 0 0
0.000000 -0.000000 -0.000000 0 16
0.000000 -0.000000 -0.000000 1 0
0.000000 -0.000000 -0.000000 0 0
0.000000 -0.000000 -0.000000 0 0
0.000000 -0.000000 -0.000000 0 0
0.000000 -0.000000 -0.000000 0 0
0.000000 -0.000000 -0.000000 0 16
0.000000 -0.000000 -0.000000 0 0
0.000000 -0.000000 -0.000000 0 16
0.000000 -0.000000 -0.000000 0 0
0.000000 -0.000000 -0.000000 0 0
0.000000 -0.000000 -0.000000 0 16
0.000000 -0.000000 -0.000000 0 0
0.000000 -0.000000 -0.000000 0 0
0.000000 -0.000000 -0.000000 1 16
0.000000 -0.000000 -0.000000 0 0
0.000000 -0.000000 -0.000000 0 16
0.000000 -0.000000 -0.000000 1 0
0.000000 -0.000000 -0.000000 0 0
0.000000 -0.000000 -0.000000 1 16
0.000000 -0.000000 -0.000000 0 0
0.000000 -0.000000 -0.000000 0 0
0.000000 -0.000000 -0.000000 0 16
0.000000 -0.000000 -0.000000 0 0
0.000000 -0.000000 -0.000000 3 16
0.036000 0.116000 -0.129000 3 16
0.000000 -0.000000 -0.000000 0 0
0.000000 -0.000000 -0.000000 0 16
0.000000 -0.000000 -0.000000 0 0
0.000000 -0.000000 -0.000000 0 0
0.425000 0.917000 -1.203000 13 0
0.411000 0.964000 -1.200000 3 0
0.000000 -0.000000 -0.000000 1 16
0.038000 0.106000 -0.120000 0 0
0.000000 -0.000000 -0.000000 1 64
0.432000 0.955000 -1.201000 10 0
0.422000 1.007000 -1.200000 3 0
0.000000 -0.000000 -0.000000 0 0
0.461000 0.893000 -1.204000 14 0
0.000000 -0.000000 -0.000000 3 0
0.446000 1.004000 -1.205000 12 0
0.435000 1.053000 -1.200000 0 64
0.000000 -0.000000 -0.000000 1 64
0.473000 0.937000 -1.204000 11 0
0.000000 -0.000000 -0.000000 2 0
0.460000 1.045000 -1.199000 13 0
0.494000 0.864000 -1.198000 13 0
0.000000 -0.000000 -0.000000 3 0
0.490000 0.982000 -1.200000 13 0
0.485000 1.038000 -1.199000 14 0
0.000000 -0.000000 -0.000000 1 64
0.513000 0.914000 -1.204000 11 0
0.000000 -0.000000 -0.000000 2 0
0.511000 1.031000 -1.200000 14 0
0.529000 0.840000 -1.201000 13 0
0.000000 -0.000000 -0.000000 3 0
0.534000 0.961000 -1.199000 12 0
0.535000 1.021000 -1.199000 13 0
0.000000 -0.000000 -0.000000 1 64
0.550000 0.889000 -1.202000 11 0
0.000000 -0.000000 -0.000000 2 0
0.558000 1.009000 -1.196000 12 0
0.562000 0.814000 -1.204000 10 0
0.000000 -0.000000 -0.000000 3 0
0.576000 0.936000 -1.196000 12 0
0.583000 0.999000 -1.195000 14 0
0.000000 -0.000000 -0.000000 0 0
0.587000 0.862000 -1.201000 10 0
0.000000 -0.000000 -0.000000 2 0
0.607000 0.988000 -1.195000 13 0
0.000000 -0.000000 -0.000000 0 0
0.000000 -0.000000 -0.000000 1 0
0.619000 0.912000 -1.196000 13 0
0.631000 0.977000 -1.194000 14 0
0.000000 -0.000000 -0.000000 0 128
0.000000 -0.000000 -0.000000 0 128
0.000000 -0.000000 -0.000000 0 0
0.000000 -0.000000 -0.000000 0 0
0.000000 -0.000000 -0.000000 0 0
0.000000 -0.000000 -0.000000 0 128
0.000000 -0.000000 -0.000000 0 128
0.000000 -0.000000 -0.000000 0 0
0.000000 -0.000000 -0.000000 0 0
0.000000 -0.000000 -0.000000 0 0
0.000000 -0.000000 -0.000000 0 128
0.000000 -0.000000 -0.000000 0 0
0.000000 -0.000000 -0.000000 1 0
0.000000 -0.000000 -0.000000 0 0
0.000000 -0.000000 -0.000000 0 0
0.000000 -0.000000 -0.000000 0 128
0.000000 -0.000000 -0.000000 0 0
0.000000 -0.000000 -0.000000 1 16
0.000000 -0.000000 -0.000000 0 0
0.000000 -0.000000 -0.000000 0 128
0.000000 -0.000000 -0.000000 1 0
0.000000 -0.000000 -0.000000 0 0
0.000000 -0.000000 -0.000000 0 16
0.000000 -0.000000 -0.000000 1 0
0.000000 -0.000000 -0.000000 0 0
0.000000 -0.000000 -0.000000 0 0
0.000000 -0.000000 -0.000000 0 0
0.000000 -0.000000 -0.000000 0 0
0.000000 -0.000000 -0.000000 0 16
0.000000 -0.000000 -0.000000 0 0
0.000000 -0.000000 -0.000000 0 16
0.000000 -0.000000 -0.000000 0 0
0.000000 -0.000000 -0.000000 0 0
0.000000 -0.000000 -0.000000 0 16
0.000000 -0.000000 -0.000000 0 0
0.000000 -0.000000 -0.000000 0 0
0.000000 -0.000000 -0.000000 1 16
0.000000 -0.000000 -0.000000 0 0
0.000000 -0.000000 -0.000000 0 16
0.000000 -0.000000 -0.000000 1 0
0.000000 -0.000000 -0.000000 0 0
0.000000 -0.000000 -0.000000 1 16
0.000000 -0.000000 -0.000000 0 0
0.000000 -0.000000 -0.000000 0 0
0.000000 -0.000000 -0.000000 0 16
0.000000 -0.000000 -0.000000 0 0
0.000000 -0.000000 -0.000000 3 16
0.036000 0.116000 -0.129000 3 16
0.000000 -0.000000 -0.000000 0 0
0.000000 -0.000000 -0.000000 0 16
0.000000 -0.000000 -0.000000 0 0
0.000000 -0.000000 -0.000000 0 0
0.425000 0.917000 -1.203000 13 0
0.411000 0.964000 -1.200000 3 0
0.000000 -0.000000 -0.000000 1 16
0.038000 0.106000 -0.120000 0 0
0.000000 -0.000000 -0.000000 1 64
0.432000 0.955000 -1.201000 10 0
0.422000 1.007000 -1.200000 3 0
0.000000 -0.000000 -0.000000 0 0
0.461000 0.893000 -1.204000 14 0
0.000000 -0.000000 -0.000000 3 0
0.446000 1.004000 -1.205000 12 0
0.435000 1.053000 -1.200000 0 64
0.000000 -0.000000 -0.000000 1 64
0.473000 0.937000 -1.204000 11 0
0.000000 -0.000000 -0.000000 2 0
0.460000 1.045000 -1.199000 13 0
0.494000 0.864000 -1.198000 13 0
0.000000 -0.000000 -0.000000 3 0
0.490000 0.982000 -1.200000 13 0
0.485000 1.038000 -1.199000 14 0
0.000000 -0.000000 -0.000000 1 64
0.513000 0.914000 -1.204000 11 0
0.000000 -0.000000 -0.000000 2 0
0.511000 1.031000 -1.200000 14 0
0.529000 0.840000 -1.201000 13 0
0.000000 -0.000000 -0.000000 3 0
0.534000 0.961000 -1.199000 12 0
0.535000 1.021000 -1.199000 13 0
0.000000 -0.000000 -0.000000 1 64
0.550000 0.889000 -1.202000 11 0
0.000000 -0.000000 -0.000000 2 0
0.558000 1.009000 -1.196000 12 0
0.562000 0.814000 -1.204000 10 0
0.000000 -0.000000 -0.000000 3 0
0.576000 0.936000 -1.196000 12 0
0.583000 0.999000 -1.195000 14 0
0.000000 -0.000000 -0.000000 0 0
0.587000 0.862000 -1.201000 10 0
0.000000 -0.000000 -0.000000 2 0
0.607000 0.988000 -1.195000 13 0
0.000000 -0.000000 -0.000000 0 0
0.000000 -0.000000 -0.000000 1 0
0.619000 0.912000 -1.196000 13 0
0.631000 0.977000 -1.194000 14 0
0.000000 -0.000000 -0.000000 0 192
0.000000 -0.000000 -0.000000 0 0
0.000000 -0.000000 -0.000000 2 0
0.655000 0.964000 -1.193000 13 0
0.000000 -0.000000 -0.000000 0 192
0.000000 -0.000000 -0.000000 0 0
0.660000 0.885000 -1.194000 11 0
0.678000 0.951000 -1.192000 14 0
0.000000 -0.000000 -0.000000 0 192
0.000000 -0.000000 -0.000000 0 0
0.000000 -0.000000 -0.000000 0 0
0.703000 0.939000 -1.194000 13 0
0.000000 -0.000000 -0.000000 0 192
0.000000 -0.000000 -0.000000 0 192
0.000000 -0.000000 -0.000000 0 0
0.724000 0.923000 -1.191000 13 0
0.000000 -0.000000 -0.000000 0 128
0.000000 -0.000000 -0.000000 0 192
0.000000 -0.000000 -0.000000 0 192
0.000000 -0.000000 -0.000000 0 0
0.000000 -0.000000 -0.000000 0 192
0.000000 -0.000000 -0.000000 0 192
0.000000 -0.000000 -0.000000 0 192
0.000000 -0.000000 -0.000000 0 0
0.000000 -0.000000 -0.000000 0 128
0.000000 -0.000000 -0.000000 0 128
0.000000 -0.000000 -0.000000 0 192
0.000000 -0.000000 -0.000000 0 0
0.000000 -0.000000 -0.000000 0 192
0.000000 -0.000000 -0.000000 0 128
0.000000 -0.000000 -0.000000 0 128
0.000000 -0.000000 -0.000000 0 192
0.000000 -0.000000 -0.000000 0 128
0.000000 -0.000000 -0.000000 0 128
0.000000 -0.000000 -0.000000 0 128
0.000000 -0.000000 -0.000000 0 128
0.000000 -0.000000 -0.000000 0 192
0.000000 -0.000000 -0.000000 0 128
0.000000 -0.000000 -0.000000 0 128
0.000000 -0.000000 -0.000000 0 128
0.000000 -0.000000 -0.000000 0 128
0.000000 -0.000000 -0.000000 0 128
0.000000 -0.000000 -0.000000 0 128
0.000000 -0.000000 -0.000000 0 128
0.000000 -0.000000 -0.000000 0 192
0.000000 -0.000000 -0.000000 0 192
0.000000 -0.000000 -0.000000 0 128
0.000000 -0.000000 -0.000000 0 128
0.000000 -0.000000 -0.000000 0 128
0.000000 -0.000000 -0.000000 0 192
0.000000 -0.000000 -0.000000 0 192
0.000000 -0.000000 -0.000000 0 128
0.000000 -0.000000 -0.000000 0 192
0.000000 -0.000000 -0.000000 0 192
0.000000 -0.000000 -0.000000 0 192
0.000000 -0.000000 -0.000000 0 192
0.000000 -0.000000 -0.000000 0 128
0.000000 -0.000000 -0.000000 0 128
0.000000 -0.000000 -0.000000 0 128
0.000000 -0.000000 -0.000000 0 128
0.000000 -0.000000 -0.000000 0 192
0.000000 -0.000000 -0.000000 0 128
0.000000 -0.000000 -0.000000 0 128
0.000000 -0.000000 -0.000000 0 128
0.000000 -0.000000 -0.000000 0 128
0.000000 -0.000000 -0.000000 0 128
0.000000 -0.000000 -0.000000 0 128
0.000000 -0.000000 -0.000000 0 128
0.000000 -0.000000 -0.000000 0 192
0.000000 -0.000000 -0.000000 0 128
0.000000 -0.000000 -0.000000 0 128
0.000000 -0.000000 -0.000000 0 128
0.000000 -0.000000 -0.000000 0 128
0.000000 -0.000000 -0.000000 0 128
0.000000 -0.000000 -0.000000 0 128
0.000000 -0.000000 -0.000000 0 128
0.000000 -0.000000 -0.000000 0 192
0.000000 -0.000000 -0.000000 0 128
0.000000 -0.000000 -0.000000 0 128
0.000000 -0.000000 -0.000000 0 128
0.000000 -0.000000 -0.000000 0 128
0.000000 -0.000000 -0.000000 0 128
0.000000 -0.000000 -0.000000 0 128
0.000000 -0.000000 -0.000000 0 128
0.000000 -0.000000 -0.000000 0 192
0.000000 -0.000000 -0.000000 0 128
0.000000 -0.000000 -0.000000 0 128
0.000000 -0.000000 -0.000000 0 128
0.000000 -0.000000 -0.000000 0 128
0.000000 -0.000000 -0.000000 0 128
0.000000 -0.000000 -0.000000 0 128
0.000000 -0.000000 -0.000000 0 128
0.000000 -0.000000 -0.000000 0 192
0.000000 -0.000000 -0.000000 0 128
0.000000 -0.000000 -0.000000 0 128
0.000000 -0.000000 -0.000000 0 128
0.000000 -0.000000 -0.000000 0 192
0.000000 -0.000000 -0.000000 0 0
0.000000 -0.000000 -0.000000 2 0
0.655000 0.964000 -1.193000 13 0
0.000000 -0.000000 -0.000000 0 192
0.000000 -0.000000 -0.000000 0 0
0.660000 0.885000 -1.194000 11 0
0.678000 0.951000 -1.192000 14 0
0.000000 -0.000000 -0.000000 0 192
0.000000 -0.000000 -0.000000 0 0
0.000000 -0.000000 -0.000000 0 0
0.703000 0.939000 -1.194000 13 0
0.000000 -0.000000 -0.000000 0 192
0.000000 -0.000000 -0.000000 0 192
0.000000 -0.000000 -0.000000 0 0
0.724000 0.923000 -1.191000 13 0
0.000000 -0.000000 -0.000000 0 128
0.000000 -0.000000 -0.000000 0 192
0.000000 -0.000000 -0.000000 0 192
0.000000 -0.000000 -0.000000 0 0
0.000000 -0.000000 -0.000000 0 192
0.000000 -0.000000 -0.000000 0 192
0.000000 -0.000000 -0.000000 0 192
0.000000 -0.000000 -0.000000 0 0
0.000000 -0.000000 -0.000000 0 128
0.000000 -0.000000 -0.000000 0 128
0.000000 -0.000000 -0.000000 0 192
0.000000 -0.000000 -0.000000 0 0
0.000000 -0.000000 -0.000000 0 192
0.000000 -0.000000 -0.000000 0 128
0.000000 -0.000000 -0.000000 0 128
0.000000 -0.000000 -0.000000 0 192
0.000000 -0.000000 -0.000000 0 128
0.000000 -0.000000 -0.000000 0 128
0.000000 -0.000000 -0.000000 0 128
0.000000 -0.000000 -0.000000 0 128
0.000000 -0.000000 -0.000000 0 192
0.000000 -0.000000 -0.000000 0 128
0.000000 -0.000000 -0.000000 0 128
0.000000 -0.000000 -0.000000 0 128
0.000000 -0.000000 -0.000000 0 128
0.000000 -0.000000 -0.000000 0 128
0.000000 -0.000000 -0.000000 0 128
0.000000 -0.000000 -0.000000 0 128
0.000000 -0.000000 -0.000000 0 192
0.000000 -0.000000 -0.000000 0 192
0.000000 -0.000000 -0.000000 0 128
0.000000 -0.000000 -0.000000 0 128
0.000000 -0.000000 -0.000000 0 128
0.000000 -0.000000 -0.000000 0 192
0.000000 -0.000000 -0.000000 0 192
0.000000 -0.000000 -0.000000 0 128
0.000000 -0.000000 -0.000000 0 192
0.000000 -0.000000 -0.000000 0 192
0.000000 -0.000000 -0.000000 0 192
0.000000 -0.000000 -0.000000 0 192
0.000000 -0.000000 -0.000000 0 128
0.000000 -0.000000 -0.000000 0 128
0.000000 -0.000000 -0.000000 0 128
0.000000 -0.000000 -0.000000 0 128
0.000000 -0.000000 -0.000000 0 192
0.000000 -0.000000 -0.000000 0 128
0.000000 -0.000000 -0.000000 0 128
0.000000 -0.000000 -0.000000 0 128
0.000000 -0.000000 -0.000000 0 128
0.000000 -0.000000 -0.000000 0 128
0.000000 -0.000000 -0.000000 0 128
0.000000 -0.000000 -0.000000 0 128
0.000000 -0.000000 -0.000000 0 192
0.000000 -0.000000 -0.000000 0 128
0.000000 -0.000000 -0.000000 0 128
0.000000 -0.000000 -0.000000 0 128
0.000000 -0.000000 -0.000000 0 128
0.000000 -0.000000 -0.000000 0 128
0.000000 -0.000000 -0.000000 0 128
0.000000 -0.000000 -0.000000 0 128
0.000000 -0.000000 -0.000000 0 192
0.000000 -0.000000 -0.000000 0 128
0.000000 -0.000000 -0.000000 0 128
0.000000 -0.000000 -0.000000 0 128
0.000000 -0.000000 -0.000000 0 128
0.000000 -0.000000 -0.000000 0 128
0.000000 -0.000000 -0.000000 0 128
0.000000 -0.000000 -0.000000 0 128
0.000000 -0.000000 -0.000000 0 192
0.000000 -0.000000 -0.000000 0 128
0.000000 -0.000000 -0.000000 0 128
0.000000 -0.000000 -0.000000 0 128
0.000000 -0.000000 -0.000000 0 128
0.000000 -0.000000 -0.000000 0 128
0.000000 -0.000000 -0.000000 0 128
0.000000 -0.000000 -0.000000 0 128
0.000000 -0.000000 -0.000000 0 192
0.000000 -0.000000 -0.000000 0 128
0.000000 -0.000000 -0.000000 0 128
0.000000 -0.000000 -0.000000 0 128
0.000000 -0.000000 -0.000000 0 128
0.000000 -0.000000 -0.000000 0 128
0.000000 -0.000000 -0.000000 0 128
0.000000 -0.000000 -0.000000 0 128
0.000000 -0.000000 -0.000000 0 192
0.000000 -0.000000 -0.000000 0 128
0.000000 -0.000000 -0.000000 0 128
0.000000 -0.000000 -0.000000 0 128
0.000000 -0.000000 -0.000000 0 128
0.000000 -0.000000 -0.000000 0 128
0.000000 -0.000000 -0.000000 0 128
0.000000 -0.000000 -0.000000 0 128
0.000000 -0.000000 -0.000000 0 192
0.000000 -0.000000 -0.000000 0 128
0.000000 -0.000000 -0.000000 0 128
0.000000 -0.000000 -0.000000 0 192
0.000000 -0.000000 -0.000000 0 128
0.000000 -0.000000 -0.000000 0 128
0.000000 -0.000000 -0.000000 0 128
0.000000 -0.000000 -0.000000 0 128
0.000000 -0.000000 -0.000000 0 192
0.000000 -0.000000 -0.000000 0 128
0.000000 -0.000000 -0.000000 0 128
0.000000 -0.000000 -0.000000 0 192
0.000000 -0.000000 -0.000000 0 128
0.000000 -0.000000 -0.000000 0 128
0.000000 -0.000000 -0.000000 0 128
0.000000 -0.000000 -0.000000 0 128
0.000000 -0.000000 -0.000000 0 192
0.000000 -0.000000 -0.000000 0 128
0.000000 -0.000000 -0.000000 0 192
0.000000 -0.000000 -0.000000 0 128
0.000000 -0.000000 -0.000000 0 128
0.000000 -0.000000 -0.000000 0 128
0.000000 -0.000000 -0.000000 0 192
0.000000 -0.000000 -0.000000 0 128
0.000000 -0.000000 -0.000000 0 192
0.000000 -0.000000 -0.000000 0 128
0.000000 -0.000000 -0.000000 0 192
0.000000 -0.000000 -0.000000 0 128
0.000000 -0.000000 -0.000000 0 128
0.000000 -0.000000 -0.000000 0 128
0.000000 -0.000000 -0.000000 0 192
0.000000 -0.000000 -0.000000 0 128
0.000000 -0.000000 -0.000000 0 192
0.000000 -0.000000 -0.000000 0 128
0.000000 -0.000000 -0.000000 0 192
0.000000 -0.000000 -0.000000 0 128
0.000000 -0.000000 -0.000000 0 128
0.000000 -0.000000 -0.000000 0 128
0.000000 -0.000000 -0.000000 0 192
0.000000 -0.000000 -0.000000 0 128
0.000000 -0.000000 -0.000000 0 192
0.000000 -0.000000 -0.000000 0 128
0.000000 -0.000000 -0.000000 0 192
0.000000 -0.000000 -0.000000 0 128
0.000000 -0.000000 -0.000000 0 128
0.000000 -0.000000 -0.000000 0 128
0.000000 -0.000000 -0.000000 0 128
0.000000 -0.000000 -0.000000 0 128
0.000000 -0.000000 -0.000000 0 192
0.000000 -0.000000 -0.000000 0 128
0.000000 -0.000000 -0.000000 0 128
0.000000 -0.000000 -0.000000 0 128
0.000000 -0.000000 -0.000000 0 128
0.000000 -0.000000 -0.000000 0 128
0.000000 -0.000000 -0.000000 0 128
0.000000 -0.000000 -0.000000 0 128
0.000000 -0.000000 -0.000000 0 192
0.000000 -0.000000 -0.000000 0 128
0.000000 -0.000000 -0.000000 0 128
0.000000 -0.000000 -0.000000 0 128
0.000000 -0.000000 -0.000000 0 128
0.000000 -0.000000 -0.000000 0 128
0.000000 -0.000000 -0.000000 0 128
0.000000 -0.000000 -0.000000 0 128
0.000000 -0.000000 -0.000000 0 192
0.000000 -0.000000 -0.000000 0 128
0.000000 -0.000000 -0.000000 0 128
0.000000 -0.000000 -0.000000 0 128
0.000000 -0.000000 -0.000000 0 128
0.000000 -0.000000 -0.000000 0 128
0.000000 -0.000000 -0.000000 0 128
0.000000 -0.000000 -0.000000 0 128
0.000000 -0.000000 -0.000000 0 192
0.000000 -0.000000 -0.000000 0 128
0.000000 -0.000000 -0.000000 0 128
0.000000 -0.000000 -0.000000 0 128
0.000000 -0.000000 -0.000000 0 128
0.000000 -0.000000 -0.000000 0 128
0.000000 -0.000000 -0.000000 0 128
0.000000 -0.000000 -0.000000 0 128
0.000000 -0.000000 -0.000000 0 192
0.000000 -0.000000 -0.000000 0 128
0.000000 -0.000000 -0.000000 0 128
0.000000 -0.000000 -0.000000 0 128
0.000000 -0.000000 -0.000000 0 128
0.000000 -0.000000 -0.000000 0 128
0.000000 -0.000000 -0.000000 0 128
0.000000 -0.000000 -0.000000 0 128
0.000000 -0.000000 -0.000000 0 192
0.000000 -0.000000 -0.000000 0 128
0.000000 -0.000000 -0.000000 0 128
0.000000 -0.000000 -0.000000 0 128
0.000000 -0.000000 -0.000000 0 128
0.000000 -0.000000 -0.000000 0 128
0.000000 -0.000000 -0.000000 0 128
0.000000 -0.000000 -0.000000 0 128
0.000000 -0.000000 -0.000000 0 192
0.000000 -0.000000 -0.000000 0 128
0.000000 -0.000000 -0.000000 0 128
0.000000 -0.000000 -0.000000 0 192
0.000000 -0.000000 -0.000000 0 128
0.000000 -0.000000 -0.000000 0 128
0.000000 -0.000000 -0.000000 0 128
0.000000 -0.000000 -0.000000 0 128
0.000000 -0.000000 -0.000000 0 192
0.000000 -0.000000 -0.000000 0 128
0.000000 -0.000000 -0.000000 0 128
0.000000 -0.000000 -0.000000 0 192
0.000000 -0.000000 -0.000000 0 128
0.000000 -0.000000 -0.000000 0 128
0.000000 -0.000000 -0.000000 0 128
0.000000 -0.000000 -0.000000 0 128
0.000000 -0.000000 -0.000000 0 192
0.000000 -0.000000 -0.000000 0 128
0.000000 -0.000000 -0.000000 0 192
0.000000 -0.000000 -0.000000 0 128
0.000000 -0.000000 -0.000000 0 128
0.000000 -0.000000 -0.000000 0 128
0.000000 -0.000000 -0.000000 0 192
0.000000 -0.000000 -0.000000 0 128
0.000000 -0.000000 -0.000000 0 192
0.000000 -0.000000 -0.000000 0 128
0.000000 -0.000000 -0.000000 0 192
0.000000 -0.000000 -0.000000 0 128
0.000000 -0.000000 -0.000000 0 128
0.000000 -0.000000 -0.000000 0 128
0.000000 -0.000000 -0.000000 0 192
0.000000 -0.000000 -0.000000 0 128
0.000000 -0.000000 -0.000000 0 192
0.000000 -0.000000 -0.000000 0 128
0.000000 -0.000000 -0.000000 0 192
0.000000 -0.000000 -0.000000 0 128
0.000000 -0.000000 -0.000000 0 128
0.000000 -0.000000 -0.000000 0 128
0.000000 -0.000000 -0.000000 0 192
0.000000 -0.000000 -0.000000 0 128
0.000000 -0.000000 -0.000000 0 192
0.000000 -0.000000 -0.000000 0 128
0.000000 -0.000000 -0.000000 0 192
0.000000 -0.000000 -0.000000 0 128
0.000000 -0.000000 -0.000000 0 128
0.000000 -0.000000 -0.000000 0 128
0.000000 -0.000000 -0.000000 0 128
0.000000 -0.000000 -0.000000 0 128
0.000000 -0.000000 -0.000000 0 192
0.000000 -0.000000 -0.000000 0 128
0.000000 -0.000000 -0.000000 0 128
0.000000 -0.000000 -0.000000 0 128
0.000000 -0.000000 -0.000000 0 128
0.000000 -0.000000 -0.000000 0 128
0.000000 -0.000000 -0.000000 0 128
0.000000 -0.000000 -0.000000 0 128
0.000000 -0.000000 -0.000000 0 192
0.000000 -0.000000 -0.000000 0 128
0.000000 -0.000000 -0.000000 0 128
0.000000 -0.000000 -0.000000 0 128
0.000000 -0.000000 -0.000000 0 128
0.000000 -0.000000 -0.000000 0 128
0.000000 -0.000000 -0.000000 0 128
0.000000 -0.000000 -0.000000 0 128
0.000000 -0.000000 -0.000000 0 192
0.000000 -0.000000 -0.000000 0 128
0.000000 -0.000000 -0.000000 0 128
0.000000 -0.000000 -0.000000 0 128
0.000000 -0.000000 -0.000000 0 128
0.000000 -0.000000 -0.000000 0 128
0.000000 -0.000000 -0.000000 0 128
0.000000 -0.000000 -0.000000 0 128
0.000000 -0.000000 -0.000000 0 192
0.000000 -0.000000 -0.000000 0 128
0.000000 -0.000000 -0.000000 0 128
0.000000 -0.000000 -0.000000 0 128
0.000000 -0.000000 -0.000000 0 128
0.000000 -0.000000 -0.000000 0 128
0.000000 -0.000000 -0.000000 0 128
0.000000 -0.000000 -0.000000 0 128
0.000000 -0.000000 -0.000000 0 192
0.000000 -0.000000 -0.000000 0 128
0.000000 -0.000000 -0.000000 0 128
0.000000 -0.000000 -0.000000 0 128
0.000000 -0.000000 -0.000000 0 128
0.000000 -0.000000 -0.000000 0 128
0.000000 -0.000000 -0.000000 0 128
0.000000 -0.000000 -0.000000 0 128
0.000000 -0.000000 -0.000000 0 192
0.000000 -0.000000 -0.000000 0 128
0.000000 -0.000000 -0.000000 0 192
0.000000 -0.000000 -0.000000 0 128
0.000000 -0.000000 -0.000000 0 128
0.000000 -0.000000 -0.000000 0 128
0.000000 -0.000000 -0.000000 0 192
0.000000 -0.000000 -0.000000 0 128
0.000000 -0.000000 -0.000000 0 192
0.000000 -0.000000 -0.000000 0 128
0.000000 -0.000000 -0.000000 0 192
0.000000 -0.000000 -0.000000 0 128
0.000000 -0.000000 -0.000000 0 128
0.000000 -0.000000 -0.000000 0 128
0.000000 -0.000000 -0.000000 0 192
0.000000 -0.000000 -0.000000 0 128
0.000000 -0.000000 -0.000000 0 192
0.000000 -0.000000 -0.000000 0 128
0.000000 -0.000000 -0.000000 0 192
0.000000 -0.000000 -0.000000 0 128
0.000000 -0.000000 -0.000000 0 128
0.000000 -0.000000 -0.000000 0 128
0.000000 -0.000000 -0.000000 0 128
0.000000 -0.000000 -0.000000 0 128
0.000000 -0.000000 -0.000000 0 192
0.000000 -0.000000 -0.000000 0 128
0.000000 -0.000000 -0.000000 0 128
0.000000 -0.000000 -0.000000 0 192
0.000000 -0.000000 -0.000000 0 128
0.000000 -0.000000 -0.000000 0 128
0.000000 -0.000000 -0.000000 0 128
0.000000 -0.000000 -0.000000 0 128
0.000000 -0.000000 -0.000000 0 192
0.000000 -0.000000 -0.000000 0 128
0.000000 -0.000000 -0.000000 0 128
0.000000 -0.000000 -0.000000 0 128
0.000000 -0.000000 -0.000000 0 128
0.000000 -0.000000 -0.000000 0 128
0.000000 -0.000000 -0.000000 0 128
0.000000 -0.000000 -0.000000 0 128
0.000000 -0.000000 -0.000000 0 192
0.000000 -0.000000 -0.000000 0 128
0.000000 -0.000000 -0.000000 0 128
0.000000 -0.000000 -0.000000 0 128
0.000000 -0.000000 -0.000000 0 128
0.000000 -0.000000 -0.000000 0 128
0.000000 -0.000000 -0.000000 0 128
0.000000 -0.000000 -0.000000 0 128
0.000000 -0.000000 -0.000000 0 192
0.000000 -0.000000 -0.000000 0 128
0.000000 -0.000000 -0.000000 0 128
0.000000 -0.000000 -0.000000 0 128
0.000000 -0.000000 -0.000000 0 128
0.000000 -0.000000 -0.000000 0 128
0.000000 -0.000000 -0.000000 0 128
0.000000 -0.000000 -0.000000 0 128
0.000000 -0.000000 -0.000000 0 192
0.000000 -0.000000 -0.000000 0 128
0.000000 -0.000000 -0.000000 0 128
0.000000 -0.000000 -0.000000 0 128
0.000000 -0.000000 -0.000000 0 128
0.000000 -0.000000 -0.000000 0 128
0.000000 -0.000000 -0.000000 0 128
0.000000 -0.000000 -0.000000 0 128
0.000000 -0.000000 -0.000000 0 128
0.000000 -0.000000 -0.000000 0 128
0.000000 -0.000000 -0.000000 0 128
0.000000 -0.000000 -0.000000 0 128
0.000000 -0.000000 -0.000000 0 128
0.000000 -0.000000 -0.000000 0 128
0.000000 -0.000000 -0.000000 0 128
0.000000 -0.000000 -0.000000 0 128
0.000000 -0.000000 -0.000000 0 128
0.000000 -0.000000 -0.000000 0 128
0.000000 -0.000000 -0.000000 0 128
0.000000 -0.000000 -0.000000 0 128
0.000000 -0.000000 -0.000000 0 128
0.000000 -0.000000 -0.000000 0 128
0.000000 -0.000000 -0.000000 0 128
0.000000 -0.000000 -0.000000 0 128
0.000000 -0.000000 -0.000000 0 128
0.000000 -0.000000 -0.000000 0 128
0.000000 -0.000000 -0.000000 0 128
0.000000 -0.000000 -0.000000 0 128
0.000000 -0.000000 -0.000000 0 128
0.000000 -0.000000 -0.000000 0 128
0.000000 -0.000000 -0.000000 0 128
0.000000 -0.000000 -0.000000 0 128
0.000000 -0.000000 -0.000000 0 128
0.000000 -0.000000 -0.000000 0 192
0.000000 -0.000000 -0.000000 0 128
0.000000 -0.000000 -0.000000 0 128
0.000000 -0.000000 -0.000000 0 128
0.000000 -0.000000 -0.000000 0 128
0.000000 -0.000000 -0.000000 0 128
0.000000 -0.000000 -0.000000 0 128
0.000000 -0.000000 -0.000000 0 192
0.000000 -0.000000 -0.000000 0 128
0.000000 -0.000000 -0.000000 0 192
0.000000 -0.000000 -0.000000 0 128
0.000000 -0.000000 -0.000000 0 128
0.000000 -0.000000 -0.000000 0 128
0.000000 -0.000000 -0.000000 0 192
0.000000 -0.000000 -0.000000 0 128
0.000000 -0.000000 -0.000000 0 192
0.000000 -0.000000 -0.000000 0 128
0.000000 -0.000000 -0.000000 0 192
0.000000 -0.000000 -0.000000 0 128
0.000000 -0.000000 -0.000000 0 128
0.000000 -0.000000 -0.000000 0 128
0.000000 -0.000000 -0.000000 0 192
0.000000 -0.000000 -0.000000 0 128
0.000000 -0.000000 -0.000000 0 192
0.000000 -0.000000 -0.000000 0 128
0.000000 -0.000000 -0.000000 0 192
0.000000 -0.000000 -0.000000 0 128
0.000000 -0.000000 -0.000000 0 128
0.000000 -0.000000 -0.000000 0 128
0.000000 -0.000000 -0.000000 0 128
0.000000 -0.000000 -0.000000 0 128
0.000000 -0.000000 -0.000000 0 192
0.000000 -0.000000 -0.000000 0 128
0.000000 -0.000000 -0.000000 0 128
0.000000 -0.000000 -0.000000 0 192
0.000000 -0.000000 -0.000000 0 128
0.000000 -0.000000 -0.000000 0 128
0.000000 -0.000000 -0.000000 0 128
0.000000 -0.000000 -0.000000 0 128
0.000000 -0.000000 -0.000000 0 192
0.000000 -0.000000 -0.000000 0 128
0.000000 -0.000000 -0.000000 0 128
0.000000 -0.000000 -0.000000 0 128
0.000000 -0.000000 -0.000000 0 128
0.000000 -0.000000 -0.000000 0 128
0.000000 -0.000000 -0.000000 0 128
0.000000 -0.000000 -0.000000 0 128
0.000000 -0.000000 -0.000000 0 192
0.000000 -0.000000 -0.000000 0 128
0.000000 -0.000000 -0.000000 0 128
0.000000 -0.000000 -0.000000 0 128
0.000000 -0.000000 -0.000000 0 128
0.000000 -0.000000 -0.000000 0 128
0.000000 -0.000000 -0.000000 0 128
0.000000 -0.000000 -0.000000 0 128
0.000000 -0.000000 -0.000000 0 192
0.000000 -0.000000 -0.000000 0 128
0.000000 -0.000000 -0.000000 0 128
0.000000 -0.000000 -0.000000 0 128
0.000000 -0.000000 -0.000000 0 128
0.000000 -0.000000 -0.000000 0 128
0.000000 -0.000000 -0.000000 0 128
0.000000 -0.000000 -0.000000 0 128
0.000000 -0.000000 -0.000000 0 192
0.000000 -0.000000 -0.000000 0 128
0.000000 -0.000000 -0.000000 0 128
0.000000 -0.000000 -0.000000 0 128
0.000000 -0.000000 -0.000000 0 128
0.000000 -0.000000 -0.000000 0 128
0.000000 -0.000000 -0.000000 0 128
0.000000 -0.000000 -0.000000 0 128
0.000000 -0.000000 -0.000000 0 128
0.000000 -0.000000 -0.000000 0 128
0.000000 -0.000000 -0.000000 0 128
0.000000 -0.000000 -0.000000 0 128
0.000000 -0.000000 -0.000000 0 128
0.000000 -0.000000 -0.000000 0 128
0.000000 -0.000000 -0.000000 0 128
0.000000 -0.000000 -0.000000 0 128
0.000000 -0.000000 -0.000000 0 128
0.000000 -0.000000 -0.000000 0 128
0.000000 -0.000000 -0.000000 0 128
0.000000 -0.000000 -0.000000 0 128
0.000000 -0.000000 -0.000000 0 128
0.000000 -0.000000 -0.000000 0 128
0.000000 -0.000000 -0.000000 0 128
0.000000 -0.000000 -0.000000 0 128
0.000000 -0.000000 -0.000000 0 128
0.000000 -0.000000 -0.000000 0 128
0.000000 -0.000000 -0.000000 0 128
0.000000 -0.000000 -0.000000 0 128
0.000000 -0.000000 -0.000000 0 128
0.000000 -0.000000 -0.000000 0 128
0.000000 -0.000000 -0.000000 0 128
0.000000 -0.000000 -0.000000 0 128
0.000000 -0.000000 -0.000000 0 128
0.000000 -0.000000 -0.000000 0 192
0.000000 -0.000000 -0.000000 0 128
0.000000 -0.000000 -0.000000 0 128
0.000000 -0.000000 -0.000000 0 128
0.000000 -0.000000 -0.000000 0 192
0.000000 -0.000000 -0.000000 0 128
0.000000 -0.000000 -0.000000 0 128
0.000000 -0.000000 -0.000000 0 192
0.000000 -0.000000 -0.000000 0 192
0.000000 -0.000000 -0.000000 0 128
0.000000 -0.000000 -0.000000 0 128
0.000000 -0.000000 -0.000000 0 192
0.000000 -0.000000 -0.000000 0 128
0.000000 -0.000000 -0.000000 0 128
0.000000 -0.000000 -0.000000 0 128
0.000000 -0.000000 -0.000000 0 192
0.000000 -0.000000 -0.000000 0 128
0.000000 -0.000000 -0.000000 0 128
0.000000 -0.000000 -0.000000 0 192
0.000000 -0.000000 -0.000000 0 128
0.000000 -0.000000 -0.000000 0 128
0.000000 -0.000000 -0.000000 0 128
0.000000 -0.000000 -0.000000 0 192
0.000000 -0.000000 -0.000000 0 192
0.000000 -0.000000 -0.000000 0 128
0.000000 -0.000000 -0.000000 0 192
0.000000 -0.000000 -0.000000 0 192
0.000000 -0.000000 -0.000000 0 128
0.000000 -0.000000 -0.000000 0 128
0.000000 -0.000000 -0.000000 0 192
0.000000 -0.000000 -0.000000 0 0
0.000000 -0.000000 -0.000000 0 128
0.000000 -0.000000 -0.000000 0 192
0.000000 -0.000000 -0.000000 0 192
0.000000 -0.000000 -0.000000 0 0
0.000000 -0.000000 -0.000000 0 128
0.000000 -0.000000 -0.000000 0 192
0.000000 -0.000000 -0.000000 0 0
0.796000 -0.950000 -1.214000 15 0
0.000000 -0.000000 -0.000000 0 192
0.000000 -0.000000 -0.000000 0 192
0.000000 -0.000000 -0.000000 0 0
0.774000 -0.967000 -1.215000 16 0
0.000000 -0.000000 -0.000000 0 192
0.000000 -0.000000 -0.000000 0 192
0.744000 -0.902000 -1.216000 15 0
0.749000 -0.981000 -1.213000 12 0
0.000000 -0.000000 -0.000000 0 192
0.000000 -0.000000 -0.000000 0 192
0.724000 -0.919000 -1.217000 16 0
0.728000 -1.000000 -1.219000 15 0
0.000000 -0.000000 -0.000000 0 192
0.701000 -0.855000 -1.216000 10 0
0.702000 -0.933000 -1.216000 16 0
0.707000 -1.019000 -1.225000 15 0
0.000000 -0.000000 -0.000000 0 192
0.684000 -0.872000 -1.217000 12 0
0.682000 -0.949000 -1.218000 16 0
0.684000 -1.035000 -1.228000 15 0
0.000000 -0.000000 -0.000000 0 0
0.666000 -0.889000 -1.218000 15 0
0.662000 -0.966000 -1.221000 16 0
0.657000 -1.045000 -1.224000 16 0
0.650000 -0.827000 -1.218000 12 0
0.648000 -0.906000 -1.220000 15 0
0.641000 -0.982000 -1.223000 15 0
0.632000 -1.057000 -1.224000 16 0
0.000000 -0.000000 -0.000000 2 64
0.628000 -0.920000 -1.219000 14 0
0.618000 -0.994000 -1.222000 13 0
0.607000 -1.069000 -1.226000 17 0
0.620000 -0.863000 -1.223000 17 0
0.611000 -0.938000 -1.223000 13 0
0.596000 -1.008000 -1.224000 15 0
0.582000 -1.081000 -1.226000 20 0
0.000000 -0.000000 -0.000000 1 64
0.592000 -0.954000 -1.225000 12 0
0.575000 -1.023000 -1.226000 14 0
0.556000 -1.092000 -1.228000 20 0
0.585000 -0.896000 -1.223000 14 0
0.571000 -0.968000 -1.225000 12 0
0.551000 -1.034000 -1.225000 15 0
0.530000 -1.101000 -1.227000 18 0
0.000000 -0.000000 -0.000000 1 64
0.551000 -0.983000 -1.226000 12 0
0.527000 -1.045000 -1.225000 15 0
0.505000 -1.111000 -1.229000 18 0
0.550000 -0.928000 -1.225000 15 0
0.530000 -0.995000 -1.226000 12 0
0.504000 -1.057000 -1.227000 16 0
0.477000 -1.116000 -1.226000 9 0
0.000000 -0.000000 -0.000000 1 64
0.508000 -1.008000 -1.226000 12 0
0.481000 -1.069000 -1.229000 12 0
0.000000 -0.000000 -0.000000 0 0
0.512000 -0.957000 -1.224000 14 0
0.486000 -1.019000 -1.225000 12 0
0.443000 -1.045000 -1.191000 2 1
0.039000 -0.105000 -0.113000 1 0
0.000000 -0.000000 -0.000000 0 128
0.000000 -0.000000 -0.000000 0 192
0.000000 -0.000000 -0.000000 0 128
0.000000 -0.000000 -0.000000 0 128
0.000000 -0.000000 -0.000000 0 192
0.000000 -0.000000 -0.000000 0 192
0.000000 -0.000000 -0.000000 0 128
0.000000 -0.000000 -0.000000 0 128
0.000000 -0.000000 -0.000000 0 192
0.000000 -0.000000 -0.000000 0 128
0.000000 -0.000000 -0.000000 0 128
0.000000 -0.000000 -0.000000 0 128
0.000000 -0.000000 -0.000000 0 192
0.000000 -0.000000 -0.000000 0 128
0.000000 -0.000000 -0.000000 0 128
0.000000 -0.000000 -0.000000 0 192
0.000000 -0.000000 -0.000000 0 128
0.000000 -0.000000 -0.000000 0 128
0.000000 -0.000000 -0.000000 0 128
0.000000 -0.000000 -0.000000 0 192
0.000000 -0.000000 -0.000000 0 192
0.000000 -0.000000 -0.000000 0 128
0.000000 -0.000000 -0.000000 0 192
0.000000 -0.000000 -0.000000 0 192
0.000000 -0.000000 -0.000000 0 128
0.000000 -0.000000 -0.000000 0 128
0.000000 -0.000000 -0.000000 0 192
0.000000 -0.000000 -0.000000 0 0
0.000000 -0.000000 -0.000000 0 128
0.000000 -0.000000 -0.000000 0 192
0.000000 -0.000000 -0.000000 0 192
0.000000 -0.000000 -0.000000 0 0
0.000000 -0.000000 -0.000000 0 128
0.000000 -0.000000 -0.000000 0 192
0.000000 -0.000000 -0.000000 0 0
0.796000 -0.950000 -1.214000 15 0
0.000000 -0.000000 -0.000000 0 192
0.000000 -0.000000 -0.000000 0 192
0.000000 -0.000000 -0.000000 0 0
0.774000 -0.967000 -1.215000 16 0
0.000000 -0.000000 -0.000000 0 192
0.000000 -0.000000 -0.000000 0 192
0.744000 -0.902000 -1.216000 15 0
0.749000 -0.981000 -1.213000 12 0
0.000000 -0.000000 -0.000000 0 192
0.000000 -0.000000 -0.000000 0 192
0.724000 -0.919000 -1.217000 16 0
0.728000 -1.000000 -1.219000 15 0
0.000000 -0.000000 -0.000000 0 192
0.701000 -0.855000 -1.216000 10 0
0.702000 -0.933000 -1.216000 16 0
0.707000 -1.019000 -1.225000 15 0
0.000000 -0.000000 -0.000000 0 192
0.684000 -0.872000 -1.217000 12 0
0.682000 -0.949000 -1.218000 16 0
0.684000 -1.035000 -1.228000 15 0
0.000000 -0.000000 -0.000000 0 0
0.666000 -0.889000 -1.218000 15 0
0.662000 -0.966000 -1.221000 16 0
0.657000 -1.045000 -1.224000 16 0
0.650000 -0.827000 -1.218000 12 0
0.648000 -0.906000 -1.220000 15 0
0.641000 -0.982000 -1.223000 15 0
0.632000 -1.057000 -1.224000 16 0
0.000000 -0.000000 -0.000000 2 64
0.628000 -0.920000 -1.219000 14 0
0.618000 -0.994000 -1.222000 13 0
0.607000 -1.069000 -1.226000 17 0
0.620000 -0.863000 -1.223000 17 0
0.611000 -0.938000 -1.223000 13 0
0.596000 -1.008000 -1.224000 15 0
0.582000 -1.081000 -1.226000 20 0
0.000000 -0.000000 -0.000000 1 64
0.592000 -0.954000 -1.225000 12 0
0.575000 -1.023000 -1.226000 14 0
0.556000 -1.092000 -1.228000 20 0
0.585000 -0.896000 -1.223000 14 0
0.571000 -0.968000 -1.225000 12 0
0.551000 -1.034000 -1.225000 15 0
0.530000 -1.101000 -1.227000 18 0
0.000000 -0.000000 -0.000000 1 64
0.551000 -0.983000 -1.226000 12 0
0.527000 -1.045000 -1.225000 15 0
0.505000 -1.111000 -1.229000 18 0
0.550000 -0.928000 -1.225000 15 0
0.530000 -0.995000 -1.226000 12 0
0.504000 -1.057000 -1.227000 16 0
0.477000 -1.116000 -1.226000 9 0
0.000000 -0.000000 -0.000000 1 64
0.508000 -1.008000 -1.226000 12 0
0.481000 -1.069000 -1.229000 12 0
0.000000 -0.000000 -0.000000 0 0
0.512000 -0.957000 -1.224000 14 0
0.486000 -1.019000 -1.225000 12 0
0.443000 -1.045000 -1.191000 2 1
0.039000 -0.105000 -0.113000 1 0
0.494000 -0.974000 -1.227000 13 0
0.466000 -1.034000 -1.229000 7 0
0.000000 -0.000000 -0.000000 0 0
0.000000 -0.000000 -0.000000 0 0
0.475000 -0.990000 -1.229000 15 0
0.000000 -0.000000 -0.000000 0 0
0.041000 -0.110000 -0.123000 1 16
0.038000 -0.118000 -0.127000 1 0
0.454000 -1.002000 -1.227000 4 0
0.000000 -0.000000 -0.000000 1 16
0.000000 -0.000000 -0.000000 0 0
0.000000 -0.000000 -0.000000 0 0
0.000000 -0.000000 -0.000000 0 0
0.000000 -0.000000 -0.000000 0 0
0.035000 -0.108000 -0.120000 1 16
0.029000 -0.107000 -0.114000 1 0
0.000000 -0.000000 -0.000000 1 16
0.000000 -0.000000 -0.000000 1 16
0.000000 -0.000000 -0.000000 0 0
0.000000 -0.000000 -0.000000 0 0
0.000000 -0.000000 -0.000000 0 0
0.000000 -0.000000 -0.000000 0 0
0.029000 -0.106000 -0.116000 0 16
0.024000 -0.107000 -0.114000 1 0
0.000000 -0.000000 -0.000000 1 16
0.000000 -0.000000 -0.000000 0 16
0.000000 -0.000000 -0.000000 0 0
0.000000 -0.000000 -0.000000 0 0
0.000000 -0.000000 -0.000000 0 0
0.000000 -0.000000 -0.000000 0 0
0.024000 -0.105000 -0.114000 0 16
0.000000 -0.000000 -0.000000 0 128
0.000000 -0.000000 -0.000000 1 0
0.027000 -0.109000 -0.121000 0 16
0.000000 -0.000000 -0.000000 0 0
0.000000 -0.000000 -0.000000 0 128
0.000000 -0.000000 -0.000000 0 0
0.000000 -0.000000 -0.000000 0 0
0.000000 -0.000000 -0.000000 0 128
0.000000 -0.000000 -0.000000 0 128
0.000000 -0.000000 -0.000000 1 0
0.020000 -0.099000 -0.108000 0 0
0.000000 -0.000000 -0.000000 0 128
0.000000 -0.000000 -0.000000 0 128
0.000000 -0.000000 -0.000000 0 0
0.000000 -0.000000 -0.000000 0 0
0.000000 -0.000000 -0.000000 0 128
0.010000 -0.111000 -0.118000 1 0
0.000000 -0.000000 -0.000000 0 0
0.000000 -0.000000 -0.000000 0 128
0.000000 -0.000000 -0.000000 0 128
0.000000 -0.000000 -0.000000 0 0
0.000000 -0.000000 -0.000000 0 0
0.000000 -0.000000 -0.000000 0 128
0.009000 -0.104000 -0.111000 0 0
0.003000 -0.076000 -0.081000 0 0
0.000000 -0.000000 -0.000000 0 128
0.011000 -0.104000 -0.111000 0 0
0.000000 -0.000000 -0.000000 0 0
0.000000 -0.000000 -0.000000 0 0
0.000000 -0.000000 -0.000000 0 128
0.000000 -0.000000 -0.000000 0 0
0.004000 -0.086000 -0.092000 0 0
0.000000 -0.081000 -0.086000 0 0
0.010000 -0.093000 -0.099000 0 0
0.007000 -0.112000 -0.119000 0 0
0.000000 -0.000000 -0.000000 0 0
0.000000 -0.000000 -0.000000 0 0
0.000000 -0.000000 -0.000000 0 0
0.000000 -0.000000 -0.000000 0 0
0.000000 -0.091000 -0.097000 0 0
-0.004000 -0.115000 -0.123000 1 0
0.006000 -0.089000 -0.095000 0 0
0.001000 -0.069000 -0.073000 0 0
0.000000 -0.000000 -0.000000 0 0
0.000000 -0.000000 -0.000000 0 0
0.000000 -0.000000 -0.000000 0 0
0.000000 -0.000000 -0.000000 0 0
-0.004000 -0.109000 -0.117000 0 16
0.000000 -0.000000 -0.000000 1 0
0.000000 -0.000000 -0.000000 0 128
-0.002000 -0.107000 -0.114000 0 0
0.000000 -0.000000 -0.000000 0 0
0.000000 -0.000000 -0.000000 0 0
0.000000 -0.000000 -0.000000 0 128
0.000000 -0.000000 -0.000000 0 0
-0.009000 -0.110000 -0.118000 0 0
0.000000 -0.000000 -0.000000 1 0
-0.002000 -0.107000 -0.111000 1 0
-0.007000 -0.111000 -0.118000 0 0
0.000000 -0.000000 -0.000000 0 0
0.000000 -0.000000 -0.000000 0 0
0.000000 -0.000000 -0.000000 0 0
0.000000 -0.000000 -0.000000 0 0
0.000000 -0.000000 -0.000000 0 16
0.000000 -0.000000 -0.000000 0 0
0.494000 -0.974000 -1.227000 13 0
0.466000 -1.034000 -1.229000 7 0
0.000000 -0.000000 -0.000000 0 0
0.000000 -0.000000 -0.000000 0 0
0.475000 -0.990000 -1.229000 15 0
0.000000 -0.000000 -0.000000 0 0
0.041000 -0.110000 -0.123000 1 16
0.038000 -0.118000 -0.127000 1 0
0.454000 -1.002000 -1.227000 4 0
0.000000 -0.000000 -0.000000 1 16
0.000000 -0.000000 -0.000000 0 0
0.000000 -0.000000 -0.000000 0 0
0.000000 -0.000000 -0.000000 0 0
0.000000 -0.000000 -0.000000 0 0
0.035000 -0.108000 -0.120000 1 16
0.029000 -0.107000 -0.114000 1 0
0.000000 -0.000000 -0.000000 1 16
0.000000 -0.000000 -0.000000 1 16
0.000000 -0.000000 -0.000000 0 0
0.000000 -0.000000 -0.000000 0 0
0.000000 -0.000000 -0.000000 0 0
0.000000 -0.000000 -0.000000 0 0
0.029000 -0.106000 -0.116000 0 16
0.024000 -0.107000 -0.114000 1 0
0.000000 -0.000000 -0.000000 1 16
0.000000 -0.000000 -0.000000 0 16
0.000000 -0.000000 -0.000000 0 0
0.000000 -0.000000 -0.000000 0 0
0.000000 -0.000000 -0.000000 0 0
0.000000 -0.000000 -0.000000 0 0
0.024000 -0.105000 -0.114000 0 16
0.000000 -0.000000 -0.000000 0 128
0.000000 -0.000000 -0.000000 1 0
0.027000 -0.109000 -0.121000 0 16
0.000000 -0.000000 -0.000000 0 0
0.000000 -0.000000 -0.000000 0 128
0.000000 -0.000000 -0.000000 0 0
0.000000 -0.000000 -0.000000 0 0
0.000000 -0.000000 -0.000000 0 128
0.000000 -0.000000 -0.000000 0 128
0.000000 -0.000000 -0.000000 1 0
0.020000 -0.099000 -0.108000 0 0
0.000000 -0.000000 -0.000000 0 128
0.000000 -0.000000 -0.000000 0 128
0.000000 -0.000000 -0.000000 0 0
0.000000 -0.000000 -0.000000 0 0
0.000000 -0.000000 -0.000000 0 128
0.010000 -0.111000 -0.118000 1 0
0.000000 -0.000000 -0.000000 0 0
0.000000 -0.000000 -0.000000 0 128
0.000000 -0.000000 -0.000000 0 128
0.000000 -0.000000 -0.000000 0 0
0.000000 -0.000000 -0.000000 0 0
0.000000 -0.000000 -0.000000 0 128
0.009000 -0.104000 -0.111000 0 0
0.003000 -0.076000 -0.081000 0 0
0.000000 -0.000000 -0.000000 0 128
0.011000 -0.104000 -0.111000 0 0
0.000000 -0.000000 -0.000000 0 0
0.000000 -0.000000 -0.000000 0 0
0.000000 -0.000000 -0.000000 0 128
0.000000 -0.000000 -0.000000 0 0
0.004000 -0.086000 -0.092000 0 0
0.000000 -0.081000 -0.086000 0 0
0.010000 -0.093000 -0.099000 0 0
0.007000 -0.112000 -0.119000 0 0
0.000000 -0.000000 -0.000000 0 0
0.000000 -0.000000 -0.000000 0 0
0.000000 -0.000000 -0.000000 0 0
0.000000 -0.000000 -0.000000 0 0
0.000000 -0.091000 -0.097000 0 0
-0.004000 -0.115000 -0.123000 1 0
0.006000 -0.089000 -0.095000 0 0
0.001000 -0.069000 -0.073000 0 0
0.000000 -0.000000 -0.000000 0 0
0.000000 -0.000000 -0.000000 0 0
0.000000 -0.000000 -0.000000 0 0
0.000000 -0.000000 -0.000000 0 0
-0.004000 -0.109000 -0.117000 0 16
0.000000 -0.000000 -0.000000 1 0
0.000000 -0.000000 -0.000000 0 128
-0.002000 -0.107000 -0.114000 0 0
0.000000 -0.000000 -0.000000 0 0
0.000000 -0.000000 -0.000000 0 0
0.000000 -0.000000 -0.000000 0 128
0.000000 -0.000000 -0.000000 0 0
-0.009000 -0.110000 -0.118000 0 0
0.000000 -0.000000 -0.000000 1 0
-0.002000 -0.107000 -0.111000 1 0
-0.007000 -0.111000 -0.118000 0 0
0.000000 -0.000000 -0.000000 0 0
0.000000 -0.000000 -0.000000 0 0
0.000000 -0.000000 -0.000000 0 0
0.000000 -0.000000 -0.000000 0 0
0.000000 -0.000000 -0.000000 0 16
0.000000 -0.000000 -0.000000 0 0
-0.007000 -0.108000 -0.112000 0 0
-0.012000 -0.116000 -0.123000 0 16
0.000000 -0.000000 -0.000000 0 0
0.000000 -0.000000 -0.000000 0 0
0.000000 -0.000000 -0.000000 0 0
0.000000 -0.000000 -0.000000 0 0
0.000000 -0.000000 -0.000000 0 16
0.000000 -0.000000 -0.000000 0 128
-0.012000 -0.110000 -0.114000 1 0
-0.017000 -0.115000 -0.122000 0 0
0.000000 -0.000000 -0.000000 0 0
0.000000 -0.000000 -0.000000 0 128
0.000000 -0.000000 -0.000000 0 0
0.000000 -0.000000 -0.000000 0 0
0.000000 -0.000000 -0.000000 0 0
0.000000 -0.000000 -0.000000 0 128
-0.018000 -0.115000 -0.120000 1 0
0.000000 -0.000000 -0.000000 0 0
0.000000 -0.000000 -0.000000 0 0
-0.308000 -1.088000 -1.255000 2 0
0.000000 -0.000000 -0.000000 0 0
0.000000 -0.000000 -0.000000 0 0
0.000000 -0.000000 -0.000000 0 128
-0.331000 -1.081000 -1.258000 6 0
0.000000 -0.000000 -0.000000 0 0
0.000000 -0.000000 -0.000000 0 0
0.000000 -0.000000 -0.000000 0 128
-0.345000 -1.047000 -1.232000 2 0
0.000000 -0.000000 -0.000000 0 0
0.000000 -0.000000 -0.000000 0 0
0.000000 -0.000000 -0.000000 0 0
0.000000 -0.000000 -0.000000 0 0
0.000000 -0.000000 -0.000000 0 128
0.000000 -0.000000 -0.000000 0 128
-0.328000 -0.977000 -1.117000 1 0
0.000000 -0.000000 -0.000000 0 0
0.000000 -0.000000 -0.000000 0 128
0.000000 -0.000000 -0.000000 0 128
-0.359000 -0.997000 -1.150000 2 0
0.000000 -0.000000 -0.000000 0 0
0.000000 -0.000000 -0.000000 0 128
0.000000 -0.000000 -0.000000 0 0
-0.417000 -1.083000 -1.260000 2 0
0.000000 -0.000000 -0.000000 1 0
0.000000 -0.000000 -0.000000 0 128
-0.421000 -1.137000 -1.262000 4 0
0.000000 -0.000000 -0.000000 0 0
-0.458000 -1.012000 -1.260000 14 0
0.000000 -0.000000 -0.000000 0 128
-0.449000 -1.133000 -1.268000 8 0
0.000000 -0.000000 -0.000000 0 0
-0.478000 -0.999000 -1.260000 13 0
0.000000 -0.000000 -0.000000 0 128
-0.474000 -1.122000 -1.266000 7 0
-0.477000 -1.033000 -1.239000 1 0
-0.498000 -0.988000 -1.263000 12 0
0.000000 -0.000000 -0.000000 0 128
-0.501000 -1.115000 -1.269000 4 0
-0.505000 -1.034000 -1.255000 3 0
-0.516000 -0.971000 -1.259000 10 0
-0.511000 -1.167000 -1.263000 5 0
-0.526000 -1.104000 -1.269000 3 0
0.000000 -0.000000 -0.000000 0 0
0.000000 -0.000000 -0.000000 0 0
-0.542000 -1.164000 -1.269000 9 0
-0.553000 -1.095000 -1.272000 3 0
0.000000 -0.000000 -0.000000 0 0
0.000000 -0.000000 -0.000000 0 128
-0.571000 -1.155000 -1.271000 10 0
-0.576000 -1.080000 -1.268000 7 0
0.000000 -0.000000 -0.000000 0 0
-0.577000 -0.938000 -1.273000 5 0
-0.598000 -1.143000 -1.269000 11 0
-0.601000 -1.069000 -1.270000 13 0
-0.596000 -0.991000 -1.266000 11 0
-0.591000 -0.916000 -1.263000 15 0
-0.627000 -1.132000 -1.270000 14 0
-0.626000 -1.057000 -1.270000 14 0
-0.618000 -0.979000 -1.268000 13 0
-0.609000 -0.902000 -1.264000 15 0
-0.648000 -1.109000 -1.257000 33 0
-0.650000 -1.043000 -1.271000 16 0
-0.639000 -0.965000 -1.270000 13 0
-0.626000 -0.887000 -1.265000 15 0
-0.659000 -1.071000 -1.228000 44 0
-0.672000 -1.026000 -1.267000 32 0
-0.659000 -0.949000 -1.269000 13 0
-0.643000 -0.872000 -1.267000 14 0
-0.674000 -1.040000 -1.207000 61 0
-0.678000 -0.986000 -1.235000 48 0
-0.675000 -0.929000 -1.262000 16 0
-0.658000 -0.854000 -1.263000 14 0
-0.687000 -1.007000 -1.185000 58 0
-0.689000 -0.955000 -1.215000 53 0
-0.691000 -0.909000 -1.256000 33 0
-0.675000 -0.840000 -1.267000 14 0
-0.007000 -0.108000 -0.112000 0 0
-0.012000 -0.116000 -0.123000 0 16
0.000000 -0.000000 -0.000000 0 0
0.000000 -0.000000 -0.000000 0 0
0.000000 -0.000000 -0.000000 0 0
0.000000 -0.000000 -0.000000 0 0
0.000000 -0.000000 -0.000000 0 16
0.000000 -0.000000 -0.000000 0 128
-0.012000 -0.110000 -0.114000 1 0
-0.017000 -0.115000 -0.122000 0 0
0.000000 -0.000000 -0.000000 0 0
0.000000 -0.000000 -0.000000 0 128
0.000000 -0.000000 -0.000000 0 0
0.000000 -0.000000 -0.000000 0 0
0.000000 -0.000000 -0.000000 0 0
0.000000 -0.000000 -0.000000 0 128
-0.018000 -0.115000 -0.120000 1 0
0.000000 -0.000000 -0.000000 0 0
0.000000 -0.000000 -0.000000 0 0
-0.308000 -1.088000 -1.255000 2 0
0.000000 -0.000000 -0.000000 0 0
0.000000 -0.000000 -0.000000 0 0
0.000000 -0.000000 -0.000000 0 128
-0.331000 -1.081000 -1.258000 6 0
0.000000 -0.000000 -0.000000 0 0
0.000000 -0.000000 -0.000000 0 0
0.000000 -0.000000 -0.000000 0 128
-0.345000 -1.047000 -1.232000 2 0
0.000000 -0.000000 -0.000000 0 0
0.000000 -0.000000 -0.000000 0 0
0.000000 -0.000000 -0.000000 0 0
0.000000 -0.000000 -0.000000 0 0
0.000000 -0.000000 -0.000000 0 128
0.000000 -0.000000 -0.000000 0 128
-0.328000 -0.977000 -1.117000 1 0
0.000000 -0.000000 -0.000000 0 0
0.000000 -0.000000 -0.000000 0 128
0.000000 -0.000000 -0.000000 0 128
-0.359000 -0.997000 -1.150000 2 0
0.000000 -0.000000 -0.000000 0 0
0.000000 -0.000000 -0.000000 0 128
0.000000 -0.000000 -0.000000 0 0
-0.417000 -1.083000 -1.260000 2 0
0.000000 -0.000000 -0.000000 1 0
0.000000 -0.000000 -0.000000 0 128
-0.421000 -1.137000 -1.262000 4 0
0.000000 -0.000000 -0.000000 0 0
-0.458000 -1.012000 -1.260000 14 0
0.000000 -0.000000 -0.000000 0 128
-0.449000 -1.133000 -1.268000 8 0
0.000000 -0.000000 -0.000000 0 0
-0.478000 -0.999000 -1.260000 13 0
0.000000 -0.000000 -0.000000 0 128
-0.474000 -1.122000 -1.266000 7 0
-0.477000 -1.033000 -1.239000 1 0
-0.498000 -0.988000 -1.263000 12 0
0.000000 -0.000000 -0.000000 0 128
-0.501000 -1.115000 -1.269000 4 0
-0.505000 -1.034000 -1.255000 3 0
-0.516000 -0.971000 -1.259000 10 0
-0.511000 -1.167000 -1.263000 5 0
-0.526000 -1.104000 -1.269000 3 0
0.000000 -0.000000 -0.000000 0 0
0.000000 -0.000000 -0.000000 0 0
-0.542000 -1.164000 -1.269000 9 0
-0.553000 -1.095000 -1.272000 3 0
0.000000 -0.000000 -0.000000 0 0
0.000000 -0.000000 -0.000000 0 128
-0.571000 -1.155000 -1.271000 10 0
-0.576000 -1.080000 -1.268000 7 0
0.000000 -0.000000 -0.000000 0 0
-0.577000 -0.938000 -1.273000 5 0
-0.598000 -1.143000 -1.269000 11 0
-0.601000 -1.069000 -1.270000 13 0
-0.596000 -0.991000 -1.266000 11 0
-0.591000 -0.916000 -1.263000 15 0
-0.627000 -1.132000 -1.270000 14 0
-0.626000 -1.057000 -1.270000 14 0
-0.618000 -0.979000 -1.268000 13 0
-0.609000 -0.902000 -1.264000 15 0
-0.648000 -1.109000 -1.257000 33 0
-0.650000 -1.043000 -1.271000 16 0
-0.639000 -0.965000 -1.270000 13 0
-0.626000 -0.887000 -1.265000 15 0
-0.659000 -1.071000 -1.228000 44 0
-0.672000 -1.026000 -1.267000 32 0
-0.659000 -0.949000 -1.269000 13 0
-0.643000 -0.872000 -1.267000 14 0
-0.674000 -1.040000 -1.207000 61 0
-0.678000 -0.986000 -1.235000 48 0
-0.675000 -0.929000 -1.262000 16 0
-0.658000 -0.854000 -1.263000 14 0
-0.687000 -1.007000 -1.185000 58 0
-0.689000 -0.955000 -1.215000 53 0
-0.691000 -0.909000 -1.256000 33 0
-0.675000 -0.840000 -1.267000 14 0
-0.699000 -0.976000 -1.164000 58 0
-0.705000 -0.932000 -1.204000 58 0
-0.700000 -0.880000 -1.239000 43 0
-0.692000 -0.824000 -1.268000 14 0
-0.709000 -0.942000 -1.141000 13 0
-0.714000 -0.902000 -1.185000 55 0
0.000000 -0.000000 -0.000000 10 0
-0.706000 -0.806000 -1.266000 20 0
-0.712000 -0.902000 -1.110000 53 0
-0.723000 -0.872000 -1.166000 11 0
-0.715000 -0.823000 -1.202000 51 0
-0.717000 -0.785000 -1.259000 28 0
-0.726000 -0.877000 -1.097000 13 0
-0.727000 -0.837000 -1.140000 48 0
0.000000 -0.000000 -0.000000 12 0
0.000000 -0.000000 -0.000000 9 64
-0.736000 -0.849000 -1.081000 13 0
-0.740000 -0.815000 -1.132000 10 0
0.000000 -0.000000 -0.000000 10 0
-0.729000 -0.735000 -1.232000 40 0
-0.738000 -0.811000 -1.053000 14 0
-0.747000 -0.786000 -1.114000 10 0
0.000000 -0.000000 -0.000000 10 0
0.000000 -0.000000 -0.000000 10 64
-0.747000 -0.783000 -1.037000 13 0
-0.747000 -0.751000 -1.088000 10 0
0.000000 -0.000000 -0.000000 10 0
-0.744000 -0.690000 -1.214000 47 0
-0.754000 -0.755000 -1.021000 14 0
-0.757000 -0.728000 -1.078000 10 0
0.000000 -0.000000 -0.000000 10 0
0.000000 -0.000000 -0.000000 11 64
-0.763000 -0.728000 -1.007000 13 0
-0.763000 -0.702000 -1.063000 10 0
0.000000 -0.000000 -0.000000 10 0
0.000000 -0.000000 -0.000000 11 64
-0.769000 -0.701000 -0.992000 13 0
-0.773000 -0.679000 -1.055000 10 0
0.000000 -0.000000 -0.000000 10 0
0.000000 -0.000000 -0.000000 11 64
-0.779000 -0.677000 -0.982000 13 0
-0.780000 -0.654000 -1.043000 10 0
0.000000 -0.000000 -0.000000 10 0
0.000000 -0.000000 -0.000000 11 64
-0.784000 -0.650000 -0.967000 13 0
-0.786000 -0.630000 -1.032000 10 0
0.000000 -0.000000 -0.000000 10 0
0.000000 -0.000000 -0.000000 11 64
-0.794000 -0.628000 -0.960000 13 0
-0.790000 -0.605000 -1.019000 10 0
0.000000 -0.000000 -0.000000 10 0
0.000000 -0.000000 -0.000000 11 64
-0.802000 -0.604000 -0.951000 13 0
-0.797000 -0.582000 -1.010000 10 0
0.000000 -0.000000 -0.000000 11 0
0.000000 -0.000000 -0.000000 11 64
-0.807000 -0.578000 -0.939000 12 0
-0.806000 -0.561000 -1.005000 11 0
0.000000 -0.000000 -0.000000 11 0
0.000000 -0.000000 -0.000000 11 64
-0.814000 -0.556000 -0.931000 12 0
-0.812000 -0.539000 -0.997000 11 0
0.000000 -0.000000 -0.000000 11 0
0.000000 -0.000000 -0.000000 12 64
-0.822000 -0.533000 -0.924000 12 0
-0.820000 -0.517000 -0.991000 11 0
0.000000 -0.000000 -0.000000 11 0
0.000000 -0.000000 -0.000000 11 64
-0.823000 -0.506000 -0.910000 11 0
-0.822000 -0.493000 -0.979000 11 0
0.000000 -0.000000 -0.000000 11 0
0.000000 -0.000000 -0.000000 10 64
-0.828000 -0.483000 -0.902000 9 0
-0.831000 -0.473000 -0.977000 11 0
0.000000 -0.000000 -0.000000 12 64
0.000000 -0.000000 -0.000000 12 64
-0.840000 -0.464000 -0.902000 12 0
-0.836000 -0.452000 -0.970000 11 0
0.000000 -0.000000 -0.000000 11 64
0.000000 -0.000000 -0.000000 11 64
-0.819000 -0.428000 -0.868000 3 65
-0.843000 -0.431000 -0.967000 12 0
0.000000 -0.000000 -0.000000 11 64
0.000000 -0.000000 -0.000000 11 64
-0.805000 -0.397000 -0.842000 2 0
-0.853000 -0.412000 -0.967000 14 0
0.000000 -0.000000 -0.000000 11 64
0.000000 -0.000000 -0.000000 11 64
-0.756000 -0.351000 -0.781000 2 0
-0.849000 -0.387000 -0.952000 14 0
0.000000 -0.000000 -0.000000 11 64
0.000000 -0.000000 -0.000000 11 64
-0.697000 -0.304000 -0.712000 3 0
-0.856000 -0.367000 -0.950000 14 0
0.000000 -0.000000 -0.000000 11 64
0.000000 -0.000000 -0.000000 9 64
-0.699000 -0.976000 -1.164000 58 0
-0.705000 -0.932000 -1.204000 58 0
-0.700000 -0.880000 -1.239000 43 0
-0.692000 -0.824000 -1.268000 14 0
-0.709000 -0.942000 -1.141000 13 0
-0.714000 -0.902000 -1.185000 55 0
0.000000 -0.000000 -0.000000 10 0
-0.706000 -0.806000 -1.266000 20 0
-0.712000 -0.902000 -1.110000 53 0
-0.723000 -0.872000 -1.166000 11 0
-0.715000 -0.823000 -1.202000 51 0
-0.717000 -0.785000 -1.259000 28 0
-0.726000 -0.877000 -1.097000 13 0
-0.727000 -0.837000 -1.140000 48 0
0.000000 -0.000000 -0.000000 12 0
0.000000 -0.000000 -0.000000 9 64
-0.736000 -0.849000 -1.081000 13 0
-0.740000 -0.815000 -1.132000 10 0
0.000000 -0.000000 -0.000000 10 0
-0.729000 -0.735000 -1.232000 40 0
-0.738000 -0.811000 -1.053000 14 0
-0.747000 -0.786000 -1.114000 10 0
0.000000 -0.000000 -0.000000 10 0
0.000000 -0.000000 -0.000000 10 64
-0.747000 -0.783000 -1.037000 13 0
-0.747000 -0.751000 -1.088000 10 0
0.000000 -0.000000 -0.000000 10 0
-0.744000 -0.690000 -1.214000 47 0
-0.754000 -0.755000 -1.021000 14 0
-0.757000 -0.728000 -1.078000 10 0
0.000000 -0.000000 -0.000000 10 0
0.000000 -0.000000 -0.000000 11 64
-0.763000 -0.728000 -1.007000 13 0
-0.763000 -0.702000 -1.063000 10 0
0.000000 -0.000000 -0.000000 10 0
0.000000 -0.000000 -0.000000 11 64
-0.769000 -0.701000 -0.992000 13 0
-0.773000 -0.679000 -1.055000 10 0
0.000000 -0.000000 -0.000000 10 0
0.000000 -0.000000 -0.000000 11 64
-0.779000 -0.677000 -0.982000 13 0
-0.780000 -0.654000 -1.043000 10 0
0.000000 -0.000000 -0.000000 10 0
0.000000 -0.000000 -0.000000 11 64
-0.784000 -0.650000 -0.967000 13 0
-0.786000 -0.630000 -1.032000 10 0
0.000000 -0.000000 -0.000000 10 0
0.000000 -0.000000 -0.000000 11 64
-0.794000 -0.628000 -0.960000 13 0
-0.790000 -0.605000 -1.019000 10 0
0.000000 -0.000000 -0.000000 10 0
0.000000 -0.000000 -0.000000 11 64
-0.802000 -0.604000 -0.951000 13 0
-0.797000 -0.582000 -1.010000 10 0
0.000000 -0.000000 -0.000000 11 0
0.000000 -0.000000 -0.000000 11 64
-0.807000 -0.578000 -0.939000 12 0
-0.806000 -0.561000 -1.005000 11 0
0.000000 -0.000000 -0.000000 11 0
0.000000 -0.000000 -0.000000 11 64
-0.814000 -0.556000 -0.931000 12 0
-0.812000 -0.539000 -0.997000 11 0
0.000000 -0.000000 -0.000000 11 0
0.000000 -0.000000 -0.000000 12 64
-0.822000 -0.533000 -0.924000 12 0
-0.820000 -0.517000 -0.991000 11 0
0.000000 -0.000000 -0.000000 11 0
0.000000 -0.000000 -0.000000 11 64
-0.823000 -0.506000 -0.910000 11 0
-0.822000 -0.493000 -0.979000 11 0
0.000000 -0.000000 -0.000000 11 0
0.000000 -0.000000 -0.000000 10 64
-0.828000 -0.483000 -0.902000 9 0
-0.831000 -0.473000 -0.977000 11 0
0.000000 -0.000000 -0.000000 12 64
0.000000 -0.000000 -0.000000 12 64
-0.840000 -0.464000 -0.902000 12 0
-0.836000 -0.452000 -0.970000 11 0
0.000000 -0.000000 -0.000000 11 64
0.000000 -0.000000 -0.000000 11 64
-0.819000 -0.428000 -0.868000 3 65
-0.843000 -0.431000 -0.967000 12 0
0.000000 -0.000000 -0.000000 11 64
0.000000 -0.000000 -0.000000 11 64
-0.805000 -0.397000 -0.842000 2 0
-0.853000 -0.412000 -0.967000 14 0
0.000000 -0.000000 -0.000000 11 64
0.000000 -0.000000 -0.000000 11 64
-0.756000 -0.351000 -0.781000 2 0
-0.849000 -0.387000 -0.952000 14 0
0.000000 -0.000000 -0.000000 11 64
0.000000 -0.000000 -0.000000 11 64
-0.697000 -0.304000 -0.712000 3 0
-0.856000 -0.367000 -0.950000 14 0
0.000000 -0.000000 -0.000000 11 64
0.000000 -0.000000 -0.000000 9 64
0.000000 -0.000000 -0.000000 0 0
0.000000 -0.000000 -0.000000 0 0
0.000000 -0.000000 -0.000000 0 0
0.000000 -0.000000 -0.000000 0 0
0.000000 -0.000000 -0.000000 0 0
0.000000 -0.000000 -0.000000 0 0
0.000000 -0.000000 -0.000000 0 0
0.000000 -0.000000 -0.000000 0 0
0.000000 -0.000000 -0.000000 0 0
0.000000 -0.000000 -0.000000 0 0
0.000000 -0.000000 -0.000000 0 0
0.000000 -0.000000 -0.000000 0 128
0.000000 -0.000000 -0.000000 0 0
0.000000 -0.000000 -0.000000 0 0
0.000000 -0.000000 -0.000000 0 0
0.000000 -0.000000 -0.000000 0 128
0.000000 -0.000000 -0.000000 0 0
0.000000 -0.000000 -0.000000 0 0
0.000000 -0.000000 -0.000000 0 0
0.000000 -0.000000 -0.000000 0 0
-0.732000 -0.203000 -0.709000 2 0
-0.878000 -0.243000 -0.929000 8 0
0.000000 -0.000000 -0.000000 12 0
0.000000 -0.000000 -0.000000 11 0
-0.776000 -0.196000 -0.746000 1 0
-0.882000 -0.222000 -0.927000 8 0
0.000000 -0.000000 -0.000000 12 0
0.000000 -0.000000 -0.000000 11 0
-0.805000 -0.183000 -0.769000 1 0
-0.887000 -0.203000 -0.927000 8 0
0.000000 -0.000000 -0.000000 12 0
0.000000 -0.000000 -0.000000 11 0
-0.856000 -0.174000 -0.814000 2 0
-0.902000 -0.185000 -0.938000 10 0
0.000000 -0.000000 -0.000000 12 0
0.000000 -0.000000 -0.000000 11 0
-0.890000 -0.159000 -0.842000 4 0
-0.900000 -0.163000 -0.932000 14 0
0.000000 -0.000000 -0.000000 12 0
0.000000 -0.000000 -0.000000 11 0
-0.911000 -0.141000 -0.858000 9 0
-0.905000 -0.143000 -0.934000 14 0
0.000000 -0.000000 -0.000000 12 0
0.000000 -0.000000 -0.000000 11 0
-0.912000 -0.119000 -0.856000 15 0
-0.910000 -0.123000 -0.936000 14 0
0.000000 -0.000000 -0.000000 12 0
0.000000 -0.000000 -0.000000 12 0
-0.918000 -0.098000 -0.859000 15 0
-0.913000 -0.102000 -0.936000 13 0
0.000000 -0.000000 -0.000000 12 0
0.000000 -0.000000 -0.000000 10 0
-0.926000 -0.077000 -0.865000 14 0
-0.918000 -0.082000 -0.939000 13 0
0.000000 -0.000000 -0.000000 11 0
0.000000 -0.000000 -0.000000 10 0
-0.931000 -0.056000 -0.868000 10 0
-0.921000 -0.062000 -0.940000 13 0
0.000000 -0.000000 -0.000000 11 0
0.000000 -0.000000 -0.000000 11 0
-0.933000 -0.034000 -0.869000 3 64
-0.935000 -0.041000 -0.954000 11 0
0.000000 -0.000000 -0.000000 11 0
0.000000 -0.000000 -0.000000 11 0
0.000000 -0.000000 -0.000000 0 0
-0.937000 -0.020000 -0.955000 11 0
0.000000 -0.000000 -0.000000 11 0
0.000000 -0.000000 -0.000000 11 0
0.000000 -0.000000 -0.000000 0 0
-0.932000 -0.000000 -0.950000 8 0
0.000000 -0.000000 -0.000000 11 0
0.000000 -0.000000 -0.000000 12 0
0.000000 -0.000000 -0.000000 0 192
-0.948000 0.021000 -0.967000 6 0
0.000000 -0.000000 -0.000000 11 0
0.000000 -0.000000 -0.000000 11 0
0.000000 -0.000000 -0.000000 0 192
0.000000 -0.000000 -0.000000 0 0
0.000000 -0.000000 -0.000000 9 0
0.000000 -0.000000 -0.000000 10 0
0.000000 -0.000000 -0.000000 0 0
0.000000 -0.000000 -0.000000 0 0
0.000000 -0.000000 -0.000000 6 0
0.000000 -0.000000 -0.000000 9 0
-0.961000 0.098000 -0.901000 10 0
0.000000 -0.000000 -0.000000 0 192
0.000000 -0.000000 -0.000000 0 64
0.000000 -0.000000 -0.000000 1 0
-0.974000 0.123000 -0.917000 12 0
0.000000 -0.000000 -0.000000 0 128
0.000000 -0.000000 -0.000000 0 0
0.000000 -0.000000 -0.000000 0 0
-0.974000 0.146000 -0.920000 17 0
0.000000 -0.000000 -0.000000 0 0
0.000000 -0.000000 -0.000000 0 128
0.000000 -0.000000 -0.000000 0 0
0.000000 -0.000000 -0.000000 0 0
0.000000 -0.000000 -0.000000 0 0
0.000000 -0.000000 -0.000000 0 0
0.000000 -0.000000 -0.000000 0 0
0.000000 -0.000000 -0.000000 0 0
0.000000 -0.000000 -0.000000 0 0
0.000000 -0.000000 -0.000000 0 0
0.000000 -0.000000 -0.000000 0 0
0.000000 -0.000000 -0.000000 0 0
0.000000 -0.000000 -0.000000 0 0
0.000000 -0.000000 -0.000000 0 0
0.000000 -0.000000 -0.000000 0 128
0.000000 -0.000000 -0.000000 0 0
0.000000 -0.000000 -0.000000 0 0
0.000000 -0.000000 -0.000000 0 0
0.000000 -0.000000 -0.000000 0 128
0.000000 -0.000000 -0.000000 0 0
0.000000 -0.000000 -0.000000 0 0
0.000000 -0.000000 -0.000000 0 0
0.000000 -0.000000 -0.000000 0 0
-0.732000 -0.203000 -0.709000 2 0
-0.878000 -0.243000 -0.929000 8 0
0.000000 -0.000000 -0.000000 12 0
0.000000 -0.000000 -0.000000 11 0
-0.776000 -0.196000 -0.746000 1 0
-0.882000 -0.222000 -0.927000 8 0
0.000000 -0.000000 -0.000000 12 0
0.000000 -0.000000 -0.000000 11 0
-0.805000 -0.183000 -0.769000 1 0
-0.887000 -0.203000 -0.927000 8 0
0.000000 -0.000000 -0.000000 12 0
0.000000 -0.000000 -0.000000 11 0
-0.856000 -0.174000 -0.814000 2 0
-0.902000 -0.185000 -0.938000 10 0
0.000000 -0.000000 -0.000000 12 0
0.000000 -0.000000 -0.000000 11 0
-0.890000 -0.159000 -0.842000 4 0
-0.900000 -0.163000 -0.932000 14 0
0.000000 -0.000000 -0.000000 12 0
0.000000 -0.000000 -0.000000 11 0
-0.911000 -0.141000 -0.858000 9 0
-0.905000 -0.143000 -0.934000 14 0
0.000000 -0.000000 -0.000000 12 0
0.000000 -0.000000 -0.000000 11 0
-0.912000 -0.119000 -0.856000 15 0
-0.910000 -0.123000 -0.936000 14 0
0.000000 -0.000000 -0.000000 12 0
0.000000 -0.000000 -0.000000 12 0
-0.918000 -0.098000 -0.859000 15 0
-0.913000 -0.102000 -0.936000 13 0
0.000000 -0.000000 -0.000000 12 0
0.000000 -0.000000 -0.000000 10 0
-0.926000 -0.077000 -0.865000 14 0
-0.918000 -0.082000 -0.939000 13 0
0.000000 -0.000000 -0.000000 11 0
0.000000 -0.000000 -0.000000 10 0
-0.931000 -0.056000 -0.868000 10 0
-0.921000 -0.062000 -0.940000 13 0
0.000000 -0.000000 -0.000000 11 0
0.000000 -0.000000 -0.000000 11 0
-0.933000 -0.034000 -0.869000 3 64
-0.935000 -0.041000 -0.954000 11 0
0.000000 -0.000000 -0.000000 11 0
0.000000 -0.000000 -0.000000 11 0
0.000000 -0.000000 -0.000000 0 0
-0.937000 -0.020000 -0.955000 11 0
0.000000 -0.000000 -0.000000 11 0
0.000000 -0.000000 -0.000000 11 0
0.000000 -0.000000 -0.000000 0 0
-0.932000 -0.000000 -0.950000 8 0
0.000000 -0.000000 -0.000000 11 0
0.000000 -0.000000 -0.000000 12 0
0.000000 -0.000000 -0.000000 0 192
-0.948000 0.021000 -0.967000 6 0
0.000000 -0.000000 -0.000000 11 0
0.000000 -0.000000 -0.000000 11 0
0.000000 -0.000000 -0.000000 0 192
0.000000 -0.000000 -0.000000 0 0
0.000000 -0.000000 -0.000000 9 0
0.000000 -0.000000 -0.000000 10 0
0.000000 -0.000000 -0.000000 0 0
0.000000 -0.000000 -0.000000 0 0
0.000000 -0.000000 -0.000000 6 0
0.000000 -0.000000 -0.000000 9 0
-0.961000 0.098000 -0.901000 10 0
0.000000 -0.000000 -0.000000 0 192
0.000000 -0.000000 -0.000000 0 64
0.000000 -0.000000 -0.000000 1 0
-0.974000 0.123000 -0.917000 12 0
0.000000 -0.000000 -0.000000 0 128
0.000000 -0.000000 -0.000000 0 0
0.000000 -0.000000 -0.000000 0 0
-0.974000 0.146000 -0.920000 17 0
0.000000 -0.000000 -0.000000 0 0
0.000000 -0.000000 -0.000000 0 128
0.000000 -0.000000 -0.000000 0 0
-0.978000 0.170000 -0.927000 17 0
-0.969000 0.154000 -1.002000 9 0
0.000000 -0.000000 -0.000000 0 64
0.000000 -0.000000 -0.000000 0 128
-0.983000 0.194000 -0.937000 10 0
-0.972000 0.176000 -1.009000 10 0
0.000000 -0.000000 -0.000000 0 0
0.000000 -0.000000 -0.000000 0 0
-0.972000 0.216000 -0.932000 1 0
-0.978000 0.200000 -1.019000 3 0
0.000000 -0.000000 -0.000000 9 0
0.000000 -0.000000 -0.000000 1 0
-0.984000 0.242000 -0.949000 1 0
-0.976000 0.223000 -1.023000 1 0
0.000000 -0.000000 -0.000000 3 0
-0.949000 0.170000 -1.189000 43 0
-1.083000 0.294000 -1.052000 1 0
-0.986000 0.249000 -1.039000 6 0
0.000000 -0.000000 -0.000000 0 0
0.000000 -0.000000 -0.000000 9 0
-1.080000 0.320000 -1.057000 7 0
-1.074000 0.296000 -1.139000 1 0
-0.980000 0.246000 -1.128000 6 0
0.000000 -0.000000 -0.000000 0 0
-1.087000 0.349000 -1.072000 1 0
-1.071000 0.322000 -1.143000 6 0
0.000000 -0.000000 -0.000000 1 0
0.000000 -0.000000 -0.000000 0 0
-1.095000 0.380000 -1.090000 6 0
-1.078000 0.350000 -1.159000 6 0
-1.068000 0.318000 -1.243000 8 0
-0.997000 0.266000 -1.265000 15 0
-1.098000 0.410000 -1.103000 6 0
-1.084000 0.379000 -1.175000 6 0
-1.075000 0.346000 -1.259000 11 0
-0.992000 0.287000 -1.265000 15 0
-1.100000 0.440000 -1.117000 7 0
-1.090000 0.409000 -1.191000 6 0
-1.073000 0.371000 -1.264000 14 0
0.000000 -0.000000 -0.000000 1 0
-1.106000 0.472000 -1.134000 7 0
-1.096000 0.439000 -1.208000 6 0
-1.066000 0.395000 -1.266000 13 0
-0.982000 0.330000 -1.264000 14 0
-1.114000 0.506000 -1.156000 7 0
-1.107000 0.473000 -1.232000 6 0
-1.058000 0.418000 -1.265000 13 0
-0.976000 0.351000 -1.263000 14 0
-1.118000 0.539000 -1.174000 7 0
-1.120000 0.509000 -1.260000 10 0
-1.048000 0.441000 -1.264000 12 0
-0.970000 0.372000 -1.262000 14 0
-1.127000 0.576000 -1.199000 7 0
-1.117000 0.538000 -1.270000 14 0
-1.041000 0.465000 -1.266000 13 0
-0.966000 0.394000 -1.266000 15 0
-1.132000 0.612000 -1.220000 7 0
-1.107000 0.563000 -1.273000 14 0
-1.029000 0.487000 -1.264000 13 0
-0.956000 0.414000 -1.261000 14 0
-1.153000 0.657000 -1.260000 12 0
-1.092000 0.587000 -1.271000 14 0
-1.018000 0.509000 -1.262000 13 0
-0.950000 0.435000 -1.262000 14 0
-1.144000 0.688000 -1.270000 15 0
-1.075000 0.609000 -1.268000 15 0
-1.008000 0.532000 -1.263000 13 0
-0.944000 0.457000 -1.264000 12 0
-1.124000 0.711000 -1.267000 15 0
-1.061000 0.633000 -1.268000 15 0
-0.997000 0.554000 -1.262000 13 0
-0.934000 0.477000 -1.261000 12 0
-1.106000 0.735000 -1.267000 14 0
-1.048000 0.657000 -1.270000 14 0
-0.986000 0.576000 -1.263000 14 0
-0.928000 0.499000 -1.264000 15 0
-1.087000 0.760000 -1.267000 14 0
-1.029000 0.678000 -1.265000 14 0
-0.972000 0.597000 -1.260000 14 0
-0.916000 0.518000 -1.259000 13 0
-1.066000 0.781000 -1.265000 14 0
-1.012000 0.699000 -1.264000 15 0
-0.959000 0.618000 -1.260000 15 0
-0.907000 0.539000 -1.260000 13 0
-1.048000 0.806000 -1.268000 14 0
-0.998000 0.723000 -1.267000 14 0
-0.946000 0.639000 -1.260000 14 0
-0.896000 0.558000 -1.257000 13 0
-1.023000 0.824000 -1.262000 15 0
-0.979000 0.743000 -1.264000 14 0
-0.933000 0.661000 -1.260000 13 0
-0.888000 0.580000 -1.259000 14 0
-1.002000 0.846000 -1.262000 15 0
-0.963000 0.765000 -1.265000 15 0
-0.920000 0.682000 -1.261000 14 0
-0.878000 0.601000 -1.260000 14 0
-0.978000 0.170000 -0.927000 17 0
-0.969000 0.154000 -1.002000 9 0
0.000000 -0.000000 -0.000000 0 64
0.000000 -0.000000 -0.000000 0 128
-0.983000 0.194000 -0.937000 10 0
-0.972000 0.176000 -1.009000 10 0
0.000000 -0.000000 -0.000000 0 0
0.000000 -0.000000 -0.000000 0 0
-0.972000 0.216000 -0.932000 1 0
-0.978000 0.200000 -1.019000 3 0
0.000000 -0.000000 -0.000000 9 0
0.000000 -0.000000 -0.000000 1 0
-0.984000 0.242000 -0.949000 1 0
-0.976000 0.223000 -1.023000 1 0
0.000000 -0.000000 -0.000000 3 0
-0.949000 0.170000 -1.189000 43 0
-1.083000 0.294000 -1.052000 1 0
-0.986000 0.249000 -1.039000 6 0
0.000000 -0.000000 -0.000000 0 0
0.000000 -0.000000 -0.000000 9 0
-1.080000 0.320000 -1.057000 7 0
-1.074000 0.296000 -1.139000 1 0
-0.980000 0.246000 -1.128000 6 0
0.000000 -0.000000 -0.000000 0 0
-1.087000 0.349000 -1.072000 1 0
-1.071000 0.322000 -1.143000 6 0
0.000000 -0.000000 -0.000000 1 0
0.000000 -0.000000 -0.000000 0 0
-1.095000 0.380000 -1.090000 6 0
-1.078000 0.350000 -1.159000 6 0
-1.068000 0.318000 -1.243000 8 0
-0.997000 0.266000 -1.265000 15 0
-1.098000 0.410000 -1.103000 6 0
-1.084000 0.379000 -1.175000 6 0
-1.075000 0.346000 -1.259000 11 0
-0.992000 0.287000 -1.265000 15 0
-1.100000 0.440000 -1.117000 7 0
-1.090000 0.409000 -1.191000 6 0
-1.073000 0.371000 -1.264000 14 0
0.000000 -0.000000 -0.000000 1 0
-1.106000 0.472000 -1.134000 7 0
-1.096000 0.439000 -1.208000 6 0
-1.066000 0.395000 -1.266000 13 0
-0.982000 0.330000 -1.264000 14 0
-1.114000 0.506000 -1.156000 7 0
-1.107000 0.473000 -1.232000 6 0
-1.058000 0.418000 -1.265000 13 0
-0.976000 0.351000 -1.263000 14 0
-1.118000 0.539000 -1.174000 7 0
-1.120000 0.509000 -1.260000 10 0
-1.048000 0.441000 -1.264000 12 0
-0.970000 0.372000 -1.262000 14 0
-1.127000 0.576000 -1.199000 7 0
-1.117000 0.538000 -1.270000 14 0
-1.041000 0.465000 -1.266000 13 0
-0.966000 0.394000 -1.266000 15 0
-1.132000 0.612000 -1.220000 7 0
-1.107000 0.563000 -1.273000 14 0
-1.029000 0.487000 -1.264000 13 0
-0.956000 0.414000 -1.261000 14 0
-1.153000 0.657000 -1.260000 12 0
-1.092000 0.587000 -1.271000 14 0
-1.018000 0.509000 -1.262000 13 0
-0.950000 0.435000 -1.262000 14 0
-1.144000 0.688000 -1.270000 15 0
-1.075000 0.609000 -1.268000 15 0
-1.008000 0.532000 -1.263000 13 0
-0.944000 0.457000 -1.264000 12 0
-1.124000 0.711000 -1.267000 15 0
-1.061000 0.633000 -1.268000 15 0
-0.997000 0.554000 -1.262000 13 0
-0.934000 0.477000 -1.261000 12 0
-1.106000 0.735000 -1.267000 14 0
-1.048000 0.657000 -1.270000 14 0
-0.986000 0.576000 -1.263000 14 0
-0.928000 0.499000 -1.264000 15 0
-1.087000 0.760000 -1.267000 14 0
-1.029000 0.678000 -1.265000 14 0
-0.972000 0.597000 -1.260000 14 0
-0.916000 0.518000 -1.259000 13 0
-1.066000 0.781000 -1.265000 14 0
-1.012000 0.699000 -1.264000 15 0
-0.959000 0.618000 -1.260000 15 0
-0.907000 0.539000 -1.260000 13 0
-1.048000 0.806000 -1.268000 14 0
-0.998000 0.723000 -1.267000 14 0
-0.946000 0.639000 -1.260000 14 0
-0.896000 0.558000 -1.257000 13 0
-1.023000 0.824000 -1.262000 15 0
-0.979000 0.743000 -1.264000 14 0
-0.933000 0.661000 -1.260000 13 0
-0.888000 0.580000 -1.259000 14 0
-1.002000 0.846000 -1.262000 15 0
-0.963000 0.765000 -1.265000 15 0
-0.920000 0.682000 -1.261000 14 0
-0.878000 0.601000 -1.260000 14 0
-0.981000 0.867000 -1.262000 14 0
-0.945000 0.786000 -1.265000 14 0
-0.905000 0.702000 -1.259000 14 0
-0.867000 0.621000 -1.259000 12 0
-0.960000 0.888000 -1.263000 14 0
-0.926000 0.806000 -1.264000 15 0
-0.889000 0.721000 -1.257000 14 0
-0.856000 0.642000 -1.260000 16 0
-0.934000 0.904000 -1.258000 15 0
-0.905000 0.824000 -1.261000 14 0
-0.874000 0.741000 -1.257000 15 0
-0.843000 0.661000 -1.259000 13 0
-0.909000 0.921000 -1.254000 15 0
-0.887000 0.843000 -1.261000 13 0
-0.858000 0.760000 -1.256000 15 0
-0.831000 0.681000 -1.258000 13 0
-0.888000 0.941000 -1.256000 15 0
-0.869000 0.864000 -1.264000 14 0
-0.841000 0.779000 -1.255000 15 0
-0.819000 0.701000 -1.259000 14 0
-0.864000 0.957000 -1.255000 14 0
-0.848000 0.881000 -1.262000 13 0
-0.826000 0.800000 -1.257000 14 0
-0.805000 0.721000 -1.258000 14 0
-0.841000 0.976000 -1.256000 17 0
-0.825000 0.896000 -1.257000 15 0
-0.807000 0.817000 -1.254000 15 0
-0.791000 0.739000 -1.256000 14 0
-0.814000 0.988000 -1.251000 18 0
-0.803000 0.912000 -1.255000 18 0
-0.790000 0.835000 -1.254000 15 0
-0.776000 0.758000 -1.254000 15 0
-0.788000 1.003000 -1.249000 18 0
-0.783000 0.931000 -1.257000 17 0
-0.772000 0.853000 -1.253000 15 0
-0.761000 0.777000 -1.254000 14 0
-0.765000 1.019000 -1.250000 18 0
-0.761000 0.947000 -1.256000 19 0
-0.753000 0.869000 -1.250000 17 0
-0.747000 0.796000 -1.255000 17 0
-0.739000 1.031000 -1.247000 20 0
-0.737000 0.959000 -1.251000 18 0
-0.734000 0.886000 -1.249000 17 0
-0.730000 0.813000 -1.251000 17 0
-0.713000 1.045000 -1.247000 20 0
-0.717000 0.977000 -1.254000 19 0
-0.715000 0.902000 -1.248000 17 0
-0.713000 0.831000 -1.250000 16 0
-0.688000 1.057000 -1.246000 19 0
-0.694000 0.991000 -1.253000 20 0
-0.694000 0.916000 -1.245000 16 0
-0.697000 0.849000 -1.250000 17 0
-0.663000 1.071000 -1.247000 19 0
-0.669000 1.002000 -1.248000 19 0
-0.674000 0.932000 -1.244000 16 0
-0.680000 0.866000 -1.248000 17 0
-0.638000 1.084000 -1.248000 19 0
-0.648000 1.018000 -1.250000 19 0
-0.652000 0.946000 -1.241000 17 0
-0.662000 0.882000 -1.246000 17 0
-0.610000 1.091000 -1.243000 21 0
-0.624000 1.030000 -1.249000 19 0
-0.632000 0.961000 -1.241000 18 0
-0.643000 0.898000 -1.244000 17 0
-0.584000 1.101000 -1.243000 19 0
-0.600000 1.041000 -1.246000 21 0
-0.611000 0.976000 -1.240000 18 0
-0.625000 0.914000 -1.242000 17 0
-0.556000 1.107000 -1.238000 21 0
-0.575000 1.051000 -1.243000 20 0
-0.590000 0.989000 -1.238000 17 0
-0.606000 0.931000 -1.242000 18 0
-0.531000 1.118000 -1.240000 20 0
-0.551000 1.063000 -1.243000 19 0
-0.569000 1.005000 -1.240000 16 0
-0.587000 0.947000 -1.241000 17 0
-0.504000 1.126000 -1.238000 20 0
-0.527000 1.073000 -1.242000 20 0
-0.546000 1.016000 -1.237000 17 0
-0.566000 0.961000 -1.238000 18 0
-0.477000 1.132000 -1.236000 21 0
-0.503000 1.085000 -1.242000 20 0
-0.526000 1.032000 -1.239000 17 0
-0.548000 0.978000 -1.240000 16 0
-0.451000 1.139000 -1.236000 18 0
-0.477000 1.091000 -1.238000 18 0
-0.502000 1.042000 -1.236000 18 0
-0.527000 0.993000 -1.238000 16 0
-0.424000 1.144000 -1.233000 14 0
-0.452000 1.099000 -1.236000 2 0
-0.480000 1.054000 -1.236000 17 0
-0.506000 1.006000 -1.236000 16 0
-0.398000 1.151000 -1.234000 14 0
0.000000 -0.000000 -0.000000 0 0
-0.455000 1.060000 -1.229000 2 0
-0.484000 1.019000 -1.234000 17 0
-0.981000 0.867000 -1.262000 14 0
-0.945000 0.786000 -1.265000 14 0
-0.905000 0.702000 -1.259000 14 0
-0.867000 0.621000 -1.259000 12 0
-0.960000 0.888000 -1.263000 14 0
-0.926000 0.806000 -1.264000 15 0
-0.889000 0.721000 -1.257000 14 0
-0.856000 0.642000 -1.260000 16 0
-0.934000 0.904000 -1.258000 15 0
-0.905000 0.824000 -1.261000 14 0
-0.874000 0.741000 -1.257000 15 0
-0.843000 0.661000 -1.259000 13 0
-0.909000 0.921000 -1.254000 15 0
-0.887000 0.843000 -1.261000 13 0
-0.858000 0.760000 -1.256000 15 0
-0.831000 0.681000 -1.258000 13 0
-0.888000 0.941000 -1.256000 15 0
-0.869000 0.864000 -1.264000 14 0
-0.841000 0.779000 -1.255000 15 0
-0.819000 0.701000 -1.259000 14 0
-0.864000 0.957000 -1.255000 14 0
-0.848000 0.881000 -1.262000 13 0
-0.826000 0.800000 -1.257000 14 0
-0.805000 0.721000 -1.258000 14 0
-0.841000 0.976000 -1.256000 17 0
-0.825000 0.896000 -1.257000 15 0
-0.807000 0.817000 -1.254000 15 0
-0.791000 0.739000 -1.256000 14 0
-0.814000 0.988000 -1.251000 18 0
-0.803000 0.912000 -1.255000 18 0
-0.790000 0.835000 -1.254000 15 0
-0.776000 0.758000 -1.254000 15 0
-0.788000 1.003000 -1.249000 18 0
-0.783000 0.931000 -1.257000 17 0
-0.772000 0.853000 -1.253000 15 0
-0.761000 0.777000 -1.254000 14 0
-0.765000 1.019000 -1.250000 18 0
-0.761000 0.947000 -1.256000 19 0
-0.753000 0.869000 -1.250000 17 0
-0.747000 0.796000 -1.255000 17 0
-0.739000 1.031000 -1.247000 20 0
-0.737000 0.959000 -1.251000 18 0
-0.734000 0.886000 -1.249000 17 0
-0.730000 0.813000 -1.251000 17 0
-0.713000 1.045000 -1.247000 20 0
-0.717000 0.977000 -1.254000 19 0
-0.715000 0.902000 -1.248000 17 0
-0.713000 0.831000 -1.250000 16 0
-0.688000 1.057000 -1.246000 19 0
-0.694000 0.991000 -1.253000 20 0
-0.694000 0.916000 -1.245000 16 0
-0.697000 0.849000 -1.250000 17 0
-0.663000 1.071000 -1.247000 19 0
-0.669000 1.002000 -1.248000 19 0
-0.674000 0.932000 -1.244000 16 0
-0.680000 0.866000 -1.248000 17 0
-0.638000 1.084000 -1.248000 19 0
-0.648000 1.018000 -1.250000 19 0
-0.652000 0.946000 -1.241000 17 0
-0.662000 0.882000 -1.246000 17 0
-0.610000 1.091000 -1.243000 21 0
-0.624000 1.030000 -1.249000 19 0
-0.632000 0.961000 -1.241000 18 0
-0.643000 0.898000 -1.244000 17 0
-0.584000 1.101000 -1.243000 19 0
-0.600000 1.041000 -1.246000 21 0
-0.611000 0.976000 -1.240000 18 0
-0.625000 0.914000 -1.242000 17 0
-0.556000 1.107000 -1.238000 21 0
-0.575000 1.051000 -1.243000 20 0
-0.590000 0.989000 -1.238000 17 0
-0.606000 0.931000 -1.242000 18 0
-0.531000 1.118000 -1.240000 20 0
-0.551000 1.063000 -1.243000 19 0
-0.569000 1.005000 -1.240000 16 0
-0.587000 0.947000 -1.241000 17 0
-0.504000 1.126000 -1.238000 20 0
-0.527000 1.073000 -1.242000 20 0
-0.546000 1.016000 -1.237000 17 0
-0.566000 0.961000 -1.238000 18 0
-0.477000 1.132000 -1.236000 21 0
-0.503000 1.085000 -1.242000 20 0
-0.526000 1.032000 -1.239000 17 0
-0.548000 0.978000 -1.240000 16 0
-0.451000 1.139000 -1.236000 18 0
-0.477000 1.091000 -1.238000 18 0
-0.502000 1.042000 -1.236000 18 0
-0.527000 0.993000 -1.238000 16 0
-0.424000 1.144000 -1.233000 14 0
-0.452000 1.099000 -1.236000 2 0
-0.480000 1.054000 -1.236000 17 0
-0.506000 1.006000 -1.236000 16 0
-0.398000 1.151000 -1.234000 14 0
0.000000 -0.000000 -0.000000 0 0
-0.455000 1.060000 -1.229000 2 0
-0.484000 1.019000 -1.234000 17 0
-0.372000 1.159000 -1.236000 19 0
0.000000 -0.000000 -0.000000 0 0
0.000000 -0.000000 -0.000000 0 0
-0.464000 1.037000 -1.238000 7 0
-0.344000 1.158000 -1.230000 17 0
0.000000 -0.000000 -0.000000 0 0
0.000000 -0.000000 -0.000000 0 0
0.000000 -0.000000 -0.000000 0 0
-0.316000 1.155000 -1.222000 14 0
-0.355000 1.138000 -1.242000 0 0
0.000000 -0.000000 -0.000000 0 0
0.000000 -0.000000 -0.000000 0 0
-0.293000 1.169000 -1.233000 17 0
-0.329000 1.140000 -1.236000 16 0
0.000000 -0.000000 -0.000000 0 0
-0.396000 1.072000 -1.231000 7 0
-0.264000 1.163000 -1.223000 12 0
-0.302000 1.142000 -1.231000 19 0
-0.337000 1.114000 -1.230000 1 0
-0.371000 1.080000 -1.226000 1 0
0.000000 -0.000000 -0.000000 0 0
-0.276000 1.144000 -1.228000 16 0
-0.312000 1.121000 -1.227000 11 0
0.000000 -0.000000 -0.000000 0 0
-0.022000 0.124000 -0.130000 1 0
0.000000 -0.000000 -0.000000 0 0
-0.288000 1.128000 -1.226000 14 0
0.000000 -0.000000 -0.000000 0 0
0.000000 -0.000000 -0.000000 0 0
0.000000 -0.000000 -0.000000 0 0
-0.261000 1.128000 -1.217000 11 0
-0.300000 1.115000 -1.226000 12 0
-0.016000 0.119000 -0.125000 1 0
-0.021000 0.123000 -0.130000 1 0
0.000000 -0.000000 -0.000000 0 0
-0.275000 1.123000 -1.222000 13 0
0.000000 -0.000000 -0.000000 0 0
0.000000 -0.000000 -0.000000 0 0
-0.023000 0.124000 -0.133000 1 0
0.000000 -0.000000 -0.000000 0 0
-0.010000 0.114000 -0.119000 1 0
-0.015000 0.121000 -0.127000 0 0
0.000000 -0.000000 -0.000000 0 0
0.000000 -0.000000 -0.000000 0 0
0.000000 -0.000000 -0.000000 0 0
0.000000 -0.000000 -0.000000 0 0
-0.016000 0.119000 -0.125000 1 0
-0.021000 0.122000 -0.130000 1 0
-0.005000 0.113000 -0.119000 1 0
-0.010000 0.121000 -0.127000 0 0
0.000000 -0.000000 -0.000000 0 0
0.000000 -0.000000 -0.000000 0 0
0.000000 -0.000000 -0.000000 0 0
0.000000 -0.000000 -0.000000 0 0
-0.011000 0.118000 -0.123000 0 0
-0.015000 0.125000 -0.130000 1 0
0.000000 -0.000000 -0.000000 0 128
-0.004000 0.112000 -0.117000 0 0
0.000000 -0.000000 -0.000000 0 0
0.000000 -0.000000 -0.000000 0 0
0.000000 -0.000000 -0.000000 0 128
0.000000 -0.000000 -0.000000 0 0
-0.005000 0.114000 -0.118000 0 0
-0.009000 0.120000 -0.124000 1 0
0.003000 0.090000 -0.095000 0 0
0.000000 0.073000 -0.077000 0 0
0.000000 -0.000000 -0.000000 0 0
0.000000 -0.000000 -0.000000 0 0
0.000000 -0.000000 -0.000000 0 0
0.000000 -0.000000 -0.000000 0 0
0.000000 -0.000000 -0.000000 0 128
-0.003000 0.112000 -0.115000 0 0
0.005000 0.073000 -0.078000 0 0
0.005000 0.110000 -0.115000 0 0
0.000000 -0.000000 -0.000000 0 128
0.000000 -0.000000 -0.000000 0 0
0.000000 -0.000000 -0.000000 0 0
0.000000 -0.000000 -0.000000 0 0
0.004000 0.114000 -0.117000 0 0
0.000000 -0.000000 -0.000000 0 128
0.000000 -0.000000 -0.000000 0 128
0.000000 -0.000000 -0.000000 0 128
0.000000 -0.000000 -0.000000 0 0
0.000000 -0.000000 -0.000000 0 128
0.000000 -0.000000 -0.000000 0 128
0.000000 -0.000000 -0.000000 0 128
0.000000 -0.000000 -0.000000 0 128
0.006000 0.109000 -0.110000 0 0
0.014000 0.090000 -0.098000 0 0
0.000000 -0.000000 -0.000000 0 128
0.000000 -0.000000 -0.000000 0 128
0.000000 -0.000000 -0.000000 0 0
0.000000 -0.000000 -0.000000 0 0
0.000000 -0.000000 -0.000000 0 128
0.000000 -0.000000 -0.000000 0 128
0.007000 0.070000 -0.070000 0 0
-0.372000 1.159000 -1.236000 19 0
0.000000 -0.000000 -0.000000 0 0
0.000000 -0.000000 -0.000000 0 0
-0.464000 1.037000 -1.238000 7 0
-0.344000 1.158000 -1.230000 17 0
0.000000 -0.000000 -0.000000 0 0
0.000000 -0.000000 -0.000000 0 0
0.000000 -0.000000 -0.000000 0 0
-0.316000 1.155000 -1.222000 14 0
-0.355000 1.138000 -1.242000 0 0
0.000000 -0.000000 -0.000000 0 0
0.000000 -0.000000 -0.000000 0 0
-0.293000 1.169000 -1.233000 17 0
-0.329000 1.140000 -1.236000 16 0
0.000000 -0.000000 -0.000000 0 0
-0.396000 1.072000 -1.231000 7 0
-0.264000 1.163000 -1.223000 12 0
-0.302000 1.142000 -1.231000 19 0
-0.337000 1.114000 -1.230000 1 0
-0.371000 1.080000 -1.226000 1 0
0.000000 -0.000000 -0.000000 0 0
-0.276000 1.144000 -1.228000 16 0
-0.312000 1.121000 -1.227000 11 0
0.000000 -0.000000 -0.000000 0 0
-0.022000 0.124000 -0.130000 1 0
0.000000 -0.000000 -0.000000 0 0
-0.288000 1.128000 -1.226000 14 0
0.000000 -0.000000 -0.000000 0 0
0.000000 -0.000000 -0.000000 0 0
0.000000 -0.000000 -0.000000 0 0
-0.261000 1.128000 -1.217000 11 0
-0.300000 1.115000 -1.226000 12 0
-0.016000 0.119000 -0.125000 1 0
-0.021000 0.123000 -0.130000 1 0
0.000000 -0.000000 -0.000000 0 0
-0.275000 1.123000 -1.222000 13 0
0.000000 -0.000000 -0.000000 0 0
0.000000 -0.000000 -0.000000 0 0
-0.023000 0.124000 -0.133000 1 0
0.000000 -0.000000 -0.000000 0 0
-0.010000 0.114000 -0.119000 1 0
-0.015000 0.121000 -0.127000 0 0
0.000000 -0.000000 -0.000000 0 0
0.000000 -0.000000 -0.000000 0 0
0.000000 -0.000000 -0.000000 0 0
0.000000 -0.000000 -0.000000 0 0
-0.016000 0.119000 -0.125000 1 0
-0.021000 0.122000 -0.130000 1 0
-0.005000 0.113000 -0.119000 1 0
-0.010000 0.121000 -0.127000 0 0
0.000000 -0.000000 -0.000000 0 0
0.000000 -0.000000 -0.000000 0 0
0.000000 -0.000000 -0.000000 0 0
0.000000 -0.000000 -0.000000 0 0
-0.011000 0.118000 -0.123000 0 0
-0.015000 0.125000 -0.130000 1 0
0.000000 -0.000000 -0.000000 0 128
-0.004000 0.112000 -0.117000 0 0
0.000000 -0.000000 -0.000000 0 0
0.000000 -0.000000 -0.000000 0 0
0.000000 -0.000000 -0.000000 0 128
0.000000 -0.000000 -0.000000 0 0
-0.005000 0.114000 -0.118000 0 0
-0.009000 0.120000 -0.124000 1 0
0.003000 0.090000 -0.095000 0 0
0.000000 0.073000 -0.077000 0 0
0.000000 -0.000000 -0.000000 0 0
0.000000 -0.000000 -0.000000 0 0
0.000000 -0.000000 -0.000000 0 0
0.000000 -0.000000 -0.000000 0 0
0.000000 -0.000000 -0.000000 0 128
-0.003000 0.112000 -0.115000 0 0
0.005000 0.073000 -0.078000 0 0
0.005000 0.110000 -0.115000 0 0
0.000000 -0.000000 -0.000000 0 128
0.000000 -0.000000 -0.000000 0 0
0.000000 -0.000000 -0.000000 0 0
0.000000 -0.000000 -0.000000 0 0
0.004000 0.114000 -0.117000 0 0
0.000000 -0.000000 -0.000000 0 128
0.000000 -0.000000 -0.000000 0 128
0.000000 -0.000000 -0.000000 0 128
0.000000 -0.000000 -0.000000 0 0
0.000000 -0.000000 -0.000000 0 128
0.000000 -0.000000 -0.000000 0 128
0.000000 -0.000000 -0.000000 0 128
0.000000 -0.000000 -0.000000 0 128
0.006000 0.109000 -0.110000 0 0
0.014000 0.090000 -0.098000 0 0
0.000000 -0.000000 -0.000000 0 128
0.000000 -0.000000 -0.000000 0 128
0.000000 -0.000000 -0.000000 0 0
0.000000 -0.000000 -0.000000 0 0
0.000000 -0.000000 -0.000000 0 128
0.000000 -0.000000 -0.000000 0 128
0.007000 0.070000 -0.070000 0 0
0.000000 -0.000000 -0.000000 1 0
0.020000 0.112000 -0.119000 0 16
0.000000 -0.000000 -0.000000 0 128
0.000000 -0.000000 -0.000000 0 0
0.000000 -0.000000 -0.000000 0 0
0.000000 -0.000000 -0.000000 0 0
0.019000 0.108000 -0.111000 0 16
0.016000 0.107000 -0.107000 0 0
0.000000 -0.000000 -0.000000 1 0
0.024000 0.110000 -0.118000 0 16
0.000000 -0.000000 -0.000000 0 0
0.000000 -0.000000 -0.000000 0 0
0.000000 -0.000000 -0.000000 0 0
0.000000 -0.000000 -0.000000 0 0
0.024000 0.110000 -0.114000 0 16
0.022000 0.112000 -0.112000 1 0
0.000000 -0.000000 -0.000000 1 0
0.027000 0.101000 -0.110000 0 0
0.000000 -0.000000 -0.000000 0 0
0.000000 -0.000000 -0.000000 0 0
0.000000 -0.000000 -0.000000 0 0
0.000000 -0.000000 -0.000000 0 0
0.027000 0.101000 -0.105000 0 0
0.027000 0.111000 -0.111000 1 0
0.000000 -0.000000 -0.000000 3 16
0.036000 0.116000 -0.128000 3 16
0.000000 -0.000000 -0.000000 0 0
0.000000 -0.000000 -0.000000 0 0
0.000000 -0.000000 -0.000000 0 0
0.000000 -0.000000 -0.000000 0 0
0.037000 0.116000 -0.123000 1 16
0.037000 0.126000 -0.128000 1 0
0.000000 -0.000000 -0.000000 1 0
0.044000 0.120000 -0.134000 1 16
0.000000 -0.000000 -0.000000 0 0
0.000000 -0.000000 -0.000000 0 0
0.415000 0.998000 -1.185000 2 0
0.000000 -0.000000 -0.000000 0 0
0.045000 0.123000 -0.131000 1 16
0.039000 0.112000 -0.115000 0 0
0.441000 1.001000 -1.202000 13 0
0.446000 1.073000 -1.219000 1 0
0.438000 1.110000 -1.195000 6 0
0.437000 1.168000 -1.196000 7 0
0.000000 -0.000000 -0.000000 1 64
0.462000 1.047000 -1.201000 13 0
0.466000 1.106000 -1.200000 14 0
0.467000 1.166000 -1.200000 15 0
0.481000 0.980000 -1.204000 13 0
0.485000 1.037000 -1.201000 13 0
0.491000 1.096000 -1.199000 14 0
0.495000 1.157000 -1.199000 16 0
0.000000 -0.000000 -0.000000 1 64
0.506000 1.025000 -1.200000 13 0
0.516000 1.086000 -1.198000 14 0
0.525000 1.152000 -1.201000 14 0
0.517000 0.951000 -1.198000 13 0
0.529000 1.014000 -1.200000 13 0
0.541000 1.075000 -1.197000 14 0
0.553000 1.140000 -1.199000 15 0
0.000000 -0.000000 -0.000000 1 64
0.550000 1.002000 -1.200000 13 0
0.565000 1.062000 -1.194000 13 0
0.579000 1.126000 -1.194000 17 0
0.556000 0.929000 -1.202000 15 0
0.571000 0.989000 -1.198000 12 0
0.591000 1.053000 -1.197000 15 0
0.609000 1.119000 -1.197000 16 0
0.000000 -0.000000 -0.000000 1 64
0.592000 0.976000 -1.197000 12 0
0.614000 1.039000 -1.193000 13 0
0.635000 1.106000 -1.194000 15 0
0.591000 0.902000 -1.201000 14 0
0.613000 0.961000 -1.196000 11 0
0.637000 1.024000 -1.191000 13 0
0.662000 1.093000 -1.193000 16 0
0.000000 -0.000000 -0.000000 1 64
0.635000 0.951000 -1.199000 13 0
0.661000 1.012000 -1.191000 13 0
0.688000 1.077000 -1.190000 15 0
0.624000 0.871000 -1.197000 10 0
0.655000 0.935000 -1.197000 12 0
0.684000 0.997000 -1.190000 13 0
0.715000 1.063000 -1.189000 16 0
0.000000 -0.000000 -0.000000 0 0
0.674000 0.920000 -1.195000 12 0
0.706000 0.981000 -1.187000 15 0
0.741000 1.048000 -1.187000 16 0
0.000000 -0.000000 -0.000000 0 0
0.691000 0.902000 -1.190000 10 0
0.730000 0.966000 -1.188000 15 0
0.766000 1.032000 -1.185000 16 0
0.000000 -0.000000 -0.000000 0 192
0.000000 -0.000000 -0.000000 0 0
0.750000 0.948000 -1.183000 11 0
0.791000 1.015000 -1.183000 16 0
0.000000 -0.000000 -0.000000 1 0
0.020000 0.112000 -0.119000 0 16
0.000000 -0.000000 -0.000000 0 128
0.000000 -0.000000 -0.000000 0 0
0.000000 -0.000000 -0.000000 0 0
0.000000 -0.000000 -0.000000 0 0
0.019000 0.108000 -0.111000 0 16
0.016000 0.107000 -0.107000 0 0
0.000000 -0.000000 -0.000000 1 0
0.024000 0.110000 -0.118000 0 16
0.000000 -0.000000 -0.000000 0 0
0.000000 -0.000000 -0.000000 0 0
0.000000 -0.000000 -0.000000 0 0
0.000000 -0.000000 -0.000000 0 0
0.024000 0.110000 -0.114000 0 16
0.022000 0.112000 -0.112000 1 0
0.000000 -0.000000 -0.000000 1 0
0.027000 0.101000 -0.110000 0 0
0.000000 -0.000000 -0.000000 0 0
0.000000 -0.000000 -0.000000 0 0
0.000000 -0.000000 -0.000000 0 0
0.000000 -0.000000 -0.000000 0 0
0.027000 0.101000 -0.105000 0 0
0.027000 0.111000 -0.111000 1 0
0.000000 -0.000000 -0.000000 3 16
0.036000 0.116000 -0.128000 3 16
0.000000 -0.000000 -0.000000 0 0
0.000000 -0.000000 -0.000000 0 0
0.000000 -0.000000 -0.000000 0 0
0.000000 -0.000000 -0.000000 0 0
0.037000 0.116000 -0.123000 1 16
0.037000 0.126000 -0.128000 1 0
0.000000 -0.000000 -0.000000 1 0
0.044000 0.120000 -0.134000 1 16
0.000000 -0.000000 -0.000000 0 0
0.000000 -0.000000 -0.000000 0 0
0.415000 0.998000 -1.185000 2 0
0.000000 -0.000000 -0.000000 0 0
0.045000 0.123000 -0.131000 1 16
0.039000 0.112000 -0.115000 0 0
0.441000 1.001000 -1.202000 13 0
0.446000 1.073000 -1.219000 1 0
0.438000 1.110000 -1.195000 6 0
0.437000 1.168000 -1.196000 7 0
0.000000 -0.000000 -0.000000 1 64
0.462000 1.047000 -1.201000 13 0
0.466000 1.106000 -1.200000 14 0
0.467000 1.166000 -1.200000 15 0
0.481000 0.980000 -1.204000 13 0
0.485000 1.037000 -1.201000 13 0
0.491000 1.096000 -1.199000 14 0
0.495000 1.157000 -1.199000 16 0
0.000000 -0.000000 -0.000000 1 64
0.506000 1.025000 -1.200000 13 0
0.516000 1.086000 -1.198000 14 0
0.525000 1.152000 -1.201000 14 0
0.517000 0.951000 -1.198000 13 0
0.529000 1.014000 -1.200000 13 0
0.541000 1.075000 -1.197000 14 0
0.553000 1.140000 -1.199000 15 0
0.000000 -0.000000 -0.000000 1 64
0.550000 1.002000 -1.200000 13 0
0.565000 1.062000 -1.194000 13 0
0.579000 1.126000 -1.194000 17 0
0.556000 0.929000 -1.202000 15 0
0.571000 0.989000 -1.198000 12 0
0.591000 1.053000 -1.197000 15 0
0.609000 1.119000 -1.197000 16 0
0.000000 -0.000000 -0.000000 1 64
0.592000 0.976000 -1.197000 12 0
0.614000 1.039000 -1.193000 13 0
0.635000 1.106000 -1.194000 15 0
0.591000 0.902000 -1.201000 14 0
0.613000 0.961000 -1.196000 11 0
0.637000 1.024000 -1.191000 13 0
0.662000 1.093000 -1.193000 16 0
0.000000 -0.000000 -0.000000 1 64
0.635000 0.951000 -1.199000 13 0
0.661000 1.012000 -1.191000 13 0
0.688000 1.077000 -1.190000 15 0
0.624000 0.871000 -1.197000 10 0
0.655000 0.935000 -1.197000 12 0
0.684000 0.997000 -1.190000 13 0
0.715000 1.063000 -1.189000 16 0
0.000000 -0.000000 -0.000000 0 0
0.674000 0.920000 -1.195000 12 0
0.706000 0.981000 -1.187000 15 0
0.741000 1.048000 -1.187000 16 0
0.000000 -0.000000 -0.000000 0 0
0.691000 0.902000 -1.190000 10 0
0.730000 0.966000 -1.188000 15 0
0.766000 1.032000 -1.185000 16 0
0.000000 -0.000000 -0.000000 0 192
0.000000 -0.000000 -0.000000 0 0
0.750000 0.948000 -1.183000 11 0
0.791000 1.015000 -1.183000 16 0
0.000000 -0.000000 -0.000000 0 192
0.000000 -0.000000 -0.000000 0 0
0.000000 -0.000000 -0.000000 0 0
0.818000 0.999000 -1.184000 11 0
0.000000 -0.000000 -0.000000 0 192
0.000000 -0.000000 -0.000000 0 0
0.000000 -0.000000 -0.000000 0 0
0.846000 0.985000 -1.187000 4 0
0.000000 -0.000000 -0.000000 0 192
0.000000 -0.000000 -0.000000 0 192
0.000000 -0.000000 -0.000000 0 0
0.847000 0.942000 -1.155000 0 0
0.000000 -0.000000 -0.000000 0 128
0.000000 -0.000000 -0.000000 0 192
0.000000 -0.000000 -0.000000 0 192
0.000000 -0.000000 -0.000000 0 0
0.000000 -0.000000 -0.000000 0 128
0.000000 -0.000000 -0.000000 0 128
0.000000 -0.000000 -0.000000 0 128
0.000000 -0.000000 -0.000000 0 192
0.000000 -0.000000 -0.000000 0 128
0.000000 -0.000000 -0.000000 0 128
0.000000 -0.000000 -0.000000 0 128
0.000000 -0.000000 -0.000000 0 128
0.000000 -0.000000 -0.000000 0 128
0.000000 -0.000000 -0.000000 0 128
0.000000 -0.000000 -0.000000 0 128
0.000000 -0.000000 -0.000000 0 128
0.000000 -0.000000 -0.000000 0 128
0.000000 -0.000000 -0.000000 0 128
0.000000 -0.000000 -0.000000 0 128
0.000000 -0.000000 -0.000000 0 128
0.000000 -0.000000 -0.000000 0 192
0.000000 -0.000000 -0.000000 0 192
0.000000 -0.000000 -0.000000 0 128
0.000000 -0.000000 -0.000000 0 128
0.000000 -0.000000 -0.000000 0 192
0.000000 -0.000000 -0.000000 0 128
0.000000 -0.000000 -0.000000 0 128
0.000000 -0.000000 -0.000000 0 128
0.000000 -0.000000 -0.000000 0 192
0.000000 -0.000000 -0.000000 0 192
0.000000 -0.000000 -0.000000 0 128
0.000000 -0.000000 -0.000000 0 128
0.000000 -0.000000 -0.000000 0 192
0.000000 -0.000000 -0.000000 0 128
0.000000 -0.000000 -0.000000 0 128
0.000000 -0.000000 -0.000000 0 128
0.000000 -0.000000 -0.000000 0 192
0.000000 -0.000000 -0.000000 0 128
0.000000 -0.000000 -0.000000 0 128
0.000000 -0.000000 -0.000000 0 128
0.000000 -0.000000 -0.000000 0 128
0.000000 -0.000000 -0.000000 0 128
0.000000 -0.000000 -0.000000 0 128
0.000000 -0.000000 -0.000000 0 128
0.000000 -0.000000 -0.000000 0 128
0.000000 -0.000000 -0.000000 0 128
0.000000 -0.000000 -0.000000 0 128
0.000000 -0.000000 -0.000000 0 128
0.000000 -0.000000 -0.000000 0 128
0.000000 -0.000000 -0.000000 0 128
0.000000 -0.000000 -0.000000 0 128
0.000000 -0.000000 -0.000000 0 128
0.000000 -0.000000 -0.000000 0 128
0.000000 -0.000000 -0.000000 0 128
0.000000 -0.000000 -0.000000 0 128
0.000000 -0.000000 -0.000000 0 128
0.000000 -0.000000 -0.000000 0 128
0.000000 -0.000000 -0.000000 0 128
0.000000 -0.000000 -0.000000 0 128
0.000000 -0.000000 -0.000000 0 128
0.000000 -0.000000 -0.000000 0 128
0.000000 -0.000000 -0.000000 0 128
0.000000 -0.000000 -0.000000 0 128
0.000000 -0.000000 -0.000000 0 128
0.000000 -0.000000 -0.000000 0 128
0.000000 -0.000000 -0.000000 0 128
0.000000 -0.000000 -0.000000 0 128
0.000000 -0.000000 -0.000000 0 128
0.000000 -0.000000 -0.000000 0 128
0.000000 -0.000000 -0.000000 0 128
0.000000 -0.000000 -0.000000 0 128
0.000000 -0.000000 -0.000000 0 192
0.000000 -0.000000 -0.000000 0 128
0.000000 -0.000000 -0.000000 0 128
0.000000 -0.000000 -0.000000 0 128
0.000000 -0.000000 -0.000000 0 128
0.000000 -0.000000 -0.000000 0 128
0.000000 -0.000000 -0.000000 0 128
0.000000 -0.000000 -0.000000 0 128
0.000000 -0.000000 -0.000000 0 128
0.000000 -0.000000 -0.000000 0 128
0.000000 -0.000000 -0.000000 0 128
0.000000 -0.000000 -0.000000 0 192
0.000000 -0.000000 -0.000000 0 128
0.000000 -0.000000 -0.000000 0 192
0.000000 -0.000000 -0.000000 0 0
0.000000 -0.000000 -0.000000 0 0
0.818000 0.999000 -1.184000 11 0
0.000000 -0.000000 -0.000000 0 192
0.000000 -0.000000 -0.000000 0 0
0.000000 -0.000000 -0.000000 0 0
0.846000 0.985000 -1.187000 4 0
0.000000 -0.000000 -0.000000 0 192
0.000000 -0.000000 -0.000000 0 192
0.000000 -0.000000 -0.000000 0 0
0.847000 0.942000 -1.155000 0 0
0.000000 -0.000000 -0.000000 0 128
0.000000 -0.000000 -0.000000 0 192
0.000000 -0.000000 -0.000000 0 192
0.000000 -0.000000 -0.000000 0 0
0.000000 -0.000000 -0.000000 0 128
0.000000 -0.000000 -0.000000 0 128
0.000000 -0.000000 -0.000000 0 128
0.000000 -0.000000 -0.000000 0 192
0.000000 -0.000000 -0.000000 0 128
0.000000 -0.000000 -0.000000 0 128
0.000000 -0.000000 -0.000000 0 128
0.000000 -0.000000 -0.000000 0 128
0.000000 -0.000000 -0.000000 0 128
0.000000 -0.000000 -0.000000 0 128
0.000000 -0.000000 -0.000000 0 128
0.000000 -0.000000 -0.000000 0 128
0.000000 -0.000000 -0.000000 0 128
0.000000 -0.000000 -0.000000 0 128
0.000000 -0.000000 -0.000000 0 128
0.000000 -0.000000 -0.000000 0 128
0.000000 -0.000000 -0.000000 0 192
0.000000 -0.000000 -0.000000 0 192
0.000000 -0.000000 -0.000000 0 128
0.000000 -0.000000 -0.000000 0 128
0.000000 -0.000000 -0.000000 0 192
0.000000 -0.000000 -0.000000 0 128
0.000000 -0.000000 -0.000000 0 128
0.000000 -0.000000 -0.000000 0 128
0.000000 -0.000000 -0.000000 0 192
0.000000 -0.000000 -0.000000 0 192
0.000000 -0.000000 -0.000000 0 128
0.000000 -0.000000 -0.000000 0 128
0.000000 -0.000000 -0.000000 0 192
0.000000 -0.000000 -0.000000 0 128
0.000000 -0.000000 -0.000000 0 128
0.000000 -0.000000 -0.000000 0 128
0.000000 -0.000000 -0.000000 0 192
0.000000 -0.000000 -0.000000 0 128
0.000000 -0.000000 -0.000000 0 128
0.000000 -0.000000 -0.000000 0 128
0.000000 -0.000000 -0.000000 0 128
0.000000 -0.000000 -0.000000 0 128
0.000000 -0.000000 -0.000000 0 128
0.000000 -0.000000 -0.000000 0 128
0.000000 -0.000000 -0.000000 0 128
0.000000 -0.000000 -0.000000 0 128
0.000000 -0.000000 -0.000000 0 128
0.000000 -0.000000 -0.000000 0 128
0.000000 -0.000000 -0.000000 0 128
0.000000 -0.000000 -0.000000 0 128
0.000000 -0.000000 -0.000000 0 128
0.000000 -0.000000 -0.000000 0 128
0.000000 -0.000000 -0.000000 0 128
0.000000 -0.000000 -0.000000 0 128
0.000000 -0.000000 -0.000000 0 128
0.000000 -0.000000 -0.000000 0 128
0.000000 -0.000000 -0.000000 0 128
0.000000 -0.000000 -0.000000 0 128
0.000000 -0.000000 -0.000000 0 128
0.000000 -0.000000 -0.000000 0 128
0.000000 -0.000000 -0.000000 0 128
0.000000 -0.000000 -0.000000 0 128
0.000000 -0.000000 -0.000000 0 128
0.000000 -0.000000 -0.000000 0 128
0.000000 -0.000000 -0.000000 0 128
0.000000 -0.000000 -0.000000 0 128
0.000000 -0.000000 -0.000000 0 128
0.000000 -0.000000 -0.000000 0 128
0.000000 -0.000000 -0.000000 0 128
0.000000 -0.000000 -0.000000 0 128
0.000000 -0.000000 -0.000000 0 128
0.000000 -0.000000 -0.000000 0 192
0.000000 -0.000000 -0.000000 0 128
0.000000 -0.000000 -0.000000 0 128
0.000000 -0.000000 -0.000000 0 128
0.000000 -0.000000 -0.000000 0 128
0.000000 -0.000000 -0.000000 0 128
0.000000 -0.000000 -0.000000 0 128
0.000000 -0.000000 -0.000000 0 128
0.000000 -0.000000 -0.000000 0 128
0.000000 -0.000000 -0.000000 0 128
0.000000 -0.000000 -0.000000 0 128
0.000000 -0.000000 -0.000000 0 192
0.000000 -0.000000 -0.000000 0 128
0.000000 -0.000000 -0.000000 0 128
0.000000 -0.000000 -0.000000 0 128
0.000000 -0.000000 -0.000000 0 128
0.000000 -0.000000 -0.000000 0 128
0.000000 -0.000000 -0.000000 0 128
0.000000 -0.000000 -0.000000 0 128
0.000000 -0.000000 -0.000000 0 128
0.000000 -0.000000 -0.000000 0 128
0.000000 -0.000000 -0.000000 0 128
0.000000 -0.000000 -0.000000 0 128
0.000000 -0.000000 -0.000000 0 128
0.000000 -0.000000 -0.000000 0 128
0.000000 -0.000000 -0.000000 0 128
0.000000 -0.000000 -0.000000 0 128
0.000000 -0.000000 -0.000000 0 128
0.000000 -0.000000 -0.000000 0 128
0.000000 -0.000000 -0.000000 0 128
0.000000 -0.000000 -0.000000 0 192
0.000000 -0.000000 -0.000000 0 128
0.000000 -0.000000 -0.000000 0 128
0.000000 -0.000000 -0.000000 0 128
0.000000 -0.000000 -0.000000 0 192
0.000000 -0.000000 -0.000000 0 0
0.000000 -0.000000 -0.000000 0 128
0.000000 -0.000000 -0.000000 0 128
0.000000 -0.000000 -0.000000 0 192
0.000000 -0.000000 -0.000000 0 0
0.000000 -0.000000 -0.000000 0 0
0.000000 -0.000000 -0.000000 0 128
0.000000 -0.000000 -0.000000 0 128
0.000000 -0.000000 -0.000000 0 0
0.000000 -0.000000 -0.000000 0 128
0.000000 -0.000000 -0.000000 0 128
0.000000 -0.000000 -0.000000 0 192
0.000000 -0.000000 -0.000000 0 0
0.000000 -0.000000 -0.000000 0 0
0.000000 -0.000000 -0.000000 0 128
0.000000 -0.000000 -0.000000 0 128
0.000000 -0.000000 -0.000000 0 0
0.000000 -0.000000 -0.000000 0 128
0.000000 -0.000000 -0.000000 0 128
0.000000 -0.000000 -0.000000 0 128
0.000000 -0.000000 -0.000000 0 0
0.000000 -0.000000 -0.000000 0 128
0.000000 -0.000000 -0.000000 0 128
0.000000 -0.000000 -0.000000 0 128
0.000000 -0.000000 -0.000000 0 0
0.000000 -0.000000 -0.000000 0 128
0.000000 -0.000000 -0.000000 0 192
0.000000 -0.000000 -0.000000 0 128
0.000000 -0.000000 -0.000000 0 0
0.000000 -0.000000 -0.000000 0 128
0.000000 -0.000000 -0.000000 0 128
0.000000 -0.000000 -0.000000 0 128
0.000000 -0.000000 -0.000000 0 128
0.000000 -0.000000 -0.000000 0 128
0.000000 -0.000000 -0.000000 0 192
0.000000 -0.000000 -0.000000 0 128
0.000000 -0.000000 -0.000000 0 128
0.000000 -0.000000 -0.000000 0 128
0.000000 -0.000000 -0.000000 0 192
0.000000 -0.000000 -0.000000 0 128
0.000000 -0.000000 -0.000000 0 128
0.000000 -0.000000 -0.000000 0 128
0.000000 -0.000000 -0.000000 0 192
0.000000 -0.000000 -0.000000 0 128
0.000000 -0.000000 -0.000000 0 128
0.000000 -0.000000 -0.000000 0 128
0.000000 -0.000000 -0.000000 0 192
0.000000 -0.000000 -0.000000 0 128
0.000000 -0.000000 -0.000000 0 128
0.000000 -0.000000 -0.000000 0 128
0.000000 -0.000000 -0.000000 0 192
0.000000 -0.000000 -0.000000 0 128
0.000000 -0.000000 -0.000000 0 128
0.000000 -0.000000 -0.000000 0 128
0.000000 -0.000000 -0.000000 0 192
0.000000 -0.000000 -0.000000 0 128
0.000000 -0.000000 -0.000000 0 128
0.000000 -0.000000 -0.000000 0 128
0.000000 -0.000000 -0.000000 0 192
0.000000 -0.000000 -0.000000 0 128
0.000000 -0.000000 -0.000000 0 128
0.000000 -0.000000 -0.000000 0 128
0.000000 -0.000000 -0.000000 0 192
0.000000 -0.000000 -0.000000 0 128
0.000000 -0.000000 -0.000000 0 0
0.000000 -0.000000 -0.000000 0 128
0.000000 -0.000000 -0.000000 0 192
0.000000 -0.000000 -0.000000 0 128
0.000000 -0.000000 -0.000000 0 0
0.000000 -0.000000 -0.000000 0 128
0.000000 -0.000000 -0.000000 0 192
0.000000 -0.000000 -0.000000 0 128
0.000000 -0.000000 -0.000000 0 128
0.000000 -0.000000 -0.000000 0 0
0.000000 -0.000000 -0.000000 0 128
0.000000 -0.000000 -0.000000 0 128
0.000000 -0.000000 -0.000000 0 128
0.000000 -0.000000 -0.000000 0 128
0.000000 -0.000000 -0.000000 0 128
0.000000 -0.000000 -0.000000 0 128
0.000000 -0.000000 -0.000000 0 128
0.000000 -0.000000 -0.000000 0 128
0.000000 -0.000000 -0.000000 0 128
0.000000 -0.000000 -0.000000 0 128
0.000000 -0.000000 -0.000000 0 128
0.000000 -0.000000 -0.000000 0 128
0.000000 -0.000000 -0.000000 0 128
0.000000 -0.000000 -0.000000 0 128
0.000000 -0.000000 -0.000000 0 128
0.000000 -0.000000 -0.000000 0 128
0.000000 -0.000000 -0.000000 0 128
0.000000 -0.000000 -0.000000 0 192
0.000000 -0.000000 -0.000000 0 128
0.000000 -0.000000 -0.000000 0 128
0.000000 -0.000000 -0.000000 0 128
0.000000 -0.000000 -0.000000 0 192
0.000000 -0.000000 -0.000000 0 0
0.000000 -0.000000 -0.000000 0 128
0.000000 -0.000000 -0.000000 0 128
0.000000 -0.000000 -0.000000 0 192
0.000000 -0.000000 -0.000000 0 0
0.000000 -0.000000 -0.000000 0 0
0.000000 -0.000000 -0.000000 0 128
0.000000 -0.000000 -0.000000 0 128
0.000000 -0.000000 -0.000000 0 0
0.000000 -0.000000 -0.000000 0 128
0.000000 -0.000000 -0.000000 0 128
0.000000 -0.000000 -0.000000 0 192
0.000000 -0.000000 -0.000000 0 0
0.000000 -0.000000 -0.000000 0 0
0.000000 -0.000000 -0.000000 0 128
0.000000 -0.000000 -0.000000 0 128
0.000000 -0.000000 -0.000000 0 0
0.000000 -0.000000 -0.000000 0 128
0.000000 -0.000000 -0.000000 0 128
0.000000 -0.000000 -0.000000 0 128
0.000000 -0.000000 -0.000000 0 0
0.000000 -0.000000 -0.000000 0 128
0.000000 -0.000000 -0.000000 0 128
0.000000 -0.000000 -0.000000 0 128
0.000000 -0.000000 -0.000000 0 0
0.000000 -0.000000 -0.000000 0 128
0.000000 -0.000000 -0.000000 0 192
0.000000 -0.000000 -0.000000 0 128
0.000000 -0.000000 -0.000000 0 0
0.000000 -0.000000 -0.000000 0 128
0.000000 -0.000000 -0.000000 0 128
0.000000 -0.000000 -0.000000 0 128
0.000000 -0.000000 -0.000000 0 128
0.000000 -0.000000 -0.000000 0 128
0.000000 -0.000000 -0.000000 0 192
0.000000 -0.000000 -0.000000 0 128
0.000000 -0.000000 -0.000000 0 128
0.000000 -0.000000 -0.000000 0 128
0.000000 -0.000000 -0.000000 0 192
0.000000 -0.000000 -0.000000 0 128
0.000000 -0.000000 -0.000000 0 128
0.000000 -0.000000 -0.000000 0 128
0.000000 -0.000000 -0.000000 0 192
0.000000 -0.000000 -0.000000 0 128
0.000000 -0.000000 -0.000000 0 128
0.000000 -0.000000 -0.000000 0 128
0.000000 -0.000000 -0.000000 0 192
0.000000 -0.000000 -0.000000 0 128
0.000000 -0.000000 -0.000000 0 128
0.000000 -0.000000 -0.000000 0 128
0.000000 -0.000000 -0.000000 0 192
0.000000 -0.000000 -0.000000 0 128
0.000000 -0.000000 -0.000000 0 128
0.000000 -0.000000 -0.000000 0 128
0.000000 -0.000000 -0.000000 0 192
0.000000 -0.000000 -0.000000 0 128
0.000000 -0.000000 -0.000000 0 128
0.000000 -0.000000 -0.000000 0 128
0.000000 -0.000000 -0.000000 0 192
0.000000 -0.000000 -0.000000 0 128
0.000000 -0.000000 -0.000000 0 128
0.000000 -0.000000 -0.000000 0 128
0.000000 -0.000000 -0.000000 0 192
0.000000 -0.000000 -0.000000 0 128
0.000000 -0.000000 -0.000000 0 0
0.000000 -0.000000 -0.000000 0 128
0.000000 -0.000000 -0.000000 0 192
0.000000 -0.000000 -0.000000 0 128
0.000000 -0.000000 -0.000000 0 0
0.000000 -0.000000 -0.000000 0 128
0.000000 -0.000000 -0.000000 0 192
0.000000 -0.000000 -0.000000 0 128
0.000000 -0.000000 -0.000000 0 128
0.000000 -0.000000 -0.000000 0 0
0.000000 -0.000000 -0.000000 0 192
0.000000 -0.000000 -0.000000 0 128
0.000000 -0.000000 -0.000000 0 128
0.000000 -0.000000 -0.000000 0 128
0.000000 -0.000000 -0.000000 0 128
0.000000 -0.000000 -0.000000 0 128
0.000000 -0.000000 -0.000000 0 128
0.000000 -0.000000 -0.000000 0 0
0.000000 -0.000000 -0.000000 0 192
0.000000 -0.000000 -0.000000 0 192
0.000000 -0.000000 -0.000000 0 128
0.000000 -0.000000 -0.000000 0 0
0.000000 -0.000000 -0.000000 0 128
0.000000 -0.000000 -0.000000 0 192
0.000000 -0.000000 -0.000000 0 128
0.000000 -0.000000 -0.000000 0 128
0.000000 -0.000000 -0.000000 0 192
0.000000 -0.000000 -0.000000 0 192
0.000000 -0.000000 -0.000000 0 128
0.000000 -0.000000 -0.000000 0 128
0.000000 -0.000000 -0.000000 0 128
0.000000 -0.000000 -0.000000 0 128
0.000000 -0.000000 -0.000000 0 192
0.000000 -0.000000 -0.000000 0 128
0.000000 -0.000000 -0.000000 0 128
0.000000 -0.000000 -0.000000 0 128
0.000000 -0.000000 -0.000000 0 128
0.000000 -0.000000 -0.000000 0 128
0.000000 -0.000000 -0.000000 0 128
0.000000 -0.000000 -0.000000 0 128
0.000000 -0.000000 -0.000000 0 192
0.000000 -0.000000 -0.000000 0 128
0.000000 -0.000000 -0.000000 0 128
0.000000 -0.000000 -0.000000 0 128
0.000000 -0.000000 -0.000000 0 128
0.000000 -0.000000 -0.000000 0 128
0.000000 -0.000000 -0.000000 0 128
0.000000 -0.000000 -0.000000 0 128
0.000000 -0.000000 -0.000000 0 128
0.000000 -0.000000 -0.000000 0 128
0.000000 -0.000000 -0.000000 0 128
0.000000 -0.000000 -0.000000 0 128
0.000000 -0.000000 -0.000000 0 128
0.000000 -0.000000 -0.000000 0 128
0.000000 -0.000000 -0.000000 0 128
0.000000 -0.000000 -0.000000 0 128
0.000000 -0.000000 -0.000000 0 128
0.000000 -0.000000 -0.000000 0 128
0.000000 -0.000000 -0.000000 0 128
0.000000 -0.000000 -0.000000 0 128
0.000000 -0.000000 -0.000000 0 128
0.000000 -0.000000 -0.000000 0 128
0.000000 -0.000000 -0.000000 0 128
0.000000 -0.000000 -0.000000 0 128
0.000000 -0.000000 -0.000000 0 128
0.000000 -0.000000 -0.000000 0 128
0.000000 -0.000000 -0.000000 0 128
0.000000 -0.000000 -0.000000 0 128
0.000000 -0.000000 -0.000000 0 128
0.000000 -0.000000 -0.000000 0 128
0.000000 -0.000000 -0.000000 0 128
0.000000 -0.000000 -0.000000 0 128
0.000000 -0.000000 -0.000000 0 128
0.000000 -0.000000 -0.000000 0 128
0.000000 -0.000000 -0.000000 0 128
0.000000 -0.000000 -0.000000 0 128
0.000000 -0.000000 -0.000000 0 128
0.000000 -0.000000 -0.000000 0 128
0.000000 -0.000000 -0.000000 0 128
0.000000 -0.000000 -0.000000 0 128
0.000000 -0.000000 -0.000000 0 128
0.000000 -0.000000 -0.000000 0 128
0.000000 -0.000000 -0.000000 0 128
0.000000 -0.000000 -0.000000 0 128
0.000000 -0.000000 -0.000000 0 128
0.000000 -0.000000 -0.000000 0 128
0.000000 -0.000000 -0.000000 0 128
0.000000 -0.000000 -0.000000 0 128
0.000000 -0.000000 -0.000000 0 128
0.000000 -0.000000 -0.000000 0 128
0.000000 -0.000000 -0.000000 0 128
0.000000 -0.000000 -0.000000 0 128
0.000000 -0.000000 -0.000000 0 128
0.000000 -0.000000 -0.000000 0 128
0.000000 -0.000000 -0.000000 0 128
0.000000 -0.000000 -0.000000 0 128
0.000000 -0.000000 -0.000000 0 128
0.000000 -0.000000 -0.000000 0 128
0.000000 -0.000000 -0.000000 0 128
0.000000 -0.000000 -0.000000 0 128
0.000000 -0.000000 -0.000000 0 128
0.000000 -0.000000 -0.000000 0 128
0.000000 -0.000000 -0.000000 0 128
0.000000 -0.000000 -0.000000 0 128
0.000000 -0.000000 -0.000000 0 128
0.000000 -0.000000 -0.000000 0 192
0.000000 -0.000000 -0.000000 0 192
0.000000 -0.000000 -0.000000 0 128
0.000000 -0.000000 -0.000000 0 128
0.000000 -0.000000 -0.000000 0 128
0.000000 -0.000000 -0.000000 0 128
0.000000 -0.000000 -0.000000 0 128
0.000000 -0.000000 -0.000000 0 128
0.000000 -0.000000 -0.000000 0 0
0.000000 -0.000000 -0.000000 0 192
0.000000 -0.000000 -0.000000 0 192
0.000000 -0.000000 -0.000000 0 128
0.000000 -0.000000 -0.000000 0 0
0.000000 -0.000000 -0.000000 0 128
0.000000 -0.000000 -0.000000 0 192
0.000000 -0.000000 -0.000000 0 128
0.000000 -0.000000 -0.000000 0 128
0.000000 -0.000000 -0.000000 0 192
0.000000 -0.000000 -0.000000 0 192
0.000000 -0.000000 -0.000000 0 128
0.000000 -0.000000 -0.000000 0 128
0.000000 -0.000000 -0.000000 0 128
0.000000 -0.000000 -0.000000 0 128
0.000000 -0.000000 -0.000000 0 192
0.000000 -0.000000 -0.000000 0 128
0.000000 -0.000000 -0.000000 0 128
0.000000 -0.000000 -0.000000 0 128
0.000000 -0.000000 -0.000000 0 128
0.000000 -0.000000 -0.000000 0 128
0.000000 -0.000000 -0.000000 0 128
0.000000 -0.000000 -0.000000 0 128
0.000000 -0.000000 -0.000000 0 192
0.000000 -0.000000 -0.000000 0 128
0.000000 -0.000000 -0.000000 0 128
0.000000 -0.000000 -0.000000 0 128
0.000000 -0.000000 -0.000000 0 128
0.000000 -0.000000 -0.000000 0 128
0.000000 -0.000000 -0.000000 0 128
0.000000 -0.000000 -0.000000 0 128
0.000000 -0.000000 -0.000000 0 128
0.000000 -0.000000 -0.000000 0 128
0.000000 -0.000000 -0.000000 0 128
0.000000 -0.000000 -0.000000 0 128
0.000000 -0.000000 -0.000000 0 128
0.000000 -0.000000 -0.000000 0 128
0.000000 -0.000000 -0.000000 0 128
0.000000 -0.000000 -0.000000 0 128
0.000000 -0.000000 -0.000000 0 128
0.000000 -0.000000 -0.000000 0 128
0.000000 -0.000000 -0.000000 0 128
0.000000 -0.000000 -0.000000 0 128
0.000000 -0.000000 -0.000000 0 128
0.000000 -0.000000 -0.000000 0 128
0.000000 -0.000000 -0.000000 0 128
0.000000 -0.000000 -0.000000 0 128
0.000000 -0.000000 -0.000000 0 128
0.000000 -0.000000 -0.000000 0 128
0.000000 -0.000000 -0.000000 0 128
0.000000 -0.000000 -0.000000 0 128
0.000000 -0.000000 -0.000000 0 128
0.000000 -0.000000 -0.000000 0 128
0.000000 -0.000000 -0.000000 0 128
0.000000 -0.000000 -0.000000 0 128
0.000000 -0.000000 -0.000000 0 128
0.000000 -0.000000 -0.000000 0 128
0.000000 -0.000000 -0.000000 0 128
0.000000 -0.000000 -0.000000 0 128
0.000000 -0.000000 -0.000000 0 128
0.000000 -0.000000 -0.000000 0 128
0.000000 -0.000000 -0.000000 0 128
0.000000 -0.000000 -0.000000 0 128
0.000000 -0.000000 -0.000000 0 128
0.000000 -0.000000 -0.000000 0 128
0.000000 -0.000000 -0.000000 0 128
0.000000 -0.000000 -0.000000 0 128
0.000000 -0.000000 -0.000000 0 128
0.000000 -0.000000 -0.000000 0 128
0.000000 -0.000000 -0.000000 0 128
0.000000 -0.000000 -0.000000 0 128
0.000000 -0.000000 -0.000000 0 128
0.000000 -0.000000 -0.000000 0 128
0.000000 -0.000000 -0.000000 0 128
0.000000 -0.000000 -0.000000 0 128
0.000000 -0.000000 -0.000000 0 128
0.000000 -0.000000 -0.000000 0 128
0.000000 -0.000000 -0.000000 0 128
0.000000 -0.000000 -0.000000 0 128
0.000000 -0.000000 -0.000000 0 128
0.000000 -0.000000 -0.000000 0 128
0.000000 -0.000000 -0.000000 0 128
0.000000 -0.000000 -0.000000 0 128
0.000000 -0.000000 -0.000000 0 128
0.000000 -0.000000 -0.000000 0 128
0.000000 -0.000000 -0.000000 0 128
0.000000 -0.000000 -0.000000 0 128
0.000000 -0.000000 -0.000000 0 128
0.000000 -0.000000 -0.000000 0 192
0.000000 -0.000000 -0.000000 0 192
0.000000 -0.000000 -0.000000 0 128
0.000000 -0.000000 -0.000000 0 128
0.000000 -0.000000 -0.000000 0 192
0.000000 -0.000000 -0.000000 0 128
0.000000 -0.000000 -0.000000 0 128
0.000000 -0.000000 -0.000000 0 192
0.000000 -0.000000 -0.000000 0 192
0.000000 -0.000000 -0.000000 0 128
0.000000 -0.000000 -0.000000 0 128
0.000000 -0.000000 -0.000000 0 192
0.926000 -1.026000 -1.208000 6 0
0.000000 -0.000000 -0.000000 0 128
0.000000 -0.000000 -0.000000 0 192
0.000000 -0.000000 -0.000000 0 192
0.903000 -1.047000 -1.210000 12 0
0.000000 -0.000000 -0.000000 0 128
0.000000 -0.000000 -0.000000 0 192
0.000000 -0.000000 -0.000000 0 0
0.848000 -1.030000 -1.170000 41 1
0.000000 -0.000000 -0.000000 0 128
0.000000 -0.000000 -0.000000 0 192
0.864000 -0.999000 -1.214000 13 0
0.782000 -0.993000 -1.110000 30 0
0.000000 -0.000000 -0.000000 0 192
0.000000 -0.000000 -0.000000 0 192
0.846000 -1.023000 -1.219000 15 0
0.779000 -1.037000 -1.141000 53 0
0.000000 -0.000000 -0.000000 0 192
0.831000 -0.950000 -1.210000 11 0
0.793000 -1.004000 -1.175000 33 0
0.805000 -1.123000 -1.217000 16 0
0.000000 -0.000000 -0.000000 0 192
0.816000 -0.977000 -1.218000 12 0
0.741000 -0.982000 -1.131000 23 0
0.779000 -1.140000 -1.219000 14 0
0.000000 -0.000000 -0.000000 0 0
0.788000 -0.987000 -1.207000 9 0
0.756000 -1.050000 -1.189000 27 0
0.753000 -1.157000 -1.221000 15 0
0.791000 -0.929000 -1.214000 11 0
0.745000 -0.977000 -1.171000 6 0
0.752000 -1.095000 -1.221000 15 0
0.726000 -1.171000 -1.221000 16 0
0.777000 -0.955000 -1.221000 15 0
0.741000 -1.018000 -1.199000 11 0
0.727000 -1.111000 -1.221000 15 0
0.699000 -1.186000 -1.222000 16 0
0.756000 -0.974000 -1.219000 15 0
0.734000 -1.057000 -1.224000 14 0
0.703000 -1.128000 -1.223000 16 0
0.672000 -1.201000 -1.224000 14 0
0.739000 -0.997000 -1.223000 12 0
0.711000 -1.075000 -1.223000 13 0
0.679000 -1.146000 -1.225000 17 0
0.645000 -1.216000 -1.227000 17 0
0.719000 -1.018000 -1.223000 14 0
0.691000 -1.096000 -1.228000 14 0
0.653000 -1.160000 -1.224000 17 0
0.617000 -1.227000 -1.226000 16 0
0.698000 -1.037000 -1.222000 14 0
0.667000 -1.114000 -1.229000 16 0
0.627000 -1.175000 -1.226000 17 0
0.589000 -1.239000 -1.228000 16 0
0.677000 -1.057000 -1.224000 15 0
0.642000 -1.128000 -1.226000 16 0
0.602000 -1.191000 -1.229000 16 0
0.562000 -1.253000 -1.231000 17 0
0.658000 -1.080000 -1.228000 16 0
0.618000 -1.145000 -1.227000 16 0
0.576000 -1.205000 -1.230000 17 0
0.532000 -1.261000 -1.230000 15 0
0.635000 -1.097000 -1.227000 17 0
0.594000 -1.162000 -1.229000 15 0
0.550000 -1.218000 -1.231000 17 0
0.505000 -1.273000 -1.233000 17 0
0.612000 -1.117000 -1.228000 16 0
0.568000 -1.176000 -1.228000 15 0
0.523000 -1.231000 -1.233000 16 0
0.476000 -1.283000 -1.235000 14 0
0.589000 -1.135000 -1.229000 18 0
0.544000 -1.193000 -1.231000 17 0
0.496000 -1.242000 -1.233000 16 0
0.444000 -1.281000 -1.226000 2 0
0.565000 -1.152000 -1.229000 18 0
0.518000 -1.207000 -1.231000 14 0
0.468000 -1.254000 -1.234000 7 0
0.000000 -0.000000 -0.000000 0 0
0.540000 -1.169000 -1.229000 20 0
0.492000 -1.221000 -1.232000 16 0
0.000000 -0.000000 -0.000000 0 0
0.040000 -0.134000 -0.127000 1 16
0.516000 -1.188000 -1.231000 18 0
0.464000 -1.233000 -1.231000 4 0
0.039000 -0.120000 -0.117000 1 16
0.000000 -0.000000 -0.000000 0 0
0.000000 -0.000000 -0.000000 0 192
0.000000 -0.000000 -0.000000 0 128
0.000000 -0.000000 -0.000000 0 128
0.000000 -0.000000 -0.000000 0 192
0.000000 -0.000000 -0.000000 0 128
0.000000 -0.000000 -0.000000 0 128
0.000000 -0.000000 -0.000000 0 192
0.000000 -0.000000 -0.000000 0 192
0.000000 -0.000000 -0.000000 0 128
0.000000 -0.000000 -0.000000 0 128
0.000000 -0.000000 -0.000000 0 192
0.926000 -1.026000 -1.208000 6 0
0.000000 -0.000000 -0.000000 0 128
0.000000 -0.000000 -0.000000 0 192
0.000000 -0.000000 -0.000000 0 192
0.903000 -1.047000 -1.210000 12 0
0.000000 -0.000000 -0.000000 0 128
0.000000 -0.000000 -0.000000 0 192
0.000000 -0.000000 -0.000000 0 0
0.848000 -1.030000 -1.170000 41 1
0.000000 -0.000000 -0.000000 0 128
0.000000 -0.000000 -0.000000 0 192
0.864000 -0.999000 -1.214000 13 0
0.782000 -0.993000 -1.110000 30 0
0.000000 -0.000000 -0.000000 0 192
0.000000 -0.000000 -0.000000 0 192
0.846000 -1.023000 -1.219000 15 0
0.779000 -1.037000 -1.141000 53 0
0.000000 -0.000000 -0.000000 0 192
0.831000 -0.950000 -1.210000 11 0
0.793000 -1.004000 -1.175000 33 0
0.805000 -1.123000 -1.217000 16 0
0.000000 -0.000000 -0.000000 0 192
0.816000 -0.977000 -1.218000 12 0
0.741000 -0.982000 -1.131000 23 0
0.779000 -1.140000 -1.219000 14 0
0.000000 -0.000000 -0.000000 0 0
0.788000 -0.987000 -1.207000 9 0
0.756000 -1.050000 -1.189000 27 0
0.753000 -1.157000 -1.221000 15 0
0.791000 -0.929000 -1.214000 11 0
0.745000 -0.977000 -1.171000 6 0
0.752000 -1.095000 -1.221000 15 0
0.726000 -1.171000 -1.221000 16 0
0.777000 -0.955000 -1.221000 15 0
0.741000 -1.018000 -1.199000 11 0
0.727000 -1.111000 -1.221000 15 0
0.699000 -1.186000 -1.222000 16 0
0.756000 -0.974000 -1.219000 15 0
0.734000 -1.057000 -1.224000 14 0
0.703000 -1.128000 -1.223000 16 0
0.672000 -1.201000 -1.224000 14 0
0.739000 -0.997000 -1.223000 12 0
0.711000 -1.075000 -1.223000 13 0
0.679000 -1.146000 -1.225000 17 0
0.645000 -1.216000 -1.227000 17 0
0.719000 -1.018000 -1.223000 14 0
0.691000 -1.096000 -1.228000 14 0
0.653000 -1.160000 -1.224000 17 0
0.617000 -1.227000 -1.226000 16 0
0.698000 -1.037000 -1.222000 14 0
0.667000 -1.114000 -1.229000 16 0
0.627000 -1.175000 -1.226000 17 0
0.589000 -1.239000 -1.228000 16 0
0.677000 -1.057000 -1.224000 15 0
0.642000 -1.128000 -1.226000 16 0
0.602000 -1.191000 -1.229000 16 0
0.562000 -1.253000 -1.231000 17 0
0.658000 -1.080000 -1.228000 16 0
0.618000 -1.145000 -1.227000 16 0
0.576000 -1.205000 -1.230000 17 0
0.532000 -1.261000 -1.230000 15 0
0.635000 -1.097000 -1.227000 17 0
0.594000 -1.162000 -1.229000 15 0
0.550000 -1.218000 -1.231000 17 0
0.505000 -1.273000 -1.233000 17 0
0.612000 -1.117000 -1.228000 16 0
0.568000 -1.176000 -1.228000 15 0
0.523000 -1.231000 -1.233000 16 0
0.476000 -1.283000 -1.235000 14 0
0.589000 -1.135000 -1.229000 18 0
0.544000 -1.193000 -1.231000 17 0
0.496000 -1.242000 -1.233000 16 0
0.444000 -1.281000 -1.226000 2 0
0.565000 -1.152000 -1.229000 18 0
0.518000 -1.207000 -1.231000 14 0
0.468000 -1.254000 -1.234000 7 0
0.000000 -0.000000 -0.000000 0 0
0.540000 -1.169000 -1.229000 20 0
0.492000 -1.221000 -1.232000 16 0
0.000000 -0.000000 -0.000000 0 0
0.040000 -0.134000 -0.127000 1 16
0.516000 -1.188000 -1.231000 18 0
0.464000 -1.233000 -1.231000 4 0
0.039000 -0.120000 -0.117000 1 16
0.000000 -0.000000 -0.000000 0 0
0.492000 -1.206000 -1.234000 16 0
0.000000 -0.000000 -0.000000 0 0
0.000000 -0.000000 -0.000000 0 0
0.028000 -0.115000 -0.108000 1 0
0.466000 -1.222000 -1.234000 3 0
0.040000 -0.125000 -0.122000 1 16
0.031000 -0.112000 -0.107000 0 0
0.000000 -0.000000 -0.000000 0 0
0.000000 -0.000000 -0.000000 0 0
0.000000 -0.000000 -0.000000 0 0
0.000000 -0.000000 -0.000000 0 0
0.024000 -0.119000 -0.112000 1 16
0.039000 -0.120000 -0.118000 1 0
0.032000 -0.116000 -0.112000 0 0
0.026000 -0.114000 -0.108000 0 0
0.000000 -0.000000 -0.000000 0 0
0.000000 -0.000000 -0.000000 0 0
0.000000 -0.000000 -0.000000 0 0
0.000000 -0.000000 -0.000000 0 0
0.000000 -0.000000 -0.000000 0 192
0.031000 -0.112000 -0.108000 1 0
0.028000 -0.124000 -0.118000 0 0
0.021000 -0.117000 -0.110000 0 16
0.000000 -0.000000 -0.000000 0 128
0.000000 -0.000000 -0.000000 0 0
0.000000 -0.000000 -0.000000 0 0
0.000000 -0.000000 -0.000000 0 0
0.000000 -0.000000 -0.000000 0 192
0.026000 -0.117000 -0.111000 1 0
0.020000 -0.112000 -0.105000 0 0
0.000000 -0.000000 -0.000000 0 128
0.000000 -0.000000 -0.000000 0 192
0.000000 -0.000000 -0.000000 0 0
0.000000 -0.000000 -0.000000 0 0
0.000000 -0.000000 -0.000000 0 128
0.007000 -0.097000 -0.091000 0 0
0.017000 -0.097000 -0.090000 0 0
0.000000 -0.000000 -0.000000 0 128
0.006000 -0.073000 -0.068000 0 0
0.000000 -0.000000 -0.000000 0 0
0.000000 -0.000000 -0.000000 0 0
0.000000 -0.000000 -0.000000 0 192
0.000000 -0.000000 -0.000000 0 0
0.000000 -0.000000 -0.000000 0 128
0.000000 -0.000000 -0.000000 0 192
0.008000 -0.088000 -0.081000 0 0
0.000000 -0.000000 -0.000000 0 128
0.000000 -0.000000 -0.000000 0 128
0.000000 -0.000000 -0.000000 0 192
0.000000 -0.000000 -0.000000 0 0
0.000000 -0.000000 -0.000000 0 128
-0.001000 -0.126000 -0.119000 1 0
0.007000 -0.090000 -0.082000 0 0
0.000000 -0.000000 -0.000000 0 128
0.000000 -0.118000 -0.110000 0 0
0.000000 -0.000000 -0.000000 0 0
0.000000 -0.000000 -0.000000 0 0
0.000000 -0.000000 -0.000000 0 128
0.000000 -0.000000 -0.000000 0 0
-0.007000 -0.126000 -0.119000 1 0
0.000000 -0.000000 -0.000000 0 128
0.000000 -0.138000 -0.126000 0 0
-0.005000 -0.132000 -0.123000 0 0
0.000000 -0.000000 -0.000000 0 0
0.000000 -0.000000 -0.000000 0 128
0.000000 -0.000000 -0.000000 0 0
0.000000 -0.000000 -0.000000 0 0
-0.012000 -0.130000 -0.123000 1 0
0.000000 -0.132000 -0.118000 1 0
-0.006000 -0.137000 -0.125000 0 0
-0.011000 -0.135000 -0.125000 0 16
0.000000 -0.000000 -0.000000 0 0
0.000000 -0.000000 -0.000000 0 0
0.000000 -0.000000 -0.000000 0 0
0.000000 -0.000000 -0.000000 0 0
-0.017000 -0.124000 -0.119000 0 0
-0.007000 -0.132000 -0.117000 1 0
-0.013000 -0.143000 -0.130000 1 16
-0.018000 -0.142000 -0.133000 0 16
0.000000 -0.000000 -0.000000 0 0
0.000000 -0.000000 -0.000000 0 0
0.000000 -0.000000 -0.000000 0 0
0.000000 -0.000000 -0.000000 0 0
-0.167000 -0.898000 -0.873000 10 0
-0.015000 -0.155000 -0.137000 0 0
-0.122000 -0.890000 -0.813000 2 64
-0.154000 -0.896000 -0.847000 9 0
-0.187000 -0.897000 -0.878000 9 0
0.000000 -0.000000 -0.000000 0 0
-0.142000 -0.891000 -0.816000 13 0
-0.175000 -0.898000 -0.853000 9 0
-0.209000 -0.906000 -0.893000 6 0
-0.136000 -0.918000 -0.814000 9 0
-0.165000 -0.900000 -0.826000 12 0
-0.195000 -0.896000 -0.855000 8 0
0.000000 -0.000000 -0.000000 0 0
0.492000 -1.206000 -1.234000 16 0
0.000000 -0.000000 -0.000000 0 0
0.000000 -0.000000 -0.000000 0 0
0.028000 -0.115000 -0.108000 1 0
0.466000 -1.222000 -1.234000 3 0
0.040000 -0.125000 -0.122000 1 16
0.031000 -0.112000 -0.107000 0 0
0.000000 -0.000000 -0.000000 0 0
0.000000 -0.000000 -0.000000 0 0
0.000000 -0.000000 -0.000000 0 0
0.000000 -0.000000 -0.000000 0 0
0.024000 -0.119000 -0.112000 1 16
0.039000 -0.120000 -0.118000 1 0
0.032000 -0.116000 -0.112000 0 0
0.026000 -0.114000 -0.108000 0 0
0.000000 -0.000000 -0.000000 0 0
0.000000 -0.000000 -0.000000 0 0
0.000000 -0.000000 -0.000000 0 0
0.000000 -0.000000 -0.000000 0 0
0.000000 -0.000000 -0.000000 0 192
0.031000 -0.112000 -0.108000 1 0
0.028000 -0.124000 -0.118000 0 0
0.021000 -0.117000 -0.110000 0 16
0.000000 -0.000000 -0.000000 0 128
0.000000 -0.000000 -0.000000 0 0
0.000000 -0.000000 -0.000000 0 0
0.000000 -0.000000 -0.000000 0 0
0.000000 -0.000000 -0.000000 0 192
0.026000 -0.117000 -0.111000 1 0
0.020000 -0.112000 -0.105000 0 0
0.000000 -0.000000 -0.000000 0 128
0.000000 -0.000000 -0.000000 0 192
0.000000 -0.000000 -0.000000 0 0
0.000000 -0.000000 -0.000000 0 0
0.000000 -0.000000 -0.000000 0 128
0.007000 -0.097000 -0.091000 0 0
0.017000 -0.097000 -0.090000 0 0
0.000000 -0.000000 -0.000000 0 128
0.006000 -0.073000 -0.068000 0 0
0.000000 -0.000000 -0.000000 0 0
0.000000 -0.000000 -0.000000 0 0
0.000000 -0.000000 -0.000000 0 192
0.000000 -0.000000 -0.000000 0 0
0.000000 -0.000000 -0.000000 0 128
0.000000 -0.000000 -0.000000 0 192
0.008000 -0.088000 -0.081000 0 0
0.000000 -0.000000 -0.000000 0 128
0.000000 -0.000000 -0.000000 0 128
0.000000 -0.000000 -0.000000 0 192
0.000000 -0.000000 -0.000000 0 0
0.000000 -0.000000 -0.000000 0 128
-0.001000 -0.126000 -0.119000 1 0
0.007000 -0.090000 -0.082000 0 0
0.000000 -0.000000 -0.000000 0 128
0.000000 -0.118000 -0.110000 0 0
0.000000 -0.000000 -0.000000 0 0
0.000000 -0.000000 -0.000000 0 0
0.000000 -0.000000 -0.000000 0 128
0.000000 -0.000000 -0.000000 0 0
-0.007000 -0.126000 -0.119000 1 0
0.000000 -0.000000 -0.000000 0 128
0.000000 -0.138000 -0.126000 0 0
-0.005000 -0.132000 -0.123000 0 0
0.000000 -0.000000 -0.000000 0 0
0.000000 -0.000000 -0.000000 0 128
0.000000 -0.000000 -0.000000 0 0
0.000000 -0.000000 -0.000000 0 0
-0.012000 -0.130000 -0.123000 1 0
0.000000 -0.132000 -0.118000 1 0
-0.006000 -0.137000 -0.125000 0 0
-0.011000 -0.135000 -0.125000 0 16
0.000000 -0.000000 -0.000000 0 0
0.000000 -0.000000 -0.000000 0 0
0.000000 -0.000000 -0.000000 0 0
0.000000 -0.000000 -0.000000 0 0
-0.017000 -0.124000 -0.119000 0 0
-0.007000 -0.132000 -0.117000 1 0
-0.013000 -0.143000 -0.130000 1 16
-0.018000 -0.142000 -0.133000 0 16
0.000000 -0.000000 -0.000000 0 0
0.000000 -0.000000 -0.000000 0 0
0.000000 -0.000000 -0.000000 0 0
0.000000 -0.000000 -0.000000 0 0
-0.167000 -0.898000 -0.873000 10 0
-0.015000 -0.155000 -0.137000 0 0
-0.122000 -0.890000 -0.813000 2 64
-0.154000 -0.896000 -0.847000 9 0
-0.187000 -0.897000 -0.878000 9 0
0.000000 -0.000000 -0.000000 0 0
-0.142000 -0.891000 -0.816000 13 0
-0.175000 -0.898000 -0.853000 9 0
-0.209000 -0.906000 -0.893000 6 0
-0.136000 -0.918000 -0.814000 9 0
-0.165000 -0.900000 -0.826000 12 0
-0.195000 -0.896000 -0.855000 8 0
0.000000 -0.000000 -0.000000 0 0
-0.158000 -0.921000 -0.817000 9 0
-0.187000 -0.903000 -0.831000 9 0
-0.209000 -0.872000 -0.837000 0 0
0.000000 -0.000000 -0.000000 0 0
-0.179000 -0.911000 -0.810000 4 0
-0.202000 -0.876000 -0.809000 0 0
-0.239000 -0.908000 -0.877000 1 0
0.000000 -0.000000 -0.000000 0 0
-0.198000 -0.898000 -0.799000 0 0
-0.231000 -0.906000 -0.841000 8 0
-0.262000 -0.914000 -0.888000 4 0
0.000000 -0.000000 -0.000000 0 128
0.000000 -0.000000 -0.000000 0 0
-0.253000 -0.908000 -0.847000 8 0
-0.284000 -0.914000 -0.895000 1 0
0.000000 -0.000000 -0.000000 0 128
-0.250000 -0.921000 -0.825000 11 0
-0.278000 -0.917000 -0.860000 6 0
0.000000 -0.000000 -0.000000 0 0
0.000000 -0.000000 -0.000000 0 192
-0.274000 -0.923000 -0.830000 10 0
-0.303000 -0.921000 -0.868000 4 0
0.000000 -0.000000 -0.000000 0 0
0.000000 -0.000000 -0.000000 0 128
-0.298000 -0.925000 -0.835000 11 0
-0.328000 -0.925000 -0.878000 1 0
0.000000 -0.000000 -0.000000 0 128
0.000000 -0.000000 -0.000000 0 128
-0.323000 -0.927000 -0.841000 9 0
0.000000 -0.000000 -0.000000 0 0
0.000000 -0.000000 -0.000000 0 192
-0.523000 -1.185000 -1.268000 3 0
-0.350000 -0.932000 -0.851000 7 0
0.000000 -0.000000 -0.000000 0 0
0.000000 -0.000000 -0.000000 0 192
-0.544000 -1.167000 -1.264000 7 0
-0.375000 -0.931000 -0.855000 3 64
0.000000 -0.000000 -0.000000 0 192
0.000000 -0.000000 -0.000000 0 192
-0.570000 -1.158000 -1.269000 10 0
0.000000 -0.000000 -0.000000 0 0
0.000000 -0.000000 -0.000000 0 192
-0.589000 -1.207000 -1.259000 2 0
-0.594000 -1.145000 -1.271000 12 0
0.000000 -0.000000 -0.000000 0 0
0.000000 -0.000000 -0.000000 0 192
-0.621000 -1.204000 -1.270000 7 0
-0.617000 -1.132000 -1.273000 13 0
0.000000 -0.000000 -0.000000 0 128
0.000000 -0.000000 -0.000000 0 192
-0.635000 -1.168000 -1.247000 21 0
-0.640000 -1.118000 -1.274000 22 0
0.000000 -0.000000 -0.000000 0 192
-0.644000 -1.181000 -1.195000 3 0
-0.647000 -1.131000 -1.222000 31 0
-0.654000 -1.090000 -1.260000 36 0
0.000000 -0.000000 -0.000000 0 128
-0.659000 -1.145000 -1.172000 9 0
-0.662000 -1.101000 -1.206000 51 0
-0.662000 -1.052000 -1.234000 41 0
0.000000 -0.000000 -0.000000 0 128
-0.669000 -1.103000 -1.143000 21 0
-0.673000 -1.066000 -1.184000 55 0
-0.671000 -1.019000 -1.214000 49 0
0.000000 -0.000000 -0.000000 0 128
-0.680000 -1.065000 -1.119000 32 0
-0.680000 -1.027000 -1.157000 55 0
-0.689000 -1.000000 -1.210000 59 0
0.000000 -0.000000 -0.000000 0 128
-0.690000 -1.028000 -1.095000 41 0
-0.692000 -0.996000 -1.140000 48 0
-0.697000 -0.968000 -1.190000 57 0
-0.693000 -1.021000 -1.029000 16 0
-0.700000 -0.994000 -1.075000 50 0
-0.701000 -0.964000 -1.120000 11 0
-0.705000 -0.939000 -1.174000 55 0
-0.707000 -0.991000 -1.013000 9 0
-0.708000 -0.959000 -1.053000 10 0
-0.710000 -0.934000 -1.103000 10 0
-0.713000 -0.909000 -1.157000 11 0
-0.718000 -0.958000 -0.994000 9 0
-0.718000 -0.927000 -1.035000 10 0
-0.717000 -0.901000 -1.083000 10 0
-0.714000 -0.872000 -1.130000 52 0
-0.718000 -0.912000 -0.962000 12 0
-0.719000 -0.886000 -1.006000 10 0
-0.720000 -0.866000 -1.059000 11 0
-0.729000 -0.855000 -1.128000 12 0
-0.728000 -0.880000 -0.944000 12 0
-0.730000 -0.859000 -0.993000 10 0
-0.730000 -0.840000 -1.047000 10 0
-0.734000 -0.826000 -1.111000 12 0
-0.736000 -0.848000 -0.927000 13 0
-0.737000 -0.828000 -0.975000 10 0
-0.737000 -0.812000 -1.032000 10 0
-0.741000 -0.800000 -1.099000 12 0
-0.158000 -0.921000 -0.817000 9 0
-0.187000 -0.903000 -0.831000 9 0
-0.209000 -0.872000 -0.837000 0 0
0.000000 -0.000000 -0.000000 0 0
-0.179000 -0.911000 -0.810000 4 0
-0.202000 -0.876000 -0.809000 0 0
-0.239000 -0.908000 -0.877000 1 0
0.000000 -0.000000 -0.000000 0 0
-0.198000 -0.898000 -0.799000 0 0
-0.231000 -0.906000 -0.841000 8 0
-0.262000 -0.914000 -0.888000 4 0
0.000000 -0.000000 -0.000000 0 128
0.000000 -0.000000 -0.000000 0 0
-0.253000 -0.908000 -0.847000 8 0
-0.284000 -0.914000 -0.895000 1 0
0.000000 -0.000000 -0.000000 0 128
-0.250000 -0.921000 -0.825000 11 0
-0.278000 -0.917000 -0.860000 6 0
0.000000 -0.000000 -0.000000 0 0
0.000000 -0.000000 -0.000000 0 192
-0.274000 -0.923000 -0.830000 10 0
-0.303000 -0.921000 -0.868000 4 0
0.000000 -0.000000 -0.000000 0 0
0.000000 -0.000000 -0.000000 0 128
-0.298000 -0.925000 -0.835000 11 0
-0.328000 -0.925000 -0.878000 1 0
0.000000 -0.000000 -0.000000 0 128
0.000000 -0.000000 -0.000000 0 128
-0.323000 -0.927000 -0.841000 9 0
0.000000 -0.000000 -0.000000 0 0
0.000000 -0.000000 -0.000000 0 192
-0.523000 -1.185000 -1.268000 3 0
-0.350000 -0.932000 -0.851000 7 0
0.000000 -0.000000 -0.000000 0 0
0.000000 -0.000000 -0.000000 0 192
-0.544000 -1.167000 -1.264000 7 0
-0.375000 -0.931000 -0.855000 3 64
0.000000 -0.000000 -0.000000 0 192
0.000000 -0.000000 -0.000000 0 192
-0.570000 -1.158000 -1.269000 10 0
0.000000 -0.000000 -0.000000 0 0
0.000000 -0.000000 -0.000000 0 192
-0.589000 -1.207000 -1.259000 2 0
-0.594000 -1.145000 -1.271000 12 0
0.000000 -0.000000 -0.000000 0 0
0.000000 -0.000000 -0.000000 0 192
-0.621000 -1.204000 -1.270000 7 0
-0.617000 -1.132000 -1.273000 13 0
0.000000 -0.000000 -0.000000 0 128
0.000000 -0.000000 -0.000000 0 192
-0.635000 -1.168000 -1.247000 21 0
-0.640000 -1.118000 -1.274000 22 0
0.000000 -0.000000 -0.000000 0 192
-0.644000 -1.181000 -1.195000 3 0
-0.647000 -1.131000 -1.222000 31 0
-0.654000 -1.090000 -1.260000 36 0
0.000000 -0.000000 -0.000000 0 128
-0.659000 -1.145000 -1.172000 9 0
-0.662000 -1.101000 -1.206000 51 0
-0.662000 -1.052000 -1.234000 41 0
0.000000 -0.000000 -0.000000 0 128
-0.669000 -1.103000 -1.143000 21 0
-0.673000 -1.066000 -1.184000 55 0
-0.671000 -1.019000 -1.214000 49 0
0.000000 -0.000000 -0.000000 0 128
-0.680000 -1.065000 -1.119000 32 0
-0.680000 -1.027000 -1.157000 55 0
-0.689000 -1.000000 -1.210000 59 0
0.000000 -0.000000 -0.000000 0 128
-0.690000 -1.028000 -1.095000 41 0
-0.692000 -0.996000 -1.140000 48 0
-0.697000 -0.968000 -1.190000 57 0
-0.693000 -1.021000 -1.029000 16 0
-0.700000 -0.994000 -1.075000 50 0
-0.701000 -0.964000 -1.120000 11 0
-0.705000 -0.939000 -1.174000 55 0
-0.707000 -0.991000 -1.013000 9 0
-0.708000 -0.959000 -1.053000 10 0
-0.710000 -0.934000 -1.103000 10 0
-0.713000 -0.909000 -1.157000 11 0
-0.718000 -0.958000 -0.994000 9 0
-0.718000 -0.927000 -1.035000 10 0
-0.717000 -0.901000 -1.083000 10 0
-0.714000 -0.872000 -1.130000 52 0
-0.718000 -0.912000 -0.962000 12 0
-0.719000 -0.886000 -1.006000 10 0
-0.720000 -0.866000 -1.059000 11 0
-0.729000 -0.855000 -1.128000 12 0
-0.728000 -0.880000 -0.944000 12 0
-0.730000 -0.859000 -0.993000 10 0
-0.730000 -0.840000 -1.047000 10 0
-0.734000 -0.826000 -1.111000 12 0
-0.736000 -0.848000 -0.927000 13 0
-0.737000 -0.828000 -0.975000 10 0
-0.737000 -0.812000 -1.032000 10 0
-0.741000 -0.800000 -1.099000 12 0
-0.746000 -0.820000 -0.913000 13 0
-0.747000 -0.802000 -0.963000 10 0
-0.744000 -0.784000 -1.017000 10 0
-0.739000 -0.765000 -1.073000 13 0
-0.754000 -0.789000 -0.897000 13 0
-0.756000 -0.775000 -0.951000 10 0
-0.752000 -0.759000 -1.006000 11 0
-0.752000 -0.747000 -1.070000 12 0
-0.763000 -0.762000 -0.885000 13 0
-0.761000 -0.746000 -0.935000 11 0
-0.759000 -0.733000 -0.994000 11 0
-0.757000 -0.721000 -1.057000 12 0
-0.772000 -0.735000 -0.873000 13 0
-0.770000 -0.720000 -0.924000 11 0
-0.766000 -0.708000 -0.983000 12 0
-0.763000 -0.698000 -1.047000 13 0
-0.779000 -0.707000 -0.860000 12 0
-0.777000 -0.695000 -0.913000 11 0
-0.773000 -0.684000 -0.972000 12 0
-0.771000 -0.676000 -1.040000 13 0
-0.789000 -0.683000 -0.852000 12 0
-0.787000 -0.672000 -0.906000 12 0
-0.778000 -0.659000 -0.960000 12 0
-0.776000 -0.653000 -1.029000 13 0
-0.797000 -0.657000 -0.842000 12 0
-0.793000 -0.647000 -0.896000 11 0
-0.787000 -0.638000 -0.954000 12 0
-0.783000 -0.632000 -1.023000 13 0
-0.798000 -0.627000 -0.826000 15 0
-0.802000 -0.624000 -0.889000 12 0
-0.796000 -0.617000 -0.949000 12 0
-0.786000 -0.608000 -1.010000 13 0
-0.805000 -0.603000 -0.817000 15 0
-0.802000 -0.595000 -0.873000 14 0
-0.799000 -0.592000 -0.938000 12 0
-0.792000 -0.587000 -1.004000 13 0
-0.808000 -0.575000 -0.805000 15 0
-0.814000 -0.576000 -0.870000 14 0
-0.806000 -0.571000 -0.931000 12 0
-0.798000 -0.567000 -0.997000 12 0
-0.819000 -0.554000 -0.801000 15 0
-0.819000 -0.552000 -0.862000 14 0
-0.815000 -0.551000 -0.927000 12 0
-0.807000 -0.548000 -0.995000 12 0
-0.820000 -0.526000 -0.788000 15 0
-0.822000 -0.527000 -0.852000 14 0
-0.819000 -0.528000 -0.918000 12 0
-0.809000 -0.526000 -0.985000 12 64
-0.826000 -0.504000 -0.782000 15 0
-0.826000 -0.503000 -0.843000 10 0
-0.818000 -0.503000 -0.905000 8 0
-0.819000 -0.508000 -0.984000 12 64
-0.834000 -0.481000 -0.777000 16 0
-0.833000 -0.482000 -0.838000 10 0
-0.831000 -0.486000 -0.907000 7 0
-0.827000 -0.490000 -0.982000 12 64
-0.837000 -0.457000 -0.769000 16 0
-0.837000 -0.459000 -0.831000 13 0
-0.816000 -0.453000 -0.879000 3 1
-0.826000 -0.467000 -0.970000 12 64
-0.844000 -0.435000 -0.765000 16 0
-0.849000 -0.441000 -0.832000 14 0
-0.802000 -0.423000 -0.854000 2 0
-0.830000 -0.447000 -0.964000 12 64
-0.847000 -0.412000 -0.757000 16 0
-0.848000 -0.416000 -0.821000 14 0
-0.788000 -0.394000 -0.830000 1 0
-0.839000 -0.430000 -0.964000 12 64
-0.852000 -0.389000 -0.753000 16 0
-0.855000 -0.396000 -0.819000 14 0
-0.759000 -0.360000 -0.791000 1 0
-0.844000 -0.411000 -0.961000 12 64
-0.857000 -0.368000 -0.749000 17 0
-0.859000 -0.374000 -0.813000 14 0
-0.723000 -0.323000 -0.745000 1 0
-0.848000 -0.391000 -0.957000 12 64
0.000000 -0.000000 -0.000000 0 0
0.000000 -0.000000 -0.000000 0 0
-0.723000 -0.305000 -0.739000 9 0
-0.856000 -0.374000 -0.957000 12 64
0.000000 -0.000000 -0.000000 0 0
0.000000 -0.000000 -0.000000 0 0
0.000000 -0.000000 -0.000000 0 0
-0.851000 -0.351000 -0.942000 1 64
0.000000 -0.000000 -0.000000 0 0
0.000000 -0.000000 -0.000000 0 0
0.000000 -0.000000 -0.000000 0 0
0.000000 -0.000000 -0.000000 0 0
0.000000 -0.000000 -0.000000 0 0
0.000000 -0.000000 -0.000000 0 0
0.000000 -0.000000 -0.000000 0 0
0.000000 -0.000000 -0.000000 0 0
0.000000 -0.000000 -0.000000 0 0
-0.880000 -0.269000 -0.797000 12 0
0.000000 -0.000000 -0.000000 0 0
0.000000 -0.000000 -0.000000 0 128
-0.746000 -0.820000 -0.913000 13 0
-0.747000 -0.802000 -0.963000 10 0
-0.744000 -0.784000 -1.017000 10 0
-0.739000 -0.765000 -1.073000 13 0
-0.754000 -0.789000 -0.897000 13 0
-0.756000 -0.775000 -0.951000 10 0
-0.752000 -0.759000 -1.006000 11 0
-0.752000 -0.747000 -1.070000 12 0
-0.763000 -0.762000 -0.885000 13 0
-0.761000 -0.746000 -0.935000 11 0
-0.759000 -0.733000 -0.994000 11 0
-0.757000 -0.721000 -1.057000 12 0
-0.772000 -0.735000 -0.873000 13 0
-0.770000 -0.720000 -0.924000 11 0
-0.766000 -0.708000 -0.983000 12 0
-0.763000 -0.698000 -1.047000 13 0
-0.779000 -0.707000 -0.860000 12 0
-0.777000 -0.695000 -0.913000 11 0
-0.773000 -0.684000 -0.972000 12 0
-0.771000 -0.676000 -1.040000 13 0
-0.789000 -0.683000 -0.852000 12 0
-0.787000 -0.672000 -0.906000 12 0
-0.778000 -0.659000 -0.960000 12 0
-0.776000 -0.653000 -1.029000 13 0
-0.797000 -0.657000 -0.842000 12 0
-0.793000 -0.647000 -0.896000 11 0
-0.787000 -0.638000 -0.954000 12 0
-0.783000 -0.632000 -1.023000 13 0
-0.798000 -0.627000 -0.826000 15 0
-0.802000 -0.624000 -0.889000 12 0
-0.796000 -0.617000 -0.949000 12 0
-0.786000 -0.608000 -1.010000 13 0
-0.805000 -0.603000 -0.817000 15 0
-0.802000 -0.595000 -0.873000 14 0
-0.799000 -0.592000 -0.938000 12 0
-0.792000 -0.587000 -1.004000 13 0
-0.808000 -0.575000 -0.805000 15 0
-0.814000 -0.576000 -0.870000 14 0
-0.806000 -0.571000 -0.931000 12 0
-0.798000 -0.567000 -0.997000 12 0
-0.819000 -0.554000 -0.801000 15 0
-0.819000 -0.552000 -0.862000 14 0
-0.815000 -0.551000 -0.927000 12 0
-0.807000 -0.548000 -0.995000 12 0
-0.820000 -0.526000 -0.788000 15 0
-0.822000 -0.527000 -0.852000 14 0
-0.819000 -0.528000 -0.918000 12 0
-0.809000 -0.526000 -0.985000 12 64
-0.826000 -0.504000 -0.782000 15 0
-0.826000 -0.503000 -0.843000 10 0
-0.818000 -0.503000 -0.905000 8 0
-0.819000 -0.508000 -0.984000 12 64
-0.834000 -0.481000 -0.777000 16 0
-0.833000 -0.482000 -0.838000 10 0
-0.831000 -0.486000 -0.907000 7 0
-0.827000 -0.490000 -0.982000 12 64
-0.837000 -0.457000 -0.769000 16 0
-0.837000 -0.459000 -0.831000 13 0
-0.816000 -0.453000 -0.879000 3 1
-0.826000 -0.467000 -0.970000 12 64
-0.844000 -0.435000 -0.765000 16 0
-0.849000 -0.441000 -0.832000 14 0
-0.802000 -0.423000 -0.854000 2 0
-0.830000 -0.447000 -0.964000 12 64
-0.847000 -0.412000 -0.757000 16 0
-0.848000 -0.416000 -0.821000 14 0
-0.788000 -0.394000 -0.830000 1 0
-0.839000 -0.430000 -0.964000 12 64
-0.852000 -0.389000 -0.753000 16 0
-0.855000 -0.396000 -0.819000 14 0
-0.759000 -0.360000 -0.791000 1 0
-0.844000 -0.411000 -0.961000 12 64
-0.857000 -0.368000 -0.749000 17 0
-0.859000 -0.374000 -0.813000 14 0
-0.723000 -0.323000 -0.745000 1 0
-0.848000 -0.391000 -0.957000 12 64
0.000000 -0.000000 -0.000000 0 0
0.000000 -0.000000 -0.000000 0 0
-0.723000 -0.305000 -0.739000 9 0
-0.856000 -0.374000 -0.957000 12 64
0.000000 -0.000000 -0.000000 0 0
0.000000 -0.000000 -0.000000 0 0
0.000000 -0.000000 -0.000000 0 0
-0.851000 -0.351000 -0.942000 1 64
0.000000 -0.000000 -0.000000 0 0
0.000000 -0.000000 -0.000000 0 0
0.000000 -0.000000 -0.000000 0 0
0.000000 -0.000000 -0.000000 0 0
0.000000 -0.000000 -0.000000 0 0
0.000000 -0.000000 -0.000000 0 0
0.000000 -0.000000 -0.000000 0 0
0.000000 -0.000000 -0.000000 0 0
0.000000 -0.000000 -0.000000 0 0
-0.880000 -0.269000 -0.797000 12 0
0.000000 -0.000000 -0.000000 0 0
0.000000 -0.000000 -0.000000 0 128
-0.893000 -0.241000 -0.739000 21 0
-0.886000 -0.249000 -0.797000 14 0
0.000000 -0.000000 -0.000000 0 0
0.000000 -0.000000 -0.000000 0 0
-0.893000 -0.218000 -0.734000 17 0
-0.887000 -0.228000 -0.793000 14 0
-0.771000 -0.212000 -0.751000 2 0
0.000000 -0.000000 -0.000000 0 0
-0.899000 -0.197000 -0.735000 21 0
-0.894000 -0.208000 -0.794000 14 0
-0.811000 -0.204000 -0.786000 1 0
-0.872000 -0.238000 -0.925000 10 0
-0.912000 -0.178000 -0.741000 15 0
-0.902000 -0.189000 -0.797000 14 0
-0.828000 -0.189000 -0.798000 1 0
-0.879000 -0.221000 -0.927000 10 0
-0.917000 -0.156000 -0.742000 8 0
-0.905000 -0.168000 -0.795000 14 0
-0.862000 -0.177000 -0.826000 2 0
-0.881000 -0.202000 -0.925000 10 0
0.000000 -0.000000 -0.000000 0 0
-0.914000 -0.148000 -0.800000 13 0
-0.903000 -0.165000 -0.861000 5 0
-0.892000 -0.185000 -0.931000 11 0
0.000000 -0.000000 -0.000000 0 0
-0.922000 -0.128000 -0.804000 13 0
-0.908000 -0.146000 -0.862000 7 0
-0.903000 -0.168000 -0.938000 12 0
0.000000 -0.000000 -0.000000 0 192
-0.919000 -0.106000 -0.799000 7 0
-0.915000 -0.126000 -0.866000 14 0
-0.908000 -0.149000 -0.939000 12 64
0.000000 -0.000000 -0.000000 0 192
-0.907000 -0.084000 -0.786000 0 64
-0.919000 -0.107000 -0.866000 14 0
-0.909000 -0.130000 -0.936000 12 64
0.000000 -0.000000 -0.000000 0 0
0.000000 -0.000000 -0.000000 0 0
-0.928000 -0.087000 -0.873000 14 0
-0.917000 -0.112000 -0.941000 12 64
-0.941000 -0.026000 -0.751000 10 0
0.000000 -0.000000 -0.000000 0 0
-0.929000 -0.067000 -0.871000 10 0
-0.918000 -0.093000 -0.940000 12 64
-0.944000 -0.004000 -0.752000 15 0
0.000000 -0.000000 -0.000000 0 192
-0.935000 -0.047000 -0.875000 7 0
-0.921000 -0.073000 -0.940000 12 64
-0.949000 0.017000 -0.756000 16 0
0.000000 -0.000000 -0.000000 0 128
0.000000 -0.000000 -0.000000 0 0
-0.927000 -0.054000 -0.944000 12 64
-0.956000 0.040000 -0.763000 17 0
0.000000 -0.000000 -0.000000 0 0
0.000000 -0.000000 -0.000000 0 0
-0.934000 -0.035000 -0.949000 12 64
-0.961000 0.062000 -0.768000 16 0
-0.959000 0.040000 -0.827000 9 0
0.000000 -0.000000 -0.000000 0 192
-0.936000 -0.015000 -0.949000 12 64
-0.967000 0.085000 -0.775000 16 0
-0.962000 0.062000 -0.831000 14 0
0.000000 -0.000000 -0.000000 0 192
-0.937000 0.003000 -0.949000 7 64
-0.968000 0.108000 -0.777000 16 0
-0.965000 0.084000 -0.834000 14 0
0.000000 -0.000000 -0.000000 0 0
0.000000 -0.000000 -0.000000 0 0
-0.974000 0.132000 -0.784000 16 0
-0.975000 0.108000 -0.845000 15 0
-0.960000 0.077000 -0.896000 7 0
0.000000 -0.000000 -0.000000 0 192
-0.976000 0.155000 -0.789000 19 0
-0.977000 0.130000 -0.849000 15 0
-0.964000 0.099000 -0.901000 11 0
0.000000 -0.000000 -0.000000 0 0
-0.984000 0.180000 -0.799000 18 0
-0.983000 0.154000 -0.857000 15 0
-0.977000 0.122000 -0.915000 12 0
0.000000 -0.000000 -0.000000 0 192
-0.982000 0.204000 -0.802000 1 0
-0.987000 0.177000 -0.863000 14 0
-0.977000 0.143000 -0.917000 12 0
0.000000 -0.000000 -0.000000 0 0
-0.986000 0.229000 -0.809000 1 0
-0.983000 0.199000 -0.863000 3 0
-0.981000 0.166000 -0.923000 12 0
-0.964000 0.126000 -0.976000 9 0
-1.046000 0.268000 -0.863000 1 0
-0.982000 0.223000 -0.867000 1 0
-0.980000 0.188000 -0.925000 9 0
-0.971000 0.149000 -0.985000 12 0
-1.084000 0.305000 -0.901000 1 0
-1.011000 0.253000 -0.897000 1 0
-0.974000 0.209000 -0.923000 1 0
-0.974000 0.170000 -0.989000 12 0
-0.893000 -0.241000 -0.739000 21 0
-0.886000 -0.249000 -0.797000 14 0
0.000000 -0.000000 -0.000000 0 0
0.000000 -0.000000 -0.000000 0 0
-0.893000 -0.218000 -0.734000 17 0
-0.887000 -0.228000 -0.793000 14 0
-0.771000 -0.212000 -0.751000 2 0
0.000000 -0.000000 -0.000000 0 0
-0.899000 -0.197000 -0.735000 21 0
-0.894000 -0.208000 -0.794000 14 0
-0.811000 -0.204000 -0.786000 1 0
-0.872000 -0.238000 -0.925000 10 0
-0.912000 -0.178000 -0.741000 15 0
-0.902000 -0.189000 -0.797000 14 0
-0.828000 -0.189000 -0.798000 1 0
-0.879000 -0.221000 -0.927000 10 0
-0.917000 -0.156000 -0.742000 8 0
-0.905000 -0.168000 -0.795000 14 0
-0.862000 -0.177000 -0.826000 2 0
-0.881000 -0.202000 -0.925000 10 0
0.000000 -0.000000 -0.000000 0 0
-0.914000 -0.148000 -0.800000 13 0
-0.903000 -0.165000 -0.861000 5 0
-0.892000 -0.185000 -0.931000 11 0
0.000000 -0.000000 -0.000000 0 0
-0.922000 -0.128000 -0.804000 13 0
-0.908000 -0.146000 -0.862000 7 0
-0.903000 -0.168000 -0.938000 12 0
0.000000 -0.000000 -0.000000 0 192
-0.919000 -0.106000 -0.799000 7 0
-0.915000 -0.126000 -0.866000 14 0
-0.908000 -0.149000 -0.939000 12 64
0.000000 -0.000000 -0.000000 0 192
-0.907000 -0.084000 -0.786000 0 64
-0.919000 -0.107000 -0.866000 14 0
-0.909000 -0.130000 -0.936000 12 64
0.000000 -0.000000 -0.000000 0 0
0.000000 -0.000000 -0.000000 0 0
-0.928000 -0.087000 -0.873000 14 0
-0.917000 -0.112000 -0.941000 12 64
-0.941000 -0.026000 -0.751000 10 0
0.000000 -0.000000 -0.000000 0 0
-0.929000 -0.067000 -0.871000 10 0
-0.918000 -0.093000 -0.940000 12 64
-0.944000 -0.004000 -0.752000 15 0
0.000000 -0.000000 -0.000000 0 192
-0.935000 -0.047000 -0.875000 7 0
-0.921000 -0.073000 -0.940000 12 64
-0.949000 0.017000 -0.756000 16 0
0.000000 -0.000000 -0.000000 0 128
0.000000 -0.000000 -0.000000 0 0
-0.927000 -0.054000 -0.944000 12 64
-0.956000 0.040000 -0.763000 17 0
0.000000 -0.000000 -0.000000 0 0
0.000000 -0.000000 -0.000000 0 0
-0.934000 -0.035000 -0.949000 12 64
-0.961000 0.062000 -0.768000 16 0
-0.959000 0.040000 -0.827000 9 0
0.000000 -0.000000 -0.000000 0 192
-0.936000 -0.015000 -0.949000 12 64
-0.967000 0.085000 -0.775000 16 0
-0.962000 0.062000 -0.831000 14 0
0.000000 -0.000000 -0.000000 0 192
-0.937000 0.003000 -0.949000 7 64
-0.968000 0.108000 -0.777000 16 0
-0.965000 0.084000 -0.834000 14 0
0.000000 -0.000000 -0.000000 0 0
0.000000 -0.000000 -0.000000 0 0
-0.974000 0.132000 -0.784000 16 0
-0.975000 0.108000 -0.845000 15 0
-0.960000 0.077000 -0.896000 7 0
0.000000 -0.000000 -0.000000 0 192
-0.976000 0.155000 -0.789000 19 0
-0.977000 0.130000 -0.849000 15 0
-0.964000 0.099000 -0.901000 11 0
0.000000 -0.000000 -0.000000 0 0
-0.984000 0.180000 -0.799000 18 0
-0.983000 0.154000 -0.857000 15 0
-0.977000 0.122000 -0.915000 12 0
0.000000 -0.000000 -0.000000 0 192
-0.982000 0.204000 -0.802000 1 0
-0.987000 0.177000 -0.863000 14 0
-0.977000 0.143000 -0.917000 12 0
0.000000 -0.000000 -0.000000 0 0
-0.986000 0.229000 -0.809000 1 0
-0.983000 0.199000 -0.863000 3 0
-0.981000 0.166000 -0.923000 12 0
-0.964000 0.126000 -0.976000 9 0
-1.046000 0.268000 -0.863000 1 0
-0.982000 0.223000 -0.867000 1 0
-0.980000 0.188000 -0.925000 9 0
-0.971000 0.149000 -0.985000 12 0
-1.084000 0.305000 -0.901000 1 0
-1.011000 0.253000 -0.897000 1 0
-0.974000 0.209000 -0.923000 1 0
-0.974000 0.170000 -0.989000 12 0
-1.090000 0.334000 -0.913000 8 0
-1.087000 0.298000 -0.970000 1 0
-0.981000 0.233000 -0.933000 1 0
-0.976000 0.192000 -0.994000 8 0
-1.097000 0.364000 -0.926000 0 0
-1.082000 0.323000 -0.971000 7 0
-1.059000 0.277000 -1.011000 1 0
-0.965000 0.211000 -0.984000 0 0
-1.098000 0.393000 -0.936000 7 0
-1.093000 0.354000 -0.989000 1 0
-1.074000 0.306000 -1.031000 7 0
-0.983000 0.238000 -1.006000 6 0
-1.110000 0.426000 -0.954000 1 0
-1.094000 0.381000 -0.997000 6 0
-1.090000 0.337000 -1.052000 1 0
-1.060000 0.281000 -1.089000 0 0
-1.112000 0.457000 -0.966000 9 0
-1.106000 0.414000 -1.016000 1 0
-1.086000 0.362000 -1.054000 7 0
-1.073000 0.309000 -1.106000 7 0
-1.114000 0.488000 -0.978000 0 64
-1.105000 0.442000 -1.023000 7 0
-1.105000 0.395000 -1.080000 1 0
-1.083000 0.337000 -1.121000 0 0
-1.126000 0.524000 -1.000000 7 0
-1.119000 0.477000 -1.046000 1 0
-1.096000 0.419000 -1.079000 7 0
-1.085000 0.364000 -1.128000 6 0
-1.122000 0.554000 -1.008000 0 64
-1.117000 0.506000 -1.055000 6 0
-1.109000 0.453000 -1.100000 0 0
-1.090000 0.392000 -1.140000 6 0
-1.138000 0.595000 -1.035000 7 0
-1.118000 0.537000 -1.067000 7 0
-1.108000 0.481000 -1.108000 7 0
-1.094000 0.420000 -1.150000 6 0
-1.143000 0.631000 -1.054000 7 0
-1.130000 0.575000 -1.090000 7 0
-1.113000 0.512000 -1.122000 6 0
-1.103000 0.451000 -1.167000 6 0
-1.153000 0.672000 -1.079000 7 0
-1.140000 0.612000 -1.113000 7 0
-1.122000 0.547000 -1.142000 6 0
-1.108000 0.482000 -1.180000 6 0
-1.158000 0.710000 -1.099000 7 0
-1.150000 0.651000 -1.137000 6 0
-1.130000 0.582000 -1.162000 6 0
-1.110000 0.512000 -1.191000 6 0
-1.179000 0.761000 -1.137000 6 0
-1.153000 0.688000 -1.155000 6 0
-1.137000 0.618000 -1.181000 6 0
-1.117000 0.544000 -1.207000 6 0
-1.182000 0.802000 -1.158000 5 0
-1.163000 0.729000 -1.180000 6 0
-1.143000 0.655000 -1.200000 6 0
-1.132000 0.583000 -1.234000 5 0
-1.192000 0.849000 -1.188000 7 0
-1.176000 0.775000 -1.211000 6 0
-1.151000 0.693000 -1.223000 6 0
-1.149000 0.624000 -1.264000 9 0
-1.195000 0.892000 -1.212000 6 0
-1.180000 0.815000 -1.233000 6 0
-1.173000 0.743000 -1.262000 11 0
-1.149000 0.657000 -1.276000 14 0
-1.215000 0.951000 -1.256000 10 0
-1.191000 0.863000 -1.265000 14 0
-1.164000 0.773000 -1.268000 13 0
-1.136000 0.683000 -1.275000 15 0
-1.194000 0.979000 -1.258000 16 0
-1.172000 0.890000 -1.265000 14 0
-1.148000 0.800000 -1.269000 14 0
-1.122000 0.709000 -1.272000 14 0
-1.166000 1.001000 -1.254000 16 0
-1.150000 0.915000 -1.264000 15 0
-1.131000 0.826000 -1.268000 13 0
-1.106000 0.733000 -1.268000 13 0
-1.145000 1.029000 -1.258000 21 0
-1.129000 0.940000 -1.263000 14 0
-1.113000 0.851000 -1.266000 14 0
-1.094000 0.761000 -1.270000 13 0
-1.119000 1.052000 -1.256000 17 0
-1.106000 0.963000 -1.261000 14 0
-1.096000 0.878000 -1.267000 16 0
-1.078000 0.785000 -1.267000 13 0
-1.095000 1.077000 -1.258000 18 0
-1.084000 0.988000 -1.261000 14 0
-1.076000 0.902000 -1.265000 14 0
-1.063000 0.811000 -1.266000 13 0
-1.066000 1.096000 -1.254000 16 0
-1.061000 1.011000 -1.260000 14 0
-1.057000 0.927000 -1.265000 16 0
-1.046000 0.836000 -1.265000 14 0
-1.039000 1.118000 -1.254000 15 0
-1.041000 1.037000 -1.264000 15 0
-1.034000 0.948000 -1.260000 14 0
-1.029000 0.860000 -1.263000 13 0
-1.090000 0.334000 -0.913000 8 0
-1.087000 0.298000 -0.970000 1 0
-0.981000 0.233000 -0.933000 1 0
-0.976000 0.192000 -0.994000 8 0
-1.097000 0.364000 -0.926000 0 0
-1.082000 0.323000 -0.971000 7 0
-1.059000 0.277000 -1.011000 1 0
-0.965000 0.211000 -0.984000 0 0
-1.098000 0.393000 -0.936000 7 0
-1.093000 0.354000 -0.989000 1 0
-1.074000 0.306000 -1.031000 7 0
-0.983000 0.238000 -1.006000 6 0
-1.110000 0.426000 -0.954000 1 0
-1.094000 0.381000 -0.997000 6 0
-1.090000 0.337000 -1.052000 1 0
-1.060000 0.281000 -1.089000 0 0
-1.112000 0.457000 -0.966000 9 0
-1.106000 0.414000 -1.016000 1 0
-1.086000 0.362000 -1.054000 7 0
-1.073000 0.309000 -1.106000 7 0
-1.114000 0.488000 -0.978000 0 64
-1.105000 0.442000 -1.023000 7 0
-1.105000 0.395000 -1.080000 1 0
-1.083000 0.337000 -1.121000 0 0
-1.126000 0.524000 -1.000000 7 0
-1.119000 0.477000 -1.046000 1 0
-1.096000 0.419000 -1.079000 7 0
-1.085000 0.364000 -1.128000 6 0
-1.122000 0.554000 -1.008000 0 64
-1.117000 0.506000 -1.055000 6 0
-1.109000 0.453000 -1.100000 0 0
-1.090000 0.392000 -1.140000 6 0
-1.138000 0.595000 -1.035000 7 0
-1.118000 0.537000 -1.067000 7 0
-1.108000 0.481000 -1.108000 7 0
-1.094000 0.420000 -1.150000 6 0
-1.143000 0.631000 -1.054000 7 0
-1.130000 0.575000 -1.090000 7 0
-1.113000 0.512000 -1.122000 6 0
-1.103000 0.451000 -1.167000 6 0
-1.153000 0.672000 -1.079000 7 0
-1.140000 0.612000 -1.113000 7 0
-1.122000 0.547000 -1.142000 6 0
-1.108000 0.482000 -1.180000 6 0
-1.158000 0.710000 -1.099000 7 0
-1.150000 0.651000 -1.137000 6 0
-1.130000 0.582000 -1.162000 6 0
-1.110000 0.512000 -1.191000 6 0
-1.179000 0.761000 -1.137000 6 0
-1.153000 0.688000 -1.155000 6 0
-1.137000 0.618000 -1.181000 6 0
-1.117000 0.544000 -1.207000 6 0
-1.182000 0.802000 -1.158000 5 0
-1.163000 0.729000 -1.180000 6 0
-1.143000 0.655000 -1.200000 6 0
-1.132000 0.583000 -1.234000 5 0
-1.192000 0.849000 -1.188000 7 0
-1.176000 0.775000 -1.211000 6 0
-1.151000 0.693000 -1.223000 6 0
-1.149000 0.624000 -1.264000 9 0
-1.195000 0.892000 -1.212000 6 0
-1.180000 0.815000 -1.233000 6 0
-1.173000 0.743000 -1.262000 11 0
-1.149000 0.657000 -1.276000 14 0
-1.215000 0.951000 -1.256000 10 0
-1.191000 0.863000 -1.265000 14 0
-1.164000 0.773000 -1.268000 13 0
-1.136000 0.683000 -1.275000 15 0
-1.194000 0.979000 -1.258000 16 0
-1.172000 0.890000 -1.265000 14 0
-1.148000 0.800000 -1.269000 14 0
-1.122000 0.709000 -1.272000 14 0
-1.166000 1.001000 -1.254000 16 0
-1.150000 0.915000 -1.264000 15 0
-1.131000 0.826000 -1.268000 13 0
-1.106000 0.733000 -1.268000 13 0
-1.145000 1.029000 -1.258000 21 0
-1.129000 0.940000 -1.263000 14 0
-1.113000 0.851000 -1.266000 14 0
-1.094000 0.761000 -1.270000 13 0
-1.119000 1.052000 -1.256000 17 0
-1.106000 0.963000 -1.261000 14 0
-1.096000 0.878000 -1.267000 16 0
-1.078000 0.785000 -1.267000 13 0
-1.095000 1.077000 -1.258000 18 0
-1.084000 0.988000 -1.261000 14 0
-1.076000 0.902000 -1.265000 14 0
-1.063000 0.811000 -1.266000 13 0
-1.066000 1.096000 -1.254000 16 0
-1.061000 1.011000 -1.260000 14 0
-1.057000 0.927000 -1.265000 16 0
-1.046000 0.836000 -1.265000 14 0
-1.039000 1.118000 -1.254000 15 0
-1.041000 1.037000 -1.264000 15 0
-1.034000 0.948000 -1.260000 14 0
-1.029000 0.860000 -1.263000 13 0
-1.011000 1.138000 -1.252000 16 0
-1.016000 1.058000 -1.262000 15 0
-1.016000 0.974000 -1.262000 14 0
-1.013000 0.886000 -1.263000 13 0
-0.986000 1.161000 -1.255000 17 0
-0.987000 1.075000 -1.254000 14 0
-0.992000 0.994000 -1.257000 13 0
-0.993000 0.909000 -1.259000 14 0
-0.953000 1.174000 -1.248000 16 0
-0.964000 1.098000 -1.256000 15 0
-0.971000 1.017000 -1.257000 14 0
-0.976000 0.934000 -1.259000 14 0
-0.926000 1.194000 -1.249000 14 0
-0.936000 1.115000 -1.251000 15 0
-0.948000 1.038000 -1.255000 14 0
-0.954000 0.955000 -1.255000 14 0
-0.896000 1.211000 -1.247000 17 0
-0.910000 1.134000 -1.250000 14 0
-0.926000 1.061000 -1.255000 14 0
-0.937000 0.981000 -1.257000 15 0
-0.866000 1.226000 -1.244000 15 0
-0.884000 1.154000 -1.250000 15 0
-0.900000 1.079000 -1.250000 15 0
-0.915000 1.003000 -1.253000 13 0
-0.837000 1.242000 -1.244000 15 0
-0.857000 1.172000 -1.248000 15 0
-0.875000 1.098000 -1.247000 15 0
-0.894000 1.025000 -1.251000 13 0
-0.806000 1.257000 -1.242000 15 0
-0.832000 1.192000 -1.249000 18 0
-0.849000 1.115000 -1.243000 17 0
-0.874000 1.048000 -1.251000 15 0
-0.777000 1.273000 -1.242000 16 0
-0.803000 1.207000 -1.247000 17 0
-0.829000 1.142000 -1.249000 18 0
-0.853000 1.072000 -1.251000 16 0
-0.748000 1.289000 -1.244000 16 0
-0.775000 1.222000 -1.244000 16 0
-0.802000 1.158000 -1.245000 18 0
-0.830000 1.093000 -1.249000 18 0
-0.718000 1.301000 -1.242000 16 0
-0.747000 1.239000 -1.244000 18 0
-0.777000 1.177000 -1.244000 19 0
-0.807000 1.115000 -1.248000 20 0
-0.687000 1.313000 -1.240000 17 0
-0.721000 1.258000 -1.246000 17 0
-0.753000 1.198000 -1.246000 18 0
-0.783000 1.135000 -1.246000 17 0
-0.655000 1.323000 -1.238000 15 0
-0.692000 1.272000 -1.244000 19 0
-0.725000 1.213000 -1.242000 18 0
-0.758000 1.155000 -1.244000 18 0
-0.624000 1.332000 -1.236000 16 0
-0.663000 1.284000 -1.242000 16 0
-0.700000 1.233000 -1.244000 19 0
-0.734000 1.175000 -1.244000 19 0
-0.592000 1.341000 -1.233000 17 0
-0.634000 1.298000 -1.241000 16 0
-0.671000 1.248000 -1.240000 20 0
-0.708000 1.194000 -1.241000 19 0
-0.562000 1.353000 -1.235000 20 0
-0.603000 1.309000 -1.238000 18 0
-0.644000 1.264000 -1.239000 18 0
-0.683000 1.213000 -1.240000 21 0
-0.531000 1.361000 -1.233000 17 0
-0.574000 1.321000 -1.238000 17 0
-0.616000 1.280000 -1.239000 18 0
-0.658000 1.235000 -1.242000 18 0
-0.500000 1.369000 -1.233000 17 0
-0.544000 1.331000 -1.236000 17 0
-0.588000 1.295000 -1.238000 17 0
-0.631000 1.253000 -1.241000 19 0
-0.468000 1.375000 -1.230000 16 0
-0.515000 1.344000 -1.236000 17 0
-0.559000 1.308000 -1.237000 18 0
-0.604000 1.271000 -1.240000 19 0
-0.437000 1.382000 -1.230000 20 0
-0.484000 1.353000 -1.234000 17 0
-0.531000 1.324000 -1.237000 15 0
-0.577000 1.290000 -1.240000 15 0
-0.406000 1.387000 -1.228000 17 0
-0.453000 1.360000 -1.232000 17 0
-0.500000 1.335000 -1.234000 18 0
-0.548000 1.305000 -1.238000 17 0
-0.375000 1.392000 -1.227000 18 0
-0.422000 1.367000 -1.229000 16 0
-0.470000 1.347000 -1.233000 18 0
-0.519000 1.322000 -1.238000 19 0
-0.344000 1.397000 -1.227000 19 0
-0.393000 1.378000 -1.231000 20 0
-0.441000 1.359000 -1.232000 18 0
-0.490000 1.337000 -1.237000 18 0
-0.312000 1.395000 -1.220000 19 0
-0.362000 1.387000 -1.231000 19 0
-0.410000 1.370000 -1.231000 19 0
-0.459000 1.348000 -1.232000 17 0
-1.011000 1.138000 -1.252000 16 0
-1.016000 1.058000 -1.262000 15 0
-1.016000 0.974000 -1.262000 14 0
-1.013000 0.886000 -1.263000 13 0
-0.986000 1.161000 -1.255000 17 0
-0.987000 1.075000 -1.254000 14 0
-0.992000 0.994000 -1.257000 13 0
-0.993000 0.909000 -1.259000 14 0
-0.953000 1.174000 -1.248000 16 0
-0.964000 1.098000 -1.256000 15 0
-0.971000 1.017000 -1.257000 14 0
-0.976000 0.934000 -1.259000 14 0
-0.926000 1.194000 -1.249000 14 0
-0.936000 1.115000 -1.251000 15 0
-0.948000 1.038000 -1.255000 14 0
-0.954000 0.955000 -1.255000 14 0
-0.896000 1.211000 -1.247000 17 0
-0.910000 1.134000 -1.250000 14 0
-0.926000 1.061000 -1.255000 14 0
-0.937000 0.981000 -1.257000 15 0
-0.866000 1.226000 -1.244000 15 0
-0.884000 1.154000 -1.250000 15 0
-0.900000 1.079000 -1.250000 15 0
-0.915000 1.003000 -1.253000 13 0
-0.837000 1.242000 -1.244000 15 0
-0.857000 1.172000 -1.248000 15 0
-0.875000 1.098000 -1.247000 15 0
-0.894000 1.025000 -1.251000 13 0
-0.806000 1.257000 -1.242000 15 0
-0.832000 1.192000 -1.249000 18 0
-0.849000 1.115000 -1.243000 17 0
-0.874000 1.048000 -1.251000 15 0
-0.777000 1.273000 -1.242000 16 0
-0.803000 1.207000 -1.247000 17 0
-0.829000 1.142000 -1.249000 18 0
-0.853000 1.072000 -1.251000 16 0
-0.748000 1.289000 -1.244000 16 0
-0.775000 1.222000 -1.244000 16 0
-0.802000 1.158000 -1.245000 18 0
-0.830000 1.093000 -1.249000 18 0
-0.718000 1.301000 -1.242000 16 0
-0.747000 1.239000 -1.244000 18 0
-0.777000 1.177000 -1.244000 19 0
-0.807000 1.115000 -1.248000 20 0
-0.687000 1.313000 -1.240000 17 0
-0.721000 1.258000 -1.246000 17 0
-0.753000 1.198000 -1.246000 18 0
-0.783000 1.135000 -1.246000 17 0
-0.655000 1.323000 -1.238000 15 0
-0.692000 1.272000 -1.244000 19 0
-0.725000 1.213000 -1.242000 18 0
-0.758000 1.155000 -1.244000 18 0
-0.624000 1.332000 -1.236000 16 0
-0.663000 1.284000 -1.242000 16 0
-0.700000 1.233000 -1.244000 19 0
-0.734000 1.175000 -1.244000 19 0
-0.592000 1.341000 -1.233000 17 0
-0.634000 1.298000 -1.241000 16 0
-0.671000 1.248000 -1.240000 20 0
-0.708000 1.194000 -1.241000 19 0
-0.562000 1.353000 -1.235000 20 0
-0.603000 1.309000 -1.238000 18 0
-0.644000 1.264000 -1.239000 18 0
-0.683000 1.213000 -1.240000 21 0
-0.531000 1.361000 -1.233000 17 0
-0.574000 1.321000 -1.238000 17 0
-0.616000 1.280000 -1.239000 18 0
-0.658000 1.235000 -1.242000 18 0
-0.500000 1.369000 -1.233000 17 0
-0.544000 1.331000 -1.236000 17 0
-0.588000 1.295000 -1.238000 17 0
-0.631000 1.253000 -1.241000 19 0
-0.468000 1.375000 -1.230000 16 0
-0.515000 1.344000 -1.236000 17 0
-0.559000 1.308000 -1.237000 18 0
-0.604000 1.271000 -1.240000 19 0
-0.437000 1.382000 -1.230000 20 0
-0.484000 1.353000 -1.234000 17 0
-0.531000 1.324000 -1.237000 15 0
-0.577000 1.290000 -1.240000 15 0
-0.406000 1.387000 -1.228000 17 0
-0.453000 1.360000 -1.232000 17 0
-0.500000 1.335000 -1.234000 18 0
-0.548000 1.305000 -1.238000 17 0
-0.375000 1.392000 -1.227000 18 0
-0.422000 1.367000 -1.229000 16 0
-0.470000 1.347000 -1.233000 18 0
-0.519000 1.322000 -1.238000 19 0
-0.344000 1.397000 -1.227000 19 0
-0.393000 1.378000 -1.231000 20 0
-0.441000 1.359000 -1.232000 18 0
-0.490000 1.337000 -1.237000 18 0
-0.312000 1.395000 -1.220000 19 0
-0.362000 1.387000 -1.231000 19 0
-0.410000 1.370000 -1.231000 19 0
-0.459000 1.348000 -1.232000 17 0
-0.282000 1.403000 -1.224000 18 0
-0.332000 1.395000 -1.231000 20 0
-0.379000 1.377000 -1.227000 18 0
-0.429000 1.365000 -1.232000 19 0
-0.250000 1.402000 -1.220000 19 0
-0.299000 1.393000 -1.223000 21 0
-0.348000 1.387000 -1.226000 20 0
-0.399000 1.377000 -1.231000 19 0
-0.219000 1.400000 -1.216000 17 0
-0.268000 1.398000 -1.221000 19 0
-0.317000 1.396000 -1.225000 20 0
-0.366000 1.386000 -1.226000 18 0
-0.189000 1.405000 -1.219000 16 0
-0.237000 1.403000 -1.221000 19 0
-0.285000 1.403000 -1.223000 19 0
-0.335000 1.399000 -1.226000 20 0
-0.158000 1.408000 -1.220000 12 0
-0.207000 1.412000 -1.224000 19 0
-0.254000 1.411000 -1.221000 20 0
-0.303000 1.410000 -1.224000 20 0
-0.127000 1.402000 -1.214000 7 0
-0.175000 1.410000 -1.219000 17 0
-0.222000 1.419000 -1.221000 19 0
-0.271000 1.422000 -1.224000 19 0
-0.097000 1.395000 -1.208000 2 0
-0.144000 1.412000 -1.217000 11 0
-0.190000 1.424000 -1.219000 19 0
-0.239000 1.432000 -1.223000 22 0
0.000000 -0.000000 -0.000000 0 0
-0.112000 1.411000 -1.213000 10 0
-0.158000 1.427000 -1.216000 18 0
-0.206000 1.439000 -1.220000 20 0
-0.003000 0.118000 -0.102000 0 0
-0.081000 1.412000 -1.213000 6 0
-0.125000 1.429000 -1.213000 15 0
-0.172000 1.446000 -1.217000 21 0
0.000000 -0.000000 -0.000000 0 0
-0.051000 1.425000 -1.222000 3 0
-0.093000 1.432000 -1.211000 15 0
-0.138000 1.454000 -1.216000 19 0
0.000000 -0.000000 -0.000000 0 128
0.000000 -0.000000 -0.000000 0 0
-0.061000 1.442000 -1.216000 12 0
-0.104000 1.457000 -1.212000 17 0
0.000000 -0.000000 -0.000000 0 128
0.000000 -0.000000 -0.000000 0 128
-0.028000 1.451000 -1.220000 1 0
-0.070000 1.465000 -1.213000 15 0
0.000000 -0.000000 -0.000000 0 128
0.000000 -0.000000 -0.000000 0 128
0.000000 -0.000000 -0.000000 0 0
-0.036000 1.473000 -1.213000 2 0
0.000000 -0.000000 -0.000000 0 128
0.000000 -0.000000 -0.000000 0 128
0.000000 -0.000000 -0.000000 0 0
0.000000 -0.000000 -0.000000 0 0
0.000000 -0.000000 -0.000000 0 192
0.000000 -0.000000 -0.000000 0 128
0.000000 -0.000000 -0.000000 0 0
0.000000 -0.000000 -0.000000 0 128
0.000000 -0.000000 -0.000000 0 128
0.000000 -0.000000 -0.000000 0 128
0.000000 -0.000000 -0.000000 0 128
0.000000 -0.000000 -0.000000 0 128
0.017000 0.121000 -0.107000 1 0
0.000000 -0.000000 -0.000000 0 128
0.000000 -0.000000 -0.000000 0 128
0.000000 -0.000000 -0.000000 0 192
0.000000 -0.000000 -0.000000 0 0
0.019000 0.137000 -0.118000 1 16
0.013000 0.112000 -0.093000 0 0
0.000000 -0.000000 -0.000000 0 128
0.022000 0.121000 -0.108000 1 0
0.000000 -0.000000 -0.000000 0 0
0.000000 -0.000000 -0.000000 0 0
0.000000 -0.000000 -0.000000 0 128
0.000000 -0.000000 -0.000000 0 0
0.025000 0.135000 -0.117000 1 16
0.023000 0.145000 -0.121000 1 16
0.199000 1.413000 -1.146000 5 0
0.028000 0.124000 -0.112000 1 0
0.000000 -0.000000 -0.000000 0 0
0.000000 -0.000000 -0.000000 0 0
0.219000 1.329000 -1.077000 8 0
0.307000 1.213000 -1.104000 3 0
0.030000 0.130000 -0.114000 0 16
0.027000 0.130000 -0.109000 1 0
0.238000 1.255000 -1.018000 6 0
0.000000 -0.000000 -0.000000 0 0
0.000000 -0.000000 -0.000000 0 0
0.286000 1.219000 -1.029000 1 0
0.000000 -0.000000 -0.000000 0 0
0.034000 0.116000 -0.107000 0 0
0.000000 -0.000000 -0.000000 0 0
0.310000 1.197000 -1.014000 0 0
0.289000 1.208000 -0.983000 33 0
-0.282000 1.403000 -1.224000 18 0
-0.332000 1.395000 -1.231000 20 0
-0.379000 1.377000 -1.227000 18 0
-0.429000 1.365000 -1.232000 19 0
-0.250000 1.402000 -1.220000 19 0
-0.299000 1.393000 -1.223000 21 0
-0.348000 1.387000 -1.226000 20 0
-0.399000 1.377000 -1.231000 19 0
-0.219000 1.400000 -1.216000 17 0
-0.268000 1.398000 -1.221000 19 0
-0.317000 1.396000 -1.225000 20 0
-0.366000 1.386000 -1.226000 18 0
-0.189000 1.405000 -1.219000 16 0
-0.237000 1.403000 -1.221000 19 0
-0.285000 1.403000 -1.223000 19 0
-0.335000 1.399000 -1.226000 20 0
-0.158000 1.408000 -1.220000 12 0
-0.207000 1.412000 -1.224000 19 0
-0.254000 1.411000 -1.221000 20 0
-0.303000 1.410000 -1.224000 20 0
-0.127000 1.402000 -1.214000 7 0
-0.175000 1.410000 -1.219000 17 0
-0.222000 1.419000 -1.221000 19 0
-0.271000 1.422000 -1.224000 19 0
-0.097000 1.395000 -1.208000 2 0
-0.144000 1.412000 -1.217000 11 0
-0.190000 1.424000 -1.219000 19 0
-0.239000 1.432000 -1.223000 22 0
0.000000 -0.000000 -0.000000 0 0
-0.112000 1.411000 -1.213000 10 0
-0.158000 1.427000 -1.216000 18 0
-0.206000 1.439000 -1.220000 20 0
-0.003000 0.118000 -0.102000 0 0
-0.081000 1.412000 -1.213000 6 0
-0.125000 1.429000 -1.213000 15 0
-0.172000 1.446000 -1.217000 21 0
0.000000 -0.000000 -0.000000 0 0
-0.051000 1.425000 -1.222000 3 0
-0.093000 1.432000 -1.211000 15 0
-0.138000 1.454000 -1.216000 19 0
0.000000 -0.000000 -0.000000 0 128
0.000000 -0.000000 -0.000000 0 0
-0.061000 1.442000 -1.216000 12 0
-0.104000 1.457000 -1.212000 17 0
0.000000 -0.000000 -0.000000 0 128
0.000000 -0.000000 -0.000000 0 128
-0.028000 1.451000 -1.220000 1 0
-0.070000 1.465000 -1.213000 15 0
0.000000 -0.000000 -0.000000 0 128
0.000000 -0.000000 -0.000000 0 128
0.000000 -0.000000 -0.000000 0 0
-0.036000 1.473000 -1.213000 2 0
0.000000 -0.000000 -0.000000 0 128
0.000000 -0.000000 -0.000000 0 128
0.000000 -0.000000 -0.000000 0 0
0.000000 -0.000000 -0.000000 0 0
0.000000 -0.000000 -0.000000 0 192
0.000000 -0.000000 -0.000000 0 128
0.000000 -0.000000 -0.000000 0 0
0.000000 -0.000000 -0.000000 0 128
0.000000 -0.000000 -0.000000 0 128
0.000000 -0.000000 -0.000000 0 128
0.000000 -0.000000 -0.000000 0 128
0.000000 -0.000000 -0.000000 0 128
0.017000 0.121000 -0.107000 1 0
0.000000 -0.000000 -0.000000 0 128
0.000000 -0.000000 -0.000000 0 128
0.000000 -0.000000 -0.000000 0 192
0.000000 -0.000000 -0.000000 0 0
0.019000 0.137000 -0.118000 1 16
0.013000 0.112000 -0.093000 0 0
0.000000 -0.000000 -0.000000 0 128
0.022000 0.121000 -0.108000 1 0
0.000000 -0.000000 -0.000000 0 0
0.000000 -0.000000 -0.000000 0 0
0.000000 -0.000000 -0.000000 0 128
0.000000 -0.000000 -0.000000 0 0
0.025000 0.135000 -0.117000 1 16
0.023000 0.145000 -0.121000 1 16
0.199000 1.413000 -1.146000 5 0
0.028000 0.124000 -0.112000 1 0
0.000000 -0.000000 -0.000000 0 0
0.000000 -0.000000 -0.000000 0 0
0.219000 1.329000 -1.077000 8 0
0.307000 1.213000 -1.104000 3 0
0.030000 0.130000 -0.114000 0 16
0.027000 0.130000 -0.109000 1 0
0.238000 1.255000 -1.018000 6 0
0.000000 -0.000000 -0.000000 0 0
0.000000 -0.000000 -0.000000 0 0
0.286000 1.219000 -1.029000 1 0
0.000000 -0.000000 -0.000000 0 0
0.034000 0.116000 -0.107000 0 0
0.000000 -0.000000 -0.000000 0 0
0.310000 1.197000 -1.014000 0 0
0.289000 1.208000 -0.983000 33 0
0.397000 1.235000 -1.148000 9 0
0.371000 1.232000 -1.097000 1 64
0.346000 1.221000 -1.039000 16 0
0.323000 1.220000 -0.995000 10 0
0.431000 1.249000 -1.172000 31 0
0.404000 1.242000 -1.112000 49 0
0.382000 1.241000 -1.061000 10 0
0.355000 1.223000 -1.000000 29 0
0.463000 1.256000 -1.188000 27 0
0.438000 1.254000 -1.131000 31 0
0.414000 1.243000 -1.069000 57 0
0.392000 1.241000 -1.019000 9 0
0.495000 1.261000 -1.203000 18 0
0.474000 1.266000 -1.150000 30 0
0.450000 1.255000 -1.085000 33 0
0.427000 1.247000 -1.029000 34 0
0.522000 1.252000 -1.206000 13 0
0.506000 1.267000 -1.160000 29 0
0.488000 1.269000 -1.104000 30 0
0.466000 1.262000 -1.046000 35 0
0.545000 1.234000 -1.201000 15 0
0.546000 1.285000 -1.187000 26 0
0.526000 1.280000 -1.122000 30 0
0.504000 1.271000 -1.060000 30 0
0.568000 1.217000 -1.197000 14 0
0.579000 1.285000 -1.197000 15 0
0.563000 1.285000 -1.135000 28 0
0.545000 1.284000 -1.077000 31 0
0.593000 1.205000 -1.197000 15 0
0.607000 1.271000 -1.195000 15 0
0.605000 1.299000 -1.157000 34 0
0.586000 1.295000 -1.094000 34 0
0.617000 1.190000 -1.196000 13 0
0.634000 1.257000 -1.194000 14 0
0.644000 1.305000 -1.173000 30 0
0.626000 1.300000 -1.107000 34 0
0.642000 1.177000 -1.197000 14 0
0.659000 1.238000 -1.189000 12 0
0.684000 1.308000 -1.187000 18 0
0.672000 1.314000 -1.129000 33 0
0.664000 1.161000 -1.195000 13 0
0.686000 1.224000 -1.189000 12 0
0.715000 1.294000 -1.187000 13 0
0.716000 1.321000 -1.145000 34 0
0.686000 1.144000 -1.193000 14 0
0.713000 1.209000 -1.189000 12 0
0.743000 1.276000 -1.183000 12 0
0.763000 1.331000 -1.166000 28 0
0.710000 1.129000 -1.194000 14 0
0.739000 1.193000 -1.187000 12 0
0.773000 1.260000 -1.182000 12 0
0.808000 1.335000 -1.182000 16 0
0.733000 1.113000 -1.193000 14 0
0.766000 1.177000 -1.188000 12 0
0.803000 1.244000 -1.182000 12 0
0.843000 1.320000 -1.182000 14 0
0.754000 1.095000 -1.190000 14 0
0.792000 1.162000 -1.188000 13 0
0.833000 1.228000 -1.182000 13 0
0.873000 1.298000 -1.178000 14 0
0.774000 1.076000 -1.188000 14 0
0.816000 1.142000 -1.185000 12 0
0.862000 1.210000 -1.181000 12 0
0.906000 1.280000 -1.177000 15 0
0.798000 1.062000 -1.191000 16 0
0.842000 1.125000 -1.185000 12 0
0.891000 1.192000 -1.181000 12 0
0.939000 1.262000 -1.178000 14 0
0.820000 1.045000 -1.191000 13 0
0.864000 1.104000 -1.182000 12 0
0.918000 1.172000 -1.179000 13 0
0.970000 1.241000 -1.175000 14 0
0.838000 1.024000 -1.187000 10 0
0.891000 1.088000 -1.185000 11 0
0.943000 1.149000 -1.176000 9 0
1.005000 1.223000 -1.178000 10 0
0.857000 1.004000 -1.185000 3 0
0.914000 1.069000 -1.184000 4 0
0.975000 1.134000 -1.180000 3 0
1.025000 1.188000 -1.165000 2 0
0.000000 -0.000000 -0.000000 0 0
0.000000 -0.000000 -0.000000 0 0
0.000000 -0.000000 -0.000000 0 0
0.000000 -0.000000 -0.000000 0 0
0.000000 -0.000000 -0.000000 0 192
0.000000 -0.000000 -0.000000 0 192
0.000000 -0.000000 -0.000000 0 128
0.000000 -0.000000 -0.000000 0 128
0.000000 -0.000000 -0.000000 0 128
0.000000 -0.000000 -0.000000 0 128
0.000000 -0.000000 -0.000000 0 128
0.000000 -0.000000 -0.000000 0 128
0.000000 -0.000000 -0.000000 0 128
0.000000 -0.000000 -0.000000 0 128
0.000000 -0.000000 -0.000000 0 0
0.000000 -0.000000 -0.000000 0 128
0.397000 1.235000 -1.148000 9 0
0.371000 1.232000 -1.097000 1 64
0.346000 1.221000 -1.039000 16 0
0.323000 1.220000 -0.995000 10 0
0.431000 1.249000 -1.172000 31 0
0.404000 1.242000 -1.112000 49 0
0.382000 1.241000 -1.061000 10 0
0.355000 1.223000 -1.000000 29 0
0.463000 1.256000 -1.188000 27 0
0.438000 1.254000 -1.131000 31 0
0.414000 1.243000 -1.069000 57 0
0.392000 1.241000 -1.019000 9 0
0.495000 1.261000 -1.203000 18 0
0.474000 1.266000 -1.150000 30 0
0.450000 1.255000 -1.085000 33 0
0.427000 1.247000 -1.029000 34 0
0.522000 1.252000 -1.206000 13 0
0.506000 1.267000 -1.160000 29 0
0.488000 1.269000 -1.104000 30 0
0.466000 1.262000 -1.046000 35 0
0.545000 1.234000 -1.201000 15 0
0.546000 1.285000 -1.187000 26 0
0.526000 1.280000 -1.122000 30 0
0.504000 1.271000 -1.060000 30 0
0.568000 1.217000 -1.197000 14 0
0.579000 1.285000 -1.197000 15 0
0.563000 1.285000 -1.135000 28 0
0.545000 1.284000 -1.077000 31 0
0.593000 1.205000 -1.197000 15 0
0.607000 1.271000 -1.195000 15 0
0.605000 1.299000 -1.157000 34 0
0.586000 1.295000 -1.094000 34 0
0.617000 1.190000 -1.196000 13 0
0.634000 1.257000 -1.194000 14 0
0.644000 1.305000 -1.173000 30 0
0.626000 1.300000 -1.107000 34 0
0.642000 1.177000 -1.197000 14 0
0.659000 1.238000 -1.189000 12 0
0.684000 1.308000 -1.187000 18 0
0.672000 1.314000 -1.129000 33 0
0.664000 1.161000 -1.195000 13 0
0.686000 1.224000 -1.189000 12 0
0.715000 1.294000 -1.187000 13 0
0.716000 1.321000 -1.145000 34 0
0.686000 1.144000 -1.193000 14 0
0.713000 1.209000 -1.189000 12 0
0.743000 1.276000 -1.183000 12 0
0.763000 1.331000 -1.166000 28 0
0.710000 1.129000 -1.194000 14 0
0.739000 1.193000 -1.187000 12 0
0.773000 1.260000 -1.182000 12 0
0.808000 1.335000 -1.182000 16 0
0.733000 1.113000 -1.193000 14 0
0.766000 1.177000 -1.188000 12 0
0.803000 1.244000 -1.182000 12 0
0.843000 1.320000 -1.182000 14 0
0.754000 1.095000 -1.190000 14 0
0.792000 1.162000 -1.188000 13 0
0.833000 1.228000 -1.182000 13 0
0.873000 1.298000 -1.178000 14 0
0.774000 1.076000 -1.188000 14 0
0.816000 1.142000 -1.185000 12 0
0.862000 1.210000 -1.181000 12 0
0.906000 1.280000 -1.177000 15 0
0.798000 1.062000 -1.191000 16 0
0.842000 1.125000 -1.185000 12 0
0.891000 1.192000 -1.181000 12 0
0.939000 1.262000 -1.178000 14 0
0.820000 1.045000 -1.191000 13 0
0.864000 1.104000 -1.182000 12 0
0.918000 1.172000 -1.179000 13 0
0.970000 1.241000 -1.175000 14 0
0.838000 1.024000 -1.187000 10 0
0.891000 1.088000 -1.185000 11 0
0.943000 1.149000 -1.176000 9 0
1.005000 1.223000 -1.178000 10 0
0.857000 1.004000 -1.185000 3 0
0.914000 1.069000 -1.184000 4 0
0.975000 1.134000 -1.180000 3 0
1.025000 1.188000 -1.165000 2 0
0.000000 -0.000000 -0.000000 0 0
0.000000 -0.000000 -0.000000 0 0
0.000000 -0.000000 -0.000000 0 0
0.000000 -0.000000 -0.000000 0 0
0.000000 -0.000000 -0.000000 0 192
0.000000 -0.000000 -0.000000 0 192
0.000000 -0.000000 -0.000000 0 128
0.000000 -0.000000 -0.000000 0 128
0.000000 -0.000000 -0.000000 0 128
0.000000 -0.000000 -0.000000 0 128
0.000000 -0.000000 -0.000000 0 128
0.000000 -0.000000 -0.000000 0 128
0.000000 -0.000000 -0.000000 0 128
0.000000 -0.000000 -0.000000 0 128
0.000000 -0.000000 -0.000000 0 0
0.000000 -0.000000 -0.000000 0 128
0.000000 -0.000000 -0.000000 0 128
0.000000 -0.000000 -0.000000 0 128
0.000000 -0.000000 -0.000000 0 0
0.000000 -0.000000 -0.000000 0 128
0.000000 -0.000000 -0.000000 0 128
0.000000 -0.000000 -0.000000 0 128
0.000000 -0.000000 -0.000000 0 128
0.000000 -0.000000 -0.000000 0 128
0.000000 -0.000000 -0.000000 0 128
0.000000 -0.000000 -0.000000 0 128
0.000000 -0.000000 -0.000000 0 128
0.000000 -0.000000 -0.000000 0 128
0.000000 -0.000000 -0.000000 0 128
0.000000 -0.000000 -0.000000 0 128
0.000000 -0.000000 -0.000000 0 128
0.000000 -0.000000 -0.000000 0 128
0.000000 -0.000000 -0.000000 0 128
0.000000 -0.000000 -0.000000 0 128
0.000000 -0.000000 -0.000000 0 128
0.000000 -0.000000 -0.000000 0 128
0.000000 -0.000000 -0.000000 0 128
0.000000 -0.000000 -0.000000 0 128
0.000000 -0.000000 -0.000000 0 0
0.000000 -0.000000 -0.000000 0 128
0.000000 -0.000000 -0.000000 0 128
0.000000 -0.000000 -0.000000 0 128
0.000000 -0.000000 -0.000000 0 0
0.000000 -0.000000 -0.000000 0 128
0.000000 -0.000000 -0.000000 0 128
0.000000 -0.000000 -0.000000 0 128
0.000000 -0.000000 -0.000000 0 0
0.000000 -0.000000 -0.000000 0 128
0.000000 -0.000000 -0.000000 0 128
0.000000 -0.000000 -0.000000 0 128
0.000000 -0.000000 -0.000000 0 0
0.000000 -0.000000 -0.000000 0 128
0.000000 -0.000000 -0.000000 0 128
0.000000 -0.000000 -0.000000 0 128
0.000000 -0.000000 -0.000000 0 0
0.000000 -0.000000 -0.000000 0 192
0.000000 -0.000000 -0.000000 0 128
0.000000 -0.000000 -0.000000 0 128
0.000000 -0.000000 -0.000000 0 0
0.000000 -0.000000 -0.000000 0 128
0.000000 -0.000000 -0.000000 0 128
0.000000 -0.000000 -0.000000 0 128
0.000000 -0.000000 -0.000000 0 192
0.000000 -0.000000 -0.000000 0 128
0.000000 -0.000000 -0.000000 0 128
0.000000 -0.000000 -0.000000 0 128
0.000000 -0.000000 -0.000000 0 128
0.000000 -0.000000 -0.000000 0 128
0.000000 -0.000000 -0.000000 0 128
0.000000 -0.000000 -0.000000 0 192
0.000000 -0.000000 -0.000000 0 0
0.000000 -0.000000 -0.000000 0 128
0.000000 -0.000000 -0.000000 0 128
0.000000 -0.000000 -0.000000 0 128
0.000000 -0.000000 -0.000000 0 0
0.000000 -0.000000 -0.000000 0 128
0.000000 -0.000000 -0.000000 0 128
0.000000 -0.000000 -0.000000 0 128
0.000000 -0.000000 -0.000000 0 0
0.000000 -0.000000 -0.000000 0 128
0.000000 -0.000000 -0.000000 0 128
0.000000 -0.000000 -0.000000 0 128
0.000000 -0.000000 -0.000000 0 0
0.000000 -0.000000 -0.000000 0 128
0.000000 -0.000000 -0.000000 0 192
0.000000 -0.000000 -0.000000 0 0
0.000000 -0.000000 -0.000000 0 0
0.000000 -0.000000 -0.000000 0 128
0.000000 -0.000000 -0.000000 0 128
0.000000 -0.000000 -0.000000 0 0
0.000000 -0.000000 -0.000000 0 0
0.000000 -0.000000 -0.000000 0 128
0.000000 -0.000000 -0.000000 0 128
0.000000 -0.000000 -0.000000 0 0
0.000000 -0.000000 -0.000000 0 0
0.000000 -0.000000 -0.000000 0 0
0.000000 -0.000000 -0.000000 0 128
0.000000 -0.000000 -0.000000 0 0
0.000000 -0.000000 -0.000000 0 0
0.000000 -0.000000 -0.000000 0 0
0.000000 -0.000000 -0.000000 0 128
0.000000 -0.000000 -0.000000 0 0
0.000000 -0.000000 -0.000000 0 0
0.000000 -0.000000 -0.000000 0 0
0.000000 -0.000000 -0.000000 0 128
0.000000 -0.000000 -0.000000 0 0
0.000000 -0.000000 -0.000000 0 0
0.000000 -0.000000 -0.000000 0 128
0.000000 -0.000000 -0.000000 0 128
0.000000 -0.000000 -0.000000 0 0
0.000000 -0.000000 -0.000000 0 0
0.000000 -0.000000 -0.000000 0 0
0.000000 -0.000000 -0.000000 0 128
0.000000 -0.000000 -0.000000 0 128
0.000000 -0.000000 -0.000000 0 0
0.000000 -0.000000 -0.000000 0 128
0.000000 -0.000000 -0.000000 0 128
0.000000 -0.000000 -0.000000 0 128
0.000000 -0.000000 -0.000000 0 128
0.000000 -0.000000 -0.000000 0 128
0.000000 -0.000000 -0.000000 0 128
0.000000 -0.000000 -0.000000 0 128
0.000000 -0.000000 -0.000000 0 128
0.000000 -0.000000 -0.000000 0 128
0.000000 -0.000000 -0.000000 0 128
0.000000 -0.000000 -0.000000 0 128
0.000000 -0.000000 -0.000000 0 128
0.000000 -0.000000 -0.000000 0 128
0.000000 -0.000000 -0.000000 0 128
0.000000 -0.000000 -0.000000 0 128
0.000000 -0.000000 -0.000000 0 128
0.000000 -0.000000 -0.000000 0 128
0.000000 -0.000000 -0.000000 0 128
0.000000 -0.000000 -0.000000 0 128
0.000000 -0.000000 -0.000000 0 0
0.000000 -0.000000 -0.000000 0 128
0.000000 -0.000000 -0.000000 0 128
0.000000 -0.000000 -0.000000 0 128
0.000000 -0.000000 -0.000000 0 0
0.000000 -0.000000 -0.000000 0 128
0.000000 -0.000000 -0.000000 0 128
0.000000 -0.000000 -0.000000 0 128
0.000000 -0.000000 -0.000000 0 0
0.000000 -0.000000 -0.000000 0 128
0.000000 -0.000000 -0.000000 0 128
0.000000 -0.000000 -0.000000 0 128
0.000000 -0.000000 -0.000000 0 0
0.000000 -0.000000 -0.000000 0 128
0.000000 -0.000000 -0.000000 0 128
0.000000 -0.000000 -0.000000 0 128
0.000000 -0.000000 -0.000000 0 0
0.000000 -0.000000 -0.000000 0 192
0.000000 -0.000000 -0.000000 0 128
0.000000 -0.000000 -0.000000 0 128
0.000000 -0.000000 -0.000000 0 0
0.000000 -0.000000 -0.000000 0 128
0.000000 -0.000000 -0.000000 0 128
0.000000 -0.000000 -0.000000 0 128
0.000000 -0.000000 -0.000000 0 192
0.000000 -0.000000 -0.000000 0 128
0.000000 -0.000000 -0.000000 0 128
0.000000 -0.000000 -0.000000 0 128
0.000000 -0.000000 -0.000000 0 128
0.000000 -0.000000 -0.000000 0 128
0.000000 -0.000000 -0.000000 0 128
0.000000 -0.000000 -0.000000 0 192
0.000000 -0.000000 -0.000000 0 0
0.000000 -0.000000 -0.000000 0 128
0.000000 -0.000000 -0.000000 0 128
0.000000 -0.000000 -0.000000 0 128
0.000000 -0.000000 -0.000000 0 0
0.000000 -0.000000 -0.000000 0 128
0.000000 -0.000000 -0.000000 0 128
0.000000 -0.000000 -0.000000 0 128
0.000000 -0.000000 -0.000000 0 0
0.000000 -0.000000 -0.000000 0 128
0.000000 -0.000000 -0.000000 0 128
0.000000 -0.000000 -0.000000 0 128
0.000000 -0.000000 -0.000000 0 0
0.000000 -0.000000 -0.000000 0 128
0.000000 -0.000000 -0.000000 0 192
0.000000 -0.000000 -0.000000 0 0
0.000000 -0.000000 -0.000000 0 0
0.000000 -0.000000 -0.000000 0 128
0.000000 -0.000000 -0.000000 0 128
0.000000 -0.000000 -0.000000 0 0
0.000000 -0.000000 -0.000000 0 0
0.000000 -0.000000 -0.000000 0 128
0.000000 -0.000000 -0.000000 0 128
0.000000 -0.000000 -0.000000 0 0
0.000000 -0.000000 -0.000000 0 0
0.000000 -0.000000 -0.000000 0 0
0.000000 -0.000000 -0.000000 0 128
0.000000 -0.000000 -0.000000 0 0
0.000000 -0.000000 -0.000000 0 0
0.000000 -0.000000 -0.000000 0 0
0.000000 -0.000000 -0.000000 0 128
0.000000 -0.000000 -0.000000 0 0
0.000000 -0.000000 -0.000000 0 0
0.000000 -0.000000 -0.000000 0 0
0.000000 -0.000000 -0.000000 0 128
0.000000 -0.000000 -0.000000 0 0
0.000000 -0.000000 -0.000000 0 0
0.000000 -0.000000 -0.000000 0 128
0.000000 -0.000000 -0.000000 0 128
0.000000 -0.000000 -0.000000 0 0
0.000000 -0.000000 -0.000000 0 0
0.000000 -0.000000 -0.000000 0 0
0.000000 -0.000000 -0.000000 0 128
0.000000 -0.000000 -0.000000 0 0
0.000000 -0.000000 -0.000000 0 0
0.000000 -0.000000 -0.000000 0 0
0.000000 -0.000000 -0.000000 0 128
0.000000 -0.000000 -0.000000 0 0
0.000000 -0.000000 -0.000000 0 0
0.000000 -0.000000 -0.000000 0 0
0.000000 -0.000000 -0.000000 0 128
0.000000 -0.000000 -0.000000 0 0
0.000000 -0.000000 -0.000000 0 0
0.000000 -0.000000 -0.000000 0 128
0.000000 -0.000000 -0.000000 0 128
0.000000 -0.000000 -0.000000 0 0
0.000000 -0.000000 -0.000000 0 0
0.000000 -0.000000 -0.000000 0 0
0.000000 -0.000000 -0.000000 0 128
0.000000 -0.000000 -0.000000 0 0
0.000000 -0.000000 -0.000000 0 0
0.000000 -0.000000 -0.000000 0 0
0.000000 -0.000000 -0.000000 0 128
0.000000 -0.000000 -0.000000 0 0
0.000000 -0.000000 -0.000000 0 0
0.000000 -0.000000 -0.000000 0 128
0.000000 -0.000000 -0.000000 0 128
0.000000 -0.000000 -0.000000 0 0
0.000000 -0.000000 -0.000000 0 0
0.000000 -0.000000 -0.000000 0 128
0.000000 -0.000000 -0.000000 0 128
0.000000 -0.000000 -0.000000 0 0
0.000000 -0.000000 -0.000000 0 0
0.000000 -0.000000 -0.000000 0 0
0.000000 -0.000000 -0.000000 0 128
0.000000 -0.000000 -0.000000 0 0
0.000000 -0.000000 -0.000000 0 0
0.000000 -0.000000 -0.000000 0 0
0.000000 -0.000000 -0.000000 0 128
0.000000 -0.000000 -0.000000 0 0
0.000000 -0.000000 -0.000000 0 0
0.000000 -0.000000 -0.000000 0 0
0.000000 -0.000000 -0.000000 0 128
0.000000 -0.000000 -0.000000 0 0
0.000000 -0.000000 -0.000000 0 0
0.000000 -0.000000 -0.000000 0 0
0.000000 -0.000000 -0.000000 0 128
0.000000 -0.000000 -0.000000 0 0
0.000000 -0.000000 -0.000000 0 0
0.000000 -0.000000 -0.000000 0 0
0.000000 -0.000000 -0.000000 0 128
0.000000 -0.000000 -0.000000 0 0
0.000000 -0.000000 -0.000000 0 0
0.000000 -0.000000 -0.000000 0 0
0.000000 -0.000000 -0.000000 0 128
0.000000 -0.000000 -0.000000 0 0
0.000000 -0.000000 -0.000000 0 0
0.000000 -0.000000 -0.000000 0 0
0.000000 -0.000000 -0.000000 0 128
0.000000 -0.000000 -0.000000 0 0
0.000000 -0.000000 -0.000000 0 0
0.000000 -0.000000 -0.000000 0 0
0.000000 -0.000000 -0.000000 0 128
0.000000 -0.000000 -0.000000 0 128
0.000000 -0.000000 -0.000000 0 0
0.000000 -0.000000 -0.000000 0 0
0.000000 -0.000000 -0.000000 0 128
0.000000 -0.000000 -0.000000 0 128
0.000000 -0.000000 -0.000000 0 0
0.000000 -0.000000 -0.000000 0 0
0.000000 -0.000000 -0.000000 0 128
0.000000 -0.000000 -0.000000 0 128
0.000000 -0.000000 -0.000000 0 128
0.000000 -0.000000 -0.000000 0 0
0.000000 -0.000000 -0.000000 0 128
0.000000 -0.000000 -0.000000 0 128
0.000000 -0.000000 -0.000000 0 128
0.000000 -0.000000 -0.000000 0 0
0.000000 -0.000000 -0.000000 0 128
0.000000 -0.000000 -0.000000 0 128
0.000000 -0.000000 -0.000000 0 0
0.000000 -0.000000 -0.000000 0 0
0.000000 -0.000000 -0.000000 0 128
0.000000 -0.000000 -0.000000 0 0
0.000000 -0.000000 -0.000000 0 0
0.000000 -0.000000 -0.000000 0 0
0.000000 -0.000000 -0.000000 0 128
0.000000 -0.000000 -0.000000 0 0
0.000000 -0.000000 -0.000000 0 0
0.000000 -0.000000 -0.000000 0 0
0.000000 -0.000000 -0.000000 0 128
0.000000 -0.000000 -0.000000 0 0
0.000000 -0.000000 -0.000000 0 0
0.000000 -0.000000 -0.000000 0 0
0.000000 -0.000000 -0.000000 0 128
0.000000 -0.000000 -0.000000 0 0
0.000000 -0.000000 -0.000000 0 0
0.000000 -0.000000 -0.000000 0 0
0.000000 -0.000000 -0.000000 0 128
0.000000 -0.000000 -0.000000 0 0
0.000000 -0.000000 -0.000000 0 0
0.000000 -0.000000 -0.000000 0 0
0.000000 -0.000000 -0.000000 0 128
0.000000 -0.000000 -0.000000 0 0
0.000000 -0.000000 -0.000000 0 0
0.000000 -0.000000 -0.000000 0 0
0.000000 -0.000000 -0.000000 0 128
0.000000 -0.000000 -0.000000 0 0
0.000000 -0.000000 -0.000000 0 0
0.000000 -0.000000 -0.000000 0 128
0.000000 -0.000000 -0.000000 0 128
0.000000 -0.000000 -0.000000 0 0
0.000000 -0.000000 -0.000000 0 0
0.000000 -0.000000 -0.000000 0 0
0.000000 -0.000000 -0.000000 0 128
0.000000 -0.000000 -0.000000 0 0
0.000000 -0.000000 -0.000000 0 0
0.000000 -0.000000 -0.000000 0 0
0.000000 -0.000000 -0.000000 0 128
0.000000 -0.000000 -0.000000 0 0
0.000000 -0.000000 -0.000000 0 0
0.000000 -0.000000 -0.000000 0 128
0.000000 -0.000000 -0.000000 0 128
0.000000 -0.000000 -0.000000 0 0
0.000000 -0.000000 -0.000000 0 0
0.000000 -0.000000 -0.000000 0 128
0.000000 -0.000000 -0.000000 0 128
0.000000 -0.000000 -0.000000 0 0
0.000000 -0.000000 -0.000000 0 0
0.000000 -0.000000 -0.000000 0 0
0.000000 -0.000000 -0.000000 0 128
0.000000 -0.000000 -0.000000 0 0
0.000000 -0.000000 -0.000000 0 0
0.000000 -0.000000 -0.000000 0 0
0.000000 -0.000000 -0.000000 0 128
0.000000 -0.000000 -0.000000 0 0
0.000000 -0.000000 -0.000000 0 0
0.000000 -0.000000 -0.000000 0 0
0.000000 -0.000000 -0.000000 0 128
0.000000 -0.000000 -0.000000 0 0
0.000000 -0.000000 -0.000000 0 0
0.000000 -0.000000 -0.000000 0 0
0.000000 -0.000000 -0.000000 0 128
0.000000 -0.000000 -0.000000 0 0
0.000000 -0.000000 -0.000000 0 0
0.000000 -0.000000 -0.000000 0 0
0.000000 -0.000000 -0.000000 0 128
0.000000 -0.000000 -0.000000 0 0
0.000000 -0.000000 -0.000000 0 0
0.000000 -0.000000 -0.000000 0 0
0.000000 -0.000000 -0.000000 0 128
0.000000 -0.000000 -0.000000 0 0
0.000000 -0.000000 -0.000000 0 0
0.000000 -0.000000 -0.000000 0 0
0.000000 -0.000000 -0.000000 0 128
0.000000 -0.000000 -0.000000 0 0
0.000000 -0.000000 -0.000000 0 0
0.000000 -0.000000 -0.000000 0 0
0.000000 -0.000000 -0.000000 0 128
0.000000 -0.000000 -0.000000 0 128
0.000000 -0.000000 -0.000000 0 0
0.000000 -0.000000 -0.000000 0 0
0.000000 -0.000000 -0.000000 0 128
0.000000 -0.000000 -0.000000 0 128
0.000000 -0.000000 -0.000000 0 0
0.000000 -0.000000 -0.000000 0 0
0.000000 -0.000000 -0.000000 0 128
0.000000 -0.000000 -0.000000 0 128
0.000000 -0.000000 -0.000000 0 128
0.000000 -0.000000 -0.000000 0 0
0.000000 -0.000000 -0.000000 0 128
0.000000 -0.000000 -0.000000 0 128
0.000000 -0.000000 -0.000000 0 128
0.000000 -0.000000 -0.000000 0 0
0.000000 -0.000000 -0.000000 0 128
0.000000 -0.000000 -0.000000 0 128
0.000000 -0.000000 -0.000000 0 0
0.000000 -0.000000 -0.000000 0 0
0.000000 -0.000000 -0.000000 0 128
0.000000 -0.000000 -0.000000 0 0
0.000000 -0.000000 -0.000000 0 0
0.000000 -0.000000 -0.000000 0 0
0.000000 -0.000000 -0.000000 0 128
0.000000 -0.000000 -0.000000 0 0
0.000000 -0.000000 -0.000000 0 0
0.000000 -0.000000 -0.000000 0 0
0.000000 -0.000000 -0.000000 0 128
0.000000 -0.000000 -0.000000 0 0
0.000000 -0.000000 -0.000000 0 0
0.000000 -0.000000 -0.000000 0 0
0.000000 -0.000000 -0.000000 0 128
0.000000 -0.000000 -0.000000 0 0
0.000000 -0.000000 -0.000000 0 0
0.000000 -0.000000 -0.000000 0 0
