# x y z reflectivity tag
-0.733000 -1.013000 -0.126000 16 64
-0.747000 -0.955000 -0.126000 15 0
-0.764000 -0.905000 -0.129000 15 0
-0.777000 -0.854000 -0.130000 18 0
-0.743000 -0.977000 -0.123000 17 64
-0.758000 -0.925000 -0.125000 15 0
-0.771000 -0.873000 -0.128000 15 0
-0.789000 -0.828000 -0.131000 24 0
-0.748000 -0.937000 -0.119000 17 64
-0.769000 -0.894000 -0.124000 15 0
-0.780000 -0.843000 -0.127000 15 0
-0.795000 -0.797000 -0.130000 23 0
-0.761000 -0.909000 -0.118000 18 64
-0.775000 -0.860000 -0.122000 15 0
-0.788000 -0.813000 -0.126000 15 0
-0.807000 -0.773000 -0.131000 24 0
-0.772000 -0.878000 -0.116000 18 64
-0.785000 -0.831000 -0.120000 15 0
-0.794000 -0.782000 -0.125000 15 0
-0.811000 -0.743000 -0.131000 19 64
-0.779000 -0.845000 -0.113000 25 0
-0.796000 -0.804000 -0.119000 15 0
-0.807000 -0.759000 -0.126000 15 0
-0.819000 -0.717000 -0.131000 23 0
-0.789000 -0.816000 -0.111000 25 0
-0.801000 -0.772000 -0.118000 15 0
-0.810000 -0.728000 -0.125000 18 0
-0.825000 -0.690000 -0.131000 24 0
-0.796000 -0.785000 -0.109000 25 0
-0.807000 -0.742000 -0.116000 15 0
-0.815000 -0.700000 -0.124000 18 0
-0.829000 -0.662000 -0.131000 23 0
-0.805000 -0.757000 -0.107000 25 0
-0.819000 -0.718000 -0.116000 15 0
-0.824000 -0.675000 -0.124000 18 0
-0.836000 -0.637000 -0.131000 22 0
-0.812000 -0.728000 -0.106000 24 0
-0.824000 -0.690000 -0.114000 14 0
-0.831000 -0.649000 -0.123000 14 0
-0.843000 -0.613000 -0.132000 22 0
-0.817000 -0.698000 -0.104000 24 0
-0.826000 -0.659000 -0.113000 14 0
-0.836000 -0.623000 -0.123000 15 0
-0.854000 -0.593000 -0.133000 22 0
-0.825000 -0.671000 -0.102000 24 0
-0.834000 -0.634000 -0.112000 14 0
-0.849000 -0.603000 -0.124000 17 0
-0.854000 -0.565000 -0.133000 22 0
-0.836000 -0.648000 -0.101000 24 0
-0.845000 -0.612000 -0.112000 14 0
-0.837000 -0.566000 -0.121000 16 0
-0.854000 -0.537000 -0.132000 21 0
-0.840000 -0.619000 -0.099000 19 64
-0.853000 -0.587000 -0.111000 14 0
-0.846000 -0.544000 -0.121000 15 0
-0.865000 -0.518000 -0.134000 21 0
-0.848000 -0.594000 -0.098000 19 64
-0.856000 -0.561000 -0.110000 13 0
-0.856000 -0.523000 -0.122000 15 0
-0.865000 -0.491000 -0.133000 21 0
-0.845000 -0.562000 -0.096000 16 64
-0.858000 -0.533000 -0.109000 14 0
-0.860000 -0.499000 -0.122000 15 0
-0.743000 -0.401000 -0.115000 17 18
-0.849000 -0.536000 -0.095000 17 64
-0.869000 -0.512000 -0.109000 14 0
-0.862000 -0.474000 -0.121000 16 0
-0.876000 -0.447000 -0.135000 20 0
-0.855000 -0.512000 -0.094000 17 64
-0.869000 -0.485000 -0.108000 14 0
-0.845000 -0.440000 -0.118000 13 0
-0.879000 -0.424000 -0.135000 20 0
-0.865000 -0.490000 -0.093000 17 64
-0.637000 -0.336000 -0.078000 8 2
-0.871000 -0.428000 -0.121000 15 0
-0.877000 -0.400000 -0.135000 19 0
-0.674000 -0.361000 -0.071000 15 18
-0.876000 -0.437000 -0.107000 14 0
-0.880000 -0.408000 -0.122000 15 0
-0.892000 -0.382000 -0.137000 19 0
-0.870000 -0.439000 -0.091000 16 64
-0.879000 -0.413000 -0.107000 14 0
-0.881000 -0.385000 -0.122000 15 0
-0.877000 -0.353000 -0.135000 12 0
-0.882000 -0.419000 -0.091000 17 64
-0.881000 -0.389000 -0.106000 14 0
-0.884000 -0.362000 -0.122000 15 0
0.000000 -0.000000 -0.000000 0 0
-0.881000 -0.393000 -0.090000 17 64
-0.890000 -0.368000 -0.106000 12 0
0.000000 -0.000000 -0.000000 0 0
0.000000 -0.000000 -0.000000 0 0
-0.867000 -0.362000 -0.087000 17 0
-0.590000 -0.228000 -0.070000 1 2
0.000000 -0.000000 -0.000000 0 0
0.000000 -0.000000 -0.000000 0 0
-0.733000 -1.013000 -0.126000 16 64
-0.747000 -0.955000 -0.126000 15 0
-0.764000 -0.905000 -0.129000 15 0
-0.777000 -0.854000 -0.130000 18 0
-0.743000 -0.977000 -0.123000 17 64
-0.758000 -0.925000 -0.125000 15 0
-0.771000 -0.873000 -0.128000 15 0
-0.789000 -0.828000 -0.131000 24 0
-0.748000 -0.937000 -0.119000 17 64
-0.769000 -0.894000 -0.124000 15 0
-0.780000 -0.843000 -0.127000 15 0
-0.795000 -0.797000 -0.130000 23 0
-0.761000 -0.909000 -0.118000 18 64
-0.775000 -0.860000 -0.122000 15 0
-0.788000 -0.813000 -0.126000 15 0
-0.807000 -0.773000 -0.131000 24 0
-0.772000 -0.878000 -0.116000 18 64
-0.785000 -0.831000 -0.120000 15 0
-0.794000 -0.782000 -0.125000 15 0
-0.811000 -0.743000 -0.131000 19 64
-0.779000 -0.845000 -0.113000 25 0
-0.796000 -0.804000 -0.119000 15 0
-0.807000 -0.759000 -0.126000 15 0
-0.819000 -0.717000 -0.131000 23 0
-0.789000 -0.816000 -0.111000 25 0
-0.801000 -0.772000 -0.118000 15 0
-0.810000 -0.728000 -0.125000 18 0
-0.825000 -0.690000 -0.131000 24 0
-0.796000 -0.785000 -0.109000 25 0
-0.807000 -0.742000 -0.116000 15 0
-0.815000 -0.700000 -0.124000 18 0
-0.829000 -0.662000 -0.131000 23 0
-0.805000 -0.757000 -0.107000 25 0
-0.819000 -0.718000 -0.116000 15 0
-0.824000 -0.675000 -0.124000 18 0
-0.836000 -0.637000 -0.131000 22 0
-0.812000 -0.728000 -0.106000 24 0
-0.824000 -0.690000 -0.114000 14 0
-0.831000 -0.649000 -0.123000 14 0
-0.843000 -0.613000 -0.132000 22 0
-0.817000 -0.698000 -0.104000 24 0
-0.826000 -0.659000 -0.113000 14 0
-0.836000 -0.623000 -0.123000 15 0
-0.854000 -0.593000 -0.133000 22 0
-0.825000 -0.671000 -0.102000 24 0
-0.834000 -0.634000 -0.112000 14 0
-0.849000 -0.603000 -0.124000 17 0
-0.854000 -0.565000 -0.133000 22 0
-0.836000 -0.648000 -0.101000 24 0
-0.845000 -0.612000 -0.112000 14 0
-0.837000 -0.566000 -0.121000 16 0
-0.854000 -0.537000 -0.132000 21 0
-0.840000 -0.619000 -0.099000 19 64
-0.853000 -0.587000 -0.111000 14 0
-0.846000 -0.544000 -0.121000 15 0
-0.865000 -0.518000 -0.134000 21 0
-0.848000 -0.594000 -0.098000 19 64
-0.856000 -0.561000 -0.110000 13 0
-0.856000 -0.523000 -0.122000 15 0
-0.865000 -0.491000 -0.133000 21 0
-0.845000 -0.562000 -0.096000 16 64
-0.858000 -0.533000 -0.109000 14 0
-0.860000 -0.499000 -0.122000 15 0
-0.743000 -0.401000 -0.115000 17 18
-0.849000 -0.536000 -0.095000 17 64
-0.869000 -0.512000 -0.109000 14 0
-0.862000 -0.474000 -0.121000 16 0
-0.876000 -0.447000 -0.135000 20 0
-0.855000 -0.512000 -0.094000 17 64
-0.869000 -0.485000 -0.108000 14 0
-0.845000 -0.440000 -0.118000 13 0
-0.879000 -0.424000 -0.135000 20 0
-0.865000 -0.490000 -0.093000 17 64
-0.637000 -0.336000 -0.078000 8 2
-0.871000 -0.428000 -0.121000 15 0
-0.877000 -0.400000 -0.135000 19 0
-0.674000 -0.361000 -0.071000 15 18
-0.876000 -0.437000 -0.107000 14 0
-0.880000 -0.408000 -0.122000 15 0
-0.892000 -0.382000 -0.137000 19 0
-0.870000 -0.439000 -0.091000 16 64
-0.879000 -0.413000 -0.107000 14 0
-0.881000 -0.385000 -0.122000 15 0
-0.877000 -0.353000 -0.135000 12 0
-0.882000 -0.419000 -0.091000 17 64
-0.881000 -0.389000 -0.106000 14 0
-0.884000 -0.362000 -0.122000 15 0
0.000000 -0.000000 -0.000000 0 0
-0.881000 -0.393000 -0.090000 17 64
-0.890000 -0.368000 -0.106000 12 0
0.000000 -0.000000 -0.000000 0 0
0.000000 -0.000000 -0.000000 0 0
-0.867000 -0.362000 -0.087000 17 0
-0.590000 -0.228000 -0.070000 1 2
0.000000 -0.000000 -0.000000 0 0
0.000000 -0.000000 -0.000000 0 0
-0.590000 -0.229000 -0.058000 9 32
-0.600000 -0.216000 -0.071000 2 0
0.000000 -0.000000 -0.000000 0 0
-0.911000 -0.276000 -0.142000 19 0
-0.590000 -0.213000 -0.058000 8 32
0.000000 -0.000000 -0.000000 0 0
-0.913000 -0.280000 -0.125000 15 0
-0.908000 -0.253000 -0.141000 19 0
0.000000 -0.000000 -0.000000 0 0
-0.910000 -0.280000 -0.106000 16 0
-0.913000 -0.257000 -0.125000 15 0
-0.922000 -0.235000 -0.144000 19 0
-0.881000 -0.271000 -0.085000 5 64
-0.913000 -0.257000 -0.106000 14 0
-0.918000 -0.236000 -0.126000 15 0
-0.921000 -0.213000 -0.144000 19 0
-0.915000 -0.258000 -0.087000 17 0
-0.917000 -0.235000 -0.106000 14 0
-0.926000 -0.216000 -0.127000 15 0
-0.931000 -0.194000 -0.147000 19 0
-0.917000 -0.235000 -0.087000 17 0
-0.922000 -0.214000 -0.107000 14 0
-0.931000 -0.195000 -0.128000 15 0
-0.925000 -0.171000 -0.146000 19 0
-0.923000 -0.213000 -0.087000 17 0
-0.929000 -0.192000 -0.107000 14 0
-0.932000 -0.173000 -0.128000 15 0
-0.941000 -0.153000 -0.149000 19 0
-0.928000 -0.190000 -0.087000 17 0
-0.938000 -0.172000 -0.108000 14 0
-0.942000 -0.153000 -0.130000 15 0
-0.949000 -0.133000 -0.151000 19 0
-0.931000 -0.168000 -0.087000 17 0
-0.941000 -0.149000 -0.109000 14 0
-0.942000 -0.131000 -0.130000 15 0
-0.952000 -0.112000 -0.153000 19 0
-0.939000 -0.146000 -0.087000 17 0
-0.950000 -0.128000 -0.110000 14 0
-0.950000 -0.110000 -0.132000 15 0
-0.954000 -0.091000 -0.154000 19 0
-0.945000 -0.123000 -0.087000 17 0
-0.954000 -0.106000 -0.110000 14 0
-0.954000 -0.088000 -0.133000 15 0
-0.958000 -0.070000 -0.155000 19 0
-0.954000 -0.101000 -0.088000 17 0
-0.958000 -0.084000 -0.111000 14 0
-0.961000 -0.067000 -0.134000 15 0
-0.968000 -0.049000 -0.158000 19 0
-0.957000 -0.078000 -0.088000 17 0
-0.966000 -0.061000 -0.112000 14 0
-0.962000 -0.045000 -0.135000 15 0
-0.974000 -0.028000 -0.160000 20 0
-0.968000 -0.055000 -0.089000 17 64
-0.969000 -0.039000 -0.113000 14 0
-0.973000 -0.023000 -0.137000 15 0
-0.979000 -0.007000 -0.162000 20 0
-0.969000 -0.032000 -0.089000 17 64
-0.979000 -0.016000 -0.114000 14 0
-0.979000 -0.001000 -0.139000 15 0
-0.977000 0.014000 -0.163000 20 0
-0.975000 -0.008000 -0.089000 17 0
-0.979000 0.006000 -0.114000 14 0
-0.979000 0.020000 -0.140000 15 0
-0.992000 0.036000 -0.166000 21 0
-0.985000 0.014000 -0.090000 16 64
-0.982000 0.029000 -0.115000 14 0
-0.984000 0.042000 -0.141000 15 0
-1.001000 0.058000 -0.169000 17 64
-0.988000 0.038000 -0.091000 17 64
-0.995000 0.053000 -0.117000 16 0
-0.992000 0.065000 -0.143000 16 0
-1.000000 0.080000 -0.170000 21 0
-0.994000 0.063000 -0.092000 17 64
-1.004000 0.077000 -0.119000 16 0
-0.994000 0.088000 -0.144000 16 0
-1.008000 0.103000 -0.173000 22 0
-0.998000 0.087000 -0.092000 17 64
-1.009000 0.101000 -0.120000 13 64
-0.997000 0.111000 -0.146000 16 0
-1.016000 0.127000 -0.176000 18 64
-1.001000 0.112000 -0.093000 17 64
-1.020000 0.126000 -0.123000 14 64
-0.998000 0.134000 -0.147000 16 0
-1.020000 0.150000 -0.178000 22 0
-1.016000 0.139000 -0.095000 19 64
-1.027000 0.152000 -0.124000 17 0
-1.005000 0.159000 -0.150000 16 0
-1.025000 0.174000 -0.181000 18 64
-1.023000 0.165000 -0.096000 18 64
-1.025000 0.176000 -0.125000 17 0
-1.008000 0.183000 -0.151000 7 0
-1.001000 0.192000 -0.178000 2 64
-0.991000 0.185000 -0.094000 3 64
-1.017000 0.200000 -0.125000 2 0
-1.007000 0.206000 -0.153000 2 0
-1.012000 0.218000 -0.182000 2 64
-0.590000 -0.229000 -0.058000 9 32
-0.600000 -0.216000 -0.071000 2 0
0.000000 -0.000000 -0.000000 0 0
-0.911000 -0.276000 -0.142000 19 0
-0.590000 -0.213000 -0.058000 8 32
0.000000 -0.000000 -0.000000 0 0
-0.913000 -0.280000 -0.125000 15 0
-0.908000 -0.253000 -0.141000 19 0
0.000000 -0.000000 -0.000000 0 0
-0.910000 -0.280000 -0.106000 16 0
-0.913000 -0.257000 -0.125000 15 0
-0.922000 -0.235000 -0.144000 19 0
-0.881000 -0.271000 -0.085000 5 64
-0.913000 -0.257000 -0.106000 14 0
-0.918000 -0.236000 -0.126000 15 0
-0.921000 -0.213000 -0.144000 19 0
-0.915000 -0.258000 -0.087000 17 0
-0.917000 -0.235000 -0.106000 14 0
-0.926000 -0.216000 -0.127000 15 0
-0.931000 -0.194000 -0.147000 19 0
-0.917000 -0.235000 -0.087000 17 0
-0.922000 -0.214000 -0.107000 14 0
-0.931000 -0.195000 -0.128000 15 0
-0.925000 -0.171000 -0.146000 19 0
-0.923000 -0.213000 -0.087000 17 0
-0.929000 -0.192000 -0.107000 14 0
-0.932000 -0.173000 -0.128000 15 0
-0.941000 -0.153000 -0.149000 19 0
-0.928000 -0.190000 -0.087000 17 0
-0.938000 -0.172000 -0.108000 14 0
-0.942000 -0.153000 -0.130000 15 0
-0.949000 -0.133000 -0.151000 19 0
-0.931000 -0.168000 -0.087000 17 0
-0.941000 -0.149000 -0.109000 14 0
-0.942000 -0.131000 -0.130000 15 0
-0.952000 -0.112000 -0.153000 19 0
-0.939000 -0.146000 -0.087000 17 0
-0.950000 -0.128000 -0.110000 14 0
-0.950000 -0.110000 -0.132000 15 0
-0.954000 -0.091000 -0.154000 19 0
-0.945000 -0.123000 -0.087000 17 0
-0.954000 -0.106000 -0.110000 14 0
-0.954000 -0.088000 -0.133000 15 0
-0.958000 -0.070000 -0.155000 19 0
-0.954000 -0.101000 -0.088000 17 0
-0.958000 -0.084000 -0.111000 14 0
-0.961000 -0.067000 -0.134000 15 0
-0.968000 -0.049000 -0.158000 19 0
-0.957000 -0.078000 -0.088000 17 0
-0.966000 -0.061000 -0.112000 14 0
-0.962000 -0.045000 -0.135000 15 0
-0.974000 -0.028000 -0.160000 20 0
-0.968000 -0.055000 -0.089000 17 64
-0.969000 -0.039000 -0.113000 14 0
-0.973000 -0.023000 -0.137000 15 0
-0.979000 -0.007000 -0.162000 20 0
-0.969000 -0.032000 -0.089000 17 64
-0.979000 -0.016000 -0.114000 14 0
-0.979000 -0.001000 -0.139000 15 0
-0.977000 0.014000 -0.163000 20 0
-0.975000 -0.008000 -0.089000 17 0
-0.979000 0.006000 -0.114000 14 0
-0.979000 0.020000 -0.140000 15 0
-0.992000 0.036000 -0.166000 21 0
-0.985000 0.014000 -0.090000 16 64
-0.982000 0.029000 -0.115000 14 0
-0.984000 0.042000 -0.141000 15 0
-1.001000 0.058000 -0.169000 17 64
-0.988000 0.038000 -0.091000 17 64
-0.995000 0.053000 -0.117000 16 0
-0.992000 0.065000 -0.143000 16 0
-1.000000 0.080000 -0.170000 21 0
-0.994000 0.063000 -0.092000 17 64
-1.004000 0.077000 -0.119000 16 0
-0.994000 0.088000 -0.144000 16 0
-1.008000 0.103000 -0.173000 22 0
-0.998000 0.087000 -0.092000 17 64
-1.009000 0.101000 -0.120000 13 64
-0.997000 0.111000 -0.146000 16 0
-1.016000 0.127000 -0.176000 18 64
-1.001000 0.112000 -0.093000 17 64
-1.020000 0.126000 -0.123000 14 64
-0.998000 0.134000 -0.147000 16 0
-1.020000 0.150000 -0.178000 22 0
-1.016000 0.139000 -0.095000 19 64
-1.027000 0.152000 -0.124000 17 0
-1.005000 0.159000 -0.150000 16 0
-1.025000 0.174000 -0.181000 18 64
-1.023000 0.165000 -0.096000 18 64
-1.025000 0.176000 -0.125000 17 0
-1.008000 0.183000 -0.151000 7 0
-1.001000 0.192000 -0.178000 2 64
-0.991000 0.185000 -0.094000 3 64
-1.017000 0.200000 -0.125000 2 0
-1.007000 0.206000 -0.153000 2 0
-1.012000 0.218000 -0.182000 2 64
-0.990000 0.210000 -0.094000 1 64
-1.018000 0.225000 -0.126000 2 0
-1.011000 0.231000 -0.155000 2 0
-1.076000 0.256000 -0.196000 1 64
-1.083000 0.257000 -0.104000 1 66
-1.112000 0.273000 -0.139000 2 2
-1.110000 0.280000 -0.172000 2 2
-1.113000 0.291000 -0.204000 2 64
-1.096000 0.288000 -0.106000 1 64
-1.122000 0.304000 -0.142000 2 0
-1.121000 0.310000 -0.175000 2 0
-1.117000 0.318000 -0.207000 3 0
-1.102000 0.319000 -0.108000 1 64
-1.125000 0.333000 -0.144000 2 0
-1.121000 0.338000 -0.177000 2 0
-1.123000 0.347000 -0.211000 2 0
-1.097000 0.346000 -0.109000 0 64
-1.132000 0.364000 -0.146000 2 0
-1.134000 0.370000 -0.181000 2 0
-1.127000 0.375000 -0.214000 2 64
-1.111000 0.381000 -0.111000 1 64
-1.135000 0.395000 -0.149000 2 0
-1.131000 0.398000 -0.183000 2 0
-1.131000 0.404000 -0.217000 2 0
-1.106000 0.409000 -0.112000 0 64
-1.143000 0.427000 -0.151000 2 0
-1.141000 0.430000 -0.187000 2 0
-1.137000 0.435000 -0.221000 2 0
-1.130000 0.449000 -0.116000 1 64
-1.150000 0.461000 -0.155000 2 0
-1.145000 0.462000 -0.190000 2 0
-1.149000 0.468000 -0.227000 2 0
-1.123000 0.479000 -0.117000 0 64
-1.155000 0.495000 -0.157000 1 0
-1.155000 0.497000 -0.194000 2 0
-1.154000 0.500000 -0.231000 2 0
-1.134000 0.516000 -0.120000 0 64
-1.161000 0.530000 -0.161000 1 0
-1.159000 0.530000 -0.198000 1 0
-1.159000 0.533000 -0.235000 2 0
-1.136000 0.551000 -0.122000 0 64
-1.176000 0.571000 -0.165000 2 0
-1.170000 0.568000 -0.203000 1 0
-1.168000 0.568000 -0.240000 2 0
0.000000 -0.000000 -0.000000 0 0
-1.179000 0.607000 -0.168000 2 0
-1.183000 0.607000 -0.208000 1 0
-1.178000 0.605000 -0.246000 2 0
-1.172000 0.640000 -0.131000 0 64
-1.195000 0.651000 -0.173000 1 0
-1.186000 0.643000 -0.212000 1 0
-1.188000 0.643000 -0.252000 2 0
0.000000 -0.000000 -0.000000 0 0
-1.199000 0.690000 -0.177000 1 0
-1.196000 0.684000 -0.217000 1 0
-1.194000 0.681000 -0.257000 1 0
-1.196000 0.731000 -0.138000 0 64
-1.214000 0.737000 -0.183000 1 0
-1.210000 0.729000 -0.223000 1 0
-1.206000 0.723000 -0.263000 1 0
-1.215000 0.783000 -0.144000 10 0
-1.217000 0.778000 -0.187000 9 0
-1.211000 0.767000 -0.227000 2 0
-1.214000 0.764000 -0.270000 2 0
-1.217000 0.827000 -0.147000 0 64
-1.236000 0.832000 -0.193000 1 0
-1.231000 0.819000 -0.235000 1 0
-1.219000 0.806000 -0.276000 10 0
-1.236000 0.884000 -0.153000 9 0
-1.239000 0.877000 -0.198000 9 0
-1.232000 0.861000 -0.240000 8 0
-1.240000 0.859000 -0.285000 1 0
-1.250000 0.941000 -0.158000 0 64
-1.255000 0.933000 -0.205000 1 0
-1.260000 0.924000 -0.250000 1 0
-1.238000 0.898000 -0.290000 9 0
-1.233000 0.976000 -0.160000 9 0
-1.250000 0.976000 -0.209000 9 0
-1.256000 0.965000 -0.255000 8 0
-1.260000 0.958000 -0.301000 1 0
-1.205000 1.002000 -0.160000 1 0
-1.214000 0.994000 -0.207000 2 0
-1.236000 0.995000 -0.256000 2 0
-1.233000 0.980000 -0.300000 9 0
-1.200000 1.048000 -0.164000 11 0
-1.188000 1.020000 -0.208000 6 0
-1.186000 1.001000 -0.251000 10 0
-1.207000 1.003000 -0.299000 2 0
-1.237000 1.134000 -0.174000 12 0
-1.230000 1.108000 -0.221000 11 1
-1.223000 1.080000 -0.265000 8 0
-1.191000 1.035000 -0.302000 6 0
-1.249000 1.201000 -0.181000 60 0
-1.237000 1.166000 -0.228000 54 0
-1.232000 1.138000 -0.273000 60 0
-1.224000 1.112000 -0.317000 64 1
-0.990000 0.210000 -0.094000 1 64
-1.018000 0.225000 -0.126000 2 0
-1.011000 0.231000 -0.155000 2 0
-1.076000 0.256000 -0.196000 1 64
-1.083000 0.257000 -0.104000 1 66
-1.112000 0.273000 -0.139000 2 2
-1.110000 0.280000 -0.172000 2 2
-1.113000 0.291000 -0.204000 2 64
-1.096000 0.288000 -0.106000 1 64
-1.122000 0.304000 -0.142000 2 0
-1.121000 0.310000 -0.175000 2 0
-1.117000 0.318000 -0.207000 3 0
-1.102000 0.319000 -0.108000 1 64
-1.125000 0.333000 -0.144000 2 0
-1.121000 0.338000 -0.177000 2 0
-1.123000 0.347000 -0.211000 2 0
-1.097000 0.346000 -0.109000 0 64
-1.132000 0.364000 -0.146000 2 0
-1.134000 0.370000 -0.181000 2 0
-1.127000 0.375000 -0.214000 2 64
-1.111000 0.381000 -0.111000 1 64
-1.135000 0.395000 -0.149000 2 0
-1.131000 0.398000 -0.183000 2 0
-1.131000 0.404000 -0.217000 2 0
-1.106000 0.409000 -0.112000 0 64
-1.143000 0.427000 -0.151000 2 0
-1.141000 0.430000 -0.187000 2 0
-1.137000 0.435000 -0.221000 2 0
-1.130000 0.449000 -0.116000 1 64
-1.150000 0.461000 -0.155000 2 0
-1.145000 0.462000 -0.190000 2 0
-1.149000 0.468000 -0.227000 2 0
-1.123000 0.479000 -0.117000 0 64
-1.155000 0.495000 -0.157000 1 0
-1.155000 0.497000 -0.194000 2 0
-1.154000 0.500000 -0.231000 2 0
-1.134000 0.516000 -0.120000 0 64
-1.161000 0.530000 -0.161000 1 0
-1.159000 0.530000 -0.198000 1 0
-1.159000 0.533000 -0.235000 2 0
-1.136000 0.551000 -0.122000 0 64
-1.176000 0.571000 -0.165000 2 0
-1.170000 0.568000 -0.203000 1 0
-1.168000 0.568000 -0.240000 2 0
0.000000 -0.000000 -0.000000 0 0
-1.179000 0.607000 -0.168000 2 0
-1.183000 0.607000 -0.208000 1 0
-1.178000 0.605000 -0.246000 2 0
-1.172000 0.640000 -0.131000 0 64
-1.195000 0.651000 -0.173000 1 0
-1.186000 0.643000 -0.212000 1 0
-1.188000 0.643000 -0.252000 2 0
0.000000 -0.000000 -0.000000 0 0
-1.199000 0.690000 -0.177000 1 0
-1.196000 0.684000 -0.217000 1 0
-1.194000 0.681000 -0.257000 1 0
-1.196000 0.731000 -0.138000 0 64
-1.214000 0.737000 -0.183000 1 0
-1.210000 0.729000 -0.223000 1 0
-1.206000 0.723000 -0.263000 1 0
-1.215000 0.783000 -0.144000 10 0
-1.217000 0.778000 -0.187000 9 0
-1.211000 0.767000 -0.227000 2 0
-1.214000 0.764000 -0.270000 2 0
-1.217000 0.827000 -0.147000 0 64
-1.236000 0.832000 -0.193000 1 0
-1.231000 0.819000 -0.235000 1 0
-1.219000 0.806000 -0.276000 10 0
-1.236000 0.884000 -0.153000 9 0
-1.239000 0.877000 -0.198000 9 0
-1.232000 0.861000 -0.240000 8 0
-1.240000 0.859000 -0.285000 1 0
-1.250000 0.941000 -0.158000 0 64
-1.255000 0.933000 -0.205000 1 0
-1.260000 0.924000 -0.250000 1 0
-1.238000 0.898000 -0.290000 9 0
-1.233000 0.976000 -0.160000 9 0
-1.250000 0.976000 -0.209000 9 0
-1.256000 0.965000 -0.255000 8 0
-1.260000 0.958000 -0.301000 1 0
-1.205000 1.002000 -0.160000 1 0
-1.214000 0.994000 -0.207000 2 0
-1.236000 0.995000 -0.256000 2 0
-1.233000 0.980000 -0.300000 9 0
-1.200000 1.048000 -0.164000 11 0
-1.188000 1.020000 -0.208000 6 0
-1.186000 1.001000 -0.251000 10 0
-1.207000 1.003000 -0.299000 2 0
-1.237000 1.134000 -0.174000 12 0
-1.230000 1.108000 -0.221000 11 1
-1.223000 1.080000 -0.265000 8 0
-1.191000 1.035000 -0.302000 6 0
-1.249000 1.201000 -0.181000 60 0
-1.237000 1.166000 -0.228000 54 0
-1.232000 1.138000 -0.273000 60 0
-1.224000 1.112000 -0.317000 64 1
-1.274000 1.286000 -0.191000 54 0
-1.259000 1.245000 -0.238000 49 0
-1.250000 1.209000 -0.284000 51 0
-1.239000 1.177000 -0.328000 52 0
-1.292000 1.368000 -0.200000 52 0
-1.279000 1.325000 -0.249000 49 0
-1.267000 1.283000 -0.295000 51 0
-1.257000 1.247000 -0.340000 51 0
-1.311000 1.458000 -0.210000 50 0
-1.298000 1.409000 -0.260000 56 0
-1.287000 1.363000 -0.308000 57 0
-1.277000 1.323000 -0.354000 48 0
-1.334000 1.557000 -0.221000 51 0
-1.319000 1.501000 -0.273000 55 0
-1.305000 1.446000 -0.321000 48 0
-1.290000 1.398000 -0.367000 52 0
0.000000 -0.000000 -0.000000 0 0
-1.347000 1.606000 -0.287000 49 0
-1.327000 1.539000 -0.336000 49 0
-1.310000 1.483000 -0.382000 50 0
-1.895000 2.441000 -0.338000 0 0
-1.926000 2.409000 -0.425000 32 0
-1.344000 1.632000 -0.350000 9 0
-1.336000 1.581000 -0.400000 54 0
-1.817000 2.460000 -0.337000 0 0
-1.846000 2.423000 -0.422000 31 0
-1.892000 2.407000 -0.508000 29 0
-1.940000 2.401000 -0.597000 87 0
-1.741000 2.481000 -0.336000 0 0
-1.771000 2.439000 -0.420000 30 0
-1.823000 2.431000 -0.506000 33 0
-1.867000 2.418000 -0.591000 91 0
-1.672000 2.508000 -0.337000 0 0
-1.699000 2.460000 -0.418000 31 0
-1.750000 2.446000 -0.502000 31 0
-1.794000 2.433000 -0.586000 88 0
-1.597000 2.523000 -0.337000 0 0
-1.626000 2.476000 -0.416000 31 0
-1.676000 2.459000 -0.498000 29 0
-1.727000 2.453000 -0.582000 82 0
-1.526000 2.546000 -0.337000 0 0
-1.554000 2.490000 -0.414000 32 0
-1.606000 2.476000 -0.495000 32 0
-1.658000 2.470000 -0.577000 84 0
-1.451000 2.556000 -0.337000 0 0
-1.485000 2.507000 -0.413000 31 0
-1.541000 2.496000 -0.493000 31 0
-1.588000 2.481000 -0.571000 84 0
-1.375000 2.564000 -0.336000 0 0
-1.419000 2.529000 -0.413000 35 0
-1.471000 2.510000 -0.490000 29 0
-1.524000 2.501000 -0.568000 93 0
-1.314000 2.598000 -0.339000 0 0
-1.349000 2.542000 -0.412000 31 0
-1.406000 2.528000 -0.488000 31 0
-1.458000 2.516000 -0.564000 88 0
-1.236000 2.596000 -0.338000 3 0
-1.284000 2.560000 -0.412000 33 0
-1.341000 2.546000 -0.486000 31 0
-1.394000 2.533000 -0.561000 82 0
-1.176000 2.630000 -0.341000 16 0
-1.217000 2.576000 -0.412000 32 0
-1.274000 2.558000 -0.484000 34 0
-1.329000 2.549000 -0.558000 85 0
-1.108000 2.644000 -0.343000 18 0
-1.147000 2.579000 -0.410000 40 0
-1.212000 2.579000 -0.483000 31 0
-1.266000 2.562000 -0.554000 85 0
-1.030000 2.633000 -0.341000 8 0
-1.086000 2.603000 -0.411000 40 0
-1.143000 2.582000 -0.480000 35 0
-1.197000 2.566000 -0.549000 96 0
-0.960000 2.637000 -0.341000 25 0
-1.021000 2.618000 -0.412000 39 0
-1.080000 2.597000 -0.479000 36 0
-1.140000 2.592000 -0.549000 98 0
-1.728000 5.118000 -0.663000 69 0
-0.987000 2.715000 -0.425000 150 0
-1.017000 2.612000 -0.478000 35 0
-1.078000 2.605000 -0.546000 96 0
-1.538000 4.941000 -0.641000 6 0
-1.723000 5.109000 -0.798000 104 0
-0.968000 2.664000 -0.484000 55 0
-1.015000 2.618000 -0.544000 100 0
-1.490000 5.222000 -0.678000 73 0
-1.445000 4.635000 -0.722000 11 0
-1.404000 4.157000 -0.751000 41 0
-1.009000 2.783000 -0.573000 162 1
-1.202000 4.624000 -0.602000 0 0
-1.501000 5.237000 -0.814000 101 0
-1.310000 4.188000 -0.752000 54 0
-1.403000 4.156000 -0.848000 5 0
-1.063000 4.530000 -0.591000 2 0
-1.381000 5.277000 -0.819000 21 0
-1.229000 4.266000 -0.762000 18 0
-1.315000 4.203000 -0.850000 0 0
-1.274000 1.286000 -0.191000 54 0
-1.259000 1.245000 -0.238000 49 0
-1.250000 1.209000 -0.284000 51 0
-1.239000 1.177000 -0.328000 52 0
-1.292000 1.368000 -0.200000 52 0
-1.279000 1.325000 -0.249000 49 0
-1.267000 1.283000 -0.295000 51 0
-1.257000 1.247000 -0.340000 51 0
-1.311000 1.458000 -0.210000 50 0
-1.298000 1.409000 -0.260000 56 0
-1.287000 1.363000 -0.308000 57 0
-1.277000 1.323000 -0.354000 48 0
-1.334000 1.557000 -0.221000 51 0
-1.319000 1.501000 -0.273000 55 0
-1.305000 1.446000 -0.321000 48 0
-1.290000 1.398000 -0.367000 52 0
0.000000 -0.000000 -0.000000 0 0
-1.347000 1.606000 -0.287000 49 0
-1.327000 1.539000 -0.336000 49 0
-1.310000 1.483000 -0.382000 50 0
-1.895000 2.441000 -0.338000 0 0
-1.926000 2.409000 -0.425000 32 0
-1.344000 1.632000 -0.350000 9 0
-1.336000 1.581000 -0.400000 54 0
-1.817000 2.460000 -0.337000 0 0
-1.846000 2.423000 -0.422000 31 0
-1.892000 2.407000 -0.508000 29 0
-1.940000 2.401000 -0.597000 87 0
-1.741000 2.481000 -0.336000 0 0
-1.771000 2.439000 -0.420000 30 0
-1.823000 2.431000 -0.506000 33 0
-1.867000 2.418000 -0.591000 91 0
-1.672000 2.508000 -0.337000 0 0
-1.699000 2.460000 -0.418000 31 0
-1.750000 2.446000 -0.502000 31 0
-1.794000 2.433000 -0.586000 88 0
-1.597000 2.523000 -0.337000 0 0
-1.626000 2.476000 -0.416000 31 0
-1.676000 2.459000 -0.498000 29 0
-1.727000 2.453000 -0.582000 82 0
-1.526000 2.546000 -0.337000 0 0
-1.554000 2.490000 -0.414000 32 0
-1.606000 2.476000 -0.495000 32 0
-1.658000 2.470000 -0.577000 84 0
-1.451000 2.556000 -0.337000 0 0
-1.485000 2.507000 -0.413000 31 0
-1.541000 2.496000 -0.493000 31 0
-1.588000 2.481000 -0.571000 84 0
-1.375000 2.564000 -0.336000 0 0
-1.419000 2.529000 -0.413000 35 0
-1.471000 2.510000 -0.490000 29 0
-1.524000 2.501000 -0.568000 93 0
-1.314000 2.598000 -0.339000 0 0
-1.349000 2.542000 -0.412000 31 0
-1.406000 2.528000 -0.488000 31 0
-1.458000 2.516000 -0.564000 88 0
-1.236000 2.596000 -0.338000 3 0
-1.284000 2.560000 -0.412000 33 0
-1.341000 2.546000 -0.486000 31 0
-1.394000 2.533000 -0.561000 82 0
-1.176000 2.630000 -0.341000 16 0
-1.217000 2.576000 -0.412000 32 0
-1.274000 2.558000 -0.484000 34 0
-1.329000 2.549000 -0.558000 85 0
-1.108000 2.644000 -0.343000 18 0
-1.147000 2.579000 -0.410000 40 0
-1.212000 2.579000 -0.483000 31 0
-1.266000 2.562000 -0.554000 85 0
-1.030000 2.633000 -0.341000 8 0
-1.086000 2.603000 -0.411000 40 0
-1.143000 2.582000 -0.480000 35 0
-1.197000 2.566000 -0.549000 96 0
-0.960000 2.637000 -0.341000 25 0
-1.021000 2.618000 -0.412000 39 0
-1.080000 2.597000 -0.479000 36 0
-1.140000 2.592000 -0.549000 98 0
-1.728000 5.118000 -0.663000 69 0
-0.987000 2.715000 -0.425000 150 0
-1.017000 2.612000 -0.478000 35 0
-1.078000 2.605000 -0.546000 96 0
-1.538000 4.941000 -0.641000 6 0
-1.723000 5.109000 -0.798000 104 0
-0.968000 2.664000 -0.484000 55 0
-1.015000 2.618000 -0.544000 100 0
-1.490000 5.222000 -0.678000 73 0
-1.445000 4.635000 -0.722000 11 0
-1.404000 4.157000 -0.751000 41 0
-1.009000 2.783000 -0.573000 162 1
-1.202000 4.624000 -0.602000 0 0
-1.501000 5.237000 -0.814000 101 0
-1.310000 4.188000 -0.752000 54 0
-1.403000 4.156000 -0.848000 5 0
-1.063000 4.530000 -0.591000 2 0
-1.381000 5.277000 -0.819000 21 0
-1.229000 4.266000 -0.762000 18 0
-1.315000 4.203000 -0.850000 0 0
-1.025000 4.879000 -0.639000 44 0
-1.260000 5.315000 -0.824000 43 0
-1.131000 4.288000 -0.762000 30 0
-1.225000 4.246000 -0.852000 1 0
-0.911000 4.917000 -0.647000 60 0
-1.102000 5.181000 -0.803000 38 0
-1.269000 5.300000 -0.938000 87 0
-1.144000 4.320000 -0.861000 7 0
-0.798000 4.956000 -0.656000 81 0
-0.830000 4.403000 -0.682000 86 0
-0.970000 4.499000 -0.793000 11 0
-1.094000 4.543000 -0.899000 11 0
-0.683000 4.990000 -0.664000 86 0
-0.730000 4.434000 -0.687000 87 0
-0.842000 4.393000 -0.772000 82 0
-1.158000 5.329000 -1.047000 46 0
-0.568000 5.027000 -0.673000 94 0
-0.629000 4.464000 -0.693000 86 0
-0.746000 4.431000 -0.776000 90 0
-0.852000 4.392000 -0.858000 88 0
-0.450000 5.038000 -0.679000 33 0
-0.529000 4.502000 -0.700000 85 0
-0.646000 4.461000 -0.780000 91 0
-0.754000 4.415000 -0.858000 89 0
0.000000 -0.000000 -0.000000 0 0
-0.427000 4.533000 -0.706000 54 0
-0.547000 4.491000 -0.783000 84 0
-0.658000 4.457000 -0.861000 87 0
0.000000 -0.000000 -0.000000 0 192
0.000000 -0.000000 -0.000000 0 0
-0.447000 4.523000 -0.788000 65 0
-0.560000 4.483000 -0.862000 83 0
0.000000 -0.000000 -0.000000 0 192
0.000000 -0.000000 -0.000000 0 192
-0.257000 3.400000 -0.591000 0 0
-0.461000 4.515000 -0.864000 76 0
0.000000 -0.000000 -0.000000 0 192
0.000000 -0.000000 -0.000000 0 192
0.000000 -0.000000 -0.000000 0 0
-0.271000 3.414000 -0.651000 5 0
0.000000 -0.000000 -0.000000 0 192
0.000000 -0.000000 -0.000000 0 192
0.000000 -0.000000 -0.000000 0 192
0.000000 -0.000000 -0.000000 0 0
0.000000 -0.000000 -0.000000 0 192
0.000000 -0.000000 -0.000000 0 192
0.000000 -0.000000 -0.000000 0 192
0.000000 -0.000000 -0.000000 0 192
0.000000 -0.000000 -0.000000 0 192
0.000000 -0.000000 -0.000000 0 192
0.000000 -0.000000 -0.000000 0 192
0.000000 -0.000000 -0.000000 0 128
0.000000 -0.000000 -0.000000 0 192
0.000000 -0.000000 -0.000000 0 192
0.000000 -0.000000 -0.000000 0 192
0.000000 -0.000000 -0.000000 0 192
0.193000 1.588000 -0.233000 20 0
0.000000 -0.000000 -0.000000 0 192
0.000000 -0.000000 -0.000000 0 192
0.000000 -0.000000 -0.000000 0 192
0.223000 1.529000 -0.227000 15 0
0.184000 1.612000 -0.262000 18 0
0.000000 -0.000000 -0.000000 0 0
0.000000 -0.000000 -0.000000 0 192
0.263000 1.555000 -0.233000 13 0
0.211000 1.541000 -0.252000 10 0
0.000000 -0.000000 -0.000000 0 0
0.000000 -0.000000 -0.000000 0 192
0.302000 1.561000 -0.237000 15 0
0.249000 1.549000 -0.255000 11 0
0.201000 1.544000 -0.272000 29 0
0.000000 -0.000000 -0.000000 0 128
0.341000 1.567000 -0.242000 13 0
0.287000 1.556000 -0.259000 11 0
0.237000 1.546000 -0.273000 11 0
0.197000 1.580000 -0.296000 19 0
0.381000 1.575000 -0.246000 14 0
0.326000 1.565000 -0.263000 11 0
0.274000 1.550000 -0.275000 11 0
0.229000 1.552000 -0.291000 14 0
0.423000 1.588000 -0.252000 56 0
0.365000 1.571000 -0.266000 57 0
0.314000 1.563000 -0.279000 13 0
0.265000 1.553000 -0.291000 13 0
0.467000 1.602000 -0.258000 13 0
0.409000 1.593000 -0.273000 11 0
0.353000 1.574000 -0.282000 11 0
0.305000 1.569000 -0.295000 13 0
0.510000 1.611000 -0.264000 57 0
0.449000 1.595000 -0.276000 55 0
0.394000 1.584000 -0.286000 13 0
0.343000 1.571000 -0.296000 62 0
0.553000 1.617000 -0.269000 59 0
0.493000 1.608000 -0.281000 58 0
0.435000 1.591000 -0.289000 60 0
0.383000 1.581000 -0.298000 15 0
-1.025000 4.879000 -0.639000 44 0
-1.260000 5.315000 -0.824000 43 0
-1.131000 4.288000 -0.762000 30 0
-1.225000 4.246000 -0.852000 1 0
-0.911000 4.917000 -0.647000 60 0
-1.102000 5.181000 -0.803000 38 0
-1.269000 5.300000 -0.938000 87 0
-1.144000 4.320000 -0.861000 7 0
-0.798000 4.956000 -0.656000 81 0
-0.830000 4.403000 -0.682000 86 0
-0.970000 4.499000 -0.793000 11 0
-1.094000 4.543000 -0.899000 11 0
-0.683000 4.990000 -0.664000 86 0
-0.730000 4.434000 -0.687000 87 0
-0.842000 4.393000 -0.772000 82 0
-1.158000 5.329000 -1.047000 46 0
-0.568000 5.027000 -0.673000 94 0
-0.629000 4.464000 -0.693000 86 0
-0.746000 4.431000 -0.776000 90 0
-0.852000 4.392000 -0.858000 88 0
-0.450000 5.038000 -0.679000 33 0
-0.529000 4.502000 -0.700000 85 0
-0.646000 4.461000 -0.780000 91 0
-0.754000 4.415000 -0.858000 89 0
0.000000 -0.000000 -0.000000 0 0
-0.427000 4.533000 -0.706000 54 0
-0.547000 4.491000 -0.783000 84 0
-0.658000 4.457000 -0.861000 87 0
0.000000 -0.000000 -0.000000 0 192
0.000000 -0.000000 -0.000000 0 0
-0.447000 4.523000 -0.788000 65 0
-0.560000 4.483000 -0.862000 83 0
0.000000 -0.000000 -0.000000 0 192
0.000000 -0.000000 -0.000000 0 192
-0.257000 3.400000 -0.591000 0 0
-0.461000 4.515000 -0.864000 76 0
0.000000 -0.000000 -0.000000 0 192
0.000000 -0.000000 -0.000000 0 192
0.000000 -0.000000 -0.000000 0 0
-0.271000 3.414000 -0.651000 5 0
0.000000 -0.000000 -0.000000 0 192
0.000000 -0.000000 -0.000000 0 192
0.000000 -0.000000 -0.000000 0 192
0.000000 -0.000000 -0.000000 0 0
0.000000 -0.000000 -0.000000 0 192
0.000000 -0.000000 -0.000000 0 192
0.000000 -0.000000 -0.000000 0 192
0.000000 -0.000000 -0.000000 0 192
0.000000 -0.000000 -0.000000 0 192
0.000000 -0.000000 -0.000000 0 192
0.000000 -0.000000 -0.000000 0 192
0.000000 -0.000000 -0.000000 0 128
0.000000 -0.000000 -0.000000 0 192
0.000000 -0.000000 -0.000000 0 192
0.000000 -0.000000 -0.000000 0 192
0.000000 -0.000000 -0.000000 0 192
0.193000 1.588000 -0.233000 20 0
0.000000 -0.000000 -0.000000 0 192
0.000000 -0.000000 -0.000000 0 192
0.000000 -0.000000 -0.000000 0 192
0.223000 1.529000 -0.227000 15 0
0.184000 1.612000 -0.262000 18 0
0.000000 -0.000000 -0.000000 0 0
0.000000 -0.000000 -0.000000 0 192
0.263000 1.555000 -0.233000 13 0
0.211000 1.541000 -0.252000 10 0
0.000000 -0.000000 -0.000000 0 0
0.000000 -0.000000 -0.000000 0 192
0.302000 1.561000 -0.237000 15 0
0.249000 1.549000 -0.255000 11 0
0.201000 1.544000 -0.272000 29 0
0.000000 -0.000000 -0.000000 0 128
0.341000 1.567000 -0.242000 13 0
0.287000 1.556000 -0.259000 11 0
0.237000 1.546000 -0.273000 11 0
0.197000 1.580000 -0.296000 19 0
0.381000 1.575000 -0.246000 14 0
0.326000 1.565000 -0.263000 11 0
0.274000 1.550000 -0.275000 11 0
0.229000 1.552000 -0.291000 14 0
0.423000 1.588000 -0.252000 56 0
0.365000 1.571000 -0.266000 57 0
0.314000 1.563000 -0.279000 13 0
0.265000 1.553000 -0.291000 13 0
0.467000 1.602000 -0.258000 13 0
0.409000 1.593000 -0.273000 11 0
0.353000 1.574000 -0.282000 11 0
0.305000 1.569000 -0.295000 13 0
0.510000 1.611000 -0.264000 57 0
0.449000 1.595000 -0.276000 55 0
0.394000 1.584000 -0.286000 13 0
0.343000 1.571000 -0.296000 62 0
0.553000 1.617000 -0.269000 59 0
0.493000 1.608000 -0.281000 58 0
0.435000 1.591000 -0.289000 60 0
0.383000 1.581000 -0.298000 15 0
0.601000 1.632000 -0.276000 52 0
0.535000 1.613000 -0.285000 55 0
0.478000 1.603000 -0.293000 13 0
0.424000 1.590000 -0.301000 59 0
0.648000 1.642000 -0.283000 47 0
0.582000 1.630000 -0.292000 50 0
0.521000 1.613000 -0.297000 61 0
0.466000 1.600000 -0.304000 64 0
0.696000 1.653000 -0.290000 50 0
0.628000 1.638000 -0.297000 51 0
0.566000 1.622000 -0.301000 54 0
0.510000 1.613000 -0.307000 61 0
0.747000 1.667000 -0.298000 45 0
0.678000 1.654000 -0.304000 47 0
0.613000 1.635000 -0.307000 49 0
0.553000 1.619000 -0.310000 59 0
0.823000 1.729000 -0.315000 152 0
0.729000 1.668000 -0.311000 45 0
0.662000 1.651000 -0.312000 44 0
0.601000 1.636000 -0.315000 56 0
1.028000 2.037000 -0.378000 50 0
0.780000 1.680000 -0.318000 50 0
0.712000 1.663000 -0.318000 49 0
0.649000 1.648000 -0.319000 49 0
1.094000 2.050000 -0.389000 31 0
0.991000 2.011000 -0.386000 86 0
0.764000 1.676000 -0.324000 49 0
0.699000 1.661000 -0.323000 51 0
1.168000 2.074000 -0.401000 4 0
1.070000 2.051000 -0.400000 42 0
0.851000 1.760000 -0.344000 151 0
0.750000 1.673000 -0.328000 50 0
0.000000 -0.000000 -0.000000 0 0
1.136000 2.062000 -0.409000 16 0
1.047000 2.043000 -0.404000 48 0
0.827000 1.737000 -0.343000 153 0
0.000000 -0.000000 -0.000000 0 128
0.000000 -0.000000 -0.000000 0 0
1.115000 2.060000 -0.412000 30 0
1.031000 2.041000 -0.406000 56 0
0.000000 -0.000000 -0.000000 0 128
0.000000 -0.000000 -0.000000 0 192
1.182000 2.069000 -0.419000 2 0
1.102000 2.063000 -0.414000 44 0
0.000000 -0.000000 -0.000000 0 128
0.000000 -0.000000 -0.000000 0 128
0.000000 -0.000000 -0.000000 0 0
1.171000 2.075000 -0.420000 6 0
0.000000 -0.000000 -0.000000 0 128
0.000000 -0.000000 -0.000000 0 0
0.000000 -0.000000 -0.000000 0 0
0.000000 -0.000000 -0.000000 0 0
0.000000 -0.000000 -0.000000 0 128
0.000000 -0.000000 -0.000000 0 128
0.000000 -0.000000 -0.000000 0 0
0.000000 -0.000000 -0.000000 0 128
0.000000 -0.000000 -0.000000 0 128
0.000000 -0.000000 -0.000000 0 128
0.000000 -0.000000 -0.000000 0 128
0.000000 -0.000000 -0.000000 0 128
0.000000 -0.000000 -0.000000 0 128
0.000000 -0.000000 -0.000000 0 128
0.000000 -0.000000 -0.000000 0 128
0.000000 -0.000000 -0.000000 0 0
0.000000 -0.000000 -0.000000 0 128
0.000000 -0.000000 -0.000000 0 0
0.000000 -0.000000 -0.000000 0 0
0.000000 -0.000000 -0.000000 0 128
0.000000 -0.000000 -0.000000 0 128
0.000000 -0.000000 -0.000000 0 0
0.000000 -0.000000 -0.000000 0 0
0.000000 -0.000000 -0.000000 0 128
0.000000 -0.000000 -0.000000 0 128
0.000000 -0.000000 -0.000000 0 0
0.000000 -0.000000 -0.000000 0 0
0.000000 -0.000000 -0.000000 0 128
0.000000 -0.000000 -0.000000 0 128
0.000000 -0.000000 -0.000000 0 0
0.000000 -0.000000 -0.000000 0 0
0.000000 -0.000000 -0.000000 0 0
0.000000 -0.000000 -0.000000 0 128
0.000000 -0.000000 -0.000000 0 0
0.000000 -0.000000 -0.000000 0 0
0.000000 -0.000000 -0.000000 0 128
0.000000 -0.000000 -0.000000 0 192
0.000000 -0.000000 -0.000000 0 0
0.000000 -0.000000 -0.000000 0 0
0.000000 -0.000000 -0.000000 0 0
0.000000 -0.000000 -0.000000 0 128
0.000000 -0.000000 -0.000000 0 192
0.000000 -0.000000 -0.000000 0 0
0.000000 -0.000000 -0.000000 0 128
0.000000 -0.000000 -0.000000 0 128
0.000000 -0.000000 -0.000000 0 128
0.000000 -0.000000 -0.000000 0 0
0.000000 -0.000000 -0.000000 0 0
0.601000 1.632000 -0.276000 52 0
0.535000 1.613000 -0.285000 55 0
0.478000 1.603000 -0.293000 13 0
0.424000 1.590000 -0.301000 59 0
0.648000 1.642000 -0.283000 47 0
0.582000 1.630000 -0.292000 50 0
0.521000 1.613000 -0.297000 61 0
0.466000 1.600000 -0.304000 64 0
0.696000 1.653000 -0.290000 50 0
0.628000 1.638000 -0.297000 51 0
0.566000 1.622000 -0.301000 54 0
0.510000 1.613000 -0.307000 61 0
0.747000 1.667000 -0.298000 45 0
0.678000 1.654000 -0.304000 47 0
0.613000 1.635000 -0.307000 49 0
0.553000 1.619000 -0.310000 59 0
0.823000 1.729000 -0.315000 152 0
0.729000 1.668000 -0.311000 45 0
0.662000 1.651000 -0.312000 44 0
0.601000 1.636000 -0.315000 56 0
1.028000 2.037000 -0.378000 50 0
0.780000 1.680000 -0.318000 50 0
0.712000 1.663000 -0.318000 49 0
0.649000 1.648000 -0.319000 49 0
1.094000 2.050000 -0.389000 31 0
0.991000 2.011000 -0.386000 86 0
0.764000 1.676000 -0.324000 49 0
0.699000 1.661000 -0.323000 51 0
1.168000 2.074000 -0.401000 4 0
1.070000 2.051000 -0.400000 42 0
0.851000 1.760000 -0.344000 151 0
0.750000 1.673000 -0.328000 50 0
0.000000 -0.000000 -0.000000 0 0
1.136000 2.062000 -0.409000 16 0
1.047000 2.043000 -0.404000 48 0
0.827000 1.737000 -0.343000 153 0
0.000000 -0.000000 -0.000000 0 128
0.000000 -0.000000 -0.000000 0 0
1.115000 2.060000 -0.412000 30 0
1.031000 2.041000 -0.406000 56 0
0.000000 -0.000000 -0.000000 0 128
0.000000 -0.000000 -0.000000 0 192
1.182000 2.069000 -0.419000 2 0
1.102000 2.063000 -0.414000 44 0
0.000000 -0.000000 -0.000000 0 128
0.000000 -0.000000 -0.000000 0 128
0.000000 -0.000000 -0.000000 0 0
1.171000 2.075000 -0.420000 6 0
0.000000 -0.000000 -0.000000 0 128
0.000000 -0.000000 -0.000000 0 0
0.000000 -0.000000 -0.000000 0 0
0.000000 -0.000000 -0.000000 0 0
0.000000 -0.000000 -0.000000 0 128
0.000000 -0.000000 -0.000000 0 128
0.000000 -0.000000 -0.000000 0 0
0.000000 -0.000000 -0.000000 0 128
0.000000 -0.000000 -0.000000 0 128
0.000000 -0.000000 -0.000000 0 128
0.000000 -0.000000 -0.000000 0 128
0.000000 -0.000000 -0.000000 0 128
0.000000 -0.000000 -0.000000 0 128
0.000000 -0.000000 -0.000000 0 128
0.000000 -0.000000 -0.000000 0 128
0.000000 -0.000000 -0.000000 0 0
0.000000 -0.000000 -0.000000 0 128
0.000000 -0.000000 -0.000000 0 0
0.000000 -0.000000 -0.000000 0 0
0.000000 -0.000000 -0.000000 0 128
0.000000 -0.000000 -0.000000 0 128
0.000000 -0.000000 -0.000000 0 0
0.000000 -0.000000 -0.000000 0 0
0.000000 -0.000000 -0.000000 0 128
0.000000 -0.000000 -0.000000 0 128
0.000000 -0.000000 -0.000000 0 0
0.000000 -0.000000 -0.000000 0 0
0.000000 -0.000000 -0.000000 0 128
0.000000 -0.000000 -0.000000 0 128
0.000000 -0.000000 -0.000000 0 0
0.000000 -0.000000 -0.000000 0 0
0.000000 -0.000000 -0.000000 0 0
0.000000 -0.000000 -0.000000 0 128
0.000000 -0.000000 -0.000000 0 0
0.000000 -0.000000 -0.000000 0 0
0.000000 -0.000000 -0.000000 0 128
0.000000 -0.000000 -0.000000 0 192
0.000000 -0.000000 -0.000000 0 0
0.000000 -0.000000 -0.000000 0 0
0.000000 -0.000000 -0.000000 0 0
0.000000 -0.000000 -0.000000 0 128
0.000000 -0.000000 -0.000000 0 192
0.000000 -0.000000 -0.000000 0 0
0.000000 -0.000000 -0.000000 0 128
0.000000 -0.000000 -0.000000 0 128
0.000000 -0.000000 -0.000000 0 128
0.000000 -0.000000 -0.000000 0 0
0.000000 -0.000000 -0.000000 0 0
0.000000 -0.000000 -0.000000 0 128
0.000000 -0.000000 -0.000000 0 0
0.000000 -0.000000 -0.000000 0 128
0.000000 -0.000000 -0.000000 0 128
0.000000 -0.000000 -0.000000 0 0
0.000000 -0.000000 -0.000000 0 0
0.000000 -0.000000 -0.000000 0 128
0.000000 -0.000000 -0.000000 0 128
0.000000 -0.000000 -0.000000 0 0
0.000000 -0.000000 -0.000000 0 0
0.000000 -0.000000 -0.000000 0 0
0.000000 -0.000000 -0.000000 0 128
0.000000 -0.000000 -0.000000 0 0
0.000000 -0.000000 -0.000000 0 0
0.000000 -0.000000 -0.000000 0 0
0.000000 -0.000000 -0.000000 0 0
0.000000 -0.000000 -0.000000 0 0
0.000000 -0.000000 -0.000000 0 0
0.000000 -0.000000 -0.000000 0 0
0.000000 -0.000000 -0.000000 0 0
0.000000 -0.000000 -0.000000 0 0
0.000000 -0.000000 -0.000000 0 0
0.000000 -0.000000 -0.000000 0 0
0.000000 -0.000000 -0.000000 0 0
0.000000 -0.000000 -0.000000 0 0
0.000000 -0.000000 -0.000000 0 0
0.000000 -0.000000 -0.000000 0 0
0.000000 -0.000000 -0.000000 0 0
0.000000 -0.000000 -0.000000 0 0
0.000000 -0.000000 -0.000000 0 0
0.000000 -0.000000 -0.000000 0 0
0.000000 -0.000000 -0.000000 0 0
0.000000 -0.000000 -0.000000 0 0
0.000000 -0.000000 -0.000000 0 0
0.000000 -0.000000 -0.000000 0 0
0.000000 -0.000000 -0.000000 0 0
0.000000 -0.000000 -0.000000 0 0
0.000000 -0.000000 -0.000000 0 0
0.000000 -0.000000 -0.000000 0 0
0.000000 -0.000000 -0.000000 0 0
0.000000 -0.000000 -0.000000 0 0
0.000000 -0.000000 -0.000000 0 0
0.000000 -0.000000 -0.000000 0 0
0.000000 -0.000000 -0.000000 0 0
0.000000 -0.000000 -0.000000 0 0
0.000000 -0.000000 -0.000000 0 0
0.000000 -0.000000 -0.000000 0 0
0.000000 -0.000000 -0.000000 0 0
0.000000 -0.000000 -0.000000 0 0
0.000000 -0.000000 -0.000000 0 0
0.000000 -0.000000 -0.000000 0 0
0.000000 -0.000000 -0.000000 0 0
0.000000 -0.000000 -0.000000 0 0
0.000000 -0.000000 -0.000000 0 0
0.000000 -0.000000 -0.000000 0 0
0.000000 -0.000000 -0.000000 0 0
0.000000 -0.000000 -0.000000 0 0
0.000000 -0.000000 -0.000000 0 0
0.000000 -0.000000 -0.000000 0 0
0.000000 -0.000000 -0.000000 0 0
0.000000 -0.000000 -0.000000 0 0
0.000000 -0.000000 -0.000000 0 0
0.000000 -0.000000 -0.000000 0 0
0.000000 -0.000000 -0.000000 0 0
0.000000 -0.000000 -0.000000 0 0
0.000000 -0.000000 -0.000000 0 0
0.000000 -0.000000 -0.000000 0 0
0.000000 -0.000000 -0.000000 0 0
0.000000 -0.000000 -0.000000 0 0
0.000000 -0.000000 -0.000000 0 0
0.000000 -0.000000 -0.000000 0 0
0.000000 -0.000000 -0.000000 0 0
0.000000 -0.000000 -0.000000 0 0
0.000000 -0.000000 -0.000000 0 0
0.000000 -0.000000 -0.000000 0 0
0.000000 -0.000000 -0.000000 0 0
0.000000 -0.000000 -0.000000 0 0
0.000000 -0.000000 -0.000000 0 0
0.000000 -0.000000 -0.000000 0 0
0.000000 -0.000000 -0.000000 0 0
0.000000 -0.000000 -0.000000 0 0
0.000000 -0.000000 -0.000000 0 0
0.000000 -0.000000 -0.000000 0 0
0.000000 -0.000000 -0.000000 0 0
0.000000 -0.000000 -0.000000 0 0
0.000000 -0.000000 -0.000000 0 0
0.000000 -0.000000 -0.000000 0 0
0.000000 -0.000000 -0.000000 0 0
0.000000 -0.000000 -0.000000 0 0
0.000000 -0.000000 -0.000000 0 0
0.000000 -0.000000 -0.000000 0 0
0.000000 -0.000000 -0.000000 0 0
0.000000 -0.000000 -0.000000 0 0
0.000000 -0.000000 -0.000000 0 0
0.000000 -0.000000 -0.000000 0 0
0.000000 -0.000000 -0.000000 0 0
0.000000 -0.000000 -0.000000 0 128
0.000000 -0.000000 -0.000000 0 0
0.000000 -0.000000 -0.000000 0 128
0.000000 -0.000000 -0.000000 0 128
0.000000 -0.000000 -0.000000 0 0
0.000000 -0.000000 -0.000000 0 0
0.000000 -0.000000 -0.000000 0 128
0.000000 -0.000000 -0.000000 0 128
0.000000 -0.000000 -0.000000 0 0
0.000000 -0.000000 -0.000000 0 0
0.000000 -0.000000 -0.000000 0 0
0.000000 -0.000000 -0.000000 0 128
0.000000 -0.000000 -0.000000 0 0
0.000000 -0.000000 -0.000000 0 0
0.000000 -0.000000 -0.000000 0 0
0.000000 -0.000000 -0.000000 0 0
0.000000 -0.000000 -0.000000 0 0
0.000000 -0.000000 -0.000000 0 0
0.000000 -0.000000 -0.000000 0 0
0.000000 -0.000000 -0.000000 0 0
0.000000 -0.000000 -0.000000 0 0
0.000000 -0.000000 -0.000000 0 0
0.000000 -0.000000 -0.000000 0 0
0.000000 -0.000000 -0.000000 0 0
0.000000 -0.000000 -0.000000 0 0
0.000000 -0.000000 -0.000000 0 0
0.000000 -0.000000 -0.000000 0 0
0.000000 -0.000000 -0.000000 0 0
0.000000 -0.000000 -0.000000 0 0
0.000000 -0.000000 -0.000000 0 0
0.000000 -0.000000 -0.000000 0 0
0.000000 -0.000000 -0.000000 0 0
0.000000 -0.000000 -0.000000 0 0
0.000000 -0.000000 -0.000000 0 0
0.000000 -0.000000 -0.000000 0 0
0.000000 -0.000000 -0.000000 0 0
0.000000 -0.000000 -0.000000 0 0
0.000000 -0.000000 -0.000000 0 0
0.000000 -0.000000 -0.000000 0 0
0.000000 -0.000000 -0.000000 0 0
0.000000 -0.000000 -0.000000 0 0
0.000000 -0.000000 -0.000000 0 0
0.000000 -0.000000 -0.000000 0 0
0.000000 -0.000000 -0.000000 0 0
0.000000 -0.000000 -0.000000 0 0
0.000000 -0.000000 -0.000000 0 0
0.000000 -0.000000 -0.000000 0 0
0.000000 -0.000000 -0.000000 0 0
0.000000 -0.000000 -0.000000 0 0
0.000000 -0.000000 -0.000000 0 0
0.000000 -0.000000 -0.000000 0 0
0.000000 -0.000000 -0.000000 0 0
0.000000 -0.000000 -0.000000 0 0
0.000000 -0.000000 -0.000000 0 0
0.000000 -0.000000 -0.000000 0 0
0.000000 -0.000000 -0.000000 0 0
0.000000 -0.000000 -0.000000 0 0
0.000000 -0.000000 -0.000000 0 0
0.000000 -0.000000 -0.000000 0 0
0.000000 -0.000000 -0.000000 0 0
0.000000 -0.000000 -0.000000 0 0
0.000000 -0.000000 -0.000000 0 0
0.000000 -0.000000 -0.000000 0 0
0.000000 -0.000000 -0.000000 0 0
0.000000 -0.000000 -0.000000 0 0
0.000000 -0.000000 -0.000000 0 0
0.000000 -0.000000 -0.000000 0 0
0.000000 -0.000000 -0.000000 0 0
0.000000 -0.000000 -0.000000 0 0
0.000000 -0.000000 -0.000000 0 0
0.000000 -0.000000 -0.000000 0 0
0.000000 -0.000000 -0.000000 0 0
0.000000 -0.000000 -0.000000 0 0
0.000000 -0.000000 -0.000000 0 0
0.000000 -0.000000 -0.000000 0 0
0.000000 -0.000000 -0.000000 0 0
0.000000 -0.000000 -0.000000 0 0
0.000000 -0.000000 -0.000000 0 0
0.000000 -0.000000 -0.000000 0 0
0.000000 -0.000000 -0.000000 0 0
0.000000 -0.000000 -0.000000 0 0
0.000000 -0.000000 -0.000000 0 0
0.000000 -0.000000 -0.000000 0 0
0.000000 -0.000000 -0.000000 0 0
0.000000 -0.000000 -0.000000 0 0
0.000000 -0.000000 -0.000000 0 0
0.000000 -0.000000 -0.000000 0 0
0.000000 -0.000000 -0.000000 0 0
0.000000 -0.000000 -0.000000 0 0
0.000000 -0.000000 -0.000000 0 0
0.000000 -0.000000 -0.000000 0 0
0.000000 -0.000000 -0.000000 0 0
0.000000 -0.000000 -0.000000 0 0
0.000000 -0.000000 -0.000000 0 0
0.000000 -0.000000 -0.000000 0 0
0.000000 -0.000000 -0.000000 0 0
0.000000 -0.000000 -0.000000 0 0
0.000000 -0.000000 -0.000000 0 0
0.000000 -0.000000 -0.000000 0 0
0.000000 -0.000000 -0.000000 0 0
0.000000 -0.000000 -0.000000 0 0
0.000000 -0.000000 -0.000000 0 0
0.000000 -0.000000 -0.000000 0 0
0.000000 -0.000000 -0.000000 0 0
0.000000 -0.000000 -0.000000 0 0
0.000000 -0.000000 -0.000000 0 0
0.000000 -0.000000 -0.000000 0 0
0.000000 -0.000000 -0.000000 0 128
0.000000 -0.000000 -0.000000 0 0
0.000000 -0.000000 -0.000000 0 0
0.000000 -0.000000 -0.000000 0 0
0.000000 -0.000000 -0.000000 0 0
0.000000 -0.000000 -0.000000 0 0
0.000000 -0.000000 -0.000000 0 0
0.000000 -0.000000 -0.000000 0 0
0.000000 -0.000000 -0.000000 0 0
0.000000 -0.000000 -0.000000 0 0
0.000000 -0.000000 -0.000000 0 0
0.000000 -0.000000 -0.000000 0 0
0.000000 -0.000000 -0.000000 0 0
0.000000 -0.000000 -0.000000 0 0
0.000000 -0.000000 -0.000000 0 0
0.000000 -0.000000 -0.000000 0 0
0.000000 -0.000000 -0.000000 0 128
0.000000 -0.000000 -0.000000 0 0
0.000000 -0.000000 -0.000000 0 0
0.000000 -0.000000 -0.000000 0 0
0.000000 -0.000000 -0.000000 0 128
0.000000 -0.000000 -0.000000 0 0
0.000000 -0.000000 -0.000000 0 0
0.000000 -0.000000 -0.000000 0 0
0.000000 -0.000000 -0.000000 0 128
0.000000 -0.000000 -0.000000 0 0
0.000000 -0.000000 -0.000000 0 0
0.000000 -0.000000 -0.000000 0 0
0.000000 -0.000000 -0.000000 0 0
0.000000 -0.000000 -0.000000 0 0
0.000000 -0.000000 -0.000000 0 0
0.000000 -0.000000 -0.000000 0 0
0.000000 -0.000000 -0.000000 0 0
0.000000 -0.000000 -0.000000 0 0
0.000000 -0.000000 -0.000000 0 0
0.000000 -0.000000 -0.000000 0 0
0.000000 -0.000000 -0.000000 0 0
0.000000 -0.000000 -0.000000 0 0
0.000000 -0.000000 -0.000000 0 0
0.000000 -0.000000 -0.000000 0 0
0.000000 -0.000000 -0.000000 0 0
0.000000 -0.000000 -0.000000 0 0
0.000000 -0.000000 -0.000000 0 0
0.000000 -0.000000 -0.000000 0 0
0.000000 -0.000000 -0.000000 0 0
0.000000 -0.000000 -0.000000 0 0
0.000000 -0.000000 -0.000000 0 0
0.000000 -0.000000 -0.000000 0 0
0.000000 -0.000000 -0.000000 0 0
0.000000 -0.000000 -0.000000 0 0
0.000000 -0.000000 -0.000000 0 0
0.000000 -0.000000 -0.000000 0 0
0.000000 -0.000000 -0.000000 0 0
0.000000 -0.000000 -0.000000 0 0
0.000000 -0.000000 -0.000000 0 0
0.000000 -0.000000 -0.000000 0 0
0.000000 -0.000000 -0.000000 0 0
0.000000 -0.000000 -0.000000 0 0
0.000000 -0.000000 -0.000000 0 0
0.000000 -0.000000 -0.000000 0 0
0.000000 -0.000000 -0.000000 0 0
0.000000 -0.000000 -0.000000 0 0
0.000000 -0.000000 -0.000000 0 0
0.000000 -0.000000 -0.000000 0 0
0.000000 -0.000000 -0.000000 0 0
0.000000 -0.000000 -0.000000 0 0
1.914000 -0.530000 -0.416000 0 0
0.000000 -0.000000 -0.000000 0 0
0.000000 -0.000000 -0.000000 0 0
0.000000 -0.000000 -0.000000 0 0
0.000000 -0.000000 -0.000000 0 0
0.000000 -0.000000 -0.000000 0 0
0.000000 -0.000000 -0.000000 0 0
0.000000 -0.000000 -0.000000 0 0
0.000000 -0.000000 -0.000000 0 0
0.000000 -0.000000 -0.000000 0 0
0.000000 -0.000000 -0.000000 0 0
0.000000 -0.000000 -0.000000 0 0
0.000000 -0.000000 -0.000000 0 0
0.000000 -0.000000 -0.000000 0 0
0.000000 -0.000000 -0.000000 0 0
0.000000 -0.000000 -0.000000 0 0
0.000000 -0.000000 -0.000000 0 0
0.000000 -0.000000 -0.000000 0 0
0.000000 -0.000000 -0.000000 0 0
0.000000 -0.000000 -0.000000 0 0
0.000000 -0.000000 -0.000000 0 0
0.000000 -0.000000 -0.000000 0 0
0.000000 -0.000000 -0.000000 0 0
0.000000 -0.000000 -0.000000 0 0
0.000000 -0.000000 -0.000000 0 0
0.000000 -0.000000 -0.000000 0 0
0.000000 -0.000000 -0.000000 0 0
0.000000 -0.000000 -0.000000 0 0
0.000000 -0.000000 -0.000000 0 0
0.000000 -0.000000 -0.000000 0 0
0.000000 -0.000000 -0.000000 0 128
0.000000 -0.000000 -0.000000 0 0
0.000000 -0.000000 -0.000000 0 0
0.000000 -0.000000 -0.000000 0 0
0.000000 -0.000000 -0.000000 0 0
0.000000 -0.000000 -0.000000 0 0
0.000000 -0.000000 -0.000000 0 0
0.000000 -0.000000 -0.000000 0 0
0.000000 -0.000000 -0.000000 0 0
0.000000 -0.000000 -0.000000 0 0
0.000000 -0.000000 -0.000000 0 0
0.000000 -0.000000 -0.000000 0 0
0.000000 -0.000000 -0.000000 0 0
0.000000 -0.000000 -0.000000 0 0
0.000000 -0.000000 -0.000000 0 0
0.000000 -0.000000 -0.000000 0 0
0.000000 -0.000000 -0.000000 0 128
0.000000 -0.000000 -0.000000 0 0
0.000000 -0.000000 -0.000000 0 0
0.000000 -0.000000 -0.000000 0 0
0.000000 -0.000000 -0.000000 0 128
0.000000 -0.000000 -0.000000 0 0
0.000000 -0.000000 -0.000000 0 0
0.000000 -0.000000 -0.000000 0 0
0.000000 -0.000000 -0.000000 0 128
0.000000 -0.000000 -0.000000 0 0
0.000000 -0.000000 -0.000000 0 0
0.000000 -0.000000 -0.000000 0 0
0.000000 -0.000000 -0.000000 0 0
0.000000 -0.000000 -0.000000 0 0
0.000000 -0.000000 -0.000000 0 0
0.000000 -0.000000 -0.000000 0 0
0.000000 -0.000000 -0.000000 0 0
0.000000 -0.000000 -0.000000 0 0
0.000000 -0.000000 -0.000000 0 0
0.000000 -0.000000 -0.000000 0 0
0.000000 -0.000000 -0.000000 0 0
0.000000 -0.000000 -0.000000 0 0
0.000000 -0.000000 -0.000000 0 0
0.000000 -0.000000 -0.000000 0 0
0.000000 -0.000000 -0.000000 0 0
0.000000 -0.000000 -0.000000 0 0
0.000000 -0.000000 -0.000000 0 0
0.000000 -0.000000 -0.000000 0 0
0.000000 -0.000000 -0.000000 0 0
0.000000 -0.000000 -0.000000 0 0
0.000000 -0.000000 -0.000000 0 0
0.000000 -0.000000 -0.000000 0 0
0.000000 -0.000000 -0.000000 0 0
0.000000 -0.000000 -0.000000 0 0
0.000000 -0.000000 -0.000000 0 0
0.000000 -0.000000 -0.000000 0 0
0.000000 -0.000000 -0.000000 0 0
0.000000 -0.000000 -0.000000 0 0
0.000000 -0.000000 -0.000000 0 0
0.000000 -0.000000 -0.000000 0 0
0.000000 -0.000000 -0.000000 0 0
0.000000 -0.000000 -0.000000 0 0
0.000000 -0.000000 -0.000000 0 0
0.000000 -0.000000 -0.000000 0 0
0.000000 -0.000000 -0.000000 0 0
0.000000 -0.000000 -0.000000 0 0
0.000000 -0.000000 -0.000000 0 0
0.000000 -0.000000 -0.000000 0 0
0.000000 -0.000000 -0.000000 0 0
0.000000 -0.000000 -0.000000 0 0
1.914000 -0.530000 -0.416000 0 0
0.000000 -0.000000 -0.000000 0 0
0.000000 -0.000000 -0.000000 0 0
0.000000 -0.000000 -0.000000 0 0
0.000000 -0.000000 -0.000000 0 0
0.000000 -0.000000 -0.000000 0 0
0.000000 -0.000000 -0.000000 0 0
0.000000 -0.000000 -0.000000 0 0
0.000000 -0.000000 -0.000000 0 0
0.000000 -0.000000 -0.000000 0 0
0.000000 -0.000000 -0.000000 0 0
0.000000 -0.000000 -0.000000 0 0
0.000000 -0.000000 -0.000000 0 0
0.000000 -0.000000 -0.000000 0 0
0.000000 -0.000000 -0.000000 0 0
0.000000 -0.000000 -0.000000 0 0
0.000000 -0.000000 -0.000000 0 0
0.000000 -0.000000 -0.000000 0 0
0.000000 -0.000000 -0.000000 0 0
0.000000 -0.000000 -0.000000 0 0
0.000000 -0.000000 -0.000000 0 0
0.000000 -0.000000 -0.000000 0 0
0.000000 -0.000000 -0.000000 0 0
0.000000 -0.000000 -0.000000 0 0
0.000000 -0.000000 -0.000000 0 0
0.000000 -0.000000 -0.000000 0 0
0.000000 -0.000000 -0.000000 0 0
0.000000 -0.000000 -0.000000 0 0
0.000000 -0.000000 -0.000000 0 0
0.000000 -0.000000 -0.000000 0 0
0.000000 -0.000000 -0.000000 0 0
0.000000 -0.000000 -0.000000 0 0
0.000000 -0.000000 -0.000000 0 0
0.000000 -0.000000 -0.000000 0 0
0.000000 -0.000000 -0.000000 0 0
0.000000 -0.000000 -0.000000 0 0
0.000000 -0.000000 -0.000000 0 0
0.000000 -0.000000 -0.000000 0 0
0.000000 -0.000000 -0.000000 0 0
0.000000 -0.000000 -0.000000 0 0
0.000000 -0.000000 -0.000000 0 0
0.000000 -0.000000 -0.000000 0 0
0.000000 -0.000000 -0.000000 0 0
0.000000 -0.000000 -0.000000 0 0
0.000000 -0.000000 -0.000000 0 0
0.000000 -0.000000 -0.000000 0 0
0.000000 -0.000000 -0.000000 0 0
0.000000 -0.000000 -0.000000 0 0
0.000000 -0.000000 -0.000000 0 0
0.000000 -0.000000 -0.000000 0 0
0.000000 -0.000000 -0.000000 0 0
0.000000 -0.000000 -0.000000 0 0
0.000000 -0.000000 -0.000000 0 0
0.000000 -0.000000 -0.000000 0 0
0.000000 -0.000000 -0.000000 0 0
0.000000 -0.000000 -0.000000 0 0
0.000000 -0.000000 -0.000000 0 0
0.000000 -0.000000 -0.000000 0 0
0.000000 -0.000000 -0.000000 0 0
0.000000 -0.000000 -0.000000 0 0
0.000000 -0.000000 -0.000000 0 0
0.000000 -0.000000 -0.000000 0 0
0.000000 -0.000000 -0.000000 0 0
0.000000 -0.000000 -0.000000 0 0
0.000000 -0.000000 -0.000000 0 0
0.000000 -0.000000 -0.000000 0 0
0.000000 -0.000000 -0.000000 0 128
0.000000 -0.000000 -0.000000 0 0
0.000000 -0.000000 -0.000000 0 0
0.000000 -0.000000 -0.000000 0 128
0.000000 -0.000000 -0.000000 0 192
0.000000 -0.000000 -0.000000 0 0
0.000000 -0.000000 -0.000000 0 128
0.000000 -0.000000 -0.000000 0 128
0.000000 -0.000000 -0.000000 0 128
0.000000 -0.000000 -0.000000 0 128
0.000000 -0.000000 -0.000000 0 128
0.000000 -0.000000 -0.000000 0 128
0.000000 -0.000000 -0.000000 0 128
0.000000 -0.000000 -0.000000 0 128
0.000000 -0.000000 -0.000000 0 0
0.000000 -0.000000 -0.000000 0 128
0.000000 -0.000000 -0.000000 0 128
0.000000 -0.000000 -0.000000 0 128
0.000000 -0.000000 -0.000000 0 0
0.000000 -0.000000 -0.000000 0 0
0.000000 -0.000000 -0.000000 0 128
0.000000 -0.000000 -0.000000 0 128
0.000000 -0.000000 -0.000000 0 0
0.000000 -0.000000 -0.000000 0 0
0.000000 -0.000000 -0.000000 0 128
0.000000 -0.000000 -0.000000 0 0
0.000000 -0.000000 -0.000000 0 0
0.000000 -0.000000 -0.000000 0 0
0.000000 -0.000000 -0.000000 0 128
0.000000 -0.000000 -0.000000 0 128
0.000000 -0.000000 -0.000000 0 0
0.000000 -0.000000 -0.000000 0 0
0.000000 -0.000000 -0.000000 0 128
0.000000 -0.000000 -0.000000 0 0
0.000000 -0.000000 -0.000000 0 0
0.000000 -0.000000 -0.000000 0 0
0.000000 -0.000000 -0.000000 0 128
0.000000 -0.000000 -0.000000 0 0
0.000000 -0.000000 -0.000000 0 0
0.000000 -0.000000 -0.000000 0 0
0.000000 -0.000000 -0.000000 0 128
0.000000 -0.000000 -0.000000 0 0
0.000000 -0.000000 -0.000000 0 0
0.000000 -0.000000 -0.000000 0 128
0.000000 -0.000000 -0.000000 0 128
0.000000 -0.000000 -0.000000 0 128
0.000000 -0.000000 -0.000000 0 128
0.000000 -0.000000 -0.000000 0 128
0.000000 -0.000000 -0.000000 0 128
0.000000 -0.000000 -0.000000 0 0
0.000000 -0.000000 -0.000000 0 0
0.000000 -0.000000 -0.000000 0 0
0.000000 -0.000000 -0.000000 0 0
0.000000 -0.000000 -0.000000 0 0
0.000000 -0.000000 -0.000000 0 0
0.000000 -0.000000 -0.000000 0 0
0.000000 -0.000000 -0.000000 0 0
0.000000 -0.000000 -0.000000 0 0
0.000000 -0.000000 -0.000000 0 0
0.000000 -0.000000 -0.000000 0 0
0.000000 -0.000000 -0.000000 0 0
0.000000 -0.000000 -0.000000 0 0
0.000000 -0.000000 -0.000000 0 0
0.000000 -0.000000 -0.000000 0 0
0.000000 -0.000000 -0.000000 0 0
0.000000 -0.000000 -0.000000 0 0
0.000000 -0.000000 -0.000000 0 0
0.000000 -0.000000 -0.000000 0 0
0.000000 -0.000000 -0.000000 0 0
0.000000 -0.000000 -0.000000 0 0
0.000000 -0.000000 -0.000000 0 0
0.000000 -0.000000 -0.000000 0 0
0.000000 -0.000000 -0.000000 0 0
0.000000 -0.000000 -0.000000 0 0
0.000000 -0.000000 -0.000000 0 0
0.000000 -0.000000 -0.000000 0 0
0.000000 -0.000000 -0.000000 0 0
0.000000 -0.000000 -0.000000 0 0
0.000000 -0.000000 -0.000000 0 0
0.000000 -0.000000 -0.000000 0 0
0.000000 -0.000000 -0.000000 0 0
0.000000 -0.000000 -0.000000 0 0
0.000000 -0.000000 -0.000000 0 0
0.000000 -0.000000 -0.000000 0 0
0.000000 -0.000000 -0.000000 0 0
0.000000 -0.000000 -0.000000 0 0
0.000000 -0.000000 -0.000000 0 0
0.000000 -0.000000 -0.000000 0 0
0.000000 -0.000000 -0.000000 0 0
0.000000 -0.000000 -0.000000 0 0
0.000000 -0.000000 -0.000000 0 0
0.000000 -0.000000 -0.000000 0 0
0.000000 -0.000000 -0.000000 0 0
0.000000 -0.000000 -0.000000 0 0
0.000000 -0.000000 -0.000000 0 0
0.000000 -0.000000 -0.000000 0 0
0.000000 -0.000000 -0.000000 0 128
0.000000 -0.000000 -0.000000 0 0
0.000000 -0.000000 -0.000000 0 0
0.000000 -0.000000 -0.000000 0 128
0.000000 -0.000000 -0.000000 0 192
0.000000 -0.000000 -0.000000 0 0
0.000000 -0.000000 -0.000000 0 128
0.000000 -0.000000 -0.000000 0 128
0.000000 -0.000000 -0.000000 0 128
0.000000 -0.000000 -0.000000 0 128
0.000000 -0.000000 -0.000000 0 128
0.000000 -0.000000 -0.000000 0 128
0.000000 -0.000000 -0.000000 0 128
0.000000 -0.000000 -0.000000 0 128
0.000000 -0.000000 -0.000000 0 0
0.000000 -0.000000 -0.000000 0 128
0.000000 -0.000000 -0.000000 0 128
0.000000 -0.000000 -0.000000 0 128
0.000000 -0.000000 -0.000000 0 0
0.000000 -0.000000 -0.000000 0 0
0.000000 -0.000000 -0.000000 0 128
0.000000 -0.000000 -0.000000 0 128
0.000000 -0.000000 -0.000000 0 0
0.000000 -0.000000 -0.000000 0 0
0.000000 -0.000000 -0.000000 0 128
0.000000 -0.000000 -0.000000 0 0
0.000000 -0.000000 -0.000000 0 0
0.000000 -0.000000 -0.000000 0 0
0.000000 -0.000000 -0.000000 0 128
0.000000 -0.000000 -0.000000 0 128
0.000000 -0.000000 -0.000000 0 0
0.000000 -0.000000 -0.000000 0 0
0.000000 -0.000000 -0.000000 0 128
0.000000 -0.000000 -0.000000 0 0
0.000000 -0.000000 -0.000000 0 0
0.000000 -0.000000 -0.000000 0 0
0.000000 -0.000000 -0.000000 0 128
0.000000 -0.000000 -0.000000 0 0
0.000000 -0.000000 -0.000000 0 0
0.000000 -0.000000 -0.000000 0 0
0.000000 -0.000000 -0.000000 0 128
0.000000 -0.000000 -0.000000 0 0
0.000000 -0.000000 -0.000000 0 0
0.000000 -0.000000 -0.000000 0 128
0.000000 -0.000000 -0.000000 0 128
0.000000 -0.000000 -0.000000 0 128
0.000000 -0.000000 -0.000000 0 128
0.000000 -0.000000 -0.000000 0 128
0.000000 -0.000000 -0.000000 0 128
0.000000 -0.000000 -0.000000 0 128
0.000000 -0.000000 -0.000000 0 128
0.000000 -0.000000 -0.000000 0 128
0.000000 -0.000000 -0.000000 0 192
0.000000 -0.000000 -0.000000 0 128
0.000000 -0.000000 -0.000000 0 0
0.000000 -0.000000 -0.000000 0 128
0.000000 -0.000000 -0.000000 0 128
0.000000 -0.000000 -0.000000 0 0
0.000000 -0.000000 -0.000000 0 128
0.000000 -0.000000 -0.000000 0 128
0.000000 -0.000000 -0.000000 0 128
0.000000 -0.000000 -0.000000 0 128
0.000000 -0.000000 -0.000000 0 128
0.739000 -1.210000 -0.279000 36 0
1.345000 -2.347000 -0.464000 8 0
0.776000 -1.183000 -0.351000 1 64
0.752000 -1.216000 -0.318000 39 0
0.713000 -1.231000 -0.281000 13 0
1.292000 -2.385000 -0.468000 9 0
0.733000 -1.173000 -0.344000 59 0
0.724000 -1.233000 -0.319000 16 0
0.679000 -1.239000 -0.280000 12 0
1.236000 -2.419000 -0.471000 9 0
0.674000 -1.134000 -0.328000 6 0
0.648000 -1.162000 -0.297000 9 1
0.646000 -1.246000 -0.279000 11 0
1.183000 -2.460000 -0.476000 8 0
0.671000 -1.186000 -0.338000 13 0
0.655000 -1.241000 -0.314000 11 0
0.614000 -1.255000 -0.278000 10 0
1.125000 -2.490000 -0.479000 9 0
0.644000 -1.200000 -0.338000 11 0
0.623000 -1.247000 -0.312000 9 0
0.580000 -1.259000 -0.277000 9 0
0.901000 -2.130000 -0.407000 32 2
0.592000 -1.164000 -0.324000 5 1
0.593000 -1.258000 -0.312000 11 0
0.547000 -1.265000 -0.277000 12 0
0.843000 -2.135000 -0.407000 27 0
0.597000 -1.242000 -0.342000 10 0
0.562000 -1.269000 -0.311000 11 0
0.854000 -2.107000 -0.458000 21 0
0.791000 -2.154000 -0.409000 17 0
0.574000 -1.264000 -0.344000 17 0
0.836000 -2.007000 -0.488000 2 0
0.795000 -2.104000 -0.455000 102 0
0.735000 -2.160000 -0.409000 87 0
0.000000 -0.000000 -0.000000 0 0
0.789000 -2.023000 -0.488000 32 0
0.743000 -2.113000 -0.454000 100 0
0.716000 -2.284000 -0.432000 150 1
0.732000 -1.823000 -0.487000 3 0
0.748000 -2.055000 -0.493000 28 0
0.692000 -2.126000 -0.455000 103 0
0.756000 -2.631000 -0.497000 14 0
0.687000 -1.827000 -0.484000 17 0
0.703000 -2.077000 -0.495000 30 0
0.688000 -2.295000 -0.490000 12 1
0.695000 -2.653000 -0.501000 14 0
0.649000 -1.852000 -0.486000 22 0
0.650000 -2.075000 -0.491000 12 0
0.638000 -2.321000 -0.494000 11 0
0.629000 -2.662000 -0.503000 8 0
0.612000 -1.878000 -0.489000 21 0
0.601000 -2.084000 -0.491000 13 0
0.584000 -2.341000 -0.497000 11 0
0.564000 -2.671000 -0.505000 8 0
0.570000 -1.893000 -0.489000 17 0
0.554000 -2.100000 -0.492000 12 0
0.530000 -2.356000 -0.499000 11 0
0.497000 -2.668000 -0.506000 7 0
0.531000 -1.917000 -0.492000 16 0
0.506000 -2.114000 -0.493000 12 0
0.475000 -2.364000 -0.500000 10 0
0.432000 -2.669000 -0.507000 7 0
0.492000 -1.945000 -0.496000 16 0
0.460000 -2.137000 -0.496000 13 0
0.420000 -2.383000 -0.504000 9 0
0.000000 -0.000000 -0.000000 0 0
0.449000 -1.957000 -0.496000 17 0
0.412000 -2.148000 -0.497000 13 0
0.363000 -2.382000 -0.503000 6 0
0.000000 -0.000000 -0.000000 0 192
0.407000 -1.971000 -0.496000 13 0
0.365000 -2.171000 -0.501000 13 0
0.000000 -0.000000 -0.000000 0 0
0.000000 -0.000000 -0.000000 0 192
0.366000 -1.996000 -0.500000 15 0
0.313000 -2.159000 -0.497000 3 0
0.000000 -0.000000 -0.000000 0 192
0.000000 -0.000000 -0.000000 0 192
0.322000 -2.011000 -0.501000 13 0
0.000000 -0.000000 -0.000000 0 0
0.000000 -0.000000 -0.000000 0 192
0.000000 -0.000000 -0.000000 0 192
0.000000 -0.000000 -0.000000 0 128
0.000000 -0.000000 -0.000000 0 128
0.000000 -0.000000 -0.000000 0 128
0.000000 -0.000000 -0.000000 0 192
0.000000 -0.000000 -0.000000 0 128
0.000000 -0.000000 -0.000000 0 0
0.000000 -0.000000 -0.000000 0 128
0.000000 -0.000000 -0.000000 0 128
0.000000 -0.000000 -0.000000 0 0
0.000000 -0.000000 -0.000000 0 128
0.000000 -0.000000 -0.000000 0 128
0.000000 -0.000000 -0.000000 0 128
0.000000 -0.000000 -0.000000 0 128
0.000000 -0.000000 -0.000000 0 128
0.739000 -1.210000 -0.279000 36 0
1.345000 -2.347000 -0.464000 8 0
0.776000 -1.183000 -0.351000 1 64
0.752000 -1.216000 -0.318000 39 0
0.713000 -1.231000 -0.281000 13 0
1.292000 -2.385000 -0.468000 9 0
0.733000 -1.173000 -0.344000 59 0
0.724000 -1.233000 -0.319000 16 0
0.679000 -1.239000 -0.280000 12 0
1.236000 -2.419000 -0.471000 9 0
0.674000 -1.134000 -0.328000 6 0
0.648000 -1.162000 -0.297000 9 1
0.646000 -1.246000 -0.279000 11 0
1.183000 -2.460000 -0.476000 8 0
0.671000 -1.186000 -0.338000 13 0
0.655000 -1.241000 -0.314000 11 0
0.614000 -1.255000 -0.278000 10 0
1.125000 -2.490000 -0.479000 9 0
0.644000 -1.200000 -0.338000 11 0
0.623000 -1.247000 -0.312000 9 0
0.580000 -1.259000 -0.277000 9 0
0.901000 -2.130000 -0.407000 32 2
0.592000 -1.164000 -0.324000 5 1
0.593000 -1.258000 -0.312000 11 0
0.547000 -1.265000 -0.277000 12 0
0.843000 -2.135000 -0.407000 27 0
0.597000 -1.242000 -0.342000 10 0
0.562000 -1.269000 -0.311000 11 0
0.854000 -2.107000 -0.458000 21 0
0.791000 -2.154000 -0.409000 17 0
0.574000 -1.264000 -0.344000 17 0
0.836000 -2.007000 -0.488000 2 0
0.795000 -2.104000 -0.455000 102 0
0.735000 -2.160000 -0.409000 87 0
0.000000 -0.000000 -0.000000 0 0
0.789000 -2.023000 -0.488000 32 0
0.743000 -2.113000 -0.454000 100 0
0.716000 -2.284000 -0.432000 150 1
0.732000 -1.823000 -0.487000 3 0
0.748000 -2.055000 -0.493000 28 0
0.692000 -2.126000 -0.455000 103 0
0.756000 -2.631000 -0.497000 14 0
0.687000 -1.827000 -0.484000 17 0
0.703000 -2.077000 -0.495000 30 0
0.688000 -2.295000 -0.490000 12 1
0.695000 -2.653000 -0.501000 14 0
0.649000 -1.852000 -0.486000 22 0
0.650000 -2.075000 -0.491000 12 0
0.638000 -2.321000 -0.494000 11 0
0.629000 -2.662000 -0.503000 8 0
0.612000 -1.878000 -0.489000 21 0
0.601000 -2.084000 -0.491000 13 0
0.584000 -2.341000 -0.497000 11 0
0.564000 -2.671000 -0.505000 8 0
0.570000 -1.893000 -0.489000 17 0
0.554000 -2.100000 -0.492000 12 0
0.530000 -2.356000 -0.499000 11 0
0.497000 -2.668000 -0.506000 7 0
0.531000 -1.917000 -0.492000 16 0
0.506000 -2.114000 -0.493000 12 0
0.475000 -2.364000 -0.500000 10 0
0.432000 -2.669000 -0.507000 7 0
0.492000 -1.945000 -0.496000 16 0
0.460000 -2.137000 -0.496000 13 0
0.420000 -2.383000 -0.504000 9 0
0.000000 -0.000000 -0.000000 0 0
0.449000 -1.957000 -0.496000 17 0
0.412000 -2.148000 -0.497000 13 0
0.363000 -2.382000 -0.503000 6 0
0.000000 -0.000000 -0.000000 0 192
0.407000 -1.971000 -0.496000 13 0
0.365000 -2.171000 -0.501000 13 0
0.000000 -0.000000 -0.000000 0 0
0.000000 -0.000000 -0.000000 0 192
0.366000 -1.996000 -0.500000 15 0
0.313000 -2.159000 -0.497000 3 0
0.000000 -0.000000 -0.000000 0 192
0.000000 -0.000000 -0.000000 0 192
0.322000 -2.011000 -0.501000 13 0
0.000000 -0.000000 -0.000000 0 0
0.000000 -0.000000 -0.000000 0 192
0.000000 -0.000000 -0.000000 0 192
0.275000 -2.003000 -0.497000 2 0
0.000000 -0.000000 -0.000000 0 192
0.000000 -0.000000 -0.000000 0 192
0.000000 -0.000000 -0.000000 0 192
0.000000 -0.000000 -0.000000 0 0
0.000000 -0.000000 -0.000000 0 192
0.000000 -0.000000 -0.000000 0 192
0.000000 -0.000000 -0.000000 0 192
0.000000 -0.000000 -0.000000 0 192
0.000000 -0.000000 -0.000000 0 192
0.000000 -0.000000 -0.000000 0 192
0.000000 -0.000000 -0.000000 0 192
0.000000 -0.000000 -0.000000 0 192
0.000000 -0.000000 -0.000000 0 192
0.000000 -0.000000 -0.000000 0 192
-0.176000 -3.327000 -0.664000 15 0
0.000000 -0.000000 -0.000000 0 192
0.000000 -0.000000 -0.000000 0 192
0.000000 -0.000000 -0.000000 0 128
-0.232000 -3.016000 -0.607000 14 0
0.000000 -0.000000 -0.000000 0 192
0.000000 -0.000000 -0.000000 0 192
-0.192000 -3.325000 -0.721000 16 0
-0.289000 -2.872000 -0.583000 41 0
0.000000 -0.000000 -0.000000 0 192
-0.133000 -3.417000 -0.788000 1 0
-0.243000 -2.996000 -0.653000 31 0
-0.240000 -1.932000 -0.396000 4 0
0.000000 -0.000000 -0.000000 0 128
-0.157000 -2.535000 -0.586000 2 4
-0.201000 -1.926000 -0.422000 7 0
0.000000 -0.000000 -0.000000 0 0
-0.147000 -3.345000 -0.816000 1 0
-0.162000 -1.912000 -0.443000 0 0
-0.341000 -2.665000 -0.589000 37 0
0.000000 -0.000000 -0.000000 0 0
-0.147000 -2.199000 -0.537000 5 0
-0.302000 -2.785000 -0.648000 58 0
-0.329000 -2.164000 -0.481000 3 0
-0.303000 -1.538000 -0.326000 1 0
-0.263000 -2.932000 -0.716000 43 0
-0.349000 -2.648000 -0.618000 18 0
-0.418000 -2.380000 -0.534000 11 0
-0.456000 -2.062000 -0.442000 4 0
-0.309000 -2.744000 -0.671000 46 0
-0.371000 -2.393000 -0.562000 13 0
-0.303000 -1.516000 -0.343000 1 0
-0.493000 -2.004000 -0.435000 56 0
-0.352000 -2.601000 -0.637000 5 0
-0.416000 -2.330000 -0.550000 49 0
-0.460000 -2.054000 -0.469000 10 0
-0.516000 -1.903000 -0.419000 59 0
-0.383000 -2.412000 -0.592000 35 0
-0.448000 -2.215000 -0.525000 9 0
-0.494000 -1.988000 -0.458000 51 0
-0.538000 -1.815000 -0.405000 60 0
-0.417000 -2.290000 -0.563000 47 0
-0.471000 -2.077000 -0.495000 40 0
-0.516000 -1.891000 -0.440000 56 0
-0.454000 -1.412000 -0.319000 7 0
-0.445000 -2.161000 -0.533000 51 0
-0.495000 -1.976000 -0.474000 56 0
-0.532000 -1.784000 -0.420000 72 0
0.000000 -0.000000 -0.000000 0 0
-0.473000 -2.057000 -0.509000 49 0
-0.517000 -1.877000 -0.454000 54 0
-0.451000 -1.395000 -0.332000 7 0
0.000000 -0.000000 -0.000000 0 0
-0.497000 -1.953000 -0.486000 52 0
-0.514000 -1.711000 -0.417000 121 0
-0.467000 -1.337000 -0.322000 0 0
-0.483000 -1.204000 -0.285000 2 0
-0.519000 -1.862000 -0.465000 55 0
-0.453000 -1.390000 -0.342000 6 0
-0.469000 -1.249000 -0.304000 3 0
0.000000 -0.000000 -0.000000 0 0
-0.497000 -1.636000 -0.411000 150 0
-0.478000 -1.361000 -0.338000 1 0
0.000000 -0.000000 -0.000000 0 0
-0.483000 -1.059000 -0.260000 0 0
-0.453000 -1.378000 -0.348000 0 0
-0.494000 -1.309000 -0.328000 8 0
0.000000 -0.000000 -0.000000 0 0
-0.536000 -1.107000 -0.276000 1 0
-0.477000 -1.347000 -0.342000 11 0
-0.498000 -1.231000 -0.312000 0 0
0.000000 -0.000000 -0.000000 0 0
-0.611000 -1.192000 -0.303000 3 0
-0.497000 -1.305000 -0.334000 1 0
-0.494000 -1.146000 -0.293000 2 0
-0.531000 -1.095000 -0.282000 1 0
-0.677000 -1.247000 -0.324000 14 0
-0.501000 -1.230000 -0.317000 4 0
-0.482000 -1.049000 -0.272000 0 0
-0.545000 -1.061000 -0.278000 1 0
-0.691000 -1.205000 -0.319000 13 0
0.275000 -2.003000 -0.497000 2 0
0.000000 -0.000000 -0.000000 0 192
0.000000 -0.000000 -0.000000 0 192
0.000000 -0.000000 -0.000000 0 192
0.000000 -0.000000 -0.000000 0 0
0.000000 -0.000000 -0.000000 0 192
0.000000 -0.000000 -0.000000 0 192
0.000000 -0.000000 -0.000000 0 192
0.000000 -0.000000 -0.000000 0 192
0.000000 -0.000000 -0.000000 0 192
0.000000 -0.000000 -0.000000 0 192
0.000000 -0.000000 -0.000000 0 192
0.000000 -0.000000 -0.000000 0 192
0.000000 -0.000000 -0.000000 0 192
0.000000 -0.000000 -0.000000 0 192
-0.176000 -3.327000 -0.664000 15 0
0.000000 -0.000000 -0.000000 0 192
0.000000 -0.000000 -0.000000 0 192
0.000000 -0.000000 -0.000000 0 128
-0.232000 -3.016000 -0.607000 14 0
0.000000 -0.000000 -0.000000 0 192
0.000000 -0.000000 -0.000000 0 192
-0.192000 -3.325000 -0.721000 16 0
-0.289000 -2.872000 -0.583000 41 0
0.000000 -0.000000 -0.000000 0 192
-0.133000 -3.417000 -0.788000 1 0
-0.243000 -2.996000 -0.653000 31 0
-0.240000 -1.932000 -0.396000 4 0
0.000000 -0.000000 -0.000000 0 128
-0.157000 -2.535000 -0.586000 2 4
-0.201000 -1.926000 -0.422000 7 0
0.000000 -0.000000 -0.000000 0 0
-0.147000 -3.345000 -0.816000 1 0
-0.162000 -1.912000 -0.443000 0 0
-0.341000 -2.665000 -0.589000 37 0
0.000000 -0.000000 -0.000000 0 0
-0.147000 -2.199000 -0.537000 5 0
-0.302000 -2.785000 -0.648000 58 0
-0.329000 -2.164000 -0.481000 3 0
-0.303000 -1.538000 -0.326000 1 0
-0.263000 -2.932000 -0.716000 43 0
-0.349000 -2.648000 -0.618000 18 0
-0.418000 -2.380000 -0.534000 11 0
-0.456000 -2.062000 -0.442000 4 0
-0.309000 -2.744000 -0.671000 46 0
-0.371000 -2.393000 -0.562000 13 0
-0.303000 -1.516000 -0.343000 1 0
-0.493000 -2.004000 -0.435000 56 0
-0.352000 -2.601000 -0.637000 5 0
-0.416000 -2.330000 -0.550000 49 0
-0.460000 -2.054000 -0.469000 10 0
-0.516000 -1.903000 -0.419000 59 0
-0.383000 -2.412000 -0.592000 35 0
-0.448000 -2.215000 -0.525000 9 0
-0.494000 -1.988000 -0.458000 51 0
-0.538000 -1.815000 -0.405000 60 0
-0.417000 -2.290000 -0.563000 47 0
-0.471000 -2.077000 -0.495000 40 0
-0.516000 -1.891000 -0.440000 56 0
-0.454000 -1.412000 -0.319000 7 0
-0.445000 -2.161000 -0.533000 51 0
-0.495000 -1.976000 -0.474000 56 0
-0.532000 -1.784000 -0.420000 72 0
0.000000 -0.000000 -0.000000 0 0
-0.473000 -2.057000 -0.509000 49 0
-0.517000 -1.877000 -0.454000 54 0
-0.451000 -1.395000 -0.332000 7 0
0.000000 -0.000000 -0.000000 0 0
-0.497000 -1.953000 -0.486000 52 0
-0.514000 -1.711000 -0.417000 121 0
-0.467000 -1.337000 -0.322000 0 0
-0.483000 -1.204000 -0.285000 2 0
-0.519000 -1.862000 -0.465000 55 0
-0.453000 -1.390000 -0.342000 6 0
-0.469000 -1.249000 -0.304000 3 0
0.000000 -0.000000 -0.000000 0 0
-0.497000 -1.636000 -0.411000 150 0
-0.478000 -1.361000 -0.338000 1 0
0.000000 -0.000000 -0.000000 0 0
-0.483000 -1.059000 -0.260000 0 0
-0.453000 -1.378000 -0.348000 0 0
-0.494000 -1.309000 -0.328000 8 0
0.000000 -0.000000 -0.000000 0 0
-0.536000 -1.107000 -0.276000 1 0
-0.477000 -1.347000 -0.342000 11 0
-0.498000 -1.231000 -0.312000 0 0
0.000000 -0.000000 -0.000000 0 0
-0.611000 -1.192000 -0.303000 3 0
-0.497000 -1.305000 -0.334000 1 0
-0.494000 -1.146000 -0.293000 2 0
-0.531000 -1.095000 -0.282000 1 0
-0.677000 -1.247000 -0.324000 14 0
-0.501000 -1.230000 -0.317000 4 0
-0.482000 -1.049000 -0.272000 0 0
-0.545000 -1.061000 -0.278000 1 0
-0.691000 -1.205000 -0.319000 13 0
0.000000 -0.000000 -0.000000 0 0
-0.529000 -1.086000 -0.285000 1 0
-0.672000 -1.236000 -0.329000 11 0
-0.703000 -1.164000 -0.314000 13 0
-0.495000 -1.070000 -0.281000 0 0
-0.540000 -1.047000 -0.278000 1 0
-0.690000 -1.203000 -0.326000 13 0
-0.714000 -1.122000 -0.310000 13 0
-0.531000 -1.083000 -0.287000 1 0
-0.674000 -1.235000 -0.333000 10 0
-0.701000 -1.159000 -0.320000 13 0
-0.724000 -1.082000 -0.305000 16 64
-0.541000 -1.040000 -0.278000 1 0
-0.689000 -1.197000 -0.327000 12 0
-0.713000 -1.121000 -0.315000 15 0
-0.733000 -1.043000 -0.301000 16 64
-0.676000 -1.230000 -0.333000 13 0
-0.700000 -1.152000 -0.320000 15 0
-0.724000 -1.082000 -0.310000 15 0
-0.735000 -0.997000 -0.295000 16 64
-0.690000 -1.189000 -0.326000 13 0
-0.713000 -1.115000 -0.314000 15 0
-0.731000 -1.039000 -0.304000 15 0
-0.740000 -0.957000 -0.290000 15 64
-0.704000 -1.151000 -0.319000 13 0
-0.721000 -1.072000 -0.307000 15 0
-0.738000 -0.999000 -0.298000 15 0
-0.747000 -0.921000 -0.286000 15 64
-0.714000 -1.108000 -0.311000 17 0
-0.729000 -1.031000 -0.301000 15 0
-0.744000 -0.961000 -0.293000 15 0
-0.756000 -0.890000 -0.283000 15 64
-0.719000 -1.061000 -0.302000 16 0
-0.736000 -0.991000 -0.294000 15 0
-0.750000 -0.923000 -0.288000 14 0
-0.765000 -0.860000 -0.281000 15 64
-0.726000 -1.019000 -0.295000 16 64
-0.745000 -0.957000 -0.290000 15 0
-0.756000 -0.888000 -0.283000 14 0
-0.775000 -0.832000 -0.280000 16 64
-0.736000 -0.983000 -0.289000 16 64
-0.751000 -0.920000 -0.284000 14 0
-0.765000 -0.859000 -0.281000 18 0
-0.782000 -0.802000 -0.278000 15 64
-0.746000 -0.949000 -0.284000 16 0
-0.759000 -0.887000 -0.279000 14 0
-0.773000 -0.828000 -0.277000 18 0
-0.789000 -0.773000 -0.275000 16 64
-0.752000 -0.912000 -0.277000 17 0
-0.768000 -0.856000 -0.276000 14 0
-0.781000 -0.799000 -0.275000 18 0
-0.799000 -0.749000 -0.275000 16 64
-0.760000 -0.880000 -0.272000 17 0
-0.779000 -0.828000 -0.273000 14 0
-0.790000 -0.772000 -0.273000 18 0
-0.809000 -0.724000 -0.274000 17 64
-0.766000 -0.846000 -0.267000 17 0
-0.783000 -0.795000 -0.268000 14 0
-0.799000 -0.746000 -0.271000 18 0
-0.814000 -0.696000 -0.272000 17 64
-0.778000 -0.819000 -0.264000 17 0
-0.792000 -0.768000 -0.266000 14 0
-0.810000 -0.722000 -0.270000 19 0
-0.826000 -0.674000 -0.273000 17 64
-0.784000 -0.787000 -0.259000 18 0
-0.801000 -0.742000 -0.263000 14 0
-0.811000 -0.691000 -0.266000 18 0
-0.810000 -0.631000 -0.264000 16 0
-0.796000 -0.763000 -0.257000 18 0
-0.813000 -0.717000 -0.262000 14 0
-0.818000 -0.664000 -0.264000 18 0
-0.826000 -0.615000 -0.267000 20 0
-0.806000 -0.737000 -0.254000 19 0
-0.816000 -0.687000 -0.258000 14 0
-0.826000 -0.640000 -0.263000 18 0
-0.822000 -0.583000 -0.263000 15 0
-0.812000 -0.708000 -0.251000 19 0
-0.825000 -0.663000 -0.257000 14 0
-0.836000 -0.618000 -0.263000 18 0
-0.829000 -0.561000 -0.263000 11 0
-0.818000 -0.679000 -0.247000 19 0
-0.834000 -0.639000 -0.255000 14 0
-0.846000 -0.596000 -0.263000 18 0
-0.833000 -0.537000 -0.262000 8 0
-0.824000 -0.652000 -0.244000 20 0
-0.839000 -0.612000 -0.253000 15 0
-0.845000 -0.567000 -0.259000 17 0
-0.803000 -0.492000 -0.250000 7 0
-0.831000 -0.626000 -0.241000 24 0
-0.841000 -0.584000 -0.249000 14 0
-0.850000 -0.543000 -0.258000 17 0
-0.641000 -0.373000 -0.198000 2 0
-0.839000 -0.602000 -0.239000 23 0
-0.849000 -0.561000 -0.248000 14 0
-0.847000 -0.514000 -0.255000 13 0
-0.626000 -0.346000 -0.192000 4 0
0.000000 -0.000000 -0.000000 0 0
-0.529000 -1.086000 -0.285000 1 0
-0.672000 -1.236000 -0.329000 11 0
-0.703000 -1.164000 -0.314000 13 0
-0.495000 -1.070000 -0.281000 0 0
-0.540000 -1.047000 -0.278000 1 0
-0.690000 -1.203000 -0.326000 13 0
-0.714000 -1.122000 -0.310000 13 0
-0.531000 -1.083000 -0.287000 1 0
-0.674000 -1.235000 -0.333000 10 0
-0.701000 -1.159000 -0.320000 13 0
-0.724000 -1.082000 -0.305000 16 64
-0.541000 -1.040000 -0.278000 1 0
-0.689000 -1.197000 -0.327000 12 0
-0.713000 -1.121000 -0.315000 15 0
-0.733000 -1.043000 -0.301000 16 64
-0.676000 -1.230000 -0.333000 13 0
-0.700000 -1.152000 -0.320000 15 0
-0.724000 -1.082000 -0.310000 15 0
-0.735000 -0.997000 -0.295000 16 64
-0.690000 -1.189000 -0.326000 13 0
-0.713000 -1.115000 -0.314000 15 0
-0.731000 -1.039000 -0.304000 15 0
-0.740000 -0.957000 -0.290000 15 64
-0.704000 -1.151000 -0.319000 13 0
-0.721000 -1.072000 -0.307000 15 0
-0.738000 -0.999000 -0.298000 15 0
-0.747000 -0.921000 -0.286000 15 64
-0.714000 -1.108000 -0.311000 17 0
-0.729000 -1.031000 -0.301000 15 0
-0.744000 -0.961000 -0.293000 15 0
-0.756000 -0.890000 -0.283000 15 64
-0.719000 -1.061000 -0.302000 16 0
-0.736000 -0.991000 -0.294000 15 0
-0.750000 -0.923000 -0.288000 14 0
-0.765000 -0.860000 -0.281000 15 64
-0.726000 -1.019000 -0.295000 16 64
-0.745000 -0.957000 -0.290000 15 0
-0.756000 -0.888000 -0.283000 14 0
-0.775000 -0.832000 -0.280000 16 64
-0.736000 -0.983000 -0.289000 16 64
-0.751000 -0.920000 -0.284000 14 0
-0.765000 -0.859000 -0.281000 18 0
-0.782000 -0.802000 -0.278000 15 64
-0.746000 -0.949000 -0.284000 16 0
-0.759000 -0.887000 -0.279000 14 0
-0.773000 -0.828000 -0.277000 18 0
-0.789000 -0.773000 -0.275000 16 64
-0.752000 -0.912000 -0.277000 17 0
-0.768000 -0.856000 -0.276000 14 0
-0.781000 -0.799000 -0.275000 18 0
-0.799000 -0.749000 -0.275000 16 64
-0.760000 -0.880000 -0.272000 17 0
-0.779000 -0.828000 -0.273000 14 0
-0.790000 -0.772000 -0.273000 18 0
-0.809000 -0.724000 -0.274000 17 64
-0.766000 -0.846000 -0.267000 17 0
-0.783000 -0.795000 -0.268000 14 0
-0.799000 -0.746000 -0.271000 18 0
-0.814000 -0.696000 -0.272000 17 64
-0.778000 -0.819000 -0.264000 17 0
-0.792000 -0.768000 -0.266000 14 0
-0.810000 -0.722000 -0.270000 19 0
-0.826000 -0.674000 -0.273000 17 64
-0.784000 -0.787000 -0.259000 18 0
-0.801000 -0.742000 -0.263000 14 0
-0.811000 -0.691000 -0.266000 18 0
-0.810000 -0.631000 -0.264000 16 0
-0.796000 -0.763000 -0.257000 18 0
-0.813000 -0.717000 -0.262000 14 0
-0.818000 -0.664000 -0.264000 18 0
-0.826000 -0.615000 -0.267000 20 0
-0.806000 -0.737000 -0.254000 19 0
-0.816000 -0.687000 -0.258000 14 0
-0.826000 -0.640000 -0.263000 18 0
-0.822000 -0.583000 -0.263000 15 0
-0.812000 -0.708000 -0.251000 19 0
-0.825000 -0.663000 -0.257000 14 0
-0.836000 -0.618000 -0.263000 18 0
-0.829000 -0.561000 -0.263000 11 0
-0.818000 -0.679000 -0.247000 19 0
-0.834000 -0.639000 -0.255000 14 0
-0.846000 -0.596000 -0.263000 18 0
-0.833000 -0.537000 -0.262000 8 0
-0.824000 -0.652000 -0.244000 20 0
-0.839000 -0.612000 -0.253000 15 0
-0.845000 -0.567000 -0.259000 17 0
-0.803000 -0.492000 -0.250000 7 0
-0.831000 -0.626000 -0.241000 24 0
-0.841000 -0.584000 -0.249000 14 0
-0.850000 -0.543000 -0.258000 17 0
-0.641000 -0.373000 -0.198000 2 0
-0.839000 -0.602000 -0.239000 23 0
-0.849000 -0.561000 -0.248000 14 0
-0.847000 -0.514000 -0.255000 13 0
-0.626000 -0.346000 -0.192000 4 0
-0.845000 -0.576000 -0.237000 23 0
-0.858000 -0.539000 -0.248000 14 0
-0.851000 -0.490000 -0.253000 15 0
-0.678000 -0.355000 -0.207000 5 0
-0.856000 -0.555000 -0.236000 23 0
-0.862000 -0.513000 -0.246000 14 0
-0.733000 -0.400000 -0.216000 18 18
-0.872000 -0.432000 -0.265000 21 0
-0.844000 -0.518000 -0.229000 21 0
-0.868000 -0.490000 -0.244000 14 0
-0.864000 -0.446000 -0.253000 15 0
-0.879000 -0.412000 -0.266000 21 0
-0.851000 -0.496000 -0.228000 21 0
-0.575000 -0.307000 -0.160000 8 18
-0.873000 -0.426000 -0.253000 15 0
-0.884000 -0.390000 -0.266000 21 0
-0.792000 -0.436000 -0.209000 19 1
-0.873000 -0.440000 -0.241000 14 0
-0.878000 -0.404000 -0.253000 15 0
-0.868000 -0.360000 -0.260000 14 0
-0.862000 -0.448000 -0.224000 20 0
-0.881000 -0.419000 -0.240000 14 0
-0.883000 -0.382000 -0.253000 16 0
0.000000 -0.000000 -0.000000 0 0
-0.875000 -0.429000 -0.225000 21 0
-0.887000 -0.397000 -0.240000 14 0
-0.872000 -0.354000 -0.248000 5 0
0.000000 -0.000000 -0.000000 0 0
-0.883000 -0.407000 -0.224000 21 0
-0.884000 -0.371000 -0.237000 12 0
0.000000 -0.000000 -0.000000 0 0
0.000000 -0.000000 -0.000000 0 128
-0.880000 -0.380000 -0.221000 17 64
0.000000 -0.000000 -0.000000 0 0
0.000000 -0.000000 -0.000000 0 0
0.000000 -0.000000 -0.000000 0 128
0.000000 -0.000000 -0.000000 0 0
0.000000 -0.000000 -0.000000 0 0
0.000000 -0.000000 -0.000000 0 0
0.000000 -0.000000 -0.000000 0 0
0.000000 -0.000000 -0.000000 0 0
0.000000 -0.000000 -0.000000 0 0
-0.898000 -0.272000 -0.251000 13 0
-0.915000 -0.244000 -0.271000 20 0
-0.584000 -0.204000 -0.142000 2 0
-0.857000 -0.268000 -0.224000 1 0
-0.910000 -0.254000 -0.254000 15 0
-0.916000 -0.222000 -0.271000 19 0
0.000000 -0.000000 -0.000000 0 64
-0.911000 -0.262000 -0.237000 12 0
-0.912000 -0.232000 -0.254000 15 0
-0.925000 -0.203000 -0.274000 20 0
-0.909000 -0.270000 -0.219000 20 0
-0.919000 -0.241000 -0.238000 12 0
-0.921000 -0.212000 -0.256000 15 0
-0.933000 -0.183000 -0.276000 20 0
-0.916000 -0.248000 -0.219000 17 64
-0.922000 -0.220000 -0.238000 12 0
-0.926000 -0.191000 -0.257000 15 0
-0.938000 -0.163000 -0.278000 20 0
-0.921000 -0.226000 -0.219000 17 64
-0.928000 -0.198000 -0.238000 12 0
-0.928000 -0.170000 -0.257000 15 0
-0.938000 -0.142000 -0.278000 20 0
-0.926000 -0.203000 -0.219000 17 64
-0.929000 -0.176000 -0.238000 12 0
-0.938000 -0.150000 -0.260000 15 0
-0.944000 -0.122000 -0.280000 20 0
-0.931000 -0.181000 -0.219000 17 64
-0.942000 -0.155000 -0.241000 12 0
-0.943000 -0.129000 -0.261000 15 0
-0.946000 -0.101000 -0.282000 20 0
-0.940000 -0.159000 -0.220000 17 64
-0.940000 -0.133000 -0.240000 12 0
-0.948000 -0.108000 -0.262000 15 0
-0.957000 -0.081000 -0.286000 21 0
-0.945000 -0.137000 -0.220000 17 64
-0.946000 -0.111000 -0.241000 12 0
-0.950000 -0.086000 -0.263000 15 0
-0.961000 -0.060000 -0.288000 21 0
-0.950000 -0.114000 -0.221000 17 64
-0.952000 -0.089000 -0.242000 12 0
-0.961000 -0.065000 -0.267000 15 0
-0.965000 -0.039000 -0.290000 21 0
-0.955000 -0.092000 -0.222000 20 0
-0.954000 -0.067000 -0.243000 12 0
-0.964000 -0.043000 -0.268000 15 0
-0.974000 -0.018000 -0.294000 21 0
-0.963000 -0.069000 -0.223000 17 64
-0.958000 -0.045000 -0.244000 14 0
-0.967000 -0.022000 -0.270000 13 0
-0.981000 0.002000 -0.297000 21 0
-0.966000 -0.046000 -0.224000 17 64
-0.976000 -0.023000 -0.249000 14 0
-0.971000 -0.000000 -0.272000 15 0
-0.985000 0.024000 -0.299000 18 64
-0.845000 -0.576000 -0.237000 23 0
-0.858000 -0.539000 -0.248000 14 0
-0.851000 -0.490000 -0.253000 15 0
-0.678000 -0.355000 -0.207000 5 0
-0.856000 -0.555000 -0.236000 23 0
-0.862000 -0.513000 -0.246000 14 0
-0.733000 -0.400000 -0.216000 18 18
-0.872000 -0.432000 -0.265000 21 0
-0.844000 -0.518000 -0.229000 21 0
-0.868000 -0.490000 -0.244000 14 0
-0.864000 -0.446000 -0.253000 15 0
-0.879000 -0.412000 -0.266000 21 0
-0.851000 -0.496000 -0.228000 21 0
-0.575000 -0.307000 -0.160000 8 18
-0.873000 -0.426000 -0.253000 15 0
-0.884000 -0.390000 -0.266000 21 0
-0.792000 -0.436000 -0.209000 19 1
-0.873000 -0.440000 -0.241000 14 0
-0.878000 -0.404000 -0.253000 15 0
-0.868000 -0.360000 -0.260000 14 0
-0.862000 -0.448000 -0.224000 20 0
-0.881000 -0.419000 -0.240000 14 0
-0.883000 -0.382000 -0.253000 16 0
0.000000 -0.000000 -0.000000 0 0
-0.875000 -0.429000 -0.225000 21 0
-0.887000 -0.397000 -0.240000 14 0
-0.872000 -0.354000 -0.248000 5 0
0.000000 -0.000000 -0.000000 0 0
-0.883000 -0.407000 -0.224000 21 0
-0.884000 -0.371000 -0.237000 12 0
0.000000 -0.000000 -0.000000 0 0
0.000000 -0.000000 -0.000000 0 128
-0.880000 -0.380000 -0.221000 17 64
0.000000 -0.000000 -0.000000 0 0
0.000000 -0.000000 -0.000000 0 0
0.000000 -0.000000 -0.000000 0 128
0.000000 -0.000000 -0.000000 0 0
0.000000 -0.000000 -0.000000 0 0
0.000000 -0.000000 -0.000000 0 0
0.000000 -0.000000 -0.000000 0 0
0.000000 -0.000000 -0.000000 0 0
0.000000 -0.000000 -0.000000 0 0
-0.898000 -0.272000 -0.251000 13 0
-0.915000 -0.244000 -0.271000 20 0
-0.584000 -0.204000 -0.142000 2 0
-0.857000 -0.268000 -0.224000 1 0
-0.910000 -0.254000 -0.254000 15 0
-0.916000 -0.222000 -0.271000 19 0
0.000000 -0.000000 -0.000000 0 64
-0.911000 -0.262000 -0.237000 12 0
-0.912000 -0.232000 -0.254000 15 0
-0.925000 -0.203000 -0.274000 20 0
-0.909000 -0.270000 -0.219000 20 0
-0.919000 -0.241000 -0.238000 12 0
-0.921000 -0.212000 -0.256000 15 0
-0.933000 -0.183000 -0.276000 20 0
-0.916000 -0.248000 -0.219000 17 64
-0.922000 -0.220000 -0.238000 12 0
-0.926000 -0.191000 -0.257000 15 0
-0.938000 -0.163000 -0.278000 20 0
-0.921000 -0.226000 -0.219000 17 64
-0.928000 -0.198000 -0.238000 12 0
-0.928000 -0.170000 -0.257000 15 0
-0.938000 -0.142000 -0.278000 20 0
-0.926000 -0.203000 -0.219000 17 64
-0.929000 -0.176000 -0.238000 12 0
-0.938000 -0.150000 -0.260000 15 0
-0.944000 -0.122000 -0.280000 20 0
-0.931000 -0.181000 -0.219000 17 64
-0.942000 -0.155000 -0.241000 12 0
-0.943000 -0.129000 -0.261000 15 0
-0.946000 -0.101000 -0.282000 20 0
-0.940000 -0.159000 -0.220000 17 64
-0.940000 -0.133000 -0.240000 12 0
-0.948000 -0.108000 -0.262000 15 0
-0.957000 -0.081000 -0.286000 21 0
-0.945000 -0.137000 -0.220000 17 64
-0.946000 -0.111000 -0.241000 12 0
-0.950000 -0.086000 -0.263000 15 0
-0.961000 -0.060000 -0.288000 21 0
-0.950000 -0.114000 -0.221000 17 64
-0.952000 -0.089000 -0.242000 12 0
-0.961000 -0.065000 -0.267000 15 0
-0.965000 -0.039000 -0.290000 21 0
-0.955000 -0.092000 -0.222000 20 0
-0.954000 -0.067000 -0.243000 12 0
-0.964000 -0.043000 -0.268000 15 0
-0.974000 -0.018000 -0.294000 21 0
-0.963000 -0.069000 -0.223000 17 64
-0.958000 -0.045000 -0.244000 14 0
-0.967000 -0.022000 -0.270000 13 0
-0.981000 0.002000 -0.297000 21 0
-0.966000 -0.046000 -0.224000 17 64
-0.976000 -0.023000 -0.249000 14 0
-0.971000 -0.000000 -0.272000 15 0
-0.985000 0.024000 -0.299000 18 64
-0.972000 -0.023000 -0.225000 17 64
-0.976000 -0.000000 -0.250000 14 0
-0.973000 0.021000 -0.273000 15 0
-0.993000 0.046000 -0.304000 18 64
-0.975000 -0.000000 -0.226000 17 64
-0.984000 0.022000 -0.252000 14 0
-0.974000 0.043000 -0.275000 15 0
-1.000000 0.068000 -0.307000 22 0
-0.979000 0.023000 -0.227000 17 64
-0.990000 0.046000 -0.255000 13 0
-0.977000 0.066000 -0.276000 16 0
-1.001000 0.090000 -0.309000 22 0
-0.983000 0.047000 -0.229000 17 64
-0.996000 0.069000 -0.257000 13 0
-0.980000 0.088000 -0.279000 15 0
-1.005000 0.112000 -0.312000 23 0
-0.989000 0.072000 -0.231000 16 64
-1.002000 0.093000 -0.260000 14 0
-1.001000 0.113000 -0.286000 17 0
-1.008000 0.135000 -0.316000 23 0
-0.990000 0.096000 -0.232000 16 64
-1.005000 0.117000 -0.262000 14 0
-1.009000 0.137000 -0.290000 14 0
-1.008000 0.157000 -0.318000 22 0
-0.994000 0.121000 -0.233000 16 64
-1.009000 0.142000 -0.264000 14 0
-1.011000 0.160000 -0.292000 14 0
-1.022000 0.182000 -0.324000 24 0
-1.017000 0.148000 -0.240000 18 64
-1.011000 0.166000 -0.266000 14 0
-0.992000 0.181000 -0.289000 11 0
-1.000000 0.201000 -0.320000 2 0
-1.016000 0.174000 -0.241000 18 64
-1.008000 0.190000 -0.267000 3 0
-1.000000 0.205000 -0.294000 2 0
-1.001000 0.224000 -0.323000 2 0
-0.990000 0.194000 -0.236000 1 64
-1.007000 0.214000 -0.269000 2 0
-1.010000 0.231000 -0.299000 2 0
-1.092000 0.269000 -0.355000 1 2
-1.002000 0.222000 -0.241000 2 64
-1.021000 0.242000 -0.274000 2 0
-1.094000 0.277000 -0.326000 2 0
-1.108000 0.299000 -0.364000 2 0
-1.080000 0.266000 -0.261000 2 64
-1.100000 0.289000 -0.298000 1 0
-1.109000 0.307000 -0.334000 2 0
-1.113000 0.326000 -0.369000 2 0
-1.093000 0.298000 -0.267000 1 64
-1.117000 0.321000 -0.305000 2 0
-1.117000 0.337000 -0.339000 2 0
-1.112000 0.352000 -0.372000 1 0
-1.108000 0.331000 -0.273000 1 64
-1.115000 0.349000 -0.308000 2 0
-1.117000 0.364000 -0.343000 2 0
-1.120000 0.382000 -0.378000 2 0
-1.115000 0.363000 -0.277000 1 64
-1.097000 0.372000 -0.306000 1 0
-1.125000 0.395000 -0.349000 2 0
-1.129000 0.412000 -0.386000 2 0
-1.125000 0.397000 -0.282000 1 64
-1.134000 0.414000 -0.320000 3 0
-1.129000 0.425000 -0.354000 2 0
-1.134000 0.442000 -0.391000 2 0
-1.134000 0.431000 -0.288000 1 64
-1.139000 0.447000 -0.325000 2 0
-1.140000 0.459000 -0.361000 2 0
-1.141000 0.474000 -0.399000 2 0
-1.136000 0.464000 -0.292000 1 64
-1.145000 0.480000 -0.330000 2 0
-1.151000 0.494000 -0.369000 2 0
-1.152000 0.508000 -0.407000 2 0
-1.149000 0.502000 -0.299000 1 64
-1.157000 0.517000 -0.338000 2 0
-1.154000 0.526000 -0.375000 2 0
-1.152000 0.538000 -0.412000 2 0
-1.152000 0.537000 -0.303000 1 64
-1.162000 0.553000 -0.344000 2 0
-1.160000 0.561000 -0.382000 2 0
-1.163000 0.574000 -0.422000 2 0
-1.162000 0.577000 -0.310000 1 64
-1.169000 0.589000 -0.351000 2 0
-1.173000 0.600000 -0.391000 2 0
-1.171000 0.609000 -0.430000 1 0
-1.173000 0.618000 -0.318000 1 0
-1.177000 0.629000 -0.358000 2 0
-1.178000 0.637000 -0.398000 1 0
-1.183000 0.649000 -0.441000 1 0
-1.185000 0.661000 -0.326000 1 0
-1.186000 0.669000 -0.367000 2 0
-1.185000 0.675000 -0.407000 1 0
-1.189000 0.686000 -0.449000 1 0
-1.192000 0.703000 -0.334000 9 0
-1.193000 0.711000 -0.375000 2 0
-1.200000 0.720000 -0.418000 1 0
-1.187000 0.720000 -0.456000 9 0
-0.972000 -0.023000 -0.225000 17 64
-0.976000 -0.000000 -0.250000 14 0
-0.973000 0.021000 -0.273000 15 0
-0.993000 0.046000 -0.304000 18 64
-0.975000 -0.000000 -0.226000 17 64
-0.984000 0.022000 -0.252000 14 0
-0.974000 0.043000 -0.275000 15 0
-1.000000 0.068000 -0.307000 22 0
-0.979000 0.023000 -0.227000 17 64
-0.990000 0.046000 -0.255000 13 0
-0.977000 0.066000 -0.276000 16 0
-1.001000 0.090000 -0.309000 22 0
-0.983000 0.047000 -0.229000 17 64
-0.996000 0.069000 -0.257000 13 0
-0.980000 0.088000 -0.279000 15 0
-1.005000 0.112000 -0.312000 23 0
-0.989000 0.072000 -0.231000 16 64
-1.002000 0.093000 -0.260000 14 0
-1.001000 0.113000 -0.286000 17 0
-1.008000 0.135000 -0.316000 23 0
-0.990000 0.096000 -0.232000 16 64
-1.005000 0.117000 -0.262000 14 0
-1.009000 0.137000 -0.290000 14 0
-1.008000 0.157000 -0.318000 22 0
-0.994000 0.121000 -0.233000 16 64
-1.009000 0.142000 -0.264000 14 0
-1.011000 0.160000 -0.292000 14 0
-1.022000 0.182000 -0.324000 24 0
-1.017000 0.148000 -0.240000 18 64
-1.011000 0.166000 -0.266000 14 0
-0.992000 0.181000 -0.289000 11 0
-1.000000 0.201000 -0.320000 2 0
-1.016000 0.174000 -0.241000 18 64
-1.008000 0.190000 -0.267000 3 0
-1.000000 0.205000 -0.294000 2 0
-1.001000 0.224000 -0.323000 2 0
-0.990000 0.194000 -0.236000 1 64
-1.007000 0.214000 -0.269000 2 0
-1.010000 0.231000 -0.299000 2 0
-1.092000 0.269000 -0.355000 1 2
-1.002000 0.222000 -0.241000 2 64
-1.021000 0.242000 -0.274000 2 0
-1.094000 0.277000 -0.326000 2 0
-1.108000 0.299000 -0.364000 2 0
-1.080000 0.266000 -0.261000 2 64
-1.100000 0.289000 -0.298000 1 0
-1.109000 0.307000 -0.334000 2 0
-1.113000 0.326000 -0.369000 2 0
-1.093000 0.298000 -0.267000 1 64
-1.117000 0.321000 -0.305000 2 0
-1.117000 0.337000 -0.339000 2 0
-1.112000 0.352000 -0.372000 1 0
-1.108000 0.331000 -0.273000 1 64
-1.115000 0.349000 -0.308000 2 0
-1.117000 0.364000 -0.343000 2 0
-1.120000 0.382000 -0.378000 2 0
-1.115000 0.363000 -0.277000 1 64
-1.097000 0.372000 -0.306000 1 0
-1.125000 0.395000 -0.349000 2 0
-1.129000 0.412000 -0.386000 2 0
-1.125000 0.397000 -0.282000 1 64
-1.134000 0.414000 -0.320000 3 0
-1.129000 0.425000 -0.354000 2 0
-1.134000 0.442000 -0.391000 2 0
-1.134000 0.431000 -0.288000 1 64
-1.139000 0.447000 -0.325000 2 0
-1.140000 0.459000 -0.361000 2 0
-1.141000 0.474000 -0.399000 2 0
-1.136000 0.464000 -0.292000 1 64
-1.145000 0.480000 -0.330000 2 0
-1.151000 0.494000 -0.369000 2 0
-1.152000 0.508000 -0.407000 2 0
-1.149000 0.502000 -0.299000 1 64
-1.157000 0.517000 -0.338000 2 0
-1.154000 0.526000 -0.375000 2 0
-1.152000 0.538000 -0.412000 2 0
-1.152000 0.537000 -0.303000 1 64
-1.162000 0.553000 -0.344000 2 0
-1.160000 0.561000 -0.382000 2 0
-1.163000 0.574000 -0.422000 2 0
-1.162000 0.577000 -0.310000 1 64
-1.169000 0.589000 -0.351000 2 0
-1.173000 0.600000 -0.391000 2 0
-1.171000 0.609000 -0.430000 1 0
-1.173000 0.618000 -0.318000 1 0
-1.177000 0.629000 -0.358000 2 0
-1.178000 0.637000 -0.398000 1 0
-1.183000 0.649000 -0.441000 1 0
-1.185000 0.661000 -0.326000 1 0
-1.186000 0.669000 -0.367000 2 0
-1.185000 0.675000 -0.407000 1 0
-1.189000 0.686000 -0.449000 1 0
-1.192000 0.703000 -0.334000 9 0
-1.193000 0.711000 -0.375000 2 0
-1.200000 0.720000 -0.418000 1 0
-1.187000 0.720000 -0.456000 9 0
-1.200000 0.748000 -0.342000 1 0
-1.208000 0.758000 -0.386000 2 0
-1.210000 0.763000 -0.428000 1 0
-1.208000 0.768000 -0.471000 1 0
-1.208000 0.795000 -0.351000 9 0
-1.210000 0.800000 -0.393000 9 0
-1.207000 0.800000 -0.435000 8 0
-1.212000 0.808000 -0.480000 9 0
-1.227000 0.850000 -0.363000 1 0
-1.233000 0.857000 -0.408000 1 0
-1.237000 0.860000 -0.453000 1 0
-1.233000 0.861000 -0.497000 1 0
-1.235000 0.901000 -0.373000 8 0
-1.231000 0.899000 -0.416000 8 0
-1.231000 0.899000 -0.460000 8 0
-1.226000 0.896000 -0.502000 8 0
-1.257000 0.965000 -0.388000 1 0
-1.257000 0.964000 -0.433000 1 0
-1.253000 0.958000 -0.476000 1 0
-1.234000 0.944000 -0.515000 8 0
-1.223000 0.987000 -0.385000 11 0
-1.218000 0.980000 -0.428000 9 0
-1.222000 0.979000 -0.474000 9 0
-1.225000 0.980000 -0.521000 9 0
-1.191000 1.010000 -0.384000 1 0
-1.184000 0.999000 -0.425000 9 0
-1.180000 0.989000 -0.467000 11 0
-1.187000 0.992000 -0.514000 10 0
-1.201000 1.069000 -0.397000 25 0
-1.184000 1.047000 -0.435000 7 0
-1.196000 1.049000 -0.484000 1 0
-1.176000 1.027000 -0.520000 6 0
-1.223000 1.142000 -0.414000 54 0
-1.218000 1.129000 -0.459000 57 0
-1.211000 1.112000 -0.501000 56 0
-1.208000 1.101000 -0.545000 58 0
-1.245000 1.221000 -0.433000 41 0
-1.234000 1.199000 -0.476000 48 0
-1.228000 1.179000 -0.520000 51 0
-1.221000 1.163000 -0.563000 51 0
-1.263000 1.299000 -0.452000 43 0
-1.255000 1.277000 -0.497000 48 0
-1.246000 1.252000 -0.540000 47 0
-1.237000 1.230000 -0.583000 49 0
-1.277000 1.380000 -0.470000 49 0
-1.269000 1.354000 -0.516000 44 0
-1.262000 1.326000 -0.561000 51 0
-1.252000 1.301000 -0.605000 47 0
-1.297000 1.471000 -0.492000 48 0
-1.287000 1.439000 -0.539000 46 0
-1.280000 1.407000 -0.584000 43 0
-1.273000 1.381000 -0.630000 47 0
-1.324000 1.577000 -0.519000 45 0
-1.314000 1.539000 -0.566000 43 0
-1.301000 1.496000 -0.610000 46 0
-1.291000 1.462000 -0.654000 46 0
-1.923000 2.406000 -0.779000 77 0
-1.335000 1.639000 -0.593000 12 0
-1.326000 1.596000 -0.639000 42 0
-1.309000 1.550000 -0.681000 50 0
-1.848000 2.430000 -0.775000 78 0
-1.880000 2.422000 -0.863000 84 0
-1.909000 2.406000 -0.948000 77 0
-1.324000 1.638000 -0.708000 11 0
-1.768000 2.446000 -0.769000 79 0
-1.799000 2.432000 -0.853000 74 0
-1.839000 2.427000 -0.941000 73 0
-1.874000 2.424000 -1.031000 84 0
-1.692000 2.464000 -0.765000 77 0
-1.729000 2.456000 -0.850000 81 0
-1.767000 2.444000 -0.934000 71 0
-1.801000 2.437000 -1.020000 83 0
-1.616000 2.479000 -0.760000 76 0
-1.657000 2.473000 -0.844000 76 0
-1.692000 2.456000 -0.925000 74 0
-1.733000 2.453000 -1.012000 87 0
-1.545000 2.499000 -0.757000 75 0
-1.585000 2.488000 -0.839000 75 0
-1.627000 2.478000 -0.921000 71 0
-1.664000 2.469000 -1.004000 73 0
-1.469000 2.510000 -0.753000 80 0
-1.515000 2.507000 -0.835000 70 0
-1.558000 2.493000 -0.914000 77 0
-1.600000 2.488000 -0.998000 83 0
-1.401000 2.531000 -0.752000 73 0
-1.447000 2.524000 -0.832000 74 0
-1.489000 2.508000 -0.909000 74 0
-1.532000 2.500000 -0.989000 73 0
-1.332000 2.549000 -0.750000 79 0
-1.375000 2.534000 -0.827000 72 0
-1.425000 2.526000 -0.905000 77 0
-1.467000 2.515000 -0.983000 75 0
-1.263000 2.565000 -0.749000 79 0
-1.309000 2.551000 -0.824000 81 0
-1.358000 2.540000 -0.900000 80 0
-1.402000 2.528000 -0.976000 78 0
-1.200000 0.748000 -0.342000 1 0
-1.208000 0.758000 -0.386000 2 0
-1.210000 0.763000 -0.428000 1 0
-1.208000 0.768000 -0.471000 1 0
-1.208000 0.795000 -0.351000 9 0
-1.210000 0.800000 -0.393000 9 0
-1.207000 0.800000 -0.435000 8 0
-1.212000 0.808000 -0.480000 9 0
-1.227000 0.850000 -0.363000 1 0
-1.233000 0.857000 -0.408000 1 0
-1.237000 0.860000 -0.453000 1 0
-1.233000 0.861000 -0.497000 1 0
-1.235000 0.901000 -0.373000 8 0
-1.231000 0.899000 -0.416000 8 0
-1.231000 0.899000 -0.460000 8 0
-1.226000 0.896000 -0.502000 8 0
-1.257000 0.965000 -0.388000 1 0
-1.257000 0.964000 -0.433000 1 0
-1.253000 0.958000 -0.476000 1 0
-1.234000 0.944000 -0.515000 8 0
-1.223000 0.987000 -0.385000 11 0
-1.218000 0.980000 -0.428000 9 0
-1.222000 0.979000 -0.474000 9 0
-1.225000 0.980000 -0.521000 9 0
-1.191000 1.010000 -0.384000 1 0
-1.184000 0.999000 -0.425000 9 0
-1.180000 0.989000 -0.467000 11 0
-1.187000 0.992000 -0.514000 10 0
-1.201000 1.069000 -0.397000 25 0
-1.184000 1.047000 -0.435000 7 0
-1.196000 1.049000 -0.484000 1 0
-1.176000 1.027000 -0.520000 6 0
-1.223000 1.142000 -0.414000 54 0
-1.218000 1.129000 -0.459000 57 0
-1.211000 1.112000 -0.501000 56 0
-1.208000 1.101000 -0.545000 58 0
-1.245000 1.221000 -0.433000 41 0
-1.234000 1.199000 -0.476000 48 0
-1.228000 1.179000 -0.520000 51 0
-1.221000 1.163000 -0.563000 51 0
-1.263000 1.299000 -0.452000 43 0
-1.255000 1.277000 -0.497000 48 0
-1.246000 1.252000 -0.540000 47 0
-1.237000 1.230000 -0.583000 49 0
-1.277000 1.380000 -0.470000 49 0
-1.269000 1.354000 -0.516000 44 0
-1.262000 1.326000 -0.561000 51 0
-1.252000 1.301000 -0.605000 47 0
-1.297000 1.471000 -0.492000 48 0
-1.287000 1.439000 -0.539000 46 0
-1.280000 1.407000 -0.584000 43 0
-1.273000 1.381000 -0.630000 47 0
-1.324000 1.577000 -0.519000 45 0
-1.314000 1.539000 -0.566000 43 0
-1.301000 1.496000 -0.610000 46 0
-1.291000 1.462000 -0.654000 46 0
-1.923000 2.406000 -0.779000 77 0
-1.335000 1.639000 -0.593000 12 0
-1.326000 1.596000 -0.639000 42 0
-1.309000 1.550000 -0.681000 50 0
-1.848000 2.430000 -0.775000 78 0
-1.880000 2.422000 -0.863000 84 0
-1.909000 2.406000 -0.948000 77 0
-1.324000 1.638000 -0.708000 11 0
-1.768000 2.446000 -0.769000 79 0
-1.799000 2.432000 -0.853000 74 0
-1.839000 2.427000 -0.941000 73 0
-1.874000 2.424000 -1.031000 84 0
-1.692000 2.464000 -0.765000 77 0
-1.729000 2.456000 -0.850000 81 0
-1.767000 2.444000 -0.934000 71 0
-1.801000 2.437000 -1.020000 83 0
-1.616000 2.479000 -0.760000 76 0
-1.657000 2.473000 -0.844000 76 0
-1.692000 2.456000 -0.925000 74 0
-1.733000 2.453000 -1.012000 87 0
-1.545000 2.499000 -0.757000 75 0
-1.585000 2.488000 -0.839000 75 0
-1.627000 2.478000 -0.921000 71 0
-1.664000 2.469000 -1.004000 73 0
-1.469000 2.510000 -0.753000 80 0
-1.515000 2.507000 -0.835000 70 0
-1.558000 2.493000 -0.914000 77 0
-1.600000 2.488000 -0.998000 83 0
-1.401000 2.531000 -0.752000 73 0
-1.447000 2.524000 -0.832000 74 0
-1.489000 2.508000 -0.909000 74 0
-1.532000 2.500000 -0.989000 73 0
-1.332000 2.549000 -0.750000 79 0
-1.375000 2.534000 -0.827000 72 0
-1.425000 2.526000 -0.905000 77 0
-1.467000 2.515000 -0.983000 75 0
-1.263000 2.565000 -0.749000 79 0
-1.309000 2.551000 -0.824000 81 0
-1.358000 2.540000 -0.900000 80 0
-1.402000 2.528000 -0.976000 78 0
-1.196000 2.585000 -0.749000 76 0
-1.245000 2.572000 -0.824000 79 0
-1.293000 2.556000 -0.896000 75 0
-1.340000 2.546000 -0.972000 90 0
-1.127000 2.597000 -0.748000 83 0
-1.178000 2.585000 -0.821000 75 0
-1.229000 2.572000 -0.893000 78 0
-1.275000 2.555000 -0.965000 79 0
-1.059000 2.612000 -0.748000 82 0
-1.113000 2.601000 -0.820000 75 0
-1.166000 2.586000 -0.890000 82 0
-1.214000 2.572000 -0.961000 81 0
-0.990000 2.619000 -0.746000 101 0
-1.049000 2.618000 -0.820000 78 0
-1.103000 2.601000 -0.887000 80 0
-1.154000 2.591000 -0.958000 90 0
-1.123000 3.199000 -0.907000 105 0
-0.984000 2.631000 -0.819000 86 0
-1.041000 2.617000 -0.885000 71 0
-1.093000 2.605000 -0.954000 90 0
-1.404000 4.331000 -1.224000 13 0
-1.116000 3.207000 -0.992000 83 0
-0.978000 2.630000 -0.883000 68 0
-1.032000 2.616000 -0.950000 85 0
-1.298000 4.351000 -1.226000 13 0
-1.285000 3.988000 -1.228000 15 0
-1.110000 3.202000 -1.068000 83 0
-0.972000 2.633000 -0.948000 77 0
-1.179000 4.327000 -1.216000 9 0
-1.187000 3.998000 -1.225000 16 0
-1.188000 3.696000 -1.225000 14 0
-1.108000 3.214000 -1.148000 78 0
-1.071000 4.340000 -1.218000 14 0
-1.087000 4.002000 -1.222000 16 0
-1.103000 3.715000 -1.224000 14 0
-1.110000 3.466000 -1.228000 10 0
-0.963000 4.341000 -1.217000 13 0
-0.989000 4.002000 -1.218000 12 0
-1.012000 3.715000 -1.218000 14 0
-1.031000 3.479000 -1.224000 13 0
-0.853000 4.334000 -1.214000 14 0
-0.891000 4.000000 -1.214000 11 0
-0.924000 3.720000 -1.213000 15 0
-0.952000 3.491000 -1.220000 13 0
-0.743000 4.311000 -1.208000 13 0
-0.794000 4.002000 -1.212000 11 0
-0.838000 3.731000 -1.212000 15 0
-0.871000 3.495000 -1.214000 16 0
-0.636000 4.294000 -1.204000 13 0
-0.698000 3.999000 -1.209000 14 0
-0.749000 3.728000 -1.206000 15 0
-0.794000 3.512000 -1.213000 17 0
-0.528000 4.267000 -1.198000 13 0
-0.602000 3.987000 -1.204000 14 0
-0.664000 3.738000 -1.205000 16 0
-0.713000 3.516000 -1.208000 18 0
-0.424000 4.244000 -1.194000 13 0
-0.507000 3.982000 -1.202000 16 0
-0.577000 3.737000 -1.202000 18 0
-0.634000 3.521000 -1.204000 19 0
-0.259000 3.417000 -0.964000 3 0
-0.413000 3.972000 -1.199000 16 0
-0.492000 3.744000 -1.201000 17 0
-0.554000 3.520000 -1.198000 19 0
0.000000 -0.000000 -0.000000 0 0
-0.316000 3.922000 -1.185000 11 0
-0.407000 3.744000 -1.199000 14 0
-0.475000 3.523000 -1.194000 19 0
0.000000 -0.000000 -0.000000 0 192
0.000000 -0.000000 -0.000000 0 0
-0.321000 3.742000 -1.197000 10 0
-0.399000 3.547000 -1.198000 16 0
0.000000 -0.000000 -0.000000 0 192
0.000000 -0.000000 -0.000000 0 192
0.000000 -0.000000 -0.000000 0 0
-0.321000 3.558000 -1.198000 9 0
0.000000 -0.000000 -0.000000 0 192
0.000000 -0.000000 -0.000000 0 192
0.000000 -0.000000 -0.000000 0 0
-0.233000 3.431000 -1.152000 1 1
0.000000 -0.000000 -0.000000 0 192
0.000000 -0.000000 -0.000000 0 192
0.000000 -0.000000 -0.000000 0 192
0.000000 -0.000000 -0.000000 0 0
0.000000 -0.000000 -0.000000 0 192
0.000000 -0.000000 -0.000000 0 192
0.000000 -0.000000 -0.000000 0 192
0.000000 -0.000000 -0.000000 0 192
0.000000 -0.000000 -0.000000 0 192
0.000000 -0.000000 -0.000000 0 192
0.000000 -0.000000 -0.000000 0 192
0.000000 -0.000000 -0.000000 0 128
0.000000 -0.000000 -0.000000 0 192
0.000000 -0.000000 -0.000000 0 192
0.000000 -0.000000 -0.000000 0 192
0.000000 -0.000000 -0.000000 0 192
-1.196000 2.585000 -0.749000 76 0
-1.245000 2.572000 -0.824000 79 0
-1.293000 2.556000 -0.896000 75 0
-1.340000 2.546000 -0.972000 90 0
-1.127000 2.597000 -0.748000 83 0
-1.178000 2.585000 -0.821000 75 0
-1.229000 2.572000 -0.893000 78 0
-1.275000 2.555000 -0.965000 79 0
-1.059000 2.612000 -0.748000 82 0
-1.113000 2.601000 -0.820000 75 0
-1.166000 2.586000 -0.890000 82 0
-1.214000 2.572000 -0.961000 81 0
-0.990000 2.619000 -0.746000 101 0
-1.049000 2.618000 -0.820000 78 0
-1.103000 2.601000 -0.887000 80 0
-1.154000 2.591000 -0.958000 90 0
-1.123000 3.199000 -0.907000 105 0
-0.984000 2.631000 -0.819000 86 0
-1.041000 2.617000 -0.885000 71 0
-1.093000 2.605000 -0.954000 90 0
-1.404000 4.331000 -1.224000 13 0
-1.116000 3.207000 -0.992000 83 0
-0.978000 2.630000 -0.883000 68 0
-1.032000 2.616000 -0.950000 85 0
-1.298000 4.351000 -1.226000 13 0
-1.285000 3.988000 -1.228000 15 0
-1.110000 3.202000 -1.068000 83 0
-0.972000 2.633000 -0.948000 77 0
-1.179000 4.327000 -1.216000 9 0
-1.187000 3.998000 -1.225000 16 0
-1.188000 3.696000 -1.225000 14 0
-1.108000 3.214000 -1.148000 78 0
-1.071000 4.340000 -1.218000 14 0
-1.087000 4.002000 -1.222000 16 0
-1.103000 3.715000 -1.224000 14 0
-1.110000 3.466000 -1.228000 10 0
-0.963000 4.341000 -1.217000 13 0
-0.989000 4.002000 -1.218000 12 0
-1.012000 3.715000 -1.218000 14 0
-1.031000 3.479000 -1.224000 13 0
-0.853000 4.334000 -1.214000 14 0
-0.891000 4.000000 -1.214000 11 0
-0.924000 3.720000 -1.213000 15 0
-0.952000 3.491000 -1.220000 13 0
-0.743000 4.311000 -1.208000 13 0
-0.794000 4.002000 -1.212000 11 0
-0.838000 3.731000 -1.212000 15 0
-0.871000 3.495000 -1.214000 16 0
-0.636000 4.294000 -1.204000 13 0
-0.698000 3.999000 -1.209000 14 0
-0.749000 3.728000 -1.206000 15 0
-0.794000 3.512000 -1.213000 17 0
-0.528000 4.267000 -1.198000 13 0
-0.602000 3.987000 -1.204000 14 0
-0.664000 3.738000 -1.205000 16 0
-0.713000 3.516000 -1.208000 18 0
-0.424000 4.244000 -1.194000 13 0
-0.507000 3.982000 -1.202000 16 0
-0.577000 3.737000 -1.202000 18 0
-0.634000 3.521000 -1.204000 19 0
-0.259000 3.417000 -0.964000 3 0
-0.413000 3.972000 -1.199000 16 0
-0.492000 3.744000 -1.201000 17 0
-0.554000 3.520000 -1.198000 19 0
0.000000 -0.000000 -0.000000 0 0
-0.316000 3.922000 -1.185000 11 0
-0.407000 3.744000 -1.199000 14 0
-0.475000 3.523000 -1.194000 19 0
0.000000 -0.000000 -0.000000 0 192
0.000000 -0.000000 -0.000000 0 0
-0.321000 3.742000 -1.197000 10 0
-0.399000 3.547000 -1.198000 16 0
0.000000 -0.000000 -0.000000 0 192
0.000000 -0.000000 -0.000000 0 192
0.000000 -0.000000 -0.000000 0 0
-0.321000 3.558000 -1.198000 9 0
0.000000 -0.000000 -0.000000 0 192
0.000000 -0.000000 -0.000000 0 192
0.000000 -0.000000 -0.000000 0 0
-0.233000 3.431000 -1.152000 1 1
0.000000 -0.000000 -0.000000 0 192
0.000000 -0.000000 -0.000000 0 192
0.000000 -0.000000 -0.000000 0 192
0.000000 -0.000000 -0.000000 0 0
0.000000 -0.000000 -0.000000 0 192
0.000000 -0.000000 -0.000000 0 192
0.000000 -0.000000 -0.000000 0 192
0.000000 -0.000000 -0.000000 0 192
0.000000 -0.000000 -0.000000 0 192
0.000000 -0.000000 -0.000000 0 192
0.000000 -0.000000 -0.000000 0 192
0.000000 -0.000000 -0.000000 0 128
0.000000 -0.000000 -0.000000 0 192
0.000000 -0.000000 -0.000000 0 192
0.000000 -0.000000 -0.000000 0 192
0.000000 -0.000000 -0.000000 0 192
0.212000 1.549000 -0.459000 33 0
0.000000 -0.000000 -0.000000 0 192
0.000000 -0.000000 -0.000000 0 192
0.000000 -0.000000 -0.000000 0 192
0.250000 1.555000 -0.465000 14 64
0.000000 -0.000000 -0.000000 0 0
0.000000 -0.000000 -0.000000 0 192
0.000000 -0.000000 -0.000000 0 192
0.286000 1.548000 -0.467000 46 0
0.232000 1.544000 -0.483000 63 0
0.000000 -0.000000 -0.000000 0 192
0.000000 -0.000000 -0.000000 0 192
0.329000 1.575000 -0.479000 14 0
0.272000 1.563000 -0.492000 11 0
0.218000 1.545000 -0.501000 39 0
0.000000 -0.000000 -0.000000 0 192
0.368000 1.577000 -0.485000 65 0
0.308000 1.560000 -0.494000 57 0
0.255000 1.554000 -0.506000 12 0
0.208000 1.568000 -0.524000 19 0
0.409000 1.585000 -0.492000 80 0
0.348000 1.570000 -0.501000 61 0
0.292000 1.560000 -0.510000 12 0
0.240000 1.546000 -0.518000 52 0
0.453000 1.599000 -0.502000 80 0
0.389000 1.582000 -0.509000 80 0
0.330000 1.565000 -0.514000 55 0
0.279000 1.562000 -0.525000 13 0
0.496000 1.610000 -0.512000 50 0
0.429000 1.588000 -0.516000 61 0
0.371000 1.580000 -0.522000 12 0
0.315000 1.564000 -0.527000 54 0
0.540000 1.617000 -0.520000 41 0
0.473000 1.604000 -0.526000 51 0
0.411000 1.590000 -0.528000 60 0
0.356000 1.580000 -0.534000 61 0
0.585000 1.627000 -0.530000 45 0
0.515000 1.610000 -0.532000 44 0
0.452000 1.596000 -0.534000 55 0
0.396000 1.590000 -0.539000 58 0
0.634000 1.641000 -0.542000 46 0
0.561000 1.622000 -0.542000 45 0
0.495000 1.609000 -0.542000 51 0
0.435000 1.593000 -0.543000 52 0
0.684000 1.655000 -0.554000 29 0
0.608000 1.638000 -0.553000 42 0
0.540000 1.621000 -0.551000 47 0
0.477000 1.607000 -0.550000 54 0
0.733000 1.665000 -0.566000 41 0
0.657000 1.652000 -0.564000 29 0
0.585000 1.635000 -0.560000 47 0
0.520000 1.617000 -0.556000 49 0
0.811000 1.733000 -0.598000 150 0
0.705000 1.662000 -0.575000 33 0
0.631000 1.644000 -0.568000 44 0
0.566000 1.632000 -0.565000 47 0
0.978000 1.971000 -0.691000 46 0
0.755000 1.672000 -0.585000 43 0
0.681000 1.659000 -0.579000 30 0
0.612000 1.644000 -0.573000 44 0
1.045000 1.989000 -0.709000 40 0
0.845000 1.764000 -0.626000 151 0
0.729000 1.667000 -0.587000 47 0
0.659000 1.654000 -0.581000 31 0
1.115000 2.009000 -0.728000 44 0
1.003000 1.977000 -0.711000 62 0
0.814000 1.751000 -0.624000 150 0
0.708000 1.666000 -0.589000 48 0
1.178000 2.011000 -0.742000 36 0
1.074000 2.002000 -0.731000 44 0
0.973000 1.976000 -0.712000 68 0
0.757000 1.674000 -0.597000 45 0
1.261000 2.045000 -0.769000 22 0
1.146000 2.024000 -0.750000 46 0
1.036000 1.988000 -0.725000 47 0
0.871000 1.815000 -0.653000 151 0
0.000000 -0.000000 -0.000000 0 0
1.217000 2.039000 -0.768000 40 0
1.104000 2.007000 -0.741000 42 0
1.009000 1.987000 -0.722000 60 0
0.000000 -0.000000 -0.000000 0 192
1.290000 2.054000 -0.786000 13 0
1.179000 2.031000 -0.760000 52 0
1.076000 2.005000 -0.736000 46 0
0.000000 -0.000000 -0.000000 0 128
0.000000 -0.000000 -0.000000 0 0
1.253000 2.050000 -0.778000 31 0
1.148000 2.026000 -0.752000 51 0
0.000000 -0.000000 -0.000000 0 128
0.000000 -0.000000 -0.000000 0 128
1.320000 2.053000 -0.790000 2 0
1.219000 2.041000 -0.766000 44 0
0.000000 -0.000000 -0.000000 0 128
0.000000 -0.000000 -0.000000 0 128
0.000000 -0.000000 -0.000000 0 0
1.288000 2.048000 -0.778000 13 0
0.212000 1.549000 -0.459000 33 0
0.000000 -0.000000 -0.000000 0 192
0.000000 -0.000000 -0.000000 0 192
0.000000 -0.000000 -0.000000 0 192
0.250000 1.555000 -0.465000 14 64
0.000000 -0.000000 -0.000000 0 0
0.000000 -0.000000 -0.000000 0 192
0.000000 -0.000000 -0.000000 0 192
0.286000 1.548000 -0.467000 46 0
0.232000 1.544000 -0.483000 63 0
0.000000 -0.000000 -0.000000 0 192
0.000000 -0.000000 -0.000000 0 192
0.329000 1.575000 -0.479000 14 0
0.272000 1.563000 -0.492000 11 0
0.218000 1.545000 -0.501000 39 0
0.000000 -0.000000 -0.000000 0 192
0.368000 1.577000 -0.485000 65 0
0.308000 1.560000 -0.494000 57 0
0.255000 1.554000 -0.506000 12 0
0.208000 1.568000 -0.524000 19 0
0.409000 1.585000 -0.492000 80 0
0.348000 1.570000 -0.501000 61 0
0.292000 1.560000 -0.510000 12 0
0.240000 1.546000 -0.518000 52 0
0.453000 1.599000 -0.502000 80 0
0.389000 1.582000 -0.509000 80 0
0.330000 1.565000 -0.514000 55 0
0.279000 1.562000 -0.525000 13 0
0.496000 1.610000 -0.512000 50 0
0.429000 1.588000 -0.516000 61 0
0.371000 1.580000 -0.522000 12 0
0.315000 1.564000 -0.527000 54 0
0.540000 1.617000 -0.520000 41 0
0.473000 1.604000 -0.526000 51 0
0.411000 1.590000 -0.528000 60 0
0.356000 1.580000 -0.534000 61 0
0.585000 1.627000 -0.530000 45 0
0.515000 1.610000 -0.532000 44 0
0.452000 1.596000 -0.534000 55 0
0.396000 1.590000 -0.539000 58 0
0.634000 1.641000 -0.542000 46 0
0.561000 1.622000 -0.542000 45 0
0.495000 1.609000 -0.542000 51 0
0.435000 1.593000 -0.543000 52 0
0.684000 1.655000 -0.554000 29 0
0.608000 1.638000 -0.553000 42 0
0.540000 1.621000 -0.551000 47 0
0.477000 1.607000 -0.550000 54 0
0.733000 1.665000 -0.566000 41 0
0.657000 1.652000 -0.564000 29 0
0.585000 1.635000 -0.560000 47 0
0.520000 1.617000 -0.556000 49 0
0.811000 1.733000 -0.598000 150 0
0.705000 1.662000 -0.575000 33 0
0.631000 1.644000 -0.568000 44 0
0.566000 1.632000 -0.565000 47 0
0.978000 1.971000 -0.691000 46 0
0.755000 1.672000 -0.585000 43 0
0.681000 1.659000 -0.579000 30 0
0.612000 1.644000 -0.573000 44 0
1.045000 1.989000 -0.709000 40 0
0.845000 1.764000 -0.626000 151 0
0.729000 1.667000 -0.587000 47 0
0.659000 1.654000 -0.581000 31 0
1.115000 2.009000 -0.728000 44 0
1.003000 1.977000 -0.711000 62 0
0.814000 1.751000 -0.624000 150 0
0.708000 1.666000 -0.589000 48 0
1.178000 2.011000 -0.742000 36 0
1.074000 2.002000 -0.731000 44 0
0.973000 1.976000 -0.712000 68 0
0.757000 1.674000 -0.597000 45 0
1.261000 2.045000 -0.769000 22 0
1.146000 2.024000 -0.750000 46 0
1.036000 1.988000 -0.725000 47 0
0.871000 1.815000 -0.653000 151 0
0.000000 -0.000000 -0.000000 0 0
1.217000 2.039000 -0.768000 40 0
1.104000 2.007000 -0.741000 42 0
1.009000 1.987000 -0.722000 60 0
0.000000 -0.000000 -0.000000 0 192
1.290000 2.054000 -0.786000 13 0
1.179000 2.031000 -0.760000 52 0
1.076000 2.005000 -0.736000 46 0
0.000000 -0.000000 -0.000000 0 128
0.000000 -0.000000 -0.000000 0 0
1.253000 2.050000 -0.778000 31 0
1.148000 2.026000 -0.752000 51 0
0.000000 -0.000000 -0.000000 0 128
0.000000 -0.000000 -0.000000 0 128
1.320000 2.053000 -0.790000 2 0
1.219000 2.041000 -0.766000 44 0
0.000000 -0.000000 -0.000000 0 128
0.000000 -0.000000 -0.000000 0 128
0.000000 -0.000000 -0.000000 0 0
1.288000 2.048000 -0.778000 13 0
0.000000 -0.000000 -0.000000 0 128
0.000000 -0.000000 -0.000000 0 128
0.000000 -0.000000 -0.000000 0 128
0.000000 -0.000000 -0.000000 0 0
0.000000 -0.000000 -0.000000 0 128
0.000000 -0.000000 -0.000000 0 128
0.000000 -0.000000 -0.000000 0 128
0.000000 -0.000000 -0.000000 0 128
0.000000 -0.000000 -0.000000 0 128
0.000000 -0.000000 -0.000000 0 128
0.000000 -0.000000 -0.000000 0 128
0.000000 -0.000000 -0.000000 0 128
0.000000 -0.000000 -0.000000 0 128
0.000000 -0.000000 -0.000000 0 128
0.000000 -0.000000 -0.000000 0 128
0.000000 -0.000000 -0.000000 0 128
0.000000 -0.000000 -0.000000 0 128
0.000000 -0.000000 -0.000000 0 128
0.000000 -0.000000 -0.000000 0 0
0.000000 -0.000000 -0.000000 0 128
0.000000 -0.000000 -0.000000 0 128
0.000000 -0.000000 -0.000000 0 128
0.000000 -0.000000 -0.000000 0 0
0.000000 -0.000000 -0.000000 0 128
0.000000 -0.000000 -0.000000 0 128
0.000000 -0.000000 -0.000000 0 0
0.000000 -0.000000 -0.000000 0 0
0.000000 -0.000000 -0.000000 0 128
0.000000 -0.000000 -0.000000 0 128
0.000000 -0.000000 -0.000000 0 0
0.000000 -0.000000 -0.000000 0 0
0.000000 -0.000000 -0.000000 0 128
0.000000 -0.000000 -0.000000 0 128
0.000000 -0.000000 -0.000000 0 128
0.000000 -0.000000 -0.000000 0 0
0.000000 -0.000000 -0.000000 0 128
0.000000 -0.000000 -0.000000 0 128
0.000000 -0.000000 -0.000000 0 128
0.000000 -0.000000 -0.000000 0 0
0.000000 -0.000000 -0.000000 0 128
0.000000 -0.000000 -0.000000 0 128
0.000000 -0.000000 -0.000000 0 0
0.000000 -0.000000 -0.000000 0 0
0.000000 -0.000000 -0.000000 0 128
0.000000 -0.000000 -0.000000 0 128
0.000000 -0.000000 -0.000000 0 0
0.000000 -0.000000 -0.000000 0 0
0.000000 -0.000000 -0.000000 0 0
0.000000 -0.000000 -0.000000 0 0
0.000000 -0.000000 -0.000000 0 0
0.000000 -0.000000 -0.000000 0 0
0.000000 -0.000000 -0.000000 0 128
0.000000 -0.000000 -0.000000 0 0
0.000000 -0.000000 -0.000000 0 0
0.000000 -0.000000 -0.000000 0 0
0.000000 -0.000000 -0.000000 0 128
0.000000 -0.000000 -0.000000 0 0
0.000000 -0.000000 -0.000000 0 0
0.000000 -0.000000 -0.000000 0 0
0.000000 -0.000000 -0.000000 0 128
0.000000 -0.000000 -0.000000 0 0
0.000000 -0.000000 -0.000000 0 0
0.000000 -0.000000 -0.000000 0 0
0.000000 -0.000000 -0.000000 0 0
0.000000 -0.000000 -0.000000 0 0
0.000000 -0.000000 -0.000000 0 0
0.000000 -0.000000 -0.000000 0 0
0.000000 -0.000000 -0.000000 0 0
0.000000 -0.000000 -0.000000 0 0
0.000000 -0.000000 -0.000000 0 0
0.000000 -0.000000 -0.000000 0 0
0.000000 -0.000000 -0.000000 0 0
0.000000 -0.000000 -0.000000 0 0
0.000000 -0.000000 -0.000000 0 0
0.000000 -0.000000 -0.000000 0 0
0.000000 -0.000000 -0.000000 0 128
0.000000 -0.000000 -0.000000 0 0
0.000000 -0.000000 -0.000000 0 0
0.000000 -0.000000 -0.000000 0 0
0.000000 -0.000000 -0.000000 0 0
0.000000 -0.000000 -0.000000 0 0
0.000000 -0.000000 -0.000000 0 0
0.000000 -0.000000 -0.000000 0 0
0.000000 -0.000000 -0.000000 0 0
0.000000 -0.000000 -0.000000 0 0
0.000000 -0.000000 -0.000000 0 0
0.000000 -0.000000 -0.000000 0 0
0.000000 -0.000000 -0.000000 0 0
0.000000 -0.000000 -0.000000 0 0
0.000000 -0.000000 -0.000000 0 0
0.000000 -0.000000 -0.000000 0 0
0.000000 -0.000000 -0.000000 0 0
0.000000 -0.000000 -0.000000 0 0
0.000000 -0.000000 -0.000000 0 0
0.000000 -0.000000 -0.000000 0 0
0.000000 -0.000000 -0.000000 0 0
0.000000 -0.000000 -0.000000 0 128
0.000000 -0.000000 -0.000000 0 128
0.000000 -0.000000 -0.000000 0 128
0.000000 -0.000000 -0.000000 0 0
0.000000 -0.000000 -0.000000 0 128
0.000000 -0.000000 -0.000000 0 128
0.000000 -0.000000 -0.000000 0 128
0.000000 -0.000000 -0.000000 0 128
0.000000 -0.000000 -0.000000 0 128
0.000000 -0.000000 -0.000000 0 128
0.000000 -0.000000 -0.000000 0 128
0.000000 -0.000000 -0.000000 0 128
0.000000 -0.000000 -0.000000 0 128
0.000000 -0.000000 -0.000000 0 128
0.000000 -0.000000 -0.000000 0 128
0.000000 -0.000000 -0.000000 0 128
0.000000 -0.000000 -0.000000 0 128
0.000000 -0.000000 -0.000000 0 128
0.000000 -0.000000 -0.000000 0 0
0.000000 -0.000000 -0.000000 0 128
0.000000 -0.000000 -0.000000 0 128
0.000000 -0.000000 -0.000000 0 128
0.000000 -0.000000 -0.000000 0 0
0.000000 -0.000000 -0.000000 0 128
0.000000 -0.000000 -0.000000 0 128
0.000000 -0.000000 -0.000000 0 0
0.000000 -0.000000 -0.000000 0 0
0.000000 -0.000000 -0.000000 0 128
0.000000 -0.000000 -0.000000 0 128
0.000000 -0.000000 -0.000000 0 0
0.000000 -0.000000 -0.000000 0 0
0.000000 -0.000000 -0.000000 0 128
0.000000 -0.000000 -0.000000 0 128
0.000000 -0.000000 -0.000000 0 128
0.000000 -0.000000 -0.000000 0 0
0.000000 -0.000000 -0.000000 0 128
0.000000 -0.000000 -0.000000 0 128
0.000000 -0.000000 -0.000000 0 128
0.000000 -0.000000 -0.000000 0 0
0.000000 -0.000000 -0.000000 0 128
0.000000 -0.000000 -0.000000 0 128
0.000000 -0.000000 -0.000000 0 0
0.000000 -0.000000 -0.000000 0 0
0.000000 -0.000000 -0.000000 0 128
0.000000 -0.000000 -0.000000 0 128
0.000000 -0.000000 -0.000000 0 0
0.000000 -0.000000 -0.000000 0 0
0.000000 -0.000000 -0.000000 0 0
0.000000 -0.000000 -0.000000 0 0
0.000000 -0.000000 -0.000000 0 0
0.000000 -0.000000 -0.000000 0 0
0.000000 -0.000000 -0.000000 0 128
0.000000 -0.000000 -0.000000 0 0
0.000000 -0.000000 -0.000000 0 0
0.000000 -0.000000 -0.000000 0 0
0.000000 -0.000000 -0.000000 0 128
0.000000 -0.000000 -0.000000 0 0
0.000000 -0.000000 -0.000000 0 0
0.000000 -0.000000 -0.000000 0 0
0.000000 -0.000000 -0.000000 0 128
0.000000 -0.000000 -0.000000 0 0
0.000000 -0.000000 -0.000000 0 0
0.000000 -0.000000 -0.000000 0 0
0.000000 -0.000000 -0.000000 0 0
0.000000 -0.000000 -0.000000 0 0
0.000000 -0.000000 -0.000000 0 0
0.000000 -0.000000 -0.000000 0 0
0.000000 -0.000000 -0.000000 0 0
0.000000 -0.000000 -0.000000 0 0
0.000000 -0.000000 -0.000000 0 0
0.000000 -0.000000 -0.000000 0 0
0.000000 -0.000000 -0.000000 0 0
0.000000 -0.000000 -0.000000 0 0
0.000000 -0.000000 -0.000000 0 0
0.000000 -0.000000 -0.000000 0 0
0.000000 -0.000000 -0.000000 0 128
0.000000 -0.000000 -0.000000 0 0
0.000000 -0.000000 -0.000000 0 0
0.000000 -0.000000 -0.000000 0 0
0.000000 -0.000000 -0.000000 0 0
0.000000 -0.000000 -0.000000 0 0
0.000000 -0.000000 -0.000000 0 0
0.000000 -0.000000 -0.000000 0 0
0.000000 -0.000000 -0.000000 0 0
0.000000 -0.000000 -0.000000 0 0
0.000000 -0.000000 -0.000000 0 0
0.000000 -0.000000 -0.000000 0 0
0.000000 -0.000000 -0.000000 0 0
0.000000 -0.000000 -0.000000 0 0
0.000000 -0.000000 -0.000000 0 0
0.000000 -0.000000 -0.000000 0 0
0.000000 -0.000000 -0.000000 0 0
0.000000 -0.000000 -0.000000 0 0
0.000000 -0.000000 -0.000000 0 0
0.000000 -0.000000 -0.000000 0 0
0.000000 -0.000000 -0.000000 0 0
0.000000 -0.000000 -0.000000 0 0
0.000000 -0.000000 -0.000000 0 0
0.000000 -0.000000 -0.000000 0 0
0.000000 -0.000000 -0.000000 0 0
0.000000 -0.000000 -0.000000 0 0
0.000000 -0.000000 -0.000000 0 0
0.000000 -0.000000 -0.000000 0 0
0.000000 -0.000000 -0.000000 0 0
0.000000 -0.000000 -0.000000 0 0
0.000000 -0.000000 -0.000000 0 0
0.000000 -0.000000 -0.000000 0 0
0.000000 -0.000000 -0.000000 0 0
0.000000 -0.000000 -0.000000 0 0
0.000000 -0.000000 -0.000000 0 0
0.000000 -0.000000 -0.000000 0 0
0.000000 -0.000000 -0.000000 0 0
0.000000 -0.000000 -0.000000 0 0
0.000000 -0.000000 -0.000000 0 0
0.000000 -0.000000 -0.000000 0 0
0.000000 -0.000000 -0.000000 0 0
0.000000 -0.000000 -0.000000 0 0
0.000000 -0.000000 -0.000000 0 0
0.000000 -0.000000 -0.000000 0 0
0.000000 -0.000000 -0.000000 0 0
0.000000 -0.000000 -0.000000 0 0
0.000000 -0.000000 -0.000000 0 0
0.000000 -0.000000 -0.000000 0 0
0.000000 -0.000000 -0.000000 0 0
0.000000 -0.000000 -0.000000 0 0
0.000000 -0.000000 -0.000000 0 0
0.000000 -0.000000 -0.000000 0 0
0.000000 -0.000000 -0.000000 0 0
0.000000 -0.000000 -0.000000 0 0
0.000000 -0.000000 -0.000000 0 0
0.000000 -0.000000 -0.000000 0 0
0.000000 -0.000000 -0.000000 0 0
0.000000 -0.000000 -0.000000 0 0
0.000000 -0.000000 -0.000000 0 0
0.000000 -0.000000 -0.000000 0 0
0.000000 -0.000000 -0.000000 0 0
0.000000 -0.000000 -0.000000 0 0
0.000000 -0.000000 -0.000000 0 0
0.000000 -0.000000 -0.000000 0 0
0.000000 -0.000000 -0.000000 0 0
0.000000 -0.000000 -0.000000 0 0
0.000000 -0.000000 -0.000000 0 0
0.000000 -0.000000 -0.000000 0 0
0.000000 -0.000000 -0.000000 0 0
0.000000 -0.000000 -0.000000 0 0
0.000000 -0.000000 -0.000000 0 0
0.000000 -0.000000 -0.000000 0 0
0.000000 -0.000000 -0.000000 0 128
0.000000 -0.000000 -0.000000 0 0
0.000000 -0.000000 -0.000000 0 0
0.000000 -0.000000 -0.000000 0 0
0.000000 -0.000000 -0.000000 0 0
0.000000 -0.000000 -0.000000 0 0
0.000000 -0.000000 -0.000000 0 0
0.000000 -0.000000 -0.000000 0 0
0.000000 -0.000000 -0.000000 0 128
0.000000 -0.000000 -0.000000 0 0
0.000000 -0.000000 -0.000000 0 0
0.000000 -0.000000 -0.000000 0 0
0.000000 -0.000000 -0.000000 0 0
0.000000 -0.000000 -0.000000 0 0
0.000000 -0.000000 -0.000000 0 0
0.000000 -0.000000 -0.000000 0 0
0.000000 -0.000000 -0.000000 0 0
0.000000 -0.000000 -0.000000 0 0
0.000000 -0.000000 -0.000000 0 0
0.000000 -0.000000 -0.000000 0 0
0.000000 -0.000000 -0.000000 0 0
0.000000 -0.000000 -0.000000 0 0
0.000000 -0.000000 -0.000000 0 0
0.000000 -0.000000 -0.000000 0 0
0.000000 -0.000000 -0.000000 0 0
0.000000 -0.000000 -0.000000 0 0
0.000000 -0.000000 -0.000000 0 0
0.000000 -0.000000 -0.000000 0 0
0.000000 -0.000000 -0.000000 0 0
0.000000 -0.000000 -0.000000 0 0
0.000000 -0.000000 -0.000000 0 0
0.000000 -0.000000 -0.000000 0 0
0.000000 -0.000000 -0.000000 0 0
0.000000 -0.000000 -0.000000 0 0
0.000000 -0.000000 -0.000000 0 0
0.000000 -0.000000 -0.000000 0 0
0.000000 -0.000000 -0.000000 0 0
0.000000 -0.000000 -0.000000 0 0
0.000000 -0.000000 -0.000000 0 0
0.000000 -0.000000 -0.000000 0 0
0.000000 -0.000000 -0.000000 0 0
0.000000 -0.000000 -0.000000 0 0
0.000000 -0.000000 -0.000000 0 0
0.000000 -0.000000 -0.000000 0 0
0.000000 -0.000000 -0.000000 0 0
0.000000 -0.000000 -0.000000 0 0
0.000000 -0.000000 -0.000000 0 0
0.000000 -0.000000 -0.000000 0 0
0.000000 -0.000000 -0.000000 0 0
0.000000 -0.000000 -0.000000 0 0
0.000000 -0.000000 -0.000000 0 0
0.000000 -0.000000 -0.000000 0 0
0.000000 -0.000000 -0.000000 0 0
0.000000 -0.000000 -0.000000 0 0
0.000000 -0.000000 -0.000000 0 0
0.000000 -0.000000 -0.000000 0 0
0.000000 -0.000000 -0.000000 0 0
0.000000 -0.000000 -0.000000 0 0
0.000000 -0.000000 -0.000000 0 0
0.000000 -0.000000 -0.000000 0 0
0.000000 -0.000000 -0.000000 0 0
0.000000 -0.000000 -0.000000 0 0
0.000000 -0.000000 -0.000000 0 0
0.000000 -0.000000 -0.000000 0 0
0.000000 -0.000000 -0.000000 0 0
0.000000 -0.000000 -0.000000 0 0
0.000000 -0.000000 -0.000000 0 0
0.000000 -0.000000 -0.000000 0 0
0.000000 -0.000000 -0.000000 0 0
0.000000 -0.000000 -0.000000 0 0
0.000000 -0.000000 -0.000000 0 0
0.000000 -0.000000 -0.000000 0 0
0.000000 -0.000000 -0.000000 0 0
0.000000 -0.000000 -0.000000 0 0
0.000000 -0.000000 -0.000000 0 0
0.000000 -0.000000 -0.000000 0 0
0.000000 -0.000000 -0.000000 0 0
0.000000 -0.000000 -0.000000 0 0
0.000000 -0.000000 -0.000000 0 0
0.000000 -0.000000 -0.000000 0 0
0.000000 -0.000000 -0.000000 0 0
0.000000 -0.000000 -0.000000 0 0
0.000000 -0.000000 -0.000000 0 0
0.000000 -0.000000 -0.000000 0 0
0.000000 -0.000000 -0.000000 0 0
0.000000 -0.000000 -0.000000 0 0
0.000000 -0.000000 -0.000000 0 0
0.000000 -0.000000 -0.000000 0 0
0.000000 -0.000000 -0.000000 0 0
0.000000 -0.000000 -0.000000 0 0
0.000000 -0.000000 -0.000000 0 0
0.000000 -0.000000 -0.000000 0 0
0.000000 -0.000000 -0.000000 0 0
0.000000 -0.000000 -0.000000 0 0
0.000000 -0.000000 -0.000000 0 0
0.000000 -0.000000 -0.000000 0 0
0.000000 -0.000000 -0.000000 0 128
0.000000 -0.000000 -0.000000 0 0
0.000000 -0.000000 -0.000000 0 0
0.000000 -0.000000 -0.000000 0 0
0.000000 -0.000000 -0.000000 0 0
0.000000 -0.000000 -0.000000 0 0
0.000000 -0.000000 -0.000000 0 0
0.000000 -0.000000 -0.000000 0 0
0.000000 -0.000000 -0.000000 0 128
0.000000 -0.000000 -0.000000 0 0
0.000000 -0.000000 -0.000000 0 0
0.000000 -0.000000 -0.000000 0 0
0.000000 -0.000000 -0.000000 0 0
0.000000 -0.000000 -0.000000 0 0
0.000000 -0.000000 -0.000000 0 0
0.000000 -0.000000 -0.000000 0 0
0.000000 -0.000000 -0.000000 0 0
0.000000 -0.000000 -0.000000 0 0
0.000000 -0.000000 -0.000000 0 0
0.000000 -0.000000 -0.000000 0 0
0.000000 -0.000000 -0.000000 0 0
0.000000 -0.000000 -0.000000 0 0
0.000000 -0.000000 -0.000000 0 0
0.000000 -0.000000 -0.000000 0 0
0.000000 -0.000000 -0.000000 0 0
0.000000 -0.000000 -0.000000 0 0
0.000000 -0.000000 -0.000000 0 0
0.000000 -0.000000 -0.000000 0 0
0.000000 -0.000000 -0.000000 0 0
0.000000 -0.000000 -0.000000 0 0
0.000000 -0.000000 -0.000000 0 0
0.000000 -0.000000 -0.000000 0 0
0.000000 -0.000000 -0.000000 0 0
0.000000 -0.000000 -0.000000 0 0
0.000000 -0.000000 -0.000000 0 0
0.000000 -0.000000 -0.000000 0 0
0.000000 -0.000000 -0.000000 0 0
0.000000 -0.000000 -0.000000 0 0
0.000000 -0.000000 -0.000000 0 0
0.000000 -0.000000 -0.000000 0 0
0.000000 -0.000000 -0.000000 0 0
0.000000 -0.000000 -0.000000 0 0
0.000000 -0.000000 -0.000000 0 0
0.000000 -0.000000 -0.000000 0 0
0.000000 -0.000000 -0.000000 0 0
0.000000 -0.000000 -0.000000 0 0
0.000000 -0.000000 -0.000000 0 0
0.000000 -0.000000 -0.000000 0 0
0.000000 -0.000000 -0.000000 0 0
0.000000 -0.000000 -0.000000 0 128
0.000000 -0.000000 -0.000000 0 0
0.000000 -0.000000 -0.000000 0 0
0.000000 -0.000000 -0.000000 0 0
0.000000 -0.000000 -0.000000 0 0
0.000000 -0.000000 -0.000000 0 0
0.000000 -0.000000 -0.000000 0 0
0.000000 -0.000000 -0.000000 0 128
0.000000 -0.000000 -0.000000 0 0
0.000000 -0.000000 -0.000000 0 0
0.000000 -0.000000 -0.000000 0 0
0.000000 -0.000000 -0.000000 0 0
0.000000 -0.000000 -0.000000 0 128
1.928000 -0.494000 -0.722000 0 0
0.000000 -0.000000 -0.000000 0 0
0.000000 -0.000000 -0.000000 0 128
0.000000 -0.000000 -0.000000 0 0
0.000000 -0.000000 -0.000000 0 0
1.924000 -0.527000 -0.667000 0 0
0.000000 -0.000000 -0.000000 0 0
0.000000 -0.000000 -0.000000 0 0
0.000000 -0.000000 -0.000000 0 0
0.000000 -0.000000 -0.000000 0 0
0.000000 -0.000000 -0.000000 0 0
0.000000 -0.000000 -0.000000 0 0
0.000000 -0.000000 -0.000000 0 0
0.000000 -0.000000 -0.000000 0 0
0.000000 -0.000000 -0.000000 0 0
0.000000 -0.000000 -0.000000 0 0
0.000000 -0.000000 -0.000000 0 0
0.000000 -0.000000 -0.000000 0 0
0.000000 -0.000000 -0.000000 0 0
0.000000 -0.000000 -0.000000 0 0
0.000000 -0.000000 -0.000000 0 0
0.000000 -0.000000 -0.000000 0 0
0.000000 -0.000000 -0.000000 0 0
0.000000 -0.000000 -0.000000 0 0
0.000000 -0.000000 -0.000000 0 0
0.000000 -0.000000 -0.000000 0 0
0.000000 -0.000000 -0.000000 0 0
0.000000 -0.000000 -0.000000 0 0
0.000000 -0.000000 -0.000000 0 0
0.000000 -0.000000 -0.000000 0 0
0.000000 -0.000000 -0.000000 0 0
0.000000 -0.000000 -0.000000 0 0
0.000000 -0.000000 -0.000000 0 0
0.000000 -0.000000 -0.000000 0 0
0.000000 -0.000000 -0.000000 0 0
0.000000 -0.000000 -0.000000 0 0
0.000000 -0.000000 -0.000000 0 0
0.000000 -0.000000 -0.000000 0 0
0.000000 -0.000000 -0.000000 0 0
0.000000 -0.000000 -0.000000 0 0
0.000000 -0.000000 -0.000000 0 0
0.000000 -0.000000 -0.000000 0 0
0.000000 -0.000000 -0.000000 0 0
0.000000 -0.000000 -0.000000 0 0
0.000000 -0.000000 -0.000000 0 0
0.000000 -0.000000 -0.000000 0 0
0.000000 -0.000000 -0.000000 0 0
0.000000 -0.000000 -0.000000 0 0
0.000000 -0.000000 -0.000000 0 0
0.000000 -0.000000 -0.000000 0 0
0.000000 -0.000000 -0.000000 0 0
0.000000 -0.000000 -0.000000 0 0
0.000000 -0.000000 -0.000000 0 0
0.000000 -0.000000 -0.000000 0 0
0.000000 -0.000000 -0.000000 0 0
0.000000 -0.000000 -0.000000 0 0
0.000000 -0.000000 -0.000000 0 0
0.000000 -0.000000 -0.000000 0 0
0.000000 -0.000000 -0.000000 0 0
0.000000 -0.000000 -0.000000 0 0
0.000000 -0.000000 -0.000000 0 0
0.000000 -0.000000 -0.000000 0 0
0.000000 -0.000000 -0.000000 0 128
0.000000 -0.000000 -0.000000 0 128
0.000000 -0.000000 -0.000000 0 0
0.000000 -0.000000 -0.000000 0 0
0.000000 -0.000000 -0.000000 0 128
0.000000 -0.000000 -0.000000 0 128
0.000000 -0.000000 -0.000000 0 0
0.000000 -0.000000 -0.000000 0 0
0.000000 -0.000000 -0.000000 0 0
0.000000 -0.000000 -0.000000 0 128
0.000000 -0.000000 -0.000000 0 0
0.000000 -0.000000 -0.000000 0 0
0.000000 -0.000000 -0.000000 0 0
0.000000 -0.000000 -0.000000 0 0
0.000000 -0.000000 -0.000000 0 0
0.000000 -0.000000 -0.000000 0 0
0.000000 -0.000000 -0.000000 0 0
0.000000 -0.000000 -0.000000 0 0
0.000000 -0.000000 -0.000000 0 0
0.000000 -0.000000 -0.000000 0 0
0.000000 -0.000000 -0.000000 0 0
0.000000 -0.000000 -0.000000 0 128
0.000000 -0.000000 -0.000000 0 0
0.000000 -0.000000 -0.000000 0 0
0.000000 -0.000000 -0.000000 0 0
0.000000 -0.000000 -0.000000 0 0
0.000000 -0.000000 -0.000000 0 0
0.000000 -0.000000 -0.000000 0 0
0.000000 -0.000000 -0.000000 0 128
0.000000 -0.000000 -0.000000 0 0
0.000000 -0.000000 -0.000000 0 0
0.000000 -0.000000 -0.000000 0 0
0.000000 -0.000000 -0.000000 0 0
0.000000 -0.000000 -0.000000 0 128
1.928000 -0.494000 -0.722000 0 0
0.000000 -0.000000 -0.000000 0 0
0.000000 -0.000000 -0.000000 0 128
0.000000 -0.000000 -0.000000 0 0
0.000000 -0.000000 -0.000000 0 0
1.924000 -0.527000 -0.667000 0 0
0.000000 -0.000000 -0.000000 0 0
0.000000 -0.000000 -0.000000 0 0
0.000000 -0.000000 -0.000000 0 0
0.000000 -0.000000 -0.000000 0 0
0.000000 -0.000000 -0.000000 0 0
0.000000 -0.000000 -0.000000 0 0
0.000000 -0.000000 -0.000000 0 0
0.000000 -0.000000 -0.000000 0 0
0.000000 -0.000000 -0.000000 0 0
0.000000 -0.000000 -0.000000 0 0
0.000000 -0.000000 -0.000000 0 0
0.000000 -0.000000 -0.000000 0 0
0.000000 -0.000000 -0.000000 0 0
0.000000 -0.000000 -0.000000 0 0
0.000000 -0.000000 -0.000000 0 0
0.000000 -0.000000 -0.000000 0 0
0.000000 -0.000000 -0.000000 0 0
0.000000 -0.000000 -0.000000 0 0
0.000000 -0.000000 -0.000000 0 0
0.000000 -0.000000 -0.000000 0 0
0.000000 -0.000000 -0.000000 0 0
0.000000 -0.000000 -0.000000 0 0
0.000000 -0.000000 -0.000000 0 0
0.000000 -0.000000 -0.000000 0 0
0.000000 -0.000000 -0.000000 0 0
0.000000 -0.000000 -0.000000 0 0
0.000000 -0.000000 -0.000000 0 0
0.000000 -0.000000 -0.000000 0 0
0.000000 -0.000000 -0.000000 0 0
0.000000 -0.000000 -0.000000 0 0
0.000000 -0.000000 -0.000000 0 0
0.000000 -0.000000 -0.000000 0 0
0.000000 -0.000000 -0.000000 0 0
0.000000 -0.000000 -0.000000 0 0
0.000000 -0.000000 -0.000000 0 0
0.000000 -0.000000 -0.000000 0 0
0.000000 -0.000000 -0.000000 0 0
0.000000 -0.000000 -0.000000 0 0
0.000000 -0.000000 -0.000000 0 0
0.000000 -0.000000 -0.000000 0 0
0.000000 -0.000000 -0.000000 0 0
0.000000 -0.000000 -0.000000 0 0
0.000000 -0.000000 -0.000000 0 0
0.000000 -0.000000 -0.000000 0 0
0.000000 -0.000000 -0.000000 0 0
0.000000 -0.000000 -0.000000 0 0
0.000000 -0.000000 -0.000000 0 0
0.000000 -0.000000 -0.000000 0 0
0.000000 -0.000000 -0.000000 0 0
0.000000 -0.000000 -0.000000 0 0
0.000000 -0.000000 -0.000000 0 0
0.000000 -0.000000 -0.000000 0 0
0.000000 -0.000000 -0.000000 0 0
0.000000 -0.000000 -0.000000 0 0
0.000000 -0.000000 -0.000000 0 0
0.000000 -0.000000 -0.000000 0 0
0.000000 -0.000000 -0.000000 0 128
0.000000 -0.000000 -0.000000 0 128
0.000000 -0.000000 -0.000000 0 0
0.000000 -0.000000 -0.000000 0 0
0.000000 -0.000000 -0.000000 0 128
0.000000 -0.000000 -0.000000 0 128
0.000000 -0.000000 -0.000000 0 0
0.000000 -0.000000 -0.000000 0 0
0.000000 -0.000000 -0.000000 0 0
0.000000 -0.000000 -0.000000 0 128
0.000000 -0.000000 -0.000000 0 0
0.000000 -0.000000 -0.000000 0 0
0.000000 -0.000000 -0.000000 0 0
0.000000 -0.000000 -0.000000 0 0
0.000000 -0.000000 -0.000000 0 0
0.000000 -0.000000 -0.000000 0 0
0.000000 -0.000000 -0.000000 0 0
0.000000 -0.000000 -0.000000 0 0
0.000000 -0.000000 -0.000000 0 0
0.000000 -0.000000 -0.000000 0 0
0.000000 -0.000000 -0.000000 0 0
0.000000 -0.000000 -0.000000 0 0
0.000000 -0.000000 -0.000000 0 0
0.000000 -0.000000 -0.000000 0 0
0.000000 -0.000000 -0.000000 0 0
0.000000 -0.000000 -0.000000 0 0
0.000000 -0.000000 -0.000000 0 0
0.000000 -0.000000 -0.000000 0 0
0.000000 -0.000000 -0.000000 0 128
0.000000 -0.000000 -0.000000 0 0
0.000000 -0.000000 -0.000000 0 0
0.000000 -0.000000 -0.000000 0 0
0.000000 -0.000000 -0.000000 0 0
0.000000 -0.000000 -0.000000 0 0
0.000000 -0.000000 -0.000000 0 0
0.000000 -0.000000 -0.000000 0 0
0.000000 -0.000000 -0.000000 0 128
0.000000 -0.000000 -0.000000 0 0
0.000000 -0.000000 -0.000000 0 0
0.000000 -0.000000 -0.000000 0 0
0.000000 -0.000000 -0.000000 0 0
0.000000 -0.000000 -0.000000 0 0
0.000000 -0.000000 -0.000000 0 0
0.000000 -0.000000 -0.000000 0 0
0.000000 -0.000000 -0.000000 0 128
0.000000 -0.000000 -0.000000 0 0
0.000000 -0.000000 -0.000000 0 0
0.000000 -0.000000 -0.000000 0 0
0.000000 -0.000000 -0.000000 0 128
0.000000 -0.000000 -0.000000 0 0
0.000000 -0.000000 -0.000000 0 0
0.000000 -0.000000 -0.000000 0 0
0.000000 -0.000000 -0.000000 0 128
0.000000 -0.000000 -0.000000 0 0
0.000000 -0.000000 -0.000000 0 0
0.000000 -0.000000 -0.000000 0 128
0.000000 -0.000000 -0.000000 0 192
0.000000 -0.000000 -0.000000 0 128
0.000000 -0.000000 -0.000000 0 128
0.000000 -0.000000 -0.000000 0 128
0.828000 -1.192000 -0.470000 7 0
0.000000 -0.000000 -0.000000 0 128
0.000000 -0.000000 -0.000000 0 0
0.000000 -0.000000 -0.000000 0 0
0.743000 -1.127000 -0.438000 11 0
0.000000 -0.000000 -0.000000 0 0
0.672000 -0.975000 -0.448000 1 0
0.714000 -1.088000 -0.457000 13 0
0.711000 -1.138000 -0.437000 13 0
0.646000 -0.939000 -0.463000 5 0
0.611000 -0.930000 -0.421000 5 0
0.684000 -1.096000 -0.455000 5 0
0.679000 -1.146000 -0.435000 12 0
0.615000 -0.937000 -0.455000 7 0
0.583000 -0.932000 -0.416000 6 0
0.583000 -0.985000 -0.404000 3 2
0.647000 -1.156000 -0.434000 12 0
0.580000 -0.927000 -0.444000 9 0
0.561000 -0.944000 -0.416000 5 0
0.563000 -1.005000 -0.408000 2 0
0.612000 -1.158000 -0.431000 12 0
0.561000 -0.940000 -0.444000 5 0
0.540000 -0.957000 -0.417000 4 0
0.548000 -1.033000 -0.414000 2 0
0.569000 -1.144000 -0.422000 12 0
0.542000 -0.956000 -0.446000 5 0
0.517000 -0.966000 -0.416000 4 0
0.528000 -1.053000 -0.418000 2 0
0.552000 -1.179000 -0.431000 12 0
0.518000 -0.962000 -0.444000 4 0
0.495000 -0.978000 -0.417000 4 0
0.505000 -1.070000 -0.421000 3 0
0.537000 -1.223000 -0.444000 2 0
0.490000 -0.957000 -0.436000 6 0
0.479000 -1.001000 -0.422000 4 0
0.488000 -1.099000 -0.429000 2 0
0.000000 -0.000000 -0.000000 0 0
0.461000 -0.953000 -0.429000 6 0
0.464000 -1.029000 -0.430000 4 0
0.484000 -1.162000 -0.450000 4 0
0.459000 -1.198000 -0.429000 3 0
0.458000 -1.000000 -0.446000 4 0
0.452000 -1.065000 -0.441000 3 0
0.459000 -1.180000 -0.454000 5 0
0.491000 -1.380000 -0.492000 4 0
0.432000 -1.002000 -0.442000 5 0
0.437000 -1.097000 -0.451000 4 0
0.464000 -1.279000 -0.489000 5 1
0.449000 -1.369000 -0.486000 24 0
0.408000 -1.006000 -0.440000 6 0
0.409000 -1.099000 -0.448000 6 0
0.436000 -1.295000 -0.492000 5 0
0.422000 -1.398000 -0.494000 4 64
0.000000 -0.000000 -0.000000 0 0
0.000000 -0.000000 -0.000000 0 0
0.000000 -0.000000 -0.000000 0 0
0.000000 -0.000000 -0.000000 0 0
0.000000 -0.000000 -0.000000 0 0
0.000000 -0.000000 -0.000000 0 0
0.000000 -0.000000 -0.000000 0 0
0.000000 -0.000000 -0.000000 0 0
0.000000 -0.000000 -0.000000 0 0
0.000000 -0.000000 -0.000000 0 0
0.000000 -0.000000 -0.000000 0 0
0.000000 -0.000000 -0.000000 0 128
0.000000 -0.000000 -0.000000 0 0
0.000000 -0.000000 -0.000000 0 0
0.000000 -0.000000 -0.000000 0 0
0.000000 -0.000000 -0.000000 0 0
0.000000 -0.000000 -0.000000 0 0
0.000000 -0.000000 -0.000000 0 0
0.000000 -0.000000 -0.000000 0 0
0.000000 -0.000000 -0.000000 0 128
0.000000 -0.000000 -0.000000 0 0
0.000000 -0.000000 -0.000000 0 0
0.000000 -0.000000 -0.000000 0 0
0.000000 -0.000000 -0.000000 0 0
0.000000 -0.000000 -0.000000 0 0
0.000000 -0.000000 -0.000000 0 0
0.000000 -0.000000 -0.000000 0 0
0.000000 -0.000000 -0.000000 0 128
0.000000 -0.000000 -0.000000 0 0
0.000000 -0.000000 -0.000000 0 0
0.000000 -0.000000 -0.000000 0 0
0.000000 -0.000000 -0.000000 0 128
0.000000 -0.000000 -0.000000 0 0
0.000000 -0.000000 -0.000000 0 0
0.000000 -0.000000 -0.000000 0 0
0.000000 -0.000000 -0.000000 0 128
0.000000 -0.000000 -0.000000 0 0
0.000000 -0.000000 -0.000000 0 0
0.000000 -0.000000 -0.000000 0 128
0.000000 -0.000000 -0.000000 0 192
0.000000 -0.000000 -0.000000 0 128
0.000000 -0.000000 -0.000000 0 128
0.000000 -0.000000 -0.000000 0 128
0.828000 -1.192000 -0.470000 7 0
0.000000 -0.000000 -0.000000 0 128
0.000000 -0.000000 -0.000000 0 0
0.000000 -0.000000 -0.000000 0 0
0.743000 -1.127000 -0.438000 11 0
0.000000 -0.000000 -0.000000 0 0
0.672000 -0.975000 -0.448000 1 0
0.714000 -1.088000 -0.457000 13 0
0.711000 -1.138000 -0.437000 13 0
0.646000 -0.939000 -0.463000 5 0
0.611000 -0.930000 -0.421000 5 0
0.684000 -1.096000 -0.455000 5 0
0.679000 -1.146000 -0.435000 12 0
0.615000 -0.937000 -0.455000 7 0
0.583000 -0.932000 -0.416000 6 0
0.583000 -0.985000 -0.404000 3 2
0.647000 -1.156000 -0.434000 12 0
0.580000 -0.927000 -0.444000 9 0
0.561000 -0.944000 -0.416000 5 0
0.563000 -1.005000 -0.408000 2 0
0.612000 -1.158000 -0.431000 12 0
0.561000 -0.940000 -0.444000 5 0
0.540000 -0.957000 -0.417000 4 0
0.548000 -1.033000 -0.414000 2 0
0.569000 -1.144000 -0.422000 12 0
0.542000 -0.956000 -0.446000 5 0
0.517000 -0.966000 -0.416000 4 0
0.528000 -1.053000 -0.418000 2 0
0.552000 -1.179000 -0.431000 12 0
0.518000 -0.962000 -0.444000 4 0
0.495000 -0.978000 -0.417000 4 0
0.505000 -1.070000 -0.421000 3 0
0.537000 -1.223000 -0.444000 2 0
0.490000 -0.957000 -0.436000 6 0
0.479000 -1.001000 -0.422000 4 0
0.488000 -1.099000 -0.429000 2 0
0.000000 -0.000000 -0.000000 0 0
0.461000 -0.953000 -0.429000 6 0
0.464000 -1.029000 -0.430000 4 0
0.484000 -1.162000 -0.450000 4 0
0.459000 -1.198000 -0.429000 3 0
0.458000 -1.000000 -0.446000 4 0
0.452000 -1.065000 -0.441000 3 0
0.459000 -1.180000 -0.454000 5 0
0.491000 -1.380000 -0.492000 4 0
0.432000 -1.002000 -0.442000 5 0
0.437000 -1.097000 -0.451000 4 0
0.464000 -1.279000 -0.489000 5 1
0.449000 -1.369000 -0.486000 24 0
0.408000 -1.006000 -0.440000 6 0
0.409000 -1.099000 -0.448000 6 0
0.436000 -1.295000 -0.492000 5 0
0.422000 -1.398000 -0.494000 4 64
0.400000 -1.051000 -0.456000 7 0
0.418000 -1.206000 -0.488000 5 2
0.406000 -1.307000 -0.494000 5 0
0.380000 -1.377000 -0.485000 24 0
0.387000 -1.085000 -0.467000 7 0
0.395000 -1.229000 -0.494000 6 0
0.374000 -1.309000 -0.493000 4 0
0.345000 -1.377000 -0.484000 7 0
0.382000 -1.152000 -0.492000 7 0
0.366000 -1.231000 -0.492000 6 0
0.346000 -1.327000 -0.498000 5 0
0.311000 -1.383000 -0.485000 8 0
0.360000 -1.169000 -0.495000 6 0
0.339000 -1.243000 -0.494000 6 0
0.311000 -1.318000 -0.492000 6 0
0.284000 -1.421000 -0.498000 5 0
0.326000 -1.148000 -0.483000 7 0
0.307000 -1.235000 -0.489000 8 0
0.284000 -1.342000 -0.500000 5 0
0.248000 -1.416000 -0.496000 23 0
0.308000 -1.183000 -0.494000 8 0
0.281000 -1.251000 -0.493000 8 0
0.253000 -1.352000 -0.503000 5 0
0.000000 -0.000000 -0.000000 0 0
0.286000 -1.206000 -0.501000 7 0
0.256000 -1.273000 -0.499000 8 0
0.220000 -1.345000 -0.499000 3 0
0.000000 -0.000000 -0.000000 0 128
0.258000 -1.205000 -0.498000 8 0
0.226000 -1.276000 -0.499000 6 0
0.000000 -0.000000 -0.000000 0 0
0.000000 -0.000000 -0.000000 0 192
0.232000 -1.214000 -0.499000 7 0
0.000000 -0.000000 -0.000000 0 0
0.000000 -0.000000 -0.000000 0 0
0.000000 -0.000000 -0.000000 0 192
0.204000 -1.212000 -0.496000 4 64
0.000000 -0.000000 -0.000000 0 128
0.000000 -0.000000 -0.000000 0 192
0.000000 -0.000000 -0.000000 0 192
0.000000 -0.000000 -0.000000 0 0
0.000000 -0.000000 -0.000000 0 128
0.000000 -0.000000 -0.000000 0 192
0.000000 -0.000000 -0.000000 0 192
0.000000 -0.000000 -0.000000 0 0
0.000000 -0.000000 -0.000000 0 128
0.000000 -0.000000 -0.000000 0 192
0.000000 -0.000000 -0.000000 0 192
0.000000 -0.000000 -0.000000 0 128
0.000000 -0.000000 -0.000000 0 192
0.000000 -0.000000 -0.000000 0 192
-0.062000 -3.566000 -1.274000 7 0
0.000000 -0.000000 -0.000000 0 192
0.000000 -0.000000 -0.000000 0 192
0.000000 -0.000000 -0.000000 0 192
-0.140000 -3.390000 -1.217000 26 0
0.000000 -0.000000 -0.000000 0 192
0.000000 -0.000000 -0.000000 0 192
-0.080000 -3.426000 -1.282000 1 0
0.000000 -0.000000 -0.000000 0 0
0.000000 -0.000000 -0.000000 0 192
0.000000 -0.000000 -0.000000 0 0
-0.153000 -3.286000 -1.234000 17 0
-0.258000 -2.901000 -1.054000 38 0
0.000000 -0.000000 -0.000000 0 192
-0.088000 -3.192000 -1.240000 7 0
-0.141000 -2.015000 -0.760000 2 0
-0.308000 -2.725000 -0.997000 44 0
0.000000 -0.000000 -0.000000 0 128
-0.153000 -3.047000 -1.186000 1 0
-0.267000 -2.869000 -1.086000 44 0
-0.354000 -2.583000 -0.952000 5 0
-0.102000 -3.203000 -1.286000 11 0
-0.146000 -1.995000 -0.778000 2 4
-0.312000 -2.675000 -1.018000 56 0
-0.385000 -2.390000 -0.888000 40 0
-0.173000 -3.190000 -1.281000 7 0
-0.271000 -2.828000 -1.106000 45 0
-0.283000 -2.019000 -0.773000 2 0
-0.421000 -2.265000 -0.849000 57 0
-0.226000 -2.955000 -1.187000 24 1
-0.316000 -2.655000 -1.042000 54 0
-0.390000 -2.381000 -0.917000 40 0
-0.447000 -2.129000 -0.805000 46 0
-0.277000 -2.801000 -1.127000 44 0
-0.292000 -2.056000 -0.810000 2 0
-0.420000 -2.238000 -0.868000 43 0
-0.475000 -2.021000 -0.772000 52 0
-0.320000 -2.632000 -1.060000 42 0
-0.389000 -2.354000 -0.931000 43 0
-0.448000 -2.119000 -0.828000 48 0
-0.500000 -1.923000 -0.742000 50 0
-0.312000 -2.166000 -0.874000 3 0
-0.423000 -2.238000 -0.890000 55 0
-0.474000 -2.011000 -0.792000 50 0
-0.512000 -1.796000 -0.701000 109 0
0.400000 -1.051000 -0.456000 7 0
0.418000 -1.206000 -0.488000 5 2
0.406000 -1.307000 -0.494000 5 0
0.380000 -1.377000 -0.485000 24 0
0.387000 -1.085000 -0.467000 7 0
0.395000 -1.229000 -0.494000 6 0
0.374000 -1.309000 -0.493000 4 0
0.345000 -1.377000 -0.484000 7 0
0.382000 -1.152000 -0.492000 7 0
0.366000 -1.231000 -0.492000 6 0
0.346000 -1.327000 -0.498000 5 0
0.311000 -1.383000 -0.485000 8 0
0.360000 -1.169000 -0.495000 6 0
0.339000 -1.243000 -0.494000 6 0
0.311000 -1.318000 -0.492000 6 0
0.284000 -1.421000 -0.498000 5 0
0.326000 -1.148000 -0.483000 7 0
0.307000 -1.235000 -0.489000 8 0
0.284000 -1.342000 -0.500000 5 0
0.248000 -1.416000 -0.496000 23 0
0.308000 -1.183000 -0.494000 8 0
0.281000 -1.251000 -0.493000 8 0
0.253000 -1.352000 -0.503000 5 0
0.000000 -0.000000 -0.000000 0 0
0.286000 -1.206000 -0.501000 7 0
0.256000 -1.273000 -0.499000 8 0
0.220000 -1.345000 -0.499000 3 0
0.000000 -0.000000 -0.000000 0 128
0.258000 -1.205000 -0.498000 8 0
0.226000 -1.276000 -0.499000 6 0
0.000000 -0.000000 -0.000000 0 0
0.000000 -0.000000 -0.000000 0 192
0.232000 -1.214000 -0.499000 7 0
0.000000 -0.000000 -0.000000 0 0
0.000000 -0.000000 -0.000000 0 0
0.000000 -0.000000 -0.000000 0 192
0.204000 -1.212000 -0.496000 4 64
0.000000 -0.000000 -0.000000 0 128
0.000000 -0.000000 -0.000000 0 192
0.000000 -0.000000 -0.000000 0 192
0.000000 -0.000000 -0.000000 0 0
0.000000 -0.000000 -0.000000 0 128
0.000000 -0.000000 -0.000000 0 192
0.000000 -0.000000 -0.000000 0 192
0.000000 -0.000000 -0.000000 0 0
0.000000 -0.000000 -0.000000 0 128
0.000000 -0.000000 -0.000000 0 192
0.000000 -0.000000 -0.000000 0 192
0.000000 -0.000000 -0.000000 0 128
0.000000 -0.000000 -0.000000 0 192
0.000000 -0.000000 -0.000000 0 192
-0.062000 -3.566000 -1.274000 7 0
0.000000 -0.000000 -0.000000 0 192
0.000000 -0.000000 -0.000000 0 192
0.000000 -0.000000 -0.000000 0 192
-0.140000 -3.390000 -1.217000 26 0
0.000000 -0.000000 -0.000000 0 192
0.000000 -0.000000 -0.000000 0 192
-0.080000 -3.426000 -1.282000 1 0
0.000000 -0.000000 -0.000000 0 0
0.000000 -0.000000 -0.000000 0 192
0.000000 -0.000000 -0.000000 0 0
-0.153000 -3.286000 -1.234000 17 0
-0.258000 -2.901000 -1.054000 38 0
0.000000 -0.000000 -0.000000 0 192
-0.088000 -3.192000 -1.240000 7 0
-0.141000 -2.015000 -0.760000 2 0
-0.308000 -2.725000 -0.997000 44 0
0.000000 -0.000000 -0.000000 0 128
-0.153000 -3.047000 -1.186000 1 0
-0.267000 -2.869000 -1.086000 44 0
-0.354000 -2.583000 -0.952000 5 0
-0.102000 -3.203000 -1.286000 11 0
-0.146000 -1.995000 -0.778000 2 4
-0.312000 -2.675000 -1.018000 56 0
-0.385000 -2.390000 -0.888000 40 0
-0.173000 -3.190000 -1.281000 7 0
-0.271000 -2.828000 -1.106000 45 0
-0.283000 -2.019000 -0.773000 2 0
-0.421000 -2.265000 -0.849000 57 0
-0.226000 -2.955000 -1.187000 24 1
-0.316000 -2.655000 -1.042000 54 0
-0.390000 -2.381000 -0.917000 40 0
-0.447000 -2.129000 -0.805000 46 0
-0.277000 -2.801000 -1.127000 44 0
-0.292000 -2.056000 -0.810000 2 0
-0.420000 -2.238000 -0.868000 43 0
-0.475000 -2.021000 -0.772000 52 0
-0.320000 -2.632000 -1.060000 42 0
-0.389000 -2.354000 -0.931000 43 0
-0.448000 -2.119000 -0.828000 48 0
-0.500000 -1.923000 -0.742000 50 0
-0.312000 -2.166000 -0.874000 3 0
-0.423000 -2.238000 -0.890000 55 0
-0.474000 -2.011000 -0.792000 50 0
-0.512000 -1.796000 -0.701000 109 0
-0.392000 -2.341000 -0.948000 47 0
-0.448000 -2.110000 -0.844000 45 0
-0.498000 -1.912000 -0.759000 47 0
-0.413000 -1.327000 -0.524000 5 0
-0.422000 -2.215000 -0.899000 44 0
-0.475000 -2.007000 -0.808000 50 0
-0.502000 -1.759000 -0.705000 108 0
-0.428000 -1.271000 -0.508000 0 0
-0.448000 -2.096000 -0.854000 47 0
-0.499000 -1.913000 -0.775000 54 0
-0.411000 -1.325000 -0.536000 0 0
-0.444000 -1.223000 -0.495000 6 0
-0.474000 -1.996000 -0.817000 56 0
-0.396000 -1.388000 -0.566000 12 0
-0.424000 -1.263000 -0.516000 6 0
-0.452000 -1.160000 -0.476000 0 0
-0.497000 -1.904000 -0.783000 49 0
-0.410000 -1.322000 -0.543000 0 0
-0.436000 -1.206000 -0.498000 0 0
0.000000 -0.000000 -0.000000 0 0
-0.388000 -1.360000 -0.562000 6 0
-0.422000 -1.261000 -0.523000 7 0
-0.451000 -1.162000 -0.485000 1 0
-0.474000 -1.067000 -0.450000 0 0
-0.405000 -1.306000 -0.543000 0 0
-0.438000 -1.214000 -0.507000 0 0
-0.465000 -1.121000 -0.474000 0 0
-0.481000 -1.017000 -0.436000 0 0
-0.420000 -1.255000 -0.525000 7 0
-0.447000 -1.157000 -0.488000 8 0
-0.476000 -1.077000 -0.461000 1 0
-0.496000 -0.988000 -0.430000 0 64
-0.431000 -1.196000 -0.504000 0 0
-0.463000 -1.121000 -0.478000 0 0
-0.487000 -1.036000 -0.450000 0 0
-0.534000 -1.005000 -0.445000 1 0
-0.444000 -1.150000 -0.488000 8 0
-0.475000 -1.079000 -0.465000 1 0
-0.498000 -0.999000 -0.440000 1 0
-0.675000 -1.202000 -0.542000 13 64
-0.457000 -1.108000 -0.474000 0 0
-0.485000 -1.038000 -0.452000 1 0
-0.518000 -0.983000 -0.439000 1 0
-0.688000 -1.161000 -0.533000 13 0
-0.471000 -1.071000 -0.463000 0 0
-0.499000 -1.007000 -0.444000 1 0
-0.671000 -1.205000 -0.547000 10 2
-0.697000 -1.116000 -0.522000 13 0
-0.483000 -1.035000 -0.451000 1 0
-0.508000 -0.969000 -0.433000 1 0
-0.682000 -1.160000 -0.535000 11 0
-0.709000 -1.079000 -0.515000 13 0
-0.494000 -0.998000 -0.439000 1 0
-0.670000 -1.209000 -0.547000 10 0
-0.694000 -1.121000 -0.525000 12 0
-0.720000 -1.043000 -0.507000 12 0
-0.499000 -0.952000 -0.424000 1 0
-0.682000 -1.167000 -0.536000 10 0
-0.707000 -1.085000 -0.517000 12 0
-0.730000 -1.007000 -0.500000 12 0
-0.670000 -1.211000 -0.545000 13 0
-0.695000 -1.128000 -0.526000 11 0
-0.718000 -1.050000 -0.510000 12 0
-0.740000 -0.972000 -0.493000 12 64
-0.682000 -1.169000 -0.533000 13 0
-0.704000 -1.087000 -0.514000 11 0
-0.730000 -1.015000 -0.502000 12 0
-0.748000 -0.937000 -0.487000 15 64
-0.693000 -1.128000 -0.521000 13 0
-0.716000 -1.052000 -0.506000 11 0
-0.742000 -0.983000 -0.497000 11 0
-0.753000 -0.901000 -0.479000 14 64
-0.705000 -1.090000 -0.510000 13 0
-0.720000 -1.007000 -0.493000 14 0
-0.747000 -0.945000 -0.487000 14 0
-0.757000 -0.865000 -0.471000 15 64
-0.716000 -1.053000 -0.500000 12 0
-0.733000 -0.976000 -0.486000 14 0
-0.752000 -0.908000 -0.478000 14 0
-0.765000 -0.834000 -0.465000 14 64
-0.729000 -1.021000 -0.492000 12 0
-0.745000 -0.946000 -0.480000 14 0
-0.759000 -0.875000 -0.471000 14 0
-0.770000 -0.801000 -0.459000 14 64
-0.731000 -0.975000 -0.478000 15 0
-0.749000 -0.908000 -0.470000 14 0
-0.763000 -0.839000 -0.462000 14 0
-0.778000 -0.774000 -0.456000 14 64
-0.742000 -0.944000 -0.471000 15 0
-0.755000 -0.873000 -0.461000 14 0
-0.772000 -0.811000 -0.458000 14 0
-0.783000 -0.744000 -0.450000 14 64
-0.748000 -0.908000 -0.461000 15 0
-0.765000 -0.845000 -0.456000 14 0
-0.779000 -0.782000 -0.452000 17 0
-0.791000 -0.718000 -0.448000 14 64
-0.392000 -2.341000 -0.948000 47 0
-0.448000 -2.110000 -0.844000 45 0
-0.498000 -1.912000 -0.759000 47 0
-0.413000 -1.327000 -0.524000 5 0
-0.422000 -2.215000 -0.899000 44 0
-0.475000 -2.007000 -0.808000 50 0
-0.502000 -1.759000 -0.705000 108 0
-0.428000 -1.271000 -0.508000 0 0
-0.448000 -2.096000 -0.854000 47 0
-0.499000 -1.913000 -0.775000 54 0
-0.411000 -1.325000 -0.536000 0 0
-0.444000 -1.223000 -0.495000 6 0
-0.474000 -1.996000 -0.817000 56 0
-0.396000 -1.388000 -0.566000 12 0
-0.424000 -1.263000 -0.516000 6 0
-0.452000 -1.160000 -0.476000 0 0
-0.497000 -1.904000 -0.783000 49 0
-0.410000 -1.322000 -0.543000 0 0
-0.436000 -1.206000 -0.498000 0 0
0.000000 -0.000000 -0.000000 0 0
-0.388000 -1.360000 -0.562000 6 0
-0.422000 -1.261000 -0.523000 7 0
-0.451000 -1.162000 -0.485000 1 0
-0.474000 -1.067000 -0.450000 0 0
-0.405000 -1.306000 -0.543000 0 0
-0.438000 -1.214000 -0.507000 0 0
-0.465000 -1.121000 -0.474000 0 0
-0.481000 -1.017000 -0.436000 0 0
-0.420000 -1.255000 -0.525000 7 0
-0.447000 -1.157000 -0.488000 8 0
-0.476000 -1.077000 -0.461000 1 0
-0.496000 -0.988000 -0.430000 0 64
-0.431000 -1.196000 -0.504000 0 0
-0.463000 -1.121000 -0.478000 0 0
-0.487000 -1.036000 -0.450000 0 0
-0.534000 -1.005000 -0.445000 1 0
-0.444000 -1.150000 -0.488000 8 0
-0.475000 -1.079000 -0.465000 1 0
-0.498000 -0.999000 -0.440000 1 0
-0.675000 -1.202000 -0.542000 13 64
-0.457000 -1.108000 -0.474000 0 0
-0.485000 -1.038000 -0.452000 1 0
-0.518000 -0.983000 -0.439000 1 0
-0.688000 -1.161000 -0.533000 13 0
-0.471000 -1.071000 -0.463000 0 0
-0.499000 -1.007000 -0.444000 1 0
-0.671000 -1.205000 -0.547000 10 2
-0.697000 -1.116000 -0.522000 13 0
-0.483000 -1.035000 -0.451000 1 0
-0.508000 -0.969000 -0.433000 1 0
-0.682000 -1.160000 -0.535000 11 0
-0.709000 -1.079000 -0.515000 13 0
-0.494000 -0.998000 -0.439000 1 0
-0.670000 -1.209000 -0.547000 10 0
-0.694000 -1.121000 -0.525000 12 0
-0.720000 -1.043000 -0.507000 12 0
-0.499000 -0.952000 -0.424000 1 0
-0.682000 -1.167000 -0.536000 10 0
-0.707000 -1.085000 -0.517000 12 0
-0.730000 -1.007000 -0.500000 12 0
-0.670000 -1.211000 -0.545000 13 0
-0.695000 -1.128000 -0.526000 11 0
-0.718000 -1.050000 -0.510000 12 0
-0.740000 -0.972000 -0.493000 12 64
-0.682000 -1.169000 -0.533000 13 0
-0.704000 -1.087000 -0.514000 11 0
-0.730000 -1.015000 -0.502000 12 0
-0.748000 -0.937000 -0.487000 15 64
-0.693000 -1.128000 -0.521000 13 0
-0.716000 -1.052000 -0.506000 11 0
-0.742000 -0.983000 -0.497000 11 0
-0.753000 -0.901000 -0.479000 14 64
-0.705000 -1.090000 -0.510000 13 0
-0.720000 -1.007000 -0.493000 14 0
-0.747000 -0.945000 -0.487000 14 0
-0.757000 -0.865000 -0.471000 15 64
-0.716000 -1.053000 -0.500000 12 0
-0.733000 -0.976000 -0.486000 14 0
-0.752000 -0.908000 -0.478000 14 0
-0.765000 -0.834000 -0.465000 14 64
-0.729000 -1.021000 -0.492000 12 0
-0.745000 -0.946000 -0.480000 14 0
-0.759000 -0.875000 -0.471000 14 0
-0.770000 -0.801000 -0.459000 14 64
-0.731000 -0.975000 -0.478000 15 0
-0.749000 -0.908000 -0.470000 14 0
-0.763000 -0.839000 -0.462000 14 0
-0.778000 -0.774000 -0.456000 14 64
-0.742000 -0.944000 -0.471000 15 0
-0.755000 -0.873000 -0.461000 14 0
-0.772000 -0.811000 -0.458000 14 0
-0.783000 -0.744000 -0.450000 14 64
-0.748000 -0.908000 -0.461000 15 0
-0.765000 -0.845000 -0.456000 14 0
-0.779000 -0.782000 -0.452000 17 0
-0.791000 -0.718000 -0.448000 14 64
-0.754000 -0.873000 -0.452000 15 0
-0.769000 -0.811000 -0.448000 14 0
-0.785000 -0.753000 -0.447000 17 0
-0.798000 -0.691000 -0.444000 14 64
-0.760000 -0.840000 -0.443000 15 0
-0.781000 -0.787000 -0.444000 14 0
-0.788000 -0.721000 -0.440000 17 0
-0.803000 -0.665000 -0.441000 15 64
-0.770000 -0.812000 -0.437000 15 0
-0.784000 -0.754000 -0.437000 13 0
-0.794000 -0.694000 -0.436000 16 0
-0.813000 -0.642000 -0.440000 15 64
-0.776000 -0.781000 -0.430000 16 0
-0.791000 -0.726000 -0.432000 13 0
-0.801000 -0.669000 -0.432000 17 0
-0.823000 -0.621000 -0.440000 15 64
-0.784000 -0.753000 -0.425000 16 0
-0.798000 -0.700000 -0.427000 13 0
-0.810000 -0.645000 -0.430000 17 0
-0.823000 -0.592000 -0.434000 13 64
-0.792000 -0.726000 -0.419000 16 0
-0.806000 -0.675000 -0.423000 13 0
-0.817000 -0.621000 -0.427000 17 0
-0.830000 -0.569000 -0.433000 10 64
-0.798000 -0.698000 -0.414000 22 0
-0.814000 -0.650000 -0.420000 14 0
-0.823000 -0.596000 -0.425000 17 0
-0.836000 -0.545000 -0.431000 8 64
-0.808000 -0.675000 -0.410000 23 0
-0.822000 -0.626000 -0.417000 14 0
-0.829000 -0.572000 -0.422000 16 0
-0.837000 -0.520000 -0.427000 7 64
-0.812000 -0.647000 -0.405000 23 0
-0.832000 -0.604000 -0.416000 14 0
-0.830000 -0.546000 -0.417000 13 0
-0.845000 -0.499000 -0.427000 7 64
-0.824000 -0.625000 -0.403000 23 0
-0.837000 -0.578000 -0.412000 14 0
-0.835000 -0.522000 -0.415000 12 0
-0.856000 -0.480000 -0.429000 7 64
-0.829000 -0.599000 -0.398000 24 0
-0.844000 -0.555000 -0.409000 14 0
-0.843000 -0.501000 -0.414000 12 0
-0.869000 -0.462000 -0.432000 9 0
-0.837000 -0.575000 -0.395000 24 0
-0.845000 -0.528000 -0.404000 14 0
-0.839000 -0.473000 -0.408000 13 0
-0.853000 -0.429000 -0.421000 14 0
-0.842000 -0.550000 -0.391000 24 0
-0.853000 -0.506000 -0.403000 14 0
-0.846000 -0.452000 -0.407000 15 0
-0.881000 -0.418000 -0.432000 21 0
-0.853000 -0.529000 -0.391000 24 0
-0.857000 -0.482000 -0.400000 14 0
-0.876000 -0.442000 -0.418000 18 0
-0.882000 -0.395000 -0.430000 23 0
-0.857000 -0.504000 -0.386000 24 0
-0.863000 -0.459000 -0.398000 14 0
-0.883000 -0.421000 -0.417000 15 0
-0.889000 -0.375000 -0.430000 23 0
-0.865000 -0.482000 -0.385000 24 0
-0.871000 -0.438000 -0.398000 14 0
-0.878000 -0.395000 -0.412000 17 0
0.000000 -0.000000 -0.000000 0 0
-0.871000 -0.458000 -0.383000 24 0
-0.879000 -0.416000 -0.397000 14 0
-0.887000 -0.375000 -0.413000 17 0
0.000000 -0.000000 -0.000000 0 0
-0.877000 -0.435000 -0.381000 23 0
-0.884000 -0.394000 -0.396000 14 0
0.000000 -0.000000 -0.000000 0 0
0.000000 -0.000000 -0.000000 0 0
-0.866000 -0.405000 -0.371000 23 0
-0.886000 -0.371000 -0.393000 13 0
0.000000 -0.000000 -0.000000 0 0
0.000000 -0.000000 -0.000000 0 0
-0.881000 -0.387000 -0.374000 23 0
0.000000 -0.000000 -0.000000 0 0
0.000000 -0.000000 -0.000000 0 0
0.000000 -0.000000 -0.000000 0 0
-0.883000 -0.363000 -0.371000 8 0
0.000000 -0.000000 -0.000000 0 0
0.000000 -0.000000 -0.000000 0 0
-0.916000 -0.249000 -0.433000 22 0
0.000000 -0.000000 -0.000000 0 0
0.000000 -0.000000 -0.000000 0 0
0.000000 -0.000000 -0.000000 0 0
-0.906000 -0.225000 -0.428000 22 0
0.000000 -0.000000 -0.000000 0 0
-0.886000 -0.277000 -0.382000 2 0
-0.898000 -0.242000 -0.405000 16 0
-0.926000 -0.209000 -0.437000 22 0
0.000000 -0.000000 -0.000000 0 0
-0.894000 -0.257000 -0.383000 17 0
-0.904000 -0.222000 -0.407000 16 0
-0.930000 -0.188000 -0.438000 22 0
-0.754000 -0.873000 -0.452000 15 0
-0.769000 -0.811000 -0.448000 14 0
-0.785000 -0.753000 -0.447000 17 0
-0.798000 -0.691000 -0.444000 14 64
-0.760000 -0.840000 -0.443000 15 0
-0.781000 -0.787000 -0.444000 14 0
-0.788000 -0.721000 -0.440000 17 0
-0.803000 -0.665000 -0.441000 15 64
-0.770000 -0.812000 -0.437000 15 0
-0.784000 -0.754000 -0.437000 13 0
-0.794000 -0.694000 -0.436000 16 0
-0.813000 -0.642000 -0.440000 15 64
-0.776000 -0.781000 -0.430000 16 0
-0.791000 -0.726000 -0.432000 13 0
-0.801000 -0.669000 -0.432000 17 0
-0.823000 -0.621000 -0.440000 15 64
-0.784000 -0.753000 -0.425000 16 0
-0.798000 -0.700000 -0.427000 13 0
-0.810000 -0.645000 -0.430000 17 0
-0.823000 -0.592000 -0.434000 13 64
-0.792000 -0.726000 -0.419000 16 0
-0.806000 -0.675000 -0.423000 13 0
-0.817000 -0.621000 -0.427000 17 0
-0.830000 -0.569000 -0.433000 10 64
-0.798000 -0.698000 -0.414000 22 0
-0.814000 -0.650000 -0.420000 14 0
-0.823000 -0.596000 -0.425000 17 0
-0.836000 -0.545000 -0.431000 8 64
-0.808000 -0.675000 -0.410000 23 0
-0.822000 -0.626000 -0.417000 14 0
-0.829000 -0.572000 -0.422000 16 0
-0.837000 -0.520000 -0.427000 7 64
-0.812000 -0.647000 -0.405000 23 0
-0.832000 -0.604000 -0.416000 14 0
-0.830000 -0.546000 -0.417000 13 0
-0.845000 -0.499000 -0.427000 7 64
-0.824000 -0.625000 -0.403000 23 0
-0.837000 -0.578000 -0.412000 14 0
-0.835000 -0.522000 -0.415000 12 0
-0.856000 -0.480000 -0.429000 7 64
-0.829000 -0.599000 -0.398000 24 0
-0.844000 -0.555000 -0.409000 14 0
-0.843000 -0.501000 -0.414000 12 0
-0.869000 -0.462000 -0.432000 9 0
-0.837000 -0.575000 -0.395000 24 0
-0.845000 -0.528000 -0.404000 14 0
-0.839000 -0.473000 -0.408000 13 0
-0.853000 -0.429000 -0.421000 14 0
-0.842000 -0.550000 -0.391000 24 0
-0.853000 -0.506000 -0.403000 14 0
-0.846000 -0.452000 -0.407000 15 0
-0.881000 -0.418000 -0.432000 21 0
-0.853000 -0.529000 -0.391000 24 0
-0.857000 -0.482000 -0.400000 14 0
-0.876000 -0.442000 -0.418000 18 0
-0.882000 -0.395000 -0.430000 23 0
-0.857000 -0.504000 -0.386000 24 0
-0.863000 -0.459000 -0.398000 14 0
-0.883000 -0.421000 -0.417000 15 0
-0.889000 -0.375000 -0.430000 23 0
-0.865000 -0.482000 -0.385000 24 0
-0.871000 -0.438000 -0.398000 14 0
-0.878000 -0.395000 -0.412000 17 0
0.000000 -0.000000 -0.000000 0 0
-0.871000 -0.458000 -0.383000 24 0
-0.879000 -0.416000 -0.397000 14 0
-0.887000 -0.375000 -0.413000 17 0
0.000000 -0.000000 -0.000000 0 0
-0.877000 -0.435000 -0.381000 23 0
-0.884000 -0.394000 -0.396000 14 0
0.000000 -0.000000 -0.000000 0 0
0.000000 -0.000000 -0.000000 0 0
-0.866000 -0.405000 -0.371000 23 0
-0.886000 -0.371000 -0.393000 13 0
0.000000 -0.000000 -0.000000 0 0
0.000000 -0.000000 -0.000000 0 0
-0.881000 -0.387000 -0.374000 23 0
0.000000 -0.000000 -0.000000 0 0
0.000000 -0.000000 -0.000000 0 0
0.000000 -0.000000 -0.000000 0 0
-0.883000 -0.363000 -0.371000 8 0
0.000000 -0.000000 -0.000000 0 0
0.000000 -0.000000 -0.000000 0 0
-0.916000 -0.249000 -0.433000 22 0
0.000000 -0.000000 -0.000000 0 0
0.000000 -0.000000 -0.000000 0 0
0.000000 -0.000000 -0.000000 0 0
-0.906000 -0.225000 -0.428000 22 0
0.000000 -0.000000 -0.000000 0 0
-0.886000 -0.277000 -0.382000 2 0
-0.898000 -0.242000 -0.405000 16 0
-0.926000 -0.209000 -0.437000 22 0
0.000000 -0.000000 -0.000000 0 0
-0.894000 -0.257000 -0.383000 17 0
-0.904000 -0.222000 -0.407000 16 0
-0.930000 -0.188000 -0.438000 22 0
-0.896000 -0.272000 -0.364000 19 0
-0.918000 -0.241000 -0.392000 17 0
-0.911000 -0.202000 -0.409000 16 0
-0.936000 -0.168000 -0.440000 22 0
-0.904000 -0.252000 -0.365000 21 0
-0.923000 -0.220000 -0.392000 14 0
-0.915000 -0.182000 -0.410000 16 0
-0.941000 -0.148000 -0.443000 22 0
-0.910000 -0.230000 -0.365000 21 0
-0.931000 -0.199000 -0.394000 14 0
-0.919000 -0.161000 -0.411000 16 0
-0.944000 -0.127000 -0.444000 22 0
-0.915000 -0.208000 -0.365000 21 0
-0.931000 -0.176000 -0.393000 14 0
-0.936000 -0.142000 -0.418000 15 0
-0.951000 -0.107000 -0.448000 23 0
-0.920000 -0.186000 -0.365000 21 0
-0.936000 -0.155000 -0.394000 14 0
-0.946000 -0.122000 -0.422000 15 0
-0.952000 -0.086000 -0.449000 23 0
-0.924000 -0.164000 -0.366000 21 0
-0.947000 -0.134000 -0.398000 14 0
-0.947000 -0.100000 -0.422000 14 0
-0.956000 -0.065000 -0.451000 23 0
-0.943000 -0.144000 -0.372000 22 0
-0.950000 -0.112000 -0.398000 14 0
-0.955000 -0.080000 -0.426000 15 0
-0.964000 -0.044000 -0.456000 22 0
-0.943000 -0.121000 -0.371000 22 0
-0.955000 -0.090000 -0.400000 14 0
-0.962000 -0.058000 -0.429000 14 0
-0.966000 -0.024000 -0.458000 23 0
-0.937000 -0.098000 -0.368000 21 0
-0.958000 -0.068000 -0.401000 14 0
-0.963000 -0.037000 -0.430000 14 0
-0.968000 -0.002000 -0.460000 23 0
-0.958000 -0.077000 -0.375000 23 0
-0.964000 -0.046000 -0.404000 14 0
-0.967000 -0.015000 -0.433000 14 0
-0.975000 0.018000 -0.465000 23 0
-0.965000 -0.054000 -0.378000 23 0
-0.969000 -0.024000 -0.406000 14 0
-0.968000 0.006000 -0.434000 14 0
-0.982000 0.039000 -0.470000 23 0
-0.968000 -0.031000 -0.379000 23 0
-0.971000 -0.001000 -0.408000 14 0
-0.980000 0.028000 -0.441000 15 0
-0.985000 0.061000 -0.473000 22 0
-0.975000 -0.008000 -0.382000 23 0
-0.976000 0.020000 -0.410000 14 0
-0.979000 0.050000 -0.442000 15 0
-0.991000 0.083000 -0.478000 23 0
-0.982000 0.014000 -0.385000 23 0
-0.985000 0.043000 -0.415000 15 0
-0.984000 0.072000 -0.445000 18 0
-0.993000 0.105000 -0.481000 23 0
-0.983000 0.038000 -0.386000 23 0
-0.982000 0.066000 -0.415000 14 0
-0.990000 0.095000 -0.450000 18 0
-0.993000 0.126000 -0.484000 22 0
-0.987000 0.062000 -0.388000 23 0
-0.995000 0.090000 -0.422000 14 0
-0.988000 0.117000 -0.451000 18 0
-1.000000 0.149000 -0.490000 22 0
-0.992000 0.086000 -0.391000 24 0
-0.999000 0.114000 -0.426000 14 0
-0.998000 0.141000 -0.458000 18 0
-1.000000 0.172000 -0.493000 22 0
-0.996000 0.111000 -0.394000 24 0
-1.004000 0.139000 -0.429000 14 0
-0.999000 0.165000 -0.461000 18 0
-1.004000 0.194000 -0.498000 5 0
-1.002000 0.136000 -0.398000 18 64
-1.008000 0.163000 -0.433000 14 0
-1.008000 0.189000 -0.468000 8 0
-1.000000 0.216000 -0.500000 2 0
-1.008000 0.162000 -0.402000 24 0
-1.007000 0.187000 -0.436000 12 0
-0.997000 0.210000 -0.466000 2 0
-1.007000 0.240000 -0.507000 2 0
-0.994000 0.184000 -0.399000 14 0
-1.000000 0.210000 -0.435000 2 0
-1.001000 0.235000 -0.471000 2 0
-1.092000 0.286000 -0.554000 2 0
-0.999000 0.210000 -0.403000 2 0
-1.010000 0.237000 -0.443000 2 0
-1.090000 0.282000 -0.517000 2 2
-1.097000 0.313000 -0.561000 1 0
-1.006000 0.237000 -0.409000 2 0
-1.096000 0.284000 -0.484000 2 0
-1.101000 0.311000 -0.526000 1 0
-1.100000 0.339000 -0.568000 2 0
-1.101000 0.288000 -0.451000 2 0
-1.106000 0.314000 -0.492000 2 0
-1.107000 0.340000 -0.534000 2 0
-1.112000 0.369000 -0.579000 1 0
-0.896000 -0.272000 -0.364000 19 0
-0.918000 -0.241000 -0.392000 17 0
-0.911000 -0.202000 -0.409000 16 0
-0.936000 -0.168000 -0.440000 22 0
-0.904000 -0.252000 -0.365000 21 0
-0.923000 -0.220000 -0.392000 14 0
-0.915000 -0.182000 -0.410000 16 0
-0.941000 -0.148000 -0.443000 22 0
-0.910000 -0.230000 -0.365000 21 0
-0.931000 -0.199000 -0.394000 14 0
-0.919000 -0.161000 -0.411000 16 0
-0.944000 -0.127000 -0.444000 22 0
-0.915000 -0.208000 -0.365000 21 0
-0.931000 -0.176000 -0.393000 14 0
-0.936000 -0.142000 -0.418000 15 0
-0.951000 -0.107000 -0.448000 23 0
-0.920000 -0.186000 -0.365000 21 0
-0.936000 -0.155000 -0.394000 14 0
-0.946000 -0.122000 -0.422000 15 0
-0.952000 -0.086000 -0.449000 23 0
-0.924000 -0.164000 -0.366000 21 0
-0.947000 -0.134000 -0.398000 14 0
-0.947000 -0.100000 -0.422000 14 0
-0.956000 -0.065000 -0.451000 23 0
-0.943000 -0.144000 -0.372000 22 0
-0.950000 -0.112000 -0.398000 14 0
-0.955000 -0.080000 -0.426000 15 0
-0.964000 -0.044000 -0.456000 22 0
-0.943000 -0.121000 -0.371000 22 0
-0.955000 -0.090000 -0.400000 14 0
-0.962000 -0.058000 -0.429000 14 0
-0.966000 -0.024000 -0.458000 23 0
-0.937000 -0.098000 -0.368000 21 0
-0.958000 -0.068000 -0.401000 14 0
-0.963000 -0.037000 -0.430000 14 0
-0.968000 -0.002000 -0.460000 23 0
-0.958000 -0.077000 -0.375000 23 0
-0.964000 -0.046000 -0.404000 14 0
-0.967000 -0.015000 -0.433000 14 0
-0.975000 0.018000 -0.465000 23 0
-0.965000 -0.054000 -0.378000 23 0
-0.969000 -0.024000 -0.406000 14 0
-0.968000 0.006000 -0.434000 14 0
-0.982000 0.039000 -0.470000 23 0
-0.968000 -0.031000 -0.379000 23 0
-0.971000 -0.001000 -0.408000 14 0
-0.980000 0.028000 -0.441000 15 0
-0.985000 0.061000 -0.473000 22 0
-0.975000 -0.008000 -0.382000 23 0
-0.976000 0.020000 -0.410000 14 0
-0.979000 0.050000 -0.442000 15 0
-0.991000 0.083000 -0.478000 23 0
-0.982000 0.014000 -0.385000 23 0
-0.985000 0.043000 -0.415000 15 0
-0.984000 0.072000 -0.445000 18 0
-0.993000 0.105000 -0.481000 23 0
-0.983000 0.038000 -0.386000 23 0
-0.982000 0.066000 -0.415000 14 0
-0.990000 0.095000 -0.450000 18 0
-0.993000 0.126000 -0.484000 22 0
-0.987000 0.062000 -0.388000 23 0
-0.995000 0.090000 -0.422000 14 0
-0.988000 0.117000 -0.451000 18 0
-1.000000 0.149000 -0.490000 22 0
-0.992000 0.086000 -0.391000 24 0
-0.999000 0.114000 -0.426000 14 0
-0.998000 0.141000 -0.458000 18 0
-1.000000 0.172000 -0.493000 22 0
-0.996000 0.111000 -0.394000 24 0
-1.004000 0.139000 -0.429000 14 0
-0.999000 0.165000 -0.461000 18 0
-1.004000 0.194000 -0.498000 5 0
-1.002000 0.136000 -0.398000 18 64
-1.008000 0.163000 -0.433000 14 0
-1.008000 0.189000 -0.468000 8 0
-1.000000 0.216000 -0.500000 2 0
-1.008000 0.162000 -0.402000 24 0
-1.007000 0.187000 -0.436000 12 0
-0.997000 0.210000 -0.466000 2 0
-1.007000 0.240000 -0.507000 2 0
-0.994000 0.184000 -0.399000 14 0
-1.000000 0.210000 -0.435000 2 0
-1.001000 0.235000 -0.471000 2 0
-1.092000 0.286000 -0.554000 2 0
-0.999000 0.210000 -0.403000 2 0
-1.010000 0.237000 -0.443000 2 0
-1.090000 0.282000 -0.517000 2 2
-1.097000 0.313000 -0.561000 1 0
-1.006000 0.237000 -0.409000 2 0
-1.096000 0.284000 -0.484000 2 0
-1.101000 0.311000 -0.526000 1 0
-1.100000 0.339000 -0.568000 2 0
-1.101000 0.288000 -0.451000 2 0
-1.106000 0.314000 -0.492000 2 0
-1.107000 0.340000 -0.534000 2 0
-1.112000 0.369000 -0.579000 1 0
-1.104000 0.317000 -0.456000 2 0
-1.112000 0.344000 -0.499000 2 0
-1.109000 0.367000 -0.539000 2 0
-1.115000 0.397000 -0.586000 1 0
-1.110000 0.348000 -0.463000 2 0
-1.116000 0.374000 -0.506000 2 0
-1.122000 0.400000 -0.551000 1 0
-1.125000 0.428000 -0.598000 1 0
-1.114000 0.379000 -0.469000 2 0
-1.125000 0.407000 -0.515000 2 0
-1.133000 0.433000 -0.562000 1 0
-1.130000 0.458000 -0.606000 1 0
-1.125000 0.413000 -0.478000 2 0
-1.130000 0.439000 -0.523000 1 0
-1.133000 0.462000 -0.568000 1 0
-1.136000 0.488000 -0.616000 1 0
-1.131000 0.447000 -0.486000 1 0
-1.135000 0.471000 -0.531000 1 0
-1.136000 0.493000 -0.576000 2 0
-1.143000 0.521000 -0.627000 1 0
-1.135000 0.481000 -0.493000 2 0
-1.150000 0.509000 -0.544000 2 0
-1.153000 0.531000 -0.591000 1 0
-1.152000 0.555000 -0.639000 9 0
-1.142000 0.517000 -0.502000 2 0
-1.157000 0.545000 -0.554000 1 0
-1.156000 0.564000 -0.600000 1 0
-1.157000 0.588000 -0.650000 1 0
-1.161000 0.560000 -0.518000 2 0
-1.159000 0.579000 -0.562000 2 0
-1.166000 0.602000 -0.613000 1 0
-1.159000 0.621000 -0.660000 7 0
-1.157000 0.593000 -0.523000 2 0
-1.170000 0.619000 -0.576000 1 0
-1.174000 0.640000 -0.626000 1 0
-1.172000 0.661000 -0.676000 1 0
-1.175000 0.638000 -0.539000 1 0
-1.180000 0.660000 -0.589000 2 0
-1.171000 0.672000 -0.633000 8 0
-1.177000 0.697000 -0.688000 7 0
-1.179000 0.678000 -0.550000 7 0
-1.181000 0.697000 -0.599000 7 0
-1.195000 0.722000 -0.656000 1 0
-1.194000 0.742000 -0.709000 1 0
-1.195000 0.727000 -0.566000 1 0
-1.204000 0.749000 -0.620000 1 0
-1.188000 0.755000 -0.663000 7 0
-1.190000 0.775000 -0.717000 7 0
-1.195000 0.766000 -0.576000 9 0
-1.192000 0.781000 -0.625000 7 0
-1.204000 0.803000 -0.682000 1 0
-1.203000 0.820000 -0.736000 6 0
-1.216000 0.822000 -0.597000 1 0
-1.219000 0.839000 -0.650000 1 0
-1.209000 0.846000 -0.696000 6 0
-1.210000 0.863000 -0.752000 7 0
-1.212000 0.863000 -0.606000 8 0
-1.213000 0.878000 -0.659000 8 0
-1.217000 0.893000 -0.714000 7 0
-1.222000 0.912000 -0.773000 7 0
-1.228000 0.920000 -0.627000 8 0
-1.225000 0.930000 -0.678000 7 0
-1.226000 0.942000 -0.732000 6 0
-1.228000 0.958000 -0.791000 7 0
-1.237000 0.974000 -0.645000 7 0
-1.239000 0.988000 -0.700000 8 0
-1.224000 0.984000 -0.745000 9 0
-1.217000 0.992000 -0.798000 9 0
-1.192000 0.986000 -0.635000 9 0
-1.188000 0.993000 -0.685000 8 0
-1.179000 0.993000 -0.732000 7 0
-1.171000 0.997000 -0.782000 8 0
-1.165000 1.013000 -0.635000 6 0
-1.175000 1.030000 -0.693000 6 0
-1.164000 1.025000 -0.738000 6 0
-1.171000 1.040000 -0.797000 5 0
-1.202000 1.097000 -0.671000 55 1
-1.197000 1.099000 -0.722000 53 0
-1.197000 1.103000 -0.775000 48 0
-1.198000 1.111000 -0.833000 51 0
-1.216000 1.165000 -0.696000 50 0
-1.212000 1.166000 -0.749000 54 0
-1.214000 1.169000 -0.804000 42 0
-1.209000 1.170000 -0.858000 51 0
-1.233000 1.240000 -0.725000 51 0
-1.233000 1.242000 -0.780000 48 0
-1.232000 1.241000 -0.835000 52 0
-1.225000 1.237000 -0.889000 50 0
-1.252000 1.322000 -0.757000 45 0
-1.248000 1.317000 -0.811000 50 0
-1.245000 1.311000 -0.865000 46 0
-1.242000 1.309000 -0.922000 46 0
-1.267000 1.404000 -0.788000 49 0
-1.265000 1.399000 -0.844000 50 0
-1.263000 1.390000 -0.899000 45 0
-1.259000 1.384000 -0.956000 45 0
-1.104000 0.317000 -0.456000 2 0
-1.112000 0.344000 -0.499000 2 0
-1.109000 0.367000 -0.539000 2 0
-1.115000 0.397000 -0.586000 1 0
-1.110000 0.348000 -0.463000 2 0
-1.116000 0.374000 -0.506000 2 0
-1.122000 0.400000 -0.551000 1 0
-1.125000 0.428000 -0.598000 1 0
-1.114000 0.379000 -0.469000 2 0
-1.125000 0.407000 -0.515000 2 0
-1.133000 0.433000 -0.562000 1 0
-1.130000 0.458000 -0.606000 1 0
-1.125000 0.413000 -0.478000 2 0
-1.130000 0.439000 -0.523000 1 0
-1.133000 0.462000 -0.568000 1 0
-1.136000 0.488000 -0.616000 1 0
-1.131000 0.447000 -0.486000 1 0
-1.135000 0.471000 -0.531000 1 0
-1.136000 0.493000 -0.576000 2 0
-1.143000 0.521000 -0.627000 1 0
-1.135000 0.481000 -0.493000 2 0
-1.150000 0.509000 -0.544000 2 0
-1.153000 0.531000 -0.591000 1 0
-1.152000 0.555000 -0.639000 9 0
-1.142000 0.517000 -0.502000 2 0
-1.157000 0.545000 -0.554000 1 0
-1.156000 0.564000 -0.600000 1 0
-1.157000 0.588000 -0.650000 1 0
-1.161000 0.560000 -0.518000 2 0
-1.159000 0.579000 -0.562000 2 0
-1.166000 0.602000 -0.613000 1 0
-1.159000 0.621000 -0.660000 7 0
-1.157000 0.593000 -0.523000 2 0
-1.170000 0.619000 -0.576000 1 0
-1.174000 0.640000 -0.626000 1 0
-1.172000 0.661000 -0.676000 1 0
-1.175000 0.638000 -0.539000 1 0
-1.180000 0.660000 -0.589000 2 0
-1.171000 0.672000 -0.633000 8 0
-1.177000 0.697000 -0.688000 7 0
-1.179000 0.678000 -0.550000 7 0
-1.181000 0.697000 -0.599000 7 0
-1.195000 0.722000 -0.656000 1 0
-1.194000 0.742000 -0.709000 1 0
-1.195000 0.727000 -0.566000 1 0
-1.204000 0.749000 -0.620000 1 0
-1.188000 0.755000 -0.663000 7 0
-1.190000 0.775000 -0.717000 7 0
-1.195000 0.766000 -0.576000 9 0
-1.192000 0.781000 -0.625000 7 0
-1.204000 0.803000 -0.682000 1 0
-1.203000 0.820000 -0.736000 6 0
-1.216000 0.822000 -0.597000 1 0
-1.219000 0.839000 -0.650000 1 0
-1.209000 0.846000 -0.696000 6 0
-1.210000 0.863000 -0.752000 7 0
-1.212000 0.863000 -0.606000 8 0
-1.213000 0.878000 -0.659000 8 0
-1.217000 0.893000 -0.714000 7 0
-1.222000 0.912000 -0.773000 7 0
-1.228000 0.920000 -0.627000 8 0
-1.225000 0.930000 -0.678000 7 0
-1.226000 0.942000 -0.732000 6 0
-1.228000 0.958000 -0.791000 7 0
-1.237000 0.974000 -0.645000 7 0
-1.239000 0.988000 -0.700000 8 0
-1.224000 0.984000 -0.745000 9 0
-1.217000 0.992000 -0.798000 9 0
-1.192000 0.986000 -0.635000 9 0
-1.188000 0.993000 -0.685000 8 0
-1.179000 0.993000 -0.732000 7 0
-1.171000 0.997000 -0.782000 8 0
-1.165000 1.013000 -0.635000 6 0
-1.175000 1.030000 -0.693000 6 0
-1.164000 1.025000 -0.738000 6 0
-1.171000 1.040000 -0.797000 5 0
-1.202000 1.097000 -0.671000 55 1
-1.197000 1.099000 -0.722000 53 0
-1.197000 1.103000 -0.775000 48 0
-1.198000 1.111000 -0.833000 51 0
-1.216000 1.165000 -0.696000 50 0
-1.212000 1.166000 -0.749000 54 0
-1.214000 1.169000 -0.804000 42 0
-1.209000 1.170000 -0.858000 51 0
-1.233000 1.240000 -0.725000 51 0
-1.233000 1.242000 -0.780000 48 0
-1.232000 1.241000 -0.835000 52 0
-1.225000 1.237000 -0.889000 50 0
-1.252000 1.322000 -0.757000 45 0
-1.248000 1.317000 -0.811000 50 0
-1.245000 1.311000 -0.865000 46 0
-1.242000 1.309000 -0.922000 46 0
-1.267000 1.404000 -0.788000 49 0
-1.265000 1.399000 -0.844000 50 0
-1.263000 1.390000 -0.899000 45 0
-1.259000 1.384000 -0.956000 45 0
-1.287000 1.497000 -0.825000 51 0
-1.283000 1.488000 -0.881000 40 0
-1.280000 1.474000 -0.936000 45 0
-1.275000 1.463000 -0.993000 45 0
-1.312000 1.603000 -0.868000 45 0
-1.303000 1.583000 -0.922000 40 0
-1.300000 1.567000 -0.977000 46 0
-1.291000 1.547000 -1.031000 45 0
-1.855000 2.382000 -1.268000 13 0
-1.735000 2.211000 -1.266000 13 0
-1.599000 2.016000 -1.237000 91 0
-1.312000 1.642000 -1.076000 45 0
-1.790000 2.418000 -1.268000 13 0
-1.681000 2.247000 -1.266000 12 0
-1.580000 2.086000 -1.259000 17 0
-1.492000 1.951000 -1.258000 17 0
-1.722000 2.448000 -1.265000 15 0
-1.614000 2.266000 -1.258000 16 0
-1.532000 2.119000 -1.259000 16 0
-1.443000 1.973000 -1.253000 17 0
-1.645000 2.461000 -1.254000 18 0
-1.563000 2.306000 -1.262000 15 0
-1.480000 2.147000 -1.258000 17 0
-1.401000 2.004000 -1.253000 17 0
-1.574000 2.483000 -1.250000 22 0
-1.498000 2.324000 -1.255000 12 0
-1.427000 2.172000 -1.255000 16 0
-1.356000 2.031000 -1.252000 16 0
-1.502000 2.502000 -1.244000 24 0
-1.440000 2.352000 -1.254000 15 0
-1.375000 2.197000 -1.253000 16 0
-1.312000 2.059000 -1.252000 16 0
-1.431000 2.520000 -1.239000 26 0
-1.380000 2.376000 -1.253000 15 0
-1.324000 2.224000 -1.252000 16 0
-1.265000 2.081000 -1.249000 16 0
-1.364000 2.541000 -1.237000 29 0
-1.317000 2.394000 -1.248000 16 0
-1.267000 2.241000 -1.247000 16 0
-1.215000 2.099000 -1.244000 17 0
-1.291000 2.551000 -1.230000 31 0
-1.253000 2.408000 -1.242000 17 0
-1.218000 2.272000 -1.250000 16 0
-1.170000 2.124000 -1.244000 17 0
-1.223000 2.570000 -1.228000 29 0
-1.196000 2.434000 -1.244000 17 0
-1.162000 2.288000 -1.245000 16 0
-1.121000 2.144000 -1.241000 17 0
-1.159000 2.592000 -1.229000 27 0
-1.135000 2.453000 -1.242000 14 0
-1.106000 2.302000 -1.240000 15 0
-1.074000 2.164000 -1.239000 17 0
-1.088000 2.601000 -1.224000 24 0
-1.069000 2.457000 -1.234000 14 0
-1.050000 2.317000 -1.237000 15 0
-1.025000 2.181000 -1.236000 17 0
-1.024000 2.623000 -1.227000 23 0
-1.009000 2.475000 -1.233000 14 0
-0.991000 2.323000 -1.229000 15 0
-0.976000 2.200000 -1.234000 17 0
-0.953000 2.626000 -1.221000 20 0
-0.949000 2.490000 -1.232000 14 0
-0.940000 2.347000 -1.231000 16 0
-0.927000 2.215000 -1.231000 17 0
-0.889000 2.648000 -1.225000 14 0
-0.887000 2.500000 -1.229000 15 0
-0.884000 2.357000 -1.227000 15 0
-0.879000 2.234000 -1.230000 16 0
-0.820000 2.649000 -1.220000 14 0
-0.826000 2.511000 -1.227000 15 0
-0.830000 2.373000 -1.226000 15 0
-0.829000 2.248000 -1.228000 16 0
-0.754000 2.661000 -1.221000 15 0
-0.765000 2.521000 -1.226000 17 0
-0.775000 2.386000 -1.225000 16 0
-0.781000 2.265000 -1.227000 17 0
-0.687000 2.665000 -1.219000 19 0
-0.705000 2.530000 -1.224000 18 0
-0.720000 2.398000 -1.224000 16 0
-0.732000 2.281000 -1.227000 17 0
-0.619000 2.667000 -1.217000 21 0
-0.644000 2.536000 -1.222000 19 0
-0.665000 2.405000 -1.220000 16 0
-0.680000 2.289000 -1.222000 16 0
-0.551000 2.661000 -1.212000 20 0
-0.583000 2.540000 -1.220000 18 0
-0.609000 2.413000 -1.218000 18 0
-0.634000 2.312000 -1.227000 18 0
-0.488000 2.674000 -1.217000 21 0
-0.521000 2.540000 -1.216000 19 0
-0.556000 2.428000 -1.220000 17 0
-0.582000 2.322000 -1.224000 19 0
-0.420000 2.663000 -1.211000 20 0
-0.461000 2.544000 -1.215000 21 0
-0.499000 2.430000 -1.215000 19 0
-0.531000 2.329000 -1.220000 19 0
-1.287000 1.497000 -0.825000 51 0
-1.283000 1.488000 -0.881000 40 0
-1.280000 1.474000 -0.936000 45 0
-1.275000 1.463000 -0.993000 45 0
-1.312000 1.603000 -0.868000 45 0
-1.303000 1.583000 -0.922000 40 0
-1.300000 1.567000 -0.977000 46 0
-1.291000 1.547000 -1.031000 45 0
-1.855000 2.382000 -1.268000 13 0
-1.735000 2.211000 -1.266000 13 0
-1.599000 2.016000 -1.237000 91 0
-1.312000 1.642000 -1.076000 45 0
-1.790000 2.418000 -1.268000 13 0
-1.681000 2.247000 -1.266000 12 0
-1.580000 2.086000 -1.259000 17 0
-1.492000 1.951000 -1.258000 17 0
-1.722000 2.448000 -1.265000 15 0
-1.614000 2.266000 -1.258000 16 0
-1.532000 2.119000 -1.259000 16 0
-1.443000 1.973000 -1.253000 17 0
-1.645000 2.461000 -1.254000 18 0
-1.563000 2.306000 -1.262000 15 0
-1.480000 2.147000 -1.258000 17 0
-1.401000 2.004000 -1.253000 17 0
-1.574000 2.483000 -1.250000 22 0
-1.498000 2.324000 -1.255000 12 0
-1.427000 2.172000 -1.255000 16 0
-1.356000 2.031000 -1.252000 16 0
-1.502000 2.502000 -1.244000 24 0
-1.440000 2.352000 -1.254000 15 0
-1.375000 2.197000 -1.253000 16 0
-1.312000 2.059000 -1.252000 16 0
-1.431000 2.520000 -1.239000 26 0
-1.380000 2.376000 -1.253000 15 0
-1.324000 2.224000 -1.252000 16 0
-1.265000 2.081000 -1.249000 16 0
-1.364000 2.541000 -1.237000 29 0
-1.317000 2.394000 -1.248000 16 0
-1.267000 2.241000 -1.247000 16 0
-1.215000 2.099000 -1.244000 17 0
-1.291000 2.551000 -1.230000 31 0
-1.253000 2.408000 -1.242000 17 0
-1.218000 2.272000 -1.250000 16 0
-1.170000 2.124000 -1.244000 17 0
-1.223000 2.570000 -1.228000 29 0
-1.196000 2.434000 -1.244000 17 0
-1.162000 2.288000 -1.245000 16 0
-1.121000 2.144000 -1.241000 17 0
-1.159000 2.592000 -1.229000 27 0
-1.135000 2.453000 -1.242000 14 0
-1.106000 2.302000 -1.240000 15 0
-1.074000 2.164000 -1.239000 17 0
-1.088000 2.601000 -1.224000 24 0
-1.069000 2.457000 -1.234000 14 0
-1.050000 2.317000 -1.237000 15 0
-1.025000 2.181000 -1.236000 17 0
-1.024000 2.623000 -1.227000 23 0
-1.009000 2.475000 -1.233000 14 0
-0.991000 2.323000 -1.229000 15 0
-0.976000 2.200000 -1.234000 17 0
-0.953000 2.626000 -1.221000 20 0
-0.949000 2.490000 -1.232000 14 0
-0.940000 2.347000 -1.231000 16 0
-0.927000 2.215000 -1.231000 17 0
-0.889000 2.648000 -1.225000 14 0
-0.887000 2.500000 -1.229000 15 0
-0.884000 2.357000 -1.227000 15 0
-0.879000 2.234000 -1.230000 16 0
-0.820000 2.649000 -1.220000 14 0
-0.826000 2.511000 -1.227000 15 0
-0.830000 2.373000 -1.226000 15 0
-0.829000 2.248000 -1.228000 16 0
-0.754000 2.661000 -1.221000 15 0
-0.765000 2.521000 -1.226000 17 0
-0.775000 2.386000 -1.225000 16 0
-0.781000 2.265000 -1.227000 17 0
-0.687000 2.665000 -1.219000 19 0
-0.705000 2.530000 -1.224000 18 0
-0.720000 2.398000 -1.224000 16 0
-0.732000 2.281000 -1.227000 17 0
-0.619000 2.667000 -1.217000 21 0
-0.644000 2.536000 -1.222000 19 0
-0.665000 2.405000 -1.220000 16 0
-0.680000 2.289000 -1.222000 16 0
-0.551000 2.661000 -1.212000 20 0
-0.583000 2.540000 -1.220000 18 0
-0.609000 2.413000 -1.218000 18 0
-0.634000 2.312000 -1.227000 18 0
-0.488000 2.674000 -1.217000 21 0
-0.521000 2.540000 -1.216000 19 0
-0.556000 2.428000 -1.220000 17 0
-0.582000 2.322000 -1.224000 19 0
-0.420000 2.663000 -1.211000 20 0
-0.461000 2.544000 -1.215000 21 0
-0.499000 2.430000 -1.215000 19 0
-0.531000 2.329000 -1.220000 19 0
-0.355000 2.663000 -1.210000 20 0
-0.401000 2.546000 -1.214000 19 0
-0.445000 2.438000 -1.215000 20 0
-0.481000 2.337000 -1.218000 20 0
-0.291000 2.662000 -1.211000 21 0
-0.340000 2.533000 -1.206000 22 0
-0.389000 2.439000 -1.212000 21 0
-0.429000 2.346000 -1.217000 20 0
-0.225000 2.649000 -1.206000 15 0
-0.281000 2.539000 -1.208000 22 0
-0.334000 2.443000 -1.211000 21 0
-0.378000 2.352000 -1.215000 20 0
0.000000 -0.000000 -0.000000 0 0
-0.222000 2.535000 -1.206000 18 0
-0.278000 2.440000 -1.207000 22 0
-0.327000 2.360000 -1.214000 20 0
0.000000 -0.000000 -0.000000 0 128
0.000000 -0.000000 -0.000000 0 0
-0.223000 2.444000 -1.206000 18 0
-0.276000 2.365000 -1.213000 20 0
0.000000 -0.000000 -0.000000 0 128
0.000000 -0.000000 -0.000000 0 0
-0.169000 2.455000 -1.210000 4 0
-0.225000 2.376000 -1.214000 19 0
0.000000 -0.000000 -0.000000 0 192
0.000000 -0.000000 -0.000000 0 128
0.000000 -0.000000 -0.000000 0 0
-0.173000 2.376000 -1.211000 7 0
0.000000 -0.000000 -0.000000 0 128
0.000000 -0.000000 -0.000000 0 128
0.000000 -0.000000 -0.000000 0 128
0.000000 -0.000000 -0.000000 0 0
0.000000 -0.000000 -0.000000 0 192
0.000000 -0.000000 -0.000000 0 128
0.000000 -0.000000 -0.000000 0 128
0.000000 -0.000000 -0.000000 0 192
0.000000 -0.000000 -0.000000 0 128
0.000000 -0.000000 -0.000000 0 128
0.000000 -0.000000 -0.000000 0 128
0.000000 -0.000000 -0.000000 0 128
0.000000 -0.000000 -0.000000 0 128
0.000000 -0.000000 -0.000000 0 128
0.000000 -0.000000 -0.000000 0 128
0.000000 -0.000000 -0.000000 0 192
0.200000 1.560000 -0.737000 31 0
0.164000 1.705000 -0.825000 3 0
0.000000 -0.000000 -0.000000 0 192
0.000000 -0.000000 -0.000000 0 128
0.236000 1.545000 -0.735000 53 0
0.191000 1.601000 -0.778000 15 0
0.151000 1.733000 -0.859000 1 0
0.000000 -0.000000 -0.000000 0 192
0.276000 1.561000 -0.748000 46 0
0.220000 1.543000 -0.754000 51 0
0.181000 1.645000 -0.817000 11 0
0.000000 -0.000000 -0.000000 0 128
0.316000 1.572000 -0.760000 47 0
0.259000 1.558000 -0.765000 49 0
0.205000 1.545000 -0.770000 40 0
0.172000 1.692000 -0.857000 0 64
0.357000 1.584000 -0.772000 43 0
0.297000 1.566000 -0.774000 46 0
0.240000 1.545000 -0.773000 55 0
0.195000 1.574000 -0.799000 24 0
0.398000 1.591000 -0.783000 40 0
0.337000 1.578000 -0.785000 44 0
0.278000 1.559000 -0.783000 54 0
0.226000 1.549000 -0.788000 46 0
0.442000 1.604000 -0.797000 41 0
0.377000 1.587000 -0.796000 42 0
0.316000 1.568000 -0.791000 47 0
0.262000 1.556000 -0.793000 49 0
0.486000 1.618000 -0.812000 36 0
0.418000 1.597000 -0.806000 44 0
0.356000 1.580000 -0.802000 43 0
0.299000 1.565000 -0.799000 45 0
0.531000 1.626000 -0.825000 42 0
0.461000 1.611000 -0.820000 35 0
0.397000 1.594000 -0.813000 42 0
0.339000 1.580000 -0.810000 47 0
0.591000 1.678000 -0.862000 47 0
0.508000 1.632000 -0.839000 50 0
0.439000 1.610000 -0.826000 41 0
0.377000 1.589000 -0.818000 41 0
0.638000 1.686000 -0.876000 44 0
0.564000 1.676000 -0.869000 45 0
0.485000 1.633000 -0.844000 54 0
0.418000 1.603000 -0.828000 38 0
0.669000 1.650000 -0.869000 41 0
0.608000 1.680000 -0.880000 45 0
0.536000 1.667000 -0.868000 44 0
0.466000 1.635000 -0.849000 58 0
0.672000 1.552000 -0.828000 8 0
0.655000 1.688000 -0.893000 47 0
0.582000 1.680000 -0.881000 43 0
0.512000 1.660000 -0.866000 47 0
-0.355000 2.663000 -1.210000 20 0
-0.401000 2.546000 -1.214000 19 0
-0.445000 2.438000 -1.215000 20 0
-0.481000 2.337000 -1.218000 20 0
-0.291000 2.662000 -1.211000 21 0
-0.340000 2.533000 -1.206000 22 0
-0.389000 2.439000 -1.212000 21 0
-0.429000 2.346000 -1.217000 20 0
-0.225000 2.649000 -1.206000 15 0
-0.281000 2.539000 -1.208000 22 0
-0.334000 2.443000 -1.211000 21 0
-0.378000 2.352000 -1.215000 20 0
0.000000 -0.000000 -0.000000 0 0
-0.222000 2.535000 -1.206000 18 0
-0.278000 2.440000 -1.207000 22 0
-0.327000 2.360000 -1.214000 20 0
0.000000 -0.000000 -0.000000 0 128
0.000000 -0.000000 -0.000000 0 0
-0.223000 2.444000 -1.206000 18 0
-0.276000 2.365000 -1.213000 20 0
0.000000 -0.000000 -0.000000 0 128
0.000000 -0.000000 -0.000000 0 0
-0.169000 2.455000 -1.210000 4 0
-0.225000 2.376000 -1.214000 19 0
0.000000 -0.000000 -0.000000 0 192
0.000000 -0.000000 -0.000000 0 128
0.000000 -0.000000 -0.000000 0 0
-0.173000 2.376000 -1.211000 7 0
0.000000 -0.000000 -0.000000 0 128
0.000000 -0.000000 -0.000000 0 128
0.000000 -0.000000 -0.000000 0 128
0.000000 -0.000000 -0.000000 0 0
0.000000 -0.000000 -0.000000 0 192
0.000000 -0.000000 -0.000000 0 128
0.000000 -0.000000 -0.000000 0 128
0.000000 -0.000000 -0.000000 0 192
0.000000 -0.000000 -0.000000 0 128
0.000000 -0.000000 -0.000000 0 128
0.000000 -0.000000 -0.000000 0 128
0.000000 -0.000000 -0.000000 0 128
0.000000 -0.000000 -0.000000 0 128
0.000000 -0.000000 -0.000000 0 128
0.000000 -0.000000 -0.000000 0 128
0.000000 -0.000000 -0.000000 0 192
0.200000 1.560000 -0.737000 31 0
0.164000 1.705000 -0.825000 3 0
0.000000 -0.000000 -0.000000 0 192
0.000000 -0.000000 -0.000000 0 128
0.236000 1.545000 -0.735000 53 0
0.191000 1.601000 -0.778000 15 0
0.151000 1.733000 -0.859000 1 0
0.000000 -0.000000 -0.000000 0 192
0.276000 1.561000 -0.748000 46 0
0.220000 1.543000 -0.754000 51 0
0.181000 1.645000 -0.817000 11 0
0.000000 -0.000000 -0.000000 0 128
0.316000 1.572000 -0.760000 47 0
0.259000 1.558000 -0.765000 49 0
0.205000 1.545000 -0.770000 40 0
0.172000 1.692000 -0.857000 0 64
0.357000 1.584000 -0.772000 43 0
0.297000 1.566000 -0.774000 46 0
0.240000 1.545000 -0.773000 55 0
0.195000 1.574000 -0.799000 24 0
0.398000 1.591000 -0.783000 40 0
0.337000 1.578000 -0.785000 44 0
0.278000 1.559000 -0.783000 54 0
0.226000 1.549000 -0.788000 46 0
0.442000 1.604000 -0.797000 41 0
0.377000 1.587000 -0.796000 42 0
0.316000 1.568000 -0.791000 47 0
0.262000 1.556000 -0.793000 49 0
0.486000 1.618000 -0.812000 36 0
0.418000 1.597000 -0.806000 44 0
0.356000 1.580000 -0.802000 43 0
0.299000 1.565000 -0.799000 45 0
0.531000 1.626000 -0.825000 42 0
0.461000 1.611000 -0.820000 35 0
0.397000 1.594000 -0.813000 42 0
0.339000 1.580000 -0.810000 47 0
0.591000 1.678000 -0.862000 47 0
0.508000 1.632000 -0.839000 50 0
0.439000 1.610000 -0.826000 41 0
0.377000 1.589000 -0.818000 41 0
0.638000 1.686000 -0.876000 44 0
0.564000 1.676000 -0.869000 45 0
0.485000 1.633000 -0.844000 54 0
0.418000 1.603000 -0.828000 38 0
0.669000 1.650000 -0.869000 41 0
0.608000 1.680000 -0.880000 45 0
0.536000 1.667000 -0.868000 44 0
0.466000 1.635000 -0.849000 58 0
0.672000 1.552000 -0.828000 8 0
0.655000 1.688000 -0.893000 47 0
0.582000 1.680000 -0.881000 43 0
0.512000 1.660000 -0.866000 47 0
0.724000 1.571000 -0.850000 16 0
0.632000 1.526000 -0.816000 6 0
0.627000 1.685000 -0.891000 43 0
0.557000 1.673000 -0.878000 44 0
0.766000 1.567000 -0.860000 20 0
0.692000 1.568000 -0.849000 10 0
0.652000 1.640000 -0.875000 54 0
0.602000 1.680000 -0.888000 49 0
0.753000 1.454000 -0.810000 11 0
0.739000 1.576000 -0.864000 17 0
0.645000 1.521000 -0.820000 7 0
0.647000 1.688000 -0.898000 48 0
0.785000 1.433000 -0.811000 8 0
0.761000 1.531000 -0.850000 22 0
0.710000 1.575000 -0.858000 14 0
0.630000 1.540000 -0.826000 9 0
1.162000 2.011000 -1.158000 29 0
0.748000 1.424000 -0.801000 10 0
0.750000 1.568000 -0.863000 19 0
0.684000 1.570000 -0.849000 9 0
1.211000 1.987000 -1.164000 16 0
0.796000 1.434000 -0.819000 3 0
0.749000 1.480000 -0.824000 19 0
0.728000 1.576000 -0.859000 15 0
1.251000 1.952000 -1.164000 16 0
1.177000 2.011000 -1.165000 20 0
0.763000 1.427000 -0.804000 11 0
0.766000 1.565000 -0.861000 20 0
1.284000 1.905000 -1.157000 15 0
1.221000 1.982000 -1.167000 15 0
0.803000 1.424000 -0.812000 0 0
0.751000 1.451000 -0.806000 10 1
1.330000 1.879000 -1.164000 10 0
1.263000 1.951000 -1.166000 16 0
1.198000 2.016000 -1.166000 18 0
0.780000 1.427000 -0.802000 57 0
1.366000 1.839000 -1.163000 3 0
1.306000 1.919000 -1.167000 15 0
1.240000 1.984000 -1.163000 14 0
1.164000 2.021000 -1.148000 40 0
0.000000 -0.000000 -0.000000 0 0
1.343000 1.881000 -1.165000 8 0
1.285000 1.956000 -1.164000 14 0
1.226000 2.022000 -1.162000 20 0
0.000000 -0.000000 -0.000000 0 192
1.380000 1.843000 -1.162000 2 0
1.327000 1.924000 -1.162000 14 0
1.271000 1.994000 -1.161000 16 0
0.000000 -0.000000 -0.000000 0 128
0.000000 -0.000000 -0.000000 0 0
1.356000 1.874000 -1.151000 6 0
1.318000 1.968000 -1.161000 16 0
0.000000 -0.000000 -0.000000 0 128
0.000000 -0.000000 -0.000000 0 128
0.000000 -0.000000 -0.000000 0 0
1.364000 1.940000 -1.161000 11 0
0.000000 -0.000000 -0.000000 0 128
0.000000 -0.000000 -0.000000 0 128
0.000000 -0.000000 -0.000000 0 192
1.409000 1.911000 -1.161000 3 0
0.000000 -0.000000 -0.000000 0 128
0.000000 -0.000000 -0.000000 0 128
0.000000 -0.000000 -0.000000 0 128
0.000000 -0.000000 -0.000000 0 0
0.000000 -0.000000 -0.000000 0 128
0.000000 -0.000000 -0.000000 0 128
0.000000 -0.000000 -0.000000 0 128
0.000000 -0.000000 -0.000000 0 128
0.000000 -0.000000 -0.000000 0 128
0.000000 -0.000000 -0.000000 0 128
0.000000 -0.000000 -0.000000 0 128
0.000000 -0.000000 -0.000000 0 128
0.000000 -0.000000 -0.000000 0 128
0.000000 -0.000000 -0.000000 0 128
0.000000 -0.000000 -0.000000 0 128
0.000000 -0.000000 -0.000000 0 128
0.000000 -0.000000 -0.000000 0 128
0.000000 -0.000000 -0.000000 0 128
0.000000 -0.000000 -0.000000 0 128
0.000000 -0.000000 -0.000000 0 128
0.000000 -0.000000 -0.000000 0 128
0.000000 -0.000000 -0.000000 0 128
0.000000 -0.000000 -0.000000 0 128
0.000000 -0.000000 -0.000000 0 128
0.000000 -0.000000 -0.000000 0 128
0.000000 -0.000000 -0.000000 0 128
0.000000 -0.000000 -0.000000 0 128
0.000000 -0.000000 -0.000000 0 128
0.000000 -0.000000 -0.000000 0 128
0.000000 -0.000000 -0.000000 0 128
0.000000 -0.000000 -0.000000 0 128
0.000000 -0.000000 -0.000000 0 128
0.000000 -0.000000 -0.000000 0 192
0.000000 -0.000000 -0.000000 0 128
0.000000 -0.000000 -0.000000 0 128
0.000000 -0.000000 -0.000000 0 128
0.724000 1.571000 -0.850000 16 0
0.632000 1.526000 -0.816000 6 0
0.627000 1.685000 -0.891000 43 0
0.557000 1.673000 -0.878000 44 0
0.766000 1.567000 -0.860000 20 0
0.692000 1.568000 -0.849000 10 0
0.652000 1.640000 -0.875000 54 0
0.602000 1.680000 -0.888000 49 0
0.753000 1.454000 -0.810000 11 0
0.739000 1.576000 -0.864000 17 0
0.645000 1.521000 -0.820000 7 0
0.647000 1.688000 -0.898000 48 0
0.785000 1.433000 -0.811000 8 0
0.761000 1.531000 -0.850000 22 0
0.710000 1.575000 -0.858000 14 0
0.630000 1.540000 -0.826000 9 0
1.162000 2.011000 -1.158000 29 0
0.748000 1.424000 -0.801000 10 0
0.750000 1.568000 -0.863000 19 0
0.684000 1.570000 -0.849000 9 0
1.211000 1.987000 -1.164000 16 0
0.796000 1.434000 -0.819000 3 0
0.749000 1.480000 -0.824000 19 0
0.728000 1.576000 -0.859000 15 0
1.251000 1.952000 -1.164000 16 0
1.177000 2.011000 -1.165000 20 0
0.763000 1.427000 -0.804000 11 0
0.766000 1.565000 -0.861000 20 0
1.284000 1.905000 -1.157000 15 0
1.221000 1.982000 -1.167000 15 0
0.803000 1.424000 -0.812000 0 0
0.751000 1.451000 -0.806000 10 1
1.330000 1.879000 -1.164000 10 0
1.263000 1.951000 -1.166000 16 0
1.198000 2.016000 -1.166000 18 0
0.780000 1.427000 -0.802000 57 0
1.366000 1.839000 -1.163000 3 0
1.306000 1.919000 -1.167000 15 0
1.240000 1.984000 -1.163000 14 0
1.164000 2.021000 -1.148000 40 0
0.000000 -0.000000 -0.000000 0 0
1.343000 1.881000 -1.165000 8 0
1.285000 1.956000 -1.164000 14 0
1.226000 2.022000 -1.162000 20 0
0.000000 -0.000000 -0.000000 0 192
1.380000 1.843000 -1.162000 2 0
1.327000 1.924000 -1.162000 14 0
1.271000 1.994000 -1.161000 16 0
0.000000 -0.000000 -0.000000 0 128
0.000000 -0.000000 -0.000000 0 0
1.356000 1.874000 -1.151000 6 0
1.318000 1.968000 -1.161000 16 0
0.000000 -0.000000 -0.000000 0 128
0.000000 -0.000000 -0.000000 0 128
0.000000 -0.000000 -0.000000 0 0
1.364000 1.940000 -1.161000 11 0
0.000000 -0.000000 -0.000000 0 128
0.000000 -0.000000 -0.000000 0 128
0.000000 -0.000000 -0.000000 0 192
1.409000 1.911000 -1.161000 3 0
0.000000 -0.000000 -0.000000 0 128
0.000000 -0.000000 -0.000000 0 128
0.000000 -0.000000 -0.000000 0 128
0.000000 -0.000000 -0.000000 0 0
0.000000 -0.000000 -0.000000 0 128
0.000000 -0.000000 -0.000000 0 128
0.000000 -0.000000 -0.000000 0 128
0.000000 -0.000000 -0.000000 0 128
0.000000 -0.000000 -0.000000 0 128
0.000000 -0.000000 -0.000000 0 128
0.000000 -0.000000 -0.000000 0 128
0.000000 -0.000000 -0.000000 0 128
0.000000 -0.000000 -0.000000 0 128
0.000000 -0.000000 -0.000000 0 128
0.000000 -0.000000 -0.000000 0 128
0.000000 -0.000000 -0.000000 0 128
0.000000 -0.000000 -0.000000 0 128
0.000000 -0.000000 -0.000000 0 128
0.000000 -0.000000 -0.000000 0 128
0.000000 -0.000000 -0.000000 0 128
0.000000 -0.000000 -0.000000 0 128
0.000000 -0.000000 -0.000000 0 128
0.000000 -0.000000 -0.000000 0 128
0.000000 -0.000000 -0.000000 0 128
0.000000 -0.000000 -0.000000 0 128
0.000000 -0.000000 -0.000000 0 128
0.000000 -0.000000 -0.000000 0 128
0.000000 -0.000000 -0.000000 0 128
0.000000 -0.000000 -0.000000 0 128
0.000000 -0.000000 -0.000000 0 128
0.000000 -0.000000 -0.000000 0 128
0.000000 -0.000000 -0.000000 0 128
0.000000 -0.000000 -0.000000 0 192
0.000000 -0.000000 -0.000000 0 128
0.000000 -0.000000 -0.000000 0 128
0.000000 -0.000000 -0.000000 0 128
0.000000 -0.000000 -0.000000 0 128
0.000000 -0.000000 -0.000000 0 128
0.000000 -0.000000 -0.000000 0 128
0.000000 -0.000000 -0.000000 0 128
0.000000 -0.000000 -0.000000 0 128
0.000000 -0.000000 -0.000000 0 128
0.000000 -0.000000 -0.000000 0 128
0.000000 -0.000000 -0.000000 0 128
0.000000 -0.000000 -0.000000 0 128
0.000000 -0.000000 -0.000000 0 128
0.000000 -0.000000 -0.000000 0 192
0.000000 -0.000000 -0.000000 0 128
0.000000 -0.000000 -0.000000 0 128
0.000000 -0.000000 -0.000000 0 0
0.000000 -0.000000 -0.000000 0 128
0.000000 -0.000000 -0.000000 0 128
0.000000 -0.000000 -0.000000 0 128
0.000000 -0.000000 -0.000000 0 0
0.000000 -0.000000 -0.000000 0 0
0.000000 -0.000000 -0.000000 0 128
0.000000 -0.000000 -0.000000 0 128
0.000000 -0.000000 -0.000000 0 0
0.000000 -0.000000 -0.000000 0 0
0.000000 -0.000000 -0.000000 0 128
0.000000 -0.000000 -0.000000 0 128
0.000000 -0.000000 -0.000000 0 0
0.000000 -0.000000 -0.000000 0 0
0.000000 -0.000000 -0.000000 0 0
0.000000 -0.000000 -0.000000 0 0
0.000000 -0.000000 -0.000000 0 128
0.000000 -0.000000 -0.000000 0 0
0.000000 -0.000000 -0.000000 0 0
0.000000 -0.000000 -0.000000 0 0
0.000000 -0.000000 -0.000000 0 128
0.000000 -0.000000 -0.000000 0 0
0.000000 -0.000000 -0.000000 0 0
0.000000 -0.000000 -0.000000 0 0
0.000000 -0.000000 -0.000000 0 0
0.000000 -0.000000 -0.000000 0 0
0.000000 -0.000000 -0.000000 0 0
0.000000 -0.000000 -0.000000 0 0
0.000000 -0.000000 -0.000000 0 0
0.000000 -0.000000 -0.000000 0 0
0.000000 -0.000000 -0.000000 0 0
0.000000 -0.000000 -0.000000 0 0
0.000000 -0.000000 -0.000000 0 0
0.000000 -0.000000 -0.000000 0 0
0.000000 -0.000000 -0.000000 0 0
0.000000 -0.000000 -0.000000 0 0
0.000000 -0.000000 -0.000000 0 0
0.000000 -0.000000 -0.000000 0 0
0.000000 -0.000000 -0.000000 0 0
0.000000 -0.000000 -0.000000 0 0
0.000000 -0.000000 -0.000000 0 0
0.000000 -0.000000 -0.000000 0 0
0.000000 -0.000000 -0.000000 0 0
0.000000 -0.000000 -0.000000 0 0
0.000000 -0.000000 -0.000000 0 0
0.000000 -0.000000 -0.000000 0 0
0.000000 -0.000000 -0.000000 0 0
0.000000 -0.000000 -0.000000 0 0
0.000000 -0.000000 -0.000000 0 0
0.000000 -0.000000 -0.000000 0 0
0.000000 -0.000000 -0.000000 0 0
0.000000 -0.000000 -0.000000 0 0
0.000000 -0.000000 -0.000000 0 0
0.000000 -0.000000 -0.000000 0 0
0.000000 -0.000000 -0.000000 0 0
0.000000 -0.000000 -0.000000 0 0
0.000000 -0.000000 -0.000000 0 0
0.000000 -0.000000 -0.000000 0 0
0.000000 -0.000000 -0.000000 0 0
0.000000 -0.000000 -0.000000 0 0
0.000000 -0.000000 -0.000000 0 0
0.000000 -0.000000 -0.000000 0 0
0.000000 -0.000000 -0.000000 0 0
0.000000 -0.000000 -0.000000 0 128
0.000000 -0.000000 -0.000000 0 0
0.000000 -0.000000 -0.000000 0 0
0.000000 -0.000000 -0.000000 0 0
0.000000 -0.000000 -0.000000 0 128
0.000000 -0.000000 -0.000000 0 0
0.000000 -0.000000 -0.000000 0 0
0.000000 -0.000000 -0.000000 0 0
0.000000 -0.000000 -0.000000 0 0
0.000000 -0.000000 -0.000000 0 0
0.000000 -0.000000 -0.000000 0 0
0.000000 -0.000000 -0.000000 0 0
0.000000 -0.000000 -0.000000 0 0
0.000000 -0.000000 -0.000000 0 0
0.000000 -0.000000 -0.000000 0 0
0.000000 -0.000000 -0.000000 0 0
0.000000 -0.000000 -0.000000 0 0
0.000000 -0.000000 -0.000000 0 0
0.000000 -0.000000 -0.000000 0 0
0.000000 -0.000000 -0.000000 0 0
0.000000 -0.000000 -0.000000 0 128
0.000000 -0.000000 -0.000000 0 128
0.000000 -0.000000 -0.000000 0 128
0.000000 -0.000000 -0.000000 0 128
0.000000 -0.000000 -0.000000 0 128
0.000000 -0.000000 -0.000000 0 128
0.000000 -0.000000 -0.000000 0 128
0.000000 -0.000000 -0.000000 0 128
0.000000 -0.000000 -0.000000 0 128
0.000000 -0.000000 -0.000000 0 128
0.000000 -0.000000 -0.000000 0 192
0.000000 -0.000000 -0.000000 0 128
0.000000 -0.000000 -0.000000 0 128
0.000000 -0.000000 -0.000000 0 0
0.000000 -0.000000 -0.000000 0 128
0.000000 -0.000000 -0.000000 0 128
0.000000 -0.000000 -0.000000 0 128
0.000000 -0.000000 -0.000000 0 0
0.000000 -0.000000 -0.000000 0 0
0.000000 -0.000000 -0.000000 0 128
0.000000 -0.000000 -0.000000 0 128
0.000000 -0.000000 -0.000000 0 0
0.000000 -0.000000 -0.000000 0 0
0.000000 -0.000000 -0.000000 0 128
0.000000 -0.000000 -0.000000 0 128
0.000000 -0.000000 -0.000000 0 0
0.000000 -0.000000 -0.000000 0 0
0.000000 -0.000000 -0.000000 0 0
0.000000 -0.000000 -0.000000 0 0
0.000000 -0.000000 -0.000000 0 128
0.000000 -0.000000 -0.000000 0 0
0.000000 -0.000000 -0.000000 0 0
0.000000 -0.000000 -0.000000 0 0
0.000000 -0.000000 -0.000000 0 128
0.000000 -0.000000 -0.000000 0 0
0.000000 -0.000000 -0.000000 0 0
0.000000 -0.000000 -0.000000 0 0
0.000000 -0.000000 -0.000000 0 0
0.000000 -0.000000 -0.000000 0 0
0.000000 -0.000000 -0.000000 0 0
0.000000 -0.000000 -0.000000 0 0
0.000000 -0.000000 -0.000000 0 0
0.000000 -0.000000 -0.000000 0 0
0.000000 -0.000000 -0.000000 0 0
0.000000 -0.000000 -0.000000 0 0
0.000000 -0.000000 -0.000000 0 0
0.000000 -0.000000 -0.000000 0 0
0.000000 -0.000000 -0.000000 0 0
0.000000 -0.000000 -0.000000 0 0
0.000000 -0.000000 -0.000000 0 0
0.000000 -0.000000 -0.000000 0 0
0.000000 -0.000000 -0.000000 0 0
0.000000 -0.000000 -0.000000 0 0
0.000000 -0.000000 -0.000000 0 0
0.000000 -0.000000 -0.000000 0 0
0.000000 -0.000000 -0.000000 0 0
0.000000 -0.000000 -0.000000 0 0
0.000000 -0.000000 -0.000000 0 0
0.000000 -0.000000 -0.000000 0 0
0.000000 -0.000000 -0.000000 0 0
0.000000 -0.000000 -0.000000 0 0
0.000000 -0.000000 -0.000000 0 0
0.000000 -0.000000 -0.000000 0 0
0.000000 -0.000000 -0.000000 0 0
0.000000 -0.000000 -0.000000 0 0
0.000000 -0.000000 -0.000000 0 0
0.000000 -0.000000 -0.000000 0 0
0.000000 -0.000000 -0.000000 0 0
0.000000 -0.000000 -0.000000 0 0
0.000000 -0.000000 -0.000000 0 0
0.000000 -0.000000 -0.000000 0 0
0.000000 -0.000000 -0.000000 0 0
0.000000 -0.000000 -0.000000 0 0
0.000000 -0.000000 -0.000000 0 0
0.000000 -0.000000 -0.000000 0 0
0.000000 -0.000000 -0.000000 0 0
0.000000 -0.000000 -0.000000 0 128
0.000000 -0.000000 -0.000000 0 0
0.000000 -0.000000 -0.000000 0 0
0.000000 -0.000000 -0.000000 0 0
0.000000 -0.000000 -0.000000 0 128
0.000000 -0.000000 -0.000000 0 0
0.000000 -0.000000 -0.000000 0 0
0.000000 -0.000000 -0.000000 0 0
0.000000 -0.000000 -0.000000 0 0
0.000000 -0.000000 -0.000000 0 0
0.000000 -0.000000 -0.000000 0 0
0.000000 -0.000000 -0.000000 0 0
0.000000 -0.000000 -0.000000 0 0
0.000000 -0.000000 -0.000000 0 0
0.000000 -0.000000 -0.000000 0 0
0.000000 -0.000000 -0.000000 0 0
0.000000 -0.000000 -0.000000 0 0
0.000000 -0.000000 -0.000000 0 0
0.000000 -0.000000 -0.000000 0 0
0.000000 -0.000000 -0.000000 0 0
