# x y z reflectivity tag
-0.863000 -0.500000 -0.085000 17 64
-0.870000 -0.486000 -0.115000 13 0
-0.764000 -0.413000 -0.126000 15 18
-0.855000 -0.448000 -0.168000 8 0
-0.868000 -0.475000 -0.084000 17 64
-0.611000 -0.322000 -0.079000 7 2
-0.871000 -0.446000 -0.141000 15 0
-0.874000 -0.434000 -0.169000 20 0
0.000000 -0.000000 -0.000000 0 64
-0.877000 -0.437000 -0.113000 14 0
-0.876000 -0.424000 -0.140000 15 0
-0.881000 -0.414000 -0.169000 20 0
-0.880000 -0.428000 -0.083000 17 64
-0.879000 -0.412000 -0.111000 12 0
-0.877000 -0.400000 -0.139000 15 0
-0.885000 -0.392000 -0.167000 20 0
-0.889000 -0.405000 -0.083000 17 64
-0.888000 -0.392000 -0.111000 14 0
-0.887000 -0.380000 -0.139000 15 0
-0.893000 -0.372000 -0.167000 20 0
-0.794000 -0.339000 -0.073000 18 34
-0.890000 -0.368000 -0.110000 12 0
-0.878000 -0.353000 -0.136000 11 0
0.000000 -0.000000 -0.000000 0 0
0.000000 -0.000000 -0.000000 0 0
-0.587000 -0.227000 -0.072000 1 2
0.000000 -0.000000 -0.000000 0 0
0.000000 -0.000000 -0.000000 0 0
0.000000 -0.000000 -0.000000 0 192
-0.597000 -0.214000 -0.072000 2 0
0.000000 -0.000000 -0.000000 0 0
0.000000 -0.000000 -0.000000 0 0
-0.587000 -0.202000 -0.052000 9 32
-0.602000 -0.200000 -0.072000 1 0
0.000000 -0.000000 -0.000000 0 0
-0.882000 -0.280000 -0.158000 2 0
0.000000 -0.000000 -0.000000 0 0
-0.908000 -0.279000 -0.108000 16 2
-0.911000 -0.273000 -0.135000 15 0
-0.910000 -0.267000 -0.162000 19 0
-0.816000 -0.237000 -0.072000 18 32
-0.917000 -0.259000 -0.108000 14 0
-0.920000 -0.254000 -0.135000 15 0
-0.921000 -0.248000 -0.162000 19 0
0.000000 -0.000000 -0.000000 0 0
-0.920000 -0.236000 -0.107000 16 0
-0.920000 -0.232000 -0.134000 15 0
-0.924000 -0.228000 -0.161000 19 0
-0.927000 -0.221000 -0.080000 17 64
-0.924000 -0.214000 -0.107000 12 0
-0.923000 -0.210000 -0.133000 15 0
-0.926000 -0.207000 -0.160000 19 0
-0.930000 -0.198000 -0.080000 17 64
-0.933000 -0.193000 -0.107000 12 0
-0.935000 -0.191000 -0.134000 15 0
-0.931000 -0.186000 -0.159000 19 0
-0.938000 -0.176000 -0.080000 17 0
-0.938000 -0.171000 -0.107000 14 0
-0.937000 -0.169000 -0.133000 15 0
-0.935000 -0.166000 -0.159000 19 0
-0.936000 -0.152000 -0.080000 17 0
-0.946000 -0.150000 -0.108000 14 0
-0.940000 -0.148000 -0.133000 15 0
-0.943000 -0.146000 -0.159000 19 0
-0.945000 -0.130000 -0.081000 17 0
-0.950000 -0.128000 -0.108000 14 0
-0.946000 -0.127000 -0.133000 15 0
-0.949000 -0.126000 -0.159000 19 0
-0.948000 -0.107000 -0.081000 17 0
-0.955000 -0.106000 -0.108000 14 0
-0.952000 -0.106000 -0.133000 15 0
-0.952000 -0.105000 -0.158000 19 0
-0.950000 -0.084000 -0.081000 17 0
-0.957000 -0.084000 -0.108000 14 0
-0.953000 -0.084000 -0.132000 15 0
-0.957000 -0.085000 -0.158000 19 0
-0.962000 -0.062000 -0.082000 17 0
-0.967000 -0.062000 -0.108000 14 0
-0.961000 -0.063000 -0.133000 15 0
-0.965000 -0.064000 -0.159000 19 0
-0.963000 -0.038000 -0.082000 17 64
-0.971000 -0.039000 -0.108000 14 0
-0.966000 -0.041000 -0.133000 15 0
-0.969000 -0.043000 -0.158000 19 0
-0.976000 -0.015000 -0.083000 17 64
-0.979000 -0.016000 -0.109000 14 0
-0.970000 -0.019000 -0.133000 15 0
-0.972000 -0.022000 -0.158000 20 0
-0.978000 0.007000 -0.084000 16 64
-0.979000 0.005000 -0.109000 14 0
-0.977000 0.002000 -0.133000 15 0
-0.982000 -0.000000 -0.159000 20 0
-0.988000 0.031000 -0.085000 17 64
-0.983000 0.028000 -0.109000 14 0
-0.980000 0.024000 -0.133000 15 0
-0.982000 0.020000 -0.158000 20 0
-0.863000 -0.500000 -0.085000 17 64
-0.870000 -0.486000 -0.115000 13 0
-0.764000 -0.413000 -0.126000 15 18
-0.855000 -0.448000 -0.168000 8 0
-0.868000 -0.475000 -0.084000 17 64
-0.611000 -0.322000 -0.079000 7 2
-0.871000 -0.446000 -0.141000 15 0
-0.874000 -0.434000 -0.169000 20 0
0.000000 -0.000000 -0.000000 0 64
-0.877000 -0.437000 -0.113000 14 0
-0.876000 -0.424000 -0.140000 15 0
-0.881000 -0.414000 -0.169000 20 0
-0.880000 -0.428000 -0.083000 17 64
-0.879000 -0.412000 -0.111000 12 0
-0.877000 -0.400000 -0.139000 15 0
-0.885000 -0.392000 -0.167000 20 0
-0.889000 -0.405000 -0.083000 17 64
-0.888000 -0.392000 -0.111000 14 0
-0.887000 -0.380000 -0.139000 15 0
-0.893000 -0.372000 -0.167000 20 0
-0.794000 -0.339000 -0.073000 18 34
-0.890000 -0.368000 -0.110000 12 0
-0.878000 -0.353000 -0.136000 11 0
0.000000 -0.000000 -0.000000 0 0
0.000000 -0.000000 -0.000000 0 0
-0.587000 -0.227000 -0.072000 1 2
0.000000 -0.000000 -0.000000 0 0
0.000000 -0.000000 -0.000000 0 0
0.000000 -0.000000 -0.000000 0 192
-0.597000 -0.214000 -0.072000 2 0
0.000000 -0.000000 -0.000000 0 0
0.000000 -0.000000 -0.000000 0 0
-0.587000 -0.202000 -0.052000 9 32
-0.602000 -0.200000 -0.072000 1 0
0.000000 -0.000000 -0.000000 0 0
-0.882000 -0.280000 -0.158000 2 0
0.000000 -0.000000 -0.000000 0 0
-0.908000 -0.279000 -0.108000 16 2
-0.911000 -0.273000 -0.135000 15 0
-0.910000 -0.267000 -0.162000 19 0
-0.816000 -0.237000 -0.072000 18 32
-0.917000 -0.259000 -0.108000 14 0
-0.920000 -0.254000 -0.135000 15 0
-0.921000 -0.248000 -0.162000 19 0
0.000000 -0.000000 -0.000000 0 0
-0.920000 -0.236000 -0.107000 16 0
-0.920000 -0.232000 -0.134000 15 0
-0.924000 -0.228000 -0.161000 19 0
-0.927000 -0.221000 -0.080000 17 64
-0.924000 -0.214000 -0.107000 12 0
-0.923000 -0.210000 -0.133000 15 0
-0.926000 -0.207000 -0.160000 19 0
-0.930000 -0.198000 -0.080000 17 64
-0.933000 -0.193000 -0.107000 12 0
-0.935000 -0.191000 -0.134000 15 0
-0.931000 -0.186000 -0.159000 19 0
-0.938000 -0.176000 -0.080000 17 0
-0.938000 -0.171000 -0.107000 14 0
-0.937000 -0.169000 -0.133000 15 0
-0.935000 -0.166000 -0.159000 19 0
-0.936000 -0.152000 -0.080000 17 0
-0.946000 -0.150000 -0.108000 14 0
-0.940000 -0.148000 -0.133000 15 0
-0.943000 -0.146000 -0.159000 19 0
-0.945000 -0.130000 -0.081000 17 0
-0.950000 -0.128000 -0.108000 14 0
-0.946000 -0.127000 -0.133000 15 0
-0.949000 -0.126000 -0.159000 19 0
-0.948000 -0.107000 -0.081000 17 0
-0.955000 -0.106000 -0.108000 14 0
-0.952000 -0.106000 -0.133000 15 0
-0.952000 -0.105000 -0.158000 19 0
-0.950000 -0.084000 -0.081000 17 0
-0.957000 -0.084000 -0.108000 14 0
-0.953000 -0.084000 -0.132000 15 0
-0.957000 -0.085000 -0.158000 19 0
-0.962000 -0.062000 -0.082000 17 0
-0.967000 -0.062000 -0.108000 14 0
-0.961000 -0.063000 -0.133000 15 0
-0.965000 -0.064000 -0.159000 19 0
-0.963000 -0.038000 -0.082000 17 64
-0.971000 -0.039000 -0.108000 14 0
-0.966000 -0.041000 -0.133000 15 0
-0.969000 -0.043000 -0.158000 19 0
-0.976000 -0.015000 -0.083000 17 64
-0.979000 -0.016000 -0.109000 14 0
-0.970000 -0.019000 -0.133000 15 0
-0.972000 -0.022000 -0.158000 20 0
-0.978000 0.007000 -0.084000 16 64
-0.979000 0.005000 -0.109000 14 0
-0.977000 0.002000 -0.133000 15 0
-0.982000 -0.000000 -0.159000 20 0
-0.988000 0.031000 -0.085000 17 64
-0.983000 0.028000 -0.109000 14 0
-0.980000 0.024000 -0.133000 15 0
-0.982000 0.020000 -0.158000 20 0
-0.994000 0.055000 -0.085000 16 64
-0.986000 0.052000 -0.110000 14 0
-0.987000 0.047000 -0.134000 15 0
-0.984000 0.042000 -0.158000 16 64
-0.996000 0.079000 -0.086000 17 64
-0.989000 0.075000 -0.110000 14 0
-0.987000 0.069000 -0.133000 15 0
-0.989000 0.064000 -0.158000 20 0
-0.996000 0.104000 -0.086000 17 64
-1.011000 0.100000 -0.113000 16 0
-0.995000 0.092000 -0.134000 16 0
-1.007000 0.087000 -0.160000 17 64
-1.003000 0.129000 -0.088000 16 64
-1.017000 0.125000 -0.114000 16 0
-0.998000 0.115000 -0.135000 16 0
-1.017000 0.110000 -0.161000 17 64
-1.006000 0.154000 -0.088000 16 64
-1.019000 0.150000 -0.114000 16 0
-1.002000 0.139000 -0.135000 15 0
-1.019000 0.133000 -0.161000 17 64
-1.004000 0.179000 -0.089000 13 64
-1.024000 0.175000 -0.115000 17 0
-1.006000 0.163000 -0.135000 15 0
-1.024000 0.157000 -0.161000 18 64
-0.997000 0.202000 -0.089000 1 64
-1.013000 0.198000 -0.114000 2 0
-0.995000 0.184000 -0.134000 6 0
-1.026000 0.181000 -0.161000 18 64
-1.004000 0.229000 -0.090000 1 64
-1.014000 0.222000 -0.115000 2 0
-1.007000 0.210000 -0.135000 2 0
-1.008000 0.200000 -0.158000 2 64
-1.094000 0.278000 -0.100000 1 64
-1.112000 0.271000 -0.126000 2 2
-1.030000 0.240000 -0.139000 2 0
-1.012000 0.224000 -0.158000 2 64
-1.095000 0.306000 -0.101000 1 64
-1.120000 0.301000 -0.128000 2 0
-1.107000 0.284000 -0.149000 2 0
-1.106000 0.271000 -0.172000 2 66
-1.099000 0.336000 -0.102000 1 64
-1.127000 0.332000 -0.129000 2 0
-1.123000 0.316000 -0.152000 2 0
-1.110000 0.298000 -0.173000 2 64
-1.104000 0.367000 -0.104000 0 64
-1.133000 0.362000 -0.131000 2 0
-1.127000 0.344000 -0.153000 1 0
-1.118000 0.327000 -0.174000 2 64
-1.110000 0.399000 -0.106000 0 64
-1.134000 0.392000 -0.132000 2 0
-1.131000 0.374000 -0.154000 2 0
-1.118000 0.353000 -0.174000 1 64
-1.129000 0.436000 -0.109000 0 64
-1.140000 0.424000 -0.134000 2 0
-1.136000 0.404000 -0.155000 2 0
-1.132000 0.386000 -0.176000 1 64
-1.130000 0.468000 -0.111000 0 64
-1.151000 0.459000 -0.136000 2 0
-1.142000 0.436000 -0.156000 1 0
-1.133000 0.414000 -0.176000 1 64
-1.122000 0.497000 -0.112000 0 64
-1.153000 0.491000 -0.138000 1 0
-1.145000 0.467000 -0.157000 1 0
-1.143000 0.447000 -0.177000 1 64
-1.131000 0.533000 -0.114000 0 64
-1.161000 0.527000 -0.140000 1 0
-1.156000 0.503000 -0.159000 1 0
-1.154000 0.481000 -0.179000 1 64
0.000000 -0.000000 -0.000000 0 0
-1.169000 0.564000 -0.142000 2 0
-1.167000 0.540000 -0.162000 1 0
-1.160000 0.513000 -0.180000 1 64
0.000000 -0.000000 -0.000000 0 128
-1.178000 0.602000 -0.145000 1 0
-1.171000 0.574000 -0.163000 1 0
-1.162000 0.545000 -0.181000 1 64
-1.174000 0.660000 -0.125000 0 64
-1.195000 0.647000 -0.149000 1 0
-1.180000 0.612000 -0.165000 1 0
-1.173000 0.583000 -0.183000 1 0
0.000000 -0.000000 -0.000000 0 0
-1.200000 0.686000 -0.151000 1 0
-1.187000 0.651000 -0.168000 1 0
-1.176000 0.617000 -0.184000 1 0
-1.199000 0.751000 -0.133000 0 64
-1.214000 0.732000 -0.155000 1 0
-1.198000 0.692000 -0.170000 1 0
-1.191000 0.659000 -0.187000 1 0
0.000000 -0.000000 -0.000000 0 0
-1.214000 0.771000 -0.157000 1 0
-1.208000 0.736000 -0.173000 1 0
-1.201000 0.700000 -0.189000 1 0
0.000000 -0.000000 -0.000000 0 128
-1.222000 0.816000 -0.160000 8 0
-1.220000 0.781000 -0.176000 1 0
-1.208000 0.740000 -0.191000 10 0
-0.994000 0.055000 -0.085000 16 64
-0.986000 0.052000 -0.110000 14 0
-0.987000 0.047000 -0.134000 15 0
-0.984000 0.042000 -0.158000 16 64
-0.996000 0.079000 -0.086000 17 64
-0.989000 0.075000 -0.110000 14 0
-0.987000 0.069000 -0.133000 15 0
-0.989000 0.064000 -0.158000 20 0
-0.996000 0.104000 -0.086000 17 64
-1.011000 0.100000 -0.113000 16 0
-0.995000 0.092000 -0.134000 16 0
-1.007000 0.087000 -0.160000 17 64
-1.003000 0.129000 -0.088000 16 64
-1.017000 0.125000 -0.114000 16 0
-0.998000 0.115000 -0.135000 16 0
-1.017000 0.110000 -0.161000 17 64
-1.006000 0.154000 -0.088000 16 64
-1.019000 0.150000 -0.114000 16 0
-1.002000 0.139000 -0.135000 15 0
-1.019000 0.133000 -0.161000 17 64
-1.004000 0.179000 -0.089000 13 64
-1.024000 0.175000 -0.115000 17 0
-1.006000 0.163000 -0.135000 15 0
-1.024000 0.157000 -0.161000 18 64
-0.997000 0.202000 -0.089000 1 64
-1.013000 0.198000 -0.114000 2 0
-0.995000 0.184000 -0.134000 6 0
-1.026000 0.181000 -0.161000 18 64
-1.004000 0.229000 -0.090000 1 64
-1.014000 0.222000 -0.115000 2 0
-1.007000 0.210000 -0.135000 2 0
-1.008000 0.200000 -0.158000 2 64
-1.094000 0.278000 -0.100000 1 64
-1.112000 0.271000 -0.126000 2 2
-1.030000 0.240000 -0.139000 2 0
-1.012000 0.224000 -0.158000 2 64
-1.095000 0.306000 -0.101000 1 64
-1.120000 0.301000 -0.128000 2 0
-1.107000 0.284000 -0.149000 2 0
-1.106000 0.271000 -0.172000 2 66
-1.099000 0.336000 -0.102000 1 64
-1.127000 0.332000 -0.129000 2 0
-1.123000 0.316000 -0.152000 2 0
-1.110000 0.298000 -0.173000 2 64
-1.104000 0.367000 -0.104000 0 64
-1.133000 0.362000 -0.131000 2 0
-1.127000 0.344000 -0.153000 1 0
-1.118000 0.327000 -0.174000 2 64
-1.110000 0.399000 -0.106000 0 64
-1.134000 0.392000 -0.132000 2 0
-1.131000 0.374000 -0.154000 2 0
-1.118000 0.353000 -0.174000 1 64
-1.129000 0.436000 -0.109000 0 64
-1.140000 0.424000 -0.134000 2 0
-1.136000 0.404000 -0.155000 2 0
-1.132000 0.386000 -0.176000 1 64
-1.130000 0.468000 -0.111000 0 64
-1.151000 0.459000 -0.136000 2 0
-1.142000 0.436000 -0.156000 1 0
-1.133000 0.414000 -0.176000 1 64
-1.122000 0.497000 -0.112000 0 64
-1.153000 0.491000 -0.138000 1 0
-1.145000 0.467000 -0.157000 1 0
-1.143000 0.447000 -0.177000 1 64
-1.131000 0.533000 -0.114000 0 64
-1.161000 0.527000 -0.140000 1 0
-1.156000 0.503000 -0.159000 1 0
-1.154000 0.481000 -0.179000 1 64
0.000000 -0.000000 -0.000000 0 0
-1.169000 0.564000 -0.142000 2 0
-1.167000 0.540000 -0.162000 1 0
-1.160000 0.513000 -0.180000 1 64
0.000000 -0.000000 -0.000000 0 128
-1.178000 0.602000 -0.145000 1 0
-1.171000 0.574000 -0.163000 1 0
-1.162000 0.545000 -0.181000 1 64
-1.174000 0.660000 -0.125000 0 64
-1.195000 0.647000 -0.149000 1 0
-1.180000 0.612000 -0.165000 1 0
-1.173000 0.583000 -0.183000 1 0
0.000000 -0.000000 -0.000000 0 0
-1.200000 0.686000 -0.151000 1 0
-1.187000 0.651000 -0.168000 1 0
-1.176000 0.617000 -0.184000 1 0
-1.199000 0.751000 -0.133000 0 64
-1.214000 0.732000 -0.155000 1 0
-1.198000 0.692000 -0.170000 1 0
-1.191000 0.659000 -0.187000 1 0
0.000000 -0.000000 -0.000000 0 0
-1.214000 0.771000 -0.157000 1 0
-1.208000 0.736000 -0.173000 1 0
-1.201000 0.700000 -0.189000 1 0
0.000000 -0.000000 -0.000000 0 128
-1.222000 0.816000 -0.160000 8 0
-1.220000 0.781000 -0.176000 1 0
-1.208000 0.740000 -0.191000 10 0
-1.221000 0.893000 -0.144000 0 64
-1.247000 0.876000 -0.166000 1 0
-1.224000 0.823000 -0.179000 9 0
-1.223000 0.787000 -0.194000 1 0
-1.252000 0.961000 -0.152000 9 0
-1.242000 0.916000 -0.168000 8 0
-1.242000 0.877000 -0.183000 1 0
-1.227000 0.829000 -0.195000 8 0
-1.210000 0.976000 -0.150000 1 64
-1.274000 0.987000 -0.175000 1 0
-1.243000 0.921000 -0.185000 8 0
-1.243000 0.881000 -0.199000 1 0
-1.187000 1.005000 -0.151000 11 0
-1.211000 0.984000 -0.170000 9 0
-1.266000 0.983000 -0.191000 1 0
-1.248000 0.927000 -0.201000 8 0
-1.223000 1.086000 -0.160000 12 65
-1.203000 1.024000 -0.172000 1 0
-1.205000 0.981000 -0.184000 13 0
-1.265000 0.984000 -0.205000 1 0
-1.235000 1.150000 -0.166000 60 0
-1.222000 1.090000 -0.178000 58 0
-1.202000 1.025000 -0.185000 1 0
-1.207000 0.983000 -0.197000 9 0
-1.256000 1.226000 -0.173000 57 0
-1.243000 1.162000 -0.185000 12 0
-1.222000 1.091000 -0.191000 59 0
-1.190000 1.015000 -0.196000 1 0
-1.275000 1.306000 -0.181000 51 0
-1.253000 1.227000 -0.190000 49 0
-1.243000 1.162000 -0.197000 12 0
-1.225000 1.092000 -0.203000 58 1
-1.294000 1.389000 -0.189000 56 0
-1.276000 1.309000 -0.198000 54 0
-1.254000 1.227000 -0.202000 56 0
-1.238000 1.155000 -0.207000 13 0
-1.312000 1.476000 -0.198000 50 0
-1.295000 1.392000 -0.206000 48 0
-1.276000 1.307000 -0.209000 57 0
-1.256000 1.225000 -0.212000 58 0
-1.336000 1.577000 -0.209000 50 0
-1.316000 1.481000 -0.214000 52 0
-1.292000 1.385000 -0.215000 56 0
-1.278000 1.304000 -0.218000 50 0
0.000000 -0.000000 -0.000000 0 0
-1.341000 1.582000 -0.224000 47 0
-1.315000 1.476000 -0.223000 52 0
-1.296000 1.383000 -0.224000 54 0
-1.882000 2.445000 -0.315000 0 0
0.000000 -0.000000 -0.000000 0 0
-1.337000 1.571000 -0.231000 50 0
-1.313000 1.466000 -0.230000 48 0
-1.808000 2.467000 -0.314000 0 0
-1.884000 2.443000 -0.333000 0 0
-1.967000 2.421000 -0.348000 0 0
-1.337000 1.563000 -0.237000 52 0
-1.727000 2.476000 -0.312000 0 0
-1.803000 2.453000 -0.328000 0 0
-1.892000 2.440000 -0.342000 0 0
-1.343000 1.643000 -0.241000 5 0
-1.664000 2.508000 -0.313000 0 0
-1.737000 2.482000 -0.326000 0 0
-1.816000 2.457000 -0.336000 0 0
-1.901000 2.435000 -0.347000 0 0
-1.584000 2.514000 -0.310000 0 0
-1.670000 2.507000 -0.324000 0 0
-1.741000 2.471000 -0.330000 0 0
-1.826000 2.452000 -0.339000 0 0
-1.511000 2.527000 -0.309000 0 0
-1.596000 2.521000 -0.321000 0 0
-1.679000 2.504000 -0.326000 0 0
-1.758000 2.474000 -0.332000 0 0
-1.446000 2.552000 -0.309000 0 0
-1.518000 2.524000 -0.316000 0 0
-1.593000 2.496000 -0.318000 0 0
-1.680000 2.483000 -0.323000 0 0
-1.378000 2.570000 -0.309000 0 0
-1.452000 2.548000 -0.314000 0 0
-1.531000 2.524000 -0.315000 0 0
-1.621000 2.516000 -0.318000 0 0
-1.299000 2.565000 -0.306000 0 0
-1.384000 2.564000 -0.312000 0 0
-1.462000 2.540000 -0.310000 1 0
-1.552000 2.533000 -0.312000 0 0
-1.239000 2.594000 -0.308000 0 0
-1.320000 2.585000 -0.310000 0 0
-1.396000 2.560000 -0.306000 0 0
-1.481000 2.545000 -0.304000 0 0
-1.178000 2.620000 -0.309000 0 0
-1.249000 2.593000 -0.307000 2 0
-1.334000 2.584000 -0.303000 0 0
-1.408000 2.551000 -0.297000 0 0
-1.112000 2.635000 -0.309000 2 0
-1.188000 2.618000 -0.307000 2 0
-1.262000 2.591000 -0.298000 2 0
-1.346000 2.575000 -0.292000 0 0
-1.221000 0.893000 -0.144000 0 64
-1.247000 0.876000 -0.166000 1 0
-1.224000 0.823000 -0.179000 9 0
-1.223000 0.787000 -0.194000 1 0
-1.252000 0.961000 -0.152000 9 0
-1.242000 0.916000 -0.168000 8 0
-1.242000 0.877000 -0.183000 1 0
-1.227000 0.829000 -0.195000 8 0
-1.210000 0.976000 -0.150000 1 64
-1.274000 0.987000 -0.175000 1 0
-1.243000 0.921000 -0.185000 8 0
-1.243000 0.881000 -0.199000 1 0
-1.187000 1.005000 -0.151000 11 0
-1.211000 0.984000 -0.170000 9 0
-1.266000 0.983000 -0.191000 1 0
-1.248000 0.927000 -0.201000 8 0
-1.223000 1.086000 -0.160000 12 65
-1.203000 1.024000 -0.172000 1 0
-1.205000 0.981000 -0.184000 13 0
-1.265000 0.984000 -0.205000 1 0
-1.235000 1.150000 -0.166000 60 0
-1.222000 1.090000 -0.178000 58 0
-1.202000 1.025000 -0.185000 1 0
-1.207000 0.983000 -0.197000 9 0
-1.256000 1.226000 -0.173000 57 0
-1.243000 1.162000 -0.185000 12 0
-1.222000 1.091000 -0.191000 59 0
-1.190000 1.015000 -0.196000 1 0
-1.275000 1.306000 -0.181000 51 0
-1.253000 1.227000 -0.190000 49 0
-1.243000 1.162000 -0.197000 12 0
-1.225000 1.092000 -0.203000 58 1
-1.294000 1.389000 -0.189000 56 0
-1.276000 1.309000 -0.198000 54 0
-1.254000 1.227000 -0.202000 56 0
-1.238000 1.155000 -0.207000 13 0
-1.312000 1.476000 -0.198000 50 0
-1.295000 1.392000 -0.206000 48 0
-1.276000 1.307000 -0.209000 57 0
-1.256000 1.225000 -0.212000 58 0
-1.336000 1.577000 -0.209000 50 0
-1.316000 1.481000 -0.214000 52 0
-1.292000 1.385000 -0.215000 56 0
-1.278000 1.304000 -0.218000 50 0
0.000000 -0.000000 -0.000000 0 0
-1.341000 1.582000 -0.224000 47 0
-1.315000 1.476000 -0.223000 52 0
-1.296000 1.383000 -0.224000 54 0
-1.882000 2.445000 -0.315000 0 0
0.000000 -0.000000 -0.000000 0 0
-1.337000 1.571000 -0.231000 50 0
-1.313000 1.466000 -0.230000 48 0
-1.808000 2.467000 -0.314000 0 0
-1.884000 2.443000 -0.333000 0 0
-1.967000 2.421000 -0.348000 0 0
-1.337000 1.563000 -0.237000 52 0
-1.727000 2.476000 -0.312000 0 0
-1.803000 2.453000 -0.328000 0 0
-1.892000 2.440000 -0.342000 0 0
-1.343000 1.643000 -0.241000 5 0
-1.664000 2.508000 -0.313000 0 0
-1.737000 2.482000 -0.326000 0 0
-1.816000 2.457000 -0.336000 0 0
-1.901000 2.435000 -0.347000 0 0
-1.584000 2.514000 -0.310000 0 0
-1.670000 2.507000 -0.324000 0 0
-1.741000 2.471000 -0.330000 0 0
-1.826000 2.452000 -0.339000 0 0
-1.511000 2.527000 -0.309000 0 0
-1.596000 2.521000 -0.321000 0 0
-1.679000 2.504000 -0.326000 0 0
-1.758000 2.474000 -0.332000 0 0
-1.446000 2.552000 -0.309000 0 0
-1.518000 2.524000 -0.316000 0 0
-1.593000 2.496000 -0.318000 0 0
-1.680000 2.483000 -0.323000 0 0
-1.378000 2.570000 -0.309000 0 0
-1.452000 2.548000 -0.314000 0 0
-1.531000 2.524000 -0.315000 0 0
-1.621000 2.516000 -0.318000 0 0
-1.299000 2.565000 -0.306000 0 0
-1.384000 2.564000 -0.312000 0 0
-1.462000 2.540000 -0.310000 1 0
-1.552000 2.533000 -0.312000 0 0
-1.239000 2.594000 -0.308000 0 0
-1.320000 2.585000 -0.310000 0 0
-1.396000 2.560000 -0.306000 0 0
-1.481000 2.545000 -0.304000 0 0
-1.178000 2.620000 -0.309000 0 0
-1.249000 2.593000 -0.307000 2 0
-1.334000 2.584000 -0.303000 0 0
-1.408000 2.551000 -0.297000 0 0
-1.112000 2.635000 -0.309000 2 0
-1.188000 2.618000 -0.307000 2 0
-1.262000 2.591000 -0.298000 2 0
-1.346000 2.575000 -0.292000 0 0
-1.043000 2.642000 -0.309000 3 0
-1.120000 2.629000 -0.304000 2 0
-1.201000 2.616000 -0.295000 2 0
-1.282000 2.597000 -0.286000 0 0
-0.967000 2.628000 -0.306000 44 0
-1.049000 2.628000 -0.301000 2 0
-1.129000 2.615000 -0.290000 2 0
-1.212000 2.602000 -0.279000 0 0
-1.753000 5.124000 -0.595000 57 0
-0.978000 2.626000 -0.298000 45 0
-1.066000 2.633000 -0.287000 2 0
-1.144000 2.610000 -0.273000 0 0
-1.604000 5.070000 -0.587000 117 0
-1.822000 5.254000 -0.590000 37 0
-0.992000 2.622000 -0.280000 35 0
-1.078000 2.619000 -0.267000 1 0
-1.518000 5.212000 -0.602000 71 0
-1.634000 5.084000 -0.566000 37 0
-1.880000 5.332000 -0.562000 65 0
-1.011000 2.625000 -0.261000 17 0
-1.398000 5.247000 -0.605000 65 0
-1.547000 5.227000 -0.577000 150 0
-1.692000 5.172000 -0.536000 151 0
-1.776000 4.945000 -0.480000 76 0
-1.082000 4.476000 -0.515000 3 0
-1.416000 5.218000 -0.571000 78 0
-1.539000 5.103000 -0.520000 102 0
-1.663000 4.991000 -0.472000 68 0
-1.401000 6.444000 -0.741000 20 0
-1.081000 4.388000 -0.476000 1 0
-1.441000 5.209000 -0.523000 78 0
-1.547000 5.026000 -0.464000 39 0
-1.215000 6.278000 -0.722000 10 0
-1.465000 6.595000 -0.711000 7 0
-1.155000 4.588000 -0.454000 0 0
-1.482000 5.239000 -0.473000 31 0
-1.071000 6.309000 -0.725000 16 0
-1.318000 6.646000 -0.712000 18 0
0.000000 -0.000000 -0.000000 0 0
-1.363000 5.281000 -0.465000 20 0
-0.902000 6.167000 -0.709000 39 0
-1.272000 7.292000 -0.776000 120 0
0.000000 -0.000000 -0.000000 0 0
0.000000 -0.000000 -0.000000 0 0
-0.647000 5.253000 -0.605000 150 0
-0.959000 6.348000 -0.672000 21 0
-1.310000 7.286000 -0.692000 66 0
-1.402000 6.679000 -0.562000 6 0
-0.585000 5.857000 -0.675000 112 0
-0.675000 5.282000 -0.557000 150 0
-1.144000 7.322000 -0.686000 150 0
-1.350000 7.269000 -0.598000 76 0
-0.453000 5.891000 -0.680000 42 0
-0.609000 5.851000 -0.613000 116 0
-0.695000 5.245000 -0.485000 144 0
-1.184000 7.317000 -0.588000 125 0
0.000000 -0.000000 -0.000000 0 0
-0.477000 5.884000 -0.614000 55 0
-0.600000 5.494000 -0.502000 159 0
-0.795000 5.752000 -0.452000 21 0
0.000000 -0.000000 -0.000000 0 192
0.000000 -0.000000 -0.000000 0 0
-0.504000 5.870000 -0.530000 78 0
-0.619000 5.391000 -0.414000 19 0
0.000000 -0.000000 -0.000000 0 192
0.000000 -0.000000 -0.000000 0 192
0.000000 -0.000000 -0.000000 0 0
-0.498000 5.459000 -0.411000 19 0
0.000000 -0.000000 -0.000000 0 192
0.000000 -0.000000 -0.000000 0 192
0.000000 -0.000000 -0.000000 0 192
0.000000 -0.000000 -0.000000 0 0
0.000000 -0.000000 -0.000000 0 192
0.000000 -0.000000 -0.000000 0 192
0.000000 -0.000000 -0.000000 0 192
0.000000 -0.000000 -0.000000 0 192
0.000000 -0.000000 -0.000000 0 192
0.000000 -0.000000 -0.000000 0 192
0.000000 -0.000000 -0.000000 0 192
0.000000 -0.000000 -0.000000 0 192
0.000000 -0.000000 -0.000000 0 192
0.000000 -0.000000 -0.000000 0 192
0.000000 -0.000000 -0.000000 0 192
0.000000 -0.000000 -0.000000 0 192
0.000000 -0.000000 -0.000000 0 128
0.000000 -0.000000 -0.000000 0 192
0.000000 -0.000000 -0.000000 0 192
0.000000 -0.000000 -0.000000 0 192
0.205000 1.593000 -0.190000 22 0
0.000000 -0.000000 -0.000000 0 128
0.000000 -0.000000 -0.000000 0 192
0.000000 -0.000000 -0.000000 0 192
0.237000 1.559000 -0.187000 14 0
0.201000 1.603000 -0.164000 21 0
0.000000 -0.000000 -0.000000 0 128
0.000000 -0.000000 -0.000000 0 192
-1.043000 2.642000 -0.309000 3 0
-1.120000 2.629000 -0.304000 2 0
-1.201000 2.616000 -0.295000 2 0
-1.282000 2.597000 -0.286000 0 0
-0.967000 2.628000 -0.306000 44 0
-1.049000 2.628000 -0.301000 2 0
-1.129000 2.615000 -0.290000 2 0
-1.212000 2.602000 -0.279000 0 0
-1.753000 5.124000 -0.595000 57 0
-0.978000 2.626000 -0.298000 45 0
-1.066000 2.633000 -0.287000 2 0
-1.144000 2.610000 -0.273000 0 0
-1.604000 5.070000 -0.587000 117 0
-1.822000 5.254000 -0.590000 37 0
-0.992000 2.622000 -0.280000 35 0
-1.078000 2.619000 -0.267000 1 0
-1.518000 5.212000 -0.602000 71 0
-1.634000 5.084000 -0.566000 37 0
-1.880000 5.332000 -0.562000 65 0
-1.011000 2.625000 -0.261000 17 0
-1.398000 5.247000 -0.605000 65 0
-1.547000 5.227000 -0.577000 150 0
-1.692000 5.172000 -0.536000 151 0
-1.776000 4.945000 -0.480000 76 0
-1.082000 4.476000 -0.515000 3 0
-1.416000 5.218000 -0.571000 78 0
-1.539000 5.103000 -0.520000 102 0
-1.663000 4.991000 -0.472000 68 0
-1.401000 6.444000 -0.741000 20 0
-1.081000 4.388000 -0.476000 1 0
-1.441000 5.209000 -0.523000 78 0
-1.547000 5.026000 -0.464000 39 0
-1.215000 6.278000 -0.722000 10 0
-1.465000 6.595000 -0.711000 7 0
-1.155000 4.588000 -0.454000 0 0
-1.482000 5.239000 -0.473000 31 0
-1.071000 6.309000 -0.725000 16 0
-1.318000 6.646000 -0.712000 18 0
0.000000 -0.000000 -0.000000 0 0
-1.363000 5.281000 -0.465000 20 0
-0.902000 6.167000 -0.709000 39 0
-1.272000 7.292000 -0.776000 120 0
0.000000 -0.000000 -0.000000 0 0
0.000000 -0.000000 -0.000000 0 0
-0.647000 5.253000 -0.605000 150 0
-0.959000 6.348000 -0.672000 21 0
-1.310000 7.286000 -0.692000 66 0
-1.402000 6.679000 -0.562000 6 0
-0.585000 5.857000 -0.675000 112 0
-0.675000 5.282000 -0.557000 150 0
-1.144000 7.322000 -0.686000 150 0
-1.350000 7.269000 -0.598000 76 0
-0.453000 5.891000 -0.680000 42 0
-0.609000 5.851000 -0.613000 116 0
-0.695000 5.245000 -0.485000 144 0
-1.184000 7.317000 -0.588000 125 0
0.000000 -0.000000 -0.000000 0 0
-0.477000 5.884000 -0.614000 55 0
-0.600000 5.494000 -0.502000 159 0
-0.795000 5.752000 -0.452000 21 0
0.000000 -0.000000 -0.000000 0 192
0.000000 -0.000000 -0.000000 0 0
-0.504000 5.870000 -0.530000 78 0
-0.619000 5.391000 -0.414000 19 0
0.000000 -0.000000 -0.000000 0 192
0.000000 -0.000000 -0.000000 0 192
0.000000 -0.000000 -0.000000 0 0
-0.498000 5.459000 -0.411000 19 0
0.000000 -0.000000 -0.000000 0 192
0.000000 -0.000000 -0.000000 0 192
0.000000 -0.000000 -0.000000 0 192
0.000000 -0.000000 -0.000000 0 0
0.000000 -0.000000 -0.000000 0 192
0.000000 -0.000000 -0.000000 0 192
0.000000 -0.000000 -0.000000 0 192
0.000000 -0.000000 -0.000000 0 192
0.000000 -0.000000 -0.000000 0 192
0.000000 -0.000000 -0.000000 0 192
0.000000 -0.000000 -0.000000 0 192
0.000000 -0.000000 -0.000000 0 192
0.000000 -0.000000 -0.000000 0 192
0.000000 -0.000000 -0.000000 0 192
0.000000 -0.000000 -0.000000 0 192
0.000000 -0.000000 -0.000000 0 192
0.000000 -0.000000 -0.000000 0 128
0.000000 -0.000000 -0.000000 0 192
0.000000 -0.000000 -0.000000 0 192
0.000000 -0.000000 -0.000000 0 192
0.205000 1.593000 -0.190000 22 0
0.000000 -0.000000 -0.000000 0 128
0.000000 -0.000000 -0.000000 0 192
0.000000 -0.000000 -0.000000 0 192
0.237000 1.559000 -0.187000 14 0
0.201000 1.603000 -0.164000 21 0
0.000000 -0.000000 -0.000000 0 128
0.000000 -0.000000 -0.000000 0 192
0.275000 1.569000 -0.189000 16 0
0.232000 1.561000 -0.160000 11 0
0.197000 1.606000 -0.133000 20 0
0.000000 -0.000000 -0.000000 0 192
0.314000 1.580000 -0.192000 13 0
0.270000 1.566000 -0.161000 11 0
0.227000 1.549000 -0.127000 13 0
0.193000 1.622000 -0.101000 18 0
0.351000 1.582000 -0.194000 14 0
0.308000 1.572000 -0.161000 11 0
0.266000 1.567000 -0.128000 12 0
0.221000 1.548000 -0.095000 63 0
0.391000 1.592000 -0.196000 14 0
0.348000 1.584000 -0.163000 11 0
0.306000 1.577000 -0.128000 12 0
0.262000 1.568000 -0.094000 15 0
0.433000 1.603000 -0.199000 53 0
0.389000 1.593000 -0.164000 57 0
0.346000 1.584000 -0.128000 13 0
0.301000 1.575000 -0.093000 14 0
0.474000 1.610000 -0.202000 11 0
0.431000 1.605000 -0.166000 11 0
0.387000 1.594000 -0.128000 12 0
0.341000 1.580000 -0.091000 14 0
0.516000 1.618000 -0.204000 45 0
0.471000 1.607000 -0.166000 59 0
0.427000 1.597000 -0.128000 13 0
0.381000 1.586000 -0.090000 64 0
0.558000 1.622000 -0.207000 43 0
0.516000 1.622000 -0.169000 57 0
0.469000 1.606000 -0.128000 55 0
0.424000 1.597000 -0.089000 15 0
0.601000 1.628000 -0.209000 43 0
0.558000 1.625000 -0.170000 58 0
0.514000 1.620000 -0.129000 12 0
0.467000 1.604000 -0.088000 56 0
0.646000 1.635000 -0.212000 54 0
0.605000 1.639000 -0.172000 50 0
0.559000 1.626000 -0.129000 58 0
0.512000 1.615000 -0.087000 61 0
0.694000 1.647000 -0.216000 49 0
0.652000 1.651000 -0.174000 51 0
0.604000 1.633000 -0.129000 59 0
0.557000 1.624000 -0.086000 60 0
0.743000 1.660000 -0.220000 50 0
0.702000 1.665000 -0.177000 50 0
0.652000 1.644000 -0.130000 50 0
0.605000 1.637000 -0.085000 52 0
0.829000 1.745000 -0.234000 150 0
0.752000 1.676000 -0.179000 42 0
0.704000 1.663000 -0.131000 51 0
0.655000 1.650000 -0.085000 53 0
1.025000 2.039000 -0.277000 48 0
0.830000 1.743000 -0.187000 152 0
0.756000 1.675000 -0.132000 52 0
0.707000 1.664000 -0.084000 53 0
1.089000 2.051000 -0.282000 24 0
1.057000 2.094000 -0.227000 34 0
0.846000 1.765000 -0.139000 152 0
0.759000 1.676000 -0.083000 44 0
1.160000 2.070000 -0.288000 6 0
1.128000 2.114000 -0.231000 13 0
1.064000 2.091000 -0.165000 19 0
0.966000 2.004000 -0.098000 131 0
0.000000 -0.000000 -0.000000 0 0
1.186000 2.104000 -0.232000 2 0
1.136000 2.111000 -0.167000 5 0
1.073000 2.097000 -0.102000 8 0
0.000000 -0.000000 -0.000000 0 128
0.000000 -0.000000 -0.000000 0 0
0.000000 -0.000000 -0.000000 0 0
0.000000 -0.000000 -0.000000 0 0
0.000000 -0.000000 -0.000000 0 128
0.000000 -0.000000 -0.000000 0 128
0.000000 -0.000000 -0.000000 0 128
0.000000 -0.000000 -0.000000 0 128
0.000000 -0.000000 -0.000000 0 128
0.000000 -0.000000 -0.000000 0 128
0.000000 -0.000000 -0.000000 0 128
0.000000 -0.000000 -0.000000 0 128
0.000000 -0.000000 -0.000000 0 128
0.000000 -0.000000 -0.000000 0 128
0.000000 -0.000000 -0.000000 0 128
0.000000 -0.000000 -0.000000 0 128
0.000000 -0.000000 -0.000000 0 128
0.000000 -0.000000 -0.000000 0 128
0.000000 -0.000000 -0.000000 0 128
0.000000 -0.000000 -0.000000 0 128
0.000000 -0.000000 -0.000000 0 128
0.000000 -0.000000 -0.000000 0 128
0.000000 -0.000000 -0.000000 0 128
0.000000 -0.000000 -0.000000 0 128
0.000000 -0.000000 -0.000000 0 0
0.000000 -0.000000 -0.000000 0 128
0.000000 -0.000000 -0.000000 0 128
0.000000 -0.000000 -0.000000 0 128
0.275000 1.569000 -0.189000 16 0
0.232000 1.561000 -0.160000 11 0
0.197000 1.606000 -0.133000 20 0
0.000000 -0.000000 -0.000000 0 192
0.314000 1.580000 -0.192000 13 0
0.270000 1.566000 -0.161000 11 0
0.227000 1.549000 -0.127000 13 0
0.193000 1.622000 -0.101000 18 0
0.351000 1.582000 -0.194000 14 0
0.308000 1.572000 -0.161000 11 0
0.266000 1.567000 -0.128000 12 0
0.221000 1.548000 -0.095000 63 0
0.391000 1.592000 -0.196000 14 0
0.348000 1.584000 -0.163000 11 0
0.306000 1.577000 -0.128000 12 0
0.262000 1.568000 -0.094000 15 0
0.433000 1.603000 -0.199000 53 0
0.389000 1.593000 -0.164000 57 0
0.346000 1.584000 -0.128000 13 0
0.301000 1.575000 -0.093000 14 0
0.474000 1.610000 -0.202000 11 0
0.431000 1.605000 -0.166000 11 0
0.387000 1.594000 -0.128000 12 0
0.341000 1.580000 -0.091000 14 0
0.516000 1.618000 -0.204000 45 0
0.471000 1.607000 -0.166000 59 0
0.427000 1.597000 -0.128000 13 0
0.381000 1.586000 -0.090000 64 0
0.558000 1.622000 -0.207000 43 0
0.516000 1.622000 -0.169000 57 0
0.469000 1.606000 -0.128000 55 0
0.424000 1.597000 -0.089000 15 0
0.601000 1.628000 -0.209000 43 0
0.558000 1.625000 -0.170000 58 0
0.514000 1.620000 -0.129000 12 0
0.467000 1.604000 -0.088000 56 0
0.646000 1.635000 -0.212000 54 0
0.605000 1.639000 -0.172000 50 0
0.559000 1.626000 -0.129000 58 0
0.512000 1.615000 -0.087000 61 0
0.694000 1.647000 -0.216000 49 0
0.652000 1.651000 -0.174000 51 0
0.604000 1.633000 -0.129000 59 0
0.557000 1.624000 -0.086000 60 0
0.743000 1.660000 -0.220000 50 0
0.702000 1.665000 -0.177000 50 0
0.652000 1.644000 -0.130000 50 0
0.605000 1.637000 -0.085000 52 0
0.829000 1.745000 -0.234000 150 0
0.752000 1.676000 -0.179000 42 0
0.704000 1.663000 -0.131000 51 0
0.655000 1.650000 -0.085000 53 0
1.025000 2.039000 -0.277000 48 0
0.830000 1.743000 -0.187000 152 0
0.756000 1.675000 -0.132000 52 0
0.707000 1.664000 -0.084000 53 0
1.089000 2.051000 -0.282000 24 0
1.057000 2.094000 -0.227000 34 0
0.846000 1.765000 -0.139000 152 0
0.759000 1.676000 -0.083000 44 0
1.160000 2.070000 -0.288000 6 0
1.128000 2.114000 -0.231000 13 0
1.064000 2.091000 -0.165000 19 0
0.966000 2.004000 -0.098000 131 0
0.000000 -0.000000 -0.000000 0 0
1.186000 2.104000 -0.232000 2 0
1.136000 2.111000 -0.167000 5 0
1.073000 2.097000 -0.102000 8 0
0.000000 -0.000000 -0.000000 0 128
0.000000 -0.000000 -0.000000 0 0
0.000000 -0.000000 -0.000000 0 0
0.000000 -0.000000 -0.000000 0 0
0.000000 -0.000000 -0.000000 0 128
0.000000 -0.000000 -0.000000 0 128
0.000000 -0.000000 -0.000000 0 128
0.000000 -0.000000 -0.000000 0 128
0.000000 -0.000000 -0.000000 0 128
0.000000 -0.000000 -0.000000 0 128
0.000000 -0.000000 -0.000000 0 128
0.000000 -0.000000 -0.000000 0 128
0.000000 -0.000000 -0.000000 0 128
0.000000 -0.000000 -0.000000 0 128
0.000000 -0.000000 -0.000000 0 128
0.000000 -0.000000 -0.000000 0 128
0.000000 -0.000000 -0.000000 0 128
0.000000 -0.000000 -0.000000 0 128
0.000000 -0.000000 -0.000000 0 128
0.000000 -0.000000 -0.000000 0 128
0.000000 -0.000000 -0.000000 0 128
0.000000 -0.000000 -0.000000 0 128
0.000000 -0.000000 -0.000000 0 128
0.000000 -0.000000 -0.000000 0 128
0.000000 -0.000000 -0.000000 0 0
0.000000 -0.000000 -0.000000 0 128
0.000000 -0.000000 -0.000000 0 128
0.000000 -0.000000 -0.000000 0 128
0.000000 -0.000000 -0.000000 0 0
0.000000 -0.000000 -0.000000 0 128
0.000000 -0.000000 -0.000000 0 128
0.000000 -0.000000 -0.000000 0 128
0.000000 -0.000000 -0.000000 0 0
0.000000 -0.000000 -0.000000 0 128
0.000000 -0.000000 -0.000000 0 128
0.000000 -0.000000 -0.000000 0 128
0.000000 -0.000000 -0.000000 0 0
0.000000 -0.000000 -0.000000 0 0
0.000000 -0.000000 -0.000000 0 128
0.000000 -0.000000 -0.000000 0 128
0.000000 -0.000000 -0.000000 0 0
0.000000 -0.000000 -0.000000 0 0
0.000000 -0.000000 -0.000000 0 128
0.000000 -0.000000 -0.000000 0 128
0.000000 -0.000000 -0.000000 0 0
0.000000 -0.000000 -0.000000 0 0
0.000000 -0.000000 -0.000000 0 0
0.000000 -0.000000 -0.000000 0 128
0.000000 -0.000000 -0.000000 0 192
0.000000 -0.000000 -0.000000 0 0
0.000000 -0.000000 -0.000000 0 0
0.000000 -0.000000 -0.000000 0 128
0.000000 -0.000000 -0.000000 0 128
0.000000 -0.000000 -0.000000 0 192
0.000000 -0.000000 -0.000000 0 192
0.000000 -0.000000 -0.000000 0 192
0.000000 -0.000000 -0.000000 0 128
0.000000 -0.000000 -0.000000 0 128
0.000000 -0.000000 -0.000000 0 128
0.000000 -0.000000 -0.000000 0 128
0.000000 -0.000000 -0.000000 0 128
0.000000 -0.000000 -0.000000 0 0
0.000000 -0.000000 -0.000000 0 0
0.000000 -0.000000 -0.000000 0 128
0.000000 -0.000000 -0.000000 0 0
0.000000 -0.000000 -0.000000 0 0
0.000000 -0.000000 -0.000000 0 0
0.000000 -0.000000 -0.000000 0 128
0.000000 -0.000000 -0.000000 0 0
0.000000 -0.000000 -0.000000 0 0
0.000000 -0.000000 -0.000000 0 0
0.000000 -0.000000 -0.000000 0 128
0.000000 -0.000000 -0.000000 0 0
0.000000 -0.000000 -0.000000 0 0
0.000000 -0.000000 -0.000000 0 0
0.000000 -0.000000 -0.000000 0 128
0.000000 -0.000000 -0.000000 0 0
0.000000 -0.000000 -0.000000 0 0
0.000000 -0.000000 -0.000000 0 0
0.000000 -0.000000 -0.000000 0 0
0.000000 -0.000000 -0.000000 0 0
0.000000 -0.000000 -0.000000 0 0
0.000000 -0.000000 -0.000000 0 0
0.000000 -0.000000 -0.000000 0 0
0.000000 -0.000000 -0.000000 0 0
0.000000 -0.000000 -0.000000 0 0
0.000000 -0.000000 -0.000000 0 0
0.000000 -0.000000 -0.000000 0 0
0.000000 -0.000000 -0.000000 0 0
0.000000 -0.000000 -0.000000 0 0
0.000000 -0.000000 -0.000000 0 0
0.000000 -0.000000 -0.000000 0 0
0.000000 -0.000000 -0.000000 0 0
0.000000 -0.000000 -0.000000 0 0
0.000000 -0.000000 -0.000000 0 0
0.000000 -0.000000 -0.000000 0 0
0.000000 -0.000000 -0.000000 0 0
0.000000 -0.000000 -0.000000 0 0
0.000000 -0.000000 -0.000000 0 0
0.000000 -0.000000 -0.000000 0 0
0.000000 -0.000000 -0.000000 0 0
0.000000 -0.000000 -0.000000 0 0
0.000000 -0.000000 -0.000000 0 0
0.000000 -0.000000 -0.000000 0 0
0.000000 -0.000000 -0.000000 0 0
0.000000 -0.000000 -0.000000 0 0
0.000000 -0.000000 -0.000000 0 0
0.000000 -0.000000 -0.000000 0 0
0.000000 -0.000000 -0.000000 0 0
0.000000 -0.000000 -0.000000 0 0
0.000000 -0.000000 -0.000000 0 0
0.000000 -0.000000 -0.000000 0 0
0.000000 -0.000000 -0.000000 0 0
0.000000 -0.000000 -0.000000 0 0
0.000000 -0.000000 -0.000000 0 0
0.000000 -0.000000 -0.000000 0 0
0.000000 -0.000000 -0.000000 0 0
0.000000 -0.000000 -0.000000 0 0
0.000000 -0.000000 -0.000000 0 0
0.000000 -0.000000 -0.000000 0 0
0.000000 -0.000000 -0.000000 0 0
0.000000 -0.000000 -0.000000 0 0
0.000000 -0.000000 -0.000000 0 0
0.000000 -0.000000 -0.000000 0 128
0.000000 -0.000000 -0.000000 0 0
0.000000 -0.000000 -0.000000 0 128
0.000000 -0.000000 -0.000000 0 128
0.000000 -0.000000 -0.000000 0 128
0.000000 -0.000000 -0.000000 0 0
0.000000 -0.000000 -0.000000 0 128
0.000000 -0.000000 -0.000000 0 128
0.000000 -0.000000 -0.000000 0 128
0.000000 -0.000000 -0.000000 0 0
0.000000 -0.000000 -0.000000 0 0
0.000000 -0.000000 -0.000000 0 128
0.000000 -0.000000 -0.000000 0 128
0.000000 -0.000000 -0.000000 0 0
0.000000 -0.000000 -0.000000 0 0
0.000000 -0.000000 -0.000000 0 128
0.000000 -0.000000 -0.000000 0 128
0.000000 -0.000000 -0.000000 0 0
0.000000 -0.000000 -0.000000 0 0
0.000000 -0.000000 -0.000000 0 0
0.000000 -0.000000 -0.000000 0 128
0.000000 -0.000000 -0.000000 0 192
0.000000 -0.000000 -0.000000 0 0
0.000000 -0.000000 -0.000000 0 0
0.000000 -0.000000 -0.000000 0 128
0.000000 -0.000000 -0.000000 0 128
0.000000 -0.000000 -0.000000 0 192
0.000000 -0.000000 -0.000000 0 192
0.000000 -0.000000 -0.000000 0 192
0.000000 -0.000000 -0.000000 0 128
0.000000 -0.000000 -0.000000 0 128
0.000000 -0.000000 -0.000000 0 128
0.000000 -0.000000 -0.000000 0 128
0.000000 -0.000000 -0.000000 0 128
0.000000 -0.000000 -0.000000 0 0
0.000000 -0.000000 -0.000000 0 0
0.000000 -0.000000 -0.000000 0 128
0.000000 -0.000000 -0.000000 0 0
0.000000 -0.000000 -0.000000 0 0
0.000000 -0.000000 -0.000000 0 0
0.000000 -0.000000 -0.000000 0 128
0.000000 -0.000000 -0.000000 0 0
0.000000 -0.000000 -0.000000 0 0
0.000000 -0.000000 -0.000000 0 0
0.000000 -0.000000 -0.000000 0 128
0.000000 -0.000000 -0.000000 0 0
0.000000 -0.000000 -0.000000 0 0
0.000000 -0.000000 -0.000000 0 0
0.000000 -0.000000 -0.000000 0 128
0.000000 -0.000000 -0.000000 0 0
0.000000 -0.000000 -0.000000 0 0
0.000000 -0.000000 -0.000000 0 0
0.000000 -0.000000 -0.000000 0 0
0.000000 -0.000000 -0.000000 0 0
0.000000 -0.000000 -0.000000 0 0
0.000000 -0.000000 -0.000000 0 0
0.000000 -0.000000 -0.000000 0 0
0.000000 -0.000000 -0.000000 0 0
0.000000 -0.000000 -0.000000 0 0
0.000000 -0.000000 -0.000000 0 0
0.000000 -0.000000 -0.000000 0 0
0.000000 -0.000000 -0.000000 0 0
0.000000 -0.000000 -0.000000 0 0
0.000000 -0.000000 -0.000000 0 0
0.000000 -0.000000 -0.000000 0 0
0.000000 -0.000000 -0.000000 0 0
0.000000 -0.000000 -0.000000 0 0
0.000000 -0.000000 -0.000000 0 0
0.000000 -0.000000 -0.000000 0 0
0.000000 -0.000000 -0.000000 0 0
0.000000 -0.000000 -0.000000 0 0
0.000000 -0.000000 -0.000000 0 0
0.000000 -0.000000 -0.000000 0 0
0.000000 -0.000000 -0.000000 0 0
0.000000 -0.000000 -0.000000 0 0
0.000000 -0.000000 -0.000000 0 0
0.000000 -0.000000 -0.000000 0 0
0.000000 -0.000000 -0.000000 0 0
0.000000 -0.000000 -0.000000 0 0
0.000000 -0.000000 -0.000000 0 0
0.000000 -0.000000 -0.000000 0 0
0.000000 -0.000000 -0.000000 0 0
0.000000 -0.000000 -0.000000 0 0
0.000000 -0.000000 -0.000000 0 0
0.000000 -0.000000 -0.000000 0 0
0.000000 -0.000000 -0.000000 0 0
0.000000 -0.000000 -0.000000 0 0
0.000000 -0.000000 -0.000000 0 0
0.000000 -0.000000 -0.000000 0 0
0.000000 -0.000000 -0.000000 0 0
0.000000 -0.000000 -0.000000 0 0
0.000000 -0.000000 -0.000000 0 0
0.000000 -0.000000 -0.000000 0 0
0.000000 -0.000000 -0.000000 0 0
0.000000 -0.000000 -0.000000 0 0
0.000000 -0.000000 -0.000000 0 0
0.000000 -0.000000 -0.000000 0 128
0.000000 -0.000000 -0.000000 0 0
0.000000 -0.000000 -0.000000 0 0
0.000000 -0.000000 -0.000000 0 0
0.000000 -0.000000 -0.000000 0 128
0.000000 -0.000000 -0.000000 0 0
0.000000 -0.000000 -0.000000 0 0
0.000000 -0.000000 -0.000000 0 0
0.000000 -0.000000 -0.000000 0 128
0.000000 -0.000000 -0.000000 0 0
0.000000 -0.000000 -0.000000 0 0
0.000000 -0.000000 -0.000000 0 0
0.000000 -0.000000 -0.000000 0 128
0.000000 -0.000000 -0.000000 0 0
0.000000 -0.000000 -0.000000 0 0
0.000000 -0.000000 -0.000000 0 0
0.000000 -0.000000 -0.000000 0 128
0.000000 -0.000000 -0.000000 0 0
0.000000 -0.000000 -0.000000 0 0
0.000000 -0.000000 -0.000000 0 0
0.000000 -0.000000 -0.000000 0 128
0.000000 -0.000000 -0.000000 0 0
0.000000 -0.000000 -0.000000 0 0
0.000000 -0.000000 -0.000000 0 0
0.000000 -0.000000 -0.000000 0 128
0.000000 -0.000000 -0.000000 0 0
0.000000 -0.000000 -0.000000 0 0
0.000000 -0.000000 -0.000000 0 0
0.000000 -0.000000 -0.000000 0 0
0.000000 -0.000000 -0.000000 0 0
0.000000 -0.000000 -0.000000 0 0
0.000000 -0.000000 -0.000000 0 0
0.000000 -0.000000 -0.000000 0 0
0.000000 -0.000000 -0.000000 0 0
0.000000 -0.000000 -0.000000 0 0
0.000000 -0.000000 -0.000000 0 0
0.000000 -0.000000 -0.000000 0 0
0.000000 -0.000000 -0.000000 0 0
0.000000 -0.000000 -0.000000 0 0
0.000000 -0.000000 -0.000000 0 0
0.000000 -0.000000 -0.000000 0 128
0.000000 -0.000000 -0.000000 0 0
0.000000 -0.000000 -0.000000 0 0
0.000000 -0.000000 -0.000000 0 0
0.000000 -0.000000 -0.000000 0 128
0.000000 -0.000000 -0.000000 0 0
0.000000 -0.000000 -0.000000 0 0
0.000000 -0.000000 -0.000000 0 0
0.000000 -0.000000 -0.000000 0 128
0.000000 -0.000000 -0.000000 0 0
0.000000 -0.000000 -0.000000 0 128
0.000000 -0.000000 -0.000000 0 128
0.000000 -0.000000 -0.000000 0 192
0.000000 -0.000000 -0.000000 0 128
0.000000 -0.000000 -0.000000 0 128
0.000000 -0.000000 -0.000000 0 128
0.000000 -0.000000 -0.000000 0 128
0.000000 -0.000000 -0.000000 0 128
0.000000 -0.000000 -0.000000 0 128
0.000000 -0.000000 -0.000000 0 128
0.000000 -0.000000 -0.000000 0 192
0.000000 -0.000000 -0.000000 0 128
0.000000 -0.000000 -0.000000 0 128
0.000000 -0.000000 -0.000000 0 128
0.000000 -0.000000 -0.000000 0 128
0.000000 -0.000000 -0.000000 0 128
0.000000 -0.000000 -0.000000 0 128
0.000000 -0.000000 -0.000000 0 128
0.000000 -0.000000 -0.000000 0 128
0.000000 -0.000000 -0.000000 0 0
0.000000 -0.000000 -0.000000 0 128
0.000000 -0.000000 -0.000000 0 128
0.000000 -0.000000 -0.000000 0 128
0.000000 -0.000000 -0.000000 0 0
0.000000 -0.000000 -0.000000 0 0
0.000000 -0.000000 -0.000000 0 0
0.000000 -0.000000 -0.000000 0 128
0.000000 -0.000000 -0.000000 0 0
0.000000 -0.000000 -0.000000 0 0
0.000000 -0.000000 -0.000000 0 0
0.000000 -0.000000 -0.000000 0 128
0.000000 -0.000000 -0.000000 0 0
0.000000 -0.000000 -0.000000 0 0
0.000000 -0.000000 -0.000000 0 0
0.000000 -0.000000 -0.000000 0 128
0.000000 -0.000000 -0.000000 0 0
0.000000 -0.000000 -0.000000 0 0
0.000000 -0.000000 -0.000000 0 0
0.000000 -0.000000 -0.000000 0 128
0.000000 -0.000000 -0.000000 0 0
0.000000 -0.000000 -0.000000 0 0
0.000000 -0.000000 -0.000000 0 0
0.000000 -0.000000 -0.000000 0 0
0.000000 -0.000000 -0.000000 0 0
0.000000 -0.000000 -0.000000 0 0
0.000000 -0.000000 -0.000000 0 0
0.000000 -0.000000 -0.000000 0 128
0.000000 -0.000000 -0.000000 0 0
0.000000 -0.000000 -0.000000 0 0
0.000000 -0.000000 -0.000000 0 0
0.000000 -0.000000 -0.000000 0 128
0.000000 -0.000000 -0.000000 0 0
0.000000 -0.000000 -0.000000 0 0
0.000000 -0.000000 -0.000000 0 0
0.000000 -0.000000 -0.000000 0 128
0.000000 -0.000000 -0.000000 0 0
0.000000 -0.000000 -0.000000 0 0
0.000000 -0.000000 -0.000000 0 0
0.000000 -0.000000 -0.000000 0 128
0.000000 -0.000000 -0.000000 0 0
0.000000 -0.000000 -0.000000 0 0
0.000000 -0.000000 -0.000000 0 0
0.000000 -0.000000 -0.000000 0 128
0.000000 -0.000000 -0.000000 0 0
0.000000 -0.000000 -0.000000 0 0
0.000000 -0.000000 -0.000000 0 0
0.000000 -0.000000 -0.000000 0 128
0.000000 -0.000000 -0.000000 0 0
0.000000 -0.000000 -0.000000 0 0
0.000000 -0.000000 -0.000000 0 0
0.000000 -0.000000 -0.000000 0 128
0.000000 -0.000000 -0.000000 0 0
0.000000 -0.000000 -0.000000 0 0
0.000000 -0.000000 -0.000000 0 0
0.000000 -0.000000 -0.000000 0 0
0.000000 -0.000000 -0.000000 0 0
0.000000 -0.000000 -0.000000 0 0
0.000000 -0.000000 -0.000000 0 0
0.000000 -0.000000 -0.000000 0 0
0.000000 -0.000000 -0.000000 0 0
0.000000 -0.000000 -0.000000 0 0
0.000000 -0.000000 -0.000000 0 0
0.000000 -0.000000 -0.000000 0 0
0.000000 -0.000000 -0.000000 0 0
0.000000 -0.000000 -0.000000 0 0
0.000000 -0.000000 -0.000000 0 0
0.000000 -0.000000 -0.000000 0 128
0.000000 -0.000000 -0.000000 0 0
0.000000 -0.000000 -0.000000 0 0
0.000000 -0.000000 -0.000000 0 0
0.000000 -0.000000 -0.000000 0 128
0.000000 -0.000000 -0.000000 0 0
0.000000 -0.000000 -0.000000 0 0
0.000000 -0.000000 -0.000000 0 0
0.000000 -0.000000 -0.000000 0 128
0.000000 -0.000000 -0.000000 0 0
0.000000 -0.000000 -0.000000 0 128
0.000000 -0.000000 -0.000000 0 128
0.000000 -0.000000 -0.000000 0 192
0.000000 -0.000000 -0.000000 0 128
0.000000 -0.000000 -0.000000 0 128
0.000000 -0.000000 -0.000000 0 128
0.000000 -0.000000 -0.000000 0 128
0.000000 -0.000000 -0.000000 0 128
0.000000 -0.000000 -0.000000 0 128
0.000000 -0.000000 -0.000000 0 128
0.000000 -0.000000 -0.000000 0 192
0.000000 -0.000000 -0.000000 0 128
0.000000 -0.000000 -0.000000 0 128
0.000000 -0.000000 -0.000000 0 128
0.000000 -0.000000 -0.000000 0 128
0.000000 -0.000000 -0.000000 0 128
0.000000 -0.000000 -0.000000 0 128
0.000000 -0.000000 -0.000000 0 128
0.000000 -0.000000 -0.000000 0 128
0.000000 -0.000000 -0.000000 0 0
0.000000 -0.000000 -0.000000 0 128
0.000000 -0.000000 -0.000000 0 128
0.000000 -0.000000 -0.000000 0 128
0.000000 -0.000000 -0.000000 0 0
0.000000 -0.000000 -0.000000 0 0
0.000000 -0.000000 -0.000000 0 0
0.000000 -0.000000 -0.000000 0 128
0.000000 -0.000000 -0.000000 0 0
0.000000 -0.000000 -0.000000 0 0
0.000000 -0.000000 -0.000000 0 0
0.000000 -0.000000 -0.000000 0 128
0.000000 -0.000000 -0.000000 0 0
0.000000 -0.000000 -0.000000 0 0
0.000000 -0.000000 -0.000000 0 0
0.000000 -0.000000 -0.000000 0 128
0.000000 -0.000000 -0.000000 0 0
0.000000 -0.000000 -0.000000 0 0
0.000000 -0.000000 -0.000000 0 0
0.000000 -0.000000 -0.000000 0 128
0.000000 -0.000000 -0.000000 0 0
0.000000 -0.000000 -0.000000 0 0
0.000000 -0.000000 -0.000000 0 0
0.000000 -0.000000 -0.000000 0 0
0.000000 -0.000000 -0.000000 0 0
0.000000 -0.000000 -0.000000 0 0
0.000000 -0.000000 -0.000000 0 0
0.000000 -0.000000 -0.000000 0 128
0.000000 -0.000000 -0.000000 0 0
0.000000 -0.000000 -0.000000 0 0
0.000000 -0.000000 -0.000000 0 0
0.000000 -0.000000 -0.000000 0 128
0.000000 -0.000000 -0.000000 0 0
0.000000 -0.000000 -0.000000 0 0
0.000000 -0.000000 -0.000000 0 0
0.000000 -0.000000 -0.000000 0 128
0.000000 -0.000000 -0.000000 0 0
0.000000 -0.000000 -0.000000 0 0
0.000000 -0.000000 -0.000000 0 0
0.000000 -0.000000 -0.000000 0 0
0.000000 -0.000000 -0.000000 0 0
0.000000 -0.000000 -0.000000 0 0
0.000000 -0.000000 -0.000000 0 0
0.000000 -0.000000 -0.000000 0 0
0.000000 -0.000000 -0.000000 0 0
0.000000 -0.000000 -0.000000 0 0
0.000000 -0.000000 -0.000000 0 0
0.000000 -0.000000 -0.000000 0 0
0.000000 -0.000000 -0.000000 0 0
0.000000 -0.000000 -0.000000 0 0
0.000000 -0.000000 -0.000000 0 0
0.000000 -0.000000 -0.000000 0 0
0.000000 -0.000000 -0.000000 0 0
0.000000 -0.000000 -0.000000 0 0
0.000000 -0.000000 -0.000000 0 0
0.000000 -0.000000 -0.000000 0 0
0.000000 -0.000000 -0.000000 0 0
0.000000 -0.000000 -0.000000 0 0
0.000000 -0.000000 -0.000000 0 0
0.000000 -0.000000 -0.000000 0 0
0.000000 -0.000000 -0.000000 0 0
0.000000 -0.000000 -0.000000 0 0
0.000000 -0.000000 -0.000000 0 0
0.000000 -0.000000 -0.000000 0 0
0.000000 -0.000000 -0.000000 0 0
0.000000 -0.000000 -0.000000 0 0
0.000000 -0.000000 -0.000000 0 0
0.000000 -0.000000 -0.000000 0 0
0.000000 -0.000000 -0.000000 0 0
0.000000 -0.000000 -0.000000 0 0
0.000000 -0.000000 -0.000000 0 0
0.000000 -0.000000 -0.000000 0 0
0.000000 -0.000000 -0.000000 0 0
0.000000 -0.000000 -0.000000 0 0
0.000000 -0.000000 -0.000000 0 0
0.000000 -0.000000 -0.000000 0 0
0.000000 -0.000000 -0.000000 0 0
0.000000 -0.000000 -0.000000 0 0
0.000000 -0.000000 -0.000000 0 0
0.000000 -0.000000 -0.000000 0 0
0.000000 -0.000000 -0.000000 0 0
0.000000 -0.000000 -0.000000 0 0
0.000000 -0.000000 -0.000000 0 0
0.000000 -0.000000 -0.000000 0 0
0.000000 -0.000000 -0.000000 0 0
0.000000 -0.000000 -0.000000 0 0
0.000000 -0.000000 -0.000000 0 0
0.000000 -0.000000 -0.000000 0 0
0.000000 -0.000000 -0.000000 0 0
0.000000 -0.000000 -0.000000 0 0
0.000000 -0.000000 -0.000000 0 0
0.000000 -0.000000 -0.000000 0 0
0.000000 -0.000000 -0.000000 0 0
0.000000 -0.000000 -0.000000 0 0
0.000000 -0.000000 -0.000000 0 0
0.000000 -0.000000 -0.000000 0 0
0.000000 -0.000000 -0.000000 0 0
0.000000 -0.000000 -0.000000 0 0
0.000000 -0.000000 -0.000000 0 0
0.000000 -0.000000 -0.000000 0 0
0.000000 -0.000000 -0.000000 0 0
0.000000 -0.000000 -0.000000 0 0
0.000000 -0.000000 -0.000000 0 0
0.000000 -0.000000 -0.000000 0 128
0.000000 -0.000000 -0.000000 0 0
0.000000 -0.000000 -0.000000 0 0
0.000000 -0.000000 -0.000000 0 0
0.000000 -0.000000 -0.000000 0 128
0.000000 -0.000000 -0.000000 0 0
0.000000 -0.000000 -0.000000 0 0
0.000000 -0.000000 -0.000000 0 0
0.000000 -0.000000 -0.000000 0 128
0.000000 -0.000000 -0.000000 0 0
0.000000 -0.000000 -0.000000 0 0
0.000000 -0.000000 -0.000000 0 0
0.000000 -0.000000 -0.000000 0 128
0.000000 -0.000000 -0.000000 0 128
0.000000 -0.000000 -0.000000 0 0
0.000000 -0.000000 -0.000000 0 128
0.000000 -0.000000 -0.000000 0 128
0.000000 -0.000000 -0.000000 0 128
0.000000 -0.000000 -0.000000 0 128
0.000000 -0.000000 -0.000000 0 128
0.000000 -0.000000 -0.000000 0 128
0.000000 -0.000000 -0.000000 0 0
0.000000 -0.000000 -0.000000 0 0
0.000000 -0.000000 -0.000000 0 0
0.000000 -0.000000 -0.000000 0 128
0.000000 -0.000000 -0.000000 0 0
0.000000 -0.000000 -0.000000 0 0
0.000000 -0.000000 -0.000000 0 0
0.000000 -0.000000 -0.000000 0 128
0.000000 -0.000000 -0.000000 0 0
0.000000 -0.000000 -0.000000 0 0
0.000000 -0.000000 -0.000000 0 0
0.000000 -0.000000 -0.000000 0 0
0.000000 -0.000000 -0.000000 0 0
0.000000 -0.000000 -0.000000 0 0
0.000000 -0.000000 -0.000000 0 0
0.000000 -0.000000 -0.000000 0 0
0.000000 -0.000000 -0.000000 0 0
0.000000 -0.000000 -0.000000 0 0
0.000000 -0.000000 -0.000000 0 0
0.000000 -0.000000 -0.000000 0 0
0.000000 -0.000000 -0.000000 0 0
0.000000 -0.000000 -0.000000 0 0
0.000000 -0.000000 -0.000000 0 0
0.000000 -0.000000 -0.000000 0 0
0.000000 -0.000000 -0.000000 0 0
0.000000 -0.000000 -0.000000 0 0
0.000000 -0.000000 -0.000000 0 0
0.000000 -0.000000 -0.000000 0 0
0.000000 -0.000000 -0.000000 0 0
0.000000 -0.000000 -0.000000 0 0
0.000000 -0.000000 -0.000000 0 0
0.000000 -0.000000 -0.000000 0 0
0.000000 -0.000000 -0.000000 0 0
0.000000 -0.000000 -0.000000 0 0
0.000000 -0.000000 -0.000000 0 0
0.000000 -0.000000 -0.000000 0 0
0.000000 -0.000000 -0.000000 0 0
0.000000 -0.000000 -0.000000 0 0
0.000000 -0.000000 -0.000000 0 0
0.000000 -0.000000 -0.000000 0 0
0.000000 -0.000000 -0.000000 0 0
0.000000 -0.000000 -0.000000 0 0
0.000000 -0.000000 -0.000000 0 0
0.000000 -0.000000 -0.000000 0 0
0.000000 -0.000000 -0.000000 0 0
0.000000 -0.000000 -0.000000 0 0
0.000000 -0.000000 -0.000000 0 0
0.000000 -0.000000 -0.000000 0 0
0.000000 -0.000000 -0.000000 0 0
0.000000 -0.000000 -0.000000 0 0
0.000000 -0.000000 -0.000000 0 0
0.000000 -0.000000 -0.000000 0 0
0.000000 -0.000000 -0.000000 0 0
0.000000 -0.000000 -0.000000 0 0
0.000000 -0.000000 -0.000000 0 0
0.000000 -0.000000 -0.000000 0 0
0.000000 -0.000000 -0.000000 0 0
0.000000 -0.000000 -0.000000 0 0
0.000000 -0.000000 -0.000000 0 0
0.000000 -0.000000 -0.000000 0 0
0.000000 -0.000000 -0.000000 0 0
0.000000 -0.000000 -0.000000 0 0
0.000000 -0.000000 -0.000000 0 0
0.000000 -0.000000 -0.000000 0 0
0.000000 -0.000000 -0.000000 0 0
0.000000 -0.000000 -0.000000 0 0
0.000000 -0.000000 -0.000000 0 0
0.000000 -0.000000 -0.000000 0 0
0.000000 -0.000000 -0.000000 0 0
0.000000 -0.000000 -0.000000 0 0
0.000000 -0.000000 -0.000000 0 0
0.000000 -0.000000 -0.000000 0 0
0.000000 -0.000000 -0.000000 0 0
0.000000 -0.000000 -0.000000 0 0
0.000000 -0.000000 -0.000000 0 0
0.000000 -0.000000 -0.000000 0 128
0.000000 -0.000000 -0.000000 0 0
0.000000 -0.000000 -0.000000 0 0
0.000000 -0.000000 -0.000000 0 0
0.000000 -0.000000 -0.000000 0 128
0.000000 -0.000000 -0.000000 0 0
0.000000 -0.000000 -0.000000 0 0
0.000000 -0.000000 -0.000000 0 0
0.000000 -0.000000 -0.000000 0 128
0.000000 -0.000000 -0.000000 0 0
0.000000 -0.000000 -0.000000 0 0
0.000000 -0.000000 -0.000000 0 0
0.000000 -0.000000 -0.000000 0 128
0.000000 -0.000000 -0.000000 0 128
0.000000 -0.000000 -0.000000 0 0
0.000000 -0.000000 -0.000000 0 128
0.000000 -0.000000 -0.000000 0 128
0.000000 -0.000000 -0.000000 0 128
0.000000 -0.000000 -0.000000 0 128
0.000000 -0.000000 -0.000000 0 128
0.000000 -0.000000 -0.000000 0 128
0.000000 -0.000000 -0.000000 0 128
0.000000 -0.000000 -0.000000 0 0
0.000000 -0.000000 -0.000000 0 0
0.000000 -0.000000 -0.000000 0 128
0.000000 -0.000000 -0.000000 0 128
0.000000 -0.000000 -0.000000 0 0
0.000000 -0.000000 -0.000000 0 0
0.000000 -0.000000 -0.000000 0 128
0.000000 -0.000000 -0.000000 0 128
0.000000 -0.000000 -0.000000 0 0
0.000000 -0.000000 -0.000000 0 0
0.000000 -0.000000 -0.000000 0 128
0.000000 -0.000000 -0.000000 0 128
0.000000 -0.000000 -0.000000 0 0
0.000000 -0.000000 -0.000000 0 0
0.000000 -0.000000 -0.000000 0 128
0.000000 -0.000000 -0.000000 0 128
0.000000 -0.000000 -0.000000 0 0
0.000000 -0.000000 -0.000000 0 0
0.000000 -0.000000 -0.000000 0 128
0.000000 -0.000000 -0.000000 0 128
0.000000 -0.000000 -0.000000 0 0
0.000000 -0.000000 -0.000000 0 0
0.000000 -0.000000 -0.000000 0 128
0.000000 -0.000000 -0.000000 0 128
0.000000 -0.000000 -0.000000 0 0
0.000000 -0.000000 -0.000000 0 0
0.000000 -0.000000 -0.000000 0 128
0.000000 -0.000000 -0.000000 0 128
0.000000 -0.000000 -0.000000 0 0
0.000000 -0.000000 -0.000000 0 0
0.000000 -0.000000 -0.000000 0 128
0.000000 -0.000000 -0.000000 0 128
0.000000 -0.000000 -0.000000 0 128
0.000000 -0.000000 -0.000000 0 0
0.000000 -0.000000 -0.000000 0 0
0.000000 -0.000000 -0.000000 0 128
0.000000 -0.000000 -0.000000 0 128
0.000000 -0.000000 -0.000000 0 0
0.000000 -0.000000 -0.000000 0 0
0.000000 -0.000000 -0.000000 0 128
0.000000 -0.000000 -0.000000 0 0
0.000000 -0.000000 -0.000000 0 0
0.000000 -0.000000 -0.000000 0 128
0.000000 -0.000000 -0.000000 0 128
0.000000 -0.000000 -0.000000 0 0
0.000000 -0.000000 -0.000000 0 128
0.000000 -0.000000 -0.000000 0 128
0.000000 -0.000000 -0.000000 0 128
0.000000 -0.000000 -0.000000 0 0
0.000000 -0.000000 -0.000000 0 128
0.000000 -0.000000 -0.000000 0 0
0.000000 -0.000000 -0.000000 0 128
0.000000 -0.000000 -0.000000 0 128
0.000000 -0.000000 -0.000000 0 128
0.000000 -0.000000 -0.000000 0 0
0.000000 -0.000000 -0.000000 0 128
0.000000 -0.000000 -0.000000 0 128
2.437000 -5.146000 -0.212000 5 0
1.145000 -2.658000 -0.107000 1 0
0.000000 -0.000000 -0.000000 0 128
2.502000 -5.112000 -0.202000 15 0
1.190000 -2.674000 -0.109000 0 0
1.072000 -2.658000 -0.108000 11 0
0.000000 -0.000000 -0.000000 0 128
2.381000 -5.164000 -0.199000 3 0
1.114000 -2.670000 -0.108000 9 0
1.112000 -2.958000 -0.122000 0 2
2.451000 -5.123000 -0.182000 8 0
0.000000 -0.000000 -0.000000 0 0
1.059000 -2.714000 -0.109000 0 0
1.867000 -5.343000 -0.222000 2 0
2.338000 -5.188000 -0.175000 1 0
0.000000 -0.000000 -0.000000 0 0
1.923000 -5.287000 -0.211000 1 0
1.742000 -5.386000 -0.227000 4 0
2.198000 -5.197000 -0.166000 20 0
1.992000 -5.252000 -0.186000 3 0
1.807000 -5.357000 -0.212000 6 0
1.600000 -5.373000 -0.229000 1 0
2.071000 -5.226000 -0.158000 76 0
1.860000 -5.274000 -0.181000 19 0
1.667000 -5.349000 -0.211000 2 0
1.463000 -5.372000 -0.232000 6 0
1.944000 -5.257000 -0.150000 31 0
1.733000 -5.298000 -0.177000 56 0
1.537000 -5.368000 -0.211000 10 0
1.342000 -5.425000 -0.237000 11 0
2.776000 -8.077000 -0.216000 9 0
1.607000 -5.329000 -0.174000 86 0
1.408000 -5.391000 -0.211000 20 0
1.217000 -5.461000 -0.242000 20 0
2.627000 -8.258000 -0.208000 23 0
1.483000 -5.364000 -0.170000 150 0
1.279000 -5.406000 -0.211000 40 0
1.082000 -5.450000 -0.245000 35 0
0.000000 -0.000000 -0.000000 0 128
0.000000 -0.000000 -0.000000 0 0
0.000000 -0.000000 -0.000000 0 0
0.000000 -0.000000 -0.000000 0 128
0.000000 -0.000000 -0.000000 0 128
0.000000 -0.000000 -0.000000 0 0
0.000000 -0.000000 -0.000000 0 0
0.000000 -0.000000 -0.000000 0 128
0.000000 -0.000000 -0.000000 0 128
0.000000 -0.000000 -0.000000 0 0
0.000000 -0.000000 -0.000000 0 0
0.000000 -0.000000 -0.000000 0 128
0.000000 -0.000000 -0.000000 0 128
0.000000 -0.000000 -0.000000 0 0
0.000000 -0.000000 -0.000000 0 0
0.000000 -0.000000 -0.000000 0 128
0.000000 -0.000000 -0.000000 0 128
0.000000 -0.000000 -0.000000 0 0
0.000000 -0.000000 -0.000000 0 0
0.000000 -0.000000 -0.000000 0 128
0.000000 -0.000000 -0.000000 0 128
0.000000 -0.000000 -0.000000 0 0
0.000000 -0.000000 -0.000000 0 0
0.000000 -0.000000 -0.000000 0 128
0.000000 -0.000000 -0.000000 0 128
0.000000 -0.000000 -0.000000 0 0
0.000000 -0.000000 -0.000000 0 0
0.000000 -0.000000 -0.000000 0 128
0.000000 -0.000000 -0.000000 0 128
0.000000 -0.000000 -0.000000 0 0
0.000000 -0.000000 -0.000000 0 0
0.000000 -0.000000 -0.000000 0 128
0.000000 -0.000000 -0.000000 0 128
0.000000 -0.000000 -0.000000 0 128
0.000000 -0.000000 -0.000000 0 0
0.000000 -0.000000 -0.000000 0 0
0.000000 -0.000000 -0.000000 0 128
0.000000 -0.000000 -0.000000 0 128
0.000000 -0.000000 -0.000000 0 0
0.000000 -0.000000 -0.000000 0 0
0.000000 -0.000000 -0.000000 0 128
0.000000 -0.000000 -0.000000 0 0
0.000000 -0.000000 -0.000000 0 0
0.000000 -0.000000 -0.000000 0 128
0.000000 -0.000000 -0.000000 0 128
0.000000 -0.000000 -0.000000 0 0
0.000000 -0.000000 -0.000000 0 128
0.000000 -0.000000 -0.000000 0 128
0.000000 -0.000000 -0.000000 0 128
0.000000 -0.000000 -0.000000 0 0
0.000000 -0.000000 -0.000000 0 128
0.000000 -0.000000 -0.000000 0 0
0.000000 -0.000000 -0.000000 0 128
0.000000 -0.000000 -0.000000 0 128
0.000000 -0.000000 -0.000000 0 128
0.000000 -0.000000 -0.000000 0 0
0.000000 -0.000000 -0.000000 0 128
0.000000 -0.000000 -0.000000 0 128
2.437000 -5.146000 -0.212000 5 0
1.145000 -2.658000 -0.107000 1 0
0.000000 -0.000000 -0.000000 0 128
2.502000 -5.112000 -0.202000 15 0
1.190000 -2.674000 -0.109000 0 0
1.072000 -2.658000 -0.108000 11 0
0.000000 -0.000000 -0.000000 0 128
2.381000 -5.164000 -0.199000 3 0
1.114000 -2.670000 -0.108000 9 0
1.112000 -2.958000 -0.122000 0 2
2.451000 -5.123000 -0.182000 8 0
0.000000 -0.000000 -0.000000 0 0
1.059000 -2.714000 -0.109000 0 0
1.867000 -5.343000 -0.222000 2 0
2.338000 -5.188000 -0.175000 1 0
0.000000 -0.000000 -0.000000 0 0
1.923000 -5.287000 -0.211000 1 0
1.742000 -5.386000 -0.227000 4 0
2.198000 -5.197000 -0.166000 20 0
1.992000 -5.252000 -0.186000 3 0
1.807000 -5.357000 -0.212000 6 0
1.600000 -5.373000 -0.229000 1 0
2.071000 -5.226000 -0.158000 76 0
1.860000 -5.274000 -0.181000 19 0
1.667000 -5.349000 -0.211000 2 0
1.463000 -5.372000 -0.232000 6 0
1.944000 -5.257000 -0.150000 31 0
1.733000 -5.298000 -0.177000 56 0
1.537000 -5.368000 -0.211000 10 0
1.342000 -5.425000 -0.237000 11 0
2.776000 -8.077000 -0.216000 9 0
1.607000 -5.329000 -0.174000 86 0
1.408000 -5.391000 -0.211000 20 0
1.217000 -5.461000 -0.242000 20 0
2.627000 -8.258000 -0.208000 23 0
1.483000 -5.364000 -0.170000 150 0
1.279000 -5.406000 -0.211000 40 0
1.082000 -5.450000 -0.245000 35 0
1.729000 -5.901000 -0.139000 24 0
1.356000 -5.391000 -0.166000 28 0
1.152000 -5.428000 -0.211000 57 0
1.756000 -10.076000 -0.458000 21 0
2.229000 -8.315000 -0.184000 49 0
1.228000 -5.409000 -0.163000 3 0
1.026000 -5.463000 -0.211000 8 0
1.531000 -10.172000 -0.469000 3 0
2.033000 -8.361000 -0.172000 74 0
1.710000 -8.430000 -0.248000 25 0
1.661000 -10.129000 -0.392000 103 0
1.085000 -8.574000 -0.400000 10 0
1.841000 -8.412000 -0.161000 9 0
1.803000 -10.096000 -0.289000 102 0
1.431000 -10.200000 -0.395000 51 0
0.000000 -0.000000 -0.000000 0 0
1.956000 -10.062000 -0.178000 99 0
1.571000 -10.151000 -0.284000 101 0
0.000000 -0.000000 -0.000000 0 0
0.000000 -0.000000 -0.000000 0 192
1.721000 -10.108000 -0.165000 97 0
1.117000 -8.551000 -0.232000 12 0
0.000000 -0.000000 -0.000000 0 0
0.000000 -0.000000 -0.000000 0 128
1.491000 -10.176000 -0.153000 102 0
0.000000 -0.000000 -0.000000 0 0
0.000000 -0.000000 -0.000000 0 128
0.000000 -0.000000 -0.000000 0 128
1.050000 -8.568000 -0.117000 5 0
0.000000 -0.000000 -0.000000 0 192
0.000000 -0.000000 -0.000000 0 128
0.000000 -0.000000 -0.000000 0 128
0.000000 -0.000000 -0.000000 0 0
0.000000 -0.000000 -0.000000 0 128
0.000000 -0.000000 -0.000000 0 192
0.000000 -0.000000 -0.000000 0 192
0.000000 -0.000000 -0.000000 0 128
0.000000 -0.000000 -0.000000 0 128
0.000000 -0.000000 -0.000000 0 128
0.000000 -0.000000 -0.000000 0 128
0.000000 -0.000000 -0.000000 0 128
0.000000 -0.000000 -0.000000 0 128
0.000000 -0.000000 -0.000000 0 192
0.000000 -0.000000 -0.000000 0 128
0.000000 -0.000000 -0.000000 0 128
0.000000 -0.000000 -0.000000 0 128
0.000000 -0.000000 -0.000000 0 128
-0.172000 -2.086000 -0.111000 0 0
0.000000 -0.000000 -0.000000 0 128
0.000000 -0.000000 -0.000000 0 128
0.000000 -0.000000 -0.000000 0 0
-0.206000 -1.953000 -0.105000 1 0
0.000000 -0.000000 -0.000000 0 192
0.000000 -0.000000 -0.000000 0 128
-0.189000 -2.031000 -0.080000 1 0
-0.237000 -1.834000 -0.101000 1 0
0.000000 -0.000000 -0.000000 0 128
-0.167000 -2.092000 -0.046000 2 0
-0.221000 -1.898000 -0.075000 1 0
-0.262000 -1.719000 -0.096000 1 0
0.000000 -0.000000 -0.000000 0 128
-0.203000 -1.965000 -0.042000 3 0
-0.249000 -1.778000 -0.070000 1 0
-0.285000 -1.620000 -0.092000 2 0
-0.181000 -2.040000 -0.005000 2 0
-0.234000 -1.843000 -0.039000 4 0
-0.274000 -1.676000 -0.067000 2 0
-0.306000 -1.532000 -0.088000 2 0
-0.215000 -1.907000 -0.003000 2 0
-0.260000 -1.729000 -0.036000 10 0
-0.297000 -1.586000 -0.064000 2 0
-0.473000 -2.116000 -0.124000 41 0
-0.244000 -1.786000 -0.001000 2 0
-0.283000 -1.617000 -0.033000 17 0
-0.317000 -1.498000 -0.061000 3 0
-0.500000 -2.017000 -0.120000 63 0
-0.269000 -1.677000 -0.000000 2 0
-0.304000 -1.528000 -0.030000 17 0
-0.491000 -2.081000 -0.085000 14 0
-0.522000 -1.915000 -0.116000 60 0
-0.293000 -1.585000 0.002000 2 0
-0.477000 -2.135000 -0.042000 8 0
-0.511000 -1.961000 -0.081000 56 0
-0.542000 -1.825000 -0.113000 67 0
-0.311000 -1.485000 0.003000 2 0
-0.501000 -2.019000 -0.039000 65 0
-0.534000 -1.872000 -0.078000 69 0
-0.562000 -1.745000 -0.110000 76 0
-0.489000 -2.084000 0.007000 57 0
-0.524000 -1.919000 -0.036000 65 0
-0.556000 -1.791000 -0.075000 64 0
-0.581000 -1.673000 -0.107000 74 0
-0.512000 -1.973000 0.009000 59 0
-0.546000 -1.828000 -0.034000 64 0
-0.571000 -1.702000 -0.072000 72 0
-0.599000 -1.604000 -0.105000 77 0
1.729000 -5.901000 -0.139000 24 0
1.356000 -5.391000 -0.166000 28 0
1.152000 -5.428000 -0.211000 57 0
1.756000 -10.076000 -0.458000 21 0
2.229000 -8.315000 -0.184000 49 0
1.228000 -5.409000 -0.163000 3 0
1.026000 -5.463000 -0.211000 8 0
1.531000 -10.172000 -0.469000 3 0
2.033000 -8.361000 -0.172000 74 0
1.710000 -8.430000 -0.248000 25 0
1.661000 -10.129000 -0.392000 103 0
1.085000 -8.574000 -0.400000 10 0
1.841000 -8.412000 -0.161000 9 0
1.803000 -10.096000 -0.289000 102 0
1.431000 -10.200000 -0.395000 51 0
0.000000 -0.000000 -0.000000 0 0
1.956000 -10.062000 -0.178000 99 0
1.571000 -10.151000 -0.284000 101 0
0.000000 -0.000000 -0.000000 0 0
0.000000 -0.000000 -0.000000 0 192
1.721000 -10.108000 -0.165000 97 0
1.117000 -8.551000 -0.232000 12 0
0.000000 -0.000000 -0.000000 0 0
0.000000 -0.000000 -0.000000 0 128
1.491000 -10.176000 -0.153000 102 0
0.000000 -0.000000 -0.000000 0 0
0.000000 -0.000000 -0.000000 0 128
0.000000 -0.000000 -0.000000 0 128
1.050000 -8.568000 -0.117000 5 0
0.000000 -0.000000 -0.000000 0 192
0.000000 -0.000000 -0.000000 0 128
0.000000 -0.000000 -0.000000 0 128
0.000000 -0.000000 -0.000000 0 0
0.000000 -0.000000 -0.000000 0 128
0.000000 -0.000000 -0.000000 0 192
0.000000 -0.000000 -0.000000 0 192
0.000000 -0.000000 -0.000000 0 128
0.000000 -0.000000 -0.000000 0 128
0.000000 -0.000000 -0.000000 0 128
0.000000 -0.000000 -0.000000 0 128
0.000000 -0.000000 -0.000000 0 128
0.000000 -0.000000 -0.000000 0 128
0.000000 -0.000000 -0.000000 0 192
0.000000 -0.000000 -0.000000 0 128
0.000000 -0.000000 -0.000000 0 128
0.000000 -0.000000 -0.000000 0 128
0.000000 -0.000000 -0.000000 0 128
-0.172000 -2.086000 -0.111000 0 0
0.000000 -0.000000 -0.000000 0 128
0.000000 -0.000000 -0.000000 0 128
0.000000 -0.000000 -0.000000 0 0
-0.206000 -1.953000 -0.105000 1 0
0.000000 -0.000000 -0.000000 0 192
0.000000 -0.000000 -0.000000 0 128
-0.189000 -2.031000 -0.080000 1 0
-0.237000 -1.834000 -0.101000 1 0
0.000000 -0.000000 -0.000000 0 128
-0.167000 -2.092000 -0.046000 2 0
-0.221000 -1.898000 -0.075000 1 0
-0.262000 -1.719000 -0.096000 1 0
0.000000 -0.000000 -0.000000 0 128
-0.203000 -1.965000 -0.042000 3 0
-0.249000 -1.778000 -0.070000 1 0
-0.285000 -1.620000 -0.092000 2 0
-0.181000 -2.040000 -0.005000 2 0
-0.234000 -1.843000 -0.039000 4 0
-0.274000 -1.676000 -0.067000 2 0
-0.306000 -1.532000 -0.088000 2 0
-0.215000 -1.907000 -0.003000 2 0
-0.260000 -1.729000 -0.036000 10 0
-0.297000 -1.586000 -0.064000 2 0
-0.473000 -2.116000 -0.124000 41 0
-0.244000 -1.786000 -0.001000 2 0
-0.283000 -1.617000 -0.033000 17 0
-0.317000 -1.498000 -0.061000 3 0
-0.500000 -2.017000 -0.120000 63 0
-0.269000 -1.677000 -0.000000 2 0
-0.304000 -1.528000 -0.030000 17 0
-0.491000 -2.081000 -0.085000 14 0
-0.522000 -1.915000 -0.116000 60 0
-0.293000 -1.585000 0.002000 2 0
-0.477000 -2.135000 -0.042000 8 0
-0.511000 -1.961000 -0.081000 56 0
-0.542000 -1.825000 -0.113000 67 0
-0.311000 -1.485000 0.003000 2 0
-0.501000 -2.019000 -0.039000 65 0
-0.534000 -1.872000 -0.078000 69 0
-0.562000 -1.745000 -0.110000 76 0
-0.489000 -2.084000 0.007000 57 0
-0.524000 -1.919000 -0.036000 65 0
-0.556000 -1.791000 -0.075000 64 0
-0.581000 -1.673000 -0.107000 74 0
-0.512000 -1.973000 0.009000 59 0
-0.546000 -1.828000 -0.034000 64 0
-0.571000 -1.702000 -0.072000 72 0
-0.599000 -1.604000 -0.105000 77 0
-0.534000 -1.874000 0.010000 58 0
-0.567000 -1.750000 -0.032000 69 0
-0.589000 -1.629000 -0.069000 73 0
-0.615000 -1.539000 -0.102000 76 0
-0.557000 -1.793000 0.012000 65 0
-0.584000 -1.669000 -0.030000 65 0
-0.606000 -1.562000 -0.067000 76 0
-0.635000 -1.490000 -0.101000 17 0
-0.574000 -1.702000 0.013000 64 0
-0.601000 -1.597000 -0.028000 70 0
-0.627000 -1.512000 -0.066000 14 0
-0.641000 -1.415000 -0.098000 16 0
-0.594000 -1.632000 0.014000 71 0
-0.618000 -1.530000 -0.026000 74 0
-0.638000 -1.443000 -0.064000 16 0
-0.656000 -1.364000 -0.096000 15 0
-0.610000 -1.560000 0.015000 74 0
-0.639000 -1.482000 -0.025000 14 0
-0.651000 -1.386000 -0.062000 14 0
-0.673000 -1.323000 -0.095000 15 0
-0.630000 -1.506000 0.016000 14 0
-0.648000 -1.411000 -0.023000 13 0
-0.663000 -1.331000 -0.060000 14 0
-0.684000 -1.271000 -0.093000 14 0
-0.646000 -1.444000 0.017000 15 64
-0.664000 -1.361000 -0.022000 13 0
-0.680000 -1.290000 -0.059000 14 0
-0.703000 -1.238000 -0.092000 18 0
-0.656000 -1.379000 0.017000 15 0
-0.678000 -1.311000 -0.021000 13 0
-0.696000 -1.249000 -0.058000 17 0
-0.706000 -1.181000 -0.090000 18 0
-0.672000 -1.329000 0.018000 14 0
-0.690000 -1.261000 -0.020000 16 0
-0.706000 -1.201000 -0.057000 16 0
-0.711000 -1.131000 -0.088000 17 64
-0.685000 -1.278000 0.019000 14 0
-0.702000 -1.214000 -0.019000 16 0
-0.711000 -1.149000 -0.055000 16 0
-0.721000 -1.092000 -0.087000 18 0
-0.697000 -1.228000 0.019000 13 0
-0.712000 -1.167000 -0.018000 16 0
-0.717000 -1.101000 -0.053000 16 0
-0.728000 -1.049000 -0.085000 18 0
-0.704000 -1.175000 0.020000 17 0
-0.721000 -1.122000 -0.017000 16 0
-0.727000 -1.061000 -0.052000 16 0
-0.736000 -1.011000 -0.084000 18 64
-0.715000 -1.130000 0.020000 17 0
-0.731000 -1.081000 -0.016000 16 0
-0.733000 -1.020000 -0.051000 15 0
-0.746000 -0.978000 -0.083000 18 64
-0.724000 -1.087000 0.021000 17 0
-0.736000 -1.034000 -0.016000 16 0
-0.743000 -0.985000 -0.050000 16 0
-0.757000 -0.948000 -0.083000 18 0
-0.733000 -1.045000 0.021000 18 0
-0.748000 -1.001000 -0.015000 16 0
-0.755000 -0.954000 -0.050000 15 0
-0.768000 -0.918000 -0.082000 19 0
-0.745000 -1.009000 0.022000 18 0
-0.755000 -0.962000 -0.014000 16 0
-0.761000 -0.918000 -0.049000 20 0
-0.776000 -0.887000 -0.081000 25 0
-0.753000 -0.971000 0.022000 19 0
-0.768000 -0.933000 -0.014000 16 0
-0.770000 -0.886000 -0.048000 20 0
-0.783000 -0.855000 -0.080000 20 0
-0.764000 -0.937000 0.022000 18 0
-0.776000 -0.899000 -0.013000 16 0
-0.783000 -0.860000 -0.047000 20 0
-0.796000 -0.831000 -0.080000 26 0
-0.773000 -0.903000 0.023000 26 0
-0.782000 -0.864000 -0.013000 16 0
-0.788000 -0.827000 -0.047000 20 0
-0.804000 -0.803000 -0.079000 26 0
-0.781000 -0.870000 0.023000 27 0
-0.793000 -0.836000 -0.012000 16 0
-0.799000 -0.801000 -0.046000 19 0
-0.808000 -0.771000 -0.078000 25 0
-0.788000 -0.835000 0.023000 26 0
-0.801000 -0.805000 -0.012000 15 0
-0.807000 -0.773000 -0.046000 19 0
-0.817000 -0.745000 -0.078000 24 0
-0.801000 -0.810000 0.023000 26 0
-0.811000 -0.778000 -0.011000 19 0
-0.813000 -0.743000 -0.045000 19 0
-0.820000 -0.716000 -0.077000 24 0
-0.811000 -0.781000 0.024000 26 0
-0.816000 -0.747000 -0.011000 18 0
-0.818000 -0.715000 -0.044000 19 0
-0.824000 -0.687000 -0.076000 24 0
-0.817000 -0.750000 0.024000 25 0
-0.821000 -0.716000 -0.010000 18 0
-0.825000 -0.688000 -0.044000 18 0
-0.833000 -0.663000 -0.075000 24 0
-0.534000 -1.874000 0.010000 58 0
-0.567000 -1.750000 -0.032000 69 0
-0.589000 -1.629000 -0.069000 73 0
-0.615000 -1.539000 -0.102000 76 0
-0.557000 -1.793000 0.012000 65 0
-0.584000 -1.669000 -0.030000 65 0
-0.606000 -1.562000 -0.067000 76 0
-0.635000 -1.490000 -0.101000 17 0
-0.574000 -1.702000 0.013000 64 0
-0.601000 -1.597000 -0.028000 70 0
-0.627000 -1.512000 -0.066000 14 0
-0.641000 -1.415000 -0.098000 16 0
-0.594000 -1.632000 0.014000 71 0
-0.618000 -1.530000 -0.026000 74 0
-0.638000 -1.443000 -0.064000 16 0
-0.656000 -1.364000 -0.096000 15 0
-0.610000 -1.560000 0.015000 74 0
-0.639000 -1.482000 -0.025000 14 0
-0.651000 -1.386000 -0.062000 14 0
-0.673000 -1.323000 -0.095000 15 0
-0.630000 -1.506000 0.016000 14 0
-0.648000 -1.411000 -0.023000 13 0
-0.663000 -1.331000 -0.060000 14 0
-0.684000 -1.271000 -0.093000 14 0
-0.646000 -1.444000 0.017000 15 64
-0.664000 -1.361000 -0.022000 13 0
-0.680000 -1.290000 -0.059000 14 0
-0.703000 -1.238000 -0.092000 18 0
-0.656000 -1.379000 0.017000 15 0
-0.678000 -1.311000 -0.021000 13 0
-0.696000 -1.249000 -0.058000 17 0
-0.706000 -1.181000 -0.090000 18 0
-0.672000 -1.329000 0.018000 14 0
-0.690000 -1.261000 -0.020000 16 0
-0.706000 -1.201000 -0.057000 16 0
-0.711000 -1.131000 -0.088000 17 64
-0.685000 -1.278000 0.019000 14 0
-0.702000 -1.214000 -0.019000 16 0
-0.711000 -1.149000 -0.055000 16 0
-0.721000 -1.092000 -0.087000 18 0
-0.697000 -1.228000 0.019000 13 0
-0.712000 -1.167000 -0.018000 16 0
-0.717000 -1.101000 -0.053000 16 0
-0.728000 -1.049000 -0.085000 18 0
-0.704000 -1.175000 0.020000 17 0
-0.721000 -1.122000 -0.017000 16 0
-0.727000 -1.061000 -0.052000 16 0
-0.736000 -1.011000 -0.084000 18 64
-0.715000 -1.130000 0.020000 17 0
-0.731000 -1.081000 -0.016000 16 0
-0.733000 -1.020000 -0.051000 15 0
-0.746000 -0.978000 -0.083000 18 64
-0.724000 -1.087000 0.021000 17 0
-0.736000 -1.034000 -0.016000 16 0
-0.743000 -0.985000 -0.050000 16 0
-0.757000 -0.948000 -0.083000 18 0
-0.733000 -1.045000 0.021000 18 0
-0.748000 -1.001000 -0.015000 16 0
-0.755000 -0.954000 -0.050000 15 0
-0.768000 -0.918000 -0.082000 19 0
-0.745000 -1.009000 0.022000 18 0
-0.755000 -0.962000 -0.014000 16 0
-0.761000 -0.918000 -0.049000 20 0
-0.776000 -0.887000 -0.081000 25 0
-0.753000 -0.971000 0.022000 19 0
-0.768000 -0.933000 -0.014000 16 0
-0.770000 -0.886000 -0.048000 20 0
-0.783000 -0.855000 -0.080000 20 0
-0.764000 -0.937000 0.022000 18 0
-0.776000 -0.899000 -0.013000 16 0
-0.783000 -0.860000 -0.047000 20 0
-0.796000 -0.831000 -0.080000 26 0
-0.773000 -0.903000 0.023000 26 0
-0.782000 -0.864000 -0.013000 16 0
-0.788000 -0.827000 -0.047000 20 0
-0.804000 -0.803000 -0.079000 26 0
-0.781000 -0.870000 0.023000 27 0
-0.793000 -0.836000 -0.012000 16 0
-0.799000 -0.801000 -0.046000 19 0
-0.808000 -0.771000 -0.078000 25 0
-0.788000 -0.835000 0.023000 26 0
-0.801000 -0.805000 -0.012000 15 0
-0.807000 -0.773000 -0.046000 19 0
-0.817000 -0.745000 -0.078000 24 0
-0.801000 -0.810000 0.023000 26 0
-0.811000 -0.778000 -0.011000 19 0
-0.813000 -0.743000 -0.045000 19 0
-0.820000 -0.716000 -0.077000 24 0
-0.811000 -0.781000 0.024000 26 0
-0.816000 -0.747000 -0.011000 18 0
-0.818000 -0.715000 -0.044000 19 0
-0.824000 -0.687000 -0.076000 24 0
-0.817000 -0.750000 0.024000 25 0
-0.821000 -0.716000 -0.010000 18 0
-0.825000 -0.688000 -0.044000 18 0
-0.833000 -0.663000 -0.075000 24 0
-0.824000 -0.720000 0.024000 25 0
-0.829000 -0.690000 -0.010000 18 0
-0.836000 -0.665000 -0.043000 15 0
-0.840000 -0.639000 -0.075000 19 64
-0.829000 -0.690000 0.024000 24 0
-0.836000 -0.663000 -0.010000 18 0
-0.842000 -0.639000 -0.043000 15 0
-0.847000 -0.615000 -0.074000 23 0
-0.836000 -0.662000 0.024000 20 0
-0.842000 -0.636000 -0.009000 17 0
-0.846000 -0.611000 -0.042000 14 0
-0.843000 -0.584000 -0.073000 22 0
-0.843000 -0.636000 0.024000 20 0
-0.850000 -0.611000 -0.009000 17 0
-0.852000 -0.587000 -0.042000 17 0
-0.849000 -0.560000 -0.072000 22 0
-0.855000 -0.613000 0.025000 19 0
-0.856000 -0.586000 -0.009000 17 0
-0.849000 -0.557000 -0.041000 16 0
-0.849000 -0.533000 -0.071000 21 0
-0.853000 -0.581000 0.025000 19 0
-0.859000 -0.558000 -0.008000 17 0
-0.858000 -0.534000 -0.041000 16 0
-0.857000 -0.512000 -0.071000 21 0
-0.860000 -0.556000 0.025000 19 0
-0.863000 -0.533000 -0.008000 16 0
-0.864000 -0.512000 -0.040000 13 0
-0.869000 -0.493000 -0.071000 21 0
-0.869000 -0.532000 0.025000 19 0
-0.869000 -0.509000 -0.008000 16 0
-0.869000 -0.488000 -0.040000 13 0
-0.874000 -0.471000 -0.071000 21 0
-0.867000 -0.502000 0.025000 17 0
-0.877000 -0.485000 -0.008000 16 0
-0.874000 -0.465000 -0.039000 13 0
-0.630000 -0.322000 -0.050000 10 18
-0.873000 -0.478000 0.025000 17 0
-0.868000 -0.454000 -0.007000 14 0
-0.752000 -0.378000 -0.033000 15 2
-0.878000 -0.424000 -0.069000 17 64
-0.876000 -0.452000 0.025000 17 0
-0.656000 -0.324000 -0.005000 8 0
-0.876000 -0.416000 -0.038000 13 0
-0.883000 -0.403000 -0.069000 16 64
-0.882000 -0.429000 0.025000 17 0
-0.649000 -0.301000 -0.005000 9 0
-0.646000 -0.289000 -0.028000 7 0
-0.693000 -0.297000 -0.053000 12 18
-0.649000 -0.296000 0.018000 18 18
-0.654000 -0.285000 -0.005000 9 0
-0.646000 -0.271000 -0.027000 15 32
0.000000 -0.000000 -0.000000 0 0
-0.639000 -0.273000 0.017000 11 32
-0.647000 -0.264000 -0.005000 7 0
0.000000 -0.000000 -0.000000 0 0
-0.590000 -0.223000 -0.044000 9 16
0.000000 -0.000000 -0.000000 0 0
0.000000 -0.000000 -0.000000 0 0
0.000000 -0.000000 -0.000000 0 192
-0.596000 -0.210000 -0.044000 45 32
0.000000 -0.000000 -0.000000 0 128
0.000000 -0.000000 -0.000000 0 0
-0.604000 -0.206000 -0.025000 7 32
0.000000 -0.000000 -0.000000 0 0
0.000000 -0.000000 -0.000000 0 128
0.000000 -0.000000 -0.000000 0 0
0.000000 -0.000000 -0.000000 0 0
-0.655000 -0.198000 -0.048000 10 32
0.000000 -0.000000 -0.000000 0 128
-0.662000 -0.200000 -0.004000 5 0
-0.742000 -0.216000 -0.030000 11 0
0.000000 -0.000000 -0.000000 0 0
0.000000 -0.000000 -0.000000 0 192
-0.895000 -0.248000 -0.006000 14 0
-0.926000 -0.247000 -0.037000 12 0
-0.921000 -0.235000 -0.066000 18 64
-0.920000 -0.243000 0.024000 17 0
-0.924000 -0.233000 -0.006000 14 0
-0.930000 -0.225000 -0.036000 13 0
-0.931000 -0.216000 -0.066000 18 64
-0.925000 -0.221000 0.024000 17 0
-0.929000 -0.211000 -0.006000 15 0
-0.937000 -0.204000 -0.036000 13 0
-0.936000 -0.195000 -0.066000 18 64
-0.931000 -0.198000 0.024000 17 0
-0.933000 -0.189000 -0.006000 15 0
-0.934000 -0.181000 -0.036000 12 0
-0.940000 -0.174000 -0.065000 18 64
-0.937000 -0.176000 0.024000 16 0
-0.945000 -0.168000 -0.006000 14 0
-0.945000 -0.161000 -0.036000 13 0
-0.938000 -0.153000 -0.065000 18 64
-0.936000 -0.152000 0.024000 14 0
-0.943000 -0.145000 -0.006000 15 0
-0.949000 -0.139000 -0.036000 12 0
-0.938000 -0.131000 -0.064000 16 64
-0.824000 -0.720000 0.024000 25 0
-0.829000 -0.690000 -0.010000 18 0
-0.836000 -0.665000 -0.043000 15 0
-0.840000 -0.639000 -0.075000 19 64
-0.829000 -0.690000 0.024000 24 0
-0.836000 -0.663000 -0.010000 18 0
-0.842000 -0.639000 -0.043000 15 0
-0.847000 -0.615000 -0.074000 23 0
-0.836000 -0.662000 0.024000 20 0
-0.842000 -0.636000 -0.009000 17 0
-0.846000 -0.611000 -0.042000 14 0
-0.843000 -0.584000 -0.073000 22 0
-0.843000 -0.636000 0.024000 20 0
-0.850000 -0.611000 -0.009000 17 0
-0.852000 -0.587000 -0.042000 17 0
-0.849000 -0.560000 -0.072000 22 0
-0.855000 -0.613000 0.025000 19 0
-0.856000 -0.586000 -0.009000 17 0
-0.849000 -0.557000 -0.041000 16 0
-0.849000 -0.533000 -0.071000 21 0
-0.853000 -0.581000 0.025000 19 0
-0.859000 -0.558000 -0.008000 17 0
-0.858000 -0.534000 -0.041000 16 0
-0.857000 -0.512000 -0.071000 21 0
-0.860000 -0.556000 0.025000 19 0
-0.863000 -0.533000 -0.008000 16 0
-0.864000 -0.512000 -0.040000 13 0
-0.869000 -0.493000 -0.071000 21 0
-0.869000 -0.532000 0.025000 19 0
-0.869000 -0.509000 -0.008000 16 0
-0.869000 -0.488000 -0.040000 13 0
-0.874000 -0.471000 -0.071000 21 0
-0.867000 -0.502000 0.025000 17 0
-0.877000 -0.485000 -0.008000 16 0
-0.874000 -0.465000 -0.039000 13 0
-0.630000 -0.322000 -0.050000 10 18
-0.873000 -0.478000 0.025000 17 0
-0.868000 -0.454000 -0.007000 14 0
-0.752000 -0.378000 -0.033000 15 2
-0.878000 -0.424000 -0.069000 17 64
-0.876000 -0.452000 0.025000 17 0
-0.656000 -0.324000 -0.005000 8 0
-0.876000 -0.416000 -0.038000 13 0
-0.883000 -0.403000 -0.069000 16 64
-0.882000 -0.429000 0.025000 17 0
-0.649000 -0.301000 -0.005000 9 0
-0.646000 -0.289000 -0.028000 7 0
-0.693000 -0.297000 -0.053000 12 18
-0.649000 -0.296000 0.018000 18 18
-0.654000 -0.285000 -0.005000 9 0
-0.646000 -0.271000 -0.027000 15 32
0.000000 -0.000000 -0.000000 0 0
-0.639000 -0.273000 0.017000 11 32
-0.647000 -0.264000 -0.005000 7 0
0.000000 -0.000000 -0.000000 0 0
-0.590000 -0.223000 -0.044000 9 16
0.000000 -0.000000 -0.000000 0 0
0.000000 -0.000000 -0.000000 0 0
0.000000 -0.000000 -0.000000 0 192
-0.596000 -0.210000 -0.044000 45 32
0.000000 -0.000000 -0.000000 0 128
0.000000 -0.000000 -0.000000 0 0
-0.604000 -0.206000 -0.025000 7 32
0.000000 -0.000000 -0.000000 0 0
0.000000 -0.000000 -0.000000 0 128
0.000000 -0.000000 -0.000000 0 0
0.000000 -0.000000 -0.000000 0 0
-0.655000 -0.198000 -0.048000 10 32
0.000000 -0.000000 -0.000000 0 128
-0.662000 -0.200000 -0.004000 5 0
-0.742000 -0.216000 -0.030000 11 0
0.000000 -0.000000 -0.000000 0 0
0.000000 -0.000000 -0.000000 0 192
-0.895000 -0.248000 -0.006000 14 0
-0.926000 -0.247000 -0.037000 12 0
-0.921000 -0.235000 -0.066000 18 64
-0.920000 -0.243000 0.024000 17 0
-0.924000 -0.233000 -0.006000 14 0
-0.930000 -0.225000 -0.036000 13 0
-0.931000 -0.216000 -0.066000 18 64
-0.925000 -0.221000 0.024000 17 0
-0.929000 -0.211000 -0.006000 15 0
-0.937000 -0.204000 -0.036000 13 0
-0.936000 -0.195000 -0.066000 18 64
-0.931000 -0.198000 0.024000 17 0
-0.933000 -0.189000 -0.006000 15 0
-0.934000 -0.181000 -0.036000 12 0
-0.940000 -0.174000 -0.065000 18 64
-0.937000 -0.176000 0.024000 16 0
-0.945000 -0.168000 -0.006000 14 0
-0.945000 -0.161000 -0.036000 13 0
-0.938000 -0.153000 -0.065000 18 64
-0.936000 -0.152000 0.024000 14 0
-0.943000 -0.145000 -0.006000 15 0
-0.949000 -0.139000 -0.036000 12 0
-0.938000 -0.131000 -0.064000 16 64
-0.939000 -0.130000 0.024000 13 0
-0.959000 -0.125000 -0.006000 15 0
-0.952000 -0.118000 -0.035000 12 0
-0.944000 -0.111000 -0.064000 16 64
-0.951000 -0.108000 0.024000 14 0
-0.962000 -0.102000 -0.006000 15 0
-0.962000 -0.097000 -0.035000 13 0
-0.959000 -0.091000 -0.064000 16 64
-0.954000 -0.085000 0.024000 14 64
-0.964000 -0.079000 -0.006000 15 0
-0.963000 -0.075000 -0.035000 13 0
-0.966000 -0.070000 -0.064000 16 64
-0.956000 -0.062000 0.023000 14 64
-0.969000 -0.057000 -0.006000 15 0
-0.965000 -0.053000 -0.035000 13 0
-0.970000 -0.049000 -0.064000 16 64
-0.964000 -0.039000 0.023000 13 0
-0.972000 -0.034000 -0.006000 15 0
-0.970000 -0.031000 -0.035000 13 0
-0.971000 -0.027000 -0.063000 16 64
-0.968000 -0.016000 0.023000 14 64
-0.978000 -0.011000 -0.006000 15 0
-0.979000 -0.009000 -0.035000 16 0
-0.981000 -0.006000 -0.063000 16 0
-0.974000 0.007000 0.023000 13 64
-0.984000 0.011000 -0.006000 15 0
-0.987000 0.013000 -0.035000 13 0
-0.990000 0.015000 -0.063000 18 0
-0.976000 0.030000 0.023000 12 64
-1.002000 0.035000 -0.006000 16 0
-0.993000 0.035000 -0.035000 13 0
-0.995000 0.037000 -0.063000 17 0
-0.981000 0.054000 0.023000 13 64
-1.001000 0.058000 -0.006000 16 0
-0.995000 0.058000 -0.034000 13 0
-0.993000 0.059000 -0.062000 18 0
-1.001000 0.080000 0.023000 17 64
-1.004000 0.082000 -0.006000 13 64
-1.001000 0.081000 -0.034000 13 0
-0.997000 0.081000 -0.062000 18 0
-1.002000 0.104000 0.023000 17 64
-1.014000 0.107000 -0.006000 14 64
-1.005000 0.105000 -0.034000 13 0
-1.010000 0.105000 -0.062000 18 0
-1.013000 0.130000 0.023000 19 64
-1.019000 0.131000 -0.006000 14 64
-1.008000 0.129000 -0.034000 13 0
-1.015000 0.129000 -0.062000 18 0
-1.021000 0.157000 0.022000 19 64
-1.030000 0.158000 -0.006000 17 0
-1.007000 0.152000 -0.034000 13 0
-1.016000 0.152000 -0.062000 19 0
-1.020000 0.182000 0.022000 6 64
-1.013000 0.179000 -0.006000 12 0
-1.013000 0.177000 -0.033000 12 0
-1.027000 0.176000 -0.062000 19 0
-1.006000 0.204000 0.021000 1 64
-1.020000 0.206000 -0.006000 2 0
-1.003000 0.199000 -0.033000 2 0
0.000000 -0.000000 -0.000000 0 0
-1.013000 0.232000 0.021000 1 64
-1.026000 0.232000 -0.006000 2 0
-1.009000 0.224000 -0.033000 1 0
0.000000 -0.000000 -0.000000 0 0
-1.113000 0.283000 0.023000 2 64
-1.124000 0.282000 -0.007000 3 2
-1.112000 0.273000 -0.036000 2 2
-1.099000 0.265000 -0.064000 1 0
-1.118000 0.313000 0.023000 2 64
-1.123000 0.310000 -0.007000 2 0
-1.119000 0.302000 -0.036000 1 0
-1.103000 0.292000 -0.064000 1 0
-1.115000 0.341000 0.022000 1 64
-1.133000 0.341000 -0.007000 2 0
-1.122000 0.331000 -0.036000 1 0
-1.115000 0.322000 -0.064000 1 0
-1.124000 0.374000 0.022000 1 64
-1.137000 0.372000 -0.007000 2 0
-1.136000 0.363000 -0.036000 1 0
-1.114000 0.349000 -0.063000 1 0
-1.134000 0.408000 0.022000 1 64
-1.148000 0.406000 -0.007000 2 0
-1.135000 0.392000 -0.036000 1 0
-1.128000 0.381000 -0.063000 1 0
-1.141000 0.442000 0.022000 1 0
-1.154000 0.439000 -0.008000 2 0
-1.140000 0.423000 -0.035000 1 0
-1.131000 0.410000 -0.063000 1 0
-1.154000 0.479000 0.021000 1 64
-1.156000 0.471000 -0.008000 2 0
-1.148000 0.456000 -0.035000 1 0
-1.125000 0.436000 -0.062000 0 0
-1.162000 0.516000 0.021000 1 0
-1.164000 0.506000 -0.008000 1 0
-1.159000 0.491000 -0.035000 1 0
-1.127000 0.467000 -0.061000 0 0
-0.939000 -0.130000 0.024000 13 0
-0.959000 -0.125000 -0.006000 15 0
-0.952000 -0.118000 -0.035000 12 0
-0.944000 -0.111000 -0.064000 16 64
-0.951000 -0.108000 0.024000 14 0
-0.962000 -0.102000 -0.006000 15 0
-0.962000 -0.097000 -0.035000 13 0
-0.959000 -0.091000 -0.064000 16 64
-0.954000 -0.085000 0.024000 14 64
-0.964000 -0.079000 -0.006000 15 0
-0.963000 -0.075000 -0.035000 13 0
-0.966000 -0.070000 -0.064000 16 64
-0.956000 -0.062000 0.023000 14 64
-0.969000 -0.057000 -0.006000 15 0
-0.965000 -0.053000 -0.035000 13 0
-0.970000 -0.049000 -0.064000 16 64
-0.964000 -0.039000 0.023000 13 0
-0.972000 -0.034000 -0.006000 15 0
-0.970000 -0.031000 -0.035000 13 0
-0.971000 -0.027000 -0.063000 16 64
-0.968000 -0.016000 0.023000 14 64
-0.978000 -0.011000 -0.006000 15 0
-0.979000 -0.009000 -0.035000 16 0
-0.981000 -0.006000 -0.063000 16 0
-0.974000 0.007000 0.023000 13 64
-0.984000 0.011000 -0.006000 15 0
-0.987000 0.013000 -0.035000 13 0
-0.990000 0.015000 -0.063000 18 0
-0.976000 0.030000 0.023000 12 64
-1.002000 0.035000 -0.006000 16 0
-0.993000 0.035000 -0.035000 13 0
-0.995000 0.037000 -0.063000 17 0
-0.981000 0.054000 0.023000 13 64
-1.001000 0.058000 -0.006000 16 0
-0.995000 0.058000 -0.034000 13 0
-0.993000 0.059000 -0.062000 18 0
-1.001000 0.080000 0.023000 17 64
-1.004000 0.082000 -0.006000 13 64
-1.001000 0.081000 -0.034000 13 0
-0.997000 0.081000 -0.062000 18 0
-1.002000 0.104000 0.023000 17 64
-1.014000 0.107000 -0.006000 14 64
-1.005000 0.105000 -0.034000 13 0
-1.010000 0.105000 -0.062000 18 0
-1.013000 0.130000 0.023000 19 64
-1.019000 0.131000 -0.006000 14 64
-1.008000 0.129000 -0.034000 13 0
-1.015000 0.129000 -0.062000 18 0
-1.021000 0.157000 0.022000 19 64
-1.030000 0.158000 -0.006000 17 0
-1.007000 0.152000 -0.034000 13 0
-1.016000 0.152000 -0.062000 19 0
-1.020000 0.182000 0.022000 6 64
-1.013000 0.179000 -0.006000 12 0
-1.013000 0.177000 -0.033000 12 0
-1.027000 0.176000 -0.062000 19 0
-1.006000 0.204000 0.021000 1 64
-1.020000 0.206000 -0.006000 2 0
-1.003000 0.199000 -0.033000 2 0
0.000000 -0.000000 -0.000000 0 0
-1.013000 0.232000 0.021000 1 64
-1.026000 0.232000 -0.006000 2 0
-1.009000 0.224000 -0.033000 1 0
0.000000 -0.000000 -0.000000 0 0
-1.113000 0.283000 0.023000 2 64
-1.124000 0.282000 -0.007000 3 2
-1.112000 0.273000 -0.036000 2 2
-1.099000 0.265000 -0.064000 1 0
-1.118000 0.313000 0.023000 2 64
-1.123000 0.310000 -0.007000 2 0
-1.119000 0.302000 -0.036000 1 0
-1.103000 0.292000 -0.064000 1 0
-1.115000 0.341000 0.022000 1 64
-1.133000 0.341000 -0.007000 2 0
-1.122000 0.331000 -0.036000 1 0
-1.115000 0.322000 -0.064000 1 0
-1.124000 0.374000 0.022000 1 64
-1.137000 0.372000 -0.007000 2 0
-1.136000 0.363000 -0.036000 1 0
-1.114000 0.349000 -0.063000 1 0
-1.134000 0.408000 0.022000 1 64
-1.148000 0.406000 -0.007000 2 0
-1.135000 0.392000 -0.036000 1 0
-1.128000 0.381000 -0.063000 1 0
-1.141000 0.442000 0.022000 1 0
-1.154000 0.439000 -0.008000 2 0
-1.140000 0.423000 -0.035000 1 0
-1.131000 0.410000 -0.063000 1 0
-1.154000 0.479000 0.021000 1 64
-1.156000 0.471000 -0.008000 2 0
-1.148000 0.456000 -0.035000 1 0
-1.125000 0.436000 -0.062000 0 0
-1.162000 0.516000 0.021000 1 0
-1.164000 0.506000 -0.008000 1 0
-1.159000 0.491000 -0.035000 1 0
-1.127000 0.467000 -0.061000 0 0
-1.163000 0.550000 0.020000 1 0
-1.173000 0.543000 -0.008000 2 0
-1.163000 0.525000 -0.035000 1 0
-1.142000 0.503000 -0.061000 0 0
-1.175000 0.590000 0.020000 1 0
-1.184000 0.582000 -0.008000 1 0
-1.169000 0.560000 -0.035000 1 0
-1.139000 0.532000 -0.061000 0 0
-1.183000 0.630000 0.020000 0 0
-1.187000 0.618000 -0.009000 1 0
-1.181000 0.599000 -0.035000 1 0
0.000000 -0.000000 -0.000000 0 0
0.000000 -0.000000 -0.000000 0 0
-1.196000 0.659000 -0.009000 1 0
-1.188000 0.637000 -0.035000 1 0
-1.167000 0.610000 -0.061000 0 0
-1.197000 0.714000 0.019000 0 0
-1.202000 0.700000 -0.009000 1 0
-1.190000 0.674000 -0.035000 0 0
0.000000 -0.000000 -0.000000 0 0
-1.217000 0.766000 0.018000 9 0
-1.216000 0.746000 -0.009000 1 0
-1.208000 0.721000 -0.035000 1 0
0.000000 -0.000000 -0.000000 0 128
-1.228000 0.814000 0.018000 0 0
-1.224000 0.791000 -0.010000 8 0
0.000000 -0.000000 -0.000000 0 0
-1.188000 0.726000 -0.059000 0 0
-1.242000 0.868000 0.018000 9 0
-1.238000 0.842000 -0.010000 1 0
-1.236000 0.817000 -0.036000 0 0
0.000000 -0.000000 -0.000000 0 0
-1.248000 0.916000 0.017000 0 0
-1.246000 0.891000 -0.010000 8 0
-1.231000 0.854000 -0.035000 10 0
-1.212000 0.817000 -0.059000 0 0
-1.260000 0.973000 0.016000 12 0
-1.266000 0.951000 -0.011000 1 0
-1.245000 0.907000 -0.035000 0 0
-1.242000 0.878000 -0.060000 9 0
-1.211000 0.982000 0.015000 1 0
-1.239000 0.976000 -0.011000 9 0
-1.259000 0.962000 -0.035000 11 0
0.000000 -0.000000 -0.000000 0 0
-1.190000 1.013000 0.014000 7 0
-1.212000 1.002000 -0.011000 3 0
-1.224000 0.981000 -0.034000 1 0
-1.251000 0.972000 -0.058000 13 0
-1.237000 1.105000 0.014000 14 65
-1.209000 1.048000 -0.011000 12 0
-1.190000 0.998000 -0.033000 14 0
-1.195000 0.972000 -0.055000 0 0
-1.248000 1.169000 0.013000 63 0
-1.244000 1.130000 -0.012000 12 0
-1.232000 1.083000 -0.034000 10 0
-1.194000 1.017000 -0.054000 8 0
-1.265000 1.243000 0.012000 56 0
-1.251000 1.191000 -0.012000 65 0
-1.239000 1.141000 -0.033000 60 0
-1.233000 1.098000 -0.054000 14 0
-1.285000 1.324000 0.011000 57 0
-1.275000 1.271000 -0.013000 52 0
-1.267000 1.221000 -0.034000 12 0
-1.240000 1.156000 -0.054000 59 0
-1.307000 1.412000 0.010000 53 0
-1.294000 1.353000 -0.014000 54 0
-1.275000 1.286000 -0.034000 59 0
-1.262000 1.229000 -0.054000 62 0
-1.331000 1.509000 0.009000 57 0
-1.311000 1.436000 -0.014000 52 0
-1.297000 1.370000 -0.034000 52 0
-1.277000 1.302000 -0.053000 58 0
-1.354000 1.610000 0.008000 43 0
-1.335000 1.532000 -0.015000 56 0
-1.316000 1.456000 -0.034000 50 0
-1.299000 1.386000 -0.053000 65 0
-5.118000 6.390000 0.027000 113 0
-1.352000 1.627000 -0.016000 15 0
-1.339000 1.551000 -0.034000 48 0
-1.323000 1.477000 -0.052000 57 0
-4.913000 6.440000 0.021000 120 0
-5.072000 6.399000 -0.063000 109 0
-5.236000 6.353000 -0.134000 89 0
-1.346000 1.572000 -0.052000 51 0
-4.712000 6.489000 0.014000 116 0
-4.868000 6.445000 -0.062000 89 0
0.000000 -0.000000 -0.000000 0 0
-5.201000 6.358000 -0.196000 92 0
-4.513000 6.536000 0.008000 115 0
-4.671000 6.492000 -0.062000 57 0
0.000000 -0.000000 -0.000000 0 0
0.000000 -0.000000 -0.000000 0 0
-4.321000 6.584000 0.002000 116 0
0.000000 -0.000000 -0.000000 0 0
0.000000 -0.000000 -0.000000 0 0
0.000000 -0.000000 -0.000000 0 0
-1.163000 0.550000 0.020000 1 0
-1.173000 0.543000 -0.008000 2 0
-1.163000 0.525000 -0.035000 1 0
-1.142000 0.503000 -0.061000 0 0
-1.175000 0.590000 0.020000 1 0
-1.184000 0.582000 -0.008000 1 0
-1.169000 0.560000 -0.035000 1 0
-1.139000 0.532000 -0.061000 0 0
-1.183000 0.630000 0.020000 0 0
-1.187000 0.618000 -0.009000 1 0
-1.181000 0.599000 -0.035000 1 0
0.000000 -0.000000 -0.000000 0 0
0.000000 -0.000000 -0.000000 0 0
-1.196000 0.659000 -0.009000 1 0
-1.188000 0.637000 -0.035000 1 0
-1.167000 0.610000 -0.061000 0 0
-1.197000 0.714000 0.019000 0 0
-1.202000 0.700000 -0.009000 1 0
-1.190000 0.674000 -0.035000 0 0
0.000000 -0.000000 -0.000000 0 0
-1.217000 0.766000 0.018000 9 0
-1.216000 0.746000 -0.009000 1 0
-1.208000 0.721000 -0.035000 1 0
0.000000 -0.000000 -0.000000 0 128
-1.228000 0.814000 0.018000 0 0
-1.224000 0.791000 -0.010000 8 0
0.000000 -0.000000 -0.000000 0 0
-1.188000 0.726000 -0.059000 0 0
-1.242000 0.868000 0.018000 9 0
-1.238000 0.842000 -0.010000 1 0
-1.236000 0.817000 -0.036000 0 0
0.000000 -0.000000 -0.000000 0 0
-1.248000 0.916000 0.017000 0 0
-1.246000 0.891000 -0.010000 8 0
-1.231000 0.854000 -0.035000 10 0
-1.212000 0.817000 -0.059000 0 0
-1.260000 0.973000 0.016000 12 0
-1.266000 0.951000 -0.011000 1 0
-1.245000 0.907000 -0.035000 0 0
-1.242000 0.878000 -0.060000 9 0
-1.211000 0.982000 0.015000 1 0
-1.239000 0.976000 -0.011000 9 0
-1.259000 0.962000 -0.035000 11 0
0.000000 -0.000000 -0.000000 0 0
-1.190000 1.013000 0.014000 7 0
-1.212000 1.002000 -0.011000 3 0
-1.224000 0.981000 -0.034000 1 0
-1.251000 0.972000 -0.058000 13 0
-1.237000 1.105000 0.014000 14 65
-1.209000 1.048000 -0.011000 12 0
-1.190000 0.998000 -0.033000 14 0
-1.195000 0.972000 -0.055000 0 0
-1.248000 1.169000 0.013000 63 0
-1.244000 1.130000 -0.012000 12 0
-1.232000 1.083000 -0.034000 10 0
-1.194000 1.017000 -0.054000 8 0
-1.265000 1.243000 0.012000 56 0
-1.251000 1.191000 -0.012000 65 0
-1.239000 1.141000 -0.033000 60 0
-1.233000 1.098000 -0.054000 14 0
-1.285000 1.324000 0.011000 57 0
-1.275000 1.271000 -0.013000 52 0
-1.267000 1.221000 -0.034000 12 0
-1.240000 1.156000 -0.054000 59 0
-1.307000 1.412000 0.010000 53 0
-1.294000 1.353000 -0.014000 54 0
-1.275000 1.286000 -0.034000 59 0
-1.262000 1.229000 -0.054000 62 0
-1.331000 1.509000 0.009000 57 0
-1.311000 1.436000 -0.014000 52 0
-1.297000 1.370000 -0.034000 52 0
-1.277000 1.302000 -0.053000 58 0
-1.354000 1.610000 0.008000 43 0
-1.335000 1.532000 -0.015000 56 0
-1.316000 1.456000 -0.034000 50 0
-1.299000 1.386000 -0.053000 65 0
-5.118000 6.390000 0.027000 113 0
-1.352000 1.627000 -0.016000 15 0
-1.339000 1.551000 -0.034000 48 0
-1.323000 1.477000 -0.052000 57 0
-4.913000 6.440000 0.021000 120 0
-5.072000 6.399000 -0.063000 109 0
-5.236000 6.353000 -0.134000 89 0
-1.346000 1.572000 -0.052000 51 0
-4.712000 6.489000 0.014000 116 0
-4.868000 6.445000 -0.062000 89 0
0.000000 -0.000000 -0.000000 0 0
-5.201000 6.358000 -0.196000 92 0
-4.513000 6.536000 0.008000 115 0
-4.671000 6.492000 -0.062000 57 0
0.000000 -0.000000 -0.000000 0 0
0.000000 -0.000000 -0.000000 0 0
-4.321000 6.584000 0.002000 116 0
0.000000 -0.000000 -0.000000 0 0
0.000000 -0.000000 -0.000000 0 0
0.000000 -0.000000 -0.000000 0 0
-4.121000 6.616000 -0.003000 123 0
0.000000 -0.000000 -0.000000 0 0
0.000000 -0.000000 -0.000000 0 0
0.000000 -0.000000 -0.000000 0 128
-3.939000 6.668000 -0.009000 110 0
0.000000 -0.000000 -0.000000 0 0
-3.550000 5.483000 -0.084000 4 0
0.000000 -0.000000 -0.000000 0 0
-3.748000 6.702000 -0.014000 88 0
-2.856000 4.869000 -0.045000 2 0
-3.452000 5.611000 -0.080000 0 0
-3.532000 5.479000 -0.110000 7 0
-2.708000 5.120000 -0.015000 0 4
-2.769000 4.981000 -0.045000 14 0
-2.856000 4.889000 -0.065000 8 0
-3.455000 5.638000 -0.102000 0 0
-2.607000 5.223000 -0.020000 3 0
-2.678000 5.095000 -0.046000 12 0
-2.765000 4.992000 -0.061000 14 0
-2.840000 4.879000 -0.079000 9 0
-2.503000 5.322000 -0.025000 6 0
-2.594000 5.224000 -0.047000 13 0
-2.676000 5.106000 -0.058000 12 0
-2.758000 4.994000 -0.071000 14 0
-3.037000 6.873000 -0.037000 133 0
-2.492000 5.327000 -0.047000 5 0
-2.593000 5.236000 -0.055000 14 0
-2.676000 5.119000 -0.064000 12 0
-2.862000 6.909000 -0.043000 129 0
-3.022000 6.870000 -0.061000 135 0
-2.494000 5.343000 -0.051000 4 0
-2.589000 5.238000 -0.056000 13 0
-2.691000 6.958000 -0.048000 131 0
-2.854000 6.918000 -0.061000 123 0
-3.019000 6.875000 -0.059000 116 0
-3.186000 6.836000 -0.061000 59 0
-2.521000 6.996000 -0.054000 131 0
-2.684000 6.963000 -0.060000 125 0
-2.848000 6.913000 -0.054000 112 0
-3.020000 6.883000 -0.050000 127 0
-2.351000 7.034000 -0.060000 127 0
-2.513000 6.995000 -0.061000 123 0
-2.680000 6.958000 -0.048000 112 0
-2.849000 6.917000 -0.039000 126 0
-2.179000 7.068000 -0.065000 127 0
-2.345000 7.033000 -0.061000 124 0
-2.511000 6.991000 -0.043000 110 0
-2.678000 6.953000 -0.027000 124 0
-2.015000 7.119000 -0.070000 128 0
-2.179000 7.081000 -0.060000 127 0
-2.342000 7.030000 -0.037000 108 0
-2.513000 6.993000 -0.017000 123 0
-1.843000 7.151000 -0.076000 126 0
-2.012000 7.118000 -0.060000 121 0
-2.178000 7.076000 -0.032000 108 0
-2.345000 7.031000 -0.005000 121 0
-1.678000 7.194000 -0.081000 127 0
-1.844000 7.159000 -0.060000 130 0
-2.012000 7.112000 -0.026000 108 0
-2.179000 7.067000 0.005000 120 0
-1.509000 7.233000 -0.087000 127 0
-1.678000 7.196000 -0.060000 122 0
-1.846000 7.154000 -0.020000 107 0
-2.018000 7.117000 0.016000 121 0
-1.340000 7.260000 -0.092000 127 0
-1.512000 7.233000 -0.060000 124 0
-1.681000 7.193000 -0.015000 108 0
-1.850000 7.145000 0.027000 112 0
-1.174000 7.303000 -0.097000 129 0
-1.344000 7.275000 -0.060000 126 0
-1.515000 7.229000 -0.010000 108 0
-1.684000 7.181000 0.038000 113 0
-0.797000 5.811000 -0.081000 28 0
-1.177000 7.309000 -0.060000 127 0
-1.347000 7.264000 -0.004000 109 0
-1.518000 7.222000 0.049000 115 0
-0.662000 5.831000 -0.086000 49 0
-1.008000 7.341000 -0.060000 128 0
-1.182000 7.307000 0.001000 110 0
-1.354000 7.264000 0.060000 113 0
-0.527000 5.863000 -0.090000 22 0
-0.842000 7.389000 -0.060000 122 0
-1.013000 7.344000 0.006000 110 0
-1.188000 7.302000 0.071000 118 0
0.000000 -0.000000 -0.000000 0 0
-0.672000 7.428000 -0.060000 44 0
-0.846000 7.382000 0.012000 111 0
-1.021000 7.350000 0.082000 122 0
0.000000 -0.000000 -0.000000 0 192
0.000000 -0.000000 -0.000000 0 0
-0.679000 7.428000 0.017000 43 0
-0.854000 7.387000 0.093000 125 0
0.000000 -0.000000 -0.000000 0 192
0.000000 -0.000000 -0.000000 0 192
0.000000 -0.000000 -0.000000 0 0
-0.685000 7.417000 0.104000 36 0
-4.121000 6.616000 -0.003000 123 0
0.000000 -0.000000 -0.000000 0 0
0.000000 -0.000000 -0.000000 0 0
0.000000 -0.000000 -0.000000 0 128
-3.939000 6.668000 -0.009000 110 0
0.000000 -0.000000 -0.000000 0 0
-3.550000 5.483000 -0.084000 4 0
0.000000 -0.000000 -0.000000 0 0
-3.748000 6.702000 -0.014000 88 0
-2.856000 4.869000 -0.045000 2 0
-3.452000 5.611000 -0.080000 0 0
-3.532000 5.479000 -0.110000 7 0
-2.708000 5.120000 -0.015000 0 4
-2.769000 4.981000 -0.045000 14 0
-2.856000 4.889000 -0.065000 8 0
-3.455000 5.638000 -0.102000 0 0
-2.607000 5.223000 -0.020000 3 0
-2.678000 5.095000 -0.046000 12 0
-2.765000 4.992000 -0.061000 14 0
-2.840000 4.879000 -0.079000 9 0
-2.503000 5.322000 -0.025000 6 0
-2.594000 5.224000 -0.047000 13 0
-2.676000 5.106000 -0.058000 12 0
-2.758000 4.994000 -0.071000 14 0
-3.037000 6.873000 -0.037000 133 0
-2.492000 5.327000 -0.047000 5 0
-2.593000 5.236000 -0.055000 14 0
-2.676000 5.119000 -0.064000 12 0
-2.862000 6.909000 -0.043000 129 0
-3.022000 6.870000 -0.061000 135 0
-2.494000 5.343000 -0.051000 4 0
-2.589000 5.238000 -0.056000 13 0
-2.691000 6.958000 -0.048000 131 0
-2.854000 6.918000 -0.061000 123 0
-3.019000 6.875000 -0.059000 116 0
-3.186000 6.836000 -0.061000 59 0
-2.521000 6.996000 -0.054000 131 0
-2.684000 6.963000 -0.060000 125 0
-2.848000 6.913000 -0.054000 112 0
-3.020000 6.883000 -0.050000 127 0
-2.351000 7.034000 -0.060000 127 0
-2.513000 6.995000 -0.061000 123 0
-2.680000 6.958000 -0.048000 112 0
-2.849000 6.917000 -0.039000 126 0
-2.179000 7.068000 -0.065000 127 0
-2.345000 7.033000 -0.061000 124 0
-2.511000 6.991000 -0.043000 110 0
-2.678000 6.953000 -0.027000 124 0
-2.015000 7.119000 -0.070000 128 0
-2.179000 7.081000 -0.060000 127 0
-2.342000 7.030000 -0.037000 108 0
-2.513000 6.993000 -0.017000 123 0
-1.843000 7.151000 -0.076000 126 0
-2.012000 7.118000 -0.060000 121 0
-2.178000 7.076000 -0.032000 108 0
-2.345000 7.031000 -0.005000 121 0
-1.678000 7.194000 -0.081000 127 0
-1.844000 7.159000 -0.060000 130 0
-2.012000 7.112000 -0.026000 108 0
-2.179000 7.067000 0.005000 120 0
-1.509000 7.233000 -0.087000 127 0
-1.678000 7.196000 -0.060000 122 0
-1.846000 7.154000 -0.020000 107 0
-2.018000 7.117000 0.016000 121 0
-1.340000 7.260000 -0.092000 127 0
-1.512000 7.233000 -0.060000 124 0
-1.681000 7.193000 -0.015000 108 0
-1.850000 7.145000 0.027000 112 0
-1.174000 7.303000 -0.097000 129 0
-1.344000 7.275000 -0.060000 126 0
-1.515000 7.229000 -0.010000 108 0
-1.684000 7.181000 0.038000 113 0
-0.797000 5.811000 -0.081000 28 0
-1.177000 7.309000 -0.060000 127 0
-1.347000 7.264000 -0.004000 109 0
-1.518000 7.222000 0.049000 115 0
-0.662000 5.831000 -0.086000 49 0
-1.008000 7.341000 -0.060000 128 0
-1.182000 7.307000 0.001000 110 0
-1.354000 7.264000 0.060000 113 0
-0.527000 5.863000 -0.090000 22 0
-0.842000 7.389000 -0.060000 122 0
-1.013000 7.344000 0.006000 110 0
-1.188000 7.302000 0.071000 118 0
0.000000 -0.000000 -0.000000 0 0
-0.672000 7.428000 -0.060000 44 0
-0.846000 7.382000 0.012000 111 0
-1.021000 7.350000 0.082000 122 0
0.000000 -0.000000 -0.000000 0 192
0.000000 -0.000000 -0.000000 0 0
-0.679000 7.428000 0.017000 43 0
-0.854000 7.387000 0.093000 125 0
0.000000 -0.000000 -0.000000 0 192
0.000000 -0.000000 -0.000000 0 192
0.000000 -0.000000 -0.000000 0 0
-0.685000 7.417000 0.104000 36 0
0.000000 -0.000000 -0.000000 0 192
0.000000 -0.000000 -0.000000 0 192
0.000000 -0.000000 -0.000000 0 192
0.000000 -0.000000 -0.000000 0 0
0.000000 -0.000000 -0.000000 0 192
0.000000 -0.000000 -0.000000 0 192
0.000000 -0.000000 -0.000000 0 192
0.000000 -0.000000 -0.000000 0 192
0.000000 -0.000000 -0.000000 0 192
0.000000 -0.000000 -0.000000 0 192
0.000000 -0.000000 -0.000000 0 192
0.000000 -0.000000 -0.000000 0 192
0.000000 -0.000000 -0.000000 0 128
0.000000 -0.000000 -0.000000 0 192
0.000000 -0.000000 -0.000000 0 192
0.000000 -0.000000 -0.000000 0 192
0.000000 -0.000000 -0.000000 0 128
0.000000 -0.000000 -0.000000 0 128
0.000000 -0.000000 -0.000000 0 192
0.000000 -0.000000 -0.000000 0 192
0.192000 1.631000 -0.034000 20 0
0.000000 -0.000000 -0.000000 0 128
0.000000 -0.000000 -0.000000 0 192
0.000000 -0.000000 -0.000000 0 192
0.219000 1.555000 -0.034000 14 0
0.191000 1.627000 -0.012000 18 0
0.000000 -0.000000 -0.000000 0 128
0.000000 -0.000000 -0.000000 0 128
0.255000 1.551000 -0.035000 16 0
0.218000 1.549000 -0.011000 64 0
0.190000 1.616000 0.014000 18 0
0.000000 -0.000000 -0.000000 0 128
0.295000 1.568000 -0.036000 14 0
0.258000 1.566000 -0.011000 11 0
0.218000 1.545000 0.015000 13 0
0.189000 1.613000 0.044000 18 0
0.336000 1.583000 -0.037000 16 0
0.296000 1.572000 -0.011000 11 0
0.256000 1.549000 0.016000 13 0
0.220000 1.557000 0.045000 14 0
0.375000 1.589000 -0.039000 14 0
0.335000 1.577000 -0.011000 11 0
0.297000 1.569000 0.018000 12 0
0.258000 1.562000 0.047000 14 0
0.412000 1.584000 -0.040000 54 0
0.376000 1.589000 -0.011000 12 0
0.338000 1.587000 0.019000 12 0
0.297000 1.571000 0.050000 14 0
0.457000 1.604000 -0.041000 13 0
0.415000 1.592000 -0.011000 58 0
0.377000 1.589000 0.021000 13 0
0.338000 1.582000 0.053000 13 0
0.498000 1.610000 -0.042000 62 0
0.459000 1.605000 -0.011000 12 0
0.419000 1.599000 0.022000 11 0
0.378000 1.588000 0.055000 59 0
0.542000 1.621000 -0.044000 61 0
0.500000 1.610000 -0.011000 59 0
0.461000 1.605000 0.024000 60 0
0.420000 1.597000 0.058000 14 0
0.589000 1.634000 -0.045000 64 0
0.546000 1.624000 -0.010000 56 0
0.506000 1.618000 0.025000 12 0
0.464000 1.607000 0.061000 54 0
0.636000 1.646000 -0.047000 55 0
0.590000 1.629000 -0.010000 53 0
0.549000 1.623000 0.027000 58 0
0.508000 1.615000 0.064000 59 0
0.683000 1.656000 -0.048000 55 0
0.638000 1.644000 -0.010000 49 0
0.594000 1.631000 0.028000 60 0
0.553000 1.624000 0.067000 52 0
0.731000 1.663000 -0.050000 44 0
0.688000 1.659000 -0.010000 47 0
0.643000 1.645000 0.030000 57 0
0.599000 1.633000 0.070000 53 0
0.785000 1.682000 -0.052000 26 0
0.738000 1.669000 -0.010000 29 0
0.693000 1.656000 0.032000 33 0
0.648000 1.646000 0.074000 28 0
1.031000 2.084000 -0.066000 10 0
0.789000 1.678000 -0.010000 13 0
0.745000 1.671000 0.034000 18 0
0.698000 1.658000 0.078000 16 0
0.000000 -0.000000 -0.000000 0 0
1.039000 2.085000 -0.012000 2 0
0.803000 1.692000 0.036000 3 0
0.753000 1.675000 0.081000 4 0
0.000000 -0.000000 -0.000000 0 0
0.000000 -0.000000 -0.000000 0 0
0.000000 -0.000000 -0.000000 0 0
0.000000 -0.000000 -0.000000 0 0
0.000000 -0.000000 -0.000000 0 128
0.000000 -0.000000 -0.000000 0 128
0.000000 -0.000000 -0.000000 0 128
0.000000 -0.000000 -0.000000 0 128
0.000000 -0.000000 -0.000000 0 192
0.000000 -0.000000 -0.000000 0 192
0.000000 -0.000000 -0.000000 0 192
0.000000 -0.000000 -0.000000 0 0
0.000000 -0.000000 -0.000000 0 192
0.000000 -0.000000 -0.000000 0 192
0.000000 -0.000000 -0.000000 0 192
0.000000 -0.000000 -0.000000 0 192
0.000000 -0.000000 -0.000000 0 192
0.000000 -0.000000 -0.000000 0 192
0.000000 -0.000000 -0.000000 0 192
0.000000 -0.000000 -0.000000 0 192
0.000000 -0.000000 -0.000000 0 128
0.000000 -0.000000 -0.000000 0 192
0.000000 -0.000000 -0.000000 0 192
0.000000 -0.000000 -0.000000 0 192
0.000000 -0.000000 -0.000000 0 128
0.000000 -0.000000 -0.000000 0 128
0.000000 -0.000000 -0.000000 0 192
0.000000 -0.000000 -0.000000 0 192
0.192000 1.631000 -0.034000 20 0
0.000000 -0.000000 -0.000000 0 128
0.000000 -0.000000 -0.000000 0 192
0.000000 -0.000000 -0.000000 0 192
0.219000 1.555000 -0.034000 14 0
0.191000 1.627000 -0.012000 18 0
0.000000 -0.000000 -0.000000 0 128
0.000000 -0.000000 -0.000000 0 128
0.255000 1.551000 -0.035000 16 0
0.218000 1.549000 -0.011000 64 0
0.190000 1.616000 0.014000 18 0
0.000000 -0.000000 -0.000000 0 128
0.295000 1.568000 -0.036000 14 0
0.258000 1.566000 -0.011000 11 0
0.218000 1.545000 0.015000 13 0
0.189000 1.613000 0.044000 18 0
0.336000 1.583000 -0.037000 16 0
0.296000 1.572000 -0.011000 11 0
0.256000 1.549000 0.016000 13 0
0.220000 1.557000 0.045000 14 0
0.375000 1.589000 -0.039000 14 0
0.335000 1.577000 -0.011000 11 0
0.297000 1.569000 0.018000 12 0
0.258000 1.562000 0.047000 14 0
0.412000 1.584000 -0.040000 54 0
0.376000 1.589000 -0.011000 12 0
0.338000 1.587000 0.019000 12 0
0.297000 1.571000 0.050000 14 0
0.457000 1.604000 -0.041000 13 0
0.415000 1.592000 -0.011000 58 0
0.377000 1.589000 0.021000 13 0
0.338000 1.582000 0.053000 13 0
0.498000 1.610000 -0.042000 62 0
0.459000 1.605000 -0.011000 12 0
0.419000 1.599000 0.022000 11 0
0.378000 1.588000 0.055000 59 0
0.542000 1.621000 -0.044000 61 0
0.500000 1.610000 -0.011000 59 0
0.461000 1.605000 0.024000 60 0
0.420000 1.597000 0.058000 14 0
0.589000 1.634000 -0.045000 64 0
0.546000 1.624000 -0.010000 56 0
0.506000 1.618000 0.025000 12 0
0.464000 1.607000 0.061000 54 0
0.636000 1.646000 -0.047000 55 0
0.590000 1.629000 -0.010000 53 0
0.549000 1.623000 0.027000 58 0
0.508000 1.615000 0.064000 59 0
0.683000 1.656000 -0.048000 55 0
0.638000 1.644000 -0.010000 49 0
0.594000 1.631000 0.028000 60 0
0.553000 1.624000 0.067000 52 0
0.731000 1.663000 -0.050000 44 0
0.688000 1.659000 -0.010000 47 0
0.643000 1.645000 0.030000 57 0
0.599000 1.633000 0.070000 53 0
0.785000 1.682000 -0.052000 26 0
0.738000 1.669000 -0.010000 29 0
0.693000 1.656000 0.032000 33 0
0.648000 1.646000 0.074000 28 0
1.031000 2.084000 -0.066000 10 0
0.789000 1.678000 -0.010000 13 0
0.745000 1.671000 0.034000 18 0
0.698000 1.658000 0.078000 16 0
0.000000 -0.000000 -0.000000 0 0
1.039000 2.085000 -0.012000 2 0
0.803000 1.692000 0.036000 3 0
0.753000 1.675000 0.081000 4 0
0.000000 -0.000000 -0.000000 0 0
0.000000 -0.000000 -0.000000 0 0
0.000000 -0.000000 -0.000000 0 0
0.000000 -0.000000 -0.000000 0 0
0.000000 -0.000000 -0.000000 0 128
0.000000 -0.000000 -0.000000 0 128
0.000000 -0.000000 -0.000000 0 128
0.000000 -0.000000 -0.000000 0 128
0.000000 -0.000000 -0.000000 0 128
0.000000 -0.000000 -0.000000 0 128
0.000000 -0.000000 -0.000000 0 128
0.000000 -0.000000 -0.000000 0 128
0.000000 -0.000000 -0.000000 0 128
0.000000 -0.000000 -0.000000 0 128
0.000000 -0.000000 -0.000000 0 128
0.000000 -0.000000 -0.000000 0 128
0.000000 -0.000000 -0.000000 0 128
0.000000 -0.000000 -0.000000 0 128
0.000000 -0.000000 -0.000000 0 128
0.000000 -0.000000 -0.000000 0 128
0.000000 -0.000000 -0.000000 0 128
0.000000 -0.000000 -0.000000 0 128
0.000000 -0.000000 -0.000000 0 128
0.000000 -0.000000 -0.000000 0 128
0.000000 -0.000000 -0.000000 0 128
0.000000 -0.000000 -0.000000 0 128
0.000000 -0.000000 -0.000000 0 128
0.000000 -0.000000 -0.000000 0 128
0.000000 -0.000000 -0.000000 0 128
0.000000 -0.000000 -0.000000 0 128
0.000000 -0.000000 -0.000000 0 128
0.000000 -0.000000 -0.000000 0 128
0.000000 -0.000000 -0.000000 0 128
0.000000 -0.000000 -0.000000 0 128
0.000000 -0.000000 -0.000000 0 128
0.000000 -0.000000 -0.000000 0 128
0.000000 -0.000000 -0.000000 0 128
0.000000 -0.000000 -0.000000 0 0
0.000000 -0.000000 -0.000000 0 128
0.000000 -0.000000 -0.000000 0 128
0.000000 -0.000000 -0.000000 0 128
0.000000 -0.000000 -0.000000 0 0
0.000000 -0.000000 -0.000000 0 128
0.000000 -0.000000 -0.000000 0 128
0.000000 -0.000000 -0.000000 0 128
0.000000 -0.000000 -0.000000 0 0
0.000000 -0.000000 -0.000000 0 128
0.000000 -0.000000 -0.000000 0 128
0.000000 -0.000000 -0.000000 0 128
0.000000 -0.000000 -0.000000 0 0
0.000000 -0.000000 -0.000000 0 128
0.000000 -0.000000 -0.000000 0 128
0.000000 -0.000000 -0.000000 0 128
0.000000 -0.000000 -0.000000 0 128
0.000000 -0.000000 -0.000000 0 128
0.000000 -0.000000 -0.000000 0 128
0.000000 -0.000000 -0.000000 0 128
0.000000 -0.000000 -0.000000 0 128
0.000000 -0.000000 -0.000000 0 128
0.000000 -0.000000 -0.000000 0 128
0.000000 -0.000000 -0.000000 0 128
0.000000 -0.000000 -0.000000 0 128
0.000000 -0.000000 -0.000000 0 128
0.000000 -0.000000 -0.000000 0 128
0.000000 -0.000000 -0.000000 0 128
0.000000 -0.000000 -0.000000 0 128
0.000000 -0.000000 -0.000000 0 128
0.000000 -0.000000 -0.000000 0 128
0.000000 -0.000000 -0.000000 0 128
0.000000 -0.000000 -0.000000 0 0
0.000000 -0.000000 -0.000000 0 128
0.000000 -0.000000 -0.000000 0 128
0.000000 -0.000000 -0.000000 0 128
0.000000 -0.000000 -0.000000 0 0
0.000000 -0.000000 -0.000000 0 128
0.000000 -0.000000 -0.000000 0 128
0.000000 -0.000000 -0.000000 0 128
0.000000 -0.000000 -0.000000 0 0
0.000000 -0.000000 -0.000000 0 0
0.000000 -0.000000 -0.000000 0 128
0.000000 -0.000000 -0.000000 0 128
0.000000 -0.000000 -0.000000 0 0
0.000000 -0.000000 -0.000000 0 0
0.000000 -0.000000 -0.000000 0 128
0.000000 -0.000000 -0.000000 0 0
0.000000 -0.000000 -0.000000 0 0
0.000000 -0.000000 -0.000000 0 128
0.000000 -0.000000 -0.000000 0 128
0.000000 -0.000000 -0.000000 0 0
0.000000 -0.000000 -0.000000 0 0
0.000000 -0.000000 -0.000000 0 128
0.000000 -0.000000 -0.000000 0 128
0.000000 -0.000000 -0.000000 0 0
0.000000 -0.000000 -0.000000 0 0
0.000000 -0.000000 -0.000000 0 0
0.000000 -0.000000 -0.000000 0 128
0.000000 -0.000000 -0.000000 0 0
0.000000 -0.000000 -0.000000 0 0
0.000000 -0.000000 -0.000000 0 0
0.000000 -0.000000 -0.000000 0 128
0.000000 -0.000000 -0.000000 0 0
0.000000 -0.000000 -0.000000 0 0
0.000000 -0.000000 -0.000000 0 0
0.000000 -0.000000 -0.000000 0 128
0.000000 -0.000000 -0.000000 0 128
0.000000 -0.000000 -0.000000 0 128
0.000000 -0.000000 -0.000000 0 128
0.000000 -0.000000 -0.000000 0 128
0.000000 -0.000000 -0.000000 0 128
0.000000 -0.000000 -0.000000 0 128
0.000000 -0.000000 -0.000000 0 128
0.000000 -0.000000 -0.000000 0 128
0.000000 -0.000000 -0.000000 0 128
0.000000 -0.000000 -0.000000 0 128
0.000000 -0.000000 -0.000000 0 128
0.000000 -0.000000 -0.000000 0 128
0.000000 -0.000000 -0.000000 0 128
0.000000 -0.000000 -0.000000 0 128
0.000000 -0.000000 -0.000000 0 128
0.000000 -0.000000 -0.000000 0 128
0.000000 -0.000000 -0.000000 0 128
0.000000 -0.000000 -0.000000 0 128
0.000000 -0.000000 -0.000000 0 128
0.000000 -0.000000 -0.000000 0 128
0.000000 -0.000000 -0.000000 0 128
0.000000 -0.000000 -0.000000 0 128
0.000000 -0.000000 -0.000000 0 128
0.000000 -0.000000 -0.000000 0 128
0.000000 -0.000000 -0.000000 0 128
0.000000 -0.000000 -0.000000 0 128
0.000000 -0.000000 -0.000000 0 128
0.000000 -0.000000 -0.000000 0 128
0.000000 -0.000000 -0.000000 0 128
0.000000 -0.000000 -0.000000 0 0
0.000000 -0.000000 -0.000000 0 128
0.000000 -0.000000 -0.000000 0 128
0.000000 -0.000000 -0.000000 0 128
0.000000 -0.000000 -0.000000 0 0
0.000000 -0.000000 -0.000000 0 128
0.000000 -0.000000 -0.000000 0 128
0.000000 -0.000000 -0.000000 0 128
0.000000 -0.000000 -0.000000 0 0
0.000000 -0.000000 -0.000000 0 128
0.000000 -0.000000 -0.000000 0 128
0.000000 -0.000000 -0.000000 0 128
0.000000 -0.000000 -0.000000 0 0
0.000000 -0.000000 -0.000000 0 128
0.000000 -0.000000 -0.000000 0 128
0.000000 -0.000000 -0.000000 0 128
0.000000 -0.000000 -0.000000 0 128
0.000000 -0.000000 -0.000000 0 128
0.000000 -0.000000 -0.000000 0 128
0.000000 -0.000000 -0.000000 0 128
0.000000 -0.000000 -0.000000 0 128
0.000000 -0.000000 -0.000000 0 128
0.000000 -0.000000 -0.000000 0 128
0.000000 -0.000000 -0.000000 0 128
0.000000 -0.000000 -0.000000 0 128
0.000000 -0.000000 -0.000000 0 128
0.000000 -0.000000 -0.000000 0 128
0.000000 -0.000000 -0.000000 0 128
0.000000 -0.000000 -0.000000 0 128
0.000000 -0.000000 -0.000000 0 128
0.000000 -0.000000 -0.000000 0 128
0.000000 -0.000000 -0.000000 0 128
0.000000 -0.000000 -0.000000 0 0
0.000000 -0.000000 -0.000000 0 128
0.000000 -0.000000 -0.000000 0 128
0.000000 -0.000000 -0.000000 0 128
0.000000 -0.000000 -0.000000 0 0
0.000000 -0.000000 -0.000000 0 128
0.000000 -0.000000 -0.000000 0 128
0.000000 -0.000000 -0.000000 0 128
0.000000 -0.000000 -0.000000 0 0
0.000000 -0.000000 -0.000000 0 0
0.000000 -0.000000 -0.000000 0 128
0.000000 -0.000000 -0.000000 0 128
0.000000 -0.000000 -0.000000 0 0
0.000000 -0.000000 -0.000000 0 0
0.000000 -0.000000 -0.000000 0 128
0.000000 -0.000000 -0.000000 0 0
0.000000 -0.000000 -0.000000 0 0
0.000000 -0.000000 -0.000000 0 128
0.000000 -0.000000 -0.000000 0 128
0.000000 -0.000000 -0.000000 0 0
0.000000 -0.000000 -0.000000 0 0
0.000000 -0.000000 -0.000000 0 128
0.000000 -0.000000 -0.000000 0 128
0.000000 -0.000000 -0.000000 0 0
0.000000 -0.000000 -0.000000 0 0
0.000000 -0.000000 -0.000000 0 0
0.000000 -0.000000 -0.000000 0 128
0.000000 -0.000000 -0.000000 0 0
0.000000 -0.000000 -0.000000 0 0
0.000000 -0.000000 -0.000000 0 0
0.000000 -0.000000 -0.000000 0 128
0.000000 -0.000000 -0.000000 0 0
0.000000 -0.000000 -0.000000 0 0
0.000000 -0.000000 -0.000000 0 0
0.000000 -0.000000 -0.000000 0 128
0.000000 -0.000000 -0.000000 0 0
0.000000 -0.000000 -0.000000 0 0
0.000000 -0.000000 -0.000000 0 0
0.000000 -0.000000 -0.000000 0 128
0.000000 -0.000000 -0.000000 0 0
0.000000 -0.000000 -0.000000 0 0
0.000000 -0.000000 -0.000000 0 0
0.000000 -0.000000 -0.000000 0 128
0.000000 -0.000000 -0.000000 0 0
0.000000 -0.000000 -0.000000 0 0
0.000000 -0.000000 -0.000000 0 0
0.000000 -0.000000 -0.000000 0 128
0.000000 -0.000000 -0.000000 0 0
0.000000 -0.000000 -0.000000 0 0
0.000000 -0.000000 -0.000000 0 0
0.000000 -0.000000 -0.000000 0 128
0.000000 -0.000000 -0.000000 0 0
0.000000 -0.000000 -0.000000 0 0
0.000000 -0.000000 -0.000000 0 0
0.000000 -0.000000 -0.000000 0 128
0.000000 -0.000000 -0.000000 0 0
0.000000 -0.000000 -0.000000 0 0
0.000000 -0.000000 -0.000000 0 0
0.000000 -0.000000 -0.000000 0 128
0.000000 -0.000000 -0.000000 0 128
0.000000 -0.000000 -0.000000 0 0
0.000000 -0.000000 -0.000000 0 0
0.000000 -0.000000 -0.000000 0 128
0.000000 -0.000000 -0.000000 0 128
0.000000 -0.000000 -0.000000 0 0
0.000000 -0.000000 -0.000000 0 128
0.000000 -0.000000 -0.000000 0 128
0.000000 -0.000000 -0.000000 0 128
0.000000 -0.000000 -0.000000 0 0
0.000000 -0.000000 -0.000000 0 128
0.000000 -0.000000 -0.000000 0 128
0.000000 -0.000000 -0.000000 0 128
0.000000 -0.000000 -0.000000 0 0
0.000000 -0.000000 -0.000000 0 128
0.000000 -0.000000 -0.000000 0 128
0.000000 -0.000000 -0.000000 0 128
0.000000 -0.000000 -0.000000 0 0
0.000000 -0.000000 -0.000000 0 128
0.000000 -0.000000 -0.000000 0 128
0.000000 -0.000000 -0.000000 0 128
0.000000 -0.000000 -0.000000 0 0
0.000000 -0.000000 -0.000000 0 0
0.000000 -0.000000 -0.000000 0 128
0.000000 -0.000000 -0.000000 0 128
0.000000 -0.000000 -0.000000 0 0
0.000000 -0.000000 -0.000000 0 0
0.000000 -0.000000 -0.000000 0 128
0.000000 -0.000000 -0.000000 0 0
0.000000 -0.000000 -0.000000 0 0
0.000000 -0.000000 -0.000000 0 0
0.000000 -0.000000 -0.000000 0 128
0.000000 -0.000000 -0.000000 0 0
0.000000 -0.000000 -0.000000 0 0
0.000000 -0.000000 -0.000000 0 0
0.000000 -0.000000 -0.000000 0 128
0.000000 -0.000000 -0.000000 0 0
0.000000 -0.000000 -0.000000 0 0
0.000000 -0.000000 -0.000000 0 128
0.000000 -0.000000 -0.000000 0 192
0.000000 -0.000000 -0.000000 0 0
0.000000 -0.000000 -0.000000 0 0
0.000000 -0.000000 -0.000000 0 192
0.000000 -0.000000 -0.000000 0 192
0.000000 -0.000000 -0.000000 0 128
0.000000 -0.000000 -0.000000 0 128
0.000000 -0.000000 -0.000000 0 192
0.000000 -0.000000 -0.000000 0 192
0.000000 -0.000000 -0.000000 0 128
0.000000 -0.000000 -0.000000 0 128
0.000000 -0.000000 -0.000000 0 192
0.000000 -0.000000 -0.000000 0 192
0.000000 -0.000000 -0.000000 0 128
0.000000 -0.000000 -0.000000 0 192
0.000000 -0.000000 -0.000000 1 192
0.000000 -0.000000 -0.000000 0 192
0.000000 -0.000000 -0.000000 0 128
0.000000 -0.000000 -0.000000 0 192
0.000000 -0.000000 -0.000000 0 192
0.000000 -0.000000 -0.000000 0 192
0.000000 -0.000000 -0.000000 0 192
0.000000 -0.000000 -0.000000 0 192
0.000000 -0.000000 -0.000000 3 192
0.000000 -0.000000 -0.000000 0 192
0.000000 -0.000000 -0.000000 0 128
0.000000 -0.000000 -0.000000 0 192
0.000000 -0.000000 -0.000000 0 192
0.000000 -0.000000 -0.000000 0 192
0.000000 -0.000000 -0.000000 0 192
0.000000 -0.000000 -0.000000 0 192
0.000000 -0.000000 -0.000000 0 192
0.000000 -0.000000 -0.000000 0 192
0.000000 -0.000000 -0.000000 0 0
0.000000 -0.000000 -0.000000 0 0
0.000000 -0.000000 -0.000000 0 0
0.000000 -0.000000 -0.000000 0 128
0.000000 -0.000000 -0.000000 0 0
0.000000 -0.000000 -0.000000 0 0
0.000000 -0.000000 -0.000000 0 0
0.000000 -0.000000 -0.000000 0 128
0.000000 -0.000000 -0.000000 0 0
0.000000 -0.000000 -0.000000 0 0
0.000000 -0.000000 -0.000000 0 0
0.000000 -0.000000 -0.000000 0 128
0.000000 -0.000000 -0.000000 0 0
0.000000 -0.000000 -0.000000 0 0
0.000000 -0.000000 -0.000000 0 0
0.000000 -0.000000 -0.000000 0 128
0.000000 -0.000000 -0.000000 0 0
0.000000 -0.000000 -0.000000 0 0
0.000000 -0.000000 -0.000000 0 0
0.000000 -0.000000 -0.000000 0 128
0.000000 -0.000000 -0.000000 0 0
0.000000 -0.000000 -0.000000 0 0
0.000000 -0.000000 -0.000000 0 0
0.000000 -0.000000 -0.000000 0 128
0.000000 -0.000000 -0.000000 0 128
0.000000 -0.000000 -0.000000 0 0
0.000000 -0.000000 -0.000000 0 0
0.000000 -0.000000 -0.000000 0 128
0.000000 -0.000000 -0.000000 0 128
0.000000 -0.000000 -0.000000 0 0
0.000000 -0.000000 -0.000000 0 128
0.000000 -0.000000 -0.000000 0 128
0.000000 -0.000000 -0.000000 0 128
0.000000 -0.000000 -0.000000 0 0
0.000000 -0.000000 -0.000000 0 128
0.000000 -0.000000 -0.000000 0 128
0.000000 -0.000000 -0.000000 0 128
0.000000 -0.000000 -0.000000 0 0
0.000000 -0.000000 -0.000000 0 128
0.000000 -0.000000 -0.000000 0 128
0.000000 -0.000000 -0.000000 0 128
0.000000 -0.000000 -0.000000 0 0
0.000000 -0.000000 -0.000000 0 128
0.000000 -0.000000 -0.000000 0 128
0.000000 -0.000000 -0.000000 0 128
0.000000 -0.000000 -0.000000 0 0
0.000000 -0.000000 -0.000000 0 0
0.000000 -0.000000 -0.000000 0 128
0.000000 -0.000000 -0.000000 0 128
0.000000 -0.000000 -0.000000 0 0
0.000000 -0.000000 -0.000000 0 0
0.000000 -0.000000 -0.000000 0 128
0.000000 -0.000000 -0.000000 0 0
0.000000 -0.000000 -0.000000 0 0
0.000000 -0.000000 -0.000000 0 0
0.000000 -0.000000 -0.000000 0 128
0.000000 -0.000000 -0.000000 0 0
0.000000 -0.000000 -0.000000 0 0
0.000000 -0.000000 -0.000000 0 0
0.000000 -0.000000 -0.000000 0 128
0.000000 -0.000000 -0.000000 0 0
0.000000 -0.000000 -0.000000 0 0
0.000000 -0.000000 -0.000000 0 128
0.000000 -0.000000 -0.000000 0 192
0.000000 -0.000000 -0.000000 0 0
0.000000 -0.000000 -0.000000 0 0
0.000000 -0.000000 -0.000000 0 192
0.000000 -0.000000 -0.000000 0 192
0.000000 -0.000000 -0.000000 0 128
0.000000 -0.000000 -0.000000 0 128
0.000000 -0.000000 -0.000000 0 192
0.000000 -0.000000 -0.000000 0 192
0.000000 -0.000000 -0.000000 0 128
0.000000 -0.000000 -0.000000 0 128
0.000000 -0.000000 -0.000000 0 192
0.000000 -0.000000 -0.000000 0 192
0.000000 -0.000000 -0.000000 0 128
0.000000 -0.000000 -0.000000 0 192
0.000000 -0.000000 -0.000000 1 192
0.000000 -0.000000 -0.000000 0 192
0.000000 -0.000000 -0.000000 0 128
0.000000 -0.000000 -0.000000 0 192
0.000000 -0.000000 -0.000000 0 192
0.000000 -0.000000 -0.000000 0 192
0.000000 -0.000000 -0.000000 0 192
0.000000 -0.000000 -0.000000 0 192
0.000000 -0.000000 -0.000000 3 192
0.000000 -0.000000 -0.000000 0 192
0.000000 -0.000000 -0.000000 0 128
0.000000 -0.000000 -0.000000 0 192
0.000000 -0.000000 -0.000000 0 192
0.000000 -0.000000 -0.000000 0 192
0.000000 -0.000000 -0.000000 0 192
0.000000 -0.000000 -0.000000 0 192
0.000000 -0.000000 -0.000000 0 192
0.000000 -0.000000 -0.000000 0 192
0.000000 -0.000000 -0.000000 0 128
0.000000 -0.000000 -0.000000 0 192
0.000000 -0.000000 -0.000000 0 192
0.000000 -0.000000 -0.000000 0 128
0.000000 -0.000000 -0.000000 0 128
0.000000 -0.000000 -0.000000 0 192
0.000000 -0.000000 -0.000000 0 192
0.000000 -0.000000 -0.000000 0 192
0.000000 -0.000000 -0.000000 0 128
0.000000 -0.000000 -0.000000 0 128
0.000000 -0.000000 -0.000000 0 128
0.000000 -0.000000 -0.000000 0 128
0.000000 -0.000000 -0.000000 0 128
0.000000 -0.000000 -0.000000 0 0
0.000000 -0.000000 -0.000000 0 128
0.000000 -0.000000 -0.000000 0 128
0.000000 -0.000000 -0.000000 0 128
0.000000 -0.000000 -0.000000 0 0
0.000000 -0.000000 -0.000000 0 128
0.000000 -0.000000 -0.000000 0 128
0.000000 -0.000000 -0.000000 0 0
0.000000 -0.000000 -0.000000 0 0
0.000000 -0.000000 -0.000000 0 0
0.000000 -0.000000 -0.000000 0 128
0.000000 -0.000000 -0.000000 0 0
0.000000 -0.000000 -0.000000 0 0
0.000000 -0.000000 -0.000000 0 0
0.000000 -0.000000 -0.000000 0 128
0.000000 -0.000000 -0.000000 0 0
0.000000 -0.000000 -0.000000 0 0
0.000000 -0.000000 -0.000000 0 0
0.000000 -0.000000 -0.000000 0 128
0.000000 -0.000000 -0.000000 0 0
0.000000 -0.000000 -0.000000 0 0
0.000000 -0.000000 -0.000000 0 0
0.000000 -0.000000 -0.000000 0 128
0.000000 -0.000000 -0.000000 0 0
0.000000 -0.000000 -0.000000 0 0
0.000000 -0.000000 -0.000000 0 0
0.000000 -0.000000 -0.000000 0 128
0.000000 -0.000000 -0.000000 0 0
0.000000 -0.000000 -0.000000 0 0
0.000000 -0.000000 -0.000000 0 0
0.000000 -0.000000 -0.000000 0 128
0.000000 -0.000000 -0.000000 0 0
0.000000 -0.000000 -0.000000 0 0
0.000000 -0.000000 -0.000000 0 0
0.000000 -0.000000 -0.000000 0 128
0.000000 -0.000000 -0.000000 0 0
0.000000 -0.000000 -0.000000 0 0
0.000000 -0.000000 -0.000000 0 0
0.000000 -0.000000 -0.000000 0 128
0.000000 -0.000000 -0.000000 0 0
0.000000 -0.000000 -0.000000 0 0
0.000000 -0.000000 -0.000000 0 0
0.000000 -0.000000 -0.000000 0 128
0.000000 -0.000000 -0.000000 0 0
0.000000 -0.000000 -0.000000 0 0
0.000000 -0.000000 -0.000000 0 0
0.000000 -0.000000 -0.000000 0 128
0.000000 -0.000000 -0.000000 0 0
0.000000 -0.000000 -0.000000 0 0
0.000000 -0.000000 -0.000000 0 0
0.000000 -0.000000 -0.000000 0 128
0.000000 -0.000000 -0.000000 0 0
0.000000 -0.000000 -0.000000 0 0
0.000000 -0.000000 -0.000000 0 0
0.000000 -0.000000 -0.000000 0 128
0.000000 -0.000000 -0.000000 0 0
0.000000 -0.000000 -0.000000 0 0
0.000000 -0.000000 -0.000000 0 0
0.000000 -0.000000 -0.000000 0 128
0.000000 -0.000000 -0.000000 0 0
0.000000 -0.000000 -0.000000 0 0
0.000000 -0.000000 -0.000000 0 0
0.000000 -0.000000 -0.000000 0 128
0.000000 -0.000000 -0.000000 0 0
0.000000 -0.000000 -0.000000 0 0
0.000000 -0.000000 -0.000000 0 0
0.000000 -0.000000 -0.000000 0 128
0.000000 -0.000000 -0.000000 0 0
0.000000 -0.000000 -0.000000 0 0
0.000000 -0.000000 -0.000000 0 0
0.000000 -0.000000 -0.000000 0 128
0.000000 -0.000000 -0.000000 0 0
0.000000 -0.000000 -0.000000 0 0
0.000000 -0.000000 -0.000000 0 0
0.000000 -0.000000 -0.000000 0 128
0.000000 -0.000000 -0.000000 0 0
0.000000 -0.000000 -0.000000 0 0
0.000000 -0.000000 -0.000000 0 0
0.000000 -0.000000 -0.000000 0 128
0.000000 -0.000000 -0.000000 0 0
0.000000 -0.000000 -0.000000 0 0
0.000000 -0.000000 -0.000000 0 0
0.000000 -0.000000 -0.000000 0 128
0.000000 -0.000000 -0.000000 0 128
0.000000 -0.000000 -0.000000 0 192
0.000000 -0.000000 -0.000000 0 192
0.000000 -0.000000 -0.000000 0 128
0.000000 -0.000000 -0.000000 0 128
0.000000 -0.000000 -0.000000 0 192
0.000000 -0.000000 -0.000000 0 192
0.000000 -0.000000 -0.000000 0 192
0.000000 -0.000000 -0.000000 0 128
0.000000 -0.000000 -0.000000 0 128
0.000000 -0.000000 -0.000000 0 128
0.000000 -0.000000 -0.000000 0 128
0.000000 -0.000000 -0.000000 0 128
0.000000 -0.000000 -0.000000 0 0
0.000000 -0.000000 -0.000000 0 128
0.000000 -0.000000 -0.000000 0 128
0.000000 -0.000000 -0.000000 0 128
0.000000 -0.000000 -0.000000 0 0
0.000000 -0.000000 -0.000000 0 128
0.000000 -0.000000 -0.000000 0 128
0.000000 -0.000000 -0.000000 0 0
0.000000 -0.000000 -0.000000 0 0
0.000000 -0.000000 -0.000000 0 0
0.000000 -0.000000 -0.000000 0 128
0.000000 -0.000000 -0.000000 0 0
0.000000 -0.000000 -0.000000 0 0
0.000000 -0.000000 -0.000000 0 0
0.000000 -0.000000 -0.000000 0 128
0.000000 -0.000000 -0.000000 0 0
0.000000 -0.000000 -0.000000 0 0
0.000000 -0.000000 -0.000000 0 0
0.000000 -0.000000 -0.000000 0 128
0.000000 -0.000000 -0.000000 0 0
0.000000 -0.000000 -0.000000 0 0
0.000000 -0.000000 -0.000000 0 0
0.000000 -0.000000 -0.000000 0 128
0.000000 -0.000000 -0.000000 0 0
0.000000 -0.000000 -0.000000 0 0
0.000000 -0.000000 -0.000000 0 0
0.000000 -0.000000 -0.000000 0 128
0.000000 -0.000000 -0.000000 0 0
0.000000 -0.000000 -0.000000 0 0
0.000000 -0.000000 -0.000000 0 0
0.000000 -0.000000 -0.000000 0 128
0.000000 -0.000000 -0.000000 0 0
0.000000 -0.000000 -0.000000 0 0
0.000000 -0.000000 -0.000000 0 0
0.000000 -0.000000 -0.000000 0 128
0.000000 -0.000000 -0.000000 0 0
0.000000 -0.000000 -0.000000 0 0
0.000000 -0.000000 -0.000000 0 0
0.000000 -0.000000 -0.000000 0 128
0.000000 -0.000000 -0.000000 0 0
0.000000 -0.000000 -0.000000 0 0
0.000000 -0.000000 -0.000000 0 0
0.000000 -0.000000 -0.000000 0 128
0.000000 -0.000000 -0.000000 0 0
0.000000 -0.000000 -0.000000 0 0
0.000000 -0.000000 -0.000000 0 0
0.000000 -0.000000 -0.000000 0 128
0.000000 -0.000000 -0.000000 0 0
0.000000 -0.000000 -0.000000 0 0
0.000000 -0.000000 -0.000000 0 0
0.000000 -0.000000 -0.000000 0 128
0.000000 -0.000000 -0.000000 0 0
0.000000 -0.000000 -0.000000 0 0
0.000000 -0.000000 -0.000000 0 0
0.000000 -0.000000 -0.000000 0 128
0.000000 -0.000000 -0.000000 0 0
0.000000 -0.000000 -0.000000 0 0
0.000000 -0.000000 -0.000000 0 0
0.000000 -0.000000 -0.000000 0 128
0.000000 -0.000000 -0.000000 0 0
0.000000 -0.000000 -0.000000 0 0
0.000000 -0.000000 -0.000000 0 0
0.000000 -0.000000 -0.000000 0 128
0.000000 -0.000000 -0.000000 0 0
0.000000 -0.000000 -0.000000 0 0
0.000000 -0.000000 -0.000000 0 0
0.000000 -0.000000 -0.000000 0 128
0.000000 -0.000000 -0.000000 0 0
0.000000 -0.000000 -0.000000 0 0
0.000000 -0.000000 -0.000000 0 0
0.000000 -0.000000 -0.000000 0 128
0.000000 -0.000000 -0.000000 0 0
0.000000 -0.000000 -0.000000 0 0
0.000000 -0.000000 -0.000000 0 0
0.000000 -0.000000 -0.000000 0 128
0.000000 -0.000000 -0.000000 0 0
0.000000 -0.000000 -0.000000 0 0
0.000000 -0.000000 -0.000000 0 0
0.000000 -0.000000 -0.000000 0 128
0.000000 -0.000000 -0.000000 0 0
0.000000 -0.000000 -0.000000 0 0
0.000000 -0.000000 -0.000000 0 0
0.000000 -0.000000 -0.000000 0 128
0.000000 -0.000000 -0.000000 0 128
0.000000 -0.000000 -0.000000 0 0
0.000000 -0.000000 -0.000000 0 0
0.000000 -0.000000 -0.000000 0 128
0.000000 -0.000000 -0.000000 0 0
0.000000 -0.000000 -0.000000 0 0
0.000000 -0.000000 -0.000000 0 0
0.000000 -0.000000 -0.000000 0 128
0.000000 -0.000000 -0.000000 0 0
0.000000 -0.000000 -0.000000 0 0
0.000000 -0.000000 -0.000000 0 0
0.000000 -0.000000 -0.000000 0 128
0.000000 -0.000000 -0.000000 0 0
0.000000 -0.000000 -0.000000 0 128
0.000000 -0.000000 -0.000000 0 128
0.000000 -0.000000 -0.000000 0 128
0.000000 -0.000000 -0.000000 0 0
0.000000 -0.000000 -0.000000 0 128
0.000000 -0.000000 -0.000000 0 128
0.000000 -0.000000 -0.000000 0 128
0.000000 -0.000000 -0.000000 0 128
0.000000 -0.000000 -0.000000 0 128
0.000000 -0.000000 -0.000000 0 128
0.000000 -0.000000 -0.000000 0 192
0.000000 -0.000000 -0.000000 0 128
0.000000 -0.000000 -0.000000 0 128
0.000000 -0.000000 -0.000000 0 128
0.000000 -0.000000 -0.000000 0 192
0.000000 -0.000000 -0.000000 0 128
0.000000 -0.000000 -0.000000 0 128
0.000000 -0.000000 -0.000000 0 0
0.000000 -0.000000 -0.000000 0 192
0.000000 -0.000000 -0.000000 0 128
0.000000 -0.000000 -0.000000 0 128
0.000000 -0.000000 -0.000000 0 0
0.000000 -0.000000 -0.000000 0 192
0.000000 -0.000000 -0.000000 0 128
0.000000 -0.000000 -0.000000 0 0
0.000000 -0.000000 -0.000000 0 128
0.000000 -0.000000 -0.000000 0 192
0.000000 -0.000000 -0.000000 0 128
0.000000 -0.000000 -0.000000 0 0
0.000000 -0.000000 -0.000000 0 128
0.000000 -0.000000 -0.000000 0 128
0.000000 -0.000000 -0.000000 0 128
0.000000 -0.000000 -0.000000 0 0
0.000000 -0.000000 -0.000000 0 128
0.000000 -0.000000 -0.000000 0 128
0.000000 -0.000000 -0.000000 0 128
0.000000 -0.000000 -0.000000 0 0
0.000000 -0.000000 -0.000000 0 128
0.000000 -0.000000 -0.000000 0 128
0.000000 -0.000000 -0.000000 0 128
0.000000 -0.000000 -0.000000 0 128
0.000000 -0.000000 -0.000000 0 128
0.000000 -0.000000 -0.000000 0 128
0.000000 -0.000000 -0.000000 0 128
0.000000 -0.000000 -0.000000 0 128
0.000000 -0.000000 -0.000000 0 128
0.000000 -0.000000 -0.000000 0 128
0.000000 -0.000000 -0.000000 0 192
0.000000 -0.000000 -0.000000 0 128
0.000000 -0.000000 -0.000000 0 0
0.000000 -0.000000 -0.000000 0 128
0.000000 -0.000000 -0.000000 0 128
0.000000 -0.000000 -0.000000 0 128
0.000000 -0.000000 -0.000000 0 0
0.000000 -0.000000 -0.000000 0 128
0.000000 -0.000000 -0.000000 0 128
0.000000 -0.000000 -0.000000 0 0
0.000000 -0.000000 -0.000000 0 0
0.000000 -0.000000 -0.000000 0 128
0.000000 -0.000000 -0.000000 0 128
0.000000 -0.000000 -0.000000 0 0
0.000000 -0.000000 -0.000000 0 0
0.000000 -0.000000 -0.000000 0 128
0.000000 -0.000000 -0.000000 0 128
0.000000 -0.000000 -0.000000 0 0
0.000000 -0.000000 -0.000000 0 128
0.000000 -0.000000 -0.000000 0 128
0.000000 -0.000000 -0.000000 0 128
0.000000 -0.000000 -0.000000 0 0
0.000000 -0.000000 -0.000000 0 128
4.412000 -9.527000 0.544000 1 0
0.000000 -0.000000 -0.000000 0 128
0.000000 -0.000000 -0.000000 0 128
0.000000 -0.000000 -0.000000 0 0
4.159000 -9.566000 0.530000 44 0
0.000000 -0.000000 -0.000000 0 128
0.000000 -0.000000 -0.000000 0 128
4.231000 -9.541000 0.466000 37 0
3.905000 -9.601000 0.516000 93 0
0.000000 -0.000000 -0.000000 0 128
0.000000 -0.000000 -0.000000 0 0
3.984000 -9.587000 0.461000 88 0
3.669000 -9.669000 0.505000 112 0
0.000000 -0.000000 -0.000000 0 128
0.000000 -0.000000 -0.000000 0 0
0.000000 -0.000000 -0.000000 0 0
0.000000 -0.000000 -0.000000 0 128
0.000000 -0.000000 -0.000000 0 0
0.000000 -0.000000 -0.000000 0 0
0.000000 -0.000000 -0.000000 0 0
0.000000 -0.000000 -0.000000 0 128
0.000000 -0.000000 -0.000000 0 0
0.000000 -0.000000 -0.000000 0 0
0.000000 -0.000000 -0.000000 0 0
0.000000 -0.000000 -0.000000 0 128
0.000000 -0.000000 -0.000000 0 0
0.000000 -0.000000 -0.000000 0 128
0.000000 -0.000000 -0.000000 0 128
0.000000 -0.000000 -0.000000 0 128
0.000000 -0.000000 -0.000000 0 0
0.000000 -0.000000 -0.000000 0 128
0.000000 -0.000000 -0.000000 0 128
0.000000 -0.000000 -0.000000 0 128
0.000000 -0.000000 -0.000000 0 128
0.000000 -0.000000 -0.000000 0 128
0.000000 -0.000000 -0.000000 0 128
0.000000 -0.000000 -0.000000 0 192
0.000000 -0.000000 -0.000000 0 128
0.000000 -0.000000 -0.000000 0 128
0.000000 -0.000000 -0.000000 0 128
0.000000 -0.000000 -0.000000 0 192
0.000000 -0.000000 -0.000000 0 128
0.000000 -0.000000 -0.000000 0 128
0.000000 -0.000000 -0.000000 0 0
0.000000 -0.000000 -0.000000 0 192
0.000000 -0.000000 -0.000000 0 128
0.000000 -0.000000 -0.000000 0 128
0.000000 -0.000000 -0.000000 0 0
0.000000 -0.000000 -0.000000 0 192
0.000000 -0.000000 -0.000000 0 128
0.000000 -0.000000 -0.000000 0 0
0.000000 -0.000000 -0.000000 0 128
0.000000 -0.000000 -0.000000 0 192
0.000000 -0.000000 -0.000000 0 128
0.000000 -0.000000 -0.000000 0 0
0.000000 -0.000000 -0.000000 0 128
0.000000 -0.000000 -0.000000 0 128
0.000000 -0.000000 -0.000000 0 128
0.000000 -0.000000 -0.000000 0 0
0.000000 -0.000000 -0.000000 0 128
0.000000 -0.000000 -0.000000 0 128
0.000000 -0.000000 -0.000000 0 128
0.000000 -0.000000 -0.000000 0 0
0.000000 -0.000000 -0.000000 0 128
0.000000 -0.000000 -0.000000 0 128
0.000000 -0.000000 -0.000000 0 128
0.000000 -0.000000 -0.000000 0 128
0.000000 -0.000000 -0.000000 0 128
0.000000 -0.000000 -0.000000 0 128
0.000000 -0.000000 -0.000000 0 128
0.000000 -0.000000 -0.000000 0 128
0.000000 -0.000000 -0.000000 0 128
0.000000 -0.000000 -0.000000 0 128
0.000000 -0.000000 -0.000000 0 192
0.000000 -0.000000 -0.000000 0 128
0.000000 -0.000000 -0.000000 0 0
0.000000 -0.000000 -0.000000 0 128
0.000000 -0.000000 -0.000000 0 128
0.000000 -0.000000 -0.000000 0 128
0.000000 -0.000000 -0.000000 0 0
0.000000 -0.000000 -0.000000 0 128
0.000000 -0.000000 -0.000000 0 128
0.000000 -0.000000 -0.000000 0 0
0.000000 -0.000000 -0.000000 0 0
0.000000 -0.000000 -0.000000 0 128
0.000000 -0.000000 -0.000000 0 128
0.000000 -0.000000 -0.000000 0 0
0.000000 -0.000000 -0.000000 0 0
0.000000 -0.000000 -0.000000 0 128
0.000000 -0.000000 -0.000000 0 128
0.000000 -0.000000 -0.000000 0 0
0.000000 -0.000000 -0.000000 0 128
0.000000 -0.000000 -0.000000 0 128
0.000000 -0.000000 -0.000000 0 128
0.000000 -0.000000 -0.000000 0 0
0.000000 -0.000000 -0.000000 0 128
4.412000 -9.527000 0.544000 1 0
0.000000 -0.000000 -0.000000 0 128
0.000000 -0.000000 -0.000000 0 128
0.000000 -0.000000 -0.000000 0 0
4.159000 -9.566000 0.530000 44 0
0.000000 -0.000000 -0.000000 0 128
0.000000 -0.000000 -0.000000 0 128
4.231000 -9.541000 0.466000 37 0
3.905000 -9.601000 0.516000 93 0
0.000000 -0.000000 -0.000000 0 128
0.000000 -0.000000 -0.000000 0 0
3.984000 -9.587000 0.461000 88 0
3.669000 -9.669000 0.505000 112 0
4.420000 -9.518000 0.395000 5 0
4.081000 -9.581000 0.432000 66 0
3.750000 -9.655000 0.458000 109 0
3.428000 -9.724000 0.494000 113 0
4.174000 -9.555000 0.406000 56 0
3.840000 -9.635000 0.437000 100 0
3.511000 -9.706000 0.454000 118 0
3.190000 -9.780000 0.482000 106 0
3.927000 -9.590000 0.418000 91 0
3.604000 -9.686000 0.440000 110 0
3.274000 -9.766000 0.451000 117 0
2.953000 -9.832000 0.471000 105 0
3.701000 -9.665000 0.431000 111 0
3.367000 -9.735000 0.444000 110 0
3.038000 -9.813000 0.447000 109 0
2.718000 -9.895000 0.461000 102 0
3.466000 -9.715000 0.443000 105 0
3.130000 -9.787000 0.449000 102 0
2.807000 -9.876000 0.444000 109 0
2.479000 -9.936000 0.449000 105 0
3.230000 -9.766000 0.456000 116 0
2.901000 -9.850000 0.454000 103 0
2.568000 -9.921000 0.441000 108 0
2.245000 -9.986000 0.438000 101 0
2.998000 -9.818000 0.468000 101 0
2.666000 -9.904000 0.459000 105 0
2.336000 -9.974000 0.438000 105 0
2.013000 -10.064000 0.429000 101 0
2.770000 -9.876000 0.481000 107 0
2.433000 -9.953000 0.464000 104 0
2.102000 -10.033000 0.436000 100 0
1.776000 -10.103000 0.418000 100 0
2.536000 -9.929000 0.494000 104 0
2.201000 -10.000000 0.468000 103 0
1.868000 -10.085000 0.433000 101 0
1.540000 -10.160000 0.409000 97 0
2.305000 -9.978000 0.507000 102 0
1.969000 -10.065000 0.475000 99 0
1.635000 -10.134000 0.430000 101 0
1.289000 -10.094000 0.394000 57 0
2.072000 -10.035000 0.521000 101 0
1.735000 -10.113000 0.480000 99 0
1.399000 -10.194000 0.429000 87 0
0.000000 -0.000000 -0.000000 0 0
1.841000 -10.087000 0.535000 96 0
1.503000 -10.175000 0.486000 99 0
1.142000 -10.052000 0.419000 17 0
0.000000 -0.000000 -0.000000 0 128
1.610000 -10.149000 0.549000 96 0
1.244000 -10.047000 0.484000 46 0
0.000000 -0.000000 -0.000000 0 0
0.000000 -0.000000 -0.000000 0 128
1.371000 -10.181000 0.562000 69 0
0.000000 -0.000000 -0.000000 0 0
0.000000 -0.000000 -0.000000 0 128
0.000000 -0.000000 -0.000000 0 128
1.119000 -10.058000 0.566000 16 0
0.000000 -0.000000 -0.000000 0 128
0.000000 -0.000000 -0.000000 0 128
0.000000 -0.000000 -0.000000 0 128
0.000000 -0.000000 -0.000000 0 0
0.000000 -0.000000 -0.000000 0 128
0.000000 -0.000000 -0.000000 0 128
0.000000 -0.000000 -0.000000 0 128
0.000000 -0.000000 -0.000000 0 128
0.000000 -0.000000 -0.000000 0 128
0.000000 -0.000000 -0.000000 0 128
0.000000 -0.000000 -0.000000 0 128
0.000000 -0.000000 -0.000000 0 128
0.000000 -0.000000 -0.000000 0 128
0.000000 -0.000000 -0.000000 0 128
0.000000 -0.000000 -0.000000 0 128
0.000000 -0.000000 -0.000000 0 128
0.000000 -0.000000 -0.000000 0 128
0.000000 -0.000000 -0.000000 0 128
-0.173000 -2.078000 0.061000 0 0
0.000000 -0.000000 -0.000000 0 128
0.000000 -0.000000 -0.000000 0 128
0.000000 -0.000000 -0.000000 0 0
-0.207000 -1.943000 0.055000 1 0
0.000000 -0.000000 -0.000000 0 128
0.000000 -0.000000 -0.000000 0 0
-0.195000 -2.008000 0.078000 1 0
-0.238000 -1.833000 0.050000 1 0
0.000000 -0.000000 -0.000000 0 128
-0.179000 -2.052000 0.107000 1 0
-0.226000 -1.878000 0.073000 1 0
-0.263000 -1.708000 0.045000 2 0
0.000000 -0.000000 -0.000000 0 0
-0.213000 -1.930000 0.101000 1 0
-0.254000 -1.758000 0.068000 1 0
-0.288000 -1.621000 0.042000 2 0
-0.198000 -1.984000 0.133000 1 0
-0.243000 -1.809000 0.096000 1 0
-0.281000 -1.672000 0.064000 2 0
-0.303000 -1.505000 0.037000 2 0
4.420000 -9.518000 0.395000 5 0
4.081000 -9.581000 0.432000 66 0
3.750000 -9.655000 0.458000 109 0
3.428000 -9.724000 0.494000 113 0
4.174000 -9.555000 0.406000 56 0
3.840000 -9.635000 0.437000 100 0
3.511000 -9.706000 0.454000 118 0
3.190000 -9.780000 0.482000 106 0
3.927000 -9.590000 0.418000 91 0
3.604000 -9.686000 0.440000 110 0
3.274000 -9.766000 0.451000 117 0
2.953000 -9.832000 0.471000 105 0
3.701000 -9.665000 0.431000 111 0
3.367000 -9.735000 0.444000 110 0
3.038000 -9.813000 0.447000 109 0
2.718000 -9.895000 0.461000 102 0
3.466000 -9.715000 0.443000 105 0
3.130000 -9.787000 0.449000 102 0
2.807000 -9.876000 0.444000 109 0
2.479000 -9.936000 0.449000 105 0
3.230000 -9.766000 0.456000 116 0
2.901000 -9.850000 0.454000 103 0
2.568000 -9.921000 0.441000 108 0
2.245000 -9.986000 0.438000 101 0
2.998000 -9.818000 0.468000 101 0
2.666000 -9.904000 0.459000 105 0
2.336000 -9.974000 0.438000 105 0
2.013000 -10.064000 0.429000 101 0
2.770000 -9.876000 0.481000 107 0
2.433000 -9.953000 0.464000 104 0
2.102000 -10.033000 0.436000 100 0
1.776000 -10.103000 0.418000 100 0
2.536000 -9.929000 0.494000 104 0
2.201000 -10.000000 0.468000 103 0
1.868000 -10.085000 0.433000 101 0
1.540000 -10.160000 0.409000 97 0
2.305000 -9.978000 0.507000 102 0
1.969000 -10.065000 0.475000 99 0
1.635000 -10.134000 0.430000 101 0
1.289000 -10.094000 0.394000 57 0
2.072000 -10.035000 0.521000 101 0
1.735000 -10.113000 0.480000 99 0
1.399000 -10.194000 0.429000 87 0
0.000000 -0.000000 -0.000000 0 0
1.841000 -10.087000 0.535000 96 0
1.503000 -10.175000 0.486000 99 0
1.142000 -10.052000 0.419000 17 0
0.000000 -0.000000 -0.000000 0 128
1.610000 -10.149000 0.549000 96 0
1.244000 -10.047000 0.484000 46 0
0.000000 -0.000000 -0.000000 0 0
0.000000 -0.000000 -0.000000 0 128
1.371000 -10.181000 0.562000 69 0
0.000000 -0.000000 -0.000000 0 0
0.000000 -0.000000 -0.000000 0 128
0.000000 -0.000000 -0.000000 0 128
1.119000 -10.058000 0.566000 16 0
0.000000 -0.000000 -0.000000 0 128
0.000000 -0.000000 -0.000000 0 128
0.000000 -0.000000 -0.000000 0 128
0.000000 -0.000000 -0.000000 0 0
0.000000 -0.000000 -0.000000 0 128
0.000000 -0.000000 -0.000000 0 128
0.000000 -0.000000 -0.000000 0 128
0.000000 -0.000000 -0.000000 0 128
0.000000 -0.000000 -0.000000 0 128
0.000000 -0.000000 -0.000000 0 128
0.000000 -0.000000 -0.000000 0 128
0.000000 -0.000000 -0.000000 0 128
0.000000 -0.000000 -0.000000 0 128
0.000000 -0.000000 -0.000000 0 128
0.000000 -0.000000 -0.000000 0 128
0.000000 -0.000000 -0.000000 0 128
0.000000 -0.000000 -0.000000 0 128
0.000000 -0.000000 -0.000000 0 128
-0.173000 -2.078000 0.061000 0 0
0.000000 -0.000000 -0.000000 0 128
0.000000 -0.000000 -0.000000 0 128
0.000000 -0.000000 -0.000000 0 0
-0.207000 -1.943000 0.055000 1 0
0.000000 -0.000000 -0.000000 0 128
0.000000 -0.000000 -0.000000 0 0
-0.195000 -2.008000 0.078000 1 0
-0.238000 -1.833000 0.050000 1 0
0.000000 -0.000000 -0.000000 0 128
-0.179000 -2.052000 0.107000 1 0
-0.226000 -1.878000 0.073000 1 0
-0.263000 -1.708000 0.045000 2 0
0.000000 -0.000000 -0.000000 0 0
-0.213000 -1.930000 0.101000 1 0
-0.254000 -1.758000 0.068000 1 0
-0.288000 -1.621000 0.042000 2 0
-0.198000 -1.984000 0.133000 1 0
-0.243000 -1.809000 0.096000 1 0
-0.281000 -1.672000 0.064000 2 0
-0.303000 -1.505000 0.037000 2 0
-1.155000 0.496000 0.020000 1 0
-1.155000 0.492000 -0.020000 1 0
-1.150000 0.486000 -0.060000 1 0
-1.131000 0.475000 -0.098000 0 64
-1.159000 0.531000 0.020000 1 0
-1.160000 0.527000 -0.021000 1 0
-1.149000 0.516000 -0.061000 1 0
-1.154000 0.516000 -0.101000 1 64
-1.159000 0.565000 0.020000 0 0
-1.168000 0.564000 -0.022000 1 0
-1.161000 0.554000 -0.063000 1 0
-1.152000 0.545000 -0.103000 1 64
-1.165000 0.604000 0.020000 0 0
-1.170000 0.599000 -0.023000 1 0
-1.172000 0.592000 -0.065000 1 0
-1.148000 0.575000 -0.104000 0 64
0.000000 -0.000000 -0.000000 0 0
-1.179000 0.639000 -0.024000 1 0
-1.175000 0.628000 -0.067000 0 0
0.000000 -0.000000 -0.000000 0 0
-1.177000 0.684000 0.019000 0 0
0.000000 -0.000000 -0.000000 0 0
-1.188000 0.670000 -0.069000 1 0
-1.175000 0.655000 -0.110000 0 64
0.000000 -0.000000 -0.000000 0 0
-1.203000 0.727000 -0.027000 1 0
-1.188000 0.707000 -0.070000 0 0
0.000000 -0.000000 -0.000000 0 0
-1.207000 0.782000 0.019000 0 0
0.000000 -0.000000 -0.000000 0 0
0.000000 -0.000000 -0.000000 0 0
-1.193000 0.736000 -0.116000 0 64
0.000000 -0.000000 -0.000000 0 0
-1.222000 0.819000 -0.029000 0 0
-1.220000 0.803000 -0.075000 0 0
0.000000 -0.000000 -0.000000 0 0
0.000000 -0.000000 -0.000000 0 128
-1.239000 0.873000 -0.031000 9 0
0.000000 -0.000000 -0.000000 0 0
-1.221000 0.830000 -0.123000 0 64
-1.258000 0.950000 0.018000 9 0
-1.238000 0.917000 -0.032000 0 0
-1.238000 0.898000 -0.080000 0 0
-1.239000 0.884000 -0.127000 11 0
-1.214000 0.964000 0.017000 0 0
-1.249000 0.971000 -0.034000 13 0
-1.257000 0.956000 -0.083000 10 0
0.000000 -0.000000 -0.000000 0 0
-1.187000 0.990000 0.015000 17 0
-1.203000 0.982000 -0.034000 1 0
-1.219000 0.972000 -0.083000 0 0
-1.232000 0.964000 -0.131000 0 64
-1.227000 1.074000 0.015000 10 1
-1.193000 1.020000 -0.035000 8 0
-1.182000 0.988000 -0.082000 18 0
-1.200000 0.982000 -0.130000 16 0
-1.240000 1.140000 0.015000 66 0
-1.240000 1.112000 -0.038000 12 0
-1.239000 1.084000 -0.089000 5 0
0.000000 -0.000000 -0.000000 0 0
-1.264000 1.218000 0.014000 13 64
-1.244000 1.169000 -0.040000 67 0
-1.232000 1.129000 -0.090000 73 0
-1.231000 1.103000 -0.139000 15 64
-1.277000 1.292000 0.013000 62 0
-1.264000 1.245000 -0.043000 61 0
-1.263000 1.212000 -0.095000 12 64
-1.242000 1.163000 -0.143000 63 0
-1.298000 1.377000 0.012000 56 0
-1.283000 1.323000 -0.045000 66 0
-1.270000 1.275000 -0.099000 63 0
-1.260000 1.234000 -0.149000 64 0
-1.325000 1.475000 0.012000 54 0
-1.307000 1.413000 -0.048000 60 0
-1.292000 1.357000 -0.103000 61 0
-1.282000 1.313000 -0.155000 60 0
-1.345000 1.572000 0.010000 58 0
-1.324000 1.501000 -0.051000 57 0
-1.312000 1.443000 -0.108000 59 0
-1.300000 1.392000 -0.161000 63 0
-5.193000 6.370000 0.036000 113 0
-1.351000 1.606000 -0.055000 54 0
-1.331000 1.532000 -0.113000 54 0
-1.319000 1.477000 -0.167000 58 0
-4.991000 6.429000 0.029000 111 0
-4.069000 5.070000 -0.175000 3 0
-1.345000 1.623000 -0.118000 9 0
-1.340000 1.570000 -0.174000 54 0
-4.782000 6.475000 0.022000 116 0
0.000000 -0.000000 -0.000000 0 0
-1.911000 2.415000 -0.173000 33 0
-1.993000 2.443000 -0.266000 0 0
-4.578000 6.517000 0.014000 119 0
0.000000 -0.000000 -0.000000 0 128
-1.829000 2.422000 -0.171000 32 0
-1.906000 2.445000 -0.261000 0 0
-1.155000 0.496000 0.020000 1 0
-1.155000 0.492000 -0.020000 1 0
-1.150000 0.486000 -0.060000 1 0
-1.131000 0.475000 -0.098000 0 64
-1.159000 0.531000 0.020000 1 0
-1.160000 0.527000 -0.021000 1 0
-1.149000 0.516000 -0.061000 1 0
-1.154000 0.516000 -0.101000 1 64
-1.159000 0.565000 0.020000 0 0
-1.168000 0.564000 -0.022000 1 0
-1.161000 0.554000 -0.063000 1 0
-1.152000 0.545000 -0.103000 1 64
-1.165000 0.604000 0.020000 0 0
-1.170000 0.599000 -0.023000 1 0
-1.172000 0.592000 -0.065000 1 0
-1.148000 0.575000 -0.104000 0 64
0.000000 -0.000000 -0.000000 0 0
-1.179000 0.639000 -0.024000 1 0
-1.175000 0.628000 -0.067000 0 0
0.000000 -0.000000 -0.000000 0 0
-1.177000 0.684000 0.019000 0 0
0.000000 -0.000000 -0.000000 0 0
-1.188000 0.670000 -0.069000 1 0
-1.175000 0.655000 -0.110000 0 64
0.000000 -0.000000 -0.000000 0 0
-1.203000 0.727000 -0.027000 1 0
-1.188000 0.707000 -0.070000 0 0
0.000000 -0.000000 -0.000000 0 0
-1.207000 0.782000 0.019000 0 0
0.000000 -0.000000 -0.000000 0 0
0.000000 -0.000000 -0.000000 0 0
-1.193000 0.736000 -0.116000 0 64
0.000000 -0.000000 -0.000000 0 0
-1.222000 0.819000 -0.029000 0 0
-1.220000 0.803000 -0.075000 0 0
0.000000 -0.000000 -0.000000 0 0
0.000000 -0.000000 -0.000000 0 128
-1.239000 0.873000 -0.031000 9 0
0.000000 -0.000000 -0.000000 0 0
-1.221000 0.830000 -0.123000 0 64
-1.258000 0.950000 0.018000 9 0
-1.238000 0.917000 -0.032000 0 0
-1.238000 0.898000 -0.080000 0 0
-1.239000 0.884000 -0.127000 11 0
-1.214000 0.964000 0.017000 0 0
-1.249000 0.971000 -0.034000 13 0
-1.257000 0.956000 -0.083000 10 0
0.000000 -0.000000 -0.000000 0 0
-1.187000 0.990000 0.015000 17 0
-1.203000 0.982000 -0.034000 1 0
-1.219000 0.972000 -0.083000 0 0
-1.232000 0.964000 -0.131000 0 64
-1.227000 1.074000 0.015000 10 1
-1.193000 1.020000 -0.035000 8 0
-1.182000 0.988000 -0.082000 18 0
-1.200000 0.982000 -0.130000 16 0
-1.240000 1.140000 0.015000 66 0
-1.240000 1.112000 -0.038000 12 0
-1.239000 1.084000 -0.089000 5 0
0.000000 -0.000000 -0.000000 0 0
-1.264000 1.218000 0.014000 13 64
-1.244000 1.169000 -0.040000 67 0
-1.232000 1.129000 -0.090000 73 0
-1.231000 1.103000 -0.139000 15 64
-1.277000 1.292000 0.013000 62 0
-1.264000 1.245000 -0.043000 61 0
-1.263000 1.212000 -0.095000 12 64
-1.242000 1.163000 -0.143000 63 0
-1.298000 1.377000 0.012000 56 0
-1.283000 1.323000 -0.045000 66 0
-1.270000 1.275000 -0.099000 63 0
-1.260000 1.234000 -0.149000 64 0
-1.325000 1.475000 0.012000 54 0
-1.307000 1.413000 -0.048000 60 0
-1.292000 1.357000 -0.103000 61 0
-1.282000 1.313000 -0.155000 60 0
-1.345000 1.572000 0.010000 58 0
-1.324000 1.501000 -0.051000 57 0
-1.312000 1.443000 -0.108000 59 0
-1.300000 1.392000 -0.161000 63 0
-5.193000 6.370000 0.036000 113 0
-1.351000 1.606000 -0.055000 54 0
-1.331000 1.532000 -0.113000 54 0
-1.319000 1.477000 -0.167000 58 0
-4.991000 6.429000 0.029000 111 0
-4.069000 5.070000 -0.175000 3 0
-1.345000 1.623000 -0.118000 9 0
-1.340000 1.570000 -0.174000 54 0
-4.782000 6.475000 0.022000 116 0
0.000000 -0.000000 -0.000000 0 0
-1.911000 2.415000 -0.173000 33 0
-1.993000 2.443000 -0.266000 0 0
-4.578000 6.517000 0.014000 119 0
0.000000 -0.000000 -0.000000 0 128
-1.829000 2.422000 -0.171000 32 0
-1.906000 2.445000 -0.261000 0 0
-4.375000 6.557000 0.007000 59 0
-3.610000 5.205000 -0.182000 26 0
-1.760000 2.446000 -0.171000 36 0
-1.824000 2.450000 -0.257000 0 0
-4.189000 6.614000 -0.000000 96 0
-2.768000 4.198000 -0.147000 0 4
-1.688000 2.461000 -0.170000 40 0
-1.761000 2.481000 -0.256000 1 0
-3.995000 6.652000 -0.006000 70 0
-2.820000 4.501000 -0.158000 2 0
-1.617000 2.479000 -0.169000 43 0
-1.674000 2.473000 -0.250000 0 0
-2.802000 4.929000 -0.010000 1 4
-3.070000 5.164000 -0.183000 2 0
-1.547000 2.494000 -0.168000 45 0
-1.620000 2.513000 -0.250000 0 0
-2.723000 5.065000 -0.016000 2 0
-2.785000 4.943000 -0.176000 16 0
-1.480000 2.511000 -0.167000 44 0
-1.546000 2.521000 -0.247000 0 0
-2.620000 5.166000 -0.021000 3 0
-2.697000 5.057000 -0.181000 13 0
-1.411000 2.526000 -0.167000 45 0
-1.477000 2.533000 -0.244000 0 0
-2.527000 5.289000 -0.027000 7 0
-2.613000 5.191000 -0.187000 14 0
-1.342000 2.535000 -0.166000 49 0
-1.418000 2.564000 -0.243000 0 0
-3.085000 6.869000 -0.043000 131 0
-2.521000 5.311000 -0.193000 14 0
-1.278000 2.555000 -0.165000 45 0
-1.343000 2.562000 -0.239000 0 0
-2.904000 6.902000 -0.050000 129 0
-2.421000 5.420000 -0.198000 4 0
-1.214000 2.572000 -0.165000 33 0
-1.278000 2.578000 -0.237000 0 0
-2.733000 6.948000 -0.058000 131 0
-2.296000 5.481000 -0.202000 1 0
-1.149000 2.587000 -0.165000 34 0
-1.210000 2.584000 -0.234000 7 0
-2.556000 6.977000 -0.066000 128 0
-2.172000 5.542000 -0.206000 1 0
-1.083000 2.598000 -0.164000 28 0
-1.151000 2.607000 -0.233000 5 0
-2.384000 7.020000 -0.074000 128 0
-2.026000 5.544000 -0.208000 1 0
-1.021000 2.613000 -0.164000 21 0
-1.088000 2.624000 -0.231000 1 0
-2.215000 7.064000 -0.081000 127 0
-1.835000 5.410000 -0.205000 37 0
-0.961000 2.637000 -0.164000 6 0
-1.029000 2.648000 -0.230000 4 0
-2.044000 7.103000 -0.090000 122 0
-1.715000 5.470000 -0.209000 20 0
-1.825000 5.390000 -0.334000 112 0
-1.901000 5.241000 -0.450000 31 0
-1.877000 7.148000 -0.098000 113 0
-1.883000 6.530000 -0.252000 39 0
-1.738000 5.544000 -0.341000 32 0
-1.766000 5.235000 -0.443000 35 0
-1.707000 7.186000 -0.106000 96 0
-1.725000 6.555000 -0.255000 62 0
-1.885000 6.532000 -0.400000 70 0
-1.684000 5.388000 -0.450000 20 0
-1.536000 7.219000 -0.115000 118 0
0.000000 -0.000000 -0.000000 0 0
-1.388000 5.264000 -0.321000 60 0
-1.879000 6.528000 -0.539000 49 0
-1.368000 7.261000 -0.124000 125 0
-1.426000 6.661000 -0.265000 8 0
-1.079000 4.509000 -0.274000 0 0
-1.386000 5.264000 -0.429000 60 0
-1.201000 7.308000 -0.133000 131 0
-1.381000 7.263000 -0.292000 150 0
-1.434000 6.661000 -0.403000 93 0
-1.037000 4.332000 -0.349000 0 0
-0.813000 5.799000 -0.112000 53 0
-1.214000 7.299000 -0.297000 131 0
-1.389000 7.258000 -0.437000 150 0
-1.436000 6.665000 -0.531000 101 0
-0.680000 5.839000 -0.119000 11 0
-0.825000 5.793000 -0.239000 27 0
-1.225000 7.300000 -0.438000 121 0
-1.392000 7.254000 -0.571000 125 0
0.000000 -0.000000 -0.000000 0 0
-0.658000 5.529000 -0.230000 83 0
-0.835000 5.795000 -0.347000 34 0
-1.231000 7.305000 -0.569000 136 0
0.000000 -0.000000 -0.000000 0 0
-0.531000 5.570000 -0.235000 26 0
-0.668000 5.527000 -0.329000 76 0
-0.841000 5.797000 -0.446000 33 0
0.000000 -0.000000 -0.000000 0 192
0.000000 -0.000000 -0.000000 0 0
-0.545000 5.570000 -0.331000 34 0
-0.664000 5.445000 -0.415000 30 0
-4.375000 6.557000 0.007000 59 0
-3.610000 5.205000 -0.182000 26 0
-1.760000 2.446000 -0.171000 36 0
-1.824000 2.450000 -0.257000 0 0
-4.189000 6.614000 -0.000000 96 0
-2.768000 4.198000 -0.147000 0 4
-1.688000 2.461000 -0.170000 40 0
-1.761000 2.481000 -0.256000 1 0
-3.995000 6.652000 -0.006000 70 0
-2.820000 4.501000 -0.158000 2 0
-1.617000 2.479000 -0.169000 43 0
-1.674000 2.473000 -0.250000 0 0
-2.802000 4.929000 -0.010000 1 4
-3.070000 5.164000 -0.183000 2 0
-1.547000 2.494000 -0.168000 45 0
-1.620000 2.513000 -0.250000 0 0
-2.723000 5.065000 -0.016000 2 0
-2.785000 4.943000 -0.176000 16 0
-1.480000 2.511000 -0.167000 44 0
-1.546000 2.521000 -0.247000 0 0
-2.620000 5.166000 -0.021000 3 0
-2.697000 5.057000 -0.181000 13 0
-1.411000 2.526000 -0.167000 45 0
-1.477000 2.533000 -0.244000 0 0
-2.527000 5.289000 -0.027000 7 0
-2.613000 5.191000 -0.187000 14 0
-1.342000 2.535000 -0.166000 49 0
-1.418000 2.564000 -0.243000 0 0
-3.085000 6.869000 -0.043000 131 0
-2.521000 5.311000 -0.193000 14 0
-1.278000 2.555000 -0.165000 45 0
-1.343000 2.562000 -0.239000 0 0
-2.904000 6.902000 -0.050000 129 0
-2.421000 5.420000 -0.198000 4 0
-1.214000 2.572000 -0.165000 33 0
-1.278000 2.578000 -0.237000 0 0
-2.733000 6.948000 -0.058000 131 0
-2.296000 5.481000 -0.202000 1 0
-1.149000 2.587000 -0.165000 34 0
-1.210000 2.584000 -0.234000 7 0
-2.556000 6.977000 -0.066000 128 0
-2.172000 5.542000 -0.206000 1 0
-1.083000 2.598000 -0.164000 28 0
-1.151000 2.607000 -0.233000 5 0
-2.384000 7.020000 -0.074000 128 0
-2.026000 5.544000 -0.208000 1 0
-1.021000 2.613000 -0.164000 21 0
-1.088000 2.624000 -0.231000 1 0
-2.215000 7.064000 -0.081000 127 0
-1.835000 5.410000 -0.205000 37 0
-0.961000 2.637000 -0.164000 6 0
-1.029000 2.648000 -0.230000 4 0
-2.044000 7.103000 -0.090000 122 0
-1.715000 5.470000 -0.209000 20 0
-1.825000 5.390000 -0.334000 112 0
-1.901000 5.241000 -0.450000 31 0
-1.877000 7.148000 -0.098000 113 0
-1.883000 6.530000 -0.252000 39 0
-1.738000 5.544000 -0.341000 32 0
-1.766000 5.235000 -0.443000 35 0
-1.707000 7.186000 -0.106000 96 0
-1.725000 6.555000 -0.255000 62 0
-1.885000 6.532000 -0.400000 70 0
-1.684000 5.388000 -0.450000 20 0
-1.536000 7.219000 -0.115000 118 0
0.000000 -0.000000 -0.000000 0 0
-1.388000 5.264000 -0.321000 60 0
-1.879000 6.528000 -0.539000 49 0
-1.368000 7.261000 -0.124000 125 0
-1.426000 6.661000 -0.265000 8 0
-1.079000 4.509000 -0.274000 0 0
-1.386000 5.264000 -0.429000 60 0
-1.201000 7.308000 -0.133000 131 0
-1.381000 7.263000 -0.292000 150 0
-1.434000 6.661000 -0.403000 93 0
-1.037000 4.332000 -0.349000 0 0
-0.813000 5.799000 -0.112000 53 0
-1.214000 7.299000 -0.297000 131 0
-1.389000 7.258000 -0.437000 150 0
-1.436000 6.665000 -0.531000 101 0
-0.680000 5.839000 -0.119000 11 0
-0.825000 5.793000 -0.239000 27 0
-1.225000 7.300000 -0.438000 121 0
-1.392000 7.254000 -0.571000 125 0
0.000000 -0.000000 -0.000000 0 0
-0.658000 5.529000 -0.230000 83 0
-0.835000 5.795000 -0.347000 34 0
-1.231000 7.305000 -0.569000 136 0
0.000000 -0.000000 -0.000000 0 0
-0.531000 5.570000 -0.235000 26 0
-0.668000 5.527000 -0.329000 76 0
-0.841000 5.797000 -0.446000 33 0
0.000000 -0.000000 -0.000000 0 192
0.000000 -0.000000 -0.000000 0 0
-0.545000 5.570000 -0.331000 34 0
-0.664000 5.445000 -0.415000 30 0
0.000000 -0.000000 -0.000000 0 192
0.000000 -0.000000 -0.000000 0 192
0.000000 -0.000000 -0.000000 0 0
-0.537000 5.429000 -0.409000 18 0
0.000000 -0.000000 -0.000000 0 192
0.000000 -0.000000 -0.000000 0 192
0.000000 -0.000000 -0.000000 0 192
0.000000 -0.000000 -0.000000 0 0
0.000000 -0.000000 -0.000000 0 192
0.000000 -0.000000 -0.000000 0 192
0.000000 -0.000000 -0.000000 0 192
0.000000 -0.000000 -0.000000 0 192
0.000000 -0.000000 -0.000000 0 192
0.000000 -0.000000 -0.000000 0 192
0.000000 -0.000000 -0.000000 0 192
0.000000 -0.000000 -0.000000 0 128
0.125000 1.783000 -0.054000 2 0
0.000000 -0.000000 -0.000000 0 192
0.000000 -0.000000 -0.000000 0 192
0.000000 -0.000000 -0.000000 0 192
0.164000 1.756000 -0.055000 15 0
0.000000 -0.000000 -0.000000 0 192
0.000000 -0.000000 -0.000000 0 192
0.000000 -0.000000 -0.000000 0 128
0.192000 1.637000 -0.054000 22 0
0.158000 1.763000 -0.083000 0 0
0.000000 -0.000000 -0.000000 0 192
0.000000 -0.000000 -0.000000 0 192
0.217000 1.547000 -0.053000 55 0
0.187000 1.654000 -0.079000 25 0
0.000000 -0.000000 -0.000000 0 128
0.000000 -0.000000 -0.000000 0 192
0.255000 1.550000 -0.055000 16 0
0.211000 1.552000 -0.075000 44 0
0.182000 1.663000 -0.098000 21 0
0.000000 -0.000000 -0.000000 0 128
0.297000 1.578000 -0.059000 14 0
0.250000 1.565000 -0.077000 11 0
0.207000 1.555000 -0.092000 37 0
0.181000 1.685000 -0.117000 21 0
0.334000 1.577000 -0.061000 15 0
0.289000 1.577000 -0.079000 11 0
0.243000 1.549000 -0.092000 13 0
0.205000 1.567000 -0.108000 33 0
0.374000 1.584000 -0.064000 15 0
0.328000 1.580000 -0.081000 11 0
0.284000 1.574000 -0.094000 12 0
0.242000 1.564000 -0.107000 15 0
0.416000 1.597000 -0.067000 13 0
0.368000 1.587000 -0.083000 12 0
0.323000 1.581000 -0.095000 12 0
0.280000 1.572000 -0.107000 15 0
0.457000 1.602000 -0.070000 60 0
0.406000 1.585000 -0.084000 58 0
0.363000 1.589000 -0.096000 13 0
0.319000 1.578000 -0.106000 14 0
0.503000 1.620000 -0.073000 13 0
0.452000 1.611000 -0.087000 11 0
0.403000 1.594000 -0.096000 12 0
0.359000 1.589000 -0.106000 14 0
0.543000 1.619000 -0.076000 58 0
0.491000 1.608000 -0.088000 63 0
0.444000 1.600000 -0.097000 12 0
0.399000 1.592000 -0.106000 61 0
0.590000 1.632000 -0.080000 58 0
0.536000 1.621000 -0.091000 59 0
0.487000 1.609000 -0.098000 60 0
0.442000 1.607000 -0.106000 14 0
0.637000 1.644000 -0.083000 48 0
0.582000 1.630000 -0.093000 62 0
0.535000 1.631000 -0.100000 12 0
0.483000 1.609000 -0.106000 62 0
0.687000 1.661000 -0.087000 50 0
0.630000 1.645000 -0.096000 51 0
0.575000 1.626000 -0.100000 59 0
0.528000 1.620000 -0.106000 62 0
0.736000 1.669000 -0.091000 47 0
0.677000 1.652000 -0.098000 51 0
0.625000 1.644000 -0.102000 56 0
0.575000 1.633000 -0.107000 61 0
0.788000 1.682000 -0.095000 29 0
0.729000 1.669000 -0.101000 48 0
0.672000 1.654000 -0.104000 51 0
0.621000 1.642000 -0.107000 55 0
1.045000 2.103000 -0.124000 4 0
0.781000 1.682000 -0.104000 30 0
0.723000 1.665000 -0.105000 52 0
0.671000 1.657000 -0.107000 54 0
0.000000 -0.000000 -0.000000 0 0
1.026000 2.084000 -0.132000 11 0
0.773000 1.674000 -0.107000 41 0
0.722000 1.669000 -0.108000 52 0
0.000000 -0.000000 -0.000000 0 128
0.000000 -0.000000 -0.000000 0 0
1.019000 2.078000 -0.134000 13 0
0.772000 1.676000 -0.108000 43 0
0.000000 -0.000000 -0.000000 0 192
0.000000 -0.000000 -0.000000 0 192
0.000000 -0.000000 -0.000000 0 0
-0.537000 5.429000 -0.409000 18 0
0.000000 -0.000000 -0.000000 0 192
0.000000 -0.000000 -0.000000 0 192
0.000000 -0.000000 -0.000000 0 192
0.000000 -0.000000 -0.000000 0 0
0.000000 -0.000000 -0.000000 0 192
0.000000 -0.000000 -0.000000 0 192
0.000000 -0.000000 -0.000000 0 192
0.000000 -0.000000 -0.000000 0 192
0.000000 -0.000000 -0.000000 0 192
0.000000 -0.000000 -0.000000 0 192
0.000000 -0.000000 -0.000000 0 192
0.000000 -0.000000 -0.000000 0 128
0.125000 1.783000 -0.054000 2 0
0.000000 -0.000000 -0.000000 0 192
0.000000 -0.000000 -0.000000 0 192
0.000000 -0.000000 -0.000000 0 192
0.164000 1.756000 -0.055000 15 0
0.000000 -0.000000 -0.000000 0 192
0.000000 -0.000000 -0.000000 0 192
0.000000 -0.000000 -0.000000 0 128
0.192000 1.637000 -0.054000 22 0
0.158000 1.763000 -0.083000 0 0
0.000000 -0.000000 -0.000000 0 192
0.000000 -0.000000 -0.000000 0 192
0.217000 1.547000 -0.053000 55 0
0.187000 1.654000 -0.079000 25 0
0.000000 -0.000000 -0.000000 0 128
0.000000 -0.000000 -0.000000 0 192
0.255000 1.550000 -0.055000 16 0
0.211000 1.552000 -0.075000 44 0
0.182000 1.663000 -0.098000 21 0
0.000000 -0.000000 -0.000000 0 128
0.297000 1.578000 -0.059000 14 0
0.250000 1.565000 -0.077000 11 0
0.207000 1.555000 -0.092000 37 0
0.181000 1.685000 -0.117000 21 0
0.334000 1.577000 -0.061000 15 0
0.289000 1.577000 -0.079000 11 0
0.243000 1.549000 -0.092000 13 0
0.205000 1.567000 -0.108000 33 0
0.374000 1.584000 -0.064000 15 0
0.328000 1.580000 -0.081000 11 0
0.284000 1.574000 -0.094000 12 0
0.242000 1.564000 -0.107000 15 0
0.416000 1.597000 -0.067000 13 0
0.368000 1.587000 -0.083000 12 0
0.323000 1.581000 -0.095000 12 0
0.280000 1.572000 -0.107000 15 0
0.457000 1.602000 -0.070000 60 0
0.406000 1.585000 -0.084000 58 0
0.363000 1.589000 -0.096000 13 0
0.319000 1.578000 -0.106000 14 0
0.503000 1.620000 -0.073000 13 0
0.452000 1.611000 -0.087000 11 0
0.403000 1.594000 -0.096000 12 0
0.359000 1.589000 -0.106000 14 0
0.543000 1.619000 -0.076000 58 0
0.491000 1.608000 -0.088000 63 0
0.444000 1.600000 -0.097000 12 0
0.399000 1.592000 -0.106000 61 0
0.590000 1.632000 -0.080000 58 0
0.536000 1.621000 -0.091000 59 0
0.487000 1.609000 -0.098000 60 0
0.442000 1.607000 -0.106000 14 0
0.637000 1.644000 -0.083000 48 0
0.582000 1.630000 -0.093000 62 0
0.535000 1.631000 -0.100000 12 0
0.483000 1.609000 -0.106000 62 0
0.687000 1.661000 -0.087000 50 0
0.630000 1.645000 -0.096000 51 0
0.575000 1.626000 -0.100000 59 0
0.528000 1.620000 -0.106000 62 0
0.736000 1.669000 -0.091000 47 0
0.677000 1.652000 -0.098000 51 0
0.625000 1.644000 -0.102000 56 0
0.575000 1.633000 -0.107000 61 0
0.788000 1.682000 -0.095000 29 0
0.729000 1.669000 -0.101000 48 0
0.672000 1.654000 -0.104000 51 0
0.621000 1.642000 -0.107000 55 0
1.045000 2.103000 -0.124000 4 0
0.781000 1.682000 -0.104000 30 0
0.723000 1.665000 -0.105000 52 0
0.671000 1.657000 -0.107000 54 0
0.000000 -0.000000 -0.000000 0 0
1.026000 2.084000 -0.132000 11 0
0.773000 1.674000 -0.107000 41 0
0.722000 1.669000 -0.108000 52 0
0.000000 -0.000000 -0.000000 0 128
0.000000 -0.000000 -0.000000 0 0
1.019000 2.078000 -0.134000 13 0
0.772000 1.676000 -0.108000 43 0
0.000000 -0.000000 -0.000000 0 128
0.000000 -0.000000 -0.000000 0 128
0.000000 -0.000000 -0.000000 0 0
1.019000 2.082000 -0.134000 16 2
0.000000 -0.000000 -0.000000 0 128
0.000000 -0.000000 -0.000000 0 128
0.000000 -0.000000 -0.000000 0 128
0.000000 -0.000000 -0.000000 0 0
0.000000 -0.000000 -0.000000 0 128
0.000000 -0.000000 -0.000000 0 0
0.000000 -0.000000 -0.000000 0 128
0.000000 -0.000000 -0.000000 0 128
0.000000 -0.000000 -0.000000 0 128
0.000000 -0.000000 -0.000000 0 0
0.000000 -0.000000 -0.000000 0 0
0.000000 -0.000000 -0.000000 0 128
0.000000 -0.000000 -0.000000 0 128
0.000000 -0.000000 -0.000000 0 128
0.000000 -0.000000 -0.000000 0 0
0.000000 -0.000000 -0.000000 0 0
0.000000 -0.000000 -0.000000 0 128
0.000000 -0.000000 -0.000000 0 128
0.000000 -0.000000 -0.000000 0 128
0.000000 -0.000000 -0.000000 0 128
0.000000 -0.000000 -0.000000 0 128
0.000000 -0.000000 -0.000000 0 128
0.000000 -0.000000 -0.000000 0 128
0.000000 -0.000000 -0.000000 0 128
0.000000 -0.000000 -0.000000 0 128
0.000000 -0.000000 -0.000000 0 128
0.000000 -0.000000 -0.000000 0 0
0.000000 -0.000000 -0.000000 0 128
0.000000 -0.000000 -0.000000 0 128
0.000000 -0.000000 -0.000000 0 0
0.000000 -0.000000 -0.000000 0 0
0.000000 -0.000000 -0.000000 0 128
0.000000 -0.000000 -0.000000 0 128
0.000000 -0.000000 -0.000000 0 0
0.000000 -0.000000 -0.000000 0 0
0.000000 -0.000000 -0.000000 0 128
0.000000 -0.000000 -0.000000 0 128
0.000000 -0.000000 -0.000000 0 0
0.000000 -0.000000 -0.000000 0 0
0.000000 -0.000000 -0.000000 0 128
0.000000 -0.000000 -0.000000 0 128
0.000000 -0.000000 -0.000000 0 0
0.000000 -0.000000 -0.000000 0 0
0.000000 -0.000000 -0.000000 0 128
0.000000 -0.000000 -0.000000 0 128
0.000000 -0.000000 -0.000000 0 0
0.000000 -0.000000 -0.000000 0 0
0.000000 -0.000000 -0.000000 0 0
0.000000 -0.000000 -0.000000 0 128
0.000000 -0.000000 -0.000000 0 128
0.000000 -0.000000 -0.000000 0 128
0.000000 -0.000000 -0.000000 0 128
0.000000 -0.000000 -0.000000 0 128
0.000000 -0.000000 -0.000000 0 128
0.000000 -0.000000 -0.000000 0 128
0.000000 -0.000000 -0.000000 0 0
0.000000 -0.000000 -0.000000 0 0
0.000000 -0.000000 -0.000000 0 128
0.000000 -0.000000 -0.000000 0 0
0.000000 -0.000000 -0.000000 0 128
0.000000 -0.000000 -0.000000 0 0
0.000000 -0.000000 -0.000000 0 0
0.000000 -0.000000 -0.000000 0 0
0.000000 -0.000000 -0.000000 0 128
0.000000 -0.000000 -0.000000 0 0
0.000000 -0.000000 -0.000000 0 0
0.000000 -0.000000 -0.000000 0 0
0.000000 -0.000000 -0.000000 0 128
0.000000 -0.000000 -0.000000 0 0
0.000000 -0.000000 -0.000000 0 0
0.000000 -0.000000 -0.000000 0 0
0.000000 -0.000000 -0.000000 0 0
0.000000 -0.000000 -0.000000 0 0
0.000000 -0.000000 -0.000000 0 0
0.000000 -0.000000 -0.000000 0 0
0.000000 -0.000000 -0.000000 0 0
0.000000 -0.000000 -0.000000 0 0
0.000000 -0.000000 -0.000000 0 0
0.000000 -0.000000 -0.000000 0 0
0.000000 -0.000000 -0.000000 0 0
0.000000 -0.000000 -0.000000 0 0
0.000000 -0.000000 -0.000000 0 0
0.000000 -0.000000 -0.000000 0 0
0.000000 -0.000000 -0.000000 0 0
0.000000 -0.000000 -0.000000 0 0
0.000000 -0.000000 -0.000000 0 0
0.000000 -0.000000 -0.000000 0 0
0.000000 -0.000000 -0.000000 0 0
0.000000 -0.000000 -0.000000 0 0
0.000000 -0.000000 -0.000000 0 0
0.000000 -0.000000 -0.000000 0 0
0.000000 -0.000000 -0.000000 0 0
0.000000 -0.000000 -0.000000 0 128
0.000000 -0.000000 -0.000000 0 128
0.000000 -0.000000 -0.000000 0 0
1.019000 2.082000 -0.134000 16 2
0.000000 -0.000000 -0.000000 0 128
0.000000 -0.000000 -0.000000 0 128
0.000000 -0.000000 -0.000000 0 128
0.000000 -0.000000 -0.000000 0 0
0.000000 -0.000000 -0.000000 0 128
0.000000 -0.000000 -0.000000 0 0
0.000000 -0.000000 -0.000000 0 128
0.000000 -0.000000 -0.000000 0 128
0.000000 -0.000000 -0.000000 0 128
0.000000 -0.000000 -0.000000 0 0
0.000000 -0.000000 -0.000000 0 0
0.000000 -0.000000 -0.000000 0 128
0.000000 -0.000000 -0.000000 0 128
0.000000 -0.000000 -0.000000 0 128
0.000000 -0.000000 -0.000000 0 0
0.000000 -0.000000 -0.000000 0 0
0.000000 -0.000000 -0.000000 0 128
0.000000 -0.000000 -0.000000 0 128
0.000000 -0.000000 -0.000000 0 128
0.000000 -0.000000 -0.000000 0 128
0.000000 -0.000000 -0.000000 0 128
0.000000 -0.000000 -0.000000 0 128
0.000000 -0.000000 -0.000000 0 128
0.000000 -0.000000 -0.000000 0 128
0.000000 -0.000000 -0.000000 0 128
0.000000 -0.000000 -0.000000 0 128
0.000000 -0.000000 -0.000000 0 0
0.000000 -0.000000 -0.000000 0 128
0.000000 -0.000000 -0.000000 0 128
0.000000 -0.000000 -0.000000 0 0
0.000000 -0.000000 -0.000000 0 0
0.000000 -0.000000 -0.000000 0 128
0.000000 -0.000000 -0.000000 0 128
0.000000 -0.000000 -0.000000 0 0
0.000000 -0.000000 -0.000000 0 0
0.000000 -0.000000 -0.000000 0 128
0.000000 -0.000000 -0.000000 0 128
0.000000 -0.000000 -0.000000 0 0
0.000000 -0.000000 -0.000000 0 0
0.000000 -0.000000 -0.000000 0 128
0.000000 -0.000000 -0.000000 0 128
0.000000 -0.000000 -0.000000 0 0
0.000000 -0.000000 -0.000000 0 0
0.000000 -0.000000 -0.000000 0 128
0.000000 -0.000000 -0.000000 0 128
0.000000 -0.000000 -0.000000 0 0
0.000000 -0.000000 -0.000000 0 0
0.000000 -0.000000 -0.000000 0 0
0.000000 -0.000000 -0.000000 0 128
0.000000 -0.000000 -0.000000 0 128
0.000000 -0.000000 -0.000000 0 128
0.000000 -0.000000 -0.000000 0 128
0.000000 -0.000000 -0.000000 0 128
0.000000 -0.000000 -0.000000 0 128
0.000000 -0.000000 -0.000000 0 128
0.000000 -0.000000 -0.000000 0 0
0.000000 -0.000000 -0.000000 0 0
0.000000 -0.000000 -0.000000 0 128
0.000000 -0.000000 -0.000000 0 0
0.000000 -0.000000 -0.000000 0 128
0.000000 -0.000000 -0.000000 0 0
0.000000 -0.000000 -0.000000 0 0
0.000000 -0.000000 -0.000000 0 0
0.000000 -0.000000 -0.000000 0 128
0.000000 -0.000000 -0.000000 0 0
0.000000 -0.000000 -0.000000 0 0
0.000000 -0.000000 -0.000000 0 0
0.000000 -0.000000 -0.000000 0 128
0.000000 -0.000000 -0.000000 0 0
0.000000 -0.000000 -0.000000 0 0
0.000000 -0.000000 -0.000000 0 0
0.000000 -0.000000 -0.000000 0 0
0.000000 -0.000000 -0.000000 0 0
0.000000 -0.000000 -0.000000 0 0
0.000000 -0.000000 -0.000000 0 0
0.000000 -0.000000 -0.000000 0 0
0.000000 -0.000000 -0.000000 0 0
0.000000 -0.000000 -0.000000 0 0
0.000000 -0.000000 -0.000000 0 0
0.000000 -0.000000 -0.000000 0 0
0.000000 -0.000000 -0.000000 0 0
0.000000 -0.000000 -0.000000 0 0
0.000000 -0.000000 -0.000000 0 0
0.000000 -0.000000 -0.000000 0 0
0.000000 -0.000000 -0.000000 0 0
0.000000 -0.000000 -0.000000 0 0
0.000000 -0.000000 -0.000000 0 0
0.000000 -0.000000 -0.000000 0 0
0.000000 -0.000000 -0.000000 0 0
0.000000 -0.000000 -0.000000 0 0
0.000000 -0.000000 -0.000000 0 0
0.000000 -0.000000 -0.000000 0 0
0.000000 -0.000000 -0.000000 0 0
0.000000 -0.000000 -0.000000 0 0
0.000000 -0.000000 -0.000000 0 0
0.000000 -0.000000 -0.000000 0 0
0.000000 -0.000000 -0.000000 0 0
0.000000 -0.000000 -0.000000 0 0
0.000000 -0.000000 -0.000000 0 0
0.000000 -0.000000 -0.000000 0 0
0.000000 -0.000000 -0.000000 0 0
0.000000 -0.000000 -0.000000 0 0
0.000000 -0.000000 -0.000000 0 0
0.000000 -0.000000 -0.000000 0 0
0.000000 -0.000000 -0.000000 0 0
0.000000 -0.000000 -0.000000 0 0
0.000000 -0.000000 -0.000000 0 0
0.000000 -0.000000 -0.000000 0 0
0.000000 -0.000000 -0.000000 0 0
0.000000 -0.000000 -0.000000 0 0
0.000000 -0.000000 -0.000000 0 0
0.000000 -0.000000 -0.000000 0 0
0.000000 -0.000000 -0.000000 0 0
0.000000 -0.000000 -0.000000 0 0
0.000000 -0.000000 -0.000000 0 0
0.000000 -0.000000 -0.000000 0 0
0.000000 -0.000000 -0.000000 0 0
0.000000 -0.000000 -0.000000 0 0
0.000000 -0.000000 -0.000000 0 0
0.000000 -0.000000 -0.000000 0 0
0.000000 -0.000000 -0.000000 0 0
0.000000 -0.000000 -0.000000 0 0
0.000000 -0.000000 -0.000000 0 0
0.000000 -0.000000 -0.000000 0 0
0.000000 -0.000000 -0.000000 0 0
0.000000 -0.000000 -0.000000 0 0
0.000000 -0.000000 -0.000000 0 0
0.000000 -0.000000 -0.000000 0 0
0.000000 -0.000000 -0.000000 0 0
0.000000 -0.000000 -0.000000 0 0
0.000000 -0.000000 -0.000000 0 0
0.000000 -0.000000 -0.000000 0 128
0.000000 -0.000000 -0.000000 0 0
0.000000 -0.000000 -0.000000 0 0
0.000000 -0.000000 -0.000000 0 0
0.000000 -0.000000 -0.000000 0 0
0.000000 -0.000000 -0.000000 0 0
0.000000 -0.000000 -0.000000 0 0
0.000000 -0.000000 -0.000000 0 0
0.000000 -0.000000 -0.000000 0 128
0.000000 -0.000000 -0.000000 0 0
0.000000 -0.000000 -0.000000 0 0
0.000000 -0.000000 -0.000000 0 0
0.000000 -0.000000 -0.000000 0 0
0.000000 -0.000000 -0.000000 0 0
0.000000 -0.000000 -0.000000 0 0
0.000000 -0.000000 -0.000000 0 0
0.000000 -0.000000 -0.000000 0 128
0.000000 -0.000000 -0.000000 0 0
0.000000 -0.000000 -0.000000 0 0
0.000000 -0.000000 -0.000000 0 0
0.000000 -0.000000 -0.000000 0 0
0.000000 -0.000000 -0.000000 0 0
0.000000 -0.000000 -0.000000 0 0
0.000000 -0.000000 -0.000000 0 0
0.000000 -0.000000 -0.000000 0 128
0.000000 -0.000000 -0.000000 0 0
0.000000 -0.000000 -0.000000 0 0
0.000000 -0.000000 -0.000000 0 0
0.000000 -0.000000 -0.000000 0 0
0.000000 -0.000000 -0.000000 0 0
0.000000 -0.000000 -0.000000 0 0
0.000000 -0.000000 -0.000000 0 0
0.000000 -0.000000 -0.000000 0 128
0.000000 -0.000000 -0.000000 0 0
0.000000 -0.000000 -0.000000 0 0
0.000000 -0.000000 -0.000000 0 0
0.000000 -0.000000 -0.000000 0 0
0.000000 -0.000000 -0.000000 0 0
0.000000 -0.000000 -0.000000 0 0
0.000000 -0.000000 -0.000000 0 0
0.000000 -0.000000 -0.000000 0 128
0.000000 -0.000000 -0.000000 0 0
0.000000 -0.000000 -0.000000 0 0
0.000000 -0.000000 -0.000000 0 0
0.000000 -0.000000 -0.000000 0 128
0.000000 -0.000000 -0.000000 0 0
0.000000 -0.000000 -0.000000 0 0
0.000000 -0.000000 -0.000000 0 0
0.000000 -0.000000 -0.000000 0 128
0.000000 -0.000000 -0.000000 0 0
0.000000 -0.000000 -0.000000 0 128
0.000000 -0.000000 -0.000000 0 0
0.000000 -0.000000 -0.000000 0 128
0.000000 -0.000000 -0.000000 0 0
0.000000 -0.000000 -0.000000 0 128
0.000000 -0.000000 -0.000000 0 128
0.000000 -0.000000 -0.000000 0 128
0.000000 -0.000000 -0.000000 0 0
0.000000 -0.000000 -0.000000 0 0
0.000000 -0.000000 -0.000000 0 0
0.000000 -0.000000 -0.000000 0 0
0.000000 -0.000000 -0.000000 0 0
0.000000 -0.000000 -0.000000 0 0
0.000000 -0.000000 -0.000000 0 0
0.000000 -0.000000 -0.000000 0 0
0.000000 -0.000000 -0.000000 0 0
0.000000 -0.000000 -0.000000 0 0
0.000000 -0.000000 -0.000000 0 0
0.000000 -0.000000 -0.000000 0 0
0.000000 -0.000000 -0.000000 0 0
0.000000 -0.000000 -0.000000 0 0
0.000000 -0.000000 -0.000000 0 0
0.000000 -0.000000 -0.000000 0 0
0.000000 -0.000000 -0.000000 0 0
0.000000 -0.000000 -0.000000 0 0
0.000000 -0.000000 -0.000000 0 0
0.000000 -0.000000 -0.000000 0 0
0.000000 -0.000000 -0.000000 0 0
0.000000 -0.000000 -0.000000 0 0
0.000000 -0.000000 -0.000000 0 0
0.000000 -0.000000 -0.000000 0 0
0.000000 -0.000000 -0.000000 0 0
0.000000 -0.000000 -0.000000 0 0
0.000000 -0.000000 -0.000000 0 0
0.000000 -0.000000 -0.000000 0 0
0.000000 -0.000000 -0.000000 0 0
0.000000 -0.000000 -0.000000 0 0
0.000000 -0.000000 -0.000000 0 0
0.000000 -0.000000 -0.000000 0 0
0.000000 -0.000000 -0.000000 0 0
0.000000 -0.000000 -0.000000 0 0
0.000000 -0.000000 -0.000000 0 0
0.000000 -0.000000 -0.000000 0 0
0.000000 -0.000000 -0.000000 0 0
0.000000 -0.000000 -0.000000 0 0
0.000000 -0.000000 -0.000000 0 0
0.000000 -0.000000 -0.000000 0 128
0.000000 -0.000000 -0.000000 0 0
0.000000 -0.000000 -0.000000 0 0
0.000000 -0.000000 -0.000000 0 0
0.000000 -0.000000 -0.000000 0 0
0.000000 -0.000000 -0.000000 0 0
0.000000 -0.000000 -0.000000 0 0
0.000000 -0.000000 -0.000000 0 0
0.000000 -0.000000 -0.000000 0 128
0.000000 -0.000000 -0.000000 0 0
0.000000 -0.000000 -0.000000 0 0
0.000000 -0.000000 -0.000000 0 0
0.000000 -0.000000 -0.000000 0 0
0.000000 -0.000000 -0.000000 0 0
0.000000 -0.000000 -0.000000 0 0
0.000000 -0.000000 -0.000000 0 0
0.000000 -0.000000 -0.000000 0 128
0.000000 -0.000000 -0.000000 0 0
0.000000 -0.000000 -0.000000 0 0
0.000000 -0.000000 -0.000000 0 0
0.000000 -0.000000 -0.000000 0 0
0.000000 -0.000000 -0.000000 0 0
0.000000 -0.000000 -0.000000 0 0
0.000000 -0.000000 -0.000000 0 0
0.000000 -0.000000 -0.000000 0 128
0.000000 -0.000000 -0.000000 0 0
0.000000 -0.000000 -0.000000 0 0
0.000000 -0.000000 -0.000000 0 0
0.000000 -0.000000 -0.000000 0 0
0.000000 -0.000000 -0.000000 0 0
0.000000 -0.000000 -0.000000 0 0
0.000000 -0.000000 -0.000000 0 0
0.000000 -0.000000 -0.000000 0 128
0.000000 -0.000000 -0.000000 0 0
0.000000 -0.000000 -0.000000 0 0
0.000000 -0.000000 -0.000000 0 0
0.000000 -0.000000 -0.000000 0 0
0.000000 -0.000000 -0.000000 0 0
0.000000 -0.000000 -0.000000 0 0
0.000000 -0.000000 -0.000000 0 0
0.000000 -0.000000 -0.000000 0 128
0.000000 -0.000000 -0.000000 0 0
0.000000 -0.000000 -0.000000 0 0
0.000000 -0.000000 -0.000000 0 0
0.000000 -0.000000 -0.000000 0 128
0.000000 -0.000000 -0.000000 0 0
0.000000 -0.000000 -0.000000 0 0
0.000000 -0.000000 -0.000000 0 0
0.000000 -0.000000 -0.000000 0 128
0.000000 -0.000000 -0.000000 0 0
0.000000 -0.000000 -0.000000 0 128
0.000000 -0.000000 -0.000000 0 0
0.000000 -0.000000 -0.000000 0 128
0.000000 -0.000000 -0.000000 0 0
0.000000 -0.000000 -0.000000 0 128
0.000000 -0.000000 -0.000000 0 128
0.000000 -0.000000 -0.000000 0 128
0.000000 -0.000000 -0.000000 0 0
0.000000 -0.000000 -0.000000 0 128
0.000000 -0.000000 -0.000000 0 128
0.000000 -0.000000 -0.000000 0 192
0.000000 -0.000000 -0.000000 0 0
0.000000 -0.000000 -0.000000 0 128
0.000000 -0.000000 -0.000000 0 128
0.000000 -0.000000 -0.000000 0 128
0.000000 -0.000000 -0.000000 0 0
0.000000 -0.000000 -0.000000 0 0
0.000000 -0.000000 -0.000000 0 128
0.000000 -0.000000 -0.000000 0 128
0.000000 -0.000000 -0.000000 0 0
0.000000 -0.000000 -0.000000 0 0
0.000000 -0.000000 -0.000000 0 0
0.000000 -0.000000 -0.000000 0 128
0.000000 -0.000000 -0.000000 0 0
0.000000 -0.000000 -0.000000 0 0
0.000000 -0.000000 -0.000000 0 0
0.000000 -0.000000 -0.000000 0 128
0.000000 -0.000000 -0.000000 0 0
0.000000 -0.000000 -0.000000 0 0
0.000000 -0.000000 -0.000000 0 0
0.000000 -0.000000 -0.000000 0 128
0.000000 -0.000000 -0.000000 0 0
0.000000 -0.000000 -0.000000 0 0
0.000000 -0.000000 -0.000000 0 0
0.000000 -0.000000 -0.000000 0 0
0.000000 -0.000000 -0.000000 0 0
0.000000 -0.000000 -0.000000 0 0
0.000000 -0.000000 -0.000000 0 0
0.000000 -0.000000 -0.000000 0 128
0.000000 -0.000000 -0.000000 0 0
0.000000 -0.000000 -0.000000 0 0
0.000000 -0.000000 -0.000000 0 0
0.000000 -0.000000 -0.000000 0 0
0.000000 -0.000000 -0.000000 0 0
0.000000 -0.000000 -0.000000 0 0
0.000000 -0.000000 -0.000000 0 0
0.000000 -0.000000 -0.000000 0 128
0.000000 -0.000000 -0.000000 0 0
0.000000 -0.000000 -0.000000 0 0
0.000000 -0.000000 -0.000000 0 0
0.000000 -0.000000 -0.000000 0 0
0.000000 -0.000000 -0.000000 0 0
0.000000 -0.000000 -0.000000 0 0
0.000000 -0.000000 -0.000000 0 0
0.000000 -0.000000 -0.000000 0 128
0.000000 -0.000000 -0.000000 0 0
0.000000 -0.000000 -0.000000 0 0
0.000000 -0.000000 -0.000000 0 0
0.000000 -0.000000 -0.000000 0 0
0.000000 -0.000000 -0.000000 0 0
0.000000 -0.000000 -0.000000 0 0
0.000000 -0.000000 -0.000000 0 0
0.000000 -0.000000 -0.000000 0 128
0.000000 -0.000000 -0.000000 0 0
0.000000 -0.000000 -0.000000 0 0
0.000000 -0.000000 -0.000000 0 0
0.000000 -0.000000 -0.000000 0 0
0.000000 -0.000000 -0.000000 0 0
0.000000 -0.000000 -0.000000 0 0
0.000000 -0.000000 -0.000000 0 0
0.000000 -0.000000 -0.000000 0 128
0.000000 -0.000000 -0.000000 0 0
0.000000 -0.000000 -0.000000 0 0
0.000000 -0.000000 -0.000000 0 0
0.000000 -0.000000 -0.000000 0 0
0.000000 -0.000000 -0.000000 0 0
0.000000 -0.000000 -0.000000 0 0
0.000000 -0.000000 -0.000000 0 0
0.000000 -0.000000 -0.000000 0 128
0.000000 -0.000000 -0.000000 0 0
0.000000 -0.000000 -0.000000 0 0
0.000000 -0.000000 -0.000000 0 0
0.000000 -0.000000 -0.000000 0 0
0.000000 -0.000000 -0.000000 0 0
0.000000 -0.000000 -0.000000 0 0
0.000000 -0.000000 -0.000000 0 0
0.000000 -0.000000 -0.000000 0 128
0.000000 -0.000000 -0.000000 0 0
0.000000 -0.000000 -0.000000 0 0
0.000000 -0.000000 -0.000000 0 0
0.000000 -0.000000 -0.000000 0 0
0.000000 -0.000000 -0.000000 0 0
0.000000 -0.000000 -0.000000 0 0
0.000000 -0.000000 -0.000000 0 0
0.000000 -0.000000 -0.000000 0 128
0.000000 -0.000000 -0.000000 0 0
0.000000 -0.000000 -0.000000 0 0
0.000000 -0.000000 -0.000000 0 0
0.000000 -0.000000 -0.000000 0 0
0.000000 -0.000000 -0.000000 0 0
0.000000 -0.000000 -0.000000 0 0
0.000000 -0.000000 -0.000000 0 0
0.000000 -0.000000 -0.000000 0 128
0.000000 -0.000000 -0.000000 0 0
0.000000 -0.000000 -0.000000 0 128
0.000000 -0.000000 -0.000000 0 128
0.000000 -0.000000 -0.000000 0 192
0.000000 -0.000000 -0.000000 0 0
0.000000 -0.000000 -0.000000 0 128
0.000000 -0.000000 -0.000000 0 128
0.000000 -0.000000 -0.000000 0 128
0.000000 -0.000000 -0.000000 0 0
0.000000 -0.000000 -0.000000 0 0
0.000000 -0.000000 -0.000000 0 128
0.000000 -0.000000 -0.000000 0 128
0.000000 -0.000000 -0.000000 0 0
0.000000 -0.000000 -0.000000 0 0
0.000000 -0.000000 -0.000000 0 0
0.000000 -0.000000 -0.000000 0 128
0.000000 -0.000000 -0.000000 0 0
0.000000 -0.000000 -0.000000 0 0
0.000000 -0.000000 -0.000000 0 0
0.000000 -0.000000 -0.000000 0 128
0.000000 -0.000000 -0.000000 0 0
0.000000 -0.000000 -0.000000 0 0
0.000000 -0.000000 -0.000000 0 0
0.000000 -0.000000 -0.000000 0 128
0.000000 -0.000000 -0.000000 0 0
0.000000 -0.000000 -0.000000 0 0
0.000000 -0.000000 -0.000000 0 0
0.000000 -0.000000 -0.000000 0 0
0.000000 -0.000000 -0.000000 0 0
0.000000 -0.000000 -0.000000 0 0
0.000000 -0.000000 -0.000000 0 0
0.000000 -0.000000 -0.000000 0 128
0.000000 -0.000000 -0.000000 0 0
0.000000 -0.000000 -0.000000 0 0
0.000000 -0.000000 -0.000000 0 0
0.000000 -0.000000 -0.000000 0 0
0.000000 -0.000000 -0.000000 0 0
0.000000 -0.000000 -0.000000 0 0
0.000000 -0.000000 -0.000000 0 0
0.000000 -0.000000 -0.000000 0 128
0.000000 -0.000000 -0.000000 0 0
0.000000 -0.000000 -0.000000 0 0
0.000000 -0.000000 -0.000000 0 0
0.000000 -0.000000 -0.000000 0 0
0.000000 -0.000000 -0.000000 0 0
0.000000 -0.000000 -0.000000 0 0
0.000000 -0.000000 -0.000000 0 0
0.000000 -0.000000 -0.000000 0 128
0.000000 -0.000000 -0.000000 0 0
0.000000 -0.000000 -0.000000 0 0
0.000000 -0.000000 -0.000000 0 0
0.000000 -0.000000 -0.000000 0 0
0.000000 -0.000000 -0.000000 0 0
0.000000 -0.000000 -0.000000 0 0
0.000000 -0.000000 -0.000000 0 0
0.000000 -0.000000 -0.000000 0 128
0.000000 -0.000000 -0.000000 0 0
0.000000 -0.000000 -0.000000 0 0
0.000000 -0.000000 -0.000000 0 0
0.000000 -0.000000 -0.000000 0 0
0.000000 -0.000000 -0.000000 0 0
0.000000 -0.000000 -0.000000 0 0
0.000000 -0.000000 -0.000000 0 0
0.000000 -0.000000 -0.000000 0 128
0.000000 -0.000000 -0.000000 0 0
0.000000 -0.000000 -0.000000 0 0
0.000000 -0.000000 -0.000000 0 0
0.000000 -0.000000 -0.000000 0 0
0.000000 -0.000000 -0.000000 0 0
0.000000 -0.000000 -0.000000 0 0
0.000000 -0.000000 -0.000000 0 0
0.000000 -0.000000 -0.000000 0 128
0.000000 -0.000000 -0.000000 0 0
0.000000 -0.000000 -0.000000 0 0
0.000000 -0.000000 -0.000000 0 0
0.000000 -0.000000 -0.000000 0 0
0.000000 -0.000000 -0.000000 0 0
0.000000 -0.000000 -0.000000 0 0
0.000000 -0.000000 -0.000000 0 0
0.000000 -0.000000 -0.000000 0 128
0.000000 -0.000000 -0.000000 0 0
0.000000 -0.000000 -0.000000 0 0
0.000000 -0.000000 -0.000000 0 0
0.000000 -0.000000 -0.000000 0 0
0.000000 -0.000000 -0.000000 0 0
0.000000 -0.000000 -0.000000 0 0
0.000000 -0.000000 -0.000000 0 0
0.000000 -0.000000 -0.000000 0 128
0.000000 -0.000000 -0.000000 0 0
0.000000 -0.000000 -0.000000 0 0
0.000000 -0.000000 -0.000000 0 0
0.000000 -0.000000 -0.000000 0 0
0.000000 -0.000000 -0.000000 0 0
0.000000 -0.000000 -0.000000 0 0
0.000000 -0.000000 -0.000000 0 0
0.000000 -0.000000 -0.000000 0 128
0.000000 -0.000000 -0.000000 0 0
0.000000 -0.000000 -0.000000 0 0
0.000000 -0.000000 -0.000000 0 0
0.000000 -0.000000 -0.000000 0 0
0.000000 -0.000000 -0.000000 0 0
0.000000 -0.000000 -0.000000 0 0
0.000000 -0.000000 -0.000000 0 0
0.000000 -0.000000 -0.000000 0 128
0.000000 -0.000000 -0.000000 0 0
0.000000 -0.000000 -0.000000 0 0
0.000000 -0.000000 -0.000000 0 0
0.000000 -0.000000 -0.000000 0 128
0.000000 -0.000000 -0.000000 0 0
0.000000 -0.000000 -0.000000 0 0
0.000000 -0.000000 -0.000000 0 0
0.000000 -0.000000 -0.000000 0 128
0.000000 -0.000000 -0.000000 0 0
0.000000 -0.000000 -0.000000 0 128
0.000000 -0.000000 -0.000000 0 0
0.000000 -0.000000 -0.000000 0 192
0.000000 -0.000000 -0.000000 0 128
0.000000 -0.000000 -0.000000 0 128
0.000000 -0.000000 -0.000000 0 128
0.000000 -0.000000 -0.000000 0 128
0.000000 -0.000000 -0.000000 0 128
0.000000 -0.000000 -0.000000 0 128
0.000000 -0.000000 -0.000000 0 128
0.000000 -0.000000 -0.000000 0 128
0.000000 -0.000000 -0.000000 0 128
0.000000 -0.000000 -0.000000 0 128
0.000000 -0.000000 -0.000000 0 128
0.000000 -0.000000 -0.000000 0 128
0.000000 -0.000000 -0.000000 0 128
0.000000 -0.000000 -0.000000 0 128
0.000000 -0.000000 -0.000000 0 128
0.000000 -0.000000 -0.000000 0 128
0.000000 -0.000000 -0.000000 0 0
0.000000 -0.000000 -0.000000 0 128
0.000000 -0.000000 -0.000000 0 128
0.000000 -0.000000 -0.000000 0 128
0.000000 -0.000000 -0.000000 0 0
0.000000 -0.000000 -0.000000 0 128
0.000000 -0.000000 -0.000000 0 128
0.000000 -0.000000 -0.000000 0 128
0.000000 -0.000000 -0.000000 0 128
0.000000 -0.000000 -0.000000 0 128
0.000000 -0.000000 -0.000000 0 128
0.000000 -0.000000 -0.000000 0 128
0.000000 -0.000000 -0.000000 0 128
0.000000 -0.000000 -0.000000 0 128
0.000000 -0.000000 -0.000000 0 128
0.000000 -0.000000 -0.000000 0 128
0.000000 -0.000000 -0.000000 0 128
0.000000 -0.000000 -0.000000 0 128
0.000000 -0.000000 -0.000000 0 128
0.000000 -0.000000 -0.000000 0 128
0.000000 -0.000000 -0.000000 0 128
0.000000 -0.000000 -0.000000 0 128
0.000000 -0.000000 -0.000000 0 128
0.000000 -0.000000 -0.000000 0 128
0.000000 -0.000000 -0.000000 0 128
0.000000 -0.000000 -0.000000 0 128
0.000000 -0.000000 -0.000000 0 128
0.000000 -0.000000 -0.000000 0 128
0.000000 -0.000000 -0.000000 0 128
0.000000 -0.000000 -0.000000 0 128
0.000000 -0.000000 -0.000000 0 128
0.000000 -0.000000 -0.000000 0 128
0.000000 -0.000000 -0.000000 0 128
0.000000 -0.000000 -0.000000 0 128
0.000000 -0.000000 -0.000000 0 128
0.000000 -0.000000 -0.000000 0 128
0.000000 -0.000000 -0.000000 0 128
0.000000 -0.000000 -0.000000 0 128
0.000000 -0.000000 -0.000000 0 128
0.000000 -0.000000 -0.000000 0 192
0.000000 -0.000000 -0.000000 0 128
0.000000 -0.000000 -0.000000 0 128
0.000000 -0.000000 -0.000000 0 192
0.000000 -0.000000 -0.000000 0 128
0.000000 -0.000000 -0.000000 0 128
0.000000 -0.000000 -0.000000 0 128
2.815000 -5.053000 -0.400000 10 0
0.000000 -0.000000 -0.000000 0 128
0.000000 -0.000000 -0.000000 0 128
2.863000 -5.040000 -0.552000 32 0
1.901000 -3.607000 -0.284000 0 0
2.490000 -5.115000 -0.248000 28 0
2.905000 -5.025000 -0.703000 32 0
2.730000 -5.073000 -0.550000 19 0
1.934000 -3.889000 -0.305000 1 0
1.200000 -2.622000 -0.128000 0 0
2.771000 -5.051000 -0.696000 96 0
1.896000 -3.726000 -0.400000 2 0
2.411000 -5.146000 -0.403000 29 0
1.116000 -2.603000 -0.129000 42 0
0.000000 -0.000000 -0.000000 0 0
0.000000 -0.000000 -0.000000 0 0
0.000000 -0.000000 -0.000000 0 0
0.000000 -0.000000 -0.000000 0 0
0.000000 -0.000000 -0.000000 0 0
0.000000 -0.000000 -0.000000 0 0
0.000000 -0.000000 -0.000000 0 0
0.000000 -0.000000 -0.000000 0 128
0.000000 -0.000000 -0.000000 0 0
0.000000 -0.000000 -0.000000 0 0
0.000000 -0.000000 -0.000000 0 0
0.000000 -0.000000 -0.000000 0 128
0.000000 -0.000000 -0.000000 0 0
0.000000 -0.000000 -0.000000 0 0
0.000000 -0.000000 -0.000000 0 0
0.000000 -0.000000 -0.000000 0 128
0.000000 -0.000000 -0.000000 0 0
0.000000 -0.000000 -0.000000 0 128
0.000000 -0.000000 -0.000000 0 0
0.000000 -0.000000 -0.000000 0 192
0.000000 -0.000000 -0.000000 0 128
0.000000 -0.000000 -0.000000 0 128
0.000000 -0.000000 -0.000000 0 128
0.000000 -0.000000 -0.000000 0 128
0.000000 -0.000000 -0.000000 0 128
0.000000 -0.000000 -0.000000 0 128
0.000000 -0.000000 -0.000000 0 128
0.000000 -0.000000 -0.000000 0 128
0.000000 -0.000000 -0.000000 0 128
0.000000 -0.000000 -0.000000 0 128
0.000000 -0.000000 -0.000000 0 128
0.000000 -0.000000 -0.000000 0 128
0.000000 -0.000000 -0.000000 0 128
0.000000 -0.000000 -0.000000 0 128
0.000000 -0.000000 -0.000000 0 128
0.000000 -0.000000 -0.000000 0 128
0.000000 -0.000000 -0.000000 0 0
0.000000 -0.000000 -0.000000 0 128
0.000000 -0.000000 -0.000000 0 128
0.000000 -0.000000 -0.000000 0 128
0.000000 -0.000000 -0.000000 0 0
0.000000 -0.000000 -0.000000 0 128
0.000000 -0.000000 -0.000000 0 128
0.000000 -0.000000 -0.000000 0 128
0.000000 -0.000000 -0.000000 0 128
0.000000 -0.000000 -0.000000 0 128
0.000000 -0.000000 -0.000000 0 128
0.000000 -0.000000 -0.000000 0 128
0.000000 -0.000000 -0.000000 0 128
0.000000 -0.000000 -0.000000 0 128
0.000000 -0.000000 -0.000000 0 128
0.000000 -0.000000 -0.000000 0 128
0.000000 -0.000000 -0.000000 0 128
0.000000 -0.000000 -0.000000 0 128
0.000000 -0.000000 -0.000000 0 128
0.000000 -0.000000 -0.000000 0 128
0.000000 -0.000000 -0.000000 0 128
0.000000 -0.000000 -0.000000 0 128
0.000000 -0.000000 -0.000000 0 128
0.000000 -0.000000 -0.000000 0 128
0.000000 -0.000000 -0.000000 0 128
0.000000 -0.000000 -0.000000 0 128
0.000000 -0.000000 -0.000000 0 128
0.000000 -0.000000 -0.000000 0 128
0.000000 -0.000000 -0.000000 0 128
0.000000 -0.000000 -0.000000 0 128
0.000000 -0.000000 -0.000000 0 128
0.000000 -0.000000 -0.000000 0 128
0.000000 -0.000000 -0.000000 0 128
0.000000 -0.000000 -0.000000 0 128
0.000000 -0.000000 -0.000000 0 128
0.000000 -0.000000 -0.000000 0 128
0.000000 -0.000000 -0.000000 0 128
0.000000 -0.000000 -0.000000 0 128
0.000000 -0.000000 -0.000000 0 128
0.000000 -0.000000 -0.000000 0 192
0.000000 -0.000000 -0.000000 0 128
0.000000 -0.000000 -0.000000 0 128
0.000000 -0.000000 -0.000000 0 192
0.000000 -0.000000 -0.000000 0 128
0.000000 -0.000000 -0.000000 0 128
0.000000 -0.000000 -0.000000 0 128
2.815000 -5.053000 -0.400000 10 0
0.000000 -0.000000 -0.000000 0 128
0.000000 -0.000000 -0.000000 0 128
2.863000 -5.040000 -0.552000 32 0
1.901000 -3.607000 -0.284000 0 0
2.490000 -5.115000 -0.248000 28 0
2.905000 -5.025000 -0.703000 32 0
2.730000 -5.073000 -0.550000 19 0
1.934000 -3.889000 -0.305000 1 0
1.200000 -2.622000 -0.128000 0 0
2.771000 -5.051000 -0.696000 96 0
1.896000 -3.726000 -0.400000 2 0
2.411000 -5.146000 -0.403000 29 0
1.116000 -2.603000 -0.129000 42 0
1.834000 -3.527000 -0.479000 1 0
2.464000 -5.129000 -0.545000 79 0
1.144000 -2.598000 -0.203000 4 0
1.053000 -2.628000 -0.131000 33 0
1.741000 -3.542000 -0.475000 6 0
0.000000 -0.000000 -0.000000 0 0
1.083000 -2.625000 -0.204000 9 0
1.114000 -2.985000 -0.151000 14 2
0.000000 -0.000000 -0.000000 0 0
1.109000 -2.609000 -0.272000 1 0
0.000000 -0.000000 -0.000000 0 0
1.160000 -3.349000 -0.172000 11 0
0.000000 -0.000000 -0.000000 0 0
0.000000 -0.000000 -0.000000 0 0
1.118000 -3.116000 -0.243000 1 0
1.085000 -3.393000 -0.176000 4 0
1.079000 -2.632000 -0.340000 4 0
1.111000 -2.989000 -0.307000 47 0
1.058000 -3.180000 -0.247000 16 0
1.586000 -5.400000 -0.285000 5 0
1.135000 -2.957000 -0.378000 17 0
1.067000 -3.085000 -0.315000 39 0
0.984000 -3.209000 -0.250000 3 0
1.448000 -5.401000 -0.289000 5 0
1.093000 -3.052000 -0.386000 21 0
1.020000 -3.184000 -0.324000 13 0
1.502000 -5.336000 -0.417000 59 0
1.322000 -5.449000 -0.296000 12 0
1.056000 -3.171000 -0.397000 18 0
1.572000 -5.331000 -0.539000 104 0
1.376000 -5.366000 -0.420000 60 0
1.190000 -5.469000 -0.302000 38 0
1.103000 -3.583000 -0.444000 7 0
1.449000 -5.365000 -0.540000 101 0
1.249000 -5.397000 -0.424000 60 0
1.052000 -5.459000 -0.306000 30 0
1.163000 -4.104000 -0.504000 1 0
1.324000 -5.392000 -0.540000 100 0
1.122000 -5.422000 -0.428000 60 0
1.704000 -10.120000 -0.578000 40 0
1.080000 -4.172000 -0.508000 1 0
1.199000 -5.417000 -0.541000 93 0
1.844000 -10.093000 -0.800000 33 0
1.467000 -10.193000 -0.592000 7 0
0.989000 -4.212000 -0.508000 1 4
1.074000 -5.447000 -0.543000 50 0
1.609000 -10.148000 -0.809000 34 0
0.000000 -0.000000 -0.000000 0 0
0.900000 -4.267000 -0.510000 0 4
1.753000 -10.112000 -1.005000 47 0
0.000000 -0.000000 -0.000000 0 0
0.000000 -0.000000 -0.000000 0 192
1.889000 -10.082000 -1.197000 46 0
0.628000 -4.200000 -0.416000 0 0
0.000000 -0.000000 -0.000000 0 192
0.000000 -0.000000 -0.000000 0 128
1.661000 -10.127000 -1.194000 70 0
0.000000 -0.000000 -0.000000 0 0
0.000000 -0.000000 -0.000000 0 128
0.000000 -0.000000 -0.000000 0 192
0.000000 -0.000000 -0.000000 0 0
0.000000 -0.000000 -0.000000 0 192
0.000000 -0.000000 -0.000000 0 192
0.000000 -0.000000 -0.000000 0 128
0.000000 -0.000000 -0.000000 0 192
0.000000 -0.000000 -0.000000 0 128
0.000000 -0.000000 -0.000000 0 128
0.000000 -0.000000 -0.000000 0 192
0.000000 -0.000000 -0.000000 0 192
0.000000 -0.000000 -0.000000 0 192
0.000000 -0.000000 -0.000000 0 192
0.000000 -0.000000 -0.000000 0 128
0.000000 -0.000000 -0.000000 0 192
0.000000 -0.000000 -0.000000 0 128
0.000000 -0.000000 -0.000000 0 128
0.000000 -0.000000 -0.000000 0 128
0.000000 -0.000000 -0.000000 0 192
0.000000 -0.000000 -0.000000 0 192
0.000000 -0.000000 -0.000000 0 192
0.000000 -0.000000 -0.000000 0 128
0.000000 -0.000000 -0.000000 0 192
0.000000 -0.000000 -0.000000 0 128
0.000000 -0.000000 -0.000000 0 128
0.000000 -0.000000 -0.000000 0 0
0.000000 -0.000000 -0.000000 0 192
0.000000 -0.000000 -0.000000 0 128
0.000000 -0.000000 -0.000000 0 0
-0.218000 -1.875000 -0.135000 1 0
0.000000 -0.000000 -0.000000 0 192
0.000000 -0.000000 -0.000000 0 128
-0.196000 -1.986000 -0.173000 1 0
-0.247000 -1.766000 -0.130000 1 0
0.000000 -0.000000 -0.000000 0 128
0.000000 -0.000000 -0.000000 0 0
-0.229000 -1.868000 -0.165000 1 0
-0.274000 -1.672000 -0.126000 1 0
1.834000 -3.527000 -0.479000 1 0
2.464000 -5.129000 -0.545000 79 0
1.144000 -2.598000 -0.203000 4 0
1.053000 -2.628000 -0.131000 33 0
1.741000 -3.542000 -0.475000 6 0
0.000000 -0.000000 -0.000000 0 0
1.083000 -2.625000 -0.204000 9 0
1.114000 -2.985000 -0.151000 14 2
0.000000 -0.000000 -0.000000 0 0
1.109000 -2.609000 -0.272000 1 0
0.000000 -0.000000 -0.000000 0 0
1.160000 -3.349000 -0.172000 11 0
0.000000 -0.000000 -0.000000 0 0
0.000000 -0.000000 -0.000000 0 0
1.118000 -3.116000 -0.243000 1 0
1.085000 -3.393000 -0.176000 4 0
1.079000 -2.632000 -0.340000 4 0
1.111000 -2.989000 -0.307000 47 0
1.058000 -3.180000 -0.247000 16 0
1.586000 -5.400000 -0.285000 5 0
1.135000 -2.957000 -0.378000 17 0
1.067000 -3.085000 -0.315000 39 0
0.984000 -3.209000 -0.250000 3 0
1.448000 -5.401000 -0.289000 5 0
1.093000 -3.052000 -0.386000 21 0
1.020000 -3.184000 -0.324000 13 0
1.502000 -5.336000 -0.417000 59 0
1.322000 -5.449000 -0.296000 12 0
1.056000 -3.171000 -0.397000 18 0
1.572000 -5.331000 -0.539000 104 0
1.376000 -5.366000 -0.420000 60 0
1.190000 -5.469000 -0.302000 38 0
1.103000 -3.583000 -0.444000 7 0
1.449000 -5.365000 -0.540000 101 0
1.249000 -5.397000 -0.424000 60 0
1.052000 -5.459000 -0.306000 30 0
1.163000 -4.104000 -0.504000 1 0
1.324000 -5.392000 -0.540000 100 0
1.122000 -5.422000 -0.428000 60 0
1.704000 -10.120000 -0.578000 40 0
1.080000 -4.172000 -0.508000 1 0
1.199000 -5.417000 -0.541000 93 0
1.844000 -10.093000 -0.800000 33 0
1.467000 -10.193000 -0.592000 7 0
0.989000 -4.212000 -0.508000 1 4
1.074000 -5.447000 -0.543000 50 0
1.609000 -10.148000 -0.809000 34 0
0.000000 -0.000000 -0.000000 0 0
0.900000 -4.267000 -0.510000 0 4
1.753000 -10.112000 -1.005000 47 0
0.000000 -0.000000 -0.000000 0 0
0.000000 -0.000000 -0.000000 0 192
1.889000 -10.082000 -1.197000 46 0
0.628000 -4.200000 -0.416000 0 0
0.000000 -0.000000 -0.000000 0 192
0.000000 -0.000000 -0.000000 0 128
1.661000 -10.127000 -1.194000 70 0
0.000000 -0.000000 -0.000000 0 0
0.000000 -0.000000 -0.000000 0 128
0.000000 -0.000000 -0.000000 0 192
0.000000 -0.000000 -0.000000 0 0
0.000000 -0.000000 -0.000000 0 192
0.000000 -0.000000 -0.000000 0 192
0.000000 -0.000000 -0.000000 0 128
0.000000 -0.000000 -0.000000 0 192
0.000000 -0.000000 -0.000000 0 128
0.000000 -0.000000 -0.000000 0 128
0.000000 -0.000000 -0.000000 0 192
0.000000 -0.000000 -0.000000 0 192
0.000000 -0.000000 -0.000000 0 192
0.000000 -0.000000 -0.000000 0 192
0.000000 -0.000000 -0.000000 0 128
0.000000 -0.000000 -0.000000 0 192
0.000000 -0.000000 -0.000000 0 128
0.000000 -0.000000 -0.000000 0 128
0.000000 -0.000000 -0.000000 0 128
0.000000 -0.000000 -0.000000 0 192
0.000000 -0.000000 -0.000000 0 192
0.000000 -0.000000 -0.000000 0 192
0.000000 -0.000000 -0.000000 0 128
0.000000 -0.000000 -0.000000 0 192
0.000000 -0.000000 -0.000000 0 128
0.000000 -0.000000 -0.000000 0 128
0.000000 -0.000000 -0.000000 0 0
0.000000 -0.000000 -0.000000 0 192
0.000000 -0.000000 -0.000000 0 128
0.000000 -0.000000 -0.000000 0 0
-0.218000 -1.875000 -0.135000 1 0
0.000000 -0.000000 -0.000000 0 192
0.000000 -0.000000 -0.000000 0 128
-0.196000 -1.986000 -0.173000 1 0
-0.247000 -1.766000 -0.130000 1 0
0.000000 -0.000000 -0.000000 0 128
0.000000 -0.000000 -0.000000 0 0
-0.229000 -1.868000 -0.165000 1 0
-0.274000 -1.672000 -0.126000 1 0
0.000000 -0.000000 -0.000000 0 0
-0.204000 -1.931000 -0.194000 1 0
-0.256000 -1.747000 -0.156000 1 0
-0.295000 -1.571000 -0.121000 1 0
0.000000 -0.000000 -0.000000 0 0
-0.235000 -1.821000 -0.183000 1 0
-0.280000 -1.646000 -0.149000 1 0
-0.451000 -2.121000 -0.168000 9 0
-0.213000 -1.892000 -0.211000 1 0
-0.262000 -1.714000 -0.173000 1 0
-0.302000 -1.559000 -0.143000 1 0
-0.489000 -2.064000 -0.167000 59 0
-0.242000 -1.774000 -0.198000 1 0
-0.286000 -1.622000 -0.165000 1 0
-0.461000 -2.110000 -0.196000 56 0
-0.512000 -1.958000 -0.162000 66 0
-0.269000 -1.679000 -0.187000 1 0
-0.308000 -1.534000 -0.157000 2 0
-0.493000 -2.031000 -0.191000 59 0
-0.535000 -1.866000 -0.159000 72 0
-0.290000 -1.579000 -0.176000 1 0
-0.472000 -2.100000 -0.217000 54 0
-0.516000 -1.929000 -0.185000 66 0
-0.556000 -1.783000 -0.155000 74 0
-0.318000 -1.530000 -0.170000 2 0
-0.500000 -2.003000 -0.208000 64 0
-0.537000 -1.835000 -0.178000 65 0
-0.573000 -1.697000 -0.152000 67 0
-0.481000 -2.071000 -0.231000 56 0
-0.522000 -1.901000 -0.199000 60 0
-0.557000 -1.751000 -0.173000 66 0
-0.591000 -1.627000 -0.149000 84 0
-0.504000 -1.963000 -0.219000 58 0
-0.542000 -1.811000 -0.191000 61 0
-0.576000 -1.675000 -0.168000 75 0
-0.608000 -1.559000 -0.147000 76 0
-0.527000 -1.870000 -0.209000 59 0
-0.564000 -1.735000 -0.185000 65 0
-0.592000 -1.602000 -0.164000 73 0
-0.624000 -1.498000 -0.145000 17 64
-0.549000 -1.788000 -0.200000 61 0
-0.581000 -1.655000 -0.178000 67 0
-0.610000 -1.540000 -0.160000 71 0
-0.633000 -1.427000 -0.142000 16 0
-0.569000 -1.709000 -0.192000 66 0
-0.600000 -1.591000 -0.173000 70 0
-0.629000 -1.485000 -0.157000 15 0
-0.654000 -1.385000 -0.141000 15 0
-0.571000 -1.591000 -0.180000 81 0
-0.614000 -1.520000 -0.167000 68 0
-0.641000 -1.421000 -0.153000 15 0
-0.666000 -1.330000 -0.140000 15 0
-0.603000 -1.564000 -0.177000 7 0
-0.633000 -1.466000 -0.163000 12 0
-0.654000 -1.365000 -0.150000 14 0
-0.678000 -1.280000 -0.138000 14 0
-0.611000 -1.481000 -0.169000 61 0
-0.646000 -1.406000 -0.158000 15 0
-0.669000 -1.317000 -0.148000 14 0
-0.689000 -1.232000 -0.137000 14 0
-0.637000 -1.446000 -0.165000 15 0
-0.658000 -1.350000 -0.154000 13 0
-0.679000 -1.264000 -0.145000 13 0
-0.701000 -1.187000 -0.136000 17 0
-0.648000 -1.383000 -0.159000 15 0
-0.673000 -1.302000 -0.150000 13 0
-0.691000 -1.218000 -0.143000 16 0
-0.712000 -1.145000 -0.135000 17 0
-0.662000 -1.330000 -0.154000 14 0
-0.682000 -1.248000 -0.146000 16 0
-0.706000 -1.180000 -0.141000 16 0
-0.716000 -1.096000 -0.133000 17 64
-0.676000 -1.282000 -0.150000 14 0
-0.693000 -1.199000 -0.143000 16 0
-0.710000 -1.127000 -0.138000 16 0
-0.727000 -1.059000 -0.132000 16 64
-0.688000 -1.235000 -0.145000 14 0
-0.705000 -1.158000 -0.140000 16 0
-0.721000 -1.088000 -0.136000 16 0
-0.731000 -1.014000 -0.131000 16 64
-0.698000 -1.186000 -0.141000 17 0
-0.718000 -1.120000 -0.138000 16 0
-0.730000 -1.048000 -0.135000 16 0
-0.741000 -0.980000 -0.131000 17 64
-0.705000 -1.135000 -0.136000 17 0
-0.728000 -1.079000 -0.135000 16 0
-0.736000 -1.007000 -0.133000 15 0
-0.752000 -0.949000 -0.131000 17 0
-0.716000 -1.095000 -0.133000 16 64
-0.732000 -1.032000 -0.131000 15 0
-0.740000 -0.965000 -0.130000 15 0
-0.760000 -0.916000 -0.130000 17 0
-0.722000 -1.049000 -0.129000 17 64
-0.738000 -0.991000 -0.129000 15 0
-0.752000 -0.934000 -0.130000 15 0
-0.768000 -0.883000 -0.130000 17 0
0.000000 -0.000000 -0.000000 0 0
-0.204000 -1.931000 -0.194000 1 0
-0.256000 -1.747000 -0.156000 1 0
-0.295000 -1.571000 -0.121000 1 0
0.000000 -0.000000 -0.000000 0 0
-0.235000 -1.821000 -0.183000 1 0
-0.280000 -1.646000 -0.149000 1 0
-0.451000 -2.121000 -0.168000 9 0
-0.213000 -1.892000 -0.211000 1 0
-0.262000 -1.714000 -0.173000 1 0
-0.302000 -1.559000 -0.143000 1 0
-0.489000 -2.064000 -0.167000 59 0
-0.242000 -1.774000 -0.198000 1 0
-0.286000 -1.622000 -0.165000 1 0
-0.461000 -2.110000 -0.196000 56 0
-0.512000 -1.958000 -0.162000 66 0
-0.269000 -1.679000 -0.187000 1 0
-0.308000 -1.534000 -0.157000 2 0
-0.493000 -2.031000 -0.191000 59 0
-0.535000 -1.866000 -0.159000 72 0
-0.290000 -1.579000 -0.176000 1 0
-0.472000 -2.100000 -0.217000 54 0
-0.516000 -1.929000 -0.185000 66 0
-0.556000 -1.783000 -0.155000 74 0
-0.318000 -1.530000 -0.170000 2 0
-0.500000 -2.003000 -0.208000 64 0
-0.537000 -1.835000 -0.178000 65 0
-0.573000 -1.697000 -0.152000 67 0
-0.481000 -2.071000 -0.231000 56 0
-0.522000 -1.901000 -0.199000 60 0
-0.557000 -1.751000 -0.173000 66 0
-0.591000 -1.627000 -0.149000 84 0
-0.504000 -1.963000 -0.219000 58 0
-0.542000 -1.811000 -0.191000 61 0
-0.576000 -1.675000 -0.168000 75 0
-0.608000 -1.559000 -0.147000 76 0
-0.527000 -1.870000 -0.209000 59 0
-0.564000 -1.735000 -0.185000 65 0
-0.592000 -1.602000 -0.164000 73 0
-0.624000 -1.498000 -0.145000 17 64
-0.549000 -1.788000 -0.200000 61 0
-0.581000 -1.655000 -0.178000 67 0
-0.610000 -1.540000 -0.160000 71 0
-0.633000 -1.427000 -0.142000 16 0
-0.569000 -1.709000 -0.192000 66 0
-0.600000 -1.591000 -0.173000 70 0
-0.629000 -1.485000 -0.157000 15 0
-0.654000 -1.385000 -0.141000 15 0
-0.571000 -1.591000 -0.180000 81 0
-0.614000 -1.520000 -0.167000 68 0
-0.641000 -1.421000 -0.153000 15 0
-0.666000 -1.330000 -0.140000 15 0
-0.603000 -1.564000 -0.177000 7 0
-0.633000 -1.466000 -0.163000 12 0
-0.654000 -1.365000 -0.150000 14 0
-0.678000 -1.280000 -0.138000 14 0
-0.611000 -1.481000 -0.169000 61 0
-0.646000 -1.406000 -0.158000 15 0
-0.669000 -1.317000 -0.148000 14 0
-0.689000 -1.232000 -0.137000 14 0
-0.637000 -1.446000 -0.165000 15 0
-0.658000 -1.350000 -0.154000 13 0
-0.679000 -1.264000 -0.145000 13 0
-0.701000 -1.187000 -0.136000 17 0
-0.648000 -1.383000 -0.159000 15 0
-0.673000 -1.302000 -0.150000 13 0
-0.691000 -1.218000 -0.143000 16 0
-0.712000 -1.145000 -0.135000 17 0
-0.662000 -1.330000 -0.154000 14 0
-0.682000 -1.248000 -0.146000 16 0
-0.706000 -1.180000 -0.141000 16 0
-0.716000 -1.096000 -0.133000 17 64
-0.676000 -1.282000 -0.150000 14 0
-0.693000 -1.199000 -0.143000 16 0
-0.710000 -1.127000 -0.138000 16 0
-0.727000 -1.059000 -0.132000 16 64
-0.688000 -1.235000 -0.145000 14 0
-0.705000 -1.158000 -0.140000 16 0
-0.721000 -1.088000 -0.136000 16 0
-0.731000 -1.014000 -0.131000 16 64
-0.698000 -1.186000 -0.141000 17 0
-0.718000 -1.120000 -0.138000 16 0
-0.730000 -1.048000 -0.135000 16 0
-0.741000 -0.980000 -0.131000 17 64
-0.705000 -1.135000 -0.136000 17 0
-0.728000 -1.079000 -0.135000 16 0
-0.736000 -1.007000 -0.133000 15 0
-0.752000 -0.949000 -0.131000 17 0
-0.716000 -1.095000 -0.133000 16 64
-0.732000 -1.032000 -0.131000 15 0
-0.740000 -0.965000 -0.130000 15 0
-0.760000 -0.916000 -0.130000 17 0
-0.722000 -1.049000 -0.129000 17 64
-0.738000 -0.991000 -0.129000 15 0
-0.752000 -0.934000 -0.130000 15 0
-0.768000 -0.883000 -0.130000 17 0
