# x y z reflectivity tag
-0.687000 -1.275000 0.092000 14 0
-0.703000 -1.215000 0.076000 15 0
-0.717000 -1.160000 0.060000 16 0
-0.730000 -1.105000 0.046000 17 0
-0.700000 -1.228000 0.091000 13 0
-0.716000 -1.174000 0.075000 16 0
-0.726000 -1.116000 0.058000 16 0
-0.731000 -1.055000 0.043000 16 0
-0.712000 -1.183000 0.090000 13 0
-0.725000 -1.127000 0.073000 16 0
-0.732000 -1.070000 0.055000 15 0
-0.741000 -1.019000 0.040000 16 0
-0.723000 -1.139000 0.089000 17 0
-0.734000 -1.085000 0.071000 15 0
-0.741000 -1.031000 0.053000 15 0
-0.748000 -0.980000 0.037000 16 0
-0.730000 -1.091000 0.088000 17 0
-0.739000 -1.038000 0.069000 15 0
-0.745000 -0.987000 0.051000 15 0
-0.754000 -0.942000 0.035000 16 0
-0.735000 -1.045000 0.086000 16 0
-0.747000 -1.000000 0.068000 15 0
-0.754000 -0.953000 0.049000 15 0
-0.764000 -0.911000 0.033000 17 0
-0.744000 -1.005000 0.085000 16 0
-0.755000 -0.963000 0.067000 15 0
-0.763000 -0.919000 0.047000 15 0
-0.773000 -0.882000 0.031000 17 0
-0.753000 -0.968000 0.085000 17 0
-0.765000 -0.929000 0.066000 15 0
-0.772000 -0.888000 0.046000 15 0
-0.782000 -0.851000 0.029000 17 0
-0.762000 -0.933000 0.084000 17 0
-0.774000 -0.896000 0.064000 15 0
-0.781000 -0.858000 0.044000 15 0
-0.796000 -0.828000 0.027000 18 0
-0.776000 -0.904000 0.084000 19 0
-0.784000 -0.866000 0.064000 15 0
-0.788000 -0.826000 0.043000 15 0
-0.799000 -0.795000 0.025000 17 0
-0.782000 -0.868000 0.083000 25 0
-0.790000 -0.832000 0.062000 15 0
-0.800000 -0.801000 0.042000 15 0
-0.811000 -0.770000 0.023000 24 0
-0.788000 -0.835000 0.082000 25 0
-0.802000 -0.806000 0.062000 15 0
-0.805000 -0.769000 0.040000 15 0
-0.817000 -0.741000 0.021000 23 0
-0.798000 -0.806000 0.082000 25 0
-0.807000 -0.774000 0.061000 15 0
-0.813000 -0.742000 0.039000 15 0
-0.826000 -0.716000 0.020000 24 0
-0.807000 -0.777000 0.082000 25 0
-0.814000 -0.744000 0.060000 15 0
-0.819000 -0.714000 0.038000 15 0
-0.832000 -0.689000 0.018000 24 0
-0.812000 -0.744000 0.081000 24 0
-0.825000 -0.720000 0.059000 15 0
-0.826000 -0.687000 0.037000 18 0
-0.837000 -0.662000 0.016000 19 0
-0.823000 -0.719000 0.081000 24 0
-0.832000 -0.692000 0.059000 15 0
-0.837000 -0.663000 0.036000 18 0
-0.844000 -0.637000 0.015000 19 0
-0.830000 -0.691000 0.081000 24 0
-0.832000 -0.659000 0.058000 14 0
-0.844000 -0.638000 0.035000 18 0
-0.851000 -0.612000 0.013000 18 0
-0.835000 -0.661000 0.080000 24 0
-0.843000 -0.636000 0.057000 17 0
-0.850000 -0.612000 0.034000 18 0
-0.858000 -0.589000 0.012000 18 0
-0.844000 -0.636000 0.080000 19 0
-0.849000 -0.610000 0.057000 17 0
-0.840000 -0.576000 0.032000 16 0
-0.862000 -0.563000 0.010000 18 0
-0.849000 -0.609000 0.080000 19 0
-0.861000 -0.588000 0.056000 17 0
-0.851000 -0.555000 0.031000 16 0
-0.864000 -0.537000 0.009000 18 0
-0.857000 -0.584000 0.080000 23 0
-0.868000 -0.564000 0.056000 17 0
-0.858000 -0.532000 0.030000 16 0
-0.865000 -0.511000 0.008000 18 0
-0.857000 -0.554000 0.079000 19 0
-0.871000 -0.537000 0.055000 17 0
-0.865000 -0.509000 0.030000 16 0
-0.874000 -0.490000 0.006000 18 0
-0.856000 -0.524000 0.079000 17 0
-0.868000 -0.508000 0.054000 16 0
-0.870000 -0.486000 0.029000 13 0
-0.870000 -0.463000 0.005000 18 0
-0.869000 -0.504000 0.079000 17 0
-0.876000 -0.484000 0.054000 16 0
-0.879000 -0.464000 0.028000 13 0
-0.835000 -0.420000 0.004000 16 0
-0.687000 -1.275000 0.092000 14 0
-0.703000 -1.215000 0.076000 15 0
-0.717000 -1.160000 0.060000 16 0
-0.730000 -1.105000 0.046000 17 0
-0.700000 -1.228000 0.091000 13 0
-0.716000 -1.174000 0.075000 16 0
-0.726000 -1.116000 0.058000 16 0
-0.731000 -1.055000 0.043000 16 0
-0.712000 -1.183000 0.090000 13 0
-0.725000 -1.127000 0.073000 16 0
-0.732000 -1.070000 0.055000 15 0
-0.741000 -1.019000 0.040000 16 0
-0.723000 -1.139000 0.089000 17 0
-0.734000 -1.085000 0.071000 15 0
-0.741000 -1.031000 0.053000 15 0
-0.748000 -0.980000 0.037000 16 0
-0.730000 -1.091000 0.088000 17 0
-0.739000 -1.038000 0.069000 15 0
-0.745000 -0.987000 0.051000 15 0
-0.754000 -0.942000 0.035000 16 0
-0.735000 -1.045000 0.086000 16 0
-0.747000 -1.000000 0.068000 15 0
-0.754000 -0.953000 0.049000 15 0
-0.764000 -0.911000 0.033000 17 0
-0.744000 -1.005000 0.085000 16 0
-0.755000 -0.963000 0.067000 15 0
-0.763000 -0.919000 0.047000 15 0
-0.773000 -0.882000 0.031000 17 0
-0.753000 -0.968000 0.085000 17 0
-0.765000 -0.929000 0.066000 15 0
-0.772000 -0.888000 0.046000 15 0
-0.782000 -0.851000 0.029000 17 0
-0.762000 -0.933000 0.084000 17 0
-0.774000 -0.896000 0.064000 15 0
-0.781000 -0.858000 0.044000 15 0
-0.796000 -0.828000 0.027000 18 0
-0.776000 -0.904000 0.084000 19 0
-0.784000 -0.866000 0.064000 15 0
-0.788000 -0.826000 0.043000 15 0
-0.799000 -0.795000 0.025000 17 0
-0.782000 -0.868000 0.083000 25 0
-0.790000 -0.832000 0.062000 15 0
-0.800000 -0.801000 0.042000 15 0
-0.811000 -0.770000 0.023000 24 0
-0.788000 -0.835000 0.082000 25 0
-0.802000 -0.806000 0.062000 15 0
-0.805000 -0.769000 0.040000 15 0
-0.817000 -0.741000 0.021000 23 0
-0.798000 -0.806000 0.082000 25 0
-0.807000 -0.774000 0.061000 15 0
-0.813000 -0.742000 0.039000 15 0
-0.826000 -0.716000 0.020000 24 0
-0.807000 -0.777000 0.082000 25 0
-0.814000 -0.744000 0.060000 15 0
-0.819000 -0.714000 0.038000 15 0
-0.832000 -0.689000 0.018000 24 0
-0.812000 -0.744000 0.081000 24 0
-0.825000 -0.720000 0.059000 15 0
-0.826000 -0.687000 0.037000 18 0
-0.837000 -0.662000 0.016000 19 0
-0.823000 -0.719000 0.081000 24 0
-0.832000 -0.692000 0.059000 15 0
-0.837000 -0.663000 0.036000 18 0
-0.844000 -0.637000 0.015000 19 0
-0.830000 -0.691000 0.081000 24 0
-0.832000 -0.659000 0.058000 14 0
-0.844000 -0.638000 0.035000 18 0
-0.851000 -0.612000 0.013000 18 0
-0.835000 -0.661000 0.080000 24 0
-0.843000 -0.636000 0.057000 17 0
-0.850000 -0.612000 0.034000 18 0
-0.858000 -0.589000 0.012000 18 0
-0.844000 -0.636000 0.080000 19 0
-0.849000 -0.610000 0.057000 17 0
-0.840000 -0.576000 0.032000 16 0
-0.862000 -0.563000 0.010000 18 0
-0.849000 -0.609000 0.080000 19 0
-0.861000 -0.588000 0.056000 17 0
-0.851000 -0.555000 0.031000 16 0
-0.864000 -0.537000 0.009000 18 0
-0.857000 -0.584000 0.080000 23 0
-0.868000 -0.564000 0.056000 17 0
-0.858000 -0.532000 0.030000 16 0
-0.865000 -0.511000 0.008000 18 0
-0.857000 -0.554000 0.079000 19 0
-0.871000 -0.537000 0.055000 17 0
-0.865000 -0.509000 0.030000 16 0
-0.874000 -0.490000 0.006000 18 0
-0.856000 -0.524000 0.079000 17 0
-0.868000 -0.508000 0.054000 16 0
-0.870000 -0.486000 0.029000 13 0
-0.870000 -0.463000 0.005000 18 0
-0.869000 -0.504000 0.079000 17 0
-0.876000 -0.484000 0.054000 16 0
-0.879000 -0.464000 0.028000 13 0
-0.835000 -0.420000 0.004000 16 0
-0.874000 -0.479000 0.079000 17 0
-0.884000 -0.462000 0.053000 16 0
-0.879000 -0.439000 0.027000 13 0
-0.862000 -0.410000 0.003000 12 0
-0.881000 -0.456000 0.079000 17 0
-0.892000 -0.440000 0.053000 16 0
-0.743000 -0.350000 0.022000 10 2
0.000000 -0.000000 -0.000000 0 0
-0.884000 -0.430000 0.079000 17 0
-0.652000 -0.303000 0.038000 8 2
-0.635000 -0.281000 0.018000 7 0
0.000000 -0.000000 -0.000000 0 0
-0.879000 -0.402000 0.078000 17 0
-0.644000 -0.281000 0.037000 6 0
0.000000 -0.000000 -0.000000 0 0
0.000000 -0.000000 -0.000000 0 192
0.000000 -0.000000 -0.000000 0 0
0.000000 -0.000000 -0.000000 0 0
0.000000 -0.000000 -0.000000 0 0
0.000000 -0.000000 -0.000000 0 128
0.000000 -0.000000 -0.000000 0 0
0.000000 -0.000000 -0.000000 0 0
0.000000 -0.000000 -0.000000 0 0
0.000000 -0.000000 -0.000000 0 128
0.000000 -0.000000 -0.000000 0 128
0.000000 -0.000000 -0.000000 0 0
0.000000 -0.000000 -0.000000 0 128
0.000000 -0.000000 -0.000000 0 128
0.000000 -0.000000 -0.000000 0 128
0.000000 -0.000000 -0.000000 0 0
0.000000 -0.000000 -0.000000 0 192
0.000000 -0.000000 -0.000000 0 192
0.000000 -0.000000 -0.000000 0 128
0.000000 -0.000000 -0.000000 0 0
-0.907000 -0.260000 0.021000 11 0
-0.916000 -0.248000 -0.004000 16 0
0.000000 -0.000000 -0.000000 0 192
-0.924000 -0.256000 0.050000 15 0
-0.926000 -0.243000 0.021000 13 0
-0.929000 -0.230000 -0.005000 18 0
0.000000 -0.000000 -0.000000 0 0
-0.925000 -0.232000 0.050000 15 0
-0.933000 -0.222000 0.021000 13 0
-0.930000 -0.208000 -0.006000 18 0
-0.928000 -0.223000 0.079000 17 0
-0.931000 -0.211000 0.049000 15 0
-0.938000 -0.200000 0.020000 13 0
-0.938000 -0.188000 -0.007000 18 0
-0.934000 -0.200000 0.079000 17 0
-0.940000 -0.190000 0.049000 12 0
-0.942000 -0.179000 0.020000 13 0
-0.941000 -0.166000 -0.008000 18 0
-0.937000 -0.178000 0.079000 17 0
-0.937000 -0.166000 0.049000 10 0
-0.937000 -0.156000 0.019000 11 0
-0.944000 -0.145000 -0.009000 18 0
-0.941000 -0.155000 0.079000 14 0
-0.942000 -0.144000 0.049000 11 0
-0.943000 -0.134000 0.018000 11 0
-0.949000 -0.125000 -0.010000 18 0
-0.943000 -0.132000 0.079000 14 0
-0.946000 -0.122000 0.049000 11 0
-0.950000 -0.113000 0.018000 11 0
-0.954000 -0.103000 -0.010000 18 0
-0.952000 -0.110000 0.080000 14 0
-0.954000 -0.100000 0.049000 11 0
-0.953000 -0.092000 0.018000 11 0
-0.958000 -0.082000 -0.011000 18 0
-0.957000 -0.087000 0.080000 14 0
-0.962000 -0.078000 0.049000 11 0
-0.957000 -0.070000 0.017000 11 0
-0.959000 -0.061000 -0.012000 18 0
-0.963000 -0.064000 0.081000 14 0
-0.965000 -0.056000 0.048000 11 0
-0.962000 -0.048000 0.017000 10 0
-0.970000 -0.040000 -0.013000 16 0
-0.970000 -0.041000 0.081000 14 0
-0.972000 -0.033000 0.049000 11 0
-0.965000 -0.026000 0.016000 11 0
-0.972000 -0.018000 -0.013000 19 0
-0.973000 -0.017000 0.082000 14 0
-0.978000 -0.011000 0.049000 11 0
-0.975000 -0.004000 0.016000 11 0
-0.981000 0.002000 -0.014000 18 0
-0.974000 0.005000 0.082000 13 0
-0.985000 0.012000 0.049000 11 0
-0.975000 0.017000 0.016000 11 0
-0.986000 0.024000 -0.015000 18 0
-0.981000 0.029000 0.082000 14 0
-0.981000 0.035000 0.048000 11 0
-0.981000 0.040000 0.015000 11 0
-0.993000 0.047000 -0.016000 18 0
-0.977000 0.052000 0.082000 13 0
-0.987000 0.058000 0.048000 11 0
-0.989000 0.063000 0.015000 11 0
-0.999000 0.069000 -0.017000 18 0
-0.874000 -0.479000 0.079000 17 0
-0.884000 -0.462000 0.053000 16 0
-0.879000 -0.439000 0.027000 13 0
-0.862000 -0.410000 0.003000 12 0
-0.881000 -0.456000 0.079000 17 0
-0.892000 -0.440000 0.053000 16 0
-0.743000 -0.350000 0.022000 10 2
0.000000 -0.000000 -0.000000 0 0
-0.884000 -0.430000 0.079000 17 0
-0.652000 -0.303000 0.038000 8 2
-0.635000 -0.281000 0.018000 7 0
0.000000 -0.000000 -0.000000 0 0
-0.879000 -0.402000 0.078000 17 0
-0.644000 -0.281000 0.037000 6 0
0.000000 -0.000000 -0.000000 0 0
0.000000 -0.000000 -0.000000 0 192
0.000000 -0.000000 -0.000000 0 0
0.000000 -0.000000 -0.000000 0 0
0.000000 -0.000000 -0.000000 0 0
0.000000 -0.000000 -0.000000 0 128
0.000000 -0.000000 -0.000000 0 0
0.000000 -0.000000 -0.000000 0 0
0.000000 -0.000000 -0.000000 0 0
0.000000 -0.000000 -0.000000 0 128
0.000000 -0.000000 -0.000000 0 128
0.000000 -0.000000 -0.000000 0 0
0.000000 -0.000000 -0.000000 0 128
0.000000 -0.000000 -0.000000 0 128
0.000000 -0.000000 -0.000000 0 128
0.000000 -0.000000 -0.000000 0 0
0.000000 -0.000000 -0.000000 0 192
0.000000 -0.000000 -0.000000 0 192
0.000000 -0.000000 -0.000000 0 128
0.000000 -0.000000 -0.000000 0 0
-0.907000 -0.260000 0.021000 11 0
-0.916000 -0.248000 -0.004000 16 0
0.000000 -0.000000 -0.000000 0 192
-0.924000 -0.256000 0.050000 15 0
-0.926000 -0.243000 0.021000 13 0
-0.929000 -0.230000 -0.005000 18 0
0.000000 -0.000000 -0.000000 0 0
-0.925000 -0.232000 0.050000 15 0
-0.933000 -0.222000 0.021000 13 0
-0.930000 -0.208000 -0.006000 18 0
-0.928000 -0.223000 0.079000 17 0
-0.931000 -0.211000 0.049000 15 0
-0.938000 -0.200000 0.020000 13 0
-0.938000 -0.188000 -0.007000 18 0
-0.934000 -0.200000 0.079000 17 0
-0.940000 -0.190000 0.049000 12 0
-0.942000 -0.179000 0.020000 13 0
-0.941000 -0.166000 -0.008000 18 0
-0.937000 -0.178000 0.079000 17 0
-0.937000 -0.166000 0.049000 10 0
-0.937000 -0.156000 0.019000 11 0
-0.944000 -0.145000 -0.009000 18 0
-0.941000 -0.155000 0.079000 14 0
-0.942000 -0.144000 0.049000 11 0
-0.943000 -0.134000 0.018000 11 0
-0.949000 -0.125000 -0.010000 18 0
-0.943000 -0.132000 0.079000 14 0
-0.946000 -0.122000 0.049000 11 0
-0.950000 -0.113000 0.018000 11 0
-0.954000 -0.103000 -0.010000 18 0
-0.952000 -0.110000 0.080000 14 0
-0.954000 -0.100000 0.049000 11 0
-0.953000 -0.092000 0.018000 11 0
-0.958000 -0.082000 -0.011000 18 0
-0.957000 -0.087000 0.080000 14 0
-0.962000 -0.078000 0.049000 11 0
-0.957000 -0.070000 0.017000 11 0
-0.959000 -0.061000 -0.012000 18 0
-0.963000 -0.064000 0.081000 14 0
-0.965000 -0.056000 0.048000 11 0
-0.962000 -0.048000 0.017000 10 0
-0.970000 -0.040000 -0.013000 16 0
-0.970000 -0.041000 0.081000 14 0
-0.972000 -0.033000 0.049000 11 0
-0.965000 -0.026000 0.016000 11 0
-0.972000 -0.018000 -0.013000 19 0
-0.973000 -0.017000 0.082000 14 0
-0.978000 -0.011000 0.049000 11 0
-0.975000 -0.004000 0.016000 11 0
-0.981000 0.002000 -0.014000 18 0
-0.974000 0.005000 0.082000 13 0
-0.985000 0.012000 0.049000 11 0
-0.975000 0.017000 0.016000 11 0
-0.986000 0.024000 -0.015000 18 0
-0.981000 0.029000 0.082000 14 0
-0.981000 0.035000 0.048000 11 0
-0.981000 0.040000 0.015000 11 0
-0.993000 0.047000 -0.016000 18 0
-0.977000 0.052000 0.082000 13 0
-0.987000 0.058000 0.048000 11 0
-0.989000 0.063000 0.015000 11 0
-0.999000 0.069000 -0.017000 18 0
-1.010000 0.079000 0.085000 19 0
-1.004000 0.083000 0.049000 14 0
-1.002000 0.087000 0.015000 13 0
-0.995000 0.091000 -0.017000 18 0
-1.016000 0.104000 0.085000 19 0
-1.018000 0.108000 0.049000 14 0
-1.021000 0.112000 0.015000 14 64
-1.008000 0.115000 -0.018000 19 0
-1.014000 0.129000 0.085000 20 0
-1.026000 0.134000 0.050000 14 0
-1.024000 0.136000 0.014000 14 0
-1.016000 0.139000 -0.019000 19 0
-1.027000 0.156000 0.086000 20 0
-1.031000 0.159000 0.050000 14 64
-1.025000 0.160000 0.014000 14 0
-1.025000 0.164000 -0.019000 19 0
-1.020000 0.180000 0.086000 7 0
-1.014000 0.181000 0.049000 5 0
-1.001000 0.180000 0.013000 4 0
-1.003000 0.183000 -0.020000 6 0
-1.007000 0.203000 0.085000 2 0
-1.020000 0.207000 0.049000 2 0
0.000000 -0.000000 -0.000000 0 0
-1.000000 0.206000 -0.020000 1 0
-1.022000 0.232000 0.086000 1 0
-1.032000 0.235000 0.049000 2 0
-1.015000 0.231000 0.013000 2 0
-1.014000 0.232000 -0.021000 1 0
-1.109000 0.280000 0.094000 1 0
-1.114000 0.281000 0.053000 2 0
-1.116000 0.281000 0.014000 2 0
-1.108000 0.280000 -0.024000 2 0
-1.110000 0.309000 0.095000 2 0
-1.124000 0.312000 0.054000 2 0
-1.117000 0.308000 0.013000 2 0
-1.104000 0.305000 -0.024000 1 0
-1.143000 0.348000 0.098000 10 0
-1.128000 0.342000 0.054000 1 0
-1.123000 0.338000 0.013000 1 64
-1.118000 0.336000 -0.025000 1 0
-1.124000 0.372000 0.096000 15 0
-1.128000 0.371000 0.054000 1 0
-1.125000 0.367000 0.013000 1 64
-1.109000 0.360000 -0.025000 0 0
-1.145000 0.410000 0.099000 10 0
-1.138000 0.404000 0.054000 1 0
-1.132000 0.398000 0.013000 1 0
-1.114000 0.390000 -0.026000 1 0
-1.162000 0.448000 0.100000 14 0
-1.154000 0.440000 0.055000 4 0
-1.137000 0.429000 0.012000 1 0
-1.131000 0.424000 -0.027000 1 0
-1.144000 0.473000 0.099000 8 0
-1.152000 0.471000 0.055000 1 0
-1.153000 0.466000 0.012000 1 0
-1.137000 0.456000 -0.028000 1 0
-1.158000 0.512000 0.101000 1 0
-1.164000 0.508000 0.056000 1 0
-1.155000 0.497000 0.012000 1 0
-1.146000 0.489000 -0.028000 1 0
-1.167000 0.550000 0.102000 1 0
-1.165000 0.542000 0.056000 1 0
-1.164000 0.533000 0.012000 1 0
-1.142000 0.518000 -0.029000 0 0
-1.171000 0.586000 0.103000 0 0
-1.175000 0.580000 0.056000 1 0
-1.168000 0.568000 0.012000 1 0
-1.140000 0.548000 -0.029000 0 0
-1.163000 0.618000 0.103000 0 0
-1.183000 0.619000 0.057000 1 0
-1.173000 0.604000 0.012000 1 0
0.000000 -0.000000 -0.000000 0 0
0.000000 -0.000000 -0.000000 0 0
-1.192000 0.660000 0.057000 1 0
-1.191000 0.648000 0.012000 1 0
-1.177000 0.632000 -0.031000 0 0
-1.199000 0.713000 0.108000 8 0
-1.201000 0.702000 0.058000 1 0
-1.197000 0.688000 0.011000 0 0
0.000000 -0.000000 -0.000000 0 0
-1.218000 0.765000 0.110000 10 0
0.000000 -0.000000 -0.000000 0 0
0.000000 -0.000000 -0.000000 0 0
-1.186000 0.707000 -0.033000 0 0
-1.230000 0.814000 0.112000 12 0
-1.228000 0.797000 0.060000 0 0
-1.220000 0.777000 0.011000 0 0
0.000000 -0.000000 -0.000000 0 0
-1.234000 0.860000 0.113000 0 0
-1.234000 0.843000 0.061000 9 0
0.000000 -0.000000 -0.000000 0 0
-1.206000 0.793000 -0.034000 0 0
-1.257000 0.922000 0.117000 9 0
-1.242000 0.892000 0.061000 0 0
-1.242000 0.873000 0.011000 0 0
0.000000 -0.000000 -0.000000 0 0
-1.010000 0.079000 0.085000 19 0
-1.004000 0.083000 0.049000 14 0
-1.002000 0.087000 0.015000 13 0
-0.995000 0.091000 -0.017000 18 0
-1.016000 0.104000 0.085000 19 0
-1.018000 0.108000 0.049000 14 0
-1.021000 0.112000 0.015000 14 64
-1.008000 0.115000 -0.018000 19 0
-1.014000 0.129000 0.085000 20 0
-1.026000 0.134000 0.050000 14 0
-1.024000 0.136000 0.014000 14 0
-1.016000 0.139000 -0.019000 19 0
-1.027000 0.156000 0.086000 20 0
-1.031000 0.159000 0.050000 14 64
-1.025000 0.160000 0.014000 14 0
-1.025000 0.164000 -0.019000 19 0
-1.020000 0.180000 0.086000 7 0
-1.014000 0.181000 0.049000 5 0
-1.001000 0.180000 0.013000 4 0
-1.003000 0.183000 -0.020000 6 0
-1.007000 0.203000 0.085000 2 0
-1.020000 0.207000 0.049000 2 0
0.000000 -0.000000 -0.000000 0 0
-1.000000 0.206000 -0.020000 1 0
-1.022000 0.232000 0.086000 1 0
-1.032000 0.235000 0.049000 2 0
-1.015000 0.231000 0.013000 2 0
-1.014000 0.232000 -0.021000 1 0
-1.109000 0.280000 0.094000 1 0
-1.114000 0.281000 0.053000 2 0
-1.116000 0.281000 0.014000 2 0
-1.108000 0.280000 -0.024000 2 0
-1.110000 0.309000 0.095000 2 0
-1.124000 0.312000 0.054000 2 0
-1.117000 0.308000 0.013000 2 0
-1.104000 0.305000 -0.024000 1 0
-1.143000 0.348000 0.098000 10 0
-1.128000 0.342000 0.054000 1 0
-1.123000 0.338000 0.013000 1 64
-1.118000 0.336000 -0.025000 1 0
-1.124000 0.372000 0.096000 15 0
-1.128000 0.371000 0.054000 1 0
-1.125000 0.367000 0.013000 1 64
-1.109000 0.360000 -0.025000 0 0
-1.145000 0.410000 0.099000 10 0
-1.138000 0.404000 0.054000 1 0
-1.132000 0.398000 0.013000 1 0
-1.114000 0.390000 -0.026000 1 0
-1.162000 0.448000 0.100000 14 0
-1.154000 0.440000 0.055000 4 0
-1.137000 0.429000 0.012000 1 0
-1.131000 0.424000 -0.027000 1 0
-1.144000 0.473000 0.099000 8 0
-1.152000 0.471000 0.055000 1 0
-1.153000 0.466000 0.012000 1 0
-1.137000 0.456000 -0.028000 1 0
-1.158000 0.512000 0.101000 1 0
-1.164000 0.508000 0.056000 1 0
-1.155000 0.497000 0.012000 1 0
-1.146000 0.489000 -0.028000 1 0
-1.167000 0.550000 0.102000 1 0
-1.165000 0.542000 0.056000 1 0
-1.164000 0.533000 0.012000 1 0
-1.142000 0.518000 -0.029000 0 0
-1.171000 0.586000 0.103000 0 0
-1.175000 0.580000 0.056000 1 0
-1.168000 0.568000 0.012000 1 0
-1.140000 0.548000 -0.029000 0 0
-1.163000 0.618000 0.103000 0 0
-1.183000 0.619000 0.057000 1 0
-1.173000 0.604000 0.012000 1 0
0.000000 -0.000000 -0.000000 0 0
0.000000 -0.000000 -0.000000 0 0
-1.192000 0.660000 0.057000 1 0
-1.191000 0.648000 0.012000 1 0
-1.177000 0.632000 -0.031000 0 0
-1.199000 0.713000 0.108000 8 0
-1.201000 0.702000 0.058000 1 0
-1.197000 0.688000 0.011000 0 0
0.000000 -0.000000 -0.000000 0 0
-1.218000 0.765000 0.110000 10 0
0.000000 -0.000000 -0.000000 0 0
0.000000 -0.000000 -0.000000 0 0
-1.186000 0.707000 -0.033000 0 0
-1.230000 0.814000 0.112000 12 0
-1.228000 0.797000 0.060000 0 0
-1.220000 0.777000 0.011000 0 0
0.000000 -0.000000 -0.000000 0 0
-1.234000 0.860000 0.113000 0 0
-1.234000 0.843000 0.061000 9 0
0.000000 -0.000000 -0.000000 0 0
-1.206000 0.793000 -0.034000 0 0
-1.257000 0.922000 0.117000 9 0
-1.242000 0.892000 0.061000 0 0
-1.242000 0.873000 0.011000 0 0
0.000000 -0.000000 -0.000000 0 0
-1.253000 0.966000 0.117000 0 64
-1.258000 0.949000 0.063000 9 0
-1.249000 0.922000 0.011000 8 0
0.000000 -0.000000 -0.000000 0 128
-1.210000 0.979000 0.114000 15 0
-1.238000 0.980000 0.062000 1 0
-1.258000 0.973000 0.011000 1 0
-1.257000 0.953000 -0.037000 10 0
0.000000 -0.000000 -0.000000 0 0
-1.195000 0.992000 0.060000 14 0
-1.209000 0.981000 0.011000 13 0
-1.210000 0.961000 -0.036000 0 0
-1.235000 1.102000 0.119000 66 0
-1.239000 1.079000 0.063000 9 0
-1.193000 1.014000 0.011000 0 64
-1.185000 0.985000 -0.036000 21 0
-1.257000 1.176000 0.123000 15 64
-1.240000 1.132000 0.064000 66 0
-1.227000 1.093000 0.011000 77 1
-1.222000 1.063000 -0.037000 3 1
-1.269000 1.246000 0.125000 59 0
-1.256000 1.201000 0.065000 66 0
-1.253000 1.167000 0.011000 12 64
-1.232000 1.122000 -0.038000 66 0
-1.290000 1.328000 0.129000 60 0
-1.275000 1.278000 0.067000 65 0
-1.261000 1.231000 0.011000 69 0
-1.265000 1.205000 -0.040000 15 0
-1.314000 1.420000 0.133000 59 0
-1.299000 1.365000 0.069000 62 0
-1.277000 1.305000 0.012000 66 0
-1.271000 1.266000 -0.040000 61 0
-1.336000 1.514000 0.137000 54 0
-1.323000 1.457000 0.071000 58 0
-1.301000 1.391000 0.012000 63 0
-1.292000 1.346000 -0.041000 62 0
-1.358000 1.615000 0.142000 35 0
-1.344000 1.551000 0.073000 60 0
-1.328000 1.487000 0.012000 52 0
-1.309000 1.426000 -0.043000 62 0
-5.117000 6.390000 0.543000 113 0
-5.252000 6.353000 0.290000 94 0
-1.352000 1.585000 0.013000 58 0
-1.329000 1.515000 -0.044000 60 0
-4.908000 6.437000 0.530000 118 0
-5.041000 6.398000 0.282000 120 0
-5.186000 6.372000 0.051000 120 0
-1.354000 1.615000 -0.045000 40 0
-4.708000 6.486000 0.517000 123 0
-4.844000 6.451000 0.276000 124 0
-4.980000 6.415000 0.050000 126 0
-5.136000 6.415000 -0.174000 9 0
-4.510000 6.538000 0.505000 121 0
-4.648000 6.500000 0.269000 123 0
-4.787000 6.466000 0.049000 121 0
0.000000 -0.000000 -0.000000 0 0
-4.310000 6.575000 0.492000 132 0
-4.454000 6.549000 0.263000 132 0
-4.593000 6.510000 0.048000 123 0
0.000000 -0.000000 -0.000000 0 0
-4.119000 6.620000 0.480000 129 0
-4.265000 6.595000 0.257000 129 0
-4.401000 6.554000 0.047000 118 0
-3.706000 5.330000 -0.130000 9 0
-3.925000 6.657000 0.468000 132 0
-4.077000 6.637000 0.251000 131 0
-4.219000 6.604000 0.047000 119 0
-3.595000 5.425000 -0.127000 5 0
-3.740000 6.699000 0.457000 131 0
-3.891000 6.682000 0.244000 144 0
-4.031000 6.639000 0.046000 119 0
-3.488000 5.533000 -0.125000 1 0
-3.560000 6.747000 0.447000 133 0
-3.706000 6.716000 0.239000 131 0
-3.846000 6.679000 0.046000 118 0
0.000000 -0.000000 -0.000000 0 0
-3.378000 6.788000 0.436000 132 0
-3.526000 6.756000 0.233000 138 0
-3.666000 6.716000 0.046000 118 0
0.000000 -0.000000 -0.000000 0 0
-3.200000 6.831000 0.425000 127 0
-3.348000 6.799000 0.228000 131 0
-3.492000 6.760000 0.046000 117 0
-2.719000 5.041000 -0.100000 14 0
-3.023000 6.872000 0.415000 126 0
-3.174000 6.842000 0.223000 125 0
-3.316000 6.802000 0.045000 115 0
-2.637000 5.163000 -0.098000 13 0
-2.848000 6.910000 0.405000 124 0
-2.998000 6.876000 0.218000 133 0
-3.148000 6.849000 0.046000 114 0
-2.547000 5.282000 -0.096000 15 0
-2.673000 6.945000 0.395000 119 0
-2.826000 6.920000 0.213000 129 0
-2.974000 6.886000 0.046000 115 0
-3.120000 6.862000 -0.119000 132 0
-1.253000 0.966000 0.117000 0 64
-1.258000 0.949000 0.063000 9 0
-1.249000 0.922000 0.011000 8 0
0.000000 -0.000000 -0.000000 0 128
-1.210000 0.979000 0.114000 15 0
-1.238000 0.980000 0.062000 1 0
-1.258000 0.973000 0.011000 1 0
-1.257000 0.953000 -0.037000 10 0
0.000000 -0.000000 -0.000000 0 0
-1.195000 0.992000 0.060000 14 0
-1.209000 0.981000 0.011000 13 0
-1.210000 0.961000 -0.036000 0 0
-1.235000 1.102000 0.119000 66 0
-1.239000 1.079000 0.063000 9 0
-1.193000 1.014000 0.011000 0 64
-1.185000 0.985000 -0.036000 21 0
-1.257000 1.176000 0.123000 15 64
-1.240000 1.132000 0.064000 66 0
-1.227000 1.093000 0.011000 77 1
-1.222000 1.063000 -0.037000 3 1
-1.269000 1.246000 0.125000 59 0
-1.256000 1.201000 0.065000 66 0
-1.253000 1.167000 0.011000 12 64
-1.232000 1.122000 -0.038000 66 0
-1.290000 1.328000 0.129000 60 0
-1.275000 1.278000 0.067000 65 0
-1.261000 1.231000 0.011000 69 0
-1.265000 1.205000 -0.040000 15 0
-1.314000 1.420000 0.133000 59 0
-1.299000 1.365000 0.069000 62 0
-1.277000 1.305000 0.012000 66 0
-1.271000 1.266000 -0.040000 61 0
-1.336000 1.514000 0.137000 54 0
-1.323000 1.457000 0.071000 58 0
-1.301000 1.391000 0.012000 63 0
-1.292000 1.346000 -0.041000 62 0
-1.358000 1.615000 0.142000 35 0
-1.344000 1.551000 0.073000 60 0
-1.328000 1.487000 0.012000 52 0
-1.309000 1.426000 -0.043000 62 0
-5.117000 6.390000 0.543000 113 0
-5.252000 6.353000 0.290000 94 0
-1.352000 1.585000 0.013000 58 0
-1.329000 1.515000 -0.044000 60 0
-4.908000 6.437000 0.530000 118 0
-5.041000 6.398000 0.282000 120 0
-5.186000 6.372000 0.051000 120 0
-1.354000 1.615000 -0.045000 40 0
-4.708000 6.486000 0.517000 123 0
-4.844000 6.451000 0.276000 124 0
-4.980000 6.415000 0.050000 126 0
-5.136000 6.415000 -0.174000 9 0
-4.510000 6.538000 0.505000 121 0
-4.648000 6.500000 0.269000 123 0
-4.787000 6.466000 0.049000 121 0
0.000000 -0.000000 -0.000000 0 0
-4.310000 6.575000 0.492000 132 0
-4.454000 6.549000 0.263000 132 0
-4.593000 6.510000 0.048000 123 0
0.000000 -0.000000 -0.000000 0 0
-4.119000 6.620000 0.480000 129 0
-4.265000 6.595000 0.257000 129 0
-4.401000 6.554000 0.047000 118 0
-3.706000 5.330000 -0.130000 9 0
-3.925000 6.657000 0.468000 132 0
-4.077000 6.637000 0.251000 131 0
-4.219000 6.604000 0.047000 119 0
-3.595000 5.425000 -0.127000 5 0
-3.740000 6.699000 0.457000 131 0
-3.891000 6.682000 0.244000 144 0
-4.031000 6.639000 0.046000 119 0
-3.488000 5.533000 -0.125000 1 0
-3.560000 6.747000 0.447000 133 0
-3.706000 6.716000 0.239000 131 0
-3.846000 6.679000 0.046000 118 0
0.000000 -0.000000 -0.000000 0 0
-3.378000 6.788000 0.436000 132 0
-3.526000 6.756000 0.233000 138 0
-3.666000 6.716000 0.046000 118 0
0.000000 -0.000000 -0.000000 0 0
-3.200000 6.831000 0.425000 127 0
-3.348000 6.799000 0.228000 131 0
-3.492000 6.760000 0.046000 117 0
-2.719000 5.041000 -0.100000 14 0
-3.023000 6.872000 0.415000 126 0
-3.174000 6.842000 0.223000 125 0
-3.316000 6.802000 0.045000 115 0
-2.637000 5.163000 -0.098000 13 0
-2.848000 6.910000 0.405000 124 0
-2.998000 6.876000 0.218000 133 0
-3.148000 6.849000 0.046000 114 0
-2.547000 5.282000 -0.096000 15 0
-2.673000 6.945000 0.395000 119 0
-2.826000 6.920000 0.213000 129 0
-2.974000 6.886000 0.046000 115 0
-3.120000 6.862000 -0.119000 132 0
-2.505000 6.998000 0.386000 116 0
-2.655000 6.958000 0.208000 133 0
-2.799000 6.913000 0.046000 116 0
-2.949000 6.901000 -0.114000 129 0
-2.332000 7.030000 0.377000 116 0
-2.484000 6.995000 0.203000 121 0
-2.636000 6.964000 0.046000 119 0
-2.782000 6.941000 -0.109000 140 0
-2.166000 7.080000 0.368000 111 0
-2.318000 7.040000 0.199000 124 0
-2.468000 6.999000 0.047000 110 0
-2.614000 6.972000 -0.103000 134 0
-1.995000 7.118000 0.359000 104 0
-2.151000 7.083000 0.195000 120 0
-2.300000 7.041000 0.047000 109 0
-2.448000 7.010000 -0.098000 130 0
-1.824000 7.149000 0.349000 102 0
-1.982000 7.121000 0.190000 111 0
-2.136000 7.081000 0.048000 109 0
-2.283000 7.051000 -0.093000 135 0
-1.657000 7.190000 0.341000 115 0
-1.817000 7.165000 0.186000 113 0
-1.968000 7.119000 0.048000 109 0
-2.117000 7.089000 -0.088000 124 0
-1.486000 7.226000 0.331000 115 0
-1.648000 7.200000 0.182000 108 0
-1.804000 7.160000 0.049000 109 0
-1.955000 7.135000 -0.082000 124 0
-1.318000 7.261000 0.323000 121 0
-1.481000 7.236000 0.178000 116 0
-1.637000 7.200000 0.050000 109 0
-1.791000 7.174000 -0.077000 124 0
-1.149000 7.305000 0.314000 128 0
-1.316000 7.279000 0.175000 121 0
-1.473000 7.243000 0.051000 108 0
-1.627000 7.210000 -0.071000 124 0
-0.982000 7.350000 0.306000 130 0
-1.149000 7.319000 0.171000 131 0
-1.306000 7.271000 0.052000 109 0
-1.461000 7.248000 -0.065000 125 0
-0.813000 7.390000 0.298000 63 0
-0.978000 7.348000 0.167000 133 0
-1.142000 7.320000 0.053000 111 0
-1.297000 7.287000 -0.060000 125 0
0.000000 -0.000000 -0.000000 0 0
-0.811000 7.395000 0.163000 64 0
-0.974000 7.355000 0.054000 118 0
-1.132000 7.322000 -0.053000 136 0
0.000000 -0.000000 -0.000000 0 192
0.000000 -0.000000 -0.000000 0 0
-0.807000 7.401000 0.055000 69 0
-0.965000 7.366000 -0.048000 129 0
0.000000 -0.000000 -0.000000 0 128
0.000000 -0.000000 -0.000000 0 192
0.000000 -0.000000 -0.000000 0 0
-0.797000 7.395000 -0.042000 87 0
0.000000 -0.000000 -0.000000 0 192
0.000000 -0.000000 -0.000000 0 192
0.000000 -0.000000 -0.000000 0 0
0.000000 -0.000000 -0.000000 0 0
0.000000 -0.000000 -0.000000 0 128
0.000000 -0.000000 -0.000000 0 192
0.000000 -0.000000 -0.000000 0 192
0.000000 -0.000000 -0.000000 0 0
0.000000 -0.000000 -0.000000 0 192
0.000000 -0.000000 -0.000000 0 192
0.000000 -0.000000 -0.000000 0 192
0.000000 -0.000000 -0.000000 0 192
0.000000 -0.000000 -0.000000 0 128
0.000000 -0.000000 -0.000000 0 192
0.000000 -0.000000 -0.000000 0 192
0.000000 -0.000000 -0.000000 0 192
0.000000 -0.000000 -0.000000 0 128
0.000000 -0.000000 -0.000000 0 128
0.000000 -0.000000 -0.000000 0 192
0.000000 -0.000000 -0.000000 0 192
0.170000 1.708000 0.049000 11 0
0.000000 -0.000000 -0.000000 0 128
0.000000 -0.000000 -0.000000 0 192
0.000000 -0.000000 -0.000000 0 128
0.195000 1.589000 0.043000 22 0
0.169000 1.711000 0.029000 15 0
0.137000 1.811000 0.016000 2 0
0.000000 -0.000000 -0.000000 0 192
0.226000 1.542000 0.040000 15 0
0.195000 1.597000 0.026000 20 0
0.169000 1.703000 0.015000 14 0
0.139000 1.803000 0.002000 1 0
0.263000 1.549000 0.038000 16 0
0.226000 1.554000 0.025000 11 0
0.195000 1.588000 0.014000 22 0
0.171000 1.708000 0.004000 15 0
0.305000 1.573000 0.037000 15 0
0.265000 1.565000 0.024000 11 0
0.227000 1.553000 0.014000 13 0
0.196000 1.589000 0.005000 22 0
-2.505000 6.998000 0.386000 116 0
-2.655000 6.958000 0.208000 133 0
-2.799000 6.913000 0.046000 116 0
-2.949000 6.901000 -0.114000 129 0
-2.332000 7.030000 0.377000 116 0
-2.484000 6.995000 0.203000 121 0
-2.636000 6.964000 0.046000 119 0
-2.782000 6.941000 -0.109000 140 0
-2.166000 7.080000 0.368000 111 0
-2.318000 7.040000 0.199000 124 0
-2.468000 6.999000 0.047000 110 0
-2.614000 6.972000 -0.103000 134 0
-1.995000 7.118000 0.359000 104 0
-2.151000 7.083000 0.195000 120 0
-2.300000 7.041000 0.047000 109 0
-2.448000 7.010000 -0.098000 130 0
-1.824000 7.149000 0.349000 102 0
-1.982000 7.121000 0.190000 111 0
-2.136000 7.081000 0.048000 109 0
-2.283000 7.051000 -0.093000 135 0
-1.657000 7.190000 0.341000 115 0
-1.817000 7.165000 0.186000 113 0
-1.968000 7.119000 0.048000 109 0
-2.117000 7.089000 -0.088000 124 0
-1.486000 7.226000 0.331000 115 0
-1.648000 7.200000 0.182000 108 0
-1.804000 7.160000 0.049000 109 0
-1.955000 7.135000 -0.082000 124 0
-1.318000 7.261000 0.323000 121 0
-1.481000 7.236000 0.178000 116 0
-1.637000 7.200000 0.050000 109 0
-1.791000 7.174000 -0.077000 124 0
-1.149000 7.305000 0.314000 128 0
-1.316000 7.279000 0.175000 121 0
-1.473000 7.243000 0.051000 108 0
-1.627000 7.210000 -0.071000 124 0
-0.982000 7.350000 0.306000 130 0
-1.149000 7.319000 0.171000 131 0
-1.306000 7.271000 0.052000 109 0
-1.461000 7.248000 -0.065000 125 0
-0.813000 7.390000 0.298000 63 0
-0.978000 7.348000 0.167000 133 0
-1.142000 7.320000 0.053000 111 0
-1.297000 7.287000 -0.060000 125 0
0.000000 -0.000000 -0.000000 0 0
-0.811000 7.395000 0.163000 64 0
-0.974000 7.355000 0.054000 118 0
-1.132000 7.322000 -0.053000 136 0
0.000000 -0.000000 -0.000000 0 192
0.000000 -0.000000 -0.000000 0 0
-0.807000 7.401000 0.055000 69 0
-0.965000 7.366000 -0.048000 129 0
0.000000 -0.000000 -0.000000 0 128
0.000000 -0.000000 -0.000000 0 192
0.000000 -0.000000 -0.000000 0 0
-0.797000 7.395000 -0.042000 87 0
0.000000 -0.000000 -0.000000 0 192
0.000000 -0.000000 -0.000000 0 192
0.000000 -0.000000 -0.000000 0 0
0.000000 -0.000000 -0.000000 0 0
0.000000 -0.000000 -0.000000 0 128
0.000000 -0.000000 -0.000000 0 192
0.000000 -0.000000 -0.000000 0 192
0.000000 -0.000000 -0.000000 0 0
0.000000 -0.000000 -0.000000 0 192
0.000000 -0.000000 -0.000000 0 192
0.000000 -0.000000 -0.000000 0 192
0.000000 -0.000000 -0.000000 0 192
0.000000 -0.000000 -0.000000 0 128
0.000000 -0.000000 -0.000000 0 192
0.000000 -0.000000 -0.000000 0 192
0.000000 -0.000000 -0.000000 0 192
0.000000 -0.000000 -0.000000 0 128
0.000000 -0.000000 -0.000000 0 128
0.000000 -0.000000 -0.000000 0 192
0.000000 -0.000000 -0.000000 0 192
0.170000 1.708000 0.049000 11 0
0.000000 -0.000000 -0.000000 0 128
0.000000 -0.000000 -0.000000 0 192
0.000000 -0.000000 -0.000000 0 128
0.195000 1.589000 0.043000 22 0
0.169000 1.711000 0.029000 15 0
0.137000 1.811000 0.016000 2 0
0.000000 -0.000000 -0.000000 0 192
0.226000 1.542000 0.040000 15 0
0.195000 1.597000 0.026000 20 0
0.169000 1.703000 0.015000 14 0
0.139000 1.803000 0.002000 1 0
0.263000 1.549000 0.038000 16 0
0.226000 1.554000 0.025000 11 0
0.195000 1.588000 0.014000 22 0
0.171000 1.708000 0.004000 15 0
0.305000 1.573000 0.037000 15 0
0.265000 1.565000 0.024000 11 0
0.227000 1.553000 0.014000 13 0
0.196000 1.589000 0.005000 22 0
0.344000 1.578000 0.035000 15 0
0.304000 1.572000 0.023000 11 0
0.266000 1.565000 0.015000 12 0
0.230000 1.562000 0.006000 15 0
0.386000 1.595000 0.034000 13 0
0.343000 1.578000 0.023000 11 0
0.306000 1.577000 0.015000 12 0
0.268000 1.569000 0.008000 15 0
0.423000 1.586000 0.032000 51 0
0.384000 1.589000 0.022000 60 0
0.344000 1.579000 0.016000 13 0
0.307000 1.573000 0.009000 14 0
0.469000 1.609000 0.030000 13 0
0.427000 1.604000 0.022000 11 0
0.385000 1.591000 0.017000 11 0
0.346000 1.579000 0.011000 14 0
0.510000 1.611000 0.028000 60 0
0.467000 1.605000 0.021000 55 0
0.427000 1.600000 0.017000 12 0
0.388000 1.590000 0.013000 65 0
0.555000 1.624000 0.026000 54 0
0.510000 1.613000 0.020000 56 0
0.468000 1.604000 0.018000 58 0
0.429000 1.596000 0.014000 14 0
0.601000 1.635000 0.024000 65 0
0.555000 1.623000 0.020000 62 0
0.513000 1.617000 0.018000 12 0
0.472000 1.606000 0.016000 58 0
0.648000 1.645000 0.023000 46 0
0.603000 1.638000 0.019000 52 0
0.558000 1.626000 0.019000 58 0
0.516000 1.616000 0.018000 60 0
0.695000 1.653000 0.021000 28 0
0.649000 1.647000 0.019000 49 0
0.604000 1.636000 0.020000 59 0
0.563000 1.629000 0.020000 58 0
0.747000 1.670000 0.019000 8 0
0.698000 1.658000 0.018000 27 0
0.652000 1.647000 0.020000 52 0
0.609000 1.638000 0.022000 53 0
0.000000 -0.000000 -0.000000 0 0
0.749000 1.670000 0.017000 8 0
0.701000 1.656000 0.021000 29 0
0.658000 1.651000 0.024000 54 0
0.000000 -0.000000 -0.000000 0 128
0.000000 -0.000000 -0.000000 0 0
0.754000 1.672000 0.022000 7 0
0.707000 1.660000 0.026000 26 0
0.000000 -0.000000 -0.000000 0 128
0.000000 -0.000000 -0.000000 0 128
0.000000 -0.000000 -0.000000 0 0
0.762000 1.677000 0.029000 3 0
0.000000 -0.000000 -0.000000 0 128
0.000000 -0.000000 -0.000000 0 128
0.000000 -0.000000 -0.000000 0 128
0.000000 -0.000000 -0.000000 0 0
0.000000 -0.000000 -0.000000 0 128
0.000000 -0.000000 -0.000000 0 128
0.000000 -0.000000 -0.000000 0 128
0.000000 -0.000000 -0.000000 0 128
0.000000 -0.000000 -0.000000 0 128
0.000000 -0.000000 -0.000000 0 128
0.000000 -0.000000 -0.000000 0 128
0.000000 -0.000000 -0.000000 0 128
0.000000 -0.000000 -0.000000 0 128
0.000000 -0.000000 -0.000000 0 128
0.000000 -0.000000 -0.000000 0 128
0.000000 -0.000000 -0.000000 0 128
0.000000 -0.000000 -0.000000 0 128
0.000000 -0.000000 -0.000000 0 128
0.000000 -0.000000 -0.000000 0 0
0.000000 -0.000000 -0.000000 0 128
0.000000 -0.000000 -0.000000 0 128
0.000000 -0.000000 -0.000000 0 128
0.000000 -0.000000 -0.000000 0 0
0.000000 -0.000000 -0.000000 0 128
0.000000 -0.000000 -0.000000 0 0
0.000000 -0.000000 -0.000000 0 128
0.000000 -0.000000 -0.000000 0 128
0.000000 -0.000000 -0.000000 0 128
0.000000 -0.000000 -0.000000 0 0
0.000000 -0.000000 -0.000000 0 0
0.000000 -0.000000 -0.000000 0 128
0.000000 -0.000000 -0.000000 0 128
0.000000 -0.000000 -0.000000 0 0
0.000000 -0.000000 -0.000000 0 0
0.000000 -0.000000 -0.000000 0 0
0.000000 -0.000000 -0.000000 0 128
0.000000 -0.000000 -0.000000 0 0
0.000000 -0.000000 -0.000000 0 0
0.000000 -0.000000 -0.000000 0 0
0.000000 -0.000000 -0.000000 0 128
0.000000 -0.000000 -0.000000 0 0
0.000000 -0.000000 -0.000000 0 0
0.000000 -0.000000 -0.000000 0 0
0.000000 -0.000000 -0.000000 0 128
0.344000 1.578000 0.035000 15 0
0.304000 1.572000 0.023000 11 0
0.266000 1.565000 0.015000 12 0
0.230000 1.562000 0.006000 15 0
0.386000 1.595000 0.034000 13 0
0.343000 1.578000 0.023000 11 0
0.306000 1.577000 0.015000 12 0
0.268000 1.569000 0.008000 15 0
0.423000 1.586000 0.032000 51 0
0.384000 1.589000 0.022000 60 0
0.344000 1.579000 0.016000 13 0
0.307000 1.573000 0.009000 14 0
0.469000 1.609000 0.030000 13 0
0.427000 1.604000 0.022000 11 0
0.385000 1.591000 0.017000 11 0
0.346000 1.579000 0.011000 14 0
0.510000 1.611000 0.028000 60 0
0.467000 1.605000 0.021000 55 0
0.427000 1.600000 0.017000 12 0
0.388000 1.590000 0.013000 65 0
0.555000 1.624000 0.026000 54 0
0.510000 1.613000 0.020000 56 0
0.468000 1.604000 0.018000 58 0
0.429000 1.596000 0.014000 14 0
0.601000 1.635000 0.024000 65 0
0.555000 1.623000 0.020000 62 0
0.513000 1.617000 0.018000 12 0
0.472000 1.606000 0.016000 58 0
0.648000 1.645000 0.023000 46 0
0.603000 1.638000 0.019000 52 0
0.558000 1.626000 0.019000 58 0
0.516000 1.616000 0.018000 60 0
0.695000 1.653000 0.021000 28 0
0.649000 1.647000 0.019000 49 0
0.604000 1.636000 0.020000 59 0
0.563000 1.629000 0.020000 58 0
0.747000 1.670000 0.019000 8 0
0.698000 1.658000 0.018000 27 0
0.652000 1.647000 0.020000 52 0
0.609000 1.638000 0.022000 53 0
0.000000 -0.000000 -0.000000 0 0
0.749000 1.670000 0.017000 8 0
0.701000 1.656000 0.021000 29 0
0.658000 1.651000 0.024000 54 0
0.000000 -0.000000 -0.000000 0 128
0.000000 -0.000000 -0.000000 0 0
0.754000 1.672000 0.022000 7 0
0.707000 1.660000 0.026000 26 0
0.000000 -0.000000 -0.000000 0 128
0.000000 -0.000000 -0.000000 0 128
0.000000 -0.000000 -0.000000 0 0
0.762000 1.677000 0.029000 3 0
0.000000 -0.000000 -0.000000 0 128
0.000000 -0.000000 -0.000000 0 128
0.000000 -0.000000 -0.000000 0 128
0.000000 -0.000000 -0.000000 0 0
0.000000 -0.000000 -0.000000 0 128
0.000000 -0.000000 -0.000000 0 128
0.000000 -0.000000 -0.000000 0 128
0.000000 -0.000000 -0.000000 0 128
0.000000 -0.000000 -0.000000 0 128
0.000000 -0.000000 -0.000000 0 128
0.000000 -0.000000 -0.000000 0 128
0.000000 -0.000000 -0.000000 0 128
0.000000 -0.000000 -0.000000 0 128
0.000000 -0.000000 -0.000000 0 128
0.000000 -0.000000 -0.000000 0 128
0.000000 -0.000000 -0.000000 0 128
0.000000 -0.000000 -0.000000 0 128
0.000000 -0.000000 -0.000000 0 128
0.000000 -0.000000 -0.000000 0 0
0.000000 -0.000000 -0.000000 0 128
0.000000 -0.000000 -0.000000 0 128
0.000000 -0.000000 -0.000000 0 128
0.000000 -0.000000 -0.000000 0 0
0.000000 -0.000000 -0.000000 0 128
0.000000 -0.000000 -0.000000 0 0
0.000000 -0.000000 -0.000000 0 128
0.000000 -0.000000 -0.000000 0 128
0.000000 -0.000000 -0.000000 0 128
0.000000 -0.000000 -0.000000 0 0
0.000000 -0.000000 -0.000000 0 0
0.000000 -0.000000 -0.000000 0 128
0.000000 -0.000000 -0.000000 0 128
0.000000 -0.000000 -0.000000 0 0
0.000000 -0.000000 -0.000000 0 0
0.000000 -0.000000 -0.000000 0 0
0.000000 -0.000000 -0.000000 0 128
0.000000 -0.000000 -0.000000 0 0
0.000000 -0.000000 -0.000000 0 0
0.000000 -0.000000 -0.000000 0 0
0.000000 -0.000000 -0.000000 0 128
0.000000 -0.000000 -0.000000 0 0
0.000000 -0.000000 -0.000000 0 0
0.000000 -0.000000 -0.000000 0 0
0.000000 -0.000000 -0.000000 0 128
0.000000 -0.000000 -0.000000 0 0
0.000000 -0.000000 -0.000000 0 0
0.000000 -0.000000 -0.000000 0 0
0.000000 -0.000000 -0.000000 0 128
0.000000 -0.000000 -0.000000 0 0
0.000000 -0.000000 -0.000000 0 0
0.000000 -0.000000 -0.000000 0 128
0.000000 -0.000000 -0.000000 0 128
0.000000 -0.000000 -0.000000 0 0
0.000000 -0.000000 -0.000000 0 128
0.000000 -0.000000 -0.000000 0 128
0.000000 -0.000000 -0.000000 0 128
0.000000 -0.000000 -0.000000 0 128
0.000000 -0.000000 -0.000000 0 128
0.000000 -0.000000 -0.000000 0 128
0.000000 -0.000000 -0.000000 0 128
0.000000 -0.000000 -0.000000 0 128
0.000000 -0.000000 -0.000000 0 128
0.000000 -0.000000 -0.000000 0 128
0.000000 -0.000000 -0.000000 0 192
0.000000 -0.000000 -0.000000 0 0
0.000000 -0.000000 -0.000000 0 128
0.000000 -0.000000 -0.000000 0 128
0.000000 -0.000000 -0.000000 0 128
0.000000 -0.000000 -0.000000 0 0
0.000000 -0.000000 -0.000000 0 0
0.000000 -0.000000 -0.000000 0 128
0.000000 -0.000000 -0.000000 0 128
0.000000 -0.000000 -0.000000 0 0
0.000000 -0.000000 -0.000000 0 0
0.000000 -0.000000 -0.000000 0 0
0.000000 -0.000000 -0.000000 0 128
0.000000 -0.000000 -0.000000 0 0
0.000000 -0.000000 -0.000000 0 0
0.000000 -0.000000 -0.000000 0 0
0.000000 -0.000000 -0.000000 0 128
0.000000 -0.000000 -0.000000 0 0
0.000000 -0.000000 -0.000000 0 0
0.000000 -0.000000 -0.000000 0 0
0.000000 -0.000000 -0.000000 0 128
0.000000 -0.000000 -0.000000 0 0
0.000000 -0.000000 -0.000000 0 0
0.000000 -0.000000 -0.000000 0 0
0.000000 -0.000000 -0.000000 0 0
0.000000 -0.000000 -0.000000 0 0
0.000000 -0.000000 -0.000000 0 0
0.000000 -0.000000 -0.000000 0 0
0.000000 -0.000000 -0.000000 0 128
0.000000 -0.000000 -0.000000 0 0
0.000000 -0.000000 -0.000000 0 0
0.000000 -0.000000 -0.000000 0 0
0.000000 -0.000000 -0.000000 0 0
0.000000 -0.000000 -0.000000 0 0
0.000000 -0.000000 -0.000000 0 0
0.000000 -0.000000 -0.000000 0 0
0.000000 -0.000000 -0.000000 0 0
0.000000 -0.000000 -0.000000 0 0
0.000000 -0.000000 -0.000000 0 0
0.000000 -0.000000 -0.000000 0 0
0.000000 -0.000000 -0.000000 0 0
0.000000 -0.000000 -0.000000 0 0
0.000000 -0.000000 -0.000000 0 0
0.000000 -0.000000 -0.000000 0 0
0.000000 -0.000000 -0.000000 0 0
0.000000 -0.000000 -0.000000 0 0
0.000000 -0.000000 -0.000000 0 0
0.000000 -0.000000 -0.000000 0 0
0.000000 -0.000000 -0.000000 0 0
0.000000 -0.000000 -0.000000 0 0
0.000000 -0.000000 -0.000000 0 0
0.000000 -0.000000 -0.000000 0 0
0.000000 -0.000000 -0.000000 0 0
0.000000 -0.000000 -0.000000 0 0
0.000000 -0.000000 -0.000000 0 0
0.000000 -0.000000 -0.000000 0 0
0.000000 -0.000000 -0.000000 0 0
0.000000 -0.000000 -0.000000 0 0
0.000000 -0.000000 -0.000000 0 0
0.000000 -0.000000 -0.000000 0 0
0.000000 -0.000000 -0.000000 0 0
0.000000 -0.000000 -0.000000 0 0
0.000000 -0.000000 -0.000000 0 0
0.000000 -0.000000 -0.000000 0 0
0.000000 -0.000000 -0.000000 0 0
0.000000 -0.000000 -0.000000 0 0
0.000000 -0.000000 -0.000000 0 0
0.000000 -0.000000 -0.000000 0 0
0.000000 -0.000000 -0.000000 0 128
0.000000 -0.000000 -0.000000 0 0
0.000000 -0.000000 -0.000000 0 0
0.000000 -0.000000 -0.000000 0 0
0.000000 -0.000000 -0.000000 0 128
0.000000 -0.000000 -0.000000 0 0
0.000000 -0.000000 -0.000000 0 0
0.000000 -0.000000 -0.000000 0 0
0.000000 -0.000000 -0.000000 0 128
0.000000 -0.000000 -0.000000 0 0
0.000000 -0.000000 -0.000000 0 0
0.000000 -0.000000 -0.000000 0 0
0.000000 -0.000000 -0.000000 0 128
0.000000 -0.000000 -0.000000 0 0
0.000000 -0.000000 -0.000000 0 0
0.000000 -0.000000 -0.000000 0 128
0.000000 -0.000000 -0.000000 0 128
0.000000 -0.000000 -0.000000 0 0
0.000000 -0.000000 -0.000000 0 128
0.000000 -0.000000 -0.000000 0 128
0.000000 -0.000000 -0.000000 0 128
0.000000 -0.000000 -0.000000 0 128
0.000000 -0.000000 -0.000000 0 128
0.000000 -0.000000 -0.000000 0 128
0.000000 -0.000000 -0.000000 0 128
0.000000 -0.000000 -0.000000 0 128
0.000000 -0.000000 -0.000000 0 128
0.000000 -0.000000 -0.000000 0 128
0.000000 -0.000000 -0.000000 0 192
0.000000 -0.000000 -0.000000 0 0
0.000000 -0.000000 -0.000000 0 128
0.000000 -0.000000 -0.000000 0 128
0.000000 -0.000000 -0.000000 0 128
0.000000 -0.000000 -0.000000 0 0
0.000000 -0.000000 -0.000000 0 0
0.000000 -0.000000 -0.000000 0 128
0.000000 -0.000000 -0.000000 0 128
0.000000 -0.000000 -0.000000 0 0
0.000000 -0.000000 -0.000000 0 0
0.000000 -0.000000 -0.000000 0 0
0.000000 -0.000000 -0.000000 0 128
0.000000 -0.000000 -0.000000 0 0
0.000000 -0.000000 -0.000000 0 0
0.000000 -0.000000 -0.000000 0 0
0.000000 -0.000000 -0.000000 0 128
0.000000 -0.000000 -0.000000 0 0
0.000000 -0.000000 -0.000000 0 0
0.000000 -0.000000 -0.000000 0 0
0.000000 -0.000000 -0.000000 0 128
0.000000 -0.000000 -0.000000 0 0
0.000000 -0.000000 -0.000000 0 0
0.000000 -0.000000 -0.000000 0 0
0.000000 -0.000000 -0.000000 0 0
0.000000 -0.000000 -0.000000 0 0
0.000000 -0.000000 -0.000000 0 0
0.000000 -0.000000 -0.000000 0 0
0.000000 -0.000000 -0.000000 0 128
0.000000 -0.000000 -0.000000 0 0
0.000000 -0.000000 -0.000000 0 0
0.000000 -0.000000 -0.000000 0 0
0.000000 -0.000000 -0.000000 0 0
0.000000 -0.000000 -0.000000 0 0
0.000000 -0.000000 -0.000000 0 0
0.000000 -0.000000 -0.000000 0 0
0.000000 -0.000000 -0.000000 0 0
0.000000 -0.000000 -0.000000 0 0
0.000000 -0.000000 -0.000000 0 0
0.000000 -0.000000 -0.000000 0 0
0.000000 -0.000000 -0.000000 0 0
0.000000 -0.000000 -0.000000 0 0
0.000000 -0.000000 -0.000000 0 0
0.000000 -0.000000 -0.000000 0 0
0.000000 -0.000000 -0.000000 0 0
0.000000 -0.000000 -0.000000 0 0
0.000000 -0.000000 -0.000000 0 0
0.000000 -0.000000 -0.000000 0 0
0.000000 -0.000000 -0.000000 0 0
0.000000 -0.000000 -0.000000 0 0
0.000000 -0.000000 -0.000000 0 0
0.000000 -0.000000 -0.000000 0 0
0.000000 -0.000000 -0.000000 0 0
0.000000 -0.000000 -0.000000 0 0
0.000000 -0.000000 -0.000000 0 0
0.000000 -0.000000 -0.000000 0 0
0.000000 -0.000000 -0.000000 0 0
0.000000 -0.000000 -0.000000 0 0
0.000000 -0.000000 -0.000000 0 0
0.000000 -0.000000 -0.000000 0 0
0.000000 -0.000000 -0.000000 0 0
0.000000 -0.000000 -0.000000 0 0
0.000000 -0.000000 -0.000000 0 0
0.000000 -0.000000 -0.000000 0 0
0.000000 -0.000000 -0.000000 0 0
0.000000 -0.000000 -0.000000 0 0
0.000000 -0.000000 -0.000000 0 0
0.000000 -0.000000 -0.000000 0 0
0.000000 -0.000000 -0.000000 0 128
0.000000 -0.000000 -0.000000 0 0
0.000000 -0.000000 -0.000000 0 0
0.000000 -0.000000 -0.000000 0 0
0.000000 -0.000000 -0.000000 0 128
0.000000 -0.000000 -0.000000 0 0
0.000000 -0.000000 -0.000000 0 0
0.000000 -0.000000 -0.000000 0 0
0.000000 -0.000000 -0.000000 0 128
0.000000 -0.000000 -0.000000 0 0
0.000000 -0.000000 -0.000000 0 0
0.000000 -0.000000 -0.000000 0 0
0.000000 -0.000000 -0.000000 0 128
0.000000 -0.000000 -0.000000 0 0
0.000000 -0.000000 -0.000000 0 0
0.000000 -0.000000 -0.000000 0 0
0.000000 -0.000000 -0.000000 0 128
0.000000 -0.000000 -0.000000 0 0
0.000000 -0.000000 -0.000000 0 0
0.000000 -0.000000 -0.000000 0 0
0.000000 -0.000000 -0.000000 0 0
0.000000 -0.000000 -0.000000 0 0
0.000000 -0.000000 -0.000000 0 0
0.000000 -0.000000 -0.000000 0 0
0.000000 -0.000000 -0.000000 0 0
0.000000 -0.000000 -0.000000 0 0
0.000000 -0.000000 -0.000000 0 0
0.000000 -0.000000 -0.000000 0 0
0.000000 -0.000000 -0.000000 0 0
0.000000 -0.000000 -0.000000 0 0
0.000000 -0.000000 -0.000000 0 0
0.000000 -0.000000 -0.000000 0 0
0.000000 -0.000000 -0.000000 0 128
0.000000 -0.000000 -0.000000 0 0
0.000000 -0.000000 -0.000000 0 0
0.000000 -0.000000 -0.000000 0 0
0.000000 -0.000000 -0.000000 0 192
0.000000 -0.000000 -0.000000 0 0
0.000000 -0.000000 -0.000000 0 0
0.000000 -0.000000 -0.000000 0 128
0.000000 -0.000000 -0.000000 0 192
0.000000 -0.000000 -0.000000 0 0
0.000000 -0.000000 -0.000000 0 128
0.000000 -0.000000 -0.000000 0 128
0.000000 -0.000000 -0.000000 0 192
0.000000 -0.000000 -0.000000 0 128
0.000000 -0.000000 -0.000000 0 128
0.000000 -0.000000 -0.000000 0 192
0.000000 -0.000000 -0.000000 0 192
0.000000 -0.000000 -0.000000 0 128
0.000000 -0.000000 -0.000000 0 128
0.000000 -0.000000 -0.000000 0 192
0.000000 -0.000000 -0.000000 0 192
0.000000 -0.000000 -0.000000 0 128
0.000000 -0.000000 -0.000000 0 128
0.000000 -0.000000 -0.000000 0 192
0.000000 -0.000000 -0.000000 0 192
0.000000 -0.000000 -0.000000 0 128
0.000000 -0.000000 -0.000000 0 192
0.000000 -0.000000 -0.000000 0 192
0.000000 -0.000000 -0.000000 0 192
0.000000 -0.000000 -0.000000 0 128
0.000000 -0.000000 -0.000000 0 128
0.000000 -0.000000 -0.000000 0 192
0.000000 -0.000000 -0.000000 0 192
0.000000 -0.000000 -0.000000 0 128
0.000000 -0.000000 -0.000000 0 192
0.000000 -0.000000 -0.000000 0 192
0.000000 -0.000000 -0.000000 0 192
0.000000 -0.000000 -0.000000 0 128
0.000000 -0.000000 -0.000000 0 128
0.000000 -0.000000 -0.000000 0 192
0.000000 -0.000000 -0.000000 0 192
0.000000 -0.000000 -0.000000 0 128
0.000000 -0.000000 -0.000000 0 128
0.000000 -0.000000 -0.000000 0 128
0.000000 -0.000000 -0.000000 0 192
0.000000 -0.000000 -0.000000 0 0
0.000000 -0.000000 -0.000000 0 128
0.000000 -0.000000 -0.000000 0 128
0.000000 -0.000000 -0.000000 0 128
0.000000 -0.000000 -0.000000 0 0
0.000000 -0.000000 -0.000000 0 0
0.000000 -0.000000 -0.000000 0 128
0.000000 -0.000000 -0.000000 0 128
0.000000 -0.000000 -0.000000 0 0
0.000000 -0.000000 -0.000000 0 0
0.000000 -0.000000 -0.000000 0 0
0.000000 -0.000000 -0.000000 0 128
0.000000 -0.000000 -0.000000 0 0
0.000000 -0.000000 -0.000000 0 0
0.000000 -0.000000 -0.000000 0 0
0.000000 -0.000000 -0.000000 0 128
0.000000 -0.000000 -0.000000 0 0
0.000000 -0.000000 -0.000000 0 0
0.000000 -0.000000 -0.000000 0 0
0.000000 -0.000000 -0.000000 0 128
0.000000 -0.000000 -0.000000 0 0
0.000000 -0.000000 -0.000000 0 0
0.000000 -0.000000 -0.000000 0 0
0.000000 -0.000000 -0.000000 0 128
0.000000 -0.000000 -0.000000 0 0
0.000000 -0.000000 -0.000000 0 0
0.000000 -0.000000 -0.000000 0 0
0.000000 -0.000000 -0.000000 0 128
0.000000 -0.000000 -0.000000 0 0
0.000000 -0.000000 -0.000000 0 0
0.000000 -0.000000 -0.000000 0 0
0.000000 -0.000000 -0.000000 0 128
0.000000 -0.000000 -0.000000 0 0
0.000000 -0.000000 -0.000000 0 0
0.000000 -0.000000 -0.000000 0 0
0.000000 -0.000000 -0.000000 0 128
0.000000 -0.000000 -0.000000 0 0
0.000000 -0.000000 -0.000000 0 0
0.000000 -0.000000 -0.000000 0 0
0.000000 -0.000000 -0.000000 0 0
0.000000 -0.000000 -0.000000 0 0
0.000000 -0.000000 -0.000000 0 0
0.000000 -0.000000 -0.000000 0 0
0.000000 -0.000000 -0.000000 0 0
0.000000 -0.000000 -0.000000 0 0
0.000000 -0.000000 -0.000000 0 0
0.000000 -0.000000 -0.000000 0 0
0.000000 -0.000000 -0.000000 0 0
0.000000 -0.000000 -0.000000 0 0
0.000000 -0.000000 -0.000000 0 0
0.000000 -0.000000 -0.000000 0 0
0.000000 -0.000000 -0.000000 0 128
0.000000 -0.000000 -0.000000 0 0
0.000000 -0.000000 -0.000000 0 0
0.000000 -0.000000 -0.000000 0 0
0.000000 -0.000000 -0.000000 0 192
0.000000 -0.000000 -0.000000 0 0
0.000000 -0.000000 -0.000000 0 0
0.000000 -0.000000 -0.000000 0 128
0.000000 -0.000000 -0.000000 0 192
0.000000 -0.000000 -0.000000 0 0
0.000000 -0.000000 -0.000000 0 128
0.000000 -0.000000 -0.000000 0 128
0.000000 -0.000000 -0.000000 0 192
0.000000 -0.000000 -0.000000 0 128
0.000000 -0.000000 -0.000000 0 128
0.000000 -0.000000 -0.000000 0 192
0.000000 -0.000000 -0.000000 0 192
0.000000 -0.000000 -0.000000 0 128
0.000000 -0.000000 -0.000000 0 128
0.000000 -0.000000 -0.000000 0 192
0.000000 -0.000000 -0.000000 0 192
0.000000 -0.000000 -0.000000 0 128
0.000000 -0.000000 -0.000000 0 128
0.000000 -0.000000 -0.000000 0 192
0.000000 -0.000000 -0.000000 0 192
0.000000 -0.000000 -0.000000 0 128
0.000000 -0.000000 -0.000000 0 192
0.000000 -0.000000 -0.000000 0 192
0.000000 -0.000000 -0.000000 0 192
0.000000 -0.000000 -0.000000 0 128
0.000000 -0.000000 -0.000000 0 128
0.000000 -0.000000 -0.000000 0 192
0.000000 -0.000000 -0.000000 0 192
0.000000 -0.000000 -0.000000 0 128
0.000000 -0.000000 -0.000000 0 192
0.000000 -0.000000 -0.000000 0 192
0.000000 -0.000000 -0.000000 0 192
0.000000 -0.000000 -0.000000 0 128
0.000000 -0.000000 -0.000000 0 128
0.000000 -0.000000 -0.000000 0 192
0.000000 -0.000000 -0.000000 0 192
0.000000 -0.000000 -0.000000 0 128
0.000000 -0.000000 -0.000000 0 128
0.000000 -0.000000 -0.000000 0 128
0.000000 -0.000000 -0.000000 0 192
0.000000 -0.000000 -0.000000 0 0
0.000000 -0.000000 -0.000000 0 128
0.000000 -0.000000 -0.000000 0 128
0.000000 -0.000000 -0.000000 0 128
0.000000 -0.000000 -0.000000 0 0
0.000000 -0.000000 -0.000000 0 0
0.000000 -0.000000 -0.000000 0 128
0.000000 -0.000000 -0.000000 0 128
0.000000 -0.000000 -0.000000 0 0
0.000000 -0.000000 -0.000000 0 0
0.000000 -0.000000 -0.000000 0 0
0.000000 -0.000000 -0.000000 0 128
0.000000 -0.000000 -0.000000 0 0
0.000000 -0.000000 -0.000000 0 0
0.000000 -0.000000 -0.000000 0 0
0.000000 -0.000000 -0.000000 0 128
0.000000 -0.000000 -0.000000 0 0
0.000000 -0.000000 -0.000000 0 0
0.000000 -0.000000 -0.000000 0 0
0.000000 -0.000000 -0.000000 0 128
0.000000 -0.000000 -0.000000 0 0
0.000000 -0.000000 -0.000000 0 0
0.000000 -0.000000 -0.000000 0 0
0.000000 -0.000000 -0.000000 0 128
0.000000 -0.000000 -0.000000 0 0
0.000000 -0.000000 -0.000000 0 0
0.000000 -0.000000 -0.000000 0 0
0.000000 -0.000000 -0.000000 0 128
0.000000 -0.000000 -0.000000 0 0
0.000000 -0.000000 -0.000000 0 0
0.000000 -0.000000 -0.000000 0 0
0.000000 -0.000000 -0.000000 0 128
0.000000 -0.000000 -0.000000 0 0
0.000000 -0.000000 -0.000000 0 0
0.000000 -0.000000 -0.000000 0 0
0.000000 -0.000000 -0.000000 0 128
0.000000 -0.000000 -0.000000 0 0
0.000000 -0.000000 -0.000000 0 0
0.000000 -0.000000 -0.000000 0 0
0.000000 -0.000000 -0.000000 0 0
0.000000 -0.000000 -0.000000 0 0
0.000000 -0.000000 -0.000000 0 0
0.000000 -0.000000 -0.000000 0 0
0.000000 -0.000000 -0.000000 0 128
0.000000 -0.000000 -0.000000 0 0
0.000000 -0.000000 -0.000000 0 0
0.000000 -0.000000 -0.000000 0 0
0.000000 -0.000000 -0.000000 0 0
0.000000 -0.000000 -0.000000 0 0
0.000000 -0.000000 -0.000000 0 0
0.000000 -0.000000 -0.000000 0 0
0.000000 -0.000000 -0.000000 0 128
0.000000 -0.000000 -0.000000 0 0
0.000000 -0.000000 -0.000000 0 0
0.000000 -0.000000 -0.000000 0 0
0.000000 -0.000000 -0.000000 0 0
0.000000 -0.000000 -0.000000 0 0
0.000000 -0.000000 -0.000000 0 0
0.000000 -0.000000 -0.000000 0 0
0.000000 -0.000000 -0.000000 0 128
0.000000 -0.000000 -0.000000 0 0
0.000000 -0.000000 -0.000000 0 0
0.000000 -0.000000 -0.000000 0 0
0.000000 -0.000000 -0.000000 0 128
0.000000 -0.000000 -0.000000 0 0
0.000000 -0.000000 -0.000000 0 0
0.000000 -0.000000 -0.000000 0 0
0.000000 -0.000000 -0.000000 0 128
0.000000 -0.000000 -0.000000 0 0
0.000000 -0.000000 -0.000000 0 0
0.000000 -0.000000 -0.000000 0 0
0.000000 -0.000000 -0.000000 0 128
0.000000 -0.000000 -0.000000 0 0
0.000000 -0.000000 -0.000000 0 0
0.000000 -0.000000 -0.000000 0 0
0.000000 -0.000000 -0.000000 0 128
0.000000 -0.000000 -0.000000 0 0
0.000000 -0.000000 -0.000000 0 0
0.000000 -0.000000 -0.000000 0 0
0.000000 -0.000000 -0.000000 0 128
0.000000 -0.000000 -0.000000 0 0
0.000000 -0.000000 -0.000000 0 0
0.000000 -0.000000 -0.000000 0 128
0.000000 -0.000000 -0.000000 0 128
0.000000 -0.000000 -0.000000 0 0
0.000000 -0.000000 -0.000000 0 0
0.000000 -0.000000 -0.000000 0 128
0.000000 -0.000000 -0.000000 0 128
0.000000 -0.000000 -0.000000 0 0
0.000000 -0.000000 -0.000000 0 0
0.000000 -0.000000 -0.000000 0 128
0.000000 -0.000000 -0.000000 0 128
0.000000 -0.000000 -0.000000 0 0
0.000000 -0.000000 -0.000000 0 0
0.000000 -0.000000 -0.000000 0 128
0.000000 -0.000000 -0.000000 0 128
0.000000 -0.000000 -0.000000 0 128
0.000000 -0.000000 -0.000000 0 128
0.000000 -0.000000 -0.000000 0 128
0.000000 -0.000000 -0.000000 0 128
0.000000 -0.000000 -0.000000 0 128
0.000000 -0.000000 -0.000000 0 128
0.000000 -0.000000 -0.000000 0 128
0.000000 -0.000000 -0.000000 0 128
0.000000 -0.000000 -0.000000 0 128
0.000000 -0.000000 -0.000000 0 128
0.000000 -0.000000 -0.000000 0 192
0.000000 -0.000000 -0.000000 0 128
0.000000 -0.000000 -0.000000 0 128
0.000000 -0.000000 -0.000000 0 128
0.000000 -0.000000 -0.000000 0 128
0.000000 -0.000000 -0.000000 0 128
0.000000 -0.000000 -0.000000 0 128
0.000000 -0.000000 -0.000000 0 128
0.000000 -0.000000 -0.000000 0 128
0.000000 -0.000000 -0.000000 0 128
0.000000 -0.000000 -0.000000 0 128
0.000000 -0.000000 -0.000000 0 128
0.000000 -0.000000 -0.000000 0 128
0.000000 -0.000000 -0.000000 0 128
0.000000 -0.000000 -0.000000 0 128
0.000000 -0.000000 -0.000000 0 128
0.000000 -0.000000 -0.000000 0 128
0.000000 -0.000000 -0.000000 0 128
0.000000 -0.000000 -0.000000 0 0
0.000000 -0.000000 -0.000000 0 0
0.000000 -0.000000 -0.000000 0 0
0.000000 -0.000000 -0.000000 0 128
0.000000 -0.000000 -0.000000 0 0
0.000000 -0.000000 -0.000000 0 0
0.000000 -0.000000 -0.000000 0 0
0.000000 -0.000000 -0.000000 0 128
0.000000 -0.000000 -0.000000 0 0
0.000000 -0.000000 -0.000000 0 0
0.000000 -0.000000 -0.000000 0 0
0.000000 -0.000000 -0.000000 0 0
0.000000 -0.000000 -0.000000 0 0
0.000000 -0.000000 -0.000000 0 0
0.000000 -0.000000 -0.000000 0 0
0.000000 -0.000000 -0.000000 0 128
0.000000 -0.000000 -0.000000 0 0
0.000000 -0.000000 -0.000000 0 0
0.000000 -0.000000 -0.000000 0 0
0.000000 -0.000000 -0.000000 0 0
0.000000 -0.000000 -0.000000 0 0
0.000000 -0.000000 -0.000000 0 0
0.000000 -0.000000 -0.000000 0 0
0.000000 -0.000000 -0.000000 0 128
0.000000 -0.000000 -0.000000 0 0
0.000000 -0.000000 -0.000000 0 0
0.000000 -0.000000 -0.000000 0 0
0.000000 -0.000000 -0.000000 0 0
0.000000 -0.000000 -0.000000 0 0
0.000000 -0.000000 -0.000000 0 0
0.000000 -0.000000 -0.000000 0 0
0.000000 -0.000000 -0.000000 0 128
0.000000 -0.000000 -0.000000 0 0
0.000000 -0.000000 -0.000000 0 0
0.000000 -0.000000 -0.000000 0 0
0.000000 -0.000000 -0.000000 0 128
0.000000 -0.000000 -0.000000 0 0
0.000000 -0.000000 -0.000000 0 0
0.000000 -0.000000 -0.000000 0 0
0.000000 -0.000000 -0.000000 0 128
0.000000 -0.000000 -0.000000 0 0
0.000000 -0.000000 -0.000000 0 0
0.000000 -0.000000 -0.000000 0 0
0.000000 -0.000000 -0.000000 0 128
0.000000 -0.000000 -0.000000 0 0
0.000000 -0.000000 -0.000000 0 0
0.000000 -0.000000 -0.000000 0 0
0.000000 -0.000000 -0.000000 0 128
0.000000 -0.000000 -0.000000 0 0
0.000000 -0.000000 -0.000000 0 0
0.000000 -0.000000 -0.000000 0 0
0.000000 -0.000000 -0.000000 0 128
0.000000 -0.000000 -0.000000 0 0
0.000000 -0.000000 -0.000000 0 0
0.000000 -0.000000 -0.000000 0 128
0.000000 -0.000000 -0.000000 0 128
0.000000 -0.000000 -0.000000 0 0
0.000000 -0.000000 -0.000000 0 0
0.000000 -0.000000 -0.000000 0 128
0.000000 -0.000000 -0.000000 0 128
0.000000 -0.000000 -0.000000 0 0
0.000000 -0.000000 -0.000000 0 0
0.000000 -0.000000 -0.000000 0 128
0.000000 -0.000000 -0.000000 0 128
0.000000 -0.000000 -0.000000 0 0
0.000000 -0.000000 -0.000000 0 0
0.000000 -0.000000 -0.000000 0 128
0.000000 -0.000000 -0.000000 0 128
0.000000 -0.000000 -0.000000 0 128
0.000000 -0.000000 -0.000000 0 128
0.000000 -0.000000 -0.000000 0 128
0.000000 -0.000000 -0.000000 0 128
0.000000 -0.000000 -0.000000 0 128
0.000000 -0.000000 -0.000000 0 128
0.000000 -0.000000 -0.000000 0 128
0.000000 -0.000000 -0.000000 0 128
0.000000 -0.000000 -0.000000 0 128
0.000000 -0.000000 -0.000000 0 128
0.000000 -0.000000 -0.000000 0 192
0.000000 -0.000000 -0.000000 0 128
0.000000 -0.000000 -0.000000 0 128
0.000000 -0.000000 -0.000000 0 128
0.000000 -0.000000 -0.000000 0 128
0.000000 -0.000000 -0.000000 0 128
0.000000 -0.000000 -0.000000 0 128
0.000000 -0.000000 -0.000000 0 128
0.000000 -0.000000 -0.000000 0 128
0.000000 -0.000000 -0.000000 0 128
0.000000 -0.000000 -0.000000 0 128
0.000000 -0.000000 -0.000000 0 128
0.000000 -0.000000 -0.000000 0 128
0.000000 -0.000000 -0.000000 0 128
0.000000 -0.000000 -0.000000 0 128
0.000000 -0.000000 -0.000000 0 128
0.000000 -0.000000 -0.000000 0 128
0.000000 -0.000000 -0.000000 0 128
0.000000 -0.000000 -0.000000 0 128
0.000000 -0.000000 -0.000000 0 128
0.000000 -0.000000 -0.000000 0 128
0.000000 -0.000000 -0.000000 0 192
0.000000 -0.000000 -0.000000 0 128
0.000000 -0.000000 -0.000000 0 128
0.000000 -0.000000 -0.000000 0 128
0.000000 -0.000000 -0.000000 0 128
0.000000 -0.000000 -0.000000 0 128
0.000000 -0.000000 -0.000000 0 128
0.000000 -0.000000 -0.000000 0 128
0.000000 -0.000000 -0.000000 0 128
0.000000 -0.000000 -0.000000 0 128
0.000000 -0.000000 -0.000000 0 128
0.000000 -0.000000 -0.000000 0 192
0.000000 -0.000000 -0.000000 0 128
0.000000 -0.000000 -0.000000 0 128
0.000000 -0.000000 -0.000000 0 128
0.000000 -0.000000 -0.000000 0 128
0.000000 -0.000000 -0.000000 0 128
0.000000 -0.000000 -0.000000 0 128
0.000000 -0.000000 -0.000000 0 128
0.000000 -0.000000 -0.000000 0 128
0.000000 -0.000000 -0.000000 0 128
0.000000 -0.000000 -0.000000 0 128
0.000000 -0.000000 -0.000000 0 128
0.000000 -0.000000 -0.000000 0 128
0.000000 -0.000000 -0.000000 0 128
0.000000 -0.000000 -0.000000 0 128
0.000000 -0.000000 -0.000000 0 128
0.000000 -0.000000 -0.000000 0 128
0.000000 -0.000000 -0.000000 0 128
0.000000 -0.000000 -0.000000 0 128
0.000000 -0.000000 -0.000000 0 128
0.000000 -0.000000 -0.000000 0 128
0.000000 -0.000000 -0.000000 0 192
0.000000 -0.000000 -0.000000 0 0
0.000000 -0.000000 -0.000000 0 128
0.000000 -0.000000 -0.000000 0 128
0.000000 -0.000000 -0.000000 0 128
0.000000 -0.000000 -0.000000 0 0
0.000000 -0.000000 -0.000000 0 128
4.993000 -9.382000 0.106000 1 0
0.000000 -0.000000 -0.000000 0 128
0.000000 -0.000000 -0.000000 0 128
0.000000 -0.000000 -0.000000 0 128
4.721000 -9.391000 0.100000 23 0
4.398000 -9.499000 0.375000 42 0
0.000000 -0.000000 -0.000000 0 128
0.000000 -0.000000 -0.000000 0 128
4.490000 -9.484000 0.094000 65 0
4.156000 -9.563000 0.363000 71 0
0.000000 -0.000000 -0.000000 0 128
2.501000 -5.166000 -0.090000 0 4
4.246000 -9.539000 0.088000 99 0
3.906000 -9.611000 0.350000 105 0
0.000000 -0.000000 -0.000000 0 128
3.638000 -7.977000 -0.137000 2 0
4.002000 -9.593000 0.082000 107 0
3.662000 -9.669000 0.338000 105 0
2.411000 -5.167000 -0.224000 14 0
0.000000 -0.000000 -0.000000 0 0
3.764000 -9.650000 0.076000 107 0
3.423000 -9.727000 0.327000 103 0
1.148000 -2.613000 -0.111000 4 0
0.000000 -0.000000 -0.000000 0 0
3.524000 -9.706000 0.070000 106 0
3.183000 -9.778000 0.314000 103 0
1.082000 -2.625000 -0.109000 34 0
3.628000 -9.679000 -0.163000 31 0
3.288000 -9.759000 0.064000 107 0
2.942000 -9.831000 0.302000 100 0
1.043000 -2.703000 -0.109000 0 0
2.800000 -8.034000 -0.134000 1 4
3.050000 -9.813000 0.058000 109 0
2.708000 -9.892000 0.291000 98 0
1.916000 -5.326000 -0.212000 1 0
2.651000 -8.212000 -0.137000 25 0
2.815000 -9.862000 0.051000 102 0
2.468000 -9.943000 0.278000 103 0
1.791000 -5.359000 -0.208000 11 0
2.454000 -8.251000 -0.136000 11 0
2.584000 -9.926000 0.045000 101 0
2.235000 -10.004000 0.266000 98 0
1.648000 -5.332000 -0.202000 16 0
1.625000 -5.964000 -0.098000 1 0
2.348000 -9.972000 0.039000 102 0
1.997000 -10.046000 0.254000 96 0
1.523000 -5.361000 -0.199000 31 0
2.079000 -8.390000 -0.137000 53 0
2.116000 -10.031000 0.033000 100 0
1.760000 -10.102000 0.242000 97 0
1.396000 -5.377000 -0.195000 52 0
1.873000 -8.390000 -0.137000 9 0
1.883000 -10.085000 0.026000 99 0
1.526000 -10.170000 0.230000 70 0
0.000000 -0.000000 -0.000000 0 128
0.000000 -0.000000 -0.000000 0 128
0.000000 -0.000000 -0.000000 0 128
0.000000 -0.000000 -0.000000 0 192
0.000000 -0.000000 -0.000000 0 128
0.000000 -0.000000 -0.000000 0 128
0.000000 -0.000000 -0.000000 0 128
0.000000 -0.000000 -0.000000 0 128
0.000000 -0.000000 -0.000000 0 128
0.000000 -0.000000 -0.000000 0 128
0.000000 -0.000000 -0.000000 0 128
0.000000 -0.000000 -0.000000 0 128
0.000000 -0.000000 -0.000000 0 128
0.000000 -0.000000 -0.000000 0 128
0.000000 -0.000000 -0.000000 0 192
0.000000 -0.000000 -0.000000 0 128
0.000000 -0.000000 -0.000000 0 128
0.000000 -0.000000 -0.000000 0 128
0.000000 -0.000000 -0.000000 0 128
0.000000 -0.000000 -0.000000 0 128
0.000000 -0.000000 -0.000000 0 128
0.000000 -0.000000 -0.000000 0 128
0.000000 -0.000000 -0.000000 0 128
0.000000 -0.000000 -0.000000 0 128
0.000000 -0.000000 -0.000000 0 128
0.000000 -0.000000 -0.000000 0 128
0.000000 -0.000000 -0.000000 0 128
0.000000 -0.000000 -0.000000 0 128
0.000000 -0.000000 -0.000000 0 128
0.000000 -0.000000 -0.000000 0 128
0.000000 -0.000000 -0.000000 0 128
0.000000 -0.000000 -0.000000 0 128
0.000000 -0.000000 -0.000000 0 128
0.000000 -0.000000 -0.000000 0 128
0.000000 -0.000000 -0.000000 0 128
0.000000 -0.000000 -0.000000 0 192
0.000000 -0.000000 -0.000000 0 0
0.000000 -0.000000 -0.000000 0 128
0.000000 -0.000000 -0.000000 0 128
0.000000 -0.000000 -0.000000 0 128
0.000000 -0.000000 -0.000000 0 0
0.000000 -0.000000 -0.000000 0 128
4.993000 -9.382000 0.106000 1 0
0.000000 -0.000000 -0.000000 0 128
0.000000 -0.000000 -0.000000 0 128
0.000000 -0.000000 -0.000000 0 128
4.721000 -9.391000 0.100000 23 0
4.398000 -9.499000 0.375000 42 0
0.000000 -0.000000 -0.000000 0 128
0.000000 -0.000000 -0.000000 0 128
4.490000 -9.484000 0.094000 65 0
4.156000 -9.563000 0.363000 71 0
0.000000 -0.000000 -0.000000 0 128
2.501000 -5.166000 -0.090000 0 4
4.246000 -9.539000 0.088000 99 0
3.906000 -9.611000 0.350000 105 0
0.000000 -0.000000 -0.000000 0 128
3.638000 -7.977000 -0.137000 2 0
4.002000 -9.593000 0.082000 107 0
3.662000 -9.669000 0.338000 105 0
2.411000 -5.167000 -0.224000 14 0
0.000000 -0.000000 -0.000000 0 0
3.764000 -9.650000 0.076000 107 0
3.423000 -9.727000 0.327000 103 0
1.148000 -2.613000 -0.111000 4 0
0.000000 -0.000000 -0.000000 0 0
3.524000 -9.706000 0.070000 106 0
3.183000 -9.778000 0.314000 103 0
1.082000 -2.625000 -0.109000 34 0
3.628000 -9.679000 -0.163000 31 0
3.288000 -9.759000 0.064000 107 0
2.942000 -9.831000 0.302000 100 0
1.043000 -2.703000 -0.109000 0 0
2.800000 -8.034000 -0.134000 1 4
3.050000 -9.813000 0.058000 109 0
2.708000 -9.892000 0.291000 98 0
1.916000 -5.326000 -0.212000 1 0
2.651000 -8.212000 -0.137000 25 0
2.815000 -9.862000 0.051000 102 0
2.468000 -9.943000 0.278000 103 0
1.791000 -5.359000 -0.208000 11 0
2.454000 -8.251000 -0.136000 11 0
2.584000 -9.926000 0.045000 101 0
2.235000 -10.004000 0.266000 98 0
1.648000 -5.332000 -0.202000 16 0
1.625000 -5.964000 -0.098000 1 0
2.348000 -9.972000 0.039000 102 0
1.997000 -10.046000 0.254000 96 0
1.523000 -5.361000 -0.199000 31 0
2.079000 -8.390000 -0.137000 53 0
2.116000 -10.031000 0.033000 100 0
1.760000 -10.102000 0.242000 97 0
1.396000 -5.377000 -0.195000 52 0
1.873000 -8.390000 -0.137000 9 0
1.883000 -10.085000 0.026000 99 0
1.526000 -10.170000 0.230000 70 0
1.268000 -5.396000 -0.192000 66 0
2.000000 -10.056000 -0.164000 100 0
1.647000 -10.132000 0.020000 101 0
1.267000 -10.064000 0.214000 22 0
1.147000 -5.435000 -0.189000 59 0
1.768000 -10.109000 -0.164000 97 0
1.412000 -10.200000 0.013000 63 0
0.000000 -0.000000 -0.000000 0 0
1.884000 -10.070000 -0.343000 102 0
1.537000 -10.163000 -0.165000 92 0
1.158000 -10.084000 0.006000 2 0
0.000000 -0.000000 -0.000000 0 192
1.660000 -10.139000 -0.337000 99 0
1.098000 -8.597000 -0.139000 3 0
0.000000 -0.000000 -0.000000 0 0
0.000000 -0.000000 -0.000000 0 128
1.425000 -10.183000 -0.332000 65 0
0.000000 -0.000000 -0.000000 0 0
0.000000 -0.000000 -0.000000 0 128
0.000000 -0.000000 -0.000000 0 128
0.000000 -0.000000 -0.000000 0 0
0.000000 -0.000000 -0.000000 0 128
0.000000 -0.000000 -0.000000 0 128
0.000000 -0.000000 -0.000000 0 128
0.000000 -0.000000 -0.000000 0 192
0.000000 -0.000000 -0.000000 0 128
0.000000 -0.000000 -0.000000 0 192
0.000000 -0.000000 -0.000000 0 192
0.000000 -0.000000 -0.000000 0 128
0.000000 -0.000000 -0.000000 0 128
0.000000 -0.000000 -0.000000 0 128
0.000000 -0.000000 -0.000000 0 128
0.000000 -0.000000 -0.000000 0 192
0.000000 -0.000000 -0.000000 0 128
0.000000 -0.000000 -0.000000 0 192
0.000000 -0.000000 -0.000000 0 128
0.000000 -0.000000 -0.000000 0 128
0.000000 -0.000000 -0.000000 0 192
0.000000 -0.000000 -0.000000 0 128
-0.178000 -2.074000 0.018000 0 4
0.000000 -0.000000 -0.000000 0 192
0.000000 -0.000000 -0.000000 0 128
0.000000 -0.000000 -0.000000 0 0
-0.212000 -1.938000 0.015000 1 0
0.000000 -0.000000 -0.000000 0 128
0.000000 -0.000000 -0.000000 0 128
-0.193000 -2.020000 -0.011000 2 0
-0.240000 -1.809000 0.011000 2 0
0.000000 -0.000000 -0.000000 0 128
-0.170000 -2.075000 -0.033000 6 0
-0.224000 -1.883000 -0.012000 2 0
-0.268000 -1.711000 0.008000 2 0
-0.150000 -2.167000 -0.057000 1 0
-0.203000 -1.928000 -0.031000 6 0
-0.252000 -1.763000 -0.012000 3 0
-0.289000 -1.602000 0.005000 2 0
-0.186000 -2.013000 -0.052000 2 0
-0.233000 -1.809000 -0.029000 10 0
-0.276000 -1.660000 -0.013000 4 0
-0.312000 -1.523000 0.003000 2 0
-0.219000 -1.887000 -0.048000 2 0
-0.261000 -1.710000 -0.028000 22 0
-0.299000 -1.568000 -0.013000 5 0
-0.484000 -2.114000 0.001000 62 0
-0.246000 -1.762000 -0.043000 3 0
-0.283000 -1.602000 -0.026000 27 0
-0.460000 -2.143000 -0.020000 0 0
-0.507000 -2.001000 -0.001000 66 0
-0.273000 -1.670000 -0.040000 5 0
-0.309000 -1.536000 -0.025000 8 0
-0.493000 -2.063000 -0.021000 62 0
-0.531000 -1.905000 -0.004000 62 0
-0.293000 -1.565000 -0.037000 8 0
-0.480000 -2.130000 -0.036000 13 0
-0.516000 -1.954000 -0.022000 54 0
-0.551000 -1.816000 -0.007000 70 0
0.000000 -0.000000 -0.000000 0 0
-0.503000 -2.013000 -0.034000 62 0
-0.539000 -1.866000 -0.022000 63 0
-0.571000 -1.735000 -0.009000 66 0
-0.489000 -2.069000 -0.046000 16 0
-0.525000 -1.908000 -0.033000 60 0
-0.557000 -1.774000 -0.023000 69 0
-0.588000 -1.658000 -0.012000 67 0
-0.512000 -1.960000 -0.043000 60 0
-0.546000 -1.818000 -0.031000 64 0
-0.576000 -1.697000 -0.023000 69 0
-0.605000 -1.588000 -0.014000 84 0
-0.534000 -1.863000 -0.040000 65 0
-0.567000 -1.741000 -0.030000 63 0
-0.595000 -1.625000 -0.024000 76 0
-0.622000 -1.527000 -0.016000 85 0
-0.557000 -1.784000 -0.037000 63 0
-0.586000 -1.668000 -0.029000 67 0
-0.613000 -1.562000 -0.024000 76 0
-0.640000 -1.471000 -0.018000 16 0
1.268000 -5.396000 -0.192000 66 0
2.000000 -10.056000 -0.164000 100 0
1.647000 -10.132000 0.020000 101 0
1.267000 -10.064000 0.214000 22 0
1.147000 -5.435000 -0.189000 59 0
1.768000 -10.109000 -0.164000 97 0
1.412000 -10.200000 0.013000 63 0
0.000000 -0.000000 -0.000000 0 0
1.884000 -10.070000 -0.343000 102 0
1.537000 -10.163000 -0.165000 92 0
1.158000 -10.084000 0.006000 2 0
0.000000 -0.000000 -0.000000 0 192
1.660000 -10.139000 -0.337000 99 0
1.098000 -8.597000 -0.139000 3 0
0.000000 -0.000000 -0.000000 0 0
0.000000 -0.000000 -0.000000 0 128
1.425000 -10.183000 -0.332000 65 0
0.000000 -0.000000 -0.000000 0 0
0.000000 -0.000000 -0.000000 0 128
0.000000 -0.000000 -0.000000 0 128
0.000000 -0.000000 -0.000000 0 0
0.000000 -0.000000 -0.000000 0 128
0.000000 -0.000000 -0.000000 0 128
0.000000 -0.000000 -0.000000 0 128
0.000000 -0.000000 -0.000000 0 192
0.000000 -0.000000 -0.000000 0 128
0.000000 -0.000000 -0.000000 0 192
0.000000 -0.000000 -0.000000 0 192
0.000000 -0.000000 -0.000000 0 128
0.000000 -0.000000 -0.000000 0 128
0.000000 -0.000000 -0.000000 0 128
0.000000 -0.000000 -0.000000 0 128
0.000000 -0.000000 -0.000000 0 192
0.000000 -0.000000 -0.000000 0 128
0.000000 -0.000000 -0.000000 0 192
0.000000 -0.000000 -0.000000 0 128
0.000000 -0.000000 -0.000000 0 128
0.000000 -0.000000 -0.000000 0 192
0.000000 -0.000000 -0.000000 0 128
-0.178000 -2.074000 0.018000 0 4
0.000000 -0.000000 -0.000000 0 192
0.000000 -0.000000 -0.000000 0 128
0.000000 -0.000000 -0.000000 0 0
-0.212000 -1.938000 0.015000 1 0
0.000000 -0.000000 -0.000000 0 128
0.000000 -0.000000 -0.000000 0 128
-0.193000 -2.020000 -0.011000 2 0
-0.240000 -1.809000 0.011000 2 0
0.000000 -0.000000 -0.000000 0 128
-0.170000 -2.075000 -0.033000 6 0
-0.224000 -1.883000 -0.012000 2 0
-0.268000 -1.711000 0.008000 2 0
-0.150000 -2.167000 -0.057000 1 0
-0.203000 -1.928000 -0.031000 6 0
-0.252000 -1.763000 -0.012000 3 0
-0.289000 -1.602000 0.005000 2 0
-0.186000 -2.013000 -0.052000 2 0
-0.233000 -1.809000 -0.029000 10 0
-0.276000 -1.660000 -0.013000 4 0
-0.312000 -1.523000 0.003000 2 0
-0.219000 -1.887000 -0.048000 2 0
-0.261000 -1.710000 -0.028000 22 0
-0.299000 -1.568000 -0.013000 5 0
-0.484000 -2.114000 0.001000 62 0
-0.246000 -1.762000 -0.043000 3 0
-0.283000 -1.602000 -0.026000 27 0
-0.460000 -2.143000 -0.020000 0 0
-0.507000 -2.001000 -0.001000 66 0
-0.273000 -1.670000 -0.040000 5 0
-0.309000 -1.536000 -0.025000 8 0
-0.493000 -2.063000 -0.021000 62 0
-0.531000 -1.905000 -0.004000 62 0
-0.293000 -1.565000 -0.037000 8 0
-0.480000 -2.130000 -0.036000 13 0
-0.516000 -1.954000 -0.022000 54 0
-0.551000 -1.816000 -0.007000 70 0
0.000000 -0.000000 -0.000000 0 0
-0.503000 -2.013000 -0.034000 62 0
-0.539000 -1.866000 -0.022000 63 0
-0.571000 -1.735000 -0.009000 66 0
-0.489000 -2.069000 -0.046000 16 0
-0.525000 -1.908000 -0.033000 60 0
-0.557000 -1.774000 -0.023000 69 0
-0.588000 -1.658000 -0.012000 67 0
-0.512000 -1.960000 -0.043000 60 0
-0.546000 -1.818000 -0.031000 64 0
-0.576000 -1.697000 -0.023000 69 0
-0.605000 -1.588000 -0.014000 84 0
-0.534000 -1.863000 -0.040000 65 0
-0.567000 -1.741000 -0.030000 63 0
-0.595000 -1.625000 -0.024000 76 0
-0.622000 -1.527000 -0.016000 85 0
-0.557000 -1.784000 -0.037000 63 0
-0.586000 -1.668000 -0.029000 67 0
-0.613000 -1.562000 -0.024000 76 0
-0.640000 -1.471000 -0.018000 16 0
-0.575000 -1.702000 -0.034000 65 0
-0.604000 -1.597000 -0.028000 66 0
-0.631000 -1.504000 -0.025000 15 0
-0.648000 -1.402000 -0.020000 15 0
-0.594000 -1.629000 -0.032000 69 0
-0.619000 -1.529000 -0.027000 67 0
-0.641000 -1.435000 -0.025000 15 0
-0.664000 -1.353000 -0.021000 15 0
-0.613000 -1.566000 -0.030000 66 0
-0.636000 -1.470000 -0.027000 14 0
-0.655000 -1.379000 -0.026000 14 0
-0.677000 -1.304000 -0.023000 14 0
-0.629000 -1.503000 -0.028000 14 0
-0.647000 -1.405000 -0.026000 12 0
-0.668000 -1.325000 -0.026000 14 0
-0.691000 -1.259000 -0.025000 14 0
-0.644000 -1.441000 -0.026000 15 0
-0.661000 -1.351000 -0.025000 12 0
-0.682000 -1.280000 -0.027000 13 0
-0.704000 -1.216000 -0.026000 17 0
-0.654000 -1.375000 -0.024000 15 0
-0.676000 -1.303000 -0.025000 13 0
-0.696000 -1.236000 -0.027000 13 0
-0.711000 -1.166000 -0.028000 17 0
-0.668000 -1.324000 -0.022000 14 0
-0.688000 -1.253000 -0.024000 13 0
-0.706000 -1.188000 -0.028000 16 0
-0.720000 -1.122000 -0.029000 17 0
-0.681000 -1.274000 -0.021000 14 0
-0.703000 -1.213000 -0.024000 16 0
-0.717000 -1.145000 -0.028000 16 0
-0.728000 -1.078000 -0.030000 17 0
-0.694000 -1.227000 -0.020000 13 0
-0.711000 -1.163000 -0.023000 16 0
-0.724000 -1.100000 -0.028000 16 0
-0.730000 -1.031000 -0.032000 16 0
-0.708000 -1.185000 -0.018000 17 0
-0.723000 -1.122000 -0.023000 16 0
-0.732000 -1.058000 -0.029000 16 0
-0.740000 -0.995000 -0.033000 16 0
-0.712000 -1.132000 -0.017000 17 0
-0.730000 -1.077000 -0.023000 16 0
-0.737000 -1.014000 -0.029000 15 0
-0.748000 -0.961000 -0.034000 17 0
-0.722000 -1.088000 -0.016000 16 0
-0.736000 -1.034000 -0.022000 15 0
-0.745000 -0.977000 -0.030000 15 0
-0.756000 -0.926000 -0.035000 17 0
-0.730000 -1.046000 -0.014000 16 0
-0.743000 -0.993000 -0.022000 15 0
-0.753000 -0.942000 -0.030000 15 0
-0.765000 -0.895000 -0.037000 17 0
-0.742000 -1.011000 -0.014000 16 0
-0.751000 -0.956000 -0.022000 15 0
-0.764000 -0.911000 -0.031000 15 0
-0.777000 -0.868000 -0.038000 17 0
-0.745000 -0.966000 -0.012000 17 0
-0.762000 -0.925000 -0.021000 15 0
-0.770000 -0.877000 -0.031000 15 0
-0.781000 -0.834000 -0.039000 22 0
-0.757000 -0.934000 -0.011000 17 0
-0.770000 -0.891000 -0.021000 14 0
-0.778000 -0.846000 -0.031000 15 0
-0.796000 -0.812000 -0.041000 23 0
-0.768000 -0.903000 -0.011000 17 0
-0.777000 -0.858000 -0.021000 15 0
-0.789000 -0.819000 -0.032000 15 0
-0.804000 -0.784000 -0.042000 23 0
-0.773000 -0.866000 -0.010000 18 0
-0.789000 -0.831000 -0.021000 15 0
-0.795000 -0.788000 -0.032000 19 0
-0.813000 -0.758000 -0.043000 19 0
-0.787000 -0.841000 -0.009000 18 0
-0.795000 -0.799000 -0.021000 14 0
-0.807000 -0.764000 -0.033000 19 0
-0.819000 -0.729000 -0.044000 18 0
-0.793000 -0.808000 -0.008000 18 0
-0.806000 -0.772000 -0.021000 15 0
-0.811000 -0.733000 -0.033000 18 0
-0.827000 -0.703000 -0.045000 19 0
-0.802000 -0.779000 -0.008000 25 0
-0.813000 -0.744000 -0.021000 15 0
-0.819000 -0.707000 -0.034000 18 0
-0.831000 -0.675000 -0.046000 19 0
-0.810000 -0.750000 -0.007000 24 0
-0.823000 -0.718000 -0.020000 14 0
-0.829000 -0.683000 -0.035000 18 0
-0.836000 -0.649000 -0.047000 18 0
-0.817000 -0.720000 -0.006000 24 0
-0.826000 -0.688000 -0.020000 18 0
-0.834000 -0.655000 -0.035000 14 0
-0.844000 -0.625000 -0.048000 18 0
-0.825000 -0.693000 -0.006000 24 0
-0.833000 -0.660000 -0.020000 17 0
-0.840000 -0.629000 -0.035000 18 0
-0.850000 -0.601000 -0.049000 18 0
-0.575000 -1.702000 -0.034000 65 0
-0.604000 -1.597000 -0.028000 66 0
-0.631000 -1.504000 -0.025000 15 0
-0.648000 -1.402000 -0.020000 15 0
-0.594000 -1.629000 -0.032000 69 0
-0.619000 -1.529000 -0.027000 67 0
-0.641000 -1.435000 -0.025000 15 0
-0.664000 -1.353000 -0.021000 15 0
-0.613000 -1.566000 -0.030000 66 0
-0.636000 -1.470000 -0.027000 14 0
-0.655000 -1.379000 -0.026000 14 0
-0.677000 -1.304000 -0.023000 14 0
-0.629000 -1.503000 -0.028000 14 0
-0.647000 -1.405000 -0.026000 12 0
-0.668000 -1.325000 -0.026000 14 0
-0.691000 -1.259000 -0.025000 14 0
-0.644000 -1.441000 -0.026000 15 0
-0.661000 -1.351000 -0.025000 12 0
-0.682000 -1.280000 -0.027000 13 0
-0.704000 -1.216000 -0.026000 17 0
-0.654000 -1.375000 -0.024000 15 0
-0.676000 -1.303000 -0.025000 13 0
-0.696000 -1.236000 -0.027000 13 0
-0.711000 -1.166000 -0.028000 17 0
-0.668000 -1.324000 -0.022000 14 0
-0.688000 -1.253000 -0.024000 13 0
-0.706000 -1.188000 -0.028000 16 0
-0.720000 -1.122000 -0.029000 17 0
-0.681000 -1.274000 -0.021000 14 0
-0.703000 -1.213000 -0.024000 16 0
-0.717000 -1.145000 -0.028000 16 0
-0.728000 -1.078000 -0.030000 17 0
-0.694000 -1.227000 -0.020000 13 0
-0.711000 -1.163000 -0.023000 16 0
-0.724000 -1.100000 -0.028000 16 0
-0.730000 -1.031000 -0.032000 16 0
-0.708000 -1.185000 -0.018000 17 0
-0.723000 -1.122000 -0.023000 16 0
-0.732000 -1.058000 -0.029000 16 0
-0.740000 -0.995000 -0.033000 16 0
-0.712000 -1.132000 -0.017000 17 0
-0.730000 -1.077000 -0.023000 16 0
-0.737000 -1.014000 -0.029000 15 0
-0.748000 -0.961000 -0.034000 17 0
-0.722000 -1.088000 -0.016000 16 0
-0.736000 -1.034000 -0.022000 15 0
-0.745000 -0.977000 -0.030000 15 0
-0.756000 -0.926000 -0.035000 17 0
-0.730000 -1.046000 -0.014000 16 0
-0.743000 -0.993000 -0.022000 15 0
-0.753000 -0.942000 -0.030000 15 0
-0.765000 -0.895000 -0.037000 17 0
-0.742000 -1.011000 -0.014000 16 0
-0.751000 -0.956000 -0.022000 15 0
-0.764000 -0.911000 -0.031000 15 0
-0.777000 -0.868000 -0.038000 17 0
-0.745000 -0.966000 -0.012000 17 0
-0.762000 -0.925000 -0.021000 15 0
-0.770000 -0.877000 -0.031000 15 0
-0.781000 -0.834000 -0.039000 22 0
-0.757000 -0.934000 -0.011000 17 0
-0.770000 -0.891000 -0.021000 14 0
-0.778000 -0.846000 -0.031000 15 0
-0.796000 -0.812000 -0.041000 23 0
-0.768000 -0.903000 -0.011000 17 0
-0.777000 -0.858000 -0.021000 15 0
-0.789000 -0.819000 -0.032000 15 0
-0.804000 -0.784000 -0.042000 23 0
-0.773000 -0.866000 -0.010000 18 0
-0.789000 -0.831000 -0.021000 15 0
-0.795000 -0.788000 -0.032000 19 0
-0.813000 -0.758000 -0.043000 19 0
-0.787000 -0.841000 -0.009000 18 0
-0.795000 -0.799000 -0.021000 14 0
-0.807000 -0.764000 -0.033000 19 0
-0.819000 -0.729000 -0.044000 18 0
-0.793000 -0.808000 -0.008000 18 0
-0.806000 -0.772000 -0.021000 15 0
-0.811000 -0.733000 -0.033000 18 0
-0.827000 -0.703000 -0.045000 19 0
-0.802000 -0.779000 -0.008000 25 0
-0.813000 -0.744000 -0.021000 15 0
-0.819000 -0.707000 -0.034000 18 0
-0.831000 -0.675000 -0.046000 19 0
-0.810000 -0.750000 -0.007000 24 0
-0.823000 -0.718000 -0.020000 14 0
-0.829000 -0.683000 -0.035000 18 0
-0.836000 -0.649000 -0.047000 18 0
-0.817000 -0.720000 -0.006000 24 0
-0.826000 -0.688000 -0.020000 18 0
-0.834000 -0.655000 -0.035000 14 0
-0.844000 -0.625000 -0.048000 18 0
-0.825000 -0.693000 -0.006000 24 0
-0.833000 -0.660000 -0.020000 17 0
-0.840000 -0.629000 -0.035000 18 0
-0.850000 -0.601000 -0.049000 18 0
-0.834000 -0.667000 -0.005000 24 0
-0.839000 -0.634000 -0.020000 17 0
-0.848000 -0.605000 -0.036000 17 0
-0.857000 -0.577000 -0.051000 17 0
-0.839000 -0.639000 -0.005000 18 0
-0.848000 -0.610000 -0.020000 17 0
-0.841000 -0.572000 -0.036000 16 0
-0.855000 -0.548000 -0.051000 18 0
-0.848000 -0.614000 -0.004000 18 0
-0.855000 -0.585000 -0.020000 17 0
-0.849000 -0.549000 -0.037000 16 0
-0.860000 -0.524000 -0.052000 21 0
-0.840000 -0.578000 -0.003000 16 0
-0.858000 -0.558000 -0.020000 16 0
-0.856000 -0.526000 -0.037000 16 0
-0.866000 -0.502000 -0.053000 21 0
-0.846000 -0.553000 -0.003000 17 0
-0.863000 -0.533000 -0.020000 16 0
-0.861000 -0.502000 -0.038000 16 0
-0.868000 -0.477000 -0.054000 20 0
-0.855000 -0.530000 -0.003000 17 0
-0.869000 -0.509000 -0.020000 16 0
-0.869000 -0.481000 -0.038000 16 0
-0.825000 -0.430000 -0.052000 18 0
-0.864000 -0.507000 -0.002000 17 0
-0.876000 -0.485000 -0.020000 16 0
-0.874000 -0.458000 -0.039000 16 0
-0.736000 -0.362000 -0.047000 6 0
-0.869000 -0.482000 -0.002000 17 0
-0.874000 -0.457000 -0.020000 15 0
-0.650000 -0.321000 -0.029000 8 34
-0.884000 -0.411000 -0.057000 16 0
-0.872000 -0.457000 -0.001000 17 0
-0.645000 -0.319000 -0.015000 8 2
-0.677000 -0.316000 -0.030000 8 0
-0.781000 -0.342000 -0.051000 6 0
-0.648000 -0.320000 -0.001000 12 34
-0.642000 -0.299000 -0.015000 8 0
-0.649000 -0.285000 -0.029000 8 0
-0.645000 -0.266000 -0.043000 10 0
-0.638000 -0.296000 -0.000000 20 32
-0.643000 -0.281000 -0.015000 8 0
-0.625000 -0.257000 -0.028000 8 32
-0.601000 -0.232000 -0.040000 8 16
0.000000 -0.000000 -0.000000 0 0
-0.634000 -0.259000 -0.015000 6 0
-0.601000 -0.231000 -0.028000 6 16
-0.597000 -0.215000 -0.040000 50 16
0.000000 -0.000000 -0.000000 0 128
0.000000 -0.000000 -0.000000 0 0
0.000000 -0.000000 -0.000000 0 0
0.000000 -0.000000 -0.000000 0 0
0.000000 -0.000000 -0.000000 0 128
-0.573000 -0.204000 -0.013000 2 0
-0.609000 -0.203000 -0.029000 7 32
0.000000 -0.000000 -0.000000 0 128
0.000000 -0.000000 -0.000000 0 128
0.000000 -0.000000 -0.000000 0 0
0.000000 -0.000000 -0.000000 0 0
0.000000 -0.000000 -0.000000 0 192
0.000000 -0.000000 -0.000000 0 128
0.000000 -0.000000 -0.000000 0 0
-0.922000 -0.261000 -0.044000 12 0
-0.916000 -0.241000 -0.065000 16 64
-0.666000 -0.198000 -0.000000 18 32
-0.915000 -0.254000 -0.022000 14 0
-0.926000 -0.240000 -0.045000 13 0
-0.921000 -0.220000 -0.067000 16 64
0.000000 -0.000000 -0.000000 0 0
-0.930000 -0.235000 -0.022000 15 0
-0.931000 -0.218000 -0.046000 13 0
-0.926000 -0.200000 -0.068000 16 64
-0.922000 -0.227000 -0.000000 17 0
-0.928000 -0.211000 -0.022000 15 0
-0.935000 -0.197000 -0.046000 15 0
-0.933000 -0.180000 -0.069000 16 64
-0.924000 -0.204000 0.001000 17 0
-0.933000 -0.189000 -0.022000 15 0
-0.940000 -0.176000 -0.047000 15 0
-0.939000 -0.160000 -0.070000 16 64
-0.934000 -0.182000 0.001000 17 0
-0.937000 -0.168000 -0.023000 15 0
-0.946000 -0.155000 -0.048000 15 0
-0.937000 -0.138000 -0.071000 16 64
-0.941000 -0.160000 0.001000 17 0
-0.948000 -0.146000 -0.023000 15 0
-0.949000 -0.133000 -0.048000 15 0
-0.942000 -0.117000 -0.072000 16 64
-0.942000 -0.137000 0.001000 17 0
-0.954000 -0.125000 -0.024000 15 0
-0.954000 -0.111000 -0.049000 15 0
-0.961000 -0.098000 -0.074000 16 64
-0.951000 -0.115000 0.001000 17 0
-0.960000 -0.102000 -0.024000 15 0
-0.960000 -0.090000 -0.050000 15 0
-0.961000 -0.077000 -0.075000 16 64
-0.834000 -0.667000 -0.005000 24 0
-0.839000 -0.634000 -0.020000 17 0
-0.848000 -0.605000 -0.036000 17 0
-0.857000 -0.577000 -0.051000 17 0
-0.839000 -0.639000 -0.005000 18 0
-0.848000 -0.610000 -0.020000 17 0
-0.841000 -0.572000 -0.036000 16 0
-0.855000 -0.548000 -0.051000 18 0
-0.848000 -0.614000 -0.004000 18 0
-0.855000 -0.585000 -0.020000 17 0
-0.849000 -0.549000 -0.037000 16 0
-0.860000 -0.524000 -0.052000 21 0
-0.840000 -0.578000 -0.003000 16 0
-0.858000 -0.558000 -0.020000 16 0
-0.856000 -0.526000 -0.037000 16 0
-0.866000 -0.502000 -0.053000 21 0
-0.846000 -0.553000 -0.003000 17 0
-0.863000 -0.533000 -0.020000 16 0
-0.861000 -0.502000 -0.038000 16 0
-0.868000 -0.477000 -0.054000 20 0
-0.855000 -0.530000 -0.003000 17 0
-0.869000 -0.509000 -0.020000 16 0
-0.869000 -0.481000 -0.038000 16 0
-0.825000 -0.430000 -0.052000 18 0
-0.864000 -0.507000 -0.002000 17 0
-0.876000 -0.485000 -0.020000 16 0
-0.874000 -0.458000 -0.039000 16 0
-0.736000 -0.362000 -0.047000 6 0
-0.869000 -0.482000 -0.002000 17 0
-0.874000 -0.457000 -0.020000 15 0
-0.650000 -0.321000 -0.029000 8 34
-0.884000 -0.411000 -0.057000 16 0
-0.872000 -0.457000 -0.001000 17 0
-0.645000 -0.319000 -0.015000 8 2
-0.677000 -0.316000 -0.030000 8 0
-0.781000 -0.342000 -0.051000 6 0
-0.648000 -0.320000 -0.001000 12 34
-0.642000 -0.299000 -0.015000 8 0
-0.649000 -0.285000 -0.029000 8 0
-0.645000 -0.266000 -0.043000 10 0
-0.638000 -0.296000 -0.000000 20 32
-0.643000 -0.281000 -0.015000 8 0
-0.625000 -0.257000 -0.028000 8 32
-0.601000 -0.232000 -0.040000 8 16
0.000000 -0.000000 -0.000000 0 0
-0.634000 -0.259000 -0.015000 6 0
-0.601000 -0.231000 -0.028000 6 16
-0.597000 -0.215000 -0.040000 50 16
0.000000 -0.000000 -0.000000 0 128
0.000000 -0.000000 -0.000000 0 0
0.000000 -0.000000 -0.000000 0 0
0.000000 -0.000000 -0.000000 0 0
0.000000 -0.000000 -0.000000 0 128
-0.573000 -0.204000 -0.013000 2 0
-0.609000 -0.203000 -0.029000 7 32
0.000000 -0.000000 -0.000000 0 128
0.000000 -0.000000 -0.000000 0 128
0.000000 -0.000000 -0.000000 0 0
0.000000 -0.000000 -0.000000 0 0
0.000000 -0.000000 -0.000000 0 192
0.000000 -0.000000 -0.000000 0 128
0.000000 -0.000000 -0.000000 0 0
-0.922000 -0.261000 -0.044000 12 0
-0.916000 -0.241000 -0.065000 16 64
-0.666000 -0.198000 -0.000000 18 32
-0.915000 -0.254000 -0.022000 14 0
-0.926000 -0.240000 -0.045000 13 0
-0.921000 -0.220000 -0.067000 16 64
0.000000 -0.000000 -0.000000 0 0
-0.930000 -0.235000 -0.022000 15 0
-0.931000 -0.218000 -0.046000 13 0
-0.926000 -0.200000 -0.068000 16 64
-0.922000 -0.227000 -0.000000 17 0
-0.928000 -0.211000 -0.022000 15 0
-0.935000 -0.197000 -0.046000 15 0
-0.933000 -0.180000 -0.069000 16 64
-0.924000 -0.204000 0.001000 17 0
-0.933000 -0.189000 -0.022000 15 0
-0.940000 -0.176000 -0.047000 15 0
-0.939000 -0.160000 -0.070000 16 64
-0.934000 -0.182000 0.001000 17 0
-0.937000 -0.168000 -0.023000 15 0
-0.946000 -0.155000 -0.048000 15 0
-0.937000 -0.138000 -0.071000 16 64
-0.941000 -0.160000 0.001000 17 0
-0.948000 -0.146000 -0.023000 15 0
-0.949000 -0.133000 -0.048000 15 0
-0.942000 -0.117000 -0.072000 16 64
-0.942000 -0.137000 0.001000 17 0
-0.954000 -0.125000 -0.024000 15 0
-0.954000 -0.111000 -0.049000 15 0
-0.961000 -0.098000 -0.074000 16 64
-0.951000 -0.115000 0.001000 17 0
-0.960000 -0.102000 -0.024000 15 0
-0.960000 -0.090000 -0.050000 15 0
-0.961000 -0.077000 -0.075000 16 64
-0.950000 -0.091000 0.001000 17 0
-0.966000 -0.080000 -0.024000 15 0
-0.964000 -0.068000 -0.051000 15 0
-0.969000 -0.056000 -0.077000 16 64
-0.964000 -0.069000 0.001000 17 0
-0.967000 -0.057000 -0.025000 12 0
-0.974000 -0.047000 -0.052000 13 64
-0.970000 -0.034000 -0.078000 16 64
-0.968000 -0.046000 0.001000 17 0
-0.978000 -0.035000 -0.025000 12 0
-0.978000 -0.024000 -0.053000 13 64
-0.982000 -0.013000 -0.080000 16 64
-0.969000 -0.022000 0.001000 18 0
-0.978000 -0.012000 -0.026000 12 0
-0.978000 -0.002000 -0.053000 13 64
-0.989000 0.008000 -0.081000 16 64
-0.984000 -0.000000 0.001000 17 0
-0.996000 0.010000 -0.026000 13 0
-0.989000 0.019000 -0.055000 13 0
-0.990000 0.030000 -0.082000 16 64
-0.984000 0.024000 0.001000 17 0
-1.002000 0.034000 -0.027000 13 0
-0.992000 0.042000 -0.055000 13 0
-0.991000 0.052000 -0.084000 16 64
-0.995000 0.048000 0.001000 17 0
-1.000000 0.057000 -0.027000 13 0
-0.999000 0.065000 -0.057000 13 0
-1.002000 0.075000 -0.086000 18 64
-0.994000 0.073000 0.001000 17 0
-1.004000 0.081000 -0.028000 13 64
-1.000000 0.088000 -0.057000 13 0
-1.009000 0.098000 -0.087000 18 64
-1.012000 0.099000 0.001000 19 64
-1.011000 0.106000 -0.028000 14 0
-1.004000 0.112000 -0.058000 13 0
-1.018000 0.121000 -0.089000 19 64
-1.017000 0.124000 0.001000 19 64
-1.027000 0.132000 -0.029000 14 0
-1.020000 0.137000 -0.060000 14 0
-1.026000 0.145000 -0.091000 18 64
-1.022000 0.150000 0.001000 19 64
-1.028000 0.157000 -0.030000 14 64
-1.023000 0.161000 -0.061000 14 0
-1.031000 0.169000 -0.093000 19 64
-1.027000 0.176000 0.001000 20 64
-1.009000 0.178000 -0.030000 11 0
-1.000000 0.181000 -0.061000 4 0
-0.980000 0.183000 -0.089000 3 64
-0.980000 0.193000 -0.000000 3 64
-1.014000 0.204000 -0.031000 2 0
0.000000 -0.000000 -0.000000 0 0
-1.009000 0.212000 -0.093000 1 64
-1.012000 0.224000 -0.000000 1 64
-1.019000 0.230000 -0.031000 1 0
-1.017000 0.233000 -0.063000 1 0
-1.028000 0.240000 -0.096000 1 64
-1.104000 0.273000 -0.000000 2 64
-1.114000 0.279000 -0.035000 2 2
-1.110000 0.281000 -0.070000 1 0
-1.105000 0.283000 -0.104000 1 64
-1.107000 0.303000 -0.000000 1 0
-1.119000 0.308000 -0.036000 1 0
-1.116000 0.309000 -0.072000 1 0
-1.106000 0.310000 -0.106000 1 64
-1.107000 0.331000 -0.000000 1 64
-1.122000 0.338000 -0.037000 1 0
-1.124000 0.339000 -0.073000 1 0
-1.116000 0.339000 -0.109000 1 64
-1.113000 0.363000 -0.000000 1 0
-1.131000 0.370000 -0.038000 1 0
-1.125000 0.368000 -0.075000 1 0
-1.122000 0.368000 -0.111000 1 64
-1.129000 0.399000 -0.000000 1 0
-1.137000 0.401000 -0.039000 2 0
-1.140000 0.402000 -0.077000 1 0
-1.125000 0.397000 -0.112000 1 64
-1.136000 0.432000 -0.001000 1 0
-1.140000 0.433000 -0.040000 2 0
-1.144000 0.432000 -0.078000 2 0
-1.136000 0.430000 -0.115000 1 64
-1.143000 0.467000 -0.001000 1 0
-1.152000 0.469000 -0.041000 1 0
-1.146000 0.463000 -0.080000 1 0
-1.133000 0.457000 -0.117000 0 64
-1.141000 0.499000 -0.001000 0 0
-1.159000 0.504000 -0.042000 1 0
-1.155000 0.498000 -0.082000 1 64
-1.134000 0.487000 -0.119000 0 64
-1.142000 0.533000 -0.002000 0 0
-1.161000 0.537000 -0.044000 1 0
-1.161000 0.532000 -0.084000 1 0
-1.134000 0.517000 -0.120000 0 64
-1.141000 0.566000 -0.003000 0 0
-1.170000 0.575000 -0.045000 1 0
-1.164000 0.566000 -0.086000 1 0
0.000000 -0.000000 -0.000000 0 0
-0.950000 -0.091000 0.001000 17 0
-0.966000 -0.080000 -0.024000 15 0
-0.964000 -0.068000 -0.051000 15 0
-0.969000 -0.056000 -0.077000 16 64
-0.964000 -0.069000 0.001000 17 0
-0.967000 -0.057000 -0.025000 12 0
-0.974000 -0.047000 -0.052000 13 64
-0.970000 -0.034000 -0.078000 16 64
-0.968000 -0.046000 0.001000 17 0
-0.978000 -0.035000 -0.025000 12 0
-0.978000 -0.024000 -0.053000 13 64
-0.982000 -0.013000 -0.080000 16 64
-0.969000 -0.022000 0.001000 18 0
-0.978000 -0.012000 -0.026000 12 0
-0.978000 -0.002000 -0.053000 13 64
-0.989000 0.008000 -0.081000 16 64
-0.984000 -0.000000 0.001000 17 0
-0.996000 0.010000 -0.026000 13 0
-0.989000 0.019000 -0.055000 13 0
-0.990000 0.030000 -0.082000 16 64
-0.984000 0.024000 0.001000 17 0
-1.002000 0.034000 -0.027000 13 0
-0.992000 0.042000 -0.055000 13 0
-0.991000 0.052000 -0.084000 16 64
-0.995000 0.048000 0.001000 17 0
-1.000000 0.057000 -0.027000 13 0
-0.999000 0.065000 -0.057000 13 0
-1.002000 0.075000 -0.086000 18 64
-0.994000 0.073000 0.001000 17 0
-1.004000 0.081000 -0.028000 13 64
-1.000000 0.088000 -0.057000 13 0
-1.009000 0.098000 -0.087000 18 64
-1.012000 0.099000 0.001000 19 64
-1.011000 0.106000 -0.028000 14 0
-1.004000 0.112000 -0.058000 13 0
-1.018000 0.121000 -0.089000 19 64
-1.017000 0.124000 0.001000 19 64
-1.027000 0.132000 -0.029000 14 0
-1.020000 0.137000 -0.060000 14 0
-1.026000 0.145000 -0.091000 18 64
-1.022000 0.150000 0.001000 19 64
-1.028000 0.157000 -0.030000 14 64
-1.023000 0.161000 -0.061000 14 0
-1.031000 0.169000 -0.093000 19 64
-1.027000 0.176000 0.001000 20 64
-1.009000 0.178000 -0.030000 11 0
-1.000000 0.181000 -0.061000 4 0
-0.980000 0.183000 -0.089000 3 64
-0.980000 0.193000 -0.000000 3 64
-1.014000 0.204000 -0.031000 2 0
0.000000 -0.000000 -0.000000 0 0
-1.009000 0.212000 -0.093000 1 64
-1.012000 0.224000 -0.000000 1 64
-1.019000 0.230000 -0.031000 1 0
-1.017000 0.233000 -0.063000 1 0
-1.028000 0.240000 -0.096000 1 64
-1.104000 0.273000 -0.000000 2 64
-1.114000 0.279000 -0.035000 2 2
-1.110000 0.281000 -0.070000 1 0
-1.105000 0.283000 -0.104000 1 64
-1.107000 0.303000 -0.000000 1 0
-1.119000 0.308000 -0.036000 1 0
-1.116000 0.309000 -0.072000 1 0
-1.106000 0.310000 -0.106000 1 64
-1.107000 0.331000 -0.000000 1 64
-1.122000 0.338000 -0.037000 1 0
-1.124000 0.339000 -0.073000 1 0
-1.116000 0.339000 -0.109000 1 64
-1.113000 0.363000 -0.000000 1 0
-1.131000 0.370000 -0.038000 1 0
-1.125000 0.368000 -0.075000 1 0
-1.122000 0.368000 -0.111000 1 64
-1.129000 0.399000 -0.000000 1 0
-1.137000 0.401000 -0.039000 2 0
-1.140000 0.402000 -0.077000 1 0
-1.125000 0.397000 -0.112000 1 64
-1.136000 0.432000 -0.001000 1 0
-1.140000 0.433000 -0.040000 2 0
-1.144000 0.432000 -0.078000 2 0
-1.136000 0.430000 -0.115000 1 64
-1.143000 0.467000 -0.001000 1 0
-1.152000 0.469000 -0.041000 1 0
-1.146000 0.463000 -0.080000 1 0
-1.133000 0.457000 -0.117000 0 64
-1.141000 0.499000 -0.001000 0 0
-1.159000 0.504000 -0.042000 1 0
-1.155000 0.498000 -0.082000 1 64
-1.134000 0.487000 -0.119000 0 64
-1.142000 0.533000 -0.002000 0 0
-1.161000 0.537000 -0.044000 1 0
-1.161000 0.532000 -0.084000 1 0
-1.134000 0.517000 -0.120000 0 64
-1.141000 0.566000 -0.003000 0 0
-1.170000 0.575000 -0.045000 1 0
-1.164000 0.566000 -0.086000 1 0
0.000000 -0.000000 -0.000000 0 0
0.000000 -0.000000 -0.000000 0 0
-1.172000 0.610000 -0.046000 1 0
-1.179000 0.606000 -0.088000 1 64
-1.162000 0.593000 -0.127000 0 64
-1.185000 0.661000 -0.004000 0 0
-1.168000 0.643000 -0.047000 0 0
-1.187000 0.645000 -0.091000 0 0
0.000000 -0.000000 -0.000000 0 0
0.000000 -0.000000 -0.000000 0 0
0.000000 -0.000000 -0.000000 0 0
-1.193000 0.684000 -0.093000 1 0
-1.187000 0.673000 -0.134000 0 64
-1.202000 0.749000 -0.006000 0 8
-1.201000 0.737000 -0.051000 0 0
-1.195000 0.722000 -0.095000 0 64
0.000000 -0.000000 -0.000000 0 0
0.000000 -0.000000 -0.000000 0 0
0.000000 -0.000000 -0.000000 0 0
0.000000 -0.000000 -0.000000 0 0
-1.201000 0.754000 -0.141000 0 64
-1.234000 0.854000 -0.008000 0 0
-1.229000 0.836000 -0.056000 0 0
-1.228000 0.821000 -0.102000 0 64
0.000000 -0.000000 -0.000000 0 0
-1.243000 0.905000 -0.009000 10 0
0.000000 -0.000000 -0.000000 0 0
-1.237000 0.868000 -0.105000 11 0
-1.220000 0.843000 -0.148000 0 64
-1.254000 0.960000 -0.010000 0 8
-1.249000 0.938000 -0.060000 9 0
-1.245000 0.917000 -0.108000 0 64
-1.245000 0.901000 -0.154000 10 0
-1.211000 0.974000 -0.011000 13 0
-1.231000 0.970000 -0.061000 0 0
-1.255000 0.969000 -0.111000 12 0
-1.235000 0.937000 -0.156000 0 64
0.000000 -0.000000 -0.000000 0 0
-1.191000 0.985000 -0.061000 16 0
-1.212000 0.981000 -0.110000 1 64
-1.231000 0.977000 -0.158000 10 0
-1.235000 1.096000 -0.014000 15 0
-1.197000 1.038000 -0.064000 0 0
-1.186000 1.005000 -0.110000 8 0
-1.201000 0.998000 -0.157000 1 64
-1.253000 1.167000 -0.015000 13 0
-1.232000 1.120000 -0.068000 67 0
-1.228000 1.090000 -0.117000 12 65
-1.200000 1.043000 -0.161000 8 0
-1.262000 1.233000 -0.017000 60 0
-1.265000 1.205000 -0.072000 13 0
-1.245000 1.156000 -0.121000 11 0
-1.240000 1.127000 -0.169000 13 0
-1.282000 1.315000 -0.019000 62 0
-1.266000 1.264000 -0.075000 56 0
-1.257000 1.222000 -0.126000 61 0
-1.248000 1.185000 -0.174000 63 0
-1.303000 1.402000 -0.021000 65 0
-1.290000 1.350000 -0.079000 59 0
-1.275000 1.297000 -0.131000 63 0
-1.264000 1.256000 -0.181000 54 0
-1.327000 1.497000 -0.024000 59 0
-1.311000 1.437000 -0.083000 56 0
-1.297000 1.382000 -0.137000 56 0
-1.287000 1.336000 -0.188000 57 0
-1.351000 1.600000 -0.027000 53 0
-1.332000 1.531000 -0.088000 58 0
-1.314000 1.465000 -0.143000 55 0
-1.302000 1.414000 -0.195000 55 0
-5.134000 6.386000 -0.112000 67 0
-1.346000 1.622000 -0.093000 33 0
-1.338000 1.561000 -0.150000 50 0
-1.320000 1.498000 -0.203000 49 0
-4.920000 6.430000 -0.117000 8 0
-2.209000 2.791000 -0.159000 0 0
-1.964000 2.401000 -0.228000 0 0
-1.349000 1.602000 -0.213000 58 0
0.000000 -0.000000 -0.000000 0 0
0.000000 -0.000000 -0.000000 0 0
-1.898000 2.432000 -0.227000 0 0
-1.960000 2.435000 -0.318000 0 0
0.000000 -0.000000 -0.000000 0 0
0.000000 -0.000000 -0.000000 0 0
-1.828000 2.454000 -0.226000 0 0
-1.898000 2.469000 -0.317000 0 0
-3.571000 5.433000 -0.111000 3 0
0.000000 -0.000000 -0.000000 0 0
-1.750000 2.466000 -0.224000 0 0
-1.803000 2.456000 -0.309000 1 0
0.000000 -0.000000 -0.000000 0 0
0.000000 -0.000000 -0.000000 0 0
-1.677000 2.481000 -0.223000 0 0
-1.735000 2.479000 -0.307000 0 0
0.000000 -0.000000 -0.000000 0 0
-1.549000 2.510000 -0.140000 4 0
-1.602000 2.490000 -0.221000 0 0
-1.667000 2.497000 -0.304000 0 0
0.000000 -0.000000 -0.000000 0 0
-1.172000 0.610000 -0.046000 1 0
-1.179000 0.606000 -0.088000 1 64
-1.162000 0.593000 -0.127000 0 64
-1.185000 0.661000 -0.004000 0 0
-1.168000 0.643000 -0.047000 0 0
-1.187000 0.645000 -0.091000 0 0
0.000000 -0.000000 -0.000000 0 0
0.000000 -0.000000 -0.000000 0 0
0.000000 -0.000000 -0.000000 0 0
-1.193000 0.684000 -0.093000 1 0
-1.187000 0.673000 -0.134000 0 64
-1.202000 0.749000 -0.006000 0 8
-1.201000 0.737000 -0.051000 0 0
-1.195000 0.722000 -0.095000 0 64
0.000000 -0.000000 -0.000000 0 0
0.000000 -0.000000 -0.000000 0 0
0.000000 -0.000000 -0.000000 0 0
0.000000 -0.000000 -0.000000 0 0
-1.201000 0.754000 -0.141000 0 64
-1.234000 0.854000 -0.008000 0 0
-1.229000 0.836000 -0.056000 0 0
-1.228000 0.821000 -0.102000 0 64
0.000000 -0.000000 -0.000000 0 0
-1.243000 0.905000 -0.009000 10 0
0.000000 -0.000000 -0.000000 0 0
-1.237000 0.868000 -0.105000 11 0
-1.220000 0.843000 -0.148000 0 64
-1.254000 0.960000 -0.010000 0 8
-1.249000 0.938000 -0.060000 9 0
-1.245000 0.917000 -0.108000 0 64
-1.245000 0.901000 -0.154000 10 0
-1.211000 0.974000 -0.011000 13 0
-1.231000 0.970000 -0.061000 0 0
-1.255000 0.969000 -0.111000 12 0
-1.235000 0.937000 -0.156000 0 64
0.000000 -0.000000 -0.000000 0 0
-1.191000 0.985000 -0.061000 16 0
-1.212000 0.981000 -0.110000 1 64
-1.231000 0.977000 -0.158000 10 0
-1.235000 1.096000 -0.014000 15 0
-1.197000 1.038000 -0.064000 0 0
-1.186000 1.005000 -0.110000 8 0
-1.201000 0.998000 -0.157000 1 64
-1.253000 1.167000 -0.015000 13 0
-1.232000 1.120000 -0.068000 67 0
-1.228000 1.090000 -0.117000 12 65
-1.200000 1.043000 -0.161000 8 0
-1.262000 1.233000 -0.017000 60 0
-1.265000 1.205000 -0.072000 13 0
-1.245000 1.156000 -0.121000 11 0
-1.240000 1.127000 -0.169000 13 0
-1.282000 1.315000 -0.019000 62 0
-1.266000 1.264000 -0.075000 56 0
-1.257000 1.222000 -0.126000 61 0
-1.248000 1.185000 -0.174000 63 0
-1.303000 1.402000 -0.021000 65 0
-1.290000 1.350000 -0.079000 59 0
-1.275000 1.297000 -0.131000 63 0
-1.264000 1.256000 -0.181000 54 0
-1.327000 1.497000 -0.024000 59 0
-1.311000 1.437000 -0.083000 56 0
-1.297000 1.382000 -0.137000 56 0
-1.287000 1.336000 -0.188000 57 0
-1.351000 1.600000 -0.027000 53 0
-1.332000 1.531000 -0.088000 58 0
-1.314000 1.465000 -0.143000 55 0
-1.302000 1.414000 -0.195000 55 0
-5.134000 6.386000 -0.112000 67 0
-1.346000 1.622000 -0.093000 33 0
-1.338000 1.561000 -0.150000 50 0
-1.320000 1.498000 -0.203000 49 0
-4.920000 6.430000 -0.117000 8 0
-2.209000 2.791000 -0.159000 0 0
-1.964000 2.401000 -0.228000 0 0
-1.349000 1.602000 -0.213000 58 0
0.000000 -0.000000 -0.000000 0 0
0.000000 -0.000000 -0.000000 0 0
-1.898000 2.432000 -0.227000 0 0
-1.960000 2.435000 -0.318000 0 0
0.000000 -0.000000 -0.000000 0 0
0.000000 -0.000000 -0.000000 0 0
-1.828000 2.454000 -0.226000 0 0
-1.898000 2.469000 -0.317000 0 0
-3.571000 5.433000 -0.111000 3 0
0.000000 -0.000000 -0.000000 0 0
-1.750000 2.466000 -0.224000 0 0
-1.803000 2.456000 -0.309000 1 0
0.000000 -0.000000 -0.000000 0 0
0.000000 -0.000000 -0.000000 0 0
-1.677000 2.481000 -0.223000 0 0
-1.735000 2.479000 -0.307000 0 0
0.000000 -0.000000 -0.000000 0 0
-1.549000 2.510000 -0.140000 4 0
-1.602000 2.490000 -0.221000 0 0
-1.667000 2.497000 -0.304000 0 0
-2.775000 4.961000 -0.113000 16 0
-1.479000 2.526000 -0.141000 8 0
-1.539000 2.517000 -0.221000 0 0
-1.588000 2.498000 -0.299000 0 0
-2.690000 5.088000 -0.119000 14 0
-1.407000 2.538000 -0.142000 15 0
-1.473000 2.537000 -0.220000 0 0
-1.528000 2.527000 -0.298000 0 0
-2.597000 5.207000 -0.126000 13 0
-1.338000 2.550000 -0.142000 22 0
-1.398000 2.540000 -0.218000 0 0
-1.459000 2.539000 -0.295000 0 0
-2.510000 5.349000 -0.134000 12 0
-1.273000 2.570000 -0.143000 30 0
-1.333000 2.558000 -0.218000 0 0
-1.401000 2.569000 -0.295000 0 0
-2.397000 5.438000 -0.141000 21 0
-1.201000 2.575000 -0.144000 31 0
-1.273000 2.585000 -0.218000 3 0
-1.334000 2.582000 -0.292000 0 0
-2.255000 5.466000 -0.146000 22 0
-1.136000 2.590000 -0.145000 36 0
-1.203000 2.592000 -0.217000 16 0
-1.265000 2.589000 -0.289000 0 0
-2.118000 5.498000 -0.152000 22 0
-1.070000 2.603000 -0.146000 57 0
-1.137000 2.603000 -0.216000 9 0
-1.204000 2.612000 -0.287000 1 0
-1.981000 5.528000 -0.158000 16 0
-1.005000 2.616000 -0.147000 59 0
-1.075000 2.623000 -0.216000 3 0
-1.136000 2.617000 -0.284000 1 0
-1.837000 5.536000 -0.163000 7 0
-1.948000 5.444000 -0.307000 21 0
-1.005000 2.622000 -0.214000 21 0
-1.075000 2.636000 -0.283000 2 0
-1.713000 5.599000 -0.170000 16 0
-1.791000 5.399000 -0.306000 139 0
-1.908000 5.338000 -0.434000 95 0
-1.001000 2.623000 -0.278000 25 0
-1.829000 6.524000 -0.204000 105 0
-1.711000 5.587000 -0.318000 37 0
-1.765000 5.317000 -0.429000 53 0
-1.938000 5.442000 -0.570000 73 0
-1.676000 6.573000 -0.212000 28 0
-1.487000 5.289000 -0.302000 2 0
-1.678000 5.473000 -0.440000 33 0
-1.677000 5.070000 -0.525000 143 0
-1.528000 6.641000 -0.220000 21 0
-1.352000 5.277000 -0.303000 25 0
-1.483000 5.260000 -0.420000 2 0
-1.543000 5.040000 -0.516000 97 0
-1.372000 6.680000 -0.229000 101 0
-1.028000 4.438000 -0.256000 0 0
-1.356000 5.272000 -0.419000 19 0
-1.465000 5.201000 -0.527000 80 0
-1.318000 7.278000 -0.257000 129 0
-1.386000 6.678000 -0.388000 104 0
-1.067000 4.579000 -0.362000 0 4
-1.335000 5.187000 -0.520000 5 0
-1.148000 7.314000 -0.266000 130 0
-1.334000 7.277000 -0.426000 129 0
-1.396000 6.676000 -0.526000 94 0
0.000000 -0.000000 -0.000000 0 0
-0.746000 5.612000 -0.210000 22 0
-1.167000 7.311000 -0.430000 130 0
-1.347000 7.274000 -0.572000 114 0
0.000000 -0.000000 -0.000000 0 0
-0.604000 5.528000 -0.213000 67 0
-0.785000 5.783000 -0.343000 43 0
-1.182000 7.312000 -0.573000 121 0
-1.346000 7.233000 -0.704000 37 0
0.000000 -0.000000 -0.000000 0 0
-0.622000 5.539000 -0.331000 82 0
-0.798000 5.771000 -0.451000 29 0
-1.191000 7.314000 -0.705000 131 0
0.000000 -0.000000 -0.000000 0 0
-0.497000 5.583000 -0.337000 13 0
-0.618000 5.376000 -0.419000 19 0
-0.807000 5.775000 -0.552000 116 0
0.000000 -0.000000 -0.000000 0 192
0.000000 -0.000000 -0.000000 0 0
-0.491000 5.356000 -0.417000 10 0
-0.622000 5.340000 -0.506000 150 0
0.000000 -0.000000 -0.000000 0 192
0.000000 -0.000000 -0.000000 0 192
0.000000 -0.000000 -0.000000 0 0
-0.549000 5.863000 -0.551000 64 0
0.000000 -0.000000 -0.000000 0 192
0.000000 -0.000000 -0.000000 0 192
0.000000 -0.000000 -0.000000 0 192
0.000000 -0.000000 -0.000000 0 0
0.000000 -0.000000 -0.000000 0 192
0.000000 -0.000000 -0.000000 0 192
0.000000 -0.000000 -0.000000 0 192
0.000000 -0.000000 -0.000000 0 192
-2.775000 4.961000 -0.113000 16 0
-1.479000 2.526000 -0.141000 8 0
-1.539000 2.517000 -0.221000 0 0
-1.588000 2.498000 -0.299000 0 0
-2.690000 5.088000 -0.119000 14 0
-1.407000 2.538000 -0.142000 15 0
-1.473000 2.537000 -0.220000 0 0
-1.528000 2.527000 -0.298000 0 0
-2.597000 5.207000 -0.126000 13 0
-1.338000 2.550000 -0.142000 22 0
-1.398000 2.540000 -0.218000 0 0
-1.459000 2.539000 -0.295000 0 0
-2.510000 5.349000 -0.134000 12 0
-1.273000 2.570000 -0.143000 30 0
-1.333000 2.558000 -0.218000 0 0
-1.401000 2.569000 -0.295000 0 0
-2.397000 5.438000 -0.141000 21 0
-1.201000 2.575000 -0.144000 31 0
-1.273000 2.585000 -0.218000 3 0
-1.334000 2.582000 -0.292000 0 0
-2.255000 5.466000 -0.146000 22 0
-1.136000 2.590000 -0.145000 36 0
-1.203000 2.592000 -0.217000 16 0
-1.265000 2.589000 -0.289000 0 0
-2.118000 5.498000 -0.152000 22 0
-1.070000 2.603000 -0.146000 57 0
-1.137000 2.603000 -0.216000 9 0
-1.204000 2.612000 -0.287000 1 0
-1.981000 5.528000 -0.158000 16 0
-1.005000 2.616000 -0.147000 59 0
-1.075000 2.623000 -0.216000 3 0
-1.136000 2.617000 -0.284000 1 0
-1.837000 5.536000 -0.163000 7 0
-1.948000 5.444000 -0.307000 21 0
-1.005000 2.622000 -0.214000 21 0
-1.075000 2.636000 -0.283000 2 0
-1.713000 5.599000 -0.170000 16 0
-1.791000 5.399000 -0.306000 139 0
-1.908000 5.338000 -0.434000 95 0
-1.001000 2.623000 -0.278000 25 0
-1.829000 6.524000 -0.204000 105 0
-1.711000 5.587000 -0.318000 37 0
-1.765000 5.317000 -0.429000 53 0
-1.938000 5.442000 -0.570000 73 0
-1.676000 6.573000 -0.212000 28 0
-1.487000 5.289000 -0.302000 2 0
-1.678000 5.473000 -0.440000 33 0
-1.677000 5.070000 -0.525000 143 0
-1.528000 6.641000 -0.220000 21 0
-1.352000 5.277000 -0.303000 25 0
-1.483000 5.260000 -0.420000 2 0
-1.543000 5.040000 -0.516000 97 0
-1.372000 6.680000 -0.229000 101 0
-1.028000 4.438000 -0.256000 0 0
-1.356000 5.272000 -0.419000 19 0
-1.465000 5.201000 -0.527000 80 0
-1.318000 7.278000 -0.257000 129 0
-1.386000 6.678000 -0.388000 104 0
-1.067000 4.579000 -0.362000 0 4
-1.335000 5.187000 -0.520000 5 0
-1.148000 7.314000 -0.266000 130 0
-1.334000 7.277000 -0.426000 129 0
-1.396000 6.676000 -0.526000 94 0
0.000000 -0.000000 -0.000000 0 0
-0.746000 5.612000 -0.210000 22 0
-1.167000 7.311000 -0.430000 130 0
-1.347000 7.274000 -0.572000 114 0
0.000000 -0.000000 -0.000000 0 0
-0.604000 5.528000 -0.213000 67 0
-0.785000 5.783000 -0.343000 43 0
-1.182000 7.312000 -0.573000 121 0
-1.346000 7.233000 -0.704000 37 0
0.000000 -0.000000 -0.000000 0 0
-0.622000 5.539000 -0.331000 82 0
-0.798000 5.771000 -0.451000 29 0
-1.191000 7.314000 -0.705000 131 0
0.000000 -0.000000 -0.000000 0 0
-0.497000 5.583000 -0.337000 13 0
-0.618000 5.376000 -0.419000 19 0
-0.807000 5.775000 -0.552000 116 0
0.000000 -0.000000 -0.000000 0 192
0.000000 -0.000000 -0.000000 0 0
-0.491000 5.356000 -0.417000 10 0
-0.622000 5.340000 -0.506000 150 0
0.000000 -0.000000 -0.000000 0 192
0.000000 -0.000000 -0.000000 0 192
0.000000 -0.000000 -0.000000 0 0
-0.549000 5.863000 -0.551000 64 0
0.000000 -0.000000 -0.000000 0 192
0.000000 -0.000000 -0.000000 0 192
0.000000 -0.000000 -0.000000 0 192
0.000000 -0.000000 -0.000000 0 0
0.000000 -0.000000 -0.000000 0 192
0.000000 -0.000000 -0.000000 0 192
0.000000 -0.000000 -0.000000 0 192
0.000000 -0.000000 -0.000000 0 192
0.000000 -0.000000 -0.000000 0 192
0.000000 -0.000000 -0.000000 0 192
0.000000 -0.000000 -0.000000 0 192
0.000000 -0.000000 -0.000000 0 128
0.138000 1.780000 -0.086000 2 0
0.000000 -0.000000 -0.000000 0 192
0.000000 -0.000000 -0.000000 0 128
0.000000 -0.000000 -0.000000 0 192
0.173000 1.721000 -0.085000 21 0
0.134000 1.847000 -0.119000 1 0
0.000000 -0.000000 -0.000000 0 192
0.000000 -0.000000 -0.000000 0 128
0.199000 1.603000 -0.082000 25 0
0.167000 1.746000 -0.114000 14 0
0.000000 -0.000000 -0.000000 0 192
0.000000 -0.000000 -0.000000 0 192
0.228000 1.545000 -0.081000 15 0
0.194000 1.623000 -0.107000 20 0
0.162000 1.762000 -0.137000 0 64
0.000000 -0.000000 -0.000000 0 128
0.266000 1.553000 -0.084000 16 0
0.224000 1.567000 -0.105000 11 0
0.190000 1.646000 -0.128000 22 0
0.158000 1.770000 -0.157000 0 64
0.308000 1.575000 -0.088000 14 0
0.261000 1.569000 -0.106000 11 0
0.217000 1.564000 -0.122000 10 0
0.186000 1.654000 -0.146000 17 0
0.347000 1.583000 -0.090000 15 0
0.299000 1.575000 -0.108000 11 0
0.251000 1.547000 -0.121000 13 0
0.211000 1.555000 -0.137000 40 0
0.388000 1.589000 -0.094000 15 0
0.339000 1.587000 -0.111000 11 0
0.293000 1.578000 -0.124000 12 0
0.249000 1.567000 -0.137000 15 0
0.431000 1.606000 -0.097000 13 0
0.377000 1.583000 -0.112000 60 0
0.332000 1.581000 -0.125000 13 0
0.288000 1.574000 -0.137000 14 0
0.471000 1.607000 -0.100000 58 0
0.421000 1.602000 -0.115000 12 0
0.371000 1.587000 -0.126000 12 0
0.327000 1.579000 -0.137000 14 0
0.513000 1.612000 -0.104000 60 0
0.462000 1.608000 -0.117000 59 0
0.413000 1.598000 -0.128000 13 0
0.367000 1.588000 -0.138000 14 0
0.558000 1.625000 -0.107000 60 0
0.504000 1.614000 -0.120000 62 0
0.455000 1.608000 -0.129000 13 0
0.408000 1.596000 -0.138000 62 0
0.605000 1.638000 -0.111000 56 0
0.548000 1.621000 -0.122000 56 0
0.496000 1.611000 -0.130000 59 0
0.452000 1.612000 -0.139000 15 0
0.651000 1.645000 -0.115000 49 0
0.593000 1.630000 -0.125000 56 0
0.544000 1.629000 -0.132000 13 0
0.493000 1.612000 -0.139000 58 0
0.701000 1.659000 -0.120000 49 0
0.641000 1.643000 -0.128000 49 0
0.585000 1.628000 -0.133000 58 0
0.538000 1.627000 -0.140000 62 0
0.752000 1.671000 -0.124000 49 0
0.691000 1.659000 -0.132000 53 0
0.634000 1.643000 -0.136000 56 0
0.582000 1.632000 -0.140000 59 0
0.840000 1.759000 -0.135000 151 0
0.742000 1.671000 -0.135000 52 0
0.684000 1.656000 -0.138000 52 0
0.631000 1.645000 -0.141000 56 0
1.058000 2.093000 -0.166000 5 0
0.817000 1.732000 -0.143000 150 0
0.734000 1.669000 -0.140000 50 0
0.681000 1.661000 -0.142000 56 0
0.000000 -0.000000 -0.000000 0 0
1.043000 2.086000 -0.176000 13 0
0.794000 1.697000 -0.144000 73 0
0.731000 1.672000 -0.143000 55 0
0.000000 -0.000000 -0.000000 0 192
0.000000 -0.000000 -0.000000 0 0
1.038000 2.092000 -0.179000 18 0
0.786000 1.687000 -0.145000 55 0
0.000000 -0.000000 -0.000000 0 128
0.000000 -0.000000 -0.000000 0 192
0.000000 -0.000000 -0.000000 0 0
1.033000 2.089000 -0.180000 23 0
0.000000 -0.000000 -0.000000 0 0
0.000000 -0.000000 -0.000000 0 128
0.000000 -0.000000 -0.000000 0 0
0.000000 -0.000000 -0.000000 0 0
0.000000 -0.000000 -0.000000 0 128
0.000000 -0.000000 -0.000000 0 0
0.000000 -0.000000 -0.000000 0 0
0.000000 -0.000000 -0.000000 0 0
0.000000 -0.000000 -0.000000 0 192
0.000000 -0.000000 -0.000000 0 192
0.000000 -0.000000 -0.000000 0 192
0.000000 -0.000000 -0.000000 0 128
0.138000 1.780000 -0.086000 2 0
0.000000 -0.000000 -0.000000 0 192
0.000000 -0.000000 -0.000000 0 128
0.000000 -0.000000 -0.000000 0 192
0.173000 1.721000 -0.085000 21 0
0.134000 1.847000 -0.119000 1 0
0.000000 -0.000000 -0.000000 0 192
0.000000 -0.000000 -0.000000 0 128
0.199000 1.603000 -0.082000 25 0
0.167000 1.746000 -0.114000 14 0
0.000000 -0.000000 -0.000000 0 192
0.000000 -0.000000 -0.000000 0 192
0.228000 1.545000 -0.081000 15 0
0.194000 1.623000 -0.107000 20 0
0.162000 1.762000 -0.137000 0 64
0.000000 -0.000000 -0.000000 0 128
0.266000 1.553000 -0.084000 16 0
0.224000 1.567000 -0.105000 11 0
0.190000 1.646000 -0.128000 22 0
0.158000 1.770000 -0.157000 0 64
0.308000 1.575000 -0.088000 14 0
0.261000 1.569000 -0.106000 11 0
0.217000 1.564000 -0.122000 10 0
0.186000 1.654000 -0.146000 17 0
0.347000 1.583000 -0.090000 15 0
0.299000 1.575000 -0.108000 11 0
0.251000 1.547000 -0.121000 13 0
0.211000 1.555000 -0.137000 40 0
0.388000 1.589000 -0.094000 15 0
0.339000 1.587000 -0.111000 11 0
0.293000 1.578000 -0.124000 12 0
0.249000 1.567000 -0.137000 15 0
0.431000 1.606000 -0.097000 13 0
0.377000 1.583000 -0.112000 60 0
0.332000 1.581000 -0.125000 13 0
0.288000 1.574000 -0.137000 14 0
0.471000 1.607000 -0.100000 58 0
0.421000 1.602000 -0.115000 12 0
0.371000 1.587000 -0.126000 12 0
0.327000 1.579000 -0.137000 14 0
0.513000 1.612000 -0.104000 60 0
0.462000 1.608000 -0.117000 59 0
0.413000 1.598000 -0.128000 13 0
0.367000 1.588000 -0.138000 14 0
0.558000 1.625000 -0.107000 60 0
0.504000 1.614000 -0.120000 62 0
0.455000 1.608000 -0.129000 13 0
0.408000 1.596000 -0.138000 62 0
0.605000 1.638000 -0.111000 56 0
0.548000 1.621000 -0.122000 56 0
0.496000 1.611000 -0.130000 59 0
0.452000 1.612000 -0.139000 15 0
0.651000 1.645000 -0.115000 49 0
0.593000 1.630000 -0.125000 56 0
0.544000 1.629000 -0.132000 13 0
0.493000 1.612000 -0.139000 58 0
0.701000 1.659000 -0.120000 49 0
0.641000 1.643000 -0.128000 49 0
0.585000 1.628000 -0.133000 58 0
0.538000 1.627000 -0.140000 62 0
0.752000 1.671000 -0.124000 49 0
0.691000 1.659000 -0.132000 53 0
0.634000 1.643000 -0.136000 56 0
0.582000 1.632000 -0.140000 59 0
0.840000 1.759000 -0.135000 151 0
0.742000 1.671000 -0.135000 52 0
0.684000 1.656000 -0.138000 52 0
0.631000 1.645000 -0.141000 56 0
1.058000 2.093000 -0.166000 5 0
0.817000 1.732000 -0.143000 150 0
0.734000 1.669000 -0.140000 50 0
0.681000 1.661000 -0.142000 56 0
0.000000 -0.000000 -0.000000 0 0
1.043000 2.086000 -0.176000 13 0
0.794000 1.697000 -0.144000 73 0
0.731000 1.672000 -0.143000 55 0
0.000000 -0.000000 -0.000000 0 192
0.000000 -0.000000 -0.000000 0 0
1.038000 2.092000 -0.179000 18 0
0.786000 1.687000 -0.145000 55 0
0.000000 -0.000000 -0.000000 0 128
0.000000 -0.000000 -0.000000 0 192
0.000000 -0.000000 -0.000000 0 0
1.033000 2.089000 -0.180000 23 0
0.000000 -0.000000 -0.000000 0 0
0.000000 -0.000000 -0.000000 0 128
0.000000 -0.000000 -0.000000 0 0
0.000000 -0.000000 -0.000000 0 0
0.000000 -0.000000 -0.000000 0 128
0.000000 -0.000000 -0.000000 0 0
0.000000 -0.000000 -0.000000 0 0
0.000000 -0.000000 -0.000000 0 0
0.000000 -0.000000 -0.000000 0 128
0.000000 -0.000000 -0.000000 0 0
0.000000 -0.000000 -0.000000 0 0
0.000000 -0.000000 -0.000000 0 128
0.000000 -0.000000 -0.000000 0 128
0.000000 -0.000000 -0.000000 0 128
0.000000 -0.000000 -0.000000 0 128
0.000000 -0.000000 -0.000000 0 128
0.000000 -0.000000 -0.000000 0 128
0.000000 -0.000000 -0.000000 0 128
0.000000 -0.000000 -0.000000 0 128
0.000000 -0.000000 -0.000000 0 0
0.000000 -0.000000 -0.000000 0 128
0.000000 -0.000000 -0.000000 0 0
0.000000 -0.000000 -0.000000 0 0
0.000000 -0.000000 -0.000000 0 128
0.000000 -0.000000 -0.000000 0 128
0.000000 -0.000000 -0.000000 0 0
0.000000 -0.000000 -0.000000 0 0
0.000000 -0.000000 -0.000000 0 128
0.000000 -0.000000 -0.000000 0 128
0.000000 -0.000000 -0.000000 0 0
0.000000 -0.000000 -0.000000 0 0
0.000000 -0.000000 -0.000000 0 128
0.000000 -0.000000 -0.000000 0 128
0.000000 -0.000000 -0.000000 0 0
0.000000 -0.000000 -0.000000 0 0
0.000000 -0.000000 -0.000000 0 128
0.000000 -0.000000 -0.000000 0 128
0.000000 -0.000000 -0.000000 0 0
0.000000 -0.000000 -0.000000 0 0
0.000000 -0.000000 -0.000000 0 128
0.000000 -0.000000 -0.000000 0 128
0.000000 -0.000000 -0.000000 0 0
0.000000 -0.000000 -0.000000 0 0
0.000000 -0.000000 -0.000000 0 0
0.000000 -0.000000 -0.000000 0 128
0.000000 -0.000000 -0.000000 0 0
0.000000 -0.000000 -0.000000 0 0
0.000000 -0.000000 -0.000000 0 128
0.000000 -0.000000 -0.000000 0 128
0.000000 -0.000000 -0.000000 0 128
0.000000 -0.000000 -0.000000 0 0
0.000000 -0.000000 -0.000000 0 128
0.000000 -0.000000 -0.000000 0 128
0.000000 -0.000000 -0.000000 0 128
0.000000 -0.000000 -0.000000 0 128
0.000000 -0.000000 -0.000000 0 128
0.000000 -0.000000 -0.000000 0 0
0.000000 -0.000000 -0.000000 0 128
0.000000 -0.000000 -0.000000 0 128
0.000000 -0.000000 -0.000000 0 192
0.000000 -0.000000 -0.000000 0 0
0.000000 -0.000000 -0.000000 0 0
0.000000 -0.000000 -0.000000 0 0
0.000000 -0.000000 -0.000000 0 128
0.000000 -0.000000 -0.000000 0 0
0.000000 -0.000000 -0.000000 0 0
0.000000 -0.000000 -0.000000 0 0
0.000000 -0.000000 -0.000000 0 128
0.000000 -0.000000 -0.000000 0 0
0.000000 -0.000000 -0.000000 0 0
0.000000 -0.000000 -0.000000 0 0
0.000000 -0.000000 -0.000000 0 128
0.000000 -0.000000 -0.000000 0 0
0.000000 -0.000000 -0.000000 0 0
0.000000 -0.000000 -0.000000 0 0
0.000000 -0.000000 -0.000000 0 0
0.000000 -0.000000 -0.000000 0 0
0.000000 -0.000000 -0.000000 0 0
0.000000 -0.000000 -0.000000 0 0
0.000000 -0.000000 -0.000000 0 0
0.000000 -0.000000 -0.000000 0 0
0.000000 -0.000000 -0.000000 0 0
0.000000 -0.000000 -0.000000 0 0
0.000000 -0.000000 -0.000000 0 0
0.000000 -0.000000 -0.000000 0 0
0.000000 -0.000000 -0.000000 0 0
0.000000 -0.000000 -0.000000 0 0
0.000000 -0.000000 -0.000000 0 0
0.000000 -0.000000 -0.000000 0 0
0.000000 -0.000000 -0.000000 0 0
0.000000 -0.000000 -0.000000 0 0
0.000000 -0.000000 -0.000000 0 0
0.000000 -0.000000 -0.000000 0 0
0.000000 -0.000000 -0.000000 0 0
0.000000 -0.000000 -0.000000 0 0
0.000000 -0.000000 -0.000000 0 0
0.000000 -0.000000 -0.000000 0 0
0.000000 -0.000000 -0.000000 0 0
0.000000 -0.000000 -0.000000 0 0
0.000000 -0.000000 -0.000000 0 0
0.000000 -0.000000 -0.000000 0 0
0.000000 -0.000000 -0.000000 0 0
0.000000 -0.000000 -0.000000 0 0
0.000000 -0.000000 -0.000000 0 0
0.000000 -0.000000 -0.000000 0 128
0.000000 -0.000000 -0.000000 0 0
0.000000 -0.000000 -0.000000 0 0
0.000000 -0.000000 -0.000000 0 128
0.000000 -0.000000 -0.000000 0 128
0.000000 -0.000000 -0.000000 0 128
0.000000 -0.000000 -0.000000 0 128
0.000000 -0.000000 -0.000000 0 128
0.000000 -0.000000 -0.000000 0 128
0.000000 -0.000000 -0.000000 0 128
0.000000 -0.000000 -0.000000 0 128
0.000000 -0.000000 -0.000000 0 0
0.000000 -0.000000 -0.000000 0 128
0.000000 -0.000000 -0.000000 0 0
0.000000 -0.000000 -0.000000 0 0
0.000000 -0.000000 -0.000000 0 128
0.000000 -0.000000 -0.000000 0 128
0.000000 -0.000000 -0.000000 0 0
0.000000 -0.000000 -0.000000 0 0
0.000000 -0.000000 -0.000000 0 128
0.000000 -0.000000 -0.000000 0 128
0.000000 -0.000000 -0.000000 0 0
0.000000 -0.000000 -0.000000 0 0
0.000000 -0.000000 -0.000000 0 128
0.000000 -0.000000 -0.000000 0 128
0.000000 -0.000000 -0.000000 0 0
0.000000 -0.000000 -0.000000 0 0
0.000000 -0.000000 -0.000000 0 128
0.000000 -0.000000 -0.000000 0 128
0.000000 -0.000000 -0.000000 0 0
0.000000 -0.000000 -0.000000 0 0
0.000000 -0.000000 -0.000000 0 128
0.000000 -0.000000 -0.000000 0 128
0.000000 -0.000000 -0.000000 0 0
0.000000 -0.000000 -0.000000 0 0
0.000000 -0.000000 -0.000000 0 0
0.000000 -0.000000 -0.000000 0 128
0.000000 -0.000000 -0.000000 0 0
0.000000 -0.000000 -0.000000 0 0
0.000000 -0.000000 -0.000000 0 128
0.000000 -0.000000 -0.000000 0 128
0.000000 -0.000000 -0.000000 0 128
0.000000 -0.000000 -0.000000 0 0
0.000000 -0.000000 -0.000000 0 128
0.000000 -0.000000 -0.000000 0 128
0.000000 -0.000000 -0.000000 0 128
0.000000 -0.000000 -0.000000 0 128
0.000000 -0.000000 -0.000000 0 128
0.000000 -0.000000 -0.000000 0 0
0.000000 -0.000000 -0.000000 0 128
0.000000 -0.000000 -0.000000 0 128
0.000000 -0.000000 -0.000000 0 192
0.000000 -0.000000 -0.000000 0 0
0.000000 -0.000000 -0.000000 0 0
0.000000 -0.000000 -0.000000 0 0
0.000000 -0.000000 -0.000000 0 128
0.000000 -0.000000 -0.000000 0 0
0.000000 -0.000000 -0.000000 0 0
0.000000 -0.000000 -0.000000 0 0
0.000000 -0.000000 -0.000000 0 128
0.000000 -0.000000 -0.000000 0 0
0.000000 -0.000000 -0.000000 0 0
0.000000 -0.000000 -0.000000 0 0
0.000000 -0.000000 -0.000000 0 128
0.000000 -0.000000 -0.000000 0 0
0.000000 -0.000000 -0.000000 0 0
0.000000 -0.000000 -0.000000 0 0
0.000000 -0.000000 -0.000000 0 0
0.000000 -0.000000 -0.000000 0 0
0.000000 -0.000000 -0.000000 0 0
0.000000 -0.000000 -0.000000 0 0
0.000000 -0.000000 -0.000000 0 0
0.000000 -0.000000 -0.000000 0 0
0.000000 -0.000000 -0.000000 0 0
0.000000 -0.000000 -0.000000 0 0
0.000000 -0.000000 -0.000000 0 0
0.000000 -0.000000 -0.000000 0 0
0.000000 -0.000000 -0.000000 0 0
0.000000 -0.000000 -0.000000 0 0
0.000000 -0.000000 -0.000000 0 0
0.000000 -0.000000 -0.000000 0 0
0.000000 -0.000000 -0.000000 0 0
0.000000 -0.000000 -0.000000 0 0
0.000000 -0.000000 -0.000000 0 0
0.000000 -0.000000 -0.000000 0 0
0.000000 -0.000000 -0.000000 0 0
0.000000 -0.000000 -0.000000 0 0
0.000000 -0.000000 -0.000000 0 0
0.000000 -0.000000 -0.000000 0 0
0.000000 -0.000000 -0.000000 0 0
0.000000 -0.000000 -0.000000 0 0
0.000000 -0.000000 -0.000000 0 0
0.000000 -0.000000 -0.000000 0 0
0.000000 -0.000000 -0.000000 0 0
0.000000 -0.000000 -0.000000 0 0
0.000000 -0.000000 -0.000000 0 0
0.485000 -0.748000 -0.561000 9 0
0.474000 -0.759000 -0.532000 7 0
0.456000 -0.762000 -0.500000 9 0
0.454000 -0.791000 -0.486000 8 0
0.456000 -0.736000 -0.545000 11 0
0.461000 -0.775000 -0.536000 7 0
0.436000 -0.769000 -0.499000 9 0
0.437000 -0.805000 -0.489000 8 0
0.435000 -0.737000 -0.538000 12 0
0.426000 -0.755000 -0.516000 8 0
0.418000 -0.777000 -0.499000 9 0
0.415000 -0.812000 -0.489000 8 0
0.415000 -0.738000 -0.532000 12 0
0.407000 -0.760000 -0.514000 10 0
0.395000 -0.777000 -0.493000 9 0
0.395000 -0.821000 -0.490000 8 0
0.399000 -0.747000 -0.532000 13 0
0.403000 -0.794000 -0.531000 7 0
0.375000 -0.783000 -0.492000 9 0
0.377000 -0.833000 -0.493000 8 0
0.381000 -0.751000 -0.528000 12 0
0.384000 -0.799000 -0.529000 7 0
0.356000 -0.790000 -0.493000 8 0
0.354000 -0.836000 -0.491000 8 0
0.373000 -0.775000 -0.539000 8 0
0.361000 -0.797000 -0.522000 7 0
0.335000 -0.792000 -0.489000 8 0
0.334000 -0.844000 -0.492000 8 0
0.357000 -0.784000 -0.540000 8 0
0.339000 -0.795000 -0.516000 7 0
0.321000 -0.810000 -0.497000 7 0
0.314000 -0.853000 -0.494000 8 0
0.340000 -0.792000 -0.540000 8 0
0.322000 -0.805000 -0.518000 7 0
0.301000 -0.815000 -0.496000 7 0
0.292000 -0.858000 -0.494000 8 0
0.324000 -0.802000 -0.541000 8 0
0.298000 -0.795000 -0.508000 8 0
0.280000 -0.816000 -0.494000 6 0
0.271000 -0.864000 -0.496000 8 0
0.308000 -0.812000 -0.543000 8 0
0.281000 -0.803000 -0.509000 9 0
0.263000 -0.827000 -0.498000 6 0
0.250000 -0.869000 -0.496000 8 0
0.291000 -0.817000 -0.543000 8 0
0.264000 -0.813000 -0.512000 9 0
0.243000 -0.828000 -0.496000 6 0
0.229000 -0.875000 -0.498000 8 0
0.274000 -0.826000 -0.544000 8 0
0.245000 -0.815000 -0.510000 9 0
0.224000 -0.837000 -0.499000 6 0
0.207000 -0.877000 -0.498000 8 0
0.259000 -0.840000 -0.549000 8 0
0.225000 -0.815000 -0.506000 9 0
0.204000 -0.840000 -0.499000 6 0
0.186000 -0.881000 -0.499000 8 0
0.239000 -0.837000 -0.543000 8 0
0.207000 -0.821000 -0.508000 9 0
0.184000 -0.841000 -0.497000 6 0
0.164000 -0.878000 -0.497000 8 0
0.221000 -0.843000 -0.543000 8 0
0.191000 -0.834000 -0.513000 9 0
0.165000 -0.845000 -0.499000 6 0
0.000000 -0.000000 -0.000000 0 0
0.204000 -0.853000 -0.546000 9 0
0.171000 -0.832000 -0.510000 9 0
0.143000 -0.836000 -0.492000 6 0
0.000000 -0.000000 -0.000000 0 0
0.185000 -0.855000 -0.544000 8 0
0.153000 -0.838000 -0.511000 8 0
0.000000 -0.000000 -0.000000 0 0
0.000000 -0.000000 -0.000000 0 0
0.165000 -0.851000 -0.539000 13 0
0.000000 -0.000000 -0.000000 0 64
0.000000 -0.000000 -0.000000 0 0
0.000000 -0.000000 -0.000000 0 128
0.148000 -0.859000 -0.542000 8 0
0.000000 -0.000000 -0.000000 0 0
0.000000 -0.000000 -0.000000 0 128
0.000000 -0.000000 -0.000000 0 128
0.000000 -0.000000 -0.000000 0 0
0.000000 -0.000000 -0.000000 0 0
0.000000 -0.000000 -0.000000 0 128
0.000000 -0.000000 -0.000000 0 128
0.000000 -0.000000 -0.000000 0 0
0.000000 -0.000000 -0.000000 0 128
0.000000 -0.000000 -0.000000 0 128
0.000000 -0.000000 -0.000000 0 192
0.000000 -0.000000 -0.000000 0 128
0.000000 -0.000000 -0.000000 0 128
0.000000 -0.000000 -0.000000 0 128
0.000000 -0.000000 -0.000000 0 0
0.000000 -0.000000 -0.000000 0 128
0.000000 -0.000000 -0.000000 0 128
0.000000 -0.000000 -0.000000 0 192
-0.026000 -0.879000 -0.505000 12 0
0.485000 -0.748000 -0.561000 9 0
0.474000 -0.759000 -0.532000 7 0
0.456000 -0.762000 -0.500000 9 0
0.454000 -0.791000 -0.486000 8 0
0.456000 -0.736000 -0.545000 11 0
0.461000 -0.775000 -0.536000 7 0
0.436000 -0.769000 -0.499000 9 0
0.437000 -0.805000 -0.489000 8 0
0.435000 -0.737000 -0.538000 12 0
0.426000 -0.755000 -0.516000 8 0
0.418000 -0.777000 -0.499000 9 0
0.415000 -0.812000 -0.489000 8 0
0.415000 -0.738000 -0.532000 12 0
0.407000 -0.760000 -0.514000 10 0
0.395000 -0.777000 -0.493000 9 0
0.395000 -0.821000 -0.490000 8 0
0.399000 -0.747000 -0.532000 13 0
0.403000 -0.794000 -0.531000 7 0
0.375000 -0.783000 -0.492000 9 0
0.377000 -0.833000 -0.493000 8 0
0.381000 -0.751000 -0.528000 12 0
0.384000 -0.799000 -0.529000 7 0
0.356000 -0.790000 -0.493000 8 0
0.354000 -0.836000 -0.491000 8 0
0.373000 -0.775000 -0.539000 8 0
0.361000 -0.797000 -0.522000 7 0
0.335000 -0.792000 -0.489000 8 0
0.334000 -0.844000 -0.492000 8 0
0.357000 -0.784000 -0.540000 8 0
0.339000 -0.795000 -0.516000 7 0
0.321000 -0.810000 -0.497000 7 0
0.314000 -0.853000 -0.494000 8 0
0.340000 -0.792000 -0.540000 8 0
0.322000 -0.805000 -0.518000 7 0
0.301000 -0.815000 -0.496000 7 0
0.292000 -0.858000 -0.494000 8 0
0.324000 -0.802000 -0.541000 8 0
0.298000 -0.795000 -0.508000 8 0
0.280000 -0.816000 -0.494000 6 0
0.271000 -0.864000 -0.496000 8 0
0.308000 -0.812000 -0.543000 8 0
0.281000 -0.803000 -0.509000 9 0
0.263000 -0.827000 -0.498000 6 0
0.250000 -0.869000 -0.496000 8 0
0.291000 -0.817000 -0.543000 8 0
0.264000 -0.813000 -0.512000 9 0
0.243000 -0.828000 -0.496000 6 0
0.229000 -0.875000 -0.498000 8 0
0.274000 -0.826000 -0.544000 8 0
0.245000 -0.815000 -0.510000 9 0
0.224000 -0.837000 -0.499000 6 0
0.207000 -0.877000 -0.498000 8 0
0.259000 -0.840000 -0.549000 8 0
0.225000 -0.815000 -0.506000 9 0
0.204000 -0.840000 -0.499000 6 0
0.186000 -0.881000 -0.499000 8 0
0.239000 -0.837000 -0.543000 8 0
0.207000 -0.821000 -0.508000 9 0
0.184000 -0.841000 -0.497000 6 0
0.164000 -0.878000 -0.497000 8 0
0.221000 -0.843000 -0.543000 8 0
0.191000 -0.834000 -0.513000 9 0
0.165000 -0.845000 -0.499000 6 0
0.000000 -0.000000 -0.000000 0 0
0.204000 -0.853000 -0.546000 9 0
0.171000 -0.832000 -0.510000 9 0
0.143000 -0.836000 -0.492000 6 0
0.000000 -0.000000 -0.000000 0 0
0.185000 -0.855000 -0.544000 8 0
0.153000 -0.838000 -0.511000 8 0
0.000000 -0.000000 -0.000000 0 0
0.000000 -0.000000 -0.000000 0 0
0.165000 -0.851000 -0.539000 13 0
0.000000 -0.000000 -0.000000 0 64
0.000000 -0.000000 -0.000000 0 0
0.000000 -0.000000 -0.000000 0 128
0.148000 -0.859000 -0.542000 8 0
0.000000 -0.000000 -0.000000 0 0
0.000000 -0.000000 -0.000000 0 128
0.000000 -0.000000 -0.000000 0 128
0.000000 -0.000000 -0.000000 0 0
0.000000 -0.000000 -0.000000 0 0
0.000000 -0.000000 -0.000000 0 128
0.000000 -0.000000 -0.000000 0 128
0.000000 -0.000000 -0.000000 0 0
0.000000 -0.000000 -0.000000 0 128
0.000000 -0.000000 -0.000000 0 128
0.000000 -0.000000 -0.000000 0 192
0.000000 -0.000000 -0.000000 0 128
0.000000 -0.000000 -0.000000 0 128
0.000000 -0.000000 -0.000000 0 128
0.000000 -0.000000 -0.000000 0 0
0.000000 -0.000000 -0.000000 0 128
0.000000 -0.000000 -0.000000 0 128
0.000000 -0.000000 -0.000000 0 192
-0.026000 -0.879000 -0.505000 12 0
0.000000 -0.000000 -0.000000 0 128
0.000000 -0.000000 -0.000000 0 128
-0.012000 -0.882000 -0.520000 7 0
-0.048000 -0.891000 -0.514000 11 0
0.000000 -0.000000 -0.000000 0 128
0.000000 -0.000000 -0.000000 0 0
-0.033000 -0.878000 -0.519000 10 0
-0.070000 -0.899000 -0.521000 11 0
0.000000 -0.000000 -0.000000 0 128
-0.024000 -1.250000 -0.755000 7 0
-0.054000 -0.889000 -0.527000 9 0
-0.092000 -0.907000 -0.529000 9 0
-0.003000 -1.289000 -0.795000 0 64
-0.057000 -1.346000 -0.814000 10 0
-0.085000 -1.011000 -0.602000 9 0
-0.200000 -1.592000 -0.934000 5 0
-0.032000 -1.316000 -0.811000 50 0
-0.087000 -1.349000 -0.817000 10 0
-0.147000 -1.375000 -0.823000 9 0
-0.220000 -1.463000 -0.865000 131 0
-0.061000 -1.329000 -0.819000 12 0
-0.118000 -1.357000 -0.824000 10 0
-0.180000 -1.376000 -0.827000 9 0
-0.249000 -1.428000 -0.851000 121 0
-0.090000 -1.327000 -0.818000 12 0
-0.149000 -1.359000 -0.827000 9 0
-0.212000 -1.376000 -0.831000 9 0
-0.277000 -1.392000 -0.836000 9 0
-0.120000 -1.339000 -0.826000 11 0
-0.179000 -1.352000 -0.825000 9 0
-0.244000 -1.375000 -0.836000 9 0
-0.309000 -1.380000 -0.836000 48 0
-0.149000 -1.333000 -0.823000 12 0
-0.209000 -1.344000 -0.824000 47 0
-0.275000 -1.368000 -0.837000 10 0
-0.342000 -1.377000 -0.842000 10 0
-0.180000 -1.341000 -0.830000 11 0
-0.242000 -1.355000 -0.834000 9 0
-0.308000 -1.365000 -0.841000 9 0
-0.380000 -1.386000 -0.856000 65 0
-0.210000 -1.341000 -0.831000 12 0
-0.271000 -1.344000 -0.831000 39 0
-0.337000 -1.349000 -0.838000 48 0
-0.455000 -1.520000 -0.949000 5 0
-0.241000 -1.343000 -0.835000 11 0
-0.305000 -1.353000 -0.841000 9 0
-0.371000 -1.352000 -0.846000 9 0
-0.393000 -1.209000 -0.763000 3 0
-0.271000 -1.342000 -0.837000 11 0
-0.336000 -1.347000 -0.843000 54 0
-0.414000 -1.384000 -0.874000 45 0
-0.394000 -1.121000 -0.716000 0 0
-0.302000 -1.343000 -0.840000 11 0
-0.367000 -1.344000 -0.846000 9 0
-0.405000 -1.250000 -0.797000 0 0
-0.397000 -1.051000 -0.680000 4 0
-0.331000 -1.333000 -0.838000 51 0
-0.398000 -1.339000 -0.849000 23 0
-0.388000 -1.108000 -0.714000 3 0
-0.400000 -0.986000 -0.646000 0 0
-0.366000 -1.344000 -0.849000 10 0
-0.420000 -1.303000 -0.832000 0 0
-0.394000 -1.049000 -0.683000 0 0
-0.417000 -0.962000 -0.639000 1 0
-0.395000 -1.335000 -0.848000 28 0
-0.385000 -1.109000 -0.714000 2 0
-0.402000 -1.000000 -0.658000 0 0
-0.434000 -0.941000 -0.634000 0 0
0.000000 -0.000000 -0.000000 0 0
-0.392000 -1.053000 -0.684000 0 0
-0.413000 -0.963000 -0.642000 1 0
-0.635000 -1.297000 -0.887000 8 2
-0.388000 -1.126000 -0.723000 0 0
-0.400000 -1.003000 -0.658000 0 0
-0.427000 -0.935000 -0.631000 0 0
-0.648000 -1.249000 -0.868000 54 0
-0.390000 -1.055000 -0.682000 4 0
-0.410000 -0.964000 -0.639000 2 0
-0.629000 -1.299000 -0.887000 6 0
-0.666000 -1.213000 -0.857000 12 0
-0.395000 -0.999000 -0.651000 0 0
-0.427000 -0.945000 -0.632000 0 0
-0.645000 -1.258000 -0.871000 55 0
-0.670000 -1.156000 -0.830000 54 0
-0.409000 -0.970000 -0.637000 1 0
-0.611000 -1.275000 -0.863000 5 2
-0.661000 -1.218000 -0.856000 11 0
-0.688000 -1.125000 -0.823000 12 0
-0.427000 -0.953000 -0.632000 0 0
-0.646000 -1.272000 -0.872000 11 0
-0.674000 -1.177000 -0.840000 11 0
-0.694000 -1.077000 -0.803000 13 0
-0.607000 -1.276000 -0.854000 3 2
-0.658000 -1.226000 -0.851000 57 0
-0.680000 -1.126000 -0.816000 13 0
-0.703000 -1.038000 -0.789000 13 0
0.000000 -0.000000 -0.000000 0 128
0.000000 -0.000000 -0.000000 0 128
-0.012000 -0.882000 -0.520000 7 0
-0.048000 -0.891000 -0.514000 11 0
0.000000 -0.000000 -0.000000 0 128
0.000000 -0.000000 -0.000000 0 0
-0.033000 -0.878000 -0.519000 10 0
-0.070000 -0.899000 -0.521000 11 0
0.000000 -0.000000 -0.000000 0 128
-0.024000 -1.250000 -0.755000 7 0
-0.054000 -0.889000 -0.527000 9 0
-0.092000 -0.907000 -0.529000 9 0
-0.003000 -1.289000 -0.795000 0 64
-0.057000 -1.346000 -0.814000 10 0
-0.085000 -1.011000 -0.602000 9 0
-0.200000 -1.592000 -0.934000 5 0
-0.032000 -1.316000 -0.811000 50 0
-0.087000 -1.349000 -0.817000 10 0
-0.147000 -1.375000 -0.823000 9 0
-0.220000 -1.463000 -0.865000 131 0
-0.061000 -1.329000 -0.819000 12 0
-0.118000 -1.357000 -0.824000 10 0
-0.180000 -1.376000 -0.827000 9 0
-0.249000 -1.428000 -0.851000 121 0
-0.090000 -1.327000 -0.818000 12 0
-0.149000 -1.359000 -0.827000 9 0
-0.212000 -1.376000 -0.831000 9 0
-0.277000 -1.392000 -0.836000 9 0
-0.120000 -1.339000 -0.826000 11 0
-0.179000 -1.352000 -0.825000 9 0
-0.244000 -1.375000 -0.836000 9 0
-0.309000 -1.380000 -0.836000 48 0
-0.149000 -1.333000 -0.823000 12 0
-0.209000 -1.344000 -0.824000 47 0
-0.275000 -1.368000 -0.837000 10 0
-0.342000 -1.377000 -0.842000 10 0
-0.180000 -1.341000 -0.830000 11 0
-0.242000 -1.355000 -0.834000 9 0
-0.308000 -1.365000 -0.841000 9 0
-0.380000 -1.386000 -0.856000 65 0
-0.210000 -1.341000 -0.831000 12 0
-0.271000 -1.344000 -0.831000 39 0
-0.337000 -1.349000 -0.838000 48 0
-0.455000 -1.520000 -0.949000 5 0
-0.241000 -1.343000 -0.835000 11 0
-0.305000 -1.353000 -0.841000 9 0
-0.371000 -1.352000 -0.846000 9 0
-0.393000 -1.209000 -0.763000 3 0
-0.271000 -1.342000 -0.837000 11 0
-0.336000 -1.347000 -0.843000 54 0
-0.414000 -1.384000 -0.874000 45 0
-0.394000 -1.121000 -0.716000 0 0
-0.302000 -1.343000 -0.840000 11 0
-0.367000 -1.344000 -0.846000 9 0
-0.405000 -1.250000 -0.797000 0 0
-0.397000 -1.051000 -0.680000 4 0
-0.331000 -1.333000 -0.838000 51 0
-0.398000 -1.339000 -0.849000 23 0
-0.388000 -1.108000 -0.714000 3 0
-0.400000 -0.986000 -0.646000 0 0
-0.366000 -1.344000 -0.849000 10 0
-0.420000 -1.303000 -0.832000 0 0
-0.394000 -1.049000 -0.683000 0 0
-0.417000 -0.962000 -0.639000 1 0
-0.395000 -1.335000 -0.848000 28 0
-0.385000 -1.109000 -0.714000 2 0
-0.402000 -1.000000 -0.658000 0 0
-0.434000 -0.941000 -0.634000 0 0
0.000000 -0.000000 -0.000000 0 0
-0.392000 -1.053000 -0.684000 0 0
-0.413000 -0.963000 -0.642000 1 0
-0.635000 -1.297000 -0.887000 8 2
-0.388000 -1.126000 -0.723000 0 0
-0.400000 -1.003000 -0.658000 0 0
-0.427000 -0.935000 -0.631000 0 0
-0.648000 -1.249000 -0.868000 54 0
-0.390000 -1.055000 -0.682000 4 0
-0.410000 -0.964000 -0.639000 2 0
-0.629000 -1.299000 -0.887000 6 0
-0.666000 -1.213000 -0.857000 12 0
-0.395000 -0.999000 -0.651000 0 0
-0.427000 -0.945000 -0.632000 0 0
-0.645000 -1.258000 -0.871000 55 0
-0.670000 -1.156000 -0.830000 54 0
-0.409000 -0.970000 -0.637000 1 0
-0.611000 -1.275000 -0.863000 5 2
-0.661000 -1.218000 -0.856000 11 0
-0.688000 -1.125000 -0.823000 12 0
-0.427000 -0.953000 -0.632000 0 0
-0.646000 -1.272000 -0.872000 11 0
-0.674000 -1.177000 -0.840000 11 0
-0.694000 -1.077000 -0.803000 13 0
-0.607000 -1.276000 -0.854000 3 2
-0.658000 -1.226000 -0.851000 57 0
-0.680000 -1.126000 -0.816000 13 0
-0.703000 -1.038000 -0.789000 13 0
-0.645000 -1.281000 -0.866000 13 0
-0.669000 -1.182000 -0.831000 11 0
-0.687000 -1.083000 -0.797000 11 0
-0.713000 -1.003000 -0.777000 13 0
-0.652000 -1.225000 -0.838000 56 0
-0.676000 -1.133000 -0.808000 12 0
-0.701000 -1.050000 -0.786000 11 0
-0.723000 -0.968000 -0.765000 13 0
-0.668000 -1.191000 -0.823000 13 0
-0.686000 -1.094000 -0.791000 10 0
-0.709000 -1.011000 -0.771000 12 0
-0.730000 -0.931000 -0.752000 12 0
-0.670000 -1.134000 -0.794000 13 0
-0.697000 -1.057000 -0.776000 10 0
-0.719000 -0.977000 -0.759000 12 0
-0.740000 -0.901000 -0.744000 7 0
-0.685000 -1.103000 -0.781000 13 0
-0.707000 -1.021000 -0.761000 11 0
-0.727000 -0.943000 -0.747000 12 0
-0.741000 -0.860000 -0.727000 0 64
-0.695000 -1.063000 -0.764000 13 0
-0.714000 -0.983000 -0.745000 11 0
-0.736000 -0.910000 -0.736000 9 0
0.000000 -0.000000 -0.000000 0 0
-0.707000 -1.031000 -0.751000 14 0
-0.726000 -0.952000 -0.735000 11 0
-0.743000 -0.878000 -0.725000 5 0
0.000000 -0.000000 -0.000000 0 0
-0.715000 -0.993000 -0.734000 14 0
-0.736000 -0.922000 -0.725000 11 0
-0.736000 -0.829000 -0.700000 0 64
0.000000 -0.000000 -0.000000 0 128
-0.723000 -0.957000 -0.719000 13 0
-0.742000 -0.888000 -0.712000 8 0
0.000000 -0.000000 -0.000000 0 0
0.000000 -0.000000 -0.000000 0 0
-0.730000 -0.923000 -0.705000 17 0
-0.750000 -0.857000 -0.701000 4 0
0.000000 -0.000000 -0.000000 0 0
-0.777000 -0.717000 -0.691000 10 0
-0.744000 -0.898000 -0.698000 12 0
-0.754000 -0.823000 -0.688000 0 0
0.000000 -0.000000 -0.000000 0 128
-0.791000 -0.697000 -0.691000 14 0
-0.747000 -0.861000 -0.682000 11 0
0.000000 -0.000000 -0.000000 0 0
0.000000 -0.000000 -0.000000 0 0
-0.785000 -0.660000 -0.675000 16 0
-0.756000 -0.831000 -0.672000 5 0
0.000000 -0.000000 -0.000000 0 0
-0.787000 -0.706000 -0.675000 9 0
-0.800000 -0.643000 -0.678000 15 0
-0.750000 -0.788000 -0.650000 0 64
0.000000 -0.000000 -0.000000 0 128
-0.797000 -0.683000 -0.672000 14 0
-0.805000 -0.617000 -0.672000 15 0
0.000000 -0.000000 -0.000000 0 0
0.000000 -0.000000 -0.000000 0 0
-0.795000 -0.651000 -0.659000 15 0
-0.808000 -0.591000 -0.666000 15 0
0.000000 -0.000000 -0.000000 0 0
-0.794000 -0.689000 -0.650000 7 0
-0.803000 -0.628000 -0.655000 14 0
-0.814000 -0.567000 -0.662000 15 0
0.000000 -0.000000 -0.000000 0 128
-0.797000 -0.661000 -0.641000 15 0
-0.810000 -0.604000 -0.651000 14 0
-0.819000 -0.543000 -0.658000 15 0
-0.784000 -0.686000 -0.621000 1 0
-0.800000 -0.633000 -0.632000 14 0
-0.816000 -0.580000 -0.647000 14 0
-0.824000 -0.520000 -0.655000 15 0
-0.800000 -0.668000 -0.621000 9 0
-0.808000 -0.610000 -0.628000 14 0
-0.819000 -0.555000 -0.640000 14 0
-0.832000 -0.499000 -0.654000 15 0
-0.803000 -0.639000 -0.611000 15 0
-0.816000 -0.587000 -0.624000 14 0
-0.825000 -0.532000 -0.637000 14 0
-0.839000 -0.478000 -0.654000 15 0
-0.809000 -0.614000 -0.605000 17 0
-0.822000 -0.563000 -0.619000 14 0
-0.829000 -0.508000 -0.632000 14 0
-0.841000 -0.455000 -0.650000 15 0
-0.816000 -0.590000 -0.599000 17 0
-0.832000 -0.543000 -0.617000 14 0
-0.836000 -0.487000 -0.630000 14 0
-0.850000 -0.435000 -0.651000 16 0
-0.825000 -0.568000 -0.596000 18 0
-0.839000 -0.520000 -0.615000 14 0
-0.843000 -0.466000 -0.629000 14 0
-0.858000 -0.415000 -0.651000 16 0
-0.826000 -0.541000 -0.587000 18 0
-0.838000 -0.493000 -0.605000 14 0
-0.847000 -0.443000 -0.625000 14 0
-0.857000 -0.391000 -0.646000 16 0
-0.645000 -1.281000 -0.866000 13 0
-0.669000 -1.182000 -0.831000 11 0
-0.687000 -1.083000 -0.797000 11 0
-0.713000 -1.003000 -0.777000 13 0
-0.652000 -1.225000 -0.838000 56 0
-0.676000 -1.133000 -0.808000 12 0
-0.701000 -1.050000 -0.786000 11 0
-0.723000 -0.968000 -0.765000 13 0
-0.668000 -1.191000 -0.823000 13 0
-0.686000 -1.094000 -0.791000 10 0
-0.709000 -1.011000 -0.771000 12 0
-0.730000 -0.931000 -0.752000 12 0
-0.670000 -1.134000 -0.794000 13 0
-0.697000 -1.057000 -0.776000 10 0
-0.719000 -0.977000 -0.759000 12 0
-0.740000 -0.901000 -0.744000 7 0
-0.685000 -1.103000 -0.781000 13 0
-0.707000 -1.021000 -0.761000 11 0
-0.727000 -0.943000 -0.747000 12 0
-0.741000 -0.860000 -0.727000 0 64
-0.695000 -1.063000 -0.764000 13 0
-0.714000 -0.983000 -0.745000 11 0
-0.736000 -0.910000 -0.736000 9 0
0.000000 -0.000000 -0.000000 0 0
-0.707000 -1.031000 -0.751000 14 0
-0.726000 -0.952000 -0.735000 11 0
-0.743000 -0.878000 -0.725000 5 0
0.000000 -0.000000 -0.000000 0 0
-0.715000 -0.993000 -0.734000 14 0
-0.736000 -0.922000 -0.725000 11 0
-0.736000 -0.829000 -0.700000 0 64
0.000000 -0.000000 -0.000000 0 128
-0.723000 -0.957000 -0.719000 13 0
-0.742000 -0.888000 -0.712000 8 0
0.000000 -0.000000 -0.000000 0 0
0.000000 -0.000000 -0.000000 0 0
-0.730000 -0.923000 -0.705000 17 0
-0.750000 -0.857000 -0.701000 4 0
0.000000 -0.000000 -0.000000 0 0
-0.777000 -0.717000 -0.691000 10 0
-0.744000 -0.898000 -0.698000 12 0
-0.754000 -0.823000 -0.688000 0 0
0.000000 -0.000000 -0.000000 0 128
-0.791000 -0.697000 -0.691000 14 0
-0.747000 -0.861000 -0.682000 11 0
0.000000 -0.000000 -0.000000 0 0
0.000000 -0.000000 -0.000000 0 0
-0.785000 -0.660000 -0.675000 16 0
-0.756000 -0.831000 -0.672000 5 0
0.000000 -0.000000 -0.000000 0 0
-0.787000 -0.706000 -0.675000 9 0
-0.800000 -0.643000 -0.678000 15 0
-0.750000 -0.788000 -0.650000 0 64
0.000000 -0.000000 -0.000000 0 128
-0.797000 -0.683000 -0.672000 14 0
-0.805000 -0.617000 -0.672000 15 0
0.000000 -0.000000 -0.000000 0 0
0.000000 -0.000000 -0.000000 0 0
-0.795000 -0.651000 -0.659000 15 0
-0.808000 -0.591000 -0.666000 15 0
0.000000 -0.000000 -0.000000 0 0
-0.794000 -0.689000 -0.650000 7 0
-0.803000 -0.628000 -0.655000 14 0
-0.814000 -0.567000 -0.662000 15 0
0.000000 -0.000000 -0.000000 0 128
-0.797000 -0.661000 -0.641000 15 0
-0.810000 -0.604000 -0.651000 14 0
-0.819000 -0.543000 -0.658000 15 0
-0.784000 -0.686000 -0.621000 1 0
-0.800000 -0.633000 -0.632000 14 0
-0.816000 -0.580000 -0.647000 14 0
-0.824000 -0.520000 -0.655000 15 0
-0.800000 -0.668000 -0.621000 9 0
-0.808000 -0.610000 -0.628000 14 0
-0.819000 -0.555000 -0.640000 14 0
-0.832000 -0.499000 -0.654000 15 0
-0.803000 -0.639000 -0.611000 15 0
-0.816000 -0.587000 -0.624000 14 0
-0.825000 -0.532000 -0.637000 14 0
-0.839000 -0.478000 -0.654000 15 0
-0.809000 -0.614000 -0.605000 17 0
-0.822000 -0.563000 -0.619000 14 0
-0.829000 -0.508000 -0.632000 14 0
-0.841000 -0.455000 -0.650000 15 0
-0.816000 -0.590000 -0.599000 17 0
-0.832000 -0.543000 -0.617000 14 0
-0.836000 -0.487000 -0.630000 14 0
-0.850000 -0.435000 -0.651000 16 0
-0.825000 -0.568000 -0.596000 18 0
-0.839000 -0.520000 -0.615000 14 0
-0.843000 -0.466000 -0.629000 14 0
-0.858000 -0.415000 -0.651000 16 0
-0.826000 -0.541000 -0.587000 18 0
-0.838000 -0.493000 -0.605000 14 0
-0.847000 -0.443000 -0.625000 14 0
-0.857000 -0.391000 -0.646000 16 0
-0.836000 -0.521000 -0.586000 18 0
-0.844000 -0.471000 -0.603000 14 0
-0.852000 -0.422000 -0.623000 14 0
-0.864000 -0.372000 -0.648000 16 0
-0.842000 -0.498000 -0.581000 19 0
-0.851000 -0.450000 -0.601000 14 0
-0.860000 -0.402000 -0.623000 14 0
-0.874000 -0.353000 -0.651000 9 0
-0.849000 -0.475000 -0.578000 19 0
-0.857000 -0.429000 -0.599000 14 0
-0.865000 -0.381000 -0.622000 14 0
0.000000 -0.000000 -0.000000 0 0
-0.855000 -0.453000 -0.575000 19 0
-0.864000 -0.407000 -0.597000 14 0
-0.873000 -0.361000 -0.623000 8 0
0.000000 -0.000000 -0.000000 0 0
-0.862000 -0.431000 -0.572000 19 0
-0.871000 -0.387000 -0.596000 14 0
0.000000 -0.000000 -0.000000 0 0
0.000000 -0.000000 -0.000000 0 0
-0.867000 -0.409000 -0.569000 21 0
-0.868000 -0.362000 -0.589000 11 0
0.000000 -0.000000 -0.000000 0 0
-0.887000 -0.270000 -0.648000 7 0
-0.872000 -0.386000 -0.566000 18 0
0.000000 -0.000000 -0.000000 0 0
0.000000 -0.000000 -0.000000 0 0
-0.899000 -0.252000 -0.655000 8 64
-0.867000 -0.360000 -0.558000 9 0
0.000000 -0.000000 -0.000000 0 0
-0.874000 -0.272000 -0.609000 0 0
-0.891000 -0.228000 -0.647000 4 64
0.000000 -0.000000 -0.000000 0 0
0.000000 -0.000000 -0.000000 0 0
-0.867000 -0.249000 -0.601000 4 64
0.000000 -0.000000 -0.000000 0 0
0.000000 -0.000000 -0.000000 0 0
0.000000 -0.000000 -0.000000 0 192
0.000000 -0.000000 -0.000000 0 0
0.000000 -0.000000 -0.000000 0 0
0.000000 -0.000000 -0.000000 0 128
0.000000 -0.000000 -0.000000 0 192
0.000000 -0.000000 -0.000000 0 0
0.000000 -0.000000 -0.000000 0 192
0.000000 -0.000000 -0.000000 0 192
0.000000 -0.000000 -0.000000 0 192
0.000000 -0.000000 -0.000000 0 192
0.000000 -0.000000 -0.000000 0 192
0.000000 -0.000000 -0.000000 0 0
0.000000 -0.000000 -0.000000 0 0
-0.885000 -0.170000 -0.605000 4 64
0.000000 -0.000000 -0.000000 0 0
-0.896000 -0.231000 -0.550000 7 64
-0.904000 -0.193000 -0.584000 8 0
-0.916000 -0.155000 -0.625000 9 0
-0.927000 -0.111000 -0.668000 8 64
-0.899000 -0.210000 -0.548000 15 0
-0.908000 -0.173000 -0.585000 11 0
-0.919000 -0.134000 -0.626000 13 0
-0.930000 -0.091000 -0.671000 13 0
-0.917000 -0.191000 -0.557000 19 0
-0.923000 -0.153000 -0.592000 13 0
-0.922000 -0.113000 -0.627000 13 0
-0.932000 -0.071000 -0.672000 15 0
-0.924000 -0.170000 -0.559000 18 0
-0.930000 -0.133000 -0.596000 14 0
-0.927000 -0.093000 -0.630000 14 0
-0.934000 -0.050000 -0.675000 15 0
-0.928000 -0.148000 -0.559000 19 0
-0.932000 -0.111000 -0.596000 14 0
-0.932000 -0.072000 -0.634000 13 0
-0.935000 -0.030000 -0.676000 15 0
-0.934000 -0.127000 -0.561000 19 0
-0.939000 -0.090000 -0.599000 14 0
-0.939000 -0.052000 -0.639000 14 0
-0.943000 -0.010000 -0.684000 15 0
-0.936000 -0.104000 -0.561000 19 0
-0.943000 -0.069000 -0.601000 14 0
-0.944000 -0.031000 -0.642000 14 0
-0.948000 0.010000 -0.688000 15 0
-0.942000 -0.082000 -0.563000 18 0
-0.951000 -0.047000 -0.607000 14 0
-0.948000 -0.010000 -0.646000 14 0
-0.954000 0.030000 -0.695000 15 0
-0.948000 -0.060000 -0.566000 19 0
-0.948000 -0.025000 -0.605000 14 0
-0.951000 0.010000 -0.649000 14 0
-0.952000 0.051000 -0.696000 15 0
-0.953000 -0.038000 -0.569000 18 0
-0.957000 -0.003000 -0.611000 14 0
-0.955000 0.032000 -0.653000 14 0
-0.956000 0.072000 -0.702000 15 0
-0.956000 -0.015000 -0.571000 18 0
-0.960000 0.018000 -0.614000 14 0
-0.959000 0.053000 -0.658000 14 0
-0.959000 0.093000 -0.707000 15 0
-0.836000 -0.521000 -0.586000 18 0
-0.844000 -0.471000 -0.603000 14 0
-0.852000 -0.422000 -0.623000 14 0
-0.864000 -0.372000 -0.648000 16 0
-0.842000 -0.498000 -0.581000 19 0
-0.851000 -0.450000 -0.601000 14 0
-0.860000 -0.402000 -0.623000 14 0
-0.874000 -0.353000 -0.651000 9 0
-0.849000 -0.475000 -0.578000 19 0
-0.857000 -0.429000 -0.599000 14 0
-0.865000 -0.381000 -0.622000 14 0
0.000000 -0.000000 -0.000000 0 0
-0.855000 -0.453000 -0.575000 19 0
-0.864000 -0.407000 -0.597000 14 0
-0.873000 -0.361000 -0.623000 8 0
0.000000 -0.000000 -0.000000 0 0
-0.862000 -0.431000 -0.572000 19 0
-0.871000 -0.387000 -0.596000 14 0
0.000000 -0.000000 -0.000000 0 0
0.000000 -0.000000 -0.000000 0 0
-0.867000 -0.409000 -0.569000 21 0
-0.868000 -0.362000 -0.589000 11 0
0.000000 -0.000000 -0.000000 0 0
-0.887000 -0.270000 -0.648000 7 0
-0.872000 -0.386000 -0.566000 18 0
0.000000 -0.000000 -0.000000 0 0
0.000000 -0.000000 -0.000000 0 0
-0.899000 -0.252000 -0.655000 8 64
-0.867000 -0.360000 -0.558000 9 0
0.000000 -0.000000 -0.000000 0 0
-0.874000 -0.272000 -0.609000 0 0
-0.891000 -0.228000 -0.647000 4 64
0.000000 -0.000000 -0.000000 0 0
0.000000 -0.000000 -0.000000 0 0
-0.867000 -0.249000 -0.601000 4 64
0.000000 -0.000000 -0.000000 0 0
0.000000 -0.000000 -0.000000 0 0
0.000000 -0.000000 -0.000000 0 192
0.000000 -0.000000 -0.000000 0 0
0.000000 -0.000000 -0.000000 0 0
0.000000 -0.000000 -0.000000 0 128
0.000000 -0.000000 -0.000000 0 192
0.000000 -0.000000 -0.000000 0 0
0.000000 -0.000000 -0.000000 0 192
0.000000 -0.000000 -0.000000 0 192
0.000000 -0.000000 -0.000000 0 192
0.000000 -0.000000 -0.000000 0 192
0.000000 -0.000000 -0.000000 0 192
0.000000 -0.000000 -0.000000 0 0
0.000000 -0.000000 -0.000000 0 0
-0.885000 -0.170000 -0.605000 4 64
0.000000 -0.000000 -0.000000 0 0
-0.896000 -0.231000 -0.550000 7 64
-0.904000 -0.193000 -0.584000 8 0
-0.916000 -0.155000 -0.625000 9 0
-0.927000 -0.111000 -0.668000 8 64
-0.899000 -0.210000 -0.548000 15 0
-0.908000 -0.173000 -0.585000 11 0
-0.919000 -0.134000 -0.626000 13 0
-0.930000 -0.091000 -0.671000 13 0
-0.917000 -0.191000 -0.557000 19 0
-0.923000 -0.153000 -0.592000 13 0
-0.922000 -0.113000 -0.627000 13 0
-0.932000 -0.071000 -0.672000 15 0
-0.924000 -0.170000 -0.559000 18 0
-0.930000 -0.133000 -0.596000 14 0
-0.927000 -0.093000 -0.630000 14 0
-0.934000 -0.050000 -0.675000 15 0
-0.928000 -0.148000 -0.559000 19 0
-0.932000 -0.111000 -0.596000 14 0
-0.932000 -0.072000 -0.634000 13 0
-0.935000 -0.030000 -0.676000 15 0
-0.934000 -0.127000 -0.561000 19 0
-0.939000 -0.090000 -0.599000 14 0
-0.939000 -0.052000 -0.639000 14 0
-0.943000 -0.010000 -0.684000 15 0
-0.936000 -0.104000 -0.561000 19 0
-0.943000 -0.069000 -0.601000 14 0
-0.944000 -0.031000 -0.642000 14 0
-0.948000 0.010000 -0.688000 15 0
-0.942000 -0.082000 -0.563000 18 0
-0.951000 -0.047000 -0.607000 14 0
-0.948000 -0.010000 -0.646000 14 0
-0.954000 0.030000 -0.695000 15 0
-0.948000 -0.060000 -0.566000 19 0
-0.948000 -0.025000 -0.605000 14 0
-0.951000 0.010000 -0.649000 14 0
-0.952000 0.051000 -0.696000 15 0
-0.953000 -0.038000 -0.569000 18 0
-0.957000 -0.003000 -0.611000 14 0
-0.955000 0.032000 -0.653000 14 0
-0.956000 0.072000 -0.702000 15 0
-0.956000 -0.015000 -0.571000 18 0
-0.960000 0.018000 -0.614000 14 0
-0.959000 0.053000 -0.658000 14 0
-0.959000 0.093000 -0.707000 15 0
-0.964000 0.006000 -0.576000 19 0
-0.961000 0.040000 -0.616000 14 0
-0.961000 0.075000 -0.662000 14 0
-0.970000 0.115000 -0.718000 15 0
-0.971000 0.029000 -0.581000 19 0
-0.965000 0.062000 -0.620000 14 0
-0.970000 0.097000 -0.670000 14 0
-0.974000 0.137000 -0.724000 15 0
-0.965000 0.052000 -0.578000 17 0
-0.976000 0.086000 -0.629000 14 0
-0.973000 0.120000 -0.675000 14 0
-0.980000 0.159000 -0.732000 15 0
-0.978000 0.076000 -0.587000 18 0
-0.978000 0.109000 -0.633000 14 0
-0.980000 0.143000 -0.683000 14 0
-0.990000 0.182000 -0.744000 15 0
-0.978000 0.100000 -0.589000 17 0
-0.984000 0.132000 -0.639000 14 0
-0.989000 0.166000 -0.693000 14 0
-0.979000 0.202000 -0.741000 1 0
-0.987000 0.125000 -0.597000 17 0
-0.987000 0.156000 -0.644000 14 0
-0.998000 0.191000 -0.703000 10 0
-0.986000 0.225000 -0.750000 1 0
-0.988000 0.149000 -0.601000 16 0
-0.992000 0.181000 -0.651000 14 0
-0.987000 0.212000 -0.699000 1 0
-1.011000 0.254000 -0.775000 1 0
-0.993000 0.174000 -0.606000 16 0
-0.986000 0.203000 -0.650000 2 0
-0.994000 0.237000 -0.709000 1 0
-1.088000 0.298000 -0.840000 1 0
-0.987000 0.198000 -0.606000 2 0
-0.991000 0.228000 -0.658000 1 0
-1.091000 0.285000 -0.784000 1 0
-1.090000 0.324000 -0.849000 7 0
-0.992000 0.223000 -0.613000 2 0
-1.075000 0.274000 -0.719000 1 0
-1.094000 0.312000 -0.792000 1 0
-1.099000 0.352000 -0.862000 1 0
-1.063000 0.266000 -0.662000 1 0
-1.090000 0.305000 -0.734000 1 0
-1.098000 0.340000 -0.801000 1 0
-1.100000 0.378000 -0.871000 7 0
-1.089000 0.301000 -0.683000 2 0
-1.101000 0.335000 -0.748000 2 0
-1.103000 0.368000 -0.812000 1 0
-1.106000 0.407000 -0.884000 1 0
-1.099000 0.332000 -0.695000 1 0
-1.110000 0.366000 -0.760000 1 0
-1.107000 0.397000 -0.822000 1 0
-1.112000 0.436000 -0.896000 8 0
-1.100000 0.361000 -0.702000 2 0
-1.115000 0.397000 -0.772000 1 0
-1.115000 0.428000 -0.836000 1 0
-1.115000 0.465000 -0.908000 0 0
-1.113000 0.395000 -0.717000 1 0
-1.121000 0.428000 -0.783000 1 0
-1.122000 0.459000 -0.850000 1 0
-1.118000 0.494000 -0.920000 7 0
-1.116000 0.427000 -0.726000 1 0
-1.126000 0.460000 -0.795000 1 0
-1.119000 0.488000 -0.857000 8 0
-1.120000 0.523000 -0.931000 0 64
-1.122000 0.460000 -0.739000 1 0
-1.124000 0.490000 -0.803000 7 0
-1.130000 0.522000 -0.875000 0 0
-1.137000 0.561000 -0.956000 7 0
-1.131000 0.496000 -0.754000 9 0
-1.138000 0.528000 -0.822000 1 0
-1.135000 0.555000 -0.889000 7 0
-1.135000 0.590000 -0.966000 0 0
-1.139000 0.532000 -0.768000 0 0
-1.139000 0.561000 -0.834000 6 0
-1.147000 0.594000 -0.910000 1 0
-1.149000 0.628000 -0.990000 6 0
-1.144000 0.569000 -0.782000 8 0
-1.158000 0.604000 -0.859000 1 0
-1.149000 0.627000 -0.923000 6 0
-1.153000 0.663000 -1.007000 6 0
-1.151000 0.608000 -0.798000 0 0
-1.156000 0.637000 -0.869000 6 0
-1.164000 0.669000 -0.948000 1 0
-1.167000 0.703000 -1.032000 5 0
-1.164000 0.650000 -0.819000 7 0
-1.173000 0.683000 -0.895000 1 0
-1.162000 0.702000 -0.960000 5 0
-1.160000 0.733000 -1.040000 6 0
-1.168000 0.690000 -0.835000 0 0
-1.172000 0.718000 -0.908000 6 0
-1.168000 0.742000 -0.980000 6 0
-1.177000 0.779000 -1.071000 4 0
-1.178000 0.735000 -0.856000 7 0
-1.180000 0.762000 -0.929000 6 0
-1.191000 0.794000 -1.014000 4 0
-1.191000 0.824000 -1.100000 6 0
-0.964000 0.006000 -0.576000 19 0
-0.961000 0.040000 -0.616000 14 0
-0.961000 0.075000 -0.662000 14 0
-0.970000 0.115000 -0.718000 15 0
-0.971000 0.029000 -0.581000 19 0
-0.965000 0.062000 -0.620000 14 0
-0.970000 0.097000 -0.670000 14 0
-0.974000 0.137000 -0.724000 15 0
-0.965000 0.052000 -0.578000 17 0
-0.976000 0.086000 -0.629000 14 0
-0.973000 0.120000 -0.675000 14 0
-0.980000 0.159000 -0.732000 15 0
-0.978000 0.076000 -0.587000 18 0
-0.978000 0.109000 -0.633000 14 0
-0.980000 0.143000 -0.683000 14 0
-0.990000 0.182000 -0.744000 15 0
-0.978000 0.100000 -0.589000 17 0
-0.984000 0.132000 -0.639000 14 0
-0.989000 0.166000 -0.693000 14 0
-0.979000 0.202000 -0.741000 1 0
-0.987000 0.125000 -0.597000 17 0
-0.987000 0.156000 -0.644000 14 0
-0.998000 0.191000 -0.703000 10 0
-0.986000 0.225000 -0.750000 1 0
-0.988000 0.149000 -0.601000 16 0
-0.992000 0.181000 -0.651000 14 0
-0.987000 0.212000 -0.699000 1 0
-1.011000 0.254000 -0.775000 1 0
-0.993000 0.174000 -0.606000 16 0
-0.986000 0.203000 -0.650000 2 0
-0.994000 0.237000 -0.709000 1 0
-1.088000 0.298000 -0.840000 1 0
-0.987000 0.198000 -0.606000 2 0
-0.991000 0.228000 -0.658000 1 0
-1.091000 0.285000 -0.784000 1 0
-1.090000 0.324000 -0.849000 7 0
-0.992000 0.223000 -0.613000 2 0
-1.075000 0.274000 -0.719000 1 0
-1.094000 0.312000 -0.792000 1 0
-1.099000 0.352000 -0.862000 1 0
-1.063000 0.266000 -0.662000 1 0
-1.090000 0.305000 -0.734000 1 0
-1.098000 0.340000 -0.801000 1 0
-1.100000 0.378000 -0.871000 7 0
-1.089000 0.301000 -0.683000 2 0
-1.101000 0.335000 -0.748000 2 0
-1.103000 0.368000 -0.812000 1 0
-1.106000 0.407000 -0.884000 1 0
-1.099000 0.332000 -0.695000 1 0
-1.110000 0.366000 -0.760000 1 0
-1.107000 0.397000 -0.822000 1 0
-1.112000 0.436000 -0.896000 8 0
-1.100000 0.361000 -0.702000 2 0
-1.115000 0.397000 -0.772000 1 0
-1.115000 0.428000 -0.836000 1 0
-1.115000 0.465000 -0.908000 0 0
-1.113000 0.395000 -0.717000 1 0
-1.121000 0.428000 -0.783000 1 0
-1.122000 0.459000 -0.850000 1 0
-1.118000 0.494000 -0.920000 7 0
-1.116000 0.427000 -0.726000 1 0
-1.126000 0.460000 -0.795000 1 0
-1.119000 0.488000 -0.857000 8 0
-1.120000 0.523000 -0.931000 0 64
-1.122000 0.460000 -0.739000 1 0
-1.124000 0.490000 -0.803000 7 0
-1.130000 0.522000 -0.875000 0 0
-1.137000 0.561000 -0.956000 7 0
-1.131000 0.496000 -0.754000 9 0
-1.138000 0.528000 -0.822000 1 0
-1.135000 0.555000 -0.889000 7 0
-1.135000 0.590000 -0.966000 0 0
-1.139000 0.532000 -0.768000 0 0
-1.139000 0.561000 -0.834000 6 0
-1.147000 0.594000 -0.910000 1 0
-1.149000 0.628000 -0.990000 6 0
-1.144000 0.569000 -0.782000 8 0
-1.158000 0.604000 -0.859000 1 0
-1.149000 0.627000 -0.923000 6 0
-1.153000 0.663000 -1.007000 6 0
-1.151000 0.608000 -0.798000 0 0
-1.156000 0.637000 -0.869000 6 0
-1.164000 0.669000 -0.948000 1 0
-1.167000 0.703000 -1.032000 5 0
-1.164000 0.650000 -0.819000 7 0
-1.173000 0.683000 -0.895000 1 0
-1.162000 0.702000 -0.960000 5 0
-1.160000 0.733000 -1.040000 6 0
-1.168000 0.690000 -0.835000 0 0
-1.172000 0.718000 -0.908000 6 0
-1.168000 0.742000 -0.980000 6 0
-1.177000 0.779000 -1.071000 4 0
-1.178000 0.735000 -0.856000 7 0
-1.180000 0.762000 -0.929000 6 0
-1.191000 0.794000 -1.014000 4 0
-1.191000 0.824000 -1.100000 6 0
-1.186000 0.780000 -0.877000 6 0
-1.187000 0.806000 -0.951000 5 0
-1.186000 0.829000 -1.027000 5 0
-1.199000 0.867000 -1.124000 5 0
-1.199000 0.830000 -0.903000 6 0
-1.200000 0.856000 -0.978000 5 0
-1.202000 0.880000 -1.058000 4 0
-1.207000 0.913000 -1.151000 6 0
-1.207000 0.880000 -0.927000 5 0
-1.203000 0.900000 -0.999000 5 0
-1.215000 0.931000 -1.088000 4 0
-1.206000 0.952000 -1.169000 5 0
-1.219000 0.934000 -0.955000 5 0
-1.218000 0.956000 -1.031000 4 0
-1.222000 0.981000 -1.115000 5 0
-1.213000 0.999000 -1.196000 8 0
-1.232000 0.992000 -0.985000 6 0
-1.212000 0.998000 -1.047000 8 0
-1.192000 1.001000 -1.109000 7 0
-1.168000 1.005000 -1.174000 8 0
-1.183000 1.000000 -0.967000 8 0
-1.165000 1.005000 -1.028000 8 0
-1.156000 1.014000 -1.097000 7 0
-1.152000 1.033000 -1.179000 4 0
-1.166000 1.036000 -0.976000 5 0
-1.165000 1.053000 -1.051000 4 0
-1.170000 1.073000 -1.133000 8 0
-1.161000 1.086000 -1.211000 46 0
-1.190000 1.110000 -1.021000 45 0
-1.189000 1.126000 -1.097000 46 0
-1.188000 1.139000 -1.176000 44 0
-1.171000 1.142000 -1.247000 36 0
-1.201000 1.175000 -1.056000 46 0
-1.202000 1.191000 -1.136000 50 0
-1.188000 1.190000 -1.203000 45 0
-1.157000 1.177000 -1.258000 14 0
-1.216000 1.248000 -1.098000 44 0
-1.213000 1.259000 -1.175000 45 0
-1.196000 1.253000 -1.240000 31 0
-1.132000 1.201000 -1.258000 15 0
-1.232000 1.327000 -1.143000 50 0
-1.212000 1.318000 -1.206000 34 0
-1.180000 1.292000 -1.253000 17 0
-1.105000 1.222000 -1.256000 14 0
-1.244000 1.407000 -1.189000 42 0
-1.223000 1.393000 -1.251000 23 0
-1.154000 1.320000 -1.257000 13 0
-1.080000 1.246000 -1.258000 15 0
-1.253000 1.488000 -1.235000 33 0
-1.190000 1.421000 -1.253000 16 0
-1.118000 1.337000 -1.251000 13 0
-1.050000 1.264000 -1.254000 13 0
-1.229000 1.533000 -1.250000 17 0
-1.151000 1.440000 -1.248000 16 0
-1.087000 1.360000 -1.250000 13 0
-1.022000 1.284000 -1.252000 14 0
-1.186000 1.554000 -1.247000 16 0
-1.113000 1.460000 -1.245000 14 0
-1.055000 1.382000 -1.250000 14 0
-0.992000 1.301000 -1.247000 14 0
-1.146000 1.579000 -1.248000 16 0
-1.078000 1.484000 -1.246000 15 0
-1.021000 1.400000 -1.246000 14 0
-0.968000 1.327000 -1.252000 13 0
-1.100000 1.595000 -1.242000 15 0
-1.040000 1.503000 -1.244000 14 0
-0.990000 1.421000 -1.247000 14 0
-0.936000 1.340000 -1.246000 15 0
-1.059000 1.617000 -1.243000 14 0
-1.002000 1.523000 -1.242000 14 0
-0.953000 1.435000 -1.241000 14 0
-0.906000 1.358000 -1.244000 14 0
-1.013000 1.632000 -1.238000 16 0
-0.964000 1.540000 -1.240000 16 0
-0.919000 1.452000 -1.239000 15 0
-0.878000 1.377000 -1.244000 16 0
-0.970000 1.651000 -1.238000 17 0
-0.923000 1.554000 -1.236000 16 0
-0.884000 1.467000 -1.236000 16 0
-0.848000 1.394000 -1.243000 15 0
-0.926000 1.665000 -1.235000 16 0
-0.886000 1.572000 -1.236000 18 0
-0.850000 1.484000 -1.234000 16 0
-0.818000 1.410000 -1.241000 16 0
-0.882000 1.680000 -1.234000 15 0
-0.850000 1.593000 -1.239000 17 0
-0.819000 1.506000 -1.238000 19 0
-0.787000 1.424000 -1.238000 19 0
-0.840000 1.698000 -1.235000 16 0
-0.810000 1.606000 -1.237000 16 0
-0.784000 1.520000 -1.236000 18 0
-0.758000 1.442000 -1.238000 18 0
-0.795000 1.708000 -1.232000 15 0
-0.771000 1.620000 -1.235000 16 0
-0.749000 1.535000 -1.235000 18 0
-0.727000 1.456000 -1.236000 18 0
-1.186000 0.780000 -0.877000 6 0
-1.187000 0.806000 -0.951000 5 0
-1.186000 0.829000 -1.027000 5 0
-1.199000 0.867000 -1.124000 5 0
-1.199000 0.830000 -0.903000 6 0
-1.200000 0.856000 -0.978000 5 0
-1.202000 0.880000 -1.058000 4 0
-1.207000 0.913000 -1.151000 6 0
-1.207000 0.880000 -0.927000 5 0
-1.203000 0.900000 -0.999000 5 0
-1.215000 0.931000 -1.088000 4 0
-1.206000 0.952000 -1.169000 5 0
-1.219000 0.934000 -0.955000 5 0
-1.218000 0.956000 -1.031000 4 0
-1.222000 0.981000 -1.115000 5 0
-1.213000 0.999000 -1.196000 8 0
-1.232000 0.992000 -0.985000 6 0
-1.212000 0.998000 -1.047000 8 0
-1.192000 1.001000 -1.109000 7 0
-1.168000 1.005000 -1.174000 8 0
-1.183000 1.000000 -0.967000 8 0
-1.165000 1.005000 -1.028000 8 0
-1.156000 1.014000 -1.097000 7 0
-1.152000 1.033000 -1.179000 4 0
-1.166000 1.036000 -0.976000 5 0
-1.165000 1.053000 -1.051000 4 0
-1.170000 1.073000 -1.133000 8 0
-1.161000 1.086000 -1.211000 46 0
-1.190000 1.110000 -1.021000 45 0
-1.189000 1.126000 -1.097000 46 0
-1.188000 1.139000 -1.176000 44 0
-1.171000 1.142000 -1.247000 36 0
-1.201000 1.175000 -1.056000 46 0
-1.202000 1.191000 -1.136000 50 0
-1.188000 1.190000 -1.203000 45 0
-1.157000 1.177000 -1.258000 14 0
-1.216000 1.248000 -1.098000 44 0
-1.213000 1.259000 -1.175000 45 0
-1.196000 1.253000 -1.240000 31 0
-1.132000 1.201000 -1.258000 15 0
-1.232000 1.327000 -1.143000 50 0
-1.212000 1.318000 -1.206000 34 0
-1.180000 1.292000 -1.253000 17 0
-1.105000 1.222000 -1.256000 14 0
-1.244000 1.407000 -1.189000 42 0
-1.223000 1.393000 -1.251000 23 0
-1.154000 1.320000 -1.257000 13 0
-1.080000 1.246000 -1.258000 15 0
-1.253000 1.488000 -1.235000 33 0
-1.190000 1.421000 -1.253000 16 0
-1.118000 1.337000 -1.251000 13 0
-1.050000 1.264000 -1.254000 13 0
-1.229000 1.533000 -1.250000 17 0
-1.151000 1.440000 -1.248000 16 0
-1.087000 1.360000 -1.250000 13 0
-1.022000 1.284000 -1.252000 14 0
-1.186000 1.554000 -1.247000 16 0
-1.113000 1.460000 -1.245000 14 0
-1.055000 1.382000 -1.250000 14 0
-0.992000 1.301000 -1.247000 14 0
-1.146000 1.579000 -1.248000 16 0
-1.078000 1.484000 -1.246000 15 0
-1.021000 1.400000 -1.246000 14 0
-0.968000 1.327000 -1.252000 13 0
-1.100000 1.595000 -1.242000 15 0
-1.040000 1.503000 -1.244000 14 0
-0.990000 1.421000 -1.247000 14 0
-0.936000 1.340000 -1.246000 15 0
-1.059000 1.617000 -1.243000 14 0
-1.002000 1.523000 -1.242000 14 0
-0.953000 1.435000 -1.241000 14 0
-0.906000 1.358000 -1.244000 14 0
-1.013000 1.632000 -1.238000 16 0
-0.964000 1.540000 -1.240000 16 0
-0.919000 1.452000 -1.239000 15 0
-0.878000 1.377000 -1.244000 16 0
-0.970000 1.651000 -1.238000 17 0
-0.923000 1.554000 -1.236000 16 0
-0.884000 1.467000 -1.236000 16 0
-0.848000 1.394000 -1.243000 15 0
-0.926000 1.665000 -1.235000 16 0
-0.886000 1.572000 -1.236000 18 0
-0.850000 1.484000 -1.234000 16 0
-0.818000 1.410000 -1.241000 16 0
-0.882000 1.680000 -1.234000 15 0
-0.850000 1.593000 -1.239000 17 0
-0.819000 1.506000 -1.238000 19 0
-0.787000 1.424000 -1.238000 19 0
-0.840000 1.698000 -1.235000 16 0
-0.810000 1.606000 -1.237000 16 0
-0.784000 1.520000 -1.236000 18 0
-0.758000 1.442000 -1.238000 18 0
-0.795000 1.708000 -1.232000 15 0
-0.771000 1.620000 -1.235000 16 0
-0.749000 1.535000 -1.235000 18 0
-0.727000 1.456000 -1.236000 18 0
-0.750000 1.720000 -1.231000 16 0
-0.733000 1.636000 -1.236000 21 0
-0.714000 1.549000 -1.234000 17 0
-0.697000 1.472000 -1.237000 17 0
-0.707000 1.732000 -1.231000 16 0
-0.692000 1.646000 -1.234000 16 0
-0.680000 1.564000 -1.234000 17 0
-0.665000 1.486000 -1.235000 18 0
-0.660000 1.737000 -1.226000 17 0
-0.652000 1.657000 -1.232000 17 0
-0.644000 1.575000 -1.232000 16 0
-0.634000 1.500000 -1.235000 17 0
-0.617000 1.748000 -1.227000 16 0
-0.613000 1.668000 -1.232000 17 0
-0.608000 1.585000 -1.230000 17 0
-0.603000 1.514000 -1.235000 18 0
-0.573000 1.755000 -1.226000 16 0
-0.572000 1.676000 -1.230000 16 0
-0.572000 1.596000 -1.229000 17 0
-0.571000 1.527000 -1.234000 17 0
-0.528000 1.759000 -1.223000 15 0
-0.532000 1.684000 -1.229000 16 0
-0.536000 1.605000 -1.227000 16 0
-0.537000 1.534000 -1.230000 16 0
-0.484000 1.763000 -1.221000 18 0
-0.493000 1.693000 -1.229000 15 0
-0.499000 1.614000 -1.226000 16 0
-0.506000 1.548000 -1.231000 16 0
-0.441000 1.772000 -1.223000 20 0
-0.451000 1.695000 -1.225000 20 0
-0.465000 1.628000 -1.228000 18 0
-0.472000 1.555000 -1.227000 18 0
-0.396000 1.773000 -1.220000 19 0
-0.411000 1.698000 -1.222000 18 0
-0.427000 1.632000 -1.224000 20 0
-0.439000 1.563000 -1.224000 21 0
-0.352000 1.774000 -1.219000 18 0
-0.370000 1.702000 -1.220000 20 0
-0.390000 1.635000 -1.221000 19 0
-0.406000 1.572000 -1.224000 21 0
-0.308000 1.770000 -1.215000 20 0
-0.331000 1.705000 -1.219000 17 0
-0.353000 1.641000 -1.219000 18 0
-0.371000 1.576000 -1.219000 20 0
-0.265000 1.771000 -1.214000 18 0
-0.290000 1.702000 -1.214000 22 0
-0.317000 1.646000 -1.218000 20 0
-0.339000 1.587000 -1.220000 22 0
-0.221000 1.770000 -1.214000 19 0
-0.250000 1.704000 -1.213000 20 0
-0.280000 1.650000 -1.217000 18 0
-0.305000 1.595000 -1.220000 20 0
-0.178000 1.764000 -1.211000 18 0
-0.210000 1.706000 -1.213000 20 0
-0.243000 1.655000 -1.216000 19 0
-0.271000 1.600000 -1.218000 21 0
-0.136000 1.762000 -1.211000 17 0
-0.171000 1.707000 -1.213000 20 0
-0.206000 1.657000 -1.215000 19 0
-0.237000 1.604000 -1.215000 23 0
-0.094000 1.760000 -1.211000 12 0
-0.132000 1.706000 -1.211000 17 0
-0.170000 1.658000 -1.212000 18 0
-0.203000 1.610000 -1.214000 21 0
0.000000 -0.000000 -0.000000 0 0
-0.092000 1.699000 -1.207000 13 0
-0.133000 1.662000 -1.213000 17 0
-0.169000 1.615000 -1.214000 21 0
0.000000 -0.000000 -0.000000 0 128
-0.053000 1.698000 -1.207000 3 0
-0.096000 1.662000 -1.211000 16 0
-0.134000 1.618000 -1.212000 16 0
0.000000 -0.000000 -0.000000 0 128
0.000000 -0.000000 -0.000000 0 0
-0.059000 1.655000 -1.205000 6 0
-0.100000 1.625000 -1.213000 18 0
0.000000 -0.000000 -0.000000 0 192
0.000000 -0.000000 -0.000000 0 128
0.000000 -0.000000 -0.000000 0 0
-0.065000 1.623000 -1.209000 11 0
0.000000 -0.000000 -0.000000 0 192
0.000000 -0.000000 -0.000000 0 128
0.000000 -0.000000 -0.000000 0 192
0.000000 -0.000000 -0.000000 0 0
0.000000 -0.000000 -0.000000 0 192
0.000000 -0.000000 -0.000000 0 192
0.000000 -0.000000 -0.000000 0 128
0.000000 -0.000000 -0.000000 0 192
0.169000 1.505000 -1.065000 2 0
0.000000 -0.000000 -0.000000 0 192
0.000000 -0.000000 -0.000000 0 192
0.000000 -0.000000 -0.000000 0 192
0.195000 1.428000 -1.017000 16 0
0.000000 -0.000000 -0.000000 0 128
0.000000 -0.000000 -0.000000 0 192
0.000000 -0.000000 -0.000000 0 192
-0.750000 1.720000 -1.231000 16 0
-0.733000 1.636000 -1.236000 21 0
-0.714000 1.549000 -1.234000 17 0
-0.697000 1.472000 -1.237000 17 0
-0.707000 1.732000 -1.231000 16 0
-0.692000 1.646000 -1.234000 16 0
-0.680000 1.564000 -1.234000 17 0
-0.665000 1.486000 -1.235000 18 0
-0.660000 1.737000 -1.226000 17 0
-0.652000 1.657000 -1.232000 17 0
-0.644000 1.575000 -1.232000 16 0
-0.634000 1.500000 -1.235000 17 0
-0.617000 1.748000 -1.227000 16 0
-0.613000 1.668000 -1.232000 17 0
-0.608000 1.585000 -1.230000 17 0
-0.603000 1.514000 -1.235000 18 0
-0.573000 1.755000 -1.226000 16 0
-0.572000 1.676000 -1.230000 16 0
-0.572000 1.596000 -1.229000 17 0
-0.571000 1.527000 -1.234000 17 0
-0.528000 1.759000 -1.223000 15 0
-0.532000 1.684000 -1.229000 16 0
-0.536000 1.605000 -1.227000 16 0
-0.537000 1.534000 -1.230000 16 0
-0.484000 1.763000 -1.221000 18 0
-0.493000 1.693000 -1.229000 15 0
-0.499000 1.614000 -1.226000 16 0
-0.506000 1.548000 -1.231000 16 0
-0.441000 1.772000 -1.223000 20 0
-0.451000 1.695000 -1.225000 20 0
-0.465000 1.628000 -1.228000 18 0
-0.472000 1.555000 -1.227000 18 0
-0.396000 1.773000 -1.220000 19 0
-0.411000 1.698000 -1.222000 18 0
-0.427000 1.632000 -1.224000 20 0
-0.439000 1.563000 -1.224000 21 0
-0.352000 1.774000 -1.219000 18 0
-0.370000 1.702000 -1.220000 20 0
-0.390000 1.635000 -1.221000 19 0
-0.406000 1.572000 -1.224000 21 0
-0.308000 1.770000 -1.215000 20 0
-0.331000 1.705000 -1.219000 17 0
-0.353000 1.641000 -1.219000 18 0
-0.371000 1.576000 -1.219000 20 0
-0.265000 1.771000 -1.214000 18 0
-0.290000 1.702000 -1.214000 22 0
-0.317000 1.646000 -1.218000 20 0
-0.339000 1.587000 -1.220000 22 0
-0.221000 1.770000 -1.214000 19 0
-0.250000 1.704000 -1.213000 20 0
-0.280000 1.650000 -1.217000 18 0
-0.305000 1.595000 -1.220000 20 0
-0.178000 1.764000 -1.211000 18 0
-0.210000 1.706000 -1.213000 20 0
-0.243000 1.655000 -1.216000 19 0
-0.271000 1.600000 -1.218000 21 0
-0.136000 1.762000 -1.211000 17 0
-0.171000 1.707000 -1.213000 20 0
-0.206000 1.657000 -1.215000 19 0
-0.237000 1.604000 -1.215000 23 0
-0.094000 1.760000 -1.211000 12 0
-0.132000 1.706000 -1.211000 17 0
-0.170000 1.658000 -1.212000 18 0
-0.203000 1.610000 -1.214000 21 0
0.000000 -0.000000 -0.000000 0 0
-0.092000 1.699000 -1.207000 13 0
-0.133000 1.662000 -1.213000 17 0
-0.169000 1.615000 -1.214000 21 0
0.000000 -0.000000 -0.000000 0 128
-0.053000 1.698000 -1.207000 3 0
-0.096000 1.662000 -1.211000 16 0
-0.134000 1.618000 -1.212000 16 0
0.000000 -0.000000 -0.000000 0 128
0.000000 -0.000000 -0.000000 0 0
-0.059000 1.655000 -1.205000 6 0
-0.100000 1.625000 -1.213000 18 0
0.000000 -0.000000 -0.000000 0 192
0.000000 -0.000000 -0.000000 0 128
0.000000 -0.000000 -0.000000 0 0
-0.065000 1.623000 -1.209000 11 0
0.000000 -0.000000 -0.000000 0 192
0.000000 -0.000000 -0.000000 0 128
0.000000 -0.000000 -0.000000 0 192
0.000000 -0.000000 -0.000000 0 0
0.000000 -0.000000 -0.000000 0 192
0.000000 -0.000000 -0.000000 0 192
0.000000 -0.000000 -0.000000 0 128
0.000000 -0.000000 -0.000000 0 192
0.169000 1.505000 -1.065000 2 0
0.000000 -0.000000 -0.000000 0 192
0.000000 -0.000000 -0.000000 0 192
0.000000 -0.000000 -0.000000 0 192
0.195000 1.428000 -1.017000 16 0
0.000000 -0.000000 -0.000000 0 128
0.000000 -0.000000 -0.000000 0 192
0.000000 -0.000000 -0.000000 0 192
0.220000 1.374000 -0.985000 29 0
0.186000 1.450000 -1.051000 10 0
0.000000 -0.000000 -0.000000 0 192
0.000000 -0.000000 -0.000000 0 192
0.252000 1.363000 -0.985000 29 0
0.208000 1.374000 -1.001000 24 0
0.175000 1.476000 -1.083000 5 0
0.000000 -0.000000 -0.000000 0 192
0.282000 1.350000 -0.983000 29 0
0.235000 1.347000 -0.987000 28 0
0.197000 1.400000 -1.030000 14 0
0.166000 1.512000 -1.121000 2 0
0.310000 1.329000 -0.976000 24 0
0.265000 1.336000 -0.984000 25 0
0.219000 1.335000 -0.986000 23 0
0.189000 1.436000 -1.066000 10 0
0.341000 1.320000 -0.979000 23 0
0.296000 1.333000 -0.988000 27 0
0.247000 1.324000 -0.981000 26 0
0.210000 1.366000 -1.015000 19 0
0.371000 1.308000 -0.979000 25 0
0.323000 1.314000 -0.981000 28 0
0.281000 1.344000 -1.001000 6 0
0.232000 1.322000 -0.984000 30 0
0.400000 1.293000 -0.978000 25 0
0.353000 1.307000 -0.983000 26 0
0.305000 1.311000 -0.981000 25 0
0.260000 1.316000 -0.983000 31 0
0.428000 1.278000 -0.977000 27 0
0.382000 1.295000 -0.983000 27 0
0.339000 1.325000 -0.997000 6 0
0.287000 1.303000 -0.976000 23 0
0.455000 1.262000 -0.976000 27 0
0.410000 1.283000 -0.982000 27 0
0.363000 1.296000 -0.981000 25 0
0.318000 1.307000 -0.982000 31 0
0.485000 1.253000 -0.981000 30 0
0.437000 1.270000 -0.981000 28 0
0.396000 1.303000 -0.992000 6 0
0.348000 1.306000 -0.985000 30 0
0.528000 1.275000 -1.011000 32 0
0.466000 1.261000 -0.983000 32 0
0.418000 1.276000 -0.978000 26 0
0.376000 1.296000 -0.981000 30 0
0.568000 1.286000 -1.033000 31 0
0.501000 1.267000 -0.998000 31 0
0.453000 1.284000 -0.992000 6 0
0.404000 1.289000 -0.981000 28 0
0.609000 1.296000 -1.056000 33 0
0.540000 1.279000 -1.019000 33 0
0.475000 1.257000 -0.979000 31 0
0.431000 1.277000 -0.978000 30 0
0.648000 1.302000 -1.076000 31 0
0.580000 1.291000 -1.040000 31 0
0.515000 1.275000 -1.002000 7 0
0.459000 1.268000 -0.976000 31 0
0.693000 1.313000 -1.102000 30 0
0.619000 1.298000 -1.059000 32 0
0.552000 1.284000 -1.018000 33 0
0.490000 1.264000 -0.980000 39 0
0.734000 1.318000 -1.124000 30 0
0.659000 1.306000 -1.079000 33 0
0.591000 1.296000 -1.038000 35 0
0.527000 1.277000 -0.997000 35 0
0.781000 1.329000 -1.152000 30 0
0.703000 1.318000 -1.103000 29 0
0.631000 1.306000 -1.057000 31 0
0.566000 1.290000 -1.015000 35 0
0.828000 1.337000 -1.179000 20 0
0.745000 1.324000 -1.124000 31 0
0.670000 1.312000 -1.074000 33 0
0.603000 1.296000 -1.028000 33 0
0.856000 1.315000 -1.180000 13 0
0.792000 1.338000 -1.152000 29 0
0.714000 1.323000 -1.095000 32 0
0.643000 1.306000 -1.045000 35 0
0.884000 1.291000 -1.181000 13 0
0.835000 1.339000 -1.171000 22 0
0.754000 1.327000 -1.112000 32 0
0.685000 1.318000 -1.065000 33 0
0.909000 1.265000 -1.179000 13 0
0.869000 1.327000 -1.179000 14 0
0.802000 1.340000 -1.138000 30 0
0.727000 1.326000 -1.082000 33 0
0.933000 1.237000 -1.177000 13 0
0.896000 1.303000 -1.178000 13 0
0.851000 1.353000 -1.165000 30 0
0.771000 1.336000 -1.102000 38 0
0.958000 1.212000 -1.177000 13 0
0.924000 1.281000 -1.178000 13 0
0.892000 1.351000 -1.180000 16 0
0.816000 1.344000 -1.122000 44 0
0.990000 1.196000 -1.187000 7 0
0.953000 1.261000 -1.180000 14 0
0.923000 1.332000 -1.180000 13 0
0.865000 1.357000 -1.146000 34 0
0.220000 1.374000 -0.985000 29 0
0.186000 1.450000 -1.051000 10 0
0.000000 -0.000000 -0.000000 0 192
0.000000 -0.000000 -0.000000 0 192
0.252000 1.363000 -0.985000 29 0
0.208000 1.374000 -1.001000 24 0
0.175000 1.476000 -1.083000 5 0
0.000000 -0.000000 -0.000000 0 192
0.282000 1.350000 -0.983000 29 0
0.235000 1.347000 -0.987000 28 0
0.197000 1.400000 -1.030000 14 0
0.166000 1.512000 -1.121000 2 0
0.310000 1.329000 -0.976000 24 0
0.265000 1.336000 -0.984000 25 0
0.219000 1.335000 -0.986000 23 0
0.189000 1.436000 -1.066000 10 0
0.341000 1.320000 -0.979000 23 0
0.296000 1.333000 -0.988000 27 0
0.247000 1.324000 -0.981000 26 0
0.210000 1.366000 -1.015000 19 0
0.371000 1.308000 -0.979000 25 0
0.323000 1.314000 -0.981000 28 0
0.281000 1.344000 -1.001000 6 0
0.232000 1.322000 -0.984000 30 0
0.400000 1.293000 -0.978000 25 0
0.353000 1.307000 -0.983000 26 0
0.305000 1.311000 -0.981000 25 0
0.260000 1.316000 -0.983000 31 0
0.428000 1.278000 -0.977000 27 0
0.382000 1.295000 -0.983000 27 0
0.339000 1.325000 -0.997000 6 0
0.287000 1.303000 -0.976000 23 0
0.455000 1.262000 -0.976000 27 0
0.410000 1.283000 -0.982000 27 0
0.363000 1.296000 -0.981000 25 0
0.318000 1.307000 -0.982000 31 0
0.485000 1.253000 -0.981000 30 0
0.437000 1.270000 -0.981000 28 0
0.396000 1.303000 -0.992000 6 0
0.348000 1.306000 -0.985000 30 0
0.528000 1.275000 -1.011000 32 0
0.466000 1.261000 -0.983000 32 0
0.418000 1.276000 -0.978000 26 0
0.376000 1.296000 -0.981000 30 0
0.568000 1.286000 -1.033000 31 0
0.501000 1.267000 -0.998000 31 0
0.453000 1.284000 -0.992000 6 0
0.404000 1.289000 -0.981000 28 0
0.609000 1.296000 -1.056000 33 0
0.540000 1.279000 -1.019000 33 0
0.475000 1.257000 -0.979000 31 0
0.431000 1.277000 -0.978000 30 0
0.648000 1.302000 -1.076000 31 0
0.580000 1.291000 -1.040000 31 0
0.515000 1.275000 -1.002000 7 0
0.459000 1.268000 -0.976000 31 0
0.693000 1.313000 -1.102000 30 0
0.619000 1.298000 -1.059000 32 0
0.552000 1.284000 -1.018000 33 0
0.490000 1.264000 -0.980000 39 0
0.734000 1.318000 -1.124000 30 0
0.659000 1.306000 -1.079000 33 0
0.591000 1.296000 -1.038000 35 0
0.527000 1.277000 -0.997000 35 0
0.781000 1.329000 -1.152000 30 0
0.703000 1.318000 -1.103000 29 0
0.631000 1.306000 -1.057000 31 0
0.566000 1.290000 -1.015000 35 0
0.828000 1.337000 -1.179000 20 0
0.745000 1.324000 -1.124000 31 0
0.670000 1.312000 -1.074000 33 0
0.603000 1.296000 -1.028000 33 0
0.856000 1.315000 -1.180000 13 0
0.792000 1.338000 -1.152000 29 0
0.714000 1.323000 -1.095000 32 0
0.643000 1.306000 -1.045000 35 0
0.884000 1.291000 -1.181000 13 0
0.835000 1.339000 -1.171000 22 0
0.754000 1.327000 -1.112000 32 0
0.685000 1.318000 -1.065000 33 0
0.909000 1.265000 -1.179000 13 0
0.869000 1.327000 -1.179000 14 0
0.802000 1.340000 -1.138000 30 0
0.727000 1.326000 -1.082000 33 0
0.933000 1.237000 -1.177000 13 0
0.896000 1.303000 -1.178000 13 0
0.851000 1.353000 -1.165000 30 0
0.771000 1.336000 -1.102000 38 0
0.958000 1.212000 -1.177000 13 0
0.924000 1.281000 -1.178000 13 0
0.892000 1.351000 -1.180000 16 0
0.816000 1.344000 -1.122000 44 0
0.990000 1.196000 -1.187000 7 0
0.953000 1.261000 -1.180000 14 0
0.923000 1.332000 -1.180000 13 0
0.865000 1.357000 -1.146000 34 0
0.999000 1.152000 -1.170000 2 0
0.977000 1.234000 -1.177000 13 0
0.949000 1.307000 -1.176000 13 0
0.914000 1.366000 -1.169000 25 0
0.000000 -0.000000 -0.000000 0 0
1.002000 1.210000 -1.177000 7 0
0.976000 1.282000 -1.173000 12 0
0.950000 1.353000 -1.173000 15 0
0.000000 -0.000000 -0.000000 0 192
1.024000 1.181000 -1.173000 2 0
1.003000 1.259000 -1.173000 11 0
0.983000 1.336000 -1.176000 13 0
0.000000 -0.000000 -0.000000 0 128
0.000000 -0.000000 -0.000000 0 0
1.033000 1.239000 -1.175000 5 0
1.013000 1.314000 -1.175000 13 0
0.000000 -0.000000 -0.000000 0 128
0.000000 -0.000000 -0.000000 0 192
0.000000 -0.000000 -0.000000 0 0
1.046000 1.296000 -1.177000 10 0
0.000000 -0.000000 -0.000000 0 128
0.000000 -0.000000 -0.000000 0 128
0.000000 -0.000000 -0.000000 0 192
1.071000 1.268000 -1.171000 2 0
0.000000 -0.000000 -0.000000 0 128
0.000000 -0.000000 -0.000000 0 128
0.000000 -0.000000 -0.000000 0 128
0.000000 -0.000000 -0.000000 0 0
0.000000 -0.000000 -0.000000 0 128
0.000000 -0.000000 -0.000000 0 128
0.000000 -0.000000 -0.000000 0 128
0.000000 -0.000000 -0.000000 0 192
0.000000 -0.000000 -0.000000 0 128
0.000000 -0.000000 -0.000000 0 128
0.000000 -0.000000 -0.000000 0 128
0.000000 -0.000000 -0.000000 0 128
0.000000 -0.000000 -0.000000 0 128
0.000000 -0.000000 -0.000000 0 128
0.000000 -0.000000 -0.000000 0 128
0.000000 -0.000000 -0.000000 0 128
0.000000 -0.000000 -0.000000 0 128
0.000000 -0.000000 -0.000000 0 128
0.000000 -0.000000 -0.000000 0 128
0.000000 -0.000000 -0.000000 0 128
0.000000 -0.000000 -0.000000 0 128
0.000000 -0.000000 -0.000000 0 128
0.000000 -0.000000 -0.000000 0 128
0.000000 -0.000000 -0.000000 0 128
0.000000 -0.000000 -0.000000 0 128
0.000000 -0.000000 -0.000000 0 128
0.000000 -0.000000 -0.000000 0 128
0.000000 -0.000000 -0.000000 0 128
0.000000 -0.000000 -0.000000 0 128
0.000000 -0.000000 -0.000000 0 128
0.000000 -0.000000 -0.000000 0 128
0.000000 -0.000000 -0.000000 0 128
0.000000 -0.000000 -0.000000 0 128
0.000000 -0.000000 -0.000000 0 128
0.000000 -0.000000 -0.000000 0 128
0.000000 -0.000000 -0.000000 0 128
0.000000 -0.000000 -0.000000 0 128
0.000000 -0.000000 -0.000000 0 128
0.000000 -0.000000 -0.000000 0 128
0.000000 -0.000000 -0.000000 0 128
0.000000 -0.000000 -0.000000 0 192
0.000000 -0.000000 -0.000000 0 128
0.000000 -0.000000 -0.000000 0 128
0.000000 -0.000000 -0.000000 0 128
0.000000 -0.000000 -0.000000 0 128
0.000000 -0.000000 -0.000000 0 128
0.000000 -0.000000 -0.000000 0 128
0.000000 -0.000000 -0.000000 0 128
0.000000 -0.000000 -0.000000 0 192
0.000000 -0.000000 -0.000000 0 192
0.000000 -0.000000 -0.000000 0 128
0.000000 -0.000000 -0.000000 0 128
0.000000 -0.000000 -0.000000 0 128
0.000000 -0.000000 -0.000000 0 128
0.000000 -0.000000 -0.000000 0 192
0.000000 -0.000000 -0.000000 0 192
0.000000 -0.000000 -0.000000 0 128
0.000000 -0.000000 -0.000000 0 128
0.000000 -0.000000 -0.000000 0 128
0.000000 -0.000000 -0.000000 0 128
0.000000 -0.000000 -0.000000 0 128
0.000000 -0.000000 -0.000000 0 128
0.000000 -0.000000 -0.000000 0 128
0.000000 -0.000000 -0.000000 0 128
0.000000 -0.000000 -0.000000 0 128
0.000000 -0.000000 -0.000000 0 128
0.000000 -0.000000 -0.000000 0 128
0.000000 -0.000000 -0.000000 0 128
0.000000 -0.000000 -0.000000 0 128
0.000000 -0.000000 -0.000000 0 128
0.000000 -0.000000 -0.000000 0 0
0.000000 -0.000000 -0.000000 0 0
0.999000 1.152000 -1.170000 2 0
0.977000 1.234000 -1.177000 13 0
0.949000 1.307000 -1.176000 13 0
0.914000 1.366000 -1.169000 25 0
0.000000 -0.000000 -0.000000 0 0
1.002000 1.210000 -1.177000 7 0
0.976000 1.282000 -1.173000 12 0
0.950000 1.353000 -1.173000 15 0
0.000000 -0.000000 -0.000000 0 192
1.024000 1.181000 -1.173000 2 0
1.003000 1.259000 -1.173000 11 0
0.983000 1.336000 -1.176000 13 0
0.000000 -0.000000 -0.000000 0 128
0.000000 -0.000000 -0.000000 0 0
1.033000 1.239000 -1.175000 5 0
1.013000 1.314000 -1.175000 13 0
0.000000 -0.000000 -0.000000 0 128
0.000000 -0.000000 -0.000000 0 192
0.000000 -0.000000 -0.000000 0 0
1.046000 1.296000 -1.177000 10 0
0.000000 -0.000000 -0.000000 0 128
0.000000 -0.000000 -0.000000 0 128
0.000000 -0.000000 -0.000000 0 192
1.071000 1.268000 -1.171000 2 0
0.000000 -0.000000 -0.000000 0 128
0.000000 -0.000000 -0.000000 0 128
0.000000 -0.000000 -0.000000 0 128
0.000000 -0.000000 -0.000000 0 0
0.000000 -0.000000 -0.000000 0 128
0.000000 -0.000000 -0.000000 0 128
0.000000 -0.000000 -0.000000 0 128
0.000000 -0.000000 -0.000000 0 192
0.000000 -0.000000 -0.000000 0 128
0.000000 -0.000000 -0.000000 0 128
0.000000 -0.000000 -0.000000 0 128
0.000000 -0.000000 -0.000000 0 128
0.000000 -0.000000 -0.000000 0 128
0.000000 -0.000000 -0.000000 0 128
0.000000 -0.000000 -0.000000 0 128
0.000000 -0.000000 -0.000000 0 128
0.000000 -0.000000 -0.000000 0 128
0.000000 -0.000000 -0.000000 0 128
0.000000 -0.000000 -0.000000 0 128
0.000000 -0.000000 -0.000000 0 128
0.000000 -0.000000 -0.000000 0 128
0.000000 -0.000000 -0.000000 0 128
0.000000 -0.000000 -0.000000 0 128
0.000000 -0.000000 -0.000000 0 128
0.000000 -0.000000 -0.000000 0 128
0.000000 -0.000000 -0.000000 0 128
0.000000 -0.000000 -0.000000 0 128
0.000000 -0.000000 -0.000000 0 128
0.000000 -0.000000 -0.000000 0 128
0.000000 -0.000000 -0.000000 0 128
0.000000 -0.000000 -0.000000 0 128
0.000000 -0.000000 -0.000000 0 128
0.000000 -0.000000 -0.000000 0 128
0.000000 -0.000000 -0.000000 0 128
0.000000 -0.000000 -0.000000 0 128
0.000000 -0.000000 -0.000000 0 128
0.000000 -0.000000 -0.000000 0 128
0.000000 -0.000000 -0.000000 0 128
0.000000 -0.000000 -0.000000 0 128
0.000000 -0.000000 -0.000000 0 128
0.000000 -0.000000 -0.000000 0 192
0.000000 -0.000000 -0.000000 0 128
0.000000 -0.000000 -0.000000 0 128
0.000000 -0.000000 -0.000000 0 128
0.000000 -0.000000 -0.000000 0 128
0.000000 -0.000000 -0.000000 0 128
0.000000 -0.000000 -0.000000 0 128
0.000000 -0.000000 -0.000000 0 128
0.000000 -0.000000 -0.000000 0 192
0.000000 -0.000000 -0.000000 0 192
0.000000 -0.000000 -0.000000 0 128
0.000000 -0.000000 -0.000000 0 128
0.000000 -0.000000 -0.000000 0 128
0.000000 -0.000000 -0.000000 0 128
0.000000 -0.000000 -0.000000 0 192
0.000000 -0.000000 -0.000000 0 192
0.000000 -0.000000 -0.000000 0 128
0.000000 -0.000000 -0.000000 0 128
0.000000 -0.000000 -0.000000 0 128
0.000000 -0.000000 -0.000000 0 128
0.000000 -0.000000 -0.000000 0 128
0.000000 -0.000000 -0.000000 0 128
0.000000 -0.000000 -0.000000 0 128
0.000000 -0.000000 -0.000000 0 128
0.000000 -0.000000 -0.000000 0 128
0.000000 -0.000000 -0.000000 0 128
0.000000 -0.000000 -0.000000 0 128
0.000000 -0.000000 -0.000000 0 128
0.000000 -0.000000 -0.000000 0 128
0.000000 -0.000000 -0.000000 0 128
0.000000 -0.000000 -0.000000 0 0
0.000000 -0.000000 -0.000000 0 0
0.000000 -0.000000 -0.000000 0 128
0.000000 -0.000000 -0.000000 0 0
0.000000 -0.000000 -0.000000 0 0
0.000000 -0.000000 -0.000000 0 0
0.000000 -0.000000 -0.000000 0 128
0.000000 -0.000000 -0.000000 0 0
0.000000 -0.000000 -0.000000 0 128
0.000000 -0.000000 -0.000000 0 128
0.000000 -0.000000 -0.000000 0 128
0.000000 -0.000000 -0.000000 0 0
0.000000 -0.000000 -0.000000 0 128
0.000000 -0.000000 -0.000000 0 128
0.000000 -0.000000 -0.000000 0 128
0.000000 -0.000000 -0.000000 0 0
0.000000 -0.000000 -0.000000 0 0
0.000000 -0.000000 -0.000000 0 128
0.000000 -0.000000 -0.000000 0 128
0.000000 -0.000000 -0.000000 0 0
0.000000 -0.000000 -0.000000 0 0
0.000000 -0.000000 -0.000000 0 128
0.000000 -0.000000 -0.000000 0 128
0.000000 -0.000000 -0.000000 0 0
0.000000 -0.000000 -0.000000 0 0
0.000000 -0.000000 -0.000000 0 0
0.000000 -0.000000 -0.000000 0 128
0.000000 -0.000000 -0.000000 0 0
0.000000 -0.000000 -0.000000 0 0
0.000000 -0.000000 -0.000000 0 0
0.000000 -0.000000 -0.000000 0 128
0.000000 -0.000000 -0.000000 0 0
0.000000 -0.000000 -0.000000 0 0
0.000000 -0.000000 -0.000000 0 0
0.000000 -0.000000 -0.000000 0 128
0.000000 -0.000000 -0.000000 0 0
0.000000 -0.000000 -0.000000 0 0
0.000000 -0.000000 -0.000000 0 0
0.000000 -0.000000 -0.000000 0 128
0.000000 -0.000000 -0.000000 0 0
0.000000 -0.000000 -0.000000 0 0
0.000000 -0.000000 -0.000000 0 0
0.000000 -0.000000 -0.000000 0 128
0.000000 -0.000000 -0.000000 0 0
0.000000 -0.000000 -0.000000 0 0
0.000000 -0.000000 -0.000000 0 0
0.000000 -0.000000 -0.000000 0 128
0.000000 -0.000000 -0.000000 0 0
0.000000 -0.000000 -0.000000 0 0
0.000000 -0.000000 -0.000000 0 0
0.000000 -0.000000 -0.000000 0 128
0.000000 -0.000000 -0.000000 0 0
0.000000 -0.000000 -0.000000 0 0
0.000000 -0.000000 -0.000000 0 0
0.000000 -0.000000 -0.000000 0 128
0.000000 -0.000000 -0.000000 0 0
0.000000 -0.000000 -0.000000 0 0
0.000000 -0.000000 -0.000000 0 0
0.000000 -0.000000 -0.000000 0 128
0.000000 -0.000000 -0.000000 0 0
0.000000 -0.000000 -0.000000 0 0
0.000000 -0.000000 -0.000000 0 0
0.000000 -0.000000 -0.000000 0 128
0.000000 -0.000000 -0.000000 0 0
0.000000 -0.000000 -0.000000 0 0
0.000000 -0.000000 -0.000000 0 0
0.000000 -0.000000 -0.000000 0 128
0.000000 -0.000000 -0.000000 0 0
0.000000 -0.000000 -0.000000 0 0
0.000000 -0.000000 -0.000000 0 0
0.000000 -0.000000 -0.000000 0 128
0.000000 -0.000000 -0.000000 0 0
0.000000 -0.000000 -0.000000 0 0
0.000000 -0.000000 -0.000000 0 0
0.000000 -0.000000 -0.000000 0 128
0.000000 -0.000000 -0.000000 0 0
0.000000 -0.000000 -0.000000 0 0
0.000000 -0.000000 -0.000000 0 0
0.000000 -0.000000 -0.000000 0 128
0.000000 -0.000000 -0.000000 0 0
0.000000 -0.000000 -0.000000 0 0
0.000000 -0.000000 -0.000000 0 0
0.000000 -0.000000 -0.000000 0 128
0.000000 -0.000000 -0.000000 0 0
0.000000 -0.000000 -0.000000 0 0
0.000000 -0.000000 -0.000000 0 0
0.000000 -0.000000 -0.000000 0 128
0.000000 -0.000000 -0.000000 0 0
0.000000 -0.000000 -0.000000 0 0
0.000000 -0.000000 -0.000000 0 0
0.000000 -0.000000 -0.000000 0 0
0.000000 -0.000000 -0.000000 0 0
0.000000 -0.000000 -0.000000 0 0
0.000000 -0.000000 -0.000000 0 0
0.000000 -0.000000 -0.000000 0 0
0.000000 -0.000000 -0.000000 0 0
0.000000 -0.000000 -0.000000 0 0
0.000000 -0.000000 -0.000000 0 0
0.000000 -0.000000 -0.000000 0 128
0.000000 -0.000000 -0.000000 0 0
0.000000 -0.000000 -0.000000 0 0
0.000000 -0.000000 -0.000000 0 0
0.000000 -0.000000 -0.000000 0 128
0.000000 -0.000000 -0.000000 0 0
0.000000 -0.000000 -0.000000 0 128
0.000000 -0.000000 -0.000000 0 128
0.000000 -0.000000 -0.000000 0 128
0.000000 -0.000000 -0.000000 0 0
0.000000 -0.000000 -0.000000 0 128
0.000000 -0.000000 -0.000000 0 128
0.000000 -0.000000 -0.000000 0 128
0.000000 -0.000000 -0.000000 0 0
0.000000 -0.000000 -0.000000 0 0
0.000000 -0.000000 -0.000000 0 128
0.000000 -0.000000 -0.000000 0 128
0.000000 -0.000000 -0.000000 0 0
0.000000 -0.000000 -0.000000 0 0
0.000000 -0.000000 -0.000000 0 128
0.000000 -0.000000 -0.000000 0 128
0.000000 -0.000000 -0.000000 0 0
0.000000 -0.000000 -0.000000 0 0
0.000000 -0.000000 -0.000000 0 0
0.000000 -0.000000 -0.000000 0 128
0.000000 -0.000000 -0.000000 0 0
0.000000 -0.000000 -0.000000 0 0
0.000000 -0.000000 -0.000000 0 0
0.000000 -0.000000 -0.000000 0 128
0.000000 -0.000000 -0.000000 0 0
0.000000 -0.000000 -0.000000 0 0
0.000000 -0.000000 -0.000000 0 0
0.000000 -0.000000 -0.000000 0 128
0.000000 -0.000000 -0.000000 0 0
0.000000 -0.000000 -0.000000 0 0
0.000000 -0.000000 -0.000000 0 0
0.000000 -0.000000 -0.000000 0 128
0.000000 -0.000000 -0.000000 0 0
0.000000 -0.000000 -0.000000 0 0
0.000000 -0.000000 -0.000000 0 0
0.000000 -0.000000 -0.000000 0 128
0.000000 -0.000000 -0.000000 0 0
0.000000 -0.000000 -0.000000 0 0
0.000000 -0.000000 -0.000000 0 0
0.000000 -0.000000 -0.000000 0 128
0.000000 -0.000000 -0.000000 0 0
0.000000 -0.000000 -0.000000 0 0
0.000000 -0.000000 -0.000000 0 0
0.000000 -0.000000 -0.000000 0 128
0.000000 -0.000000 -0.000000 0 0
0.000000 -0.000000 -0.000000 0 0
0.000000 -0.000000 -0.000000 0 0
0.000000 -0.000000 -0.000000 0 128
0.000000 -0.000000 -0.000000 0 0
0.000000 -0.000000 -0.000000 0 0
0.000000 -0.000000 -0.000000 0 0
0.000000 -0.000000 -0.000000 0 128
0.000000 -0.000000 -0.000000 0 0
0.000000 -0.000000 -0.000000 0 0
0.000000 -0.000000 -0.000000 0 0
0.000000 -0.000000 -0.000000 0 128
0.000000 -0.000000 -0.000000 0 0
0.000000 -0.000000 -0.000000 0 0
0.000000 -0.000000 -0.000000 0 0
0.000000 -0.000000 -0.000000 0 128
0.000000 -0.000000 -0.000000 0 0
0.000000 -0.000000 -0.000000 0 0
0.000000 -0.000000 -0.000000 0 0
0.000000 -0.000000 -0.000000 0 128
0.000000 -0.000000 -0.000000 0 0
0.000000 -0.000000 -0.000000 0 0
0.000000 -0.000000 -0.000000 0 0
0.000000 -0.000000 -0.000000 0 128
0.000000 -0.000000 -0.000000 0 0
0.000000 -0.000000 -0.000000 0 0
0.000000 -0.000000 -0.000000 0 0
0.000000 -0.000000 -0.000000 0 128
0.000000 -0.000000 -0.000000 0 0
0.000000 -0.000000 -0.000000 0 0
0.000000 -0.000000 -0.000000 0 0
0.000000 -0.000000 -0.000000 0 128
0.000000 -0.000000 -0.000000 0 0
0.000000 -0.000000 -0.000000 0 0
0.000000 -0.000000 -0.000000 0 0
0.000000 -0.000000 -0.000000 0 128
0.000000 -0.000000 -0.000000 0 0
0.000000 -0.000000 -0.000000 0 0
0.000000 -0.000000 -0.000000 0 0
0.000000 -0.000000 -0.000000 0 0
0.000000 -0.000000 -0.000000 0 0
0.000000 -0.000000 -0.000000 0 0
0.000000 -0.000000 -0.000000 0 0
0.000000 -0.000000 -0.000000 0 0
0.000000 -0.000000 -0.000000 0 0
0.000000 -0.000000 -0.000000 0 0
0.000000 -0.000000 -0.000000 0 0
0.000000 -0.000000 -0.000000 0 128
0.000000 -0.000000 -0.000000 0 0
0.000000 -0.000000 -0.000000 0 0
0.000000 -0.000000 -0.000000 0 0
0.000000 -0.000000 -0.000000 0 128
0.000000 -0.000000 -0.000000 0 0
0.000000 -0.000000 -0.000000 0 0
0.000000 -0.000000 -0.000000 0 0
0.000000 -0.000000 -0.000000 0 0
0.000000 -0.000000 -0.000000 0 128
0.000000 -0.000000 -0.000000 0 0
0.000000 -0.000000 -0.000000 0 0
0.000000 -0.000000 -0.000000 0 0
0.000000 -0.000000 -0.000000 0 128
0.000000 -0.000000 -0.000000 0 0
0.000000 -0.000000 -0.000000 0 0
0.000000 -0.000000 -0.000000 0 0
0.000000 -0.000000 -0.000000 0 0
0.000000 -0.000000 -0.000000 0 0
0.000000 -0.000000 -0.000000 0 0
0.000000 -0.000000 -0.000000 0 0
0.000000 -0.000000 -0.000000 0 0
0.000000 -0.000000 -0.000000 0 0
0.000000 -0.000000 -0.000000 0 0
0.000000 -0.000000 -0.000000 0 128
0.000000 -0.000000 -0.000000 0 0
0.000000 -0.000000 -0.000000 0 0
0.000000 -0.000000 -0.000000 0 0
0.000000 -0.000000 -0.000000 0 128
0.000000 -0.000000 -0.000000 0 0
0.000000 -0.000000 -0.000000 0 0
0.000000 -0.000000 -0.000000 0 0
0.000000 -0.000000 -0.000000 0 128
0.000000 -0.000000 -0.000000 0 0
0.000000 -0.000000 -0.000000 0 0
0.000000 -0.000000 -0.000000 0 0
0.000000 -0.000000 -0.000000 0 128
0.000000 -0.000000 -0.000000 0 128
0.000000 -0.000000 -0.000000 0 0
0.000000 -0.000000 -0.000000 0 0
0.000000 -0.000000 -0.000000 0 192
0.000000 -0.000000 -0.000000 0 128
0.000000 -0.000000 -0.000000 0 0
0.000000 -0.000000 -0.000000 0 128
0.000000 -0.000000 -0.000000 0 128
0.000000 -0.000000 -0.000000 0 128
0.000000 -0.000000 -0.000000 0 0
0.000000 -0.000000 -0.000000 0 128
0.000000 -0.000000 -0.000000 0 128
0.000000 -0.000000 -0.000000 0 128
0.000000 -0.000000 -0.000000 0 128
0.000000 -0.000000 -0.000000 0 128
0.000000 -0.000000 -0.000000 0 128
0.000000 -0.000000 -0.000000 0 192
0.000000 -0.000000 -0.000000 0 128
0.000000 -0.000000 -0.000000 0 0
0.000000 -0.000000 -0.000000 0 128
0.000000 -0.000000 -0.000000 0 128
0.000000 -0.000000 -0.000000 0 128
0.000000 -0.000000 -0.000000 0 128
0.000000 -0.000000 -0.000000 0 128
0.000000 -0.000000 -0.000000 0 128
0.000000 -0.000000 -0.000000 0 128
0.000000 -0.000000 -0.000000 0 128
0.000000 -0.000000 -0.000000 0 128
0.000000 -0.000000 -0.000000 0 128
0.000000 -0.000000 -0.000000 0 128
0.000000 -0.000000 -0.000000 0 128
0.000000 -0.000000 -0.000000 0 128
0.000000 -0.000000 -0.000000 0 128
0.000000 -0.000000 -0.000000 0 128
0.000000 -0.000000 -0.000000 0 128
0.000000 -0.000000 -0.000000 0 128
0.000000 -0.000000 -0.000000 0 128
0.000000 -0.000000 -0.000000 0 128
0.000000 -0.000000 -0.000000 0 128
0.000000 -0.000000 -0.000000 0 128
0.000000 -0.000000 -0.000000 0 128
0.000000 -0.000000 -0.000000 0 128
0.000000 -0.000000 -0.000000 0 128
0.000000 -0.000000 -0.000000 0 128
0.000000 -0.000000 -0.000000 0 128
0.000000 -0.000000 -0.000000 0 128
0.000000 -0.000000 -0.000000 0 128
0.000000 -0.000000 -0.000000 0 128
0.000000 -0.000000 -0.000000 0 128
0.000000 -0.000000 -0.000000 0 128
0.000000 -0.000000 -0.000000 0 128
0.000000 -0.000000 -0.000000 0 128
0.000000 -0.000000 -0.000000 0 128
0.000000 -0.000000 -0.000000 0 128
0.000000 -0.000000 -0.000000 0 128
0.000000 -0.000000 -0.000000 0 128
0.000000 -0.000000 -0.000000 0 128
0.000000 -0.000000 -0.000000 0 128
0.000000 -0.000000 -0.000000 0 128
0.000000 -0.000000 -0.000000 0 128
0.000000 -0.000000 -0.000000 0 0
0.000000 -0.000000 -0.000000 0 0
0.000000 -0.000000 -0.000000 0 0
0.000000 -0.000000 -0.000000 0 128
0.000000 -0.000000 -0.000000 0 0
0.000000 -0.000000 -0.000000 0 0
0.000000 -0.000000 -0.000000 0 0
0.000000 -0.000000 -0.000000 0 0
0.000000 -0.000000 -0.000000 0 128
0.000000 -0.000000 -0.000000 0 0
0.000000 -0.000000 -0.000000 0 0
0.000000 -0.000000 -0.000000 0 0
0.000000 -0.000000 -0.000000 0 128
0.000000 -0.000000 -0.000000 0 0
0.000000 -0.000000 -0.000000 0 0
0.000000 -0.000000 -0.000000 0 0
0.000000 -0.000000 -0.000000 0 0
0.000000 -0.000000 -0.000000 0 0
0.000000 -0.000000 -0.000000 0 0
0.000000 -0.000000 -0.000000 0 0
0.000000 -0.000000 -0.000000 0 0
0.000000 -0.000000 -0.000000 0 0
0.000000 -0.000000 -0.000000 0 0
0.000000 -0.000000 -0.000000 0 128
0.000000 -0.000000 -0.000000 0 0
0.000000 -0.000000 -0.000000 0 0
0.000000 -0.000000 -0.000000 0 0
0.000000 -0.000000 -0.000000 0 128
0.000000 -0.000000 -0.000000 0 0
0.000000 -0.000000 -0.000000 0 0
0.000000 -0.000000 -0.000000 0 0
0.000000 -0.000000 -0.000000 0 128
0.000000 -0.000000 -0.000000 0 0
0.000000 -0.000000 -0.000000 0 0
0.000000 -0.000000 -0.000000 0 0
0.000000 -0.000000 -0.000000 0 128
0.000000 -0.000000 -0.000000 0 128
0.000000 -0.000000 -0.000000 0 0
0.000000 -0.000000 -0.000000 0 0
0.000000 -0.000000 -0.000000 0 192
0.000000 -0.000000 -0.000000 0 128
0.000000 -0.000000 -0.000000 0 0
0.000000 -0.000000 -0.000000 0 128
0.000000 -0.000000 -0.000000 0 128
0.000000 -0.000000 -0.000000 0 128
0.000000 -0.000000 -0.000000 0 0
0.000000 -0.000000 -0.000000 0 128
0.000000 -0.000000 -0.000000 0 128
0.000000 -0.000000 -0.000000 0 128
0.000000 -0.000000 -0.000000 0 128
0.000000 -0.000000 -0.000000 0 128
0.000000 -0.000000 -0.000000 0 128
0.000000 -0.000000 -0.000000 0 192
0.000000 -0.000000 -0.000000 0 128
0.000000 -0.000000 -0.000000 0 0
0.000000 -0.000000 -0.000000 0 128
0.000000 -0.000000 -0.000000 0 128
0.000000 -0.000000 -0.000000 0 128
0.000000 -0.000000 -0.000000 0 128
0.000000 -0.000000 -0.000000 0 128
0.000000 -0.000000 -0.000000 0 128
0.000000 -0.000000 -0.000000 0 128
0.000000 -0.000000 -0.000000 0 128
0.000000 -0.000000 -0.000000 0 128
0.000000 -0.000000 -0.000000 0 128
0.000000 -0.000000 -0.000000 0 128
0.000000 -0.000000 -0.000000 0 128
0.000000 -0.000000 -0.000000 0 128
0.000000 -0.000000 -0.000000 0 128
0.000000 -0.000000 -0.000000 0 128
0.000000 -0.000000 -0.000000 0 128
0.000000 -0.000000 -0.000000 0 128
0.000000 -0.000000 -0.000000 0 128
0.000000 -0.000000 -0.000000 0 128
0.000000 -0.000000 -0.000000 0 128
0.000000 -0.000000 -0.000000 0 128
0.000000 -0.000000 -0.000000 0 128
0.000000 -0.000000 -0.000000 0 128
0.000000 -0.000000 -0.000000 0 128
0.000000 -0.000000 -0.000000 0 128
0.000000 -0.000000 -0.000000 0 128
0.000000 -0.000000 -0.000000 0 128
0.000000 -0.000000 -0.000000 0 128
0.000000 -0.000000 -0.000000 0 128
0.000000 -0.000000 -0.000000 0 128
0.000000 -0.000000 -0.000000 0 128
0.000000 -0.000000 -0.000000 0 128
0.000000 -0.000000 -0.000000 0 128
0.000000 -0.000000 -0.000000 0 128
0.000000 -0.000000 -0.000000 0 128
0.000000 -0.000000 -0.000000 0 128
0.000000 -0.000000 -0.000000 0 128
0.000000 -0.000000 -0.000000 0 128
0.000000 -0.000000 -0.000000 0 128
0.000000 -0.000000 -0.000000 0 128
0.000000 -0.000000 -0.000000 0 128
0.000000 -0.000000 -0.000000 0 128
0.000000 -0.000000 -0.000000 0 128
0.000000 -0.000000 -0.000000 0 128
0.000000 -0.000000 -0.000000 0 128
0.000000 -0.000000 -0.000000 0 128
0.000000 -0.000000 -0.000000 0 128
0.000000 -0.000000 -0.000000 0 128
0.000000 -0.000000 -0.000000 0 128
0.000000 -0.000000 -0.000000 0 128
0.000000 -0.000000 -0.000000 0 0
0.000000 -0.000000 -0.000000 0 128
0.000000 -0.000000 -0.000000 0 128
0.000000 -0.000000 -0.000000 0 128
0.000000 -0.000000 -0.000000 0 0
0.000000 -0.000000 -0.000000 0 128
0.000000 -0.000000 -0.000000 0 192
0.000000 -0.000000 -0.000000 0 128
0.000000 -0.000000 -0.000000 0 192
0.000000 -0.000000 -0.000000 0 128
0.000000 -0.000000 -0.000000 0 128
0.000000 -0.000000 -0.000000 0 192
0.000000 -0.000000 -0.000000 0 128
0.000000 -0.000000 -0.000000 0 192
0.000000 -0.000000 -0.000000 0 192
0.000000 -0.000000 -0.000000 0 128
0.000000 -0.000000 -0.000000 0 128
0.000000 -0.000000 -0.000000 0 128
0.946000 -1.035000 -1.203000 2 0
0.000000 -0.000000 -0.000000 0 128
0.928000 -1.048000 -1.057000 3 0
0.000000 -0.000000 -0.000000 0 128
0.934000 -1.065000 -1.215000 10 0
0.895000 -1.037000 -1.100000 36 0
0.746000 -0.883000 -0.874000 0 0
0.726000 -0.876000 -0.809000 6 0
0.853000 -1.015000 -1.136000 43 0
0.955000 -1.156000 -1.205000 14 0
0.703000 -0.871000 -0.847000 4 0
0.709000 -0.899000 -0.815000 0 0
0.800000 -0.993000 -1.092000 22 0
0.936000 -1.185000 -1.214000 13 0
0.000000 -0.000000 -0.000000 0 0
0.689000 -0.918000 -0.819000 4 0
0.838000 -1.085000 -1.173000 26 0
0.908000 -1.203000 -1.212000 14 0
0.914000 -1.245000 -1.171000 8 0
0.000000 -0.000000 -0.000000 0 0
0.848000 -1.147000 -1.219000 13 0
0.884000 -1.226000 -1.216000 14 0
0.877000 -1.254000 -1.163000 9 0
0.948000 -1.397000 -1.211000 2 0
0.825000 -1.165000 -1.219000 14 0
0.857000 -1.245000 -1.216000 14 0
0.883000 -1.327000 -1.213000 14 0
0.913000 -1.417000 -1.213000 15 0
0.800000 -1.181000 -1.217000 14 0
0.831000 -1.265000 -1.218000 15 0
0.854000 -1.349000 -1.216000 14 0
0.879000 -1.438000 -1.215000 18 0
0.780000 -1.206000 -1.224000 15 0
0.804000 -1.285000 -1.220000 13 0
0.823000 -1.369000 -1.219000 15 0
0.843000 -1.457000 -1.217000 15 0
0.754000 -1.220000 -1.221000 13 0
0.775000 -1.301000 -1.219000 13 0
0.790000 -1.385000 -1.219000 14 0
0.808000 -1.477000 -1.220000 14 0
0.730000 -1.238000 -1.222000 13 0
0.749000 -1.322000 -1.224000 13 0
0.758000 -1.402000 -1.220000 14 0
0.771000 -1.491000 -1.220000 14 0
0.705000 -1.255000 -1.223000 14 0
0.719000 -1.336000 -1.222000 14 0
0.726000 -1.419000 -1.221000 17 0
0.735000 -1.510000 -1.224000 13 0
0.681000 -1.273000 -1.225000 12 0
0.689000 -1.352000 -1.222000 16 0
0.695000 -1.439000 -1.226000 17 0
0.696000 -1.522000 -1.223000 14 0
0.654000 -1.287000 -1.224000 16 0
0.662000 -1.371000 -1.227000 17 0
0.661000 -1.454000 -1.228000 17 0
0.659000 -1.536000 -1.225000 13 0
0.630000 -1.307000 -1.229000 17 0
0.631000 -1.385000 -1.227000 16 0
0.627000 -1.467000 -1.228000 16 0
0.623000 -1.554000 -1.231000 13 0
0.602000 -1.319000 -1.227000 18 0
0.601000 -1.399000 -1.228000 17 0
0.593000 -1.480000 -1.229000 16 0
0.586000 -1.567000 -1.233000 13 0
0.576000 -1.333000 -1.227000 17 0
0.571000 -1.415000 -1.230000 15 0
0.559000 -1.492000 -1.231000 16 0
0.546000 -1.576000 -1.233000 12 0
0.000000 -0.000000 -0.000000 0 128
0.000000 -0.000000 -0.000000 0 128
0.000000 -0.000000 -0.000000 0 128
0.000000 -0.000000 -0.000000 0 128
0.000000 -0.000000 -0.000000 0 128
0.000000 -0.000000 -0.000000 0 128
0.000000 -0.000000 -0.000000 0 128
0.000000 -0.000000 -0.000000 0 128
0.000000 -0.000000 -0.000000 0 128
0.000000 -0.000000 -0.000000 0 128
0.000000 -0.000000 -0.000000 0 0
0.000000 -0.000000 -0.000000 0 128
0.000000 -0.000000 -0.000000 0 128
0.000000 -0.000000 -0.000000 0 128
0.000000 -0.000000 -0.000000 0 0
0.000000 -0.000000 -0.000000 0 128
0.000000 -0.000000 -0.000000 0 192
0.000000 -0.000000 -0.000000 0 128
0.000000 -0.000000 -0.000000 0 192
0.000000 -0.000000 -0.000000 0 128
0.000000 -0.000000 -0.000000 0 128
0.000000 -0.000000 -0.000000 0 192
0.000000 -0.000000 -0.000000 0 128
0.000000 -0.000000 -0.000000 0 192
0.000000 -0.000000 -0.000000 0 192
0.000000 -0.000000 -0.000000 0 128
0.000000 -0.000000 -0.000000 0 128
0.000000 -0.000000 -0.000000 0 128
0.946000 -1.035000 -1.203000 2 0
0.000000 -0.000000 -0.000000 0 128
0.928000 -1.048000 -1.057000 3 0
0.000000 -0.000000 -0.000000 0 128
0.934000 -1.065000 -1.215000 10 0
0.895000 -1.037000 -1.100000 36 0
0.746000 -0.883000 -0.874000 0 0
0.726000 -0.876000 -0.809000 6 0
0.853000 -1.015000 -1.136000 43 0
0.955000 -1.156000 -1.205000 14 0
0.703000 -0.871000 -0.847000 4 0
0.709000 -0.899000 -0.815000 0 0
0.800000 -0.993000 -1.092000 22 0
0.936000 -1.185000 -1.214000 13 0
0.000000 -0.000000 -0.000000 0 0
0.689000 -0.918000 -0.819000 4 0
0.838000 -1.085000 -1.173000 26 0
0.908000 -1.203000 -1.212000 14 0
0.914000 -1.245000 -1.171000 8 0
0.000000 -0.000000 -0.000000 0 0
0.848000 -1.147000 -1.219000 13 0
0.884000 -1.226000 -1.216000 14 0
0.877000 -1.254000 -1.163000 9 0
0.948000 -1.397000 -1.211000 2 0
0.825000 -1.165000 -1.219000 14 0
0.857000 -1.245000 -1.216000 14 0
0.883000 -1.327000 -1.213000 14 0
0.913000 -1.417000 -1.213000 15 0
0.800000 -1.181000 -1.217000 14 0
0.831000 -1.265000 -1.218000 15 0
0.854000 -1.349000 -1.216000 14 0
0.879000 -1.438000 -1.215000 18 0
0.780000 -1.206000 -1.224000 15 0
0.804000 -1.285000 -1.220000 13 0
0.823000 -1.369000 -1.219000 15 0
0.843000 -1.457000 -1.217000 15 0
0.754000 -1.220000 -1.221000 13 0
0.775000 -1.301000 -1.219000 13 0
0.790000 -1.385000 -1.219000 14 0
0.808000 -1.477000 -1.220000 14 0
0.730000 -1.238000 -1.222000 13 0
0.749000 -1.322000 -1.224000 13 0
0.758000 -1.402000 -1.220000 14 0
0.771000 -1.491000 -1.220000 14 0
0.705000 -1.255000 -1.223000 14 0
0.719000 -1.336000 -1.222000 14 0
0.726000 -1.419000 -1.221000 17 0
0.735000 -1.510000 -1.224000 13 0
0.681000 -1.273000 -1.225000 12 0
0.689000 -1.352000 -1.222000 16 0
0.695000 -1.439000 -1.226000 17 0
0.696000 -1.522000 -1.223000 14 0
0.654000 -1.287000 -1.224000 16 0
0.662000 -1.371000 -1.227000 17 0
0.661000 -1.454000 -1.228000 17 0
0.659000 -1.536000 -1.225000 13 0
0.630000 -1.307000 -1.229000 17 0
0.631000 -1.385000 -1.227000 16 0
0.627000 -1.467000 -1.228000 16 0
0.623000 -1.554000 -1.231000 13 0
0.602000 -1.319000 -1.227000 18 0
0.601000 -1.399000 -1.228000 17 0
0.593000 -1.480000 -1.229000 16 0
0.586000 -1.567000 -1.233000 13 0
0.576000 -1.333000 -1.227000 17 0
0.571000 -1.415000 -1.230000 15 0
0.559000 -1.492000 -1.231000 16 0
0.546000 -1.576000 -1.233000 12 0
