# x y z reflectivity tag
0.000000 -0.000000 -0.000000 0 128
0.000000 -0.000000 -0.000000 0 128
0.000000 -0.000000 -0.000000 0 128
0.000000 -0.000000 -0.000000 0 128
0.000000 -0.000000 -0.000000 0 0
0.000000 -0.000000 -0.000000 0 128
0.000000 -0.000000 -0.000000 0 128
0.000000 -0.000000 -0.000000 0 128
0.000000 -0.000000 -0.000000 0 0
0.000000 -0.000000 -0.000000 0 128
0.000000 -0.000000 -0.000000 0 128
0.000000 -0.000000 -0.000000 0 128
0.000000 -0.000000 -0.000000 0 0
0.000000 -0.000000 -0.000000 0 0
0.000000 -0.000000 -0.000000 0 128
0.000000 -0.000000 -0.000000 0 128
0.000000 -0.000000 -0.000000 0 0
0.000000 -0.000000 -0.000000 0 0
0.000000 -0.000000 -0.000000 0 128
0.000000 -0.000000 -0.000000 0 128
0.000000 -0.000000 -0.000000 0 0
0.000000 -0.000000 -0.000000 0 0
0.000000 -0.000000 -0.000000 0 128
0.000000 -0.000000 -0.000000 0 128
0.000000 -0.000000 -0.000000 0 0
0.000000 -0.000000 -0.000000 0 0
0.000000 -0.000000 -0.000000 0 128
0.000000 -0.000000 -0.000000 0 128
0.000000 -0.000000 -0.000000 0 0
0.000000 -0.000000 -0.000000 0 0
0.000000 -0.000000 -0.000000 0 128
0.000000 -0.000000 -0.000000 0 128
0.000000 -0.000000 -0.000000 0 0
0.000000 -0.000000 -0.000000 0 0
0.000000 -0.000000 -0.000000 0 0
0.000000 -0.000000 -0.000000 0 128
0.000000 -0.000000 -0.000000 0 0
0.000000 -0.000000 -0.000000 0 0
0.000000 -0.000000 -0.000000 0 0
0.000000 -0.000000 -0.000000 0 128
0.000000 -0.000000 -0.000000 0 0
0.000000 -0.000000 -0.000000 0 0
0.000000 -0.000000 -0.000000 0 0
0.000000 -0.000000 -0.000000 0 128
0.000000 -0.000000 -0.000000 0 0
0.000000 -0.000000 -0.000000 0 0
0.000000 -0.000000 -0.000000 0 0
0.000000 -0.000000 -0.000000 0 128
0.000000 -0.000000 -0.000000 0 0
0.000000 -0.000000 -0.000000 0 0
0.000000 -0.000000 -0.000000 0 0
0.000000 -0.000000 -0.000000 0 128
0.000000 -0.000000 -0.000000 0 0
0.000000 -0.000000 -0.000000 0 0
0.000000 -0.000000 -0.000000 0 0
0.000000 -0.000000 -0.000000 0 128
0.000000 -0.000000 -0.000000 0 0
0.000000 -0.000000 -0.000000 0 0
0.000000 -0.000000 -0.000000 0 0
0.000000 -0.000000 -0.000000 0 128
0.000000 -0.000000 -0.000000 0 0
0.000000 -0.000000 -0.000000 0 0
0.000000 -0.000000 -0.000000 0 0
0.000000 -0.000000 -0.000000 0 128
0.000000 -0.000000 -0.000000 0 0
0.000000 -0.000000 -0.000000 0 0
0.000000 -0.000000 -0.000000 0 0
0.000000 -0.000000 -0.000000 0 128
0.000000 -0.000000 -0.000000 0 0
0.000000 -0.000000 -0.000000 0 0
0.000000 -0.000000 -0.000000 0 0
0.000000 -0.000000 -0.000000 0 128
0.000000 -0.000000 -0.000000 0 0
0.000000 -0.000000 -0.000000 0 0
0.000000 -0.000000 -0.000000 0 128
0.000000 -0.000000 -0.000000 0 128
0.000000 -0.000000 -0.000000 0 0
0.000000 -0.000000 -0.000000 0 0
0.000000 -0.000000 -0.000000 0 128
0.000000 -0.000000 -0.000000 0 128
0.000000 -0.000000 -0.000000 0 0
0.000000 -0.000000 -0.000000 0 0
0.000000 -0.000000 -0.000000 0 128
0.000000 -0.000000 -0.000000 0 128
0.000000 -0.000000 -0.000000 0 128
0.000000 -0.000000 -0.000000 0 0
0.000000 -0.000000 -0.000000 0 128
0.000000 -0.000000 -0.000000 0 128
0.000000 -0.000000 -0.000000 0 128
0.000000 -0.000000 -0.000000 0 0
0.000000 -0.000000 -0.000000 0 128
0.000000 -0.000000 -0.000000 0 128
0.000000 -0.000000 -0.000000 0 0
0.000000 -0.000000 -0.000000 0 0
0.000000 -0.000000 -0.000000 0 128
0.000000 -0.000000 -0.000000 0 128
0.000000 -0.000000 -0.000000 0 128
0.000000 -0.000000 -0.000000 0 128
0.000000 -0.000000 -0.000000 0 128
0.000000 -0.000000 -0.000000 0 128
0.000000 -0.000000 -0.000000 0 0
0.000000 -0.000000 -0.000000 0 128
0.000000 -0.000000 -0.000000 0 128
0.000000 -0.000000 -0.000000 0 128
0.000000 -0.000000 -0.000000 0 0
0.000000 -0.000000 -0.000000 0 128
0.000000 -0.000000 -0.000000 0 128
0.000000 -0.000000 -0.000000 0 128
0.000000 -0.000000 -0.000000 0 0
0.000000 -0.000000 -0.000000 0 0
0.000000 -0.000000 -0.000000 0 128
0.000000 -0.000000 -0.000000 0 128
0.000000 -0.000000 -0.000000 0 0
0.000000 -0.000000 -0.000000 0 0
0.000000 -0.000000 -0.000000 0 128
0.000000 -0.000000 -0.000000 0 128
0.000000 -0.000000 -0.000000 0 0
0.000000 -0.000000 -0.000000 0 0
0.000000 -0.000000 -0.000000 0 128
0.000000 -0.000000 -0.000000 0 128
0.000000 -0.000000 -0.000000 0 0
0.000000 -0.000000 -0.000000 0 0
0.000000 -0.000000 -0.000000 0 128
0.000000 -0.000000 -0.000000 0 128
0.000000 -0.000000 -0.000000 0 0
0.000000 -0.000000 -0.000000 0 0
0.000000 -0.000000 -0.000000 0 128
0.000000 -0.000000 -0.000000 0 128
0.000000 -0.000000 -0.000000 0 0
0.000000 -0.000000 -0.000000 0 0
0.000000 -0.000000 -0.000000 0 0
0.000000 -0.000000 -0.000000 0 128
0.000000 -0.000000 -0.000000 0 0
0.000000 -0.000000 -0.000000 0 0
0.000000 -0.000000 -0.000000 0 0
0.000000 -0.000000 -0.000000 0 128
0.000000 -0.000000 -0.000000 0 0
0.000000 -0.000000 -0.000000 0 0
0.000000 -0.000000 -0.000000 0 0
0.000000 -0.000000 -0.000000 0 128
0.000000 -0.000000 -0.000000 0 0
0.000000 -0.000000 -0.000000 0 0
0.000000 -0.000000 -0.000000 0 0
0.000000 -0.000000 -0.000000 0 128
0.000000 -0.000000 -0.000000 0 0
0.000000 -0.000000 -0.000000 0 0
0.000000 -0.000000 -0.000000 0 0
0.000000 -0.000000 -0.000000 0 128
0.000000 -0.000000 -0.000000 0 0
0.000000 -0.000000 -0.000000 0 0
0.000000 -0.000000 -0.000000 0 0
0.000000 -0.000000 -0.000000 0 128
0.000000 -0.000000 -0.000000 0 0
0.000000 -0.000000 -0.000000 0 0
0.000000 -0.000000 -0.000000 0 0
0.000000 -0.000000 -0.000000 0 128
0.000000 -0.000000 -0.000000 0 0
0.000000 -0.000000 -0.000000 0 0
0.000000 -0.000000 -0.000000 0 0
0.000000 -0.000000 -0.000000 0 128
0.000000 -0.000000 -0.000000 0 0
0.000000 -0.000000 -0.000000 0 0
0.000000 -0.000000 -0.000000 0 0
0.000000 -0.000000 -0.000000 0 128
0.000000 -0.000000 -0.000000 0 0
0.000000 -0.000000 -0.000000 0 0
0.000000 -0.000000 -0.000000 0 0
0.000000 -0.000000 -0.000000 0 128
0.000000 -0.000000 -0.000000 0 0
0.000000 -0.000000 -0.000000 0 0
0.000000 -0.000000 -0.000000 0 128
0.000000 -0.000000 -0.000000 0 128
0.000000 -0.000000 -0.000000 0 0
0.000000 -0.000000 -0.000000 0 0
0.000000 -0.000000 -0.000000 0 128
0.000000 -0.000000 -0.000000 0 128
0.000000 -0.000000 -0.000000 0 0
0.000000 -0.000000 -0.000000 0 0
0.000000 -0.000000 -0.000000 0 128
0.000000 -0.000000 -0.000000 0 128
0.000000 -0.000000 -0.000000 0 128
0.000000 -0.000000 -0.000000 0 0
0.000000 -0.000000 -0.000000 0 128
0.000000 -0.000000 -0.000000 0 128
0.000000 -0.000000 -0.000000 0 128
0.000000 -0.000000 -0.000000 0 0
0.000000 -0.000000 -0.000000 0 128
0.000000 -0.000000 -0.000000 0 128
0.000000 -0.000000 -0.000000 0 0
0.000000 -0.000000 -0.000000 0 0
0.000000 -0.000000 -0.000000 0 128
0.000000 -0.000000 -0.000000 0 128
0.000000 -0.000000 -0.000000 0 0
0.000000 -0.000000 -0.000000 0 0
0.000000 -0.000000 -0.000000 0 128
0.000000 -0.000000 -0.000000 0 128
0.000000 -0.000000 -0.000000 0 0
0.000000 -0.000000 -0.000000 0 0
0.000000 -0.000000 -0.000000 0 128
0.000000 -0.000000 -0.000000 0 128
0.000000 -0.000000 -0.000000 0 0
0.000000 -0.000000 -0.000000 0 0
0.000000 -0.000000 -0.000000 0 192
0.000000 -0.000000 -0.000000 0 192
0.000000 -0.000000 -0.000000 0 128
0.000000 -0.000000 -0.000000 0 128
0.000000 -0.000000 -0.000000 0 192
0.000000 -0.000000 -0.000000 0 128
0.000000 -0.000000 -0.000000 0 128
0.000000 -0.000000 -0.000000 0 128
0.000000 -0.000000 -0.000000 0 192
0.000000 -0.000000 -0.000000 0 192
0.000000 -0.000000 -0.000000 0 128
0.000000 -0.000000 -0.000000 0 192
0.000000 -0.000000 -0.000000 0 192
0.000000 -0.000000 -0.000000 0 192
0.000000 -0.000000 -0.000000 0 128
0.000000 -0.000000 -0.000000 0 192
0.000000 -0.000000 -0.000000 0 192
0.000000 -0.000000 -0.000000 0 192
0.000000 -0.000000 -0.000000 0 192
0.000000 -0.000000 -0.000000 0 192
0.000000 -0.000000 -0.000000 0 192
0.000000 -0.000000 -0.000000 0 192
0.000000 -0.000000 -0.000000 0 128
0.000000 -0.000000 -0.000000 0 192
0.000000 -0.000000 -0.000000 0 192
0.000000 -0.000000 -0.000000 0 192
0.000000 -0.000000 -0.000000 0 192
0.000000 -0.000000 -0.000000 0 192
0.000000 -0.000000 -0.000000 0 192
0.000000 -0.000000 -0.000000 0 128
0.000000 -0.000000 -0.000000 0 128
0.000000 -0.000000 -0.000000 0 192
0.000000 -0.000000 -0.000000 0 0
0.000000 -0.000000 -0.000000 0 192
0.000000 -0.000000 -0.000000 0 192
0.000000 -0.000000 -0.000000 0 192
0.000000 -0.000000 -0.000000 0 192
0.000000 -0.000000 -0.000000 0 128
0.000000 -0.000000 -0.000000 0 128
0.000000 -0.000000 -0.000000 0 192
0.000000 -0.000000 -0.000000 0 192
0.000000 -0.000000 -0.000000 0 192
0.000000 -0.000000 -0.000000 0 128
0.000000 -0.000000 -0.000000 0 128
0.000000 -0.000000 -0.000000 0 192
0.000000 -0.000000 -0.000000 0 128
0.000000 -0.000000 -0.000000 0 128
0.000000 -0.000000 -0.000000 0 128
0.000000 -0.000000 -0.000000 0 128
0.000000 -0.000000 -0.000000 0 192
0.000000 -0.000000 -0.000000 0 0
0.000000 -0.000000 -0.000000 0 0
0.000000 -0.000000 -0.000000 0 0
0.000000 -0.000000 -0.000000 0 128
0.000000 -0.000000 -0.000000 0 0
0.000000 -0.000000 -0.000000 0 0
0.000000 -0.000000 -0.000000 0 0
0.000000 -0.000000 -0.000000 0 192
0.000000 -0.000000 -0.000000 0 0
0.000000 -0.000000 -0.000000 0 0
0.000000 -0.000000 -0.000000 0 0
0.000000 -0.000000 -0.000000 0 128
0.000000 -0.000000 -0.000000 0 0
0.000000 -0.000000 -0.000000 0 0
0.000000 -0.000000 -0.000000 0 0
0.000000 -0.000000 -0.000000 0 192
0.000000 -0.000000 -0.000000 0 0
0.000000 -0.000000 -0.000000 0 0
0.000000 -0.000000 -0.000000 0 0
0.000000 -0.000000 -0.000000 0 128
0.000000 -0.000000 -0.000000 0 0
0.000000 -0.000000 -0.000000 0 0
0.000000 -0.000000 -0.000000 0 0
0.000000 -0.000000 -0.000000 0 192
0.000000 -0.000000 -0.000000 0 0
0.000000 -0.000000 -0.000000 0 0
0.000000 -0.000000 -0.000000 0 0
0.000000 -0.000000 -0.000000 0 128
0.000000 -0.000000 -0.000000 0 0
0.000000 -0.000000 -0.000000 0 0
0.000000 -0.000000 -0.000000 0 0
0.000000 -0.000000 -0.000000 0 192
0.000000 -0.000000 -0.000000 0 0
0.000000 -0.000000 -0.000000 0 0
0.000000 -0.000000 -0.000000 0 0
0.000000 -0.000000 -0.000000 0 192
0.000000 -0.000000 -0.000000 0 0
0.000000 -0.000000 -0.000000 0 0
0.000000 -0.000000 -0.000000 0 128
0.000000 -0.000000 -0.000000 0 128
0.000000 -0.000000 -0.000000 0 0
0.000000 -0.000000 -0.000000 0 0
0.000000 -0.000000 -0.000000 0 128
0.000000 -0.000000 -0.000000 0 128
0.000000 -0.000000 -0.000000 0 0
0.000000 -0.000000 -0.000000 0 0
0.000000 -0.000000 -0.000000 0 192
0.000000 -0.000000 -0.000000 0 192
0.000000 -0.000000 -0.000000 0 128
0.000000 -0.000000 -0.000000 0 128
0.000000 -0.000000 -0.000000 0 192
0.000000 -0.000000 -0.000000 0 128
0.000000 -0.000000 -0.000000 0 128
0.000000 -0.000000 -0.000000 0 128
0.000000 -0.000000 -0.000000 0 192
0.000000 -0.000000 -0.000000 0 192
0.000000 -0.000000 -0.000000 0 128
0.000000 -0.000000 -0.000000 0 192
0.000000 -0.000000 -0.000000 0 192
0.000000 -0.000000 -0.000000 0 192
0.000000 -0.000000 -0.000000 0 128
0.000000 -0.000000 -0.000000 0 192
0.000000 -0.000000 -0.000000 0 192
0.000000 -0.000000 -0.000000 0 192
0.000000 -0.000000 -0.000000 0 192
0.000000 -0.000000 -0.000000 0 192
0.000000 -0.000000 -0.000000 0 192
0.000000 -0.000000 -0.000000 0 192
0.000000 -0.000000 -0.000000 0 128
0.000000 -0.000000 -0.000000 0 192
0.000000 -0.000000 -0.000000 0 192
0.000000 -0.000000 -0.000000 0 192
0.000000 -0.000000 -0.000000 0 192
0.000000 -0.000000 -0.000000 0 192
0.000000 -0.000000 -0.000000 0 192
0.000000 -0.000000 -0.000000 0 128
0.000000 -0.000000 -0.000000 0 128
0.000000 -0.000000 -0.000000 0 192
0.000000 -0.000000 -0.000000 0 0
0.000000 -0.000000 -0.000000 0 192
0.000000 -0.000000 -0.000000 0 192
0.000000 -0.000000 -0.000000 0 192
0.000000 -0.000000 -0.000000 0 192
0.000000 -0.000000 -0.000000 0 128
0.000000 -0.000000 -0.000000 0 128
0.000000 -0.000000 -0.000000 0 192
0.000000 -0.000000 -0.000000 0 192
0.000000 -0.000000 -0.000000 0 192
0.000000 -0.000000 -0.000000 0 128
0.000000 -0.000000 -0.000000 0 128
0.000000 -0.000000 -0.000000 0 192
0.000000 -0.000000 -0.000000 0 128
0.000000 -0.000000 -0.000000 0 128
0.000000 -0.000000 -0.000000 0 128
0.000000 -0.000000 -0.000000 0 128
0.000000 -0.000000 -0.000000 0 192
0.000000 -0.000000 -0.000000 0 0
0.000000 -0.000000 -0.000000 0 0
0.000000 -0.000000 -0.000000 0 0
0.000000 -0.000000 -0.000000 0 128
0.000000 -0.000000 -0.000000 0 0
0.000000 -0.000000 -0.000000 0 0
0.000000 -0.000000 -0.000000 0 0
0.000000 -0.000000 -0.000000 0 192
0.000000 -0.000000 -0.000000 0 0
0.000000 -0.000000 -0.000000 0 0
0.000000 -0.000000 -0.000000 0 0
0.000000 -0.000000 -0.000000 0 128
0.000000 -0.000000 -0.000000 0 0
0.000000 -0.000000 -0.000000 0 0
0.000000 -0.000000 -0.000000 0 0
0.000000 -0.000000 -0.000000 0 192
0.000000 -0.000000 -0.000000 0 0
0.000000 -0.000000 -0.000000 0 0
0.000000 -0.000000 -0.000000 0 0
0.000000 -0.000000 -0.000000 0 128
0.000000 -0.000000 -0.000000 0 0
0.000000 -0.000000 -0.000000 0 0
0.000000 -0.000000 -0.000000 0 0
0.000000 -0.000000 -0.000000 0 192
0.000000 -0.000000 -0.000000 0 0
0.000000 -0.000000 -0.000000 0 0
0.000000 -0.000000 -0.000000 0 0
0.000000 -0.000000 -0.000000 0 128
0.000000 -0.000000 -0.000000 0 0
0.000000 -0.000000 -0.000000 0 0
0.000000 -0.000000 -0.000000 0 0
0.000000 -0.000000 -0.000000 0 192
0.000000 -0.000000 -0.000000 0 0
0.000000 -0.000000 -0.000000 0 0
0.000000 -0.000000 -0.000000 0 0
0.000000 -0.000000 -0.000000 0 192
0.000000 -0.000000 -0.000000 0 0
0.000000 -0.000000 -0.000000 0 0
0.000000 -0.000000 -0.000000 0 0
0.000000 -0.000000 -0.000000 0 192
0.000000 -0.000000 -0.000000 0 0
0.000000 -0.000000 -0.000000 0 0
0.000000 -0.000000 -0.000000 0 0
0.000000 -0.000000 -0.000000 0 192
0.000000 -0.000000 -0.000000 0 0
0.000000 -0.000000 -0.000000 0 0
0.000000 -0.000000 -0.000000 0 0
0.000000 -0.000000 -0.000000 0 192
0.000000 -0.000000 -0.000000 0 0
0.000000 -0.000000 -0.000000 0 0
0.000000 -0.000000 -0.000000 0 0
0.000000 -0.000000 -0.000000 0 192
0.000000 -0.000000 -0.000000 0 0
0.000000 -0.000000 -0.000000 0 0
0.000000 -0.000000 -0.000000 0 0
0.000000 -0.000000 -0.000000 0 192
0.000000 -0.000000 -0.000000 0 0
0.000000 -0.000000 -0.000000 0 0
0.000000 -0.000000 -0.000000 0 0
0.000000 -0.000000 -0.000000 0 128
0.000000 -0.000000 -0.000000 0 0
0.000000 -0.000000 -0.000000 0 0
0.000000 -0.000000 -0.000000 0 0
0.000000 -0.000000 -0.000000 0 192
0.000000 -0.000000 -0.000000 0 0
0.000000 -0.000000 -0.000000 0 0
0.000000 -0.000000 -0.000000 0 0
0.000000 -0.000000 -0.000000 0 128
0.000000 -0.000000 -0.000000 0 0
0.000000 -0.000000 -0.000000 0 0
0.000000 -0.000000 -0.000000 0 0
0.000000 -0.000000 -0.000000 0 128
0.000000 -0.000000 -0.000000 0 0
0.000000 -0.000000 -0.000000 0 0
0.000000 -0.000000 -0.000000 0 0
0.000000 -0.000000 -0.000000 0 128
0.000000 -0.000000 -0.000000 0 0
0.000000 -0.000000 -0.000000 0 128
0.000000 -0.000000 -0.000000 0 0
0.000000 -0.000000 -0.000000 0 128
0.000000 -0.000000 -0.000000 0 0
0.000000 -0.000000 -0.000000 0 0
0.000000 -0.000000 -0.000000 0 0
0.000000 -0.000000 -0.000000 0 128
0.000000 -0.000000 -0.000000 0 0
0.000000 -0.000000 -0.000000 0 0
0.000000 -0.000000 -0.000000 0 0
0.000000 -0.000000 -0.000000 0 128
0.000000 -0.000000 -0.000000 0 0
0.000000 -0.000000 -0.000000 0 0
0.000000 -0.000000 -0.000000 0 0
0.000000 -0.000000 -0.000000 0 128
0.000000 -0.000000 -0.000000 0 0
0.000000 -0.000000 -0.000000 0 128
0.000000 -0.000000 -0.000000 0 0
0.000000 -0.000000 -0.000000 0 0
0.000000 -0.000000 -0.000000 0 128
0.000000 -0.000000 -0.000000 0 128
0.000000 -0.000000 -0.000000 0 0
0.000000 -0.000000 -0.000000 0 128
0.000000 -0.000000 -0.000000 0 128
0.000000 -0.000000 -0.000000 0 128
0.000000 -0.000000 -0.000000 0 0
0.000000 -0.000000 -0.000000 0 192
0.000000 -0.000000 -0.000000 0 128
0.000000 -0.000000 -0.000000 0 128
0.000000 -0.000000 -0.000000 0 0
0.000000 -0.000000 -0.000000 0 192
0.000000 -0.000000 -0.000000 0 128
0.000000 -0.000000 -0.000000 0 128
0.000000 -0.000000 -0.000000 0 0
0.000000 -0.000000 -0.000000 0 192
0.000000 -0.000000 -0.000000 0 128
0.000000 -0.000000 -0.000000 0 0
0.000000 -0.000000 -0.000000 0 128
0.000000 -0.000000 -0.000000 0 192
0.000000 -0.000000 -0.000000 0 128
0.000000 -0.000000 -0.000000 0 0
0.000000 -0.000000 -0.000000 0 128
0.000000 -0.000000 -0.000000 0 192
0.000000 -0.000000 -0.000000 0 128
0.000000 -0.000000 -0.000000 0 128
0.000000 -0.000000 -0.000000 0 128
0.000000 -0.000000 -0.000000 0 192
0.000000 -0.000000 -0.000000 0 128
0.000000 -0.000000 -0.000000 0 128
0.000000 -0.000000 -0.000000 0 128
0.000000 -0.000000 -0.000000 0 192
0.000000 -0.000000 -0.000000 0 128
0.000000 -0.000000 -0.000000 0 0
0.000000 -0.000000 -0.000000 0 0
0.000000 -0.000000 -0.000000 0 128
0.000000 -0.000000 -0.000000 0 0
0.000000 -0.000000 -0.000000 0 0
0.000000 -0.000000 -0.000000 0 0
0.000000 -0.000000 -0.000000 0 192
0.000000 -0.000000 -0.000000 0 0
0.000000 -0.000000 -0.000000 0 0
0.000000 -0.000000 -0.000000 0 0
0.000000 -0.000000 -0.000000 0 192
0.000000 -0.000000 -0.000000 0 0
0.000000 -0.000000 -0.000000 0 0
0.000000 -0.000000 -0.000000 0 0
0.000000 -0.000000 -0.000000 0 192
0.000000 -0.000000 -0.000000 0 0
0.000000 -0.000000 -0.000000 0 0
0.000000 -0.000000 -0.000000 0 0
0.000000 -0.000000 -0.000000 0 192
0.000000 -0.000000 -0.000000 0 0
0.000000 -0.000000 -0.000000 0 0
0.000000 -0.000000 -0.000000 0 0
0.000000 -0.000000 -0.000000 0 192
0.000000 -0.000000 -0.000000 0 0
0.000000 -0.000000 -0.000000 0 0
0.000000 -0.000000 -0.000000 0 0
0.000000 -0.000000 -0.000000 0 128
0.000000 -0.000000 -0.000000 0 0
0.000000 -0.000000 -0.000000 0 0
0.000000 -0.000000 -0.000000 0 0
0.000000 -0.000000 -0.000000 0 192
0.000000 -0.000000 -0.000000 0 0
0.000000 -0.000000 -0.000000 0 0
0.000000 -0.000000 -0.000000 0 0
0.000000 -0.000000 -0.000000 0 128
0.000000 -0.000000 -0.000000 0 0
0.000000 -0.000000 -0.000000 0 0
0.000000 -0.000000 -0.000000 0 0
0.000000 -0.000000 -0.000000 0 128
0.000000 -0.000000 -0.000000 0 0
0.000000 -0.000000 -0.000000 0 0
0.000000 -0.000000 -0.000000 0 0
0.000000 -0.000000 -0.000000 0 128
0.000000 -0.000000 -0.000000 0 0
0.000000 -0.000000 -0.000000 0 128
0.000000 -0.000000 -0.000000 0 0
0.000000 -0.000000 -0.000000 0 128
0.000000 -0.000000 -0.000000 0 0
0.000000 -0.000000 -0.000000 0 0
0.000000 -0.000000 -0.000000 0 0
0.000000 -0.000000 -0.000000 0 128
0.000000 -0.000000 -0.000000 0 0
0.000000 -0.000000 -0.000000 0 0
0.000000 -0.000000 -0.000000 0 0
0.000000 -0.000000 -0.000000 0 128
0.000000 -0.000000 -0.000000 0 0
0.000000 -0.000000 -0.000000 0 0
0.000000 -0.000000 -0.000000 0 0
0.000000 -0.000000 -0.000000 0 128
0.000000 -0.000000 -0.000000 0 0
0.000000 -0.000000 -0.000000 0 128
0.000000 -0.000000 -0.000000 0 0
0.000000 -0.000000 -0.000000 0 0
0.000000 -0.000000 -0.000000 0 128
0.000000 -0.000000 -0.000000 0 128
0.000000 -0.000000 -0.000000 0 0
0.000000 -0.000000 -0.000000 0 128
0.000000 -0.000000 -0.000000 0 128
0.000000 -0.000000 -0.000000 0 128
0.000000 -0.000000 -0.000000 0 0
0.000000 -0.000000 -0.000000 0 192
0.000000 -0.000000 -0.000000 0 128
0.000000 -0.000000 -0.000000 0 128
0.000000 -0.000000 -0.000000 0 0
0.000000 -0.000000 -0.000000 0 192
0.000000 -0.000000 -0.000000 0 128
0.000000 -0.000000 -0.000000 0 128
0.000000 -0.000000 -0.000000 0 0
0.000000 -0.000000 -0.000000 0 192
0.000000 -0.000000 -0.000000 0 128
0.000000 -0.000000 -0.000000 0 0
0.000000 -0.000000 -0.000000 0 128
0.000000 -0.000000 -0.000000 0 192
0.000000 -0.000000 -0.000000 0 128
0.000000 -0.000000 -0.000000 0 0
0.000000 -0.000000 -0.000000 0 128
0.000000 -0.000000 -0.000000 0 192
0.000000 -0.000000 -0.000000 0 128
0.000000 -0.000000 -0.000000 0 128
0.000000 -0.000000 -0.000000 0 128
0.000000 -0.000000 -0.000000 0 192
0.000000 -0.000000 -0.000000 0 128
0.000000 -0.000000 -0.000000 0 128
0.000000 -0.000000 -0.000000 0 128
0.000000 -0.000000 -0.000000 0 192
0.000000 -0.000000 -0.000000 0 128
0.000000 -0.000000 -0.000000 0 0
0.000000 -0.000000 -0.000000 0 0
0.000000 -0.000000 -0.000000 0 128
0.000000 -0.000000 -0.000000 0 128
0.000000 -0.000000 -0.000000 0 0
0.000000 -0.000000 -0.000000 0 0
0.000000 -0.000000 -0.000000 0 128
0.000000 -0.000000 -0.000000 0 128
0.000000 -0.000000 -0.000000 0 128
0.000000 -0.000000 -0.000000 0 0
0.000000 -0.000000 -0.000000 0 128
0.000000 -0.000000 -0.000000 0 128
0.000000 -0.000000 -0.000000 0 128
0.000000 -0.000000 -0.000000 0 0
0.000000 -0.000000 -0.000000 0 128
0.000000 -0.000000 -0.000000 0 128
0.000000 -0.000000 -0.000000 0 0
0.000000 -0.000000 -0.000000 0 0
0.000000 -0.000000 -0.000000 0 128
0.000000 -0.000000 -0.000000 0 128
0.000000 -0.000000 -0.000000 0 0
0.000000 -0.000000 -0.000000 0 0
0.000000 -0.000000 -0.000000 0 128
0.000000 -0.000000 -0.000000 0 128
0.000000 -0.000000 -0.000000 0 0
0.000000 -0.000000 -0.000000 0 0
0.000000 -0.000000 -0.000000 0 128
0.000000 -0.000000 -0.000000 0 128
0.000000 -0.000000 -0.000000 0 0
0.000000 -0.000000 -0.000000 0 0
0.000000 -0.000000 -0.000000 0 128
0.000000 -0.000000 -0.000000 0 128
0.000000 -0.000000 -0.000000 0 0
0.000000 -0.000000 -0.000000 0 128
0.000000 -0.000000 -0.000000 0 128
0.000000 -0.000000 -0.000000 0 128
0.000000 -0.000000 -0.000000 0 0
0.000000 -0.000000 -0.000000 0 128
0.000000 -0.000000 -0.000000 0 128
0.000000 -0.000000 -0.000000 0 128
0.000000 -0.000000 -0.000000 0 0
0.000000 -0.000000 -0.000000 0 0
3.900000 -9.620000 0.668000 65 0
0.000000 -0.000000 -0.000000 0 128
4.290000 -9.526000 0.544000 12 0
3.971000 -9.608000 0.595000 61 0
3.657000 -9.677000 0.655000 101 0
0.000000 -0.000000 -0.000000 0 128
4.050000 -9.584000 0.548000 52 0
3.728000 -9.653000 0.589000 103 0
3.416000 -9.726000 0.642000 108 0
4.140000 -9.574000 0.504000 43 0
3.808000 -9.629000 0.551000 96 0
3.489000 -9.710000 0.585000 111 0
3.179000 -9.783000 0.630000 110 0
3.900000 -9.620000 0.515000 70 0
3.574000 -9.692000 0.554000 117 0
3.255000 -9.768000 0.581000 112 0
2.940000 -9.840000 0.618000 105 0
3.664000 -9.669000 0.527000 103 0
3.340000 -9.748000 0.558000 109 0
3.016000 -9.815000 0.576000 107 0
2.704000 -9.891000 0.606000 104 0
3.427000 -9.722000 0.539000 105 0
3.106000 -9.803000 0.562000 108 0
2.785000 -9.879000 0.573000 106 0
2.468000 -9.949000 0.595000 102 0
3.196000 -9.776000 0.551000 105 0
2.868000 -9.845000 0.566000 105 0
2.551000 -9.932000 0.570000 105 0
2.234000 -10.004000 0.584000 100 0
2.962000 -9.828000 0.563000 104 0
2.638000 -9.907000 0.571000 102 0
2.316000 -9.990000 0.567000 105 0
1.998000 -10.053000 0.573000 99 0
2.733000 -9.888000 0.576000 103 0
2.405000 -9.961000 0.576000 100 0
2.081000 -10.036000 0.564000 101 0
1.763000 -10.117000 0.563000 98 0
2.502000 -9.942000 0.589000 101 0
2.174000 -10.020000 0.581000 99 0
1.849000 -10.101000 0.561000 101 0
1.527000 -10.168000 0.553000 95 0
2.268000 -9.993000 0.602000 101 0
1.942000 -10.073000 0.586000 99 0
1.614000 -10.148000 0.559000 99 0
1.273000 -10.091000 0.536000 47 0
2.039000 -10.049000 0.616000 100 0
1.705000 -10.121000 0.592000 99 0
1.379000 -10.197000 0.556000 67 0
0.000000 -0.000000 -0.000000 0 0
1.805000 -10.102000 0.630000 93 0
1.473000 -10.177000 0.598000 95 0
1.122000 -10.079000 0.545000 11 0
0.000000 -0.000000 -0.000000 0 128
1.569000 -10.137000 0.642000 89 0
1.215000 -10.056000 0.593000 43 0
0.000000 -0.000000 -0.000000 0 0
0.000000 -0.000000 -0.000000 0 128
0.000000 -0.000000 -0.000000 0 128
0.000000 -0.000000 -0.000000 0 0
0.000000 -0.000000 -0.000000 0 0
0.000000 -0.000000 -0.000000 0 128
0.000000 -0.000000 -0.000000 0 128
0.000000 -0.000000 -0.000000 0 128
0.000000 -0.000000 -0.000000 0 0
0.000000 -0.000000 -0.000000 0 128
0.000000 -0.000000 -0.000000 0 128
0.000000 -0.000000 -0.000000 0 128
0.000000 -0.000000 -0.000000 0 0
0.000000 -0.000000 -0.000000 0 128
0.000000 -0.000000 -0.000000 0 128
0.000000 -0.000000 -0.000000 0 0
0.000000 -0.000000 -0.000000 0 0
0.000000 -0.000000 -0.000000 0 128
0.000000 -0.000000 -0.000000 0 128
0.000000 -0.000000 -0.000000 0 0
0.000000 -0.000000 -0.000000 0 0
0.000000 -0.000000 -0.000000 0 128
0.000000 -0.000000 -0.000000 0 128
0.000000 -0.000000 -0.000000 0 0
0.000000 -0.000000 -0.000000 0 0
0.000000 -0.000000 -0.000000 0 128
0.000000 -0.000000 -0.000000 0 128
0.000000 -0.000000 -0.000000 0 0
0.000000 -0.000000 -0.000000 0 0
0.000000 -0.000000 -0.000000 0 128
0.000000 -0.000000 -0.000000 0 128
0.000000 -0.000000 -0.000000 0 0
0.000000 -0.000000 -0.000000 0 128
0.000000 -0.000000 -0.000000 0 128
0.000000 -0.000000 -0.000000 0 128
0.000000 -0.000000 -0.000000 0 0
0.000000 -0.000000 -0.000000 0 128
0.000000 -0.000000 -0.000000 0 128
0.000000 -0.000000 -0.000000 0 128
0.000000 -0.000000 -0.000000 0 0
0.000000 -0.000000 -0.000000 0 0
3.900000 -9.620000 0.668000 65 0
0.000000 -0.000000 -0.000000 0 128
4.290000 -9.526000 0.544000 12 0
3.971000 -9.608000 0.595000 61 0
3.657000 -9.677000 0.655000 101 0
0.000000 -0.000000 -0.000000 0 128
4.050000 -9.584000 0.548000 52 0
3.728000 -9.653000 0.589000 103 0
3.416000 -9.726000 0.642000 108 0
4.140000 -9.574000 0.504000 43 0
3.808000 -9.629000 0.551000 96 0
3.489000 -9.710000 0.585000 111 0
3.179000 -9.783000 0.630000 110 0
3.900000 -9.620000 0.515000 70 0
3.574000 -9.692000 0.554000 117 0
3.255000 -9.768000 0.581000 112 0
2.940000 -9.840000 0.618000 105 0
3.664000 -9.669000 0.527000 103 0
3.340000 -9.748000 0.558000 109 0
3.016000 -9.815000 0.576000 107 0
2.704000 -9.891000 0.606000 104 0
3.427000 -9.722000 0.539000 105 0
3.106000 -9.803000 0.562000 108 0
2.785000 -9.879000 0.573000 106 0
2.468000 -9.949000 0.595000 102 0
3.196000 -9.776000 0.551000 105 0
2.868000 -9.845000 0.566000 105 0
2.551000 -9.932000 0.570000 105 0
2.234000 -10.004000 0.584000 100 0
2.962000 -9.828000 0.563000 104 0
2.638000 -9.907000 0.571000 102 0
2.316000 -9.990000 0.567000 105 0
1.998000 -10.053000 0.573000 99 0
2.733000 -9.888000 0.576000 103 0
2.405000 -9.961000 0.576000 100 0
2.081000 -10.036000 0.564000 101 0
1.763000 -10.117000 0.563000 98 0
2.502000 -9.942000 0.589000 101 0
2.174000 -10.020000 0.581000 99 0
1.849000 -10.101000 0.561000 101 0
1.527000 -10.168000 0.553000 95 0
2.268000 -9.993000 0.602000 101 0
1.942000 -10.073000 0.586000 99 0
1.614000 -10.148000 0.559000 99 0
1.273000 -10.091000 0.536000 47 0
2.039000 -10.049000 0.616000 100 0
1.705000 -10.121000 0.592000 99 0
1.379000 -10.197000 0.556000 67 0
0.000000 -0.000000 -0.000000 0 0
1.805000 -10.102000 0.630000 93 0
1.473000 -10.177000 0.598000 95 0
1.122000 -10.079000 0.545000 11 0
0.000000 -0.000000 -0.000000 0 128
1.569000 -10.137000 0.642000 89 0
1.215000 -10.056000 0.593000 43 0
0.000000 -0.000000 -0.000000 0 0
0.000000 -0.000000 -0.000000 0 128
1.332000 -10.155000 0.654000 65 0
0.000000 -0.000000 -0.000000 0 0
0.000000 -0.000000 -0.000000 0 128
0.000000 -0.000000 -0.000000 0 128
1.088000 -10.114000 0.663000 4 0
0.000000 -0.000000 -0.000000 0 128
0.000000 -0.000000 -0.000000 0 128
0.000000 -0.000000 -0.000000 0 128
0.000000 -0.000000 -0.000000 0 0
0.000000 -0.000000 -0.000000 0 128
0.000000 -0.000000 -0.000000 0 128
0.000000 -0.000000 -0.000000 0 128
0.000000 -0.000000 -0.000000 0 128
0.000000 -0.000000 -0.000000 0 128
0.000000 -0.000000 -0.000000 0 128
0.000000 -0.000000 -0.000000 0 128
0.000000 -0.000000 -0.000000 0 128
0.000000 -0.000000 -0.000000 0 128
0.000000 -0.000000 -0.000000 0 128
0.000000 -0.000000 -0.000000 0 128
0.000000 -0.000000 -0.000000 0 128
0.000000 -0.000000 -0.000000 0 128
0.000000 -0.000000 -0.000000 0 128
-0.176000 -2.076000 0.089000 0 0
0.000000 -0.000000 -0.000000 0 128
0.000000 -0.000000 -0.000000 0 128
0.000000 -0.000000 -0.000000 0 0
-0.210000 -1.944000 0.081000 1 0
0.000000 -0.000000 -0.000000 0 128
0.000000 -0.000000 -0.000000 0 0
-0.198000 -1.994000 0.101000 1 0
-0.240000 -1.823000 0.075000 1 0
0.000000 -0.000000 -0.000000 0 128
-0.183000 -2.034000 0.127000 1 0
-0.230000 -1.878000 0.095000 1 0
-0.266000 -1.709000 0.068000 2 0
0.000000 -0.000000 -0.000000 0 0
-0.217000 -1.910000 0.121000 1 0
-0.258000 -1.759000 0.089000 1 0
-0.290000 -1.616000 0.063000 2 0
-0.202000 -1.954000 0.149000 1 0
-0.247000 -1.797000 0.114000 1 0
-0.283000 -1.661000 0.083000 2 0
-0.306000 -1.504000 0.057000 2 0
-0.234000 -1.842000 0.143000 1 0
-0.272000 -1.691000 0.109000 2 0
-0.300000 -1.544000 0.077000 2 0
-0.485000 -2.129000 0.079000 52 0
-0.261000 -1.724000 0.136000 1 0
-0.297000 -1.601000 0.104000 2 0
-0.469000 -2.147000 0.107000 48 0
-0.509000 -2.019000 0.073000 66 0
-0.286000 -1.632000 0.132000 2 0
-0.317000 -1.513000 0.099000 2 0
-0.501000 -2.058000 0.103000 58 0
-0.531000 -1.919000 0.068000 61 0
-0.307000 -1.536000 0.126000 2 0
-0.492000 -2.102000 0.140000 57 0
-0.524000 -1.955000 0.098000 60 0
-0.552000 -1.829000 0.063000 64 0
-0.481000 -2.142000 0.179000 45 0
-0.515000 -1.987000 0.134000 62 0
-0.544000 -1.857000 0.093000 64 0
-0.571000 -1.745000 0.059000 64 0
-0.508000 -2.033000 0.173000 57 0
-0.539000 -1.898000 0.129000 58 0
-0.566000 -1.776000 0.089000 69 0
-0.590000 -1.673000 0.055000 73 0
-0.530000 -1.930000 0.168000 61 0
-0.559000 -1.805000 0.124000 66 0
-0.584000 -1.696000 0.085000 71 0
-0.607000 -1.601000 0.052000 72 0
-0.553000 -1.842000 0.163000 64 0
-0.579000 -1.726000 0.120000 65 0
-0.601000 -1.623000 0.081000 72 0
-0.622000 -1.534000 0.048000 76 0
-0.573000 -1.753000 0.158000 67 0
-0.597000 -1.651000 0.116000 64 0
-0.618000 -1.556000 0.078000 76 0
-0.641000 -1.482000 0.045000 16 0
-0.591000 -1.674000 0.154000 65 0
-0.611000 -1.571000 0.112000 76 0
-0.637000 -1.501000 0.075000 15 0
-0.646000 -1.404000 0.042000 15 0
-0.607000 -1.598000 0.150000 69 0
-0.628000 -1.509000 0.109000 73 0
-0.647000 -1.432000 0.072000 15 0
-0.664000 -1.359000 0.040000 15 0
-0.624000 -1.534000 0.147000 71 0
-0.650000 -1.463000 0.108000 14 0
-0.660000 -1.375000 0.069000 14 0
-0.677000 -1.310000 0.037000 14 0
-0.641000 -1.474000 0.144000 14 0
-0.657000 -1.391000 0.104000 12 0
-0.674000 -1.324000 0.067000 14 0
-0.690000 -1.264000 0.035000 14 0
1.332000 -10.155000 0.654000 65 0
0.000000 -0.000000 -0.000000 0 0
0.000000 -0.000000 -0.000000 0 128
0.000000 -0.000000 -0.000000 0 128
1.088000 -10.114000 0.663000 4 0
0.000000 -0.000000 -0.000000 0 128
0.000000 -0.000000 -0.000000 0 128
0.000000 -0.000000 -0.000000 0 128
0.000000 -0.000000 -0.000000 0 0
0.000000 -0.000000 -0.000000 0 128
0.000000 -0.000000 -0.000000 0 128
0.000000 -0.000000 -0.000000 0 128
0.000000 -0.000000 -0.000000 0 128
0.000000 -0.000000 -0.000000 0 128
0.000000 -0.000000 -0.000000 0 128
0.000000 -0.000000 -0.000000 0 128
0.000000 -0.000000 -0.000000 0 128
0.000000 -0.000000 -0.000000 0 128
0.000000 -0.000000 -0.000000 0 128
0.000000 -0.000000 -0.000000 0 128
0.000000 -0.000000 -0.000000 0 128
0.000000 -0.000000 -0.000000 0 128
0.000000 -0.000000 -0.000000 0 128
-0.176000 -2.076000 0.089000 0 0
0.000000 -0.000000 -0.000000 0 128
0.000000 -0.000000 -0.000000 0 128
0.000000 -0.000000 -0.000000 0 0
-0.210000 -1.944000 0.081000 1 0
0.000000 -0.000000 -0.000000 0 128
0.000000 -0.000000 -0.000000 0 0
-0.198000 -1.994000 0.101000 1 0
-0.240000 -1.823000 0.075000 1 0
0.000000 -0.000000 -0.000000 0 128
-0.183000 -2.034000 0.127000 1 0
-0.230000 -1.878000 0.095000 1 0
-0.266000 -1.709000 0.068000 2 0
0.000000 -0.000000 -0.000000 0 0
-0.217000 -1.910000 0.121000 1 0
-0.258000 -1.759000 0.089000 1 0
-0.290000 -1.616000 0.063000 2 0
-0.202000 -1.954000 0.149000 1 0
-0.247000 -1.797000 0.114000 1 0
-0.283000 -1.661000 0.083000 2 0
-0.306000 -1.504000 0.057000 2 0
-0.234000 -1.842000 0.143000 1 0
-0.272000 -1.691000 0.109000 2 0
-0.300000 -1.544000 0.077000 2 0
-0.485000 -2.129000 0.079000 52 0
-0.261000 -1.724000 0.136000 1 0
-0.297000 -1.601000 0.104000 2 0
-0.469000 -2.147000 0.107000 48 0
-0.509000 -2.019000 0.073000 66 0
-0.286000 -1.632000 0.132000 2 0
-0.317000 -1.513000 0.099000 2 0
-0.501000 -2.058000 0.103000 58 0
-0.531000 -1.919000 0.068000 61 0
-0.307000 -1.536000 0.126000 2 0
-0.492000 -2.102000 0.140000 57 0
-0.524000 -1.955000 0.098000 60 0
-0.552000 -1.829000 0.063000 64 0
-0.481000 -2.142000 0.179000 45 0
-0.515000 -1.987000 0.134000 62 0
-0.544000 -1.857000 0.093000 64 0
-0.571000 -1.745000 0.059000 64 0
-0.508000 -2.033000 0.173000 57 0
-0.539000 -1.898000 0.129000 58 0
-0.566000 -1.776000 0.089000 69 0
-0.590000 -1.673000 0.055000 73 0
-0.530000 -1.930000 0.168000 61 0
-0.559000 -1.805000 0.124000 66 0
-0.584000 -1.696000 0.085000 71 0
-0.607000 -1.601000 0.052000 72 0
-0.553000 -1.842000 0.163000 64 0
-0.579000 -1.726000 0.120000 65 0
-0.601000 -1.623000 0.081000 72 0
-0.622000 -1.534000 0.048000 76 0
-0.573000 -1.753000 0.158000 67 0
-0.597000 -1.651000 0.116000 64 0
-0.618000 -1.556000 0.078000 76 0
-0.641000 -1.482000 0.045000 16 0
-0.591000 -1.674000 0.154000 65 0
-0.611000 -1.571000 0.112000 76 0
-0.637000 -1.501000 0.075000 15 0
-0.646000 -1.404000 0.042000 15 0
-0.607000 -1.598000 0.150000 69 0
-0.628000 -1.509000 0.109000 73 0
-0.647000 -1.432000 0.072000 15 0
-0.664000 -1.359000 0.040000 15 0
-0.624000 -1.534000 0.147000 71 0
-0.650000 -1.463000 0.108000 14 0
-0.660000 -1.375000 0.069000 14 0
-0.677000 -1.310000 0.037000 14 0
-0.641000 -1.474000 0.144000 14 0
-0.657000 -1.391000 0.104000 12 0
-0.674000 -1.324000 0.067000 14 0
-0.690000 -1.264000 0.035000 14 0
-0.652000 -1.406000 0.141000 15 0
-0.671000 -1.339000 0.102000 12 0
-0.688000 -1.277000 0.065000 13 0
-0.708000 -1.227000 0.033000 18 0
-0.668000 -1.355000 0.139000 15 0
-0.685000 -1.290000 0.100000 13 0
-0.698000 -1.227000 0.063000 16 0
-0.716000 -1.179000 0.031000 17 0
-0.680000 -1.301000 0.136000 14 0
-0.697000 -1.241000 0.097000 16 0
-0.711000 -1.185000 0.061000 16 0
-0.721000 -1.127000 0.029000 18 0
-0.695000 -1.255000 0.134000 14 0
-0.709000 -1.195000 0.095000 16 0
-0.719000 -1.138000 0.059000 16 0
-0.727000 -1.082000 0.027000 17 0
-0.708000 -1.210000 0.132000 13 0
-0.719000 -1.151000 0.093000 16 0
-0.728000 -1.094000 0.057000 16 0
-0.736000 -1.044000 0.025000 17 0
-0.716000 -1.159000 0.130000 17 0
-0.730000 -1.109000 0.092000 16 0
-0.736000 -1.053000 0.056000 16 0
-0.738000 -0.997000 0.023000 17 0
-0.723000 -1.111000 0.127000 17 0
-0.738000 -1.065000 0.090000 16 0
-0.740000 -1.009000 0.054000 15 0
-0.753000 -0.970000 0.022000 18 0
-0.732000 -1.067000 0.125000 17 0
-0.745000 -1.023000 0.088000 16 0
-0.749000 -0.972000 0.052000 20 0
-0.764000 -0.940000 0.021000 19 0
-0.741000 -1.028000 0.124000 18 0
-0.749000 -0.979000 0.086000 15 0
-0.756000 -0.937000 0.051000 20 0
-0.769000 -0.902000 0.019000 25 0
-0.751000 -0.991000 0.122000 18 0
-0.761000 -0.948000 0.085000 15 0
-0.768000 -0.907000 0.050000 20 0
-0.782000 -0.877000 0.018000 25 0
-0.760000 -0.954000 0.121000 18 0
-0.772000 -0.917000 0.084000 16 0
-0.778000 -0.878000 0.049000 20 0
-0.792000 -0.848000 0.017000 25 0
-0.767000 -0.917000 0.119000 18 0
-0.784000 -0.888000 0.083000 16 0
-0.788000 -0.849000 0.048000 20 0
-0.800000 -0.819000 0.016000 25 0
-0.780000 -0.888000 0.119000 26 0
-0.790000 -0.853000 0.082000 16 0
-0.794000 -0.816000 0.047000 19 0
-0.808000 -0.790000 0.015000 26 0
-0.789000 -0.856000 0.118000 27 0
-0.801000 -0.825000 0.081000 16 0
-0.803000 -0.788000 0.046000 19 0
-0.820000 -0.767000 0.014000 25 0
-0.794000 -0.821000 0.116000 26 0
-0.808000 -0.794000 0.080000 16 0
-0.815000 -0.763000 0.045000 19 0
-0.823000 -0.735000 0.013000 20 0
-0.806000 -0.794000 0.116000 26 0
-0.817000 -0.766000 0.080000 19 0
-0.816000 -0.730000 0.044000 18 0
-0.832000 -0.710000 0.012000 24 0
-0.814000 -0.764000 0.115000 25 0
-0.823000 -0.735000 0.079000 18 0
-0.828000 -0.707000 0.044000 18 0
-0.831000 -0.677000 0.011000 24 0
-0.821000 -0.735000 0.114000 25 0
-0.827000 -0.706000 0.078000 18 0
-0.832000 -0.678000 0.043000 18 0
-0.837000 -0.652000 0.011000 19 0
-0.827000 -0.706000 0.113000 24 0
-0.836000 -0.680000 0.077000 18 0
-0.842000 -0.654000 0.042000 18 0
-0.845000 -0.627000 0.010000 19 0
-0.837000 -0.680000 0.113000 24 0
-0.842000 -0.652000 0.076000 18 0
-0.848000 -0.628000 0.042000 18 0
-0.854000 -0.605000 0.009000 19 0
-0.841000 -0.650000 0.112000 19 0
-0.850000 -0.627000 0.076000 18 0
-0.847000 -0.598000 0.041000 18 0
-0.853000 -0.576000 0.009000 18 0
-0.853000 -0.627000 0.112000 19 0
-0.855000 -0.600000 0.075000 17 0
-0.857000 -0.576000 0.040000 18 0
-0.863000 -0.555000 0.008000 19 0
-0.858000 -0.599000 0.111000 18 0
-0.862000 -0.575000 0.074000 17 0
-0.856000 -0.547000 0.039000 16 0
-0.858000 -0.524000 0.007000 18 0
-0.862000 -0.572000 0.110000 19 0
-0.864000 -0.547000 0.074000 17 0
-0.864000 -0.524000 0.039000 16 0
-0.867000 -0.503000 0.007000 18 0
-0.652000 -1.406000 0.141000 15 0
-0.671000 -1.339000 0.102000 12 0
-0.688000 -1.277000 0.065000 13 0
-0.708000 -1.227000 0.033000 18 0
-0.668000 -1.355000 0.139000 15 0
-0.685000 -1.290000 0.100000 13 0
-0.698000 -1.227000 0.063000 16 0
-0.716000 -1.179000 0.031000 17 0
-0.680000 -1.301000 0.136000 14 0
-0.697000 -1.241000 0.097000 16 0
-0.711000 -1.185000 0.061000 16 0
-0.721000 -1.127000 0.029000 18 0
-0.695000 -1.255000 0.134000 14 0
-0.709000 -1.195000 0.095000 16 0
-0.719000 -1.138000 0.059000 16 0
-0.727000 -1.082000 0.027000 17 0
-0.708000 -1.210000 0.132000 13 0
-0.719000 -1.151000 0.093000 16 0
-0.728000 -1.094000 0.057000 16 0
-0.736000 -1.044000 0.025000 17 0
-0.716000 -1.159000 0.130000 17 0
-0.730000 -1.109000 0.092000 16 0
-0.736000 -1.053000 0.056000 16 0
-0.738000 -0.997000 0.023000 17 0
-0.723000 -1.111000 0.127000 17 0
-0.738000 -1.065000 0.090000 16 0
-0.740000 -1.009000 0.054000 15 0
-0.753000 -0.970000 0.022000 18 0
-0.732000 -1.067000 0.125000 17 0
-0.745000 -1.023000 0.088000 16 0
-0.749000 -0.972000 0.052000 20 0
-0.764000 -0.940000 0.021000 19 0
-0.741000 -1.028000 0.124000 18 0
-0.749000 -0.979000 0.086000 15 0
-0.756000 -0.937000 0.051000 20 0
-0.769000 -0.902000 0.019000 25 0
-0.751000 -0.991000 0.122000 18 0
-0.761000 -0.948000 0.085000 15 0
-0.768000 -0.907000 0.050000 20 0
-0.782000 -0.877000 0.018000 25 0
-0.760000 -0.954000 0.121000 18 0
-0.772000 -0.917000 0.084000 16 0
-0.778000 -0.878000 0.049000 20 0
-0.792000 -0.848000 0.017000 25 0
-0.767000 -0.917000 0.119000 18 0
-0.784000 -0.888000 0.083000 16 0
-0.788000 -0.849000 0.048000 20 0
-0.800000 -0.819000 0.016000 25 0
-0.780000 -0.888000 0.119000 26 0
-0.790000 -0.853000 0.082000 16 0
-0.794000 -0.816000 0.047000 19 0
-0.808000 -0.790000 0.015000 26 0
-0.789000 -0.856000 0.118000 27 0
-0.801000 -0.825000 0.081000 16 0
-0.803000 -0.788000 0.046000 19 0
-0.820000 -0.767000 0.014000 25 0
-0.794000 -0.821000 0.116000 26 0
-0.808000 -0.794000 0.080000 16 0
-0.815000 -0.763000 0.045000 19 0
-0.823000 -0.735000 0.013000 20 0
-0.806000 -0.794000 0.116000 26 0
-0.817000 -0.766000 0.080000 19 0
-0.816000 -0.730000 0.044000 18 0
-0.832000 -0.710000 0.012000 24 0
-0.814000 -0.764000 0.115000 25 0
-0.823000 -0.735000 0.079000 18 0
-0.828000 -0.707000 0.044000 18 0
-0.831000 -0.677000 0.011000 24 0
-0.821000 -0.735000 0.114000 25 0
-0.827000 -0.706000 0.078000 18 0
-0.832000 -0.678000 0.043000 18 0
-0.837000 -0.652000 0.011000 19 0
-0.827000 -0.706000 0.113000 24 0
-0.836000 -0.680000 0.077000 18 0
-0.842000 -0.654000 0.042000 18 0
-0.845000 -0.627000 0.010000 19 0
-0.837000 -0.680000 0.113000 24 0
-0.842000 -0.652000 0.076000 18 0
-0.848000 -0.628000 0.042000 18 0
-0.854000 -0.605000 0.009000 19 0
-0.841000 -0.650000 0.112000 19 0
-0.850000 -0.627000 0.076000 18 0
-0.847000 -0.598000 0.041000 18 0
-0.853000 -0.576000 0.009000 18 0
-0.853000 -0.627000 0.112000 19 0
-0.855000 -0.600000 0.075000 17 0
-0.857000 -0.576000 0.040000 18 0
-0.863000 -0.555000 0.008000 19 0
-0.858000 -0.599000 0.111000 18 0
-0.862000 -0.575000 0.074000 17 0
-0.856000 -0.547000 0.039000 16 0
-0.858000 -0.524000 0.007000 18 0
-0.862000 -0.572000 0.110000 19 0
-0.864000 -0.547000 0.074000 17 0
-0.864000 -0.524000 0.039000 16 0
-0.867000 -0.503000 0.007000 18 0
0.000000 -0.000000 -0.000000 0 192
0.000000 -0.000000 -0.000000 0 0
0.000000 -0.000000 -0.000000 0 0
0.000000 -0.000000 -0.000000 0 128
0.000000 -0.000000 -0.000000 0 128
0.000000 -0.000000 -0.000000 0 128
0.000000 -0.000000 -0.000000 0 192
0.000000 -0.000000 -0.000000 0 128
0.000000 -0.000000 -0.000000 0 0
0.000000 -0.000000 -0.000000 0 0
0.000000 -0.000000 -0.000000 0 128
0.000000 -0.000000 -0.000000 0 192
0.000000 -0.000000 -0.000000 0 0
0.000000 -0.000000 -0.000000 0 0
0.000000 -0.000000 -0.000000 0 0
0.000000 -0.000000 -0.000000 0 128
0.000000 -0.000000 -0.000000 0 0
0.000000 -0.000000 -0.000000 0 0
0.000000 -0.000000 -0.000000 0 0
0.000000 -0.000000 -0.000000 0 128
0.000000 -0.000000 -0.000000 0 0
0.000000 -0.000000 -0.000000 0 0
0.000000 -0.000000 -0.000000 0 0
0.000000 -0.000000 -0.000000 0 128
0.000000 -0.000000 -0.000000 0 0
0.000000 -0.000000 -0.000000 0 0
0.000000 -0.000000 -0.000000 0 0
0.000000 -0.000000 -0.000000 0 0
0.000000 -0.000000 -0.000000 0 0
0.000000 -0.000000 -0.000000 0 0
0.000000 -0.000000 -0.000000 0 0
0.000000 -0.000000 -0.000000 0 0
0.000000 -0.000000 -0.000000 0 0
0.000000 -0.000000 -0.000000 0 0
0.000000 -0.000000 -0.000000 0 0
0.000000 -0.000000 -0.000000 0 0
0.000000 -0.000000 -0.000000 0 0
0.000000 -0.000000 -0.000000 0 0
0.000000 -0.000000 -0.000000 0 0
0.000000 -0.000000 -0.000000 0 0
0.000000 -0.000000 -0.000000 0 0
0.000000 -0.000000 -0.000000 0 0
0.000000 -0.000000 -0.000000 0 0
0.000000 -0.000000 -0.000000 0 0
0.000000 -0.000000 -0.000000 0 0
0.000000 -0.000000 -0.000000 0 0
0.000000 -0.000000 -0.000000 0 0
0.000000 -0.000000 -0.000000 0 0
0.000000 -0.000000 -0.000000 0 0
0.000000 -0.000000 -0.000000 0 0
0.000000 -0.000000 -0.000000 0 0
0.000000 -0.000000 -0.000000 0 0
0.000000 -0.000000 -0.000000 0 0
0.000000 -0.000000 -0.000000 0 0
0.000000 -0.000000 -0.000000 0 0
0.000000 -0.000000 -0.000000 0 0
0.000000 -0.000000 -0.000000 0 0
0.000000 -0.000000 -0.000000 0 0
0.000000 -0.000000 -0.000000 0 0
0.000000 -0.000000 -0.000000 0 0
0.000000 -0.000000 -0.000000 0 0
0.000000 -0.000000 -0.000000 0 0
0.000000 -0.000000 -0.000000 0 0
0.000000 -0.000000 -0.000000 0 0
0.000000 -0.000000 -0.000000 0 0
0.000000 -0.000000 -0.000000 0 0
0.000000 -0.000000 -0.000000 0 0
0.000000 -0.000000 -0.000000 0 0
0.000000 -0.000000 -0.000000 0 0
0.000000 -0.000000 -0.000000 0 0
0.000000 -0.000000 -0.000000 0 0
0.000000 -0.000000 -0.000000 0 0
0.000000 -0.000000 -0.000000 0 0
0.000000 -0.000000 -0.000000 0 0
0.000000 -0.000000 -0.000000 0 0
0.000000 -0.000000 -0.000000 0 0
0.000000 -0.000000 -0.000000 0 0
0.000000 -0.000000 -0.000000 0 0
0.000000 -0.000000 -0.000000 0 0
0.000000 -0.000000 -0.000000 0 0
0.000000 -0.000000 -0.000000 0 0
0.000000 -0.000000 -0.000000 0 0
0.000000 -0.000000 -0.000000 0 0
0.000000 -0.000000 -0.000000 0 0
0.000000 -0.000000 -0.000000 0 0
0.000000 -0.000000 -0.000000 0 0
0.000000 -0.000000 -0.000000 0 0
0.000000 -0.000000 -0.000000 0 0
0.000000 -0.000000 -0.000000 0 0
0.000000 -0.000000 -0.000000 0 0
0.000000 -0.000000 -0.000000 0 0
0.000000 -0.000000 -0.000000 0 0
0.000000 -0.000000 -0.000000 0 0
0.000000 -0.000000 -0.000000 0 0
0.000000 -0.000000 -0.000000 0 0
0.000000 -0.000000 -0.000000 0 128
0.000000 -0.000000 -0.000000 0 192
0.000000 -0.000000 -0.000000 0 0
0.000000 -0.000000 -0.000000 0 0
0.000000 -0.000000 -0.000000 0 128
0.000000 -0.000000 -0.000000 0 128
0.000000 -0.000000 -0.000000 0 128
0.000000 -0.000000 -0.000000 0 192
0.000000 -0.000000 -0.000000 0 128
0.000000 -0.000000 -0.000000 0 0
0.000000 -0.000000 -0.000000 0 0
0.000000 -0.000000 -0.000000 0 128
0.000000 -0.000000 -0.000000 0 192
0.000000 -0.000000 -0.000000 0 0
0.000000 -0.000000 -0.000000 0 0
0.000000 -0.000000 -0.000000 0 0
0.000000 -0.000000 -0.000000 0 128
0.000000 -0.000000 -0.000000 0 0
0.000000 -0.000000 -0.000000 0 0
0.000000 -0.000000 -0.000000 0 0
0.000000 -0.000000 -0.000000 0 128
0.000000 -0.000000 -0.000000 0 0
0.000000 -0.000000 -0.000000 0 0
0.000000 -0.000000 -0.000000 0 0
0.000000 -0.000000 -0.000000 0 128
0.000000 -0.000000 -0.000000 0 0
0.000000 -0.000000 -0.000000 0 0
0.000000 -0.000000 -0.000000 0 0
0.000000 -0.000000 -0.000000 0 0
0.000000 -0.000000 -0.000000 0 0
0.000000 -0.000000 -0.000000 0 0
0.000000 -0.000000 -0.000000 0 0
0.000000 -0.000000 -0.000000 0 0
0.000000 -0.000000 -0.000000 0 0
0.000000 -0.000000 -0.000000 0 0
0.000000 -0.000000 -0.000000 0 0
0.000000 -0.000000 -0.000000 0 0
0.000000 -0.000000 -0.000000 0 0
0.000000 -0.000000 -0.000000 0 0
0.000000 -0.000000 -0.000000 0 0
0.000000 -0.000000 -0.000000 0 0
0.000000 -0.000000 -0.000000 0 0
0.000000 -0.000000 -0.000000 0 0
0.000000 -0.000000 -0.000000 0 0
0.000000 -0.000000 -0.000000 0 0
0.000000 -0.000000 -0.000000 0 0
0.000000 -0.000000 -0.000000 0 0
0.000000 -0.000000 -0.000000 0 0
0.000000 -0.000000 -0.000000 0 0
0.000000 -0.000000 -0.000000 0 0
0.000000 -0.000000 -0.000000 0 0
0.000000 -0.000000 -0.000000 0 0
0.000000 -0.000000 -0.000000 0 0
0.000000 -0.000000 -0.000000 0 0
0.000000 -0.000000 -0.000000 0 0
0.000000 -0.000000 -0.000000 0 0
0.000000 -0.000000 -0.000000 0 0
0.000000 -0.000000 -0.000000 0 0
0.000000 -0.000000 -0.000000 0 0
0.000000 -0.000000 -0.000000 0 0
0.000000 -0.000000 -0.000000 0 0
0.000000 -0.000000 -0.000000 0 0
0.000000 -0.000000 -0.000000 0 0
0.000000 -0.000000 -0.000000 0 0
0.000000 -0.000000 -0.000000 0 0
0.000000 -0.000000 -0.000000 0 0
0.000000 -0.000000 -0.000000 0 0
0.000000 -0.000000 -0.000000 0 0
0.000000 -0.000000 -0.000000 0 0
0.000000 -0.000000 -0.000000 0 0
0.000000 -0.000000 -0.000000 0 0
0.000000 -0.000000 -0.000000 0 0
0.000000 -0.000000 -0.000000 0 0
0.000000 -0.000000 -0.000000 0 0
0.000000 -0.000000 -0.000000 0 0
0.000000 -0.000000 -0.000000 0 0
0.000000 -0.000000 -0.000000 0 0
0.000000 -0.000000 -0.000000 0 0
0.000000 -0.000000 -0.000000 0 0
0.000000 -0.000000 -0.000000 0 0
0.000000 -0.000000 -0.000000 0 0
0.000000 -0.000000 -0.000000 0 0
0.000000 -0.000000 -0.000000 0 0
0.000000 -0.000000 -0.000000 0 0
0.000000 -0.000000 -0.000000 0 0
0.000000 -0.000000 -0.000000 0 0
0.000000 -0.000000 -0.000000 0 0
0.000000 -0.000000 -0.000000 0 0
0.000000 -0.000000 -0.000000 0 0
0.000000 -0.000000 -0.000000 0 0
0.000000 -0.000000 -0.000000 0 0
0.000000 -0.000000 -0.000000 0 0
0.000000 -0.000000 -0.000000 0 0
0.000000 -0.000000 -0.000000 0 0
0.000000 -0.000000 -0.000000 0 0
0.000000 -0.000000 -0.000000 0 0
0.000000 -0.000000 -0.000000 0 128
0.000000 -0.000000 -0.000000 0 0
0.000000 -0.000000 -0.000000 0 0
0.000000 -0.000000 -0.000000 0 0
0.000000 -0.000000 -0.000000 0 0
0.000000 -0.000000 -0.000000 0 0
0.000000 -0.000000 -0.000000 0 0
0.000000 -0.000000 -0.000000 0 0
0.000000 -0.000000 -0.000000 0 128
0.000000 -0.000000 -0.000000 0 0
0.000000 -0.000000 -0.000000 0 0
0.000000 -0.000000 -0.000000 0 0
0.000000 -0.000000 -0.000000 0 0
0.000000 -0.000000 -0.000000 0 0
0.000000 -0.000000 -0.000000 0 0
0.000000 -0.000000 -0.000000 0 0
0.000000 -0.000000 -0.000000 0 0
0.000000 -0.000000 -0.000000 0 0
0.000000 -0.000000 -0.000000 0 0
0.000000 -0.000000 -0.000000 0 0
0.000000 -0.000000 -0.000000 0 0
0.000000 -0.000000 -0.000000 0 0
0.000000 -0.000000 -0.000000 0 0
0.000000 -0.000000 -0.000000 0 0
0.000000 -0.000000 -0.000000 0 128
0.000000 -0.000000 -0.000000 0 0
0.000000 -0.000000 -0.000000 0 0
0.000000 -0.000000 -0.000000 0 0
0.000000 -0.000000 -0.000000 0 0
0.000000 -0.000000 -0.000000 0 0
0.000000 -0.000000 -0.000000 0 0
0.000000 -0.000000 -0.000000 0 0
0.000000 -0.000000 -0.000000 0 128
0.000000 -0.000000 -0.000000 0 0
0.000000 -0.000000 -0.000000 0 0
0.000000 -0.000000 -0.000000 0 0
0.000000 -0.000000 -0.000000 0 128
0.000000 -0.000000 -0.000000 0 0
0.000000 -0.000000 -0.000000 0 0
0.000000 -0.000000 -0.000000 0 0
0.000000 -0.000000 -0.000000 0 128
0.000000 -0.000000 -0.000000 0 0
0.000000 -0.000000 -0.000000 0 0
0.000000 -0.000000 -0.000000 0 0
0.000000 -0.000000 -0.000000 0 128
0.000000 -0.000000 -0.000000 0 128
0.000000 -0.000000 -0.000000 0 0
0.000000 -0.000000 -0.000000 0 128
0.000000 -0.000000 -0.000000 0 128
0.000000 -0.000000 -0.000000 0 0
0.000000 -0.000000 -0.000000 0 0
0.000000 -0.000000 -0.000000 0 128
0.000000 -0.000000 -0.000000 0 128
0.000000 -0.000000 -0.000000 0 0
0.000000 -0.000000 -0.000000 0 0
0.000000 -0.000000 -0.000000 0 0
0.000000 -0.000000 -0.000000 0 128
0.000000 -0.000000 -0.000000 0 0
0.000000 -0.000000 -0.000000 0 0
0.000000 -0.000000 -0.000000 0 0
0.000000 -0.000000 -0.000000 0 128
0.000000 -0.000000 -0.000000 0 0
0.000000 -0.000000 -0.000000 0 0
0.000000 -0.000000 -0.000000 0 0
0.000000 -0.000000 -0.000000 0 128
0.000000 -0.000000 -0.000000 0 0
0.000000 -0.000000 -0.000000 0 0
0.000000 -0.000000 -0.000000 0 0
0.000000 -0.000000 -0.000000 0 0
0.000000 -0.000000 -0.000000 0 0
0.000000 -0.000000 -0.000000 0 0
0.000000 -0.000000 -0.000000 0 0
0.000000 -0.000000 -0.000000 0 0
0.000000 -0.000000 -0.000000 0 0
0.000000 -0.000000 -0.000000 0 0
0.000000 -0.000000 -0.000000 0 0
0.000000 -0.000000 -0.000000 0 0
0.000000 -0.000000 -0.000000 0 0
0.000000 -0.000000 -0.000000 0 0
0.000000 -0.000000 -0.000000 0 0
0.000000 -0.000000 -0.000000 0 128
0.000000 -0.000000 -0.000000 0 0
0.000000 -0.000000 -0.000000 0 0
0.000000 -0.000000 -0.000000 0 0
0.000000 -0.000000 -0.000000 0 0
0.000000 -0.000000 -0.000000 0 0
0.000000 -0.000000 -0.000000 0 0
0.000000 -0.000000 -0.000000 0 0
0.000000 -0.000000 -0.000000 0 128
0.000000 -0.000000 -0.000000 0 0
0.000000 -0.000000 -0.000000 0 0
0.000000 -0.000000 -0.000000 0 0
0.000000 -0.000000 -0.000000 0 0
0.000000 -0.000000 -0.000000 0 0
0.000000 -0.000000 -0.000000 0 0
0.000000 -0.000000 -0.000000 0 0
0.000000 -0.000000 -0.000000 0 128
0.000000 -0.000000 -0.000000 0 0
0.000000 -0.000000 -0.000000 0 0
0.000000 -0.000000 -0.000000 0 0
0.000000 -0.000000 -0.000000 0 0
0.000000 -0.000000 -0.000000 0 0
0.000000 -0.000000 -0.000000 0 0
0.000000 -0.000000 -0.000000 0 0
0.000000 -0.000000 -0.000000 0 128
0.000000 -0.000000 -0.000000 0 0
0.000000 -0.000000 -0.000000 0 0
0.000000 -0.000000 -0.000000 0 0
0.000000 -0.000000 -0.000000 0 0
0.000000 -0.000000 -0.000000 0 0
0.000000 -0.000000 -0.000000 0 0
0.000000 -0.000000 -0.000000 0 0
0.000000 -0.000000 -0.000000 0 0
0.000000 -0.000000 -0.000000 0 0
0.000000 -0.000000 -0.000000 0 0
0.000000 -0.000000 -0.000000 0 0
0.000000 -0.000000 -0.000000 0 0
0.000000 -0.000000 -0.000000 0 0
0.000000 -0.000000 -0.000000 0 0
0.000000 -0.000000 -0.000000 0 0
0.000000 -0.000000 -0.000000 0 128
0.000000 -0.000000 -0.000000 0 0
0.000000 -0.000000 -0.000000 0 0
0.000000 -0.000000 -0.000000 0 0
0.000000 -0.000000 -0.000000 0 0
0.000000 -0.000000 -0.000000 0 0
0.000000 -0.000000 -0.000000 0 0
0.000000 -0.000000 -0.000000 0 0
0.000000 -0.000000 -0.000000 0 128
0.000000 -0.000000 -0.000000 0 0
0.000000 -0.000000 -0.000000 0 0
0.000000 -0.000000 -0.000000 0 0
0.000000 -0.000000 -0.000000 0 128
0.000000 -0.000000 -0.000000 0 0
0.000000 -0.000000 -0.000000 0 0
0.000000 -0.000000 -0.000000 0 0
0.000000 -0.000000 -0.000000 0 128
0.000000 -0.000000 -0.000000 0 0
0.000000 -0.000000 -0.000000 0 0
0.000000 -0.000000 -0.000000 0 0
0.000000 -0.000000 -0.000000 0 128
0.000000 -0.000000 -0.000000 0 128
0.000000 -0.000000 -0.000000 0 0
0.000000 -0.000000 -0.000000 0 128
0.000000 -0.000000 -0.000000 0 128
0.000000 -0.000000 -0.000000 0 0
0.000000 -0.000000 -0.000000 0 0
0.000000 -0.000000 -0.000000 0 128
0.000000 -0.000000 -0.000000 0 128
0.000000 -0.000000 -0.000000 0 0
0.000000 -0.000000 -0.000000 0 0
0.000000 -0.000000 -0.000000 0 0
0.000000 -0.000000 -0.000000 0 128
0.000000 -0.000000 -0.000000 0 0
0.000000 -0.000000 -0.000000 0 0
0.000000 -0.000000 -0.000000 0 0
0.000000 -0.000000 -0.000000 0 128
0.000000 -0.000000 -0.000000 0 0
0.000000 -0.000000 -0.000000 0 0
0.000000 -0.000000 -0.000000 0 0
0.000000 -0.000000 -0.000000 0 128
0.000000 -0.000000 -0.000000 0 0
0.000000 -0.000000 -0.000000 0 0
0.000000 -0.000000 -0.000000 0 0
0.000000 -0.000000 -0.000000 0 0
0.000000 -0.000000 -0.000000 0 0
0.000000 -0.000000 -0.000000 0 0
0.000000 -0.000000 -0.000000 0 0
0.000000 -0.000000 -0.000000 0 0
0.000000 -0.000000 -0.000000 0 0
0.000000 -0.000000 -0.000000 0 0
0.000000 -0.000000 -0.000000 0 0
0.000000 -0.000000 -0.000000 0 0
0.000000 -0.000000 -0.000000 0 0
0.000000 -0.000000 -0.000000 0 0
0.000000 -0.000000 -0.000000 0 0
0.000000 -0.000000 -0.000000 0 128
0.000000 -0.000000 -0.000000 0 0
0.000000 -0.000000 -0.000000 0 0
0.000000 -0.000000 -0.000000 0 0
0.000000 -0.000000 -0.000000 0 0
0.000000 -0.000000 -0.000000 0 0
0.000000 -0.000000 -0.000000 0 0
0.000000 -0.000000 -0.000000 0 0
0.000000 -0.000000 -0.000000 0 128
0.000000 -0.000000 -0.000000 0 0
0.000000 -0.000000 -0.000000 0 0
0.000000 -0.000000 -0.000000 0 0
0.000000 -0.000000 -0.000000 0 0
0.000000 -0.000000 -0.000000 0 0
0.000000 -0.000000 -0.000000 0 0
0.000000 -0.000000 -0.000000 0 0
0.000000 -0.000000 -0.000000 0 128
0.000000 -0.000000 -0.000000 0 0
0.000000 -0.000000 -0.000000 0 0
0.000000 -0.000000 -0.000000 0 0
0.000000 -0.000000 -0.000000 0 0
0.000000 -0.000000 -0.000000 0 0
0.000000 -0.000000 -0.000000 0 0
0.000000 -0.000000 -0.000000 0 0
0.000000 -0.000000 -0.000000 0 0
0.000000 -0.000000 -0.000000 0 0
0.000000 -0.000000 -0.000000 0 0
0.000000 -0.000000 -0.000000 0 0
0.000000 -0.000000 -0.000000 0 0
0.000000 -0.000000 -0.000000 0 0
0.000000 -0.000000 -0.000000 0 0
0.000000 -0.000000 -0.000000 0 0
0.000000 -0.000000 -0.000000 0 0
0.000000 -0.000000 -0.000000 0 0
0.000000 -0.000000 -0.000000 0 0
0.000000 -0.000000 -0.000000 0 0
0.000000 -0.000000 -0.000000 0 0
0.000000 -0.000000 -0.000000 0 0
0.000000 -0.000000 -0.000000 0 0
0.000000 -0.000000 -0.000000 0 0
0.000000 -0.000000 -0.000000 0 0
0.000000 -0.000000 -0.000000 0 0
0.000000 -0.000000 -0.000000 0 0
0.000000 -0.000000 -0.000000 0 0
0.000000 -0.000000 -0.000000 0 0
0.000000 -0.000000 -0.000000 0 0
0.000000 -0.000000 -0.000000 0 0
0.000000 -0.000000 -0.000000 0 0
0.000000 -0.000000 -0.000000 0 0
0.000000 -0.000000 -0.000000 0 0
0.000000 -0.000000 -0.000000 0 0
0.000000 -0.000000 -0.000000 0 0
0.000000 -0.000000 -0.000000 0 0
0.000000 -0.000000 -0.000000 0 0
0.000000 -0.000000 -0.000000 0 0
0.000000 -0.000000 -0.000000 0 0
0.000000 -0.000000 -0.000000 0 128
0.000000 -0.000000 -0.000000 0 0
0.000000 -0.000000 -0.000000 0 0
0.000000 -0.000000 -0.000000 0 0
0.000000 -0.000000 -0.000000 0 0
0.000000 -0.000000 -0.000000 0 0
0.000000 -0.000000 -0.000000 0 0
0.000000 -0.000000 -0.000000 0 0
0.000000 -0.000000 -0.000000 0 128
0.000000 -0.000000 -0.000000 0 0
0.000000 -0.000000 -0.000000 0 0
0.000000 -0.000000 -0.000000 0 0
0.000000 -0.000000 -0.000000 0 0
0.000000 -0.000000 -0.000000 0 0
0.000000 -0.000000 -0.000000 0 0
0.000000 -0.000000 -0.000000 0 0
0.000000 -0.000000 -0.000000 0 128
0.000000 -0.000000 -0.000000 0 0
0.000000 -0.000000 -0.000000 0 0
0.000000 -0.000000 -0.000000 0 0
0.000000 -0.000000 -0.000000 0 128
0.000000 -0.000000 -0.000000 0 0
0.000000 -0.000000 -0.000000 0 0
0.000000 -0.000000 -0.000000 0 128
0.000000 -0.000000 -0.000000 0 128
0.000000 -0.000000 -0.000000 0 0
0.000000 -0.000000 -0.000000 0 128
0.000000 -0.000000 -0.000000 0 128
0.000000 -0.000000 -0.000000 0 192
0.000000 -0.000000 -0.000000 0 128
0.000000 -0.000000 -0.000000 0 128
0.000000 -0.000000 -0.000000 0 128
0.000000 -0.000000 -0.000000 0 128
0.000000 -0.000000 -0.000000 0 128
0.000000 -0.000000 -0.000000 0 128
0.000000 -0.000000 -0.000000 0 128
0.000000 -0.000000 -0.000000 0 128
0.000000 -0.000000 -0.000000 0 128
0.000000 -0.000000 -0.000000 0 128
0.000000 -0.000000 -0.000000 0 128
0.000000 -0.000000 -0.000000 0 128
0.000000 -0.000000 -0.000000 0 128
0.000000 -0.000000 -0.000000 0 0
0.000000 -0.000000 -0.000000 0 128
0.000000 -0.000000 -0.000000 0 128
0.000000 -0.000000 -0.000000 0 128
0.000000 -0.000000 -0.000000 0 0
0.000000 -0.000000 -0.000000 0 128
0.000000 -0.000000 -0.000000 0 128
0.000000 -0.000000 -0.000000 0 128
0.000000 -0.000000 -0.000000 0 0
0.000000 -0.000000 -0.000000 0 128
0.000000 -0.000000 -0.000000 0 128
0.000000 -0.000000 -0.000000 0 128
0.000000 -0.000000 -0.000000 0 0
0.000000 -0.000000 -0.000000 0 128
0.000000 -0.000000 -0.000000 0 128
0.000000 -0.000000 -0.000000 0 0
0.000000 -0.000000 -0.000000 0 0
0.000000 -0.000000 -0.000000 0 0
0.000000 -0.000000 -0.000000 0 0
0.000000 -0.000000 -0.000000 0 0
0.000000 -0.000000 -0.000000 0 0
0.000000 -0.000000 -0.000000 0 0
0.000000 -0.000000 -0.000000 0 0
0.000000 -0.000000 -0.000000 0 0
0.000000 -0.000000 -0.000000 0 0
0.000000 -0.000000 -0.000000 0 0
0.000000 -0.000000 -0.000000 0 0
0.000000 -0.000000 -0.000000 0 0
0.000000 -0.000000 -0.000000 0 0
0.000000 -0.000000 -0.000000 0 0
0.000000 -0.000000 -0.000000 0 0
0.000000 -0.000000 -0.000000 0 0
0.000000 -0.000000 -0.000000 0 0
0.000000 -0.000000 -0.000000 0 0
0.000000 -0.000000 -0.000000 0 0
0.000000 -0.000000 -0.000000 0 0
0.000000 -0.000000 -0.000000 0 0
0.000000 -0.000000 -0.000000 0 0
0.000000 -0.000000 -0.000000 0 0
0.000000 -0.000000 -0.000000 0 0
0.000000 -0.000000 -0.000000 0 0
0.000000 -0.000000 -0.000000 0 0
0.000000 -0.000000 -0.000000 0 0
0.000000 -0.000000 -0.000000 0 0
0.000000 -0.000000 -0.000000 0 0
0.000000 -0.000000 -0.000000 0 0
0.000000 -0.000000 -0.000000 0 0
0.000000 -0.000000 -0.000000 0 0
0.000000 -0.000000 -0.000000 0 0
0.000000 -0.000000 -0.000000 0 0
0.000000 -0.000000 -0.000000 0 0
0.000000 -0.000000 -0.000000 0 0
0.000000 -0.000000 -0.000000 0 0
0.000000 -0.000000 -0.000000 0 0
0.000000 -0.000000 -0.000000 0 128
0.000000 -0.000000 -0.000000 0 0
0.000000 -0.000000 -0.000000 0 0
0.000000 -0.000000 -0.000000 0 0
0.000000 -0.000000 -0.000000 0 0
0.000000 -0.000000 -0.000000 0 0
0.000000 -0.000000 -0.000000 0 0
0.000000 -0.000000 -0.000000 0 0
0.000000 -0.000000 -0.000000 0 128
0.000000 -0.000000 -0.000000 0 0
0.000000 -0.000000 -0.000000 0 0
0.000000 -0.000000 -0.000000 0 0
0.000000 -0.000000 -0.000000 0 0
0.000000 -0.000000 -0.000000 0 0
0.000000 -0.000000 -0.000000 0 0
0.000000 -0.000000 -0.000000 0 0
0.000000 -0.000000 -0.000000 0 128
0.000000 -0.000000 -0.000000 0 0
0.000000 -0.000000 -0.000000 0 0
0.000000 -0.000000 -0.000000 0 0
0.000000 -0.000000 -0.000000 0 128
0.000000 -0.000000 -0.000000 0 0
0.000000 -0.000000 -0.000000 0 0
0.000000 -0.000000 -0.000000 0 128
0.000000 -0.000000 -0.000000 0 128
0.000000 -0.000000 -0.000000 0 0
0.000000 -0.000000 -0.000000 0 128
0.000000 -0.000000 -0.000000 0 128
0.000000 -0.000000 -0.000000 0 192
0.000000 -0.000000 -0.000000 0 128
0.000000 -0.000000 -0.000000 0 128
0.000000 -0.000000 -0.000000 0 128
0.000000 -0.000000 -0.000000 0 128
0.000000 -0.000000 -0.000000 0 128
0.000000 -0.000000 -0.000000 0 128
0.000000 -0.000000 -0.000000 0 128
0.000000 -0.000000 -0.000000 0 128
0.000000 -0.000000 -0.000000 0 128
0.000000 -0.000000 -0.000000 0 128
0.000000 -0.000000 -0.000000 0 128
0.000000 -0.000000 -0.000000 0 128
0.000000 -0.000000 -0.000000 0 128
0.000000 -0.000000 -0.000000 0 0
0.000000 -0.000000 -0.000000 0 128
0.000000 -0.000000 -0.000000 0 128
0.000000 -0.000000 -0.000000 0 128
0.000000 -0.000000 -0.000000 0 0
0.000000 -0.000000 -0.000000 0 128
0.000000 -0.000000 -0.000000 0 128
0.000000 -0.000000 -0.000000 0 128
0.000000 -0.000000 -0.000000 0 0
0.000000 -0.000000 -0.000000 0 128
0.000000 -0.000000 -0.000000 0 128
0.000000 -0.000000 -0.000000 0 128
0.000000 -0.000000 -0.000000 0 0
0.000000 -0.000000 -0.000000 0 128
0.000000 -0.000000 -0.000000 0 128
0.000000 -0.000000 -0.000000 0 128
0.000000 -0.000000 -0.000000 0 0
0.000000 -0.000000 -0.000000 0 128
0.000000 -0.000000 -0.000000 0 128
0.000000 -0.000000 -0.000000 0 128
0.000000 -0.000000 -0.000000 0 0
0.000000 -0.000000 -0.000000 0 128
0.000000 -0.000000 -0.000000 0 128
0.000000 -0.000000 -0.000000 0 128
0.000000 -0.000000 -0.000000 0 128
0.000000 -0.000000 -0.000000 0 128
0.000000 -0.000000 -0.000000 0 128
0.000000 -0.000000 -0.000000 0 128
0.000000 -0.000000 -0.000000 0 128
0.000000 -0.000000 -0.000000 0 128
0.000000 -0.000000 -0.000000 0 128
0.000000 -0.000000 -0.000000 0 128
0.000000 -0.000000 -0.000000 0 0
0.000000 -0.000000 -0.000000 0 128
0.000000 -0.000000 -0.000000 0 0
0.000000 -0.000000 -0.000000 0 128
0.000000 -0.000000 -0.000000 0 0
0.000000 -0.000000 -0.000000 0 192
0.000000 -0.000000 -0.000000 0 128
0.000000 -0.000000 -0.000000 0 192
0.000000 -0.000000 -0.000000 0 128
0.000000 -0.000000 -0.000000 0 128
0.000000 -0.000000 -0.000000 0 128
0.000000 -0.000000 -0.000000 0 128
0.000000 -0.000000 -0.000000 0 128
2.861000 -5.046000 -0.551000 2 64
1.895000 -3.600000 -0.280000 0 0
0.000000 -0.000000 -0.000000 0 128
2.905000 -5.032000 -0.703000 2 0
2.727000 -5.085000 -0.552000 20 0
1.937000 -3.903000 -0.303000 1 0
1.590000 -2.709000 -0.461000 1 0
2.769000 -5.061000 -0.699000 98 0
1.896000 -3.744000 -0.404000 1 0
2.408000 -5.162000 -0.402000 20 0
1.559000 -2.797000 -0.469000 6 0
1.783000 -3.444000 -0.471000 2 0
2.449000 -5.128000 -0.550000 76 0
1.138000 -2.601000 -0.203000 5 0
1.504000 -2.847000 -0.472000 7 0
1.714000 -3.504000 -0.474000 6 0
1.168000 -2.601000 -0.277000 0 0
1.076000 -2.626000 -0.205000 8 0
1.455000 -2.911000 -0.476000 7 0
0.000000 -0.000000 -0.000000 0 0
1.105000 -2.623000 -0.279000 10 0
1.118000 -2.930000 -0.230000 1 2
1.374000 -2.908000 -0.470000 4 0
1.133000 -2.614000 -0.348000 1 0
0.000000 -0.000000 -0.000000 0 0
1.117000 -3.149000 -0.249000 17 0
1.150000 -2.583000 -0.412000 1 2
1.072000 -2.637000 -0.348000 3 0
1.108000 -3.018000 -0.319000 5 0
1.042000 -3.174000 -0.252000 18 0
1.099000 -2.627000 -0.415000 4 0
1.125000 -2.960000 -0.388000 32 2
1.063000 -3.118000 -0.329000 18 0
1.607000 -5.326000 -0.426000 35 0
0.000000 -0.000000 -0.000000 0 0
1.075000 -3.036000 -0.395000 29 0
1.011000 -3.213000 -0.339000 11 0
1.476000 -5.346000 -0.431000 60 0
1.104000 -3.011000 -0.466000 4 0
1.047000 -3.192000 -0.413000 12 0
1.547000 -5.346000 -0.563000 116 0
1.350000 -5.392000 -0.438000 55 0
1.077000 -3.155000 -0.483000 7 0
1.136000 -3.747000 -0.482000 9 0
1.418000 -5.369000 -0.566000 123 0
1.221000 -5.418000 -0.444000 57 0
0.988000 -3.126000 -0.474000 7 0
1.096000 -3.940000 -0.504000 6 0
1.292000 -5.400000 -0.569000 123 0
1.092000 -5.448000 -0.450000 52 0
0.901000 -3.091000 -0.465000 0 0
1.011000 -3.988000 -0.508000 6 0
1.166000 -5.432000 -0.574000 115 0
1.771000 -10.082000 -0.842000 17 0
0.000000 -0.000000 -0.000000 0 0
0.876000 -3.823000 -0.485000 10 0
1.044000 -5.486000 -0.581000 11 0
0.000000 -0.000000 -0.000000 0 0
0.000000 -0.000000 -0.000000 0 0
0.820000 -4.001000 -0.506000 7 0
1.683000 -10.128000 -1.075000 95 0
0.000000 -0.000000 -0.000000 0 0
0.746000 -3.400000 -0.499000 83 0
0.742000 -4.095000 -0.516000 5 0
0.000000 -0.000000 -0.000000 0 0
0.000000 -0.000000 -0.000000 0 192
0.000000 -0.000000 -0.000000 0 128
0.000000 -0.000000 -0.000000 0 0
0.000000 -0.000000 -0.000000 0 128
0.000000 -0.000000 -0.000000 0 128
0.000000 -0.000000 -0.000000 0 128
0.000000 -0.000000 -0.000000 0 0
0.000000 -0.000000 -0.000000 0 128
0.000000 -0.000000 -0.000000 0 128
0.000000 -0.000000 -0.000000 0 128
0.000000 -0.000000 -0.000000 0 128
0.000000 -0.000000 -0.000000 0 128
0.000000 -0.000000 -0.000000 0 128
0.000000 -0.000000 -0.000000 0 128
0.000000 -0.000000 -0.000000 0 128
0.000000 -0.000000 -0.000000 0 128
0.000000 -0.000000 -0.000000 0 128
0.000000 -0.000000 -0.000000 0 128
0.000000 -0.000000 -0.000000 0 0
0.000000 -0.000000 -0.000000 0 128
0.000000 -0.000000 -0.000000 0 0
0.000000 -0.000000 -0.000000 0 128
0.000000 -0.000000 -0.000000 0 0
0.000000 -0.000000 -0.000000 0 192
0.000000 -0.000000 -0.000000 0 128
0.000000 -0.000000 -0.000000 0 192
0.000000 -0.000000 -0.000000 0 128
0.000000 -0.000000 -0.000000 0 128
0.000000 -0.000000 -0.000000 0 128
0.000000 -0.000000 -0.000000 0 128
0.000000 -0.000000 -0.000000 0 128
2.861000 -5.046000 -0.551000 2 64
1.895000 -3.600000 -0.280000 0 0
0.000000 -0.000000 -0.000000 0 128
2.905000 -5.032000 -0.703000 2 0
2.727000 -5.085000 -0.552000 20 0
1.937000 -3.903000 -0.303000 1 0
1.590000 -2.709000 -0.461000 1 0
2.769000 -5.061000 -0.699000 98 0
1.896000 -3.744000 -0.404000 1 0
2.408000 -5.162000 -0.402000 20 0
1.559000 -2.797000 -0.469000 6 0
1.783000 -3.444000 -0.471000 2 0
2.449000 -5.128000 -0.550000 76 0
1.138000 -2.601000 -0.203000 5 0
1.504000 -2.847000 -0.472000 7 0
1.714000 -3.504000 -0.474000 6 0
1.168000 -2.601000 -0.277000 0 0
1.076000 -2.626000 -0.205000 8 0
1.455000 -2.911000 -0.476000 7 0
0.000000 -0.000000 -0.000000 0 0
1.105000 -2.623000 -0.279000 10 0
1.118000 -2.930000 -0.230000 1 2
1.374000 -2.908000 -0.470000 4 0
1.133000 -2.614000 -0.348000 1 0
0.000000 -0.000000 -0.000000 0 0
1.117000 -3.149000 -0.249000 17 0
1.150000 -2.583000 -0.412000 1 2
1.072000 -2.637000 -0.348000 3 0
1.108000 -3.018000 -0.319000 5 0
1.042000 -3.174000 -0.252000 18 0
1.099000 -2.627000 -0.415000 4 0
1.125000 -2.960000 -0.388000 32 2
1.063000 -3.118000 -0.329000 18 0
1.607000 -5.326000 -0.426000 35 0
0.000000 -0.000000 -0.000000 0 0
1.075000 -3.036000 -0.395000 29 0
1.011000 -3.213000 -0.339000 11 0
1.476000 -5.346000 -0.431000 60 0
1.104000 -3.011000 -0.466000 4 0
1.047000 -3.192000 -0.413000 12 0
1.547000 -5.346000 -0.563000 116 0
1.350000 -5.392000 -0.438000 55 0
1.077000 -3.155000 -0.483000 7 0
1.136000 -3.747000 -0.482000 9 0
1.418000 -5.369000 -0.566000 123 0
1.221000 -5.418000 -0.444000 57 0
0.988000 -3.126000 -0.474000 7 0
1.096000 -3.940000 -0.504000 6 0
1.292000 -5.400000 -0.569000 123 0
1.092000 -5.448000 -0.450000 52 0
0.901000 -3.091000 -0.465000 0 0
1.011000 -3.988000 -0.508000 6 0
1.166000 -5.432000 -0.574000 115 0
1.771000 -10.082000 -0.842000 17 0
0.000000 -0.000000 -0.000000 0 0
0.876000 -3.823000 -0.485000 10 0
1.044000 -5.486000 -0.581000 11 0
0.000000 -0.000000 -0.000000 0 0
0.000000 -0.000000 -0.000000 0 0
0.820000 -4.001000 -0.506000 7 0
1.683000 -10.128000 -1.075000 95 0
0.000000 -0.000000 -0.000000 0 0
0.746000 -3.400000 -0.499000 83 0
0.742000 -4.095000 -0.516000 5 0
0.000000 -0.000000 -0.000000 0 0
0.000000 -0.000000 -0.000000 0 192
0.678000 -3.466000 -0.506000 58 0
0.660000 -4.188000 -0.527000 0 4
0.000000 -0.000000 -0.000000 0 192
0.000000 -0.000000 -0.000000 0 128
0.608000 -3.529000 -0.511000 23 0
0.000000 -0.000000 -0.000000 0 0
0.000000 -0.000000 -0.000000 0 192
0.000000 -0.000000 -0.000000 0 192
0.570000 -3.824000 -0.551000 1 0
0.000000 -0.000000 -0.000000 0 192
0.000000 -0.000000 -0.000000 0 192
0.000000 -0.000000 -0.000000 0 128
0.000000 -0.000000 -0.000000 0 0
0.000000 -0.000000 -0.000000 0 192
0.000000 -0.000000 -0.000000 0 192
0.000000 -0.000000 -0.000000 0 192
0.000000 -0.000000 -0.000000 0 192
0.000000 -0.000000 -0.000000 0 192
0.000000 -0.000000 -0.000000 0 192
0.000000 -0.000000 -0.000000 0 128
0.000000 -0.000000 -0.000000 0 192
0.000000 -0.000000 -0.000000 0 192
0.000000 -0.000000 -0.000000 0 192
0.000000 -0.000000 -0.000000 0 192
0.000000 -0.000000 -0.000000 0 192
0.000000 -0.000000 -0.000000 0 192
0.000000 -0.000000 -0.000000 0 192
0.000000 -0.000000 -0.000000 0 128
0.000000 -0.000000 -0.000000 0 192
0.000000 -0.000000 -0.000000 0 192
0.000000 -0.000000 -0.000000 0 128
0.000000 -0.000000 -0.000000 0 0
0.000000 -0.000000 -0.000000 0 192
0.000000 -0.000000 -0.000000 0 192
0.000000 -0.000000 -0.000000 0 0
-0.209000 -1.907000 -0.187000 1 0
0.000000 -0.000000 -0.000000 0 192
0.000000 -0.000000 -0.000000 0 128
-0.184000 -2.011000 -0.228000 0 0
-0.241000 -1.813000 -0.181000 1 0
0.000000 -0.000000 -0.000000 0 192
0.000000 -0.000000 -0.000000 0 0
-0.219000 -1.909000 -0.219000 1 0
-0.266000 -1.693000 -0.172000 1 0
0.000000 -0.000000 -0.000000 0 128
-0.193000 -1.984000 -0.252000 1 0
-0.247000 -1.788000 -0.206000 1 0
-0.289000 -1.596000 -0.165000 1 0
0.000000 -0.000000 -0.000000 0 0
-0.224000 -1.853000 -0.236000 1 0
-0.273000 -1.684000 -0.197000 1 0
-0.310000 -1.508000 -0.159000 2 0
-0.201000 -1.940000 -0.269000 0 0
-0.253000 -1.754000 -0.225000 1 0
-0.294000 -1.580000 -0.187000 1 0
-0.478000 -2.080000 -0.223000 61 0
-0.230000 -1.806000 -0.250000 1 0
-0.278000 -1.656000 -0.213000 1 0
-0.450000 -2.141000 -0.256000 6 0
-0.504000 -1.981000 -0.217000 67 0
-0.260000 -1.724000 -0.239000 1 0
-0.301000 -1.569000 -0.203000 1 0
-0.485000 -2.066000 -0.250000 57 0
-0.526000 -1.883000 -0.210000 66 0
-0.282000 -1.619000 -0.225000 1 0
-0.457000 -2.114000 -0.275000 47 0
-0.507000 -1.956000 -0.240000 61 0
-0.548000 -1.800000 -0.205000 69 0
-0.303000 -1.532000 -0.213000 1 0
-0.489000 -2.034000 -0.267000 56 0
-0.528000 -1.858000 -0.231000 60 0
-0.566000 -1.715000 -0.199000 69 0
-0.467000 -2.099000 -0.292000 48 0
-0.512000 -1.931000 -0.255000 54 0
-0.551000 -1.780000 -0.224000 67 0
-0.507000 -1.422000 -0.169000 34 0
-0.493000 -2.001000 -0.279000 53 0
-0.534000 -1.841000 -0.245000 60 0
-0.539000 -1.611000 -0.206000 106 0
0.000000 -0.000000 -0.000000 0 0
-0.517000 -1.904000 -0.266000 57 0
-0.555000 -1.761000 -0.236000 59 0
-0.464000 -1.285000 -0.167000 0 0
0.000000 -0.000000 -0.000000 0 0
-0.536000 -1.809000 -0.254000 69 0
-0.450000 -1.320000 -0.179000 5 0
-0.477000 -1.232000 -0.162000 3 0
-0.509000 -1.167000 -0.148000 3 0
-0.546000 -1.698000 -0.239000 92 0
-0.477000 -1.301000 -0.178000 0 0
-0.508000 -1.225000 -0.164000 0 0
-0.540000 -1.163000 -0.151000 0 0
-0.455000 -1.308000 -0.185000 0 0
-0.501000 -1.272000 -0.176000 4 0
0.000000 -0.000000 -0.000000 0 0
-0.657000 -1.334000 -0.178000 70 2
0.678000 -3.466000 -0.506000 58 0
0.660000 -4.188000 -0.527000 0 4
0.000000 -0.000000 -0.000000 0 192
0.000000 -0.000000 -0.000000 0 128
0.608000 -3.529000 -0.511000 23 0
0.000000 -0.000000 -0.000000 0 0
0.000000 -0.000000 -0.000000 0 192
0.000000 -0.000000 -0.000000 0 192
0.570000 -3.824000 -0.551000 1 0
0.000000 -0.000000 -0.000000 0 192
0.000000 -0.000000 -0.000000 0 192
0.000000 -0.000000 -0.000000 0 128
0.000000 -0.000000 -0.000000 0 0
0.000000 -0.000000 -0.000000 0 192
0.000000 -0.000000 -0.000000 0 192
0.000000 -0.000000 -0.000000 0 192
0.000000 -0.000000 -0.000000 0 192
0.000000 -0.000000 -0.000000 0 192
0.000000 -0.000000 -0.000000 0 192
0.000000 -0.000000 -0.000000 0 128
0.000000 -0.000000 -0.000000 0 192
0.000000 -0.000000 -0.000000 0 192
0.000000 -0.000000 -0.000000 0 192
0.000000 -0.000000 -0.000000 0 192
0.000000 -0.000000 -0.000000 0 192
0.000000 -0.000000 -0.000000 0 192
0.000000 -0.000000 -0.000000 0 192
0.000000 -0.000000 -0.000000 0 128
0.000000 -0.000000 -0.000000 0 192
0.000000 -0.000000 -0.000000 0 192
0.000000 -0.000000 -0.000000 0 128
0.000000 -0.000000 -0.000000 0 0
0.000000 -0.000000 -0.000000 0 192
0.000000 -0.000000 -0.000000 0 192
0.000000 -0.000000 -0.000000 0 0
-0.209000 -1.907000 -0.187000 1 0
0.000000 -0.000000 -0.000000 0 192
0.000000 -0.000000 -0.000000 0 128
-0.184000 -2.011000 -0.228000 0 0
-0.241000 -1.813000 -0.181000 1 0
0.000000 -0.000000 -0.000000 0 192
0.000000 -0.000000 -0.000000 0 0
-0.219000 -1.909000 -0.219000 1 0
-0.266000 -1.693000 -0.172000 1 0
0.000000 -0.000000 -0.000000 0 128
-0.193000 -1.984000 -0.252000 1 0
-0.247000 -1.788000 -0.206000 1 0
-0.289000 -1.596000 -0.165000 1 0
0.000000 -0.000000 -0.000000 0 0
-0.224000 -1.853000 -0.236000 1 0
-0.273000 -1.684000 -0.197000 1 0
-0.310000 -1.508000 -0.159000 2 0
-0.201000 -1.940000 -0.269000 0 0
-0.253000 -1.754000 -0.225000 1 0
-0.294000 -1.580000 -0.187000 1 0
-0.478000 -2.080000 -0.223000 61 0
-0.230000 -1.806000 -0.250000 1 0
-0.278000 -1.656000 -0.213000 1 0
-0.450000 -2.141000 -0.256000 6 0
-0.504000 -1.981000 -0.217000 67 0
-0.260000 -1.724000 -0.239000 1 0
-0.301000 -1.569000 -0.203000 1 0
-0.485000 -2.066000 -0.250000 57 0
-0.526000 -1.883000 -0.210000 66 0
-0.282000 -1.619000 -0.225000 1 0
-0.457000 -2.114000 -0.275000 47 0
-0.507000 -1.956000 -0.240000 61 0
-0.548000 -1.800000 -0.205000 69 0
-0.303000 -1.532000 -0.213000 1 0
-0.489000 -2.034000 -0.267000 56 0
-0.528000 -1.858000 -0.231000 60 0
-0.566000 -1.715000 -0.199000 69 0
-0.467000 -2.099000 -0.292000 48 0
-0.512000 -1.931000 -0.255000 54 0
-0.551000 -1.780000 -0.224000 67 0
-0.507000 -1.422000 -0.169000 34 0
-0.493000 -2.001000 -0.279000 53 0
-0.534000 -1.841000 -0.245000 60 0
-0.539000 -1.611000 -0.206000 106 0
0.000000 -0.000000 -0.000000 0 0
-0.517000 -1.904000 -0.266000 57 0
-0.555000 -1.761000 -0.236000 59 0
-0.464000 -1.285000 -0.167000 0 0
0.000000 -0.000000 -0.000000 0 0
-0.536000 -1.809000 -0.254000 69 0
-0.450000 -1.320000 -0.179000 5 0
-0.477000 -1.232000 -0.162000 3 0
-0.509000 -1.167000 -0.148000 3 0
-0.546000 -1.698000 -0.239000 92 0
-0.477000 -1.301000 -0.178000 0 0
-0.508000 -1.225000 -0.164000 0 0
-0.540000 -1.163000 -0.151000 0 0
-0.455000 -1.308000 -0.185000 0 0
-0.501000 -1.272000 -0.176000 4 0
0.000000 -0.000000 -0.000000 0 0
-0.657000 -1.334000 -0.178000 70 2
-0.482000 -1.288000 -0.183000 5 0
-0.502000 -1.194000 -0.167000 0 0
-0.554000 -1.180000 -0.164000 0 0
-0.675000 -1.295000 -0.177000 14 0
-0.508000 -1.266000 -0.181000 0 0
-0.507000 -1.131000 -0.160000 0 0
-0.660000 -1.326000 -0.187000 14 0
-0.686000 -1.244000 -0.174000 14 0
-0.518000 -1.210000 -0.174000 4 0
-0.640000 -1.342000 -0.192000 7 0
-0.676000 -1.283000 -0.185000 14 0
-0.700000 -1.203000 -0.173000 17 0
-0.498000 -1.092000 -0.158000 0 0
-0.667000 -1.320000 -0.192000 13 0
-0.685000 -1.230000 -0.180000 16 0
-0.711000 -1.160000 -0.171000 17 0
-0.650000 -1.341000 -0.196000 13 0
-0.677000 -1.266000 -0.186000 16 0
-0.700000 -1.190000 -0.178000 16 0
-0.717000 -1.112000 -0.168000 17 0
-0.666000 -1.296000 -0.191000 14 0
-0.690000 -1.220000 -0.182000 16 0
-0.711000 -1.148000 -0.176000 16 0
-0.721000 -1.063000 -0.166000 16 64
-0.680000 -1.250000 -0.186000 14 0
-0.702000 -1.176000 -0.178000 16 0
-0.720000 -1.104000 -0.173000 16 0
-0.726000 -1.020000 -0.163000 16 64
-0.694000 -1.206000 -0.181000 13 0
-0.711000 -1.131000 -0.174000 16 0
-0.726000 -1.059000 -0.169000 16 0
-0.738000 -0.988000 -0.163000 17 64
-0.699000 -1.153000 -0.175000 17 0
-0.721000 -1.090000 -0.171000 16 0
-0.733000 -1.018000 -0.167000 16 0
-0.747000 -0.954000 -0.162000 17 0
-0.712000 -1.114000 -0.171000 17 64
-0.729000 -1.049000 -0.167000 16 0
-0.739000 -0.979000 -0.164000 15 0
-0.754000 -0.920000 -0.161000 17 0
-0.722000 -1.073000 -0.167000 17 64
-0.735000 -1.006000 -0.163000 15 0
-0.747000 -0.943000 -0.162000 15 0
-0.764000 -0.889000 -0.160000 17 0
-0.726000 -1.026000 -0.161000 17 64
-0.744000 -0.969000 -0.161000 15 0
-0.758000 -0.913000 -0.161000 15 0
-0.775000 -0.862000 -0.160000 23 0
-0.739000 -0.994000 -0.159000 17 64
-0.754000 -0.937000 -0.159000 15 0
-0.763000 -0.877000 -0.159000 14 0
-0.782000 -0.830000 -0.160000 23 0
-0.746000 -0.955000 -0.155000 17 64
-0.762000 -0.903000 -0.156000 15 0
-0.774000 -0.849000 -0.158000 15 0
-0.790000 -0.802000 -0.159000 23 0
-0.757000 -0.924000 -0.152000 25 0
-0.771000 -0.871000 -0.154000 14 0
-0.782000 -0.819000 -0.157000 15 0
-0.801000 -0.777000 -0.160000 18 64
-0.764000 -0.889000 -0.149000 24 0
-0.778000 -0.839000 -0.152000 15 0
-0.790000 -0.791000 -0.156000 15 0
-0.811000 -0.752000 -0.160000 19 64
-0.772000 -0.855000 -0.146000 25 0
-0.790000 -0.813000 -0.150000 15 0
-0.798000 -0.763000 -0.155000 15 0
-0.819000 -0.726000 -0.160000 25 0
-0.783000 -0.828000 -0.144000 25 0
-0.801000 -0.787000 -0.149000 15 0
-0.810000 -0.740000 -0.155000 19 0
-0.824000 -0.697000 -0.160000 24 0
-0.791000 -0.798000 -0.141000 25 0
-0.807000 -0.757000 -0.148000 15 0
-0.814000 -0.709000 -0.153000 18 0
-0.826000 -0.668000 -0.159000 23 0
-0.801000 -0.770000 -0.139000 25 0
-0.811000 -0.725000 -0.145000 15 0
-0.820000 -0.683000 -0.152000 15 0
-0.837000 -0.646000 -0.160000 23 0
-0.805000 -0.738000 -0.137000 24 0
-0.818000 -0.697000 -0.144000 15 0
-0.830000 -0.659000 -0.152000 15 0
-0.841000 -0.619000 -0.159000 23 0
-0.814000 -0.711000 -0.135000 20 0
-0.827000 -0.673000 -0.143000 15 0
-0.835000 -0.632000 -0.151000 14 0
-0.848000 -0.596000 -0.160000 22 0
-0.821000 -0.683000 -0.133000 20 0
-0.833000 -0.646000 -0.142000 14 0
-0.843000 -0.608000 -0.151000 15 0
-0.854000 -0.572000 -0.160000 22 0
-0.831000 -0.659000 -0.131000 24 0
-0.840000 -0.620000 -0.141000 14 0
-0.834000 -0.574000 -0.148000 15 0
-0.857000 -0.546000 -0.160000 22 0
-0.482000 -1.288000 -0.183000 5 0
-0.502000 -1.194000 -0.167000 0 0
-0.554000 -1.180000 -0.164000 0 0
-0.675000 -1.295000 -0.177000 14 0
-0.508000 -1.266000 -0.181000 0 0
-0.507000 -1.131000 -0.160000 0 0
-0.660000 -1.326000 -0.187000 14 0
-0.686000 -1.244000 -0.174000 14 0
-0.518000 -1.210000 -0.174000 4 0
-0.640000 -1.342000 -0.192000 7 0
-0.676000 -1.283000 -0.185000 14 0
-0.700000 -1.203000 -0.173000 17 0
-0.498000 -1.092000 -0.158000 0 0
-0.667000 -1.320000 -0.192000 13 0
-0.685000 -1.230000 -0.180000 16 0
-0.711000 -1.160000 -0.171000 17 0
-0.650000 -1.341000 -0.196000 13 0
-0.677000 -1.266000 -0.186000 16 0
-0.700000 -1.190000 -0.178000 16 0
-0.717000 -1.112000 -0.168000 17 0
-0.666000 -1.296000 -0.191000 14 0
-0.690000 -1.220000 -0.182000 16 0
-0.711000 -1.148000 -0.176000 16 0
-0.721000 -1.063000 -0.166000 16 64
-0.680000 -1.250000 -0.186000 14 0
-0.702000 -1.176000 -0.178000 16 0
-0.720000 -1.104000 -0.173000 16 0
-0.726000 -1.020000 -0.163000 16 64
-0.694000 -1.206000 -0.181000 13 0
-0.711000 -1.131000 -0.174000 16 0
-0.726000 -1.059000 -0.169000 16 0
-0.738000 -0.988000 -0.163000 17 64
-0.699000 -1.153000 -0.175000 17 0
-0.721000 -1.090000 -0.171000 16 0
-0.733000 -1.018000 -0.167000 16 0
-0.747000 -0.954000 -0.162000 17 0
-0.712000 -1.114000 -0.171000 17 64
-0.729000 -1.049000 -0.167000 16 0
-0.739000 -0.979000 -0.164000 15 0
-0.754000 -0.920000 -0.161000 17 0
-0.722000 -1.073000 -0.167000 17 64
-0.735000 -1.006000 -0.163000 15 0
-0.747000 -0.943000 -0.162000 15 0
-0.764000 -0.889000 -0.160000 17 0
-0.726000 -1.026000 -0.161000 17 64
-0.744000 -0.969000 -0.161000 15 0
-0.758000 -0.913000 -0.161000 15 0
-0.775000 -0.862000 -0.160000 23 0
-0.739000 -0.994000 -0.159000 17 64
-0.754000 -0.937000 -0.159000 15 0
-0.763000 -0.877000 -0.159000 14 0
-0.782000 -0.830000 -0.160000 23 0
-0.746000 -0.955000 -0.155000 17 64
-0.762000 -0.903000 -0.156000 15 0
-0.774000 -0.849000 -0.158000 15 0
-0.790000 -0.802000 -0.159000 23 0
-0.757000 -0.924000 -0.152000 25 0
-0.771000 -0.871000 -0.154000 14 0
-0.782000 -0.819000 -0.157000 15 0
-0.801000 -0.777000 -0.160000 18 64
-0.764000 -0.889000 -0.149000 24 0
-0.778000 -0.839000 -0.152000 15 0
-0.790000 -0.791000 -0.156000 15 0
-0.811000 -0.752000 -0.160000 19 64
-0.772000 -0.855000 -0.146000 25 0
-0.790000 -0.813000 -0.150000 15 0
-0.798000 -0.763000 -0.155000 15 0
-0.819000 -0.726000 -0.160000 25 0
-0.783000 -0.828000 -0.144000 25 0
-0.801000 -0.787000 -0.149000 15 0
-0.810000 -0.740000 -0.155000 19 0
-0.824000 -0.697000 -0.160000 24 0
-0.791000 -0.798000 -0.141000 25 0
-0.807000 -0.757000 -0.148000 15 0
-0.814000 -0.709000 -0.153000 18 0
-0.826000 -0.668000 -0.159000 23 0
-0.801000 -0.770000 -0.139000 25 0
-0.811000 -0.725000 -0.145000 15 0
-0.820000 -0.683000 -0.152000 15 0
-0.837000 -0.646000 -0.160000 23 0
-0.805000 -0.738000 -0.137000 24 0
-0.818000 -0.697000 -0.144000 15 0
-0.830000 -0.659000 -0.152000 15 0
-0.841000 -0.619000 -0.159000 23 0
-0.814000 -0.711000 -0.135000 20 0
-0.827000 -0.673000 -0.143000 15 0
-0.835000 -0.632000 -0.151000 14 0
-0.848000 -0.596000 -0.160000 22 0
-0.821000 -0.683000 -0.133000 20 0
-0.833000 -0.646000 -0.142000 14 0
-0.843000 -0.608000 -0.151000 15 0
-0.854000 -0.572000 -0.160000 22 0
-0.831000 -0.659000 -0.131000 24 0
-0.840000 -0.620000 -0.141000 14 0
-0.834000 -0.574000 -0.148000 15 0
-0.857000 -0.546000 -0.160000 22 0
-0.840000 -0.634000 -0.130000 23 0
-0.847000 -0.596000 -0.140000 14 0
-0.840000 -0.549000 -0.148000 16 0
-0.859000 -0.521000 -0.159000 21 0
-0.844000 -0.606000 -0.128000 18 64
-0.854000 -0.571000 -0.139000 14 0
-0.848000 -0.528000 -0.148000 16 0
-0.863000 -0.497000 -0.160000 21 0
-0.849000 -0.580000 -0.127000 22 0
-0.856000 -0.544000 -0.138000 14 0
-0.859000 -0.507000 -0.149000 15 0
-0.807000 -0.441000 -0.149000 18 1
-0.846000 -0.549000 -0.124000 17 64
-0.862000 -0.520000 -0.137000 14 0
-0.864000 -0.484000 -0.149000 15 0
-0.867000 -0.449000 -0.159000 19 0
-0.851000 -0.523000 -0.122000 17 64
-0.866000 -0.495000 -0.136000 14 0
-0.612000 -0.325000 -0.105000 8 2
-0.877000 -0.429000 -0.161000 20 0
-0.859000 -0.500000 -0.122000 17 64
-0.771000 -0.417000 -0.120000 16 18
-0.874000 -0.439000 -0.149000 15 0
-0.879000 -0.407000 -0.161000 19 0
-0.865000 -0.476000 -0.120000 17 64
-0.872000 -0.445000 -0.134000 12 0
-0.878000 -0.416000 -0.148000 15 0
-0.886000 -0.386000 -0.162000 19 0
-0.862000 -0.448000 -0.118000 15 64
-0.878000 -0.423000 -0.134000 12 0
-0.883000 -0.394000 -0.149000 15 0
-0.896000 -0.367000 -0.164000 19 0
-0.878000 -0.430000 -0.119000 17 64
-0.884000 -0.401000 -0.134000 14 0
-0.890000 -0.373000 -0.149000 15 0
0.000000 -0.000000 -0.000000 0 0
-0.881000 -0.406000 -0.118000 17 64
-0.891000 -0.379000 -0.134000 14 0
0.000000 -0.000000 -0.000000 0 0
0.000000 -0.000000 -0.000000 0 0
-0.887000 -0.383000 -0.117000 17 64
-0.874000 -0.348000 -0.130000 5 0
0.000000 -0.000000 -0.000000 0 0
0.000000 -0.000000 -0.000000 0 0
-0.877000 -0.353000 -0.114000 9 64
-0.593000 -0.220000 -0.088000 0 0
0.000000 -0.000000 -0.000000 0 0
-0.912000 -0.282000 -0.167000 19 0
0.000000 -0.000000 -0.000000 0 0
-0.592000 -0.204000 -0.087000 1 0
-0.894000 -0.282000 -0.148000 10 0
-0.911000 -0.260000 -0.167000 19 0
0.000000 -0.000000 -0.000000 0 0
-0.893000 -0.284000 -0.131000 6 2
-0.914000 -0.265000 -0.151000 15 0
-0.917000 -0.240000 -0.168000 19 0
0.000000 -0.000000 -0.000000 0 0
-0.917000 -0.268000 -0.134000 14 0
-0.919000 -0.244000 -0.152000 15 0
-0.926000 -0.220000 -0.171000 19 0
-0.909000 -0.268000 -0.114000 17 64
-0.921000 -0.246000 -0.134000 14 0
-0.925000 -0.223000 -0.153000 15 0
-0.926000 -0.199000 -0.171000 19 0
-0.915000 -0.246000 -0.114000 17 0
-0.923000 -0.224000 -0.134000 14 0
-0.929000 -0.202000 -0.154000 15 0
-0.938000 -0.180000 -0.174000 19 0
-0.920000 -0.224000 -0.114000 17 64
-0.933000 -0.203000 -0.135000 14 0
-0.933000 -0.181000 -0.154000 15 0
-0.938000 -0.158000 -0.174000 19 0
-0.929000 -0.202000 -0.114000 17 0
-0.936000 -0.181000 -0.135000 14 0
-0.937000 -0.160000 -0.155000 15 0
-0.947000 -0.139000 -0.177000 19 0
-0.930000 -0.179000 -0.114000 17 0
-0.941000 -0.159000 -0.135000 14 0
-0.942000 -0.139000 -0.156000 15 0
-0.950000 -0.118000 -0.178000 19 0
-0.935000 -0.157000 -0.114000 16 64
-0.947000 -0.137000 -0.136000 12 0
-0.945000 -0.117000 -0.157000 15 0
-0.949000 -0.096000 -0.178000 19 0
-0.945000 -0.135000 -0.115000 17 64
-0.950000 -0.115000 -0.136000 14 0
-0.950000 -0.096000 -0.158000 15 0
-0.960000 -0.076000 -0.181000 19 0
-0.951000 -0.113000 -0.115000 17 64
-0.954000 -0.093000 -0.137000 14 0
-0.954000 -0.074000 -0.159000 15 0
-0.964000 -0.055000 -0.183000 20 0
-0.955000 -0.090000 -0.115000 17 64
-0.965000 -0.071000 -0.139000 14 0
-0.966000 -0.053000 -0.162000 15 0
-0.969000 -0.034000 -0.185000 20 0
-0.840000 -0.634000 -0.130000 23 0
-0.847000 -0.596000 -0.140000 14 0
-0.840000 -0.549000 -0.148000 16 0
-0.859000 -0.521000 -0.159000 21 0
-0.844000 -0.606000 -0.128000 18 64
-0.854000 -0.571000 -0.139000 14 0
-0.848000 -0.528000 -0.148000 16 0
-0.863000 -0.497000 -0.160000 21 0
-0.849000 -0.580000 -0.127000 22 0
-0.856000 -0.544000 -0.138000 14 0
-0.859000 -0.507000 -0.149000 15 0
-0.807000 -0.441000 -0.149000 18 1
-0.846000 -0.549000 -0.124000 17 64
-0.862000 -0.520000 -0.137000 14 0
-0.864000 -0.484000 -0.149000 15 0
-0.867000 -0.449000 -0.159000 19 0
-0.851000 -0.523000 -0.122000 17 64
-0.866000 -0.495000 -0.136000 14 0
-0.612000 -0.325000 -0.105000 8 2
-0.877000 -0.429000 -0.161000 20 0
-0.859000 -0.500000 -0.122000 17 64
-0.771000 -0.417000 -0.120000 16 18
-0.874000 -0.439000 -0.149000 15 0
-0.879000 -0.407000 -0.161000 19 0
-0.865000 -0.476000 -0.120000 17 64
-0.872000 -0.445000 -0.134000 12 0
-0.878000 -0.416000 -0.148000 15 0
-0.886000 -0.386000 -0.162000 19 0
-0.862000 -0.448000 -0.118000 15 64
-0.878000 -0.423000 -0.134000 12 0
-0.883000 -0.394000 -0.149000 15 0
-0.896000 -0.367000 -0.164000 19 0
-0.878000 -0.430000 -0.119000 17 64
-0.884000 -0.401000 -0.134000 14 0
-0.890000 -0.373000 -0.149000 15 0
0.000000 -0.000000 -0.000000 0 0
-0.881000 -0.406000 -0.118000 17 64
-0.891000 -0.379000 -0.134000 14 0
0.000000 -0.000000 -0.000000 0 0
0.000000 -0.000000 -0.000000 0 0
-0.887000 -0.383000 -0.117000 17 64
-0.874000 -0.348000 -0.130000 5 0
0.000000 -0.000000 -0.000000 0 0
0.000000 -0.000000 -0.000000 0 0
-0.877000 -0.353000 -0.114000 9 64
-0.593000 -0.220000 -0.088000 0 0
0.000000 -0.000000 -0.000000 0 0
-0.912000 -0.282000 -0.167000 19 0
0.000000 -0.000000 -0.000000 0 0
-0.592000 -0.204000 -0.087000 1 0
-0.894000 -0.282000 -0.148000 10 0
-0.911000 -0.260000 -0.167000 19 0
0.000000 -0.000000 -0.000000 0 0
-0.893000 -0.284000 -0.131000 6 2
-0.914000 -0.265000 -0.151000 15 0
-0.917000 -0.240000 -0.168000 19 0
0.000000 -0.000000 -0.000000 0 0
-0.917000 -0.268000 -0.134000 14 0
-0.919000 -0.244000 -0.152000 15 0
-0.926000 -0.220000 -0.171000 19 0
-0.909000 -0.268000 -0.114000 17 64
-0.921000 -0.246000 -0.134000 14 0
-0.925000 -0.223000 -0.153000 15 0
-0.926000 -0.199000 -0.171000 19 0
-0.915000 -0.246000 -0.114000 17 0
-0.923000 -0.224000 -0.134000 14 0
-0.929000 -0.202000 -0.154000 15 0
-0.938000 -0.180000 -0.174000 19 0
-0.920000 -0.224000 -0.114000 17 64
-0.933000 -0.203000 -0.135000 14 0
-0.933000 -0.181000 -0.154000 15 0
-0.938000 -0.158000 -0.174000 19 0
-0.929000 -0.202000 -0.114000 17 0
-0.936000 -0.181000 -0.135000 14 0
-0.937000 -0.160000 -0.155000 15 0
-0.947000 -0.139000 -0.177000 19 0
-0.930000 -0.179000 -0.114000 17 0
-0.941000 -0.159000 -0.135000 14 0
-0.942000 -0.139000 -0.156000 15 0
-0.950000 -0.118000 -0.178000 19 0
-0.935000 -0.157000 -0.114000 16 64
-0.947000 -0.137000 -0.136000 12 0
-0.945000 -0.117000 -0.157000 15 0
-0.949000 -0.096000 -0.178000 19 0
-0.945000 -0.135000 -0.115000 17 64
-0.950000 -0.115000 -0.136000 14 0
-0.950000 -0.096000 -0.158000 15 0
-0.960000 -0.076000 -0.181000 19 0
-0.951000 -0.113000 -0.115000 17 64
-0.954000 -0.093000 -0.137000 14 0
-0.954000 -0.074000 -0.159000 15 0
-0.964000 -0.055000 -0.183000 20 0
-0.955000 -0.090000 -0.115000 17 64
-0.965000 -0.071000 -0.139000 14 0
-0.966000 -0.053000 -0.162000 15 0
-0.969000 -0.034000 -0.185000 20 0
-0.963000 -0.067000 -0.116000 16 64
-0.968000 -0.049000 -0.140000 14 0
-0.965000 -0.031000 -0.162000 15 0
-0.975000 -0.013000 -0.187000 20 0
-0.971000 -0.044000 -0.117000 16 64
-0.975000 -0.026000 -0.141000 14 0
-0.975000 -0.009000 -0.165000 15 0
-0.985000 0.008000 -0.190000 21 0
-0.973000 -0.020000 -0.117000 16 64
-0.975000 -0.003000 -0.141000 14 0
-0.977000 0.012000 -0.166000 15 0
-0.979000 0.029000 -0.190000 20 0
-0.980000 0.002000 -0.118000 16 64
-0.979000 0.019000 -0.142000 14 0
-0.983000 0.034000 -0.168000 15 0
-0.988000 0.051000 -0.193000 21 0
-0.989000 0.026000 -0.119000 17 64
-0.980000 0.042000 -0.143000 14 0
-0.991000 0.057000 -0.170000 15 0
-1.003000 0.074000 -0.198000 21 0
-0.993000 0.050000 -0.120000 17 64
-1.002000 0.066000 -0.147000 16 0
-0.995000 0.080000 -0.172000 15 0
-1.004000 0.096000 -0.199000 22 0
-0.995000 0.075000 -0.121000 17 64
-1.008000 0.090000 -0.149000 16 0
-0.993000 0.102000 -0.173000 16 0
-1.017000 0.120000 -0.204000 22 0
-0.997000 0.099000 -0.121000 17 64
-1.014000 0.115000 -0.150000 16 0
-0.999000 0.126000 -0.175000 16 0
-1.020000 0.143000 -0.206000 22 0
-1.001000 0.124000 -0.122000 17 64
-1.021000 0.140000 -0.152000 17 0
-1.002000 0.149000 -0.177000 16 0
-1.020000 0.166000 -0.208000 22 0
-1.020000 0.152000 -0.125000 18 64
-1.024000 0.165000 -0.154000 17 0
-1.026000 0.177000 -0.182000 17 0
-0.996000 0.184000 -0.204000 2 64
-1.029000 0.179000 -0.127000 19 64
-0.996000 0.184000 -0.151000 6 0
-1.008000 0.197000 -0.181000 2 0
-1.007000 0.209000 -0.209000 2 0
-0.987000 0.196000 -0.123000 1 64
-1.015000 0.213000 -0.155000 2 0
-1.016000 0.223000 -0.184000 2 0
-1.016000 0.234000 -0.213000 2 0
-0.996000 0.223000 -0.125000 1 64
-1.029000 0.241000 -0.158000 2 0
-1.103000 0.269000 -0.202000 1 0
-1.096000 0.278000 -0.232000 2 0
-1.094000 0.273000 -0.138000 1 64
-1.115000 0.289000 -0.173000 2 0
-1.112000 0.297000 -0.205000 2 0
-1.115000 0.309000 -0.238000 2 0
-1.091000 0.301000 -0.139000 1 64
-1.122000 0.319000 -0.176000 2 0
-1.118000 0.326000 -0.208000 2 0
-1.121000 0.337000 -0.242000 2 0
-1.095000 0.331000 -0.141000 0 64
-1.124000 0.348000 -0.178000 2 0
-1.125000 0.356000 -0.212000 2 0
-1.128000 0.367000 -0.246000 2 0
-1.109000 0.365000 -0.144000 1 64
-1.136000 0.382000 -0.182000 2 0
-1.129000 0.386000 -0.215000 2 0
-1.132000 0.396000 -0.250000 2 0
-1.110000 0.395000 -0.146000 1 64
-1.141000 0.413000 -0.185000 2 0
-1.139000 0.418000 -0.220000 2 0
-1.137000 0.425000 -0.254000 2 0
-1.122000 0.430000 -0.150000 1 64
-1.140000 0.443000 -0.187000 2 0
-1.144000 0.450000 -0.223000 2 0
-1.145000 0.457000 -0.259000 2 0
-1.126000 0.463000 -0.152000 0 64
-1.148000 0.478000 -0.191000 2 0
-1.151000 0.483000 -0.228000 1 0
-1.151000 0.489000 -0.264000 2 0
-1.130000 0.498000 -0.155000 0 64
-1.162000 0.516000 -0.196000 2 0
-1.160000 0.518000 -0.232000 1 0
-1.160000 0.523000 -0.269000 2 0
-1.127000 0.529000 -0.156000 0 64
-1.164000 0.550000 -0.199000 2 0
-1.163000 0.551000 -0.236000 2 0
-1.165000 0.556000 -0.274000 2 0
0.000000 -0.000000 -0.000000 0 0
-1.171000 0.587000 -0.203000 3 0
-1.175000 0.589000 -0.242000 2 0
-1.173000 0.591000 -0.280000 2 0
-1.151000 0.610000 -0.165000 0 64
-1.188000 0.631000 -0.210000 2 0
-1.184000 0.628000 -0.248000 1 0
-1.180000 0.628000 -0.286000 2 0
-0.963000 -0.067000 -0.116000 16 64
-0.968000 -0.049000 -0.140000 14 0
-0.965000 -0.031000 -0.162000 15 0
-0.975000 -0.013000 -0.187000 20 0
-0.971000 -0.044000 -0.117000 16 64
-0.975000 -0.026000 -0.141000 14 0
-0.975000 -0.009000 -0.165000 15 0
-0.985000 0.008000 -0.190000 21 0
-0.973000 -0.020000 -0.117000 16 64
-0.975000 -0.003000 -0.141000 14 0
-0.977000 0.012000 -0.166000 15 0
-0.979000 0.029000 -0.190000 20 0
-0.980000 0.002000 -0.118000 16 64
-0.979000 0.019000 -0.142000 14 0
-0.983000 0.034000 -0.168000 15 0
-0.988000 0.051000 -0.193000 21 0
-0.989000 0.026000 -0.119000 17 64
-0.980000 0.042000 -0.143000 14 0
-0.991000 0.057000 -0.170000 15 0
-1.003000 0.074000 -0.198000 21 0
-0.993000 0.050000 -0.120000 17 64
-1.002000 0.066000 -0.147000 16 0
-0.995000 0.080000 -0.172000 15 0
-1.004000 0.096000 -0.199000 22 0
-0.995000 0.075000 -0.121000 17 64
-1.008000 0.090000 -0.149000 16 0
-0.993000 0.102000 -0.173000 16 0
-1.017000 0.120000 -0.204000 22 0
-0.997000 0.099000 -0.121000 17 64
-1.014000 0.115000 -0.150000 16 0
-0.999000 0.126000 -0.175000 16 0
-1.020000 0.143000 -0.206000 22 0
-1.001000 0.124000 -0.122000 17 64
-1.021000 0.140000 -0.152000 17 0
-1.002000 0.149000 -0.177000 16 0
-1.020000 0.166000 -0.208000 22 0
-1.020000 0.152000 -0.125000 18 64
-1.024000 0.165000 -0.154000 17 0
-1.026000 0.177000 -0.182000 17 0
-0.996000 0.184000 -0.204000 2 64
-1.029000 0.179000 -0.127000 19 64
-0.996000 0.184000 -0.151000 6 0
-1.008000 0.197000 -0.181000 2 0
-1.007000 0.209000 -0.209000 2 0
-0.987000 0.196000 -0.123000 1 64
-1.015000 0.213000 -0.155000 2 0
-1.016000 0.223000 -0.184000 2 0
-1.016000 0.234000 -0.213000 2 0
-0.996000 0.223000 -0.125000 1 64
-1.029000 0.241000 -0.158000 2 0
-1.103000 0.269000 -0.202000 1 0
-1.096000 0.278000 -0.232000 2 0
-1.094000 0.273000 -0.138000 1 64
-1.115000 0.289000 -0.173000 2 0
-1.112000 0.297000 -0.205000 2 0
-1.115000 0.309000 -0.238000 2 0
-1.091000 0.301000 -0.139000 1 64
-1.122000 0.319000 -0.176000 2 0
-1.118000 0.326000 -0.208000 2 0
-1.121000 0.337000 -0.242000 2 0
-1.095000 0.331000 -0.141000 0 64
-1.124000 0.348000 -0.178000 2 0
-1.125000 0.356000 -0.212000 2 0
-1.128000 0.367000 -0.246000 2 0
-1.109000 0.365000 -0.144000 1 64
-1.136000 0.382000 -0.182000 2 0
-1.129000 0.386000 -0.215000 2 0
-1.132000 0.396000 -0.250000 2 0
-1.110000 0.395000 -0.146000 1 64
-1.141000 0.413000 -0.185000 2 0
-1.139000 0.418000 -0.220000 2 0
-1.137000 0.425000 -0.254000 2 0
-1.122000 0.430000 -0.150000 1 64
-1.140000 0.443000 -0.187000 2 0
-1.144000 0.450000 -0.223000 2 0
-1.145000 0.457000 -0.259000 2 0
-1.126000 0.463000 -0.152000 0 64
-1.148000 0.478000 -0.191000 2 0
-1.151000 0.483000 -0.228000 1 0
-1.151000 0.489000 -0.264000 2 0
-1.130000 0.498000 -0.155000 0 64
-1.162000 0.516000 -0.196000 2 0
-1.160000 0.518000 -0.232000 1 0
-1.160000 0.523000 -0.269000 2 0
-1.127000 0.529000 -0.156000 0 64
-1.164000 0.550000 -0.199000 2 0
-1.163000 0.551000 -0.236000 2 0
-1.165000 0.556000 -0.274000 2 0
0.000000 -0.000000 -0.000000 0 0
-1.171000 0.587000 -0.203000 3 0
-1.175000 0.589000 -0.242000 2 0
-1.173000 0.591000 -0.280000 2 0
-1.151000 0.610000 -0.165000 0 64
-1.188000 0.631000 -0.210000 2 0
-1.184000 0.628000 -0.248000 1 0
-1.180000 0.628000 -0.286000 2 0
0.000000 -0.000000 -0.000000 0 0
-1.191000 0.668000 -0.214000 2 0
-1.194000 0.668000 -0.254000 1 0
-1.192000 0.668000 -0.293000 1 0
-1.186000 0.704000 -0.176000 0 64
-1.204000 0.713000 -0.220000 1 0
-1.203000 0.710000 -0.260000 1 0
-1.204000 0.710000 -0.301000 1 0
0.000000 -0.000000 -0.000000 0 0
-1.211000 0.756000 -0.225000 2 0
-1.210000 0.751000 -0.266000 1 0
-1.212000 0.750000 -0.307000 1 0
-1.215000 0.804000 -0.188000 0 64
-1.226000 0.806000 -0.232000 1 0
-1.220000 0.796000 -0.273000 1 0
-1.213000 0.788000 -0.313000 9 0
-1.229000 0.857000 -0.194000 11 0
-1.227000 0.849000 -0.237000 7 0
-1.226000 0.840000 -0.279000 8 0
-1.235000 0.841000 -0.324000 1 0
-1.236000 0.906000 -0.199000 0 64
-1.252000 0.910000 -0.247000 1 0
-1.249000 0.898000 -0.290000 1 0
-1.230000 0.878000 -0.328000 9 0
-1.252000 0.966000 -0.207000 9 0
-1.250000 0.954000 -0.251000 8 0
-1.247000 0.940000 -0.295000 9 0
-1.252000 0.935000 -0.340000 1 0
-1.215000 0.986000 -0.205000 1 64
-1.242000 0.995000 -0.255000 2 0
-1.256000 0.992000 -0.303000 1 0
-1.246000 0.974000 -0.345000 8 0
-1.186000 1.010000 -0.206000 7 0
-1.183000 0.994000 -0.249000 10 0
-1.194000 0.988000 -0.294000 11 0
-1.202000 0.983000 -0.340000 9 0
-1.224000 1.095000 -0.218000 14 1
-1.228000 1.081000 -0.265000 3 0
-1.196000 1.036000 -0.301000 1 0
-1.187000 1.015000 -0.342000 0 0
-1.239000 1.163000 -0.227000 57 0
-1.227000 1.133000 -0.271000 57 0
-1.223000 1.108000 -0.315000 53 0
-1.216000 1.086000 -0.358000 50 0
-1.255000 1.236000 -0.236000 46 0
-1.245000 1.204000 -0.282000 49 0
-1.244000 1.180000 -0.329000 12 0
-1.229000 1.148000 -0.370000 52 0
-1.278000 1.322000 -0.248000 53 0
-1.266000 1.283000 -0.295000 50 0
-1.259000 1.250000 -0.341000 45 0
-1.247000 1.217000 -0.384000 44 0
-1.297000 1.408000 -0.260000 49 0
-1.281000 1.361000 -0.307000 54 0
-1.275000 1.324000 -0.354000 55 0
-1.266000 1.289000 -0.399000 48 0
-1.313000 1.496000 -0.272000 48 0
-1.305000 1.452000 -0.322000 49 0
-1.293000 1.405000 -0.369000 49 0
-1.284000 1.366000 -0.414000 45 0
-1.345000 1.609000 -0.288000 50 0
-1.328000 1.549000 -0.338000 52 0
-1.311000 1.491000 -0.384000 45 0
-1.299000 1.445000 -0.430000 45 0
-1.918000 2.410000 -0.425000 31 0
-1.342000 1.642000 -0.353000 8 0
-1.335000 1.589000 -0.403000 48 0
-1.320000 1.535000 -0.448000 49 0
-1.835000 2.423000 -0.422000 28 0
-1.885000 2.418000 -0.512000 30 0
-1.926000 2.401000 -0.598000 83 0
-1.340000 1.630000 -0.468000 14 0
-1.758000 2.441000 -0.421000 30 0
-1.807000 2.434000 -0.509000 31 0
-1.850000 2.417000 -0.593000 81 0
-1.897000 2.412000 -0.681000 83 0
-1.686000 2.464000 -0.420000 30 0
-1.731000 2.448000 -0.505000 32 0
-1.781000 2.438000 -0.590000 80 0
-1.824000 2.428000 -0.675000 81 0
-1.611000 2.480000 -0.419000 30 0
-1.663000 2.473000 -0.504000 32 0
-1.709000 2.455000 -0.585000 88 0
-1.757000 2.447000 -0.670000 82 0
-1.539000 2.499000 -0.418000 32 0
-1.591000 2.488000 -0.501000 32 0
-1.638000 2.471000 -0.581000 82 0
-1.686000 2.461000 -0.664000 82 0
-1.467000 2.516000 -0.418000 32 0
-1.518000 2.501000 -0.499000 32 0
-1.568000 2.486000 -0.577000 84 0
-1.618000 2.476000 -0.658000 85 0
-1.394000 2.526000 -0.416000 33 0
-1.447000 2.514000 -0.496000 31 0
-1.505000 2.508000 -0.576000 78 0
-1.549000 2.490000 -0.653000 86 0
0.000000 -0.000000 -0.000000 0 0
-1.191000 0.668000 -0.214000 2 0
-1.194000 0.668000 -0.254000 1 0
-1.192000 0.668000 -0.293000 1 0
-1.186000 0.704000 -0.176000 0 64
-1.204000 0.713000 -0.220000 1 0
-1.203000 0.710000 -0.260000 1 0
-1.204000 0.710000 -0.301000 1 0
0.000000 -0.000000 -0.000000 0 0
-1.211000 0.756000 -0.225000 2 0
-1.210000 0.751000 -0.266000 1 0
-1.212000 0.750000 -0.307000 1 0
-1.215000 0.804000 -0.188000 0 64
-1.226000 0.806000 -0.232000 1 0
-1.220000 0.796000 -0.273000 1 0
-1.213000 0.788000 -0.313000 9 0
-1.229000 0.857000 -0.194000 11 0
-1.227000 0.849000 -0.237000 7 0
-1.226000 0.840000 -0.279000 8 0
-1.235000 0.841000 -0.324000 1 0
-1.236000 0.906000 -0.199000 0 64
-1.252000 0.910000 -0.247000 1 0
-1.249000 0.898000 -0.290000 1 0
-1.230000 0.878000 -0.328000 9 0
-1.252000 0.966000 -0.207000 9 0
-1.250000 0.954000 -0.251000 8 0
-1.247000 0.940000 -0.295000 9 0
-1.252000 0.935000 -0.340000 1 0
-1.215000 0.986000 -0.205000 1 64
-1.242000 0.995000 -0.255000 2 0
-1.256000 0.992000 -0.303000 1 0
-1.246000 0.974000 -0.345000 8 0
-1.186000 1.010000 -0.206000 7 0
-1.183000 0.994000 -0.249000 10 0
-1.194000 0.988000 -0.294000 11 0
-1.202000 0.983000 -0.340000 9 0
-1.224000 1.095000 -0.218000 14 1
-1.228000 1.081000 -0.265000 3 0
-1.196000 1.036000 -0.301000 1 0
-1.187000 1.015000 -0.342000 0 0
-1.239000 1.163000 -0.227000 57 0
-1.227000 1.133000 -0.271000 57 0
-1.223000 1.108000 -0.315000 53 0
-1.216000 1.086000 -0.358000 50 0
-1.255000 1.236000 -0.236000 46 0
-1.245000 1.204000 -0.282000 49 0
-1.244000 1.180000 -0.329000 12 0
-1.229000 1.148000 -0.370000 52 0
-1.278000 1.322000 -0.248000 53 0
-1.266000 1.283000 -0.295000 50 0
-1.259000 1.250000 -0.341000 45 0
-1.247000 1.217000 -0.384000 44 0
-1.297000 1.408000 -0.260000 49 0
-1.281000 1.361000 -0.307000 54 0
-1.275000 1.324000 -0.354000 55 0
-1.266000 1.289000 -0.399000 48 0
-1.313000 1.496000 -0.272000 48 0
-1.305000 1.452000 -0.322000 49 0
-1.293000 1.405000 -0.369000 49 0
-1.284000 1.366000 -0.414000 45 0
-1.345000 1.609000 -0.288000 50 0
-1.328000 1.549000 -0.338000 52 0
-1.311000 1.491000 -0.384000 45 0
-1.299000 1.445000 -0.430000 45 0
-1.918000 2.410000 -0.425000 31 0
-1.342000 1.642000 -0.353000 8 0
-1.335000 1.589000 -0.403000 48 0
-1.320000 1.535000 -0.448000 49 0
-1.835000 2.423000 -0.422000 28 0
-1.885000 2.418000 -0.512000 30 0
-1.926000 2.401000 -0.598000 83 0
-1.340000 1.630000 -0.468000 14 0
-1.758000 2.441000 -0.421000 30 0
-1.807000 2.434000 -0.509000 31 0
-1.850000 2.417000 -0.593000 81 0
-1.897000 2.412000 -0.681000 83 0
-1.686000 2.464000 -0.420000 30 0
-1.731000 2.448000 -0.505000 32 0
-1.781000 2.438000 -0.590000 80 0
-1.824000 2.428000 -0.675000 81 0
-1.611000 2.480000 -0.419000 30 0
-1.663000 2.473000 -0.504000 32 0
-1.709000 2.455000 -0.585000 88 0
-1.757000 2.447000 -0.670000 82 0
-1.539000 2.499000 -0.418000 32 0
-1.591000 2.488000 -0.501000 32 0
-1.638000 2.471000 -0.581000 82 0
-1.686000 2.461000 -0.664000 82 0
-1.467000 2.516000 -0.418000 32 0
-1.518000 2.501000 -0.499000 32 0
-1.568000 2.486000 -0.577000 84 0
-1.618000 2.476000 -0.658000 85 0
-1.394000 2.526000 -0.416000 33 0
-1.447000 2.514000 -0.496000 31 0
-1.505000 2.508000 -0.576000 78 0
-1.549000 2.490000 -0.653000 86 0
-1.328000 2.548000 -0.417000 31 0
-1.382000 2.535000 -0.496000 35 0
-1.435000 2.520000 -0.572000 80 0
-1.485000 2.508000 -0.649000 87 0
-1.258000 2.563000 -0.418000 36 0
-1.316000 2.555000 -0.496000 36 0
-1.370000 2.537000 -0.570000 80 0
-1.421000 2.526000 -0.646000 87 0
-1.185000 2.569000 -0.417000 38 0
-1.249000 2.570000 -0.495000 37 0
-1.306000 2.556000 -0.568000 84 0
-1.356000 2.538000 -0.641000 84 0
-1.122000 2.592000 -0.419000 42 0
-1.181000 2.580000 -0.493000 39 0
-1.236000 2.561000 -0.564000 98 0
-1.296000 2.560000 -0.639000 84 0
-1.056000 2.608000 -0.420000 41 0
-1.113000 2.589000 -0.492000 48 0
-1.172000 2.576000 -0.562000 91 0
-1.233000 2.576000 -0.636000 86 0
-0.989000 2.620000 -0.421000 50 0
-1.051000 2.610000 -0.493000 49 0
-1.111000 2.597000 -0.562000 86 0
-1.168000 2.584000 -0.631000 81 0
-1.044000 2.981000 -0.478000 5 2
-0.986000 2.623000 -0.493000 69 0
-1.047000 2.608000 -0.560000 88 0
-1.103000 2.594000 -0.627000 103 0
-1.548000 4.779000 -0.766000 23 0
-1.119000 3.201000 -0.599000 150 0
-0.985000 2.625000 -0.560000 85 0
-1.043000 2.611000 -0.625000 92 0
-1.556000 5.227000 -0.838000 17 0
-1.347000 4.160000 -0.776000 80 0
-1.119000 3.200000 -0.678000 64 0
-0.981000 2.623000 -0.623000 90 0
-1.352000 4.968000 -0.797000 25 0
-1.255000 4.207000 -0.782000 36 0
-1.445000 4.454000 -0.937000 9 0
-1.117000 3.202000 -0.754000 76 0
-1.304000 5.286000 -0.849000 73 0
-1.164000 4.256000 -0.789000 79 0
-1.514000 5.055000 -1.058000 19 0
-1.379000 4.252000 -0.993000 12 0
-1.179000 5.317000 -0.856000 35 0
-1.080000 4.341000 -0.803000 30 0
-1.447000 5.260000 -1.095000 19 0
-1.343000 4.478000 -1.038000 3 0
-0.865000 4.387000 -0.707000 84 0
-1.036000 4.622000 -0.854000 8 0
-1.326000 5.285000 -1.095000 13 0
-1.450000 5.256000 -1.209000 47 0
-0.763000 4.424000 -0.716000 98 0
-0.876000 4.380000 -0.808000 73 0
-1.207000 5.323000 -1.099000 84 0
-1.331000 5.280000 -1.206000 48 0
-0.661000 4.456000 -0.723000 87 0
-0.777000 4.416000 -0.815000 84 0
-0.891000 4.384000 -0.901000 65 0
-1.211000 5.301000 -1.203000 50 0
-0.557000 4.487000 -0.731000 86 0
-0.677000 4.446000 -0.821000 83 0
-0.792000 4.411000 -0.904000 83 0
-0.899000 4.380000 -0.988000 48 0
-0.454000 4.519000 -0.740000 66 0
-0.576000 4.476000 -0.827000 82 0
-0.694000 4.442000 -0.908000 90 0
-0.803000 4.409000 -0.989000 77 0
0.000000 -0.000000 -0.000000 0 0
-0.475000 4.512000 -0.834000 80 0
-0.595000 4.473000 -0.912000 84 0
-0.706000 4.436000 -0.990000 83 0
0.000000 -0.000000 -0.000000 0 0
-0.374000 4.555000 -0.844000 20 0
-0.495000 4.503000 -0.917000 83 0
-0.609000 4.469000 -0.993000 86 0
0.000000 -0.000000 -0.000000 0 192
0.000000 -0.000000 -0.000000 0 0
-0.394000 4.533000 -0.922000 43 0
-0.511000 4.499000 -0.995000 77 0
0.000000 -0.000000 -0.000000 0 192
0.000000 -0.000000 -0.000000 0 192
0.000000 -0.000000 -0.000000 0 0
-0.335000 3.683000 -0.811000 8 0
0.000000 -0.000000 -0.000000 0 192
0.000000 -0.000000 -0.000000 0 128
0.000000 -0.000000 -0.000000 0 192
-0.233000 3.417000 -0.750000 5 0
0.000000 -0.000000 -0.000000 0 192
0.000000 -0.000000 -0.000000 0 192
0.000000 -0.000000 -0.000000 0 192
0.000000 -0.000000 -0.000000 0 0
0.000000 -0.000000 -0.000000 0 192
0.000000 -0.000000 -0.000000 0 192
0.000000 -0.000000 -0.000000 0 192
0.000000 -0.000000 -0.000000 0 192
-1.328000 2.548000 -0.417000 31 0
-1.382000 2.535000 -0.496000 35 0
-1.435000 2.520000 -0.572000 80 0
-1.485000 2.508000 -0.649000 87 0
-1.258000 2.563000 -0.418000 36 0
-1.316000 2.555000 -0.496000 36 0
-1.370000 2.537000 -0.570000 80 0
-1.421000 2.526000 -0.646000 87 0
-1.185000 2.569000 -0.417000 38 0
-1.249000 2.570000 -0.495000 37 0
-1.306000 2.556000 -0.568000 84 0
-1.356000 2.538000 -0.641000 84 0
-1.122000 2.592000 -0.419000 42 0
-1.181000 2.580000 -0.493000 39 0
-1.236000 2.561000 -0.564000 98 0
-1.296000 2.560000 -0.639000 84 0
-1.056000 2.608000 -0.420000 41 0
-1.113000 2.589000 -0.492000 48 0
-1.172000 2.576000 -0.562000 91 0
-1.233000 2.576000 -0.636000 86 0
-0.989000 2.620000 -0.421000 50 0
-1.051000 2.610000 -0.493000 49 0
-1.111000 2.597000 -0.562000 86 0
-1.168000 2.584000 -0.631000 81 0
-1.044000 2.981000 -0.478000 5 2
-0.986000 2.623000 -0.493000 69 0
-1.047000 2.608000 -0.560000 88 0
-1.103000 2.594000 -0.627000 103 0
-1.548000 4.779000 -0.766000 23 0
-1.119000 3.201000 -0.599000 150 0
-0.985000 2.625000 -0.560000 85 0
-1.043000 2.611000 -0.625000 92 0
-1.556000 5.227000 -0.838000 17 0
-1.347000 4.160000 -0.776000 80 0
-1.119000 3.200000 -0.678000 64 0
-0.981000 2.623000 -0.623000 90 0
-1.352000 4.968000 -0.797000 25 0
-1.255000 4.207000 -0.782000 36 0
-1.445000 4.454000 -0.937000 9 0
-1.117000 3.202000 -0.754000 76 0
-1.304000 5.286000 -0.849000 73 0
-1.164000 4.256000 -0.789000 79 0
-1.514000 5.055000 -1.058000 19 0
-1.379000 4.252000 -0.993000 12 0
-1.179000 5.317000 -0.856000 35 0
-1.080000 4.341000 -0.803000 30 0
-1.447000 5.260000 -1.095000 19 0
-1.343000 4.478000 -1.038000 3 0
-0.865000 4.387000 -0.707000 84 0
-1.036000 4.622000 -0.854000 8 0
-1.326000 5.285000 -1.095000 13 0
-1.450000 5.256000 -1.209000 47 0
-0.763000 4.424000 -0.716000 98 0
-0.876000 4.380000 -0.808000 73 0
-1.207000 5.323000 -1.099000 84 0
-1.331000 5.280000 -1.206000 48 0
-0.661000 4.456000 -0.723000 87 0
-0.777000 4.416000 -0.815000 84 0
-0.891000 4.384000 -0.901000 65 0
-1.211000 5.301000 -1.203000 50 0
-0.557000 4.487000 -0.731000 86 0
-0.677000 4.446000 -0.821000 83 0
-0.792000 4.411000 -0.904000 83 0
-0.899000 4.380000 -0.988000 48 0
-0.454000 4.519000 -0.740000 66 0
-0.576000 4.476000 -0.827000 82 0
-0.694000 4.442000 -0.908000 90 0
-0.803000 4.409000 -0.989000 77 0
0.000000 -0.000000 -0.000000 0 0
-0.475000 4.512000 -0.834000 80 0
-0.595000 4.473000 -0.912000 84 0
-0.706000 4.436000 -0.990000 83 0
0.000000 -0.000000 -0.000000 0 0
-0.374000 4.555000 -0.844000 20 0
-0.495000 4.503000 -0.917000 83 0
-0.609000 4.469000 -0.993000 86 0
0.000000 -0.000000 -0.000000 0 192
0.000000 -0.000000 -0.000000 0 0
-0.394000 4.533000 -0.922000 43 0
-0.511000 4.499000 -0.995000 77 0
0.000000 -0.000000 -0.000000 0 192
0.000000 -0.000000 -0.000000 0 192
0.000000 -0.000000 -0.000000 0 0
-0.335000 3.683000 -0.811000 8 0
0.000000 -0.000000 -0.000000 0 192
0.000000 -0.000000 -0.000000 0 128
0.000000 -0.000000 -0.000000 0 192
-0.233000 3.417000 -0.750000 5 0
0.000000 -0.000000 -0.000000 0 192
0.000000 -0.000000 -0.000000 0 192
0.000000 -0.000000 -0.000000 0 192
0.000000 -0.000000 -0.000000 0 0
0.000000 -0.000000 -0.000000 0 192
0.000000 -0.000000 -0.000000 0 192
0.000000 -0.000000 -0.000000 0 192
0.000000 -0.000000 -0.000000 0 192
0.149000 1.702000 -0.295000 0 0
0.000000 -0.000000 -0.000000 0 192
0.000000 -0.000000 -0.000000 0 192
0.000000 -0.000000 -0.000000 0 192
0.000000 -0.000000 -0.000000 0 0
0.000000 -0.000000 -0.000000 0 192
0.000000 -0.000000 -0.000000 0 192
0.000000 -0.000000 -0.000000 0 192
0.207000 1.538000 -0.272000 33 0
0.000000 -0.000000 -0.000000 0 128
0.000000 -0.000000 -0.000000 0 192
0.000000 -0.000000 -0.000000 0 192
0.246000 1.551000 -0.278000 14 0
0.199000 1.579000 -0.304000 21 0
0.000000 -0.000000 -0.000000 0 128
0.000000 -0.000000 -0.000000 0 192
0.283000 1.556000 -0.282000 13 0
0.231000 1.550000 -0.301000 11 0
0.191000 1.610000 -0.331000 18 0
0.153000 1.715000 -0.372000 1 0
0.323000 1.567000 -0.287000 15 0
0.269000 1.558000 -0.305000 11 0
0.219000 1.550000 -0.319000 10 0
0.183000 1.636000 -0.355000 13 0
0.364000 1.578000 -0.293000 15 0
0.308000 1.566000 -0.308000 11 0
0.256000 1.552000 -0.321000 11 0
0.209000 1.546000 -0.335000 36 0
0.404000 1.585000 -0.298000 56 0
0.347000 1.571000 -0.312000 54 0
0.295000 1.566000 -0.325000 12 0
0.245000 1.552000 -0.337000 13 0
0.448000 1.601000 -0.305000 13 0
0.388000 1.583000 -0.317000 11 0
0.334000 1.573000 -0.329000 11 0
0.284000 1.566000 -0.341000 13 0
0.490000 1.608000 -0.311000 59 0
0.429000 1.591000 -0.322000 61 0
0.373000 1.579000 -0.332000 13 0
0.321000 1.567000 -0.342000 58 0
0.535000 1.618000 -0.317000 57 0
0.471000 1.603000 -0.328000 52 0
0.413000 1.586000 -0.335000 60 0
0.362000 1.581000 -0.346000 15 0
0.581000 1.630000 -0.325000 47 0
0.515000 1.612000 -0.333000 55 0
0.457000 1.604000 -0.341000 12 0
0.403000 1.592000 -0.349000 59 0
0.629000 1.644000 -0.333000 48 0
0.561000 1.626000 -0.340000 52 0
0.500000 1.613000 -0.346000 58 0
0.444000 1.601000 -0.352000 63 0
0.677000 1.654000 -0.340000 49 0
0.606000 1.635000 -0.346000 50 0
0.542000 1.618000 -0.350000 58 0
0.486000 1.610000 -0.356000 60 0
0.726000 1.665000 -0.348000 43 0
0.657000 1.655000 -0.355000 46 0
0.588000 1.630000 -0.355000 54 0
0.529000 1.617000 -0.359000 58 0
0.777000 1.675000 -0.357000 43 0
0.703000 1.660000 -0.361000 51 0
0.636000 1.643000 -0.361000 51 0
0.575000 1.631000 -0.364000 55 0
0.964000 1.961000 -0.425000 92 0
0.757000 1.679000 -0.370000 49 0
0.687000 1.661000 -0.369000 50 0
0.624000 1.648000 -0.370000 50 0
1.037000 1.992000 -0.440000 35 0
0.834000 1.741000 -0.389000 150 0
0.739000 1.677000 -0.376000 49 0
0.671000 1.658000 -0.374000 49 0
1.100000 2.001000 -0.451000 26 0
1.004000 1.981000 -0.449000 45 0
0.793000 1.694000 -0.384000 74 0
0.723000 1.673000 -0.380000 51 0
1.176000 2.028000 -0.466000 3 0
1.068000 1.992000 -0.459000 36 0
0.983000 1.981000 -0.454000 50 0
0.774000 1.683000 -0.386000 55 0
0.000000 -0.000000 -0.000000 0 0
1.136000 2.008000 -0.470000 14 0
1.047000 1.992000 -0.463000 48 0
0.893000 1.832000 -0.423000 150 0
0.000000 -0.000000 -0.000000 0 128
0.000000 -0.000000 -0.000000 0 0
1.114000 2.007000 -0.472000 27 0
1.026000 1.986000 -0.463000 46 0
0.000000 -0.000000 -0.000000 0 128
0.000000 -0.000000 -0.000000 0 192
1.183000 2.021000 -0.482000 2 0
1.094000 2.003000 -0.471000 38 0
0.000000 -0.000000 -0.000000 0 128
0.000000 -0.000000 -0.000000 0 128
0.000000 -0.000000 -0.000000 0 0
1.165000 2.021000 -0.480000 7 0
0.149000 1.702000 -0.295000 0 0
0.000000 -0.000000 -0.000000 0 192
0.000000 -0.000000 -0.000000 0 192
0.000000 -0.000000 -0.000000 0 192
0.000000 -0.000000 -0.000000 0 0
0.000000 -0.000000 -0.000000 0 192
0.000000 -0.000000 -0.000000 0 192
0.000000 -0.000000 -0.000000 0 192
0.207000 1.538000 -0.272000 33 0
0.000000 -0.000000 -0.000000 0 128
0.000000 -0.000000 -0.000000 0 192
0.000000 -0.000000 -0.000000 0 192
0.246000 1.551000 -0.278000 14 0
0.199000 1.579000 -0.304000 21 0
0.000000 -0.000000 -0.000000 0 128
0.000000 -0.000000 -0.000000 0 192
0.283000 1.556000 -0.282000 13 0
0.231000 1.550000 -0.301000 11 0
0.191000 1.610000 -0.331000 18 0
0.153000 1.715000 -0.372000 1 0
0.323000 1.567000 -0.287000 15 0
0.269000 1.558000 -0.305000 11 0
0.219000 1.550000 -0.319000 10 0
0.183000 1.636000 -0.355000 13 0
0.364000 1.578000 -0.293000 15 0
0.308000 1.566000 -0.308000 11 0
0.256000 1.552000 -0.321000 11 0
0.209000 1.546000 -0.335000 36 0
0.404000 1.585000 -0.298000 56 0
0.347000 1.571000 -0.312000 54 0
0.295000 1.566000 -0.325000 12 0
0.245000 1.552000 -0.337000 13 0
0.448000 1.601000 -0.305000 13 0
0.388000 1.583000 -0.317000 11 0
0.334000 1.573000 -0.329000 11 0
0.284000 1.566000 -0.341000 13 0
0.490000 1.608000 -0.311000 59 0
0.429000 1.591000 -0.322000 61 0
0.373000 1.579000 -0.332000 13 0
0.321000 1.567000 -0.342000 58 0
0.535000 1.618000 -0.317000 57 0
0.471000 1.603000 -0.328000 52 0
0.413000 1.586000 -0.335000 60 0
0.362000 1.581000 -0.346000 15 0
0.581000 1.630000 -0.325000 47 0
0.515000 1.612000 -0.333000 55 0
0.457000 1.604000 -0.341000 12 0
0.403000 1.592000 -0.349000 59 0
0.629000 1.644000 -0.333000 48 0
0.561000 1.626000 -0.340000 52 0
0.500000 1.613000 -0.346000 58 0
0.444000 1.601000 -0.352000 63 0
0.677000 1.654000 -0.340000 49 0
0.606000 1.635000 -0.346000 50 0
0.542000 1.618000 -0.350000 58 0
0.486000 1.610000 -0.356000 60 0
0.726000 1.665000 -0.348000 43 0
0.657000 1.655000 -0.355000 46 0
0.588000 1.630000 -0.355000 54 0
0.529000 1.617000 -0.359000 58 0
0.777000 1.675000 -0.357000 43 0
0.703000 1.660000 -0.361000 51 0
0.636000 1.643000 -0.361000 51 0
0.575000 1.631000 -0.364000 55 0
0.964000 1.961000 -0.425000 92 0
0.757000 1.679000 -0.370000 49 0
0.687000 1.661000 -0.369000 50 0
0.624000 1.648000 -0.370000 50 0
1.037000 1.992000 -0.440000 35 0
0.834000 1.741000 -0.389000 150 0
0.739000 1.677000 -0.376000 49 0
0.671000 1.658000 -0.374000 49 0
1.100000 2.001000 -0.451000 26 0
1.004000 1.981000 -0.449000 45 0
0.793000 1.694000 -0.384000 74 0
0.723000 1.673000 -0.380000 51 0
1.176000 2.028000 -0.466000 3 0
1.068000 1.992000 -0.459000 36 0
0.983000 1.981000 -0.454000 50 0
0.774000 1.683000 -0.386000 55 0
0.000000 -0.000000 -0.000000 0 0
1.136000 2.008000 -0.470000 14 0
1.047000 1.992000 -0.463000 48 0
0.893000 1.832000 -0.423000 150 0
0.000000 -0.000000 -0.000000 0 128
0.000000 -0.000000 -0.000000 0 0
1.114000 2.007000 -0.472000 27 0
1.026000 1.986000 -0.463000 46 0
0.000000 -0.000000 -0.000000 0 128
0.000000 -0.000000 -0.000000 0 192
1.183000 2.021000 -0.482000 2 0
1.094000 2.003000 -0.471000 38 0
0.000000 -0.000000 -0.000000 0 128
0.000000 -0.000000 -0.000000 0 128
0.000000 -0.000000 -0.000000 0 0
1.165000 2.021000 -0.480000 7 0
0.000000 -0.000000 -0.000000 0 128
0.000000 -0.000000 -0.000000 0 128
0.000000 -0.000000 -0.000000 0 0
0.000000 -0.000000 -0.000000 0 0
0.000000 -0.000000 -0.000000 0 128
0.000000 -0.000000 -0.000000 0 128
0.000000 -0.000000 -0.000000 0 0
0.000000 -0.000000 -0.000000 0 128
0.000000 -0.000000 -0.000000 0 128
0.000000 -0.000000 -0.000000 0 128
0.000000 -0.000000 -0.000000 0 128
0.000000 -0.000000 -0.000000 0 128
0.000000 -0.000000 -0.000000 0 128
0.000000 -0.000000 -0.000000 0 128
0.000000 -0.000000 -0.000000 0 128
0.000000 -0.000000 -0.000000 0 0
0.000000 -0.000000 -0.000000 0 128
0.000000 -0.000000 -0.000000 0 0
0.000000 -0.000000 -0.000000 0 0
0.000000 -0.000000 -0.000000 0 128
0.000000 -0.000000 -0.000000 0 128
0.000000 -0.000000 -0.000000 0 0
0.000000 -0.000000 -0.000000 0 0
0.000000 -0.000000 -0.000000 0 128
0.000000 -0.000000 -0.000000 0 128
0.000000 -0.000000 -0.000000 0 0
0.000000 -0.000000 -0.000000 0 0
0.000000 -0.000000 -0.000000 0 128
0.000000 -0.000000 -0.000000 0 128
0.000000 -0.000000 -0.000000 0 0
0.000000 -0.000000 -0.000000 0 0
0.000000 -0.000000 -0.000000 0 0
0.000000 -0.000000 -0.000000 0 128
0.000000 -0.000000 -0.000000 0 0
0.000000 -0.000000 -0.000000 0 0
0.000000 -0.000000 -0.000000 0 128
0.000000 -0.000000 -0.000000 0 192
0.000000 -0.000000 -0.000000 0 0
0.000000 -0.000000 -0.000000 0 0
0.000000 -0.000000 -0.000000 0 0
0.000000 -0.000000 -0.000000 0 128
0.000000 -0.000000 -0.000000 0 192
0.000000 -0.000000 -0.000000 0 0
0.000000 -0.000000 -0.000000 0 128
0.000000 -0.000000 -0.000000 0 0
0.000000 -0.000000 -0.000000 0 128
0.000000 -0.000000 -0.000000 0 0
0.000000 -0.000000 -0.000000 0 0
0.000000 -0.000000 -0.000000 0 0
0.000000 -0.000000 -0.000000 0 0
0.000000 -0.000000 -0.000000 0 128
0.000000 -0.000000 -0.000000 0 128
0.000000 -0.000000 -0.000000 0 0
0.000000 -0.000000 -0.000000 0 0
0.000000 -0.000000 -0.000000 0 128
0.000000 -0.000000 -0.000000 0 192
0.000000 -0.000000 -0.000000 0 0
0.000000 -0.000000 -0.000000 0 0
0.000000 -0.000000 -0.000000 0 0
0.000000 -0.000000 -0.000000 0 128
0.000000 -0.000000 -0.000000 0 0
0.000000 -0.000000 -0.000000 0 0
0.000000 -0.000000 -0.000000 0 0
0.000000 -0.000000 -0.000000 0 0
0.000000 -0.000000 -0.000000 0 0
0.000000 -0.000000 -0.000000 0 0
0.000000 -0.000000 -0.000000 0 0
0.000000 -0.000000 -0.000000 0 0
0.000000 -0.000000 -0.000000 0 0
0.000000 -0.000000 -0.000000 0 0
0.000000 -0.000000 -0.000000 0 0
0.000000 -0.000000 -0.000000 0 0
0.000000 -0.000000 -0.000000 0 0
0.000000 -0.000000 -0.000000 0 0
0.000000 -0.000000 -0.000000 0 0
0.000000 -0.000000 -0.000000 0 0
0.000000 -0.000000 -0.000000 0 0
0.000000 -0.000000 -0.000000 0 0
0.000000 -0.000000 -0.000000 0 0
0.000000 -0.000000 -0.000000 0 0
0.000000 -0.000000 -0.000000 0 0
0.000000 -0.000000 -0.000000 0 0
0.000000 -0.000000 -0.000000 0 0
0.000000 -0.000000 -0.000000 0 0
0.000000 -0.000000 -0.000000 0 0
0.000000 -0.000000 -0.000000 0 0
0.000000 -0.000000 -0.000000 0 0
0.000000 -0.000000 -0.000000 0 0
0.000000 -0.000000 -0.000000 0 0
0.000000 -0.000000 -0.000000 0 0
0.000000 -0.000000 -0.000000 0 0
0.000000 -0.000000 -0.000000 0 0
0.000000 -0.000000 -0.000000 0 0
0.000000 -0.000000 -0.000000 0 0
0.000000 -0.000000 -0.000000 0 0
0.000000 -0.000000 -0.000000 0 0
0.000000 -0.000000 -0.000000 0 128
0.000000 -0.000000 -0.000000 0 128
0.000000 -0.000000 -0.000000 0 0
0.000000 -0.000000 -0.000000 0 0
0.000000 -0.000000 -0.000000 0 128
0.000000 -0.000000 -0.000000 0 128
0.000000 -0.000000 -0.000000 0 0
0.000000 -0.000000 -0.000000 0 128
0.000000 -0.000000 -0.000000 0 128
0.000000 -0.000000 -0.000000 0 128
0.000000 -0.000000 -0.000000 0 128
0.000000 -0.000000 -0.000000 0 128
0.000000 -0.000000 -0.000000 0 128
0.000000 -0.000000 -0.000000 0 128
0.000000 -0.000000 -0.000000 0 128
0.000000 -0.000000 -0.000000 0 0
0.000000 -0.000000 -0.000000 0 128
0.000000 -0.000000 -0.000000 0 0
0.000000 -0.000000 -0.000000 0 0
0.000000 -0.000000 -0.000000 0 128
0.000000 -0.000000 -0.000000 0 128
0.000000 -0.000000 -0.000000 0 0
0.000000 -0.000000 -0.000000 0 0
0.000000 -0.000000 -0.000000 0 128
0.000000 -0.000000 -0.000000 0 128
0.000000 -0.000000 -0.000000 0 0
0.000000 -0.000000 -0.000000 0 0
0.000000 -0.000000 -0.000000 0 128
0.000000 -0.000000 -0.000000 0 128
0.000000 -0.000000 -0.000000 0 0
0.000000 -0.000000 -0.000000 0 0
0.000000 -0.000000 -0.000000 0 0
0.000000 -0.000000 -0.000000 0 128
0.000000 -0.000000 -0.000000 0 0
0.000000 -0.000000 -0.000000 0 0
0.000000 -0.000000 -0.000000 0 128
0.000000 -0.000000 -0.000000 0 192
0.000000 -0.000000 -0.000000 0 0
0.000000 -0.000000 -0.000000 0 0
0.000000 -0.000000 -0.000000 0 0
0.000000 -0.000000 -0.000000 0 128
0.000000 -0.000000 -0.000000 0 192
0.000000 -0.000000 -0.000000 0 0
0.000000 -0.000000 -0.000000 0 128
0.000000 -0.000000 -0.000000 0 0
0.000000 -0.000000 -0.000000 0 128
0.000000 -0.000000 -0.000000 0 0
0.000000 -0.000000 -0.000000 0 0
0.000000 -0.000000 -0.000000 0 0
0.000000 -0.000000 -0.000000 0 0
0.000000 -0.000000 -0.000000 0 128
0.000000 -0.000000 -0.000000 0 128
0.000000 -0.000000 -0.000000 0 0
0.000000 -0.000000 -0.000000 0 0
0.000000 -0.000000 -0.000000 0 128
0.000000 -0.000000 -0.000000 0 192
0.000000 -0.000000 -0.000000 0 0
0.000000 -0.000000 -0.000000 0 0
0.000000 -0.000000 -0.000000 0 0
0.000000 -0.000000 -0.000000 0 128
0.000000 -0.000000 -0.000000 0 0
0.000000 -0.000000 -0.000000 0 0
0.000000 -0.000000 -0.000000 0 0
0.000000 -0.000000 -0.000000 0 0
0.000000 -0.000000 -0.000000 0 0
0.000000 -0.000000 -0.000000 0 0
0.000000 -0.000000 -0.000000 0 0
0.000000 -0.000000 -0.000000 0 0
0.000000 -0.000000 -0.000000 0 0
0.000000 -0.000000 -0.000000 0 0
0.000000 -0.000000 -0.000000 0 0
0.000000 -0.000000 -0.000000 0 0
0.000000 -0.000000 -0.000000 0 0
0.000000 -0.000000 -0.000000 0 0
0.000000 -0.000000 -0.000000 0 0
0.000000 -0.000000 -0.000000 0 0
0.000000 -0.000000 -0.000000 0 0
0.000000 -0.000000 -0.000000 0 0
0.000000 -0.000000 -0.000000 0 0
0.000000 -0.000000 -0.000000 0 0
0.000000 -0.000000 -0.000000 0 0
0.000000 -0.000000 -0.000000 0 0
0.000000 -0.000000 -0.000000 0 0
0.000000 -0.000000 -0.000000 0 0
0.000000 -0.000000 -0.000000 0 0
0.000000 -0.000000 -0.000000 0 0
0.000000 -0.000000 -0.000000 0 0
0.000000 -0.000000 -0.000000 0 0
0.000000 -0.000000 -0.000000 0 0
0.000000 -0.000000 -0.000000 0 0
0.000000 -0.000000 -0.000000 0 0
0.000000 -0.000000 -0.000000 0 0
0.000000 -0.000000 -0.000000 0 0
0.000000 -0.000000 -0.000000 0 0
0.000000 -0.000000 -0.000000 0 0
0.000000 -0.000000 -0.000000 0 0
0.000000 -0.000000 -0.000000 0 0
0.000000 -0.000000 -0.000000 0 0
0.000000 -0.000000 -0.000000 0 0
0.000000 -0.000000 -0.000000 0 0
0.000000 -0.000000 -0.000000 0 0
0.000000 -0.000000 -0.000000 0 0
0.000000 -0.000000 -0.000000 0 0
0.000000 -0.000000 -0.000000 0 0
0.000000 -0.000000 -0.000000 0 0
0.000000 -0.000000 -0.000000 0 0
0.000000 -0.000000 -0.000000 0 0
0.000000 -0.000000 -0.000000 0 0
0.000000 -0.000000 -0.000000 0 0
0.000000 -0.000000 -0.000000 0 0
0.000000 -0.000000 -0.000000 0 0
0.000000 -0.000000 -0.000000 0 0
0.000000 -0.000000 -0.000000 0 0
0.000000 -0.000000 -0.000000 0 0
0.000000 -0.000000 -0.000000 0 0
0.000000 -0.000000 -0.000000 0 0
0.000000 -0.000000 -0.000000 0 0
0.000000 -0.000000 -0.000000 0 0
0.000000 -0.000000 -0.000000 0 0
0.000000 -0.000000 -0.000000 0 0
0.000000 -0.000000 -0.000000 0 0
0.000000 -0.000000 -0.000000 0 0
0.000000 -0.000000 -0.000000 0 0
0.000000 -0.000000 -0.000000 0 0
0.000000 -0.000000 -0.000000 0 0
0.000000 -0.000000 -0.000000 0 0
0.000000 -0.000000 -0.000000 0 0
0.000000 -0.000000 -0.000000 0 0
0.000000 -0.000000 -0.000000 0 0
0.000000 -0.000000 -0.000000 0 0
0.000000 -0.000000 -0.000000 0 0
0.000000 -0.000000 -0.000000 0 0
0.000000 -0.000000 -0.000000 0 0
0.000000 -0.000000 -0.000000 0 0
0.000000 -0.000000 -0.000000 0 0
0.000000 -0.000000 -0.000000 0 0
0.000000 -0.000000 -0.000000 0 0
0.000000 -0.000000 -0.000000 0 0
0.000000 -0.000000 -0.000000 0 0
0.000000 -0.000000 -0.000000 0 0
0.000000 -0.000000 -0.000000 0 0
0.000000 -0.000000 -0.000000 0 0
0.000000 -0.000000 -0.000000 0 0
0.000000 -0.000000 -0.000000 0 0
0.000000 -0.000000 -0.000000 0 0
0.000000 -0.000000 -0.000000 0 0
0.000000 -0.000000 -0.000000 0 0
0.000000 -0.000000 -0.000000 0 0
0.000000 -0.000000 -0.000000 0 0
0.000000 -0.000000 -0.000000 0 0
0.000000 -0.000000 -0.000000 0 0
0.000000 -0.000000 -0.000000 0 0
0.000000 -0.000000 -0.000000 0 0
0.000000 -0.000000 -0.000000 0 0
0.000000 -0.000000 -0.000000 0 0
0.000000 -0.000000 -0.000000 0 0
0.000000 -0.000000 -0.000000 0 0
0.000000 -0.000000 -0.000000 0 0
0.000000 -0.000000 -0.000000 0 0
0.000000 -0.000000 -0.000000 0 0
0.000000 -0.000000 -0.000000 0 0
0.000000 -0.000000 -0.000000 0 0
0.000000 -0.000000 -0.000000 0 0
0.000000 -0.000000 -0.000000 0 0
0.000000 -0.000000 -0.000000 0 0
0.000000 -0.000000 -0.000000 0 0
0.000000 -0.000000 -0.000000 0 0
0.000000 -0.000000 -0.000000 0 0
0.000000 -0.000000 -0.000000 0 0
0.000000 -0.000000 -0.000000 0 0
0.000000 -0.000000 -0.000000 0 0
0.000000 -0.000000 -0.000000 0 0
0.000000 -0.000000 -0.000000 0 0
0.000000 -0.000000 -0.000000 0 0
0.000000 -0.000000 -0.000000 0 0
0.000000 -0.000000 -0.000000 0 0
0.000000 -0.000000 -0.000000 0 0
0.000000 -0.000000 -0.000000 0 0
0.000000 -0.000000 -0.000000 0 0
0.000000 -0.000000 -0.000000 0 0
0.000000 -0.000000 -0.000000 0 0
0.000000 -0.000000 -0.000000 0 0
0.000000 -0.000000 -0.000000 0 0
0.000000 -0.000000 -0.000000 0 0
0.000000 -0.000000 -0.000000 0 0
0.000000 -0.000000 -0.000000 0 0
0.000000 -0.000000 -0.000000 0 0
0.000000 -0.000000 -0.000000 0 0
0.000000 -0.000000 -0.000000 0 0
0.000000 -0.000000 -0.000000 0 0
0.000000 -0.000000 -0.000000 0 0
0.000000 -0.000000 -0.000000 0 0
0.000000 -0.000000 -0.000000 0 0
0.000000 -0.000000 -0.000000 0 0
0.000000 -0.000000 -0.000000 0 0
0.000000 -0.000000 -0.000000 0 0
0.000000 -0.000000 -0.000000 0 0
0.000000 -0.000000 -0.000000 0 0
0.000000 -0.000000 -0.000000 0 0
0.000000 -0.000000 -0.000000 0 0
0.000000 -0.000000 -0.000000 0 0
0.000000 -0.000000 -0.000000 0 0
0.000000 -0.000000 -0.000000 0 0
0.000000 -0.000000 -0.000000 0 0
0.000000 -0.000000 -0.000000 0 0
0.000000 -0.000000 -0.000000 0 0
0.000000 -0.000000 -0.000000 0 0
0.000000 -0.000000 -0.000000 0 0
0.000000 -0.000000 -0.000000 0 0
0.000000 -0.000000 -0.000000 0 0
0.000000 -0.000000 -0.000000 0 0
0.000000 -0.000000 -0.000000 0 0
0.000000 -0.000000 -0.000000 0 0
0.000000 -0.000000 -0.000000 0 0
0.000000 -0.000000 -0.000000 0 0
0.000000 -0.000000 -0.000000 0 0
0.000000 -0.000000 -0.000000 0 0
0.000000 -0.000000 -0.000000 0 0
0.000000 -0.000000 -0.000000 0 0
0.000000 -0.000000 -0.000000 0 0
0.000000 -0.000000 -0.000000 0 0
0.000000 -0.000000 -0.000000 0 0
0.000000 -0.000000 -0.000000 0 0
0.000000 -0.000000 -0.000000 0 0
0.000000 -0.000000 -0.000000 0 0
0.000000 -0.000000 -0.000000 0 0
0.000000 -0.000000 -0.000000 0 0
0.000000 -0.000000 -0.000000 0 0
0.000000 -0.000000 -0.000000 0 0
0.000000 -0.000000 -0.000000 0 0
0.000000 -0.000000 -0.000000 0 0
0.000000 -0.000000 -0.000000 0 0
0.000000 -0.000000 -0.000000 0 0
0.000000 -0.000000 -0.000000 0 0
0.000000 -0.000000 -0.000000 0 0
0.000000 -0.000000 -0.000000 0 0
0.000000 -0.000000 -0.000000 0 0
0.000000 -0.000000 -0.000000 0 0
0.000000 -0.000000 -0.000000 0 0
0.000000 -0.000000 -0.000000 0 0
0.000000 -0.000000 -0.000000 0 0
0.000000 -0.000000 -0.000000 0 0
0.000000 -0.000000 -0.000000 0 0
0.000000 -0.000000 -0.000000 0 0
0.000000 -0.000000 -0.000000 0 0
0.000000 -0.000000 -0.000000 0 0
0.000000 -0.000000 -0.000000 0 0
0.000000 -0.000000 -0.000000 0 0
0.000000 -0.000000 -0.000000 0 0
0.000000 -0.000000 -0.000000 0 0
0.000000 -0.000000 -0.000000 0 0
0.000000 -0.000000 -0.000000 0 0
0.000000 -0.000000 -0.000000 0 0
0.000000 -0.000000 -0.000000 0 0
0.000000 -0.000000 -0.000000 0 0
0.000000 -0.000000 -0.000000 0 0
0.000000 -0.000000 -0.000000 0 0
0.000000 -0.000000 -0.000000 0 0
0.000000 -0.000000 -0.000000 0 0
0.000000 -0.000000 -0.000000 0 0
0.000000 -0.000000 -0.000000 0 0
0.000000 -0.000000 -0.000000 0 0
0.000000 -0.000000 -0.000000 0 0
0.000000 -0.000000 -0.000000 0 0
0.000000 -0.000000 -0.000000 0 0
0.000000 -0.000000 -0.000000 0 0
0.000000 -0.000000 -0.000000 0 0
0.000000 -0.000000 -0.000000 0 0
0.000000 -0.000000 -0.000000 0 0
0.000000 -0.000000 -0.000000 0 0
0.000000 -0.000000 -0.000000 0 0
0.000000 -0.000000 -0.000000 0 0
0.000000 -0.000000 -0.000000 0 0
0.000000 -0.000000 -0.000000 0 0
0.000000 -0.000000 -0.000000 0 0
0.000000 -0.000000 -0.000000 0 0
0.000000 -0.000000 -0.000000 0 0
0.000000 -0.000000 -0.000000 0 0
0.000000 -0.000000 -0.000000 0 0
0.000000 -0.000000 -0.000000 0 0
0.000000 -0.000000 -0.000000 0 0
0.000000 -0.000000 -0.000000 0 0
0.000000 -0.000000 -0.000000 0 0
0.000000 -0.000000 -0.000000 0 0
0.000000 -0.000000 -0.000000 0 0
0.000000 -0.000000 -0.000000 0 0
0.000000 -0.000000 -0.000000 0 0
0.000000 -0.000000 -0.000000 0 0
0.000000 -0.000000 -0.000000 0 0
0.000000 -0.000000 -0.000000 0 0
0.000000 -0.000000 -0.000000 0 0
0.000000 -0.000000 -0.000000 0 0
0.000000 -0.000000 -0.000000 0 0
0.000000 -0.000000 -0.000000 0 0
0.000000 -0.000000 -0.000000 0 0
0.000000 -0.000000 -0.000000 0 0
0.000000 -0.000000 -0.000000 0 0
0.000000 -0.000000 -0.000000 0 0
0.000000 -0.000000 -0.000000 0 0
0.000000 -0.000000 -0.000000 0 0
0.000000 -0.000000 -0.000000 0 0
0.000000 -0.000000 -0.000000 0 0
0.000000 -0.000000 -0.000000 0 0
0.000000 -0.000000 -0.000000 0 0
0.000000 -0.000000 -0.000000 0 0
0.000000 -0.000000 -0.000000 0 0
0.000000 -0.000000 -0.000000 0 0
0.000000 -0.000000 -0.000000 0 0
0.000000 -0.000000 -0.000000 0 0
0.000000 -0.000000 -0.000000 0 0
0.000000 -0.000000 -0.000000 0 0
0.000000 -0.000000 -0.000000 0 0
0.000000 -0.000000 -0.000000 0 0
0.000000 -0.000000 -0.000000 0 0
0.000000 -0.000000 -0.000000 0 0
1.935000 -0.509000 -0.373000 0 0
0.000000 -0.000000 -0.000000 0 0
1.924000 -0.552000 -0.481000 0 0
1.932000 -0.557000 -0.429000 0 0
0.000000 -0.000000 -0.000000 0 0
0.000000 -0.000000 -0.000000 0 0
0.000000 -0.000000 -0.000000 0 0
0.000000 -0.000000 -0.000000 0 0
0.000000 -0.000000 -0.000000 0 0
0.000000 -0.000000 -0.000000 0 0
0.000000 -0.000000 -0.000000 0 0
0.000000 -0.000000 -0.000000 0 0
0.000000 -0.000000 -0.000000 0 0
0.000000 -0.000000 -0.000000 0 0
0.000000 -0.000000 -0.000000 0 0
0.000000 -0.000000 -0.000000 0 0
0.000000 -0.000000 -0.000000 0 0
0.000000 -0.000000 -0.000000 0 0
0.000000 -0.000000 -0.000000 0 0
0.000000 -0.000000 -0.000000 0 0
0.000000 -0.000000 -0.000000 0 0
0.000000 -0.000000 -0.000000 0 0
0.000000 -0.000000 -0.000000 0 0
0.000000 -0.000000 -0.000000 0 0
0.000000 -0.000000 -0.000000 0 0
0.000000 -0.000000 -0.000000 0 0
0.000000 -0.000000 -0.000000 0 0
0.000000 -0.000000 -0.000000 0 0
0.000000 -0.000000 -0.000000 0 0
0.000000 -0.000000 -0.000000 0 0
0.000000 -0.000000 -0.000000 0 0
0.000000 -0.000000 -0.000000 0 0
0.000000 -0.000000 -0.000000 0 0
0.000000 -0.000000 -0.000000 0 0
0.000000 -0.000000 -0.000000 0 0
0.000000 -0.000000 -0.000000 0 0
0.000000 -0.000000 -0.000000 0 0
0.000000 -0.000000 -0.000000 0 0
0.000000 -0.000000 -0.000000 0 0
0.000000 -0.000000 -0.000000 0 0
0.000000 -0.000000 -0.000000 0 0
0.000000 -0.000000 -0.000000 0 0
0.000000 -0.000000 -0.000000 0 0
0.000000 -0.000000 -0.000000 0 0
0.000000 -0.000000 -0.000000 0 0
0.000000 -0.000000 -0.000000 0 0
0.000000 -0.000000 -0.000000 0 0
0.000000 -0.000000 -0.000000 0 0
0.000000 -0.000000 -0.000000 0 0
0.000000 -0.000000 -0.000000 0 0
0.000000 -0.000000 -0.000000 0 0
0.000000 -0.000000 -0.000000 0 0
0.000000 -0.000000 -0.000000 0 0
0.000000 -0.000000 -0.000000 0 0
0.000000 -0.000000 -0.000000 0 0
0.000000 -0.000000 -0.000000 0 0
0.000000 -0.000000 -0.000000 0 0
0.000000 -0.000000 -0.000000 0 0
0.000000 -0.000000 -0.000000 0 0
0.000000 -0.000000 -0.000000 0 0
0.000000 -0.000000 -0.000000 0 0
0.000000 -0.000000 -0.000000 0 0
0.000000 -0.000000 -0.000000 0 0
0.000000 -0.000000 -0.000000 0 0
0.000000 -0.000000 -0.000000 0 0
0.000000 -0.000000 -0.000000 0 0
0.000000 -0.000000 -0.000000 0 0
0.000000 -0.000000 -0.000000 0 0
0.000000 -0.000000 -0.000000 0 128
0.000000 -0.000000 -0.000000 0 0
0.000000 -0.000000 -0.000000 0 0
0.000000 -0.000000 -0.000000 0 0
0.000000 -0.000000 -0.000000 0 0
0.000000 -0.000000 -0.000000 0 0
0.000000 -0.000000 -0.000000 0 0
0.000000 -0.000000 -0.000000 0 0
0.000000 -0.000000 -0.000000 0 0
0.000000 -0.000000 -0.000000 0 0
0.000000 -0.000000 -0.000000 0 0
0.000000 -0.000000 -0.000000 0 0
0.000000 -0.000000 -0.000000 0 0
0.000000 -0.000000 -0.000000 0 0
0.000000 -0.000000 -0.000000 0 0
0.000000 -0.000000 -0.000000 0 0
0.000000 -0.000000 -0.000000 0 0
0.000000 -0.000000 -0.000000 0 0
0.000000 -0.000000 -0.000000 0 0
0.000000 -0.000000 -0.000000 0 0
0.000000 -0.000000 -0.000000 0 0
0.000000 -0.000000 -0.000000 0 0
0.000000 -0.000000 -0.000000 0 0
0.000000 -0.000000 -0.000000 0 0
0.000000 -0.000000 -0.000000 0 0
0.000000 -0.000000 -0.000000 0 0
0.000000 -0.000000 -0.000000 0 0
0.000000 -0.000000 -0.000000 0 0
1.935000 -0.509000 -0.373000 0 0
0.000000 -0.000000 -0.000000 0 0
1.924000 -0.552000 -0.481000 0 0
1.932000 -0.557000 -0.429000 0 0
0.000000 -0.000000 -0.000000 0 0
0.000000 -0.000000 -0.000000 0 0
0.000000 -0.000000 -0.000000 0 0
0.000000 -0.000000 -0.000000 0 0
0.000000 -0.000000 -0.000000 0 0
0.000000 -0.000000 -0.000000 0 0
0.000000 -0.000000 -0.000000 0 0
0.000000 -0.000000 -0.000000 0 0
0.000000 -0.000000 -0.000000 0 0
0.000000 -0.000000 -0.000000 0 0
0.000000 -0.000000 -0.000000 0 0
0.000000 -0.000000 -0.000000 0 0
0.000000 -0.000000 -0.000000 0 0
0.000000 -0.000000 -0.000000 0 0
0.000000 -0.000000 -0.000000 0 0
0.000000 -0.000000 -0.000000 0 0
0.000000 -0.000000 -0.000000 0 0
0.000000 -0.000000 -0.000000 0 0
0.000000 -0.000000 -0.000000 0 0
0.000000 -0.000000 -0.000000 0 0
0.000000 -0.000000 -0.000000 0 0
0.000000 -0.000000 -0.000000 0 0
0.000000 -0.000000 -0.000000 0 0
0.000000 -0.000000 -0.000000 0 0
0.000000 -0.000000 -0.000000 0 0
0.000000 -0.000000 -0.000000 0 0
0.000000 -0.000000 -0.000000 0 0
0.000000 -0.000000 -0.000000 0 0
0.000000 -0.000000 -0.000000 0 0
0.000000 -0.000000 -0.000000 0 0
0.000000 -0.000000 -0.000000 0 0
0.000000 -0.000000 -0.000000 0 0
0.000000 -0.000000 -0.000000 0 0
0.000000 -0.000000 -0.000000 0 0
0.000000 -0.000000 -0.000000 0 0
0.000000 -0.000000 -0.000000 0 0
0.000000 -0.000000 -0.000000 0 0
0.000000 -0.000000 -0.000000 0 0
0.000000 -0.000000 -0.000000 0 0
0.000000 -0.000000 -0.000000 0 0
0.000000 -0.000000 -0.000000 0 0
0.000000 -0.000000 -0.000000 0 0
0.000000 -0.000000 -0.000000 0 0
0.000000 -0.000000 -0.000000 0 0
0.000000 -0.000000 -0.000000 0 0
0.000000 -0.000000 -0.000000 0 0
0.000000 -0.000000 -0.000000 0 0
0.000000 -0.000000 -0.000000 0 0
0.000000 -0.000000 -0.000000 0 0
0.000000 -0.000000 -0.000000 0 0
0.000000 -0.000000 -0.000000 0 0
0.000000 -0.000000 -0.000000 0 0
0.000000 -0.000000 -0.000000 0 0
0.000000 -0.000000 -0.000000 0 0
0.000000 -0.000000 -0.000000 0 0
0.000000 -0.000000 -0.000000 0 0
0.000000 -0.000000 -0.000000 0 0
0.000000 -0.000000 -0.000000 0 0
0.000000 -0.000000 -0.000000 0 0
0.000000 -0.000000 -0.000000 0 0
0.000000 -0.000000 -0.000000 0 0
0.000000 -0.000000 -0.000000 0 0
0.000000 -0.000000 -0.000000 0 0
0.000000 -0.000000 -0.000000 0 0
0.000000 -0.000000 -0.000000 0 128
0.000000 -0.000000 -0.000000 0 0
0.000000 -0.000000 -0.000000 0 0
0.000000 -0.000000 -0.000000 0 0
0.000000 -0.000000 -0.000000 0 128
0.000000 -0.000000 -0.000000 0 128
0.000000 -0.000000 -0.000000 0 128
0.000000 -0.000000 -0.000000 0 128
0.000000 -0.000000 -0.000000 0 128
0.000000 -0.000000 -0.000000 0 128
0.000000 -0.000000 -0.000000 0 0
0.000000 -0.000000 -0.000000 0 128
0.000000 -0.000000 -0.000000 0 128
0.000000 -0.000000 -0.000000 0 128
0.000000 -0.000000 -0.000000 0 0
0.000000 -0.000000 -0.000000 0 0
0.000000 -0.000000 -0.000000 0 128
0.000000 -0.000000 -0.000000 0 0
0.000000 -0.000000 -0.000000 0 0
0.000000 -0.000000 -0.000000 0 0
0.000000 -0.000000 -0.000000 0 128
0.000000 -0.000000 -0.000000 0 0
0.000000 -0.000000 -0.000000 0 0
0.000000 -0.000000 -0.000000 0 0
0.000000 -0.000000 -0.000000 0 128
0.000000 -0.000000 -0.000000 0 0
0.000000 -0.000000 -0.000000 0 0
0.000000 -0.000000 -0.000000 0 0
0.000000 -0.000000 -0.000000 0 128
0.000000 -0.000000 -0.000000 0 128
0.000000 -0.000000 -0.000000 0 0
0.000000 -0.000000 -0.000000 0 0
0.000000 -0.000000 -0.000000 0 128
0.000000 -0.000000 -0.000000 0 128
0.000000 -0.000000 -0.000000 0 0
0.000000 -0.000000 -0.000000 0 0
0.000000 -0.000000 -0.000000 0 128
0.000000 -0.000000 -0.000000 0 128
0.000000 -0.000000 -0.000000 0 0
0.000000 -0.000000 -0.000000 0 128
0.000000 -0.000000 -0.000000 0 128
0.000000 -0.000000 -0.000000 0 128
0.000000 -0.000000 -0.000000 0 0
0.000000 -0.000000 -0.000000 0 128
0.000000 -0.000000 -0.000000 0 128
0.000000 -0.000000 -0.000000 0 128
0.000000 -0.000000 -0.000000 0 0
0.000000 -0.000000 -0.000000 0 0
0.000000 -0.000000 -0.000000 0 128
0.000000 -0.000000 -0.000000 0 0
0.000000 -0.000000 -0.000000 0 0
0.000000 -0.000000 -0.000000 0 0
0.000000 -0.000000 -0.000000 0 192
0.000000 -0.000000 -0.000000 0 0
0.000000 -0.000000 -0.000000 0 128
0.000000 -0.000000 -0.000000 0 128
0.000000 -0.000000 -0.000000 0 0
0.000000 -0.000000 -0.000000 0 128
0.000000 -0.000000 -0.000000 0 128
0.000000 -0.000000 -0.000000 0 0
0.731000 -1.224000 -0.288000 13 0
0.000000 -0.000000 -0.000000 0 0
0.765000 -1.196000 -0.360000 40 0
0.734000 -1.221000 -0.325000 13 0
0.700000 -1.239000 -0.289000 13 0
0.729000 -1.132000 -0.377000 9 0
0.735000 -1.208000 -0.359000 9 0
0.699000 -1.226000 -0.323000 12 0
0.664000 -1.244000 -0.288000 13 0
0.698000 -1.137000 -0.373000 12 0
0.670000 -1.161000 -0.341000 8 1
0.664000 -1.230000 -0.321000 12 0
0.629000 -1.252000 -0.287000 13 0
0.671000 -1.148000 -0.372000 9 0
0.633000 -1.156000 -0.335000 8 0
0.591000 -1.159000 -0.300000 4 0
0.596000 -1.260000 -0.287000 13 0
0.628000 -1.132000 -0.362000 10 0
0.603000 -1.161000 -0.333000 9 0
0.604000 -1.256000 -0.322000 10 0
0.564000 -1.269000 -0.287000 13 0
0.614000 -1.165000 -0.368000 12 0
0.574000 -1.169000 -0.332000 2 0
0.571000 -1.262000 -0.321000 12 0
0.874000 -2.103000 -0.474000 24 0
0.583000 -1.168000 -0.365000 11 0
0.576000 -1.246000 -0.351000 10 1
0.000000 -0.000000 -0.000000 0 0
0.815000 -2.103000 -0.472000 102 0
0.548000 -1.162000 -0.359000 9 0
0.555000 -1.275000 -0.356000 9 0
0.774000 -1.948000 -0.489000 2 0
0.762000 -2.117000 -0.473000 98 0
0.558000 -1.255000 -0.384000 13 0
0.716000 -1.755000 -0.485000 3 0
0.715000 -1.931000 -0.482000 6 0
0.707000 -2.123000 -0.473000 114 0
0.000000 -0.000000 -0.000000 0 0
0.000000 -0.000000 -0.000000 0 0
0.000000 -0.000000 -0.000000 0 0
0.000000 -0.000000 -0.000000 0 128
0.000000 -0.000000 -0.000000 0 128
0.000000 -0.000000 -0.000000 0 128
0.000000 -0.000000 -0.000000 0 128
0.000000 -0.000000 -0.000000 0 128
0.000000 -0.000000 -0.000000 0 128
0.000000 -0.000000 -0.000000 0 0
0.000000 -0.000000 -0.000000 0 128
0.000000 -0.000000 -0.000000 0 128
0.000000 -0.000000 -0.000000 0 128
0.000000 -0.000000 -0.000000 0 0
0.000000 -0.000000 -0.000000 0 0
0.000000 -0.000000 -0.000000 0 128
0.000000 -0.000000 -0.000000 0 0
0.000000 -0.000000 -0.000000 0 0
0.000000 -0.000000 -0.000000 0 0
0.000000 -0.000000 -0.000000 0 128
0.000000 -0.000000 -0.000000 0 0
0.000000 -0.000000 -0.000000 0 0
0.000000 -0.000000 -0.000000 0 0
0.000000 -0.000000 -0.000000 0 128
0.000000 -0.000000 -0.000000 0 0
0.000000 -0.000000 -0.000000 0 0
0.000000 -0.000000 -0.000000 0 0
0.000000 -0.000000 -0.000000 0 128
0.000000 -0.000000 -0.000000 0 128
0.000000 -0.000000 -0.000000 0 0
0.000000 -0.000000 -0.000000 0 0
0.000000 -0.000000 -0.000000 0 128
0.000000 -0.000000 -0.000000 0 128
0.000000 -0.000000 -0.000000 0 0
0.000000 -0.000000 -0.000000 0 0
0.000000 -0.000000 -0.000000 0 128
0.000000 -0.000000 -0.000000 0 128
0.000000 -0.000000 -0.000000 0 0
0.000000 -0.000000 -0.000000 0 128
0.000000 -0.000000 -0.000000 0 128
0.000000 -0.000000 -0.000000 0 128
0.000000 -0.000000 -0.000000 0 0
0.000000 -0.000000 -0.000000 0 128
0.000000 -0.000000 -0.000000 0 128
0.000000 -0.000000 -0.000000 0 128
0.000000 -0.000000 -0.000000 0 0
0.000000 -0.000000 -0.000000 0 0
0.000000 -0.000000 -0.000000 0 128
0.000000 -0.000000 -0.000000 0 0
0.000000 -0.000000 -0.000000 0 0
0.000000 -0.000000 -0.000000 0 0
0.000000 -0.000000 -0.000000 0 192
0.000000 -0.000000 -0.000000 0 0
0.000000 -0.000000 -0.000000 0 128
0.000000 -0.000000 -0.000000 0 128
0.000000 -0.000000 -0.000000 0 0
0.000000 -0.000000 -0.000000 0 128
0.000000 -0.000000 -0.000000 0 128
0.000000 -0.000000 -0.000000 0 0
0.731000 -1.224000 -0.288000 13 0
0.000000 -0.000000 -0.000000 0 0
0.765000 -1.196000 -0.360000 40 0
0.734000 -1.221000 -0.325000 13 0
0.700000 -1.239000 -0.289000 13 0
0.729000 -1.132000 -0.377000 9 0
0.735000 -1.208000 -0.359000 9 0
0.699000 -1.226000 -0.323000 12 0
0.664000 -1.244000 -0.288000 13 0
0.698000 -1.137000 -0.373000 12 0
0.670000 -1.161000 -0.341000 8 1
0.664000 -1.230000 -0.321000 12 0
0.629000 -1.252000 -0.287000 13 0
0.671000 -1.148000 -0.372000 9 0
0.633000 -1.156000 -0.335000 8 0
0.591000 -1.159000 -0.300000 4 0
0.596000 -1.260000 -0.287000 13 0
0.628000 -1.132000 -0.362000 10 0
0.603000 -1.161000 -0.333000 9 0
0.604000 -1.256000 -0.322000 10 0
0.564000 -1.269000 -0.287000 13 0
0.614000 -1.165000 -0.368000 12 0
0.574000 -1.169000 -0.332000 2 0
0.571000 -1.262000 -0.321000 12 0
0.874000 -2.103000 -0.474000 24 0
0.583000 -1.168000 -0.365000 11 0
0.576000 -1.246000 -0.351000 10 1
0.000000 -0.000000 -0.000000 0 0
0.815000 -2.103000 -0.472000 102 0
0.548000 -1.162000 -0.359000 9 0
0.555000 -1.275000 -0.356000 9 0
0.774000 -1.948000 -0.489000 2 0
0.762000 -2.117000 -0.473000 98 0
0.558000 -1.255000 -0.384000 13 0
0.716000 -1.755000 -0.485000 3 0
0.715000 -1.931000 -0.482000 6 0
0.707000 -2.123000 -0.473000 114 0
0.673000 -1.606000 -0.487000 4 0
0.674000 -1.765000 -0.484000 18 0
0.670000 -1.949000 -0.484000 18 0
0.669000 -2.182000 -0.485000 20 0
0.636000 -1.619000 -0.486000 21 0
0.624000 -1.752000 -0.478000 35 0
0.627000 -1.970000 -0.487000 22 0
0.622000 -2.216000 -0.492000 11 0
0.585000 -1.590000 -0.473000 62 0
0.571000 -1.726000 -0.467000 73 0
0.578000 -1.973000 -0.485000 16 0
0.568000 -2.228000 -0.494000 11 0
0.484000 -1.413000 -0.417000 151 0
0.556000 -1.817000 -0.489000 17 0
0.532000 -1.989000 -0.488000 14 0
0.512000 -2.230000 -0.494000 12 0
0.514000 -1.616000 -0.473000 14 0
0.513000 -1.826000 -0.489000 16 0
0.487000 -2.008000 -0.491000 13 0
0.459000 -2.243000 -0.497000 12 0
0.496000 -1.689000 -0.491000 28 0
0.473000 -1.843000 -0.491000 17 0
0.442000 -2.026000 -0.494000 13 0
0.406000 -2.256000 -0.501000 12 0
0.464000 -1.720000 -0.496000 30 0
0.433000 -1.862000 -0.494000 16 0
0.397000 -2.049000 -0.499000 10 0
0.350000 -2.255000 -0.501000 7 0
0.427000 -1.735000 -0.497000 33 0
0.391000 -1.877000 -0.496000 17 0
0.348000 -2.049000 -0.499000 15 0
0.000000 -0.000000 -0.000000 0 0
0.388000 -1.744000 -0.497000 34 0
0.350000 -1.891000 -0.498000 18 0
0.300000 -2.052000 -0.499000 6 0
0.000000 -0.000000 -0.000000 0 192
0.352000 -1.764000 -0.500000 33 0
0.307000 -1.901000 -0.499000 12 0
0.000000 -0.000000 -0.000000 0 0
0.000000 -0.000000 -0.000000 0 192
0.314000 -1.778000 -0.502000 36 0
0.262000 -1.895000 -0.496000 2 0
0.000000 -0.000000 -0.000000 0 192
0.000000 -0.000000 -0.000000 0 192
0.273000 -1.777000 -0.499000 16 0
0.000000 -0.000000 -0.000000 0 0
0.000000 -0.000000 -0.000000 0 192
0.000000 -0.000000 -0.000000 0 192
0.000000 -0.000000 -0.000000 0 0
0.000000 -0.000000 -0.000000 0 192
0.000000 -0.000000 -0.000000 0 192
0.000000 -0.000000 -0.000000 0 192
0.000000 -0.000000 -0.000000 0 192
0.000000 -0.000000 -0.000000 0 192
0.000000 -0.000000 -0.000000 0 192
0.000000 -0.000000 -0.000000 0 192
0.000000 -0.000000 -0.000000 0 192
0.000000 -0.000000 -0.000000 0 192
0.000000 -0.000000 -0.000000 0 192
0.000000 -0.000000 -0.000000 0 128
0.000000 -0.000000 -0.000000 0 192
0.000000 -0.000000 -0.000000 0 192
0.000000 -0.000000 -0.000000 0 192
-0.197000 -3.317000 -0.770000 14 0
0.000000 -0.000000 -0.000000 0 192
0.000000 -0.000000 -0.000000 0 192
0.000000 -0.000000 -0.000000 0 0
-0.159000 -1.908000 -0.446000 0 0
0.000000 -0.000000 -0.000000 0 192
0.000000 -0.000000 -0.000000 0 128
-0.122000 -1.900000 -0.473000 7 0
-0.301000 -2.812000 -0.663000 48 0
0.000000 -0.000000 -0.000000 0 192
0.000000 -0.000000 -0.000000 0 0
-0.259000 -2.959000 -0.741000 46 0
-0.349000 -2.662000 -0.634000 28 0
0.000000 -0.000000 -0.000000 0 128
-0.184000 -2.710000 -0.713000 6 0
-0.307000 -2.768000 -0.697000 49 0
-0.373000 -2.405000 -0.578000 10 0
-0.121000 -2.438000 -0.672000 1 0
-0.266000 -2.920000 -0.770000 44 0
-0.354000 -2.632000 -0.667000 11 0
-0.417000 -2.325000 -0.564000 61 0
-0.178000 -2.469000 -0.680000 3 0
-0.313000 -2.737000 -0.724000 46 0
-0.378000 -2.392000 -0.610000 23 0
-0.446000 -2.190000 -0.537000 44 0
-0.247000 -2.600000 -0.717000 4 0
-0.332000 -2.413000 -0.641000 5 0
-0.418000 -2.296000 -0.590000 47 0
-0.473000 -2.072000 -0.514000 52 0
-0.317000 -2.689000 -0.743000 41 0
-0.387000 -2.405000 -0.642000 40 0
-0.446000 -2.166000 -0.561000 51 0
-0.499000 -1.969000 -0.494000 53 0
0.673000 -1.606000 -0.487000 4 0
0.674000 -1.765000 -0.484000 18 0
0.670000 -1.949000 -0.484000 18 0
0.669000 -2.182000 -0.485000 20 0
0.636000 -1.619000 -0.486000 21 0
0.624000 -1.752000 -0.478000 35 0
0.627000 -1.970000 -0.487000 22 0
0.622000 -2.216000 -0.492000 11 0
0.585000 -1.590000 -0.473000 62 0
0.571000 -1.726000 -0.467000 73 0
0.578000 -1.973000 -0.485000 16 0
0.568000 -2.228000 -0.494000 11 0
0.484000 -1.413000 -0.417000 151 0
0.556000 -1.817000 -0.489000 17 0
0.532000 -1.989000 -0.488000 14 0
0.512000 -2.230000 -0.494000 12 0
0.514000 -1.616000 -0.473000 14 0
0.513000 -1.826000 -0.489000 16 0
0.487000 -2.008000 -0.491000 13 0
0.459000 -2.243000 -0.497000 12 0
0.496000 -1.689000 -0.491000 28 0
0.473000 -1.843000 -0.491000 17 0
0.442000 -2.026000 -0.494000 13 0
0.406000 -2.256000 -0.501000 12 0
0.464000 -1.720000 -0.496000 30 0
0.433000 -1.862000 -0.494000 16 0
0.397000 -2.049000 -0.499000 10 0
0.350000 -2.255000 -0.501000 7 0
0.427000 -1.735000 -0.497000 33 0
0.391000 -1.877000 -0.496000 17 0
0.348000 -2.049000 -0.499000 15 0
0.000000 -0.000000 -0.000000 0 0
0.388000 -1.744000 -0.497000 34 0
0.350000 -1.891000 -0.498000 18 0
0.300000 -2.052000 -0.499000 6 0
0.000000 -0.000000 -0.000000 0 192
0.352000 -1.764000 -0.500000 33 0
0.307000 -1.901000 -0.499000 12 0
0.000000 -0.000000 -0.000000 0 0
0.000000 -0.000000 -0.000000 0 192
0.314000 -1.778000 -0.502000 36 0
0.262000 -1.895000 -0.496000 2 0
0.000000 -0.000000 -0.000000 0 192
0.000000 -0.000000 -0.000000 0 192
0.273000 -1.777000 -0.499000 16 0
0.000000 -0.000000 -0.000000 0 0
0.000000 -0.000000 -0.000000 0 192
0.000000 -0.000000 -0.000000 0 192
0.000000 -0.000000 -0.000000 0 0
0.000000 -0.000000 -0.000000 0 192
0.000000 -0.000000 -0.000000 0 192
0.000000 -0.000000 -0.000000 0 192
0.000000 -0.000000 -0.000000 0 192
0.000000 -0.000000 -0.000000 0 192
0.000000 -0.000000 -0.000000 0 192
0.000000 -0.000000 -0.000000 0 192
0.000000 -0.000000 -0.000000 0 192
0.000000 -0.000000 -0.000000 0 192
0.000000 -0.000000 -0.000000 0 192
0.000000 -0.000000 -0.000000 0 128
0.000000 -0.000000 -0.000000 0 192
0.000000 -0.000000 -0.000000 0 192
0.000000 -0.000000 -0.000000 0 192
-0.197000 -3.317000 -0.770000 14 0
0.000000 -0.000000 -0.000000 0 192
0.000000 -0.000000 -0.000000 0 192
0.000000 -0.000000 -0.000000 0 0
-0.159000 -1.908000 -0.446000 0 0
0.000000 -0.000000 -0.000000 0 192
0.000000 -0.000000 -0.000000 0 128
-0.122000 -1.900000 -0.473000 7 0
-0.301000 -2.812000 -0.663000 48 0
0.000000 -0.000000 -0.000000 0 192
0.000000 -0.000000 -0.000000 0 0
-0.259000 -2.959000 -0.741000 46 0
-0.349000 -2.662000 -0.634000 28 0
0.000000 -0.000000 -0.000000 0 128
-0.184000 -2.710000 -0.713000 6 0
-0.307000 -2.768000 -0.697000 49 0
-0.373000 -2.405000 -0.578000 10 0
-0.121000 -2.438000 -0.672000 1 0
-0.266000 -2.920000 -0.770000 44 0
-0.354000 -2.632000 -0.667000 11 0
-0.417000 -2.325000 -0.564000 61 0
-0.178000 -2.469000 -0.680000 3 0
-0.313000 -2.737000 -0.724000 46 0
-0.378000 -2.392000 -0.610000 23 0
-0.446000 -2.190000 -0.537000 44 0
-0.247000 -2.600000 -0.717000 4 0
-0.332000 -2.413000 -0.641000 5 0
-0.418000 -2.296000 -0.590000 47 0
-0.473000 -2.072000 -0.514000 52 0
-0.317000 -2.689000 -0.743000 41 0
-0.387000 -2.405000 -0.642000 40 0
-0.446000 -2.166000 -0.561000 51 0
-0.499000 -1.969000 -0.494000 53 0
-0.288000 -2.046000 -0.566000 2 0
-0.420000 -2.274000 -0.610000 45 1
-0.473000 -2.053000 -0.537000 51 0
-0.522000 -1.875000 -0.477000 58 0
-0.392000 -2.388000 -0.662000 41 0
-0.447000 -2.148000 -0.580000 50 0
-0.498000 -1.956000 -0.516000 55 0
-0.511000 -1.682000 -0.433000 150 0
-0.422000 -2.250000 -0.626000 47 0
-0.475000 -2.046000 -0.555000 50 0
-0.520000 -1.860000 -0.496000 53 0
-0.452000 -1.373000 -0.358000 6 0
-0.451000 -2.135000 -0.596000 54 0
-0.499000 -1.945000 -0.532000 58 0
-0.473000 -1.554000 -0.418000 150 0
-0.474000 -1.334000 -0.353000 0 0
-0.478000 -2.032000 -0.569000 48 0
-0.521000 -1.852000 -0.510000 53 0
-0.452000 -1.370000 -0.373000 0 0
-0.495000 -1.297000 -0.349000 13 0
-0.500000 -1.929000 -0.543000 56 0
-0.471000 -1.539000 -0.427000 150 0
-0.473000 -1.329000 -0.366000 12 0
-0.507000 -1.240000 -0.339000 1 0
-0.523000 -1.843000 -0.521000 50 0
-0.452000 -1.363000 -0.381000 1 0
-0.491000 -1.286000 -0.358000 1 0
-0.520000 -1.192000 -0.331000 11 0
-0.447000 -1.448000 -0.412000 17 0
-0.474000 -1.325000 -0.374000 11 0
-0.504000 -1.233000 -0.348000 1 0
0.000000 -0.000000 -0.000000 0 0
-0.453000 -1.355000 -0.388000 0 0
-0.488000 -1.273000 -0.363000 1 0
-0.516000 -1.183000 -0.339000 1 0
-0.533000 -1.082000 -0.311000 1 0
-0.472000 -1.313000 -0.378000 10 0
-0.503000 -1.226000 -0.353000 1 0
-0.510000 -1.098000 -0.319000 0 0
-0.535000 -1.026000 -0.300000 1 0
-0.485000 -1.258000 -0.365000 1 0
-0.518000 -1.185000 -0.345000 1 0
-0.534000 -1.084000 -0.320000 1 0
-0.604000 -1.095000 -0.326000 1 0
-0.501000 -1.214000 -0.355000 15 0
-0.518000 -1.114000 -0.329000 1 0
-0.535000 -1.027000 -0.307000 1 1
-0.692000 -1.188000 -0.361000 13 0
-0.510000 -1.161000 -0.342000 1 0
-0.530000 -1.074000 -0.321000 1 0
-0.562000 -1.019000 -0.310000 1 0
-0.704000 -1.147000 -0.356000 13 0
-0.522000 -1.116000 -0.332000 1 0
-0.533000 -1.020000 -0.308000 1 0
-0.687000 -1.181000 -0.365000 13 2
-0.713000 -1.103000 -0.349000 12 0
-0.528000 -1.065000 -0.320000 1 0
-0.571000 -1.034000 -0.317000 2 0
-0.701000 -1.144000 -0.360000 12 0
-0.727000 -1.070000 -0.346000 16 64
-0.528000 -1.006000 -0.305000 1 0
-0.691000 -1.186000 -0.369000 12 0
-0.709000 -1.099000 -0.352000 15 0
-0.733000 -1.029000 -0.340000 16 64
-0.612000 -1.104000 -0.339000 3 0
-0.702000 -1.144000 -0.361000 12 0
-0.722000 -1.065000 -0.348000 15 0
-0.738000 -0.986000 -0.334000 15 64
-0.688000 -1.175000 -0.365000 13 0
-0.711000 -1.101000 -0.353000 15 0
-0.734000 -1.031000 -0.343000 15 0
-0.742000 -0.945000 -0.327000 15 64
-0.703000 -1.139000 -0.359000 13 0
-0.719000 -1.058000 -0.345000 15 0
-0.738000 -0.987000 -0.336000 15 0
-0.749000 -0.910000 -0.323000 15 64
-0.713000 -1.097000 -0.350000 12 0
-0.731000 -1.024000 -0.340000 15 0
-0.746000 -0.952000 -0.331000 15 0
-0.756000 -0.878000 -0.320000 15 64
-0.721000 -1.055000 -0.342000 16 0
-0.738000 -0.985000 -0.333000 15 0
-0.750000 -0.913000 -0.324000 14 0
-0.759000 -0.842000 -0.314000 14 64
-0.728000 -1.014000 -0.333000 16 64
-0.746000 -0.949000 -0.327000 14 0
-0.757000 -0.880000 -0.320000 14 0
-0.771000 -0.817000 -0.314000 15 64
-0.736000 -0.977000 -0.326000 16 0
-0.751000 -0.912000 -0.320000 14 0
-0.763000 -0.847000 -0.315000 17 0
-0.782000 -0.792000 -0.313000 15 64
-0.740000 -0.936000 -0.318000 16 0
-0.757000 -0.877000 -0.314000 14 0
-0.774000 -0.820000 -0.313000 14 64
-0.789000 -0.763000 -0.310000 15 64
-0.288000 -2.046000 -0.566000 2 0
-0.420000 -2.274000 -0.610000 45 1
-0.473000 -2.053000 -0.537000 51 0
-0.522000 -1.875000 -0.477000 58 0
-0.392000 -2.388000 -0.662000 41 0
-0.447000 -2.148000 -0.580000 50 0
-0.498000 -1.956000 -0.516000 55 0
-0.511000 -1.682000 -0.433000 150 0
-0.422000 -2.250000 -0.626000 47 0
-0.475000 -2.046000 -0.555000 50 0
-0.520000 -1.860000 -0.496000 53 0
-0.452000 -1.373000 -0.358000 6 0
-0.451000 -2.135000 -0.596000 54 0
-0.499000 -1.945000 -0.532000 58 0
-0.473000 -1.554000 -0.418000 150 0
-0.474000 -1.334000 -0.353000 0 0
-0.478000 -2.032000 -0.569000 48 0
-0.521000 -1.852000 -0.510000 53 0
-0.452000 -1.370000 -0.373000 0 0
-0.495000 -1.297000 -0.349000 13 0
-0.500000 -1.929000 -0.543000 56 0
-0.471000 -1.539000 -0.427000 150 0
-0.473000 -1.329000 -0.366000 12 0
-0.507000 -1.240000 -0.339000 1 0
-0.523000 -1.843000 -0.521000 50 0
-0.452000 -1.363000 -0.381000 1 0
-0.491000 -1.286000 -0.358000 1 0
-0.520000 -1.192000 -0.331000 11 0
-0.447000 -1.448000 -0.412000 17 0
-0.474000 -1.325000 -0.374000 11 0
-0.504000 -1.233000 -0.348000 1 0
0.000000 -0.000000 -0.000000 0 0
-0.453000 -1.355000 -0.388000 0 0
-0.488000 -1.273000 -0.363000 1 0
-0.516000 -1.183000 -0.339000 1 0
-0.533000 -1.082000 -0.311000 1 0
-0.472000 -1.313000 -0.378000 10 0
-0.503000 -1.226000 -0.353000 1 0
-0.510000 -1.098000 -0.319000 0 0
-0.535000 -1.026000 -0.300000 1 0
-0.485000 -1.258000 -0.365000 1 0
-0.518000 -1.185000 -0.345000 1 0
-0.534000 -1.084000 -0.320000 1 0
-0.604000 -1.095000 -0.326000 1 0
-0.501000 -1.214000 -0.355000 15 0
-0.518000 -1.114000 -0.329000 1 0
-0.535000 -1.027000 -0.307000 1 1
-0.692000 -1.188000 -0.361000 13 0
-0.510000 -1.161000 -0.342000 1 0
-0.530000 -1.074000 -0.321000 1 0
-0.562000 -1.019000 -0.310000 1 0
-0.704000 -1.147000 -0.356000 13 0
-0.522000 -1.116000 -0.332000 1 0
-0.533000 -1.020000 -0.308000 1 0
-0.687000 -1.181000 -0.365000 13 2
-0.713000 -1.103000 -0.349000 12 0
-0.528000 -1.065000 -0.320000 1 0
-0.571000 -1.034000 -0.317000 2 0
-0.701000 -1.144000 -0.360000 12 0
-0.727000 -1.070000 -0.346000 16 64
-0.528000 -1.006000 -0.305000 1 0
-0.691000 -1.186000 -0.369000 12 0
-0.709000 -1.099000 -0.352000 15 0
-0.733000 -1.029000 -0.340000 16 64
-0.612000 -1.104000 -0.339000 3 0
-0.702000 -1.144000 -0.361000 12 0
-0.722000 -1.065000 -0.348000 15 0
-0.738000 -0.986000 -0.334000 15 64
-0.688000 -1.175000 -0.365000 13 0
-0.711000 -1.101000 -0.353000 15 0
-0.734000 -1.031000 -0.343000 15 0
-0.742000 -0.945000 -0.327000 15 64
-0.703000 -1.139000 -0.359000 13 0
-0.719000 -1.058000 -0.345000 15 0
-0.738000 -0.987000 -0.336000 15 0
-0.749000 -0.910000 -0.323000 15 64
-0.713000 -1.097000 -0.350000 12 0
-0.731000 -1.024000 -0.340000 15 0
-0.746000 -0.952000 -0.331000 15 0
-0.756000 -0.878000 -0.320000 15 64
-0.721000 -1.055000 -0.342000 16 0
-0.738000 -0.985000 -0.333000 15 0
-0.750000 -0.913000 -0.324000 14 0
-0.759000 -0.842000 -0.314000 14 64
-0.728000 -1.014000 -0.333000 16 64
-0.746000 -0.949000 -0.327000 14 0
-0.757000 -0.880000 -0.320000 14 0
-0.771000 -0.817000 -0.314000 15 64
-0.736000 -0.977000 -0.326000 16 0
-0.751000 -0.912000 -0.320000 14 0
-0.763000 -0.847000 -0.315000 17 0
-0.782000 -0.792000 -0.313000 15 64
-0.740000 -0.936000 -0.318000 16 0
-0.757000 -0.877000 -0.314000 14 0
-0.774000 -0.820000 -0.313000 14 64
-0.789000 -0.763000 -0.310000 15 64
-0.749000 -0.903000 -0.312000 16 0
-0.768000 -0.849000 -0.311000 14 0
-0.779000 -0.789000 -0.309000 18 0
-0.796000 -0.735000 -0.308000 15 64
-0.758000 -0.872000 -0.307000 16 0
-0.773000 -0.815000 -0.306000 14 0
-0.790000 -0.763000 -0.307000 14 64
-0.807000 -0.713000 -0.308000 16 64
-0.766000 -0.840000 -0.302000 16 0
-0.781000 -0.786000 -0.302000 14 0
-0.795000 -0.734000 -0.303000 13 64
-0.814000 -0.686000 -0.306000 16 64
-0.780000 -0.816000 -0.300000 17 0
-0.792000 -0.762000 -0.300000 14 0
-0.803000 -0.708000 -0.301000 18 0
-0.820000 -0.660000 -0.305000 21 0
-0.783000 -0.782000 -0.293000 17 0
-0.798000 -0.733000 -0.296000 14 0
-0.811000 -0.683000 -0.300000 18 0
0.000000 -0.000000 -0.000000 0 0
-0.793000 -0.756000 -0.290000 18 0
-0.807000 -0.707000 -0.294000 14 0
-0.817000 -0.656000 -0.297000 17 0
0.000000 -0.000000 -0.000000 0 0
-0.801000 -0.728000 -0.286000 18 0
-0.817000 -0.683000 -0.292000 14 0
0.000000 -0.000000 -0.000000 0 0
0.000000 -0.000000 -0.000000 0 0
-0.807000 -0.699000 -0.282000 19 0
-0.815000 -0.649000 -0.286000 15 0
0.000000 -0.000000 -0.000000 0 0
0.000000 -0.000000 -0.000000 0 0
-0.818000 -0.676000 -0.280000 19 0
0.000000 -0.000000 -0.000000 0 0
0.000000 -0.000000 -0.000000 0 0
0.000000 -0.000000 -0.000000 0 0
-0.823000 -0.648000 -0.276000 9 0
0.000000 -0.000000 -0.000000 0 0
-0.490000 -0.325000 -0.169000 1 0
0.000000 -0.000000 -0.000000 0 0
-0.811000 -0.608000 -0.267000 8 0
-0.500000 -0.345000 -0.167000 0 0
-0.493000 -0.311000 -0.168000 1 0
0.000000 -0.000000 -0.000000 0 0
-0.798000 -0.569000 -0.258000 7 0
-0.504000 -0.330000 -0.166000 1 0
-0.496000 -0.297000 -0.167000 1 0
-0.528000 -0.287000 -0.181000 7 16
-0.820000 -0.556000 -0.261000 8 0
-0.511000 -0.318000 -0.166000 1 0
-0.494000 -0.281000 -0.165000 1 0
-0.872000 -0.449000 -0.298000 21 0
-0.829000 -0.534000 -0.260000 8 0
-0.513000 -0.303000 -0.165000 1 0
-0.538000 -0.290000 -0.178000 6 16
-0.875000 -0.426000 -0.297000 21 0
-0.832000 -0.508000 -0.257000 8 0
-0.522000 -0.292000 -0.166000 1 0
-0.843000 -0.430000 -0.277000 12 0
-0.876000 -0.403000 -0.296000 21 0
-0.850000 -0.492000 -0.258000 8 0
-0.543000 -0.287000 -0.171000 5 16
-0.871000 -0.419000 -0.284000 16 0
-0.884000 -0.383000 -0.298000 18 64
-0.664000 -0.363000 -0.199000 15 18
-0.877000 -0.438000 -0.273000 14 0
-0.877000 -0.398000 -0.284000 16 0
-0.679000 -0.276000 -0.227000 3 2
-0.864000 -0.447000 -0.256000 21 0
-0.878000 -0.413000 -0.271000 14 0
-0.836000 -0.357000 -0.269000 15 1
0.000000 -0.000000 -0.000000 0 0
-0.875000 -0.426000 -0.256000 21 0
-0.884000 -0.391000 -0.270000 16 0
0.000000 -0.000000 -0.000000 0 0
0.000000 -0.000000 -0.000000 0 0
-0.879000 -0.403000 -0.254000 21 0
-0.850000 -0.353000 -0.257000 10 1
0.000000 -0.000000 -0.000000 0 0
0.000000 -0.000000 -0.000000 0 128
-0.875000 -0.376000 -0.250000 17 64
0.000000 -0.000000 -0.000000 0 0
0.000000 -0.000000 -0.000000 0 0
-0.910000 -0.279000 -0.301000 7 64
0.000000 -0.000000 -0.000000 0 0
0.000000 -0.000000 -0.000000 0 0
0.000000 -0.000000 -0.000000 0 0
-0.900000 -0.254000 -0.298000 18 64
0.000000 -0.000000 -0.000000 0 0
0.000000 -0.000000 -0.000000 0 0
-0.828000 -0.247000 -0.260000 10 0
-0.919000 -0.238000 -0.303000 18 64
0.000000 -0.000000 -0.000000 0 0
-0.727000 -0.225000 -0.214000 1 0
-0.912000 -0.249000 -0.285000 15 0
-0.923000 -0.217000 -0.305000 18 64
-0.749000 -0.903000 -0.312000 16 0
-0.768000 -0.849000 -0.311000 14 0
-0.779000 -0.789000 -0.309000 18 0
-0.796000 -0.735000 -0.308000 15 64
-0.758000 -0.872000 -0.307000 16 0
-0.773000 -0.815000 -0.306000 14 0
-0.790000 -0.763000 -0.307000 14 64
-0.807000 -0.713000 -0.308000 16 64
-0.766000 -0.840000 -0.302000 16 0
-0.781000 -0.786000 -0.302000 14 0
-0.795000 -0.734000 -0.303000 13 64
-0.814000 -0.686000 -0.306000 16 64
-0.780000 -0.816000 -0.300000 17 0
-0.792000 -0.762000 -0.300000 14 0
-0.803000 -0.708000 -0.301000 18 0
-0.820000 -0.660000 -0.305000 21 0
-0.783000 -0.782000 -0.293000 17 0
-0.798000 -0.733000 -0.296000 14 0
-0.811000 -0.683000 -0.300000 18 0
0.000000 -0.000000 -0.000000 0 0
-0.793000 -0.756000 -0.290000 18 0
-0.807000 -0.707000 -0.294000 14 0
-0.817000 -0.656000 -0.297000 17 0
0.000000 -0.000000 -0.000000 0 0
-0.801000 -0.728000 -0.286000 18 0
-0.817000 -0.683000 -0.292000 14 0
0.000000 -0.000000 -0.000000 0 0
0.000000 -0.000000 -0.000000 0 0
-0.807000 -0.699000 -0.282000 19 0
-0.815000 -0.649000 -0.286000 15 0
0.000000 -0.000000 -0.000000 0 0
0.000000 -0.000000 -0.000000 0 0
-0.818000 -0.676000 -0.280000 19 0
0.000000 -0.000000 -0.000000 0 0
0.000000 -0.000000 -0.000000 0 0
0.000000 -0.000000 -0.000000 0 0
-0.823000 -0.648000 -0.276000 9 0
0.000000 -0.000000 -0.000000 0 0
-0.490000 -0.325000 -0.169000 1 0
0.000000 -0.000000 -0.000000 0 0
-0.811000 -0.608000 -0.267000 8 0
-0.500000 -0.345000 -0.167000 0 0
-0.493000 -0.311000 -0.168000 1 0
0.000000 -0.000000 -0.000000 0 0
-0.798000 -0.569000 -0.258000 7 0
-0.504000 -0.330000 -0.166000 1 0
-0.496000 -0.297000 -0.167000 1 0
-0.528000 -0.287000 -0.181000 7 16
-0.820000 -0.556000 -0.261000 8 0
-0.511000 -0.318000 -0.166000 1 0
-0.494000 -0.281000 -0.165000 1 0
-0.872000 -0.449000 -0.298000 21 0
-0.829000 -0.534000 -0.260000 8 0
-0.513000 -0.303000 -0.165000 1 0
-0.538000 -0.290000 -0.178000 6 16
-0.875000 -0.426000 -0.297000 21 0
-0.832000 -0.508000 -0.257000 8 0
-0.522000 -0.292000 -0.166000 1 0
-0.843000 -0.430000 -0.277000 12 0
-0.876000 -0.403000 -0.296000 21 0
-0.850000 -0.492000 -0.258000 8 0
-0.543000 -0.287000 -0.171000 5 16
-0.871000 -0.419000 -0.284000 16 0
-0.884000 -0.383000 -0.298000 18 64
-0.664000 -0.363000 -0.199000 15 18
-0.877000 -0.438000 -0.273000 14 0
-0.877000 -0.398000 -0.284000 16 0
-0.679000 -0.276000 -0.227000 3 2
-0.864000 -0.447000 -0.256000 21 0
-0.878000 -0.413000 -0.271000 14 0
-0.836000 -0.357000 -0.269000 15 1
0.000000 -0.000000 -0.000000 0 0
-0.875000 -0.426000 -0.256000 21 0
-0.884000 -0.391000 -0.270000 16 0
0.000000 -0.000000 -0.000000 0 0
0.000000 -0.000000 -0.000000 0 0
-0.879000 -0.403000 -0.254000 21 0
-0.850000 -0.353000 -0.257000 10 1
0.000000 -0.000000 -0.000000 0 0
0.000000 -0.000000 -0.000000 0 128
-0.875000 -0.376000 -0.250000 17 64
0.000000 -0.000000 -0.000000 0 0
0.000000 -0.000000 -0.000000 0 0
-0.910000 -0.279000 -0.301000 7 64
0.000000 -0.000000 -0.000000 0 0
0.000000 -0.000000 -0.000000 0 0
0.000000 -0.000000 -0.000000 0 0
-0.900000 -0.254000 -0.298000 18 64
0.000000 -0.000000 -0.000000 0 0
0.000000 -0.000000 -0.000000 0 0
-0.828000 -0.247000 -0.260000 10 0
-0.919000 -0.238000 -0.303000 18 64
0.000000 -0.000000 -0.000000 0 0
-0.727000 -0.225000 -0.214000 1 0
-0.912000 -0.249000 -0.285000 15 0
-0.923000 -0.217000 -0.305000 18 64
0.000000 -0.000000 -0.000000 0 0
-0.911000 -0.259000 -0.267000 14 0
-0.914000 -0.228000 -0.285000 15 0
-0.926000 -0.197000 -0.306000 21 0
0.000000 -0.000000 -0.000000 0 0
-0.904000 -0.234000 -0.264000 16 0
-0.927000 -0.209000 -0.289000 16 0
-0.931000 -0.177000 -0.307000 18 64
-0.918000 -0.246000 -0.249000 20 0
-0.918000 -0.215000 -0.267000 14 0
-0.925000 -0.186000 -0.287000 15 0
-0.940000 -0.157000 -0.310000 21 0
-0.923000 -0.224000 -0.249000 20 0
-0.923000 -0.194000 -0.268000 15 0
-0.929000 -0.165000 -0.288000 15 0
-0.943000 -0.136000 -0.312000 21 0
-0.926000 -0.201000 -0.249000 20 0
-0.929000 -0.173000 -0.268000 14 0
-0.939000 -0.145000 -0.291000 16 0
-0.946000 -0.115000 -0.313000 21 0
-0.930000 -0.179000 -0.249000 20 0
-0.935000 -0.151000 -0.269000 15 0
-0.942000 -0.124000 -0.292000 16 0
-0.947000 -0.094000 -0.314000 21 0
-0.935000 -0.157000 -0.249000 20 0
-0.949000 -0.131000 -0.273000 16 0
-0.945000 -0.102000 -0.293000 15 0
-0.954000 -0.074000 -0.317000 21 0
-0.943000 -0.135000 -0.251000 20 0
-0.944000 -0.108000 -0.271000 12 0
-0.950000 -0.081000 -0.295000 15 0
-0.955000 -0.053000 -0.318000 21 0
-0.946000 -0.112000 -0.251000 20 0
-0.959000 -0.087000 -0.276000 14 0
-0.955000 -0.060000 -0.297000 16 0
-0.964000 -0.033000 -0.322000 21 0
-0.954000 -0.090000 -0.252000 20 0
-0.960000 -0.064000 -0.276000 14 0
-0.964000 -0.039000 -0.300000 15 0
-0.976000 -0.012000 -0.327000 22 0
-0.958000 -0.067000 -0.253000 21 0
-0.964000 -0.042000 -0.277000 14 0
-0.964000 -0.017000 -0.301000 16 0
-0.985000 0.009000 -0.332000 22 0
-0.961000 -0.044000 -0.254000 17 64
-0.975000 -0.020000 -0.281000 14 0
-0.968000 0.004000 -0.303000 16 0
-0.988000 0.030000 -0.334000 22 0
-0.967000 -0.021000 -0.255000 17 64
-0.977000 0.002000 -0.282000 14 0
-0.967000 0.026000 -0.304000 16 0
-0.991000 0.052000 -0.337000 18 64
-0.972000 0.001000 -0.257000 17 64
-0.981000 0.025000 -0.284000 14 0
-0.971000 0.048000 -0.306000 16 0
-0.997000 0.074000 -0.341000 18 64
-0.974000 0.025000 -0.257000 17 64
-0.993000 0.049000 -0.288000 16 0
-0.978000 0.070000 -0.310000 16 0
-0.997000 0.096000 -0.342000 23 0
-0.980000 0.049000 -0.260000 16 64
-0.997000 0.072000 -0.290000 14 0
-0.997000 0.094000 -0.317000 17 0
-1.004000 0.119000 -0.347000 23 0
-0.985000 0.073000 -0.261000 16 64
-0.999000 0.096000 -0.292000 14 0
-1.002000 0.118000 -0.320000 17 0
-1.005000 0.141000 -0.349000 23 0
-1.001000 0.098000 -0.267000 18 64
-1.003000 0.120000 -0.294000 14 0
-1.004000 0.141000 -0.323000 17 0
-1.015000 0.165000 -0.355000 23 0
-1.009000 0.124000 -0.270000 18 64
-1.009000 0.145000 -0.298000 14 0
-1.010000 0.165000 -0.327000 18 0
-0.995000 0.184000 -0.351000 15 0
-1.010000 0.149000 -0.271000 18 64
-1.011000 0.169000 -0.300000 14 0
-1.005000 0.187000 -0.327000 6 0
-1.005000 0.208000 -0.357000 2 0
-1.017000 0.175000 -0.275000 19 64
-1.007000 0.193000 -0.300000 3 0
-1.004000 0.211000 -0.329000 2 0
-1.005000 0.231000 -0.360000 2 0
-0.995000 0.196000 -0.270000 1 64
-1.010000 0.218000 -0.304000 2 0
-1.007000 0.235000 -0.333000 2 0
-1.088000 0.275000 -0.393000 0 2
-1.010000 0.225000 -0.276000 2 64
-1.043000 0.251000 -0.316000 2 0
-1.095000 0.282000 -0.365000 1 2
-1.107000 0.306000 -0.403000 2 0
-1.089000 0.270000 -0.300000 3 64
-1.112000 0.295000 -0.339000 2 0
-1.110000 0.313000 -0.373000 2 0
-1.113000 0.334000 -0.409000 2 0
0.000000 -0.000000 -0.000000 0 0
-0.911000 -0.259000 -0.267000 14 0
-0.914000 -0.228000 -0.285000 15 0
-0.926000 -0.197000 -0.306000 21 0
0.000000 -0.000000 -0.000000 0 0
-0.904000 -0.234000 -0.264000 16 0
-0.927000 -0.209000 -0.289000 16 0
-0.931000 -0.177000 -0.307000 18 64
-0.918000 -0.246000 -0.249000 20 0
-0.918000 -0.215000 -0.267000 14 0
-0.925000 -0.186000 -0.287000 15 0
-0.940000 -0.157000 -0.310000 21 0
-0.923000 -0.224000 -0.249000 20 0
-0.923000 -0.194000 -0.268000 15 0
-0.929000 -0.165000 -0.288000 15 0
-0.943000 -0.136000 -0.312000 21 0
-0.926000 -0.201000 -0.249000 20 0
-0.929000 -0.173000 -0.268000 14 0
-0.939000 -0.145000 -0.291000 16 0
-0.946000 -0.115000 -0.313000 21 0
-0.930000 -0.179000 -0.249000 20 0
-0.935000 -0.151000 -0.269000 15 0
-0.942000 -0.124000 -0.292000 16 0
-0.947000 -0.094000 -0.314000 21 0
-0.935000 -0.157000 -0.249000 20 0
-0.949000 -0.131000 -0.273000 16 0
-0.945000 -0.102000 -0.293000 15 0
-0.954000 -0.074000 -0.317000 21 0
-0.943000 -0.135000 -0.251000 20 0
-0.944000 -0.108000 -0.271000 12 0
-0.950000 -0.081000 -0.295000 15 0
-0.955000 -0.053000 -0.318000 21 0
-0.946000 -0.112000 -0.251000 20 0
-0.959000 -0.087000 -0.276000 14 0
-0.955000 -0.060000 -0.297000 16 0
-0.964000 -0.033000 -0.322000 21 0
-0.954000 -0.090000 -0.252000 20 0
-0.960000 -0.064000 -0.276000 14 0
-0.964000 -0.039000 -0.300000 15 0
-0.976000 -0.012000 -0.327000 22 0
-0.958000 -0.067000 -0.253000 21 0
-0.964000 -0.042000 -0.277000 14 0
-0.964000 -0.017000 -0.301000 16 0
-0.985000 0.009000 -0.332000 22 0
-0.961000 -0.044000 -0.254000 17 64
-0.975000 -0.020000 -0.281000 14 0
-0.968000 0.004000 -0.303000 16 0
-0.988000 0.030000 -0.334000 22 0
-0.967000 -0.021000 -0.255000 17 64
-0.977000 0.002000 -0.282000 14 0
-0.967000 0.026000 -0.304000 16 0
-0.991000 0.052000 -0.337000 18 64
-0.972000 0.001000 -0.257000 17 64
-0.981000 0.025000 -0.284000 14 0
-0.971000 0.048000 -0.306000 16 0
-0.997000 0.074000 -0.341000 18 64
-0.974000 0.025000 -0.257000 17 64
-0.993000 0.049000 -0.288000 16 0
-0.978000 0.070000 -0.310000 16 0
-0.997000 0.096000 -0.342000 23 0
-0.980000 0.049000 -0.260000 16 64
-0.997000 0.072000 -0.290000 14 0
-0.997000 0.094000 -0.317000 17 0
-1.004000 0.119000 -0.347000 23 0
-0.985000 0.073000 -0.261000 16 64
-0.999000 0.096000 -0.292000 14 0
-1.002000 0.118000 -0.320000 17 0
-1.005000 0.141000 -0.349000 23 0
-1.001000 0.098000 -0.267000 18 64
-1.003000 0.120000 -0.294000 14 0
-1.004000 0.141000 -0.323000 17 0
-1.015000 0.165000 -0.355000 23 0
-1.009000 0.124000 -0.270000 18 64
-1.009000 0.145000 -0.298000 14 0
-1.010000 0.165000 -0.327000 18 0
-0.995000 0.184000 -0.351000 15 0
-1.010000 0.149000 -0.271000 18 64
-1.011000 0.169000 -0.300000 14 0
-1.005000 0.187000 -0.327000 6 0
-1.005000 0.208000 -0.357000 2 0
-1.017000 0.175000 -0.275000 19 64
-1.007000 0.193000 -0.300000 3 0
-1.004000 0.211000 -0.329000 2 0
-1.005000 0.231000 -0.360000 2 0
-0.995000 0.196000 -0.270000 1 64
-1.010000 0.218000 -0.304000 2 0
-1.007000 0.235000 -0.333000 2 0
-1.088000 0.275000 -0.393000 0 2
-1.010000 0.225000 -0.276000 2 64
-1.043000 0.251000 -0.316000 2 0
-1.095000 0.282000 -0.365000 1 2
-1.107000 0.306000 -0.403000 2 0
-1.089000 0.270000 -0.300000 3 64
-1.112000 0.295000 -0.339000 2 0
-1.110000 0.313000 -0.373000 2 0
-1.113000 0.334000 -0.409000 2 0
-1.110000 0.304000 -0.308000 2 64
-1.113000 0.323000 -0.343000 2 0
-1.114000 0.341000 -0.378000 2 0
-1.118000 0.362000 -0.415000 2 0
-1.116000 0.335000 -0.313000 2 64
-1.118000 0.353000 -0.348000 2 0
-1.127000 0.373000 -0.386000 2 0
-1.122000 0.390000 -0.421000 2 0
-1.116000 0.364000 -0.315000 1 64
-1.127000 0.385000 -0.354000 2 0
-1.121000 0.399000 -0.388000 2 0
-1.128000 0.420000 -0.427000 2 0
-1.127000 0.399000 -0.322000 2 64
-1.133000 0.417000 -0.359000 3 0
-1.135000 0.433000 -0.397000 2 0
-1.138000 0.451000 -0.435000 1 0
-1.133000 0.432000 -0.327000 1 0
-1.139000 0.450000 -0.365000 2 0
-1.143000 0.466000 -0.404000 1 0
-1.142000 0.482000 -0.442000 2 0
-1.138000 0.466000 -0.332000 1 0
-1.145000 0.483000 -0.372000 2 0
-1.149000 0.499000 -0.411000 2 0
-1.148000 0.514000 -0.450000 2 0
-1.149000 0.503000 -0.340000 2 0
-1.154000 0.519000 -0.379000 2 0
-1.157000 0.533000 -0.419000 2 0
-1.156000 0.548000 -0.459000 2 0
-1.160000 0.542000 -0.348000 1 0
-1.160000 0.555000 -0.386000 2 0
-1.160000 0.566000 -0.425000 2 0
-1.166000 0.583000 -0.468000 2 0
-1.174000 0.584000 -0.357000 2 0
-1.173000 0.596000 -0.396000 2 0
-1.174000 0.606000 -0.436000 1 0
-1.173000 0.619000 -0.478000 1 0
-1.178000 0.622000 -0.363000 2 0
-1.181000 0.634000 -0.404000 2 0
-1.178000 0.642000 -0.444000 1 0
-1.178000 0.654000 -0.486000 1 0
-1.184000 0.662000 -0.371000 1 0
-1.185000 0.673000 -0.412000 1 0
-1.188000 0.683000 -0.454000 1 0
-1.182000 0.691000 -0.495000 8 0
-1.193000 0.706000 -0.380000 1 0
-1.195000 0.716000 -0.422000 1 0
-1.199000 0.726000 -0.466000 1 0
-1.200000 0.736000 -0.510000 1 0
-1.202000 0.751000 -0.389000 10 0
-1.200000 0.758000 -0.431000 9 0
-1.201000 0.764000 -0.474000 1 0
-1.199000 0.772000 -0.518000 8 0
-1.220000 0.804000 -0.402000 1 0
-1.222000 0.812000 -0.447000 1 0
-1.213000 0.811000 -0.487000 9 0
-1.206000 0.813000 -0.529000 1 0
-1.226000 0.851000 -0.412000 8 0
-1.219000 0.852000 -0.454000 7 0
-1.231000 0.863000 -0.503000 1 0
-1.217000 0.859000 -0.543000 8 0
-1.242000 0.908000 -0.426000 1 0
-1.250000 0.918000 -0.475000 1 0
-1.225000 0.901000 -0.510000 8 0
-1.246000 0.921000 -0.565000 1 0
-1.243000 0.956000 -0.435000 8 0
-1.239000 0.955000 -0.480000 7 0
-1.250000 0.963000 -0.530000 1 0
-1.238000 0.957000 -0.572000 8 0
-1.216000 0.983000 -0.435000 11 0
-1.216000 0.983000 -0.481000 10 0
-1.219000 0.983000 -0.527000 10 0
-1.219000 0.984000 -0.574000 9 0
-1.178000 1.000000 -0.431000 8 0
-1.176000 0.997000 -0.475000 8 0
-1.182000 0.998000 -0.521000 10 0
-1.182000 0.997000 -0.567000 11 0
-1.219000 1.086000 -0.457000 5 0
-1.189000 1.056000 -0.491000 9 0
-1.197000 1.058000 -0.540000 1 0
-1.182000 1.042000 -0.578000 6 0
-1.220000 1.142000 -0.469000 50 0
-1.213000 1.130000 -0.513000 57 0
-1.212000 1.120000 -0.558000 59 0
-1.209000 1.113000 -0.604000 49 0
-1.239000 1.217000 -0.489000 44 0
-1.233000 1.203000 -0.535000 52 0
-1.232000 1.192000 -0.581000 54 0
-1.224000 1.177000 -0.625000 54 0
-1.257000 1.296000 -0.510000 41 0
-1.254000 1.281000 -0.558000 49 0
-1.246000 1.261000 -0.602000 48 0
-1.242000 1.246000 -0.648000 48 0
-1.276000 1.381000 -0.533000 45 0
-1.264000 1.354000 -0.578000 45 0
-1.261000 1.334000 -0.624000 52 0
-1.251000 1.311000 -0.669000 47 0
-1.110000 0.304000 -0.308000 2 64
-1.113000 0.323000 -0.343000 2 0
-1.114000 0.341000 -0.378000 2 0
-1.118000 0.362000 -0.415000 2 0
-1.116000 0.335000 -0.313000 2 64
-1.118000 0.353000 -0.348000 2 0
-1.127000 0.373000 -0.386000 2 0
-1.122000 0.390000 -0.421000 2 0
-1.116000 0.364000 -0.315000 1 64
-1.127000 0.385000 -0.354000 2 0
-1.121000 0.399000 -0.388000 2 0
-1.128000 0.420000 -0.427000 2 0
-1.127000 0.399000 -0.322000 2 64
-1.133000 0.417000 -0.359000 3 0
-1.135000 0.433000 -0.397000 2 0
-1.138000 0.451000 -0.435000 1 0
-1.133000 0.432000 -0.327000 1 0
-1.139000 0.450000 -0.365000 2 0
-1.143000 0.466000 -0.404000 1 0
-1.142000 0.482000 -0.442000 2 0
-1.138000 0.466000 -0.332000 1 0
-1.145000 0.483000 -0.372000 2 0
-1.149000 0.499000 -0.411000 2 0
-1.148000 0.514000 -0.450000 2 0
-1.149000 0.503000 -0.340000 2 0
-1.154000 0.519000 -0.379000 2 0
-1.157000 0.533000 -0.419000 2 0
-1.156000 0.548000 -0.459000 2 0
-1.160000 0.542000 -0.348000 1 0
-1.160000 0.555000 -0.386000 2 0
-1.160000 0.566000 -0.425000 2 0
-1.166000 0.583000 -0.468000 2 0
-1.174000 0.584000 -0.357000 2 0
-1.173000 0.596000 -0.396000 2 0
-1.174000 0.606000 -0.436000 1 0
-1.173000 0.619000 -0.478000 1 0
-1.178000 0.622000 -0.363000 2 0
-1.181000 0.634000 -0.404000 2 0
-1.178000 0.642000 -0.444000 1 0
-1.178000 0.654000 -0.486000 1 0
-1.184000 0.662000 -0.371000 1 0
-1.185000 0.673000 -0.412000 1 0
-1.188000 0.683000 -0.454000 1 0
-1.182000 0.691000 -0.495000 8 0
-1.193000 0.706000 -0.380000 1 0
-1.195000 0.716000 -0.422000 1 0
-1.199000 0.726000 -0.466000 1 0
-1.200000 0.736000 -0.510000 1 0
-1.202000 0.751000 -0.389000 10 0
-1.200000 0.758000 -0.431000 9 0
-1.201000 0.764000 -0.474000 1 0
-1.199000 0.772000 -0.518000 8 0
-1.220000 0.804000 -0.402000 1 0
-1.222000 0.812000 -0.447000 1 0
-1.213000 0.811000 -0.487000 9 0
-1.206000 0.813000 -0.529000 1 0
-1.226000 0.851000 -0.412000 8 0
-1.219000 0.852000 -0.454000 7 0
-1.231000 0.863000 -0.503000 1 0
-1.217000 0.859000 -0.543000 8 0
-1.242000 0.908000 -0.426000 1 0
-1.250000 0.918000 -0.475000 1 0
-1.225000 0.901000 -0.510000 8 0
-1.246000 0.921000 -0.565000 1 0
-1.243000 0.956000 -0.435000 8 0
-1.239000 0.955000 -0.480000 7 0
-1.250000 0.963000 -0.530000 1 0
-1.238000 0.957000 -0.572000 8 0
-1.216000 0.983000 -0.435000 11 0
-1.216000 0.983000 -0.481000 10 0
-1.219000 0.983000 -0.527000 10 0
-1.219000 0.984000 -0.574000 9 0
-1.178000 1.000000 -0.431000 8 0
-1.176000 0.997000 -0.475000 8 0
-1.182000 0.998000 -0.521000 10 0
-1.182000 0.997000 -0.567000 11 0
-1.219000 1.086000 -0.457000 5 0
-1.189000 1.056000 -0.491000 9 0
-1.197000 1.058000 -0.540000 1 0
-1.182000 1.042000 -0.578000 6 0
-1.220000 1.142000 -0.469000 50 0
-1.213000 1.130000 -0.513000 57 0
-1.212000 1.120000 -0.558000 59 0
-1.209000 1.113000 -0.604000 49 0
-1.239000 1.217000 -0.489000 44 0
-1.233000 1.203000 -0.535000 52 0
-1.232000 1.192000 -0.581000 54 0
-1.224000 1.177000 -0.625000 54 0
-1.257000 1.296000 -0.510000 41 0
-1.254000 1.281000 -0.558000 49 0
-1.246000 1.261000 -0.602000 48 0
-1.242000 1.246000 -0.648000 48 0
-1.276000 1.381000 -0.533000 45 0
-1.264000 1.354000 -0.578000 45 0
-1.261000 1.334000 -0.624000 52 0
-1.251000 1.311000 -0.669000 47 0
-1.295000 1.471000 -0.557000 44 0
-1.288000 1.445000 -0.605000 51 0
-1.281000 1.417000 -0.651000 48 0
-1.272000 1.392000 -0.696000 46 0
-1.317000 1.572000 -0.585000 44 0
-1.309000 1.540000 -0.633000 46 0
-1.299000 1.504000 -0.678000 44 0
-1.289000 1.473000 -0.724000 45 0
-1.921000 2.408000 -0.882000 82 0
-1.327000 1.637000 -0.662000 11 0
-1.325000 1.605000 -0.711000 39 0
-1.311000 1.565000 -0.755000 47 0
-1.842000 2.428000 -0.876000 79 0
-1.871000 2.421000 -0.963000 82 0
-1.902000 2.413000 -1.052000 76 0
-1.321000 1.648000 -0.782000 5 0
-1.768000 2.450000 -0.871000 81 0
-1.797000 2.441000 -0.957000 76 0
-1.830000 2.431000 -1.043000 82 0
-1.861000 2.427000 -1.133000 80 0
-1.688000 2.462000 -0.863000 74 0
-1.720000 2.454000 -0.948000 69 0
-1.756000 2.446000 -1.034000 74 0
-1.789000 2.440000 -1.122000 74 0
-1.615000 2.484000 -0.860000 77 0
-1.651000 2.475000 -0.944000 80 0
-1.688000 2.465000 -1.027000 75 0
-1.723000 2.459000 -1.114000 80 0
-1.541000 2.498000 -0.855000 74 0
-1.579000 2.491000 -0.938000 77 0
-1.619000 2.481000 -1.020000 78 0
-1.655000 2.475000 -1.105000 84 0
-1.468000 2.513000 -0.851000 75 0
-1.507000 2.505000 -0.932000 79 0
-1.549000 2.495000 -1.013000 76 0
-1.587000 2.488000 -1.096000 78 0
-1.399000 2.534000 -0.849000 78 0
-1.441000 2.527000 -0.930000 76 0
-1.482000 2.512000 -1.007000 74 0
-1.522000 2.504000 -1.089000 78 0
-1.328000 2.549000 -0.847000 76 0
-1.371000 2.538000 -0.924000 74 0
-1.417000 2.528000 -1.002000 74 0
-1.456000 2.516000 -1.080000 83 0
-1.258000 2.563000 -0.844000 79 0
-1.303000 2.553000 -0.921000 83 0
-1.349000 2.540000 -0.996000 74 0
-1.390000 2.527000 -1.072000 81 0
-1.192000 2.583000 -0.844000 76 0
-1.237000 2.570000 -0.918000 73 0
-1.283000 2.553000 -0.991000 82 0
-1.330000 2.548000 -1.069000 85 0
-1.123000 2.596000 -0.843000 82 0
-1.171000 2.583000 -0.916000 81 0
-1.222000 2.575000 -0.989000 85 0
-1.267000 2.561000 -1.063000 83 0
-1.055000 2.609000 -0.842000 75 0
-1.108000 2.602000 -0.915000 82 0
-1.156000 2.582000 -0.983000 81 0
-1.205000 2.575000 -1.057000 78 0
-0.989000 2.626000 -0.843000 80 0
-1.041000 2.613000 -0.913000 75 0
-1.094000 2.599000 -0.981000 76 0
-1.143000 2.587000 -1.052000 88 0
-1.118000 3.196000 -1.021000 95 0
-0.976000 2.625000 -0.911000 79 0
-1.034000 2.619000 -0.981000 78 0
-1.083000 2.603000 -1.048000 83 0
-1.248000 3.863000 -1.229000 12 0
-1.109000 3.208000 -1.107000 83 0
-0.972000 2.635000 -0.979000 78 0
-1.022000 2.616000 -1.044000 85 0
-1.148000 3.867000 -1.226000 12 0
-1.143000 3.572000 -1.226000 14 0
-1.102000 3.205000 -1.183000 55 0
-0.963000 2.633000 -1.042000 81 0
-1.040000 3.841000 -1.214000 14 0
-1.052000 3.571000 -1.220000 14 0
-1.062000 3.331000 -1.222000 13 0
-1.064000 3.117000 -1.224000 19 0
-0.944000 3.843000 -1.213000 11 0
-0.964000 3.577000 -1.217000 14 0
-0.984000 3.344000 -1.219000 13 0
-0.995000 3.136000 -1.223000 18 0
-0.848000 3.846000 -1.212000 11 0
-0.875000 3.571000 -1.211000 16 0
-0.907000 3.359000 -1.218000 13 0
-0.926000 3.156000 -1.221000 18 0
-0.748000 3.826000 -1.205000 11 0
-0.789000 3.574000 -1.208000 17 0
-0.829000 3.368000 -1.216000 17 0
-0.855000 3.168000 -1.218000 18 0
-0.652000 3.817000 -1.201000 15 0
-0.703000 3.579000 -1.208000 18 0
-0.749000 3.367000 -1.210000 17 0
-0.784000 3.180000 -1.215000 15 0
-1.295000 1.471000 -0.557000 44 0
-1.288000 1.445000 -0.605000 51 0
-1.281000 1.417000 -0.651000 48 0
-1.272000 1.392000 -0.696000 46 0
-1.317000 1.572000 -0.585000 44 0
-1.309000 1.540000 -0.633000 46 0
-1.299000 1.504000 -0.678000 44 0
-1.289000 1.473000 -0.724000 45 0
-1.921000 2.408000 -0.882000 82 0
-1.327000 1.637000 -0.662000 11 0
-1.325000 1.605000 -0.711000 39 0
-1.311000 1.565000 -0.755000 47 0
-1.842000 2.428000 -0.876000 79 0
-1.871000 2.421000 -0.963000 82 0
-1.902000 2.413000 -1.052000 76 0
-1.321000 1.648000 -0.782000 5 0
-1.768000 2.450000 -0.871000 81 0
-1.797000 2.441000 -0.957000 76 0
-1.830000 2.431000 -1.043000 82 0
-1.861000 2.427000 -1.133000 80 0
-1.688000 2.462000 -0.863000 74 0
-1.720000 2.454000 -0.948000 69 0
-1.756000 2.446000 -1.034000 74 0
-1.789000 2.440000 -1.122000 74 0
-1.615000 2.484000 -0.860000 77 0
-1.651000 2.475000 -0.944000 80 0
-1.688000 2.465000 -1.027000 75 0
-1.723000 2.459000 -1.114000 80 0
-1.541000 2.498000 -0.855000 74 0
-1.579000 2.491000 -0.938000 77 0
-1.619000 2.481000 -1.020000 78 0
-1.655000 2.475000 -1.105000 84 0
-1.468000 2.513000 -0.851000 75 0
-1.507000 2.505000 -0.932000 79 0
-1.549000 2.495000 -1.013000 76 0
-1.587000 2.488000 -1.096000 78 0
-1.399000 2.534000 -0.849000 78 0
-1.441000 2.527000 -0.930000 76 0
-1.482000 2.512000 -1.007000 74 0
-1.522000 2.504000 -1.089000 78 0
-1.328000 2.549000 -0.847000 76 0
-1.371000 2.538000 -0.924000 74 0
-1.417000 2.528000 -1.002000 74 0
-1.456000 2.516000 -1.080000 83 0
-1.258000 2.563000 -0.844000 79 0
-1.303000 2.553000 -0.921000 83 0
-1.349000 2.540000 -0.996000 74 0
-1.390000 2.527000 -1.072000 81 0
-1.192000 2.583000 -0.844000 76 0
-1.237000 2.570000 -0.918000 73 0
-1.283000 2.553000 -0.991000 82 0
-1.330000 2.548000 -1.069000 85 0
-1.123000 2.596000 -0.843000 82 0
-1.171000 2.583000 -0.916000 81 0
-1.222000 2.575000 -0.989000 85 0
-1.267000 2.561000 -1.063000 83 0
-1.055000 2.609000 -0.842000 75 0
-1.108000 2.602000 -0.915000 82 0
-1.156000 2.582000 -0.983000 81 0
-1.205000 2.575000 -1.057000 78 0
-0.989000 2.626000 -0.843000 80 0
-1.041000 2.613000 -0.913000 75 0
-1.094000 2.599000 -0.981000 76 0
-1.143000 2.587000 -1.052000 88 0
-1.118000 3.196000 -1.021000 95 0
-0.976000 2.625000 -0.911000 79 0
-1.034000 2.619000 -0.981000 78 0
-1.083000 2.603000 -1.048000 83 0
-1.248000 3.863000 -1.229000 12 0
-1.109000 3.208000 -1.107000 83 0
-0.972000 2.635000 -0.979000 78 0
-1.022000 2.616000 -1.044000 85 0
-1.148000 3.867000 -1.226000 12 0
-1.143000 3.572000 -1.226000 14 0
-1.102000 3.205000 -1.183000 55 0
-0.963000 2.633000 -1.042000 81 0
-1.040000 3.841000 -1.214000 14 0
-1.052000 3.571000 -1.220000 14 0
-1.062000 3.331000 -1.222000 13 0
-1.064000 3.117000 -1.224000 19 0
-0.944000 3.843000 -1.213000 11 0
-0.964000 3.577000 -1.217000 14 0
-0.984000 3.344000 -1.219000 13 0
-0.995000 3.136000 -1.223000 18 0
-0.848000 3.846000 -1.212000 11 0
-0.875000 3.571000 -1.211000 16 0
-0.907000 3.359000 -1.218000 13 0
-0.926000 3.156000 -1.221000 18 0
-0.748000 3.826000 -1.205000 11 0
-0.789000 3.574000 -1.208000 17 0
-0.829000 3.368000 -1.216000 17 0
-0.855000 3.168000 -1.218000 18 0
-0.652000 3.817000 -1.201000 15 0
-0.703000 3.579000 -1.208000 18 0
-0.749000 3.367000 -1.210000 17 0
-0.784000 3.180000 -1.215000 15 0
-0.560000 3.823000 -1.204000 17 0
-0.618000 3.578000 -1.205000 17 0
-0.672000 3.378000 -1.209000 18 0
-0.713000 3.189000 -1.212000 15 0
-0.464000 3.797000 -1.197000 16 0
-0.532000 3.569000 -1.201000 18 0
-0.594000 3.385000 -1.208000 18 0
-0.642000 3.203000 -1.211000 17 0
-0.372000 3.788000 -1.196000 11 0
-0.447000 3.562000 -1.197000 18 0
-0.516000 3.385000 -1.204000 18 0
-0.571000 3.210000 -1.207000 17 0
-0.265000 3.568000 -1.129000 7 1
-0.364000 3.563000 -1.197000 14 0
-0.439000 3.387000 -1.202000 18 0
-0.500000 3.218000 -1.205000 16 0
0.000000 -0.000000 -0.000000 0 0
-0.279000 3.542000 -1.191000 6 0
-0.362000 3.392000 -1.201000 15 0
-0.429000 3.228000 -1.205000 16 0
0.000000 -0.000000 -0.000000 0 192
0.000000 -0.000000 -0.000000 0 0
-0.283000 3.370000 -1.192000 10 0
-0.357000 3.227000 -1.200000 15 0
0.000000 -0.000000 -0.000000 0 192
0.000000 -0.000000 -0.000000 0 192
0.000000 -0.000000 -0.000000 0 0
-0.286000 3.241000 -1.201000 13 0
0.000000 -0.000000 -0.000000 0 192
0.000000 -0.000000 -0.000000 0 128
0.000000 -0.000000 -0.000000 0 192
0.000000 -0.000000 -0.000000 0 0
0.000000 -0.000000 -0.000000 0 192
0.000000 -0.000000 -0.000000 0 192
0.000000 -0.000000 -0.000000 0 128
0.000000 -0.000000 -0.000000 0 192
0.000000 -0.000000 -0.000000 0 192
0.000000 -0.000000 -0.000000 0 192
0.000000 -0.000000 -0.000000 0 192
0.000000 -0.000000 -0.000000 0 128
0.000000 -0.000000 -0.000000 0 192
0.000000 -0.000000 -0.000000 0 192
0.000000 -0.000000 -0.000000 0 128
0.000000 -0.000000 -0.000000 0 192
0.000000 -0.000000 -0.000000 0 192
0.000000 -0.000000 -0.000000 0 192
0.000000 -0.000000 -0.000000 0 192
0.000000 -0.000000 -0.000000 0 128
0.216000 1.561000 -0.517000 26 0
0.000000 -0.000000 -0.000000 0 192
0.000000 -0.000000 -0.000000 0 192
0.000000 -0.000000 -0.000000 0 192
0.253000 1.558000 -0.520000 12 0
0.198000 1.539000 -0.532000 22 0
0.000000 -0.000000 -0.000000 0 192
0.000000 -0.000000 -0.000000 0 128
0.291000 1.558000 -0.525000 52 0
0.236000 1.554000 -0.540000 12 0
0.185000 1.552000 -0.554000 20 0
0.000000 -0.000000 -0.000000 0 192
0.332000 1.576000 -0.536000 13 0
0.273000 1.554000 -0.543000 50 0
0.219000 1.542000 -0.553000 12 0
0.177000 1.595000 -0.587000 10 0
0.372000 1.583000 -0.543000 58 0
0.311000 1.559000 -0.549000 56 0
0.257000 1.555000 -0.560000 58 0
0.206000 1.544000 -0.569000 54 0
0.413000 1.587000 -0.550000 50 0
0.352000 1.577000 -0.559000 56 0
0.295000 1.567000 -0.566000 12 0
0.243000 1.555000 -0.574000 12 0
0.457000 1.604000 -0.562000 47 0
0.392000 1.582000 -0.566000 54 0
0.333000 1.570000 -0.570000 55 0
0.280000 1.560000 -0.577000 61 0
0.501000 1.614000 -0.572000 42 0
0.434000 1.598000 -0.576000 52 0
0.373000 1.583000 -0.578000 59 0
0.318000 1.572000 -0.584000 59 0
0.544000 1.619000 -0.581000 43 0
0.475000 1.603000 -0.583000 43 0
0.412000 1.588000 -0.584000 54 0
0.357000 1.583000 -0.590000 60 0
0.593000 1.637000 -0.594000 45 0
0.521000 1.620000 -0.595000 50 0
0.454000 1.599000 -0.592000 51 0
0.395000 1.584000 -0.592000 51 0
0.640000 1.648000 -0.607000 40 0
0.565000 1.627000 -0.603000 42 0
0.499000 1.615000 -0.602000 46 0
0.437000 1.600000 -0.601000 51 0
0.688000 1.656000 -0.618000 45 0
0.613000 1.644000 -0.616000 46 0
0.541000 1.620000 -0.609000 43 0
0.479000 1.609000 -0.607000 46 0
-0.560000 3.823000 -1.204000 17 0
-0.618000 3.578000 -1.205000 17 0
-0.672000 3.378000 -1.209000 18 0
-0.713000 3.189000 -1.212000 15 0
-0.464000 3.797000 -1.197000 16 0
-0.532000 3.569000 -1.201000 18 0
-0.594000 3.385000 -1.208000 18 0
-0.642000 3.203000 -1.211000 17 0
-0.372000 3.788000 -1.196000 11 0
-0.447000 3.562000 -1.197000 18 0
-0.516000 3.385000 -1.204000 18 0
-0.571000 3.210000 -1.207000 17 0
-0.265000 3.568000 -1.129000 7 1
-0.364000 3.563000 -1.197000 14 0
-0.439000 3.387000 -1.202000 18 0
-0.500000 3.218000 -1.205000 16 0
0.000000 -0.000000 -0.000000 0 0
-0.279000 3.542000 -1.191000 6 0
-0.362000 3.392000 -1.201000 15 0
-0.429000 3.228000 -1.205000 16 0
0.000000 -0.000000 -0.000000 0 192
0.000000 -0.000000 -0.000000 0 0
-0.283000 3.370000 -1.192000 10 0
-0.357000 3.227000 -1.200000 15 0
0.000000 -0.000000 -0.000000 0 192
0.000000 -0.000000 -0.000000 0 192
0.000000 -0.000000 -0.000000 0 0
-0.286000 3.241000 -1.201000 13 0
0.000000 -0.000000 -0.000000 0 192
0.000000 -0.000000 -0.000000 0 128
0.000000 -0.000000 -0.000000 0 192
0.000000 -0.000000 -0.000000 0 0
0.000000 -0.000000 -0.000000 0 192
0.000000 -0.000000 -0.000000 0 192
0.000000 -0.000000 -0.000000 0 128
0.000000 -0.000000 -0.000000 0 192
0.000000 -0.000000 -0.000000 0 192
0.000000 -0.000000 -0.000000 0 192
0.000000 -0.000000 -0.000000 0 192
0.000000 -0.000000 -0.000000 0 128
0.000000 -0.000000 -0.000000 0 192
0.000000 -0.000000 -0.000000 0 192
0.000000 -0.000000 -0.000000 0 128
0.000000 -0.000000 -0.000000 0 192
0.000000 -0.000000 -0.000000 0 192
0.000000 -0.000000 -0.000000 0 192
0.000000 -0.000000 -0.000000 0 192
0.000000 -0.000000 -0.000000 0 128
0.216000 1.561000 -0.517000 26 0
0.000000 -0.000000 -0.000000 0 192
0.000000 -0.000000 -0.000000 0 192
0.000000 -0.000000 -0.000000 0 192
0.253000 1.558000 -0.520000 12 0
0.198000 1.539000 -0.532000 22 0
0.000000 -0.000000 -0.000000 0 192
0.000000 -0.000000 -0.000000 0 128
0.291000 1.558000 -0.525000 52 0
0.236000 1.554000 -0.540000 12 0
0.185000 1.552000 -0.554000 20 0
0.000000 -0.000000 -0.000000 0 192
0.332000 1.576000 -0.536000 13 0
0.273000 1.554000 -0.543000 50 0
0.219000 1.542000 -0.553000 12 0
0.177000 1.595000 -0.587000 10 0
0.372000 1.583000 -0.543000 58 0
0.311000 1.559000 -0.549000 56 0
0.257000 1.555000 -0.560000 58 0
0.206000 1.544000 -0.569000 54 0
0.413000 1.587000 -0.550000 50 0
0.352000 1.577000 -0.559000 56 0
0.295000 1.567000 -0.566000 12 0
0.243000 1.555000 -0.574000 12 0
0.457000 1.604000 -0.562000 47 0
0.392000 1.582000 -0.566000 54 0
0.333000 1.570000 -0.570000 55 0
0.280000 1.560000 -0.577000 61 0
0.501000 1.614000 -0.572000 42 0
0.434000 1.598000 -0.576000 52 0
0.373000 1.583000 -0.578000 59 0
0.318000 1.572000 -0.584000 59 0
0.544000 1.619000 -0.581000 43 0
0.475000 1.603000 -0.583000 43 0
0.412000 1.588000 -0.584000 54 0
0.357000 1.583000 -0.590000 60 0
0.593000 1.637000 -0.594000 45 0
0.521000 1.620000 -0.595000 50 0
0.454000 1.599000 -0.592000 51 0
0.395000 1.584000 -0.592000 51 0
0.640000 1.648000 -0.607000 40 0
0.565000 1.627000 -0.603000 42 0
0.499000 1.615000 -0.602000 46 0
0.437000 1.600000 -0.601000 51 0
0.688000 1.656000 -0.618000 45 0
0.613000 1.644000 -0.616000 46 0
0.541000 1.620000 -0.609000 43 0
0.479000 1.609000 -0.607000 46 0
0.739000 1.669000 -0.632000 48 0
0.660000 1.653000 -0.627000 48 0
0.588000 1.636000 -0.620000 44 0
0.523000 1.622000 -0.616000 43 0
0.820000 1.743000 -0.670000 151 0
0.708000 1.663000 -0.638000 42 0
0.635000 1.649000 -0.630000 42 0
0.567000 1.633000 -0.623000 46 0
0.985000 1.974000 -0.771000 66 0
0.761000 1.679000 -0.652000 44 0
0.682000 1.658000 -0.639000 47 0
0.614000 1.647000 -0.633000 42 0
1.053000 1.994000 -0.791000 40 0
0.857000 1.782000 -0.701000 150 0
0.733000 1.674000 -0.652000 46 0
0.660000 1.655000 -0.641000 47 0
1.117000 2.002000 -0.808000 40 0
1.011000 1.986000 -0.792000 46 0
0.809000 1.739000 -0.685000 150 0
0.710000 1.669000 -0.651000 47 0
1.189000 2.021000 -0.830000 42 0
1.072000 1.992000 -0.806000 36 0
0.975000 1.976000 -0.787000 51 0
0.759000 1.679000 -0.661000 48 0
1.263000 2.038000 -0.852000 32 0
1.143000 2.013000 -0.827000 47 0
1.039000 1.990000 -0.802000 36 0
0.866000 1.807000 -0.717000 151 0
1.593000 2.444000 -1.041000 6 0
1.216000 2.031000 -0.847000 35 0
1.105000 2.006000 -0.819000 40 0
1.009000 1.988000 -0.797000 44 0
0.000000 -0.000000 -0.000000 0 0
1.295000 2.056000 -0.872000 38 0
1.176000 2.025000 -0.838000 43 0
1.069000 1.993000 -0.807000 42 0
0.000000 -0.000000 -0.000000 0 192
1.630000 2.462000 -1.062000 5 0
1.250000 2.043000 -0.857000 36 0
1.144000 2.020000 -0.827000 54 0
0.000000 -0.000000 -0.000000 0 128
0.000000 -0.000000 -0.000000 0 0
1.561000 2.427000 -1.033000 13 0
1.215000 2.036000 -0.844000 41 0
0.000000 -0.000000 -0.000000 0 128
0.000000 -0.000000 -0.000000 0 128
0.000000 -0.000000 -0.000000 0 0
1.288000 2.052000 -0.861000 33 0
0.000000 -0.000000 -0.000000 0 128
0.000000 -0.000000 -0.000000 0 128
0.000000 -0.000000 -0.000000 0 128
1.632000 2.471000 -1.051000 4 0
0.000000 -0.000000 -0.000000 0 128
0.000000 -0.000000 -0.000000 0 128
0.000000 -0.000000 -0.000000 0 128
0.000000 -0.000000 -0.000000 0 0
0.000000 -0.000000 -0.000000 0 128
0.000000 -0.000000 -0.000000 0 128
0.000000 -0.000000 -0.000000 0 128
0.000000 -0.000000 -0.000000 0 128
0.000000 -0.000000 -0.000000 0 128
0.000000 -0.000000 -0.000000 0 128
0.000000 -0.000000 -0.000000 0 128
0.000000 -0.000000 -0.000000 0 128
0.000000 -0.000000 -0.000000 0 128
0.000000 -0.000000 -0.000000 0 128
0.000000 -0.000000 -0.000000 0 128
0.000000 -0.000000 -0.000000 0 128
0.000000 -0.000000 -0.000000 0 128
0.000000 -0.000000 -0.000000 0 0
0.000000 -0.000000 -0.000000 0 128
0.000000 -0.000000 -0.000000 0 128
0.000000 -0.000000 -0.000000 0 128
0.000000 -0.000000 -0.000000 0 0
0.000000 -0.000000 -0.000000 0 0
0.000000 -0.000000 -0.000000 0 128
0.000000 -0.000000 -0.000000 0 128
0.000000 -0.000000 -0.000000 0 0
0.000000 -0.000000 -0.000000 0 0
0.000000 -0.000000 -0.000000 0 128
0.000000 -0.000000 -0.000000 0 128
0.000000 -0.000000 -0.000000 0 0
0.000000 -0.000000 -0.000000 0 0
0.000000 -0.000000 -0.000000 0 128
0.000000 -0.000000 -0.000000 0 128
0.000000 -0.000000 -0.000000 0 128
0.000000 -0.000000 -0.000000 0 0
0.000000 -0.000000 -0.000000 0 128
0.000000 -0.000000 -0.000000 0 128
0.000000 -0.000000 -0.000000 0 128
0.000000 -0.000000 -0.000000 0 128
0.000000 -0.000000 -0.000000 0 128
0.000000 -0.000000 -0.000000 0 128
0.000000 -0.000000 -0.000000 0 128
0.000000 -0.000000 -0.000000 0 128
0.000000 -0.000000 -0.000000 0 128
0.739000 1.669000 -0.632000 48 0
0.660000 1.653000 -0.627000 48 0
0.588000 1.636000 -0.620000 44 0
0.523000 1.622000 -0.616000 43 0
0.820000 1.743000 -0.670000 151 0
0.708000 1.663000 -0.638000 42 0
0.635000 1.649000 -0.630000 42 0
0.567000 1.633000 -0.623000 46 0
0.985000 1.974000 -0.771000 66 0
0.761000 1.679000 -0.652000 44 0
0.682000 1.658000 -0.639000 47 0
0.614000 1.647000 -0.633000 42 0
1.053000 1.994000 -0.791000 40 0
0.857000 1.782000 -0.701000 150 0
0.733000 1.674000 -0.652000 46 0
0.660000 1.655000 -0.641000 47 0
1.117000 2.002000 -0.808000 40 0
1.011000 1.986000 -0.792000 46 0
0.809000 1.739000 -0.685000 150 0
0.710000 1.669000 -0.651000 47 0
1.189000 2.021000 -0.830000 42 0
1.072000 1.992000 -0.806000 36 0
0.975000 1.976000 -0.787000 51 0
0.759000 1.679000 -0.661000 48 0
1.263000 2.038000 -0.852000 32 0
1.143000 2.013000 -0.827000 47 0
1.039000 1.990000 -0.802000 36 0
0.866000 1.807000 -0.717000 151 0
1.593000 2.444000 -1.041000 6 0
1.216000 2.031000 -0.847000 35 0
1.105000 2.006000 -0.819000 40 0
1.009000 1.988000 -0.797000 44 0
0.000000 -0.000000 -0.000000 0 0
1.295000 2.056000 -0.872000 38 0
1.176000 2.025000 -0.838000 43 0
1.069000 1.993000 -0.807000 42 0
0.000000 -0.000000 -0.000000 0 192
1.630000 2.462000 -1.062000 5 0
1.250000 2.043000 -0.857000 36 0
1.144000 2.020000 -0.827000 54 0
0.000000 -0.000000 -0.000000 0 128
0.000000 -0.000000 -0.000000 0 0
1.561000 2.427000 -1.033000 13 0
1.215000 2.036000 -0.844000 41 0
0.000000 -0.000000 -0.000000 0 128
0.000000 -0.000000 -0.000000 0 128
0.000000 -0.000000 -0.000000 0 0
1.288000 2.052000 -0.861000 33 0
0.000000 -0.000000 -0.000000 0 128
0.000000 -0.000000 -0.000000 0 128
0.000000 -0.000000 -0.000000 0 128
1.632000 2.471000 -1.051000 4 0
0.000000 -0.000000 -0.000000 0 128
0.000000 -0.000000 -0.000000 0 128
0.000000 -0.000000 -0.000000 0 128
0.000000 -0.000000 -0.000000 0 0
0.000000 -0.000000 -0.000000 0 128
0.000000 -0.000000 -0.000000 0 128
0.000000 -0.000000 -0.000000 0 128
0.000000 -0.000000 -0.000000 0 128
0.000000 -0.000000 -0.000000 0 128
0.000000 -0.000000 -0.000000 0 128
0.000000 -0.000000 -0.000000 0 128
0.000000 -0.000000 -0.000000 0 128
0.000000 -0.000000 -0.000000 0 128
0.000000 -0.000000 -0.000000 0 128
0.000000 -0.000000 -0.000000 0 128
0.000000 -0.000000 -0.000000 0 128
0.000000 -0.000000 -0.000000 0 128
0.000000 -0.000000 -0.000000 0 0
0.000000 -0.000000 -0.000000 0 128
0.000000 -0.000000 -0.000000 0 128
0.000000 -0.000000 -0.000000 0 128
0.000000 -0.000000 -0.000000 0 0
0.000000 -0.000000 -0.000000 0 0
0.000000 -0.000000 -0.000000 0 128
0.000000 -0.000000 -0.000000 0 128
0.000000 -0.000000 -0.000000 0 0
0.000000 -0.000000 -0.000000 0 0
0.000000 -0.000000 -0.000000 0 128
0.000000 -0.000000 -0.000000 0 128
0.000000 -0.000000 -0.000000 0 0
0.000000 -0.000000 -0.000000 0 0
0.000000 -0.000000 -0.000000 0 128
0.000000 -0.000000 -0.000000 0 128
0.000000 -0.000000 -0.000000 0 128
0.000000 -0.000000 -0.000000 0 0
0.000000 -0.000000 -0.000000 0 128
0.000000 -0.000000 -0.000000 0 128
0.000000 -0.000000 -0.000000 0 128
0.000000 -0.000000 -0.000000 0 128
0.000000 -0.000000 -0.000000 0 128
0.000000 -0.000000 -0.000000 0 128
0.000000 -0.000000 -0.000000 0 128
0.000000 -0.000000 -0.000000 0 128
0.000000 -0.000000 -0.000000 0 128
0.000000 -0.000000 -0.000000 0 128
0.000000 -0.000000 -0.000000 0 128
0.000000 -0.000000 -0.000000 0 128
0.000000 -0.000000 -0.000000 0 0
0.000000 -0.000000 -0.000000 0 0
0.000000 -0.000000 -0.000000 0 0
0.000000 -0.000000 -0.000000 0 128
0.000000 -0.000000 -0.000000 0 128
0.000000 -0.000000 -0.000000 0 0
0.000000 -0.000000 -0.000000 0 0
0.000000 -0.000000 -0.000000 0 0
0.000000 -0.000000 -0.000000 0 128
0.000000 -0.000000 -0.000000 0 0
0.000000 -0.000000 -0.000000 0 0
0.000000 -0.000000 -0.000000 0 0
0.000000 -0.000000 -0.000000 0 128
0.000000 -0.000000 -0.000000 0 0
0.000000 -0.000000 -0.000000 0 0
0.000000 -0.000000 -0.000000 0 0
0.000000 -0.000000 -0.000000 0 0
0.000000 -0.000000 -0.000000 0 128
0.000000 -0.000000 -0.000000 0 0
0.000000 -0.000000 -0.000000 0 0
0.000000 -0.000000 -0.000000 0 0
0.000000 -0.000000 -0.000000 0 128
0.000000 -0.000000 -0.000000 0 0
0.000000 -0.000000 -0.000000 0 0
0.000000 -0.000000 -0.000000 0 0
0.000000 -0.000000 -0.000000 0 0
0.000000 -0.000000 -0.000000 0 0
0.000000 -0.000000 -0.000000 0 0
0.000000 -0.000000 -0.000000 0 0
0.000000 -0.000000 -0.000000 0 0
0.000000 -0.000000 -0.000000 0 0
0.000000 -0.000000 -0.000000 0 0
0.000000 -0.000000 -0.000000 0 0
0.000000 -0.000000 -0.000000 0 0
0.000000 -0.000000 -0.000000 0 0
0.000000 -0.000000 -0.000000 0 0
0.000000 -0.000000 -0.000000 0 0
0.000000 -0.000000 -0.000000 0 0
0.000000 -0.000000 -0.000000 0 0
0.000000 -0.000000 -0.000000 0 0
0.000000 -0.000000 -0.000000 0 0
0.000000 -0.000000 -0.000000 0 0
0.000000 -0.000000 -0.000000 0 0
0.000000 -0.000000 -0.000000 0 0
0.000000 -0.000000 -0.000000 0 0
0.000000 -0.000000 -0.000000 0 0
0.000000 -0.000000 -0.000000 0 0
0.000000 -0.000000 -0.000000 0 0
0.000000 -0.000000 -0.000000 0 0
0.000000 -0.000000 -0.000000 0 0
0.000000 -0.000000 -0.000000 0 0
0.000000 -0.000000 -0.000000 0 0
0.000000 -0.000000 -0.000000 0 0
0.000000 -0.000000 -0.000000 0 0
0.000000 -0.000000 -0.000000 0 0
0.000000 -0.000000 -0.000000 0 0
0.000000 -0.000000 -0.000000 0 0
0.000000 -0.000000 -0.000000 0 0
0.000000 -0.000000 -0.000000 0 0
0.000000 -0.000000 -0.000000 0 0
0.000000 -0.000000 -0.000000 0 0
0.000000 -0.000000 -0.000000 0 0
0.000000 -0.000000 -0.000000 0 0
0.000000 -0.000000 -0.000000 0 0
0.000000 -0.000000 -0.000000 0 0
0.000000 -0.000000 -0.000000 0 0
0.000000 -0.000000 -0.000000 0 0
0.000000 -0.000000 -0.000000 0 0
0.000000 -0.000000 -0.000000 0 0
0.000000 -0.000000 -0.000000 0 0
0.000000 -0.000000 -0.000000 0 0
0.000000 -0.000000 -0.000000 0 0
0.000000 -0.000000 -0.000000 0 0
0.000000 -0.000000 -0.000000 0 0
0.000000 -0.000000 -0.000000 0 0
0.000000 -0.000000 -0.000000 0 0
0.000000 -0.000000 -0.000000 0 0
0.000000 -0.000000 -0.000000 0 0
0.000000 -0.000000 -0.000000 0 0
0.000000 -0.000000 -0.000000 0 0
0.000000 -0.000000 -0.000000 0 0
0.000000 -0.000000 -0.000000 0 0
0.000000 -0.000000 -0.000000 0 0
0.000000 -0.000000 -0.000000 0 0
0.000000 -0.000000 -0.000000 0 0
0.000000 -0.000000 -0.000000 0 0
0.000000 -0.000000 -0.000000 0 0
0.000000 -0.000000 -0.000000 0 0
0.000000 -0.000000 -0.000000 0 0
0.000000 -0.000000 -0.000000 0 0
0.000000 -0.000000 -0.000000 0 0
0.000000 -0.000000 -0.000000 0 0
0.000000 -0.000000 -0.000000 0 0
0.000000 -0.000000 -0.000000 0 128
0.000000 -0.000000 -0.000000 0 128
0.000000 -0.000000 -0.000000 0 128
0.000000 -0.000000 -0.000000 0 0
0.000000 -0.000000 -0.000000 0 0
0.000000 -0.000000 -0.000000 0 0
0.000000 -0.000000 -0.000000 0 128
0.000000 -0.000000 -0.000000 0 128
0.000000 -0.000000 -0.000000 0 0
0.000000 -0.000000 -0.000000 0 0
0.000000 -0.000000 -0.000000 0 0
0.000000 -0.000000 -0.000000 0 128
0.000000 -0.000000 -0.000000 0 0
0.000000 -0.000000 -0.000000 0 0
0.000000 -0.000000 -0.000000 0 0
0.000000 -0.000000 -0.000000 0 128
0.000000 -0.000000 -0.000000 0 0
0.000000 -0.000000 -0.000000 0 0
0.000000 -0.000000 -0.000000 0 0
0.000000 -0.000000 -0.000000 0 0
0.000000 -0.000000 -0.000000 0 128
0.000000 -0.000000 -0.000000 0 0
0.000000 -0.000000 -0.000000 0 0
0.000000 -0.000000 -0.000000 0 0
0.000000 -0.000000 -0.000000 0 128
0.000000 -0.000000 -0.000000 0 0
0.000000 -0.000000 -0.000000 0 0
0.000000 -0.000000 -0.000000 0 0
0.000000 -0.000000 -0.000000 0 0
0.000000 -0.000000 -0.000000 0 0
0.000000 -0.000000 -0.000000 0 0
0.000000 -0.000000 -0.000000 0 0
0.000000 -0.000000 -0.000000 0 0
0.000000 -0.000000 -0.000000 0 0
0.000000 -0.000000 -0.000000 0 0
0.000000 -0.000000 -0.000000 0 0
0.000000 -0.000000 -0.000000 0 0
0.000000 -0.000000 -0.000000 0 0
0.000000 -0.000000 -0.000000 0 0
0.000000 -0.000000 -0.000000 0 0
0.000000 -0.000000 -0.000000 0 0
0.000000 -0.000000 -0.000000 0 0
0.000000 -0.000000 -0.000000 0 0
0.000000 -0.000000 -0.000000 0 0
0.000000 -0.000000 -0.000000 0 0
0.000000 -0.000000 -0.000000 0 0
0.000000 -0.000000 -0.000000 0 0
0.000000 -0.000000 -0.000000 0 0
0.000000 -0.000000 -0.000000 0 0
0.000000 -0.000000 -0.000000 0 0
0.000000 -0.000000 -0.000000 0 0
0.000000 -0.000000 -0.000000 0 0
0.000000 -0.000000 -0.000000 0 0
0.000000 -0.000000 -0.000000 0 0
0.000000 -0.000000 -0.000000 0 0
0.000000 -0.000000 -0.000000 0 0
0.000000 -0.000000 -0.000000 0 0
0.000000 -0.000000 -0.000000 0 0
0.000000 -0.000000 -0.000000 0 0
0.000000 -0.000000 -0.000000 0 0
0.000000 -0.000000 -0.000000 0 0
0.000000 -0.000000 -0.000000 0 0
0.000000 -0.000000 -0.000000 0 0
0.000000 -0.000000 -0.000000 0 0
0.000000 -0.000000 -0.000000 0 0
0.000000 -0.000000 -0.000000 0 0
0.000000 -0.000000 -0.000000 0 0
0.000000 -0.000000 -0.000000 0 0
0.000000 -0.000000 -0.000000 0 0
0.000000 -0.000000 -0.000000 0 0
0.000000 -0.000000 -0.000000 0 0
0.000000 -0.000000 -0.000000 0 0
0.000000 -0.000000 -0.000000 0 0
0.000000 -0.000000 -0.000000 0 0
0.000000 -0.000000 -0.000000 0 0
0.000000 -0.000000 -0.000000 0 0
0.000000 -0.000000 -0.000000 0 0
0.000000 -0.000000 -0.000000 0 0
0.000000 -0.000000 -0.000000 0 0
0.000000 -0.000000 -0.000000 0 0
0.000000 -0.000000 -0.000000 0 0
0.000000 -0.000000 -0.000000 0 0
0.000000 -0.000000 -0.000000 0 0
0.000000 -0.000000 -0.000000 0 0
0.000000 -0.000000 -0.000000 0 0
0.000000 -0.000000 -0.000000 0 0
0.000000 -0.000000 -0.000000 0 0
0.000000 -0.000000 -0.000000 0 0
0.000000 -0.000000 -0.000000 0 0
0.000000 -0.000000 -0.000000 0 0
0.000000 -0.000000 -0.000000 0 0
0.000000 -0.000000 -0.000000 0 0
0.000000 -0.000000 -0.000000 0 0
0.000000 -0.000000 -0.000000 0 0
0.000000 -0.000000 -0.000000 0 0
0.000000 -0.000000 -0.000000 0 0
