# x y z reflectivity tag
0.000000 -0.000000 -0.000000 0 0
0.000000 -0.000000 -0.000000 0 0
0.000000 -0.000000 -0.000000 0 0
-0.268000 1.015000 -1.228000 15 0
0.000000 -0.000000 -0.000000 1 0
0.000000 -0.000000 -0.000000 0 0
0.000000 -0.000000 -0.000000 0 0
-0.247000 1.023000 -1.227000 6 0
0.000000 -0.000000 -0.000000 0 0
0.000000 -0.000000 -0.000000 0 0
0.000000 -0.000000 -0.000000 0 0
0.000000 -0.000000 -0.000000 0 0
0.000000 -0.000000 -0.000000 1 0
0.000000 -0.000000 -0.000000 0 0
0.000000 -0.000000 -0.000000 0 0
0.000000 -0.000000 -0.000000 0 0
0.000000 -0.000000 -0.000000 0 0
0.000000 -0.000000 -0.000000 0 0
0.000000 -0.000000 -0.000000 0 0
0.000000 -0.000000 -0.000000 0 0
0.000000 -0.000000 -0.000000 1 0
0.000000 -0.000000 -0.000000 0 0
0.000000 -0.000000 -0.000000 0 0
0.000000 -0.000000 -0.000000 1 0
0.000000 -0.000000 -0.000000 0 0
0.000000 -0.000000 -0.000000 0 0
0.000000 -0.000000 -0.000000 0 0
0.000000 -0.000000 -0.000000 0 0
0.000000 -0.000000 -0.000000 0 128
0.000000 -0.000000 -0.000000 0 0
0.000000 -0.000000 -0.000000 0 0
0.000000 -0.000000 -0.000000 1 0
0.000000 -0.000000 -0.000000 0 128
0.000000 -0.000000 -0.000000 0 0
0.000000 -0.000000 -0.000000 0 0
0.000000 -0.000000 -0.000000 0 0
0.000000 -0.000000 -0.000000 0 0
0.000000 -0.000000 -0.000000 0 0
0.000000 -0.000000 -0.000000 0 0
0.000000 -0.000000 -0.000000 1 0
0.000000 -0.000000 -0.000000 0 0
0.000000 -0.000000 -0.000000 0 0
0.000000 -0.000000 -0.000000 0 0
0.000000 -0.000000 -0.000000 0 0
0.000000 -0.000000 -0.000000 0 0
0.000000 -0.000000 -0.000000 0 0
0.000000 -0.000000 -0.000000 0 0
0.000000 -0.000000 -0.000000 0 0
0.000000 -0.000000 -0.000000 0 0
0.000000 -0.000000 -0.000000 0 0
0.000000 -0.000000 -0.000000 0 0
0.000000 -0.000000 -0.000000 0 0
0.000000 -0.000000 -0.000000 0 128
0.000000 -0.000000 -0.000000 0 0
0.000000 -0.000000 -0.000000 0 0
0.000000 -0.000000 -0.000000 0 0
0.000000 -0.000000 -0.000000 0 128
0.000000 -0.000000 -0.000000 0 128
0.000000 -0.000000 -0.000000 0 0
0.000000 -0.000000 -0.000000 0 0
0.000000 -0.000000 -0.000000 0 0
0.000000 -0.000000 -0.000000 0 128
0.000000 -0.000000 -0.000000 0 128
0.000000 -0.000000 -0.000000 0 0
0.000000 -0.000000 -0.000000 0 0
0.000000 -0.000000 -0.000000 0 0
0.000000 -0.000000 -0.000000 0 128
0.000000 -0.000000 -0.000000 0 0
0.000000 -0.000000 -0.000000 1 0
0.000000 -0.000000 -0.000000 0 0
0.000000 -0.000000 -0.000000 0 128
0.000000 -0.000000 -0.000000 0 128
0.000000 -0.000000 -0.000000 0 0
0.000000 -0.000000 -0.000000 0 16
0.000000 -0.000000 -0.000000 0 192
0.000000 -0.000000 -0.000000 0 128
0.000000 -0.000000 -0.000000 1 16
0.000000 -0.000000 -0.000000 0 0
0.000000 -0.000000 -0.000000 0 16
0.000000 -0.000000 -0.000000 0 0
0.000000 -0.000000 -0.000000 0 0
0.000000 -0.000000 -0.000000 0 0
0.000000 -0.000000 -0.000000 0 0
0.000000 -0.000000 -0.000000 0 0
0.000000 -0.000000 -0.000000 0 0
0.000000 -0.000000 -0.000000 0 0
0.000000 -0.000000 -0.000000 0 16
0.000000 -0.000000 -0.000000 0 0
0.000000 -0.000000 -0.000000 0 0
0.000000 -0.000000 -0.000000 0 16
0.000000 -0.000000 -0.000000 0 0
0.000000 -0.000000 -0.000000 0 0
0.000000 -0.000000 -0.000000 1 16
0.000000 -0.000000 -0.000000 0 0
0.000000 -0.000000 -0.000000 0 16
0.000000 -0.000000 -0.000000 0 0
0.000000 -0.000000 -0.000000 0 0
0.000000 -0.000000 -0.000000 0 0
0.000000 -0.000000 -0.000000 0 0
-0.268000 1.015000 -1.228000 15 0
0.000000 -0.000000 -0.000000 1 0
0.000000 -0.000000 -0.000000 0 0
0.000000 -0.000000 -0.000000 0 0
-0.247000 1.023000 -1.227000 6 0
0.000000 -0.000000 -0.000000 0 0
0.000000 -0.000000 -0.000000 0 0
0.000000 -0.000000 -0.000000 0 0
0.000000 -0.000000 -0.000000 0 0
0.000000 -0.000000 -0.000000 1 0
0.000000 -0.000000 -0.000000 0 0
0.000000 -0.000000 -0.000000 0 0
0.000000 -0.000000 -0.000000 0 0
0.000000 -0.000000 -0.000000 0 0
0.000000 -0.000000 -0.000000 0 0
0.000000 -0.000000 -0.000000 0 0
0.000000 -0.000000 -0.000000 0 0
0.000000 -0.000000 -0.000000 1 0
0.000000 -0.000000 -0.000000 0 0
0.000000 -0.000000 -0.000000 0 0
0.000000 -0.000000 -0.000000 1 0
0.000000 -0.000000 -0.000000 0 0
0.000000 -0.000000 -0.000000 0 0
0.000000 -0.000000 -0.000000 0 0
0.000000 -0.000000 -0.000000 0 0
0.000000 -0.000000 -0.000000 0 128
0.000000 -0.000000 -0.000000 0 0
0.000000 -0.000000 -0.000000 0 0
0.000000 -0.000000 -0.000000 1 0
0.000000 -0.000000 -0.000000 0 128
0.000000 -0.000000 -0.000000 0 0
0.000000 -0.000000 -0.000000 0 0
0.000000 -0.000000 -0.000000 0 0
0.000000 -0.000000 -0.000000 0 0
0.000000 -0.000000 -0.000000 0 0
0.000000 -0.000000 -0.000000 0 0
0.000000 -0.000000 -0.000000 1 0
0.000000 -0.000000 -0.000000 0 0
0.000000 -0.000000 -0.000000 0 0
0.000000 -0.000000 -0.000000 0 0
0.000000 -0.000000 -0.000000 0 0
0.000000 -0.000000 -0.000000 0 0
0.000000 -0.000000 -0.000000 0 0
0.000000 -0.000000 -0.000000 0 0
0.000000 -0.000000 -0.000000 0 0
0.000000 -0.000000 -0.000000 0 0
0.000000 -0.000000 -0.000000 0 0
0.000000 -0.000000 -0.000000 0 0
0.000000 -0.000000 -0.000000 0 0
0.000000 -0.000000 -0.000000 0 128
0.000000 -0.000000 -0.000000 0 0
0.000000 -0.000000 -0.000000 0 0
0.000000 -0.000000 -0.000000 0 0
0.000000 -0.000000 -0.000000 0 128
0.000000 -0.000000 -0.000000 0 128
0.000000 -0.000000 -0.000000 0 0
0.000000 -0.000000 -0.000000 0 0
0.000000 -0.000000 -0.000000 0 0
0.000000 -0.000000 -0.000000 0 128
0.000000 -0.000000 -0.000000 0 128
0.000000 -0.000000 -0.000000 0 0
0.000000 -0.000000 -0.000000 0 0
0.000000 -0.000000 -0.000000 0 0
0.000000 -0.000000 -0.000000 0 128
0.000000 -0.000000 -0.000000 0 0
0.000000 -0.000000 -0.000000 1 0
0.000000 -0.000000 -0.000000 0 0
0.000000 -0.000000 -0.000000 0 128
0.000000 -0.000000 -0.000000 0 128
0.000000 -0.000000 -0.000000 0 0
0.000000 -0.000000 -0.000000 0 16
0.000000 -0.000000 -0.000000 0 192
0.000000 -0.000000 -0.000000 0 128
0.000000 -0.000000 -0.000000 1 16
0.000000 -0.000000 -0.000000 0 0
0.000000 -0.000000 -0.000000 0 16
0.000000 -0.000000 -0.000000 0 0
0.000000 -0.000000 -0.000000 0 0
0.000000 -0.000000 -0.000000 0 0
0.000000 -0.000000 -0.000000 0 0
0.000000 -0.000000 -0.000000 0 0
0.000000 -0.000000 -0.000000 0 0
0.000000 -0.000000 -0.000000 0 0
0.000000 -0.000000 -0.000000 0 16
0.000000 -0.000000 -0.000000 0 0
0.000000 -0.000000 -0.000000 0 0
0.000000 -0.000000 -0.000000 0 16
0.000000 -0.000000 -0.000000 0 0
0.000000 -0.000000 -0.000000 0 0
0.000000 -0.000000 -0.000000 1 16
0.000000 -0.000000 -0.000000 0 0
0.000000 -0.000000 -0.000000 0 16
0.000000 -0.000000 -0.000000 0 0
0.000000 -0.000000 -0.000000 0 0
0.000000 -0.000000 -0.000000 1 16
0.000000 -0.000000 -0.000000 0 0
0.000000 -0.000000 -0.000000 0 0
0.000000 -0.000000 -0.000000 0 16
0.000000 -0.000000 -0.000000 0 0
0.000000 -0.000000 -0.000000 5 16
0.035000 0.116000 -0.130000 1 0
0.000000 -0.000000 -0.000000 0 0
0.000000 -0.000000 -0.000000 0 16
0.000000 -0.000000 -0.000000 0 0
0.000000 -0.000000 -0.000000 0 0
0.420000 0.922000 -1.205000 12 0
0.401000 0.959000 -1.191000 0 0
0.000000 -0.000000 -0.000000 1 16
0.038000 0.109000 -0.123000 1 0
0.000000 -0.000000 -0.000000 1 64
0.426000 0.960000 -1.204000 9 0
0.404000 0.989000 -1.175000 0 0
0.000000 -0.000000 -0.000000 0 0
0.455000 0.894000 -1.200000 13 0
0.000000 -0.000000 -0.000000 3 0
0.437000 1.004000 -1.203000 10 0
0.040000 0.101000 -0.115000 0 16
0.000000 -0.000000 -0.000000 1 64
0.466000 0.938000 -1.202000 10 0
0.000000 -0.000000 -0.000000 2 0
0.449000 1.047000 -1.200000 13 0
0.490000 0.870000 -1.200000 15 0
0.000000 -0.000000 -0.000000 2 0
0.483000 0.988000 -1.206000 12 0
0.475000 1.040000 -1.201000 15 0
0.000000 -0.000000 -0.000000 1 64
0.505000 0.916000 -1.202000 11 0
0.000000 -0.000000 -0.000000 2 0
0.499000 1.031000 -1.199000 14 0
0.523000 0.841000 -1.198000 14 0
0.000000 -0.000000 -0.000000 3 0
0.525000 0.964000 -1.200000 12 0
0.524000 1.022000 -1.198000 12 0
0.000000 -0.000000 -0.000000 1 64
0.544000 0.892000 -1.202000 12 0
0.000000 -0.000000 -0.000000 2 0
0.547000 1.011000 -1.195000 12 0
0.559000 0.819000 -1.206000 10 0
0.000000 -0.000000 -0.000000 3 0
0.568000 0.940000 -1.197000 12 0
0.573000 1.004000 -1.198000 13 0
0.000000 -0.000000 -0.000000 0 0
0.581000 0.866000 -1.201000 11 0
0.000000 -0.000000 -0.000000 2 0
0.596000 0.990000 -1.194000 12 0
0.000000 -0.000000 -0.000000 0 0
0.000000 -0.000000 -0.000000 1 0
0.610000 0.915000 -1.195000 13 0
0.620000 0.979000 -1.194000 13 0
0.000000 -0.000000 -0.000000 0 192
0.615000 0.836000 -1.196000 9 0
0.000000 -0.000000 -0.000000 2 0
0.642000 0.964000 -1.190000 12 0
0.000000 -0.000000 -0.000000 0 192
0.000000 -0.000000 -0.000000 0 0
0.653000 0.892000 -1.198000 11 0
0.666000 0.952000 -1.190000 14 0
0.000000 -0.000000 -0.000000 0 192
0.000000 -0.000000 -0.000000 0 0
0.000000 -0.000000 -0.000000 0 64
0.690000 0.941000 -1.192000 13 0
0.000000 -0.000000 -0.000000 0 192
0.000000 -0.000000 -0.000000 0 192
0.000000 -0.000000 -0.000000 0 0
0.713000 0.927000 -1.191000 15 0
0.000000 -0.000000 -0.000000 0 128
0.000000 -0.000000 -0.000000 0 192
0.000000 -0.000000 -0.000000 0 0
0.000000 -0.000000 -0.000000 0 0
0.000000 -0.000000 -0.000000 0 192
0.000000 -0.000000 -0.000000 0 192
0.000000 -0.000000 -0.000000 0 192
0.000000 -0.000000 -0.000000 0 0
0.000000 -0.000000 -0.000000 0 128
0.000000 -0.000000 -0.000000 0 192
0.000000 -0.000000 -0.000000 0 192
0.000000 -0.000000 -0.000000 0 0
0.000000 -0.000000 -0.000000 0 192
0.000000 -0.000000 -0.000000 0 128
0.000000 -0.000000 -0.000000 0 192
0.000000 -0.000000 -0.000000 0 192
0.000000 -0.000000 -0.000000 0 128
0.000000 -0.000000 -0.000000 0 128
0.000000 -0.000000 -0.000000 0 128
0.000000 -0.000000 -0.000000 0 128
0.000000 -0.000000 -0.000000 0 192
0.000000 -0.000000 -0.000000 0 128
0.000000 -0.000000 -0.000000 0 128
0.000000 -0.000000 -0.000000 0 128
0.000000 -0.000000 -0.000000 0 0
0.000000 -0.000000 -0.000000 1 16
0.000000 -0.000000 -0.000000 0 0
0.000000 -0.000000 -0.000000 0 0
0.000000 -0.000000 -0.000000 0 16
0.000000 -0.000000 -0.000000 0 0
0.000000 -0.000000 -0.000000 5 16
0.035000 0.116000 -0.130000 1 0
0.000000 -0.000000 -0.000000 0 0
0.000000 -0.000000 -0.000000 0 16
0.000000 -0.000000 -0.000000 0 0
0.000000 -0.000000 -0.000000 0 0
0.420000 0.922000 -1.205000 12 0
0.401000 0.959000 -1.191000 0 0
0.000000 -0.000000 -0.000000 1 16
0.038000 0.109000 -0.123000 1 0
0.000000 -0.000000 -0.000000 1 64
0.426000 0.960000 -1.204000 9 0
0.404000 0.989000 -1.175000 0 0
0.000000 -0.000000 -0.000000 0 0
0.455000 0.894000 -1.200000 13 0
0.000000 -0.000000 -0.000000 3 0
0.437000 1.004000 -1.203000 10 0
0.040000 0.101000 -0.115000 0 16
0.000000 -0.000000 -0.000000 1 64
0.466000 0.938000 -1.202000 10 0
0.000000 -0.000000 -0.000000 2 0
0.449000 1.047000 -1.200000 13 0
0.490000 0.870000 -1.200000 15 0
0.000000 -0.000000 -0.000000 2 0
0.483000 0.988000 -1.206000 12 0
0.475000 1.040000 -1.201000 15 0
0.000000 -0.000000 -0.000000 1 64
0.505000 0.916000 -1.202000 11 0
0.000000 -0.000000 -0.000000 2 0
0.499000 1.031000 -1.199000 14 0
0.523000 0.841000 -1.198000 14 0
0.000000 -0.000000 -0.000000 3 0
0.525000 0.964000 -1.200000 12 0
0.524000 1.022000 -1.198000 12 0
0.000000 -0.000000 -0.000000 1 64
0.544000 0.892000 -1.202000 12 0
0.000000 -0.000000 -0.000000 2 0
0.547000 1.011000 -1.195000 12 0
0.559000 0.819000 -1.206000 10 0
0.000000 -0.000000 -0.000000 3 0
0.568000 0.940000 -1.197000 12 0
0.573000 1.004000 -1.198000 13 0
0.000000 -0.000000 -0.000000 0 0
0.581000 0.866000 -1.201000 11 0
0.000000 -0.000000 -0.000000 2 0
0.596000 0.990000 -1.194000 12 0
0.000000 -0.000000 -0.000000 0 0
0.000000 -0.000000 -0.000000 1 0
0.610000 0.915000 -1.195000 13 0
0.620000 0.979000 -1.194000 13 0
0.000000 -0.000000 -0.000000 0 192
0.615000 0.836000 -1.196000 9 0
0.000000 -0.000000 -0.000000 2 0
0.642000 0.964000 -1.190000 12 0
0.000000 -0.000000 -0.000000 0 192
0.000000 -0.000000 -0.000000 0 0
0.653000 0.892000 -1.198000 11 0
0.666000 0.952000 -1.190000 14 0
0.000000 -0.000000 -0.000000 0 192
0.000000 -0.000000 -0.000000 0 0
0.000000 -0.000000 -0.000000 0 64
0.690000 0.941000 -1.192000 13 0
0.000000 -0.000000 -0.000000 0 192
0.000000 -0.000000 -0.000000 0 192
0.000000 -0.000000 -0.000000 0 0
0.713000 0.927000 -1.191000 15 0
0.000000 -0.000000 -0.000000 0 128
0.000000 -0.000000 -0.000000 0 192
0.000000 -0.000000 -0.000000 0 0
0.000000 -0.000000 -0.000000 0 0
0.000000 -0.000000 -0.000000 0 192
0.000000 -0.000000 -0.000000 0 192
0.000000 -0.000000 -0.000000 0 192
0.000000 -0.000000 -0.000000 0 0
0.000000 -0.000000 -0.000000 0 128
0.000000 -0.000000 -0.000000 0 192
0.000000 -0.000000 -0.000000 0 192
0.000000 -0.000000 -0.000000 0 0
0.000000 -0.000000 -0.000000 0 192
0.000000 -0.000000 -0.000000 0 128
0.000000 -0.000000 -0.000000 0 192
0.000000 -0.000000 -0.000000 0 192
0.000000 -0.000000 -0.000000 0 128
0.000000 -0.000000 -0.000000 0 128
0.000000 -0.000000 -0.000000 0 128
0.000000 -0.000000 -0.000000 0 128
0.000000 -0.000000 -0.000000 0 192
0.000000 -0.000000 -0.000000 0 128
0.000000 -0.000000 -0.000000 0 128
0.000000 -0.000000 -0.000000 0 128
0.000000 -0.000000 -0.000000 0 128
0.000000 -0.000000 -0.000000 0 128
0.000000 -0.000000 -0.000000 0 128
0.000000 -0.000000 -0.000000 0 128
0.000000 -0.000000 -0.000000 0 192
0.000000 -0.000000 -0.000000 0 128
0.000000 -0.000000 -0.000000 0 128
0.000000 -0.000000 -0.000000 0 128
0.000000 -0.000000 -0.000000 0 192
0.000000 -0.000000 -0.000000 0 192
0.000000 -0.000000 -0.000000 0 192
0.000000 -0.000000 -0.000000 0 128
0.000000 -0.000000 -0.000000 0 192
0.000000 -0.000000 -0.000000 0 192
0.000000 -0.000000 -0.000000 0 192
0.000000 -0.000000 -0.000000 0 192
0.000000 -0.000000 -0.000000 0 128
0.000000 -0.000000 -0.000000 0 192
0.000000 -0.000000 -0.000000 0 128
0.000000 -0.000000 -0.000000 0 128
0.000000 -0.000000 -0.000000 0 192
0.000000 -0.000000 -0.000000 0 128
0.000000 -0.000000 -0.000000 0 192
0.000000 -0.000000 -0.000000 0 128
0.000000 -0.000000 -0.000000 0 128
0.000000 -0.000000 -0.000000 0 128
0.000000 -0.000000 -0.000000 0 128
0.000000 -0.000000 -0.000000 0 128
0.000000 -0.000000 -0.000000 0 192
0.000000 -0.000000 -0.000000 0 128
0.000000 -0.000000 -0.000000 0 128
0.000000 -0.000000 -0.000000 0 128
0.000000 -0.000000 -0.000000 0 128
0.000000 -0.000000 -0.000000 0 128
0.000000 -0.000000 -0.000000 0 128
0.000000 -0.000000 -0.000000 0 128
0.000000 -0.000000 -0.000000 0 192
0.000000 -0.000000 -0.000000 0 128
0.000000 -0.000000 -0.000000 0 128
0.000000 -0.000000 -0.000000 0 128
0.000000 -0.000000 -0.000000 0 128
0.000000 -0.000000 -0.000000 0 128
0.000000 -0.000000 -0.000000 0 128
0.000000 -0.000000 -0.000000 0 128
0.000000 -0.000000 -0.000000 0 192
0.000000 -0.000000 -0.000000 0 128
0.000000 -0.000000 -0.000000 0 128
0.000000 -0.000000 -0.000000 0 128
0.000000 -0.000000 -0.000000 0 128
0.000000 -0.000000 -0.000000 0 128
0.000000 -0.000000 -0.000000 0 128
0.000000 -0.000000 -0.000000 0 128
0.000000 -0.000000 -0.000000 0 192
0.000000 -0.000000 -0.000000 0 128
0.000000 -0.000000 -0.000000 0 128
0.000000 -0.000000 -0.000000 0 128
0.000000 -0.000000 -0.000000 0 128
0.000000 -0.000000 -0.000000 0 128
0.000000 -0.000000 -0.000000 0 128
0.000000 -0.000000 -0.000000 0 128
0.000000 -0.000000 -0.000000 0 192
0.000000 -0.000000 -0.000000 0 128
0.000000 -0.000000 -0.000000 0 128
0.000000 -0.000000 -0.000000 0 128
0.000000 -0.000000 -0.000000 0 128
0.000000 -0.000000 -0.000000 0 128
0.000000 -0.000000 -0.000000 0 128
0.000000 -0.000000 -0.000000 0 128
0.000000 -0.000000 -0.000000 0 192
0.000000 -0.000000 -0.000000 0 128
0.000000 -0.000000 -0.000000 0 128
0.000000 -0.000000 -0.000000 0 192
0.000000 -0.000000 -0.000000 0 128
0.000000 -0.000000 -0.000000 0 128
0.000000 -0.000000 -0.000000 0 128
0.000000 -0.000000 -0.000000 0 128
0.000000 -0.000000 -0.000000 0 192
0.000000 -0.000000 -0.000000 0 128
0.000000 -0.000000 -0.000000 0 128
0.000000 -0.000000 -0.000000 0 192
0.000000 -0.000000 -0.000000 0 128
0.000000 -0.000000 -0.000000 0 128
0.000000 -0.000000 -0.000000 0 128
0.000000 -0.000000 -0.000000 0 128
0.000000 -0.000000 -0.000000 0 192
0.000000 -0.000000 -0.000000 0 128
0.000000 -0.000000 -0.000000 0 192
0.000000 -0.000000 -0.000000 0 128
0.000000 -0.000000 -0.000000 0 128
0.000000 -0.000000 -0.000000 0 128
0.000000 -0.000000 -0.000000 0 128
0.000000 -0.000000 -0.000000 0 128
0.000000 -0.000000 -0.000000 0 192
0.000000 -0.000000 -0.000000 0 128
0.000000 -0.000000 -0.000000 0 192
0.000000 -0.000000 -0.000000 0 128
0.000000 -0.000000 -0.000000 0 128
0.000000 -0.000000 -0.000000 0 128
0.000000 -0.000000 -0.000000 0 128
0.000000 -0.000000 -0.000000 0 128
0.000000 -0.000000 -0.000000 0 192
0.000000 -0.000000 -0.000000 0 128
0.000000 -0.000000 -0.000000 0 128
0.000000 -0.000000 -0.000000 0 128
0.000000 -0.000000 -0.000000 0 192
0.000000 -0.000000 -0.000000 0 192
0.000000 -0.000000 -0.000000 0 192
0.000000 -0.000000 -0.000000 0 128
0.000000 -0.000000 -0.000000 0 192
0.000000 -0.000000 -0.000000 0 192
0.000000 -0.000000 -0.000000 0 192
0.000000 -0.000000 -0.000000 0 192
0.000000 -0.000000 -0.000000 0 128
0.000000 -0.000000 -0.000000 0 192
0.000000 -0.000000 -0.000000 0 128
0.000000 -0.000000 -0.000000 0 128
0.000000 -0.000000 -0.000000 0 192
0.000000 -0.000000 -0.000000 0 128
0.000000 -0.000000 -0.000000 0 192
0.000000 -0.000000 -0.000000 0 128
0.000000 -0.000000 -0.000000 0 128
0.000000 -0.000000 -0.000000 0 128
0.000000 -0.000000 -0.000000 0 128
0.000000 -0.000000 -0.000000 0 128
0.000000 -0.000000 -0.000000 0 192
0.000000 -0.000000 -0.000000 0 128
0.000000 -0.000000 -0.000000 0 128
0.000000 -0.000000 -0.000000 0 128
0.000000 -0.000000 -0.000000 0 128
0.000000 -0.000000 -0.000000 0 128
0.000000 -0.000000 -0.000000 0 128
0.000000 -0.000000 -0.000000 0 128
0.000000 -0.000000 -0.000000 0 192
0.000000 -0.000000 -0.000000 0 128
0.000000 -0.000000 -0.000000 0 128
0.000000 -0.000000 -0.000000 0 128
0.000000 -0.000000 -0.000000 0 128
0.000000 -0.000000 -0.000000 0 128
0.000000 -0.000000 -0.000000 0 128
0.000000 -0.000000 -0.000000 0 128
0.000000 -0.000000 -0.000000 0 192
0.000000 -0.000000 -0.000000 0 128
0.000000 -0.000000 -0.000000 0 128
0.000000 -0.000000 -0.000000 0 128
0.000000 -0.000000 -0.000000 0 128
0.000000 -0.000000 -0.000000 0 128
0.000000 -0.000000 -0.000000 0 128
0.000000 -0.000000 -0.000000 0 128
0.000000 -0.000000 -0.000000 0 192
0.000000 -0.000000 -0.000000 0 128
0.000000 -0.000000 -0.000000 0 128
0.000000 -0.000000 -0.000000 0 128
0.000000 -0.000000 -0.000000 0 128
0.000000 -0.000000 -0.000000 0 128
0.000000 -0.000000 -0.000000 0 128
0.000000 -0.000000 -0.000000 0 128
0.000000 -0.000000 -0.000000 0 192
0.000000 -0.000000 -0.000000 0 128
0.000000 -0.000000 -0.000000 0 128
0.000000 -0.000000 -0.000000 0 128
0.000000 -0.000000 -0.000000 0 128
0.000000 -0.000000 -0.000000 0 128
0.000000 -0.000000 -0.000000 0 128
0.000000 -0.000000 -0.000000 0 128
0.000000 -0.000000 -0.000000 0 192
0.000000 -0.000000 -0.000000 0 128
0.000000 -0.000000 -0.000000 0 128
0.000000 -0.000000 -0.000000 0 192
0.000000 -0.000000 -0.000000 0 128
0.000000 -0.000000 -0.000000 0 128
0.000000 -0.000000 -0.000000 0 128
0.000000 -0.000000 -0.000000 0 128
0.000000 -0.000000 -0.000000 0 192
0.000000 -0.000000 -0.000000 0 128
0.000000 -0.000000 -0.000000 0 128
0.000000 -0.000000 -0.000000 0 192
0.000000 -0.000000 -0.000000 0 128
0.000000 -0.000000 -0.000000 0 128
0.000000 -0.000000 -0.000000 0 128
0.000000 -0.000000 -0.000000 0 128
0.000000 -0.000000 -0.000000 0 192
0.000000 -0.000000 -0.000000 0 128
0.000000 -0.000000 -0.000000 0 192
0.000000 -0.000000 -0.000000 0 128
0.000000 -0.000000 -0.000000 0 128
0.000000 -0.000000 -0.000000 0 128
0.000000 -0.000000 -0.000000 0 128
0.000000 -0.000000 -0.000000 0 128
0.000000 -0.000000 -0.000000 0 192
0.000000 -0.000000 -0.000000 0 128
0.000000 -0.000000 -0.000000 0 192
0.000000 -0.000000 -0.000000 0 128
0.000000 -0.000000 -0.000000 0 128
0.000000 -0.000000 -0.000000 0 128
0.000000 -0.000000 -0.000000 0 192
0.000000 -0.000000 -0.000000 0 128
0.000000 -0.000000 -0.000000 0 192
0.000000 -0.000000 -0.000000 0 128
0.000000 -0.000000 -0.000000 0 192
0.000000 -0.000000 -0.000000 0 128
0.000000 -0.000000 -0.000000 0 128
0.000000 -0.000000 -0.000000 0 128
0.000000 -0.000000 -0.000000 0 192
0.000000 -0.000000 -0.000000 0 128
0.000000 -0.000000 -0.000000 0 192
0.000000 -0.000000 -0.000000 0 128
0.000000 -0.000000 -0.000000 0 192
0.000000 -0.000000 -0.000000 0 128
0.000000 -0.000000 -0.000000 0 128
0.000000 -0.000000 -0.000000 0 128
0.000000 -0.000000 -0.000000 0 128
0.000000 -0.000000 -0.000000 0 128
0.000000 -0.000000 -0.000000 0 192
0.000000 -0.000000 -0.000000 0 128
0.000000 -0.000000 -0.000000 0 192
0.000000 -0.000000 -0.000000 0 128
0.000000 -0.000000 -0.000000 0 128
0.000000 -0.000000 -0.000000 0 128
0.000000 -0.000000 -0.000000 0 128
0.000000 -0.000000 -0.000000 0 128
0.000000 -0.000000 -0.000000 0 192
0.000000 -0.000000 -0.000000 0 128
0.000000 -0.000000 -0.000000 0 128
0.000000 -0.000000 -0.000000 0 128
0.000000 -0.000000 -0.000000 0 128
0.000000 -0.000000 -0.000000 0 128
0.000000 -0.000000 -0.000000 0 128
0.000000 -0.000000 -0.000000 0 128
0.000000 -0.000000 -0.000000 0 192
0.000000 -0.000000 -0.000000 0 128
0.000000 -0.000000 -0.000000 0 128
0.000000 -0.000000 -0.000000 0 128
0.000000 -0.000000 -0.000000 0 128
0.000000 -0.000000 -0.000000 0 128
0.000000 -0.000000 -0.000000 0 128
0.000000 -0.000000 -0.000000 0 128
0.000000 -0.000000 -0.000000 0 192
0.000000 -0.000000 -0.000000 0 128
0.000000 -0.000000 -0.000000 0 192
0.000000 -0.000000 -0.000000 0 128
0.000000 -0.000000 -0.000000 0 128
0.000000 -0.000000 -0.000000 0 128
0.000000 -0.000000 -0.000000 0 128
0.000000 -0.000000 -0.000000 0 128
0.000000 -0.000000 -0.000000 0 192
0.000000 -0.000000 -0.000000 0 128
0.000000 -0.000000 -0.000000 0 192
0.000000 -0.000000 -0.000000 0 128
0.000000 -0.000000 -0.000000 0 128
0.000000 -0.000000 -0.000000 0 128
0.000000 -0.000000 -0.000000 0 128
0.000000 -0.000000 -0.000000 0 128
0.000000 -0.000000 -0.000000 0 192
0.000000 -0.000000 -0.000000 0 128
0.000000 -0.000000 -0.000000 0 192
0.000000 -0.000000 -0.000000 0 128
0.000000 -0.000000 -0.000000 0 128
0.000000 -0.000000 -0.000000 0 128
0.000000 -0.000000 -0.000000 0 192
0.000000 -0.000000 -0.000000 0 128
0.000000 -0.000000 -0.000000 0 192
0.000000 -0.000000 -0.000000 0 128
0.000000 -0.000000 -0.000000 0 192
0.000000 -0.000000 -0.000000 0 128
0.000000 -0.000000 -0.000000 0 128
0.000000 -0.000000 -0.000000 0 128
0.000000 -0.000000 -0.000000 0 192
0.000000 -0.000000 -0.000000 0 128
0.000000 -0.000000 -0.000000 0 192
0.000000 -0.000000 -0.000000 0 128
0.000000 -0.000000 -0.000000 0 192
0.000000 -0.000000 -0.000000 0 128
0.000000 -0.000000 -0.000000 0 128
0.000000 -0.000000 -0.000000 0 128
0.000000 -0.000000 -0.000000 0 128
0.000000 -0.000000 -0.000000 0 128
0.000000 -0.000000 -0.000000 0 192
0.000000 -0.000000 -0.000000 0 128
0.000000 -0.000000 -0.000000 0 128
0.000000 -0.000000 -0.000000 0 192
0.000000 -0.000000 -0.000000 0 128
0.000000 -0.000000 -0.000000 0 128
0.000000 -0.000000 -0.000000 0 128
0.000000 -0.000000 -0.000000 0 128
0.000000 -0.000000 -0.000000 0 192
0.000000 -0.000000 -0.000000 0 128
0.000000 -0.000000 -0.000000 0 128
0.000000 -0.000000 -0.000000 0 192
0.000000 -0.000000 -0.000000 0 128
0.000000 -0.000000 -0.000000 0 128
0.000000 -0.000000 -0.000000 0 192
0.000000 -0.000000 -0.000000 0 128
0.000000 -0.000000 -0.000000 0 192
0.000000 -0.000000 -0.000000 0 128
0.000000 -0.000000 -0.000000 0 192
0.000000 -0.000000 -0.000000 0 128
0.000000 -0.000000 -0.000000 0 128
0.000000 -0.000000 -0.000000 0 128
0.000000 -0.000000 -0.000000 0 192
0.000000 -0.000000 -0.000000 0 128
0.000000 -0.000000 -0.000000 0 192
0.000000 -0.000000 -0.000000 0 128
0.000000 -0.000000 -0.000000 0 192
0.000000 -0.000000 -0.000000 0 128
0.000000 -0.000000 -0.000000 0 128
0.000000 -0.000000 -0.000000 0 128
0.000000 -0.000000 -0.000000 0 128
0.000000 -0.000000 -0.000000 0 128
0.000000 -0.000000 -0.000000 0 192
0.000000 -0.000000 -0.000000 0 128
0.000000 -0.000000 -0.000000 0 192
0.000000 -0.000000 -0.000000 0 128
0.000000 -0.000000 -0.000000 0 128
0.000000 -0.000000 -0.000000 0 128
0.000000 -0.000000 -0.000000 0 128
0.000000 -0.000000 -0.000000 0 128
0.000000 -0.000000 -0.000000 0 192
0.000000 -0.000000 -0.000000 0 128
0.000000 -0.000000 -0.000000 0 128
0.000000 -0.000000 -0.000000 0 128
0.000000 -0.000000 -0.000000 0 128
0.000000 -0.000000 -0.000000 0 128
0.000000 -0.000000 -0.000000 0 128
0.000000 -0.000000 -0.000000 0 128
0.000000 -0.000000 -0.000000 0 192
0.000000 -0.000000 -0.000000 0 128
0.000000 -0.000000 -0.000000 0 128
0.000000 -0.000000 -0.000000 0 128
0.000000 -0.000000 -0.000000 0 128
0.000000 -0.000000 -0.000000 0 128
0.000000 -0.000000 -0.000000 0 128
0.000000 -0.000000 -0.000000 0 128
0.000000 -0.000000 -0.000000 0 192
0.000000 -0.000000 -0.000000 0 128
0.000000 -0.000000 -0.000000 0 192
0.000000 -0.000000 -0.000000 0 128
0.000000 -0.000000 -0.000000 0 128
0.000000 -0.000000 -0.000000 0 128
0.000000 -0.000000 -0.000000 0 128
0.000000 -0.000000 -0.000000 0 128
0.000000 -0.000000 -0.000000 0 192
0.000000 -0.000000 -0.000000 0 128
0.000000 -0.000000 -0.000000 0 192
0.000000 -0.000000 -0.000000 0 128
0.000000 -0.000000 -0.000000 0 128
0.000000 -0.000000 -0.000000 0 128
0.000000 -0.000000 -0.000000 0 128
0.000000 -0.000000 -0.000000 0 128
0.000000 -0.000000 -0.000000 0 192
0.000000 -0.000000 -0.000000 0 128
0.000000 -0.000000 -0.000000 0 192
0.000000 -0.000000 -0.000000 0 128
0.000000 -0.000000 -0.000000 0 128
0.000000 -0.000000 -0.000000 0 128
0.000000 -0.000000 -0.000000 0 192
0.000000 -0.000000 -0.000000 0 128
0.000000 -0.000000 -0.000000 0 192
0.000000 -0.000000 -0.000000 0 128
0.000000 -0.000000 -0.000000 0 192
0.000000 -0.000000 -0.000000 0 128
0.000000 -0.000000 -0.000000 0 128
0.000000 -0.000000 -0.000000 0 128
0.000000 -0.000000 -0.000000 0 192
0.000000 -0.000000 -0.000000 0 128
0.000000 -0.000000 -0.000000 0 192
0.000000 -0.000000 -0.000000 0 128
0.000000 -0.000000 -0.000000 0 192
0.000000 -0.000000 -0.000000 0 128
0.000000 -0.000000 -0.000000 0 128
0.000000 -0.000000 -0.000000 0 128
0.000000 -0.000000 -0.000000 0 128
0.000000 -0.000000 -0.000000 0 128
0.000000 -0.000000 -0.000000 0 192
0.000000 -0.000000 -0.000000 0 128
0.000000 -0.000000 -0.000000 0 128
0.000000 -0.000000 -0.000000 0 192
0.000000 -0.000000 -0.000000 0 128
0.000000 -0.000000 -0.000000 0 128
0.000000 -0.000000 -0.000000 0 128
0.000000 -0.000000 -0.000000 0 128
0.000000 -0.000000 -0.000000 0 192
0.000000 -0.000000 -0.000000 0 128
0.000000 -0.000000 -0.000000 0 128
0.000000 -0.000000 -0.000000 0 192
0.000000 -0.000000 -0.000000 0 128
0.000000 -0.000000 -0.000000 0 128
0.000000 -0.000000 -0.000000 0 128
0.000000 -0.000000 -0.000000 0 128
0.000000 -0.000000 -0.000000 0 192
0.000000 -0.000000 -0.000000 0 128
0.000000 -0.000000 -0.000000 0 128
0.000000 -0.000000 -0.000000 0 128
0.000000 -0.000000 -0.000000 0 128
0.000000 -0.000000 -0.000000 0 128
0.000000 -0.000000 -0.000000 0 128
0.000000 -0.000000 -0.000000 0 128
0.000000 -0.000000 -0.000000 0 192
0.000000 -0.000000 -0.000000 0 128
0.000000 -0.000000 -0.000000 0 128
0.000000 -0.000000 -0.000000 0 128
0.000000 -0.000000 -0.000000 0 128
0.000000 -0.000000 -0.000000 0 128
0.000000 -0.000000 -0.000000 0 128
0.000000 -0.000000 -0.000000 0 128
0.000000 -0.000000 -0.000000 0 192
0.000000 -0.000000 -0.000000 0 128
0.000000 -0.000000 -0.000000 0 128
0.000000 -0.000000 -0.000000 0 128
0.000000 -0.000000 -0.000000 0 128
0.000000 -0.000000 -0.000000 0 128
0.000000 -0.000000 -0.000000 0 128
0.000000 -0.000000 -0.000000 0 128
0.000000 -0.000000 -0.000000 0 192
0.000000 -0.000000 -0.000000 0 128
0.000000 -0.000000 -0.000000 0 128
0.000000 -0.000000 -0.000000 0 128
0.000000 -0.000000 -0.000000 0 128
0.000000 -0.000000 -0.000000 0 128
0.000000 -0.000000 -0.000000 0 128
0.000000 -0.000000 -0.000000 0 128
0.000000 -0.000000 -0.000000 0 192
0.000000 -0.000000 -0.000000 0 128
0.000000 -0.000000 -0.000000 0 128
0.000000 -0.000000 -0.000000 0 128
0.000000 -0.000000 -0.000000 0 128
0.000000 -0.000000 -0.000000 0 128
0.000000 -0.000000 -0.000000 0 128
0.000000 -0.000000 -0.000000 0 128
0.000000 -0.000000 -0.000000 0 128
0.000000 -0.000000 -0.000000 0 128
0.000000 -0.000000 -0.000000 0 128
0.000000 -0.000000 -0.000000 0 128
0.000000 -0.000000 -0.000000 0 128
0.000000 -0.000000 -0.000000 0 128
0.000000 -0.000000 -0.000000 0 128
0.000000 -0.000000 -0.000000 0 128
0.000000 -0.000000 -0.000000 0 128
0.000000 -0.000000 -0.000000 0 192
0.000000 -0.000000 -0.000000 0 192
0.000000 -0.000000 -0.000000 0 128
0.000000 -0.000000 -0.000000 0 128
0.000000 -0.000000 -0.000000 0 192
0.000000 -0.000000 -0.000000 0 128
0.000000 -0.000000 -0.000000 0 128
0.000000 -0.000000 -0.000000 0 192
0.000000 -0.000000 -0.000000 0 192
0.000000 -0.000000 -0.000000 0 128
0.000000 -0.000000 -0.000000 0 128
0.000000 -0.000000 -0.000000 0 192
0.000000 -0.000000 -0.000000 0 192
0.000000 -0.000000 -0.000000 0 128
0.000000 -0.000000 -0.000000 0 128
0.000000 -0.000000 -0.000000 0 192
0.000000 -0.000000 -0.000000 0 128
0.000000 -0.000000 -0.000000 0 128
0.000000 -0.000000 -0.000000 0 192
0.000000 -0.000000 -0.000000 0 128
0.000000 -0.000000 -0.000000 0 128
0.000000 -0.000000 -0.000000 0 128
0.000000 -0.000000 -0.000000 0 192
0.000000 -0.000000 -0.000000 0 192
0.000000 -0.000000 -0.000000 0 128
0.000000 -0.000000 -0.000000 0 192
0.000000 -0.000000 -0.000000 0 192
0.000000 -0.000000 -0.000000 0 128
0.000000 -0.000000 -0.000000 0 128
0.000000 -0.000000 -0.000000 0 192
0.000000 -0.000000 -0.000000 0 192
0.000000 -0.000000 -0.000000 0 192
0.000000 -0.000000 -0.000000 0 128
0.000000 -0.000000 -0.000000 0 192
0.000000 -0.000000 -0.000000 0 192
0.000000 -0.000000 -0.000000 0 128
0.000000 -0.000000 -0.000000 0 192
0.000000 -0.000000 -0.000000 0 192
0.805000 -0.942000 -1.216000 13 0
0.000000 -0.000000 -0.000000 0 192
0.000000 -0.000000 -0.000000 0 192
0.000000 -0.000000 -0.000000 0 192
0.783000 -0.959000 -1.217000 17 0
0.000000 -0.000000 -0.000000 0 128
0.000000 -0.000000 -0.000000 0 128
0.000000 -0.000000 -0.000000 0 128
0.000000 -0.000000 -0.000000 0 128
0.000000 -0.000000 -0.000000 0 192
0.000000 -0.000000 -0.000000 0 128
0.000000 -0.000000 -0.000000 0 128
0.000000 -0.000000 -0.000000 0 128
0.000000 -0.000000 -0.000000 0 128
0.000000 -0.000000 -0.000000 0 128
0.000000 -0.000000 -0.000000 0 128
0.000000 -0.000000 -0.000000 0 128
0.000000 -0.000000 -0.000000 0 192
0.000000 -0.000000 -0.000000 0 128
0.000000 -0.000000 -0.000000 0 128
0.000000 -0.000000 -0.000000 0 128
0.000000 -0.000000 -0.000000 0 128
0.000000 -0.000000 -0.000000 0 128
0.000000 -0.000000 -0.000000 0 128
0.000000 -0.000000 -0.000000 0 128
0.000000 -0.000000 -0.000000 0 192
0.000000 -0.000000 -0.000000 0 128
0.000000 -0.000000 -0.000000 0 128
0.000000 -0.000000 -0.000000 0 128
0.000000 -0.000000 -0.000000 0 128
0.000000 -0.000000 -0.000000 0 128
0.000000 -0.000000 -0.000000 0 128
0.000000 -0.000000 -0.000000 0 128
0.000000 -0.000000 -0.000000 0 192
0.000000 -0.000000 -0.000000 0 128
0.000000 -0.000000 -0.000000 0 128
0.000000 -0.000000 -0.000000 0 128
0.000000 -0.000000 -0.000000 0 128
0.000000 -0.000000 -0.000000 0 128
0.000000 -0.000000 -0.000000 0 128
0.000000 -0.000000 -0.000000 0 128
0.000000 -0.000000 -0.000000 0 192
0.000000 -0.000000 -0.000000 0 128
0.000000 -0.000000 -0.000000 0 128
0.000000 -0.000000 -0.000000 0 128
0.000000 -0.000000 -0.000000 0 128
0.000000 -0.000000 -0.000000 0 128
0.000000 -0.000000 -0.000000 0 128
0.000000 -0.000000 -0.000000 0 128
0.000000 -0.000000 -0.000000 0 128
0.000000 -0.000000 -0.000000 0 128
0.000000 -0.000000 -0.000000 0 128
0.000000 -0.000000 -0.000000 0 128
0.000000 -0.000000 -0.000000 0 128
0.000000 -0.000000 -0.000000 0 128
0.000000 -0.000000 -0.000000 0 128
0.000000 -0.000000 -0.000000 0 128
0.000000 -0.000000 -0.000000 0 128
0.000000 -0.000000 -0.000000 0 192
0.000000 -0.000000 -0.000000 0 192
0.000000 -0.000000 -0.000000 0 128
0.000000 -0.000000 -0.000000 0 128
0.000000 -0.000000 -0.000000 0 192
0.000000 -0.000000 -0.000000 0 128
0.000000 -0.000000 -0.000000 0 128
0.000000 -0.000000 -0.000000 0 192
0.000000 -0.000000 -0.000000 0 192
0.000000 -0.000000 -0.000000 0 128
0.000000 -0.000000 -0.000000 0 128
0.000000 -0.000000 -0.000000 0 192
0.000000 -0.000000 -0.000000 0 192
0.000000 -0.000000 -0.000000 0 128
0.000000 -0.000000 -0.000000 0 128
0.000000 -0.000000 -0.000000 0 192
0.000000 -0.000000 -0.000000 0 128
0.000000 -0.000000 -0.000000 0 128
0.000000 -0.000000 -0.000000 0 192
0.000000 -0.000000 -0.000000 0 128
0.000000 -0.000000 -0.000000 0 128
0.000000 -0.000000 -0.000000 0 128
0.000000 -0.000000 -0.000000 0 192
0.000000 -0.000000 -0.000000 0 192
0.000000 -0.000000 -0.000000 0 128
0.000000 -0.000000 -0.000000 0 192
0.000000 -0.000000 -0.000000 0 192
0.000000 -0.000000 -0.000000 0 128
0.000000 -0.000000 -0.000000 0 128
0.000000 -0.000000 -0.000000 0 192
0.000000 -0.000000 -0.000000 0 192
0.000000 -0.000000 -0.000000 0 192
0.000000 -0.000000 -0.000000 0 128
0.000000 -0.000000 -0.000000 0 192
0.000000 -0.000000 -0.000000 0 192
0.000000 -0.000000 -0.000000 0 128
0.000000 -0.000000 -0.000000 0 192
0.000000 -0.000000 -0.000000 0 192
0.805000 -0.942000 -1.216000 13 0
0.000000 -0.000000 -0.000000 0 192
0.000000 -0.000000 -0.000000 0 192
0.000000 -0.000000 -0.000000 0 192
0.783000 -0.959000 -1.217000 17 0
0.000000 -0.000000 -0.000000 0 128
0.000000 -0.000000 -0.000000 0 192
0.000000 -0.000000 -0.000000 0 0
0.758000 -0.974000 -1.216000 14 0
0.000000 -0.000000 -0.000000 0 192
0.000000 -0.000000 -0.000000 0 0
0.730000 -0.910000 -1.218000 16 0
0.735000 -0.990000 -1.218000 14 0
0.000000 -0.000000 -0.000000 0 192
0.000000 -0.000000 -0.000000 0 0
0.708000 -0.924000 -1.217000 16 0
0.713000 -1.008000 -1.222000 15 0
0.000000 -0.000000 -0.000000 0 192
0.685000 -0.861000 -1.215000 12 0
0.687000 -0.940000 -1.217000 18 0
0.687000 -1.019000 -1.219000 15 0
0.000000 -0.000000 -0.000000 0 0
0.668000 -0.878000 -1.216000 14 0
0.668000 -0.958000 -1.222000 15 0
0.664000 -1.035000 -1.223000 15 0
0.000000 -0.000000 -0.000000 0 0
0.650000 -0.895000 -1.218000 17 0
0.646000 -0.971000 -1.221000 17 0
0.642000 -1.051000 -1.227000 17 0
0.635000 -0.833000 -1.219000 15 0
0.631000 -0.909000 -1.217000 17 0
0.625000 -0.986000 -1.223000 15 0
0.614000 -1.060000 -1.223000 18 0
0.000000 -0.000000 -0.000000 2 64
0.615000 -0.928000 -1.223000 12 0
0.602000 -0.998000 -1.222000 16 0
0.590000 -1.072000 -1.225000 18 0
0.602000 -0.866000 -1.219000 17 0
0.596000 -0.944000 -1.225000 13 0
0.580000 -1.012000 -1.223000 15 0
0.564000 -1.083000 -1.226000 19 0
0.000000 -0.000000 -0.000000 1 64
0.577000 -0.960000 -1.227000 13 0
0.556000 -1.023000 -1.222000 16 0
0.540000 -1.096000 -1.229000 21 0
0.570000 -0.902000 -1.224000 13 0
0.555000 -0.972000 -1.226000 12 0
0.535000 -1.038000 -1.227000 15 0
0.514000 -1.106000 -1.230000 19 0
0.000000 -0.000000 -0.000000 1 64
0.535000 -0.987000 -1.227000 12 0
0.510000 -1.047000 -1.225000 18 0
0.488000 -1.114000 -1.231000 15 0
0.535000 -0.933000 -1.226000 14 0
0.513000 -0.999000 -1.226000 13 0
0.488000 -1.059000 -1.227000 14 0
0.459000 -1.117000 -1.225000 1 0
0.000000 -0.000000 -0.000000 1 64
0.493000 -1.013000 -1.228000 12 0
0.463000 -1.066000 -1.224000 4 0
0.000000 -0.000000 -0.000000 0 0
0.496000 -0.961000 -1.225000 14 0
0.471000 -1.025000 -1.229000 10 0
0.000000 -0.000000 -0.000000 0 0
0.040000 -0.113000 -0.122000 2 16
0.478000 -0.979000 -1.229000 14 0
0.000000 -0.000000 -0.000000 0 0
0.042000 -0.112000 -0.127000 1 16
0.000000 -0.000000 -0.000000 0 0
0.457000 -0.990000 -1.226000 8 0
0.000000 -0.000000 -0.000000 0 0
0.000000 -0.000000 -0.000000 0 0
0.031000 -0.102000 -0.109000 1 0
0.000000 -0.000000 -0.000000 0 0
0.000000 -0.000000 -0.000000 2 16
0.040000 -0.121000 -0.135000 1 16
0.000000 -0.000000 -0.000000 0 0
0.000000 -0.000000 -0.000000 1 16
0.000000 -0.000000 -0.000000 0 0
0.000000 -0.000000 -0.000000 0 0
0.023000 -0.089000 -0.095000 0 0
0.000000 -0.000000 -0.000000 0 0
0.000000 -0.000000 -0.000000 0 16
0.030000 -0.107000 -0.117000 0 0
0.000000 -0.000000 -0.000000 0 0
0.000000 -0.000000 -0.000000 4 16
0.000000 -0.000000 -0.000000 0 0
0.000000 -0.000000 -0.000000 0 0
0.019000 -0.090000 -0.096000 0 0
0.000000 -0.000000 -0.000000 0 0
0.000000 -0.000000 -0.000000 0 16
0.025000 -0.107000 -0.117000 0 16
0.000000 -0.000000 -0.000000 0 0
0.000000 -0.000000 -0.000000 1 16
0.000000 -0.000000 -0.000000 0 0
0.000000 -0.000000 -0.000000 0 0
0.000000 -0.000000 -0.000000 0 128
0.000000 -0.000000 -0.000000 0 0
0.000000 -0.000000 -0.000000 0 16
0.015000 -0.083000 -0.090000 0 0
0.000000 -0.000000 -0.000000 0 128
0.000000 -0.000000 -0.000000 0 128
0.000000 -0.000000 -0.000000 0 192
0.000000 -0.000000 -0.000000 0 0
0.758000 -0.974000 -1.216000 14 0
0.000000 -0.000000 -0.000000 0 192
0.000000 -0.000000 -0.000000 0 0
0.730000 -0.910000 -1.218000 16 0
0.735000 -0.990000 -1.218000 14 0
0.000000 -0.000000 -0.000000 0 192
0.000000 -0.000000 -0.000000 0 0
0.708000 -0.924000 -1.217000 16 0
0.713000 -1.008000 -1.222000 15 0
0.000000 -0.000000 -0.000000 0 192
0.685000 -0.861000 -1.215000 12 0
0.687000 -0.940000 -1.217000 18 0
0.687000 -1.019000 -1.219000 15 0
0.000000 -0.000000 -0.000000 0 0
0.668000 -0.878000 -1.216000 14 0
0.668000 -0.958000 -1.222000 15 0
0.664000 -1.035000 -1.223000 15 0
0.000000 -0.000000 -0.000000 0 0
0.650000 -0.895000 -1.218000 17 0
0.646000 -0.971000 -1.221000 17 0
0.642000 -1.051000 -1.227000 17 0
0.635000 -0.833000 -1.219000 15 0
0.631000 -0.909000 -1.217000 17 0
0.625000 -0.986000 -1.223000 15 0
0.614000 -1.060000 -1.223000 18 0
0.000000 -0.000000 -0.000000 2 64
0.615000 -0.928000 -1.223000 12 0
0.602000 -0.998000 -1.222000 16 0
0.590000 -1.072000 -1.225000 18 0
0.602000 -0.866000 -1.219000 17 0
0.596000 -0.944000 -1.225000 13 0
0.580000 -1.012000 -1.223000 15 0
0.564000 -1.083000 -1.226000 19 0
0.000000 -0.000000 -0.000000 1 64
0.577000 -0.960000 -1.227000 13 0
0.556000 -1.023000 -1.222000 16 0
0.540000 -1.096000 -1.229000 21 0
0.570000 -0.902000 -1.224000 13 0
0.555000 -0.972000 -1.226000 12 0
0.535000 -1.038000 -1.227000 15 0
0.514000 -1.106000 -1.230000 19 0
0.000000 -0.000000 -0.000000 1 64
0.535000 -0.987000 -1.227000 12 0
0.510000 -1.047000 -1.225000 18 0
0.488000 -1.114000 -1.231000 15 0
0.535000 -0.933000 -1.226000 14 0
0.513000 -0.999000 -1.226000 13 0
0.488000 -1.059000 -1.227000 14 0
0.459000 -1.117000 -1.225000 1 0
0.000000 -0.000000 -0.000000 1 64
0.493000 -1.013000 -1.228000 12 0
0.463000 -1.066000 -1.224000 4 0
0.000000 -0.000000 -0.000000 0 0
0.496000 -0.961000 -1.225000 14 0
0.471000 -1.025000 -1.229000 10 0
0.000000 -0.000000 -0.000000 0 0
0.040000 -0.113000 -0.122000 2 16
0.478000 -0.979000 -1.229000 14 0
0.000000 -0.000000 -0.000000 0 0
0.042000 -0.112000 -0.127000 1 16
0.000000 -0.000000 -0.000000 0 0
0.457000 -0.990000 -1.226000 8 0
0.000000 -0.000000 -0.000000 0 0
0.000000 -0.000000 -0.000000 0 0
0.031000 -0.102000 -0.109000 1 0
0.000000 -0.000000 -0.000000 0 0
0.000000 -0.000000 -0.000000 2 16
0.040000 -0.121000 -0.135000 1 16
0.000000 -0.000000 -0.000000 0 0
0.000000 -0.000000 -0.000000 1 16
0.000000 -0.000000 -0.000000 0 0
0.000000 -0.000000 -0.000000 0 0
0.023000 -0.089000 -0.095000 0 0
0.000000 -0.000000 -0.000000 0 0
0.000000 -0.000000 -0.000000 0 16
0.030000 -0.107000 -0.117000 0 0
0.000000 -0.000000 -0.000000 0 0
0.000000 -0.000000 -0.000000 4 16
0.000000 -0.000000 -0.000000 0 0
0.000000 -0.000000 -0.000000 0 0
0.019000 -0.090000 -0.096000 0 0
0.000000 -0.000000 -0.000000 0 0
0.000000 -0.000000 -0.000000 0 16
0.025000 -0.107000 -0.117000 0 16
0.000000 -0.000000 -0.000000 0 0
0.000000 -0.000000 -0.000000 1 16
0.000000 -0.000000 -0.000000 0 0
0.000000 -0.000000 -0.000000 0 0
0.000000 -0.000000 -0.000000 0 128
0.000000 -0.000000 -0.000000 0 0
0.000000 -0.000000 -0.000000 0 16
0.015000 -0.083000 -0.090000 0 0
0.000000 -0.000000 -0.000000 0 128
0.000000 -0.000000 -0.000000 1 16
0.000000 -0.000000 -0.000000 0 0
0.000000 -0.000000 -0.000000 0 0
0.000000 -0.000000 -0.000000 0 128
0.000000 -0.000000 -0.000000 0 0
0.000000 -0.000000 -0.000000 0 0
0.000000 -0.000000 -0.000000 0 128
0.000000 -0.000000 -0.000000 0 128
0.000000 -0.000000 -0.000000 0 0
0.000000 -0.000000 -0.000000 0 0
0.000000 -0.000000 -0.000000 0 128
0.008000 -0.108000 -0.114000 1 0
0.000000 -0.000000 -0.000000 0 0
0.000000 -0.000000 -0.000000 0 128
0.009000 -0.099000 -0.106000 0 0
0.000000 -0.000000 -0.000000 0 0
0.000000 -0.000000 -0.000000 0 128
0.000000 -0.000000 -0.000000 0 128
0.000000 -0.000000 -0.000000 0 0
0.002000 -0.082000 -0.088000 0 0
0.000000 -0.000000 -0.000000 0 128
0.011000 -0.111000 -0.119000 0 16
0.004000 -0.084000 -0.090000 0 0
0.000000 -0.000000 -0.000000 0 0
0.009000 -0.077000 -0.084000 0 0
0.000000 -0.000000 -0.000000 0 0
0.000000 -0.000000 -0.000000 0 0
0.000000 -0.103000 -0.110000 0 0
0.000000 -0.000000 -0.000000 0 0
0.004000 -0.087000 -0.093000 0 0
0.000000 -0.078000 -0.084000 0 0
0.000000 -0.000000 -0.000000 0 0
0.007000 -0.096000 -0.103000 0 0
0.000000 -0.000000 -0.000000 0 0
0.000000 -0.000000 -0.000000 0 0
0.000000 -0.000000 -0.000000 1 0
0.000000 -0.000000 -0.000000 0 0
0.000000 -0.085000 -0.091000 0 0
0.000000 -0.000000 -0.000000 0 0
0.000000 -0.000000 -0.000000 0 0
0.000000 -0.000000 -0.000000 0 128
0.000000 -0.000000 -0.000000 0 0
0.000000 -0.000000 -0.000000 0 0
0.000000 -0.000000 -0.000000 1 0
0.000000 -0.000000 -0.000000 0 128
-0.003000 -0.116000 -0.123000 0 16
0.000000 -0.000000 -0.000000 0 0
0.000000 -0.000000 -0.000000 0 0
-0.001000 -0.104000 -0.110000 1 0
0.000000 -0.000000 -0.000000 0 0
0.000000 -0.000000 -0.000000 0 0
0.000000 -0.000000 -0.000000 1 16
0.000000 -0.000000 -0.000000 0 0
-0.009000 -0.114000 -0.122000 0 16
0.000000 -0.000000 -0.000000 0 0
0.000000 -0.000000 -0.000000 0 0
-0.006000 -0.111000 -0.116000 1 0
0.000000 -0.000000 -0.000000 0 0
0.000000 -0.000000 -0.000000 0 0
0.000000 -0.000000 -0.000000 0 16
0.000000 -0.000000 -0.000000 0 0
-0.014000 -0.118000 -0.126000 1 16
0.000000 -0.000000 -0.000000 0 16
0.000000 -0.000000 -0.000000 0 0
-0.011000 -0.111000 -0.115000 1 0
0.000000 -0.000000 -0.000000 0 0
0.000000 -0.000000 -0.000000 0 0
0.000000 -0.000000 -0.000000 0 128
0.000000 -0.000000 -0.000000 0 0
-0.020000 -0.120000 -0.128000 0 16
0.000000 -0.000000 -0.000000 0 0
0.000000 -0.000000 -0.000000 0 128
-0.017000 -0.112000 -0.117000 1 0
0.000000 -0.000000 -0.000000 0 0
0.000000 -0.000000 -0.000000 0 0
0.000000 -0.000000 -0.000000 0 128
0.000000 -0.000000 -0.000000 0 0
0.000000 -0.000000 -0.000000 0 0
0.000000 -0.000000 -0.000000 0 128
-0.323000 -1.084000 -1.264000 5 0
0.000000 -0.000000 -0.000000 0 0
0.000000 -0.000000 -0.000000 0 0
0.000000 -0.000000 -0.000000 0 128
-0.345000 -1.072000 -1.262000 8 0
0.000000 -0.000000 -0.000000 0 0
0.000000 -0.000000 -0.000000 0 128
0.000000 -0.000000 -0.000000 0 0
0.000000 -0.000000 -0.000000 0 0
0.000000 -0.000000 -0.000000 0 128
0.000000 -0.000000 -0.000000 0 128
-0.321000 -0.982000 -1.125000 1 0
0.000000 -0.000000 -0.000000 0 0
0.000000 -0.000000 -0.000000 0 128
0.000000 -0.000000 -0.000000 0 128
-0.346000 -0.985000 -1.139000 2 0
0.000000 -0.000000 -0.000000 0 0
0.000000 -0.000000 -0.000000 1 16
0.000000 -0.000000 -0.000000 0 0
0.000000 -0.000000 -0.000000 0 0
0.000000 -0.000000 -0.000000 0 128
0.000000 -0.000000 -0.000000 0 0
0.000000 -0.000000 -0.000000 0 0
0.000000 -0.000000 -0.000000 0 128
0.000000 -0.000000 -0.000000 0 128
0.000000 -0.000000 -0.000000 0 0
0.000000 -0.000000 -0.000000 0 0
0.000000 -0.000000 -0.000000 0 128
0.008000 -0.108000 -0.114000 1 0
0.000000 -0.000000 -0.000000 0 0
0.000000 -0.000000 -0.000000 0 128
0.009000 -0.099000 -0.106000 0 0
0.000000 -0.000000 -0.000000 0 0
0.000000 -0.000000 -0.000000 0 128
0.000000 -0.000000 -0.000000 0 128
0.000000 -0.000000 -0.000000 0 0
0.002000 -0.082000 -0.088000 0 0
0.000000 -0.000000 -0.000000 0 128
0.011000 -0.111000 -0.119000 0 16
0.004000 -0.084000 -0.090000 0 0
0.000000 -0.000000 -0.000000 0 0
0.009000 -0.077000 -0.084000 0 0
0.000000 -0.000000 -0.000000 0 0
0.000000 -0.000000 -0.000000 0 0
0.000000 -0.103000 -0.110000 0 0
0.000000 -0.000000 -0.000000 0 0
0.004000 -0.087000 -0.093000 0 0
0.000000 -0.078000 -0.084000 0 0
0.000000 -0.000000 -0.000000 0 0
0.007000 -0.096000 -0.103000 0 0
0.000000 -0.000000 -0.000000 0 0
0.000000 -0.000000 -0.000000 0 0
0.000000 -0.000000 -0.000000 1 0
0.000000 -0.000000 -0.000000 0 0
0.000000 -0.085000 -0.091000 0 0
0.000000 -0.000000 -0.000000 0 0
0.000000 -0.000000 -0.000000 0 0
0.000000 -0.000000 -0.000000 0 128
0.000000 -0.000000 -0.000000 0 0
0.000000 -0.000000 -0.000000 0 0
0.000000 -0.000000 -0.000000 1 0
0.000000 -0.000000 -0.000000 0 128
-0.003000 -0.116000 -0.123000 0 16
0.000000 -0.000000 -0.000000 0 0
0.000000 -0.000000 -0.000000 0 0
-0.001000 -0.104000 -0.110000 1 0
0.000000 -0.000000 -0.000000 0 0
0.000000 -0.000000 -0.000000 0 0
0.000000 -0.000000 -0.000000 1 16
0.000000 -0.000000 -0.000000 0 0
-0.009000 -0.114000 -0.122000 0 16
0.000000 -0.000000 -0.000000 0 0
0.000000 -0.000000 -0.000000 0 0
-0.006000 -0.111000 -0.116000 1 0
0.000000 -0.000000 -0.000000 0 0
0.000000 -0.000000 -0.000000 0 0
0.000000 -0.000000 -0.000000 0 16
0.000000 -0.000000 -0.000000 0 0
-0.014000 -0.118000 -0.126000 1 16
0.000000 -0.000000 -0.000000 0 16
0.000000 -0.000000 -0.000000 0 0
-0.011000 -0.111000 -0.115000 1 0
0.000000 -0.000000 -0.000000 0 0
0.000000 -0.000000 -0.000000 0 0
0.000000 -0.000000 -0.000000 0 128
0.000000 -0.000000 -0.000000 0 0
-0.020000 -0.120000 -0.128000 0 16
0.000000 -0.000000 -0.000000 0 0
0.000000 -0.000000 -0.000000 0 128
-0.017000 -0.112000 -0.117000 1 0
0.000000 -0.000000 -0.000000 0 0
0.000000 -0.000000 -0.000000 0 0
0.000000 -0.000000 -0.000000 0 128
0.000000 -0.000000 -0.000000 0 0
0.000000 -0.000000 -0.000000 0 0
0.000000 -0.000000 -0.000000 0 128
-0.323000 -1.084000 -1.264000 5 0
0.000000 -0.000000 -0.000000 0 0
0.000000 -0.000000 -0.000000 0 0
0.000000 -0.000000 -0.000000 0 128
-0.345000 -1.072000 -1.262000 8 0
0.000000 -0.000000 -0.000000 0 0
0.000000 -0.000000 -0.000000 0 128
0.000000 -0.000000 -0.000000 0 0
0.000000 -0.000000 -0.000000 0 0
0.000000 -0.000000 -0.000000 0 128
0.000000 -0.000000 -0.000000 0 128
-0.321000 -0.982000 -1.125000 1 0
0.000000 -0.000000 -0.000000 0 0
0.000000 -0.000000 -0.000000 0 128
0.000000 -0.000000 -0.000000 0 128
-0.346000 -0.985000 -1.139000 2 0
0.000000 -0.000000 -0.000000 0 0
0.000000 -0.000000 -0.000000 0 128
-0.370000 -1.102000 -1.220000 1 0
-0.408000 -1.084000 -1.265000 2 0
0.000000 -0.000000 -0.000000 0 8
0.000000 -0.000000 -0.000000 0 128
-0.411000 -1.137000 -1.267000 3 0
0.000000 -0.000000 -0.000000 0 0
-0.450000 -1.013000 -1.263000 13 0
0.000000 -0.000000 -0.000000 0 128
-0.437000 -1.131000 -1.269000 7 0
0.000000 -0.000000 -0.000000 0 0
-0.470000 -0.999000 -1.261000 12 0
0.000000 -0.000000 -0.000000 0 128
-0.463000 -1.122000 -1.270000 7 0
-0.471000 -1.039000 -1.250000 1 0
-0.490000 -0.986000 -1.262000 14 0
0.000000 -0.000000 -0.000000 0 128
-0.486000 -1.107000 -1.264000 3 0
-0.494000 -1.031000 -1.253000 5 0
-0.509000 -0.974000 -1.263000 13 0
-0.497000 -1.166000 -1.267000 6 0
-0.512000 -1.099000 -1.266000 1 0
-0.517000 -1.021000 -1.257000 4 0
-0.531000 -0.966000 -1.271000 2 0
-0.526000 -1.159000 -1.268000 9 0
-0.539000 -1.091000 -1.269000 1 0
0.000000 -0.000000 -0.000000 0 0
0.000000 -0.000000 -0.000000 0 0
-0.556000 -1.152000 -1.271000 11 0
-0.563000 -1.079000 -1.269000 2 0
0.000000 -0.000000 -0.000000 0 0
0.000000 -0.000000 -0.000000 0 128
-0.582000 -1.139000 -1.268000 12 0
-0.589000 -1.068000 -1.271000 7 0
-0.586000 -0.991000 -1.267000 3 0
-0.582000 -0.915000 -1.262000 15 0
-0.611000 -1.131000 -1.271000 14 0
-0.614000 -1.057000 -1.272000 14 0
-0.608000 -0.978000 -1.269000 14 0
-0.601000 -0.902000 -1.265000 15 0
-0.639000 -1.120000 -1.272000 20 0
-0.637000 -1.043000 -1.272000 15 0
-0.629000 -0.964000 -1.270000 14 0
-0.619000 -0.888000 -1.268000 15 0
-0.656000 -1.089000 -1.251000 41 0
-0.662000 -1.030000 -1.273000 17 0
-0.648000 -0.949000 -1.269000 12 0
-0.635000 -0.872000 -1.267000 15 0
-0.665000 -1.049000 -1.219000 52 0
-0.676000 -1.001000 -1.255000 38 0
-0.665000 -0.929000 -1.263000 14 0
-0.652000 -0.857000 -1.268000 15 0
-0.683000 -1.024000 -1.206000 65 0
-0.685000 -0.967000 -1.230000 48 0
-0.686000 -0.916000 -1.266000 26 0
-0.667000 -0.840000 -1.267000 14 0
-0.693000 -0.988000 -1.180000 59 0
-0.696000 -0.937000 -1.211000 60 0
-0.697000 -0.890000 -1.251000 42 0
-0.683000 -0.824000 -1.267000 15 0
-0.698000 -0.948000 -1.148000 45 0
-0.709000 -0.911000 -1.197000 58 0
-0.702000 -0.857000 -1.228000 37 0
-0.698000 -0.807000 -1.267000 15 0
-0.713000 -0.923000 -1.135000 13 0
-0.719000 -0.883000 -1.179000 54 0
0.000000 -0.000000 -0.000000 11 0
-0.712000 -0.789000 -1.265000 23 0
-0.722000 -0.890000 -1.113000 14 0
-0.730000 -0.856000 -1.166000 10 0
-0.721000 -0.807000 -1.202000 54 0
-0.721000 -0.766000 -1.256000 30 0
-0.722000 -0.849000 -1.080000 14 0
-0.732000 -0.820000 -1.138000 52 0
0.000000 -0.000000 -0.000000 11 0
0.000000 -0.000000 -0.000000 9 64
-0.733000 -0.823000 -1.066000 13 0
-0.744000 -0.797000 -1.128000 10 0
0.000000 -0.000000 -0.000000 10 0
-0.733000 -0.717000 -1.230000 47 0
-0.747000 -0.799000 -1.056000 15 0
-0.752000 -0.771000 -1.114000 10 0
0.000000 -0.000000 -0.000000 10 0
0.000000 -0.000000 -0.000000 10 64
-0.753000 -0.769000 -1.037000 13 0
-0.754000 -0.738000 -1.090000 10 0
0.000000 -0.000000 -0.000000 10 0
0.000000 -0.000000 -0.000000 11 64
-0.760000 -0.741000 -1.021000 13 0
-0.760000 -0.711000 -1.076000 10 0
0.000000 -0.000000 -0.000000 10 0
0.000000 -0.000000 -0.000000 11 64
-0.768000 -0.714000 -1.007000 13 0
-0.768000 -0.686000 -1.063000 10 0
0.000000 -0.000000 -0.000000 10 0
0.000000 -0.000000 -0.000000 11 64
0.000000 -0.000000 -0.000000 0 128
-0.370000 -1.102000 -1.220000 1 0
-0.408000 -1.084000 -1.265000 2 0
0.000000 -0.000000 -0.000000 0 8
0.000000 -0.000000 -0.000000 0 128
-0.411000 -1.137000 -1.267000 3 0
0.000000 -0.000000 -0.000000 0 0
-0.450000 -1.013000 -1.263000 13 0
0.000000 -0.000000 -0.000000 0 128
-0.437000 -1.131000 -1.269000 7 0
0.000000 -0.000000 -0.000000 0 0
-0.470000 -0.999000 -1.261000 12 0
0.000000 -0.000000 -0.000000 0 128
-0.463000 -1.122000 -1.270000 7 0
-0.471000 -1.039000 -1.250000 1 0
-0.490000 -0.986000 -1.262000 14 0
0.000000 -0.000000 -0.000000 0 128
-0.486000 -1.107000 -1.264000 3 0
-0.494000 -1.031000 -1.253000 5 0
-0.509000 -0.974000 -1.263000 13 0
-0.497000 -1.166000 -1.267000 6 0
-0.512000 -1.099000 -1.266000 1 0
-0.517000 -1.021000 -1.257000 4 0
-0.531000 -0.966000 -1.271000 2 0
-0.526000 -1.159000 -1.268000 9 0
-0.539000 -1.091000 -1.269000 1 0
0.000000 -0.000000 -0.000000 0 0
0.000000 -0.000000 -0.000000 0 0
-0.556000 -1.152000 -1.271000 11 0
-0.563000 -1.079000 -1.269000 2 0
0.000000 -0.000000 -0.000000 0 0
0.000000 -0.000000 -0.000000 0 128
-0.582000 -1.139000 -1.268000 12 0
-0.589000 -1.068000 -1.271000 7 0
-0.586000 -0.991000 -1.267000 3 0
-0.582000 -0.915000 -1.262000 15 0
-0.611000 -1.131000 -1.271000 14 0
-0.614000 -1.057000 -1.272000 14 0
-0.608000 -0.978000 -1.269000 14 0
-0.601000 -0.902000 -1.265000 15 0
-0.639000 -1.120000 -1.272000 20 0
-0.637000 -1.043000 -1.272000 15 0
-0.629000 -0.964000 -1.270000 14 0
-0.619000 -0.888000 -1.268000 15 0
-0.656000 -1.089000 -1.251000 41 0
-0.662000 -1.030000 -1.273000 17 0
-0.648000 -0.949000 -1.269000 12 0
-0.635000 -0.872000 -1.267000 15 0
-0.665000 -1.049000 -1.219000 52 0
-0.676000 -1.001000 -1.255000 38 0
-0.665000 -0.929000 -1.263000 14 0
-0.652000 -0.857000 -1.268000 15 0
-0.683000 -1.024000 -1.206000 65 0
-0.685000 -0.967000 -1.230000 48 0
-0.686000 -0.916000 -1.266000 26 0
-0.667000 -0.840000 -1.267000 14 0
-0.693000 -0.988000 -1.180000 59 0
-0.696000 -0.937000 -1.211000 60 0
-0.697000 -0.890000 -1.251000 42 0
-0.683000 -0.824000 -1.267000 15 0
-0.698000 -0.948000 -1.148000 45 0
-0.709000 -0.911000 -1.197000 58 0
-0.702000 -0.857000 -1.228000 37 0
-0.698000 -0.807000 -1.267000 15 0
-0.713000 -0.923000 -1.135000 13 0
-0.719000 -0.883000 -1.179000 54 0
0.000000 -0.000000 -0.000000 11 0
-0.712000 -0.789000 -1.265000 23 0
-0.722000 -0.890000 -1.113000 14 0
-0.730000 -0.856000 -1.166000 10 0
-0.721000 -0.807000 -1.202000 54 0
-0.721000 -0.766000 -1.256000 30 0
-0.722000 -0.849000 -1.080000 14 0
-0.732000 -0.820000 -1.138000 52 0
0.000000 -0.000000 -0.000000 11 0
0.000000 -0.000000 -0.000000 9 64
-0.733000 -0.823000 -1.066000 13 0
-0.744000 -0.797000 -1.128000 10 0
0.000000 -0.000000 -0.000000 10 0
-0.733000 -0.717000 -1.230000 47 0
-0.747000 -0.799000 -1.056000 15 0
-0.752000 -0.771000 -1.114000 10 0
0.000000 -0.000000 -0.000000 10 0
0.000000 -0.000000 -0.000000 10 64
-0.753000 -0.769000 -1.037000 13 0
-0.754000 -0.738000 -1.090000 10 0
0.000000 -0.000000 -0.000000 10 0
0.000000 -0.000000 -0.000000 11 64
-0.760000 -0.741000 -1.021000 13 0
-0.760000 -0.711000 -1.076000 10 0
0.000000 -0.000000 -0.000000 10 0
0.000000 -0.000000 -0.000000 11 64
-0.768000 -0.714000 -1.007000 13 0
-0.768000 -0.686000 -1.063000 10 0
0.000000 -0.000000 -0.000000 10 0
0.000000 -0.000000 -0.000000 11 64
-0.773000 -0.686000 -0.991000 13 0
-0.775000 -0.662000 -1.052000 10 0
0.000000 -0.000000 -0.000000 10 0
0.000000 -0.000000 -0.000000 11 64
-0.783000 -0.663000 -0.982000 13 0
-0.783000 -0.639000 -1.042000 10 0
0.000000 -0.000000 -0.000000 10 0
0.000000 -0.000000 -0.000000 11 64
-0.788000 -0.636000 -0.968000 13 0
-0.787000 -0.613000 -1.029000 10 0
0.000000 -0.000000 -0.000000 10 0
0.000000 -0.000000 -0.000000 11 64
-0.798000 -0.614000 -0.961000 13 0
-0.794000 -0.591000 -1.020000 11 0
0.000000 -0.000000 -0.000000 10 0
0.000000 -0.000000 -0.000000 11 64
-0.805000 -0.590000 -0.951000 13 0
-0.801000 -0.568000 -1.011000 10 0
0.000000 -0.000000 -0.000000 11 0
0.000000 -0.000000 -0.000000 11 65
-0.810000 -0.565000 -0.940000 12 0
-0.809000 -0.547000 -1.006000 11 0
0.000000 -0.000000 -0.000000 11 0
0.000000 -0.000000 -0.000000 11 64
-0.818000 -0.543000 -0.933000 12 0
-0.816000 -0.525000 -0.999000 11 0
0.000000 -0.000000 -0.000000 11 0
0.000000 -0.000000 -0.000000 12 64
-0.824000 -0.519000 -0.925000 12 0
-0.820000 -0.502000 -0.990000 11 0
0.000000 -0.000000 -0.000000 11 0
0.000000 -0.000000 -0.000000 10 64
-0.832000 -0.497000 -0.919000 12 0
-0.829000 -0.482000 -0.987000 12 0
0.000000 -0.000000 -0.000000 11 64
0.000000 -0.000000 -0.000000 0 0
-0.830000 -0.470000 -0.903000 11 0
-0.833000 -0.460000 -0.979000 12 0
0.000000 -0.000000 -0.000000 12 64
0.000000 -0.000000 -0.000000 11 64
-0.837000 -0.449000 -0.898000 13 0
-0.838000 -0.438000 -0.972000 12 0
0.000000 -0.000000 -0.000000 12 64
0.000000 -0.000000 -0.000000 10 64
-0.846000 -0.428000 -0.896000 12 0
-0.847000 -0.418000 -0.971000 14 0
0.000000 -0.000000 -0.000000 12 64
0.000000 -0.000000 -0.000000 11 64
-0.848000 -0.405000 -0.887000 12 0
-0.854000 -0.398000 -0.968000 14 0
0.000000 -0.000000 -0.000000 11 64
0.000000 -0.000000 -0.000000 11 0
-0.838000 -0.376000 -0.867000 3 0
-0.856000 -0.376000 -0.961000 14 0
0.000000 -0.000000 -0.000000 11 64
0.000000 -0.000000 -0.000000 11 64
-0.773000 -0.325000 -0.790000 9 64
-0.856000 -0.353000 -0.952000 6 0
0.000000 -0.000000 -0.000000 0 0
0.000000 -0.000000 -0.000000 0 0
0.000000 -0.000000 -0.000000 0 0
0.000000 -0.000000 -0.000000 0 0
0.000000 -0.000000 -0.000000 0 0
0.000000 -0.000000 -0.000000 0 0
0.000000 -0.000000 -0.000000 0 0
0.000000 -0.000000 -0.000000 0 0
0.000000 -0.000000 -0.000000 0 0
0.000000 -0.000000 -0.000000 0 128
0.000000 -0.000000 -0.000000 0 0
0.000000 -0.000000 -0.000000 0 0
0.000000 -0.000000 -0.000000 0 0
0.000000 -0.000000 -0.000000 0 128
0.000000 -0.000000 -0.000000 0 0
-0.864000 -0.268000 -0.929000 1 0
0.000000 -0.000000 -0.000000 0 0
0.000000 -0.000000 -0.000000 0 0
0.000000 -0.000000 -0.000000 0 0
-0.880000 -0.252000 -0.939000 10 0
0.000000 -0.000000 -0.000000 12 0
0.000000 -0.000000 -0.000000 12 0
-0.845000 -0.223000 -0.820000 3 0
-0.877000 -0.230000 -0.931000 8 0
0.000000 -0.000000 -0.000000 12 0
0.000000 -0.000000 -0.000000 11 0
-0.865000 -0.207000 -0.834000 4 0
-0.883000 -0.210000 -0.932000 8 0
0.000000 -0.000000 -0.000000 12 0
0.000000 -0.000000 -0.000000 11 0
-0.892000 -0.191000 -0.856000 10 0
-0.889000 -0.190000 -0.933000 8 0
0.000000 -0.000000 -0.000000 12 0
0.000000 -0.000000 -0.000000 11 0
-0.902000 -0.171000 -0.861000 7 0
-0.897000 -0.171000 -0.937000 14 0
0.000000 -0.000000 -0.000000 12 0
0.000000 -0.000000 -0.000000 11 0
-0.773000 -0.686000 -0.991000 13 0
-0.775000 -0.662000 -1.052000 10 0
0.000000 -0.000000 -0.000000 10 0
0.000000 -0.000000 -0.000000 11 64
-0.783000 -0.663000 -0.982000 13 0
-0.783000 -0.639000 -1.042000 10 0
0.000000 -0.000000 -0.000000 10 0
0.000000 -0.000000 -0.000000 11 64
-0.788000 -0.636000 -0.968000 13 0
-0.787000 -0.613000 -1.029000 10 0
0.000000 -0.000000 -0.000000 10 0
0.000000 -0.000000 -0.000000 11 64
-0.798000 -0.614000 -0.961000 13 0
-0.794000 -0.591000 -1.020000 11 0
0.000000 -0.000000 -0.000000 10 0
0.000000 -0.000000 -0.000000 11 64
-0.805000 -0.590000 -0.951000 13 0
-0.801000 -0.568000 -1.011000 10 0
0.000000 -0.000000 -0.000000 11 0
0.000000 -0.000000 -0.000000 11 65
-0.810000 -0.565000 -0.940000 12 0
-0.809000 -0.547000 -1.006000 11 0
0.000000 -0.000000 -0.000000 11 0
0.000000 -0.000000 -0.000000 11 64
-0.818000 -0.543000 -0.933000 12 0
-0.816000 -0.525000 -0.999000 11 0
0.000000 -0.000000 -0.000000 11 0
0.000000 -0.000000 -0.000000 12 64
-0.824000 -0.519000 -0.925000 12 0
-0.820000 -0.502000 -0.990000 11 0
0.000000 -0.000000 -0.000000 11 0
0.000000 -0.000000 -0.000000 10 64
-0.832000 -0.497000 -0.919000 12 0
-0.829000 -0.482000 -0.987000 12 0
0.000000 -0.000000 -0.000000 11 64
0.000000 -0.000000 -0.000000 0 0
-0.830000 -0.470000 -0.903000 11 0
-0.833000 -0.460000 -0.979000 12 0
0.000000 -0.000000 -0.000000 12 64
0.000000 -0.000000 -0.000000 11 64
-0.837000 -0.449000 -0.898000 13 0
-0.838000 -0.438000 -0.972000 12 0
0.000000 -0.000000 -0.000000 12 64
0.000000 -0.000000 -0.000000 10 64
-0.846000 -0.428000 -0.896000 12 0
-0.847000 -0.418000 -0.971000 14 0
0.000000 -0.000000 -0.000000 12 64
0.000000 -0.000000 -0.000000 11 64
-0.848000 -0.405000 -0.887000 12 0
-0.854000 -0.398000 -0.968000 14 0
0.000000 -0.000000 -0.000000 11 64
0.000000 -0.000000 -0.000000 11 0
-0.838000 -0.376000 -0.867000 3 0
-0.856000 -0.376000 -0.961000 14 0
0.000000 -0.000000 -0.000000 11 64
0.000000 -0.000000 -0.000000 11 64
-0.773000 -0.325000 -0.790000 9 64
-0.856000 -0.353000 -0.952000 6 0
0.000000 -0.000000 -0.000000 0 0
0.000000 -0.000000 -0.000000 0 0
0.000000 -0.000000 -0.000000 0 0
0.000000 -0.000000 -0.000000 0 0
0.000000 -0.000000 -0.000000 0 0
0.000000 -0.000000 -0.000000 0 0
0.000000 -0.000000 -0.000000 0 0
0.000000 -0.000000 -0.000000 0 0
0.000000 -0.000000 -0.000000 0 0
0.000000 -0.000000 -0.000000 0 128
0.000000 -0.000000 -0.000000 0 0
0.000000 -0.000000 -0.000000 0 0
0.000000 -0.000000 -0.000000 0 0
0.000000 -0.000000 -0.000000 0 128
0.000000 -0.000000 -0.000000 0 0
-0.864000 -0.268000 -0.929000 1 0
0.000000 -0.000000 -0.000000 0 0
0.000000 -0.000000 -0.000000 0 0
0.000000 -0.000000 -0.000000 0 0
-0.880000 -0.252000 -0.939000 10 0
0.000000 -0.000000 -0.000000 12 0
0.000000 -0.000000 -0.000000 12 0
-0.845000 -0.223000 -0.820000 3 0
-0.877000 -0.230000 -0.931000 8 0
0.000000 -0.000000 -0.000000 12 0
0.000000 -0.000000 -0.000000 11 0
-0.865000 -0.207000 -0.834000 4 0
-0.883000 -0.210000 -0.932000 8 0
0.000000 -0.000000 -0.000000 12 0
0.000000 -0.000000 -0.000000 11 0
-0.892000 -0.191000 -0.856000 10 0
-0.889000 -0.190000 -0.933000 8 0
0.000000 -0.000000 -0.000000 12 0
0.000000 -0.000000 -0.000000 11 0
-0.902000 -0.171000 -0.861000 7 0
-0.897000 -0.171000 -0.937000 14 0
0.000000 -0.000000 -0.000000 12 0
0.000000 -0.000000 -0.000000 11 0
-0.272000 2.529000 -1.211000 19 0
-0.362000 2.576000 -1.215000 19 0
-0.455000 2.618000 -1.215000 17 0
-0.557000 2.663000 -1.219000 18 0
-0.216000 2.531000 -1.210000 19 0
-0.304000 2.585000 -1.215000 19 0
-0.396000 2.632000 -1.214000 18 0
-0.496000 2.682000 -1.217000 20 0
-0.161000 2.550000 -1.218000 3 0
-0.246000 2.592000 -1.214000 19 0
-0.335000 2.640000 -1.210000 17 0
-0.433000 2.696000 -1.213000 20 0
0.000000 -0.000000 -0.000000 0 0
-0.188000 2.596000 -1.213000 8 0
-0.274000 2.644000 -1.206000 17 0
-0.372000 2.724000 -1.217000 20 0
0.000000 -0.000000 -0.000000 0 128
0.000000 -0.000000 -0.000000 0 0
-0.214000 2.661000 -1.208000 13 0
-0.308000 2.730000 -1.211000 20 0
0.000000 -0.000000 -0.000000 0 128
0.000000 -0.000000 -0.000000 0 128
0.000000 -0.000000 -0.000000 0 0
-0.244000 2.742000 -1.208000 19 0
0.000000 -0.000000 -0.000000 0 128
0.000000 -0.000000 -0.000000 0 128
0.000000 -0.000000 -0.000000 0 128
-0.180000 2.766000 -1.211000 3 0
0.000000 -0.000000 -0.000000 0 128
0.000000 -0.000000 -0.000000 0 192
0.000000 -0.000000 -0.000000 0 128
0.000000 -0.000000 -0.000000 0 0
0.000000 -0.000000 -0.000000 0 192
0.000000 -0.000000 -0.000000 0 128
0.000000 -0.000000 -0.000000 0 192
0.000000 -0.000000 -0.000000 0 192
0.000000 -0.000000 -0.000000 0 128
0.000000 -0.000000 -0.000000 0 128
0.000000 -0.000000 -0.000000 0 128
0.000000 -0.000000 -0.000000 0 128
0.181000 1.621000 -0.781000 0 64
0.000000 -0.000000 -0.000000 0 128
0.000000 -0.000000 -0.000000 0 128
0.000000 -0.000000 -0.000000 0 128
0.207000 1.544000 -0.746000 45 0
0.000000 -0.000000 -0.000000 0 128
0.000000 -0.000000 -0.000000 0 128
0.000000 -0.000000 -0.000000 0 128
0.242000 1.552000 -0.753000 55 0
0.201000 1.549000 -0.721000 39 0
0.000000 -0.000000 -0.000000 0 128
0.000000 -0.000000 -0.000000 0 192
0.279000 1.560000 -0.759000 45 0
0.236000 1.551000 -0.723000 49 0
0.197000 1.547000 -0.689000 29 0
0.164000 1.630000 -0.695000 1 0
0.316000 1.570000 -0.768000 42 0
0.273000 1.560000 -0.729000 48 0
0.234000 1.549000 -0.691000 52 0
0.194000 1.549000 -0.659000 27 0
0.354000 1.584000 -0.778000 43 0
0.311000 1.570000 -0.736000 43 0
0.271000 1.554000 -0.694000 52 0
0.231000 1.547000 -0.658000 58 0
0.392000 1.591000 -0.786000 41 0
0.351000 1.582000 -0.744000 42 0
0.311000 1.566000 -0.700000 52 0
0.271000 1.559000 -0.663000 56 0
0.431000 1.599000 -0.794000 41 0
0.391000 1.594000 -0.753000 45 0
0.352000 1.580000 -0.708000 51 0
0.312000 1.571000 -0.669000 55 0
0.473000 1.614000 -0.807000 38 0
0.431000 1.601000 -0.760000 39 0
0.392000 1.588000 -0.714000 45 0
0.353000 1.581000 -0.673000 44 0
0.512000 1.618000 -0.814000 34 0
0.475000 1.618000 -0.772000 38 0
0.435000 1.601000 -0.722000 41 0
0.396000 1.593000 -0.680000 49 0
0.560000 1.646000 -0.834000 46 0
0.517000 1.627000 -0.780000 40 0
0.479000 1.614000 -0.731000 41 0
0.440000 1.605000 -0.687000 46 0
0.613000 1.680000 -0.858000 47 0
0.559000 1.633000 -0.788000 39 0
0.524000 1.627000 -0.740000 39 0
0.484000 1.613000 -0.692000 43 0
0.659000 1.694000 -0.872000 43 0
0.605000 1.644000 -0.799000 36 0
0.570000 1.639000 -0.749000 39 0
0.530000 1.624000 -0.699000 43 0
0.656000 1.582000 -0.821000 13 0
0.654000 1.663000 -0.813000 37 0
0.618000 1.652000 -0.760000 40 0
0.578000 1.636000 -0.707000 39 0
-0.272000 2.529000 -1.211000 19 0
-0.362000 2.576000 -1.215000 19 0
-0.455000 2.618000 -1.215000 17 0
-0.557000 2.663000 -1.219000 18 0
-0.216000 2.531000 -1.210000 19 0
-0.304000 2.585000 -1.215000 19 0
-0.396000 2.632000 -1.214000 18 0
-0.496000 2.682000 -1.217000 20 0
-0.161000 2.550000 -1.218000 3 0
-0.246000 2.592000 -1.214000 19 0
-0.335000 2.640000 -1.210000 17 0
-0.433000 2.696000 -1.213000 20 0
0.000000 -0.000000 -0.000000 0 0
-0.188000 2.596000 -1.213000 8 0
-0.274000 2.644000 -1.206000 17 0
-0.372000 2.724000 -1.217000 20 0
0.000000 -0.000000 -0.000000 0 128
0.000000 -0.000000 -0.000000 0 0
-0.214000 2.661000 -1.208000 13 0
-0.308000 2.730000 -1.211000 20 0
0.000000 -0.000000 -0.000000 0 128
0.000000 -0.000000 -0.000000 0 128
0.000000 -0.000000 -0.000000 0 0
-0.244000 2.742000 -1.208000 19 0
0.000000 -0.000000 -0.000000 0 128
0.000000 -0.000000 -0.000000 0 128
0.000000 -0.000000 -0.000000 0 128
-0.180000 2.766000 -1.211000 3 0
0.000000 -0.000000 -0.000000 0 128
0.000000 -0.000000 -0.000000 0 192
0.000000 -0.000000 -0.000000 0 128
0.000000 -0.000000 -0.000000 0 0
0.000000 -0.000000 -0.000000 0 192
0.000000 -0.000000 -0.000000 0 128
0.000000 -0.000000 -0.000000 0 192
0.000000 -0.000000 -0.000000 0 192
0.000000 -0.000000 -0.000000 0 128
0.000000 -0.000000 -0.000000 0 128
0.000000 -0.000000 -0.000000 0 128
0.000000 -0.000000 -0.000000 0 128
0.181000 1.621000 -0.781000 0 64
0.000000 -0.000000 -0.000000 0 128
0.000000 -0.000000 -0.000000 0 128
0.000000 -0.000000 -0.000000 0 128
0.207000 1.544000 -0.746000 45 0
0.000000 -0.000000 -0.000000 0 128
0.000000 -0.000000 -0.000000 0 128
0.000000 -0.000000 -0.000000 0 128
0.242000 1.552000 -0.753000 55 0
0.201000 1.549000 -0.721000 39 0
0.000000 -0.000000 -0.000000 0 128
0.000000 -0.000000 -0.000000 0 192
0.279000 1.560000 -0.759000 45 0
0.236000 1.551000 -0.723000 49 0
0.197000 1.547000 -0.689000 29 0
0.164000 1.630000 -0.695000 1 0
0.316000 1.570000 -0.768000 42 0
0.273000 1.560000 -0.729000 48 0
0.234000 1.549000 -0.691000 52 0
0.194000 1.549000 -0.659000 27 0
0.354000 1.584000 -0.778000 43 0
0.311000 1.570000 -0.736000 43 0
0.271000 1.554000 -0.694000 52 0
0.231000 1.547000 -0.658000 58 0
0.392000 1.591000 -0.786000 41 0
0.351000 1.582000 -0.744000 42 0
0.311000 1.566000 -0.700000 52 0
0.271000 1.559000 -0.663000 56 0
0.431000 1.599000 -0.794000 41 0
0.391000 1.594000 -0.753000 45 0
0.352000 1.580000 -0.708000 51 0
0.312000 1.571000 -0.669000 55 0
0.473000 1.614000 -0.807000 38 0
0.431000 1.601000 -0.760000 39 0
0.392000 1.588000 -0.714000 45 0
0.353000 1.581000 -0.673000 44 0
0.512000 1.618000 -0.814000 34 0
0.475000 1.618000 -0.772000 38 0
0.435000 1.601000 -0.722000 41 0
0.396000 1.593000 -0.680000 49 0
0.560000 1.646000 -0.834000 46 0
0.517000 1.627000 -0.780000 40 0
0.479000 1.614000 -0.731000 41 0
0.440000 1.605000 -0.687000 46 0
0.613000 1.680000 -0.858000 47 0
0.559000 1.633000 -0.788000 39 0
0.524000 1.627000 -0.740000 39 0
0.484000 1.613000 -0.692000 43 0
0.659000 1.694000 -0.872000 43 0
0.605000 1.644000 -0.799000 36 0
0.570000 1.639000 -0.749000 39 0
0.530000 1.624000 -0.699000 43 0
0.656000 1.582000 -0.821000 13 0
0.654000 1.663000 -0.813000 37 0
0.618000 1.652000 -0.760000 40 0
0.578000 1.636000 -0.707000 39 0
0.688000 1.565000 -0.820000 11 0
0.707000 1.686000 -0.831000 45 0
0.665000 1.662000 -0.769000 40 0
0.627000 1.648000 -0.716000 42 0
0.733000 1.573000 -0.832000 16 0
0.748000 1.678000 -0.834000 59 0
0.717000 1.677000 -0.782000 39 0
0.679000 1.663000 -0.727000 41 0
0.768000 1.560000 -0.833000 16 0
0.781000 1.653000 -0.829000 150 0
0.768000 1.687000 -0.793000 38 0
0.732000 1.675000 -0.737000 43 0
0.784000 1.510000 -0.815000 6 0
0.835000 1.668000 -0.844000 150 0
0.950000 1.963000 -0.930000 42 0
0.789000 1.694000 -0.751000 51 0
0.803000 1.470000 -0.802000 7 0
1.055000 1.996000 -1.021000 39 0
1.017000 1.983000 -0.948000 38 0
0.978000 1.974000 -0.881000 38 0
1.162000 2.021000 -1.116000 35 0
1.123000 2.013000 -1.041000 41 0
1.090000 2.008000 -0.970000 39 0
1.045000 1.988000 -0.895000 35 0
1.231000 2.038000 -1.139000 34 0
1.191000 2.028000 -1.060000 33 0
1.159000 2.023000 -0.987000 41 0
1.123000 2.015000 -0.916000 43 0
1.295000 2.044000 -1.158000 24 0
1.262000 2.044000 -1.081000 31 0
1.233000 2.041000 -1.007000 36 0
1.200000 2.038000 -0.936000 39 0
1.345000 2.026000 -1.163000 14 0
1.391000 2.143000 -1.148000 15 0
1.343000 2.111000 -1.054000 131 0
1.274000 2.049000 -0.951000 36 0
1.386000 1.994000 -1.160000 15 0
1.450000 2.129000 -1.156000 14 0
1.512000 2.259000 -1.142000 16 0
1.587000 2.420000 -1.137000 14 0
1.431000 1.968000 -1.162000 5 0
1.489000 2.085000 -1.148000 8 0
1.481000 2.105000 -1.079000 10 0
1.471000 2.130000 -1.014000 9 0
0.000000 -0.000000 -0.000000 0 0
0.000000 -0.000000 -0.000000 0 0
0.000000 -0.000000 -0.000000 0 0
0.000000 -0.000000 -0.000000 0 0
0.000000 -0.000000 -0.000000 0 128
0.000000 -0.000000 -0.000000 0 128
0.000000 -0.000000 -0.000000 0 128
0.000000 -0.000000 -0.000000 0 128
0.000000 -0.000000 -0.000000 0 128
0.000000 -0.000000 -0.000000 0 128
0.000000 -0.000000 -0.000000 0 128
0.000000 -0.000000 -0.000000 0 128
0.000000 -0.000000 -0.000000 0 128
0.000000 -0.000000 -0.000000 0 0
0.000000 -0.000000 -0.000000 0 0
0.000000 -0.000000 -0.000000 0 128
0.000000 -0.000000 -0.000000 0 128
0.000000 -0.000000 -0.000000 0 0
0.000000 -0.000000 -0.000000 0 0
0.000000 -0.000000 -0.000000 0 128
0.000000 -0.000000 -0.000000 0 128
0.000000 -0.000000 -0.000000 0 0
0.000000 -0.000000 -0.000000 0 0
0.000000 -0.000000 -0.000000 0 128
0.000000 -0.000000 -0.000000 0 128
0.000000 -0.000000 -0.000000 0 0
0.000000 -0.000000 -0.000000 0 0
0.000000 -0.000000 -0.000000 0 128
0.000000 -0.000000 -0.000000 0 128
0.000000 -0.000000 -0.000000 0 0
0.000000 -0.000000 -0.000000 0 0
0.000000 -0.000000 -0.000000 0 128
0.000000 -0.000000 -0.000000 0 128
0.000000 -0.000000 -0.000000 0 0
0.000000 -0.000000 -0.000000 0 0
0.000000 -0.000000 -0.000000 0 128
0.000000 -0.000000 -0.000000 0 128
0.000000 -0.000000 -0.000000 0 0
0.000000 -0.000000 -0.000000 0 0
0.000000 -0.000000 -0.000000 0 128
0.000000 -0.000000 -0.000000 0 128
0.000000 -0.000000 -0.000000 0 0
0.000000 -0.000000 -0.000000 0 0
0.000000 -0.000000 -0.000000 0 128
0.000000 -0.000000 -0.000000 0 128
0.000000 -0.000000 -0.000000 0 128
0.000000 -0.000000 -0.000000 0 128
0.000000 -0.000000 -0.000000 0 128
0.000000 -0.000000 -0.000000 0 128
0.000000 -0.000000 -0.000000 0 128
0.000000 -0.000000 -0.000000 0 128
0.000000 -0.000000 -0.000000 0 128
0.688000 1.565000 -0.820000 11 0
0.707000 1.686000 -0.831000 45 0
0.665000 1.662000 -0.769000 40 0
0.627000 1.648000 -0.716000 42 0
0.733000 1.573000 -0.832000 16 0
0.748000 1.678000 -0.834000 59 0
0.717000 1.677000 -0.782000 39 0
0.679000 1.663000 -0.727000 41 0
0.768000 1.560000 -0.833000 16 0
0.781000 1.653000 -0.829000 150 0
0.768000 1.687000 -0.793000 38 0
0.732000 1.675000 -0.737000 43 0
0.784000 1.510000 -0.815000 6 0
0.835000 1.668000 -0.844000 150 0
0.950000 1.963000 -0.930000 42 0
0.789000 1.694000 -0.751000 51 0
0.803000 1.470000 -0.802000 7 0
1.055000 1.996000 -1.021000 39 0
1.017000 1.983000 -0.948000 38 0
0.978000 1.974000 -0.881000 38 0
1.162000 2.021000 -1.116000 35 0
1.123000 2.013000 -1.041000 41 0
1.090000 2.008000 -0.970000 39 0
1.045000 1.988000 -0.895000 35 0
1.231000 2.038000 -1.139000 34 0
1.191000 2.028000 -1.060000 33 0
1.159000 2.023000 -0.987000 41 0
1.123000 2.015000 -0.916000 43 0
1.295000 2.044000 -1.158000 24 0
1.262000 2.044000 -1.081000 31 0
1.233000 2.041000 -1.007000 36 0
1.200000 2.038000 -0.936000 39 0
1.345000 2.026000 -1.163000 14 0
1.391000 2.143000 -1.148000 15 0
1.343000 2.111000 -1.054000 131 0
1.274000 2.049000 -0.951000 36 0
1.386000 1.994000 -1.160000 15 0
1.450000 2.129000 -1.156000 14 0
1.512000 2.259000 -1.142000 16 0
1.587000 2.420000 -1.137000 14 0
1.431000 1.968000 -1.162000 5 0
1.489000 2.085000 -1.148000 8 0
1.481000 2.105000 -1.079000 10 0
1.471000 2.130000 -1.014000 9 0
0.000000 -0.000000 -0.000000 0 0
0.000000 -0.000000 -0.000000 0 0
0.000000 -0.000000 -0.000000 0 0
0.000000 -0.000000 -0.000000 0 0
0.000000 -0.000000 -0.000000 0 128
0.000000 -0.000000 -0.000000 0 128
0.000000 -0.000000 -0.000000 0 128
0.000000 -0.000000 -0.000000 0 128
0.000000 -0.000000 -0.000000 0 128
0.000000 -0.000000 -0.000000 0 128
0.000000 -0.000000 -0.000000 0 128
0.000000 -0.000000 -0.000000 0 128
0.000000 -0.000000 -0.000000 0 128
0.000000 -0.000000 -0.000000 0 0
0.000000 -0.000000 -0.000000 0 0
0.000000 -0.000000 -0.000000 0 128
0.000000 -0.000000 -0.000000 0 128
0.000000 -0.000000 -0.000000 0 0
0.000000 -0.000000 -0.000000 0 0
0.000000 -0.000000 -0.000000 0 128
0.000000 -0.000000 -0.000000 0 128
0.000000 -0.000000 -0.000000 0 0
0.000000 -0.000000 -0.000000 0 0
0.000000 -0.000000 -0.000000 0 128
0.000000 -0.000000 -0.000000 0 128
0.000000 -0.000000 -0.000000 0 0
0.000000 -0.000000 -0.000000 0 0
0.000000 -0.000000 -0.000000 0 128
0.000000 -0.000000 -0.000000 0 128
0.000000 -0.000000 -0.000000 0 0
0.000000 -0.000000 -0.000000 0 0
0.000000 -0.000000 -0.000000 0 128
0.000000 -0.000000 -0.000000 0 128
0.000000 -0.000000 -0.000000 0 0
0.000000 -0.000000 -0.000000 0 0
0.000000 -0.000000 -0.000000 0 128
0.000000 -0.000000 -0.000000 0 128
0.000000 -0.000000 -0.000000 0 0
0.000000 -0.000000 -0.000000 0 0
0.000000 -0.000000 -0.000000 0 128
0.000000 -0.000000 -0.000000 0 128
0.000000 -0.000000 -0.000000 0 0
0.000000 -0.000000 -0.000000 0 0
0.000000 -0.000000 -0.000000 0 128
0.000000 -0.000000 -0.000000 0 128
0.000000 -0.000000 -0.000000 0 128
0.000000 -0.000000 -0.000000 0 128
0.000000 -0.000000 -0.000000 0 128
0.000000 -0.000000 -0.000000 0 128
0.000000 -0.000000 -0.000000 0 128
0.000000 -0.000000 -0.000000 0 128
0.000000 -0.000000 -0.000000 0 128
0.000000 -0.000000 -0.000000 0 128
0.000000 -0.000000 -0.000000 0 128
0.000000 -0.000000 -0.000000 0 0
0.000000 -0.000000 -0.000000 0 0
0.000000 -0.000000 -0.000000 0 128
0.000000 -0.000000 -0.000000 0 128
0.000000 -0.000000 -0.000000 0 0
0.000000 -0.000000 -0.000000 0 0
0.000000 -0.000000 -0.000000 0 128
0.000000 -0.000000 -0.000000 0 0
0.000000 -0.000000 -0.000000 0 0
0.000000 -0.000000 -0.000000 0 0
0.000000 -0.000000 -0.000000 0 128
0.000000 -0.000000 -0.000000 0 0
0.000000 -0.000000 -0.000000 0 0
0.000000 -0.000000 -0.000000 0 0
0.000000 -0.000000 -0.000000 0 0
0.000000 -0.000000 -0.000000 0 0
0.000000 -0.000000 -0.000000 0 0
0.000000 -0.000000 -0.000000 0 0
0.000000 -0.000000 -0.000000 0 0
0.000000 -0.000000 -0.000000 0 0
0.000000 -0.000000 -0.000000 0 0
0.000000 -0.000000 -0.000000 0 0
0.000000 -0.000000 -0.000000 0 0
0.000000 -0.000000 -0.000000 0 0
0.000000 -0.000000 -0.000000 0 0
0.000000 -0.000000 -0.000000 0 0
0.000000 -0.000000 -0.000000 0 0
0.000000 -0.000000 -0.000000 0 0
0.000000 -0.000000 -0.000000 0 0
0.000000 -0.000000 -0.000000 0 0
0.000000 -0.000000 -0.000000 0 0
0.000000 -0.000000 -0.000000 0 0
0.000000 -0.000000 -0.000000 0 0
0.000000 -0.000000 -0.000000 0 0
0.000000 -0.000000 -0.000000 0 0
0.000000 -0.000000 -0.000000 0 0
0.000000 -0.000000 -0.000000 0 0
0.000000 -0.000000 -0.000000 0 0
0.000000 -0.000000 -0.000000 0 0
0.000000 -0.000000 -0.000000 0 0
0.000000 -0.000000 -0.000000 0 0
0.000000 -0.000000 -0.000000 0 0
0.000000 -0.000000 -0.000000 0 0
0.000000 -0.000000 -0.000000 0 0
0.000000 -0.000000 -0.000000 0 0
0.000000 -0.000000 -0.000000 0 0
0.000000 -0.000000 -0.000000 0 0
0.000000 -0.000000 -0.000000 0 0
0.000000 -0.000000 -0.000000 0 0
0.000000 -0.000000 -0.000000 0 0
0.000000 -0.000000 -0.000000 0 0
0.000000 -0.000000 -0.000000 0 0
0.000000 -0.000000 -0.000000 0 0
0.000000 -0.000000 -0.000000 0 0
0.000000 -0.000000 -0.000000 0 0
0.000000 -0.000000 -0.000000 0 0
0.000000 -0.000000 -0.000000 0 0
0.000000 -0.000000 -0.000000 0 0
0.000000 -0.000000 -0.000000 0 0
0.000000 -0.000000 -0.000000 0 0
0.000000 -0.000000 -0.000000 0 0
0.000000 -0.000000 -0.000000 0 128
0.000000 -0.000000 -0.000000 0 0
0.000000 -0.000000 -0.000000 0 0
0.000000 -0.000000 -0.000000 0 0
0.000000 -0.000000 -0.000000 0 128
0.000000 -0.000000 -0.000000 0 0
0.000000 -0.000000 -0.000000 0 0
0.000000 -0.000000 -0.000000 0 0
0.000000 -0.000000 -0.000000 0 128
0.000000 -0.000000 -0.000000 0 0
0.000000 -0.000000 -0.000000 0 0
0.000000 -0.000000 -0.000000 0 0
0.000000 -0.000000 -0.000000 0 128
0.000000 -0.000000 -0.000000 0 0
0.000000 -0.000000 -0.000000 0 0
0.000000 -0.000000 -0.000000 0 0
0.000000 -0.000000 -0.000000 0 128
0.000000 -0.000000 -0.000000 0 0
0.000000 -0.000000 -0.000000 0 0
0.000000 -0.000000 -0.000000 0 0
0.000000 -0.000000 -0.000000 0 0
0.000000 -0.000000 -0.000000 0 0
0.000000 -0.000000 -0.000000 0 0
0.000000 -0.000000 -0.000000 0 0
0.000000 -0.000000 -0.000000 0 0
0.000000 -0.000000 -0.000000 0 0
0.000000 -0.000000 -0.000000 0 0
0.000000 -0.000000 -0.000000 0 0
0.000000 -0.000000 -0.000000 0 0
0.000000 -0.000000 -0.000000 0 0
0.000000 -0.000000 -0.000000 0 0
0.000000 -0.000000 -0.000000 0 0
0.000000 -0.000000 -0.000000 0 0
0.000000 -0.000000 -0.000000 0 128
0.000000 -0.000000 -0.000000 0 128
0.000000 -0.000000 -0.000000 0 0
0.000000 -0.000000 -0.000000 0 0
0.000000 -0.000000 -0.000000 0 128
0.000000 -0.000000 -0.000000 0 128
0.000000 -0.000000 -0.000000 0 0
0.000000 -0.000000 -0.000000 0 0
0.000000 -0.000000 -0.000000 0 128
0.000000 -0.000000 -0.000000 0 0
0.000000 -0.000000 -0.000000 0 0
0.000000 -0.000000 -0.000000 0 0
0.000000 -0.000000 -0.000000 0 128
0.000000 -0.000000 -0.000000 0 0
0.000000 -0.000000 -0.000000 0 0
0.000000 -0.000000 -0.000000 0 0
0.000000 -0.000000 -0.000000 0 0
0.000000 -0.000000 -0.000000 0 0
0.000000 -0.000000 -0.000000 0 0
0.000000 -0.000000 -0.000000 0 0
0.000000 -0.000000 -0.000000 0 0
0.000000 -0.000000 -0.000000 0 0
0.000000 -0.000000 -0.000000 0 0
0.000000 -0.000000 -0.000000 0 0
0.000000 -0.000000 -0.000000 0 0
0.000000 -0.000000 -0.000000 0 0
0.000000 -0.000000 -0.000000 0 0
0.000000 -0.000000 -0.000000 0 0
0.000000 -0.000000 -0.000000 0 0
0.000000 -0.000000 -0.000000 0 0
0.000000 -0.000000 -0.000000 0 0
0.000000 -0.000000 -0.000000 0 0
0.000000 -0.000000 -0.000000 0 0
0.000000 -0.000000 -0.000000 0 0
0.000000 -0.000000 -0.000000 0 0
0.000000 -0.000000 -0.000000 0 0
0.000000 -0.000000 -0.000000 0 0
0.000000 -0.000000 -0.000000 0 0
0.000000 -0.000000 -0.000000 0 0
0.000000 -0.000000 -0.000000 0 0
0.000000 -0.000000 -0.000000 0 0
0.000000 -0.000000 -0.000000 0 0
0.000000 -0.000000 -0.000000 0 0
0.000000 -0.000000 -0.000000 0 0
0.000000 -0.000000 -0.000000 0 0
0.000000 -0.000000 -0.000000 0 0
0.000000 -0.000000 -0.000000 0 0
0.000000 -0.000000 -0.000000 0 0
0.000000 -0.000000 -0.000000 0 0
0.000000 -0.000000 -0.000000 0 0
0.000000 -0.000000 -0.000000 0 0
0.000000 -0.000000 -0.000000 0 0
0.000000 -0.000000 -0.000000 0 0
0.000000 -0.000000 -0.000000 0 0
0.000000 -0.000000 -0.000000 0 0
0.000000 -0.000000 -0.000000 0 0
0.000000 -0.000000 -0.000000 0 0
0.000000 -0.000000 -0.000000 0 0
0.000000 -0.000000 -0.000000 0 0
0.000000 -0.000000 -0.000000 0 0
0.000000 -0.000000 -0.000000 0 0
0.000000 -0.000000 -0.000000 0 0
0.000000 -0.000000 -0.000000 0 0
0.000000 -0.000000 -0.000000 0 128
0.000000 -0.000000 -0.000000 0 0
0.000000 -0.000000 -0.000000 0 0
0.000000 -0.000000 -0.000000 0 0
0.000000 -0.000000 -0.000000 0 128
0.000000 -0.000000 -0.000000 0 0
0.000000 -0.000000 -0.000000 0 0
0.000000 -0.000000 -0.000000 0 0
0.000000 -0.000000 -0.000000 0 128
0.000000 -0.000000 -0.000000 0 0
0.000000 -0.000000 -0.000000 0 0
0.000000 -0.000000 -0.000000 0 0
0.000000 -0.000000 -0.000000 0 128
0.000000 -0.000000 -0.000000 0 0
0.000000 -0.000000 -0.000000 0 0
0.000000 -0.000000 -0.000000 0 0
0.000000 -0.000000 -0.000000 0 128
0.000000 -0.000000 -0.000000 0 0
0.000000 -0.000000 -0.000000 0 0
0.000000 -0.000000 -0.000000 0 0
0.000000 -0.000000 -0.000000 0 0
0.000000 -0.000000 -0.000000 0 0
0.000000 -0.000000 -0.000000 0 0
0.000000 -0.000000 -0.000000 0 0
0.000000 -0.000000 -0.000000 0 0
0.000000 -0.000000 -0.000000 0 0
0.000000 -0.000000 -0.000000 0 0
0.000000 -0.000000 -0.000000 0 0
0.000000 -0.000000 -0.000000 0 0
0.000000 -0.000000 -0.000000 0 0
0.000000 -0.000000 -0.000000 0 0
0.000000 -0.000000 -0.000000 0 0
0.000000 -0.000000 -0.000000 0 0
0.000000 -0.000000 -0.000000 0 0
0.000000 -0.000000 -0.000000 0 0
0.000000 -0.000000 -0.000000 0 0
0.000000 -0.000000 -0.000000 0 0
0.000000 -0.000000 -0.000000 0 0
0.000000 -0.000000 -0.000000 0 0
0.000000 -0.000000 -0.000000 0 0
0.000000 -0.000000 -0.000000 0 0
0.000000 -0.000000 -0.000000 0 0
0.000000 -0.000000 -0.000000 0 0
0.000000 -0.000000 -0.000000 0 0
0.000000 -0.000000 -0.000000 0 0
0.000000 -0.000000 -0.000000 0 128
0.000000 -0.000000 -0.000000 0 0
0.000000 -0.000000 -0.000000 0 0
0.000000 -0.000000 -0.000000 0 0
0.000000 -0.000000 -0.000000 0 0
0.000000 -0.000000 -0.000000 0 0
0.000000 -0.000000 -0.000000 0 0
0.000000 -0.000000 -0.000000 0 0
0.000000 -0.000000 -0.000000 0 0
0.000000 -0.000000 -0.000000 0 0
0.000000 -0.000000 -0.000000 0 0
0.000000 -0.000000 -0.000000 0 0
0.000000 -0.000000 -0.000000 0 0
0.000000 -0.000000 -0.000000 0 0
0.000000 -0.000000 -0.000000 0 0
0.000000 -0.000000 -0.000000 0 0
0.000000 -0.000000 -0.000000 0 0
0.000000 -0.000000 -0.000000 0 0
0.000000 -0.000000 -0.000000 0 0
0.000000 -0.000000 -0.000000 0 0
0.000000 -0.000000 -0.000000 0 0
0.000000 -0.000000 -0.000000 0 0
0.000000 -0.000000 -0.000000 0 0
0.000000 -0.000000 -0.000000 0 0
0.000000 -0.000000 -0.000000 0 0
0.000000 -0.000000 -0.000000 0 0
0.000000 -0.000000 -0.000000 0 0
0.000000 -0.000000 -0.000000 0 0
0.000000 -0.000000 -0.000000 0 0
0.000000 -0.000000 -0.000000 0 0
0.000000 -0.000000 -0.000000 0 0
0.000000 -0.000000 -0.000000 0 128
0.000000 -0.000000 -0.000000 0 0
0.000000 -0.000000 -0.000000 0 0
0.000000 -0.000000 -0.000000 0 0
0.000000 -0.000000 -0.000000 0 0
0.000000 -0.000000 -0.000000 0 0
0.000000 -0.000000 -0.000000 0 0
0.000000 -0.000000 -0.000000 0 0
0.000000 -0.000000 -0.000000 0 0
0.000000 -0.000000 -0.000000 0 0
0.000000 -0.000000 -0.000000 0 0
0.000000 -0.000000 -0.000000 0 0
0.000000 -0.000000 -0.000000 0 0
0.000000 -0.000000 -0.000000 0 0
0.000000 -0.000000 -0.000000 0 0
0.000000 -0.000000 -0.000000 0 0
0.000000 -0.000000 -0.000000 0 0
0.000000 -0.000000 -0.000000 0 0
0.000000 -0.000000 -0.000000 0 0
0.000000 -0.000000 -0.000000 0 0
0.000000 -0.000000 -0.000000 0 0
0.000000 -0.000000 -0.000000 0 0
0.000000 -0.000000 -0.000000 0 0
0.000000 -0.000000 -0.000000 0 0
0.000000 -0.000000 -0.000000 0 0
0.000000 -0.000000 -0.000000 0 0
0.000000 -0.000000 -0.000000 0 0
0.000000 -0.000000 -0.000000 0 0
0.000000 -0.000000 -0.000000 0 0
0.000000 -0.000000 -0.000000 0 0
0.000000 -0.000000 -0.000000 0 0
0.000000 -0.000000 -0.000000 0 0
0.000000 -0.000000 -0.000000 0 0
0.000000 -0.000000 -0.000000 0 0
0.000000 -0.000000 -0.000000 0 0
0.000000 -0.000000 -0.000000 0 0
0.000000 -0.000000 -0.000000 0 0
0.000000 -0.000000 -0.000000 0 0
0.000000 -0.000000 -0.000000 0 0
0.000000 -0.000000 -0.000000 0 0
0.000000 -0.000000 -0.000000 0 0
0.000000 -0.000000 -0.000000 0 0
0.000000 -0.000000 -0.000000 0 0
0.000000 -0.000000 -0.000000 0 0
0.000000 -0.000000 -0.000000 0 0
0.000000 -0.000000 -0.000000 0 0
0.000000 -0.000000 -0.000000 0 0
0.000000 -0.000000 -0.000000 0 0
0.000000 -0.000000 -0.000000 0 0
0.000000 -0.000000 -0.000000 0 0
0.000000 -0.000000 -0.000000 0 0
0.000000 -0.000000 -0.000000 0 0
0.000000 -0.000000 -0.000000 0 0
0.000000 -0.000000 -0.000000 0 0
0.000000 -0.000000 -0.000000 0 0
0.000000 -0.000000 -0.000000 0 0
0.000000 -0.000000 -0.000000 0 0
0.000000 -0.000000 -0.000000 0 0
0.000000 -0.000000 -0.000000 0 0
0.000000 -0.000000 -0.000000 0 0
0.000000 -0.000000 -0.000000 0 0
0.000000 -0.000000 -0.000000 0 0
0.000000 -0.000000 -0.000000 0 0
0.000000 -0.000000 -0.000000 0 0
0.000000 -0.000000 -0.000000 0 0
0.000000 -0.000000 -0.000000 0 128
0.000000 -0.000000 -0.000000 0 0
0.000000 -0.000000 -0.000000 0 0
0.000000 -0.000000 -0.000000 0 0
0.000000 -0.000000 -0.000000 0 0
0.000000 -0.000000 -0.000000 0 0
0.000000 -0.000000 -0.000000 0 0
0.000000 -0.000000 -0.000000 0 0
0.000000 -0.000000 -0.000000 0 0
0.000000 -0.000000 -0.000000 0 0
0.000000 -0.000000 -0.000000 0 0
0.000000 -0.000000 -0.000000 0 0
0.000000 -0.000000 -0.000000 0 0
0.000000 -0.000000 -0.000000 0 0
0.000000 -0.000000 -0.000000 0 0
0.000000 -0.000000 -0.000000 0 0
0.000000 -0.000000 -0.000000 0 0
0.000000 -0.000000 -0.000000 0 0
0.000000 -0.000000 -0.000000 0 0
0.000000 -0.000000 -0.000000 0 0
0.000000 -0.000000 -0.000000 0 0
0.000000 -0.000000 -0.000000 0 0
0.000000 -0.000000 -0.000000 0 0
0.000000 -0.000000 -0.000000 0 0
0.000000 -0.000000 -0.000000 0 0
0.000000 -0.000000 -0.000000 0 0
0.000000 -0.000000 -0.000000 0 0
0.000000 -0.000000 -0.000000 0 0
0.000000 -0.000000 -0.000000 0 0
0.000000 -0.000000 -0.000000 0 0
0.000000 -0.000000 -0.000000 0 0
0.000000 -0.000000 -0.000000 0 128
0.000000 -0.000000 -0.000000 0 0
0.000000 -0.000000 -0.000000 0 0
0.000000 -0.000000 -0.000000 0 0
0.000000 -0.000000 -0.000000 0 0
0.000000 -0.000000 -0.000000 0 0
0.000000 -0.000000 -0.000000 0 0
0.000000 -0.000000 -0.000000 0 0
0.000000 -0.000000 -0.000000 0 0
0.000000 -0.000000 -0.000000 0 0
0.000000 -0.000000 -0.000000 0 0
0.000000 -0.000000 -0.000000 0 0
0.000000 -0.000000 -0.000000 0 0
0.000000 -0.000000 -0.000000 0 0
0.000000 -0.000000 -0.000000 0 0
0.000000 -0.000000 -0.000000 0 0
0.000000 -0.000000 -0.000000 0 0
0.000000 -0.000000 -0.000000 0 0
0.000000 -0.000000 -0.000000 0 0
0.000000 -0.000000 -0.000000 0 0
0.000000 -0.000000 -0.000000 0 0
0.000000 -0.000000 -0.000000 0 0
0.000000 -0.000000 -0.000000 0 0
0.000000 -0.000000 -0.000000 0 0
0.000000 -0.000000 -0.000000 0 0
0.000000 -0.000000 -0.000000 0 0
0.000000 -0.000000 -0.000000 0 0
0.000000 -0.000000 -0.000000 0 0
0.000000 -0.000000 -0.000000 0 0
0.000000 -0.000000 -0.000000 0 0
0.000000 -0.000000 -0.000000 0 0
0.000000 -0.000000 -0.000000 0 0
0.000000 -0.000000 -0.000000 0 0
0.000000 -0.000000 -0.000000 0 0
0.000000 -0.000000 -0.000000 0 0
0.000000 -0.000000 -0.000000 0 0
0.000000 -0.000000 -0.000000 0 0
0.000000 -0.000000 -0.000000 0 0
0.000000 -0.000000 -0.000000 0 0
0.000000 -0.000000 -0.000000 0 0
0.000000 -0.000000 -0.000000 0 0
0.000000 -0.000000 -0.000000 0 0
0.000000 -0.000000 -0.000000 0 0
0.000000 -0.000000 -0.000000 0 0
0.000000 -0.000000 -0.000000 0 0
0.000000 -0.000000 -0.000000 0 0
0.000000 -0.000000 -0.000000 0 0
0.000000 -0.000000 -0.000000 0 0
0.000000 -0.000000 -0.000000 0 0
0.000000 -0.000000 -0.000000 0 0
0.000000 -0.000000 -0.000000 0 0
0.000000 -0.000000 -0.000000 0 0
0.000000 -0.000000 -0.000000 0 0
0.000000 -0.000000 -0.000000 0 0
0.000000 -0.000000 -0.000000 0 0
0.000000 -0.000000 -0.000000 0 0
0.000000 -0.000000 -0.000000 0 0
0.000000 -0.000000 -0.000000 0 0
0.000000 -0.000000 -0.000000 0 0
0.000000 -0.000000 -0.000000 0 0
0.000000 -0.000000 -0.000000 0 0
0.000000 -0.000000 -0.000000 0 0
0.000000 -0.000000 -0.000000 0 0
0.000000 -0.000000 -0.000000 0 0
0.000000 -0.000000 -0.000000 0 0
0.000000 -0.000000 -0.000000 0 0
0.000000 -0.000000 -0.000000 0 0
0.000000 -0.000000 -0.000000 0 0
0.000000 -0.000000 -0.000000 0 0
0.000000 -0.000000 -0.000000 0 128
0.000000 -0.000000 -0.000000 0 0
0.000000 -0.000000 -0.000000 0 0
0.000000 -0.000000 -0.000000 0 0
0.000000 -0.000000 -0.000000 0 0
0.000000 -0.000000 -0.000000 0 0
0.000000 -0.000000 -0.000000 0 0
0.000000 -0.000000 -0.000000 0 128
0.000000 -0.000000 -0.000000 0 128
0.000000 -0.000000 -0.000000 0 0
0.000000 -0.000000 -0.000000 0 0
0.000000 -0.000000 -0.000000 0 128
0.000000 -0.000000 -0.000000 0 0
0.000000 -0.000000 -0.000000 0 0
0.000000 -0.000000 -0.000000 0 0
0.000000 -0.000000 -0.000000 0 128
0.000000 -0.000000 -0.000000 0 0
0.000000 -0.000000 -0.000000 0 128
0.000000 -0.000000 -0.000000 0 0
0.000000 -0.000000 -0.000000 0 128
0.000000 -0.000000 -0.000000 0 128
0.000000 -0.000000 -0.000000 0 128
0.000000 -0.000000 -0.000000 0 0
0.000000 -0.000000 -0.000000 0 0
0.000000 -0.000000 -0.000000 0 128
0.000000 -0.000000 -0.000000 0 0
0.000000 -0.000000 -0.000000 0 0
0.000000 -0.000000 -0.000000 0 128
0.000000 -0.000000 -0.000000 0 128
0.000000 -0.000000 -0.000000 0 0
0.000000 -0.000000 -0.000000 0 0
0.000000 -0.000000 -0.000000 0 0
0.000000 -0.000000 -0.000000 0 128
0.000000 -0.000000 -0.000000 0 0
0.000000 -0.000000 -0.000000 0 0
0.000000 -0.000000 -0.000000 0 128
0.000000 -0.000000 -0.000000 0 128
0.000000 -0.000000 -0.000000 0 0
0.000000 -0.000000 -0.000000 0 0
0.000000 -0.000000 -0.000000 0 0
0.000000 -0.000000 -0.000000 0 128
0.000000 -0.000000 -0.000000 0 0
0.000000 -0.000000 -0.000000 0 0
0.000000 -0.000000 -0.000000 0 128
0.000000 -0.000000 -0.000000 0 128
0.000000 -0.000000 -0.000000 0 0
0.000000 -0.000000 -0.000000 0 0
0.000000 -0.000000 -0.000000 0 128
0.000000 -0.000000 -0.000000 0 128
0.000000 -0.000000 -0.000000 0 0
0.000000 -0.000000 -0.000000 0 0
0.000000 -0.000000 -0.000000 0 128
0.000000 -0.000000 -0.000000 0 0
0.000000 -0.000000 -0.000000 0 0
0.000000 -0.000000 -0.000000 0 0
0.000000 -0.000000 -0.000000 0 192
0.000000 -0.000000 -0.000000 0 128
0.000000 -0.000000 -0.000000 0 128
0.000000 -0.000000 -0.000000 0 128
0.000000 -0.000000 -0.000000 0 128
0.000000 -0.000000 -0.000000 0 128
0.000000 -0.000000 -0.000000 0 128
0.000000 -0.000000 -0.000000 0 128
0.000000 -0.000000 -0.000000 0 128
0.000000 -0.000000 -0.000000 0 128
0.000000 -0.000000 -0.000000 0 128
0.000000 -0.000000 -0.000000 0 128
0.000000 -0.000000 -0.000000 0 0
0.000000 -0.000000 -0.000000 0 128
0.000000 -0.000000 -0.000000 0 128
0.000000 -0.000000 -0.000000 0 0
0.599000 -0.959000 -0.411000 6 0
0.000000 -0.000000 -0.000000 0 128
0.000000 -0.000000 -0.000000 0 192
0.615000 -0.938000 -0.412000 3 0
0.575000 -0.971000 -0.410000 5 0
0.000000 -0.000000 -0.000000 0 192
0.000000 -0.000000 -0.000000 0 0
0.592000 -0.951000 -0.411000 6 0
0.550000 -0.979000 -0.409000 4 0
0.000000 -0.000000 -0.000000 0 0
0.000000 -0.000000 -0.000000 0 0
0.000000 -0.000000 -0.000000 0 0
0.000000 -0.000000 -0.000000 0 0
0.000000 -0.000000 -0.000000 0 0
0.000000 -0.000000 -0.000000 0 0
0.000000 -0.000000 -0.000000 0 0
0.000000 -0.000000 -0.000000 0 0
0.000000 -0.000000 -0.000000 0 0
0.000000 -0.000000 -0.000000 0 0
0.000000 -0.000000 -0.000000 0 0
0.000000 -0.000000 -0.000000 0 0
0.000000 -0.000000 -0.000000 0 0
0.000000 -0.000000 -0.000000 0 0
0.000000 -0.000000 -0.000000 0 0
0.000000 -0.000000 -0.000000 0 0
0.000000 -0.000000 -0.000000 0 128
0.000000 -0.000000 -0.000000 0 0
0.000000 -0.000000 -0.000000 0 0
0.000000 -0.000000 -0.000000 0 0
0.000000 -0.000000 -0.000000 0 0
0.000000 -0.000000 -0.000000 0 0
0.000000 -0.000000 -0.000000 0 0
0.000000 -0.000000 -0.000000 0 128
0.000000 -0.000000 -0.000000 0 128
0.000000 -0.000000 -0.000000 0 0
0.000000 -0.000000 -0.000000 0 0
0.000000 -0.000000 -0.000000 0 128
0.000000 -0.000000 -0.000000 0 0
0.000000 -0.000000 -0.000000 0 0
0.000000 -0.000000 -0.000000 0 0
0.000000 -0.000000 -0.000000 0 128
0.000000 -0.000000 -0.000000 0 0
0.000000 -0.000000 -0.000000 0 128
0.000000 -0.000000 -0.000000 0 0
0.000000 -0.000000 -0.000000 0 128
0.000000 -0.000000 -0.000000 0 128
0.000000 -0.000000 -0.000000 0 128
0.000000 -0.000000 -0.000000 0 0
0.000000 -0.000000 -0.000000 0 0
0.000000 -0.000000 -0.000000 0 128
0.000000 -0.000000 -0.000000 0 0
0.000000 -0.000000 -0.000000 0 0
0.000000 -0.000000 -0.000000 0 128
0.000000 -0.000000 -0.000000 0 128
0.000000 -0.000000 -0.000000 0 0
0.000000 -0.000000 -0.000000 0 0
0.000000 -0.000000 -0.000000 0 0
0.000000 -0.000000 -0.000000 0 128
0.000000 -0.000000 -0.000000 0 0
0.000000 -0.000000 -0.000000 0 0
0.000000 -0.000000 -0.000000 0 128
0.000000 -0.000000 -0.000000 0 128
0.000000 -0.000000 -0.000000 0 0
0.000000 -0.000000 -0.000000 0 0
0.000000 -0.000000 -0.000000 0 0
0.000000 -0.000000 -0.000000 0 128
0.000000 -0.000000 -0.000000 0 0
0.000000 -0.000000 -0.000000 0 0
0.000000 -0.000000 -0.000000 0 128
0.000000 -0.000000 -0.000000 0 128
0.000000 -0.000000 -0.000000 0 0
0.000000 -0.000000 -0.000000 0 0
0.000000 -0.000000 -0.000000 0 128
0.000000 -0.000000 -0.000000 0 128
0.000000 -0.000000 -0.000000 0 0
0.000000 -0.000000 -0.000000 0 0
0.000000 -0.000000 -0.000000 0 128
0.000000 -0.000000 -0.000000 0 0
0.000000 -0.000000 -0.000000 0 0
0.000000 -0.000000 -0.000000 0 0
0.000000 -0.000000 -0.000000 0 192
0.000000 -0.000000 -0.000000 0 128
0.000000 -0.000000 -0.000000 0 128
0.000000 -0.000000 -0.000000 0 128
0.000000 -0.000000 -0.000000 0 128
0.000000 -0.000000 -0.000000 0 128
0.000000 -0.000000 -0.000000 0 128
0.000000 -0.000000 -0.000000 0 128
0.000000 -0.000000 -0.000000 0 128
0.000000 -0.000000 -0.000000 0 128
0.000000 -0.000000 -0.000000 0 128
0.000000 -0.000000 -0.000000 0 128
0.000000 -0.000000 -0.000000 0 0
0.000000 -0.000000 -0.000000 0 128
0.000000 -0.000000 -0.000000 0 128
0.000000 -0.000000 -0.000000 0 0
0.599000 -0.959000 -0.411000 6 0
0.000000 -0.000000 -0.000000 0 128
0.000000 -0.000000 -0.000000 0 192
0.615000 -0.938000 -0.412000 3 0
0.575000 -0.971000 -0.410000 5 0
0.000000 -0.000000 -0.000000 0 192
0.000000 -0.000000 -0.000000 0 0
0.592000 -0.951000 -0.411000 6 0
0.550000 -0.979000 -0.409000 4 0
0.000000 -0.000000 -0.000000 0 128
0.617000 -0.938000 -0.414000 4 0
0.572000 -0.966000 -0.412000 4 0
0.529000 -0.995000 -0.411000 4 0
0.000000 -0.000000 -0.000000 0 128
0.593000 -0.949000 -0.412000 5 0
0.540000 -0.961000 -0.404000 3 0
0.506000 -1.006000 -0.411000 3 0
0.000000 -0.000000 -0.000000 0 0
0.572000 -0.963000 -0.411000 5 0
0.526000 -0.989000 -0.411000 3 0
0.489000 -1.029000 -0.417000 3 0
0.598000 -0.946000 -0.411000 6 0
0.551000 -0.979000 -0.411000 4 0
0.504000 -1.003000 -0.411000 3 0
0.475000 -1.063000 -0.426000 3 0
0.578000 -0.964000 -0.410000 5 0
0.528000 -0.990000 -0.410000 3 0
0.488000 -1.029000 -0.417000 2 0
0.478000 -1.139000 -0.453000 4 0
0.555000 -0.977000 -0.408000 4 0
0.510000 -1.011000 -0.412000 3 0
0.475000 -1.064000 -0.427000 3 0
0.445000 -1.131000 -0.446000 6 0
0.536000 -0.996000 -0.409000 3 0
0.496000 -1.042000 -0.419000 2 0
0.480000 -1.143000 -0.454000 4 0
0.440000 -1.198000 -0.469000 7 0
0.520000 -1.022000 -0.413000 2 0
0.480000 -1.072000 -0.426000 3 0
0.446000 -1.135000 -0.446000 5 0
0.433000 -1.266000 -0.493000 5 0
0.510000 -1.063000 -0.423000 3 0
0.483000 -1.150000 -0.451000 4 0
0.450000 -1.228000 -0.478000 5 0
0.404000 -1.275000 -0.493000 5 0
0.491000 -1.087000 -0.426000 3 0
0.453000 -1.150000 -0.446000 5 0
0.435000 -1.274000 -0.492000 4 0
0.372000 -1.274000 -0.490000 6 0
0.490000 -1.156000 -0.446000 4 0
0.453000 -1.235000 -0.473000 5 0
0.407000 -1.289000 -0.494000 4 0
0.346000 -1.294000 -0.495000 5 0
0.472000 -1.192000 -0.454000 5 0
0.443000 -1.298000 -0.492000 4 0
0.373000 -1.283000 -0.488000 5 0
0.317000 -1.302000 -0.496000 6 0
0.469000 -1.270000 -0.477000 4 0
0.415000 -1.315000 -0.494000 4 0
0.348000 -1.308000 -0.494000 5 0
0.289000 -1.317000 -0.500000 5 0
0.454000 -1.323000 -0.491000 4 0
0.386000 -1.331000 -0.495000 4 0
0.320000 -1.322000 -0.496000 5 0
0.259000 -1.319000 -0.499000 5 0
0.423000 -1.334000 -0.489000 21 0
0.347000 -1.307000 -0.482000 7 0
0.292000 -1.342000 -0.501000 4 0
0.229000 -1.322000 -0.499000 7 0
0.397000 -1.362000 -0.494000 4 0
0.327000 -1.359000 -0.497000 5 0
0.262000 -1.347000 -0.500000 4 0
0.199000 -1.326000 -0.499000 2 0
0.360000 -1.353000 -0.485000 26 0
0.299000 -1.382000 -0.501000 7 0
0.234000 -1.367000 -0.505000 6 0
0.000000 -0.000000 -0.000000 0 0
0.329000 -1.364000 -0.484000 8 0
0.265000 -1.377000 -0.496000 9 0
0.201000 -1.367000 -0.503000 4 0
0.000000 -0.000000 -0.000000 0 0
0.306000 -1.414000 -0.497000 5 0
0.235000 -1.394000 -0.499000 7 0
0.000000 -0.000000 -0.000000 0 0
0.000000 -0.000000 -0.000000 0 128
0.274000 -1.428000 -0.497000 20 0
0.204000 -1.408000 -0.501000 1 64
0.000000 -0.000000 -0.000000 0 0
0.000000 -0.000000 -0.000000 0 192
0.243000 -1.450000 -0.501000 4 0
0.000000 -0.000000 -0.000000 0 0
0.000000 -0.000000 -0.000000 0 192
0.000000 -0.000000 -0.000000 0 192
0.206000 -1.435000 -0.491000 20 0
0.000000 -0.000000 -0.000000 0 192
0.000000 -0.000000 -0.000000 0 192
0.000000 -0.000000 -0.000000 0 192
0.000000 -0.000000 -0.000000 0 0
0.000000 -0.000000 -0.000000 0 192
0.000000 -0.000000 -0.000000 0 192
0.000000 -0.000000 -0.000000 0 128
0.000000 -0.000000 -0.000000 0 0
0.000000 -0.000000 -0.000000 0 192
0.000000 -0.000000 -0.000000 0 192
0.000000 -0.000000 -0.000000 0 0
0.000000 -0.000000 -0.000000 0 128
0.617000 -0.938000 -0.414000 4 0
0.572000 -0.966000 -0.412000 4 0
0.529000 -0.995000 -0.411000 4 0
0.000000 -0.000000 -0.000000 0 128
0.593000 -0.949000 -0.412000 5 0
0.540000 -0.961000 -0.404000 3 0
0.506000 -1.006000 -0.411000 3 0
0.000000 -0.000000 -0.000000 0 0
0.572000 -0.963000 -0.411000 5 0
0.526000 -0.989000 -0.411000 3 0
0.489000 -1.029000 -0.417000 3 0
0.598000 -0.946000 -0.411000 6 0
0.551000 -0.979000 -0.411000 4 0
0.504000 -1.003000 -0.411000 3 0
0.475000 -1.063000 -0.426000 3 0
0.578000 -0.964000 -0.410000 5 0
0.528000 -0.990000 -0.410000 3 0
0.488000 -1.029000 -0.417000 2 0
0.478000 -1.139000 -0.453000 4 0
0.555000 -0.977000 -0.408000 4 0
0.510000 -1.011000 -0.412000 3 0
0.475000 -1.064000 -0.427000 3 0
0.445000 -1.131000 -0.446000 6 0
0.536000 -0.996000 -0.409000 3 0
0.496000 -1.042000 -0.419000 2 0
0.480000 -1.143000 -0.454000 4 0
0.440000 -1.198000 -0.469000 7 0
0.520000 -1.022000 -0.413000 2 0
0.480000 -1.072000 -0.426000 3 0
0.446000 -1.135000 -0.446000 5 0
0.433000 -1.266000 -0.493000 5 0
0.510000 -1.063000 -0.423000 3 0
0.483000 -1.150000 -0.451000 4 0
0.450000 -1.228000 -0.478000 5 0
0.404000 -1.275000 -0.493000 5 0
0.491000 -1.087000 -0.426000 3 0
0.453000 -1.150000 -0.446000 5 0
0.435000 -1.274000 -0.492000 4 0
0.372000 -1.274000 -0.490000 6 0
0.490000 -1.156000 -0.446000 4 0
0.453000 -1.235000 -0.473000 5 0
0.407000 -1.289000 -0.494000 4 0
0.346000 -1.294000 -0.495000 5 0
0.472000 -1.192000 -0.454000 5 0
0.443000 -1.298000 -0.492000 4 0
0.373000 -1.283000 -0.488000 5 0
0.317000 -1.302000 -0.496000 6 0
0.469000 -1.270000 -0.477000 4 0
0.415000 -1.315000 -0.494000 4 0
0.348000 -1.308000 -0.494000 5 0
0.289000 -1.317000 -0.500000 5 0
0.454000 -1.323000 -0.491000 4 0
0.386000 -1.331000 -0.495000 4 0
0.320000 -1.322000 -0.496000 5 0
0.259000 -1.319000 -0.499000 5 0
0.423000 -1.334000 -0.489000 21 0
0.347000 -1.307000 -0.482000 7 0
0.292000 -1.342000 -0.501000 4 0
0.229000 -1.322000 -0.499000 7 0
0.397000 -1.362000 -0.494000 4 0
0.327000 -1.359000 -0.497000 5 0
0.262000 -1.347000 -0.500000 4 0
0.199000 -1.326000 -0.499000 2 0
0.360000 -1.353000 -0.485000 26 0
0.299000 -1.382000 -0.501000 7 0
0.234000 -1.367000 -0.505000 6 0
0.000000 -0.000000 -0.000000 0 0
0.329000 -1.364000 -0.484000 8 0
0.265000 -1.377000 -0.496000 9 0
0.201000 -1.367000 -0.503000 4 0
0.000000 -0.000000 -0.000000 0 0
0.306000 -1.414000 -0.497000 5 0
0.235000 -1.394000 -0.499000 7 0
0.000000 -0.000000 -0.000000 0 0
0.000000 -0.000000 -0.000000 0 128
0.274000 -1.428000 -0.497000 20 0
0.204000 -1.408000 -0.501000 1 64
0.000000 -0.000000 -0.000000 0 0
0.000000 -0.000000 -0.000000 0 192
0.243000 -1.450000 -0.501000 4 0
0.000000 -0.000000 -0.000000 0 0
0.000000 -0.000000 -0.000000 0 192
0.000000 -0.000000 -0.000000 0 192
0.206000 -1.435000 -0.491000 20 0
0.000000 -0.000000 -0.000000 0 192
0.000000 -0.000000 -0.000000 0 192
0.000000 -0.000000 -0.000000 0 192
0.000000 -0.000000 -0.000000 0 0
0.000000 -0.000000 -0.000000 0 192
0.000000 -0.000000 -0.000000 0 192
0.000000 -0.000000 -0.000000 0 128
0.000000 -0.000000 -0.000000 0 0
0.000000 -0.000000 -0.000000 0 192
0.000000 -0.000000 -0.000000 0 192
0.000000 -0.000000 -0.000000 0 0
0.000000 -0.000000 -0.000000 0 192
0.000000 -0.000000 -0.000000 0 192
0.000000 -0.000000 -0.000000 0 128
-0.169000 -3.268000 -1.233000 18 0
0.000000 -0.000000 -0.000000 0 192
0.000000 -0.000000 -0.000000 0 192
-0.120000 -3.438000 -1.248000 2 0
-0.148000 -2.004000 -0.758000 3 0
0.000000 -0.000000 -0.000000 0 192
-0.065000 -3.603000 -1.250000 6 0
-0.188000 -3.276000 -1.190000 8 0
-0.274000 -2.838000 -1.077000 42 0
0.000000 -0.000000 -0.000000 0 192
-0.140000 -3.405000 -1.180000 35 0
-0.161000 -2.006000 -0.729000 2 4
-0.316000 -2.662000 -1.014000 50 0
-0.084000 -3.588000 -1.183000 9 0
-0.162000 -2.506000 -0.867000 0 0
-0.287000 -2.784000 -1.014000 46 0
-0.286000 -2.026000 -0.774000 1 0
-0.097000 -2.056000 -0.676000 2 0
-0.255000 -2.901000 -1.004000 28 0
-0.331000 -2.625000 -0.958000 30 0
-0.390000 -2.380000 -0.914000 40 0
-0.147000 -2.077000 -0.681000 1 0
-0.304000 -2.735000 -0.947000 41 0
-0.358000 -2.399000 -0.878000 6 0
-0.421000 -2.257000 -0.871000 57 0
-0.199000 -2.093000 -0.685000 0 0
-0.346000 -2.566000 -0.889000 5 0
-0.401000 -2.329000 -0.855000 45 0
-0.446000 -2.129000 -0.826000 45 0
-0.243000 -2.039000 -0.666000 2 0
-0.380000 -2.396000 -0.831000 37 0
-0.428000 -2.188000 -0.806000 36 0
-0.471000 -2.026000 -0.791000 52 0
-0.291000 -2.031000 -0.663000 2 0
-0.414000 -2.269000 -0.788000 40 0
-0.457000 -2.084000 -0.771000 48 0
-0.495000 -1.935000 -0.760000 54 0
-0.389000 -2.318000 -0.757000 6 2
-0.444000 -2.147000 -0.748000 44 0
-0.482000 -1.983000 -0.737000 47 0
-0.504000 -1.802000 -0.713000 117 0
-0.427000 -2.213000 -0.723000 40 0
-0.471000 -2.040000 -0.713000 47 0
-0.505000 -1.892000 -0.707000 47 0
-0.408000 -1.344000 -0.535000 5 0
-0.456000 -2.096000 -0.686000 49 0
-0.496000 -1.941000 -0.681000 43 0
-0.442000 -1.517000 -0.570000 150 0
-0.422000 -1.290000 -0.518000 1 0
-0.482000 -1.983000 -0.650000 50 0
-0.516000 -1.841000 -0.648000 49 0
-0.420000 -1.329000 -0.502000 1 0
-0.437000 -1.243000 -0.503000 6 0
-0.507000 -1.888000 -0.620000 45 0
-0.420000 -1.374000 -0.486000 6 0
-0.435000 -1.277000 -0.486000 7 0
-0.447000 -1.187000 -0.485000 1 0
-0.503000 -1.709000 -0.563000 123 0
-0.435000 -1.312000 -0.467000 1 0
-0.449000 -1.225000 -0.470000 1 0
-0.458000 -1.140000 -0.470000 0 0
-0.433000 -1.350000 -0.447000 6 0
-0.454000 -1.269000 -0.454000 7 0
-0.461000 -1.177000 -0.455000 1 0
-0.471000 -1.102000 -0.458000 0 0
-0.452000 -1.302000 -0.433000 0 0
-0.466000 -1.214000 -0.437000 1 0
-0.476000 -1.138000 -0.444000 1 0
-0.480000 -1.059000 -0.445000 1 0
-0.468000 -1.249000 -0.417000 9 0
-0.480000 -1.168000 -0.424000 1 0
-0.483000 -1.086000 -0.427000 1 0
-0.492000 -1.025000 -0.435000 1 0
-0.482000 -1.198000 -0.403000 0 0
-0.490000 -1.118000 -0.409000 1 0
-0.496000 -1.050000 -0.417000 1 0
-0.502000 -0.990000 -0.425000 1 0
-0.489000 -1.136000 -0.385000 0 0
-0.505000 -1.082000 -0.400000 1 0
-0.506000 -1.013000 -0.407000 1 0
-0.516000 -0.964000 -0.419000 1 0
-0.497000 -1.082000 -0.369000 0 0
-0.512000 -1.035000 -0.386000 1 0
-0.510000 -0.964000 -0.391000 1 0
-0.675000 -1.199000 -0.528000 13 2
-0.507000 -1.036000 -0.356000 0 64
-0.518000 -0.988000 -0.372000 1 0
-0.673000 -1.207000 -0.496000 9 0
-0.684000 -1.155000 -0.515000 13 0
-0.512000 -0.987000 -0.342000 0 64
-0.627000 -1.130000 -0.430000 2 0
-0.683000 -1.162000 -0.483000 11 0
-0.696000 -1.119000 -0.506000 13 0
0.000000 -0.000000 -0.000000 0 192
0.000000 -0.000000 -0.000000 0 192
0.000000 -0.000000 -0.000000 0 128
-0.169000 -3.268000 -1.233000 18 0
0.000000 -0.000000 -0.000000 0 192
0.000000 -0.000000 -0.000000 0 192
-0.120000 -3.438000 -1.248000 2 0
-0.148000 -2.004000 -0.758000 3 0
0.000000 -0.000000 -0.000000 0 192
-0.065000 -3.603000 -1.250000 6 0
-0.188000 -3.276000 -1.190000 8 0
-0.274000 -2.838000 -1.077000 42 0
0.000000 -0.000000 -0.000000 0 192
-0.140000 -3.405000 -1.180000 35 0
-0.161000 -2.006000 -0.729000 2 4
-0.316000 -2.662000 -1.014000 50 0
-0.084000 -3.588000 -1.183000 9 0
-0.162000 -2.506000 -0.867000 0 0
-0.287000 -2.784000 -1.014000 46 0
-0.286000 -2.026000 -0.774000 1 0
-0.097000 -2.056000 -0.676000 2 0
-0.255000 -2.901000 -1.004000 28 0
-0.331000 -2.625000 -0.958000 30 0
-0.390000 -2.380000 -0.914000 40 0
-0.147000 -2.077000 -0.681000 1 0
-0.304000 -2.735000 -0.947000 41 0
-0.358000 -2.399000 -0.878000 6 0
-0.421000 -2.257000 -0.871000 57 0
-0.199000 -2.093000 -0.685000 0 0
-0.346000 -2.566000 -0.889000 5 0
-0.401000 -2.329000 -0.855000 45 0
-0.446000 -2.129000 -0.826000 45 0
-0.243000 -2.039000 -0.666000 2 0
-0.380000 -2.396000 -0.831000 37 0
-0.428000 -2.188000 -0.806000 36 0
-0.471000 -2.026000 -0.791000 52 0
-0.291000 -2.031000 -0.663000 2 0
-0.414000 -2.269000 -0.788000 40 0
-0.457000 -2.084000 -0.771000 48 0
-0.495000 -1.935000 -0.760000 54 0
-0.389000 -2.318000 -0.757000 6 2
-0.444000 -2.147000 -0.748000 44 0
-0.482000 -1.983000 -0.737000 47 0
-0.504000 -1.802000 -0.713000 117 0
-0.427000 -2.213000 -0.723000 40 0
-0.471000 -2.040000 -0.713000 47 0
-0.505000 -1.892000 -0.707000 47 0
-0.408000 -1.344000 -0.535000 5 0
-0.456000 -2.096000 -0.686000 49 0
-0.496000 -1.941000 -0.681000 43 0
-0.442000 -1.517000 -0.570000 150 0
-0.422000 -1.290000 -0.518000 1 0
-0.482000 -1.983000 -0.650000 50 0
-0.516000 -1.841000 -0.648000 49 0
-0.420000 -1.329000 -0.502000 1 0
-0.437000 -1.243000 -0.503000 6 0
-0.507000 -1.888000 -0.620000 45 0
-0.420000 -1.374000 -0.486000 6 0
-0.435000 -1.277000 -0.486000 7 0
-0.447000 -1.187000 -0.485000 1 0
-0.503000 -1.709000 -0.563000 123 0
-0.435000 -1.312000 -0.467000 1 0
-0.449000 -1.225000 -0.470000 1 0
-0.458000 -1.140000 -0.470000 0 0
-0.433000 -1.350000 -0.447000 6 0
-0.454000 -1.269000 -0.454000 7 0
-0.461000 -1.177000 -0.455000 1 0
-0.471000 -1.102000 -0.458000 0 0
-0.452000 -1.302000 -0.433000 0 0
-0.466000 -1.214000 -0.437000 1 0
-0.476000 -1.138000 -0.444000 1 0
-0.480000 -1.059000 -0.445000 1 0
-0.468000 -1.249000 -0.417000 9 0
-0.480000 -1.168000 -0.424000 1 0
-0.483000 -1.086000 -0.427000 1 0
-0.492000 -1.025000 -0.435000 1 0
-0.482000 -1.198000 -0.403000 0 0
-0.490000 -1.118000 -0.409000 1 0
-0.496000 -1.050000 -0.417000 1 0
-0.502000 -0.990000 -0.425000 1 0
-0.489000 -1.136000 -0.385000 0 0
-0.505000 -1.082000 -0.400000 1 0
-0.506000 -1.013000 -0.407000 1 0
-0.516000 -0.964000 -0.419000 1 0
-0.497000 -1.082000 -0.369000 0 0
-0.512000 -1.035000 -0.386000 1 0
-0.510000 -0.964000 -0.391000 1 0
-0.675000 -1.199000 -0.528000 13 2
-0.507000 -1.036000 -0.356000 0 64
-0.518000 -0.988000 -0.372000 1 0
-0.673000 -1.207000 -0.496000 9 0
-0.684000 -1.155000 -0.515000 13 0
-0.512000 -0.987000 -0.342000 0 64
-0.627000 -1.130000 -0.430000 2 0
-0.683000 -1.162000 -0.483000 11 0
-0.696000 -1.119000 -0.506000 13 0
-0.516000 -0.938000 -0.329000 0 64
-0.685000 -1.170000 -0.450000 10 0
-0.694000 -1.123000 -0.473000 11 0
-0.705000 -1.081000 -0.496000 12 0
-0.685000 -1.176000 -0.417000 12 64
-0.697000 -1.128000 -0.440000 10 0
-0.706000 -1.086000 -0.464000 12 0
-0.717000 -1.049000 -0.488000 12 0
-0.699000 -1.137000 -0.407000 12 64
-0.709000 -1.091000 -0.431000 10 0
-0.716000 -1.049000 -0.454000 12 0
-0.725000 -1.013000 -0.479000 12 0
-0.710000 -1.095000 -0.397000 12 64
-0.720000 -1.054000 -0.422000 11 0
-0.729000 -1.018000 -0.447000 11 0
-0.735000 -0.981000 -0.471000 12 0
-0.721000 -1.054000 -0.388000 12 64
-0.730000 -1.016000 -0.413000 11 0
-0.737000 -0.982000 -0.439000 11 0
-0.743000 -0.949000 -0.463000 11 0
-0.729000 -1.013000 -0.378000 11 64
-0.739000 -0.980000 -0.404000 14 0
-0.747000 -0.951000 -0.432000 11 0
-0.749000 -0.914000 -0.454000 14 0
-0.741000 -0.978000 -0.371000 11 64
-0.748000 -0.945000 -0.397000 14 0
-0.755000 -0.917000 -0.424000 13 0
-0.760000 -0.888000 -0.449000 14 0
-0.747000 -0.938000 -0.361000 14 0
-0.753000 -0.906000 -0.387000 13 0
-0.762000 -0.884000 -0.416000 13 0
-0.762000 -0.852000 -0.439000 14 0
-0.753000 -0.900000 -0.353000 14 0
-0.759000 -0.872000 -0.379000 13 0
-0.768000 -0.852000 -0.409000 13 0
-0.767000 -0.822000 -0.432000 14 64
-0.761000 -0.867000 -0.346000 14 64
-0.768000 -0.841000 -0.373000 13 0
-0.774000 -0.821000 -0.401000 13 0
-0.776000 -0.796000 -0.427000 14 0
-0.767000 -0.831000 -0.338000 14 0
-0.776000 -0.812000 -0.367000 13 0
-0.784000 -0.794000 -0.396000 13 0
-0.779000 -0.765000 -0.419000 14 0
-0.777000 -0.803000 -0.333000 19 0
-0.781000 -0.780000 -0.360000 13 0
-0.784000 -0.760000 -0.388000 13 0
-0.785000 -0.739000 -0.414000 14 0
-0.786000 -0.773000 -0.328000 21 0
-0.792000 -0.754000 -0.356000 13 0
-0.790000 -0.732000 -0.382000 13 0
-0.789000 -0.711000 -0.408000 14 0
-0.793000 -0.743000 -0.323000 20 0
-0.795000 -0.722000 -0.349000 13 0
-0.798000 -0.707000 -0.378000 13 0
-0.798000 -0.689000 -0.404000 18 0
-0.801000 -0.715000 -0.318000 20 0
-0.803000 -0.696000 -0.345000 12 0
-0.804000 -0.680000 -0.373000 13 0
-0.802000 -0.662000 -0.399000 18 0
-0.810000 -0.689000 -0.315000 21 0
-0.812000 -0.671000 -0.342000 13 0
-0.797000 -0.645000 -0.362000 12 0
-0.812000 -0.642000 -0.397000 19 0
-0.815000 -0.659000 -0.310000 21 0
-0.818000 -0.645000 -0.338000 13 0
-0.802000 -0.619000 -0.358000 12 0
-0.820000 -0.619000 -0.393000 19 0
0.000000 -0.000000 -0.000000 0 0
-0.822000 -0.618000 -0.333000 13 0
-0.812000 -0.598000 -0.356000 12 0
-0.827000 -0.597000 -0.390000 15 64
0.000000 -0.000000 -0.000000 0 0
-0.830000 -0.594000 -0.330000 13 0
-0.815000 -0.573000 -0.351000 12 0
-0.835000 -0.576000 -0.388000 20 0
0.000000 -0.000000 -0.000000 0 0
-0.839000 -0.571000 -0.327000 13 0
-0.818000 -0.548000 -0.347000 12 0
-0.841000 -0.554000 -0.385000 20 0
0.000000 -0.000000 -0.000000 0 0
-0.843000 -0.546000 -0.324000 13 0
-0.830000 -0.530000 -0.347000 12 0
-0.842000 -0.529000 -0.379000 20 0
0.000000 -0.000000 -0.000000 0 0
-0.855000 -0.525000 -0.323000 14 0
-0.837000 -0.508000 -0.344000 12 0
-0.849000 -0.509000 -0.377000 20 0
0.000000 -0.000000 -0.000000 0 0
-0.860000 -0.502000 -0.320000 14 0
-0.845000 -0.487000 -0.342000 15 0
-0.861000 -0.491000 -0.377000 22 0
0.000000 -0.000000 -0.000000 0 0
-0.864000 -0.477000 -0.317000 13 0
-0.850000 -0.465000 -0.339000 13 0
-0.862000 -0.467000 -0.373000 21 0
-0.516000 -0.938000 -0.329000 0 64
-0.685000 -1.170000 -0.450000 10 0
-0.694000 -1.123000 -0.473000 11 0
-0.705000 -1.081000 -0.496000 12 0
-0.685000 -1.176000 -0.417000 12 64
-0.697000 -1.128000 -0.440000 10 0
-0.706000 -1.086000 -0.464000 12 0
-0.717000 -1.049000 -0.488000 12 0
-0.699000 -1.137000 -0.407000 12 64
-0.709000 -1.091000 -0.431000 10 0
-0.716000 -1.049000 -0.454000 12 0
-0.725000 -1.013000 -0.479000 12 0
-0.710000 -1.095000 -0.397000 12 64
-0.720000 -1.054000 -0.422000 11 0
-0.729000 -1.018000 -0.447000 11 0
-0.735000 -0.981000 -0.471000 12 0
-0.721000 -1.054000 -0.388000 12 64
-0.730000 -1.016000 -0.413000 11 0
-0.737000 -0.982000 -0.439000 11 0
-0.743000 -0.949000 -0.463000 11 0
-0.729000 -1.013000 -0.378000 11 64
-0.739000 -0.980000 -0.404000 14 0
-0.747000 -0.951000 -0.432000 11 0
-0.749000 -0.914000 -0.454000 14 0
-0.741000 -0.978000 -0.371000 11 64
-0.748000 -0.945000 -0.397000 14 0
-0.755000 -0.917000 -0.424000 13 0
-0.760000 -0.888000 -0.449000 14 0
-0.747000 -0.938000 -0.361000 14 0
-0.753000 -0.906000 -0.387000 13 0
-0.762000 -0.884000 -0.416000 13 0
-0.762000 -0.852000 -0.439000 14 0
-0.753000 -0.900000 -0.353000 14 0
-0.759000 -0.872000 -0.379000 13 0
-0.768000 -0.852000 -0.409000 13 0
-0.767000 -0.822000 -0.432000 14 64
-0.761000 -0.867000 -0.346000 14 64
-0.768000 -0.841000 -0.373000 13 0
-0.774000 -0.821000 -0.401000 13 0
-0.776000 -0.796000 -0.427000 14 0
-0.767000 -0.831000 -0.338000 14 0
-0.776000 -0.812000 -0.367000 13 0
-0.784000 -0.794000 -0.396000 13 0
-0.779000 -0.765000 -0.419000 14 0
-0.777000 -0.803000 -0.333000 19 0
-0.781000 -0.780000 -0.360000 13 0
-0.784000 -0.760000 -0.388000 13 0
-0.785000 -0.739000 -0.414000 14 0
-0.786000 -0.773000 -0.328000 21 0
-0.792000 -0.754000 -0.356000 13 0
-0.790000 -0.732000 -0.382000 13 0
-0.789000 -0.711000 -0.408000 14 0
-0.793000 -0.743000 -0.323000 20 0
-0.795000 -0.722000 -0.349000 13 0
-0.798000 -0.707000 -0.378000 13 0
-0.798000 -0.689000 -0.404000 18 0
-0.801000 -0.715000 -0.318000 20 0
-0.803000 -0.696000 -0.345000 12 0
-0.804000 -0.680000 -0.373000 13 0
-0.802000 -0.662000 -0.399000 18 0
-0.810000 -0.689000 -0.315000 21 0
-0.812000 -0.671000 -0.342000 13 0
-0.797000 -0.645000 -0.362000 12 0
-0.812000 -0.642000 -0.397000 19 0
-0.815000 -0.659000 -0.310000 21 0
-0.818000 -0.645000 -0.338000 13 0
-0.802000 -0.619000 -0.358000 12 0
-0.820000 -0.619000 -0.393000 19 0
0.000000 -0.000000 -0.000000 0 0
-0.822000 -0.618000 -0.333000 13 0
-0.812000 -0.598000 -0.356000 12 0
-0.827000 -0.597000 -0.390000 15 64
0.000000 -0.000000 -0.000000 0 0
-0.830000 -0.594000 -0.330000 13 0
-0.815000 -0.573000 -0.351000 12 0
-0.835000 -0.576000 -0.388000 20 0
0.000000 -0.000000 -0.000000 0 0
-0.839000 -0.571000 -0.327000 13 0
-0.818000 -0.548000 -0.347000 12 0
-0.841000 -0.554000 -0.385000 20 0
0.000000 -0.000000 -0.000000 0 0
-0.843000 -0.546000 -0.324000 13 0
-0.830000 -0.530000 -0.347000 12 0
-0.842000 -0.529000 -0.379000 20 0
0.000000 -0.000000 -0.000000 0 0
-0.855000 -0.525000 -0.323000 14 0
-0.837000 -0.508000 -0.344000 12 0
-0.849000 -0.509000 -0.377000 20 0
0.000000 -0.000000 -0.000000 0 0
-0.860000 -0.502000 -0.320000 14 0
-0.845000 -0.487000 -0.342000 15 0
-0.861000 -0.491000 -0.377000 22 0
0.000000 -0.000000 -0.000000 0 0
-0.864000 -0.477000 -0.317000 13 0
-0.850000 -0.465000 -0.339000 13 0
-0.862000 -0.467000 -0.373000 21 0
-0.541000 -0.286000 -0.178000 3 16
-0.870000 -0.454000 -0.315000 13 0
-0.857000 -0.444000 -0.338000 15 0
-0.870000 -0.448000 -0.372000 22 0
-0.867000 -0.432000 -0.282000 21 0
-0.873000 -0.430000 -0.312000 13 0
-0.861000 -0.422000 -0.335000 13 0
-0.878000 -0.428000 -0.371000 22 0
-0.873000 -0.409000 -0.280000 21 0
-0.881000 -0.409000 -0.311000 13 0
-0.869000 -0.402000 -0.334000 15 0
-0.880000 -0.406000 -0.367000 22 0
-0.881000 -0.387000 -0.280000 21 0
-0.884000 -0.385000 -0.308000 13 0
-0.875000 -0.381000 -0.333000 13 0
-0.886000 -0.386000 -0.366000 21 0
-0.606000 -0.249000 -0.190000 7 18
-0.825000 -0.337000 -0.284000 1 1
-0.846000 -0.346000 -0.318000 1 1
-0.867000 -0.356000 -0.354000 3 0
0.000000 -0.000000 -0.000000 0 0
0.000000 -0.000000 -0.000000 0 0
0.000000 -0.000000 -0.000000 0 0
0.000000 -0.000000 -0.000000 0 0
0.000000 -0.000000 -0.000000 0 0
0.000000 -0.000000 -0.000000 0 0
0.000000 -0.000000 -0.000000 0 0
0.000000 -0.000000 -0.000000 0 0
0.000000 -0.000000 -0.000000 0 0
0.000000 -0.000000 -0.000000 0 0
0.000000 -0.000000 -0.000000 0 0
0.000000 -0.000000 -0.000000 0 0
0.000000 -0.000000 -0.000000 0 0
-0.902000 -0.274000 -0.300000 14 0
-0.907000 -0.279000 -0.329000 7 0
-0.863000 -0.270000 -0.340000 0 0
-0.911000 -0.251000 -0.273000 20 0
-0.908000 -0.252000 -0.299000 12 0
-0.901000 -0.256000 -0.324000 13 0
-0.908000 -0.263000 -0.354000 21 0
-0.918000 -0.229000 -0.273000 20 0
-0.913000 -0.231000 -0.299000 12 0
-0.911000 -0.236000 -0.325000 15 0
-0.913000 -0.243000 -0.354000 21 0
-0.920000 -0.206000 -0.272000 20 0
-0.919000 -0.210000 -0.299000 12 0
-0.918000 -0.216000 -0.325000 13 0
-0.910000 -0.221000 -0.349000 20 0
-0.925000 -0.184000 -0.272000 20 0
-0.923000 -0.188000 -0.298000 12 0
-0.921000 -0.196000 -0.324000 13 0
-0.914000 -0.202000 -0.349000 20 0
-0.931000 -0.162000 -0.272000 20 0
-0.928000 -0.167000 -0.298000 12 0
-0.925000 -0.175000 -0.323000 13 0
-0.928000 -0.184000 -0.352000 21 0
-0.935000 -0.139000 -0.272000 20 0
-0.932000 -0.145000 -0.298000 12 0
-0.933000 -0.155000 -0.325000 15 0
-0.923000 -0.162000 -0.347000 20 0
-0.946000 -0.118000 -0.275000 20 0
-0.935000 -0.124000 -0.298000 12 0
-0.932000 -0.133000 -0.322000 15 0
-0.943000 -0.145000 -0.353000 21 0
-0.950000 -0.095000 -0.275000 20 0
-0.938000 -0.102000 -0.297000 12 0
-0.941000 -0.113000 -0.324000 15 0
-0.946000 -0.124000 -0.352000 21 0
-0.952000 -0.072000 -0.275000 20 0
-0.954000 -0.081000 -0.301000 13 0
-0.946000 -0.092000 -0.324000 15 0
-0.949000 -0.104000 -0.352000 21 0
-0.961000 -0.050000 -0.277000 21 0
-0.959000 -0.059000 -0.302000 14 0
-0.951000 -0.071000 -0.325000 15 0
-0.954000 -0.084000 -0.352000 21 0
-0.965000 -0.027000 -0.278000 21 0
-0.960000 -0.037000 -0.302000 14 0
-0.952000 -0.050000 -0.324000 13 0
-0.963000 -0.064000 -0.354000 21 0
-0.967000 -0.003000 -0.279000 21 0
-0.974000 -0.015000 -0.306000 14 0
-0.957000 -0.029000 -0.325000 13 0
-0.971000 -0.043000 -0.355000 22 0
-0.969000 0.019000 -0.279000 21 0
-0.976000 0.006000 -0.306000 14 0
-0.960000 -0.007000 -0.325000 13 0
-0.973000 -0.022000 -0.355000 22 0
-0.976000 0.042000 -0.281000 17 64
-0.984000 0.029000 -0.308000 13 0
-0.966000 0.013000 -0.327000 16 0
-0.976000 -0.001000 -0.355000 22 0
-0.992000 0.067000 -0.286000 19 64
-0.992000 0.053000 -0.311000 14 0
-0.969000 0.035000 -0.327000 16 0
-0.985000 0.019000 -0.357000 22 0
-0.541000 -0.286000 -0.178000 3 16
-0.870000 -0.454000 -0.315000 13 0
-0.857000 -0.444000 -0.338000 15 0
-0.870000 -0.448000 -0.372000 22 0
-0.867000 -0.432000 -0.282000 21 0
-0.873000 -0.430000 -0.312000 13 0
-0.861000 -0.422000 -0.335000 13 0
-0.878000 -0.428000 -0.371000 22 0
-0.873000 -0.409000 -0.280000 21 0
-0.881000 -0.409000 -0.311000 13 0
-0.869000 -0.402000 -0.334000 15 0
-0.880000 -0.406000 -0.367000 22 0
-0.881000 -0.387000 -0.280000 21 0
-0.884000 -0.385000 -0.308000 13 0
-0.875000 -0.381000 -0.333000 13 0
-0.886000 -0.386000 -0.366000 21 0
-0.606000 -0.249000 -0.190000 7 18
-0.825000 -0.337000 -0.284000 1 1
-0.846000 -0.346000 -0.318000 1 1
-0.867000 -0.356000 -0.354000 3 0
0.000000 -0.000000 -0.000000 0 0
0.000000 -0.000000 -0.000000 0 0
0.000000 -0.000000 -0.000000 0 0
0.000000 -0.000000 -0.000000 0 0
0.000000 -0.000000 -0.000000 0 0
0.000000 -0.000000 -0.000000 0 0
0.000000 -0.000000 -0.000000 0 0
0.000000 -0.000000 -0.000000 0 0
0.000000 -0.000000 -0.000000 0 0
0.000000 -0.000000 -0.000000 0 0
0.000000 -0.000000 -0.000000 0 0
0.000000 -0.000000 -0.000000 0 0
0.000000 -0.000000 -0.000000 0 0
-0.902000 -0.274000 -0.300000 14 0
-0.907000 -0.279000 -0.329000 7 0
-0.863000 -0.270000 -0.340000 0 0
-0.911000 -0.251000 -0.273000 20 0
-0.908000 -0.252000 -0.299000 12 0
-0.901000 -0.256000 -0.324000 13 0
-0.908000 -0.263000 -0.354000 21 0
-0.918000 -0.229000 -0.273000 20 0
-0.913000 -0.231000 -0.299000 12 0
-0.911000 -0.236000 -0.325000 15 0
-0.913000 -0.243000 -0.354000 21 0
-0.920000 -0.206000 -0.272000 20 0
-0.919000 -0.210000 -0.299000 12 0
-0.918000 -0.216000 -0.325000 13 0
-0.910000 -0.221000 -0.349000 20 0
-0.925000 -0.184000 -0.272000 20 0
-0.923000 -0.188000 -0.298000 12 0
-0.921000 -0.196000 -0.324000 13 0
-0.914000 -0.202000 -0.349000 20 0
-0.931000 -0.162000 -0.272000 20 0
-0.928000 -0.167000 -0.298000 12 0
-0.925000 -0.175000 -0.323000 13 0
-0.928000 -0.184000 -0.352000 21 0
-0.935000 -0.139000 -0.272000 20 0
-0.932000 -0.145000 -0.298000 12 0
-0.933000 -0.155000 -0.325000 15 0
-0.923000 -0.162000 -0.347000 20 0
-0.946000 -0.118000 -0.275000 20 0
-0.935000 -0.124000 -0.298000 12 0
-0.932000 -0.133000 -0.322000 15 0
-0.943000 -0.145000 -0.353000 21 0
-0.950000 -0.095000 -0.275000 20 0
-0.938000 -0.102000 -0.297000 12 0
-0.941000 -0.113000 -0.324000 15 0
-0.946000 -0.124000 -0.352000 21 0
-0.952000 -0.072000 -0.275000 20 0
-0.954000 -0.081000 -0.301000 13 0
-0.946000 -0.092000 -0.324000 15 0
-0.949000 -0.104000 -0.352000 21 0
-0.961000 -0.050000 -0.277000 21 0
-0.959000 -0.059000 -0.302000 14 0
-0.951000 -0.071000 -0.325000 15 0
-0.954000 -0.084000 -0.352000 21 0
-0.965000 -0.027000 -0.278000 21 0
-0.960000 -0.037000 -0.302000 14 0
-0.952000 -0.050000 -0.324000 13 0
-0.963000 -0.064000 -0.354000 21 0
-0.967000 -0.003000 -0.279000 21 0
-0.974000 -0.015000 -0.306000 14 0
-0.957000 -0.029000 -0.325000 13 0
-0.971000 -0.043000 -0.355000 22 0
-0.969000 0.019000 -0.279000 21 0
-0.976000 0.006000 -0.306000 14 0
-0.960000 -0.007000 -0.325000 13 0
-0.973000 -0.022000 -0.355000 22 0
-0.976000 0.042000 -0.281000 17 64
-0.984000 0.029000 -0.308000 13 0
-0.966000 0.013000 -0.327000 16 0
-0.976000 -0.001000 -0.355000 22 0
-0.992000 0.067000 -0.286000 19 64
-0.992000 0.053000 -0.311000 14 0
-0.969000 0.035000 -0.327000 16 0
-0.985000 0.019000 -0.357000 22 0
-1.002000 0.092000 -0.290000 18 64
-0.995000 0.076000 -0.312000 14 0
-0.973000 0.057000 -0.328000 16 0
-0.992000 0.041000 -0.359000 17 64
-1.006000 0.116000 -0.292000 18 64
-0.998000 0.100000 -0.314000 14 0
-0.999000 0.081000 -0.337000 17 0
-0.992000 0.063000 -0.358000 17 64
-1.011000 0.142000 -0.295000 19 64
-1.003000 0.124000 -0.316000 14 0
-1.001000 0.104000 -0.338000 17 0
-0.995000 0.084000 -0.359000 23 0
-1.018000 0.167000 -0.298000 19 64
-1.011000 0.149000 -0.319000 14 0
-1.001000 0.127000 -0.338000 17 0
-0.999000 0.107000 -0.360000 17 64
-0.999000 0.189000 -0.294000 4 64
-1.018000 0.174000 -0.322000 14 0
-1.008000 0.151000 -0.340000 18 0
-1.004000 0.129000 -0.362000 18 64
-1.001000 0.214000 -0.296000 1 64
-1.005000 0.196000 -0.319000 2 0
-1.013000 0.175000 -0.343000 18 0
-1.013000 0.153000 -0.365000 17 64
-1.046000 0.250000 -0.311000 3 0
-1.009000 0.221000 -0.321000 2 0
-1.000000 0.196000 -0.339000 2 0
-1.017000 0.176000 -0.366000 18 64
-1.101000 0.291000 -0.329000 1 0
-1.071000 0.260000 -0.343000 2 1
-1.002000 0.220000 -0.341000 2 0
-0.995000 0.195000 -0.358000 2 0
-1.106000 0.321000 -0.334000 2 0
-1.107000 0.297000 -0.356000 2 0
-1.058000 0.258000 -0.361000 1 1
-1.005000 0.220000 -0.363000 2 0
-1.119000 0.354000 -0.340000 2 0
-1.116000 0.327000 -0.361000 2 0
-1.109000 0.297000 -0.380000 2 0
-1.033000 0.250000 -0.373000 0 0
-1.127000 0.386000 -0.345000 2 0
-1.124000 0.358000 -0.366000 1 0
-1.110000 0.324000 -0.381000 2 0
-1.106000 0.293000 -0.400000 1 0
-1.131000 0.417000 -0.350000 2 0
-1.127000 0.387000 -0.369000 2 0
-1.119000 0.354000 -0.386000 1 0
-1.110000 0.320000 -0.403000 2 0
-1.143000 0.453000 -0.357000 2 0
-1.131000 0.418000 -0.374000 2 0
-1.127000 0.385000 -0.391000 2 0
-1.118000 0.350000 -0.407000 2 0
-1.149000 0.487000 -0.363000 2 0
-1.140000 0.452000 -0.380000 2 0
-1.127000 0.413000 -0.393000 2 0
-1.122000 0.378000 -0.409000 2 0
-1.157000 0.523000 -0.370000 2 0
-1.143000 0.484000 -0.384000 2 0
-1.140000 0.447000 -0.400000 2 0
-1.132000 0.409000 -0.415000 2 0
-1.159000 0.557000 -0.375000 2 0
-1.153000 0.520000 -0.391000 2 0
-1.142000 0.478000 -0.404000 2 0
-1.133000 0.438000 -0.417000 2 0
-1.173000 0.599000 -0.384000 2 0
-1.162000 0.556000 -0.398000 2 0
-1.155000 0.514000 -0.411000 1 0
-1.141000 0.470000 -0.422000 1 0
-1.179000 0.637000 -0.391000 1 0
-1.169000 0.593000 -0.405000 2 0
-1.162000 0.550000 -0.417000 1 0
-1.148000 0.503000 -0.427000 2 0
-1.183000 0.676000 -0.398000 1 0
-1.175000 0.631000 -0.411000 1 0
-1.170000 0.586000 -0.423000 1 0
-1.161000 0.540000 -0.434000 2 0
-1.194000 0.720000 -0.408000 9 0
-1.184000 0.671000 -0.420000 1 0
-1.178000 0.624000 -0.430000 1 0
-1.164000 0.573000 -0.438000 2 0
-1.209000 0.768000 -0.419000 1 0
-1.196000 0.715000 -0.429000 1 0
-1.187000 0.663000 -0.438000 1 0
-1.178000 0.612000 -0.446000 1 0
-1.217000 0.814000 -0.429000 9 0
-1.200000 0.755000 -0.436000 8 0
-1.197000 0.705000 -0.446000 1 0
-1.179000 0.646000 -0.450000 1 0
-1.233000 0.867000 -0.443000 1 0
-1.225000 0.811000 -0.452000 1 0
-1.204000 0.746000 -0.454000 1 0
-1.189000 0.686000 -0.458000 8 0
-1.230000 0.909000 -0.450000 8 0
-1.219000 0.848000 -0.456000 7 0
-1.209000 0.787000 -0.461000 9 0
-1.204000 0.731000 -0.467000 1 0
-1.002000 0.092000 -0.290000 18 64
-0.995000 0.076000 -0.312000 14 0
-0.973000 0.057000 -0.328000 16 0
-0.992000 0.041000 -0.359000 17 64
-1.006000 0.116000 -0.292000 18 64
-0.998000 0.100000 -0.314000 14 0
-0.999000 0.081000 -0.337000 17 0
-0.992000 0.063000 -0.358000 17 64
-1.011000 0.142000 -0.295000 19 64
-1.003000 0.124000 -0.316000 14 0
-1.001000 0.104000 -0.338000 17 0
-0.995000 0.084000 -0.359000 23 0
-1.018000 0.167000 -0.298000 19 64
-1.011000 0.149000 -0.319000 14 0
-1.001000 0.127000 -0.338000 17 0
-0.999000 0.107000 -0.360000 17 64
-0.999000 0.189000 -0.294000 4 64
-1.018000 0.174000 -0.322000 14 0
-1.008000 0.151000 -0.340000 18 0
-1.004000 0.129000 -0.362000 18 64
-1.001000 0.214000 -0.296000 1 64
-1.005000 0.196000 -0.319000 2 0
-1.013000 0.175000 -0.343000 18 0
-1.013000 0.153000 -0.365000 17 64
-1.046000 0.250000 -0.311000 3 0
-1.009000 0.221000 -0.321000 2 0
-1.000000 0.196000 -0.339000 2 0
-1.017000 0.176000 -0.366000 18 64
-1.101000 0.291000 -0.329000 1 0
-1.071000 0.260000 -0.343000 2 1
-1.002000 0.220000 -0.341000 2 0
-0.995000 0.195000 -0.358000 2 0
-1.106000 0.321000 -0.334000 2 0
-1.107000 0.297000 -0.356000 2 0
-1.058000 0.258000 -0.361000 1 1
-1.005000 0.220000 -0.363000 2 0
-1.119000 0.354000 -0.340000 2 0
-1.116000 0.327000 -0.361000 2 0
-1.109000 0.297000 -0.380000 2 0
-1.033000 0.250000 -0.373000 0 0
-1.127000 0.386000 -0.345000 2 0
-1.124000 0.358000 -0.366000 1 0
-1.110000 0.324000 -0.381000 2 0
-1.106000 0.293000 -0.400000 1 0
-1.131000 0.417000 -0.350000 2 0
-1.127000 0.387000 -0.369000 2 0
-1.119000 0.354000 -0.386000 1 0
-1.110000 0.320000 -0.403000 2 0
-1.143000 0.453000 -0.357000 2 0
-1.131000 0.418000 -0.374000 2 0
-1.127000 0.385000 -0.391000 2 0
-1.118000 0.350000 -0.407000 2 0
-1.149000 0.487000 -0.363000 2 0
-1.140000 0.452000 -0.380000 2 0
-1.127000 0.413000 -0.393000 2 0
-1.122000 0.378000 -0.409000 2 0
-1.157000 0.523000 -0.370000 2 0
-1.143000 0.484000 -0.384000 2 0
-1.140000 0.447000 -0.400000 2 0
-1.132000 0.409000 -0.415000 2 0
-1.159000 0.557000 -0.375000 2 0
-1.153000 0.520000 -0.391000 2 0
-1.142000 0.478000 -0.404000 2 0
-1.133000 0.438000 -0.417000 2 0
-1.173000 0.599000 -0.384000 2 0
-1.162000 0.556000 -0.398000 2 0
-1.155000 0.514000 -0.411000 1 0
-1.141000 0.470000 -0.422000 1 0
-1.179000 0.637000 -0.391000 1 0
-1.169000 0.593000 -0.405000 2 0
-1.162000 0.550000 -0.417000 1 0
-1.148000 0.503000 -0.427000 2 0
-1.183000 0.676000 -0.398000 1 0
-1.175000 0.631000 -0.411000 1 0
-1.170000 0.586000 -0.423000 1 0
-1.161000 0.540000 -0.434000 2 0
-1.194000 0.720000 -0.408000 9 0
-1.184000 0.671000 -0.420000 1 0
-1.178000 0.624000 -0.430000 1 0
-1.164000 0.573000 -0.438000 2 0
-1.209000 0.768000 -0.419000 1 0
-1.196000 0.715000 -0.429000 1 0
-1.187000 0.663000 -0.438000 1 0
-1.178000 0.612000 -0.446000 1 0
-1.217000 0.814000 -0.429000 9 0
-1.200000 0.755000 -0.436000 8 0
-1.197000 0.705000 -0.446000 1 0
-1.179000 0.646000 -0.450000 1 0
-1.233000 0.867000 -0.443000 1 0
-1.225000 0.811000 -0.452000 1 0
-1.204000 0.746000 -0.454000 1 0
-1.189000 0.686000 -0.458000 8 0
-1.230000 0.909000 -0.450000 8 0
-1.219000 0.848000 -0.456000 7 0
-1.209000 0.787000 -0.461000 9 0
-1.204000 0.731000 -0.467000 1 0
-1.250000 0.970000 -0.466000 0 0
-1.239000 0.905000 -0.471000 1 0
-1.224000 0.837000 -0.472000 1 0
-1.207000 0.770000 -0.473000 8 0
-1.208000 0.984000 -0.459000 11 0
-1.237000 0.948000 -0.478000 7 0
-1.229000 0.882000 -0.481000 8 0
-1.221000 0.818000 -0.483000 1 0
-1.176000 1.004000 -0.456000 9 0
-1.223000 0.983000 -0.481000 9 0
-1.244000 0.936000 -0.493000 1 0
-1.221000 0.858000 -0.488000 8 0
-1.211000 1.083000 -0.480000 34 0
-1.184000 0.997000 -0.474000 10 0
-1.237000 0.976000 -0.498000 9 0
-1.240000 0.913000 -0.502000 0 64
-1.219000 1.143000 -0.494000 60 0
-1.193000 1.053000 -0.487000 13 0
-1.196000 0.988000 -0.489000 10 0
-1.244000 0.960000 -0.510000 8 0
-1.236000 1.213000 -0.513000 53 0
-1.211000 1.119000 -0.504000 57 0
-1.189000 1.029000 -0.494000 1 0
-1.216000 0.983000 -0.505000 9 0
-1.258000 1.294000 -0.535000 47 0
-1.235000 1.194000 -0.525000 52 0
-1.205000 1.092000 -0.509000 57 0
-1.180000 0.998000 -0.496000 9 0
-1.271000 1.370000 -0.555000 53 0
-1.251000 1.267000 -0.543000 53 0
-1.224000 1.160000 -0.527000 52 0
-1.209000 1.069000 -0.516000 27 0
-1.290000 1.457000 -0.578000 48 0
-1.264000 1.340000 -0.562000 48 0
-1.241000 1.231000 -0.544000 52 0
-1.216000 1.126000 -0.527000 62 0
-1.316000 1.557000 -0.607000 49 0
-1.281000 1.422000 -0.583000 53 0
-1.259000 1.307000 -0.563000 58 0
-1.234000 1.195000 -0.543000 52 0
-1.326000 1.646000 -0.630000 10 0
-1.306000 1.519000 -0.610000 48 0
-1.278000 1.389000 -0.584000 49 0
-1.253000 1.269000 -0.562000 52 0
-1.859000 2.418000 -0.910000 73 0
-1.329000 1.619000 -0.637000 13 0
-1.296000 1.474000 -0.606000 52 0
-1.267000 1.343000 -0.578000 53 0
-1.788000 2.440000 -0.904000 85 0
-1.894000 2.418000 -0.934000 84 0
-1.319000 1.570000 -0.631000 49 0
-1.289000 1.429000 -0.599000 52 0
-1.717000 2.460000 -0.898000 76 0
-1.819000 2.434000 -0.923000 80 0
-1.324000 1.651000 -0.649000 4 0
-1.310000 1.520000 -0.622000 50 0
-1.643000 2.474000 -0.890000 83 0
-1.745000 2.449000 -0.913000 71 0
-1.852000 2.421000 -0.932000 70 0
-1.326000 1.612000 -0.644000 13 0
-1.573000 2.491000 -0.884000 76 0
-1.676000 2.471000 -0.905000 79 0
-1.780000 2.439000 -0.921000 73 0
-1.898000 2.415000 -0.942000 70 0
-1.504000 2.509000 -0.879000 77 0
-1.605000 2.485000 -0.896000 73 0
-1.709000 2.457000 -0.909000 78 0
-1.822000 2.431000 -0.927000 83 0
-1.436000 2.524000 -0.873000 75 0
-1.533000 2.499000 -0.887000 75 0
-1.638000 2.474000 -0.899000 72 0
-1.750000 2.448000 -0.913000 75 0
-1.369000 2.540000 -0.869000 79 0
-1.465000 2.514000 -0.880000 70 0
-1.569000 2.491000 -0.889000 76 0
-1.679000 2.466000 -0.901000 75 0
-1.301000 2.551000 -0.864000 72 0
-1.400000 2.534000 -0.874000 73 0
-1.502000 2.510000 -0.881000 75 0
-1.610000 2.484000 -0.889000 72 0
-1.236000 2.568000 -0.861000 79 0
-1.331000 2.545000 -0.867000 74 0
-1.431000 2.521000 -0.869000 78 0
-1.538000 2.496000 -0.875000 73 0
-1.174000 2.588000 -0.859000 80 0
-1.268000 2.564000 -0.862000 74 0
-1.365000 2.537000 -0.861000 68 0
-1.472000 2.516000 -0.866000 77 0
-1.112000 2.608000 -0.858000 83 0
-1.203000 2.579000 -0.857000 80 0
-1.299000 2.553000 -0.854000 75 0
-1.404000 2.531000 -0.855000 67 0
-1.046000 2.617000 -0.854000 76 0
-1.138000 2.593000 -0.852000 80 0
-1.236000 2.574000 -0.848000 74 0
-1.336000 2.544000 -0.844000 78 0
-1.250000 0.970000 -0.466000 0 0
-1.239000 0.905000 -0.471000 1 0
-1.224000 0.837000 -0.472000 1 0
-1.207000 0.770000 -0.473000 8 0
-1.208000 0.984000 -0.459000 11 0
-1.237000 0.948000 -0.478000 7 0
-1.229000 0.882000 -0.481000 8 0
-1.221000 0.818000 -0.483000 1 0
-1.176000 1.004000 -0.456000 9 0
-1.223000 0.983000 -0.481000 9 0
-1.244000 0.936000 -0.493000 1 0
-1.221000 0.858000 -0.488000 8 0
-1.211000 1.083000 -0.480000 34 0
-1.184000 0.997000 -0.474000 10 0
-1.237000 0.976000 -0.498000 9 0
-1.240000 0.913000 -0.502000 0 64
-1.219000 1.143000 -0.494000 60 0
-1.193000 1.053000 -0.487000 13 0
-1.196000 0.988000 -0.489000 10 0
-1.244000 0.960000 -0.510000 8 0
-1.236000 1.213000 -0.513000 53 0
-1.211000 1.119000 -0.504000 57 0
-1.189000 1.029000 -0.494000 1 0
-1.216000 0.983000 -0.505000 9 0
-1.258000 1.294000 -0.535000 47 0
-1.235000 1.194000 -0.525000 52 0
-1.205000 1.092000 -0.509000 57 0
-1.180000 0.998000 -0.496000 9 0
-1.271000 1.370000 -0.555000 53 0
-1.251000 1.267000 -0.543000 53 0
-1.224000 1.160000 -0.527000 52 0
-1.209000 1.069000 -0.516000 27 0
-1.290000 1.457000 -0.578000 48 0
-1.264000 1.340000 -0.562000 48 0
-1.241000 1.231000 -0.544000 52 0
-1.216000 1.126000 -0.527000 62 0
-1.316000 1.557000 -0.607000 49 0
-1.281000 1.422000 -0.583000 53 0
-1.259000 1.307000 -0.563000 58 0
-1.234000 1.195000 -0.543000 52 0
-1.326000 1.646000 -0.630000 10 0
-1.306000 1.519000 -0.610000 48 0
-1.278000 1.389000 -0.584000 49 0
-1.253000 1.269000 -0.562000 52 0
-1.859000 2.418000 -0.910000 73 0
-1.329000 1.619000 -0.637000 13 0
-1.296000 1.474000 -0.606000 52 0
-1.267000 1.343000 -0.578000 53 0
-1.788000 2.440000 -0.904000 85 0
-1.894000 2.418000 -0.934000 84 0
-1.319000 1.570000 -0.631000 49 0
-1.289000 1.429000 -0.599000 52 0
-1.717000 2.460000 -0.898000 76 0
-1.819000 2.434000 -0.923000 80 0
-1.324000 1.651000 -0.649000 4 0
-1.310000 1.520000 -0.622000 50 0
-1.643000 2.474000 -0.890000 83 0
-1.745000 2.449000 -0.913000 71 0
-1.852000 2.421000 -0.932000 70 0
-1.326000 1.612000 -0.644000 13 0
-1.573000 2.491000 -0.884000 76 0
-1.676000 2.471000 -0.905000 79 0
-1.780000 2.439000 -0.921000 73 0
-1.898000 2.415000 -0.942000 70 0
-1.504000 2.509000 -0.879000 77 0
-1.605000 2.485000 -0.896000 73 0
-1.709000 2.457000 -0.909000 78 0
-1.822000 2.431000 -0.927000 83 0
-1.436000 2.524000 -0.873000 75 0
-1.533000 2.499000 -0.887000 75 0
-1.638000 2.474000 -0.899000 72 0
-1.750000 2.448000 -0.913000 75 0
-1.369000 2.540000 -0.869000 79 0
-1.465000 2.514000 -0.880000 70 0
-1.569000 2.491000 -0.889000 76 0
-1.679000 2.466000 -0.901000 75 0
-1.301000 2.551000 -0.864000 72 0
-1.400000 2.534000 -0.874000 73 0
-1.502000 2.510000 -0.881000 75 0
-1.610000 2.484000 -0.889000 72 0
-1.236000 2.568000 -0.861000 79 0
-1.331000 2.545000 -0.867000 74 0
-1.431000 2.521000 -0.869000 78 0
-1.538000 2.496000 -0.875000 73 0
-1.174000 2.588000 -0.859000 80 0
-1.268000 2.564000 -0.862000 74 0
-1.365000 2.537000 -0.861000 68 0
-1.472000 2.516000 -0.866000 77 0
-1.112000 2.608000 -0.858000 83 0
-1.203000 2.579000 -0.857000 80 0
-1.299000 2.553000 -0.854000 75 0
-1.404000 2.531000 -0.855000 67 0
-1.046000 2.617000 -0.854000 76 0
-1.138000 2.593000 -0.852000 80 0
-1.236000 2.574000 -0.848000 74 0
-1.336000 2.544000 -0.844000 78 0
-0.983000 2.630000 -0.852000 71 0
-1.074000 2.608000 -0.847000 75 0
-1.170000 2.585000 -0.840000 76 0
-1.270000 2.559000 -0.834000 76 0
-1.113000 3.196000 -1.028000 111 0
-1.012000 2.624000 -0.844000 74 0
-1.106000 2.602000 -0.834000 76 0
-1.206000 2.577000 -0.826000 73 0
-1.246000 3.862000 -1.234000 12 0
-0.985000 2.738000 -0.873000 162 0
-1.042000 2.615000 -0.828000 75 0
-1.142000 2.593000 -0.818000 79 0
-1.154000 3.872000 -1.230000 12 0
-1.301000 3.895000 -1.230000 21 0
-0.980000 2.632000 -0.823000 102 0
-1.079000 2.613000 -0.812000 74 0
-1.061000 3.878000 -1.225000 12 0
-1.214000 3.926000 -1.230000 15 0
-1.109000 3.202000 -0.990000 88 0
-1.013000 2.622000 -0.802000 73 0
-0.968000 3.883000 -1.221000 11 0
-1.120000 3.937000 -1.223000 14 0
-1.289000 4.017000 -1.229000 12 0
-0.992000 2.757000 -0.831000 165 0
-0.876000 3.882000 -1.215000 11 0
-1.030000 3.962000 -1.222000 14 0
-1.196000 4.045000 -1.224000 15 0
-1.074000 3.215000 -0.957000 5 0
-0.786000 3.896000 -1.215000 11 0
-0.941000 3.989000 -1.222000 11 0
-1.106000 4.083000 -1.223000 12 0
-1.291000 4.186000 -1.229000 13 0
-0.697000 3.904000 -1.214000 11 0
-0.848000 4.001000 -1.218000 11 0
-1.014000 4.119000 -1.222000 12 0
-1.189000 4.198000 -1.217000 8 0
-0.605000 3.895000 -1.207000 11 0
-0.755000 4.010000 -1.213000 11 0
-0.920000 4.140000 -1.218000 12 0
-1.101000 4.264000 -1.221000 13 0
-0.516000 3.895000 -1.204000 11 0
-0.662000 4.015000 -1.209000 11 0
-0.826000 4.165000 -1.215000 11 0
-1.007000 4.311000 -1.221000 14 0
-0.427000 3.895000 -1.202000 15 0
-0.571000 4.027000 -1.206000 14 0
-0.729000 4.182000 -1.210000 12 0
-0.907000 4.335000 -1.214000 14 0
-0.339000 3.893000 -1.199000 14 0
-0.478000 4.032000 -1.202000 16 0
-0.633000 4.196000 -1.206000 12 0
-0.810000 4.382000 -1.215000 21 0
-0.221000 3.411000 -1.050000 26 0
-0.386000 4.033000 -1.198000 16 0
-0.535000 4.206000 -1.200000 16 0
-0.710000 4.410000 -1.211000 20 0
0.000000 -0.000000 -0.000000 0 0
-0.249000 3.412000 -1.011000 41 0
-0.439000 4.223000 -1.198000 17 0
-0.608000 4.438000 -1.206000 18 0
0.000000 -0.000000 -0.000000 0 192
0.000000 -0.000000 -0.000000 0 0
-0.276000 3.414000 -0.963000 22 0
-0.505000 4.463000 -1.203000 14 0
0.000000 -0.000000 -0.000000 0 192
0.000000 -0.000000 -0.000000 0 192
-0.197000 3.421000 -0.960000 8 0
-0.401000 4.474000 -1.196000 14 0
0.000000 -0.000000 -0.000000 0 192
0.000000 -0.000000 -0.000000 0 192
0.000000 -0.000000 -0.000000 0 0
-0.225000 3.420000 -0.907000 28 0
0.000000 -0.000000 -0.000000 0 192
0.000000 -0.000000 -0.000000 0 192
0.000000 -0.000000 -0.000000 0 192
0.000000 -0.000000 -0.000000 0 0
0.000000 -0.000000 -0.000000 0 192
0.000000 -0.000000 -0.000000 0 192
0.000000 -0.000000 -0.000000 0 192
0.000000 -0.000000 -0.000000 0 192
0.000000 -0.000000 -0.000000 0 192
0.000000 -0.000000 -0.000000 0 192
0.000000 -0.000000 -0.000000 0 192
0.000000 -0.000000 -0.000000 0 128
0.000000 -0.000000 -0.000000 0 192
0.000000 -0.000000 -0.000000 0 192
0.000000 -0.000000 -0.000000 0 192
0.000000 -0.000000 -0.000000 0 192
0.000000 -0.000000 -0.000000 0 0
0.000000 -0.000000 -0.000000 0 192
0.000000 -0.000000 -0.000000 0 192
0.000000 -0.000000 -0.000000 0 128
0.245000 1.544000 -0.483000 50 0
0.000000 -0.000000 -0.000000 0 0
0.174000 1.672000 -0.459000 1 0
0.000000 -0.000000 -0.000000 0 192
-0.983000 2.630000 -0.852000 71 0
-1.074000 2.608000 -0.847000 75 0
-1.170000 2.585000 -0.840000 76 0
-1.270000 2.559000 -0.834000 76 0
-1.113000 3.196000 -1.028000 111 0
-1.012000 2.624000 -0.844000 74 0
-1.106000 2.602000 -0.834000 76 0
-1.206000 2.577000 -0.826000 73 0
-1.246000 3.862000 -1.234000 12 0
-0.985000 2.738000 -0.873000 162 0
-1.042000 2.615000 -0.828000 75 0
-1.142000 2.593000 -0.818000 79 0
-1.154000 3.872000 -1.230000 12 0
-1.301000 3.895000 -1.230000 21 0
-0.980000 2.632000 -0.823000 102 0
-1.079000 2.613000 -0.812000 74 0
-1.061000 3.878000 -1.225000 12 0
-1.214000 3.926000 -1.230000 15 0
-1.109000 3.202000 -0.990000 88 0
-1.013000 2.622000 -0.802000 73 0
-0.968000 3.883000 -1.221000 11 0
-1.120000 3.937000 -1.223000 14 0
-1.289000 4.017000 -1.229000 12 0
-0.992000 2.757000 -0.831000 165 0
-0.876000 3.882000 -1.215000 11 0
-1.030000 3.962000 -1.222000 14 0
-1.196000 4.045000 -1.224000 15 0
-1.074000 3.215000 -0.957000 5 0
-0.786000 3.896000 -1.215000 11 0
-0.941000 3.989000 -1.222000 11 0
-1.106000 4.083000 -1.223000 12 0
-1.291000 4.186000 -1.229000 13 0
-0.697000 3.904000 -1.214000 11 0
-0.848000 4.001000 -1.218000 11 0
-1.014000 4.119000 -1.222000 12 0
-1.189000 4.198000 -1.217000 8 0
-0.605000 3.895000 -1.207000 11 0
-0.755000 4.010000 -1.213000 11 0
-0.920000 4.140000 -1.218000 12 0
-1.101000 4.264000 -1.221000 13 0
-0.516000 3.895000 -1.204000 11 0
-0.662000 4.015000 -1.209000 11 0
-0.826000 4.165000 -1.215000 11 0
-1.007000 4.311000 -1.221000 14 0
-0.427000 3.895000 -1.202000 15 0
-0.571000 4.027000 -1.206000 14 0
-0.729000 4.182000 -1.210000 12 0
-0.907000 4.335000 -1.214000 14 0
-0.339000 3.893000 -1.199000 14 0
-0.478000 4.032000 -1.202000 16 0
-0.633000 4.196000 -1.206000 12 0
-0.810000 4.382000 -1.215000 21 0
-0.221000 3.411000 -1.050000 26 0
-0.386000 4.033000 -1.198000 16 0
-0.535000 4.206000 -1.200000 16 0
-0.710000 4.410000 -1.211000 20 0
0.000000 -0.000000 -0.000000 0 0
-0.249000 3.412000 -1.011000 41 0
-0.439000 4.223000 -1.198000 17 0
-0.608000 4.438000 -1.206000 18 0
0.000000 -0.000000 -0.000000 0 192
0.000000 -0.000000 -0.000000 0 0
-0.276000 3.414000 -0.963000 22 0
-0.505000 4.463000 -1.203000 14 0
0.000000 -0.000000 -0.000000 0 192
0.000000 -0.000000 -0.000000 0 192
-0.197000 3.421000 -0.960000 8 0
-0.401000 4.474000 -1.196000 14 0
0.000000 -0.000000 -0.000000 0 192
0.000000 -0.000000 -0.000000 0 192
0.000000 -0.000000 -0.000000 0 0
-0.225000 3.420000 -0.907000 28 0
0.000000 -0.000000 -0.000000 0 192
0.000000 -0.000000 -0.000000 0 192
0.000000 -0.000000 -0.000000 0 192
0.000000 -0.000000 -0.000000 0 0
0.000000 -0.000000 -0.000000 0 192
0.000000 -0.000000 -0.000000 0 192
0.000000 -0.000000 -0.000000 0 192
0.000000 -0.000000 -0.000000 0 192
0.000000 -0.000000 -0.000000 0 192
0.000000 -0.000000 -0.000000 0 192
0.000000 -0.000000 -0.000000 0 192
0.000000 -0.000000 -0.000000 0 128
0.000000 -0.000000 -0.000000 0 192
0.000000 -0.000000 -0.000000 0 192
0.000000 -0.000000 -0.000000 0 192
0.000000 -0.000000 -0.000000 0 192
0.000000 -0.000000 -0.000000 0 0
0.000000 -0.000000 -0.000000 0 192
0.000000 -0.000000 -0.000000 0 192
0.000000 -0.000000 -0.000000 0 128
0.245000 1.544000 -0.483000 50 0
0.000000 -0.000000 -0.000000 0 0
0.174000 1.672000 -0.459000 1 0
0.000000 -0.000000 -0.000000 0 192
0.284000 1.564000 -0.491000 12 0
0.238000 1.545000 -0.455000 53 0
0.201000 1.580000 -0.433000 18 0
0.000000 -0.000000 -0.000000 0 192
0.321000 1.569000 -0.495000 58 0
0.278000 1.564000 -0.461000 12 0
0.235000 1.554000 -0.426000 11 0
0.199000 1.614000 -0.411000 1 64
0.358000 1.571000 -0.498000 60 0
0.315000 1.565000 -0.463000 53 0
0.273000 1.564000 -0.429000 11 0
0.227000 1.540000 -0.391000 52 0
0.398000 1.584000 -0.505000 80 0
0.355000 1.579000 -0.468000 12 0
0.313000 1.573000 -0.432000 11 0
0.269000 1.566000 -0.396000 12 0
0.438000 1.596000 -0.511000 72 0
0.393000 1.583000 -0.471000 80 0
0.351000 1.574000 -0.432000 55 0
0.307000 1.565000 -0.396000 52 0
0.479000 1.603000 -0.517000 52 0
0.435000 1.598000 -0.478000 79 0
0.396000 1.599000 -0.440000 18 0
0.350000 1.583000 -0.400000 12 0
0.521000 1.616000 -0.525000 48 0
0.476000 1.604000 -0.482000 63 0
0.434000 1.597000 -0.441000 78 0
0.390000 1.585000 -0.400000 56 0
0.565000 1.627000 -0.532000 44 0
0.519000 1.614000 -0.487000 48 0
0.476000 1.602000 -0.443000 62 0
0.434000 1.598000 -0.404000 57 0
0.609000 1.637000 -0.540000 45 0
0.566000 1.632000 -0.495000 51 0
0.522000 1.616000 -0.449000 56 0
0.478000 1.607000 -0.407000 57 0
0.656000 1.653000 -0.549000 34 0
0.609000 1.636000 -0.500000 46 0
0.566000 1.623000 -0.453000 45 0
0.523000 1.617000 -0.410000 47 0
0.701000 1.657000 -0.555000 41 0
0.659000 1.655000 -0.509000 42 0
0.615000 1.641000 -0.460000 53 0
0.571000 1.631000 -0.415000 51 0
0.752000 1.677000 -0.567000 35 0
0.707000 1.666000 -0.516000 45 0
0.663000 1.651000 -0.465000 47 0
0.620000 1.643000 -0.419000 50 0
0.837000 1.760000 -0.601000 151 0
0.757000 1.677000 -0.524000 38 0
0.712000 1.662000 -0.471000 43 0
0.671000 1.658000 -0.424000 49 0
0.995000 1.981000 -0.683000 46 0
0.871000 1.819000 -0.573000 150 0
0.765000 1.676000 -0.478000 50 0
0.723000 1.670000 -0.429000 44 0
1.057000 1.993000 -0.695000 41 0
1.004000 1.982000 -0.630000 41 0
0.843000 1.738000 -0.500000 150 0
0.777000 1.682000 -0.435000 45 0
1.120000 2.005000 -0.707000 43 0
1.071000 1.999000 -0.642000 37 0
1.019000 1.983000 -0.575000 39 0
0.966000 1.966000 -0.512000 46 0
1.194000 2.032000 -0.725000 48 0
1.134000 2.007000 -0.651000 37 0
1.090000 2.004000 -0.586000 41 0
1.037000 1.989000 -0.521000 43 0
1.265000 2.049000 -0.740000 32 0
1.213000 2.039000 -0.669000 41 0
1.159000 2.019000 -0.596000 37 0
1.109000 2.009000 -0.530000 44 0
1.972000 3.045000 -1.114000 1 0
1.292000 2.064000 -0.685000 15 0
1.231000 2.033000 -0.607000 19 0
1.183000 2.026000 -0.540000 28 0
0.000000 -0.000000 -0.000000 0 0
0.000000 -0.000000 -0.000000 0 0
2.128000 3.335000 -1.006000 1 0
1.268000 2.056000 -0.553000 4 0
0.000000 -0.000000 -0.000000 0 128
0.000000 -0.000000 -0.000000 0 128
0.000000 -0.000000 -0.000000 0 0
0.000000 -0.000000 -0.000000 0 0
0.000000 -0.000000 -0.000000 0 128
0.000000 -0.000000 -0.000000 0 128
0.000000 -0.000000 -0.000000 0 128
0.000000 -0.000000 -0.000000 0 128
0.000000 -0.000000 -0.000000 0 128
0.000000 -0.000000 -0.000000 0 128
0.000000 -0.000000 -0.000000 0 128
0.000000 -0.000000 -0.000000 0 128
0.000000 -0.000000 -0.000000 0 128
0.000000 -0.000000 -0.000000 0 128
0.000000 -0.000000 -0.000000 0 128
0.000000 -0.000000 -0.000000 0 128
0.284000 1.564000 -0.491000 12 0
0.238000 1.545000 -0.455000 53 0
0.201000 1.580000 -0.433000 18 0
0.000000 -0.000000 -0.000000 0 192
0.321000 1.569000 -0.495000 58 0
0.278000 1.564000 -0.461000 12 0
0.235000 1.554000 -0.426000 11 0
0.199000 1.614000 -0.411000 1 64
0.358000 1.571000 -0.498000 60 0
0.315000 1.565000 -0.463000 53 0
0.273000 1.564000 -0.429000 11 0
0.227000 1.540000 -0.391000 52 0
0.398000 1.584000 -0.505000 80 0
0.355000 1.579000 -0.468000 12 0
0.313000 1.573000 -0.432000 11 0
0.269000 1.566000 -0.396000 12 0
0.438000 1.596000 -0.511000 72 0
0.393000 1.583000 -0.471000 80 0
0.351000 1.574000 -0.432000 55 0
0.307000 1.565000 -0.396000 52 0
0.479000 1.603000 -0.517000 52 0
0.435000 1.598000 -0.478000 79 0
0.396000 1.599000 -0.440000 18 0
0.350000 1.583000 -0.400000 12 0
0.521000 1.616000 -0.525000 48 0
0.476000 1.604000 -0.482000 63 0
0.434000 1.597000 -0.441000 78 0
0.390000 1.585000 -0.400000 56 0
0.565000 1.627000 -0.532000 44 0
0.519000 1.614000 -0.487000 48 0
0.476000 1.602000 -0.443000 62 0
0.434000 1.598000 -0.404000 57 0
0.609000 1.637000 -0.540000 45 0
0.566000 1.632000 -0.495000 51 0
0.522000 1.616000 -0.449000 56 0
0.478000 1.607000 -0.407000 57 0
0.656000 1.653000 -0.549000 34 0
0.609000 1.636000 -0.500000 46 0
0.566000 1.623000 -0.453000 45 0
0.523000 1.617000 -0.410000 47 0
0.701000 1.657000 -0.555000 41 0
0.659000 1.655000 -0.509000 42 0
0.615000 1.641000 -0.460000 53 0
0.571000 1.631000 -0.415000 51 0
0.752000 1.677000 -0.567000 35 0
0.707000 1.666000 -0.516000 45 0
0.663000 1.651000 -0.465000 47 0
0.620000 1.643000 -0.419000 50 0
0.837000 1.760000 -0.601000 151 0
0.757000 1.677000 -0.524000 38 0
0.712000 1.662000 -0.471000 43 0
0.671000 1.658000 -0.424000 49 0
0.995000 1.981000 -0.683000 46 0
0.871000 1.819000 -0.573000 150 0
0.765000 1.676000 -0.478000 50 0
0.723000 1.670000 -0.429000 44 0
1.057000 1.993000 -0.695000 41 0
1.004000 1.982000 -0.630000 41 0
0.843000 1.738000 -0.500000 150 0
0.777000 1.682000 -0.435000 45 0
1.120000 2.005000 -0.707000 43 0
1.071000 1.999000 -0.642000 37 0
1.019000 1.983000 -0.575000 39 0
0.966000 1.966000 -0.512000 46 0
1.194000 2.032000 -0.725000 48 0
1.134000 2.007000 -0.651000 37 0
1.090000 2.004000 -0.586000 41 0
1.037000 1.989000 -0.521000 43 0
1.265000 2.049000 -0.740000 32 0
1.213000 2.039000 -0.669000 41 0
1.159000 2.019000 -0.596000 37 0
1.109000 2.009000 -0.530000 44 0
1.972000 3.045000 -1.114000 1 0
1.292000 2.064000 -0.685000 15 0
1.231000 2.033000 -0.607000 19 0
1.183000 2.026000 -0.540000 28 0
0.000000 -0.000000 -0.000000 0 0
0.000000 -0.000000 -0.000000 0 0
2.128000 3.335000 -1.006000 1 0
1.268000 2.056000 -0.553000 4 0
0.000000 -0.000000 -0.000000 0 128
0.000000 -0.000000 -0.000000 0 128
0.000000 -0.000000 -0.000000 0 0
0.000000 -0.000000 -0.000000 0 0
0.000000 -0.000000 -0.000000 0 128
0.000000 -0.000000 -0.000000 0 128
0.000000 -0.000000 -0.000000 0 128
0.000000 -0.000000 -0.000000 0 128
0.000000 -0.000000 -0.000000 0 128
0.000000 -0.000000 -0.000000 0 128
0.000000 -0.000000 -0.000000 0 128
0.000000 -0.000000 -0.000000 0 128
0.000000 -0.000000 -0.000000 0 128
0.000000 -0.000000 -0.000000 0 128
0.000000 -0.000000 -0.000000 0 128
0.000000 -0.000000 -0.000000 0 128
0.000000 -0.000000 -0.000000 0 128
0.000000 -0.000000 -0.000000 0 0
0.000000 -0.000000 -0.000000 0 128
0.000000 -0.000000 -0.000000 0 128
0.000000 -0.000000 -0.000000 0 128
0.000000 -0.000000 -0.000000 0 0
0.000000 -0.000000 -0.000000 0 0
0.000000 -0.000000 -0.000000 0 0
0.000000 -0.000000 -0.000000 0 0
0.000000 -0.000000 -0.000000 0 0
0.000000 -0.000000 -0.000000 0 0
0.000000 -0.000000 -0.000000 0 0
0.000000 -0.000000 -0.000000 0 0
0.000000 -0.000000 -0.000000 0 0
0.000000 -0.000000 -0.000000 0 0
0.000000 -0.000000 -0.000000 0 0
0.000000 -0.000000 -0.000000 0 0
0.000000 -0.000000 -0.000000 0 0
0.000000 -0.000000 -0.000000 0 0
0.000000 -0.000000 -0.000000 0 128
0.000000 -0.000000 -0.000000 0 0
0.000000 -0.000000 -0.000000 0 0
0.000000 -0.000000 -0.000000 0 0
0.000000 -0.000000 -0.000000 0 0
0.000000 -0.000000 -0.000000 0 0
0.000000 -0.000000 -0.000000 0 0
0.000000 -0.000000 -0.000000 0 0
0.000000 -0.000000 -0.000000 0 0
0.000000 -0.000000 -0.000000 0 128
0.000000 -0.000000 -0.000000 0 0
0.000000 -0.000000 -0.000000 0 0
0.000000 -0.000000 -0.000000 0 0
0.000000 -0.000000 -0.000000 0 128
0.000000 -0.000000 -0.000000 0 128
0.000000 -0.000000 -0.000000 0 128
0.000000 -0.000000 -0.000000 0 128
0.000000 -0.000000 -0.000000 0 128
0.000000 -0.000000 -0.000000 0 128
0.000000 -0.000000 -0.000000 0 0
0.000000 -0.000000 -0.000000 0 128
0.000000 -0.000000 -0.000000 0 0
0.000000 -0.000000 -0.000000 0 0
0.000000 -0.000000 -0.000000 0 0
0.000000 -0.000000 -0.000000 0 128
0.000000 -0.000000 -0.000000 0 0
0.000000 -0.000000 -0.000000 0 0
0.000000 -0.000000 -0.000000 0 0
0.000000 -0.000000 -0.000000 0 0
0.000000 -0.000000 -0.000000 0 0
0.000000 -0.000000 -0.000000 0 0
0.000000 -0.000000 -0.000000 0 0
0.000000 -0.000000 -0.000000 0 0
0.000000 -0.000000 -0.000000 0 0
0.000000 -0.000000 -0.000000 0 0
0.000000 -0.000000 -0.000000 0 0
0.000000 -0.000000 -0.000000 0 0
0.000000 -0.000000 -0.000000 0 0
0.000000 -0.000000 -0.000000 0 0
0.000000 -0.000000 -0.000000 0 0
0.000000 -0.000000 -0.000000 0 0
0.000000 -0.000000 -0.000000 0 0
0.000000 -0.000000 -0.000000 0 0
0.000000 -0.000000 -0.000000 0 0
0.000000 -0.000000 -0.000000 0 0
0.000000 -0.000000 -0.000000 0 0
0.000000 -0.000000 -0.000000 0 0
0.000000 -0.000000 -0.000000 0 0
0.000000 -0.000000 -0.000000 0 0
0.000000 -0.000000 -0.000000 0 0
0.000000 -0.000000 -0.000000 0 0
0.000000 -0.000000 -0.000000 0 0
0.000000 -0.000000 -0.000000 0 0
0.000000 -0.000000 -0.000000 0 0
0.000000 -0.000000 -0.000000 0 0
0.000000 -0.000000 -0.000000 0 0
0.000000 -0.000000 -0.000000 0 0
0.000000 -0.000000 -0.000000 0 0
0.000000 -0.000000 -0.000000 0 0
0.000000 -0.000000 -0.000000 0 0
0.000000 -0.000000 -0.000000 0 0
0.000000 -0.000000 -0.000000 0 0
0.000000 -0.000000 -0.000000 0 0
0.000000 -0.000000 -0.000000 0 0
0.000000 -0.000000 -0.000000 0 0
0.000000 -0.000000 -0.000000 0 0
0.000000 -0.000000 -0.000000 0 0
0.000000 -0.000000 -0.000000 0 0
0.000000 -0.000000 -0.000000 0 0
0.000000 -0.000000 -0.000000 0 0
0.000000 -0.000000 -0.000000 0 0
0.000000 -0.000000 -0.000000 0 0
0.000000 -0.000000 -0.000000 0 0
0.000000 -0.000000 -0.000000 0 0
0.000000 -0.000000 -0.000000 0 0
0.000000 -0.000000 -0.000000 0 0
0.000000 -0.000000 -0.000000 0 0
0.000000 -0.000000 -0.000000 0 128
0.000000 -0.000000 -0.000000 0 0
0.000000 -0.000000 -0.000000 0 128
0.000000 -0.000000 -0.000000 0 128
0.000000 -0.000000 -0.000000 0 128
0.000000 -0.000000 -0.000000 0 0
0.000000 -0.000000 -0.000000 0 0
0.000000 -0.000000 -0.000000 0 0
0.000000 -0.000000 -0.000000 0 0
0.000000 -0.000000 -0.000000 0 0
0.000000 -0.000000 -0.000000 0 0
0.000000 -0.000000 -0.000000 0 0
0.000000 -0.000000 -0.000000 0 0
0.000000 -0.000000 -0.000000 0 0
0.000000 -0.000000 -0.000000 0 0
0.000000 -0.000000 -0.000000 0 0
0.000000 -0.000000 -0.000000 0 0
0.000000 -0.000000 -0.000000 0 0
0.000000 -0.000000 -0.000000 0 0
0.000000 -0.000000 -0.000000 0 128
0.000000 -0.000000 -0.000000 0 0
0.000000 -0.000000 -0.000000 0 0
0.000000 -0.000000 -0.000000 0 0
0.000000 -0.000000 -0.000000 0 0
0.000000 -0.000000 -0.000000 0 0
0.000000 -0.000000 -0.000000 0 0
0.000000 -0.000000 -0.000000 0 0
0.000000 -0.000000 -0.000000 0 0
0.000000 -0.000000 -0.000000 0 128
0.000000 -0.000000 -0.000000 0 0
0.000000 -0.000000 -0.000000 0 0
0.000000 -0.000000 -0.000000 0 0
0.000000 -0.000000 -0.000000 0 128
0.000000 -0.000000 -0.000000 0 128
0.000000 -0.000000 -0.000000 0 128
0.000000 -0.000000 -0.000000 0 128
0.000000 -0.000000 -0.000000 0 128
0.000000 -0.000000 -0.000000 0 128
0.000000 -0.000000 -0.000000 0 0
0.000000 -0.000000 -0.000000 0 128
0.000000 -0.000000 -0.000000 0 0
0.000000 -0.000000 -0.000000 0 0
0.000000 -0.000000 -0.000000 0 0
0.000000 -0.000000 -0.000000 0 128
0.000000 -0.000000 -0.000000 0 0
0.000000 -0.000000 -0.000000 0 0
0.000000 -0.000000 -0.000000 0 0
0.000000 -0.000000 -0.000000 0 0
0.000000 -0.000000 -0.000000 0 0
0.000000 -0.000000 -0.000000 0 0
0.000000 -0.000000 -0.000000 0 0
0.000000 -0.000000 -0.000000 0 0
0.000000 -0.000000 -0.000000 0 0
0.000000 -0.000000 -0.000000 0 0
0.000000 -0.000000 -0.000000 0 0
0.000000 -0.000000 -0.000000 0 0
0.000000 -0.000000 -0.000000 0 0
0.000000 -0.000000 -0.000000 0 0
0.000000 -0.000000 -0.000000 0 0
0.000000 -0.000000 -0.000000 0 0
0.000000 -0.000000 -0.000000 0 0
0.000000 -0.000000 -0.000000 0 0
0.000000 -0.000000 -0.000000 0 0
0.000000 -0.000000 -0.000000 0 0
0.000000 -0.000000 -0.000000 0 0
0.000000 -0.000000 -0.000000 0 0
0.000000 -0.000000 -0.000000 0 0
0.000000 -0.000000 -0.000000 0 0
0.000000 -0.000000 -0.000000 0 0
0.000000 -0.000000 -0.000000 0 0
0.000000 -0.000000 -0.000000 0 0
0.000000 -0.000000 -0.000000 0 0
0.000000 -0.000000 -0.000000 0 0
0.000000 -0.000000 -0.000000 0 0
0.000000 -0.000000 -0.000000 0 0
0.000000 -0.000000 -0.000000 0 0
0.000000 -0.000000 -0.000000 0 0
0.000000 -0.000000 -0.000000 0 0
0.000000 -0.000000 -0.000000 0 0
0.000000 -0.000000 -0.000000 0 0
0.000000 -0.000000 -0.000000 0 0
0.000000 -0.000000 -0.000000 0 0
0.000000 -0.000000 -0.000000 0 0
0.000000 -0.000000 -0.000000 0 0
0.000000 -0.000000 -0.000000 0 0
0.000000 -0.000000 -0.000000 0 0
0.000000 -0.000000 -0.000000 0 0
0.000000 -0.000000 -0.000000 0 0
0.000000 -0.000000 -0.000000 0 0
0.000000 -0.000000 -0.000000 0 0
0.000000 -0.000000 -0.000000 0 0
0.000000 -0.000000 -0.000000 0 0
0.000000 -0.000000 -0.000000 0 0
0.000000 -0.000000 -0.000000 0 0
0.000000 -0.000000 -0.000000 0 0
0.000000 -0.000000 -0.000000 0 0
0.000000 -0.000000 -0.000000 0 0
0.000000 -0.000000 -0.000000 0 0
0.000000 -0.000000 -0.000000 0 0
0.000000 -0.000000 -0.000000 0 0
0.000000 -0.000000 -0.000000 0 0
0.000000 -0.000000 -0.000000 0 0
0.000000 -0.000000 -0.000000 0 0
0.000000 -0.000000 -0.000000 0 0
0.000000 -0.000000 -0.000000 0 0
0.000000 -0.000000 -0.000000 0 0
0.000000 -0.000000 -0.000000 0 0
0.000000 -0.000000 -0.000000 0 0
0.000000 -0.000000 -0.000000 0 0
0.000000 -0.000000 -0.000000 0 0
0.000000 -0.000000 -0.000000 0 0
0.000000 -0.000000 -0.000000 0 0
0.000000 -0.000000 -0.000000 0 0
0.000000 -0.000000 -0.000000 0 0
0.000000 -0.000000 -0.000000 0 0
0.000000 -0.000000 -0.000000 0 0
0.000000 -0.000000 -0.000000 0 0
0.000000 -0.000000 -0.000000 0 0
0.000000 -0.000000 -0.000000 0 0
0.000000 -0.000000 -0.000000 0 0
0.000000 -0.000000 -0.000000 0 0
0.000000 -0.000000 -0.000000 0 0
0.000000 -0.000000 -0.000000 0 0
0.000000 -0.000000 -0.000000 0 0
0.000000 -0.000000 -0.000000 0 0
0.000000 -0.000000 -0.000000 0 0
0.000000 -0.000000 -0.000000 0 0
0.000000 -0.000000 -0.000000 0 0
0.000000 -0.000000 -0.000000 0 0
0.000000 -0.000000 -0.000000 0 0
0.000000 -0.000000 -0.000000 0 0
0.000000 -0.000000 -0.000000 0 0
0.000000 -0.000000 -0.000000 0 0
0.000000 -0.000000 -0.000000 0 0
0.000000 -0.000000 -0.000000 0 0
0.000000 -0.000000 -0.000000 0 0
0.000000 -0.000000 -0.000000 0 0
0.000000 -0.000000 -0.000000 0 0
0.000000 -0.000000 -0.000000 0 0
0.000000 -0.000000 -0.000000 0 0
0.000000 -0.000000 -0.000000 0 0
0.000000 -0.000000 -0.000000 0 0
0.000000 -0.000000 -0.000000 0 0
0.000000 -0.000000 -0.000000 0 0
0.000000 -0.000000 -0.000000 0 0
0.000000 -0.000000 -0.000000 0 0
0.000000 -0.000000 -0.000000 0 0
0.000000 -0.000000 -0.000000 0 0
0.000000 -0.000000 -0.000000 0 0
0.000000 -0.000000 -0.000000 0 0
0.000000 -0.000000 -0.000000 0 0
0.000000 -0.000000 -0.000000 0 0
0.000000 -0.000000 -0.000000 0 0
0.000000 -0.000000 -0.000000 0 0
0.000000 -0.000000 -0.000000 0 0
0.000000 -0.000000 -0.000000 0 0
0.000000 -0.000000 -0.000000 0 0
0.000000 -0.000000 -0.000000 0 0
0.000000 -0.000000 -0.000000 0 0
0.000000 -0.000000 -0.000000 0 0
0.000000 -0.000000 -0.000000 0 0
0.000000 -0.000000 -0.000000 0 0
0.000000 -0.000000 -0.000000 0 0
0.000000 -0.000000 -0.000000 0 0
0.000000 -0.000000 -0.000000 0 0
0.000000 -0.000000 -0.000000 0 0
0.000000 -0.000000 -0.000000 0 0
0.000000 -0.000000 -0.000000 0 0
0.000000 -0.000000 -0.000000 0 0
0.000000 -0.000000 -0.000000 0 0
0.000000 -0.000000 -0.000000 0 0
0.000000 -0.000000 -0.000000 0 0
0.000000 -0.000000 -0.000000 0 0
0.000000 -0.000000 -0.000000 0 0
0.000000 -0.000000 -0.000000 0 0
0.000000 -0.000000 -0.000000 0 0
0.000000 -0.000000 -0.000000 0 0
0.000000 -0.000000 -0.000000 0 0
0.000000 -0.000000 -0.000000 0 0
0.000000 -0.000000 -0.000000 0 0
0.000000 -0.000000 -0.000000 0 0
0.000000 -0.000000 -0.000000 0 0
0.000000 -0.000000 -0.000000 0 0
0.000000 -0.000000 -0.000000 0 0
0.000000 -0.000000 -0.000000 0 0
0.000000 -0.000000 -0.000000 0 0
0.000000 -0.000000 -0.000000 0 0
0.000000 -0.000000 -0.000000 0 0
0.000000 -0.000000 -0.000000 0 0
0.000000 -0.000000 -0.000000 0 0
0.000000 -0.000000 -0.000000 0 0
0.000000 -0.000000 -0.000000 0 0
0.000000 -0.000000 -0.000000 0 0
0.000000 -0.000000 -0.000000 0 0
0.000000 -0.000000 -0.000000 0 0
0.000000 -0.000000 -0.000000 0 0
0.000000 -0.000000 -0.000000 0 0
0.000000 -0.000000 -0.000000 0 0
0.000000 -0.000000 -0.000000 0 0
0.000000 -0.000000 -0.000000 0 0
0.000000 -0.000000 -0.000000 0 0
0.000000 -0.000000 -0.000000 0 0
0.000000 -0.000000 -0.000000 0 0
0.000000 -0.000000 -0.000000 0 0
0.000000 -0.000000 -0.000000 0 0
0.000000 -0.000000 -0.000000 0 0
0.000000 -0.000000 -0.000000 0 0
0.000000 -0.000000 -0.000000 0 0
0.000000 -0.000000 -0.000000 0 0
0.000000 -0.000000 -0.000000 0 0
0.000000 -0.000000 -0.000000 0 0
0.000000 -0.000000 -0.000000 0 0
0.000000 -0.000000 -0.000000 0 0
0.000000 -0.000000 -0.000000 0 0
0.000000 -0.000000 -0.000000 0 0
0.000000 -0.000000 -0.000000 0 0
0.000000 -0.000000 -0.000000 0 0
0.000000 -0.000000 -0.000000 0 0
0.000000 -0.000000 -0.000000 0 0
0.000000 -0.000000 -0.000000 0 0
0.000000 -0.000000 -0.000000 0 0
0.000000 -0.000000 -0.000000 0 0
0.000000 -0.000000 -0.000000 0 0
0.000000 -0.000000 -0.000000 0 0
0.000000 -0.000000 -0.000000 0 0
0.000000 -0.000000 -0.000000 0 0
0.000000 -0.000000 -0.000000 0 0
0.000000 -0.000000 -0.000000 0 0
0.000000 -0.000000 -0.000000 0 0
0.000000 -0.000000 -0.000000 0 0
0.000000 -0.000000 -0.000000 0 0
0.000000 -0.000000 -0.000000 0 0
0.000000 -0.000000 -0.000000 0 0
0.000000 -0.000000 -0.000000 0 0
0.000000 -0.000000 -0.000000 0 0
0.000000 -0.000000 -0.000000 0 0
0.000000 -0.000000 -0.000000 0 0
0.000000 -0.000000 -0.000000 0 0
0.000000 -0.000000 -0.000000 0 0
0.000000 -0.000000 -0.000000 0 0
0.000000 -0.000000 -0.000000 0 0
0.000000 -0.000000 -0.000000 0 0
0.000000 -0.000000 -0.000000 0 0
0.000000 -0.000000 -0.000000 0 0
0.000000 -0.000000 -0.000000 0 0
0.000000 -0.000000 -0.000000 0 0
0.000000 -0.000000 -0.000000 0 0
0.000000 -0.000000 -0.000000 0 0
0.000000 -0.000000 -0.000000 0 0
0.000000 -0.000000 -0.000000 0 0
0.000000 -0.000000 -0.000000 0 0
0.000000 -0.000000 -0.000000 0 0
0.000000 -0.000000 -0.000000 0 0
0.000000 -0.000000 -0.000000 0 0
0.000000 -0.000000 -0.000000 0 0
0.000000 -0.000000 -0.000000 0 0
0.000000 -0.000000 -0.000000 0 0
0.000000 -0.000000 -0.000000 0 0
0.000000 -0.000000 -0.000000 0 0
0.000000 -0.000000 -0.000000 0 0
0.000000 -0.000000 -0.000000 0 0
0.000000 -0.000000 -0.000000 0 0
0.000000 -0.000000 -0.000000 0 0
0.000000 -0.000000 -0.000000 0 0
0.000000 -0.000000 -0.000000 0 0
0.000000 -0.000000 -0.000000 0 0
0.000000 -0.000000 -0.000000 0 0
0.000000 -0.000000 -0.000000 0 0
0.000000 -0.000000 -0.000000 0 0
0.000000 -0.000000 -0.000000 0 0
0.000000 -0.000000 -0.000000 0 0
0.000000 -0.000000 -0.000000 0 0
0.000000 -0.000000 -0.000000 0 0
0.000000 -0.000000 -0.000000 0 0
0.000000 -0.000000 -0.000000 0 0
0.000000 -0.000000 -0.000000 0 0
0.000000 -0.000000 -0.000000 0 0
0.000000 -0.000000 -0.000000 0 0
0.000000 -0.000000 -0.000000 0 0
0.000000 -0.000000 -0.000000 0 0
0.000000 -0.000000 -0.000000 0 0
0.000000 -0.000000 -0.000000 0 0
0.000000 -0.000000 -0.000000 0 0
0.000000 -0.000000 -0.000000 0 0
0.000000 -0.000000 -0.000000 0 0
0.000000 -0.000000 -0.000000 0 0
0.000000 -0.000000 -0.000000 0 0
0.000000 -0.000000 -0.000000 0 0
0.000000 -0.000000 -0.000000 0 0
0.000000 -0.000000 -0.000000 0 0
0.000000 -0.000000 -0.000000 0 0
0.000000 -0.000000 -0.000000 0 0
0.000000 -0.000000 -0.000000 0 0
0.000000 -0.000000 -0.000000 0 0
0.000000 -0.000000 -0.000000 0 0
0.000000 -0.000000 -0.000000 0 0
0.000000 -0.000000 -0.000000 0 0
0.000000 -0.000000 -0.000000 0 0
0.000000 -0.000000 -0.000000 0 0
0.000000 -0.000000 -0.000000 0 0
0.000000 -0.000000 -0.000000 0 0
0.000000 -0.000000 -0.000000 0 0
0.000000 -0.000000 -0.000000 0 0
0.000000 -0.000000 -0.000000 0 0
0.000000 -0.000000 -0.000000 0 0
0.000000 -0.000000 -0.000000 0 0
0.000000 -0.000000 -0.000000 0 0
0.000000 -0.000000 -0.000000 0 0
0.000000 -0.000000 -0.000000 0 0
0.000000 -0.000000 -0.000000 0 0
0.000000 -0.000000 -0.000000 0 0
0.000000 -0.000000 -0.000000 0 0
0.000000 -0.000000 -0.000000 0 0
0.000000 -0.000000 -0.000000 0 0
0.000000 -0.000000 -0.000000 0 0
0.000000 -0.000000 -0.000000 0 0
0.000000 -0.000000 -0.000000 0 0
0.000000 -0.000000 -0.000000 0 0
0.000000 -0.000000 -0.000000 0 0
0.000000 -0.000000 -0.000000 0 0
0.000000 -0.000000 -0.000000 0 0
0.000000 -0.000000 -0.000000 0 0
0.000000 -0.000000 -0.000000 0 0
0.000000 -0.000000 -0.000000 0 0
0.000000 -0.000000 -0.000000 0 0
0.000000 -0.000000 -0.000000 0 0
0.000000 -0.000000 -0.000000 0 0
0.000000 -0.000000 -0.000000 0 0
0.000000 -0.000000 -0.000000 0 0
0.000000 -0.000000 -0.000000 0 0
0.000000 -0.000000 -0.000000 0 0
0.000000 -0.000000 -0.000000 0 0
0.000000 -0.000000 -0.000000 0 0
0.000000 -0.000000 -0.000000 0 0
0.000000 -0.000000 -0.000000 0 0
0.000000 -0.000000 -0.000000 0 0
0.000000 -0.000000 -0.000000 0 0
0.000000 -0.000000 -0.000000 0 0
0.000000 -0.000000 -0.000000 0 0
0.000000 -0.000000 -0.000000 0 0
0.000000 -0.000000 -0.000000 0 0
0.000000 -0.000000 -0.000000 0 0
0.000000 -0.000000 -0.000000 0 0
0.000000 -0.000000 -0.000000 0 0
0.000000 -0.000000 -0.000000 0 0
0.000000 -0.000000 -0.000000 0 0
0.000000 -0.000000 -0.000000 0 0
0.000000 -0.000000 -0.000000 0 0
0.000000 -0.000000 -0.000000 0 0
0.000000 -0.000000 -0.000000 0 0
0.000000 -0.000000 -0.000000 0 0
0.000000 -0.000000 -0.000000 0 0
0.000000 -0.000000 -0.000000 0 0
0.000000 -0.000000 -0.000000 0 0
0.000000 -0.000000 -0.000000 0 0
0.000000 -0.000000 -0.000000 0 0
0.000000 -0.000000 -0.000000 0 0
0.000000 -0.000000 -0.000000 0 0
0.000000 -0.000000 -0.000000 0 0
0.000000 -0.000000 -0.000000 0 0
0.000000 -0.000000 -0.000000 0 0
0.000000 -0.000000 -0.000000 0 0
0.000000 -0.000000 -0.000000 0 0
0.000000 -0.000000 -0.000000 0 128
0.000000 -0.000000 -0.000000 0 0
0.000000 -0.000000 -0.000000 0 0
0.000000 -0.000000 -0.000000 0 0
0.000000 -0.000000 -0.000000 0 128
0.000000 -0.000000 -0.000000 0 0
0.000000 -0.000000 -0.000000 0 0
0.000000 -0.000000 -0.000000 0 128
0.000000 -0.000000 -0.000000 0 128
0.000000 -0.000000 -0.000000 0 0
0.000000 -0.000000 -0.000000 0 0
0.000000 -0.000000 -0.000000 0 128
0.000000 -0.000000 -0.000000 0 128
0.000000 -0.000000 -0.000000 0 0
0.000000 -0.000000 -0.000000 0 128
0.000000 -0.000000 -0.000000 0 128
0.000000 -0.000000 -0.000000 0 128
0.000000 -0.000000 -0.000000 0 128
0.000000 -0.000000 -0.000000 0 128
0.000000 -0.000000 -0.000000 0 0
0.000000 -0.000000 -0.000000 0 128
0.000000 -0.000000 -0.000000 0 0
0.000000 -0.000000 -0.000000 0 0
0.000000 -0.000000 -0.000000 0 0
0.000000 -0.000000 -0.000000 0 0
0.000000 -0.000000 -0.000000 0 0
0.000000 -0.000000 -0.000000 0 0
0.000000 -0.000000 -0.000000 0 0
0.000000 -0.000000 -0.000000 0 0
0.000000 -0.000000 -0.000000 0 0
0.000000 -0.000000 -0.000000 0 0
0.000000 -0.000000 -0.000000 0 0
0.000000 -0.000000 -0.000000 0 0
0.000000 -0.000000 -0.000000 0 0
0.000000 -0.000000 -0.000000 0 0
0.000000 -0.000000 -0.000000 0 0
0.000000 -0.000000 -0.000000 0 0
0.000000 -0.000000 -0.000000 0 0
0.000000 -0.000000 -0.000000 0 0
0.000000 -0.000000 -0.000000 0 0
0.000000 -0.000000 -0.000000 0 0
0.000000 -0.000000 -0.000000 0 0
0.000000 -0.000000 -0.000000 0 0
0.000000 -0.000000 -0.000000 0 0
0.000000 -0.000000 -0.000000 0 0
0.000000 -0.000000 -0.000000 0 0
0.000000 -0.000000 -0.000000 0 0
0.000000 -0.000000 -0.000000 0 0
0.000000 -0.000000 -0.000000 0 0
0.000000 -0.000000 -0.000000 0 0
0.000000 -0.000000 -0.000000 0 0
0.000000 -0.000000 -0.000000 0 0
0.000000 -0.000000 -0.000000 0 0
0.000000 -0.000000 -0.000000 0 0
0.000000 -0.000000 -0.000000 0 0
0.000000 -0.000000 -0.000000 0 0
0.000000 -0.000000 -0.000000 0 0
0.000000 -0.000000 -0.000000 0 0
0.000000 -0.000000 -0.000000 0 0
0.000000 -0.000000 -0.000000 0 0
0.000000 -0.000000 -0.000000 0 0
0.000000 -0.000000 -0.000000 0 0
0.000000 -0.000000 -0.000000 0 0
0.000000 -0.000000 -0.000000 0 0
0.000000 -0.000000 -0.000000 0 0
0.000000 -0.000000 -0.000000 0 0
0.000000 -0.000000 -0.000000 0 0
0.000000 -0.000000 -0.000000 0 0
0.000000 -0.000000 -0.000000 0 0
0.000000 -0.000000 -0.000000 0 0
0.000000 -0.000000 -0.000000 0 0
0.000000 -0.000000 -0.000000 0 0
0.000000 -0.000000 -0.000000 0 0
0.000000 -0.000000 -0.000000 0 0
0.000000 -0.000000 -0.000000 0 0
0.000000 -0.000000 -0.000000 0 0
0.000000 -0.000000 -0.000000 0 0
0.000000 -0.000000 -0.000000 0 0
0.000000 -0.000000 -0.000000 0 0
0.000000 -0.000000 -0.000000 0 0
0.000000 -0.000000 -0.000000 0 0
0.000000 -0.000000 -0.000000 0 0
0.000000 -0.000000 -0.000000 0 0
0.000000 -0.000000 -0.000000 0 0
0.000000 -0.000000 -0.000000 0 0
0.000000 -0.000000 -0.000000 0 0
0.000000 -0.000000 -0.000000 0 0
0.000000 -0.000000 -0.000000 0 0
0.000000 -0.000000 -0.000000 0 0
0.000000 -0.000000 -0.000000 0 0
0.000000 -0.000000 -0.000000 0 0
0.000000 -0.000000 -0.000000 0 0
0.000000 -0.000000 -0.000000 0 0
0.000000 -0.000000 -0.000000 0 0
0.000000 -0.000000 -0.000000 0 0
0.000000 -0.000000 -0.000000 0 0
0.000000 -0.000000 -0.000000 0 128
0.000000 -0.000000 -0.000000 0 0
0.000000 -0.000000 -0.000000 0 0
0.000000 -0.000000 -0.000000 0 0
0.000000 -0.000000 -0.000000 0 128
0.000000 -0.000000 -0.000000 0 0
0.000000 -0.000000 -0.000000 0 0
0.000000 -0.000000 -0.000000 0 128
0.000000 -0.000000 -0.000000 0 128
0.000000 -0.000000 -0.000000 0 0
0.000000 -0.000000 -0.000000 0 0
0.000000 -0.000000 -0.000000 0 128
0.000000 -0.000000 -0.000000 0 128
0.000000 -0.000000 -0.000000 0 0
0.000000 -0.000000 -0.000000 0 128
0.000000 -0.000000 -0.000000 0 128
0.000000 -0.000000 -0.000000 0 128
0.000000 -0.000000 -0.000000 0 128
0.000000 -0.000000 -0.000000 0 128
0.000000 -0.000000 -0.000000 0 0
0.000000 -0.000000 -0.000000 0 128
0.000000 -0.000000 -0.000000 0 128
0.000000 -0.000000 -0.000000 0 0
0.000000 -0.000000 -0.000000 0 0
0.000000 -0.000000 -0.000000 0 128
0.000000 -0.000000 -0.000000 0 128
0.000000 -0.000000 -0.000000 0 0
0.000000 -0.000000 -0.000000 0 0
0.000000 -0.000000 -0.000000 0 128
0.000000 -0.000000 -0.000000 0 128
0.000000 -0.000000 -0.000000 0 0
0.000000 -0.000000 -0.000000 0 0
0.000000 -0.000000 -0.000000 0 128
0.000000 -0.000000 -0.000000 0 128
0.000000 -0.000000 -0.000000 0 0
0.000000 -0.000000 -0.000000 0 128
0.000000 -0.000000 -0.000000 0 128
0.000000 -0.000000 -0.000000 0 128
0.000000 -0.000000 -0.000000 0 0
0.000000 -0.000000 -0.000000 0 128
0.000000 -0.000000 -0.000000 0 128
0.000000 -0.000000 -0.000000 0 128
0.000000 -0.000000 -0.000000 0 0
0.000000 -0.000000 -0.000000 0 128
0.000000 -0.000000 -0.000000 0 128
0.000000 -0.000000 -0.000000 0 128
0.000000 -0.000000 -0.000000 0 128
0.000000 -0.000000 -0.000000 0 128
0.000000 -0.000000 -0.000000 0 128
0.000000 -0.000000 -0.000000 0 128
0.000000 -0.000000 -0.000000 0 128
0.000000 -0.000000 -0.000000 0 0
0.000000 -0.000000 -0.000000 0 192
0.000000 -0.000000 -0.000000 0 128
0.000000 -0.000000 -0.000000 0 128
0.000000 -0.000000 -0.000000 0 0
0.000000 -0.000000 -0.000000 0 0
0.000000 -0.000000 -0.000000 0 128
0.000000 -0.000000 -0.000000 0 128
0.000000 -0.000000 -0.000000 0 192
0.711000 -1.227000 -0.297000 12 0
0.000000 -0.000000 -0.000000 0 128
0.000000 -0.000000 -0.000000 0 192
0.000000 -0.000000 -0.000000 0 0
0.681000 -1.241000 -0.297000 14 0
0.000000 -0.000000 -0.000000 0 128
0.000000 -0.000000 -0.000000 0 0
0.705000 -1.231000 -0.298000 13 0
0.647000 -1.248000 -0.296000 13 0
0.000000 -0.000000 -0.000000 0 192
0.000000 -0.000000 -0.000000 0 0
0.673000 -1.242000 -0.297000 13 0
0.614000 -1.255000 -0.295000 13 0
0.000000 -0.000000 -0.000000 0 0
0.702000 -1.233000 -0.295000 13 0
0.641000 -1.250000 -0.295000 13 0
0.583000 -1.265000 -0.295000 13 0
0.000000 -0.000000 -0.000000 0 0
0.675000 -1.253000 -0.295000 17 0
0.607000 -1.255000 -0.293000 13 0
0.550000 -1.269000 -0.293000 13 0
0.701000 -1.234000 -0.289000 13 0
0.637000 -1.251000 -0.290000 12 0
0.576000 -1.263000 -0.291000 13 0
0.853000 -2.102000 -0.482000 22 0
0.667000 -1.240000 -0.284000 13 0
0.604000 -1.256000 -0.286000 11 0
0.544000 -1.272000 -0.290000 12 0
0.800000 -2.108000 -0.480000 108 0
0.634000 -1.247000 -0.281000 14 0
0.573000 -1.267000 -0.285000 12 0
0.843000 -2.103000 -0.475000 24 0
0.747000 -2.114000 -0.479000 113 0
0.605000 -1.260000 -0.278000 13 0
0.890000 -2.094000 -0.464000 28 0
0.790000 -2.108000 -0.472000 113 0
0.696000 -2.127000 -0.479000 125 0
0.563000 -1.246000 -0.270000 4 0
0.839000 -2.108000 -0.461000 21 0
0.737000 -2.114000 -0.469000 107 0
0.661000 -2.188000 -0.491000 13 0
0.887000 -2.091000 -0.446000 27 0
0.783000 -2.106000 -0.455000 104 0
0.687000 -2.129000 -0.468000 93 0
0.614000 -2.213000 -0.494000 10 0
0.835000 -2.101000 -0.441000 96 0
0.733000 -2.122000 -0.453000 108 0
0.673000 -2.261000 -0.494000 9 1
0.562000 -2.227000 -0.495000 10 0
0.782000 -2.109000 -0.436000 103 0
0.682000 -2.134000 -0.451000 87 0
0.623000 -2.284000 -0.495000 9 0
0.511000 -2.239000 -0.497000 10 0
0.729000 -2.117000 -0.430000 101 0
0.699000 -2.372000 -0.496000 8 2
0.575000 -2.318000 -0.499000 9 0
0.462000 -2.263000 -0.501000 10 0
0.000000 -0.000000 -0.000000 0 128
0.000000 -0.000000 -0.000000 0 0
0.000000 -0.000000 -0.000000 0 0
0.000000 -0.000000 -0.000000 0 128
0.000000 -0.000000 -0.000000 0 128
0.000000 -0.000000 -0.000000 0 0
0.000000 -0.000000 -0.000000 0 0
0.000000 -0.000000 -0.000000 0 128
0.000000 -0.000000 -0.000000 0 128
0.000000 -0.000000 -0.000000 0 0
0.000000 -0.000000 -0.000000 0 0
0.000000 -0.000000 -0.000000 0 128
0.000000 -0.000000 -0.000000 0 128
0.000000 -0.000000 -0.000000 0 0
0.000000 -0.000000 -0.000000 0 128
0.000000 -0.000000 -0.000000 0 128
0.000000 -0.000000 -0.000000 0 128
0.000000 -0.000000 -0.000000 0 0
0.000000 -0.000000 -0.000000 0 128
0.000000 -0.000000 -0.000000 0 128
0.000000 -0.000000 -0.000000 0 128
0.000000 -0.000000 -0.000000 0 0
0.000000 -0.000000 -0.000000 0 128
0.000000 -0.000000 -0.000000 0 128
0.000000 -0.000000 -0.000000 0 128
0.000000 -0.000000 -0.000000 0 128
0.000000 -0.000000 -0.000000 0 128
0.000000 -0.000000 -0.000000 0 128
0.000000 -0.000000 -0.000000 0 128
0.000000 -0.000000 -0.000000 0 128
0.000000 -0.000000 -0.000000 0 0
0.000000 -0.000000 -0.000000 0 192
0.000000 -0.000000 -0.000000 0 128
0.000000 -0.000000 -0.000000 0 128
0.000000 -0.000000 -0.000000 0 0
0.000000 -0.000000 -0.000000 0 0
0.000000 -0.000000 -0.000000 0 128
0.000000 -0.000000 -0.000000 0 128
0.000000 -0.000000 -0.000000 0 192
0.711000 -1.227000 -0.297000 12 0
0.000000 -0.000000 -0.000000 0 128
0.000000 -0.000000 -0.000000 0 192
0.000000 -0.000000 -0.000000 0 0
0.681000 -1.241000 -0.297000 14 0
0.000000 -0.000000 -0.000000 0 128
0.000000 -0.000000 -0.000000 0 0
0.705000 -1.231000 -0.298000 13 0
0.647000 -1.248000 -0.296000 13 0
0.000000 -0.000000 -0.000000 0 192
0.000000 -0.000000 -0.000000 0 0
0.673000 -1.242000 -0.297000 13 0
0.614000 -1.255000 -0.295000 13 0
0.000000 -0.000000 -0.000000 0 0
0.702000 -1.233000 -0.295000 13 0
0.641000 -1.250000 -0.295000 13 0
0.583000 -1.265000 -0.295000 13 0
0.000000 -0.000000 -0.000000 0 0
0.675000 -1.253000 -0.295000 17 0
0.607000 -1.255000 -0.293000 13 0
0.550000 -1.269000 -0.293000 13 0
0.701000 -1.234000 -0.289000 13 0
0.637000 -1.251000 -0.290000 12 0
0.576000 -1.263000 -0.291000 13 0
0.853000 -2.102000 -0.482000 22 0
0.667000 -1.240000 -0.284000 13 0
0.604000 -1.256000 -0.286000 11 0
0.544000 -1.272000 -0.290000 12 0
0.800000 -2.108000 -0.480000 108 0
0.634000 -1.247000 -0.281000 14 0
0.573000 -1.267000 -0.285000 12 0
0.843000 -2.103000 -0.475000 24 0
0.747000 -2.114000 -0.479000 113 0
0.605000 -1.260000 -0.278000 13 0
0.890000 -2.094000 -0.464000 28 0
0.790000 -2.108000 -0.472000 113 0
0.696000 -2.127000 -0.479000 125 0
0.563000 -1.246000 -0.270000 4 0
0.839000 -2.108000 -0.461000 21 0
0.737000 -2.114000 -0.469000 107 0
0.661000 -2.188000 -0.491000 13 0
0.887000 -2.091000 -0.446000 27 0
0.783000 -2.106000 -0.455000 104 0
0.687000 -2.129000 -0.468000 93 0
0.614000 -2.213000 -0.494000 10 0
0.835000 -2.101000 -0.441000 96 0
0.733000 -2.122000 -0.453000 108 0
0.673000 -2.261000 -0.494000 9 1
0.562000 -2.227000 -0.495000 10 0
0.782000 -2.109000 -0.436000 103 0
0.682000 -2.134000 -0.451000 87 0
0.623000 -2.284000 -0.495000 9 0
0.511000 -2.239000 -0.497000 10 0
0.729000 -2.117000 -0.430000 101 0
0.699000 -2.372000 -0.496000 8 2
0.575000 -2.318000 -0.499000 9 0
0.462000 -2.263000 -0.501000 10 0
0.681000 -2.141000 -0.429000 82 0
0.651000 -2.417000 -0.500000 9 0
0.524000 -2.342000 -0.501000 8 0
0.411000 -2.277000 -0.503000 10 0
0.738000 -2.519000 -0.497000 8 2
0.596000 -2.437000 -0.499000 8 0
0.473000 -2.367000 -0.504000 8 0
0.358000 -2.283000 -0.503000 9 0
0.694000 -2.590000 -0.505000 12 0
0.545000 -2.474000 -0.502000 7 0
0.419000 -2.387000 -0.506000 9 0
0.310000 -2.320000 -0.511000 4 0
0.637000 -2.623000 -0.504000 7 0
0.492000 -2.511000 -0.505000 8 0
0.368000 -2.417000 -0.510000 8 0
0.000000 -0.000000 -0.000000 0 0
0.580000 -2.656000 -0.505000 7 0
0.436000 -2.536000 -0.506000 7 0
0.314000 -2.436000 -0.512000 2 0
0.000000 -0.000000 -0.000000 0 192
0.523000 -2.699000 -0.506000 7 0
0.382000 -2.575000 -0.510000 7 0
0.000000 -0.000000 -0.000000 0 0
0.000000 -0.000000 -0.000000 0 192
0.463000 -2.731000 -0.507000 5 0
0.000000 -0.000000 -0.000000 0 0
0.000000 -0.000000 -0.000000 0 192
0.000000 -0.000000 -0.000000 0 192
0.408000 -2.800000 -0.514000 5 0
0.000000 -0.000000 -0.000000 0 192
0.000000 -0.000000 -0.000000 0 192
0.000000 -0.000000 -0.000000 0 192
0.000000 -0.000000 -0.000000 0 0
0.000000 -0.000000 -0.000000 0 192
0.000000 -0.000000 -0.000000 0 192
0.000000 -0.000000 -0.000000 0 192
0.000000 -0.000000 -0.000000 0 192
0.000000 -0.000000 -0.000000 0 192
0.000000 -0.000000 -0.000000 0 192
0.000000 -0.000000 -0.000000 0 192
0.000000 -0.000000 -0.000000 0 192
0.000000 -0.000000 -0.000000 0 192
0.000000 -0.000000 -0.000000 0 192
-0.164000 -3.375000 -0.751000 1 0
0.000000 -0.000000 -0.000000 0 192
0.000000 -0.000000 -0.000000 0 192
0.000000 -0.000000 -0.000000 0 192
-0.196000 -2.750000 -0.614000 6 0
0.000000 -0.000000 -0.000000 0 192
0.000000 -0.000000 -0.000000 0 192
-0.183000 -3.322000 -0.691000 1 0
-0.276000 -2.933000 -0.658000 30 0
0.000000 -0.000000 -0.000000 0 192
0.000000 -0.000000 -0.000000 0 192
-0.236000 -3.024000 -0.630000 19 0
-0.319000 -2.724000 -0.613000 31 0
0.000000 -0.000000 -0.000000 0 192
-0.204000 -3.298000 -0.628000 8 0
-0.290000 -2.867000 -0.598000 63 0
-0.284000 -2.033000 -0.460000 2 0
0.000000 -0.000000 -0.000000 0 192
-0.256000 -2.999000 -0.571000 32 0
-0.331000 -2.658000 -0.556000 150 0
-0.391000 -2.406000 -0.547000 35 0
0.000000 -0.000000 -0.000000 0 128
0.000000 -0.000000 -0.000000 0 0
0.000000 -0.000000 -0.000000 0 0
0.000000 -0.000000 -0.000000 0 0
0.000000 -0.000000 -0.000000 0 0
0.000000 -0.000000 -0.000000 0 0
0.000000 -0.000000 -0.000000 0 0
0.000000 -0.000000 -0.000000 0 0
-0.218000 -1.884000 -0.320000 0 0
-0.267000 -1.708000 -0.324000 1 0
-0.302000 -1.552000 -0.327000 1 0
-0.476000 -2.047000 -0.475000 37 0
-0.249000 -1.786000 -0.302000 1 0
-0.290000 -1.608000 -0.306000 1 0
-0.326000 -1.492000 -0.316000 1 0
-0.503000 -1.960000 -0.458000 54 0
-0.275000 -1.677000 -0.283000 1 0
-0.307000 -1.502000 -0.286000 1 0
-0.489000 -2.014000 -0.429000 47 0
-0.524000 -1.868000 -0.440000 56 0
-0.296000 -1.569000 -0.264000 1 0
-0.471000 -2.059000 -0.393000 24 0
-0.511000 -1.915000 -0.410000 48 0
-0.527000 -1.728000 -0.410000 117 0
-0.319000 -1.496000 -0.251000 1 0
-0.500000 -1.971000 -0.377000 54 0
-0.534000 -1.832000 -0.394000 53 0
-0.458000 -1.391000 -0.333000 6 0
-0.485000 -2.033000 -0.341000 47 0
-0.523000 -1.879000 -0.360000 54 0
-0.488000 -1.544000 -0.334000 148 0
-0.465000 -1.313000 -0.317000 0 0
0.681000 -2.141000 -0.429000 82 0
0.651000 -2.417000 -0.500000 9 0
0.524000 -2.342000 -0.501000 8 0
0.411000 -2.277000 -0.503000 10 0
0.738000 -2.519000 -0.497000 8 2
0.596000 -2.437000 -0.499000 8 0
0.473000 -2.367000 -0.504000 8 0
0.358000 -2.283000 -0.503000 9 0
0.694000 -2.590000 -0.505000 12 0
0.545000 -2.474000 -0.502000 7 0
0.419000 -2.387000 -0.506000 9 0
0.310000 -2.320000 -0.511000 4 0
0.637000 -2.623000 -0.504000 7 0
0.492000 -2.511000 -0.505000 8 0
0.368000 -2.417000 -0.510000 8 0
0.000000 -0.000000 -0.000000 0 0
0.580000 -2.656000 -0.505000 7 0
0.436000 -2.536000 -0.506000 7 0
0.314000 -2.436000 -0.512000 2 0
0.000000 -0.000000 -0.000000 0 192
0.523000 -2.699000 -0.506000 7 0
0.382000 -2.575000 -0.510000 7 0
0.000000 -0.000000 -0.000000 0 0
0.000000 -0.000000 -0.000000 0 192
0.463000 -2.731000 -0.507000 5 0
0.000000 -0.000000 -0.000000 0 0
0.000000 -0.000000 -0.000000 0 192
0.000000 -0.000000 -0.000000 0 192
0.408000 -2.800000 -0.514000 5 0
0.000000 -0.000000 -0.000000 0 192
0.000000 -0.000000 -0.000000 0 192
0.000000 -0.000000 -0.000000 0 192
0.000000 -0.000000 -0.000000 0 0
0.000000 -0.000000 -0.000000 0 192
0.000000 -0.000000 -0.000000 0 192
0.000000 -0.000000 -0.000000 0 192
0.000000 -0.000000 -0.000000 0 192
0.000000 -0.000000 -0.000000 0 192
0.000000 -0.000000 -0.000000 0 192
0.000000 -0.000000 -0.000000 0 192
0.000000 -0.000000 -0.000000 0 192
0.000000 -0.000000 -0.000000 0 192
0.000000 -0.000000 -0.000000 0 192
-0.164000 -3.375000 -0.751000 1 0
0.000000 -0.000000 -0.000000 0 192
0.000000 -0.000000 -0.000000 0 192
0.000000 -0.000000 -0.000000 0 192
-0.196000 -2.750000 -0.614000 6 0
0.000000 -0.000000 -0.000000 0 192
0.000000 -0.000000 -0.000000 0 192
-0.183000 -3.322000 -0.691000 1 0
-0.276000 -2.933000 -0.658000 30 0
0.000000 -0.000000 -0.000000 0 192
0.000000 -0.000000 -0.000000 0 192
-0.236000 -3.024000 -0.630000 19 0
-0.319000 -2.724000 -0.613000 31 0
0.000000 -0.000000 -0.000000 0 192
-0.204000 -3.298000 -0.628000 8 0
-0.290000 -2.867000 -0.598000 63 0
-0.284000 -2.033000 -0.460000 2 0
0.000000 -0.000000 -0.000000 0 192
-0.256000 -2.999000 -0.571000 32 0
-0.331000 -2.658000 -0.556000 150 0
-0.391000 -2.406000 -0.547000 35 0
0.000000 -0.000000 -0.000000 0 128
0.000000 -0.000000 -0.000000 0 0
0.000000 -0.000000 -0.000000 0 0
0.000000 -0.000000 -0.000000 0 0
0.000000 -0.000000 -0.000000 0 0
0.000000 -0.000000 -0.000000 0 0
0.000000 -0.000000 -0.000000 0 0
0.000000 -0.000000 -0.000000 0 0
-0.218000 -1.884000 -0.320000 0 0
-0.267000 -1.708000 -0.324000 1 0
-0.302000 -1.552000 -0.327000 1 0
-0.476000 -2.047000 -0.475000 37 0
-0.249000 -1.786000 -0.302000 1 0
-0.290000 -1.608000 -0.306000 1 0
-0.326000 -1.492000 -0.316000 1 0
-0.503000 -1.960000 -0.458000 54 0
-0.275000 -1.677000 -0.283000 1 0
-0.307000 -1.502000 -0.286000 1 0
-0.489000 -2.014000 -0.429000 47 0
-0.524000 -1.868000 -0.440000 56 0
-0.296000 -1.569000 -0.264000 1 0
-0.471000 -2.059000 -0.393000 24 0
-0.511000 -1.915000 -0.410000 48 0
-0.527000 -1.728000 -0.410000 117 0
-0.319000 -1.496000 -0.251000 1 0
-0.500000 -1.971000 -0.377000 54 0
-0.534000 -1.832000 -0.394000 53 0
-0.458000 -1.391000 -0.333000 6 0
-0.485000 -2.033000 -0.341000 47 0
-0.523000 -1.879000 -0.360000 54 0
-0.488000 -1.544000 -0.334000 148 0
-0.465000 -1.313000 -0.317000 0 0
-0.510000 -1.932000 -0.325000 51 0
-0.544000 -1.789000 -0.344000 55 0
-0.446000 -1.307000 -0.285000 0 0
-0.474000 -1.248000 -0.304000 3 0
-0.532000 -1.837000 -0.309000 53 0
-0.428000 -1.301000 -0.251000 3 0
-0.461000 -1.255000 -0.276000 3 0
0.000000 -0.000000 -0.000000 0 0
-0.541000 -1.714000 -0.288000 90 0
-0.468000 -1.315000 -0.256000 0 0
-0.479000 -1.219000 -0.270000 0 0
0.000000 -0.000000 -0.000000 0 0
0.000000 -0.000000 -0.000000 0 0
-0.480000 -1.257000 -0.246000 5 0
0.000000 -0.000000 -0.000000 0 0
0.000000 -0.000000 -0.000000 0 0
-0.508000 -1.376000 -0.233000 5 0
-0.488000 -1.194000 -0.235000 0 0
-0.474000 -1.061000 -0.239000 0 0
-0.539000 -1.111000 -0.283000 1 0
-0.491000 -1.238000 -0.210000 0 0
-0.484000 -1.109000 -0.220000 0 0
-0.554000 -1.167000 -0.266000 0 0
-0.541000 -1.056000 -0.272000 1 0
0.000000 -0.000000 -0.000000 0 0
-0.489000 -1.051000 -0.210000 0 0
-0.659000 -1.310000 -0.301000 13 0
-0.676000 -1.250000 -0.326000 14 0
-0.483000 -1.066000 -0.183000 0 0
-0.656000 -1.329000 -0.268000 12 0
-0.672000 -1.265000 -0.294000 13 0
-0.691000 -1.211000 -0.320000 14 0
-0.653000 -1.354000 -0.233000 10 0
-0.671000 -1.283000 -0.261000 13 0
-0.686000 -1.222000 -0.288000 13 0
-0.700000 -1.166000 -0.313000 13 64
-0.667000 -1.301000 -0.226000 14 0
-0.686000 -1.240000 -0.255000 13 0
-0.695000 -1.175000 -0.280000 13 0
-0.714000 -1.132000 -0.308000 16 64
-0.680000 -1.251000 -0.219000 13 0
-0.697000 -1.194000 -0.248000 15 0
-0.709000 -1.139000 -0.275000 15 0
-0.721000 -1.090000 -0.301000 16 64
-0.691000 -1.203000 -0.212000 13 0
-0.707000 -1.149000 -0.241000 15 0
-0.720000 -1.099000 -0.269000 15 0
-0.727000 -1.048000 -0.294000 16 64
-0.704000 -1.159000 -0.206000 13 0
-0.718000 -1.107000 -0.235000 15 0
-0.728000 -1.059000 -0.263000 15 0
-0.737000 -1.013000 -0.289000 16 64
-0.717000 -1.118000 -0.201000 16 0
-0.724000 -1.061000 -0.228000 15 0
-0.734000 -1.017000 -0.256000 15 0
-0.740000 -0.972000 -0.281000 16 0
-0.720000 -1.066000 -0.194000 16 0
-0.730000 -1.018000 -0.222000 15 0
-0.740000 -0.978000 -0.251000 15 0
-0.742000 -0.931000 -0.275000 15 0
-0.728000 -1.024000 -0.188000 16 64
-0.740000 -0.982000 -0.217000 15 0
-0.749000 -0.945000 -0.246000 15 0
-0.754000 -0.904000 -0.272000 15 0
-0.738000 -0.986000 -0.184000 16 0
-0.749000 -0.947000 -0.213000 15 0
-0.755000 -0.908000 -0.241000 14 0
-0.763000 -0.875000 -0.268000 16 0
-0.748000 -0.951000 -0.180000 17 0
-0.757000 -0.912000 -0.209000 14 0
-0.761000 -0.876000 -0.236000 14 0
-0.769000 -0.844000 -0.263000 15 64
-0.754000 -0.912000 -0.175000 17 0
-0.764000 -0.878000 -0.204000 14 0
-0.767000 -0.842000 -0.232000 14 0
-0.775000 -0.815000 -0.259000 21 0
-0.764000 -0.880000 -0.172000 17 0
-0.775000 -0.850000 -0.202000 14 0
-0.777000 -0.816000 -0.229000 14 0
-0.787000 -0.791000 -0.257000 22 0
-0.775000 -0.850000 -0.169000 17 0
-0.782000 -0.818000 -0.198000 14 0
-0.782000 -0.784000 -0.225000 13 0
-0.794000 -0.764000 -0.254000 22 0
-0.783000 -0.819000 -0.166000 17 0
-0.792000 -0.791000 -0.195000 14 0
-0.795000 -0.762000 -0.223000 14 0
-0.802000 -0.738000 -0.251000 22 0
-0.791000 -0.787000 -0.163000 17 0
-0.799000 -0.761000 -0.192000 14 0
-0.802000 -0.735000 -0.220000 14 0
-0.811000 -0.714000 -0.249000 22 0
-0.799000 -0.758000 -0.160000 18 0
-0.810000 -0.736000 -0.190000 14 0
-0.811000 -0.710000 -0.218000 14 0
-0.818000 -0.689000 -0.246000 22 0
-0.510000 -1.932000 -0.325000 51 0
-0.544000 -1.789000 -0.344000 55 0
-0.446000 -1.307000 -0.285000 0 0
-0.474000 -1.248000 -0.304000 3 0
-0.532000 -1.837000 -0.309000 53 0
-0.428000 -1.301000 -0.251000 3 0
-0.461000 -1.255000 -0.276000 3 0
0.000000 -0.000000 -0.000000 0 0
-0.541000 -1.714000 -0.288000 90 0
-0.468000 -1.315000 -0.256000 0 0
-0.479000 -1.219000 -0.270000 0 0
0.000000 -0.000000 -0.000000 0 0
0.000000 -0.000000 -0.000000 0 0
-0.480000 -1.257000 -0.246000 5 0
0.000000 -0.000000 -0.000000 0 0
0.000000 -0.000000 -0.000000 0 0
-0.508000 -1.376000 -0.233000 5 0
-0.488000 -1.194000 -0.235000 0 0
-0.474000 -1.061000 -0.239000 0 0
-0.539000 -1.111000 -0.283000 1 0
-0.491000 -1.238000 -0.210000 0 0
-0.484000 -1.109000 -0.220000 0 0
-0.554000 -1.167000 -0.266000 0 0
-0.541000 -1.056000 -0.272000 1 0
0.000000 -0.000000 -0.000000 0 0
-0.489000 -1.051000 -0.210000 0 0
-0.659000 -1.310000 -0.301000 13 0
-0.676000 -1.250000 -0.326000 14 0
-0.483000 -1.066000 -0.183000 0 0
-0.656000 -1.329000 -0.268000 12 0
-0.672000 -1.265000 -0.294000 13 0
-0.691000 -1.211000 -0.320000 14 0
-0.653000 -1.354000 -0.233000 10 0
-0.671000 -1.283000 -0.261000 13 0
-0.686000 -1.222000 -0.288000 13 0
-0.700000 -1.166000 -0.313000 13 64
-0.667000 -1.301000 -0.226000 14 0
-0.686000 -1.240000 -0.255000 13 0
-0.695000 -1.175000 -0.280000 13 0
-0.714000 -1.132000 -0.308000 16 64
-0.680000 -1.251000 -0.219000 13 0
-0.697000 -1.194000 -0.248000 15 0
-0.709000 -1.139000 -0.275000 15 0
-0.721000 -1.090000 -0.301000 16 64
-0.691000 -1.203000 -0.212000 13 0
-0.707000 -1.149000 -0.241000 15 0
-0.720000 -1.099000 -0.269000 15 0
-0.727000 -1.048000 -0.294000 16 64
-0.704000 -1.159000 -0.206000 13 0
-0.718000 -1.107000 -0.235000 15 0
-0.728000 -1.059000 -0.263000 15 0
-0.737000 -1.013000 -0.289000 16 64
-0.717000 -1.118000 -0.201000 16 0
-0.724000 -1.061000 -0.228000 15 0
-0.734000 -1.017000 -0.256000 15 0
-0.740000 -0.972000 -0.281000 16 0
-0.720000 -1.066000 -0.194000 16 0
-0.730000 -1.018000 -0.222000 15 0
-0.740000 -0.978000 -0.251000 15 0
-0.742000 -0.931000 -0.275000 15 0
-0.728000 -1.024000 -0.188000 16 64
-0.740000 -0.982000 -0.217000 15 0
-0.749000 -0.945000 -0.246000 15 0
-0.754000 -0.904000 -0.272000 15 0
-0.738000 -0.986000 -0.184000 16 0
-0.749000 -0.947000 -0.213000 15 0
-0.755000 -0.908000 -0.241000 14 0
-0.763000 -0.875000 -0.268000 16 0
-0.748000 -0.951000 -0.180000 17 0
-0.757000 -0.912000 -0.209000 14 0
-0.761000 -0.876000 -0.236000 14 0
-0.769000 -0.844000 -0.263000 15 64
-0.754000 -0.912000 -0.175000 17 0
-0.764000 -0.878000 -0.204000 14 0
-0.767000 -0.842000 -0.232000 14 0
-0.775000 -0.815000 -0.259000 21 0
-0.764000 -0.880000 -0.172000 17 0
-0.775000 -0.850000 -0.202000 14 0
-0.777000 -0.816000 -0.229000 14 0
-0.787000 -0.791000 -0.257000 22 0
-0.775000 -0.850000 -0.169000 17 0
-0.782000 -0.818000 -0.198000 14 0
-0.782000 -0.784000 -0.225000 13 0
-0.794000 -0.764000 -0.254000 22 0
-0.783000 -0.819000 -0.166000 17 0
-0.792000 -0.791000 -0.195000 14 0
-0.795000 -0.762000 -0.223000 14 0
-0.802000 -0.738000 -0.251000 22 0
-0.791000 -0.787000 -0.163000 17 0
-0.799000 -0.761000 -0.192000 14 0
-0.802000 -0.735000 -0.220000 14 0
-0.811000 -0.714000 -0.249000 22 0
-0.799000 -0.758000 -0.160000 18 0
-0.810000 -0.736000 -0.190000 14 0
-0.811000 -0.710000 -0.218000 14 0
-0.818000 -0.689000 -0.246000 22 0
-0.810000 -0.731000 -0.158000 18 0
-0.816000 -0.708000 -0.187000 14 0
-0.816000 -0.682000 -0.215000 14 0
-0.821000 -0.662000 -0.243000 22 0
-0.818000 -0.704000 -0.156000 24 0
-0.822000 -0.679000 -0.185000 14 0
-0.823000 -0.657000 -0.212000 14 0
-0.831000 -0.640000 -0.241000 23 0
-0.823000 -0.674000 -0.153000 24 0
-0.828000 -0.653000 -0.182000 14 0
-0.832000 -0.633000 -0.210000 14 0
-0.836000 -0.616000 -0.239000 23 0
-0.833000 -0.649000 -0.152000 23 0
-0.835000 -0.627000 -0.180000 14 0
-0.839000 -0.610000 -0.209000 14 0
-0.843000 -0.593000 -0.236000 23 0
-0.840000 -0.622000 -0.150000 23 0
-0.840000 -0.601000 -0.178000 14 0
-0.844000 -0.585000 -0.206000 14 0
-0.850000 -0.570000 -0.235000 22 0
-0.848000 -0.597000 -0.148000 23 0
-0.850000 -0.578000 -0.177000 14 0
-0.837000 -0.552000 -0.201000 13 0
-0.856000 -0.548000 -0.233000 22 0
-0.841000 -0.562000 -0.144000 21 0
-0.857000 -0.554000 -0.175000 14 0
-0.841000 -0.528000 -0.199000 13 0
-0.863000 -0.526000 -0.231000 22 0
-0.845000 -0.535000 -0.142000 17 64
-0.860000 -0.527000 -0.173000 14 0
-0.852000 -0.508000 -0.198000 13 0
-0.865000 -0.501000 -0.228000 21 0
-0.856000 -0.514000 -0.142000 16 64
-0.866000 -0.504000 -0.171000 14 0
-0.860000 -0.487000 -0.197000 13 0
-0.861000 -0.474000 -0.224000 21 0
-0.866000 -0.491000 -0.141000 17 64
-0.869000 -0.478000 -0.169000 13 0
-0.565000 -0.303000 -0.128000 7 18
-0.850000 -0.445000 -0.219000 15 0
-0.606000 -0.325000 -0.097000 12 18
-0.859000 -0.447000 -0.165000 13 0
-0.870000 -0.442000 -0.194000 15 0
-0.871000 -0.432000 -0.221000 20 0
-0.874000 -0.442000 -0.138000 16 64
-0.874000 -0.429000 -0.165000 12 0
-0.875000 -0.420000 -0.193000 15 0
-0.879000 -0.412000 -0.220000 20 0
-0.879000 -0.418000 -0.137000 16 64
-0.884000 -0.408000 -0.165000 12 0
-0.880000 -0.398000 -0.191000 15 0
-0.885000 -0.391000 -0.219000 19 0
-0.886000 -0.395000 -0.137000 16 64
-0.889000 -0.386000 -0.164000 12 0
-0.880000 -0.374000 -0.189000 15 0
-0.891000 -0.371000 -0.218000 19 0
-0.894000 -0.373000 -0.136000 16 64
-0.893000 -0.363000 -0.163000 12 0
0.000000 -0.000000 -0.000000 0 0
0.000000 -0.000000 -0.000000 0 0
0.000000 -0.000000 -0.000000 0 0
0.000000 -0.000000 -0.000000 0 0
0.000000 -0.000000 -0.000000 0 0
0.000000 -0.000000 -0.000000 0 0
0.000000 -0.000000 -0.000000 0 0
-0.602000 -0.212000 -0.107000 0 0
0.000000 -0.000000 -0.000000 0 0
-0.606000 -0.207000 -0.144000 7 16
0.000000 -0.000000 -0.000000 0 192
-0.596000 -0.195000 -0.106000 0 0
0.000000 -0.000000 -0.000000 0 0
-0.590000 -0.187000 -0.139000 3 0
-0.910000 -0.279000 -0.133000 16 64
-0.911000 -0.274000 -0.160000 12 2
-0.902000 -0.268000 -0.184000 14 0
-0.912000 -0.268000 -0.212000 19 0
-0.911000 -0.256000 -0.132000 16 64
-0.918000 -0.253000 -0.160000 12 0
-0.912000 -0.249000 -0.185000 14 0
-0.916000 -0.247000 -0.212000 19 0
-0.917000 -0.233000 -0.132000 16 64
-0.923000 -0.231000 -0.160000 12 0
-0.914000 -0.227000 -0.183000 14 0
-0.921000 -0.227000 -0.211000 19 0
-0.922000 -0.211000 -0.132000 16 64
-0.929000 -0.210000 -0.159000 12 0
-0.923000 -0.208000 -0.184000 12 0
-0.933000 -0.209000 -0.212000 19 0
-0.927000 -0.189000 -0.132000 16 64
-0.933000 -0.188000 -0.159000 12 0
-0.927000 -0.187000 -0.183000 14 0
-0.931000 -0.187000 -0.210000 19 0
-0.931000 -0.166000 -0.132000 16 64
-0.938000 -0.166000 -0.159000 12 0
-0.935000 -0.166000 -0.184000 13 0
-0.935000 -0.167000 -0.209000 19 0
-0.810000 -0.731000 -0.158000 18 0
-0.816000 -0.708000 -0.187000 14 0
-0.816000 -0.682000 -0.215000 14 0
-0.821000 -0.662000 -0.243000 22 0
-0.818000 -0.704000 -0.156000 24 0
-0.822000 -0.679000 -0.185000 14 0
-0.823000 -0.657000 -0.212000 14 0
-0.831000 -0.640000 -0.241000 23 0
-0.823000 -0.674000 -0.153000 24 0
-0.828000 -0.653000 -0.182000 14 0
-0.832000 -0.633000 -0.210000 14 0
-0.836000 -0.616000 -0.239000 23 0
-0.833000 -0.649000 -0.152000 23 0
-0.835000 -0.627000 -0.180000 14 0
-0.839000 -0.610000 -0.209000 14 0
-0.843000 -0.593000 -0.236000 23 0
-0.840000 -0.622000 -0.150000 23 0
-0.840000 -0.601000 -0.178000 14 0
-0.844000 -0.585000 -0.206000 14 0
-0.850000 -0.570000 -0.235000 22 0
-0.848000 -0.597000 -0.148000 23 0
-0.850000 -0.578000 -0.177000 14 0
-0.837000 -0.552000 -0.201000 13 0
-0.856000 -0.548000 -0.233000 22 0
-0.841000 -0.562000 -0.144000 21 0
-0.857000 -0.554000 -0.175000 14 0
-0.841000 -0.528000 -0.199000 13 0
-0.863000 -0.526000 -0.231000 22 0
-0.845000 -0.535000 -0.142000 17 64
-0.860000 -0.527000 -0.173000 14 0
-0.852000 -0.508000 -0.198000 13 0
-0.865000 -0.501000 -0.228000 21 0
-0.856000 -0.514000 -0.142000 16 64
-0.866000 -0.504000 -0.171000 14 0
-0.860000 -0.487000 -0.197000 13 0
-0.861000 -0.474000 -0.224000 21 0
-0.866000 -0.491000 -0.141000 17 64
-0.869000 -0.478000 -0.169000 13 0
-0.565000 -0.303000 -0.128000 7 18
-0.850000 -0.445000 -0.219000 15 0
-0.606000 -0.325000 -0.097000 12 18
-0.859000 -0.447000 -0.165000 13 0
-0.870000 -0.442000 -0.194000 15 0
-0.871000 -0.432000 -0.221000 20 0
-0.874000 -0.442000 -0.138000 16 64
-0.874000 -0.429000 -0.165000 12 0
-0.875000 -0.420000 -0.193000 15 0
-0.879000 -0.412000 -0.220000 20 0
-0.879000 -0.418000 -0.137000 16 64
-0.884000 -0.408000 -0.165000 12 0
-0.880000 -0.398000 -0.191000 15 0
-0.885000 -0.391000 -0.219000 19 0
-0.886000 -0.395000 -0.137000 16 64
-0.889000 -0.386000 -0.164000 12 0
-0.880000 -0.374000 -0.189000 15 0
-0.891000 -0.371000 -0.218000 19 0
-0.894000 -0.373000 -0.136000 16 64
-0.893000 -0.363000 -0.163000 12 0
0.000000 -0.000000 -0.000000 0 0
0.000000 -0.000000 -0.000000 0 0
0.000000 -0.000000 -0.000000 0 0
0.000000 -0.000000 -0.000000 0 0
0.000000 -0.000000 -0.000000 0 0
0.000000 -0.000000 -0.000000 0 0
0.000000 -0.000000 -0.000000 0 0
-0.602000 -0.212000 -0.107000 0 0
0.000000 -0.000000 -0.000000 0 0
-0.606000 -0.207000 -0.144000 7 16
0.000000 -0.000000 -0.000000 0 192
-0.596000 -0.195000 -0.106000 0 0
0.000000 -0.000000 -0.000000 0 0
-0.590000 -0.187000 -0.139000 3 0
-0.910000 -0.279000 -0.133000 16 64
-0.911000 -0.274000 -0.160000 12 2
-0.902000 -0.268000 -0.184000 14 0
-0.912000 -0.268000 -0.212000 19 0
-0.911000 -0.256000 -0.132000 16 64
-0.918000 -0.253000 -0.160000 12 0
-0.912000 -0.249000 -0.185000 14 0
-0.916000 -0.247000 -0.212000 19 0
-0.917000 -0.233000 -0.132000 16 64
-0.923000 -0.231000 -0.160000 12 0
-0.914000 -0.227000 -0.183000 14 0
-0.921000 -0.227000 -0.211000 19 0
-0.922000 -0.211000 -0.132000 16 64
-0.929000 -0.210000 -0.159000 12 0
-0.923000 -0.208000 -0.184000 12 0
-0.933000 -0.209000 -0.212000 19 0
-0.927000 -0.189000 -0.132000 16 64
-0.933000 -0.188000 -0.159000 12 0
-0.927000 -0.187000 -0.183000 14 0
-0.931000 -0.187000 -0.210000 19 0
-0.931000 -0.166000 -0.132000 16 64
-0.938000 -0.166000 -0.159000 12 0
-0.935000 -0.166000 -0.184000 13 0
-0.935000 -0.167000 -0.209000 19 0
-0.937000 -0.144000 -0.133000 16 64
-0.944000 -0.145000 -0.159000 12 0
-0.934000 -0.145000 -0.182000 15 0
-0.946000 -0.148000 -0.210000 19 0
-0.944000 -0.122000 -0.133000 16 64
-0.946000 -0.122000 -0.159000 12 0
-0.942000 -0.124000 -0.183000 15 0
-0.951000 -0.127000 -0.210000 19 0
-0.952000 -0.099000 -0.134000 17 64
-0.952000 -0.100000 -0.159000 12 0
-0.949000 -0.103000 -0.183000 15 0
-0.952000 -0.106000 -0.209000 19 0
-0.959000 -0.077000 -0.135000 16 64
-0.958000 -0.078000 -0.160000 12 0
-0.952000 -0.082000 -0.183000 15 0
-0.959000 -0.086000 -0.209000 20 0
-0.968000 -0.054000 -0.136000 16 64
-0.962000 -0.056000 -0.160000 12 0
-0.955000 -0.060000 -0.183000 15 0
-0.963000 -0.065000 -0.209000 20 0
-0.969000 -0.031000 -0.136000 16 64
-0.972000 -0.034000 -0.161000 12 0
-0.962000 -0.039000 -0.184000 15 0
-0.966000 -0.044000 -0.208000 20 0
-0.981000 -0.007000 -0.138000 17 64
-0.972000 -0.011000 -0.161000 12 0
-0.969000 -0.017000 -0.184000 15 0
-0.968000 -0.023000 -0.208000 19 0
-0.984000 0.015000 -0.138000 17 64
-0.976000 0.010000 -0.162000 12 0
-0.971000 0.004000 -0.184000 15 0
-0.973000 -0.002000 -0.208000 20 0
-0.988000 0.039000 -0.139000 17 64
-0.980000 0.033000 -0.162000 12 0
-0.980000 0.026000 -0.185000 15 0
-0.977000 0.018000 -0.208000 20 0
-0.992000 0.064000 -0.140000 17 64
-0.997000 0.057000 -0.165000 13 0
-0.982000 0.048000 -0.185000 15 0
-0.981000 0.040000 -0.208000 19 0
-0.992000 0.088000 -0.141000 17 64
-1.002000 0.081000 -0.166000 13 0
-0.989000 0.071000 -0.186000 15 0
-0.997000 0.062000 -0.211000 21 0
-0.999000 0.113000 -0.142000 16 64
-1.011000 0.106000 -0.168000 13 0
-0.990000 0.093000 -0.186000 15 0
-1.002000 0.085000 -0.211000 21 0
-1.002000 0.137000 -0.143000 16 64
-1.018000 0.131000 -0.169000 14 0
-0.992000 0.116000 -0.187000 15 0
-1.013000 0.108000 -0.213000 22 0
-1.022000 0.165000 -0.147000 18 64
-1.023000 0.155000 -0.170000 14 0
-1.001000 0.140000 -0.188000 16 0
-1.018000 0.131000 -0.214000 22 0
-0.995000 0.186000 -0.144000 3 64
-1.022000 0.180000 -0.171000 14 0
-1.005000 0.164000 -0.189000 15 0
-1.018000 0.154000 -0.213000 17 64
-0.994000 0.210000 -0.145000 1 64
-1.012000 0.203000 -0.169000 2 0
-1.005000 0.188000 -0.189000 2 0
-1.026000 0.178000 -0.215000 18 64
-1.038000 0.246000 -0.152000 1 65
-1.013000 0.227000 -0.170000 2 0
-1.003000 0.211000 -0.189000 2 0
-1.003000 0.197000 -0.209000 2 64
-1.092000 0.286000 -0.161000 1 64
-1.112000 0.277000 -0.188000 2 2
-1.023000 0.239000 -0.193000 1 0
-1.010000 0.222000 -0.211000 2 0
-1.106000 0.318000 -0.165000 1 64
-1.115000 0.305000 -0.189000 2 0
-1.101000 0.284000 -0.208000 2 0
-1.086000 0.263000 -0.227000 2 64
-1.101000 0.346000 -0.166000 0 64
-1.125000 0.337000 -0.192000 2 0
-1.117000 0.316000 -0.212000 2 0
-1.111000 0.295000 -0.232000 2 64
-1.110000 0.378000 -0.169000 0 64
-1.130000 0.367000 -0.194000 2 0
-1.120000 0.344000 -0.213000 2 0
-1.120000 0.324000 -0.234000 2 64
-1.122000 0.412000 -0.173000 1 64
-1.137000 0.399000 -0.197000 2 0
-1.131000 0.375000 -0.216000 2 0
-1.119000 0.351000 -0.234000 1 0
-1.111000 0.439000 -0.173000 0 64
-1.140000 0.430000 -0.199000 2 0
-1.135000 0.405000 -0.217000 2 0
-1.128000 0.381000 -0.236000 2 0
-1.109000 0.469000 -0.175000 0 64
-1.148000 0.464000 -0.202000 2 0
-1.139000 0.436000 -0.219000 2 0
-1.134000 0.411000 -0.237000 2 0
-0.937000 -0.144000 -0.133000 16 64
-0.944000 -0.145000 -0.159000 12 0
-0.934000 -0.145000 -0.182000 15 0
-0.946000 -0.148000 -0.210000 19 0
-0.944000 -0.122000 -0.133000 16 64
-0.946000 -0.122000 -0.159000 12 0
-0.942000 -0.124000 -0.183000 15 0
-0.951000 -0.127000 -0.210000 19 0
-0.952000 -0.099000 -0.134000 17 64
-0.952000 -0.100000 -0.159000 12 0
-0.949000 -0.103000 -0.183000 15 0
-0.952000 -0.106000 -0.209000 19 0
-0.959000 -0.077000 -0.135000 16 64
-0.958000 -0.078000 -0.160000 12 0
-0.952000 -0.082000 -0.183000 15 0
-0.959000 -0.086000 -0.209000 20 0
-0.968000 -0.054000 -0.136000 16 64
-0.962000 -0.056000 -0.160000 12 0
-0.955000 -0.060000 -0.183000 15 0
-0.963000 -0.065000 -0.209000 20 0
-0.969000 -0.031000 -0.136000 16 64
-0.972000 -0.034000 -0.161000 12 0
-0.962000 -0.039000 -0.184000 15 0
-0.966000 -0.044000 -0.208000 20 0
-0.981000 -0.007000 -0.138000 17 64
-0.972000 -0.011000 -0.161000 12 0
-0.969000 -0.017000 -0.184000 15 0
-0.968000 -0.023000 -0.208000 19 0
-0.984000 0.015000 -0.138000 17 64
-0.976000 0.010000 -0.162000 12 0
-0.971000 0.004000 -0.184000 15 0
-0.973000 -0.002000 -0.208000 20 0
-0.988000 0.039000 -0.139000 17 64
-0.980000 0.033000 -0.162000 12 0
-0.980000 0.026000 -0.185000 15 0
-0.977000 0.018000 -0.208000 20 0
-0.992000 0.064000 -0.140000 17 64
-0.997000 0.057000 -0.165000 13 0
-0.982000 0.048000 -0.185000 15 0
-0.981000 0.040000 -0.208000 19 0
-0.992000 0.088000 -0.141000 17 64
-1.002000 0.081000 -0.166000 13 0
-0.989000 0.071000 -0.186000 15 0
-0.997000 0.062000 -0.211000 21 0
-0.999000 0.113000 -0.142000 16 64
-1.011000 0.106000 -0.168000 13 0
-0.990000 0.093000 -0.186000 15 0
-1.002000 0.085000 -0.211000 21 0
-1.002000 0.137000 -0.143000 16 64
-1.018000 0.131000 -0.169000 14 0
-0.992000 0.116000 -0.187000 15 0
-1.013000 0.108000 -0.213000 22 0
-1.022000 0.165000 -0.147000 18 64
-1.023000 0.155000 -0.170000 14 0
-1.001000 0.140000 -0.188000 16 0
-1.018000 0.131000 -0.214000 22 0
-0.995000 0.186000 -0.144000 3 64
-1.022000 0.180000 -0.171000 14 0
-1.005000 0.164000 -0.189000 15 0
-1.018000 0.154000 -0.213000 17 64
-0.994000 0.210000 -0.145000 1 64
-1.012000 0.203000 -0.169000 2 0
-1.005000 0.188000 -0.189000 2 0
-1.026000 0.178000 -0.215000 18 64
-1.038000 0.246000 -0.152000 1 65
-1.013000 0.227000 -0.170000 2 0
-1.003000 0.211000 -0.189000 2 0
-1.003000 0.197000 -0.209000 2 64
-1.092000 0.286000 -0.161000 1 64
-1.112000 0.277000 -0.188000 2 2
-1.023000 0.239000 -0.193000 1 0
-1.010000 0.222000 -0.211000 2 0
-1.106000 0.318000 -0.165000 1 64
-1.115000 0.305000 -0.189000 2 0
-1.101000 0.284000 -0.208000 2 0
-1.086000 0.263000 -0.227000 2 64
-1.101000 0.346000 -0.166000 0 64
-1.125000 0.337000 -0.192000 2 0
-1.117000 0.316000 -0.212000 2 0
-1.111000 0.295000 -0.232000 2 64
-1.110000 0.378000 -0.169000 0 64
-1.130000 0.367000 -0.194000 2 0
-1.120000 0.344000 -0.213000 2 0
-1.120000 0.324000 -0.234000 2 64
-1.122000 0.412000 -0.173000 1 64
-1.137000 0.399000 -0.197000 2 0
-1.131000 0.375000 -0.216000 2 0
-1.119000 0.351000 -0.234000 1 0
-1.111000 0.439000 -0.173000 0 64
-1.140000 0.430000 -0.199000 2 0
-1.135000 0.405000 -0.217000 2 0
-1.128000 0.381000 -0.236000 2 0
-1.109000 0.469000 -0.175000 0 64
-1.148000 0.464000 -0.202000 2 0
-1.139000 0.436000 -0.219000 2 0
-1.134000 0.411000 -0.237000 2 0
