# x y z reflectivity tag
0.000000 -0.000000 -0.000000 0 0
0.000000 -0.000000 -0.000000 0 0
0.000000 -0.000000 -0.000000 0 0
0.000000 -0.000000 -0.000000 0 0
0.000000 -0.000000 -0.000000 0 0
0.000000 -0.000000 -0.000000 0 0
0.000000 -0.000000 -0.000000 0 0
0.000000 -0.000000 -0.000000 0 0
0.000000 -0.000000 -0.000000 0 0
0.000000 -0.000000 -0.000000 0 0
0.000000 -0.000000 -0.000000 0 0
0.000000 -0.000000 -0.000000 0 0
0.000000 -0.000000 -0.000000 0 0
0.000000 -0.000000 -0.000000 0 0
0.000000 -0.000000 -0.000000 0 0
0.000000 -0.000000 -0.000000 0 0
0.000000 -0.000000 -0.000000 0 0
0.000000 -0.000000 -0.000000 0 0
0.000000 -0.000000 -0.000000 0 0
0.000000 -0.000000 -0.000000 0 128
0.000000 -0.000000 -0.000000 0 0
0.000000 -0.000000 -0.000000 0 0
0.000000 -0.000000 -0.000000 0 0
0.000000 -0.000000 -0.000000 0 192
0.000000 -0.000000 -0.000000 0 128
0.000000 -0.000000 -0.000000 0 0
0.000000 -0.000000 -0.000000 0 128
0.000000 -0.000000 -0.000000 0 128
0.000000 -0.000000 -0.000000 0 128
0.000000 -0.000000 -0.000000 0 128
0.000000 -0.000000 -0.000000 0 128
0.000000 -0.000000 -0.000000 0 192
0.000000 -0.000000 -0.000000 0 128
0.000000 -0.000000 -0.000000 0 128
0.000000 -0.000000 -0.000000 0 192
0.000000 -0.000000 -0.000000 0 192
0.000000 -0.000000 -0.000000 0 128
0.000000 -0.000000 -0.000000 0 128
0.000000 -0.000000 -0.000000 0 128
0.000000 -0.000000 -0.000000 0 192
0.000000 -0.000000 -0.000000 0 128
0.000000 -0.000000 -0.000000 0 128
0.000000 -0.000000 -0.000000 0 192
0.000000 -0.000000 -0.000000 0 192
0.000000 -0.000000 -0.000000 0 128
0.000000 -0.000000 -0.000000 0 128
0.000000 -0.000000 -0.000000 0 128
0.000000 -0.000000 -0.000000 0 192
0.000000 -0.000000 -0.000000 0 0
0.000000 -0.000000 -0.000000 0 128
0.000000 -0.000000 -0.000000 0 128
0.000000 -0.000000 -0.000000 0 128
0.000000 -0.000000 -0.000000 0 0
0.000000 -0.000000 -0.000000 0 0
0.000000 -0.000000 -0.000000 0 128
0.000000 -0.000000 -0.000000 0 128
0.000000 -0.000000 -0.000000 0 0
0.000000 -0.000000 -0.000000 0 0
0.000000 -0.000000 -0.000000 0 0
0.000000 -0.000000 -0.000000 0 128
0.000000 -0.000000 -0.000000 0 0
0.000000 -0.000000 -0.000000 0 0
0.000000 -0.000000 -0.000000 0 0
0.000000 -0.000000 -0.000000 0 128
0.000000 -0.000000 -0.000000 0 0
0.000000 -0.000000 -0.000000 0 0
0.000000 -0.000000 -0.000000 0 0
0.000000 -0.000000 -0.000000 0 128
0.000000 -0.000000 -0.000000 0 0
0.000000 -0.000000 -0.000000 0 0
0.000000 -0.000000 -0.000000 0 0
0.000000 -0.000000 -0.000000 0 0
0.000000 -0.000000 -0.000000 0 0
0.000000 -0.000000 -0.000000 0 0
0.000000 -0.000000 -0.000000 0 0
0.000000 -0.000000 -0.000000 0 128
0.000000 -0.000000 -0.000000 0 0
0.000000 -0.000000 -0.000000 0 0
0.000000 -0.000000 -0.000000 0 0
0.000000 -0.000000 -0.000000 0 128
0.000000 -0.000000 -0.000000 0 0
0.000000 -0.000000 -0.000000 0 0
0.000000 -0.000000 -0.000000 0 0
0.000000 -0.000000 -0.000000 0 128
0.000000 -0.000000 -0.000000 0 0
0.000000 -0.000000 -0.000000 0 0
0.000000 -0.000000 -0.000000 0 0
0.000000 -0.000000 -0.000000 0 0
0.000000 -0.000000 -0.000000 0 0
0.000000 -0.000000 -0.000000 0 0
0.000000 -0.000000 -0.000000 0 0
0.000000 -0.000000 -0.000000 0 128
0.000000 -0.000000 -0.000000 0 0
0.000000 -0.000000 -0.000000 0 0
0.000000 -0.000000 -0.000000 0 0
0.000000 -0.000000 -0.000000 0 0
0.000000 -0.000000 -0.000000 0 0
0.000000 -0.000000 -0.000000 0 0
0.000000 -0.000000 -0.000000 0 0
0.000000 -0.000000 -0.000000 0 0
0.000000 -0.000000 -0.000000 0 0
0.000000 -0.000000 -0.000000 0 0
0.000000 -0.000000 -0.000000 0 0
0.000000 -0.000000 -0.000000 0 0
0.000000 -0.000000 -0.000000 0 0
0.000000 -0.000000 -0.000000 0 0
0.000000 -0.000000 -0.000000 0 0
0.000000 -0.000000 -0.000000 0 0
0.000000 -0.000000 -0.000000 0 0
0.000000 -0.000000 -0.000000 0 0
0.000000 -0.000000 -0.000000 0 0
0.000000 -0.000000 -0.000000 0 0
0.000000 -0.000000 -0.000000 0 0
0.000000 -0.000000 -0.000000 0 0
0.000000 -0.000000 -0.000000 0 0
0.000000 -0.000000 -0.000000 0 128
0.000000 -0.000000 -0.000000 0 0
0.000000 -0.000000 -0.000000 0 0
0.000000 -0.000000 -0.000000 0 0
0.000000 -0.000000 -0.000000 0 192
0.000000 -0.000000 -0.000000 0 128
0.000000 -0.000000 -0.000000 0 0
0.000000 -0.000000 -0.000000 0 128
0.000000 -0.000000 -0.000000 0 128
0.000000 -0.000000 -0.000000 0 128
0.000000 -0.000000 -0.000000 0 128
0.000000 -0.000000 -0.000000 0 128
0.000000 -0.000000 -0.000000 0 192
0.000000 -0.000000 -0.000000 0 128
0.000000 -0.000000 -0.000000 0 128
0.000000 -0.000000 -0.000000 0 192
0.000000 -0.000000 -0.000000 0 192
0.000000 -0.000000 -0.000000 0 128
0.000000 -0.000000 -0.000000 0 128
0.000000 -0.000000 -0.000000 0 128
0.000000 -0.000000 -0.000000 0 192
0.000000 -0.000000 -0.000000 0 128
0.000000 -0.000000 -0.000000 0 128
0.000000 -0.000000 -0.000000 0 192
0.000000 -0.000000 -0.000000 0 192
0.000000 -0.000000 -0.000000 0 128
0.000000 -0.000000 -0.000000 0 128
0.000000 -0.000000 -0.000000 0 128
0.000000 -0.000000 -0.000000 0 192
0.000000 -0.000000 -0.000000 0 0
0.000000 -0.000000 -0.000000 0 128
0.000000 -0.000000 -0.000000 0 128
0.000000 -0.000000 -0.000000 0 128
0.000000 -0.000000 -0.000000 0 0
0.000000 -0.000000 -0.000000 0 0
0.000000 -0.000000 -0.000000 0 128
0.000000 -0.000000 -0.000000 0 128
0.000000 -0.000000 -0.000000 0 0
0.000000 -0.000000 -0.000000 0 0
0.000000 -0.000000 -0.000000 0 0
0.000000 -0.000000 -0.000000 0 128
0.000000 -0.000000 -0.000000 0 0
0.000000 -0.000000 -0.000000 0 0
0.000000 -0.000000 -0.000000 0 0
0.000000 -0.000000 -0.000000 0 128
0.000000 -0.000000 -0.000000 0 0
0.000000 -0.000000 -0.000000 0 0
0.000000 -0.000000 -0.000000 0 0
0.000000 -0.000000 -0.000000 0 128
0.000000 -0.000000 -0.000000 0 0
0.000000 -0.000000 -0.000000 0 0
0.000000 -0.000000 -0.000000 0 0
0.000000 -0.000000 -0.000000 0 0
0.000000 -0.000000 -0.000000 0 0
0.000000 -0.000000 -0.000000 0 0
0.000000 -0.000000 -0.000000 0 0
0.000000 -0.000000 -0.000000 0 128
0.000000 -0.000000 -0.000000 0 0
0.000000 -0.000000 -0.000000 0 0
0.000000 -0.000000 -0.000000 0 0
0.000000 -0.000000 -0.000000 0 128
0.000000 -0.000000 -0.000000 0 0
0.000000 -0.000000 -0.000000 0 0
0.000000 -0.000000 -0.000000 0 0
0.000000 -0.000000 -0.000000 0 128
0.000000 -0.000000 -0.000000 0 0
0.000000 -0.000000 -0.000000 0 0
0.000000 -0.000000 -0.000000 0 0
0.000000 -0.000000 -0.000000 0 0
0.000000 -0.000000 -0.000000 0 0
0.000000 -0.000000 -0.000000 0 0
0.000000 -0.000000 -0.000000 0 0
0.000000 -0.000000 -0.000000 0 128
0.000000 -0.000000 -0.000000 0 0
0.000000 -0.000000 -0.000000 0 0
0.000000 -0.000000 -0.000000 0 0
0.000000 -0.000000 -0.000000 0 0
0.000000 -0.000000 -0.000000 0 0
0.000000 -0.000000 -0.000000 0 0
0.000000 -0.000000 -0.000000 0 0
0.000000 -0.000000 -0.000000 0 128
0.000000 -0.000000 -0.000000 0 0
0.000000 -0.000000 -0.000000 0 0
0.000000 -0.000000 -0.000000 0 0
0.000000 -0.000000 -0.000000 0 0
0.000000 -0.000000 -0.000000 0 0
0.000000 -0.000000 -0.000000 0 0
0.000000 -0.000000 -0.000000 0 0
0.000000 -0.000000 -0.000000 0 128
0.000000 -0.000000 -0.000000 0 0
0.000000 -0.000000 -0.000000 0 0
0.000000 -0.000000 -0.000000 0 0
0.000000 -0.000000 -0.000000 0 0
0.000000 -0.000000 -0.000000 0 0
0.000000 -0.000000 -0.000000 0 0
0.000000 -0.000000 -0.000000 0 0
0.000000 -0.000000 -0.000000 0 128
0.000000 -0.000000 -0.000000 0 0
0.000000 -0.000000 -0.000000 0 0
0.000000 -0.000000 -0.000000 0 0
0.000000 -0.000000 -0.000000 0 0
0.000000 -0.000000 -0.000000 0 0
0.000000 -0.000000 -0.000000 0 0
0.000000 -0.000000 -0.000000 0 0
0.000000 -0.000000 -0.000000 0 128
0.000000 -0.000000 -0.000000 0 0
0.000000 -0.000000 -0.000000 0 0
0.000000 -0.000000 -0.000000 0 0
0.000000 -0.000000 -0.000000 0 128
0.000000 -0.000000 -0.000000 0 0
0.000000 -0.000000 -0.000000 0 0
0.000000 -0.000000 -0.000000 0 0
0.000000 -0.000000 -0.000000 0 128
0.000000 -0.000000 -0.000000 0 0
0.000000 -0.000000 -0.000000 0 0
0.000000 -0.000000 -0.000000 0 0
0.000000 -0.000000 -0.000000 0 128
0.000000 -0.000000 -0.000000 0 0
0.000000 -0.000000 -0.000000 0 0
0.000000 -0.000000 -0.000000 0 0
0.000000 -0.000000 -0.000000 0 128
0.000000 -0.000000 -0.000000 0 0
0.000000 -0.000000 -0.000000 0 0
0.000000 -0.000000 -0.000000 0 0
0.000000 -0.000000 -0.000000 0 128
0.000000 -0.000000 -0.000000 0 0
0.000000 -0.000000 -0.000000 0 0
0.000000 -0.000000 -0.000000 0 128
0.000000 -0.000000 -0.000000 0 128
0.000000 -0.000000 -0.000000 0 0
0.000000 -0.000000 -0.000000 0 0
0.000000 -0.000000 -0.000000 0 128
0.000000 -0.000000 -0.000000 0 192
0.000000 -0.000000 -0.000000 0 0
0.000000 -0.000000 -0.000000 0 128
0.000000 -0.000000 -0.000000 0 128
0.000000 -0.000000 -0.000000 0 128
0.000000 -0.000000 -0.000000 0 128
0.000000 -0.000000 -0.000000 0 128
0.000000 -0.000000 -0.000000 0 128
0.000000 -0.000000 -0.000000 0 192
0.000000 -0.000000 -0.000000 0 128
0.000000 -0.000000 -0.000000 0 128
0.000000 -0.000000 -0.000000 0 128
0.000000 -0.000000 -0.000000 0 128
0.000000 -0.000000 -0.000000 0 128
0.000000 -0.000000 -0.000000 0 128
0.000000 -0.000000 -0.000000 0 128
0.000000 -0.000000 -0.000000 0 128
0.000000 -0.000000 -0.000000 0 128
0.000000 -0.000000 -0.000000 0 128
0.000000 -0.000000 -0.000000 0 128
0.000000 -0.000000 -0.000000 0 128
0.000000 -0.000000 -0.000000 0 128
0.000000 -0.000000 -0.000000 0 128
0.000000 -0.000000 -0.000000 0 128
0.000000 -0.000000 -0.000000 0 128
0.000000 -0.000000 -0.000000 0 128
0.000000 -0.000000 -0.000000 0 128
0.000000 -0.000000 -0.000000 0 128
0.000000 -0.000000 -0.000000 0 128
0.000000 -0.000000 -0.000000 0 128
0.000000 -0.000000 -0.000000 0 128
0.000000 -0.000000 -0.000000 0 128
0.000000 -0.000000 -0.000000 0 192
0.000000 -0.000000 -0.000000 0 128
0.000000 -0.000000 -0.000000 0 128
0.000000 -0.000000 -0.000000 0 128
0.000000 -0.000000 -0.000000 0 128
0.000000 -0.000000 -0.000000 0 128
0.000000 -0.000000 -0.000000 0 128
0.000000 -0.000000 -0.000000 0 128
0.000000 -0.000000 -0.000000 0 192
0.000000 -0.000000 -0.000000 0 0
0.000000 -0.000000 -0.000000 0 0
0.000000 -0.000000 -0.000000 0 0
0.000000 -0.000000 -0.000000 0 128
0.000000 -0.000000 -0.000000 0 0
0.000000 -0.000000 -0.000000 0 0
0.000000 -0.000000 -0.000000 0 0
0.000000 -0.000000 -0.000000 0 0
0.000000 -0.000000 -0.000000 0 0
0.000000 -0.000000 -0.000000 0 0
0.000000 -0.000000 -0.000000 0 0
0.000000 -0.000000 -0.000000 0 128
0.000000 -0.000000 -0.000000 0 0
0.000000 -0.000000 -0.000000 0 0
0.000000 -0.000000 -0.000000 0 0
0.000000 -0.000000 -0.000000 0 0
0.000000 -0.000000 -0.000000 0 0
0.000000 -0.000000 -0.000000 0 0
0.000000 -0.000000 -0.000000 0 0
0.000000 -0.000000 -0.000000 0 128
0.000000 -0.000000 -0.000000 0 0
0.000000 -0.000000 -0.000000 0 0
0.000000 -0.000000 -0.000000 0 0
0.000000 -0.000000 -0.000000 0 0
0.000000 -0.000000 -0.000000 0 0
0.000000 -0.000000 -0.000000 0 0
0.000000 -0.000000 -0.000000 0 0
0.000000 -0.000000 -0.000000 0 128
0.000000 -0.000000 -0.000000 0 0
0.000000 -0.000000 -0.000000 0 0
0.000000 -0.000000 -0.000000 0 0
0.000000 -0.000000 -0.000000 0 128
0.000000 -0.000000 -0.000000 0 0
0.000000 -0.000000 -0.000000 0 0
0.000000 -0.000000 -0.000000 0 0
0.000000 -0.000000 -0.000000 0 128
0.000000 -0.000000 -0.000000 0 0
0.000000 -0.000000 -0.000000 0 0
0.000000 -0.000000 -0.000000 0 0
0.000000 -0.000000 -0.000000 0 128
0.000000 -0.000000 -0.000000 0 0
0.000000 -0.000000 -0.000000 0 0
0.000000 -0.000000 -0.000000 0 0
0.000000 -0.000000 -0.000000 0 128
0.000000 -0.000000 -0.000000 0 0
0.000000 -0.000000 -0.000000 0 0
0.000000 -0.000000 -0.000000 0 0
0.000000 -0.000000 -0.000000 0 128
0.000000 -0.000000 -0.000000 0 0
0.000000 -0.000000 -0.000000 0 0
0.000000 -0.000000 -0.000000 0 128
0.000000 -0.000000 -0.000000 0 128
0.000000 -0.000000 -0.000000 0 0
0.000000 -0.000000 -0.000000 0 0
0.000000 -0.000000 -0.000000 0 128
0.000000 -0.000000 -0.000000 0 192
0.000000 -0.000000 -0.000000 0 0
0.000000 -0.000000 -0.000000 0 128
0.000000 -0.000000 -0.000000 0 128
0.000000 -0.000000 -0.000000 0 128
0.000000 -0.000000 -0.000000 0 128
0.000000 -0.000000 -0.000000 0 128
0.000000 -0.000000 -0.000000 0 128
0.000000 -0.000000 -0.000000 0 192
0.000000 -0.000000 -0.000000 0 128
0.000000 -0.000000 -0.000000 0 128
0.000000 -0.000000 -0.000000 0 128
0.000000 -0.000000 -0.000000 0 128
0.000000 -0.000000 -0.000000 0 128
0.000000 -0.000000 -0.000000 0 128
0.000000 -0.000000 -0.000000 0 128
0.000000 -0.000000 -0.000000 0 128
0.000000 -0.000000 -0.000000 0 128
0.000000 -0.000000 -0.000000 0 128
0.000000 -0.000000 -0.000000 0 128
0.000000 -0.000000 -0.000000 0 128
0.000000 -0.000000 -0.000000 0 128
0.000000 -0.000000 -0.000000 0 128
0.000000 -0.000000 -0.000000 0 128
0.000000 -0.000000 -0.000000 0 128
0.000000 -0.000000 -0.000000 0 128
0.000000 -0.000000 -0.000000 0 128
0.000000 -0.000000 -0.000000 0 128
0.000000 -0.000000 -0.000000 0 128
0.000000 -0.000000 -0.000000 0 128
0.000000 -0.000000 -0.000000 0 128
0.000000 -0.000000 -0.000000 0 128
0.000000 -0.000000 -0.000000 0 192
0.000000 -0.000000 -0.000000 0 128
0.000000 -0.000000 -0.000000 0 128
0.000000 -0.000000 -0.000000 0 128
0.000000 -0.000000 -0.000000 0 128
0.000000 -0.000000 -0.000000 0 128
0.000000 -0.000000 -0.000000 0 128
0.000000 -0.000000 -0.000000 0 128
0.000000 -0.000000 -0.000000 0 192
0.000000 -0.000000 -0.000000 0 128
0.000000 -0.000000 -0.000000 0 128
0.000000 -0.000000 -0.000000 0 128
0.000000 -0.000000 -0.000000 0 128
0.000000 -0.000000 -0.000000 0 128
0.000000 -0.000000 -0.000000 0 128
0.000000 -0.000000 -0.000000 0 128
0.000000 -0.000000 -0.000000 0 128
0.000000 -0.000000 -0.000000 0 128
0.000000 -0.000000 -0.000000 0 128
0.000000 -0.000000 -0.000000 0 128
0.000000 -0.000000 -0.000000 0 128
0.000000 -0.000000 -0.000000 0 128
0.000000 -0.000000 -0.000000 0 128
0.000000 -0.000000 -0.000000 0 128
0.000000 -0.000000 -0.000000 0 192
0.000000 -0.000000 -0.000000 0 128
0.000000 -0.000000 -0.000000 0 128
0.000000 -0.000000 -0.000000 0 128
0.000000 -0.000000 -0.000000 0 128
0.000000 -0.000000 -0.000000 0 128
0.000000 -0.000000 -0.000000 0 0
0.000000 -0.000000 -0.000000 0 128
0.000000 -0.000000 -0.000000 0 128
0.000000 -0.000000 -0.000000 0 128
0.000000 -0.000000 -0.000000 0 128
0.000000 -0.000000 -0.000000 0 128
4.760000 -9.392000 0.038000 27 0
0.000000 -0.000000 -0.000000 0 128
0.000000 -0.000000 -0.000000 0 128
2.642000 -5.108000 -0.137000 9 0
4.520000 -9.471000 0.028000 67 0
0.000000 -0.000000 -0.000000 0 128
0.000000 -0.000000 -0.000000 0 128
2.502000 -5.128000 -0.139000 18 0
4.268000 -9.518000 0.018000 104 0
0.000000 -0.000000 -0.000000 0 128
0.000000 -0.000000 -0.000000 0 0
2.370000 -5.159000 -0.141000 29 0
4.025000 -9.582000 0.007000 106 0
0.000000 -0.000000 -0.000000 0 0
2.424000 -5.144000 -0.282000 36 0
2.240000 -5.192000 -0.143000 26 0
3.773000 -9.621000 -0.002000 72 0
2.470000 -5.122000 -0.421000 78 0
1.151000 -2.597000 -0.141000 11 0
2.101000 -5.202000 -0.146000 25 0
3.540000 -9.699000 -0.012000 109 0
0.000000 -0.000000 -0.000000 0 0
1.085000 -2.609000 -0.141000 150 0
1.969000 -5.229000 -0.148000 26 0
3.296000 -9.749000 -0.024000 106 0
1.110000 -2.599000 -0.207000 1 0
1.035000 -2.660000 -0.142000 3 0
1.849000 -5.280000 -0.152000 28 0
3.060000 -9.809000 -0.034000 101 0
1.055000 -2.632000 -0.206000 2 0
1.113000 -3.072000 -0.163000 14 2
1.714000 -5.287000 -0.154000 27 0
2.818000 -9.857000 -0.046000 99 0
1.114000 -2.974000 -0.230000 29 2
1.127000 -3.347000 -0.177000 23 0
1.597000 -5.352000 -0.158000 40 0
2.333000 -8.960000 -0.052000 9 0
1.103000 -3.162000 -0.241000 14 0
1.682000 -5.401000 -0.284000 0 0
1.468000 -5.375000 -0.161000 36 0
2.349000 -9.978000 -0.068000 102 0
1.026000 -3.171000 -0.239000 12 0
1.547000 -5.405000 -0.283000 10 0
1.340000 -5.397000 -0.165000 31 0
2.109000 -10.029000 -0.080000 99 0
1.594000 -5.336000 -0.396000 56 0
1.418000 -5.426000 -0.283000 8 0
1.213000 -5.424000 -0.168000 34 0
1.872000 -10.077000 -0.092000 99 0
1.468000 -5.361000 -0.393000 50 0
1.291000 -5.448000 -0.283000 26 0
1.086000 -5.457000 -0.172000 29 0
1.638000 -10.142000 -0.105000 97 0
1.345000 -5.389000 -0.391000 48 0
1.162000 -5.472000 -0.283000 31 0
1.770000 -10.113000 -0.324000 102 0
1.398000 -10.185000 -0.117000 45 0
1.223000 -5.422000 -0.388000 65 0
1.901000 -10.085000 -0.521000 53 0
1.533000 -10.159000 -0.332000 93 0
0.000000 -0.000000 -0.000000 0 0
1.094000 -5.432000 -0.384000 65 0
1.666000 -10.129000 -0.522000 40 0
1.091000 -8.581000 -0.285000 1 0
0.000000 -0.000000 -0.000000 0 192
1.794000 -10.089000 -0.706000 42 0
1.429000 -10.137000 -0.521000 17 0
0.000000 -0.000000 -0.000000 0 0
0.000000 -0.000000 -0.000000 0 128
0.000000 -0.000000 -0.000000 0 128
0.000000 -0.000000 -0.000000 0 128
0.000000 -0.000000 -0.000000 0 128
0.000000 -0.000000 -0.000000 0 128
0.000000 -0.000000 -0.000000 0 128
0.000000 -0.000000 -0.000000 0 128
0.000000 -0.000000 -0.000000 0 128
0.000000 -0.000000 -0.000000 0 128
0.000000 -0.000000 -0.000000 0 128
0.000000 -0.000000 -0.000000 0 128
0.000000 -0.000000 -0.000000 0 128
0.000000 -0.000000 -0.000000 0 128
0.000000 -0.000000 -0.000000 0 128
0.000000 -0.000000 -0.000000 0 128
0.000000 -0.000000 -0.000000 0 128
0.000000 -0.000000 -0.000000 0 192
0.000000 -0.000000 -0.000000 0 128
0.000000 -0.000000 -0.000000 0 128
0.000000 -0.000000 -0.000000 0 128
0.000000 -0.000000 -0.000000 0 128
0.000000 -0.000000 -0.000000 0 128
0.000000 -0.000000 -0.000000 0 0
0.000000 -0.000000 -0.000000 0 128
0.000000 -0.000000 -0.000000 0 128
0.000000 -0.000000 -0.000000 0 128
0.000000 -0.000000 -0.000000 0 128
0.000000 -0.000000 -0.000000 0 128
4.760000 -9.392000 0.038000 27 0
0.000000 -0.000000 -0.000000 0 128
0.000000 -0.000000 -0.000000 0 128
2.642000 -5.108000 -0.137000 9 0
4.520000 -9.471000 0.028000 67 0
0.000000 -0.000000 -0.000000 0 128
0.000000 -0.000000 -0.000000 0 128
2.502000 -5.128000 -0.139000 18 0
4.268000 -9.518000 0.018000 104 0
0.000000 -0.000000 -0.000000 0 128
0.000000 -0.000000 -0.000000 0 0
2.370000 -5.159000 -0.141000 29 0
4.025000 -9.582000 0.007000 106 0
0.000000 -0.000000 -0.000000 0 0
2.424000 -5.144000 -0.282000 36 0
2.240000 -5.192000 -0.143000 26 0
3.773000 -9.621000 -0.002000 72 0
2.470000 -5.122000 -0.421000 78 0
1.151000 -2.597000 -0.141000 11 0
2.101000 -5.202000 -0.146000 25 0
3.540000 -9.699000 -0.012000 109 0
0.000000 -0.000000 -0.000000 0 0
1.085000 -2.609000 -0.141000 150 0
1.969000 -5.229000 -0.148000 26 0
3.296000 -9.749000 -0.024000 106 0
1.110000 -2.599000 -0.207000 1 0
1.035000 -2.660000 -0.142000 3 0
1.849000 -5.280000 -0.152000 28 0
3.060000 -9.809000 -0.034000 101 0
1.055000 -2.632000 -0.206000 2 0
1.113000 -3.072000 -0.163000 14 2
1.714000 -5.287000 -0.154000 27 0
2.818000 -9.857000 -0.046000 99 0
1.114000 -2.974000 -0.230000 29 2
1.127000 -3.347000 -0.177000 23 0
1.597000 -5.352000 -0.158000 40 0
2.333000 -8.960000 -0.052000 9 0
1.103000 -3.162000 -0.241000 14 0
1.682000 -5.401000 -0.284000 0 0
1.468000 -5.375000 -0.161000 36 0
2.349000 -9.978000 -0.068000 102 0
1.026000 -3.171000 -0.239000 12 0
1.547000 -5.405000 -0.283000 10 0
1.340000 -5.397000 -0.165000 31 0
2.109000 -10.029000 -0.080000 99 0
1.594000 -5.336000 -0.396000 56 0
1.418000 -5.426000 -0.283000 8 0
1.213000 -5.424000 -0.168000 34 0
1.872000 -10.077000 -0.092000 99 0
1.468000 -5.361000 -0.393000 50 0
1.291000 -5.448000 -0.283000 26 0
1.086000 -5.457000 -0.172000 29 0
1.638000 -10.142000 -0.105000 97 0
1.345000 -5.389000 -0.391000 48 0
1.162000 -5.472000 -0.283000 31 0
1.770000 -10.113000 -0.324000 102 0
1.398000 -10.185000 -0.117000 45 0
1.223000 -5.422000 -0.388000 65 0
1.901000 -10.085000 -0.521000 53 0
1.533000 -10.159000 -0.332000 93 0
0.000000 -0.000000 -0.000000 0 0
1.094000 -5.432000 -0.384000 65 0
1.666000 -10.129000 -0.522000 40 0
1.091000 -8.581000 -0.285000 1 0
0.000000 -0.000000 -0.000000 0 192
1.794000 -10.089000 -0.706000 42 0
1.429000 -10.137000 -0.521000 17 0
0.000000 -0.000000 -0.000000 0 0
0.000000 -0.000000 -0.000000 0 128
1.565000 -10.148000 -0.703000 15 0
0.000000 -0.000000 -0.000000 0 0
0.000000 -0.000000 -0.000000 0 192
0.000000 -0.000000 -0.000000 0 192
0.000000 -0.000000 -0.000000 0 0
0.000000 -0.000000 -0.000000 0 192
0.000000 -0.000000 -0.000000 0 128
0.000000 -0.000000 -0.000000 0 128
0.000000 -0.000000 -0.000000 0 192
0.000000 -0.000000 -0.000000 0 128
0.000000 -0.000000 -0.000000 0 192
0.000000 -0.000000 -0.000000 0 192
0.000000 -0.000000 -0.000000 0 128
0.000000 -0.000000 -0.000000 0 192
0.000000 -0.000000 -0.000000 0 128
0.000000 -0.000000 -0.000000 0 128
0.000000 -0.000000 -0.000000 0 192
0.000000 -0.000000 -0.000000 0 128
0.000000 -0.000000 -0.000000 0 192
0.000000 -0.000000 -0.000000 0 128
0.000000 -0.000000 -0.000000 0 128
0.000000 -0.000000 -0.000000 0 192
0.000000 -0.000000 -0.000000 0 128
-0.160000 -2.127000 -0.049000 2 0
0.000000 -0.000000 -0.000000 0 192
0.000000 -0.000000 -0.000000 0 128
0.000000 -0.000000 -0.000000 0 128
-0.195000 -1.975000 -0.048000 2 0
0.000000 -0.000000 -0.000000 0 128
0.000000 -0.000000 -0.000000 0 128
-0.173000 -2.083000 -0.082000 1 0
-0.226000 -1.852000 -0.048000 2 0
0.000000 -0.000000 -0.000000 0 192
0.000000 -0.000000 -0.000000 0 128
-0.207000 -1.947000 -0.078000 1 0
-0.255000 -1.746000 -0.048000 2 0
0.000000 -0.000000 -0.000000 0 128
0.000000 -0.000000 -0.000000 0 0
-0.237000 -1.823000 -0.075000 1 0
-0.278000 -1.637000 -0.047000 3 0
0.000000 -0.000000 -0.000000 0 0
-0.217000 -1.889000 -0.098000 1 0
-0.265000 -1.721000 -0.072000 2 0
-0.301000 -1.554000 -0.047000 3 0
-0.197000 -1.964000 -0.123000 1 0
-0.246000 -1.773000 -0.093000 1 0
-0.288000 -1.619000 -0.070000 2 0
-0.464000 -2.124000 -0.069000 56 0
-0.228000 -1.838000 -0.114000 1 0
-0.272000 -1.671000 -0.088000 2 0
-0.309000 -1.529000 -0.067000 2 0
-0.497000 -2.044000 -0.070000 64 0
-0.257000 -1.739000 -0.108000 1 0
-0.295000 -1.579000 -0.084000 2 0
-0.476000 -2.099000 -0.094000 56 0
-0.519000 -1.939000 -0.069000 64 0
-0.280000 -1.632000 -0.100000 2 0
-0.408000 -1.937000 -0.103000 4 0
-0.502000 -1.998000 -0.092000 60 0
-0.542000 -1.853000 -0.069000 67 0
-0.302000 -1.545000 -0.094000 1 0
-0.486000 -2.066000 -0.111000 54 0
-0.524000 -1.899000 -0.090000 62 0
-0.561000 -1.763000 -0.069000 75 0
-0.467000 -2.125000 -0.129000 42 0
-0.511000 -1.964000 -0.106000 62 0
-0.546000 -1.814000 -0.088000 62 0
-0.580000 -1.689000 -0.069000 77 0
-0.495000 -2.022000 -0.123000 58 0
-0.533000 -1.870000 -0.102000 62 0
-0.566000 -1.735000 -0.086000 71 0
-0.596000 -1.613000 -0.070000 81 0
-0.519000 -1.925000 -0.116000 60 0
-0.555000 -1.790000 -0.099000 66 0
-0.582000 -1.654000 -0.084000 73 0
-0.613000 -1.548000 -0.070000 86 0
-0.541000 -1.833000 -0.110000 67 0
-0.574000 -1.708000 -0.095000 70 0
-0.600000 -1.585000 -0.082000 76 0
-0.632000 -1.496000 -0.070000 17 0
-0.560000 -1.749000 -0.105000 62 0
-0.592000 -1.634000 -0.092000 71 0
-0.621000 -1.531000 -0.082000 14 0
-0.647000 -1.436000 -0.071000 15 0
-0.580000 -1.676000 -0.100000 65 0
-0.609000 -1.568000 -0.089000 71 0
-0.631000 -1.459000 -0.080000 16 0
-0.655000 -1.369000 -0.070000 15 0
-0.598000 -1.606000 -0.096000 69 0
-0.623000 -1.499000 -0.086000 73 0
-0.647000 -1.407000 -0.079000 15 0
-0.672000 -1.325000 -0.071000 14 0
-0.614000 -1.537000 -0.092000 71 0
-0.637000 -1.437000 -0.084000 15 0
-0.660000 -1.352000 -0.078000 14 0
-0.681000 -1.271000 -0.071000 14 0
1.565000 -10.148000 -0.703000 15 0
0.000000 -0.000000 -0.000000 0 0
0.000000 -0.000000 -0.000000 0 192
0.000000 -0.000000 -0.000000 0 192
0.000000 -0.000000 -0.000000 0 0
0.000000 -0.000000 -0.000000 0 192
0.000000 -0.000000 -0.000000 0 128
0.000000 -0.000000 -0.000000 0 128
0.000000 -0.000000 -0.000000 0 192
0.000000 -0.000000 -0.000000 0 128
0.000000 -0.000000 -0.000000 0 192
0.000000 -0.000000 -0.000000 0 192
0.000000 -0.000000 -0.000000 0 128
0.000000 -0.000000 -0.000000 0 192
0.000000 -0.000000 -0.000000 0 128
0.000000 -0.000000 -0.000000 0 128
0.000000 -0.000000 -0.000000 0 192
0.000000 -0.000000 -0.000000 0 128
0.000000 -0.000000 -0.000000 0 192
0.000000 -0.000000 -0.000000 0 128
0.000000 -0.000000 -0.000000 0 128
0.000000 -0.000000 -0.000000 0 192
0.000000 -0.000000 -0.000000 0 128
-0.160000 -2.127000 -0.049000 2 0
0.000000 -0.000000 -0.000000 0 192
0.000000 -0.000000 -0.000000 0 128
0.000000 -0.000000 -0.000000 0 128
-0.195000 -1.975000 -0.048000 2 0
0.000000 -0.000000 -0.000000 0 128
0.000000 -0.000000 -0.000000 0 128
-0.173000 -2.083000 -0.082000 1 0
-0.226000 -1.852000 -0.048000 2 0
0.000000 -0.000000 -0.000000 0 192
0.000000 -0.000000 -0.000000 0 128
-0.207000 -1.947000 -0.078000 1 0
-0.255000 -1.746000 -0.048000 2 0
0.000000 -0.000000 -0.000000 0 128
0.000000 -0.000000 -0.000000 0 0
-0.237000 -1.823000 -0.075000 1 0
-0.278000 -1.637000 -0.047000 3 0
0.000000 -0.000000 -0.000000 0 0
-0.217000 -1.889000 -0.098000 1 0
-0.265000 -1.721000 -0.072000 2 0
-0.301000 -1.554000 -0.047000 3 0
-0.197000 -1.964000 -0.123000 1 0
-0.246000 -1.773000 -0.093000 1 0
-0.288000 -1.619000 -0.070000 2 0
-0.464000 -2.124000 -0.069000 56 0
-0.228000 -1.838000 -0.114000 1 0
-0.272000 -1.671000 -0.088000 2 0
-0.309000 -1.529000 -0.067000 2 0
-0.497000 -2.044000 -0.070000 64 0
-0.257000 -1.739000 -0.108000 1 0
-0.295000 -1.579000 -0.084000 2 0
-0.476000 -2.099000 -0.094000 56 0
-0.519000 -1.939000 -0.069000 64 0
-0.280000 -1.632000 -0.100000 2 0
-0.408000 -1.937000 -0.103000 4 0
-0.502000 -1.998000 -0.092000 60 0
-0.542000 -1.853000 -0.069000 67 0
-0.302000 -1.545000 -0.094000 1 0
-0.486000 -2.066000 -0.111000 54 0
-0.524000 -1.899000 -0.090000 62 0
-0.561000 -1.763000 -0.069000 75 0
-0.467000 -2.125000 -0.129000 42 0
-0.511000 -1.964000 -0.106000 62 0
-0.546000 -1.814000 -0.088000 62 0
-0.580000 -1.689000 -0.069000 77 0
-0.495000 -2.022000 -0.123000 58 0
-0.533000 -1.870000 -0.102000 62 0
-0.566000 -1.735000 -0.086000 71 0
-0.596000 -1.613000 -0.070000 81 0
-0.519000 -1.925000 -0.116000 60 0
-0.555000 -1.790000 -0.099000 66 0
-0.582000 -1.654000 -0.084000 73 0
-0.613000 -1.548000 -0.070000 86 0
-0.541000 -1.833000 -0.110000 67 0
-0.574000 -1.708000 -0.095000 70 0
-0.600000 -1.585000 -0.082000 76 0
-0.632000 -1.496000 -0.070000 17 0
-0.560000 -1.749000 -0.105000 62 0
-0.592000 -1.634000 -0.092000 71 0
-0.621000 -1.531000 -0.082000 14 0
-0.647000 -1.436000 -0.071000 15 0
-0.580000 -1.676000 -0.100000 65 0
-0.609000 -1.568000 -0.089000 71 0
-0.631000 -1.459000 -0.080000 16 0
-0.655000 -1.369000 -0.070000 15 0
-0.598000 -1.606000 -0.096000 69 0
-0.623000 -1.499000 -0.086000 73 0
-0.647000 -1.407000 -0.079000 15 0
-0.672000 -1.325000 -0.071000 14 0
-0.614000 -1.537000 -0.092000 71 0
-0.637000 -1.437000 -0.084000 15 0
-0.660000 -1.352000 -0.078000 14 0
-0.681000 -1.271000 -0.071000 14 0
-0.634000 -1.483000 -0.088000 15 0
-0.652000 -1.384000 -0.081000 12 0
-0.673000 -1.300000 -0.077000 14 0
-0.699000 -1.235000 -0.072000 17 0
-0.643000 -1.412000 -0.084000 15 0
-0.666000 -1.332000 -0.079000 13 0
-0.689000 -1.258000 -0.077000 13 0
-0.707000 -1.185000 -0.073000 17 0
-0.656000 -1.356000 -0.081000 14 0
-0.680000 -1.283000 -0.078000 13 0
-0.702000 -1.216000 -0.076000 17 0
-0.715000 -1.137000 -0.073000 17 0
-0.671000 -1.307000 -0.078000 14 0
-0.697000 -1.244000 -0.077000 16 0
-0.707000 -1.162000 -0.075000 16 0
-0.720000 -1.091000 -0.073000 17 0
-0.683000 -1.257000 -0.075000 13 0
-0.704000 -1.190000 -0.074000 16 0
-0.719000 -1.122000 -0.075000 16 0
-0.726000 -1.046000 -0.073000 17 0
-0.696000 -1.212000 -0.073000 13 0
-0.713000 -1.144000 -0.073000 16 0
-0.725000 -1.076000 -0.074000 16 0
-0.735000 -1.009000 -0.073000 17 0
-0.707000 -1.166000 -0.070000 17 0
-0.723000 -1.101000 -0.071000 16 0
-0.734000 -1.036000 -0.073000 16 0
-0.745000 -0.975000 -0.074000 17 0
-0.716000 -1.119000 -0.068000 17 0
-0.731000 -1.059000 -0.070000 16 0
-0.737000 -0.991000 -0.072000 15 0
-0.755000 -0.943000 -0.075000 17 0
-0.723000 -1.074000 -0.065000 17 0
-0.739000 -1.019000 -0.068000 15 0
-0.748000 -0.959000 -0.072000 15 0
-0.766000 -0.914000 -0.076000 18 0
-0.731000 -1.033000 -0.063000 16 0
-0.747000 -0.980000 -0.067000 15 0
-0.755000 -0.924000 -0.072000 15 0
-0.772000 -0.879000 -0.076000 17 0
-0.739000 -0.993000 -0.061000 16 0
-0.754000 -0.944000 -0.066000 15 0
-0.766000 -0.894000 -0.072000 15 0
-0.783000 -0.852000 -0.077000 18 0
-0.750000 -0.959000 -0.059000 17 0
-0.767000 -0.915000 -0.066000 15 0
-0.771000 -0.859000 -0.071000 14 0
-0.793000 -0.824000 -0.078000 24 0
-0.760000 -0.925000 -0.058000 17 0
-0.774000 -0.881000 -0.064000 15 0
-0.783000 -0.833000 -0.072000 15 0
-0.800000 -0.795000 -0.078000 23 0
-0.772000 -0.896000 -0.056000 18 0
-0.781000 -0.847000 -0.064000 15 0
-0.790000 -0.803000 -0.072000 15 0
-0.810000 -0.770000 -0.079000 24 0
-0.776000 -0.858000 -0.055000 17 0
-0.793000 -0.821000 -0.063000 15 0
-0.801000 -0.777000 -0.072000 15 0
-0.815000 -0.740000 -0.080000 24 0
-0.787000 -0.830000 -0.053000 18 0
-0.804000 -0.795000 -0.063000 15 0
-0.806000 -0.747000 -0.072000 15 0
-0.821000 -0.713000 -0.081000 24 0
-0.798000 -0.802000 -0.052000 18 0
-0.806000 -0.760000 -0.062000 15 0
-0.812000 -0.718000 -0.072000 18 0
-0.828000 -0.686000 -0.081000 24 0
-0.805000 -0.772000 -0.051000 25 0
-0.815000 -0.733000 -0.061000 15 0
-0.821000 -0.694000 -0.072000 18 0
-0.834000 -0.660000 -0.082000 23 0
-0.812000 -0.742000 -0.050000 24 0
-0.822000 -0.705000 -0.061000 15 0
-0.830000 -0.669000 -0.072000 18 0
-0.840000 -0.635000 -0.083000 23 0
-0.817000 -0.711000 -0.049000 24 0
-0.826000 -0.676000 -0.060000 15 0
-0.837000 -0.644000 -0.073000 17 0
-0.848000 -0.611000 -0.084000 22 0
-0.827000 -0.686000 -0.048000 24 0
-0.835000 -0.651000 -0.060000 17 0
-0.845000 -0.619000 -0.073000 17 0
-0.854000 -0.587000 -0.085000 22 0
-0.833000 -0.658000 -0.047000 19 0
-0.842000 -0.625000 -0.060000 17 0
-0.836000 -0.584000 -0.072000 15 0
-0.855000 -0.560000 -0.085000 21 0
-0.839000 -0.631000 -0.046000 18 0
-0.851000 -0.601000 -0.059000 17 0
-0.844000 -0.561000 -0.072000 16 0
-0.863000 -0.538000 -0.086000 21 0
-0.844000 -0.603000 -0.045000 18 0
-0.854000 -0.574000 -0.059000 16 0
-0.852000 -0.538000 -0.073000 16 0
-0.863000 -0.511000 -0.086000 21 0
-0.634000 -1.483000 -0.088000 15 0
-0.652000 -1.384000 -0.081000 12 0
-0.673000 -1.300000 -0.077000 14 0
-0.699000 -1.235000 -0.072000 17 0
-0.643000 -1.412000 -0.084000 15 0
-0.666000 -1.332000 -0.079000 13 0
-0.689000 -1.258000 -0.077000 13 0
-0.707000 -1.185000 -0.073000 17 0
-0.656000 -1.356000 -0.081000 14 0
-0.680000 -1.283000 -0.078000 13 0
-0.702000 -1.216000 -0.076000 17 0
-0.715000 -1.137000 -0.073000 17 0
-0.671000 -1.307000 -0.078000 14 0
-0.697000 -1.244000 -0.077000 16 0
-0.707000 -1.162000 -0.075000 16 0
-0.720000 -1.091000 -0.073000 17 0
-0.683000 -1.257000 -0.075000 13 0
-0.704000 -1.190000 -0.074000 16 0
-0.719000 -1.122000 -0.075000 16 0
-0.726000 -1.046000 -0.073000 17 0
-0.696000 -1.212000 -0.073000 13 0
-0.713000 -1.144000 -0.073000 16 0
-0.725000 -1.076000 -0.074000 16 0
-0.735000 -1.009000 -0.073000 17 0
-0.707000 -1.166000 -0.070000 17 0
-0.723000 -1.101000 -0.071000 16 0
-0.734000 -1.036000 -0.073000 16 0
-0.745000 -0.975000 -0.074000 17 0
-0.716000 -1.119000 -0.068000 17 0
-0.731000 -1.059000 -0.070000 16 0
-0.737000 -0.991000 -0.072000 15 0
-0.755000 -0.943000 -0.075000 17 0
-0.723000 -1.074000 -0.065000 17 0
-0.739000 -1.019000 -0.068000 15 0
-0.748000 -0.959000 -0.072000 15 0
-0.766000 -0.914000 -0.076000 18 0
-0.731000 -1.033000 -0.063000 16 0
-0.747000 -0.980000 -0.067000 15 0
-0.755000 -0.924000 -0.072000 15 0
-0.772000 -0.879000 -0.076000 17 0
-0.739000 -0.993000 -0.061000 16 0
-0.754000 -0.944000 -0.066000 15 0
-0.766000 -0.894000 -0.072000 15 0
-0.783000 -0.852000 -0.077000 18 0
-0.750000 -0.959000 -0.059000 17 0
-0.767000 -0.915000 -0.066000 15 0
-0.771000 -0.859000 -0.071000 14 0
-0.793000 -0.824000 -0.078000 24 0
-0.760000 -0.925000 -0.058000 17 0
-0.774000 -0.881000 -0.064000 15 0
-0.783000 -0.833000 -0.072000 15 0
-0.800000 -0.795000 -0.078000 23 0
-0.772000 -0.896000 -0.056000 18 0
-0.781000 -0.847000 -0.064000 15 0
-0.790000 -0.803000 -0.072000 15 0
-0.810000 -0.770000 -0.079000 24 0
-0.776000 -0.858000 -0.055000 17 0
-0.793000 -0.821000 -0.063000 15 0
-0.801000 -0.777000 -0.072000 15 0
-0.815000 -0.740000 -0.080000 24 0
-0.787000 -0.830000 -0.053000 18 0
-0.804000 -0.795000 -0.063000 15 0
-0.806000 -0.747000 -0.072000 15 0
-0.821000 -0.713000 -0.081000 24 0
-0.798000 -0.802000 -0.052000 18 0
-0.806000 -0.760000 -0.062000 15 0
-0.812000 -0.718000 -0.072000 18 0
-0.828000 -0.686000 -0.081000 24 0
-0.805000 -0.772000 -0.051000 25 0
-0.815000 -0.733000 -0.061000 15 0
-0.821000 -0.694000 -0.072000 18 0
-0.834000 -0.660000 -0.082000 23 0
-0.812000 -0.742000 -0.050000 24 0
-0.822000 -0.705000 -0.061000 15 0
-0.830000 -0.669000 -0.072000 18 0
-0.840000 -0.635000 -0.083000 23 0
-0.817000 -0.711000 -0.049000 24 0
-0.826000 -0.676000 -0.060000 15 0
-0.837000 -0.644000 -0.073000 17 0
-0.848000 -0.611000 -0.084000 22 0
-0.827000 -0.686000 -0.048000 24 0
-0.835000 -0.651000 -0.060000 17 0
-0.845000 -0.619000 -0.073000 17 0
-0.854000 -0.587000 -0.085000 22 0
-0.833000 -0.658000 -0.047000 19 0
-0.842000 -0.625000 -0.060000 17 0
-0.836000 -0.584000 -0.072000 15 0
-0.855000 -0.560000 -0.085000 21 0
-0.839000 -0.631000 -0.046000 18 0
-0.851000 -0.601000 -0.059000 17 0
-0.844000 -0.561000 -0.072000 16 0
-0.863000 -0.538000 -0.086000 21 0
-0.844000 -0.603000 -0.045000 18 0
-0.854000 -0.574000 -0.059000 16 0
-0.852000 -0.538000 -0.073000 16 0
-0.863000 -0.511000 -0.086000 21 0
-0.840000 -0.571000 -0.043000 17 0
-0.861000 -0.550000 -0.059000 16 0
-0.856000 -0.514000 -0.073000 15 0
-0.864000 -0.486000 -0.087000 20 0
-0.849000 -0.548000 -0.043000 17 0
-0.860000 -0.521000 -0.058000 16 0
-0.866000 -0.493000 -0.074000 15 0
-0.710000 -0.379000 -0.072000 15 2
-0.858000 -0.524000 -0.042000 17 0
-0.868000 -0.498000 -0.058000 16 0
-0.866000 -0.468000 -0.073000 16 0
-0.854000 -0.431000 -0.087000 19 0
-0.865000 -0.501000 -0.042000 17 0
-0.879000 -0.478000 -0.058000 16 0
-0.635000 -0.324000 -0.054000 6 2
-0.883000 -0.421000 -0.090000 20 0
-0.871000 -0.477000 -0.041000 17 0
-0.679000 -0.349000 -0.044000 15 2
-0.880000 -0.424000 -0.075000 15 0
-0.888000 -0.400000 -0.091000 19 0
-0.873000 -0.451000 -0.040000 17 0
-0.870000 -0.421000 -0.057000 14 0
-0.883000 -0.401000 -0.075000 15 0
-0.887000 -0.375000 -0.091000 19 0
-0.861000 -0.419000 -0.039000 14 0
-0.881000 -0.401000 -0.057000 14 0
-0.671000 -0.286000 -0.057000 10 18
0.000000 -0.000000 -0.000000 0 0
-0.632000 -0.289000 -0.028000 11 32
-0.648000 -0.277000 -0.042000 8 2
-0.575000 -0.230000 -0.049000 2 16
0.000000 -0.000000 -0.000000 0 0
-0.625000 -0.267000 -0.027000 11 32
-0.576000 -0.230000 -0.037000 2 0
0.000000 -0.000000 -0.000000 0 0
-0.575000 -0.199000 -0.060000 4 16
0.000000 -0.000000 -0.000000 0 0
-0.587000 -0.219000 -0.037000 11 32
-0.605000 -0.210000 -0.051000 7 16
0.000000 -0.000000 -0.000000 0 0
-0.585000 -0.217000 -0.025000 9 32
-0.607000 -0.210000 -0.038000 11 16
0.000000 -0.000000 -0.000000 0 0
-0.909000 -0.271000 -0.096000 19 64
0.000000 -0.000000 -0.000000 0 0
0.000000 -0.000000 -0.000000 0 0
-0.677000 -0.201000 -0.058000 10 0
-0.911000 -0.249000 -0.097000 16 64
0.000000 -0.000000 -0.000000 0 192
-0.680000 -0.200000 -0.043000 9 16
-0.922000 -0.251000 -0.079000 15 0
-0.916000 -0.229000 -0.098000 16 64
0.000000 -0.000000 -0.000000 0 192
0.000000 -0.000000 -0.000000 0 0
-0.913000 -0.227000 -0.079000 15 0
-0.925000 -0.209000 -0.100000 16 64
-0.919000 -0.244000 -0.037000 17 0
-0.930000 -0.227000 -0.059000 14 0
-0.930000 -0.209000 -0.080000 15 0
-0.925000 -0.188000 -0.101000 16 64
-0.923000 -0.221000 -0.037000 17 0
-0.928000 -0.204000 -0.059000 14 0
-0.934000 -0.187000 -0.081000 15 0
-0.929000 -0.168000 -0.102000 16 64
-0.928000 -0.199000 -0.037000 17 0
-0.935000 -0.182000 -0.059000 15 0
-0.941000 -0.166000 -0.082000 15 0
-0.935000 -0.147000 -0.103000 16 64
-0.929000 -0.176000 -0.036000 17 0
-0.937000 -0.160000 -0.059000 15 0
-0.947000 -0.145000 -0.083000 15 0
-0.948000 -0.128000 -0.105000 16 64
-0.933000 -0.153000 -0.036000 17 0
-0.947000 -0.139000 -0.060000 14 0
-0.948000 -0.123000 -0.084000 15 0
-0.950000 -0.107000 -0.107000 16 64
-0.943000 -0.131000 -0.036000 17 0
-0.955000 -0.117000 -0.061000 14 0
-0.954000 -0.102000 -0.085000 15 0
-0.960000 -0.087000 -0.109000 16 64
-0.947000 -0.109000 -0.036000 17 0
-0.960000 -0.095000 -0.061000 14 0
-0.956000 -0.080000 -0.085000 15 0
-0.965000 -0.066000 -0.110000 16 64
-0.953000 -0.086000 -0.037000 17 0
-0.965000 -0.073000 -0.062000 15 0
-0.962000 -0.059000 -0.086000 15 0
-0.968000 -0.044000 -0.111000 19 0
-0.962000 -0.063000 -0.037000 17 0
-0.974000 -0.050000 -0.063000 15 0
-0.968000 -0.037000 -0.087000 15 0
-0.979000 -0.023000 -0.113000 16 64
-0.966000 -0.040000 -0.037000 17 0
-0.975000 -0.027000 -0.063000 15 0
-0.975000 -0.015000 -0.089000 15 0
-0.983000 -0.002000 -0.115000 16 64
-0.840000 -0.571000 -0.043000 17 0
-0.861000 -0.550000 -0.059000 16 0
-0.856000 -0.514000 -0.073000 15 0
-0.864000 -0.486000 -0.087000 20 0
-0.849000 -0.548000 -0.043000 17 0
-0.860000 -0.521000 -0.058000 16 0
-0.866000 -0.493000 -0.074000 15 0
-0.710000 -0.379000 -0.072000 15 2
-0.858000 -0.524000 -0.042000 17 0
-0.868000 -0.498000 -0.058000 16 0
-0.866000 -0.468000 -0.073000 16 0
-0.854000 -0.431000 -0.087000 19 0
-0.865000 -0.501000 -0.042000 17 0
-0.879000 -0.478000 -0.058000 16 0
-0.635000 -0.324000 -0.054000 6 2
-0.883000 -0.421000 -0.090000 20 0
-0.871000 -0.477000 -0.041000 17 0
-0.679000 -0.349000 -0.044000 15 2
-0.880000 -0.424000 -0.075000 15 0
-0.888000 -0.400000 -0.091000 19 0
-0.873000 -0.451000 -0.040000 17 0
-0.870000 -0.421000 -0.057000 14 0
-0.883000 -0.401000 -0.075000 15 0
-0.887000 -0.375000 -0.091000 19 0
-0.861000 -0.419000 -0.039000 14 0
-0.881000 -0.401000 -0.057000 14 0
-0.671000 -0.286000 -0.057000 10 18
0.000000 -0.000000 -0.000000 0 0
-0.632000 -0.289000 -0.028000 11 32
-0.648000 -0.277000 -0.042000 8 2
-0.575000 -0.230000 -0.049000 2 16
0.000000 -0.000000 -0.000000 0 0
-0.625000 -0.267000 -0.027000 11 32
-0.576000 -0.230000 -0.037000 2 0
0.000000 -0.000000 -0.000000 0 0
-0.575000 -0.199000 -0.060000 4 16
0.000000 -0.000000 -0.000000 0 0
-0.587000 -0.219000 -0.037000 11 32
-0.605000 -0.210000 -0.051000 7 16
0.000000 -0.000000 -0.000000 0 0
-0.585000 -0.217000 -0.025000 9 32
-0.607000 -0.210000 -0.038000 11 16
0.000000 -0.000000 -0.000000 0 0
-0.909000 -0.271000 -0.096000 19 64
0.000000 -0.000000 -0.000000 0 0
0.000000 -0.000000 -0.000000 0 0
-0.677000 -0.201000 -0.058000 10 0
-0.911000 -0.249000 -0.097000 16 64
0.000000 -0.000000 -0.000000 0 192
-0.680000 -0.200000 -0.043000 9 16
-0.922000 -0.251000 -0.079000 15 0
-0.916000 -0.229000 -0.098000 16 64
0.000000 -0.000000 -0.000000 0 192
0.000000 -0.000000 -0.000000 0 0
-0.913000 -0.227000 -0.079000 15 0
-0.925000 -0.209000 -0.100000 16 64
-0.919000 -0.244000 -0.037000 17 0
-0.930000 -0.227000 -0.059000 14 0
-0.930000 -0.209000 -0.080000 15 0
-0.925000 -0.188000 -0.101000 16 64
-0.923000 -0.221000 -0.037000 17 0
-0.928000 -0.204000 -0.059000 14 0
-0.934000 -0.187000 -0.081000 15 0
-0.929000 -0.168000 -0.102000 16 64
-0.928000 -0.199000 -0.037000 17 0
-0.935000 -0.182000 -0.059000 15 0
-0.941000 -0.166000 -0.082000 15 0
-0.935000 -0.147000 -0.103000 16 64
-0.929000 -0.176000 -0.036000 17 0
-0.937000 -0.160000 -0.059000 15 0
-0.947000 -0.145000 -0.083000 15 0
-0.948000 -0.128000 -0.105000 16 64
-0.933000 -0.153000 -0.036000 17 0
-0.947000 -0.139000 -0.060000 14 0
-0.948000 -0.123000 -0.084000 15 0
-0.950000 -0.107000 -0.107000 16 64
-0.943000 -0.131000 -0.036000 17 0
-0.955000 -0.117000 -0.061000 14 0
-0.954000 -0.102000 -0.085000 15 0
-0.960000 -0.087000 -0.109000 16 64
-0.947000 -0.109000 -0.036000 17 0
-0.960000 -0.095000 -0.061000 14 0
-0.956000 -0.080000 -0.085000 15 0
-0.965000 -0.066000 -0.110000 16 64
-0.953000 -0.086000 -0.037000 17 0
-0.965000 -0.073000 -0.062000 15 0
-0.962000 -0.059000 -0.086000 15 0
-0.968000 -0.044000 -0.111000 19 0
-0.962000 -0.063000 -0.037000 17 0
-0.974000 -0.050000 -0.063000 15 0
-0.968000 -0.037000 -0.087000 15 0
-0.979000 -0.023000 -0.113000 16 64
-0.966000 -0.040000 -0.037000 17 0
-0.975000 -0.027000 -0.063000 15 0
-0.975000 -0.015000 -0.089000 15 0
-0.983000 -0.002000 -0.115000 16 64
-1.399000 1.945000 -1.250000 16 0
-1.328000 1.835000 -1.258000 17 0
-1.252000 1.715000 -1.250000 13 0
-1.182000 1.611000 -1.247000 17 0
-1.346000 1.970000 -1.249000 17 0
-1.277000 1.855000 -1.253000 16 0
-1.207000 1.734000 -1.245000 16 0
-1.146000 1.634000 -1.246000 17 0
-1.292000 1.992000 -1.246000 17 0
-1.229000 1.876000 -1.249000 17 0
-1.167000 1.758000 -1.244000 16 0
-1.110000 1.656000 -1.244000 15 0
-1.240000 2.017000 -1.246000 17 0
-1.183000 1.900000 -1.249000 17 0
-1.124000 1.778000 -1.241000 15 0
-1.074000 1.678000 -1.243000 17 0
-1.185000 2.036000 -1.243000 17 0
-1.136000 1.922000 -1.249000 18 0
-1.081000 1.797000 -1.239000 15 0
-1.038000 1.699000 -1.242000 17 0
-1.128000 2.051000 -1.239000 17 0
-1.088000 1.942000 -1.247000 18 0
-1.037000 1.813000 -1.235000 16 0
-0.999000 1.716000 -1.239000 15 0
-1.078000 2.076000 -1.241000 17 0
-1.036000 1.954000 -1.242000 19 0
-0.996000 1.834000 -1.235000 17 0
-0.962000 1.736000 -1.238000 18 0
-1.020000 2.086000 -1.236000 18 0
-0.987000 1.969000 -1.239000 19 0
-0.953000 1.852000 -1.233000 19 0
-0.927000 1.760000 -1.240000 17 0
-0.964000 2.097000 -1.232000 17 0
-0.939000 1.988000 -1.239000 19 0
-0.910000 1.870000 -1.232000 18 0
-0.884000 1.768000 -1.232000 17 0
-0.911000 2.116000 -1.234000 18 0
-0.889000 2.001000 -1.236000 18 0
-0.866000 1.884000 -1.230000 17 0
-0.848000 1.791000 -1.235000 17 0
-0.856000 2.127000 -1.231000 17 0
-0.838000 2.009000 -1.231000 18 0
-0.823000 1.900000 -1.229000 18 0
-0.808000 1.804000 -1.232000 20 0
-0.800000 2.134000 -1.228000 19 0
-0.791000 2.028000 -1.234000 19 0
-0.778000 1.911000 -1.226000 19 0
-0.769000 1.819000 -1.230000 18 0
-0.747000 2.147000 -1.229000 17 0
-0.740000 2.035000 -1.229000 19 0
-0.735000 1.926000 -1.225000 18 0
-0.730000 1.833000 -1.228000 19 0
-0.691000 2.154000 -1.226000 17 0
-0.692000 2.047000 -1.228000 19 0
-0.691000 1.937000 -1.223000 17 0
-0.690000 1.847000 -1.227000 19 0
-0.638000 2.163000 -1.226000 17 0
-0.642000 2.055000 -1.227000 20 0
-0.649000 1.955000 -1.226000 19 0
-0.650000 1.859000 -1.225000 18 0
-0.584000 2.172000 -1.227000 18 0
-0.589000 2.048000 -1.217000 17 0
-0.601000 1.957000 -1.219000 17 0
-0.610000 1.873000 -1.224000 19 0
-0.529000 2.176000 -1.226000 16 0
-0.542000 2.064000 -1.221000 15 0
-0.557000 1.966000 -1.217000 18 0
-0.570000 1.885000 -1.223000 18 0
-0.475000 2.181000 -1.225000 16 0
-0.492000 2.068000 -1.218000 16 0
-0.513000 1.980000 -1.219000 17 0
-0.529000 1.895000 -1.221000 19 0
-0.419000 2.170000 -1.217000 15 0
-0.443000 2.072000 -1.217000 16 0
-0.467000 1.982000 -1.215000 16 0
-0.489000 1.908000 -1.222000 17 0
-0.365000 2.166000 -1.213000 16 0
-0.394000 2.073000 -1.214000 16 0
-0.422000 1.987000 -1.212000 16 0
-0.448000 1.919000 -1.221000 17 0
-0.311000 2.164000 -1.212000 15 0
-0.345000 2.077000 -1.213000 16 0
-0.378000 1.995000 -1.213000 16 0
-0.407000 1.927000 -1.219000 17 0
-0.259000 2.161000 -1.210000 17 0
-0.296000 2.074000 -1.210000 16 0
-0.333000 1.999000 -1.210000 15 0
-0.366000 1.935000 -1.219000 16 0
-0.206000 2.159000 -1.210000 17 0
-0.247000 2.072000 -1.207000 17 0
-0.288000 2.002000 -1.209000 17 0
-0.324000 1.942000 -1.218000 17 0
-0.154000 2.157000 -1.211000 11 0
-0.199000 2.073000 -1.207000 17 0
-0.243000 2.006000 -1.208000 17 0
-0.282000 1.944000 -1.214000 18 0
-1.399000 1.945000 -1.250000 16 0
-1.328000 1.835000 -1.258000 17 0
-1.252000 1.715000 -1.250000 13 0
-1.182000 1.611000 -1.247000 17 0
-1.346000 1.970000 -1.249000 17 0
-1.277000 1.855000 -1.253000 16 0
-1.207000 1.734000 -1.245000 16 0
-1.146000 1.634000 -1.246000 17 0
-1.292000 1.992000 -1.246000 17 0
-1.229000 1.876000 -1.249000 17 0
-1.167000 1.758000 -1.244000 16 0
-1.110000 1.656000 -1.244000 15 0
-1.240000 2.017000 -1.246000 17 0
-1.183000 1.900000 -1.249000 17 0
-1.124000 1.778000 -1.241000 15 0
-1.074000 1.678000 -1.243000 17 0
-1.185000 2.036000 -1.243000 17 0
-1.136000 1.922000 -1.249000 18 0
-1.081000 1.797000 -1.239000 15 0
-1.038000 1.699000 -1.242000 17 0
-1.128000 2.051000 -1.239000 17 0
-1.088000 1.942000 -1.247000 18 0
-1.037000 1.813000 -1.235000 16 0
-0.999000 1.716000 -1.239000 15 0
-1.078000 2.076000 -1.241000 17 0
-1.036000 1.954000 -1.242000 19 0
-0.996000 1.834000 -1.235000 17 0
-0.962000 1.736000 -1.238000 18 0
-1.020000 2.086000 -1.236000 18 0
-0.987000 1.969000 -1.239000 19 0
-0.953000 1.852000 -1.233000 19 0
-0.927000 1.760000 -1.240000 17 0
-0.964000 2.097000 -1.232000 17 0
-0.939000 1.988000 -1.239000 19 0
-0.910000 1.870000 -1.232000 18 0
-0.884000 1.768000 -1.232000 17 0
-0.911000 2.116000 -1.234000 18 0
-0.889000 2.001000 -1.236000 18 0
-0.866000 1.884000 -1.230000 17 0
-0.848000 1.791000 -1.235000 17 0
-0.856000 2.127000 -1.231000 17 0
-0.838000 2.009000 -1.231000 18 0
-0.823000 1.900000 -1.229000 18 0
-0.808000 1.804000 -1.232000 20 0
-0.800000 2.134000 -1.228000 19 0
-0.791000 2.028000 -1.234000 19 0
-0.778000 1.911000 -1.226000 19 0
-0.769000 1.819000 -1.230000 18 0
-0.747000 2.147000 -1.229000 17 0
-0.740000 2.035000 -1.229000 19 0
-0.735000 1.926000 -1.225000 18 0
-0.730000 1.833000 -1.228000 19 0
-0.691000 2.154000 -1.226000 17 0
-0.692000 2.047000 -1.228000 19 0
-0.691000 1.937000 -1.223000 17 0
-0.690000 1.847000 -1.227000 19 0
-0.638000 2.163000 -1.226000 17 0
-0.642000 2.055000 -1.227000 20 0
-0.649000 1.955000 -1.226000 19 0
-0.650000 1.859000 -1.225000 18 0
-0.584000 2.172000 -1.227000 18 0
-0.589000 2.048000 -1.217000 17 0
-0.601000 1.957000 -1.219000 17 0
-0.610000 1.873000 -1.224000 19 0
-0.529000 2.176000 -1.226000 16 0
-0.542000 2.064000 -1.221000 15 0
-0.557000 1.966000 -1.217000 18 0
-0.570000 1.885000 -1.223000 18 0
-0.475000 2.181000 -1.225000 16 0
-0.492000 2.068000 -1.218000 16 0
-0.513000 1.980000 -1.219000 17 0
-0.529000 1.895000 -1.221000 19 0
-0.419000 2.170000 -1.217000 15 0
-0.443000 2.072000 -1.217000 16 0
-0.467000 1.982000 -1.215000 16 0
-0.489000 1.908000 -1.222000 17 0
-0.365000 2.166000 -1.213000 16 0
-0.394000 2.073000 -1.214000 16 0
-0.422000 1.987000 -1.212000 16 0
-0.448000 1.919000 -1.221000 17 0
-0.311000 2.164000 -1.212000 15 0
-0.345000 2.077000 -1.213000 16 0
-0.378000 1.995000 -1.213000 16 0
-0.407000 1.927000 -1.219000 17 0
-0.259000 2.161000 -1.210000 17 0
-0.296000 2.074000 -1.210000 16 0
-0.333000 1.999000 -1.210000 15 0
-0.366000 1.935000 -1.219000 16 0
-0.206000 2.159000 -1.210000 17 0
-0.247000 2.072000 -1.207000 17 0
-0.288000 2.002000 -1.209000 17 0
-0.324000 1.942000 -1.218000 17 0
-0.154000 2.157000 -1.211000 11 0
-0.199000 2.073000 -1.207000 17 0
-0.243000 2.006000 -1.208000 17 0
-0.282000 1.944000 -1.214000 18 0
0.000000 -0.000000 -0.000000 0 0
-0.152000 2.080000 -1.211000 12 0
-0.198000 2.010000 -1.208000 16 0
-0.240000 1.949000 -1.212000 17 0
0.000000 -0.000000 -0.000000 0 128
0.000000 -0.000000 -0.000000 0 0
-0.153000 2.007000 -1.205000 12 0
-0.198000 1.953000 -1.210000 17 0
0.000000 -0.000000 -0.000000 0 128
0.000000 -0.000000 -0.000000 0 128
-0.109000 2.012000 -1.206000 2 0
-0.156000 1.959000 -1.211000 15 0
0.000000 -0.000000 -0.000000 0 128
0.000000 -0.000000 -0.000000 0 128
0.000000 -0.000000 -0.000000 0 0
-0.115000 1.968000 -1.213000 4 0
0.000000 -0.000000 -0.000000 0 128
0.000000 -0.000000 -0.000000 0 128
0.000000 -0.000000 -0.000000 0 128
0.000000 -0.000000 -0.000000 0 0
0.000000 -0.000000 -0.000000 0 192
0.000000 -0.000000 -0.000000 0 128
0.000000 -0.000000 -0.000000 0 128
0.000000 -0.000000 -0.000000 0 128
0.000000 -0.000000 -0.000000 0 128
0.000000 -0.000000 -0.000000 0 128
0.000000 -0.000000 -0.000000 0 128
0.000000 -0.000000 -0.000000 0 128
0.195000 1.646000 -0.953000 0 64
0.000000 -0.000000 -0.000000 0 128
0.000000 -0.000000 -0.000000 0 128
0.000000 -0.000000 -0.000000 0 128
0.226000 1.593000 -0.928000 43 0
0.000000 -0.000000 -0.000000 0 128
0.000000 -0.000000 -0.000000 0 128
0.000000 -0.000000 -0.000000 0 128
0.265000 1.590000 -0.934000 41 0
0.213000 1.594000 -0.949000 30 0
0.000000 -0.000000 -0.000000 0 128
0.000000 -0.000000 -0.000000 0 128
0.305000 1.597000 -0.945000 44 0
0.249000 1.585000 -0.949000 43 0
0.201000 1.629000 -0.985000 1 0
0.000000 -0.000000 -0.000000 0 128
0.344000 1.597000 -0.953000 43 0
0.287000 1.589000 -0.957000 43 0
0.232000 1.584000 -0.962000 42 0
0.000000 -0.000000 -0.000000 0 128
0.386000 1.611000 -0.969000 47 0
0.325000 1.595000 -0.967000 52 0
0.268000 1.586000 -0.966000 43 0
0.218000 1.592000 -0.978000 39 0
0.426000 1.608000 -0.977000 36 0
0.365000 1.603000 -0.978000 41 0
0.306000 1.591000 -0.974000 49 0
0.252000 1.582000 -0.974000 48 0
0.460000 1.585000 -0.973000 25 0
0.400000 1.586000 -0.975000 25 0
0.342000 1.587000 -0.976000 39 0
0.287000 1.583000 -0.977000 51 0
0.494000 1.566000 -0.971000 19 0
0.435000 1.574000 -0.975000 27 0
0.375000 1.572000 -0.972000 27 0
0.323000 1.581000 -0.979000 44 0
0.530000 1.551000 -0.973000 26 0
0.469000 1.558000 -0.973000 23 0
0.410000 1.563000 -0.972000 27 0
0.356000 1.570000 -0.975000 30 0
0.565000 1.536000 -0.975000 19 0
0.503000 1.544000 -0.973000 24 0
0.445000 1.554000 -0.972000 26 0
0.391000 1.562000 -0.974000 27 0
0.600000 1.520000 -0.976000 16 0
0.540000 1.538000 -0.979000 26 0
0.479000 1.543000 -0.972000 26 0
0.425000 1.555000 -0.974000 27 0
0.637000 1.510000 -0.982000 24 0
0.572000 1.516000 -0.974000 16 0
0.512000 1.527000 -0.969000 25 0
0.460000 1.546000 -0.973000 28 0
0.652000 1.451000 -0.957000 12 0
0.608000 1.508000 -0.980000 22 0
0.548000 1.520000 -0.973000 27 0
0.493000 1.533000 -0.970000 27 0
0.679000 1.422000 -0.951000 14 0
0.641000 1.491000 -0.980000 22 0
0.583000 1.510000 -0.974000 22 0
0.528000 1.528000 -0.973000 29 0
0.708000 1.398000 -0.949000 16 0
0.659000 1.442000 -0.959000 14 0
0.618000 1.501000 -0.978000 25 0
0.564000 1.522000 -0.975000 19 0
0.746000 1.394000 -0.961000 16 0
0.686000 1.416000 -0.953000 16 0
0.646000 1.474000 -0.969000 16 0
0.600000 1.516000 -0.978000 22 0
0.000000 -0.000000 -0.000000 0 0
-0.152000 2.080000 -1.211000 12 0
-0.198000 2.010000 -1.208000 16 0
-0.240000 1.949000 -1.212000 17 0
0.000000 -0.000000 -0.000000 0 128
0.000000 -0.000000 -0.000000 0 0
-0.153000 2.007000 -1.205000 12 0
-0.198000 1.953000 -1.210000 17 0
0.000000 -0.000000 -0.000000 0 128
0.000000 -0.000000 -0.000000 0 128
-0.109000 2.012000 -1.206000 2 0
-0.156000 1.959000 -1.211000 15 0
0.000000 -0.000000 -0.000000 0 128
0.000000 -0.000000 -0.000000 0 128
0.000000 -0.000000 -0.000000 0 0
-0.115000 1.968000 -1.213000 4 0
0.000000 -0.000000 -0.000000 0 128
0.000000 -0.000000 -0.000000 0 128
0.000000 -0.000000 -0.000000 0 128
0.000000 -0.000000 -0.000000 0 0
0.000000 -0.000000 -0.000000 0 192
0.000000 -0.000000 -0.000000 0 128
0.000000 -0.000000 -0.000000 0 128
0.000000 -0.000000 -0.000000 0 128
0.000000 -0.000000 -0.000000 0 128
0.000000 -0.000000 -0.000000 0 128
0.000000 -0.000000 -0.000000 0 128
0.000000 -0.000000 -0.000000 0 128
0.195000 1.646000 -0.953000 0 64
0.000000 -0.000000 -0.000000 0 128
0.000000 -0.000000 -0.000000 0 128
0.000000 -0.000000 -0.000000 0 128
0.226000 1.593000 -0.928000 43 0
0.000000 -0.000000 -0.000000 0 128
0.000000 -0.000000 -0.000000 0 128
0.000000 -0.000000 -0.000000 0 128
0.265000 1.590000 -0.934000 41 0
0.213000 1.594000 -0.949000 30 0
0.000000 -0.000000 -0.000000 0 128
0.000000 -0.000000 -0.000000 0 128
0.305000 1.597000 -0.945000 44 0
0.249000 1.585000 -0.949000 43 0
0.201000 1.629000 -0.985000 1 0
0.000000 -0.000000 -0.000000 0 128
0.344000 1.597000 -0.953000 43 0
0.287000 1.589000 -0.957000 43 0
0.232000 1.584000 -0.962000 42 0
0.000000 -0.000000 -0.000000 0 128
0.386000 1.611000 -0.969000 47 0
0.325000 1.595000 -0.967000 52 0
0.268000 1.586000 -0.966000 43 0
0.218000 1.592000 -0.978000 39 0
0.426000 1.608000 -0.977000 36 0
0.365000 1.603000 -0.978000 41 0
0.306000 1.591000 -0.974000 49 0
0.252000 1.582000 -0.974000 48 0
0.460000 1.585000 -0.973000 25 0
0.400000 1.586000 -0.975000 25 0
0.342000 1.587000 -0.976000 39 0
0.287000 1.583000 -0.977000 51 0
0.494000 1.566000 -0.971000 19 0
0.435000 1.574000 -0.975000 27 0
0.375000 1.572000 -0.972000 27 0
0.323000 1.581000 -0.979000 44 0
0.530000 1.551000 -0.973000 26 0
0.469000 1.558000 -0.973000 23 0
0.410000 1.563000 -0.972000 27 0
0.356000 1.570000 -0.975000 30 0
0.565000 1.536000 -0.975000 19 0
0.503000 1.544000 -0.973000 24 0
0.445000 1.554000 -0.972000 26 0
0.391000 1.562000 -0.974000 27 0
0.600000 1.520000 -0.976000 16 0
0.540000 1.538000 -0.979000 26 0
0.479000 1.543000 -0.972000 26 0
0.425000 1.555000 -0.974000 27 0
0.637000 1.510000 -0.982000 24 0
0.572000 1.516000 -0.974000 16 0
0.512000 1.527000 -0.969000 25 0
0.460000 1.546000 -0.973000 28 0
0.652000 1.451000 -0.957000 12 0
0.608000 1.508000 -0.980000 22 0
0.548000 1.520000 -0.973000 27 0
0.493000 1.533000 -0.970000 27 0
0.679000 1.422000 -0.951000 14 0
0.641000 1.491000 -0.980000 22 0
0.583000 1.510000 -0.974000 22 0
0.528000 1.528000 -0.973000 29 0
0.708000 1.398000 -0.949000 16 0
0.659000 1.442000 -0.959000 14 0
0.618000 1.501000 -0.978000 25 0
0.564000 1.522000 -0.975000 19 0
0.746000 1.394000 -0.961000 16 0
0.686000 1.416000 -0.953000 16 0
0.646000 1.474000 -0.969000 16 0
0.600000 1.516000 -0.978000 22 0
0.787000 1.390000 -0.974000 27 0
0.717000 1.398000 -0.953000 16 0
0.666000 1.433000 -0.952000 14 0
0.635000 1.504000 -0.978000 22 0
0.808000 1.355000 -0.966000 24 0
0.755000 1.393000 -0.963000 17 0
0.693000 1.408000 -0.945000 19 0
0.650000 1.451000 -0.951000 13 0
0.849000 1.351000 -0.980000 33 0
0.791000 1.384000 -0.970000 25 0
0.727000 1.396000 -0.949000 17 0
0.675000 1.422000 -0.941000 15 0
0.901000 1.363000 -1.007000 33 0
0.820000 1.363000 -0.970000 27 0
0.768000 1.398000 -0.961000 19 0
0.704000 1.402000 -0.936000 19 0
1.005000 1.447000 -1.089000 119 0
0.856000 1.352000 -0.978000 33 0
0.802000 1.385000 -0.965000 22 0
0.740000 1.396000 -0.941000 15 0
1.111000 1.524000 -1.170000 14 0
0.911000 1.370000 -1.007000 31 0
0.834000 1.369000 -0.966000 26 0
0.792000 1.415000 -0.965000 18 0
1.143000 1.496000 -1.171000 10 0
1.061000 1.519000 -1.136000 47 0
0.871000 1.360000 -0.974000 32 0
0.823000 1.397000 -0.963000 28 0
1.174000 1.465000 -1.172000 3 0
1.125000 1.536000 -1.169000 14 0
0.934000 1.389000 -1.009000 63 0
0.854000 1.378000 -0.962000 25 0
0.000000 -0.000000 -0.000000 0 0
1.159000 1.510000 -1.171000 9 0
1.116000 1.581000 -1.167000 14 0
0.891000 1.369000 -0.968000 36 0
0.000000 -0.000000 -0.000000 0 192
1.184000 1.473000 -1.165000 2 0
1.149000 1.553000 -1.165000 12 0
0.985000 1.441000 -1.033000 150 1
0.000000 -0.000000 -0.000000 0 128
0.000000 -0.000000 -0.000000 0 0
1.185000 1.530000 -1.168000 6 0
1.149000 1.603000 -1.165000 14 0
0.000000 -0.000000 -0.000000 0 192
0.000000 -0.000000 -0.000000 0 128
1.214000 1.496000 -1.162000 1 0
1.186000 1.579000 -1.165000 12 0
0.000000 -0.000000 -0.000000 0 128
0.000000 -0.000000 -0.000000 0 128
0.000000 -0.000000 -0.000000 0 0
1.220000 1.552000 -1.163000 3 0
0.000000 -0.000000 -0.000000 0 192
0.000000 -0.000000 -0.000000 0 128
0.000000 -0.000000 -0.000000 0 128
0.000000 -0.000000 -0.000000 0 0
0.000000 -0.000000 -0.000000 0 128
0.000000 -0.000000 -0.000000 0 128
0.000000 -0.000000 -0.000000 0 128
0.000000 -0.000000 -0.000000 0 192
0.000000 -0.000000 -0.000000 0 128
0.000000 -0.000000 -0.000000 0 128
0.000000 -0.000000 -0.000000 0 128
0.000000 -0.000000 -0.000000 0 128
0.000000 -0.000000 -0.000000 0 128
0.000000 -0.000000 -0.000000 0 128
0.000000 -0.000000 -0.000000 0 128
0.000000 -0.000000 -0.000000 0 128
0.000000 -0.000000 -0.000000 0 128
0.000000 -0.000000 -0.000000 0 128
0.000000 -0.000000 -0.000000 0 128
0.000000 -0.000000 -0.000000 0 128
0.000000 -0.000000 -0.000000 0 128
0.000000 -0.000000 -0.000000 0 128
0.000000 -0.000000 -0.000000 0 128
0.000000 -0.000000 -0.000000 0 128
0.000000 -0.000000 -0.000000 0 128
0.000000 -0.000000 -0.000000 0 128
0.000000 -0.000000 -0.000000 0 128
0.000000 -0.000000 -0.000000 0 128
0.000000 -0.000000 -0.000000 0 128
0.000000 -0.000000 -0.000000 0 128
0.000000 -0.000000 -0.000000 0 128
0.000000 -0.000000 -0.000000 0 128
0.000000 -0.000000 -0.000000 0 192
0.000000 -0.000000 -0.000000 0 128
0.000000 -0.000000 -0.000000 0 128
0.000000 -0.000000 -0.000000 0 128
0.000000 -0.000000 -0.000000 0 128
0.000000 -0.000000 -0.000000 0 128
0.000000 -0.000000 -0.000000 0 128
0.000000 -0.000000 -0.000000 0 128
0.000000 -0.000000 -0.000000 0 192
0.000000 -0.000000 -0.000000 0 128
0.000000 -0.000000 -0.000000 0 128
0.000000 -0.000000 -0.000000 0 128
0.787000 1.390000 -0.974000 27 0
0.717000 1.398000 -0.953000 16 0
0.666000 1.433000 -0.952000 14 0
0.635000 1.504000 -0.978000 22 0
0.808000 1.355000 -0.966000 24 0
0.755000 1.393000 -0.963000 17 0
0.693000 1.408000 -0.945000 19 0
0.650000 1.451000 -0.951000 13 0
0.849000 1.351000 -0.980000 33 0
0.791000 1.384000 -0.970000 25 0
0.727000 1.396000 -0.949000 17 0
0.675000 1.422000 -0.941000 15 0
0.901000 1.363000 -1.007000 33 0
0.820000 1.363000 -0.970000 27 0
0.768000 1.398000 -0.961000 19 0
0.704000 1.402000 -0.936000 19 0
1.005000 1.447000 -1.089000 119 0
0.856000 1.352000 -0.978000 33 0
0.802000 1.385000 -0.965000 22 0
0.740000 1.396000 -0.941000 15 0
1.111000 1.524000 -1.170000 14 0
0.911000 1.370000 -1.007000 31 0
0.834000 1.369000 -0.966000 26 0
0.792000 1.415000 -0.965000 18 0
1.143000 1.496000 -1.171000 10 0
1.061000 1.519000 -1.136000 47 0
0.871000 1.360000 -0.974000 32 0
0.823000 1.397000 -0.963000 28 0
1.174000 1.465000 -1.172000 3 0
1.125000 1.536000 -1.169000 14 0
0.934000 1.389000 -1.009000 63 0
0.854000 1.378000 -0.962000 25 0
0.000000 -0.000000 -0.000000 0 0
1.159000 1.510000 -1.171000 9 0
1.116000 1.581000 -1.167000 14 0
0.891000 1.369000 -0.968000 36 0
0.000000 -0.000000 -0.000000 0 192
1.184000 1.473000 -1.165000 2 0
1.149000 1.553000 -1.165000 12 0
0.985000 1.441000 -1.033000 150 1
0.000000 -0.000000 -0.000000 0 128
0.000000 -0.000000 -0.000000 0 0
1.185000 1.530000 -1.168000 6 0
1.149000 1.603000 -1.165000 14 0
0.000000 -0.000000 -0.000000 0 192
0.000000 -0.000000 -0.000000 0 128
1.214000 1.496000 -1.162000 1 0
1.186000 1.579000 -1.165000 12 0
0.000000 -0.000000 -0.000000 0 128
0.000000 -0.000000 -0.000000 0 128
0.000000 -0.000000 -0.000000 0 0
1.220000 1.552000 -1.163000 3 0
0.000000 -0.000000 -0.000000 0 192
0.000000 -0.000000 -0.000000 0 128
0.000000 -0.000000 -0.000000 0 128
0.000000 -0.000000 -0.000000 0 0
0.000000 -0.000000 -0.000000 0 128
0.000000 -0.000000 -0.000000 0 128
0.000000 -0.000000 -0.000000 0 128
0.000000 -0.000000 -0.000000 0 192
0.000000 -0.000000 -0.000000 0 128
0.000000 -0.000000 -0.000000 0 128
0.000000 -0.000000 -0.000000 0 128
0.000000 -0.000000 -0.000000 0 128
0.000000 -0.000000 -0.000000 0 128
0.000000 -0.000000 -0.000000 0 128
0.000000 -0.000000 -0.000000 0 128
0.000000 -0.000000 -0.000000 0 128
0.000000 -0.000000 -0.000000 0 128
0.000000 -0.000000 -0.000000 0 128
0.000000 -0.000000 -0.000000 0 128
0.000000 -0.000000 -0.000000 0 128
0.000000 -0.000000 -0.000000 0 128
0.000000 -0.000000 -0.000000 0 128
0.000000 -0.000000 -0.000000 0 128
0.000000 -0.000000 -0.000000 0 128
0.000000 -0.000000 -0.000000 0 128
0.000000 -0.000000 -0.000000 0 128
0.000000 -0.000000 -0.000000 0 128
0.000000 -0.000000 -0.000000 0 128
0.000000 -0.000000 -0.000000 0 128
0.000000 -0.000000 -0.000000 0 128
0.000000 -0.000000 -0.000000 0 128
0.000000 -0.000000 -0.000000 0 128
0.000000 -0.000000 -0.000000 0 192
0.000000 -0.000000 -0.000000 0 128
0.000000 -0.000000 -0.000000 0 128
0.000000 -0.000000 -0.000000 0 128
0.000000 -0.000000 -0.000000 0 128
0.000000 -0.000000 -0.000000 0 128
0.000000 -0.000000 -0.000000 0 128
0.000000 -0.000000 -0.000000 0 128
0.000000 -0.000000 -0.000000 0 192
0.000000 -0.000000 -0.000000 0 128
0.000000 -0.000000 -0.000000 0 128
0.000000 -0.000000 -0.000000 0 128
0.000000 -0.000000 -0.000000 0 128
0.000000 -0.000000 -0.000000 0 128
0.000000 -0.000000 -0.000000 0 128
0.000000 -0.000000 -0.000000 0 128
0.000000 -0.000000 -0.000000 0 128
0.000000 -0.000000 -0.000000 0 128
0.000000 -0.000000 -0.000000 0 128
0.000000 -0.000000 -0.000000 0 128
0.000000 -0.000000 -0.000000 0 128
0.000000 -0.000000 -0.000000 0 128
0.000000 -0.000000 -0.000000 0 128
0.000000 -0.000000 -0.000000 0 192
0.000000 -0.000000 -0.000000 0 128
0.000000 -0.000000 -0.000000 0 0
0.000000 -0.000000 -0.000000 0 0
0.000000 -0.000000 -0.000000 0 128
0.000000 -0.000000 -0.000000 0 128
0.000000 -0.000000 -0.000000 0 0
0.000000 -0.000000 -0.000000 0 0
0.000000 -0.000000 -0.000000 0 128
0.000000 -0.000000 -0.000000 0 128
0.000000 -0.000000 -0.000000 0 128
0.000000 -0.000000 -0.000000 0 0
0.000000 -0.000000 -0.000000 0 128
0.000000 -0.000000 -0.000000 0 128
0.000000 -0.000000 -0.000000 0 128
0.000000 -0.000000 -0.000000 0 0
0.000000 -0.000000 -0.000000 0 0
0.000000 -0.000000 -0.000000 0 128
0.000000 -0.000000 -0.000000 0 128
0.000000 -0.000000 -0.000000 0 0
0.000000 -0.000000 -0.000000 0 128
0.000000 -0.000000 -0.000000 0 128
0.000000 -0.000000 -0.000000 0 128
0.000000 -0.000000 -0.000000 0 0
0.000000 -0.000000 -0.000000 0 128
0.000000 -0.000000 -0.000000 0 128
0.000000 -0.000000 -0.000000 0 0
0.000000 -0.000000 -0.000000 0 0
0.000000 -0.000000 -0.000000 0 128
0.000000 -0.000000 -0.000000 0 128
0.000000 -0.000000 -0.000000 0 0
0.000000 -0.000000 -0.000000 0 0
0.000000 -0.000000 -0.000000 0 128
0.000000 -0.000000 -0.000000 0 128
0.000000 -0.000000 -0.000000 0 0
0.000000 -0.000000 -0.000000 0 0
0.000000 -0.000000 -0.000000 0 128
0.000000 -0.000000 -0.000000 0 128
0.000000 -0.000000 -0.000000 0 0
0.000000 -0.000000 -0.000000 0 0
0.000000 -0.000000 -0.000000 0 0
0.000000 -0.000000 -0.000000 0 128
0.000000 -0.000000 -0.000000 0 0
0.000000 -0.000000 -0.000000 0 0
0.000000 -0.000000 -0.000000 0 0
0.000000 -0.000000 -0.000000 0 128
0.000000 -0.000000 -0.000000 0 0
0.000000 -0.000000 -0.000000 0 0
0.000000 -0.000000 -0.000000 0 0
0.000000 -0.000000 -0.000000 0 0
0.000000 -0.000000 -0.000000 0 0
0.000000 -0.000000 -0.000000 0 0
0.000000 -0.000000 -0.000000 0 0
0.000000 -0.000000 -0.000000 0 0
0.000000 -0.000000 -0.000000 0 0
0.000000 -0.000000 -0.000000 0 0
0.000000 -0.000000 -0.000000 0 0
0.000000 -0.000000 -0.000000 0 128
0.000000 -0.000000 -0.000000 0 0
0.000000 -0.000000 -0.000000 0 0
0.000000 -0.000000 -0.000000 0 128
0.000000 -0.000000 -0.000000 0 128
0.000000 -0.000000 -0.000000 0 0
0.000000 -0.000000 -0.000000 0 0
0.000000 -0.000000 -0.000000 0 0
0.000000 -0.000000 -0.000000 0 128
0.000000 -0.000000 -0.000000 0 0
0.000000 -0.000000 -0.000000 0 0
0.000000 -0.000000 -0.000000 0 128
0.000000 -0.000000 -0.000000 0 128
0.000000 -0.000000 -0.000000 0 0
0.000000 -0.000000 -0.000000 0 0
0.000000 -0.000000 -0.000000 0 0
0.000000 -0.000000 -0.000000 0 128
0.000000 -0.000000 -0.000000 0 0
0.000000 -0.000000 -0.000000 0 0
0.000000 -0.000000 -0.000000 0 128
0.000000 -0.000000 -0.000000 0 128
0.000000 -0.000000 -0.000000 0 0
0.000000 -0.000000 -0.000000 0 0
0.000000 -0.000000 -0.000000 0 0
0.000000 -0.000000 -0.000000 0 0
0.000000 -0.000000 -0.000000 0 0
0.000000 -0.000000 -0.000000 0 0
0.000000 -0.000000 -0.000000 0 128
0.000000 -0.000000 -0.000000 0 128
0.000000 -0.000000 -0.000000 0 128
0.000000 -0.000000 -0.000000 0 128
0.000000 -0.000000 -0.000000 0 128
0.000000 -0.000000 -0.000000 0 128
0.000000 -0.000000 -0.000000 0 128
0.000000 -0.000000 -0.000000 0 128
0.000000 -0.000000 -0.000000 0 128
0.000000 -0.000000 -0.000000 0 128
0.000000 -0.000000 -0.000000 0 128
0.000000 -0.000000 -0.000000 0 128
0.000000 -0.000000 -0.000000 0 192
0.000000 -0.000000 -0.000000 0 128
0.000000 -0.000000 -0.000000 0 0
0.000000 -0.000000 -0.000000 0 0
0.000000 -0.000000 -0.000000 0 128
0.000000 -0.000000 -0.000000 0 128
0.000000 -0.000000 -0.000000 0 0
0.000000 -0.000000 -0.000000 0 0
0.000000 -0.000000 -0.000000 0 128
0.000000 -0.000000 -0.000000 0 128
0.000000 -0.000000 -0.000000 0 128
0.000000 -0.000000 -0.000000 0 0
0.000000 -0.000000 -0.000000 0 128
0.000000 -0.000000 -0.000000 0 128
0.000000 -0.000000 -0.000000 0 128
0.000000 -0.000000 -0.000000 0 0
0.000000 -0.000000 -0.000000 0 0
0.000000 -0.000000 -0.000000 0 128
0.000000 -0.000000 -0.000000 0 128
0.000000 -0.000000 -0.000000 0 0
0.000000 -0.000000 -0.000000 0 128
0.000000 -0.000000 -0.000000 0 128
0.000000 -0.000000 -0.000000 0 128
0.000000 -0.000000 -0.000000 0 0
0.000000 -0.000000 -0.000000 0 128
0.000000 -0.000000 -0.000000 0 128
0.000000 -0.000000 -0.000000 0 0
0.000000 -0.000000 -0.000000 0 0
0.000000 -0.000000 -0.000000 0 128
0.000000 -0.000000 -0.000000 0 128
0.000000 -0.000000 -0.000000 0 0
0.000000 -0.000000 -0.000000 0 0
0.000000 -0.000000 -0.000000 0 128
0.000000 -0.000000 -0.000000 0 128
0.000000 -0.000000 -0.000000 0 0
0.000000 -0.000000 -0.000000 0 0
0.000000 -0.000000 -0.000000 0 128
0.000000 -0.000000 -0.000000 0 128
0.000000 -0.000000 -0.000000 0 0
0.000000 -0.000000 -0.000000 0 0
0.000000 -0.000000 -0.000000 0 0
0.000000 -0.000000 -0.000000 0 128
0.000000 -0.000000 -0.000000 0 0
0.000000 -0.000000 -0.000000 0 0
0.000000 -0.000000 -0.000000 0 0
0.000000 -0.000000 -0.000000 0 128
0.000000 -0.000000 -0.000000 0 0
0.000000 -0.000000 -0.000000 0 0
0.000000 -0.000000 -0.000000 0 0
0.000000 -0.000000 -0.000000 0 0
0.000000 -0.000000 -0.000000 0 0
0.000000 -0.000000 -0.000000 0 0
0.000000 -0.000000 -0.000000 0 0
0.000000 -0.000000 -0.000000 0 0
0.000000 -0.000000 -0.000000 0 0
0.000000 -0.000000 -0.000000 0 0
0.000000 -0.000000 -0.000000 0 0
0.000000 -0.000000 -0.000000 0 128
0.000000 -0.000000 -0.000000 0 0
0.000000 -0.000000 -0.000000 0 0
0.000000 -0.000000 -0.000000 0 128
0.000000 -0.000000 -0.000000 0 128
0.000000 -0.000000 -0.000000 0 0
0.000000 -0.000000 -0.000000 0 0
0.000000 -0.000000 -0.000000 0 0
0.000000 -0.000000 -0.000000 0 128
0.000000 -0.000000 -0.000000 0 0
0.000000 -0.000000 -0.000000 0 0
0.000000 -0.000000 -0.000000 0 128
0.000000 -0.000000 -0.000000 0 128
0.000000 -0.000000 -0.000000 0 0
0.000000 -0.000000 -0.000000 0 0
0.000000 -0.000000 -0.000000 0 0
0.000000 -0.000000 -0.000000 0 128
0.000000 -0.000000 -0.000000 0 0
0.000000 -0.000000 -0.000000 0 0
0.000000 -0.000000 -0.000000 0 128
0.000000 -0.000000 -0.000000 0 128
0.000000 -0.000000 -0.000000 0 0
0.000000 -0.000000 -0.000000 0 0
0.000000 -0.000000 -0.000000 0 0
0.000000 -0.000000 -0.000000 0 0
0.000000 -0.000000 -0.000000 0 0
0.000000 -0.000000 -0.000000 0 0
0.000000 -0.000000 -0.000000 0 128
0.000000 -0.000000 -0.000000 0 0
0.000000 -0.000000 -0.000000 0 0
0.000000 -0.000000 -0.000000 0 0
0.000000 -0.000000 -0.000000 0 0
0.000000 -0.000000 -0.000000 0 128
0.000000 -0.000000 -0.000000 0 0
0.000000 -0.000000 -0.000000 0 0
0.000000 -0.000000 -0.000000 0 128
0.000000 -0.000000 -0.000000 0 128
0.000000 -0.000000 -0.000000 0 0
0.000000 -0.000000 -0.000000 0 0
0.000000 -0.000000 -0.000000 0 128
0.000000 -0.000000 -0.000000 0 0
0.000000 -0.000000 -0.000000 0 0
0.000000 -0.000000 -0.000000 0 0
0.000000 -0.000000 -0.000000 0 128
0.000000 -0.000000 -0.000000 0 0
0.000000 -0.000000 -0.000000 0 0
0.000000 -0.000000 -0.000000 0 0
0.000000 -0.000000 -0.000000 0 0
0.000000 -0.000000 -0.000000 0 0
0.000000 -0.000000 -0.000000 0 0
0.000000 -0.000000 -0.000000 0 0
0.000000 -0.000000 -0.000000 0 128
0.000000 -0.000000 -0.000000 0 0
0.000000 -0.000000 -0.000000 0 0
0.000000 -0.000000 -0.000000 0 0
0.000000 -0.000000 -0.000000 0 0
0.000000 -0.000000 -0.000000 0 0
0.000000 -0.000000 -0.000000 0 0
0.000000 -0.000000 -0.000000 0 0
0.000000 -0.000000 -0.000000 0 0
0.000000 -0.000000 -0.000000 0 0
0.000000 -0.000000 -0.000000 0 0
0.000000 -0.000000 -0.000000 0 0
0.000000 -0.000000 -0.000000 0 128
0.000000 -0.000000 -0.000000 0 0
0.000000 -0.000000 -0.000000 0 0
0.000000 -0.000000 -0.000000 0 0
0.000000 -0.000000 -0.000000 0 128
0.000000 -0.000000 -0.000000 0 0
0.000000 -0.000000 -0.000000 0 0
0.000000 -0.000000 -0.000000 0 0
0.000000 -0.000000 -0.000000 0 0
0.000000 -0.000000 -0.000000 0 0
0.000000 -0.000000 -0.000000 0 0
0.000000 -0.000000 -0.000000 0 0
0.000000 -0.000000 -0.000000 0 0
0.000000 -0.000000 -0.000000 0 0
0.000000 -0.000000 -0.000000 0 0
0.000000 -0.000000 -0.000000 0 0
0.000000 -0.000000 -0.000000 0 128
0.000000 -0.000000 -0.000000 0 0
0.000000 -0.000000 -0.000000 0 0
0.000000 -0.000000 -0.000000 0 0
0.000000 -0.000000 -0.000000 0 0
0.000000 -0.000000 -0.000000 0 0
0.000000 -0.000000 -0.000000 0 0
0.000000 -0.000000 -0.000000 0 0
0.000000 -0.000000 -0.000000 0 128
0.000000 -0.000000 -0.000000 0 128
0.000000 -0.000000 -0.000000 0 0
0.000000 -0.000000 -0.000000 0 0
0.000000 -0.000000 -0.000000 0 128
0.000000 -0.000000 -0.000000 0 128
0.000000 -0.000000 -0.000000 0 0
0.000000 -0.000000 -0.000000 0 0
0.000000 -0.000000 -0.000000 0 128
0.000000 -0.000000 -0.000000 0 128
0.000000 -0.000000 -0.000000 0 0
0.000000 -0.000000 -0.000000 0 0
0.000000 -0.000000 -0.000000 0 0
0.000000 -0.000000 -0.000000 0 128
0.000000 -0.000000 -0.000000 0 0
0.000000 -0.000000 -0.000000 0 0
0.000000 -0.000000 -0.000000 0 0
0.000000 -0.000000 -0.000000 0 0
0.000000 -0.000000 -0.000000 0 0
0.000000 -0.000000 -0.000000 0 0
0.000000 -0.000000 -0.000000 0 0
0.000000 -0.000000 -0.000000 0 128
0.000000 -0.000000 -0.000000 0 0
0.000000 -0.000000 -0.000000 0 0
0.000000 -0.000000 -0.000000 0 128
0.000000 -0.000000 -0.000000 0 128
0.000000 -0.000000 -0.000000 0 0
0.000000 -0.000000 -0.000000 0 0
0.000000 -0.000000 -0.000000 0 128
0.000000 -0.000000 -0.000000 0 128
0.000000 -0.000000 -0.000000 0 0
0.000000 -0.000000 -0.000000 0 0
0.000000 -0.000000 -0.000000 0 128
0.000000 -0.000000 -0.000000 0 192
0.000000 -0.000000 -0.000000 0 0
0.000000 -0.000000 -0.000000 0 0
0.000000 -0.000000 -0.000000 0 0
0.000000 -0.000000 -0.000000 0 0
0.000000 -0.000000 -0.000000 0 0
0.000000 -0.000000 -0.000000 0 0
0.000000 -0.000000 -0.000000 0 0
0.000000 -0.000000 -0.000000 0 128
0.000000 -0.000000 -0.000000 0 0
0.000000 -0.000000 -0.000000 0 0
0.000000 -0.000000 -0.000000 0 128
0.000000 -0.000000 -0.000000 0 128
0.000000 -0.000000 -0.000000 0 0
0.000000 -0.000000 -0.000000 0 0
0.000000 -0.000000 -0.000000 0 128
0.000000 -0.000000 -0.000000 0 0
0.000000 -0.000000 -0.000000 0 0
0.000000 -0.000000 -0.000000 0 0
0.000000 -0.000000 -0.000000 0 128
0.000000 -0.000000 -0.000000 0 0
0.000000 -0.000000 -0.000000 0 0
0.000000 -0.000000 -0.000000 0 0
0.000000 -0.000000 -0.000000 0 0
0.000000 -0.000000 -0.000000 0 0
0.000000 -0.000000 -0.000000 0 0
0.000000 -0.000000 -0.000000 0 0
0.000000 -0.000000 -0.000000 0 128
0.000000 -0.000000 -0.000000 0 0
0.000000 -0.000000 -0.000000 0 0
0.000000 -0.000000 -0.000000 0 0
0.000000 -0.000000 -0.000000 0 0
0.000000 -0.000000 -0.000000 0 0
0.000000 -0.000000 -0.000000 0 0
0.000000 -0.000000 -0.000000 0 0
0.000000 -0.000000 -0.000000 0 0
0.000000 -0.000000 -0.000000 0 0
0.000000 -0.000000 -0.000000 0 0
0.000000 -0.000000 -0.000000 0 0
0.000000 -0.000000 -0.000000 0 128
0.000000 -0.000000 -0.000000 0 0
0.000000 -0.000000 -0.000000 0 0
0.000000 -0.000000 -0.000000 0 0
0.000000 -0.000000 -0.000000 0 128
0.000000 -0.000000 -0.000000 0 0
0.000000 -0.000000 -0.000000 0 0
0.000000 -0.000000 -0.000000 0 0
0.000000 -0.000000 -0.000000 0 0
0.000000 -0.000000 -0.000000 0 0
0.000000 -0.000000 -0.000000 0 0
0.000000 -0.000000 -0.000000 0 0
0.000000 -0.000000 -0.000000 0 0
0.000000 -0.000000 -0.000000 0 0
0.000000 -0.000000 -0.000000 0 0
0.000000 -0.000000 -0.000000 0 0
0.000000 -0.000000 -0.000000 0 128
0.000000 -0.000000 -0.000000 0 0
0.000000 -0.000000 -0.000000 0 0
0.000000 -0.000000 -0.000000 0 0
0.000000 -0.000000 -0.000000 0 0
0.000000 -0.000000 -0.000000 0 0
0.000000 -0.000000 -0.000000 0 0
0.000000 -0.000000 -0.000000 0 0
0.000000 -0.000000 -0.000000 0 128
0.000000 -0.000000 -0.000000 0 128
0.000000 -0.000000 -0.000000 0 0
0.000000 -0.000000 -0.000000 0 0
0.000000 -0.000000 -0.000000 0 128
0.000000 -0.000000 -0.000000 0 128
0.000000 -0.000000 -0.000000 0 0
0.000000 -0.000000 -0.000000 0 0
0.000000 -0.000000 -0.000000 0 128
0.000000 -0.000000 -0.000000 0 128
0.000000 -0.000000 -0.000000 0 0
0.000000 -0.000000 -0.000000 0 0
0.000000 -0.000000 -0.000000 0 0
0.000000 -0.000000 -0.000000 0 128
0.000000 -0.000000 -0.000000 0 0
0.000000 -0.000000 -0.000000 0 0
0.000000 -0.000000 -0.000000 0 0
0.000000 -0.000000 -0.000000 0 0
0.000000 -0.000000 -0.000000 0 0
0.000000 -0.000000 -0.000000 0 0
0.000000 -0.000000 -0.000000 0 0
0.000000 -0.000000 -0.000000 0 128
0.000000 -0.000000 -0.000000 0 0
0.000000 -0.000000 -0.000000 0 0
0.000000 -0.000000 -0.000000 0 128
0.000000 -0.000000 -0.000000 0 128
0.000000 -0.000000 -0.000000 0 0
0.000000 -0.000000 -0.000000 0 0
0.000000 -0.000000 -0.000000 0 128
0.000000 -0.000000 -0.000000 0 128
0.000000 -0.000000 -0.000000 0 0
0.000000 -0.000000 -0.000000 0 0
0.000000 -0.000000 -0.000000 0 128
0.000000 -0.000000 -0.000000 0 192
0.000000 -0.000000 -0.000000 0 0
0.000000 -0.000000 -0.000000 0 0
0.000000 -0.000000 -0.000000 0 0
0.000000 -0.000000 -0.000000 0 128
0.000000 -0.000000 -0.000000 0 128
0.000000 -0.000000 -0.000000 0 0
0.000000 -0.000000 -0.000000 0 0
0.000000 -0.000000 -0.000000 0 128
0.000000 -0.000000 -0.000000 0 128
0.000000 -0.000000 -0.000000 0 0
0.000000 -0.000000 -0.000000 0 0
0.000000 -0.000000 -0.000000 0 128
0.000000 -0.000000 -0.000000 0 128
0.000000 -0.000000 -0.000000 0 128
0.000000 -0.000000 -0.000000 0 128
0.000000 -0.000000 -0.000000 0 128
0.000000 -0.000000 -0.000000 0 128
0.000000 -0.000000 -0.000000 0 128
0.000000 -0.000000 -0.000000 0 128
0.000000 -0.000000 -0.000000 0 128
0.000000 -0.000000 -0.000000 0 0
0.000000 -0.000000 -0.000000 0 0
0.000000 -0.000000 -0.000000 0 128
0.000000 -0.000000 -0.000000 0 128
0.000000 -0.000000 -0.000000 0 0
0.000000 -0.000000 -0.000000 0 0
0.000000 -0.000000 -0.000000 0 128
0.000000 -0.000000 -0.000000 0 128
0.000000 -0.000000 -0.000000 0 0
0.000000 -0.000000 -0.000000 0 0
0.000000 -0.000000 -0.000000 0 128
0.000000 -0.000000 -0.000000 0 128
0.000000 -0.000000 -0.000000 0 0
0.000000 -0.000000 -0.000000 0 0
0.000000 -0.000000 -0.000000 0 128
0.000000 -0.000000 -0.000000 0 128
0.000000 -0.000000 -0.000000 0 0
0.000000 -0.000000 -0.000000 0 0
0.000000 -0.000000 -0.000000 0 128
0.000000 -0.000000 -0.000000 0 128
0.000000 -0.000000 -0.000000 0 0
0.000000 -0.000000 -0.000000 0 0
0.000000 -0.000000 -0.000000 0 128
0.000000 -0.000000 -0.000000 0 128
0.000000 -0.000000 -0.000000 0 0
0.000000 -0.000000 -0.000000 0 0
0.000000 -0.000000 -0.000000 0 128
0.000000 -0.000000 -0.000000 0 128
0.000000 -0.000000 -0.000000 0 0
0.000000 -0.000000 -0.000000 0 0
0.000000 -0.000000 -0.000000 0 128
0.000000 -0.000000 -0.000000 0 128
0.000000 -0.000000 -0.000000 0 0
0.000000 -0.000000 -0.000000 0 0
0.000000 -0.000000 -0.000000 0 128
0.000000 -0.000000 -0.000000 0 192
0.000000 -0.000000 -0.000000 0 0
0.000000 -0.000000 -0.000000 0 0
0.000000 -0.000000 -0.000000 0 0
0.000000 -0.000000 -0.000000 0 128
0.000000 -0.000000 -0.000000 0 128
0.000000 -0.000000 -0.000000 0 128
0.000000 -0.000000 -0.000000 0 128
0.000000 -0.000000 -0.000000 0 192
0.000000 -0.000000 -0.000000 0 128
0.000000 -0.000000 -0.000000 0 128
0.000000 -0.000000 -0.000000 0 128
0.725000 -0.822000 -0.784000 1 0
0.000000 -0.000000 -0.000000 0 0
0.000000 -0.000000 -0.000000 0 0
0.000000 -0.000000 -0.000000 0 0
0.730000 -0.863000 -0.809000 0 0
0.765000 -0.922000 -0.805000 5 0
0.000000 -0.000000 -0.000000 0 0
0.558000 -0.706000 -0.537000 13 0
0.718000 -0.886000 -0.815000 5 0
0.745000 -0.939000 -0.807000 0 0
0.559000 -0.724000 -0.581000 5 0
0.535000 -0.711000 -0.533000 11 0
0.705000 -0.908000 -0.822000 0 0
0.730000 -0.963000 -0.813000 5 0
0.534000 -0.726000 -0.573000 9 0
0.516000 -0.721000 -0.532000 11 0
0.686000 -0.923000 -0.821000 4 0
0.708000 -0.978000 -0.814000 1 0
0.512000 -0.731000 -0.568000 9 0
0.491000 -0.722000 -0.525000 12 0
0.000000 -0.000000 -0.000000 0 0
0.691000 -1.000000 -0.819000 3 0
0.490000 -0.734000 -0.563000 10 0
0.473000 -0.733000 -0.526000 12 0
0.960000 -1.412000 -1.219000 2 0
0.946000 -1.436000 -1.160000 10 0
0.471000 -0.742000 -0.562000 9 0
0.457000 -0.746000 -0.529000 11 0
0.929000 -1.430000 -1.216000 23 0
0.000000 -0.000000 -0.000000 0 0
0.445000 -0.739000 -0.552000 10 0
0.442000 -0.762000 -0.534000 8 0
0.000000 -0.000000 -0.000000 0 128
0.000000 -0.000000 -0.000000 0 128
0.000000 -0.000000 -0.000000 0 0
0.000000 -0.000000 -0.000000 0 0
0.000000 -0.000000 -0.000000 0 128
0.000000 -0.000000 -0.000000 0 128
0.000000 -0.000000 -0.000000 0 0
0.000000 -0.000000 -0.000000 0 0
0.000000 -0.000000 -0.000000 0 128
0.000000 -0.000000 -0.000000 0 128
0.000000 -0.000000 -0.000000 0 128
0.000000 -0.000000 -0.000000 0 128
0.000000 -0.000000 -0.000000 0 128
0.000000 -0.000000 -0.000000 0 128
0.000000 -0.000000 -0.000000 0 128
0.000000 -0.000000 -0.000000 0 128
0.000000 -0.000000 -0.000000 0 128
0.000000 -0.000000 -0.000000 0 0
0.000000 -0.000000 -0.000000 0 0
0.000000 -0.000000 -0.000000 0 128
0.000000 -0.000000 -0.000000 0 128
0.000000 -0.000000 -0.000000 0 0
0.000000 -0.000000 -0.000000 0 0
0.000000 -0.000000 -0.000000 0 128
0.000000 -0.000000 -0.000000 0 128
0.000000 -0.000000 -0.000000 0 0
0.000000 -0.000000 -0.000000 0 0
0.000000 -0.000000 -0.000000 0 128
0.000000 -0.000000 -0.000000 0 128
0.000000 -0.000000 -0.000000 0 0
0.000000 -0.000000 -0.000000 0 0
0.000000 -0.000000 -0.000000 0 128
0.000000 -0.000000 -0.000000 0 128
0.000000 -0.000000 -0.000000 0 0
0.000000 -0.000000 -0.000000 0 0
0.000000 -0.000000 -0.000000 0 128
0.000000 -0.000000 -0.000000 0 128
0.000000 -0.000000 -0.000000 0 0
0.000000 -0.000000 -0.000000 0 0
0.000000 -0.000000 -0.000000 0 128
0.000000 -0.000000 -0.000000 0 128
0.000000 -0.000000 -0.000000 0 0
0.000000 -0.000000 -0.000000 0 0
0.000000 -0.000000 -0.000000 0 128
0.000000 -0.000000 -0.000000 0 128
0.000000 -0.000000 -0.000000 0 0
0.000000 -0.000000 -0.000000 0 0
0.000000 -0.000000 -0.000000 0 128
0.000000 -0.000000 -0.000000 0 128
0.000000 -0.000000 -0.000000 0 0
0.000000 -0.000000 -0.000000 0 0
0.000000 -0.000000 -0.000000 0 128
0.000000 -0.000000 -0.000000 0 192
0.000000 -0.000000 -0.000000 0 0
0.000000 -0.000000 -0.000000 0 0
0.000000 -0.000000 -0.000000 0 0
0.000000 -0.000000 -0.000000 0 128
0.000000 -0.000000 -0.000000 0 128
0.000000 -0.000000 -0.000000 0 128
0.000000 -0.000000 -0.000000 0 128
0.000000 -0.000000 -0.000000 0 192
0.000000 -0.000000 -0.000000 0 128
0.000000 -0.000000 -0.000000 0 128
0.000000 -0.000000 -0.000000 0 128
0.725000 -0.822000 -0.784000 1 0
0.000000 -0.000000 -0.000000 0 0
0.000000 -0.000000 -0.000000 0 0
0.000000 -0.000000 -0.000000 0 0
0.730000 -0.863000 -0.809000 0 0
0.765000 -0.922000 -0.805000 5 0
0.000000 -0.000000 -0.000000 0 0
0.558000 -0.706000 -0.537000 13 0
0.718000 -0.886000 -0.815000 5 0
0.745000 -0.939000 -0.807000 0 0
0.559000 -0.724000 -0.581000 5 0
0.535000 -0.711000 -0.533000 11 0
0.705000 -0.908000 -0.822000 0 0
0.730000 -0.963000 -0.813000 5 0
0.534000 -0.726000 -0.573000 9 0
0.516000 -0.721000 -0.532000 11 0
0.686000 -0.923000 -0.821000 4 0
0.708000 -0.978000 -0.814000 1 0
0.512000 -0.731000 -0.568000 9 0
0.491000 -0.722000 -0.525000 12 0
0.000000 -0.000000 -0.000000 0 0
0.691000 -1.000000 -0.819000 3 0
0.490000 -0.734000 -0.563000 10 0
0.473000 -0.733000 -0.526000 12 0
0.960000 -1.412000 -1.219000 2 0
0.946000 -1.436000 -1.160000 10 0
0.471000 -0.742000 -0.562000 9 0
0.457000 -0.746000 -0.529000 11 0
0.929000 -1.430000 -1.216000 23 0
0.000000 -0.000000 -0.000000 0 0
0.445000 -0.739000 -0.552000 10 0
0.442000 -0.762000 -0.534000 8 0
0.891000 -1.437000 -1.206000 32 0
0.451000 -0.756000 -0.594000 2 0
0.427000 -0.746000 -0.551000 9 0
0.407000 -0.742000 -0.514000 14 0
0.855000 -1.446000 -1.197000 41 0
0.428000 -0.755000 -0.586000 7 0
0.409000 -0.755000 -0.551000 9 0
0.403000 -0.779000 -0.535000 8 0
0.837000 -1.486000 -1.214000 15 0
0.407000 -0.755000 -0.580000 9 0
0.390000 -0.762000 -0.550000 9 0
0.384000 -0.789000 -0.537000 8 0
0.808000 -1.508000 -1.217000 17 0
0.388000 -0.759000 -0.576000 10 0
0.368000 -0.762000 -0.545000 9 0
0.365000 -0.798000 -0.538000 8 0
0.778000 -1.529000 -1.220000 18 0
0.369000 -0.763000 -0.573000 10 0
0.348000 -0.765000 -0.542000 9 0
0.346000 -0.806000 -0.539000 8 0
0.750000 -1.553000 -1.225000 15 0
0.350000 -0.767000 -0.571000 10 0
0.328000 -0.767000 -0.539000 9 0
0.326000 -0.813000 -0.540000 8 0
0.713000 -1.559000 -1.217000 20 0
0.332000 -0.774000 -0.570000 9 0
0.308000 -0.769000 -0.536000 9 0
0.306000 -0.821000 -0.542000 8 0
0.000000 -0.000000 -0.000000 0 0
0.313000 -0.776000 -0.566000 9 0
0.290000 -0.775000 -0.537000 9 0
0.285000 -0.825000 -0.541000 8 0
0.318000 -0.782000 -0.598000 0 4
0.297000 -0.785000 -0.568000 9 0
0.270000 -0.777000 -0.534000 9 0
0.265000 -0.831000 -0.543000 8 0
0.302000 -0.789000 -0.598000 2 0
0.277000 -0.785000 -0.564000 8 0
0.252000 -0.783000 -0.535000 9 0
0.244000 -0.833000 -0.542000 8 0
0.281000 -0.784000 -0.589000 8 0
0.260000 -0.791000 -0.565000 8 0
0.235000 -0.790000 -0.537000 9 0
0.225000 -0.841000 -0.545000 8 0
0.268000 -0.802000 -0.598000 9 0
0.241000 -0.794000 -0.563000 8 0
0.216000 -0.794000 -0.538000 9 0
0.204000 -0.843000 -0.545000 8 0
0.251000 -0.809000 -0.598000 9 0
0.223000 -0.799000 -0.563000 8 0
0.198000 -0.800000 -0.539000 9 0
0.181000 -0.838000 -0.540000 8 0
0.234000 -0.813000 -0.597000 9 0
0.205000 -0.802000 -0.562000 8 0
0.180000 -0.807000 -0.542000 9 0
0.154000 -0.806000 -0.518000 13 0
0.217000 -0.819000 -0.597000 9 0
0.188000 -0.808000 -0.563000 8 0
0.158000 -0.795000 -0.532000 10 0
0.136000 -0.814000 -0.523000 4 64
0.200000 -0.825000 -0.598000 9 0
0.170000 -0.812000 -0.564000 8 0
0.145000 -0.828000 -0.553000 7 0
0.000000 -0.000000 -0.000000 0 0
0.178000 -0.812000 -0.585000 11 0
0.152000 -0.816000 -0.565000 8 0
0.000000 -0.000000 -0.000000 0 0
0.000000 -0.000000 -0.000000 0 0
0.162000 -0.822000 -0.589000 11 0
0.134000 -0.820000 -0.565000 7 0
0.000000 -0.000000 -0.000000 0 0
0.000000 -0.000000 -0.000000 0 128
0.144000 -0.823000 -0.587000 11 0
0.000000 -0.000000 -0.000000 0 0
0.000000 -0.000000 -0.000000 0 0
0.000000 -0.000000 -0.000000 0 128
0.126000 -0.823000 -0.584000 1 64
0.000000 -0.000000 -0.000000 0 0
0.000000 -0.000000 -0.000000 0 128
0.000000 -0.000000 -0.000000 0 128
0.000000 -0.000000 -0.000000 0 0
0.000000 -0.000000 -0.000000 0 192
0.000000 -0.000000 -0.000000 0 128
0.000000 -0.000000 -0.000000 0 128
0.000000 -0.000000 -0.000000 1 0
0.000000 -0.000000 -0.000000 0 128
0.000000 -0.000000 -0.000000 0 128
-0.001000 -1.251000 -0.812000 13 0
0.000000 -0.000000 -0.000000 0 128
0.000000 -0.000000 -0.000000 0 128
0.000000 -0.000000 -0.000000 0 128
-0.031000 -1.260000 -0.821000 10 0
0.000000 -0.000000 -0.000000 0 192
0.000000 -0.000000 -0.000000 0 0
-0.012000 -1.223000 -0.817000 34 0
-0.060000 -1.247000 -0.816000 12 0
0.891000 -1.437000 -1.206000 32 0
0.451000 -0.756000 -0.594000 2 0
0.427000 -0.746000 -0.551000 9 0
0.407000 -0.742000 -0.514000 14 0
0.855000 -1.446000 -1.197000 41 0
0.428000 -0.755000 -0.586000 7 0
0.409000 -0.755000 -0.551000 9 0
0.403000 -0.779000 -0.535000 8 0
0.837000 -1.486000 -1.214000 15 0
0.407000 -0.755000 -0.580000 9 0
0.390000 -0.762000 -0.550000 9 0
0.384000 -0.789000 -0.537000 8 0
0.808000 -1.508000 -1.217000 17 0
0.388000 -0.759000 -0.576000 10 0
0.368000 -0.762000 -0.545000 9 0
0.365000 -0.798000 -0.538000 8 0
0.778000 -1.529000 -1.220000 18 0
0.369000 -0.763000 -0.573000 10 0
0.348000 -0.765000 -0.542000 9 0
0.346000 -0.806000 -0.539000 8 0
0.750000 -1.553000 -1.225000 15 0
0.350000 -0.767000 -0.571000 10 0
0.328000 -0.767000 -0.539000 9 0
0.326000 -0.813000 -0.540000 8 0
0.713000 -1.559000 -1.217000 20 0
0.332000 -0.774000 -0.570000 9 0
0.308000 -0.769000 -0.536000 9 0
0.306000 -0.821000 -0.542000 8 0
0.000000 -0.000000 -0.000000 0 0
0.313000 -0.776000 -0.566000 9 0
0.290000 -0.775000 -0.537000 9 0
0.285000 -0.825000 -0.541000 8 0
0.318000 -0.782000 -0.598000 0 4
0.297000 -0.785000 -0.568000 9 0
0.270000 -0.777000 -0.534000 9 0
0.265000 -0.831000 -0.543000 8 0
0.302000 -0.789000 -0.598000 2 0
0.277000 -0.785000 -0.564000 8 0
0.252000 -0.783000 -0.535000 9 0
0.244000 -0.833000 -0.542000 8 0
0.281000 -0.784000 -0.589000 8 0
0.260000 -0.791000 -0.565000 8 0
0.235000 -0.790000 -0.537000 9 0
0.225000 -0.841000 -0.545000 8 0
0.268000 -0.802000 -0.598000 9 0
0.241000 -0.794000 -0.563000 8 0
0.216000 -0.794000 -0.538000 9 0
0.204000 -0.843000 -0.545000 8 0
0.251000 -0.809000 -0.598000 9 0
0.223000 -0.799000 -0.563000 8 0
0.198000 -0.800000 -0.539000 9 0
0.181000 -0.838000 -0.540000 8 0
0.234000 -0.813000 -0.597000 9 0
0.205000 -0.802000 -0.562000 8 0
0.180000 -0.807000 -0.542000 9 0
0.154000 -0.806000 -0.518000 13 0
0.217000 -0.819000 -0.597000 9 0
0.188000 -0.808000 -0.563000 8 0
0.158000 -0.795000 -0.532000 10 0
0.136000 -0.814000 -0.523000 4 64
0.200000 -0.825000 -0.598000 9 0
0.170000 -0.812000 -0.564000 8 0
0.145000 -0.828000 -0.553000 7 0
0.000000 -0.000000 -0.000000 0 0
0.178000 -0.812000 -0.585000 11 0
0.152000 -0.816000 -0.565000 8 0
0.000000 -0.000000 -0.000000 0 0
0.000000 -0.000000 -0.000000 0 0
0.162000 -0.822000 -0.589000 11 0
0.134000 -0.820000 -0.565000 7 0
0.000000 -0.000000 -0.000000 0 0
0.000000 -0.000000 -0.000000 0 128
0.144000 -0.823000 -0.587000 11 0
0.000000 -0.000000 -0.000000 0 0
0.000000 -0.000000 -0.000000 0 0
0.000000 -0.000000 -0.000000 0 128
0.126000 -0.823000 -0.584000 1 64
0.000000 -0.000000 -0.000000 0 0
0.000000 -0.000000 -0.000000 0 128
0.000000 -0.000000 -0.000000 0 128
0.000000 -0.000000 -0.000000 0 0
0.000000 -0.000000 -0.000000 0 192
0.000000 -0.000000 -0.000000 0 128
0.000000 -0.000000 -0.000000 0 128
0.000000 -0.000000 -0.000000 1 0
0.000000 -0.000000 -0.000000 0 128
0.000000 -0.000000 -0.000000 0 128
-0.001000 -1.251000 -0.812000 13 0
0.000000 -0.000000 -0.000000 0 128
0.000000 -0.000000 -0.000000 0 128
0.000000 -0.000000 -0.000000 0 128
-0.031000 -1.260000 -0.821000 10 0
0.000000 -0.000000 -0.000000 0 192
0.000000 -0.000000 -0.000000 0 0
-0.012000 -1.223000 -0.817000 34 0
-0.060000 -1.247000 -0.816000 12 0
0.000000 -0.000000 -0.000000 0 128
0.008000 -1.205000 -0.822000 6 0
-0.040000 -1.223000 -0.819000 10 0
-0.091000 -1.254000 -0.826000 10 0
0.000000 -0.000000 -0.000000 0 128
-0.018000 -1.203000 -0.821000 8 0
-0.068000 -1.224000 -0.822000 9 0
-0.120000 -1.251000 -0.828000 10 0
0.000000 -0.000000 -0.000000 0 0
-0.045000 -1.200000 -0.820000 10 0
-0.096000 -1.219000 -0.822000 9 0
-0.150000 -1.247000 -0.830000 10 0
-0.023000 -1.179000 -0.820000 10 0
-0.072000 -1.200000 -0.821000 9 0
-0.124000 -1.219000 -0.825000 9 0
-0.179000 -1.243000 -0.833000 10 0
-0.048000 -1.178000 -0.818000 11 0
-0.098000 -1.200000 -0.823000 9 0
-0.152000 -1.217000 -0.828000 9 0
-0.209000 -1.238000 -0.836000 10 0
-0.074000 -1.184000 -0.822000 11 0
-0.126000 -1.202000 -0.826000 9 0
-0.180000 -1.213000 -0.829000 9 0
-0.238000 -1.233000 -0.839000 10 0
-0.100000 -1.182000 -0.822000 11 0
-0.153000 -1.200000 -0.827000 9 0
-0.208000 -1.212000 -0.833000 9 0
-0.268000 -1.230000 -0.845000 9 0
-0.126000 -1.185000 -0.824000 10 0
-0.180000 -1.198000 -0.828000 9 0
-0.236000 -1.207000 -0.836000 8 0
-0.296000 -1.220000 -0.845000 9 0
-0.152000 -1.183000 -0.824000 10 0
-0.207000 -1.197000 -0.832000 8 0
-0.263000 -1.198000 -0.835000 8 0
-0.320000 -1.195000 -0.836000 5 0
-0.179000 -1.188000 -0.829000 10 0
-0.234000 -1.191000 -0.831000 8 0
-0.285000 -1.170000 -0.821000 4 0
-0.264000 -0.903000 -0.639000 0 2
-0.206000 -1.187000 -0.830000 10 0
-0.258000 -1.177000 -0.826000 5 0
-0.248000 -0.926000 -0.655000 0 0
-0.281000 -0.881000 -0.630000 0 0
-0.233000 -1.187000 -0.833000 10 0
-0.240000 -0.989000 -0.698000 0 2
-0.260000 -0.887000 -0.633000 0 0
-0.302000 -0.877000 -0.634000 0 0
-0.250000 -1.144000 -0.805000 2 0
-0.240000 -0.901000 -0.639000 0 0
-0.280000 -0.882000 -0.635000 0 0
-0.322000 -0.867000 -0.635000 0 0
-0.224000 -0.926000 -0.655000 0 0
-0.259000 -0.890000 -0.636000 0 0
-0.299000 -0.871000 -0.633000 0 0
0.000000 -0.000000 -0.000000 0 0
-0.236000 -0.890000 -0.631000 0 0
-0.281000 -0.890000 -0.641000 0 0
-0.322000 -0.872000 -0.641000 0 0
-0.398000 -0.935000 -0.703000 0 0
-0.256000 -0.886000 -0.632000 0 0
-0.303000 -0.890000 -0.645000 0 0
-0.351000 -0.888000 -0.659000 0 0
-0.620000 -1.366000 -1.041000 8 0
-0.275000 -0.877000 -0.629000 0 0
-0.323000 -0.883000 -0.646000 0 0
-0.401000 -0.949000 -0.713000 0 0
-0.625000 -1.297000 -1.004000 46 0
-0.299000 -0.885000 -0.638000 0 0
-0.344000 -0.880000 -0.649000 0 0
-0.608000 -1.354000 -1.030000 6 0
-0.632000 -1.237000 -0.972000 3 0
-0.318000 -0.878000 -0.638000 0 0
-0.395000 -0.945000 -0.704000 0 2
-0.616000 -1.292000 -0.995000 61 0
-0.654000 -1.209000 -0.966000 55 0
-0.338000 -0.871000 -0.637000 0 0
-0.606000 -1.365000 -1.028000 7 0
-0.617000 -1.222000 -0.954000 2 0
-0.667000 -1.167000 -0.948000 52 0
-0.371000 -0.897000 -0.661000 0 1
-0.615000 -1.305000 -0.993000 59 0
-0.651000 -1.218000 -0.964000 57 0
-0.679000 -1.125000 -0.930000 13 0
-0.610000 -1.386000 -1.031000 9 0
-0.611000 -1.224000 -0.942000 2 0
-0.666000 -1.180000 -0.948000 11 0
-0.693000 -1.091000 -0.918000 10 0
-0.615000 -1.317000 -0.988000 61 0
-0.649000 -1.231000 -0.959000 55 0
-0.672000 -1.130000 -0.922000 53 0
-0.705000 -1.055000 -0.905000 4 64
-0.623000 -1.260000 -0.955000 3 0
-0.660000 -1.185000 -0.935000 55 0
-0.688000 -1.099000 -0.912000 11 0
-0.709000 -1.010000 -0.884000 6 0
0.000000 -0.000000 -0.000000 0 128
0.008000 -1.205000 -0.822000 6 0
-0.040000 -1.223000 -0.819000 10 0
-0.091000 -1.254000 -0.826000 10 0
0.000000 -0.000000 -0.000000 0 128
-0.018000 -1.203000 -0.821000 8 0
-0.068000 -1.224000 -0.822000 9 0
-0.120000 -1.251000 -0.828000 10 0
0.000000 -0.000000 -0.000000 0 0
-0.045000 -1.200000 -0.820000 10 0
-0.096000 -1.219000 -0.822000 9 0
-0.150000 -1.247000 -0.830000 10 0
-0.023000 -1.179000 -0.820000 10 0
-0.072000 -1.200000 -0.821000 9 0
-0.124000 -1.219000 -0.825000 9 0
-0.179000 -1.243000 -0.833000 10 0
-0.048000 -1.178000 -0.818000 11 0
-0.098000 -1.200000 -0.823000 9 0
-0.152000 -1.217000 -0.828000 9 0
-0.209000 -1.238000 -0.836000 10 0
-0.074000 -1.184000 -0.822000 11 0
-0.126000 -1.202000 -0.826000 9 0
-0.180000 -1.213000 -0.829000 9 0
-0.238000 -1.233000 -0.839000 10 0
-0.100000 -1.182000 -0.822000 11 0
-0.153000 -1.200000 -0.827000 9 0
-0.208000 -1.212000 -0.833000 9 0
-0.268000 -1.230000 -0.845000 9 0
-0.126000 -1.185000 -0.824000 10 0
-0.180000 -1.198000 -0.828000 9 0
-0.236000 -1.207000 -0.836000 8 0
-0.296000 -1.220000 -0.845000 9 0
-0.152000 -1.183000 -0.824000 10 0
-0.207000 -1.197000 -0.832000 8 0
-0.263000 -1.198000 -0.835000 8 0
-0.320000 -1.195000 -0.836000 5 0
-0.179000 -1.188000 -0.829000 10 0
-0.234000 -1.191000 -0.831000 8 0
-0.285000 -1.170000 -0.821000 4 0
-0.264000 -0.903000 -0.639000 0 2
-0.206000 -1.187000 -0.830000 10 0
-0.258000 -1.177000 -0.826000 5 0
-0.248000 -0.926000 -0.655000 0 0
-0.281000 -0.881000 -0.630000 0 0
-0.233000 -1.187000 -0.833000 10 0
-0.240000 -0.989000 -0.698000 0 2
-0.260000 -0.887000 -0.633000 0 0
-0.302000 -0.877000 -0.634000 0 0
-0.250000 -1.144000 -0.805000 2 0
-0.240000 -0.901000 -0.639000 0 0
-0.280000 -0.882000 -0.635000 0 0
-0.322000 -0.867000 -0.635000 0 0
-0.224000 -0.926000 -0.655000 0 0
-0.259000 -0.890000 -0.636000 0 0
-0.299000 -0.871000 -0.633000 0 0
0.000000 -0.000000 -0.000000 0 0
-0.236000 -0.890000 -0.631000 0 0
-0.281000 -0.890000 -0.641000 0 0
-0.322000 -0.872000 -0.641000 0 0
-0.398000 -0.935000 -0.703000 0 0
-0.256000 -0.886000 -0.632000 0 0
-0.303000 -0.890000 -0.645000 0 0
-0.351000 -0.888000 -0.659000 0 0
-0.620000 -1.366000 -1.041000 8 0
-0.275000 -0.877000 -0.629000 0 0
-0.323000 -0.883000 -0.646000 0 0
-0.401000 -0.949000 -0.713000 0 0
-0.625000 -1.297000 -1.004000 46 0
-0.299000 -0.885000 -0.638000 0 0
-0.344000 -0.880000 -0.649000 0 0
-0.608000 -1.354000 -1.030000 6 0
-0.632000 -1.237000 -0.972000 3 0
-0.318000 -0.878000 -0.638000 0 0
-0.395000 -0.945000 -0.704000 0 2
-0.616000 -1.292000 -0.995000 61 0
-0.654000 -1.209000 -0.966000 55 0
-0.338000 -0.871000 -0.637000 0 0
-0.606000 -1.365000 -1.028000 7 0
-0.617000 -1.222000 -0.954000 2 0
-0.667000 -1.167000 -0.948000 52 0
-0.371000 -0.897000 -0.661000 0 1
-0.615000 -1.305000 -0.993000 59 0
-0.651000 -1.218000 -0.964000 57 0
-0.679000 -1.125000 -0.930000 13 0
-0.610000 -1.386000 -1.031000 9 0
-0.611000 -1.224000 -0.942000 2 0
-0.666000 -1.180000 -0.948000 11 0
-0.693000 -1.091000 -0.918000 10 0
-0.615000 -1.317000 -0.988000 61 0
-0.649000 -1.231000 -0.959000 55 0
-0.672000 -1.130000 -0.922000 53 0
-0.705000 -1.055000 -0.905000 4 64
-0.623000 -1.260000 -0.955000 3 0
-0.660000 -1.185000 -0.935000 55 0
-0.688000 -1.099000 -0.912000 11 0
-0.709000 -1.010000 -0.884000 6 0
-0.646000 -1.237000 -0.947000 63 0
-0.674000 -1.148000 -0.918000 12 0
-0.700000 -1.064000 -0.897000 8 0
0.000000 -0.000000 -0.000000 0 0
-0.656000 -1.190000 -0.921000 50 0
-0.683000 -1.106000 -0.897000 11 0
-0.705000 -1.020000 -0.875000 2 0
0.000000 -0.000000 -0.000000 0 0
-0.671000 -1.156000 -0.905000 12 0
-0.695000 -1.071000 -0.882000 10 0
-0.711000 -0.981000 -0.857000 4 0
0.000000 -0.000000 -0.000000 0 128
-0.684000 -1.118000 -0.886000 15 0
-0.707000 -1.037000 -0.867000 7 0
0.000000 -0.000000 -0.000000 0 0
0.000000 -0.000000 -0.000000 0 128
-0.687000 -1.069000 -0.858000 13 0
-0.714000 -0.998000 -0.849000 2 0
0.000000 -0.000000 -0.000000 0 0
0.000000 -0.000000 -0.000000 0 0
-0.697000 -1.032000 -0.840000 14 0
-0.716000 -0.955000 -0.826000 4 0
0.000000 -0.000000 -0.000000 0 128
-0.752000 -0.807000 -0.808000 12 0
-0.707000 -0.999000 -0.825000 10 0
0.000000 -0.000000 -0.000000 0 0
0.000000 -0.000000 -0.000000 0 128
-0.766000 -0.785000 -0.806000 12 0
-0.717000 -0.966000 -0.810000 4 0
0.000000 -0.000000 -0.000000 0 0
0.000000 -0.000000 -0.000000 0 0
-0.773000 -0.756000 -0.798000 17 0
-0.722000 -0.928000 -0.791000 0 64
0.000000 -0.000000 -0.000000 0 128
-0.759000 -0.793000 -0.786000 11 0
-0.782000 -0.731000 -0.793000 12 0
0.000000 -0.000000 -0.000000 0 0
0.000000 -0.000000 -0.000000 0 128
-0.772000 -0.770000 -0.783000 12 0
-0.789000 -0.704000 -0.785000 15 0
0.000000 -0.000000 -0.000000 0 128
0.000000 -0.000000 -0.000000 0 0
-0.771000 -0.735000 -0.766000 16 0
-0.793000 -0.676000 -0.777000 15 0
0.000000 -0.000000 -0.000000 0 0
-0.764000 -0.774000 -0.755000 8 0
-0.783000 -0.713000 -0.764000 14 0
-0.801000 -0.652000 -0.773000 15 0
0.000000 -0.000000 -0.000000 0 128
-0.773000 -0.748000 -0.748000 16 0
-0.793000 -0.690000 -0.760000 14 0
-0.805000 -0.625000 -0.766000 15 0
-0.758000 -0.774000 -0.726000 2 0
-0.781000 -0.722000 -0.740000 15 0
-0.797000 -0.662000 -0.750000 14 0
-0.811000 -0.601000 -0.761000 15 0
-0.772000 -0.753000 -0.722000 9 0
-0.791000 -0.698000 -0.734000 15 0
-0.805000 -0.639000 -0.746000 15 0
-0.813000 -0.574000 -0.753000 15 0
-0.782000 -0.729000 -0.715000 15 0
-0.790000 -0.667000 -0.720000 14 0
-0.806000 -0.611000 -0.735000 14 0
-0.817000 -0.550000 -0.747000 15 0
-0.784000 -0.698000 -0.702000 16 0
-0.798000 -0.642000 -0.714000 14 0
-0.810000 -0.586000 -0.729000 14 0
-0.823000 -0.527000 -0.744000 15 0
-0.789000 -0.671000 -0.692000 16 0
-0.807000 -0.620000 -0.710000 15 0
-0.817000 -0.563000 -0.725000 14 0
-0.824000 -0.502000 -0.737000 14 0
-0.798000 -0.647000 -0.686000 16 0
-0.810000 -0.593000 -0.701000 14 0
-0.819000 -0.537000 -0.717000 14 0
-0.832000 -0.482000 -0.738000 15 0
-0.803000 -0.621000 -0.677000 16 0
-0.814000 -0.568000 -0.694000 14 0
-0.826000 -0.515000 -0.714000 14 0
-0.838000 -0.461000 -0.736000 15 0
-0.806000 -0.595000 -0.668000 16 0
-0.819000 -0.545000 -0.688000 14 0
-0.832000 -0.493000 -0.711000 14 0
-0.838000 -0.436000 -0.729000 15 0
-0.814000 -0.572000 -0.663000 17 0
-0.828000 -0.523000 -0.685000 14 0
-0.837000 -0.472000 -0.707000 14 0
-0.843000 -0.415000 -0.728000 15 0
-0.824000 -0.551000 -0.661000 17 0
-0.833000 -0.501000 -0.680000 14 0
-0.841000 -0.449000 -0.704000 14 0
-0.854000 -0.397000 -0.731000 15 0
-0.829000 -0.527000 -0.655000 18 0
-0.836000 -0.477000 -0.675000 14 0
-0.849000 -0.429000 -0.703000 14 0
-0.858000 -0.376000 -0.731000 15 0
-0.646000 -1.237000 -0.947000 63 0
-0.674000 -1.148000 -0.918000 12 0
-0.700000 -1.064000 -0.897000 8 0
0.000000 -0.000000 -0.000000 0 0
-0.656000 -1.190000 -0.921000 50 0
-0.683000 -1.106000 -0.897000 11 0
-0.705000 -1.020000 -0.875000 2 0
0.000000 -0.000000 -0.000000 0 0
-0.671000 -1.156000 -0.905000 12 0
-0.695000 -1.071000 -0.882000 10 0
-0.711000 -0.981000 -0.857000 4 0
0.000000 -0.000000 -0.000000 0 128
-0.684000 -1.118000 -0.886000 15 0
-0.707000 -1.037000 -0.867000 7 0
0.000000 -0.000000 -0.000000 0 0
0.000000 -0.000000 -0.000000 0 128
-0.687000 -1.069000 -0.858000 13 0
-0.714000 -0.998000 -0.849000 2 0
0.000000 -0.000000 -0.000000 0 0
0.000000 -0.000000 -0.000000 0 0
-0.697000 -1.032000 -0.840000 14 0
-0.716000 -0.955000 -0.826000 4 0
0.000000 -0.000000 -0.000000 0 128
-0.752000 -0.807000 -0.808000 12 0
-0.707000 -0.999000 -0.825000 10 0
0.000000 -0.000000 -0.000000 0 0
0.000000 -0.000000 -0.000000 0 128
-0.766000 -0.785000 -0.806000 12 0
-0.717000 -0.966000 -0.810000 4 0
0.000000 -0.000000 -0.000000 0 0
0.000000 -0.000000 -0.000000 0 0
-0.773000 -0.756000 -0.798000 17 0
-0.722000 -0.928000 -0.791000 0 64
0.000000 -0.000000 -0.000000 0 128
-0.759000 -0.793000 -0.786000 11 0
-0.782000 -0.731000 -0.793000 12 0
0.000000 -0.000000 -0.000000 0 0
0.000000 -0.000000 -0.000000 0 128
-0.772000 -0.770000 -0.783000 12 0
-0.789000 -0.704000 -0.785000 15 0
0.000000 -0.000000 -0.000000 0 128
0.000000 -0.000000 -0.000000 0 0
-0.771000 -0.735000 -0.766000 16 0
-0.793000 -0.676000 -0.777000 15 0
0.000000 -0.000000 -0.000000 0 0
-0.764000 -0.774000 -0.755000 8 0
-0.783000 -0.713000 -0.764000 14 0
-0.801000 -0.652000 -0.773000 15 0
0.000000 -0.000000 -0.000000 0 128
-0.773000 -0.748000 -0.748000 16 0
-0.793000 -0.690000 -0.760000 14 0
-0.805000 -0.625000 -0.766000 15 0
-0.758000 -0.774000 -0.726000 2 0
-0.781000 -0.722000 -0.740000 15 0
-0.797000 -0.662000 -0.750000 14 0
-0.811000 -0.601000 -0.761000 15 0
-0.772000 -0.753000 -0.722000 9 0
-0.791000 -0.698000 -0.734000 15 0
-0.805000 -0.639000 -0.746000 15 0
-0.813000 -0.574000 -0.753000 15 0
-0.782000 -0.729000 -0.715000 15 0
-0.790000 -0.667000 -0.720000 14 0
-0.806000 -0.611000 -0.735000 14 0
-0.817000 -0.550000 -0.747000 15 0
-0.784000 -0.698000 -0.702000 16 0
-0.798000 -0.642000 -0.714000 14 0
-0.810000 -0.586000 -0.729000 14 0
-0.823000 -0.527000 -0.744000 15 0
-0.789000 -0.671000 -0.692000 16 0
-0.807000 -0.620000 -0.710000 15 0
-0.817000 -0.563000 -0.725000 14 0
-0.824000 -0.502000 -0.737000 14 0
-0.798000 -0.647000 -0.686000 16 0
-0.810000 -0.593000 -0.701000 14 0
-0.819000 -0.537000 -0.717000 14 0
-0.832000 -0.482000 -0.738000 15 0
-0.803000 -0.621000 -0.677000 16 0
-0.814000 -0.568000 -0.694000 14 0
-0.826000 -0.515000 -0.714000 14 0
-0.838000 -0.461000 -0.736000 15 0
-0.806000 -0.595000 -0.668000 16 0
-0.819000 -0.545000 -0.688000 14 0
-0.832000 -0.493000 -0.711000 14 0
-0.838000 -0.436000 -0.729000 15 0
-0.814000 -0.572000 -0.663000 17 0
-0.828000 -0.523000 -0.685000 14 0
-0.837000 -0.472000 -0.707000 14 0
-0.843000 -0.415000 -0.728000 15 0
-0.824000 -0.551000 -0.661000 17 0
-0.833000 -0.501000 -0.680000 14 0
-0.841000 -0.449000 -0.704000 14 0
-0.854000 -0.397000 -0.731000 15 0
-0.829000 -0.527000 -0.655000 18 0
-0.836000 -0.477000 -0.675000 14 0
-0.849000 -0.429000 -0.703000 14 0
-0.858000 -0.376000 -0.731000 15 0
-0.834000 -0.504000 -0.649000 17 0
-0.845000 -0.457000 -0.674000 14 0
-0.855000 -0.408000 -0.702000 14 0
-0.868000 -0.357000 -0.734000 9 64
-0.842000 -0.482000 -0.646000 18 0
-0.850000 -0.435000 -0.671000 14 0
-0.855000 -0.385000 -0.696000 14 0
0.000000 -0.000000 -0.000000 0 0
-0.845000 -0.458000 -0.640000 18 0
-0.859000 -0.415000 -0.670000 14 0
-0.866000 -0.367000 -0.699000 14 0
0.000000 -0.000000 -0.000000 0 0
-0.853000 -0.437000 -0.638000 18 0
-0.866000 -0.394000 -0.669000 14 0
0.000000 -0.000000 -0.000000 0 0
0.000000 -0.000000 -0.000000 0 0
-0.864000 -0.418000 -0.638000 22 0
-0.862000 -0.369000 -0.660000 14 0
0.000000 -0.000000 -0.000000 0 0
-0.874000 -0.272000 -0.725000 3 0
-0.865000 -0.394000 -0.632000 19 0
-0.841000 -0.337000 -0.638000 0 0
0.000000 -0.000000 -0.000000 0 0
-0.884000 -0.254000 -0.730000 15 0
-0.870000 -0.372000 -0.629000 19 0
0.000000 -0.000000 -0.000000 0 0
0.000000 -0.000000 -0.000000 0 0
-0.890000 -0.235000 -0.733000 18 0
0.000000 -0.000000 -0.000000 0 0
0.000000 -0.000000 -0.000000 0 0
-0.888000 -0.263000 -0.695000 13 0
-0.892000 -0.214000 -0.733000 15 0
0.000000 -0.000000 -0.000000 0 0
0.000000 -0.000000 -0.000000 0 0
-0.889000 -0.242000 -0.693000 14 0
-0.897000 -0.195000 -0.735000 14 0
0.000000 -0.000000 -0.000000 0 0
0.000000 -0.000000 -0.000000 0 0
-0.897000 -0.223000 -0.696000 13 0
-0.911000 -0.177000 -0.745000 9 0
0.000000 -0.000000 -0.000000 0 0
-0.899000 -0.246000 -0.660000 9 0
-0.898000 -0.202000 -0.695000 7 64
-0.912000 -0.157000 -0.745000 6 64
0.000000 -0.000000 -0.000000 0 0
-0.883000 -0.220000 -0.645000 5 64
-0.891000 -0.179000 -0.687000 3 64
0.000000 -0.000000 -0.000000 0 0
0.000000 -0.000000 -0.000000 0 192
0.000000 -0.000000 -0.000000 0 0
0.000000 -0.000000 -0.000000 0 0
0.000000 -0.000000 -0.000000 0 0
0.000000 -0.000000 -0.000000 0 0
0.000000 -0.000000 -0.000000 0 0
0.000000 -0.000000 -0.000000 0 0
0.000000 -0.000000 -0.000000 0 0
0.000000 -0.000000 -0.000000 0 0
0.000000 -0.000000 -0.000000 0 0
0.000000 -0.000000 -0.000000 0 0
0.000000 -0.000000 -0.000000 0 192
-0.891000 -0.174000 -0.604000 4 64
-0.877000 -0.135000 -0.632000 0 64
0.000000 -0.000000 -0.000000 0 192
0.000000 -0.000000 -0.000000 0 192
-0.921000 -0.158000 -0.622000 10 0
-0.919000 -0.120000 -0.660000 9 0
-0.930000 -0.081000 -0.712000 5 64
0.000000 -0.000000 -0.000000 0 0
-0.922000 -0.136000 -0.621000 17 0
-0.935000 -0.100000 -0.671000 12 0
-0.934000 -0.061000 -0.715000 9 0
-0.939000 -0.017000 -0.770000 6 64
-0.934000 -0.115000 -0.627000 19 0
-0.931000 -0.078000 -0.667000 14 0
-0.938000 -0.040000 -0.719000 13 0
-0.944000 0.002000 -0.775000 10 0
-0.937000 -0.093000 -0.628000 19 0
-0.941000 -0.057000 -0.673000 14 0
-0.939000 -0.019000 -0.720000 14 0
-0.954000 0.023000 -0.786000 13 0
-0.941000 -0.071000 -0.629000 18 0
-0.945000 -0.035000 -0.677000 14 0
-0.947000 0.001000 -0.728000 14 0
-0.951000 0.043000 -0.786000 15 0
-0.946000 -0.049000 -0.632000 18 0
-0.949000 -0.014000 -0.680000 14 0
-0.946000 0.022000 -0.728000 14 0
-0.958000 0.064000 -0.794000 15 0
-0.949000 -0.027000 -0.634000 18 0
-0.949000 0.007000 -0.680000 14 0
-0.954000 0.043000 -0.736000 14 0
-0.967000 0.086000 -0.805000 15 0
-0.953000 -0.004000 -0.637000 18 0
-0.955000 0.029000 -0.686000 14 0
-0.958000 0.065000 -0.741000 14 0
-0.972000 0.107000 -0.812000 15 0
-0.834000 -0.504000 -0.649000 17 0
-0.845000 -0.457000 -0.674000 14 0
-0.855000 -0.408000 -0.702000 14 0
-0.868000 -0.357000 -0.734000 9 64
-0.842000 -0.482000 -0.646000 18 0
-0.850000 -0.435000 -0.671000 14 0
-0.855000 -0.385000 -0.696000 14 0
0.000000 -0.000000 -0.000000 0 0
-0.845000 -0.458000 -0.640000 18 0
-0.859000 -0.415000 -0.670000 14 0
-0.866000 -0.367000 -0.699000 14 0
0.000000 -0.000000 -0.000000 0 0
-0.853000 -0.437000 -0.638000 18 0
-0.866000 -0.394000 -0.669000 14 0
0.000000 -0.000000 -0.000000 0 0
0.000000 -0.000000 -0.000000 0 0
-0.864000 -0.418000 -0.638000 22 0
-0.862000 -0.369000 -0.660000 14 0
0.000000 -0.000000 -0.000000 0 0
-0.874000 -0.272000 -0.725000 3 0
-0.865000 -0.394000 -0.632000 19 0
-0.841000 -0.337000 -0.638000 0 0
0.000000 -0.000000 -0.000000 0 0
-0.884000 -0.254000 -0.730000 15 0
-0.870000 -0.372000 -0.629000 19 0
0.000000 -0.000000 -0.000000 0 0
0.000000 -0.000000 -0.000000 0 0
-0.890000 -0.235000 -0.733000 18 0
0.000000 -0.000000 -0.000000 0 0
0.000000 -0.000000 -0.000000 0 0
-0.888000 -0.263000 -0.695000 13 0
-0.892000 -0.214000 -0.733000 15 0
0.000000 -0.000000 -0.000000 0 0
0.000000 -0.000000 -0.000000 0 0
-0.889000 -0.242000 -0.693000 14 0
-0.897000 -0.195000 -0.735000 14 0
0.000000 -0.000000 -0.000000 0 0
0.000000 -0.000000 -0.000000 0 0
-0.897000 -0.223000 -0.696000 13 0
-0.911000 -0.177000 -0.745000 9 0
0.000000 -0.000000 -0.000000 0 0
-0.899000 -0.246000 -0.660000 9 0
-0.898000 -0.202000 -0.695000 7 64
-0.912000 -0.157000 -0.745000 6 64
0.000000 -0.000000 -0.000000 0 0
-0.883000 -0.220000 -0.645000 5 64
-0.891000 -0.179000 -0.687000 3 64
0.000000 -0.000000 -0.000000 0 0
0.000000 -0.000000 -0.000000 0 192
0.000000 -0.000000 -0.000000 0 0
0.000000 -0.000000 -0.000000 0 0
0.000000 -0.000000 -0.000000 0 0
0.000000 -0.000000 -0.000000 0 0
0.000000 -0.000000 -0.000000 0 0
0.000000 -0.000000 -0.000000 0 0
0.000000 -0.000000 -0.000000 0 0
0.000000 -0.000000 -0.000000 0 0
0.000000 -0.000000 -0.000000 0 0
0.000000 -0.000000 -0.000000 0 0
0.000000 -0.000000 -0.000000 0 192
-0.891000 -0.174000 -0.604000 4 64
-0.877000 -0.135000 -0.632000 0 64
0.000000 -0.000000 -0.000000 0 192
0.000000 -0.000000 -0.000000 0 192
-0.921000 -0.158000 -0.622000 10 0
-0.919000 -0.120000 -0.660000 9 0
-0.930000 -0.081000 -0.712000 5 64
0.000000 -0.000000 -0.000000 0 0
-0.922000 -0.136000 -0.621000 17 0
-0.935000 -0.100000 -0.671000 12 0
-0.934000 -0.061000 -0.715000 9 0
-0.939000 -0.017000 -0.770000 6 64
-0.934000 -0.115000 -0.627000 19 0
-0.931000 -0.078000 -0.667000 14 0
-0.938000 -0.040000 -0.719000 13 0
-0.944000 0.002000 -0.775000 10 0
-0.937000 -0.093000 -0.628000 19 0
-0.941000 -0.057000 -0.673000 14 0
-0.939000 -0.019000 -0.720000 14 0
-0.954000 0.023000 -0.786000 13 0
-0.941000 -0.071000 -0.629000 18 0
-0.945000 -0.035000 -0.677000 14 0
-0.947000 0.001000 -0.728000 14 0
-0.951000 0.043000 -0.786000 15 0
-0.946000 -0.049000 -0.632000 18 0
-0.949000 -0.014000 -0.680000 14 0
-0.946000 0.022000 -0.728000 14 0
-0.958000 0.064000 -0.794000 15 0
-0.949000 -0.027000 -0.634000 18 0
-0.949000 0.007000 -0.680000 14 0
-0.954000 0.043000 -0.736000 14 0
-0.967000 0.086000 -0.805000 15 0
-0.953000 -0.004000 -0.637000 18 0
-0.955000 0.029000 -0.686000 14 0
-0.958000 0.065000 -0.741000 14 0
-0.972000 0.107000 -0.812000 15 0
-0.955000 0.018000 -0.639000 18 0
-0.963000 0.051000 -0.693000 14 0
-0.962000 0.087000 -0.747000 14 0
-0.977000 0.129000 -0.820000 15 0
-0.959000 0.040000 -0.643000 17 0
-0.962000 0.074000 -0.695000 14 0
-0.966000 0.109000 -0.753000 14 0
-0.983000 0.151000 -0.829000 14 0
-0.966000 0.064000 -0.649000 17 0
-0.970000 0.097000 -0.702000 14 0
-0.973000 0.131000 -0.761000 14 0
-0.986000 0.173000 -0.836000 12 0
-0.968000 0.087000 -0.652000 16 0
-0.972000 0.120000 -0.706000 14 0
-0.981000 0.155000 -0.771000 14 0
-0.976000 0.193000 -0.832000 10 0
-0.976000 0.111000 -0.659000 16 0
-0.981000 0.144000 -0.716000 14 0
-0.986000 0.178000 -0.779000 14 0
-0.977000 0.215000 -0.838000 1 0
-0.978000 0.135000 -0.663000 16 0
-0.982000 0.167000 -0.720000 14 0
-0.976000 0.199000 -0.776000 2 0
-0.982000 0.238000 -0.848000 1 0
-0.984000 0.160000 -0.670000 15 0
-0.992000 0.192000 -0.732000 8 0
-0.984000 0.223000 -0.787000 1 0
-1.072000 0.284000 -0.933000 1 0
-0.990000 0.185000 -0.678000 15 0
-0.987000 0.215000 -0.733000 1 0
-1.009000 0.252000 -0.812000 1 0
-1.076000 0.309000 -0.942000 7 0
-0.983000 0.208000 -0.677000 2 0
-0.993000 0.240000 -0.742000 1 0
-1.082000 0.296000 -0.877000 1 0
-1.088000 0.338000 -0.961000 1 0
-0.994000 0.235000 -0.689000 1 0
-1.086000 0.290000 -0.818000 1 0
-1.083000 0.322000 -0.885000 1 0
-1.092000 0.365000 -0.972000 6 0
-1.089000 0.285000 -0.760000 2 0
-1.090000 0.318000 -0.826000 1 0
-1.094000 0.352000 -0.901000 0 0
-1.094000 0.391000 -0.983000 0 0
-1.094000 0.315000 -0.770000 1 0
-1.098000 0.348000 -0.840000 1 0
-1.096000 0.380000 -0.911000 8 0
-1.099000 0.419000 -0.996000 8 0
-1.097000 0.345000 -0.779000 1 0
-1.106000 0.378000 -0.853000 1 0
-1.107000 0.411000 -0.928000 1 0
-1.112000 0.451000 -1.017000 0 0
-1.105000 0.376000 -0.792000 1 0
-1.107000 0.407000 -0.862000 8 0
-1.102000 0.437000 -0.933000 7 0
-1.113000 0.479000 -1.028000 7 0
-1.106000 0.406000 -0.800000 9 0
-1.122000 0.442000 -0.883000 1 0
-1.123000 0.474000 -0.961000 1 0
-1.114000 0.508000 -1.040000 0 0
-1.121000 0.443000 -0.820000 1 0
-1.114000 0.469000 -0.886000 7 0
-1.115000 0.500000 -0.965000 7 0
-1.124000 0.541000 -1.061000 6 0
-1.122000 0.474000 -0.830000 8 0
-1.125000 0.505000 -0.905000 1 0
-1.131000 0.538000 -0.989000 0 0
-1.131000 0.574000 -1.079000 7 0
-1.123000 0.507000 -0.841000 0 64
-1.130000 0.538000 -0.920000 7 0
-1.131000 0.569000 -1.001000 7 0
-1.133000 0.605000 -1.094000 7 0
-1.137000 0.546000 -0.863000 9 0
-1.147000 0.580000 -0.946000 1 0
-1.141000 0.606000 -1.023000 0 0
-1.140000 0.640000 -1.115000 6 0
-1.140000 0.582000 -0.877000 0 0
-1.139000 0.609000 -0.952000 6 0
-1.147000 0.642000 -1.042000 6 0
-1.152000 0.679000 -1.141000 5 0
-1.152000 0.623000 -0.899000 7 0
-1.151000 0.649000 -0.975000 5 0
-1.148000 0.676000 -1.057000 6 0
-1.159000 0.716000 -1.164000 5 0
-1.166000 0.667000 -0.924000 0 0
-1.159000 0.690000 -0.998000 5 0
-1.163000 0.719000 -1.086000 6 0
-1.166000 0.755000 -1.187000 5 0
-1.161000 0.702000 -0.934000 6 0
-1.170000 0.733000 -1.022000 6 0
-1.168000 0.759000 -1.107000 6 0
-1.177000 0.796000 -1.215000 5 0
-1.169000 0.745000 -0.957000 6 0
-1.177000 0.776000 -1.045000 5 0
-1.185000 0.807000 -1.141000 5 0
-1.185000 0.839000 -1.242000 8 0
-0.955000 0.018000 -0.639000 18 0
-0.963000 0.051000 -0.693000 14 0
-0.962000 0.087000 -0.747000 14 0
-0.977000 0.129000 -0.820000 15 0
-0.959000 0.040000 -0.643000 17 0
-0.962000 0.074000 -0.695000 14 0
-0.966000 0.109000 -0.753000 14 0
-0.983000 0.151000 -0.829000 14 0
-0.966000 0.064000 -0.649000 17 0
-0.970000 0.097000 -0.702000 14 0
-0.973000 0.131000 -0.761000 14 0
-0.986000 0.173000 -0.836000 12 0
-0.968000 0.087000 -0.652000 16 0
-0.972000 0.120000 -0.706000 14 0
-0.981000 0.155000 -0.771000 14 0
-0.976000 0.193000 -0.832000 10 0
-0.976000 0.111000 -0.659000 16 0
-0.981000 0.144000 -0.716000 14 0
-0.986000 0.178000 -0.779000 14 0
-0.977000 0.215000 -0.838000 1 0
-0.978000 0.135000 -0.663000 16 0
-0.982000 0.167000 -0.720000 14 0
-0.976000 0.199000 -0.776000 2 0
-0.982000 0.238000 -0.848000 1 0
-0.984000 0.160000 -0.670000 15 0
-0.992000 0.192000 -0.732000 8 0
-0.984000 0.223000 -0.787000 1 0
-1.072000 0.284000 -0.933000 1 0
-0.990000 0.185000 -0.678000 15 0
-0.987000 0.215000 -0.733000 1 0
-1.009000 0.252000 -0.812000 1 0
-1.076000 0.309000 -0.942000 7 0
-0.983000 0.208000 -0.677000 2 0
-0.993000 0.240000 -0.742000 1 0
-1.082000 0.296000 -0.877000 1 0
-1.088000 0.338000 -0.961000 1 0
-0.994000 0.235000 -0.689000 1 0
-1.086000 0.290000 -0.818000 1 0
-1.083000 0.322000 -0.885000 1 0
-1.092000 0.365000 -0.972000 6 0
-1.089000 0.285000 -0.760000 2 0
-1.090000 0.318000 -0.826000 1 0
-1.094000 0.352000 -0.901000 0 0
-1.094000 0.391000 -0.983000 0 0
-1.094000 0.315000 -0.770000 1 0
-1.098000 0.348000 -0.840000 1 0
-1.096000 0.380000 -0.911000 8 0
-1.099000 0.419000 -0.996000 8 0
-1.097000 0.345000 -0.779000 1 0
-1.106000 0.378000 -0.853000 1 0
-1.107000 0.411000 -0.928000 1 0
-1.112000 0.451000 -1.017000 0 0
-1.105000 0.376000 -0.792000 1 0
-1.107000 0.407000 -0.862000 8 0
-1.102000 0.437000 -0.933000 7 0
-1.113000 0.479000 -1.028000 7 0
-1.106000 0.406000 -0.800000 9 0
-1.122000 0.442000 -0.883000 1 0
-1.123000 0.474000 -0.961000 1 0
-1.114000 0.508000 -1.040000 0 0
-1.121000 0.443000 -0.820000 1 0
-1.114000 0.469000 -0.886000 7 0
-1.115000 0.500000 -0.965000 7 0
-1.124000 0.541000 -1.061000 6 0
-1.122000 0.474000 -0.830000 8 0
-1.125000 0.505000 -0.905000 1 0
-1.131000 0.538000 -0.989000 0 0
-1.131000 0.574000 -1.079000 7 0
-1.123000 0.507000 -0.841000 0 64
-1.130000 0.538000 -0.920000 7 0
-1.131000 0.569000 -1.001000 7 0
-1.133000 0.605000 -1.094000 7 0
-1.137000 0.546000 -0.863000 9 0
-1.147000 0.580000 -0.946000 1 0
-1.141000 0.606000 -1.023000 0 0
-1.140000 0.640000 -1.115000 6 0
-1.140000 0.582000 -0.877000 0 0
-1.139000 0.609000 -0.952000 6 0
-1.147000 0.642000 -1.042000 6 0
-1.152000 0.679000 -1.141000 5 0
-1.152000 0.623000 -0.899000 7 0
-1.151000 0.649000 -0.975000 5 0
-1.148000 0.676000 -1.057000 6 0
-1.159000 0.716000 -1.164000 5 0
-1.166000 0.667000 -0.924000 0 0
-1.159000 0.690000 -0.998000 5 0
-1.163000 0.719000 -1.086000 6 0
-1.166000 0.755000 -1.187000 5 0
-1.161000 0.702000 -0.934000 6 0
-1.170000 0.733000 -1.022000 6 0
-1.168000 0.759000 -1.107000 6 0
-1.177000 0.796000 -1.215000 5 0
-1.169000 0.745000 -0.957000 6 0
-1.177000 0.776000 -1.045000 5 0
-1.185000 0.807000 -1.141000 5 0
-1.185000 0.839000 -1.242000 8 0
-1.186000 0.797000 -0.988000 5 0
-1.184000 0.821000 -1.070000 6 0
-1.182000 0.844000 -1.157000 6 0
-1.189000 0.880000 -1.266000 13 0
-1.198000 0.848000 -1.017000 5 0
-1.198000 0.872000 -1.102000 4 0
-1.195000 0.894000 -1.190000 5 0
-1.171000 0.905000 -1.267000 15 0
-1.207000 0.898000 -1.044000 5 0
-1.208000 0.923000 -1.133000 5 0
-1.210000 0.947000 -1.226000 5 0
-1.150000 0.927000 -1.264000 14 0
-1.213000 0.949000 -1.072000 4 0
-1.215000 0.973000 -1.161000 4 0
-1.212000 0.992000 -1.252000 13 0
-1.130000 0.950000 -1.265000 16 0
-1.213000 0.996000 -1.094000 7 0
-1.189000 0.998000 -1.159000 7 0
-1.173000 1.004000 -1.235000 8 0
-1.108000 0.972000 -1.263000 13 0
-1.164000 1.004000 -1.074000 8 0
-1.151000 1.013000 -1.147000 7 0
-1.150000 1.029000 -1.235000 5 0
-1.088000 0.995000 -1.263000 15 0
-1.162000 1.052000 -1.098000 4 0
-1.166000 1.073000 -1.188000 9 0
-1.147000 1.072000 -1.257000 27 0
-1.062000 1.013000 -1.257000 14 0
-1.186000 1.126000 -1.148000 48 0
-1.170000 1.128000 -1.220000 39 0
-1.124000 1.098000 -1.260000 16 0
-1.044000 1.038000 -1.262000 14 0
-1.197000 1.194000 -1.189000 55 0
-1.173000 1.185000 -1.254000 27 0
-1.099000 1.122000 -1.260000 16 0
-1.020000 1.058000 -1.259000 16 0
-1.197000 1.252000 -1.221000 38 0
-1.146000 1.211000 -1.255000 15 0
-1.069000 1.140000 -1.254000 16 0
-0.997000 1.077000 -1.257000 14 0
-1.197000 1.313000 -1.256000 18 0
-1.116000 1.236000 -1.256000 15 0
-1.043000 1.163000 -1.255000 16 0
-0.976000 1.100000 -1.259000 15 0
-1.157000 1.333000 -1.251000 14 0
-1.085000 1.258000 -1.255000 16 0
-1.017000 1.185000 -1.255000 14 0
-0.951000 1.118000 -1.257000 14 0
-1.123000 1.358000 -1.252000 14 0
-1.051000 1.278000 -1.252000 15 0
-0.988000 1.203000 -1.252000 15 0
-0.927000 1.137000 -1.256000 15 0
-1.085000 1.379000 -1.250000 14 0
-1.018000 1.297000 -1.249000 14 0
-0.959000 1.222000 -1.250000 16 0
-0.901000 1.152000 -1.252000 15 0
-1.049000 1.400000 -1.250000 15 0
-0.987000 1.318000 -1.250000 13 0
-0.932000 1.243000 -1.251000 13 0
-0.878000 1.173000 -1.253000 16 0
-1.007000 1.414000 -1.243000 14 0
-0.952000 1.335000 -1.246000 14 0
-0.900000 1.257000 -1.246000 13 0
-0.850000 1.186000 -1.248000 17 0
-0.973000 1.439000 -1.247000 17 0
-0.920000 1.355000 -1.247000 14 0
-0.874000 1.278000 -1.248000 16 0
-0.828000 1.207000 -1.251000 19 0
-0.931000 1.450000 -1.240000 17 0
-0.884000 1.369000 -1.243000 16 0
-0.843000 1.294000 -1.246000 16 0
-0.800000 1.220000 -1.246000 16 0
-0.898000 1.475000 -1.246000 17 0
-0.852000 1.387000 -1.243000 16 0
-0.814000 1.310000 -1.245000 16 0
-0.775000 1.237000 -1.246000 16 0
-0.858000 1.487000 -1.242000 16 0
-0.816000 1.399000 -1.239000 18 0
-0.784000 1.326000 -1.244000 16 0
-0.749000 1.253000 -1.245000 16 0
-0.813000 1.492000 -1.233000 17 0
-0.781000 1.414000 -1.239000 18 0
-0.753000 1.340000 -1.242000 17 0
-0.723000 1.269000 -1.245000 18 0
-0.777000 1.510000 -1.236000 18 0
-0.749000 1.432000 -1.241000 21 0
-0.723000 1.356000 -1.242000 17 0
-0.697000 1.284000 -1.244000 19 0
-0.738000 1.522000 -1.235000 16 0
-0.711000 1.439000 -1.235000 16 0
-0.692000 1.368000 -1.239000 15 0
-0.670000 1.298000 -1.243000 17 0
-0.698000 1.533000 -1.233000 16 0
-0.677000 1.454000 -1.236000 18 0
-0.661000 1.381000 -1.238000 17 0
-0.641000 1.310000 -1.240000 17 0
-1.186000 0.797000 -0.988000 5 0
-1.184000 0.821000 -1.070000 6 0
-1.182000 0.844000 -1.157000 6 0
-1.189000 0.880000 -1.266000 13 0
-1.198000 0.848000 -1.017000 5 0
-1.198000 0.872000 -1.102000 4 0
-1.195000 0.894000 -1.190000 5 0
-1.171000 0.905000 -1.267000 15 0
-1.207000 0.898000 -1.044000 5 0
-1.208000 0.923000 -1.133000 5 0
-1.210000 0.947000 -1.226000 5 0
-1.150000 0.927000 -1.264000 14 0
-1.213000 0.949000 -1.072000 4 0
-1.215000 0.973000 -1.161000 4 0
-1.212000 0.992000 -1.252000 13 0
-1.130000 0.950000 -1.265000 16 0
-1.213000 0.996000 -1.094000 7 0
-1.189000 0.998000 -1.159000 7 0
-1.173000 1.004000 -1.235000 8 0
-1.108000 0.972000 -1.263000 13 0
-1.164000 1.004000 -1.074000 8 0
-1.151000 1.013000 -1.147000 7 0
-1.150000 1.029000 -1.235000 5 0
-1.088000 0.995000 -1.263000 15 0
-1.162000 1.052000 -1.098000 4 0
-1.166000 1.073000 -1.188000 9 0
-1.147000 1.072000 -1.257000 27 0
-1.062000 1.013000 -1.257000 14 0
-1.186000 1.126000 -1.148000 48 0
-1.170000 1.128000 -1.220000 39 0
-1.124000 1.098000 -1.260000 16 0
-1.044000 1.038000 -1.262000 14 0
-1.197000 1.194000 -1.189000 55 0
-1.173000 1.185000 -1.254000 27 0
-1.099000 1.122000 -1.260000 16 0
-1.020000 1.058000 -1.259000 16 0
-1.197000 1.252000 -1.221000 38 0
-1.146000 1.211000 -1.255000 15 0
-1.069000 1.140000 -1.254000 16 0
-0.997000 1.077000 -1.257000 14 0
-1.197000 1.313000 -1.256000 18 0
-1.116000 1.236000 -1.256000 15 0
-1.043000 1.163000 -1.255000 16 0
-0.976000 1.100000 -1.259000 15 0
-1.157000 1.333000 -1.251000 14 0
-1.085000 1.258000 -1.255000 16 0
-1.017000 1.185000 -1.255000 14 0
-0.951000 1.118000 -1.257000 14 0
-1.123000 1.358000 -1.252000 14 0
-1.051000 1.278000 -1.252000 15 0
-0.988000 1.203000 -1.252000 15 0
-0.927000 1.137000 -1.256000 15 0
-1.085000 1.379000 -1.250000 14 0
-1.018000 1.297000 -1.249000 14 0
-0.959000 1.222000 -1.250000 16 0
-0.901000 1.152000 -1.252000 15 0
-1.049000 1.400000 -1.250000 15 0
-0.987000 1.318000 -1.250000 13 0
-0.932000 1.243000 -1.251000 13 0
-0.878000 1.173000 -1.253000 16 0
-1.007000 1.414000 -1.243000 14 0
-0.952000 1.335000 -1.246000 14 0
-0.900000 1.257000 -1.246000 13 0
-0.850000 1.186000 -1.248000 17 0
-0.973000 1.439000 -1.247000 17 0
-0.920000 1.355000 -1.247000 14 0
-0.874000 1.278000 -1.248000 16 0
-0.828000 1.207000 -1.251000 19 0
-0.931000 1.450000 -1.240000 17 0
-0.884000 1.369000 -1.243000 16 0
-0.843000 1.294000 -1.246000 16 0
-0.800000 1.220000 -1.246000 16 0
-0.898000 1.475000 -1.246000 17 0
-0.852000 1.387000 -1.243000 16 0
-0.814000 1.310000 -1.245000 16 0
-0.775000 1.237000 -1.246000 16 0
-0.858000 1.487000 -1.242000 16 0
-0.816000 1.399000 -1.239000 18 0
-0.784000 1.326000 -1.244000 16 0
-0.749000 1.253000 -1.245000 16 0
-0.813000 1.492000 -1.233000 17 0
-0.781000 1.414000 -1.239000 18 0
-0.753000 1.340000 -1.242000 17 0
-0.723000 1.269000 -1.245000 18 0
-0.777000 1.510000 -1.236000 18 0
-0.749000 1.432000 -1.241000 21 0
-0.723000 1.356000 -1.242000 17 0
-0.697000 1.284000 -1.244000 19 0
-0.738000 1.522000 -1.235000 16 0
-0.711000 1.439000 -1.235000 16 0
-0.692000 1.368000 -1.239000 15 0
-0.670000 1.298000 -1.243000 17 0
-0.698000 1.533000 -1.233000 16 0
-0.677000 1.454000 -1.236000 18 0
-0.661000 1.381000 -1.238000 17 0
-0.641000 1.310000 -1.240000 17 0
-0.660000 1.546000 -1.234000 17 0
-0.642000 1.466000 -1.235000 16 0
-0.629000 1.392000 -1.235000 17 0
-0.613000 1.322000 -1.238000 17 0
-0.620000 1.555000 -1.233000 18 0
-0.606000 1.473000 -1.231000 17 0
-0.598000 1.405000 -1.235000 17 0
-0.586000 1.335000 -1.237000 17 0
-0.580000 1.562000 -1.230000 16 0
-0.572000 1.486000 -1.233000 19 0
-0.566000 1.415000 -1.234000 16 0
-0.558000 1.348000 -1.236000 19 0
-0.540000 1.568000 -1.228000 17 0
-0.535000 1.493000 -1.230000 17 0
-0.534000 1.425000 -1.232000 17 0
-0.529000 1.358000 -1.234000 17 0
-0.501000 1.576000 -1.229000 17 0
-0.500000 1.500000 -1.228000 18 0
-0.503000 1.436000 -1.233000 17 0
-0.501000 1.369000 -1.233000 18 0
-0.460000 1.577000 -1.225000 16 0
-0.464000 1.509000 -1.228000 17 0
-0.472000 1.448000 -1.234000 18 0
-0.472000 1.380000 -1.232000 18 0
-0.420000 1.580000 -1.222000 20 0
-0.429000 1.518000 -1.230000 21 0
-0.437000 1.451000 -1.228000 16 0
-0.444000 1.390000 -1.231000 18 0
-0.381000 1.584000 -1.222000 19 0
-0.392000 1.519000 -1.225000 22 0
-0.407000 1.464000 -1.232000 21 0
-0.415000 1.402000 -1.232000 19 0
-0.342000 1.586000 -1.220000 21 0
-0.356000 1.520000 -1.221000 20 0
-0.373000 1.468000 -1.228000 20 0
-0.385000 1.407000 -1.228000 23 0
-0.303000 1.589000 -1.220000 17 0
-0.321000 1.527000 -1.222000 20 0
-0.340000 1.472000 -1.225000 19 0
-0.356000 1.420000 -1.230000 21 0
-0.263000 1.581000 -1.213000 18 0
-0.285000 1.528000 -1.220000 17 0
-0.307000 1.476000 -1.223000 21 0
-0.325000 1.422000 -1.224000 21 0
-0.225000 1.583000 -1.214000 19 0
-0.249000 1.528000 -1.217000 21 0
-0.274000 1.479000 -1.220000 19 0
-0.295000 1.429000 -1.223000 23 0
-0.187000 1.581000 -1.213000 20 0
-0.214000 1.532000 -1.218000 23 0
-0.241000 1.483000 -1.219000 19 0
-0.266000 1.437000 -1.223000 19 0
-0.148000 1.579000 -1.212000 18 0
-0.178000 1.530000 -1.215000 19 0
-0.208000 1.485000 -1.217000 20 0
-0.235000 1.443000 -1.223000 20 0
-0.110000 1.573000 -1.209000 18 0
-0.143000 1.529000 -1.213000 18 0
-0.176000 1.491000 -1.218000 20 0
-0.204000 1.443000 -1.216000 21 0
-0.073000 1.573000 -1.212000 15 0
-0.108000 1.530000 -1.214000 16 0
-0.143000 1.488000 -1.213000 18 0
-0.174000 1.449000 -1.216000 21 0
-0.036000 1.570000 -1.212000 3 0
-0.073000 1.527000 -1.211000 15 0
-0.110000 1.492000 -1.214000 18 0
-0.144000 1.457000 -1.218000 20 0
0.000000 -0.000000 -0.000000 0 0
-0.038000 1.533000 -1.218000 4 0
-0.077000 1.492000 -1.212000 15 0
-0.112000 1.454000 -1.212000 18 0
0.000000 -0.000000 -0.000000 0 192
0.000000 -0.000000 -0.000000 0 0
-0.044000 1.491000 -1.211000 7 0
-0.082000 1.459000 -1.212000 17 0
0.000000 -0.000000 -0.000000 0 128
0.000000 -0.000000 -0.000000 0 192
0.000000 -0.000000 -0.000000 0 0
-0.051000 1.461000 -1.211000 11 0
0.000000 -0.000000 -0.000000 0 192
0.000000 -0.000000 -0.000000 0 128
0.000000 -0.000000 -0.000000 0 128
0.000000 -0.000000 -0.000000 0 0
0.000000 -0.000000 -0.000000 0 128
0.000000 -0.000000 -0.000000 0 128
0.000000 -0.000000 -0.000000 0 128
0.000000 -0.000000 -0.000000 0 128
0.000000 -0.000000 -0.000000 0 128
0.000000 -0.000000 -0.000000 0 128
0.000000 -0.000000 -0.000000 0 128
0.000000 -0.000000 -0.000000 0 128
0.202000 1.418000 -1.132000 10 0
0.000000 -0.000000 -0.000000 0 128
0.000000 -0.000000 -0.000000 0 128
0.000000 -0.000000 -0.000000 0 128
-0.660000 1.546000 -1.234000 17 0
-0.642000 1.466000 -1.235000 16 0
-0.629000 1.392000 -1.235000 17 0
-0.613000 1.322000 -1.238000 17 0
-0.620000 1.555000 -1.233000 18 0
-0.606000 1.473000 -1.231000 17 0
-0.598000 1.405000 -1.235000 17 0
-0.586000 1.335000 -1.237000 17 0
-0.580000 1.562000 -1.230000 16 0
-0.572000 1.486000 -1.233000 19 0
-0.566000 1.415000 -1.234000 16 0
-0.558000 1.348000 -1.236000 19 0
-0.540000 1.568000 -1.228000 17 0
-0.535000 1.493000 -1.230000 17 0
-0.534000 1.425000 -1.232000 17 0
-0.529000 1.358000 -1.234000 17 0
-0.501000 1.576000 -1.229000 17 0
-0.500000 1.500000 -1.228000 18 0
-0.503000 1.436000 -1.233000 17 0
-0.501000 1.369000 -1.233000 18 0
-0.460000 1.577000 -1.225000 16 0
-0.464000 1.509000 -1.228000 17 0
-0.472000 1.448000 -1.234000 18 0
-0.472000 1.380000 -1.232000 18 0
-0.420000 1.580000 -1.222000 20 0
-0.429000 1.518000 -1.230000 21 0
-0.437000 1.451000 -1.228000 16 0
-0.444000 1.390000 -1.231000 18 0
-0.381000 1.584000 -1.222000 19 0
-0.392000 1.519000 -1.225000 22 0
-0.407000 1.464000 -1.232000 21 0
-0.415000 1.402000 -1.232000 19 0
-0.342000 1.586000 -1.220000 21 0
-0.356000 1.520000 -1.221000 20 0
-0.373000 1.468000 -1.228000 20 0
-0.385000 1.407000 -1.228000 23 0
-0.303000 1.589000 -1.220000 17 0
-0.321000 1.527000 -1.222000 20 0
-0.340000 1.472000 -1.225000 19 0
-0.356000 1.420000 -1.230000 21 0
-0.263000 1.581000 -1.213000 18 0
-0.285000 1.528000 -1.220000 17 0
-0.307000 1.476000 -1.223000 21 0
-0.325000 1.422000 -1.224000 21 0
-0.225000 1.583000 -1.214000 19 0
-0.249000 1.528000 -1.217000 21 0
-0.274000 1.479000 -1.220000 19 0
-0.295000 1.429000 -1.223000 23 0
-0.187000 1.581000 -1.213000 20 0
-0.214000 1.532000 -1.218000 23 0
-0.241000 1.483000 -1.219000 19 0
-0.266000 1.437000 -1.223000 19 0
-0.148000 1.579000 -1.212000 18 0
-0.178000 1.530000 -1.215000 19 0
-0.208000 1.485000 -1.217000 20 0
-0.235000 1.443000 -1.223000 20 0
-0.110000 1.573000 -1.209000 18 0
-0.143000 1.529000 -1.213000 18 0
-0.176000 1.491000 -1.218000 20 0
-0.204000 1.443000 -1.216000 21 0
-0.073000 1.573000 -1.212000 15 0
-0.108000 1.530000 -1.214000 16 0
-0.143000 1.488000 -1.213000 18 0
-0.174000 1.449000 -1.216000 21 0
-0.036000 1.570000 -1.212000 3 0
-0.073000 1.527000 -1.211000 15 0
-0.110000 1.492000 -1.214000 18 0
-0.144000 1.457000 -1.218000 20 0
0.000000 -0.000000 -0.000000 0 0
-0.038000 1.533000 -1.218000 4 0
-0.077000 1.492000 -1.212000 15 0
-0.112000 1.454000 -1.212000 18 0
0.000000 -0.000000 -0.000000 0 192
0.000000 -0.000000 -0.000000 0 0
-0.044000 1.491000 -1.211000 7 0
-0.082000 1.459000 -1.212000 17 0
0.000000 -0.000000 -0.000000 0 128
0.000000 -0.000000 -0.000000 0 192
0.000000 -0.000000 -0.000000 0 0
-0.051000 1.461000 -1.211000 11 0
0.000000 -0.000000 -0.000000 0 192
0.000000 -0.000000 -0.000000 0 128
0.000000 -0.000000 -0.000000 0 128
0.000000 -0.000000 -0.000000 0 0
0.000000 -0.000000 -0.000000 0 128
0.000000 -0.000000 -0.000000 0 128
0.000000 -0.000000 -0.000000 0 128
0.000000 -0.000000 -0.000000 0 128
0.000000 -0.000000 -0.000000 0 128
0.000000 -0.000000 -0.000000 0 128
0.000000 -0.000000 -0.000000 0 128
0.000000 -0.000000 -0.000000 0 128
0.202000 1.418000 -1.132000 10 0
0.000000 -0.000000 -0.000000 0 128
0.000000 -0.000000 -0.000000 0 128
0.000000 -0.000000 -0.000000 0 128
0.220000 1.324000 -1.064000 12 0
0.192000 1.431000 -1.159000 6 0
0.000000 -0.000000 -0.000000 0 128
0.000000 -0.000000 -0.000000 0 128
0.240000 1.258000 -1.019000 9 0
0.213000 1.356000 -1.105000 5 0
0.182000 1.468000 -1.200000 2 0
0.000000 -0.000000 -0.000000 0 192
0.000000 -0.000000 -0.000000 0 0
0.000000 -0.000000 -0.000000 0 0
0.202000 1.381000 -1.132000 2 0
0.000000 -0.000000 -0.000000 0 128
0.286000 1.193000 -0.983000 27 0
0.000000 -0.000000 -0.000000 0 0
0.223000 1.317000 -1.083000 0 0
0.018000 0.131000 -0.108000 0 0
0.323000 1.221000 -1.015000 2 0
0.033000 0.147000 -0.122000 0 16
0.000000 -0.000000 -0.000000 0 0
0.000000 -0.000000 -0.000000 0 0
0.352000 1.217000 -1.021000 26 0
0.000000 -0.000000 -0.000000 0 0
0.030000 0.142000 -0.118000 1 16
0.025000 0.141000 -0.116000 1 0
0.395000 1.255000 -1.064000 7 1
0.335000 1.215000 -1.022000 12 0
0.000000 -0.000000 -0.000000 0 0
0.000000 -0.000000 -0.000000 0 0
0.423000 1.243000 -1.066000 52 0
0.369000 1.230000 -1.043000 8 0
0.000000 -0.000000 -0.000000 0 0
0.031000 0.137000 -0.114000 1 0
0.458000 1.249000 -1.084000 36 0
0.402000 1.238000 -1.059000 50 0
0.347000 1.219000 -1.027000 23 0
0.298000 1.201000 -1.002000 10 0
0.498000 1.265000 -1.111000 32 0
0.437000 1.250000 -1.079000 48 0
0.384000 1.244000 -1.055000 9 0
0.333000 1.229000 -1.029000 1 64
0.536000 1.276000 -1.135000 30 0
0.473000 1.261000 -1.099000 30 0
0.414000 1.243000 -1.062000 53 0
0.362000 1.229000 -1.033000 27 0
0.576000 1.287000 -1.160000 30 0
0.511000 1.273000 -1.122000 30 0
0.451000 1.260000 -1.084000 9 0
0.395000 1.241000 -1.048000 40 0
0.619000 1.301000 -1.189000 31 0
0.547000 1.280000 -1.140000 25 0
0.484000 1.264000 -1.097000 32 0
0.428000 1.249000 -1.060000 54 0
0.647000 1.282000 -1.190000 15 0
0.587000 1.292000 -1.164000 30 0
0.521000 1.274000 -1.115000 31 0
0.462000 1.258000 -1.074000 35 0
0.674000 1.264000 -1.190000 13 0
0.623000 1.293000 -1.179000 29 0
0.559000 1.285000 -1.135000 30 0
0.497000 1.267000 -1.089000 31 0
0.700000 1.242000 -1.189000 12 0
0.658000 1.290000 -1.191000 14 0
0.598000 1.297000 -1.156000 34 0
0.534000 1.279000 -1.107000 31 0
0.723000 1.218000 -1.185000 13 0
0.685000 1.273000 -1.191000 13 0
0.635000 1.299000 -1.170000 32 0
0.572000 1.291000 -1.126000 32 0
0.748000 1.197000 -1.185000 13 0
0.713000 1.256000 -1.192000 13 0
0.671000 1.300000 -1.184000 20 0
0.609000 1.296000 -1.140000 36 0
0.775000 1.178000 -1.188000 14 0
0.740000 1.238000 -1.192000 13 0
0.703000 1.292000 -1.190000 14 0
0.649000 1.306000 -1.158000 32 0
0.800000 1.158000 -1.189000 13 0
0.762000 1.212000 -1.185000 13 0
0.731000 1.274000 -1.188000 13 0
0.687000 1.310000 -1.173000 30 0
0.821000 1.132000 -1.186000 12 0
0.788000 1.194000 -1.186000 13 0
0.759000 1.258000 -1.188000 13 0
0.724000 1.310000 -1.185000 17 0
0.845000 1.112000 -1.188000 13 0
0.813000 1.173000 -1.185000 13 0
0.785000 1.239000 -1.186000 13 0
0.755000 1.297000 -1.185000 14 0
0.869000 1.091000 -1.190000 13 0
0.836000 1.151000 -1.183000 13 0
0.812000 1.220000 -1.185000 13 0
0.783000 1.279000 -1.183000 14 0
0.888000 1.064000 -1.186000 8 0
0.861000 1.131000 -1.184000 14 0
0.838000 1.201000 -1.184000 14 0
0.811000 1.263000 -1.181000 13 0
0.220000 1.324000 -1.064000 12 0
0.192000 1.431000 -1.159000 6 0
0.000000 -0.000000 -0.000000 0 128
0.000000 -0.000000 -0.000000 0 128
0.240000 1.258000 -1.019000 9 0
0.213000 1.356000 -1.105000 5 0
0.182000 1.468000 -1.200000 2 0
0.000000 -0.000000 -0.000000 0 192
0.000000 -0.000000 -0.000000 0 0
0.000000 -0.000000 -0.000000 0 0
0.202000 1.381000 -1.132000 2 0
0.000000 -0.000000 -0.000000 0 128
0.286000 1.193000 -0.983000 27 0
0.000000 -0.000000 -0.000000 0 0
0.223000 1.317000 -1.083000 0 0
0.018000 0.131000 -0.108000 0 0
0.323000 1.221000 -1.015000 2 0
0.033000 0.147000 -0.122000 0 16
0.000000 -0.000000 -0.000000 0 0
0.000000 -0.000000 -0.000000 0 0
0.352000 1.217000 -1.021000 26 0
0.000000 -0.000000 -0.000000 0 0
0.030000 0.142000 -0.118000 1 16
0.025000 0.141000 -0.116000 1 0
0.395000 1.255000 -1.064000 7 1
0.335000 1.215000 -1.022000 12 0
0.000000 -0.000000 -0.000000 0 0
0.000000 -0.000000 -0.000000 0 0
0.423000 1.243000 -1.066000 52 0
0.369000 1.230000 -1.043000 8 0
0.000000 -0.000000 -0.000000 0 0
0.031000 0.137000 -0.114000 1 0
0.458000 1.249000 -1.084000 36 0
0.402000 1.238000 -1.059000 50 0
0.347000 1.219000 -1.027000 23 0
0.298000 1.201000 -1.002000 10 0
0.498000 1.265000 -1.111000 32 0
0.437000 1.250000 -1.079000 48 0
0.384000 1.244000 -1.055000 9 0
0.333000 1.229000 -1.029000 1 64
0.536000 1.276000 -1.135000 30 0
0.473000 1.261000 -1.099000 30 0
0.414000 1.243000 -1.062000 53 0
0.362000 1.229000 -1.033000 27 0
0.576000 1.287000 -1.160000 30 0
0.511000 1.273000 -1.122000 30 0
0.451000 1.260000 -1.084000 9 0
0.395000 1.241000 -1.048000 40 0
0.619000 1.301000 -1.189000 31 0
0.547000 1.280000 -1.140000 25 0
0.484000 1.264000 -1.097000 32 0
0.428000 1.249000 -1.060000 54 0
0.647000 1.282000 -1.190000 15 0
0.587000 1.292000 -1.164000 30 0
0.521000 1.274000 -1.115000 31 0
0.462000 1.258000 -1.074000 35 0
0.674000 1.264000 -1.190000 13 0
0.623000 1.293000 -1.179000 29 0
0.559000 1.285000 -1.135000 30 0
0.497000 1.267000 -1.089000 31 0
0.700000 1.242000 -1.189000 12 0
0.658000 1.290000 -1.191000 14 0
0.598000 1.297000 -1.156000 34 0
0.534000 1.279000 -1.107000 31 0
0.723000 1.218000 -1.185000 13 0
0.685000 1.273000 -1.191000 13 0
0.635000 1.299000 -1.170000 32 0
0.572000 1.291000 -1.126000 32 0
0.748000 1.197000 -1.185000 13 0
0.713000 1.256000 -1.192000 13 0
0.671000 1.300000 -1.184000 20 0
0.609000 1.296000 -1.140000 36 0
0.775000 1.178000 -1.188000 14 0
0.740000 1.238000 -1.192000 13 0
0.703000 1.292000 -1.190000 14 0
0.649000 1.306000 -1.158000 32 0
0.800000 1.158000 -1.189000 13 0
0.762000 1.212000 -1.185000 13 0
0.731000 1.274000 -1.188000 13 0
0.687000 1.310000 -1.173000 30 0
0.821000 1.132000 -1.186000 12 0
0.788000 1.194000 -1.186000 13 0
0.759000 1.258000 -1.188000 13 0
0.724000 1.310000 -1.185000 17 0
0.845000 1.112000 -1.188000 13 0
0.813000 1.173000 -1.185000 13 0
0.785000 1.239000 -1.186000 13 0
0.755000 1.297000 -1.185000 14 0
0.869000 1.091000 -1.190000 13 0
0.836000 1.151000 -1.183000 13 0
0.812000 1.220000 -1.185000 13 0
0.783000 1.279000 -1.183000 14 0
0.888000 1.064000 -1.186000 8 0
0.861000 1.131000 -1.184000 14 0
0.838000 1.201000 -1.184000 14 0
0.811000 1.263000 -1.181000 13 0
0.898000 1.029000 -1.173000 2 0
0.883000 1.108000 -1.181000 12 0
0.860000 1.176000 -1.177000 13 0
0.841000 1.247000 -1.181000 14 0
0.000000 -0.000000 -0.000000 0 0
0.910000 1.091000 -1.186000 9 0
0.886000 1.157000 -1.177000 13 0
0.868000 1.227000 -1.179000 14 0
0.000000 -0.000000 -0.000000 0 192
0.916000 1.049000 -1.164000 2 0
0.916000 1.142000 -1.182000 12 0
0.896000 1.210000 -1.179000 14 0
0.000000 -0.000000 -0.000000 0 128
0.000000 -0.000000 -0.000000 0 0
0.939000 1.119000 -1.179000 7 0
0.926000 1.193000 -1.181000 13 0
0.000000 -0.000000 -0.000000 0 128
0.000000 -0.000000 -0.000000 0 192
0.952000 1.084000 -1.165000 2 0
0.954000 1.175000 -1.180000 10 0
0.000000 -0.000000 -0.000000 0 128
0.000000 -0.000000 -0.000000 0 128
0.000000 -0.000000 -0.000000 0 0
0.980000 1.153000 -1.178000 4 0
0.000000 -0.000000 -0.000000 0 192
0.000000 -0.000000 -0.000000 0 128
0.000000 -0.000000 -0.000000 0 192
0.000000 -0.000000 -0.000000 0 0
0.000000 -0.000000 -0.000000 0 128
0.000000 -0.000000 -0.000000 0 128
0.000000 -0.000000 -0.000000 0 128
0.000000 -0.000000 -0.000000 0 192
0.000000 -0.000000 -0.000000 0 128
0.000000 -0.000000 -0.000000 0 128
0.000000 -0.000000 -0.000000 0 128
0.000000 -0.000000 -0.000000 0 128
0.000000 -0.000000 -0.000000 0 128
0.000000 -0.000000 -0.000000 0 128
0.000000 -0.000000 -0.000000 0 128
0.000000 -0.000000 -0.000000 0 128
0.000000 -0.000000 -0.000000 0 128
0.000000 -0.000000 -0.000000 0 128
0.000000 -0.000000 -0.000000 0 128
0.000000 -0.000000 -0.000000 0 128
0.000000 -0.000000 -0.000000 0 128
0.000000 -0.000000 -0.000000 0 128
0.000000 -0.000000 -0.000000 0 128
0.000000 -0.000000 -0.000000 0 128
0.000000 -0.000000 -0.000000 0 128
0.000000 -0.000000 -0.000000 0 128
0.000000 -0.000000 -0.000000 0 128
0.000000 -0.000000 -0.000000 0 128
0.000000 -0.000000 -0.000000 0 128
0.000000 -0.000000 -0.000000 0 128
0.000000 -0.000000 -0.000000 0 128
0.000000 -0.000000 -0.000000 0 128
0.000000 -0.000000 -0.000000 0 128
0.000000 -0.000000 -0.000000 0 128
0.000000 -0.000000 -0.000000 0 128
0.000000 -0.000000 -0.000000 0 128
0.000000 -0.000000 -0.000000 0 128
0.000000 -0.000000 -0.000000 0 128
0.000000 -0.000000 -0.000000 0 128
0.000000 -0.000000 -0.000000 0 128
0.000000 -0.000000 -0.000000 0 128
0.000000 -0.000000 -0.000000 0 128
0.000000 -0.000000 -0.000000 0 128
0.000000 -0.000000 -0.000000 0 128
0.000000 -0.000000 -0.000000 0 128
0.000000 -0.000000 -0.000000 0 128
0.000000 -0.000000 -0.000000 0 128
0.000000 -0.000000 -0.000000 0 128
0.000000 -0.000000 -0.000000 0 128
0.000000 -0.000000 -0.000000 0 128
0.000000 -0.000000 -0.000000 0 128
0.000000 -0.000000 -0.000000 0 128
0.000000 -0.000000 -0.000000 0 128
0.000000 -0.000000 -0.000000 0 128
0.000000 -0.000000 -0.000000 0 128
0.000000 -0.000000 -0.000000 0 128
0.000000 -0.000000 -0.000000 0 192
0.000000 -0.000000 -0.000000 0 192
0.000000 -0.000000 -0.000000 0 192
0.000000 -0.000000 -0.000000 0 128
0.000000 -0.000000 -0.000000 0 128
0.000000 -0.000000 -0.000000 0 128
0.000000 -0.000000 -0.000000 0 128
0.000000 -0.000000 -0.000000 0 192
0.000000 -0.000000 -0.000000 0 192
0.000000 -0.000000 -0.000000 0 192
0.000000 -0.000000 -0.000000 0 128
0.000000 -0.000000 -0.000000 0 128
0.000000 -0.000000 -0.000000 0 128
0.000000 -0.000000 -0.000000 0 128
0.000000 -0.000000 -0.000000 0 128
0.000000 -0.000000 -0.000000 0 128
0.898000 1.029000 -1.173000 2 0
0.883000 1.108000 -1.181000 12 0
0.860000 1.176000 -1.177000 13 0
0.841000 1.247000 -1.181000 14 0
0.000000 -0.000000 -0.000000 0 0
0.910000 1.091000 -1.186000 9 0
0.886000 1.157000 -1.177000 13 0
0.868000 1.227000 -1.179000 14 0
0.000000 -0.000000 -0.000000 0 192
0.916000 1.049000 -1.164000 2 0
0.916000 1.142000 -1.182000 12 0
0.896000 1.210000 -1.179000 14 0
0.000000 -0.000000 -0.000000 0 128
0.000000 -0.000000 -0.000000 0 0
0.939000 1.119000 -1.179000 7 0
0.926000 1.193000 -1.181000 13 0
0.000000 -0.000000 -0.000000 0 128
0.000000 -0.000000 -0.000000 0 192
0.952000 1.084000 -1.165000 2 0
0.954000 1.175000 -1.180000 10 0
0.000000 -0.000000 -0.000000 0 128
0.000000 -0.000000 -0.000000 0 128
0.000000 -0.000000 -0.000000 0 0
0.980000 1.153000 -1.178000 4 0
0.000000 -0.000000 -0.000000 0 192
0.000000 -0.000000 -0.000000 0 128
0.000000 -0.000000 -0.000000 0 192
0.000000 -0.000000 -0.000000 0 0
0.000000 -0.000000 -0.000000 0 128
0.000000 -0.000000 -0.000000 0 128
0.000000 -0.000000 -0.000000 0 128
0.000000 -0.000000 -0.000000 0 192
0.000000 -0.000000 -0.000000 0 128
0.000000 -0.000000 -0.000000 0 128
0.000000 -0.000000 -0.000000 0 128
0.000000 -0.000000 -0.000000 0 128
0.000000 -0.000000 -0.000000 0 128
0.000000 -0.000000 -0.000000 0 128
0.000000 -0.000000 -0.000000 0 128
0.000000 -0.000000 -0.000000 0 128
0.000000 -0.000000 -0.000000 0 128
0.000000 -0.000000 -0.000000 0 128
0.000000 -0.000000 -0.000000 0 128
0.000000 -0.000000 -0.000000 0 128
0.000000 -0.000000 -0.000000 0 128
0.000000 -0.000000 -0.000000 0 128
0.000000 -0.000000 -0.000000 0 128
0.000000 -0.000000 -0.000000 0 128
0.000000 -0.000000 -0.000000 0 128
0.000000 -0.000000 -0.000000 0 128
0.000000 -0.000000 -0.000000 0 128
0.000000 -0.000000 -0.000000 0 128
0.000000 -0.000000 -0.000000 0 128
0.000000 -0.000000 -0.000000 0 128
0.000000 -0.000000 -0.000000 0 128
0.000000 -0.000000 -0.000000 0 128
0.000000 -0.000000 -0.000000 0 128
0.000000 -0.000000 -0.000000 0 128
0.000000 -0.000000 -0.000000 0 128
0.000000 -0.000000 -0.000000 0 128
0.000000 -0.000000 -0.000000 0 128
0.000000 -0.000000 -0.000000 0 128
0.000000 -0.000000 -0.000000 0 128
0.000000 -0.000000 -0.000000 0 128
0.000000 -0.000000 -0.000000 0 128
0.000000 -0.000000 -0.000000 0 128
0.000000 -0.000000 -0.000000 0 128
0.000000 -0.000000 -0.000000 0 128
0.000000 -0.000000 -0.000000 0 128
0.000000 -0.000000 -0.000000 0 128
0.000000 -0.000000 -0.000000 0 128
0.000000 -0.000000 -0.000000 0 128
0.000000 -0.000000 -0.000000 0 128
0.000000 -0.000000 -0.000000 0 128
0.000000 -0.000000 -0.000000 0 128
0.000000 -0.000000 -0.000000 0 128
0.000000 -0.000000 -0.000000 0 128
0.000000 -0.000000 -0.000000 0 128
0.000000 -0.000000 -0.000000 0 128
0.000000 -0.000000 -0.000000 0 128
0.000000 -0.000000 -0.000000 0 192
0.000000 -0.000000 -0.000000 0 192
0.000000 -0.000000 -0.000000 0 192
0.000000 -0.000000 -0.000000 0 128
0.000000 -0.000000 -0.000000 0 128
0.000000 -0.000000 -0.000000 0 128
0.000000 -0.000000 -0.000000 0 128
0.000000 -0.000000 -0.000000 0 192
0.000000 -0.000000 -0.000000 0 192
0.000000 -0.000000 -0.000000 0 192
0.000000 -0.000000 -0.000000 0 128
0.000000 -0.000000 -0.000000 0 128
0.000000 -0.000000 -0.000000 0 128
0.000000 -0.000000 -0.000000 0 128
0.000000 -0.000000 -0.000000 0 128
0.000000 -0.000000 -0.000000 0 128
0.000000 -0.000000 -0.000000 0 128
0.000000 -0.000000 -0.000000 0 128
0.000000 -0.000000 -0.000000 0 128
0.000000 -0.000000 -0.000000 0 128
0.000000 -0.000000 -0.000000 0 128
0.000000 -0.000000 -0.000000 0 128
0.000000 -0.000000 -0.000000 0 128
0.000000 -0.000000 -0.000000 0 128
0.000000 -0.000000 -0.000000 0 128
0.000000 -0.000000 -0.000000 0 0
0.000000 -0.000000 -0.000000 0 0
0.000000 -0.000000 -0.000000 0 128
0.000000 -0.000000 -0.000000 0 128
0.000000 -0.000000 -0.000000 0 0
0.000000 -0.000000 -0.000000 0 0
0.000000 -0.000000 -0.000000 0 128
0.000000 -0.000000 -0.000000 0 128
0.000000 -0.000000 -0.000000 0 128
0.000000 -0.000000 -0.000000 0 0
0.000000 -0.000000 -0.000000 0 128
0.000000 -0.000000 -0.000000 0 128
0.000000 -0.000000 -0.000000 0 128
0.000000 -0.000000 -0.000000 0 0
0.000000 -0.000000 -0.000000 0 128
0.000000 -0.000000 -0.000000 0 128
0.000000 -0.000000 -0.000000 0 0
0.000000 -0.000000 -0.000000 0 0
0.000000 -0.000000 -0.000000 0 128
0.000000 -0.000000 -0.000000 0 128
0.000000 -0.000000 -0.000000 0 0
0.000000 -0.000000 -0.000000 0 0
0.000000 -0.000000 -0.000000 0 0
0.000000 -0.000000 -0.000000 0 128
0.000000 -0.000000 -0.000000 0 0
0.000000 -0.000000 -0.000000 0 0
0.000000 -0.000000 -0.000000 0 128
0.000000 -0.000000 -0.000000 0 128
0.000000 -0.000000 -0.000000 0 0
0.000000 -0.000000 -0.000000 0 0
0.000000 -0.000000 -0.000000 0 0
0.000000 -0.000000 -0.000000 0 128
0.000000 -0.000000 -0.000000 0 0
0.000000 -0.000000 -0.000000 0 0
0.000000 -0.000000 -0.000000 0 128
0.000000 -0.000000 -0.000000 0 128
0.000000 -0.000000 -0.000000 0 0
0.000000 -0.000000 -0.000000 0 0
0.000000 -0.000000 -0.000000 0 0
0.000000 -0.000000 -0.000000 0 128
0.000000 -0.000000 -0.000000 0 0
0.000000 -0.000000 -0.000000 0 0
0.000000 -0.000000 -0.000000 0 128
0.000000 -0.000000 -0.000000 0 128
0.000000 -0.000000 -0.000000 0 0
0.000000 -0.000000 -0.000000 0 0
0.000000 -0.000000 -0.000000 0 0
0.000000 -0.000000 -0.000000 0 128
0.000000 -0.000000 -0.000000 0 0
0.000000 -0.000000 -0.000000 0 0
0.000000 -0.000000 -0.000000 0 128
0.000000 -0.000000 -0.000000 0 128
0.000000 -0.000000 -0.000000 0 0
0.000000 -0.000000 -0.000000 0 0
0.000000 -0.000000 -0.000000 0 128
0.000000 -0.000000 -0.000000 0 128
0.000000 -0.000000 -0.000000 0 128
0.000000 -0.000000 -0.000000 0 0
0.000000 -0.000000 -0.000000 0 128
0.000000 -0.000000 -0.000000 0 128
0.000000 -0.000000 -0.000000 0 128
0.000000 -0.000000 -0.000000 0 0
0.000000 -0.000000 -0.000000 0 0
0.000000 -0.000000 -0.000000 0 128
0.000000 -0.000000 -0.000000 0 128
0.000000 -0.000000 -0.000000 0 0
0.000000 -0.000000 -0.000000 0 128
0.000000 -0.000000 -0.000000 0 128
0.000000 -0.000000 -0.000000 0 128
0.000000 -0.000000 -0.000000 0 0
0.000000 -0.000000 -0.000000 0 0
0.000000 -0.000000 -0.000000 0 128
0.000000 -0.000000 -0.000000 0 128
0.000000 -0.000000 -0.000000 0 0
0.000000 -0.000000 -0.000000 0 128
0.000000 -0.000000 -0.000000 0 128
0.000000 -0.000000 -0.000000 0 128
0.000000 -0.000000 -0.000000 0 0
0.000000 -0.000000 -0.000000 0 128
0.000000 -0.000000 -0.000000 0 128
0.000000 -0.000000 -0.000000 0 0
0.000000 -0.000000 -0.000000 0 0
0.000000 -0.000000 -0.000000 0 128
0.000000 -0.000000 -0.000000 0 128
0.000000 -0.000000 -0.000000 0 0
0.000000 -0.000000 -0.000000 0 0
0.000000 -0.000000 -0.000000 0 128
0.000000 -0.000000 -0.000000 0 128
0.000000 -0.000000 -0.000000 0 128
0.000000 -0.000000 -0.000000 0 128
0.000000 -0.000000 -0.000000 0 128
0.000000 -0.000000 -0.000000 0 128
0.000000 -0.000000 -0.000000 0 128
0.000000 -0.000000 -0.000000 0 128
0.000000 -0.000000 -0.000000 0 128
0.000000 -0.000000 -0.000000 0 128
0.000000 -0.000000 -0.000000 0 0
0.000000 -0.000000 -0.000000 0 0
0.000000 -0.000000 -0.000000 0 128
0.000000 -0.000000 -0.000000 0 128
0.000000 -0.000000 -0.000000 0 0
0.000000 -0.000000 -0.000000 0 0
0.000000 -0.000000 -0.000000 0 128
0.000000 -0.000000 -0.000000 0 128
0.000000 -0.000000 -0.000000 0 128
0.000000 -0.000000 -0.000000 0 0
0.000000 -0.000000 -0.000000 0 128
0.000000 -0.000000 -0.000000 0 128
0.000000 -0.000000 -0.000000 0 128
0.000000 -0.000000 -0.000000 0 0
0.000000 -0.000000 -0.000000 0 128
0.000000 -0.000000 -0.000000 0 128
0.000000 -0.000000 -0.000000 0 0
0.000000 -0.000000 -0.000000 0 0
0.000000 -0.000000 -0.000000 0 128
0.000000 -0.000000 -0.000000 0 128
0.000000 -0.000000 -0.000000 0 0
0.000000 -0.000000 -0.000000 0 0
0.000000 -0.000000 -0.000000 0 0
0.000000 -0.000000 -0.000000 0 128
0.000000 -0.000000 -0.000000 0 0
0.000000 -0.000000 -0.000000 0 0
0.000000 -0.000000 -0.000000 0 128
0.000000 -0.000000 -0.000000 0 128
0.000000 -0.000000 -0.000000 0 0
0.000000 -0.000000 -0.000000 0 0
0.000000 -0.000000 -0.000000 0 0
0.000000 -0.000000 -0.000000 0 128
0.000000 -0.000000 -0.000000 0 0
0.000000 -0.000000 -0.000000 0 0
0.000000 -0.000000 -0.000000 0 128
0.000000 -0.000000 -0.000000 0 128
0.000000 -0.000000 -0.000000 0 0
0.000000 -0.000000 -0.000000 0 0
0.000000 -0.000000 -0.000000 0 0
0.000000 -0.000000 -0.000000 0 128
0.000000 -0.000000 -0.000000 0 0
0.000000 -0.000000 -0.000000 0 0
0.000000 -0.000000 -0.000000 0 128
0.000000 -0.000000 -0.000000 0 128
0.000000 -0.000000 -0.000000 0 0
0.000000 -0.000000 -0.000000 0 0
0.000000 -0.000000 -0.000000 0 0
0.000000 -0.000000 -0.000000 0 128
0.000000 -0.000000 -0.000000 0 0
0.000000 -0.000000 -0.000000 0 0
0.000000 -0.000000 -0.000000 0 128
0.000000 -0.000000 -0.000000 0 128
0.000000 -0.000000 -0.000000 0 0
0.000000 -0.000000 -0.000000 0 0
0.000000 -0.000000 -0.000000 0 128
0.000000 -0.000000 -0.000000 0 128
0.000000 -0.000000 -0.000000 0 128
0.000000 -0.000000 -0.000000 0 0
0.000000 -0.000000 -0.000000 0 128
0.000000 -0.000000 -0.000000 0 128
0.000000 -0.000000 -0.000000 0 128
0.000000 -0.000000 -0.000000 0 0
0.000000 -0.000000 -0.000000 0 0
0.000000 -0.000000 -0.000000 0 128
0.000000 -0.000000 -0.000000 0 128
0.000000 -0.000000 -0.000000 0 0
0.000000 -0.000000 -0.000000 0 128
0.000000 -0.000000 -0.000000 0 128
0.000000 -0.000000 -0.000000 0 128
0.000000 -0.000000 -0.000000 0 0
0.000000 -0.000000 -0.000000 0 0
0.000000 -0.000000 -0.000000 0 128
0.000000 -0.000000 -0.000000 0 128
0.000000 -0.000000 -0.000000 0 0
0.000000 -0.000000 -0.000000 0 128
0.000000 -0.000000 -0.000000 0 128
0.000000 -0.000000 -0.000000 0 128
0.000000 -0.000000 -0.000000 0 0
0.000000 -0.000000 -0.000000 0 128
0.000000 -0.000000 -0.000000 0 128
0.000000 -0.000000 -0.000000 0 0
0.000000 -0.000000 -0.000000 0 0
0.000000 -0.000000 -0.000000 0 128
0.000000 -0.000000 -0.000000 0 128
0.000000 -0.000000 -0.000000 0 0
0.000000 -0.000000 -0.000000 0 0
0.000000 -0.000000 -0.000000 0 128
0.000000 -0.000000 -0.000000 0 128
0.000000 -0.000000 -0.000000 0 0
0.000000 -0.000000 -0.000000 0 0
0.000000 -0.000000 -0.000000 0 128
0.000000 -0.000000 -0.000000 0 128
0.000000 -0.000000 -0.000000 0 0
0.000000 -0.000000 -0.000000 0 0
0.000000 -0.000000 -0.000000 0 128
0.000000 -0.000000 -0.000000 0 128
0.000000 -0.000000 -0.000000 0 0
0.000000 -0.000000 -0.000000 0 0
0.000000 -0.000000 -0.000000 0 128
0.000000 -0.000000 -0.000000 0 128
0.000000 -0.000000 -0.000000 0 0
0.000000 -0.000000 -0.000000 0 0
0.000000 -0.000000 -0.000000 0 128
0.000000 -0.000000 -0.000000 0 128
0.000000 -0.000000 -0.000000 0 0
0.000000 -0.000000 -0.000000 0 0
0.000000 -0.000000 -0.000000 0 128
0.000000 -0.000000 -0.000000 0 128
0.000000 -0.000000 -0.000000 0 0
0.000000 -0.000000 -0.000000 0 0
0.000000 -0.000000 -0.000000 0 128
0.000000 -0.000000 -0.000000 0 192
0.000000 -0.000000 -0.000000 0 128
0.000000 -0.000000 -0.000000 0 0
0.000000 -0.000000 -0.000000 0 128
0.000000 -0.000000 -0.000000 0 128
0.000000 -0.000000 -0.000000 0 128
0.000000 -0.000000 -0.000000 0 0
0.000000 -0.000000 -0.000000 0 128
0.000000 -0.000000 -0.000000 0 128
0.000000 -0.000000 -0.000000 0 128
0.000000 -0.000000 -0.000000 0 0
0.000000 -0.000000 -0.000000 0 0
0.000000 -0.000000 -0.000000 0 128
0.000000 -0.000000 -0.000000 0 128
0.000000 -0.000000 -0.000000 0 0
0.000000 -0.000000 -0.000000 0 128
0.000000 -0.000000 -0.000000 0 128
0.000000 -0.000000 -0.000000 0 192
0.000000 -0.000000 -0.000000 0 128
0.000000 -0.000000 -0.000000 0 0
0.000000 -0.000000 -0.000000 0 128
0.000000 -0.000000 -0.000000 0 128
0.000000 -0.000000 -0.000000 0 128
0.000000 -0.000000 -0.000000 0 0
0.000000 -0.000000 -0.000000 0 128
0.000000 -0.000000 -0.000000 0 128
0.000000 -0.000000 -0.000000 0 128
0.000000 -0.000000 -0.000000 0 128
0.000000 -0.000000 -0.000000 0 128
0.000000 -0.000000 -0.000000 0 128
0.000000 -0.000000 -0.000000 0 128
0.000000 -0.000000 -0.000000 0 128
0.000000 -0.000000 -0.000000 0 128
0.000000 -0.000000 -0.000000 0 128
0.000000 -0.000000 -0.000000 0 128
0.000000 -0.000000 -0.000000 0 128
0.000000 -0.000000 -0.000000 0 128
0.000000 -0.000000 -0.000000 0 128
0.000000 -0.000000 -0.000000 0 128
0.000000 -0.000000 -0.000000 0 128
0.000000 -0.000000 -0.000000 0 128
0.000000 -0.000000 -0.000000 0 128
0.000000 -0.000000 -0.000000 0 128
0.000000 -0.000000 -0.000000 0 128
0.000000 -0.000000 -0.000000 0 128
0.000000 -0.000000 -0.000000 0 128
0.000000 -0.000000 -0.000000 0 128
0.000000 -0.000000 -0.000000 0 128
0.000000 -0.000000 -0.000000 0 128
0.000000 -0.000000 -0.000000 0 128
0.000000 -0.000000 -0.000000 0 128
0.000000 -0.000000 -0.000000 0 128
0.000000 -0.000000 -0.000000 0 128
0.000000 -0.000000 -0.000000 0 128
0.000000 -0.000000 -0.000000 0 128
0.000000 -0.000000 -0.000000 0 128
0.000000 -0.000000 -0.000000 0 128
0.000000 -0.000000 -0.000000 0 128
0.000000 -0.000000 -0.000000 0 128
0.000000 -0.000000 -0.000000 0 128
0.000000 -0.000000 -0.000000 0 128
0.000000 -0.000000 -0.000000 0 128
0.000000 -0.000000 -0.000000 0 128
0.000000 -0.000000 -0.000000 0 128
0.000000 -0.000000 -0.000000 0 192
0.000000 -0.000000 -0.000000 0 128
0.000000 -0.000000 -0.000000 0 128
0.000000 -0.000000 -0.000000 0 128
0.000000 -0.000000 -0.000000 0 128
0.000000 -0.000000 -0.000000 0 128
0.000000 -0.000000 -0.000000 0 128
0.000000 -0.000000 -0.000000 0 128
0.000000 -0.000000 -0.000000 0 128
0.000000 -0.000000 -0.000000 0 0
0.000000 -0.000000 -0.000000 0 0
0.000000 -0.000000 -0.000000 0 128
0.000000 -0.000000 -0.000000 0 128
0.000000 -0.000000 -0.000000 0 0
0.000000 -0.000000 -0.000000 0 0
0.000000 -0.000000 -0.000000 0 128
0.000000 -0.000000 -0.000000 0 128
0.000000 -0.000000 -0.000000 0 0
0.000000 -0.000000 -0.000000 0 0
0.000000 -0.000000 -0.000000 0 128
0.000000 -0.000000 -0.000000 0 128
0.000000 -0.000000 -0.000000 0 0
0.000000 -0.000000 -0.000000 0 0
0.000000 -0.000000 -0.000000 0 128
0.000000 -0.000000 -0.000000 0 128
0.000000 -0.000000 -0.000000 0 0
0.000000 -0.000000 -0.000000 0 0
0.000000 -0.000000 -0.000000 0 128
0.000000 -0.000000 -0.000000 0 128
0.000000 -0.000000 -0.000000 0 0
0.000000 -0.000000 -0.000000 0 0
0.000000 -0.000000 -0.000000 0 128
0.000000 -0.000000 -0.000000 0 192
0.000000 -0.000000 -0.000000 0 128
0.000000 -0.000000 -0.000000 0 0
0.000000 -0.000000 -0.000000 0 128
0.000000 -0.000000 -0.000000 0 128
0.000000 -0.000000 -0.000000 0 128
0.000000 -0.000000 -0.000000 0 0
0.000000 -0.000000 -0.000000 0 128
0.000000 -0.000000 -0.000000 0 128
0.000000 -0.000000 -0.000000 0 128
0.000000 -0.000000 -0.000000 0 0
0.000000 -0.000000 -0.000000 0 0
0.000000 -0.000000 -0.000000 0 128
0.000000 -0.000000 -0.000000 0 128
0.000000 -0.000000 -0.000000 0 0
0.000000 -0.000000 -0.000000 0 128
0.000000 -0.000000 -0.000000 0 128
0.000000 -0.000000 -0.000000 0 192
0.000000 -0.000000 -0.000000 0 128
0.000000 -0.000000 -0.000000 0 0
0.000000 -0.000000 -0.000000 0 128
0.000000 -0.000000 -0.000000 0 128
0.000000 -0.000000 -0.000000 0 128
0.000000 -0.000000 -0.000000 0 0
0.000000 -0.000000 -0.000000 0 128
0.000000 -0.000000 -0.000000 0 128
0.000000 -0.000000 -0.000000 0 128
0.000000 -0.000000 -0.000000 0 128
0.000000 -0.000000 -0.000000 0 128
0.000000 -0.000000 -0.000000 0 128
0.000000 -0.000000 -0.000000 0 128
0.000000 -0.000000 -0.000000 0 128
0.000000 -0.000000 -0.000000 0 128
0.000000 -0.000000 -0.000000 0 128
0.000000 -0.000000 -0.000000 0 128
0.000000 -0.000000 -0.000000 0 128
0.000000 -0.000000 -0.000000 0 128
0.000000 -0.000000 -0.000000 0 128
0.000000 -0.000000 -0.000000 0 128
0.000000 -0.000000 -0.000000 0 128
0.000000 -0.000000 -0.000000 0 128
0.000000 -0.000000 -0.000000 0 128
0.000000 -0.000000 -0.000000 0 128
0.000000 -0.000000 -0.000000 0 128
0.000000 -0.000000 -0.000000 0 128
0.000000 -0.000000 -0.000000 0 128
0.000000 -0.000000 -0.000000 0 128
0.000000 -0.000000 -0.000000 0 128
0.000000 -0.000000 -0.000000 0 128
0.000000 -0.000000 -0.000000 0 128
0.000000 -0.000000 -0.000000 0 128
0.000000 -0.000000 -0.000000 0 128
0.000000 -0.000000 -0.000000 0 128
0.000000 -0.000000 -0.000000 0 128
0.000000 -0.000000 -0.000000 0 128
0.000000 -0.000000 -0.000000 0 128
0.000000 -0.000000 -0.000000 0 128
0.000000 -0.000000 -0.000000 0 128
0.000000 -0.000000 -0.000000 0 128
0.000000 -0.000000 -0.000000 0 128
0.000000 -0.000000 -0.000000 0 128
0.000000 -0.000000 -0.000000 0 128
0.000000 -0.000000 -0.000000 0 128
0.000000 -0.000000 -0.000000 0 128
0.000000 -0.000000 -0.000000 0 192
0.000000 -0.000000 -0.000000 0 128
0.000000 -0.000000 -0.000000 0 128
0.000000 -0.000000 -0.000000 0 128
0.000000 -0.000000 -0.000000 0 128
0.000000 -0.000000 -0.000000 0 128
0.000000 -0.000000 -0.000000 0 128
0.000000 -0.000000 -0.000000 0 128
0.000000 -0.000000 -0.000000 0 128
0.000000 -0.000000 -0.000000 0 128
0.000000 -0.000000 -0.000000 0 128
0.000000 -0.000000 -0.000000 0 128
0.000000 -0.000000 -0.000000 0 128
0.000000 -0.000000 -0.000000 0 128
0.000000 -0.000000 -0.000000 0 128
0.000000 -0.000000 -0.000000 0 128
0.000000 -0.000000 -0.000000 0 128
0.000000 -0.000000 -0.000000 0 128
0.000000 -0.000000 -0.000000 0 0
0.000000 -0.000000 -0.000000 0 128
0.000000 -0.000000 -0.000000 0 128
0.000000 -0.000000 -0.000000 0 128
0.000000 -0.000000 -0.000000 0 0
0.000000 -0.000000 -0.000000 0 128
0.000000 -0.000000 -0.000000 0 192
0.000000 -0.000000 -0.000000 0 192
0.000000 -0.000000 -0.000000 0 192
0.000000 -0.000000 -0.000000 0 192
0.000000 -0.000000 -0.000000 0 192
0.000000 -0.000000 -0.000000 0 192
0.000000 -0.000000 -0.000000 0 128
0.000000 -0.000000 -0.000000 0 128
0.000000 -0.000000 -0.000000 0 192
0.000000 -0.000000 -0.000000 0 192
0.000000 -0.000000 -0.000000 0 192
0.000000 -0.000000 -0.000000 0 128
0.856000 -0.926000 -1.195000 0 0
0.921000 -1.011000 -1.210000 4 0
0.942000 -1.056000 -1.174000 6 0
0.999000 -1.143000 -1.182000 14 0
0.848000 -0.955000 -1.210000 6 0
0.899000 -1.031000 -1.210000 10 0
0.847000 -0.994000 -1.084000 19 0
0.981000 -1.177000 -1.195000 25 0
0.835000 -0.981000 -1.219000 11 0
0.880000 -1.055000 -1.216000 13 0
0.842000 -1.035000 -1.109000 34 0
0.962000 -1.211000 -1.209000 15 0
0.816000 -1.000000 -1.220000 14 0
0.791000 -0.991000 -1.122000 28 2
0.893000 -1.151000 -1.213000 13 0
0.934000 -1.236000 -1.214000 16 0
0.769000 -0.983000 -1.178000 5 1
0.765000 -1.003000 -1.116000 26 0
0.869000 -1.174000 -1.217000 14 0
0.891000 -1.239000 -1.199000 5 0
0.733000 -0.977000 -1.152000 17 0
0.813000 -1.115000 -1.221000 14 2
0.841000 -1.192000 -1.218000 14 0
0.869000 -1.271000 -1.213000 13 0
0.754000 -1.051000 -1.219000 15 0
0.785000 -1.128000 -1.217000 13 0
0.811000 -1.207000 -1.216000 13 0
0.840000 -1.294000 -1.218000 14 0
0.736000 -1.072000 -1.223000 15 0
0.763000 -1.148000 -1.221000 13 0
0.786000 -1.229000 -1.222000 14 0
0.807000 -1.310000 -1.218000 14 0
0.716000 -1.090000 -1.226000 15 0
0.740000 -1.168000 -1.224000 14 0
0.757000 -1.245000 -1.221000 14 0
0.775000 -1.327000 -1.220000 14 0
0.695000 -1.108000 -1.227000 15 0
0.714000 -1.184000 -1.225000 14 0
0.726000 -1.258000 -1.219000 13 0
0.743000 -1.345000 -1.222000 14 0
0.673000 -1.123000 -1.227000 16 0
0.689000 -1.200000 -1.225000 15 0
0.699000 -1.278000 -1.224000 15 0
0.709000 -1.358000 -1.222000 16 0
0.648000 -1.136000 -1.224000 14 0
0.662000 -1.214000 -1.225000 13 0
0.669000 -1.293000 -1.226000 15 0
0.675000 -1.373000 -1.224000 14 0
0.628000 -1.155000 -1.229000 17 0
0.635000 -1.229000 -1.225000 15 0
0.639000 -1.307000 -1.227000 16 0
0.642000 -1.388000 -1.227000 17 0
0.604000 -1.169000 -1.228000 16 0
0.608000 -1.243000 -1.225000 14 0
0.609000 -1.321000 -1.228000 16 0
0.607000 -1.397000 -1.226000 19 0
0.581000 -1.184000 -1.229000 16 0
0.581000 -1.256000 -1.226000 15 0
0.579000 -1.336000 -1.231000 15 0
0.574000 -1.412000 -1.230000 16 0
0.557000 -1.197000 -1.228000 16 0
0.555000 -1.270000 -1.227000 14 0
0.548000 -1.347000 -1.231000 15 0
0.538000 -1.420000 -1.229000 17 0
0.534000 -1.215000 -1.233000 15 0
0.528000 -1.285000 -1.230000 15 0
0.517000 -1.359000 -1.233000 17 0
0.503000 -1.429000 -1.230000 17 0
0.000000 -0.000000 -0.000000 0 128
0.000000 -0.000000 -0.000000 0 128
0.000000 -0.000000 -0.000000 0 128
0.000000 -0.000000 -0.000000 0 128
0.000000 -0.000000 -0.000000 0 128
0.000000 -0.000000 -0.000000 0 128
0.000000 -0.000000 -0.000000 0 128
0.000000 -0.000000 -0.000000 0 128
0.000000 -0.000000 -0.000000 0 128
0.000000 -0.000000 -0.000000 0 128
0.000000 -0.000000 -0.000000 0 0
0.000000 -0.000000 -0.000000 0 128
0.000000 -0.000000 -0.000000 0 128
0.000000 -0.000000 -0.000000 0 128
0.000000 -0.000000 -0.000000 0 0
0.000000 -0.000000 -0.000000 0 128
0.000000 -0.000000 -0.000000 0 192
0.000000 -0.000000 -0.000000 0 192
0.000000 -0.000000 -0.000000 0 192
0.000000 -0.000000 -0.000000 0 192
0.000000 -0.000000 -0.000000 0 192
0.000000 -0.000000 -0.000000 0 192
0.000000 -0.000000 -0.000000 0 128
0.000000 -0.000000 -0.000000 0 128
0.000000 -0.000000 -0.000000 0 192
0.000000 -0.000000 -0.000000 0 192
0.000000 -0.000000 -0.000000 0 192
0.000000 -0.000000 -0.000000 0 128
0.856000 -0.926000 -1.195000 0 0
0.921000 -1.011000 -1.210000 4 0
0.942000 -1.056000 -1.174000 6 0
0.999000 -1.143000 -1.182000 14 0
0.848000 -0.955000 -1.210000 6 0
0.899000 -1.031000 -1.210000 10 0
0.847000 -0.994000 -1.084000 19 0
0.981000 -1.177000 -1.195000 25 0
0.835000 -0.981000 -1.219000 11 0
0.880000 -1.055000 -1.216000 13 0
0.842000 -1.035000 -1.109000 34 0
0.962000 -1.211000 -1.209000 15 0
0.816000 -1.000000 -1.220000 14 0
0.791000 -0.991000 -1.122000 28 2
0.893000 -1.151000 -1.213000 13 0
0.934000 -1.236000 -1.214000 16 0
0.769000 -0.983000 -1.178000 5 1
0.765000 -1.003000 -1.116000 26 0
0.869000 -1.174000 -1.217000 14 0
0.891000 -1.239000 -1.199000 5 0
0.733000 -0.977000 -1.152000 17 0
0.813000 -1.115000 -1.221000 14 2
0.841000 -1.192000 -1.218000 14 0
0.869000 -1.271000 -1.213000 13 0
0.754000 -1.051000 -1.219000 15 0
0.785000 -1.128000 -1.217000 13 0
0.811000 -1.207000 -1.216000 13 0
0.840000 -1.294000 -1.218000 14 0
0.736000 -1.072000 -1.223000 15 0
0.763000 -1.148000 -1.221000 13 0
0.786000 -1.229000 -1.222000 14 0
0.807000 -1.310000 -1.218000 14 0
0.716000 -1.090000 -1.226000 15 0
0.740000 -1.168000 -1.224000 14 0
0.757000 -1.245000 -1.221000 14 0
0.775000 -1.327000 -1.220000 14 0
0.695000 -1.108000 -1.227000 15 0
0.714000 -1.184000 -1.225000 14 0
0.726000 -1.258000 -1.219000 13 0
0.743000 -1.345000 -1.222000 14 0
0.673000 -1.123000 -1.227000 16 0
0.689000 -1.200000 -1.225000 15 0
0.699000 -1.278000 -1.224000 15 0
0.709000 -1.358000 -1.222000 16 0
0.648000 -1.136000 -1.224000 14 0
0.662000 -1.214000 -1.225000 13 0
0.669000 -1.293000 -1.226000 15 0
0.675000 -1.373000 -1.224000 14 0
0.628000 -1.155000 -1.229000 17 0
0.635000 -1.229000 -1.225000 15 0
0.639000 -1.307000 -1.227000 16 0
0.642000 -1.388000 -1.227000 17 0
0.604000 -1.169000 -1.228000 16 0
0.608000 -1.243000 -1.225000 14 0
0.609000 -1.321000 -1.228000 16 0
0.607000 -1.397000 -1.226000 19 0
0.581000 -1.184000 -1.229000 16 0
0.581000 -1.256000 -1.226000 15 0
0.579000 -1.336000 -1.231000 15 0
0.574000 -1.412000 -1.230000 16 0
0.557000 -1.197000 -1.228000 16 0
0.555000 -1.270000 -1.227000 14 0
0.548000 -1.347000 -1.231000 15 0
0.538000 -1.420000 -1.229000 17 0
0.534000 -1.215000 -1.233000 15 0
0.528000 -1.285000 -1.230000 15 0
0.517000 -1.359000 -1.233000 17 0
0.503000 -1.429000 -1.230000 17 0
0.510000 -1.228000 -1.233000 15 0
0.500000 -1.298000 -1.232000 16 0
0.486000 -1.369000 -1.234000 17 0
0.470000 -1.444000 -1.236000 16 0
0.486000 -1.242000 -1.235000 17 0
0.472000 -1.309000 -1.232000 16 0
0.454000 -1.380000 -1.236000 10 0
0.434000 -1.447000 -1.234000 2 0
0.460000 -1.253000 -1.234000 3 0
0.000000 -0.000000 -0.000000 0 0
0.000000 -0.000000 -0.000000 0 0
0.412000 -1.503000 -1.277000 2 0
0.000000 -0.000000 -0.000000 0 0
0.040000 -0.130000 -0.120000 1 16
0.043000 -0.156000 -0.138000 1 16
0.000000 -0.000000 -0.000000 0 0
0.039000 -0.121000 -0.117000 1 0
0.000000 -0.000000 -0.000000 0 0
0.000000 -0.000000 -0.000000 0 0
0.030000 -0.135000 -0.114000 1 0
0.000000 -0.000000 -0.000000 0 0
0.033000 -0.128000 -0.117000 0 16
0.029000 -0.128000 -0.113000 0 16
0.000000 -0.000000 -0.000000 0 0
0.029000 -0.107000 -0.102000 1 0
0.000000 -0.000000 -0.000000 0 0
0.000000 -0.000000 -0.000000 0 0
0.021000 -0.122000 -0.102000 0 0
0.000000 -0.000000 -0.000000 0 0
0.027000 -0.127000 -0.115000 0 16
0.025000 -0.140000 -0.122000 1 16
0.000000 -0.000000 -0.000000 0 0
0.027000 -0.120000 -0.113000 1 0
0.000000 -0.000000 -0.000000 0 0
0.000000 -0.000000 -0.000000 0 0
0.000000 -0.000000 -0.000000 0 192
0.000000 -0.000000 -0.000000 0 0
0.014000 -0.084000 -0.076000 0 0
0.000000 -0.000000 -0.000000 0 192
0.000000 -0.000000 -0.000000 0 128
0.020000 -0.108000 -0.101000 0 0
0.000000 -0.000000 -0.000000 0 0
0.000000 -0.000000 -0.000000 0 192
0.006000 -0.076000 -0.064000 0 0
0.000000 -0.000000 -0.000000 0 0
0.000000 -0.000000 -0.000000 0 192
0.009000 -0.103000 -0.089000 0 0
0.000000 -0.000000 -0.000000 0 0
0.000000 -0.000000 -0.000000 0 128
0.000000 -0.000000 -0.000000 0 128
0.000000 -0.000000 -0.000000 0 0
0.000000 -0.000000 -0.000000 0 128
0.000000 -0.000000 -0.000000 0 128
0.008000 -0.105000 -0.093000 0 0
0.000000 -0.000000 -0.000000 0 128
0.000000 -0.000000 -0.000000 0 0
0.000000 -0.000000 -0.000000 0 192
0.000000 -0.000000 -0.000000 0 0
0.000000 -0.000000 -0.000000 0 128
-0.014000 -0.958000 -0.817000 7 64
0.000000 -0.000000 -0.000000 0 128
0.000000 -0.000000 -0.000000 0 128
0.000000 -0.137000 -0.120000 0 16
-0.036000 -0.953000 -0.816000 5 64
0.000000 -0.000000 -0.000000 0 128
0.000000 -0.000000 -0.000000 0 128
0.000000 -0.000000 -0.000000 0 0
-0.058000 -0.940000 -0.810000 6 64
0.000000 -0.000000 -0.000000 0 128
0.000000 -0.139000 -0.123000 1 16
-0.006000 -0.146000 -0.128000 0 16
-0.080000 -0.942000 -0.815000 11 0
0.001000 -0.093000 -0.084000 0 0
0.000000 -0.000000 -0.000000 0 0
0.000000 -0.000000 -0.000000 0 0
-0.102000 -0.933000 -0.812000 12 0
0.000000 -0.000000 -0.000000 0 0
-0.006000 -0.139000 -0.123000 1 16
-0.013000 -0.142000 -0.125000 0 16
-0.123000 -0.927000 -0.812000 9 0
-0.003000 -0.131000 -0.118000 1 0
0.000000 -0.000000 -0.000000 0 0
0.000000 -0.000000 -0.000000 0 0
-0.144000 -0.919000 -0.811000 10 0
0.000000 -0.000000 -0.000000 0 0
-0.012000 -0.138000 -0.123000 0 16
-0.125000 -0.915000 -0.814000 7 0
-0.165000 -0.915000 -0.814000 9 0
-0.010000 -0.138000 -0.123000 1 0
0.000000 -0.000000 -0.000000 0 0
-0.145000 -0.909000 -0.812000 10 0
-0.186000 -0.909000 -0.815000 4 0
0.000000 -0.000000 -0.000000 0 0
-0.125000 -0.906000 -0.810000 9 0
-0.166000 -0.904000 -0.813000 9 0
-0.205000 -0.894000 -0.809000 1 0
0.510000 -1.228000 -1.233000 15 0
0.500000 -1.298000 -1.232000 16 0
0.486000 -1.369000 -1.234000 17 0
0.470000 -1.444000 -1.236000 16 0
0.486000 -1.242000 -1.235000 17 0
0.472000 -1.309000 -1.232000 16 0
0.454000 -1.380000 -1.236000 10 0
0.434000 -1.447000 -1.234000 2 0
0.460000 -1.253000 -1.234000 3 0
0.000000 -0.000000 -0.000000 0 0
0.000000 -0.000000 -0.000000 0 0
0.412000 -1.503000 -1.277000 2 0
0.000000 -0.000000 -0.000000 0 0
0.040000 -0.130000 -0.120000 1 16
0.043000 -0.156000 -0.138000 1 16
0.000000 -0.000000 -0.000000 0 0
0.039000 -0.121000 -0.117000 1 0
0.000000 -0.000000 -0.000000 0 0
0.000000 -0.000000 -0.000000 0 0
0.030000 -0.135000 -0.114000 1 0
0.000000 -0.000000 -0.000000 0 0
0.033000 -0.128000 -0.117000 0 16
0.029000 -0.128000 -0.113000 0 16
0.000000 -0.000000 -0.000000 0 0
0.029000 -0.107000 -0.102000 1 0
0.000000 -0.000000 -0.000000 0 0
0.000000 -0.000000 -0.000000 0 0
0.021000 -0.122000 -0.102000 0 0
0.000000 -0.000000 -0.000000 0 0
0.027000 -0.127000 -0.115000 0 16
0.025000 -0.140000 -0.122000 1 16
0.000000 -0.000000 -0.000000 0 0
0.027000 -0.120000 -0.113000 1 0
0.000000 -0.000000 -0.000000 0 0
0.000000 -0.000000 -0.000000 0 0
0.000000 -0.000000 -0.000000 0 192
0.000000 -0.000000 -0.000000 0 0
0.014000 -0.084000 -0.076000 0 0
0.000000 -0.000000 -0.000000 0 192
0.000000 -0.000000 -0.000000 0 128
0.020000 -0.108000 -0.101000 0 0
0.000000 -0.000000 -0.000000 0 0
0.000000 -0.000000 -0.000000 0 192
0.006000 -0.076000 -0.064000 0 0
0.000000 -0.000000 -0.000000 0 0
0.000000 -0.000000 -0.000000 0 192
0.009000 -0.103000 -0.089000 0 0
0.000000 -0.000000 -0.000000 0 0
0.000000 -0.000000 -0.000000 0 128
0.000000 -0.000000 -0.000000 0 128
0.000000 -0.000000 -0.000000 0 0
0.000000 -0.000000 -0.000000 0 128
0.000000 -0.000000 -0.000000 0 128
0.008000 -0.105000 -0.093000 0 0
0.000000 -0.000000 -0.000000 0 128
0.000000 -0.000000 -0.000000 0 0
0.000000 -0.000000 -0.000000 0 192
0.000000 -0.000000 -0.000000 0 0
0.000000 -0.000000 -0.000000 0 128
-0.014000 -0.958000 -0.817000 7 64
0.000000 -0.000000 -0.000000 0 128
0.000000 -0.000000 -0.000000 0 128
0.000000 -0.137000 -0.120000 0 16
-0.036000 -0.953000 -0.816000 5 64
0.000000 -0.000000 -0.000000 0 128
0.000000 -0.000000 -0.000000 0 128
0.000000 -0.000000 -0.000000 0 0
-0.058000 -0.940000 -0.810000 6 64
0.000000 -0.000000 -0.000000 0 128
0.000000 -0.139000 -0.123000 1 16
-0.006000 -0.146000 -0.128000 0 16
-0.080000 -0.942000 -0.815000 11 0
0.001000 -0.093000 -0.084000 0 0
0.000000 -0.000000 -0.000000 0 0
0.000000 -0.000000 -0.000000 0 0
-0.102000 -0.933000 -0.812000 12 0
0.000000 -0.000000 -0.000000 0 0
-0.006000 -0.139000 -0.123000 1 16
-0.013000 -0.142000 -0.125000 0 16
-0.123000 -0.927000 -0.812000 9 0
-0.003000 -0.131000 -0.118000 1 0
0.000000 -0.000000 -0.000000 0 0
0.000000 -0.000000 -0.000000 0 0
-0.144000 -0.919000 -0.811000 10 0
0.000000 -0.000000 -0.000000 0 0
-0.012000 -0.138000 -0.123000 0 16
-0.125000 -0.915000 -0.814000 7 0
-0.165000 -0.915000 -0.814000 9 0
-0.010000 -0.138000 -0.123000 1 0
0.000000 -0.000000 -0.000000 0 0
-0.145000 -0.909000 -0.812000 10 0
-0.186000 -0.909000 -0.815000 4 0
0.000000 -0.000000 -0.000000 0 0
-0.125000 -0.906000 -0.810000 9 0
-0.166000 -0.904000 -0.813000 9 0
-0.205000 -0.894000 -0.809000 1 0
-0.104000 -0.894000 -0.800000 2 64
-0.146000 -0.907000 -0.814000 9 0
-0.187000 -0.903000 -0.817000 6 0
-0.232000 -0.913000 -0.834000 11 0
-0.125000 -0.906000 -0.812000 9 0
-0.166000 -0.907000 -0.816000 9 0
-0.207000 -0.897000 -0.817000 1 0
-0.254000 -0.910000 -0.839000 10 0
-0.146000 -0.907000 -0.814000 10 0
-0.186000 -0.900000 -0.814000 6 0
-0.231000 -0.907000 -0.833000 10 0
-0.278000 -0.915000 -0.854000 10 0
-0.166000 -0.906000 -0.814000 10 0
-0.206000 -0.898000 -0.816000 1 0
-0.254000 -0.910000 -0.842000 10 0
-0.305000 -0.923000 -0.871000 7 0
-0.185000 -0.898000 -0.809000 4 0
-0.231000 -0.912000 -0.834000 10 0
-0.278000 -0.916000 -0.855000 9 0
-0.327000 -0.918000 -0.876000 1 64
-0.207000 -0.905000 -0.818000 2 0
-0.253000 -0.914000 -0.840000 10 0
-0.303000 -0.923000 -0.870000 7 0
0.000000 -0.000000 -0.000000 0 0
-0.230000 -0.915000 -0.829000 11 0
-0.275000 -0.915000 -0.846000 9 0
-0.325000 -0.921000 -0.875000 2 0
0.000000 -0.000000 -0.000000 0 0
-0.253000 -0.922000 -0.839000 11 0
-0.299000 -0.919000 -0.856000 7 0
0.000000 -0.000000 -0.000000 0 0
0.000000 -0.000000 -0.000000 0 192
-0.275000 -0.920000 -0.842000 11 0
-0.326000 -0.930000 -0.873000 4 0
0.000000 -0.000000 -0.000000 0 0
0.000000 -0.000000 -0.000000 0 192
-0.297000 -0.920000 -0.845000 10 0
-0.348000 -0.926000 -0.877000 0 0
0.000000 -0.000000 -0.000000 0 192
0.000000 -0.000000 -0.000000 0 128
-0.321000 -0.924000 -0.855000 9 0
0.000000 -0.000000 -0.000000 0 0
0.000000 -0.000000 -0.000000 0 192
0.000000 -0.000000 -0.000000 0 128
-0.345000 -0.926000 -0.862000 3 0
0.000000 -0.000000 -0.000000 0 0
0.000000 -0.000000 -0.000000 0 192
-0.640000 -1.161000 -1.225000 19 0
-0.365000 -0.919000 -0.861000 0 64
0.000000 -0.000000 -0.000000 0 192
0.000000 -0.000000 -0.000000 0 192
-0.656000 -1.128000 -1.210000 40 0
-0.411000 -0.971000 -0.916000 1 2
0.000000 -0.000000 -0.000000 0 192
-0.637000 -1.171000 -1.211000 8 0
-0.670000 -1.094000 -1.194000 46 0
0.000000 -0.000000 -0.000000 0 0
0.000000 -0.000000 -0.000000 0 128
-0.657000 -1.146000 -1.203000 30 0
-0.680000 -1.055000 -1.173000 55 0
0.000000 -0.000000 -0.000000 0 0
0.000000 -0.000000 -0.000000 0 128
-0.665000 -1.103000 -1.175000 45 0
-0.689000 -1.017000 -1.152000 57 0
0.000000 -0.000000 -0.000000 0 192
-0.657000 -1.161000 -1.183000 6 0
-0.678000 -1.068000 -1.157000 56 0
-0.700000 -0.985000 -1.137000 55 0
0.000000 -0.000000 -0.000000 0 192
-0.667000 -1.119000 -1.155000 21 0
-0.688000 -1.032000 -1.136000 56 0
-0.709000 -0.951000 -1.121000 13 0
0.000000 -0.000000 -0.000000 0 128
-0.677000 -1.081000 -1.132000 41 0
-0.697000 -0.996000 -1.116000 12 0
-0.713000 -0.912000 -1.098000 55 0
0.000000 -0.000000 -0.000000 0 128
-0.688000 -1.045000 -1.110000 54 0
-0.702000 -0.956000 -1.090000 52 0
-0.726000 -0.886000 -1.090000 13 64
-0.672000 -1.082000 -1.094000 12 0
-0.697000 -1.009000 -1.089000 56 0
-0.716000 -0.931000 -1.082000 11 0
-0.734000 -0.856000 -1.078000 12 0
-0.683000 -1.046000 -1.072000 31 0
-0.705000 -0.972000 -1.066000 11 0
-0.724000 -0.899000 -1.065000 11 0
-0.744000 -0.828000 -1.068000 12 0
-0.698000 -1.018000 -1.057000 11 0
-0.715000 -0.941000 -1.050000 10 0
-0.727000 -0.862000 -1.043000 11 0
-0.743000 -0.790000 -1.045000 12 0
-0.703000 -0.977000 -1.030000 53 0
-0.717000 -0.902000 -1.024000 12 0
-0.735000 -0.833000 -1.030000 11 0
-0.754000 -0.766000 -1.039000 13 0
-0.104000 -0.894000 -0.800000 2 64
-0.146000 -0.907000 -0.814000 9 0
-0.187000 -0.903000 -0.817000 6 0
-0.232000 -0.913000 -0.834000 11 0
-0.125000 -0.906000 -0.812000 9 0
-0.166000 -0.907000 -0.816000 9 0
-0.207000 -0.897000 -0.817000 1 0
-0.254000 -0.910000 -0.839000 10 0
-0.146000 -0.907000 -0.814000 10 0
-0.186000 -0.900000 -0.814000 6 0
-0.231000 -0.907000 -0.833000 10 0
-0.278000 -0.915000 -0.854000 10 0
-0.166000 -0.906000 -0.814000 10 0
-0.206000 -0.898000 -0.816000 1 0
-0.254000 -0.910000 -0.842000 10 0
-0.305000 -0.923000 -0.871000 7 0
-0.185000 -0.898000 -0.809000 4 0
-0.231000 -0.912000 -0.834000 10 0
-0.278000 -0.916000 -0.855000 9 0
-0.327000 -0.918000 -0.876000 1 64
-0.207000 -0.905000 -0.818000 2 0
-0.253000 -0.914000 -0.840000 10 0
-0.303000 -0.923000 -0.870000 7 0
0.000000 -0.000000 -0.000000 0 0
-0.230000 -0.915000 -0.829000 11 0
-0.275000 -0.915000 -0.846000 9 0
-0.325000 -0.921000 -0.875000 2 0
0.000000 -0.000000 -0.000000 0 0
-0.253000 -0.922000 -0.839000 11 0
-0.299000 -0.919000 -0.856000 7 0
0.000000 -0.000000 -0.000000 0 0
0.000000 -0.000000 -0.000000 0 192
-0.275000 -0.920000 -0.842000 11 0
-0.326000 -0.930000 -0.873000 4 0
0.000000 -0.000000 -0.000000 0 0
0.000000 -0.000000 -0.000000 0 192
-0.297000 -0.920000 -0.845000 10 0
-0.348000 -0.926000 -0.877000 0 0
0.000000 -0.000000 -0.000000 0 192
0.000000 -0.000000 -0.000000 0 128
-0.321000 -0.924000 -0.855000 9 0
0.000000 -0.000000 -0.000000 0 0
0.000000 -0.000000 -0.000000 0 192
0.000000 -0.000000 -0.000000 0 128
-0.345000 -0.926000 -0.862000 3 0
0.000000 -0.000000 -0.000000 0 0
0.000000 -0.000000 -0.000000 0 192
-0.640000 -1.161000 -1.225000 19 0
-0.365000 -0.919000 -0.861000 0 64
0.000000 -0.000000 -0.000000 0 192
0.000000 -0.000000 -0.000000 0 192
-0.656000 -1.128000 -1.210000 40 0
-0.411000 -0.971000 -0.916000 1 2
0.000000 -0.000000 -0.000000 0 192
-0.637000 -1.171000 -1.211000 8 0
-0.670000 -1.094000 -1.194000 46 0
0.000000 -0.000000 -0.000000 0 0
0.000000 -0.000000 -0.000000 0 128
-0.657000 -1.146000 -1.203000 30 0
-0.680000 -1.055000 -1.173000 55 0
0.000000 -0.000000 -0.000000 0 0
0.000000 -0.000000 -0.000000 0 128
-0.665000 -1.103000 -1.175000 45 0
-0.689000 -1.017000 -1.152000 57 0
0.000000 -0.000000 -0.000000 0 192
-0.657000 -1.161000 -1.183000 6 0
-0.678000 -1.068000 -1.157000 56 0
-0.700000 -0.985000 -1.137000 55 0
0.000000 -0.000000 -0.000000 0 192
-0.667000 -1.119000 -1.155000 21 0
-0.688000 -1.032000 -1.136000 56 0
-0.709000 -0.951000 -1.121000 13 0
0.000000 -0.000000 -0.000000 0 128
-0.677000 -1.081000 -1.132000 41 0
-0.697000 -0.996000 -1.116000 12 0
-0.713000 -0.912000 -1.098000 55 0
0.000000 -0.000000 -0.000000 0 128
-0.688000 -1.045000 -1.110000 54 0
-0.702000 -0.956000 -1.090000 52 0
-0.726000 -0.886000 -1.090000 13 64
-0.672000 -1.082000 -1.094000 12 0
-0.697000 -1.009000 -1.089000 56 0
-0.716000 -0.931000 -1.082000 11 0
-0.734000 -0.856000 -1.078000 12 0
-0.683000 -1.046000 -1.072000 31 0
-0.705000 -0.972000 -1.066000 11 0
-0.724000 -0.899000 -1.065000 11 0
-0.744000 -0.828000 -1.068000 12 0
-0.698000 -1.018000 -1.057000 11 0
-0.715000 -0.941000 -1.050000 10 0
-0.727000 -0.862000 -1.043000 11 0
-0.743000 -0.790000 -1.045000 12 0
-0.703000 -0.977000 -1.030000 53 0
-0.717000 -0.902000 -1.024000 12 0
-0.735000 -0.833000 -1.030000 11 0
-0.754000 -0.766000 -1.039000 13 0
-0.716000 -0.950000 -1.016000 13 0
-0.727000 -0.873000 -1.009000 10 0
-0.744000 -0.806000 -1.019000 11 0
-0.760000 -0.739000 -1.029000 13 0
-0.720000 -0.912000 -0.991000 13 0
-0.735000 -0.844000 -0.995000 10 0
-0.751000 -0.778000 -1.006000 11 0
-0.764000 -0.710000 -1.016000 13 0
-0.725000 -0.877000 -0.970000 13 0
-0.744000 -0.816000 -0.982000 10 0
-0.758000 -0.751000 -0.994000 11 0
-0.772000 -0.686000 -1.009000 13 0
-0.736000 -0.851000 -0.957000 13 0
-0.751000 -0.787000 -0.968000 10 0
-0.764000 -0.724000 -0.983000 12 0
-0.780000 -0.661000 -1.003000 13 0
-0.744000 -0.822000 -0.942000 13 0
-0.758000 -0.760000 -0.955000 10 0
-0.773000 -0.700000 -0.976000 12 0
-0.787000 -0.638000 -0.997000 13 0
-0.751000 -0.792000 -0.927000 13 0
-0.767000 -0.735000 -0.946000 11 0
-0.778000 -0.674000 -0.965000 12 0
-0.792000 -0.613000 -0.990000 13 0
-0.761000 -0.767000 -0.917000 13 0
-0.774000 -0.709000 -0.935000 11 0
-0.786000 -0.650000 -0.958000 12 0
-0.799000 -0.591000 -0.985000 12 0
-0.768000 -0.740000 -0.904000 13 0
-0.781000 -0.684000 -0.925000 12 0
-0.793000 -0.627000 -0.951000 12 0
-0.803000 -0.566000 -0.978000 12 0
-0.777000 -0.715000 -0.893000 13 0
-0.793000 -0.664000 -0.922000 12 0
-0.800000 -0.604000 -0.945000 12 0
-0.812000 -0.546000 -0.977000 12 0
-0.784000 -0.690000 -0.883000 13 0
-0.799000 -0.638000 -0.912000 12 0
-0.804000 -0.579000 -0.935000 12 0
-0.816000 -0.522000 -0.970000 12 0
-0.792000 -0.665000 -0.874000 12 0
-0.799000 -0.609000 -0.896000 14 0
-0.813000 -0.558000 -0.933000 12 0
-0.820000 -0.500000 -0.966000 12 64
-0.800000 -0.642000 -0.865000 12 0
-0.811000 -0.590000 -0.895000 15 0
-0.820000 -0.537000 -0.929000 12 0
-0.828000 -0.480000 -0.965000 12 64
-0.803000 -0.614000 -0.852000 15 0
-0.814000 -0.565000 -0.884000 14 0
-0.826000 -0.515000 -0.924000 12 0
-0.834000 -0.459000 -0.963000 12 64
-0.807000 -0.589000 -0.841000 16 0
-0.821000 -0.543000 -0.879000 15 0
-0.830000 -0.492000 -0.918000 11 0
-0.837000 -0.437000 -0.959000 12 64
-0.813000 -0.565000 -0.833000 16 0
-0.821000 -0.516000 -0.867000 13 0
-0.831000 -0.468000 -0.909000 10 0
-0.842000 -0.416000 -0.956000 12 64
-0.817000 -0.540000 -0.823000 16 0
-0.684000 -0.409000 -0.713000 1 0
-0.831000 -0.444000 -0.900000 8 0
-0.849000 -0.396000 -0.957000 12 64
-0.823000 -0.517000 -0.816000 16 0
-0.662000 -0.376000 -0.681000 0 0
-0.838000 -0.424000 -0.899000 8 0
-0.853000 -0.376000 -0.956000 12 64
-0.827000 -0.493000 -0.808000 16 0
-0.727000 -0.391000 -0.739000 0 0
-0.844000 -0.404000 -0.897000 12 0
-0.849000 -0.352000 -0.945000 9 64
-0.835000 -0.472000 -0.805000 16 0
-0.772000 -0.393000 -0.775000 1 0
-0.846000 -0.382000 -0.891000 12 0
0.000000 -0.000000 -0.000000 0 0
-0.842000 -0.451000 -0.801000 16 0
-0.804000 -0.386000 -0.799000 3 0
-0.855000 -0.363000 -0.894000 10 0
0.000000 -0.000000 -0.000000 0 0
-0.843000 -0.427000 -0.792000 16 0
-0.849000 -0.385000 -0.835000 5 0
0.000000 -0.000000 -0.000000 0 0
0.000000 -0.000000 -0.000000 0 128
-0.849000 -0.406000 -0.789000 21 0
-0.849000 -0.362000 -0.828000 7 0
0.000000 -0.000000 -0.000000 0 0
-0.870000 -0.275000 -0.949000 0 0
-0.855000 -0.385000 -0.785000 17 0
0.000000 -0.000000 -0.000000 0 0
0.000000 -0.000000 -0.000000 0 0
0.000000 -0.000000 -0.000000 0 0
-0.856000 -0.361000 -0.777000 17 0
0.000000 -0.000000 -0.000000 0 0
0.000000 -0.000000 -0.000000 0 0
-0.875000 -0.235000 -0.948000 10 0
-0.716000 -0.950000 -1.016000 13 0
-0.727000 -0.873000 -1.009000 10 0
-0.744000 -0.806000 -1.019000 11 0
-0.760000 -0.739000 -1.029000 13 0
-0.720000 -0.912000 -0.991000 13 0
-0.735000 -0.844000 -0.995000 10 0
-0.751000 -0.778000 -1.006000 11 0
-0.764000 -0.710000 -1.016000 13 0
-0.725000 -0.877000 -0.970000 13 0
-0.744000 -0.816000 -0.982000 10 0
-0.758000 -0.751000 -0.994000 11 0
-0.772000 -0.686000 -1.009000 13 0
-0.736000 -0.851000 -0.957000 13 0
-0.751000 -0.787000 -0.968000 10 0
-0.764000 -0.724000 -0.983000 12 0
-0.780000 -0.661000 -1.003000 13 0
-0.744000 -0.822000 -0.942000 13 0
-0.758000 -0.760000 -0.955000 10 0
-0.773000 -0.700000 -0.976000 12 0
-0.787000 -0.638000 -0.997000 13 0
-0.751000 -0.792000 -0.927000 13 0
-0.767000 -0.735000 -0.946000 11 0
-0.778000 -0.674000 -0.965000 12 0
-0.792000 -0.613000 -0.990000 13 0
-0.761000 -0.767000 -0.917000 13 0
-0.774000 -0.709000 -0.935000 11 0
-0.786000 -0.650000 -0.958000 12 0
-0.799000 -0.591000 -0.985000 12 0
-0.768000 -0.740000 -0.904000 13 0
-0.781000 -0.684000 -0.925000 12 0
-0.793000 -0.627000 -0.951000 12 0
-0.803000 -0.566000 -0.978000 12 0
-0.777000 -0.715000 -0.893000 13 0
-0.793000 -0.664000 -0.922000 12 0
-0.800000 -0.604000 -0.945000 12 0
-0.812000 -0.546000 -0.977000 12 0
-0.784000 -0.690000 -0.883000 13 0
-0.799000 -0.638000 -0.912000 12 0
-0.804000 -0.579000 -0.935000 12 0
-0.816000 -0.522000 -0.970000 12 0
-0.792000 -0.665000 -0.874000 12 0
-0.799000 -0.609000 -0.896000 14 0
-0.813000 -0.558000 -0.933000 12 0
-0.820000 -0.500000 -0.966000 12 64
-0.800000 -0.642000 -0.865000 12 0
-0.811000 -0.590000 -0.895000 15 0
-0.820000 -0.537000 -0.929000 12 0
-0.828000 -0.480000 -0.965000 12 64
-0.803000 -0.614000 -0.852000 15 0
-0.814000 -0.565000 -0.884000 14 0
-0.826000 -0.515000 -0.924000 12 0
-0.834000 -0.459000 -0.963000 12 64
-0.807000 -0.589000 -0.841000 16 0
-0.821000 -0.543000 -0.879000 15 0
-0.830000 -0.492000 -0.918000 11 0
-0.837000 -0.437000 -0.959000 12 64
-0.813000 -0.565000 -0.833000 16 0
-0.821000 -0.516000 -0.867000 13 0
-0.831000 -0.468000 -0.909000 10 0
-0.842000 -0.416000 -0.956000 12 64
-0.817000 -0.540000 -0.823000 16 0
-0.684000 -0.409000 -0.713000 1 0
-0.831000 -0.444000 -0.900000 8 0
-0.849000 -0.396000 -0.957000 12 64
-0.823000 -0.517000 -0.816000 16 0
-0.662000 -0.376000 -0.681000 0 0
-0.838000 -0.424000 -0.899000 8 0
-0.853000 -0.376000 -0.956000 12 64
-0.827000 -0.493000 -0.808000 16 0
-0.727000 -0.391000 -0.739000 0 0
-0.844000 -0.404000 -0.897000 12 0
-0.849000 -0.352000 -0.945000 9 64
-0.835000 -0.472000 -0.805000 16 0
-0.772000 -0.393000 -0.775000 1 0
-0.846000 -0.382000 -0.891000 12 0
0.000000 -0.000000 -0.000000 0 0
-0.842000 -0.451000 -0.801000 16 0
-0.804000 -0.386000 -0.799000 3 0
-0.855000 -0.363000 -0.894000 10 0
0.000000 -0.000000 -0.000000 0 0
-0.843000 -0.427000 -0.792000 16 0
-0.849000 -0.385000 -0.835000 5 0
0.000000 -0.000000 -0.000000 0 0
0.000000 -0.000000 -0.000000 0 128
-0.849000 -0.406000 -0.789000 21 0
-0.849000 -0.362000 -0.828000 7 0
0.000000 -0.000000 -0.000000 0 0
-0.870000 -0.275000 -0.949000 0 0
-0.855000 -0.385000 -0.785000 17 0
0.000000 -0.000000 -0.000000 0 0
0.000000 -0.000000 -0.000000 0 0
0.000000 -0.000000 -0.000000 0 0
-0.856000 -0.361000 -0.777000 17 0
0.000000 -0.000000 -0.000000 0 0
0.000000 -0.000000 -0.000000 0 0
-0.875000 -0.235000 -0.948000 10 0
0.000000 -0.000000 -0.000000 0 0
0.000000 -0.000000 -0.000000 0 0
0.000000 -0.000000 -0.000000 0 0
-0.877000 -0.215000 -0.948000 11 0
0.000000 -0.000000 -0.000000 0 0
0.000000 -0.000000 -0.000000 0 0
-0.886000 -0.244000 -0.892000 10 0
-0.883000 -0.197000 -0.952000 10 64
0.000000 -0.000000 -0.000000 0 0
0.000000 -0.000000 -0.000000 0 0
-0.880000 -0.221000 -0.882000 15 0
-0.891000 -0.178000 -0.958000 11 0
-0.859000 -0.272000 -0.754000 0 0
-0.830000 -0.227000 -0.775000 3 0
-0.895000 -0.204000 -0.895000 11 0
-0.902000 -0.160000 -0.969000 12 64
-0.886000 -0.258000 -0.771000 17 0
-0.790000 -0.197000 -0.734000 2 0
-0.903000 -0.185000 -0.899000 14 0
-0.906000 -0.141000 -0.972000 12 64
-0.893000 -0.238000 -0.772000 18 0
-0.747000 -0.168000 -0.691000 1 0
-0.909000 -0.166000 -0.902000 14 0
-0.905000 -0.121000 -0.970000 12 64
-0.898000 -0.217000 -0.772000 18 0
-0.725000 -0.146000 -0.668000 0 0
-0.912000 -0.145000 -0.904000 14 0
-0.912000 -0.102000 -0.977000 12 64
-0.896000 -0.194000 -0.767000 17 0
-0.710000 -0.126000 -0.651000 0 0
-0.914000 -0.125000 -0.904000 14 0
-0.915000 -0.083000 -0.980000 12 64
-0.903000 -0.174000 -0.769000 17 0
-0.862000 -0.133000 -0.789000 3 0
-0.920000 -0.105000 -0.909000 14 0
-0.917000 -0.063000 -0.983000 12 64
-0.916000 -0.154000 -0.777000 14 0
-0.916000 -0.120000 -0.835000 14 0
-0.925000 -0.085000 -0.913000 14 0
-0.924000 -0.044000 -0.991000 12 64
-0.919000 -0.133000 -0.777000 8 64
-0.927000 -0.100000 -0.844000 10 0
-0.929000 -0.065000 -0.917000 14 0
0.000000 -0.000000 -0.000000 12 64
-0.888000 -0.107000 -0.748000 0 65
-0.924000 -0.079000 -0.840000 7 0
-0.930000 -0.045000 -0.918000 11 0
0.000000 -0.000000 -0.000000 12 64
0.000000 -0.000000 -0.000000 0 0
-0.924000 -0.058000 -0.839000 2 64
-0.928000 -0.024000 -0.916000 8 0
0.000000 -0.000000 -0.000000 11 64
0.000000 -0.000000 -0.000000 0 0
0.000000 -0.000000 -0.000000 0 0
-0.938000 -0.004000 -0.927000 5 64
0.000000 -0.000000 -0.000000 8 64
0.000000 -0.000000 -0.000000 0 192
0.000000 -0.000000 -0.000000 0 0
-0.912000 0.015000 -0.903000 0 64
0.000000 -0.000000 -0.000000 2 64
0.000000 -0.000000 -0.000000 0 192
0.000000 -0.000000 -0.000000 0 192
0.000000 -0.000000 -0.000000 0 0
0.000000 -0.000000 -0.000000 0 0
0.000000 -0.000000 -0.000000 0 0
0.000000 -0.000000 -0.000000 0 192
0.000000 -0.000000 -0.000000 0 0
0.000000 -0.000000 -0.000000 0 0
-0.949000 0.019000 -0.797000 9 0
0.000000 -0.000000 -0.000000 0 0
-0.936000 0.078000 -0.932000 2 0
0.000000 -0.000000 -0.000000 0 0
-0.947000 0.041000 -0.796000 16 0
-0.961000 0.070000 -0.879000 6 0
0.000000 -0.000000 -0.000000 0 0
0.000000 -0.000000 -0.000000 0 128
-0.954000 0.064000 -0.804000 15 0
-0.960000 0.092000 -0.880000 8 0
-0.961000 0.122000 -0.964000 3 64
0.000000 -0.000000 -0.000000 4 64
-0.958000 0.087000 -0.808000 15 0
-0.974000 0.116000 -0.897000 11 0
-0.966000 0.144000 -0.974000 8 0
0.000000 -0.000000 -0.000000 9 0
-0.970000 0.111000 -0.822000 15 0
-0.967000 0.138000 -0.894000 14 0
-0.971000 0.167000 -0.983000 11 0
0.000000 -0.000000 -0.000000 4 0
-0.974000 0.135000 -0.829000 16 0
-0.982000 0.163000 -0.912000 12 0
-0.975000 0.190000 -0.992000 12 0
0.000000 -0.000000 -0.000000 0 0
-0.979000 0.159000 -0.836000 15 0
-0.985000 0.186000 -0.919000 11 0
-0.966000 0.210000 -0.988000 1 0
-0.972000 0.244000 -1.099000 5 0
0.000000 -0.000000 -0.000000 0 0
0.000000 -0.000000 -0.000000 0 0
0.000000 -0.000000 -0.000000 0 0
-0.877000 -0.215000 -0.948000 11 0
0.000000 -0.000000 -0.000000 0 0
0.000000 -0.000000 -0.000000 0 0
-0.886000 -0.244000 -0.892000 10 0
-0.883000 -0.197000 -0.952000 10 64
0.000000 -0.000000 -0.000000 0 0
0.000000 -0.000000 -0.000000 0 0
-0.880000 -0.221000 -0.882000 15 0
-0.891000 -0.178000 -0.958000 11 0
-0.859000 -0.272000 -0.754000 0 0
-0.830000 -0.227000 -0.775000 3 0
-0.895000 -0.204000 -0.895000 11 0
-0.902000 -0.160000 -0.969000 12 64
-0.886000 -0.258000 -0.771000 17 0
-0.790000 -0.197000 -0.734000 2 0
-0.903000 -0.185000 -0.899000 14 0
-0.906000 -0.141000 -0.972000 12 64
-0.893000 -0.238000 -0.772000 18 0
-0.747000 -0.168000 -0.691000 1 0
-0.909000 -0.166000 -0.902000 14 0
-0.905000 -0.121000 -0.970000 12 64
-0.898000 -0.217000 -0.772000 18 0
-0.725000 -0.146000 -0.668000 0 0
-0.912000 -0.145000 -0.904000 14 0
-0.912000 -0.102000 -0.977000 12 64
-0.896000 -0.194000 -0.767000 17 0
-0.710000 -0.126000 -0.651000 0 0
-0.914000 -0.125000 -0.904000 14 0
-0.915000 -0.083000 -0.980000 12 64
-0.903000 -0.174000 -0.769000 17 0
-0.862000 -0.133000 -0.789000 3 0
-0.920000 -0.105000 -0.909000 14 0
-0.917000 -0.063000 -0.983000 12 64
-0.916000 -0.154000 -0.777000 14 0
-0.916000 -0.120000 -0.835000 14 0
-0.925000 -0.085000 -0.913000 14 0
-0.924000 -0.044000 -0.991000 12 64
-0.919000 -0.133000 -0.777000 8 64
-0.927000 -0.100000 -0.844000 10 0
-0.929000 -0.065000 -0.917000 14 0
0.000000 -0.000000 -0.000000 12 64
-0.888000 -0.107000 -0.748000 0 65
-0.924000 -0.079000 -0.840000 7 0
-0.930000 -0.045000 -0.918000 11 0
0.000000 -0.000000 -0.000000 12 64
0.000000 -0.000000 -0.000000 0 0
-0.924000 -0.058000 -0.839000 2 64
-0.928000 -0.024000 -0.916000 8 0
0.000000 -0.000000 -0.000000 11 64
0.000000 -0.000000 -0.000000 0 0
0.000000 -0.000000 -0.000000 0 0
-0.938000 -0.004000 -0.927000 5 64
0.000000 -0.000000 -0.000000 8 64
0.000000 -0.000000 -0.000000 0 192
0.000000 -0.000000 -0.000000 0 0
-0.912000 0.015000 -0.903000 0 64
0.000000 -0.000000 -0.000000 2 64
0.000000 -0.000000 -0.000000 0 192
0.000000 -0.000000 -0.000000 0 192
0.000000 -0.000000 -0.000000 0 0
0.000000 -0.000000 -0.000000 0 0
0.000000 -0.000000 -0.000000 0 0
0.000000 -0.000000 -0.000000 0 192
0.000000 -0.000000 -0.000000 0 0
0.000000 -0.000000 -0.000000 0 0
-0.949000 0.019000 -0.797000 9 0
0.000000 -0.000000 -0.000000 0 0
-0.936000 0.078000 -0.932000 2 0
0.000000 -0.000000 -0.000000 0 0
-0.947000 0.041000 -0.796000 16 0
-0.961000 0.070000 -0.879000 6 0
0.000000 -0.000000 -0.000000 0 0
0.000000 -0.000000 -0.000000 0 128
-0.954000 0.064000 -0.804000 15 0
-0.960000 0.092000 -0.880000 8 0
-0.961000 0.122000 -0.964000 3 64
0.000000 -0.000000 -0.000000 4 64
-0.958000 0.087000 -0.808000 15 0
-0.974000 0.116000 -0.897000 11 0
-0.966000 0.144000 -0.974000 8 0
0.000000 -0.000000 -0.000000 9 0
-0.970000 0.111000 -0.822000 15 0
-0.967000 0.138000 -0.894000 14 0
-0.971000 0.167000 -0.983000 11 0
0.000000 -0.000000 -0.000000 4 0
-0.974000 0.135000 -0.829000 16 0
-0.982000 0.163000 -0.912000 12 0
-0.975000 0.190000 -0.992000 12 0
0.000000 -0.000000 -0.000000 0 0
-0.979000 0.159000 -0.836000 15 0
-0.985000 0.186000 -0.919000 11 0
-0.966000 0.210000 -0.988000 1 0
-0.972000 0.244000 -1.099000 5 0
-0.981000 0.184000 -0.842000 17 0
-0.972000 0.207000 -0.912000 1 0
-0.975000 0.234000 -1.004000 0 0
0.000000 -0.000000 -0.000000 0 0
-0.974000 0.206000 -0.841000 1 0
-0.983000 0.233000 -0.928000 1 0
-1.050000 0.277000 -1.088000 7 0
-1.067000 0.316000 -1.222000 7 0
-0.983000 0.232000 -0.854000 1 0
-1.068000 0.279000 -1.015000 1 0
-1.076000 0.309000 -1.123000 0 0
-1.075000 0.343000 -1.241000 8 0
-1.082000 0.283000 -0.947000 1 0
-1.077000 0.308000 -1.031000 7 0
-1.075000 0.334000 -1.130000 7 0
-1.080000 0.369000 -1.255000 9 0
-1.083000 0.311000 -0.955000 8 0
-1.087000 0.337000 -1.049000 1 0
-1.086000 0.364000 -1.151000 0 0
-1.076000 0.393000 -1.261000 10 0
-1.086000 0.340000 -0.966000 1 0
-1.086000 0.365000 -1.057000 6 0
-1.083000 0.389000 -1.157000 5 0
-1.078000 0.420000 -1.274000 12 0
-1.091000 0.370000 -0.979000 7 0
-1.108000 0.400000 -1.088000 1 0
-1.087000 0.418000 -1.172000 6 0
-1.070000 0.442000 -1.276000 11 0
-1.112000 0.407000 -1.008000 1 0
-1.097000 0.425000 -1.088000 7 0
-1.095000 0.449000 -1.192000 6 0
-1.056000 0.462000 -1.271000 13 0
-1.102000 0.433000 -1.010000 7 0
-1.103000 0.456000 -1.106000 6 0
-1.102000 0.480000 -1.212000 6 0
-1.045000 0.483000 -1.270000 13 0
-1.118000 0.470000 -1.036000 1 0
-1.109000 0.488000 -1.123000 7 0
-1.113000 0.514000 -1.237000 7 0
-1.036000 0.505000 -1.272000 15 0
-1.117000 0.501000 -1.047000 7 0
-1.120000 0.524000 -1.148000 6 0
-1.123000 0.548000 -1.261000 11 0
-1.024000 0.526000 -1.271000 12 0
-1.121000 0.535000 -1.064000 6 0
-1.125000 0.558000 -1.168000 7 0
-1.119000 0.577000 -1.272000 15 0
-1.012000 0.547000 -1.270000 13 0
-1.133000 0.574000 -1.089000 7 0
-1.131000 0.593000 -1.188000 6 0
-1.104000 0.600000 -1.271000 14 0
-0.999000 0.567000 -1.268000 14 0
-1.138000 0.611000 -1.110000 7 0
-1.136000 0.630000 -1.210000 6 0
-1.091000 0.624000 -1.271000 14 0
-0.989000 0.588000 -1.270000 14 0
-1.153000 0.655000 -1.142000 6 0
-1.153000 0.674000 -1.246000 9 0
-1.073000 0.645000 -1.267000 15 0
-0.973000 0.606000 -1.266000 14 0
-1.156000 0.693000 -1.163000 6 0
-1.155000 0.711000 -1.267000 13 0
-1.056000 0.666000 -1.265000 15 0
-0.953000 0.621000 -1.255000 11 0
-1.164000 0.736000 -1.190000 5 0
-1.136000 0.735000 -1.266000 14 0
-1.041000 0.689000 -1.266000 15 0
-0.946000 0.645000 -1.264000 15 0
-1.172000 0.780000 -1.219000 5 0
-1.118000 0.761000 -1.267000 17 0
-1.026000 0.712000 -1.266000 14 0
-0.928000 0.661000 -1.257000 11 0
-1.188000 0.832000 -1.258000 11 0
-1.098000 0.784000 -1.266000 14 0
-1.008000 0.732000 -1.264000 14 0
-0.923000 0.687000 -1.269000 15 0
-1.170000 0.862000 -1.264000 15 0
-1.078000 0.807000 -1.264000 13 0
-0.992000 0.754000 -1.265000 14 0
-0.906000 0.703000 -1.264000 15 0
-1.144000 0.885000 -1.260000 15 0
-1.059000 0.831000 -1.265000 14 0
-0.974000 0.775000 -1.264000 15 0
-0.891000 0.721000 -1.263000 15 0
-1.121000 0.911000 -1.261000 15 0
-1.038000 0.854000 -1.266000 13 0
-0.957000 0.795000 -1.264000 15 0
-0.876000 0.740000 -1.263000 15 0
-1.096000 0.934000 -1.260000 16 0
-1.016000 0.875000 -1.264000 14 0
-0.938000 0.815000 -1.263000 14 0
-0.861000 0.758000 -1.262000 15 0
-1.070000 0.957000 -1.259000 16 0
-0.992000 0.894000 -1.260000 13 0
-0.921000 0.836000 -1.264000 14 0
-0.842000 0.773000 -1.257000 19 0
-0.981000 0.184000 -0.842000 17 0
-0.972000 0.207000 -0.912000 1 0
-0.975000 0.234000 -1.004000 0 0
0.000000 -0.000000 -0.000000 0 0
-0.974000 0.206000 -0.841000 1 0
-0.983000 0.233000 -0.928000 1 0
-1.050000 0.277000 -1.088000 7 0
-1.067000 0.316000 -1.222000 7 0
-0.983000 0.232000 -0.854000 1 0
-1.068000 0.279000 -1.015000 1 0
-1.076000 0.309000 -1.123000 0 0
-1.075000 0.343000 -1.241000 8 0
-1.082000 0.283000 -0.947000 1 0
-1.077000 0.308000 -1.031000 7 0
-1.075000 0.334000 -1.130000 7 0
-1.080000 0.369000 -1.255000 9 0
-1.083000 0.311000 -0.955000 8 0
-1.087000 0.337000 -1.049000 1 0
-1.086000 0.364000 -1.151000 0 0
-1.076000 0.393000 -1.261000 10 0
-1.086000 0.340000 -0.966000 1 0
-1.086000 0.365000 -1.057000 6 0
-1.083000 0.389000 -1.157000 5 0
-1.078000 0.420000 -1.274000 12 0
-1.091000 0.370000 -0.979000 7 0
-1.108000 0.400000 -1.088000 1 0
-1.087000 0.418000 -1.172000 6 0
-1.070000 0.442000 -1.276000 11 0
-1.112000 0.407000 -1.008000 1 0
-1.097000 0.425000 -1.088000 7 0
-1.095000 0.449000 -1.192000 6 0
-1.056000 0.462000 -1.271000 13 0
-1.102000 0.433000 -1.010000 7 0
-1.103000 0.456000 -1.106000 6 0
-1.102000 0.480000 -1.212000 6 0
-1.045000 0.483000 -1.270000 13 0
-1.118000 0.470000 -1.036000 1 0
-1.109000 0.488000 -1.123000 7 0
-1.113000 0.514000 -1.237000 7 0
-1.036000 0.505000 -1.272000 15 0
-1.117000 0.501000 -1.047000 7 0
-1.120000 0.524000 -1.148000 6 0
-1.123000 0.548000 -1.261000 11 0
-1.024000 0.526000 -1.271000 12 0
-1.121000 0.535000 -1.064000 6 0
-1.125000 0.558000 -1.168000 7 0
-1.119000 0.577000 -1.272000 15 0
-1.012000 0.547000 -1.270000 13 0
-1.133000 0.574000 -1.089000 7 0
-1.131000 0.593000 -1.188000 6 0
-1.104000 0.600000 -1.271000 14 0
-0.999000 0.567000 -1.268000 14 0
-1.138000 0.611000 -1.110000 7 0
-1.136000 0.630000 -1.210000 6 0
-1.091000 0.624000 -1.271000 14 0
-0.989000 0.588000 -1.270000 14 0
-1.153000 0.655000 -1.142000 6 0
-1.153000 0.674000 -1.246000 9 0
-1.073000 0.645000 -1.267000 15 0
-0.973000 0.606000 -1.266000 14 0
-1.156000 0.693000 -1.163000 6 0
-1.155000 0.711000 -1.267000 13 0
-1.056000 0.666000 -1.265000 15 0
-0.953000 0.621000 -1.255000 11 0
-1.164000 0.736000 -1.190000 5 0
-1.136000 0.735000 -1.266000 14 0
-1.041000 0.689000 -1.266000 15 0
-0.946000 0.645000 -1.264000 15 0
-1.172000 0.780000 -1.219000 5 0
-1.118000 0.761000 -1.267000 17 0
-1.026000 0.712000 -1.266000 14 0
-0.928000 0.661000 -1.257000 11 0
-1.188000 0.832000 -1.258000 11 0
-1.098000 0.784000 -1.266000 14 0
-1.008000 0.732000 -1.264000 14 0
-0.923000 0.687000 -1.269000 15 0
-1.170000 0.862000 -1.264000 15 0
-1.078000 0.807000 -1.264000 13 0
-0.992000 0.754000 -1.265000 14 0
-0.906000 0.703000 -1.264000 15 0
-1.144000 0.885000 -1.260000 15 0
-1.059000 0.831000 -1.265000 14 0
-0.974000 0.775000 -1.264000 15 0
-0.891000 0.721000 -1.263000 15 0
-1.121000 0.911000 -1.261000 15 0
-1.038000 0.854000 -1.266000 13 0
-0.957000 0.795000 -1.264000 15 0
-0.876000 0.740000 -1.263000 15 0
-1.096000 0.934000 -1.260000 16 0
-1.016000 0.875000 -1.264000 14 0
-0.938000 0.815000 -1.263000 14 0
-0.861000 0.758000 -1.262000 15 0
-1.070000 0.957000 -1.259000 16 0
-0.992000 0.894000 -1.260000 13 0
-0.921000 0.836000 -1.264000 14 0
-0.842000 0.773000 -1.257000 19 0
-1.041000 0.977000 -1.255000 14 0
-0.969000 0.915000 -1.260000 14 0
-0.899000 0.852000 -1.260000 12 0
-0.827000 0.790000 -1.257000 17 0
-1.018000 1.002000 -1.259000 15 0
-0.946000 0.935000 -1.259000 13 0
-0.879000 0.870000 -1.259000 16 0
-0.810000 0.807000 -1.255000 18 0
-0.989000 1.020000 -1.254000 14 0
-0.923000 0.955000 -1.259000 15 0
-0.861000 0.890000 -1.260000 13 0
-0.794000 0.824000 -1.256000 19 0
-0.964000 1.042000 -1.257000 15 0
-0.897000 0.971000 -1.255000 14 0
-0.839000 0.906000 -1.256000 14 0
-0.778000 0.841000 -1.255000 18 0
-0.932000 1.057000 -1.251000 13 0
-0.874000 0.990000 -1.256000 14 0
-0.820000 0.925000 -1.259000 16 0
-0.761000 0.858000 -1.256000 19 0
-0.903000 1.075000 -1.249000 14 0
-0.850000 1.008000 -1.255000 15 0
-0.795000 0.937000 -1.251000 16 0
-0.742000 0.872000 -1.252000 22 0
-0.875000 1.092000 -1.248000 14 0
-0.824000 1.023000 -1.253000 16 0
-0.775000 0.954000 -1.252000 19 0
-0.724000 0.887000 -1.250000 21 0
-0.845000 1.108000 -1.246000 20 0
-0.798000 1.039000 -1.251000 18 0
-0.755000 0.972000 -1.253000 19 0
-0.708000 0.904000 -1.252000 21 0
-0.814000 1.121000 -1.242000 18 0
-0.772000 1.053000 -1.248000 19 0
-0.732000 0.987000 -1.252000 19 0
-0.686000 0.916000 -1.246000 20 0
-0.785000 1.136000 -1.242000 19 0
-0.747000 1.069000 -1.248000 18 0
-0.709000 1.000000 -1.249000 20 0
-0.671000 0.934000 -1.251000 21 0
-0.756000 1.153000 -1.243000 18 0
-0.720000 1.083000 -1.247000 19 0
-0.687000 1.014000 -1.248000 18 0
-0.651000 0.947000 -1.248000 20 0
-0.726000 1.166000 -1.242000 19 0
-0.695000 1.098000 -1.248000 21 0
-0.665000 1.030000 -1.249000 19 0
-0.633000 0.964000 -1.251000 21 0
-0.696000 1.180000 -1.242000 17 0
-0.668000 1.110000 -1.246000 19 0
-0.641000 1.042000 -1.246000 18 0
-0.613000 0.976000 -1.248000 21 0
-0.667000 1.192000 -1.242000 19 0
-0.641000 1.123000 -1.245000 20 0
-0.617000 1.052000 -1.243000 18 0
-0.592000 0.988000 -1.245000 22 0
-0.635000 1.201000 -1.239000 17 0
-0.614000 1.134000 -1.244000 22 0
-0.595000 1.068000 -1.245000 21 0
-0.573000 1.003000 -1.246000 21 0
-0.607000 1.216000 -1.243000 18 0
-0.586000 1.143000 -1.241000 19 0
-0.570000 1.078000 -1.242000 20 0
-0.552000 1.015000 -1.245000 22 0
-0.575000 1.224000 -1.240000 17 0
-0.559000 1.155000 -1.241000 19 0
-0.546000 1.088000 -1.240000 20 0
-0.531000 1.025000 -1.241000 21 0
-0.542000 1.228000 -1.234000 20 0
-0.532000 1.165000 -1.241000 18 0
-0.523000 1.101000 -1.242000 18 0
-0.512000 1.040000 -1.245000 20 0
-0.513000 1.241000 -1.239000 17 0
-0.504000 1.173000 -1.239000 21 0
-0.499000 1.113000 -1.242000 5 0
-0.489000 1.049000 -1.240000 22 0
-0.482000 1.247000 -1.238000 20 0
-0.476000 1.181000 -1.238000 21 0
-0.474000 1.121000 -1.239000 21 0
-0.466000 1.057000 -1.235000 11 0
-0.449000 1.249000 -1.232000 19 0
-0.448000 1.188000 -1.236000 21 0
-0.451000 1.136000 -1.244000 3 0
0.000000 -0.000000 -0.000000 0 0
-0.418000 1.255000 -1.232000 20 0
-0.422000 1.199000 -1.239000 22 0
-0.423000 1.137000 -1.235000 7 0
0.000000 -0.000000 -0.000000 0 0
-0.387000 1.260000 -1.231000 19 0
-0.393000 1.204000 -1.236000 21 0
-0.398000 1.145000 -1.233000 8 0
-0.401000 1.087000 -1.231000 0 0
-0.355000 1.260000 -1.227000 16 0
-0.364000 1.209000 -1.235000 18 0
-0.372000 1.149000 -1.229000 12 0
0.000000 -0.000000 -0.000000 0 0
-1.041000 0.977000 -1.255000 14 0
-0.969000 0.915000 -1.260000 14 0
-0.899000 0.852000 -1.260000 12 0
-0.827000 0.790000 -1.257000 17 0
-1.018000 1.002000 -1.259000 15 0
-0.946000 0.935000 -1.259000 13 0
-0.879000 0.870000 -1.259000 16 0
-0.810000 0.807000 -1.255000 18 0
-0.989000 1.020000 -1.254000 14 0
-0.923000 0.955000 -1.259000 15 0
-0.861000 0.890000 -1.260000 13 0
-0.794000 0.824000 -1.256000 19 0
-0.964000 1.042000 -1.257000 15 0
-0.897000 0.971000 -1.255000 14 0
-0.839000 0.906000 -1.256000 14 0
-0.778000 0.841000 -1.255000 18 0
-0.932000 1.057000 -1.251000 13 0
-0.874000 0.990000 -1.256000 14 0
-0.820000 0.925000 -1.259000 16 0
-0.761000 0.858000 -1.256000 19 0
-0.903000 1.075000 -1.249000 14 0
-0.850000 1.008000 -1.255000 15 0
-0.795000 0.937000 -1.251000 16 0
-0.742000 0.872000 -1.252000 22 0
-0.875000 1.092000 -1.248000 14 0
-0.824000 1.023000 -1.253000 16 0
-0.775000 0.954000 -1.252000 19 0
-0.724000 0.887000 -1.250000 21 0
-0.845000 1.108000 -1.246000 20 0
-0.798000 1.039000 -1.251000 18 0
-0.755000 0.972000 -1.253000 19 0
-0.708000 0.904000 -1.252000 21 0
-0.814000 1.121000 -1.242000 18 0
-0.772000 1.053000 -1.248000 19 0
-0.732000 0.987000 -1.252000 19 0
-0.686000 0.916000 -1.246000 20 0
-0.785000 1.136000 -1.242000 19 0
-0.747000 1.069000 -1.248000 18 0
-0.709000 1.000000 -1.249000 20 0
-0.671000 0.934000 -1.251000 21 0
-0.756000 1.153000 -1.243000 18 0
-0.720000 1.083000 -1.247000 19 0
-0.687000 1.014000 -1.248000 18 0
-0.651000 0.947000 -1.248000 20 0
-0.726000 1.166000 -1.242000 19 0
-0.695000 1.098000 -1.248000 21 0
-0.665000 1.030000 -1.249000 19 0
-0.633000 0.964000 -1.251000 21 0
-0.696000 1.180000 -1.242000 17 0
-0.668000 1.110000 -1.246000 19 0
-0.641000 1.042000 -1.246000 18 0
-0.613000 0.976000 -1.248000 21 0
-0.667000 1.192000 -1.242000 19 0
-0.641000 1.123000 -1.245000 20 0
-0.617000 1.052000 -1.243000 18 0
-0.592000 0.988000 -1.245000 22 0
-0.635000 1.201000 -1.239000 17 0
-0.614000 1.134000 -1.244000 22 0
-0.595000 1.068000 -1.245000 21 0
-0.573000 1.003000 -1.246000 21 0
-0.607000 1.216000 -1.243000 18 0
-0.586000 1.143000 -1.241000 19 0
-0.570000 1.078000 -1.242000 20 0
-0.552000 1.015000 -1.245000 22 0
-0.575000 1.224000 -1.240000 17 0
-0.559000 1.155000 -1.241000 19 0
-0.546000 1.088000 -1.240000 20 0
-0.531000 1.025000 -1.241000 21 0
-0.542000 1.228000 -1.234000 20 0
-0.532000 1.165000 -1.241000 18 0
-0.523000 1.101000 -1.242000 18 0
-0.512000 1.040000 -1.245000 20 0
-0.513000 1.241000 -1.239000 17 0
-0.504000 1.173000 -1.239000 21 0
-0.499000 1.113000 -1.242000 5 0
-0.489000 1.049000 -1.240000 22 0
-0.482000 1.247000 -1.238000 20 0
-0.476000 1.181000 -1.238000 21 0
-0.474000 1.121000 -1.239000 21 0
-0.466000 1.057000 -1.235000 11 0
-0.449000 1.249000 -1.232000 19 0
-0.448000 1.188000 -1.236000 21 0
-0.451000 1.136000 -1.244000 3 0
0.000000 -0.000000 -0.000000 0 0
-0.418000 1.255000 -1.232000 20 0
-0.422000 1.199000 -1.239000 22 0
-0.423000 1.137000 -1.235000 7 0
0.000000 -0.000000 -0.000000 0 0
-0.387000 1.260000 -1.231000 19 0
-0.393000 1.204000 -1.236000 21 0
-0.398000 1.145000 -1.233000 8 0
-0.401000 1.087000 -1.231000 0 0
-0.355000 1.260000 -1.227000 16 0
-0.364000 1.209000 -1.235000 18 0
-0.372000 1.149000 -1.229000 12 0
0.000000 -0.000000 -0.000000 0 0
