# x y z reflectivity tag
0.000000 -0.000000 -0.000000 0 128
0.000000 -0.000000 -0.000000 0 128
0.000000 -0.000000 -0.000000 0 128
0.000000 -0.000000 -0.000000 0 128
0.000000 -0.000000 -0.000000 0 128
0.000000 -0.000000 -0.000000 0 128
0.000000 -0.000000 -0.000000 0 128
0.000000 -0.000000 -0.000000 0 128
0.000000 -0.000000 -0.000000 0 128
0.000000 -0.000000 -0.000000 0 128
0.000000 -0.000000 -0.000000 0 128
0.000000 -0.000000 -0.000000 0 128
0.000000 -0.000000 -0.000000 0 128
0.000000 -0.000000 -0.000000 0 128
0.000000 -0.000000 -0.000000 0 128
0.000000 -0.000000 -0.000000 0 128
0.000000 -0.000000 -0.000000 0 128
0.000000 -0.000000 -0.000000 0 128
0.000000 -0.000000 -0.000000 0 128
0.000000 -0.000000 -0.000000 0 128
0.000000 -0.000000 -0.000000 0 128
0.000000 -0.000000 -0.000000 0 128
0.000000 -0.000000 -0.000000 0 128
0.000000 -0.000000 -0.000000 0 128
0.000000 -0.000000 -0.000000 0 128
0.000000 -0.000000 -0.000000 0 128
0.000000 -0.000000 -0.000000 0 128
0.000000 -0.000000 -0.000000 0 128
0.000000 -0.000000 -0.000000 0 128
0.000000 -0.000000 -0.000000 0 128
0.000000 -0.000000 -0.000000 0 128
0.000000 -0.000000 -0.000000 0 192
0.000000 -0.000000 -0.000000 0 128
0.000000 -0.000000 -0.000000 0 128
0.000000 -0.000000 -0.000000 0 128
0.000000 -0.000000 -0.000000 0 128
0.000000 -0.000000 -0.000000 0 128
0.000000 -0.000000 -0.000000 0 128
0.000000 -0.000000 -0.000000 0 128
0.000000 -0.000000 -0.000000 0 128
0.000000 -0.000000 -0.000000 0 128
0.000000 -0.000000 -0.000000 0 128
0.000000 -0.000000 -0.000000 0 192
0.000000 -0.000000 -0.000000 0 128
0.000000 -0.000000 -0.000000 0 128
0.000000 -0.000000 -0.000000 0 128
0.000000 -0.000000 -0.000000 0 192
0.000000 -0.000000 -0.000000 0 128
0.000000 -0.000000 -0.000000 0 128
0.000000 -0.000000 -0.000000 0 128
0.000000 -0.000000 -0.000000 0 192
0.000000 -0.000000 -0.000000 0 128
0.000000 -0.000000 -0.000000 0 128
0.000000 -0.000000 -0.000000 0 128
0.000000 -0.000000 -0.000000 0 128
0.000000 -0.000000 -0.000000 0 128
0.000000 -0.000000 -0.000000 0 128
0.000000 -0.000000 -0.000000 0 128
0.000000 -0.000000 -0.000000 0 128
0.000000 -0.000000 -0.000000 0 128
0.000000 -0.000000 -0.000000 0 128
0.000000 -0.000000 -0.000000 0 192
0.000000 -0.000000 -0.000000 0 128
0.000000 -0.000000 -0.000000 0 0
0.000000 -0.000000 -0.000000 0 128
0.000000 -0.000000 -0.000000 0 192
0.000000 -0.000000 -0.000000 0 128
0.000000 -0.000000 -0.000000 0 128
0.000000 -0.000000 -0.000000 0 128
0.000000 -0.000000 -0.000000 0 192
0.000000 -0.000000 -0.000000 0 128
0.000000 -0.000000 -0.000000 0 128
0.000000 -0.000000 -0.000000 0 128
0.000000 -0.000000 -0.000000 0 192
0.000000 -0.000000 -0.000000 0 0
0.000000 -0.000000 -0.000000 0 128
0.000000 -0.000000 -0.000000 0 128
0.000000 -0.000000 -0.000000 0 192
0.000000 -0.000000 -0.000000 0 0
0.000000 -0.000000 -0.000000 0 128
0.000000 -0.000000 -0.000000 0 128
0.000000 -0.000000 -0.000000 0 192
0.000000 -0.000000 -0.000000 0 128
0.000000 -0.000000 -0.000000 0 128
0.000000 -0.000000 -0.000000 0 128
0.000000 -0.000000 -0.000000 0 192
0.000000 -0.000000 -0.000000 0 128
0.000000 -0.000000 -0.000000 0 128
0.000000 -0.000000 -0.000000 0 128
0.000000 -0.000000 -0.000000 0 192
0.000000 -0.000000 -0.000000 0 128
0.000000 -0.000000 -0.000000 0 128
0.000000 -0.000000 -0.000000 0 128
0.000000 -0.000000 -0.000000 0 192
0.000000 -0.000000 -0.000000 0 128
0.000000 -0.000000 -0.000000 0 128
0.000000 -0.000000 -0.000000 0 128
0.000000 -0.000000 -0.000000 0 128
0.000000 -0.000000 -0.000000 0 128
0.000000 -0.000000 -0.000000 0 128
0.000000 -0.000000 -0.000000 0 128
0.000000 -0.000000 -0.000000 0 128
0.000000 -0.000000 -0.000000 0 128
0.000000 -0.000000 -0.000000 0 128
0.000000 -0.000000 -0.000000 0 128
0.000000 -0.000000 -0.000000 0 128
0.000000 -0.000000 -0.000000 0 128
0.000000 -0.000000 -0.000000 0 128
0.000000 -0.000000 -0.000000 0 128
0.000000 -0.000000 -0.000000 0 128
0.000000 -0.000000 -0.000000 0 128
0.000000 -0.000000 -0.000000 0 128
0.000000 -0.000000 -0.000000 0 128
0.000000 -0.000000 -0.000000 0 128
0.000000 -0.000000 -0.000000 0 128
0.000000 -0.000000 -0.000000 0 128
0.000000 -0.000000 -0.000000 0 128
0.000000 -0.000000 -0.000000 0 128
0.000000 -0.000000 -0.000000 0 128
0.000000 -0.000000 -0.000000 0 128
0.000000 -0.000000 -0.000000 0 128
0.000000 -0.000000 -0.000000 0 128
0.000000 -0.000000 -0.000000 0 128
0.000000 -0.000000 -0.000000 0 128
0.000000 -0.000000 -0.000000 0 128
0.000000 -0.000000 -0.000000 0 128
0.000000 -0.000000 -0.000000 0 128
0.000000 -0.000000 -0.000000 0 192
0.000000 -0.000000 -0.000000 0 128
0.000000 -0.000000 -0.000000 0 128
0.000000 -0.000000 -0.000000 0 128
0.000000 -0.000000 -0.000000 0 128
0.000000 -0.000000 -0.000000 0 128
0.000000 -0.000000 -0.000000 0 128
0.000000 -0.000000 -0.000000 0 128
0.000000 -0.000000 -0.000000 0 128
0.000000 -0.000000 -0.000000 0 128
0.000000 -0.000000 -0.000000 0 128
0.000000 -0.000000 -0.000000 0 192
0.000000 -0.000000 -0.000000 0 128
0.000000 -0.000000 -0.000000 0 128
0.000000 -0.000000 -0.000000 0 128
0.000000 -0.000000 -0.000000 0 192
0.000000 -0.000000 -0.000000 0 128
0.000000 -0.000000 -0.000000 0 128
0.000000 -0.000000 -0.000000 0 128
0.000000 -0.000000 -0.000000 0 192
0.000000 -0.000000 -0.000000 0 128
0.000000 -0.000000 -0.000000 0 128
0.000000 -0.000000 -0.000000 0 128
0.000000 -0.000000 -0.000000 0 128
0.000000 -0.000000 -0.000000 0 128
0.000000 -0.000000 -0.000000 0 128
0.000000 -0.000000 -0.000000 0 128
0.000000 -0.000000 -0.000000 0 128
0.000000 -0.000000 -0.000000 0 128
0.000000 -0.000000 -0.000000 0 128
0.000000 -0.000000 -0.000000 0 192
0.000000 -0.000000 -0.000000 0 128
0.000000 -0.000000 -0.000000 0 0
0.000000 -0.000000 -0.000000 0 128
0.000000 -0.000000 -0.000000 0 192
0.000000 -0.000000 -0.000000 0 128
0.000000 -0.000000 -0.000000 0 128
0.000000 -0.000000 -0.000000 0 128
0.000000 -0.000000 -0.000000 0 192
0.000000 -0.000000 -0.000000 0 128
0.000000 -0.000000 -0.000000 0 128
0.000000 -0.000000 -0.000000 0 128
0.000000 -0.000000 -0.000000 0 192
0.000000 -0.000000 -0.000000 0 0
0.000000 -0.000000 -0.000000 0 128
0.000000 -0.000000 -0.000000 0 128
0.000000 -0.000000 -0.000000 0 192
0.000000 -0.000000 -0.000000 0 0
0.000000 -0.000000 -0.000000 0 128
0.000000 -0.000000 -0.000000 0 128
0.000000 -0.000000 -0.000000 0 192
0.000000 -0.000000 -0.000000 0 128
0.000000 -0.000000 -0.000000 0 128
0.000000 -0.000000 -0.000000 0 128
0.000000 -0.000000 -0.000000 0 192
0.000000 -0.000000 -0.000000 0 128
0.000000 -0.000000 -0.000000 0 128
0.000000 -0.000000 -0.000000 0 128
0.000000 -0.000000 -0.000000 0 192
0.000000 -0.000000 -0.000000 0 128
0.000000 -0.000000 -0.000000 0 128
0.000000 -0.000000 -0.000000 0 128
0.000000 -0.000000 -0.000000 0 192
0.000000 -0.000000 -0.000000 0 128
0.000000 -0.000000 -0.000000 0 128
0.000000 -0.000000 -0.000000 0 128
0.000000 -0.000000 -0.000000 0 128
0.000000 -0.000000 -0.000000 0 128
0.000000 -0.000000 -0.000000 0 128
0.000000 -0.000000 -0.000000 0 128
0.000000 -0.000000 -0.000000 0 192
0.000000 -0.000000 -0.000000 0 128
0.000000 -0.000000 -0.000000 0 128
0.000000 -0.000000 -0.000000 0 128
0.000000 -0.000000 -0.000000 0 128
0.000000 -0.000000 -0.000000 0 128
0.000000 -0.000000 -0.000000 0 128
0.000000 -0.000000 -0.000000 0 128
0.000000 -0.000000 -0.000000 0 192
0.000000 -0.000000 -0.000000 0 128
0.000000 -0.000000 -0.000000 0 128
0.000000 -0.000000 -0.000000 0 128
0.000000 -0.000000 -0.000000 0 192
0.000000 -0.000000 -0.000000 0 128
0.000000 -0.000000 -0.000000 0 128
0.000000 -0.000000 -0.000000 0 128
0.000000 -0.000000 -0.000000 0 192
0.000000 -0.000000 -0.000000 0 128
0.000000 -0.000000 -0.000000 0 128
0.000000 -0.000000 -0.000000 0 128
0.000000 -0.000000 -0.000000 0 192
0.000000 -0.000000 -0.000000 0 128
0.000000 -0.000000 -0.000000 0 128
0.000000 -0.000000 -0.000000 0 128
0.000000 -0.000000 -0.000000 0 192
0.000000 -0.000000 -0.000000 0 128
0.000000 -0.000000 -0.000000 0 128
0.000000 -0.000000 -0.000000 0 128
0.000000 -0.000000 -0.000000 0 192
0.000000 -0.000000 -0.000000 0 128
0.000000 -0.000000 -0.000000 0 128
0.000000 -0.000000 -0.000000 0 128
0.000000 -0.000000 -0.000000 0 192
0.000000 -0.000000 -0.000000 0 128
0.000000 -0.000000 -0.000000 0 128
0.000000 -0.000000 -0.000000 0 128
0.000000 -0.000000 -0.000000 0 192
0.000000 -0.000000 -0.000000 0 128
0.000000 -0.000000 -0.000000 0 128
0.000000 -0.000000 -0.000000 0 128
0.000000 -0.000000 -0.000000 0 192
0.000000 -0.000000 -0.000000 0 128
0.000000 -0.000000 -0.000000 0 128
0.000000 -0.000000 -0.000000 0 128
0.000000 -0.000000 -0.000000 0 128
0.000000 -0.000000 -0.000000 0 192
0.000000 -0.000000 -0.000000 0 128
0.000000 -0.000000 -0.000000 0 128
0.000000 -0.000000 -0.000000 0 192
0.000000 -0.000000 -0.000000 0 128
0.000000 -0.000000 -0.000000 0 128
0.000000 -0.000000 -0.000000 0 128
0.000000 -0.000000 -0.000000 0 128
0.000000 -0.000000 -0.000000 0 192
0.000000 -0.000000 -0.000000 0 128
0.000000 -0.000000 -0.000000 0 128
0.000000 -0.000000 -0.000000 0 128
0.000000 -0.000000 -0.000000 0 128
0.000000 -0.000000 -0.000000 0 192
0.000000 -0.000000 -0.000000 0 128
0.000000 -0.000000 -0.000000 0 128
0.000000 -0.000000 -0.000000 0 128
0.000000 -0.000000 -0.000000 0 128
0.000000 -0.000000 -0.000000 0 128
0.000000 -0.000000 -0.000000 0 128
0.000000 -0.000000 -0.000000 0 128
0.000000 -0.000000 -0.000000 0 128
0.000000 -0.000000 -0.000000 0 128
0.000000 -0.000000 -0.000000 0 128
0.000000 -0.000000 -0.000000 0 128
0.000000 -0.000000 -0.000000 0 128
0.000000 -0.000000 -0.000000 0 128
0.000000 -0.000000 -0.000000 0 128
0.000000 -0.000000 -0.000000 0 128
0.000000 -0.000000 -0.000000 0 128
0.000000 -0.000000 -0.000000 0 128
0.000000 -0.000000 -0.000000 0 128
0.000000 -0.000000 -0.000000 0 128
0.000000 -0.000000 -0.000000 0 128
0.000000 -0.000000 -0.000000 0 128
0.000000 -0.000000 -0.000000 0 128
0.000000 -0.000000 -0.000000 0 128
0.000000 -0.000000 -0.000000 0 128
0.000000 -0.000000 -0.000000 0 128
0.000000 -0.000000 -0.000000 0 128
0.000000 -0.000000 -0.000000 0 128
0.000000 -0.000000 -0.000000 0 128
0.000000 -0.000000 -0.000000 0 128
0.000000 -0.000000 -0.000000 0 128
0.000000 -0.000000 -0.000000 0 128
0.000000 -0.000000 -0.000000 0 128
0.000000 -0.000000 -0.000000 0 128
0.000000 -0.000000 -0.000000 0 128
0.000000 -0.000000 -0.000000 0 128
0.000000 -0.000000 -0.000000 0 128
0.000000 -0.000000 -0.000000 0 128
0.000000 -0.000000 -0.000000 0 192
0.000000 -0.000000 -0.000000 0 128
0.000000 -0.000000 -0.000000 0 128
0.000000 -0.000000 -0.000000 0 128
0.000000 -0.000000 -0.000000 0 128
0.000000 -0.000000 -0.000000 0 128
0.000000 -0.000000 -0.000000 0 128
0.000000 -0.000000 -0.000000 0 128
0.000000 -0.000000 -0.000000 0 192
0.000000 -0.000000 -0.000000 0 128
0.000000 -0.000000 -0.000000 0 128
0.000000 -0.000000 -0.000000 0 128
0.000000 -0.000000 -0.000000 0 192
0.000000 -0.000000 -0.000000 0 128
0.000000 -0.000000 -0.000000 0 128
0.000000 -0.000000 -0.000000 0 128
0.000000 -0.000000 -0.000000 0 192
0.000000 -0.000000 -0.000000 0 128
0.000000 -0.000000 -0.000000 0 128
0.000000 -0.000000 -0.000000 0 128
0.000000 -0.000000 -0.000000 0 192
0.000000 -0.000000 -0.000000 0 128
0.000000 -0.000000 -0.000000 0 128
0.000000 -0.000000 -0.000000 0 128
0.000000 -0.000000 -0.000000 0 192
0.000000 -0.000000 -0.000000 0 128
0.000000 -0.000000 -0.000000 0 128
0.000000 -0.000000 -0.000000 0 128
0.000000 -0.000000 -0.000000 0 192
0.000000 -0.000000 -0.000000 0 128
0.000000 -0.000000 -0.000000 0 128
0.000000 -0.000000 -0.000000 0 128
0.000000 -0.000000 -0.000000 0 192
0.000000 -0.000000 -0.000000 0 128
0.000000 -0.000000 -0.000000 0 128
0.000000 -0.000000 -0.000000 0 128
0.000000 -0.000000 -0.000000 0 192
0.000000 -0.000000 -0.000000 0 128
0.000000 -0.000000 -0.000000 0 128
0.000000 -0.000000 -0.000000 0 128
0.000000 -0.000000 -0.000000 0 192
0.000000 -0.000000 -0.000000 0 128
0.000000 -0.000000 -0.000000 0 128
0.000000 -0.000000 -0.000000 0 128
0.000000 -0.000000 -0.000000 0 128
0.000000 -0.000000 -0.000000 0 192
0.000000 -0.000000 -0.000000 0 128
0.000000 -0.000000 -0.000000 0 128
0.000000 -0.000000 -0.000000 0 192
0.000000 -0.000000 -0.000000 0 128
0.000000 -0.000000 -0.000000 0 128
0.000000 -0.000000 -0.000000 0 128
0.000000 -0.000000 -0.000000 0 128
0.000000 -0.000000 -0.000000 0 192
0.000000 -0.000000 -0.000000 0 128
0.000000 -0.000000 -0.000000 0 128
0.000000 -0.000000 -0.000000 0 128
0.000000 -0.000000 -0.000000 0 128
0.000000 -0.000000 -0.000000 0 192
0.000000 -0.000000 -0.000000 0 128
0.000000 -0.000000 -0.000000 0 128
0.000000 -0.000000 -0.000000 0 128
0.000000 -0.000000 -0.000000 0 128
0.000000 -0.000000 -0.000000 0 128
0.000000 -0.000000 -0.000000 0 128
0.000000 -0.000000 -0.000000 0 128
0.000000 -0.000000 -0.000000 0 128
0.000000 -0.000000 -0.000000 0 128
0.000000 -0.000000 -0.000000 0 128
0.000000 -0.000000 -0.000000 0 128
0.000000 -0.000000 -0.000000 0 128
0.000000 -0.000000 -0.000000 0 128
0.000000 -0.000000 -0.000000 0 128
0.000000 -0.000000 -0.000000 0 128
0.000000 -0.000000 -0.000000 0 128
0.000000 -0.000000 -0.000000 0 128
0.000000 -0.000000 -0.000000 0 128
0.000000 -0.000000 -0.000000 0 128
0.000000 -0.000000 -0.000000 0 128
0.000000 -0.000000 -0.000000 0 128
0.000000 -0.000000 -0.000000 0 128
0.000000 -0.000000 -0.000000 0 128
0.000000 -0.000000 -0.000000 0 128
0.000000 -0.000000 -0.000000 0 128
0.000000 -0.000000 -0.000000 0 128
0.000000 -0.000000 -0.000000 0 128
0.000000 -0.000000 -0.000000 0 128
0.000000 -0.000000 -0.000000 0 128
0.000000 -0.000000 -0.000000 0 128
0.000000 -0.000000 -0.000000 0 128
0.000000 -0.000000 -0.000000 0 128
0.000000 -0.000000 -0.000000 0 128
0.000000 -0.000000 -0.000000 0 128
0.000000 -0.000000 -0.000000 0 128
0.000000 -0.000000 -0.000000 0 128
0.000000 -0.000000 -0.000000 0 128
0.000000 -0.000000 -0.000000 0 128
0.000000 -0.000000 -0.000000 0 128
0.000000 -0.000000 -0.000000 0 128
0.000000 -0.000000 -0.000000 0 128
0.000000 -0.000000 -0.000000 0 128
0.000000 -0.000000 -0.000000 0 128
0.000000 -0.000000 -0.000000 0 128
0.000000 -0.000000 -0.000000 0 128
0.000000 -0.000000 -0.000000 0 128
0.000000 -0.000000 -0.000000 0 128
0.000000 -0.000000 -0.000000 0 128
0.000000 -0.000000 -0.000000 0 128
0.000000 -0.000000 -0.000000 0 128
0.000000 -0.000000 -0.000000 0 128
0.000000 -0.000000 -0.000000 0 128
0.000000 -0.000000 -0.000000 0 128
0.000000 -0.000000 -0.000000 0 192
0.000000 -0.000000 -0.000000 0 128
0.000000 -0.000000 -0.000000 0 128
0.000000 -0.000000 -0.000000 0 128
0.000000 -0.000000 -0.000000 0 128
0.000000 -0.000000 -0.000000 0 128
0.000000 -0.000000 -0.000000 0 128
0.000000 -0.000000 -0.000000 0 192
0.000000 -0.000000 -0.000000 0 192
0.000000 -0.000000 -0.000000 0 128
0.000000 -0.000000 -0.000000 0 128
0.000000 -0.000000 -0.000000 0 192
0.000000 -0.000000 -0.000000 0 128
0.000000 -0.000000 -0.000000 0 128
0.000000 -0.000000 -0.000000 0 128
0.000000 -0.000000 -0.000000 0 128
0.000000 -0.000000 -0.000000 0 128
0.000000 -0.000000 -0.000000 0 128
0.000000 -0.000000 -0.000000 0 192
0.000000 -0.000000 -0.000000 0 192
0.000000 -0.000000 -0.000000 0 128
0.000000 -0.000000 -0.000000 0 192
0.000000 -0.000000 -0.000000 0 192
0.000000 -0.000000 -0.000000 0 128
0.000000 -0.000000 -0.000000 0 128
0.000000 -0.000000 -0.000000 0 192
0.000000 -0.000000 -0.000000 0 192
0.000000 -0.000000 -0.000000 0 128
0.000000 -0.000000 -0.000000 0 192
0.000000 -0.000000 -0.000000 0 192
0.881000 -1.003000 -1.219000 10 0
0.000000 -0.000000 -0.000000 0 128
0.000000 -0.000000 -0.000000 0 192
0.000000 -0.000000 -0.000000 0 0
0.855000 -1.020000 -1.217000 13 0
0.000000 -0.000000 -0.000000 0 192
0.000000 -0.000000 -0.000000 0 192
0.000000 -0.000000 -0.000000 0 0
0.810000 -1.011000 -1.186000 35 0
0.000000 -0.000000 -0.000000 0 192
0.000000 -0.000000 -0.000000 0 192
0.812000 -0.969000 -1.216000 13 0
0.752000 -0.983000 -1.135000 25 0
0.000000 -0.000000 -0.000000 0 192
0.000000 -0.000000 -0.000000 0 0
0.784000 -0.979000 -1.208000 10 0
0.747000 -1.023000 -1.165000 33 0
0.000000 -0.000000 -0.000000 0 192
0.780000 -0.923000 -1.217000 13 0
0.743000 -0.971000 -1.178000 5 0
0.756000 -1.087000 -1.220000 16 0
0.000000 -0.000000 -0.000000 0 192
0.764000 -0.946000 -1.223000 15 0
0.733000 -1.004000 -1.198000 6 0
0.731000 -1.103000 -1.222000 17 0
0.000000 -0.000000 -0.000000 0 0
0.743000 -0.964000 -1.223000 15 0
0.727000 -1.044000 -1.226000 14 0
0.706000 -1.118000 -1.223000 17 0
0.735000 -0.896000 -1.216000 16 0
0.723000 -0.981000 -1.222000 14 0
0.700000 -1.054000 -1.219000 13 0
0.680000 -1.132000 -1.224000 16 0
0.719000 -0.918000 -1.220000 16 0
0.703000 -1.000000 -1.224000 13 0
0.678000 -1.071000 -1.222000 15 0
0.654000 -1.146000 -1.226000 16 0
0.699000 -0.935000 -1.217000 17 0
0.681000 -1.017000 -1.223000 12 0
0.655000 -1.088000 -1.225000 16 0
0.628000 -1.159000 -1.227000 17 0
0.682000 -0.956000 -1.220000 15 0
0.660000 -1.034000 -1.224000 14 0
0.631000 -1.104000 -1.227000 18 0
0.600000 -1.170000 -1.226000 18 0
0.000000 -0.000000 -0.000000 0 128
0.000000 -0.000000 -0.000000 0 128
0.000000 -0.000000 -0.000000 0 128
0.000000 -0.000000 -0.000000 0 128
0.000000 -0.000000 -0.000000 0 128
0.000000 -0.000000 -0.000000 0 128
0.000000 -0.000000 -0.000000 0 128
0.000000 -0.000000 -0.000000 0 128
0.000000 -0.000000 -0.000000 0 128
0.000000 -0.000000 -0.000000 0 128
0.000000 -0.000000 -0.000000 0 128
0.000000 -0.000000 -0.000000 0 128
0.000000 -0.000000 -0.000000 0 128
0.000000 -0.000000 -0.000000 0 128
0.000000 -0.000000 -0.000000 0 128
0.000000 -0.000000 -0.000000 0 128
0.000000 -0.000000 -0.000000 0 128
0.000000 -0.000000 -0.000000 0 128
0.000000 -0.000000 -0.000000 0 128
0.000000 -0.000000 -0.000000 0 128
0.000000 -0.000000 -0.000000 0 128
0.000000 -0.000000 -0.000000 0 192
0.000000 -0.000000 -0.000000 0 128
0.000000 -0.000000 -0.000000 0 128
0.000000 -0.000000 -0.000000 0 128
0.000000 -0.000000 -0.000000 0 128
0.000000 -0.000000 -0.000000 0 128
0.000000 -0.000000 -0.000000 0 128
0.000000 -0.000000 -0.000000 0 192
0.000000 -0.000000 -0.000000 0 192
0.000000 -0.000000 -0.000000 0 128
0.000000 -0.000000 -0.000000 0 128
0.000000 -0.000000 -0.000000 0 192
0.000000 -0.000000 -0.000000 0 128
0.000000 -0.000000 -0.000000 0 128
0.000000 -0.000000 -0.000000 0 128
0.000000 -0.000000 -0.000000 0 128
0.000000 -0.000000 -0.000000 0 128
0.000000 -0.000000 -0.000000 0 128
0.000000 -0.000000 -0.000000 0 192
0.000000 -0.000000 -0.000000 0 192
0.000000 -0.000000 -0.000000 0 128
0.000000 -0.000000 -0.000000 0 192
0.000000 -0.000000 -0.000000 0 192
0.000000 -0.000000 -0.000000 0 128
0.000000 -0.000000 -0.000000 0 128
0.000000 -0.000000 -0.000000 0 192
0.000000 -0.000000 -0.000000 0 192
0.000000 -0.000000 -0.000000 0 128
0.000000 -0.000000 -0.000000 0 192
0.000000 -0.000000 -0.000000 0 192
0.881000 -1.003000 -1.219000 10 0
0.000000 -0.000000 -0.000000 0 128
0.000000 -0.000000 -0.000000 0 192
0.000000 -0.000000 -0.000000 0 0
0.855000 -1.020000 -1.217000 13 0
0.000000 -0.000000 -0.000000 0 192
0.000000 -0.000000 -0.000000 0 192
0.000000 -0.000000 -0.000000 0 0
0.810000 -1.011000 -1.186000 35 0
0.000000 -0.000000 -0.000000 0 192
0.000000 -0.000000 -0.000000 0 192
0.812000 -0.969000 -1.216000 13 0
0.752000 -0.983000 -1.135000 25 0
0.000000 -0.000000 -0.000000 0 192
0.000000 -0.000000 -0.000000 0 0
0.784000 -0.979000 -1.208000 10 0
0.747000 -1.023000 -1.165000 33 0
0.000000 -0.000000 -0.000000 0 192
0.780000 -0.923000 -1.217000 13 0
0.743000 -0.971000 -1.178000 5 0
0.756000 -1.087000 -1.220000 16 0
0.000000 -0.000000 -0.000000 0 192
0.764000 -0.946000 -1.223000 15 0
0.733000 -1.004000 -1.198000 6 0
0.731000 -1.103000 -1.222000 17 0
0.000000 -0.000000 -0.000000 0 0
0.743000 -0.964000 -1.223000 15 0
0.727000 -1.044000 -1.226000 14 0
0.706000 -1.118000 -1.223000 17 0
0.735000 -0.896000 -1.216000 16 0
0.723000 -0.981000 -1.222000 14 0
0.700000 -1.054000 -1.219000 13 0
0.680000 -1.132000 -1.224000 16 0
0.719000 -0.918000 -1.220000 16 0
0.703000 -1.000000 -1.224000 13 0
0.678000 -1.071000 -1.222000 15 0
0.654000 -1.146000 -1.226000 16 0
0.699000 -0.935000 -1.217000 17 0
0.681000 -1.017000 -1.223000 12 0
0.655000 -1.088000 -1.225000 16 0
0.628000 -1.159000 -1.227000 17 0
0.682000 -0.956000 -1.220000 15 0
0.660000 -1.034000 -1.224000 14 0
0.631000 -1.104000 -1.227000 18 0
0.600000 -1.170000 -1.226000 18 0
0.663000 -0.974000 -1.219000 16 0
0.639000 -1.052000 -1.227000 16 0
0.606000 -1.116000 -1.226000 17 0
0.574000 -1.183000 -1.229000 20 0
0.644000 -0.994000 -1.221000 15 0
0.616000 -1.067000 -1.226000 16 0
0.581000 -1.130000 -1.227000 17 0
0.546000 -1.193000 -1.229000 17 0
0.623000 -1.011000 -1.221000 15 0
0.596000 -1.088000 -1.232000 19 0
0.559000 -1.149000 -1.234000 17 0
0.520000 -1.205000 -1.232000 15 0
0.603000 -1.030000 -1.222000 15 0
0.570000 -1.099000 -1.228000 17 0
0.531000 -1.155000 -1.229000 18 0
0.493000 -1.215000 -1.234000 16 0
0.585000 -1.053000 -1.229000 20 0
0.546000 -1.112000 -1.227000 16 0
0.508000 -1.172000 -1.235000 16 0
0.467000 -1.230000 -1.241000 3 0
0.565000 -1.072000 -1.232000 21 0
0.525000 -1.132000 -1.234000 17 0
0.480000 -1.179000 -1.231000 10 0
0.000000 -0.000000 -0.000000 0 0
0.542000 -1.087000 -1.231000 19 0
0.502000 -1.149000 -1.238000 16 0
0.000000 -0.000000 -0.000000 0 0
0.039000 -0.119000 -0.119000 1 16
0.520000 -1.106000 -1.233000 17 0
0.472000 -1.151000 -1.227000 6 0
0.042000 -0.120000 -0.123000 1 16
0.000000 -0.000000 -0.000000 0 0
0.496000 -1.121000 -1.233000 16 0
0.000000 -0.000000 -0.000000 0 0
0.000000 -0.000000 -0.000000 0 0
0.031000 -0.111000 -0.110000 1 0
0.472000 -1.136000 -1.233000 4 0
0.043000 -0.121000 -0.126000 1 16
0.034000 -0.113000 -0.114000 0 0
0.000000 -0.000000 -0.000000 0 0
0.000000 -0.000000 -0.000000 0 0
0.000000 -0.000000 -0.000000 0 0
0.000000 -0.000000 -0.000000 0 0
0.026000 -0.112000 -0.110000 1 0
0.041000 -0.113000 -0.120000 1 16
0.036000 -0.116000 -0.119000 0 0
0.029000 -0.112000 -0.112000 0 0
0.000000 -0.000000 -0.000000 0 0
0.000000 -0.000000 -0.000000 0 0
0.000000 -0.000000 -0.000000 0 0
0.000000 -0.000000 -0.000000 0 0
0.017000 -0.092000 -0.090000 0 0
0.032000 -0.105000 -0.108000 0 0
0.029000 -0.113000 -0.114000 0 0
0.023000 -0.108000 -0.107000 0 0
0.000000 -0.000000 -0.000000 0 0
0.000000 -0.000000 -0.000000 0 0
0.000000 -0.000000 -0.000000 0 0
0.000000 -0.000000 -0.000000 0 0
0.000000 -0.000000 -0.000000 0 192
0.028000 -0.109000 -0.110000 1 0
0.024000 -0.115000 -0.115000 0 0
0.000000 -0.000000 -0.000000 0 192
0.000000 -0.000000 -0.000000 0 128
0.000000 -0.000000 -0.000000 0 0
0.000000 -0.000000 -0.000000 0 0
0.000000 -0.000000 -0.000000 0 192
0.009000 -0.096000 -0.094000 0 0
0.023000 -0.110000 -0.110000 1 0
0.012000 -0.075000 -0.074000 0 16
0.000000 -0.000000 -0.000000 0 128
0.000000 -0.000000 -0.000000 0 0
0.000000 -0.000000 -0.000000 0 0
0.000000 -0.000000 -0.000000 0 0
0.000000 -0.000000 -0.000000 0 128
0.000000 -0.000000 -0.000000 0 128
0.000000 -0.000000 -0.000000 0 192
0.000000 -0.000000 -0.000000 0 128
0.010000 -0.127000 -0.124000 0 16
0.000000 -0.000000 -0.000000 0 128
0.000000 -0.000000 -0.000000 0 192
0.000000 -0.000000 -0.000000 0 128
0.000000 -0.000000 -0.000000 0 0
0.000000 -0.000000 -0.000000 0 128
0.000000 -0.000000 -0.000000 0 128
0.009000 -0.119000 -0.116000 0 0
0.000000 -0.000000 -0.000000 0 128
0.000000 -0.000000 -0.000000 0 128
0.000000 -0.000000 -0.000000 0 128
0.000000 -0.000000 -0.000000 0 0
0.000000 -0.000000 -0.000000 0 128
-0.003000 -0.119000 -0.117000 1 0
0.006000 -0.083000 -0.080000 0 0
0.000000 -0.000000 -0.000000 0 128
-0.001000 -0.116000 -0.113000 0 0
0.000000 -0.000000 -0.000000 0 0
0.663000 -0.974000 -1.219000 16 0
0.639000 -1.052000 -1.227000 16 0
0.606000 -1.116000 -1.226000 17 0
0.574000 -1.183000 -1.229000 20 0
0.644000 -0.994000 -1.221000 15 0
0.616000 -1.067000 -1.226000 16 0
0.581000 -1.130000 -1.227000 17 0
0.546000 -1.193000 -1.229000 17 0
0.623000 -1.011000 -1.221000 15 0
0.596000 -1.088000 -1.232000 19 0
0.559000 -1.149000 -1.234000 17 0
0.520000 -1.205000 -1.232000 15 0
0.603000 -1.030000 -1.222000 15 0
0.570000 -1.099000 -1.228000 17 0
0.531000 -1.155000 -1.229000 18 0
0.493000 -1.215000 -1.234000 16 0
0.585000 -1.053000 -1.229000 20 0
0.546000 -1.112000 -1.227000 16 0
0.508000 -1.172000 -1.235000 16 0
0.467000 -1.230000 -1.241000 3 0
0.565000 -1.072000 -1.232000 21 0
0.525000 -1.132000 -1.234000 17 0
0.480000 -1.179000 -1.231000 10 0
0.000000 -0.000000 -0.000000 0 0
0.542000 -1.087000 -1.231000 19 0
0.502000 -1.149000 -1.238000 16 0
0.000000 -0.000000 -0.000000 0 0
0.039000 -0.119000 -0.119000 1 16
0.520000 -1.106000 -1.233000 17 0
0.472000 -1.151000 -1.227000 6 0
0.042000 -0.120000 -0.123000 1 16
0.000000 -0.000000 -0.000000 0 0
0.496000 -1.121000 -1.233000 16 0
0.000000 -0.000000 -0.000000 0 0
0.000000 -0.000000 -0.000000 0 0
0.031000 -0.111000 -0.110000 1 0
0.472000 -1.136000 -1.233000 4 0
0.043000 -0.121000 -0.126000 1 16
0.034000 -0.113000 -0.114000 0 0
0.000000 -0.000000 -0.000000 0 0
0.000000 -0.000000 -0.000000 0 0
0.000000 -0.000000 -0.000000 0 0
0.000000 -0.000000 -0.000000 0 0
0.026000 -0.112000 -0.110000 1 0
0.041000 -0.113000 -0.120000 1 16
0.036000 -0.116000 -0.119000 0 0
0.029000 -0.112000 -0.112000 0 0
0.000000 -0.000000 -0.000000 0 0
0.000000 -0.000000 -0.000000 0 0
0.000000 -0.000000 -0.000000 0 0
0.000000 -0.000000 -0.000000 0 0
0.017000 -0.092000 -0.090000 0 0
0.032000 -0.105000 -0.108000 0 0
0.029000 -0.113000 -0.114000 0 0
0.023000 -0.108000 -0.107000 0 0
0.000000 -0.000000 -0.000000 0 0
0.000000 -0.000000 -0.000000 0 0
0.000000 -0.000000 -0.000000 0 0
0.000000 -0.000000 -0.000000 0 0
0.000000 -0.000000 -0.000000 0 192
0.028000 -0.109000 -0.110000 1 0
0.024000 -0.115000 -0.115000 0 0
0.000000 -0.000000 -0.000000 0 192
0.000000 -0.000000 -0.000000 0 128
0.000000 -0.000000 -0.000000 0 0
0.000000 -0.000000 -0.000000 0 0
0.000000 -0.000000 -0.000000 0 192
0.009000 -0.096000 -0.094000 0 0
0.023000 -0.110000 -0.110000 1 0
0.012000 -0.075000 -0.074000 0 16
0.000000 -0.000000 -0.000000 0 128
0.000000 -0.000000 -0.000000 0 0
0.000000 -0.000000 -0.000000 0 0
0.000000 -0.000000 -0.000000 0 0
0.000000 -0.000000 -0.000000 0 128
0.000000 -0.000000 -0.000000 0 128
0.000000 -0.000000 -0.000000 0 192
0.000000 -0.000000 -0.000000 0 128
0.010000 -0.127000 -0.124000 0 16
0.000000 -0.000000 -0.000000 0 128
0.000000 -0.000000 -0.000000 0 192
0.000000 -0.000000 -0.000000 0 128
0.000000 -0.000000 -0.000000 0 0
0.000000 -0.000000 -0.000000 0 128
0.000000 -0.000000 -0.000000 0 128
0.009000 -0.119000 -0.116000 0 0
0.000000 -0.000000 -0.000000 0 128
0.000000 -0.000000 -0.000000 0 128
0.000000 -0.000000 -0.000000 0 128
0.000000 -0.000000 -0.000000 0 0
0.000000 -0.000000 -0.000000 0 128
-0.003000 -0.119000 -0.117000 1 0
0.006000 -0.083000 -0.080000 0 0
0.000000 -0.000000 -0.000000 0 128
-0.001000 -0.116000 -0.113000 0 0
0.000000 -0.000000 -0.000000 0 0
0.000000 -0.000000 -0.000000 0 0
0.000000 -0.000000 -0.000000 0 128
0.000000 -0.000000 -0.000000 0 0
-0.008000 -0.120000 -0.119000 1 0
0.000000 -0.000000 -0.000000 0 128
-0.001000 -0.125000 -0.120000 0 0
-0.006000 -0.123000 -0.120000 0 0
0.000000 -0.000000 -0.000000 0 0
0.000000 -0.000000 -0.000000 0 128
0.000000 -0.000000 -0.000000 0 0
0.000000 -0.000000 -0.000000 0 0
-0.014000 -0.122000 -0.122000 1 0
-0.002000 -0.114000 -0.107000 0 0
-0.007000 -0.126000 -0.121000 0 0
-0.011000 -0.122000 -0.120000 0 0
0.000000 -0.000000 -0.000000 0 0
0.000000 -0.000000 -0.000000 0 0
0.000000 -0.000000 -0.000000 0 0
0.000000 -0.000000 -0.000000 0 0
-0.019000 -0.120000 -0.122000 1 0
-0.008000 -0.123000 -0.115000 0 0
-0.013000 -0.127000 -0.123000 0 0
-0.019000 -0.135000 -0.134000 0 16
0.000000 -0.000000 -0.000000 0 0
0.000000 -0.000000 -0.000000 0 0
0.000000 -0.000000 -0.000000 0 0
0.000000 -0.000000 -0.000000 0 0
0.000000 -0.000000 -0.000000 0 0
-0.014000 -0.123000 -0.115000 0 0
-0.021000 -0.140000 -0.135000 0 16
-0.175000 -0.937000 -0.936000 1 0
0.000000 -0.000000 -0.000000 0 0
0.000000 -0.000000 -0.000000 0 0
0.000000 -0.000000 -0.000000 0 0
-0.201000 -0.961000 -0.965000 0 0
0.000000 -0.000000 -0.000000 0 0
-0.144000 -0.893000 -0.836000 8 0
-0.177000 -0.899000 -0.872000 7 0
-0.247000 -1.064000 -1.074000 2 0
0.000000 -0.000000 -0.000000 0 128
-0.166000 -0.898000 -0.842000 10 0
-0.199000 -0.901000 -0.877000 7 0
-0.231000 -0.904000 -0.917000 1 0
0.000000 -0.000000 -0.000000 0 128
-0.189000 -0.905000 -0.849000 10 0
0.000000 -0.000000 -0.000000 0 0
0.000000 -0.000000 -0.000000 0 0
0.000000 -0.000000 -0.000000 0 128
-0.200000 -0.856000 -0.805000 0 0
0.000000 -0.000000 -0.000000 0 0
0.000000 -0.000000 -0.000000 0 0
0.000000 -0.000000 -0.000000 0 128
-0.235000 -0.908000 -0.857000 9 0
0.000000 -0.000000 -0.000000 0 0
0.000000 -0.000000 -0.000000 0 128
-0.413000 -1.142000 -1.245000 1 0
-0.258000 -0.908000 -0.860000 9 0
0.000000 -0.000000 -0.000000 0 0
0.000000 -0.000000 -0.000000 0 128
-0.443000 -1.148000 -1.264000 3 0
-0.284000 -0.917000 -0.871000 7 0
0.000000 -0.000000 -0.000000 0 0
0.000000 -0.000000 -0.000000 0 128
-0.468000 -1.143000 -1.272000 8 0
-0.307000 -0.914000 -0.873000 2 0
0.000000 -0.000000 -0.000000 0 128
0.000000 -0.000000 -0.000000 0 128
-0.489000 -1.125000 -1.266000 9 0
0.000000 -0.000000 -0.000000 0 0
0.000000 -0.000000 -0.000000 0 128
-0.502000 -1.179000 -1.266000 3 0
-0.512000 -1.114000 -1.269000 7 0
0.000000 -0.000000 -0.000000 0 0
0.000000 -0.000000 -0.000000 0 128
-0.525000 -1.161000 -1.259000 6 0
-0.537000 -1.107000 -1.276000 4 0
0.000000 -0.000000 -0.000000 0 128
0.000000 -0.000000 -0.000000 0 128
-0.555000 -1.160000 -1.272000 8 0
-0.561000 -1.098000 -1.281000 4 0
0.000000 -0.000000 -0.000000 0 192
-0.573000 -1.205000 -1.254000 1 0
-0.580000 -1.147000 -1.272000 10 0
-0.578000 -1.075000 -1.271000 7 0
0.000000 -0.000000 -0.000000 0 192
-0.609000 -1.209000 -1.270000 3 0
-0.604000 -1.133000 -1.271000 12 0
-0.597000 -1.058000 -1.268000 12 0
0.000000 -0.000000 -0.000000 0 192
-0.631000 -1.186000 -1.259000 12 0
-0.627000 -1.118000 -1.270000 15 0
-0.620000 -1.046000 -1.273000 16 0
0.000000 -0.000000 -0.000000 0 128
-0.641000 -1.142000 -1.227000 25 0
-0.649000 -1.100000 -1.266000 29 0
-0.640000 -1.031000 -1.273000 15 0
0.000000 -0.000000 -0.000000 0 0
0.000000 -0.000000 -0.000000 0 128
0.000000 -0.000000 -0.000000 0 0
-0.008000 -0.120000 -0.119000 1 0
0.000000 -0.000000 -0.000000 0 128
-0.001000 -0.125000 -0.120000 0 0
-0.006000 -0.123000 -0.120000 0 0
0.000000 -0.000000 -0.000000 0 0
0.000000 -0.000000 -0.000000 0 128
0.000000 -0.000000 -0.000000 0 0
0.000000 -0.000000 -0.000000 0 0
-0.014000 -0.122000 -0.122000 1 0
-0.002000 -0.114000 -0.107000 0 0
-0.007000 -0.126000 -0.121000 0 0
-0.011000 -0.122000 -0.120000 0 0
0.000000 -0.000000 -0.000000 0 0
0.000000 -0.000000 -0.000000 0 0
0.000000 -0.000000 -0.000000 0 0
0.000000 -0.000000 -0.000000 0 0
-0.019000 -0.120000 -0.122000 1 0
-0.008000 -0.123000 -0.115000 0 0
-0.013000 -0.127000 -0.123000 0 0
-0.019000 -0.135000 -0.134000 0 16
0.000000 -0.000000 -0.000000 0 0
0.000000 -0.000000 -0.000000 0 0
0.000000 -0.000000 -0.000000 0 0
0.000000 -0.000000 -0.000000 0 0
0.000000 -0.000000 -0.000000 0 0
-0.014000 -0.123000 -0.115000 0 0
-0.021000 -0.140000 -0.135000 0 16
-0.175000 -0.937000 -0.936000 1 0
0.000000 -0.000000 -0.000000 0 0
0.000000 -0.000000 -0.000000 0 0
0.000000 -0.000000 -0.000000 0 0
-0.201000 -0.961000 -0.965000 0 0
0.000000 -0.000000 -0.000000 0 0
-0.144000 -0.893000 -0.836000 8 0
-0.177000 -0.899000 -0.872000 7 0
-0.247000 -1.064000 -1.074000 2 0
0.000000 -0.000000 -0.000000 0 128
-0.166000 -0.898000 -0.842000 10 0
-0.199000 -0.901000 -0.877000 7 0
-0.231000 -0.904000 -0.917000 1 0
0.000000 -0.000000 -0.000000 0 128
-0.189000 -0.905000 -0.849000 10 0
0.000000 -0.000000 -0.000000 0 0
0.000000 -0.000000 -0.000000 0 0
0.000000 -0.000000 -0.000000 0 128
-0.200000 -0.856000 -0.805000 0 0
0.000000 -0.000000 -0.000000 0 0
0.000000 -0.000000 -0.000000 0 0
0.000000 -0.000000 -0.000000 0 128
-0.235000 -0.908000 -0.857000 9 0
0.000000 -0.000000 -0.000000 0 0
0.000000 -0.000000 -0.000000 0 128
-0.413000 -1.142000 -1.245000 1 0
-0.258000 -0.908000 -0.860000 9 0
0.000000 -0.000000 -0.000000 0 0
0.000000 -0.000000 -0.000000 0 128
-0.443000 -1.148000 -1.264000 3 0
-0.284000 -0.917000 -0.871000 7 0
0.000000 -0.000000 -0.000000 0 0
0.000000 -0.000000 -0.000000 0 128
-0.468000 -1.143000 -1.272000 8 0
-0.307000 -0.914000 -0.873000 2 0
0.000000 -0.000000 -0.000000 0 128
0.000000 -0.000000 -0.000000 0 128
-0.489000 -1.125000 -1.266000 9 0
0.000000 -0.000000 -0.000000 0 0
0.000000 -0.000000 -0.000000 0 128
-0.502000 -1.179000 -1.266000 3 0
-0.512000 -1.114000 -1.269000 7 0
0.000000 -0.000000 -0.000000 0 0
0.000000 -0.000000 -0.000000 0 128
-0.525000 -1.161000 -1.259000 6 0
-0.537000 -1.107000 -1.276000 4 0
0.000000 -0.000000 -0.000000 0 128
0.000000 -0.000000 -0.000000 0 128
-0.555000 -1.160000 -1.272000 8 0
-0.561000 -1.098000 -1.281000 4 0
0.000000 -0.000000 -0.000000 0 192
-0.573000 -1.205000 -1.254000 1 0
-0.580000 -1.147000 -1.272000 10 0
-0.578000 -1.075000 -1.271000 7 0
0.000000 -0.000000 -0.000000 0 192
-0.609000 -1.209000 -1.270000 3 0
-0.604000 -1.133000 -1.271000 12 0
-0.597000 -1.058000 -1.268000 12 0
0.000000 -0.000000 -0.000000 0 192
-0.631000 -1.186000 -1.259000 12 0
-0.627000 -1.118000 -1.270000 15 0
-0.620000 -1.046000 -1.273000 16 0
0.000000 -0.000000 -0.000000 0 128
-0.641000 -1.142000 -1.227000 25 0
-0.649000 -1.100000 -1.266000 29 0
-0.640000 -1.031000 -1.273000 15 0
0.000000 -0.000000 -0.000000 0 128
-0.658000 -1.112000 -1.210000 42 0
-0.659000 -1.062000 -1.239000 41 0
-0.661000 -1.016000 -1.274000 18 0
-0.664000 -1.119000 -1.152000 20 0
-0.672000 -1.078000 -1.188000 46 0
-0.669000 -1.028000 -1.216000 49 0
-0.675000 -0.993000 -1.264000 31 0
-0.674000 -1.077000 -1.121000 30 0
-0.683000 -1.044000 -1.165000 53 0
-0.685000 -1.005000 -1.208000 58 0
-0.684000 -0.962000 -1.245000 43 0
-0.684000 -1.038000 -1.095000 33 0
-0.694000 -1.009000 -1.143000 52 0
-0.696000 -0.975000 -1.190000 56 0
-0.689000 -0.927000 -1.221000 48 0
-0.698000 -1.006000 -1.076000 12 0
-0.702000 -0.973000 -1.119000 52 0
-0.706000 -0.945000 -1.172000 11 0
-0.704000 -0.908000 -1.217000 53 0
-0.703000 -0.964000 -1.046000 52 0
-0.709000 -0.937000 -1.095000 11 0
-0.708000 -0.905000 -1.142000 50 0
-0.711000 -0.879000 -1.200000 58 0
-0.717000 -0.936000 -1.031000 14 0
-0.721000 -0.908000 -1.079000 10 0
-0.722000 -0.883000 -1.134000 10 0
-0.724000 -0.858000 -1.193000 11 64
-0.718000 -0.893000 -1.000000 12 0
-0.728000 -0.876000 -1.059000 10 0
-0.730000 -0.854000 -1.117000 10 0
-0.726000 -0.826000 -1.172000 47 0
-0.728000 -0.863000 -0.984000 14 0
-0.730000 -0.839000 -1.034000 10 0
-0.737000 -0.825000 -1.101000 10 0
-0.735000 -0.802000 -1.161000 11 0
-0.736000 -0.832000 -0.966000 13 0
-0.741000 -0.814000 -1.022000 10 0
-0.739000 -0.792000 -1.079000 10 0
-0.744000 -0.779000 -1.151000 11 0
-0.747000 -0.804000 -0.953000 13 0
-0.748000 -0.785000 -1.006000 10 0
-0.746000 -0.766000 -1.065000 10 0
-0.753000 -0.756000 -1.142000 11 0
-0.755000 -0.776000 -0.938000 13 0
-0.756000 -0.758000 -0.992000 10 0
-0.755000 -0.742000 -1.055000 10 0
-0.759000 -0.731000 -1.130000 11 0
-0.766000 -0.750000 -0.927000 13 0
-0.764000 -0.732000 -0.980000 10 0
-0.758000 -0.713000 -1.037000 10 0
0.000000 -0.000000 -0.000000 12 0
-0.772000 -0.721000 -0.912000 13 0
-0.771000 -0.706000 -0.968000 11 0
-0.768000 -0.692000 -1.031000 10 0
0.000000 -0.000000 -0.000000 12 0
-0.779000 -0.694000 -0.899000 12 0
-0.777000 -0.679000 -0.955000 11 0
-0.775000 -0.668000 -1.020000 11 0
0.000000 -0.000000 -0.000000 12 0
-0.787000 -0.669000 -0.888000 12 0
-0.785000 -0.656000 -0.946000 11 0
-0.780000 -0.644000 -1.009000 11 0
0.000000 -0.000000 -0.000000 12 0
-0.799000 -0.647000 -0.883000 12 0
-0.794000 -0.633000 -0.938000 11 0
-0.788000 -0.623000 -1.002000 11 0
0.000000 -0.000000 -0.000000 12 0
-0.803000 -0.619000 -0.870000 12 0
-0.799000 -0.608000 -0.927000 11 0
-0.792000 -0.598000 -0.991000 11 0
0.000000 -0.000000 -0.000000 13 64
-0.810000 -0.595000 -0.861000 12 0
-0.806000 -0.585000 -0.919000 12 0
-0.802000 -0.579000 -0.987000 12 0
0.000000 -0.000000 -0.000000 13 64
-0.813000 -0.568000 -0.848000 15 0
-0.815000 -0.564000 -0.914000 11 0
-0.805000 -0.555000 -0.976000 12 0
0.000000 -0.000000 -0.000000 13 64
-0.822000 -0.546000 -0.843000 15 0
-0.816000 -0.537000 -0.900000 14 0
-0.811000 -0.533000 -0.969000 12 0
0.000000 -0.000000 -0.000000 13 64
-0.824000 -0.519000 -0.831000 16 0
-0.827000 -0.518000 -0.899000 11 0
-0.818000 -0.513000 -0.965000 12 0
0.000000 -0.000000 -0.000000 12 64
-0.828000 -0.495000 -0.822000 15 0
-0.670000 -0.398000 -0.717000 0 2
-0.825000 -0.493000 -0.960000 12 0
0.000000 -0.000000 -0.000000 12 64
-0.835000 -0.472000 -0.816000 16 0
-0.620000 -0.350000 -0.655000 0 0
-0.830000 -0.472000 -0.953000 12 0
0.000000 -0.000000 -0.000000 12 64
0.000000 -0.000000 -0.000000 0 128
-0.658000 -1.112000 -1.210000 42 0
-0.659000 -1.062000 -1.239000 41 0
-0.661000 -1.016000 -1.274000 18 0
-0.664000 -1.119000 -1.152000 20 0
-0.672000 -1.078000 -1.188000 46 0
-0.669000 -1.028000 -1.216000 49 0
-0.675000 -0.993000 -1.264000 31 0
-0.674000 -1.077000 -1.121000 30 0
-0.683000 -1.044000 -1.165000 53 0
-0.685000 -1.005000 -1.208000 58 0
-0.684000 -0.962000 -1.245000 43 0
-0.684000 -1.038000 -1.095000 33 0
-0.694000 -1.009000 -1.143000 52 0
-0.696000 -0.975000 -1.190000 56 0
-0.689000 -0.927000 -1.221000 48 0
-0.698000 -1.006000 -1.076000 12 0
-0.702000 -0.973000 -1.119000 52 0
-0.706000 -0.945000 -1.172000 11 0
-0.704000 -0.908000 -1.217000 53 0
-0.703000 -0.964000 -1.046000 52 0
-0.709000 -0.937000 -1.095000 11 0
-0.708000 -0.905000 -1.142000 50 0
-0.711000 -0.879000 -1.200000 58 0
-0.717000 -0.936000 -1.031000 14 0
-0.721000 -0.908000 -1.079000 10 0
-0.722000 -0.883000 -1.134000 10 0
-0.724000 -0.858000 -1.193000 11 64
-0.718000 -0.893000 -1.000000 12 0
-0.728000 -0.876000 -1.059000 10 0
-0.730000 -0.854000 -1.117000 10 0
-0.726000 -0.826000 -1.172000 47 0
-0.728000 -0.863000 -0.984000 14 0
-0.730000 -0.839000 -1.034000 10 0
-0.737000 -0.825000 -1.101000 10 0
-0.735000 -0.802000 -1.161000 11 0
-0.736000 -0.832000 -0.966000 13 0
-0.741000 -0.814000 -1.022000 10 0
-0.739000 -0.792000 -1.079000 10 0
-0.744000 -0.779000 -1.151000 11 0
-0.747000 -0.804000 -0.953000 13 0
-0.748000 -0.785000 -1.006000 10 0
-0.746000 -0.766000 -1.065000 10 0
-0.753000 -0.756000 -1.142000 11 0
-0.755000 -0.776000 -0.938000 13 0
-0.756000 -0.758000 -0.992000 10 0
-0.755000 -0.742000 -1.055000 10 0
-0.759000 -0.731000 -1.130000 11 0
-0.766000 -0.750000 -0.927000 13 0
-0.764000 -0.732000 -0.980000 10 0
-0.758000 -0.713000 -1.037000 10 0
0.000000 -0.000000 -0.000000 12 0
-0.772000 -0.721000 -0.912000 13 0
-0.771000 -0.706000 -0.968000 11 0
-0.768000 -0.692000 -1.031000 10 0
0.000000 -0.000000 -0.000000 12 0
-0.779000 -0.694000 -0.899000 12 0
-0.777000 -0.679000 -0.955000 11 0
-0.775000 -0.668000 -1.020000 11 0
0.000000 -0.000000 -0.000000 12 0
-0.787000 -0.669000 -0.888000 12 0
-0.785000 -0.656000 -0.946000 11 0
-0.780000 -0.644000 -1.009000 11 0
0.000000 -0.000000 -0.000000 12 0
-0.799000 -0.647000 -0.883000 12 0
-0.794000 -0.633000 -0.938000 11 0
-0.788000 -0.623000 -1.002000 11 0
0.000000 -0.000000 -0.000000 12 0
-0.803000 -0.619000 -0.870000 12 0
-0.799000 -0.608000 -0.927000 11 0
-0.792000 -0.598000 -0.991000 11 0
0.000000 -0.000000 -0.000000 13 64
-0.810000 -0.595000 -0.861000 12 0
-0.806000 -0.585000 -0.919000 12 0
-0.802000 -0.579000 -0.987000 12 0
0.000000 -0.000000 -0.000000 13 64
-0.813000 -0.568000 -0.848000 15 0
-0.815000 -0.564000 -0.914000 11 0
-0.805000 -0.555000 -0.976000 12 0
0.000000 -0.000000 -0.000000 13 64
-0.822000 -0.546000 -0.843000 15 0
-0.816000 -0.537000 -0.900000 14 0
-0.811000 -0.533000 -0.969000 12 0
0.000000 -0.000000 -0.000000 13 64
-0.824000 -0.519000 -0.831000 16 0
-0.827000 -0.518000 -0.899000 11 0
-0.818000 -0.513000 -0.965000 12 0
0.000000 -0.000000 -0.000000 12 64
-0.828000 -0.495000 -0.822000 15 0
-0.670000 -0.398000 -0.717000 0 2
-0.825000 -0.493000 -0.960000 12 0
0.000000 -0.000000 -0.000000 12 64
-0.835000 -0.472000 -0.816000 16 0
-0.620000 -0.350000 -0.655000 0 0
-0.830000 -0.472000 -0.953000 12 0
0.000000 -0.000000 -0.000000 12 64
-0.839000 -0.449000 -0.809000 16 0
-0.622000 -0.333000 -0.649000 0 0
-0.836000 -0.451000 -0.949000 11 64
0.000000 -0.000000 -0.000000 12 64
-0.843000 -0.426000 -0.802000 16 0
-0.624000 -0.316000 -0.643000 1 0
-0.843000 -0.432000 -0.946000 12 0
0.000000 -0.000000 -0.000000 12 64
-0.844000 -0.401000 -0.792000 16 0
-0.635000 -0.303000 -0.646000 1 0
-0.845000 -0.410000 -0.939000 11 0
0.000000 -0.000000 -0.000000 12 64
-0.856000 -0.383000 -0.795000 16 0
-0.638000 -0.287000 -0.643000 1 0
-0.854000 -0.392000 -0.939000 11 0
0.000000 -0.000000 -0.000000 12 64
-0.862000 -0.361000 -0.791000 15 0
-0.651000 -0.275000 -0.649000 9 0
-0.859000 -0.371000 -0.934000 11 0
0.000000 -0.000000 -0.000000 12 64
0.000000 -0.000000 -0.000000 0 0
0.000000 -0.000000 -0.000000 0 0
0.000000 -0.000000 -0.000000 0 0
0.000000 -0.000000 -0.000000 9 64
0.000000 -0.000000 -0.000000 0 0
0.000000 -0.000000 -0.000000 0 0
0.000000 -0.000000 -0.000000 0 0
0.000000 -0.000000 -0.000000 0 0
0.000000 -0.000000 -0.000000 0 0
0.000000 -0.000000 -0.000000 0 0
0.000000 -0.000000 -0.000000 0 0
0.000000 -0.000000 -0.000000 0 0
-0.863000 -0.269000 -0.763000 1 0
0.000000 -0.000000 -0.000000 0 0
0.000000 -0.000000 -0.000000 0 0
0.000000 -0.000000 -0.000000 0 0
-0.884000 -0.253000 -0.776000 19 0
0.000000 -0.000000 -0.000000 0 0
0.000000 -0.000000 -0.000000 0 0
0.000000 -0.000000 -0.000000 0 0
-0.886000 -0.231000 -0.772000 16 0
-0.679000 -0.184000 -0.644000 1 0
-0.873000 -0.249000 -0.906000 8 0
0.000000 -0.000000 -0.000000 0 0
-0.892000 -0.211000 -0.773000 20 0
-0.688000 -0.170000 -0.649000 1 0
-0.876000 -0.230000 -0.904000 9 0
0.000000 -0.000000 -0.000000 12 0
-0.897000 -0.190000 -0.773000 16 0
-0.693000 -0.154000 -0.650000 0 0
-0.881000 -0.211000 -0.903000 9 0
0.000000 -0.000000 -0.000000 12 0
-0.900000 -0.168000 -0.771000 16 0
-0.697000 -0.139000 -0.650000 0 0
-0.889000 -0.192000 -0.907000 9 0
0.000000 -0.000000 -0.000000 12 64
-0.909000 -0.148000 -0.775000 15 0
-0.702000 -0.123000 -0.652000 0 0
-0.898000 -0.174000 -0.912000 13 0
0.000000 -0.000000 -0.000000 12 0
-0.923000 -0.128000 -0.784000 9 0
-0.903000 -0.138000 -0.835000 6 2
-0.913000 -0.156000 -0.923000 11 0
0.000000 -0.000000 -0.000000 12 0
-0.917000 -0.105000 -0.777000 1 64
-0.915000 -0.118000 -0.844000 14 0
-0.906000 -0.135000 -0.913000 13 0
0.000000 -0.000000 -0.000000 12 0
0.000000 -0.000000 -0.000000 0 0
-0.925000 -0.098000 -0.850000 14 0
-0.915000 -0.116000 -0.918000 14 0
0.000000 -0.000000 -0.000000 12 64
0.000000 -0.000000 -0.000000 0 0
-0.928000 -0.078000 -0.851000 8 0
-0.925000 -0.097000 -0.926000 11 0
0.000000 -0.000000 -0.000000 12 64
0.000000 -0.000000 -0.000000 0 192
-0.933000 -0.057000 -0.854000 6 0
-0.930000 -0.077000 -0.928000 11 0
0.000000 -0.000000 -0.000000 12 64
0.000000 -0.000000 -0.000000 0 128
0.000000 -0.000000 -0.000000 0 0
-0.932000 -0.057000 -0.929000 11 0
0.000000 -0.000000 -0.000000 12 64
0.000000 -0.000000 -0.000000 0 0
0.000000 -0.000000 -0.000000 0 0
-0.931000 -0.036000 -0.926000 11 0
0.000000 -0.000000 -0.000000 12 64
-0.956000 0.024000 -0.805000 10 0
0.000000 -0.000000 -0.000000 0 192
-0.930000 -0.016000 -0.924000 10 0
0.000000 -0.000000 -0.000000 12 64
-0.952000 0.046000 -0.802000 15 0
0.000000 -0.000000 -0.000000 0 192
-0.934000 0.003000 -0.927000 3 0
0.000000 -0.000000 -0.000000 12 64
-0.839000 -0.449000 -0.809000 16 0
-0.622000 -0.333000 -0.649000 0 0
-0.836000 -0.451000 -0.949000 11 64
0.000000 -0.000000 -0.000000 12 64
-0.843000 -0.426000 -0.802000 16 0
-0.624000 -0.316000 -0.643000 1 0
-0.843000 -0.432000 -0.946000 12 0
0.000000 -0.000000 -0.000000 12 64
-0.844000 -0.401000 -0.792000 16 0
-0.635000 -0.303000 -0.646000 1 0
-0.845000 -0.410000 -0.939000 11 0
0.000000 -0.000000 -0.000000 12 64
-0.856000 -0.383000 -0.795000 16 0
-0.638000 -0.287000 -0.643000 1 0
-0.854000 -0.392000 -0.939000 11 0
0.000000 -0.000000 -0.000000 12 64
-0.862000 -0.361000 -0.791000 15 0
-0.651000 -0.275000 -0.649000 9 0
-0.859000 -0.371000 -0.934000 11 0
0.000000 -0.000000 -0.000000 12 64
0.000000 -0.000000 -0.000000 0 0
0.000000 -0.000000 -0.000000 0 0
0.000000 -0.000000 -0.000000 0 0
0.000000 -0.000000 -0.000000 9 64
0.000000 -0.000000 -0.000000 0 0
0.000000 -0.000000 -0.000000 0 0
0.000000 -0.000000 -0.000000 0 0
0.000000 -0.000000 -0.000000 0 0
0.000000 -0.000000 -0.000000 0 0
0.000000 -0.000000 -0.000000 0 0
0.000000 -0.000000 -0.000000 0 0
0.000000 -0.000000 -0.000000 0 0
-0.863000 -0.269000 -0.763000 1 0
0.000000 -0.000000 -0.000000 0 0
0.000000 -0.000000 -0.000000 0 0
0.000000 -0.000000 -0.000000 0 0
-0.884000 -0.253000 -0.776000 19 0
0.000000 -0.000000 -0.000000 0 0
0.000000 -0.000000 -0.000000 0 0
0.000000 -0.000000 -0.000000 0 0
-0.886000 -0.231000 -0.772000 16 0
-0.679000 -0.184000 -0.644000 1 0
-0.873000 -0.249000 -0.906000 8 0
0.000000 -0.000000 -0.000000 0 0
-0.892000 -0.211000 -0.773000 20 0
-0.688000 -0.170000 -0.649000 1 0
-0.876000 -0.230000 -0.904000 9 0
0.000000 -0.000000 -0.000000 12 0
-0.897000 -0.190000 -0.773000 16 0
-0.693000 -0.154000 -0.650000 0 0
-0.881000 -0.211000 -0.903000 9 0
0.000000 -0.000000 -0.000000 12 0
-0.900000 -0.168000 -0.771000 16 0
-0.697000 -0.139000 -0.650000 0 0
-0.889000 -0.192000 -0.907000 9 0
0.000000 -0.000000 -0.000000 12 64
-0.909000 -0.148000 -0.775000 15 0
-0.702000 -0.123000 -0.652000 0 0
-0.898000 -0.174000 -0.912000 13 0
0.000000 -0.000000 -0.000000 12 0
-0.923000 -0.128000 -0.784000 9 0
-0.903000 -0.138000 -0.835000 6 2
-0.913000 -0.156000 -0.923000 11 0
0.000000 -0.000000 -0.000000 12 0
-0.917000 -0.105000 -0.777000 1 64
-0.915000 -0.118000 -0.844000 14 0
-0.906000 -0.135000 -0.913000 13 0
0.000000 -0.000000 -0.000000 12 0
0.000000 -0.000000 -0.000000 0 0
-0.925000 -0.098000 -0.850000 14 0
-0.915000 -0.116000 -0.918000 14 0
0.000000 -0.000000 -0.000000 12 64
0.000000 -0.000000 -0.000000 0 0
-0.928000 -0.078000 -0.851000 8 0
-0.925000 -0.097000 -0.926000 11 0
0.000000 -0.000000 -0.000000 12 64
0.000000 -0.000000 -0.000000 0 192
-0.933000 -0.057000 -0.854000 6 0
-0.930000 -0.077000 -0.928000 11 0
0.000000 -0.000000 -0.000000 12 64
0.000000 -0.000000 -0.000000 0 128
0.000000 -0.000000 -0.000000 0 0
-0.932000 -0.057000 -0.929000 11 0
0.000000 -0.000000 -0.000000 12 64
0.000000 -0.000000 -0.000000 0 0
0.000000 -0.000000 -0.000000 0 0
-0.931000 -0.036000 -0.926000 11 0
0.000000 -0.000000 -0.000000 12 64
-0.956000 0.024000 -0.805000 10 0
0.000000 -0.000000 -0.000000 0 192
-0.930000 -0.016000 -0.924000 10 0
0.000000 -0.000000 -0.000000 12 64
-0.952000 0.046000 -0.802000 15 0
0.000000 -0.000000 -0.000000 0 192
-0.934000 0.003000 -0.927000 3 0
0.000000 -0.000000 -0.000000 12 64
-0.956000 0.069000 -0.807000 15 0
0.000000 -0.000000 -0.000000 0 0
0.000000 -0.000000 -0.000000 0 0
0.000000 -0.000000 -0.000000 12 64
-0.967000 0.092000 -0.817000 16 0
-0.953000 0.070000 -0.873000 7 0
0.000000 -0.000000 -0.000000 0 0
0.000000 -0.000000 -0.000000 12 64
-0.969000 0.115000 -0.822000 15 0
-0.968000 0.093000 -0.887000 11 0
0.000000 -0.000000 -0.000000 0 192
0.000000 -0.000000 -0.000000 8 64
-0.978000 0.139000 -0.833000 16 0
-0.971000 0.116000 -0.892000 14 0
0.000000 -0.000000 -0.000000 0 192
0.000000 -0.000000 -0.000000 0 0
-0.980000 0.163000 -0.837000 15 0
-0.974000 0.139000 -0.898000 14 0
0.000000 -0.000000 -0.000000 0 0
0.000000 -0.000000 -0.000000 0 128
-0.983000 0.187000 -0.844000 17 0
-0.983000 0.162000 -0.909000 12 0
-0.967000 0.131000 -0.965000 9 0
0.000000 -0.000000 -0.000000 0 0
-0.976000 0.209000 -0.842000 1 0
-0.987000 0.186000 -0.917000 11 0
-0.971000 0.153000 -0.972000 12 0
0.000000 -0.000000 -0.000000 0 128
-0.987000 0.236000 -0.857000 1 0
-0.977000 0.207000 -0.911000 1 0
-0.977000 0.176000 -0.980000 12 0
0.000000 -0.000000 -0.000000 0 0
-1.077000 0.284000 -0.941000 1 0
-0.978000 0.230000 -0.917000 1 0
-0.976000 0.198000 -0.983000 4 0
-0.964000 0.159000 -1.048000 10 0
-1.082000 0.312000 -0.952000 8 0
-1.049000 0.272000 -0.989000 1 2
-0.973000 0.219000 -0.983000 1 0
-0.971000 0.181000 -1.058000 12 0
-1.096000 0.344000 -0.972000 1 0
-1.077000 0.305000 -1.021000 7 0
-0.992000 0.247000 -1.007000 1 0
-0.965000 0.202000 -1.053000 1 0
-1.094000 0.371000 -0.978000 7 0
-1.098000 0.338000 -1.048000 1 0
-1.070000 0.291000 -1.092000 7 0
-0.974000 0.225000 -1.067000 6 0
-1.104000 0.403000 -0.996000 1 0
-1.088000 0.362000 -1.046000 6 0
-1.084000 0.320000 -1.111000 1 0
-1.013000 0.257000 -1.113000 0 0
-1.105000 0.433000 -1.007000 7 0
-1.102000 0.395000 -1.068000 1 0
-1.079000 0.345000 -1.113000 5 0
-1.070000 0.296000 -1.180000 6 0
-1.106000 0.463000 -1.018000 0 0
-1.099000 0.421000 -1.074000 7 0
-1.091000 0.375000 -1.132000 0 0
-1.072000 0.321000 -1.187000 6 0
-1.116000 0.498000 -1.039000 7 0
-1.103000 0.452000 -1.088000 7 0
-1.088000 0.401000 -1.137000 6 0
-1.075000 0.348000 -1.195000 6 0
-1.124000 0.532000 -1.058000 7 0
-1.107000 0.482000 -1.101000 6 0
-1.096000 0.431000 -1.153000 6 0
-1.084000 0.377000 -1.212000 5 0
-1.128000 0.566000 -1.075000 8 0
-1.119000 0.518000 -1.125000 6 0
-1.105000 0.463000 -1.172000 6 0
-1.090000 0.405000 -1.224000 6 0
-1.136000 0.603000 -1.097000 7 0
-1.123000 0.551000 -1.142000 6 0
-1.108000 0.494000 -1.185000 6 0
-1.097000 0.435000 -1.240000 6 0
-1.143000 0.641000 -1.119000 6 0
-1.133000 0.588000 -1.165000 6 0
-1.116000 0.527000 -1.205000 6 0
-1.113000 0.469000 -1.266000 10 0
-1.158000 0.685000 -1.150000 6 0
-1.143000 0.626000 -1.189000 6 0
-1.124000 0.561000 -1.225000 6 0
-1.110000 0.497000 -1.272000 13 0
-1.163000 0.724000 -1.172000 6 0
-1.141000 0.658000 -1.202000 5 0
-1.139000 0.600000 -1.254000 9 0
-1.101000 0.522000 -1.271000 14 0
-1.174000 0.768000 -1.202000 6 0
-1.154000 0.701000 -1.233000 6 0
-1.142000 0.635000 -1.271000 15 0
-1.097000 0.549000 -1.276000 13 0
-1.177000 0.809000 -1.225000 6 0
-1.172000 0.748000 -1.270000 13 0
-1.129000 0.660000 -1.270000 15 0
-1.081000 0.571000 -1.269000 12 0
-0.956000 0.069000 -0.807000 15 0
0.000000 -0.000000 -0.000000 0 0
0.000000 -0.000000 -0.000000 0 0
0.000000 -0.000000 -0.000000 12 64
-0.967000 0.092000 -0.817000 16 0
-0.953000 0.070000 -0.873000 7 0
0.000000 -0.000000 -0.000000 0 0
0.000000 -0.000000 -0.000000 12 64
-0.969000 0.115000 -0.822000 15 0
-0.968000 0.093000 -0.887000 11 0
0.000000 -0.000000 -0.000000 0 192
0.000000 -0.000000 -0.000000 8 64
-0.978000 0.139000 -0.833000 16 0
-0.971000 0.116000 -0.892000 14 0
0.000000 -0.000000 -0.000000 0 192
0.000000 -0.000000 -0.000000 0 0
-0.980000 0.163000 -0.837000 15 0
-0.974000 0.139000 -0.898000 14 0
0.000000 -0.000000 -0.000000 0 0
0.000000 -0.000000 -0.000000 0 128
-0.983000 0.187000 -0.844000 17 0
-0.983000 0.162000 -0.909000 12 0
-0.967000 0.131000 -0.965000 9 0
0.000000 -0.000000 -0.000000 0 0
-0.976000 0.209000 -0.842000 1 0
-0.987000 0.186000 -0.917000 11 0
-0.971000 0.153000 -0.972000 12 0
0.000000 -0.000000 -0.000000 0 128
-0.987000 0.236000 -0.857000 1 0
-0.977000 0.207000 -0.911000 1 0
-0.977000 0.176000 -0.980000 12 0
0.000000 -0.000000 -0.000000 0 0
-1.077000 0.284000 -0.941000 1 0
-0.978000 0.230000 -0.917000 1 0
-0.976000 0.198000 -0.983000 4 0
-0.964000 0.159000 -1.048000 10 0
-1.082000 0.312000 -0.952000 8 0
-1.049000 0.272000 -0.989000 1 2
-0.973000 0.219000 -0.983000 1 0
-0.971000 0.181000 -1.058000 12 0
-1.096000 0.344000 -0.972000 1 0
-1.077000 0.305000 -1.021000 7 0
-0.992000 0.247000 -1.007000 1 0
-0.965000 0.202000 -1.053000 1 0
-1.094000 0.371000 -0.978000 7 0
-1.098000 0.338000 -1.048000 1 0
-1.070000 0.291000 -1.092000 7 0
-0.974000 0.225000 -1.067000 6 0
-1.104000 0.403000 -0.996000 1 0
-1.088000 0.362000 -1.046000 6 0
-1.084000 0.320000 -1.111000 1 0
-1.013000 0.257000 -1.113000 0 0
-1.105000 0.433000 -1.007000 7 0
-1.102000 0.395000 -1.068000 1 0
-1.079000 0.345000 -1.113000 5 0
-1.070000 0.296000 -1.180000 6 0
-1.106000 0.463000 -1.018000 0 0
-1.099000 0.421000 -1.074000 7 0
-1.091000 0.375000 -1.132000 0 0
-1.072000 0.321000 -1.187000 6 0
-1.116000 0.498000 -1.039000 7 0
-1.103000 0.452000 -1.088000 7 0
-1.088000 0.401000 -1.137000 6 0
-1.075000 0.348000 -1.195000 6 0
-1.124000 0.532000 -1.058000 7 0
-1.107000 0.482000 -1.101000 6 0
-1.096000 0.431000 -1.153000 6 0
-1.084000 0.377000 -1.212000 5 0
-1.128000 0.566000 -1.075000 8 0
-1.119000 0.518000 -1.125000 6 0
-1.105000 0.463000 -1.172000 6 0
-1.090000 0.405000 -1.224000 6 0
-1.136000 0.603000 -1.097000 7 0
-1.123000 0.551000 -1.142000 6 0
-1.108000 0.494000 -1.185000 6 0
-1.097000 0.435000 -1.240000 6 0
-1.143000 0.641000 -1.119000 6 0
-1.133000 0.588000 -1.165000 6 0
-1.116000 0.527000 -1.205000 6 0
-1.113000 0.469000 -1.266000 10 0
-1.158000 0.685000 -1.150000 6 0
-1.143000 0.626000 -1.189000 6 0
-1.124000 0.561000 -1.225000 6 0
-1.110000 0.497000 -1.272000 13 0
-1.163000 0.724000 -1.172000 6 0
-1.141000 0.658000 -1.202000 5 0
-1.139000 0.600000 -1.254000 9 0
-1.101000 0.522000 -1.271000 14 0
-1.174000 0.768000 -1.202000 6 0
-1.154000 0.701000 -1.233000 6 0
-1.142000 0.635000 -1.271000 15 0
-1.097000 0.549000 -1.276000 13 0
-1.177000 0.809000 -1.225000 6 0
-1.172000 0.748000 -1.270000 13 0
-1.129000 0.660000 -1.270000 15 0
-1.081000 0.571000 -1.269000 12 0
-1.192000 0.860000 -1.263000 13 0
-1.154000 0.773000 -1.268000 13 0
-1.115000 0.686000 -1.270000 15 0
-1.071000 0.595000 -1.268000 13 0
-1.171000 0.886000 -1.263000 14 0
-1.136000 0.798000 -1.268000 13 0
-1.100000 0.710000 -1.269000 15 0
-1.063000 0.622000 -1.271000 14 0
-1.149000 0.911000 -1.263000 15 0
-1.118000 0.823000 -1.268000 13 0
-1.085000 0.735000 -1.268000 15 0
-1.047000 0.644000 -1.265000 14 0
-1.127000 0.936000 -1.263000 15 0
-1.098000 0.847000 -1.267000 14 0
-1.068000 0.758000 -1.265000 14 0
-1.040000 0.671000 -1.271000 13 0
-1.101000 0.957000 -1.260000 15 0
-1.077000 0.870000 -1.265000 13 0
-1.052000 0.782000 -1.265000 14 0
-1.028000 0.696000 -1.270000 14 0
-1.076000 0.979000 -1.259000 14 0
-1.056000 0.893000 -1.263000 13 0
-1.034000 0.805000 -1.263000 13 0
-1.012000 0.718000 -1.266000 13 0
-1.050000 1.000000 -1.256000 15 0
-1.034000 0.915000 -1.261000 15 0
-1.017000 0.829000 -1.263000 14 0
-1.000000 0.743000 -1.267000 13 0
-1.026000 1.022000 -1.256000 14 0
-1.010000 0.934000 -1.257000 15 0
-0.999000 0.852000 -1.262000 14 0
-0.984000 0.765000 -1.264000 12 0
-1.000000 1.042000 -1.255000 14 0
-0.991000 0.958000 -1.260000 15 0
-0.980000 0.874000 -1.260000 13 0
-0.970000 0.789000 -1.264000 14 0
-0.974000 1.062000 -1.254000 16 0
-0.968000 0.978000 -1.258000 14 0
-0.962000 0.896000 -1.260000 14 0
-0.956000 0.814000 -1.266000 13 0
-0.948000 1.081000 -1.254000 15 0
-0.945000 0.999000 -1.257000 15 0
-0.944000 0.920000 -1.261000 15 0
-0.939000 0.836000 -1.263000 12 0
-0.922000 1.100000 -1.253000 15 0
-0.922000 1.019000 -1.256000 13 0
-0.924000 0.941000 -1.259000 15 0
-0.921000 0.858000 -1.260000 13 0
-0.892000 1.114000 -1.248000 15 0
-0.897000 1.037000 -1.254000 16 0
-0.901000 0.960000 -1.256000 16 0
-0.906000 0.883000 -1.263000 14 0
-0.866000 1.132000 -1.249000 15 0
-0.873000 1.055000 -1.252000 16 0
-0.879000 0.978000 -1.252000 15 0
-0.886000 0.902000 -1.258000 14 0
-0.840000 1.150000 -1.250000 16 0
-0.846000 1.071000 -1.248000 15 0
-0.858000 0.999000 -1.252000 16 0
-0.869000 0.925000 -1.258000 14 0
-0.812000 1.166000 -1.249000 18 0
-0.824000 1.092000 -1.251000 17 0
-0.836000 1.019000 -1.251000 16 0
-0.850000 0.948000 -1.258000 15 0
-0.784000 1.180000 -1.248000 18 0
-0.797000 1.106000 -1.247000 17 0
-0.815000 1.039000 -1.251000 18 0
-0.831000 0.969000 -1.258000 17 0
-0.755000 1.194000 -1.247000 17 0
-0.774000 1.126000 -1.250000 16 0
-0.792000 1.057000 -1.250000 19 0
-0.810000 0.988000 -1.254000 15 0
-0.725000 1.205000 -1.243000 20 0
-0.747000 1.140000 -1.247000 17 0
-0.769000 1.076000 -1.249000 18 0
-0.788000 1.007000 -1.250000 19 0
-0.697000 1.219000 -1.243000 19 0
-0.721000 1.156000 -1.246000 16 0
-0.745000 1.094000 -1.248000 17 0
-0.768000 1.029000 -1.252000 17 0
-0.667000 1.227000 -1.239000 20 0
-0.697000 1.173000 -1.248000 18 0
-0.722000 1.112000 -1.248000 19 0
-0.746000 1.048000 -1.250000 18 0
-0.637000 1.237000 -1.237000 18 0
-0.670000 1.187000 -1.248000 20 0
-0.696000 1.126000 -1.244000 18 0
-0.725000 1.069000 -1.250000 19 0
-0.611000 1.254000 -1.242000 21 0
-0.641000 1.197000 -1.243000 20 0
-0.673000 1.144000 -1.245000 18 0
-0.701000 1.085000 -1.245000 18 0
-0.580000 1.259000 -1.236000 21 0
-0.615000 1.211000 -1.243000 20 0
-0.647000 1.160000 -1.243000 19 0
-0.679000 1.105000 -1.247000 18 0
-1.192000 0.860000 -1.263000 13 0
-1.154000 0.773000 -1.268000 13 0
-1.115000 0.686000 -1.270000 15 0
-1.071000 0.595000 -1.268000 13 0
-1.171000 0.886000 -1.263000 14 0
-1.136000 0.798000 -1.268000 13 0
-1.100000 0.710000 -1.269000 15 0
-1.063000 0.622000 -1.271000 14 0
-1.149000 0.911000 -1.263000 15 0
-1.118000 0.823000 -1.268000 13 0
-1.085000 0.735000 -1.268000 15 0
-1.047000 0.644000 -1.265000 14 0
-1.127000 0.936000 -1.263000 15 0
-1.098000 0.847000 -1.267000 14 0
-1.068000 0.758000 -1.265000 14 0
-1.040000 0.671000 -1.271000 13 0
-1.101000 0.957000 -1.260000 15 0
-1.077000 0.870000 -1.265000 13 0
-1.052000 0.782000 -1.265000 14 0
-1.028000 0.696000 -1.270000 14 0
-1.076000 0.979000 -1.259000 14 0
-1.056000 0.893000 -1.263000 13 0
-1.034000 0.805000 -1.263000 13 0
-1.012000 0.718000 -1.266000 13 0
-1.050000 1.000000 -1.256000 15 0
-1.034000 0.915000 -1.261000 15 0
-1.017000 0.829000 -1.263000 14 0
-1.000000 0.743000 -1.267000 13 0
-1.026000 1.022000 -1.256000 14 0
-1.010000 0.934000 -1.257000 15 0
-0.999000 0.852000 -1.262000 14 0
-0.984000 0.765000 -1.264000 12 0
-1.000000 1.042000 -1.255000 14 0
-0.991000 0.958000 -1.260000 15 0
-0.980000 0.874000 -1.260000 13 0
-0.970000 0.789000 -1.264000 14 0
-0.974000 1.062000 -1.254000 16 0
-0.968000 0.978000 -1.258000 14 0
-0.962000 0.896000 -1.260000 14 0
-0.956000 0.814000 -1.266000 13 0
-0.948000 1.081000 -1.254000 15 0
-0.945000 0.999000 -1.257000 15 0
-0.944000 0.920000 -1.261000 15 0
-0.939000 0.836000 -1.263000 12 0
-0.922000 1.100000 -1.253000 15 0
-0.922000 1.019000 -1.256000 13 0
-0.924000 0.941000 -1.259000 15 0
-0.921000 0.858000 -1.260000 13 0
-0.892000 1.114000 -1.248000 15 0
-0.897000 1.037000 -1.254000 16 0
-0.901000 0.960000 -1.256000 16 0
-0.906000 0.883000 -1.263000 14 0
-0.866000 1.132000 -1.249000 15 0
-0.873000 1.055000 -1.252000 16 0
-0.879000 0.978000 -1.252000 15 0
-0.886000 0.902000 -1.258000 14 0
-0.840000 1.150000 -1.250000 16 0
-0.846000 1.071000 -1.248000 15 0
-0.858000 0.999000 -1.252000 16 0
-0.869000 0.925000 -1.258000 14 0
-0.812000 1.166000 -1.249000 18 0
-0.824000 1.092000 -1.251000 17 0
-0.836000 1.019000 -1.251000 16 0
-0.850000 0.948000 -1.258000 15 0
-0.784000 1.180000 -1.248000 18 0
-0.797000 1.106000 -1.247000 17 0
-0.815000 1.039000 -1.251000 18 0
-0.831000 0.969000 -1.258000 17 0
-0.755000 1.194000 -1.247000 17 0
-0.774000 1.126000 -1.250000 16 0
-0.792000 1.057000 -1.250000 19 0
-0.810000 0.988000 -1.254000 15 0
-0.725000 1.205000 -1.243000 20 0
-0.747000 1.140000 -1.247000 17 0
-0.769000 1.076000 -1.249000 18 0
-0.788000 1.007000 -1.250000 19 0
-0.697000 1.219000 -1.243000 19 0
-0.721000 1.156000 -1.246000 16 0
-0.745000 1.094000 -1.248000 17 0
-0.768000 1.029000 -1.252000 17 0
-0.667000 1.227000 -1.239000 20 0
-0.697000 1.173000 -1.248000 18 0
-0.722000 1.112000 -1.248000 19 0
-0.746000 1.048000 -1.250000 18 0
-0.637000 1.237000 -1.237000 18 0
-0.670000 1.187000 -1.248000 20 0
-0.696000 1.126000 -1.244000 18 0
-0.725000 1.069000 -1.250000 19 0
-0.611000 1.254000 -1.242000 21 0
-0.641000 1.197000 -1.243000 20 0
-0.673000 1.144000 -1.245000 18 0
-0.701000 1.085000 -1.245000 18 0
-0.580000 1.259000 -1.236000 21 0
-0.615000 1.211000 -1.243000 20 0
-0.647000 1.160000 -1.243000 19 0
-0.679000 1.105000 -1.247000 18 0
-0.551000 1.269000 -1.236000 17 0
-0.588000 1.224000 -1.243000 18 0
-0.622000 1.175000 -1.243000 20 0
-0.655000 1.123000 -1.245000 18 0
-0.523000 1.280000 -1.237000 20 0
-0.560000 1.235000 -1.241000 18 0
-0.595000 1.188000 -1.240000 18 0
-0.630000 1.139000 -1.242000 19 0
-0.493000 1.288000 -1.237000 21 0
-0.533000 1.248000 -1.242000 19 0
-0.569000 1.203000 -1.240000 21 0
-0.605000 1.156000 -1.240000 19 0
-0.464000 1.295000 -1.236000 18 0
-0.504000 1.256000 -1.239000 19 0
-0.543000 1.218000 -1.240000 20 0
-0.581000 1.174000 -1.240000 18 0
-0.435000 1.302000 -1.236000 17 0
-0.476000 1.267000 -1.238000 19 0
-0.516000 1.231000 -1.239000 20 0
-0.555000 1.189000 -1.238000 17 0
-0.404000 1.303000 -1.230000 17 0
-0.448000 1.276000 -1.238000 22 0
-0.489000 1.243000 -1.238000 20 0
-0.529000 1.204000 -1.236000 18 0
-0.375000 1.311000 -1.232000 16 0
-0.419000 1.284000 -1.236000 21 0
-0.461000 1.254000 -1.235000 19 0
-0.504000 1.223000 -1.239000 21 0
-0.346000 1.317000 -1.233000 15 0
-0.389000 1.289000 -1.232000 18 0
-0.432000 1.262000 -1.231000 22 0
-0.478000 1.240000 -1.239000 18 0
-0.316000 1.319000 -1.230000 15 0
-0.360000 1.296000 -1.231000 16 0
-0.405000 1.277000 -1.234000 20 0
-0.449000 1.251000 -1.235000 21 0
-0.287000 1.324000 -1.232000 15 0
-0.332000 1.303000 -1.231000 16 0
-0.377000 1.289000 -1.235000 16 0
-0.421000 1.263000 -1.232000 23 0
-0.257000 1.322000 -1.226000 14 0
-0.303000 1.309000 -1.230000 16 0
-0.347000 1.293000 -1.229000 18 0
-0.395000 1.282000 -1.237000 19 0
-0.228000 1.326000 -1.227000 4 0
-0.274000 1.317000 -1.232000 15 0
-0.319000 1.305000 -1.231000 17 0
-0.364000 1.288000 -1.230000 15 0
0.000000 -0.000000 -0.000000 0 0
-0.244000 1.319000 -1.228000 9 0
-0.290000 1.313000 -1.229000 15 0
-0.335000 1.299000 -1.228000 16 0
-0.017000 0.139000 -0.128000 1 0
0.000000 -0.000000 -0.000000 0 0
-0.260000 1.320000 -1.228000 14 0
-0.306000 1.311000 -1.228000 16 0
0.000000 -0.000000 -0.000000 0 0
0.000000 -0.000000 -0.000000 0 0
-0.230000 1.321000 -1.221000 4 0
-0.276000 1.321000 -1.226000 14 0
-0.011000 0.137000 -0.127000 1 0
-0.016000 0.143000 -0.132000 1 0
0.000000 -0.000000 -0.000000 0 0
-0.246000 1.332000 -1.225000 12 0
0.000000 -0.000000 -0.000000 0 0
0.000000 -0.000000 -0.000000 0 0
0.000000 -0.000000 -0.000000 0 0
-0.215000 1.339000 -1.222000 5 0
-0.005000 0.135000 -0.124000 1 0
-0.010000 0.139000 -0.127000 1 0
-0.014000 0.140000 -0.127000 1 0
0.000000 -0.000000 -0.000000 0 0
0.000000 -0.000000 -0.000000 0 0
0.000000 -0.000000 -0.000000 0 0
0.000000 -0.000000 -0.000000 0 0
0.000000 -0.000000 -0.000000 0 0
0.000000 -0.000000 -0.000000 0 128
-0.004000 0.135000 -0.124000 0 0
-0.008000 0.136000 -0.123000 1 0
-0.013000 0.148000 -0.133000 1 0
0.000000 -0.000000 -0.000000 0 128
0.000000 -0.000000 -0.000000 0 0
0.000000 -0.000000 -0.000000 0 0
0.000000 -0.000000 -0.000000 0 0
0.000000 -0.000000 -0.000000 0 128
0.001000 0.073000 -0.067000 0 0
0.000000 -0.000000 -0.000000 0 0
-0.006000 0.144000 -0.127000 1 0
0.000000 -0.000000 -0.000000 0 128
0.000000 -0.000000 -0.000000 0 0
0.000000 -0.000000 -0.000000 0 0
0.000000 -0.000000 -0.000000 0 0
0.000000 -0.000000 -0.000000 0 192
0.000000 -0.000000 -0.000000 0 128
0.000000 -0.000000 -0.000000 0 0
0.000000 -0.000000 -0.000000 0 128
-0.551000 1.269000 -1.236000 17 0
-0.588000 1.224000 -1.243000 18 0
-0.622000 1.175000 -1.243000 20 0
-0.655000 1.123000 -1.245000 18 0
-0.523000 1.280000 -1.237000 20 0
-0.560000 1.235000 -1.241000 18 0
-0.595000 1.188000 -1.240000 18 0
-0.630000 1.139000 -1.242000 19 0
-0.493000 1.288000 -1.237000 21 0
-0.533000 1.248000 -1.242000 19 0
-0.569000 1.203000 -1.240000 21 0
-0.605000 1.156000 -1.240000 19 0
-0.464000 1.295000 -1.236000 18 0
-0.504000 1.256000 -1.239000 19 0
-0.543000 1.218000 -1.240000 20 0
-0.581000 1.174000 -1.240000 18 0
-0.435000 1.302000 -1.236000 17 0
-0.476000 1.267000 -1.238000 19 0
-0.516000 1.231000 -1.239000 20 0
-0.555000 1.189000 -1.238000 17 0
-0.404000 1.303000 -1.230000 17 0
-0.448000 1.276000 -1.238000 22 0
-0.489000 1.243000 -1.238000 20 0
-0.529000 1.204000 -1.236000 18 0
-0.375000 1.311000 -1.232000 16 0
-0.419000 1.284000 -1.236000 21 0
-0.461000 1.254000 -1.235000 19 0
-0.504000 1.223000 -1.239000 21 0
-0.346000 1.317000 -1.233000 15 0
-0.389000 1.289000 -1.232000 18 0
-0.432000 1.262000 -1.231000 22 0
-0.478000 1.240000 -1.239000 18 0
-0.316000 1.319000 -1.230000 15 0
-0.360000 1.296000 -1.231000 16 0
-0.405000 1.277000 -1.234000 20 0
-0.449000 1.251000 -1.235000 21 0
-0.287000 1.324000 -1.232000 15 0
-0.332000 1.303000 -1.231000 16 0
-0.377000 1.289000 -1.235000 16 0
-0.421000 1.263000 -1.232000 23 0
-0.257000 1.322000 -1.226000 14 0
-0.303000 1.309000 -1.230000 16 0
-0.347000 1.293000 -1.229000 18 0
-0.395000 1.282000 -1.237000 19 0
-0.228000 1.326000 -1.227000 4 0
-0.274000 1.317000 -1.232000 15 0
-0.319000 1.305000 -1.231000 17 0
-0.364000 1.288000 -1.230000 15 0
0.000000 -0.000000 -0.000000 0 0
-0.244000 1.319000 -1.228000 9 0
-0.290000 1.313000 -1.229000 15 0
-0.335000 1.299000 -1.228000 16 0
-0.017000 0.139000 -0.128000 1 0
0.000000 -0.000000 -0.000000 0 0
-0.260000 1.320000 -1.228000 14 0
-0.306000 1.311000 -1.228000 16 0
0.000000 -0.000000 -0.000000 0 0
0.000000 -0.000000 -0.000000 0 0
-0.230000 1.321000 -1.221000 4 0
-0.276000 1.321000 -1.226000 14 0
-0.011000 0.137000 -0.127000 1 0
-0.016000 0.143000 -0.132000 1 0
0.000000 -0.000000 -0.000000 0 0
-0.246000 1.332000 -1.225000 12 0
0.000000 -0.000000 -0.000000 0 0
0.000000 -0.000000 -0.000000 0 0
0.000000 -0.000000 -0.000000 0 0
-0.215000 1.339000 -1.222000 5 0
-0.005000 0.135000 -0.124000 1 0
-0.010000 0.139000 -0.127000 1 0
-0.014000 0.140000 -0.127000 1 0
0.000000 -0.000000 -0.000000 0 0
0.000000 -0.000000 -0.000000 0 0
0.000000 -0.000000 -0.000000 0 0
0.000000 -0.000000 -0.000000 0 0
0.000000 -0.000000 -0.000000 0 0
0.000000 -0.000000 -0.000000 0 128
-0.004000 0.135000 -0.124000 0 0
-0.008000 0.136000 -0.123000 1 0
-0.013000 0.148000 -0.133000 1 0
0.000000 -0.000000 -0.000000 0 128
0.000000 -0.000000 -0.000000 0 0
0.000000 -0.000000 -0.000000 0 0
0.000000 -0.000000 -0.000000 0 0
0.000000 -0.000000 -0.000000 0 128
0.001000 0.073000 -0.067000 0 0
0.000000 -0.000000 -0.000000 0 0
-0.006000 0.144000 -0.127000 1 0
0.000000 -0.000000 -0.000000 0 128
0.000000 -0.000000 -0.000000 0 0
0.000000 -0.000000 -0.000000 0 0
0.000000 -0.000000 -0.000000 0 0
0.000000 -0.000000 -0.000000 0 192
0.000000 -0.000000 -0.000000 0 128
0.000000 -0.000000 -0.000000 0 0
0.000000 -0.000000 -0.000000 0 128
0.000000 -0.000000 -0.000000 0 128
0.000000 -0.000000 -0.000000 0 192
0.000000 -0.000000 -0.000000 0 0
0.000000 -0.000000 -0.000000 0 128
0.000000 -0.000000 -0.000000 0 128
0.000000 -0.000000 -0.000000 0 192
0.000000 -0.000000 -0.000000 0 192
0.000000 -0.000000 -0.000000 0 128
0.000000 -0.000000 -0.000000 0 128
0.000000 -0.000000 -0.000000 0 128
0.000000 -0.000000 -0.000000 0 128
0.000000 -0.000000 -0.000000 0 128
0.019000 0.115000 -0.110000 1 0
0.013000 0.094000 -0.087000 0 16
0.000000 -0.000000 -0.000000 0 192
0.000000 -0.000000 -0.000000 0 128
0.000000 -0.000000 -0.000000 0 0
0.000000 -0.000000 -0.000000 0 0
0.000000 -0.000000 -0.000000 0 192
0.000000 -0.000000 -0.000000 0 128
0.023000 0.108000 -0.104000 1 0
0.024000 0.126000 -0.117000 0 0
0.021000 0.126000 -0.113000 0 0
0.019000 0.135000 -0.117000 1 0
0.000000 -0.000000 -0.000000 0 0
0.000000 -0.000000 -0.000000 0 0
0.000000 -0.000000 -0.000000 0 0
0.000000 -0.000000 -0.000000 0 0
0.027000 0.105000 -0.102000 0 0
0.028000 0.120000 -0.113000 0 0
0.027000 0.127000 -0.115000 0 0
0.026000 0.135000 -0.118000 1 0
0.000000 -0.000000 -0.000000 0 0
0.305000 1.178000 -1.110000 1 0
0.000000 -0.000000 -0.000000 0 0
0.000000 -0.000000 -0.000000 0 0
0.037000 0.121000 -0.120000 1 0
0.000000 -0.000000 -0.000000 0 0
0.034000 0.132000 -0.120000 0 16
0.031000 0.127000 -0.111000 0 0
0.000000 -0.000000 -0.000000 0 0
0.037000 0.122000 -0.116000 0 16
0.000000 -0.000000 -0.000000 0 0
0.000000 -0.000000 -0.000000 0 0
0.039000 0.112000 -0.113000 0 0
0.000000 -0.000000 -0.000000 0 0
0.038000 0.123000 -0.113000 0 0
0.360000 1.225000 -1.073000 0 64
0.445000 1.188000 -1.205000 11 0
0.445000 1.254000 -1.212000 4 0
0.421000 1.248000 -1.148000 32 0
0.397000 1.242000 -1.092000 51 0
0.468000 1.175000 -1.203000 14 0
0.468000 1.233000 -1.201000 15 0
0.456000 1.256000 -1.163000 28 0
0.432000 1.249000 -1.103000 48 0
0.493000 1.165000 -1.205000 15 0
0.496000 1.226000 -1.204000 14 0
0.493000 1.266000 -1.181000 26 0
0.470000 1.262000 -1.120000 30 0
0.515000 1.150000 -1.201000 17 0
0.522000 1.213000 -1.201000 14 0
0.528000 1.271000 -1.193000 19 0
0.509000 1.273000 -1.137000 29 0
0.538000 1.139000 -1.202000 13 0
0.546000 1.197000 -1.196000 13 0
0.560000 1.266000 -1.198000 13 0
0.550000 1.285000 -1.155000 28 0
0.561000 1.126000 -1.202000 15 0
0.573000 1.187000 -1.198000 15 0
0.590000 1.255000 -1.198000 12 0
0.591000 1.296000 -1.173000 30 0
0.584000 1.114000 -1.203000 15 0
0.598000 1.172000 -1.196000 13 0
0.617000 1.239000 -1.193000 13 0
0.629000 1.297000 -1.182000 25 0
0.605000 1.097000 -1.199000 14 0
0.624000 1.159000 -1.195000 13 0
0.646000 1.227000 -1.193000 13 0
0.667000 1.295000 -1.192000 15 0
0.622000 1.074000 -1.189000 11 0
0.649000 1.146000 -1.196000 13 0
0.675000 1.213000 -1.192000 13 0
0.697000 1.279000 -1.187000 12 0
0.649000 1.069000 -1.200000 15 0
0.675000 1.134000 -1.197000 13 0
0.703000 1.198000 -1.190000 13 0
0.730000 1.266000 -1.188000 13 0
0.664000 1.045000 -1.189000 12 0
0.697000 1.114000 -1.192000 13 0
0.732000 1.185000 -1.192000 12 0
0.760000 1.249000 -1.185000 13 0
0.685000 1.030000 -1.188000 12 0
0.722000 1.101000 -1.193000 14 0
0.761000 1.171000 -1.193000 12 0
0.790000 1.232000 -1.182000 13 0
0.000000 -0.000000 -0.000000 0 128
0.000000 -0.000000 -0.000000 0 192
0.000000 -0.000000 -0.000000 0 0
0.000000 -0.000000 -0.000000 0 128
0.000000 -0.000000 -0.000000 0 128
0.000000 -0.000000 -0.000000 0 192
0.000000 -0.000000 -0.000000 0 192
0.000000 -0.000000 -0.000000 0 128
0.000000 -0.000000 -0.000000 0 128
0.000000 -0.000000 -0.000000 0 128
0.000000 -0.000000 -0.000000 0 128
0.000000 -0.000000 -0.000000 0 128
0.019000 0.115000 -0.110000 1 0
0.013000 0.094000 -0.087000 0 16
0.000000 -0.000000 -0.000000 0 192
0.000000 -0.000000 -0.000000 0 128
0.000000 -0.000000 -0.000000 0 0
0.000000 -0.000000 -0.000000 0 0
0.000000 -0.000000 -0.000000 0 192
0.000000 -0.000000 -0.000000 0 128
0.023000 0.108000 -0.104000 1 0
0.024000 0.126000 -0.117000 0 0
0.021000 0.126000 -0.113000 0 0
0.019000 0.135000 -0.117000 1 0
0.000000 -0.000000 -0.000000 0 0
0.000000 -0.000000 -0.000000 0 0
0.000000 -0.000000 -0.000000 0 0
0.000000 -0.000000 -0.000000 0 0
0.027000 0.105000 -0.102000 0 0
0.028000 0.120000 -0.113000 0 0
0.027000 0.127000 -0.115000 0 0
0.026000 0.135000 -0.118000 1 0
0.000000 -0.000000 -0.000000 0 0
0.305000 1.178000 -1.110000 1 0
0.000000 -0.000000 -0.000000 0 0
0.000000 -0.000000 -0.000000 0 0
0.037000 0.121000 -0.120000 1 0
0.000000 -0.000000 -0.000000 0 0
0.034000 0.132000 -0.120000 0 16
0.031000 0.127000 -0.111000 0 0
0.000000 -0.000000 -0.000000 0 0
0.037000 0.122000 -0.116000 0 16
0.000000 -0.000000 -0.000000 0 0
0.000000 -0.000000 -0.000000 0 0
0.039000 0.112000 -0.113000 0 0
0.000000 -0.000000 -0.000000 0 0
0.038000 0.123000 -0.113000 0 0
0.360000 1.225000 -1.073000 0 64
0.445000 1.188000 -1.205000 11 0
0.445000 1.254000 -1.212000 4 0
0.421000 1.248000 -1.148000 32 0
0.397000 1.242000 -1.092000 51 0
0.468000 1.175000 -1.203000 14 0
0.468000 1.233000 -1.201000 15 0
0.456000 1.256000 -1.163000 28 0
0.432000 1.249000 -1.103000 48 0
0.493000 1.165000 -1.205000 15 0
0.496000 1.226000 -1.204000 14 0
0.493000 1.266000 -1.181000 26 0
0.470000 1.262000 -1.120000 30 0
0.515000 1.150000 -1.201000 17 0
0.522000 1.213000 -1.201000 14 0
0.528000 1.271000 -1.193000 19 0
0.509000 1.273000 -1.137000 29 0
0.538000 1.139000 -1.202000 13 0
0.546000 1.197000 -1.196000 13 0
0.560000 1.266000 -1.198000 13 0
0.550000 1.285000 -1.155000 28 0
0.561000 1.126000 -1.202000 15 0
0.573000 1.187000 -1.198000 15 0
0.590000 1.255000 -1.198000 12 0
0.591000 1.296000 -1.173000 30 0
0.584000 1.114000 -1.203000 15 0
0.598000 1.172000 -1.196000 13 0
0.617000 1.239000 -1.193000 13 0
0.629000 1.297000 -1.182000 25 0
0.605000 1.097000 -1.199000 14 0
0.624000 1.159000 -1.195000 13 0
0.646000 1.227000 -1.193000 13 0
0.667000 1.295000 -1.192000 15 0
0.622000 1.074000 -1.189000 11 0
0.649000 1.146000 -1.196000 13 0
0.675000 1.213000 -1.192000 13 0
0.697000 1.279000 -1.187000 12 0
0.649000 1.069000 -1.200000 15 0
0.675000 1.134000 -1.197000 13 0
0.703000 1.198000 -1.190000 13 0
0.730000 1.266000 -1.188000 13 0
0.664000 1.045000 -1.189000 12 0
0.697000 1.114000 -1.192000 13 0
0.732000 1.185000 -1.192000 12 0
0.760000 1.249000 -1.185000 13 0
0.685000 1.030000 -1.188000 12 0
0.722000 1.101000 -1.193000 14 0
0.761000 1.171000 -1.193000 12 0
0.790000 1.232000 -1.182000 13 0
0.706000 1.015000 -1.189000 12 0
0.748000 1.087000 -1.195000 13 0
0.786000 1.151000 -1.188000 12 0
0.821000 1.215000 -1.181000 13 0
0.725000 0.998000 -1.186000 13 0
0.769000 1.068000 -1.190000 13 0
0.813000 1.134000 -1.187000 12 0
0.852000 1.198000 -1.180000 13 0
0.744000 0.981000 -1.185000 13 0
0.792000 1.051000 -1.191000 14 0
0.840000 1.117000 -1.187000 12 0
0.882000 1.180000 -1.179000 13 0
0.766000 0.967000 -1.189000 10 0
0.815000 1.034000 -1.190000 13 0
0.866000 1.099000 -1.186000 13 0
0.912000 1.162000 -1.179000 13 0
0.786000 0.952000 -1.190000 6 0
0.833000 1.011000 -1.183000 9 0
0.891000 1.079000 -1.184000 10 0
0.944000 1.145000 -1.181000 10 0
0.802000 0.932000 -1.186000 1 0
0.855000 0.993000 -1.183000 3 0
0.917000 1.060000 -1.184000 3 0
0.965000 1.115000 -1.170000 2 0
0.000000 -0.000000 -0.000000 0 0
0.000000 -0.000000 -0.000000 0 0
0.000000 -0.000000 -0.000000 0 0
0.000000 -0.000000 -0.000000 0 0
0.000000 -0.000000 -0.000000 0 192
0.000000 -0.000000 -0.000000 0 192
0.000000 -0.000000 -0.000000 0 192
0.000000 -0.000000 -0.000000 0 192
0.000000 -0.000000 -0.000000 0 128
0.000000 -0.000000 -0.000000 0 128
0.000000 -0.000000 -0.000000 0 128
0.000000 -0.000000 -0.000000 0 128
0.000000 -0.000000 -0.000000 0 128
0.000000 -0.000000 -0.000000 0 128
0.000000 -0.000000 -0.000000 0 0
0.000000 -0.000000 -0.000000 0 128
0.000000 -0.000000 -0.000000 0 128
0.000000 -0.000000 -0.000000 0 128
0.000000 -0.000000 -0.000000 0 0
0.000000 -0.000000 -0.000000 0 128
0.000000 -0.000000 -0.000000 0 128
0.000000 -0.000000 -0.000000 0 128
0.000000 -0.000000 -0.000000 0 128
0.000000 -0.000000 -0.000000 0 128
0.000000 -0.000000 -0.000000 0 128
0.000000 -0.000000 -0.000000 0 128
0.000000 -0.000000 -0.000000 0 128
0.000000 -0.000000 -0.000000 0 128
0.000000 -0.000000 -0.000000 0 192
0.000000 -0.000000 -0.000000 0 128
0.000000 -0.000000 -0.000000 0 128
0.000000 -0.000000 -0.000000 0 128
0.000000 -0.000000 -0.000000 0 128
0.000000 -0.000000 -0.000000 0 128
0.000000 -0.000000 -0.000000 0 128
0.000000 -0.000000 -0.000000 0 128
0.000000 -0.000000 -0.000000 0 128
0.000000 -0.000000 -0.000000 0 128
0.000000 -0.000000 -0.000000 0 0
0.000000 -0.000000 -0.000000 0 128
0.000000 -0.000000 -0.000000 0 128
0.000000 -0.000000 -0.000000 0 128
0.000000 -0.000000 -0.000000 0 0
0.000000 -0.000000 -0.000000 0 128
0.000000 -0.000000 -0.000000 0 128
0.000000 -0.000000 -0.000000 0 128
0.000000 -0.000000 -0.000000 0 0
0.000000 -0.000000 -0.000000 0 128
0.000000 -0.000000 -0.000000 0 128
0.000000 -0.000000 -0.000000 0 128
0.000000 -0.000000 -0.000000 0 0
0.000000 -0.000000 -0.000000 0 128
0.000000 -0.000000 -0.000000 0 128
0.000000 -0.000000 -0.000000 0 128
0.000000 -0.000000 -0.000000 0 0
0.000000 -0.000000 -0.000000 0 128
0.000000 -0.000000 -0.000000 0 128
0.000000 -0.000000 -0.000000 0 128
0.000000 -0.000000 -0.000000 0 0
0.000000 -0.000000 -0.000000 0 128
0.000000 -0.000000 -0.000000 0 128
0.000000 -0.000000 -0.000000 0 128
0.000000 -0.000000 -0.000000 0 128
0.000000 -0.000000 -0.000000 0 128
0.000000 -0.000000 -0.000000 0 128
0.000000 -0.000000 -0.000000 0 128
0.000000 -0.000000 -0.000000 0 128
0.000000 -0.000000 -0.000000 0 128
0.000000 -0.000000 -0.000000 0 128
0.000000 -0.000000 -0.000000 0 128
0.000000 -0.000000 -0.000000 0 192
0.000000 -0.000000 -0.000000 0 128
0.706000 1.015000 -1.189000 12 0
0.748000 1.087000 -1.195000 13 0
0.786000 1.151000 -1.188000 12 0
0.821000 1.215000 -1.181000 13 0
0.725000 0.998000 -1.186000 13 0
0.769000 1.068000 -1.190000 13 0
0.813000 1.134000 -1.187000 12 0
0.852000 1.198000 -1.180000 13 0
0.744000 0.981000 -1.185000 13 0
0.792000 1.051000 -1.191000 14 0
0.840000 1.117000 -1.187000 12 0
0.882000 1.180000 -1.179000 13 0
0.766000 0.967000 -1.189000 10 0
0.815000 1.034000 -1.190000 13 0
0.866000 1.099000 -1.186000 13 0
0.912000 1.162000 -1.179000 13 0
0.786000 0.952000 -1.190000 6 0
0.833000 1.011000 -1.183000 9 0
0.891000 1.079000 -1.184000 10 0
0.944000 1.145000 -1.181000 10 0
0.802000 0.932000 -1.186000 1 0
0.855000 0.993000 -1.183000 3 0
0.917000 1.060000 -1.184000 3 0
0.965000 1.115000 -1.170000 2 0
0.000000 -0.000000 -0.000000 0 0
0.000000 -0.000000 -0.000000 0 0
0.000000 -0.000000 -0.000000 0 0
0.000000 -0.000000 -0.000000 0 0
0.000000 -0.000000 -0.000000 0 192
0.000000 -0.000000 -0.000000 0 192
0.000000 -0.000000 -0.000000 0 192
0.000000 -0.000000 -0.000000 0 192
0.000000 -0.000000 -0.000000 0 128
0.000000 -0.000000 -0.000000 0 128
0.000000 -0.000000 -0.000000 0 128
0.000000 -0.000000 -0.000000 0 128
0.000000 -0.000000 -0.000000 0 128
0.000000 -0.000000 -0.000000 0 128
0.000000 -0.000000 -0.000000 0 0
0.000000 -0.000000 -0.000000 0 128
0.000000 -0.000000 -0.000000 0 128
0.000000 -0.000000 -0.000000 0 128
0.000000 -0.000000 -0.000000 0 0
0.000000 -0.000000 -0.000000 0 128
0.000000 -0.000000 -0.000000 0 128
0.000000 -0.000000 -0.000000 0 128
0.000000 -0.000000 -0.000000 0 128
0.000000 -0.000000 -0.000000 0 128
0.000000 -0.000000 -0.000000 0 128
0.000000 -0.000000 -0.000000 0 128
0.000000 -0.000000 -0.000000 0 128
0.000000 -0.000000 -0.000000 0 128
0.000000 -0.000000 -0.000000 0 192
0.000000 -0.000000 -0.000000 0 128
0.000000 -0.000000 -0.000000 0 128
0.000000 -0.000000 -0.000000 0 128
0.000000 -0.000000 -0.000000 0 128
0.000000 -0.000000 -0.000000 0 128
0.000000 -0.000000 -0.000000 0 128
0.000000 -0.000000 -0.000000 0 128
0.000000 -0.000000 -0.000000 0 128
0.000000 -0.000000 -0.000000 0 128
0.000000 -0.000000 -0.000000 0 0
0.000000 -0.000000 -0.000000 0 128
0.000000 -0.000000 -0.000000 0 128
0.000000 -0.000000 -0.000000 0 128
0.000000 -0.000000 -0.000000 0 0
0.000000 -0.000000 -0.000000 0 128
0.000000 -0.000000 -0.000000 0 128
0.000000 -0.000000 -0.000000 0 128
0.000000 -0.000000 -0.000000 0 0
0.000000 -0.000000 -0.000000 0 128
0.000000 -0.000000 -0.000000 0 128
0.000000 -0.000000 -0.000000 0 128
0.000000 -0.000000 -0.000000 0 0
0.000000 -0.000000 -0.000000 0 128
0.000000 -0.000000 -0.000000 0 128
0.000000 -0.000000 -0.000000 0 128
0.000000 -0.000000 -0.000000 0 0
0.000000 -0.000000 -0.000000 0 128
0.000000 -0.000000 -0.000000 0 128
0.000000 -0.000000 -0.000000 0 128
0.000000 -0.000000 -0.000000 0 0
0.000000 -0.000000 -0.000000 0 128
0.000000 -0.000000 -0.000000 0 128
0.000000 -0.000000 -0.000000 0 128
0.000000 -0.000000 -0.000000 0 128
0.000000 -0.000000 -0.000000 0 128
0.000000 -0.000000 -0.000000 0 128
0.000000 -0.000000 -0.000000 0 128
0.000000 -0.000000 -0.000000 0 128
0.000000 -0.000000 -0.000000 0 128
0.000000 -0.000000 -0.000000 0 128
0.000000 -0.000000 -0.000000 0 128
0.000000 -0.000000 -0.000000 0 192
0.000000 -0.000000 -0.000000 0 128
0.000000 -0.000000 -0.000000 0 128
0.000000 -0.000000 -0.000000 0 128
0.000000 -0.000000 -0.000000 0 128
0.000000 -0.000000 -0.000000 0 128
0.000000 -0.000000 -0.000000 0 128
0.000000 -0.000000 -0.000000 0 192
0.000000 -0.000000 -0.000000 0 0
0.000000 -0.000000 -0.000000 0 128
0.000000 -0.000000 -0.000000 0 128
0.000000 -0.000000 -0.000000 0 128
0.000000 -0.000000 -0.000000 0 0
0.000000 -0.000000 -0.000000 0 128
0.000000 -0.000000 -0.000000 0 128
0.000000 -0.000000 -0.000000 0 128
0.000000 -0.000000 -0.000000 0 0
0.000000 -0.000000 -0.000000 0 128
0.000000 -0.000000 -0.000000 0 128
0.000000 -0.000000 -0.000000 0 128
0.000000 -0.000000 -0.000000 0 0
0.000000 -0.000000 -0.000000 0 128
0.000000 -0.000000 -0.000000 0 192
0.000000 -0.000000 -0.000000 0 0
0.000000 -0.000000 -0.000000 0 0
0.000000 -0.000000 -0.000000 0 0
0.000000 -0.000000 -0.000000 0 192
0.000000 -0.000000 -0.000000 0 0
0.000000 -0.000000 -0.000000 0 0
0.000000 -0.000000 -0.000000 0 0
0.000000 -0.000000 -0.000000 0 192
0.000000 -0.000000 -0.000000 0 0
0.000000 -0.000000 -0.000000 0 0
0.000000 -0.000000 -0.000000 0 0
0.000000 -0.000000 -0.000000 0 128
0.000000 -0.000000 -0.000000 0 0
0.000000 -0.000000 -0.000000 0 0
0.000000 -0.000000 -0.000000 0 0
0.000000 -0.000000 -0.000000 0 128
0.000000 -0.000000 -0.000000 0 0
0.000000 -0.000000 -0.000000 0 0
0.000000 -0.000000 -0.000000 0 0
0.000000 -0.000000 -0.000000 0 128
0.000000 -0.000000 -0.000000 0 0
0.000000 -0.000000 -0.000000 0 0
0.000000 -0.000000 -0.000000 0 0
0.000000 -0.000000 -0.000000 0 128
0.000000 -0.000000 -0.000000 0 0
0.000000 -0.000000 -0.000000 0 0
0.000000 -0.000000 -0.000000 0 0
0.000000 -0.000000 -0.000000 0 128
0.000000 -0.000000 -0.000000 0 0
0.000000 -0.000000 -0.000000 0 0
0.000000 -0.000000 -0.000000 0 0
0.000000 -0.000000 -0.000000 0 128
0.000000 -0.000000 -0.000000 0 0
0.000000 -0.000000 -0.000000 0 0
0.000000 -0.000000 -0.000000 0 0
0.000000 -0.000000 -0.000000 0 128
0.000000 -0.000000 -0.000000 0 0
0.000000 -0.000000 -0.000000 0 0
0.000000 -0.000000 -0.000000 0 128
0.000000 -0.000000 -0.000000 0 128
0.000000 -0.000000 -0.000000 0 0
0.000000 -0.000000 -0.000000 0 0
0.000000 -0.000000 -0.000000 0 0
0.000000 -0.000000 -0.000000 0 128
0.000000 -0.000000 -0.000000 0 0
0.000000 -0.000000 -0.000000 0 0
0.000000 -0.000000 -0.000000 0 0
0.000000 -0.000000 -0.000000 0 128
0.000000 -0.000000 -0.000000 0 0
0.000000 -0.000000 -0.000000 0 0
0.000000 -0.000000 -0.000000 0 0
0.000000 -0.000000 -0.000000 0 128
0.000000 -0.000000 -0.000000 0 0
0.000000 -0.000000 -0.000000 0 0
0.000000 -0.000000 -0.000000 0 128
0.000000 -0.000000 -0.000000 0 128
0.000000 -0.000000 -0.000000 0 128
0.000000 -0.000000 -0.000000 0 0
0.000000 -0.000000 -0.000000 0 128
0.000000 -0.000000 -0.000000 0 128
0.000000 -0.000000 -0.000000 0 128
0.000000 -0.000000 -0.000000 0 0
0.000000 -0.000000 -0.000000 0 128
0.000000 -0.000000 -0.000000 0 128
0.000000 -0.000000 -0.000000 0 128
0.000000 -0.000000 -0.000000 0 0
0.000000 -0.000000 -0.000000 0 0
0.000000 -0.000000 -0.000000 0 128
0.000000 -0.000000 -0.000000 0 128
0.000000 -0.000000 -0.000000 0 0
0.000000 -0.000000 -0.000000 0 0
0.000000 -0.000000 -0.000000 0 128
0.000000 -0.000000 -0.000000 0 128
0.000000 -0.000000 -0.000000 0 0
0.000000 -0.000000 -0.000000 0 128
0.000000 -0.000000 -0.000000 0 128
0.000000 -0.000000 -0.000000 0 128
0.000000 -0.000000 -0.000000 0 128
0.000000 -0.000000 -0.000000 0 128
0.000000 -0.000000 -0.000000 0 128
0.000000 -0.000000 -0.000000 0 192
0.000000 -0.000000 -0.000000 0 0
0.000000 -0.000000 -0.000000 0 128
0.000000 -0.000000 -0.000000 0 128
0.000000 -0.000000 -0.000000 0 128
0.000000 -0.000000 -0.000000 0 0
0.000000 -0.000000 -0.000000 0 128
0.000000 -0.000000 -0.000000 0 128
0.000000 -0.000000 -0.000000 0 128
0.000000 -0.000000 -0.000000 0 0
0.000000 -0.000000 -0.000000 0 128
0.000000 -0.000000 -0.000000 0 128
0.000000 -0.000000 -0.000000 0 128
0.000000 -0.000000 -0.000000 0 0
0.000000 -0.000000 -0.000000 0 128
0.000000 -0.000000 -0.000000 0 192
0.000000 -0.000000 -0.000000 0 0
0.000000 -0.000000 -0.000000 0 0
0.000000 -0.000000 -0.000000 0 0
0.000000 -0.000000 -0.000000 0 192
0.000000 -0.000000 -0.000000 0 0
0.000000 -0.000000 -0.000000 0 0
0.000000 -0.000000 -0.000000 0 0
0.000000 -0.000000 -0.000000 0 192
0.000000 -0.000000 -0.000000 0 0
0.000000 -0.000000 -0.000000 0 0
0.000000 -0.000000 -0.000000 0 0
0.000000 -0.000000 -0.000000 0 128
0.000000 -0.000000 -0.000000 0 0
0.000000 -0.000000 -0.000000 0 0
0.000000 -0.000000 -0.000000 0 0
0.000000 -0.000000 -0.000000 0 128
0.000000 -0.000000 -0.000000 0 0
0.000000 -0.000000 -0.000000 0 0
0.000000 -0.000000 -0.000000 0 0
0.000000 -0.000000 -0.000000 0 128
0.000000 -0.000000 -0.000000 0 0
0.000000 -0.000000 -0.000000 0 0
0.000000 -0.000000 -0.000000 0 0
0.000000 -0.000000 -0.000000 0 128
0.000000 -0.000000 -0.000000 0 0
0.000000 -0.000000 -0.000000 0 0
0.000000 -0.000000 -0.000000 0 0
0.000000 -0.000000 -0.000000 0 128
0.000000 -0.000000 -0.000000 0 0
0.000000 -0.000000 -0.000000 0 0
0.000000 -0.000000 -0.000000 0 0
0.000000 -0.000000 -0.000000 0 128
0.000000 -0.000000 -0.000000 0 0
0.000000 -0.000000 -0.000000 0 0
0.000000 -0.000000 -0.000000 0 0
0.000000 -0.000000 -0.000000 0 128
0.000000 -0.000000 -0.000000 0 0
0.000000 -0.000000 -0.000000 0 0
0.000000 -0.000000 -0.000000 0 128
0.000000 -0.000000 -0.000000 0 128
0.000000 -0.000000 -0.000000 0 0
0.000000 -0.000000 -0.000000 0 0
0.000000 -0.000000 -0.000000 0 0
0.000000 -0.000000 -0.000000 0 128
0.000000 -0.000000 -0.000000 0 0
0.000000 -0.000000 -0.000000 0 0
0.000000 -0.000000 -0.000000 0 0
0.000000 -0.000000 -0.000000 0 128
0.000000 -0.000000 -0.000000 0 0
0.000000 -0.000000 -0.000000 0 0
0.000000 -0.000000 -0.000000 0 0
0.000000 -0.000000 -0.000000 0 128
0.000000 -0.000000 -0.000000 0 0
0.000000 -0.000000 -0.000000 0 0
0.000000 -0.000000 -0.000000 0 128
0.000000 -0.000000 -0.000000 0 128
0.000000 -0.000000 -0.000000 0 128
0.000000 -0.000000 -0.000000 0 0
0.000000 -0.000000 -0.000000 0 128
0.000000 -0.000000 -0.000000 0 128
0.000000 -0.000000 -0.000000 0 128
0.000000 -0.000000 -0.000000 0 0
0.000000 -0.000000 -0.000000 0 128
0.000000 -0.000000 -0.000000 0 128
0.000000 -0.000000 -0.000000 0 128
0.000000 -0.000000 -0.000000 0 0
0.000000 -0.000000 -0.000000 0 0
0.000000 -0.000000 -0.000000 0 128
0.000000 -0.000000 -0.000000 0 128
0.000000 -0.000000 -0.000000 0 0
0.000000 -0.000000 -0.000000 0 0
0.000000 -0.000000 -0.000000 0 128
0.000000 -0.000000 -0.000000 0 128
0.000000 -0.000000 -0.000000 0 0
0.000000 -0.000000 -0.000000 0 128
0.000000 -0.000000 -0.000000 0 128
0.000000 -0.000000 -0.000000 0 128
0.000000 -0.000000 -0.000000 0 0
0.000000 -0.000000 -0.000000 0 128
0.000000 -0.000000 -0.000000 0 128
0.000000 -0.000000 -0.000000 0 0
0.000000 -0.000000 -0.000000 0 0
0.000000 -0.000000 -0.000000 0 128
0.000000 -0.000000 -0.000000 0 128
0.000000 -0.000000 -0.000000 0 0
0.000000 -0.000000 -0.000000 0 0
0.000000 -0.000000 -0.000000 0 128
0.000000 -0.000000 -0.000000 0 128
0.000000 -0.000000 -0.000000 0 0
0.000000 -0.000000 -0.000000 0 128
0.000000 -0.000000 -0.000000 0 128
0.000000 -0.000000 -0.000000 0 128
0.000000 -0.000000 -0.000000 0 0
0.000000 -0.000000 -0.000000 0 128
0.000000 -0.000000 -0.000000 0 128
0.000000 -0.000000 -0.000000 0 128
0.000000 -0.000000 -0.000000 0 0
0.000000 -0.000000 -0.000000 0 128
0.000000 -0.000000 -0.000000 0 128
0.000000 -0.000000 -0.000000 0 128
0.000000 -0.000000 -0.000000 0 0
0.000000 -0.000000 -0.000000 0 0
0.000000 -0.000000 -0.000000 0 128
0.000000 -0.000000 -0.000000 0 128
0.000000 -0.000000 -0.000000 0 0
0.000000 -0.000000 -0.000000 0 0
0.000000 -0.000000 -0.000000 0 128
0.000000 -0.000000 -0.000000 0 128
0.000000 -0.000000 -0.000000 0 0
0.000000 -0.000000 -0.000000 0 0
0.000000 -0.000000 -0.000000 0 128
0.000000 -0.000000 -0.000000 0 128
0.000000 -0.000000 -0.000000 0 0
0.000000 -0.000000 -0.000000 0 0
0.000000 -0.000000 -0.000000 0 0
0.000000 -0.000000 -0.000000 0 128
0.000000 -0.000000 -0.000000 0 128
0.000000 -0.000000 -0.000000 0 0
0.000000 -0.000000 -0.000000 0 128
0.000000 -0.000000 -0.000000 0 128
0.000000 -0.000000 -0.000000 0 128
0.000000 -0.000000 -0.000000 0 0
0.000000 -0.000000 -0.000000 0 128
0.000000 -0.000000 -0.000000 0 128
0.000000 -0.000000 -0.000000 0 128
0.000000 -0.000000 -0.000000 0 128
0.000000 -0.000000 -0.000000 0 128
0.000000 -0.000000 -0.000000 0 192
0.000000 -0.000000 -0.000000 0 128
0.000000 -0.000000 -0.000000 0 128
0.000000 -0.000000 -0.000000 0 128
0.000000 -0.000000 -0.000000 0 128
0.000000 -0.000000 -0.000000 0 128
0.000000 -0.000000 -0.000000 0 128
0.000000 -0.000000 -0.000000 0 128
0.000000 -0.000000 -0.000000 0 192
0.000000 -0.000000 -0.000000 0 128
0.000000 -0.000000 -0.000000 0 128
0.000000 -0.000000 -0.000000 0 128
0.000000 -0.000000 -0.000000 0 128
0.000000 -0.000000 -0.000000 0 128
0.000000 -0.000000 -0.000000 0 128
0.000000 -0.000000 -0.000000 0 128
0.000000 -0.000000 -0.000000 0 192
0.000000 -0.000000 -0.000000 0 128
0.000000 -0.000000 -0.000000 0 128
0.000000 -0.000000 -0.000000 0 128
0.000000 -0.000000 -0.000000 0 128
0.000000 -0.000000 -0.000000 0 128
0.000000 -0.000000 -0.000000 0 128
0.000000 -0.000000 -0.000000 0 128
0.000000 -0.000000 -0.000000 0 128
0.000000 -0.000000 -0.000000 0 128
0.000000 -0.000000 -0.000000 0 128
0.000000 -0.000000 -0.000000 0 128
0.000000 -0.000000 -0.000000 0 128
0.000000 -0.000000 -0.000000 0 128
0.000000 -0.000000 -0.000000 0 128
0.000000 -0.000000 -0.000000 0 128
0.000000 -0.000000 -0.000000 0 128
0.000000 -0.000000 -0.000000 0 128
0.000000 -0.000000 -0.000000 0 128
0.000000 -0.000000 -0.000000 0 128
0.000000 -0.000000 -0.000000 0 128
0.000000 -0.000000 -0.000000 0 128
0.000000 -0.000000 -0.000000 0 128
0.000000 -0.000000 -0.000000 0 128
0.000000 -0.000000 -0.000000 0 192
0.000000 -0.000000 -0.000000 0 128
0.000000 -0.000000 -0.000000 0 128
0.000000 -0.000000 -0.000000 0 128
0.000000 -0.000000 -0.000000 0 128
0.000000 -0.000000 -0.000000 0 128
0.000000 -0.000000 -0.000000 0 0
0.000000 -0.000000 -0.000000 0 128
0.000000 -0.000000 -0.000000 0 128
0.000000 -0.000000 -0.000000 0 0
0.000000 -0.000000 -0.000000 0 0
0.000000 -0.000000 -0.000000 0 128
0.000000 -0.000000 -0.000000 0 128
0.000000 -0.000000 -0.000000 0 0
0.000000 -0.000000 -0.000000 0 0
0.000000 -0.000000 -0.000000 0 128
0.000000 -0.000000 -0.000000 0 128
0.000000 -0.000000 -0.000000 0 0
0.000000 -0.000000 -0.000000 0 128
0.000000 -0.000000 -0.000000 0 128
0.000000 -0.000000 -0.000000 0 128
0.000000 -0.000000 -0.000000 0 0
0.000000 -0.000000 -0.000000 0 128
0.000000 -0.000000 -0.000000 0 128
0.000000 -0.000000 -0.000000 0 128
0.000000 -0.000000 -0.000000 0 0
0.000000 -0.000000 -0.000000 0 128
0.000000 -0.000000 -0.000000 0 128
0.000000 -0.000000 -0.000000 0 128
0.000000 -0.000000 -0.000000 0 0
0.000000 -0.000000 -0.000000 0 0
0.000000 -0.000000 -0.000000 0 128
0.000000 -0.000000 -0.000000 0 128
0.000000 -0.000000 -0.000000 0 0
0.000000 -0.000000 -0.000000 0 0
0.000000 -0.000000 -0.000000 0 128
0.000000 -0.000000 -0.000000 0 128
0.000000 -0.000000 -0.000000 0 0
0.000000 -0.000000 -0.000000 0 0
0.000000 -0.000000 -0.000000 0 128
0.000000 -0.000000 -0.000000 0 128
0.000000 -0.000000 -0.000000 0 0
0.000000 -0.000000 -0.000000 0 0
0.000000 -0.000000 -0.000000 0 0
0.000000 -0.000000 -0.000000 0 128
0.000000 -0.000000 -0.000000 0 128
0.000000 -0.000000 -0.000000 0 0
0.000000 -0.000000 -0.000000 0 128
0.000000 -0.000000 -0.000000 0 128
0.000000 -0.000000 -0.000000 0 128
0.000000 -0.000000 -0.000000 0 0
0.000000 -0.000000 -0.000000 0 128
0.000000 -0.000000 -0.000000 0 128
0.000000 -0.000000 -0.000000 0 128
0.000000 -0.000000 -0.000000 0 128
0.000000 -0.000000 -0.000000 0 128
0.000000 -0.000000 -0.000000 0 192
0.000000 -0.000000 -0.000000 0 128
0.000000 -0.000000 -0.000000 0 128
0.000000 -0.000000 -0.000000 0 128
0.000000 -0.000000 -0.000000 0 128
0.000000 -0.000000 -0.000000 0 128
0.000000 -0.000000 -0.000000 0 128
0.000000 -0.000000 -0.000000 0 128
0.000000 -0.000000 -0.000000 0 192
0.000000 -0.000000 -0.000000 0 128
0.000000 -0.000000 -0.000000 0 128
0.000000 -0.000000 -0.000000 0 128
0.000000 -0.000000 -0.000000 0 128
0.000000 -0.000000 -0.000000 0 128
0.000000 -0.000000 -0.000000 0 128
0.000000 -0.000000 -0.000000 0 128
0.000000 -0.000000 -0.000000 0 192
0.000000 -0.000000 -0.000000 0 128
0.000000 -0.000000 -0.000000 0 128
0.000000 -0.000000 -0.000000 0 128
0.000000 -0.000000 -0.000000 0 128
0.000000 -0.000000 -0.000000 0 128
0.000000 -0.000000 -0.000000 0 128
0.000000 -0.000000 -0.000000 0 128
0.000000 -0.000000 -0.000000 0 128
0.000000 -0.000000 -0.000000 0 128
0.000000 -0.000000 -0.000000 0 128
0.000000 -0.000000 -0.000000 0 128
0.000000 -0.000000 -0.000000 0 128
0.000000 -0.000000 -0.000000 0 128
0.000000 -0.000000 -0.000000 0 128
0.000000 -0.000000 -0.000000 0 128
0.000000 -0.000000 -0.000000 0 128
0.000000 -0.000000 -0.000000 0 128
0.000000 -0.000000 -0.000000 0 128
0.000000 -0.000000 -0.000000 0 128
0.000000 -0.000000 -0.000000 0 128
0.000000 -0.000000 -0.000000 0 128
0.000000 -0.000000 -0.000000 0 128
0.000000 -0.000000 -0.000000 0 128
0.000000 -0.000000 -0.000000 0 192
0.000000 -0.000000 -0.000000 0 128
0.000000 -0.000000 -0.000000 0 128
0.000000 -0.000000 -0.000000 0 128
0.000000 -0.000000 -0.000000 0 128
0.000000 -0.000000 -0.000000 0 128
0.000000 -0.000000 -0.000000 0 128
0.000000 -0.000000 -0.000000 0 128
0.000000 -0.000000 -0.000000 0 192
0.000000 -0.000000 -0.000000 0 128
0.000000 -0.000000 -0.000000 0 128
0.000000 -0.000000 -0.000000 0 128
0.000000 -0.000000 -0.000000 0 128
0.000000 -0.000000 -0.000000 0 128
0.000000 -0.000000 -0.000000 0 128
0.000000 -0.000000 -0.000000 0 128
0.000000 -0.000000 -0.000000 0 128
0.000000 -0.000000 -0.000000 0 128
0.000000 -0.000000 -0.000000 0 128
0.000000 -0.000000 -0.000000 0 192
0.000000 -0.000000 -0.000000 0 128
0.000000 -0.000000 -0.000000 0 128
0.000000 -0.000000 -0.000000 0 128
0.000000 -0.000000 -0.000000 0 128
0.000000 -0.000000 -0.000000 0 128
0.000000 -0.000000 -0.000000 0 128
0.000000 -0.000000 -0.000000 0 128
0.000000 -0.000000 -0.000000 0 192
0.000000 -0.000000 -0.000000 0 128
0.000000 -0.000000 -0.000000 0 128
0.000000 -0.000000 -0.000000 0 192
0.833000 -0.950000 -0.952000 2 0
0.000000 -0.000000 -0.000000 0 128
0.000000 -0.000000 -0.000000 0 192
0.901000 -0.975000 -1.041000 2 0
0.000000 -0.000000 -0.000000 0 0
0.000000 -0.000000 -0.000000 0 128
0.000000 -0.000000 -0.000000 0 192
0.947000 -1.072000 -1.122000 26 0
0.703000 -0.879000 -0.850000 0 64
0.000000 -0.000000 -0.000000 0 192
0.000000 -0.000000 -0.000000 0 128
0.972000 -1.151000 -1.181000 36 0
0.697000 -0.912000 -0.868000 3 0
0.000000 -0.000000 -0.000000 0 192
0.000000 -0.000000 -0.000000 0 128
0.971000 -1.205000 -1.213000 14 0
0.909000 -1.247000 -1.169000 1 0
0.000000 -0.000000 -0.000000 0 192
0.890000 -1.040000 -1.108000 37 0
0.945000 -1.227000 -1.213000 14 0
0.874000 -1.258000 -1.162000 10 0
0.971000 -1.061000 -1.203000 4 0
0.941000 -1.150000 -1.200000 20 0
0.913000 -1.242000 -1.208000 8 0
0.881000 -1.330000 -1.212000 15 0
0.882000 -1.008000 -1.117000 25 0
0.926000 -1.186000 -1.213000 14 0
0.878000 -1.253000 -1.198000 4 0
0.853000 -1.352000 -1.217000 15 0
0.840000 -1.006000 -1.089000 16 0
0.902000 -1.210000 -1.215000 15 0
0.861000 -1.289000 -1.214000 14 0
0.823000 -1.372000 -1.219000 15 0
0.908000 -1.140000 -1.207000 19 0
0.877000 -1.233000 -1.216000 14 0
0.833000 -1.310000 -1.216000 14 0
0.792000 -1.390000 -1.221000 14 0
0.892000 -1.173000 -1.216000 15 0
0.851000 -1.257000 -1.217000 14 0
0.803000 -1.326000 -1.214000 14 0
0.760000 -1.406000 -1.221000 16 0
0.868000 -1.197000 -1.216000 14 0
0.824000 -1.278000 -1.218000 14 0
0.777000 -1.352000 -1.221000 14 0
0.728000 -1.421000 -1.223000 17 0
0.845000 -1.225000 -1.220000 14 0
0.797000 -1.299000 -1.218000 13 0
0.748000 -1.371000 -1.223000 16 0
0.697000 -1.438000 -1.225000 19 0
0.821000 -1.249000 -1.221000 13 0
0.769000 -1.321000 -1.219000 13 0
0.718000 -1.388000 -1.224000 16 0
0.665000 -1.454000 -1.228000 19 0
0.795000 -1.274000 -1.222000 13 0
0.740000 -1.339000 -1.219000 14 0
0.689000 -1.409000 -1.228000 18 0
0.631000 -1.465000 -1.227000 18 0
0.769000 -1.297000 -1.223000 13 0
0.713000 -1.363000 -1.223000 15 0
0.658000 -1.425000 -1.229000 19 0
0.597000 -1.474000 -1.226000 20 0
0.742000 -1.320000 -1.223000 14 0
0.683000 -1.381000 -1.223000 15 0
0.627000 -1.442000 -1.231000 18 0
0.566000 -1.491000 -1.231000 18 0
0.714000 -1.342000 -1.224000 16 0
0.655000 -1.403000 -1.227000 18 0
0.594000 -1.454000 -1.230000 18 0
0.531000 -1.498000 -1.229000 20 0
0.000000 -0.000000 -0.000000 0 128
0.000000 -0.000000 -0.000000 0 128
0.000000 -0.000000 -0.000000 0 128
0.000000 -0.000000 -0.000000 0 128
0.000000 -0.000000 -0.000000 0 192
0.000000 -0.000000 -0.000000 0 128
0.000000 -0.000000 -0.000000 0 128
0.000000 -0.000000 -0.000000 0 128
0.000000 -0.000000 -0.000000 0 128
0.000000 -0.000000 -0.000000 0 128
0.000000 -0.000000 -0.000000 0 128
0.000000 -0.000000 -0.000000 0 128
0.000000 -0.000000 -0.000000 0 128
0.000000 -0.000000 -0.000000 0 128
0.000000 -0.000000 -0.000000 0 128
0.000000 -0.000000 -0.000000 0 192
0.000000 -0.000000 -0.000000 0 128
0.000000 -0.000000 -0.000000 0 128
0.000000 -0.000000 -0.000000 0 128
0.000000 -0.000000 -0.000000 0 128
0.000000 -0.000000 -0.000000 0 128
0.000000 -0.000000 -0.000000 0 128
0.000000 -0.000000 -0.000000 0 128
0.000000 -0.000000 -0.000000 0 192
0.000000 -0.000000 -0.000000 0 128
0.000000 -0.000000 -0.000000 0 128
0.000000 -0.000000 -0.000000 0 192
0.833000 -0.950000 -0.952000 2 0
0.000000 -0.000000 -0.000000 0 128
0.000000 -0.000000 -0.000000 0 192
0.901000 -0.975000 -1.041000 2 0
0.000000 -0.000000 -0.000000 0 0
0.000000 -0.000000 -0.000000 0 128
0.000000 -0.000000 -0.000000 0 192
0.947000 -1.072000 -1.122000 26 0
0.703000 -0.879000 -0.850000 0 64
0.000000 -0.000000 -0.000000 0 192
0.000000 -0.000000 -0.000000 0 128
0.972000 -1.151000 -1.181000 36 0
0.697000 -0.912000 -0.868000 3 0
0.000000 -0.000000 -0.000000 0 192
0.000000 -0.000000 -0.000000 0 128
0.971000 -1.205000 -1.213000 14 0
0.909000 -1.247000 -1.169000 1 0
0.000000 -0.000000 -0.000000 0 192
0.890000 -1.040000 -1.108000 37 0
0.945000 -1.227000 -1.213000 14 0
0.874000 -1.258000 -1.162000 10 0
0.971000 -1.061000 -1.203000 4 0
0.941000 -1.150000 -1.200000 20 0
0.913000 -1.242000 -1.208000 8 0
0.881000 -1.330000 -1.212000 15 0
0.882000 -1.008000 -1.117000 25 0
0.926000 -1.186000 -1.213000 14 0
0.878000 -1.253000 -1.198000 4 0
0.853000 -1.352000 -1.217000 15 0
0.840000 -1.006000 -1.089000 16 0
0.902000 -1.210000 -1.215000 15 0
0.861000 -1.289000 -1.214000 14 0
0.823000 -1.372000 -1.219000 15 0
0.908000 -1.140000 -1.207000 19 0
0.877000 -1.233000 -1.216000 14 0
0.833000 -1.310000 -1.216000 14 0
0.792000 -1.390000 -1.221000 14 0
0.892000 -1.173000 -1.216000 15 0
0.851000 -1.257000 -1.217000 14 0
0.803000 -1.326000 -1.214000 14 0
0.760000 -1.406000 -1.221000 16 0
0.868000 -1.197000 -1.216000 14 0
0.824000 -1.278000 -1.218000 14 0
0.777000 -1.352000 -1.221000 14 0
0.728000 -1.421000 -1.223000 17 0
0.845000 -1.225000 -1.220000 14 0
0.797000 -1.299000 -1.218000 13 0
0.748000 -1.371000 -1.223000 16 0
0.697000 -1.438000 -1.225000 19 0
0.821000 -1.249000 -1.221000 13 0
0.769000 -1.321000 -1.219000 13 0
0.718000 -1.388000 -1.224000 16 0
0.665000 -1.454000 -1.228000 19 0
0.795000 -1.274000 -1.222000 13 0
0.740000 -1.339000 -1.219000 14 0
0.689000 -1.409000 -1.228000 18 0
0.631000 -1.465000 -1.227000 18 0
0.769000 -1.297000 -1.223000 13 0
0.713000 -1.363000 -1.223000 15 0
0.658000 -1.425000 -1.229000 19 0
0.597000 -1.474000 -1.226000 20 0
0.742000 -1.320000 -1.223000 14 0
0.683000 -1.381000 -1.223000 15 0
0.627000 -1.442000 -1.231000 18 0
0.566000 -1.491000 -1.231000 18 0
0.714000 -1.342000 -1.224000 16 0
0.655000 -1.403000 -1.227000 18 0
0.594000 -1.454000 -1.230000 18 0
0.531000 -1.498000 -1.229000 20 0
0.687000 -1.367000 -1.227000 16 0
0.624000 -1.420000 -1.227000 18 0
0.562000 -1.468000 -1.231000 17 0
0.500000 -1.514000 -1.235000 19 0
0.657000 -1.385000 -1.226000 20 0
0.592000 -1.435000 -1.226000 18 0
0.530000 -1.481000 -1.232000 17 0
0.465000 -1.520000 -1.234000 18 0
0.627000 -1.406000 -1.227000 19 0
0.562000 -1.455000 -1.230000 18 0
0.498000 -1.497000 -1.236000 16 0
0.431000 -1.530000 -1.235000 17 0
0.597000 -1.428000 -1.229000 19 0
0.531000 -1.473000 -1.232000 16 0
0.464000 -1.507000 -1.235000 15 0
0.398000 -1.538000 -1.237000 17 0
0.567000 -1.449000 -1.231000 18 0
0.499000 -1.489000 -1.234000 15 0
0.432000 -1.522000 -1.240000 15 0
0.364000 -1.549000 -1.241000 17 0
0.534000 -1.466000 -1.230000 18 0
0.465000 -1.501000 -1.232000 14 0
0.398000 -1.530000 -1.238000 18 0
0.329000 -1.551000 -1.239000 16 0
0.503000 -1.488000 -1.234000 17 0
0.432000 -1.514000 -1.233000 15 0
0.365000 -1.543000 -1.242000 16 0
0.297000 -1.566000 -1.248000 11 0
0.470000 -1.505000 -1.235000 16 0
0.398000 -1.526000 -1.233000 17 0
0.331000 -1.551000 -1.243000 14 0
0.263000 -1.574000 -1.252000 2 0
0.436000 -1.521000 -1.235000 15 0
0.365000 -1.543000 -1.238000 17 0
0.296000 -1.558000 -1.242000 8 0
0.000000 -0.000000 -0.000000 0 0
0.403000 -1.538000 -1.237000 15 0
0.331000 -1.556000 -1.240000 15 0
0.264000 -1.579000 -1.255000 2 0
0.000000 -0.000000 -0.000000 0 192
0.367000 -1.551000 -1.236000 19 0
0.296000 -1.569000 -1.242000 12 0
0.000000 -0.000000 -0.000000 0 0
0.000000 -0.000000 -0.000000 0 128
0.333000 -1.570000 -1.240000 16 0
0.261000 -1.580000 -1.244000 3 0
0.000000 -0.000000 -0.000000 0 192
0.000000 -0.000000 -0.000000 0 192
0.298000 -1.587000 -1.244000 12 0
0.000000 -0.000000 -0.000000 0 0
0.000000 -0.000000 -0.000000 0 128
0.000000 -0.000000 -0.000000 0 128
0.261000 -1.599000 -1.243000 2 0
0.000000 -0.000000 -0.000000 0 192
0.000000 -0.000000 -0.000000 0 192
0.000000 -0.000000 -0.000000 0 128
0.000000 -0.000000 -0.000000 0 0
0.000000 -0.000000 -0.000000 0 128
0.000000 -0.000000 -0.000000 0 128
0.000000 -0.000000 -0.000000 0 0
0.000000 -0.000000 -0.000000 0 192
0.000000 -0.000000 -0.000000 0 192
0.000000 -0.000000 -0.000000 0 192
-0.007000 -1.029000 -0.819000 9 0
0.000000 -0.000000 -0.000000 0 128
0.000000 -0.000000 -0.000000 0 192
0.000000 -0.000000 -0.000000 0 0
-0.029000 -1.027000 -0.819000 11 0
0.000000 -0.000000 -0.000000 0 192
0.000000 -0.000000 -0.000000 0 192
-0.011000 -1.043000 -0.819000 8 0
-0.050000 -1.020000 -0.815000 10 0
0.000000 -0.000000 -0.000000 0 192
0.000000 -0.000000 -0.000000 0 0
-0.034000 -1.042000 -0.818000 10 0
-0.072000 -1.020000 -0.818000 10 0
0.000000 -0.000000 -0.000000 0 128
-0.019000 -1.069000 -0.820000 8 0
-0.057000 -1.039000 -0.817000 8 0
-0.094000 -1.016000 -0.818000 9 0
0.000000 -0.000000 -0.000000 0 0
-0.044000 -1.066000 -0.817000 9 0
-0.080000 -1.042000 -0.820000 8 0
-0.115000 -1.013000 -0.818000 9 0
-0.029000 -1.098000 -0.821000 10 0
-0.068000 -1.068000 -0.819000 8 0
-0.103000 -1.040000 -0.820000 8 0
-0.137000 -1.006000 -0.817000 9 0
-0.055000 -1.096000 -0.818000 10 0
-0.093000 -1.072000 -0.822000 8 0
-0.126000 -1.036000 -0.820000 8 0
-0.158000 -1.006000 -0.820000 8 0
-0.081000 -1.101000 -0.820000 9 0
-0.117000 -1.070000 -0.821000 8 0
-0.150000 -1.037000 -0.823000 8 0
0.000000 -0.000000 -0.000000 0 0
0.687000 -1.367000 -1.227000 16 0
0.624000 -1.420000 -1.227000 18 0
0.562000 -1.468000 -1.231000 17 0
0.500000 -1.514000 -1.235000 19 0
0.657000 -1.385000 -1.226000 20 0
0.592000 -1.435000 -1.226000 18 0
0.530000 -1.481000 -1.232000 17 0
0.465000 -1.520000 -1.234000 18 0
0.627000 -1.406000 -1.227000 19 0
0.562000 -1.455000 -1.230000 18 0
0.498000 -1.497000 -1.236000 16 0
0.431000 -1.530000 -1.235000 17 0
0.597000 -1.428000 -1.229000 19 0
0.531000 -1.473000 -1.232000 16 0
0.464000 -1.507000 -1.235000 15 0
0.398000 -1.538000 -1.237000 17 0
0.567000 -1.449000 -1.231000 18 0
0.499000 -1.489000 -1.234000 15 0
0.432000 -1.522000 -1.240000 15 0
0.364000 -1.549000 -1.241000 17 0
0.534000 -1.466000 -1.230000 18 0
0.465000 -1.501000 -1.232000 14 0
0.398000 -1.530000 -1.238000 18 0
0.329000 -1.551000 -1.239000 16 0
0.503000 -1.488000 -1.234000 17 0
0.432000 -1.514000 -1.233000 15 0
0.365000 -1.543000 -1.242000 16 0
0.297000 -1.566000 -1.248000 11 0
0.470000 -1.505000 -1.235000 16 0
0.398000 -1.526000 -1.233000 17 0
0.331000 -1.551000 -1.243000 14 0
0.263000 -1.574000 -1.252000 2 0
0.436000 -1.521000 -1.235000 15 0
0.365000 -1.543000 -1.238000 17 0
0.296000 -1.558000 -1.242000 8 0
0.000000 -0.000000 -0.000000 0 0
0.403000 -1.538000 -1.237000 15 0
0.331000 -1.556000 -1.240000 15 0
0.264000 -1.579000 -1.255000 2 0
0.000000 -0.000000 -0.000000 0 192
0.367000 -1.551000 -1.236000 19 0
0.296000 -1.569000 -1.242000 12 0
0.000000 -0.000000 -0.000000 0 0
0.000000 -0.000000 -0.000000 0 128
0.333000 -1.570000 -1.240000 16 0
0.261000 -1.580000 -1.244000 3 0
0.000000 -0.000000 -0.000000 0 192
0.000000 -0.000000 -0.000000 0 192
0.298000 -1.587000 -1.244000 12 0
0.000000 -0.000000 -0.000000 0 0
0.000000 -0.000000 -0.000000 0 128
0.000000 -0.000000 -0.000000 0 128
0.261000 -1.599000 -1.243000 2 0
0.000000 -0.000000 -0.000000 0 192
0.000000 -0.000000 -0.000000 0 192
0.000000 -0.000000 -0.000000 0 128
0.000000 -0.000000 -0.000000 0 0
0.000000 -0.000000 -0.000000 0 128
0.000000 -0.000000 -0.000000 0 128
0.000000 -0.000000 -0.000000 0 0
0.000000 -0.000000 -0.000000 0 192
0.000000 -0.000000 -0.000000 0 192
0.000000 -0.000000 -0.000000 0 192
-0.007000 -1.029000 -0.819000 9 0
0.000000 -0.000000 -0.000000 0 128
0.000000 -0.000000 -0.000000 0 192
0.000000 -0.000000 -0.000000 0 0
-0.029000 -1.027000 -0.819000 11 0
0.000000 -0.000000 -0.000000 0 192
0.000000 -0.000000 -0.000000 0 192
-0.011000 -1.043000 -0.819000 8 0
-0.050000 -1.020000 -0.815000 10 0
0.000000 -0.000000 -0.000000 0 192
0.000000 -0.000000 -0.000000 0 0
-0.034000 -1.042000 -0.818000 10 0
-0.072000 -1.020000 -0.818000 10 0
0.000000 -0.000000 -0.000000 0 128
-0.019000 -1.069000 -0.820000 8 0
-0.057000 -1.039000 -0.817000 8 0
-0.094000 -1.016000 -0.818000 9 0
0.000000 -0.000000 -0.000000 0 0
-0.044000 -1.066000 -0.817000 9 0
-0.080000 -1.042000 -0.820000 8 0
-0.115000 -1.013000 -0.818000 9 0
-0.029000 -1.098000 -0.821000 10 0
-0.068000 -1.068000 -0.819000 8 0
-0.103000 -1.040000 -0.820000 8 0
-0.137000 -1.006000 -0.817000 9 0
-0.055000 -1.096000 -0.818000 10 0
-0.093000 -1.072000 -0.822000 8 0
-0.126000 -1.036000 -0.820000 8 0
-0.158000 -1.006000 -0.820000 8 0
-0.081000 -1.101000 -0.820000 9 0
-0.117000 -1.070000 -0.821000 8 0
-0.150000 -1.037000 -0.823000 8 0
0.000000 -0.000000 -0.000000 0 0
-0.107000 -1.101000 -0.819000 9 0
-0.143000 -1.072000 -0.823000 8 0
0.000000 -0.000000 -0.000000 0 0
-0.201000 -0.996000 -0.821000 8 0
-0.134000 -1.104000 -0.822000 9 0
-0.167000 -1.068000 -0.822000 6 0
-0.194000 -1.024000 -0.818000 4 0
-0.222000 -0.991000 -0.823000 8 0
-0.161000 -1.106000 -0.823000 9 0
-0.154000 -0.855000 -0.659000 0 2
-0.219000 -1.029000 -0.826000 7 0
-0.243000 -0.986000 -0.823000 8 0
-0.171000 -1.008000 -0.751000 0 2
-0.218000 -1.071000 -0.829000 5 0
-0.241000 -1.024000 -0.827000 7 0
-0.264000 -0.984000 -0.827000 8 0
-0.167000 -0.856000 -0.638000 0 0
-0.244000 -1.071000 -0.831000 7 0
-0.265000 -1.023000 -0.830000 7 0
-0.285000 -0.977000 -0.828000 8 0
-0.186000 -0.847000 -0.633000 0 0
-0.270000 -1.071000 -0.835000 7 0
-0.289000 -1.022000 -0.835000 7 0
-0.305000 -0.970000 -0.829000 8 0
-0.253000 -1.034000 -0.775000 1 2
-0.295000 -1.068000 -0.837000 7 0
-0.311000 -1.014000 -0.834000 7 0
-0.326000 -0.965000 -0.832000 8 0
-0.294000 -1.088000 -0.818000 3 0
-0.321000 -1.065000 -0.839000 7 0
-0.336000 -1.015000 -0.840000 7 0
-0.346000 -0.957000 -0.832000 8 0
-0.326000 -1.102000 -0.832000 5 0
-0.347000 -1.062000 -0.841000 8 0
-0.357000 -1.005000 -0.838000 7 0
-0.366000 -0.949000 -0.833000 7 0
-0.359000 -1.115000 -0.846000 8 0
-0.373000 -1.060000 -0.845000 7 0
-0.380000 -1.000000 -0.840000 7 0
-0.390000 -0.951000 -0.843000 7 0
-0.389000 -1.115000 -0.850000 9 0
-0.399000 -1.056000 -0.848000 7 0
-0.404000 -0.995000 -0.844000 7 0
-0.414000 -0.953000 -0.854000 6 0
-0.415000 -1.103000 -0.846000 9 0
-0.425000 -1.050000 -0.850000 8 0
-0.429000 -0.996000 -0.852000 6 0
-0.441000 -0.959000 -0.868000 1 0
-0.449000 -1.112000 -0.859000 7 0
-0.404000 -0.937000 -0.765000 2 2
-0.612000 -1.337000 -1.156000 5 2
0.000000 -0.000000 -0.000000 0 0
-0.414000 -0.961000 -0.748000 0 8
-0.436000 -0.950000 -0.782000 0 0
-0.623000 -1.285000 -1.122000 24 0
0.000000 -0.000000 -0.000000 0 0
-0.613000 -1.333000 -1.046000 46 0
-0.633000 -1.298000 -1.080000 11 0
-0.630000 -1.230000 -1.086000 3 0
0.000000 -0.000000 -0.000000 0 128
-0.472000 -0.964000 -0.763000 1 0
-0.496000 -0.962000 -0.808000 1 0
-0.645000 -1.194000 -1.067000 4 0
0.000000 -0.000000 -0.000000 0 192
-0.642000 -1.235000 -0.987000 9 0
-0.660000 -1.210000 -1.028000 7 0
-0.657000 -1.156000 -1.045000 1 0
0.000000 -0.000000 -0.000000 0 128
-0.657000 -1.194000 -0.964000 50 0
-0.665000 -1.155000 -0.993000 27 0
0.000000 -0.000000 -0.000000 0 0
0.000000 -0.000000 -0.000000 0 128
-0.671000 -1.153000 -0.942000 11 0
-0.671000 -1.107000 -0.963000 13 0
0.000000 -0.000000 -0.000000 0 128
-0.687000 -1.054000 -1.044000 3 0
-0.676000 -1.100000 -0.909000 38 0
0.000000 -0.000000 -0.000000 0 0
0.000000 -0.000000 -0.000000 0 128
-0.692000 -1.015000 -1.021000 14 0
-0.692000 -1.069000 -0.894000 9 0
0.000000 -0.000000 -0.000000 0 0
0.000000 -0.000000 -0.000000 0 128
-0.710000 -0.997000 -1.018000 6 0
-0.699000 -1.024000 -0.869000 5 0
0.000000 -0.000000 -0.000000 0 128
-0.707000 -0.976000 -0.948000 2 0
-0.705000 -0.948000 -0.983000 40 1
-0.706000 -0.983000 -0.846000 8 0
0.000000 -0.000000 -0.000000 0 128
-0.719000 -0.948000 -0.935000 1 0
-0.719000 -0.926000 -0.977000 11 0
0.000000 -0.000000 -0.000000 0 0
0.000000 -0.000000 -0.000000 0 128
-0.719000 -0.906000 -0.909000 26 0
-0.721000 -0.889000 -0.955000 14 0
-0.107000 -1.101000 -0.819000 9 0
-0.143000 -1.072000 -0.823000 8 0
0.000000 -0.000000 -0.000000 0 0
-0.201000 -0.996000 -0.821000 8 0
-0.134000 -1.104000 -0.822000 9 0
-0.167000 -1.068000 -0.822000 6 0
-0.194000 -1.024000 -0.818000 4 0
-0.222000 -0.991000 -0.823000 8 0
-0.161000 -1.106000 -0.823000 9 0
-0.154000 -0.855000 -0.659000 0 2
-0.219000 -1.029000 -0.826000 7 0
-0.243000 -0.986000 -0.823000 8 0
-0.171000 -1.008000 -0.751000 0 2
-0.218000 -1.071000 -0.829000 5 0
-0.241000 -1.024000 -0.827000 7 0
-0.264000 -0.984000 -0.827000 8 0
-0.167000 -0.856000 -0.638000 0 0
-0.244000 -1.071000 -0.831000 7 0
-0.265000 -1.023000 -0.830000 7 0
-0.285000 -0.977000 -0.828000 8 0
-0.186000 -0.847000 -0.633000 0 0
-0.270000 -1.071000 -0.835000 7 0
-0.289000 -1.022000 -0.835000 7 0
-0.305000 -0.970000 -0.829000 8 0
-0.253000 -1.034000 -0.775000 1 2
-0.295000 -1.068000 -0.837000 7 0
-0.311000 -1.014000 -0.834000 7 0
-0.326000 -0.965000 -0.832000 8 0
-0.294000 -1.088000 -0.818000 3 0
-0.321000 -1.065000 -0.839000 7 0
-0.336000 -1.015000 -0.840000 7 0
-0.346000 -0.957000 -0.832000 8 0
-0.326000 -1.102000 -0.832000 5 0
-0.347000 -1.062000 -0.841000 8 0
-0.357000 -1.005000 -0.838000 7 0
-0.366000 -0.949000 -0.833000 7 0
-0.359000 -1.115000 -0.846000 8 0
-0.373000 -1.060000 -0.845000 7 0
-0.380000 -1.000000 -0.840000 7 0
-0.390000 -0.951000 -0.843000 7 0
-0.389000 -1.115000 -0.850000 9 0
-0.399000 -1.056000 -0.848000 7 0
-0.404000 -0.995000 -0.844000 7 0
-0.414000 -0.953000 -0.854000 6 0
-0.415000 -1.103000 -0.846000 9 0
-0.425000 -1.050000 -0.850000 8 0
-0.429000 -0.996000 -0.852000 6 0
-0.441000 -0.959000 -0.868000 1 0
-0.449000 -1.112000 -0.859000 7 0
-0.404000 -0.937000 -0.765000 2 2
-0.612000 -1.337000 -1.156000 5 2
0.000000 -0.000000 -0.000000 0 0
-0.414000 -0.961000 -0.748000 0 8
-0.436000 -0.950000 -0.782000 0 0
-0.623000 -1.285000 -1.122000 24 0
0.000000 -0.000000 -0.000000 0 0
-0.613000 -1.333000 -1.046000 46 0
-0.633000 -1.298000 -1.080000 11 0
-0.630000 -1.230000 -1.086000 3 0
0.000000 -0.000000 -0.000000 0 128
-0.472000 -0.964000 -0.763000 1 0
-0.496000 -0.962000 -0.808000 1 0
-0.645000 -1.194000 -1.067000 4 0
0.000000 -0.000000 -0.000000 0 192
-0.642000 -1.235000 -0.987000 9 0
-0.660000 -1.210000 -1.028000 7 0
-0.657000 -1.156000 -1.045000 1 0
0.000000 -0.000000 -0.000000 0 128
-0.657000 -1.194000 -0.964000 50 0
-0.665000 -1.155000 -0.993000 27 0
0.000000 -0.000000 -0.000000 0 0
0.000000 -0.000000 -0.000000 0 128
-0.671000 -1.153000 -0.942000 11 0
-0.671000 -1.107000 -0.963000 13 0
0.000000 -0.000000 -0.000000 0 128
-0.687000 -1.054000 -1.044000 3 0
-0.676000 -1.100000 -0.909000 38 0
0.000000 -0.000000 -0.000000 0 0
0.000000 -0.000000 -0.000000 0 128
-0.692000 -1.015000 -1.021000 14 0
-0.692000 -1.069000 -0.894000 9 0
0.000000 -0.000000 -0.000000 0 0
0.000000 -0.000000 -0.000000 0 128
-0.710000 -0.997000 -1.018000 6 0
-0.699000 -1.024000 -0.869000 5 0
0.000000 -0.000000 -0.000000 0 128
-0.707000 -0.976000 -0.948000 2 0
-0.705000 -0.948000 -0.983000 40 1
-0.706000 -0.983000 -0.846000 8 0
0.000000 -0.000000 -0.000000 0 128
-0.719000 -0.948000 -0.935000 1 0
-0.719000 -0.926000 -0.977000 11 0
0.000000 -0.000000 -0.000000 0 0
0.000000 -0.000000 -0.000000 0 128
-0.719000 -0.906000 -0.909000 26 0
-0.721000 -0.889000 -0.955000 14 0
0.000000 -0.000000 -0.000000 0 0
0.000000 -0.000000 -0.000000 0 0
-0.732000 -0.882000 -0.901000 8 0
-0.730000 -0.863000 -0.943000 13 0
0.000000 -0.000000 -0.000000 0 128
-0.737000 -0.865000 -0.839000 12 0
-0.735000 -0.847000 -0.881000 11 0
-0.739000 -0.837000 -0.933000 13 0
0.000000 -0.000000 -0.000000 0 128
-0.745000 -0.834000 -0.825000 6 0
-0.744000 -0.820000 -0.870000 11 0
-0.746000 -0.810000 -0.921000 13 0
-0.750000 -0.817000 -0.767000 2 0
-0.754000 -0.806000 -0.813000 9 0
-0.755000 -0.798000 -0.863000 12 0
-0.752000 -0.784000 -0.910000 13 0
-0.758000 -0.788000 -0.756000 4 0
-0.762000 -0.778000 -0.802000 10 0
-0.762000 -0.770000 -0.851000 12 0
-0.760000 -0.759000 -0.900000 12 0
-0.769000 -0.762000 -0.747000 8 0
-0.773000 -0.754000 -0.794000 11 0
-0.769000 -0.744000 -0.840000 12 0
-0.766000 -0.735000 -0.890000 12 0
-0.781000 -0.737000 -0.739000 11 0
-0.770000 -0.718000 -0.773000 13 0
-0.776000 -0.719000 -0.831000 12 0
-0.775000 -0.713000 -0.883000 12 0
-0.783000 -0.704000 -0.723000 14 0
-0.784000 -0.697000 -0.770000 13 0
-0.783000 -0.694000 -0.821000 11 0
-0.781000 -0.689000 -0.874000 12 0
-0.792000 -0.678000 -0.715000 15 0
-0.792000 -0.672000 -0.762000 14 0
-0.793000 -0.672000 -0.816000 11 0
-0.785000 -0.664000 -0.864000 12 0
-0.797000 -0.650000 -0.705000 15 0
-0.800000 -0.648000 -0.754000 14 0
-0.802000 -0.650000 -0.810000 11 0
-0.794000 -0.644000 -0.859000 12 0
-0.802000 -0.623000 -0.695000 15 0
-0.805000 -0.622000 -0.745000 14 0
-0.799000 -0.619000 -0.793000 13 0
-0.799000 -0.621000 -0.850000 12 0
-0.809000 -0.598000 -0.687000 15 0
-0.809000 -0.596000 -0.735000 14 0
-0.810000 -0.599000 -0.790000 14 0
-0.806000 -0.600000 -0.845000 12 0
-0.813000 -0.572000 -0.678000 15 0
-0.815000 -0.573000 -0.728000 14 0
-0.815000 -0.576000 -0.782000 14 0
-0.814000 -0.580000 -0.840000 12 0
-0.821000 -0.548000 -0.672000 15 0
-0.820000 -0.548000 -0.720000 14 0
-0.822000 -0.554000 -0.777000 14 0
-0.822000 -0.560000 -0.836000 12 0
-0.826000 -0.523000 -0.665000 15 0
-0.828000 -0.526000 -0.716000 14 0
-0.828000 -0.532000 -0.771000 14 0
-0.823000 -0.536000 -0.826000 14 0
-0.833000 -0.501000 -0.660000 16 0
-0.833000 -0.503000 -0.709000 14 0
-0.827000 -0.506000 -0.759000 14 0
-0.827000 -0.515000 -0.820000 15 0
-0.840000 -0.477000 -0.655000 16 0
-0.838000 -0.481000 -0.704000 14 0
-0.835000 -0.487000 -0.757000 14 0
-0.832000 -0.494000 -0.814000 15 0
-0.849000 -0.456000 -0.653000 16 0
-0.845000 -0.459000 -0.700000 14 0
-0.838000 -0.465000 -0.750000 14 0
-0.835000 -0.473000 -0.807000 14 64
-0.854000 -0.433000 -0.648000 17 0
-0.849000 -0.436000 -0.694000 14 0
-0.842000 -0.443000 -0.744000 14 0
-0.839000 -0.452000 -0.802000 15 64
-0.859000 -0.410000 -0.644000 17 0
-0.857000 -0.416000 -0.693000 14 0
-0.847000 -0.422000 -0.740000 14 0
-0.842000 -0.432000 -0.796000 15 0
-0.864000 -0.388000 -0.640000 18 0
-0.862000 -0.394000 -0.688000 14 0
-0.853000 -0.402000 -0.737000 14 0
-0.847000 -0.412000 -0.792000 15 64
-0.868000 -0.365000 -0.636000 17 0
-0.868000 -0.373000 -0.686000 14 0
-0.859000 -0.382000 -0.734000 14 0
-0.849000 -0.391000 -0.786000 15 0
0.000000 -0.000000 -0.000000 0 0
0.000000 -0.000000 -0.000000 0 0
-0.867000 -0.363000 -0.734000 9 0
-0.854000 -0.372000 -0.783000 15 0
0.000000 -0.000000 -0.000000 0 0
0.000000 -0.000000 -0.000000 0 0
0.000000 -0.000000 -0.000000 0 0
-0.855000 -0.352000 -0.776000 2 64
0.000000 -0.000000 -0.000000 0 0
0.000000 -0.000000 -0.000000 0 0
-0.732000 -0.882000 -0.901000 8 0
-0.730000 -0.863000 -0.943000 13 0
0.000000 -0.000000 -0.000000 0 128
-0.737000 -0.865000 -0.839000 12 0
-0.735000 -0.847000 -0.881000 11 0
-0.739000 -0.837000 -0.933000 13 0
0.000000 -0.000000 -0.000000 0 128
-0.745000 -0.834000 -0.825000 6 0
-0.744000 -0.820000 -0.870000 11 0
-0.746000 -0.810000 -0.921000 13 0
-0.750000 -0.817000 -0.767000 2 0
-0.754000 -0.806000 -0.813000 9 0
-0.755000 -0.798000 -0.863000 12 0
-0.752000 -0.784000 -0.910000 13 0
-0.758000 -0.788000 -0.756000 4 0
-0.762000 -0.778000 -0.802000 10 0
-0.762000 -0.770000 -0.851000 12 0
-0.760000 -0.759000 -0.900000 12 0
-0.769000 -0.762000 -0.747000 8 0
-0.773000 -0.754000 -0.794000 11 0
-0.769000 -0.744000 -0.840000 12 0
-0.766000 -0.735000 -0.890000 12 0
-0.781000 -0.737000 -0.739000 11 0
-0.770000 -0.718000 -0.773000 13 0
-0.776000 -0.719000 -0.831000 12 0
-0.775000 -0.713000 -0.883000 12 0
-0.783000 -0.704000 -0.723000 14 0
-0.784000 -0.697000 -0.770000 13 0
-0.783000 -0.694000 -0.821000 11 0
-0.781000 -0.689000 -0.874000 12 0
-0.792000 -0.678000 -0.715000 15 0
-0.792000 -0.672000 -0.762000 14 0
-0.793000 -0.672000 -0.816000 11 0
-0.785000 -0.664000 -0.864000 12 0
-0.797000 -0.650000 -0.705000 15 0
-0.800000 -0.648000 -0.754000 14 0
-0.802000 -0.650000 -0.810000 11 0
-0.794000 -0.644000 -0.859000 12 0
-0.802000 -0.623000 -0.695000 15 0
-0.805000 -0.622000 -0.745000 14 0
-0.799000 -0.619000 -0.793000 13 0
-0.799000 -0.621000 -0.850000 12 0
-0.809000 -0.598000 -0.687000 15 0
-0.809000 -0.596000 -0.735000 14 0
-0.810000 -0.599000 -0.790000 14 0
-0.806000 -0.600000 -0.845000 12 0
-0.813000 -0.572000 -0.678000 15 0
-0.815000 -0.573000 -0.728000 14 0
-0.815000 -0.576000 -0.782000 14 0
-0.814000 -0.580000 -0.840000 12 0
-0.821000 -0.548000 -0.672000 15 0
-0.820000 -0.548000 -0.720000 14 0
-0.822000 -0.554000 -0.777000 14 0
-0.822000 -0.560000 -0.836000 12 0
-0.826000 -0.523000 -0.665000 15 0
-0.828000 -0.526000 -0.716000 14 0
-0.828000 -0.532000 -0.771000 14 0
-0.823000 -0.536000 -0.826000 14 0
-0.833000 -0.501000 -0.660000 16 0
-0.833000 -0.503000 -0.709000 14 0
-0.827000 -0.506000 -0.759000 14 0
-0.827000 -0.515000 -0.820000 15 0
-0.840000 -0.477000 -0.655000 16 0
-0.838000 -0.481000 -0.704000 14 0
-0.835000 -0.487000 -0.757000 14 0
-0.832000 -0.494000 -0.814000 15 0
-0.849000 -0.456000 -0.653000 16 0
-0.845000 -0.459000 -0.700000 14 0
-0.838000 -0.465000 -0.750000 14 0
-0.835000 -0.473000 -0.807000 14 64
-0.854000 -0.433000 -0.648000 17 0
-0.849000 -0.436000 -0.694000 14 0
-0.842000 -0.443000 -0.744000 14 0
-0.839000 -0.452000 -0.802000 15 64
-0.859000 -0.410000 -0.644000 17 0
-0.857000 -0.416000 -0.693000 14 0
-0.847000 -0.422000 -0.740000 14 0
-0.842000 -0.432000 -0.796000 15 0
-0.864000 -0.388000 -0.640000 18 0
-0.862000 -0.394000 -0.688000 14 0
-0.853000 -0.402000 -0.737000 14 0
-0.847000 -0.412000 -0.792000 15 64
-0.868000 -0.365000 -0.636000 17 0
-0.868000 -0.373000 -0.686000 14 0
-0.859000 -0.382000 -0.734000 14 0
-0.849000 -0.391000 -0.786000 15 0
0.000000 -0.000000 -0.000000 0 0
0.000000 -0.000000 -0.000000 0 0
-0.867000 -0.363000 -0.734000 9 0
-0.854000 -0.372000 -0.783000 15 0
0.000000 -0.000000 -0.000000 0 0
0.000000 -0.000000 -0.000000 0 0
0.000000 -0.000000 -0.000000 0 0
-0.855000 -0.352000 -0.776000 2 64
0.000000 -0.000000 -0.000000 0 0
0.000000 -0.000000 -0.000000 0 0
0.000000 -0.000000 -0.000000 0 0
0.000000 -0.000000 -0.000000 0 0
-0.852000 -0.266000 -0.601000 0 0
0.000000 -0.000000 -0.000000 0 0
0.000000 -0.000000 -0.000000 0 0
0.000000 -0.000000 -0.000000 0 0
-0.895000 -0.256000 -0.626000 6 0
-0.886000 -0.266000 -0.669000 13 0
-0.805000 -0.257000 -0.658000 0 0
0.000000 -0.000000 -0.000000 0 0
0.000000 -0.000000 -0.000000 0 0
-0.889000 -0.245000 -0.667000 13 0
-0.884000 -0.261000 -0.718000 14 0
-0.870000 -0.276000 -0.765000 1 0
0.000000 -0.000000 -0.000000 0 0
-0.903000 -0.227000 -0.673000 8 0
-0.890000 -0.241000 -0.717000 14 0
-0.879000 -0.258000 -0.768000 15 0
0.000000 -0.000000 -0.000000 0 192
-0.903000 -0.205000 -0.669000 1 64
-0.895000 -0.221000 -0.716000 14 0
-0.885000 -0.240000 -0.767000 15 0
-0.908000 -0.169000 -0.620000 2 64
0.000000 -0.000000 -0.000000 0 0
-0.901000 -0.202000 -0.717000 13 0
-0.888000 -0.221000 -0.765000 15 0
-0.925000 -0.149000 -0.628000 9 0
0.000000 -0.000000 -0.000000 0 0
-0.907000 -0.183000 -0.718000 7 0
-0.889000 -0.202000 -0.762000 15 0
-0.927000 -0.127000 -0.627000 17 0
0.000000 -0.000000 -0.000000 0 0
-0.891000 -0.159000 -0.702000 0 64
-0.894000 -0.183000 -0.762000 15 0
-0.935000 -0.106000 -0.630000 18 0
-0.924000 -0.122000 -0.672000 3 64
0.000000 -0.000000 -0.000000 0 0
-0.900000 -0.165000 -0.763000 14 0
-0.933000 -0.083000 -0.627000 17 0
-0.924000 -0.101000 -0.669000 11 0
0.000000 -0.000000 -0.000000 0 0
-0.917000 -0.148000 -0.774000 10 0
-0.942000 -0.062000 -0.632000 18 0
-0.933000 -0.080000 -0.674000 13 0
0.000000 -0.000000 -0.000000 0 192
-0.913000 -0.127000 -0.767000 3 64
-0.948000 -0.040000 -0.635000 18 0
-0.935000 -0.059000 -0.674000 14 0
-0.920000 -0.082000 -0.714000 1 64
0.000000 -0.000000 -0.000000 0 0
-0.952000 -0.017000 -0.637000 18 0
-0.944000 -0.038000 -0.680000 14 0
-0.934000 -0.062000 -0.723000 8 0
0.000000 -0.000000 -0.000000 0 0
-0.954000 0.004000 -0.639000 18 0
-0.948000 -0.017000 -0.681000 14 0
-0.944000 -0.042000 -0.729000 13 0
0.000000 -0.000000 -0.000000 0 192
-0.965000 0.027000 -0.646000 21 0
-0.953000 0.004000 -0.685000 14 0
-0.945000 -0.021000 -0.729000 14 0
0.000000 -0.000000 -0.000000 0 192
-0.965000 0.049000 -0.647000 17 0
-0.957000 0.026000 -0.687000 14 0
-0.949000 -0.001000 -0.731000 14 0
0.000000 -0.000000 -0.000000 0 0
-0.969000 0.072000 -0.650000 21 0
-0.963000 0.048000 -0.692000 14 0
-0.950000 0.019000 -0.731000 14 0
-0.942000 -0.011000 -0.778000 9 0
-0.975000 0.096000 -0.656000 16 0
-0.967000 0.070000 -0.696000 14 0
-0.953000 0.040000 -0.733000 14 0
-0.956000 0.008000 -0.788000 13 0
-0.980000 0.120000 -0.661000 17 0
-0.968000 0.093000 -0.697000 14 0
-0.958000 0.062000 -0.737000 14 0
-0.951000 0.028000 -0.783000 15 0
-0.983000 0.144000 -0.665000 17 0
-0.974000 0.116000 -0.704000 14 0
-0.968000 0.084000 -0.745000 14 0
-0.956000 0.049000 -0.786000 15 0
-0.986000 0.168000 -0.670000 16 0
-0.983000 0.139000 -0.711000 14 0
-0.968000 0.105000 -0.746000 14 0
-0.963000 0.070000 -0.792000 15 0
-0.999000 0.194000 -0.682000 9 0
-0.984000 0.162000 -0.715000 14 0
-0.980000 0.129000 -0.757000 14 0
-0.973000 0.092000 -0.800000 15 0
-0.988000 0.216000 -0.678000 1 0
-0.991000 0.187000 -0.722000 12 0
-0.985000 0.152000 -0.762000 14 0
-0.972000 0.113000 -0.800000 14 0
0.000000 -0.000000 -0.000000 0 0
0.000000 -0.000000 -0.000000 0 0
0.000000 -0.000000 -0.000000 0 0
0.000000 -0.000000 -0.000000 0 0
-0.852000 -0.266000 -0.601000 0 0
0.000000 -0.000000 -0.000000 0 0
0.000000 -0.000000 -0.000000 0 0
0.000000 -0.000000 -0.000000 0 0
-0.895000 -0.256000 -0.626000 6 0
-0.886000 -0.266000 -0.669000 13 0
-0.805000 -0.257000 -0.658000 0 0
0.000000 -0.000000 -0.000000 0 0
0.000000 -0.000000 -0.000000 0 0
-0.889000 -0.245000 -0.667000 13 0
-0.884000 -0.261000 -0.718000 14 0
-0.870000 -0.276000 -0.765000 1 0
0.000000 -0.000000 -0.000000 0 0
-0.903000 -0.227000 -0.673000 8 0
-0.890000 -0.241000 -0.717000 14 0
-0.879000 -0.258000 -0.768000 15 0
0.000000 -0.000000 -0.000000 0 192
-0.903000 -0.205000 -0.669000 1 64
-0.895000 -0.221000 -0.716000 14 0
-0.885000 -0.240000 -0.767000 15 0
-0.908000 -0.169000 -0.620000 2 64
0.000000 -0.000000 -0.000000 0 0
-0.901000 -0.202000 -0.717000 13 0
-0.888000 -0.221000 -0.765000 15 0
-0.925000 -0.149000 -0.628000 9 0
0.000000 -0.000000 -0.000000 0 0
-0.907000 -0.183000 -0.718000 7 0
-0.889000 -0.202000 -0.762000 15 0
-0.927000 -0.127000 -0.627000 17 0
0.000000 -0.000000 -0.000000 0 0
-0.891000 -0.159000 -0.702000 0 64
-0.894000 -0.183000 -0.762000 15 0
-0.935000 -0.106000 -0.630000 18 0
-0.924000 -0.122000 -0.672000 3 64
0.000000 -0.000000 -0.000000 0 0
-0.900000 -0.165000 -0.763000 14 0
-0.933000 -0.083000 -0.627000 17 0
-0.924000 -0.101000 -0.669000 11 0
0.000000 -0.000000 -0.000000 0 0
-0.917000 -0.148000 -0.774000 10 0
-0.942000 -0.062000 -0.632000 18 0
-0.933000 -0.080000 -0.674000 13 0
0.000000 -0.000000 -0.000000 0 192
-0.913000 -0.127000 -0.767000 3 64
-0.948000 -0.040000 -0.635000 18 0
-0.935000 -0.059000 -0.674000 14 0
-0.920000 -0.082000 -0.714000 1 64
0.000000 -0.000000 -0.000000 0 0
-0.952000 -0.017000 -0.637000 18 0
-0.944000 -0.038000 -0.680000 14 0
-0.934000 -0.062000 -0.723000 8 0
0.000000 -0.000000 -0.000000 0 0
-0.954000 0.004000 -0.639000 18 0
-0.948000 -0.017000 -0.681000 14 0
-0.944000 -0.042000 -0.729000 13 0
0.000000 -0.000000 -0.000000 0 192
-0.965000 0.027000 -0.646000 21 0
-0.953000 0.004000 -0.685000 14 0
-0.945000 -0.021000 -0.729000 14 0
0.000000 -0.000000 -0.000000 0 192
-0.965000 0.049000 -0.647000 17 0
-0.957000 0.026000 -0.687000 14 0
-0.949000 -0.001000 -0.731000 14 0
0.000000 -0.000000 -0.000000 0 0
-0.969000 0.072000 -0.650000 21 0
-0.963000 0.048000 -0.692000 14 0
-0.950000 0.019000 -0.731000 14 0
-0.942000 -0.011000 -0.778000 9 0
-0.975000 0.096000 -0.656000 16 0
-0.967000 0.070000 -0.696000 14 0
-0.953000 0.040000 -0.733000 14 0
-0.956000 0.008000 -0.788000 13 0
-0.980000 0.120000 -0.661000 17 0
-0.968000 0.093000 -0.697000 14 0
-0.958000 0.062000 -0.737000 14 0
-0.951000 0.028000 -0.783000 15 0
-0.983000 0.144000 -0.665000 17 0
-0.974000 0.116000 -0.704000 14 0
-0.968000 0.084000 -0.745000 14 0
-0.956000 0.049000 -0.786000 15 0
-0.986000 0.168000 -0.670000 16 0
-0.983000 0.139000 -0.711000 14 0
-0.968000 0.105000 -0.746000 14 0
-0.963000 0.070000 -0.792000 15 0
-0.999000 0.194000 -0.682000 9 0
-0.984000 0.162000 -0.715000 14 0
-0.980000 0.129000 -0.757000 14 0
-0.973000 0.092000 -0.800000 15 0
-0.988000 0.216000 -0.678000 1 0
-0.991000 0.187000 -0.722000 12 0
-0.985000 0.152000 -0.762000 14 0
-0.972000 0.113000 -0.800000 14 0
-1.004000 0.244000 -0.693000 1 0
-0.986000 0.209000 -0.721000 1 0
-0.987000 0.174000 -0.765000 14 0
-0.986000 0.136000 -0.812000 15 0
-1.087000 0.291000 -0.755000 1 0
-0.993000 0.234000 -0.730000 1 0
-0.987000 0.197000 -0.768000 4 0
-0.984000 0.157000 -0.811000 15 0
-1.093000 0.320000 -0.764000 1 0
-1.081000 0.281000 -0.799000 1 0
-0.986000 0.219000 -0.769000 1 0
-0.994000 0.181000 -0.821000 11 0
-1.101000 0.351000 -0.776000 1 0
-1.091000 0.310000 -0.811000 1 0
-1.016000 0.250000 -0.796000 1 1
-0.983000 0.201000 -0.814000 2 0
-1.103000 0.380000 -0.784000 1 0
-1.098000 0.339000 -0.821000 1 0
-1.086000 0.293000 -0.854000 1 0
-0.980000 0.223000 -0.813000 1 0
-1.108000 0.410000 -0.794000 9 0
-1.102000 0.368000 -0.830000 1 0
-1.091000 0.320000 -0.863000 1 0
-1.030000 0.257000 -0.857000 1 1
-1.119000 0.444000 -0.810000 1 0
-1.109000 0.398000 -0.842000 1 0
-1.094000 0.348000 -0.870000 1 0
-1.083000 0.296000 -0.904000 1 0
-1.123000 0.476000 -0.821000 8 0
-1.110000 0.428000 -0.850000 8 0
-1.101000 0.377000 -0.881000 8 0
-1.089000 0.323000 -0.913000 7 0
-1.133000 0.511000 -0.837000 1 0
-1.125000 0.463000 -0.869000 1 0
-1.111000 0.408000 -0.895000 1 0
-1.093000 0.350000 -0.920000 0 0
-1.135000 0.545000 -0.849000 8 0
-1.124000 0.492000 -0.876000 7 0
-1.104000 0.434000 -0.895000 9 0
-1.097000 0.378000 -0.928000 7 0
-1.143000 0.581000 -0.865000 0 0
-1.137000 0.529000 -0.895000 0 0
-1.119000 0.469000 -0.914000 0 0
-1.101000 0.407000 -0.936000 0 64
-1.152000 0.619000 -0.883000 7 0
-1.135000 0.560000 -0.903000 7 0
-1.120000 0.499000 -0.923000 7 0
-1.108000 0.437000 -0.948000 7 0
-1.170000 0.664000 -0.909000 1 0
-1.153000 0.601000 -0.927000 0 0
-1.134000 0.536000 -0.943000 0 0
-1.112000 0.467000 -0.957000 0 64
-1.167000 0.699000 -0.920000 6 0
-1.151000 0.634000 -0.937000 6 0
-1.137000 0.568000 -0.954000 7 0
-1.124000 0.502000 -0.975000 7 0
-1.170000 0.737000 -0.935000 6 0
-1.157000 0.671000 -0.953000 5 0
-1.151000 0.607000 -0.975000 0 0
0.000000 -0.000000 -0.000000 0 0
-1.190000 0.788000 -0.967000 6 0
-1.172000 0.716000 -0.979000 5 0
-1.149000 0.640000 -0.985000 6 0
-1.128000 0.564000 -0.993000 0 64
-1.196000 0.832000 -0.988000 5 0
-1.179000 0.758000 -0.999000 6 0
-1.160000 0.680000 -1.005000 6 0
-1.145000 0.604000 -1.017000 7 0
-1.207000 0.882000 -1.014000 6 0
-1.187000 0.801000 -1.020000 5 0
-1.169000 0.721000 -1.025000 6 0
-1.151000 0.641000 -1.031000 6 0
-1.215000 0.931000 -1.040000 6 0
-1.191000 0.843000 -1.039000 6 0
-1.174000 0.761000 -1.042000 5 0
-1.160000 0.680000 -1.050000 6 0
-1.222000 0.981000 -1.066000 6 0
-1.200000 0.891000 -1.064000 5 0
-1.182000 0.804000 -1.063000 6 0
-1.170000 0.721000 -1.070000 5 0
-1.190000 1.000000 -1.058000 9 0
-1.221000 0.950000 -1.101000 5 0
-1.199000 0.855000 -1.093000 5 0
-1.180000 0.764000 -1.091000 5 0
-1.161000 1.022000 -1.054000 6 0
-1.212000 0.987000 -1.112000 7 0
-1.205000 0.901000 -1.115000 6 0
-1.189000 0.808000 -1.113000 5 0
-1.182000 1.089000 -1.096000 29 1
-1.177000 1.003000 -1.100000 7 0
-1.219000 0.955000 -1.146000 5 0
-1.196000 0.852000 -1.133000 5 0
-1.191000 1.148000 -1.130000 51 0
-1.160000 1.035000 -1.106000 5 0
-1.211000 0.993000 -1.157000 7 0
-1.205000 0.900000 -1.157000 6 0
-1.004000 0.244000 -0.693000 1 0
-0.986000 0.209000 -0.721000 1 0
-0.987000 0.174000 -0.765000 14 0
-0.986000 0.136000 -0.812000 15 0
-1.087000 0.291000 -0.755000 1 0
-0.993000 0.234000 -0.730000 1 0
-0.987000 0.197000 -0.768000 4 0
-0.984000 0.157000 -0.811000 15 0
-1.093000 0.320000 -0.764000 1 0
-1.081000 0.281000 -0.799000 1 0
-0.986000 0.219000 -0.769000 1 0
-0.994000 0.181000 -0.821000 11 0
-1.101000 0.351000 -0.776000 1 0
-1.091000 0.310000 -0.811000 1 0
-1.016000 0.250000 -0.796000 1 1
-0.983000 0.201000 -0.814000 2 0
-1.103000 0.380000 -0.784000 1 0
-1.098000 0.339000 -0.821000 1 0
-1.086000 0.293000 -0.854000 1 0
-0.980000 0.223000 -0.813000 1 0
-1.108000 0.410000 -0.794000 9 0
-1.102000 0.368000 -0.830000 1 0
-1.091000 0.320000 -0.863000 1 0
-1.030000 0.257000 -0.857000 1 1
-1.119000 0.444000 -0.810000 1 0
-1.109000 0.398000 -0.842000 1 0
-1.094000 0.348000 -0.870000 1 0
-1.083000 0.296000 -0.904000 1 0
-1.123000 0.476000 -0.821000 8 0
-1.110000 0.428000 -0.850000 8 0
-1.101000 0.377000 -0.881000 8 0
-1.089000 0.323000 -0.913000 7 0
-1.133000 0.511000 -0.837000 1 0
-1.125000 0.463000 -0.869000 1 0
-1.111000 0.408000 -0.895000 1 0
-1.093000 0.350000 -0.920000 0 0
-1.135000 0.545000 -0.849000 8 0
-1.124000 0.492000 -0.876000 7 0
-1.104000 0.434000 -0.895000 9 0
-1.097000 0.378000 -0.928000 7 0
-1.143000 0.581000 -0.865000 0 0
-1.137000 0.529000 -0.895000 0 0
-1.119000 0.469000 -0.914000 0 0
-1.101000 0.407000 -0.936000 0 64
-1.152000 0.619000 -0.883000 7 0
-1.135000 0.560000 -0.903000 7 0
-1.120000 0.499000 -0.923000 7 0
-1.108000 0.437000 -0.948000 7 0
-1.170000 0.664000 -0.909000 1 0
-1.153000 0.601000 -0.927000 0 0
-1.134000 0.536000 -0.943000 0 0
-1.112000 0.467000 -0.957000 0 64
-1.167000 0.699000 -0.920000 6 0
-1.151000 0.634000 -0.937000 6 0
-1.137000 0.568000 -0.954000 7 0
-1.124000 0.502000 -0.975000 7 0
-1.170000 0.737000 -0.935000 6 0
-1.157000 0.671000 -0.953000 5 0
-1.151000 0.607000 -0.975000 0 0
0.000000 -0.000000 -0.000000 0 0
-1.190000 0.788000 -0.967000 6 0
-1.172000 0.716000 -0.979000 5 0
-1.149000 0.640000 -0.985000 6 0
-1.128000 0.564000 -0.993000 0 64
-1.196000 0.832000 -0.988000 5 0
-1.179000 0.758000 -0.999000 6 0
-1.160000 0.680000 -1.005000 6 0
-1.145000 0.604000 -1.017000 7 0
-1.207000 0.882000 -1.014000 6 0
-1.187000 0.801000 -1.020000 5 0
-1.169000 0.721000 -1.025000 6 0
-1.151000 0.641000 -1.031000 6 0
-1.215000 0.931000 -1.040000 6 0
-1.191000 0.843000 -1.039000 6 0
-1.174000 0.761000 -1.042000 5 0
-1.160000 0.680000 -1.050000 6 0
-1.222000 0.981000 -1.066000 6 0
-1.200000 0.891000 -1.064000 5 0
-1.182000 0.804000 -1.063000 6 0
-1.170000 0.721000 -1.070000 5 0
-1.190000 1.000000 -1.058000 9 0
-1.221000 0.950000 -1.101000 5 0
-1.199000 0.855000 -1.093000 5 0
-1.180000 0.764000 -1.091000 5 0
-1.161000 1.022000 -1.054000 6 0
-1.212000 0.987000 -1.112000 7 0
-1.205000 0.901000 -1.115000 6 0
-1.189000 0.808000 -1.113000 5 0
-1.182000 1.089000 -1.096000 29 1
-1.177000 1.003000 -1.100000 7 0
-1.219000 0.955000 -1.146000 5 0
-1.196000 0.852000 -1.133000 5 0
-1.191000 1.148000 -1.130000 51 0
-1.160000 1.035000 -1.106000 5 0
-1.211000 0.993000 -1.157000 7 0
-1.205000 0.900000 -1.157000 6 0
-1.204000 1.215000 -1.169000 49 0
-1.183000 1.104000 -1.150000 43 0
-1.172000 1.006000 -1.139000 7 0
-1.215000 0.950000 -1.182000 5 0
-1.205000 1.272000 -1.199000 44 0
-1.192000 1.164000 -1.184000 60 0
-1.170000 1.050000 -1.157000 7 0
-1.210000 0.991000 -1.195000 6 0
-1.217000 1.344000 -1.242000 34 0
-1.192000 1.217000 -1.210000 42 0
-1.182000 1.110000 -1.192000 51 0
-1.169000 1.002000 -1.173000 6 0
-1.195000 1.381000 -1.253000 17 0
-1.202000 1.283000 -1.248000 28 0
-1.177000 1.156000 -1.210000 44 0
-1.164000 1.045000 -1.188000 8 0
-1.161000 1.404000 -1.251000 17 0
-1.180000 1.318000 -1.256000 16 0
-1.192000 1.224000 -1.251000 30 0
-1.171000 1.099000 -1.216000 42 0
-1.127000 1.427000 -1.250000 17 0
-1.149000 1.343000 -1.254000 15 0
-1.172000 1.259000 -1.257000 15 0
-1.180000 1.159000 -1.247000 37 0
-1.092000 1.448000 -1.248000 18 0
-1.118000 1.368000 -1.253000 15 0
-1.140000 1.282000 -1.252000 13 0
-1.165000 1.198000 -1.257000 16 0
-1.056000 1.468000 -1.246000 17 0
-1.087000 1.393000 -1.253000 15 0
-1.112000 1.308000 -1.250000 13 0
-1.139000 1.226000 -1.254000 16 0
-1.018000 1.484000 -1.242000 16 0
-1.055000 1.415000 -1.251000 16 0
-1.086000 1.337000 -1.252000 13 0
-1.113000 1.253000 -1.252000 15 0
-0.985000 1.506000 -1.243000 16 0
-1.022000 1.437000 -1.250000 16 0
-1.054000 1.360000 -1.249000 14 0
-1.087000 1.281000 -1.250000 15 0
-0.949000 1.524000 -1.242000 17 0
-0.986000 1.455000 -1.246000 14 0
-1.023000 1.383000 -1.246000 14 0
-1.058000 1.306000 -1.247000 15 0
-0.912000 1.540000 -1.240000 17 0
-0.957000 1.481000 -1.249000 17 0
-0.994000 1.409000 -1.247000 14 0
-1.030000 1.333000 -1.245000 15 0
-0.877000 1.559000 -1.240000 18 0
-0.921000 1.498000 -1.245000 16 0
-0.961000 1.430000 -1.243000 13 0
-1.009000 1.369000 -1.253000 14 0
-0.841000 1.577000 -1.241000 18 0
-0.885000 1.515000 -1.242000 15 0
-0.932000 1.457000 -1.245000 16 0
-0.976000 1.391000 -1.247000 14 0
-0.802000 1.587000 -1.236000 17 0
-0.851000 1.534000 -1.241000 16 0
-0.898000 1.476000 -1.242000 15 0
-0.947000 1.417000 -1.247000 15 0
-0.766000 1.603000 -1.237000 18 0
-0.816000 1.551000 -1.240000 17 0
-0.867000 1.499000 -1.242000 16 0
-0.917000 1.443000 -1.246000 16 0
-0.730000 1.619000 -1.238000 17 0
-0.780000 1.566000 -1.237000 16 0
-0.833000 1.519000 -1.240000 16 0
-0.885000 1.466000 -1.243000 16 0
-0.690000 1.625000 -1.232000 17 0
-0.745000 1.584000 -1.238000 22 0
-0.799000 1.539000 -1.239000 21 0
-0.854000 1.490000 -1.243000 16 0
-0.654000 1.639000 -1.233000 17 0
-0.711000 1.603000 -1.239000 19 0
-0.764000 1.558000 -1.237000 20 0
-0.822000 1.516000 -1.243000 16 0
-0.618000 1.653000 -1.234000 17 0
-0.674000 1.615000 -1.236000 17 0
-0.729000 1.576000 -1.235000 16 0
-0.788000 1.536000 -1.240000 19 0
-0.579000 1.661000 -1.232000 19 0
-0.636000 1.624000 -1.232000 18 0
-0.694000 1.594000 -1.234000 16 0
-0.754000 1.558000 -1.238000 16 0
-0.540000 1.665000 -1.228000 17 0
-0.600000 1.641000 -1.233000 19 0
-0.658000 1.609000 -1.232000 16 0
-0.720000 1.580000 -1.238000 16 0
-0.504000 1.676000 -1.229000 17 0
-0.562000 1.650000 -1.230000 17 0
-0.622000 1.625000 -1.231000 16 0
-0.684000 1.599000 -1.235000 16 0
-0.464000 1.678000 -1.224000 20 0
-0.525000 1.661000 -1.228000 17 0
-0.585000 1.640000 -1.229000 17 0
-0.646000 1.612000 -1.230000 16 0
-1.204000 1.215000 -1.169000 49 0
-1.183000 1.104000 -1.150000 43 0
-1.172000 1.006000 -1.139000 7 0
-1.215000 0.950000 -1.182000 5 0
-1.205000 1.272000 -1.199000 44 0
-1.192000 1.164000 -1.184000 60 0
-1.170000 1.050000 -1.157000 7 0
-1.210000 0.991000 -1.195000 6 0
-1.217000 1.344000 -1.242000 34 0
-1.192000 1.217000 -1.210000 42 0
-1.182000 1.110000 -1.192000 51 0
-1.169000 1.002000 -1.173000 6 0
-1.195000 1.381000 -1.253000 17 0
-1.202000 1.283000 -1.248000 28 0
-1.177000 1.156000 -1.210000 44 0
-1.164000 1.045000 -1.188000 8 0
-1.161000 1.404000 -1.251000 17 0
-1.180000 1.318000 -1.256000 16 0
-1.192000 1.224000 -1.251000 30 0
-1.171000 1.099000 -1.216000 42 0
-1.127000 1.427000 -1.250000 17 0
-1.149000 1.343000 -1.254000 15 0
-1.172000 1.259000 -1.257000 15 0
-1.180000 1.159000 -1.247000 37 0
-1.092000 1.448000 -1.248000 18 0
-1.118000 1.368000 -1.253000 15 0
-1.140000 1.282000 -1.252000 13 0
-1.165000 1.198000 -1.257000 16 0
-1.056000 1.468000 -1.246000 17 0
-1.087000 1.393000 -1.253000 15 0
-1.112000 1.308000 -1.250000 13 0
-1.139000 1.226000 -1.254000 16 0
-1.018000 1.484000 -1.242000 16 0
-1.055000 1.415000 -1.251000 16 0
-1.086000 1.337000 -1.252000 13 0
-1.113000 1.253000 -1.252000 15 0
-0.985000 1.506000 -1.243000 16 0
-1.022000 1.437000 -1.250000 16 0
-1.054000 1.360000 -1.249000 14 0
-1.087000 1.281000 -1.250000 15 0
-0.949000 1.524000 -1.242000 17 0
-0.986000 1.455000 -1.246000 14 0
-1.023000 1.383000 -1.246000 14 0
-1.058000 1.306000 -1.247000 15 0
-0.912000 1.540000 -1.240000 17 0
-0.957000 1.481000 -1.249000 17 0
-0.994000 1.409000 -1.247000 14 0
-1.030000 1.333000 -1.245000 15 0
-0.877000 1.559000 -1.240000 18 0
-0.921000 1.498000 -1.245000 16 0
-0.961000 1.430000 -1.243000 13 0
-1.009000 1.369000 -1.253000 14 0
-0.841000 1.577000 -1.241000 18 0
-0.885000 1.515000 -1.242000 15 0
-0.932000 1.457000 -1.245000 16 0
-0.976000 1.391000 -1.247000 14 0
-0.802000 1.587000 -1.236000 17 0
-0.851000 1.534000 -1.241000 16 0
-0.898000 1.476000 -1.242000 15 0
-0.947000 1.417000 -1.247000 15 0
-0.766000 1.603000 -1.237000 18 0
-0.816000 1.551000 -1.240000 17 0
-0.867000 1.499000 -1.242000 16 0
-0.917000 1.443000 -1.246000 16 0
-0.730000 1.619000 -1.238000 17 0
-0.780000 1.566000 -1.237000 16 0
-0.833000 1.519000 -1.240000 16 0
-0.885000 1.466000 -1.243000 16 0
-0.690000 1.625000 -1.232000 17 0
-0.745000 1.584000 -1.238000 22 0
-0.799000 1.539000 -1.239000 21 0
-0.854000 1.490000 -1.243000 16 0
-0.654000 1.639000 -1.233000 17 0
-0.711000 1.603000 -1.239000 19 0
-0.764000 1.558000 -1.237000 20 0
-0.822000 1.516000 -1.243000 16 0
-0.618000 1.653000 -1.234000 17 0
-0.674000 1.615000 -1.236000 17 0
-0.729000 1.576000 -1.235000 16 0
-0.788000 1.536000 -1.240000 19 0
-0.579000 1.661000 -1.232000 19 0
-0.636000 1.624000 -1.232000 18 0
-0.694000 1.594000 -1.234000 16 0
-0.754000 1.558000 -1.238000 16 0
-0.540000 1.665000 -1.228000 17 0
-0.600000 1.641000 -1.233000 19 0
-0.658000 1.609000 -1.232000 16 0
-0.720000 1.580000 -1.238000 16 0
-0.504000 1.676000 -1.229000 17 0
-0.562000 1.650000 -1.230000 17 0
-0.622000 1.625000 -1.231000 16 0
-0.684000 1.599000 -1.235000 16 0
-0.464000 1.678000 -1.224000 20 0
-0.525000 1.661000 -1.228000 17 0
-0.585000 1.640000 -1.229000 17 0
-0.646000 1.612000 -1.230000 16 0
-0.427000 1.687000 -1.225000 21 0
-0.488000 1.672000 -1.228000 18 0
-0.548000 1.654000 -1.227000 16 0
-0.611000 1.634000 -1.230000 15 0
-0.387000 1.682000 -1.216000 22 0
-0.450000 1.680000 -1.226000 20 0
-0.511000 1.667000 -1.225000 17 0
-0.575000 1.654000 -1.230000 16 0
-0.350000 1.689000 -1.217000 22 0
-0.412000 1.689000 -1.224000 19 0
-0.474000 1.683000 -1.226000 17 0
-0.537000 1.669000 -1.227000 17 0
-0.313000 1.693000 -1.216000 22 0
-0.374000 1.694000 -1.221000 21 0
-0.435000 1.691000 -1.222000 18 0
-0.499000 1.687000 -1.227000 15 0
-0.275000 1.694000 -1.214000 21 0
-0.337000 1.704000 -1.222000 19 0
-0.398000 1.706000 -1.223000 18 0
-0.461000 1.701000 -1.224000 19 0
-0.238000 1.697000 -1.213000 19 0
-0.297000 1.700000 -1.214000 22 0
-0.359000 1.713000 -1.220000 20 0
-0.422000 1.715000 -1.222000 19 0
-0.201000 1.701000 -1.214000 21 0
-0.259000 1.705000 -1.212000 21 0
-0.320000 1.724000 -1.220000 18 0
-0.383000 1.731000 -1.222000 18 0
-0.164000 1.704000 -1.215000 20 0
-0.222000 1.712000 -1.213000 22 0
-0.281000 1.735000 -1.220000 20 0
-0.342000 1.742000 -1.219000 19 0
-0.127000 1.701000 -1.212000 19 0
-0.183000 1.715000 -1.211000 20 0
-0.241000 1.735000 -1.213000 19 0
-0.302000 1.757000 -1.220000 20 0
-0.090000 1.697000 -1.208000 15 0
-0.147000 1.729000 -1.218000 17 0
-0.202000 1.746000 -1.214000 18 0
-0.262000 1.769000 -1.219000 18 0
-0.054000 1.702000 -1.212000 3 0
-0.107000 1.721000 -1.210000 19 0
-0.162000 1.750000 -1.212000 17 0
-0.220000 1.775000 -1.215000 19 0
0.000000 -0.000000 -0.000000 0 0
-0.070000 1.734000 -1.217000 6 0
-0.122000 1.758000 -1.212000 19 0
-0.179000 1.786000 -1.214000 17 0
0.000000 -0.000000 -0.000000 0 128
0.000000 -0.000000 -0.000000 0 0
-0.082000 1.762000 -1.211000 9 0
-0.137000 1.793000 -1.212000 20 0
0.000000 -0.000000 -0.000000 0 128
0.000000 -0.000000 -0.000000 0 128
0.000000 -0.000000 -0.000000 0 0
-0.095000 1.801000 -1.211000 12 0
0.000000 -0.000000 -0.000000 0 192
0.000000 -0.000000 -0.000000 0 128
0.000000 -0.000000 -0.000000 0 128
0.000000 -0.000000 -0.000000 0 0
0.000000 -0.000000 -0.000000 0 192
0.000000 -0.000000 -0.000000 0 192
0.000000 -0.000000 -0.000000 0 128
0.000000 -0.000000 -0.000000 0 128
0.000000 -0.000000 -0.000000 0 192
0.000000 -0.000000 -0.000000 0 192
0.000000 -0.000000 -0.000000 0 192
0.000000 -0.000000 -0.000000 0 128
0.175000 1.481000 -1.069000 5 0
0.000000 -0.000000 -0.000000 0 128
0.000000 -0.000000 -0.000000 0 128
0.000000 -0.000000 -0.000000 0 192
0.197000 1.409000 -1.021000 16 0
0.170000 1.489000 -1.046000 4 0
0.000000 -0.000000 -0.000000 0 128
0.000000 -0.000000 -0.000000 0 128
0.220000 1.359000 -0.988000 30 0
0.194000 1.415000 -0.996000 17 0
0.168000 1.483000 -1.009000 2 0
0.000000 -0.000000 -0.000000 0 128
0.246000 1.340000 -0.979000 23 0
0.222000 1.395000 -0.985000 27 0
0.198000 1.446000 -0.985000 23 0
0.170000 1.501000 -0.989000 3 0
0.275000 1.335000 -0.980000 24 0
0.254000 1.396000 -0.988000 27 0
0.231000 1.441000 -0.983000 17 0
0.205000 1.492000 -0.982000 21 0
0.303000 1.328000 -0.980000 23 0
0.285000 1.390000 -0.987000 26 0
0.264000 1.436000 -0.981000 21 0
0.242000 1.494000 -0.984000 25 0
0.331000 1.321000 -0.981000 24 0
0.316000 1.384000 -0.987000 27 0
0.299000 1.436000 -0.984000 19 0
0.278000 1.492000 -0.983000 21 0
-0.427000 1.687000 -1.225000 21 0
-0.488000 1.672000 -1.228000 18 0
-0.548000 1.654000 -1.227000 16 0
-0.611000 1.634000 -1.230000 15 0
-0.387000 1.682000 -1.216000 22 0
-0.450000 1.680000 -1.226000 20 0
-0.511000 1.667000 -1.225000 17 0
-0.575000 1.654000 -1.230000 16 0
-0.350000 1.689000 -1.217000 22 0
-0.412000 1.689000 -1.224000 19 0
-0.474000 1.683000 -1.226000 17 0
-0.537000 1.669000 -1.227000 17 0
-0.313000 1.693000 -1.216000 22 0
-0.374000 1.694000 -1.221000 21 0
-0.435000 1.691000 -1.222000 18 0
-0.499000 1.687000 -1.227000 15 0
-0.275000 1.694000 -1.214000 21 0
-0.337000 1.704000 -1.222000 19 0
-0.398000 1.706000 -1.223000 18 0
-0.461000 1.701000 -1.224000 19 0
-0.238000 1.697000 -1.213000 19 0
-0.297000 1.700000 -1.214000 22 0
-0.359000 1.713000 -1.220000 20 0
-0.422000 1.715000 -1.222000 19 0
-0.201000 1.701000 -1.214000 21 0
-0.259000 1.705000 -1.212000 21 0
-0.320000 1.724000 -1.220000 18 0
-0.383000 1.731000 -1.222000 18 0
-0.164000 1.704000 -1.215000 20 0
-0.222000 1.712000 -1.213000 22 0
-0.281000 1.735000 -1.220000 20 0
-0.342000 1.742000 -1.219000 19 0
-0.127000 1.701000 -1.212000 19 0
-0.183000 1.715000 -1.211000 20 0
-0.241000 1.735000 -1.213000 19 0
-0.302000 1.757000 -1.220000 20 0
-0.090000 1.697000 -1.208000 15 0
-0.147000 1.729000 -1.218000 17 0
-0.202000 1.746000 -1.214000 18 0
-0.262000 1.769000 -1.219000 18 0
-0.054000 1.702000 -1.212000 3 0
-0.107000 1.721000 -1.210000 19 0
-0.162000 1.750000 -1.212000 17 0
-0.220000 1.775000 -1.215000 19 0
0.000000 -0.000000 -0.000000 0 0
-0.070000 1.734000 -1.217000 6 0
-0.122000 1.758000 -1.212000 19 0
-0.179000 1.786000 -1.214000 17 0
0.000000 -0.000000 -0.000000 0 128
0.000000 -0.000000 -0.000000 0 0
-0.082000 1.762000 -1.211000 9 0
-0.137000 1.793000 -1.212000 20 0
0.000000 -0.000000 -0.000000 0 128
0.000000 -0.000000 -0.000000 0 128
0.000000 -0.000000 -0.000000 0 0
-0.095000 1.801000 -1.211000 12 0
0.000000 -0.000000 -0.000000 0 192
0.000000 -0.000000 -0.000000 0 128
0.000000 -0.000000 -0.000000 0 128
0.000000 -0.000000 -0.000000 0 0
0.000000 -0.000000 -0.000000 0 192
0.000000 -0.000000 -0.000000 0 192
0.000000 -0.000000 -0.000000 0 128
0.000000 -0.000000 -0.000000 0 128
0.000000 -0.000000 -0.000000 0 192
0.000000 -0.000000 -0.000000 0 192
0.000000 -0.000000 -0.000000 0 192
0.000000 -0.000000 -0.000000 0 128
0.175000 1.481000 -1.069000 5 0
0.000000 -0.000000 -0.000000 0 128
0.000000 -0.000000 -0.000000 0 128
0.000000 -0.000000 -0.000000 0 192
0.197000 1.409000 -1.021000 16 0
0.170000 1.489000 -1.046000 4 0
0.000000 -0.000000 -0.000000 0 128
0.000000 -0.000000 -0.000000 0 128
0.220000 1.359000 -0.988000 30 0
0.194000 1.415000 -0.996000 17 0
0.168000 1.483000 -1.009000 2 0
0.000000 -0.000000 -0.000000 0 128
0.246000 1.340000 -0.979000 23 0
0.222000 1.395000 -0.985000 27 0
0.198000 1.446000 -0.985000 23 0
0.170000 1.501000 -0.989000 3 0
0.275000 1.335000 -0.980000 24 0
0.254000 1.396000 -0.988000 27 0
0.231000 1.441000 -0.983000 17 0
0.205000 1.492000 -0.982000 21 0
0.303000 1.328000 -0.980000 23 0
0.285000 1.390000 -0.987000 26 0
0.264000 1.436000 -0.981000 21 0
0.242000 1.494000 -0.984000 25 0
0.331000 1.321000 -0.981000 24 0
0.316000 1.384000 -0.987000 27 0
0.299000 1.436000 -0.984000 19 0
0.278000 1.492000 -0.983000 21 0
0.358000 1.311000 -0.979000 24 0
0.346000 1.376000 -0.986000 26 0
0.332000 1.430000 -0.982000 26 0
0.315000 1.488000 -0.981000 26 0
0.386000 1.305000 -0.981000 23 0
0.376000 1.369000 -0.986000 26 0
0.366000 1.426000 -0.983000 24 0
0.352000 1.487000 -0.982000 24 0
0.412000 1.290000 -0.977000 25 0
0.405000 1.354000 -0.981000 32 0
0.398000 1.415000 -0.979000 26 0
0.387000 1.475000 -0.977000 27 0
0.438000 1.277000 -0.975000 27 0
0.434000 1.344000 -0.979000 26 0
0.430000 1.407000 -0.978000 25 0
0.423000 1.470000 -0.976000 25 0
0.465000 1.268000 -0.975000 27 0
0.463000 1.333000 -0.978000 28 0
0.463000 1.397000 -0.976000 25 0
0.457000 1.458000 -0.972000 26 0
0.496000 1.270000 -0.985000 36 0
0.493000 1.323000 -0.977000 29 0
0.495000 1.387000 -0.975000 25 0
0.495000 1.453000 -0.973000 26 0
0.531000 1.280000 -1.002000 33 0
0.521000 1.310000 -0.975000 28 0
0.526000 1.374000 -0.972000 24 0
0.530000 1.443000 -0.971000 26 0
0.568000 1.291000 -1.020000 32 0
0.550000 1.298000 -0.975000 31 0
0.559000 1.365000 -0.972000 25 0
0.568000 1.439000 -0.974000 32 0
0.603000 1.297000 -1.035000 37 0
0.582000 1.294000 -0.980000 31 0
0.592000 1.356000 -0.973000 28 0
0.607000 1.435000 -0.978000 23 0
0.639000 1.302000 -1.050000 31 0
0.621000 1.302000 -0.995000 32 0
0.624000 1.344000 -0.973000 15 0
0.644000 1.427000 -0.979000 24 0
0.680000 1.314000 -1.071000 30 0
0.661000 1.311000 -1.012000 29 0
0.654000 1.326000 -0.968000 22 0
0.679000 1.413000 -0.977000 23 0
0.722000 1.326000 -1.093000 27 0
0.703000 1.321000 -1.031000 31 0
0.687000 1.317000 -0.971000 31 0
0.711000 1.394000 -0.972000 25 0
0.761000 1.330000 -1.110000 29 0
0.749000 1.336000 -1.054000 34 0
0.729000 1.322000 -0.985000 30 0
0.747000 1.381000 -0.973000 24 0
0.807000 1.344000 -1.135000 34 0
0.791000 1.340000 -1.069000 51 0
0.779000 1.339000 -1.008000 32 0
0.777000 1.357000 -0.966000 26 0
0.851000 1.353000 -1.158000 28 0
0.839000 1.352000 -1.092000 37 0
0.828000 1.350000 -1.029000 28 0
0.817000 1.351000 -0.972000 32 0
0.896000 1.360000 -1.180000 16 0
0.889000 1.365000 -1.117000 26 0
0.880000 1.363000 -1.052000 28 0
0.871000 1.365000 -0.994000 32 0
0.923000 1.340000 -1.179000 12 0
0.942000 1.379000 -1.144000 22 0
0.937000 1.381000 -1.080000 27 0
0.926000 1.377000 -1.015000 33 0
0.950000 1.319000 -1.178000 12 0
0.999000 1.396000 -1.175000 13 0
1.051000 1.474000 -1.169000 11 0
1.105000 1.561000 -1.167000 13 0
0.977000 1.298000 -1.177000 12 0
1.030000 1.375000 -1.174000 13 0
1.086000 1.452000 -1.168000 12 0
1.145000 1.536000 -1.165000 13 0
1.002000 1.275000 -1.174000 13 0
1.060000 1.352000 -1.173000 13 0
1.120000 1.427000 -1.167000 10 0
1.183000 1.510000 -1.163000 8 0
1.033000 1.258000 -1.179000 9 0
1.091000 1.329000 -1.173000 4 0
1.158000 1.408000 -1.170000 3 0
0.000000 -0.000000 -0.000000 0 0
1.051000 1.227000 -1.169000 2 0
0.000000 -0.000000 -0.000000 0 0
0.000000 -0.000000 -0.000000 0 0
0.000000 -0.000000 -0.000000 0 192
0.000000 -0.000000 -0.000000 0 0
0.000000 -0.000000 -0.000000 0 128
0.000000 -0.000000 -0.000000 0 128
0.000000 -0.000000 -0.000000 0 128
0.000000 -0.000000 -0.000000 0 192
0.000000 -0.000000 -0.000000 0 128
0.000000 -0.000000 -0.000000 0 128
0.000000 -0.000000 -0.000000 0 128
0.358000 1.311000 -0.979000 24 0
0.346000 1.376000 -0.986000 26 0
0.332000 1.430000 -0.982000 26 0
0.315000 1.488000 -0.981000 26 0
0.386000 1.305000 -0.981000 23 0
0.376000 1.369000 -0.986000 26 0
0.366000 1.426000 -0.983000 24 0
0.352000 1.487000 -0.982000 24 0
0.412000 1.290000 -0.977000 25 0
0.405000 1.354000 -0.981000 32 0
0.398000 1.415000 -0.979000 26 0
0.387000 1.475000 -0.977000 27 0
0.438000 1.277000 -0.975000 27 0
0.434000 1.344000 -0.979000 26 0
0.430000 1.407000 -0.978000 25 0
0.423000 1.470000 -0.976000 25 0
0.465000 1.268000 -0.975000 27 0
0.463000 1.333000 -0.978000 28 0
0.463000 1.397000 -0.976000 25 0
0.457000 1.458000 -0.972000 26 0
0.496000 1.270000 -0.985000 36 0
0.493000 1.323000 -0.977000 29 0
0.495000 1.387000 -0.975000 25 0
0.495000 1.453000 -0.973000 26 0
0.531000 1.280000 -1.002000 33 0
0.521000 1.310000 -0.975000 28 0
0.526000 1.374000 -0.972000 24 0
0.530000 1.443000 -0.971000 26 0
0.568000 1.291000 -1.020000 32 0
0.550000 1.298000 -0.975000 31 0
0.559000 1.365000 -0.972000 25 0
0.568000 1.439000 -0.974000 32 0
0.603000 1.297000 -1.035000 37 0
0.582000 1.294000 -0.980000 31 0
0.592000 1.356000 -0.973000 28 0
0.607000 1.435000 -0.978000 23 0
0.639000 1.302000 -1.050000 31 0
0.621000 1.302000 -0.995000 32 0
0.624000 1.344000 -0.973000 15 0
0.644000 1.427000 -0.979000 24 0
0.680000 1.314000 -1.071000 30 0
0.661000 1.311000 -1.012000 29 0
0.654000 1.326000 -0.968000 22 0
0.679000 1.413000 -0.977000 23 0
0.722000 1.326000 -1.093000 27 0
0.703000 1.321000 -1.031000 31 0
0.687000 1.317000 -0.971000 31 0
0.711000 1.394000 -0.972000 25 0
0.761000 1.330000 -1.110000 29 0
0.749000 1.336000 -1.054000 34 0
0.729000 1.322000 -0.985000 30 0
0.747000 1.381000 -0.973000 24 0
0.807000 1.344000 -1.135000 34 0
0.791000 1.340000 -1.069000 51 0
0.779000 1.339000 -1.008000 32 0
0.777000 1.357000 -0.966000 26 0
0.851000 1.353000 -1.158000 28 0
0.839000 1.352000 -1.092000 37 0
0.828000 1.350000 -1.029000 28 0
0.817000 1.351000 -0.972000 32 0
0.896000 1.360000 -1.180000 16 0
0.889000 1.365000 -1.117000 26 0
0.880000 1.363000 -1.052000 28 0
0.871000 1.365000 -0.994000 32 0
0.923000 1.340000 -1.179000 12 0
0.942000 1.379000 -1.144000 22 0
0.937000 1.381000 -1.080000 27 0
0.926000 1.377000 -1.015000 33 0
0.950000 1.319000 -1.178000 12 0
0.999000 1.396000 -1.175000 13 0
1.051000 1.474000 -1.169000 11 0
1.105000 1.561000 -1.167000 13 0
0.977000 1.298000 -1.177000 12 0
1.030000 1.375000 -1.174000 13 0
1.086000 1.452000 -1.168000 12 0
1.145000 1.536000 -1.165000 13 0
1.002000 1.275000 -1.174000 13 0
1.060000 1.352000 -1.173000 13 0
1.120000 1.427000 -1.167000 10 0
1.183000 1.510000 -1.163000 8 0
1.033000 1.258000 -1.179000 9 0
1.091000 1.329000 -1.173000 4 0
1.158000 1.408000 -1.170000 3 0
0.000000 -0.000000 -0.000000 0 0
1.051000 1.227000 -1.169000 2 0
0.000000 -0.000000 -0.000000 0 0
0.000000 -0.000000 -0.000000 0 0
0.000000 -0.000000 -0.000000 0 192
0.000000 -0.000000 -0.000000 0 0
0.000000 -0.000000 -0.000000 0 128
0.000000 -0.000000 -0.000000 0 128
0.000000 -0.000000 -0.000000 0 128
0.000000 -0.000000 -0.000000 0 192
0.000000 -0.000000 -0.000000 0 128
0.000000 -0.000000 -0.000000 0 128
0.000000 -0.000000 -0.000000 0 128
0.000000 -0.000000 -0.000000 0 128
0.000000 -0.000000 -0.000000 0 128
0.000000 -0.000000 -0.000000 0 0
0.000000 -0.000000 -0.000000 0 128
0.000000 -0.000000 -0.000000 0 128
0.000000 -0.000000 -0.000000 0 128
0.000000 -0.000000 -0.000000 0 0
0.000000 -0.000000 -0.000000 0 128
0.000000 -0.000000 -0.000000 0 128
0.000000 -0.000000 -0.000000 0 128
0.000000 -0.000000 -0.000000 0 0
0.000000 -0.000000 -0.000000 0 128
0.000000 -0.000000 -0.000000 0 128
0.000000 -0.000000 -0.000000 0 128
0.000000 -0.000000 -0.000000 0 0
0.000000 -0.000000 -0.000000 0 128
0.000000 -0.000000 -0.000000 0 128
0.000000 -0.000000 -0.000000 0 128
0.000000 -0.000000 -0.000000 0 128
0.000000 -0.000000 -0.000000 0 128
0.000000 -0.000000 -0.000000 0 128
0.000000 -0.000000 -0.000000 0 128
0.000000 -0.000000 -0.000000 0 128
0.000000 -0.000000 -0.000000 0 128
0.000000 -0.000000 -0.000000 0 128
0.000000 -0.000000 -0.000000 0 128
0.000000 -0.000000 -0.000000 0 0
0.000000 -0.000000 -0.000000 0 128
0.000000 -0.000000 -0.000000 0 128
0.000000 -0.000000 -0.000000 0 128
0.000000 -0.000000 -0.000000 0 0
0.000000 -0.000000 -0.000000 0 128
0.000000 -0.000000 -0.000000 0 128
0.000000 -0.000000 -0.000000 0 128
0.000000 -0.000000 -0.000000 0 0
0.000000 -0.000000 -0.000000 0 128
0.000000 -0.000000 -0.000000 0 128
0.000000 -0.000000 -0.000000 0 128
0.000000 -0.000000 -0.000000 0 0
0.000000 -0.000000 -0.000000 0 128
0.000000 -0.000000 -0.000000 0 128
0.000000 -0.000000 -0.000000 0 128
0.000000 -0.000000 -0.000000 0 128
0.000000 -0.000000 -0.000000 0 128
0.000000 -0.000000 -0.000000 0 128
0.000000 -0.000000 -0.000000 0 128
0.000000 -0.000000 -0.000000 0 128
0.000000 -0.000000 -0.000000 0 128
0.000000 -0.000000 -0.000000 0 128
0.000000 -0.000000 -0.000000 0 128
0.000000 -0.000000 -0.000000 0 0
0.000000 -0.000000 -0.000000 0 128
0.000000 -0.000000 -0.000000 0 192
0.000000 -0.000000 -0.000000 0 128
0.000000 -0.000000 -0.000000 0 0
0.000000 -0.000000 -0.000000 0 128
0.000000 -0.000000 -0.000000 0 128
0.000000 -0.000000 -0.000000 0 0
0.000000 -0.000000 -0.000000 0 0
0.000000 -0.000000 -0.000000 0 128
0.000000 -0.000000 -0.000000 0 128
0.000000 -0.000000 -0.000000 0 0
0.000000 -0.000000 -0.000000 0 0
0.000000 -0.000000 -0.000000 0 128
0.000000 -0.000000 -0.000000 0 128
0.000000 -0.000000 -0.000000 0 0
0.000000 -0.000000 -0.000000 0 0
0.000000 -0.000000 -0.000000 0 128
0.000000 -0.000000 -0.000000 0 128
0.000000 -0.000000 -0.000000 0 0
0.000000 -0.000000 -0.000000 0 0
0.000000 -0.000000 -0.000000 0 0
0.000000 -0.000000 -0.000000 0 128
0.000000 -0.000000 -0.000000 0 128
0.000000 -0.000000 -0.000000 0 0
0.000000 -0.000000 -0.000000 0 0
0.000000 -0.000000 -0.000000 0 128
0.000000 -0.000000 -0.000000 0 128
0.000000 -0.000000 -0.000000 0 0
0.000000 -0.000000 -0.000000 0 0
0.000000 -0.000000 -0.000000 0 128
0.000000 -0.000000 -0.000000 0 0
0.000000 -0.000000 -0.000000 0 0
0.000000 -0.000000 -0.000000 0 0
0.000000 -0.000000 -0.000000 0 128
0.000000 -0.000000 -0.000000 0 0
0.000000 -0.000000 -0.000000 0 0
0.000000 -0.000000 -0.000000 0 0
0.000000 -0.000000 -0.000000 0 128
0.000000 -0.000000 -0.000000 0 0
0.000000 -0.000000 -0.000000 0 0
0.000000 -0.000000 -0.000000 0 128
0.000000 -0.000000 -0.000000 0 128
0.000000 -0.000000 -0.000000 0 0
0.000000 -0.000000 -0.000000 0 0
0.000000 -0.000000 -0.000000 0 0
0.000000 -0.000000 -0.000000 0 128
0.000000 -0.000000 -0.000000 0 128
0.000000 -0.000000 -0.000000 0 0
0.000000 -0.000000 -0.000000 0 128
0.000000 -0.000000 -0.000000 0 128
0.000000 -0.000000 -0.000000 0 128
0.000000 -0.000000 -0.000000 0 0
0.000000 -0.000000 -0.000000 0 128
0.000000 -0.000000 -0.000000 0 128
0.000000 -0.000000 -0.000000 0 128
0.000000 -0.000000 -0.000000 0 0
0.000000 -0.000000 -0.000000 0 128
0.000000 -0.000000 -0.000000 0 128
0.000000 -0.000000 -0.000000 0 128
0.000000 -0.000000 -0.000000 0 0
0.000000 -0.000000 -0.000000 0 128
0.000000 -0.000000 -0.000000 0 128
0.000000 -0.000000 -0.000000 0 128
0.000000 -0.000000 -0.000000 0 128
0.000000 -0.000000 -0.000000 0 128
0.000000 -0.000000 -0.000000 0 128
0.000000 -0.000000 -0.000000 0 128
0.000000 -0.000000 -0.000000 0 128
0.000000 -0.000000 -0.000000 0 128
0.000000 -0.000000 -0.000000 0 128
0.000000 -0.000000 -0.000000 0 128
0.000000 -0.000000 -0.000000 0 0
0.000000 -0.000000 -0.000000 0 128
0.000000 -0.000000 -0.000000 0 128
0.000000 -0.000000 -0.000000 0 128
0.000000 -0.000000 -0.000000 0 0
0.000000 -0.000000 -0.000000 0 128
0.000000 -0.000000 -0.000000 0 128
0.000000 -0.000000 -0.000000 0 128
0.000000 -0.000000 -0.000000 0 0
0.000000 -0.000000 -0.000000 0 128
0.000000 -0.000000 -0.000000 0 128
0.000000 -0.000000 -0.000000 0 128
0.000000 -0.000000 -0.000000 0 0
0.000000 -0.000000 -0.000000 0 128
0.000000 -0.000000 -0.000000 0 128
0.000000 -0.000000 -0.000000 0 128
0.000000 -0.000000 -0.000000 0 128
0.000000 -0.000000 -0.000000 0 128
0.000000 -0.000000 -0.000000 0 128
0.000000 -0.000000 -0.000000 0 128
0.000000 -0.000000 -0.000000 0 128
0.000000 -0.000000 -0.000000 0 128
0.000000 -0.000000 -0.000000 0 128
0.000000 -0.000000 -0.000000 0 128
0.000000 -0.000000 -0.000000 0 0
0.000000 -0.000000 -0.000000 0 128
0.000000 -0.000000 -0.000000 0 192
0.000000 -0.000000 -0.000000 0 128
0.000000 -0.000000 -0.000000 0 0
0.000000 -0.000000 -0.000000 0 128
0.000000 -0.000000 -0.000000 0 128
0.000000 -0.000000 -0.000000 0 0
0.000000 -0.000000 -0.000000 0 0
0.000000 -0.000000 -0.000000 0 128
0.000000 -0.000000 -0.000000 0 128
0.000000 -0.000000 -0.000000 0 0
0.000000 -0.000000 -0.000000 0 0
0.000000 -0.000000 -0.000000 0 128
0.000000 -0.000000 -0.000000 0 128
0.000000 -0.000000 -0.000000 0 0
0.000000 -0.000000 -0.000000 0 0
0.000000 -0.000000 -0.000000 0 128
0.000000 -0.000000 -0.000000 0 128
0.000000 -0.000000 -0.000000 0 0
0.000000 -0.000000 -0.000000 0 0
0.000000 -0.000000 -0.000000 0 0
0.000000 -0.000000 -0.000000 0 128
0.000000 -0.000000 -0.000000 0 128
0.000000 -0.000000 -0.000000 0 0
0.000000 -0.000000 -0.000000 0 0
0.000000 -0.000000 -0.000000 0 128
0.000000 -0.000000 -0.000000 0 128
0.000000 -0.000000 -0.000000 0 0
0.000000 -0.000000 -0.000000 0 0
0.000000 -0.000000 -0.000000 0 128
0.000000 -0.000000 -0.000000 0 0
0.000000 -0.000000 -0.000000 0 0
0.000000 -0.000000 -0.000000 0 0
0.000000 -0.000000 -0.000000 0 128
0.000000 -0.000000 -0.000000 0 0
0.000000 -0.000000 -0.000000 0 0
0.000000 -0.000000 -0.000000 0 0
0.000000 -0.000000 -0.000000 0 128
0.000000 -0.000000 -0.000000 0 0
0.000000 -0.000000 -0.000000 0 0
0.000000 -0.000000 -0.000000 0 128
0.000000 -0.000000 -0.000000 0 128
0.000000 -0.000000 -0.000000 0 0
0.000000 -0.000000 -0.000000 0 0
0.000000 -0.000000 -0.000000 0 0
0.000000 -0.000000 -0.000000 0 128
0.000000 -0.000000 -0.000000 0 0
0.000000 -0.000000 -0.000000 0 0
0.000000 -0.000000 -0.000000 0 128
0.000000 -0.000000 -0.000000 0 128
0.000000 -0.000000 -0.000000 0 0
0.000000 -0.000000 -0.000000 0 0
0.000000 -0.000000 -0.000000 0 0
0.000000 -0.000000 -0.000000 0 128
0.000000 -0.000000 -0.000000 0 0
0.000000 -0.000000 -0.000000 0 0
0.000000 -0.000000 -0.000000 0 128
0.000000 -0.000000 -0.000000 0 0
0.000000 -0.000000 -0.000000 0 0
0.000000 -0.000000 -0.000000 0 0
0.000000 -0.000000 -0.000000 0 0
0.000000 -0.000000 -0.000000 0 128
0.000000 -0.000000 -0.000000 0 0
0.000000 -0.000000 -0.000000 0 0
0.000000 -0.000000 -0.000000 0 128
0.000000 -0.000000 -0.000000 0 128
0.000000 -0.000000 -0.000000 0 0
0.000000 -0.000000 -0.000000 0 0
0.000000 -0.000000 -0.000000 0 0
0.000000 -0.000000 -0.000000 0 128
0.000000 -0.000000 -0.000000 0 0
0.000000 -0.000000 -0.000000 0 0
0.000000 -0.000000 -0.000000 0 128
0.000000 -0.000000 -0.000000 0 128
0.000000 -0.000000 -0.000000 0 0
0.000000 -0.000000 -0.000000 0 0
0.000000 -0.000000 -0.000000 0 0
0.000000 -0.000000 -0.000000 0 128
0.000000 -0.000000 -0.000000 0 0
0.000000 -0.000000 -0.000000 0 0
0.000000 -0.000000 -0.000000 0 128
0.000000 -0.000000 -0.000000 0 128
0.000000 -0.000000 -0.000000 0 0
0.000000 -0.000000 -0.000000 0 0
0.000000 -0.000000 -0.000000 0 0
0.000000 -0.000000 -0.000000 0 128
0.000000 -0.000000 -0.000000 0 0
0.000000 -0.000000 -0.000000 0 0
0.000000 -0.000000 -0.000000 0 128
0.000000 -0.000000 -0.000000 0 128
0.000000 -0.000000 -0.000000 0 0
0.000000 -0.000000 -0.000000 0 0
0.000000 -0.000000 -0.000000 0 0
0.000000 -0.000000 -0.000000 0 128
0.000000 -0.000000 -0.000000 0 0
0.000000 -0.000000 -0.000000 0 0
0.000000 -0.000000 -0.000000 0 0
0.000000 -0.000000 -0.000000 0 128
0.000000 -0.000000 -0.000000 0 0
0.000000 -0.000000 -0.000000 0 0
0.000000 -0.000000 -0.000000 0 128
0.000000 -0.000000 -0.000000 0 128
0.000000 -0.000000 -0.000000 0 0
0.000000 -0.000000 -0.000000 0 0
0.000000 -0.000000 -0.000000 0 128
0.000000 -0.000000 -0.000000 0 128
0.000000 -0.000000 -0.000000 0 0
0.000000 -0.000000 -0.000000 0 0
0.000000 -0.000000 -0.000000 0 0
0.000000 -0.000000 -0.000000 0 128
0.000000 -0.000000 -0.000000 0 0
0.000000 -0.000000 -0.000000 0 0
0.000000 -0.000000 -0.000000 0 0
0.000000 -0.000000 -0.000000 0 128
0.000000 -0.000000 -0.000000 0 0
0.000000 -0.000000 -0.000000 0 0
0.000000 -0.000000 -0.000000 0 0
0.000000 -0.000000 -0.000000 0 128
0.000000 -0.000000 -0.000000 0 128
0.000000 -0.000000 -0.000000 0 0
0.000000 -0.000000 -0.000000 0 0
0.000000 -0.000000 -0.000000 0 0
0.000000 -0.000000 -0.000000 0 128
0.000000 -0.000000 -0.000000 0 0
0.000000 -0.000000 -0.000000 0 0
0.000000 -0.000000 -0.000000 0 0
0.000000 -0.000000 -0.000000 0 128
0.000000 -0.000000 -0.000000 0 0
0.000000 -0.000000 -0.000000 0 0
0.000000 -0.000000 -0.000000 0 0
0.000000 -0.000000 -0.000000 0 128
0.000000 -0.000000 -0.000000 0 0
0.000000 -0.000000 -0.000000 0 0
0.000000 -0.000000 -0.000000 0 0
0.000000 -0.000000 -0.000000 0 0
0.000000 -0.000000 -0.000000 0 0
0.000000 -0.000000 -0.000000 0 0
0.000000 -0.000000 -0.000000 0 128
0.000000 -0.000000 -0.000000 0 0
0.000000 -0.000000 -0.000000 0 0
0.000000 -0.000000 -0.000000 0 0
0.000000 -0.000000 -0.000000 0 128
0.000000 -0.000000 -0.000000 0 0
0.000000 -0.000000 -0.000000 0 0
0.000000 -0.000000 -0.000000 0 128
0.000000 -0.000000 -0.000000 0 128
0.000000 -0.000000 -0.000000 0 0
0.000000 -0.000000 -0.000000 0 0
0.000000 -0.000000 -0.000000 0 0
0.000000 -0.000000 -0.000000 0 128
0.000000 -0.000000 -0.000000 0 0
0.000000 -0.000000 -0.000000 0 0
0.000000 -0.000000 -0.000000 0 128
0.000000 -0.000000 -0.000000 0 0
0.000000 -0.000000 -0.000000 0 0
0.000000 -0.000000 -0.000000 0 0
0.000000 -0.000000 -0.000000 0 0
0.000000 -0.000000 -0.000000 0 128
0.000000 -0.000000 -0.000000 0 0
0.000000 -0.000000 -0.000000 0 0
0.000000 -0.000000 -0.000000 0 128
0.000000 -0.000000 -0.000000 0 128
0.000000 -0.000000 -0.000000 0 0
0.000000 -0.000000 -0.000000 0 0
0.000000 -0.000000 -0.000000 0 0
0.000000 -0.000000 -0.000000 0 128
0.000000 -0.000000 -0.000000 0 0
0.000000 -0.000000 -0.000000 0 0
0.000000 -0.000000 -0.000000 0 128
0.000000 -0.000000 -0.000000 0 128
0.000000 -0.000000 -0.000000 0 0
0.000000 -0.000000 -0.000000 0 0
0.000000 -0.000000 -0.000000 0 0
0.000000 -0.000000 -0.000000 0 128
0.000000 -0.000000 -0.000000 0 0
0.000000 -0.000000 -0.000000 0 0
0.000000 -0.000000 -0.000000 0 128
0.000000 -0.000000 -0.000000 0 128
0.000000 -0.000000 -0.000000 0 0
0.000000 -0.000000 -0.000000 0 0
0.000000 -0.000000 -0.000000 0 0
0.000000 -0.000000 -0.000000 0 128
0.000000 -0.000000 -0.000000 0 0
0.000000 -0.000000 -0.000000 0 0
0.000000 -0.000000 -0.000000 0 128
0.000000 -0.000000 -0.000000 0 128
0.000000 -0.000000 -0.000000 0 0
0.000000 -0.000000 -0.000000 0 0
0.000000 -0.000000 -0.000000 0 0
0.000000 -0.000000 -0.000000 0 128
0.000000 -0.000000 -0.000000 0 0
0.000000 -0.000000 -0.000000 0 0
0.000000 -0.000000 -0.000000 0 0
0.000000 -0.000000 -0.000000 0 128
0.000000 -0.000000 -0.000000 0 0
0.000000 -0.000000 -0.000000 0 0
0.000000 -0.000000 -0.000000 0 128
0.000000 -0.000000 -0.000000 0 128
0.000000 -0.000000 -0.000000 0 0
0.000000 -0.000000 -0.000000 0 0
0.000000 -0.000000 -0.000000 0 128
0.000000 -0.000000 -0.000000 0 128
0.000000 -0.000000 -0.000000 0 0
0.000000 -0.000000 -0.000000 0 0
0.000000 -0.000000 -0.000000 0 0
0.000000 -0.000000 -0.000000 0 128
0.000000 -0.000000 -0.000000 0 0
0.000000 -0.000000 -0.000000 0 0
0.000000 -0.000000 -0.000000 0 0
0.000000 -0.000000 -0.000000 0 128
0.000000 -0.000000 -0.000000 0 0
0.000000 -0.000000 -0.000000 0 0
0.000000 -0.000000 -0.000000 0 0
0.000000 -0.000000 -0.000000 0 128
0.000000 -0.000000 -0.000000 0 128
0.000000 -0.000000 -0.000000 0 0
0.000000 -0.000000 -0.000000 0 0
0.000000 -0.000000 -0.000000 0 0
0.000000 -0.000000 -0.000000 0 128
0.000000 -0.000000 -0.000000 0 0
0.000000 -0.000000 -0.000000 0 0
0.000000 -0.000000 -0.000000 0 0
0.000000 -0.000000 -0.000000 0 128
0.000000 -0.000000 -0.000000 0 0
0.000000 -0.000000 -0.000000 0 0
0.000000 -0.000000 -0.000000 0 0
0.000000 -0.000000 -0.000000 0 128
0.000000 -0.000000 -0.000000 0 0
0.000000 -0.000000 -0.000000 0 0
0.000000 -0.000000 -0.000000 0 0
0.000000 -0.000000 -0.000000 0 0
0.000000 -0.000000 -0.000000 0 0
0.000000 -0.000000 -0.000000 0 0
0.000000 -0.000000 -0.000000 0 128
0.000000 -0.000000 -0.000000 0 0
0.000000 -0.000000 -0.000000 0 0
0.000000 -0.000000 -0.000000 0 0
0.000000 -0.000000 -0.000000 0 128
0.000000 -0.000000 -0.000000 0 0
0.000000 -0.000000 -0.000000 0 0
0.000000 -0.000000 -0.000000 0 0
0.000000 -0.000000 -0.000000 0 0
0.000000 -0.000000 -0.000000 0 0
0.000000 -0.000000 -0.000000 0 0
0.000000 -0.000000 -0.000000 0 0
0.000000 -0.000000 -0.000000 0 0
0.000000 -0.000000 -0.000000 0 0
0.000000 -0.000000 -0.000000 0 0
0.000000 -0.000000 -0.000000 0 128
0.000000 -0.000000 -0.000000 0 0
0.000000 -0.000000 -0.000000 0 0
0.000000 -0.000000 -0.000000 0 0
0.000000 -0.000000 -0.000000 0 128
0.000000 -0.000000 -0.000000 0 0
0.000000 -0.000000 -0.000000 0 0
0.000000 -0.000000 -0.000000 0 0
0.000000 -0.000000 -0.000000 0 128
0.000000 -0.000000 -0.000000 0 0
0.000000 -0.000000 -0.000000 0 0
0.000000 -0.000000 -0.000000 0 0
0.000000 -0.000000 -0.000000 0 128
0.000000 -0.000000 -0.000000 0 0
0.000000 -0.000000 -0.000000 0 128
0.000000 -0.000000 -0.000000 0 0
0.000000 -0.000000 -0.000000 0 0
0.000000 -0.000000 -0.000000 0 128
0.000000 -0.000000 -0.000000 0 128
0.000000 -0.000000 -0.000000 0 0
0.000000 -0.000000 -0.000000 0 128
0.000000 -0.000000 -0.000000 0 128
0.000000 -0.000000 -0.000000 0 0
0.000000 -0.000000 -0.000000 0 0
0.000000 -0.000000 -0.000000 0 128
0.000000 -0.000000 -0.000000 0 128
0.000000 -0.000000 -0.000000 0 0
0.000000 -0.000000 -0.000000 0 128
0.000000 -0.000000 -0.000000 0 128
0.000000 -0.000000 -0.000000 0 128
0.000000 -0.000000 -0.000000 0 128
0.000000 -0.000000 -0.000000 0 128
0.000000 -0.000000 -0.000000 0 128
0.000000 -0.000000 -0.000000 0 128
0.000000 -0.000000 -0.000000 0 128
0.000000 -0.000000 -0.000000 0 128
0.000000 -0.000000 -0.000000 0 128
0.000000 -0.000000 -0.000000 0 128
0.000000 -0.000000 -0.000000 0 128
0.000000 -0.000000 -0.000000 0 128
0.000000 -0.000000 -0.000000 0 128
0.000000 -0.000000 -0.000000 0 128
0.000000 -0.000000 -0.000000 0 128
0.000000 -0.000000 -0.000000 0 128
0.000000 -0.000000 -0.000000 0 128
0.000000 -0.000000 -0.000000 0 128
0.000000 -0.000000 -0.000000 0 128
0.000000 -0.000000 -0.000000 0 128
0.000000 -0.000000 -0.000000 0 128
0.000000 -0.000000 -0.000000 0 128
0.000000 -0.000000 -0.000000 0 128
0.000000 -0.000000 -0.000000 0 128
0.000000 -0.000000 -0.000000 0 128
0.000000 -0.000000 -0.000000 0 128
0.000000 -0.000000 -0.000000 0 128
0.000000 -0.000000 -0.000000 0 128
0.000000 -0.000000 -0.000000 0 128
0.000000 -0.000000 -0.000000 0 128
0.000000 -0.000000 -0.000000 0 128
0.000000 -0.000000 -0.000000 0 128
0.000000 -0.000000 -0.000000 0 128
0.000000 -0.000000 -0.000000 0 128
0.000000 -0.000000 -0.000000 0 128
0.000000 -0.000000 -0.000000 0 128
0.000000 -0.000000 -0.000000 0 128
0.000000 -0.000000 -0.000000 0 128
0.000000 -0.000000 -0.000000 0 128
0.000000 -0.000000 -0.000000 0 128
0.000000 -0.000000 -0.000000 0 128
0.000000 -0.000000 -0.000000 0 128
0.000000 -0.000000 -0.000000 0 128
0.000000 -0.000000 -0.000000 0 128
0.000000 -0.000000 -0.000000 0 128
0.000000 -0.000000 -0.000000 0 128
0.000000 -0.000000 -0.000000 0 128
0.000000 -0.000000 -0.000000 0 128
0.000000 -0.000000 -0.000000 0 128
0.000000 -0.000000 -0.000000 0 128
0.000000 -0.000000 -0.000000 0 128
0.000000 -0.000000 -0.000000 0 128
0.000000 -0.000000 -0.000000 0 192
0.000000 -0.000000 -0.000000 0 128
0.000000 -0.000000 -0.000000 0 128
0.000000 -0.000000 -0.000000 0 192
0.000000 -0.000000 -0.000000 0 0
0.000000 -0.000000 -0.000000 0 128
0.000000 -0.000000 -0.000000 0 0
0.000000 -0.000000 -0.000000 0 0
0.000000 -0.000000 -0.000000 0 0
0.000000 -0.000000 -0.000000 0 0
0.000000 -0.000000 -0.000000 0 0
0.000000 -0.000000 -0.000000 0 0
0.000000 -0.000000 -0.000000 0 0
0.000000 -0.000000 -0.000000 0 0
0.000000 -0.000000 -0.000000 0 0
0.000000 -0.000000 -0.000000 0 0
0.000000 -0.000000 -0.000000 0 128
0.000000 -0.000000 -0.000000 0 0
0.000000 -0.000000 -0.000000 0 0
0.000000 -0.000000 -0.000000 0 0
0.000000 -0.000000 -0.000000 0 128
0.000000 -0.000000 -0.000000 0 0
0.000000 -0.000000 -0.000000 0 0
0.000000 -0.000000 -0.000000 0 0
0.000000 -0.000000 -0.000000 0 128
0.000000 -0.000000 -0.000000 0 0
0.000000 -0.000000 -0.000000 0 0
0.000000 -0.000000 -0.000000 0 0
0.000000 -0.000000 -0.000000 0 128
0.000000 -0.000000 -0.000000 0 0
0.000000 -0.000000 -0.000000 0 128
0.000000 -0.000000 -0.000000 0 0
0.000000 -0.000000 -0.000000 0 0
0.000000 -0.000000 -0.000000 0 128
0.000000 -0.000000 -0.000000 0 128
0.000000 -0.000000 -0.000000 0 0
0.000000 -0.000000 -0.000000 0 128
0.000000 -0.000000 -0.000000 0 128
0.000000 -0.000000 -0.000000 0 0
0.000000 -0.000000 -0.000000 0 0
0.000000 -0.000000 -0.000000 0 128
0.000000 -0.000000 -0.000000 0 128
0.000000 -0.000000 -0.000000 0 0
0.000000 -0.000000 -0.000000 0 128
0.000000 -0.000000 -0.000000 0 128
0.000000 -0.000000 -0.000000 0 128
0.000000 -0.000000 -0.000000 0 128
0.000000 -0.000000 -0.000000 0 128
0.000000 -0.000000 -0.000000 0 128
0.000000 -0.000000 -0.000000 0 128
0.000000 -0.000000 -0.000000 0 128
0.000000 -0.000000 -0.000000 0 128
0.000000 -0.000000 -0.000000 0 128
0.000000 -0.000000 -0.000000 0 128
0.000000 -0.000000 -0.000000 0 128
0.000000 -0.000000 -0.000000 0 128
0.000000 -0.000000 -0.000000 0 128
0.000000 -0.000000 -0.000000 0 128
0.000000 -0.000000 -0.000000 0 128
0.000000 -0.000000 -0.000000 0 128
0.000000 -0.000000 -0.000000 0 128
0.000000 -0.000000 -0.000000 0 128
0.000000 -0.000000 -0.000000 0 128
0.000000 -0.000000 -0.000000 0 128
0.000000 -0.000000 -0.000000 0 128
0.000000 -0.000000 -0.000000 0 128
0.000000 -0.000000 -0.000000 0 128
0.000000 -0.000000 -0.000000 0 128
0.000000 -0.000000 -0.000000 0 128
0.000000 -0.000000 -0.000000 0 128
0.000000 -0.000000 -0.000000 0 128
0.000000 -0.000000 -0.000000 0 128
0.000000 -0.000000 -0.000000 0 128
0.000000 -0.000000 -0.000000 0 128
0.000000 -0.000000 -0.000000 0 128
0.000000 -0.000000 -0.000000 0 128
0.000000 -0.000000 -0.000000 0 128
0.000000 -0.000000 -0.000000 0 128
0.000000 -0.000000 -0.000000 0 128
0.000000 -0.000000 -0.000000 0 128
0.000000 -0.000000 -0.000000 0 128
0.000000 -0.000000 -0.000000 0 128
0.000000 -0.000000 -0.000000 0 128
0.000000 -0.000000 -0.000000 0 128
0.000000 -0.000000 -0.000000 0 128
0.000000 -0.000000 -0.000000 0 128
0.000000 -0.000000 -0.000000 0 128
0.000000 -0.000000 -0.000000 0 128
0.000000 -0.000000 -0.000000 0 128
0.000000 -0.000000 -0.000000 0 128
0.000000 -0.000000 -0.000000 0 128
0.000000 -0.000000 -0.000000 0 128
0.000000 -0.000000 -0.000000 0 128
0.000000 -0.000000 -0.000000 0 128
0.000000 -0.000000 -0.000000 0 128
0.000000 -0.000000 -0.000000 0 128
0.000000 -0.000000 -0.000000 0 192
0.000000 -0.000000 -0.000000 0 128
0.000000 -0.000000 -0.000000 0 128
0.000000 -0.000000 -0.000000 0 192
0.000000 -0.000000 -0.000000 0 0
0.000000 -0.000000 -0.000000 0 128
0.000000 -0.000000 -0.000000 0 128
0.000000 -0.000000 -0.000000 0 0
0.553000 -0.714000 -0.514000 13 0
0.000000 -0.000000 -0.000000 0 128
0.000000 -0.000000 -0.000000 0 128
0.573000 -0.702000 -0.529000 5 64
0.533000 -0.721000 -0.511000 15 0
0.000000 -0.000000 -0.000000 0 128
0.000000 -0.000000 -0.000000 0 192
0.553000 -0.711000 -0.526000 10 0
0.537000 -0.763000 -0.532000 9 0
0.000000 -0.000000 -0.000000 0 192
0.000000 -0.000000 -0.000000 0 0
0.528000 -0.711000 -0.517000 13 0
0.516000 -0.770000 -0.530000 9 0
0.000000 -0.000000 -0.000000 0 192
0.561000 -0.711000 -0.539000 10 0
0.528000 -0.746000 -0.533000 8 0
0.495000 -0.775000 -0.526000 8 0
0.577000 -0.686000 -0.545000 3 64
0.539000 -0.717000 -0.533000 10 0
0.512000 -0.759000 -0.534000 8 0
0.465000 -0.766000 -0.513000 8 0
0.575000 -0.717000 -0.556000 9 0
0.514000 -0.717000 -0.523000 10 0
0.495000 -0.770000 -0.534000 8 0
0.446000 -0.774000 -0.512000 9 0
0.555000 -0.726000 -0.551000 9 0
0.500000 -0.733000 -0.525000 9 0
0.477000 -0.781000 -0.534000 8 0
0.418000 -0.765000 -0.500000 13 0
0.522000 -0.716000 -0.533000 12 0
0.494000 -0.760000 -0.536000 7 0
0.453000 -0.781000 -0.526000 8 0
0.399000 -0.770000 -0.498000 13 0
0.499000 -0.719000 -0.524000 15 0
0.478000 -0.774000 -0.536000 7 0
0.423000 -0.769000 -0.512000 12 0
0.378000 -0.772000 -0.494000 13 0
0.493000 -0.747000 -0.534000 9 0
0.461000 -0.787000 -0.537000 7 0
0.406000 -0.778000 -0.511000 11 0
0.361000 -0.780000 -0.495000 13 0
0.478000 -0.761000 -0.535000 9 0
0.433000 -0.779000 -0.523000 11 0
0.383000 -0.777000 -0.504000 11 0
0.341000 -0.783000 -0.492000 13 0
0.464000 -0.778000 -0.537000 9 0
0.414000 -0.786000 -0.521000 10 0
0.362000 -0.778000 -0.500000 10 0
0.323000 -0.789000 -0.492000 13 0
0.432000 -0.765000 -0.519000 13 0
0.385000 -0.774000 -0.506000 9 0
0.344000 -0.785000 -0.499000 10 0
0.302000 -0.789000 -0.489000 13 0
0.416000 -0.778000 -0.519000 15 0
0.368000 -0.785000 -0.506000 9 0
0.325000 -0.791000 -0.498000 10 0
0.285000 -0.797000 -0.490000 12 0
0.397000 -0.786000 -0.516000 9 0
0.346000 -0.784000 -0.500000 9 0
0.306000 -0.795000 -0.495000 10 0
0.266000 -0.800000 -0.489000 12 0
0.372000 -0.781000 -0.505000 13 0
0.328000 -0.791000 -0.499000 9 0
0.287000 -0.799000 -0.494000 10 0
0.249000 -0.808000 -0.491000 11 0
0.349000 -0.779000 -0.497000 12 0
0.309000 -0.795000 -0.495000 9 0
0.270000 -0.806000 -0.494000 10 0
0.232000 -0.816000 -0.493000 11 0
0.331000 -0.787000 -0.495000 12 0
0.289000 -0.798000 -0.492000 9 0
0.252000 -0.814000 -0.496000 9 0
0.214000 -0.821000 -0.494000 11 0
0.311000 -0.792000 -0.492000 12 0
0.271000 -0.806000 -0.492000 9 0
0.235000 -0.825000 -0.499000 9 0
0.195000 -0.825000 -0.494000 11 0
0.291000 -0.795000 -0.488000 11 0
0.252000 -0.811000 -0.490000 8 0
0.218000 -0.837000 -0.502000 7 0
0.178000 -0.833000 -0.497000 11 0
0.279000 -0.821000 -0.498000 8 0
0.238000 -0.832000 -0.499000 6 0
0.199000 -0.839000 -0.501000 7 0
0.159000 -0.832000 -0.495000 11 0
0.260000 -0.829000 -0.497000 8 0
0.219000 -0.840000 -0.500000 6 0
0.180000 -0.842000 -0.500000 6 0
0.142000 -0.845000 -0.502000 7 0
0.242000 -0.841000 -0.499000 8 0
0.200000 -0.846000 -0.499000 6 0
0.161000 -0.845000 -0.499000 6 0
0.000000 -0.000000 -0.000000 0 0
0.000000 -0.000000 -0.000000 0 128
0.000000 -0.000000 -0.000000 0 128
0.000000 -0.000000 -0.000000 0 0
0.553000 -0.714000 -0.514000 13 0
0.000000 -0.000000 -0.000000 0 128
0.000000 -0.000000 -0.000000 0 128
0.573000 -0.702000 -0.529000 5 64
0.533000 -0.721000 -0.511000 15 0
0.000000 -0.000000 -0.000000 0 128
0.000000 -0.000000 -0.000000 0 192
0.553000 -0.711000 -0.526000 10 0
0.537000 -0.763000 -0.532000 9 0
0.000000 -0.000000 -0.000000 0 192
0.000000 -0.000000 -0.000000 0 0
0.528000 -0.711000 -0.517000 13 0
0.516000 -0.770000 -0.530000 9 0
0.000000 -0.000000 -0.000000 0 192
0.561000 -0.711000 -0.539000 10 0
0.528000 -0.746000 -0.533000 8 0
0.495000 -0.775000 -0.526000 8 0
0.577000 -0.686000 -0.545000 3 64
0.539000 -0.717000 -0.533000 10 0
0.512000 -0.759000 -0.534000 8 0
0.465000 -0.766000 -0.513000 8 0
0.575000 -0.717000 -0.556000 9 0
0.514000 -0.717000 -0.523000 10 0
0.495000 -0.770000 -0.534000 8 0
0.446000 -0.774000 -0.512000 9 0
0.555000 -0.726000 -0.551000 9 0
0.500000 -0.733000 -0.525000 9 0
0.477000 -0.781000 -0.534000 8 0
0.418000 -0.765000 -0.500000 13 0
0.522000 -0.716000 -0.533000 12 0
0.494000 -0.760000 -0.536000 7 0
0.453000 -0.781000 -0.526000 8 0
0.399000 -0.770000 -0.498000 13 0
0.499000 -0.719000 -0.524000 15 0
0.478000 -0.774000 -0.536000 7 0
0.423000 -0.769000 -0.512000 12 0
0.378000 -0.772000 -0.494000 13 0
0.493000 -0.747000 -0.534000 9 0
0.461000 -0.787000 -0.537000 7 0
0.406000 -0.778000 -0.511000 11 0
0.361000 -0.780000 -0.495000 13 0
0.478000 -0.761000 -0.535000 9 0
0.433000 -0.779000 -0.523000 11 0
0.383000 -0.777000 -0.504000 11 0
0.341000 -0.783000 -0.492000 13 0
0.464000 -0.778000 -0.537000 9 0
0.414000 -0.786000 -0.521000 10 0
0.362000 -0.778000 -0.500000 10 0
0.323000 -0.789000 -0.492000 13 0
0.432000 -0.765000 -0.519000 13 0
0.385000 -0.774000 -0.506000 9 0
0.344000 -0.785000 -0.499000 10 0
0.302000 -0.789000 -0.489000 13 0
0.416000 -0.778000 -0.519000 15 0
0.368000 -0.785000 -0.506000 9 0
0.325000 -0.791000 -0.498000 10 0
0.285000 -0.797000 -0.490000 12 0
0.397000 -0.786000 -0.516000 9 0
0.346000 -0.784000 -0.500000 9 0
0.306000 -0.795000 -0.495000 10 0
0.266000 -0.800000 -0.489000 12 0
0.372000 -0.781000 -0.505000 13 0
0.328000 -0.791000 -0.499000 9 0
0.287000 -0.799000 -0.494000 10 0
0.249000 -0.808000 -0.491000 11 0
0.349000 -0.779000 -0.497000 12 0
0.309000 -0.795000 -0.495000 9 0
0.270000 -0.806000 -0.494000 10 0
0.232000 -0.816000 -0.493000 11 0
0.331000 -0.787000 -0.495000 12 0
0.289000 -0.798000 -0.492000 9 0
0.252000 -0.814000 -0.496000 9 0
0.214000 -0.821000 -0.494000 11 0
0.311000 -0.792000 -0.492000 12 0
0.271000 -0.806000 -0.492000 9 0
0.235000 -0.825000 -0.499000 9 0
0.195000 -0.825000 -0.494000 11 0
0.291000 -0.795000 -0.488000 11 0
0.252000 -0.811000 -0.490000 8 0
0.218000 -0.837000 -0.502000 7 0
0.178000 -0.833000 -0.497000 11 0
0.279000 -0.821000 -0.498000 8 0
0.238000 -0.832000 -0.499000 6 0
0.199000 -0.839000 -0.501000 7 0
0.159000 -0.832000 -0.495000 11 0
0.260000 -0.829000 -0.497000 8 0
0.219000 -0.840000 -0.500000 6 0
0.180000 -0.842000 -0.500000 6 0
0.142000 -0.845000 -0.502000 7 0
0.242000 -0.841000 -0.499000 8 0
0.200000 -0.846000 -0.499000 6 0
0.161000 -0.845000 -0.499000 6 0
0.000000 -0.000000 -0.000000 0 0
0.222000 -0.847000 -0.498000 8 0
0.181000 -0.851000 -0.498000 6 0
0.140000 -0.840000 -0.495000 6 0
0.000000 -0.000000 -0.000000 0 0
0.203000 -0.855000 -0.498000 8 0
0.162000 -0.857000 -0.499000 6 0
0.000000 -0.000000 -0.000000 0 0
0.000000 -0.000000 -0.000000 0 128
0.184000 -0.867000 -0.500000 8 0
0.138000 -0.837000 -0.485000 2 64
0.000000 -0.000000 -0.000000 0 0
0.000000 -0.000000 -0.000000 0 128
0.164000 -0.874000 -0.500000 8 0
0.000000 -0.000000 -0.000000 0 0
0.000000 -0.000000 -0.000000 0 128
0.000000 -0.000000 -0.000000 0 128
0.000000 -0.000000 -0.000000 0 64
0.000000 -0.000000 -0.000000 0 0
0.000000 -0.000000 -0.000000 0 128
0.000000 -0.000000 -0.000000 0 128
0.000000 -0.000000 -0.000000 0 0
0.000000 -0.000000 -0.000000 0 128
0.000000 -0.000000 -0.000000 0 128
0.000000 -0.000000 -0.000000 0 128
0.000000 -0.000000 -0.000000 0 0
0.000000 -0.000000 -0.000000 0 128
0.000000 -0.000000 -0.000000 0 128
0.000000 -0.000000 -0.000000 0 64
0.000000 -0.000000 -0.000000 0 128
0.000000 -0.000000 -0.000000 0 128
0.000000 -0.000000 -0.000000 0 128
-0.026000 -0.873000 -0.518000 13 0
0.000000 -0.000000 -0.000000 0 128
0.000000 -0.000000 -0.000000 0 128
-0.011000 -0.870000 -0.504000 7 0
-0.046000 -0.887000 -0.527000 11 0
0.000000 -0.000000 -0.000000 0 128
0.000000 -0.000000 -0.000000 0 192
-0.031000 -0.874000 -0.507000 10 0
-0.069000 -0.940000 -0.560000 10 0
0.000000 -0.000000 -0.000000 0 128
-0.018000 -0.885000 -0.499000 4 0
-0.051000 -0.888000 -0.515000 9 0
-0.130000 -1.358000 -0.811000 13 0
0.000000 -0.000000 -0.000000 0 0
-0.039000 -0.905000 -0.509000 7 0
-0.072000 -0.895000 -0.520000 9 0
-0.162000 -1.377000 -0.826000 10 0
-0.025000 -0.925000 -0.505000 8 0
-0.060000 -0.906000 -0.510000 6 0
-0.092000 -0.897000 -0.522000 7 0
-0.191000 -1.371000 -0.825000 48 0
-0.048000 -0.932000 -0.508000 9 0
-0.081000 -0.908000 -0.511000 6 0
-0.201000 -1.605000 -0.937000 6 0
-0.222000 -1.377000 -0.833000 10 0
-0.070000 -0.932000 -0.507000 8 0
-0.188000 -1.665000 -0.938000 3 0
-0.234000 -1.582000 -0.926000 30 0
-0.250000 -1.363000 -0.828000 47 0
-0.191000 -1.922000 -1.045000 12 0
-0.233000 -1.705000 -0.962000 150 0
-0.271000 -1.583000 -0.930000 30 0
-0.282000 -1.369000 -0.837000 11 0
-0.238000 -1.923000 -1.045000 47 0
-0.267000 -1.666000 -0.942000 59 0
-0.302000 -1.558000 -0.918000 50 0
-0.313000 -1.367000 -0.841000 54 0
-0.286000 -1.932000 -1.050000 45 0
-0.301000 -1.639000 -0.928000 26 0
-0.334000 -1.537000 -0.910000 61 0
-0.342000 -1.362000 -0.842000 11 0
-0.335000 -1.941000 -1.056000 46 0
-0.340000 -1.636000 -0.930000 27 0
-0.368000 -1.529000 -0.910000 62 0
-0.374000 -1.362000 -0.848000 49 0
-0.356000 -1.802000 -0.981000 13 1
-0.379000 -1.634000 -0.931000 25 0
-0.416000 -1.574000 -0.942000 26 1
-0.452000 -1.518000 -0.952000 6 2
-0.389000 -1.749000 -0.955000 28 0
-0.401000 -1.561000 -0.894000 6 1
-0.421000 -1.459000 -0.878000 6 0
-0.390000 -1.214000 -0.767000 3 0
-0.339000 -1.367000 -0.748000 3 0
-0.363000 -1.292000 -0.743000 2 0
-0.375000 -1.201000 -0.727000 3 0
-0.390000 -1.132000 -0.722000 0 0
-0.354000 -1.295000 -0.711000 2 0
-0.371000 -1.211000 -0.700000 3 0
-0.385000 -1.141000 -0.696000 0 0
-0.389000 -1.053000 -0.677000 3 0
-0.371000 -1.238000 -0.682000 0 0
-0.384000 -1.157000 -0.673000 0 0
-0.390000 -1.078000 -0.663000 4 0
-0.398000 -1.011000 -0.656000 0 0
0.222000 -0.847000 -0.498000 8 0
0.181000 -0.851000 -0.498000 6 0
0.140000 -0.840000 -0.495000 6 0
0.000000 -0.000000 -0.000000 0 0
0.203000 -0.855000 -0.498000 8 0
0.162000 -0.857000 -0.499000 6 0
0.000000 -0.000000 -0.000000 0 0
0.000000 -0.000000 -0.000000 0 128
0.184000 -0.867000 -0.500000 8 0
0.138000 -0.837000 -0.485000 2 64
0.000000 -0.000000 -0.000000 0 0
0.000000 -0.000000 -0.000000 0 128
0.164000 -0.874000 -0.500000 8 0
0.000000 -0.000000 -0.000000 0 0
0.000000 -0.000000 -0.000000 0 128
0.000000 -0.000000 -0.000000 0 128
0.000000 -0.000000 -0.000000 0 64
0.000000 -0.000000 -0.000000 0 0
0.000000 -0.000000 -0.000000 0 128
0.000000 -0.000000 -0.000000 0 128
0.000000 -0.000000 -0.000000 0 0
0.000000 -0.000000 -0.000000 0 128
0.000000 -0.000000 -0.000000 0 128
0.000000 -0.000000 -0.000000 0 128
0.000000 -0.000000 -0.000000 0 0
0.000000 -0.000000 -0.000000 0 128
0.000000 -0.000000 -0.000000 0 128
0.000000 -0.000000 -0.000000 0 64
0.000000 -0.000000 -0.000000 0 128
0.000000 -0.000000 -0.000000 0 128
0.000000 -0.000000 -0.000000 0 128
-0.026000 -0.873000 -0.518000 13 0
0.000000 -0.000000 -0.000000 0 128
0.000000 -0.000000 -0.000000 0 128
-0.011000 -0.870000 -0.504000 7 0
-0.046000 -0.887000 -0.527000 11 0
0.000000 -0.000000 -0.000000 0 128
0.000000 -0.000000 -0.000000 0 192
-0.031000 -0.874000 -0.507000 10 0
-0.069000 -0.940000 -0.560000 10 0
0.000000 -0.000000 -0.000000 0 128
-0.018000 -0.885000 -0.499000 4 0
-0.051000 -0.888000 -0.515000 9 0
-0.130000 -1.358000 -0.811000 13 0
0.000000 -0.000000 -0.000000 0 0
-0.039000 -0.905000 -0.509000 7 0
-0.072000 -0.895000 -0.520000 9 0
-0.162000 -1.377000 -0.826000 10 0
-0.025000 -0.925000 -0.505000 8 0
-0.060000 -0.906000 -0.510000 6 0
-0.092000 -0.897000 -0.522000 7 0
-0.191000 -1.371000 -0.825000 48 0
-0.048000 -0.932000 -0.508000 9 0
-0.081000 -0.908000 -0.511000 6 0
-0.201000 -1.605000 -0.937000 6 0
-0.222000 -1.377000 -0.833000 10 0
-0.070000 -0.932000 -0.507000 8 0
-0.188000 -1.665000 -0.938000 3 0
-0.234000 -1.582000 -0.926000 30 0
-0.250000 -1.363000 -0.828000 47 0
-0.191000 -1.922000 -1.045000 12 0
-0.233000 -1.705000 -0.962000 150 0
-0.271000 -1.583000 -0.930000 30 0
-0.282000 -1.369000 -0.837000 11 0
-0.238000 -1.923000 -1.045000 47 0
-0.267000 -1.666000 -0.942000 59 0
-0.302000 -1.558000 -0.918000 50 0
-0.313000 -1.367000 -0.841000 54 0
-0.286000 -1.932000 -1.050000 45 0
-0.301000 -1.639000 -0.928000 26 0
-0.334000 -1.537000 -0.910000 61 0
-0.342000 -1.362000 -0.842000 11 0
-0.335000 -1.941000 -1.056000 46 0
-0.340000 -1.636000 -0.930000 27 0
-0.368000 -1.529000 -0.910000 62 0
-0.374000 -1.362000 -0.848000 49 0
-0.356000 -1.802000 -0.981000 13 1
-0.379000 -1.634000 -0.931000 25 0
-0.416000 -1.574000 -0.942000 26 1
-0.452000 -1.518000 -0.952000 6 2
-0.389000 -1.749000 -0.955000 28 0
-0.401000 -1.561000 -0.894000 6 1
-0.421000 -1.459000 -0.878000 6 0
-0.390000 -1.214000 -0.767000 3 0
-0.339000 -1.367000 -0.748000 3 0
-0.363000 -1.292000 -0.743000 2 0
-0.375000 -1.201000 -0.727000 3 0
-0.390000 -1.132000 -0.722000 0 0
-0.354000 -1.295000 -0.711000 2 0
-0.371000 -1.211000 -0.700000 3 0
-0.385000 -1.141000 -0.696000 0 0
-0.389000 -1.053000 -0.677000 3 0
-0.371000 -1.238000 -0.682000 0 0
-0.384000 -1.157000 -0.673000 0 0
-0.390000 -1.078000 -0.663000 4 0
-0.398000 -1.011000 -0.656000 0 0
-0.383000 -1.174000 -0.650000 3 0
-0.392000 -1.096000 -0.642000 5 0
-0.401000 -1.034000 -0.641000 0 0
-0.409000 -0.978000 -0.641000 1 0
-0.397000 -1.126000 -0.627000 0 0
-0.407000 -1.060000 -0.625000 0 0
-0.415000 -1.005000 -0.628000 1 0
-0.428000 -0.964000 -0.638000 0 0
-0.411000 -1.082000 -0.606000 0 0
-0.422000 -1.027000 -0.610000 1 0
-0.427000 -0.971000 -0.613000 1 0
-0.444000 -0.946000 -0.632000 0 0
-0.426000 -1.044000 -0.589000 0 0
-0.436000 -0.996000 -0.597000 1 0
-0.460000 -0.986000 -0.628000 0 0
-0.641000 -1.293000 -0.874000 12 2
-0.440000 -1.009000 -0.574000 1 0
-0.454000 -0.974000 -0.589000 1 0
-0.640000 -1.296000 -0.834000 10 0
-0.652000 -1.248000 -0.853000 59 0
-0.450000 -0.968000 -0.555000 1 0
-0.645000 -1.304000 -0.796000 10 2
-0.648000 -1.242000 -0.808000 52 0
-0.662000 -1.203000 -0.833000 13 0
-0.644000 -1.302000 -0.753000 10 0
-0.650000 -1.242000 -0.767000 44 0
-0.663000 -1.205000 -0.793000 11 0
-0.672000 -1.162000 -0.815000 11 0
-0.652000 -1.242000 -0.726000 48 0
-0.668000 -1.206000 -0.753000 11 0
-0.668000 -1.153000 -0.768000 10 0
-0.681000 -1.123000 -0.798000 12 0
-0.669000 -1.202000 -0.710000 11 0
-0.671000 -1.149000 -0.725000 10 0
-0.680000 -1.116000 -0.753000 10 0
-0.690000 -1.084000 -0.781000 13 0
-0.678000 -1.152000 -0.688000 12 0
-0.686000 -1.114000 -0.712000 10 0
-0.691000 -1.079000 -0.738000 10 0
-0.698000 -1.047000 -0.766000 12 0
-0.687000 -1.106000 -0.668000 12 0
-0.695000 -1.073000 -0.695000 10 0
-0.702000 -1.044000 -0.725000 11 0
-0.707000 -1.013000 -0.752000 12 0
-0.698000 -1.065000 -0.653000 12 0
-0.705000 -1.035000 -0.680000 9 0
-0.711000 -1.009000 -0.711000 11 0
-0.714000 -0.979000 -0.738000 12 0
-0.713000 -1.033000 -0.642000 12 64
-0.716000 -0.999000 -0.667000 10 0
-0.721000 -0.976000 -0.698000 11 0
-0.724000 -0.950000 -0.727000 12 0
-0.721000 -0.992000 -0.626000 12 64
-0.726000 -0.966000 -0.655000 10 0
-0.728000 -0.941000 -0.685000 11 0
-0.731000 -0.919000 -0.716000 12 0
-0.729000 -0.955000 -0.612000 12 64
-0.736000 -0.934000 -0.643000 11 0
-0.740000 -0.914000 -0.677000 12 0
-0.735000 -0.884000 -0.701000 10 0
-0.743000 -0.925000 -0.603000 12 64
-0.748000 -0.905000 -0.634000 11 0
-0.745000 -0.880000 -0.663000 11 0
-0.740000 -0.852000 -0.688000 8 0
-0.752000 -0.892000 -0.592000 11 64
-0.748000 -0.863000 -0.617000 13 0
-0.753000 -0.850000 -0.652000 11 0
-0.749000 -0.826000 -0.680000 3 0
-0.760000 -0.858000 -0.580000 11 0
-0.760000 -0.837000 -0.610000 13 0
-0.758000 -0.818000 -0.640000 9 0
0.000000 -0.000000 -0.000000 0 0
-0.763000 -0.821000 -0.566000 14 64
-0.765000 -0.804000 -0.598000 13 0
-0.764000 -0.790000 -0.631000 7 0
0.000000 -0.000000 -0.000000 0 0
-0.775000 -0.794000 -0.559000 14 64
-0.776000 -0.779000 -0.591000 10 0
-0.771000 -0.762000 -0.622000 1 0
0.000000 -0.000000 -0.000000 0 128
-0.772000 -0.753000 -0.543000 15 64
-0.779000 -0.747000 -0.580000 7 0
0.000000 -0.000000 -0.000000 0 0
0.000000 -0.000000 -0.000000 0 128
-0.785000 -0.730000 -0.539000 14 0
-0.786000 -0.719000 -0.572000 4 0
0.000000 -0.000000 -0.000000 0 0
0.000000 -0.000000 -0.000000 0 0
-0.796000 -0.705000 -0.533000 10 64
0.000000 -0.000000 -0.000000 0 0
0.000000 -0.000000 -0.000000 0 0
-0.794000 -0.680000 -0.638000 7 0
-0.798000 -0.673000 -0.522000 5 64
0.000000 -0.000000 -0.000000 0 0
0.000000 -0.000000 -0.000000 0 0
-0.803000 -0.658000 -0.634000 13 0
-0.383000 -1.174000 -0.650000 3 0
-0.392000 -1.096000 -0.642000 5 0
-0.401000 -1.034000 -0.641000 0 0
-0.409000 -0.978000 -0.641000 1 0
-0.397000 -1.126000 -0.627000 0 0
-0.407000 -1.060000 -0.625000 0 0
-0.415000 -1.005000 -0.628000 1 0
-0.428000 -0.964000 -0.638000 0 0
-0.411000 -1.082000 -0.606000 0 0
-0.422000 -1.027000 -0.610000 1 0
-0.427000 -0.971000 -0.613000 1 0
-0.444000 -0.946000 -0.632000 0 0
-0.426000 -1.044000 -0.589000 0 0
-0.436000 -0.996000 -0.597000 1 0
-0.460000 -0.986000 -0.628000 0 0
-0.641000 -1.293000 -0.874000 12 2
-0.440000 -1.009000 -0.574000 1 0
-0.454000 -0.974000 -0.589000 1 0
-0.640000 -1.296000 -0.834000 10 0
-0.652000 -1.248000 -0.853000 59 0
-0.450000 -0.968000 -0.555000 1 0
-0.645000 -1.304000 -0.796000 10 2
-0.648000 -1.242000 -0.808000 52 0
-0.662000 -1.203000 -0.833000 13 0
-0.644000 -1.302000 -0.753000 10 0
-0.650000 -1.242000 -0.767000 44 0
-0.663000 -1.205000 -0.793000 11 0
-0.672000 -1.162000 -0.815000 11 0
-0.652000 -1.242000 -0.726000 48 0
-0.668000 -1.206000 -0.753000 11 0
-0.668000 -1.153000 -0.768000 10 0
-0.681000 -1.123000 -0.798000 12 0
-0.669000 -1.202000 -0.710000 11 0
-0.671000 -1.149000 -0.725000 10 0
-0.680000 -1.116000 -0.753000 10 0
-0.690000 -1.084000 -0.781000 13 0
-0.678000 -1.152000 -0.688000 12 0
-0.686000 -1.114000 -0.712000 10 0
-0.691000 -1.079000 -0.738000 10 0
-0.698000 -1.047000 -0.766000 12 0
-0.687000 -1.106000 -0.668000 12 0
-0.695000 -1.073000 -0.695000 10 0
-0.702000 -1.044000 -0.725000 11 0
-0.707000 -1.013000 -0.752000 12 0
-0.698000 -1.065000 -0.653000 12 0
-0.705000 -1.035000 -0.680000 9 0
-0.711000 -1.009000 -0.711000 11 0
-0.714000 -0.979000 -0.738000 12 0
-0.713000 -1.033000 -0.642000 12 64
-0.716000 -0.999000 -0.667000 10 0
-0.721000 -0.976000 -0.698000 11 0
-0.724000 -0.950000 -0.727000 12 0
-0.721000 -0.992000 -0.626000 12 64
-0.726000 -0.966000 -0.655000 10 0
-0.728000 -0.941000 -0.685000 11 0
-0.731000 -0.919000 -0.716000 12 0
-0.729000 -0.955000 -0.612000 12 64
-0.736000 -0.934000 -0.643000 11 0
-0.740000 -0.914000 -0.677000 12 0
-0.735000 -0.884000 -0.701000 10 0
-0.743000 -0.925000 -0.603000 12 64
-0.748000 -0.905000 -0.634000 11 0
-0.745000 -0.880000 -0.663000 11 0
-0.740000 -0.852000 -0.688000 8 0
-0.752000 -0.892000 -0.592000 11 64
-0.748000 -0.863000 -0.617000 13 0
-0.753000 -0.850000 -0.652000 11 0
-0.749000 -0.826000 -0.680000 3 0
-0.760000 -0.858000 -0.580000 11 0
-0.760000 -0.837000 -0.610000 13 0
-0.758000 -0.818000 -0.640000 9 0
0.000000 -0.000000 -0.000000 0 0
-0.763000 -0.821000 -0.566000 14 64
-0.765000 -0.804000 -0.598000 13 0
-0.764000 -0.790000 -0.631000 7 0
0.000000 -0.000000 -0.000000 0 0
-0.775000 -0.794000 -0.559000 14 64
-0.776000 -0.779000 -0.591000 10 0
-0.771000 -0.762000 -0.622000 1 0
0.000000 -0.000000 -0.000000 0 128
-0.772000 -0.753000 -0.543000 15 64
-0.779000 -0.747000 -0.580000 7 0
0.000000 -0.000000 -0.000000 0 0
0.000000 -0.000000 -0.000000 0 128
-0.785000 -0.730000 -0.539000 14 0
-0.786000 -0.719000 -0.572000 4 0
0.000000 -0.000000 -0.000000 0 0
0.000000 -0.000000 -0.000000 0 0
-0.796000 -0.705000 -0.533000 10 64
0.000000 -0.000000 -0.000000 0 0
0.000000 -0.000000 -0.000000 0 0
-0.794000 -0.680000 -0.638000 7 0
-0.798000 -0.673000 -0.522000 5 64
0.000000 -0.000000 -0.000000 0 0
0.000000 -0.000000 -0.000000 0 0
-0.803000 -0.658000 -0.634000 13 0
0.000000 -0.000000 -0.000000 0 0
0.000000 -0.000000 -0.000000 0 0
-0.802000 -0.634000 -0.585000 6 0
-0.799000 -0.628000 -0.621000 14 0
0.000000 -0.000000 -0.000000 0 0
0.000000 -0.000000 -0.000000 0 0
-0.809000 -0.611000 -0.579000 12 0
-0.807000 -0.607000 -0.616000 14 0
0.000000 -0.000000 -0.000000 0 128
-0.816000 -0.589000 -0.537000 6 0
-0.816000 -0.589000 -0.575000 13 0
-0.809000 -0.582000 -0.608000 14 0
0.000000 -0.000000 -0.000000 0 128
-0.830000 -0.570000 -0.537000 8 0
-0.819000 -0.563000 -0.568000 13 0
-0.816000 -0.561000 -0.604000 14 0
0.000000 -0.000000 -0.000000 0 0
-0.830000 -0.542000 -0.528000 13 0
-0.827000 -0.542000 -0.565000 13 0
-0.824000 -0.541000 -0.601000 14 0
-0.836000 -0.520000 -0.488000 1 64
-0.835000 -0.519000 -0.523000 12 0
-0.830000 -0.518000 -0.558000 13 0
-0.828000 -0.520000 -0.596000 14 0
-0.837000 -0.493000 -0.481000 0 64
-0.844000 -0.497000 -0.521000 12 0
-0.840000 -0.499000 -0.556000 13 0
-0.837000 -0.501000 -0.594000 14 0
0.000000 -0.000000 -0.000000 0 0
-0.851000 -0.475000 -0.518000 12 0
-0.843000 -0.476000 -0.551000 13 0
-0.835000 -0.476000 -0.585000 14 0
0.000000 -0.000000 -0.000000 0 0
-0.849000 -0.449000 -0.510000 10 0
-0.851000 -0.456000 -0.549000 13 0
-0.846000 -0.459000 -0.586000 15 0
0.000000 -0.000000 -0.000000 0 128
-0.858000 -0.428000 -0.508000 8 0
-0.851000 -0.432000 -0.543000 13 0
-0.854000 -0.440000 -0.584000 20 0
0.000000 -0.000000 -0.000000 0 192
-0.864000 -0.407000 -0.506000 0 0
-0.848000 -0.407000 -0.534000 12 0
-0.859000 -0.420000 -0.581000 16 0
0.000000 -0.000000 -0.000000 0 0
0.000000 -0.000000 -0.000000 0 0
-0.863000 -0.391000 -0.537000 10 0
-0.860000 -0.398000 -0.575000 15 0
0.000000 -0.000000 -0.000000 0 128
0.000000 -0.000000 -0.000000 0 0
-0.867000 -0.370000 -0.534000 8 0
-0.865000 -0.378000 -0.573000 16 0
0.000000 -0.000000 -0.000000 0 0
0.000000 -0.000000 -0.000000 0 128
0.000000 -0.000000 -0.000000 0 0
-0.872000 -0.360000 -0.572000 5 0
0.000000 -0.000000 -0.000000 0 0
0.000000 -0.000000 -0.000000 0 128
0.000000 -0.000000 -0.000000 0 0
0.000000 -0.000000 -0.000000 0 0
0.000000 -0.000000 -0.000000 0 0
0.000000 -0.000000 -0.000000 0 128
0.000000 -0.000000 -0.000000 0 128
0.000000 -0.000000 -0.000000 0 0
0.000000 -0.000000 -0.000000 0 0
-0.878000 -0.273000 -0.485000 2 0
0.000000 -0.000000 -0.000000 0 128
0.000000 -0.000000 -0.000000 0 128
-0.911000 -0.250000 -0.463000 20 64
-0.903000 -0.258000 -0.494000 14 0
0.000000 -0.000000 -0.000000 0 0
0.000000 -0.000000 -0.000000 0 192
-0.919000 -0.229000 -0.464000 23 0
-0.909000 -0.237000 -0.494000 14 0
-0.900000 -0.249000 -0.527000 10 0
0.000000 -0.000000 -0.000000 0 192
-0.924000 -0.207000 -0.464000 24 0
-0.912000 -0.216000 -0.493000 14 0
-0.904000 -0.229000 -0.525000 13 0
0.000000 -0.000000 -0.000000 0 128
-0.926000 -0.184000 -0.462000 22 0
-0.923000 -0.196000 -0.496000 14 0
-0.912000 -0.209000 -0.526000 14 0
0.000000 -0.000000 -0.000000 0 0
-0.934000 -0.162000 -0.464000 24 0
-0.928000 -0.175000 -0.496000 14 0
-0.915000 -0.189000 -0.525000 14 0
-0.899000 -0.203000 -0.554000 15 0
-0.937000 -0.140000 -0.463000 23 0
-0.927000 -0.153000 -0.493000 14 0
-0.921000 -0.169000 -0.526000 14 0
-0.918000 -0.186000 -0.562000 20 0
-0.942000 -0.118000 -0.464000 19 0
-0.938000 -0.132000 -0.496000 14 0
-0.930000 -0.149000 -0.528000 14 0
-0.920000 -0.167000 -0.560000 20 0
0.000000 -0.000000 -0.000000 0 0
0.000000 -0.000000 -0.000000 0 0
-0.802000 -0.634000 -0.585000 6 0
-0.799000 -0.628000 -0.621000 14 0
0.000000 -0.000000 -0.000000 0 0
0.000000 -0.000000 -0.000000 0 0
-0.809000 -0.611000 -0.579000 12 0
-0.807000 -0.607000 -0.616000 14 0
0.000000 -0.000000 -0.000000 0 128
-0.816000 -0.589000 -0.537000 6 0
-0.816000 -0.589000 -0.575000 13 0
-0.809000 -0.582000 -0.608000 14 0
0.000000 -0.000000 -0.000000 0 128
-0.830000 -0.570000 -0.537000 8 0
-0.819000 -0.563000 -0.568000 13 0
-0.816000 -0.561000 -0.604000 14 0
0.000000 -0.000000 -0.000000 0 0
-0.830000 -0.542000 -0.528000 13 0
-0.827000 -0.542000 -0.565000 13 0
-0.824000 -0.541000 -0.601000 14 0
-0.836000 -0.520000 -0.488000 1 64
-0.835000 -0.519000 -0.523000 12 0
-0.830000 -0.518000 -0.558000 13 0
-0.828000 -0.520000 -0.596000 14 0
-0.837000 -0.493000 -0.481000 0 64
-0.844000 -0.497000 -0.521000 12 0
-0.840000 -0.499000 -0.556000 13 0
-0.837000 -0.501000 -0.594000 14 0
0.000000 -0.000000 -0.000000 0 0
-0.851000 -0.475000 -0.518000 12 0
-0.843000 -0.476000 -0.551000 13 0
-0.835000 -0.476000 -0.585000 14 0
0.000000 -0.000000 -0.000000 0 0
-0.849000 -0.449000 -0.510000 10 0
-0.851000 -0.456000 -0.549000 13 0
-0.846000 -0.459000 -0.586000 15 0
0.000000 -0.000000 -0.000000 0 128
-0.858000 -0.428000 -0.508000 8 0
-0.851000 -0.432000 -0.543000 13 0
-0.854000 -0.440000 -0.584000 20 0
0.000000 -0.000000 -0.000000 0 192
-0.864000 -0.407000 -0.506000 0 0
-0.848000 -0.407000 -0.534000 12 0
-0.859000 -0.420000 -0.581000 16 0
0.000000 -0.000000 -0.000000 0 0
0.000000 -0.000000 -0.000000 0 0
-0.863000 -0.391000 -0.537000 10 0
-0.860000 -0.398000 -0.575000 15 0
0.000000 -0.000000 -0.000000 0 128
0.000000 -0.000000 -0.000000 0 0
-0.867000 -0.370000 -0.534000 8 0
-0.865000 -0.378000 -0.573000 16 0
0.000000 -0.000000 -0.000000 0 0
0.000000 -0.000000 -0.000000 0 128
0.000000 -0.000000 -0.000000 0 0
-0.872000 -0.360000 -0.572000 5 0
0.000000 -0.000000 -0.000000 0 0
0.000000 -0.000000 -0.000000 0 128
0.000000 -0.000000 -0.000000 0 0
0.000000 -0.000000 -0.000000 0 0
0.000000 -0.000000 -0.000000 0 0
0.000000 -0.000000 -0.000000 0 128
0.000000 -0.000000 -0.000000 0 128
0.000000 -0.000000 -0.000000 0 0
0.000000 -0.000000 -0.000000 0 0
-0.878000 -0.273000 -0.485000 2 0
0.000000 -0.000000 -0.000000 0 128
0.000000 -0.000000 -0.000000 0 128
-0.911000 -0.250000 -0.463000 20 64
-0.903000 -0.258000 -0.494000 14 0
0.000000 -0.000000 -0.000000 0 0
0.000000 -0.000000 -0.000000 0 192
-0.919000 -0.229000 -0.464000 23 0
-0.909000 -0.237000 -0.494000 14 0
-0.900000 -0.249000 -0.527000 10 0
0.000000 -0.000000 -0.000000 0 192
-0.924000 -0.207000 -0.464000 24 0
-0.912000 -0.216000 -0.493000 14 0
-0.904000 -0.229000 -0.525000 13 0
0.000000 -0.000000 -0.000000 0 128
-0.926000 -0.184000 -0.462000 22 0
-0.923000 -0.196000 -0.496000 14 0
-0.912000 -0.209000 -0.526000 14 0
0.000000 -0.000000 -0.000000 0 0
-0.934000 -0.162000 -0.464000 24 0
-0.928000 -0.175000 -0.496000 14 0
-0.915000 -0.189000 -0.525000 14 0
-0.899000 -0.203000 -0.554000 15 0
-0.937000 -0.140000 -0.463000 23 0
-0.927000 -0.153000 -0.493000 14 0
-0.921000 -0.169000 -0.526000 14 0
-0.918000 -0.186000 -0.562000 20 0
-0.942000 -0.118000 -0.464000 19 0
-0.938000 -0.132000 -0.496000 14 0
-0.930000 -0.149000 -0.528000 14 0
-0.920000 -0.167000 -0.560000 20 0
