# x y z reflectivity tag
0.000000 -0.000000 -0.000000 0 0
0.000000 -0.000000 -0.000000 0 0
0.000000 -0.000000 -0.000000 0 0
0.000000 -0.000000 -0.000000 0 0
0.000000 -0.000000 -0.000000 0 0
0.000000 -0.000000 -0.000000 0 0
0.000000 -0.000000 -0.000000 0 0
0.000000 -0.000000 -0.000000 0 0
0.000000 -0.000000 -0.000000 0 0
0.000000 -0.000000 -0.000000 0 0
0.000000 -0.000000 -0.000000 0 0
0.000000 -0.000000 -0.000000 0 0
0.000000 -0.000000 -0.000000 0 0
0.000000 -0.000000 -0.000000 0 0
0.000000 -0.000000 -0.000000 0 0
0.000000 -0.000000 -0.000000 0 0
0.000000 -0.000000 -0.000000 0 0
0.000000 -0.000000 -0.000000 0 0
0.000000 -0.000000 -0.000000 0 0
0.000000 -0.000000 -0.000000 0 0
0.000000 -0.000000 -0.000000 0 0
0.000000 -0.000000 -0.000000 0 0
0.000000 -0.000000 -0.000000 0 0
0.000000 -0.000000 -0.000000 0 0
0.000000 -0.000000 -0.000000 0 0
0.000000 -0.000000 -0.000000 0 0
0.000000 -0.000000 -0.000000 0 0
0.000000 -0.000000 -0.000000 0 0
0.000000 -0.000000 -0.000000 0 0
0.000000 -0.000000 -0.000000 0 0
0.000000 -0.000000 -0.000000 0 0
0.000000 -0.000000 -0.000000 0 0
0.000000 -0.000000 -0.000000 0 0
0.000000 -0.000000 -0.000000 0 0
0.000000 -0.000000 -0.000000 0 0
0.000000 -0.000000 -0.000000 0 0
0.000000 -0.000000 -0.000000 0 0
0.000000 -0.000000 -0.000000 0 0
0.000000 -0.000000 -0.000000 0 0
0.000000 -0.000000 -0.000000 0 0
0.000000 -0.000000 -0.000000 0 0
0.000000 -0.000000 -0.000000 0 0
0.000000 -0.000000 -0.000000 0 0
0.000000 -0.000000 -0.000000 0 0
0.000000 -0.000000 -0.000000 0 0
0.000000 -0.000000 -0.000000 0 0
0.000000 -0.000000 -0.000000 0 0
0.000000 -0.000000 -0.000000 0 0
0.000000 -0.000000 -0.000000 0 0
0.000000 -0.000000 -0.000000 0 0
0.000000 -0.000000 -0.000000 0 0
0.000000 -0.000000 -0.000000 0 128
0.000000 -0.000000 -0.000000 0 0
0.000000 -0.000000 -0.000000 0 0
0.000000 -0.000000 -0.000000 0 0
0.000000 -0.000000 -0.000000 0 0
0.000000 -0.000000 -0.000000 0 0
0.000000 -0.000000 -0.000000 0 0
0.000000 -0.000000 -0.000000 0 0
0.000000 -0.000000 -0.000000 0 128
0.000000 -0.000000 -0.000000 0 0
0.000000 -0.000000 -0.000000 0 0
0.000000 -0.000000 -0.000000 0 0
0.000000 -0.000000 -0.000000 0 128
0.000000 -0.000000 -0.000000 0 0
0.000000 -0.000000 -0.000000 0 0
0.000000 -0.000000 -0.000000 0 0
0.000000 -0.000000 -0.000000 0 128
0.000000 -0.000000 -0.000000 0 0
0.000000 -0.000000 -0.000000 0 0
0.000000 -0.000000 -0.000000 0 0
0.000000 -0.000000 -0.000000 0 0
0.000000 -0.000000 -0.000000 0 0
0.000000 -0.000000 -0.000000 0 0
0.000000 -0.000000 -0.000000 0 0
0.000000 -0.000000 -0.000000 0 128
0.000000 -0.000000 -0.000000 0 0
0.000000 -0.000000 -0.000000 0 0
0.000000 -0.000000 -0.000000 0 0
0.000000 -0.000000 -0.000000 0 128
0.000000 -0.000000 -0.000000 0 0
0.000000 -0.000000 -0.000000 0 0
0.000000 -0.000000 -0.000000 0 0
0.000000 -0.000000 -0.000000 0 128
0.000000 -0.000000 -0.000000 0 0
0.000000 -0.000000 -0.000000 0 0
0.000000 -0.000000 -0.000000 0 0
0.000000 -0.000000 -0.000000 0 0
0.000000 -0.000000 -0.000000 0 0
0.000000 -0.000000 -0.000000 0 0
0.000000 -0.000000 -0.000000 0 0
0.000000 -0.000000 -0.000000 0 128
0.000000 -0.000000 -0.000000 0 0
0.000000 -0.000000 -0.000000 0 0
0.000000 -0.000000 -0.000000 0 128
0.000000 -0.000000 -0.000000 0 128
0.000000 -0.000000 -0.000000 0 0
0.000000 -0.000000 -0.000000 0 0
0.000000 -0.000000 -0.000000 0 0
0.000000 -0.000000 -0.000000 0 0
0.000000 -0.000000 -0.000000 0 0
0.000000 -0.000000 -0.000000 0 0
0.000000 -0.000000 -0.000000 0 0
0.000000 -0.000000 -0.000000 0 0
0.000000 -0.000000 -0.000000 0 0
0.000000 -0.000000 -0.000000 0 0
0.000000 -0.000000 -0.000000 0 0
0.000000 -0.000000 -0.000000 0 0
0.000000 -0.000000 -0.000000 0 0
0.000000 -0.000000 -0.000000 0 0
0.000000 -0.000000 -0.000000 0 0
0.000000 -0.000000 -0.000000 0 0
0.000000 -0.000000 -0.000000 0 0
0.000000 -0.000000 -0.000000 0 0
0.000000 -0.000000 -0.000000 0 0
0.000000 -0.000000 -0.000000 0 0
0.000000 -0.000000 -0.000000 0 0
0.000000 -0.000000 -0.000000 0 0
0.000000 -0.000000 -0.000000 0 0
0.000000 -0.000000 -0.000000 0 0
0.000000 -0.000000 -0.000000 0 0
0.000000 -0.000000 -0.000000 0 0
0.000000 -0.000000 -0.000000 0 0
0.000000 -0.000000 -0.000000 0 0
0.000000 -0.000000 -0.000000 0 0
0.000000 -0.000000 -0.000000 0 0
0.000000 -0.000000 -0.000000 0 0
0.000000 -0.000000 -0.000000 0 0
0.000000 -0.000000 -0.000000 0 0
0.000000 -0.000000 -0.000000 0 0
0.000000 -0.000000 -0.000000 0 0
0.000000 -0.000000 -0.000000 0 0
0.000000 -0.000000 -0.000000 0 0
0.000000 -0.000000 -0.000000 0 0
0.000000 -0.000000 -0.000000 0 0
0.000000 -0.000000 -0.000000 0 0
0.000000 -0.000000 -0.000000 0 0
0.000000 -0.000000 -0.000000 0 0
0.000000 -0.000000 -0.000000 0 0
0.000000 -0.000000 -0.000000 0 0
0.000000 -0.000000 -0.000000 0 0
0.000000 -0.000000 -0.000000 0 0
0.000000 -0.000000 -0.000000 0 0
0.000000 -0.000000 -0.000000 0 0
0.000000 -0.000000 -0.000000 0 0
0.000000 -0.000000 -0.000000 0 0
0.000000 -0.000000 -0.000000 0 0
0.000000 -0.000000 -0.000000 0 128
0.000000 -0.000000 -0.000000 0 0
0.000000 -0.000000 -0.000000 0 0
0.000000 -0.000000 -0.000000 0 0
0.000000 -0.000000 -0.000000 0 0
0.000000 -0.000000 -0.000000 0 0
0.000000 -0.000000 -0.000000 0 0
0.000000 -0.000000 -0.000000 0 0
0.000000 -0.000000 -0.000000 0 128
0.000000 -0.000000 -0.000000 0 0
0.000000 -0.000000 -0.000000 0 0
0.000000 -0.000000 -0.000000 0 0
0.000000 -0.000000 -0.000000 0 128
0.000000 -0.000000 -0.000000 0 0
0.000000 -0.000000 -0.000000 0 0
0.000000 -0.000000 -0.000000 0 0
0.000000 -0.000000 -0.000000 0 128
0.000000 -0.000000 -0.000000 0 0
0.000000 -0.000000 -0.000000 0 0
0.000000 -0.000000 -0.000000 0 0
0.000000 -0.000000 -0.000000 0 0
0.000000 -0.000000 -0.000000 0 0
0.000000 -0.000000 -0.000000 0 0
0.000000 -0.000000 -0.000000 0 0
0.000000 -0.000000 -0.000000 0 128
0.000000 -0.000000 -0.000000 0 0
0.000000 -0.000000 -0.000000 0 0
0.000000 -0.000000 -0.000000 0 0
0.000000 -0.000000 -0.000000 0 128
0.000000 -0.000000 -0.000000 0 0
0.000000 -0.000000 -0.000000 0 0
0.000000 -0.000000 -0.000000 0 0
0.000000 -0.000000 -0.000000 0 128
0.000000 -0.000000 -0.000000 0 0
0.000000 -0.000000 -0.000000 0 0
0.000000 -0.000000 -0.000000 0 0
0.000000 -0.000000 -0.000000 0 0
0.000000 -0.000000 -0.000000 0 0
0.000000 -0.000000 -0.000000 0 0
0.000000 -0.000000 -0.000000 0 0
0.000000 -0.000000 -0.000000 0 128
0.000000 -0.000000 -0.000000 0 0
0.000000 -0.000000 -0.000000 0 0
0.000000 -0.000000 -0.000000 0 128
0.000000 -0.000000 -0.000000 0 128
0.000000 -0.000000 -0.000000 0 0
0.000000 -0.000000 -0.000000 0 0
0.000000 -0.000000 -0.000000 0 128
0.000000 -0.000000 -0.000000 0 128
0.000000 -0.000000 -0.000000 0 0
0.000000 -0.000000 -0.000000 0 0
0.000000 -0.000000 -0.000000 0 128
0.000000 -0.000000 -0.000000 0 128
0.000000 -0.000000 -0.000000 0 0
0.000000 -0.000000 -0.000000 0 0
0.000000 -0.000000 -0.000000 0 128
0.000000 -0.000000 -0.000000 0 128
0.000000 -0.000000 -0.000000 0 0
0.000000 -0.000000 -0.000000 0 0
0.000000 -0.000000 -0.000000 0 0
0.000000 -0.000000 -0.000000 0 128
0.000000 -0.000000 -0.000000 0 0
0.000000 -0.000000 -0.000000 0 0
0.000000 -0.000000 -0.000000 0 0
0.000000 -0.000000 -0.000000 0 128
0.000000 -0.000000 -0.000000 0 0
0.000000 -0.000000 -0.000000 0 0
0.000000 -0.000000 -0.000000 0 0
0.000000 -0.000000 -0.000000 0 128
0.000000 -0.000000 -0.000000 0 0
0.000000 -0.000000 -0.000000 0 0
0.000000 -0.000000 -0.000000 0 0
0.000000 -0.000000 -0.000000 0 128
0.000000 -0.000000 -0.000000 0 0
0.000000 -0.000000 -0.000000 0 0
0.000000 -0.000000 -0.000000 0 0
0.000000 -0.000000 -0.000000 0 0
0.000000 -0.000000 -0.000000 0 0
0.000000 -0.000000 -0.000000 0 0
0.000000 -0.000000 -0.000000 0 0
0.000000 -0.000000 -0.000000 0 0
0.000000 -0.000000 -0.000000 0 0
0.000000 -0.000000 -0.000000 0 0
0.000000 -0.000000 -0.000000 0 0
0.000000 -0.000000 -0.000000 0 0
0.000000 -0.000000 -0.000000 0 0
0.000000 -0.000000 -0.000000 0 0
0.000000 -0.000000 -0.000000 0 0
0.000000 -0.000000 -0.000000 0 0
0.000000 -0.000000 -0.000000 0 0
0.000000 -0.000000 -0.000000 0 0
0.000000 -0.000000 -0.000000 0 0
0.000000 -0.000000 -0.000000 0 0
0.000000 -0.000000 -0.000000 0 0
0.000000 -0.000000 -0.000000 0 0
0.000000 -0.000000 -0.000000 0 0
0.000000 -0.000000 -0.000000 0 0
0.000000 -0.000000 -0.000000 0 0
0.000000 -0.000000 -0.000000 0 0
0.000000 -0.000000 -0.000000 0 0
0.000000 -0.000000 -0.000000 0 0
0.000000 -0.000000 -0.000000 0 0
0.000000 -0.000000 -0.000000 0 0
0.000000 -0.000000 -0.000000 0 0
0.000000 -0.000000 -0.000000 0 0
0.000000 -0.000000 -0.000000 0 0
0.000000 -0.000000 -0.000000 0 0
0.000000 -0.000000 -0.000000 0 0
0.000000 -0.000000 -0.000000 0 0
0.000000 -0.000000 -0.000000 0 0
0.000000 -0.000000 -0.000000 0 0
0.000000 -0.000000 -0.000000 0 0
0.000000 -0.000000 -0.000000 0 0
0.000000 -0.000000 -0.000000 0 0
0.000000 -0.000000 -0.000000 0 0
0.000000 -0.000000 -0.000000 0 0
0.000000 -0.000000 -0.000000 0 0
0.000000 -0.000000 -0.000000 0 0
0.000000 -0.000000 -0.000000 0 0
0.000000 -0.000000 -0.000000 0 0
0.000000 -0.000000 -0.000000 0 0
0.000000 -0.000000 -0.000000 0 0
0.000000 -0.000000 -0.000000 0 0
0.000000 -0.000000 -0.000000 0 0
0.000000 -0.000000 -0.000000 0 0
0.000000 -0.000000 -0.000000 0 0
0.000000 -0.000000 -0.000000 0 0
0.000000 -0.000000 -0.000000 0 0
0.000000 -0.000000 -0.000000 0 0
0.000000 -0.000000 -0.000000 0 0
0.000000 -0.000000 -0.000000 0 0
0.000000 -0.000000 -0.000000 0 0
0.000000 -0.000000 -0.000000 0 0
0.000000 -0.000000 -0.000000 0 0
0.000000 -0.000000 -0.000000 0 0
0.000000 -0.000000 -0.000000 0 0
0.000000 -0.000000 -0.000000 0 0
0.000000 -0.000000 -0.000000 0 0
0.000000 -0.000000 -0.000000 0 0
0.000000 -0.000000 -0.000000 0 0
0.000000 -0.000000 -0.000000 0 0
0.000000 -0.000000 -0.000000 0 0
0.000000 -0.000000 -0.000000 0 0
0.000000 -0.000000 -0.000000 0 128
0.000000 -0.000000 -0.000000 0 128
0.000000 -0.000000 -0.000000 0 0
0.000000 -0.000000 -0.000000 0 0
0.000000 -0.000000 -0.000000 0 128
0.000000 -0.000000 -0.000000 0 128
0.000000 -0.000000 -0.000000 0 0
0.000000 -0.000000 -0.000000 0 0
0.000000 -0.000000 -0.000000 0 128
0.000000 -0.000000 -0.000000 0 128
0.000000 -0.000000 -0.000000 0 0
0.000000 -0.000000 -0.000000 0 0
0.000000 -0.000000 -0.000000 0 0
0.000000 -0.000000 -0.000000 0 128
0.000000 -0.000000 -0.000000 0 0
0.000000 -0.000000 -0.000000 0 0
0.000000 -0.000000 -0.000000 0 0
0.000000 -0.000000 -0.000000 0 128
0.000000 -0.000000 -0.000000 0 0
0.000000 -0.000000 -0.000000 0 0
0.000000 -0.000000 -0.000000 0 0
0.000000 -0.000000 -0.000000 0 128
0.000000 -0.000000 -0.000000 0 0
0.000000 -0.000000 -0.000000 0 0
0.000000 -0.000000 -0.000000 0 0
0.000000 -0.000000 -0.000000 0 128
0.000000 -0.000000 -0.000000 0 0
0.000000 -0.000000 -0.000000 0 0
0.000000 -0.000000 -0.000000 0 0
0.000000 -0.000000 -0.000000 0 0
0.000000 -0.000000 -0.000000 0 0
0.000000 -0.000000 -0.000000 0 0
0.000000 -0.000000 -0.000000 0 0
0.000000 -0.000000 -0.000000 0 0
0.000000 -0.000000 -0.000000 0 0
0.000000 -0.000000 -0.000000 0 0
0.000000 -0.000000 -0.000000 0 0
0.000000 -0.000000 -0.000000 0 0
0.000000 -0.000000 -0.000000 0 0
0.000000 -0.000000 -0.000000 0 0
0.000000 -0.000000 -0.000000 0 0
0.000000 -0.000000 -0.000000 0 0
0.000000 -0.000000 -0.000000 0 0
0.000000 -0.000000 -0.000000 0 0
0.000000 -0.000000 -0.000000 0 0
0.000000 -0.000000 -0.000000 0 0
0.000000 -0.000000 -0.000000 0 0
0.000000 -0.000000 -0.000000 0 0
0.000000 -0.000000 -0.000000 0 0
0.000000 -0.000000 -0.000000 0 0
0.000000 -0.000000 -0.000000 0 0
0.000000 -0.000000 -0.000000 0 0
0.000000 -0.000000 -0.000000 0 0
0.000000 -0.000000 -0.000000 0 0
0.000000 -0.000000 -0.000000 0 0
0.000000 -0.000000 -0.000000 0 0
0.000000 -0.000000 -0.000000 0 0
0.000000 -0.000000 -0.000000 0 0
0.000000 -0.000000 -0.000000 0 0
0.000000 -0.000000 -0.000000 0 0
0.000000 -0.000000 -0.000000 0 0
0.000000 -0.000000 -0.000000 0 0
0.000000 -0.000000 -0.000000 0 0
0.000000 -0.000000 -0.000000 0 0
0.000000 -0.000000 -0.000000 0 0
0.000000 -0.000000 -0.000000 0 0
0.000000 -0.000000 -0.000000 0 0
0.000000 -0.000000 -0.000000 0 0
0.000000 -0.000000 -0.000000 0 0
0.000000 -0.000000 -0.000000 0 0
0.000000 -0.000000 -0.000000 0 0
0.000000 -0.000000 -0.000000 0 0
0.000000 -0.000000 -0.000000 0 0
0.000000 -0.000000 -0.000000 0 0
0.000000 -0.000000 -0.000000 0 0
0.000000 -0.000000 -0.000000 0 0
0.000000 -0.000000 -0.000000 0 0
0.000000 -0.000000 -0.000000 0 0
0.000000 -0.000000 -0.000000 0 0
0.000000 -0.000000 -0.000000 0 0
0.000000 -0.000000 -0.000000 0 0
0.000000 -0.000000 -0.000000 0 0
0.000000 -0.000000 -0.000000 0 0
0.000000 -0.000000 -0.000000 0 0
0.000000 -0.000000 -0.000000 0 0
0.000000 -0.000000 -0.000000 0 0
0.000000 -0.000000 -0.000000 0 0
0.000000 -0.000000 -0.000000 0 0
0.000000 -0.000000 -0.000000 0 0
0.000000 -0.000000 -0.000000 0 0
0.000000 -0.000000 -0.000000 0 0
0.000000 -0.000000 -0.000000 0 0
0.000000 -0.000000 -0.000000 0 0
0.000000 -0.000000 -0.000000 0 0
0.000000 -0.000000 -0.000000 0 0
0.000000 -0.000000 -0.000000 0 0
0.000000 -0.000000 -0.000000 0 0
0.000000 -0.000000 -0.000000 0 0
0.000000 -0.000000 -0.000000 0 0
0.000000 -0.000000 -0.000000 0 0
0.000000 -0.000000 -0.000000 0 0
0.000000 -0.000000 -0.000000 0 0
0.000000 -0.000000 -0.000000 0 0
0.000000 -0.000000 -0.000000 0 0
0.000000 -0.000000 -0.000000 0 0
0.000000 -0.000000 -0.000000 0 0
0.000000 -0.000000 -0.000000 0 0
0.000000 -0.000000 -0.000000 0 0
0.000000 -0.000000 -0.000000 0 0
0.000000 -0.000000 -0.000000 0 0
0.000000 -0.000000 -0.000000 0 0
0.000000 -0.000000 -0.000000 0 0
0.000000 -0.000000 -0.000000 0 0
0.000000 -0.000000 -0.000000 0 0
0.000000 -0.000000 -0.000000 0 0
0.000000 -0.000000 -0.000000 0 0
0.000000 -0.000000 -0.000000 0 0
0.000000 -0.000000 -0.000000 0 0
0.000000 -0.000000 -0.000000 0 0
0.000000 -0.000000 -0.000000 0 0
0.000000 -0.000000 -0.000000 0 0
0.000000 -0.000000 -0.000000 0 128
0.000000 -0.000000 -0.000000 0 0
0.000000 -0.000000 -0.000000 0 0
0.000000 -0.000000 -0.000000 0 0
0.000000 -0.000000 -0.000000 0 0
0.000000 -0.000000 -0.000000 0 0
0.000000 -0.000000 -0.000000 0 0
0.000000 -0.000000 -0.000000 0 0
0.000000 -0.000000 -0.000000 0 128
0.000000 -0.000000 -0.000000 0 0
0.000000 -0.000000 -0.000000 0 0
0.000000 -0.000000 -0.000000 0 128
0.000000 -0.000000 -0.000000 0 128
0.000000 -0.000000 -0.000000 0 128
0.000000 -0.000000 -0.000000 0 128
0.000000 -0.000000 -0.000000 0 128
0.000000 -0.000000 -0.000000 0 128
0.000000 -0.000000 -0.000000 0 128
0.000000 -0.000000 -0.000000 0 128
0.000000 -0.000000 -0.000000 0 0
0.000000 -0.000000 -0.000000 0 128
0.000000 -0.000000 -0.000000 0 192
0.000000 -0.000000 -0.000000 0 0
0.000000 -0.000000 -0.000000 0 0
0.000000 -0.000000 -0.000000 0 128
0.000000 -0.000000 -0.000000 0 128
0.000000 -0.000000 -0.000000 0 0
0.000000 -0.000000 -0.000000 0 0
0.000000 -0.000000 -0.000000 0 128
0.000000 -0.000000 -0.000000 0 128
0.000000 -0.000000 -0.000000 0 0
0.000000 -0.000000 -0.000000 0 0
0.000000 -0.000000 -0.000000 0 128
0.000000 -0.000000 -0.000000 0 128
0.000000 -0.000000 -0.000000 0 0
0.000000 -0.000000 -0.000000 0 0
0.000000 -0.000000 -0.000000 0 128
0.000000 -0.000000 -0.000000 0 128
0.000000 -0.000000 -0.000000 0 0
0.000000 -0.000000 -0.000000 0 0
0.000000 -0.000000 -0.000000 0 128
0.000000 -0.000000 -0.000000 0 128
0.000000 -0.000000 -0.000000 0 0
0.000000 -0.000000 -0.000000 0 128
0.000000 -0.000000 -0.000000 0 128
0.000000 -0.000000 -0.000000 0 128
0.000000 -0.000000 -0.000000 0 0
0.000000 -0.000000 -0.000000 0 128
0.000000 -0.000000 -0.000000 0 128
0.000000 -0.000000 -0.000000 0 128
0.000000 -0.000000 -0.000000 0 0
0.000000 -0.000000 -0.000000 0 128
0.000000 -0.000000 -0.000000 0 0
0.000000 -0.000000 -0.000000 0 128
0.000000 -0.000000 -0.000000 0 128
0.000000 -0.000000 -0.000000 0 128
0.000000 -0.000000 -0.000000 0 0
0.000000 -0.000000 -0.000000 0 128
0.000000 -0.000000 -0.000000 0 128
0.000000 -0.000000 -0.000000 0 0
0.000000 -0.000000 -0.000000 0 192
0.000000 -0.000000 -0.000000 0 128
0.000000 -0.000000 -0.000000 0 0
0.000000 -0.000000 -0.000000 0 0
0.000000 -0.000000 -0.000000 0 128
0.000000 -0.000000 -0.000000 0 128
0.000000 -0.000000 -0.000000 0 0
0.000000 -0.000000 -0.000000 0 128
0.000000 -0.000000 -0.000000 0 0
0.000000 -0.000000 -0.000000 0 0
0.000000 -0.000000 -0.000000 0 0
0.000000 -0.000000 -0.000000 0 0
0.000000 -0.000000 -0.000000 0 0
0.000000 -0.000000 -0.000000 0 0
0.000000 -0.000000 -0.000000 0 0
0.000000 -0.000000 -0.000000 0 0
0.000000 -0.000000 -0.000000 0 0
0.000000 -0.000000 -0.000000 0 0
0.000000 -0.000000 -0.000000 0 0
0.000000 -0.000000 -0.000000 0 0
0.000000 -0.000000 -0.000000 0 0
0.000000 -0.000000 -0.000000 0 0
0.000000 -0.000000 -0.000000 0 0
0.000000 -0.000000 -0.000000 0 0
0.000000 -0.000000 -0.000000 0 0
0.000000 -0.000000 -0.000000 0 0
0.000000 -0.000000 -0.000000 0 0
0.000000 -0.000000 -0.000000 0 0
0.000000 -0.000000 -0.000000 0 0
0.000000 -0.000000 -0.000000 0 0
0.000000 -0.000000 -0.000000 0 0
0.000000 -0.000000 -0.000000 0 0
0.000000 -0.000000 -0.000000 0 0
0.000000 -0.000000 -0.000000 0 0
0.000000 -0.000000 -0.000000 0 0
0.000000 -0.000000 -0.000000 0 0
0.000000 -0.000000 -0.000000 0 128
0.000000 -0.000000 -0.000000 0 0
0.000000 -0.000000 -0.000000 0 0
0.000000 -0.000000 -0.000000 0 0
0.000000 -0.000000 -0.000000 0 0
0.000000 -0.000000 -0.000000 0 0
0.000000 -0.000000 -0.000000 0 0
0.000000 -0.000000 -0.000000 0 0
0.000000 -0.000000 -0.000000 0 128
0.000000 -0.000000 -0.000000 0 0
0.000000 -0.000000 -0.000000 0 0
0.000000 -0.000000 -0.000000 0 128
0.000000 -0.000000 -0.000000 0 128
0.000000 -0.000000 -0.000000 0 128
0.000000 -0.000000 -0.000000 0 128
0.000000 -0.000000 -0.000000 0 128
0.000000 -0.000000 -0.000000 0 128
0.000000 -0.000000 -0.000000 0 128
0.000000 -0.000000 -0.000000 0 128
0.000000 -0.000000 -0.000000 0 0
0.000000 -0.000000 -0.000000 0 128
0.000000 -0.000000 -0.000000 0 192
0.000000 -0.000000 -0.000000 0 0
0.000000 -0.000000 -0.000000 0 0
0.000000 -0.000000 -0.000000 0 128
0.000000 -0.000000 -0.000000 0 128
0.000000 -0.000000 -0.000000 0 0
0.000000 -0.000000 -0.000000 0 0
0.000000 -0.000000 -0.000000 0 128
0.000000 -0.000000 -0.000000 0 128
0.000000 -0.000000 -0.000000 0 0
0.000000 -0.000000 -0.000000 0 0
0.000000 -0.000000 -0.000000 0 128
0.000000 -0.000000 -0.000000 0 128
0.000000 -0.000000 -0.000000 0 0
0.000000 -0.000000 -0.000000 0 0
0.000000 -0.000000 -0.000000 0 128
0.000000 -0.000000 -0.000000 0 128
0.000000 -0.000000 -0.000000 0 0
0.000000 -0.000000 -0.000000 0 0
0.000000 -0.000000 -0.000000 0 128
0.000000 -0.000000 -0.000000 0 128
0.000000 -0.000000 -0.000000 0 0
0.000000 -0.000000 -0.000000 0 128
0.000000 -0.000000 -0.000000 0 128
0.000000 -0.000000 -0.000000 0 128
0.000000 -0.000000 -0.000000 0 0
0.000000 -0.000000 -0.000000 0 128
0.000000 -0.000000 -0.000000 0 128
0.000000 -0.000000 -0.000000 0 128
0.000000 -0.000000 -0.000000 0 0
0.000000 -0.000000 -0.000000 0 128
0.000000 -0.000000 -0.000000 0 0
0.000000 -0.000000 -0.000000 0 128
0.000000 -0.000000 -0.000000 0 128
0.000000 -0.000000 -0.000000 0 128
0.000000 -0.000000 -0.000000 0 0
0.000000 -0.000000 -0.000000 0 128
0.000000 -0.000000 -0.000000 0 128
0.000000 -0.000000 -0.000000 0 0
0.000000 -0.000000 -0.000000 0 192
0.000000 -0.000000 -0.000000 0 128
0.000000 -0.000000 -0.000000 0 0
0.000000 -0.000000 -0.000000 0 0
0.000000 -0.000000 -0.000000 0 128
0.000000 -0.000000 -0.000000 0 128
0.000000 -0.000000 -0.000000 0 0
0.000000 -0.000000 -0.000000 0 128
0.000000 -0.000000 -0.000000 0 0
0.000000 -0.000000 -0.000000 0 0
0.000000 -0.000000 -0.000000 0 128
0.000000 -0.000000 -0.000000 0 128
2.497000 -5.120000 -0.398000 29 0
0.000000 -0.000000 -0.000000 0 0
0.000000 -0.000000 -0.000000 0 128
0.000000 -0.000000 -0.000000 0 0
0.000000 -0.000000 -0.000000 0 0
0.000000 -0.000000 -0.000000 0 192
0.000000 -0.000000 -0.000000 0 0
2.438000 -5.134000 -0.399000 65 0
1.118000 -2.599000 -0.201000 1 0
0.000000 -0.000000 -0.000000 0 128
1.930000 -3.914000 -0.295000 0 4
1.162000 -2.603000 -0.200000 0 0
1.062000 -2.636000 -0.204000 5 0
0.000000 -0.000000 -0.000000 0 0
2.395000 -5.152000 -0.380000 15 0
1.100000 -2.625000 -0.200000 14 0
1.116000 -2.969000 -0.230000 16 2
2.483000 -5.124000 -0.358000 65 0
1.138000 -2.606000 -0.188000 7 0
0.000000 -0.000000 -0.000000 0 0
1.102000 -3.154000 -0.245000 17 0
0.000000 -0.000000 -0.000000 0 0
1.076000 -2.628000 -0.186000 8 0
1.100000 -3.012000 -0.225000 30 0
1.028000 -3.179000 -0.247000 17 0
1.118000 -2.607000 -0.170000 1 0
1.126000 -2.945000 -0.204000 3 2
1.078000 -3.179000 -0.236000 10 0
1.586000 -5.328000 -0.415000 52 0
1.057000 -2.630000 -0.166000 5 0
1.192000 -3.346000 -0.228000 11 0
1.009000 -3.221000 -0.237000 4 0
1.459000 -5.352000 -0.418000 59 0
1.117000 -2.977000 -0.182000 17 2
1.120000 -3.390000 -0.227000 15 0
1.537000 -5.339000 -0.391000 64 0
1.332000 -5.377000 -0.422000 63 0
1.163000 -3.329000 -0.198000 123 0
1.650000 -5.409000 -0.356000 0 0
1.412000 -5.365000 -0.391000 54 0
1.207000 -5.407000 -0.426000 63 0
1.091000 -3.371000 -0.194000 4 0
1.519000 -5.425000 -0.351000 8 0
1.290000 -5.413000 -0.392000 41 0
1.080000 -5.429000 -0.429000 62 0
1.605000 -5.382000 -0.300000 4 0
1.392000 -5.460000 -0.348000 7 0
1.166000 -5.447000 -0.393000 44 0
1.768000 -10.114000 -0.804000 44 0
1.473000 -5.391000 -0.292000 6 0
1.259000 -5.464000 -0.343000 33 0
1.037000 -5.464000 -0.393000 12 0
1.530000 -10.126000 -0.809000 29 0
1.352000 -5.445000 -0.285000 10 0
1.128000 -5.473000 -0.338000 28 0
1.679000 -10.121000 -0.726000 44 0
0.000000 -0.000000 -0.000000 0 0
1.221000 -5.456000 -0.277000 48 0
1.835000 -10.087000 -0.614000 39 0
0.574000 -4.043000 -0.289000 1 0
0.000000 -0.000000 -0.000000 0 192
1.087000 -5.453000 -0.268000 32 0
1.603000 -10.142000 -0.609000 28 0
0.947000 -7.994000 -0.570000 1 0
0.000000 -0.000000 -0.000000 0 128
1.773000 -10.106000 -0.482000 39 0
1.359000 -10.128000 -0.600000 38 0
0.000000 -0.000000 -0.000000 0 0
0.000000 -0.000000 -0.000000 0 192
1.540000 -10.176000 -0.470000 2 0
0.949000 -8.575000 -0.501000 2 0
0.000000 -0.000000 -0.000000 0 128
0.000000 -0.000000 -0.000000 0 128
1.091000 -8.550000 -0.383000 13 0
0.000000 -0.000000 -0.000000 0 0
0.000000 -0.000000 -0.000000 0 128
0.000000 -0.000000 -0.000000 0 192
0.000000 -0.000000 -0.000000 0 0
0.000000 -0.000000 -0.000000 0 128
0.000000 -0.000000 -0.000000 0 192
0.000000 -0.000000 -0.000000 0 128
0.000000 -0.000000 -0.000000 0 192
0.000000 -0.000000 -0.000000 0 128
0.000000 -0.000000 -0.000000 0 128
0.000000 -0.000000 -0.000000 0 192
0.000000 -0.000000 -0.000000 0 128
0.000000 -0.000000 -0.000000 0 192
0.000000 -0.000000 -0.000000 0 192
0.000000 -0.000000 -0.000000 0 128
0.000000 -0.000000 -0.000000 0 192
0.000000 -0.000000 -0.000000 0 128
0.000000 -0.000000 -0.000000 0 128
0.000000 -0.000000 -0.000000 0 0
0.000000 -0.000000 -0.000000 0 0
0.000000 -0.000000 -0.000000 0 128
0.000000 -0.000000 -0.000000 0 128
2.497000 -5.120000 -0.398000 29 0
0.000000 -0.000000 -0.000000 0 0
0.000000 -0.000000 -0.000000 0 128
0.000000 -0.000000 -0.000000 0 0
0.000000 -0.000000 -0.000000 0 0
0.000000 -0.000000 -0.000000 0 192
0.000000 -0.000000 -0.000000 0 0
2.438000 -5.134000 -0.399000 65 0
1.118000 -2.599000 -0.201000 1 0
0.000000 -0.000000 -0.000000 0 128
1.930000 -3.914000 -0.295000 0 4
1.162000 -2.603000 -0.200000 0 0
1.062000 -2.636000 -0.204000 5 0
0.000000 -0.000000 -0.000000 0 0
2.395000 -5.152000 -0.380000 15 0
1.100000 -2.625000 -0.200000 14 0
1.116000 -2.969000 -0.230000 16 2
2.483000 -5.124000 -0.358000 65 0
1.138000 -2.606000 -0.188000 7 0
0.000000 -0.000000 -0.000000 0 0
1.102000 -3.154000 -0.245000 17 0
0.000000 -0.000000 -0.000000 0 0
1.076000 -2.628000 -0.186000 8 0
1.100000 -3.012000 -0.225000 30 0
1.028000 -3.179000 -0.247000 17 0
1.118000 -2.607000 -0.170000 1 0
1.126000 -2.945000 -0.204000 3 2
1.078000 -3.179000 -0.236000 10 0
1.586000 -5.328000 -0.415000 52 0
1.057000 -2.630000 -0.166000 5 0
1.192000 -3.346000 -0.228000 11 0
1.009000 -3.221000 -0.237000 4 0
1.459000 -5.352000 -0.418000 59 0
1.117000 -2.977000 -0.182000 17 2
1.120000 -3.390000 -0.227000 15 0
1.537000 -5.339000 -0.391000 64 0
1.332000 -5.377000 -0.422000 63 0
1.163000 -3.329000 -0.198000 123 0
1.650000 -5.409000 -0.356000 0 0
1.412000 -5.365000 -0.391000 54 0
1.207000 -5.407000 -0.426000 63 0
1.091000 -3.371000 -0.194000 4 0
1.519000 -5.425000 -0.351000 8 0
1.290000 -5.413000 -0.392000 41 0
1.080000 -5.429000 -0.429000 62 0
1.605000 -5.382000 -0.300000 4 0
1.392000 -5.460000 -0.348000 7 0
1.166000 -5.447000 -0.393000 44 0
1.768000 -10.114000 -0.804000 44 0
1.473000 -5.391000 -0.292000 6 0
1.259000 -5.464000 -0.343000 33 0
1.037000 -5.464000 -0.393000 12 0
1.530000 -10.126000 -0.809000 29 0
1.352000 -5.445000 -0.285000 10 0
1.128000 -5.473000 -0.338000 28 0
1.679000 -10.121000 -0.726000 44 0
0.000000 -0.000000 -0.000000 0 0
1.221000 -5.456000 -0.277000 48 0
1.835000 -10.087000 -0.614000 39 0
0.574000 -4.043000 -0.289000 1 0
0.000000 -0.000000 -0.000000 0 192
1.087000 -5.453000 -0.268000 32 0
1.603000 -10.142000 -0.609000 28 0
0.947000 -7.994000 -0.570000 1 0
0.000000 -0.000000 -0.000000 0 128
1.773000 -10.106000 -0.482000 39 0
1.359000 -10.128000 -0.600000 38 0
0.000000 -0.000000 -0.000000 0 0
0.000000 -0.000000 -0.000000 0 192
1.540000 -10.176000 -0.470000 2 0
0.949000 -8.575000 -0.501000 2 0
0.000000 -0.000000 -0.000000 0 128
0.000000 -0.000000 -0.000000 0 128
1.091000 -8.550000 -0.383000 13 0
0.000000 -0.000000 -0.000000 0 0
0.000000 -0.000000 -0.000000 0 128
0.000000 -0.000000 -0.000000 0 192
0.000000 -0.000000 -0.000000 0 0
0.000000 -0.000000 -0.000000 0 128
0.000000 -0.000000 -0.000000 0 192
0.000000 -0.000000 -0.000000 0 128
0.000000 -0.000000 -0.000000 0 192
0.000000 -0.000000 -0.000000 0 128
0.000000 -0.000000 -0.000000 0 128
0.000000 -0.000000 -0.000000 0 192
0.000000 -0.000000 -0.000000 0 128
0.000000 -0.000000 -0.000000 0 192
0.000000 -0.000000 -0.000000 0 192
0.000000 -0.000000 -0.000000 0 128
0.000000 -0.000000 -0.000000 0 192
0.000000 -0.000000 -0.000000 0 128
0.000000 -0.000000 -0.000000 0 128
0.000000 -0.000000 -0.000000 0 0
0.000000 -0.000000 -0.000000 0 128
0.000000 -0.000000 -0.000000 0 192
0.000000 -0.000000 -0.000000 0 0
-0.203000 -1.956000 -0.170000 0 0
0.000000 -0.000000 -0.000000 0 192
0.000000 -0.000000 -0.000000 0 128
-0.184000 -2.034000 -0.145000 1 0
-0.233000 -1.836000 -0.161000 1 0
0.000000 -0.000000 -0.000000 0 128
0.000000 -0.000000 -0.000000 0 0
-0.217000 -1.905000 -0.136000 1 0
-0.260000 -1.727000 -0.153000 1 0
0.000000 -0.000000 -0.000000 0 128
-0.197000 -1.980000 -0.105000 1 0
-0.246000 -1.792000 -0.129000 1 0
-0.285000 -1.636000 -0.146000 2 0
-0.175000 -2.075000 -0.070000 1 0
-0.229000 -1.855000 -0.098000 1 0
-0.272000 -1.692000 -0.122000 1 0
-0.304000 -1.537000 -0.139000 2 0
-0.207000 -1.921000 -0.063000 1 0
-0.255000 -1.737000 -0.091000 1 0
-0.294000 -1.596000 -0.116000 2 0
-0.468000 -2.110000 -0.193000 36 0
-0.239000 -1.813000 -0.058000 2 0
-0.280000 -1.637000 -0.085000 2 0
-0.310000 -1.489000 -0.108000 2 0
-0.497000 -2.023000 -0.187000 55 0
-0.265000 -1.699000 -0.052000 2 0
-0.302000 -1.549000 -0.080000 2 0
-0.484000 -2.078000 -0.152000 55 0
-0.519000 -1.923000 -0.180000 66 0
-0.289000 -1.605000 -0.048000 3 0
-0.467000 -2.126000 -0.110000 54 0
-0.507000 -1.972000 -0.145000 57 0
-0.541000 -1.837000 -0.175000 61 0
-0.308000 -1.505000 -0.044000 4 0
-0.497000 -2.034000 -0.104000 61 0
-0.529000 -1.875000 -0.139000 59 0
-0.561000 -1.756000 -0.169000 64 0
-0.482000 -2.100000 -0.059000 13 0
-0.519000 -1.929000 -0.099000 59 0
-0.551000 -1.797000 -0.134000 65 0
-0.579000 -1.680000 -0.164000 72 0
-0.506000 -1.984000 -0.054000 58 0
-0.543000 -1.845000 -0.094000 60 0
-0.568000 -1.711000 -0.129000 71 0
-0.595000 -1.607000 -0.159000 69 0
-0.529000 -1.886000 -0.050000 71 0
-0.562000 -1.757000 -0.089000 68 0
-0.586000 -1.635000 -0.124000 77 0
-0.611000 -1.543000 -0.155000 69 0
-0.551000 -1.799000 -0.046000 67 0
-0.581000 -1.679000 -0.085000 67 0
-0.601000 -1.565000 -0.120000 78 0
-0.631000 -1.494000 -0.152000 17 0
-0.571000 -1.718000 -0.043000 67 0
-0.596000 -1.602000 -0.081000 68 0
-0.624000 -1.519000 -0.117000 15 64
-0.644000 -1.432000 -0.148000 16 0
-0.589000 -1.639000 -0.039000 74 0
-0.616000 -1.544000 -0.078000 70 0
-0.633000 -1.446000 -0.113000 16 0
-0.654000 -1.371000 -0.144000 15 0
-0.606000 -1.571000 -0.037000 73 0
-0.633000 -1.484000 -0.075000 13 0
-0.648000 -1.392000 -0.110000 14 0
-0.669000 -1.325000 -0.141000 15 0
-0.627000 -1.514000 -0.034000 14 0
-0.643000 -1.413000 -0.072000 13 0
-0.662000 -1.339000 -0.107000 14 0
-0.679000 -1.273000 -0.138000 14 0
-0.634000 -1.435000 -0.031000 67 0
-0.665000 -1.375000 -0.070000 19 0
-0.676000 -1.293000 -0.104000 14 0
-0.699000 -1.241000 -0.137000 18 64
-0.652000 -1.386000 -0.029000 15 0
-0.673000 -1.313000 -0.067000 13 0
-0.691000 -1.251000 -0.102000 16 0
-0.702000 -1.183000 -0.133000 18 64
-0.666000 -1.332000 -0.027000 14 0
-0.690000 -1.273000 -0.065000 17 0
-0.704000 -1.208000 -0.100000 17 0
-0.709000 -1.137000 -0.130000 18 64
-0.680000 -1.282000 -0.026000 14 0
-0.697000 -1.215000 -0.063000 16 0
-0.714000 -1.162000 -0.098000 17 0
-0.717000 -1.094000 -0.127000 18 64
-0.694000 -1.236000 -0.024000 13 0
-0.707000 -1.169000 -0.061000 16 0
-0.717000 -1.110000 -0.095000 16 0
-0.726000 -1.055000 -0.125000 17 64
-0.699000 -1.177000 -0.022000 17 0
-0.717000 -1.126000 -0.059000 16 0
-0.726000 -1.069000 -0.092000 16 0
-0.730000 -1.011000 -0.122000 17 64
0.000000 -0.000000 -0.000000 0 128
0.000000 -0.000000 -0.000000 0 192
0.000000 -0.000000 -0.000000 0 0
-0.203000 -1.956000 -0.170000 0 0
0.000000 -0.000000 -0.000000 0 192
0.000000 -0.000000 -0.000000 0 128
-0.184000 -2.034000 -0.145000 1 0
-0.233000 -1.836000 -0.161000 1 0
0.000000 -0.000000 -0.000000 0 128
0.000000 -0.000000 -0.000000 0 0
-0.217000 -1.905000 -0.136000 1 0
-0.260000 -1.727000 -0.153000 1 0
0.000000 -0.000000 -0.000000 0 128
-0.197000 -1.980000 -0.105000 1 0
-0.246000 -1.792000 -0.129000 1 0
-0.285000 -1.636000 -0.146000 2 0
-0.175000 -2.075000 -0.070000 1 0
-0.229000 -1.855000 -0.098000 1 0
-0.272000 -1.692000 -0.122000 1 0
-0.304000 -1.537000 -0.139000 2 0
-0.207000 -1.921000 -0.063000 1 0
-0.255000 -1.737000 -0.091000 1 0
-0.294000 -1.596000 -0.116000 2 0
-0.468000 -2.110000 -0.193000 36 0
-0.239000 -1.813000 -0.058000 2 0
-0.280000 -1.637000 -0.085000 2 0
-0.310000 -1.489000 -0.108000 2 0
-0.497000 -2.023000 -0.187000 55 0
-0.265000 -1.699000 -0.052000 2 0
-0.302000 -1.549000 -0.080000 2 0
-0.484000 -2.078000 -0.152000 55 0
-0.519000 -1.923000 -0.180000 66 0
-0.289000 -1.605000 -0.048000 3 0
-0.467000 -2.126000 -0.110000 54 0
-0.507000 -1.972000 -0.145000 57 0
-0.541000 -1.837000 -0.175000 61 0
-0.308000 -1.505000 -0.044000 4 0
-0.497000 -2.034000 -0.104000 61 0
-0.529000 -1.875000 -0.139000 59 0
-0.561000 -1.756000 -0.169000 64 0
-0.482000 -2.100000 -0.059000 13 0
-0.519000 -1.929000 -0.099000 59 0
-0.551000 -1.797000 -0.134000 65 0
-0.579000 -1.680000 -0.164000 72 0
-0.506000 -1.984000 -0.054000 58 0
-0.543000 -1.845000 -0.094000 60 0
-0.568000 -1.711000 -0.129000 71 0
-0.595000 -1.607000 -0.159000 69 0
-0.529000 -1.886000 -0.050000 71 0
-0.562000 -1.757000 -0.089000 68 0
-0.586000 -1.635000 -0.124000 77 0
-0.611000 -1.543000 -0.155000 69 0
-0.551000 -1.799000 -0.046000 67 0
-0.581000 -1.679000 -0.085000 67 0
-0.601000 -1.565000 -0.120000 78 0
-0.631000 -1.494000 -0.152000 17 0
-0.571000 -1.718000 -0.043000 67 0
-0.596000 -1.602000 -0.081000 68 0
-0.624000 -1.519000 -0.117000 15 64
-0.644000 -1.432000 -0.148000 16 0
-0.589000 -1.639000 -0.039000 74 0
-0.616000 -1.544000 -0.078000 70 0
-0.633000 -1.446000 -0.113000 16 0
-0.654000 -1.371000 -0.144000 15 0
-0.606000 -1.571000 -0.037000 73 0
-0.633000 -1.484000 -0.075000 13 0
-0.648000 -1.392000 -0.110000 14 0
-0.669000 -1.325000 -0.141000 15 0
-0.627000 -1.514000 -0.034000 14 0
-0.643000 -1.413000 -0.072000 13 0
-0.662000 -1.339000 -0.107000 14 0
-0.679000 -1.273000 -0.138000 14 0
-0.634000 -1.435000 -0.031000 67 0
-0.665000 -1.375000 -0.070000 19 0
-0.676000 -1.293000 -0.104000 14 0
-0.699000 -1.241000 -0.137000 18 64
-0.652000 -1.386000 -0.029000 15 0
-0.673000 -1.313000 -0.067000 13 0
-0.691000 -1.251000 -0.102000 16 0
-0.702000 -1.183000 -0.133000 18 64
-0.666000 -1.332000 -0.027000 14 0
-0.690000 -1.273000 -0.065000 17 0
-0.704000 -1.208000 -0.100000 17 0
-0.709000 -1.137000 -0.130000 18 64
-0.680000 -1.282000 -0.026000 14 0
-0.697000 -1.215000 -0.063000 16 0
-0.714000 -1.162000 -0.098000 17 0
-0.717000 -1.094000 -0.127000 18 64
-0.694000 -1.236000 -0.024000 13 0
-0.707000 -1.169000 -0.061000 16 0
-0.717000 -1.110000 -0.095000 16 0
-0.726000 -1.055000 -0.125000 17 64
-0.699000 -1.177000 -0.022000 17 0
-0.717000 -1.126000 -0.059000 16 0
-0.726000 -1.069000 -0.092000 16 0
-0.730000 -1.011000 -0.122000 17 64
-0.711000 -1.136000 -0.021000 17 0
-0.727000 -1.084000 -0.057000 16 0
-0.732000 -1.027000 -0.090000 15 64
-0.739000 -0.977000 -0.120000 18 0
-0.721000 -1.091000 -0.019000 16 0
-0.734000 -1.040000 -0.055000 16 0
-0.741000 -0.990000 -0.088000 16 0
-0.751000 -0.948000 -0.119000 18 0
-0.729000 -1.049000 -0.018000 17 0
-0.745000 -1.005000 -0.054000 16 0
-0.746000 -0.951000 -0.086000 15 0
-0.763000 -0.919000 -0.118000 19 0
-0.742000 -1.015000 -0.017000 18 0
-0.751000 -0.965000 -0.052000 16 0
-0.759000 -0.923000 -0.085000 15 0
-0.771000 -0.889000 -0.117000 19 0
-0.750000 -0.974000 -0.016000 19 0
-0.761000 -0.933000 -0.051000 15 0
-0.766000 -0.890000 -0.084000 16 0
-0.780000 -0.859000 -0.115000 25 0
-0.759000 -0.939000 -0.015000 26 0
-0.775000 -0.905000 -0.050000 16 0
-0.778000 -0.862000 -0.083000 20 0
-0.790000 -0.831000 -0.114000 25 0
-0.770000 -0.906000 -0.014000 19 0
-0.780000 -0.869000 -0.049000 20 0
-0.787000 -0.833000 -0.082000 16 0
-0.799000 -0.804000 -0.113000 26 0
-0.780000 -0.875000 -0.013000 27 0
-0.789000 -0.838000 -0.048000 19 0
-0.794000 -0.803000 -0.080000 19 0
-0.805000 -0.775000 -0.112000 25 0
-0.784000 -0.839000 -0.012000 26 0
-0.800000 -0.811000 -0.047000 19 0
-0.802000 -0.774000 -0.079000 15 0
-0.814000 -0.750000 -0.111000 25 0
-0.797000 -0.812000 -0.011000 26 0
-0.807000 -0.780000 -0.046000 19 0
-0.810000 -0.748000 -0.078000 15 0
-0.824000 -0.726000 -0.110000 24 0
-0.806000 -0.782000 -0.011000 26 0
-0.812000 -0.749000 -0.045000 19 0
-0.815000 -0.718000 -0.077000 15 0
-0.825000 -0.694000 -0.108000 24 0
-0.813000 -0.752000 -0.010000 25 0
-0.823000 -0.724000 -0.044000 18 0
-0.825000 -0.694000 -0.076000 15 0
-0.830000 -0.668000 -0.107000 23 0
-0.817000 -0.719000 -0.009000 24 0
-0.825000 -0.693000 -0.043000 18 0
-0.834000 -0.670000 -0.076000 18 0
-0.835000 -0.642000 -0.106000 23 0
-0.826000 -0.693000 -0.009000 24 0
-0.834000 -0.667000 -0.042000 18 0
-0.840000 -0.644000 -0.075000 18 0
-0.844000 -0.619000 -0.105000 23 0
-0.835000 -0.666000 -0.008000 24 0
-0.839000 -0.639000 -0.042000 17 0
-0.844000 -0.617000 -0.074000 17 0
-0.849000 -0.594000 -0.104000 22 0
-0.841000 -0.639000 -0.008000 24 0
-0.847000 -0.614000 -0.041000 17 0
-0.848000 -0.590000 -0.073000 17 0
-0.852000 -0.569000 -0.103000 22 0
-0.843000 -0.609000 -0.008000 19 0
-0.852000 -0.588000 -0.040000 17 0
-0.844000 -0.559000 -0.071000 16 0
-0.853000 -0.543000 -0.102000 21 0
-0.845000 -0.579000 -0.007000 23 0
-0.858000 -0.563000 -0.040000 17 0
-0.853000 -0.537000 -0.071000 16 0
-0.856000 -0.518000 -0.100000 21 0
-0.855000 -0.557000 -0.007000 22 0
-0.865000 -0.538000 -0.039000 17 0
-0.858000 -0.514000 -0.070000 16 0
-0.864000 -0.497000 -0.100000 21 0
-0.857000 -0.529000 -0.006000 17 0
-0.867000 -0.512000 -0.039000 16 0
-0.864000 -0.491000 -0.069000 16 0
-0.869000 -0.475000 -0.099000 21 0
-0.867000 -0.506000 -0.006000 17 0
-0.874000 -0.489000 -0.038000 16 0
-0.872000 -0.469000 -0.069000 16 0
-0.802000 -0.415000 -0.090000 9 2
-0.875000 -0.483000 -0.006000 17 0
-0.880000 -0.465000 -0.038000 16 0
-0.629000 -0.320000 -0.049000 7 2
-0.879000 -0.430000 -0.098000 20 0
-0.852000 -0.444000 -0.006000 14 0
-0.693000 -0.346000 -0.029000 17 2
-0.877000 -0.422000 -0.067000 15 0
-0.879000 -0.407000 -0.097000 19 0
-0.650000 -0.319000 -0.004000 9 0
-0.844000 -0.397000 -0.035000 14 0
-0.884000 -0.401000 -0.067000 15 0
-0.885000 -0.386000 -0.096000 19 0
-0.711000 -1.136000 -0.021000 17 0
-0.727000 -1.084000 -0.057000 16 0
-0.732000 -1.027000 -0.090000 15 64
-0.739000 -0.977000 -0.120000 18 0
-0.721000 -1.091000 -0.019000 16 0
-0.734000 -1.040000 -0.055000 16 0
-0.741000 -0.990000 -0.088000 16 0
-0.751000 -0.948000 -0.119000 18 0
-0.729000 -1.049000 -0.018000 17 0
-0.745000 -1.005000 -0.054000 16 0
-0.746000 -0.951000 -0.086000 15 0
-0.763000 -0.919000 -0.118000 19 0
-0.742000 -1.015000 -0.017000 18 0
-0.751000 -0.965000 -0.052000 16 0
-0.759000 -0.923000 -0.085000 15 0
-0.771000 -0.889000 -0.117000 19 0
-0.750000 -0.974000 -0.016000 19 0
-0.761000 -0.933000 -0.051000 15 0
-0.766000 -0.890000 -0.084000 16 0
-0.780000 -0.859000 -0.115000 25 0
-0.759000 -0.939000 -0.015000 26 0
-0.775000 -0.905000 -0.050000 16 0
-0.778000 -0.862000 -0.083000 20 0
-0.790000 -0.831000 -0.114000 25 0
-0.770000 -0.906000 -0.014000 19 0
-0.780000 -0.869000 -0.049000 20 0
-0.787000 -0.833000 -0.082000 16 0
-0.799000 -0.804000 -0.113000 26 0
-0.780000 -0.875000 -0.013000 27 0
-0.789000 -0.838000 -0.048000 19 0
-0.794000 -0.803000 -0.080000 19 0
-0.805000 -0.775000 -0.112000 25 0
-0.784000 -0.839000 -0.012000 26 0
-0.800000 -0.811000 -0.047000 19 0
-0.802000 -0.774000 -0.079000 15 0
-0.814000 -0.750000 -0.111000 25 0
-0.797000 -0.812000 -0.011000 26 0
-0.807000 -0.780000 -0.046000 19 0
-0.810000 -0.748000 -0.078000 15 0
-0.824000 -0.726000 -0.110000 24 0
-0.806000 -0.782000 -0.011000 26 0
-0.812000 -0.749000 -0.045000 19 0
-0.815000 -0.718000 -0.077000 15 0
-0.825000 -0.694000 -0.108000 24 0
-0.813000 -0.752000 -0.010000 25 0
-0.823000 -0.724000 -0.044000 18 0
-0.825000 -0.694000 -0.076000 15 0
-0.830000 -0.668000 -0.107000 23 0
-0.817000 -0.719000 -0.009000 24 0
-0.825000 -0.693000 -0.043000 18 0
-0.834000 -0.670000 -0.076000 18 0
-0.835000 -0.642000 -0.106000 23 0
-0.826000 -0.693000 -0.009000 24 0
-0.834000 -0.667000 -0.042000 18 0
-0.840000 -0.644000 -0.075000 18 0
-0.844000 -0.619000 -0.105000 23 0
-0.835000 -0.666000 -0.008000 24 0
-0.839000 -0.639000 -0.042000 17 0
-0.844000 -0.617000 -0.074000 17 0
-0.849000 -0.594000 -0.104000 22 0
-0.841000 -0.639000 -0.008000 24 0
-0.847000 -0.614000 -0.041000 17 0
-0.848000 -0.590000 -0.073000 17 0
-0.852000 -0.569000 -0.103000 22 0
-0.843000 -0.609000 -0.008000 19 0
-0.852000 -0.588000 -0.040000 17 0
-0.844000 -0.559000 -0.071000 16 0
-0.853000 -0.543000 -0.102000 21 0
-0.845000 -0.579000 -0.007000 23 0
-0.858000 -0.563000 -0.040000 17 0
-0.853000 -0.537000 -0.071000 16 0
-0.856000 -0.518000 -0.100000 21 0
-0.855000 -0.557000 -0.007000 22 0
-0.865000 -0.538000 -0.039000 17 0
-0.858000 -0.514000 -0.070000 16 0
-0.864000 -0.497000 -0.100000 21 0
-0.857000 -0.529000 -0.006000 17 0
-0.867000 -0.512000 -0.039000 16 0
-0.864000 -0.491000 -0.069000 16 0
-0.869000 -0.475000 -0.099000 21 0
-0.867000 -0.506000 -0.006000 17 0
-0.874000 -0.489000 -0.038000 16 0
-0.872000 -0.469000 -0.069000 16 0
-0.802000 -0.415000 -0.090000 9 2
-0.875000 -0.483000 -0.006000 17 0
-0.880000 -0.465000 -0.038000 16 0
-0.629000 -0.320000 -0.049000 7 2
-0.879000 -0.430000 -0.098000 20 0
-0.852000 -0.444000 -0.006000 14 0
-0.693000 -0.346000 -0.029000 17 2
-0.877000 -0.422000 -0.067000 15 0
-0.879000 -0.407000 -0.097000 19 0
-0.650000 -0.319000 -0.004000 9 0
-0.844000 -0.397000 -0.035000 14 0
-0.884000 -0.401000 -0.067000 15 0
-0.885000 -0.386000 -0.096000 19 0
-0.641000 -0.295000 -0.004000 56 16
-0.648000 -0.286000 -0.026000 8 0
-0.650000 -0.277000 -0.048000 8 18
-0.886000 -0.363000 -0.095000 19 0
-0.646000 -0.279000 -0.004000 16 16
-0.646000 -0.267000 -0.026000 11 32
0.000000 -0.000000 -0.000000 0 0
-0.586000 -0.225000 -0.062000 3 18
0.000000 -0.000000 -0.000000 0 0
-0.600000 -0.232000 -0.024000 6 32
-0.607000 -0.226000 -0.044000 8 16
0.000000 -0.000000 -0.000000 0 64
0.000000 -0.000000 -0.000000 0 128
0.000000 -0.000000 -0.000000 0 0
-0.603000 -0.209000 -0.043000 20 32
0.000000 -0.000000 -0.000000 0 64
0.000000 -0.000000 -0.000000 0 128
-0.600000 -0.200000 -0.023000 5 0
0.000000 -0.000000 -0.000000 0 0
-0.895000 -0.277000 -0.092000 9 64
0.000000 -0.000000 -0.000000 0 128
0.000000 -0.000000 -0.000000 0 0
-0.662000 -0.196000 -0.047000 8 0
-0.908000 -0.260000 -0.092000 16 64
0.000000 -0.000000 -0.000000 0 192
-0.918000 -0.259000 -0.035000 15 0
-0.922000 -0.251000 -0.064000 15 0
-0.917000 -0.240000 -0.092000 16 64
-0.922000 -0.247000 -0.005000 17 0
-0.924000 -0.237000 -0.035000 15 0
-0.927000 -0.230000 -0.064000 15 0
-0.919000 -0.219000 -0.092000 16 64
-0.925000 -0.224000 -0.005000 17 0
-0.927000 -0.215000 -0.035000 15 0
-0.934000 -0.209000 -0.064000 15 0
-0.924000 -0.199000 -0.091000 16 64
-0.930000 -0.202000 -0.005000 17 0
-0.935000 -0.194000 -0.035000 15 0
-0.939000 -0.188000 -0.064000 15 0
-0.931000 -0.179000 -0.091000 16 64
-0.937000 -0.180000 -0.005000 17 0
-0.943000 -0.172000 -0.035000 14 0
-0.943000 -0.166000 -0.063000 15 0
-0.938000 -0.159000 -0.091000 16 64
-0.939000 -0.156000 -0.005000 17 0
-0.953000 -0.151000 -0.035000 15 0
-0.946000 -0.145000 -0.063000 15 0
-0.938000 -0.138000 -0.090000 16 64
-0.948000 -0.134000 -0.005000 17 0
-0.958000 -0.129000 -0.035000 15 0
-0.953000 -0.124000 -0.063000 15 0
-0.941000 -0.117000 -0.090000 16 64
-0.948000 -0.111000 -0.005000 17 0
-0.959000 -0.106000 -0.035000 15 0
-0.956000 -0.102000 -0.063000 15 0
-0.953000 -0.098000 -0.090000 16 64
-0.953000 -0.088000 -0.006000 17 0
-0.963000 -0.084000 -0.035000 15 0
-0.960000 -0.080000 -0.063000 15 0
-0.963000 -0.077000 -0.090000 16 64
-0.960000 -0.065000 -0.006000 17 0
-0.967000 -0.061000 -0.035000 15 0
-0.964000 -0.058000 -0.062000 15 0
-0.965000 -0.056000 -0.090000 16 64
-0.976000 -0.043000 -0.006000 17 0
-0.974000 -0.039000 -0.035000 15 0
-0.972000 -0.037000 -0.062000 15 0
-0.976000 -0.035000 -0.090000 16 64
-0.975000 -0.019000 -0.006000 17 0
-0.977000 -0.016000 -0.035000 15 0
-0.976000 -0.015000 -0.062000 15 0
-0.981000 -0.013000 -0.090000 16 64
-0.986000 0.004000 -0.007000 17 64
-0.982000 0.006000 -0.035000 15 0
-0.981000 0.007000 -0.062000 15 0
-0.985000 0.007000 -0.090000 16 64
-0.986000 0.027000 -0.007000 17 64
-0.997000 0.030000 -0.036000 16 0
-0.987000 0.029000 -0.062000 15 0
-0.989000 0.029000 -0.089000 16 64
-0.996000 0.052000 -0.007000 17 64
-1.000000 0.053000 -0.036000 16 0
-0.996000 0.052000 -0.063000 16 0
-0.990000 0.051000 -0.089000 16 64
-1.002000 0.077000 -0.008000 17 64
-1.004000 0.077000 -0.036000 13 0
-1.000000 0.075000 -0.062000 13 0
-1.002000 0.074000 -0.089000 18 64
-1.002000 0.101000 -0.008000 17 64
-1.012000 0.102000 -0.036000 13 0
-1.004000 0.098000 -0.062000 13 0
-1.017000 0.098000 -0.090000 18 64
-1.015000 0.127000 -0.009000 19 64
-1.028000 0.127000 -0.037000 17 0
-1.005000 0.122000 -0.062000 13 0
-1.016000 0.120000 -0.089000 17 64
-0.641000 -0.295000 -0.004000 56 16
-0.648000 -0.286000 -0.026000 8 0
-0.650000 -0.277000 -0.048000 8 18
-0.886000 -0.363000 -0.095000 19 0
-0.646000 -0.279000 -0.004000 16 16
-0.646000 -0.267000 -0.026000 11 32
0.000000 -0.000000 -0.000000 0 0
-0.586000 -0.225000 -0.062000 3 18
0.000000 -0.000000 -0.000000 0 0
-0.600000 -0.232000 -0.024000 6 32
-0.607000 -0.226000 -0.044000 8 16
0.000000 -0.000000 -0.000000 0 64
0.000000 -0.000000 -0.000000 0 128
0.000000 -0.000000 -0.000000 0 0
-0.603000 -0.209000 -0.043000 20 32
0.000000 -0.000000 -0.000000 0 64
0.000000 -0.000000 -0.000000 0 128
-0.600000 -0.200000 -0.023000 5 0
0.000000 -0.000000 -0.000000 0 0
-0.895000 -0.277000 -0.092000 9 64
0.000000 -0.000000 -0.000000 0 128
0.000000 -0.000000 -0.000000 0 0
-0.662000 -0.196000 -0.047000 8 0
-0.908000 -0.260000 -0.092000 16 64
0.000000 -0.000000 -0.000000 0 192
-0.918000 -0.259000 -0.035000 15 0
-0.922000 -0.251000 -0.064000 15 0
-0.917000 -0.240000 -0.092000 16 64
-0.922000 -0.247000 -0.005000 17 0
-0.924000 -0.237000 -0.035000 15 0
-0.927000 -0.230000 -0.064000 15 0
-0.919000 -0.219000 -0.092000 16 64
-0.925000 -0.224000 -0.005000 17 0
-0.927000 -0.215000 -0.035000 15 0
-0.934000 -0.209000 -0.064000 15 0
-0.924000 -0.199000 -0.091000 16 64
-0.930000 -0.202000 -0.005000 17 0
-0.935000 -0.194000 -0.035000 15 0
-0.939000 -0.188000 -0.064000 15 0
-0.931000 -0.179000 -0.091000 16 64
-0.937000 -0.180000 -0.005000 17 0
-0.943000 -0.172000 -0.035000 14 0
-0.943000 -0.166000 -0.063000 15 0
-0.938000 -0.159000 -0.091000 16 64
-0.939000 -0.156000 -0.005000 17 0
-0.953000 -0.151000 -0.035000 15 0
-0.946000 -0.145000 -0.063000 15 0
-0.938000 -0.138000 -0.090000 16 64
-0.948000 -0.134000 -0.005000 17 0
-0.958000 -0.129000 -0.035000 15 0
-0.953000 -0.124000 -0.063000 15 0
-0.941000 -0.117000 -0.090000 16 64
-0.948000 -0.111000 -0.005000 17 0
-0.959000 -0.106000 -0.035000 15 0
-0.956000 -0.102000 -0.063000 15 0
-0.953000 -0.098000 -0.090000 16 64
-0.953000 -0.088000 -0.006000 17 0
-0.963000 -0.084000 -0.035000 15 0
-0.960000 -0.080000 -0.063000 15 0
-0.963000 -0.077000 -0.090000 16 64
-0.960000 -0.065000 -0.006000 17 0
-0.967000 -0.061000 -0.035000 15 0
-0.964000 -0.058000 -0.062000 15 0
-0.965000 -0.056000 -0.090000 16 64
-0.976000 -0.043000 -0.006000 17 0
-0.974000 -0.039000 -0.035000 15 0
-0.972000 -0.037000 -0.062000 15 0
-0.976000 -0.035000 -0.090000 16 64
-0.975000 -0.019000 -0.006000 17 0
-0.977000 -0.016000 -0.035000 15 0
-0.976000 -0.015000 -0.062000 15 0
-0.981000 -0.013000 -0.090000 16 64
-0.986000 0.004000 -0.007000 17 64
-0.982000 0.006000 -0.035000 15 0
-0.981000 0.007000 -0.062000 15 0
-0.985000 0.007000 -0.090000 16 64
-0.986000 0.027000 -0.007000 17 64
-0.997000 0.030000 -0.036000 16 0
-0.987000 0.029000 -0.062000 15 0
-0.989000 0.029000 -0.089000 16 64
-0.996000 0.052000 -0.007000 17 64
-1.000000 0.053000 -0.036000 16 0
-0.996000 0.052000 -0.063000 16 0
-0.990000 0.051000 -0.089000 16 64
-1.002000 0.077000 -0.008000 17 64
-1.004000 0.077000 -0.036000 13 0
-1.000000 0.075000 -0.062000 13 0
-1.002000 0.074000 -0.089000 18 64
-1.002000 0.101000 -0.008000 17 64
-1.012000 0.102000 -0.036000 13 0
-1.004000 0.098000 -0.062000 13 0
-1.017000 0.098000 -0.090000 18 64
-1.015000 0.127000 -0.009000 19 64
-1.028000 0.127000 -0.037000 17 0
-1.005000 0.122000 -0.062000 13 0
-1.016000 0.120000 -0.089000 17 64
-1.022000 0.153000 -0.009000 19 64
-1.028000 0.152000 -0.037000 14 0
-1.005000 0.145000 -0.062000 12 0
-1.025000 0.145000 -0.090000 18 64
-1.032000 0.180000 -0.010000 18 64
-1.032000 0.177000 -0.037000 17 0
-1.012000 0.170000 -0.062000 12 0
-1.031000 0.169000 -0.090000 17 64
-1.001000 0.200000 -0.010000 1 64
-1.023000 0.201000 -0.037000 2 0
0.000000 -0.000000 -0.000000 0 0
-0.989000 0.184000 -0.085000 3 64
-1.004000 0.226000 -0.010000 1 64
-1.024000 0.226000 -0.037000 2 0
-1.012000 0.217000 -0.062000 2 0
-1.005000 0.210000 -0.086000 1 64
-1.104000 0.277000 -0.012000 2 66
-1.117000 0.274000 -0.041000 2 2
-1.110000 0.265000 -0.068000 2 0
-1.022000 0.238000 -0.087000 1 64
-1.109000 0.306000 -0.012000 1 0
-1.127000 0.305000 -0.041000 2 0
-1.113000 0.293000 -0.068000 2 0
-1.110000 0.284000 -0.094000 1 64
-1.111000 0.336000 -0.013000 1 64
-1.134000 0.335000 -0.042000 2 0
-1.121000 0.323000 -0.068000 2 0
-1.109000 0.310000 -0.094000 1 64
-1.117000 0.368000 -0.014000 1 0
-1.137000 0.366000 -0.042000 2 0
-1.129000 0.353000 -0.068000 1 0
-1.115000 0.339000 -0.093000 1 64
-1.129000 0.402000 -0.015000 1 0
-1.142000 0.397000 -0.043000 2 0
-1.133000 0.382000 -0.068000 1 0
-1.123000 0.369000 -0.094000 1 64
-1.137000 0.436000 -0.015000 1 0
-1.148000 0.429000 -0.043000 2 0
-1.143000 0.415000 -0.069000 1 0
-1.130000 0.399000 -0.094000 1 64
-1.136000 0.467000 -0.016000 0 0
-1.155000 0.463000 -0.044000 2 0
-1.142000 0.444000 -0.069000 1 0
-1.131000 0.428000 -0.093000 1 64
-1.149000 0.505000 -0.017000 1 0
-1.159000 0.496000 -0.045000 2 0
-1.151000 0.478000 -0.069000 1 0
-1.140000 0.460000 -0.094000 1 64
-1.153000 0.540000 -0.018000 0 0
-1.165000 0.532000 -0.045000 1 0
-1.163000 0.515000 -0.070000 1 0
-1.145000 0.492000 -0.094000 0 64
-1.155000 0.575000 -0.019000 0 0
-1.175000 0.569000 -0.046000 1 0
-1.164000 0.547000 -0.070000 1 0
-1.147000 0.524000 -0.093000 0 0
0.000000 -0.000000 -0.000000 0 0
-1.181000 0.607000 -0.047000 1 0
-1.173000 0.585000 -0.071000 1 0
-1.156000 0.559000 -0.094000 0 64
-1.179000 0.660000 -0.022000 0 0
-1.194000 0.650000 -0.048000 1 0
-1.184000 0.624000 -0.072000 0 0
-1.159000 0.593000 -0.093000 0 64
0.000000 -0.000000 -0.000000 0 0
-1.195000 0.687000 -0.049000 1 0
-1.193000 0.664000 -0.072000 1 0
0.000000 -0.000000 -0.000000 0 0
-1.193000 0.744000 -0.024000 0 0
-1.215000 0.736000 -0.051000 1 0
-1.199000 0.704000 -0.073000 0 0
-1.187000 0.675000 -0.095000 0 64
0.000000 -0.000000 -0.000000 0 0
-1.217000 0.778000 -0.051000 8 0
0.000000 -0.000000 -0.000000 0 0
0.000000 -0.000000 -0.000000 0 0
-1.228000 0.850000 -0.028000 0 0
-1.239000 0.832000 -0.053000 1 0
-1.220000 0.793000 -0.074000 0 0
-1.212000 0.763000 -0.096000 0 0
-1.242000 0.905000 -0.029000 10 0
-1.240000 0.876000 -0.054000 9 0
-1.226000 0.837000 -0.075000 11 0
-1.219000 0.806000 -0.096000 8 0
-1.243000 0.951000 -0.031000 0 0
-1.258000 0.933000 -0.056000 0 0
-1.242000 0.891000 -0.076000 0 0
-1.230000 0.853000 -0.097000 0 0
-1.217000 0.979000 -0.032000 11 0
-1.252000 0.975000 -0.057000 11 0
-1.250000 0.941000 -0.077000 9 0
-1.243000 0.903000 -0.097000 9 0
-1.178000 0.995000 -0.032000 0 0
-1.219000 0.996000 -0.056000 1 0
-1.236000 0.975000 -0.077000 1 0
-1.264000 0.963000 -0.099000 0 0
-1.022000 0.153000 -0.009000 19 64
-1.028000 0.152000 -0.037000 14 0
-1.005000 0.145000 -0.062000 12 0
-1.025000 0.145000 -0.090000 18 64
-1.032000 0.180000 -0.010000 18 64
-1.032000 0.177000 -0.037000 17 0
-1.012000 0.170000 -0.062000 12 0
-1.031000 0.169000 -0.090000 17 64
-1.001000 0.200000 -0.010000 1 64
-1.023000 0.201000 -0.037000 2 0
0.000000 -0.000000 -0.000000 0 0
-0.989000 0.184000 -0.085000 3 64
-1.004000 0.226000 -0.010000 1 64
-1.024000 0.226000 -0.037000 2 0
-1.012000 0.217000 -0.062000 2 0
-1.005000 0.210000 -0.086000 1 64
-1.104000 0.277000 -0.012000 2 66
-1.117000 0.274000 -0.041000 2 2
-1.110000 0.265000 -0.068000 2 0
-1.022000 0.238000 -0.087000 1 64
-1.109000 0.306000 -0.012000 1 0
-1.127000 0.305000 -0.041000 2 0
-1.113000 0.293000 -0.068000 2 0
-1.110000 0.284000 -0.094000 1 64
-1.111000 0.336000 -0.013000 1 64
-1.134000 0.335000 -0.042000 2 0
-1.121000 0.323000 -0.068000 2 0
-1.109000 0.310000 -0.094000 1 64
-1.117000 0.368000 -0.014000 1 0
-1.137000 0.366000 -0.042000 2 0
-1.129000 0.353000 -0.068000 1 0
-1.115000 0.339000 -0.093000 1 64
-1.129000 0.402000 -0.015000 1 0
-1.142000 0.397000 -0.043000 2 0
-1.133000 0.382000 -0.068000 1 0
-1.123000 0.369000 -0.094000 1 64
-1.137000 0.436000 -0.015000 1 0
-1.148000 0.429000 -0.043000 2 0
-1.143000 0.415000 -0.069000 1 0
-1.130000 0.399000 -0.094000 1 64
-1.136000 0.467000 -0.016000 0 0
-1.155000 0.463000 -0.044000 2 0
-1.142000 0.444000 -0.069000 1 0
-1.131000 0.428000 -0.093000 1 64
-1.149000 0.505000 -0.017000 1 0
-1.159000 0.496000 -0.045000 2 0
-1.151000 0.478000 -0.069000 1 0
-1.140000 0.460000 -0.094000 1 64
-1.153000 0.540000 -0.018000 0 0
-1.165000 0.532000 -0.045000 1 0
-1.163000 0.515000 -0.070000 1 0
-1.145000 0.492000 -0.094000 0 64
-1.155000 0.575000 -0.019000 0 0
-1.175000 0.569000 -0.046000 1 0
-1.164000 0.547000 -0.070000 1 0
-1.147000 0.524000 -0.093000 0 0
0.000000 -0.000000 -0.000000 0 0
-1.181000 0.607000 -0.047000 1 0
-1.173000 0.585000 -0.071000 1 0
-1.156000 0.559000 -0.094000 0 64
-1.179000 0.660000 -0.022000 0 0
-1.194000 0.650000 -0.048000 1 0
-1.184000 0.624000 -0.072000 0 0
-1.159000 0.593000 -0.093000 0 64
0.000000 -0.000000 -0.000000 0 0
-1.195000 0.687000 -0.049000 1 0
-1.193000 0.664000 -0.072000 1 0
0.000000 -0.000000 -0.000000 0 0
-1.193000 0.744000 -0.024000 0 0
-1.215000 0.736000 -0.051000 1 0
-1.199000 0.704000 -0.073000 0 0
-1.187000 0.675000 -0.095000 0 64
0.000000 -0.000000 -0.000000 0 0
-1.217000 0.778000 -0.051000 8 0
0.000000 -0.000000 -0.000000 0 0
0.000000 -0.000000 -0.000000 0 0
-1.228000 0.850000 -0.028000 0 0
-1.239000 0.832000 -0.053000 1 0
-1.220000 0.793000 -0.074000 0 0
-1.212000 0.763000 -0.096000 0 0
-1.242000 0.905000 -0.029000 10 0
-1.240000 0.876000 -0.054000 9 0
-1.226000 0.837000 -0.075000 11 0
-1.219000 0.806000 -0.096000 8 0
-1.243000 0.951000 -0.031000 0 0
-1.258000 0.933000 -0.056000 0 0
-1.242000 0.891000 -0.076000 0 0
-1.230000 0.853000 -0.097000 0 0
-1.217000 0.979000 -0.032000 11 0
-1.252000 0.975000 -0.057000 11 0
-1.250000 0.941000 -0.077000 9 0
-1.243000 0.903000 -0.097000 9 0
-1.178000 0.995000 -0.032000 0 0
-1.219000 0.996000 -0.056000 1 0
-1.236000 0.975000 -0.077000 1 0
-1.264000 0.963000 -0.099000 0 0
-1.220000 1.081000 -0.035000 59 0
-1.192000 1.021000 -0.056000 7 0
-1.197000 0.990000 -0.075000 15 0
-1.226000 0.978000 -0.095000 10 0
-1.245000 1.157000 -0.038000 13 0
-1.237000 1.110000 -0.059000 11 1
-1.217000 1.054000 -0.076000 1 0
-1.200000 1.002000 -0.093000 1 0
-1.260000 1.227000 -0.040000 54 0
-1.247000 1.173000 -0.061000 61 0
-1.229000 1.114000 -0.078000 63 0
-1.222000 1.068000 -0.094000 30 0
-1.277000 1.305000 -0.043000 56 0
-1.264000 1.246000 -0.063000 62 0
-1.256000 1.193000 -0.080000 12 0
-1.246000 1.139000 -0.096000 12 0
-1.298000 1.391000 -0.046000 57 0
-1.285000 1.328000 -0.066000 52 0
-1.266000 1.258000 -0.081000 62 0
-1.254000 1.200000 -0.096000 61 0
-1.319000 1.483000 -0.050000 50 0
-1.305000 1.412000 -0.069000 51 0
-1.285000 1.337000 -0.083000 66 0
-1.273000 1.273000 -0.097000 54 0
-1.344000 1.585000 -0.054000 55 0
-1.326000 1.504000 -0.072000 55 0
-1.309000 1.425000 -0.085000 55 0
-1.291000 1.350000 -0.098000 60 0
-5.159000 6.382000 -0.218000 61 0
-1.351000 1.605000 -0.075000 44 0
-1.326000 1.512000 -0.087000 53 0
-1.312000 1.436000 -0.100000 62 0
0.000000 -0.000000 -0.000000 0 0
0.000000 -0.000000 -0.000000 0 0
-1.354000 1.617000 -0.090000 38 0
-1.332000 1.525000 -0.101000 57 0
0.000000 -0.000000 -0.000000 0 0
0.000000 -0.000000 -0.000000 0 0
-2.304000 2.883000 -0.155000 0 8
-1.351000 1.620000 -0.102000 17 0
-3.657000 5.243000 -0.184000 18 0
0.000000 -0.000000 -0.000000 0 0
0.000000 -0.000000 -0.000000 0 0
0.000000 -0.000000 -0.000000 0 0
-3.446000 5.198000 -0.183000 42 0
-2.742000 3.952000 -0.173000 6 0
0.000000 -0.000000 -0.000000 0 0
0.000000 -0.000000 -0.000000 0 0
-3.288000 5.224000 -0.186000 23 0
-2.801000 4.245000 -0.182000 23 0
-2.739000 3.957000 -0.192000 15 0
0.000000 -0.000000 -0.000000 0 0
-3.005000 5.030000 -0.181000 2 0
-2.822000 4.501000 -0.190000 3 0
0.000000 -0.000000 -0.000000 0 0
0.000000 -0.000000 -0.000000 0 0
-2.793000 4.938000 -0.179000 18 0
0.000000 -0.000000 -0.000000 0 0
0.000000 -0.000000 -0.000000 0 0
0.000000 -0.000000 -0.000000 0 128
-2.707000 5.058000 -0.185000 14 0
-2.782000 4.932000 -0.203000 2 0
0.000000 -0.000000 -0.000000 0 0
0.000000 -0.000000 -0.000000 0 0
-2.621000 5.184000 -0.191000 14 0
-2.702000 5.058000 -0.205000 14 0
-2.791000 4.947000 -0.210000 2 0
0.000000 -0.000000 -0.000000 0 0
-2.530000 5.312000 -0.198000 15 0
-2.619000 5.191000 -0.208000 15 0
-2.708000 5.066000 -0.209000 14 0
0.000000 -0.000000 -0.000000 0 0
-2.445000 5.459000 -0.205000 1 0
-2.532000 5.321000 -0.211000 15 0
-2.617000 5.181000 -0.206000 14 0
-2.710000 5.061000 -0.205000 14 0
-2.307000 5.494000 -0.208000 1 0
-2.439000 5.445000 -0.213000 1 0
-2.537000 5.321000 -0.205000 15 0
-2.625000 5.184000 -0.199000 14 0
-2.167000 5.516000 -0.211000 1 0
-2.305000 5.482000 -0.213000 1 0
-2.447000 5.450000 -0.203000 1 0
-2.538000 5.307000 -0.192000 15 0
-2.030000 5.543000 -0.215000 1 0
-2.168000 5.512000 -0.211000 1 0
-2.313000 5.484000 -0.198000 1 0
-2.458000 5.455000 -0.187000 0 0
-1.833000 5.393000 -0.211000 72 0
-2.038000 5.553000 -0.211000 1 0
-2.182000 5.528000 -0.193000 1 0
-2.329000 5.502000 -0.177000 1 0
-1.717000 5.464000 -0.216000 21 0
-1.845000 5.415000 -0.204000 29 0
-2.043000 5.546000 -0.188000 1 0
-2.185000 5.507000 -0.167000 1 0
-1.220000 1.081000 -0.035000 59 0
-1.192000 1.021000 -0.056000 7 0
-1.197000 0.990000 -0.075000 15 0
-1.226000 0.978000 -0.095000 10 0
-1.245000 1.157000 -0.038000 13 0
-1.237000 1.110000 -0.059000 11 1
-1.217000 1.054000 -0.076000 1 0
-1.200000 1.002000 -0.093000 1 0
-1.260000 1.227000 -0.040000 54 0
-1.247000 1.173000 -0.061000 61 0
-1.229000 1.114000 -0.078000 63 0
-1.222000 1.068000 -0.094000 30 0
-1.277000 1.305000 -0.043000 56 0
-1.264000 1.246000 -0.063000 62 0
-1.256000 1.193000 -0.080000 12 0
-1.246000 1.139000 -0.096000 12 0
-1.298000 1.391000 -0.046000 57 0
-1.285000 1.328000 -0.066000 52 0
-1.266000 1.258000 -0.081000 62 0
-1.254000 1.200000 -0.096000 61 0
-1.319000 1.483000 -0.050000 50 0
-1.305000 1.412000 -0.069000 51 0
-1.285000 1.337000 -0.083000 66 0
-1.273000 1.273000 -0.097000 54 0
-1.344000 1.585000 -0.054000 55 0
-1.326000 1.504000 -0.072000 55 0
-1.309000 1.425000 -0.085000 55 0
-1.291000 1.350000 -0.098000 60 0
-5.159000 6.382000 -0.218000 61 0
-1.351000 1.605000 -0.075000 44 0
-1.326000 1.512000 -0.087000 53 0
-1.312000 1.436000 -0.100000 62 0
0.000000 -0.000000 -0.000000 0 0
0.000000 -0.000000 -0.000000 0 0
-1.354000 1.617000 -0.090000 38 0
-1.332000 1.525000 -0.101000 57 0
0.000000 -0.000000 -0.000000 0 0
0.000000 -0.000000 -0.000000 0 0
-2.304000 2.883000 -0.155000 0 8
-1.351000 1.620000 -0.102000 17 0
-3.657000 5.243000 -0.184000 18 0
0.000000 -0.000000 -0.000000 0 0
0.000000 -0.000000 -0.000000 0 0
0.000000 -0.000000 -0.000000 0 0
-3.446000 5.198000 -0.183000 42 0
-2.742000 3.952000 -0.173000 6 0
0.000000 -0.000000 -0.000000 0 0
0.000000 -0.000000 -0.000000 0 0
-3.288000 5.224000 -0.186000 23 0
-2.801000 4.245000 -0.182000 23 0
-2.739000 3.957000 -0.192000 15 0
0.000000 -0.000000 -0.000000 0 0
-3.005000 5.030000 -0.181000 2 0
-2.822000 4.501000 -0.190000 3 0
0.000000 -0.000000 -0.000000 0 0
0.000000 -0.000000 -0.000000 0 0
-2.793000 4.938000 -0.179000 18 0
0.000000 -0.000000 -0.000000 0 0
0.000000 -0.000000 -0.000000 0 0
0.000000 -0.000000 -0.000000 0 128
-2.707000 5.058000 -0.185000 14 0
-2.782000 4.932000 -0.203000 2 0
0.000000 -0.000000 -0.000000 0 0
0.000000 -0.000000 -0.000000 0 0
-2.621000 5.184000 -0.191000 14 0
-2.702000 5.058000 -0.205000 14 0
-2.791000 4.947000 -0.210000 2 0
0.000000 -0.000000 -0.000000 0 0
-2.530000 5.312000 -0.198000 15 0
-2.619000 5.191000 -0.208000 15 0
-2.708000 5.066000 -0.209000 14 0
0.000000 -0.000000 -0.000000 0 0
-2.445000 5.459000 -0.205000 1 0
-2.532000 5.321000 -0.211000 15 0
-2.617000 5.181000 -0.206000 14 0
-2.710000 5.061000 -0.205000 14 0
-2.307000 5.494000 -0.208000 1 0
-2.439000 5.445000 -0.213000 1 0
-2.537000 5.321000 -0.205000 15 0
-2.625000 5.184000 -0.199000 14 0
-2.167000 5.516000 -0.211000 1 0
-2.305000 5.482000 -0.213000 1 0
-2.447000 5.450000 -0.203000 1 0
-2.538000 5.307000 -0.192000 15 0
-2.030000 5.543000 -0.215000 1 0
-2.168000 5.512000 -0.211000 1 0
-2.313000 5.484000 -0.198000 1 0
-2.458000 5.455000 -0.187000 0 0
-1.833000 5.393000 -0.211000 72 0
-2.038000 5.553000 -0.211000 1 0
-2.182000 5.528000 -0.193000 1 0
-2.329000 5.502000 -0.177000 1 0
-1.717000 5.464000 -0.216000 21 0
-1.845000 5.415000 -0.204000 29 0
-2.043000 5.546000 -0.188000 1 0
-2.185000 5.507000 -0.167000 1 0
-1.990000 6.897000 -0.275000 52 0
-1.728000 5.483000 -0.204000 14 0
-1.903000 5.558000 -0.182000 2 0
-2.048000 5.530000 -0.157000 2 0
-1.729000 6.557000 -0.264000 67 0
-2.005000 6.918000 -0.256000 46 0
-1.775000 5.599000 -0.177000 2 0
-1.910000 5.541000 -0.148000 6 0
-1.069000 4.475000 -0.182000 1 0
-1.738000 6.557000 -0.241000 81 0
-2.068000 7.091000 -0.217000 85 0
-1.782000 5.580000 -0.139000 15 0
-1.431000 6.663000 -0.275000 70 0
-1.090000 4.530000 -0.165000 0 0
-1.751000 6.551000 -0.195000 89 0
-1.649000 5.603000 -0.130000 11 0
-1.382000 7.256000 -0.303000 126 0
-1.440000 6.655000 -0.241000 90 0
-1.584000 6.530000 -0.188000 4 0
-1.769000 6.557000 -0.141000 62 0
-1.217000 7.301000 -0.308000 132 0
-1.393000 7.250000 -0.260000 150 0
-1.452000 6.655000 -0.185000 90 0
-1.744000 7.117000 -0.141000 33 0
-0.827000 5.788000 -0.247000 25 0
-1.227000 7.298000 -0.260000 132 0
-1.409000 7.253000 -0.194000 129 0
-1.592000 7.214000 -0.131000 113 0
-0.660000 5.526000 -0.238000 80 0
-0.837000 5.790000 -0.205000 26 0
-1.243000 7.299000 -0.189000 110 0
-1.426000 7.247000 -0.120000 117 0
-0.534000 5.565000 -0.243000 54 0
-0.669000 5.525000 -0.195000 83 0
-0.849000 5.786000 -0.145000 25 0
-1.259000 7.286000 -0.109000 117 0
0.000000 -0.000000 -0.000000 0 0
-0.545000 5.563000 -0.195000 57 0
-0.705000 5.718000 -0.138000 21 0
-0.865000 5.789000 -0.078000 21 0
0.000000 -0.000000 -0.000000 0 192
-0.419000 5.624000 -0.196000 1 0
-0.579000 5.795000 -0.135000 17 0
-0.733000 5.829000 -0.069000 22 0
0.000000 -0.000000 -0.000000 0 128
0.000000 -0.000000 -0.000000 0 0
0.000000 -0.000000 -0.000000 0 0
-0.601000 5.872000 -0.061000 10 0
0.000000 -0.000000 -0.000000 0 192
0.000000 -0.000000 -0.000000 0 192
0.000000 -0.000000 -0.000000 0 192
0.000000 -0.000000 -0.000000 0 0
0.000000 -0.000000 -0.000000 0 128
0.000000 -0.000000 -0.000000 0 192
0.000000 -0.000000 -0.000000 0 192
0.000000 -0.000000 -0.000000 0 0
0.000000 -0.000000 -0.000000 0 192
0.000000 -0.000000 -0.000000 0 192
0.000000 -0.000000 -0.000000 0 192
0.000000 -0.000000 -0.000000 0 192
0.000000 -0.000000 -0.000000 0 192
0.000000 -0.000000 -0.000000 0 192
0.000000 -0.000000 -0.000000 0 192
0.000000 -0.000000 -0.000000 0 192
0.000000 -0.000000 -0.000000 0 192
0.000000 -0.000000 -0.000000 0 192
0.000000 -0.000000 -0.000000 0 192
0.000000 -0.000000 -0.000000 0 192
0.185000 1.663000 -0.081000 17 0
0.000000 -0.000000 -0.000000 0 0
0.000000 -0.000000 -0.000000 0 192
0.000000 -0.000000 -0.000000 0 192
0.209000 1.556000 -0.076000 34 0
0.183000 1.666000 -0.056000 17 0
0.000000 -0.000000 -0.000000 0 192
0.000000 -0.000000 -0.000000 0 192
0.246000 1.561000 -0.078000 15 0
0.208000 1.561000 -0.052000 36 0
0.180000 1.654000 -0.026000 16 0
0.145000 1.734000 0.002000 1 0
0.281000 1.551000 -0.078000 16 0
0.245000 1.562000 -0.053000 11 0
0.205000 1.549000 -0.024000 35 0
0.178000 1.658000 0.004000 14 0
0.324000 1.581000 -0.081000 16 0
0.282000 1.566000 -0.053000 11 0
0.242000 1.551000 -0.022000 13 0
0.204000 1.557000 0.006000 31 0
0.363000 1.586000 -0.082000 15 0
0.322000 1.577000 -0.053000 11 0
0.282000 1.566000 -0.022000 12 0
0.241000 1.558000 0.008000 15 0
0.403000 1.595000 -0.084000 14 0
0.363000 1.590000 -0.053000 11 0
0.322000 1.583000 -0.021000 12 0
0.280000 1.568000 0.010000 15 0
-1.990000 6.897000 -0.275000 52 0
-1.728000 5.483000 -0.204000 14 0
-1.903000 5.558000 -0.182000 2 0
-2.048000 5.530000 -0.157000 2 0
-1.729000 6.557000 -0.264000 67 0
-2.005000 6.918000 -0.256000 46 0
-1.775000 5.599000 -0.177000 2 0
-1.910000 5.541000 -0.148000 6 0
-1.069000 4.475000 -0.182000 1 0
-1.738000 6.557000 -0.241000 81 0
-2.068000 7.091000 -0.217000 85 0
-1.782000 5.580000 -0.139000 15 0
-1.431000 6.663000 -0.275000 70 0
-1.090000 4.530000 -0.165000 0 0
-1.751000 6.551000 -0.195000 89 0
-1.649000 5.603000 -0.130000 11 0
-1.382000 7.256000 -0.303000 126 0
-1.440000 6.655000 -0.241000 90 0
-1.584000 6.530000 -0.188000 4 0
-1.769000 6.557000 -0.141000 62 0
-1.217000 7.301000 -0.308000 132 0
-1.393000 7.250000 -0.260000 150 0
-1.452000 6.655000 -0.185000 90 0
-1.744000 7.117000 -0.141000 33 0
-0.827000 5.788000 -0.247000 25 0
-1.227000 7.298000 -0.260000 132 0
-1.409000 7.253000 -0.194000 129 0
-1.592000 7.214000 -0.131000 113 0
-0.660000 5.526000 -0.238000 80 0
-0.837000 5.790000 -0.205000 26 0
-1.243000 7.299000 -0.189000 110 0
-1.426000 7.247000 -0.120000 117 0
-0.534000 5.565000 -0.243000 54 0
-0.669000 5.525000 -0.195000 83 0
-0.849000 5.786000 -0.145000 25 0
-1.259000 7.286000 -0.109000 117 0
0.000000 -0.000000 -0.000000 0 0
-0.545000 5.563000 -0.195000 57 0
-0.705000 5.718000 -0.138000 21 0
-0.865000 5.789000 -0.078000 21 0
0.000000 -0.000000 -0.000000 0 192
-0.419000 5.624000 -0.196000 1 0
-0.579000 5.795000 -0.135000 17 0
-0.733000 5.829000 -0.069000 22 0
0.000000 -0.000000 -0.000000 0 128
0.000000 -0.000000 -0.000000 0 0
0.000000 -0.000000 -0.000000 0 0
-0.601000 5.872000 -0.061000 10 0
0.000000 -0.000000 -0.000000 0 192
0.000000 -0.000000 -0.000000 0 192
0.000000 -0.000000 -0.000000 0 192
0.000000 -0.000000 -0.000000 0 0
0.000000 -0.000000 -0.000000 0 128
0.000000 -0.000000 -0.000000 0 192
0.000000 -0.000000 -0.000000 0 192
0.000000 -0.000000 -0.000000 0 0
0.000000 -0.000000 -0.000000 0 192
0.000000 -0.000000 -0.000000 0 192
0.000000 -0.000000 -0.000000 0 192
0.000000 -0.000000 -0.000000 0 192
0.000000 -0.000000 -0.000000 0 192
0.000000 -0.000000 -0.000000 0 192
0.000000 -0.000000 -0.000000 0 192
0.000000 -0.000000 -0.000000 0 192
0.000000 -0.000000 -0.000000 0 192
0.000000 -0.000000 -0.000000 0 192
0.000000 -0.000000 -0.000000 0 192
0.000000 -0.000000 -0.000000 0 192
0.185000 1.663000 -0.081000 17 0
0.000000 -0.000000 -0.000000 0 0
0.000000 -0.000000 -0.000000 0 192
0.000000 -0.000000 -0.000000 0 192
0.209000 1.556000 -0.076000 34 0
0.183000 1.666000 -0.056000 17 0
0.000000 -0.000000 -0.000000 0 192
0.000000 -0.000000 -0.000000 0 192
0.246000 1.561000 -0.078000 15 0
0.208000 1.561000 -0.052000 36 0
0.180000 1.654000 -0.026000 16 0
0.145000 1.734000 0.002000 1 0
0.281000 1.551000 -0.078000 16 0
0.245000 1.562000 -0.053000 11 0
0.205000 1.549000 -0.024000 35 0
0.178000 1.658000 0.004000 14 0
0.324000 1.581000 -0.081000 16 0
0.282000 1.566000 -0.053000 11 0
0.242000 1.551000 -0.022000 13 0
0.204000 1.557000 0.006000 31 0
0.363000 1.586000 -0.082000 15 0
0.322000 1.577000 -0.053000 11 0
0.282000 1.566000 -0.022000 12 0
0.241000 1.558000 0.008000 15 0
0.403000 1.595000 -0.084000 14 0
0.363000 1.590000 -0.053000 11 0
0.322000 1.583000 -0.021000 12 0
0.280000 1.568000 0.010000 15 0
0.444000 1.603000 -0.086000 57 0
0.402000 1.594000 -0.054000 60 0
0.362000 1.586000 -0.020000 13 0
0.320000 1.576000 0.013000 14 0
0.488000 1.616000 -0.088000 13 0
0.446000 1.608000 -0.054000 11 0
0.404000 1.599000 -0.019000 12 0
0.361000 1.584000 0.015000 14 0
0.528000 1.615000 -0.089000 65 0
0.485000 1.608000 -0.054000 59 0
0.444000 1.601000 -0.017000 12 0
0.400000 1.586000 0.017000 59 0
0.574000 1.631000 -0.091000 58 0
0.531000 1.621000 -0.054000 59 0
0.488000 1.612000 -0.016000 58 0
0.446000 1.605000 0.020000 14 0
0.621000 1.644000 -0.093000 52 0
0.575000 1.629000 -0.055000 55 0
0.534000 1.625000 -0.015000 13 0
0.488000 1.608000 0.022000 60 0
0.667000 1.651000 -0.095000 55 0
0.621000 1.639000 -0.055000 52 0
0.577000 1.629000 -0.014000 63 0
0.534000 1.623000 0.025000 57 0
0.714000 1.660000 -0.097000 47 0
0.670000 1.653000 -0.056000 50 0
0.625000 1.642000 -0.013000 58 0
0.579000 1.629000 0.027000 63 0
0.768000 1.679000 -0.099000 41 0
0.721000 1.667000 -0.056000 49 0
0.675000 1.654000 -0.012000 54 0
0.628000 1.643000 0.030000 53 0
0.995000 2.051000 -0.124000 61 0
0.772000 1.678000 -0.057000 30 0
0.723000 1.661000 -0.011000 38 0
0.679000 1.656000 0.033000 39 0
1.072000 2.089000 -0.128000 10 0
1.013000 2.075000 -0.071000 15 0
0.776000 1.676000 -0.010000 17 0
0.728000 1.663000 0.036000 24 0
0.000000 -0.000000 -0.000000 0 0
1.082000 2.095000 -0.072000 2 0
1.028000 2.090000 -0.011000 5 0
0.785000 1.684000 0.039000 6 0
0.000000 -0.000000 -0.000000 0 128
0.000000 -0.000000 -0.000000 0 0
0.000000 -0.000000 -0.000000 0 0
0.000000 -0.000000 -0.000000 0 0
0.000000 -0.000000 -0.000000 0 128
0.000000 -0.000000 -0.000000 0 128
0.000000 -0.000000 -0.000000 0 128
0.000000 -0.000000 -0.000000 0 128
0.000000 -0.000000 -0.000000 0 128
0.000000 -0.000000 -0.000000 0 128
0.000000 -0.000000 -0.000000 0 128
0.000000 -0.000000 -0.000000 0 128
0.000000 -0.000000 -0.000000 0 128
0.000000 -0.000000 -0.000000 0 128
0.000000 -0.000000 -0.000000 0 128
0.000000 -0.000000 -0.000000 0 128
0.000000 -0.000000 -0.000000 0 128
0.000000 -0.000000 -0.000000 0 128
0.000000 -0.000000 -0.000000 0 128
0.000000 -0.000000 -0.000000 0 128
0.000000 -0.000000 -0.000000 0 128
0.000000 -0.000000 -0.000000 0 128
0.000000 -0.000000 -0.000000 0 128
0.000000 -0.000000 -0.000000 0 128
0.000000 -0.000000 -0.000000 0 128
0.000000 -0.000000 -0.000000 0 128
0.000000 -0.000000 -0.000000 0 128
0.000000 -0.000000 -0.000000 0 128
0.000000 -0.000000 -0.000000 0 128
0.000000 -0.000000 -0.000000 0 128
0.000000 -0.000000 -0.000000 0 128
0.000000 -0.000000 -0.000000 0 192
0.000000 -0.000000 -0.000000 0 128
0.000000 -0.000000 -0.000000 0 128
0.000000 -0.000000 -0.000000 0 128
0.000000 -0.000000 -0.000000 0 128
0.000000 -0.000000 -0.000000 0 128
0.000000 -0.000000 -0.000000 0 128
0.000000 -0.000000 -0.000000 0 128
0.000000 -0.000000 -0.000000 0 128
0.000000 -0.000000 -0.000000 0 128
0.000000 -0.000000 -0.000000 0 128
0.000000 -0.000000 -0.000000 0 128
0.000000 -0.000000 -0.000000 0 128
0.000000 -0.000000 -0.000000 0 128
0.000000 -0.000000 -0.000000 0 128
0.000000 -0.000000 -0.000000 0 128
0.000000 -0.000000 -0.000000 0 128
0.000000 -0.000000 -0.000000 0 128
0.000000 -0.000000 -0.000000 0 128
0.000000 -0.000000 -0.000000 0 128
0.000000 -0.000000 -0.000000 0 128
0.444000 1.603000 -0.086000 57 0
0.402000 1.594000 -0.054000 60 0
0.362000 1.586000 -0.020000 13 0
0.320000 1.576000 0.013000 14 0
0.488000 1.616000 -0.088000 13 0
0.446000 1.608000 -0.054000 11 0
0.404000 1.599000 -0.019000 12 0
0.361000 1.584000 0.015000 14 0
0.528000 1.615000 -0.089000 65 0
0.485000 1.608000 -0.054000 59 0
0.444000 1.601000 -0.017000 12 0
0.400000 1.586000 0.017000 59 0
0.574000 1.631000 -0.091000 58 0
0.531000 1.621000 -0.054000 59 0
0.488000 1.612000 -0.016000 58 0
0.446000 1.605000 0.020000 14 0
0.621000 1.644000 -0.093000 52 0
0.575000 1.629000 -0.055000 55 0
0.534000 1.625000 -0.015000 13 0
0.488000 1.608000 0.022000 60 0
0.667000 1.651000 -0.095000 55 0
0.621000 1.639000 -0.055000 52 0
0.577000 1.629000 -0.014000 63 0
0.534000 1.623000 0.025000 57 0
0.714000 1.660000 -0.097000 47 0
0.670000 1.653000 -0.056000 50 0
0.625000 1.642000 -0.013000 58 0
0.579000 1.629000 0.027000 63 0
0.768000 1.679000 -0.099000 41 0
0.721000 1.667000 -0.056000 49 0
0.675000 1.654000 -0.012000 54 0
0.628000 1.643000 0.030000 53 0
0.995000 2.051000 -0.124000 61 0
0.772000 1.678000 -0.057000 30 0
0.723000 1.661000 -0.011000 38 0
0.679000 1.656000 0.033000 39 0
1.072000 2.089000 -0.128000 10 0
1.013000 2.075000 -0.071000 15 0
0.776000 1.676000 -0.010000 17 0
0.728000 1.663000 0.036000 24 0
0.000000 -0.000000 -0.000000 0 0
1.082000 2.095000 -0.072000 2 0
1.028000 2.090000 -0.011000 5 0
0.785000 1.684000 0.039000 6 0
0.000000 -0.000000 -0.000000 0 128
0.000000 -0.000000 -0.000000 0 0
0.000000 -0.000000 -0.000000 0 0
0.000000 -0.000000 -0.000000 0 0
0.000000 -0.000000 -0.000000 0 128
0.000000 -0.000000 -0.000000 0 128
0.000000 -0.000000 -0.000000 0 128
0.000000 -0.000000 -0.000000 0 128
0.000000 -0.000000 -0.000000 0 128
0.000000 -0.000000 -0.000000 0 128
0.000000 -0.000000 -0.000000 0 128
0.000000 -0.000000 -0.000000 0 128
0.000000 -0.000000 -0.000000 0 128
0.000000 -0.000000 -0.000000 0 128
0.000000 -0.000000 -0.000000 0 128
0.000000 -0.000000 -0.000000 0 128
0.000000 -0.000000 -0.000000 0 128
0.000000 -0.000000 -0.000000 0 128
0.000000 -0.000000 -0.000000 0 128
0.000000 -0.000000 -0.000000 0 128
0.000000 -0.000000 -0.000000 0 128
0.000000 -0.000000 -0.000000 0 128
0.000000 -0.000000 -0.000000 0 128
0.000000 -0.000000 -0.000000 0 128
0.000000 -0.000000 -0.000000 0 128
0.000000 -0.000000 -0.000000 0 128
0.000000 -0.000000 -0.000000 0 128
0.000000 -0.000000 -0.000000 0 128
0.000000 -0.000000 -0.000000 0 128
0.000000 -0.000000 -0.000000 0 128
0.000000 -0.000000 -0.000000 0 128
0.000000 -0.000000 -0.000000 0 192
0.000000 -0.000000 -0.000000 0 128
0.000000 -0.000000 -0.000000 0 128
0.000000 -0.000000 -0.000000 0 128
0.000000 -0.000000 -0.000000 0 128
0.000000 -0.000000 -0.000000 0 128
0.000000 -0.000000 -0.000000 0 128
0.000000 -0.000000 -0.000000 0 128
0.000000 -0.000000 -0.000000 0 128
0.000000 -0.000000 -0.000000 0 128
0.000000 -0.000000 -0.000000 0 128
0.000000 -0.000000 -0.000000 0 128
0.000000 -0.000000 -0.000000 0 128
0.000000 -0.000000 -0.000000 0 128
0.000000 -0.000000 -0.000000 0 128
0.000000 -0.000000 -0.000000 0 128
0.000000 -0.000000 -0.000000 0 128
0.000000 -0.000000 -0.000000 0 128
0.000000 -0.000000 -0.000000 0 128
0.000000 -0.000000 -0.000000 0 128
0.000000 -0.000000 -0.000000 0 128
0.000000 -0.000000 -0.000000 0 128
0.000000 -0.000000 -0.000000 0 128
0.000000 -0.000000 -0.000000 0 128
0.000000 -0.000000 -0.000000 0 128
0.000000 -0.000000 -0.000000 0 128
0.000000 -0.000000 -0.000000 0 128
0.000000 -0.000000 -0.000000 0 128
0.000000 -0.000000 -0.000000 0 128
0.000000 -0.000000 -0.000000 0 128
0.000000 -0.000000 -0.000000 0 128
0.000000 -0.000000 -0.000000 0 192
0.000000 -0.000000 -0.000000 0 192
0.000000 -0.000000 -0.000000 0 128
0.000000 -0.000000 -0.000000 0 128
0.000000 -0.000000 -0.000000 0 128
0.000000 -0.000000 -0.000000 0 128
0.000000 -0.000000 -0.000000 0 128
0.000000 -0.000000 -0.000000 0 0
0.000000 -0.000000 -0.000000 0 0
0.000000 -0.000000 -0.000000 0 128
0.000000 -0.000000 -0.000000 0 0
0.000000 -0.000000 -0.000000 0 0
0.000000 -0.000000 -0.000000 0 0
0.000000 -0.000000 -0.000000 0 128
0.000000 -0.000000 -0.000000 0 0
0.000000 -0.000000 -0.000000 0 0
0.000000 -0.000000 -0.000000 0 0
0.000000 -0.000000 -0.000000 0 128
0.000000 -0.000000 -0.000000 0 0
0.000000 -0.000000 -0.000000 0 0
0.000000 -0.000000 -0.000000 0 0
0.000000 -0.000000 -0.000000 0 128
0.000000 -0.000000 -0.000000 0 0
0.000000 -0.000000 -0.000000 0 0
0.000000 -0.000000 -0.000000 0 0
0.000000 -0.000000 -0.000000 0 128
0.000000 -0.000000 -0.000000 0 0
0.000000 -0.000000 -0.000000 0 0
0.000000 -0.000000 -0.000000 0 0
0.000000 -0.000000 -0.000000 0 128
0.000000 -0.000000 -0.000000 0 0
0.000000 -0.000000 -0.000000 0 0
0.000000 -0.000000 -0.000000 0 0
0.000000 -0.000000 -0.000000 0 128
0.000000 -0.000000 -0.000000 0 0
0.000000 -0.000000 -0.000000 0 0
0.000000 -0.000000 -0.000000 0 0
0.000000 -0.000000 -0.000000 0 128
0.000000 -0.000000 -0.000000 0 0
0.000000 -0.000000 -0.000000 0 0
0.000000 -0.000000 -0.000000 0 0
0.000000 -0.000000 -0.000000 0 0
0.000000 -0.000000 -0.000000 0 0
0.000000 -0.000000 -0.000000 0 0
0.000000 -0.000000 -0.000000 0 0
0.000000 -0.000000 -0.000000 0 128
0.000000 -0.000000 -0.000000 0 0
0.000000 -0.000000 -0.000000 0 0
0.000000 -0.000000 -0.000000 0 0
0.000000 -0.000000 -0.000000 0 0
0.000000 -0.000000 -0.000000 0 0
0.000000 -0.000000 -0.000000 0 0
0.000000 -0.000000 -0.000000 0 0
0.000000 -0.000000 -0.000000 0 0
0.000000 -0.000000 -0.000000 0 0
0.000000 -0.000000 -0.000000 0 0
0.000000 -0.000000 -0.000000 0 0
0.000000 -0.000000 -0.000000 0 0
0.000000 -0.000000 -0.000000 0 0
0.000000 -0.000000 -0.000000 0 0
0.000000 -0.000000 -0.000000 0 0
0.000000 -0.000000 -0.000000 0 0
0.000000 -0.000000 -0.000000 0 0
0.000000 -0.000000 -0.000000 0 0
0.000000 -0.000000 -0.000000 0 0
0.000000 -0.000000 -0.000000 0 0
0.000000 -0.000000 -0.000000 0 128
0.000000 -0.000000 -0.000000 0 0
0.000000 -0.000000 -0.000000 0 0
0.000000 -0.000000 -0.000000 0 128
0.000000 -0.000000 -0.000000 0 128
0.000000 -0.000000 -0.000000 0 128
0.000000 -0.000000 -0.000000 0 0
0.000000 -0.000000 -0.000000 0 128
0.000000 -0.000000 -0.000000 0 0
0.000000 -0.000000 -0.000000 0 128
0.000000 -0.000000 -0.000000 0 0
0.000000 -0.000000 -0.000000 0 128
0.000000 -0.000000 -0.000000 0 128
0.000000 -0.000000 -0.000000 0 128
0.000000 -0.000000 -0.000000 0 0
0.000000 -0.000000 -0.000000 0 128
0.000000 -0.000000 -0.000000 0 0
0.000000 -0.000000 -0.000000 0 128
0.000000 -0.000000 -0.000000 0 0
0.000000 -0.000000 -0.000000 0 128
0.000000 -0.000000 -0.000000 0 128
0.000000 -0.000000 -0.000000 0 128
0.000000 -0.000000 -0.000000 0 128
0.000000 -0.000000 -0.000000 0 128
0.000000 -0.000000 -0.000000 0 128
0.000000 -0.000000 -0.000000 0 128
0.000000 -0.000000 -0.000000 0 128
0.000000 -0.000000 -0.000000 0 128
0.000000 -0.000000 -0.000000 0 128
0.000000 -0.000000 -0.000000 0 128
0.000000 -0.000000 -0.000000 0 192
0.000000 -0.000000 -0.000000 0 192
0.000000 -0.000000 -0.000000 0 128
0.000000 -0.000000 -0.000000 0 128
0.000000 -0.000000 -0.000000 0 128
0.000000 -0.000000 -0.000000 0 128
0.000000 -0.000000 -0.000000 0 128
0.000000 -0.000000 -0.000000 0 0
0.000000 -0.000000 -0.000000 0 0
0.000000 -0.000000 -0.000000 0 128
0.000000 -0.000000 -0.000000 0 0
0.000000 -0.000000 -0.000000 0 0
0.000000 -0.000000 -0.000000 0 0
0.000000 -0.000000 -0.000000 0 128
0.000000 -0.000000 -0.000000 0 0
0.000000 -0.000000 -0.000000 0 0
0.000000 -0.000000 -0.000000 0 0
0.000000 -0.000000 -0.000000 0 128
0.000000 -0.000000 -0.000000 0 0
0.000000 -0.000000 -0.000000 0 0
0.000000 -0.000000 -0.000000 0 0
0.000000 -0.000000 -0.000000 0 128
0.000000 -0.000000 -0.000000 0 0
0.000000 -0.000000 -0.000000 0 0
0.000000 -0.000000 -0.000000 0 0
0.000000 -0.000000 -0.000000 0 128
0.000000 -0.000000 -0.000000 0 0
0.000000 -0.000000 -0.000000 0 0
0.000000 -0.000000 -0.000000 0 0
0.000000 -0.000000 -0.000000 0 128
0.000000 -0.000000 -0.000000 0 0
0.000000 -0.000000 -0.000000 0 0
0.000000 -0.000000 -0.000000 0 0
0.000000 -0.000000 -0.000000 0 128
0.000000 -0.000000 -0.000000 0 0
0.000000 -0.000000 -0.000000 0 0
0.000000 -0.000000 -0.000000 0 0
0.000000 -0.000000 -0.000000 0 128
0.000000 -0.000000 -0.000000 0 0
0.000000 -0.000000 -0.000000 0 0
0.000000 -0.000000 -0.000000 0 0
0.000000 -0.000000 -0.000000 0 0
0.000000 -0.000000 -0.000000 0 0
0.000000 -0.000000 -0.000000 0 0
0.000000 -0.000000 -0.000000 0 0
0.000000 -0.000000 -0.000000 0 128
0.000000 -0.000000 -0.000000 0 0
0.000000 -0.000000 -0.000000 0 0
0.000000 -0.000000 -0.000000 0 0
0.000000 -0.000000 -0.000000 0 0
0.000000 -0.000000 -0.000000 0 0
0.000000 -0.000000 -0.000000 0 0
0.000000 -0.000000 -0.000000 0 0
0.000000 -0.000000 -0.000000 0 0
0.000000 -0.000000 -0.000000 0 0
0.000000 -0.000000 -0.000000 0 0
0.000000 -0.000000 -0.000000 0 0
0.000000 -0.000000 -0.000000 0 0
0.000000 -0.000000 -0.000000 0 0
0.000000 -0.000000 -0.000000 0 0
0.000000 -0.000000 -0.000000 0 0
0.000000 -0.000000 -0.000000 0 0
0.000000 -0.000000 -0.000000 0 0
0.000000 -0.000000 -0.000000 0 0
0.000000 -0.000000 -0.000000 0 0
0.000000 -0.000000 -0.000000 0 0
0.000000 -0.000000 -0.000000 0 128
0.000000 -0.000000 -0.000000 0 0
0.000000 -0.000000 -0.000000 0 0
0.000000 -0.000000 -0.000000 0 128
0.000000 -0.000000 -0.000000 0 128
0.000000 -0.000000 -0.000000 0 128
0.000000 -0.000000 -0.000000 0 0
0.000000 -0.000000 -0.000000 0 128
0.000000 -0.000000 -0.000000 0 0
0.000000 -0.000000 -0.000000 0 128
0.000000 -0.000000 -0.000000 0 0
0.000000 -0.000000 -0.000000 0 128
0.000000 -0.000000 -0.000000 0 128
0.000000 -0.000000 -0.000000 0 128
0.000000 -0.000000 -0.000000 0 0
0.000000 -0.000000 -0.000000 0 128
0.000000 -0.000000 -0.000000 0 0
0.000000 -0.000000 -0.000000 0 128
0.000000 -0.000000 -0.000000 0 0
0.000000 -0.000000 -0.000000 0 128
0.000000 -0.000000 -0.000000 0 0
0.000000 -0.000000 -0.000000 0 0
0.000000 -0.000000 -0.000000 0 0
4.787000 1.082000 0.247000 68 64
0.000000 -0.000000 -0.000000 0 0
0.000000 -0.000000 -0.000000 0 0
0.000000 -0.000000 -0.000000 0 0
0.000000 -0.000000 -0.000000 0 0
0.000000 -0.000000 -0.000000 0 0
0.000000 -0.000000 -0.000000 0 0
0.000000 -0.000000 -0.000000 0 0
0.000000 -0.000000 -0.000000 0 128
0.000000 -0.000000 -0.000000 0 0
0.000000 -0.000000 -0.000000 0 0
0.000000 -0.000000 -0.000000 0 0
0.000000 -0.000000 -0.000000 0 128
0.000000 -0.000000 -0.000000 0 0
0.000000 -0.000000 -0.000000 0 0
0.000000 -0.000000 -0.000000 0 128
0.000000 -0.000000 -0.000000 0 192
0.000000 -0.000000 -0.000000 0 0
0.000000 -0.000000 -0.000000 0 0
0.000000 -0.000000 -0.000000 0 128
0.000000 -0.000000 -0.000000 0 192
0.000000 -0.000000 -0.000000 0 0
0.000000 -0.000000 -0.000000 0 128
0.000000 -0.000000 -0.000000 0 192
0.000000 -0.000000 -0.000000 33 192
0.000000 -0.000000 -0.000000 0 128
0.000000 -0.000000 -0.000000 0 128
0.000000 -0.000000 -0.000000 0 192
0.000000 -0.000000 -0.000000 0 192
0.000000 -0.000000 -0.000000 0 128
0.000000 -0.000000 -0.000000 0 128
0.000000 -0.000000 -0.000000 0 192
0.000000 -0.000000 -0.000000 151 192
0.000000 -0.000000 -0.000000 0 128
0.000000 -0.000000 -0.000000 0 128
0.000000 -0.000000 -0.000000 0 192
0.000000 -0.000000 -0.000000 0 192
0.000000 -0.000000 -0.000000 0 128
0.000000 -0.000000 -0.000000 0 192
0.000000 -0.000000 -0.000000 0 192
0.000000 -0.000000 -0.000000 150 192
0.000000 -0.000000 -0.000000 0 128
0.000000 -0.000000 -0.000000 0 128
0.000000 -0.000000 -0.000000 0 192
0.000000 -0.000000 -0.000000 0 192
0.000000 -0.000000 -0.000000 0 128
0.000000 -0.000000 -0.000000 0 128
0.000000 -0.000000 -0.000000 0 192
0.000000 -0.000000 -0.000000 0 192
0.000000 -0.000000 -0.000000 0 128
0.000000 -0.000000 -0.000000 0 128
0.000000 -0.000000 -0.000000 0 192
0.000000 -0.000000 -0.000000 0 192
0.000000 -0.000000 -0.000000 0 128
0.000000 -0.000000 -0.000000 0 128
0.000000 -0.000000 -0.000000 0 128
0.000000 -0.000000 -0.000000 0 192
0.000000 -0.000000 -0.000000 0 128
0.000000 -0.000000 -0.000000 0 128
0.000000 -0.000000 -0.000000 0 128
0.000000 -0.000000 -0.000000 0 128
0.000000 -0.000000 -0.000000 0 128
0.000000 -0.000000 -0.000000 0 0
0.000000 -0.000000 -0.000000 0 0
0.000000 -0.000000 -0.000000 0 128
0.000000 -0.000000 -0.000000 0 0
0.000000 -0.000000 -0.000000 0 0
0.000000 -0.000000 -0.000000 0 0
0.000000 -0.000000 -0.000000 0 128
0.000000 -0.000000 -0.000000 0 0
0.000000 -0.000000 -0.000000 0 0
0.000000 -0.000000 -0.000000 0 0
0.000000 -0.000000 -0.000000 0 128
0.000000 -0.000000 -0.000000 0 0
0.000000 -0.000000 -0.000000 0 0
0.000000 -0.000000 -0.000000 0 0
0.000000 -0.000000 -0.000000 0 128
0.000000 -0.000000 -0.000000 0 0
0.000000 -0.000000 -0.000000 0 0
0.000000 -0.000000 -0.000000 0 0
0.000000 -0.000000 -0.000000 0 128
0.000000 -0.000000 -0.000000 0 0
0.000000 -0.000000 -0.000000 0 0
0.000000 -0.000000 -0.000000 0 0
0.000000 -0.000000 -0.000000 0 128
0.000000 -0.000000 -0.000000 0 0
0.000000 -0.000000 -0.000000 0 0
0.000000 -0.000000 -0.000000 0 0
0.000000 -0.000000 -0.000000 0 0
0.000000 -0.000000 -0.000000 0 0
0.000000 -0.000000 -0.000000 0 0
0.000000 -0.000000 -0.000000 0 0
0.000000 -0.000000 -0.000000 0 0
0.000000 -0.000000 -0.000000 0 0
0.000000 -0.000000 -0.000000 0 0
0.000000 -0.000000 -0.000000 0 0
4.787000 1.082000 0.247000 68 64
0.000000 -0.000000 -0.000000 0 0
0.000000 -0.000000 -0.000000 0 0
0.000000 -0.000000 -0.000000 0 0
0.000000 -0.000000 -0.000000 0 0
0.000000 -0.000000 -0.000000 0 0
0.000000 -0.000000 -0.000000 0 0
0.000000 -0.000000 -0.000000 0 0
0.000000 -0.000000 -0.000000 0 128
0.000000 -0.000000 -0.000000 0 0
0.000000 -0.000000 -0.000000 0 0
0.000000 -0.000000 -0.000000 0 0
0.000000 -0.000000 -0.000000 0 128
0.000000 -0.000000 -0.000000 0 0
0.000000 -0.000000 -0.000000 0 0
0.000000 -0.000000 -0.000000 0 128
0.000000 -0.000000 -0.000000 0 192
0.000000 -0.000000 -0.000000 0 0
0.000000 -0.000000 -0.000000 0 0
0.000000 -0.000000 -0.000000 0 128
0.000000 -0.000000 -0.000000 0 192
0.000000 -0.000000 -0.000000 0 0
0.000000 -0.000000 -0.000000 0 128
0.000000 -0.000000 -0.000000 0 192
0.000000 -0.000000 -0.000000 33 192
0.000000 -0.000000 -0.000000 0 128
0.000000 -0.000000 -0.000000 0 128
0.000000 -0.000000 -0.000000 0 192
0.000000 -0.000000 -0.000000 0 192
0.000000 -0.000000 -0.000000 0 128
0.000000 -0.000000 -0.000000 0 128
0.000000 -0.000000 -0.000000 0 192
0.000000 -0.000000 -0.000000 151 192
0.000000 -0.000000 -0.000000 0 128
0.000000 -0.000000 -0.000000 0 128
0.000000 -0.000000 -0.000000 0 192
0.000000 -0.000000 -0.000000 0 192
0.000000 -0.000000 -0.000000 0 128
0.000000 -0.000000 -0.000000 0 192
0.000000 -0.000000 -0.000000 0 192
0.000000 -0.000000 -0.000000 150 192
0.000000 -0.000000 -0.000000 0 128
0.000000 -0.000000 -0.000000 0 128
0.000000 -0.000000 -0.000000 0 192
0.000000 -0.000000 -0.000000 0 192
0.000000 -0.000000 -0.000000 0 128
0.000000 -0.000000 -0.000000 0 128
0.000000 -0.000000 -0.000000 0 192
0.000000 -0.000000 -0.000000 0 192
0.000000 -0.000000 -0.000000 0 128
0.000000 -0.000000 -0.000000 0 128
0.000000 -0.000000 -0.000000 0 192
0.000000 -0.000000 -0.000000 0 192
0.000000 -0.000000 -0.000000 0 128
0.000000 -0.000000 -0.000000 0 128
0.000000 -0.000000 -0.000000 0 128
0.000000 -0.000000 -0.000000 0 192
0.000000 -0.000000 -0.000000 0 128
0.000000 -0.000000 -0.000000 0 128
0.000000 -0.000000 -0.000000 0 128
0.000000 -0.000000 -0.000000 0 128
0.000000 -0.000000 -0.000000 0 128
0.000000 -0.000000 -0.000000 0 0
0.000000 -0.000000 -0.000000 0 0
0.000000 -0.000000 -0.000000 0 128
0.000000 -0.000000 -0.000000 0 0
0.000000 -0.000000 -0.000000 0 0
0.000000 -0.000000 -0.000000 0 0
0.000000 -0.000000 -0.000000 0 128
0.000000 -0.000000 -0.000000 0 0
0.000000 -0.000000 -0.000000 0 0
0.000000 -0.000000 -0.000000 0 0
0.000000 -0.000000 -0.000000 0 128
0.000000 -0.000000 -0.000000 0 0
0.000000 -0.000000 -0.000000 0 0
0.000000 -0.000000 -0.000000 0 0
0.000000 -0.000000 -0.000000 0 128
0.000000 -0.000000 -0.000000 0 0
0.000000 -0.000000 -0.000000 0 0
0.000000 -0.000000 -0.000000 0 0
0.000000 -0.000000 -0.000000 0 128
0.000000 -0.000000 -0.000000 0 0
0.000000 -0.000000 -0.000000 0 0
0.000000 -0.000000 -0.000000 0 0
0.000000 -0.000000 -0.000000 0 128
0.000000 -0.000000 -0.000000 0 0
0.000000 -0.000000 -0.000000 0 0
0.000000 -0.000000 -0.000000 0 0
0.000000 -0.000000 -0.000000 0 0
0.000000 -0.000000 -0.000000 0 0
0.000000 -0.000000 -0.000000 0 0
0.000000 -0.000000 -0.000000 0 0
0.000000 -0.000000 -0.000000 0 0
0.000000 -0.000000 -0.000000 0 0
0.000000 -0.000000 -0.000000 0 0
0.000000 -0.000000 -0.000000 0 0
0.000000 -0.000000 -0.000000 0 0
0.000000 -0.000000 -0.000000 0 0
0.000000 -0.000000 -0.000000 0 0
0.000000 -0.000000 -0.000000 0 0
0.000000 -0.000000 -0.000000 0 0
0.000000 -0.000000 -0.000000 0 0
0.000000 -0.000000 -0.000000 0 0
0.000000 -0.000000 -0.000000 0 0
0.000000 -0.000000 -0.000000 0 0
0.000000 -0.000000 -0.000000 0 0
0.000000 -0.000000 -0.000000 0 0
0.000000 -0.000000 -0.000000 0 0
0.000000 -0.000000 -0.000000 0 0
0.000000 -0.000000 -0.000000 0 0
0.000000 -0.000000 -0.000000 0 0
0.000000 -0.000000 -0.000000 0 0
0.000000 -0.000000 -0.000000 0 0
0.000000 -0.000000 -0.000000 0 0
0.000000 -0.000000 -0.000000 0 0
0.000000 -0.000000 -0.000000 0 0
0.000000 -0.000000 -0.000000 0 0
0.000000 -0.000000 -0.000000 0 0
0.000000 -0.000000 -0.000000 0 0
0.000000 -0.000000 -0.000000 0 0
0.000000 -0.000000 -0.000000 0 0
0.000000 -0.000000 -0.000000 0 0
0.000000 -0.000000 -0.000000 0 0
0.000000 -0.000000 -0.000000 0 0
0.000000 -0.000000 -0.000000 0 0
0.000000 -0.000000 -0.000000 0 0
0.000000 -0.000000 -0.000000 0 0
0.000000 -0.000000 -0.000000 0 0
0.000000 -0.000000 -0.000000 0 0
0.000000 -0.000000 -0.000000 0 0
0.000000 -0.000000 -0.000000 0 0
0.000000 -0.000000 -0.000000 0 0
0.000000 -0.000000 -0.000000 0 0
0.000000 -0.000000 -0.000000 0 0
0.000000 -0.000000 -0.000000 0 0
0.000000 -0.000000 -0.000000 0 0
0.000000 -0.000000 -0.000000 0 128
0.000000 -0.000000 -0.000000 0 0
0.000000 -0.000000 -0.000000 0 0
0.000000 -0.000000 -0.000000 0 0
0.000000 -0.000000 -0.000000 0 128
0.000000 -0.000000 -0.000000 0 0
0.000000 -0.000000 -0.000000 0 0
0.000000 -0.000000 -0.000000 0 0
0.000000 -0.000000 -0.000000 0 0
0.000000 -0.000000 -0.000000 0 0
0.000000 -0.000000 -0.000000 0 0
0.000000 -0.000000 -0.000000 0 0
0.000000 -0.000000 -0.000000 0 128
0.000000 -0.000000 -0.000000 0 128
0.000000 -0.000000 -0.000000 0 0
0.000000 -0.000000 -0.000000 0 0
0.000000 -0.000000 -0.000000 0 128
0.000000 -0.000000 -0.000000 0 0
0.000000 -0.000000 -0.000000 0 0
0.000000 -0.000000 -0.000000 0 0
0.000000 -0.000000 -0.000000 0 128
0.000000 -0.000000 -0.000000 0 0
0.000000 -0.000000 -0.000000 0 0
0.000000 -0.000000 -0.000000 0 128
0.000000 -0.000000 -0.000000 0 128
0.000000 -0.000000 -0.000000 0 0
0.000000 -0.000000 -0.000000 0 128
0.000000 -0.000000 -0.000000 0 128
0.000000 -0.000000 -0.000000 0 128
0.000000 -0.000000 -0.000000 0 0
0.000000 -0.000000 -0.000000 0 128
0.000000 -0.000000 -0.000000 0 128
0.000000 -0.000000 -0.000000 0 128
0.000000 -0.000000 -0.000000 0 128
0.000000 -0.000000 -0.000000 0 128
0.000000 -0.000000 -0.000000 0 128
0.000000 -0.000000 -0.000000 0 128
0.000000 -0.000000 -0.000000 0 128
0.000000 -0.000000 -0.000000 0 128
0.000000 -0.000000 -0.000000 0 0
0.000000 -0.000000 -0.000000 0 128
0.000000 -0.000000 -0.000000 0 128
0.000000 -0.000000 -0.000000 0 128
0.000000 -0.000000 -0.000000 0 0
0.000000 -0.000000 -0.000000 0 128
0.000000 -0.000000 -0.000000 0 128
0.000000 -0.000000 -0.000000 0 0
0.000000 -0.000000 -0.000000 0 0
0.000000 -0.000000 -0.000000 0 128
0.000000 -0.000000 -0.000000 0 128
0.000000 -0.000000 -0.000000 0 0
0.000000 -0.000000 -0.000000 0 0
0.000000 -0.000000 -0.000000 0 128
0.000000 -0.000000 -0.000000 0 0
0.000000 -0.000000 -0.000000 0 0
0.000000 -0.000000 -0.000000 0 0
0.000000 -0.000000 -0.000000 0 0
0.000000 -0.000000 -0.000000 0 0
0.000000 -0.000000 -0.000000 0 0
0.000000 -0.000000 -0.000000 0 0
0.000000 -0.000000 -0.000000 0 0
0.000000 -0.000000 -0.000000 0 0
0.000000 -0.000000 -0.000000 0 0
0.000000 -0.000000 -0.000000 0 0
0.000000 -0.000000 -0.000000 0 0
0.000000 -0.000000 -0.000000 0 0
0.000000 -0.000000 -0.000000 0 0
0.000000 -0.000000 -0.000000 0 0
0.000000 -0.000000 -0.000000 0 0
0.000000 -0.000000 -0.000000 0 0
0.000000 -0.000000 -0.000000 0 0
0.000000 -0.000000 -0.000000 0 0
0.000000 -0.000000 -0.000000 0 0
0.000000 -0.000000 -0.000000 0 0
0.000000 -0.000000 -0.000000 0 0
0.000000 -0.000000 -0.000000 0 0
0.000000 -0.000000 -0.000000 0 0
0.000000 -0.000000 -0.000000 0 0
0.000000 -0.000000 -0.000000 0 0
0.000000 -0.000000 -0.000000 0 0
0.000000 -0.000000 -0.000000 0 0
0.000000 -0.000000 -0.000000 0 0
0.000000 -0.000000 -0.000000 0 0
0.000000 -0.000000 -0.000000 0 0
0.000000 -0.000000 -0.000000 0 0
0.000000 -0.000000 -0.000000 0 0
0.000000 -0.000000 -0.000000 0 0
0.000000 -0.000000 -0.000000 0 0
0.000000 -0.000000 -0.000000 0 0
0.000000 -0.000000 -0.000000 0 0
0.000000 -0.000000 -0.000000 0 0
0.000000 -0.000000 -0.000000 0 0
0.000000 -0.000000 -0.000000 0 0
0.000000 -0.000000 -0.000000 0 0
0.000000 -0.000000 -0.000000 0 0
0.000000 -0.000000 -0.000000 0 0
0.000000 -0.000000 -0.000000 0 128
0.000000 -0.000000 -0.000000 0 0
0.000000 -0.000000 -0.000000 0 0
0.000000 -0.000000 -0.000000 0 0
0.000000 -0.000000 -0.000000 0 128
0.000000 -0.000000 -0.000000 0 0
0.000000 -0.000000 -0.000000 0 0
0.000000 -0.000000 -0.000000 0 0
0.000000 -0.000000 -0.000000 0 0
0.000000 -0.000000 -0.000000 0 0
0.000000 -0.000000 -0.000000 0 0
0.000000 -0.000000 -0.000000 0 0
0.000000 -0.000000 -0.000000 0 128
0.000000 -0.000000 -0.000000 0 128
0.000000 -0.000000 -0.000000 0 0
0.000000 -0.000000 -0.000000 0 0
0.000000 -0.000000 -0.000000 0 128
0.000000 -0.000000 -0.000000 0 0
0.000000 -0.000000 -0.000000 0 0
0.000000 -0.000000 -0.000000 0 0
0.000000 -0.000000 -0.000000 0 128
0.000000 -0.000000 -0.000000 0 0
0.000000 -0.000000 -0.000000 0 0
0.000000 -0.000000 -0.000000 0 128
0.000000 -0.000000 -0.000000 0 128
0.000000 -0.000000 -0.000000 0 0
0.000000 -0.000000 -0.000000 0 128
0.000000 -0.000000 -0.000000 0 128
0.000000 -0.000000 -0.000000 0 128
0.000000 -0.000000 -0.000000 0 0
0.000000 -0.000000 -0.000000 0 128
0.000000 -0.000000 -0.000000 0 128
0.000000 -0.000000 -0.000000 0 128
0.000000 -0.000000 -0.000000 0 128
0.000000 -0.000000 -0.000000 0 128
0.000000 -0.000000 -0.000000 0 128
0.000000 -0.000000 -0.000000 0 128
0.000000 -0.000000 -0.000000 0 128
0.000000 -0.000000 -0.000000 0 128
0.000000 -0.000000 -0.000000 0 0
0.000000 -0.000000 -0.000000 0 128
0.000000 -0.000000 -0.000000 0 128
0.000000 -0.000000 -0.000000 0 128
0.000000 -0.000000 -0.000000 0 0
0.000000 -0.000000 -0.000000 0 128
0.000000 -0.000000 -0.000000 0 128
0.000000 -0.000000 -0.000000 0 0
0.000000 -0.000000 -0.000000 0 0
0.000000 -0.000000 -0.000000 0 128
0.000000 -0.000000 -0.000000 0 128
0.000000 -0.000000 -0.000000 0 0
0.000000 -0.000000 -0.000000 0 0
0.000000 -0.000000 -0.000000 0 128
0.000000 -0.000000 -0.000000 0 128
0.000000 -0.000000 -0.000000 0 0
0.000000 -0.000000 -0.000000 0 128
0.000000 -0.000000 -0.000000 0 192
0.000000 -0.000000 -0.000000 0 128
0.000000 -0.000000 -0.000000 0 0
0.000000 -0.000000 -0.000000 0 128
0.000000 -0.000000 -0.000000 0 128
0.000000 -0.000000 -0.000000 0 128
0.000000 -0.000000 -0.000000 0 128
0.000000 -0.000000 -0.000000 0 128
0.000000 -0.000000 -0.000000 0 128
0.000000 -0.000000 -0.000000 0 128
0.000000 -0.000000 -0.000000 0 128
0.000000 -0.000000 -0.000000 0 128
0.000000 -0.000000 -0.000000 0 128
0.000000 -0.000000 -0.000000 0 128
0.000000 -0.000000 -0.000000 0 128
0.000000 -0.000000 -0.000000 0 0
0.000000 -0.000000 -0.000000 0 128
0.000000 -0.000000 -0.000000 0 128
0.000000 -0.000000 -0.000000 0 128
0.000000 -0.000000 -0.000000 0 0
0.000000 -0.000000 -0.000000 0 128
0.000000 -0.000000 -0.000000 0 128
0.000000 -0.000000 -0.000000 0 0
0.000000 -0.000000 -0.000000 0 0
0.000000 -0.000000 -0.000000 0 128
0.000000 -0.000000 -0.000000 0 128
0.000000 -0.000000 -0.000000 0 0
0.000000 -0.000000 -0.000000 0 0
0.000000 -0.000000 -0.000000 0 128
0.000000 -0.000000 -0.000000 0 128
0.000000 -0.000000 -0.000000 0 128
0.000000 -0.000000 -0.000000 0 128
0.000000 -0.000000 -0.000000 0 128
0.000000 -0.000000 -0.000000 0 128
0.000000 -0.000000 -0.000000 0 128
4.602000 -9.474000 0.238000 3 0
4.261000 -9.538000 0.279000 61 0
0.000000 -0.000000 -0.000000 0 128
0.000000 -0.000000 -0.000000 0 128
4.349000 -9.516000 0.235000 50 0
4.018000 -9.595000 0.268000 103 0
0.000000 -0.000000 -0.000000 0 128
4.451000 -9.491000 0.217000 30 0
4.107000 -9.571000 0.232000 100 0
3.771000 -9.642000 0.257000 108 0
4.562000 -9.472000 0.204000 5 0
4.206000 -9.542000 0.222000 86 0
3.865000 -9.621000 0.229000 114 0
3.532000 -9.699000 0.247000 118 0
4.314000 -9.512000 0.217000 56 0
3.966000 -9.591000 0.227000 107 0
3.626000 -9.679000 0.227000 112 0
3.297000 -9.761000 0.237000 105 0
4.078000 -9.570000 0.230000 96 0
3.731000 -9.656000 0.233000 113 0
3.389000 -9.738000 0.224000 115 0
3.056000 -9.811000 0.227000 103 0
3.842000 -9.629000 0.243000 116 0
3.496000 -9.710000 0.238000 119 0
3.150000 -9.780000 0.222000 110 0
2.819000 -9.864000 0.217000 100 0
3.607000 -9.681000 0.256000 108 0
3.257000 -9.756000 0.243000 109 0
2.920000 -9.847000 0.219000 110 0
2.584000 -9.917000 0.207000 101 0
3.372000 -9.733000 0.269000 108 0
3.026000 -9.815000 0.248000 107 0
2.682000 -9.894000 0.217000 103 0
2.347000 -9.961000 0.197000 101 0
3.140000 -9.787000 0.283000 108 0
2.792000 -9.869000 0.254000 102 0
2.451000 -9.950000 0.215000 106 0
2.114000 -10.025000 0.188000 103 0
2.912000 -9.849000 0.296000 105 0
2.559000 -9.917000 0.259000 106 0
2.217000 -10.008000 0.213000 101 0
1.882000 -10.089000 0.178000 100 0
2.677000 -9.896000 0.309000 105 0
2.330000 -9.982000 0.265000 100 0
1.984000 -10.060000 0.211000 102 0
1.644000 -10.132000 0.169000 101 0
2.448000 -9.954000 0.322000 101 0
2.096000 -10.039000 0.271000 98 0
1.751000 -10.111000 0.209000 101 0
1.412000 -10.203000 0.160000 70 0
2.215000 -9.996000 0.335000 101 0
1.863000 -10.085000 0.276000 100 0
1.518000 -10.166000 0.207000 99 0
1.153000 -10.053000 0.147000 18 0
1.982000 -10.055000 0.350000 97 0
1.633000 -10.148000 0.282000 99 0
1.261000 -10.052000 0.202000 56 0
0.000000 -0.000000 -0.000000 0 0
0.000000 -0.000000 -0.000000 0 128
0.000000 -0.000000 -0.000000 0 0
0.000000 -0.000000 -0.000000 0 128
0.000000 -0.000000 -0.000000 0 192
0.000000 -0.000000 -0.000000 0 128
0.000000 -0.000000 -0.000000 0 0
0.000000 -0.000000 -0.000000 0 128
0.000000 -0.000000 -0.000000 0 128
0.000000 -0.000000 -0.000000 0 128
0.000000 -0.000000 -0.000000 0 128
0.000000 -0.000000 -0.000000 0 128
0.000000 -0.000000 -0.000000 0 128
0.000000 -0.000000 -0.000000 0 128
0.000000 -0.000000 -0.000000 0 128
0.000000 -0.000000 -0.000000 0 128
0.000000 -0.000000 -0.000000 0 128
0.000000 -0.000000 -0.000000 0 128
0.000000 -0.000000 -0.000000 0 128
0.000000 -0.000000 -0.000000 0 0
0.000000 -0.000000 -0.000000 0 128
0.000000 -0.000000 -0.000000 0 128
0.000000 -0.000000 -0.000000 0 128
0.000000 -0.000000 -0.000000 0 0
0.000000 -0.000000 -0.000000 0 128
0.000000 -0.000000 -0.000000 0 128
0.000000 -0.000000 -0.000000 0 0
0.000000 -0.000000 -0.000000 0 0
0.000000 -0.000000 -0.000000 0 128
0.000000 -0.000000 -0.000000 0 128
0.000000 -0.000000 -0.000000 0 0
0.000000 -0.000000 -0.000000 0 0
0.000000 -0.000000 -0.000000 0 128
0.000000 -0.000000 -0.000000 0 128
0.000000 -0.000000 -0.000000 0 128
0.000000 -0.000000 -0.000000 0 128
0.000000 -0.000000 -0.000000 0 128
0.000000 -0.000000 -0.000000 0 128
0.000000 -0.000000 -0.000000 0 128
4.602000 -9.474000 0.238000 3 0
4.261000 -9.538000 0.279000 61 0
0.000000 -0.000000 -0.000000 0 128
0.000000 -0.000000 -0.000000 0 128
4.349000 -9.516000 0.235000 50 0
4.018000 -9.595000 0.268000 103 0
0.000000 -0.000000 -0.000000 0 128
4.451000 -9.491000 0.217000 30 0
4.107000 -9.571000 0.232000 100 0
3.771000 -9.642000 0.257000 108 0
4.562000 -9.472000 0.204000 5 0
4.206000 -9.542000 0.222000 86 0
3.865000 -9.621000 0.229000 114 0
3.532000 -9.699000 0.247000 118 0
4.314000 -9.512000 0.217000 56 0
3.966000 -9.591000 0.227000 107 0
3.626000 -9.679000 0.227000 112 0
3.297000 -9.761000 0.237000 105 0
4.078000 -9.570000 0.230000 96 0
3.731000 -9.656000 0.233000 113 0
3.389000 -9.738000 0.224000 115 0
3.056000 -9.811000 0.227000 103 0
3.842000 -9.629000 0.243000 116 0
3.496000 -9.710000 0.238000 119 0
3.150000 -9.780000 0.222000 110 0
2.819000 -9.864000 0.217000 100 0
3.607000 -9.681000 0.256000 108 0
3.257000 -9.756000 0.243000 109 0
2.920000 -9.847000 0.219000 110 0
2.584000 -9.917000 0.207000 101 0
3.372000 -9.733000 0.269000 108 0
3.026000 -9.815000 0.248000 107 0
2.682000 -9.894000 0.217000 103 0
2.347000 -9.961000 0.197000 101 0
3.140000 -9.787000 0.283000 108 0
2.792000 -9.869000 0.254000 102 0
2.451000 -9.950000 0.215000 106 0
2.114000 -10.025000 0.188000 103 0
2.912000 -9.849000 0.296000 105 0
2.559000 -9.917000 0.259000 106 0
2.217000 -10.008000 0.213000 101 0
1.882000 -10.089000 0.178000 100 0
2.677000 -9.896000 0.309000 105 0
2.330000 -9.982000 0.265000 100 0
1.984000 -10.060000 0.211000 102 0
1.644000 -10.132000 0.169000 101 0
2.448000 -9.954000 0.322000 101 0
2.096000 -10.039000 0.271000 98 0
1.751000 -10.111000 0.209000 101 0
1.412000 -10.203000 0.160000 70 0
2.215000 -9.996000 0.335000 101 0
1.863000 -10.085000 0.276000 100 0
1.518000 -10.166000 0.207000 99 0
1.153000 -10.053000 0.147000 18 0
1.982000 -10.055000 0.350000 97 0
1.633000 -10.148000 0.282000 99 0
1.261000 -10.052000 0.202000 56 0
0.000000 -0.000000 -0.000000 0 0
1.751000 -10.109000 0.363000 96 0
1.397000 -10.186000 0.287000 87 0
0.000000 -0.000000 -0.000000 0 0
0.000000 -0.000000 -0.000000 0 128
1.521000 -10.171000 0.377000 95 0
1.138000 -10.045000 0.288000 21 0
0.000000 -0.000000 -0.000000 0 128
0.000000 -0.000000 -0.000000 0 128
1.264000 -10.061000 0.385000 60 0
0.000000 -0.000000 -0.000000 0 0
0.000000 -0.000000 -0.000000 0 128
0.000000 -0.000000 -0.000000 0 128
0.000000 -0.000000 -0.000000 0 0
0.000000 -0.000000 -0.000000 0 128
0.000000 -0.000000 -0.000000 0 128
0.000000 -0.000000 -0.000000 0 128
0.000000 -0.000000 -0.000000 0 128
0.000000 -0.000000 -0.000000 0 128
0.000000 -0.000000 -0.000000 0 128
0.000000 -0.000000 -0.000000 0 192
0.000000 -0.000000 -0.000000 0 128
0.000000 -0.000000 -0.000000 0 128
0.000000 -0.000000 -0.000000 0 128
0.000000 -0.000000 -0.000000 0 128
0.000000 -0.000000 -0.000000 0 128
0.000000 -0.000000 -0.000000 0 128
0.000000 -0.000000 -0.000000 0 128
0.000000 -0.000000 -0.000000 0 0
0.000000 -0.000000 -0.000000 0 128
0.000000 -0.000000 -0.000000 0 128
0.000000 -0.000000 -0.000000 0 128
-0.191000 -2.001000 0.012000 1 0
0.000000 -0.000000 -0.000000 0 192
0.000000 -0.000000 -0.000000 0 128
-0.176000 -2.078000 0.037000 1 0
-0.224000 -1.885000 0.009000 2 0
0.000000 -0.000000 -0.000000 0 128
0.000000 -0.000000 -0.000000 0 0
-0.210000 -1.942000 0.034000 1 0
-0.251000 -1.765000 0.007000 2 0
0.000000 -0.000000 -0.000000 0 128
-0.194000 -1.991000 0.065000 1 0
-0.240000 -1.823000 0.032000 1 0
-0.277000 -1.668000 0.005000 2 0
-0.177000 -2.065000 0.101000 0 0
-0.226000 -1.873000 0.062000 1 0
-0.267000 -1.718000 0.029000 2 0
-0.299000 -1.576000 0.004000 2 0
-0.210000 -1.926000 0.097000 1 0
-0.255000 -1.758000 0.060000 1 0
-0.292000 -1.626000 0.028000 2 0
-0.414000 -1.937000 0.003000 5 0
-0.239000 -1.800000 0.093000 1 0
-0.280000 -1.658000 0.057000 2 0
-0.311000 -1.529000 0.026000 2 0
-0.494000 -2.073000 0.001000 59 0
-0.267000 -1.700000 0.090000 2 0
-0.304000 -1.576000 0.055000 2 0
-0.482000 -2.117000 0.035000 49 0
-0.517000 -1.969000 -0.000000 61 0
-0.292000 -1.611000 0.087000 2 0
-0.466000 -2.144000 0.076000 40 0
-0.507000 -2.010000 0.033000 56 0
-0.539000 -1.874000 -0.001000 63 0
-0.306000 -1.490000 0.083000 2 0
-0.499000 -2.064000 0.075000 54 0
-0.531000 -1.915000 0.031000 59 0
-0.561000 -1.795000 -0.003000 70 0
-0.486000 -2.107000 0.120000 50 0
-0.521000 -1.953000 0.072000 63 0
-0.551000 -1.823000 0.030000 68 0
-0.579000 -1.713000 -0.004000 72 0
-0.513000 -2.009000 0.117000 65 0
-0.544000 -1.861000 0.070000 66 0
-0.571000 -1.742000 0.028000 67 0
-0.594000 -1.635000 -0.006000 80 0
-0.535000 -1.905000 0.114000 58 0
-0.565000 -1.779000 0.068000 60 0
-0.588000 -1.663000 0.027000 72 0
-0.612000 -1.570000 -0.007000 83 0
-0.557000 -1.816000 0.111000 66 0
-0.583000 -1.697000 0.066000 74 0
-0.605000 -1.593000 0.025000 77 0
-0.631000 -1.514000 -0.008000 17 0
-0.576000 -1.732000 0.109000 61 0
-0.601000 -1.623000 0.064000 73 0
-0.626000 -1.538000 0.024000 15 0
-0.646000 -1.457000 -0.009000 15 0
-0.594000 -1.654000 0.106000 65 0
-0.618000 -1.558000 0.063000 74 0
-0.636000 -1.466000 0.023000 16 0
-0.657000 -1.393000 -0.010000 15 0
-0.610000 -1.578000 0.104000 72 0
-0.638000 -1.503000 0.062000 14 64
-0.650000 -1.407000 0.022000 14 0
-0.669000 -1.339000 -0.011000 15 0
1.751000 -10.109000 0.363000 96 0
1.397000 -10.186000 0.287000 87 0
0.000000 -0.000000 -0.000000 0 0
0.000000 -0.000000 -0.000000 0 128
1.521000 -10.171000 0.377000 95 0
1.138000 -10.045000 0.288000 21 0
0.000000 -0.000000 -0.000000 0 128
0.000000 -0.000000 -0.000000 0 128
1.264000 -10.061000 0.385000 60 0
0.000000 -0.000000 -0.000000 0 0
0.000000 -0.000000 -0.000000 0 128
0.000000 -0.000000 -0.000000 0 128
0.000000 -0.000000 -0.000000 0 0
0.000000 -0.000000 -0.000000 0 128
0.000000 -0.000000 -0.000000 0 128
0.000000 -0.000000 -0.000000 0 128
0.000000 -0.000000 -0.000000 0 128
0.000000 -0.000000 -0.000000 0 128
0.000000 -0.000000 -0.000000 0 128
0.000000 -0.000000 -0.000000 0 192
0.000000 -0.000000 -0.000000 0 128
0.000000 -0.000000 -0.000000 0 128
0.000000 -0.000000 -0.000000 0 128
0.000000 -0.000000 -0.000000 0 128
0.000000 -0.000000 -0.000000 0 128
0.000000 -0.000000 -0.000000 0 128
0.000000 -0.000000 -0.000000 0 128
0.000000 -0.000000 -0.000000 0 0
0.000000 -0.000000 -0.000000 0 128
0.000000 -0.000000 -0.000000 0 128
0.000000 -0.000000 -0.000000 0 128
-0.191000 -2.001000 0.012000 1 0
0.000000 -0.000000 -0.000000 0 192
0.000000 -0.000000 -0.000000 0 128
-0.176000 -2.078000 0.037000 1 0
-0.224000 -1.885000 0.009000 2 0
0.000000 -0.000000 -0.000000 0 128
0.000000 -0.000000 -0.000000 0 0
-0.210000 -1.942000 0.034000 1 0
-0.251000 -1.765000 0.007000 2 0
0.000000 -0.000000 -0.000000 0 128
-0.194000 -1.991000 0.065000 1 0
-0.240000 -1.823000 0.032000 1 0
-0.277000 -1.668000 0.005000 2 0
-0.177000 -2.065000 0.101000 0 0
-0.226000 -1.873000 0.062000 1 0
-0.267000 -1.718000 0.029000 2 0
-0.299000 -1.576000 0.004000 2 0
-0.210000 -1.926000 0.097000 1 0
-0.255000 -1.758000 0.060000 1 0
-0.292000 -1.626000 0.028000 2 0
-0.414000 -1.937000 0.003000 5 0
-0.239000 -1.800000 0.093000 1 0
-0.280000 -1.658000 0.057000 2 0
-0.311000 -1.529000 0.026000 2 0
-0.494000 -2.073000 0.001000 59 0
-0.267000 -1.700000 0.090000 2 0
-0.304000 -1.576000 0.055000 2 0
-0.482000 -2.117000 0.035000 49 0
-0.517000 -1.969000 -0.000000 61 0
-0.292000 -1.611000 0.087000 2 0
-0.466000 -2.144000 0.076000 40 0
-0.507000 -2.010000 0.033000 56 0
-0.539000 -1.874000 -0.001000 63 0
-0.306000 -1.490000 0.083000 2 0
-0.499000 -2.064000 0.075000 54 0
-0.531000 -1.915000 0.031000 59 0
-0.561000 -1.795000 -0.003000 70 0
-0.486000 -2.107000 0.120000 50 0
-0.521000 -1.953000 0.072000 63 0
-0.551000 -1.823000 0.030000 68 0
-0.579000 -1.713000 -0.004000 72 0
-0.513000 -2.009000 0.117000 65 0
-0.544000 -1.861000 0.070000 66 0
-0.571000 -1.742000 0.028000 67 0
-0.594000 -1.635000 -0.006000 80 0
-0.535000 -1.905000 0.114000 58 0
-0.565000 -1.779000 0.068000 60 0
-0.588000 -1.663000 0.027000 72 0
-0.612000 -1.570000 -0.007000 83 0
-0.557000 -1.816000 0.111000 66 0
-0.583000 -1.697000 0.066000 74 0
-0.605000 -1.593000 0.025000 77 0
-0.631000 -1.514000 -0.008000 17 0
-0.576000 -1.732000 0.109000 61 0
-0.601000 -1.623000 0.064000 73 0
-0.626000 -1.538000 0.024000 15 0
-0.646000 -1.457000 -0.009000 15 0
-0.594000 -1.654000 0.106000 65 0
-0.618000 -1.558000 0.063000 74 0
-0.636000 -1.466000 0.023000 16 0
-0.657000 -1.393000 -0.010000 15 0
-0.610000 -1.578000 0.104000 72 0
-0.638000 -1.503000 0.062000 14 64
-0.650000 -1.407000 0.022000 14 0
-0.669000 -1.339000 -0.011000 15 0
-0.627000 -1.514000 0.102000 69 0
-0.648000 -1.433000 0.060000 15 64
-0.664000 -1.355000 0.021000 14 0
-0.683000 -1.293000 -0.012000 14 0
-0.648000 -1.465000 0.101000 14 0
-0.661000 -1.374000 0.059000 13 0
-0.677000 -1.304000 0.020000 14 0
-0.697000 -1.250000 -0.012000 17 0
-0.655000 -1.392000 0.099000 15 0
-0.674000 -1.321000 0.058000 13 0
-0.691000 -1.260000 0.019000 13 0
-0.703000 -1.196000 -0.013000 18 0
-0.670000 -1.340000 0.098000 14 0
-0.689000 -1.276000 0.057000 16 0
-0.707000 -1.221000 0.019000 17 64
-0.714000 -1.153000 -0.014000 17 0
-0.683000 -1.289000 0.096000 14 64
-0.703000 -1.232000 0.056000 16 0
-0.714000 -1.169000 0.018000 16 64
-0.722000 -1.109000 -0.014000 18 0
-0.695000 -1.239000 0.095000 13 0
-0.712000 -1.182000 0.055000 16 0
-0.724000 -1.126000 0.017000 16 64
-0.728000 -1.065000 -0.015000 17 0
-0.712000 -1.200000 0.094000 17 64
-0.722000 -1.137000 0.054000 16 0
-0.726000 -1.075000 0.017000 16 0
-0.734000 -1.022000 -0.015000 16 0
-0.716000 -1.145000 0.092000 17 64
-0.731000 -1.094000 0.053000 16 0
-0.737000 -1.037000 0.016000 16 0
-0.746000 -0.991000 -0.016000 17 0
-0.729000 -1.105000 0.092000 17 0
-0.740000 -1.053000 0.052000 16 0
-0.745000 -1.000000 0.015000 16 0
-0.753000 -0.955000 -0.016000 18 0
-0.736000 -1.061000 0.090000 17 64
-0.744000 -1.007000 0.051000 15 0
-0.753000 -0.964000 0.015000 20 0
-0.767000 -0.928000 -0.017000 18 0
-0.744000 -1.018000 0.089000 18 0
-0.752000 -0.969000 0.050000 15 0
-0.762000 -0.930000 0.014000 20 0
-0.775000 -0.896000 -0.017000 18 0
-0.754000 -0.982000 0.088000 19 0
-0.765000 -0.939000 0.050000 15 0
-0.769000 -0.895000 0.014000 20 0
-0.786000 -0.868000 -0.018000 19 0
-0.762000 -0.944000 0.087000 19 0
-0.776000 -0.909000 0.050000 16 0
-0.781000 -0.868000 0.014000 20 0
-0.795000 -0.838000 -0.018000 19 0
-0.772000 -0.911000 0.087000 26 0
-0.785000 -0.877000 0.049000 16 0
-0.793000 -0.841000 0.013000 16 0
-0.802000 -0.809000 -0.018000 19 0
-0.779000 -0.877000 0.086000 20 64
-0.796000 -0.847000 0.049000 20 0
-0.797000 -0.807000 0.013000 15 0
-0.813000 -0.784000 -0.019000 20 0
-0.791000 -0.848000 0.086000 20 64
-0.802000 -0.815000 0.048000 16 0
-0.806000 -0.780000 0.013000 19 0
-0.818000 -0.754000 -0.019000 20 0
-0.798000 -0.815000 0.085000 26 0
-0.812000 -0.788000 0.048000 19 0
-0.814000 -0.752000 0.012000 19 0
-0.829000 -0.730000 -0.019000 20 0
-0.808000 -0.787000 0.084000 26 0
-0.817000 -0.755000 0.047000 18 0
-0.817000 -0.721000 0.012000 18 0
-0.827000 -0.696000 -0.020000 24 0
-0.815000 -0.756000 0.084000 25 0
-0.824000 -0.727000 0.047000 15 0
-0.826000 -0.696000 0.012000 18 0
-0.836000 -0.672000 -0.020000 19 0
-0.823000 -0.727000 0.083000 25 0
-0.830000 -0.698000 0.047000 18 0
-0.836000 -0.672000 0.012000 18 0
-0.839000 -0.643000 -0.020000 19 0
-0.828000 -0.698000 0.083000 24 0
-0.834000 -0.669000 0.046000 18 0
-0.843000 -0.646000 0.011000 18 0
-0.846000 -0.620000 -0.020000 19 0
-0.833000 -0.668000 0.082000 24 0
-0.844000 -0.645000 0.046000 18 0
-0.847000 -0.618000 0.011000 18 0
-0.854000 -0.596000 -0.020000 19 0
-0.844000 -0.644000 0.082000 20 0
-0.846000 -0.615000 0.045000 17 0
-0.851000 -0.592000 0.011000 18 0
-0.857000 -0.570000 -0.021000 18 0
-0.851000 -0.617000 0.082000 20 0
-0.858000 -0.594000 0.045000 17 0
-0.847000 -0.561000 0.011000 16 0
-0.858000 -0.544000 -0.021000 18 0
-0.627000 -1.514000 0.102000 69 0
-0.648000 -1.433000 0.060000 15 64
-0.664000 -1.355000 0.021000 14 0
-0.683000 -1.293000 -0.012000 14 0
-0.648000 -1.465000 0.101000 14 0
-0.661000 -1.374000 0.059000 13 0
-0.677000 -1.304000 0.020000 14 0
-0.697000 -1.250000 -0.012000 17 0
-0.655000 -1.392000 0.099000 15 0
-0.674000 -1.321000 0.058000 13 0
-0.691000 -1.260000 0.019000 13 0
-0.703000 -1.196000 -0.013000 18 0
-0.670000 -1.340000 0.098000 14 0
-0.689000 -1.276000 0.057000 16 0
-0.707000 -1.221000 0.019000 17 64
-0.714000 -1.153000 -0.014000 17 0
-0.683000 -1.289000 0.096000 14 64
-0.703000 -1.232000 0.056000 16 0
-0.714000 -1.169000 0.018000 16 64
-0.722000 -1.109000 -0.014000 18 0
-0.695000 -1.239000 0.095000 13 0
-0.712000 -1.182000 0.055000 16 0
-0.724000 -1.126000 0.017000 16 64
-0.728000 -1.065000 -0.015000 17 0
-0.712000 -1.200000 0.094000 17 64
-0.722000 -1.137000 0.054000 16 0
-0.726000 -1.075000 0.017000 16 0
-0.734000 -1.022000 -0.015000 16 0
-0.716000 -1.145000 0.092000 17 64
-0.731000 -1.094000 0.053000 16 0
-0.737000 -1.037000 0.016000 16 0
-0.746000 -0.991000 -0.016000 17 0
-0.729000 -1.105000 0.092000 17 0
-0.740000 -1.053000 0.052000 16 0
-0.745000 -1.000000 0.015000 16 0
-0.753000 -0.955000 -0.016000 18 0
-0.736000 -1.061000 0.090000 17 64
-0.744000 -1.007000 0.051000 15 0
-0.753000 -0.964000 0.015000 20 0
-0.767000 -0.928000 -0.017000 18 0
-0.744000 -1.018000 0.089000 18 0
-0.752000 -0.969000 0.050000 15 0
-0.762000 -0.930000 0.014000 20 0
-0.775000 -0.896000 -0.017000 18 0
-0.754000 -0.982000 0.088000 19 0
-0.765000 -0.939000 0.050000 15 0
-0.769000 -0.895000 0.014000 20 0
-0.786000 -0.868000 -0.018000 19 0
-0.762000 -0.944000 0.087000 19 0
-0.776000 -0.909000 0.050000 16 0
-0.781000 -0.868000 0.014000 20 0
-0.795000 -0.838000 -0.018000 19 0
-0.772000 -0.911000 0.087000 26 0
-0.785000 -0.877000 0.049000 16 0
-0.793000 -0.841000 0.013000 16 0
-0.802000 -0.809000 -0.018000 19 0
-0.779000 -0.877000 0.086000 20 64
-0.796000 -0.847000 0.049000 20 0
-0.797000 -0.807000 0.013000 15 0
-0.813000 -0.784000 -0.019000 20 0
-0.791000 -0.848000 0.086000 20 64
-0.802000 -0.815000 0.048000 16 0
-0.806000 -0.780000 0.013000 19 0
-0.818000 -0.754000 -0.019000 20 0
-0.798000 -0.815000 0.085000 26 0
-0.812000 -0.788000 0.048000 19 0
-0.814000 -0.752000 0.012000 19 0
-0.829000 -0.730000 -0.019000 20 0
-0.808000 -0.787000 0.084000 26 0
-0.817000 -0.755000 0.047000 18 0
-0.817000 -0.721000 0.012000 18 0
-0.827000 -0.696000 -0.020000 24 0
-0.815000 -0.756000 0.084000 25 0
-0.824000 -0.727000 0.047000 15 0
-0.826000 -0.696000 0.012000 18 0
-0.836000 -0.672000 -0.020000 19 0
-0.823000 -0.727000 0.083000 25 0
-0.830000 -0.698000 0.047000 18 0
-0.836000 -0.672000 0.012000 18 0
-0.839000 -0.643000 -0.020000 19 0
-0.828000 -0.698000 0.083000 24 0
-0.834000 -0.669000 0.046000 18 0
-0.843000 -0.646000 0.011000 18 0
-0.846000 -0.620000 -0.020000 19 0
-0.833000 -0.668000 0.082000 24 0
-0.844000 -0.645000 0.046000 18 0
-0.847000 -0.618000 0.011000 18 0
-0.854000 -0.596000 -0.020000 19 0
-0.844000 -0.644000 0.082000 20 0
-0.846000 -0.615000 0.045000 17 0
-0.851000 -0.592000 0.011000 18 0
-0.857000 -0.570000 -0.021000 18 0
-0.851000 -0.617000 0.082000 20 0
-0.858000 -0.594000 0.045000 17 0
-0.847000 -0.561000 0.011000 16 0
-0.858000 -0.544000 -0.021000 18 0
-0.856000 -0.590000 0.081000 19 0
-0.865000 -0.569000 0.045000 17 0
-0.858000 -0.540000 0.010000 16 0
-0.861000 -0.519000 -0.021000 18 0
-0.854000 -0.559000 0.080000 19 0
-0.868000 -0.542000 0.045000 17 0
-0.864000 -0.516000 0.010000 16 0
-0.869000 -0.497000 -0.021000 18 0
-0.865000 -0.537000 0.080000 19 0
-0.867000 -0.513000 0.044000 17 0
-0.867000 -0.491000 0.010000 16 0
-0.871000 -0.473000 -0.021000 18 0
-0.864000 -0.508000 0.079000 17 0
-0.873000 -0.490000 0.044000 16 0
-0.876000 -0.470000 0.010000 13 0
-0.847000 -0.435000 -0.020000 9 0
-0.873000 -0.485000 0.079000 17 0
-0.885000 -0.469000 0.044000 13 0
-0.880000 -0.447000 0.010000 13 0
0.000000 -0.000000 -0.000000 0 0
-0.877000 -0.460000 0.079000 17 0
-0.887000 -0.444000 0.044000 13 0
-0.881000 -0.422000 0.010000 13 0
-0.641000 -0.294000 -0.015000 16 32
-0.882000 -0.436000 0.078000 18 0
-0.819000 -0.386000 0.040000 12 1
-0.634000 -0.286000 0.007000 7 2
0.000000 -0.000000 -0.000000 0 0
-0.871000 -0.404000 0.077000 20 0
-0.654000 -0.290000 0.032000 8 0
-0.640000 -0.271000 0.007000 8 32
0.000000 -0.000000 -0.000000 0 192
0.000000 -0.000000 -0.000000 0 0
0.000000 -0.000000 -0.000000 0 64
0.000000 -0.000000 -0.000000 0 0
0.000000 -0.000000 -0.000000 0 192
0.000000 -0.000000 -0.000000 0 0
0.000000 -0.000000 -0.000000 0 0
0.000000 -0.000000 -0.000000 0 128
0.000000 -0.000000 -0.000000 0 192
0.000000 -0.000000 -0.000000 0 128
0.000000 -0.000000 -0.000000 0 0
0.000000 -0.000000 -0.000000 0 128
0.000000 -0.000000 -0.000000 0 192
0.000000 -0.000000 -0.000000 0 128
0.000000 -0.000000 -0.000000 0 128
0.000000 -0.000000 -0.000000 0 128
0.000000 -0.000000 -0.000000 0 192
0.000000 -0.000000 -0.000000 0 128
-0.434000 -0.134000 0.020000 2 32
-0.664000 -0.196000 0.007000 7 0
0.000000 -0.000000 -0.000000 0 192
0.000000 -0.000000 -0.000000 0 192
0.000000 -0.000000 -0.000000 0 0
-0.920000 -0.248000 0.010000 13 0
-0.927000 -0.238000 -0.021000 18 0
0.000000 -0.000000 -0.000000 0 0
-0.926000 -0.238000 0.043000 15 0
-0.932000 -0.229000 0.010000 12 0
-0.927000 -0.216000 -0.021000 18 0
-0.928000 -0.228000 0.077000 17 0
-0.935000 -0.217000 0.043000 12 64
-0.937000 -0.207000 0.010000 12 64
-0.937000 -0.197000 -0.021000 18 0
-0.933000 -0.205000 0.077000 17 0
-0.938000 -0.195000 0.043000 15 0
-0.941000 -0.186000 0.010000 13 64
-0.937000 -0.175000 -0.021000 18 0
-0.938000 -0.183000 0.077000 18 0
-0.939000 -0.172000 0.042000 13 0
-0.941000 -0.163000 0.010000 12 64
-0.943000 -0.154000 -0.021000 18 0
-0.939000 -0.159000 0.076000 14 0
-0.942000 -0.150000 0.042000 11 64
-0.945000 -0.142000 0.010000 12 64
-0.948000 -0.134000 -0.020000 18 0
-0.944000 -0.137000 0.076000 13 0
-0.939000 -0.127000 0.042000 10 0
-0.948000 -0.120000 0.010000 12 64
-0.951000 -0.112000 -0.020000 18 0
-0.948000 -0.114000 0.076000 14 0
-0.951000 -0.106000 0.043000 11 0
-0.957000 -0.099000 0.010000 12 0
-0.958000 -0.092000 -0.020000 19 0
-0.954000 -0.092000 0.076000 13 0
-0.962000 -0.084000 0.043000 10 64
-0.957000 -0.077000 0.011000 12 64
-0.960000 -0.070000 -0.020000 18 0
-0.959000 -0.069000 0.076000 13 0
-0.960000 -0.061000 0.043000 11 0
-0.966000 -0.055000 0.011000 12 0
-0.967000 -0.049000 -0.020000 16 0
-0.964000 -0.046000 0.076000 13 64
-0.971000 -0.039000 0.043000 11 64
-0.975000 -0.033000 0.011000 12 64
-0.969000 -0.028000 -0.019000 19 0
-0.856000 -0.590000 0.081000 19 0
-0.865000 -0.569000 0.045000 17 0
-0.858000 -0.540000 0.010000 16 0
-0.861000 -0.519000 -0.021000 18 0
-0.854000 -0.559000 0.080000 19 0
-0.868000 -0.542000 0.045000 17 0
-0.864000 -0.516000 0.010000 16 0
-0.869000 -0.497000 -0.021000 18 0
-0.865000 -0.537000 0.080000 19 0
-0.867000 -0.513000 0.044000 17 0
-0.867000 -0.491000 0.010000 16 0
-0.871000 -0.473000 -0.021000 18 0
-0.864000 -0.508000 0.079000 17 0
-0.873000 -0.490000 0.044000 16 0
-0.876000 -0.470000 0.010000 13 0
-0.847000 -0.435000 -0.020000 9 0
-0.873000 -0.485000 0.079000 17 0
-0.885000 -0.469000 0.044000 13 0
-0.880000 -0.447000 0.010000 13 0
0.000000 -0.000000 -0.000000 0 0
-0.877000 -0.460000 0.079000 17 0
-0.887000 -0.444000 0.044000 13 0
-0.881000 -0.422000 0.010000 13 0
-0.641000 -0.294000 -0.015000 16 32
-0.882000 -0.436000 0.078000 18 0
-0.819000 -0.386000 0.040000 12 1
-0.634000 -0.286000 0.007000 7 2
0.000000 -0.000000 -0.000000 0 0
-0.871000 -0.404000 0.077000 20 0
-0.654000 -0.290000 0.032000 8 0
-0.640000 -0.271000 0.007000 8 32
0.000000 -0.000000 -0.000000 0 192
0.000000 -0.000000 -0.000000 0 0
0.000000 -0.000000 -0.000000 0 64
0.000000 -0.000000 -0.000000 0 0
0.000000 -0.000000 -0.000000 0 192
0.000000 -0.000000 -0.000000 0 0
0.000000 -0.000000 -0.000000 0 0
0.000000 -0.000000 -0.000000 0 128
0.000000 -0.000000 -0.000000 0 192
0.000000 -0.000000 -0.000000 0 128
0.000000 -0.000000 -0.000000 0 0
0.000000 -0.000000 -0.000000 0 128
0.000000 -0.000000 -0.000000 0 192
0.000000 -0.000000 -0.000000 0 128
0.000000 -0.000000 -0.000000 0 128
0.000000 -0.000000 -0.000000 0 128
0.000000 -0.000000 -0.000000 0 192
0.000000 -0.000000 -0.000000 0 128
-0.434000 -0.134000 0.020000 2 32
-0.664000 -0.196000 0.007000 7 0
0.000000 -0.000000 -0.000000 0 192
0.000000 -0.000000 -0.000000 0 192
0.000000 -0.000000 -0.000000 0 0
-0.920000 -0.248000 0.010000 13 0
-0.927000 -0.238000 -0.021000 18 0
0.000000 -0.000000 -0.000000 0 0
-0.926000 -0.238000 0.043000 15 0
-0.932000 -0.229000 0.010000 12 0
-0.927000 -0.216000 -0.021000 18 0
-0.928000 -0.228000 0.077000 17 0
-0.935000 -0.217000 0.043000 12 64
-0.937000 -0.207000 0.010000 12 64
-0.937000 -0.197000 -0.021000 18 0
-0.933000 -0.205000 0.077000 17 0
-0.938000 -0.195000 0.043000 15 0
-0.941000 -0.186000 0.010000 13 64
-0.937000 -0.175000 -0.021000 18 0
-0.938000 -0.183000 0.077000 18 0
-0.939000 -0.172000 0.042000 13 0
-0.941000 -0.163000 0.010000 12 64
-0.943000 -0.154000 -0.021000 18 0
-0.939000 -0.159000 0.076000 14 0
-0.942000 -0.150000 0.042000 11 64
-0.945000 -0.142000 0.010000 12 64
-0.948000 -0.134000 -0.020000 18 0
-0.944000 -0.137000 0.076000 13 0
-0.939000 -0.127000 0.042000 10 0
-0.948000 -0.120000 0.010000 12 64
-0.951000 -0.112000 -0.020000 18 0
-0.948000 -0.114000 0.076000 14 0
-0.951000 -0.106000 0.043000 11 0
-0.957000 -0.099000 0.010000 12 0
-0.958000 -0.092000 -0.020000 19 0
-0.954000 -0.092000 0.076000 13 0
-0.962000 -0.084000 0.043000 10 64
-0.957000 -0.077000 0.011000 12 64
-0.960000 -0.070000 -0.020000 18 0
-0.959000 -0.069000 0.076000 13 0
-0.960000 -0.061000 0.043000 11 0
-0.966000 -0.055000 0.011000 12 0
-0.967000 -0.049000 -0.020000 16 0
-0.964000 -0.046000 0.076000 13 64
-0.971000 -0.039000 0.043000 11 64
-0.975000 -0.033000 0.011000 12 64
-0.969000 -0.028000 -0.019000 19 0
-0.967000 -0.022000 0.076000 13 0
-0.972000 -0.016000 0.043000 11 0
-0.976000 -0.011000 0.011000 12 64
-0.977000 -0.006000 -0.019000 18 0
-0.971000 -0.000000 0.076000 13 0
-0.978000 0.006000 0.043000 11 0
-0.979000 0.010000 0.011000 11 0
-0.978000 0.014000 -0.019000 18 0
-0.974000 0.024000 0.076000 13 0
-0.981000 0.029000 0.043000 11 64
-0.985000 0.033000 0.012000 11 64
-0.983000 0.036000 -0.019000 18 0
-0.976000 0.047000 0.076000 13 0
-0.986000 0.053000 0.044000 11 0
-0.991000 0.056000 0.012000 12 0
-0.993000 0.059000 -0.018000 18 0
-0.991000 0.072000 0.077000 15 0
-1.004000 0.077000 0.044000 13 0
-1.002000 0.079000 0.012000 13 0
-0.994000 0.081000 -0.018000 18 0
-1.013000 0.098000 0.079000 19 0
-1.019000 0.102000 0.045000 14 64
-1.008000 0.103000 0.013000 13 64
-1.000000 0.104000 -0.018000 18 0
-1.014000 0.123000 0.079000 19 0
-1.019000 0.127000 0.045000 17 0
-1.008000 0.126000 0.013000 13 0
-1.011000 0.128000 -0.017000 19 0
-1.029000 0.150000 0.080000 20 0
-1.028000 0.152000 0.046000 14 0
-1.026000 0.153000 0.013000 14 0
-1.027000 0.154000 -0.017000 19 0
-1.036000 0.177000 0.080000 20 0
-1.035000 0.178000 0.046000 14 0
-1.029000 0.177000 0.014000 14 64
-1.025000 0.177000 -0.017000 19 0
-1.014000 0.199000 0.078000 2 0
-1.031000 0.203000 0.046000 2 0
-0.998000 0.195000 0.014000 2 0
0.000000 -0.000000 -0.000000 0 0
-1.017000 0.225000 0.078000 1 0
-1.019000 0.225000 0.045000 2 0
-1.017000 0.224000 0.014000 1 0
0.000000 -0.000000 -0.000000 0 0
-1.113000 0.274000 0.086000 2 2
-1.124000 0.276000 0.050000 2 2
-1.118000 0.273000 0.016000 2 0
-1.098000 0.266000 -0.016000 1 0
-1.118000 0.304000 0.086000 2 0
-1.129000 0.306000 0.051000 2 0
-1.114000 0.299000 0.016000 2 0
-1.106000 0.294000 -0.016000 1 0
-1.127000 0.336000 0.087000 2 0
-1.135000 0.337000 0.051000 2 0
-1.132000 0.332000 0.017000 1 0
-1.111000 0.322000 -0.015000 1 0
-1.135000 0.369000 0.087000 10 0
-1.137000 0.366000 0.051000 2 0
-1.128000 0.359000 0.017000 1 0
-1.109000 0.349000 -0.014000 1 0
-1.148000 0.404000 0.088000 10 0
-1.143000 0.398000 0.052000 2 0
-1.140000 0.392000 0.018000 2 0
-1.122000 0.380000 -0.014000 1 0
-1.152000 0.437000 0.089000 14 0
-1.145000 0.429000 0.052000 2 0
-1.141000 0.421000 0.019000 1 0
-1.139000 0.415000 -0.013000 1 0
-1.168000 0.475000 0.090000 11 0
-1.159000 0.466000 0.053000 2 0
-1.151000 0.455000 0.020000 1 0
-1.136000 0.443000 -0.012000 1 0
-1.165000 0.507000 0.090000 1 0
-1.169000 0.502000 0.054000 1 0
-1.156000 0.488000 0.020000 1 0
-1.149000 0.477000 -0.012000 1 0
-1.173000 0.544000 0.091000 1 0
-1.171000 0.536000 0.055000 1 0
-1.166000 0.524000 0.021000 1 0
-1.162000 0.514000 -0.011000 1 0
-1.178000 0.581000 0.091000 1 0
-1.183000 0.575000 0.056000 1 0
-1.179000 0.563000 0.022000 1 0
-1.139000 0.534000 -0.010000 0 0
-1.183000 0.620000 0.092000 1 0
-1.189000 0.613000 0.056000 1 0
-1.180000 0.597000 0.023000 1 0
-1.158000 0.575000 -0.009000 0 0
-1.199000 0.665000 0.094000 1 0
-1.200000 0.655000 0.057000 1 0
-1.185000 0.634000 0.024000 0 0
0.000000 -0.000000 -0.000000 0 0
0.000000 -0.000000 -0.000000 0 0
-1.207000 0.696000 0.058000 1 0
-1.199000 0.677000 0.025000 1 0
-1.186000 0.656000 -0.007000 0 0
-0.967000 -0.022000 0.076000 13 0
-0.972000 -0.016000 0.043000 11 0
-0.976000 -0.011000 0.011000 12 64
-0.977000 -0.006000 -0.019000 18 0
-0.971000 -0.000000 0.076000 13 0
-0.978000 0.006000 0.043000 11 0
-0.979000 0.010000 0.011000 11 0
-0.978000 0.014000 -0.019000 18 0
-0.974000 0.024000 0.076000 13 0
-0.981000 0.029000 0.043000 11 64
-0.985000 0.033000 0.012000 11 64
-0.983000 0.036000 -0.019000 18 0
-0.976000 0.047000 0.076000 13 0
-0.986000 0.053000 0.044000 11 0
-0.991000 0.056000 0.012000 12 0
-0.993000 0.059000 -0.018000 18 0
-0.991000 0.072000 0.077000 15 0
-1.004000 0.077000 0.044000 13 0
-1.002000 0.079000 0.012000 13 0
-0.994000 0.081000 -0.018000 18 0
-1.013000 0.098000 0.079000 19 0
-1.019000 0.102000 0.045000 14 64
-1.008000 0.103000 0.013000 13 64
-1.000000 0.104000 -0.018000 18 0
-1.014000 0.123000 0.079000 19 0
-1.019000 0.127000 0.045000 17 0
-1.008000 0.126000 0.013000 13 0
-1.011000 0.128000 -0.017000 19 0
-1.029000 0.150000 0.080000 20 0
-1.028000 0.152000 0.046000 14 0
-1.026000 0.153000 0.013000 14 0
-1.027000 0.154000 -0.017000 19 0
-1.036000 0.177000 0.080000 20 0
-1.035000 0.178000 0.046000 14 0
-1.029000 0.177000 0.014000 14 64
-1.025000 0.177000 -0.017000 19 0
-1.014000 0.199000 0.078000 2 0
-1.031000 0.203000 0.046000 2 0
-0.998000 0.195000 0.014000 2 0
0.000000 -0.000000 -0.000000 0 0
-1.017000 0.225000 0.078000 1 0
-1.019000 0.225000 0.045000 2 0
-1.017000 0.224000 0.014000 1 0
0.000000 -0.000000 -0.000000 0 0
-1.113000 0.274000 0.086000 2 2
-1.124000 0.276000 0.050000 2 2
-1.118000 0.273000 0.016000 2 0
-1.098000 0.266000 -0.016000 1 0
-1.118000 0.304000 0.086000 2 0
-1.129000 0.306000 0.051000 2 0
-1.114000 0.299000 0.016000 2 0
-1.106000 0.294000 -0.016000 1 0
-1.127000 0.336000 0.087000 2 0
-1.135000 0.337000 0.051000 2 0
-1.132000 0.332000 0.017000 1 0
-1.111000 0.322000 -0.015000 1 0
-1.135000 0.369000 0.087000 10 0
-1.137000 0.366000 0.051000 2 0
-1.128000 0.359000 0.017000 1 0
-1.109000 0.349000 -0.014000 1 0
-1.148000 0.404000 0.088000 10 0
-1.143000 0.398000 0.052000 2 0
-1.140000 0.392000 0.018000 2 0
-1.122000 0.380000 -0.014000 1 0
-1.152000 0.437000 0.089000 14 0
-1.145000 0.429000 0.052000 2 0
-1.141000 0.421000 0.019000 1 0
-1.139000 0.415000 -0.013000 1 0
-1.168000 0.475000 0.090000 11 0
-1.159000 0.466000 0.053000 2 0
-1.151000 0.455000 0.020000 1 0
-1.136000 0.443000 -0.012000 1 0
-1.165000 0.507000 0.090000 1 0
-1.169000 0.502000 0.054000 1 0
-1.156000 0.488000 0.020000 1 0
-1.149000 0.477000 -0.012000 1 0
-1.173000 0.544000 0.091000 1 0
-1.171000 0.536000 0.055000 1 0
-1.166000 0.524000 0.021000 1 0
-1.162000 0.514000 -0.011000 1 0
-1.178000 0.581000 0.091000 1 0
-1.183000 0.575000 0.056000 1 0
-1.179000 0.563000 0.022000 1 0
-1.139000 0.534000 -0.010000 0 0
-1.183000 0.620000 0.092000 1 0
-1.189000 0.613000 0.056000 1 0
-1.180000 0.597000 0.023000 1 0
-1.158000 0.575000 -0.009000 0 0
-1.199000 0.665000 0.094000 1 0
-1.200000 0.655000 0.057000 1 0
-1.185000 0.634000 0.024000 0 0
0.000000 -0.000000 -0.000000 0 0
0.000000 -0.000000 -0.000000 0 0
-1.207000 0.696000 0.058000 1 0
-1.199000 0.677000 0.025000 1 0
-1.186000 0.656000 -0.007000 0 0
-1.221000 0.756000 0.096000 11 0
-1.228000 0.746000 0.060000 4 0
-1.200000 0.714000 0.026000 0 0
0.000000 -0.000000 -0.000000 0 0
-1.234000 0.806000 0.097000 10 0
-1.235000 0.791000 0.061000 1 0
-1.221000 0.765000 0.027000 9 0
-1.192000 0.731000 -0.004000 0 0
-1.236000 0.850000 0.098000 0 0
-1.239000 0.835000 0.062000 8 0
-1.234000 0.814000 0.029000 1 0
-1.220000 0.786000 -0.003000 9 0
-1.250000 0.905000 0.100000 9 0
-1.259000 0.892000 0.064000 1 0
-1.237000 0.857000 0.030000 9 0
-1.223000 0.828000 -0.002000 0 0
-1.264000 0.961000 0.101000 0 0
-1.254000 0.934000 0.064000 7 0
-1.253000 0.911000 0.031000 1 0
-1.247000 0.886000 -0.000000 10 0
-1.224000 0.978000 0.099000 11 0
-1.259000 0.984000 0.065000 1 0
-1.261000 0.962000 0.033000 10 0
0.000000 -0.000000 -0.000000 0 0
-1.188000 0.997000 0.096000 0 0
-1.202000 0.985000 0.063000 11 0
-1.229000 0.982000 0.033000 1 0
-1.234000 0.963000 0.002000 0 0
-1.223000 1.077000 0.100000 54 0
-1.212000 1.042000 0.065000 1 0
-1.191000 0.997000 0.033000 12 0
-1.206000 0.985000 0.004000 14 0
-1.251000 1.156000 0.103000 14 0
-1.235000 1.113000 0.067000 60 0
-1.230000 1.080000 0.036000 11 0
0.000000 -0.000000 -0.000000 0 0
-1.264000 1.225000 0.105000 60 0
-1.268000 1.198000 0.070000 13 0
-1.252000 1.150000 0.038000 11 0
-1.240000 1.110000 0.008000 12 0
-1.285000 1.307000 0.108000 59 0
-1.271000 1.258000 0.072000 58 0
-1.256000 1.209000 0.040000 64 0
-1.249000 1.169000 0.010000 62 0
-1.305000 1.391000 0.111000 56 0
-1.291000 1.339000 0.074000 54 0
-1.277000 1.287000 0.043000 63 0
-1.263000 1.237000 0.012000 60 0
-1.330000 1.487000 0.114000 53 0
-1.317000 1.431000 0.077000 54 0
-1.303000 1.374000 0.046000 57 0
-1.287000 1.318000 0.015000 60 0
-1.356000 1.591000 0.118000 51 0
-1.338000 1.525000 0.080000 51 0
-1.321000 1.459000 0.049000 50 0
-1.310000 1.404000 0.018000 58 0
-5.169000 6.366000 0.457000 104 0
-1.356000 1.619000 0.083000 24 0
-1.346000 1.557000 0.052000 51 0
-1.330000 1.492000 0.021000 57 0
-4.969000 6.428000 0.446000 120 0
-5.097000 6.384000 0.322000 113 0
-5.239000 6.351000 0.213000 94 0
-1.355000 1.591000 0.025000 54 0
-4.762000 6.470000 0.433000 119 0
-4.895000 6.432000 0.318000 113 0
-5.042000 6.405000 0.216000 95 0
-5.179000 6.366000 0.109000 106 0
-4.564000 6.517000 0.422000 119 0
-4.700000 6.486000 0.313000 117 0
-4.841000 6.447000 0.218000 111 0
-4.984000 6.417000 0.118000 112 0
-4.368000 6.565000 0.411000 127 0
-4.505000 6.532000 0.309000 119 0
-4.646000 6.496000 0.220000 114 0
-4.789000 6.461000 0.127000 114 0
-4.172000 6.603000 0.401000 129 0
-4.312000 6.573000 0.305000 123 0
-4.459000 6.547000 0.223000 118 0
-4.601000 6.510000 0.136000 111 0
-3.980000 6.640000 0.390000 127 0
-4.123000 6.619000 0.301000 117 0
-4.266000 6.582000 0.225000 116 0
-4.416000 6.560000 0.145000 108 0
-3.798000 6.690000 0.380000 131 0
-3.942000 6.668000 0.298000 130 0
-4.084000 6.631000 0.228000 117 0
-4.224000 6.592000 0.154000 129 0
-3.613000 6.732000 0.371000 130 0
-3.751000 6.699000 0.294000 126 0
-3.899000 6.669000 0.231000 115 0
-4.038000 6.630000 0.163000 121 0
-3.431000 6.770000 0.361000 129 0
-3.572000 6.742000 0.291000 124 0
-3.717000 6.709000 0.234000 116 0
-3.861000 6.674000 0.172000 123 0
-1.221000 0.756000 0.096000 11 0
-1.228000 0.746000 0.060000 4 0
-1.200000 0.714000 0.026000 0 0
0.000000 -0.000000 -0.000000 0 0
-1.234000 0.806000 0.097000 10 0
-1.235000 0.791000 0.061000 1 0
-1.221000 0.765000 0.027000 9 0
-1.192000 0.731000 -0.004000 0 0
-1.236000 0.850000 0.098000 0 0
-1.239000 0.835000 0.062000 8 0
-1.234000 0.814000 0.029000 1 0
-1.220000 0.786000 -0.003000 9 0
-1.250000 0.905000 0.100000 9 0
-1.259000 0.892000 0.064000 1 0
-1.237000 0.857000 0.030000 9 0
-1.223000 0.828000 -0.002000 0 0
-1.264000 0.961000 0.101000 0 0
-1.254000 0.934000 0.064000 7 0
-1.253000 0.911000 0.031000 1 0
-1.247000 0.886000 -0.000000 10 0
-1.224000 0.978000 0.099000 11 0
-1.259000 0.984000 0.065000 1 0
-1.261000 0.962000 0.033000 10 0
0.000000 -0.000000 -0.000000 0 0
-1.188000 0.997000 0.096000 0 0
-1.202000 0.985000 0.063000 11 0
-1.229000 0.982000 0.033000 1 0
-1.234000 0.963000 0.002000 0 0
-1.223000 1.077000 0.100000 54 0
-1.212000 1.042000 0.065000 1 0
-1.191000 0.997000 0.033000 12 0
-1.206000 0.985000 0.004000 14 0
-1.251000 1.156000 0.103000 14 0
-1.235000 1.113000 0.067000 60 0
-1.230000 1.080000 0.036000 11 0
0.000000 -0.000000 -0.000000 0 0
-1.264000 1.225000 0.105000 60 0
-1.268000 1.198000 0.070000 13 0
-1.252000 1.150000 0.038000 11 0
-1.240000 1.110000 0.008000 12 0
-1.285000 1.307000 0.108000 59 0
-1.271000 1.258000 0.072000 58 0
-1.256000 1.209000 0.040000 64 0
-1.249000 1.169000 0.010000 62 0
-1.305000 1.391000 0.111000 56 0
-1.291000 1.339000 0.074000 54 0
-1.277000 1.287000 0.043000 63 0
-1.263000 1.237000 0.012000 60 0
-1.330000 1.487000 0.114000 53 0
-1.317000 1.431000 0.077000 54 0
-1.303000 1.374000 0.046000 57 0
-1.287000 1.318000 0.015000 60 0
-1.356000 1.591000 0.118000 51 0
-1.338000 1.525000 0.080000 51 0
-1.321000 1.459000 0.049000 50 0
-1.310000 1.404000 0.018000 58 0
-5.169000 6.366000 0.457000 104 0
-1.356000 1.619000 0.083000 24 0
-1.346000 1.557000 0.052000 51 0
-1.330000 1.492000 0.021000 57 0
-4.969000 6.428000 0.446000 120 0
-5.097000 6.384000 0.322000 113 0
-5.239000 6.351000 0.213000 94 0
-1.355000 1.591000 0.025000 54 0
-4.762000 6.470000 0.433000 119 0
-4.895000 6.432000 0.318000 113 0
-5.042000 6.405000 0.216000 95 0
-5.179000 6.366000 0.109000 106 0
-4.564000 6.517000 0.422000 119 0
-4.700000 6.486000 0.313000 117 0
-4.841000 6.447000 0.218000 111 0
-4.984000 6.417000 0.118000 112 0
-4.368000 6.565000 0.411000 127 0
-4.505000 6.532000 0.309000 119 0
-4.646000 6.496000 0.220000 114 0
-4.789000 6.461000 0.127000 114 0
-4.172000 6.603000 0.401000 129 0
-4.312000 6.573000 0.305000 123 0
-4.459000 6.547000 0.223000 118 0
-4.601000 6.510000 0.136000 111 0
-3.980000 6.640000 0.390000 127 0
-4.123000 6.619000 0.301000 117 0
-4.266000 6.582000 0.225000 116 0
-4.416000 6.560000 0.145000 108 0
-3.798000 6.690000 0.380000 131 0
-3.942000 6.668000 0.298000 130 0
-4.084000 6.631000 0.228000 117 0
-4.224000 6.592000 0.154000 129 0
-3.613000 6.732000 0.371000 130 0
-3.751000 6.699000 0.294000 126 0
-3.899000 6.669000 0.231000 115 0
-4.038000 6.630000 0.163000 121 0
-3.431000 6.770000 0.361000 129 0
-3.572000 6.742000 0.291000 124 0
-3.717000 6.709000 0.234000 116 0
-3.861000 6.674000 0.172000 123 0
-3.254000 6.815000 0.353000 128 0
-3.395000 6.782000 0.288000 137 0
-3.540000 6.751000 0.237000 116 0
-3.680000 6.712000 0.182000 124 0
-3.078000 6.856000 0.344000 126 0
-3.220000 6.828000 0.285000 132 0
-3.367000 6.795000 0.240000 113 0
-3.509000 6.759000 0.191000 128 0
-2.901000 6.889000 0.335000 123 0
-3.049000 6.874000 0.283000 125 0
-3.192000 6.831000 0.243000 114 0
-3.335000 6.795000 0.200000 128 0
-2.730000 6.937000 0.327000 120 0
-2.876000 6.910000 0.280000 121 0
-3.017000 6.869000 0.247000 112 0
-3.167000 6.842000 0.210000 124 0
-2.560000 6.982000 0.320000 124 0
-2.703000 6.950000 0.278000 125 0
-2.850000 6.918000 0.251000 112 0
-2.997000 6.886000 0.219000 126 0
-2.387000 7.018000 0.312000 117 0
-2.536000 6.994000 0.277000 122 0
-2.678000 6.950000 0.254000 110 0
-2.824000 6.915000 0.229000 123 0
-2.216000 7.053000 0.304000 119 0
-2.365000 7.033000 0.275000 122 0
-2.510000 6.987000 0.258000 109 0
-2.659000 6.964000 0.239000 122 0
-2.052000 7.105000 0.297000 104 0
-2.196000 7.068000 0.273000 111 0
-2.344000 7.036000 0.263000 107 0
-2.490000 6.996000 0.248000 118 0
-1.884000 7.149000 0.290000 112 0
-2.030000 7.111000 0.272000 111 0
-2.179000 7.078000 0.267000 109 0
-2.324000 7.032000 0.258000 119 0
-1.714000 7.178000 0.283000 114 0
-1.864000 7.150000 0.270000 105 0
-2.011000 7.110000 0.271000 105 0
-2.159000 7.077000 0.268000 113 0
-1.547000 7.221000 0.277000 104 0
-1.695000 7.185000 0.269000 105 0
-1.847000 7.152000 0.276000 103 0
-1.994000 7.115000 0.279000 109 0
-1.377000 7.254000 0.270000 103 0
-1.530000 7.229000 0.269000 112 0
-1.680000 7.194000 0.281000 104 0
-1.830000 7.155000 0.289000 101 0
-1.209000 7.290000 0.263000 121 0
-1.360000 7.262000 0.268000 105 0
-1.514000 7.230000 0.285000 108 0
-1.665000 7.197000 0.300000 105 0
-1.042000 7.331000 0.257000 122 0
-1.194000 7.303000 0.267000 114 0
-1.346000 7.270000 0.291000 106 0
-1.497000 7.223000 0.310000 109 0
-0.872000 7.377000 0.251000 114 0
-1.028000 7.346000 0.267000 121 0
-1.180000 7.307000 0.296000 107 0
-1.334000 7.269000 0.321000 103 0
-0.704000 7.421000 0.246000 34 0
-0.857000 7.380000 0.267000 103 0
-1.013000 7.343000 0.301000 109 0
-1.166000 7.308000 0.332000 104 0
0.000000 -0.000000 -0.000000 0 0
-0.689000 7.421000 0.267000 24 0
-0.847000 7.392000 0.307000 102 0
-1.000000 7.346000 0.344000 115 0
0.000000 -0.000000 -0.000000 0 192
0.000000 -0.000000 -0.000000 0 0
-0.677000 7.442000 0.314000 18 0
-0.831000 7.384000 0.355000 96 0
0.000000 -0.000000 -0.000000 0 128
0.000000 -0.000000 -0.000000 0 192
0.000000 -0.000000 -0.000000 0 0
-0.662000 7.417000 0.367000 11 0
0.000000 -0.000000 -0.000000 0 192
0.000000 -0.000000 -0.000000 0 128
0.000000 -0.000000 -0.000000 0 192
0.000000 -0.000000 -0.000000 0 0
0.000000 -0.000000 -0.000000 0 128
0.000000 -0.000000 -0.000000 0 192
0.000000 -0.000000 -0.000000 0 128
0.000000 -0.000000 -0.000000 0 192
0.000000 -0.000000 -0.000000 0 192
0.000000 -0.000000 -0.000000 0 128
0.000000 -0.000000 -0.000000 0 192
0.000000 -0.000000 -0.000000 0 128
0.000000 -0.000000 -0.000000 0 128
0.000000 -0.000000 -0.000000 0 192
0.000000 -0.000000 -0.000000 0 128
0.000000 -0.000000 -0.000000 0 192
0.000000 -0.000000 -0.000000 0 128
0.000000 -0.000000 -0.000000 0 128
0.000000 -0.000000 -0.000000 0 192
0.000000 -0.000000 -0.000000 0 128
-3.254000 6.815000 0.353000 128 0
-3.395000 6.782000 0.288000 137 0
-3.540000 6.751000 0.237000 116 0
-3.680000 6.712000 0.182000 124 0
-3.078000 6.856000 0.344000 126 0
-3.220000 6.828000 0.285000 132 0
-3.367000 6.795000 0.240000 113 0
-3.509000 6.759000 0.191000 128 0
-2.901000 6.889000 0.335000 123 0
-3.049000 6.874000 0.283000 125 0
-3.192000 6.831000 0.243000 114 0
-3.335000 6.795000 0.200000 128 0
-2.730000 6.937000 0.327000 120 0
-2.876000 6.910000 0.280000 121 0
-3.017000 6.869000 0.247000 112 0
-3.167000 6.842000 0.210000 124 0
-2.560000 6.982000 0.320000 124 0
-2.703000 6.950000 0.278000 125 0
-2.850000 6.918000 0.251000 112 0
-2.997000 6.886000 0.219000 126 0
-2.387000 7.018000 0.312000 117 0
-2.536000 6.994000 0.277000 122 0
-2.678000 6.950000 0.254000 110 0
-2.824000 6.915000 0.229000 123 0
-2.216000 7.053000 0.304000 119 0
-2.365000 7.033000 0.275000 122 0
-2.510000 6.987000 0.258000 109 0
-2.659000 6.964000 0.239000 122 0
-2.052000 7.105000 0.297000 104 0
-2.196000 7.068000 0.273000 111 0
-2.344000 7.036000 0.263000 107 0
-2.490000 6.996000 0.248000 118 0
-1.884000 7.149000 0.290000 112 0
-2.030000 7.111000 0.272000 111 0
-2.179000 7.078000 0.267000 109 0
-2.324000 7.032000 0.258000 119 0
-1.714000 7.178000 0.283000 114 0
-1.864000 7.150000 0.270000 105 0
-2.011000 7.110000 0.271000 105 0
-2.159000 7.077000 0.268000 113 0
-1.547000 7.221000 0.277000 104 0
-1.695000 7.185000 0.269000 105 0
-1.847000 7.152000 0.276000 103 0
-1.994000 7.115000 0.279000 109 0
-1.377000 7.254000 0.270000 103 0
-1.530000 7.229000 0.269000 112 0
-1.680000 7.194000 0.281000 104 0
-1.830000 7.155000 0.289000 101 0
-1.209000 7.290000 0.263000 121 0
-1.360000 7.262000 0.268000 105 0
-1.514000 7.230000 0.285000 108 0
-1.665000 7.197000 0.300000 105 0
-1.042000 7.331000 0.257000 122 0
-1.194000 7.303000 0.267000 114 0
-1.346000 7.270000 0.291000 106 0
-1.497000 7.223000 0.310000 109 0
-0.872000 7.377000 0.251000 114 0
-1.028000 7.346000 0.267000 121 0
-1.180000 7.307000 0.296000 107 0
-1.334000 7.269000 0.321000 103 0
-0.704000 7.421000 0.246000 34 0
-0.857000 7.380000 0.267000 103 0
-1.013000 7.343000 0.301000 109 0
-1.166000 7.308000 0.332000 104 0
0.000000 -0.000000 -0.000000 0 0
-0.689000 7.421000 0.267000 24 0
-0.847000 7.392000 0.307000 102 0
-1.000000 7.346000 0.344000 115 0
0.000000 -0.000000 -0.000000 0 192
0.000000 -0.000000 -0.000000 0 0
-0.677000 7.442000 0.314000 18 0
-0.831000 7.384000 0.355000 96 0
0.000000 -0.000000 -0.000000 0 128
0.000000 -0.000000 -0.000000 0 192
0.000000 -0.000000 -0.000000 0 0
-0.662000 7.417000 0.367000 11 0
0.000000 -0.000000 -0.000000 0 192
0.000000 -0.000000 -0.000000 0 128
0.000000 -0.000000 -0.000000 0 192
0.000000 -0.000000 -0.000000 0 0
0.000000 -0.000000 -0.000000 0 128
0.000000 -0.000000 -0.000000 0 192
0.000000 -0.000000 -0.000000 0 128
0.000000 -0.000000 -0.000000 0 192
0.000000 -0.000000 -0.000000 0 192
0.000000 -0.000000 -0.000000 0 128
0.000000 -0.000000 -0.000000 0 192
0.000000 -0.000000 -0.000000 0 128
0.000000 -0.000000 -0.000000 0 128
0.000000 -0.000000 -0.000000 0 192
0.000000 -0.000000 -0.000000 0 128
0.000000 -0.000000 -0.000000 0 192
0.000000 -0.000000 -0.000000 0 128
0.000000 -0.000000 -0.000000 0 128
0.000000 -0.000000 -0.000000 0 192
0.000000 -0.000000 -0.000000 0 128
0.186000 1.635000 0.041000 18 0
0.000000 -0.000000 -0.000000 0 128
0.000000 -0.000000 -0.000000 0 128
0.000000 -0.000000 -0.000000 0 192
0.212000 1.543000 0.038000 51 0
0.188000 1.625000 0.057000 17 0
0.164000 1.732000 0.082000 1 0
0.000000 -0.000000 -0.000000 0 128
0.249000 1.550000 0.037000 16 0
0.215000 1.541000 0.054000 55 0
0.189000 1.605000 0.077000 18 0
0.166000 1.715000 0.104000 1 0
0.289000 1.569000 0.036000 14 0
0.254000 1.561000 0.055000 11 0
0.219000 1.545000 0.076000 12 0
0.192000 1.602000 0.100000 20 0
0.329000 1.581000 0.035000 15 0
0.293000 1.570000 0.055000 11 0
0.258000 1.558000 0.078000 11 0
0.226000 1.574000 0.101000 9 0
0.368000 1.585000 0.034000 14 0
0.332000 1.577000 0.056000 11 0
0.296000 1.565000 0.079000 11 0
0.265000 1.578000 0.104000 31 0
0.408000 1.589000 0.033000 15 0
0.372000 1.582000 0.056000 58 0
0.336000 1.577000 0.081000 12 0
0.311000 1.622000 0.109000 7 0
0.449000 1.597000 0.033000 62 0
0.412000 1.591000 0.057000 12 0
0.376000 1.583000 0.083000 11 0
0.346000 1.601000 0.111000 30 0
0.493000 1.610000 0.032000 14 0
0.456000 1.605000 0.058000 56 0
0.418000 1.593000 0.085000 12 0
0.391000 1.622000 0.115000 42 0
0.537000 1.620000 0.031000 59 0
0.497000 1.607000 0.058000 58 0
0.461000 1.602000 0.088000 53 0
0.433000 1.631000 0.119000 46 0
0.583000 1.632000 0.030000 60 0
0.542000 1.620000 0.059000 57 0
0.506000 1.617000 0.090000 12 0
0.478000 1.645000 0.123000 46 0
0.628000 1.641000 0.030000 53 0
0.586000 1.627000 0.060000 56 0
0.549000 1.620000 0.092000 55 0
0.522000 1.650000 0.127000 53 0
0.675000 1.650000 0.029000 38 0
0.636000 1.645000 0.061000 15 0
0.594000 1.629000 0.094000 44 0
0.569000 1.660000 0.131000 39 0
0.725000 1.662000 0.028000 20 0
0.682000 1.649000 0.062000 19 0
0.642000 1.641000 0.097000 25 0
0.618000 1.673000 0.135000 21 0
0.779000 1.679000 0.028000 6 0
0.733000 1.663000 0.063000 9 0
0.687000 1.641000 0.099000 7 0
0.668000 1.685000 0.140000 8 0
0.000000 -0.000000 -0.000000 0 0
0.785000 1.675000 0.064000 1 0
0.738000 1.653000 0.102000 1 0
0.000000 -0.000000 -0.000000 0 0
0.000000 -0.000000 -0.000000 0 128
0.000000 -0.000000 -0.000000 0 0
0.000000 -0.000000 -0.000000 0 0
0.000000 -0.000000 -0.000000 0 0
0.000000 -0.000000 -0.000000 0 128
0.000000 -0.000000 -0.000000 0 128
0.000000 -0.000000 -0.000000 0 128
0.000000 -0.000000 -0.000000 0 128
0.000000 -0.000000 -0.000000 0 128
0.000000 -0.000000 -0.000000 0 128
0.000000 -0.000000 -0.000000 0 128
0.000000 -0.000000 -0.000000 0 128
0.000000 -0.000000 -0.000000 0 128
0.000000 -0.000000 -0.000000 0 128
0.000000 -0.000000 -0.000000 0 128
0.000000 -0.000000 -0.000000 0 128
0.000000 -0.000000 -0.000000 0 128
0.000000 -0.000000 -0.000000 0 128
0.000000 -0.000000 -0.000000 0 128
0.000000 -0.000000 -0.000000 0 128
0.000000 -0.000000 -0.000000 0 128
0.000000 -0.000000 -0.000000 0 128
0.000000 -0.000000 -0.000000 0 128
0.000000 -0.000000 -0.000000 0 128
0.000000 -0.000000 -0.000000 0 128
0.000000 -0.000000 -0.000000 0 128
0.000000 -0.000000 -0.000000 0 128
0.000000 -0.000000 -0.000000 0 128
0.000000 -0.000000 -0.000000 0 128
0.000000 -0.000000 -0.000000 0 128
0.000000 -0.000000 -0.000000 0 128
0.000000 -0.000000 -0.000000 0 128
0.186000 1.635000 0.041000 18 0
0.000000 -0.000000 -0.000000 0 128
0.000000 -0.000000 -0.000000 0 128
0.000000 -0.000000 -0.000000 0 192
0.212000 1.543000 0.038000 51 0
0.188000 1.625000 0.057000 17 0
0.164000 1.732000 0.082000 1 0
0.000000 -0.000000 -0.000000 0 128
0.249000 1.550000 0.037000 16 0
0.215000 1.541000 0.054000 55 0
0.189000 1.605000 0.077000 18 0
0.166000 1.715000 0.104000 1 0
0.289000 1.569000 0.036000 14 0
0.254000 1.561000 0.055000 11 0
0.219000 1.545000 0.076000 12 0
0.192000 1.602000 0.100000 20 0
0.329000 1.581000 0.035000 15 0
0.293000 1.570000 0.055000 11 0
0.258000 1.558000 0.078000 11 0
0.226000 1.574000 0.101000 9 0
0.368000 1.585000 0.034000 14 0
0.332000 1.577000 0.056000 11 0
0.296000 1.565000 0.079000 11 0
0.265000 1.578000 0.104000 31 0
0.408000 1.589000 0.033000 15 0
0.372000 1.582000 0.056000 58 0
0.336000 1.577000 0.081000 12 0
0.311000 1.622000 0.109000 7 0
0.449000 1.597000 0.033000 62 0
0.412000 1.591000 0.057000 12 0
0.376000 1.583000 0.083000 11 0
0.346000 1.601000 0.111000 30 0
0.493000 1.610000 0.032000 14 0
0.456000 1.605000 0.058000 56 0
0.418000 1.593000 0.085000 12 0
0.391000 1.622000 0.115000 42 0
0.537000 1.620000 0.031000 59 0
0.497000 1.607000 0.058000 58 0
0.461000 1.602000 0.088000 53 0
0.433000 1.631000 0.119000 46 0
0.583000 1.632000 0.030000 60 0
0.542000 1.620000 0.059000 57 0
0.506000 1.617000 0.090000 12 0
0.478000 1.645000 0.123000 46 0
0.628000 1.641000 0.030000 53 0
0.586000 1.627000 0.060000 56 0
0.549000 1.620000 0.092000 55 0
0.522000 1.650000 0.127000 53 0
0.675000 1.650000 0.029000 38 0
0.636000 1.645000 0.061000 15 0
0.594000 1.629000 0.094000 44 0
0.569000 1.660000 0.131000 39 0
0.725000 1.662000 0.028000 20 0
0.682000 1.649000 0.062000 19 0
0.642000 1.641000 0.097000 25 0
0.618000 1.673000 0.135000 21 0
0.779000 1.679000 0.028000 6 0
0.733000 1.663000 0.063000 9 0
0.687000 1.641000 0.099000 7 0
0.668000 1.685000 0.140000 8 0
0.000000 -0.000000 -0.000000 0 0
0.785000 1.675000 0.064000 1 0
0.738000 1.653000 0.102000 1 0
0.000000 -0.000000 -0.000000 0 0
0.000000 -0.000000 -0.000000 0 128
0.000000 -0.000000 -0.000000 0 0
0.000000 -0.000000 -0.000000 0 0
0.000000 -0.000000 -0.000000 0 0
0.000000 -0.000000 -0.000000 0 128
0.000000 -0.000000 -0.000000 0 128
0.000000 -0.000000 -0.000000 0 128
0.000000 -0.000000 -0.000000 0 128
0.000000 -0.000000 -0.000000 0 128
0.000000 -0.000000 -0.000000 0 128
0.000000 -0.000000 -0.000000 0 128
0.000000 -0.000000 -0.000000 0 128
0.000000 -0.000000 -0.000000 0 128
0.000000 -0.000000 -0.000000 0 128
0.000000 -0.000000 -0.000000 0 128
0.000000 -0.000000 -0.000000 0 128
0.000000 -0.000000 -0.000000 0 128
0.000000 -0.000000 -0.000000 0 128
0.000000 -0.000000 -0.000000 0 128
0.000000 -0.000000 -0.000000 0 128
0.000000 -0.000000 -0.000000 0 128
0.000000 -0.000000 -0.000000 0 128
0.000000 -0.000000 -0.000000 0 128
0.000000 -0.000000 -0.000000 0 128
0.000000 -0.000000 -0.000000 0 128
0.000000 -0.000000 -0.000000 0 128
0.000000 -0.000000 -0.000000 0 128
0.000000 -0.000000 -0.000000 0 128
0.000000 -0.000000 -0.000000 0 128
0.000000 -0.000000 -0.000000 0 128
0.000000 -0.000000 -0.000000 0 128
0.000000 -0.000000 -0.000000 0 128
0.000000 -0.000000 -0.000000 0 128
0.000000 -0.000000 -0.000000 0 128
0.000000 -0.000000 -0.000000 0 128
0.000000 -0.000000 -0.000000 0 192
0.000000 -0.000000 -0.000000 0 128
0.000000 -0.000000 -0.000000 0 128
0.000000 -0.000000 -0.000000 0 128
0.000000 -0.000000 -0.000000 0 192
0.000000 -0.000000 -0.000000 0 128
0.000000 -0.000000 -0.000000 0 128
0.000000 -0.000000 -0.000000 0 128
0.000000 -0.000000 -0.000000 0 192
0.000000 -0.000000 -0.000000 0 128
0.000000 -0.000000 -0.000000 0 128
0.000000 -0.000000 -0.000000 0 128
0.000000 -0.000000 -0.000000 0 192
0.000000 -0.000000 -0.000000 0 128
0.000000 -0.000000 -0.000000 0 128
0.000000 -0.000000 -0.000000 0 128
0.000000 -0.000000 -0.000000 0 192
0.000000 -0.000000 -0.000000 0 128
0.000000 -0.000000 -0.000000 0 128
0.000000 -0.000000 -0.000000 0 128
0.000000 -0.000000 -0.000000 0 192
0.000000 -0.000000 -0.000000 0 128
0.000000 -0.000000 -0.000000 0 128
0.000000 -0.000000 -0.000000 0 128
0.000000 -0.000000 -0.000000 0 128
0.000000 -0.000000 -0.000000 0 128
0.000000 -0.000000 -0.000000 0 128
0.000000 -0.000000 -0.000000 0 128
0.000000 -0.000000 -0.000000 0 128
0.000000 -0.000000 -0.000000 0 128
0.000000 -0.000000 -0.000000 0 128
0.000000 -0.000000 -0.000000 0 128
0.000000 -0.000000 -0.000000 0 128
0.000000 -0.000000 -0.000000 0 128
0.000000 -0.000000 -0.000000 0 128
0.000000 -0.000000 -0.000000 0 128
0.000000 -0.000000 -0.000000 0 0
0.000000 -0.000000 -0.000000 0 128
0.000000 -0.000000 -0.000000 0 128
0.000000 -0.000000 -0.000000 0 128
0.000000 -0.000000 -0.000000 0 128
0.000000 -0.000000 -0.000000 0 128
0.000000 -0.000000 -0.000000 0 128
0.000000 -0.000000 -0.000000 0 128
0.000000 -0.000000 -0.000000 0 128
0.000000 -0.000000 -0.000000 0 128
0.000000 -0.000000 -0.000000 0 128
0.000000 -0.000000 -0.000000 0 128
0.000000 -0.000000 -0.000000 0 128
0.000000 -0.000000 -0.000000 0 128
0.000000 -0.000000 -0.000000 0 128
0.000000 -0.000000 -0.000000 0 128
0.000000 -0.000000 -0.000000 0 128
0.000000 -0.000000 -0.000000 0 0
0.000000 -0.000000 -0.000000 0 128
0.000000 -0.000000 -0.000000 0 128
0.000000 -0.000000 -0.000000 0 128
0.000000 -0.000000 -0.000000 0 0
0.000000 -0.000000 -0.000000 0 128
0.000000 -0.000000 -0.000000 0 0
0.000000 -0.000000 -0.000000 0 128
0.000000 -0.000000 -0.000000 0 0
0.000000 -0.000000 -0.000000 0 128
0.000000 -0.000000 -0.000000 0 0
0.000000 -0.000000 -0.000000 0 128
0.000000 -0.000000 -0.000000 0 0
0.000000 -0.000000 -0.000000 0 0
0.000000 -0.000000 -0.000000 0 0
0.000000 -0.000000 -0.000000 0 128
0.000000 -0.000000 -0.000000 0 0
0.000000 -0.000000 -0.000000 0 0
0.000000 -0.000000 -0.000000 0 0
0.000000 -0.000000 -0.000000 0 128
0.000000 -0.000000 -0.000000 0 0
0.000000 -0.000000 -0.000000 0 0
0.000000 -0.000000 -0.000000 0 0
0.000000 -0.000000 -0.000000 0 128
0.000000 -0.000000 -0.000000 0 0
0.000000 -0.000000 -0.000000 0 0
0.000000 -0.000000 -0.000000 0 0
0.000000 -0.000000 -0.000000 0 128
0.000000 -0.000000 -0.000000 0 0
0.000000 -0.000000 -0.000000 0 0
0.000000 -0.000000 -0.000000 0 0
0.000000 -0.000000 -0.000000 0 128
0.000000 -0.000000 -0.000000 0 0
0.000000 -0.000000 -0.000000 0 0
0.000000 -0.000000 -0.000000 0 0
0.000000 -0.000000 -0.000000 0 128
0.000000 -0.000000 -0.000000 0 0
0.000000 -0.000000 -0.000000 0 0
0.000000 -0.000000 -0.000000 0 0
0.000000 -0.000000 -0.000000 0 128
0.000000 -0.000000 -0.000000 0 128
0.000000 -0.000000 -0.000000 0 128
0.000000 -0.000000 -0.000000 0 128
0.000000 -0.000000 -0.000000 0 192
0.000000 -0.000000 -0.000000 0 128
0.000000 -0.000000 -0.000000 0 128
0.000000 -0.000000 -0.000000 0 128
0.000000 -0.000000 -0.000000 0 192
0.000000 -0.000000 -0.000000 0 128
0.000000 -0.000000 -0.000000 0 128
0.000000 -0.000000 -0.000000 0 128
0.000000 -0.000000 -0.000000 0 192
0.000000 -0.000000 -0.000000 0 128
0.000000 -0.000000 -0.000000 0 128
0.000000 -0.000000 -0.000000 0 128
0.000000 -0.000000 -0.000000 0 192
0.000000 -0.000000 -0.000000 0 128
0.000000 -0.000000 -0.000000 0 128
0.000000 -0.000000 -0.000000 0 128
0.000000 -0.000000 -0.000000 0 192
0.000000 -0.000000 -0.000000 0 128
0.000000 -0.000000 -0.000000 0 128
0.000000 -0.000000 -0.000000 0 128
0.000000 -0.000000 -0.000000 0 192
0.000000 -0.000000 -0.000000 0 128
0.000000 -0.000000 -0.000000 0 128
0.000000 -0.000000 -0.000000 0 128
0.000000 -0.000000 -0.000000 0 128
0.000000 -0.000000 -0.000000 0 128
0.000000 -0.000000 -0.000000 0 128
0.000000 -0.000000 -0.000000 0 128
0.000000 -0.000000 -0.000000 0 128
0.000000 -0.000000 -0.000000 0 128
0.000000 -0.000000 -0.000000 0 128
0.000000 -0.000000 -0.000000 0 128
0.000000 -0.000000 -0.000000 0 128
0.000000 -0.000000 -0.000000 0 128
0.000000 -0.000000 -0.000000 0 128
0.000000 -0.000000 -0.000000 0 128
0.000000 -0.000000 -0.000000 0 0
0.000000 -0.000000 -0.000000 0 128
0.000000 -0.000000 -0.000000 0 128
0.000000 -0.000000 -0.000000 0 128
0.000000 -0.000000 -0.000000 0 128
0.000000 -0.000000 -0.000000 0 128
0.000000 -0.000000 -0.000000 0 128
0.000000 -0.000000 -0.000000 0 128
0.000000 -0.000000 -0.000000 0 128
0.000000 -0.000000 -0.000000 0 128
0.000000 -0.000000 -0.000000 0 128
0.000000 -0.000000 -0.000000 0 128
0.000000 -0.000000 -0.000000 0 128
0.000000 -0.000000 -0.000000 0 128
0.000000 -0.000000 -0.000000 0 128
0.000000 -0.000000 -0.000000 0 128
0.000000 -0.000000 -0.000000 0 128
0.000000 -0.000000 -0.000000 0 0
0.000000 -0.000000 -0.000000 0 128
0.000000 -0.000000 -0.000000 0 128
0.000000 -0.000000 -0.000000 0 128
0.000000 -0.000000 -0.000000 0 0
0.000000 -0.000000 -0.000000 0 128
0.000000 -0.000000 -0.000000 0 0
0.000000 -0.000000 -0.000000 0 128
0.000000 -0.000000 -0.000000 0 0
0.000000 -0.000000 -0.000000 0 128
0.000000 -0.000000 -0.000000 0 0
0.000000 -0.000000 -0.000000 0 128
0.000000 -0.000000 -0.000000 0 0
0.000000 -0.000000 -0.000000 0 0
0.000000 -0.000000 -0.000000 0 0
0.000000 -0.000000 -0.000000 0 128
0.000000 -0.000000 -0.000000 0 0
0.000000 -0.000000 -0.000000 0 0
0.000000 -0.000000 -0.000000 0 0
0.000000 -0.000000 -0.000000 0 128
0.000000 -0.000000 -0.000000 0 0
0.000000 -0.000000 -0.000000 0 0
0.000000 -0.000000 -0.000000 0 0
0.000000 -0.000000 -0.000000 0 128
0.000000 -0.000000 -0.000000 0 0
0.000000 -0.000000 -0.000000 0 0
0.000000 -0.000000 -0.000000 0 0
0.000000 -0.000000 -0.000000 0 128
0.000000 -0.000000 -0.000000 0 0
0.000000 -0.000000 -0.000000 0 0
0.000000 -0.000000 -0.000000 0 0
0.000000 -0.000000 -0.000000 0 128
0.000000 -0.000000 -0.000000 0 0
0.000000 -0.000000 -0.000000 0 0
0.000000 -0.000000 -0.000000 0 0
0.000000 -0.000000 -0.000000 0 128
0.000000 -0.000000 -0.000000 0 0
0.000000 -0.000000 -0.000000 0 0
0.000000 -0.000000 -0.000000 0 0
0.000000 -0.000000 -0.000000 0 128
0.000000 -0.000000 -0.000000 0 0
0.000000 -0.000000 -0.000000 0 0
0.000000 -0.000000 -0.000000 0 0
0.000000 -0.000000 -0.000000 0 128
0.000000 -0.000000 -0.000000 0 0
0.000000 -0.000000 -0.000000 0 128
0.000000 -0.000000 -0.000000 0 0
0.000000 -0.000000 -0.000000 0 128
0.000000 -0.000000 -0.000000 0 128
0.000000 -0.000000 -0.000000 0 128
0.000000 -0.000000 -0.000000 0 0
0.000000 -0.000000 -0.000000 0 128
0.000000 -0.000000 -0.000000 0 128
0.000000 -0.000000 -0.000000 0 128
0.000000 -0.000000 -0.000000 0 0
0.000000 -0.000000 -0.000000 0 128
0.000000 -0.000000 -0.000000 0 128
0.000000 -0.000000 -0.000000 0 128
0.000000 -0.000000 -0.000000 0 0
0.000000 -0.000000 -0.000000 0 128
0.000000 -0.000000 -0.000000 0 128
0.000000 -0.000000 -0.000000 0 128
0.000000 -0.000000 -0.000000 0 128
0.000000 -0.000000 -0.000000 0 128
0.000000 -0.000000 -0.000000 0 0
0.000000 -0.000000 -0.000000 0 128
0.000000 -0.000000 -0.000000 0 128
0.000000 -0.000000 -0.000000 0 128
0.000000 -0.000000 -0.000000 0 0
0.000000 -0.000000 -0.000000 0 0
0.000000 -0.000000 -0.000000 0 128
0.000000 -0.000000 -0.000000 0 128
0.000000 -0.000000 -0.000000 0 0
0.000000 -0.000000 -0.000000 0 0
0.000000 -0.000000 -0.000000 0 128
0.000000 -0.000000 -0.000000 0 128
0.000000 -0.000000 -0.000000 0 0
0.000000 -0.000000 -0.000000 0 128
0.000000 -0.000000 -0.000000 0 128
0.000000 -0.000000 -0.000000 0 128
0.000000 -0.000000 -0.000000 0 128
0.000000 -0.000000 -0.000000 0 128
0.000000 -0.000000 -0.000000 0 128
0.000000 -0.000000 -0.000000 0 128
0.000000 -0.000000 -0.000000 0 128
0.000000 -0.000000 -0.000000 0 192
0.000000 -0.000000 -0.000000 0 192
0.000000 -0.000000 -0.000000 0 128
0.000000 -0.000000 -0.000000 0 128
0.000000 -0.000000 -0.000000 0 192
0.000000 -0.000000 -0.000000 0 192
0.000000 -0.000000 -0.000000 0 128
0.000000 -0.000000 -0.000000 0 128
0.000000 -0.000000 -0.000000 0 192
0.000000 -0.000000 -0.000000 0 192
0.000000 -0.000000 -0.000000 0 128
0.000000 -0.000000 -0.000000 0 192
0.000000 -0.000000 -0.000000 0 192
0.000000 -0.000000 -0.000000 0 192
0.000000 -0.000000 -0.000000 0 128
0.000000 -0.000000 -0.000000 0 128
0.000000 -0.000000 -0.000000 0 192
0.000000 -0.000000 -0.000000 0 192
0.000000 -0.000000 -0.000000 0 128
0.000000 -0.000000 -0.000000 0 192
0.000000 -0.000000 -0.000000 0 192
0.000000 -0.000000 -0.000000 0 192
0.000000 -0.000000 -0.000000 0 128
0.000000 -0.000000 -0.000000 0 192
0.000000 -0.000000 -0.000000 0 192
0.000000 -0.000000 -0.000000 0 192
0.000000 -0.000000 -0.000000 0 128
0.000000 -0.000000 -0.000000 0 192
0.000000 -0.000000 -0.000000 0 192
0.000000 -0.000000 -0.000000 0 192
0.000000 -0.000000 -0.000000 0 128
0.000000 -0.000000 -0.000000 0 192
0.000000 -0.000000 -0.000000 0 192
0.000000 -0.000000 -0.000000 0 192
0.000000 -0.000000 -0.000000 0 128
0.000000 -0.000000 -0.000000 0 192
0.000000 -0.000000 -0.000000 0 192
0.000000 -0.000000 -0.000000 0 128
0.000000 -0.000000 -0.000000 0 128
0.000000 -0.000000 -0.000000 0 128
0.000000 -0.000000 -0.000000 0 0
0.000000 -0.000000 -0.000000 0 0
0.000000 -0.000000 -0.000000 0 0
0.000000 -0.000000 -0.000000 0 0
0.000000 -0.000000 -0.000000 0 0
0.000000 -0.000000 -0.000000 0 0
0.000000 -0.000000 -0.000000 0 0
0.000000 -0.000000 -0.000000 0 0
0.000000 -0.000000 -0.000000 0 0
0.000000 -0.000000 -0.000000 0 0
0.000000 -0.000000 -0.000000 0 0
0.000000 -0.000000 -0.000000 0 0
0.000000 -0.000000 -0.000000 0 0
0.000000 -0.000000 -0.000000 0 0
0.000000 -0.000000 -0.000000 0 128
0.000000 -0.000000 -0.000000 0 0
0.000000 -0.000000 -0.000000 0 128
0.000000 -0.000000 -0.000000 0 0
0.000000 -0.000000 -0.000000 0 128
0.000000 -0.000000 -0.000000 0 128
0.000000 -0.000000 -0.000000 0 128
0.000000 -0.000000 -0.000000 0 0
0.000000 -0.000000 -0.000000 0 128
0.000000 -0.000000 -0.000000 0 128
0.000000 -0.000000 -0.000000 0 128
0.000000 -0.000000 -0.000000 0 0
0.000000 -0.000000 -0.000000 0 128
0.000000 -0.000000 -0.000000 0 128
0.000000 -0.000000 -0.000000 0 128
0.000000 -0.000000 -0.000000 0 0
0.000000 -0.000000 -0.000000 0 128
0.000000 -0.000000 -0.000000 0 128
0.000000 -0.000000 -0.000000 0 128
0.000000 -0.000000 -0.000000 0 128
0.000000 -0.000000 -0.000000 0 128
0.000000 -0.000000 -0.000000 0 0
0.000000 -0.000000 -0.000000 0 128
0.000000 -0.000000 -0.000000 0 128
0.000000 -0.000000 -0.000000 0 128
0.000000 -0.000000 -0.000000 0 0
0.000000 -0.000000 -0.000000 0 0
0.000000 -0.000000 -0.000000 0 128
0.000000 -0.000000 -0.000000 0 128
0.000000 -0.000000 -0.000000 0 0
0.000000 -0.000000 -0.000000 0 0
0.000000 -0.000000 -0.000000 0 128
0.000000 -0.000000 -0.000000 0 128
0.000000 -0.000000 -0.000000 0 0
0.000000 -0.000000 -0.000000 0 128
0.000000 -0.000000 -0.000000 0 128
0.000000 -0.000000 -0.000000 0 128
0.000000 -0.000000 -0.000000 0 128
0.000000 -0.000000 -0.000000 0 128
0.000000 -0.000000 -0.000000 0 128
0.000000 -0.000000 -0.000000 0 128
0.000000 -0.000000 -0.000000 0 128
0.000000 -0.000000 -0.000000 0 192
0.000000 -0.000000 -0.000000 0 192
0.000000 -0.000000 -0.000000 0 128
0.000000 -0.000000 -0.000000 0 128
0.000000 -0.000000 -0.000000 0 192
0.000000 -0.000000 -0.000000 0 192
0.000000 -0.000000 -0.000000 0 128
0.000000 -0.000000 -0.000000 0 128
0.000000 -0.000000 -0.000000 0 192
0.000000 -0.000000 -0.000000 0 192
0.000000 -0.000000 -0.000000 0 128
0.000000 -0.000000 -0.000000 0 192
0.000000 -0.000000 -0.000000 0 192
0.000000 -0.000000 -0.000000 0 192
0.000000 -0.000000 -0.000000 0 128
0.000000 -0.000000 -0.000000 0 128
0.000000 -0.000000 -0.000000 0 192
0.000000 -0.000000 -0.000000 0 192
0.000000 -0.000000 -0.000000 0 128
0.000000 -0.000000 -0.000000 0 192
0.000000 -0.000000 -0.000000 0 192
0.000000 -0.000000 -0.000000 0 192
0.000000 -0.000000 -0.000000 0 128
0.000000 -0.000000 -0.000000 0 192
0.000000 -0.000000 -0.000000 0 192
0.000000 -0.000000 -0.000000 0 192
0.000000 -0.000000 -0.000000 0 128
0.000000 -0.000000 -0.000000 0 192
0.000000 -0.000000 -0.000000 0 192
0.000000 -0.000000 -0.000000 0 192
0.000000 -0.000000 -0.000000 0 128
0.000000 -0.000000 -0.000000 0 192
0.000000 -0.000000 -0.000000 0 192
0.000000 -0.000000 -0.000000 0 192
0.000000 -0.000000 -0.000000 0 128
0.000000 -0.000000 -0.000000 0 192
0.000000 -0.000000 -0.000000 0 192
0.000000 -0.000000 -0.000000 0 128
0.000000 -0.000000 -0.000000 0 128
0.000000 -0.000000 -0.000000 0 128
0.000000 -0.000000 -0.000000 0 0
0.000000 -0.000000 -0.000000 0 0
0.000000 -0.000000 -0.000000 0 0
0.000000 -0.000000 -0.000000 0 0
0.000000 -0.000000 -0.000000 0 0
0.000000 -0.000000 -0.000000 0 0
0.000000 -0.000000 -0.000000 0 0
0.000000 -0.000000 -0.000000 0 0
0.000000 -0.000000 -0.000000 0 0
0.000000 -0.000000 -0.000000 0 0
0.000000 -0.000000 -0.000000 0 0
0.000000 -0.000000 -0.000000 0 0
0.000000 -0.000000 -0.000000 0 0
0.000000 -0.000000 -0.000000 0 0
0.000000 -0.000000 -0.000000 0 0
0.000000 -0.000000 -0.000000 0 0
0.000000 -0.000000 -0.000000 0 0
0.000000 -0.000000 -0.000000 0 0
0.000000 -0.000000 -0.000000 0 0
0.000000 -0.000000 -0.000000 0 0
0.000000 -0.000000 -0.000000 0 0
0.000000 -0.000000 -0.000000 0 0
0.000000 -0.000000 -0.000000 0 0
0.000000 -0.000000 -0.000000 0 0
0.000000 -0.000000 -0.000000 0 0
0.000000 -0.000000 -0.000000 0 0
0.000000 -0.000000 -0.000000 0 0
0.000000 -0.000000 -0.000000 0 0
0.000000 -0.000000 -0.000000 0 0
0.000000 -0.000000 -0.000000 0 0
0.000000 -0.000000 -0.000000 0 0
0.000000 -0.000000 -0.000000 0 0
0.000000 -0.000000 -0.000000 0 0
0.000000 -0.000000 -0.000000 0 0
0.000000 -0.000000 -0.000000 0 0
0.000000 -0.000000 -0.000000 0 0
0.000000 -0.000000 -0.000000 0 0
0.000000 -0.000000 -0.000000 0 0
0.000000 -0.000000 -0.000000 0 0
0.000000 -0.000000 -0.000000 0 0
0.000000 -0.000000 -0.000000 0 0
0.000000 -0.000000 -0.000000 0 0
0.000000 -0.000000 -0.000000 0 0
0.000000 -0.000000 -0.000000 0 0
0.000000 -0.000000 -0.000000 0 0
0.000000 -0.000000 -0.000000 0 0
0.000000 -0.000000 -0.000000 0 0
0.000000 -0.000000 -0.000000 0 0
0.000000 -0.000000 -0.000000 0 0
0.000000 -0.000000 -0.000000 0 0
0.000000 -0.000000 -0.000000 0 0
0.000000 -0.000000 -0.000000 0 0
0.000000 -0.000000 -0.000000 0 0
0.000000 -0.000000 -0.000000 0 0
0.000000 -0.000000 -0.000000 0 0
0.000000 -0.000000 -0.000000 0 0
0.000000 -0.000000 -0.000000 0 0
0.000000 -0.000000 -0.000000 0 0
0.000000 -0.000000 -0.000000 0 0
0.000000 -0.000000 -0.000000 0 0
0.000000 -0.000000 -0.000000 0 0
0.000000 -0.000000 -0.000000 0 0
0.000000 -0.000000 -0.000000 0 0
0.000000 -0.000000 -0.000000 0 0
0.000000 -0.000000 -0.000000 0 0
0.000000 -0.000000 -0.000000 0 0
0.000000 -0.000000 -0.000000 0 0
0.000000 -0.000000 -0.000000 0 0
0.000000 -0.000000 -0.000000 0 0
0.000000 -0.000000 -0.000000 0 0
0.000000 -0.000000 -0.000000 0 0
0.000000 -0.000000 -0.000000 0 0
0.000000 -0.000000 -0.000000 0 0
0.000000 -0.000000 -0.000000 0 0
0.000000 -0.000000 -0.000000 0 0
0.000000 -0.000000 -0.000000 0 0
0.000000 -0.000000 -0.000000 0 0
0.000000 -0.000000 -0.000000 0 0
0.000000 -0.000000 -0.000000 0 0
0.000000 -0.000000 -0.000000 0 0
0.000000 -0.000000 -0.000000 0 0
0.000000 -0.000000 -0.000000 0 0
0.000000 -0.000000 -0.000000 0 0
0.000000 -0.000000 -0.000000 0 0
0.000000 -0.000000 -0.000000 0 0
0.000000 -0.000000 -0.000000 0 0
0.000000 -0.000000 -0.000000 0 0
0.000000 -0.000000 -0.000000 0 0
0.000000 -0.000000 -0.000000 0 0
0.000000 -0.000000 -0.000000 0 0
0.000000 -0.000000 -0.000000 0 0
0.000000 -0.000000 -0.000000 0 0
0.000000 -0.000000 -0.000000 0 0
0.000000 -0.000000 -0.000000 0 0
0.000000 -0.000000 -0.000000 0 0
0.000000 -0.000000 -0.000000 0 0
0.000000 -0.000000 -0.000000 0 0
0.000000 -0.000000 -0.000000 0 0
0.000000 -0.000000 -0.000000 0 0
0.000000 -0.000000 -0.000000 0 0
0.000000 -0.000000 -0.000000 0 0
0.000000 -0.000000 -0.000000 0 0
0.000000 -0.000000 -0.000000 0 0
0.000000 -0.000000 -0.000000 0 0
0.000000 -0.000000 -0.000000 0 0
0.000000 -0.000000 -0.000000 0 0
0.000000 -0.000000 -0.000000 0 0
0.000000 -0.000000 -0.000000 0 0
0.000000 -0.000000 -0.000000 0 0
0.000000 -0.000000 -0.000000 0 0
0.000000 -0.000000 -0.000000 0 0
0.000000 -0.000000 -0.000000 0 0
0.000000 -0.000000 -0.000000 0 0
0.000000 -0.000000 -0.000000 0 0
0.000000 -0.000000 -0.000000 0 0
0.000000 -0.000000 -0.000000 0 0
0.000000 -0.000000 -0.000000 0 0
0.000000 -0.000000 -0.000000 0 0
0.000000 -0.000000 -0.000000 0 0
0.000000 -0.000000 -0.000000 0 0
0.000000 -0.000000 -0.000000 0 0
0.000000 -0.000000 -0.000000 0 0
0.000000 -0.000000 -0.000000 0 0
0.000000 -0.000000 -0.000000 0 0
0.000000 -0.000000 -0.000000 0 0
0.000000 -0.000000 -0.000000 0 0
0.000000 -0.000000 -0.000000 0 0
0.000000 -0.000000 -0.000000 0 0
0.000000 -0.000000 -0.000000 0 0
0.000000 -0.000000 -0.000000 0 0
0.000000 -0.000000 -0.000000 0 0
0.000000 -0.000000 -0.000000 0 0
0.000000 -0.000000 -0.000000 0 0
0.000000 -0.000000 -0.000000 0 0
0.000000 -0.000000 -0.000000 0 0
0.000000 -0.000000 -0.000000 0 0
0.000000 -0.000000 -0.000000 0 0
0.000000 -0.000000 -0.000000 0 0
0.000000 -0.000000 -0.000000 0 0
0.000000 -0.000000 -0.000000 0 0
0.000000 -0.000000 -0.000000 0 0
0.000000 -0.000000 -0.000000 0 0
0.000000 -0.000000 -0.000000 0 0
0.000000 -0.000000 -0.000000 0 0
0.000000 -0.000000 -0.000000 0 0
0.000000 -0.000000 -0.000000 0 0
0.000000 -0.000000 -0.000000 0 0
0.000000 -0.000000 -0.000000 0 0
0.000000 -0.000000 -0.000000 0 0
0.000000 -0.000000 -0.000000 0 0
0.000000 -0.000000 -0.000000 0 0
0.000000 -0.000000 -0.000000 0 0
0.000000 -0.000000 -0.000000 0 0
0.000000 -0.000000 -0.000000 0 0
0.000000 -0.000000 -0.000000 0 0
0.000000 -0.000000 -0.000000 0 0
0.000000 -0.000000 -0.000000 0 0
0.000000 -0.000000 -0.000000 0 0
0.000000 -0.000000 -0.000000 0 0
0.000000 -0.000000 -0.000000 0 0
0.000000 -0.000000 -0.000000 0 0
0.000000 -0.000000 -0.000000 0 0
0.000000 -0.000000 -0.000000 0 0
0.000000 -0.000000 -0.000000 0 0
0.000000 -0.000000 -0.000000 0 0
0.000000 -0.000000 -0.000000 0 0
0.000000 -0.000000 -0.000000 0 0
0.000000 -0.000000 -0.000000 0 0
0.000000 -0.000000 -0.000000 0 0
0.000000 -0.000000 -0.000000 0 0
0.000000 -0.000000 -0.000000 0 0
0.000000 -0.000000 -0.000000 0 0
0.000000 -0.000000 -0.000000 0 0
0.000000 -0.000000 -0.000000 0 0
0.000000 -0.000000 -0.000000 0 0
0.000000 -0.000000 -0.000000 0 0
0.000000 -0.000000 -0.000000 0 0
0.000000 -0.000000 -0.000000 0 0
0.000000 -0.000000 -0.000000 0 0
0.000000 -0.000000 -0.000000 0 0
0.000000 -0.000000 -0.000000 0 0
0.000000 -0.000000 -0.000000 0 0
0.000000 -0.000000 -0.000000 0 0
0.000000 -0.000000 -0.000000 0 0
0.000000 -0.000000 -0.000000 0 0
0.000000 -0.000000 -0.000000 0 0
0.000000 -0.000000 -0.000000 0 0
0.000000 -0.000000 -0.000000 0 0
0.000000 -0.000000 -0.000000 0 0
0.000000 -0.000000 -0.000000 0 0
0.000000 -0.000000 -0.000000 0 0
0.000000 -0.000000 -0.000000 0 0
0.000000 -0.000000 -0.000000 0 0
0.000000 -0.000000 -0.000000 0 0
0.000000 -0.000000 -0.000000 0 0
0.000000 -0.000000 -0.000000 0 0
0.000000 -0.000000 -0.000000 0 0
0.000000 -0.000000 -0.000000 0 0
0.000000 -0.000000 -0.000000 0 0
0.000000 -0.000000 -0.000000 0 0
0.000000 -0.000000 -0.000000 0 0
0.000000 -0.000000 -0.000000 0 0
0.000000 -0.000000 -0.000000 0 0
0.000000 -0.000000 -0.000000 0 0
0.000000 -0.000000 -0.000000 0 0
0.000000 -0.000000 -0.000000 0 0
0.000000 -0.000000 -0.000000 0 0
0.000000 -0.000000 -0.000000 0 0
0.000000 -0.000000 -0.000000 0 0
0.000000 -0.000000 -0.000000 0 0
0.000000 -0.000000 -0.000000 0 0
0.000000 -0.000000 -0.000000 0 0
0.000000 -0.000000 -0.000000 0 0
0.000000 -0.000000 -0.000000 0 0
0.000000 -0.000000 -0.000000 0 0
0.000000 -0.000000 -0.000000 0 0
0.000000 -0.000000 -0.000000 0 0
0.000000 -0.000000 -0.000000 0 0
0.000000 -0.000000 -0.000000 0 0
0.000000 -0.000000 -0.000000 0 0
0.000000 -0.000000 -0.000000 0 0
0.000000 -0.000000 -0.000000 0 0
0.000000 -0.000000 -0.000000 0 0
0.000000 -0.000000 -0.000000 0 0
0.000000 -0.000000 -0.000000 0 0
0.000000 -0.000000 -0.000000 0 0
0.000000 -0.000000 -0.000000 0 0
0.000000 -0.000000 -0.000000 0 0
0.000000 -0.000000 -0.000000 0 0
0.000000 -0.000000 -0.000000 0 0
0.000000 -0.000000 -0.000000 0 0
0.000000 -0.000000 -0.000000 0 0
0.000000 -0.000000 -0.000000 0 0
0.000000 -0.000000 -0.000000 0 0
0.000000 -0.000000 -0.000000 0 0
0.000000 -0.000000 -0.000000 0 0
0.000000 -0.000000 -0.000000 0 0
0.000000 -0.000000 -0.000000 0 0
0.000000 -0.000000 -0.000000 0 0
0.000000 -0.000000 -0.000000 0 0
0.000000 -0.000000 -0.000000 0 0
0.000000 -0.000000 -0.000000 0 0
0.000000 -0.000000 -0.000000 0 0
0.000000 -0.000000 -0.000000 0 0
0.000000 -0.000000 -0.000000 0 0
0.000000 -0.000000 -0.000000 0 0
0.000000 -0.000000 -0.000000 0 0
0.000000 -0.000000 -0.000000 0 0
0.000000 -0.000000 -0.000000 0 0
0.000000 -0.000000 -0.000000 0 0
0.000000 -0.000000 -0.000000 0 0
0.000000 -0.000000 -0.000000 0 0
0.000000 -0.000000 -0.000000 0 0
0.000000 -0.000000 -0.000000 0 0
0.000000 -0.000000 -0.000000 0 0
0.000000 -0.000000 -0.000000 0 0
0.000000 -0.000000 -0.000000 0 0
0.000000 -0.000000 -0.000000 0 0
0.000000 -0.000000 -0.000000 0 0
0.000000 -0.000000 -0.000000 0 0
0.000000 -0.000000 -0.000000 0 0
0.000000 -0.000000 -0.000000 0 0
0.000000 -0.000000 -0.000000 0 0
0.000000 -0.000000 -0.000000 0 0
0.000000 -0.000000 -0.000000 0 0
0.000000 -0.000000 -0.000000 0 0
0.000000 -0.000000 -0.000000 0 0
0.000000 -0.000000 -0.000000 0 0
0.000000 -0.000000 -0.000000 0 0
0.000000 -0.000000 -0.000000 0 0
0.000000 -0.000000 -0.000000 0 0
0.000000 -0.000000 -0.000000 0 0
0.000000 -0.000000 -0.000000 0 0
0.000000 -0.000000 -0.000000 0 0
0.000000 -0.000000 -0.000000 0 0
0.000000 -0.000000 -0.000000 0 0
4.313000 -9.562000 0.706000 1 0
3.976000 -9.572000 0.789000 23 0
3.687000 -9.677000 0.889000 54 0
0.000000 -0.000000 -0.000000 0 0
4.058000 -9.588000 0.705000 29 0
3.747000 -9.660000 0.785000 59 0
3.438000 -9.712000 0.873000 89 0
0.000000 -0.000000 -0.000000 0 0
3.817000 -9.642000 0.707000 65 0
3.504000 -9.707000 0.779000 99 0
3.204000 -9.780000 0.861000 106 0
3.890000 -9.622000 0.632000 66 0
3.580000 -9.693000 0.709000 98 0
3.268000 -9.761000 0.773000 111 0
2.965000 -9.834000 0.848000 100 0
3.652000 -9.667000 0.642000 103 0
3.344000 -9.743000 0.712000 111 0
3.033000 -9.816000 0.768000 106 0
2.732000 -9.890000 0.835000 102 0
3.422000 -9.726000 0.653000 107 0
3.107000 -9.796000 0.715000 105 0
2.800000 -9.872000 0.763000 105 0
2.495000 -9.944000 0.823000 102 0
0.000000 -0.000000 -0.000000 0 0
0.000000 -0.000000 -0.000000 0 0
0.000000 -0.000000 -0.000000 0 0
0.000000 -0.000000 -0.000000 0 0
0.000000 -0.000000 -0.000000 0 0
0.000000 -0.000000 -0.000000 0 0
0.000000 -0.000000 -0.000000 0 0
0.000000 -0.000000 -0.000000 0 0
0.000000 -0.000000 -0.000000 0 0
0.000000 -0.000000 -0.000000 0 0
0.000000 -0.000000 -0.000000 0 0
0.000000 -0.000000 -0.000000 0 0
0.000000 -0.000000 -0.000000 0 0
0.000000 -0.000000 -0.000000 0 0
0.000000 -0.000000 -0.000000 0 0
0.000000 -0.000000 -0.000000 0 0
0.000000 -0.000000 -0.000000 0 0
0.000000 -0.000000 -0.000000 0 0
0.000000 -0.000000 -0.000000 0 0
0.000000 -0.000000 -0.000000 0 0
0.000000 -0.000000 -0.000000 0 0
0.000000 -0.000000 -0.000000 0 0
0.000000 -0.000000 -0.000000 0 0
0.000000 -0.000000 -0.000000 0 0
0.000000 -0.000000 -0.000000 0 0
0.000000 -0.000000 -0.000000 0 0
0.000000 -0.000000 -0.000000 0 0
0.000000 -0.000000 -0.000000 0 0
0.000000 -0.000000 -0.000000 0 0
0.000000 -0.000000 -0.000000 0 0
0.000000 -0.000000 -0.000000 0 0
0.000000 -0.000000 -0.000000 0 0
0.000000 -0.000000 -0.000000 0 0
0.000000 -0.000000 -0.000000 0 0
0.000000 -0.000000 -0.000000 0 0
0.000000 -0.000000 -0.000000 0 0
0.000000 -0.000000 -0.000000 0 0
0.000000 -0.000000 -0.000000 0 0
0.000000 -0.000000 -0.000000 0 0
0.000000 -0.000000 -0.000000 0 0
0.000000 -0.000000 -0.000000 0 0
0.000000 -0.000000 -0.000000 0 0
0.000000 -0.000000 -0.000000 0 0
0.000000 -0.000000 -0.000000 0 0
0.000000 -0.000000 -0.000000 0 0
0.000000 -0.000000 -0.000000 0 0
0.000000 -0.000000 -0.000000 0 0
0.000000 -0.000000 -0.000000 0 0
0.000000 -0.000000 -0.000000 0 0
0.000000 -0.000000 -0.000000 0 0
0.000000 -0.000000 -0.000000 0 0
0.000000 -0.000000 -0.000000 0 0
0.000000 -0.000000 -0.000000 0 0
0.000000 -0.000000 -0.000000 0 0
0.000000 -0.000000 -0.000000 0 0
0.000000 -0.000000 -0.000000 0 0
0.000000 -0.000000 -0.000000 0 0
0.000000 -0.000000 -0.000000 0 0
0.000000 -0.000000 -0.000000 0 0
0.000000 -0.000000 -0.000000 0 0
0.000000 -0.000000 -0.000000 0 0
0.000000 -0.000000 -0.000000 0 0
0.000000 -0.000000 -0.000000 0 0
0.000000 -0.000000 -0.000000 0 0
0.000000 -0.000000 -0.000000 0 0
0.000000 -0.000000 -0.000000 0 0
0.000000 -0.000000 -0.000000 0 0
0.000000 -0.000000 -0.000000 0 0
0.000000 -0.000000 -0.000000 0 0
0.000000 -0.000000 -0.000000 0 0
0.000000 -0.000000 -0.000000 0 0
0.000000 -0.000000 -0.000000 0 0
0.000000 -0.000000 -0.000000 0 0
4.313000 -9.562000 0.706000 1 0
3.976000 -9.572000 0.789000 23 0
3.687000 -9.677000 0.889000 54 0
0.000000 -0.000000 -0.000000 0 0
4.058000 -9.588000 0.705000 29 0
3.747000 -9.660000 0.785000 59 0
3.438000 -9.712000 0.873000 89 0
0.000000 -0.000000 -0.000000 0 0
3.817000 -9.642000 0.707000 65 0
3.504000 -9.707000 0.779000 99 0
3.204000 -9.780000 0.861000 106 0
3.890000 -9.622000 0.632000 66 0
3.580000 -9.693000 0.709000 98 0
3.268000 -9.761000 0.773000 111 0
2.965000 -9.834000 0.848000 100 0
3.652000 -9.667000 0.642000 103 0
3.344000 -9.743000 0.712000 111 0
3.033000 -9.816000 0.768000 106 0
2.732000 -9.890000 0.835000 102 0
3.422000 -9.726000 0.653000 107 0
3.107000 -9.796000 0.715000 105 0
2.800000 -9.872000 0.763000 105 0
2.495000 -9.944000 0.823000 102 0
3.190000 -9.781000 0.665000 104 0
2.877000 -9.856000 0.719000 108 0
2.566000 -9.921000 0.758000 104 0
2.260000 -9.995000 0.810000 104 0
2.955000 -9.832000 0.676000 102 0
2.643000 -9.903000 0.722000 101 0
2.331000 -9.978000 0.755000 104 0
2.023000 -10.042000 0.798000 100 0
2.725000 -9.886000 0.688000 103 0
2.410000 -9.963000 0.726000 103 0
2.096000 -10.035000 0.751000 102 0
1.787000 -10.102000 0.787000 96 0
2.491000 -9.936000 0.700000 96 0
2.180000 -10.022000 0.731000 102 0
1.861000 -10.081000 0.748000 100 0
1.550000 -10.161000 0.777000 93 0
2.260000 -9.987000 0.713000 95 0
1.943000 -10.068000 0.735000 102 0
1.630000 -10.146000 0.745000 102 0
1.304000 -10.139000 0.761000 58 0
2.027000 -10.042000 0.726000 100 0
1.711000 -10.123000 0.741000 100 0
1.393000 -10.200000 0.743000 82 0
0.000000 -0.000000 -0.000000 0 0
1.797000 -10.103000 0.740000 93 0
1.476000 -10.183000 0.747000 93 0
1.134000 -10.051000 0.726000 17 0
0.000000 -0.000000 -0.000000 0 0
1.564000 -10.149000 0.753000 90 0
1.220000 -10.056000 0.739000 41 0
0.000000 -0.000000 -0.000000 0 0
0.000000 -0.000000 -0.000000 0 0
1.320000 -10.144000 0.763000 65 0
0.000000 -0.000000 -0.000000 0 0
0.000000 -0.000000 -0.000000 0 0
0.000000 -0.000000 -0.000000 0 0
1.078000 -10.112000 0.771000 2 0
0.000000 -0.000000 -0.000000 0 0
0.000000 -0.000000 -0.000000 0 0
0.000000 -0.000000 -0.000000 0 0
0.000000 -0.000000 -0.000000 0 0
0.000000 -0.000000 -0.000000 0 0
0.000000 -0.000000 -0.000000 0 0
0.000000 -0.000000 -0.000000 0 0
0.000000 -0.000000 -0.000000 0 0
0.000000 -0.000000 -0.000000 0 0
0.000000 -0.000000 -0.000000 0 0
0.000000 -0.000000 -0.000000 0 0
0.000000 -0.000000 -0.000000 0 0
0.000000 -0.000000 -0.000000 0 0
0.000000 -0.000000 -0.000000 0 0
0.000000 -0.000000 -0.000000 0 0
0.000000 -0.000000 -0.000000 0 0
0.000000 -0.000000 -0.000000 0 0
0.000000 -0.000000 -0.000000 0 0
-0.172000 -2.091000 0.133000 0 0
0.000000 -0.000000 -0.000000 0 0
0.000000 -0.000000 -0.000000 0 0
0.000000 -0.000000 -0.000000 0 0
-0.207000 -1.954000 0.122000 1 0
0.000000 -0.000000 -0.000000 0 0
0.000000 -0.000000 -0.000000 0 0
-0.195000 -1.993000 0.136000 1 0
-0.238000 -1.836000 0.113000 2 0
0.000000 -0.000000 -0.000000 0 0
-0.183000 -2.046000 0.157000 1 4
-0.228000 -1.878000 0.128000 1 0
-0.264000 -1.720000 0.104000 2 0
0.000000 -0.000000 -0.000000 0 0
-0.216000 -1.913000 0.147000 1 0
-0.256000 -1.767000 0.120000 1 0
-0.285000 -1.609000 0.096000 2 0
-0.204000 -1.955000 0.170000 1 0
-0.247000 -1.803000 0.140000 1 0
-0.281000 -1.667000 0.113000 2 0
-0.304000 -1.510000 0.088000 2 0
-0.235000 -1.838000 0.162000 1 0
-0.272000 -1.695000 0.133000 1 0
-0.298000 -1.544000 0.104000 2 0
-0.481000 -2.136000 0.123000 50 0
-0.262000 -1.722000 0.154000 2 0
-0.295000 -1.597000 0.126000 2 0
-0.468000 -2.151000 0.145000 29 0
-0.508000 -2.032000 0.115000 64 0
-0.287000 -1.630000 0.148000 2 0
-0.316000 -1.509000 0.120000 2 0
-0.499000 -2.066000 0.139000 57 0
-0.529000 -1.926000 0.108000 67 0
-0.307000 -1.531000 0.142000 2 0
-0.492000 -2.107000 0.169000 56 0
-0.522000 -1.960000 0.132000 59 0
-0.550000 -1.836000 0.101000 60 0
-0.482000 -2.141000 0.202000 47 0
-0.518000 -2.000000 0.162000 59 0
-0.545000 -1.868000 0.125000 63 0
-0.570000 -1.754000 0.095000 67 0
3.190000 -9.781000 0.665000 104 0
2.877000 -9.856000 0.719000 108 0
2.566000 -9.921000 0.758000 104 0
2.260000 -9.995000 0.810000 104 0
2.955000 -9.832000 0.676000 102 0
2.643000 -9.903000 0.722000 101 0
2.331000 -9.978000 0.755000 104 0
2.023000 -10.042000 0.798000 100 0
2.725000 -9.886000 0.688000 103 0
2.410000 -9.963000 0.726000 103 0
2.096000 -10.035000 0.751000 102 0
1.787000 -10.102000 0.787000 96 0
2.491000 -9.936000 0.700000 96 0
2.180000 -10.022000 0.731000 102 0
1.861000 -10.081000 0.748000 100 0
1.550000 -10.161000 0.777000 93 0
2.260000 -9.987000 0.713000 95 0
1.943000 -10.068000 0.735000 102 0
1.630000 -10.146000 0.745000 102 0
1.304000 -10.139000 0.761000 58 0
2.027000 -10.042000 0.726000 100 0
1.711000 -10.123000 0.741000 100 0
1.393000 -10.200000 0.743000 82 0
0.000000 -0.000000 -0.000000 0 0
1.797000 -10.103000 0.740000 93 0
1.476000 -10.183000 0.747000 93 0
1.134000 -10.051000 0.726000 17 0
0.000000 -0.000000 -0.000000 0 0
1.564000 -10.149000 0.753000 90 0
1.220000 -10.056000 0.739000 41 0
0.000000 -0.000000 -0.000000 0 0
0.000000 -0.000000 -0.000000 0 0
1.320000 -10.144000 0.763000 65 0
0.000000 -0.000000 -0.000000 0 0
0.000000 -0.000000 -0.000000 0 0
0.000000 -0.000000 -0.000000 0 0
1.078000 -10.112000 0.771000 2 0
0.000000 -0.000000 -0.000000 0 0
0.000000 -0.000000 -0.000000 0 0
0.000000 -0.000000 -0.000000 0 0
0.000000 -0.000000 -0.000000 0 0
0.000000 -0.000000 -0.000000 0 0
0.000000 -0.000000 -0.000000 0 0
0.000000 -0.000000 -0.000000 0 0
0.000000 -0.000000 -0.000000 0 0
0.000000 -0.000000 -0.000000 0 0
0.000000 -0.000000 -0.000000 0 0
0.000000 -0.000000 -0.000000 0 0
0.000000 -0.000000 -0.000000 0 0
0.000000 -0.000000 -0.000000 0 0
0.000000 -0.000000 -0.000000 0 0
0.000000 -0.000000 -0.000000 0 0
0.000000 -0.000000 -0.000000 0 0
0.000000 -0.000000 -0.000000 0 0
0.000000 -0.000000 -0.000000 0 0
-0.172000 -2.091000 0.133000 0 0
0.000000 -0.000000 -0.000000 0 0
0.000000 -0.000000 -0.000000 0 0
0.000000 -0.000000 -0.000000 0 0
-0.207000 -1.954000 0.122000 1 0
0.000000 -0.000000 -0.000000 0 0
0.000000 -0.000000 -0.000000 0 0
-0.195000 -1.993000 0.136000 1 0
-0.238000 -1.836000 0.113000 2 0
0.000000 -0.000000 -0.000000 0 0
-0.183000 -2.046000 0.157000 1 4
-0.228000 -1.878000 0.128000 1 0
-0.264000 -1.720000 0.104000 2 0
0.000000 -0.000000 -0.000000 0 0
-0.216000 -1.913000 0.147000 1 0
-0.256000 -1.767000 0.120000 1 0
-0.285000 -1.609000 0.096000 2 0
-0.204000 -1.955000 0.170000 1 0
-0.247000 -1.803000 0.140000 1 0
-0.281000 -1.667000 0.113000 2 0
-0.304000 -1.510000 0.088000 2 0
-0.235000 -1.838000 0.162000 1 0
-0.272000 -1.695000 0.133000 1 0
-0.298000 -1.544000 0.104000 2 0
-0.481000 -2.136000 0.123000 50 0
-0.262000 -1.722000 0.154000 2 0
-0.295000 -1.597000 0.126000 2 0
-0.468000 -2.151000 0.145000 29 0
-0.508000 -2.032000 0.115000 64 0
-0.287000 -1.630000 0.148000 2 0
-0.316000 -1.509000 0.120000 2 0
-0.499000 -2.066000 0.139000 57 0
-0.529000 -1.926000 0.108000 67 0
-0.307000 -1.531000 0.142000 2 0
-0.492000 -2.107000 0.169000 56 0
-0.522000 -1.960000 0.132000 59 0
-0.550000 -1.836000 0.101000 60 0
-0.482000 -2.141000 0.202000 47 0
-0.518000 -2.000000 0.162000 59 0
-0.545000 -1.868000 0.125000 63 0
-0.570000 -1.754000 0.095000 67 0
-0.508000 -2.031000 0.195000 57 0
-0.538000 -1.897000 0.156000 57 0
-0.564000 -1.781000 0.120000 63 0
-0.587000 -1.674000 0.089000 72 0
-0.531000 -1.929000 0.188000 61 0
-0.558000 -1.806000 0.150000 60 0
-0.584000 -1.704000 0.115000 72 0
-0.604000 -1.603000 0.084000 79 0
-0.553000 -1.838000 0.183000 59 0
-0.577000 -1.721000 0.144000 68 0
-0.600000 -1.627000 0.109000 73 0
-0.619000 -1.535000 0.080000 81 0
-0.572000 -1.750000 0.177000 65 0
-0.597000 -1.652000 0.140000 64 0
-0.617000 -1.559000 0.105000 71 0
0.000000 -0.000000 -0.000000 0 0
-0.592000 -1.676000 0.173000 65 0
-0.612000 -1.578000 0.136000 73 0
0.000000 -0.000000 -0.000000 0 0
0.000000 -0.000000 -0.000000 0 0
-0.610000 -1.603000 0.169000 68 0
-0.631000 -1.519000 0.132000 74 0
0.000000 -0.000000 -0.000000 0 0
0.000000 -0.000000 -0.000000 0 0
-0.626000 -1.535000 0.165000 68 0
0.000000 -0.000000 -0.000000 0 0
0.000000 -0.000000 -0.000000 0 0
0.000000 -0.000000 -0.000000 0 0
0.000000 -0.000000 -0.000000 0 0
0.000000 -0.000000 -0.000000 0 0
0.000000 -0.000000 -0.000000 0 0
0.000000 -0.000000 -0.000000 0 0
0.000000 -0.000000 -0.000000 0 0
0.000000 -0.000000 -0.000000 0 0
0.000000 -0.000000 -0.000000 0 0
0.000000 -0.000000 -0.000000 0 0
0.000000 -0.000000 -0.000000 0 0
0.000000 -0.000000 -0.000000 0 0
0.000000 -0.000000 -0.000000 0 0
0.000000 -0.000000 -0.000000 0 0
0.000000 -0.000000 -0.000000 0 0
0.000000 -0.000000 -0.000000 0 0
0.000000 -0.000000 -0.000000 0 0
0.000000 -0.000000 -0.000000 0 0
0.000000 -0.000000 -0.000000 0 0
0.000000 -0.000000 -0.000000 0 0
0.000000 -0.000000 -0.000000 0 0
0.000000 -0.000000 -0.000000 0 0
0.000000 -0.000000 -0.000000 0 0
0.000000 -0.000000 -0.000000 0 0
0.000000 -0.000000 -0.000000 0 0
0.000000 -0.000000 -0.000000 0 0
0.000000 -0.000000 -0.000000 0 0
0.000000 -0.000000 -0.000000 0 0
0.000000 -0.000000 -0.000000 0 0
0.000000 -0.000000 -0.000000 0 0
0.000000 -0.000000 -0.000000 0 0
0.000000 -0.000000 -0.000000 0 0
0.000000 -0.000000 -0.000000 0 0
0.000000 -0.000000 -0.000000 0 0
0.000000 -0.000000 -0.000000 0 0
0.000000 -0.000000 -0.000000 0 0
0.000000 -0.000000 -0.000000 0 0
0.000000 -0.000000 -0.000000 0 0
0.000000 -0.000000 -0.000000 0 0
0.000000 -0.000000 -0.000000 0 0
0.000000 -0.000000 -0.000000 0 0
0.000000 -0.000000 -0.000000 0 0
0.000000 -0.000000 -0.000000 0 0
0.000000 -0.000000 -0.000000 0 0
0.000000 -0.000000 -0.000000 0 0
0.000000 -0.000000 -0.000000 0 0
0.000000 -0.000000 -0.000000 0 0
0.000000 -0.000000 -0.000000 0 0
0.000000 -0.000000 -0.000000 0 0
0.000000 -0.000000 -0.000000 0 0
0.000000 -0.000000 -0.000000 0 0
0.000000 -0.000000 -0.000000 0 0
0.000000 -0.000000 -0.000000 0 0
0.000000 -0.000000 -0.000000 0 0
0.000000 -0.000000 -0.000000 0 0
0.000000 -0.000000 -0.000000 0 0
0.000000 -0.000000 -0.000000 0 0
0.000000 -0.000000 -0.000000 0 0
0.000000 -0.000000 -0.000000 0 0
0.000000 -0.000000 -0.000000 0 0
0.000000 -0.000000 -0.000000 0 0
0.000000 -0.000000 -0.000000 0 0
0.000000 -0.000000 -0.000000 0 0
0.000000 -0.000000 -0.000000 0 0
0.000000 -0.000000 -0.000000 0 0
0.000000 -0.000000 -0.000000 0 0
0.000000 -0.000000 -0.000000 0 0
0.000000 -0.000000 -0.000000 0 0
0.000000 -0.000000 -0.000000 0 0
0.000000 -0.000000 -0.000000 0 0
-0.508000 -2.031000 0.195000 57 0
-0.538000 -1.897000 0.156000 57 0
-0.564000 -1.781000 0.120000 63 0
-0.587000 -1.674000 0.089000 72 0
-0.531000 -1.929000 0.188000 61 0
-0.558000 -1.806000 0.150000 60 0
-0.584000 -1.704000 0.115000 72 0
-0.604000 -1.603000 0.084000 79 0
-0.553000 -1.838000 0.183000 59 0
-0.577000 -1.721000 0.144000 68 0
-0.600000 -1.627000 0.109000 73 0
-0.619000 -1.535000 0.080000 81 0
-0.572000 -1.750000 0.177000 65 0
-0.597000 -1.652000 0.140000 64 0
-0.617000 -1.559000 0.105000 71 0
0.000000 -0.000000 -0.000000 0 0
-0.592000 -1.676000 0.173000 65 0
-0.612000 -1.578000 0.136000 73 0
0.000000 -0.000000 -0.000000 0 0
0.000000 -0.000000 -0.000000 0 0
-0.610000 -1.603000 0.169000 68 0
-0.631000 -1.519000 0.132000 74 0
0.000000 -0.000000 -0.000000 0 0
0.000000 -0.000000 -0.000000 0 0
-0.626000 -1.535000 0.165000 68 0
0.000000 -0.000000 -0.000000 0 0
0.000000 -0.000000 -0.000000 0 0
0.000000 -0.000000 -0.000000 0 0
0.000000 -0.000000 -0.000000 0 0
0.000000 -0.000000 -0.000000 0 0
0.000000 -0.000000 -0.000000 0 0
0.000000 -0.000000 -0.000000 0 0
0.000000 -0.000000 -0.000000 0 0
0.000000 -0.000000 -0.000000 0 0
0.000000 -0.000000 -0.000000 0 0
0.000000 -0.000000 -0.000000 0 0
0.000000 -0.000000 -0.000000 0 0
0.000000 -0.000000 -0.000000 0 0
0.000000 -0.000000 -0.000000 0 0
0.000000 -0.000000 -0.000000 0 0
0.000000 -0.000000 -0.000000 0 0
0.000000 -0.000000 -0.000000 0 0
0.000000 -0.000000 -0.000000 0 0
0.000000 -0.000000 -0.000000 0 0
0.000000 -0.000000 -0.000000 0 0
0.000000 -0.000000 -0.000000 0 0
0.000000 -0.000000 -0.000000 0 0
0.000000 -0.000000 -0.000000 0 0
0.000000 -0.000000 -0.000000 0 0
0.000000 -0.000000 -0.000000 0 0
0.000000 -0.000000 -0.000000 0 0
0.000000 -0.000000 -0.000000 0 0
0.000000 -0.000000 -0.000000 0 0
0.000000 -0.000000 -0.000000 0 0
0.000000 -0.000000 -0.000000 0 0
0.000000 -0.000000 -0.000000 0 0
0.000000 -0.000000 -0.000000 0 0
0.000000 -0.000000 -0.000000 0 0
0.000000 -0.000000 -0.000000 0 0
0.000000 -0.000000 -0.000000 0 0
0.000000 -0.000000 -0.000000 0 0
0.000000 -0.000000 -0.000000 0 0
0.000000 -0.000000 -0.000000 0 0
0.000000 -0.000000 -0.000000 0 0
0.000000 -0.000000 -0.000000 0 0
0.000000 -0.000000 -0.000000 0 0
0.000000 -0.000000 -0.000000 0 0
0.000000 -0.000000 -0.000000 0 0
0.000000 -0.000000 -0.000000 0 0
0.000000 -0.000000 -0.000000 0 0
0.000000 -0.000000 -0.000000 0 0
0.000000 -0.000000 -0.000000 0 0
0.000000 -0.000000 -0.000000 0 0
0.000000 -0.000000 -0.000000 0 0
0.000000 -0.000000 -0.000000 0 0
0.000000 -0.000000 -0.000000 0 0
0.000000 -0.000000 -0.000000 0 0
0.000000 -0.000000 -0.000000 0 0
0.000000 -0.000000 -0.000000 0 0
0.000000 -0.000000 -0.000000 0 0
0.000000 -0.000000 -0.000000 0 0
0.000000 -0.000000 -0.000000 0 0
0.000000 -0.000000 -0.000000 0 0
0.000000 -0.000000 -0.000000 0 0
0.000000 -0.000000 -0.000000 0 0
0.000000 -0.000000 -0.000000 0 0
0.000000 -0.000000 -0.000000 0 0
0.000000 -0.000000 -0.000000 0 0
0.000000 -0.000000 -0.000000 0 0
0.000000 -0.000000 -0.000000 0 0
0.000000 -0.000000 -0.000000 0 0
0.000000 -0.000000 -0.000000 0 0
0.000000 -0.000000 -0.000000 0 0
0.000000 -0.000000 -0.000000 0 0
0.000000 -0.000000 -0.000000 0 0
0.000000 -0.000000 -0.000000 0 0
0.000000 -0.000000 -0.000000 0 0
0.000000 -0.000000 -0.000000 0 0
0.000000 -0.000000 -0.000000 0 0
0.000000 -0.000000 -0.000000 0 0
0.000000 -0.000000 -0.000000 0 0
0.000000 -0.000000 -0.000000 0 0
0.000000 -0.000000 -0.000000 0 0
0.000000 -0.000000 -0.000000 0 0
0.000000 -0.000000 -0.000000 0 0
0.000000 -0.000000 -0.000000 0 0
0.000000 -0.000000 -0.000000 0 0
0.000000 -0.000000 -0.000000 0 0
0.000000 -0.000000 -0.000000 0 0
0.000000 -0.000000 -0.000000 0 0
0.000000 -0.000000 -0.000000 0 0
0.000000 -0.000000 -0.000000 0 0
0.000000 -0.000000 -0.000000 0 0
0.000000 -0.000000 -0.000000 0 0
0.000000 -0.000000 -0.000000 0 0
0.000000 -0.000000 -0.000000 0 0
0.000000 -0.000000 -0.000000 0 0
0.000000 -0.000000 -0.000000 0 0
0.000000 -0.000000 -0.000000 0 0
0.000000 -0.000000 -0.000000 0 0
0.000000 -0.000000 -0.000000 0 0
0.000000 -0.000000 -0.000000 0 0
0.000000 -0.000000 -0.000000 0 0
0.000000 -0.000000 -0.000000 0 0
0.000000 -0.000000 -0.000000 0 0
0.000000 -0.000000 -0.000000 0 0
0.000000 -0.000000 -0.000000 0 0
0.000000 -0.000000 -0.000000 0 0
0.000000 -0.000000 -0.000000 0 0
0.000000 -0.000000 -0.000000 0 0
0.000000 -0.000000 -0.000000 0 0
0.000000 -0.000000 -0.000000 0 0
0.000000 -0.000000 -0.000000 0 0
0.000000 -0.000000 -0.000000 0 0
0.000000 -0.000000 -0.000000 0 0
0.000000 -0.000000 -0.000000 0 0
0.000000 -0.000000 -0.000000 0 0
0.000000 -0.000000 -0.000000 0 0
0.000000 -0.000000 -0.000000 0 0
0.000000 -0.000000 -0.000000 0 0
0.000000 -0.000000 -0.000000 0 0
0.000000 -0.000000 -0.000000 0 0
0.000000 -0.000000 -0.000000 0 0
0.000000 -0.000000 -0.000000 0 0
0.000000 -0.000000 -0.000000 0 0
0.000000 -0.000000 -0.000000 0 0
0.000000 -0.000000 -0.000000 0 0
0.000000 -0.000000 -0.000000 0 0
0.000000 -0.000000 -0.000000 0 0
0.000000 -0.000000 -0.000000 0 0
0.000000 -0.000000 -0.000000 0 0
0.000000 -0.000000 -0.000000 0 0
0.000000 -0.000000 -0.000000 0 0
0.000000 -0.000000 -0.000000 0 0
0.000000 -0.000000 -0.000000 0 0
0.000000 -0.000000 -0.000000 0 0
0.000000 -0.000000 -0.000000 0 0
0.000000 -0.000000 -0.000000 0 0
0.000000 -0.000000 -0.000000 0 0
0.000000 -0.000000 -0.000000 0 0
0.000000 -0.000000 -0.000000 0 0
0.000000 -0.000000 -0.000000 0 0
0.000000 -0.000000 -0.000000 0 0
0.000000 -0.000000 -0.000000 0 0
0.000000 -0.000000 -0.000000 0 0
0.000000 -0.000000 -0.000000 0 0
0.000000 -0.000000 -0.000000 0 0
0.000000 -0.000000 -0.000000 0 0
0.000000 -0.000000 -0.000000 0 0
0.000000 -0.000000 -0.000000 0 0
0.000000 -0.000000 -0.000000 0 0
0.000000 -0.000000 -0.000000 0 0
0.000000 -0.000000 -0.000000 0 0
0.000000 -0.000000 -0.000000 0 0
0.000000 -0.000000 -0.000000 0 0
0.000000 -0.000000 -0.000000 0 0
0.000000 -0.000000 -0.000000 0 0
0.000000 -0.000000 -0.000000 0 0
0.000000 -0.000000 -0.000000 0 0
0.000000 -0.000000 -0.000000 0 0
0.000000 -0.000000 -0.000000 0 0
0.000000 -0.000000 -0.000000 0 0
0.000000 -0.000000 -0.000000 0 0
0.000000 -0.000000 -0.000000 0 0
0.000000 -0.000000 -0.000000 0 0
0.000000 -0.000000 -0.000000 0 0
0.000000 -0.000000 -0.000000 0 0
0.000000 -0.000000 -0.000000 0 0
0.000000 -0.000000 -0.000000 0 0
0.000000 -0.000000 -0.000000 0 0
0.000000 -0.000000 -0.000000 0 0
0.000000 -0.000000 -0.000000 0 0
0.000000 -0.000000 -0.000000 0 0
0.000000 -0.000000 -0.000000 0 0
0.000000 -0.000000 -0.000000 0 0
0.000000 -0.000000 -0.000000 0 0
0.000000 -0.000000 -0.000000 0 0
0.000000 -0.000000 -0.000000 0 0
0.000000 -0.000000 -0.000000 0 0
0.000000 -0.000000 -0.000000 0 0
0.000000 -0.000000 -0.000000 0 0
0.000000 -0.000000 -0.000000 0 0
0.000000 -0.000000 -0.000000 0 0
0.000000 -0.000000 -0.000000 0 0
0.000000 -0.000000 -0.000000 0 0
0.000000 -0.000000 -0.000000 0 0
0.000000 -0.000000 -0.000000 0 0
0.000000 -0.000000 -0.000000 0 0
0.000000 -0.000000 -0.000000 0 0
0.000000 -0.000000 -0.000000 0 0
0.000000 -0.000000 -0.000000 0 0
0.000000 -0.000000 -0.000000 0 0
0.000000 -0.000000 -0.000000 0 0
0.000000 -0.000000 -0.000000 0 0
0.000000 -0.000000 -0.000000 0 0
0.000000 -0.000000 -0.000000 0 0
0.000000 -0.000000 -0.000000 0 0
0.000000 -0.000000 -0.000000 0 0
0.000000 -0.000000 -0.000000 0 0
0.000000 -0.000000 -0.000000 0 0
0.000000 -0.000000 -0.000000 0 0
0.000000 -0.000000 -0.000000 0 0
0.000000 -0.000000 -0.000000 0 0
0.000000 -0.000000 -0.000000 0 0
0.000000 -0.000000 -0.000000 0 0
0.000000 -0.000000 -0.000000 0 0
0.000000 -0.000000 -0.000000 0 0
0.000000 -0.000000 -0.000000 0 0
0.000000 -0.000000 -0.000000 0 0
0.000000 -0.000000 -0.000000 0 0
0.000000 -0.000000 -0.000000 0 0
0.000000 -0.000000 -0.000000 0 0
0.000000 -0.000000 -0.000000 0 0
0.000000 -0.000000 -0.000000 0 0
0.000000 -0.000000 -0.000000 0 0
0.000000 -0.000000 -0.000000 0 0
0.000000 -0.000000 -0.000000 0 0
0.000000 -0.000000 -0.000000 0 0
0.000000 -0.000000 -0.000000 0 0
0.000000 -0.000000 -0.000000 0 0
0.000000 -0.000000 -0.000000 0 0
0.000000 -0.000000 -0.000000 0 0
0.000000 -0.000000 -0.000000 0 0
0.000000 -0.000000 -0.000000 0 0
0.000000 -0.000000 -0.000000 0 0
0.000000 -0.000000 -0.000000 0 0
0.000000 -0.000000 -0.000000 0 0
0.000000 -0.000000 -0.000000 0 0
0.000000 -0.000000 -0.000000 0 0
0.000000 -0.000000 -0.000000 0 0
0.000000 -0.000000 -0.000000 0 0
0.000000 -0.000000 -0.000000 0 0
0.000000 -0.000000 -0.000000 0 0
0.000000 -0.000000 -0.000000 0 0
0.000000 -0.000000 -0.000000 0 0
0.000000 -0.000000 -0.000000 0 0
0.000000 -0.000000 -0.000000 0 0
0.000000 -0.000000 -0.000000 0 0
0.000000 -0.000000 -0.000000 0 0
0.000000 -0.000000 -0.000000 0 0
0.000000 -0.000000 -0.000000 0 0
0.000000 -0.000000 -0.000000 0 0
0.000000 -0.000000 -0.000000 0 0
0.000000 -0.000000 -0.000000 0 0
0.000000 -0.000000 -0.000000 0 0
0.000000 -0.000000 -0.000000 0 0
0.000000 -0.000000 -0.000000 0 0
0.000000 -0.000000 -0.000000 0 0
0.000000 -0.000000 -0.000000 0 0
0.000000 -0.000000 -0.000000 0 0
0.000000 -0.000000 -0.000000 0 0
0.000000 -0.000000 -0.000000 0 0
0.000000 -0.000000 -0.000000 0 0
0.000000 -0.000000 -0.000000 0 0
0.000000 -0.000000 -0.000000 0 0
0.000000 -0.000000 -0.000000 0 0
0.000000 -0.000000 -0.000000 0 0
0.000000 -0.000000 -0.000000 0 0
0.000000 -0.000000 -0.000000 0 0
0.000000 -0.000000 -0.000000 0 0
0.000000 -0.000000 -0.000000 0 0
0.000000 -0.000000 -0.000000 0 0
0.000000 -0.000000 -0.000000 0 0
0.000000 -0.000000 -0.000000 0 0
0.000000 -0.000000 -0.000000 0 0
0.000000 -0.000000 -0.000000 0 0
0.000000 -0.000000 -0.000000 0 0
0.000000 -0.000000 -0.000000 0 0
0.000000 -0.000000 -0.000000 0 0
0.000000 -0.000000 -0.000000 0 0
0.000000 -0.000000 -0.000000 0 0
0.000000 -0.000000 -0.000000 0 0
0.000000 -0.000000 -0.000000 0 0
0.000000 -0.000000 -0.000000 0 0
0.000000 -0.000000 -0.000000 0 0
0.000000 -0.000000 -0.000000 0 0
0.000000 -0.000000 -0.000000 0 0
0.000000 -0.000000 -0.000000 0 0
0.000000 -0.000000 -0.000000 0 0
0.000000 -0.000000 -0.000000 0 0
0.000000 -0.000000 -0.000000 0 0
0.000000 -0.000000 -0.000000 0 0
0.000000 -0.000000 -0.000000 0 0
0.000000 -0.000000 -0.000000 0 0
0.000000 -0.000000 -0.000000 0 0
0.000000 -0.000000 -0.000000 0 0
0.000000 -0.000000 -0.000000 0 0
0.000000 -0.000000 -0.000000 0 0
0.000000 -0.000000 -0.000000 0 0
0.000000 -0.000000 -0.000000 0 0
0.000000 -0.000000 -0.000000 0 0
0.000000 -0.000000 -0.000000 0 0
0.000000 -0.000000 -0.000000 0 0
0.000000 -0.000000 -0.000000 0 0
0.000000 -0.000000 -0.000000 0 0
0.000000 -0.000000 -0.000000 0 0
0.000000 -0.000000 -0.000000 0 0
0.000000 -0.000000 -0.000000 0 0
0.000000 -0.000000 -0.000000 0 0
0.000000 -0.000000 -0.000000 0 0
0.000000 -0.000000 -0.000000 0 0
0.000000 -0.000000 -0.000000 0 0
0.000000 -0.000000 -0.000000 0 0
0.000000 -0.000000 -0.000000 0 0
0.000000 -0.000000 -0.000000 0 0
0.000000 -0.000000 -0.000000 0 0
0.000000 -0.000000 -0.000000 0 0
0.000000 -0.000000 -0.000000 0 0
0.000000 -0.000000 -0.000000 0 0
0.000000 -0.000000 -0.000000 0 0
0.000000 -0.000000 -0.000000 0 0
0.000000 -0.000000 -0.000000 0 0
0.000000 -0.000000 -0.000000 0 0
0.000000 -0.000000 -0.000000 0 0
0.000000 -0.000000 -0.000000 0 0
0.000000 -0.000000 -0.000000 0 0
0.000000 -0.000000 -0.000000 0 0
0.000000 -0.000000 -0.000000 0 0
0.000000 -0.000000 -0.000000 0 0
0.000000 -0.000000 -0.000000 0 0
0.000000 -0.000000 -0.000000 0 0
0.000000 -0.000000 -0.000000 0 0
0.000000 -0.000000 -0.000000 0 0
0.000000 -0.000000 -0.000000 0 0
0.000000 -0.000000 -0.000000 0 0
0.000000 -0.000000 -0.000000 0 0
0.000000 -0.000000 -0.000000 0 0
0.000000 -0.000000 -0.000000 0 0
0.000000 -0.000000 -0.000000 0 0
0.000000 -0.000000 -0.000000 0 0
0.000000 -0.000000 -0.000000 0 0
0.000000 -0.000000 -0.000000 0 0
0.000000 -0.000000 -0.000000 0 0
0.000000 -0.000000 -0.000000 0 0
0.000000 -0.000000 -0.000000 0 0
0.000000 -0.000000 -0.000000 0 0
0.000000 -0.000000 -0.000000 0 0
0.000000 -0.000000 -0.000000 0 0
0.000000 -0.000000 -0.000000 0 0
0.000000 -0.000000 -0.000000 0 0
0.000000 -0.000000 -0.000000 0 0
0.000000 -0.000000 -0.000000 0 0
0.000000 -0.000000 -0.000000 0 0
0.000000 -0.000000 -0.000000 0 0
0.000000 -0.000000 -0.000000 0 0
0.000000 -0.000000 -0.000000 0 0
0.000000 -0.000000 -0.000000 0 0
0.000000 -0.000000 -0.000000 0 0
0.000000 -0.000000 -0.000000 0 0
0.000000 -0.000000 -0.000000 0 0
0.000000 -0.000000 -0.000000 0 0
0.000000 -0.000000 -0.000000 0 0
0.000000 -0.000000 -0.000000 0 0
0.000000 -0.000000 -0.000000 0 0
0.000000 -0.000000 -0.000000 0 0
0.000000 -0.000000 -0.000000 0 0
0.000000 -0.000000 -0.000000 0 0
0.000000 -0.000000 -0.000000 0 0
0.000000 -0.000000 -0.000000 0 0
0.000000 -0.000000 -0.000000 0 0
0.000000 -0.000000 -0.000000 0 0
0.000000 -0.000000 -0.000000 0 0
0.000000 -0.000000 -0.000000 0 0
0.000000 -0.000000 -0.000000 0 0
0.000000 -0.000000 -0.000000 0 0
0.000000 -0.000000 -0.000000 0 0
0.000000 -0.000000 -0.000000 0 0
0.000000 -0.000000 -0.000000 0 0
0.000000 -0.000000 -0.000000 0 0
0.000000 -0.000000 -0.000000 0 0
0.000000 -0.000000 -0.000000 0 0
0.000000 -0.000000 -0.000000 0 0
0.000000 -0.000000 -0.000000 0 0
0.000000 -0.000000 -0.000000 0 0
0.000000 -0.000000 -0.000000 0 0
0.000000 -0.000000 -0.000000 0 0
0.000000 -0.000000 -0.000000 0 0
0.000000 -0.000000 -0.000000 0 0
0.000000 -0.000000 -0.000000 0 0
0.000000 -0.000000 -0.000000 0 0
0.000000 -0.000000 -0.000000 0 0
0.000000 -0.000000 -0.000000 0 0
0.000000 -0.000000 -0.000000 0 0
0.000000 -0.000000 -0.000000 0 0
0.000000 -0.000000 -0.000000 0 0
0.000000 -0.000000 -0.000000 0 0
0.000000 -0.000000 -0.000000 0 0
0.000000 -0.000000 -0.000000 0 0
0.000000 -0.000000 -0.000000 0 0
0.000000 -0.000000 -0.000000 0 0
0.000000 -0.000000 -0.000000 0 0
0.000000 -0.000000 -0.000000 0 0
0.000000 -0.000000 -0.000000 0 0
0.000000 -0.000000 -0.000000 0 0
0.000000 -0.000000 -0.000000 0 0
0.000000 -0.000000 -0.000000 0 0
0.000000 -0.000000 -0.000000 0 0
0.000000 -0.000000 -0.000000 0 0
0.000000 -0.000000 -0.000000 0 0
0.000000 -0.000000 -0.000000 0 0
0.000000 -0.000000 -0.000000 0 0
0.000000 -0.000000 -0.000000 0 0
0.000000 -0.000000 -0.000000 0 0
0.000000 -0.000000 -0.000000 0 0
0.000000 -0.000000 -0.000000 0 0
0.000000 -0.000000 -0.000000 0 0
0.000000 -0.000000 -0.000000 0 0
0.000000 -0.000000 -0.000000 0 0
0.000000 -0.000000 -0.000000 0 0
0.000000 -0.000000 -0.000000 0 0
0.000000 -0.000000 -0.000000 0 0
0.000000 -0.000000 -0.000000 0 0
0.000000 -0.000000 -0.000000 0 0
0.000000 -0.000000 -0.000000 0 0
0.000000 -0.000000 -0.000000 0 0
0.000000 -0.000000 -0.000000 0 0
0.000000 -0.000000 -0.000000 0 0
0.000000 -0.000000 -0.000000 0 0
0.000000 -0.000000 -0.000000 0 0
0.000000 -0.000000 -0.000000 0 0
0.000000 -0.000000 -0.000000 0 0
0.000000 -0.000000 -0.000000 0 0
0.000000 -0.000000 -0.000000 0 0
0.000000 -0.000000 -0.000000 0 0
0.000000 -0.000000 -0.000000 0 0
0.000000 -0.000000 -0.000000 0 0
0.000000 -0.000000 -0.000000 0 0
0.000000 -0.000000 -0.000000 0 0
0.000000 -0.000000 -0.000000 0 0
0.000000 -0.000000 -0.000000 0 0
0.000000 -0.000000 -0.000000 0 0
0.000000 -0.000000 -0.000000 0 0
0.000000 -0.000000 -0.000000 0 0
0.000000 -0.000000 -0.000000 0 0
0.000000 -0.000000 -0.000000 0 0
0.000000 -0.000000 -0.000000 0 0
0.000000 -0.000000 -0.000000 0 0
0.000000 -0.000000 -0.000000 0 0
0.000000 -0.000000 -0.000000 0 0
0.000000 -0.000000 -0.000000 0 0
0.000000 -0.000000 -0.000000 0 0
0.000000 -0.000000 -0.000000 0 0
0.000000 -0.000000 -0.000000 0 0
0.000000 -0.000000 -0.000000 0 0
0.000000 -0.000000 -0.000000 0 0
0.000000 -0.000000 -0.000000 0 0
0.000000 -0.000000 -0.000000 0 0
0.000000 -0.000000 -0.000000 0 0
0.000000 -0.000000 -0.000000 0 0
0.000000 -0.000000 -0.000000 0 0
0.000000 -0.000000 -0.000000 0 0
0.000000 -0.000000 -0.000000 0 0
0.000000 -0.000000 -0.000000 0 0
0.000000 -0.000000 -0.000000 0 0
0.000000 -0.000000 -0.000000 0 0
0.000000 -0.000000 -0.000000 0 0
0.000000 -0.000000 -0.000000 0 0
0.000000 -0.000000 -0.000000 0 0
0.000000 -0.000000 -0.000000 0 0
0.000000 -0.000000 -0.000000 0 0
