# x y z reflectivity tag
0.000000 -0.000000 -0.000000 0 128
0.000000 -0.000000 -0.000000 0 0
0.000000 -0.000000 -0.000000 0 0
0.000000 -0.000000 -0.000000 0 0
0.000000 -0.000000 -0.000000 0 128
0.000000 -0.000000 -0.000000 0 0
0.000000 -0.000000 -0.000000 0 0
0.000000 -0.000000 -0.000000 0 128
0.000000 -0.000000 -0.000000 0 128
0.000000 -0.000000 -0.000000 0 0
0.000000 -0.000000 -0.000000 0 0
0.000000 -0.000000 -0.000000 0 0
0.000000 -0.000000 -0.000000 0 128
0.000000 -0.000000 -0.000000 0 0
0.000000 -0.000000 -0.000000 0 0
0.000000 -0.000000 -0.000000 0 0
0.000000 -0.000000 -0.000000 0 128
0.000000 -0.000000 -0.000000 0 0
0.000000 -0.000000 -0.000000 0 0
0.000000 -0.000000 -0.000000 0 0
0.000000 -0.000000 -0.000000 0 128
0.000000 -0.000000 -0.000000 0 0
0.000000 -0.000000 -0.000000 0 0
0.000000 -0.000000 -0.000000 0 0
0.000000 -0.000000 -0.000000 0 128
0.000000 -0.000000 -0.000000 0 0
0.000000 -0.000000 -0.000000 0 0
0.000000 -0.000000 -0.000000 0 0
0.000000 -0.000000 -0.000000 0 128
0.000000 -0.000000 -0.000000 0 0
0.000000 -0.000000 -0.000000 0 0
0.000000 -0.000000 -0.000000 0 128
0.000000 -0.000000 -0.000000 0 128
0.000000 -0.000000 -0.000000 0 0
0.000000 -0.000000 -0.000000 0 0
0.000000 -0.000000 -0.000000 0 0
0.000000 -0.000000 -0.000000 0 128
0.000000 -0.000000 -0.000000 0 0
0.000000 -0.000000 -0.000000 0 0
0.000000 -0.000000 -0.000000 0 128
0.000000 -0.000000 -0.000000 0 128
0.000000 -0.000000 -0.000000 0 0
0.000000 -0.000000 -0.000000 0 0
0.000000 -0.000000 -0.000000 0 0
0.000000 -0.000000 -0.000000 0 128
0.000000 -0.000000 -0.000000 0 0
0.000000 -0.000000 -0.000000 0 0
0.000000 -0.000000 -0.000000 0 128
0.000000 -0.000000 -0.000000 0 128
0.000000 -0.000000 -0.000000 0 0
0.000000 -0.000000 -0.000000 0 0
0.000000 -0.000000 -0.000000 0 0
0.000000 -0.000000 -0.000000 0 128
0.000000 -0.000000 -0.000000 0 0
0.000000 -0.000000 -0.000000 0 0
0.000000 -0.000000 -0.000000 0 128
0.000000 -0.000000 -0.000000 0 128
0.000000 -0.000000 -0.000000 0 0
0.000000 -0.000000 -0.000000 0 0
0.000000 -0.000000 -0.000000 0 0
0.000000 -0.000000 -0.000000 0 0
0.000000 -0.000000 -0.000000 0 0
0.000000 -0.000000 -0.000000 0 0
0.000000 -0.000000 -0.000000 0 128
0.000000 -0.000000 -0.000000 0 0
0.000000 -0.000000 -0.000000 0 0
0.000000 -0.000000 -0.000000 0 0
0.000000 -0.000000 -0.000000 0 0
0.000000 -0.000000 -0.000000 0 0
0.000000 -0.000000 -0.000000 0 0
0.000000 -0.000000 -0.000000 0 0
0.000000 -0.000000 -0.000000 0 128
0.000000 -0.000000 -0.000000 0 0
0.000000 -0.000000 -0.000000 0 0
0.000000 -0.000000 -0.000000 0 0
0.000000 -0.000000 -0.000000 0 0
0.000000 -0.000000 -0.000000 0 0
0.000000 -0.000000 -0.000000 0 0
0.000000 -0.000000 -0.000000 0 0
0.000000 -0.000000 -0.000000 0 0
0.000000 -0.000000 -0.000000 0 0
0.000000 -0.000000 -0.000000 0 0
0.000000 -0.000000 -0.000000 0 0
0.000000 -0.000000 -0.000000 0 0
0.000000 -0.000000 -0.000000 0 0
0.000000 -0.000000 -0.000000 0 0
0.000000 -0.000000 -0.000000 0 0
0.000000 -0.000000 -0.000000 0 0
0.000000 -0.000000 -0.000000 0 0
0.000000 -0.000000 -0.000000 0 0
0.000000 -0.000000 -0.000000 0 0
0.000000 -0.000000 -0.000000 0 0
0.000000 -0.000000 -0.000000 0 0
0.000000 -0.000000 -0.000000 0 0
0.000000 -0.000000 -0.000000 0 0
0.000000 -0.000000 -0.000000 0 0
0.000000 -0.000000 -0.000000 0 128
0.000000 -0.000000 -0.000000 0 0
0.000000 -0.000000 -0.000000 0 0
0.000000 -0.000000 -0.000000 0 0
0.000000 -0.000000 -0.000000 0 128
0.000000 -0.000000 -0.000000 0 0
0.000000 -0.000000 -0.000000 0 0
0.000000 -0.000000 -0.000000 0 128
0.000000 -0.000000 -0.000000 0 128
0.000000 -0.000000 -0.000000 0 0
0.000000 -0.000000 -0.000000 0 0
0.000000 -0.000000 -0.000000 0 0
0.000000 -0.000000 -0.000000 0 128
0.000000 -0.000000 -0.000000 0 0
0.000000 -0.000000 -0.000000 0 0
0.000000 -0.000000 -0.000000 0 0
0.000000 -0.000000 -0.000000 0 128
0.000000 -0.000000 -0.000000 0 0
0.000000 -0.000000 -0.000000 0 0
0.000000 -0.000000 -0.000000 0 0
0.000000 -0.000000 -0.000000 0 128
0.000000 -0.000000 -0.000000 0 0
0.000000 -0.000000 -0.000000 0 0
0.000000 -0.000000 -0.000000 0 0
0.000000 -0.000000 -0.000000 0 128
0.000000 -0.000000 -0.000000 0 0
0.000000 -0.000000 -0.000000 0 0
0.000000 -0.000000 -0.000000 0 0
0.000000 -0.000000 -0.000000 0 128
0.000000 -0.000000 -0.000000 0 0
0.000000 -0.000000 -0.000000 0 0
0.000000 -0.000000 -0.000000 0 128
0.000000 -0.000000 -0.000000 0 128
0.000000 -0.000000 -0.000000 0 0
0.000000 -0.000000 -0.000000 0 0
0.000000 -0.000000 -0.000000 0 0
0.000000 -0.000000 -0.000000 0 128
0.000000 -0.000000 -0.000000 0 0
0.000000 -0.000000 -0.000000 0 0
0.000000 -0.000000 -0.000000 0 128
0.000000 -0.000000 -0.000000 0 128
0.000000 -0.000000 -0.000000 0 0
0.000000 -0.000000 -0.000000 0 0
0.000000 -0.000000 -0.000000 0 0
0.000000 -0.000000 -0.000000 0 128
0.000000 -0.000000 -0.000000 0 0
0.000000 -0.000000 -0.000000 0 0
0.000000 -0.000000 -0.000000 0 128
0.000000 -0.000000 -0.000000 0 128
0.000000 -0.000000 -0.000000 0 0
0.000000 -0.000000 -0.000000 0 0
0.000000 -0.000000 -0.000000 0 0
0.000000 -0.000000 -0.000000 0 128
0.000000 -0.000000 -0.000000 0 0
0.000000 -0.000000 -0.000000 0 0
0.000000 -0.000000 -0.000000 0 128
0.000000 -0.000000 -0.000000 0 128
0.000000 -0.000000 -0.000000 0 0
0.000000 -0.000000 -0.000000 0 0
0.000000 -0.000000 -0.000000 0 0
0.000000 -0.000000 -0.000000 0 0
0.000000 -0.000000 -0.000000 0 0
0.000000 -0.000000 -0.000000 0 0
0.000000 -0.000000 -0.000000 0 128
0.000000 -0.000000 -0.000000 0 0
0.000000 -0.000000 -0.000000 0 0
0.000000 -0.000000 -0.000000 0 0
0.000000 -0.000000 -0.000000 0 0
0.000000 -0.000000 -0.000000 0 0
0.000000 -0.000000 -0.000000 0 0
0.000000 -0.000000 -0.000000 0 0
0.000000 -0.000000 -0.000000 0 128
0.000000 -0.000000 -0.000000 0 0
0.000000 -0.000000 -0.000000 0 0
0.000000 -0.000000 -0.000000 0 0
0.000000 -0.000000 -0.000000 0 0
0.000000 -0.000000 -0.000000 0 0
0.000000 -0.000000 -0.000000 0 0
0.000000 -0.000000 -0.000000 0 0
0.000000 -0.000000 -0.000000 0 0
0.000000 -0.000000 -0.000000 0 0
0.000000 -0.000000 -0.000000 0 0
0.000000 -0.000000 -0.000000 0 0
0.000000 -0.000000 -0.000000 0 0
0.000000 -0.000000 -0.000000 0 0
0.000000 -0.000000 -0.000000 0 0
0.000000 -0.000000 -0.000000 0 0
0.000000 -0.000000 -0.000000 0 0
0.000000 -0.000000 -0.000000 0 0
0.000000 -0.000000 -0.000000 0 0
0.000000 -0.000000 -0.000000 0 0
0.000000 -0.000000 -0.000000 0 0
0.000000 -0.000000 -0.000000 0 0
0.000000 -0.000000 -0.000000 0 0
0.000000 -0.000000 -0.000000 0 0
0.000000 -0.000000 -0.000000 0 0
0.000000 -0.000000 -0.000000 0 0
0.000000 -0.000000 -0.000000 0 0
0.000000 -0.000000 -0.000000 0 0
0.000000 -0.000000 -0.000000 0 0
0.000000 -0.000000 -0.000000 0 0
0.000000 -0.000000 -0.000000 0 0
0.000000 -0.000000 -0.000000 0 0
0.000000 -0.000000 -0.000000 0 0
0.000000 -0.000000 -0.000000 0 0
0.000000 -0.000000 -0.000000 0 0
0.000000 -0.000000 -0.000000 0 0
0.000000 -0.000000 -0.000000 0 0
0.000000 -0.000000 -0.000000 0 0
0.000000 -0.000000 -0.000000 0 0
0.000000 -0.000000 -0.000000 0 0
0.000000 -0.000000 -0.000000 0 0
0.000000 -0.000000 -0.000000 0 0
0.000000 -0.000000 -0.000000 0 0
0.000000 -0.000000 -0.000000 0 0
0.000000 -0.000000 -0.000000 0 128
0.000000 -0.000000 -0.000000 0 0
0.000000 -0.000000 -0.000000 0 0
0.000000 -0.000000 -0.000000 0 0
0.000000 -0.000000 -0.000000 0 0
0.000000 -0.000000 -0.000000 0 0
0.000000 -0.000000 -0.000000 0 0
0.000000 -0.000000 -0.000000 0 0
0.000000 -0.000000 -0.000000 0 0
0.000000 -0.000000 -0.000000 0 0
0.000000 -0.000000 -0.000000 0 0
0.000000 -0.000000 -0.000000 0 0
0.000000 -0.000000 -0.000000 0 0
0.000000 -0.000000 -0.000000 0 128
0.000000 -0.000000 -0.000000 0 0
0.000000 -0.000000 -0.000000 0 0
0.000000 -0.000000 -0.000000 0 0
0.000000 -0.000000 -0.000000 0 128
0.000000 -0.000000 -0.000000 0 0
0.000000 -0.000000 -0.000000 0 0
0.000000 -0.000000 -0.000000 0 0
0.000000 -0.000000 -0.000000 0 128
0.000000 -0.000000 -0.000000 0 0
0.000000 -0.000000 -0.000000 0 0
0.000000 -0.000000 -0.000000 0 0
0.000000 -0.000000 -0.000000 0 128
0.000000 -0.000000 -0.000000 0 0
0.000000 -0.000000 -0.000000 0 0
0.000000 -0.000000 -0.000000 0 128
0.000000 -0.000000 -0.000000 0 128
0.000000 -0.000000 -0.000000 0 0
0.000000 -0.000000 -0.000000 0 0
0.000000 -0.000000 -0.000000 0 128
0.000000 -0.000000 -0.000000 0 128
0.000000 -0.000000 -0.000000 0 0
0.000000 -0.000000 -0.000000 0 0
0.000000 -0.000000 -0.000000 0 0
0.000000 -0.000000 -0.000000 0 128
0.000000 -0.000000 -0.000000 0 0
0.000000 -0.000000 -0.000000 0 0
0.000000 -0.000000 -0.000000 0 0
0.000000 -0.000000 -0.000000 0 128
0.000000 -0.000000 -0.000000 0 128
0.000000 -0.000000 -0.000000 0 0
0.000000 -0.000000 -0.000000 0 0
0.000000 -0.000000 -0.000000 0 128
0.000000 -0.000000 -0.000000 0 128
0.000000 -0.000000 -0.000000 0 0
0.000000 -0.000000 -0.000000 0 128
0.000000 -0.000000 -0.000000 0 128
0.000000 -0.000000 -0.000000 0 0
0.000000 -0.000000 -0.000000 0 128
0.000000 -0.000000 -0.000000 0 128
0.000000 -0.000000 -0.000000 0 128
0.000000 -0.000000 -0.000000 0 0
0.000000 -0.000000 -0.000000 0 128
0.000000 -0.000000 -0.000000 0 128
0.000000 -0.000000 -0.000000 0 128
0.000000 -0.000000 -0.000000 0 0
0.000000 -0.000000 -0.000000 0 0
0.000000 -0.000000 -0.000000 0 128
0.000000 -0.000000 -0.000000 0 128
0.000000 -0.000000 -0.000000 0 0
0.000000 -0.000000 -0.000000 0 0
0.000000 -0.000000 -0.000000 0 128
0.000000 -0.000000 -0.000000 0 128
0.000000 -0.000000 -0.000000 0 0
0.000000 -0.000000 -0.000000 0 0
0.000000 -0.000000 -0.000000 0 128
0.000000 -0.000000 -0.000000 0 128
0.000000 -0.000000 -0.000000 0 0
0.000000 -0.000000 -0.000000 0 0
0.000000 -0.000000 -0.000000 0 128
0.000000 -0.000000 -0.000000 0 128
0.000000 -0.000000 -0.000000 0 0
0.000000 -0.000000 -0.000000 0 0
0.000000 -0.000000 -0.000000 0 128
0.000000 -0.000000 -0.000000 0 0
0.000000 -0.000000 -0.000000 0 0
0.000000 -0.000000 -0.000000 0 0
0.000000 -0.000000 -0.000000 0 0
0.000000 -0.000000 -0.000000 0 0
0.000000 -0.000000 -0.000000 0 0
0.000000 -0.000000 -0.000000 0 0
0.000000 -0.000000 -0.000000 0 0
0.000000 -0.000000 -0.000000 0 0
0.000000 -0.000000 -0.000000 0 0
0.000000 -0.000000 -0.000000 0 0
0.000000 -0.000000 -0.000000 0 0
0.000000 -0.000000 -0.000000 0 0
0.000000 -0.000000 -0.000000 0 0
0.000000 -0.000000 -0.000000 0 0
0.000000 -0.000000 -0.000000 0 0
0.000000 -0.000000 -0.000000 0 0
0.000000 -0.000000 -0.000000 0 0
0.000000 -0.000000 -0.000000 0 0
0.000000 -0.000000 -0.000000 0 128
0.000000 -0.000000 -0.000000 0 0
0.000000 -0.000000 -0.000000 0 0
0.000000 -0.000000 -0.000000 0 0
0.000000 -0.000000 -0.000000 0 0
0.000000 -0.000000 -0.000000 0 0
0.000000 -0.000000 -0.000000 0 0
0.000000 -0.000000 -0.000000 0 0
0.000000 -0.000000 -0.000000 0 0
0.000000 -0.000000 -0.000000 0 0
0.000000 -0.000000 -0.000000 0 0
0.000000 -0.000000 -0.000000 0 0
0.000000 -0.000000 -0.000000 0 0
0.000000 -0.000000 -0.000000 0 128
0.000000 -0.000000 -0.000000 0 0
0.000000 -0.000000 -0.000000 0 0
0.000000 -0.000000 -0.000000 0 0
0.000000 -0.000000 -0.000000 0 128
0.000000 -0.000000 -0.000000 0 0
0.000000 -0.000000 -0.000000 0 0
0.000000 -0.000000 -0.000000 0 0
0.000000 -0.000000 -0.000000 0 128
0.000000 -0.000000 -0.000000 0 0
0.000000 -0.000000 -0.000000 0 0
0.000000 -0.000000 -0.000000 0 0
0.000000 -0.000000 -0.000000 0 128
0.000000 -0.000000 -0.000000 0 0
0.000000 -0.000000 -0.000000 0 0
0.000000 -0.000000 -0.000000 0 128
0.000000 -0.000000 -0.000000 0 128
0.000000 -0.000000 -0.000000 0 0
0.000000 -0.000000 -0.000000 0 0
0.000000 -0.000000 -0.000000 0 128
0.000000 -0.000000 -0.000000 0 128
0.000000 -0.000000 -0.000000 0 0
0.000000 -0.000000 -0.000000 0 0
0.000000 -0.000000 -0.000000 0 0
0.000000 -0.000000 -0.000000 0 128
0.000000 -0.000000 -0.000000 0 0
0.000000 -0.000000 -0.000000 0 0
0.000000 -0.000000 -0.000000 0 0
0.000000 -0.000000 -0.000000 0 128
0.000000 -0.000000 -0.000000 0 128
0.000000 -0.000000 -0.000000 0 0
0.000000 -0.000000 -0.000000 0 0
0.000000 -0.000000 -0.000000 0 128
0.000000 -0.000000 -0.000000 0 128
0.000000 -0.000000 -0.000000 0 0
0.000000 -0.000000 -0.000000 0 128
0.000000 -0.000000 -0.000000 0 128
0.000000 -0.000000 -0.000000 0 0
0.000000 -0.000000 -0.000000 0 128
0.000000 -0.000000 -0.000000 0 128
0.000000 -0.000000 -0.000000 0 128
0.000000 -0.000000 -0.000000 0 0
0.000000 -0.000000 -0.000000 0 128
0.000000 -0.000000 -0.000000 0 128
0.000000 -0.000000 -0.000000 0 128
0.000000 -0.000000 -0.000000 0 0
0.000000 -0.000000 -0.000000 0 0
0.000000 -0.000000 -0.000000 0 128
0.000000 -0.000000 -0.000000 0 128
0.000000 -0.000000 -0.000000 0 0
0.000000 -0.000000 -0.000000 0 0
0.000000 -0.000000 -0.000000 0 128
0.000000 -0.000000 -0.000000 0 128
0.000000 -0.000000 -0.000000 0 0
0.000000 -0.000000 -0.000000 0 0
0.000000 -0.000000 -0.000000 0 128
0.000000 -0.000000 -0.000000 0 128
0.000000 -0.000000 -0.000000 0 0
0.000000 -0.000000 -0.000000 0 0
0.000000 -0.000000 -0.000000 0 128
0.000000 -0.000000 -0.000000 0 128
0.000000 -0.000000 -0.000000 0 0
0.000000 -0.000000 -0.000000 0 0
0.000000 -0.000000 -0.000000 0 128
0.000000 -0.000000 -0.000000 0 128
0.000000 -0.000000 -0.000000 0 0
0.000000 -0.000000 -0.000000 0 0
0.000000 -0.000000 -0.000000 0 128
0.000000 -0.000000 -0.000000 0 128
0.000000 -0.000000 -0.000000 0 0
0.000000 -0.000000 -0.000000 0 0
0.000000 -0.000000 -0.000000 0 128
0.000000 -0.000000 -0.000000 0 128
0.000000 -0.000000 -0.000000 0 0
0.000000 -0.000000 -0.000000 0 0
0.000000 -0.000000 -0.000000 0 128
0.000000 -0.000000 -0.000000 0 128
0.000000 -0.000000 -0.000000 0 0
0.000000 -0.000000 -0.000000 0 0
0.000000 -0.000000 -0.000000 0 0
0.000000 -0.000000 -0.000000 0 128
0.000000 -0.000000 -0.000000 0 0
0.000000 -0.000000 -0.000000 0 0
0.000000 -0.000000 -0.000000 0 0
0.000000 -0.000000 -0.000000 0 192
0.000000 -0.000000 -0.000000 0 128
0.000000 -0.000000 -0.000000 0 128
0.000000 -0.000000 -0.000000 0 128
0.000000 -0.000000 -0.000000 0 128
0.800000 -0.902000 -0.789000 0 0
0.000000 -0.000000 -0.000000 0 0
0.000000 -0.000000 -0.000000 0 0
0.748000 -0.866000 -0.797000 3 0
0.784000 -0.925000 -0.794000 3 0
0.593000 -0.716000 -0.574000 9 0
0.576000 -0.711000 -0.532000 9 0
0.737000 -0.891000 -0.805000 0 0
0.778000 -0.960000 -0.810000 0 0
0.575000 -0.728000 -0.573000 8 0
0.546000 -0.709000 -0.521000 13 0
0.720000 -0.909000 -0.807000 5 0
0.758000 -0.979000 -0.812000 5 0
0.542000 -0.720000 -0.558000 10 0
0.531000 -0.725000 -0.525000 12 0
0.708000 -0.933000 -0.815000 0 0
0.728000 -0.985000 -0.804000 0 0
0.520000 -0.725000 -0.553000 9 0
0.519000 -0.745000 -0.531000 9 0
0.691000 -0.952000 -0.818000 5 0
0.000000 -0.000000 -0.000000 0 0
0.498000 -0.730000 -0.549000 10 0
0.499000 -0.754000 -0.530000 9 0
0.000000 -0.000000 -0.000000 0 0
0.500000 -0.743000 -0.588000 5 0
0.479000 -0.737000 -0.547000 9 0
0.481000 -0.766000 -0.532000 9 0
0.953000 -1.435000 -1.197000 10 0
0.480000 -0.747000 -0.583000 7 0
0.456000 -0.739000 -0.541000 9 0
0.460000 -0.774000 -0.531000 9 0
0.911000 -1.437000 -1.182000 52 0
0.454000 -0.742000 -0.572000 10 0
0.437000 -0.745000 -0.539000 9 0
0.429000 -0.763000 -0.517000 11 0
0.875000 -1.446000 -1.173000 50 0
0.433000 -0.746000 -0.567000 10 0
0.412000 -0.742000 -0.530000 9 0
0.406000 -0.765000 -0.514000 13 0
0.853000 -1.479000 -1.185000 10 0
0.413000 -0.748000 -0.562000 10 0
0.397000 -0.755000 -0.534000 9 0
0.397000 -0.793000 -0.527000 9 4
0.835000 -1.522000 -1.204000 29 0
0.394000 -0.753000 -0.560000 10 0
0.379000 -0.764000 -0.534000 9 0
0.375000 -0.796000 -0.524000 9 4
0.000000 -0.000000 -0.000000 0 0
0.377000 -0.760000 -0.559000 10 0
0.359000 -0.768000 -0.532000 8 0
0.352000 -0.797000 -0.521000 8 4
0.383000 -0.773000 -0.597000 3 0
0.360000 -0.768000 -0.559000 9 0
0.344000 -0.783000 -0.538000 7 0
0.331000 -0.802000 -0.520000 8 4
0.361000 -0.769000 -0.588000 9 4
0.340000 -0.771000 -0.556000 9 0
0.326000 -0.791000 -0.539000 7 0
0.309000 -0.803000 -0.517000 8 4
0.348000 -0.785000 -0.594000 9 0
0.321000 -0.772000 -0.551000 8 0
0.307000 -0.795000 -0.538000 7 0
0.290000 -0.811000 -0.520000 8 4
0.331000 -0.792000 -0.593000 9 0
0.303000 -0.778000 -0.551000 8 0
0.291000 -0.808000 -0.543000 7 0
0.269000 -0.813000 -0.518000 8 4
0.313000 -0.795000 -0.590000 9 0
0.284000 -0.779000 -0.547000 8 0
0.270000 -0.808000 -0.539000 7 0
0.249000 -0.816000 -0.518000 8 4
0.000000 -0.000000 -0.000000 0 128
0.000000 -0.000000 -0.000000 0 0
0.000000 -0.000000 -0.000000 0 0
0.000000 -0.000000 -0.000000 0 128
0.000000 -0.000000 -0.000000 0 128
0.000000 -0.000000 -0.000000 0 0
0.000000 -0.000000 -0.000000 0 0
0.000000 -0.000000 -0.000000 0 128
0.000000 -0.000000 -0.000000 0 128
0.000000 -0.000000 -0.000000 0 0
0.000000 -0.000000 -0.000000 0 0
0.000000 -0.000000 -0.000000 0 128
0.000000 -0.000000 -0.000000 0 128
0.000000 -0.000000 -0.000000 0 0
0.000000 -0.000000 -0.000000 0 0
0.000000 -0.000000 -0.000000 0 0
0.000000 -0.000000 -0.000000 0 128
0.000000 -0.000000 -0.000000 0 0
0.000000 -0.000000 -0.000000 0 0
0.000000 -0.000000 -0.000000 0 0
0.000000 -0.000000 -0.000000 0 192
0.000000 -0.000000 -0.000000 0 128
0.000000 -0.000000 -0.000000 0 128
0.000000 -0.000000 -0.000000 0 128
0.000000 -0.000000 -0.000000 0 128
0.800000 -0.902000 -0.789000 0 0
0.000000 -0.000000 -0.000000 0 0
0.000000 -0.000000 -0.000000 0 0
0.748000 -0.866000 -0.797000 3 0
0.784000 -0.925000 -0.794000 3 0
0.593000 -0.716000 -0.574000 9 0
0.576000 -0.711000 -0.532000 9 0
0.737000 -0.891000 -0.805000 0 0
0.778000 -0.960000 -0.810000 0 0
0.575000 -0.728000 -0.573000 8 0
0.546000 -0.709000 -0.521000 13 0
0.720000 -0.909000 -0.807000 5 0
0.758000 -0.979000 -0.812000 5 0
0.542000 -0.720000 -0.558000 10 0
0.531000 -0.725000 -0.525000 12 0
0.708000 -0.933000 -0.815000 0 0
0.728000 -0.985000 -0.804000 0 0
0.520000 -0.725000 -0.553000 9 0
0.519000 -0.745000 -0.531000 9 0
0.691000 -0.952000 -0.818000 5 0
0.000000 -0.000000 -0.000000 0 0
0.498000 -0.730000 -0.549000 10 0
0.499000 -0.754000 -0.530000 9 0
0.000000 -0.000000 -0.000000 0 0
0.500000 -0.743000 -0.588000 5 0
0.479000 -0.737000 -0.547000 9 0
0.481000 -0.766000 -0.532000 9 0
0.953000 -1.435000 -1.197000 10 0
0.480000 -0.747000 -0.583000 7 0
0.456000 -0.739000 -0.541000 9 0
0.460000 -0.774000 -0.531000 9 0
0.911000 -1.437000 -1.182000 52 0
0.454000 -0.742000 -0.572000 10 0
0.437000 -0.745000 -0.539000 9 0
0.429000 -0.763000 -0.517000 11 0
0.875000 -1.446000 -1.173000 50 0
0.433000 -0.746000 -0.567000 10 0
0.412000 -0.742000 -0.530000 9 0
0.406000 -0.765000 -0.514000 13 0
0.853000 -1.479000 -1.185000 10 0
0.413000 -0.748000 -0.562000 10 0
0.397000 -0.755000 -0.534000 9 0
0.397000 -0.793000 -0.527000 9 4
0.835000 -1.522000 -1.204000 29 0
0.394000 -0.753000 -0.560000 10 0
0.379000 -0.764000 -0.534000 9 0
0.375000 -0.796000 -0.524000 9 4
0.000000 -0.000000 -0.000000 0 0
0.377000 -0.760000 -0.559000 10 0
0.359000 -0.768000 -0.532000 8 0
0.352000 -0.797000 -0.521000 8 4
0.383000 -0.773000 -0.597000 3 0
0.360000 -0.768000 -0.559000 9 0
0.344000 -0.783000 -0.538000 7 0
0.331000 -0.802000 -0.520000 8 4
0.361000 -0.769000 -0.588000 9 4
0.340000 -0.771000 -0.556000 9 0
0.326000 -0.791000 -0.539000 7 0
0.309000 -0.803000 -0.517000 8 4
0.348000 -0.785000 -0.594000 9 0
0.321000 -0.772000 -0.551000 8 0
0.307000 -0.795000 -0.538000 7 0
0.290000 -0.811000 -0.520000 8 4
0.331000 -0.792000 -0.593000 9 0
0.303000 -0.778000 -0.551000 8 0
0.291000 -0.808000 -0.543000 7 0
0.269000 -0.813000 -0.518000 8 4
0.313000 -0.795000 -0.590000 9 0
0.284000 -0.779000 -0.547000 8 0
0.270000 -0.808000 -0.539000 7 0
0.249000 -0.816000 -0.518000 8 4
0.289000 -0.782000 -0.575000 11 0
0.266000 -0.784000 -0.547000 9 0
0.252000 -0.818000 -0.543000 7 0
0.230000 -0.826000 -0.522000 8 4
0.273000 -0.790000 -0.576000 11 0
0.249000 -0.790000 -0.547000 9 0
0.234000 -0.825000 -0.545000 7 0
0.210000 -0.828000 -0.522000 8 4
0.255000 -0.792000 -0.573000 11 0
0.230000 -0.792000 -0.546000 9 0
0.215000 -0.830000 -0.546000 7 0
0.188000 -0.827000 -0.519000 8 4
0.238000 -0.797000 -0.572000 11 0
0.212000 -0.795000 -0.544000 9 0
0.195000 -0.835000 -0.547000 7 0
0.173000 -0.853000 -0.535000 12 0
0.220000 -0.799000 -0.569000 10 0
0.194000 -0.798000 -0.543000 9 0
0.168000 -0.803000 -0.524000 9 1
0.154000 -0.869000 -0.544000 8 0
0.203000 -0.803000 -0.569000 11 0
0.176000 -0.800000 -0.542000 9 0
0.149000 -0.804000 -0.524000 9 0
0.000000 -0.000000 -0.000000 0 0
0.186000 -0.808000 -0.569000 11 0
0.158000 -0.805000 -0.544000 9 0
0.131000 -0.811000 -0.527000 6 0
0.000000 -0.000000 -0.000000 0 0
0.168000 -0.809000 -0.567000 10 0
0.143000 -0.822000 -0.553000 7 0
0.000000 -0.000000 -0.000000 0 0
0.000000 -0.000000 -0.000000 0 128
0.150000 -0.809000 -0.563000 12 0
0.000000 -0.000000 -0.000000 0 0
0.000000 -0.000000 -0.000000 0 0
0.000000 -0.000000 -0.000000 0 128
0.133000 -0.816000 -0.565000 4 64
0.000000 -0.000000 -0.000000 0 0
0.000000 -0.000000 -0.000000 0 128
0.000000 -0.000000 -0.000000 0 128
0.000000 -0.000000 -0.000000 0 0
0.000000 -0.000000 -0.000000 0 192
0.000000 -0.000000 -0.000000 0 128
0.000000 -0.000000 -0.000000 0 128
0.000000 -0.000000 -0.000000 0 0
0.000000 -0.000000 -0.000000 0 128
0.000000 -0.000000 -0.000000 0 128
0.000000 -0.000000 -0.000000 0 128
0.000000 -0.000000 -0.000000 0 192
0.000000 -0.000000 -0.000000 0 128
0.000000 -0.000000 -0.000000 0 128
-0.018000 -1.286000 -0.815000 7 0
0.000000 -0.000000 -0.000000 0 128
0.000000 -0.000000 -0.000000 0 128
0.000000 -0.000000 -0.000000 0 0
-0.048000 -1.270000 -0.808000 12 0
0.000000 -0.000000 -0.000000 0 128
0.000000 -0.000000 -0.000000 0 128
-0.028000 -1.255000 -0.818000 10 0
-0.079000 -1.287000 -0.823000 10 0
0.000000 -0.000000 -0.000000 0 128
-0.006000 -1.239000 -0.824000 5 0
-0.057000 -1.253000 -0.819000 9 0
-0.110000 -1.280000 -0.823000 10 0
0.013000 -1.176000 -0.798000 1 0
-0.034000 -1.223000 -0.814000 10 0
-0.086000 -1.252000 -0.821000 9 0
-0.140000 -1.281000 -0.829000 10 0
-0.012000 -1.203000 -0.816000 9 0
-0.061000 -1.230000 -0.820000 9 0
-0.115000 -1.252000 -0.824000 9 0
-0.171000 -1.277000 -0.831000 10 0
-0.038000 -1.206000 -0.817000 11 0
-0.089000 -1.230000 -0.822000 9 0
-0.143000 -1.248000 -0.826000 9 0
-0.201000 -1.270000 -0.833000 10 0
-0.064000 -1.209000 -0.819000 11 0
-0.116000 -1.228000 -0.822000 9 0
-0.171000 -1.239000 -0.824000 9 0
-0.231000 -1.266000 -0.837000 9 0
-0.091000 -1.211000 -0.821000 11 0
-0.144000 -1.225000 -0.822000 9 0
-0.200000 -1.237000 -0.827000 9 0
-0.261000 -1.260000 -0.840000 10 0
-0.118000 -1.211000 -0.822000 10 0
-0.171000 -1.222000 -0.823000 9 0
-0.231000 -1.245000 -0.837000 9 0
-0.289000 -1.249000 -0.840000 9 0
-0.145000 -1.214000 -0.824000 10 0
-0.200000 -1.230000 -0.832000 9 0
-0.259000 -1.239000 -0.839000 9 0
-0.319000 -1.245000 -0.845000 9 0
-0.172000 -1.216000 -0.827000 10 0
-0.228000 -1.228000 -0.834000 9 0
-0.288000 -1.236000 -0.843000 8 0
-0.349000 -1.239000 -0.849000 9 0
0.289000 -0.782000 -0.575000 11 0
0.266000 -0.784000 -0.547000 9 0
0.252000 -0.818000 -0.543000 7 0
0.230000 -0.826000 -0.522000 8 4
0.273000 -0.790000 -0.576000 11 0
0.249000 -0.790000 -0.547000 9 0
0.234000 -0.825000 -0.545000 7 0
0.210000 -0.828000 -0.522000 8 4
0.255000 -0.792000 -0.573000 11 0
0.230000 -0.792000 -0.546000 9 0
0.215000 -0.830000 -0.546000 7 0
0.188000 -0.827000 -0.519000 8 4
0.238000 -0.797000 -0.572000 11 0
0.212000 -0.795000 -0.544000 9 0
0.195000 -0.835000 -0.547000 7 0
0.173000 -0.853000 -0.535000 12 0
0.220000 -0.799000 -0.569000 10 0
0.194000 -0.798000 -0.543000 9 0
0.168000 -0.803000 -0.524000 9 1
0.154000 -0.869000 -0.544000 8 0
0.203000 -0.803000 -0.569000 11 0
0.176000 -0.800000 -0.542000 9 0
0.149000 -0.804000 -0.524000 9 0
0.000000 -0.000000 -0.000000 0 0
0.186000 -0.808000 -0.569000 11 0
0.158000 -0.805000 -0.544000 9 0
0.131000 -0.811000 -0.527000 6 0
0.000000 -0.000000 -0.000000 0 0
0.168000 -0.809000 -0.567000 10 0
0.143000 -0.822000 -0.553000 7 0
0.000000 -0.000000 -0.000000 0 0
0.000000 -0.000000 -0.000000 0 128
0.150000 -0.809000 -0.563000 12 0
0.000000 -0.000000 -0.000000 0 0
0.000000 -0.000000 -0.000000 0 0
0.000000 -0.000000 -0.000000 0 128
0.133000 -0.816000 -0.565000 4 64
0.000000 -0.000000 -0.000000 0 0
0.000000 -0.000000 -0.000000 0 128
0.000000 -0.000000 -0.000000 0 128
0.000000 -0.000000 -0.000000 0 0
0.000000 -0.000000 -0.000000 0 192
0.000000 -0.000000 -0.000000 0 128
0.000000 -0.000000 -0.000000 0 128
0.000000 -0.000000 -0.000000 0 0
0.000000 -0.000000 -0.000000 0 128
0.000000 -0.000000 -0.000000 0 128
0.000000 -0.000000 -0.000000 0 128
0.000000 -0.000000 -0.000000 0 192
0.000000 -0.000000 -0.000000 0 128
0.000000 -0.000000 -0.000000 0 128
-0.018000 -1.286000 -0.815000 7 0
0.000000 -0.000000 -0.000000 0 128
0.000000 -0.000000 -0.000000 0 128
0.000000 -0.000000 -0.000000 0 0
-0.048000 -1.270000 -0.808000 12 0
0.000000 -0.000000 -0.000000 0 128
0.000000 -0.000000 -0.000000 0 128
-0.028000 -1.255000 -0.818000 10 0
-0.079000 -1.287000 -0.823000 10 0
0.000000 -0.000000 -0.000000 0 128
-0.006000 -1.239000 -0.824000 5 0
-0.057000 -1.253000 -0.819000 9 0
-0.110000 -1.280000 -0.823000 10 0
0.013000 -1.176000 -0.798000 1 0
-0.034000 -1.223000 -0.814000 10 0
-0.086000 -1.252000 -0.821000 9 0
-0.140000 -1.281000 -0.829000 10 0
-0.012000 -1.203000 -0.816000 9 0
-0.061000 -1.230000 -0.820000 9 0
-0.115000 -1.252000 -0.824000 9 0
-0.171000 -1.277000 -0.831000 10 0
-0.038000 -1.206000 -0.817000 11 0
-0.089000 -1.230000 -0.822000 9 0
-0.143000 -1.248000 -0.826000 9 0
-0.201000 -1.270000 -0.833000 10 0
-0.064000 -1.209000 -0.819000 11 0
-0.116000 -1.228000 -0.822000 9 0
-0.171000 -1.239000 -0.824000 9 0
-0.231000 -1.266000 -0.837000 9 0
-0.091000 -1.211000 -0.821000 11 0
-0.144000 -1.225000 -0.822000 9 0
-0.200000 -1.237000 -0.827000 9 0
-0.261000 -1.260000 -0.840000 10 0
-0.118000 -1.211000 -0.822000 10 0
-0.171000 -1.222000 -0.823000 9 0
-0.231000 -1.245000 -0.837000 9 0
-0.289000 -1.249000 -0.840000 9 0
-0.145000 -1.214000 -0.824000 10 0
-0.200000 -1.230000 -0.832000 9 0
-0.259000 -1.239000 -0.839000 9 0
-0.319000 -1.245000 -0.845000 9 0
-0.172000 -1.216000 -0.827000 10 0
-0.228000 -1.228000 -0.834000 9 0
-0.288000 -1.236000 -0.843000 8 0
-0.349000 -1.239000 -0.849000 9 0
-0.199000 -1.214000 -0.828000 10 0
-0.258000 -1.231000 -0.840000 8 0
-0.318000 -1.233000 -0.847000 8 0
-0.379000 -1.232000 -0.854000 9 0
-0.226000 -1.211000 -0.828000 10 0
-0.286000 -1.229000 -0.843000 8 0
-0.346000 -1.226000 -0.850000 8 0
-0.380000 -1.138000 -0.798000 1 1
-0.256000 -1.222000 -0.838000 10 0
-0.315000 -1.226000 -0.847000 8 0
-0.367000 -1.195000 -0.835000 4 0
-0.319000 -0.888000 -0.630000 0 0
-0.284000 -1.223000 -0.842000 10 0
-0.343000 -1.221000 -0.848000 8 0
-0.306000 -0.922000 -0.651000 0 0
-0.342000 -0.886000 -0.636000 0 0
-0.313000 -1.225000 -0.847000 10 0
-0.352000 -1.154000 -0.807000 2 1
-0.319000 -0.892000 -0.636000 0 0
-0.365000 -0.881000 -0.641000 0 0
-0.342000 -1.224000 -0.850000 10 0
-0.301000 -0.914000 -0.644000 0 0
-0.341000 -0.887000 -0.639000 0 0
-0.611000 -1.384000 -1.022000 5 0
-0.359000 -1.185000 -0.827000 3 0
-0.321000 -0.905000 -0.644000 0 0
-0.362000 -0.883000 -0.644000 0 0
-0.621000 -1.321000 -0.989000 53 0
-0.317000 -0.967000 -0.679000 0 0
-0.339000 -0.892000 -0.639000 0 0
-0.605000 -1.382000 -1.020000 4 0
-0.629000 -1.260000 -0.958000 3 0
-0.316000 -0.897000 -0.634000 0 0
-0.359000 -0.884000 -0.640000 0 0
-0.615000 -1.322000 -0.987000 59 0
-0.649000 -1.229000 -0.949000 61 0
-0.336000 -0.890000 -0.634000 0 0
0.000000 -0.000000 -0.000000 0 0
-0.611000 -1.239000 -0.937000 1 0
-0.662000 -1.185000 -0.931000 56 0
-0.356000 -0.884000 -0.634000 0 0
-0.622000 -1.353000 -1.000000 8 0
-0.647000 -1.239000 -0.951000 58 0
-0.675000 -1.145000 -0.915000 14 0
-0.376000 -0.877000 -0.634000 0 0
-0.580000 -1.189000 -0.889000 63 0
-0.662000 -1.201000 -0.934000 12 0
-0.685000 -1.102000 -0.897000 12 0
-0.619000 -1.357000 -0.990000 6 0
-0.648000 -1.256000 -0.950000 11 0
-0.666000 -1.146000 -0.905000 56 0
-0.697000 -1.065000 -0.883000 13 0
-0.588000 -1.218000 -0.897000 60 0
-0.656000 -1.204000 -0.922000 57 0
-0.676000 -1.103000 -0.886000 12 0
-0.707000 -1.029000 -0.869000 7 0
-0.644000 -1.260000 -0.937000 13 0
-0.670000 -1.166000 -0.905000 11 0
-0.690000 -1.071000 -0.874000 11 0
-0.711000 -0.985000 -0.849000 1 64
-0.654000 -1.213000 -0.912000 57 0
-0.678000 -1.122000 -0.883000 52 0
-0.700000 -1.034000 -0.859000 10 0
-0.697000 -0.919000 -0.809000 1 0
-0.668000 -1.175000 -0.894000 15 0
-0.692000 -1.088000 -0.868000 10 0
-0.714000 -1.005000 -0.850000 4 0
0.000000 -0.000000 -0.000000 0 0
-0.679000 -1.134000 -0.873000 13 0
-0.699000 -1.047000 -0.849000 10 0
-0.718000 -0.963000 -0.830000 0 64
0.000000 -0.000000 -0.000000 0 0
-0.683000 -1.085000 -0.846000 13 0
-0.707000 -1.008000 -0.831000 9 0
-0.760000 -0.972000 -0.854000 0 0
-0.713000 -0.817000 -0.769000 1 0
-0.695000 -1.050000 -0.830000 14 0
-0.722000 -0.982000 -0.823000 4 0
0.000000 -0.000000 -0.000000 0 0
-0.748000 -0.818000 -0.789000 2 64
-0.704000 -1.014000 -0.813000 13 0
-0.724000 -0.939000 -0.801000 0 0
0.000000 -0.000000 -0.000000 0 128
-0.759000 -0.793000 -0.785000 9 0
-0.715000 -0.982000 -0.799000 11 0
-0.756000 -0.937000 -0.814000 1 0
-0.773000 -0.861000 -0.806000 0 0
-0.771000 -0.769000 -0.781000 16 0
-0.726000 -0.951000 -0.787000 7 0
0.000000 -0.000000 -0.000000 0 0
-0.754000 -0.802000 -0.768000 2 0
-0.781000 -0.744000 -0.777000 12 0
-0.727000 -0.909000 -0.764000 1 0
0.000000 -0.000000 -0.000000 0 0
-0.764000 -0.776000 -0.762000 8 0
-0.789000 -0.718000 -0.771000 15 0
-0.199000 -1.214000 -0.828000 10 0
-0.258000 -1.231000 -0.840000 8 0
-0.318000 -1.233000 -0.847000 8 0
-0.379000 -1.232000 -0.854000 9 0
-0.226000 -1.211000 -0.828000 10 0
-0.286000 -1.229000 -0.843000 8 0
-0.346000 -1.226000 -0.850000 8 0
-0.380000 -1.138000 -0.798000 1 1
-0.256000 -1.222000 -0.838000 10 0
-0.315000 -1.226000 -0.847000 8 0
-0.367000 -1.195000 -0.835000 4 0
-0.319000 -0.888000 -0.630000 0 0
-0.284000 -1.223000 -0.842000 10 0
-0.343000 -1.221000 -0.848000 8 0
-0.306000 -0.922000 -0.651000 0 0
-0.342000 -0.886000 -0.636000 0 0
-0.313000 -1.225000 -0.847000 10 0
-0.352000 -1.154000 -0.807000 2 1
-0.319000 -0.892000 -0.636000 0 0
-0.365000 -0.881000 -0.641000 0 0
-0.342000 -1.224000 -0.850000 10 0
-0.301000 -0.914000 -0.644000 0 0
-0.341000 -0.887000 -0.639000 0 0
-0.611000 -1.384000 -1.022000 5 0
-0.359000 -1.185000 -0.827000 3 0
-0.321000 -0.905000 -0.644000 0 0
-0.362000 -0.883000 -0.644000 0 0
-0.621000 -1.321000 -0.989000 53 0
-0.317000 -0.967000 -0.679000 0 0
-0.339000 -0.892000 -0.639000 0 0
-0.605000 -1.382000 -1.020000 4 0
-0.629000 -1.260000 -0.958000 3 0
-0.316000 -0.897000 -0.634000 0 0
-0.359000 -0.884000 -0.640000 0 0
-0.615000 -1.322000 -0.987000 59 0
-0.649000 -1.229000 -0.949000 61 0
-0.336000 -0.890000 -0.634000 0 0
0.000000 -0.000000 -0.000000 0 0
-0.611000 -1.239000 -0.937000 1 0
-0.662000 -1.185000 -0.931000 56 0
-0.356000 -0.884000 -0.634000 0 0
-0.622000 -1.353000 -1.000000 8 0
-0.647000 -1.239000 -0.951000 58 0
-0.675000 -1.145000 -0.915000 14 0
-0.376000 -0.877000 -0.634000 0 0
-0.580000 -1.189000 -0.889000 63 0
-0.662000 -1.201000 -0.934000 12 0
-0.685000 -1.102000 -0.897000 12 0
-0.619000 -1.357000 -0.990000 6 0
-0.648000 -1.256000 -0.950000 11 0
-0.666000 -1.146000 -0.905000 56 0
-0.697000 -1.065000 -0.883000 13 0
-0.588000 -1.218000 -0.897000 60 0
-0.656000 -1.204000 -0.922000 57 0
-0.676000 -1.103000 -0.886000 12 0
-0.707000 -1.029000 -0.869000 7 0
-0.644000 -1.260000 -0.937000 13 0
-0.670000 -1.166000 -0.905000 11 0
-0.690000 -1.071000 -0.874000 11 0
-0.711000 -0.985000 -0.849000 1 64
-0.654000 -1.213000 -0.912000 57 0
-0.678000 -1.122000 -0.883000 52 0
-0.700000 -1.034000 -0.859000 10 0
-0.697000 -0.919000 -0.809000 1 0
-0.668000 -1.175000 -0.894000 15 0
-0.692000 -1.088000 -0.868000 10 0
-0.714000 -1.005000 -0.850000 4 0
0.000000 -0.000000 -0.000000 0 0
-0.679000 -1.134000 -0.873000 13 0
-0.699000 -1.047000 -0.849000 10 0
-0.718000 -0.963000 -0.830000 0 64
0.000000 -0.000000 -0.000000 0 0
-0.683000 -1.085000 -0.846000 13 0
-0.707000 -1.008000 -0.831000 9 0
-0.760000 -0.972000 -0.854000 0 0
-0.713000 -0.817000 -0.769000 1 0
-0.695000 -1.050000 -0.830000 14 0
-0.722000 -0.982000 -0.823000 4 0
0.000000 -0.000000 -0.000000 0 0
-0.748000 -0.818000 -0.789000 2 64
-0.704000 -1.014000 -0.813000 13 0
-0.724000 -0.939000 -0.801000 0 0
0.000000 -0.000000 -0.000000 0 128
-0.759000 -0.793000 -0.785000 9 0
-0.715000 -0.982000 -0.799000 11 0
-0.756000 -0.937000 -0.814000 1 0
-0.773000 -0.861000 -0.806000 0 0
-0.771000 -0.769000 -0.781000 16 0
-0.726000 -0.951000 -0.787000 7 0
0.000000 -0.000000 -0.000000 0 0
-0.754000 -0.802000 -0.768000 2 0
-0.781000 -0.744000 -0.777000 12 0
-0.727000 -0.909000 -0.764000 1 0
0.000000 -0.000000 -0.000000 0 0
-0.764000 -0.776000 -0.762000 8 0
-0.789000 -0.718000 -0.771000 15 0
0.000000 -0.000000 -0.000000 0 0
-0.773000 -0.835000 -0.770000 0 0
-0.774000 -0.752000 -0.757000 15 0
-0.792000 -0.688000 -0.761000 15 0
0.000000 -0.000000 -0.000000 0 0
-0.757000 -0.780000 -0.737000 2 0
-0.785000 -0.729000 -0.753000 15 0
-0.798000 -0.662000 -0.755000 15 0
0.000000 -0.000000 -0.000000 0 128
-0.771000 -0.759000 -0.734000 9 0
-0.793000 -0.704000 -0.747000 15 0
-0.800000 -0.634000 -0.746000 15 0
0.000000 -0.000000 -0.000000 0 128
-0.780000 -0.735000 -0.727000 14 0
-0.794000 -0.673000 -0.735000 15 0
-0.806000 -0.609000 -0.740000 15 0
0.000000 -0.000000 -0.000000 0 0
-0.785000 -0.706000 -0.717000 17 0
-0.798000 -0.646000 -0.726000 14 0
-0.811000 -0.585000 -0.736000 15 0
-0.775000 -0.735000 -0.698000 8 0
-0.793000 -0.681000 -0.711000 15 0
-0.805000 -0.621000 -0.721000 14 0
-0.814000 -0.559000 -0.729000 15 0
-0.790000 -0.716000 -0.696000 15 0
-0.797000 -0.653000 -0.701000 14 0
-0.812000 -0.598000 -0.716000 14 0
-0.821000 -0.537000 -0.727000 15 0
-0.787000 -0.681000 -0.680000 16 0
-0.800000 -0.626000 -0.692000 14 0
-0.812000 -0.570000 -0.706000 14 0
-0.827000 -0.515000 -0.724000 15 0
-0.795000 -0.657000 -0.673000 16 0
-0.806000 -0.602000 -0.685000 14 0
-0.819000 -0.548000 -0.703000 14 0
-0.831000 -0.492000 -0.721000 15 0
-0.802000 -0.632000 -0.666000 16 0
-0.814000 -0.579000 -0.681000 14 0
-0.826000 -0.526000 -0.700000 14 0
-0.835000 -0.469000 -0.717000 15 0
-0.805000 -0.605000 -0.657000 16 0
-0.819000 -0.556000 -0.675000 14 0
-0.830000 -0.503000 -0.695000 14 0
-0.840000 -0.447000 -0.715000 15 0
-0.811000 -0.581000 -0.650000 16 0
-0.826000 -0.533000 -0.671000 14 0
-0.833000 -0.479000 -0.690000 14 0
-0.846000 -0.426000 -0.714000 15 0
-0.822000 -0.561000 -0.648000 17 0
-0.831000 -0.510000 -0.666000 14 0
-0.840000 -0.458000 -0.688000 14 0
-0.851000 -0.406000 -0.713000 15 0
-0.827000 -0.536000 -0.642000 17 0
-0.839000 -0.489000 -0.664000 14 0
-0.847000 -0.438000 -0.687000 14 0
-0.858000 -0.385000 -0.713000 15 0
-0.838000 -0.516000 -0.640000 18 0
-0.843000 -0.466000 -0.659000 14 0
-0.847000 -0.414000 -0.680000 14 0
-0.859000 -0.363000 -0.710000 20 0
-0.839000 -0.490000 -0.632000 18 0
-0.852000 -0.446000 -0.659000 14 0
-0.854000 -0.394000 -0.681000 14 0
0.000000 -0.000000 -0.000000 0 0
-0.846000 -0.469000 -0.629000 18 0
-0.853000 -0.422000 -0.653000 14 0
-0.860000 -0.373000 -0.679000 14 0
0.000000 -0.000000 -0.000000 0 0
-0.852000 -0.447000 -0.625000 19 0
-0.865000 -0.403000 -0.655000 14 0
-0.867000 -0.353000 -0.680000 9 0
0.000000 -0.000000 -0.000000 0 0
-0.860000 -0.425000 -0.624000 19 0
-0.869000 -0.381000 -0.652000 14 0
0.000000 -0.000000 -0.000000 0 0
0.000000 -0.000000 -0.000000 0 0
-0.869000 -0.405000 -0.623000 22 0
-0.863000 -0.355000 -0.642000 6 0
0.000000 -0.000000 -0.000000 0 0
-0.885000 -0.263000 -0.714000 12 0
-0.872000 -0.382000 -0.619000 20 0
0.000000 -0.000000 -0.000000 0 0
0.000000 -0.000000 -0.000000 0 0
-0.894000 -0.244000 -0.718000 19 0
-0.870000 -0.357000 -0.611000 6 0
0.000000 -0.000000 -0.000000 0 0
-0.884000 -0.271000 -0.676000 7 0
-0.892000 -0.223000 -0.715000 15 0
0.000000 -0.000000 -0.000000 0 0
0.000000 -0.000000 -0.000000 0 0
-0.891000 -0.251000 -0.679000 15 0
-0.905000 -0.205000 -0.724000 13 0
0.000000 -0.000000 -0.000000 0 0
0.000000 -0.000000 -0.000000 0 0
-0.896000 -0.231000 -0.680000 14 0
-0.909000 -0.185000 -0.725000 9 64
0.000000 -0.000000 -0.000000 0 0
-0.773000 -0.835000 -0.770000 0 0
-0.774000 -0.752000 -0.757000 15 0
-0.792000 -0.688000 -0.761000 15 0
0.000000 -0.000000 -0.000000 0 0
-0.757000 -0.780000 -0.737000 2 0
-0.785000 -0.729000 -0.753000 15 0
-0.798000 -0.662000 -0.755000 15 0
0.000000 -0.000000 -0.000000 0 128
-0.771000 -0.759000 -0.734000 9 0
-0.793000 -0.704000 -0.747000 15 0
-0.800000 -0.634000 -0.746000 15 0
0.000000 -0.000000 -0.000000 0 128
-0.780000 -0.735000 -0.727000 14 0
-0.794000 -0.673000 -0.735000 15 0
-0.806000 -0.609000 -0.740000 15 0
0.000000 -0.000000 -0.000000 0 0
-0.785000 -0.706000 -0.717000 17 0
-0.798000 -0.646000 -0.726000 14 0
-0.811000 -0.585000 -0.736000 15 0
-0.775000 -0.735000 -0.698000 8 0
-0.793000 -0.681000 -0.711000 15 0
-0.805000 -0.621000 -0.721000 14 0
-0.814000 -0.559000 -0.729000 15 0
-0.790000 -0.716000 -0.696000 15 0
-0.797000 -0.653000 -0.701000 14 0
-0.812000 -0.598000 -0.716000 14 0
-0.821000 -0.537000 -0.727000 15 0
-0.787000 -0.681000 -0.680000 16 0
-0.800000 -0.626000 -0.692000 14 0
-0.812000 -0.570000 -0.706000 14 0
-0.827000 -0.515000 -0.724000 15 0
-0.795000 -0.657000 -0.673000 16 0
-0.806000 -0.602000 -0.685000 14 0
-0.819000 -0.548000 -0.703000 14 0
-0.831000 -0.492000 -0.721000 15 0
-0.802000 -0.632000 -0.666000 16 0
-0.814000 -0.579000 -0.681000 14 0
-0.826000 -0.526000 -0.700000 14 0
-0.835000 -0.469000 -0.717000 15 0
-0.805000 -0.605000 -0.657000 16 0
-0.819000 -0.556000 -0.675000 14 0
-0.830000 -0.503000 -0.695000 14 0
-0.840000 -0.447000 -0.715000 15 0
-0.811000 -0.581000 -0.650000 16 0
-0.826000 -0.533000 -0.671000 14 0
-0.833000 -0.479000 -0.690000 14 0
-0.846000 -0.426000 -0.714000 15 0
-0.822000 -0.561000 -0.648000 17 0
-0.831000 -0.510000 -0.666000 14 0
-0.840000 -0.458000 -0.688000 14 0
-0.851000 -0.406000 -0.713000 15 0
-0.827000 -0.536000 -0.642000 17 0
-0.839000 -0.489000 -0.664000 14 0
-0.847000 -0.438000 -0.687000 14 0
-0.858000 -0.385000 -0.713000 15 0
-0.838000 -0.516000 -0.640000 18 0
-0.843000 -0.466000 -0.659000 14 0
-0.847000 -0.414000 -0.680000 14 0
-0.859000 -0.363000 -0.710000 20 0
-0.839000 -0.490000 -0.632000 18 0
-0.852000 -0.446000 -0.659000 14 0
-0.854000 -0.394000 -0.681000 14 0
0.000000 -0.000000 -0.000000 0 0
-0.846000 -0.469000 -0.629000 18 0
-0.853000 -0.422000 -0.653000 14 0
-0.860000 -0.373000 -0.679000 14 0
0.000000 -0.000000 -0.000000 0 0
-0.852000 -0.447000 -0.625000 19 0
-0.865000 -0.403000 -0.655000 14 0
-0.867000 -0.353000 -0.680000 9 0
0.000000 -0.000000 -0.000000 0 0
-0.860000 -0.425000 -0.624000 19 0
-0.869000 -0.381000 -0.652000 14 0
0.000000 -0.000000 -0.000000 0 0
0.000000 -0.000000 -0.000000 0 0
-0.869000 -0.405000 -0.623000 22 0
-0.863000 -0.355000 -0.642000 6 0
0.000000 -0.000000 -0.000000 0 0
-0.885000 -0.263000 -0.714000 12 0
-0.872000 -0.382000 -0.619000 20 0
0.000000 -0.000000 -0.000000 0 0
0.000000 -0.000000 -0.000000 0 0
-0.894000 -0.244000 -0.718000 19 0
-0.870000 -0.357000 -0.611000 6 0
0.000000 -0.000000 -0.000000 0 0
-0.884000 -0.271000 -0.676000 7 0
-0.892000 -0.223000 -0.715000 15 0
0.000000 -0.000000 -0.000000 0 0
0.000000 -0.000000 -0.000000 0 0
-0.891000 -0.251000 -0.679000 15 0
-0.905000 -0.205000 -0.724000 13 0
0.000000 -0.000000 -0.000000 0 0
0.000000 -0.000000 -0.000000 0 0
-0.896000 -0.231000 -0.680000 14 0
-0.909000 -0.185000 -0.725000 9 64
0.000000 -0.000000 -0.000000 0 0
-0.900000 -0.255000 -0.647000 8 64
-0.895000 -0.209000 -0.676000 5 64
-0.906000 -0.164000 -0.722000 5 64
-0.859000 -0.262000 -0.584000 0 64
-0.871000 -0.225000 -0.622000 2 64
0.000000 -0.000000 -0.000000 0 0
0.000000 -0.000000 -0.000000 0 0
0.000000 -0.000000 -0.000000 0 0
0.000000 -0.000000 -0.000000 0 0
0.000000 -0.000000 -0.000000 0 0
0.000000 -0.000000 -0.000000 0 0
0.000000 -0.000000 -0.000000 0 0
0.000000 -0.000000 -0.000000 0 0
0.000000 -0.000000 -0.000000 0 192
0.000000 -0.000000 -0.000000 0 192
0.000000 -0.000000 -0.000000 0 0
0.000000 -0.000000 -0.000000 0 0
0.000000 -0.000000 -0.000000 0 192
0.000000 -0.000000 -0.000000 0 192
-0.910000 -0.187000 -0.604000 5 64
-0.918000 -0.149000 -0.646000 4 64
0.000000 -0.000000 -0.000000 0 0
0.000000 -0.000000 -0.000000 0 0
-0.907000 -0.164000 -0.599000 14 0
-0.925000 -0.129000 -0.649000 9 0
-0.927000 -0.089000 -0.693000 10 0
-0.938000 -0.045000 -0.748000 6 64
-0.923000 -0.144000 -0.608000 17 0
-0.930000 -0.108000 -0.652000 13 0
-0.928000 -0.068000 -0.693000 11 0
-0.943000 -0.025000 -0.753000 9 0
-0.933000 -0.123000 -0.613000 19 0
-0.933000 -0.086000 -0.653000 15 0
-0.936000 -0.048000 -0.700000 14 0
-0.930000 -0.005000 -0.744000 12 0
-0.936000 -0.101000 -0.613000 19 0
-0.940000 -0.065000 -0.658000 15 0
-0.939000 -0.027000 -0.703000 14 0
-0.945000 0.015000 -0.758000 14 0
-0.939000 -0.079000 -0.614000 19 0
-0.943000 -0.044000 -0.659000 15 0
-0.943000 -0.006000 -0.706000 14 0
-0.951000 0.035000 -0.765000 15 0
-0.944000 -0.057000 -0.617000 19 0
-0.947000 -0.022000 -0.662000 14 0
-0.947000 0.014000 -0.711000 14 0
-0.955000 0.056000 -0.770000 15 0
-0.949000 -0.035000 -0.620000 18 0
-0.953000 -0.000000 -0.667000 14 0
-0.956000 0.035000 -0.719000 14 0
-0.960000 0.077000 -0.778000 15 0
-0.954000 -0.013000 -0.623000 18 0
-0.956000 0.021000 -0.670000 14 0
-0.957000 0.057000 -0.722000 14 0
-0.969000 0.099000 -0.788000 15 0
-0.958000 0.009000 -0.626000 18 0
-0.961000 0.043000 -0.675000 14 0
-0.961000 0.078000 -0.727000 14 0
-0.975000 0.120000 -0.797000 15 0
-0.961000 0.032000 -0.629000 18 0
-0.965000 0.065000 -0.680000 14 0
-0.963000 0.100000 -0.731000 14 0
-0.984000 0.143000 -0.807000 15 0
-0.967000 0.055000 -0.634000 18 0
-0.970000 0.088000 -0.685000 14 0
-0.974000 0.123000 -0.743000 14 0
-0.988000 0.165000 -0.815000 15 0
-0.969000 0.078000 -0.637000 17 0
-0.977000 0.112000 -0.692000 14 0
-0.981000 0.146000 -0.751000 14 0
-0.984000 0.186000 -0.816000 14 0
-0.976000 0.102000 -0.643000 17 0
-0.978000 0.135000 -0.696000 14 0
-0.989000 0.170000 -0.762000 14 0
-0.973000 0.205000 -0.812000 1 0
-0.981000 0.127000 -0.649000 16 0
-0.981000 0.158000 -0.702000 14 0
-0.986000 0.192000 -0.764000 9 0
-0.978000 0.229000 -0.822000 1 0
-0.985000 0.151000 -0.655000 16 0
-0.990000 0.183000 -0.712000 14 0
-0.984000 0.214000 -0.766000 1 0
-1.018000 0.261000 -0.861000 0 0
-0.988000 0.176000 -0.660000 15 0
-0.985000 0.206000 -0.713000 1 0
-0.992000 0.239000 -0.778000 1 0
-1.081000 0.301000 -0.921000 8 0
-0.982000 0.199000 -0.660000 2 0
-0.992000 0.231000 -0.722000 1 0
-1.084000 0.287000 -0.856000 1 0
-1.087000 0.328000 -0.934000 1 0
-0.996000 0.226000 -0.673000 2 0
-1.083000 0.279000 -0.794000 1 0
-1.089000 0.314000 -0.866000 1 0
-1.089000 0.354000 -0.943000 7 0
0.000000 -0.000000 -0.000000 0 0
-0.900000 -0.255000 -0.647000 8 64
-0.895000 -0.209000 -0.676000 5 64
-0.906000 -0.164000 -0.722000 5 64
-0.859000 -0.262000 -0.584000 0 64
-0.871000 -0.225000 -0.622000 2 64
0.000000 -0.000000 -0.000000 0 0
0.000000 -0.000000 -0.000000 0 0
0.000000 -0.000000 -0.000000 0 0
0.000000 -0.000000 -0.000000 0 0
0.000000 -0.000000 -0.000000 0 0
0.000000 -0.000000 -0.000000 0 0
0.000000 -0.000000 -0.000000 0 0
0.000000 -0.000000 -0.000000 0 0
0.000000 -0.000000 -0.000000 0 192
0.000000 -0.000000 -0.000000 0 192
0.000000 -0.000000 -0.000000 0 0
0.000000 -0.000000 -0.000000 0 0
0.000000 -0.000000 -0.000000 0 192
0.000000 -0.000000 -0.000000 0 192
-0.910000 -0.187000 -0.604000 5 64
-0.918000 -0.149000 -0.646000 4 64
0.000000 -0.000000 -0.000000 0 0
0.000000 -0.000000 -0.000000 0 0
-0.907000 -0.164000 -0.599000 14 0
-0.925000 -0.129000 -0.649000 9 0
-0.927000 -0.089000 -0.693000 10 0
-0.938000 -0.045000 -0.748000 6 64
-0.923000 -0.144000 -0.608000 17 0
-0.930000 -0.108000 -0.652000 13 0
-0.928000 -0.068000 -0.693000 11 0
-0.943000 -0.025000 -0.753000 9 0
-0.933000 -0.123000 -0.613000 19 0
-0.933000 -0.086000 -0.653000 15 0
-0.936000 -0.048000 -0.700000 14 0
-0.930000 -0.005000 -0.744000 12 0
-0.936000 -0.101000 -0.613000 19 0
-0.940000 -0.065000 -0.658000 15 0
-0.939000 -0.027000 -0.703000 14 0
-0.945000 0.015000 -0.758000 14 0
-0.939000 -0.079000 -0.614000 19 0
-0.943000 -0.044000 -0.659000 15 0
-0.943000 -0.006000 -0.706000 14 0
-0.951000 0.035000 -0.765000 15 0
-0.944000 -0.057000 -0.617000 19 0
-0.947000 -0.022000 -0.662000 14 0
-0.947000 0.014000 -0.711000 14 0
-0.955000 0.056000 -0.770000 15 0
-0.949000 -0.035000 -0.620000 18 0
-0.953000 -0.000000 -0.667000 14 0
-0.956000 0.035000 -0.719000 14 0
-0.960000 0.077000 -0.778000 15 0
-0.954000 -0.013000 -0.623000 18 0
-0.956000 0.021000 -0.670000 14 0
-0.957000 0.057000 -0.722000 14 0
-0.969000 0.099000 -0.788000 15 0
-0.958000 0.009000 -0.626000 18 0
-0.961000 0.043000 -0.675000 14 0
-0.961000 0.078000 -0.727000 14 0
-0.975000 0.120000 -0.797000 15 0
-0.961000 0.032000 -0.629000 18 0
-0.965000 0.065000 -0.680000 14 0
-0.963000 0.100000 -0.731000 14 0
-0.984000 0.143000 -0.807000 15 0
-0.967000 0.055000 -0.634000 18 0
-0.970000 0.088000 -0.685000 14 0
-0.974000 0.123000 -0.743000 14 0
-0.988000 0.165000 -0.815000 15 0
-0.969000 0.078000 -0.637000 17 0
-0.977000 0.112000 -0.692000 14 0
-0.981000 0.146000 -0.751000 14 0
-0.984000 0.186000 -0.816000 14 0
-0.976000 0.102000 -0.643000 17 0
-0.978000 0.135000 -0.696000 14 0
-0.989000 0.170000 -0.762000 14 0
-0.973000 0.205000 -0.812000 1 0
-0.981000 0.127000 -0.649000 16 0
-0.981000 0.158000 -0.702000 14 0
-0.986000 0.192000 -0.764000 9 0
-0.978000 0.229000 -0.822000 1 0
-0.985000 0.151000 -0.655000 16 0
-0.990000 0.183000 -0.712000 14 0
-0.984000 0.214000 -0.766000 1 0
-1.018000 0.261000 -0.861000 0 0
-0.988000 0.176000 -0.660000 15 0
-0.985000 0.206000 -0.713000 1 0
-0.992000 0.239000 -0.778000 1 0
-1.081000 0.301000 -0.921000 8 0
-0.982000 0.199000 -0.660000 2 0
-0.992000 0.231000 -0.722000 1 0
-1.084000 0.287000 -0.856000 1 0
-1.087000 0.328000 -0.934000 1 0
-0.996000 0.226000 -0.673000 2 0
-1.083000 0.279000 -0.794000 1 0
-1.089000 0.314000 -0.866000 1 0
-1.089000 0.354000 -0.943000 7 0
-1.069000 0.270000 -0.728000 2 0
-1.091000 0.308000 -0.805000 1 0
-1.093000 0.342000 -0.876000 1 0
-1.097000 0.383000 -0.958000 0 0
-1.094000 0.304000 -0.751000 1 0
-1.100000 0.338000 -0.819000 1 0
-1.097000 0.370000 -0.887000 1 0
-1.099000 0.409000 -0.968000 8 0
-1.096000 0.334000 -0.759000 2 0
-1.103000 0.367000 -0.828000 1 0
-1.103000 0.399000 -0.900000 8 0
-1.104000 0.438000 -0.981000 1 0
-1.106000 0.366000 -0.772000 1 0
-1.112000 0.399000 -0.843000 1 0
-1.114000 0.431000 -0.918000 1 0
-1.110000 0.468000 -0.996000 8 0
-1.103000 0.394000 -0.778000 1 0
-1.113000 0.428000 -0.852000 8 0
-1.110000 0.458000 -0.924000 8 0
-1.108000 0.494000 -1.005000 0 64
-1.114000 0.428000 -0.794000 9 0
-1.125000 0.463000 -0.871000 1 0
-1.127000 0.495000 -0.948000 1 0
-1.121000 0.529000 -1.028000 6 0
-1.128000 0.465000 -0.813000 1 0
-1.120000 0.491000 -0.877000 7 0
-1.122000 0.522000 -0.954000 7 0
-1.129000 0.562000 -1.047000 7 0
-1.127000 0.497000 -0.821000 9 0
-1.131000 0.527000 -0.896000 1 0
-1.136000 0.560000 -0.978000 0 0
-1.134000 0.594000 -1.064000 6 0
-1.132000 0.532000 -0.836000 0 0
-1.135000 0.562000 -0.911000 6 0
-1.137000 0.592000 -0.991000 7 0
-1.145000 0.631000 -1.087000 6 0
-1.142000 0.570000 -0.854000 8 0
-1.152000 0.603000 -0.936000 1 0
-1.157000 0.635000 -1.022000 0 0
-1.148000 0.665000 -1.104000 6 0
-1.150000 0.609000 -0.872000 0 0
-1.148000 0.636000 -0.946000 6 0
-1.152000 0.666000 -1.031000 6 0
-1.157000 0.702000 -1.127000 6 0
-1.157000 0.649000 -0.891000 6 0
-1.161000 0.678000 -0.971000 6 0
-1.161000 0.706000 -1.054000 6 0
-1.171000 0.745000 -1.156000 6 0
-1.162000 0.689000 -0.909000 6 0
-1.166000 0.718000 -0.990000 6 0
-1.167000 0.745000 -1.074000 6 0
-1.172000 0.780000 -1.174000 5 0
-1.168000 0.731000 -0.929000 6 0
-1.173000 0.760000 -1.013000 6 0
-1.180000 0.790000 -1.103000 5 0
-1.181000 0.823000 -1.201000 6 0
-1.181000 0.779000 -0.956000 5 0
-1.186000 0.808000 -1.041000 4 0
-1.184000 0.831000 -1.125000 6 0
-1.192000 0.868000 -1.231000 6 0
-1.194000 0.829000 -0.984000 5 0
-1.190000 0.852000 -1.063000 5 0
-1.195000 0.879000 -1.155000 5 0
-1.195000 0.909000 -1.254000 11 0
-1.204000 0.880000 -1.012000 5 0
-1.206000 0.905000 -1.097000 5 0
-1.209000 0.931000 -1.189000 5 0
-1.184000 0.940000 -1.263000 15 0
-1.213000 0.932000 -1.040000 5 0
-1.209000 0.952000 -1.121000 4 0
-1.214000 0.978000 -1.216000 5 0
-1.162000 0.963000 -1.262000 15 0
-1.217000 0.983000 -1.066000 5 0
-1.210000 0.999000 -1.146000 7 0
-1.191000 1.003000 -1.216000 7 0
-1.142000 0.987000 -1.262000 15 0
-1.183000 1.003000 -1.058000 8 0
-1.168000 1.010000 -1.128000 8 0
-1.151000 1.014000 -1.199000 7 0
-1.122000 1.011000 -1.263000 19 0
-1.155000 1.028000 -1.058000 4 0
-1.152000 1.044000 -1.138000 4 0
-1.162000 1.069000 -1.235000 8 0
-1.097000 1.031000 -1.259000 17 0
-1.180000 1.102000 -1.107000 46 1
-1.175000 1.115000 -1.187000 51 0
-1.157000 1.113000 -1.256000 28 0
-1.075000 1.053000 -1.259000 17 0
-1.190000 1.167000 -1.145000 51 0
-1.179000 1.171000 -1.220000 39 0
-1.133000 1.139000 -1.258000 18 0
-1.051000 1.074000 -1.257000 16 0
-1.205000 1.239000 -1.191000 48 0
-1.180000 1.227000 -1.252000 24 0
-1.105000 1.160000 -1.256000 15 0
-1.028000 1.095000 -1.256000 16 0
-1.069000 0.270000 -0.728000 2 0
-1.091000 0.308000 -0.805000 1 0
-1.093000 0.342000 -0.876000 1 0
-1.097000 0.383000 -0.958000 0 0
-1.094000 0.304000 -0.751000 1 0
-1.100000 0.338000 -0.819000 1 0
-1.097000 0.370000 -0.887000 1 0
-1.099000 0.409000 -0.968000 8 0
-1.096000 0.334000 -0.759000 2 0
-1.103000 0.367000 -0.828000 1 0
-1.103000 0.399000 -0.900000 8 0
-1.104000 0.438000 -0.981000 1 0
-1.106000 0.366000 -0.772000 1 0
-1.112000 0.399000 -0.843000 1 0
-1.114000 0.431000 -0.918000 1 0
-1.110000 0.468000 -0.996000 8 0
-1.103000 0.394000 -0.778000 1 0
-1.113000 0.428000 -0.852000 8 0
-1.110000 0.458000 -0.924000 8 0
-1.108000 0.494000 -1.005000 0 64
-1.114000 0.428000 -0.794000 9 0
-1.125000 0.463000 -0.871000 1 0
-1.127000 0.495000 -0.948000 1 0
-1.121000 0.529000 -1.028000 6 0
-1.128000 0.465000 -0.813000 1 0
-1.120000 0.491000 -0.877000 7 0
-1.122000 0.522000 -0.954000 7 0
-1.129000 0.562000 -1.047000 7 0
-1.127000 0.497000 -0.821000 9 0
-1.131000 0.527000 -0.896000 1 0
-1.136000 0.560000 -0.978000 0 0
-1.134000 0.594000 -1.064000 6 0
-1.132000 0.532000 -0.836000 0 0
-1.135000 0.562000 -0.911000 6 0
-1.137000 0.592000 -0.991000 7 0
-1.145000 0.631000 -1.087000 6 0
-1.142000 0.570000 -0.854000 8 0
-1.152000 0.603000 -0.936000 1 0
-1.157000 0.635000 -1.022000 0 0
-1.148000 0.665000 -1.104000 6 0
-1.150000 0.609000 -0.872000 0 0
-1.148000 0.636000 -0.946000 6 0
-1.152000 0.666000 -1.031000 6 0
-1.157000 0.702000 -1.127000 6 0
-1.157000 0.649000 -0.891000 6 0
-1.161000 0.678000 -0.971000 6 0
-1.161000 0.706000 -1.054000 6 0
-1.171000 0.745000 -1.156000 6 0
-1.162000 0.689000 -0.909000 6 0
-1.166000 0.718000 -0.990000 6 0
-1.167000 0.745000 -1.074000 6 0
-1.172000 0.780000 -1.174000 5 0
-1.168000 0.731000 -0.929000 6 0
-1.173000 0.760000 -1.013000 6 0
-1.180000 0.790000 -1.103000 5 0
-1.181000 0.823000 -1.201000 6 0
-1.181000 0.779000 -0.956000 5 0
-1.186000 0.808000 -1.041000 4 0
-1.184000 0.831000 -1.125000 6 0
-1.192000 0.868000 -1.231000 6 0
-1.194000 0.829000 -0.984000 5 0
-1.190000 0.852000 -1.063000 5 0
-1.195000 0.879000 -1.155000 5 0
-1.195000 0.909000 -1.254000 11 0
-1.204000 0.880000 -1.012000 5 0
-1.206000 0.905000 -1.097000 5 0
-1.209000 0.931000 -1.189000 5 0
-1.184000 0.940000 -1.263000 15 0
-1.213000 0.932000 -1.040000 5 0
-1.209000 0.952000 -1.121000 4 0
-1.214000 0.978000 -1.216000 5 0
-1.162000 0.963000 -1.262000 15 0
-1.217000 0.983000 -1.066000 5 0
-1.210000 0.999000 -1.146000 7 0
-1.191000 1.003000 -1.216000 7 0
-1.142000 0.987000 -1.262000 15 0
-1.183000 1.003000 -1.058000 8 0
-1.168000 1.010000 -1.128000 8 0
-1.151000 1.014000 -1.199000 7 0
-1.122000 1.011000 -1.263000 19 0
-1.155000 1.028000 -1.058000 4 0
-1.152000 1.044000 -1.138000 4 0
-1.162000 1.069000 -1.235000 8 0
-1.097000 1.031000 -1.259000 17 0
-1.180000 1.102000 -1.107000 46 1
-1.175000 1.115000 -1.187000 51 0
-1.157000 1.113000 -1.256000 28 0
-1.075000 1.053000 -1.259000 17 0
-1.190000 1.167000 -1.145000 51 0
-1.179000 1.171000 -1.220000 39 0
-1.133000 1.139000 -1.258000 18 0
-1.051000 1.074000 -1.257000 16 0
-1.205000 1.239000 -1.191000 48 0
-1.180000 1.227000 -1.252000 24 0
-1.105000 1.160000 -1.256000 15 0
-1.028000 1.095000 -1.256000 16 0
-1.211000 1.307000 -1.230000 36 0
-1.151000 1.255000 -1.255000 15 0
-1.077000 1.182000 -1.254000 15 0
-1.004000 1.115000 -1.255000 14 0
-1.195000 1.353000 -1.250000 16 0
-1.114000 1.272000 -1.248000 16 0
-1.049000 1.203000 -1.253000 14 0
-0.980000 1.135000 -1.254000 15 0
-1.157000 1.376000 -1.248000 14 0
-1.083000 1.295000 -1.248000 16 0
-1.019000 1.223000 -1.251000 16 0
-0.955000 1.154000 -1.252000 16 0
-1.123000 1.402000 -1.250000 16 0
-1.052000 1.319000 -1.249000 17 0
-0.990000 1.242000 -1.249000 15 0
-0.931000 1.174000 -1.253000 16 0
-1.085000 1.423000 -1.248000 15 0
-1.017000 1.337000 -1.246000 14 0
-0.962000 1.263000 -1.249000 14 0
-0.906000 1.193000 -1.252000 15 0
-1.048000 1.445000 -1.248000 16 0
-0.984000 1.357000 -1.245000 15 0
-0.931000 1.279000 -1.245000 14 0
-0.880000 1.209000 -1.249000 16 0
-1.008000 1.463000 -1.246000 16 0
-0.952000 1.378000 -1.246000 14 0
-0.901000 1.297000 -1.244000 15 0
-0.857000 1.230000 -1.252000 17 0
-0.968000 1.479000 -1.242000 17 0
-0.918000 1.396000 -1.245000 15 0
-0.873000 1.318000 -1.246000 16 0
-0.830000 1.247000 -1.250000 14 0
-0.928000 1.495000 -1.241000 17 0
-0.884000 1.414000 -1.245000 17 0
-0.842000 1.333000 -1.243000 18 0
-0.802000 1.260000 -1.245000 14 0
-0.888000 1.510000 -1.238000 17 0
-0.848000 1.428000 -1.242000 16 0
-0.811000 1.348000 -1.241000 17 0
-0.777000 1.279000 -1.247000 17 0
-0.850000 1.529000 -1.240000 17 0
-0.814000 1.446000 -1.243000 16 0
-0.782000 1.367000 -1.243000 18 0
-0.748000 1.291000 -1.242000 15 0
-0.807000 1.537000 -1.234000 16 0
-0.775000 1.454000 -1.236000 17 0
-0.749000 1.379000 -1.239000 18 0
-0.722000 1.308000 -1.244000 17 0
-0.767000 1.550000 -1.233000 18 0
-0.741000 1.470000 -1.237000 23 0
-0.717000 1.392000 -1.238000 18 0
-0.693000 1.322000 -1.241000 16 0
-0.729000 1.566000 -1.235000 17 0
-0.706000 1.484000 -1.237000 18 0
-0.686000 1.408000 -1.238000 18 0
-0.666000 1.338000 -1.242000 18 0
-0.684000 1.568000 -1.227000 18 0
-0.670000 1.497000 -1.237000 18 0
-0.653000 1.418000 -1.234000 18 0
-0.637000 1.349000 -1.239000 17 0
-0.645000 1.579000 -1.227000 17 0
-0.633000 1.507000 -1.234000 17 0
-0.622000 1.432000 -1.235000 17 0
-0.608000 1.359000 -1.236000 16 0
-0.606000 1.591000 -1.228000 18 0
-0.597000 1.517000 -1.233000 17 0
-0.590000 1.445000 -1.235000 16 0
-0.582000 1.378000 -1.240000 19 0
-0.565000 1.600000 -1.227000 18 0
-0.562000 1.529000 -1.234000 17 0
-0.558000 1.455000 -1.233000 18 0
-0.553000 1.391000 -1.239000 19 0
-0.524000 1.605000 -1.225000 18 0
-0.523000 1.530000 -1.227000 17 0
-0.525000 1.464000 -1.232000 17 0
-0.524000 1.401000 -1.237000 18 0
-0.485000 1.615000 -1.227000 17 0
-0.487000 1.539000 -1.228000 17 0
-0.491000 1.472000 -1.229000 16 0
-0.494000 1.411000 -1.235000 19 0
-0.445000 1.618000 -1.225000 20 0
-0.450000 1.545000 -1.226000 22 0
-0.457000 1.477000 -1.225000 16 0
-0.465000 1.422000 -1.234000 19 0
-0.404000 1.621000 -1.223000 21 0
-0.414000 1.552000 -1.225000 22 0
-0.426000 1.492000 -1.229000 21 0
-0.434000 1.430000 -1.232000 17 0
-0.363000 1.620000 -1.220000 19 0
-0.377000 1.555000 -1.222000 20 0
-0.393000 1.497000 -1.227000 20 0
-0.403000 1.435000 -1.228000 23 0
-0.323000 1.623000 -1.220000 18 0
-0.340000 1.560000 -1.222000 23 0
-0.359000 1.502000 -1.225000 21 0
-0.373000 1.443000 -1.225000 22 0
-1.211000 1.307000 -1.230000 36 0
-1.151000 1.255000 -1.255000 15 0
-1.077000 1.182000 -1.254000 15 0
-1.004000 1.115000 -1.255000 14 0
-1.195000 1.353000 -1.250000 16 0
-1.114000 1.272000 -1.248000 16 0
-1.049000 1.203000 -1.253000 14 0
-0.980000 1.135000 -1.254000 15 0
-1.157000 1.376000 -1.248000 14 0
-1.083000 1.295000 -1.248000 16 0
-1.019000 1.223000 -1.251000 16 0
-0.955000 1.154000 -1.252000 16 0
-1.123000 1.402000 -1.250000 16 0
-1.052000 1.319000 -1.249000 17 0
-0.990000 1.242000 -1.249000 15 0
-0.931000 1.174000 -1.253000 16 0
-1.085000 1.423000 -1.248000 15 0
-1.017000 1.337000 -1.246000 14 0
-0.962000 1.263000 -1.249000 14 0
-0.906000 1.193000 -1.252000 15 0
-1.048000 1.445000 -1.248000 16 0
-0.984000 1.357000 -1.245000 15 0
-0.931000 1.279000 -1.245000 14 0
-0.880000 1.209000 -1.249000 16 0
-1.008000 1.463000 -1.246000 16 0
-0.952000 1.378000 -1.246000 14 0
-0.901000 1.297000 -1.244000 15 0
-0.857000 1.230000 -1.252000 17 0
-0.968000 1.479000 -1.242000 17 0
-0.918000 1.396000 -1.245000 15 0
-0.873000 1.318000 -1.246000 16 0
-0.830000 1.247000 -1.250000 14 0
-0.928000 1.495000 -1.241000 17 0
-0.884000 1.414000 -1.245000 17 0
-0.842000 1.333000 -1.243000 18 0
-0.802000 1.260000 -1.245000 14 0
-0.888000 1.510000 -1.238000 17 0
-0.848000 1.428000 -1.242000 16 0
-0.811000 1.348000 -1.241000 17 0
-0.777000 1.279000 -1.247000 17 0
-0.850000 1.529000 -1.240000 17 0
-0.814000 1.446000 -1.243000 16 0
-0.782000 1.367000 -1.243000 18 0
-0.748000 1.291000 -1.242000 15 0
-0.807000 1.537000 -1.234000 16 0
-0.775000 1.454000 -1.236000 17 0
-0.749000 1.379000 -1.239000 18 0
-0.722000 1.308000 -1.244000 17 0
-0.767000 1.550000 -1.233000 18 0
-0.741000 1.470000 -1.237000 23 0
-0.717000 1.392000 -1.238000 18 0
-0.693000 1.322000 -1.241000 16 0
-0.729000 1.566000 -1.235000 17 0
-0.706000 1.484000 -1.237000 18 0
-0.686000 1.408000 -1.238000 18 0
-0.666000 1.338000 -1.242000 18 0
-0.684000 1.568000 -1.227000 18 0
-0.670000 1.497000 -1.237000 18 0
-0.653000 1.418000 -1.234000 18 0
-0.637000 1.349000 -1.239000 17 0
-0.645000 1.579000 -1.227000 17 0
-0.633000 1.507000 -1.234000 17 0
-0.622000 1.432000 -1.235000 17 0
-0.608000 1.359000 -1.236000 16 0
-0.606000 1.591000 -1.228000 18 0
-0.597000 1.517000 -1.233000 17 0
-0.590000 1.445000 -1.235000 16 0
-0.582000 1.378000 -1.240000 19 0
-0.565000 1.600000 -1.227000 18 0
-0.562000 1.529000 -1.234000 17 0
-0.558000 1.455000 -1.233000 18 0
-0.553000 1.391000 -1.239000 19 0
-0.524000 1.605000 -1.225000 18 0
-0.523000 1.530000 -1.227000 17 0
-0.525000 1.464000 -1.232000 17 0
-0.524000 1.401000 -1.237000 18 0
-0.485000 1.615000 -1.227000 17 0
-0.487000 1.539000 -1.228000 17 0
-0.491000 1.472000 -1.229000 16 0
-0.494000 1.411000 -1.235000 19 0
-0.445000 1.618000 -1.225000 20 0
-0.450000 1.545000 -1.226000 22 0
-0.457000 1.477000 -1.225000 16 0
-0.465000 1.422000 -1.234000 19 0
-0.404000 1.621000 -1.223000 21 0
-0.414000 1.552000 -1.225000 22 0
-0.426000 1.492000 -1.229000 21 0
-0.434000 1.430000 -1.232000 17 0
-0.363000 1.620000 -1.220000 19 0
-0.377000 1.555000 -1.222000 20 0
-0.393000 1.497000 -1.227000 20 0
-0.403000 1.435000 -1.228000 23 0
-0.323000 1.623000 -1.220000 18 0
-0.340000 1.560000 -1.222000 23 0
-0.359000 1.502000 -1.225000 21 0
-0.373000 1.443000 -1.225000 22 0
-0.283000 1.621000 -1.216000 18 0
-0.304000 1.564000 -1.221000 20 0
-0.326000 1.510000 -1.225000 21 0
-0.343000 1.452000 -1.226000 24 0
-0.244000 1.621000 -1.216000 19 0
-0.267000 1.564000 -1.218000 20 0
-0.292000 1.515000 -1.224000 19 0
-0.312000 1.460000 -1.225000 23 0
-0.204000 1.620000 -1.215000 19 0
-0.231000 1.569000 -1.220000 22 0
-0.258000 1.518000 -1.221000 20 0
-0.282000 1.466000 -1.223000 19 0
-0.165000 1.616000 -1.213000 19 0
-0.194000 1.564000 -1.215000 20 0
-0.224000 1.518000 -1.217000 20 0
-0.250000 1.471000 -1.220000 20 0
-0.126000 1.615000 -1.213000 17 0
-0.158000 1.564000 -1.214000 21 0
-0.191000 1.525000 -1.220000 19 0
-0.219000 1.475000 -1.218000 20 0
-0.087000 1.607000 -1.209000 15 0
-0.122000 1.563000 -1.213000 19 0
-0.158000 1.529000 -1.220000 19 0
-0.188000 1.483000 -1.220000 22 0
-0.049000 1.605000 -1.211000 8 0
-0.086000 1.562000 -1.211000 17 0
-0.123000 1.526000 -1.215000 17 0
-0.157000 1.488000 -1.218000 21 0
0.000000 -0.000000 -0.000000 0 0
-0.051000 1.560000 -1.211000 10 0
-0.090000 1.528000 -1.215000 17 0
-0.125000 1.492000 -1.218000 18 0
0.001000 0.081000 -0.061000 1 16
0.000000 -0.000000 -0.000000 0 0
-0.056000 1.522000 -1.209000 10 0
-0.094000 1.492000 -1.214000 15 0
0.000000 -0.000000 -0.000000 0 0
0.001000 0.085000 -0.066000 0 16
0.000000 -0.000000 -0.000000 0 0
-0.062000 1.497000 -1.214000 14 0
0.000000 -0.000000 -0.000000 0 192
0.000000 -0.000000 -0.000000 0 0
0.000000 -0.000000 -0.000000 0 192
-0.030000 1.493000 -1.209000 2 0
0.000000 -0.000000 -0.000000 0 192
0.000000 -0.000000 -0.000000 0 192
0.000000 -0.000000 -0.000000 0 128
0.000000 -0.000000 -0.000000 0 0
0.000000 -0.000000 -0.000000 0 128
0.000000 -0.000000 -0.000000 0 192
0.000000 -0.000000 -0.000000 0 128
0.000000 -0.000000 -0.000000 0 128
0.194000 1.437000 -1.119000 9 0
0.000000 -0.000000 -0.000000 0 192
0.000000 -0.000000 -0.000000 0 128
0.000000 -0.000000 -0.000000 0 128
0.216000 1.357000 -1.064000 16 0
0.185000 1.460000 -1.156000 4 0
0.000000 -0.000000 -0.000000 0 192
0.000000 -0.000000 -0.000000 0 128
0.235000 1.283000 -1.014000 20 0
0.208000 1.385000 -1.102000 9 0
0.173000 1.475000 -1.179000 1 0
0.000000 -0.000000 -0.000000 0 128
0.256000 1.236000 -0.984000 29 0
0.227000 1.311000 -1.048000 20 0
0.198000 1.420000 -1.138000 8 0
0.000000 -0.000000 -0.000000 0 128
0.288000 1.244000 -0.999000 5 0
0.244000 1.241000 -0.998000 16 0
0.216000 1.333000 -1.072000 11 0
0.188000 1.450000 -1.170000 5 0
0.311000 1.213000 -0.983000 32 0
0.270000 1.228000 -0.993000 3 0
0.235000 1.272000 -1.026000 12 0
0.209000 1.382000 -1.116000 6 0
0.345000 1.225000 -1.002000 10 0
0.295000 1.209000 -0.985000 29 0
0.250000 1.204000 -0.976000 0 64
0.226000 1.303000 -1.054000 10 0
0.376000 1.225000 -1.013000 29 0
0.327000 1.219000 -1.001000 9 0
0.277000 1.202000 -0.979000 22 0
0.000000 -0.000000 -0.000000 0 0
0.412000 1.240000 -1.036000 9 0
0.357000 1.221000 -1.010000 26 0
0.309000 1.217000 -0.997000 9 0
0.000000 -0.000000 -0.000000 0 0
0.449000 1.253000 -1.059000 36 0
0.393000 1.239000 -1.034000 9 0
0.344000 1.238000 -1.019000 6 0
0.291000 1.207000 -0.984000 33 0
0.485000 1.259000 -1.077000 36 0
0.425000 1.243000 -1.047000 45 0
0.370000 1.228000 -1.017000 30 0
0.323000 1.224000 -1.002000 9 0
-0.283000 1.621000 -1.216000 18 0
-0.304000 1.564000 -1.221000 20 0
-0.326000 1.510000 -1.225000 21 0
-0.343000 1.452000 -1.226000 24 0
-0.244000 1.621000 -1.216000 19 0
-0.267000 1.564000 -1.218000 20 0
-0.292000 1.515000 -1.224000 19 0
-0.312000 1.460000 -1.225000 23 0
-0.204000 1.620000 -1.215000 19 0
-0.231000 1.569000 -1.220000 22 0
-0.258000 1.518000 -1.221000 20 0
-0.282000 1.466000 -1.223000 19 0
-0.165000 1.616000 -1.213000 19 0
-0.194000 1.564000 -1.215000 20 0
-0.224000 1.518000 -1.217000 20 0
-0.250000 1.471000 -1.220000 20 0
-0.126000 1.615000 -1.213000 17 0
-0.158000 1.564000 -1.214000 21 0
-0.191000 1.525000 -1.220000 19 0
-0.219000 1.475000 -1.218000 20 0
-0.087000 1.607000 -1.209000 15 0
-0.122000 1.563000 -1.213000 19 0
-0.158000 1.529000 -1.220000 19 0
-0.188000 1.483000 -1.220000 22 0
-0.049000 1.605000 -1.211000 8 0
-0.086000 1.562000 -1.211000 17 0
-0.123000 1.526000 -1.215000 17 0
-0.157000 1.488000 -1.218000 21 0
0.000000 -0.000000 -0.000000 0 0
-0.051000 1.560000 -1.211000 10 0
-0.090000 1.528000 -1.215000 17 0
-0.125000 1.492000 -1.218000 18 0
0.001000 0.081000 -0.061000 1 16
0.000000 -0.000000 -0.000000 0 0
-0.056000 1.522000 -1.209000 10 0
-0.094000 1.492000 -1.214000 15 0
0.000000 -0.000000 -0.000000 0 0
0.001000 0.085000 -0.066000 0 16
0.000000 -0.000000 -0.000000 0 0
-0.062000 1.497000 -1.214000 14 0
0.000000 -0.000000 -0.000000 0 192
0.000000 -0.000000 -0.000000 0 0
0.000000 -0.000000 -0.000000 0 192
-0.030000 1.493000 -1.209000 2 0
0.000000 -0.000000 -0.000000 0 192
0.000000 -0.000000 -0.000000 0 192
0.000000 -0.000000 -0.000000 0 128
0.000000 -0.000000 -0.000000 0 0
0.000000 -0.000000 -0.000000 0 128
0.000000 -0.000000 -0.000000 0 192
0.000000 -0.000000 -0.000000 0 128
0.000000 -0.000000 -0.000000 0 128
0.194000 1.437000 -1.119000 9 0
0.000000 -0.000000 -0.000000 0 192
0.000000 -0.000000 -0.000000 0 128
0.000000 -0.000000 -0.000000 0 128
0.216000 1.357000 -1.064000 16 0
0.185000 1.460000 -1.156000 4 0
0.000000 -0.000000 -0.000000 0 192
0.000000 -0.000000 -0.000000 0 128
0.235000 1.283000 -1.014000 20 0
0.208000 1.385000 -1.102000 9 0
0.173000 1.475000 -1.179000 1 0
0.000000 -0.000000 -0.000000 0 128
0.256000 1.236000 -0.984000 29 0
0.227000 1.311000 -1.048000 20 0
0.198000 1.420000 -1.138000 8 0
0.000000 -0.000000 -0.000000 0 128
0.288000 1.244000 -0.999000 5 0
0.244000 1.241000 -0.998000 16 0
0.216000 1.333000 -1.072000 11 0
0.188000 1.450000 -1.170000 5 0
0.311000 1.213000 -0.983000 32 0
0.270000 1.228000 -0.993000 3 0
0.235000 1.272000 -1.026000 12 0
0.209000 1.382000 -1.116000 6 0
0.345000 1.225000 -1.002000 10 0
0.295000 1.209000 -0.985000 29 0
0.250000 1.204000 -0.976000 0 64
0.226000 1.303000 -1.054000 10 0
0.376000 1.225000 -1.013000 29 0
0.327000 1.219000 -1.001000 9 0
0.277000 1.202000 -0.979000 22 0
0.000000 -0.000000 -0.000000 0 0
0.412000 1.240000 -1.036000 9 0
0.357000 1.221000 -1.010000 26 0
0.309000 1.217000 -0.997000 9 0
0.000000 -0.000000 -0.000000 0 0
0.449000 1.253000 -1.059000 36 0
0.393000 1.239000 -1.034000 9 0
0.344000 1.238000 -1.019000 6 0
0.291000 1.207000 -0.984000 33 0
0.485000 1.259000 -1.077000 36 0
0.425000 1.243000 -1.047000 45 0
0.370000 1.228000 -1.017000 30 0
0.323000 1.224000 -1.002000 9 0
0.524000 1.273000 -1.103000 31 0
0.462000 1.258000 -1.069000 36 0
0.406000 1.246000 -1.040000 9 0
0.351000 1.221000 -1.004000 29 0
0.563000 1.282000 -1.125000 31 0
0.498000 1.266000 -1.087000 30 0
0.437000 1.246000 -1.047000 44 0
0.386000 1.242000 -1.026000 9 0
0.605000 1.295000 -1.153000 30 0
0.539000 1.284000 -1.114000 28 0
0.472000 1.258000 -1.066000 36 0
0.417000 1.244000 -1.033000 38 0
0.644000 1.299000 -1.173000 33 0
0.576000 1.292000 -1.134000 28 0
0.511000 1.274000 -1.089000 33 0
0.451000 1.256000 -1.049000 34 0
0.681000 1.299000 -1.191000 17 0
0.613000 1.295000 -1.151000 32 0
0.549000 1.287000 -1.109000 33 0
0.486000 1.264000 -1.062000 36 0
0.707000 1.277000 -1.189000 13 0
0.652000 1.300000 -1.170000 30 0
0.585000 1.291000 -1.123000 32 0
0.522000 1.275000 -1.079000 33 0
0.733000 1.255000 -1.188000 13 0
0.691000 1.303000 -1.188000 17 0
0.623000 1.298000 -1.141000 35 0
0.560000 1.287000 -1.097000 28 0
0.759000 1.234000 -1.188000 13 0
0.718000 1.284000 -1.187000 13 0
0.665000 1.310000 -1.164000 33 0
0.598000 1.296000 -1.114000 31 0
0.784000 1.210000 -1.186000 12 0
0.745000 1.265000 -1.186000 13 0
0.701000 1.309000 -1.177000 25 0
0.637000 1.303000 -1.129000 33 0
0.806000 1.184000 -1.182000 12 0
0.772000 1.247000 -1.187000 13 0
0.737000 1.305000 -1.187000 14 0
0.677000 1.311000 -1.147000 33 0
0.830000 1.162000 -1.182000 13 0
0.798000 1.226000 -1.186000 13 0
0.765000 1.288000 -1.187000 14 0
0.720000 1.323000 -1.169000 31 0
0.853000 1.138000 -1.182000 14 0
0.823000 1.205000 -1.185000 13 0
0.791000 1.267000 -1.183000 14 0
0.758000 1.323000 -1.181000 21 0
0.877000 1.116000 -1.183000 13 0
0.849000 1.185000 -1.185000 13 0
0.818000 1.247000 -1.181000 14 0
0.791000 1.312000 -1.184000 14 0
0.904000 1.098000 -1.189000 10 0
0.873000 1.163000 -1.184000 13 0
0.846000 1.230000 -1.182000 13 0
0.820000 1.295000 -1.183000 14 0
0.926000 1.075000 -1.190000 4 0
0.896000 1.139000 -1.182000 13 0
0.871000 1.208000 -1.179000 13 0
0.849000 1.277000 -1.182000 14 0
0.000000 -0.000000 -0.000000 0 0
0.919000 1.116000 -1.180000 9 0
0.896000 1.186000 -1.177000 13 0
0.878000 1.259000 -1.180000 13 0
0.000000 -0.000000 -0.000000 0 192
0.943000 1.095000 -1.181000 3 0
0.923000 1.167000 -1.177000 12 0
0.906000 1.240000 -1.179000 14 0
0.000000 -0.000000 -0.000000 0 128
0.000000 -0.000000 -0.000000 0 0
0.952000 1.150000 -1.181000 8 0
0.933000 1.219000 -1.177000 13 0
0.000000 -0.000000 -0.000000 0 128
0.000000 -0.000000 -0.000000 0 192
0.968000 1.118000 -1.169000 2 0
0.962000 1.201000 -1.177000 13 0
0.000000 -0.000000 -0.000000 0 128
0.000000 -0.000000 -0.000000 0 128
0.000000 -0.000000 -0.000000 0 0
0.990000 1.181000 -1.178000 6 0
0.000000 -0.000000 -0.000000 0 128
0.000000 -0.000000 -0.000000 0 128
0.000000 -0.000000 -0.000000 0 192
0.000000 -0.000000 -0.000000 0 0
0.000000 -0.000000 -0.000000 0 128
0.000000 -0.000000 -0.000000 0 128
0.000000 -0.000000 -0.000000 0 128
0.000000 -0.000000 -0.000000 0 0
0.000000 -0.000000 -0.000000 0 192
0.000000 -0.000000 -0.000000 0 128
0.000000 -0.000000 -0.000000 0 128
0.000000 -0.000000 -0.000000 0 192
0.000000 -0.000000 -0.000000 0 128
0.000000 -0.000000 -0.000000 0 128
0.000000 -0.000000 -0.000000 0 128
0.000000 -0.000000 -0.000000 0 128
0.524000 1.273000 -1.103000 31 0
0.462000 1.258000 -1.069000 36 0
0.406000 1.246000 -1.040000 9 0
0.351000 1.221000 -1.004000 29 0
0.563000 1.282000 -1.125000 31 0
0.498000 1.266000 -1.087000 30 0
0.437000 1.246000 -1.047000 44 0
0.386000 1.242000 -1.026000 9 0
0.605000 1.295000 -1.153000 30 0
0.539000 1.284000 -1.114000 28 0
0.472000 1.258000 -1.066000 36 0
0.417000 1.244000 -1.033000 38 0
0.644000 1.299000 -1.173000 33 0
0.576000 1.292000 -1.134000 28 0
0.511000 1.274000 -1.089000 33 0
0.451000 1.256000 -1.049000 34 0
0.681000 1.299000 -1.191000 17 0
0.613000 1.295000 -1.151000 32 0
0.549000 1.287000 -1.109000 33 0
0.486000 1.264000 -1.062000 36 0
0.707000 1.277000 -1.189000 13 0
0.652000 1.300000 -1.170000 30 0
0.585000 1.291000 -1.123000 32 0
0.522000 1.275000 -1.079000 33 0
0.733000 1.255000 -1.188000 13 0
0.691000 1.303000 -1.188000 17 0
0.623000 1.298000 -1.141000 35 0
0.560000 1.287000 -1.097000 28 0
0.759000 1.234000 -1.188000 13 0
0.718000 1.284000 -1.187000 13 0
0.665000 1.310000 -1.164000 33 0
0.598000 1.296000 -1.114000 31 0
0.784000 1.210000 -1.186000 12 0
0.745000 1.265000 -1.186000 13 0
0.701000 1.309000 -1.177000 25 0
0.637000 1.303000 -1.129000 33 0
0.806000 1.184000 -1.182000 12 0
0.772000 1.247000 -1.187000 13 0
0.737000 1.305000 -1.187000 14 0
0.677000 1.311000 -1.147000 33 0
0.830000 1.162000 -1.182000 13 0
0.798000 1.226000 -1.186000 13 0
0.765000 1.288000 -1.187000 14 0
0.720000 1.323000 -1.169000 31 0
0.853000 1.138000 -1.182000 14 0
0.823000 1.205000 -1.185000 13 0
0.791000 1.267000 -1.183000 14 0
0.758000 1.323000 -1.181000 21 0
0.877000 1.116000 -1.183000 13 0
0.849000 1.185000 -1.185000 13 0
0.818000 1.247000 -1.181000 14 0
0.791000 1.312000 -1.184000 14 0
0.904000 1.098000 -1.189000 10 0
0.873000 1.163000 -1.184000 13 0
0.846000 1.230000 -1.182000 13 0
0.820000 1.295000 -1.183000 14 0
0.926000 1.075000 -1.190000 4 0
0.896000 1.139000 -1.182000 13 0
0.871000 1.208000 -1.179000 13 0
0.849000 1.277000 -1.182000 14 0
0.000000 -0.000000 -0.000000 0 0
0.919000 1.116000 -1.180000 9 0
0.896000 1.186000 -1.177000 13 0
0.878000 1.259000 -1.180000 13 0
0.000000 -0.000000 -0.000000 0 192
0.943000 1.095000 -1.181000 3 0
0.923000 1.167000 -1.177000 12 0
0.906000 1.240000 -1.179000 14 0
0.000000 -0.000000 -0.000000 0 128
0.000000 -0.000000 -0.000000 0 0
0.952000 1.150000 -1.181000 8 0
0.933000 1.219000 -1.177000 13 0
0.000000 -0.000000 -0.000000 0 128
0.000000 -0.000000 -0.000000 0 192
0.968000 1.118000 -1.169000 2 0
0.962000 1.201000 -1.177000 13 0
0.000000 -0.000000 -0.000000 0 128
0.000000 -0.000000 -0.000000 0 128
0.000000 -0.000000 -0.000000 0 0
0.990000 1.181000 -1.178000 6 0
0.000000 -0.000000 -0.000000 0 128
0.000000 -0.000000 -0.000000 0 128
0.000000 -0.000000 -0.000000 0 192
0.000000 -0.000000 -0.000000 0 0
0.000000 -0.000000 -0.000000 0 128
0.000000 -0.000000 -0.000000 0 128
0.000000 -0.000000 -0.000000 0 128
0.000000 -0.000000 -0.000000 0 0
0.000000 -0.000000 -0.000000 0 192
0.000000 -0.000000 -0.000000 0 128
0.000000 -0.000000 -0.000000 0 128
0.000000 -0.000000 -0.000000 0 192
0.000000 -0.000000 -0.000000 0 128
0.000000 -0.000000 -0.000000 0 128
0.000000 -0.000000 -0.000000 0 128
0.000000 -0.000000 -0.000000 0 128
0.000000 -0.000000 -0.000000 0 128
0.000000 -0.000000 -0.000000 0 128
0.000000 -0.000000 -0.000000 0 128
0.000000 -0.000000 -0.000000 0 128
0.000000 -0.000000 -0.000000 0 128
0.000000 -0.000000 -0.000000 0 128
0.000000 -0.000000 -0.000000 0 128
0.000000 -0.000000 -0.000000 0 128
0.000000 -0.000000 -0.000000 0 128
0.000000 -0.000000 -0.000000 0 128
0.000000 -0.000000 -0.000000 0 128
0.000000 -0.000000 -0.000000 0 128
0.000000 -0.000000 -0.000000 0 128
0.000000 -0.000000 -0.000000 0 128
0.000000 -0.000000 -0.000000 0 128
0.000000 -0.000000 -0.000000 0 128
0.000000 -0.000000 -0.000000 0 128
0.000000 -0.000000 -0.000000 0 128
0.000000 -0.000000 -0.000000 0 128
0.000000 -0.000000 -0.000000 0 128
0.000000 -0.000000 -0.000000 0 128
0.000000 -0.000000 -0.000000 0 128
0.000000 -0.000000 -0.000000 0 128
0.000000 -0.000000 -0.000000 0 128
0.000000 -0.000000 -0.000000 0 128
0.000000 -0.000000 -0.000000 0 128
0.000000 -0.000000 -0.000000 0 128
0.000000 -0.000000 -0.000000 0 128
0.000000 -0.000000 -0.000000 0 128
0.000000 -0.000000 -0.000000 0 128
0.000000 -0.000000 -0.000000 0 128
0.000000 -0.000000 -0.000000 0 128
0.000000 -0.000000 -0.000000 0 128
0.000000 -0.000000 -0.000000 0 128
0.000000 -0.000000 -0.000000 0 128
0.000000 -0.000000 -0.000000 0 128
0.000000 -0.000000 -0.000000 0 128
0.000000 -0.000000 -0.000000 0 128
0.000000 -0.000000 -0.000000 0 128
0.000000 -0.000000 -0.000000 0 128
0.000000 -0.000000 -0.000000 0 192
0.000000 -0.000000 -0.000000 0 192
0.000000 -0.000000 -0.000000 0 192
0.000000 -0.000000 -0.000000 0 128
0.000000 -0.000000 -0.000000 0 128
0.000000 -0.000000 -0.000000 0 128
0.000000 -0.000000 -0.000000 0 128
0.000000 -0.000000 -0.000000 0 128
0.000000 -0.000000 -0.000000 0 192
0.000000 -0.000000 -0.000000 0 128
0.000000 -0.000000 -0.000000 0 128
0.000000 -0.000000 -0.000000 0 128
0.000000 -0.000000 -0.000000 0 128
0.000000 -0.000000 -0.000000 0 128
0.000000 -0.000000 -0.000000 0 128
0.000000 -0.000000 -0.000000 0 128
0.000000 -0.000000 -0.000000 0 128
0.000000 -0.000000 -0.000000 0 128
0.000000 -0.000000 -0.000000 0 0
0.000000 -0.000000 -0.000000 0 128
0.000000 -0.000000 -0.000000 0 128
0.000000 -0.000000 -0.000000 0 128
0.000000 -0.000000 -0.000000 0 0
0.000000 -0.000000 -0.000000 0 128
0.000000 -0.000000 -0.000000 0 128
0.000000 -0.000000 -0.000000 0 0
0.000000 -0.000000 -0.000000 0 0
0.000000 -0.000000 -0.000000 0 128
0.000000 -0.000000 -0.000000 0 128
0.000000 -0.000000 -0.000000 0 0
0.000000 -0.000000 -0.000000 0 0
0.000000 -0.000000 -0.000000 0 128
0.000000 -0.000000 -0.000000 0 128
0.000000 -0.000000 -0.000000 0 128
0.000000 -0.000000 -0.000000 0 0
0.000000 -0.000000 -0.000000 0 128
0.000000 -0.000000 -0.000000 0 128
0.000000 -0.000000 -0.000000 0 128
0.000000 -0.000000 -0.000000 0 0
0.000000 -0.000000 -0.000000 0 128
0.000000 -0.000000 -0.000000 0 128
0.000000 -0.000000 -0.000000 0 0
0.000000 -0.000000 -0.000000 0 0
0.000000 -0.000000 -0.000000 0 0
0.000000 -0.000000 -0.000000 0 128
0.000000 -0.000000 -0.000000 0 0
0.000000 -0.000000 -0.000000 0 0
0.000000 -0.000000 -0.000000 0 128
0.000000 -0.000000 -0.000000 0 128
0.000000 -0.000000 -0.000000 0 0
0.000000 -0.000000 -0.000000 0 0
0.000000 -0.000000 -0.000000 0 128
0.000000 -0.000000 -0.000000 0 128
0.000000 -0.000000 -0.000000 0 0
0.000000 -0.000000 -0.000000 0 0
0.000000 -0.000000 -0.000000 0 128
0.000000 -0.000000 -0.000000 0 128
0.000000 -0.000000 -0.000000 0 128
0.000000 -0.000000 -0.000000 0 128
0.000000 -0.000000 -0.000000 0 128
0.000000 -0.000000 -0.000000 0 128
0.000000 -0.000000 -0.000000 0 128
0.000000 -0.000000 -0.000000 0 128
0.000000 -0.000000 -0.000000 0 128
0.000000 -0.000000 -0.000000 0 128
0.000000 -0.000000 -0.000000 0 128
0.000000 -0.000000 -0.000000 0 128
0.000000 -0.000000 -0.000000 0 128
0.000000 -0.000000 -0.000000 0 128
0.000000 -0.000000 -0.000000 0 128
0.000000 -0.000000 -0.000000 0 128
0.000000 -0.000000 -0.000000 0 128
0.000000 -0.000000 -0.000000 0 128
0.000000 -0.000000 -0.000000 0 128
0.000000 -0.000000 -0.000000 0 128
0.000000 -0.000000 -0.000000 0 128
0.000000 -0.000000 -0.000000 0 128
0.000000 -0.000000 -0.000000 0 128
0.000000 -0.000000 -0.000000 0 128
0.000000 -0.000000 -0.000000 0 128
0.000000 -0.000000 -0.000000 0 128
0.000000 -0.000000 -0.000000 0 128
0.000000 -0.000000 -0.000000 0 128
0.000000 -0.000000 -0.000000 0 128
0.000000 -0.000000 -0.000000 0 128
0.000000 -0.000000 -0.000000 0 128
0.000000 -0.000000 -0.000000 0 128
0.000000 -0.000000 -0.000000 0 128
0.000000 -0.000000 -0.000000 0 128
0.000000 -0.000000 -0.000000 0 128
0.000000 -0.000000 -0.000000 0 128
0.000000 -0.000000 -0.000000 0 128
0.000000 -0.000000 -0.000000 0 128
0.000000 -0.000000 -0.000000 0 128
0.000000 -0.000000 -0.000000 0 128
0.000000 -0.000000 -0.000000 0 128
0.000000 -0.000000 -0.000000 0 192
0.000000 -0.000000 -0.000000 0 192
0.000000 -0.000000 -0.000000 0 192
0.000000 -0.000000 -0.000000 0 128
0.000000 -0.000000 -0.000000 0 128
0.000000 -0.000000 -0.000000 0 128
0.000000 -0.000000 -0.000000 0 128
0.000000 -0.000000 -0.000000 0 128
0.000000 -0.000000 -0.000000 0 192
0.000000 -0.000000 -0.000000 0 128
0.000000 -0.000000 -0.000000 0 128
0.000000 -0.000000 -0.000000 0 128
0.000000 -0.000000 -0.000000 0 128
0.000000 -0.000000 -0.000000 0 128
0.000000 -0.000000 -0.000000 0 128
0.000000 -0.000000 -0.000000 0 128
0.000000 -0.000000 -0.000000 0 128
0.000000 -0.000000 -0.000000 0 128
0.000000 -0.000000 -0.000000 0 0
0.000000 -0.000000 -0.000000 0 128
0.000000 -0.000000 -0.000000 0 128
0.000000 -0.000000 -0.000000 0 128
0.000000 -0.000000 -0.000000 0 0
0.000000 -0.000000 -0.000000 0 128
0.000000 -0.000000 -0.000000 0 128
0.000000 -0.000000 -0.000000 0 0
0.000000 -0.000000 -0.000000 0 0
0.000000 -0.000000 -0.000000 0 128
0.000000 -0.000000 -0.000000 0 128
0.000000 -0.000000 -0.000000 0 0
0.000000 -0.000000 -0.000000 0 0
0.000000 -0.000000 -0.000000 0 128
0.000000 -0.000000 -0.000000 0 128
0.000000 -0.000000 -0.000000 0 128
0.000000 -0.000000 -0.000000 0 0
0.000000 -0.000000 -0.000000 0 128
0.000000 -0.000000 -0.000000 0 128
0.000000 -0.000000 -0.000000 0 128
0.000000 -0.000000 -0.000000 0 0
0.000000 -0.000000 -0.000000 0 128
0.000000 -0.000000 -0.000000 0 128
0.000000 -0.000000 -0.000000 0 0
0.000000 -0.000000 -0.000000 0 0
0.000000 -0.000000 -0.000000 0 0
0.000000 -0.000000 -0.000000 0 128
0.000000 -0.000000 -0.000000 0 0
0.000000 -0.000000 -0.000000 0 0
0.000000 -0.000000 -0.000000 0 128
0.000000 -0.000000 -0.000000 0 128
0.000000 -0.000000 -0.000000 0 0
0.000000 -0.000000 -0.000000 0 0
0.000000 -0.000000 -0.000000 0 128
0.000000 -0.000000 -0.000000 0 128
0.000000 -0.000000 -0.000000 0 0
0.000000 -0.000000 -0.000000 0 0
0.000000 -0.000000 -0.000000 0 128
0.000000 -0.000000 -0.000000 0 128
0.000000 -0.000000 -0.000000 0 0
0.000000 -0.000000 -0.000000 0 0
0.000000 -0.000000 -0.000000 0 0
0.000000 -0.000000 -0.000000 0 128
0.000000 -0.000000 -0.000000 0 0
0.000000 -0.000000 -0.000000 0 0
0.000000 -0.000000 -0.000000 0 0
0.000000 -0.000000 -0.000000 0 128
0.000000 -0.000000 -0.000000 0 0
0.000000 -0.000000 -0.000000 0 0
0.000000 -0.000000 -0.000000 0 0
0.000000 -0.000000 -0.000000 0 128
0.000000 -0.000000 -0.000000 0 0
0.000000 -0.000000 -0.000000 0 0
0.000000 -0.000000 -0.000000 0 0
0.000000 -0.000000 -0.000000 0 128
0.000000 -0.000000 -0.000000 0 0
0.000000 -0.000000 -0.000000 0 0
0.000000 -0.000000 -0.000000 0 0
0.000000 -0.000000 -0.000000 0 128
0.000000 -0.000000 -0.000000 0 0
0.000000 -0.000000 -0.000000 0 0
0.000000 -0.000000 -0.000000 0 128
0.000000 -0.000000 -0.000000 0 128
0.000000 -0.000000 -0.000000 0 128
0.000000 -0.000000 -0.000000 0 0
0.000000 -0.000000 -0.000000 0 0
0.000000 -0.000000 -0.000000 0 128
0.000000 -0.000000 -0.000000 0 128
0.000000 -0.000000 -0.000000 0 0
0.000000 -0.000000 -0.000000 0 0
0.000000 -0.000000 -0.000000 0 128
0.000000 -0.000000 -0.000000 0 128
0.000000 -0.000000 -0.000000 0 0
0.000000 -0.000000 -0.000000 0 0
0.000000 -0.000000 -0.000000 0 128
0.000000 -0.000000 -0.000000 0 128
0.000000 -0.000000 -0.000000 0 0
0.000000 -0.000000 -0.000000 0 0
0.000000 -0.000000 -0.000000 0 128
0.000000 -0.000000 -0.000000 0 128
0.000000 -0.000000 -0.000000 0 0
0.000000 -0.000000 -0.000000 0 0
0.000000 -0.000000 -0.000000 0 128
0.000000 -0.000000 -0.000000 0 128
0.000000 -0.000000 -0.000000 0 0
0.000000 -0.000000 -0.000000 0 0
0.000000 -0.000000 -0.000000 0 128
0.000000 -0.000000 -0.000000 0 0
0.000000 -0.000000 -0.000000 0 0
0.000000 -0.000000 -0.000000 0 0
0.000000 -0.000000 -0.000000 0 128
0.000000 -0.000000 -0.000000 0 0
0.000000 -0.000000 -0.000000 0 0
0.000000 -0.000000 -0.000000 0 0
0.000000 -0.000000 -0.000000 0 128
0.000000 -0.000000 -0.000000 0 0
0.000000 -0.000000 -0.000000 0 0
0.000000 -0.000000 -0.000000 0 0
0.000000 -0.000000 -0.000000 0 128
0.000000 -0.000000 -0.000000 0 0
0.000000 -0.000000 -0.000000 0 0
0.000000 -0.000000 -0.000000 0 0
0.000000 -0.000000 -0.000000 0 128
0.000000 -0.000000 -0.000000 0 0
0.000000 -0.000000 -0.000000 0 128
0.000000 -0.000000 -0.000000 0 128
0.000000 -0.000000 -0.000000 0 128
0.000000 -0.000000 -0.000000 0 0
0.000000 -0.000000 -0.000000 0 128
0.000000 -0.000000 -0.000000 0 128
0.000000 -0.000000 -0.000000 0 128
0.000000 -0.000000 -0.000000 0 0
0.000000 -0.000000 -0.000000 0 128
0.000000 -0.000000 -0.000000 0 128
0.000000 -0.000000 -0.000000 0 128
0.000000 -0.000000 -0.000000 0 0
0.000000 -0.000000 -0.000000 0 0
0.000000 -0.000000 -0.000000 0 128
0.000000 -0.000000 -0.000000 0 192
0.000000 -0.000000 -0.000000 0 0
0.000000 -0.000000 -0.000000 0 0
0.000000 -0.000000 -0.000000 0 128
0.000000 -0.000000 -0.000000 0 128
0.000000 -0.000000 -0.000000 0 128
0.000000 -0.000000 -0.000000 0 0
0.000000 -0.000000 -0.000000 0 128
0.000000 -0.000000 -0.000000 0 192
0.000000 -0.000000 -0.000000 0 128
0.000000 -0.000000 -0.000000 0 0
0.000000 -0.000000 -0.000000 0 0
0.000000 -0.000000 -0.000000 0 128
0.000000 -0.000000 -0.000000 0 128
0.000000 -0.000000 -0.000000 0 0
0.000000 -0.000000 -0.000000 0 0
0.000000 -0.000000 -0.000000 0 128
0.000000 -0.000000 -0.000000 0 0
0.000000 -0.000000 -0.000000 0 0
0.000000 -0.000000 -0.000000 0 0
0.000000 -0.000000 -0.000000 0 128
0.000000 -0.000000 -0.000000 0 0
0.000000 -0.000000 -0.000000 0 0
0.000000 -0.000000 -0.000000 0 0
0.000000 -0.000000 -0.000000 0 128
0.000000 -0.000000 -0.000000 0 0
0.000000 -0.000000 -0.000000 0 0
0.000000 -0.000000 -0.000000 0 0
0.000000 -0.000000 -0.000000 0 128
0.000000 -0.000000 -0.000000 0 0
0.000000 -0.000000 -0.000000 0 0
0.000000 -0.000000 -0.000000 0 0
0.000000 -0.000000 -0.000000 0 128
0.000000 -0.000000 -0.000000 0 0
0.000000 -0.000000 -0.000000 0 0
0.000000 -0.000000 -0.000000 0 0
0.000000 -0.000000 -0.000000 0 128
0.000000 -0.000000 -0.000000 0 0
0.000000 -0.000000 -0.000000 0 0
0.000000 -0.000000 -0.000000 0 128
0.000000 -0.000000 -0.000000 0 128
0.000000 -0.000000 -0.000000 0 128
0.000000 -0.000000 -0.000000 0 0
0.000000 -0.000000 -0.000000 0 0
0.000000 -0.000000 -0.000000 0 128
0.000000 -0.000000 -0.000000 0 128
0.000000 -0.000000 -0.000000 0 0
0.000000 -0.000000 -0.000000 0 0
0.000000 -0.000000 -0.000000 0 128
0.000000 -0.000000 -0.000000 0 128
0.000000 -0.000000 -0.000000 0 0
0.000000 -0.000000 -0.000000 0 0
0.000000 -0.000000 -0.000000 0 128
0.000000 -0.000000 -0.000000 0 128
0.000000 -0.000000 -0.000000 0 0
0.000000 -0.000000 -0.000000 0 0
0.000000 -0.000000 -0.000000 0 128
0.000000 -0.000000 -0.000000 0 128
0.000000 -0.000000 -0.000000 0 0
0.000000 -0.000000 -0.000000 0 0
0.000000 -0.000000 -0.000000 0 128
0.000000 -0.000000 -0.000000 0 128
0.000000 -0.000000 -0.000000 0 0
0.000000 -0.000000 -0.000000 0 0
0.000000 -0.000000 -0.000000 0 128
0.000000 -0.000000 -0.000000 0 0
0.000000 -0.000000 -0.000000 0 0
0.000000 -0.000000 -0.000000 0 0
0.000000 -0.000000 -0.000000 0 128
0.000000 -0.000000 -0.000000 0 0
0.000000 -0.000000 -0.000000 0 0
0.000000 -0.000000 -0.000000 0 0
0.000000 -0.000000 -0.000000 0 128
0.000000 -0.000000 -0.000000 0 0
0.000000 -0.000000 -0.000000 0 0
0.000000 -0.000000 -0.000000 0 0
0.000000 -0.000000 -0.000000 0 128
0.000000 -0.000000 -0.000000 0 0
0.000000 -0.000000 -0.000000 0 0
0.000000 -0.000000 -0.000000 0 0
0.000000 -0.000000 -0.000000 0 128
0.000000 -0.000000 -0.000000 0 0
0.000000 -0.000000 -0.000000 0 128
0.000000 -0.000000 -0.000000 0 128
0.000000 -0.000000 -0.000000 0 128
0.000000 -0.000000 -0.000000 0 0
0.000000 -0.000000 -0.000000 0 128
0.000000 -0.000000 -0.000000 0 128
0.000000 -0.000000 -0.000000 0 128
0.000000 -0.000000 -0.000000 0 0
0.000000 -0.000000 -0.000000 0 128
0.000000 -0.000000 -0.000000 0 128
0.000000 -0.000000 -0.000000 0 128
0.000000 -0.000000 -0.000000 0 0
0.000000 -0.000000 -0.000000 0 0
0.000000 -0.000000 -0.000000 0 128
0.000000 -0.000000 -0.000000 0 192
0.000000 -0.000000 -0.000000 0 0
0.000000 -0.000000 -0.000000 0 0
0.000000 -0.000000 -0.000000 0 128
0.000000 -0.000000 -0.000000 0 128
0.000000 -0.000000 -0.000000 0 128
0.000000 -0.000000 -0.000000 0 0
0.000000 -0.000000 -0.000000 0 128
0.000000 -0.000000 -0.000000 0 192
0.000000 -0.000000 -0.000000 0 128
0.000000 -0.000000 -0.000000 0 0
0.000000 -0.000000 -0.000000 0 0
0.000000 -0.000000 -0.000000 0 128
0.000000 -0.000000 -0.000000 0 128
0.000000 -0.000000 -0.000000 0 0
0.000000 -0.000000 -0.000000 0 0
0.000000 -0.000000 -0.000000 0 128
0.000000 -0.000000 -0.000000 0 128
0.000000 -0.000000 -0.000000 0 128
0.000000 -0.000000 -0.000000 0 0
0.000000 -0.000000 -0.000000 0 128
0.000000 -0.000000 -0.000000 0 192
0.000000 -0.000000 -0.000000 0 128
0.000000 -0.000000 -0.000000 0 128
0.000000 -0.000000 -0.000000 0 128
0.000000 -0.000000 -0.000000 0 128
0.000000 -0.000000 -0.000000 0 128
0.000000 -0.000000 -0.000000 0 128
0.000000 -0.000000 -0.000000 0 128
0.000000 -0.000000 -0.000000 0 128
0.000000 -0.000000 -0.000000 0 128
0.000000 -0.000000 -0.000000 0 0
0.000000 -0.000000 -0.000000 0 128
0.000000 -0.000000 -0.000000 0 128
0.000000 -0.000000 -0.000000 0 128
0.000000 -0.000000 -0.000000 0 128
0.000000 -0.000000 -0.000000 0 128
0.000000 -0.000000 -0.000000 0 128
0.000000 -0.000000 -0.000000 0 128
0.000000 -0.000000 -0.000000 0 192
0.000000 -0.000000 -0.000000 0 128
0.000000 -0.000000 -0.000000 0 128
0.000000 -0.000000 -0.000000 0 128
0.000000 -0.000000 -0.000000 0 128
0.000000 -0.000000 -0.000000 0 128
0.000000 -0.000000 -0.000000 0 128
0.000000 -0.000000 -0.000000 0 128
0.000000 -0.000000 -0.000000 0 128
0.000000 -0.000000 -0.000000 0 128
0.000000 -0.000000 -0.000000 0 128
0.000000 -0.000000 -0.000000 0 128
0.000000 -0.000000 -0.000000 0 128
0.000000 -0.000000 -0.000000 0 128
0.000000 -0.000000 -0.000000 0 128
0.000000 -0.000000 -0.000000 0 128
0.000000 -0.000000 -0.000000 0 128
0.000000 -0.000000 -0.000000 0 128
0.000000 -0.000000 -0.000000 0 128
0.000000 -0.000000 -0.000000 0 128
0.000000 -0.000000 -0.000000 0 128
0.000000 -0.000000 -0.000000 0 128
0.000000 -0.000000 -0.000000 0 128
0.000000 -0.000000 -0.000000 0 128
0.000000 -0.000000 -0.000000 0 128
0.000000 -0.000000 -0.000000 0 128
0.000000 -0.000000 -0.000000 0 128
0.000000 -0.000000 -0.000000 0 128
0.000000 -0.000000 -0.000000 0 128
0.000000 -0.000000 -0.000000 0 128
0.000000 -0.000000 -0.000000 0 128
0.000000 -0.000000 -0.000000 0 128
0.000000 -0.000000 -0.000000 0 128
0.000000 -0.000000 -0.000000 0 128
0.000000 -0.000000 -0.000000 0 128
0.000000 -0.000000 -0.000000 0 128
0.000000 -0.000000 -0.000000 0 128
0.000000 -0.000000 -0.000000 0 128
0.000000 -0.000000 -0.000000 0 128
0.000000 -0.000000 -0.000000 0 128
0.000000 -0.000000 -0.000000 0 128
0.000000 -0.000000 -0.000000 0 128
0.000000 -0.000000 -0.000000 0 128
0.000000 -0.000000 -0.000000 0 0
0.000000 -0.000000 -0.000000 0 128
0.000000 -0.000000 -0.000000 0 128
0.000000 -0.000000 -0.000000 0 128
0.000000 -0.000000 -0.000000 0 0
0.000000 -0.000000 -0.000000 0 128
0.000000 -0.000000 -0.000000 0 192
0.000000 -0.000000 -0.000000 0 128
0.000000 -0.000000 -0.000000 0 192
0.000000 -0.000000 -0.000000 0 128
0.000000 -0.000000 -0.000000 0 192
0.000000 -0.000000 -0.000000 0 192
0.000000 -0.000000 -0.000000 0 128
0.000000 -0.000000 -0.000000 0 192
0.000000 -0.000000 -0.000000 0 192
0.000000 -0.000000 -0.000000 0 192
0.000000 -0.000000 -0.000000 0 192
0.946000 -1.019000 -1.061000 1 0
0.000000 -0.000000 -0.000000 0 192
0.000000 -0.000000 -0.000000 0 128
0.935000 -1.037000 -1.137000 4 0
0.961000 -1.086000 -1.108000 5 0
0.000000 -0.000000 -0.000000 0 192
0.922000 -1.047000 -1.212000 8 0
0.869000 -1.008000 -1.085000 24 0
0.774000 -0.917000 -0.919000 5 0
0.853000 -0.995000 -1.217000 12 0
0.896000 -1.063000 -1.207000 18 0
0.919000 -1.118000 -1.181000 23 0
0.969000 -1.206000 -1.187000 0 0
0.000000 -0.000000 -0.000000 0 128
0.000000 -0.000000 -0.000000 0 128
0.000000 -0.000000 -0.000000 0 128
0.000000 -0.000000 -0.000000 0 0
0.000000 -0.000000 -0.000000 0 128
0.000000 -0.000000 -0.000000 0 192
0.000000 -0.000000 -0.000000 0 128
0.000000 -0.000000 -0.000000 0 128
0.000000 -0.000000 -0.000000 0 128
0.000000 -0.000000 -0.000000 0 128
0.000000 -0.000000 -0.000000 0 128
0.000000 -0.000000 -0.000000 0 128
0.000000 -0.000000 -0.000000 0 128
0.000000 -0.000000 -0.000000 0 128
0.000000 -0.000000 -0.000000 0 128
0.000000 -0.000000 -0.000000 0 0
0.000000 -0.000000 -0.000000 0 128
0.000000 -0.000000 -0.000000 0 128
0.000000 -0.000000 -0.000000 0 128
0.000000 -0.000000 -0.000000 0 128
0.000000 -0.000000 -0.000000 0 128
0.000000 -0.000000 -0.000000 0 128
0.000000 -0.000000 -0.000000 0 128
0.000000 -0.000000 -0.000000 0 192
0.000000 -0.000000 -0.000000 0 128
0.000000 -0.000000 -0.000000 0 128
0.000000 -0.000000 -0.000000 0 128
0.000000 -0.000000 -0.000000 0 128
0.000000 -0.000000 -0.000000 0 128
0.000000 -0.000000 -0.000000 0 128
0.000000 -0.000000 -0.000000 0 128
0.000000 -0.000000 -0.000000 0 128
0.000000 -0.000000 -0.000000 0 128
0.000000 -0.000000 -0.000000 0 128
0.000000 -0.000000 -0.000000 0 128
0.000000 -0.000000 -0.000000 0 128
0.000000 -0.000000 -0.000000 0 128
0.000000 -0.000000 -0.000000 0 128
0.000000 -0.000000 -0.000000 0 128
0.000000 -0.000000 -0.000000 0 128
0.000000 -0.000000 -0.000000 0 128
0.000000 -0.000000 -0.000000 0 128
0.000000 -0.000000 -0.000000 0 128
0.000000 -0.000000 -0.000000 0 128
0.000000 -0.000000 -0.000000 0 128
0.000000 -0.000000 -0.000000 0 128
0.000000 -0.000000 -0.000000 0 128
0.000000 -0.000000 -0.000000 0 128
0.000000 -0.000000 -0.000000 0 128
0.000000 -0.000000 -0.000000 0 128
0.000000 -0.000000 -0.000000 0 128
0.000000 -0.000000 -0.000000 0 128
0.000000 -0.000000 -0.000000 0 128
0.000000 -0.000000 -0.000000 0 128
0.000000 -0.000000 -0.000000 0 128
0.000000 -0.000000 -0.000000 0 128
0.000000 -0.000000 -0.000000 0 128
0.000000 -0.000000 -0.000000 0 128
0.000000 -0.000000 -0.000000 0 128
0.000000 -0.000000 -0.000000 0 128
0.000000 -0.000000 -0.000000 0 128
0.000000 -0.000000 -0.000000 0 128
0.000000 -0.000000 -0.000000 0 128
0.000000 -0.000000 -0.000000 0 128
0.000000 -0.000000 -0.000000 0 128
0.000000 -0.000000 -0.000000 0 128
0.000000 -0.000000 -0.000000 0 0
0.000000 -0.000000 -0.000000 0 128
0.000000 -0.000000 -0.000000 0 128
0.000000 -0.000000 -0.000000 0 128
0.000000 -0.000000 -0.000000 0 0
0.000000 -0.000000 -0.000000 0 128
0.000000 -0.000000 -0.000000 0 192
0.000000 -0.000000 -0.000000 0 128
0.000000 -0.000000 -0.000000 0 192
0.000000 -0.000000 -0.000000 0 128
0.000000 -0.000000 -0.000000 0 192
0.000000 -0.000000 -0.000000 0 192
0.000000 -0.000000 -0.000000 0 128
0.000000 -0.000000 -0.000000 0 192
0.000000 -0.000000 -0.000000 0 192
0.000000 -0.000000 -0.000000 0 192
0.000000 -0.000000 -0.000000 0 192
0.946000 -1.019000 -1.061000 1 0
0.000000 -0.000000 -0.000000 0 192
0.000000 -0.000000 -0.000000 0 128
0.935000 -1.037000 -1.137000 4 0
0.961000 -1.086000 -1.108000 5 0
0.000000 -0.000000 -0.000000 0 192
0.922000 -1.047000 -1.212000 8 0
0.869000 -1.008000 -1.085000 24 0
0.774000 -0.917000 -0.919000 5 0
0.853000 -0.995000 -1.217000 12 0
0.896000 -1.063000 -1.207000 18 0
0.919000 -1.118000 -1.181000 23 0
0.969000 -1.206000 -1.187000 0 0
0.837000 -1.017000 -1.221000 15 0
0.801000 -0.994000 -1.108000 26 2
0.917000 -1.168000 -1.213000 14 0
0.951000 -1.243000 -1.204000 15 0
0.804000 -1.019000 -1.202000 11 0
0.782000 -1.015000 -1.113000 27 0
0.888000 -1.186000 -1.212000 13 0
0.898000 -1.234000 -1.177000 3 0
0.739000 -0.978000 -1.135000 23 0
0.829000 -1.126000 -1.216000 16 2
0.864000 -1.211000 -1.219000 13 0
0.866000 -1.252000 -1.177000 5 0
0.755000 -1.043000 -1.190000 21 0
0.805000 -1.144000 -1.216000 14 0
0.833000 -1.226000 -1.217000 13 0
0.862000 -1.311000 -1.216000 14 0
0.755000 -1.090000 -1.224000 17 0
0.780000 -1.163000 -1.217000 15 0
0.807000 -1.247000 -1.220000 13 0
0.829000 -1.328000 -1.216000 17 0
0.732000 -1.106000 -1.223000 16 0
0.756000 -1.181000 -1.219000 13 0
0.778000 -1.266000 -1.223000 13 0
0.797000 -1.348000 -1.220000 14 0
0.711000 -1.122000 -1.224000 17 0
0.729000 -1.195000 -1.217000 15 0
0.749000 -1.282000 -1.223000 13 0
0.763000 -1.363000 -1.220000 14 0
0.690000 -1.142000 -1.228000 16 0
0.705000 -1.216000 -1.222000 14 0
0.716000 -1.294000 -1.220000 14 0
0.730000 -1.379000 -1.222000 14 0
0.667000 -1.157000 -1.227000 20 0
0.679000 -1.231000 -1.222000 15 0
0.689000 -1.314000 -1.226000 14 0
0.696000 -1.395000 -1.224000 17 0
0.641000 -1.168000 -1.223000 18 0
0.653000 -1.249000 -1.226000 16 0
0.657000 -1.326000 -1.225000 15 0
0.662000 -1.410000 -1.226000 17 0
0.622000 -1.191000 -1.231000 16 0
0.625000 -1.262000 -1.225000 14 0
0.627000 -1.341000 -1.226000 16 0
0.627000 -1.423000 -1.228000 18 0
0.597000 -1.203000 -1.229000 14 0
0.598000 -1.276000 -1.226000 16 0
0.597000 -1.358000 -1.231000 16 0
0.592000 -1.434000 -1.229000 18 0
0.573000 -1.219000 -1.231000 17 0
0.571000 -1.291000 -1.227000 16 0
0.565000 -1.368000 -1.230000 17 0
0.558000 -1.447000 -1.232000 16 0
0.549000 -1.235000 -1.234000 15 0
0.543000 -1.304000 -1.229000 17 0
0.534000 -1.382000 -1.233000 15 0
0.522000 -1.457000 -1.233000 18 0
0.525000 -1.249000 -1.235000 15 0
0.515000 -1.318000 -1.231000 14 0
0.501000 -1.390000 -1.232000 15 0
0.486000 -1.465000 -1.233000 17 0
0.500000 -1.264000 -1.236000 15 0
0.488000 -1.333000 -1.235000 15 0
0.469000 -1.401000 -1.234000 15 0
0.449000 -1.469000 -1.231000 9 0
0.475000 -1.278000 -1.239000 15 0
0.458000 -1.343000 -1.234000 8 0
0.438000 -1.416000 -1.240000 3 0
0.421000 -1.503000 -1.255000 3 0
0.000000 -0.000000 -0.000000 0 0
0.000000 -0.000000 -0.000000 0 0
0.000000 -0.000000 -0.000000 0 0
0.000000 -0.000000 -0.000000 0 0
0.037000 -0.114000 -0.109000 1 0
0.045000 -0.154000 -0.140000 1 16
0.035000 -0.136000 -0.118000 1 16
0.027000 -0.119000 -0.099000 0 0
0.000000 -0.000000 -0.000000 0 0
0.000000 -0.000000 -0.000000 0 0
0.000000 -0.000000 -0.000000 0 0
0.000000 -0.000000 -0.000000 0 0
0.033000 -0.118000 -0.111000 1 0
0.032000 -0.131000 -0.117000 0 0
0.029000 -0.139000 -0.120000 1 16
0.016000 -0.093000 -0.077000 0 0
0.000000 -0.000000 -0.000000 0 0
0.000000 -0.000000 -0.000000 0 0
0.000000 -0.000000 -0.000000 0 0
0.000000 -0.000000 -0.000000 0 0
0.028000 -0.121000 -0.112000 1 16
0.026000 -0.133000 -0.118000 0 0
0.021000 -0.127000 -0.109000 0 16
0.000000 -0.000000 -0.000000 0 128
0.000000 -0.000000 -0.000000 0 0
0.000000 -0.000000 -0.000000 0 0
0.000000 -0.000000 -0.000000 0 0
0.000000 -0.000000 -0.000000 0 128
0.837000 -1.017000 -1.221000 15 0
0.801000 -0.994000 -1.108000 26 2
0.917000 -1.168000 -1.213000 14 0
0.951000 -1.243000 -1.204000 15 0
0.804000 -1.019000 -1.202000 11 0
0.782000 -1.015000 -1.113000 27 0
0.888000 -1.186000 -1.212000 13 0
0.898000 -1.234000 -1.177000 3 0
0.739000 -0.978000 -1.135000 23 0
0.829000 -1.126000 -1.216000 16 2
0.864000 -1.211000 -1.219000 13 0
0.866000 -1.252000 -1.177000 5 0
0.755000 -1.043000 -1.190000 21 0
0.805000 -1.144000 -1.216000 14 0
0.833000 -1.226000 -1.217000 13 0
0.862000 -1.311000 -1.216000 14 0
0.755000 -1.090000 -1.224000 17 0
0.780000 -1.163000 -1.217000 15 0
0.807000 -1.247000 -1.220000 13 0
0.829000 -1.328000 -1.216000 17 0
0.732000 -1.106000 -1.223000 16 0
0.756000 -1.181000 -1.219000 13 0
0.778000 -1.266000 -1.223000 13 0
0.797000 -1.348000 -1.220000 14 0
0.711000 -1.122000 -1.224000 17 0
0.729000 -1.195000 -1.217000 15 0
0.749000 -1.282000 -1.223000 13 0
0.763000 -1.363000 -1.220000 14 0
0.690000 -1.142000 -1.228000 16 0
0.705000 -1.216000 -1.222000 14 0
0.716000 -1.294000 -1.220000 14 0
0.730000 -1.379000 -1.222000 14 0
0.667000 -1.157000 -1.227000 20 0
0.679000 -1.231000 -1.222000 15 0
0.689000 -1.314000 -1.226000 14 0
0.696000 -1.395000 -1.224000 17 0
0.641000 -1.168000 -1.223000 18 0
0.653000 -1.249000 -1.226000 16 0
0.657000 -1.326000 -1.225000 15 0
0.662000 -1.410000 -1.226000 17 0
0.622000 -1.191000 -1.231000 16 0
0.625000 -1.262000 -1.225000 14 0
0.627000 -1.341000 -1.226000 16 0
0.627000 -1.423000 -1.228000 18 0
0.597000 -1.203000 -1.229000 14 0
0.598000 -1.276000 -1.226000 16 0
0.597000 -1.358000 -1.231000 16 0
0.592000 -1.434000 -1.229000 18 0
0.573000 -1.219000 -1.231000 17 0
0.571000 -1.291000 -1.227000 16 0
0.565000 -1.368000 -1.230000 17 0
0.558000 -1.447000 -1.232000 16 0
0.549000 -1.235000 -1.234000 15 0
0.543000 -1.304000 -1.229000 17 0
0.534000 -1.382000 -1.233000 15 0
0.522000 -1.457000 -1.233000 18 0
0.525000 -1.249000 -1.235000 15 0
0.515000 -1.318000 -1.231000 14 0
0.501000 -1.390000 -1.232000 15 0
0.486000 -1.465000 -1.233000 17 0
0.500000 -1.264000 -1.236000 15 0
0.488000 -1.333000 -1.235000 15 0
0.469000 -1.401000 -1.234000 15 0
0.449000 -1.469000 -1.231000 9 0
0.475000 -1.278000 -1.239000 15 0
0.458000 -1.343000 -1.234000 8 0
0.438000 -1.416000 -1.240000 3 0
0.421000 -1.503000 -1.255000 3 0
0.000000 -0.000000 -0.000000 0 0
0.000000 -0.000000 -0.000000 0 0
0.000000 -0.000000 -0.000000 0 0
0.000000 -0.000000 -0.000000 0 0
0.037000 -0.114000 -0.109000 1 0
0.045000 -0.154000 -0.140000 1 16
0.035000 -0.136000 -0.118000 1 16
0.027000 -0.119000 -0.099000 0 0
0.000000 -0.000000 -0.000000 0 0
0.000000 -0.000000 -0.000000 0 0
0.000000 -0.000000 -0.000000 0 0
0.000000 -0.000000 -0.000000 0 0
0.033000 -0.118000 -0.111000 1 0
0.032000 -0.131000 -0.117000 0 0
0.029000 -0.139000 -0.120000 1 16
0.016000 -0.093000 -0.077000 0 0
0.000000 -0.000000 -0.000000 0 0
0.000000 -0.000000 -0.000000 0 0
0.000000 -0.000000 -0.000000 0 0
0.000000 -0.000000 -0.000000 0 0
0.028000 -0.121000 -0.112000 1 16
0.026000 -0.133000 -0.118000 0 0
0.021000 -0.127000 -0.109000 0 16
0.000000 -0.000000 -0.000000 0 128
0.000000 -0.000000 -0.000000 0 0
0.000000 -0.000000 -0.000000 0 0
0.000000 -0.000000 -0.000000 0 0
0.000000 -0.000000 -0.000000 0 128
0.022000 -0.116000 -0.106000 1 0
0.000000 -0.000000 -0.000000 0 192
0.000000 -0.000000 -0.000000 0 192
0.000000 -0.000000 -0.000000 0 128
0.000000 -0.000000 -0.000000 0 0
0.000000 -0.000000 -0.000000 0 192
0.000000 -0.000000 -0.000000 0 128
0.000000 -0.000000 -0.000000 0 128
0.000000 -0.000000 -0.000000 0 128
0.000000 -0.000000 -0.000000 0 128
0.007000 -0.099000 -0.084000 0 0
0.000000 -0.000000 -0.000000 0 128
0.000000 -0.000000 -0.000000 0 128
0.000000 -0.000000 -0.000000 0 128
0.000000 -0.000000 -0.000000 0 0
0.000000 -0.000000 -0.000000 0 0
0.000000 -0.000000 -0.000000 0 192
0.006000 -0.106000 -0.092000 0 0
0.000000 -0.000000 -0.000000 0 128
-0.010000 -0.976000 -0.817000 9 0
0.000000 -0.000000 -0.000000 0 128
0.000000 -0.000000 -0.000000 0 0
0.000000 -0.000000 -0.000000 0 0
-0.032000 -0.972000 -0.817000 10 0
0.000000 -0.000000 -0.000000 0 128
0.000000 -0.000000 -0.000000 0 0
-0.017000 -0.961000 -0.824000 4 64
-0.055000 -0.964000 -0.814000 9 0
0.000000 -0.000000 -0.000000 0 128
0.000000 -0.000000 -0.000000 0 0
-0.039000 -0.953000 -0.819000 5 64
-0.077000 -0.961000 -0.816000 9 0
0.001000 -0.086000 -0.076000 0 0
-0.003000 -0.147000 -0.128000 0 16
-0.060000 -0.949000 -0.818000 10 0
-0.099000 -0.953000 -0.814000 9 0
0.000000 -0.000000 -0.000000 0 0
0.000000 -0.000000 -0.000000 0 0
-0.081000 -0.937000 -0.810000 11 0
-0.121000 -0.949000 -0.816000 9 0
-0.003000 -0.141000 -0.124000 1 0
0.000000 -0.000000 -0.000000 0 0
-0.102000 -0.935000 -0.812000 7 0
-0.143000 -0.941000 -0.814000 9 0
0.000000 -0.000000 -0.000000 0 0
-0.081000 -0.915000 -0.800000 1 64
-0.123000 -0.933000 -0.814000 7 0
-0.165000 -0.936000 -0.816000 9 0
-0.009000 -0.137000 -0.121000 0 0
-0.104000 -0.932000 -0.816000 10 0
-0.144000 -0.928000 -0.814000 7 0
-0.184000 -0.917000 -0.807000 1 0
0.000000 -0.000000 -0.000000 0 0
-0.124000 -0.926000 -0.813000 9 0
-0.165000 -0.925000 -0.816000 7 0
-0.205000 -0.914000 -0.811000 2 0
-0.103000 -0.921000 -0.811000 10 0
-0.144000 -0.922000 -0.812000 7 0
-0.184000 -0.912000 -0.810000 2 0
-0.228000 -0.916000 -0.820000 10 0
-0.124000 -0.922000 -0.812000 9 0
-0.165000 -0.921000 -0.815000 7 0
-0.205000 -0.907000 -0.810000 2 0
-0.251000 -0.916000 -0.828000 11 0
-0.144000 -0.922000 -0.814000 9 0
-0.183000 -0.904000 -0.803000 2 0
-0.228000 -0.913000 -0.823000 10 0
-0.275000 -0.919000 -0.840000 11 0
-0.165000 -0.925000 -0.817000 10 0
-0.205000 -0.911000 -0.813000 2 0
-0.251000 -0.915000 -0.830000 10 0
-0.298000 -0.917000 -0.847000 10 0
-0.182000 -0.904000 -0.801000 1 0
-0.229000 -0.920000 -0.826000 10 0
-0.273000 -0.914000 -0.837000 10 0
-0.327000 -0.933000 -0.872000 6 0
-0.204000 -0.913000 -0.811000 4 0
-0.251000 -0.922000 -0.832000 10 0
-0.297000 -0.918000 -0.848000 9 0
-0.346000 -0.917000 -0.868000 1 64
-0.227000 -0.920000 -0.820000 10 0
-0.274000 -0.924000 -0.840000 10 0
-0.322000 -0.924000 -0.861000 6 0
0.000000 -0.000000 -0.000000 0 0
-0.249000 -0.923000 -0.826000 10 0
-0.296000 -0.923000 -0.844000 9 0
-0.345000 -0.922000 -0.868000 1 0
0.000000 -0.000000 -0.000000 0 0
-0.273000 -0.929000 -0.835000 11 0
-0.318000 -0.922000 -0.850000 7 0
0.000000 -0.000000 -0.000000 0 0
0.000000 -0.000000 -0.000000 0 192
-0.294000 -0.925000 -0.836000 15 0
-0.344000 -0.930000 -0.864000 4 0
0.000000 -0.000000 -0.000000 0 0
0.000000 -0.000000 -0.000000 0 192
0.022000 -0.116000 -0.106000 1 0
0.000000 -0.000000 -0.000000 0 192
0.000000 -0.000000 -0.000000 0 192
0.000000 -0.000000 -0.000000 0 128
0.000000 -0.000000 -0.000000 0 0
0.000000 -0.000000 -0.000000 0 192
0.000000 -0.000000 -0.000000 0 128
0.000000 -0.000000 -0.000000 0 128
0.000000 -0.000000 -0.000000 0 128
0.000000 -0.000000 -0.000000 0 128
0.007000 -0.099000 -0.084000 0 0
0.000000 -0.000000 -0.000000 0 128
0.000000 -0.000000 -0.000000 0 128
0.000000 -0.000000 -0.000000 0 128
0.000000 -0.000000 -0.000000 0 0
0.000000 -0.000000 -0.000000 0 0
0.000000 -0.000000 -0.000000 0 192
0.006000 -0.106000 -0.092000 0 0
0.000000 -0.000000 -0.000000 0 128
-0.010000 -0.976000 -0.817000 9 0
0.000000 -0.000000 -0.000000 0 128
0.000000 -0.000000 -0.000000 0 0
0.000000 -0.000000 -0.000000 0 0
-0.032000 -0.972000 -0.817000 10 0
0.000000 -0.000000 -0.000000 0 128
0.000000 -0.000000 -0.000000 0 0
-0.017000 -0.961000 -0.824000 4 64
-0.055000 -0.964000 -0.814000 9 0
0.000000 -0.000000 -0.000000 0 128
0.000000 -0.000000 -0.000000 0 0
-0.039000 -0.953000 -0.819000 5 64
-0.077000 -0.961000 -0.816000 9 0
0.001000 -0.086000 -0.076000 0 0
-0.003000 -0.147000 -0.128000 0 16
-0.060000 -0.949000 -0.818000 10 0
-0.099000 -0.953000 -0.814000 9 0
0.000000 -0.000000 -0.000000 0 0
0.000000 -0.000000 -0.000000 0 0
-0.081000 -0.937000 -0.810000 11 0
-0.121000 -0.949000 -0.816000 9 0
-0.003000 -0.141000 -0.124000 1 0
0.000000 -0.000000 -0.000000 0 0
-0.102000 -0.935000 -0.812000 7 0
-0.143000 -0.941000 -0.814000 9 0
0.000000 -0.000000 -0.000000 0 0
-0.081000 -0.915000 -0.800000 1 64
-0.123000 -0.933000 -0.814000 7 0
-0.165000 -0.936000 -0.816000 9 0
-0.009000 -0.137000 -0.121000 0 0
-0.104000 -0.932000 -0.816000 10 0
-0.144000 -0.928000 -0.814000 7 0
-0.184000 -0.917000 -0.807000 1 0
0.000000 -0.000000 -0.000000 0 0
-0.124000 -0.926000 -0.813000 9 0
-0.165000 -0.925000 -0.816000 7 0
-0.205000 -0.914000 -0.811000 2 0
-0.103000 -0.921000 -0.811000 10 0
-0.144000 -0.922000 -0.812000 7 0
-0.184000 -0.912000 -0.810000 2 0
-0.228000 -0.916000 -0.820000 10 0
-0.124000 -0.922000 -0.812000 9 0
-0.165000 -0.921000 -0.815000 7 0
-0.205000 -0.907000 -0.810000 2 0
-0.251000 -0.916000 -0.828000 11 0
-0.144000 -0.922000 -0.814000 9 0
-0.183000 -0.904000 -0.803000 2 0
-0.228000 -0.913000 -0.823000 10 0
-0.275000 -0.919000 -0.840000 11 0
-0.165000 -0.925000 -0.817000 10 0
-0.205000 -0.911000 -0.813000 2 0
-0.251000 -0.915000 -0.830000 10 0
-0.298000 -0.917000 -0.847000 10 0
-0.182000 -0.904000 -0.801000 1 0
-0.229000 -0.920000 -0.826000 10 0
-0.273000 -0.914000 -0.837000 10 0
-0.327000 -0.933000 -0.872000 6 0
-0.204000 -0.913000 -0.811000 4 0
-0.251000 -0.922000 -0.832000 10 0
-0.297000 -0.918000 -0.848000 9 0
-0.346000 -0.917000 -0.868000 1 64
-0.227000 -0.920000 -0.820000 10 0
-0.274000 -0.924000 -0.840000 10 0
-0.322000 -0.924000 -0.861000 6 0
0.000000 -0.000000 -0.000000 0 0
-0.249000 -0.923000 -0.826000 10 0
-0.296000 -0.923000 -0.844000 9 0
-0.345000 -0.922000 -0.868000 1 0
0.000000 -0.000000 -0.000000 0 0
-0.273000 -0.929000 -0.835000 11 0
-0.318000 -0.922000 -0.850000 7 0
0.000000 -0.000000 -0.000000 0 0
0.000000 -0.000000 -0.000000 0 192
-0.294000 -0.925000 -0.836000 15 0
-0.344000 -0.930000 -0.864000 4 0
0.000000 -0.000000 -0.000000 0 0
0.000000 -0.000000 -0.000000 0 192
-0.318000 -0.929000 -0.844000 11 0
-0.369000 -0.931000 -0.873000 0 0
0.000000 -0.000000 -0.000000 0 192
0.000000 -0.000000 -0.000000 0 128
-0.342000 -0.930000 -0.851000 9 0
0.000000 -0.000000 -0.000000 0 0
0.000000 -0.000000 -0.000000 0 192
0.000000 -0.000000 -0.000000 0 128
-0.365000 -0.930000 -0.856000 3 0
0.000000 -0.000000 -0.000000 0 0
0.000000 -0.000000 -0.000000 0 192
-0.657000 -1.142000 -1.199000 26 0
-0.389000 -0.930000 -0.863000 0 64
0.000000 -0.000000 -0.000000 0 192
0.000000 -0.000000 -0.000000 0 128
-0.668000 -1.102000 -1.177000 39 0
-0.438000 -0.985000 -0.921000 1 0
0.000000 -0.000000 -0.000000 0 192
-0.650000 -1.145000 -1.178000 8 0
-0.680000 -1.065000 -1.158000 57 0
0.000000 -0.000000 -0.000000 0 0
0.000000 -0.000000 -0.000000 0 128
-0.665000 -1.113000 -1.162000 28 0
-0.689000 -1.026000 -1.137000 53 0
0.000000 -0.000000 -0.000000 0 0
0.000000 -0.000000 -0.000000 0 128
-0.673000 -1.069000 -1.135000 44 0
-0.698000 -0.989000 -1.118000 55 0
0.000000 -0.000000 -0.000000 0 192
-0.665000 -1.126000 -1.142000 8 0
-0.686000 -1.038000 -1.119000 57 0
-0.710000 -0.959000 -1.106000 13 64
0.000000 -0.000000 -0.000000 0 192
-0.673000 -1.083000 -1.114000 24 0
-0.697000 -1.005000 -1.103000 12 0
-0.713000 -0.920000 -1.083000 47 0
0.000000 -0.000000 -0.000000 0 128
-0.687000 -1.054000 -1.099000 40 0
-0.707000 -0.972000 -1.086000 11 0
-0.724000 -0.890000 -1.072000 11 0
0.000000 -0.000000 -0.000000 0 128
-0.696000 -1.017000 -1.076000 53 0
-0.712000 -0.933000 -1.063000 11 0
-0.734000 -0.862000 -1.063000 12 0
-0.679000 -1.051000 -1.057000 13 0
-0.706000 -0.982000 -1.057000 11 0
-0.715000 -0.895000 -1.039000 11 0
-0.734000 -0.823000 -1.038000 13 0
-0.690000 -1.017000 -1.037000 33 0
-0.712000 -0.946000 -1.035000 11 0
-0.726000 -0.869000 -1.029000 11 0
-0.744000 -0.798000 -1.031000 13 0
-0.706000 -0.991000 -1.025000 11 0
-0.721000 -0.915000 -1.018000 10 0
-0.735000 -0.840000 -1.017000 11 0
-0.752000 -0.770000 -1.021000 13 0
-0.714000 -0.956000 -1.004000 13 0
-0.725000 -0.878000 -0.996000 10 0
-0.741000 -0.809000 -1.001000 11 0
-0.759000 -0.743000 -1.011000 13 0
-0.717000 -0.917000 -0.979000 13 0
-0.735000 -0.850000 -0.983000 10 0
-0.750000 -0.782000 -0.991000 11 0
-0.766000 -0.716000 -1.002000 13 0
-0.726000 -0.886000 -0.961000 13 0
-0.740000 -0.819000 -0.966000 10 0
-0.757000 -0.756000 -0.980000 12 0
-0.773000 -0.691000 -0.995000 13 0
-0.734000 -0.856000 -0.946000 13 0
-0.751000 -0.794000 -0.957000 10 0
-0.764000 -0.729000 -0.970000 12 0
-0.778000 -0.665000 -0.986000 13 0
-0.741000 -0.826000 -0.929000 13 0
-0.759000 -0.767000 -0.945000 11 0
-0.770000 -0.703000 -0.959000 12 0
-0.786000 -0.641000 -0.980000 13 0
-0.750000 -0.799000 -0.917000 13 0
-0.764000 -0.739000 -0.931000 11 0
-0.780000 -0.681000 -0.954000 12 0
-0.793000 -0.619000 -0.975000 12 0
-0.755000 -0.768000 -0.900000 13 0
-0.771000 -0.712000 -0.920000 11 0
-0.786000 -0.655000 -0.944000 12 0
-0.797000 -0.593000 -0.967000 12 0
-0.766000 -0.745000 -0.892000 13 0
-0.781000 -0.689000 -0.913000 12 0
-0.792000 -0.631000 -0.936000 12 0
-0.803000 -0.570000 -0.962000 12 0
-0.776000 -0.720000 -0.883000 13 0
-0.788000 -0.665000 -0.905000 12 0
-0.802000 -0.610000 -0.933000 12 0
-0.813000 -0.550000 -0.962000 12 0
-0.783000 -0.695000 -0.872000 12 0
-0.791000 -0.638000 -0.892000 14 0
-0.807000 -0.585000 -0.925000 12 0
-0.816000 -0.526000 -0.955000 12 0
-0.318000 -0.929000 -0.844000 11 0
-0.369000 -0.931000 -0.873000 0 0
0.000000 -0.000000 -0.000000 0 192
0.000000 -0.000000 -0.000000 0 128
-0.342000 -0.930000 -0.851000 9 0
0.000000 -0.000000 -0.000000 0 0
0.000000 -0.000000 -0.000000 0 192
0.000000 -0.000000 -0.000000 0 128
-0.365000 -0.930000 -0.856000 3 0
0.000000 -0.000000 -0.000000 0 0
0.000000 -0.000000 -0.000000 0 192
-0.657000 -1.142000 -1.199000 26 0
-0.389000 -0.930000 -0.863000 0 64
0.000000 -0.000000 -0.000000 0 192
0.000000 -0.000000 -0.000000 0 128
-0.668000 -1.102000 -1.177000 39 0
-0.438000 -0.985000 -0.921000 1 0
0.000000 -0.000000 -0.000000 0 192
-0.650000 -1.145000 -1.178000 8 0
-0.680000 -1.065000 -1.158000 57 0
0.000000 -0.000000 -0.000000 0 0
0.000000 -0.000000 -0.000000 0 128
-0.665000 -1.113000 -1.162000 28 0
-0.689000 -1.026000 -1.137000 53 0
0.000000 -0.000000 -0.000000 0 0
0.000000 -0.000000 -0.000000 0 128
-0.673000 -1.069000 -1.135000 44 0
-0.698000 -0.989000 -1.118000 55 0
0.000000 -0.000000 -0.000000 0 192
-0.665000 -1.126000 -1.142000 8 0
-0.686000 -1.038000 -1.119000 57 0
-0.710000 -0.959000 -1.106000 13 64
0.000000 -0.000000 -0.000000 0 192
-0.673000 -1.083000 -1.114000 24 0
-0.697000 -1.005000 -1.103000 12 0
-0.713000 -0.920000 -1.083000 47 0
0.000000 -0.000000 -0.000000 0 128
-0.687000 -1.054000 -1.099000 40 0
-0.707000 -0.972000 -1.086000 11 0
-0.724000 -0.890000 -1.072000 11 0
0.000000 -0.000000 -0.000000 0 128
-0.696000 -1.017000 -1.076000 53 0
-0.712000 -0.933000 -1.063000 11 0
-0.734000 -0.862000 -1.063000 12 0
-0.679000 -1.051000 -1.057000 13 0
-0.706000 -0.982000 -1.057000 11 0
-0.715000 -0.895000 -1.039000 11 0
-0.734000 -0.823000 -1.038000 13 0
-0.690000 -1.017000 -1.037000 33 0
-0.712000 -0.946000 -1.035000 11 0
-0.726000 -0.869000 -1.029000 11 0
-0.744000 -0.798000 -1.031000 13 0
-0.706000 -0.991000 -1.025000 11 0
-0.721000 -0.915000 -1.018000 10 0
-0.735000 -0.840000 -1.017000 11 0
-0.752000 -0.770000 -1.021000 13 0
-0.714000 -0.956000 -1.004000 13 0
-0.725000 -0.878000 -0.996000 10 0
-0.741000 -0.809000 -1.001000 11 0
-0.759000 -0.743000 -1.011000 13 0
-0.717000 -0.917000 -0.979000 13 0
-0.735000 -0.850000 -0.983000 10 0
-0.750000 -0.782000 -0.991000 11 0
-0.766000 -0.716000 -1.002000 13 0
-0.726000 -0.886000 -0.961000 13 0
-0.740000 -0.819000 -0.966000 10 0
-0.757000 -0.756000 -0.980000 12 0
-0.773000 -0.691000 -0.995000 13 0
-0.734000 -0.856000 -0.946000 13 0
-0.751000 -0.794000 -0.957000 10 0
-0.764000 -0.729000 -0.970000 12 0
-0.778000 -0.665000 -0.986000 13 0
-0.741000 -0.826000 -0.929000 13 0
-0.759000 -0.767000 -0.945000 11 0
-0.770000 -0.703000 -0.959000 12 0
-0.786000 -0.641000 -0.980000 13 0
-0.750000 -0.799000 -0.917000 13 0
-0.764000 -0.739000 -0.931000 11 0
-0.780000 -0.681000 -0.954000 12 0
-0.793000 -0.619000 -0.975000 12 0
-0.755000 -0.768000 -0.900000 13 0
-0.771000 -0.712000 -0.920000 11 0
-0.786000 -0.655000 -0.944000 12 0
-0.797000 -0.593000 -0.967000 12 0
-0.766000 -0.745000 -0.892000 13 0
-0.781000 -0.689000 -0.913000 12 0
-0.792000 -0.631000 -0.936000 12 0
-0.803000 -0.570000 -0.962000 12 0
-0.776000 -0.720000 -0.883000 13 0
-0.788000 -0.665000 -0.905000 12 0
-0.802000 -0.610000 -0.933000 12 0
-0.813000 -0.550000 -0.962000 12 0
-0.783000 -0.695000 -0.872000 12 0
-0.791000 -0.638000 -0.892000 14 0
-0.807000 -0.585000 -0.925000 12 0
-0.816000 -0.526000 -0.955000 12 0
-0.792000 -0.671000 -0.864000 12 0
-0.802000 -0.617000 -0.889000 15 0
-0.812000 -0.562000 -0.918000 12 0
-0.822000 -0.505000 -0.952000 12 0
-0.800000 -0.647000 -0.856000 12 0
-0.808000 -0.593000 -0.880000 15 0
-0.814000 -0.537000 -0.909000 14 0
-0.828000 -0.483000 -0.949000 12 64
-0.803000 -0.620000 -0.843000 15 0
-0.813000 -0.568000 -0.871000 14 0
-0.828000 -0.520000 -0.913000 12 0
-0.834000 -0.462000 -0.946000 12 64
-0.809000 -0.595000 -0.834000 16 0
-0.820000 -0.547000 -0.866000 15 0
-0.806000 -0.481000 -0.878000 3 1
-0.840000 -0.442000 -0.946000 12 64
-0.812000 -0.569000 -0.822000 16 0
-0.825000 -0.523000 -0.859000 14 0
-0.795000 -0.451000 -0.857000 1 0
-0.847000 -0.421000 -0.945000 12 64
-0.814000 -0.543000 -0.811000 16 0
-0.824000 -0.497000 -0.846000 6 0
-0.781000 -0.421000 -0.833000 1 0
-0.850000 -0.400000 -0.942000 12 64
-0.825000 -0.523000 -0.809000 16 0
-0.828000 -0.474000 -0.840000 6 0
-0.773000 -0.394000 -0.816000 0 0
-0.855000 -0.380000 -0.941000 12 64
-0.828000 -0.499000 -0.800000 16 0
-0.833000 -0.452000 -0.835000 7 0
-0.791000 -0.381000 -0.827000 1 64
-0.855000 -0.357000 -0.935000 11 64
-0.832000 -0.476000 -0.792000 16 0
-0.839000 -0.431000 -0.831000 7 0
-0.775000 -0.352000 -0.803000 1 0
0.000000 -0.000000 -0.000000 0 0
-0.837000 -0.453000 -0.787000 16 0
-0.848000 -0.412000 -0.832000 9 0
-0.858000 -0.368000 -0.882000 11 0
0.000000 -0.000000 -0.000000 0 0
-0.841000 -0.431000 -0.781000 16 0
-0.858000 -0.393000 -0.833000 12 0
-0.635000 -0.256000 -0.649000 1 0
0.000000 -0.000000 -0.000000 0 128
-0.846000 -0.409000 -0.776000 20 0
-0.860000 -0.371000 -0.828000 14 0
0.000000 -0.000000 -0.000000 0 0
0.000000 -0.000000 -0.000000 0 0
-0.852000 -0.388000 -0.773000 17 0
-0.846000 -0.342000 -0.807000 1 0
0.000000 -0.000000 -0.000000 0 0
0.000000 -0.000000 -0.000000 0 0
-0.862000 -0.368000 -0.773000 20 0
0.000000 -0.000000 -0.000000 0 0
0.000000 -0.000000 -0.000000 0 0
-0.876000 -0.238000 -0.932000 11 0
0.000000 -0.000000 -0.000000 0 0
0.000000 -0.000000 -0.000000 0 0
-0.879000 -0.266000 -0.875000 7 0
-0.877000 -0.218000 -0.931000 10 0
0.000000 -0.000000 -0.000000 0 0
0.000000 -0.000000 -0.000000 0 0
-0.881000 -0.246000 -0.874000 8 0
-0.882000 -0.199000 -0.934000 10 64
0.000000 -0.000000 -0.000000 0 0
-0.881000 -0.266000 -0.816000 6 0
-0.887000 -0.226000 -0.875000 8 0
-0.892000 -0.181000 -0.942000 11 0
0.000000 -0.000000 -0.000000 0 0
-0.885000 -0.245000 -0.814000 8 0
-0.891000 -0.206000 -0.877000 9 0
-0.902000 -0.163000 -0.951000 12 64
0.000000 -0.000000 -0.000000 0 0
-0.883000 -0.224000 -0.809000 8 0
-0.897000 -0.187000 -0.879000 10 0
-0.906000 -0.143000 -0.954000 12 0
-0.889000 -0.241000 -0.760000 17 0
-0.886000 -0.203000 -0.807000 6 0
-0.909000 -0.169000 -0.888000 11 0
-0.908000 -0.124000 -0.956000 12 64
-0.898000 -0.221000 -0.762000 18 0
-0.894000 -0.184000 -0.811000 4 0
-0.912000 -0.148000 -0.889000 14 0
-0.911000 -0.104000 -0.959000 12 64
-0.898000 -0.199000 -0.758000 17 0
-0.863000 -0.157000 -0.780000 3 0
-0.916000 -0.128000 -0.891000 14 0
-0.915000 -0.085000 -0.962000 12 64
-0.902000 -0.178000 -0.758000 16 0
-0.867000 -0.137000 -0.781000 3 0
-0.920000 -0.108000 -0.894000 14 0
-0.920000 -0.066000 -0.969000 12 64
-0.918000 -0.159000 -0.768000 10 0
-0.920000 -0.124000 -0.827000 14 1
-0.924000 -0.088000 -0.897000 14 0
-0.924000 -0.046000 -0.974000 12 64
-0.792000 -0.671000 -0.864000 12 0
-0.802000 -0.617000 -0.889000 15 0
-0.812000 -0.562000 -0.918000 12 0
-0.822000 -0.505000 -0.952000 12 0
-0.800000 -0.647000 -0.856000 12 0
-0.808000 -0.593000 -0.880000 15 0
-0.814000 -0.537000 -0.909000 14 0
-0.828000 -0.483000 -0.949000 12 64
-0.803000 -0.620000 -0.843000 15 0
-0.813000 -0.568000 -0.871000 14 0
-0.828000 -0.520000 -0.913000 12 0
-0.834000 -0.462000 -0.946000 12 64
-0.809000 -0.595000 -0.834000 16 0
-0.820000 -0.547000 -0.866000 15 0
-0.806000 -0.481000 -0.878000 3 1
-0.840000 -0.442000 -0.946000 12 64
-0.812000 -0.569000 -0.822000 16 0
-0.825000 -0.523000 -0.859000 14 0
-0.795000 -0.451000 -0.857000 1 0
-0.847000 -0.421000 -0.945000 12 64
-0.814000 -0.543000 -0.811000 16 0
-0.824000 -0.497000 -0.846000 6 0
-0.781000 -0.421000 -0.833000 1 0
-0.850000 -0.400000 -0.942000 12 64
-0.825000 -0.523000 -0.809000 16 0
-0.828000 -0.474000 -0.840000 6 0
-0.773000 -0.394000 -0.816000 0 0
-0.855000 -0.380000 -0.941000 12 64
-0.828000 -0.499000 -0.800000 16 0
-0.833000 -0.452000 -0.835000 7 0
-0.791000 -0.381000 -0.827000 1 64
-0.855000 -0.357000 -0.935000 11 64
-0.832000 -0.476000 -0.792000 16 0
-0.839000 -0.431000 -0.831000 7 0
-0.775000 -0.352000 -0.803000 1 0
0.000000 -0.000000 -0.000000 0 0
-0.837000 -0.453000 -0.787000 16 0
-0.848000 -0.412000 -0.832000 9 0
-0.858000 -0.368000 -0.882000 11 0
0.000000 -0.000000 -0.000000 0 0
-0.841000 -0.431000 -0.781000 16 0
-0.858000 -0.393000 -0.833000 12 0
-0.635000 -0.256000 -0.649000 1 0
0.000000 -0.000000 -0.000000 0 128
-0.846000 -0.409000 -0.776000 20 0
-0.860000 -0.371000 -0.828000 14 0
0.000000 -0.000000 -0.000000 0 0
0.000000 -0.000000 -0.000000 0 0
-0.852000 -0.388000 -0.773000 17 0
-0.846000 -0.342000 -0.807000 1 0
0.000000 -0.000000 -0.000000 0 0
0.000000 -0.000000 -0.000000 0 0
-0.862000 -0.368000 -0.773000 20 0
0.000000 -0.000000 -0.000000 0 0
0.000000 -0.000000 -0.000000 0 0
-0.876000 -0.238000 -0.932000 11 0
0.000000 -0.000000 -0.000000 0 0
0.000000 -0.000000 -0.000000 0 0
-0.879000 -0.266000 -0.875000 7 0
-0.877000 -0.218000 -0.931000 10 0
0.000000 -0.000000 -0.000000 0 0
0.000000 -0.000000 -0.000000 0 0
-0.881000 -0.246000 -0.874000 8 0
-0.882000 -0.199000 -0.934000 10 64
0.000000 -0.000000 -0.000000 0 0
-0.881000 -0.266000 -0.816000 6 0
-0.887000 -0.226000 -0.875000 8 0
-0.892000 -0.181000 -0.942000 11 0
0.000000 -0.000000 -0.000000 0 0
-0.885000 -0.245000 -0.814000 8 0
-0.891000 -0.206000 -0.877000 9 0
-0.902000 -0.163000 -0.951000 12 64
0.000000 -0.000000 -0.000000 0 0
-0.883000 -0.224000 -0.809000 8 0
-0.897000 -0.187000 -0.879000 10 0
-0.906000 -0.143000 -0.954000 12 0
-0.889000 -0.241000 -0.760000 17 0
-0.886000 -0.203000 -0.807000 6 0
-0.909000 -0.169000 -0.888000 11 0
-0.908000 -0.124000 -0.956000 12 64
-0.898000 -0.221000 -0.762000 18 0
-0.894000 -0.184000 -0.811000 4 0
-0.912000 -0.148000 -0.889000 14 0
-0.911000 -0.104000 -0.959000 12 64
-0.898000 -0.199000 -0.758000 17 0
-0.863000 -0.157000 -0.780000 3 0
-0.916000 -0.128000 -0.891000 14 0
-0.915000 -0.085000 -0.962000 12 64
-0.902000 -0.178000 -0.758000 16 0
-0.867000 -0.137000 -0.781000 3 0
-0.920000 -0.108000 -0.894000 14 0
-0.920000 -0.066000 -0.969000 12 64
-0.918000 -0.159000 -0.768000 10 0
-0.920000 -0.124000 -0.827000 14 1
-0.924000 -0.088000 -0.897000 14 0
-0.924000 -0.046000 -0.974000 12 64
-0.919000 -0.137000 -0.766000 6 64
-0.924000 -0.104000 -0.829000 9 0
-0.930000 -0.068000 -0.902000 11 0
-0.930000 -0.026000 -0.981000 12 64
0.000000 -0.000000 -0.000000 0 0
-0.924000 -0.082000 -0.828000 6 64
-0.930000 -0.047000 -0.903000 10 0
-0.931000 -0.007000 -0.984000 12 64
0.000000 -0.000000 -0.000000 0 0
-0.901000 -0.060000 -0.806000 0 64
-0.929000 -0.027000 -0.902000 7 0
-0.933000 0.012000 -0.988000 10 64
0.000000 -0.000000 -0.000000 0 192
0.000000 -0.000000 -0.000000 0 0
-0.922000 -0.006000 -0.897000 2 64
-0.938000 0.032000 -0.996000 7 64
0.000000 -0.000000 -0.000000 0 192
0.000000 -0.000000 -0.000000 0 0
0.000000 -0.000000 -0.000000 0 0
-0.937000 0.052000 -0.997000 1 64
0.000000 -0.000000 -0.000000 0 0
0.000000 -0.000000 -0.000000 0 192
0.000000 -0.000000 -0.000000 0 0
0.000000 -0.000000 -0.000000 0 0
-0.942000 -0.007000 -0.779000 7 64
0.000000 -0.000000 -0.000000 0 192
0.000000 -0.000000 -0.000000 0 192
0.000000 -0.000000 -0.000000 0 128
-0.954000 0.015000 -0.789000 10 0
0.000000 -0.000000 -0.000000 0 0
0.000000 -0.000000 -0.000000 0 192
0.000000 -0.000000 -0.000000 0 0
-0.952000 0.037000 -0.789000 15 0
-0.955000 0.066000 -0.860000 7 0
0.000000 -0.000000 -0.000000 0 0
0.000000 -0.000000 -0.000000 0 0
-0.953000 0.060000 -0.791000 18 0
-0.959000 0.089000 -0.866000 10 0
-0.966000 0.120000 -0.954000 6 0
-0.959000 0.156000 -1.040000 4 64
-0.959000 0.083000 -0.798000 15 0
-0.965000 0.111000 -0.875000 14 0
-0.963000 0.141000 -0.955000 9 0
0.000000 -0.000000 -0.000000 10 0
-0.969000 0.107000 -0.809000 15 0
-0.971000 0.135000 -0.883000 14 0
-0.972000 0.164000 -0.968000 12 0
0.000000 -0.000000 -0.000000 7 0
-0.975000 0.131000 -0.817000 16 0
-0.977000 0.158000 -0.893000 14 0
-0.979000 0.188000 -0.979000 12 0
0.000000 -0.000000 -0.000000 0 0
-0.982000 0.155000 -0.827000 15 0
-0.986000 0.183000 -0.906000 12 0
-0.968000 0.208000 -0.974000 1 0
-0.979000 0.244000 -1.087000 5 0
-0.980000 0.179000 -0.829000 17 0
-0.977000 0.204000 -0.903000 1 0
-0.972000 0.231000 -0.984000 0 0
0.000000 -0.000000 -0.000000 0 0
-0.974000 0.202000 -0.829000 1 0
-0.981000 0.229000 -0.912000 1 0
-1.035000 0.270000 -1.055000 8 0
-1.066000 0.314000 -1.199000 7 0
-0.985000 0.228000 -0.844000 1 0
-1.032000 0.266000 -0.966000 1 0
-1.083000 0.308000 -1.112000 1 0
-1.070000 0.339000 -1.213000 7 0
-1.066000 0.274000 -0.919000 1 0
-1.074000 0.303000 -1.013000 7 0
-1.073000 0.331000 -1.109000 7 0
-1.083000 0.368000 -1.236000 7 0
-1.080000 0.305000 -0.939000 1 0
-1.089000 0.334000 -1.035000 1 0
-1.092000 0.363000 -1.138000 0 0
-1.088000 0.396000 -1.252000 8 0
-1.085000 0.334000 -0.951000 8 0
-1.086000 0.360000 -1.041000 7 0
-1.087000 0.388000 -1.143000 5 0
-1.091000 0.423000 -1.267000 11 0
-1.098000 0.367000 -0.970000 1 0
-1.100000 0.393000 -1.064000 1 0
-1.092000 0.417000 -1.158000 6 0
-1.088000 0.448000 -1.275000 11 0
-1.098000 0.396000 -0.980000 6 0
-1.098000 0.421000 -1.072000 7 0
-1.093000 0.445000 -1.170000 6 0
-1.074000 0.468000 -1.270000 12 0
-1.110000 0.430000 -1.001000 1 0
-1.117000 0.458000 -1.102000 1 0
-1.101000 0.476000 -1.191000 6 0
-1.063000 0.490000 -1.269000 12 0
-1.110000 0.461000 -1.012000 7 0
-1.108000 0.483000 -1.104000 7 0
-1.109000 0.509000 -1.212000 6 0
-1.049000 0.510000 -1.266000 13 0
-0.919000 -0.137000 -0.766000 6 64
-0.924000 -0.104000 -0.829000 9 0
-0.930000 -0.068000 -0.902000 11 0
-0.930000 -0.026000 -0.981000 12 64
0.000000 -0.000000 -0.000000 0 0
-0.924000 -0.082000 -0.828000 6 64
-0.930000 -0.047000 -0.903000 10 0
-0.931000 -0.007000 -0.984000 12 64
0.000000 -0.000000 -0.000000 0 0
-0.901000 -0.060000 -0.806000 0 64
-0.929000 -0.027000 -0.902000 7 0
-0.933000 0.012000 -0.988000 10 64
0.000000 -0.000000 -0.000000 0 192
0.000000 -0.000000 -0.000000 0 0
-0.922000 -0.006000 -0.897000 2 64
-0.938000 0.032000 -0.996000 7 64
0.000000 -0.000000 -0.000000 0 192
0.000000 -0.000000 -0.000000 0 0
0.000000 -0.000000 -0.000000 0 0
-0.937000 0.052000 -0.997000 1 64
0.000000 -0.000000 -0.000000 0 0
0.000000 -0.000000 -0.000000 0 192
0.000000 -0.000000 -0.000000 0 0
0.000000 -0.000000 -0.000000 0 0
-0.942000 -0.007000 -0.779000 7 64
0.000000 -0.000000 -0.000000 0 192
0.000000 -0.000000 -0.000000 0 192
0.000000 -0.000000 -0.000000 0 128
-0.954000 0.015000 -0.789000 10 0
0.000000 -0.000000 -0.000000 0 0
0.000000 -0.000000 -0.000000 0 192
0.000000 -0.000000 -0.000000 0 0
-0.952000 0.037000 -0.789000 15 0
-0.955000 0.066000 -0.860000 7 0
0.000000 -0.000000 -0.000000 0 0
0.000000 -0.000000 -0.000000 0 0
-0.953000 0.060000 -0.791000 18 0
-0.959000 0.089000 -0.866000 10 0
-0.966000 0.120000 -0.954000 6 0
-0.959000 0.156000 -1.040000 4 64
-0.959000 0.083000 -0.798000 15 0
-0.965000 0.111000 -0.875000 14 0
-0.963000 0.141000 -0.955000 9 0
0.000000 -0.000000 -0.000000 10 0
-0.969000 0.107000 -0.809000 15 0
-0.971000 0.135000 -0.883000 14 0
-0.972000 0.164000 -0.968000 12 0
0.000000 -0.000000 -0.000000 7 0
-0.975000 0.131000 -0.817000 16 0
-0.977000 0.158000 -0.893000 14 0
-0.979000 0.188000 -0.979000 12 0
0.000000 -0.000000 -0.000000 0 0
-0.982000 0.155000 -0.827000 15 0
-0.986000 0.183000 -0.906000 12 0
-0.968000 0.208000 -0.974000 1 0
-0.979000 0.244000 -1.087000 5 0
-0.980000 0.179000 -0.829000 17 0
-0.977000 0.204000 -0.903000 1 0
-0.972000 0.231000 -0.984000 0 0
0.000000 -0.000000 -0.000000 0 0
-0.974000 0.202000 -0.829000 1 0
-0.981000 0.229000 -0.912000 1 0
-1.035000 0.270000 -1.055000 8 0
-1.066000 0.314000 -1.199000 7 0
-0.985000 0.228000 -0.844000 1 0
-1.032000 0.266000 -0.966000 1 0
-1.083000 0.308000 -1.112000 1 0
-1.070000 0.339000 -1.213000 7 0
-1.066000 0.274000 -0.919000 1 0
-1.074000 0.303000 -1.013000 7 0
-1.073000 0.331000 -1.109000 7 0
-1.083000 0.368000 -1.236000 7 0
-1.080000 0.305000 -0.939000 1 0
-1.089000 0.334000 -1.035000 1 0
-1.092000 0.363000 -1.138000 0 0
-1.088000 0.396000 -1.252000 8 0
-1.085000 0.334000 -0.951000 8 0
-1.086000 0.360000 -1.041000 7 0
-1.087000 0.388000 -1.143000 5 0
-1.091000 0.423000 -1.267000 11 0
-1.098000 0.367000 -0.970000 1 0
-1.100000 0.393000 -1.064000 1 0
-1.092000 0.417000 -1.158000 6 0
-1.088000 0.448000 -1.275000 11 0
-1.098000 0.396000 -0.980000 6 0
-1.098000 0.421000 -1.072000 7 0
-1.093000 0.445000 -1.170000 6 0
-1.074000 0.468000 -1.270000 12 0
-1.110000 0.430000 -1.001000 1 0
-1.117000 0.458000 -1.102000 1 0
-1.101000 0.476000 -1.191000 6 0
-1.063000 0.490000 -1.269000 12 0
-1.110000 0.461000 -1.012000 7 0
-1.108000 0.483000 -1.104000 7 0
-1.109000 0.509000 -1.212000 6 0
-1.049000 0.510000 -1.266000 13 0
-1.125000 0.499000 -1.037000 1 0
-1.117000 0.518000 -1.127000 6 0
-1.119000 0.543000 -1.237000 7 0
-1.042000 0.534000 -1.271000 12 0
-1.127000 0.532000 -1.052000 7 0
-1.121000 0.551000 -1.144000 7 0
-1.131000 0.579000 -1.264000 12 0
-1.030000 0.554000 -1.270000 12 0
-1.130000 0.567000 -1.070000 7 0
-1.131000 0.589000 -1.169000 6 0
-1.125000 0.608000 -1.273000 15 0
-1.017000 0.575000 -1.268000 15 0
-1.141000 0.607000 -1.095000 7 0
-1.137000 0.625000 -1.191000 6 0
-1.110000 0.632000 -1.273000 15 0
-1.006000 0.597000 -1.271000 14 0
-1.149000 0.646000 -1.119000 6 0
-1.145000 0.664000 -1.217000 6 0
-1.095000 0.655000 -1.272000 14 0
-0.990000 0.615000 -1.266000 14 0
-1.159000 0.689000 -1.147000 6 0
-1.165000 0.712000 -1.257000 9 0
-1.077000 0.676000 -1.269000 16 0
-0.979000 0.636000 -1.268000 15 0
-1.164000 0.729000 -1.171000 6 0
-1.160000 0.745000 -1.271000 12 0
-1.061000 0.699000 -1.268000 16 0
-0.967000 0.657000 -1.270000 15 0
-1.174000 0.775000 -1.201000 6 0
-1.137000 0.768000 -1.266000 15 0
-1.042000 0.720000 -1.265000 15 0
-0.951000 0.676000 -1.267000 15 0
-1.186000 0.824000 -1.235000 7 0
-1.117000 0.792000 -1.265000 14 0
-1.024000 0.741000 -1.263000 14 0
-0.939000 0.696000 -1.269000 15 0
-1.187000 0.867000 -1.260000 13 0
-1.096000 0.815000 -1.264000 14 0
-1.009000 0.764000 -1.266000 15 0
-0.922000 0.714000 -1.266000 17 0
-1.167000 0.896000 -1.264000 16 0
-1.074000 0.837000 -1.262000 15 0
-0.990000 0.783000 -1.263000 16 0
-0.907000 0.733000 -1.265000 14 0
-1.140000 0.918000 -1.260000 14 0
-1.051000 0.859000 -1.259000 13 0
-0.970000 0.803000 -1.260000 15 0
-0.892000 0.751000 -1.264000 16 0
-1.114000 0.942000 -1.259000 15 0
-1.030000 0.882000 -1.260000 14 0
-0.951000 0.823000 -1.260000 14 0
-0.876000 0.769000 -1.263000 16 0
-1.091000 0.969000 -1.262000 13 0
-1.007000 0.902000 -1.258000 14 0
-0.934000 0.844000 -1.261000 15 0
-0.859000 0.786000 -1.260000 15 0
-1.062000 0.989000 -1.258000 13 0
-0.986000 0.925000 -1.260000 14 0
-0.914000 0.862000 -1.259000 14 0
-0.842000 0.802000 -1.258000 16 0
-1.036000 1.012000 -1.258000 15 0
-0.965000 0.947000 -1.262000 15 0
-0.894000 0.882000 -1.259000 15 0
-0.827000 0.821000 -1.260000 15 0
-1.008000 1.031000 -1.256000 17 0
-0.941000 0.967000 -1.261000 14 0
-0.874000 0.900000 -1.258000 14 0
-0.807000 0.835000 -1.254000 14 0
-0.979000 1.051000 -1.253000 15 0
-0.918000 0.987000 -1.261000 13 0
-0.853000 0.917000 -1.256000 15 0
-0.792000 0.855000 -1.258000 17 0
-0.950000 1.069000 -1.251000 13 0
-0.890000 1.002000 -1.256000 13 0
-0.832000 0.935000 -1.256000 14 0
-0.775000 0.872000 -1.258000 15 0
-0.923000 1.090000 -1.253000 16 0
-0.865000 1.019000 -1.255000 13 0
-0.813000 0.954000 -1.257000 15 0
-0.754000 0.884000 -1.252000 23 0
-0.893000 1.106000 -1.250000 16 0
-0.840000 1.037000 -1.254000 14 0
-0.789000 0.967000 -1.253000 18 0
-0.737000 0.901000 -1.252000 17 0
-0.863000 1.123000 -1.249000 15 0
-0.813000 1.051000 -1.251000 16 0
-0.768000 0.985000 -1.253000 20 0
-0.720000 0.918000 -1.254000 18 0
-0.833000 1.139000 -1.247000 18 0
-0.785000 1.065000 -1.247000 17 0
-0.744000 0.999000 -1.251000 18 0
-0.702000 0.934000 -1.253000 18 0
-0.799000 1.148000 -1.240000 17 0
-0.760000 1.081000 -1.247000 17 0
-0.722000 1.014000 -1.250000 17 0
-0.683000 0.949000 -1.253000 19 0
-1.125000 0.499000 -1.037000 1 0
-1.117000 0.518000 -1.127000 6 0
-1.119000 0.543000 -1.237000 7 0
-1.042000 0.534000 -1.271000 12 0
-1.127000 0.532000 -1.052000 7 0
-1.121000 0.551000 -1.144000 7 0
-1.131000 0.579000 -1.264000 12 0
-1.030000 0.554000 -1.270000 12 0
-1.130000 0.567000 -1.070000 7 0
-1.131000 0.589000 -1.169000 6 0
-1.125000 0.608000 -1.273000 15 0
-1.017000 0.575000 -1.268000 15 0
-1.141000 0.607000 -1.095000 7 0
-1.137000 0.625000 -1.191000 6 0
-1.110000 0.632000 -1.273000 15 0
-1.006000 0.597000 -1.271000 14 0
-1.149000 0.646000 -1.119000 6 0
-1.145000 0.664000 -1.217000 6 0
-1.095000 0.655000 -1.272000 14 0
-0.990000 0.615000 -1.266000 14 0
-1.159000 0.689000 -1.147000 6 0
-1.165000 0.712000 -1.257000 9 0
-1.077000 0.676000 -1.269000 16 0
-0.979000 0.636000 -1.268000 15 0
-1.164000 0.729000 -1.171000 6 0
-1.160000 0.745000 -1.271000 12 0
-1.061000 0.699000 -1.268000 16 0
-0.967000 0.657000 -1.270000 15 0
-1.174000 0.775000 -1.201000 6 0
-1.137000 0.768000 -1.266000 15 0
-1.042000 0.720000 -1.265000 15 0
-0.951000 0.676000 -1.267000 15 0
-1.186000 0.824000 -1.235000 7 0
-1.117000 0.792000 -1.265000 14 0
-1.024000 0.741000 -1.263000 14 0
-0.939000 0.696000 -1.269000 15 0
-1.187000 0.867000 -1.260000 13 0
-1.096000 0.815000 -1.264000 14 0
-1.009000 0.764000 -1.266000 15 0
-0.922000 0.714000 -1.266000 17 0
-1.167000 0.896000 -1.264000 16 0
-1.074000 0.837000 -1.262000 15 0
-0.990000 0.783000 -1.263000 16 0
-0.907000 0.733000 -1.265000 14 0
-1.140000 0.918000 -1.260000 14 0
-1.051000 0.859000 -1.259000 13 0
-0.970000 0.803000 -1.260000 15 0
-0.892000 0.751000 -1.264000 16 0
-1.114000 0.942000 -1.259000 15 0
-1.030000 0.882000 -1.260000 14 0
-0.951000 0.823000 -1.260000 14 0
-0.876000 0.769000 -1.263000 16 0
-1.091000 0.969000 -1.262000 13 0
-1.007000 0.902000 -1.258000 14 0
-0.934000 0.844000 -1.261000 15 0
-0.859000 0.786000 -1.260000 15 0
-1.062000 0.989000 -1.258000 13 0
-0.986000 0.925000 -1.260000 14 0
-0.914000 0.862000 -1.259000 14 0
-0.842000 0.802000 -1.258000 16 0
-1.036000 1.012000 -1.258000 15 0
-0.965000 0.947000 -1.262000 15 0
-0.894000 0.882000 -1.259000 15 0
-0.827000 0.821000 -1.260000 15 0
-1.008000 1.031000 -1.256000 17 0
-0.941000 0.967000 -1.261000 14 0
-0.874000 0.900000 -1.258000 14 0
-0.807000 0.835000 -1.254000 14 0
-0.979000 1.051000 -1.253000 15 0
-0.918000 0.987000 -1.261000 13 0
-0.853000 0.917000 -1.256000 15 0
-0.792000 0.855000 -1.258000 17 0
-0.950000 1.069000 -1.251000 13 0
-0.890000 1.002000 -1.256000 13 0
-0.832000 0.935000 -1.256000 14 0
-0.775000 0.872000 -1.258000 15 0
-0.923000 1.090000 -1.253000 16 0
-0.865000 1.019000 -1.255000 13 0
-0.813000 0.954000 -1.257000 15 0
-0.754000 0.884000 -1.252000 23 0
-0.893000 1.106000 -1.250000 16 0
-0.840000 1.037000 -1.254000 14 0
-0.789000 0.967000 -1.253000 18 0
-0.737000 0.901000 -1.252000 17 0
-0.863000 1.123000 -1.249000 15 0
-0.813000 1.051000 -1.251000 16 0
-0.768000 0.985000 -1.253000 20 0
-0.720000 0.918000 -1.254000 18 0
-0.833000 1.139000 -1.247000 18 0
-0.785000 1.065000 -1.247000 17 0
-0.744000 0.999000 -1.251000 18 0
-0.702000 0.934000 -1.253000 18 0
-0.799000 1.148000 -1.240000 17 0
-0.760000 1.081000 -1.247000 17 0
-0.722000 1.014000 -1.250000 17 0
-0.683000 0.949000 -1.253000 19 0
-0.772000 1.167000 -1.244000 19 0
-0.734000 1.097000 -1.248000 18 0
-0.699000 1.027000 -1.248000 20 0
-0.663000 0.962000 -1.251000 18 0
-0.741000 1.180000 -1.242000 16 0
-0.705000 1.107000 -1.243000 21 0
-0.676000 1.042000 -1.247000 19 0
-0.642000 0.974000 -1.247000 21 0
-0.709000 1.192000 -1.240000 17 0
-0.680000 1.122000 -1.244000 20 0
-0.652000 1.054000 -1.245000 18 0
-0.621000 0.987000 -1.244000 20 0
-0.679000 1.205000 -1.240000 19 0
-0.654000 1.137000 -1.245000 20 0
-0.629000 1.068000 -1.245000 20 0
-0.602000 1.002000 -1.246000 21 0
-0.649000 1.218000 -1.240000 18 0
-0.625000 1.147000 -1.243000 20 0
-0.605000 1.080000 -1.244000 5 0
-0.582000 1.015000 -1.245000 21 0
-0.618000 1.229000 -1.240000 19 0
-0.598000 1.158000 -1.242000 20 0
-0.580000 1.092000 -1.242000 21 0
-0.561000 1.027000 -1.244000 21 0
-0.588000 1.240000 -1.241000 19 0
-0.571000 1.171000 -1.243000 20 0
-0.554000 1.100000 -1.237000 5 0
-0.539000 1.037000 -1.239000 19 0
-0.554000 1.244000 -1.235000 15 0
-0.543000 1.180000 -1.241000 20 0
-0.532000 1.115000 -1.240000 21 0
-0.518000 1.051000 -1.240000 21 0
-0.523000 1.254000 -1.236000 17 0
-0.514000 1.188000 -1.238000 22 0
-0.508000 1.127000 -1.242000 5 0
-0.496000 1.060000 -1.237000 19 0
-0.492000 1.263000 -1.237000 17 0
-0.487000 1.200000 -1.241000 23 0
-0.483000 1.137000 -1.240000 21 0
-0.475000 1.073000 -1.238000 22 0
-0.460000 1.267000 -1.234000 18 0
-0.457000 1.203000 -1.235000 19 0
-0.456000 1.141000 -1.234000 5 0
0.000000 -0.000000 -0.000000 0 0
-0.428000 1.273000 -1.233000 20 0
-0.429000 1.210000 -1.234000 20 0
-0.431000 1.152000 -1.235000 18 0
0.000000 -0.000000 -0.000000 0 0
-0.396000 1.274000 -1.228000 20 0
-0.400000 1.215000 -1.231000 22 0
-0.406000 1.159000 -1.233000 16 0
0.000000 -0.000000 -0.000000 0 0
-0.365000 1.282000 -1.232000 16 0
-0.372000 1.222000 -1.231000 20 0
-0.380000 1.168000 -1.233000 20 0
0.000000 -0.000000 -0.000000 0 0
-0.333000 1.282000 -1.228000 16 0
-0.344000 1.228000 -1.232000 18 0
-0.355000 1.178000 -1.234000 4 0
0.000000 -0.000000 -0.000000 0 0
-0.302000 1.285000 -1.228000 15 0
-0.315000 1.234000 -1.232000 19 0
-0.329000 1.184000 -1.232000 18 0
-0.342000 1.136000 -1.237000 7 0
-0.270000 1.285000 -1.225000 15 0
-0.287000 1.237000 -1.230000 18 0
-0.305000 1.195000 -1.236000 4 0
-0.317000 1.141000 -1.232000 14 0
-0.237000 1.274000 -1.212000 7 0
-0.257000 1.238000 -1.226000 14 0
-0.277000 1.195000 -1.229000 18 0
-0.293000 1.149000 -1.231000 17 0
0.000000 -0.000000 -0.000000 0 0
0.000000 -0.000000 -0.000000 0 0
-0.029000 0.140000 -0.143000 0 0
-0.270000 1.156000 -1.230000 16 0
-0.018000 0.135000 -0.128000 1 0
-0.021000 0.132000 -0.130000 1 0
-0.025000 0.134000 -0.137000 1 0
0.000000 -0.000000 -0.000000 0 0
0.000000 -0.000000 -0.000000 0 0
0.000000 -0.000000 -0.000000 0 0
0.000000 -0.000000 -0.000000 0 0
0.000000 -0.000000 -0.000000 0 0
-0.011000 0.125000 -0.119000 1 0
-0.015000 0.132000 -0.130000 0 0
-0.017000 0.124000 -0.125000 0 0
-0.021000 0.127000 -0.132000 1 0
0.000000 -0.000000 -0.000000 0 0
0.000000 -0.000000 -0.000000 0 0
0.000000 -0.000000 -0.000000 0 0
0.000000 -0.000000 -0.000000 0 0
-0.005000 0.124000 -0.118000 1 0
-0.009000 0.129000 -0.126000 0 0
-0.011000 0.122000 -0.123000 0 0
-0.015000 0.127000 -0.131000 1 0
-0.772000 1.167000 -1.244000 19 0
-0.734000 1.097000 -1.248000 18 0
-0.699000 1.027000 -1.248000 20 0
-0.663000 0.962000 -1.251000 18 0
-0.741000 1.180000 -1.242000 16 0
-0.705000 1.107000 -1.243000 21 0
-0.676000 1.042000 -1.247000 19 0
-0.642000 0.974000 -1.247000 21 0
-0.709000 1.192000 -1.240000 17 0
-0.680000 1.122000 -1.244000 20 0
-0.652000 1.054000 -1.245000 18 0
-0.621000 0.987000 -1.244000 20 0
-0.679000 1.205000 -1.240000 19 0
-0.654000 1.137000 -1.245000 20 0
-0.629000 1.068000 -1.245000 20 0
-0.602000 1.002000 -1.246000 21 0
-0.649000 1.218000 -1.240000 18 0
-0.625000 1.147000 -1.243000 20 0
-0.605000 1.080000 -1.244000 5 0
-0.582000 1.015000 -1.245000 21 0
-0.618000 1.229000 -1.240000 19 0
-0.598000 1.158000 -1.242000 20 0
-0.580000 1.092000 -1.242000 21 0
-0.561000 1.027000 -1.244000 21 0
-0.588000 1.240000 -1.241000 19 0
-0.571000 1.171000 -1.243000 20 0
-0.554000 1.100000 -1.237000 5 0
-0.539000 1.037000 -1.239000 19 0
-0.554000 1.244000 -1.235000 15 0
-0.543000 1.180000 -1.241000 20 0
-0.532000 1.115000 -1.240000 21 0
-0.518000 1.051000 -1.240000 21 0
-0.523000 1.254000 -1.236000 17 0
-0.514000 1.188000 -1.238000 22 0
-0.508000 1.127000 -1.242000 5 0
-0.496000 1.060000 -1.237000 19 0
-0.492000 1.263000 -1.237000 17 0
-0.487000 1.200000 -1.241000 23 0
-0.483000 1.137000 -1.240000 21 0
-0.475000 1.073000 -1.238000 22 0
-0.460000 1.267000 -1.234000 18 0
-0.457000 1.203000 -1.235000 19 0
-0.456000 1.141000 -1.234000 5 0
0.000000 -0.000000 -0.000000 0 0
-0.428000 1.273000 -1.233000 20 0
-0.429000 1.210000 -1.234000 20 0
-0.431000 1.152000 -1.235000 18 0
0.000000 -0.000000 -0.000000 0 0
-0.396000 1.274000 -1.228000 20 0
-0.400000 1.215000 -1.231000 22 0
-0.406000 1.159000 -1.233000 16 0
0.000000 -0.000000 -0.000000 0 0
-0.365000 1.282000 -1.232000 16 0
-0.372000 1.222000 -1.231000 20 0
-0.380000 1.168000 -1.233000 20 0
0.000000 -0.000000 -0.000000 0 0
-0.333000 1.282000 -1.228000 16 0
-0.344000 1.228000 -1.232000 18 0
-0.355000 1.178000 -1.234000 4 0
0.000000 -0.000000 -0.000000 0 0
-0.302000 1.285000 -1.228000 15 0
-0.315000 1.234000 -1.232000 19 0
-0.329000 1.184000 -1.232000 18 0
-0.342000 1.136000 -1.237000 7 0
-0.270000 1.285000 -1.225000 15 0
-0.287000 1.237000 -1.230000 18 0
-0.305000 1.195000 -1.236000 4 0
-0.317000 1.141000 -1.232000 14 0
-0.237000 1.274000 -1.212000 7 0
-0.257000 1.238000 -1.226000 14 0
-0.277000 1.195000 -1.229000 18 0
-0.293000 1.149000 -1.231000 17 0
0.000000 -0.000000 -0.000000 0 0
0.000000 -0.000000 -0.000000 0 0
-0.029000 0.140000 -0.143000 0 0
-0.270000 1.156000 -1.230000 16 0
-0.018000 0.135000 -0.128000 1 0
-0.021000 0.132000 -0.130000 1 0
-0.025000 0.134000 -0.137000 1 0
0.000000 -0.000000 -0.000000 0 0
0.000000 -0.000000 -0.000000 0 0
0.000000 -0.000000 -0.000000 0 0
0.000000 -0.000000 -0.000000 0 0
0.000000 -0.000000 -0.000000 0 0
-0.011000 0.125000 -0.119000 1 0
-0.015000 0.132000 -0.130000 0 0
-0.017000 0.124000 -0.125000 0 0
-0.021000 0.127000 -0.132000 1 0
0.000000 -0.000000 -0.000000 0 0
0.000000 -0.000000 -0.000000 0 0
0.000000 -0.000000 -0.000000 0 0
0.000000 -0.000000 -0.000000 0 0
-0.005000 0.124000 -0.118000 1 0
-0.009000 0.129000 -0.126000 0 0
-0.011000 0.122000 -0.123000 0 0
-0.015000 0.127000 -0.131000 1 0
0.000000 -0.000000 -0.000000 0 0
0.000000 -0.000000 -0.000000 0 0
0.000000 -0.000000 -0.000000 0 0
0.000000 -0.000000 -0.000000 0 0
0.000000 -0.000000 -0.000000 0 128
-0.002000 0.115000 -0.113000 0 0
-0.006000 0.122000 -0.122000 0 0
-0.010000 0.126000 -0.129000 1 0
0.000000 -0.000000 -0.000000 0 128
0.000000 -0.000000 -0.000000 0 0
0.000000 -0.000000 -0.000000 0 0
0.000000 -0.000000 -0.000000 0 0
0.004000 0.086000 -0.084000 0 0
0.001000 0.074000 -0.072000 0 0
0.000000 -0.000000 -0.000000 0 0
-0.004000 0.119000 -0.121000 1 0
0.000000 -0.000000 -0.000000 0 0
0.000000 -0.000000 -0.000000 0 0
0.000000 -0.000000 -0.000000 0 0
0.000000 -0.000000 -0.000000 0 0
0.000000 -0.000000 -0.000000 0 192
0.006000 0.099000 -0.098000 0 0
0.003000 0.100000 -0.100000 0 0
0.000000 -0.000000 -0.000000 0 128
0.000000 -0.000000 -0.000000 0 192
0.000000 -0.000000 -0.000000 0 0
0.000000 -0.000000 -0.000000 0 0
0.000000 -0.000000 -0.000000 0 128
0.010000 0.070000 -0.070000 0 16
0.007000 0.070000 -0.070000 0 16
0.000000 -0.000000 -0.000000 0 128
0.004000 0.106000 -0.106000 0 0
0.000000 -0.000000 -0.000000 0 0
0.000000 -0.000000 -0.000000 0 0
0.000000 -0.000000 -0.000000 0 192
0.000000 -0.000000 -0.000000 0 0
0.019000 0.103000 -0.104000 1 0
0.015000 0.098000 -0.099000 0 16
0.000000 -0.000000 -0.000000 0 192
0.000000 -0.000000 -0.000000 0 192
0.000000 -0.000000 -0.000000 0 0
0.000000 -0.000000 -0.000000 0 0
0.000000 -0.000000 -0.000000 0 192
0.000000 -0.000000 -0.000000 0 192
0.024000 0.102000 -0.104000 1 0
0.023000 0.116000 -0.118000 0 16
0.018000 0.112000 -0.113000 0 0
0.000000 -0.000000 -0.000000 0 192
0.000000 -0.000000 -0.000000 0 0
0.000000 -0.000000 -0.000000 0 0
0.000000 -0.000000 -0.000000 0 0
0.000000 -0.000000 -0.000000 0 192
0.032000 0.112000 -0.116000 1 16
0.028000 0.115000 -0.118000 0 16
0.024000 0.115000 -0.116000 0 16
0.019000 0.112000 -0.112000 1 0
0.000000 -0.000000 -0.000000 0 0
0.000000 -0.000000 -0.000000 0 0
0.000000 -0.000000 -0.000000 0 0
0.000000 -0.000000 -0.000000 0 0
0.037000 0.111000 -0.118000 1 16
0.036000 0.123000 -0.129000 1 16
0.028000 0.112000 -0.115000 0 0
0.022000 0.100000 -0.101000 1 0
0.000000 -0.000000 -0.000000 0 0
0.000000 -0.000000 -0.000000 0 0
0.000000 -0.000000 -0.000000 0 0
0.000000 -0.000000 -0.000000 0 0
0.041000 0.105000 -0.115000 0 0
0.039000 0.114000 -0.121000 0 16
0.037000 0.123000 -0.127000 1 16
0.027000 0.104000 -0.105000 0 0
0.449000 1.086000 -1.198000 11 0
0.000000 -0.000000 -0.000000 0 0
0.000000 -0.000000 -0.000000 0 0
0.000000 -0.000000 -0.000000 0 0
0.472000 1.073000 -1.201000 13 0
0.040000 0.103000 -0.112000 0 16
0.039000 0.110000 -0.116000 0 0
0.038000 0.121000 -0.124000 1 0
0.495000 1.059000 -1.201000 13 0
0.463000 1.100000 -1.205000 16 0
0.413000 1.094000 -1.156000 1 0
0.000000 -0.000000 -0.000000 0 0
0.516000 1.042000 -1.199000 14 0
0.487000 1.089000 -1.206000 15 0
0.452000 1.122000 -1.196000 12 0
0.039000 0.110000 -0.113000 0 0
0.537000 1.026000 -1.198000 12 0
0.510000 1.076000 -1.205000 16 0
0.477000 1.114000 -1.197000 14 0
0.446000 1.153000 -1.196000 9 0
0.558000 1.009000 -1.196000 12 0
0.531000 1.059000 -1.200000 16 0
0.501000 1.104000 -1.196000 15 0
0.473000 1.149000 -1.198000 14 0
0.000000 -0.000000 -0.000000 0 0
0.000000 -0.000000 -0.000000 0 0
0.000000 -0.000000 -0.000000 0 0
0.000000 -0.000000 -0.000000 0 0
0.000000 -0.000000 -0.000000 0 128
-0.002000 0.115000 -0.113000 0 0
-0.006000 0.122000 -0.122000 0 0
-0.010000 0.126000 -0.129000 1 0
0.000000 -0.000000 -0.000000 0 128
0.000000 -0.000000 -0.000000 0 0
0.000000 -0.000000 -0.000000 0 0
0.000000 -0.000000 -0.000000 0 0
0.004000 0.086000 -0.084000 0 0
0.001000 0.074000 -0.072000 0 0
0.000000 -0.000000 -0.000000 0 0
-0.004000 0.119000 -0.121000 1 0
0.000000 -0.000000 -0.000000 0 0
0.000000 -0.000000 -0.000000 0 0
0.000000 -0.000000 -0.000000 0 0
0.000000 -0.000000 -0.000000 0 0
0.000000 -0.000000 -0.000000 0 192
0.006000 0.099000 -0.098000 0 0
0.003000 0.100000 -0.100000 0 0
0.000000 -0.000000 -0.000000 0 128
0.000000 -0.000000 -0.000000 0 192
0.000000 -0.000000 -0.000000 0 0
0.000000 -0.000000 -0.000000 0 0
0.000000 -0.000000 -0.000000 0 128
0.010000 0.070000 -0.070000 0 16
0.007000 0.070000 -0.070000 0 16
0.000000 -0.000000 -0.000000 0 128
0.004000 0.106000 -0.106000 0 0
0.000000 -0.000000 -0.000000 0 0
0.000000 -0.000000 -0.000000 0 0
0.000000 -0.000000 -0.000000 0 192
0.000000 -0.000000 -0.000000 0 0
0.019000 0.103000 -0.104000 1 0
0.015000 0.098000 -0.099000 0 16
0.000000 -0.000000 -0.000000 0 192
0.000000 -0.000000 -0.000000 0 192
0.000000 -0.000000 -0.000000 0 0
0.000000 -0.000000 -0.000000 0 0
0.000000 -0.000000 -0.000000 0 192
0.000000 -0.000000 -0.000000 0 192
0.024000 0.102000 -0.104000 1 0
0.023000 0.116000 -0.118000 0 16
0.018000 0.112000 -0.113000 0 0
0.000000 -0.000000 -0.000000 0 192
0.000000 -0.000000 -0.000000 0 0
0.000000 -0.000000 -0.000000 0 0
0.000000 -0.000000 -0.000000 0 0
0.000000 -0.000000 -0.000000 0 192
0.032000 0.112000 -0.116000 1 16
0.028000 0.115000 -0.118000 0 16
0.024000 0.115000 -0.116000 0 16
0.019000 0.112000 -0.112000 1 0
0.000000 -0.000000 -0.000000 0 0
0.000000 -0.000000 -0.000000 0 0
0.000000 -0.000000 -0.000000 0 0
0.000000 -0.000000 -0.000000 0 0
0.037000 0.111000 -0.118000 1 16
0.036000 0.123000 -0.129000 1 16
0.028000 0.112000 -0.115000 0 0
0.022000 0.100000 -0.101000 1 0
0.000000 -0.000000 -0.000000 0 0
0.000000 -0.000000 -0.000000 0 0
0.000000 -0.000000 -0.000000 0 0
0.000000 -0.000000 -0.000000 0 0
0.041000 0.105000 -0.115000 0 0
0.039000 0.114000 -0.121000 0 16
0.037000 0.123000 -0.127000 1 16
0.027000 0.104000 -0.105000 0 0
0.449000 1.086000 -1.198000 11 0
0.000000 -0.000000 -0.000000 0 0
0.000000 -0.000000 -0.000000 0 0
0.000000 -0.000000 -0.000000 0 0
0.472000 1.073000 -1.201000 13 0
0.040000 0.103000 -0.112000 0 16
0.039000 0.110000 -0.116000 0 0
0.038000 0.121000 -0.124000 1 0
0.495000 1.059000 -1.201000 13 0
0.463000 1.100000 -1.205000 16 0
0.413000 1.094000 -1.156000 1 0
0.000000 -0.000000 -0.000000 0 0
0.516000 1.042000 -1.199000 14 0
0.487000 1.089000 -1.206000 15 0
0.452000 1.122000 -1.196000 12 0
0.039000 0.110000 -0.113000 0 0
0.537000 1.026000 -1.198000 12 0
0.510000 1.076000 -1.205000 16 0
0.477000 1.114000 -1.197000 14 0
0.446000 1.153000 -1.196000 9 0
0.558000 1.009000 -1.196000 12 0
0.531000 1.059000 -1.200000 16 0
0.501000 1.104000 -1.196000 15 0
0.473000 1.149000 -1.198000 14 0
0.579000 0.993000 -1.198000 12 0
0.554000 1.047000 -1.202000 14 0
0.526000 1.094000 -1.197000 14 0
0.502000 1.147000 -1.205000 15 0
0.597000 0.974000 -1.194000 12 0
0.576000 1.032000 -1.200000 15 0
0.550000 1.081000 -1.196000 14 0
0.528000 1.136000 -1.202000 16 0
0.617000 0.957000 -1.194000 11 0
0.598000 1.018000 -1.201000 15 0
0.573000 1.068000 -1.194000 14 0
0.551000 1.122000 -1.196000 15 0
0.635000 0.939000 -1.193000 13 0
0.614000 0.995000 -1.191000 12 0
0.597000 1.055000 -1.193000 14 0
0.579000 1.116000 -1.200000 17 0
0.655000 0.923000 -1.194000 13 0
0.635000 0.979000 -1.190000 12 0
0.620000 1.042000 -1.193000 13 0
0.604000 1.104000 -1.199000 15 0
0.672000 0.904000 -1.193000 12 0
0.656000 0.964000 -1.190000 12 0
0.642000 1.027000 -1.191000 13 0
0.630000 1.093000 -1.199000 13 0
0.691000 0.888000 -1.196000 10 0
0.676000 0.949000 -1.191000 12 0
0.665000 1.013000 -1.191000 14 0
0.653000 1.077000 -1.194000 16 0
0.000000 -0.000000 -0.000000 0 0
0.697000 0.933000 -1.192000 12 0
0.688000 0.999000 -1.191000 15 0
0.678000 1.065000 -1.194000 16 0
0.000000 -0.000000 -0.000000 0 0
0.715000 0.915000 -1.190000 11 0
0.708000 0.982000 -1.188000 16 0
0.702000 1.051000 -1.193000 16 0
0.000000 -0.000000 -0.000000 0 192
0.000000 -0.000000 -0.000000 0 0
0.730000 0.966000 -1.188000 15 0
0.726000 1.036000 -1.191000 16 0
0.000000 -0.000000 -0.000000 0 192
0.000000 -0.000000 -0.000000 0 0
0.750000 0.949000 -1.186000 12 0
0.749000 1.020000 -1.189000 16 0
0.000000 -0.000000 -0.000000 0 192
0.000000 -0.000000 -0.000000 0 0
0.000000 -0.000000 -0.000000 0 0
0.773000 1.005000 -1.188000 16 0
0.000000 -0.000000 -0.000000 0 128
0.000000 -0.000000 -0.000000 0 192
0.000000 -0.000000 -0.000000 0 0
0.799000 0.992000 -1.191000 12 0
0.000000 -0.000000 -0.000000 0 128
0.000000 -0.000000 -0.000000 0 128
0.000000 -0.000000 -0.000000 0 0
0.813000 0.965000 -1.178000 7 0
0.000000 -0.000000 -0.000000 0 128
0.000000 -0.000000 -0.000000 0 128
0.000000 -0.000000 -0.000000 0 192
0.838000 0.950000 -1.180000 1 0
0.000000 -0.000000 -0.000000 0 128
0.000000 -0.000000 -0.000000 0 128
0.000000 -0.000000 -0.000000 0 128
0.000000 -0.000000 -0.000000 0 0
0.000000 -0.000000 -0.000000 0 128
0.000000 -0.000000 -0.000000 0 128
0.000000 -0.000000 -0.000000 0 128
0.000000 -0.000000 -0.000000 0 192
0.000000 -0.000000 -0.000000 0 192
0.000000 -0.000000 -0.000000 0 128
0.000000 -0.000000 -0.000000 0 128
0.000000 -0.000000 -0.000000 0 128
0.000000 -0.000000 -0.000000 0 192
0.000000 -0.000000 -0.000000 0 192
0.000000 -0.000000 -0.000000 0 128
0.000000 -0.000000 -0.000000 0 128
0.000000 -0.000000 -0.000000 0 192
0.000000 -0.000000 -0.000000 0 192
0.000000 -0.000000 -0.000000 0 128
0.000000 -0.000000 -0.000000 0 128
0.000000 -0.000000 -0.000000 0 128
0.000000 -0.000000 -0.000000 0 192
0.000000 -0.000000 -0.000000 0 128
0.000000 -0.000000 -0.000000 0 128
0.000000 -0.000000 -0.000000 0 128
0.000000 -0.000000 -0.000000 0 128
0.000000 -0.000000 -0.000000 0 128
0.000000 -0.000000 -0.000000 0 128
0.000000 -0.000000 -0.000000 0 128
0.000000 -0.000000 -0.000000 0 128
0.000000 -0.000000 -0.000000 0 128
0.000000 -0.000000 -0.000000 0 128
0.000000 -0.000000 -0.000000 0 128
0.000000 -0.000000 -0.000000 0 128
0.000000 -0.000000 -0.000000 0 128
0.000000 -0.000000 -0.000000 0 128
0.579000 0.993000 -1.198000 12 0
0.554000 1.047000 -1.202000 14 0
0.526000 1.094000 -1.197000 14 0
0.502000 1.147000 -1.205000 15 0
0.597000 0.974000 -1.194000 12 0
0.576000 1.032000 -1.200000 15 0
0.550000 1.081000 -1.196000 14 0
0.528000 1.136000 -1.202000 16 0
0.617000 0.957000 -1.194000 11 0
0.598000 1.018000 -1.201000 15 0
0.573000 1.068000 -1.194000 14 0
0.551000 1.122000 -1.196000 15 0
0.635000 0.939000 -1.193000 13 0
0.614000 0.995000 -1.191000 12 0
0.597000 1.055000 -1.193000 14 0
0.579000 1.116000 -1.200000 17 0
0.655000 0.923000 -1.194000 13 0
0.635000 0.979000 -1.190000 12 0
0.620000 1.042000 -1.193000 13 0
0.604000 1.104000 -1.199000 15 0
0.672000 0.904000 -1.193000 12 0
0.656000 0.964000 -1.190000 12 0
0.642000 1.027000 -1.191000 13 0
0.630000 1.093000 -1.199000 13 0
0.691000 0.888000 -1.196000 10 0
0.676000 0.949000 -1.191000 12 0
0.665000 1.013000 -1.191000 14 0
0.653000 1.077000 -1.194000 16 0
0.000000 -0.000000 -0.000000 0 0
0.697000 0.933000 -1.192000 12 0
0.688000 0.999000 -1.191000 15 0
0.678000 1.065000 -1.194000 16 0
0.000000 -0.000000 -0.000000 0 0
0.715000 0.915000 -1.190000 11 0
0.708000 0.982000 -1.188000 16 0
0.702000 1.051000 -1.193000 16 0
0.000000 -0.000000 -0.000000 0 192
0.000000 -0.000000 -0.000000 0 0
0.730000 0.966000 -1.188000 15 0
0.726000 1.036000 -1.191000 16 0
0.000000 -0.000000 -0.000000 0 192
0.000000 -0.000000 -0.000000 0 0
0.750000 0.949000 -1.186000 12 0
0.749000 1.020000 -1.189000 16 0
0.000000 -0.000000 -0.000000 0 192
0.000000 -0.000000 -0.000000 0 0
0.000000 -0.000000 -0.000000 0 0
0.773000 1.005000 -1.188000 16 0
0.000000 -0.000000 -0.000000 0 128
0.000000 -0.000000 -0.000000 0 192
0.000000 -0.000000 -0.000000 0 0
0.799000 0.992000 -1.191000 12 0
0.000000 -0.000000 -0.000000 0 128
0.000000 -0.000000 -0.000000 0 128
0.000000 -0.000000 -0.000000 0 0
0.813000 0.965000 -1.178000 7 0
0.000000 -0.000000 -0.000000 0 128
0.000000 -0.000000 -0.000000 0 128
0.000000 -0.000000 -0.000000 0 192
0.838000 0.950000 -1.180000 1 0
0.000000 -0.000000 -0.000000 0 128
0.000000 -0.000000 -0.000000 0 128
0.000000 -0.000000 -0.000000 0 128
0.000000 -0.000000 -0.000000 0 0
0.000000 -0.000000 -0.000000 0 128
0.000000 -0.000000 -0.000000 0 128
0.000000 -0.000000 -0.000000 0 128
0.000000 -0.000000 -0.000000 0 192
0.000000 -0.000000 -0.000000 0 192
0.000000 -0.000000 -0.000000 0 128
0.000000 -0.000000 -0.000000 0 128
0.000000 -0.000000 -0.000000 0 128
0.000000 -0.000000 -0.000000 0 192
0.000000 -0.000000 -0.000000 0 192
0.000000 -0.000000 -0.000000 0 128
0.000000 -0.000000 -0.000000 0 128
0.000000 -0.000000 -0.000000 0 192
0.000000 -0.000000 -0.000000 0 192
0.000000 -0.000000 -0.000000 0 128
0.000000 -0.000000 -0.000000 0 128
0.000000 -0.000000 -0.000000 0 128
0.000000 -0.000000 -0.000000 0 192
0.000000 -0.000000 -0.000000 0 128
0.000000 -0.000000 -0.000000 0 128
0.000000 -0.000000 -0.000000 0 128
0.000000 -0.000000 -0.000000 0 128
0.000000 -0.000000 -0.000000 0 128
0.000000 -0.000000 -0.000000 0 128
0.000000 -0.000000 -0.000000 0 128
0.000000 -0.000000 -0.000000 0 128
0.000000 -0.000000 -0.000000 0 128
0.000000 -0.000000 -0.000000 0 128
0.000000 -0.000000 -0.000000 0 128
0.000000 -0.000000 -0.000000 0 128
0.000000 -0.000000 -0.000000 0 128
0.000000 -0.000000 -0.000000 0 128
0.000000 -0.000000 -0.000000 0 128
0.000000 -0.000000 -0.000000 0 128
0.000000 -0.000000 -0.000000 0 128
0.000000 -0.000000 -0.000000 0 128
0.000000 -0.000000 -0.000000 0 128
0.000000 -0.000000 -0.000000 0 128
0.000000 -0.000000 -0.000000 0 128
0.000000 -0.000000 -0.000000 0 128
0.000000 -0.000000 -0.000000 0 128
0.000000 -0.000000 -0.000000 0 128
0.000000 -0.000000 -0.000000 0 128
0.000000 -0.000000 -0.000000 0 128
0.000000 -0.000000 -0.000000 0 128
0.000000 -0.000000 -0.000000 0 128
0.000000 -0.000000 -0.000000 0 128
0.000000 -0.000000 -0.000000 0 128
0.000000 -0.000000 -0.000000 0 128
0.000000 -0.000000 -0.000000 0 128
0.000000 -0.000000 -0.000000 0 128
0.000000 -0.000000 -0.000000 0 128
0.000000 -0.000000 -0.000000 0 128
0.000000 -0.000000 -0.000000 0 128
0.000000 -0.000000 -0.000000 0 128
0.000000 -0.000000 -0.000000 0 128
0.000000 -0.000000 -0.000000 0 128
0.000000 -0.000000 -0.000000 0 128
0.000000 -0.000000 -0.000000 0 128
0.000000 -0.000000 -0.000000 0 128
0.000000 -0.000000 -0.000000 0 128
0.000000 -0.000000 -0.000000 0 128
0.000000 -0.000000 -0.000000 0 128
0.000000 -0.000000 -0.000000 0 128
0.000000 -0.000000 -0.000000 0 128
0.000000 -0.000000 -0.000000 0 128
0.000000 -0.000000 -0.000000 0 128
0.000000 -0.000000 -0.000000 0 128
0.000000 -0.000000 -0.000000 0 128
0.000000 -0.000000 -0.000000 0 128
0.000000 -0.000000 -0.000000 0 128
0.000000 -0.000000 -0.000000 0 128
0.000000 -0.000000 -0.000000 0 128
0.000000 -0.000000 -0.000000 0 128
0.000000 -0.000000 -0.000000 0 192
0.000000 -0.000000 -0.000000 0 192
0.000000 -0.000000 -0.000000 0 128
0.000000 -0.000000 -0.000000 0 128
0.000000 -0.000000 -0.000000 0 128
0.000000 -0.000000 -0.000000 0 128
0.000000 -0.000000 -0.000000 0 128
0.000000 -0.000000 -0.000000 0 128
0.000000 -0.000000 -0.000000 0 192
0.000000 -0.000000 -0.000000 0 128
0.000000 -0.000000 -0.000000 0 128
0.000000 -0.000000 -0.000000 0 128
0.000000 -0.000000 -0.000000 0 128
0.000000 -0.000000 -0.000000 0 128
0.000000 -0.000000 -0.000000 0 128
0.000000 -0.000000 -0.000000 0 192
0.000000 -0.000000 -0.000000 0 192
0.000000 -0.000000 -0.000000 0 128
0.000000 -0.000000 -0.000000 0 128
0.000000 -0.000000 -0.000000 0 192
0.000000 -0.000000 -0.000000 0 128
0.000000 -0.000000 -0.000000 0 128
0.000000 -0.000000 -0.000000 0 128
0.000000 -0.000000 -0.000000 0 192
0.000000 -0.000000 -0.000000 0 128
0.000000 -0.000000 -0.000000 0 128
0.000000 -0.000000 -0.000000 0 128
0.000000 -0.000000 -0.000000 0 192
0.000000 -0.000000 -0.000000 0 128
0.000000 -0.000000 -0.000000 0 128
0.000000 -0.000000 -0.000000 0 128
0.000000 -0.000000 -0.000000 0 192
0.000000 -0.000000 -0.000000 0 128
0.000000 -0.000000 -0.000000 0 128
0.000000 -0.000000 -0.000000 0 128
0.000000 -0.000000 -0.000000 0 192
0.000000 -0.000000 -0.000000 0 128
0.000000 -0.000000 -0.000000 0 128
0.000000 -0.000000 -0.000000 0 128
0.000000 -0.000000 -0.000000 0 192
0.000000 -0.000000 -0.000000 0 0
0.000000 -0.000000 -0.000000 0 128
0.000000 -0.000000 -0.000000 0 128
0.000000 -0.000000 -0.000000 0 192
0.000000 -0.000000 -0.000000 0 0
0.000000 -0.000000 -0.000000 0 128
0.000000 -0.000000 -0.000000 0 128
0.000000 -0.000000 -0.000000 0 192
0.000000 -0.000000 -0.000000 0 0
0.000000 -0.000000 -0.000000 0 128
0.000000 -0.000000 -0.000000 0 128
0.000000 -0.000000 -0.000000 0 128
0.000000 -0.000000 -0.000000 0 0
0.000000 -0.000000 -0.000000 0 128
0.000000 -0.000000 -0.000000 0 128
0.000000 -0.000000 -0.000000 0 128
0.000000 -0.000000 -0.000000 0 128
0.000000 -0.000000 -0.000000 0 128
0.000000 -0.000000 -0.000000 0 128
0.000000 -0.000000 -0.000000 0 128
0.000000 -0.000000 -0.000000 0 128
0.000000 -0.000000 -0.000000 0 128
0.000000 -0.000000 -0.000000 0 128
0.000000 -0.000000 -0.000000 0 128
0.000000 -0.000000 -0.000000 0 128
0.000000 -0.000000 -0.000000 0 128
0.000000 -0.000000 -0.000000 0 128
0.000000 -0.000000 -0.000000 0 128
0.000000 -0.000000 -0.000000 0 128
0.000000 -0.000000 -0.000000 0 128
0.000000 -0.000000 -0.000000 0 128
0.000000 -0.000000 -0.000000 0 128
0.000000 -0.000000 -0.000000 0 128
0.000000 -0.000000 -0.000000 0 128
0.000000 -0.000000 -0.000000 0 128
0.000000 -0.000000 -0.000000 0 128
0.000000 -0.000000 -0.000000 0 128
0.000000 -0.000000 -0.000000 0 128
0.000000 -0.000000 -0.000000 0 128
0.000000 -0.000000 -0.000000 0 128
0.000000 -0.000000 -0.000000 0 128
0.000000 -0.000000 -0.000000 0 128
0.000000 -0.000000 -0.000000 0 128
0.000000 -0.000000 -0.000000 0 128
0.000000 -0.000000 -0.000000 0 128
0.000000 -0.000000 -0.000000 0 128
0.000000 -0.000000 -0.000000 0 128
0.000000 -0.000000 -0.000000 0 128
0.000000 -0.000000 -0.000000 0 128
0.000000 -0.000000 -0.000000 0 128
0.000000 -0.000000 -0.000000 0 128
0.000000 -0.000000 -0.000000 0 128
0.000000 -0.000000 -0.000000 0 128
0.000000 -0.000000 -0.000000 0 128
0.000000 -0.000000 -0.000000 0 128
0.000000 -0.000000 -0.000000 0 128
0.000000 -0.000000 -0.000000 0 192
0.000000 -0.000000 -0.000000 0 192
0.000000 -0.000000 -0.000000 0 128
0.000000 -0.000000 -0.000000 0 128
0.000000 -0.000000 -0.000000 0 128
0.000000 -0.000000 -0.000000 0 128
0.000000 -0.000000 -0.000000 0 128
0.000000 -0.000000 -0.000000 0 128
0.000000 -0.000000 -0.000000 0 192
0.000000 -0.000000 -0.000000 0 128
0.000000 -0.000000 -0.000000 0 128
0.000000 -0.000000 -0.000000 0 128
0.000000 -0.000000 -0.000000 0 128
0.000000 -0.000000 -0.000000 0 128
0.000000 -0.000000 -0.000000 0 128
0.000000 -0.000000 -0.000000 0 192
0.000000 -0.000000 -0.000000 0 192
0.000000 -0.000000 -0.000000 0 128
0.000000 -0.000000 -0.000000 0 128
0.000000 -0.000000 -0.000000 0 192
0.000000 -0.000000 -0.000000 0 128
0.000000 -0.000000 -0.000000 0 128
0.000000 -0.000000 -0.000000 0 128
0.000000 -0.000000 -0.000000 0 192
0.000000 -0.000000 -0.000000 0 128
0.000000 -0.000000 -0.000000 0 128
0.000000 -0.000000 -0.000000 0 128
0.000000 -0.000000 -0.000000 0 192
0.000000 -0.000000 -0.000000 0 128
0.000000 -0.000000 -0.000000 0 128
0.000000 -0.000000 -0.000000 0 128
0.000000 -0.000000 -0.000000 0 192
0.000000 -0.000000 -0.000000 0 128
0.000000 -0.000000 -0.000000 0 128
0.000000 -0.000000 -0.000000 0 128
0.000000 -0.000000 -0.000000 0 192
0.000000 -0.000000 -0.000000 0 128
0.000000 -0.000000 -0.000000 0 128
0.000000 -0.000000 -0.000000 0 128
0.000000 -0.000000 -0.000000 0 192
0.000000 -0.000000 -0.000000 0 0
0.000000 -0.000000 -0.000000 0 128
0.000000 -0.000000 -0.000000 0 128
0.000000 -0.000000 -0.000000 0 192
0.000000 -0.000000 -0.000000 0 0
0.000000 -0.000000 -0.000000 0 128
0.000000 -0.000000 -0.000000 0 128
0.000000 -0.000000 -0.000000 0 192
0.000000 -0.000000 -0.000000 0 0
0.000000 -0.000000 -0.000000 0 128
0.000000 -0.000000 -0.000000 0 128
0.000000 -0.000000 -0.000000 0 128
0.000000 -0.000000 -0.000000 0 0
0.000000 -0.000000 -0.000000 0 128
0.000000 -0.000000 -0.000000 0 128
0.000000 -0.000000 -0.000000 0 192
0.000000 -0.000000 -0.000000 0 128
0.000000 -0.000000 -0.000000 0 128
0.000000 -0.000000 -0.000000 0 128
0.000000 -0.000000 -0.000000 0 128
0.000000 -0.000000 -0.000000 0 128
0.000000 -0.000000 -0.000000 0 128
0.000000 -0.000000 -0.000000 0 128
0.000000 -0.000000 -0.000000 0 192
0.000000 -0.000000 -0.000000 0 128
0.000000 -0.000000 -0.000000 0 128
0.000000 -0.000000 -0.000000 0 128
0.000000 -0.000000 -0.000000 0 128
0.000000 -0.000000 -0.000000 0 128
0.000000 -0.000000 -0.000000 0 128
0.000000 -0.000000 -0.000000 0 128
0.000000 -0.000000 -0.000000 0 192
0.000000 -0.000000 -0.000000 0 128
0.000000 -0.000000 -0.000000 0 128
0.000000 -0.000000 -0.000000 0 128
0.000000 -0.000000 -0.000000 0 128
0.000000 -0.000000 -0.000000 0 128
0.000000 -0.000000 -0.000000 0 128
0.000000 -0.000000 -0.000000 0 128
0.000000 -0.000000 -0.000000 0 192
0.000000 -0.000000 -0.000000 0 0
0.000000 -0.000000 -0.000000 0 128
0.000000 -0.000000 -0.000000 0 128
0.000000 -0.000000 -0.000000 0 192
0.000000 -0.000000 -0.000000 0 0
0.000000 -0.000000 -0.000000 0 128
0.000000 -0.000000 -0.000000 0 128
0.000000 -0.000000 -0.000000 0 192
0.000000 -0.000000 -0.000000 0 0
0.000000 -0.000000 -0.000000 0 128
0.000000 -0.000000 -0.000000 0 128
0.000000 -0.000000 -0.000000 0 192
0.000000 -0.000000 -0.000000 0 0
0.000000 -0.000000 -0.000000 0 128
0.000000 -0.000000 -0.000000 0 128
0.000000 -0.000000 -0.000000 0 192
0.000000 -0.000000 -0.000000 0 128
0.000000 -0.000000 -0.000000 0 128
0.000000 -0.000000 -0.000000 0 128
0.000000 -0.000000 -0.000000 0 192
0.000000 -0.000000 -0.000000 0 128
0.000000 -0.000000 -0.000000 0 128
0.000000 -0.000000 -0.000000 0 128
0.000000 -0.000000 -0.000000 0 192
0.000000 -0.000000 -0.000000 0 128
0.000000 -0.000000 -0.000000 0 0
0.000000 -0.000000 -0.000000 0 128
0.000000 -0.000000 -0.000000 0 128
0.000000 -0.000000 -0.000000 0 128
0.000000 -0.000000 -0.000000 0 0
0.000000 -0.000000 -0.000000 0 128
0.000000 -0.000000 -0.000000 0 128
0.000000 -0.000000 -0.000000 0 128
0.000000 -0.000000 -0.000000 0 128
0.000000 -0.000000 -0.000000 0 128
0.000000 -0.000000 -0.000000 0 128
0.000000 -0.000000 -0.000000 0 128
0.000000 -0.000000 -0.000000 0 128
0.000000 -0.000000 -0.000000 0 128
0.000000 -0.000000 -0.000000 0 128
0.000000 -0.000000 -0.000000 0 192
0.000000 -0.000000 -0.000000 0 128
0.000000 -0.000000 -0.000000 0 128
0.000000 -0.000000 -0.000000 0 128
0.000000 -0.000000 -0.000000 0 128
0.000000 -0.000000 -0.000000 0 128
0.000000 -0.000000 -0.000000 0 128
0.000000 -0.000000 -0.000000 0 128
0.000000 -0.000000 -0.000000 0 128
0.000000 -0.000000 -0.000000 0 128
0.000000 -0.000000 -0.000000 0 128
0.000000 -0.000000 -0.000000 0 128
0.000000 -0.000000 -0.000000 0 128
0.000000 -0.000000 -0.000000 0 128
0.000000 -0.000000 -0.000000 0 128
0.000000 -0.000000 -0.000000 0 128
0.000000 -0.000000 -0.000000 0 128
0.000000 -0.000000 -0.000000 0 128
0.000000 -0.000000 -0.000000 0 128
0.000000 -0.000000 -0.000000 0 128
0.000000 -0.000000 -0.000000 0 128
0.000000 -0.000000 -0.000000 0 128
0.000000 -0.000000 -0.000000 0 128
0.000000 -0.000000 -0.000000 0 128
0.000000 -0.000000 -0.000000 0 128
0.000000 -0.000000 -0.000000 0 128
0.000000 -0.000000 -0.000000 0 128
0.000000 -0.000000 -0.000000 0 128
0.000000 -0.000000 -0.000000 0 128
0.000000 -0.000000 -0.000000 0 128
0.000000 -0.000000 -0.000000 0 128
0.000000 -0.000000 -0.000000 0 192
0.000000 -0.000000 -0.000000 0 128
0.000000 -0.000000 -0.000000 0 128
0.000000 -0.000000 -0.000000 0 128
0.000000 -0.000000 -0.000000 0 128
0.000000 -0.000000 -0.000000 0 128
0.000000 -0.000000 -0.000000 0 128
0.000000 -0.000000 -0.000000 0 128
0.000000 -0.000000 -0.000000 0 192
0.000000 -0.000000 -0.000000 0 128
0.000000 -0.000000 -0.000000 0 128
0.000000 -0.000000 -0.000000 0 128
0.000000 -0.000000 -0.000000 0 128
0.000000 -0.000000 -0.000000 0 128
0.000000 -0.000000 -0.000000 0 128
0.000000 -0.000000 -0.000000 0 128
0.000000 -0.000000 -0.000000 0 192
0.000000 -0.000000 -0.000000 0 128
0.000000 -0.000000 -0.000000 0 128
0.000000 -0.000000 -0.000000 0 128
0.000000 -0.000000 -0.000000 0 128
0.000000 -0.000000 -0.000000 0 128
0.000000 -0.000000 -0.000000 0 128
0.000000 -0.000000 -0.000000 0 128
0.000000 -0.000000 -0.000000 0 192
0.000000 -0.000000 -0.000000 0 0
0.000000 -0.000000 -0.000000 0 128
0.000000 -0.000000 -0.000000 0 128
0.000000 -0.000000 -0.000000 0 192
0.000000 -0.000000 -0.000000 0 0
0.000000 -0.000000 -0.000000 0 128
0.000000 -0.000000 -0.000000 0 128
0.000000 -0.000000 -0.000000 0 192
0.000000 -0.000000 -0.000000 0 0
0.000000 -0.000000 -0.000000 0 128
0.000000 -0.000000 -0.000000 0 128
0.000000 -0.000000 -0.000000 0 192
0.000000 -0.000000 -0.000000 0 0
0.000000 -0.000000 -0.000000 0 128
0.000000 -0.000000 -0.000000 0 128
0.000000 -0.000000 -0.000000 0 192
0.000000 -0.000000 -0.000000 0 128
0.000000 -0.000000 -0.000000 0 128
0.000000 -0.000000 -0.000000 0 128
0.000000 -0.000000 -0.000000 0 192
0.000000 -0.000000 -0.000000 0 128
0.000000 -0.000000 -0.000000 0 128
0.000000 -0.000000 -0.000000 0 128
0.000000 -0.000000 -0.000000 0 192
0.000000 -0.000000 -0.000000 0 128
0.000000 -0.000000 -0.000000 0 0
0.000000 -0.000000 -0.000000 0 128
0.000000 -0.000000 -0.000000 0 128
0.000000 -0.000000 -0.000000 0 128
0.000000 -0.000000 -0.000000 0 0
0.000000 -0.000000 -0.000000 0 128
0.000000 -0.000000 -0.000000 0 128
0.000000 -0.000000 -0.000000 0 128
0.000000 -0.000000 -0.000000 0 128
0.000000 -0.000000 -0.000000 0 128
0.000000 -0.000000 -0.000000 0 128
0.000000 -0.000000 -0.000000 0 128
0.000000 -0.000000 -0.000000 0 128
0.000000 -0.000000 -0.000000 0 128
0.000000 -0.000000 -0.000000 0 128
0.000000 -0.000000 -0.000000 0 192
0.000000 -0.000000 -0.000000 0 128
0.000000 -0.000000 -0.000000 0 128
0.000000 -0.000000 -0.000000 0 128
0.000000 -0.000000 -0.000000 0 128
0.000000 -0.000000 -0.000000 0 128
0.000000 -0.000000 -0.000000 0 128
0.000000 -0.000000 -0.000000 0 128
0.000000 -0.000000 -0.000000 0 128
0.000000 -0.000000 -0.000000 0 128
0.000000 -0.000000 -0.000000 0 128
0.000000 -0.000000 -0.000000 0 128
0.000000 -0.000000 -0.000000 0 128
0.000000 -0.000000 -0.000000 0 128
0.000000 -0.000000 -0.000000 0 128
0.000000 -0.000000 -0.000000 0 128
0.000000 -0.000000 -0.000000 0 128
0.000000 -0.000000 -0.000000 0 128
0.000000 -0.000000 -0.000000 0 128
0.000000 -0.000000 -0.000000 0 128
0.000000 -0.000000 -0.000000 0 128
0.000000 -0.000000 -0.000000 0 128
0.000000 -0.000000 -0.000000 0 128
0.000000 -0.000000 -0.000000 0 128
0.000000 -0.000000 -0.000000 0 128
0.000000 -0.000000 -0.000000 0 128
0.000000 -0.000000 -0.000000 0 128
0.000000 -0.000000 -0.000000 0 128
0.000000 -0.000000 -0.000000 0 128
0.000000 -0.000000 -0.000000 0 128
0.000000 -0.000000 -0.000000 0 128
0.000000 -0.000000 -0.000000 0 128
0.000000 -0.000000 -0.000000 0 128
0.000000 -0.000000 -0.000000 0 128
0.000000 -0.000000 -0.000000 0 128
0.000000 -0.000000 -0.000000 0 128
0.000000 -0.000000 -0.000000 0 128
0.000000 -0.000000 -0.000000 0 128
0.000000 -0.000000 -0.000000 0 128
0.000000 -0.000000 -0.000000 0 128
0.000000 -0.000000 -0.000000 0 128
0.000000 -0.000000 -0.000000 0 128
0.000000 -0.000000 -0.000000 0 128
0.000000 -0.000000 -0.000000 0 128
0.000000 -0.000000 -0.000000 0 128
0.000000 -0.000000 -0.000000 0 128
0.000000 -0.000000 -0.000000 0 128
0.000000 -0.000000 -0.000000 0 128
0.000000 -0.000000 -0.000000 0 128
0.000000 -0.000000 -0.000000 0 128
0.000000 -0.000000 -0.000000 0 128
0.000000 -0.000000 -0.000000 0 128
0.000000 -0.000000 -0.000000 0 128
0.000000 -0.000000 -0.000000 0 128
0.000000 -0.000000 -0.000000 0 192
0.000000 -0.000000 -0.000000 0 192
0.000000 -0.000000 -0.000000 0 128
0.000000 -0.000000 -0.000000 0 128
0.000000 -0.000000 -0.000000 0 192
0.000000 -0.000000 -0.000000 0 128
0.000000 -0.000000 -0.000000 0 128
0.000000 -0.000000 -0.000000 0 128
0.000000 -0.000000 -0.000000 0 192
0.000000 -0.000000 -0.000000 0 192
0.000000 -0.000000 -0.000000 0 128
0.000000 -0.000000 -0.000000 0 128
0.000000 -0.000000 -0.000000 0 192
0.000000 -0.000000 -0.000000 0 128
0.000000 -0.000000 -0.000000 0 128
0.000000 -0.000000 -0.000000 0 128
0.000000 -0.000000 -0.000000 0 128
0.000000 -0.000000 -0.000000 0 128
0.000000 -0.000000 -0.000000 0 128
0.000000 -0.000000 -0.000000 0 128
0.000000 -0.000000 -0.000000 0 128
0.000000 -0.000000 -0.000000 0 128
0.000000 -0.000000 -0.000000 0 128
0.000000 -0.000000 -0.000000 0 128
0.000000 -0.000000 -0.000000 0 128
0.000000 -0.000000 -0.000000 0 128
0.000000 -0.000000 -0.000000 0 192
0.000000 -0.000000 -0.000000 0 192
0.000000 -0.000000 -0.000000 0 128
0.000000 -0.000000 -0.000000 0 192
0.000000 -0.000000 -0.000000 0 192
0.000000 -0.000000 -0.000000 0 192
0.000000 -0.000000 -0.000000 0 128
0.000000 -0.000000 -0.000000 0 192
0.000000 -0.000000 -0.000000 0 192
0.000000 -0.000000 -0.000000 0 192
0.000000 -0.000000 -0.000000 0 192
0.000000 -0.000000 -0.000000 0 192
0.000000 -0.000000 -0.000000 0 0
0.000000 -0.000000 -0.000000 0 0
0.000000 -0.000000 -0.000000 0 192
0.000000 -0.000000 -0.000000 0 192
0.000000 -0.000000 -0.000000 0 0
0.859000 -1.000000 -1.214000 13 0
0.000000 -0.000000 -0.000000 0 192
0.000000 -0.000000 -0.000000 0 0
0.796000 -0.936000 -1.210000 13 0
0.837000 -1.022000 -1.219000 16 0
0.000000 -0.000000 -0.000000 0 192
0.745000 -0.879000 -1.213000 8 0
0.780000 -0.959000 -1.219000 16 0
0.767000 -0.982000 -1.152000 10 1
0.000000 -0.000000 -0.000000 0 192
0.725000 -0.894000 -1.212000 12 0
0.752000 -0.970000 -1.211000 11 0
0.735000 -0.988000 -1.142000 24 0
0.677000 -0.836000 -1.214000 10 0
0.711000 -0.917000 -1.221000 16 0
0.730000 -0.986000 -1.213000 11 0
0.756000 -1.068000 -1.217000 14 0
0.000000 -0.000000 -0.000000 0 64
0.692000 -0.934000 -1.223000 18 0
0.714000 -1.011000 -1.224000 14 0
0.732000 -1.087000 -1.221000 16 0
0.648000 -0.872000 -1.221000 16 0
0.673000 -0.949000 -1.223000 17 0
0.685000 -1.019000 -1.216000 11 0
0.705000 -1.102000 -1.222000 15 0
0.000000 -0.000000 -0.000000 2 64
0.652000 -0.965000 -1.224000 17 0
0.665000 -1.039000 -1.223000 17 0
0.679000 -1.117000 -1.224000 15 0
0.000000 -0.000000 -0.000000 0 128
0.000000 -0.000000 -0.000000 0 128
0.000000 -0.000000 -0.000000 0 128
0.000000 -0.000000 -0.000000 0 128
0.000000 -0.000000 -0.000000 0 128
0.000000 -0.000000 -0.000000 0 128
0.000000 -0.000000 -0.000000 0 128
0.000000 -0.000000 -0.000000 0 128
0.000000 -0.000000 -0.000000 0 128
0.000000 -0.000000 -0.000000 0 128
0.000000 -0.000000 -0.000000 0 128
0.000000 -0.000000 -0.000000 0 128
0.000000 -0.000000 -0.000000 0 128
0.000000 -0.000000 -0.000000 0 128
0.000000 -0.000000 -0.000000 0 128
0.000000 -0.000000 -0.000000 0 128
0.000000 -0.000000 -0.000000 0 128
0.000000 -0.000000 -0.000000 0 128
0.000000 -0.000000 -0.000000 0 128
0.000000 -0.000000 -0.000000 0 128
0.000000 -0.000000 -0.000000 0 128
0.000000 -0.000000 -0.000000 0 128
0.000000 -0.000000 -0.000000 0 128
0.000000 -0.000000 -0.000000 0 128
0.000000 -0.000000 -0.000000 0 192
0.000000 -0.000000 -0.000000 0 192
0.000000 -0.000000 -0.000000 0 128
0.000000 -0.000000 -0.000000 0 128
0.000000 -0.000000 -0.000000 0 192
0.000000 -0.000000 -0.000000 0 128
0.000000 -0.000000 -0.000000 0 128
0.000000 -0.000000 -0.000000 0 128
0.000000 -0.000000 -0.000000 0 192
0.000000 -0.000000 -0.000000 0 192
0.000000 -0.000000 -0.000000 0 128
0.000000 -0.000000 -0.000000 0 128
0.000000 -0.000000 -0.000000 0 192
0.000000 -0.000000 -0.000000 0 128
0.000000 -0.000000 -0.000000 0 128
0.000000 -0.000000 -0.000000 0 128
0.000000 -0.000000 -0.000000 0 128
0.000000 -0.000000 -0.000000 0 128
0.000000 -0.000000 -0.000000 0 128
0.000000 -0.000000 -0.000000 0 128
0.000000 -0.000000 -0.000000 0 128
0.000000 -0.000000 -0.000000 0 128
0.000000 -0.000000 -0.000000 0 128
0.000000 -0.000000 -0.000000 0 128
0.000000 -0.000000 -0.000000 0 128
0.000000 -0.000000 -0.000000 0 128
0.000000 -0.000000 -0.000000 0 192
0.000000 -0.000000 -0.000000 0 192
0.000000 -0.000000 -0.000000 0 128
0.000000 -0.000000 -0.000000 0 192
0.000000 -0.000000 -0.000000 0 192
0.000000 -0.000000 -0.000000 0 192
0.000000 -0.000000 -0.000000 0 128
0.000000 -0.000000 -0.000000 0 192
0.000000 -0.000000 -0.000000 0 192
0.000000 -0.000000 -0.000000 0 192
0.000000 -0.000000 -0.000000 0 192
0.000000 -0.000000 -0.000000 0 192
0.000000 -0.000000 -0.000000 0 0
0.000000 -0.000000 -0.000000 0 0
0.000000 -0.000000 -0.000000 0 192
0.000000 -0.000000 -0.000000 0 192
0.000000 -0.000000 -0.000000 0 0
0.859000 -1.000000 -1.214000 13 0
0.000000 -0.000000 -0.000000 0 192
0.000000 -0.000000 -0.000000 0 0
0.796000 -0.936000 -1.210000 13 0
0.837000 -1.022000 -1.219000 16 0
0.000000 -0.000000 -0.000000 0 192
0.745000 -0.879000 -1.213000 8 0
0.780000 -0.959000 -1.219000 16 0
0.767000 -0.982000 -1.152000 10 1
0.000000 -0.000000 -0.000000 0 192
0.725000 -0.894000 -1.212000 12 0
0.752000 -0.970000 -1.211000 11 0
0.735000 -0.988000 -1.142000 24 0
0.677000 -0.836000 -1.214000 10 0
0.711000 -0.917000 -1.221000 16 0
0.730000 -0.986000 -1.213000 11 0
0.756000 -1.068000 -1.217000 14 0
0.000000 -0.000000 -0.000000 0 64
0.692000 -0.934000 -1.223000 18 0
0.714000 -1.011000 -1.224000 14 0
0.732000 -1.087000 -1.221000 16 0
0.648000 -0.872000 -1.221000 16 0
0.673000 -0.949000 -1.223000 17 0
0.685000 -1.019000 -1.216000 11 0
0.705000 -1.102000 -1.222000 15 0
0.000000 -0.000000 -0.000000 2 64
0.652000 -0.965000 -1.224000 17 0
0.665000 -1.039000 -1.223000 17 0
0.679000 -1.117000 -1.224000 15 0
0.614000 -0.901000 -1.220000 15 0
0.633000 -0.982000 -1.227000 16 0
0.641000 -1.052000 -1.223000 19 0
0.651000 -1.130000 -1.225000 17 0
0.597000 -0.916000 -1.221000 14 0
0.612000 -0.995000 -1.227000 14 0
0.618000 -1.068000 -1.227000 19 0
0.622000 -1.140000 -1.223000 18 0
0.580000 -0.932000 -1.223000 14 0
0.591000 -1.010000 -1.228000 16 0
0.594000 -1.083000 -1.229000 17 0
0.595000 -1.153000 -1.225000 18 0
0.562000 -0.947000 -1.224000 14 0
0.571000 -1.026000 -1.231000 18 0
0.568000 -1.093000 -1.227000 15 0
0.568000 -1.168000 -1.230000 17 0
0.544000 -0.963000 -1.226000 15 0
0.548000 -1.038000 -1.230000 17 0
0.545000 -1.108000 -1.232000 19 0
0.540000 -1.180000 -1.232000 20 0
0.525000 -0.975000 -1.225000 13 0
0.526000 -1.049000 -1.230000 17 0
0.520000 -1.121000 -1.234000 16 0
0.510000 -1.186000 -1.230000 17 0
0.508000 -0.993000 -1.231000 15 0
0.503000 -1.061000 -1.230000 17 0
0.494000 -1.131000 -1.235000 15 0
0.483000 -1.198000 -1.234000 15 0
0.488000 -1.005000 -1.230000 15 0
0.481000 -1.075000 -1.233000 14 0
0.468000 -1.140000 -1.234000 3 0
0.000000 -0.000000 -0.000000 0 0
0.468000 -1.018000 -1.231000 13 0
0.000000 -0.000000 -0.000000 0 0
0.000000 -0.000000 -0.000000 0 0
0.035000 -0.101000 -0.103000 1 0
0.000000 -0.000000 -0.000000 0 0
0.000000 -0.000000 -0.000000 0 0
0.041000 -0.114000 -0.121000 1 16
0.000000 -0.000000 -0.000000 0 0
0.000000 -0.000000 -0.000000 1 16
0.044000 -0.119000 -0.133000 1 16
0.000000 -0.000000 -0.000000 0 0
0.032000 -0.108000 -0.109000 0 0
0.000000 -0.000000 -0.000000 0 0
0.000000 -0.000000 -0.000000 0 0
0.032000 -0.103000 -0.109000 0 16
0.000000 -0.000000 -0.000000 0 0
0.000000 -0.000000 -0.000000 11 16
0.036000 -0.113000 -0.124000 0 16
0.000000 -0.000000 -0.000000 0 0
0.025000 -0.102000 -0.103000 1 0
0.000000 -0.000000 -0.000000 0 0
0.000000 -0.000000 -0.000000 0 0
0.028000 -0.109000 -0.114000 0 16
0.000000 -0.000000 -0.000000 0 0
0.000000 -0.000000 -0.000000 1 0
0.030000 -0.111000 -0.120000 0 16
0.000000 -0.000000 -0.000000 0 0
0.021000 -0.109000 -0.109000 1 0
0.000000 -0.000000 -0.000000 0 0
0.000000 -0.000000 -0.000000 0 0
0.022000 -0.107000 -0.111000 0 16
0.000000 -0.000000 -0.000000 0 0
0.000000 -0.000000 -0.000000 1 16
0.026000 -0.114000 -0.121000 0 16
0.000000 -0.000000 -0.000000 0 0
0.000000 -0.000000 -0.000000 0 192
0.000000 -0.000000 -0.000000 0 0
0.000000 -0.000000 -0.000000 0 0
0.000000 -0.000000 -0.000000 0 128
0.000000 -0.000000 -0.000000 0 128
0.019000 -0.088000 -0.097000 1 0
0.012000 -0.069000 -0.073000 0 0
0.000000 -0.000000 -0.000000 0 128
0.008000 -0.081000 -0.081000 0 0
0.000000 -0.000000 -0.000000 0 0
0.000000 -0.000000 -0.000000 0 0
0.000000 -0.000000 -0.000000 0 128
0.000000 -0.000000 -0.000000 0 0
0.000000 -0.000000 -0.000000 0 128
0.000000 -0.000000 -0.000000 0 128
0.000000 -0.000000 -0.000000 0 128
0.004000 -0.077000 -0.077000 0 0
0.000000 -0.000000 -0.000000 0 128
0.000000 -0.000000 -0.000000 0 128
0.007000 -0.103000 -0.105000 0 16
0.000000 -0.000000 -0.000000 0 0
0.000000 -0.000000 -0.000000 0 128
0.010000 -0.111000 -0.115000 0 0
0.000000 -0.000000 -0.000000 0 0
0.000000 -0.000000 -0.000000 0 128
0.000000 -0.000000 -0.000000 0 128
0.000000 -0.000000 -0.000000 0 0
0.000000 -0.000000 -0.000000 0 128
0.000000 -0.000000 -0.000000 0 128
0.614000 -0.901000 -1.220000 15 0
0.633000 -0.982000 -1.227000 16 0
0.641000 -1.052000 -1.223000 19 0
0.651000 -1.130000 -1.225000 17 0
0.597000 -0.916000 -1.221000 14 0
0.612000 -0.995000 -1.227000 14 0
0.618000 -1.068000 -1.227000 19 0
0.622000 -1.140000 -1.223000 18 0
0.580000 -0.932000 -1.223000 14 0
0.591000 -1.010000 -1.228000 16 0
0.594000 -1.083000 -1.229000 17 0
0.595000 -1.153000 -1.225000 18 0
0.562000 -0.947000 -1.224000 14 0
0.571000 -1.026000 -1.231000 18 0
0.568000 -1.093000 -1.227000 15 0
0.568000 -1.168000 -1.230000 17 0
0.544000 -0.963000 -1.226000 15 0
0.548000 -1.038000 -1.230000 17 0
0.545000 -1.108000 -1.232000 19 0
0.540000 -1.180000 -1.232000 20 0
0.525000 -0.975000 -1.225000 13 0
0.526000 -1.049000 -1.230000 17 0
0.520000 -1.121000 -1.234000 16 0
0.510000 -1.186000 -1.230000 17 0
0.508000 -0.993000 -1.231000 15 0
0.503000 -1.061000 -1.230000 17 0
0.494000 -1.131000 -1.235000 15 0
0.483000 -1.198000 -1.234000 15 0
0.488000 -1.005000 -1.230000 15 0
0.481000 -1.075000 -1.233000 14 0
0.468000 -1.140000 -1.234000 3 0
0.000000 -0.000000 -0.000000 0 0
0.468000 -1.018000 -1.231000 13 0
0.000000 -0.000000 -0.000000 0 0
0.000000 -0.000000 -0.000000 0 0
0.035000 -0.101000 -0.103000 1 0
0.000000 -0.000000 -0.000000 0 0
0.000000 -0.000000 -0.000000 0 0
0.041000 -0.114000 -0.121000 1 16
0.000000 -0.000000 -0.000000 0 0
0.000000 -0.000000 -0.000000 1 16
0.044000 -0.119000 -0.133000 1 16
0.000000 -0.000000 -0.000000 0 0
0.032000 -0.108000 -0.109000 0 0
0.000000 -0.000000 -0.000000 0 0
0.000000 -0.000000 -0.000000 0 0
0.032000 -0.103000 -0.109000 0 16
0.000000 -0.000000 -0.000000 0 0
0.000000 -0.000000 -0.000000 11 16
0.036000 -0.113000 -0.124000 0 16
0.000000 -0.000000 -0.000000 0 0
0.025000 -0.102000 -0.103000 1 0
0.000000 -0.000000 -0.000000 0 0
0.000000 -0.000000 -0.000000 0 0
0.028000 -0.109000 -0.114000 0 16
0.000000 -0.000000 -0.000000 0 0
0.000000 -0.000000 -0.000000 1 0
0.030000 -0.111000 -0.120000 0 16
0.000000 -0.000000 -0.000000 0 0
0.021000 -0.109000 -0.109000 1 0
0.000000 -0.000000 -0.000000 0 0
0.000000 -0.000000 -0.000000 0 0
0.022000 -0.107000 -0.111000 0 16
0.000000 -0.000000 -0.000000 0 0
0.000000 -0.000000 -0.000000 1 16
0.026000 -0.114000 -0.121000 0 16
0.000000 -0.000000 -0.000000 0 0
0.000000 -0.000000 -0.000000 0 192
0.000000 -0.000000 -0.000000 0 0
0.000000 -0.000000 -0.000000 0 0
0.000000 -0.000000 -0.000000 0 128
0.000000 -0.000000 -0.000000 0 128
0.019000 -0.088000 -0.097000 1 0
0.012000 -0.069000 -0.073000 0 0
0.000000 -0.000000 -0.000000 0 128
0.008000 -0.081000 -0.081000 0 0
0.000000 -0.000000 -0.000000 0 0
0.000000 -0.000000 -0.000000 0 0
0.000000 -0.000000 -0.000000 0 128
0.000000 -0.000000 -0.000000 0 0
0.000000 -0.000000 -0.000000 0 128
0.000000 -0.000000 -0.000000 0 128
0.000000 -0.000000 -0.000000 0 128
0.004000 -0.077000 -0.077000 0 0
0.000000 -0.000000 -0.000000 0 128
0.000000 -0.000000 -0.000000 0 128
0.007000 -0.103000 -0.105000 0 16
0.000000 -0.000000 -0.000000 0 0
0.000000 -0.000000 -0.000000 0 128
0.010000 -0.111000 -0.115000 0 0
0.000000 -0.000000 -0.000000 0 0
0.000000 -0.000000 -0.000000 0 128
0.000000 -0.000000 -0.000000 0 128
0.000000 -0.000000 -0.000000 0 0
0.000000 -0.000000 -0.000000 0 128
0.000000 -0.000000 -0.000000 0 128
0.009000 -0.100000 -0.106000 1 0
0.000000 -0.000000 -0.000000 0 128
0.000000 -0.000000 -0.000000 0 128
-0.003000 -0.112000 -0.113000 1 0
0.000000 -0.000000 -0.000000 0 0
0.000000 -0.000000 -0.000000 0 128
-0.001000 -0.106000 -0.109000 0 16
0.000000 -0.000000 -0.000000 0 0
0.003000 -0.068000 -0.072000 0 0
0.000000 -0.096000 -0.100000 0 0
0.000000 -0.000000 -0.000000 0 0
-0.008000 -0.110000 -0.113000 1 0
0.000000 -0.000000 -0.000000 0 0
0.000000 -0.000000 -0.000000 0 0
-0.006000 -0.109000 -0.113000 0 16
0.000000 -0.000000 -0.000000 0 0
0.000000 -0.096000 -0.101000 0 0
-0.004000 -0.113000 -0.117000 0 0
0.000000 -0.000000 -0.000000 0 0
-0.013000 -0.110000 -0.114000 1 0
0.000000 -0.000000 -0.000000 0 0
0.000000 -0.000000 -0.000000 0 0
-0.011000 -0.113000 -0.117000 0 16
0.000000 -0.000000 -0.000000 0 0
-0.004000 -0.105000 -0.109000 1 0
-0.009000 -0.114000 -0.118000 0 0
0.000000 -0.000000 -0.000000 0 0
-0.020000 -0.119000 -0.126000 1 16
0.000000 -0.000000 -0.000000 0 0
0.000000 -0.000000 -0.000000 0 0
-0.016000 -0.111000 -0.116000 0 16
-0.228000 -1.177000 -1.250000 1 0
-0.008000 -0.106000 -0.110000 1 0
-0.014000 -0.114000 -0.119000 0 0
0.000000 -0.000000 -0.000000 0 0
-0.257000 -1.183000 -1.267000 2 0
0.000000 -0.000000 -0.000000 0 0
0.000000 -0.000000 -0.000000 0 0
-0.021000 -0.111000 -0.118000 0 0
0.000000 -0.000000 -0.000000 0 0
-0.014000 -0.114000 -0.118000 1 0
-0.021000 -0.122000 -0.128000 0 0
-0.258000 -1.185000 -1.267000 2 0
0.000000 -0.000000 -0.000000 0 128
0.000000 -0.000000 -0.000000 0 0
-0.226000 -1.166000 -1.227000 1 0
0.000000 -0.000000 -0.000000 0 0
0.000000 -0.000000 -0.000000 0 128
-0.019000 -0.115000 -0.119000 1 0
-0.255000 -1.172000 -1.238000 1 0
0.000000 -0.000000 -0.000000 0 128
0.000000 -0.000000 -0.000000 0 128
0.000000 -0.000000 -0.000000 0 0
0.000000 -0.000000 -0.000000 0 0
0.000000 -0.000000 -0.000000 0 128
-0.339000 -0.998000 -1.124000 1 0
0.000000 -0.000000 -0.000000 0 0
0.000000 -0.000000 -0.000000 0 128
0.000000 -0.000000 -0.000000 0 128
-0.404000 -1.106000 -1.261000 8 0
0.000000 -0.000000 -0.000000 0 0
0.000000 -0.000000 -0.000000 0 128
-0.373000 -1.105000 -1.229000 1 0
-0.428000 -1.096000 -1.264000 6 0
0.000000 -0.000000 -0.000000 0 128
0.000000 -0.000000 -0.000000 0 128
-0.409000 -1.128000 -1.266000 4 0
0.000000 -0.000000 -0.000000 0 0
0.000000 -0.000000 -0.000000 0 128
0.000000 -0.000000 -0.000000 0 128
-0.433000 -1.115000 -1.265000 8 0
0.000000 -0.000000 -0.000000 0 128
0.000000 -0.000000 -0.000000 0 128
0.000000 -0.000000 -0.000000 0 0
-0.457000 -1.104000 -1.266000 6 0
0.000000 -0.000000 -0.000000 0 128
0.000000 -0.000000 -0.000000 0 128
-0.442000 -1.143000 -1.262000 4 0
0.000000 -0.000000 -0.000000 0 0
0.000000 -0.000000 -0.000000 0 128
0.000000 -0.000000 -0.000000 0 128
-0.468000 -1.134000 -1.263000 10 0
0.000000 -0.000000 -0.000000 0 0
0.000000 -0.000000 -0.000000 0 128
0.000000 -0.000000 -0.000000 0 128
-0.495000 -1.128000 -1.268000 11 0
0.000000 -0.000000 -0.000000 0 0
0.000000 -0.000000 -0.000000 0 128
0.000000 -0.000000 -0.000000 0 0
-0.519000 -1.115000 -1.266000 9 0
0.000000 -0.000000 -0.000000 0 0
0.000000 -0.000000 -0.000000 0 128
-0.508000 -1.159000 -1.260000 7 0
-0.544000 -1.104000 -1.266000 8 0
0.000000 -0.000000 -0.000000 0 0
0.000000 -0.000000 -0.000000 1 64
0.009000 -0.100000 -0.106000 1 0
0.000000 -0.000000 -0.000000 0 128
0.000000 -0.000000 -0.000000 0 128
-0.003000 -0.112000 -0.113000 1 0
0.000000 -0.000000 -0.000000 0 0
0.000000 -0.000000 -0.000000 0 128
-0.001000 -0.106000 -0.109000 0 16
0.000000 -0.000000 -0.000000 0 0
0.003000 -0.068000 -0.072000 0 0
0.000000 -0.096000 -0.100000 0 0
0.000000 -0.000000 -0.000000 0 0
-0.008000 -0.110000 -0.113000 1 0
0.000000 -0.000000 -0.000000 0 0
0.000000 -0.000000 -0.000000 0 0
-0.006000 -0.109000 -0.113000 0 16
0.000000 -0.000000 -0.000000 0 0
0.000000 -0.096000 -0.101000 0 0
-0.004000 -0.113000 -0.117000 0 0
0.000000 -0.000000 -0.000000 0 0
-0.013000 -0.110000 -0.114000 1 0
0.000000 -0.000000 -0.000000 0 0
0.000000 -0.000000 -0.000000 0 0
-0.011000 -0.113000 -0.117000 0 16
0.000000 -0.000000 -0.000000 0 0
-0.004000 -0.105000 -0.109000 1 0
-0.009000 -0.114000 -0.118000 0 0
0.000000 -0.000000 -0.000000 0 0
-0.020000 -0.119000 -0.126000 1 16
0.000000 -0.000000 -0.000000 0 0
0.000000 -0.000000 -0.000000 0 0
-0.016000 -0.111000 -0.116000 0 16
-0.228000 -1.177000 -1.250000 1 0
-0.008000 -0.106000 -0.110000 1 0
-0.014000 -0.114000 -0.119000 0 0
0.000000 -0.000000 -0.000000 0 0
-0.257000 -1.183000 -1.267000 2 0
0.000000 -0.000000 -0.000000 0 0
0.000000 -0.000000 -0.000000 0 0
-0.021000 -0.111000 -0.118000 0 0
0.000000 -0.000000 -0.000000 0 0
-0.014000 -0.114000 -0.118000 1 0
-0.021000 -0.122000 -0.128000 0 0
-0.258000 -1.185000 -1.267000 2 0
0.000000 -0.000000 -0.000000 0 128
0.000000 -0.000000 -0.000000 0 0
-0.226000 -1.166000 -1.227000 1 0
0.000000 -0.000000 -0.000000 0 0
0.000000 -0.000000 -0.000000 0 128
-0.019000 -0.115000 -0.119000 1 0
-0.255000 -1.172000 -1.238000 1 0
0.000000 -0.000000 -0.000000 0 128
0.000000 -0.000000 -0.000000 0 128
0.000000 -0.000000 -0.000000 0 0
0.000000 -0.000000 -0.000000 0 0
0.000000 -0.000000 -0.000000 0 128
-0.339000 -0.998000 -1.124000 1 0
0.000000 -0.000000 -0.000000 0 0
0.000000 -0.000000 -0.000000 0 128
0.000000 -0.000000 -0.000000 0 128
-0.404000 -1.106000 -1.261000 8 0
0.000000 -0.000000 -0.000000 0 0
0.000000 -0.000000 -0.000000 0 128
-0.373000 -1.105000 -1.229000 1 0
-0.428000 -1.096000 -1.264000 6 0
0.000000 -0.000000 -0.000000 0 128
0.000000 -0.000000 -0.000000 0 128
-0.409000 -1.128000 -1.266000 4 0
0.000000 -0.000000 -0.000000 0 0
0.000000 -0.000000 -0.000000 0 128
0.000000 -0.000000 -0.000000 0 128
-0.433000 -1.115000 -1.265000 8 0
0.000000 -0.000000 -0.000000 0 128
0.000000 -0.000000 -0.000000 0 128
0.000000 -0.000000 -0.000000 0 0
-0.457000 -1.104000 -1.266000 6 0
0.000000 -0.000000 -0.000000 0 128
0.000000 -0.000000 -0.000000 0 128
-0.442000 -1.143000 -1.262000 4 0
0.000000 -0.000000 -0.000000 0 0
0.000000 -0.000000 -0.000000 0 128
0.000000 -0.000000 -0.000000 0 128
-0.468000 -1.134000 -1.263000 10 0
0.000000 -0.000000 -0.000000 0 0
0.000000 -0.000000 -0.000000 0 128
0.000000 -0.000000 -0.000000 0 128
-0.495000 -1.128000 -1.268000 11 0
0.000000 -0.000000 -0.000000 0 0
0.000000 -0.000000 -0.000000 0 128
0.000000 -0.000000 -0.000000 0 0
-0.519000 -1.115000 -1.266000 9 0
0.000000 -0.000000 -0.000000 0 0
0.000000 -0.000000 -0.000000 0 128
-0.508000 -1.159000 -1.260000 7 0
-0.544000 -1.104000 -1.266000 8 0
0.000000 -0.000000 -0.000000 0 0
0.000000 -0.000000 -0.000000 1 64
-0.538000 -1.155000 -1.266000 11 0
-0.569000 -1.093000 -1.268000 9 0
-0.598000 -1.030000 -1.274000 0 0
-0.620000 -0.959000 -1.271000 14 0
-0.565000 -1.146000 -1.267000 15 0
-0.594000 -1.081000 -1.268000 13 0
-0.618000 -1.013000 -1.272000 16 0
-0.633000 -0.934000 -1.260000 11 0
-0.591000 -1.134000 -1.265000 14 0
-0.619000 -1.069000 -1.270000 13 0
-0.635000 -0.991000 -1.264000 13 0
-0.652000 -0.917000 -1.262000 13 0
-0.621000 -1.128000 -1.271000 15 0
-0.642000 -1.055000 -1.270000 15 0
-0.660000 -0.980000 -1.271000 17 0
-0.669000 -0.899000 -1.261000 13 0
-0.647000 -1.115000 -1.271000 24 0
-0.667000 -1.042000 -1.272000 22 0
-0.680000 -0.964000 -1.271000 21 0
-0.691000 -0.886000 -1.270000 19 0
-0.658000 -1.078000 -1.243000 42 0
-0.673000 -1.002000 -1.241000 41 0
-0.689000 -0.932000 -1.252000 40 0
-0.704000 -0.863000 -1.263000 36 0
-0.667000 -1.040000 -1.213000 51 0
-0.683000 -0.969000 -1.218000 51 0
-0.696000 -0.900000 -1.231000 42 0
-0.713000 -0.835000 -1.250000 39 0
-0.687000 -1.019000 -1.204000 67 0
-0.697000 -0.944000 -1.205000 57 0
0.000000 -0.000000 -0.000000 11 0
-0.715000 -0.802000 -1.228000 34 0
-0.695000 -0.982000 -1.176000 57 0
-0.709000 -0.916000 -1.190000 56 0
-0.716000 -0.845000 -1.202000 50 0
0.000000 -0.000000 -0.000000 11 64
-0.700000 -0.944000 -1.147000 48 0
-0.717000 -0.886000 -1.171000 59 0
0.000000 -0.000000 -0.000000 12 0
-0.732000 -0.751000 -1.207000 49 0
-0.715000 -0.919000 -1.135000 14 0
-0.729000 -0.860000 -1.158000 10 0
0.000000 -0.000000 -0.000000 10 0
0.000000 -0.000000 -0.000000 12 64
-0.723000 -0.887000 -1.113000 13 0
-0.732000 -0.826000 -1.133000 51 0
0.000000 -0.000000 -0.000000 11 0
0.000000 -0.000000 -0.000000 12 64
-0.731000 -0.856000 -1.093000 12 0
-0.744000 -0.803000 -1.124000 10 0
0.000000 -0.000000 -0.000000 10 0
0.000000 -0.000000 -0.000000 11 64
-0.733000 -0.821000 -1.067000 13 0
-0.751000 -0.774000 -1.107000 10 0
0.000000 -0.000000 -0.000000 10 0
0.000000 -0.000000 -0.000000 11 64
-0.742000 -0.794000 -1.052000 13 0
-0.754000 -0.744000 -1.088000 10 0
0.000000 -0.000000 -0.000000 10 0
0.000000 -0.000000 -0.000000 11 64
-0.753000 -0.769000 -1.040000 13 0
-0.763000 -0.719000 -1.077000 10 0
0.000000 -0.000000 -0.000000 10 0
0.000000 -0.000000 -0.000000 11 64
-0.759000 -0.740000 -1.023000 13 0
-0.770000 -0.694000 -1.064000 10 0
0.000000 -0.000000 -0.000000 10 0
0.000000 -0.000000 -0.000000 11 64
-0.766000 -0.715000 -1.010000 13 0
-0.774000 -0.667000 -1.049000 10 0
0.000000 -0.000000 -0.000000 10 0
0.000000 -0.000000 -0.000000 12 64
-0.775000 -0.690000 -0.999000 13 0
-0.782000 -0.643000 -1.040000 10 0
0.000000 -0.000000 -0.000000 10 0
0.000000 -0.000000 -0.000000 12 64
-0.783000 -0.666000 -0.988000 13 0
-0.787000 -0.618000 -1.027000 10 0
0.000000 -0.000000 -0.000000 11 0
0.000000 -0.000000 -0.000000 12 64
-0.786000 -0.638000 -0.972000 13 0
-0.797000 -0.598000 -1.023000 11 0
0.000000 -0.000000 -0.000000 11 0
0.000000 -0.000000 -0.000000 12 64
-0.797000 -0.617000 -0.966000 13 0
-0.803000 -0.575000 -1.014000 11 0
0.000000 -0.000000 -0.000000 11 0
0.000000 -0.000000 -0.000000 12 64
-0.804000 -0.593000 -0.956000 13 0
-0.808000 -0.552000 -1.005000 11 0
0.000000 -0.000000 -0.000000 12 0
0.000000 -0.000000 -0.000000 12 64
-0.808000 -0.568000 -0.944000 12 0
-0.815000 -0.530000 -0.998000 11 0
0.000000 -0.000000 -0.000000 11 0
0.000000 -0.000000 -0.000000 12 64
-0.538000 -1.155000 -1.266000 11 0
-0.569000 -1.093000 -1.268000 9 0
-0.598000 -1.030000 -1.274000 0 0
-0.620000 -0.959000 -1.271000 14 0
-0.565000 -1.146000 -1.267000 15 0
-0.594000 -1.081000 -1.268000 13 0
-0.618000 -1.013000 -1.272000 16 0
-0.633000 -0.934000 -1.260000 11 0
-0.591000 -1.134000 -1.265000 14 0
-0.619000 -1.069000 -1.270000 13 0
-0.635000 -0.991000 -1.264000 13 0
-0.652000 -0.917000 -1.262000 13 0
-0.621000 -1.128000 -1.271000 15 0
-0.642000 -1.055000 -1.270000 15 0
-0.660000 -0.980000 -1.271000 17 0
-0.669000 -0.899000 -1.261000 13 0
-0.647000 -1.115000 -1.271000 24 0
-0.667000 -1.042000 -1.272000 22 0
-0.680000 -0.964000 -1.271000 21 0
-0.691000 -0.886000 -1.270000 19 0
-0.658000 -1.078000 -1.243000 42 0
-0.673000 -1.002000 -1.241000 41 0
-0.689000 -0.932000 -1.252000 40 0
-0.704000 -0.863000 -1.263000 36 0
-0.667000 -1.040000 -1.213000 51 0
-0.683000 -0.969000 -1.218000 51 0
-0.696000 -0.900000 -1.231000 42 0
-0.713000 -0.835000 -1.250000 39 0
-0.687000 -1.019000 -1.204000 67 0
-0.697000 -0.944000 -1.205000 57 0
0.000000 -0.000000 -0.000000 11 0
-0.715000 -0.802000 -1.228000 34 0
-0.695000 -0.982000 -1.176000 57 0
-0.709000 -0.916000 -1.190000 56 0
-0.716000 -0.845000 -1.202000 50 0
0.000000 -0.000000 -0.000000 11 64
-0.700000 -0.944000 -1.147000 48 0
-0.717000 -0.886000 -1.171000 59 0
0.000000 -0.000000 -0.000000 12 0
-0.732000 -0.751000 -1.207000 49 0
-0.715000 -0.919000 -1.135000 14 0
-0.729000 -0.860000 -1.158000 10 0
0.000000 -0.000000 -0.000000 10 0
0.000000 -0.000000 -0.000000 12 64
-0.723000 -0.887000 -1.113000 13 0
-0.732000 -0.826000 -1.133000 51 0
0.000000 -0.000000 -0.000000 11 0
0.000000 -0.000000 -0.000000 12 64
-0.731000 -0.856000 -1.093000 12 0
-0.744000 -0.803000 -1.124000 10 0
0.000000 -0.000000 -0.000000 10 0
0.000000 -0.000000 -0.000000 11 64
-0.733000 -0.821000 -1.067000 13 0
-0.751000 -0.774000 -1.107000 10 0
0.000000 -0.000000 -0.000000 10 0
0.000000 -0.000000 -0.000000 11 64
-0.742000 -0.794000 -1.052000 13 0
-0.754000 -0.744000 -1.088000 10 0
0.000000 -0.000000 -0.000000 10 0
0.000000 -0.000000 -0.000000 11 64
-0.753000 -0.769000 -1.040000 13 0
-0.763000 -0.719000 -1.077000 10 0
0.000000 -0.000000 -0.000000 10 0
0.000000 -0.000000 -0.000000 11 64
-0.759000 -0.740000 -1.023000 13 0
-0.770000 -0.694000 -1.064000 10 0
0.000000 -0.000000 -0.000000 10 0
0.000000 -0.000000 -0.000000 11 64
-0.766000 -0.715000 -1.010000 13 0
-0.774000 -0.667000 -1.049000 10 0
0.000000 -0.000000 -0.000000 10 0
0.000000 -0.000000 -0.000000 12 64
-0.775000 -0.690000 -0.999000 13 0
-0.782000 -0.643000 -1.040000 10 0
0.000000 -0.000000 -0.000000 10 0
0.000000 -0.000000 -0.000000 12 64
-0.783000 -0.666000 -0.988000 13 0
-0.787000 -0.618000 -1.027000 10 0
0.000000 -0.000000 -0.000000 11 0
0.000000 -0.000000 -0.000000 12 64
-0.786000 -0.638000 -0.972000 13 0
-0.797000 -0.598000 -1.023000 11 0
0.000000 -0.000000 -0.000000 11 0
0.000000 -0.000000 -0.000000 12 64
-0.797000 -0.617000 -0.966000 13 0
-0.803000 -0.575000 -1.014000 11 0
0.000000 -0.000000 -0.000000 11 0
0.000000 -0.000000 -0.000000 12 64
-0.804000 -0.593000 -0.956000 13 0
-0.808000 -0.552000 -1.005000 11 0
0.000000 -0.000000 -0.000000 12 0
0.000000 -0.000000 -0.000000 12 64
-0.808000 -0.568000 -0.944000 12 0
-0.815000 -0.530000 -0.998000 11 0
0.000000 -0.000000 -0.000000 11 0
0.000000 -0.000000 -0.000000 12 64
-0.817000 -0.546000 -0.939000 12 0
-0.821000 -0.508000 -0.992000 11 0
0.000000 -0.000000 -0.000000 11 0
0.000000 -0.000000 -0.000000 11 64
-0.824000 -0.524000 -0.931000 12 0
-0.827000 -0.486000 -0.986000 12 0
0.000000 -0.000000 -0.000000 12 0
0.000000 -0.000000 -0.000000 11 64
-0.829000 -0.501000 -0.923000 12 0
-0.831000 -0.464000 -0.978000 11 0
0.000000 -0.000000 -0.000000 11 64
0.000000 -0.000000 -0.000000 12 64
-0.835000 -0.479000 -0.917000 12 0
-0.840000 -0.444000 -0.977000 12 0
0.000000 -0.000000 -0.000000 11 64
0.000000 -0.000000 -0.000000 11 64
-0.834000 -0.453000 -0.903000 11 0
-0.845000 -0.423000 -0.972000 14 0
0.000000 -0.000000 -0.000000 11 64
0.000000 -0.000000 -0.000000 3 64
-0.838000 -0.430000 -0.896000 10 0
-0.847000 -0.400000 -0.964000 14 0
0.000000 -0.000000 -0.000000 12 64
0.000000 -0.000000 -0.000000 0 0
-0.842000 -0.408000 -0.889000 9 64
-0.854000 -0.380000 -0.962000 14 0
0.000000 -0.000000 -0.000000 0 0
0.000000 -0.000000 -0.000000 0 128
-0.845000 -0.386000 -0.882000 12 0
-0.854000 -0.358000 -0.953000 10 0
0.000000 -0.000000 -0.000000 0 0
0.000000 -0.000000 -0.000000 0 128
-0.852000 -0.365000 -0.880000 10 64
0.000000 -0.000000 -0.000000 0 0
0.000000 -0.000000 -0.000000 0 0
0.000000 -0.000000 -0.000000 0 128
0.000000 -0.000000 -0.000000 0 0
0.000000 -0.000000 -0.000000 0 0
0.000000 -0.000000 -0.000000 0 0
0.000000 -0.000000 -0.000000 0 0
0.000000 -0.000000 -0.000000 0 0
0.000000 -0.000000 -0.000000 0 0
0.000000 -0.000000 -0.000000 7 0
0.000000 -0.000000 -0.000000 11 64
0.000000 -0.000000 -0.000000 0 0
0.000000 -0.000000 -0.000000 0 0
0.000000 -0.000000 -0.000000 12 0
0.000000 -0.000000 -0.000000 11 0
0.000000 -0.000000 -0.000000 0 0
0.000000 -0.000000 -0.000000 0 0
0.000000 -0.000000 -0.000000 12 0
0.000000 -0.000000 -0.000000 12 0
0.000000 -0.000000 -0.000000 0 0
-0.878000 -0.235000 -0.937000 10 0
0.000000 -0.000000 -0.000000 12 0
0.000000 -0.000000 -0.000000 11 0
-0.885000 -0.241000 -0.868000 8 0
-0.881000 -0.214000 -0.935000 8 0
0.000000 -0.000000 -0.000000 12 0
0.000000 -0.000000 -0.000000 11 0
-0.894000 -0.221000 -0.871000 8 0
-0.886000 -0.195000 -0.936000 8 0
0.000000 -0.000000 -0.000000 12 0
0.000000 -0.000000 -0.000000 11 0
-0.899000 -0.200000 -0.871000 9 0
-0.898000 -0.176000 -0.945000 14 0
0.000000 -0.000000 -0.000000 12 0
0.000000 -0.000000 -0.000000 11 0
-0.902000 -0.179000 -0.869000 9 0
-0.900000 -0.156000 -0.944000 14 0
0.000000 -0.000000 -0.000000 11 0
0.000000 -0.000000 -0.000000 10 0
-0.909000 -0.158000 -0.873000 10 0
-0.903000 -0.135000 -0.944000 13 0
0.000000 -0.000000 -0.000000 11 0
0.000000 -0.000000 -0.000000 10 0
-0.920000 -0.138000 -0.880000 11 0
-0.909000 -0.115000 -0.948000 14 0
0.000000 -0.000000 -0.000000 11 0
0.000000 -0.000000 -0.000000 11 0
-0.913000 -0.115000 -0.871000 16 0
-0.921000 -0.096000 -0.959000 11 0
0.000000 -0.000000 -0.000000 11 0
0.000000 -0.000000 -0.000000 11 0
-0.920000 -0.094000 -0.875000 15 0
-0.926000 -0.075000 -0.962000 11 0
0.000000 -0.000000 -0.000000 11 0
0.000000 -0.000000 -0.000000 11 0
-0.931000 -0.074000 -0.883000 15 0
-0.930000 -0.054000 -0.965000 11 0
0.000000 -0.000000 -0.000000 11 0
0.000000 -0.000000 -0.000000 11 0
-0.932000 -0.052000 -0.883000 10 0
-0.933000 -0.033000 -0.968000 11 0
0.000000 -0.000000 -0.000000 11 0
0.000000 -0.000000 -0.000000 10 0
-0.817000 -0.546000 -0.939000 12 0
-0.821000 -0.508000 -0.992000 11 0
0.000000 -0.000000 -0.000000 11 0
0.000000 -0.000000 -0.000000 11 64
-0.824000 -0.524000 -0.931000 12 0
-0.827000 -0.486000 -0.986000 12 0
0.000000 -0.000000 -0.000000 12 0
0.000000 -0.000000 -0.000000 11 64
-0.829000 -0.501000 -0.923000 12 0
-0.831000 -0.464000 -0.978000 11 0
0.000000 -0.000000 -0.000000 11 64
0.000000 -0.000000 -0.000000 12 64
-0.835000 -0.479000 -0.917000 12 0
-0.840000 -0.444000 -0.977000 12 0
0.000000 -0.000000 -0.000000 11 64
0.000000 -0.000000 -0.000000 11 64
-0.834000 -0.453000 -0.903000 11 0
-0.845000 -0.423000 -0.972000 14 0
0.000000 -0.000000 -0.000000 11 64
0.000000 -0.000000 -0.000000 3 64
-0.838000 -0.430000 -0.896000 10 0
-0.847000 -0.400000 -0.964000 14 0
0.000000 -0.000000 -0.000000 12 64
0.000000 -0.000000 -0.000000 0 0
-0.842000 -0.408000 -0.889000 9 64
-0.854000 -0.380000 -0.962000 14 0
0.000000 -0.000000 -0.000000 0 0
0.000000 -0.000000 -0.000000 0 128
-0.845000 -0.386000 -0.882000 12 0
-0.854000 -0.358000 -0.953000 10 0
0.000000 -0.000000 -0.000000 0 0
0.000000 -0.000000 -0.000000 0 128
-0.852000 -0.365000 -0.880000 10 64
0.000000 -0.000000 -0.000000 0 0
0.000000 -0.000000 -0.000000 0 0
0.000000 -0.000000 -0.000000 0 128
0.000000 -0.000000 -0.000000 0 0
0.000000 -0.000000 -0.000000 0 0
0.000000 -0.000000 -0.000000 0 0
0.000000 -0.000000 -0.000000 0 0
0.000000 -0.000000 -0.000000 0 0
0.000000 -0.000000 -0.000000 0 0
0.000000 -0.000000 -0.000000 7 0
0.000000 -0.000000 -0.000000 11 64
0.000000 -0.000000 -0.000000 0 0
0.000000 -0.000000 -0.000000 0 0
0.000000 -0.000000 -0.000000 12 0
0.000000 -0.000000 -0.000000 11 0
0.000000 -0.000000 -0.000000 0 0
0.000000 -0.000000 -0.000000 0 0
0.000000 -0.000000 -0.000000 12 0
0.000000 -0.000000 -0.000000 12 0
0.000000 -0.000000 -0.000000 0 0
-0.878000 -0.235000 -0.937000 10 0
0.000000 -0.000000 -0.000000 12 0
0.000000 -0.000000 -0.000000 11 0
-0.885000 -0.241000 -0.868000 8 0
-0.881000 -0.214000 -0.935000 8 0
0.000000 -0.000000 -0.000000 12 0
0.000000 -0.000000 -0.000000 11 0
-0.894000 -0.221000 -0.871000 8 0
-0.886000 -0.195000 -0.936000 8 0
0.000000 -0.000000 -0.000000 12 0
0.000000 -0.000000 -0.000000 11 0
-0.899000 -0.200000 -0.871000 9 0
-0.898000 -0.176000 -0.945000 14 0
0.000000 -0.000000 -0.000000 12 0
0.000000 -0.000000 -0.000000 11 0
-0.902000 -0.179000 -0.869000 9 0
-0.900000 -0.156000 -0.944000 14 0
0.000000 -0.000000 -0.000000 11 0
0.000000 -0.000000 -0.000000 10 0
-0.909000 -0.158000 -0.873000 10 0
-0.903000 -0.135000 -0.944000 13 0
0.000000 -0.000000 -0.000000 11 0
0.000000 -0.000000 -0.000000 10 0
-0.920000 -0.138000 -0.880000 11 0
-0.909000 -0.115000 -0.948000 14 0
0.000000 -0.000000 -0.000000 11 0
0.000000 -0.000000 -0.000000 11 0
-0.913000 -0.115000 -0.871000 16 0
-0.921000 -0.096000 -0.959000 11 0
0.000000 -0.000000 -0.000000 11 0
0.000000 -0.000000 -0.000000 11 0
-0.920000 -0.094000 -0.875000 15 0
-0.926000 -0.075000 -0.962000 11 0
0.000000 -0.000000 -0.000000 11 0
0.000000 -0.000000 -0.000000 11 0
-0.931000 -0.074000 -0.883000 15 0
-0.930000 -0.054000 -0.965000 11 0
0.000000 -0.000000 -0.000000 11 0
0.000000 -0.000000 -0.000000 11 0
-0.932000 -0.052000 -0.883000 10 0
-0.933000 -0.033000 -0.968000 11 0
0.000000 -0.000000 -0.000000 11 0
0.000000 -0.000000 -0.000000 10 0
