# x y z reflectivity tag
-0.651000 -1.221000 -0.802000 54 0
-0.667000 -1.190000 -0.833000 11 0
-0.674000 -1.153000 -0.860000 10 0
-0.677000 -1.109000 -0.881000 46 0
-0.670000 -1.187000 -0.788000 13 0
-0.676000 -1.144000 -0.811000 10 0
-0.676000 -1.100000 -0.832000 10 0
-0.691000 -1.081000 -0.871000 11 0
-0.674000 -1.129000 -0.759000 12 0
-0.682000 -1.096000 -0.786000 10 0
-0.691000 -1.071000 -0.821000 10 0
-0.703000 -1.050000 -0.858000 10 0
-0.688000 -1.093000 -0.744000 12 0
-0.696000 -1.062000 -0.773000 10 0
-0.698000 -1.031000 -0.802000 10 0
-0.710000 -1.013000 -0.841000 8 0
-0.701000 -1.055000 -0.728000 12 0
-0.703000 -1.021000 -0.754000 9 0
-0.709000 -0.998000 -0.788000 10 0
-0.716000 -0.978000 -0.825000 5 0
-0.709000 -1.014000 -0.709000 12 64
-0.714000 -0.987000 -0.740000 9 0
-0.718000 -0.965000 -0.774000 9 0
-0.721000 -0.942000 -0.808000 0 0
-0.721000 -0.980000 -0.696000 12 0
-0.722000 -0.951000 -0.724000 10 0
-0.725000 -0.931000 -0.759000 8 0
0.000000 -0.000000 -0.000000 0 0
-0.731000 -0.945000 -0.682000 13 64
-0.732000 -0.920000 -0.712000 10 0
-0.739000 -0.908000 -0.753000 6 0
0.000000 -0.000000 -0.000000 0 128
-0.737000 -0.906000 -0.665000 12 0
-0.742000 -0.889000 -0.700000 9 0
-0.740000 -0.868000 -0.733000 1 0
0.000000 -0.000000 -0.000000 0 128
-0.746000 -0.874000 -0.653000 16 64
-0.747000 -0.854000 -0.685000 7 0
0.000000 -0.000000 -0.000000 0 0
0.000000 -0.000000 -0.000000 0 128
-0.758000 -0.845000 -0.644000 11 0
-0.756000 -0.826000 -0.676000 4 0
0.000000 -0.000000 -0.000000 0 0
0.000000 -0.000000 -0.000000 0 0
-0.765000 -0.813000 -0.632000 11 64
-0.761000 -0.793000 -0.663000 0 0
0.000000 -0.000000 -0.000000 0 0
-0.764000 -0.773000 -0.742000 4 0
-0.769000 -0.779000 -0.619000 7 64
0.000000 -0.000000 -0.000000 0 0
0.000000 -0.000000 -0.000000 0 0
-0.768000 -0.746000 -0.731000 9 0
-0.770000 -0.743000 -0.604000 1 64
0.000000 -0.000000 -0.000000 0 0
0.000000 -0.000000 -0.000000 0 0
-0.780000 -0.727000 -0.728000 15 0
0.000000 -0.000000 -0.000000 0 0
-0.816000 -0.741000 -0.663000 0 0
-0.784000 -0.706000 -0.676000 7 0
-0.789000 -0.704000 -0.722000 11 0
0.000000 -0.000000 -0.000000 0 0
-0.793000 -0.687000 -0.630000 2 0
-0.789000 -0.679000 -0.668000 10 0
-0.793000 -0.679000 -0.713000 14 0
0.000000 -0.000000 -0.000000 0 0
-0.797000 -0.659000 -0.621000 7 0
-0.802000 -0.660000 -0.666000 13 0
-0.798000 -0.654000 -0.705000 14 0
-0.805000 -0.639000 -0.576000 2 64
-0.795000 -0.627000 -0.607000 11 0
-0.804000 -0.632000 -0.655000 13 0
-0.803000 -0.630000 -0.697000 14 0
-0.813000 -0.615000 -0.571000 10 0
-0.809000 -0.608000 -0.606000 13 0
-0.808000 -0.607000 -0.647000 13 0
-0.807000 -0.607000 -0.690000 14 0
-0.815000 -0.585000 -0.561000 11 64
-0.813000 -0.582000 -0.598000 13 0
-0.814000 -0.584000 -0.641000 13 0
-0.812000 -0.585000 -0.684000 14 0
-0.826000 -0.564000 -0.558000 21 0
-0.823000 -0.561000 -0.595000 13 0
-0.818000 -0.560000 -0.634000 13 0
-0.816000 -0.562000 -0.677000 14 0
-0.830000 -0.538000 -0.551000 22 0
-0.831000 -0.539000 -0.592000 13 0
-0.821000 -0.536000 -0.627000 13 0
-0.820000 -0.540000 -0.671000 14 0
-0.837000 -0.514000 -0.547000 22 0
-0.832000 -0.513000 -0.583000 13 0
-0.832000 -0.517000 -0.625000 13 0
-0.823000 -0.517000 -0.663000 14 0
-0.845000 -0.492000 -0.543000 22 0
-0.842000 -0.492000 -0.581000 13 0
-0.833000 -0.493000 -0.618000 13 0
-0.828000 -0.496000 -0.659000 14 0
-0.651000 -1.221000 -0.802000 54 0
-0.667000 -1.190000 -0.833000 11 0
-0.674000 -1.153000 -0.860000 10 0
-0.677000 -1.109000 -0.881000 46 0
-0.670000 -1.187000 -0.788000 13 0
-0.676000 -1.144000 -0.811000 10 0
-0.676000 -1.100000 -0.832000 10 0
-0.691000 -1.081000 -0.871000 11 0
-0.674000 -1.129000 -0.759000 12 0
-0.682000 -1.096000 -0.786000 10 0
-0.691000 -1.071000 -0.821000 10 0
-0.703000 -1.050000 -0.858000 10 0
-0.688000 -1.093000 -0.744000 12 0
-0.696000 -1.062000 -0.773000 10 0
-0.698000 -1.031000 -0.802000 10 0
-0.710000 -1.013000 -0.841000 8 0
-0.701000 -1.055000 -0.728000 12 0
-0.703000 -1.021000 -0.754000 9 0
-0.709000 -0.998000 -0.788000 10 0
-0.716000 -0.978000 -0.825000 5 0
-0.709000 -1.014000 -0.709000 12 64
-0.714000 -0.987000 -0.740000 9 0
-0.718000 -0.965000 -0.774000 9 0
-0.721000 -0.942000 -0.808000 0 0
-0.721000 -0.980000 -0.696000 12 0
-0.722000 -0.951000 -0.724000 10 0
-0.725000 -0.931000 -0.759000 8 0
0.000000 -0.000000 -0.000000 0 0
-0.731000 -0.945000 -0.682000 13 64
-0.732000 -0.920000 -0.712000 10 0
-0.739000 -0.908000 -0.753000 6 0
0.000000 -0.000000 -0.000000 0 128
-0.737000 -0.906000 -0.665000 12 0
-0.742000 -0.889000 -0.700000 9 0
-0.740000 -0.868000 -0.733000 1 0
0.000000 -0.000000 -0.000000 0 128
-0.746000 -0.874000 -0.653000 16 64
-0.747000 -0.854000 -0.685000 7 0
0.000000 -0.000000 -0.000000 0 0
0.000000 -0.000000 -0.000000 0 128
-0.758000 -0.845000 -0.644000 11 0
-0.756000 -0.826000 -0.676000 4 0
0.000000 -0.000000 -0.000000 0 0
0.000000 -0.000000 -0.000000 0 0
-0.765000 -0.813000 -0.632000 11 64
-0.761000 -0.793000 -0.663000 0 0
0.000000 -0.000000 -0.000000 0 0
-0.764000 -0.773000 -0.742000 4 0
-0.769000 -0.779000 -0.619000 7 64
0.000000 -0.000000 -0.000000 0 0
0.000000 -0.000000 -0.000000 0 0
-0.768000 -0.746000 -0.731000 9 0
-0.770000 -0.743000 -0.604000 1 64
0.000000 -0.000000 -0.000000 0 0
0.000000 -0.000000 -0.000000 0 0
-0.780000 -0.727000 -0.728000 15 0
0.000000 -0.000000 -0.000000 0 0
-0.816000 -0.741000 -0.663000 0 0
-0.784000 -0.706000 -0.676000 7 0
-0.789000 -0.704000 -0.722000 11 0
0.000000 -0.000000 -0.000000 0 0
-0.793000 -0.687000 -0.630000 2 0
-0.789000 -0.679000 -0.668000 10 0
-0.793000 -0.679000 -0.713000 14 0
0.000000 -0.000000 -0.000000 0 0
-0.797000 -0.659000 -0.621000 7 0
-0.802000 -0.660000 -0.666000 13 0
-0.798000 -0.654000 -0.705000 14 0
-0.805000 -0.639000 -0.576000 2 64
-0.795000 -0.627000 -0.607000 11 0
-0.804000 -0.632000 -0.655000 13 0
-0.803000 -0.630000 -0.697000 14 0
-0.813000 -0.615000 -0.571000 10 0
-0.809000 -0.608000 -0.606000 13 0
-0.808000 -0.607000 -0.647000 13 0
-0.807000 -0.607000 -0.690000 14 0
-0.815000 -0.585000 -0.561000 11 64
-0.813000 -0.582000 -0.598000 13 0
-0.814000 -0.584000 -0.641000 13 0
-0.812000 -0.585000 -0.684000 14 0
-0.826000 -0.564000 -0.558000 21 0
-0.823000 -0.561000 -0.595000 13 0
-0.818000 -0.560000 -0.634000 13 0
-0.816000 -0.562000 -0.677000 14 0
-0.830000 -0.538000 -0.551000 22 0
-0.831000 -0.539000 -0.592000 13 0
-0.821000 -0.536000 -0.627000 13 0
-0.820000 -0.540000 -0.671000 14 0
-0.837000 -0.514000 -0.547000 22 0
-0.832000 -0.513000 -0.583000 13 0
-0.832000 -0.517000 -0.625000 13 0
-0.823000 -0.517000 -0.663000 14 0
-0.845000 -0.492000 -0.543000 22 0
-0.842000 -0.492000 -0.581000 13 0
-0.833000 -0.493000 -0.618000 13 0
-0.828000 -0.496000 -0.659000 14 0
-0.850000 -0.468000 -0.539000 22 0
-0.849000 -0.470000 -0.578000 13 0
-0.836000 -0.470000 -0.612000 13 0
-0.835000 -0.477000 -0.656000 14 0
-0.859000 -0.446000 -0.537000 17 0
-0.853000 -0.447000 -0.573000 14 0
-0.845000 -0.451000 -0.610000 13 0
-0.841000 -0.457000 -0.653000 14 0
-0.851000 -0.416000 -0.525000 12 0
-0.861000 -0.426000 -0.571000 14 0
-0.849000 -0.429000 -0.606000 13 0
-0.847000 -0.437000 -0.650000 15 0
-0.872000 -0.401000 -0.531000 10 0
-0.865000 -0.404000 -0.567000 14 0
-0.853000 -0.408000 -0.602000 13 0
-0.853000 -0.418000 -0.648000 15 0
-0.876000 -0.378000 -0.528000 1 0
-0.869000 -0.382000 -0.564000 14 0
-0.859000 -0.388000 -0.600000 13 0
-0.856000 -0.397000 -0.643000 15 0
0.000000 -0.000000 -0.000000 0 0
-0.872000 -0.359000 -0.559000 5 0
-0.865000 -0.368000 -0.598000 14 0
-0.858000 -0.376000 -0.638000 15 0
0.000000 -0.000000 -0.000000 0 0
0.000000 -0.000000 -0.000000 0 0
0.000000 -0.000000 -0.000000 0 0
-0.866000 -0.358000 -0.637000 6 0
0.000000 -0.000000 -0.000000 0 128
0.000000 -0.000000 -0.000000 0 0
0.000000 -0.000000 -0.000000 0 0
0.000000 -0.000000 -0.000000 0 0
0.000000 -0.000000 -0.000000 0 128
0.000000 -0.000000 -0.000000 0 128
0.000000 -0.000000 -0.000000 0 0
0.000000 -0.000000 -0.000000 0 0
0.000000 -0.000000 -0.000000 0 0
0.000000 -0.000000 -0.000000 0 192
0.000000 -0.000000 -0.000000 0 0
0.000000 -0.000000 -0.000000 0 0
-0.905000 -0.244000 -0.516000 20 0
0.000000 -0.000000 -0.000000 0 0
0.000000 -0.000000 -0.000000 0 0
0.000000 -0.000000 -0.000000 0 0
-0.914000 -0.223000 -0.517000 19 0
-0.901000 -0.232000 -0.549000 8 0
0.000000 -0.000000 -0.000000 0 192
0.000000 -0.000000 -0.000000 0 0
-0.919000 -0.201000 -0.517000 21 0
-0.907000 -0.212000 -0.549000 12 0
0.000000 -0.000000 -0.000000 0 192
0.000000 -0.000000 -0.000000 0 128
-0.919000 -0.178000 -0.514000 18 0
-0.918000 -0.192000 -0.553000 14 0
-0.897000 -0.205000 -0.581000 2 64
0.000000 -0.000000 -0.000000 0 0
-0.923000 -0.157000 -0.514000 18 0
-0.918000 -0.170000 -0.550000 14 0
-0.920000 -0.189000 -0.592000 8 0
0.000000 -0.000000 -0.000000 0 0
-0.932000 -0.135000 -0.517000 19 0
-0.928000 -0.150000 -0.554000 14 0
-0.911000 -0.167000 -0.584000 13 0
0.000000 -0.000000 -0.000000 0 192
-0.934000 -0.113000 -0.516000 21 0
-0.933000 -0.129000 -0.554000 14 0
-0.923000 -0.147000 -0.588000 14 0
-0.918000 -0.168000 -0.628000 5 64
-0.945000 -0.092000 -0.521000 20 0
-0.938000 -0.108000 -0.555000 14 0
-0.926000 -0.127000 -0.588000 14 0
-0.909000 -0.147000 -0.619000 12 0
-0.951000 -0.069000 -0.523000 20 0
-0.941000 -0.086000 -0.555000 14 0
-0.929000 -0.107000 -0.588000 14 0
-0.919000 -0.128000 -0.623000 14 0
-0.955000 -0.047000 -0.524000 20 0
-0.950000 -0.065000 -0.559000 14 0
-0.934000 -0.086000 -0.589000 14 0
-0.926000 -0.109000 -0.625000 21 0
-0.960000 -0.024000 -0.526000 20 0
-0.951000 -0.044000 -0.559000 14 0
-0.936000 -0.066000 -0.588000 14 0
-0.931000 -0.090000 -0.626000 16 0
-0.963000 -0.002000 -0.528000 19 0
-0.957000 -0.022000 -0.561000 14 0
-0.943000 -0.045000 -0.591000 14 0
-0.936000 -0.070000 -0.628000 15 0
-0.972000 0.020000 -0.533000 20 0
-0.962000 -0.000000 -0.564000 14 0
-0.948000 -0.024000 -0.593000 14 0
-0.939000 -0.050000 -0.627000 16 0
-0.974000 0.044000 -0.534000 20 0
-0.969000 0.021000 -0.568000 14 0
-0.953000 -0.003000 -0.595000 14 0
-0.945000 -0.030000 -0.630000 16 0
-0.850000 -0.468000 -0.539000 22 0
-0.849000 -0.470000 -0.578000 13 0
-0.836000 -0.470000 -0.612000 13 0
-0.835000 -0.477000 -0.656000 14 0
-0.859000 -0.446000 -0.537000 17 0
-0.853000 -0.447000 -0.573000 14 0
-0.845000 -0.451000 -0.610000 13 0
-0.841000 -0.457000 -0.653000 14 0
-0.851000 -0.416000 -0.525000 12 0
-0.861000 -0.426000 -0.571000 14 0
-0.849000 -0.429000 -0.606000 13 0
-0.847000 -0.437000 -0.650000 15 0
-0.872000 -0.401000 -0.531000 10 0
-0.865000 -0.404000 -0.567000 14 0
-0.853000 -0.408000 -0.602000 13 0
-0.853000 -0.418000 -0.648000 15 0
-0.876000 -0.378000 -0.528000 1 0
-0.869000 -0.382000 -0.564000 14 0
-0.859000 -0.388000 -0.600000 13 0
-0.856000 -0.397000 -0.643000 15 0
0.000000 -0.000000 -0.000000 0 0
-0.872000 -0.359000 -0.559000 5 0
-0.865000 -0.368000 -0.598000 14 0
-0.858000 -0.376000 -0.638000 15 0
0.000000 -0.000000 -0.000000 0 0
0.000000 -0.000000 -0.000000 0 0
0.000000 -0.000000 -0.000000 0 0
-0.866000 -0.358000 -0.637000 6 0
0.000000 -0.000000 -0.000000 0 128
0.000000 -0.000000 -0.000000 0 0
0.000000 -0.000000 -0.000000 0 0
0.000000 -0.000000 -0.000000 0 0
0.000000 -0.000000 -0.000000 0 128
0.000000 -0.000000 -0.000000 0 128
0.000000 -0.000000 -0.000000 0 0
0.000000 -0.000000 -0.000000 0 0
0.000000 -0.000000 -0.000000 0 0
0.000000 -0.000000 -0.000000 0 192
0.000000 -0.000000 -0.000000 0 0
0.000000 -0.000000 -0.000000 0 0
-0.905000 -0.244000 -0.516000 20 0
0.000000 -0.000000 -0.000000 0 0
0.000000 -0.000000 -0.000000 0 0
0.000000 -0.000000 -0.000000 0 0
-0.914000 -0.223000 -0.517000 19 0
-0.901000 -0.232000 -0.549000 8 0
0.000000 -0.000000 -0.000000 0 192
0.000000 -0.000000 -0.000000 0 0
-0.919000 -0.201000 -0.517000 21 0
-0.907000 -0.212000 -0.549000 12 0
0.000000 -0.000000 -0.000000 0 192
0.000000 -0.000000 -0.000000 0 128
-0.919000 -0.178000 -0.514000 18 0
-0.918000 -0.192000 -0.553000 14 0
-0.897000 -0.205000 -0.581000 2 64
0.000000 -0.000000 -0.000000 0 0
-0.923000 -0.157000 -0.514000 18 0
-0.918000 -0.170000 -0.550000 14 0
-0.920000 -0.189000 -0.592000 8 0
0.000000 -0.000000 -0.000000 0 0
-0.932000 -0.135000 -0.517000 19 0
-0.928000 -0.150000 -0.554000 14 0
-0.911000 -0.167000 -0.584000 13 0
0.000000 -0.000000 -0.000000 0 192
-0.934000 -0.113000 -0.516000 21 0
-0.933000 -0.129000 -0.554000 14 0
-0.923000 -0.147000 -0.588000 14 0
-0.918000 -0.168000 -0.628000 5 64
-0.945000 -0.092000 -0.521000 20 0
-0.938000 -0.108000 -0.555000 14 0
-0.926000 -0.127000 -0.588000 14 0
-0.909000 -0.147000 -0.619000 12 0
-0.951000 -0.069000 -0.523000 20 0
-0.941000 -0.086000 -0.555000 14 0
-0.929000 -0.107000 -0.588000 14 0
-0.919000 -0.128000 -0.623000 14 0
-0.955000 -0.047000 -0.524000 20 0
-0.950000 -0.065000 -0.559000 14 0
-0.934000 -0.086000 -0.589000 14 0
-0.926000 -0.109000 -0.625000 21 0
-0.960000 -0.024000 -0.526000 20 0
-0.951000 -0.044000 -0.559000 14 0
-0.936000 -0.066000 -0.588000 14 0
-0.931000 -0.090000 -0.626000 16 0
-0.963000 -0.002000 -0.528000 19 0
-0.957000 -0.022000 -0.561000 14 0
-0.943000 -0.045000 -0.591000 14 0
-0.936000 -0.070000 -0.628000 15 0
-0.972000 0.020000 -0.533000 20 0
-0.962000 -0.000000 -0.564000 14 0
-0.948000 -0.024000 -0.593000 14 0
-0.939000 -0.050000 -0.627000 16 0
-0.974000 0.044000 -0.534000 20 0
-0.969000 0.021000 -0.568000 14 0
-0.953000 -0.003000 -0.595000 14 0
-0.945000 -0.030000 -0.630000 16 0
-0.979000 0.067000 -0.538000 20 0
-0.966000 0.043000 -0.566000 14 0
-0.953000 0.017000 -0.595000 14 0
-0.949000 -0.010000 -0.631000 16 0
-0.988000 0.091000 -0.544000 19 0
-0.972000 0.066000 -0.570000 14 0
-0.958000 0.038000 -0.598000 13 0
-0.955000 0.009000 -0.634000 15 0
-0.988000 0.115000 -0.545000 19 0
-0.977000 0.089000 -0.574000 14 0
-0.968000 0.060000 -0.604000 14 0
-0.959000 0.030000 -0.636000 15 0
-0.992000 0.139000 -0.549000 24 0
-0.985000 0.112000 -0.579000 14 0
-0.971000 0.082000 -0.606000 14 0
-0.965000 0.051000 -0.639000 15 0
-1.000000 0.164000 -0.555000 25 0
-0.987000 0.136000 -0.582000 14 0
-0.974000 0.104000 -0.608000 14 0
-0.968000 0.072000 -0.641000 15 0
-0.991000 0.187000 -0.553000 12 64
-0.992000 0.159000 -0.587000 14 0
-0.979000 0.127000 -0.612000 14 0
-0.969000 0.093000 -0.642000 15 0
-0.992000 0.211000 -0.557000 1 64
-1.002000 0.185000 -0.595000 13 0
-0.987000 0.150000 -0.618000 14 0
-0.971000 0.114000 -0.643000 15 0
-1.002000 0.238000 -0.565000 1 0
-0.992000 0.206000 -0.591000 1 0
-0.989000 0.173000 -0.621000 14 0
-0.977000 0.137000 -0.647000 15 0
-1.091000 0.286000 -0.619000 1 0
-0.996000 0.231000 -0.596000 1 0
-0.989000 0.196000 -0.623000 3 0
-0.985000 0.159000 -0.654000 15 0
-1.092000 0.314000 -0.624000 1 0
-1.083000 0.277000 -0.652000 1 2
-0.992000 0.219000 -0.627000 1 0
-0.998000 0.184000 -0.663000 10 0
-1.103000 0.345000 -0.635000 1 0
-1.093000 0.306000 -0.661000 1 0
-1.031000 0.252000 -0.654000 1 0
-0.985000 0.203000 -0.655000 1 0
-1.110000 0.376000 -0.644000 1 0
-1.099000 0.336000 -0.669000 1 0
-1.089000 0.292000 -0.694000 1 0
-0.995000 0.228000 -0.664000 1 0
-1.115000 0.407000 -0.653000 1 0
-1.108000 0.366000 -0.679000 1 0
-1.096000 0.321000 -0.701000 1 0
-1.071000 0.270000 -0.717000 1 0
-1.129000 0.442000 -0.667000 1 0
-1.112000 0.396000 -0.686000 1 0
-1.100000 0.349000 -0.708000 1 0
-1.089000 0.300000 -0.731000 1 0
-1.129000 0.473000 -0.674000 1 0
-1.120000 0.428000 -0.697000 1 0
-1.103000 0.377000 -0.714000 1 0
-1.088000 0.326000 -0.733000 1 64
-1.137000 0.508000 -0.686000 1 0
-1.130000 0.461000 -0.709000 1 0
-1.116000 0.409000 -0.727000 1 0
-1.090000 0.352000 -0.738000 11 0
-1.145000 0.544000 -0.698000 8 0
-1.132000 0.492000 -0.717000 8 0
-1.124000 0.441000 -0.738000 1 0
-1.109000 0.386000 -0.754000 1 0
-1.158000 0.583000 -0.715000 1 0
-1.146000 0.530000 -0.733000 1 0
-1.130000 0.473000 -0.747000 1 0
-1.112000 0.414000 -0.760000 8 0
-1.154000 0.615000 -0.721000 8 0
-1.146000 0.562000 -0.741000 7 0
-1.131000 0.503000 -0.753000 8 0
-1.123000 0.447000 -0.772000 0 64
-1.174000 0.661000 -0.744000 1 0
-1.160000 0.602000 -0.758000 1 0
-1.147000 0.541000 -0.771000 1 0
-1.129000 0.478000 -0.781000 8 0
-1.176000 0.698000 -0.756000 6 0
-1.163000 0.637000 -0.769000 7 0
-1.142000 0.571000 -0.774000 8 0
-1.126000 0.506000 -0.785000 0 64
-1.191000 0.745000 -0.777000 0 0
-1.180000 0.682000 -0.790000 0 0
-1.160000 0.612000 -0.794000 0 0
-1.143000 0.545000 -0.802000 7 0
-1.194000 0.786000 -0.791000 7 0
-1.175000 0.715000 -0.797000 6 0
-1.162000 0.647000 -0.804000 7 0
-1.148000 0.578000 -0.812000 0 64
-1.197000 0.828000 -0.806000 6 0
-1.182000 0.757000 -0.813000 6 0
-1.170000 0.686000 -0.819000 0 0
-1.158000 0.616000 -0.826000 7 0
-0.979000 0.067000 -0.538000 20 0
-0.966000 0.043000 -0.566000 14 0
-0.953000 0.017000 -0.595000 14 0
-0.949000 -0.010000 -0.631000 16 0
-0.988000 0.091000 -0.544000 19 0
-0.972000 0.066000 -0.570000 14 0
-0.958000 0.038000 -0.598000 13 0
-0.955000 0.009000 -0.634000 15 0
-0.988000 0.115000 -0.545000 19 0
-0.977000 0.089000 -0.574000 14 0
-0.968000 0.060000 -0.604000 14 0
-0.959000 0.030000 -0.636000 15 0
-0.992000 0.139000 -0.549000 24 0
-0.985000 0.112000 -0.579000 14 0
-0.971000 0.082000 -0.606000 14 0
-0.965000 0.051000 -0.639000 15 0
-1.000000 0.164000 -0.555000 25 0
-0.987000 0.136000 -0.582000 14 0
-0.974000 0.104000 -0.608000 14 0
-0.968000 0.072000 -0.641000 15 0
-0.991000 0.187000 -0.553000 12 64
-0.992000 0.159000 -0.587000 14 0
-0.979000 0.127000 -0.612000 14 0
-0.969000 0.093000 -0.642000 15 0
-0.992000 0.211000 -0.557000 1 64
-1.002000 0.185000 -0.595000 13 0
-0.987000 0.150000 -0.618000 14 0
-0.971000 0.114000 -0.643000 15 0
-1.002000 0.238000 -0.565000 1 0
-0.992000 0.206000 -0.591000 1 0
-0.989000 0.173000 -0.621000 14 0
-0.977000 0.137000 -0.647000 15 0
-1.091000 0.286000 -0.619000 1 0
-0.996000 0.231000 -0.596000 1 0
-0.989000 0.196000 -0.623000 3 0
-0.985000 0.159000 -0.654000 15 0
-1.092000 0.314000 -0.624000 1 0
-1.083000 0.277000 -0.652000 1 2
-0.992000 0.219000 -0.627000 1 0
-0.998000 0.184000 -0.663000 10 0
-1.103000 0.345000 -0.635000 1 0
-1.093000 0.306000 -0.661000 1 0
-1.031000 0.252000 -0.654000 1 0
-0.985000 0.203000 -0.655000 1 0
-1.110000 0.376000 -0.644000 1 0
-1.099000 0.336000 -0.669000 1 0
-1.089000 0.292000 -0.694000 1 0
-0.995000 0.228000 -0.664000 1 0
-1.115000 0.407000 -0.653000 1 0
-1.108000 0.366000 -0.679000 1 0
-1.096000 0.321000 -0.701000 1 0
-1.071000 0.270000 -0.717000 1 0
-1.129000 0.442000 -0.667000 1 0
-1.112000 0.396000 -0.686000 1 0
-1.100000 0.349000 -0.708000 1 0
-1.089000 0.300000 -0.731000 1 0
-1.129000 0.473000 -0.674000 1 0
-1.120000 0.428000 -0.697000 1 0
-1.103000 0.377000 -0.714000 1 0
-1.088000 0.326000 -0.733000 1 64
-1.137000 0.508000 -0.686000 1 0
-1.130000 0.461000 -0.709000 1 0
-1.116000 0.409000 -0.727000 1 0
-1.090000 0.352000 -0.738000 11 0
-1.145000 0.544000 -0.698000 8 0
-1.132000 0.492000 -0.717000 8 0
-1.124000 0.441000 -0.738000 1 0
-1.109000 0.386000 -0.754000 1 0
-1.158000 0.583000 -0.715000 1 0
-1.146000 0.530000 -0.733000 1 0
-1.130000 0.473000 -0.747000 1 0
-1.112000 0.414000 -0.760000 8 0
-1.154000 0.615000 -0.721000 8 0
-1.146000 0.562000 -0.741000 7 0
-1.131000 0.503000 -0.753000 8 0
-1.123000 0.447000 -0.772000 0 64
-1.174000 0.661000 -0.744000 1 0
-1.160000 0.602000 -0.758000 1 0
-1.147000 0.541000 -0.771000 1 0
-1.129000 0.478000 -0.781000 8 0
-1.176000 0.698000 -0.756000 6 0
-1.163000 0.637000 -0.769000 7 0
-1.142000 0.571000 -0.774000 8 0
-1.126000 0.506000 -0.785000 0 64
-1.191000 0.745000 -0.777000 0 0
-1.180000 0.682000 -0.790000 0 0
-1.160000 0.612000 -0.794000 0 0
-1.143000 0.545000 -0.802000 7 0
-1.194000 0.786000 -0.791000 7 0
-1.175000 0.715000 -0.797000 6 0
-1.162000 0.647000 -0.804000 7 0
-1.148000 0.578000 -0.812000 0 64
-1.197000 0.828000 -0.806000 6 0
-1.182000 0.757000 -0.813000 6 0
-1.170000 0.686000 -0.819000 0 0
-1.158000 0.616000 -0.826000 7 0
-1.207000 0.876000 -0.827000 7 0
-1.196000 0.804000 -0.834000 6 0
-1.175000 0.725000 -0.832000 6 0
-1.160000 0.650000 -0.835000 0 64
-1.219000 0.928000 -0.850000 7 0
-1.205000 0.851000 -0.853000 6 0
-1.190000 0.772000 -0.853000 0 0
-1.168000 0.689000 -0.849000 5 0
-1.230000 0.982000 -0.874000 8 0
-1.220000 0.903000 -0.878000 7 0
-1.193000 0.813000 -0.867000 6 0
-1.177000 0.731000 -0.865000 6 0
-1.194000 0.999000 -0.865000 8 0
-1.218000 0.946000 -0.891000 6 0
-1.208000 0.863000 -0.890000 6 0
-1.183000 0.772000 -0.879000 6 0
-1.166000 1.022000 -0.863000 7 0
-1.217000 0.990000 -0.907000 8 0
-1.216000 0.911000 -0.909000 6 0
-1.194000 0.817000 -0.898000 6 0
-1.193000 1.095000 -0.902000 36 1
-1.175000 1.000000 -0.891000 8 0
-1.225000 0.962000 -0.930000 6 0
-1.211000 0.869000 -0.921000 5 0
-1.202000 1.155000 -0.929000 55 0
-1.175000 1.047000 -0.908000 8 0
-1.209000 0.993000 -0.933000 7 0
-1.220000 0.918000 -0.941000 5 0
-1.219000 1.225000 -0.964000 50 0
-1.195000 1.114000 -0.943000 51 0
-1.168000 1.004000 -0.916000 6 0
-1.231000 0.970000 -0.963000 6 0
-1.234000 1.299000 -1.001000 54 0
-1.207000 1.178000 -0.973000 56 0
-1.191000 1.072000 -0.952000 17 0
-1.204000 0.993000 -0.956000 8 0
-1.253000 1.380000 -1.042000 53 0
-1.222000 1.248000 -1.007000 54 0
-1.194000 1.124000 -0.972000 54 0
-1.163000 1.005000 -0.938000 7 0
-1.272000 1.467000 -1.087000 53 0
-1.241000 1.326000 -1.046000 51 0
-1.207000 1.189000 -1.002000 49 0
-1.192000 1.077000 -0.977000 23 0
-1.286000 1.552000 -1.129000 48 0
-1.260000 1.408000 -1.088000 46 0
-1.224000 1.262000 -1.038000 49 0
-1.200000 1.135000 -1.001000 52 0
-1.317000 1.665000 -1.191000 76 0
-1.273000 1.489000 -1.128000 52 0
-1.247000 1.345000 -1.081000 51 0
-1.213000 1.200000 -1.031000 52 0
-1.350000 1.789000 -1.258000 16 0
-1.296000 1.587000 -1.179000 51 0
-1.263000 1.426000 -1.120000 49 0
-1.228000 1.272000 -1.064000 53 0
-1.309000 1.818000 -1.259000 16 0
-1.307000 1.676000 -1.222000 50 0
-1.280000 1.511000 -1.162000 53 0
-1.244000 1.348000 -1.101000 53 0
-1.264000 1.841000 -1.256000 18 0
-1.309000 1.759000 -1.260000 17 0
-1.285000 1.590000 -1.197000 45 0
-1.266000 1.436000 -1.144000 53 0
-1.217000 1.861000 -1.252000 17 0
-1.266000 1.783000 -1.256000 18 0
-1.299000 1.683000 -1.243000 23 0
-1.280000 1.521000 -1.184000 49 0
-1.173000 1.885000 -1.251000 17 0
-1.223000 1.808000 -1.253000 17 0
-1.274000 1.730000 -1.253000 15 0
-1.288000 1.603000 -1.221000 41 0
-1.128000 1.907000 -1.250000 18 0
-1.181000 1.833000 -1.252000 16 0
-1.233000 1.757000 -1.249000 15 0
-1.287000 1.678000 -1.251000 18 0
-1.073000 1.911000 -1.238000 16 0
-1.137000 1.856000 -1.248000 17 0
-1.193000 1.785000 -1.247000 15 0
-1.257000 1.719000 -1.255000 15 0
-1.027000 1.929000 -1.235000 16 0
-1.095000 1.881000 -1.248000 18 0
-1.153000 1.813000 -1.246000 14 0
-1.218000 1.749000 -1.252000 16 0
-0.987000 1.958000 -1.241000 20 0
-1.051000 1.902000 -1.246000 19 0
-1.112000 1.839000 -1.243000 14 0
-1.181000 1.781000 -1.251000 16 0
-0.937000 1.965000 -1.233000 17 0
-1.004000 1.918000 -1.240000 19 0
-1.072000 1.866000 -1.242000 14 0
-1.141000 1.811000 -1.248000 16 0
-0.892000 1.983000 -1.233000 17 0
-0.962000 1.943000 -1.241000 20 0
-1.029000 1.890000 -1.239000 18 0
-1.102000 1.842000 -1.247000 15 0
-1.207000 0.876000 -0.827000 7 0
-1.196000 0.804000 -0.834000 6 0
-1.175000 0.725000 -0.832000 6 0
-1.160000 0.650000 -0.835000 0 64
-1.219000 0.928000 -0.850000 7 0
-1.205000 0.851000 -0.853000 6 0
-1.190000 0.772000 -0.853000 0 0
-1.168000 0.689000 -0.849000 5 0
-1.230000 0.982000 -0.874000 8 0
-1.220000 0.903000 -0.878000 7 0
-1.193000 0.813000 -0.867000 6 0
-1.177000 0.731000 -0.865000 6 0
-1.194000 0.999000 -0.865000 8 0
-1.218000 0.946000 -0.891000 6 0
-1.208000 0.863000 -0.890000 6 0
-1.183000 0.772000 -0.879000 6 0
-1.166000 1.022000 -0.863000 7 0
-1.217000 0.990000 -0.907000 8 0
-1.216000 0.911000 -0.909000 6 0
-1.194000 0.817000 -0.898000 6 0
-1.193000 1.095000 -0.902000 36 1
-1.175000 1.000000 -0.891000 8 0
-1.225000 0.962000 -0.930000 6 0
-1.211000 0.869000 -0.921000 5 0
-1.202000 1.155000 -0.929000 55 0
-1.175000 1.047000 -0.908000 8 0
-1.209000 0.993000 -0.933000 7 0
-1.220000 0.918000 -0.941000 5 0
-1.219000 1.225000 -0.964000 50 0
-1.195000 1.114000 -0.943000 51 0
-1.168000 1.004000 -0.916000 6 0
-1.231000 0.970000 -0.963000 6 0
-1.234000 1.299000 -1.001000 54 0
-1.207000 1.178000 -0.973000 56 0
-1.191000 1.072000 -0.952000 17 0
-1.204000 0.993000 -0.956000 8 0
-1.253000 1.380000 -1.042000 53 0
-1.222000 1.248000 -1.007000 54 0
-1.194000 1.124000 -0.972000 54 0
-1.163000 1.005000 -0.938000 7 0
-1.272000 1.467000 -1.087000 53 0
-1.241000 1.326000 -1.046000 51 0
-1.207000 1.189000 -1.002000 49 0
-1.192000 1.077000 -0.977000 23 0
-1.286000 1.552000 -1.129000 48 0
-1.260000 1.408000 -1.088000 46 0
-1.224000 1.262000 -1.038000 49 0
-1.200000 1.135000 -1.001000 52 0
-1.317000 1.665000 -1.191000 76 0
-1.273000 1.489000 -1.128000 52 0
-1.247000 1.345000 -1.081000 51 0
-1.213000 1.200000 -1.031000 52 0
-1.350000 1.789000 -1.258000 16 0
-1.296000 1.587000 -1.179000 51 0
-1.263000 1.426000 -1.120000 49 0
-1.228000 1.272000 -1.064000 53 0
-1.309000 1.818000 -1.259000 16 0
-1.307000 1.676000 -1.222000 50 0
-1.280000 1.511000 -1.162000 53 0
-1.244000 1.348000 -1.101000 53 0
-1.264000 1.841000 -1.256000 18 0
-1.309000 1.759000 -1.260000 17 0
-1.285000 1.590000 -1.197000 45 0
-1.266000 1.436000 -1.144000 53 0
-1.217000 1.861000 -1.252000 17 0
-1.266000 1.783000 -1.256000 18 0
-1.299000 1.683000 -1.243000 23 0
-1.280000 1.521000 -1.184000 49 0
-1.173000 1.885000 -1.251000 17 0
-1.223000 1.808000 -1.253000 17 0
-1.274000 1.730000 -1.253000 15 0
-1.288000 1.603000 -1.221000 41 0
-1.128000 1.907000 -1.250000 18 0
-1.181000 1.833000 -1.252000 16 0
-1.233000 1.757000 -1.249000 15 0
-1.287000 1.678000 -1.251000 18 0
-1.073000 1.911000 -1.238000 16 0
-1.137000 1.856000 -1.248000 17 0
-1.193000 1.785000 -1.247000 15 0
-1.257000 1.719000 -1.255000 15 0
-1.027000 1.929000 -1.235000 16 0
-1.095000 1.881000 -1.248000 18 0
-1.153000 1.813000 -1.246000 14 0
-1.218000 1.749000 -1.252000 16 0
-0.987000 1.958000 -1.241000 20 0
-1.051000 1.902000 -1.246000 19 0
-1.112000 1.839000 -1.243000 14 0
-1.181000 1.781000 -1.251000 16 0
-0.937000 1.965000 -1.233000 17 0
-1.004000 1.918000 -1.240000 19 0
-1.072000 1.866000 -1.242000 14 0
-1.141000 1.811000 -1.248000 16 0
-0.892000 1.983000 -1.233000 17 0
-0.962000 1.943000 -1.241000 20 0
-1.029000 1.890000 -1.239000 18 0
-1.102000 1.842000 -1.247000 15 0
-0.845000 1.998000 -1.231000 17 0
-0.917000 1.961000 -1.239000 18 0
-0.986000 1.913000 -1.237000 18 0
-1.061000 1.870000 -1.244000 16 0
-0.798000 2.009000 -1.228000 18 0
-0.871000 1.977000 -1.235000 19 0
-0.942000 1.934000 -1.234000 17 0
-1.016000 1.891000 -1.238000 18 0
-0.751000 2.020000 -1.226000 17 0
-0.827000 1.997000 -1.235000 19 0
-0.900000 1.962000 -1.235000 16 0
-0.980000 1.929000 -1.243000 20 0
-0.705000 2.034000 -1.226000 17 0
-0.783000 2.016000 -1.235000 19 0
-0.855000 1.981000 -1.232000 16 0
-0.933000 1.947000 -1.235000 16 0
-0.658000 2.043000 -1.223000 19 0
-0.736000 2.030000 -1.232000 18 0
-0.810000 1.999000 -1.229000 17 0
-0.895000 1.986000 -1.241000 18 0
-0.610000 2.050000 -1.220000 17 0
-0.690000 2.045000 -1.231000 19 0
-0.764000 2.018000 -1.227000 17 0
-0.851000 2.010000 -1.240000 18 0
-0.565000 2.060000 -1.220000 18 0
-0.645000 2.061000 -1.231000 19 0
-0.720000 2.040000 -1.227000 16 0
-0.804000 2.030000 -1.235000 18 0
-0.520000 2.078000 -1.225000 15 0
-0.594000 2.062000 -1.222000 16 0
-0.674000 2.060000 -1.226000 17 0
-0.758000 2.053000 -1.233000 18 0
-0.472000 2.079000 -1.220000 16 0
-0.548000 2.076000 -1.222000 15 0
-0.627000 2.073000 -1.223000 16 0
-0.712000 2.075000 -1.231000 17 0
-0.425000 2.083000 -1.218000 16 0
-0.502000 2.087000 -1.221000 15 0
-0.579000 2.088000 -1.221000 15 0
-0.665000 2.097000 -1.230000 19 0
-0.379000 2.087000 -1.216000 16 0
-0.455000 2.097000 -1.220000 14 0
-0.532000 2.102000 -1.219000 14 0
-0.617000 2.114000 -1.226000 18 0
-0.332000 2.087000 -1.213000 16 0
-0.408000 2.106000 -1.219000 15 0
-0.485000 2.118000 -1.219000 15 0
-0.571000 2.144000 -1.231000 17 0
-0.286000 2.093000 -1.213000 16 0
-0.360000 2.108000 -1.214000 15 0
-0.436000 2.127000 -1.215000 14 0
-0.521000 2.159000 -1.228000 16 0
-0.240000 2.095000 -1.212000 17 0
-0.313000 2.117000 -1.214000 16 0
-0.388000 2.140000 -1.214000 15 0
-0.472000 2.181000 -1.228000 15 0
-0.193000 2.093000 -1.209000 16 0
-0.265000 2.123000 -1.213000 16 0
-0.339000 2.150000 -1.212000 15 0
-0.422000 2.193000 -1.225000 15 0
-0.147000 2.093000 -1.208000 13 0
-0.218000 2.128000 -1.211000 15 0
-0.290000 2.159000 -1.211000 14 0
-0.371000 2.211000 -1.224000 16 0
0.000000 -0.000000 -0.000000 0 0
-0.170000 2.133000 -1.211000 15 0
-0.240000 2.167000 -1.209000 15 0
-0.319000 2.222000 -1.221000 16 0
0.000000 -0.000000 -0.000000 0 128
-0.123000 2.148000 -1.217000 3 0
-0.191000 2.178000 -1.209000 14 0
-0.267000 2.230000 -1.217000 16 0
0.000000 -0.000000 -0.000000 0 128
0.000000 -0.000000 -0.000000 0 0
-0.142000 2.197000 -1.215000 8 0
-0.215000 2.247000 -1.219000 17 0
0.000000 -0.000000 -0.000000 0 128
0.000000 -0.000000 -0.000000 0 128
0.000000 -0.000000 -0.000000 0 0
-0.162000 2.245000 -1.210000 13 0
0.000000 -0.000000 -0.000000 0 128
0.000000 -0.000000 -0.000000 0 128
0.000000 -0.000000 -0.000000 0 128
0.000000 -0.000000 -0.000000 0 0
0.000000 -0.000000 -0.000000 0 128
0.000000 -0.000000 -0.000000 0 128
0.000000 -0.000000 -0.000000 0 128
0.000000 -0.000000 -0.000000 0 192
0.000000 -0.000000 -0.000000 0 128
0.000000 -0.000000 -0.000000 0 128
0.000000 -0.000000 -0.000000 0 128
0.000000 -0.000000 -0.000000 0 128
0.000000 -0.000000 -0.000000 0 128
0.000000 -0.000000 -0.000000 0 128
0.000000 -0.000000 -0.000000 0 128
0.000000 -0.000000 -0.000000 0 192
-0.845000 1.998000 -1.231000 17 0
-0.917000 1.961000 -1.239000 18 0
-0.986000 1.913000 -1.237000 18 0
-1.061000 1.870000 -1.244000 16 0
-0.798000 2.009000 -1.228000 18 0
-0.871000 1.977000 -1.235000 19 0
-0.942000 1.934000 -1.234000 17 0
-1.016000 1.891000 -1.238000 18 0
-0.751000 2.020000 -1.226000 17 0
-0.827000 1.997000 -1.235000 19 0
-0.900000 1.962000 -1.235000 16 0
-0.980000 1.929000 -1.243000 20 0
-0.705000 2.034000 -1.226000 17 0
-0.783000 2.016000 -1.235000 19 0
-0.855000 1.981000 -1.232000 16 0
-0.933000 1.947000 -1.235000 16 0
-0.658000 2.043000 -1.223000 19 0
-0.736000 2.030000 -1.232000 18 0
-0.810000 1.999000 -1.229000 17 0
-0.895000 1.986000 -1.241000 18 0
-0.610000 2.050000 -1.220000 17 0
-0.690000 2.045000 -1.231000 19 0
-0.764000 2.018000 -1.227000 17 0
-0.851000 2.010000 -1.240000 18 0
-0.565000 2.060000 -1.220000 18 0
-0.645000 2.061000 -1.231000 19 0
-0.720000 2.040000 -1.227000 16 0
-0.804000 2.030000 -1.235000 18 0
-0.520000 2.078000 -1.225000 15 0
-0.594000 2.062000 -1.222000 16 0
-0.674000 2.060000 -1.226000 17 0
-0.758000 2.053000 -1.233000 18 0
-0.472000 2.079000 -1.220000 16 0
-0.548000 2.076000 -1.222000 15 0
-0.627000 2.073000 -1.223000 16 0
-0.712000 2.075000 -1.231000 17 0
-0.425000 2.083000 -1.218000 16 0
-0.502000 2.087000 -1.221000 15 0
-0.579000 2.088000 -1.221000 15 0
-0.665000 2.097000 -1.230000 19 0
-0.379000 2.087000 -1.216000 16 0
-0.455000 2.097000 -1.220000 14 0
-0.532000 2.102000 -1.219000 14 0
-0.617000 2.114000 -1.226000 18 0
-0.332000 2.087000 -1.213000 16 0
-0.408000 2.106000 -1.219000 15 0
-0.485000 2.118000 -1.219000 15 0
-0.571000 2.144000 -1.231000 17 0
-0.286000 2.093000 -1.213000 16 0
-0.360000 2.108000 -1.214000 15 0
-0.436000 2.127000 -1.215000 14 0
-0.521000 2.159000 -1.228000 16 0
-0.240000 2.095000 -1.212000 17 0
-0.313000 2.117000 -1.214000 16 0
-0.388000 2.140000 -1.214000 15 0
-0.472000 2.181000 -1.228000 15 0
-0.193000 2.093000 -1.209000 16 0
-0.265000 2.123000 -1.213000 16 0
-0.339000 2.150000 -1.212000 15 0
-0.422000 2.193000 -1.225000 15 0
-0.147000 2.093000 -1.208000 13 0
-0.218000 2.128000 -1.211000 15 0
-0.290000 2.159000 -1.211000 14 0
-0.371000 2.211000 -1.224000 16 0
0.000000 -0.000000 -0.000000 0 0
-0.170000 2.133000 -1.211000 15 0
-0.240000 2.167000 -1.209000 15 0
-0.319000 2.222000 -1.221000 16 0
0.000000 -0.000000 -0.000000 0 128
-0.123000 2.148000 -1.217000 3 0
-0.191000 2.178000 -1.209000 14 0
-0.267000 2.230000 -1.217000 16 0
0.000000 -0.000000 -0.000000 0 128
0.000000 -0.000000 -0.000000 0 0
-0.142000 2.197000 -1.215000 8 0
-0.215000 2.247000 -1.219000 17 0
0.000000 -0.000000 -0.000000 0 128
0.000000 -0.000000 -0.000000 0 128
0.000000 -0.000000 -0.000000 0 0
-0.162000 2.245000 -1.210000 13 0
0.000000 -0.000000 -0.000000 0 128
0.000000 -0.000000 -0.000000 0 128
0.000000 -0.000000 -0.000000 0 128
0.000000 -0.000000 -0.000000 0 0
0.000000 -0.000000 -0.000000 0 128
0.000000 -0.000000 -0.000000 0 128
0.000000 -0.000000 -0.000000 0 128
0.000000 -0.000000 -0.000000 0 192
0.000000 -0.000000 -0.000000 0 128
0.000000 -0.000000 -0.000000 0 128
0.000000 -0.000000 -0.000000 0 128
0.000000 -0.000000 -0.000000 0 128
0.000000 -0.000000 -0.000000 0 128
0.000000 -0.000000 -0.000000 0 128
0.000000 -0.000000 -0.000000 0 128
0.000000 -0.000000 -0.000000 0 192
0.201000 1.609000 -0.940000 14 0
0.000000 -0.000000 -0.000000 0 128
0.000000 -0.000000 -0.000000 0 128
0.000000 -0.000000 -0.000000 0 128
0.233000 1.585000 -0.928000 45 0
0.197000 1.628000 -0.921000 2 0
0.000000 -0.000000 -0.000000 0 128
0.000000 -0.000000 -0.000000 0 192
0.269000 1.591000 -0.936000 40 0
0.227000 1.586000 -0.899000 50 0
0.196000 1.643000 -0.897000 1 0
0.000000 -0.000000 -0.000000 0 128
0.305000 1.597000 -0.944000 44 0
0.265000 1.596000 -0.907000 44 0
0.225000 1.575000 -0.860000 52 0
0.191000 1.618000 -0.850000 3 64
0.342000 1.603000 -0.951000 47 0
0.303000 1.604000 -0.915000 43 0
0.265000 1.594000 -0.871000 50 0
0.220000 1.546000 -0.812000 43 0
0.381000 1.613000 -0.962000 48 0
0.341000 1.608000 -0.920000 43 0
0.305000 1.606000 -0.879000 43 0
0.260000 1.560000 -0.819000 43 0
0.418000 1.617000 -0.970000 44 0
0.381000 1.615000 -0.928000 45 0
0.346000 1.617000 -0.887000 42 0
0.300000 1.568000 -0.824000 40 0
0.456000 1.619000 -0.977000 35 0
0.421000 1.624000 -0.937000 41 0
0.387000 1.624000 -0.894000 47 0
0.343000 1.584000 -0.833000 43 0
0.489000 1.604000 -0.975000 21 0
0.463000 1.634000 -0.947000 45 0
0.429000 1.633000 -0.902000 47 0
0.390000 1.614000 -0.850000 50 0
0.525000 1.597000 -0.977000 30 0
0.505000 1.645000 -0.959000 40 0
0.473000 1.643000 -0.911000 41 0
0.438000 1.639000 -0.865000 49 0
0.559000 1.586000 -0.978000 24 0
0.548000 1.650000 -0.968000 42 0
0.517000 1.652000 -0.920000 42 0
0.484000 1.650000 -0.874000 45 0
0.595000 1.579000 -0.982000 19 0
0.587000 1.646000 -0.972000 34 0
0.563000 1.662000 -0.931000 41 0
0.530000 1.661000 -0.883000 46 0
0.628000 1.565000 -0.981000 17 0
0.624000 1.634000 -0.972000 26 0
0.609000 1.671000 -0.941000 40 0
0.579000 1.674000 -0.894000 45 0
0.637000 1.495000 -0.945000 8 1
0.637000 1.564000 -0.937000 27 1
0.658000 1.683000 -0.954000 39 0
0.628000 1.683000 -0.903000 45 0
0.654000 1.449000 -0.925000 12 0
0.625000 1.441000 -0.870000 12 0
0.613000 1.466000 -0.837000 11 0
0.638000 1.593000 -0.860000 19 0
0.678000 1.420000 -0.916000 14 0
0.653000 1.419000 -0.865000 17 0
0.638000 1.434000 -0.825000 15 0
0.642000 1.497000 -0.814000 5 0
0.706000 1.401000 -0.913000 22 0
0.686000 1.407000 -0.865000 13 0
0.667000 1.410000 -0.818000 18 0
0.719000 1.572000 -0.861000 14 0
0.741000 1.395000 -0.919000 13 0
0.724000 1.405000 -0.873000 31 0
0.707000 1.408000 -0.824000 16 0
0.751000 1.542000 -0.851000 27 0
0.786000 1.408000 -0.938000 9 0
0.768000 1.413000 -0.887000 12 0
0.749000 1.411000 -0.834000 35 0
0.743000 1.437000 -0.800000 11 0
0.841000 1.434000 -0.967000 22 0
0.859000 1.500000 -0.952000 19 0
0.830000 1.480000 -0.884000 6 0
0.798000 1.455000 -0.818000 7 0
0.866000 1.407000 -0.961000 25 0
0.901000 1.495000 -0.960000 32 0
1.142000 1.929000 -1.165000 13 0
1.169000 2.016000 -1.144000 33 0
0.895000 1.388000 -0.960000 25 0
1.126000 1.778000 -1.157000 22 2
1.184000 1.898000 -1.160000 13 0
1.238000 2.021000 -1.160000 20 0
0.931000 1.378000 -0.966000 31 0
1.173000 1.765000 -1.164000 14 0
1.229000 1.873000 -1.159000 13 0
1.290000 1.995000 -1.159000 15 0
1.160000 1.640000 -1.167000 15 2
1.217000 1.746000 -1.167000 14 0
1.278000 1.851000 -1.161000 13 0
1.334000 1.959000 -1.152000 15 0
0.201000 1.609000 -0.940000 14 0
0.000000 -0.000000 -0.000000 0 128
0.000000 -0.000000 -0.000000 0 128
0.000000 -0.000000 -0.000000 0 128
0.233000 1.585000 -0.928000 45 0
0.197000 1.628000 -0.921000 2 0
0.000000 -0.000000 -0.000000 0 128
0.000000 -0.000000 -0.000000 0 192
0.269000 1.591000 -0.936000 40 0
0.227000 1.586000 -0.899000 50 0
0.196000 1.643000 -0.897000 1 0
0.000000 -0.000000 -0.000000 0 128
0.305000 1.597000 -0.944000 44 0
0.265000 1.596000 -0.907000 44 0
0.225000 1.575000 -0.860000 52 0
0.191000 1.618000 -0.850000 3 64
0.342000 1.603000 -0.951000 47 0
0.303000 1.604000 -0.915000 43 0
0.265000 1.594000 -0.871000 50 0
0.220000 1.546000 -0.812000 43 0
0.381000 1.613000 -0.962000 48 0
0.341000 1.608000 -0.920000 43 0
0.305000 1.606000 -0.879000 43 0
0.260000 1.560000 -0.819000 43 0
0.418000 1.617000 -0.970000 44 0
0.381000 1.615000 -0.928000 45 0
0.346000 1.617000 -0.887000 42 0
0.300000 1.568000 -0.824000 40 0
0.456000 1.619000 -0.977000 35 0
0.421000 1.624000 -0.937000 41 0
0.387000 1.624000 -0.894000 47 0
0.343000 1.584000 -0.833000 43 0
0.489000 1.604000 -0.975000 21 0
0.463000 1.634000 -0.947000 45 0
0.429000 1.633000 -0.902000 47 0
0.390000 1.614000 -0.850000 50 0
0.525000 1.597000 -0.977000 30 0
0.505000 1.645000 -0.959000 40 0
0.473000 1.643000 -0.911000 41 0
0.438000 1.639000 -0.865000 49 0
0.559000 1.586000 -0.978000 24 0
0.548000 1.650000 -0.968000 42 0
0.517000 1.652000 -0.920000 42 0
0.484000 1.650000 -0.874000 45 0
0.595000 1.579000 -0.982000 19 0
0.587000 1.646000 -0.972000 34 0
0.563000 1.662000 -0.931000 41 0
0.530000 1.661000 -0.883000 46 0
0.628000 1.565000 -0.981000 17 0
0.624000 1.634000 -0.972000 26 0
0.609000 1.671000 -0.941000 40 0
0.579000 1.674000 -0.894000 45 0
0.637000 1.495000 -0.945000 8 1
0.637000 1.564000 -0.937000 27 1
0.658000 1.683000 -0.954000 39 0
0.628000 1.683000 -0.903000 45 0
0.654000 1.449000 -0.925000 12 0
0.625000 1.441000 -0.870000 12 0
0.613000 1.466000 -0.837000 11 0
0.638000 1.593000 -0.860000 19 0
0.678000 1.420000 -0.916000 14 0
0.653000 1.419000 -0.865000 17 0
0.638000 1.434000 -0.825000 15 0
0.642000 1.497000 -0.814000 5 0
0.706000 1.401000 -0.913000 22 0
0.686000 1.407000 -0.865000 13 0
0.667000 1.410000 -0.818000 18 0
0.719000 1.572000 -0.861000 14 0
0.741000 1.395000 -0.919000 13 0
0.724000 1.405000 -0.873000 31 0
0.707000 1.408000 -0.824000 16 0
0.751000 1.542000 -0.851000 27 0
0.786000 1.408000 -0.938000 9 0
0.768000 1.413000 -0.887000 12 0
0.749000 1.411000 -0.834000 35 0
0.743000 1.437000 -0.800000 11 0
0.841000 1.434000 -0.967000 22 0
0.859000 1.500000 -0.952000 19 0
0.830000 1.480000 -0.884000 6 0
0.798000 1.455000 -0.818000 7 0
0.866000 1.407000 -0.961000 25 0
0.901000 1.495000 -0.960000 32 0
1.142000 1.929000 -1.165000 13 0
1.169000 2.016000 -1.144000 33 0
0.895000 1.388000 -0.960000 25 0
1.126000 1.778000 -1.157000 22 2
1.184000 1.898000 -1.160000 13 0
1.238000 2.021000 -1.160000 20 0
0.931000 1.378000 -0.966000 31 0
1.173000 1.765000 -1.164000 14 0
1.229000 1.873000 -1.159000 13 0
1.290000 1.995000 -1.159000 15 0
1.160000 1.640000 -1.167000 15 2
1.217000 1.746000 -1.167000 14 0
1.278000 1.851000 -1.161000 13 0
1.334000 1.959000 -1.152000 15 0
1.192000 1.613000 -1.164000 13 0
1.252000 1.714000 -1.162000 15 0
1.319000 1.819000 -1.157000 12 0
1.388000 1.937000 -1.155000 11 0
1.225000 1.586000 -1.163000 7 0
1.291000 1.686000 -1.161000 5 0
1.366000 1.796000 -1.160000 3 0
0.000000 -0.000000 -0.000000 0 0
0.000000 -0.000000 -0.000000 0 0
0.000000 -0.000000 -0.000000 0 0
0.000000 -0.000000 -0.000000 0 0
0.000000 -0.000000 -0.000000 0 192
0.000000 -0.000000 -0.000000 0 128
0.000000 -0.000000 -0.000000 0 128
0.000000 -0.000000 -0.000000 0 128
0.000000 -0.000000 -0.000000 0 128
0.000000 -0.000000 -0.000000 0 128
0.000000 -0.000000 -0.000000 0 128
0.000000 -0.000000 -0.000000 0 128
0.000000 -0.000000 -0.000000 0 128
0.000000 -0.000000 -0.000000 0 128
0.000000 -0.000000 -0.000000 0 0
0.000000 -0.000000 -0.000000 0 0
0.000000 -0.000000 -0.000000 0 128
0.000000 -0.000000 -0.000000 0 128
0.000000 -0.000000 -0.000000 0 0
0.000000 -0.000000 -0.000000 0 0
0.000000 -0.000000 -0.000000 0 128
0.000000 -0.000000 -0.000000 0 128
0.000000 -0.000000 -0.000000 0 0
0.000000 -0.000000 -0.000000 0 0
0.000000 -0.000000 -0.000000 0 128
0.000000 -0.000000 -0.000000 0 128
0.000000 -0.000000 -0.000000 0 0
0.000000 -0.000000 -0.000000 0 0
0.000000 -0.000000 -0.000000 0 128
0.000000 -0.000000 -0.000000 0 128
0.000000 -0.000000 -0.000000 0 0
0.000000 -0.000000 -0.000000 0 0
0.000000 -0.000000 -0.000000 0 128
0.000000 -0.000000 -0.000000 0 128
0.000000 -0.000000 -0.000000 0 0
0.000000 -0.000000 -0.000000 0 0
0.000000 -0.000000 -0.000000 0 128
0.000000 -0.000000 -0.000000 0 128
0.000000 -0.000000 -0.000000 0 128
0.000000 -0.000000 -0.000000 0 128
0.000000 -0.000000 -0.000000 0 128
0.000000 -0.000000 -0.000000 0 128
0.000000 -0.000000 -0.000000 0 128
0.000000 -0.000000 -0.000000 0 128
0.000000 -0.000000 -0.000000 0 128
0.000000 -0.000000 -0.000000 0 128
0.000000 -0.000000 -0.000000 0 0
0.000000 -0.000000 -0.000000 0 128
0.000000 -0.000000 -0.000000 0 128
0.000000 -0.000000 -0.000000 0 128
0.000000 -0.000000 -0.000000 0 0
0.000000 -0.000000 -0.000000 0 128
0.000000 -0.000000 -0.000000 0 128
0.000000 -0.000000 -0.000000 0 128
0.000000 -0.000000 -0.000000 0 128
0.000000 -0.000000 -0.000000 0 0
0.000000 -0.000000 -0.000000 0 128
0.000000 -0.000000 -0.000000 0 128
0.000000 -0.000000 -0.000000 0 128
0.000000 -0.000000 -0.000000 0 0
0.000000 -0.000000 -0.000000 0 0
0.000000 -0.000000 -0.000000 0 128
0.000000 -0.000000 -0.000000 0 0
0.000000 -0.000000 -0.000000 0 0
0.000000 -0.000000 -0.000000 0 0
0.000000 -0.000000 -0.000000 0 128
0.000000 -0.000000 -0.000000 0 0
0.000000 -0.000000 -0.000000 0 0
0.000000 -0.000000 -0.000000 0 0
0.000000 -0.000000 -0.000000 0 0
0.000000 -0.000000 -0.000000 0 0
0.000000 -0.000000 -0.000000 0 0
0.000000 -0.000000 -0.000000 0 0
0.000000 -0.000000 -0.000000 0 0
0.000000 -0.000000 -0.000000 0 0
0.000000 -0.000000 -0.000000 0 0
0.000000 -0.000000 -0.000000 0 0
0.000000 -0.000000 -0.000000 0 0
0.000000 -0.000000 -0.000000 0 0
0.000000 -0.000000 -0.000000 0 0
0.000000 -0.000000 -0.000000 0 0
0.000000 -0.000000 -0.000000 0 0
0.000000 -0.000000 -0.000000 0 0
0.000000 -0.000000 -0.000000 0 0
0.000000 -0.000000 -0.000000 0 0
0.000000 -0.000000 -0.000000 0 0
0.000000 -0.000000 -0.000000 0 0
0.000000 -0.000000 -0.000000 0 0
0.000000 -0.000000 -0.000000 0 0
1.192000 1.613000 -1.164000 13 0
1.252000 1.714000 -1.162000 15 0
1.319000 1.819000 -1.157000 12 0
1.388000 1.937000 -1.155000 11 0
1.225000 1.586000 -1.163000 7 0
1.291000 1.686000 -1.161000 5 0
1.366000 1.796000 -1.160000 3 0
0.000000 -0.000000 -0.000000 0 0
0.000000 -0.000000 -0.000000 0 0
0.000000 -0.000000 -0.000000 0 0
0.000000 -0.000000 -0.000000 0 0
0.000000 -0.000000 -0.000000 0 192
0.000000 -0.000000 -0.000000 0 128
0.000000 -0.000000 -0.000000 0 128
0.000000 -0.000000 -0.000000 0 128
0.000000 -0.000000 -0.000000 0 128
0.000000 -0.000000 -0.000000 0 128
0.000000 -0.000000 -0.000000 0 128
0.000000 -0.000000 -0.000000 0 128
0.000000 -0.000000 -0.000000 0 128
0.000000 -0.000000 -0.000000 0 128
0.000000 -0.000000 -0.000000 0 0
0.000000 -0.000000 -0.000000 0 0
0.000000 -0.000000 -0.000000 0 128
0.000000 -0.000000 -0.000000 0 128
0.000000 -0.000000 -0.000000 0 0
0.000000 -0.000000 -0.000000 0 0
0.000000 -0.000000 -0.000000 0 128
0.000000 -0.000000 -0.000000 0 128
0.000000 -0.000000 -0.000000 0 0
0.000000 -0.000000 -0.000000 0 0
0.000000 -0.000000 -0.000000 0 128
0.000000 -0.000000 -0.000000 0 128
0.000000 -0.000000 -0.000000 0 0
0.000000 -0.000000 -0.000000 0 0
0.000000 -0.000000 -0.000000 0 128
0.000000 -0.000000 -0.000000 0 128
0.000000 -0.000000 -0.000000 0 0
0.000000 -0.000000 -0.000000 0 0
0.000000 -0.000000 -0.000000 0 128
0.000000 -0.000000 -0.000000 0 128
0.000000 -0.000000 -0.000000 0 0
0.000000 -0.000000 -0.000000 0 0
0.000000 -0.000000 -0.000000 0 128
0.000000 -0.000000 -0.000000 0 128
0.000000 -0.000000 -0.000000 0 128
0.000000 -0.000000 -0.000000 0 128
0.000000 -0.000000 -0.000000 0 128
0.000000 -0.000000 -0.000000 0 128
0.000000 -0.000000 -0.000000 0 128
0.000000 -0.000000 -0.000000 0 128
0.000000 -0.000000 -0.000000 0 128
0.000000 -0.000000 -0.000000 0 128
0.000000 -0.000000 -0.000000 0 0
0.000000 -0.000000 -0.000000 0 128
0.000000 -0.000000 -0.000000 0 128
0.000000 -0.000000 -0.000000 0 128
0.000000 -0.000000 -0.000000 0 0
0.000000 -0.000000 -0.000000 0 128
0.000000 -0.000000 -0.000000 0 128
0.000000 -0.000000 -0.000000 0 128
0.000000 -0.000000 -0.000000 0 128
0.000000 -0.000000 -0.000000 0 0
0.000000 -0.000000 -0.000000 0 128
0.000000 -0.000000 -0.000000 0 128
0.000000 -0.000000 -0.000000 0 128
0.000000 -0.000000 -0.000000 0 0
0.000000 -0.000000 -0.000000 0 0
0.000000 -0.000000 -0.000000 0 128
0.000000 -0.000000 -0.000000 0 0
0.000000 -0.000000 -0.000000 0 0
0.000000 -0.000000 -0.000000 0 0
0.000000 -0.000000 -0.000000 0 128
0.000000 -0.000000 -0.000000 0 0
0.000000 -0.000000 -0.000000 0 0
0.000000 -0.000000 -0.000000 0 0
0.000000 -0.000000 -0.000000 0 0
0.000000 -0.000000 -0.000000 0 0
0.000000 -0.000000 -0.000000 0 0
0.000000 -0.000000 -0.000000 0 0
0.000000 -0.000000 -0.000000 0 0
0.000000 -0.000000 -0.000000 0 0
0.000000 -0.000000 -0.000000 0 0
0.000000 -0.000000 -0.000000 0 0
0.000000 -0.000000 -0.000000 0 0
0.000000 -0.000000 -0.000000 0 0
0.000000 -0.000000 -0.000000 0 0
0.000000 -0.000000 -0.000000 0 0
0.000000 -0.000000 -0.000000 0 0
0.000000 -0.000000 -0.000000 0 0
0.000000 -0.000000 -0.000000 0 0
0.000000 -0.000000 -0.000000 0 0
0.000000 -0.000000 -0.000000 0 0
0.000000 -0.000000 -0.000000 0 0
0.000000 -0.000000 -0.000000 0 0
0.000000 -0.000000 -0.000000 0 0
0.000000 -0.000000 -0.000000 0 0
0.000000 -0.000000 -0.000000 0 0
0.000000 -0.000000 -0.000000 0 0
0.000000 -0.000000 -0.000000 0 0
0.000000 -0.000000 -0.000000 0 0
0.000000 -0.000000 -0.000000 0 0
0.000000 -0.000000 -0.000000 0 0
0.000000 -0.000000 -0.000000 0 0
0.000000 -0.000000 -0.000000 0 0
0.000000 -0.000000 -0.000000 0 0
0.000000 -0.000000 -0.000000 0 0
0.000000 -0.000000 -0.000000 0 0
0.000000 -0.000000 -0.000000 0 0
0.000000 -0.000000 -0.000000 0 0
0.000000 -0.000000 -0.000000 0 0
0.000000 -0.000000 -0.000000 0 0
0.000000 -0.000000 -0.000000 0 0
0.000000 -0.000000 -0.000000 0 0
0.000000 -0.000000 -0.000000 0 0
0.000000 -0.000000 -0.000000 0 0
0.000000 -0.000000 -0.000000 0 0
0.000000 -0.000000 -0.000000 0 0
0.000000 -0.000000 -0.000000 0 0
0.000000 -0.000000 -0.000000 0 0
0.000000 -0.000000 -0.000000 0 0
0.000000 -0.000000 -0.000000 0 0
0.000000 -0.000000 -0.000000 0 0
0.000000 -0.000000 -0.000000 0 0
0.000000 -0.000000 -0.000000 0 0
0.000000 -0.000000 -0.000000 0 0
0.000000 -0.000000 -0.000000 0 0
0.000000 -0.000000 -0.000000 0 0
0.000000 -0.000000 -0.000000 0 0
0.000000 -0.000000 -0.000000 0 0
0.000000 -0.000000 -0.000000 0 0
0.000000 -0.000000 -0.000000 0 0
0.000000 -0.000000 -0.000000 0 0
0.000000 -0.000000 -0.000000 0 0
0.000000 -0.000000 -0.000000 0 0
0.000000 -0.000000 -0.000000 0 128
0.000000 -0.000000 -0.000000 0 0
0.000000 -0.000000 -0.000000 0 0
0.000000 -0.000000 -0.000000 0 0
0.000000 -0.000000 -0.000000 0 0
0.000000 -0.000000 -0.000000 0 0
0.000000 -0.000000 -0.000000 0 0
0.000000 -0.000000 -0.000000 0 0
0.000000 -0.000000 -0.000000 0 128
0.000000 -0.000000 -0.000000 0 0
0.000000 -0.000000 -0.000000 0 0
0.000000 -0.000000 -0.000000 0 0
0.000000 -0.000000 -0.000000 0 0
0.000000 -0.000000 -0.000000 0 0
0.000000 -0.000000 -0.000000 0 0
0.000000 -0.000000 -0.000000 0 0
0.000000 -0.000000 -0.000000 0 128
0.000000 -0.000000 -0.000000 0 0
0.000000 -0.000000 -0.000000 0 0
0.000000 -0.000000 -0.000000 0 0
0.000000 -0.000000 -0.000000 0 0
0.000000 -0.000000 -0.000000 0 0
0.000000 -0.000000 -0.000000 0 0
0.000000 -0.000000 -0.000000 0 0
0.000000 -0.000000 -0.000000 0 128
0.000000 -0.000000 -0.000000 0 0
0.000000 -0.000000 -0.000000 0 0
0.000000 -0.000000 -0.000000 0 0
0.000000 -0.000000 -0.000000 0 0
0.000000 -0.000000 -0.000000 0 0
0.000000 -0.000000 -0.000000 0 0
0.000000 -0.000000 -0.000000 0 0
0.000000 -0.000000 -0.000000 0 128
0.000000 -0.000000 -0.000000 0 0
0.000000 -0.000000 -0.000000 0 0
0.000000 -0.000000 -0.000000 0 0
0.000000 -0.000000 -0.000000 0 0
0.000000 -0.000000 -0.000000 0 0
0.000000 -0.000000 -0.000000 0 0
0.000000 -0.000000 -0.000000 0 0
0.000000 -0.000000 -0.000000 0 0
0.000000 -0.000000 -0.000000 0 0
0.000000 -0.000000 -0.000000 0 0
0.000000 -0.000000 -0.000000 0 0
0.000000 -0.000000 -0.000000 0 128
0.000000 -0.000000 -0.000000 0 0
0.000000 -0.000000 -0.000000 0 0
0.000000 -0.000000 -0.000000 0 0
0.000000 -0.000000 -0.000000 0 0
0.000000 -0.000000 -0.000000 0 0
0.000000 -0.000000 -0.000000 0 0
0.000000 -0.000000 -0.000000 0 0
0.000000 -0.000000 -0.000000 0 0
0.000000 -0.000000 -0.000000 0 0
0.000000 -0.000000 -0.000000 0 0
0.000000 -0.000000 -0.000000 0 0
0.000000 -0.000000 -0.000000 0 0
0.000000 -0.000000 -0.000000 0 0
0.000000 -0.000000 -0.000000 0 0
0.000000 -0.000000 -0.000000 0 0
0.000000 -0.000000 -0.000000 0 0
0.000000 -0.000000 -0.000000 0 0
0.000000 -0.000000 -0.000000 0 0
0.000000 -0.000000 -0.000000 0 0
0.000000 -0.000000 -0.000000 0 0
0.000000 -0.000000 -0.000000 0 0
0.000000 -0.000000 -0.000000 0 0
0.000000 -0.000000 -0.000000 0 0
0.000000 -0.000000 -0.000000 0 0
0.000000 -0.000000 -0.000000 0 0
0.000000 -0.000000 -0.000000 0 0
0.000000 -0.000000 -0.000000 0 0
0.000000 -0.000000 -0.000000 0 0
0.000000 -0.000000 -0.000000 0 0
0.000000 -0.000000 -0.000000 0 0
0.000000 -0.000000 -0.000000 0 0
0.000000 -0.000000 -0.000000 0 0
0.000000 -0.000000 -0.000000 0 0
0.000000 -0.000000 -0.000000 0 0
0.000000 -0.000000 -0.000000 0 0
0.000000 -0.000000 -0.000000 0 0
0.000000 -0.000000 -0.000000 0 0
0.000000 -0.000000 -0.000000 0 0
0.000000 -0.000000 -0.000000 0 0
0.000000 -0.000000 -0.000000 0 0
0.000000 -0.000000 -0.000000 0 0
0.000000 -0.000000 -0.000000 0 0
0.000000 -0.000000 -0.000000 0 0
0.000000 -0.000000 -0.000000 0 0
0.000000 -0.000000 -0.000000 0 0
0.000000 -0.000000 -0.000000 0 0
0.000000 -0.000000 -0.000000 0 0
0.000000 -0.000000 -0.000000 0 0
0.000000 -0.000000 -0.000000 0 0
0.000000 -0.000000 -0.000000 0 0
0.000000 -0.000000 -0.000000 0 0
0.000000 -0.000000 -0.000000 0 128
0.000000 -0.000000 -0.000000 0 0
0.000000 -0.000000 -0.000000 0 0
0.000000 -0.000000 -0.000000 0 0
0.000000 -0.000000 -0.000000 0 0
0.000000 -0.000000 -0.000000 0 0
0.000000 -0.000000 -0.000000 0 0
0.000000 -0.000000 -0.000000 0 0
0.000000 -0.000000 -0.000000 0 128
0.000000 -0.000000 -0.000000 0 0
0.000000 -0.000000 -0.000000 0 0
0.000000 -0.000000 -0.000000 0 0
0.000000 -0.000000 -0.000000 0 0
0.000000 -0.000000 -0.000000 0 0
0.000000 -0.000000 -0.000000 0 0
0.000000 -0.000000 -0.000000 0 0
0.000000 -0.000000 -0.000000 0 128
0.000000 -0.000000 -0.000000 0 0
0.000000 -0.000000 -0.000000 0 0
0.000000 -0.000000 -0.000000 0 0
0.000000 -0.000000 -0.000000 0 0
0.000000 -0.000000 -0.000000 0 0
0.000000 -0.000000 -0.000000 0 0
0.000000 -0.000000 -0.000000 0 0
0.000000 -0.000000 -0.000000 0 128
0.000000 -0.000000 -0.000000 0 0
0.000000 -0.000000 -0.000000 0 0
0.000000 -0.000000 -0.000000 0 0
0.000000 -0.000000 -0.000000 0 0
0.000000 -0.000000 -0.000000 0 0
0.000000 -0.000000 -0.000000 0 0
0.000000 -0.000000 -0.000000 0 0
0.000000 -0.000000 -0.000000 0 128
0.000000 -0.000000 -0.000000 0 0
0.000000 -0.000000 -0.000000 0 0
0.000000 -0.000000 -0.000000 0 0
0.000000 -0.000000 -0.000000 0 0
0.000000 -0.000000 -0.000000 0 0
0.000000 -0.000000 -0.000000 0 0
0.000000 -0.000000 -0.000000 0 0
0.000000 -0.000000 -0.000000 0 0
0.000000 -0.000000 -0.000000 0 0
0.000000 -0.000000 -0.000000 0 0
0.000000 -0.000000 -0.000000 0 0
0.000000 -0.000000 -0.000000 0 128
0.000000 -0.000000 -0.000000 0 0
0.000000 -0.000000 -0.000000 0 0
0.000000 -0.000000 -0.000000 0 0
0.000000 -0.000000 -0.000000 0 0
0.000000 -0.000000 -0.000000 0 0
0.000000 -0.000000 -0.000000 0 0
0.000000 -0.000000 -0.000000 0 0
0.000000 -0.000000 -0.000000 0 0
0.000000 -0.000000 -0.000000 0 0
0.000000 -0.000000 -0.000000 0 0
0.000000 -0.000000 -0.000000 0 0
0.000000 -0.000000 -0.000000 0 0
0.000000 -0.000000 -0.000000 0 0
0.000000 -0.000000 -0.000000 0 0
0.000000 -0.000000 -0.000000 0 0
0.000000 -0.000000 -0.000000 0 0
0.000000 -0.000000 -0.000000 0 0
0.000000 -0.000000 -0.000000 0 0
0.000000 -0.000000 -0.000000 0 0
0.000000 -0.000000 -0.000000 0 0
0.000000 -0.000000 -0.000000 0 0
0.000000 -0.000000 -0.000000 0 0
0.000000 -0.000000 -0.000000 0 0
0.000000 -0.000000 -0.000000 0 0
0.000000 -0.000000 -0.000000 0 0
0.000000 -0.000000 -0.000000 0 0
0.000000 -0.000000 -0.000000 0 0
0.000000 -0.000000 -0.000000 0 0
0.000000 -0.000000 -0.000000 0 0
0.000000 -0.000000 -0.000000 0 0
0.000000 -0.000000 -0.000000 0 0
0.000000 -0.000000 -0.000000 0 0
0.992000 -0.199000 -0.533000 0 0
0.000000 -0.000000 -0.000000 0 0
0.000000 -0.000000 -0.000000 0 0
0.000000 -0.000000 -0.000000 0 0
0.000000 -0.000000 -0.000000 0 0
0.000000 -0.000000 -0.000000 0 0
0.000000 -0.000000 -0.000000 0 0
0.000000 -0.000000 -0.000000 0 0
0.000000 -0.000000 -0.000000 0 0
0.000000 -0.000000 -0.000000 0 0
0.000000 -0.000000 -0.000000 0 0
0.000000 -0.000000 -0.000000 0 0
0.000000 -0.000000 -0.000000 0 0
0.000000 -0.000000 -0.000000 0 0
0.000000 -0.000000 -0.000000 0 0
0.000000 -0.000000 -0.000000 0 0
0.000000 -0.000000 -0.000000 0 0
0.000000 -0.000000 -0.000000 0 0
0.000000 -0.000000 -0.000000 0 0
0.000000 -0.000000 -0.000000 0 0
0.000000 -0.000000 -0.000000 0 0
0.000000 -0.000000 -0.000000 0 0
0.000000 -0.000000 -0.000000 0 0
0.000000 -0.000000 -0.000000 0 0
0.000000 -0.000000 -0.000000 0 128
0.000000 -0.000000 -0.000000 0 0
0.000000 -0.000000 -0.000000 0 0
0.000000 -0.000000 -0.000000 0 0
0.000000 -0.000000 -0.000000 0 0
0.000000 -0.000000 -0.000000 0 0
0.000000 -0.000000 -0.000000 0 0
0.000000 -0.000000 -0.000000 0 0
0.000000 -0.000000 -0.000000 0 0
0.000000 -0.000000 -0.000000 0 0
0.000000 -0.000000 -0.000000 0 0
0.000000 -0.000000 -0.000000 0 0
0.000000 -0.000000 -0.000000 0 0
0.000000 -0.000000 -0.000000 0 0
0.000000 -0.000000 -0.000000 0 0
0.000000 -0.000000 -0.000000 0 0
0.000000 -0.000000 -0.000000 0 0
0.000000 -0.000000 -0.000000 0 0
0.000000 -0.000000 -0.000000 0 0
0.000000 -0.000000 -0.000000 0 0
0.000000 -0.000000 -0.000000 0 128
0.000000 -0.000000 -0.000000 0 0
0.000000 -0.000000 -0.000000 0 0
0.000000 -0.000000 -0.000000 0 0
0.000000 -0.000000 -0.000000 0 128
0.000000 -0.000000 -0.000000 0 0
0.000000 -0.000000 -0.000000 0 0
0.000000 -0.000000 -0.000000 0 128
0.000000 -0.000000 -0.000000 0 0
0.000000 -0.000000 -0.000000 0 0
0.000000 -0.000000 -0.000000 0 128
0.000000 -0.000000 -0.000000 0 128
0.000000 -0.000000 -0.000000 0 0
0.000000 -0.000000 -0.000000 0 128
0.000000 -0.000000 -0.000000 0 128
0.000000 -0.000000 -0.000000 0 128
0.000000 -0.000000 -0.000000 0 0
0.000000 -0.000000 -0.000000 0 128
0.000000 -0.000000 -0.000000 0 128
0.000000 -0.000000 -0.000000 0 128
0.000000 -0.000000 -0.000000 0 128
0.000000 -0.000000 -0.000000 0 128
0.000000 -0.000000 -0.000000 0 128
0.000000 -0.000000 -0.000000 0 128
0.000000 -0.000000 -0.000000 0 128
0.000000 -0.000000 -0.000000 0 128
0.000000 -0.000000 -0.000000 0 128
0.000000 -0.000000 -0.000000 0 128
0.000000 -0.000000 -0.000000 0 128
0.000000 -0.000000 -0.000000 0 128
0.000000 -0.000000 -0.000000 0 128
0.000000 -0.000000 -0.000000 0 128
0.000000 -0.000000 -0.000000 0 0
0.000000 -0.000000 -0.000000 0 0
0.000000 -0.000000 -0.000000 0 0
0.000000 -0.000000 -0.000000 0 0
0.000000 -0.000000 -0.000000 0 0
0.000000 -0.000000 -0.000000 0 0
0.000000 -0.000000 -0.000000 0 0
0.000000 -0.000000 -0.000000 0 0
0.000000 -0.000000 -0.000000 0 0
0.000000 -0.000000 -0.000000 0 0
0.000000 -0.000000 -0.000000 0 0
0.000000 -0.000000 -0.000000 0 0
0.000000 -0.000000 -0.000000 0 0
0.000000 -0.000000 -0.000000 0 0
0.000000 -0.000000 -0.000000 0 0
0.000000 -0.000000 -0.000000 0 0
0.000000 -0.000000 -0.000000 0 0
0.000000 -0.000000 -0.000000 0 0
0.000000 -0.000000 -0.000000 0 0
0.000000 -0.000000 -0.000000 0 0
0.992000 -0.199000 -0.533000 0 0
0.000000 -0.000000 -0.000000 0 0
0.000000 -0.000000 -0.000000 0 0
0.000000 -0.000000 -0.000000 0 0
0.000000 -0.000000 -0.000000 0 0
0.000000 -0.000000 -0.000000 0 0
0.000000 -0.000000 -0.000000 0 0
0.000000 -0.000000 -0.000000 0 0
0.000000 -0.000000 -0.000000 0 0
0.000000 -0.000000 -0.000000 0 0
0.000000 -0.000000 -0.000000 0 0
0.000000 -0.000000 -0.000000 0 0
0.000000 -0.000000 -0.000000 0 0
0.000000 -0.000000 -0.000000 0 0
0.000000 -0.000000 -0.000000 0 0
0.000000 -0.000000 -0.000000 0 0
0.000000 -0.000000 -0.000000 0 0
0.000000 -0.000000 -0.000000 0 0
0.000000 -0.000000 -0.000000 0 0
0.000000 -0.000000 -0.000000 0 0
0.000000 -0.000000 -0.000000 0 0
0.000000 -0.000000 -0.000000 0 0
0.000000 -0.000000 -0.000000 0 0
0.000000 -0.000000 -0.000000 0 0
0.000000 -0.000000 -0.000000 0 128
0.000000 -0.000000 -0.000000 0 0
0.000000 -0.000000 -0.000000 0 0
0.000000 -0.000000 -0.000000 0 0
0.000000 -0.000000 -0.000000 0 0
0.000000 -0.000000 -0.000000 0 0
0.000000 -0.000000 -0.000000 0 0
0.000000 -0.000000 -0.000000 0 0
0.000000 -0.000000 -0.000000 0 0
0.000000 -0.000000 -0.000000 0 0
0.000000 -0.000000 -0.000000 0 0
0.000000 -0.000000 -0.000000 0 0
0.000000 -0.000000 -0.000000 0 0
0.000000 -0.000000 -0.000000 0 0
0.000000 -0.000000 -0.000000 0 0
0.000000 -0.000000 -0.000000 0 0
0.000000 -0.000000 -0.000000 0 0
0.000000 -0.000000 -0.000000 0 0
0.000000 -0.000000 -0.000000 0 0
0.000000 -0.000000 -0.000000 0 0
0.000000 -0.000000 -0.000000 0 128
0.000000 -0.000000 -0.000000 0 0
0.000000 -0.000000 -0.000000 0 0
0.000000 -0.000000 -0.000000 0 0
0.000000 -0.000000 -0.000000 0 128
0.000000 -0.000000 -0.000000 0 0
0.000000 -0.000000 -0.000000 0 0
0.000000 -0.000000 -0.000000 0 128
0.000000 -0.000000 -0.000000 0 0
0.000000 -0.000000 -0.000000 0 0
0.000000 -0.000000 -0.000000 0 128
0.000000 -0.000000 -0.000000 0 128
0.000000 -0.000000 -0.000000 0 0
0.000000 -0.000000 -0.000000 0 128
0.000000 -0.000000 -0.000000 0 128
0.000000 -0.000000 -0.000000 0 128
0.000000 -0.000000 -0.000000 0 0
0.000000 -0.000000 -0.000000 0 128
0.000000 -0.000000 -0.000000 0 128
0.000000 -0.000000 -0.000000 0 128
0.000000 -0.000000 -0.000000 0 128
0.000000 -0.000000 -0.000000 0 128
0.000000 -0.000000 -0.000000 0 128
0.000000 -0.000000 -0.000000 0 128
0.000000 -0.000000 -0.000000 0 128
0.000000 -0.000000 -0.000000 0 128
0.000000 -0.000000 -0.000000 0 128
0.000000 -0.000000 -0.000000 0 128
0.000000 -0.000000 -0.000000 0 128
0.000000 -0.000000 -0.000000 0 128
0.000000 -0.000000 -0.000000 0 128
0.000000 -0.000000 -0.000000 0 128
0.000000 -0.000000 -0.000000 0 128
0.000000 -0.000000 -0.000000 0 128
0.000000 -0.000000 -0.000000 0 128
0.000000 -0.000000 -0.000000 0 128
0.000000 -0.000000 -0.000000 0 128
0.000000 -0.000000 -0.000000 0 128
0.000000 -0.000000 -0.000000 0 128
0.000000 -0.000000 -0.000000 0 128
0.000000 -0.000000 -0.000000 0 128
0.000000 -0.000000 -0.000000 0 128
0.000000 -0.000000 -0.000000 0 128
0.000000 -0.000000 -0.000000 0 0
0.000000 -0.000000 -0.000000 0 128
0.000000 -0.000000 -0.000000 0 128
0.000000 -0.000000 -0.000000 0 128
0.000000 -0.000000 -0.000000 0 128
0.000000 -0.000000 -0.000000 0 128
0.000000 -0.000000 -0.000000 0 128
0.000000 -0.000000 -0.000000 0 128
0.000000 -0.000000 -0.000000 0 0
0.000000 -0.000000 -0.000000 0 128
0.000000 -0.000000 -0.000000 0 128
0.000000 -0.000000 -0.000000 0 128
0.000000 -0.000000 -0.000000 0 128
0.000000 -0.000000 -0.000000 0 128
0.000000 -0.000000 -0.000000 0 128
0.000000 -0.000000 -0.000000 0 128
0.000000 -0.000000 -0.000000 0 192
0.000000 -0.000000 -0.000000 0 128
0.000000 -0.000000 -0.000000 0 128
0.000000 -0.000000 -0.000000 0 128
0.000000 -0.000000 -0.000000 0 0
0.000000 -0.000000 -0.000000 0 128
0.000000 -0.000000 -0.000000 0 128
0.000000 -0.000000 -0.000000 0 192
0.615000 -0.864000 -0.479000 6 0
0.000000 -0.000000 -0.000000 0 128
0.000000 -0.000000 -0.000000 0 192
0.000000 -0.000000 -0.000000 0 0
0.594000 -0.876000 -0.478000 9 0
0.000000 -0.000000 -0.000000 0 128
0.000000 -0.000000 -0.000000 0 192
0.601000 -0.841000 -0.476000 6 0
0.576000 -0.892000 -0.480000 8 0
0.000000 -0.000000 -0.000000 0 128
0.612000 -0.810000 -0.473000 2 64
0.586000 -0.862000 -0.479000 6 0
0.557000 -0.909000 -0.483000 9 0
0.000000 -0.000000 -0.000000 0 192
0.605000 -0.841000 -0.481000 5 0
0.567000 -0.876000 -0.479000 6 0
0.538000 -0.924000 -0.485000 9 0
0.000000 -0.000000 -0.000000 0 0
0.583000 -0.851000 -0.478000 7 0
0.551000 -0.896000 -0.483000 6 0
0.519000 -0.939000 -0.487000 9 0
0.606000 -0.831000 -0.481000 9 0
0.568000 -0.871000 -0.481000 6 0
0.531000 -0.909000 -0.483000 7 0
0.495000 -0.947000 -0.486000 9 0
0.584000 -0.841000 -0.477000 7 0
0.550000 -0.887000 -0.482000 6 0
0.516000 -0.930000 -0.488000 9 0
0.472000 -0.955000 -0.485000 9 0
0.570000 -0.862000 -0.480000 7 0
0.531000 -0.902000 -0.483000 6 0
0.495000 -0.943000 -0.489000 9 0
0.446000 -0.957000 -0.481000 8 0
0.554000 -0.882000 -0.482000 7 0
0.514000 -0.921000 -0.485000 6 0
0.473000 -0.954000 -0.488000 9 0
0.422000 -0.961000 -0.479000 8 0
0.538000 -0.902000 -0.484000 7 0
0.497000 -0.940000 -0.488000 8 0
0.447000 -0.955000 -0.483000 7 0
0.400000 -0.968000 -0.478000 8 0
0.523000 -0.926000 -0.488000 8 0
0.475000 -0.950000 -0.486000 8 0
0.425000 -0.964000 -0.482000 6 0
0.374000 -0.969000 -0.475000 8 0
0.505000 -0.943000 -0.489000 9 0
0.451000 -0.957000 -0.483000 6 0
0.400000 -0.966000 -0.479000 6 0
0.361000 -1.002000 -0.487000 6 0
0.480000 -0.949000 -0.485000 9 0
0.425000 -0.959000 -0.478000 6 0
0.375000 -0.967000 -0.474000 6 0
0.342000 -1.018000 -0.492000 7 0
0.452000 -0.950000 -0.478000 8 0
0.399000 -0.958000 -0.472000 6 0
0.366000 -1.011000 -0.492000 5 0
0.307000 -0.987000 -0.474000 6 0
0.428000 -0.955000 -0.473000 8 0
0.378000 -0.971000 -0.473000 6 0
0.346000 -1.028000 -0.496000 6 0
0.292000 -1.020000 -0.488000 8 0
0.000000 -0.000000 -0.000000 0 128
0.000000 -0.000000 -0.000000 0 128
0.000000 -0.000000 -0.000000 0 128
0.000000 -0.000000 -0.000000 0 128
0.000000 -0.000000 -0.000000 0 128
0.000000 -0.000000 -0.000000 0 128
0.000000 -0.000000 -0.000000 0 128
0.000000 -0.000000 -0.000000 0 128
0.000000 -0.000000 -0.000000 0 128
0.000000 -0.000000 -0.000000 0 128
0.000000 -0.000000 -0.000000 0 128
0.000000 -0.000000 -0.000000 0 0
0.000000 -0.000000 -0.000000 0 128
0.000000 -0.000000 -0.000000 0 128
0.000000 -0.000000 -0.000000 0 128
0.000000 -0.000000 -0.000000 0 128
0.000000 -0.000000 -0.000000 0 128
0.000000 -0.000000 -0.000000 0 128
0.000000 -0.000000 -0.000000 0 128
0.000000 -0.000000 -0.000000 0 0
0.000000 -0.000000 -0.000000 0 128
0.000000 -0.000000 -0.000000 0 128
0.000000 -0.000000 -0.000000 0 128
0.000000 -0.000000 -0.000000 0 128
0.000000 -0.000000 -0.000000 0 128
0.000000 -0.000000 -0.000000 0 128
0.000000 -0.000000 -0.000000 0 128
0.000000 -0.000000 -0.000000 0 192
0.000000 -0.000000 -0.000000 0 128
0.000000 -0.000000 -0.000000 0 128
0.000000 -0.000000 -0.000000 0 128
0.000000 -0.000000 -0.000000 0 0
0.000000 -0.000000 -0.000000 0 128
0.000000 -0.000000 -0.000000 0 128
0.000000 -0.000000 -0.000000 0 192
0.615000 -0.864000 -0.479000 6 0
0.000000 -0.000000 -0.000000 0 128
0.000000 -0.000000 -0.000000 0 192
0.000000 -0.000000 -0.000000 0 0
0.594000 -0.876000 -0.478000 9 0
0.000000 -0.000000 -0.000000 0 128
0.000000 -0.000000 -0.000000 0 192
0.601000 -0.841000 -0.476000 6 0
0.576000 -0.892000 -0.480000 8 0
0.000000 -0.000000 -0.000000 0 128
0.612000 -0.810000 -0.473000 2 64
0.586000 -0.862000 -0.479000 6 0
0.557000 -0.909000 -0.483000 9 0
0.000000 -0.000000 -0.000000 0 192
0.605000 -0.841000 -0.481000 5 0
0.567000 -0.876000 -0.479000 6 0
0.538000 -0.924000 -0.485000 9 0
0.000000 -0.000000 -0.000000 0 0
0.583000 -0.851000 -0.478000 7 0
0.551000 -0.896000 -0.483000 6 0
0.519000 -0.939000 -0.487000 9 0
0.606000 -0.831000 -0.481000 9 0
0.568000 -0.871000 -0.481000 6 0
0.531000 -0.909000 -0.483000 7 0
0.495000 -0.947000 -0.486000 9 0
0.584000 -0.841000 -0.477000 7 0
0.550000 -0.887000 -0.482000 6 0
0.516000 -0.930000 -0.488000 9 0
0.472000 -0.955000 -0.485000 9 0
0.570000 -0.862000 -0.480000 7 0
0.531000 -0.902000 -0.483000 6 0
0.495000 -0.943000 -0.489000 9 0
0.446000 -0.957000 -0.481000 8 0
0.554000 -0.882000 -0.482000 7 0
0.514000 -0.921000 -0.485000 6 0
0.473000 -0.954000 -0.488000 9 0
0.422000 -0.961000 -0.479000 8 0
0.538000 -0.902000 -0.484000 7 0
0.497000 -0.940000 -0.488000 8 0
0.447000 -0.955000 -0.483000 7 0
0.400000 -0.968000 -0.478000 8 0
0.523000 -0.926000 -0.488000 8 0
0.475000 -0.950000 -0.486000 8 0
0.425000 -0.964000 -0.482000 6 0
0.374000 -0.969000 -0.475000 8 0
0.505000 -0.943000 -0.489000 9 0
0.451000 -0.957000 -0.483000 6 0
0.400000 -0.966000 -0.479000 6 0
0.361000 -1.002000 -0.487000 6 0
0.480000 -0.949000 -0.485000 9 0
0.425000 -0.959000 -0.478000 6 0
0.375000 -0.967000 -0.474000 6 0
0.342000 -1.018000 -0.492000 7 0
0.452000 -0.950000 -0.478000 8 0
0.399000 -0.958000 -0.472000 6 0
0.366000 -1.011000 -0.492000 5 0
0.307000 -0.987000 -0.474000 6 0
0.428000 -0.955000 -0.473000 8 0
0.378000 -0.971000 -0.473000 6 0
0.346000 -1.028000 -0.496000 6 0
0.292000 -1.020000 -0.488000 8 0
0.404000 -0.961000 -0.470000 8 0
0.370000 -1.019000 -0.491000 5 1
0.310000 -0.997000 -0.477000 6 0
0.273000 -1.042000 -0.496000 6 0
0.381000 -0.968000 -0.467000 7 0
0.345000 -1.023000 -0.488000 6 0
0.298000 -1.042000 -0.495000 6 0
0.252000 -1.057000 -0.501000 7 0
0.379000 -1.036000 -0.493000 6 1
0.317000 -1.018000 -0.481000 5 0
0.276000 -1.054000 -0.498000 6 0
0.228000 -1.058000 -0.499000 7 0
0.353000 -1.039000 -0.489000 6 0
0.302000 -1.055000 -0.494000 6 0
0.252000 -1.059000 -0.497000 6 0
0.204000 -1.064000 -0.500000 6 0
0.330000 -1.050000 -0.488000 6 0
0.280000 -1.070000 -0.497000 6 0
0.230000 -1.076000 -0.502000 6 0
0.181000 -1.072000 -0.503000 5 0
0.309000 -1.072000 -0.493000 6 0
0.257000 -1.083000 -0.499000 6 0
0.205000 -1.078000 -0.500000 6 0
0.000000 -0.000000 -0.000000 0 0
0.286000 -1.088000 -0.495000 6 0
0.232000 -1.089000 -0.498000 6 0
0.181000 -1.082000 -0.500000 3 0
0.000000 -0.000000 -0.000000 0 0
0.263000 -1.106000 -0.499000 7 0
0.208000 -1.101000 -0.500000 6 0
0.000000 -0.000000 -0.000000 0 0
0.000000 -0.000000 -0.000000 0 128
0.237000 -1.111000 -0.496000 7 0
0.183000 -1.109000 -0.501000 3 0
0.000000 -0.000000 -0.000000 0 0
0.000000 -0.000000 -0.000000 0 128
0.214000 -1.133000 -0.502000 6 0
0.000000 -0.000000 -0.000000 0 0
0.000000 -0.000000 -0.000000 0 128
0.000000 -0.000000 -0.000000 0 128
0.187000 -1.139000 -0.501000 4 0
0.000000 -0.000000 -0.000000 0 0
0.000000 -0.000000 -0.000000 0 128
0.000000 -0.000000 -0.000000 0 192
0.000000 -0.000000 -0.000000 0 0
0.000000 -0.000000 -0.000000 0 128
0.000000 -0.000000 -0.000000 0 128
0.000000 -0.000000 -0.000000 0 128
0.000000 -0.000000 -0.000000 0 0
0.000000 -0.000000 -0.000000 0 128
0.000000 -0.000000 -0.000000 0 192
0.000000 -0.000000 -0.000000 0 128
0.000000 -0.000000 -0.000000 0 128
0.000000 -0.000000 -0.000000 0 128
0.000000 -0.000000 -0.000000 0 192
0.000000 -0.000000 -0.000000 0 0
0.000000 -0.000000 -0.000000 0 192
0.000000 -0.000000 -0.000000 0 192
-0.015000 -1.083000 -0.492000 1 64
0.000000 -0.000000 -0.000000 0 0
0.000000 -0.000000 -0.000000 0 192
0.000000 -0.000000 -0.000000 0 192
-0.041000 -1.116000 -0.507000 3 0
0.000000 -0.000000 -0.000000 0 0
0.000000 -0.000000 -0.000000 0 192
-0.023000 -1.134000 -0.497000 2 0
0.000000 -0.000000 -0.000000 0 0
-0.135000 -1.379000 -0.650000 1 4
0.000000 -0.000000 -0.000000 0 0
-0.128000 -2.921000 -1.281000 1 0
-0.115000 -1.407000 -0.641000 0 0
-0.311000 -2.594000 -1.228000 20 0
0.000000 -0.000000 -0.000000 0 0
-0.133000 -1.981000 -0.868000 1 4
-0.146000 -1.398000 -0.638000 3 0
-0.288000 -2.025000 -0.962000 0 0
0.000000 -0.000000 -0.000000 0 0
-0.256000 -2.830000 -1.240000 29 0
-0.177000 -1.387000 -0.634000 0 0
-0.388000 -2.353000 -1.123000 43 0
-0.220000 -2.946000 -1.237000 22 0
-0.305000 -2.679000 -1.174000 31 0
-0.211000 -1.404000 -0.644000 2 0
-0.417000 -2.231000 -1.070000 43 0
-0.276000 -2.791000 -1.170000 39 0
-0.195000 -1.420000 -0.623000 0 0
-0.246000 -1.421000 -0.654000 0 0
-0.443000 -2.109000 -1.017000 40 0
-0.322000 -2.613000 -1.095000 33 0
-0.233000 -1.448000 -0.636000 0 0
-0.278000 -1.413000 -0.653000 2 0
-0.468000 -2.013000 -0.976000 98 0
-0.344000 -2.334000 -0.977000 5 0
-0.267000 -1.442000 -0.635000 0 0
-0.312000 -1.416000 -0.657000 2 0
-0.346000 -1.353000 -0.660000 5 0
0.404000 -0.961000 -0.470000 8 0
0.370000 -1.019000 -0.491000 5 1
0.310000 -0.997000 -0.477000 6 0
0.273000 -1.042000 -0.496000 6 0
0.381000 -0.968000 -0.467000 7 0
0.345000 -1.023000 -0.488000 6 0
0.298000 -1.042000 -0.495000 6 0
0.252000 -1.057000 -0.501000 7 0
0.379000 -1.036000 -0.493000 6 1
0.317000 -1.018000 -0.481000 5 0
0.276000 -1.054000 -0.498000 6 0
0.228000 -1.058000 -0.499000 7 0
0.353000 -1.039000 -0.489000 6 0
0.302000 -1.055000 -0.494000 6 0
0.252000 -1.059000 -0.497000 6 0
0.204000 -1.064000 -0.500000 6 0
0.330000 -1.050000 -0.488000 6 0
0.280000 -1.070000 -0.497000 6 0
0.230000 -1.076000 -0.502000 6 0
0.181000 -1.072000 -0.503000 5 0
0.309000 -1.072000 -0.493000 6 0
0.257000 -1.083000 -0.499000 6 0
0.205000 -1.078000 -0.500000 6 0
0.000000 -0.000000 -0.000000 0 0
0.286000 -1.088000 -0.495000 6 0
0.232000 -1.089000 -0.498000 6 0
0.181000 -1.082000 -0.500000 3 0
0.000000 -0.000000 -0.000000 0 0
0.263000 -1.106000 -0.499000 7 0
0.208000 -1.101000 -0.500000 6 0
0.000000 -0.000000 -0.000000 0 0
0.000000 -0.000000 -0.000000 0 128
0.237000 -1.111000 -0.496000 7 0
0.183000 -1.109000 -0.501000 3 0
0.000000 -0.000000 -0.000000 0 0
0.000000 -0.000000 -0.000000 0 128
0.214000 -1.133000 -0.502000 6 0
0.000000 -0.000000 -0.000000 0 0
0.000000 -0.000000 -0.000000 0 128
0.000000 -0.000000 -0.000000 0 128
0.187000 -1.139000 -0.501000 4 0
0.000000 -0.000000 -0.000000 0 0
0.000000 -0.000000 -0.000000 0 128
0.000000 -0.000000 -0.000000 0 192
0.000000 -0.000000 -0.000000 0 0
0.000000 -0.000000 -0.000000 0 128
0.000000 -0.000000 -0.000000 0 128
0.000000 -0.000000 -0.000000 0 128
0.000000 -0.000000 -0.000000 0 0
0.000000 -0.000000 -0.000000 0 128
0.000000 -0.000000 -0.000000 0 192
0.000000 -0.000000 -0.000000 0 128
0.000000 -0.000000 -0.000000 0 128
0.000000 -0.000000 -0.000000 0 128
0.000000 -0.000000 -0.000000 0 192
0.000000 -0.000000 -0.000000 0 0
0.000000 -0.000000 -0.000000 0 192
0.000000 -0.000000 -0.000000 0 192
-0.015000 -1.083000 -0.492000 1 64
0.000000 -0.000000 -0.000000 0 0
0.000000 -0.000000 -0.000000 0 192
0.000000 -0.000000 -0.000000 0 192
-0.041000 -1.116000 -0.507000 3 0
0.000000 -0.000000 -0.000000 0 0
0.000000 -0.000000 -0.000000 0 192
-0.023000 -1.134000 -0.497000 2 0
0.000000 -0.000000 -0.000000 0 0
-0.135000 -1.379000 -0.650000 1 4
0.000000 -0.000000 -0.000000 0 0
-0.128000 -2.921000 -1.281000 1 0
-0.115000 -1.407000 -0.641000 0 0
-0.311000 -2.594000 -1.228000 20 0
0.000000 -0.000000 -0.000000 0 0
-0.133000 -1.981000 -0.868000 1 4
-0.146000 -1.398000 -0.638000 3 0
-0.288000 -2.025000 -0.962000 0 0
0.000000 -0.000000 -0.000000 0 0
-0.256000 -2.830000 -1.240000 29 0
-0.177000 -1.387000 -0.634000 0 0
-0.388000 -2.353000 -1.123000 43 0
-0.220000 -2.946000 -1.237000 22 0
-0.305000 -2.679000 -1.174000 31 0
-0.211000 -1.404000 -0.644000 2 0
-0.417000 -2.231000 -1.070000 43 0
-0.276000 -2.791000 -1.170000 39 0
-0.195000 -1.420000 -0.623000 0 0
-0.246000 -1.421000 -0.654000 0 0
-0.443000 -2.109000 -1.017000 40 0
-0.322000 -2.613000 -1.095000 33 0
-0.233000 -1.448000 -0.636000 0 0
-0.278000 -1.413000 -0.653000 2 0
-0.468000 -2.013000 -0.976000 98 0
-0.344000 -2.334000 -0.977000 5 0
-0.267000 -1.442000 -0.635000 0 0
-0.312000 -1.416000 -0.657000 2 0
-0.346000 -1.353000 -0.660000 5 0
-0.398000 -2.316000 -0.971000 45 0
-0.443000 -2.121000 -0.937000 81 0
-0.341000 -1.399000 -0.652000 6 0
-0.367000 -1.314000 -0.646000 0 0
-0.428000 -2.173000 -0.912000 37 1
-0.465000 -1.994000 -0.884000 125 0
-0.364000 -1.358000 -0.637000 1 0
-0.382000 -1.262000 -0.625000 5 0
-0.457000 -2.058000 -0.865000 43 0
-0.479000 -1.857000 -0.826000 138 0
-0.379000 -1.298000 -0.612000 5 0
-0.397000 -1.217000 -0.607000 0 0
-0.483000 -1.956000 -0.825000 43 0
-0.380000 -1.343000 -0.600000 5 0
-0.395000 -1.248000 -0.592000 1 0
-0.413000 -1.177000 -0.592000 5 0
-0.495000 -1.815000 -0.767000 111 0
-0.395000 -1.283000 -0.576000 1 0
-0.409000 -1.199000 -0.573000 5 0
-0.419000 -1.117000 -0.567000 1 0
-0.396000 -1.324000 -0.562000 0 0
-0.413000 -1.237000 -0.559000 6 0
-0.425000 -1.159000 -0.558000 1 0
-0.433000 -1.081000 -0.553000 0 0
-0.411000 -1.266000 -0.540000 5 0
-0.428000 -1.190000 -0.541000 1 0
-0.439000 -1.119000 -0.543000 1 0
-0.447000 -1.051000 -0.543000 1 0
-0.430000 -1.220000 -0.523000 0 0
-0.444000 -1.149000 -0.526000 1 0
-0.453000 -1.082000 -0.530000 1 0
-0.461000 -1.022000 -0.534000 1 0
-0.440000 -1.161000 -0.500000 7 0
-0.456000 -1.103000 -0.509000 1 0
-0.464000 -1.044000 -0.516000 1 0
-0.474000 -0.993000 -0.524000 1 0
-0.454000 -1.117000 -0.484000 0 0
-0.469000 -1.065000 -0.496000 1 0
-0.476000 -1.009000 -0.503000 1 0
-0.537000 -1.066000 -0.569000 1 0
-0.469000 -1.076000 -0.470000 0 0
-0.480000 -1.024000 -0.481000 1 0
-0.484000 -0.969000 -0.488000 1 0
-0.661000 -1.244000 -0.672000 11 0
-0.476000 -1.025000 -0.452000 0 0
-0.490000 -0.986000 -0.467000 1 0
-0.657000 -1.246000 -0.635000 10 0
-0.666000 -1.190000 -0.651000 13 0
-0.489000 -0.990000 -0.440000 0 0
-0.599000 -1.138000 -0.545000 2 0
-0.667000 -1.198000 -0.618000 10 0
-0.677000 -1.152000 -0.638000 12 0
-0.496000 -0.946000 -0.424000 0 64
-0.669000 -1.201000 -0.581000 10 0
-0.679000 -1.159000 -0.605000 10 0
-0.689000 -1.116000 -0.626000 13 0
-0.669000 -1.204000 -0.546000 11 64
-0.681000 -1.159000 -0.568000 10 0
-0.688000 -1.115000 -0.590000 10 0
-0.699000 -1.080000 -0.615000 13 0
-0.680000 -1.156000 -0.530000 11 64
-0.694000 -1.120000 -0.556000 9 0
-0.700000 -1.079000 -0.578000 11 0
-0.709000 -1.045000 -0.603000 12 0
-0.695000 -1.120000 -0.520000 11 64
-0.704000 -1.079000 -0.543000 9 0
-0.711000 -1.045000 -0.568000 12 0
-0.719000 -1.013000 -0.594000 12 0
-0.705000 -1.077000 -0.506000 12 64
-0.713000 -1.040000 -0.531000 10 0
-0.721000 -1.010000 -0.557000 12 0
-0.730000 -0.983000 -0.585000 12 0
-0.716000 -1.038000 -0.495000 11 64
-0.723000 -1.004000 -0.520000 11 0
-0.728000 -0.974000 -0.546000 11 0
-0.736000 -0.948000 -0.574000 12 0
-0.731000 -1.006000 -0.487000 11 64
-0.736000 -0.973000 -0.512000 11 0
-0.744000 -0.950000 -0.541000 11 0
-0.745000 -0.918000 -0.566000 12 0
-0.735000 -0.962000 -0.473000 11 64
-0.748000 -0.942000 -0.504000 11 0
-0.748000 -0.912000 -0.529000 11 0
-0.753000 -0.888000 -0.557000 11 0
-0.746000 -0.929000 -0.464000 11 64
-0.750000 -0.901000 -0.490000 13 0
-0.757000 -0.882000 -0.521000 13 0
-0.759000 -0.857000 -0.548000 14 64
-0.760000 -0.901000 -0.459000 11 64
-0.758000 -0.869000 -0.482000 13 0
-0.763000 -0.850000 -0.512000 13 0
-0.768000 -0.831000 -0.541000 14 64
-0.764000 -0.862000 -0.447000 10 0
-0.768000 -0.841000 -0.475000 13 0
-0.773000 -0.823000 -0.505000 13 0
-0.771000 -0.799000 -0.531000 14 64
-0.398000 -2.316000 -0.971000 45 0
-0.443000 -2.121000 -0.937000 81 0
-0.341000 -1.399000 -0.652000 6 0
-0.367000 -1.314000 -0.646000 0 0
-0.428000 -2.173000 -0.912000 37 1
-0.465000 -1.994000 -0.884000 125 0
-0.364000 -1.358000 -0.637000 1 0
-0.382000 -1.262000 -0.625000 5 0
-0.457000 -2.058000 -0.865000 43 0
-0.479000 -1.857000 -0.826000 138 0
-0.379000 -1.298000 -0.612000 5 0
-0.397000 -1.217000 -0.607000 0 0
-0.483000 -1.956000 -0.825000 43 0
-0.380000 -1.343000 -0.600000 5 0
-0.395000 -1.248000 -0.592000 1 0
-0.413000 -1.177000 -0.592000 5 0
-0.495000 -1.815000 -0.767000 111 0
-0.395000 -1.283000 -0.576000 1 0
-0.409000 -1.199000 -0.573000 5 0
-0.419000 -1.117000 -0.567000 1 0
-0.396000 -1.324000 -0.562000 0 0
-0.413000 -1.237000 -0.559000 6 0
-0.425000 -1.159000 -0.558000 1 0
-0.433000 -1.081000 -0.553000 0 0
-0.411000 -1.266000 -0.540000 5 0
-0.428000 -1.190000 -0.541000 1 0
-0.439000 -1.119000 -0.543000 1 0
-0.447000 -1.051000 -0.543000 1 0
-0.430000 -1.220000 -0.523000 0 0
-0.444000 -1.149000 -0.526000 1 0
-0.453000 -1.082000 -0.530000 1 0
-0.461000 -1.022000 -0.534000 1 0
-0.440000 -1.161000 -0.500000 7 0
-0.456000 -1.103000 -0.509000 1 0
-0.464000 -1.044000 -0.516000 1 0
-0.474000 -0.993000 -0.524000 1 0
-0.454000 -1.117000 -0.484000 0 0
-0.469000 -1.065000 -0.496000 1 0
-0.476000 -1.009000 -0.503000 1 0
-0.537000 -1.066000 -0.569000 1 0
-0.469000 -1.076000 -0.470000 0 0
-0.480000 -1.024000 -0.481000 1 0
-0.484000 -0.969000 -0.488000 1 0
-0.661000 -1.244000 -0.672000 11 0
-0.476000 -1.025000 -0.452000 0 0
-0.490000 -0.986000 -0.467000 1 0
-0.657000 -1.246000 -0.635000 10 0
-0.666000 -1.190000 -0.651000 13 0
-0.489000 -0.990000 -0.440000 0 0
-0.599000 -1.138000 -0.545000 2 0
-0.667000 -1.198000 -0.618000 10 0
-0.677000 -1.152000 -0.638000 12 0
-0.496000 -0.946000 -0.424000 0 64
-0.669000 -1.201000 -0.581000 10 0
-0.679000 -1.159000 -0.605000 10 0
-0.689000 -1.116000 -0.626000 13 0
-0.669000 -1.204000 -0.546000 11 64
-0.681000 -1.159000 -0.568000 10 0
-0.688000 -1.115000 -0.590000 10 0
-0.699000 -1.080000 -0.615000 13 0
-0.680000 -1.156000 -0.530000 11 64
-0.694000 -1.120000 -0.556000 9 0
-0.700000 -1.079000 -0.578000 11 0
-0.709000 -1.045000 -0.603000 12 0
-0.695000 -1.120000 -0.520000 11 64
-0.704000 -1.079000 -0.543000 9 0
-0.711000 -1.045000 -0.568000 12 0
-0.719000 -1.013000 -0.594000 12 0
-0.705000 -1.077000 -0.506000 12 64
-0.713000 -1.040000 -0.531000 10 0
-0.721000 -1.010000 -0.557000 12 0
-0.730000 -0.983000 -0.585000 12 0
-0.716000 -1.038000 -0.495000 11 64
-0.723000 -1.004000 -0.520000 11 0
-0.728000 -0.974000 -0.546000 11 0
-0.736000 -0.948000 -0.574000 12 0
-0.731000 -1.006000 -0.487000 11 64
-0.736000 -0.973000 -0.512000 11 0
-0.744000 -0.950000 -0.541000 11 0
-0.745000 -0.918000 -0.566000 12 0
-0.735000 -0.962000 -0.473000 11 64
-0.748000 -0.942000 -0.504000 11 0
-0.748000 -0.912000 -0.529000 11 0
-0.753000 -0.888000 -0.557000 11 0
-0.746000 -0.929000 -0.464000 11 64
-0.750000 -0.901000 -0.490000 13 0
-0.757000 -0.882000 -0.521000 13 0
-0.759000 -0.857000 -0.548000 14 64
-0.760000 -0.901000 -0.459000 11 64
-0.758000 -0.869000 -0.482000 13 0
-0.763000 -0.850000 -0.512000 13 0
-0.768000 -0.831000 -0.541000 14 64
-0.764000 -0.862000 -0.447000 10 0
-0.768000 -0.841000 -0.475000 13 0
-0.773000 -0.823000 -0.505000 13 0
-0.771000 -0.799000 -0.531000 14 64
-0.770000 -0.828000 -0.438000 14 0
-0.774000 -0.808000 -0.466000 13 0
-0.778000 -0.792000 -0.496000 13 0
-0.778000 -0.773000 -0.525000 14 0
-0.778000 -0.796000 -0.430000 14 0
-0.783000 -0.780000 -0.460000 13 0
-0.782000 -0.762000 -0.488000 13 0
-0.782000 -0.745000 -0.516000 14 64
-0.781000 -0.762000 -0.421000 14 64
-0.788000 -0.750000 -0.452000 13 0
-0.790000 -0.736000 -0.482000 13 0
-0.786000 -0.716000 -0.508000 14 0
-0.789000 -0.734000 -0.415000 18 0
-0.793000 -0.720000 -0.445000 13 0
-0.798000 -0.711000 -0.477000 13 0
-0.797000 -0.696000 -0.506000 13 0
-0.797000 -0.706000 -0.409000 19 0
-0.797000 -0.691000 -0.437000 12 0
-0.802000 -0.683000 -0.469000 13 0
-0.807000 -0.675000 -0.503000 9 64
-0.804000 -0.678000 -0.403000 20 0
-0.808000 -0.667000 -0.434000 12 0
-0.798000 -0.649000 -0.458000 12 0
-0.807000 -0.646000 -0.493000 7 64
-0.798000 -0.641000 -0.392000 18 0
-0.812000 -0.640000 -0.428000 12 0
-0.813000 -0.632000 -0.458000 11 0
-0.804000 -0.617000 -0.484000 1 64
-0.820000 -0.626000 -0.394000 20 0
-0.819000 -0.615000 -0.423000 12 0
-0.825000 -0.612000 -0.457000 8 0
0.000000 -0.000000 -0.000000 0 0
-0.813000 -0.590000 -0.383000 19 0
-0.825000 -0.590000 -0.418000 12 0
-0.822000 -0.582000 -0.447000 9 0
0.000000 -0.000000 -0.000000 0 0
-0.822000 -0.567000 -0.380000 19 0
-0.832000 -0.566000 -0.415000 12 0
-0.830000 -0.561000 -0.445000 4 64
0.000000 -0.000000 -0.000000 0 128
-0.841000 -0.550000 -0.382000 24 0
-0.823000 -0.533000 -0.403000 11 0
0.000000 -0.000000 -0.000000 0 64
0.000000 -0.000000 -0.000000 0 192
-0.834000 -0.518000 -0.373000 20 0
-0.846000 -0.520000 -0.408000 12 0
-0.832000 -0.509000 -0.432000 1 64
0.000000 -0.000000 -0.000000 0 128
-0.853000 -0.501000 -0.375000 20 64
-0.850000 -0.496000 -0.404000 12 0
-0.845000 -0.492000 -0.433000 2 0
0.000000 -0.000000 -0.000000 0 128
-0.848000 -0.471000 -0.367000 20 0
-0.855000 -0.472000 -0.401000 13 0
-0.853000 -0.471000 -0.431000 8 0
0.000000 -0.000000 -0.000000 0 128
-0.863000 -0.452000 -0.368000 20 64
-0.866000 -0.452000 -0.400000 14 0
-0.863000 -0.452000 -0.430000 8 0
0.000000 -0.000000 -0.000000 0 128
-0.862000 -0.426000 -0.363000 21 0
-0.872000 -0.430000 -0.398000 14 0
-0.858000 -0.425000 -0.423000 10 0
0.000000 -0.000000 -0.000000 0 128
-0.876000 -0.406000 -0.365000 23 0
-0.877000 -0.408000 -0.395000 14 0
-0.857000 -0.401000 -0.417000 11 0
-0.866000 -0.408000 -0.453000 1 64
-0.873000 -0.380000 -0.359000 21 0
-0.885000 -0.386000 -0.394000 14 0
-0.867000 -0.382000 -0.417000 12 0
-0.870000 -0.388000 -0.451000 8 0
0.000000 -0.000000 -0.000000 0 0
-0.869000 -0.356000 -0.383000 2 0
-0.869000 -0.360000 -0.414000 10 0
-0.873000 -0.367000 -0.447000 12 0
0.000000 -0.000000 -0.000000 0 0
0.000000 -0.000000 -0.000000 0 0
0.000000 -0.000000 -0.000000 0 0
0.000000 -0.000000 -0.000000 0 0
0.000000 -0.000000 -0.000000 0 0
0.000000 -0.000000 -0.000000 0 0
0.000000 -0.000000 -0.000000 0 0
0.000000 -0.000000 -0.000000 0 0
0.000000 -0.000000 -0.000000 0 0
0.000000 -0.000000 -0.000000 0 0
0.000000 -0.000000 -0.000000 0 0
0.000000 -0.000000 -0.000000 0 0
0.000000 -0.000000 -0.000000 0 0
-0.904000 -0.275000 -0.384000 13 0
-0.860000 -0.270000 -0.395000 0 0
0.000000 -0.000000 -0.000000 0 0
-0.909000 -0.247000 -0.353000 21 0
-0.911000 -0.254000 -0.384000 14 0
-0.900000 -0.260000 -0.410000 15 0
0.000000 -0.000000 -0.000000 0 0
-0.770000 -0.828000 -0.438000 14 0
-0.774000 -0.808000 -0.466000 13 0
-0.778000 -0.792000 -0.496000 13 0
-0.778000 -0.773000 -0.525000 14 0
-0.778000 -0.796000 -0.430000 14 0
-0.783000 -0.780000 -0.460000 13 0
-0.782000 -0.762000 -0.488000 13 0
-0.782000 -0.745000 -0.516000 14 64
-0.781000 -0.762000 -0.421000 14 64
-0.788000 -0.750000 -0.452000 13 0
-0.790000 -0.736000 -0.482000 13 0
-0.786000 -0.716000 -0.508000 14 0
-0.789000 -0.734000 -0.415000 18 0
-0.793000 -0.720000 -0.445000 13 0
-0.798000 -0.711000 -0.477000 13 0
-0.797000 -0.696000 -0.506000 13 0
-0.797000 -0.706000 -0.409000 19 0
-0.797000 -0.691000 -0.437000 12 0
-0.802000 -0.683000 -0.469000 13 0
-0.807000 -0.675000 -0.503000 9 64
-0.804000 -0.678000 -0.403000 20 0
-0.808000 -0.667000 -0.434000 12 0
-0.798000 -0.649000 -0.458000 12 0
-0.807000 -0.646000 -0.493000 7 64
-0.798000 -0.641000 -0.392000 18 0
-0.812000 -0.640000 -0.428000 12 0
-0.813000 -0.632000 -0.458000 11 0
-0.804000 -0.617000 -0.484000 1 64
-0.820000 -0.626000 -0.394000 20 0
-0.819000 -0.615000 -0.423000 12 0
-0.825000 -0.612000 -0.457000 8 0
0.000000 -0.000000 -0.000000 0 0
-0.813000 -0.590000 -0.383000 19 0
-0.825000 -0.590000 -0.418000 12 0
-0.822000 -0.582000 -0.447000 9 0
0.000000 -0.000000 -0.000000 0 0
-0.822000 -0.567000 -0.380000 19 0
-0.832000 -0.566000 -0.415000 12 0
-0.830000 -0.561000 -0.445000 4 64
0.000000 -0.000000 -0.000000 0 128
-0.841000 -0.550000 -0.382000 24 0
-0.823000 -0.533000 -0.403000 11 0
0.000000 -0.000000 -0.000000 0 64
0.000000 -0.000000 -0.000000 0 192
-0.834000 -0.518000 -0.373000 20 0
-0.846000 -0.520000 -0.408000 12 0
-0.832000 -0.509000 -0.432000 1 64
0.000000 -0.000000 -0.000000 0 128
-0.853000 -0.501000 -0.375000 20 64
-0.850000 -0.496000 -0.404000 12 0
-0.845000 -0.492000 -0.433000 2 0
0.000000 -0.000000 -0.000000 0 128
-0.848000 -0.471000 -0.367000 20 0
-0.855000 -0.472000 -0.401000 13 0
-0.853000 -0.471000 -0.431000 8 0
0.000000 -0.000000 -0.000000 0 128
-0.863000 -0.452000 -0.368000 20 64
-0.866000 -0.452000 -0.400000 14 0
-0.863000 -0.452000 -0.430000 8 0
0.000000 -0.000000 -0.000000 0 128
-0.862000 -0.426000 -0.363000 21 0
-0.872000 -0.430000 -0.398000 14 0
-0.858000 -0.425000 -0.423000 10 0
0.000000 -0.000000 -0.000000 0 128
-0.876000 -0.406000 -0.365000 23 0
-0.877000 -0.408000 -0.395000 14 0
-0.857000 -0.401000 -0.417000 11 0
-0.866000 -0.408000 -0.453000 1 64
-0.873000 -0.380000 -0.359000 21 0
-0.885000 -0.386000 -0.394000 14 0
-0.867000 -0.382000 -0.417000 12 0
-0.870000 -0.388000 -0.451000 8 0
0.000000 -0.000000 -0.000000 0 0
-0.869000 -0.356000 -0.383000 2 0
-0.869000 -0.360000 -0.414000 10 0
-0.873000 -0.367000 -0.447000 12 0
0.000000 -0.000000 -0.000000 0 0
0.000000 -0.000000 -0.000000 0 0
0.000000 -0.000000 -0.000000 0 0
0.000000 -0.000000 -0.000000 0 0
0.000000 -0.000000 -0.000000 0 0
0.000000 -0.000000 -0.000000 0 0
0.000000 -0.000000 -0.000000 0 0
0.000000 -0.000000 -0.000000 0 0
0.000000 -0.000000 -0.000000 0 0
0.000000 -0.000000 -0.000000 0 0
0.000000 -0.000000 -0.000000 0 0
0.000000 -0.000000 -0.000000 0 0
0.000000 -0.000000 -0.000000 0 0
-0.904000 -0.275000 -0.384000 13 0
-0.860000 -0.270000 -0.395000 0 0
0.000000 -0.000000 -0.000000 0 0
-0.909000 -0.247000 -0.353000 21 0
-0.911000 -0.254000 -0.384000 14 0
-0.900000 -0.260000 -0.410000 15 0
0.000000 -0.000000 -0.000000 0 0
-0.919000 -0.226000 -0.355000 22 0
-0.919000 -0.234000 -0.385000 14 0
-0.900000 -0.239000 -0.407000 15 0
-0.912000 -0.252000 -0.444000 21 0
-0.920000 -0.203000 -0.353000 21 0
-0.922000 -0.212000 -0.384000 14 0
-0.905000 -0.219000 -0.406000 15 0
-0.917000 -0.232000 -0.442000 21 0
-0.925000 -0.181000 -0.353000 21 0
-0.929000 -0.191000 -0.384000 14 0
-0.911000 -0.199000 -0.406000 13 0
-0.922000 -0.213000 -0.442000 21 0
-0.929000 -0.159000 -0.353000 21 0
-0.931000 -0.169000 -0.383000 14 0
-0.915000 -0.178000 -0.405000 13 0
-0.930000 -0.194000 -0.443000 22 0
-0.933000 -0.137000 -0.353000 21 0
-0.937000 -0.148000 -0.383000 14 0
-0.919000 -0.158000 -0.405000 13 0
-0.929000 -0.173000 -0.440000 21 0
-0.936000 -0.114000 -0.353000 21 0
-0.946000 -0.127000 -0.385000 13 0
-0.925000 -0.138000 -0.406000 13 0
-0.935000 -0.153000 -0.440000 22 0
-0.941000 -0.092000 -0.354000 21 0
-0.954000 -0.105000 -0.387000 14 0
-0.928000 -0.117000 -0.405000 13 0
-0.947000 -0.134000 -0.443000 22 0
-0.945000 -0.070000 -0.354000 21 0
-0.957000 -0.083000 -0.387000 14 0
-0.934000 -0.097000 -0.406000 13 0
-0.948000 -0.114000 -0.442000 22 0
-0.951000 -0.047000 -0.356000 21 0
-0.959000 -0.061000 -0.387000 14 0
-0.948000 -0.077000 -0.411000 14 0
-0.953000 -0.094000 -0.442000 18 0
-0.971000 -0.025000 -0.363000 23 0
-0.967000 -0.039000 -0.390000 14 0
-0.955000 -0.056000 -0.413000 14 0
-0.957000 -0.073000 -0.442000 19 0
-0.975000 -0.002000 -0.364000 23 0
-0.970000 -0.017000 -0.390000 14 0
-0.961000 -0.035000 -0.414000 14 0
-0.958000 -0.053000 -0.441000 18 0
-0.982000 0.021000 -0.367000 23 0
-0.975000 0.004000 -0.392000 14 0
-0.971000 -0.013000 -0.418000 14 0
-0.967000 -0.032000 -0.444000 19 0
-0.988000 0.045000 -0.370000 23 0
-0.980000 0.027000 -0.394000 17 0
-0.972000 0.007000 -0.417000 14 0
-0.969000 -0.012000 -0.443000 23 0
-0.993000 0.069000 -0.372000 19 64
-0.983000 0.050000 -0.395000 17 0
-0.977000 0.029000 -0.419000 17 0
-0.974000 0.008000 -0.445000 22 0
-0.996000 0.093000 -0.374000 24 0
-0.989000 0.073000 -0.398000 17 0
-0.984000 0.052000 -0.421000 18 0
-0.977000 0.029000 -0.445000 22 0
-1.000000 0.117000 -0.377000 24 0
-0.999000 0.097000 -0.402000 18 0
-0.988000 0.074000 -0.423000 18 0
-0.984000 0.051000 -0.448000 18 64
-1.006000 0.142000 -0.380000 24 0
-0.998000 0.121000 -0.403000 18 0
-0.992000 0.097000 -0.425000 18 0
-0.993000 0.073000 -0.451000 18 64
-1.007000 0.167000 -0.382000 24 0
-1.004000 0.145000 -0.406000 18 0
-0.997000 0.120000 -0.427000 18 0
-0.993000 0.095000 -0.451000 17 64
-1.000000 0.190000 -0.381000 9 0
-1.010000 0.170000 -0.410000 15 0
-0.999000 0.143000 -0.429000 18 0
-0.994000 0.117000 -0.452000 18 64
-1.000000 0.215000 -0.383000 2 0
-1.008000 0.193000 -0.410000 4 0
-1.006000 0.167000 -0.432000 18 0
-1.000000 0.139000 -0.454000 17 64
-1.026000 0.246000 -0.395000 2 0
-1.003000 0.216000 -0.410000 2 0
-0.999000 0.189000 -0.431000 8 0
-1.005000 0.162000 -0.456000 16 64
-1.102000 0.292000 -0.427000 2 0
-1.036000 0.249000 -0.425000 2 1
-0.998000 0.212000 -0.431000 2 0
-0.999000 0.184000 -0.454000 11 64
-1.115000 0.324000 -0.435000 2 0
-1.102000 0.292000 -0.454000 2 0
-1.019000 0.240000 -0.442000 2 0
-0.998000 0.206000 -0.455000 2 0
-1.118000 0.354000 -0.440000 2 0
-1.104000 0.319000 -0.458000 2 0
-1.102000 0.286000 -0.479000 2 0
-1.000000 0.230000 -0.456000 2 0
-0.919000 -0.226000 -0.355000 22 0
-0.919000 -0.234000 -0.385000 14 0
-0.900000 -0.239000 -0.407000 15 0
-0.912000 -0.252000 -0.444000 21 0
-0.920000 -0.203000 -0.353000 21 0
-0.922000 -0.212000 -0.384000 14 0
-0.905000 -0.219000 -0.406000 15 0
-0.917000 -0.232000 -0.442000 21 0
-0.925000 -0.181000 -0.353000 21 0
-0.929000 -0.191000 -0.384000 14 0
-0.911000 -0.199000 -0.406000 13 0
-0.922000 -0.213000 -0.442000 21 0
-0.929000 -0.159000 -0.353000 21 0
-0.931000 -0.169000 -0.383000 14 0
-0.915000 -0.178000 -0.405000 13 0
-0.930000 -0.194000 -0.443000 22 0
-0.933000 -0.137000 -0.353000 21 0
-0.937000 -0.148000 -0.383000 14 0
-0.919000 -0.158000 -0.405000 13 0
-0.929000 -0.173000 -0.440000 21 0
-0.936000 -0.114000 -0.353000 21 0
-0.946000 -0.127000 -0.385000 13 0
-0.925000 -0.138000 -0.406000 13 0
-0.935000 -0.153000 -0.440000 22 0
-0.941000 -0.092000 -0.354000 21 0
-0.954000 -0.105000 -0.387000 14 0
-0.928000 -0.117000 -0.405000 13 0
-0.947000 -0.134000 -0.443000 22 0
-0.945000 -0.070000 -0.354000 21 0
-0.957000 -0.083000 -0.387000 14 0
-0.934000 -0.097000 -0.406000 13 0
-0.948000 -0.114000 -0.442000 22 0
-0.951000 -0.047000 -0.356000 21 0
-0.959000 -0.061000 -0.387000 14 0
-0.948000 -0.077000 -0.411000 14 0
-0.953000 -0.094000 -0.442000 18 0
-0.971000 -0.025000 -0.363000 23 0
-0.967000 -0.039000 -0.390000 14 0
-0.955000 -0.056000 -0.413000 14 0
-0.957000 -0.073000 -0.442000 19 0
-0.975000 -0.002000 -0.364000 23 0
-0.970000 -0.017000 -0.390000 14 0
-0.961000 -0.035000 -0.414000 14 0
-0.958000 -0.053000 -0.441000 18 0
-0.982000 0.021000 -0.367000 23 0
-0.975000 0.004000 -0.392000 14 0
-0.971000 -0.013000 -0.418000 14 0
-0.967000 -0.032000 -0.444000 19 0
-0.988000 0.045000 -0.370000 23 0
-0.980000 0.027000 -0.394000 17 0
-0.972000 0.007000 -0.417000 14 0
-0.969000 -0.012000 -0.443000 23 0
-0.993000 0.069000 -0.372000 19 64
-0.983000 0.050000 -0.395000 17 0
-0.977000 0.029000 -0.419000 17 0
-0.974000 0.008000 -0.445000 22 0
-0.996000 0.093000 -0.374000 24 0
-0.989000 0.073000 -0.398000 17 0
-0.984000 0.052000 -0.421000 18 0
-0.977000 0.029000 -0.445000 22 0
-1.000000 0.117000 -0.377000 24 0
-0.999000 0.097000 -0.402000 18 0
-0.988000 0.074000 -0.423000 18 0
-0.984000 0.051000 -0.448000 18 64
-1.006000 0.142000 -0.380000 24 0
-0.998000 0.121000 -0.403000 18 0
-0.992000 0.097000 -0.425000 18 0
-0.993000 0.073000 -0.451000 18 64
-1.007000 0.167000 -0.382000 24 0
-1.004000 0.145000 -0.406000 18 0
-0.997000 0.120000 -0.427000 18 0
-0.993000 0.095000 -0.451000 17 64
-1.000000 0.190000 -0.381000 9 0
-1.010000 0.170000 -0.410000 15 0
-0.999000 0.143000 -0.429000 18 0
-0.994000 0.117000 -0.452000 18 64
-1.000000 0.215000 -0.383000 2 0
-1.008000 0.193000 -0.410000 4 0
-1.006000 0.167000 -0.432000 18 0
-1.000000 0.139000 -0.454000 17 64
-1.026000 0.246000 -0.395000 2 0
-1.003000 0.216000 -0.410000 2 0
-0.999000 0.189000 -0.431000 8 0
-1.005000 0.162000 -0.456000 16 64
-1.102000 0.292000 -0.427000 2 0
-1.036000 0.249000 -0.425000 2 1
-0.998000 0.212000 -0.431000 2 0
-0.999000 0.184000 -0.454000 11 64
-1.115000 0.324000 -0.435000 2 0
-1.102000 0.292000 -0.454000 2 0
-1.019000 0.240000 -0.442000 2 0
-0.998000 0.206000 -0.455000 2 0
-1.118000 0.354000 -0.440000 2 0
-1.104000 0.319000 -0.458000 2 0
-1.102000 0.286000 -0.479000 2 0
-1.000000 0.230000 -0.456000 2 0
-1.121000 0.384000 -0.444000 2 0
-1.110000 0.349000 -0.463000 2 0
-1.103000 0.313000 -0.482000 1 0
-1.090000 0.275000 -0.499000 2 66
-1.126000 0.416000 -0.451000 2 0
-1.120000 0.381000 -0.471000 2 0
-1.111000 0.343000 -0.488000 2 0
-1.103000 0.304000 -0.506000 1 0
-1.133000 0.449000 -0.458000 2 0
-1.128000 0.412000 -0.477000 2 0
-1.117000 0.372000 -0.493000 2 0
-1.102000 0.330000 -0.507000 1 0
-1.142000 0.484000 -0.466000 2 0
-1.134000 0.445000 -0.484000 1 0
-1.126000 0.403000 -0.500000 2 0
-1.113000 0.360000 -0.514000 1 0
-1.147000 0.518000 -0.473000 2 0
-1.141000 0.478000 -0.491000 1 0
-1.132000 0.435000 -0.506000 1 0
-1.124000 0.391000 -0.521000 1 0
-1.155000 0.555000 -0.482000 2 0
-1.147000 0.512000 -0.498000 2 0
-1.137000 0.466000 -0.512000 1 0
-1.116000 0.416000 -0.520000 1 0
-1.163000 0.593000 -0.492000 1 0
-1.157000 0.548000 -0.508000 1 0
-1.144000 0.499000 -0.518000 1 0
-1.133000 0.451000 -0.531000 1 0
-1.170000 0.631000 -0.501000 1 0
-1.166000 0.586000 -0.517000 1 0
-1.152000 0.534000 -0.526000 1 0
-1.140000 0.483000 -0.537000 1 0
-1.175000 0.670000 -0.510000 1 0
-1.173000 0.624000 -0.526000 1 0
-1.160000 0.570000 -0.535000 1 0
-1.144000 0.515000 -0.542000 1 0
-1.186000 0.713000 -0.522000 8 0
-1.178000 0.661000 -0.535000 1 0
-1.165000 0.605000 -0.542000 1 0
-1.157000 0.552000 -0.552000 1 64
-1.202000 0.762000 -0.538000 1 0
-1.185000 0.701000 -0.545000 6 0
-1.174000 0.644000 -0.552000 1 0
-1.164000 0.587000 -0.559000 10 0
-1.202000 0.801000 -0.546000 8 0
-1.204000 0.750000 -0.561000 1 0
-1.191000 0.688000 -0.565000 1 0
-1.174000 0.625000 -0.568000 1 0
-1.221000 0.857000 -0.565000 1 0
-1.198000 0.785000 -0.566000 7 0
-1.187000 0.723000 -0.570000 8 0
-1.176000 0.660000 -0.575000 8 0
-1.223000 0.901000 -0.575000 8 0
-1.220000 0.841000 -0.585000 1 0
-1.208000 0.773000 -0.587000 1 0
-1.188000 0.702000 -0.586000 0 0
-1.235000 0.955000 -0.592000 8 0
-1.220000 0.882000 -0.594000 8 0
-1.207000 0.812000 -0.594000 7 0
-1.192000 0.741000 -0.593000 7 0
-1.213000 0.983000 -0.593000 10 0
-1.228000 0.932000 -0.608000 8 0
-1.226000 0.865000 -0.611000 1 0
-1.199000 0.782000 -0.603000 0 64
-1.175000 0.999000 -0.586000 9 0
-1.230000 0.978000 -0.619000 8 0
-1.222000 0.904000 -0.618000 9 0
-1.209000 0.828000 -0.615000 8 0
-1.190000 1.059000 -0.606000 16 0
-1.190000 0.991000 -0.609000 9 0
-1.235000 0.958000 -0.633000 7 0
-1.217000 0.874000 -0.626000 0 64
-1.212000 1.131000 -0.631000 60 0
-1.175000 1.025000 -0.613000 7 0
-1.208000 0.981000 -0.630000 8 0
-1.233000 0.928000 -0.642000 7 0
-1.230000 1.202000 -0.655000 54 0
-1.205000 1.101000 -0.641000 51 0
-1.175000 0.999000 -0.622000 8 0
-1.236000 0.974000 -0.652000 8 0
-1.240000 1.269000 -0.677000 55 0
-1.217000 1.165000 -0.662000 53 0
-1.203000 1.071000 -0.648000 25 0
-1.197000 0.988000 -0.641000 8 0
-1.262000 1.353000 -0.706000 52 0
-1.238000 1.240000 -0.687000 54 0
-1.208000 1.126000 -0.663000 60 0
-1.177000 1.016000 -0.639000 7 0
-1.274000 1.430000 -0.732000 51 0
-1.249000 1.310000 -0.710000 49 0
-1.225000 1.195000 -0.685000 54 0
-1.208000 1.092000 -0.667000 39 1
-1.298000 1.526000 -0.767000 58 0
-1.269000 1.393000 -0.738000 60 0
-1.242000 1.267000 -0.709000 52 0
-1.217000 1.151000 -0.683000 56 0
-1.121000 0.384000 -0.444000 2 0
-1.110000 0.349000 -0.463000 2 0
-1.103000 0.313000 -0.482000 1 0
-1.090000 0.275000 -0.499000 2 66
-1.126000 0.416000 -0.451000 2 0
-1.120000 0.381000 -0.471000 2 0
-1.111000 0.343000 -0.488000 2 0
-1.103000 0.304000 -0.506000 1 0
-1.133000 0.449000 -0.458000 2 0
-1.128000 0.412000 -0.477000 2 0
-1.117000 0.372000 -0.493000 2 0
-1.102000 0.330000 -0.507000 1 0
-1.142000 0.484000 -0.466000 2 0
-1.134000 0.445000 -0.484000 1 0
-1.126000 0.403000 -0.500000 2 0
-1.113000 0.360000 -0.514000 1 0
-1.147000 0.518000 -0.473000 2 0
-1.141000 0.478000 -0.491000 1 0
-1.132000 0.435000 -0.506000 1 0
-1.124000 0.391000 -0.521000 1 0
-1.155000 0.555000 -0.482000 2 0
-1.147000 0.512000 -0.498000 2 0
-1.137000 0.466000 -0.512000 1 0
-1.116000 0.416000 -0.520000 1 0
-1.163000 0.593000 -0.492000 1 0
-1.157000 0.548000 -0.508000 1 0
-1.144000 0.499000 -0.518000 1 0
-1.133000 0.451000 -0.531000 1 0
-1.170000 0.631000 -0.501000 1 0
-1.166000 0.586000 -0.517000 1 0
-1.152000 0.534000 -0.526000 1 0
-1.140000 0.483000 -0.537000 1 0
-1.175000 0.670000 -0.510000 1 0
-1.173000 0.624000 -0.526000 1 0
-1.160000 0.570000 -0.535000 1 0
-1.144000 0.515000 -0.542000 1 0
-1.186000 0.713000 -0.522000 8 0
-1.178000 0.661000 -0.535000 1 0
-1.165000 0.605000 -0.542000 1 0
-1.157000 0.552000 -0.552000 1 64
-1.202000 0.762000 -0.538000 1 0
-1.185000 0.701000 -0.545000 6 0
-1.174000 0.644000 -0.552000 1 0
-1.164000 0.587000 -0.559000 10 0
-1.202000 0.801000 -0.546000 8 0
-1.204000 0.750000 -0.561000 1 0
-1.191000 0.688000 -0.565000 1 0
-1.174000 0.625000 -0.568000 1 0
-1.221000 0.857000 -0.565000 1 0
-1.198000 0.785000 -0.566000 7 0
-1.187000 0.723000 -0.570000 8 0
-1.176000 0.660000 -0.575000 8 0
-1.223000 0.901000 -0.575000 8 0
-1.220000 0.841000 -0.585000 1 0
-1.208000 0.773000 -0.587000 1 0
-1.188000 0.702000 -0.586000 0 0
-1.235000 0.955000 -0.592000 8 0
-1.220000 0.882000 -0.594000 8 0
-1.207000 0.812000 -0.594000 7 0
-1.192000 0.741000 -0.593000 7 0
-1.213000 0.983000 -0.593000 10 0
-1.228000 0.932000 -0.608000 8 0
-1.226000 0.865000 -0.611000 1 0
-1.199000 0.782000 -0.603000 0 64
-1.175000 0.999000 -0.586000 9 0
-1.230000 0.978000 -0.619000 8 0
-1.222000 0.904000 -0.618000 9 0
-1.209000 0.828000 -0.615000 8 0
-1.190000 1.059000 -0.606000 16 0
-1.190000 0.991000 -0.609000 9 0
-1.235000 0.958000 -0.633000 7 0
-1.217000 0.874000 -0.626000 0 64
-1.212000 1.131000 -0.631000 60 0
-1.175000 1.025000 -0.613000 7 0
-1.208000 0.981000 -0.630000 8 0
-1.233000 0.928000 -0.642000 7 0
-1.230000 1.202000 -0.655000 54 0
-1.205000 1.101000 -0.641000 51 0
-1.175000 0.999000 -0.622000 8 0
-1.236000 0.974000 -0.652000 8 0
-1.240000 1.269000 -0.677000 55 0
-1.217000 1.165000 -0.662000 53 0
-1.203000 1.071000 -0.648000 25 0
-1.197000 0.988000 -0.641000 8 0
-1.262000 1.353000 -0.706000 52 0
-1.238000 1.240000 -0.687000 54 0
-1.208000 1.126000 -0.663000 60 0
-1.177000 1.016000 -0.639000 7 0
-1.274000 1.430000 -0.732000 51 0
-1.249000 1.310000 -0.710000 49 0
-1.225000 1.195000 -0.685000 54 0
-1.208000 1.092000 -0.667000 39 1
-1.298000 1.526000 -0.767000 58 0
-1.269000 1.393000 -0.738000 60 0
-1.242000 1.267000 -0.709000 52 0
-1.217000 1.151000 -0.683000 56 0
-1.314000 1.619000 -0.799000 14 0
-1.294000 1.487000 -0.772000 52 0
-1.261000 1.347000 -0.735000 48 0
-1.236000 1.222000 -0.706000 53 0
-1.874000 2.420000 -1.174000 79 0
-1.311000 1.577000 -0.802000 49 0
-1.278000 1.428000 -0.762000 54 0
-1.250000 1.293000 -0.727000 56 0
-1.800000 2.437000 -1.163000 82 0
-1.309000 1.650000 -0.823000 4 0
-1.298000 1.519000 -0.792000 55 0
-1.266000 1.370000 -0.751000 53 0
-1.725000 2.452000 -1.152000 83 0
-1.840000 2.430000 -1.191000 74 0
-1.315000 1.611000 -0.823000 14 0
-1.287000 1.458000 -0.780000 56 0
-1.653000 2.467000 -1.142000 72 0
-1.764000 2.444000 -1.177000 78 0
-1.882000 2.415000 -1.208000 75 0
-1.309000 1.553000 -0.811000 55 0
-1.581000 2.482000 -1.133000 83 0
-1.692000 2.460000 -1.165000 80 0
-1.808000 2.433000 -1.193000 76 0
-1.316000 1.635000 -0.834000 11 0
-1.515000 2.501000 -1.127000 81 0
-1.623000 2.478000 -1.154000 75 0
-1.733000 2.447000 -1.177000 80 0
-1.858000 2.420000 -1.208000 79 0
-1.449000 2.520000 -1.121000 79 0
-1.548000 2.486000 -1.141000 72 0
-1.663000 2.464000 -1.164000 68 0
-1.786000 2.439000 -1.191000 79 0
-1.380000 2.532000 -1.114000 81 0
-1.485000 2.510000 -1.134000 74 0
-1.594000 2.482000 -1.152000 73 0
-1.714000 2.456000 -1.175000 75 0
-1.315000 2.547000 -1.108000 85 0
-1.418000 2.525000 -1.126000 75 0
-1.523000 2.495000 -1.138000 73 0
-1.646000 2.477000 -1.162000 83 0
-1.250000 2.564000 -1.104000 78 0
-1.352000 2.541000 -1.118000 76 0
-1.459000 2.518000 -1.130000 71 0
-1.568000 2.481000 -1.141000 75 0
-1.186000 2.579000 -1.100000 74 0
-1.285000 2.554000 -1.110000 77 0
-1.390000 2.529000 -1.118000 77 0
-1.503000 2.504000 -1.130000 80 0
-1.122000 2.593000 -1.095000 76 0
-1.222000 2.572000 -1.104000 73 0
-1.323000 2.543000 -1.107000 74 0
-1.437000 2.523000 -1.119000 74 0
-1.059000 2.606000 -1.092000 89 0
-1.156000 2.583000 -1.096000 75 0
-1.258000 2.559000 -1.098000 74 0
-1.367000 2.535000 -1.104000 72 0
-0.997000 2.621000 -1.089000 85 0
-1.095000 2.604000 -1.093000 81 0
-1.192000 2.573000 -1.089000 71 0
-1.300000 2.548000 -1.092000 73 0
-0.955000 2.693000 -1.111000 127 0
-1.029000 2.610000 -1.085000 78 0
-1.128000 2.588000 -1.081000 78 0
-1.236000 2.568000 -1.083000 78 0
-0.988000 2.999000 -1.229000 17 0
-0.969000 2.631000 -1.083000 81 0
-1.067000 2.607000 -1.076000 79 0
-1.170000 2.582000 -1.072000 73 0
-0.916000 3.005000 -1.224000 17 0
-1.029000 3.001000 -1.224000 18 2
-1.001000 2.616000 -1.067000 81 0
-1.104000 2.593000 -1.061000 76 0
-0.848000 3.022000 -1.224000 18 0
-0.964000 3.034000 -1.227000 15 0
-0.960000 2.692000 -1.086000 150 0
-1.041000 2.612000 -1.053000 82 0
-0.777000 3.029000 -1.221000 16 0
-0.892000 3.044000 -1.222000 17 0
-1.018000 3.076000 -1.227000 16 0
-0.977000 2.626000 -1.045000 78 0
-0.706000 3.034000 -1.217000 15 0
-0.824000 3.067000 -1.222000 16 0
-0.947000 3.096000 -1.223000 14 0
-1.062000 3.074000 -1.207000 20 2
-0.638000 3.050000 -1.218000 16 0
-0.754000 3.084000 -1.220000 14 0
-0.876000 3.117000 -1.220000 15 0
-1.009000 3.154000 -1.223000 16 0
-0.568000 3.051000 -1.214000 15 0
-0.684000 3.097000 -1.218000 15 0
-0.804000 3.136000 -1.216000 14 0
-0.936000 3.180000 -1.219000 15 0
-0.499000 3.056000 -1.212000 15 0
-0.613000 3.110000 -1.216000 13 0
-0.733000 3.157000 -1.214000 14 0
-0.864000 3.209000 -1.216000 14 0
-1.314000 1.619000 -0.799000 14 0
-1.294000 1.487000 -0.772000 52 0
-1.261000 1.347000 -0.735000 48 0
-1.236000 1.222000 -0.706000 53 0
-1.874000 2.420000 -1.174000 79 0
-1.311000 1.577000 -0.802000 49 0
-1.278000 1.428000 -0.762000 54 0
-1.250000 1.293000 -0.727000 56 0
-1.800000 2.437000 -1.163000 82 0
-1.309000 1.650000 -0.823000 4 0
-1.298000 1.519000 -0.792000 55 0
-1.266000 1.370000 -0.751000 53 0
-1.725000 2.452000 -1.152000 83 0
-1.840000 2.430000 -1.191000 74 0
-1.315000 1.611000 -0.823000 14 0
-1.287000 1.458000 -0.780000 56 0
-1.653000 2.467000 -1.142000 72 0
-1.764000 2.444000 -1.177000 78 0
-1.882000 2.415000 -1.208000 75 0
-1.309000 1.553000 -0.811000 55 0
-1.581000 2.482000 -1.133000 83 0
-1.692000 2.460000 -1.165000 80 0
-1.808000 2.433000 -1.193000 76 0
-1.316000 1.635000 -0.834000 11 0
-1.515000 2.501000 -1.127000 81 0
-1.623000 2.478000 -1.154000 75 0
-1.733000 2.447000 -1.177000 80 0
-1.858000 2.420000 -1.208000 79 0
-1.449000 2.520000 -1.121000 79 0
-1.548000 2.486000 -1.141000 72 0
-1.663000 2.464000 -1.164000 68 0
-1.786000 2.439000 -1.191000 79 0
-1.380000 2.532000 -1.114000 81 0
-1.485000 2.510000 -1.134000 74 0
-1.594000 2.482000 -1.152000 73 0
-1.714000 2.456000 -1.175000 75 0
-1.315000 2.547000 -1.108000 85 0
-1.418000 2.525000 -1.126000 75 0
-1.523000 2.495000 -1.138000 73 0
-1.646000 2.477000 -1.162000 83 0
-1.250000 2.564000 -1.104000 78 0
-1.352000 2.541000 -1.118000 76 0
-1.459000 2.518000 -1.130000 71 0
-1.568000 2.481000 -1.141000 75 0
-1.186000 2.579000 -1.100000 74 0
-1.285000 2.554000 -1.110000 77 0
-1.390000 2.529000 -1.118000 77 0
-1.503000 2.504000 -1.130000 80 0
-1.122000 2.593000 -1.095000 76 0
-1.222000 2.572000 -1.104000 73 0
-1.323000 2.543000 -1.107000 74 0
-1.437000 2.523000 -1.119000 74 0
-1.059000 2.606000 -1.092000 89 0
-1.156000 2.583000 -1.096000 75 0
-1.258000 2.559000 -1.098000 74 0
-1.367000 2.535000 -1.104000 72 0
-0.997000 2.621000 -1.089000 85 0
-1.095000 2.604000 -1.093000 81 0
-1.192000 2.573000 -1.089000 71 0
-1.300000 2.548000 -1.092000 73 0
-0.955000 2.693000 -1.111000 127 0
-1.029000 2.610000 -1.085000 78 0
-1.128000 2.588000 -1.081000 78 0
-1.236000 2.568000 -1.083000 78 0
-0.988000 2.999000 -1.229000 17 0
-0.969000 2.631000 -1.083000 81 0
-1.067000 2.607000 -1.076000 79 0
-1.170000 2.582000 -1.072000 73 0
-0.916000 3.005000 -1.224000 17 0
-1.029000 3.001000 -1.224000 18 2
-1.001000 2.616000 -1.067000 81 0
-1.104000 2.593000 -1.061000 76 0
-0.848000 3.022000 -1.224000 18 0
-0.964000 3.034000 -1.227000 15 0
-0.960000 2.692000 -1.086000 150 0
-1.041000 2.612000 -1.053000 82 0
-0.777000 3.029000 -1.221000 16 0
-0.892000 3.044000 -1.222000 17 0
-1.018000 3.076000 -1.227000 16 0
-0.977000 2.626000 -1.045000 78 0
-0.706000 3.034000 -1.217000 15 0
-0.824000 3.067000 -1.222000 16 0
-0.947000 3.096000 -1.223000 14 0
-1.062000 3.074000 -1.207000 20 2
-0.638000 3.050000 -1.218000 16 0
-0.754000 3.084000 -1.220000 14 0
-0.876000 3.117000 -1.220000 15 0
-1.009000 3.154000 -1.223000 16 0
-0.568000 3.051000 -1.214000 15 0
-0.684000 3.097000 -1.218000 15 0
-0.804000 3.136000 -1.216000 14 0
-0.936000 3.180000 -1.219000 15 0
-0.499000 3.056000 -1.212000 15 0
-0.613000 3.110000 -1.216000 13 0
-0.733000 3.157000 -1.214000 14 0
-0.864000 3.209000 -1.216000 14 0
-0.429000 3.062000 -1.211000 15 0
-0.543000 3.124000 -1.215000 14 0
-0.660000 3.174000 -1.210000 14 0
-0.793000 3.242000 -1.216000 13 0
-0.360000 3.063000 -1.209000 14 0
-0.470000 3.125000 -1.210000 13 0
-0.588000 3.194000 -1.209000 14 0
-0.717000 3.265000 -1.212000 14 0
-0.292000 3.058000 -1.205000 16 0
-0.400000 3.136000 -1.209000 14 0
-0.514000 3.208000 -1.206000 13 0
-0.642000 3.285000 -1.208000 13 0
-0.223000 3.064000 -1.206000 7 0
-0.329000 3.136000 -1.204000 15 0
-0.441000 3.220000 -1.203000 13 0
-0.567000 3.315000 -1.207000 14 0
0.000000 -0.000000 -0.000000 0 0
-0.258000 3.146000 -1.204000 13 0
-0.369000 3.243000 -1.205000 12 0
-0.491000 3.337000 -1.205000 14 0
0.000000 -0.000000 -0.000000 0 128
0.000000 -0.000000 -0.000000 0 0
-0.294000 3.251000 -1.201000 15 0
-0.415000 3.364000 -1.206000 15 0
0.000000 -0.000000 -0.000000 0 128
0.000000 -0.000000 -0.000000 0 128
-0.220000 3.269000 -1.202000 5 0
-0.335000 3.374000 -1.200000 16 0
0.000000 -0.000000 -0.000000 0 192
0.000000 -0.000000 -0.000000 0 128
0.000000 -0.000000 -0.000000 0 0
-0.256000 3.377000 -1.193000 8 0
0.000000 -0.000000 -0.000000 0 128
0.000000 -0.000000 -0.000000 0 128
0.000000 -0.000000 -0.000000 0 128
0.000000 -0.000000 -0.000000 0 0
0.000000 -0.000000 -0.000000 0 192
0.000000 -0.000000 -0.000000 0 128
0.000000 -0.000000 -0.000000 0 128
0.000000 -0.000000 -0.000000 0 192
0.000000 -0.000000 -0.000000 0 128
0.000000 -0.000000 -0.000000 0 128
0.000000 -0.000000 -0.000000 0 128
0.000000 -0.000000 -0.000000 0 128
0.000000 -0.000000 -0.000000 0 128
0.000000 -0.000000 -0.000000 0 128
0.000000 -0.000000 -0.000000 0 128
0.000000 -0.000000 -0.000000 0 192
0.194000 1.539000 -0.611000 25 0
0.000000 -0.000000 -0.000000 0 192
0.000000 -0.000000 -0.000000 0 192
0.000000 -0.000000 -0.000000 0 192
0.229000 1.546000 -0.616000 57 0
0.186000 1.541000 -0.586000 14 0
0.000000 -0.000000 -0.000000 0 192
0.000000 -0.000000 -0.000000 0 192
0.266000 1.556000 -0.623000 55 0
0.222000 1.546000 -0.588000 57 0
0.181000 1.539000 -0.555000 0 64
0.000000 -0.000000 -0.000000 0 192
0.303000 1.567000 -0.629000 56 0
0.259000 1.550000 -0.591000 60 0
0.216000 1.533000 -0.553000 44 0
0.000000 -0.000000 -0.000000 0 192
0.341000 1.574000 -0.635000 53 0
0.298000 1.566000 -0.599000 55 0
0.257000 1.561000 -0.563000 12 0
0.214000 1.548000 -0.527000 23 0
0.380000 1.586000 -0.643000 49 0
0.336000 1.574000 -0.604000 52 0
0.294000 1.560000 -0.564000 50 0
0.252000 1.551000 -0.528000 45 0
0.420000 1.598000 -0.652000 46 0
0.377000 1.588000 -0.611000 48 0
0.334000 1.572000 -0.569000 12 0
0.292000 1.564000 -0.532000 49 0
0.460000 1.609000 -0.660000 45 0
0.415000 1.593000 -0.616000 48 0
0.375000 1.581000 -0.574000 51 0
0.332000 1.570000 -0.534000 52 0
0.500000 1.613000 -0.666000 39 0
0.458000 1.607000 -0.624000 48 0
0.416000 1.592000 -0.579000 53 0
0.375000 1.585000 -0.540000 53 0
0.542000 1.626000 -0.676000 44 0
0.500000 1.614000 -0.630000 44 0
0.459000 1.602000 -0.585000 49 0
0.417000 1.589000 -0.542000 54 0
0.588000 1.641000 -0.687000 40 0
0.542000 1.622000 -0.637000 45 0
0.504000 1.617000 -0.593000 45 0
0.461000 1.602000 -0.547000 46 0
0.630000 1.647000 -0.695000 40 0
0.589000 1.639000 -0.647000 41 0
0.549000 1.628000 -0.599000 49 0
0.508000 1.618000 -0.554000 43 0
-0.429000 3.062000 -1.211000 15 0
-0.543000 3.124000 -1.215000 14 0
-0.660000 3.174000 -1.210000 14 0
-0.793000 3.242000 -1.216000 13 0
-0.360000 3.063000 -1.209000 14 0
-0.470000 3.125000 -1.210000 13 0
-0.588000 3.194000 -1.209000 14 0
-0.717000 3.265000 -1.212000 14 0
-0.292000 3.058000 -1.205000 16 0
-0.400000 3.136000 -1.209000 14 0
-0.514000 3.208000 -1.206000 13 0
-0.642000 3.285000 -1.208000 13 0
-0.223000 3.064000 -1.206000 7 0
-0.329000 3.136000 -1.204000 15 0
-0.441000 3.220000 -1.203000 13 0
-0.567000 3.315000 -1.207000 14 0
0.000000 -0.000000 -0.000000 0 0
-0.258000 3.146000 -1.204000 13 0
-0.369000 3.243000 -1.205000 12 0
-0.491000 3.337000 -1.205000 14 0
0.000000 -0.000000 -0.000000 0 128
0.000000 -0.000000 -0.000000 0 0
-0.294000 3.251000 -1.201000 15 0
-0.415000 3.364000 -1.206000 15 0
0.000000 -0.000000 -0.000000 0 128
0.000000 -0.000000 -0.000000 0 128
-0.220000 3.269000 -1.202000 5 0
-0.335000 3.374000 -1.200000 16 0
0.000000 -0.000000 -0.000000 0 192
0.000000 -0.000000 -0.000000 0 128
0.000000 -0.000000 -0.000000 0 0
-0.256000 3.377000 -1.193000 8 0
0.000000 -0.000000 -0.000000 0 128
0.000000 -0.000000 -0.000000 0 128
0.000000 -0.000000 -0.000000 0 128
0.000000 -0.000000 -0.000000 0 0
0.000000 -0.000000 -0.000000 0 192
0.000000 -0.000000 -0.000000 0 128
0.000000 -0.000000 -0.000000 0 128
0.000000 -0.000000 -0.000000 0 192
0.000000 -0.000000 -0.000000 0 128
0.000000 -0.000000 -0.000000 0 128
0.000000 -0.000000 -0.000000 0 128
0.000000 -0.000000 -0.000000 0 128
0.000000 -0.000000 -0.000000 0 128
0.000000 -0.000000 -0.000000 0 128
0.000000 -0.000000 -0.000000 0 128
0.000000 -0.000000 -0.000000 0 192
0.194000 1.539000 -0.611000 25 0
0.000000 -0.000000 -0.000000 0 192
0.000000 -0.000000 -0.000000 0 192
0.000000 -0.000000 -0.000000 0 192
0.229000 1.546000 -0.616000 57 0
0.186000 1.541000 -0.586000 14 0
0.000000 -0.000000 -0.000000 0 192
0.000000 -0.000000 -0.000000 0 192
0.266000 1.556000 -0.623000 55 0
0.222000 1.546000 -0.588000 57 0
0.181000 1.539000 -0.555000 0 64
0.000000 -0.000000 -0.000000 0 192
0.303000 1.567000 -0.629000 56 0
0.259000 1.550000 -0.591000 60 0
0.216000 1.533000 -0.553000 44 0
0.000000 -0.000000 -0.000000 0 192
0.341000 1.574000 -0.635000 53 0
0.298000 1.566000 -0.599000 55 0
0.257000 1.561000 -0.563000 12 0
0.214000 1.548000 -0.527000 23 0
0.380000 1.586000 -0.643000 49 0
0.336000 1.574000 -0.604000 52 0
0.294000 1.560000 -0.564000 50 0
0.252000 1.551000 -0.528000 45 0
0.420000 1.598000 -0.652000 46 0
0.377000 1.588000 -0.611000 48 0
0.334000 1.572000 -0.569000 12 0
0.292000 1.564000 -0.532000 49 0
0.460000 1.609000 -0.660000 45 0
0.415000 1.593000 -0.616000 48 0
0.375000 1.581000 -0.574000 51 0
0.332000 1.570000 -0.534000 52 0
0.500000 1.613000 -0.666000 39 0
0.458000 1.607000 -0.624000 48 0
0.416000 1.592000 -0.579000 53 0
0.375000 1.585000 -0.540000 53 0
0.542000 1.626000 -0.676000 44 0
0.500000 1.614000 -0.630000 44 0
0.459000 1.602000 -0.585000 49 0
0.417000 1.589000 -0.542000 54 0
0.588000 1.641000 -0.687000 40 0
0.542000 1.622000 -0.637000 45 0
0.504000 1.617000 -0.593000 45 0
0.461000 1.602000 -0.547000 46 0
0.630000 1.647000 -0.695000 40 0
0.589000 1.639000 -0.647000 41 0
0.549000 1.628000 -0.599000 49 0
0.508000 1.618000 -0.554000 43 0
0.677000 1.660000 -0.707000 45 0
0.634000 1.648000 -0.655000 46 0
0.595000 1.638000 -0.606000 45 0
0.554000 1.627000 -0.559000 47 0
0.726000 1.674000 -0.719000 41 0
0.683000 1.663000 -0.666000 42 0
0.644000 1.652000 -0.615000 41 0
0.603000 1.640000 -0.566000 46 0
0.773000 1.682000 -0.730000 42 0
0.732000 1.674000 -0.676000 40 0
0.694000 1.664000 -0.623000 46 0
0.651000 1.649000 -0.572000 28 0
0.956000 1.966000 -0.861000 41 0
0.787000 1.696000 -0.691000 55 0
0.746000 1.678000 -0.633000 43 0
0.705000 1.665000 -0.581000 39 0
1.017000 1.981000 -0.877000 38 0
0.972000 1.976000 -0.812000 39 0
0.826000 1.747000 -0.664000 151 0
0.756000 1.675000 -0.588000 46 0
1.078000 1.992000 -0.891000 37 0
1.034000 1.987000 -0.825000 39 0
0.991000 1.977000 -0.758000 60 0
0.941000 1.955000 -0.691000 74 0
1.150000 2.021000 -0.915000 42 0
1.104000 2.010000 -0.843000 42 0
1.060000 1.996000 -0.772000 40 0
1.014000 1.986000 -0.707000 51 0
1.220000 2.038000 -0.934000 40 0
1.172000 2.026000 -0.859000 36 0
1.129000 2.012000 -0.786000 38 0
1.087000 2.006000 -0.720000 41 0
1.287000 2.050000 -0.951000 40 0
1.244000 2.043000 -0.876000 38 0
1.203000 2.033000 -0.803000 38 0
1.162000 2.027000 -0.735000 51 0
1.603000 2.433000 -1.143000 12 0
1.559000 2.436000 -1.057000 53 0
1.278000 2.049000 -0.819000 38 0
1.241000 2.049000 -0.750000 44 0
1.471000 2.132000 -1.016000 10 0
1.631000 2.426000 -1.067000 9 0
0.000000 -0.000000 -0.000000 0 0
1.919000 3.003000 -1.112000 0 0
0.000000 -0.000000 -0.000000 0 0
0.000000 -0.000000 -0.000000 0 0
0.000000 -0.000000 -0.000000 0 128
0.000000 -0.000000 -0.000000 0 0
0.000000 -0.000000 -0.000000 0 128
0.000000 -0.000000 -0.000000 0 128
0.000000 -0.000000 -0.000000 0 128
0.000000 -0.000000 -0.000000 0 192
0.000000 -0.000000 -0.000000 0 128
0.000000 -0.000000 -0.000000 0 128
0.000000 -0.000000 -0.000000 0 0
0.000000 -0.000000 -0.000000 0 128
0.000000 -0.000000 -0.000000 0 128
0.000000 -0.000000 -0.000000 0 128
0.000000 -0.000000 -0.000000 0 0
0.000000 -0.000000 -0.000000 0 0
0.000000 -0.000000 -0.000000 0 128
0.000000 -0.000000 -0.000000 0 128
0.000000 -0.000000 -0.000000 0 128
0.000000 -0.000000 -0.000000 0 128
0.000000 -0.000000 -0.000000 0 128
0.000000 -0.000000 -0.000000 0 0
0.000000 -0.000000 -0.000000 0 128
0.000000 -0.000000 -0.000000 0 128
0.000000 -0.000000 -0.000000 0 128
0.000000 -0.000000 -0.000000 0 0
0.000000 -0.000000 -0.000000 0 0
0.000000 -0.000000 -0.000000 0 128
0.000000 -0.000000 -0.000000 0 128
0.000000 -0.000000 -0.000000 0 0
0.000000 -0.000000 -0.000000 0 0
0.000000 -0.000000 -0.000000 0 128
0.000000 -0.000000 -0.000000 0 128
0.000000 -0.000000 -0.000000 0 0
0.000000 -0.000000 -0.000000 0 0
0.000000 -0.000000 -0.000000 0 128
0.000000 -0.000000 -0.000000 0 128
0.000000 -0.000000 -0.000000 0 0
0.000000 -0.000000 -0.000000 0 0
0.000000 -0.000000 -0.000000 0 0
0.000000 -0.000000 -0.000000 0 128
0.000000 -0.000000 -0.000000 0 0
0.000000 -0.000000 -0.000000 0 0
0.000000 -0.000000 -0.000000 0 128
0.000000 -0.000000 -0.000000 0 128
0.000000 -0.000000 -0.000000 0 0
0.000000 -0.000000 -0.000000 0 0
0.000000 -0.000000 -0.000000 0 192
0.000000 -0.000000 -0.000000 0 128
0.000000 -0.000000 -0.000000 0 0
0.000000 -0.000000 -0.000000 0 0
0.000000 -0.000000 -0.000000 0 128
0.677000 1.660000 -0.707000 45 0
0.634000 1.648000 -0.655000 46 0
0.595000 1.638000 -0.606000 45 0
0.554000 1.627000 -0.559000 47 0
0.726000 1.674000 -0.719000 41 0
0.683000 1.663000 -0.666000 42 0
0.644000 1.652000 -0.615000 41 0
0.603000 1.640000 -0.566000 46 0
0.773000 1.682000 -0.730000 42 0
0.732000 1.674000 -0.676000 40 0
0.694000 1.664000 -0.623000 46 0
0.651000 1.649000 -0.572000 28 0
0.956000 1.966000 -0.861000 41 0
0.787000 1.696000 -0.691000 55 0
0.746000 1.678000 -0.633000 43 0
0.705000 1.665000 -0.581000 39 0
1.017000 1.981000 -0.877000 38 0
0.972000 1.976000 -0.812000 39 0
0.826000 1.747000 -0.664000 151 0
0.756000 1.675000 -0.588000 46 0
1.078000 1.992000 -0.891000 37 0
1.034000 1.987000 -0.825000 39 0
0.991000 1.977000 -0.758000 60 0
0.941000 1.955000 -0.691000 74 0
1.150000 2.021000 -0.915000 42 0
1.104000 2.010000 -0.843000 42 0
1.060000 1.996000 -0.772000 40 0
1.014000 1.986000 -0.707000 51 0
1.220000 2.038000 -0.934000 40 0
1.172000 2.026000 -0.859000 36 0
1.129000 2.012000 -0.786000 38 0
1.087000 2.006000 -0.720000 41 0
1.287000 2.050000 -0.951000 40 0
1.244000 2.043000 -0.876000 38 0
1.203000 2.033000 -0.803000 38 0
1.162000 2.027000 -0.735000 51 0
1.603000 2.433000 -1.143000 12 0
1.559000 2.436000 -1.057000 53 0
1.278000 2.049000 -0.819000 38 0
1.241000 2.049000 -0.750000 44 0
1.471000 2.132000 -1.016000 10 0
1.631000 2.426000 -1.067000 9 0
0.000000 -0.000000 -0.000000 0 0
1.919000 3.003000 -1.112000 0 0
0.000000 -0.000000 -0.000000 0 0
0.000000 -0.000000 -0.000000 0 0
0.000000 -0.000000 -0.000000 0 128
0.000000 -0.000000 -0.000000 0 0
0.000000 -0.000000 -0.000000 0 128
0.000000 -0.000000 -0.000000 0 128
0.000000 -0.000000 -0.000000 0 128
0.000000 -0.000000 -0.000000 0 192
0.000000 -0.000000 -0.000000 0 128
0.000000 -0.000000 -0.000000 0 128
0.000000 -0.000000 -0.000000 0 0
0.000000 -0.000000 -0.000000 0 128
0.000000 -0.000000 -0.000000 0 128
0.000000 -0.000000 -0.000000 0 128
0.000000 -0.000000 -0.000000 0 0
0.000000 -0.000000 -0.000000 0 0
0.000000 -0.000000 -0.000000 0 128
0.000000 -0.000000 -0.000000 0 128
0.000000 -0.000000 -0.000000 0 128
0.000000 -0.000000 -0.000000 0 128
0.000000 -0.000000 -0.000000 0 128
0.000000 -0.000000 -0.000000 0 0
0.000000 -0.000000 -0.000000 0 128
0.000000 -0.000000 -0.000000 0 128
0.000000 -0.000000 -0.000000 0 128
0.000000 -0.000000 -0.000000 0 0
0.000000 -0.000000 -0.000000 0 0
0.000000 -0.000000 -0.000000 0 128
0.000000 -0.000000 -0.000000 0 128
0.000000 -0.000000 -0.000000 0 0
0.000000 -0.000000 -0.000000 0 0
0.000000 -0.000000 -0.000000 0 128
0.000000 -0.000000 -0.000000 0 128
0.000000 -0.000000 -0.000000 0 0
0.000000 -0.000000 -0.000000 0 0
0.000000 -0.000000 -0.000000 0 128
0.000000 -0.000000 -0.000000 0 128
0.000000 -0.000000 -0.000000 0 0
0.000000 -0.000000 -0.000000 0 0
0.000000 -0.000000 -0.000000 0 0
0.000000 -0.000000 -0.000000 0 128
0.000000 -0.000000 -0.000000 0 0
0.000000 -0.000000 -0.000000 0 0
0.000000 -0.000000 -0.000000 0 128
0.000000 -0.000000 -0.000000 0 128
0.000000 -0.000000 -0.000000 0 0
0.000000 -0.000000 -0.000000 0 0
0.000000 -0.000000 -0.000000 0 192
0.000000 -0.000000 -0.000000 0 128
0.000000 -0.000000 -0.000000 0 0
0.000000 -0.000000 -0.000000 0 0
0.000000 -0.000000 -0.000000 0 128
0.000000 -0.000000 -0.000000 0 128
0.000000 -0.000000 -0.000000 0 0
0.000000 -0.000000 -0.000000 0 0
0.000000 -0.000000 -0.000000 0 128
0.000000 -0.000000 -0.000000 0 128
0.000000 -0.000000 -0.000000 0 0
0.000000 -0.000000 -0.000000 0 0
0.000000 -0.000000 -0.000000 0 128
0.000000 -0.000000 -0.000000 0 0
0.000000 -0.000000 -0.000000 0 0
0.000000 -0.000000 -0.000000 0 0
0.000000 -0.000000 -0.000000 0 0
0.000000 -0.000000 -0.000000 0 0
0.000000 -0.000000 -0.000000 0 0
0.000000 -0.000000 -0.000000 0 0
0.000000 -0.000000 -0.000000 0 0
0.000000 -0.000000 -0.000000 0 0
0.000000 -0.000000 -0.000000 0 0
0.000000 -0.000000 -0.000000 0 0
0.000000 -0.000000 -0.000000 0 0
0.000000 -0.000000 -0.000000 0 0
0.000000 -0.000000 -0.000000 0 0
0.000000 -0.000000 -0.000000 0 0
0.000000 -0.000000 -0.000000 0 128
0.000000 -0.000000 -0.000000 0 0
0.000000 -0.000000 -0.000000 0 0
0.000000 -0.000000 -0.000000 0 0
0.000000 -0.000000 -0.000000 0 0
0.000000 -0.000000 -0.000000 0 0
0.000000 -0.000000 -0.000000 0 0
0.000000 -0.000000 -0.000000 0 0
0.000000 -0.000000 -0.000000 0 0
0.000000 -0.000000 -0.000000 0 0
0.000000 -0.000000 -0.000000 0 0
0.000000 -0.000000 -0.000000 0 0
0.000000 -0.000000 -0.000000 0 0
0.000000 -0.000000 -0.000000 0 0
0.000000 -0.000000 -0.000000 0 0
0.000000 -0.000000 -0.000000 0 0
0.000000 -0.000000 -0.000000 0 0
0.000000 -0.000000 -0.000000 0 0
0.000000 -0.000000 -0.000000 0 0
0.000000 -0.000000 -0.000000 0 0
0.000000 -0.000000 -0.000000 0 0
0.000000 -0.000000 -0.000000 0 0
0.000000 -0.000000 -0.000000 0 0
0.000000 -0.000000 -0.000000 0 0
0.000000 -0.000000 -0.000000 0 0
0.000000 -0.000000 -0.000000 0 0
0.000000 -0.000000 -0.000000 0 0
0.000000 -0.000000 -0.000000 0 0
0.000000 -0.000000 -0.000000 0 0
0.000000 -0.000000 -0.000000 0 0
0.000000 -0.000000 -0.000000 0 0
0.000000 -0.000000 -0.000000 0 0
0.000000 -0.000000 -0.000000 0 0
0.000000 -0.000000 -0.000000 0 0
0.000000 -0.000000 -0.000000 0 0
0.000000 -0.000000 -0.000000 0 0
0.000000 -0.000000 -0.000000 0 0
0.000000 -0.000000 -0.000000 0 0
0.000000 -0.000000 -0.000000 0 0
0.000000 -0.000000 -0.000000 0 0
0.000000 -0.000000 -0.000000 0 0
0.000000 -0.000000 -0.000000 0 0
0.000000 -0.000000 -0.000000 0 0
0.000000 -0.000000 -0.000000 0 0
0.000000 -0.000000 -0.000000 0 0
0.000000 -0.000000 -0.000000 0 0
0.000000 -0.000000 -0.000000 0 0
0.000000 -0.000000 -0.000000 0 0
0.000000 -0.000000 -0.000000 0 0
0.000000 -0.000000 -0.000000 0 0
0.000000 -0.000000 -0.000000 0 0
0.000000 -0.000000 -0.000000 0 0
0.000000 -0.000000 -0.000000 0 0
0.000000 -0.000000 -0.000000 0 0
0.000000 -0.000000 -0.000000 0 0
0.000000 -0.000000 -0.000000 0 0
0.000000 -0.000000 -0.000000 0 128
0.000000 -0.000000 -0.000000 0 0
0.000000 -0.000000 -0.000000 0 0
0.000000 -0.000000 -0.000000 0 0
0.000000 -0.000000 -0.000000 0 0
0.000000 -0.000000 -0.000000 0 0
0.000000 -0.000000 -0.000000 0 0
0.000000 -0.000000 -0.000000 0 0
0.000000 -0.000000 -0.000000 0 128
0.000000 -0.000000 -0.000000 0 0
0.000000 -0.000000 -0.000000 0 0
0.000000 -0.000000 -0.000000 0 0
0.000000 -0.000000 -0.000000 0 0
0.000000 -0.000000 -0.000000 0 0
0.000000 -0.000000 -0.000000 0 0
0.000000 -0.000000 -0.000000 0 0
0.000000 -0.000000 -0.000000 0 128
0.000000 -0.000000 -0.000000 0 128
0.000000 -0.000000 -0.000000 0 0
0.000000 -0.000000 -0.000000 0 0
0.000000 -0.000000 -0.000000 0 128
0.000000 -0.000000 -0.000000 0 128
0.000000 -0.000000 -0.000000 0 0
0.000000 -0.000000 -0.000000 0 0
0.000000 -0.000000 -0.000000 0 128
0.000000 -0.000000 -0.000000 0 0
0.000000 -0.000000 -0.000000 0 0
0.000000 -0.000000 -0.000000 0 0
0.000000 -0.000000 -0.000000 0 0
0.000000 -0.000000 -0.000000 0 0
0.000000 -0.000000 -0.000000 0 0
0.000000 -0.000000 -0.000000 0 0
0.000000 -0.000000 -0.000000 0 0
0.000000 -0.000000 -0.000000 0 0
0.000000 -0.000000 -0.000000 0 0
0.000000 -0.000000 -0.000000 0 0
0.000000 -0.000000 -0.000000 0 0
0.000000 -0.000000 -0.000000 0 0
0.000000 -0.000000 -0.000000 0 0
0.000000 -0.000000 -0.000000 0 0
0.000000 -0.000000 -0.000000 0 128
0.000000 -0.000000 -0.000000 0 0
0.000000 -0.000000 -0.000000 0 0
0.000000 -0.000000 -0.000000 0 0
0.000000 -0.000000 -0.000000 0 0
0.000000 -0.000000 -0.000000 0 0
0.000000 -0.000000 -0.000000 0 0
0.000000 -0.000000 -0.000000 0 0
0.000000 -0.000000 -0.000000 0 0
0.000000 -0.000000 -0.000000 0 0
0.000000 -0.000000 -0.000000 0 0
0.000000 -0.000000 -0.000000 0 0
0.000000 -0.000000 -0.000000 0 0
0.000000 -0.000000 -0.000000 0 0
0.000000 -0.000000 -0.000000 0 0
0.000000 -0.000000 -0.000000 0 0
0.000000 -0.000000 -0.000000 0 0
0.000000 -0.000000 -0.000000 0 0
0.000000 -0.000000 -0.000000 0 0
0.000000 -0.000000 -0.000000 0 0
0.000000 -0.000000 -0.000000 0 0
0.000000 -0.000000 -0.000000 0 0
0.000000 -0.000000 -0.000000 0 0
0.000000 -0.000000 -0.000000 0 0
0.000000 -0.000000 -0.000000 0 0
0.000000 -0.000000 -0.000000 0 0
0.000000 -0.000000 -0.000000 0 0
0.000000 -0.000000 -0.000000 0 0
0.000000 -0.000000 -0.000000 0 0
0.000000 -0.000000 -0.000000 0 0
0.000000 -0.000000 -0.000000 0 0
0.000000 -0.000000 -0.000000 0 0
0.000000 -0.000000 -0.000000 0 0
0.000000 -0.000000 -0.000000 0 0
0.000000 -0.000000 -0.000000 0 0
0.000000 -0.000000 -0.000000 0 0
0.000000 -0.000000 -0.000000 0 0
0.000000 -0.000000 -0.000000 0 0
0.000000 -0.000000 -0.000000 0 0
0.000000 -0.000000 -0.000000 0 0
0.000000 -0.000000 -0.000000 0 0
0.000000 -0.000000 -0.000000 0 0
0.000000 -0.000000 -0.000000 0 0
0.000000 -0.000000 -0.000000 0 0
0.000000 -0.000000 -0.000000 0 0
0.000000 -0.000000 -0.000000 0 0
0.000000 -0.000000 -0.000000 0 0
0.000000 -0.000000 -0.000000 0 0
0.000000 -0.000000 -0.000000 0 0
0.000000 -0.000000 -0.000000 0 0
0.000000 -0.000000 -0.000000 0 0
0.000000 -0.000000 -0.000000 0 0
0.000000 -0.000000 -0.000000 0 0
0.000000 -0.000000 -0.000000 0 0
0.000000 -0.000000 -0.000000 0 0
0.000000 -0.000000 -0.000000 0 0
0.000000 -0.000000 -0.000000 0 128
0.000000 -0.000000 -0.000000 0 0
0.000000 -0.000000 -0.000000 0 0
0.000000 -0.000000 -0.000000 0 0
0.000000 -0.000000 -0.000000 0 0
0.000000 -0.000000 -0.000000 0 0
0.000000 -0.000000 -0.000000 0 0
0.000000 -0.000000 -0.000000 0 0
0.000000 -0.000000 -0.000000 0 128
0.000000 -0.000000 -0.000000 0 0
0.000000 -0.000000 -0.000000 0 0
0.000000 -0.000000 -0.000000 0 0
0.000000 -0.000000 -0.000000 0 0
0.000000 -0.000000 -0.000000 0 0
0.000000 -0.000000 -0.000000 0 0
0.000000 -0.000000 -0.000000 0 0
0.000000 -0.000000 -0.000000 0 128
0.000000 -0.000000 -0.000000 0 0
0.000000 -0.000000 -0.000000 0 0
0.000000 -0.000000 -0.000000 0 0
0.000000 -0.000000 -0.000000 0 0
0.000000 -0.000000 -0.000000 0 0
0.000000 -0.000000 -0.000000 0 0
0.000000 -0.000000 -0.000000 0 0
0.000000 -0.000000 -0.000000 0 128
0.000000 -0.000000 -0.000000 0 0
0.000000 -0.000000 -0.000000 0 0
0.000000 -0.000000 -0.000000 0 0
0.000000 -0.000000 -0.000000 0 0
0.000000 -0.000000 -0.000000 0 0
0.000000 -0.000000 -0.000000 0 0
0.000000 -0.000000 -0.000000 0 0
0.000000 -0.000000 -0.000000 0 0
0.000000 -0.000000 -0.000000 0 0
0.000000 -0.000000 -0.000000 0 0
0.000000 -0.000000 -0.000000 0 0
0.000000 -0.000000 -0.000000 0 0
0.000000 -0.000000 -0.000000 0 0
0.000000 -0.000000 -0.000000 0 0
0.000000 -0.000000 -0.000000 0 0
0.000000 -0.000000 -0.000000 0 128
0.000000 -0.000000 -0.000000 0 0
0.000000 -0.000000 -0.000000 0 0
0.000000 -0.000000 -0.000000 0 0
0.000000 -0.000000 -0.000000 0 0
0.000000 -0.000000 -0.000000 0 0
0.000000 -0.000000 -0.000000 0 0
0.000000 -0.000000 -0.000000 0 0
0.000000 -0.000000 -0.000000 0 0
0.000000 -0.000000 -0.000000 0 0
0.000000 -0.000000 -0.000000 0 0
0.000000 -0.000000 -0.000000 0 0
0.000000 -0.000000 -0.000000 0 0
0.000000 -0.000000 -0.000000 0 0
0.000000 -0.000000 -0.000000 0 0
0.000000 -0.000000 -0.000000 0 0
0.000000 -0.000000 -0.000000 0 128
0.000000 -0.000000 -0.000000 0 0
0.000000 -0.000000 -0.000000 0 0
0.000000 -0.000000 -0.000000 0 0
0.000000 -0.000000 -0.000000 0 128
0.000000 -0.000000 -0.000000 0 0
0.000000 -0.000000 -0.000000 0 0
0.000000 -0.000000 -0.000000 0 0
0.000000 -0.000000 -0.000000 0 128
0.000000 -0.000000 -0.000000 0 0
0.000000 -0.000000 -0.000000 0 0
0.000000 -0.000000 -0.000000 0 0
0.000000 -0.000000 -0.000000 0 0
0.000000 -0.000000 -0.000000 0 0
0.000000 -0.000000 -0.000000 0 0
0.000000 -0.000000 -0.000000 0 0
0.000000 -0.000000 -0.000000 0 0
0.000000 -0.000000 -0.000000 0 128
0.000000 -0.000000 -0.000000 0 0
0.000000 -0.000000 -0.000000 0 0
0.000000 -0.000000 -0.000000 0 0
0.000000 -0.000000 -0.000000 0 128
0.000000 -0.000000 -0.000000 0 0
0.000000 -0.000000 -0.000000 0 0
0.000000 -0.000000 -0.000000 0 0
0.000000 -0.000000 -0.000000 0 0
0.000000 -0.000000 -0.000000 0 0
0.000000 -0.000000 -0.000000 0 0
0.000000 -0.000000 -0.000000 0 0
0.000000 -0.000000 -0.000000 0 0
0.000000 -0.000000 -0.000000 0 0
0.000000 -0.000000 -0.000000 0 0
0.000000 -0.000000 -0.000000 0 0
0.000000 -0.000000 -0.000000 0 0
0.000000 -0.000000 -0.000000 0 0
0.000000 -0.000000 -0.000000 0 0
0.000000 -0.000000 -0.000000 0 0
0.000000 -0.000000 -0.000000 0 0
0.000000 -0.000000 -0.000000 0 0
0.000000 -0.000000 -0.000000 0 0
0.000000 -0.000000 -0.000000 0 0
0.000000 -0.000000 -0.000000 0 0
0.000000 -0.000000 -0.000000 0 0
0.000000 -0.000000 -0.000000 0 0
0.000000 -0.000000 -0.000000 0 0
0.000000 -0.000000 -0.000000 0 128
0.000000 -0.000000 -0.000000 0 0
0.000000 -0.000000 -0.000000 0 0
0.000000 -0.000000 -0.000000 0 0
0.000000 -0.000000 -0.000000 0 0
0.000000 -0.000000 -0.000000 0 0
0.000000 -0.000000 -0.000000 0 0
0.000000 -0.000000 -0.000000 0 0
0.000000 -0.000000 -0.000000 0 0
0.000000 -0.000000 -0.000000 0 0
0.000000 -0.000000 -0.000000 0 0
0.000000 -0.000000 -0.000000 0 0
0.000000 -0.000000 -0.000000 0 0
0.000000 -0.000000 -0.000000 0 0
0.000000 -0.000000 -0.000000 0 0
0.000000 -0.000000 -0.000000 0 0
0.000000 -0.000000 -0.000000 0 0
0.000000 -0.000000 -0.000000 0 0
0.000000 -0.000000 -0.000000 0 0
0.000000 -0.000000 -0.000000 0 128
0.000000 -0.000000 -0.000000 0 0
0.000000 -0.000000 -0.000000 0 0
0.000000 -0.000000 -0.000000 0 0
0.000000 -0.000000 -0.000000 0 0
0.000000 -0.000000 -0.000000 0 0
0.000000 -0.000000 -0.000000 0 0
0.000000 -0.000000 -0.000000 0 0
0.000000 -0.000000 -0.000000 0 0
0.000000 -0.000000 -0.000000 0 0
0.000000 -0.000000 -0.000000 0 0
0.000000 -0.000000 -0.000000 0 0
0.000000 -0.000000 -0.000000 0 0
0.000000 -0.000000 -0.000000 0 0
0.000000 -0.000000 -0.000000 0 0
0.000000 -0.000000 -0.000000 0 0
0.000000 -0.000000 -0.000000 0 128
0.000000 -0.000000 -0.000000 0 0
0.000000 -0.000000 -0.000000 0 0
0.000000 -0.000000 -0.000000 0 0
0.000000 -0.000000 -0.000000 0 0
0.000000 -0.000000 -0.000000 0 0
0.000000 -0.000000 -0.000000 0 0
0.000000 -0.000000 -0.000000 0 0
0.000000 -0.000000 -0.000000 0 0
0.000000 -0.000000 -0.000000 0 0
0.000000 -0.000000 -0.000000 0 0
0.000000 -0.000000 -0.000000 0 0
0.000000 -0.000000 -0.000000 0 0
0.000000 -0.000000 -0.000000 0 0
0.000000 -0.000000 -0.000000 0 0
0.000000 -0.000000 -0.000000 0 0
0.000000 -0.000000 -0.000000 0 128
0.000000 -0.000000 -0.000000 0 0
0.000000 -0.000000 -0.000000 0 0
0.000000 -0.000000 -0.000000 0 0
0.000000 -0.000000 -0.000000 0 128
0.000000 -0.000000 -0.000000 0 0
0.000000 -0.000000 -0.000000 0 0
0.000000 -0.000000 -0.000000 0 0
0.000000 -0.000000 -0.000000 0 128
0.000000 -0.000000 -0.000000 0 0
0.000000 -0.000000 -0.000000 0 0
0.000000 -0.000000 -0.000000 0 0
0.000000 -0.000000 -0.000000 0 0
0.000000 -0.000000 -0.000000 0 0
0.000000 -0.000000 -0.000000 0 0
0.000000 -0.000000 -0.000000 0 0
0.000000 -0.000000 -0.000000 0 0
0.000000 -0.000000 -0.000000 0 128
0.000000 -0.000000 -0.000000 0 0
0.000000 -0.000000 -0.000000 0 0
0.000000 -0.000000 -0.000000 0 0
0.000000 -0.000000 -0.000000 0 128
0.000000 -0.000000 -0.000000 0 0
0.000000 -0.000000 -0.000000 0 0
0.000000 -0.000000 -0.000000 0 0
0.000000 -0.000000 -0.000000 0 0
0.000000 -0.000000 -0.000000 0 0
0.000000 -0.000000 -0.000000 0 0
0.000000 -0.000000 -0.000000 0 0
0.000000 -0.000000 -0.000000 0 0
0.000000 -0.000000 -0.000000 0 0
0.000000 -0.000000 -0.000000 0 0
0.000000 -0.000000 -0.000000 0 0
0.000000 -0.000000 -0.000000 0 0
0.000000 -0.000000 -0.000000 0 0
0.000000 -0.000000 -0.000000 0 0
0.000000 -0.000000 -0.000000 0 0
0.000000 -0.000000 -0.000000 0 0
0.000000 -0.000000 -0.000000 0 0
0.000000 -0.000000 -0.000000 0 0
0.000000 -0.000000 -0.000000 0 0
0.000000 -0.000000 -0.000000 0 0
0.000000 -0.000000 -0.000000 0 0
0.000000 -0.000000 -0.000000 0 0
0.000000 -0.000000 -0.000000 0 0
0.000000 -0.000000 -0.000000 0 128
0.000000 -0.000000 -0.000000 0 0
0.000000 -0.000000 -0.000000 0 0
0.000000 -0.000000 -0.000000 0 0
0.000000 -0.000000 -0.000000 0 0
0.000000 -0.000000 -0.000000 0 0
0.000000 -0.000000 -0.000000 0 0
0.000000 -0.000000 -0.000000 0 0
0.000000 -0.000000 -0.000000 0 0
0.000000 -0.000000 -0.000000 0 0
0.000000 -0.000000 -0.000000 0 0
0.000000 -0.000000 -0.000000 0 0
0.000000 -0.000000 -0.000000 0 0
0.000000 -0.000000 -0.000000 0 0
0.000000 -0.000000 -0.000000 0 0
0.000000 -0.000000 -0.000000 0 0
0.000000 -0.000000 -0.000000 0 0
0.000000 -0.000000 -0.000000 0 0
0.000000 -0.000000 -0.000000 0 0
0.000000 -0.000000 -0.000000 0 0
0.000000 -0.000000 -0.000000 0 0
0.000000 -0.000000 -0.000000 0 0
0.000000 -0.000000 -0.000000 0 0
0.000000 -0.000000 -0.000000 0 0
0.000000 -0.000000 -0.000000 0 0
0.000000 -0.000000 -0.000000 0 0
0.000000 -0.000000 -0.000000 0 0
0.000000 -0.000000 -0.000000 0 0
0.000000 -0.000000 -0.000000 0 0
0.000000 -0.000000 -0.000000 0 0
0.000000 -0.000000 -0.000000 0 0
0.000000 -0.000000 -0.000000 0 0
0.000000 -0.000000 -0.000000 0 0
0.000000 -0.000000 -0.000000 0 0
0.000000 -0.000000 -0.000000 0 0
0.000000 -0.000000 -0.000000 0 0
0.000000 -0.000000 -0.000000 0 0
0.000000 -0.000000 -0.000000 0 0
0.000000 -0.000000 -0.000000 0 0
0.000000 -0.000000 -0.000000 0 0
0.000000 -0.000000 -0.000000 0 0
0.000000 -0.000000 -0.000000 0 0
0.000000 -0.000000 -0.000000 0 0
0.000000 -0.000000 -0.000000 0 0
0.000000 -0.000000 -0.000000 0 0
0.000000 -0.000000 -0.000000 0 0
0.000000 -0.000000 -0.000000 0 0
0.000000 -0.000000 -0.000000 0 128
0.000000 -0.000000 -0.000000 0 128
0.000000 -0.000000 -0.000000 0 0
0.000000 -0.000000 -0.000000 0 128
0.000000 -0.000000 -0.000000 0 128
0.000000 -0.000000 -0.000000 0 128
0.000000 -0.000000 -0.000000 0 0
0.000000 -0.000000 -0.000000 0 128
0.000000 -0.000000 -0.000000 0 128
0.000000 -0.000000 -0.000000 0 128
0.000000 -0.000000 -0.000000 0 0
0.000000 -0.000000 -0.000000 0 128
0.000000 -0.000000 -0.000000 0 128
0.000000 -0.000000 -0.000000 0 128
0.000000 -0.000000 -0.000000 0 128
0.000000 -0.000000 -0.000000 0 128
0.000000 -0.000000 -0.000000 0 128
0.000000 -0.000000 -0.000000 0 128
0.000000 -0.000000 -0.000000 0 128
0.000000 -0.000000 -0.000000 0 128
0.000000 -0.000000 -0.000000 0 128
0.000000 -0.000000 -0.000000 0 128
0.000000 -0.000000 -0.000000 0 0
0.000000 -0.000000 -0.000000 0 128
0.000000 -0.000000 -0.000000 0 128
0.000000 -0.000000 -0.000000 0 128
0.000000 -0.000000 -0.000000 0 0
0.000000 -0.000000 -0.000000 0 128
0.000000 -0.000000 -0.000000 0 128
0.000000 -0.000000 -0.000000 0 128
0.000000 -0.000000 -0.000000 0 0
0.000000 -0.000000 -0.000000 0 128
0.000000 -0.000000 -0.000000 0 128
0.000000 -0.000000 -0.000000 0 128
0.000000 -0.000000 -0.000000 0 0
0.000000 -0.000000 -0.000000 0 128
0.000000 -0.000000 -0.000000 0 128
0.000000 -0.000000 -0.000000 0 128
0.000000 -0.000000 -0.000000 0 128
0.000000 -0.000000 -0.000000 0 128
0.000000 -0.000000 -0.000000 0 128
0.000000 -0.000000 -0.000000 0 128
0.000000 -0.000000 -0.000000 0 128
0.000000 -0.000000 -0.000000 0 128
0.000000 -0.000000 -0.000000 0 128
0.000000 -0.000000 -0.000000 0 128
0.000000 -0.000000 -0.000000 0 128
0.000000 -0.000000 -0.000000 0 128
0.000000 -0.000000 -0.000000 0 192
0.000000 -0.000000 -0.000000 0 128
0.000000 -0.000000 -0.000000 0 128
0.000000 -0.000000 -0.000000 0 128
0.000000 -0.000000 -0.000000 0 0
0.000000 -0.000000 -0.000000 0 128
0.000000 -0.000000 -0.000000 0 0
0.000000 -0.000000 -0.000000 0 192
0.715000 -1.135000 -0.384000 7 64
0.000000 -0.000000 -0.000000 0 128
0.000000 -0.000000 -0.000000 0 0
0.727000 -1.104000 -0.383000 1 64
0.683000 -1.143000 -0.382000 7 0
0.000000 -0.000000 -0.000000 0 0
0.000000 -0.000000 -0.000000 0 0
0.000000 -0.000000 -0.000000 0 0
0.000000 -0.000000 -0.000000 0 0
0.000000 -0.000000 -0.000000 0 0
0.000000 -0.000000 -0.000000 0 0
0.000000 -0.000000 -0.000000 0 0
0.000000 -0.000000 -0.000000 0 0
0.000000 -0.000000 -0.000000 0 0
0.000000 -0.000000 -0.000000 0 0
0.000000 -0.000000 -0.000000 0 0
0.000000 -0.000000 -0.000000 0 0
0.000000 -0.000000 -0.000000 0 0
0.000000 -0.000000 -0.000000 0 0
0.000000 -0.000000 -0.000000 0 0
0.000000 -0.000000 -0.000000 0 0
0.000000 -0.000000 -0.000000 0 0
0.000000 -0.000000 -0.000000 0 0
0.000000 -0.000000 -0.000000 0 0
0.000000 -0.000000 -0.000000 0 0
0.000000 -0.000000 -0.000000 0 0
0.000000 -0.000000 -0.000000 0 0
0.000000 -0.000000 -0.000000 0 0
0.000000 -0.000000 -0.000000 0 0
0.000000 -0.000000 -0.000000 0 0
0.000000 -0.000000 -0.000000 0 0
0.000000 -0.000000 -0.000000 0 0
0.000000 -0.000000 -0.000000 0 0
0.000000 -0.000000 -0.000000 0 0
0.000000 -0.000000 -0.000000 0 0
0.000000 -0.000000 -0.000000 0 0
0.000000 -0.000000 -0.000000 0 0
0.000000 -0.000000 -0.000000 0 0
0.000000 -0.000000 -0.000000 0 0
0.000000 -0.000000 -0.000000 0 0
0.000000 -0.000000 -0.000000 0 128
0.000000 -0.000000 -0.000000 0 128
0.000000 -0.000000 -0.000000 0 0
0.000000 -0.000000 -0.000000 0 128
0.000000 -0.000000 -0.000000 0 128
0.000000 -0.000000 -0.000000 0 128
0.000000 -0.000000 -0.000000 0 0
0.000000 -0.000000 -0.000000 0 128
0.000000 -0.000000 -0.000000 0 128
0.000000 -0.000000 -0.000000 0 128
0.000000 -0.000000 -0.000000 0 0
0.000000 -0.000000 -0.000000 0 128
0.000000 -0.000000 -0.000000 0 128
0.000000 -0.000000 -0.000000 0 128
0.000000 -0.000000 -0.000000 0 128
0.000000 -0.000000 -0.000000 0 128
0.000000 -0.000000 -0.000000 0 128
0.000000 -0.000000 -0.000000 0 128
0.000000 -0.000000 -0.000000 0 128
0.000000 -0.000000 -0.000000 0 128
0.000000 -0.000000 -0.000000 0 128
0.000000 -0.000000 -0.000000 0 128
0.000000 -0.000000 -0.000000 0 0
0.000000 -0.000000 -0.000000 0 128
0.000000 -0.000000 -0.000000 0 128
0.000000 -0.000000 -0.000000 0 128
0.000000 -0.000000 -0.000000 0 0
0.000000 -0.000000 -0.000000 0 128
0.000000 -0.000000 -0.000000 0 128
0.000000 -0.000000 -0.000000 0 128
0.000000 -0.000000 -0.000000 0 0
0.000000 -0.000000 -0.000000 0 128
0.000000 -0.000000 -0.000000 0 128
0.000000 -0.000000 -0.000000 0 128
0.000000 -0.000000 -0.000000 0 0
0.000000 -0.000000 -0.000000 0 128
0.000000 -0.000000 -0.000000 0 128
0.000000 -0.000000 -0.000000 0 128
0.000000 -0.000000 -0.000000 0 128
0.000000 -0.000000 -0.000000 0 128
0.000000 -0.000000 -0.000000 0 128
0.000000 -0.000000 -0.000000 0 128
0.000000 -0.000000 -0.000000 0 128
0.000000 -0.000000 -0.000000 0 128
0.000000 -0.000000 -0.000000 0 128
0.000000 -0.000000 -0.000000 0 128
0.000000 -0.000000 -0.000000 0 128
0.000000 -0.000000 -0.000000 0 128
0.000000 -0.000000 -0.000000 0 192
0.000000 -0.000000 -0.000000 0 128
0.000000 -0.000000 -0.000000 0 128
0.000000 -0.000000 -0.000000 0 128
0.000000 -0.000000 -0.000000 0 0
0.000000 -0.000000 -0.000000 0 128
0.000000 -0.000000 -0.000000 0 0
0.000000 -0.000000 -0.000000 0 192
0.715000 -1.135000 -0.384000 7 64
0.000000 -0.000000 -0.000000 0 128
0.000000 -0.000000 -0.000000 0 0
0.727000 -1.104000 -0.383000 1 64
0.683000 -1.143000 -0.382000 7 0
0.000000 -0.000000 -0.000000 0 128
0.000000 -0.000000 -0.000000 0 192
0.000000 -0.000000 -0.000000 0 0
0.649000 -1.146000 -0.378000 11 0
0.000000 -0.000000 -0.000000 0 128
0.000000 -0.000000 -0.000000 0 0
0.678000 -1.141000 -0.384000 10 0
0.610000 -1.136000 -0.371000 12 0
0.000000 -0.000000 -0.000000 0 192
0.712000 -1.138000 -0.387000 5 0
0.645000 -1.144000 -0.379000 8 0
0.593000 -1.170000 -0.378000 12 0
0.000000 -0.000000 -0.000000 0 0
0.678000 -1.141000 -0.382000 9 0
0.608000 -1.139000 -0.373000 11 0
0.565000 -1.180000 -0.378000 12 0
0.716000 -1.140000 -0.385000 5 0
0.643000 -1.142000 -0.376000 8 0
0.590000 -1.170000 -0.378000 12 0
0.536000 -1.189000 -0.377000 12 0
0.679000 -1.137000 -0.377000 8 0
0.611000 -1.146000 -0.371000 10 0
0.561000 -1.178000 -0.376000 12 0
0.647000 -1.530000 -0.481000 3 2
0.644000 -1.138000 -0.370000 9 0
0.590000 -1.170000 -0.373000 11 0
0.535000 -1.194000 -0.377000 9 0
0.616000 -1.553000 -0.485000 17 0
0.616000 -1.151000 -0.367000 12 0
0.561000 -1.180000 -0.371000 10 0
0.656000 -1.560000 -0.487000 3 2
0.504000 -1.361000 -0.422000 150 2
0.588000 -1.161000 -0.364000 10 0
0.555000 -1.240000 -0.385000 8 1
0.617000 -1.567000 -0.485000 17 0
0.551000 -1.599000 -0.493000 11 64
0.559000 -1.170000 -0.361000 8 0
0.665000 -1.582000 -0.485000 3 0
0.502000 -1.365000 -0.418000 150 2
0.509000 -1.596000 -0.489000 32 0
0.563000 -1.254000 -0.381000 12 1
0.628000 -1.598000 -0.484000 15 0
0.551000 -1.612000 -0.490000 14 0
0.423000 -1.439000 -0.438000 111 2
0.679000 -1.610000 -0.481000 3 0
0.519000 -1.415000 -0.423000 150 2
0.455000 -1.437000 -0.433000 133 0
0.441000 -1.636000 -0.496000 3 64
0.649000 -1.645000 -0.485000 15 0
0.507000 -1.488000 -0.440000 11 0
0.478000 -1.642000 -0.491000 2 0
0.403000 -1.644000 -0.496000 18 0
0.589000 -1.600000 -0.465000 51 0
0.520000 -1.649000 -0.483000 12 0
0.443000 -1.661000 -0.493000 17 0
0.365000 -1.653000 -0.497000 17 0
0.548000 -1.606000 -0.460000 66 0
0.493000 -1.700000 -0.493000 22 0
0.407000 -1.680000 -0.496000 17 0
0.328000 -1.664000 -0.499000 18 0
0.522000 -1.653000 -0.468000 32 0
0.457000 -1.724000 -0.496000 25 0
0.370000 -1.697000 -0.498000 16 0
0.291000 -1.673000 -0.500000 17 0
0.509000 -1.755000 -0.490000 15 0
0.417000 -1.734000 -0.494000 29 0
0.333000 -1.714000 -0.500000 17 0
0.254000 -1.687000 -0.504000 15 0
0.472000 -1.782000 -0.492000 15 0
0.378000 -1.754000 -0.496000 32 0
0.296000 -1.732000 -0.503000 17 0
0.214000 -1.675000 -0.499000 2 0
0.434000 -1.808000 -0.494000 15 0
0.339000 -1.770000 -0.496000 32 0
0.256000 -1.743000 -0.504000 12 0
0.000000 -0.000000 -0.000000 0 0
0.395000 -1.836000 -0.496000 13 0
0.299000 -1.783000 -0.497000 29 0
0.214000 -1.723000 -0.497000 2 0
0.000000 -0.000000 -0.000000 0 192
0.354000 -1.858000 -0.497000 14 0
0.259000 -1.800000 -0.498000 15 0
0.000000 -0.000000 -0.000000 0 0
0.000000 -0.000000 -0.000000 0 192
0.313000 -1.884000 -0.499000 13 0
0.209000 -1.737000 -0.478000 1 0
0.000000 -0.000000 -0.000000 0 192
0.000000 -0.000000 -0.000000 0 192
0.273000 -1.916000 -0.503000 10 0
0.000000 -0.000000 -0.000000 0 0
0.000000 -0.000000 -0.000000 0 192
0.000000 -0.000000 -0.000000 0 192
0.000000 -0.000000 -0.000000 0 0
0.000000 -0.000000 -0.000000 0 192
0.000000 -0.000000 -0.000000 0 192
0.000000 -0.000000 -0.000000 0 192
0.000000 -0.000000 -0.000000 0 128
0.000000 -0.000000 -0.000000 0 192
0.000000 -0.000000 -0.000000 0 0
0.649000 -1.146000 -0.378000 11 0
0.000000 -0.000000 -0.000000 0 128
0.000000 -0.000000 -0.000000 0 0
0.678000 -1.141000 -0.384000 10 0
0.610000 -1.136000 -0.371000 12 0
0.000000 -0.000000 -0.000000 0 192
0.712000 -1.138000 -0.387000 5 0
0.645000 -1.144000 -0.379000 8 0
0.593000 -1.170000 -0.378000 12 0
0.000000 -0.000000 -0.000000 0 0
0.678000 -1.141000 -0.382000 9 0
0.608000 -1.139000 -0.373000 11 0
0.565000 -1.180000 -0.378000 12 0
0.716000 -1.140000 -0.385000 5 0
0.643000 -1.142000 -0.376000 8 0
0.590000 -1.170000 -0.378000 12 0
0.536000 -1.189000 -0.377000 12 0
0.679000 -1.137000 -0.377000 8 0
0.611000 -1.146000 -0.371000 10 0
0.561000 -1.178000 -0.376000 12 0
0.647000 -1.530000 -0.481000 3 2
0.644000 -1.138000 -0.370000 9 0
0.590000 -1.170000 -0.373000 11 0
0.535000 -1.194000 -0.377000 9 0
0.616000 -1.553000 -0.485000 17 0
0.616000 -1.151000 -0.367000 12 0
0.561000 -1.180000 -0.371000 10 0
0.656000 -1.560000 -0.487000 3 2
0.504000 -1.361000 -0.422000 150 2
0.588000 -1.161000 -0.364000 10 0
0.555000 -1.240000 -0.385000 8 1
0.617000 -1.567000 -0.485000 17 0
0.551000 -1.599000 -0.493000 11 64
0.559000 -1.170000 -0.361000 8 0
0.665000 -1.582000 -0.485000 3 0
0.502000 -1.365000 -0.418000 150 2
0.509000 -1.596000 -0.489000 32 0
0.563000 -1.254000 -0.381000 12 1
0.628000 -1.598000 -0.484000 15 0
0.551000 -1.612000 -0.490000 14 0
0.423000 -1.439000 -0.438000 111 2
0.679000 -1.610000 -0.481000 3 0
0.519000 -1.415000 -0.423000 150 2
0.455000 -1.437000 -0.433000 133 0
0.441000 -1.636000 -0.496000 3 64
0.649000 -1.645000 -0.485000 15 0
0.507000 -1.488000 -0.440000 11 0
0.478000 -1.642000 -0.491000 2 0
0.403000 -1.644000 -0.496000 18 0
0.589000 -1.600000 -0.465000 51 0
0.520000 -1.649000 -0.483000 12 0
0.443000 -1.661000 -0.493000 17 0
0.365000 -1.653000 -0.497000 17 0
0.548000 -1.606000 -0.460000 66 0
0.493000 -1.700000 -0.493000 22 0
0.407000 -1.680000 -0.496000 17 0
0.328000 -1.664000 -0.499000 18 0
0.522000 -1.653000 -0.468000 32 0
0.457000 -1.724000 -0.496000 25 0
0.370000 -1.697000 -0.498000 16 0
0.291000 -1.673000 -0.500000 17 0
0.509000 -1.755000 -0.490000 15 0
0.417000 -1.734000 -0.494000 29 0
0.333000 -1.714000 -0.500000 17 0
0.254000 -1.687000 -0.504000 15 0
0.472000 -1.782000 -0.492000 15 0
0.378000 -1.754000 -0.496000 32 0
0.296000 -1.732000 -0.503000 17 0
0.214000 -1.675000 -0.499000 2 0
0.434000 -1.808000 -0.494000 15 0
0.339000 -1.770000 -0.496000 32 0
0.256000 -1.743000 -0.504000 12 0
0.000000 -0.000000 -0.000000 0 0
0.395000 -1.836000 -0.496000 13 0
0.299000 -1.783000 -0.497000 29 0
0.214000 -1.723000 -0.497000 2 0
0.000000 -0.000000 -0.000000 0 192
0.354000 -1.858000 -0.497000 14 0
0.259000 -1.800000 -0.498000 15 0
0.000000 -0.000000 -0.000000 0 0
0.000000 -0.000000 -0.000000 0 192
0.313000 -1.884000 -0.499000 13 0
0.209000 -1.737000 -0.478000 1 0
0.000000 -0.000000 -0.000000 0 192
0.000000 -0.000000 -0.000000 0 192
0.273000 -1.916000 -0.503000 10 0
0.000000 -0.000000 -0.000000 0 0
0.000000 -0.000000 -0.000000 0 192
0.000000 -0.000000 -0.000000 0 192
0.000000 -0.000000 -0.000000 0 0
0.000000 -0.000000 -0.000000 0 192
0.000000 -0.000000 -0.000000 0 192
0.000000 -0.000000 -0.000000 0 192
0.000000 -0.000000 -0.000000 0 192
0.000000 -0.000000 -0.000000 0 192
0.000000 -0.000000 -0.000000 0 192
0.000000 -0.000000 -0.000000 0 128
0.000000 -0.000000 -0.000000 0 192
0.000000 -0.000000 -0.000000 0 192
0.000000 -0.000000 -0.000000 0 192
-0.116000 -2.203000 -0.661000 8 0
0.000000 -0.000000 -0.000000 0 192
0.000000 -0.000000 -0.000000 0 192
-0.073000 -2.041000 -0.582000 3 0
-0.169000 -2.242000 -0.674000 4 0
0.000000 -0.000000 -0.000000 0 192
0.000000 -0.000000 -0.000000 0 192
-0.138000 -2.350000 -0.671000 1 0
-0.218000 -2.231000 -0.673000 6 0
0.000000 -0.000000 -0.000000 0 192
-0.079000 -1.880000 -0.505000 4 0
-0.193000 -2.356000 -0.673000 2 0
-0.257000 -2.136000 -0.647000 3 1
0.000000 -0.000000 -0.000000 0 192
-0.164000 -2.512000 -0.674000 3 0
-0.253000 -2.419000 -0.693000 2 0
-0.294000 -2.050000 -0.624000 2 0
0.000000 -0.000000 -0.000000 0 0
-0.262000 -2.950000 -0.791000 28 0
-0.337000 -2.643000 -0.759000 24 0
-0.397000 -2.392000 -0.731000 46 0
-0.213000 -2.969000 -0.741000 7 0
-0.308000 -2.743000 -0.735000 42 0
-0.362000 -2.396000 -0.689000 7 0
-0.426000 -2.252000 -0.692000 49 0
-0.275000 -2.879000 -0.716000 36 0
-0.356000 -2.618000 -0.702000 7 0
-0.407000 -2.333000 -0.673000 51 0
-0.453000 -2.133000 -0.659000 45 0
-0.322000 -2.694000 -0.669000 40 0
-0.386000 -2.412000 -0.647000 29 0
-0.435000 -2.200000 -0.637000 46 0
-0.477000 -2.026000 -0.630000 52 0
-0.294000 -2.045000 -0.507000 2 0
-0.419000 -2.279000 -0.612000 40 0
-0.463000 -2.092000 -0.608000 45 0
-0.501000 -1.935000 -0.606000 49 0
-0.399000 -2.372000 -0.588000 44 0
-0.449000 -2.161000 -0.582000 43 0
-0.489000 -1.990000 -0.582000 45 0
-0.521000 -1.844000 -0.581000 51 0
-0.430000 -2.228000 -0.552000 43 0
-0.476000 -2.048000 -0.553000 42 0
-0.511000 -1.896000 -0.557000 47 0
-0.431000 -1.403000 -0.446000 6 0
-0.459000 -2.107000 -0.522000 40 0
-0.500000 -1.943000 -0.526000 50 0
-0.519000 -1.763000 -0.521000 80 0
-0.444000 -1.341000 -0.429000 0 0
-0.487000 -2.004000 -0.497000 45 0
-0.522000 -1.850000 -0.503000 50 0
-0.439000 -1.376000 -0.409000 5 0
-0.461000 -1.294000 -0.418000 8 0
-0.509000 -1.896000 -0.471000 48 0
-0.473000 -1.539000 -0.421000 150 0
-0.460000 -1.336000 -0.400000 1 0
-0.473000 -1.240000 -0.404000 0 0
-0.532000 -1.808000 -0.450000 51 0
-0.456000 -1.370000 -0.376000 1 0
-0.474000 -1.283000 -0.387000 10 0
-0.485000 -1.194000 -0.393000 11 0
-0.448000 -1.398000 -0.349000 6 0
-0.477000 -1.327000 -0.367000 9 0
-0.492000 -1.243000 -0.378000 1 0
-0.499000 -1.153000 -0.383000 1 0
-0.476000 -1.370000 -0.344000 1 0
-0.495000 -1.283000 -0.357000 1 0
-0.502000 -1.189000 -0.365000 1 0
-0.506000 -1.102000 -0.370000 1 0
-0.493000 -1.314000 -0.331000 10 0
-0.512000 -1.240000 -0.347000 1 0
-0.512000 -1.141000 -0.353000 1 0
-0.514000 -1.057000 -0.359000 1 0
0.000000 -0.000000 -0.000000 0 0
-0.520000 -1.180000 -0.333000 1 0
-0.523000 -1.098000 -0.343000 1 0
-0.522000 -1.018000 -0.350000 1 0
0.000000 -0.000000 -0.000000 0 0
-0.492000 -1.049000 -0.299000 0 0
-0.530000 -1.049000 -0.331000 1 0
-0.519000 -0.960000 -0.334000 1 0
0.000000 -0.000000 -0.000000 0 0
-0.536000 -1.077000 -0.309000 1 0
-0.531000 -0.996000 -0.318000 1 0
-0.680000 -1.193000 -0.420000 12 0
-0.530000 -1.084000 -0.280000 0 64
-0.532000 -1.010000 -0.293000 1 0
-0.633000 -1.125000 -0.364000 3 0
-0.694000 -1.157000 -0.413000 13 0
0.000000 -0.000000 -0.000000 0 192
0.000000 -0.000000 -0.000000 0 192
0.000000 -0.000000 -0.000000 0 192
0.000000 -0.000000 -0.000000 0 128
0.000000 -0.000000 -0.000000 0 192
0.000000 -0.000000 -0.000000 0 192
0.000000 -0.000000 -0.000000 0 192
-0.116000 -2.203000 -0.661000 8 0
0.000000 -0.000000 -0.000000 0 192
0.000000 -0.000000 -0.000000 0 192
-0.073000 -2.041000 -0.582000 3 0
-0.169000 -2.242000 -0.674000 4 0
0.000000 -0.000000 -0.000000 0 192
0.000000 -0.000000 -0.000000 0 192
-0.138000 -2.350000 -0.671000 1 0
-0.218000 -2.231000 -0.673000 6 0
0.000000 -0.000000 -0.000000 0 192
-0.079000 -1.880000 -0.505000 4 0
-0.193000 -2.356000 -0.673000 2 0
-0.257000 -2.136000 -0.647000 3 1
0.000000 -0.000000 -0.000000 0 192
-0.164000 -2.512000 -0.674000 3 0
-0.253000 -2.419000 -0.693000 2 0
-0.294000 -2.050000 -0.624000 2 0
0.000000 -0.000000 -0.000000 0 0
-0.262000 -2.950000 -0.791000 28 0
-0.337000 -2.643000 -0.759000 24 0
-0.397000 -2.392000 -0.731000 46 0
-0.213000 -2.969000 -0.741000 7 0
-0.308000 -2.743000 -0.735000 42 0
-0.362000 -2.396000 -0.689000 7 0
-0.426000 -2.252000 -0.692000 49 0
-0.275000 -2.879000 -0.716000 36 0
-0.356000 -2.618000 -0.702000 7 0
-0.407000 -2.333000 -0.673000 51 0
-0.453000 -2.133000 -0.659000 45 0
-0.322000 -2.694000 -0.669000 40 0
-0.386000 -2.412000 -0.647000 29 0
-0.435000 -2.200000 -0.637000 46 0
-0.477000 -2.026000 -0.630000 52 0
-0.294000 -2.045000 -0.507000 2 0
-0.419000 -2.279000 -0.612000 40 0
-0.463000 -2.092000 -0.608000 45 0
-0.501000 -1.935000 -0.606000 49 0
-0.399000 -2.372000 -0.588000 44 0
-0.449000 -2.161000 -0.582000 43 0
-0.489000 -1.990000 -0.582000 45 0
-0.521000 -1.844000 -0.581000 51 0
-0.430000 -2.228000 -0.552000 43 0
-0.476000 -2.048000 -0.553000 42 0
-0.511000 -1.896000 -0.557000 47 0
-0.431000 -1.403000 -0.446000 6 0
-0.459000 -2.107000 -0.522000 40 0
-0.500000 -1.943000 -0.526000 50 0
-0.519000 -1.763000 -0.521000 80 0
-0.444000 -1.341000 -0.429000 0 0
-0.487000 -2.004000 -0.497000 45 0
-0.522000 -1.850000 -0.503000 50 0
-0.439000 -1.376000 -0.409000 5 0
-0.461000 -1.294000 -0.418000 8 0
-0.509000 -1.896000 -0.471000 48 0
-0.473000 -1.539000 -0.421000 150 0
-0.460000 -1.336000 -0.400000 1 0
-0.473000 -1.240000 -0.404000 0 0
-0.532000 -1.808000 -0.450000 51 0
-0.456000 -1.370000 -0.376000 1 0
-0.474000 -1.283000 -0.387000 10 0
-0.485000 -1.194000 -0.393000 11 0
-0.448000 -1.398000 -0.349000 6 0
-0.477000 -1.327000 -0.367000 9 0
-0.492000 -1.243000 -0.378000 1 0
-0.499000 -1.153000 -0.383000 1 0
-0.476000 -1.370000 -0.344000 1 0
-0.495000 -1.283000 -0.357000 1 0
-0.502000 -1.189000 -0.365000 1 0
-0.506000 -1.102000 -0.370000 1 0
-0.493000 -1.314000 -0.331000 10 0
-0.512000 -1.240000 -0.347000 1 0
-0.512000 -1.141000 -0.353000 1 0
-0.514000 -1.057000 -0.359000 1 0
0.000000 -0.000000 -0.000000 0 0
-0.520000 -1.180000 -0.333000 1 0
-0.523000 -1.098000 -0.343000 1 0
-0.522000 -1.018000 -0.350000 1 0
0.000000 -0.000000 -0.000000 0 0
-0.492000 -1.049000 -0.299000 0 0
-0.530000 -1.049000 -0.331000 1 0
-0.519000 -0.960000 -0.334000 1 0
0.000000 -0.000000 -0.000000 0 0
-0.536000 -1.077000 -0.309000 1 0
-0.531000 -0.996000 -0.318000 1 0
-0.680000 -1.193000 -0.420000 12 0
-0.530000 -1.084000 -0.280000 0 64
-0.532000 -1.010000 -0.293000 1 0
-0.633000 -1.125000 -0.364000 3 0
-0.694000 -1.157000 -0.413000 13 0
-0.541000 -1.042000 -0.272000 0 64
-0.679000 -1.218000 -0.357000 6 0
-0.691000 -1.166000 -0.381000 12 0
-0.703000 -1.117000 -0.404000 12 0
-0.677000 -1.230000 -0.324000 13 64
-0.694000 -1.179000 -0.350000 12 0
-0.703000 -1.126000 -0.373000 12 0
-0.715000 -1.082000 -0.397000 12 64
-0.689000 -1.185000 -0.315000 13 64
-0.703000 -1.133000 -0.340000 12 0
-0.714000 -1.089000 -0.366000 12 0
-0.726000 -1.048000 -0.391000 12 64
-0.704000 -1.145000 -0.308000 13 64
-0.712000 -1.091000 -0.332000 14 0
-0.725000 -1.053000 -0.359000 11 0
-0.735000 -1.013000 -0.384000 15 64
-0.715000 -1.102000 -0.300000 12 0
-0.726000 -1.056000 -0.326000 14 0
-0.734000 -1.016000 -0.352000 14 0
-0.741000 -0.975000 -0.376000 15 64
-0.725000 -1.060000 -0.292000 15 64
-0.735000 -1.018000 -0.318000 14 0
-0.741000 -0.978000 -0.344000 14 0
-0.746000 -0.940000 -0.368000 15 64
-0.730000 -1.015000 -0.283000 15 64
-0.739000 -0.975000 -0.310000 14 0
-0.750000 -0.945000 -0.338000 14 0
-0.750000 -0.903000 -0.360000 15 0
-0.739000 -0.976000 -0.277000 15 64
-0.746000 -0.938000 -0.303000 14 0
-0.755000 -0.909000 -0.331000 14 0
-0.760000 -0.875000 -0.355000 15 0
-0.745000 -0.937000 -0.270000 15 0
-0.757000 -0.907000 -0.298000 14 0
-0.764000 -0.878000 -0.325000 14 0
-0.763000 -0.841000 -0.348000 14 0
-0.754000 -0.902000 -0.264000 15 0
-0.764000 -0.873000 -0.292000 14 0
-0.766000 -0.841000 -0.318000 13 0
-0.771000 -0.813000 -0.344000 14 0
-0.762000 -0.868000 -0.259000 15 0
-0.769000 -0.839000 -0.286000 13 0
-0.774000 -0.812000 -0.313000 13 0
-0.779000 -0.787000 -0.339000 14 0
-0.770000 -0.835000 -0.254000 15 0
-0.778000 -0.809000 -0.281000 13 0
-0.780000 -0.783000 -0.308000 13 0
-0.786000 -0.761000 -0.335000 20 0
-0.783000 -0.810000 -0.251000 16 0
-0.786000 -0.781000 -0.277000 13 0
-0.791000 -0.759000 -0.305000 13 0
-0.794000 -0.735000 -0.331000 20 0
-0.787000 -0.775000 -0.245000 16 0
-0.791000 -0.750000 -0.272000 13 0
-0.796000 -0.730000 -0.300000 13 0
-0.800000 -0.709000 -0.327000 20 0
-0.798000 -0.749000 -0.243000 22 0
-0.802000 -0.725000 -0.270000 13 0
-0.799000 -0.701000 -0.295000 13 0
-0.806000 -0.684000 -0.323000 20 0
-0.804000 -0.718000 -0.238000 22 0
-0.807000 -0.696000 -0.265000 13 0
-0.807000 -0.675000 -0.292000 13 0
-0.812000 -0.659000 -0.320000 20 0
-0.811000 -0.690000 -0.235000 22 0
-0.816000 -0.671000 -0.263000 13 0
-0.812000 -0.649000 -0.288000 13 0
-0.815000 -0.633000 -0.315000 8 0
-0.820000 -0.664000 -0.232000 22 0
-0.825000 -0.647000 -0.260000 13 0
0.000000 -0.000000 -0.000000 0 0
-0.822000 -0.610000 -0.313000 9 0
-0.827000 -0.637000 -0.229000 23 0
-0.833000 -0.622000 -0.258000 13 0
-0.496000 -0.361000 -0.169000 0 0
-0.820000 -0.581000 -0.307000 8 0
-0.836000 -0.612000 -0.227000 23 0
-0.839000 -0.596000 -0.255000 14 0
-0.483000 -0.335000 -0.162000 0 0
-0.817000 -0.553000 -0.301000 8 0
-0.829000 -0.576000 -0.221000 20 0
-0.844000 -0.571000 -0.252000 14 0
-0.512000 -0.339000 -0.169000 0 0
-0.813000 -0.525000 -0.294000 7 0
-0.838000 -0.553000 -0.219000 21 0
-0.856000 -0.550000 -0.251000 14 0
-0.516000 -0.325000 -0.168000 1 0
-0.802000 -0.494000 -0.286000 7 0
-0.844000 -0.528000 -0.217000 20 0
-0.855000 -0.522000 -0.247000 13 0
-0.517000 -0.309000 -0.165000 1 0
-0.796000 -0.466000 -0.280000 7 0
-0.852000 -0.505000 -0.215000 16 64
-0.866000 -0.501000 -0.246000 13 0
-0.535000 -0.304000 -0.169000 1 0
-0.847000 -0.472000 -0.294000 8 0
-0.541000 -1.042000 -0.272000 0 64
-0.679000 -1.218000 -0.357000 6 0
-0.691000 -1.166000 -0.381000 12 0
-0.703000 -1.117000 -0.404000 12 0
-0.677000 -1.230000 -0.324000 13 64
-0.694000 -1.179000 -0.350000 12 0
-0.703000 -1.126000 -0.373000 12 0
-0.715000 -1.082000 -0.397000 12 64
-0.689000 -1.185000 -0.315000 13 64
-0.703000 -1.133000 -0.340000 12 0
-0.714000 -1.089000 -0.366000 12 0
-0.726000 -1.048000 -0.391000 12 64
-0.704000 -1.145000 -0.308000 13 64
-0.712000 -1.091000 -0.332000 14 0
-0.725000 -1.053000 -0.359000 11 0
-0.735000 -1.013000 -0.384000 15 64
-0.715000 -1.102000 -0.300000 12 0
-0.726000 -1.056000 -0.326000 14 0
-0.734000 -1.016000 -0.352000 14 0
-0.741000 -0.975000 -0.376000 15 64
-0.725000 -1.060000 -0.292000 15 64
-0.735000 -1.018000 -0.318000 14 0
-0.741000 -0.978000 -0.344000 14 0
-0.746000 -0.940000 -0.368000 15 64
-0.730000 -1.015000 -0.283000 15 64
-0.739000 -0.975000 -0.310000 14 0
-0.750000 -0.945000 -0.338000 14 0
-0.750000 -0.903000 -0.360000 15 0
-0.739000 -0.976000 -0.277000 15 64
-0.746000 -0.938000 -0.303000 14 0
-0.755000 -0.909000 -0.331000 14 0
-0.760000 -0.875000 -0.355000 15 0
-0.745000 -0.937000 -0.270000 15 0
-0.757000 -0.907000 -0.298000 14 0
-0.764000 -0.878000 -0.325000 14 0
-0.763000 -0.841000 -0.348000 14 0
-0.754000 -0.902000 -0.264000 15 0
-0.764000 -0.873000 -0.292000 14 0
-0.766000 -0.841000 -0.318000 13 0
-0.771000 -0.813000 -0.344000 14 0
-0.762000 -0.868000 -0.259000 15 0
-0.769000 -0.839000 -0.286000 13 0
-0.774000 -0.812000 -0.313000 13 0
-0.779000 -0.787000 -0.339000 14 0
-0.770000 -0.835000 -0.254000 15 0
-0.778000 -0.809000 -0.281000 13 0
-0.780000 -0.783000 -0.308000 13 0
-0.786000 -0.761000 -0.335000 20 0
-0.783000 -0.810000 -0.251000 16 0
-0.786000 -0.781000 -0.277000 13 0
-0.791000 -0.759000 -0.305000 13 0
-0.794000 -0.735000 -0.331000 20 0
-0.787000 -0.775000 -0.245000 16 0
-0.791000 -0.750000 -0.272000 13 0
-0.796000 -0.730000 -0.300000 13 0
-0.800000 -0.709000 -0.327000 20 0
-0.798000 -0.749000 -0.243000 22 0
-0.802000 -0.725000 -0.270000 13 0
-0.799000 -0.701000 -0.295000 13 0
-0.806000 -0.684000 -0.323000 20 0
-0.804000 -0.718000 -0.238000 22 0
-0.807000 -0.696000 -0.265000 13 0
-0.807000 -0.675000 -0.292000 13 0
-0.812000 -0.659000 -0.320000 20 0
-0.811000 -0.690000 -0.235000 22 0
-0.816000 -0.671000 -0.263000 13 0
-0.812000 -0.649000 -0.288000 13 0
-0.815000 -0.633000 -0.315000 8 0
-0.820000 -0.664000 -0.232000 22 0
-0.825000 -0.647000 -0.260000 13 0
0.000000 -0.000000 -0.000000 0 0
-0.822000 -0.610000 -0.313000 9 0
-0.827000 -0.637000 -0.229000 23 0
-0.833000 -0.622000 -0.258000 13 0
-0.496000 -0.361000 -0.169000 0 0
-0.820000 -0.581000 -0.307000 8 0
-0.836000 -0.612000 -0.227000 23 0
-0.839000 -0.596000 -0.255000 14 0
-0.483000 -0.335000 -0.162000 0 0
-0.817000 -0.553000 -0.301000 8 0
-0.829000 -0.576000 -0.221000 20 0
-0.844000 -0.571000 -0.252000 14 0
-0.512000 -0.339000 -0.169000 0 0
-0.813000 -0.525000 -0.294000 7 0
-0.838000 -0.553000 -0.219000 21 0
-0.856000 -0.550000 -0.251000 14 0
-0.516000 -0.325000 -0.168000 1 0
-0.802000 -0.494000 -0.286000 7 0
-0.844000 -0.528000 -0.217000 20 0
-0.855000 -0.522000 -0.247000 13 0
-0.517000 -0.309000 -0.165000 1 0
-0.796000 -0.466000 -0.280000 7 0
-0.852000 -0.505000 -0.215000 16 64
-0.866000 -0.501000 -0.246000 13 0
-0.535000 -0.304000 -0.169000 1 0
-0.847000 -0.472000 -0.294000 8 0
-0.856000 -0.480000 -0.213000 21 0
-0.848000 -0.465000 -0.238000 16 0
-0.541000 -0.291000 -0.168000 7 16
-0.668000 -0.354000 -0.229000 5 0
-0.634000 -0.335000 -0.156000 4 2
-0.873000 -0.452000 -0.241000 13 0
-0.862000 -0.440000 -0.265000 14 2
-0.877000 -0.440000 -0.297000 21 0
-0.874000 -0.435000 -0.212000 20 0
-0.867000 -0.423000 -0.236000 12 0
-0.872000 -0.420000 -0.265000 12 0
-0.880000 -0.418000 -0.294000 21 0
-0.878000 -0.411000 -0.210000 20 0
-0.874000 -0.402000 -0.235000 12 0
-0.874000 -0.397000 -0.262000 12 0
-0.873000 -0.392000 -0.289000 20 0
-0.885000 -0.389000 -0.209000 16 64
-0.880000 -0.380000 -0.234000 12 0
-0.882000 -0.377000 -0.261000 12 0
-0.851000 -0.360000 -0.278000 16 0
-0.877000 -0.360000 -0.205000 17 0
0.000000 -0.000000 -0.000000 0 0
0.000000 -0.000000 -0.000000 0 0
0.000000 -0.000000 -0.000000 0 0
0.000000 -0.000000 -0.000000 0 0
0.000000 -0.000000 -0.000000 0 0
0.000000 -0.000000 -0.000000 0 0
0.000000 -0.000000 -0.000000 0 0
0.000000 -0.000000 -0.000000 0 0
0.000000 -0.000000 -0.000000 0 0
0.000000 -0.000000 -0.000000 0 0
0.000000 -0.000000 -0.000000 0 0
0.000000 -0.000000 -0.000000 0 192
0.000000 -0.000000 -0.000000 0 0
0.000000 -0.000000 -0.000000 0 0
0.000000 -0.000000 -0.000000 0 0
-0.907000 -0.273000 -0.204000 16 64
-0.910000 -0.272000 -0.231000 12 0
0.000000 -0.000000 -0.000000 0 0
0.000000 -0.000000 -0.000000 0 0
-0.907000 -0.249000 -0.202000 17 64
-0.915000 -0.251000 -0.230000 12 0
-0.903000 -0.249000 -0.253000 12 0
-0.915000 -0.253000 -0.282000 19 0
-0.914000 -0.227000 -0.202000 16 64
-0.920000 -0.229000 -0.230000 12 0
-0.912000 -0.230000 -0.253000 13 0
-0.918000 -0.233000 -0.281000 19 0
-0.919000 -0.205000 -0.202000 16 64
-0.926000 -0.208000 -0.230000 12 0
-0.914000 -0.208000 -0.252000 12 0
-0.923000 -0.213000 -0.281000 19 0
-0.930000 -0.184000 -0.203000 16 64
-0.925000 -0.185000 -0.228000 12 0
-0.922000 -0.188000 -0.252000 13 0
-0.930000 -0.194000 -0.280000 19 0
-0.934000 -0.162000 -0.203000 16 64
-0.935000 -0.164000 -0.229000 12 0
-0.932000 -0.169000 -0.254000 12 0
-0.933000 -0.173000 -0.279000 20 0
-0.944000 -0.140000 -0.205000 16 64
-0.938000 -0.143000 -0.229000 12 0
-0.935000 -0.147000 -0.253000 12 0
-0.938000 -0.153000 -0.279000 19 0
-0.947000 -0.117000 -0.205000 16 64
-0.941000 -0.121000 -0.229000 12 0
-0.938000 -0.126000 -0.252000 12 0
-0.941000 -0.133000 -0.278000 19 0
-0.953000 -0.095000 -0.206000 16 64
-0.946000 -0.099000 -0.229000 12 0
-0.943000 -0.106000 -0.253000 12 0
-0.944000 -0.112000 -0.278000 19 0
-0.957000 -0.072000 -0.206000 16 64
-0.955000 -0.077000 -0.230000 12 0
-0.951000 -0.085000 -0.254000 13 0
-0.951000 -0.092000 -0.278000 20 0
-0.967000 -0.049000 -0.208000 17 64
-0.957000 -0.055000 -0.230000 12 0
-0.953000 -0.063000 -0.253000 13 0
-0.953000 -0.072000 -0.278000 20 0
-0.970000 -0.026000 -0.208000 17 64
-0.962000 -0.033000 -0.231000 12 0
-0.961000 -0.042000 -0.254000 13 0
-0.955000 -0.051000 -0.277000 20 0
-0.978000 -0.002000 -0.210000 17 64
-0.964000 -0.011000 -0.231000 12 0
-0.964000 -0.021000 -0.254000 13 0
-0.969000 -0.031000 -0.280000 21 0
-0.978000 0.020000 -0.210000 16 64
-0.966000 0.011000 -0.231000 12 0
-0.974000 -0.000000 -0.256000 13 0
-0.978000 -0.010000 -0.281000 21 0
-0.983000 0.044000 -0.211000 17 64
-0.992000 0.034000 -0.237000 13 0
-0.977000 0.022000 -0.257000 13 0
-0.982000 0.011000 -0.281000 21 0
-0.856000 -0.480000 -0.213000 21 0
-0.848000 -0.465000 -0.238000 16 0
-0.541000 -0.291000 -0.168000 7 16
-0.668000 -0.354000 -0.229000 5 0
-0.634000 -0.335000 -0.156000 4 2
-0.873000 -0.452000 -0.241000 13 0
-0.862000 -0.440000 -0.265000 14 2
-0.877000 -0.440000 -0.297000 21 0
-0.874000 -0.435000 -0.212000 20 0
-0.867000 -0.423000 -0.236000 12 0
-0.872000 -0.420000 -0.265000 12 0
-0.880000 -0.418000 -0.294000 21 0
-0.878000 -0.411000 -0.210000 20 0
-0.874000 -0.402000 -0.235000 12 0
-0.874000 -0.397000 -0.262000 12 0
-0.873000 -0.392000 -0.289000 20 0
-0.885000 -0.389000 -0.209000 16 64
-0.880000 -0.380000 -0.234000 12 0
-0.882000 -0.377000 -0.261000 12 0
-0.851000 -0.360000 -0.278000 16 0
-0.877000 -0.360000 -0.205000 17 0
0.000000 -0.000000 -0.000000 0 0
0.000000 -0.000000 -0.000000 0 0
0.000000 -0.000000 -0.000000 0 0
0.000000 -0.000000 -0.000000 0 0
0.000000 -0.000000 -0.000000 0 0
0.000000 -0.000000 -0.000000 0 0
0.000000 -0.000000 -0.000000 0 0
0.000000 -0.000000 -0.000000 0 0
0.000000 -0.000000 -0.000000 0 0
0.000000 -0.000000 -0.000000 0 0
0.000000 -0.000000 -0.000000 0 0
0.000000 -0.000000 -0.000000 0 192
0.000000 -0.000000 -0.000000 0 0
0.000000 -0.000000 -0.000000 0 0
0.000000 -0.000000 -0.000000 0 0
-0.907000 -0.273000 -0.204000 16 64
-0.910000 -0.272000 -0.231000 12 0
0.000000 -0.000000 -0.000000 0 0
0.000000 -0.000000 -0.000000 0 0
-0.907000 -0.249000 -0.202000 17 64
-0.915000 -0.251000 -0.230000 12 0
-0.903000 -0.249000 -0.253000 12 0
-0.915000 -0.253000 -0.282000 19 0
-0.914000 -0.227000 -0.202000 16 64
-0.920000 -0.229000 -0.230000 12 0
-0.912000 -0.230000 -0.253000 13 0
-0.918000 -0.233000 -0.281000 19 0
-0.919000 -0.205000 -0.202000 16 64
-0.926000 -0.208000 -0.230000 12 0
-0.914000 -0.208000 -0.252000 12 0
-0.923000 -0.213000 -0.281000 19 0
-0.930000 -0.184000 -0.203000 16 64
-0.925000 -0.185000 -0.228000 12 0
-0.922000 -0.188000 -0.252000 13 0
-0.930000 -0.194000 -0.280000 19 0
-0.934000 -0.162000 -0.203000 16 64
-0.935000 -0.164000 -0.229000 12 0
-0.932000 -0.169000 -0.254000 12 0
-0.933000 -0.173000 -0.279000 20 0
-0.944000 -0.140000 -0.205000 16 64
-0.938000 -0.143000 -0.229000 12 0
-0.935000 -0.147000 -0.253000 12 0
-0.938000 -0.153000 -0.279000 19 0
-0.947000 -0.117000 -0.205000 16 64
-0.941000 -0.121000 -0.229000 12 0
-0.938000 -0.126000 -0.252000 12 0
-0.941000 -0.133000 -0.278000 19 0
-0.953000 -0.095000 -0.206000 16 64
-0.946000 -0.099000 -0.229000 12 0
-0.943000 -0.106000 -0.253000 12 0
-0.944000 -0.112000 -0.278000 19 0
-0.957000 -0.072000 -0.206000 16 64
-0.955000 -0.077000 -0.230000 12 0
-0.951000 -0.085000 -0.254000 13 0
-0.951000 -0.092000 -0.278000 20 0
-0.967000 -0.049000 -0.208000 17 64
-0.957000 -0.055000 -0.230000 12 0
-0.953000 -0.063000 -0.253000 13 0
-0.953000 -0.072000 -0.278000 20 0
-0.970000 -0.026000 -0.208000 17 64
-0.962000 -0.033000 -0.231000 12 0
-0.961000 -0.042000 -0.254000 13 0
-0.955000 -0.051000 -0.277000 20 0
-0.978000 -0.002000 -0.210000 17 64
-0.964000 -0.011000 -0.231000 12 0
-0.964000 -0.021000 -0.254000 13 0
-0.969000 -0.031000 -0.280000 21 0
-0.978000 0.020000 -0.210000 16 64
-0.966000 0.011000 -0.231000 12 0
-0.974000 -0.000000 -0.256000 13 0
-0.978000 -0.010000 -0.281000 21 0
-0.983000 0.044000 -0.211000 17 64
-0.992000 0.034000 -0.237000 13 0
-0.977000 0.022000 -0.257000 13 0
-0.982000 0.011000 -0.281000 21 0
-0.985000 0.068000 -0.212000 17 64
-0.993000 0.058000 -0.238000 13 0
-0.977000 0.044000 -0.256000 13 0
-0.993000 0.032000 -0.284000 21 0
-0.990000 0.092000 -0.214000 16 64
-1.000000 0.081000 -0.239000 13 0
-0.979000 0.067000 -0.257000 13 0
-0.997000 0.054000 -0.284000 21 0
-1.008000 0.118000 -0.219000 18 64
-1.009000 0.106000 -0.242000 14 0
-0.986000 0.089000 -0.258000 13 0
-1.000000 0.076000 -0.284000 22 0
-1.018000 0.144000 -0.221000 18 64
-1.011000 0.130000 -0.243000 14 0
-0.990000 0.112000 -0.259000 15 0
-1.004000 0.099000 -0.285000 22 0
-1.021000 0.170000 -0.223000 18 64
-1.016000 0.155000 -0.245000 14 0
-0.993000 0.135000 -0.260000 12 0
-1.008000 0.121000 -0.286000 22 0
-0.992000 0.189000 -0.218000 1 64
-1.021000 0.180000 -0.246000 14 0
-1.017000 0.162000 -0.267000 14 0
-1.014000 0.144000 -0.287000 23 0
-1.000000 0.216000 -0.221000 1 64
-1.007000 0.202000 -0.244000 2 0
-1.003000 0.183000 -0.263000 9 0
-1.019000 0.168000 -0.288000 23 0
-1.060000 0.256000 -0.236000 1 64
-1.016000 0.228000 -0.247000 2 0
-1.009000 0.208000 -0.265000 2 0
-1.012000 0.190000 -0.286000 8 0
-1.101000 0.294000 -0.247000 1 64
-1.095000 0.273000 -0.268000 2 0
-1.003000 0.230000 -0.264000 2 0
-1.008000 0.212000 -0.285000 2 0
-1.104000 0.323000 -0.249000 1 64
-1.107000 0.303000 -0.272000 2 0
-1.066000 0.270000 -0.282000 1 1
-1.018000 0.237000 -0.288000 2 0
-1.112000 0.354000 -0.253000 1 64
-1.120000 0.335000 -0.277000 2 0
-1.101000 0.306000 -0.292000 1 0
-1.102000 0.283000 -0.313000 1 0
-1.121000 0.386000 -0.258000 1 64
-1.125000 0.365000 -0.280000 2 0
-1.097000 0.331000 -0.292000 1 0
-1.116000 0.312000 -0.317000 2 0
-1.133000 0.421000 -0.263000 1 64
-1.134000 0.397000 -0.284000 2 0
-1.062000 0.347000 -0.284000 0 0
-1.116000 0.339000 -0.317000 2 0
-1.135000 0.453000 -0.266000 1 64
-1.138000 0.428000 -0.287000 2 0
-1.099000 0.387000 -0.295000 1 0
-1.121000 0.367000 -0.320000 2 0
-1.144000 0.488000 -0.271000 1 64
-1.147000 0.462000 -0.292000 2 0
-1.140000 0.431000 -0.308000 2 0
-1.131000 0.398000 -0.323000 2 0
-1.152000 0.524000 -0.277000 1 64
-1.154000 0.497000 -0.296000 2 0
-1.145000 0.462000 -0.311000 2 0
-1.133000 0.427000 -0.325000 2 0
-1.163000 0.563000 -0.283000 1 0
-1.155000 0.529000 -0.299000 2 0
-1.153000 0.496000 -0.315000 2 0
-1.143000 0.460000 -0.329000 2 0
-1.166000 0.599000 -0.287000 1 0
-1.163000 0.566000 -0.304000 2 0
-1.158000 0.530000 -0.319000 2 0
-1.152000 0.493000 -0.333000 2 0
-1.187000 0.646000 -0.297000 1 0
-1.180000 0.608000 -0.313000 2 0
-1.166000 0.566000 -0.324000 2 0
-1.157000 0.526000 -0.336000 2 0
-1.192000 0.686000 -0.302000 1 0
-1.180000 0.643000 -0.316000 1 0
-1.179000 0.606000 -0.330000 1 0
-1.166000 0.562000 -0.340000 2 0
-1.203000 0.731000 -0.310000 1 0
-1.197000 0.689000 -0.324000 1 0
-1.187000 0.644000 -0.335000 1 0
-1.171000 0.596000 -0.344000 2 0
-1.210000 0.775000 -0.317000 9 0
-1.205000 0.731000 -0.331000 2 0
-1.194000 0.683000 -0.340000 1 0
-1.188000 0.639000 -0.351000 1 0
-1.227000 0.827000 -0.327000 1 0
-1.216000 0.777000 -0.338000 1 0
-1.200000 0.723000 -0.345000 1 0
-1.196000 0.677000 -0.356000 1 0
-1.227000 0.870000 -0.333000 9 0
-1.218000 0.818000 -0.344000 8 0
-1.214000 0.769000 -0.353000 2 0
-1.195000 0.713000 -0.358000 8 0
-0.985000 0.068000 -0.212000 17 64
-0.993000 0.058000 -0.238000 13 0
-0.977000 0.044000 -0.256000 13 0
-0.993000 0.032000 -0.284000 21 0
-0.990000 0.092000 -0.214000 16 64
-1.000000 0.081000 -0.239000 13 0
-0.979000 0.067000 -0.257000 13 0
-0.997000 0.054000 -0.284000 21 0
-1.008000 0.118000 -0.219000 18 64
-1.009000 0.106000 -0.242000 14 0
-0.986000 0.089000 -0.258000 13 0
-1.000000 0.076000 -0.284000 22 0
-1.018000 0.144000 -0.221000 18 64
-1.011000 0.130000 -0.243000 14 0
-0.990000 0.112000 -0.259000 15 0
-1.004000 0.099000 -0.285000 22 0
-1.021000 0.170000 -0.223000 18 64
-1.016000 0.155000 -0.245000 14 0
-0.993000 0.135000 -0.260000 12 0
-1.008000 0.121000 -0.286000 22 0
-0.992000 0.189000 -0.218000 1 64
-1.021000 0.180000 -0.246000 14 0
-1.017000 0.162000 -0.267000 14 0
-1.014000 0.144000 -0.287000 23 0
-1.000000 0.216000 -0.221000 1 64
-1.007000 0.202000 -0.244000 2 0
-1.003000 0.183000 -0.263000 9 0
-1.019000 0.168000 -0.288000 23 0
-1.060000 0.256000 -0.236000 1 64
-1.016000 0.228000 -0.247000 2 0
-1.009000 0.208000 -0.265000 2 0
-1.012000 0.190000 -0.286000 8 0
-1.101000 0.294000 -0.247000 1 64
-1.095000 0.273000 -0.268000 2 0
-1.003000 0.230000 -0.264000 2 0
-1.008000 0.212000 -0.285000 2 0
-1.104000 0.323000 -0.249000 1 64
-1.107000 0.303000 -0.272000 2 0
-1.066000 0.270000 -0.282000 1 1
-1.018000 0.237000 -0.288000 2 0
-1.112000 0.354000 -0.253000 1 64
-1.120000 0.335000 -0.277000 2 0
-1.101000 0.306000 -0.292000 1 0
-1.102000 0.283000 -0.313000 1 0
-1.121000 0.386000 -0.258000 1 64
-1.125000 0.365000 -0.280000 2 0
-1.097000 0.331000 -0.292000 1 0
-1.116000 0.312000 -0.317000 2 0
-1.133000 0.421000 -0.263000 1 64
-1.134000 0.397000 -0.284000 2 0
-1.062000 0.347000 -0.284000 0 0
-1.116000 0.339000 -0.317000 2 0
-1.135000 0.453000 -0.266000 1 64
-1.138000 0.428000 -0.287000 2 0
-1.099000 0.387000 -0.295000 1 0
-1.121000 0.367000 -0.320000 2 0
-1.144000 0.488000 -0.271000 1 64
-1.147000 0.462000 -0.292000 2 0
-1.140000 0.431000 -0.308000 2 0
-1.131000 0.398000 -0.323000 2 0
-1.152000 0.524000 -0.277000 1 64
-1.154000 0.497000 -0.296000 2 0
-1.145000 0.462000 -0.311000 2 0
-1.133000 0.427000 -0.325000 2 0
-1.163000 0.563000 -0.283000 1 0
-1.155000 0.529000 -0.299000 2 0
-1.153000 0.496000 -0.315000 2 0
-1.143000 0.460000 -0.329000 2 0
-1.166000 0.599000 -0.287000 1 0
-1.163000 0.566000 -0.304000 2 0
-1.158000 0.530000 -0.319000 2 0
-1.152000 0.493000 -0.333000 2 0
-1.187000 0.646000 -0.297000 1 0
-1.180000 0.608000 -0.313000 2 0
-1.166000 0.566000 -0.324000 2 0
-1.157000 0.526000 -0.336000 2 0
-1.192000 0.686000 -0.302000 1 0
-1.180000 0.643000 -0.316000 1 0
-1.179000 0.606000 -0.330000 1 0
-1.166000 0.562000 -0.340000 2 0
-1.203000 0.731000 -0.310000 1 0
-1.197000 0.689000 -0.324000 1 0
-1.187000 0.644000 -0.335000 1 0
-1.171000 0.596000 -0.344000 2 0
-1.210000 0.775000 -0.317000 9 0
-1.205000 0.731000 -0.331000 2 0
-1.194000 0.683000 -0.340000 1 0
-1.188000 0.639000 -0.351000 1 0
-1.227000 0.827000 -0.327000 1 0
-1.216000 0.777000 -0.338000 1 0
-1.200000 0.723000 -0.345000 1 0
-1.196000 0.677000 -0.356000 1 0
-1.227000 0.870000 -0.333000 9 0
-1.218000 0.818000 -0.344000 8 0
-1.214000 0.769000 -0.353000 2 0
-1.195000 0.713000 -0.358000 8 0
-1.251000 0.932000 -0.346000 1 0
-1.240000 0.876000 -0.355000 1 0
-1.226000 0.816000 -0.361000 1 0
-1.209000 0.758000 -0.366000 1 0
-1.243000 0.972000 -0.350000 9 0
-1.236000 0.916000 -0.360000 7 0
-1.229000 0.859000 -0.366000 8 0
-1.214000 0.799000 -0.370000 8 0
-1.201000 0.986000 -0.346000 11 0
-1.259000 0.979000 -0.373000 1 0
-1.252000 0.918000 -0.378000 1 0
-1.234000 0.852000 -0.380000 1 0
-1.190000 1.024000 -0.350000 1 0
-1.208000 0.985000 -0.364000 9 0
-1.242000 0.955000 -0.380000 8 0
-1.234000 0.893000 -0.384000 8 0
-1.215000 1.097000 -0.366000 58 0
-1.188000 1.016000 -0.365000 1 0
-1.238000 0.998000 -0.384000 1 0
-1.255000 0.952000 -0.394000 1 0
-1.229000 1.162000 -0.379000 58 0
-1.213000 1.086000 -0.380000 44 1
-1.184000 0.999000 -0.373000 9 0
-1.231000 0.977000 -0.391000 10 0
-1.247000 1.237000 -0.394000 48 0
-1.225000 1.148000 -0.391000 55 0
-1.230000 1.087000 -0.394000 6 0
-1.191000 0.990000 -0.383000 10 0
-1.270000 1.319000 -0.411000 46 0
-1.248000 1.225000 -0.407000 51 0
-1.223000 1.131000 -0.398000 61 0
-1.190000 1.035000 -0.388000 0 0
-1.285000 1.398000 -0.427000 50 0
-1.262000 1.297000 -0.421000 48 0
-1.236000 1.196000 -0.410000 51 0
-1.217000 1.107000 -0.402000 57 0
-1.305000 1.489000 -0.446000 48 0
-1.280000 1.378000 -0.437000 47 0
-1.256000 1.272000 -0.424000 47 0
-1.233000 1.174000 -0.414000 48 0
-1.331000 1.592000 -0.469000 49 0
-1.298000 1.464000 -0.454000 46 0
-1.272000 1.348000 -0.438000 51 0
-1.253000 1.248000 -0.427000 54 0
-1.917000 2.405000 -0.696000 82 0
-1.327000 1.567000 -0.476000 48 0
-1.297000 1.439000 -0.457000 44 0
-1.272000 1.324000 -0.440000 48 0
-1.844000 2.426000 -0.691000 84 0
-1.329000 1.645000 -0.490000 4 0
-1.317000 1.530000 -0.474000 48 0
-1.288000 1.403000 -0.454000 50 0
-1.768000 2.441000 -0.685000 83 0
-1.866000 2.421000 -0.707000 72 0
-1.332000 1.621000 -0.491000 11 0
-1.309000 1.492000 -0.470000 48 0
-1.693000 2.456000 -0.679000 83 0
-1.793000 2.440000 -0.700000 77 0
-1.895000 2.415000 -0.716000 72 0
-1.334000 1.592000 -0.488000 54 0
-1.624000 2.477000 -0.675000 81 0
-1.718000 2.455000 -0.692000 74 0
-1.817000 2.428000 -0.704000 78 0
-1.920000 2.399000 -0.718000 111 0
-1.555000 2.497000 -0.672000 90 0
-1.648000 2.473000 -0.685000 75 0
-1.743000 2.444000 -0.694000 82 0
-1.852000 2.424000 -0.708000 79 0
-1.481000 2.504000 -0.666000 78 0
-1.576000 2.488000 -0.678000 75 0
-1.673000 2.463000 -0.686000 75 0
-1.774000 2.435000 -0.695000 72 0
-1.417000 2.527000 -0.664000 79 0
-1.507000 2.503000 -0.673000 78 0
-1.602000 2.479000 -0.677000 83 0
-1.706000 2.456000 -0.685000 82 0
-1.349000 2.542000 -0.661000 80 0
-1.440000 2.520000 -0.667000 83 0
-1.538000 2.502000 -0.671000 82 0
-1.638000 2.477000 -0.675000 81 0
-1.283000 2.559000 -0.658000 74 0
-1.372000 2.535000 -0.662000 76 0
-1.467000 2.513000 -0.663000 78 0
-1.564000 2.486000 -0.664000 81 0
-1.219000 2.577000 -0.657000 84 0
-1.307000 2.554000 -0.658000 75 0
-1.400000 2.530000 -0.656000 77 0
-1.501000 2.510000 -0.656000 83 0
-1.154000 2.591000 -0.655000 87 0
-1.241000 2.567000 -0.653000 73 0
-1.336000 2.551000 -0.650000 72 0
-1.432000 2.525000 -0.647000 79 0
-1.086000 2.596000 -0.651000 93 0
-1.177000 2.585000 -0.650000 76 0
-1.268000 2.560000 -0.643000 76 0
-1.363000 2.536000 -0.637000 79 0
-1.251000 0.932000 -0.346000 1 0
-1.240000 0.876000 -0.355000 1 0
-1.226000 0.816000 -0.361000 1 0
-1.209000 0.758000 -0.366000 1 0
-1.243000 0.972000 -0.350000 9 0
-1.236000 0.916000 -0.360000 7 0
-1.229000 0.859000 -0.366000 8 0
-1.214000 0.799000 -0.370000 8 0
-1.201000 0.986000 -0.346000 11 0
-1.259000 0.979000 -0.373000 1 0
-1.252000 0.918000 -0.378000 1 0
-1.234000 0.852000 -0.380000 1 0
-1.190000 1.024000 -0.350000 1 0
-1.208000 0.985000 -0.364000 9 0
-1.242000 0.955000 -0.380000 8 0
-1.234000 0.893000 -0.384000 8 0
-1.215000 1.097000 -0.366000 58 0
-1.188000 1.016000 -0.365000 1 0
-1.238000 0.998000 -0.384000 1 0
-1.255000 0.952000 -0.394000 1 0
-1.229000 1.162000 -0.379000 58 0
-1.213000 1.086000 -0.380000 44 1
-1.184000 0.999000 -0.373000 9 0
-1.231000 0.977000 -0.391000 10 0
-1.247000 1.237000 -0.394000 48 0
-1.225000 1.148000 -0.391000 55 0
-1.230000 1.087000 -0.394000 6 0
-1.191000 0.990000 -0.383000 10 0
-1.270000 1.319000 -0.411000 46 0
-1.248000 1.225000 -0.407000 51 0
-1.223000 1.131000 -0.398000 61 0
-1.190000 1.035000 -0.388000 0 0
-1.285000 1.398000 -0.427000 50 0
-1.262000 1.297000 -0.421000 48 0
-1.236000 1.196000 -0.410000 51 0
-1.217000 1.107000 -0.402000 57 0
-1.305000 1.489000 -0.446000 48 0
-1.280000 1.378000 -0.437000 47 0
-1.256000 1.272000 -0.424000 47 0
-1.233000 1.174000 -0.414000 48 0
-1.331000 1.592000 -0.469000 49 0
-1.298000 1.464000 -0.454000 46 0
-1.272000 1.348000 -0.438000 51 0
-1.253000 1.248000 -0.427000 54 0
-1.917000 2.405000 -0.696000 82 0
-1.327000 1.567000 -0.476000 48 0
-1.297000 1.439000 -0.457000 44 0
-1.272000 1.324000 -0.440000 48 0
-1.844000 2.426000 -0.691000 84 0
-1.329000 1.645000 -0.490000 4 0
-1.317000 1.530000 -0.474000 48 0
-1.288000 1.403000 -0.454000 50 0
-1.768000 2.441000 -0.685000 83 0
-1.866000 2.421000 -0.707000 72 0
-1.332000 1.621000 -0.491000 11 0
-1.309000 1.492000 -0.470000 48 0
-1.693000 2.456000 -0.679000 83 0
-1.793000 2.440000 -0.700000 77 0
-1.895000 2.415000 -0.716000 72 0
-1.334000 1.592000 -0.488000 54 0
-1.624000 2.477000 -0.675000 81 0
-1.718000 2.455000 -0.692000 74 0
-1.817000 2.428000 -0.704000 78 0
-1.920000 2.399000 -0.718000 111 0
-1.555000 2.497000 -0.672000 90 0
-1.648000 2.473000 -0.685000 75 0
-1.743000 2.444000 -0.694000 82 0
-1.852000 2.424000 -0.708000 79 0
-1.481000 2.504000 -0.666000 78 0
-1.576000 2.488000 -0.678000 75 0
-1.673000 2.463000 -0.686000 75 0
-1.774000 2.435000 -0.695000 72 0
-1.417000 2.527000 -0.664000 79 0
-1.507000 2.503000 -0.673000 78 0
-1.602000 2.479000 -0.677000 83 0
-1.706000 2.456000 -0.685000 82 0
-1.349000 2.542000 -0.661000 80 0
-1.440000 2.520000 -0.667000 83 0
-1.538000 2.502000 -0.671000 82 0
-1.638000 2.477000 -0.675000 81 0
-1.283000 2.559000 -0.658000 74 0
-1.372000 2.535000 -0.662000 76 0
-1.467000 2.513000 -0.663000 78 0
-1.564000 2.486000 -0.664000 81 0
-1.219000 2.577000 -0.657000 84 0
-1.307000 2.554000 -0.658000 75 0
-1.400000 2.530000 -0.656000 77 0
-1.501000 2.510000 -0.656000 83 0
-1.154000 2.591000 -0.655000 87 0
-1.241000 2.567000 -0.653000 73 0
-1.336000 2.551000 -0.650000 72 0
-1.432000 2.525000 -0.647000 79 0
-1.086000 2.596000 -0.651000 93 0
-1.177000 2.585000 -0.650000 76 0
-1.268000 2.560000 -0.643000 76 0
-1.363000 2.536000 -0.637000 79 0
-1.024000 2.617000 -0.651000 98 0
-1.108000 2.588000 -0.644000 95 0
-1.204000 2.580000 -0.637000 80 0
-1.300000 2.558000 -0.630000 81 0
-0.985000 2.698000 -0.666000 156 0
-1.045000 2.605000 -0.641000 83 0
-1.136000 2.586000 -0.630000 93 0
-1.235000 2.573000 -0.622000 72 0
-1.087000 3.204000 -0.786000 27 0
-0.985000 2.629000 -0.640000 89 0
-1.072000 2.601000 -0.625000 82 0
-1.163000 2.574000 -0.611000 96 0
-1.393000 4.433000 -1.082000 0 0
-1.117000 3.200000 -0.772000 94 0
-1.009000 2.617000 -0.620000 81 0
-1.102000 2.595000 -0.606000 93 0
0.000000 -0.000000 -0.000000 0 0
-1.656000 5.116000 -1.223000 3 0
-0.997000 2.773000 -0.649000 159 1
-1.039000 2.611000 -0.599000 89 0
-1.180000 4.458000 -1.077000 8 0
-1.318000 4.413000 -1.047000 2 0
-1.409000 4.220000 -0.976000 5 0
-0.990000 2.665000 -0.602000 150 0
-1.208000 5.021000 -1.208000 11 0
-1.222000 4.461000 -1.050000 8 0
-1.551000 5.026000 -1.149000 39 0
-1.107000 3.205000 -0.712000 36 0
-1.089000 5.024000 -1.204000 12 0
-1.295000 5.190000 -1.212000 13 0
-1.490000 5.254000 -1.188000 37 0
-1.430000 4.470000 -0.979000 15 0
-0.849000 4.397000 -1.050000 79 0
-1.174000 5.207000 -1.208000 12 0
-1.367000 5.278000 -1.181000 74 0
-1.517000 5.154000 -1.113000 29 0
-0.751000 4.426000 -1.054000 80 0
-0.884000 4.389000 -1.012000 58 0
-1.245000 5.307000 -1.176000 74 0
-1.422000 5.277000 -1.123000 50 0
-0.652000 4.456000 -1.059000 63 0
-0.785000 4.408000 -1.010000 76 0
-0.925000 4.396000 -0.964000 32 0
-1.297000 5.294000 -1.112000 44 0
-0.553000 4.486000 -1.064000 68 0
-0.687000 4.450000 -1.014000 75 0
-0.822000 4.403000 -0.957000 72 0
-1.173000 5.322000 -1.103000 53 0
-0.362000 3.599000 -0.853000 7 0
-0.587000 4.472000 -1.015000 77 0
-0.722000 4.436000 -0.956000 75 0
-0.861000 4.388000 -0.898000 78 0
-0.267000 3.437000 -0.813000 35 0
-0.487000 4.499000 -1.017000 98 0
-0.622000 4.465000 -0.955000 77 0
-0.761000 4.422000 -0.895000 75 0
0.000000 -0.000000 -0.000000 0 0
-0.302000 3.553000 -0.799000 15 0
-0.521000 4.499000 -0.955000 76 0
-0.660000 4.453000 -0.891000 74 0
0.000000 -0.000000 -0.000000 0 0
-0.213000 3.416000 -0.766000 12 0
-0.419000 4.523000 -0.954000 105 0
-0.558000 4.487000 -0.888000 74 0
0.000000 -0.000000 -0.000000 0 192
0.000000 -0.000000 -0.000000 0 0
-0.237000 3.408000 -0.714000 30 0
-0.456000 4.518000 -0.885000 76 0
0.000000 -0.000000 -0.000000 0 192
0.000000 -0.000000 -0.000000 0 192
0.000000 -0.000000 -0.000000 0 0
-0.264000 3.412000 -0.661000 28 0
0.000000 -0.000000 -0.000000 0 192
0.000000 -0.000000 -0.000000 0 192
0.000000 -0.000000 -0.000000 0 192
0.000000 -0.000000 -0.000000 0 0
0.000000 -0.000000 -0.000000 0 192
0.000000 -0.000000 -0.000000 0 192
0.000000 -0.000000 -0.000000 0 192
0.000000 -0.000000 -0.000000 0 192
0.000000 -0.000000 -0.000000 0 192
0.000000 -0.000000 -0.000000 0 192
0.000000 -0.000000 -0.000000 0 192
0.000000 -0.000000 -0.000000 0 192
0.165000 1.616000 -0.386000 2 0
0.000000 -0.000000 -0.000000 0 192
0.000000 -0.000000 -0.000000 0 192
0.000000 -0.000000 -0.000000 0 192
0.199000 1.592000 -0.382000 15 0
0.000000 -0.000000 -0.000000 0 192
0.000000 -0.000000 -0.000000 0 192
0.000000 -0.000000 -0.000000 0 192
0.227000 1.537000 -0.370000 55 0
0.192000 1.606000 -0.357000 0 64
0.000000 -0.000000 -0.000000 0 192
0.000000 -0.000000 -0.000000 0 192
-1.024000 2.617000 -0.651000 98 0
-1.108000 2.588000 -0.644000 95 0
-1.204000 2.580000 -0.637000 80 0
-1.300000 2.558000 -0.630000 81 0
-0.985000 2.698000 -0.666000 156 0
-1.045000 2.605000 -0.641000 83 0
-1.136000 2.586000 -0.630000 93 0
-1.235000 2.573000 -0.622000 72 0
-1.087000 3.204000 -0.786000 27 0
-0.985000 2.629000 -0.640000 89 0
-1.072000 2.601000 -0.625000 82 0
-1.163000 2.574000 -0.611000 96 0
-1.393000 4.433000 -1.082000 0 0
-1.117000 3.200000 -0.772000 94 0
-1.009000 2.617000 -0.620000 81 0
-1.102000 2.595000 -0.606000 93 0
0.000000 -0.000000 -0.000000 0 0
-1.656000 5.116000 -1.223000 3 0
-0.997000 2.773000 -0.649000 159 1
-1.039000 2.611000 -0.599000 89 0
-1.180000 4.458000 -1.077000 8 0
-1.318000 4.413000 -1.047000 2 0
-1.409000 4.220000 -0.976000 5 0
-0.990000 2.665000 -0.602000 150 0
-1.208000 5.021000 -1.208000 11 0
-1.222000 4.461000 -1.050000 8 0
-1.551000 5.026000 -1.149000 39 0
-1.107000 3.205000 -0.712000 36 0
-1.089000 5.024000 -1.204000 12 0
-1.295000 5.190000 -1.212000 13 0
-1.490000 5.254000 -1.188000 37 0
-1.430000 4.470000 -0.979000 15 0
-0.849000 4.397000 -1.050000 79 0
-1.174000 5.207000 -1