# x y z reflectivity tag
0.000000 -0.000000 -0.000000 0 0
0.000000 -0.000000 -0.000000 0 0
0.000000 -0.000000 -0.000000 0 0
0.000000 -0.000000 -0.000000 0 0
0.000000 -0.000000 -0.000000 0 0
0.000000 -0.000000 -0.000000 0 0
0.000000 -0.000000 -0.000000 0 0
0.000000 -0.000000 -0.000000 0 0
0.000000 -0.000000 -0.000000 0 0
0.000000 -0.000000 -0.000000 0 0
0.000000 -0.000000 -0.000000 0 0
0.000000 -0.000000 -0.000000 0 0
0.000000 -0.000000 -0.000000 0 0
0.000000 -0.000000 -0.000000 0 0
0.000000 -0.000000 -0.000000 0 0
0.000000 -0.000000 -0.000000 0 0
0.000000 -0.000000 -0.000000 0 0
0.000000 -0.000000 -0.000000 0 0
0.000000 -0.000000 -0.000000 0 0
0.000000 -0.000000 -0.000000 0 0
0.000000 -0.000000 -0.000000 0 0
0.000000 -0.000000 -0.000000 0 0
0.000000 -0.000000 -0.000000 0 0
0.000000 -0.000000 -0.000000 0 0
0.000000 -0.000000 -0.000000 0 0
0.000000 -0.000000 -0.000000 0 0
0.000000 -0.000000 -0.000000 0 0
0.000000 -0.000000 -0.000000 0 0
0.000000 -0.000000 -0.000000 0 0
0.000000 -0.000000 -0.000000 0 0
0.000000 -0.000000 -0.000000 0 0
0.000000 -0.000000 -0.000000 0 0
0.000000 -0.000000 -0.000000 0 0
0.000000 -0.000000 -0.000000 0 0
0.000000 -0.000000 -0.000000 0 0
0.000000 -0.000000 -0.000000 0 0
0.000000 -0.000000 -0.000000 0 0
0.000000 -0.000000 -0.000000 0 0
0.000000 -0.000000 -0.000000 0 0
0.000000 -0.000000 -0.000000 0 0
0.000000 -0.000000 -0.000000 0 0
-1.253000 0.921000 0.120000 8 0
-1.252000 0.902000 0.076000 10 0
-1.243000 0.879000 0.033000 10 0
-1.237000 0.973000 0.167000 9 0
0.000000 -0.000000 -0.000000 0 0
0.000000 -0.000000 -0.000000 0 0
0.000000 -0.000000 -0.000000 0 0
0.000000 -0.000000 -0.000000 0 0
-1.210000 0.980000 0.119000 12 0
-1.227000 0.972000 0.077000 12 0
-1.252000 0.972000 0.036000 13 0
-1.225000 1.062000 0.169000 29 0
0.000000 -0.000000 -0.000000 0 0
0.000000 -0.000000 -0.000000 0 0
0.000000 -0.000000 -0.000000 0 0
0.000000 -0.000000 -0.000000 0 0
-1.235000 1.100000 0.125000 60 0
-1.218000 1.061000 0.081000 42 0
-1.195000 1.018000 0.038000 8 0
-1.263000 1.205000 0.179000 64 0
0.000000 -0.000000 -0.000000 0 0
0.000000 -0.000000 -0.000000 0 0
0.000000 -0.000000 -0.000000 0 0
-1.280000 1.282000 0.184000 58 0
-1.268000 1.240000 0.133000 60 0
-1.256000 1.199000 0.088000 65 0
-1.249000 1.165000 0.045000 72 0
-1.303000 1.368000 0.191000 59 0
-1.291000 1.324000 0.138000 63 0
-1.274000 1.273000 0.091000 64 0
-1.261000 1.231000 0.048000 62 0
-1.329000 1.464000 0.198000 53 0
-1.312000 1.410000 0.143000 58 0
-1.298000 1.359000 0.096000 56 0
-1.284000 1.311000 0.051000 56 0
-1.354000 1.565000 0.205000 56 0
-1.336000 1.504000 0.149000 58 0
-1.322000 1.449000 0.101000 54 0
-1.305000 1.395000 0.055000 62 0
-5.233000 6.345000 0.808000 103 0
-1.365000 1.612000 0.156000 48 0
-1.347000 1.546000 0.106000 58 0
-1.328000 1.485000 0.059000 59 0
-5.029000 6.405000 0.792000 117 0
-5.143000 6.367000 0.602000 112 0
-5.274000 6.344000 0.430000 89 0
-1.354000 1.584000 0.064000 56 0
-4.826000 6.455000 0.776000 116 0
-4.941000 6.420000 0.593000 114 0
-5.067000 6.388000 0.428000 120 0
-5.193000 6.363000 0.260000 104 0
-4.624000 6.499000 0.759000 119 0
-4.742000 6.468000 0.585000 120 0
-4.870000 6.441000 0.426000 123 0
-4.995000 6.411000 0.265000 110 0
0.000000 -0.000000 -0.000000 0 0
0.000000 -0.000000 -0.000000 0 0
0.000000 -0.000000 -0.000000 0 0
0.000000 -0.000000 -0.000000 0 0
0.000000 -0.000000 -0.000000 0 0
0.000000 -0.000000 -0.000000 0 0
0.000000 -0.000000 -0.000000 0 0
0.000000 -0.000000 -0.000000 0 0
0.000000 -0.000000 -0.000000 0 0
0.000000 -0.000000 -0.000000 0 0
0.000000 -0.000000 -0.000000 0 0
0.000000 -0.000000 -0.000000 0 0
0.000000 -0.000000 -0.000000 0 0
0.000000 -0.000000 -0.000000 0 0
0.000000 -0.000000 -0.000000 0 0
0.000000 -0.000000 -0.000000 0 0
0.000000 -0.000000 -0.000000 0 0
0.000000 -0.000000 -0.000000 0 0
0.000000 -0.000000 -0.000000 0 0
0.000000 -0.000000 -0.000000 0 0
0.000000 -0.000000 -0.000000 0 0
0.000000 -0.000000 -0.000000 0 0
0.000000 -0.000000 -0.000000 0 0
0.000000 -0.000000 -0.000000 0 0
0.000000 -0.000000 -0.000000 0 0
0.000000 -0.000000 -0.000000 0 0
0.000000 -0.000000 -0.000000 0 0
0.000000 -0.000000 -0.000000 0 0
0.000000 -0.000000 -0.000000 0 0
0.000000 -0.000000 -0.000000 0 0
0.000000 -0.000000 -0.000000 0 0
0.000000 -0.000000 -0.000000 0 0
0.000000 -0.000000 -0.000000 0 0
0.000000 -0.000000 -0.000000 0 0
0.000000 -0.000000 -0.000000 0 0
0.000000 -0.000000 -0.000000 0 0
0.000000 -0.000000 -0.000000 0 0
0.000000 -0.000000 -0.000000 0 0
0.000000 -0.000000 -0.000000 0 0
0.000000 -0.000000 -0.000000 0 0
0.000000 -0.000000 -0.000000 0 0
-1.253000 0.921000 0.120000 8 0
-1.252000 0.902000 0.076000 10 0
-1.243000 0.879000 0.033000 10 0
-1.237000 0.973000 0.167000 9 0
0.000000 -0.000000 -0.000000 0 0
0.000000 -0.000000 -0.000000 0 0
0.000000 -0.000000 -0.000000 0 0
0.000000 -0.000000 -0.000000 0 0
-1.210000 0.980000 0.119000 12 0
-1.227000 0.972000 0.077000 12 0
-1.252000 0.972000 0.036000 13 0
-1.225000 1.062000 0.169000 29 0
0.000000 -0.000000 -0.000000 0 0
0.000000 -0.000000 -0.000000 0 0
0.000000 -0.000000 -0.000000 0 0
0.000000 -0.000000 -0.000000 0 0
-1.235000 1.100000 0.125000 60 0
-1.218000 1.061000 0.081000 42 0
-1.195000 1.018000 0.038000 8 0
-1.263000 1.205000 0.179000 64 0
0.000000 -0.000000 -0.000000 0 0
0.000000 -0.000000 -0.000000 0 0
0.000000 -0.000000 -0.000000 0 0
-1.280000 1.282000 0.184000 58 0
-1.268000 1.240000 0.133000 60 0
-1.256000 1.199000 0.088000 65 0
-1.249000 1.165000 0.045000 72 0
-1.303000 1.368000 0.191000 59 0
-1.291000 1.324000 0.138000 63 0
-1.274000 1.273000 0.091000 64 0
-1.261000 1.231000 0.048000 62 0
-1.329000 1.464000 0.198000 53 0
-1.312000 1.410000 0.143000 58 0
-1.298000 1.359000 0.096000 56 0
-1.284000 1.311000 0.051000 56 0
-1.354000 1.565000 0.205000 56 0
-1.336000 1.504000 0.149000 58 0
-1.322000 1.449000 0.101000 54 0
-1.305000 1.395000 0.055000 62 0
-5.233000 6.345000 0.808000 103 0
-1.365000 1.612000 0.156000 48 0
-1.347000 1.546000 0.106000 58 0
-1.328000 1.485000 0.059000 59 0
-5.029000 6.405000 0.792000 117 0
-5.143000 6.367000 0.602000 112 0
-5.274000 6.344000 0.430000 89 0
-1.354000 1.584000 0.064000 56 0
-4.826000 6.455000 0.776000 116 0
-4.941000 6.420000 0.593000 114 0
-5.067000 6.388000 0.428000 120 0
-5.193000 6.363000 0.260000 104 0
-4.624000 6.499000 0.759000 119 0
-4.742000 6.468000 0.585000 120 0
-4.870000 6.441000 0.426000 123 0
-4.995000 6.411000 0.265000 110 0
-4.427000 6.547000 0.744000 119 0
-4.550000 6.518000 0.577000 121 0
-4.675000 6.487000 0.425000 121 0
-4.799000 6.454000 0.271000 117 0
-4.238000 6.600000 0.731000 119 0
-4.358000 6.563000 0.569000 124 0
-4.485000 6.533000 0.424000 120 0
-4.608000 6.503000 0.276000 112 0
-4.039000 6.628000 0.715000 122 0
-4.169000 6.611000 0.562000 130 0
-4.298000 6.579000 0.423000 120 0
-4.424000 6.552000 0.282000 113 0
-3.855000 6.680000 0.702000 125 0
-3.986000 6.659000 0.556000 126 0
-4.105000 6.614000 0.422000 119 0
-4.237000 6.595000 0.288000 126 0
-3.668000 6.715000 0.689000 124 0
-3.796000 6.693000 0.548000 125 0
-3.926000 6.662000 0.422000 116 0
-4.049000 6.629000 0.293000 124 0
-3.483000 6.754000 0.676000 125 0
-3.615000 6.733000 0.542000 126 0
-3.741000 6.699000 0.422000 116 0
-3.868000 6.667000 0.299000 128 0
-3.305000 6.797000 0.664000 126 0
-3.437000 6.775000 0.536000 124 0
-3.564000 6.740000 0.422000 116 0
-3.691000 6.712000 0.306000 128 0
-3.130000 6.843000 0.653000 127 0
-3.260000 6.819000 0.531000 125 0
-3.390000 6.784000 0.423000 116 0
-3.517000 6.753000 0.312000 126 0
-2.955000 6.880000 0.642000 123 0
-3.086000 6.859000 0.526000 125 0
-3.215000 6.825000 0.423000 113 0
-3.344000 6.793000 0.319000 131 0
-2.781000 6.925000 0.631000 121 0
-2.916000 6.904000 0.521000 124 0
-3.044000 6.867000 0.425000 112 0
-3.174000 6.842000 0.326000 127 0
-2.609000 6.965000 0.621000 106 0
-2.742000 6.943000 0.517000 117 0
-2.874000 6.913000 0.427000 111 0
-3.004000 6.879000 0.333000 123 0
-2.437000 7.007000 0.611000 113 0
-2.573000 6.985000 0.513000 117 0
-2.704000 6.950000 0.428000 110 0
-2.832000 6.914000 0.341000 123 0
-2.268000 7.045000 0.602000 96 0
-2.400000 7.018000 0.508000 112 0
-2.532000 6.980000 0.429000 108 0
-2.666000 6.958000 0.348000 123 0
-2.096000 7.083000 0.592000 105 0
-2.232000 7.056000 0.505000 106 0
-2.367000 7.028000 0.432000 106 0
-2.499000 6.997000 0.356000 119 0
-1.928000 7.123000 0.583000 96 0
-2.065000 7.096000 0.502000 103 0
-2.199000 7.063000 0.434000 106 0
-2.330000 7.029000 0.364000 116 0
-1.761000 7.165000 0.575000 95 0
-1.896000 7.133000 0.499000 100 0
-2.033000 7.101000 0.437000 104 0
-2.165000 7.068000 0.372000 113 0
-1.592000 7.205000 0.567000 95 0
-1.730000 7.173000 0.496000 103 0
-1.866000 7.142000 0.440000 101 0
-1.999000 7.109000 0.381000 111 0
-1.424000 7.242000 0.558000 101 0
-1.563000 7.220000 0.494000 101 0
-1.701000 7.180000 0.443000 97 0
-1.835000 7.147000 0.390000 100 0
-1.257000 7.281000 0.551000 104 0
-1.395000 7.251000 0.492000 102 0
-1.534000 7.221000 0.447000 103 0
-1.672000 7.193000 0.399000 95 0
-1.086000 7.316000 0.543000 121 0
-1.228000 7.284000 0.489000 106 0
-1.368000 7.259000 0.451000 103 0
-1.504000 7.227000 0.409000 94 0
-0.918000 7.359000 0.536000 93 0
-1.061000 7.335000 0.489000 123 0
-1.201000 7.295000 0.455000 104 0
-1.339000 7.265000 0.418000 110 0
-0.749000 7.396000 0.529000 26 0
-0.892000 7.369000 0.487000 82 0
-1.034000 7.330000 0.459000 108 0
-1.174000 7.306000 0.428000 107 0
0.000000 -0.000000 -0.000000 0 0
-0.723000 7.408000 0.486000 19 0
-0.866000 7.374000 0.464000 78 0
-1.007000 7.339000 0.438000 118 0
0.000000 -0.000000 -0.000000 0 0
0.000000 -0.000000 -0.000000 0 0
-0.695000 7.405000 0.468000 8 0
-0.837000 7.374000 0.449000 81 0
-4.427000 6.547000 0.744000 119 0
-4.550000 6.518000 0.577000 121 0
-4.675000 6.487000 0.425000 121 0
-4.799000 6.454000 0.271000 117 0
-4.238000 6.600000 0.731000 119 0
-4.358000 6.563000 0.569000 124 0
-4.485000 6.533000 0.424000 120 0
-4.608000 6.503000 0.276000 112 0
-4.039000 6.628000 0.715000 122 0
-4.169000 6.611000 0.562000 130 0
-4.298000 6.579000 0.423000 120 0
-4.424000 6.552000 0.282000 113 0
-3.855000 6.680000 0.702000 125 0
-3.986000 6.659000 0.556000 126 0
-4.105000 6.614000 0.422000 119 0
-4.237000 6.595000 0.288000 126 0
-3.668000 6.715000 0.689000 124 0
-3.796000 6.693000 0.548000 125 0
-3.926000 6.662000 0.422000 116 0
-4.049000 6.629000 0.293000 124 0
-3.483000 6.754000 0.676000 125 0
-3.615000 6.733000 0.542000 126 0
-3.741000 6.699000 0.422000 116 0
-3.868000 6.667000 0.299000 128 0
-3.305000 6.797000 0.664000 126 0
-3.437000 6.775000 0.536000 124 0
-3.564000 6.740000 0.422000 116 0
-3.691000 6.712000 0.306000 128 0
-3.130000 6.843000 0.653000 127 0
-3.260000 6.819000 0.531000 125 0
-3.390000 6.784000 0.423000 116 0
-3.517000 6.753000 0.312000 126 0
-2.955000 6.880000 0.642000 123 0
-3.086000 6.859000 0.526000 125 0
-3.215000 6.825000 0.423000 113 0
-3.344000 6.793000 0.319000 131 0
-2.781000 6.925000 0.631000 121 0
-2.916000 6.904000 0.521000 124 0
-3.044000 6.867000 0.425000 112 0
-3.174000 6.842000 0.326000 127 0
-2.609000 6.965000 0.621000 106 0
-2.742000 6.943000 0.517000 117 0
-2.874000 6.913000 0.427000 111 0
-3.004000 6.879000 0.333000 123 0
-2.437000 7.007000 0.611000 113 0
-2.573000 6.985000 0.513000 117 0
-2.704000 6.950000 0.428000 110 0
-2.832000 6.914000 0.341000 123 0
-2.268000 7.045000 0.602000 96 0
-2.400000 7.018000 0.508000 112 0
-2.532000 6.980000 0.429000 108 0
-2.666000 6.958000 0.348000 123 0
-2.096000 7.083000 0.592000 105 0
-2.232000 7.056000 0.505000 106 0
-2.367000 7.028000 0.432000 106 0
-2.499000 6.997000 0.356000 119 0
-1.928000 7.123000 0.583000 96 0
-2.065000 7.096000 0.502000 103 0
-2.199000 7.063000 0.434000 106 0
-2.330000 7.029000 0.364000 116 0
-1.761000 7.165000 0.575000 95 0
-1.896000 7.133000 0.499000 100 0
-2.033000 7.101000 0.437000 104 0
-2.165000 7.068000 0.372000 113 0
-1.592000 7.205000 0.567000 95 0
-1.730000 7.173000 0.496000 103 0
-1.866000 7.142000 0.440000 101 0
-1.999000 7.109000 0.381000 111 0
-1.424000 7.242000 0.558000 101 0
-1.563000 7.220000 0.494000 101 0
-1.701000 7.180000 0.443000 97 0
-1.835000 7.147000 0.390000 100 0
-1.257000 7.281000 0.551000 104 0
-1.395000 7.251000 0.492000 102 0
-1.534000 7.221000 0.447000 103 0
-1.672000 7.193000 0.399000 95 0
-1.086000 7.316000 0.543000 121 0
-1.228000 7.284000 0.489000 106 0
-1.368000 7.259000 0.451000 103 0
-1.504000 7.227000 0.409000 94 0
-0.918000 7.359000 0.536000 93 0
-1.061000 7.335000 0.489000 123 0
-1.201000 7.295000 0.455000 104 0
-1.339000 7.265000 0.418000 110 0
-0.749000 7.396000 0.529000 26 0
-0.892000 7.369000 0.487000 82 0
-1.034000 7.330000 0.459000 108 0
-1.174000 7.306000 0.428000 107 0
0.000000 -0.000000 -0.000000 0 0
-0.723000 7.408000 0.486000 19 0
-0.866000 7.374000 0.464000 78 0
-1.007000 7.339000 0.438000 118 0
0.000000 -0.000000 -0.000000 0 0
0.000000 -0.000000 -0.000000 0 0
-0.695000 7.405000 0.468000 8 0
-0.837000 7.374000 0.449000 81 0
0.000000 -0.000000 -0.000000 0 0
0.000000 -0.000000 -0.000000 0 0
0.000000 -0.000000 -0.000000 0 0
-0.671000 7.443000 0.462000 1 0
0.000000 -0.000000 -0.000000 0 0
0.000000 -0.000000 -0.000000 0 0
0.000000 -0.000000 -0.000000 0 0
0.000000 -0.000000 -0.000000 0 0
0.000000 -0.000000 -0.000000 0 0
0.000000 -0.000000 -0.000000 0 0
0.000000 -0.000000 -0.000000 0 0
0.000000 -0.000000 -0.000000 0 0
0.000000 -0.000000 -0.000000 0 0
0.000000 -0.000000 -0.000000 0 0
0.000000 -0.000000 -0.000000 0 0
0.000000 -0.000000 -0.000000 0 0
0.000000 -0.000000 -0.000000 0 0
0.000000 -0.000000 -0.000000 0 0
0.000000 -0.000000 -0.000000 0 0
0.000000 -0.000000 -0.000000 0 0
0.000000 -0.000000 -0.000000 0 0
0.000000 -0.000000 -0.000000 0 0
0.000000 -0.000000 -0.000000 0 0
0.000000 -0.000000 -0.000000 0 0
0.179000 1.649000 0.101000 21 0
0.000000 -0.000000 -0.000000 0 0
0.000000 -0.000000 -0.000000 0 0
0.000000 -0.000000 -0.000000 0 0
0.204000 1.549000 0.093000 34 0
0.181000 1.626000 0.102000 18 0
0.000000 -0.000000 -0.000000 0 0
0.000000 -0.000000 -0.000000 0 0
0.000000 -0.000000 -0.000000 0 0
0.209000 1.547000 0.097000 38 0
0.183000 1.587000 0.108000 24 0
0.000000 -0.000000 -0.000000 0 0
0.000000 -0.000000 -0.000000 0 0
0.000000 -0.000000 -0.000000 0 0
0.000000 -0.000000 -0.000000 0 0
0.188000 1.574000 0.116000 47 0
0.000000 -0.000000 -0.000000 0 0
0.285000 1.560000 0.098000 35 0
0.000000 -0.000000 -0.000000 0 0
0.000000 -0.000000 -0.000000 0 0
0.000000 -0.000000 -0.000000 0 0
0.000000 -0.000000 -0.000000 0 0
0.000000 -0.000000 -0.000000 0 0
0.000000 -0.000000 -0.000000 0 0
0.000000 -0.000000 -0.000000 0 0
0.366000 1.586000 0.099000 47 0
0.337000 1.600000 0.114000 43 0
0.306000 1.602000 0.126000 57 0
0.440000 1.592000 0.088000 57 0
0.000000 -0.000000 -0.000000 0 0
0.000000 -0.000000 -0.000000 0 0
0.000000 -0.000000 -0.000000 0 0
0.000000 -0.000000 -0.000000 0 0
0.449000 1.602000 0.101000 51 0
0.422000 1.626000 0.119000 48 0
0.390000 1.625000 0.134000 52 0
0.525000 1.612000 0.087000 56 0
0.490000 1.607000 0.101000 58 0
0.000000 -0.000000 -0.000000 0 0
0.432000 1.630000 0.137000 54 0
0.571000 1.626000 0.087000 56 0
0.535000 1.620000 0.102000 53 0
0.511000 1.647000 0.123000 50 0
0.476000 1.643000 0.141000 51 0
0.617000 1.635000 0.086000 29 0
0.579000 1.625000 0.103000 40 0
0.556000 1.656000 0.126000 45 0
0.522000 1.656000 0.146000 43 0
0.664000 1.644000 0.086000 14 0
0.626000 1.637000 0.104000 22 0
0.604000 1.669000 0.129000 25 0
0.567000 1.660000 0.149000 27 0
0.716000 1.661000 0.086000 3 0
0.678000 1.657000 0.106000 7 0
0.653000 1.681000 0.132000 7 0
0.616000 1.675000 0.154000 10 0
0.000000 -0.000000 -0.000000 0 0
0.720000 1.649000 0.106000 1 0
0.703000 1.692000 0.135000 1 0
0.664000 1.681000 0.159000 2 0
0.000000 -0.000000 -0.000000 0 0
0.000000 -0.000000 -0.000000 0 0
0.000000 -0.000000 -0.000000 0 0
0.000000 -0.000000 -0.000000 0 0
0.000000 -0.000000 -0.000000 0 0
0.000000 -0.000000 -0.000000 0 0
0.000000 -0.000000 -0.000000 0 0
0.000000 -0.000000 -0.000000 0 0
0.000000 -0.000000 -0.000000 0 0
0.000000 -0.000000 -0.000000 0 0
0.000000 -0.000000 -0.000000 0 0
0.000000 -0.000000 -0.000000 0 0
0.000000 -0.000000 -0.000000 0 0
0.000000 -0.000000 -0.000000 0 0
0.000000 -0.000000 -0.000000 0 0
-0.671000 7.443000 0.462000 1 0
0.000000 -0.000000 -0.000000 0 0
0.000000 -0.000000 -0.000000 0 0
0.000000 -0.000000 -0.000000 0 0
0.000000 -0.000000 -0.000000 0 0
0.000000 -0.000000 -0.000000 0 0
0.000000 -0.000000 -0.000000 0 0
0.000000 -0.000000 -0.000000 0 0
0.000000 -0.000000 -0.000000 0 0
0.000000 -0.000000 -0.000000 0 0
0.000000 -0.000000 -0.000000 0 0
0.000000 -0.000000 -0.000000 0 0
0.000000 -0.000000 -0.000000 0 0
0.000000 -0.000000 -0.000000 0 0
0.000000 -0.000000 -0.000000 0 0
0.000000 -0.000000 -0.000000 0 0
0.000000 -0.000000 -0.000000 0 0
0.000000 -0.000000 -0.000000 0 0
0.000000 -0.000000 -0.000000 0 0
0.000000 -0.000000 -0.000000 0 0
0.000000 -0.000000 -0.000000 0 0
0.179000 1.649000 0.101000 21 0
0.000000 -0.000000 -0.000000 0 0
0.000000 -0.000000 -0.000000 0 0
0.000000 -0.000000 -0.000000 0 0
0.204000 1.549000 0.093000 34 0
0.181000 1.626000 0.102000 18 0
0.000000 -0.000000 -0.000000 0 0
0.000000 -0.000000 -0.000000 0 0
0.000000 -0.000000 -0.000000 0 0
0.209000 1.547000 0.097000 38 0
0.183000 1.587000 0.108000 24 0
0.000000 -0.000000 -0.000000 0 0
0.000000 -0.000000 -0.000000 0 0
0.000000 -0.000000 -0.000000 0 0
0.000000 -0.000000 -0.000000 0 0
0.188000 1.574000 0.116000 47 0
0.000000 -0.000000 -0.000000 0 0
0.285000 1.560000 0.098000 35 0
0.000000 -0.000000 -0.000000 0 0
0.000000 -0.000000 -0.000000 0 0
0.000000 -0.000000 -0.000000 0 0
0.000000 -0.000000 -0.000000 0 0
0.000000 -0.000000 -0.000000 0 0
0.000000 -0.000000 -0.000000 0 0
0.000000 -0.000000 -0.000000 0 0
0.366000 1.586000 0.099000 47 0
0.337000 1.600000 0.114000 43 0
0.306000 1.602000 0.126000 57 0
0.440000 1.592000 0.088000 57 0
0.000000 -0.000000 -0.000000 0 0
0.000000 -0.000000 -0.000000 0 0
0.000000 -0.000000 -0.000000 0 0
0.000000 -0.000000 -0.000000 0 0
0.449000 1.602000 0.101000 51 0
0.422000 1.626000 0.119000 48 0
0.390000 1.625000 0.134000 52 0
0.525000 1.612000 0.087000 56 0
0.490000 1.607000 0.101000 58 0
0.000000 -0.000000 -0.000000 0 0
0.432000 1.630000 0.137000 54 0
0.571000 1.626000 0.087000 56 0
0.535000 1.620000 0.102000 53 0
0.511000 1.647000 0.123000 50 0
0.476000 1.643000 0.141000 51 0
0.617000 1.635000 0.086000 29 0
0.579000 1.625000 0.103000 40 0
0.556000 1.656000 0.126000 45 0
0.522000 1.656000 0.146000 43 0
0.664000 1.644000 0.086000 14 0
0.626000 1.637000 0.104000 22 0
0.604000 1.669000 0.129000 25 0
0.567000 1.660000 0.149000 27 0
0.716000 1.661000 0.086000 3 0
0.678000 1.657000 0.106000 7 0
0.653000 1.681000 0.132000 7 0
0.616000 1.675000 0.154000 10 0
0.000000 -0.000000 -0.000000 0 0
0.720000 1.649000 0.106000 1 0
0.703000 1.692000 0.135000 1 0
0.664000 1.681000 0.159000 2 0
0.000000 -0.000000 -0.000000 0 0
0.000000 -0.000000 -0.000000 0 0
0.000000 -0.000000 -0.000000 0 0
0.000000 -0.000000 -0.000000 0 0
0.000000 -0.000000 -0.000000 0 0
0.000000 -0.000000 -0.000000 0 0
0.000000 -0.000000 -0.000000 0 0
0.000000 -0.000000 -0.000000 0 0
0.000000 -0.000000 -0.000000 0 0
0.000000 -0.000000 -0.000000 0 0
0.000000 -0.000000 -0.000000 0 0
0.000000 -0.000000 -0.000000 0 0
0.000000 -0.000000 -0.000000 0 0
0.000000 -0.000000 -0.000000 0 0
0.000000 -0.000000 -0.000000 0 0
0.000000 -0.000000 -0.000000 0 0
0.000000 -0.000000 -0.000000 0 0
0.000000 -0.000000 -0.000000 0 0
0.000000 -0.000000 -0.000000 0 0
0.000000 -0.000000 -0.000000 0 0
0.000000 -0.000000 -0.000000 0 0
0.000000 -0.000000 -0.000000 0 0
0.000000 -0.000000 -0.000000 0 0
0.000000 -0.000000 -0.000000 0 0
0.000000 -0.000000 -0.000000 0 0
0.000000 -0.000000 -0.000000 0 0
0.000000 -0.000000 -0.000000 0 0
0.000000 -0.000000 -0.000000 0 0
0.000000 -0.000000 -0.000000 0 0
0.000000 -0.000000 -0.000000 0 0
0.000000 -0.000000 -0.000000 0 0
0.000000 -0.000000 -0.000000 0 0
0.000000 -0.000000 -0.000000 0 0
0.000000 -0.000000 -0.000000 0 0
0.000000 -0.000000 -0.000000 0 0
0.000000 -0.000000 -0.000000 0 0
0.000000 -0.000000 -0.000000 0 0
0.000000 -0.000000 -0.000000 0 0
0.000000 -0.000000 -0.000000 0 0
0.000000 -0.000000 -0.000000 0 0
0.000000 -0.000000 -0.000000 0 0
0.000000 -0.000000 -0.000000 0 0
0.000000 -0.000000 -0.000000 0 0
0.000000 -0.000000 -0.000000 0 0
0.000000 -0.000000 -0.000000 0 0
0.000000 -0.000000 -0.000000 0 0
0.000000 -0.000000 -0.000000 0 0
0.000000 -0.000000 -0.000000 0 0
0.000000 -0.000000 -0.000000 0 0
0.000000 -0.000000 -0.000000 0 0
0.000000 -0.000000 -0.000000 0 0
0.000000 -0.000000 -0.000000 0 0
0.000000 -0.000000 -0.000000 0 0
0.000000 -0.000000 -0.000000 0 0
0.000000 -0.000000 -0.000000 0 0
0.000000 -0.000000 -0.000000 0 0
0.000000 -0.000000 -0.000000 0 0
0.000000 -0.000000 -0.000000 0 0
0.000000 -0.000000 -0.000000 0 0
0.000000 -0.000000 -0.000000 0 0
0.000000 -0.000000 -0.000000 0 0
0.000000 -0.000000 -0.000000 0 0
0.000000 -0.000000 -0.000000 0 0
0.000000 -0.000000 -0.000000 0 0
0.000000 -0.000000 -0.000000 0 0
0.000000 -0.000000 -0.000000 0 0
0.000000 -0.000000 -0.000000 0 0
0.000000 -0.000000 -0.000000 0 0
0.000000 -0.000000 -0.000000 0 0
0.000000 -0.000000 -0.000000 0 0
0.000000 -0.000000 -0.000000 0 0
0.000000 -0.000000 -0.000000 0 0
0.000000 -0.000000 -0.000000 0 0
0.000000 -0.000000 -0.000000 0 0
0.000000 -0.000000 -0.000000 0 0
0.000000 -0.000000 -0.000000 0 0
0.000000 -0.000000 -0.000000 0 0
0.000000 -0.000000 -0.000000 0 0
0.000000 -0.000000 -0.000000 0 0
0.000000 -0.000000 -0.000000 0 0
0.000000 -0.000000 -0.000000 0 0
0.000000 -0.000000 -0.000000 0 0
0.000000 -0.000000 -0.000000 0 0
0.000000 -0.000000 -0.000000 0 0
0.000000 -0.000000 -0.000000 0 0
0.000000 -0.000000 -0.000000 0 0
0.000000 -0.000000 -0.000000 0 0
0.000000 -0.000000 -0.000000 0 0
0.000000 -0.000000 -0.000000 0 0
0.000000 -0.000000 -0.000000 0 0
0.000000 -0.000000 -0.000000 0 0
0.000000 -0.000000 -0.000000 0 0
0.000000 -0.000000 -0.000000 0 0
0.000000 -0.000000 -0.000000 0 0
0.000000 -0.000000 -0.000000 0 0
0.000000 -0.000000 -0.000000 0 0
0.000000 -0.000000 -0.000000 0 0
0.000000 -0.000000 -0.000000 0 0
0.000000 -0.000000 -0.000000 0 0
0.000000 -0.000000 -0.000000 0 0
0.000000 -0.000000 -0.000000 0 0
0.000000 -0.000000 -0.000000 0 0
0.000000 -0.000000 -0.000000 0 0
0.000000 -0.000000 -0.000000 0 0
0.000000 -0.000000 -0.000000 0 0
0.000000 -0.000000 -0.000000 0 0
0.000000 -0.000000 -0.000000 0 0
0.000000 -0.000000 -0.000000 0 0
0.000000 -0.000000 -0.000000 0 0
0.000000 -0.000000 -0.000000 0 0
0.000000 -0.000000 -0.000000 0 0
0.000000 -0.000000 -0.000000 0 0
0.000000 -0.000000 -0.000000 0 0
0.000000 -0.000000 -0.000000 0 0
0.000000 -0.000000 -0.000000 0 0
0.000000 -0.000000 -0.000000 0 0
0.000000 -0.000000 -0.000000 0 0
0.000000 -0.000000 -0.000000 0 0
0.000000 -0.000000 -0.000000 0 0
0.000000 -0.000000 -0.000000 0 0
0.000000 -0.000000 -0.000000 0 0
0.000000 -0.000000 -0.000000 0 0
0.000000 -0.000000 -0.000000 0 0
0.000000 -0.000000 -0.000000 0 0
0.000000 -0.000000 -0.000000 0 0
0.000000 -0.000000 -0.000000 0 0
0.000000 -0.000000 -0.000000 0 0
0.000000 -0.000000 -0.000000 0 0
0.000000 -0.000000 -0.000000 0 0
0.000000 -0.000000 -0.000000 0 0
0.000000 -0.000000 -0.000000 0 0
0.000000 -0.000000 -0.000000 0 0
0.000000 -0.000000 -0.000000 0 0
0.000000 -0.000000 -0.000000 0 0
0.000000 -0.000000 -0.000000 0 0
0.000000 -0.000000 -0.000000 0 0
0.000000 -0.000000 -0.000000 0 0
0.000000 -0.000000 -0.000000 0 0
0.000000 -0.000000 -0.000000 0 0
0.000000 -0.000000 -0.000000 0 0
0.000000 -0.000000 -0.000000 0 0
0.000000 -0.000000 -0.000000 0 0
0.000000 -0.000000 -0.000000 0 0
0.000000 -0.000000 -0.000000 0 0
0.000000 -0.000000 -0.000000 0 0
0.000000 -0.000000 -0.000000 0 0
0.000000 -0.000000 -0.000000 0 0
0.000000 -0.000000 -0.000000 0 0
0.000000 -0.000000 -0.000000 0 0
0.000000 -0.000000 -0.000000 0 0
0.000000 -0.000000 -0.000000 0 0
0.000000 -0.000000 -0.000000 0 0
0.000000 -0.000000 -0.000000 0 0
0.000000 -0.000000 -0.000000 0 0
0.000000 -0.000000 -0.000000 0 0
0.000000 -0.000000 -0.000000 0 0
0.000000 -0.000000 -0.000000 0 0
0.000000 -0.000000 -0.000000 0 0
0.000000 -0.000000 -0.000000 0 0
0.000000 -0.000000 -0.000000 0 0
0.000000 -0.000000 -0.000000 0 0
0.000000 -0.000000 -0.000000 0 0
0.000000 -0.000000 -0.000000 0 0
0.000000 -0.000000 -0.000000 0 0
0.000000 -0.000000 -0.000000 0 0
0.000000 -0.000000 -0.000000 0 0
0.000000 -0.000000 -0.000000 0 0
0.000000 -0.000000 -0.000000 0 0
0.000000 -0.000000 -0.000000 0 0
0.000000 -0.000000 -0.000000 0 0
0.000000 -0.000000 -0.000000 0 0
0.000000 -0.000000 -0.000000 0 0
0.000000 -0.000000 -0.000000 0 0
0.000000 -0.000000 -0.000000 0 0
0.000000 -0.000000 -0.000000 0 0
0.000000 -0.000000 -0.000000 0 0
0.000000 -0.000000 -0.000000 0 0
0.000000 -0.000000 -0.000000 0 0
0.000000 -0.000000 -0.000000 0 0
0.000000 -0.000000 -0.000000 0 0
0.000000 -0.000000 -0.000000 0 0
0.000000 -0.000000 -0.000000 0 0
0.000000 -0.000000 -0.000000 0 0
0.000000 -0.000000 -0.000000 0 0
0.000000 -0.000000 -0.000000 0 0
0.000000 -0.000000 -0.000000 0 0
0.000000 -0.000000 -0.000000 0 0
0.000000 -0.000000 -0.000000 0 0
0.000000 -0.000000 -0.000000 0 0
0.000000 -0.000000 -0.000000 0 0
0.000000 -0.000000 -0.000000 0 0
0.000000 -0.000000 -0.000000 0 0
0.000000 -0.000000 -0.000000 0 0
0.000000 -0.000000 -0.000000 0 0
0.000000 -0.000000 -0.000000 0 0
0.000000 -0.000000 -0.000000 0 0
0.000000 -0.000000 -0.000000 0 0
0.000000 -0.000000 -0.000000 0 0
0.000000 -0.000000 -0.000000 0 0
0.000000 -0.000000 -0.000000 0 0
0.000000 -0.000000 -0.000000 0 0
0.000000 -0.000000 -0.000000 0 0
0.000000 -0.000000 -0.000000 0 0
0.000000 -0.000000 -0.000000 0 0
0.000000 -0.000000 -0.000000 0 0
0.000000 -0.000000 -0.000000 0 0
0.000000 -0.000000 -0.000000 0 0
0.000000 -0.000000 -0.000000 0 0
0.000000 -0.000000 -0.000000 0 0
0.000000 -0.000000 -0.000000 0 0
0.000000 -0.000000 -0.000000 0 0
0.000000 -0.000000 -0.000000 0 0
0.000000 -0.000000 -0.000000 0 0
0.000000 -0.000000 -0.000000 0 0
0.000000 -0.000000 -0.000000 0 0
0.000000 -0.000000 -0.000000 0 0
0.000000 -0.000000 -0.000000 0 0
0.000000 -0.000000 -0.000000 0 0
0.000000 -0.000000 -0.000000 0 0
0.000000 -0.000000 -0.000000 0 0
0.000000 -0.000000 -0.000000 0 0
0.000000 -0.000000 -0.000000 0 0
0.000000 -0.000000 -0.000000 0 0
0.000000 -0.000000 -0.000000 0 0
0.000000 -0.000000 -0.000000 0 0
0.000000 -0.000000 -0.000000 0 0
0.000000 -0.000000 -0.000000 0 0
0.000000 -0.000000 -0.000000 0 0
0.000000 -0.000000 -0.000000 0 0
0.000000 -0.000000 -0.000000 0 0
0.000000 -0.000000 -0.000000 0 0
0.000000 -0.000000 -0.000000 0 0
0.000000 -0.000000 -0.000000 0 0
0.000000 -0.000000 -0.000000 0 0
0.000000 -0.000000 -0.000000 0 0
0.000000 -0.000000 -0.000000 0 0
0.000000 -0.000000 -0.000000 0 0
0.000000 -0.000000 -0.000000 0 0
0.000000 -0.000000 -0.000000 0 0
0.000000 -0.000000 -0.000000 0 0
0.000000 -0.000000 -0.000000 0 0
0.000000 -0.000000 -0.000000 0 0
0.000000 -0.000000 -0.000000 0 0
0.000000 -0.000000 -0.000000 0 0
0.000000 -0.000000 -0.000000 0 0
0.000000 -0.000000 -0.000000 0 0
0.000000 -0.000000 -0.000000 0 0
0.000000 -0.000000 -0.000000 0 0
0.000000 -0.000000 -0.000000 0 0
0.000000 -0.000000 -0.000000 0 0
0.000000 -0.000000 -0.000000 0 0
0.000000 -0.000000 -0.000000 0 0
0.000000 -0.000000 -0.000000 0 0
0.000000 -0.000000 -0.000000 0 0
0.000000 -0.000000 -0.000000 0 0
0.000000 -0.000000 -0.000000 0 0
0.000000 -0.000000 -0.000000 0 0
0.000000 -0.000000 -0.000000 0 0
0.000000 -0.000000 -0.000000 0 0
0.000000 -0.000000 -0.000000 0 0
0.000000 -0.000000 -0.000000 0 0
0.000000 -0.000000 -0.000000 0 0
0.000000 -0.000000 -0.000000 0 0
0.000000 -0.000000 -0.000000 0 0
0.000000 -0.000000 -0.000000 0 0
0.000000 -0.000000 -0.000000 0 0
0.000000 -0.000000 -0.000000 0 0
0.000000 -0.000000 -0.000000 0 0
0.000000 -0.000000 -0.000000 0 0
0.000000 -0.000000 -0.000000 0 0
0.000000 -0.000000 -0.000000 0 0
0.000000 -0.000000 -0.000000 0 0
0.000000 -0.000000 -0.000000 0 0
0.000000 -0.000000 -0.000000 0 0
0.000000 -0.000000 -0.000000 0 0
0.000000 -0.000000 -0.000000 0 0
0.000000 -0.000000 -0.000000 0 0
0.000000 -0.000000 -0.000000 0 0
0.000000 -0.000000 -0.000000 0 0
0.000000 -0.000000 -0.000000 0 0
0.000000 -0.000000 -0.000000 0 0
0.000000 -0.000000 -0.000000 0 0
0.000000 -0.000000 -0.000000 0 0
0.000000 -0.000000 -0.000000 0 0
0.000000 -0.000000 -0.000000 0 0
0.000000 -0.000000 -0.000000 0 0
0.000000 -0.000000 -0.000000 0 0
0.000000 -0.000000 -0.000000 0 0
0.000000 -0.000000 -0.000000 0 0
0.000000 -0.000000 -0.000000 0 0
0.000000 -0.000000 -0.000000 0 0
0.000000 -0.000000 -0.000000 0 0
0.000000 -0.000000 -0.000000 0 0
0.000000 -0.000000 -0.000000 0 0
0.000000 -0.000000 -0.000000 0 0
0.000000 -0.000000 -0.000000 0 0
0.000000 -0.000000 -0.000000 0 0
0.000000 -0.000000 -0.000000 0 0
0.000000 -0.000000 -0.000000 0 0
0.000000 -0.000000 -0.000000 0 0
0.000000 -0.000000 -0.000000 0 0
0.000000 -0.000000 -0.000000 0 0
0.000000 -0.000000 -0.000000 0 0
0.000000 -0.000000 -0.000000 0 0
0.000000 -0.000000 -0.000000 0 0
0.000000 -0.000000 -0.000000 0 0
0.000000 -0.000000 -0.000000 0 0
0.000000 -0.000000 -0.000000 0 0
0.000000 -0.000000 -0.000000 0 0
0.000000 -0.000000 -0.000000 0 0
0.000000 -0.000000 -0.000000 0 0
0.000000 -0.000000 -0.000000 0 0
0.000000 -0.000000 -0.000000 0 0
0.000000 -0.000000 -0.000000 0 0
0.000000 -0.000000 -0.000000 0 0
0.000000 -0.000000 -0.000000 0 0
0.000000 -0.000000 -0.000000 0 0
0.000000 -0.000000 -0.000000 0 0
0.000000 -0.000000 -0.000000 0 0
0.000000 -0.000000 -0.000000 0 0
0.000000 -0.000000 -0.000000 0 0
0.000000 -0.000000 -0.000000 0 0
0.000000 -0.000000 -0.000000 0 0
0.000000 -0.000000 -0.000000 0 0
0.000000 -0.000000 -0.000000 0 0
0.000000 -0.000000 -0.000000 0 0
0.000000 -0.000000 -0.000000 0 0
0.000000 -0.000000 -0.000000 0 0
0.000000 -0.000000 -0.000000 0 0
0.000000 -0.000000 -0.000000 0 0
0.000000 -0.000000 -0.000000 0 0
0.000000 -0.000000 -0.000000 0 0
0.000000 -0.000000 -0.000000 0 0
0.000000 -0.000000 -0.000000 0 0
0.000000 -0.000000 -0.000000 0 0
0.000000 -0.000000 -0.000000 0 0
0.000000 -0.000000 -0.000000 0 0
0.000000 -0.000000 -0.000000 0 0
0.000000 -0.000000 -0.000000 0 0
0.000000 -0.000000 -0.000000 0 0
0.000000 -0.000000 -0.000000 0 0
0.000000 -0.000000 -0.000000 0 0
0.000000 -0.000000 -0.000000 0 0
0.000000 -0.000000 -0.000000 0 0
0.000000 -0.000000 -0.000000 0 0
0.000000 -0.000000 -0.000000 0 0
0.000000 -0.000000 -0.000000 0 0
0.000000 -0.000000 -0.000000 0 0
0.000000 -0.000000 -0.000000 0 0
0.000000 -0.000000 -0.000000 0 0
0.000000 -0.000000 -0.000000 0 0
0.000000 -0.000000 -0.000000 0 0
0.000000 -0.000000 -0.000000 0 0
0.000000 -0.000000 -0.000000 0 0
0.000000 -0.000000 -0.000000 0 0
0.000000 -0.000000 -0.000000 0 0
0.000000 -0.000000 -0.000000 0 0
0.000000 -0.000000 -0.000000 0 0
0.000000 -0.000000 -0.000000 0 0
0.000000 -0.000000 -0.000000 0 0
0.000000 -0.000000 -0.000000 0 0
0.000000 -0.000000 -0.000000 0 0
0.000000 -0.000000 -0.000000 0 0
0.000000 -0.000000 -0.000000 0 0
0.000000 -0.000000 -0.000000 0 0
0.000000 -0.000000 -0.000000 0 0
0.000000 -0.000000 -0.000000 0 0
0.000000 -0.000000 -0.000000 0 0
0.000000 -0.000000 -0.000000 0 0
0.000000 -0.000000 -0.000000 0 0
0.000000 -0.000000 -0.000000 0 0
0.000000 -0.000000 -0.000000 0 0
0.000000 -0.000000 -0.000000 0 0
0.000000 -0.000000 -0.000000 0 0
0.000000 -0.000000 -0.000000 0 0
0.000000 -0.000000 -0.000000 0 0
0.000000 -0.000000 -0.000000 0 0
0.000000 -0.000000 -0.000000 0 0
0.000000 -0.000000 -0.000000 0 0
0.000000 -0.000000 -0.000000 0 0
0.000000 -0.000000 -0.000000 0 0
0.000000 -0.000000 -0.000000 0 0
0.000000 -0.000000 -0.000000 0 0
0.000000 -0.000000 -0.000000 0 0
0.000000 -0.000000 -0.000000 0 0
0.000000 -0.000000 -0.000000 0 0
0.000000 -0.000000 -0.000000 0 0
0.000000 -0.000000 -0.000000 0 0
0.000000 -0.000000 -0.000000 0 0
0.000000 -0.000000 -0.000000 0 0
0.000000 -0.000000 -0.000000 0 0
0.000000 -0.000000 -0.000000 0 0
0.000000 -0.000000 -0.000000 0 0
0.000000 -0.000000 -0.000000 0 0
0.000000 -0.000000 -0.000000 0 0
0.000000 -0.000000 -0.000000 0 0
0.000000 -0.000000 -0.000000 0 0
0.000000 -0.000000 -0.000000 0 0
0.000000 -0.000000 -0.000000 0 0
0.000000 -0.000000 -0.000000 0 0
0.000000 -0.000000 -0.000000 0 0
0.000000 -0.000000 -0.000000 0 0
0.000000 -0.000000 -0.000000 0 0
0.000000 -0.000000 -0.000000 0 0
0.000000 -0.000000 -0.000000 0 0
0.000000 -0.000000 -0.000000 0 0
0.000000 -0.000000 -0.000000 0 0
0.000000 -0.000000 -0.000000 0 0
0.000000 -0.000000 -0.000000 0 0
0.000000 -0.000000 -0.000000 0 0
0.000000 -0.000000 -0.000000 0 0
0.000000 -0.000000 -0.000000 0 0
0.000000 -0.000000 -0.000000 0 0
0.000000 -0.000000 -0.000000 0 0
0.000000 -0.000000 -0.000000 0 0
0.000000 -0.000000 -0.000000 0 0
0.000000 -0.000000 -0.000000 0 0
0.000000 -0.000000 -0.000000 0 0
0.000000 -0.000000 -0.000000 0 0
0.000000 -0.000000 -0.000000 0 0
0.000000 -0.000000 -0.000000 0 0
0.000000 -0.000000 -0.000000 0 0
0.000000 -0.000000 -0.000000 0 0
0.000000 -0.000000 -0.000000 0 0
0.000000 -0.000000 -0.000000 0 0
0.000000 -0.000000 -0.000000 0 0
0.000000 -0.000000 -0.000000 0 0
0.000000 -0.000000 -0.000000 0 0
0.000000 -0.000000 -0.000000 0 0
0.000000 -0.000000 -0.000000 0 0
0.000000 -0.000000 -0.000000 0 0
0.000000 -0.000000 -0.000000 0 0
0.000000 -0.000000 -0.000000 0 0
0.000000 -0.000000 -0.000000 0 0
0.000000 -0.000000 -0.000000 0 0
0.000000 -0.000000 -0.000000 0 0
0.000000 -0.000000 -0.000000 0 0
0.000000 -0.000000 -0.000000 0 0
0.000000 -0.000000 -0.000000 0 0
0.000000 -0.000000 -0.000000 0 0
0.000000 -0.000000 -0.000000 0 0
0.000000 -0.000000 -0.000000 0 0
0.000000 -0.000000 -0.000000 0 0
0.000000 -0.000000 -0.000000 0 0
0.000000 -0.000000 -0.000000 0 0
0.000000 -0.000000 -0.000000 0 0
0.000000 -0.000000 -0.000000 0 0
0.000000 -0.000000 -0.000000 0 0
0.000000 -0.000000 -0.000000 0 0
0.000000 -0.000000 -0.000000 0 0
0.000000 -0.000000 -0.000000 0 0
0.000000 -0.000000 -0.000000 0 0
0.000000 -0.000000 -0.000000 0 0
0.000000 -0.000000 -0.000000 0 0
0.000000 -0.000000 -0.000000 0 0
0.000000 -0.000000 -0.000000 0 0
0.000000 -0.000000 -0.000000 0 0
0.000000 -0.000000 -0.000000 0 0
0.000000 -0.000000 -0.000000 0 0
0.000000 -0.000000 -0.000000 0 0
0.000000 -0.000000 -0.000000 0 0
0.000000 -0.000000 -0.000000 0 0
0.000000 -0.000000 -0.000000 0 0
0.000000 -0.000000 -0.000000 0 0
0.000000 -0.000000 -0.000000 0 0
0.000000 -0.000000 -0.000000 0 0
0.000000 -0.000000 -0.000000 0 0
0.000000 -0.000000 -0.000000 0 0
0.000000 -0.000000 -0.000000 0 0
0.000000 -0.000000 -0.000000 0 0
0.000000 -0.000000 -0.000000 0 0
0.000000 -0.000000 -0.000000 0 0
0.000000 -0.000000 -0.000000 0 0
0.000000 -0.000000 -0.000000 0 0
0.000000 -0.000000 -0.000000 0 0
0.000000 -0.000000 -0.000000 0 0
0.000000 -0.000000 -0.000000 0 0
0.000000 -0.000000 -0.000000 0 0
0.000000 -0.000000 -0.000000 0 0
0.000000 -0.000000 -0.000000 0 0
0.000000 -0.000000 -0.000000 0 0
0.000000 -0.000000 -0.000000 0 0
0.000000 -0.000000 -0.000000 0 0
0.000000 -0.000000 -0.000000 0 0
0.000000 -0.000000 -0.000000 0 0
0.000000 -0.000000 -0.000000 0 0
0.000000 -0.000000 -0.000000 0 0
0.000000 -0.000000 -0.000000 0 0
0.000000 -0.000000 -0.000000 0 0
0.000000 -0.000000 -0.000000 0 0
0.000000 -0.000000 -0.000000 0 0
0.000000 -0.000000 -0.000000 0 0
0.000000 -0.000000 -0.000000 0 0
0.000000 -0.000000 -0.000000 0 0
0.000000 -0.000000 -0.000000 0 0
0.000000 -0.000000 -0.000000 0 0
0.000000 -0.000000 -0.000000 0 0
0.000000 -0.000000 -0.000000 0 0
0.000000 -0.000000 -0.000000 0 0
0.000000 -0.000000 -0.000000 0 0
0.000000 -0.000000 -0.000000 0 0
0.000000 -0.000000 -0.000000 0 0
0.000000 -0.000000 -0.000000 0 0
0.000000 -0.000000 -0.000000 0 0
0.000000 -0.000000 -0.000000 0 0
0.000000 -0.000000 -0.000000 0 0
0.000000 -0.000000 -0.000000 0 0
0.000000 -0.000000 -0.000000 0 0
0.000000 -0.000000 -0.000000 0 0
0.000000 -0.000000 -0.000000 0 0
0.000000 -0.000000 -0.000000 0 0
0.000000 -0.000000 -0.000000 0 0
0.000000 -0.000000 -0.000000 0 0
0.000000 -0.000000 -0.000000 0 0
0.000000 -0.000000 -0.000000 0 0
0.000000 -0.000000 -0.000000 0 0
0.000000 -0.000000 -0.000000 0 0
0.000000 -0.000000 -0.000000 0 0
0.000000 -0.000000 -0.000000 0 0
0.000000 -0.000000 -0.000000 0 0
0.000000 -0.000000 -0.000000 0 0
0.000000 -0.000000 -0.000000 0 0
0.000000 -0.000000 -0.000000 0 0
0.000000 -0.000000 -0.000000 0 0
0.000000 -0.000000 -0.000000 0 0
0.000000 -0.000000 -0.000000 0 0
0.000000 -0.000000 -0.000000 0 0
0.000000 -0.000000 -0.000000 0 0
0.000000 -0.000000 -0.000000 0 0
0.000000 -0.000000 -0.000000 0 0
0.000000 -0.000000 -0.000000 0 0
0.000000 -0.000000 -0.000000 0 0
0.000000 -0.000000 -0.000000 0 0
0.000000 -0.000000 -0.000000 0 0
0.000000 -0.000000 -0.000000 0 0
0.000000 -0.000000 -0.000000 0 0
0.000000 -0.000000 -0.000000 0 0
0.000000 -0.000000 -0.000000 0 0
0.000000 -0.000000 -0.000000 0 0
0.000000 -0.000000 -0.000000 0 0
0.000000 -0.000000 -0.000000 0 0
0.000000 -0.000000 -0.000000 0 0
0.000000 -0.000000 -0.000000 0 0
0.000000 -0.000000 -0.000000 0 0
0.000000 -0.000000 -0.000000 0 0
0.000000 -0.000000 -0.000000 0 0
0.000000 -0.000000 -0.000000 0 0
0.000000 -0.000000 -0.000000 0 0
0.000000 -0.000000 -0.000000 0 0
0.000000 -0.000000 -0.000000 0 0
0.000000 -0.000000 -0.000000 0 0
0.000000 -0.000000 -0.000000 0 0
0.000000 -0.000000 -0.000000 0 0
0.000000 -0.000000 -0.000000 0 0
0.000000 -0.000000 -0.000000 0 0
0.000000 -0.000000 -0.000000 0 0
0.000000 -0.000000 -0.000000 0 0
0.000000 -0.000000 -0.000000 0 0
0.000000 -0.000000 -0.000000 0 0
0.000000 -0.000000 -0.000000 0 0
0.000000 -0.000000 -0.000000 0 0
0.000000 -0.000000 -0.000000 0 0
0.000000 -0.000000 -0.000000 0 0
0.000000 -0.000000 -0.000000 0 0
0.000000 -0.000000 -0.000000 0 0
0.000000 -0.000000 -0.000000 0 0
0.000000 -0.000000 -0.000000 0 0
0.000000 -0.000000 -0.000000 0 0
0.000000 -0.000000 -0.000000 0 0
0.000000 -0.000000 -0.000000 0 0
0.000000 -0.000000 -0.000000 0 0
0.000000 -0.000000 -0.000000 0 0
0.000000 -0.000000 -0.000000 0 0
0.000000 -0.000000 -0.000000 0 0
0.000000 -0.000000 -0.000000 0 0
0.000000 -0.000000 -0.000000 0 0
0.000000 -0.000000 -0.000000 0 0
0.000000 -0.000000 -0.000000 0 0
0.000000 -0.000000 -0.000000 0 0
0.000000 -0.000000 -0.000000 0 0
0.000000 -0.000000 -0.000000 0 0
0.000000 -0.000000 -0.000000 0 0
0.000000 -0.000000 -0.000000 0 0
0.000000 -0.000000 -0.000000 0 0
0.000000 -0.000000 -0.000000 0 0
0.000000 -0.000000 -0.000000 0 0
0.000000 -0.000000 -0.000000 0 0
0.000000 -0.000000 -0.000000 0 0
0.000000 -0.000000 -0.000000 0 0
0.000000 -0.000000 -0.000000 0 0
0.000000 -0.000000 -0.000000 0 0
0.000000 -0.000000 -0.000000 0 0
0.000000 -0.000000 -0.000000 0 0
0.000000 -0.000000 -0.000000 0 0
0.000000 -0.000000 -0.000000 0 0
0.000000 -0.000000 -0.000000 0 0
0.000000 -0.000000 -0.000000 0 0
0.000000 -0.000000 -0.000000 0 0
0.000000 -0.000000 -0.000000 0 0
0.000000 -0.000000 -0.000000 0 0
0.000000 -0.000000 -0.000000 0 0
0.000000 -0.000000 -0.000000 0 0
0.000000 -0.000000 -0.000000 0 0
0.000000 -0.000000 -0.000000 0 0
0.000000 -0.000000 -0.000000 0 0
0.000000 -0.000000 -0.000000 0 0
0.000000 -0.000000 -0.000000 0 0
0.000000 -0.000000 -0.000000 0 0
0.000000 -0.000000 -0.000000 0 0
0.000000 -0.000000 -0.000000 0 0
0.000000 -0.000000 -0.000000 0 0
0.000000 -0.000000 -0.000000 0 0
0.000000 -0.000000 -0.000000 0 0
0.000000 -0.000000 -0.000000 0 0
0.000000 -0.000000 -0.000000 0 0
0.000000 -0.000000 -0.000000 0 0
0.000000 -0.000000 -0.000000 0 0
0.000000 -0.000000 -0.000000 0 0
0.000000 -0.000000 -0.000000 0 0
0.000000 -0.000000 -0.000000 0 0
0.000000 -0.000000 -0.000000 0 0
0.000000 -0.000000 -0.000000 0 0
0.000000 -0.000000 -0.000000 0 0
0.000000 -0.000000 -0.000000 0 0
0.000000 -0.000000 -0.000000 0 0
0.000000 -0.000000 -0.000000 0 0
0.000000 -0.000000 -0.000000 0 0
0.000000 -0.000000 -0.000000 0 0
0.000000 -0.000000 -0.000000 0 0
0.000000 -0.000000 -0.000000 0 0
0.000000 -0.000000 -0.000000 0 0
0.000000 -0.000000 -0.000000 0 0
0.000000 -0.000000 -0.000000 0 0
0.000000 -0.000000 -0.000000 0 0
0.000000 -0.000000 -0.000000 0 0
0.000000 -0.000000 -0.000000 0 0
0.000000 -0.000000 -0.000000 0 0
0.000000 -0.000000 -0.000000 0 0
0.000000 -0.000000 -0.000000 0 0
0.000000 -0.000000 -0.000000 0 0
0.000000 -0.000000 -0.000000 0 0
0.000000 -0.000000 -0.000000 0 0
0.000000 -0.000000 -0.000000 0 0
0.000000 -0.000000 -0.000000 0 0
0.000000 -0.000000 -0.000000 0 0
0.000000 -0.000000 -0.000000 0 0
0.000000 -0.000000 -0.000000 0 0
0.000000 -0.000000 -0.000000 0 0
0.000000 -0.000000 -0.000000 0 0
0.000000 -0.000000 -0.000000 0 0
0.000000 -0.000000 -0.000000 0 0
0.000000 -0.000000 -0.000000 0 0
0.000000 -0.000000 -0.000000 0 0
0.000000 -0.000000 -0.000000 0 0
0.000000 -0.000000 -0.000000 0 0
0.000000 -0.000000 -0.000000 0 0
0.000000 -0.000000 -0.000000 0 0
0.000000 -0.000000 -0.000000 0 0
0.000000 -0.000000 -0.000000 0 0
0.000000 -0.000000 -0.000000 0 0
0.000000 -0.000000 -0.000000 0 0
0.000000 -0.000000 -0.000000 0 0
0.000000 -0.000000 -0.000000 0 0
0.000000 -0.000000 -0.000000 0 0
0.000000 -0.000000 -0.000000 0 0
0.000000 -0.000000 -0.000000 0 0
0.000000 -0.000000 -0.000000 0 0
0.000000 -0.000000 -0.000000 0 0
0.000000 -0.000000 -0.000000 0 0
0.000000 -0.000000 -0.000000 0 0
0.000000 -0.000000 -0.000000 0 0
0.000000 -0.000000 -0.000000 0 0
0.000000 -0.000000 -0.000000 0 0
0.000000 -0.000000 -0.000000 0 0
0.000000 -0.000000 -0.000000 0 0
0.000000 -0.000000 -0.000000 0 0
0.000000 -0.000000 -0.000000 0 0
0.000000 -0.000000 -0.000000 0 0
0.000000 -0.000000 -0.000000 0 0
0.000000 -0.000000 -0.000000 0 0
0.000000 -0.000000 -0.000000 0 0
0.000000 -0.000000 -0.000000 0 0
0.000000 -0.000000 -0.000000 0 0
3.963000 -9.659000 1.092000 1 0
0.000000 -0.000000 -0.000000 0 0
0.000000 -0.000000 -0.000000 0 0
0.000000 -0.000000 -0.000000 0 0
0.000000 -0.000000 -0.000000 0 0
0.000000 -0.000000 -0.000000 0 0
0.000000 -0.000000 -0.000000 0 0
0.000000 -0.000000 -0.000000 0 0
0.000000 -0.000000 -0.000000 0 0
0.000000 -0.000000 -0.000000 0 0
0.000000 -0.000000 -0.000000 0 0
0.000000 -0.000000 -0.000000 0 0
0.000000 -0.000000 -0.000000 0 0
0.000000 -0.000000 -0.000000 0 0
0.000000 -0.000000 -0.000000 0 0
0.000000 -0.000000 -0.000000 0 0
0.000000 -0.000000 -0.000000 0 0
0.000000 -0.000000 -0.000000 0 0
0.000000 -0.000000 -0.000000 0 0
0.000000 -0.000000 -0.000000 0 0
0.000000 -0.000000 -0.000000 0 0
0.000000 -0.000000 -0.000000 0 0
0.000000 -0.000000 -0.000000 0 0
0.000000 -0.000000 -0.000000 0 0
0.000000 -0.000000 -0.000000 0 0
0.000000 -0.000000 -0.000000 0 0
0.000000 -0.000000 -0.000000 0 0
0.000000 -0.000000 -0.000000 0 0
0.000000 -0.000000 -0.000000 0 0
0.000000 -0.000000 -0.000000 0 0
0.000000 -0.000000 -0.000000 0 0
0.000000 -0.000000 -0.000000 0 0
0.000000 -0.000000 -0.000000 0 0
0.000000 -0.000000 -0.000000 0 0
0.000000 -0.000000 -0.000000 0 0
0.000000 -0.000000 -0.000000 0 0
0.000000 -0.000000 -0.000000 0 0
0.000000 -0.000000 -0.000000 0 0
0.000000 -0.000000 -0.000000 0 0
0.000000 -0.000000 -0.000000 0 0
0.000000 -0.000000 -0.000000 0 0
0.000000 -0.000000 -0.000000 0 0
0.000000 -0.000000 -0.000000 0 0
0.000000 -0.000000 -0.000000 0 0
0.000000 -0.000000 -0.000000 0 0
0.000000 -0.000000 -0.000000 0 0
0.000000 -0.000000 -0.000000 0 0
0.000000 -0.000000 -0.000000 0 0
0.000000 -0.000000 -0.000000 0 0
0.000000 -0.000000 -0.000000 0 0
0.000000 -0.000000 -0.000000 0 0
0.000000 -0.000000 -0.000000 0 0
0.000000 -0.000000 -0.000000 0 0
0.000000 -0.000000 -0.000000 0 0
0.000000 -0.000000 -0.000000 0 0
0.000000 -0.000000 -0.000000 0 0
0.000000 -0.000000 -0.000000 0 0
0.000000 -0.000000 -0.000000 0 0
0.000000 -0.000000 -0.000000 0 0
0.000000 -0.000000 -0.000000 0 0
0.000000 -0.000000 -0.000000 0 0
0.000000 -0.000000 -0.000000 0 0
0.000000 -0.000000 -0.000000 0 0
0.000000 -0.000000 -0.000000 0 0
0.000000 -0.000000 -0.000000 0 0
0.000000 -0.000000 -0.000000 0 0
0.000000 -0.000000 -0.000000 0 0
0.000000 -0.000000 -0.000000 0 0
0.000000 -0.000000 -0.000000 0 0
0.000000 -0.000000 -0.000000 0 0
0.000000 -0.000000 -0.000000 0 0
0.000000 -0.000000 -0.000000 0 0
0.000000 -0.000000 -0.000000 0 0
0.000000 -0.000000 -0.000000 0 0
0.000000 -0.000000 -0.000000 0 0
0.000000 -0.000000 -0.000000 0 0
0.000000 -0.000000 -0.000000 0 0
0.000000 -0.000000 -0.000000 0 0
0.000000 -0.000000 -0.000000 0 0
0.000000 -0.000000 -0.000000 0 0
0.000000 -0.000000 -0.000000 0 0
0.000000 -0.000000 -0.000000 0 0
0.000000 -0.000000 -0.000000 0 0
0.000000 -0.000000 -0.000000 0 0
0.000000 -0.000000 -0.000000 0 0
0.000000 -0.000000 -0.000000 0 0
0.000000 -0.000000 -0.000000 0 0
0.000000 -0.000000 -0.000000 0 0
0.000000 -0.000000 -0.000000 0 0
0.000000 -0.000000 -0.000000 0 0
0.000000 -0.000000 -0.000000 0 0
0.000000 -0.000000 -0.000000 0 0
0.000000 -0.000000 -0.000000 0 0
0.000000 -0.000000 -0.000000 0 0
0.000000 -0.000000 -0.000000 0 0
0.000000 -0.000000 -0.000000 0 0
3.963000 -9.659000 1.092000 1 0
0.000000 -0.000000 -0.000000 0 0
0.000000 -0.000000 -0.000000 0 0
0.000000 -0.000000 -0.000000 0 0
3.698000 -9.657000 1.069000 15 0
0.000000 -0.000000 -0.000000 0 0
4.066000 -9.581000 0.715000 34 0
3.762000 -9.655000 0.880000 46 0
3.464000 -9.736000 1.056000 52 0
4.128000 -9.549000 0.546000 46 0
3.826000 -9.630000 0.715000 65 0
3.518000 -9.699000 0.871000 84 0
3.220000 -9.777000 1.040000 69 0
3.896000 -9.617000 0.555000 69 0
3.592000 -9.689000 0.716000 95 0
3.284000 -9.758000 0.865000 99 0
2.980000 -9.828000 1.025000 100 0
3.660000 -9.666000 0.563000 104 0
3.354000 -9.742000 0.716000 104 0
3.048000 -9.821000 0.859000 108 0
2.745000 -9.886000 1.012000 103 0
3.426000 -9.724000 0.572000 104 0
3.121000 -9.797000 0.718000 101 0
2.815000 -9.876000 0.853000 102 0
2.506000 -9.936000 0.997000 100 0
3.193000 -9.775000 0.581000 106 0
2.886000 -9.850000 0.719000 105 0
2.579000 -9.923000 0.846000 105 0
2.272000 -9.991000 0.985000 98 0
2.961000 -9.835000 0.590000 102 0
2.653000 -9.902000 0.721000 101 0
2.345000 -9.985000 0.841000 100 0
2.037000 -10.048000 0.972000 103 0
2.728000 -9.879000 0.600000 100 0
2.423000 -9.963000 0.724000 102 0
2.111000 -10.036000 0.836000 105 0
1.799000 -10.097000 0.959000 97 0
2.497000 -9.930000 0.610000 96 0
2.188000 -10.011000 0.726000 98 0
1.878000 -10.087000 0.831000 101 0
1.564000 -10.155000 0.948000 97 0
2.268000 -9.988000 0.621000 98 0
1.956000 -10.065000 0.730000 100 0
1.641000 -10.137000 0.827000 96 0
1.323000 -10.184000 0.934000 49 0
2.036000 -10.047000 0.632000 98 0
1.722000 -10.129000 0.734000 96 0
1.407000 -10.197000 0.823000 81 0
0.000000 -0.000000 -0.000000 0 0
1.801000 -10.093000 0.642000 94 0
1.488000 -10.179000 0.737000 94 0
1.148000 -10.063000 0.805000 13 0
0.000000 -0.000000 -0.000000 0 0
1.571000 -10.160000 0.655000 95 0
1.228000 -10.040000 0.728000 36 0
0.000000 -0.000000 -0.000000 0 0
0.000000 -0.000000 -0.000000 0 0
1.328000 -10.137000 0.662000 55 0
0.000000 -0.000000 -0.000000 0 0
0.000000 -0.000000 -0.000000 0 0
0.000000 -0.000000 -0.000000 0 0
0.000000 -0.000000 -0.000000 0 0
0.000000 -0.000000 -0.000000 0 0
0.000000 -0.000000 -0.000000 0 0
0.000000 -0.000000 -0.000000 0 0
0.000000 -0.000000 -0.000000 0 0
0.000000 -0.000000 -0.000000 0 0
0.000000 -0.000000 -0.000000 0 0
0.000000 -0.000000 -0.000000 0 0
0.000000 -0.000000 -0.000000 0 0
0.000000 -0.000000 -0.000000 0 0
0.000000 -0.000000 -0.000000 0 0
0.000000 -0.000000 -0.000000 0 0
0.000000 -0.000000 -0.000000 0 0
0.000000 -0.000000 -0.000000 0 0
0.000000 -0.000000 -0.000000 0 0
0.000000 -0.000000 -0.000000 0 0
0.000000 -0.000000 -0.000000 0 0
0.000000 -0.000000 -0.000000 0 0
0.000000 -0.000000 -0.000000 0 0
-0.171000 -2.100000 0.166000 0 4
0.000000 -0.000000 -0.000000 0 0
0.000000 -0.000000 -0.000000 0 0
0.000000 -0.000000 -0.000000 0 0
-0.205000 -1.957000 0.152000 1 0
0.000000 -0.000000 -0.000000 0 0
0.000000 -0.000000 -0.000000 0 0
-0.195000 -2.014000 0.150000 1 0
-0.237000 -1.847000 0.141000 1 0
0.000000 -0.000000 -0.000000 0 0
-0.181000 -2.050000 0.152000 1 4
-0.227000 -1.893000 0.140000 1 0
-0.264000 -1.735000 0.131000 2 0
0.000000 -0.000000 -0.000000 0 0
-0.216000 -1.927000 0.144000 1 0
-0.256000 -1.774000 0.131000 1 0
-0.287000 -1.632000 0.121000 2 0
0.000000 -0.000000 -0.000000 0 0
0.000000 -0.000000 -0.000000 0 0
0.000000 -0.000000 -0.000000 0 0
3.698000 -9.657000 1.069000 15 0
0.000000 -0.000000 -0.000000 0 0
4.066000 -9.581000 0.715000 34 0
3.762000 -9.655000 0.880000 46 0
3.464000 -9.736000 1.056000 52 0
4.128000 -9.549000 0.546000 46 0
3.826000 -9.630000 0.715000 65 0
3.518000 -9.699000 0.871000 84 0
3.220000 -9.777000 1.040000 69 0
3.896000 -9.617000 0.555000 69 0
3.592000 -9.689000 0.716000 95 0
3.284000 -9.758000 0.865000 99 0
2.980000 -9.828000 1.025000 100 0
3.660000 -9.666000 0.563000 104 0
3.354000 -9.742000 0.716000 104 0
3.048000 -9.821000 0.859000 108 0
2.745000 -9.886000 1.012000 103 0
3.426000 -9.724000 0.572000 104 0
3.121000 -9.797000 0.718000 101 0
2.815000 -9.876000 0.853000 102 0
2.506000 -9.936000 0.997000 100 0
3.193000 -9.775000 0.581000 106 0
2.886000 -9.850000 0.719000 105 0
2.579000 -9.923000 0.846000 105 0
2.272000 -9.991000 0.985000 98 0
2.961000 -9.835000 0.590000 102 0
2.653000 -9.902000 0.721000 101 0
2.345000 -9.985000 0.841000 100 0
2.037000 -10.048000 0.972000 103 0
2.728000 -9.879000 0.600000 100 0
2.423000 -9.963000 0.724000 102 0
2.111000 -10.036000 0.836000 105 0
1.799000 -10.097000 0.959000 97 0
2.497000 -9.930000 0.610000 96 0
2.188000 -10.011000 0.726000 98 0
1.878000 -10.087000 0.831000 101 0
1.564000 -10.155000 0.948000 97 0
2.268000 -9.988000 0.621000 98 0
1.956000 -10.065000 0.730000 100 0
1.641000 -10.137000 0.827000 96 0
1.323000 -10.184000 0.934000 49 0
2.036000 -10.047000 0.632000 98 0
1.722000 -10.129000 0.734000 96 0
1.407000 -10.197000 0.823000 81 0
0.000000 -0.000000 -0.000000 0 0
1.801000 -10.093000 0.642000 94 0
1.488000 -10.179000 0.737000 94 0
1.148000 -10.063000 0.805000 13 0
0.000000 -0.000000 -0.000000 0 0
1.571000 -10.160000 0.655000 95 0
1.228000 -10.040000 0.728000 36 0
0.000000 -0.000000 -0.000000 0 0
0.000000 -0.000000 -0.000000 0 0
1.328000 -10.137000 0.662000 55 0
0.000000 -0.000000 -0.000000 0 0
0.000000 -0.000000 -0.000000 0 0
0.000000 -0.000000 -0.000000 0 0
0.000000 -0.000000 -0.000000 0 0
0.000000 -0.000000 -0.000000 0 0
0.000000 -0.000000 -0.000000 0 0
0.000000 -0.000000 -0.000000 0 0
0.000000 -0.000000 -0.000000 0 0
0.000000 -0.000000 -0.000000 0 0
0.000000 -0.000000 -0.000000 0 0
0.000000 -0.000000 -0.000000 0 0
0.000000 -0.000000 -0.000000 0 0
0.000000 -0.000000 -0.000000 0 0
0.000000 -0.000000 -0.000000 0 0
0.000000 -0.000000 -0.000000 0 0
0.000000 -0.000000 -0.000000 0 0
0.000000 -0.000000 -0.000000 0 0
0.000000 -0.000000 -0.000000 0 0
0.000000 -0.000000 -0.000000 0 0
0.000000 -0.000000 -0.000000 0 0
0.000000 -0.000000 -0.000000 0 0
0.000000 -0.000000 -0.000000 0 0
-0.171000 -2.100000 0.166000 0 4
0.000000 -0.000000 -0.000000 0 0
0.000000 -0.000000 -0.000000 0 0
0.000000 -0.000000 -0.000000 0 0
-0.205000 -1.957000 0.152000 1 0
0.000000 -0.000000 -0.000000 0 0
0.000000 -0.000000 -0.000000 0 0
-0.195000 -2.014000 0.150000 1 0
-0.237000 -1.847000 0.141000 1 0
0.000000 -0.000000 -0.000000 0 0
-0.181000 -2.050000 0.152000 1 4
-0.227000 -1.893000 0.140000 1 0
-0.264000 -1.735000 0.131000 2 0
0.000000 -0.000000 -0.000000 0 0
-0.216000 -1.927000 0.144000 1 0
-0.256000 -1.774000 0.131000 1 0
-0.287000 -1.632000 0.121000 2 0
-0.203000 -1.962000 0.148000 1 0
-0.245000 -1.807000 0.136000 1 0
-0.281000 -1.672000 0.123000 2 0
-0.309000 -1.544000 0.113000 2 0
-0.234000 -1.840000 0.141000 1 0
-0.271000 -1.699000 0.128000 1 0
-0.303000 -1.581000 0.116000 2 0
-0.481000 -2.143000 0.154000 45 0
-0.262000 -1.730000 0.135000 1 0
-0.297000 -1.615000 0.123000 2 0
-0.463000 -2.140000 0.156000 8 0
-0.508000 -2.040000 0.145000 59 0
-0.287000 -1.636000 0.130000 2 0
-0.317000 -1.521000 0.116000 2 0
-0.499000 -2.072000 0.151000 52 0
-0.530000 -1.936000 0.135000 62 0
-0.307000 -1.539000 0.124000 2 0
-0.491000 -2.110000 0.163000 52 0
-0.521000 -1.963000 0.142000 56 0
-0.552000 -1.846000 0.127000 58 0
-0.481000 -2.144000 0.176000 48 0
-0.515000 -2.002000 0.156000 64 0
-0.544000 -1.872000 0.135000 63 0
-0.571000 -1.762000 0.120000 63 0
-0.508000 -2.038000 0.170000 55 0
-0.538000 -1.903000 0.149000 64 0
-0.564000 -1.787000 0.129000 63 0
-0.589000 -1.683000 0.113000 68 0
-0.530000 -1.930000 0.164000 59 0
-0.557000 -1.808000 0.143000 65 0
-0.586000 -1.714000 0.124000 66 0
-0.605000 -1.610000 0.106000 71 0
-0.552000 -1.838000 0.159000 56 0
-0.579000 -1.734000 0.139000 69 0
-0.600000 -1.632000 0.118000 69 0
-0.625000 -1.553000 0.101000 72 0
-0.571000 -1.750000 0.155000 60 0
-0.598000 -1.659000 0.134000 68 0
-0.617000 -1.565000 0.113000 69 0
0.000000 -0.000000 -0.000000 0 0
-0.591000 -1.676000 0.151000 65 0
-0.614000 -1.586000 0.130000 72 0
0.000000 -0.000000 -0.000000 0 0
0.000000 -0.000000 -0.000000 0 0
-0.608000 -1.604000 0.147000 66 0
-0.628000 -1.515000 0.125000 70 0
0.000000 -0.000000 -0.000000 0 0
0.000000 -0.000000 -0.000000 0 0
-0.623000 -1.531000 0.144000 68 0
0.000000 -0.000000 -0.000000 0 0
0.000000 -0.000000 -0.000000 0 0
0.000000 -0.000000 -0.000000 0 0
0.000000 -0.000000 -0.000000 0 0
0.000000 -0.000000 -0.000000 0 0
0.000000 -0.000000 -0.000000 0 0
0.000000 -0.000000 -0.000000 0 0
0.000000 -0.000000 -0.000000 0 0
0.000000 -0.000000 -0.000000 0 0
0.000000 -0.000000 -0.000000 0 0
0.000000 -0.000000 -0.000000 0 0
0.000000 -0.000000 -0.000000 0 0
0.000000 -0.000000 -0.000000 0 0
0.000000 -0.000000 -0.000000 0 0
0.000000 -0.000000 -0.000000 0 0
0.000000 -0.000000 -0.000000 0 0
0.000000 -0.000000 -0.000000 0 0
0.000000 -0.000000 -0.000000 0 0
0.000000 -0.000000 -0.000000 0 0
0.000000 -0.000000 -0.000000 0 0
0.000000 -0.000000 -0.000000 0 0
0.000000 -0.000000 -0.000000 0 0
0.000000 -0.000000 -0.000000 0 0
0.000000 -0.000000 -0.000000 0 0
0.000000 -0.000000 -0.000000 0 0
0.000000 -0.000000 -0.000000 0 0
0.000000 -0.000000 -0.000000 0 0
0.000000 -0.000000 -0.000000 0 0
0.000000 -0.000000 -0.000000 0 0
0.000000 -0.000000 -0.000000 0 0
0.000000 -0.000000 -0.000000 0 0
0.000000 -0.000000 -0.000000 0 0
0.000000 -0.000000 -0.000000 0 0
0.000000 -0.000000 -0.000000 0 0
0.000000 -0.000000 -0.000000 0 0
0.000000 -0.000000 -0.000000 0 0
0.000000 -0.000000 -0.000000 0 0
0.000000 -0.000000 -0.000000 0 0
0.000000 -0.000000 -0.000000 0 0
0.000000 -0.000000 -0.000000 0 0
0.000000 -0.000000 -0.000000 0 0
0.000000 -0.000000 -0.000000 0 0
0.000000 -0.000000 -0.000000 0 0
0.000000 -0.000000 -0.000000 0 0
0.000000 -0.000000 -0.000000 0 0
0.000000 -0.000000 -0.000000 0 0
0.000000 -0.000000 -0.000000 0 0
-0.203000 -1.962000 0.148000 1 0
-0.245000 -1.807000 0.136000 1 0
-0.281000 -1.672000 0.123000 2 0
-0.309000 -1.544000 0.113000 2 0
-0.234000 -1.840000 0.141000 1 0
-0.271000 -1.699000 0.128000 1 0
-0.303000 -1.581000 0.116000 2 0
-0.481000 -2.143000 0.154000 45 0
-0.262000 -1.730000 0.135000 1 0
-0.297000 -1.615000 0.123000 2 0
-0.463000 -2.140000 0.156000 8 0
-0.508000 -2.040000 0.145000 59 0
-0.287000 -1.636000 0.130000 2 0
-0.317000 -1.521000 0.116000 2 0
-0.499000 -2.072000 0.151000 52 0
-0.530000 -1.936000 0.135000 62 0
-0.307000 -1.539000 0.124000 2 0
-0.491000 -2.110000 0.163000 52 0
-0.521000 -1.963000 0.142000 56 0
-0.552000 -1.846000 0.127000 58 0
-0.481000 -2.144000 0.176000 48 0
-0.515000 -2.002000 0.156000 64 0
-0.544000 -1.872000 0.135000 63 0
-0.571000 -1.762000 0.120000 63 0
-0.508000 -2.038000 0.170000 55 0
-0.538000 -1.903000 0.149000 64 0
-0.564000 -1.787000 0.129000 63 0
-0.589000 -1.683000 0.113000 68 0
-0.530000 -1.930000 0.164000 59 0
-0.557000 -1.808000 0.143000 65 0
-0.586000 -1.714000 0.124000 66 0
-0.605000 -1.610000 0.106000 71 0
-0.552000 -1.838000 0.159000 56 0
-0.579000 -1.734000 0.139000 69 0
-0.600000 -1.632000 0.118000 69 0
-0.625000 -1.553000 0.101000 72 0
-0.571000 -1.750000 0.155000 60 0
-0.598000 -1.659000 0.134000 68 0
-0.617000 -1.565000 0.113000 69 0
0.000000 -0.000000 -0.000000 0 0
-0.591000 -1.676000 0.151000 65 0
-0.614000 -1.586000 0.130000 72 0
0.000000 -0.000000 -0.000000 0 0
0.000000 -0.000000 -0.000000 0 0
-0.608000 -1.604000 0.147000 66 0
-0.628000 -1.515000 0.125000 70 0
0.000000 -0.000000 -0.000000 0 0
0.000000 -0.000000 -0.000000 0 0
-0.623000 -1.531000 0.144000 68 0
0.000000 -0.000000 -0.000000 0 0
0.000000 -0.000000 -0.000000 0 0
0.000000 -0.000000 -0.000000 0 0
0.000000 -0.000000 -0.000000 0 0
0.000000 -0.000000 -0.000000 0 0
0.000000 -0.000000 -0.000000 0 0
0.000000 -0.000000 -0.000000 0 0
0.000000 -0.000000 -0.000000 0 0
0.000000 -0.000000 -0.000000 0 0
0.000000 -0.000000 -0.000000 0 0
0.000000 -0.000000 -0.000000 0 0
0.000000 -0.000000 -0.000000 0 0
0.000000 -0.000000 -0.000000 0 0
0.000000 -0.000000 -0.000000 0 0
0.000000 -0.000000 -0.000000 0 0
0.000000 -0.000000 -0.000000 0 0
0.000000 -0.000000 -0.000000 0 0
0.000000 -0.000000 -0.000000 0 0
0.000000 -0.000000 -0.000000 0 0
0.000000 -0.000000 -0.000000 0 0
0.000000 -0.000000 -0.000000 0 0
0.000000 -0.000000 -0.000000 0 0
0.000000 -0.000000 -0.000000 0 0
0.000000 -0.000000 -0.000000 0 0
0.000000 -0.000000 -0.000000 0 0
0.000000 -0.000000 -0.000000 0 0
0.000000 -0.000000 -0.000000 0 0
0.000000 -0.000000 -0.000000 0 0
0.000000 -0.000000 -0.000000 0 0
0.000000 -0.000000 -0.000000 0 0
0.000000 -0.000000 -0.000000 0 0
0.000000 -0.000000 -0.000000 0 0
0.000000 -0.000000 -0.000000 0 0
0.000000 -0.000000 -0.000000 0 0
0.000000 -0.000000 -0.000000 0 0
0.000000 -0.000000 -0.000000 0 0
0.000000 -0.000000 -0.000000 0 0
0.000000 -0.000000 -0.000000 0 0
0.000000 -0.000000 -0.000000 0 0
0.000000 -0.000000 -0.000000 0 0
0.000000 -0.000000 -0.000000 0 0
0.000000 -0.000000 -0.000000 0 0
0.000000 -0.000000 -0.000000 0 0
0.000000 -0.000000 -0.000000 0 0
0.000000 -0.000000 -0.000000 0 0
0.000000 -0.000000 -0.000000 0 0
0.000000 -0.000000 -0.000000 0 0
0.000000 -0.000000 -0.000000 0 0
0.000000 -0.000000 -0.000000 0 0
0.000000 -0.000000 -0.000000 0 0
0.000000 -0.000000 -0.000000 0 0
0.000000 -0.000000 -0.000000 0 0
0.000000 -0.000000 -0.000000 0 0
0.000000 -0.000000 -0.000000 0 0
0.000000 -0.000000 -0.000000 0 0
0.000000 -0.000000 -0.000000 0 0
0.000000 -0.000000 -0.000000 0 0
0.000000 -0.000000 -0.000000 0 0
0.000000 -0.000000 -0.000000 0 0
0.000000 -0.000000 -0.000000 0 0
0.000000 -0.000000 -0.000000 0 0
0.000000 -0.000000 -0.000000 0 0
0.000000 -0.000000 -0.000000 0 0
0.000000 -0.000000 -0.000000 0 0
0.000000 -0.000000 -0.000000 0 0
0.000000 -0.000000 -0.000000 0 0
0.000000 -0.000000 -0.000000 0 0
0.000000 -0.000000 -0.000000 0 0
0.000000 -0.000000 -0.000000 0 0
0.000000 -0.000000 -0.000000 0 0
0.000000 -0.000000 -0.000000 0 0
0.000000 -0.000000 -0.000000 0 0
0.000000 -0.000000 -0.000000 0 0
0.000000 -0.000000 -0.000000 0 0
0.000000 -0.000000 -0.000000 0 0
0.000000 -0.000000 -0.000000 0 0
0.000000 -0.000000 -0.000000 0 0
0.000000 -0.000000 -0.000000 0 0
0.000000 -0.000000 -0.000000 0 0
0.000000 -0.000000 -0.000000 0 0
0.000000 -0.000000 -0.000000 0 0
0.000000 -0.000000 -0.000000 0 0
0.000000 -0.000000 -0.000000 0 0
0.000000 -0.000000 -0.000000 0 0
0.000000 -0.000000 -0.000000 0 0
0.000000 -0.000000 -0.000000 0 0
0.000000 -0.000000 -0.000000 0 0
0.000000 -0.000000 -0.000000 0 0
0.000000 -0.000000 -0.000000 0 0
0.000000 -0.000000 -0.000000 0 0
0.000000 -0.000000 -0.000000 0 0
0.000000 -0.000000 -0.000000 0 0
0.000000 -0.000000 -0.000000 0 0
0.000000 -0.000000 -0.000000 0 0
0.000000 -0.000000 -0.000000 0 0
0.000000 -0.000000 -0.000000 0 0
0.000000 -0.000000 -0.000000 0 0
0.000000 -0.000000 -0.000000 0 0
0.000000 -0.000000 -0.000000 0 0
0.000000 -0.000000 -0.000000 0 0
0.000000 -0.000000 -0.000000 0 0
0.000000 -0.000000 -0.000000 0 0
0.000000 -0.000000 -0.000000 0 0
0.000000 -0.000000 -0.000000 0 0
0.000000 -0.000000 -0.000000 0 0
0.000000 -0.000000 -0.000000 0 0
0.000000 -0.000000 -0.000000 0 0
0.000000 -0.000000 -0.000000 0 0
0.000000 -0.000000 -0.000000 0 0
0.000000 -0.000000 -0.000000 0 0
0.000000 -0.000000 -0.000000 0 0
0.000000 -0.000000 -0.000000 0 0
0.000000 -0.000000 -0.000000 0 0
0.000000 -0.000000 -0.000000 0 0
0.000000 -0.000000 -0.000000 0 0
0.000000 -0.000000 -0.000000 0 0
0.000000 -0.000000 -0.000000 0 0
0.000000 -0.000000 -0.000000 0 0
0.000000 -0.000000 -0.000000 0 0
0.000000 -0.000000 -0.000000 0 0
0.000000 -0.000000 -0.000000 0 0
0.000000 -0.000000 -0.000000 0 0
0.000000 -0.000000 -0.000000 0 0
0.000000 -0.000000 -0.000000 0 0
0.000000 -0.000000 -0.000000 0 0
0.000000 -0.000000 -0.000000 0 0
0.000000 -0.000000 -0.000000 0 0
0.000000 -0.000000 -0.000000 0 0
0.000000 -0.000000 -0.000000 0 0
0.000000 -0.000000 -0.000000 0 0
0.000000 -0.000000 -0.000000 0 0
0.000000 -0.000000 -0.000000 0 0
0.000000 -0.000000 -0.000000 0 0
0.000000 -0.000000 -0.000000 0 0
0.000000 -0.000000 -0.000000 0 0
0.000000 -0.000000 -0.000000 0 0
0.000000 -0.000000 -0.000000 0 0
0.000000 -0.000000 -0.000000 0 0
0.000000 -0.000000 -0.000000 0 0
0.000000 -0.000000 -0.000000 0 0
0.000000 -0.000000 -0.000000 0 0
0.000000 -0.000000 -0.000000 0 0
0.000000 -0.000000 -0.000000 0 0
0.000000 -0.000000 -0.000000 0 0
0.000000 -0.000000 -0.000000 0 0
0.000000 -0.000000 -0.000000 0 0
0.000000 -0.000000 -0.000000 0 0
0.000000 -0.000000 -0.000000 0 0
0.000000 -0.000000 -0.000000 0 0
0.000000 -0.000000 -0.000000 0 0
0.000000 -0.000000 -0.000000 0 0
0.000000 -0.000000 -0.000000 0 0
0.000000 -0.000000 -0.000000 0 0
0.000000 -0.000000 -0.000000 0 0
0.000000 -0.000000 -0.000000 0 0
0.000000 -0.000000 -0.000000 0 0
0.000000 -0.000000 -0.000000 0 0
0.000000 -0.000000 -0.000000 0 0
0.000000 -0.000000 -0.000000 0 0
0.000000 -0.000000 -0.000000 0 0
0.000000 -0.000000 -0.000000 0 0
0.000000 -0.000000 -0.000000 0 0
0.000000 -0.000000 -0.000000 0 0
0.000000 -0.000000 -0.000000 0 0
0.000000 -0.000000 -0.000000 0 0
0.000000 -0.000000 -0.000000 0 0
0.000000 -0.000000 -0.000000 0 0
0.000000 -0.000000 -0.000000 0 0
0.000000 -0.000000 -0.000000 0 0
0.000000 -0.000000 -0.000000 0 0
0.000000 -0.000000 -0.000000 0 0
0.000000 -0.000000 -0.000000 0 0
0.000000 -0.000000 -0.000000 0 0
0.000000 -0.000000 -0.000000 0 0
0.000000 -0.000000 -0.000000 0 0
0.000000 -0.000000 -0.000000 0 0
0.000000 -0.000000 -0.000000 0 0
0.000000 -0.000000 -0.000000 0 0
0.000000 -0.000000 -0.000000 0 0
0.000000 -0.000000 -0.000000 0 0
0.000000 -0.000000 -0.000000 0 0
0.000000 -0.000000 -0.000000 0 0
0.000000 -0.000000 -0.000000 0 0
0.000000 -0.000000 -0.000000 0 0
0.000000 -0.000000 -0.000000 0 0
0.000000 -0.000000 -0.000000 0 0
0.000000 -0.000000 -0.000000 0 0
0.000000 -0.000000 -0.000000 0 0
0.000000 -0.000000 -0.000000 0 0
0.000000 -0.000000 -0.000000 0 0
0.000000 -0.000000 -0.000000 0 0
0.000000 -0.000000 -0.000000 0 0
0.000000 -0.000000 -0.000000 0 0
0.000000 -0.000000 -0.000000 0 0
0.000000 -0.000000 -0.000000 0 0
0.000000 -0.000000 -0.000000 0 0
0.000000 -0.000000 -0.000000 0 0
0.000000 -0.000000 -0.000000 0 0
0.000000 -0.000000 -0.000000 0 0
0.000000 -0.000000 -0.000000 0 0
0.000000 -0.000000 -0.000000 0 0
0.000000 -0.000000 -0.000000 0 0
0.000000 -0.000000 -0.000000 0 0
0.000000 -0.000000 -0.000000 0 0
0.000000 -0.000000 -0.000000 0 0
0.000000 -0.000000 -0.000000 0 0
0.000000 -0.000000 -0.000000 0 0
0.000000 -0.000000 -0.000000 0 0
0.000000 -0.000000 -0.000000 0 0
0.000000 -0.000000 -0.000000 0 0
0.000000 -0.000000 -0.000000 0 0
0.000000 -0.000000 -0.000000 0 0
0.000000 -0.000000 -0.000000 0 0
0.000000 -0.000000 -0.000000 0 0
0.000000 -0.000000 -0.000000 0 0
0.000000 -0.000000 -0.000000 0 0
0.000000 -0.000000 -0.000000 0 0
0.000000 -0.000000 -0.000000 0 0
0.000000 -0.000000 -0.000000 0 0
0.000000 -0.000000 -0.000000 0 0
0.000000 -0.000000 -0.000000 0 0
0.000000 -0.000000 -0.000000 0 0
0.000000 -0.000000 -0.000000 0 0
0.000000 -0.000000 -0.000000 0 0
0.000000 -0.000000 -0.000000 0 0
0.000000 -0.000000 -0.000000 0 0
0.000000 -0.000000 -0.000000 0 0
0.000000 -0.000000 -0.000000 0 0
0.000000 -0.000000 -0.000000 0 0
0.000000 -0.000000 -0.000000 0 0
0.000000 -0.000000 -0.000000 0 0
0.000000 -0.000000 -0.000000 0 0
0.000000 -0.000000 -0.000000 0 0
0.000000 -0.000000 -0.000000 0 0
0.000000 -0.000000 -0.000000 0 0
0.000000 -0.000000 -0.000000 0 0
0.000000 -0.000000 -0.000000 0 0
0.000000 -0.000000 -0.000000 0 0
0.000000 -0.000000 -0.000000 0 0
0.000000 -0.000000 -0.000000 0 0
0.000000 -0.000000 -0.000000 0 0
0.000000 -0.000000 -0.000000 0 0
0.000000 -0.000000 -0.000000 0 0
0.000000 -0.000000 -0.000000 0 0
0.000000 -0.000000 -0.000000 0 0
0.000000 -0.000000 -0.000000 0 0
0.000000 -0.000000 -0.000000 0 0
0.000000 -0.000000 -0.000000 0 0
0.000000 -0.000000 -0.000000 0 0
0.000000 -0.000000 -0.000000 0 0
0.000000 -0.000000 -0.000000 0 0
0.000000 -0.000000 -0.000000 0 0
0.000000 -0.000000 -0.000000 0 0
0.000000 -0.000000 -0.000000 0 0
0.000000 -0.000000 -0.000000 0 0
0.000000 -0.000000 -0.000000 0 0
0.000000 -0.000000 -0.000000 0 0
0.000000 -0.000000 -0.000000 0 0
0.000000 -0.000000 -0.000000 0 0
0.000000 -0.000000 -0.000000 0 0
0.000000 -0.000000 -0.000000 0 0
0.000000 -0.000000 -0.000000 0 0
0.000000 -0.000000 -0.000000 0 0
0.000000 -0.000000 -0.000000 0 0
0.000000 -0.000000 -0.000000 0 0
0.000000 -0.000000 -0.000000 0 0
0.000000 -0.000000 -0.000000 0 0
0.000000 -0.000000 -0.000000 0 0
0.000000 -0.000000 -0.000000 0 0
0.000000 -0.000000 -0.000000 0 0
0.000000 -0.000000 -0.000000 0 0
0.000000 -0.000000 -0.000000 0 0
0.000000 -0.000000 -0.000000 0 0
0.000000 -0.000000 -0.000000 0 0
0.000000 -0.000000 -0.000000 0 0
0.000000 -0.000000 -0.000000 0 0
0.000000 -0.000000 -0.000000 0 0
0.000000 -0.000000 -0.000000 0 0
0.000000 -0.000000 -0.000000 0 0
0.000000 -0.000000 -0.000000 0 0
0.000000 -0.000000 -0.000000 0 0
0.000000 -0.000000 -0.000000 0 0
0.000000 -0.000000 -0.000000 0 0
0.000000 -0.000000 -0.000000 0 0
0.000000 -0.000000 -0.000000 0 0
0.000000 -0.000000 -0.000000 0 0
0.000000 -0.000000 -0.000000 0 0
0.000000 -0.000000 -0.000000 0 0
0.000000 -0.000000 -0.000000 0 0
0.000000 -0.000000 -0.000000 0 0
0.000000 -0.000000 -0.000000 0 0
0.000000 -0.000000 -0.000000 0 0
0.000000 -0.000000 -0.000000 0 0
0.000000 -0.000000 -0.000000 0 0
0.000000 -0.000000 -0.000000 0 0
0.000000 -0.000000 -0.000000 0 0
0.000000 -0.000000 -0.000000 0 0
0.000000 -0.000000 -0.000000 0 0
0.000000 -0.000000 -0.000000 0 0
0.000000 -0.000000 -0.000000 0 0
0.000000 -0.000000 -0.000000 0 0
0.000000 -0.000000 -0.000000 0 0
0.000000 -0.000000 -0.000000 0 0
0.000000 -0.000000 -0.000000 0 0
0.000000 -0.000000 -0.000000 0 0
0.000000 -0.000000 -0.000000 0 0
0.000000 -0.000000 -0.000000 0 0
0.000000 -0.000000 -0.000000 0 0
0.000000 -0.000000 -0.000000 0 0
0.000000 -0.000000 -0.000000 0 0
0.000000 -0.000000 -0.000000 0 0
0.000000 -0.000000 -0.000000 0 0
0.000000 -0.000000 -0.000000 0 0
0.000000 -0.000000 -0.000000 0 0
0.000000 -0.000000 -0.000000 0 0
0.000000 -0.000000 -0.000000 0 0
0.000000 -0.000000 -0.000000 0 0
0.000000 -0.000000 -0.000000 0 0
0.000000 -0.000000 -0.000000 0 0
0.000000 -0.000000 -0.000000 0 0
0.000000 -0.000000 -0.000000 0 0
0.000000 -0.000000 -0.000000 0 0
0.000000 -0.000000 -0.000000 0 0
0.000000 -0.000000 -0.000000 0 0
0.000000 -0.000000 -0.000000 0 0
0.000000 -0.000000 -0.000000 0 0
0.000000 -0.000000 -0.000000 0 0
0.000000 -0.000000 -0.000000 0 0
0.000000 -0.000000 -0.000000 0 0
0.000000 -0.000000 -0.000000 0 0
0.000000 -0.000000 -0.000000 0 0
0.000000 -0.000000 -0.000000 0 0
0.000000 -0.000000 -0.000000 0 0
0.000000 -0.000000 -0.000000 0 0
0.000000 -0.000000 -0.000000 0 0
0.000000 -0.000000 -0.000000 0 0
0.000000 -0.000000 -0.000000 0 0
0.000000 -0.000000 -0.000000 0 0
0.000000 -0.000000 -0.000000 0 0
0.000000 -0.000000 -0.000000 0 0
0.000000 -0.000000 -0.000000 0 0
0.000000 -0.000000 -0.000000 0 0
0.000000 -0.000000 -0.000000 0 0
0.000000 -0.000000 -0.000000 0 0
0.000000 -0.000000 -0.000000 0 0
0.000000 -0.000000 -0.000000 0 0
0.000000 -0.000000 -0.000000 0 0
0.000000 -0.000000 -0.000000 0 0
0.000000 -0.000000 -0.000000 0 0
0.000000 -0.000000 -0.000000 0 0
0.000000 -0.000000 -0.000000 0 0
0.000000 -0.000000 -0.000000 0 0
0.000000 -0.000000 -0.000000 0 0
0.000000 -0.000000 -0.000000 0 0
0.000000 -0.000000 -0.000000 0 0
0.000000 -0.000000 -0.000000 0 0
0.000000 -0.000000 -0.000000 0 0
0.000000 -0.000000 -0.000000 0 0
0.000000 -0.000000 -0.000000 0 0
0.000000 -0.000000 -0.000000 0 0
0.000000 -0.000000 -0.000000 0 0
0.000000 -0.000000 -0.000000 0 0
0.000000 -0.000000 -0.000000 0 0
0.000000 -0.000000 -0.000000 0 0
0.000000 -0.000000 -0.000000 0 0
0.000000 -0.000000 -0.000000 0 0
0.000000 -0.000000 -0.000000 0 0
0.000000 -0.000000 -0.000000 0 0
0.000000 -0.000000 -0.000000 0 0
0.000000 -0.000000 -0.000000 0 0
0.000000 -0.000000 -0.000000 0 0
0.000000 -0.000000 -0.000000 0 0
0.000000 -0.000000 -0.000000 0 0
0.000000 -0.000000 -0.000000 0 0
0.000000 -0.000000 -0.000000 0 0
0.000000 -0.000000 -0.000000 0 0
0.000000 -0.000000 -0.000000 0 0
0.000000 -0.000000 -0.000000 0 0
0.000000 -0.000000 -0.000000 0 0
0.000000 -0.000000 -0.000000 0 0
0.000000 -0.000000 -0.000000 0 0
0.000000 -0.000000 -0.000000 0 0
0.000000 -0.000000 -0.000000 0 0
0.000000 -0.000000 -0.000000 0 0
0.000000 -0.000000 -0.000000 0 0
0.000000 -0.000000 -0.000000 0 0
0.000000 -0.000000 -0.000000 0 0
0.000000 -0.000000 -0.000000 0 0
0.000000 -0.000000 -0.000000 0 0
0.000000 -0.000000 -0.000000 0 0
0.000000 -0.000000 -0.000000 0 0
0.000000 -0.000000 -0.000000 0 0
0.000000 -0.000000 -0.000000 0 0
0.000000 -0.000000 -0.000000 0 0
0.000000 -0.000000 -0.000000 0 0
0.000000 -0.000000 -0.000000 0 0
0.000000 -0.000000 -0.000000 0 0
0.000000 -0.000000 -0.000000 0 0
0.000000 -0.000000 -0.000000 0 0
0.000000 -0.000000 -0.000000 0 0
0.000000 -0.000000 -0.000000 0 0
0.000000 -0.000000 -0.000000 0 0
0.000000 -0.000000 -0.000000 0 0
0.000000 -0.000000 -0.000000 0 0
0.000000 -0.000000 -0.000000 0 0
0.000000 -0.000000 -0.000000 0 0
0.000000 -0.000000 -0.000000 0 0
0.000000 -0.000000 -0.000000 0 0
0.000000 -0.000000 -0.000000 0 0
0.000000 -0.000000 -0.000000 0 0
0.000000 -0.000000 -0.000000 0 0
0.000000 -0.000000 -0.000000 0 0
0.000000 -0.000000 -0.000000 0 0
0.000000 -0.000000 -0.000000 0 0
0.000000 -0.000000 -0.000000 0 0
0.000000 -0.000000 -0.000000 0 0
0.000000 -0.000000 -0.000000 0 0
0.000000 -0.000000 -0.000000 0 0
0.000000 -0.000000 -0.000000 0 0
0.000000 -0.000000 -0.000000 0 0
0.000000 -0.000000 -0.000000 0 0
0.000000 -0.000000 -0.000000 0 0
0.000000 -0.000000 -0.000000 0 0
0.000000 -0.000000 -0.000000 0 0
0.000000 -0.000000 -0.000000 0 0
0.000000 -0.000000 -0.000000 0 0
0.000000 -0.000000 -0.000000 0 0
0.000000 -0.000000 -0.000000 0 0
0.000000 -0.000000 -0.000000 0 0
0.000000 -0.000000 -0.000000 0 0
0.000000 -0.000000 -0.000000 0 0
0.000000 -0.000000 -0.000000 0 0
0.000000 -0.000000 -0.000000 0 0
0.000000 -0.000000 -0.000000 0 0
0.000000 -0.000000 -0.000000 0 0
0.000000 -0.000000 -0.000000 0 0
0.000000 -0.000000 -0.000000 0 0
0.000000 -0.000000 -0.000000 0 0
0.000000 -0.000000 -0.000000 0 0
0.000000 -0.000000 -0.000000 0 0
0.000000 -0.000000 -0.000000 0 0
0.000000 -0.000000 -0.000000 0 0
0.000000 -0.000000 -0.000000 0 0
0.000000 -0.000000 -0.000000 0 0
0.000000 -0.000000 -0.000000 0 0
0.000000 -0.000000 -0.000000 0 0
0.000000 -0.000000 -0.000000 0 0
0.000000 -0.000000 -0.000000 0 0
0.000000 -0.000000 -0.000000 0 0
0.000000 -0.000000 -0.000000 0 0
0.000000 -0.000000 -0.000000 0 0
0.000000 -0.000000 -0.000000 0 0
0.000000 -0.000000 -0.000000 0 0
0.000000 -0.000000 -0.000000 0 0
0.000000 -0.000000 -0.000000 0 0
0.000000 -0.000000 -0.000000 0 0
0.000000 -0.000000 -0.000000 0 0
0.000000 -0.000000 -0.000000 0 0
0.000000 -0.000000 -0.000000 0 0
0.000000 -0.000000 -0.000000 0 0
0.000000 -0.000000 -0.000000 0 0
0.000000 -0.000000 -0.000000 0 0
0.000000 -0.000000 -0.000000 0 0
0.000000 -0.000000 -0.000000 0 0
0.000000 -0.000000 -0.000000 0 0
0.000000 -0.000000 -0.000000 0 0
0.000000 -0.000000 -0.000000 0 0
0.000000 -0.000000 -0.000000 0 0
0.000000 -0.000000 -0.000000 0 0
0.000000 -0.000000 -0.000000 0 0
0.000000 -0.000000 -0.000000 0 0
0.000000 -0.000000 -0.000000 0 0
0.000000 -0.000000 -0.000000 0 0
0.000000 -0.000000 -0.000000 0 0
0.000000 -0.000000 -0.000000 0 0
0.000000 -0.000000 -0.000000 0 0
0.000000 -0.000000 -0.000000 0 0
-1.188000 0.662000 0.047000 0 0
-1.186000 0.651000 0.003000 0 0
-1.218000 0.741000 0.147000 10 0
-1.210000 0.724000 0.096000 8 0
-1.195000 0.703000 0.048000 0 0
0.000000 -0.000000 -0.000000 0 0
-1.223000 0.784000 0.149000 8 0
-1.227000 0.774000 0.098000 8 0
0.000000 -0.000000 -0.000000 0 0
-1.201000 0.731000 0.003000 0 0
-1.253000 0.847000 0.154000 9 0
-1.231000 0.817000 0.099000 10 0
-1.217000 0.792000 0.050000 0 0
-1.221000 0.781000 0.004000 10 0
-1.242000 0.884000 0.154000 0 0
-1.245000 0.869000 0.101000 0 0
-1.232000 0.843000 0.051000 9 0
-1.223000 0.822000 0.004000 0 0
-1.268000 0.949000 0.159000 8 0
-1.251000 0.918000 0.103000 9 0
-1.246000 0.895000 0.052000 0 0
-1.246000 0.878000 0.005000 9 0
-1.231000 0.968000 0.156000 0 0
-1.271000 0.979000 0.106000 1 0
-1.257000 0.948000 0.054000 9 0
-1.248000 0.923000 0.005000 0 0
-1.201000 0.992000 0.154000 12 0
-1.215000 0.982000 0.102000 11 0
-1.238000 0.979000 0.054000 1 0
-1.256000 0.972000 0.006000 14 0
-1.240000 1.074000 0.161000 5 1
-1.202000 1.019000 0.102000 0 0
-1.195000 0.990000 0.053000 16 0
-1.187000 0.963000 0.006000 0 0
-1.242000 1.130000 0.164000 65 0
-1.232000 1.095000 0.106000 67 0
-1.241000 1.077000 0.056000 5 0
-1.191000 1.011000 0.007000 9 0
-1.262000 1.204000 0.168000 62 0
-1.264000 1.177000 0.111000 13 0
-1.235000 1.123000 0.057000 64 0
-1.238000 1.100000 0.008000 15 0
-1.282000 1.283000 0.174000 58 0
-1.267000 1.237000 0.113000 62 0
-1.264000 1.203000 0.060000 12 0
-1.250000 1.162000 0.009000 66 0
-1.302000 1.366000 0.179000 62 0
-1.286000 1.315000 0.116000 65 0
-1.274000 1.270000 0.061000 62 0
-1.262000 1.227000 0.010000 63 0
0.000000 -0.000000 -0.000000 0 0
0.000000 -0.000000 -0.000000 0 0
0.000000 -0.000000 -0.000000 0 0
0.000000 -0.000000 -0.000000 0 0
0.000000 -0.000000 -0.000000 0 0
0.000000 -0.000000 -0.000000 0 0
0.000000 -0.000000 -0.000000 0 0
0.000000 -0.000000 -0.000000 0 0
0.000000 -0.000000 -0.000000 0 0
0.000000 -0.000000 -0.000000 0 0
0.000000 -0.000000 -0.000000 0 0
0.000000 -0.000000 -0.000000 0 0
0.000000 -0.000000 -0.000000 0 0
0.000000 -0.000000 -0.000000 0 0
0.000000 -0.000000 -0.000000 0 0
0.000000 -0.000000 -0.000000 0 0
0.000000 -0.000000 -0.000000 0 0
0.000000 -0.000000 -0.000000 0 0
0.000000 -0.000000 -0.000000 0 0
0.000000 -0.000000 -0.000000 0 0
0.000000 -0.000000 -0.000000 0 0
0.000000 -0.000000 -0.000000 0 0
0.000000 -0.000000 -0.000000 0 0
0.000000 -0.000000 -0.000000 0 0
0.000000 -0.000000 -0.000000 0 0
0.000000 -0.000000 -0.000000 0 0
0.000000 -0.000000 -0.000000 0 0
0.000000 -0.000000 -0.000000 0 0
0.000000 -0.000000 -0.000000 0 0
0.000000 -0.000000 -0.000000 0 0
0.000000 -0.000000 -0.000000 0 0
0.000000 -0.000000 -0.000000 0 0
0.000000 -0.000000 -0.000000 0 0
0.000000 -0.000000 -0.000000 0 0
0.000000 -0.000000 -0.000000 0 0
0.000000 -0.000000 -0.000000 0 0
0.000000 -0.000000 -0.000000 0 0
0.000000 -0.000000 -0.000000 0 0
0.000000 -0.000000 -0.000000 0 0
0.000000 -0.000000 -0.000000 0 0
0.000000 -0.000000 -0.000000 0 0
0.000000 -0.000000 -0.000000 0 0
0.000000 -0.000000 -0.000000 0 0
0.000000 -0.000000 -0.000000 0 0
0.000000 -0.000000 -0.000000 0 0
0.000000 -0.000000 -0.000000 0 0
-1.188000 0.662000 0.047000 0 0
-1.186000 0.651000 0.003000 0 0
-1.218000 0.741000 0.147000 10 0
-1.210000 0.724000 0.096000 8 0
-1.195000 0.703000 0.048000 0 0
0.000000 -0.000000 -0.000000 0 0
-1.223000 0.784000 0.149000 8 0
-1.227000 0.774000 0.098000 8 0
0.000000 -0.000000 -0.000000 0 0
-1.201000 0.731000 0.003000 0 0
-1.253000 0.847000 0.154000 9 0
-1.231000 0.817000 0.099000 10 0
-1.217000 0.792000 0.050000 0 0
-1.221000 0.781000 0.004000 10 0
-1.242000 0.884000 0.154000 0 0
-1.245000 0.869000 0.101000 0 0
-1.232000 0.843000 0.051000 9 0
-1.223000 0.822000 0.004000 0 0
-1.268000 0.949000 0.159000 8 0
-1.251000 0.918000 0.103000 9 0
-1.246000 0.895000 0.052000 0 0
-1.246000 0.878000 0.005000 9 0
-1.231000 0.968000 0.156000 0 0
-1.271000 0.979000 0.106000 1 0
-1.257000 0.948000 0.054000 9 0
-1.248000 0.923000 0.005000 0 0
-1.201000 0.992000 0.154000 12 0
-1.215000 0.982000 0.102000 11 0
-1.238000 0.979000 0.054000 1 0
-1.256000 0.972000 0.006000 14 0
-1.240000 1.074000 0.161000 5 1
-1.202000 1.019000 0.102000 0 0
-1.195000 0.990000 0.053000 16 0
-1.187000 0.963000 0.006000 0 0
-1.242000 1.130000 0.164000 65 0
-1.232000 1.095000 0.106000 67 0
-1.241000 1.077000 0.056000 5 0
-1.191000 1.011000 0.007000 9 0
-1.262000 1.204000 0.168000 62 0
-1.264000 1.177000 0.111000 13 0
-1.235000 1.123000 0.057000 64 0
-1.238000 1.100000 0.008000 15 0
-1.282000 1.283000 0.174000 58 0
-1.267000 1.237000 0.113000 62 0
-1.264000 1.203000 0.060000 12 0
-1.250000 1.162000 0.009000 66 0
-1.302000 1.366000 0.179000 62 0
-1.286000 1.315000 0.116000 65 0
-1.274000 1.270000 0.061000 62 0
-1.262000 1.227000 0.010000 63 0
-1.329000 1.463000 0.186000 54 0
-1.312000 1.406000 0.121000 59 0
-1.295000 1.352000 0.064000 59 0
-1.281000 1.304000 0.011000 58 0
-1.352000 1.562000 0.192000 58 0
-1.332000 1.497000 0.125000 54 0
-1.315000 1.437000 0.067000 56 0
-1.299000 1.383000 0.013000 58 0
-5.236000 6.350000 0.759000 105 0
-1.361000 1.603000 0.130000 50 0
-1.339000 1.532000 0.070000 56 0
-1.326000 1.476000 0.014000 58 0
-5.034000 6.409000 0.744000 114 0
-5.158000 6.373000 0.506000 116 0
-1.358000 1.627000 0.073000 13 0
-1.349000 1.573000 0.016000 58 0
-4.827000 6.453000 0.728000 109 0
-4.949000 6.415000 0.496000 121 0
-5.086000 6.388000 0.282000 120 0
-5.218000 6.366000 0.070000 116 0
-4.625000 6.501000 0.713000 122 0
-4.754000 6.467000 0.488000 123 0
-4.885000 6.434000 0.280000 122 0
-5.015000 6.408000 0.074000 115 0
-4.431000 6.552000 0.699000 120 0
-4.559000 6.517000 0.480000 123 0
-4.692000 6.484000 0.278000 122 0
-4.823000 6.459000 0.078000 113 0
-4.234000 6.590000 0.684000 125 0
-4.364000 6.559000 0.472000 123 0
-4.500000 6.530000 0.276000 121 0
-4.628000 6.498000 0.082000 123 0
-4.040000 6.631000 0.670000 128 0
-4.182000 6.612000 0.465000 132 0
-4.312000 6.575000 0.275000 120 0
-4.441000 6.546000 0.086000 129 0
-3.854000 6.675000 0.657000 128 0
-3.996000 6.659000 0.458000 128 0
-4.124000 6.614000 0.274000 118 0
-4.255000 6.588000 0.091000 129 0
-3.667000 6.715000 0.644000 126 0
-3.806000 6.690000 0.450000 126 0
-3.943000 6.662000 0.273000 119 0
-4.070000 6.625000 0.096000 130 0
-3.484000 6.754000 0.631000 126 0
-3.626000 6.736000 0.444000 128 0
-3.761000 6.700000 0.272000 116 0
-3.888000 6.665000 0.100000 128 0
-3.306000 6.797000 0.620000 124 0
-3.447000 6.777000 0.438000 129 0
-3.582000 6.739000 0.271000 116 0
-3.715000 6.712000 0.105000 131 0
-3.132000 6.843000 0.609000 123 0
-3.271000 6.819000 0.432000 128 0
-3.405000 6.781000 0.270000 115 0
-3.537000 6.747000 0.110000 131 0
-2.957000 6.889000 0.598000 117 0
-3.097000 6.859000 0.426000 121 0
-3.232000 6.822000 0.270000 113 0
-3.365000 6.793000 0.115000 133 0
-2.781000 6.923000 0.586000 120 0
-2.920000 6.892000 0.420000 121 0
-3.059000 6.863000 0.270000 113 0
-3.197000 6.837000 0.121000 129 0
-2.611000 6.972000 0.577000 111 0
-2.751000 6.938000 0.416000 120 0
-2.890000 6.906000 0.271000 111 0
-3.024000 6.875000 0.126000 128 0
-2.437000 7.002000 0.566000 114 0
-2.581000 6.980000 0.411000 115 0
-2.718000 6.937000 0.271000 110 0
-2.854000 6.910000 0.132000 132 0
-2.269000 7.048000 0.556000 101 0
-2.411000 7.018000 0.406000 111 0
-2.550000 6.981000 0.272000 110 0
-2.689000 6.953000 0.138000 124 0
-2.097000 7.084000 0.546000 93 0
-2.244000 7.059000 0.402000 106 0
-2.383000 7.020000 0.273000 109 0
-2.520000 6.989000 0.144000 124 0
-1.930000 7.126000 0.537000 101 0
-2.075000 7.097000 0.398000 108 0
-2.218000 7.062000 0.274000 107 0
-2.355000 7.029000 0.150000 122 0
-1.761000 7.168000 0.528000 100 0
-1.907000 7.134000 0.394000 103 0
-2.050000 7.100000 0.275000 105 0
-2.190000 7.065000 0.157000 121 0
-1.592000 7.204000 0.519000 101 0
-1.739000 7.173000 0.390000 104 0
-1.887000 7.148000 0.277000 107 0
-2.025000 7.109000 0.163000 117 0
-1.425000 7.242000 0.510000 102 0
-1.574000 7.215000 0.386000 105 0
-1.720000 7.184000 0.278000 105 0
-1.860000 7.144000 0.170000 113 0
-1.329000 1.463000 0.186000 54 0
-1.312000 1.406000 0.121000 59 0
-1.295000 1.352000 0.064000 59 0
-1.281000 1.304000 0.011000 58 0
-1.352000 1.562000 0.192000 58 0
-1.332000 1.497000 0.125000 54 0
-1.315000 1.437000 0.067000 56 0
-1.299000 1.383000 0.013000 58 0
-5.236000 6.350000 0.759000 105 0
-1.361000 1.603000 0.130000 50 0
-1.339000 1.532000 0.070000 56 0
-1.326000 1.476000 0.014000 58 0
-5.034000 6.409000 0.744000 114 0
-5.158000 6.373000 0.506000 116 0
-1.358000 1.627000 0.073000 13 0
-1.349000 1.573000 0.016000 58 0
-4.827000 6.453000 0.728000 109 0
-4.949000 6.415000 0.496000 121 0
-5.086000 6.388000 0.282000 120 0
-5.218000 6.366000 0.070000 116 0
-4.625000 6.501000 0.713000 122 0
-4.754000 6.467000 0.488000 123 0
-4.885000 6.434000 0.280000 122 0
-5.015000 6.408000 0.074000 115 0
-4.431000 6.552000 0.699000 120 0
-4.559000 6.517000 0.480000 123 0
-4.692000 6.484000 0.278000 122 0
-4.823000 6.459000 0.078000 113 0
-4.234000 6.590000 0.684000 125 0
-4.364000 6.559000 0.472000 123 0
-4.500000 6.530000 0.276000 121 0
-4.628000 6.498000 0.082000 123 0
-4.040000 6.631000 0.670000 128 0
-4.182000 6.612000 0.465000 132 0
-4.312000 6.575000 0.275000 120 0
-4.441000 6.546000 0.086000 129 0
-3.854000 6.675000 0.657000 128 0
-3.996000 6.659000 0.458000 128 0
-4.124000 6.614000 0.274000 118 0
-4.255000 6.588000 0.091000 129 0
-3.667000 6.715000 0.644000 126 0
-3.806000 6.690000 0.450000 126 0
-3.943000 6.662000 0.273000 119 0
-4.070000 6.625000 0.096000 130 0
-3.484000 6.754000 0.631000 126 0
-3.626000 6.736000 0.444000 128 0
-3.761000 6.700000 0.272000 116 0
-3.888000 6.665000 0.100000 128 0
-3.306000 6.797000 0.620000 124 0
-3.447000 6.777000 0.438000 129 0
-3.582000 6.739000 0.271000 116 0
-3.715000 6.712000 0.105000 131 0
-3.132000 6.843000 0.609000 123 0
-3.271000 6.819000 0.432000 128 0
-3.405000 6.781000 0.270000 115 0
-3.537000 6.747000 0.110000 131 0
-2.957000 6.889000 0.598000 117 0
-3.097000 6.859000 0.426000 121 0
-3.232000 6.822000 0.270000 113 0
-3.365000 6.793000 0.115000 133 0
-2.781000 6.923000 0.586000 120 0
-2.920000 6.892000 0.420000 121 0
-3.059000 6.863000 0.270000 113 0
-3.197000 6.837000 0.121000 129 0
-2.611000 6.972000 0.577000 111 0
-2.751000 6.938000 0.416000 120 0
-2.890000 6.906000 0.271000 111 0
-3.024000 6.875000 0.126000 128 0
-2.437000 7.002000 0.566000 114 0
-2.581000 6.980000 0.411000 115 0
-2.718000 6.937000 0.271000 110 0
-2.854000 6.910000 0.132000 132 0
-2.269000 7.048000 0.556000 101 0
-2.411000 7.018000 0.406000 111 0
-2.550000 6.981000 0.272000 110 0
-2.689000 6.953000 0.138000 124 0
-2.097000 7.084000 0.546000 93 0
-2.244000 7.059000 0.402000 106 0
-2.383000 7.020000 0.273000 109 0
-2.520000 6.989000 0.144000 124 0
-1.930000 7.126000 0.537000 101 0
-2.075000 7.097000 0.398000 108 0
-2.218000 7.062000 0.274000 107 0
-2.355000 7.029000 0.150000 122 0
-1.761000 7.168000 0.528000 100 0
-1.907000 7.134000 0.394000 103 0
-2.050000 7.100000 0.275000 105 0
-2.190000 7.065000 0.157000 121 0
-1.592000 7.204000 0.519000 101 0
-1.739000 7.173000 0.390000 104 0
-1.887000 7.148000 0.277000 107 0
-2.025000 7.109000 0.163000 117 0
-1.425000 7.242000 0.510000 102 0
-1.574000 7.215000 0.386000 105 0
-1.720000 7.184000 0.278000 105 0
-1.860000 7.144000 0.170000 113 0
-1.255000 7.282000 0.502000 114 0
-1.406000 7.249000 0.383000 105 0
-1.553000 7.216000 0.280000 106 0
-1.697000 7.187000 0.177000 114 0
-1.087000 7.317000 0.493000 125 0
-1.238000 7.288000 0.380000 115 0
-1.388000 7.262000 0.282000 106 0
-1.529000 7.218000 0.183000 112 0
-0.918000 7.354000 0.485000 100 0
-1.071000 7.328000 0.377000 127 0
-1.220000 7.295000 0.284000 108 0
-1.364000 7.257000 0.191000 117 0
-0.749000 7.415000 0.479000 21 0
-0.904000 7.375000 0.375000 95 0
-1.053000 7.328000 0.286000 110 0
-1.200000 7.295000 0.198000 120 0
0.000000 -0.000000 -0.000000 0 0
-0.734000 7.411000 0.372000 18 0
-0.887000 7.375000 0.289000 104 0
-1.034000 7.346000 0.206000 125 0
0.000000 -0.000000 -0.000000 0 192
0.000000 -0.000000 -0.000000 0 0
-0.718000 7.424000 0.293000 18 0
-0.866000 7.378000 0.214000 109 0
0.000000 -0.000000 -0.000000 0 128
0.000000 -0.000000 -0.000000 0 192
0.000000 -0.000000 -0.000000 0 0
-0.696000 7.398000 0.222000 13 0
0.000000 -0.000000 -0.000000 0 192
0.000000 -0.000000 -0.000000 0 128
0.000000 -0.000000 -0.000000 0 192
0.000000 -0.000000 -0.000000 0 0
0.000000 -0.000000 -0.000000 0 128
0.000000 -0.000000 -0.000000 0 192
0.000000 -0.000000 -0.000000 0 128
0.000000 -0.000000 -0.000000 0 192
0.000000 -0.000000 -0.000000 0 192
0.000000 -0.000000 -0.000000 0 128
0.000000 -0.000000 -0.000000 0 192
0.000000 -0.000000 -0.000000 0 128
0.000000 -0.000000 -0.000000 0 128
0.000000 -0.000000 -0.000000 0 192
0.000000 -0.000000 -0.000000 0 128
0.000000 -0.000000 -0.000000 0 192
0.000000 -0.000000 -0.000000 0 128
0.000000 -0.000000 -0.000000 0 128
0.000000 -0.000000 -0.000000 0 192
0.000000 -0.000000 -0.000000 0 128
0.179000 1.654000 0.088000 22 0
0.152000 1.761000 0.081000 0 0
0.000000 -0.000000 -0.000000 0 128
0.000000 -0.000000 -0.000000 0 192
0.203000 1.546000 0.080000 32 0
0.180000 1.641000 0.075000 17 0
0.156000 1.755000 0.073000 1 0
0.000000 -0.000000 -0.000000 0 128
0.239000 1.539000 0.078000 15 0
0.206000 1.549000 0.070000 39 0
0.183000 1.637000 0.069000 18 0
0.160000 1.753000 0.067000 1 0
0.279000 1.563000 0.078000 12 0
0.244000 1.559000 0.070000 11 0
0.211000 1.556000 0.066000 10 0
0.187000 1.626000 0.064000 18 0
0.319000 1.573000 0.076000 15 0
0.282000 1.565000 0.070000 11 0
0.248000 1.558000 0.067000 11 0
0.214000 1.546000 0.063000 59 0
0.358000 1.578000 0.075000 14 0
0.321000 1.572000 0.070000 11 0
0.287000 1.567000 0.068000 11 0
0.253000 1.563000 0.066000 14 0
0.399000 1.591000 0.074000 12 0
0.362000 1.581000 0.070000 55 0
0.327000 1.578000 0.069000 12 0
0.292000 1.567000 0.068000 13 0
0.440000 1.594000 0.073000 58 0
0.403000 1.592000 0.070000 12 0
0.368000 1.589000 0.071000 11 0
0.332000 1.580000 0.070000 13 0
0.486000 1.616000 0.072000 13 0
0.444000 1.598000 0.070000 56 0
0.407000 1.591000 0.072000 12 0
0.373000 1.587000 0.073000 12 0
0.525000 1.613000 0.070000 58 0
0.487000 1.608000 0.070000 58 0
0.449000 1.599000 0.073000 12 0
0.414000 1.594000 0.075000 52 0
0.572000 1.629000 0.069000 59 0
0.532000 1.621000 0.071000 60 0
0.492000 1.605000 0.075000 53 0
0.456000 1.602000 0.078000 14 0
0.618000 1.637000 0.068000 27 0
0.576000 1.628000 0.071000 55 0
0.539000 1.625000 0.077000 12 0
0.499000 1.608000 0.081000 51 0
-1.255000 7.282000 0.502000 114 0
-1.406000 7.249000 0.383000 105 0
-1.553000 7.216000 0.280000 106 0
-1.697000 7.187000 0.177000 114 0
-1.087000 7.317000 0.493000 125 0
-1.238000 7.288000 0.380000 115 0
-1.388000 7.262000 0.282000 106 0
-1.529000 7.218000 0.183000 112 0
-0.918000 7.354000 0.485000 100 0
-1.071000 7.328000 0.377000 127 0
-1.220000 7.295000 0.284000 108 0
-1.364000 7.257000 0.191000 117 0
-0.749000 7.415000 0.479000 21 0
-0.904000 7.375000 0.375000 95 0
-1.053000 7.328000 0.286000 110 0
-1.200000 7.295000 0.198000 120 0
0.000000 -0.000000 -0.000000 0 0
-0.734000 7.411000 0.372000 18 0
-0.887000 7.375000 0.289000 104 0
-1.034000 7.346000 0.206000 125 0
0.000000 -0.000000 -0.000000 0 192
0.000000 -0.000000 -0.000000 0 0
-0.718000 7.424000 0.293000 18 0
-0.866000 7.378000 0.214000 109 0
0.000000 -0.000000 -0.000000 0 128
0.000000 -0.000000 -0.000000 0 192
0.000000 -0.000000 -0.000000 0 0
-0.696000 7.398000 0.222000 13 0
0.000000 -0.000000 -0.000000 0 192
0.000000 -0.000000 -0.000000 0 128
0.000000 -0.000000 -0.000000 0 192
0.000000 -0.000000 -0.000000 0 0
0.000000 -0.000000 -0.000000 0 128
0.000000 -0.000000 -0.000000 0 192
0.000000 -0.000000 -0.000000 0 128
0.000000 -0.000000 -0.000000 0 192
0.000000 -0.000000 -0.000000 0 192
0.000000 -0.000000 -0.000000 0 128
0.000000 -0.000000 -0.000000 0 192
0.000000 -0.000000 -0.000000 0 128
0.000000 -0.000000 -0.000000 0 128
0.000000 -0.000000 -0.000000 0 192
0.000000 -0.000000 -0.000000 0 128
0.000000 -0.000000 -0.000000 0 192
0.000000 -0.000000 -0.000000 0 128
0.000000 -0.000000 -0.000000 0 128
0.000000 -0.000000 -0.000000 0 192
0.000000 -0.000000 -0.000000 0 128
0.179000 1.654000 0.088000 22 0
0.152000 1.761000 0.081000 0 0
0.000000 -0.000000 -0.000000 0 128
0.000000 -0.000000 -0.000000 0 192
0.203000 1.546000 0.080000 32 0
0.180000 1.641000 0.075000 17 0
0.156000 1.755000 0.073000 1 0
0.000000 -0.000000 -0.000000 0 128
0.239000 1.539000 0.078000 15 0
0.206000 1.549000 0.070000 39 0
0.183000 1.637000 0.069000 18 0
0.160000 1.753000 0.067000 1 0
0.279000 1.563000 0.078000 12 0
0.244000 1.559000 0.070000 11 0
0.211000 1.556000 0.066000 10 0
0.187000 1.626000 0.064000 18 0
0.319000 1.573000 0.076000 15 0
0.282000 1.565000 0.070000 11 0
0.248000 1.558000 0.067000 11 0
0.214000 1.546000 0.063000 59 0
0.358000 1.578000 0.075000 14 0
0.321000 1.572000 0.070000 11 0
0.287000 1.567000 0.068000 11 0
0.253000 1.563000 0.066000 14 0
0.399000 1.591000 0.074000 12 0
0.362000 1.581000 0.070000 55 0
0.327000 1.578000 0.069000 12 0
0.292000 1.567000 0.068000 13 0
0.440000 1.594000 0.073000 58 0
0.403000 1.592000 0.070000 12 0
0.368000 1.589000 0.071000 11 0
0.332000 1.580000 0.070000 13 0
0.486000 1.616000 0.072000 13 0
0.444000 1.598000 0.070000 56 0
0.407000 1.591000 0.072000 12 0
0.373000 1.587000 0.073000 12 0
0.525000 1.613000 0.070000 58 0
0.487000 1.608000 0.070000 58 0
0.449000 1.599000 0.073000 12 0
0.414000 1.594000 0.075000 52 0
0.572000 1.629000 0.069000 59 0
0.532000 1.621000 0.071000 60 0
0.492000 1.605000 0.075000 53 0
0.456000 1.602000 0.078000 14 0
0.618000 1.637000 0.068000 27 0
0.576000 1.628000 0.071000 55 0
0.539000 1.625000 0.077000 12 0
0.499000 1.608000 0.081000 51 0
0.665000 1.649000 0.067000 21 0
0.624000 1.641000 0.071000 24 0
0.584000 1.632000 0.078000 58 0
0.545000 1.621000 0.084000 50 0
0.715000 1.661000 0.066000 5 0
0.671000 1.651000 0.072000 16 0
0.631000 1.641000 0.080000 19 0
0.591000 1.632000 0.087000 53 0
0.000000 -0.000000 -0.000000 0 0
0.722000 1.664000 0.072000 3 0
0.679000 1.651000 0.082000 9 0
0.637000 1.636000 0.090000 27 0
0.000000 -0.000000 -0.000000 0 128
0.000000 -0.000000 -0.000000 0 0
0.730000 1.664000 0.084000 1 0
0.688000 1.652000 0.094000 5 0
0.000000 -0.000000 -0.000000 0 128
0.000000 -0.000000 -0.000000 0 128
0.000000 -0.000000 -0.000000 0 0
0.000000 -0.000000 -0.000000 0 0
0.000000 -0.000000 -0.000000 0 128
0.000000 -0.000000 -0.000000 0 128
0.000000 -0.000000 -0.000000 0 128
0.000000 -0.000000 -0.000000 0 128
0.000000 -0.000000 -0.000000 0 128
0.000000 -0.000000 -0.000000 0 128
0.000000 -0.000000 -0.000000 0 128
0.000000 -0.000000 -0.000000 0 128
0.000000 -0.000000 -0.000000 0 128
0.000000 -0.000000 -0.000000 0 128
0.000000 -0.000000 -0.000000 0 0
0.000000 -0.000000 -0.000000 0 128
0.000000 -0.000000 -0.000000 0 128
0.000000 -0.000000 -0.000000 0 128
0.000000 -0.000000 -0.000000 0 0
0.000000 -0.000000 -0.000000 0 128
0.000000 -0.000000 -0.000000 0 128
0.000000 -0.000000 -0.000000 0 128
0.000000 -0.000000 -0.000000 0 128
0.000000 -0.000000 -0.000000 0 128
0.000000 -0.000000 -0.000000 0 128
0.000000 -0.000000 -0.000000 0 0
0.000000 -0.000000 -0.000000 0 128
0.000000 -0.000000 -0.000000 0 128
0.000000 -0.000000 -0.000000 0 128
0.000000 -0.000000 -0.000000 0 128
0.000000 -0.000000 -0.000000 0 128
0.000000 -0.000000 -0.000000 0 128
0.000000 -0.000000 -0.000000 0 128
0.000000 -0.000000 -0.000000 0 128
0.000000 -0.000000 -0.000000 0 128
0.000000 -0.000000 -0.000000 0 128
0.000000 -0.000000 -0.000000 0 128
0.000000 -0.000000 -0.000000 0 128
0.000000 -0.000000 -0.000000 0 0
0.000000 -0.000000 -0.000000 0 128
0.000000 -0.000000 -0.000000 0 128
0.000000 -0.000000 -0.000000 0 0
0.000000 -0.000000 -0.000000 0 0
0.000000 -0.000000 -0.000000 0 128
0.000000 -0.000000 -0.000000 0 128
0.000000 -0.000000 -0.000000 0 0
0.000000 -0.000000 -0.000000 0 128
0.000000 -0.000000 -0.000000 0 192
0.000000 -0.000000 -0.000000 0 128
0.000000 -0.000000 -0.000000 0 128
0.000000 -0.000000 -0.000000 0 128
0.000000 -0.000000 -0.000000 0 192
0.000000 -0.000000 -0.000000 0 128
0.000000 -0.000000 -0.000000 0 128
0.000000 -0.000000 -0.000000 0 0
0.000000 -0.000000 -0.000000 0 192
0.000000 -0.000000 -0.000000 0 128
0.000000 -0.000000 -0.000000 0 128
0.000000 -0.000000 -0.000000 0 0
0.000000 -0.000000 -0.000000 0 192
0.000000 -0.000000 -0.000000 0 128
0.000000 -0.000000 -0.000000 0 128
0.000000 -0.000000 -0.000000 0 128
0.000000 -0.000000 -0.000000 0 128
0.000000 -0.000000 -0.000000 0 128
0.000000 -0.000000 -0.000000 0 128
0.000000 -0.000000 -0.000000 0 128
0.000000 -0.000000 -0.000000 0 128
0.000000 -0.000000 -0.000000 0 128
0.000000 -0.000000 -0.000000 0 128
0.000000 -0.000000 -0.000000 0 128
0.000000 -0.000000 -0.000000 0 128
0.000000 -0.000000 -0.000000 0 128
0.000000 -0.000000 -0.000000 0 128
0.000000 -0.000000 -0.000000 0 128
0.000000 -0.000000 -0.000000 0 128
0.000000 -0.000000 -0.000000 0 0
0.000000 -0.000000 -0.000000 0 128
0.000000 -0.000000 -0.000000 0 0
0.000000 -0.000000 -0.000000 0 0
0.665000 1.649000 0.067000 21 0
0.624000 1.641000 0.071000 24 0
0.584000 1.632000 0.078000 58 0
0.545000 1.621000 0.084000 50 0
0.715000 1.661000 0.066000 5 0
0.671000 1.651000 0.072000 16 0
0.631000 1.641000 0.080000 19 0
0.591000 1.632000 0.087000 53 0
0.000000 -0.000000 -0.000000 0 0
0.722000 1.664000 0.072000 3 0
0.679000 1.651000 0.082000 9 0
0.637000 1.636000 0.090000 27 0
0.000000 -0.000000 -0.000000 0 128
0.000000 -0.000000 -0.000000 0 0
0.730000 1.664000 0.084000 1 0
0.688000 1.652000 0.094000 5 0
0.000000 -0.000000 -0.000000 0 128
0.000000 -0.000000 -0.000000 0 128
0.000000 -0.000000 -0.000000 0 0
0.000000 -0.000000 -0.000000 0 0
0.000000 -0.000000 -0.000000 0 128
0.000000 -0.000000 -0.000000 0 128
0.000000 -0.000000 -0.000000 0 128
0.000000 -0.000000 -0.000000 0 128
0.000000 -0.000000 -0.000000 0 128
0.000000 -0.000000 -0.000000 0 128
0.000000 -0.000000 -0.000000 0 128
0.000000 -0.000000 -0.000000 0 128
0.000000 -0.000000 -0.000000 0 128
0.000000 -0.000000 -0.000000 0 128
0.000000 -0.000000 -0.000000 0 0
0.000000 -0.000000 -0.000000 0 128
0.000000 -0.000000 -0.000000 0 128
0.000000 -0.000000 -0.000000 0 128
0.000000 -0.000000 -0.000000 0 0
0.000000 -0.000000 -0.000000 0 128
0.000000 -0.000000 -0.000000 0 128
0.000000 -0.000000 -0.000000 0 128
0.000000 -0.000000 -0.000000 0 128
0.000000 -0.000000 -0.000000 0 128
0.000000 -0.000000 -0.000000 0 128
0.000000 -0.000000 -0.000000 0 0
0.000000 -0.000000 -0.000000 0 128
0.000000 -0.000000 -0.000000 0 128
0.000000 -0.000000 -0.000000 0 128
0.000000 -0.000000 -0.000000 0 128
0.000000 -0.000000 -0.000000 0 128
0.000000 -0.000000 -0.000000 0 128
0.000000 -0.000000 -0.000000 0 128
0.000000 -0.000000 -0.000000 0 128
0.000000 -0.000000 -0.000000 0 128
0.000000 -0.000000 -0.000000 0 128
0.000000 -0.000000 -0.000000 0 128
0.000000 -0.000000 -0.000000 0 128
0.000000 -0.000000 -0.000000 0 0
0.000000 -0.000000 -0.000000 0 128
0.000000 -0.000000 -0.000000 0 128
0.000000 -0.000000 -0.000000 0 0
0.000000 -0.000000 -0.000000 0 0
0.000000 -0.000000 -0.000000 0 128
0.000000 -0.000000 -0.000000 0 128
0.000000 -0.000000 -0.000000 0 0
0.000000 -0.000000 -0.000000 0 128
0.000000 -0.000000 -0.000000 0 192
0.000000 -0.000000 -0.000000 0 128
0.000000 -0.000000 -0.000000 0 128
0.000000 -0.000000 -0.000000 0 128
0.000000 -0.000000 -0.000000 0 192
0.000000 -0.000000 -0.000000 0 128
0.000000 -0.000000 -0.000000 0 128
0.000000 -0.000000 -0.000000 0 0
0.000000 -0.000000 -0.000000 0 192
0.000000 -0.000000 -0.000000 0 128
0.000000 -0.000000 -0.000000 0 128
0.000000 -0.000000 -0.000000 0 0
0.000000 -0.000000 -0.000000 0 192
0.000000 -0.000000 -0.000000 0 128
0.000000 -0.000000 -0.000000 0 128
0.000000 -0.000000 -0.000000 0 128
0.000000 -0.000000 -0.000000 0 128
0.000000 -0.000000 -0.000000 0 128
0.000000 -0.000000 -0.000000 0 128
0.000000 -0.000000 -0.000000 0 128
0.000000 -0.000000 -0.000000 0 128
0.000000 -0.000000 -0.000000 0 128
0.000000 -0.000000 -0.000000 0 128
0.000000 -0.000000 -0.000000 0 128
0.000000 -0.000000 -0.000000 0 128
0.000000 -0.000000 -0.000000 0 128
0.000000 -0.000000 -0.000000 0 128
0.000000 -0.000000 -0.000000 0 128
0.000000 -0.000000 -0.000000 0 128
0.000000 -0.000000 -0.000000 0 0
0.000000 -0.000000 -0.000000 0 128
0.000000 -0.000000 -0.000000 0 0
0.000000 -0.000000 -0.000000 0 0
0.000000 -0.000000 -0.000000 0 0
0.000000 -0.000000 -0.000000 0 0
0.000000 -0.000000 -0.000000 0 0
0.000000 -0.000000 -0.000000 0 0
0.000000 -0.000000 -0.000000 0 0
0.000000 -0.000000 -0.000000 0 0
0.000000 -0.000000 -0.000000 0 0
0.000000 -0.000000 -0.000000 0 0
0.000000 -0.000000 -0.000000 0 0
0.000000 -0.000000 -0.000000 0 0
0.000000 -0.000000 -0.000000 0 0
0.000000 -0.000000 -0.000000 0 128
0.000000 -0.000000 -0.000000 0 0
0.000000 -0.000000 -0.000000 0 0
0.000000 -0.000000 -0.000000 0 0
0.000000 -0.000000 -0.000000 0 0
0.000000 -0.000000 -0.000000 0 0
0.000000 -0.000000 -0.000000 0 0
0.000000 -0.000000 -0.000000 0 0
0.000000 -0.000000 -0.000000 0 128
0.000000 -0.000000 -0.000000 0 0
0.000000 -0.000000 -0.000000 0 0
0.000000 -0.000000 -0.000000 0 0
0.000000 -0.000000 -0.000000 0 128
0.000000 -0.000000 -0.000000 0 0
0.000000 -0.000000 -0.000000 0 0
0.000000 -0.000000 -0.000000 0 0
0.000000 -0.000000 -0.000000 0 128
0.000000 -0.000000 -0.000000 0 0
0.000000 -0.000000 -0.000000 0 0
0.000000 -0.000000 -0.000000 0 0
0.000000 -0.000000 -0.000000 0 128
0.000000 -0.000000 -0.000000 0 0
0.000000 -0.000000 -0.000000 0 0
0.000000 -0.000000 -0.000000 0 0
0.000000 -0.000000 -0.000000 0 128
0.000000 -0.000000 -0.000000 0 0
0.000000 -0.000000 -0.000000 0 0
0.000000 -0.000000 -0.000000 0 0
0.000000 -0.000000 -0.000000 0 128
0.000000 -0.000000 -0.000000 0 0
0.000000 -0.000000 -0.000000 0 0
0.000000 -0.000000 -0.000000 0 0
0.000000 -0.000000 -0.000000 0 128
0.000000 -0.000000 -0.000000 0 0
0.000000 -0.000000 -0.000000 0 0
0.000000 -0.000000 -0.000000 0 0
0.000000 -0.000000 -0.000000 0 128
0.000000 -0.000000 -0.000000 0 0
0.000000 -0.000000 -0.000000 0 0
0.000000 -0.000000 -0.000000 0 0
0.000000 -0.000000 -0.000000 0 128
0.000000 -0.000000 -0.000000 0 0
0.000000 -0.000000 -0.000000 0 0
0.000000 -0.000000 -0.000000 0 0
0.000000 -0.000000 -0.000000 0 128
0.000000 -0.000000 -0.000000 0 0
0.000000 -0.000000 -0.000000 0 0
0.000000 -0.000000 -0.000000 0 0
0.000000 -0.000000 -0.000000 0 128
0.000000 -0.000000 -0.000000 0 0
0.000000 -0.000000 -0.000000 0 0
0.000000 -0.000000 -0.000000 0 0
0.000000 -0.000000 -0.000000 0 128
0.000000 -0.000000 -0.000000 0 128
0.000000 -0.000000 -0.000000 0 0
0.000000 -0.000000 -0.000000 0 0
0.000000 -0.000000 -0.000000 0 128
0.000000 -0.000000 -0.000000 0 0
0.000000 -0.000000 -0.000000 0 0
0.000000 -0.000000 -0.000000 0 0
0.000000 -0.000000 -0.000000 0 128
0.000000 -0.000000 -0.000000 0 0
0.000000 -0.000000 -0.000000 0 0
0.000000 -0.000000 -0.000000 0 0
0.000000 -0.000000 -0.000000 0 128
0.000000 -0.000000 -0.000000 0 0
0.000000 -0.000000 -0.000000 0 0
0.000000 -0.000000 -0.000000 0 0
0.000000 -0.000000 -0.000000 0 128
0.000000 -0.000000 -0.000000 0 0
0.000000 -0.000000 -0.000000 0 0
0.000000 -0.000000 -0.000000 0 0
0.000000 -0.000000 -0.000000 0 128
0.000000 -0.000000 -0.000000 0 0
0.000000 -0.000000 -0.000000 0 0
0.000000 -0.000000 -0.000000 0 128
0.000000 -0.000000 -0.000000 0 128
0.000000 -0.000000 -0.000000 0 0
0.000000 -0.000000 -0.000000 0 0
0.000000 -0.000000 -0.000000 0 128
0.000000 -0.000000 -0.000000 0 128
0.000000 -0.000000 -0.000000 0 0
0.000000 -0.000000 -0.000000 0 128
0.000000 -0.000000 -0.000000 0 192
0.000000 -0.000000 -0.000000 0 192
0.000000 -0.000000 -0.000000 0 0
0.000000 -0.000000 -0.000000 0 0
0.000000 -0.000000 -0.000000 0 0
0.000000 -0.000000 -0.000000 0 0
0.000000 -0.000000 -0.000000 0 0
0.000000 -0.000000 -0.000000 0 0
0.000000 -0.000000 -0.000000 0 0
0.000000 -0.000000 -0.000000 0 0
0.000000 -0.000000 -0.000000 0 0
0.000000 -0.000000 -0.000000 0 0
0.000000 -0.000000 -0.000000 0 0
0.000000 -0.000000 -0.000000 0 128
0.000000 -0.000000 -0.000000 0 0
0.000000 -0.000000 -0.000000 0 0
0.000000 -0.000000 -0.000000 0 0
0.000000 -0.000000 -0.000000 0 0
0.000000 -0.000000 -0.000000 0 0
0.000000 -0.000000 -0.000000 0 0
0.000000 -0.000000 -0.000000 0 0
0.000000 -0.000000 -0.000000 0 128
0.000000 -0.000000 -0.000000 0 0
0.000000 -0.000000 -0.000000 0 0
0.000000 -0.000000 -0.000000 0 0
0.000000 -0.000000 -0.000000 0 128
0.000000 -0.000000 -0.000000 0 0
0.000000 -0.000000 -0.000000 0 0
0.000000 -0.000000 -0.000000 0 0
0.000000 -0.000000 -0.000000 0 128
0.000000 -0.000000 -0.000000 0 0
0.000000 -0.000000 -0.000000 0 0
0.000000 -0.000000 -0.000000 0 0
0.000000 -0.000000 -0.000000 0 128
0.000000 -0.000000 -0.000000 0 0
0.000000 -0.000000 -0.000000 0 0
0.000000 -0.000000 -0.000000 0 0
0.000000 -0.000000 -0.000000 0 128
0.000000 -0.000000 -0.000000 0 0
0.000000 -0.000000 -0.000000 0 0
0.000000 -0.000000 -0.000000 0 0
0.000000 -0.000000 -0.000000 0 128
0.000000 -0.000000 -0.000000 0 0
0.000000 -0.000000 -0.000000 0 0
0.000000 -0.000000 -0.000000 0 0
0.000000 -0.000000 -0.000000 0 128
0.000000 -0.000000 -0.000000 0 0
0.000000 -0.000000 -0.000000 0 0
0.000000 -0.000000 -0.000000 0 0
0.000000 -0.000000 -0.000000 0 128
0.000000 -0.000000 -0.000000 0 0
0.000000 -0.000000 -0.000000 0 0
0.000000 -0.000000 -0.000000 0 0
0.000000 -0.000000 -0.000000 0 128
0.000000 -0.000000 -0.000000 0 0
0.000000 -0.000000 -0.000000 0 0
0.000000 -0.000000 -0.000000 0 0
0.000000 -0.000000 -0.000000 0 128
0.000000 -0.000000 -0.000000 0 0
0.000000 -0.000000 -0.000000 0 0
0.000000 -0.000000 -0.000000 0 0
0.000000 -0.000000 -0.000000 0 128
0.000000 -0.000000 -0.000000 0 0
0.000000 -0.000000 -0.000000 0 0
0.000000 -0.000000 -0.000000 0 0
0.000000 -0.000000 -0.000000 0 128
0.000000 -0.000000 -0.000000 0 128
0.000000 -0.000000 -0.000000 0 0
0.000000 -0.000000 -0.000000 0 0
0.000000 -0.000000 -0.000000 0 128
0.000000 -0.000000 -0.000000 0 0
0.000000 -0.000000 -0.000000 0 0
0.000000 -0.000000 -0.000000 0 0
0.000000 -0.000000 -0.000000 0 128
0.000000 -0.000000 -0.000000 0 0
0.000000 -0.000000 -0.000000 0 0
0.000000 -0.000000 -0.000000 0 0
0.000000 -0.000000 -0.000000 0 128
0.000000 -0.000000 -0.000000 0 0
0.000000 -0.000000 -0.000000 0 0
0.000000 -0.000000 -0.000000 0 0
0.000000 -0.000000 -0.000000 0 128
0.000000 -0.000000 -0.000000 0 0
0.000000 -0.000000 -0.000000 0 0
0.000000 -0.000000 -0.000000 0 0
0.000000 -0.000000 -0.000000 0 128
0.000000 -0.000000 -0.000000 0 0
0.000000 -0.000000 -0.000000 0 0
0.000000 -0.000000 -0.000000 0 128
0.000000 -0.000000 -0.000000 0 128
0.000000 -0.000000 -0.000000 0 0
0.000000 -0.000000 -0.000000 0 0
0.000000 -0.000000 -0.000000 0 128
0.000000 -0.000000 -0.000000 0 128
0.000000 -0.000000 -0.000000 0 0
0.000000 -0.000000 -0.000000 0 128
0.000000 -0.000000 -0.000000 0 192
0.000000 -0.000000 -0.000000 0 192
0.000000 -0.000000 -0.000000 0 128
0.000000 -0.000000 -0.000000 0 192
0.000000 -0.000000 -0.000000 0 192
0.000000 -0.000000 -0.000000 0 128
0.000000 -0.000000 -0.000000 0 128
0.000000 -0.000000 -0.000000 0 128
0.000000 -0.000000 -0.000000 0 192
0.000000 -0.000000 -0.000000 0 192
0.000000 -0.000000 -0.000000 0 128
0.000000 -0.000000 -0.000000 0 192
0.000000 -0.000000 -0.000000 0 192
0.000000 -0.000000 -0.000000 0 192
0.000000 -0.000000 -0.000000 0 192
0.000000 -0.000000 -0.000000 0 192
0.000000 -0.000000 -0.000000 0 192
0.000000 -0.000000 -0.000000 0 192
0.000000 -0.000000 -0.000000 0 128
0.000000 -0.000000 -0.000000 0 192
0.000000 -0.000000 -0.000000 0 192
0.000000 -0.000000 -0.000000 0 192
0.000000 -0.000000 -0.000000 0 192
0.000000 -0.000000 -0.000000 0 192
0.000000 -0.000000 -0.000000 0 192
0.000000 -0.000000 -0.000000 0 192
0.000000 -0.000000 -0.000000 0 128
0.000000 -0.000000 -0.000000 0 192
0.000000 -0.000000 -0.000000 0 192
0.000000 -0.000000 -0.000000 0 128
0.000000 -0.000000 -0.000000 0 192
0.000000 -0.000000 -0.000000 0 192
0.000000 -0.000000 -0.000000 0 192
0.000000 -0.000000 -0.000000 0 128
0.000000 -0.000000 -0.000000 0 128
0.000000 -0.000000 -0.000000 0 192
0.000000 -0.000000 -0.000000 0 192
0.000000 -0.000000 -0.000000 0 128
0.000000 -0.000000 -0.000000 0 128
0.000000 -0.000000 -0.000000 0 128
0.000000 -0.000000 -0.000000 0 192
0.000000 -0.000000 -0.000000 0 128
0.000000 -0.000000 -0.000000 0 128
0.000000 -0.000000 -0.000000 0 128
0.000000 -0.000000 -0.000000 0 128
0.000000 -0.000000 -0.000000 0 128
0.000000 -0.000000 -0.000000 0 128
0.000000 -0.000000 -0.000000 0 128
0.000000 -0.000000 -0.000000 0 128
0.000000 -0.000000 -0.000000 0 128
0.000000 -0.000000 -0.000000 0 128
0.000000 -0.000000 -0.000000 0 0
0.000000 -0.000000 -0.000000 0 128
0.000000 -0.000000 -0.000000 0 128
0.000000 -0.000000 -0.000000 0 0
0.000000 -0.000000 -0.000000 0 0
0.000000 -0.000000 -0.000000 0 0
0.000000 -0.000000 -0.000000 0 128
0.000000 -0.000000 -0.000000 0 0
0.000000 -0.000000 -0.000000 0 0
0.000000 -0.000000 -0.000000 0 0
0.000000 -0.000000 -0.000000 0 128
0.000000 -0.000000 -0.000000 0 0
0.000000 -0.000000 -0.000000 0 0
0.000000 -0.000000 -0.000000 0 0
0.000000 -0.000000 -0.000000 0 128
0.000000 -0.000000 -0.000000 0 0
0.000000 -0.000000 -0.000000 0 0
0.000000 -0.000000 -0.000000 0 0
0.000000 -0.000000 -0.000000 0 128
0.000000 -0.000000 -0.000000 0 0
0.000000 -0.000000 -0.000000 0 0
0.000000 -0.000000 -0.000000 0 0
0.000000 -0.000000 -0.000000 0 128
0.000000 -0.000000 -0.000000 0 0
0.000000 -0.000000 -0.000000 0 0
0.000000 -0.000000 -0.000000 0 0
0.000000 -0.000000 -0.000000 0 128
0.000000 -0.000000 -0.000000 0 0
0.000000 -0.000000 -0.000000 0 0
0.000000 -0.000000 -0.000000 0 0
0.000000 -0.000000 -0.000000 0 128
0.000000 -0.000000 -0.000000 0 0
0.000000 -0.000000 -0.000000 0 0
0.000000 -0.000000 -0.000000 0 0
0.000000 -0.000000 -0.000000 0 128
0.000000 -0.000000 -0.000000 0 0
0.000000 -0.000000 -0.000000 0 0
0.000000 -0.000000 -0.000000 0 0
0.000000 -0.000000 -0.000000 0 128
0.000000 -0.000000 -0.000000 0 128
0.000000 -0.000000 -0.000000 0 0
0.000000 -0.000000 -0.000000 0 0
0.000000 -0.000000 -0.000000 0 128
0.000000 -0.000000 -0.000000 0 0
0.000000 -0.000000 -0.000000 0 0
0.000000 -0.000000 -0.000000 0 0
0.000000 -0.000000 -0.000000 0 128
0.000000 -0.000000 -0.000000 0 128
0.000000 -0.000000 -0.000000 0 192
0.000000 -0.000000 -0.000000 0 192
0.000000 -0.000000 -0.000000 0 128
0.000000 -0.000000 -0.000000 0 128
0.000000 -0.000000 -0.000000 0 128
0.000000 -0.000000 -0.000000 0 192
0.000000 -0.000000 -0.000000 0 192
0.000000 -0.000000 -0.000000 0 128
0.000000 -0.000000 -0.000000 0 192
0.000000 -0.000000 -0.000000 0 192
0.000000 -0.000000 -0.000000 0 192
0.000000 -0.000000 -0.000000 0 192
0.000000 -0.000000 -0.000000 0 192
0.000000 -0.000000 -0.000000 0 192
0.000000 -0.000000 -0.000000 0 192
0.000000 -0.000000 -0.000000 0 128
0.000000 -0.000000 -0.000000 0 192
0.000000 -0.000000 -0.000000 0 192
0.000000 -0.000000 -0.000000 0 192
0.000000 -0.000000 -0.000000 0 192
0.000000 -0.000000 -0.000000 0 192
0.000000 -0.000000 -0.000000 0 192
0.000000 -0.000000 -0.000000 0 192
0.000000 -0.000000 -0.000000 0 128
0.000000 -0.000000 -0.000000 0 192
0.000000 -0.000000 -0.000000 0 192
0.000000 -0.000000 -0.000000 0 128
0.000000 -0.000000 -0.000000 0 192
0.000000 -0.000000 -0.000000 0 192
0.000000 -0.000000 -0.000000 0 192
0.000000 -0.000000 -0.000000 0 128
0.000000 -0.000000 -0.000000 0 128
0.000000 -0.000000 -0.000000 0 192
0.000000 -0.000000 -0.000000 0 192
0.000000 -0.000000 -0.000000 0 128
0.000000 -0.000000 -0.000000 0 128
0.000000 -0.000000 -0.000000 0 128
0.000000 -0.000000 -0.000000 0 192
0.000000 -0.000000 -0.000000 0 128
0.000000 -0.000000 -0.000000 0 128
0.000000 -0.000000 -0.000000 0 128
0.000000 -0.000000 -0.000000 0 128
0.000000 -0.000000 -0.000000 0 128
0.000000 -0.000000 -0.000000 0 128
0.000000 -0.000000 -0.000000 0 128
0.000000 -0.000000 -0.000000 0 128
0.000000 -0.000000 -0.000000 0 128
0.000000 -0.000000 -0.000000 0 128
0.000000 -0.000000 -0.000000 0 0
0.000000 -0.000000 -0.000000 0 128
0.000000 -0.000000 -0.000000 0 128
0.000000 -0.000000 -0.000000 0 0
0.000000 -0.000000 -0.000000 0 0
0.000000 -0.000000 -0.000000 0 0
0.000000 -0.000000 -0.000000 0 128
0.000000 -0.000000 -0.000000 0 0
0.000000 -0.000000 -0.000000 0 0
0.000000 -0.000000 -0.000000 0 0
0.000000 -0.000000 -0.000000 0 128
0.000000 -0.000000 -0.000000 0 0
0.000000 -0.000000 -0.000000 0 0
0.000000 -0.000000 -0.000000 0 0
0.000000 -0.000000 -0.000000 0 128
0.000000 -0.000000 -0.000000 0 0
0.000000 -0.000000 -0.000000 0 0
0.000000 -0.000000 -0.000000 0 0
0.000000 -0.000000 -0.000000 0 128
0.000000 -0.000000 -0.000000 0 0
0.000000 -0.000000 -0.000000 0 0
0.000000 -0.000000 -0.000000 0 0
0.000000 -0.000000 -0.000000 0 128
0.000000 -0.000000 -0.000000 0 0
0.000000 -0.000000 -0.000000 0 0
0.000000 -0.000000 -0.000000 0 0
0.000000 -0.000000 -0.000000 0 128
0.000000 -0.000000 -0.000000 0 0
0.000000 -0.000000 -0.000000 0 0
0.000000 -0.000000 -0.000000 0 0
0.000000 -0.000000 -0.000000 0 128
0.000000 -0.000000 -0.000000 0 0
0.000000 -0.000000 -0.000000 0 0
0.000000 -0.000000 -0.000000 0 0
0.000000 -0.000000 -0.000000 0 128
0.000000 -0.000000 -0.000000 0 0
0.000000 -0.000000 -0.000000 0 0
0.000000 -0.000000 -0.000000 0 0
0.000000 -0.000000 -0.000000 0 128
0.000000 -0.000000 -0.000000 0 128
0.000000 -0.000000 -0.000000 0 0
0.000000 -0.000000 -0.000000 0 0
0.000000 -0.000000 -0.000000 0 128
0.000000 -0.000000 -0.000000 0 0
0.000000 -0.000000 -0.000000 0 0
0.000000 -0.000000 -0.000000 0 0
0.000000 -0.000000 -0.000000 0 128
0.000000 -0.000000 -0.000000 0 128
0.000000 -0.000000 -0.000000 0 0
0.000000 -0.000000 -0.000000 0 0
0.000000 -0.000000 -0.000000 0 128
0.000000 -0.000000 -0.000000 0 0
0.000000 -0.000000 -0.000000 0 0
0.000000 -0.000000 -0.000000 0 0
0.000000 -0.000000 -0.000000 0 128
0.000000 -0.000000 -0.000000 0 128
0.000000 -0.000000 -0.000000 0 0
0.000000 -0.000000 -0.000000 0 0
0.000000 -0.000000 -0.000000 0 128
0.000000 -0.000000 -0.000000 0 0
0.000000 -0.000000 -0.000000 0 0
0.000000 -0.000000 -0.000000 0 128
0.000000 -0.000000 -0.000000 0 128
0.000000 -0.000000 -0.000000 0 0
0.000000 -0.000000 -0.000000 0 0
0.000000 -0.000000 -0.000000 0 128
0.000000 -0.000000 -0.000000 0 128
0.000000 -0.000000 -0.000000 0 0
0.000000 -0.000000 -0.000000 0 0
0.000000 -0.000000 -0.000000 0 128
0.000000 -0.000000 -0.000000 0 128
0.000000 -0.000000 -0.000000 0 128
0.000000 -0.000000 -0.000000 0 128
0.000000 -0.000000 -0.000000 0 128
0.000000 -0.000000 -0.000000 0 128
0.000000 -0.000000 -0.000000 0 0
0.000000 -0.000000 -0.000000 0 128
0.000000 -0.000000 -0.000000 0 128
0.000000 -0.000000 -0.000000 0 128
0.000000 -0.000000 -0.000000 0 128
0.000000 -0.000000 -0.000000 0 0
0.000000 -0.000000 -0.000000 0 128
0.000000 -0.000000 -0.000000 0 128
0.000000 -0.000000 -0.000000 0 0
0.000000 -0.000000 -0.000000 0 0
0.000000 -0.000000 -0.000000 0 128
0.000000 -0.000000 -0.000000 0 128
0.000000 -0.000000 -0.000000 0 128
0.000000 -0.000000 -0.000000 0 128
0.000000 -0.000000 -0.000000 0 128
0.000000 -0.000000 -0.000000 0 128
0.000000 -0.000000 -0.000000 0 128
0.000000 -0.000000 -0.000000 0 128
0.000000 -0.000000 -0.000000 0 128
0.000000 -0.000000 -0.000000 0 128
0.000000 -0.000000 -0.000000 0 128
0.000000 -0.000000 -0.000000 0 192
0.000000 -0.000000 -0.000000 0 128
0.000000 -0.000000 -0.000000 0 128
0.000000 -0.000000 -0.000000 0 128
0.000000 -0.000000 -0.000000 0 128
0.000000 -0.000000 -0.000000 0 128
0.000000 -0.000000 -0.000000 0 128
0.000000 -0.000000 -0.000000 0 128
0.000000 -0.000000 -0.000000 0 128
0.000000 -0.000000 -0.000000 0 128
0.000000 -0.000000 -0.000000 0 128
0.000000 -0.000000 -0.000000 0 128
0.000000 -0.000000 -0.000000 0 128
0.000000 -0.000000 -0.000000 0 128
0.000000 -0.000000 -0.000000 0 192
0.000000 -0.000000 -0.000000 0 128
0.000000 -0.000000 -0.000000 0 128
0.000000 -0.000000 -0.000000 0 128
0.000000 -0.000000 -0.000000 0 192
0.000000 -0.000000 -0.000000 0 128
0.000000 -0.000000 -0.000000 0 128
0.000000 -0.000000 -0.000000 0 128
0.000000 -0.000000 -0.000000 0 192
0.000000 -0.000000 -0.000000 0 128
0.000000 -0.000000 -0.000000 0 128
0.000000 -0.000000 -0.000000 0 128
0.000000 -0.000000 -0.000000 0 192
0.000000 -0.000000 -0.000000 0 128
0.000000 -0.000000 -0.000000 0 128
0.000000 -0.000000 -0.000000 0 128
0.000000 -0.000000 -0.000000 0 192
0.000000 -0.000000 -0.000000 0 128
0.000000 -0.000000 -0.000000 0 192
0.000000 -0.000000 -0.000000 0 128
0.000000 -0.000000 -0.000000 0 128
0.000000 -0.000000 -0.000000 0 128
0.000000 -0.000000 -0.000000 0 128
0.000000 -0.000000 -0.000000 0 128
0.000000 -0.000000 -0.000000 0 128
0.000000 -0.000000 -0.000000 0 128
0.000000 -0.000000 -0.000000 0 128
0.000000 -0.000000 -0.000000 0 128
0.000000 -0.000000 -0.000000 0 128
0.000000 -0.000000 -0.000000 0 128
0.000000 -0.000000 -0.000000 0 128
0.000000 -0.000000 -0.000000 0 128
0.000000 -0.000000 -0.000000 0 128
0.000000 -0.000000 -0.000000 0 128
0.000000 -0.000000 -0.000000 0 0
0.000000 -0.000000 -0.000000 0 0
0.000000 -0.000000 -0.000000 0 128
0.000000 -0.000000 -0.000000 0 0
0.000000 -0.000000 -0.000000 0 0
0.000000 -0.000000 -0.000000 0 0
0.000000 -0.000000 -0.000000 0 128
0.000000 -0.000000 -0.000000 0 128
0.000000 -0.000000 -0.000000 0 0
0.000000 -0.000000 -0.000000 0 0
0.000000 -0.000000 -0.000000 0 128
0.000000 -0.000000 -0.000000 0 0
0.000000 -0.000000 -0.000000 0 0
0.000000 -0.000000 -0.000000 0 128
0.000000 -0.000000 -0.000000 0 128
0.000000 -0.000000 -0.000000 0 0
0.000000 -0.000000 -0.000000 0 0
0.000000 -0.000000 -0.000000 0 128
0.000000 -0.000000 -0.000000 0 128
0.000000 -0.000000 -0.000000 0 0
0.000000 -0.000000 -0.000000 0 0
0.000000 -0.000000 -0.000000 0 128
0.000000 -0.000000 -0.000000 0 128
0.000000 -0.000000 -0.000000 0 128
0.000000 -0.000000 -0.000000 0 128
0.000000 -0.000000 -0.000000 0 128
0.000000 -0.000000 -0.000000 0 128
0.000000 -0.000000 -0.000000 0 0
0.000000 -0.000000 -0.000000 0 128
0.000000 -0.000000 -0.000000 0 128
0.000000 -0.000000 -0.000000 0 128
0.000000 -0.000000 -0.000000 0 128
0.000000 -0.000000 -0.000000 0 0
0.000000 -0.000000 -0.000000 0 128
0.000000 -0.000000 -0.000000 0 128
0.000000 -0.000000 -0.000000 0 0
0.000000 -0.000000 -0.000000 0 0
0.000000 -0.000000 -0.000000 0 128
0.000000 -0.000000 -0.000000 0 128
0.000000 -0.000000 -0.000000 0 128
0.000000 -0.000000 -0.000000 0 128
0.000000 -0.000000 -0.000000 0 128
0.000000 -0.000000 -0.000000 0 128
0.000000 -0.000000 -0.000000 0 128
0.000000 -0.000000 -0.000000 0 128
0.000000 -0.000000 -0.000000 0 128
0.000000 -0.000000 -0.000000 0 128
0.000000 -0.000000 -0.000000 0 128
0.000000 -0.000000 -0.000000 0 192
0.000000 -0.000000 -0.000000 0 128
0.000000 -0.000000 -0.000000 0 128
0.000000 -0.000000 -0.000000 0 128
0.000000 -0.000000 -0.000000 0 128
0.000000 -0.000000 -0.000000 0 128
0.000000 -0.000000 -0.000000 0 128
0.000000 -0.000000 -0.000000 0 128
0.000000 -0.000000 -0.000000 0 128
0.000000 -0.000000 -0.000000 0 128
0.000000 -0.000000 -0.000000 0 128
0.000000 -0.000000 -0.000000 0 128
0.000000 -0.000000 -0.000000 0 128
0.000000 -0.000000 -0.000000 0 128
0.000000 -0.000000 -0.000000 0 192
0.000000 -0.000000 -0.000000 0 128
0.000000 -0.000000 -0.000000 0 128
0.000000 -0.000000 -0.000000 0 128
0.000000 -0.000000 -0.000000 0 192
0.000000 -0.000000 -0.000000 0 128
0.000000 -0.000000 -0.000000 0 128
0.000000 -0.000000 -0.000000 0 128
0.000000 -0.000000 -0.000000 0 192
0.000000 -0.000000 -0.000000 0 128
0.000000 -0.000000 -0.000000 0 128
0.000000 -0.000000 -0.000000 0 128
0.000000 -0.000000 -0.000000 0 192
0.000000 -0.000000 -0.000000 0 128
0.000000 -0.000000 -0.000000 0 128
0.000000 -0.000000 -0.000000 0 128
0.000000 -0.000000 -0.000000 0 192
0.000000 -0.000000 -0.000000 0 128
0.000000 -0.000000 -0.000000 0 192
0.000000 -0.000000 -0.000000 0 128
0.000000 -0.000000 -0.000000 0 128
0.000000 -0.000000 -0.000000 0 128
0.000000 -0.000000 -0.000000 0 128
0.000000 -0.000000 -0.000000 0 128
0.000000 -0.000000 -0.000000 0 128
0.000000 -0.000000 -0.000000 0 128
0.000000 -0.000000 -0.000000 0 128
0.000000 -0.000000 -0.000000 0 128
0.000000 -0.000000 -0.000000 0 128
0.000000 -0.000000 -0.000000 0 128
0.000000 -0.000000 -0.000000 0 128
0.000000 -0.000000 -0.000000 0 128
0.000000 -0.000000 -0.000000 0 128
0.000000 -0.000000 -0.000000 0 128
0.000000 -0.000000 -0.000000 0 128
0.000000 -0.000000 -0.000000 0 128
0.000000 -0.000000 -0.000000 0 128
0.000000 -0.000000 -0.000000 0 128
0.000000 -0.000000 -0.000000 0 128
0.000000 -0.000000 -0.000000 0 128
0.000000 -0.000000 -0.000000 0 128
0.000000 -0.000000 -0.000000 0 128
0.000000 -0.000000 -0.000000 0 128
0.000000 -0.000000 -0.000000 0 128
0.000000 -0.000000 -0.000000 0 128
0.000000 -0.000000 -0.000000 0 128
0.000000 -0.000000 -0.000000 0 128
0.000000 -0.000000 -0.000000 0 128
0.000000 -0.000000 -0.000000 0 128
0.000000 -0.000000 -0.000000 0 128
0.000000 -0.000000 -0.000000 0 128
4.580000 -9.492000 0.519000 3 0
4.246000 -9.547000 0.775000 9 0
0.000000 -0.000000 -0.000000 0 128
4.644000 -9.440000 0.270000 13 0
4.320000 -9.523000 0.509000 32 0
4.001000 -9.604000 0.760000 41 0
4.711000 -9.403000 0.028000 29 0
4.402000 -9.496000 0.270000 45 0
4.081000 -9.583000 0.502000 63 0
3.756000 -9.658000 0.746000 68 0
4.484000 -9.482000 0.035000 67 0
4.160000 -9.551000 0.269000 94 0
3.837000 -9.636000 0.495000 99 0
3.513000 -9.707000 0.732000 98 0
4.240000 -9.527000 0.042000 102 0
3.928000 -9.620000 0.269000 114 0
3.601000 -9.696000 0.488000 105 0
3.270000 -9.759000 0.717000 103 0
4.008000 -9.589000 0.048000 107 0
3.685000 -9.664000 0.269000 103 0
3.363000 -9.738000 0.481000 106 0
3.038000 -9.821000 0.705000 103 0
3.776000 -9.639000 0.056000 105 0
3.452000 -9.713000 0.269000 105 0
3.126000 -9.798000 0.474000 104 0
2.801000 -9.874000 0.692000 103 0
3.541000 -9.694000 0.062000 111 0
3.219000 -9.768000 0.269000 103 0
2.890000 -9.843000 0.468000 101 0
2.561000 -9.920000 0.679000 100 0
3.311000 -9.751000 0.069000 106 0
2.985000 -9.822000 0.269000 98 0
2.658000 -9.903000 0.462000 103 0
2.328000 -9.985000 0.667000 98 0
3.079000 -9.806000 0.077000 103 0
2.752000 -9.881000 0.270000 103 0
2.422000 -9.957000 0.455000 101 0
2.090000 -10.038000 0.654000 101 0
2.846000 -9.855000 0.084000 101 0
2.520000 -9.931000 0.271000 102 0
2.189000 -10.016000 0.449000 98 0
1.854000 -10.085000 0.641000 99 0
2.616000 -9.905000 0.091000 97 0
2.288000 -9.990000 0.271000 100 0
1.955000 -10.066000 0.443000 97 0
1.617000 -10.145000 0.629000 96 0
2.386000 -9.956000 0.099000 100 0
2.059000 -10.039000 0.273000 100 0
1.723000 -10.129000 0.438000 96 0
1.386000 -10.210000 0.619000 52 0
2.157000 -10.012000 0.106000 100 0
1.824000 -10.090000 0.273000 95 0
1.487000 -10.164000 0.432000 87 0
1.129000 -10.112000 0.597000 1 0
1.929000 -10.072000 0.115000 97 0
1.593000 -10.151000 0.275000 95 0
1.227000 -10.034000 0.419000 22 0
0.000000 -0.000000 -0.000000 0 0
1.695000 -10.118000 0.122000 95 0
1.355000 -10.166000 0.275000 45 0
0.000000 -0.000000 -0.000000 0 0
0.000000 -0.000000 -0.000000 0 128
1.464000 -10.188000 0.130000 69 0
0.000000 -0.000000 -0.000000 0 0
0.000000 -0.000000 -0.000000 0 128
0.000000 -0.000000 -0.000000 0 128
1.209000 -10.054000 0.136000 14 0
0.000000 -0.000000 -0.000000 0 0
0.000000 -0.000000 -0.000000 0 128
0.000000 -0.000000 -0.000000 0 192
0.000000 -0.000000 -0.000000 0 0
0.000000 -0.000000 -0.000000 0 128
0.000000 -0.000000 -0.000000 0 128
0.000000 -0.000000 -0.000000 0 128
0.000000 -0.000000 -0.000000 0 128
0.000000 -0.000000 -0.000000 0 128
0.000000 -0.000000 -0.000000 0 128
0.000000 -0.000000 -0.000000 0 192
0.000000 -0.000000 -0.000000 0 128
0.000000 -0.000000 -0.000000 0 128
0.000000 -0.000000 -0.000000 0 128
0.000000 -0.000000 -0.000000 0 128
0.000000 -0.000000 -0.000000 0 128
0.000000 -0.000000 -0.000000 0 128
0.000000 -0.000000 -0.000000 0 128
0.000000 -0.000000 -0.000000 0 128
0.000000 -0.000000 -0.000000 0 128
0.000000 -0.000000 -0.000000 0 128
0.000000 -0.000000 -0.000000 0 128
0.000000 -0.000000 -0.000000 0 128
0.000000 -0.000000 -0.000000 0 128
0.000000 -0.000000 -0.000000 0 128
0.000000 -0.000000 -0.000000 0 128
0.000000 -0.000000 -0.000000 0 128
0.000000 -0.000000 -0.000000 0 128
0.000000 -0.000000 -0.000000 0 128
4.580000 -9.492000 0.519000 3 0
4.246000 -9.547000 0.775000 9 0
0.000000 -0.000000 -0.000000 0 128
4.644000 -9.440000 0.270000 13 0
4.320000 -9.523000 0.509000 32 0
4.001000 -9.604000 0.760000 41 0
4.711000 -9.403000 0.028000 29 0
4.402000 -9.496000 0.270000 45 0
4.081000 -9.583000 0.502000 63 0
3.756000 -9.658000 0.746000 68 0
4.484000 -9.482000 0.035000 67 0
4.160000 -9.551000 0.269000 94 0
3.837000 -9.636000 0.495000 99 0
3.513000 -9.707000 0.732000 98 0
4.240000 -9.527000 0.042000 102 0
3.928000 -9.620000 0.269000 114 0
3.601000 -9.696000 0.488000 105 0
3.270000 -9.759000 0.717000 103 0
4.008000 -9.589000 0.048000 107 0
3.685000 -9.664000 0.269000 103 0
3.363000 -9.738000 0.481000 106 0
3.038000 -9.821000 0.705000 103 0
3.776000 -9.639000 0.056000 105 0
3.452000 -9.713000 0.269000 105 0
3.126000 -9.798000 0.474000 104 0
2.801000 -9.874000 0.692000 103 0
3.541000 -9.694000 0.062000 111 0
3.219000 -9.768000 0.269000 103 0
2.890000 -9.843000 0.468000 101 0
2.561000 -9.920000 0.679000 100 0
3.311000 -9.751000 0.069000 106 0
2.985000 -9.822000 0.269000 98 0
2.658000 -9.903000 0.462000 103 0
2.328000 -9.985000 0.667000 98 0
3.079000 -9.806000 0.077000 103 0
2.752000 -9.881000 0.270000 103 0
2.422000 -9.957000 0.455000 101 0
2.090000 -10.038000 0.654000 101 0
2.846000 -9.855000 0.084000 101 0
2.520000 -9.931000 0.271000 102 0
2.189000 -10.016000 0.449000 98 0
1.854000 -10.085000 0.641000 99 0
2.616000 -9.905000 0.091000 97 0
2.288000 -9.990000 0.271000 100 0
1.955000 -10.066000 0.443000 97 0
1.617000 -10.145000 0.629000 96 0
2.386000 -9.956000 0.099000 100 0
2.059000 -10.039000 0.273000 100 0
1.723000 -10.129000 0.438000 96 0
1.386000 -10.210000 0.619000 52 0
2.157000 -10.012000 0.106000 100 0
1.824000 -10.090000 0.273000 95 0
1.487000 -10.164000 0.432000 87 0
1.129000 -10.112000 0.597000 1 0
1.929000 -10.072000 0.115000 97 0
1.593000 -10.151000 0.275000 95 0
1.227000 -10.034000 0.419000 22 0
0.000000 -0.000000 -0.000000 0 0
1.695000 -10.118000 0.122000 95 0
1.355000 -10.166000 0.275000 45 0
0.000000 -0.000000 -0.000000 0 0
0.000000 -0.000000 -0.000000 0 128
1.464000 -10.188000 0.130000 69 0
0.000000 -0.000000 -0.000000 0 0
0.000000 -0.000000 -0.000000 0 128
0.000000 -0.000000 -0.000000 0 128
1.209000 -10.054000 0.136000 14 0
0.000000 -0.000000 -0.000000 0 0
0.000000 -0.000000 -0.000000 0 128
0.000000 -0.000000 -0.000000 0 192
0.000000 -0.000000 -0.000000 0 0
0.000000 -0.000000 -0.000000 0 128
0.000000 -0.000000 -0.000000 0 128
0.000000 -0.000000 -0.000000 0 128
0.000000 -0.000000 -0.000000 0 128
0.000000 -0.000000 -0.000000 0 128
0.000000 -0.000000 -0.000000 0 128
0.000000 -0.000000 -0.000000 0 192
0.000000 -0.000000 -0.000000 0 128
0.000000 -0.000000 -0.000000 0 128
0.000000 -0.000000 -0.000000 0 128
0.000000 -0.000000 -0.000000 0 128
0.000000 -0.000000 -0.000000 0 128
0.000000 -0.000000 -0.000000 0 128
0.000000 -0.000000 -0.000000 0 128
0.000000 -0.000000 -0.000000 0 0
0.000000 -0.000000 -0.000000 0 128
0.000000 -0.000000 -0.000000 0 128
0.000000 -0.000000 -0.000000 0 0
-0.199000 -1.994000 0.092000 0 0
0.000000 -0.000000 -0.000000 0 128
0.000000 -0.000000 -0.000000 0 128
-0.182000 -2.054000 0.073000 1 4
-0.230000 -1.864000 0.084000 1 0
0.000000 -0.000000 -0.000000 0 128
0.000000 -0.000000 -0.000000 0 0
-0.215000 -1.926000 0.067000 1 0
-0.258000 -1.753000 0.077000 2 0
0.000000 -0.000000 -0.000000 0 0
-0.199000 -1.972000 0.054000 1 0
-0.246000 -1.820000 0.062000 1 0
-0.281000 -1.648000 0.070000 2 0
-0.182000 -2.036000 0.042000 0 0
-0.230000 -1.850000 0.051000 1 0
-0.272000 -1.710000 0.058000 2 0
-0.303000 -1.558000 0.064000 2 0
-0.215000 -1.897000 0.040000 1 0
-0.258000 -1.744000 0.048000 1 0
-0.296000 -1.618000 0.054000 2 0
-0.470000 -2.143000 0.085000 42 0
-0.246000 -1.793000 0.040000 1 0
-0.283000 -1.648000 0.046000 2 0
-0.315000 -1.520000 0.049000 2 0
-0.501000 -2.059000 0.079000 56 0
-0.274000 -1.699000 0.039000 2 0
-0.307000 -1.564000 0.044000 2 0
-0.486000 -2.098000 0.067000 60 0
-0.524000 -1.956000 0.073000 62 0
-0.296000 -1.599000 0.038000 2 0
-0.471000 -2.137000 0.060000 53 0
-0.512000 -2.000000 0.063000 60 0
-0.545000 -1.862000 0.067000 64 0
-0.311000 -1.487000 0.037000 2 0
-0.502000 -2.049000 0.058000 60 0
-0.534000 -1.899000 0.059000 57 0
-0.565000 -1.777000 0.061000 61 0
-0.489000 -2.089000 0.054000 59 0
-0.525000 -1.944000 0.056000 66 0
-0.555000 -1.813000 0.055000 65 0
-0.584000 -1.700000 0.057000 65 0
-0.513000 -1.983000 0.053000 62 0
-0.546000 -1.851000 0.053000 58 0
-0.575000 -1.733000 0.052000 69 0
-0.600000 -1.623000 0.052000 73 0
-0.535000 -1.883000 0.052000 67 0
-0.567000 -1.767000 0.052000 68 0
-0.591000 -1.650000 0.048000 72 0
-0.616000 -1.555000 0.048000 80 0
-0.559000 -1.805000 0.052000 66 0
-0.588000 -1.695000 0.050000 67 0
-0.608000 -1.583000 0.045000 73 0
-0.635000 -1.500000 0.044000 17 64
-0.578000 -1.721000 0.052000 66 0
-0.602000 -1.613000 0.048000 71 0
-0.629000 -1.529000 0.043000 14 0
-0.651000 -1.444000 0.040000 15 64
-0.595000 -1.642000 0.051000 70 0
-0.622000 -1.553000 0.046000 67 0
-0.638000 -1.455000 0.040000 15 0
-0.659000 -1.378000 0.036000 15 64
-0.613000 -1.574000 0.051000 69 0
-0.635000 -1.485000 0.045000 73 0
-0.654000 -1.401000 0.038000 15 0
-0.674000 -1.330000 0.033000 14 0
-0.626000 -1.501000 0.050000 60 0
-0.650000 -1.428000 0.044000 15 0
-0.669000 -1.350000 0.036000 13 0
-0.687000 -1.280000 0.030000 14 0
-0.646000 -1.453000 0.050000 14 0
-0.661000 -1.365000 0.042000 12 0
-0.679000 -1.296000 0.034000 13 0
-0.695000 -1.227000 0.027000 13 0
-0.657000 -1.387000 0.049000 14 0
-0.677000 -1.319000 0.041000 12 0
-0.693000 -1.250000 0.032000 13 0
-0.714000 -1.196000 0.025000 17 0
-0.670000 -1.333000 0.049000 14 0
-0.688000 -1.266000 0.040000 13 0
-0.706000 -1.207000 0.030000 13 0
-0.720000 -1.146000 0.022000 17 0
-0.681000 -1.278000 0.049000 13 0
-0.701000 -1.221000 0.039000 16 0
-0.716000 -1.161000 0.028000 15 0
-0.726000 -1.100000 0.019000 16 0
0.000000 -0.000000 -0.000000 0 128
0.000000 -0.000000 -0.000000 0 128
0.000000 -0.000000 -0.000000 0 128
0.000000 -0.000000 -0.000000 0 128
0.000000 -0.000000 -0.000000 0 128
0.000000 -0.000000 -0.000000 0 128
0.000000 -0.000000 -0.000000 0 128
0.000000 -0.000000 -0.000000 0 0
0.000000 -0.000000 -0.000000 0 128
0.000000 -0.000000 -0.000000 0 128
0.000000 -0.000000 -0.000000 0 0
-0.199000 -1.994000 0.092000 0 0
0.000000 -0.000000 -0.000000 0 128
0.000000 -0.000000 -0.000000 0 128
-0.182000 -2.054000 0.073000 1 4
-0.230000 -1.864000 0.084000 1 0
0.000000 -0.000000 -0.000000 0 128
0.000000 -0.000000 -0.000000 0 0
-0.215000 -1.926000 0.067000 1 0
-0.258000 -1.753000 0.077000 2 0
0.000000 -0.000000 -0.000000 0 0
-0.199000 -1.972000 0.054000 1 0
-0.246000 -1.820000 0.062000 1 0
-0.281000 -1.648000 0.070000 2 0
-0.182000 -2.036000 0.042000 0 0
-0.230000 -1.850000 0.051000 1 0
-0.272000 -1.710000 0.058000 2 0
-0.303000 -1.558000 0.064000 2 0
-0.215000 -1.897000 0.040000 1 0
-0.258000 -1.744000 0.048000 1 0
-0.296000 -1.618000 0.054000 2 0
-0.470000 -2.143000 0.085000 42 0
-0.246000 -1.793000 0.040000 1 0
-0.283000 -1.648000 0.046000 2 0
-0.315000 -1.520000 0.049000 2 0
-0.501000 -2.059000 0.079000 56 0
-0.274000 -1.699000 0.039000 2 0
-0.307000 -1.564000 0.044000 2 0
-0.486000 -2.098000 0.067000 60 0
-0.524000 -1.956000 0.073000 62 0
-0.296000 -1.599000 0.038000 2 0
-0.471000 -2.137000 0.060000 53 0
-0.512000 -2.000000 0.063000 60 0
-0.545000 -1.862000 0.067000 64 0
-0.311000 -1.487000 0.037000 2 0
-0.502000 -2.049000 0.058000 60 0
-0.534000 -1.899000 0.059000 57 0
-0.565000 -1.777000 0.061000 61 0
-0.489000 -2.089000 0.054000 59 0
-0.525000 -1.944000 0.056000 66 0
-0.555000 -1.813000 0.055000 65 0
-0.584000 -1.700000 0.057000 65 0
-0.513000 -1.983000 0.053000 62 0
-0.546000 -1.851000 0.053000 58 0
-0.575000 -1.733000 0.052000 69 0
-0.600000 -1.623000 0.052000 73 0
-0.535000 -1.883000 0.052000 67 0
-0.567000 -1.767000 0.052000 68 0
-0.591000 -1.650000 0.048000 72 0
-0.616000 -1.555000 0.048000 80 0
-0.559000 -1.805000 0.052000 66 0
-0.588000 -1.695000 0.050000 67 0
-0.608000 -1.583000 0.045000 73 0
-0.635000 -1.500000 0.044000 17 64
-0.578000 -1.721000 0.052000 66 0
-0.602000 -1.613000 0.048000 71 0
-0.629000 -1.529000 0.043000 14 0
-0.651000 -1.444000 0.040000 15 64
-0.595000 -1.642000 0.051000 70 0
-0.622000 -1.553000 0.046000 67 0
-0.638000 -1.455000 0.040000 15 0
-0.659000 -1.378000 0.036000 15 64
-0.613000 -1.574000 0.051000 69 0
-0.635000 -1.485000 0.045000 73 0
-0.654000 -1.401000 0.038000 15 0
-0.674000 -1.330000 0.033000 14 0
-0.626000 -1.501000 0.050000 60 0
-0.650000 -1.428000 0.044000 15 0
-0.669000 -1.350000 0.036000 13 0
-0.687000 -1.280000 0.030000 14 0
-0.646000 -1.453000 0.050000 14 0
-0.661000 -1.365000 0.042000 12 0
-0.679000 -1.296000 0.034000 13 0
-0.695000 -1.227000 0.027000 13 0
-0.657000 -1.387000 0.049000 14 0
-0.677000 -1.319000 0.041000 12 0
-0.693000 -1.250000 0.032000 13 0
-0.714000 -1.196000 0.025000 17 0
-0.670000 -1.333000 0.049000 14 0
-0.688000 -1.266000 0.040000 13 0
-0.706000 -1.207000 0.030000 13 0
-0.720000 -1.146000 0.022000 17 0
-0.681000 -1.278000 0.049000 13 0
-0.701000 -1.221000 0.039000 16 0
-0.716000 -1.161000 0.028000 15 0
-0.726000 -1.100000 0.019000 16 0
-0.696000 -1.234000 0.049000 13 0
-0.712000 -1.175000 0.038000 15 0
-0.726000 -1.120000 0.027000 16 0
-0.732000 -1.056000 0.017000 16 64
-0.709000 -1.191000 0.049000 13 0
-0.720000 -1.128000 0.037000 15 0
-0.734000 -1.076000 0.025000 15 0
-0.739000 -1.015000 0.015000 16 0
-0.716000 -1.141000 0.048000 16 0
-0.729000 -1.086000 0.036000 15 0
-0.737000 -1.029000 0.023000 15 0
-0.748000 -0.979000 0.013000 16 0
-0.725000 -1.096000 0.048000 16 0
-0.735000 -1.041000 0.035000 15 0
-0.743000 -0.989000 0.022000 15 0
-0.756000 -0.944000 0.011000 16 0
-0.735000 -1.056000 0.048000 17 0
-0.743000 -1.000000 0.034000 15 0
-0.753000 -0.955000 0.021000 15 0
-0.765000 -0.913000 0.009000 16 0
-0.741000 -1.011000 0.048000 16 0
-0.757000 -0.972000 0.034000 15 0
-0.760000 -0.919000 0.019000 14 0
-0.775000 -0.883000 0.007000 17 0
-0.749000 -0.973000 0.047000 17 0
-0.761000 -0.930000 0.033000 15 0
-0.768000 -0.886000 0.018000 14 0
-0.778000 -0.846000 0.005000 17 0
-0.759000 -0.939000 0.048000 17 0
-0.769000 -0.896000 0.032000 14 0
-0.777000 -0.856000 0.017000 14 0
-0.792000 -0.823000 0.003000 23 0
-0.768000 -0.904000 0.047000 24 0
-0.780000 -0.868000 0.032000 14 0
-0.786000 -0.827000 0.016000 14 0
-0.798000 -0.793000 0.002000 22 0
-0.777000 -0.872000 0.047000 24 0
-0.789000 -0.837000 0.031000 15 0
-0.795000 -0.799000 0.015000 15 0
-0.809000 -0.769000 -0.000000 23 0
-0.787000 -0.842000 0.048000 18 0
-0.799000 -0.809000 0.031000 15 0
-0.807000 -0.774000 0.014000 15 0
-0.816000 -0.741000 -0.001000 23 0
-0.795000 -0.811000 0.048000 18 0
-0.806000 -0.778000 0.031000 15 0
-0.811000 -0.743000 0.013000 15 0
-0.824000 -0.714000 -0.002000 23 0
-0.805000 -0.782000 0.048000 18 0
-0.816000 -0.752000 0.030000 15 0
-0.818000 -0.716000 0.012000 15 0
-0.830000 -0.687000 -0.004000 22 0
-0.811000 -0.752000 0.048000 24 0
-0.821000 -0.721000 0.030000 14 0
-0.828000 -0.691000 0.011000 18 0
-0.837000 -0.662000 -0.005000 18 0
-0.818000 -0.722000 0.048000 24 0
-0.828000 -0.694000 0.029000 15 0
-0.833000 -0.663000 0.010000 17 0
-0.843000 -0.637000 -0.006000 18 0
-0.824000 -0.694000 0.048000 24 0
-0.833000 -0.665000 0.029000 17 0
-0.837000 -0.636000 0.009000 18 0
-0.851000 -0.613000 -0.008000 18 0
-0.832000 -0.667000 0.048000 23 0
-0.838000 -0.638000 0.028000 17 0
-0.832000 -0.601000 0.008000 16 0
-0.858000 -0.589000 -0.009000 18 0
-0.843000 -0.643000 0.048000 19 0
-0.849000 -0.615000 0.028000 17 0
-0.840000 -0.579000 0.007000 16 0
-0.861000 -0.563000 -0.011000 18 0
-0.848000 -0.615000 0.048000 23 0
-0.858000 -0.591000 0.028000 17 0
-0.849000 -0.557000 0.007000 16 0
-0.867000 -0.540000 -0.012000 18 0
-0.861000 -0.594000 0.049000 23 0
-0.867000 -0.568000 0.027000 16 0
-0.857000 -0.534000 0.006000 16 0
-0.864000 -0.511000 -0.013000 18 0
-0.846000 -0.553000 0.047000 17 0
-0.870000 -0.541000 0.027000 17 0
-0.865000 -0.512000 0.005000 16 0
-0.873000 -0.490000 -0.014000 17 0
-0.858000 -0.532000 0.048000 17 0
-0.868000 -0.512000 0.026000 16 0
-0.870000 -0.488000 0.004000 16 0
-0.880000 -0.469000 -0.015000 18 0
-0.866000 -0.509000 0.048000 17 0
-0.876000 -0.489000 0.026000 16 0
-0.876000 -0.466000 0.004000 16 0
-0.644000 -0.325000 -0.012000 4 2
-0.875000 -0.486000 0.048000 17 0
-0.887000 -0.468000 0.026000 16 0
-0.797000 -0.401000 0.003000 14 2
-0.647000 -0.308000 -0.013000 5 0
-0.696000 -1.234000 0.049000 13 0
-0.712000 -1.175000 0.038000 15 0
-0.726000 -1.120000 0.027000 16 0
-0.732000 -1.056000 0.017000 16 64
-0.709000 -1.191000 0.049000 13 0
-0.720000 -1.128000 0.037000 15 0
-0.734000 -1.076000 0.025000 15 0
-0.739000 -1.015000 0.015000 16 0
-0.716000 -1.141000 0.048000 16 0
-0.729000 -1.086000 0.036000 15 0
-0.737000 -1.029000 0.023000 15 0
-0.748000 -0.979000 0.013000 16 0
-0.725000 -1.096000 0.048000 16 0
-0.735000 -1.041000 0.035000 15 0
-0.743000 -0.989000 0.022000 15 0
-0.756000 -0.944000 0.011000 16 0
-0.735000 -1.056000 0.048000 17 0
-0.743000 -1.000000 0.034000 15 0
-0.753000 -0.955000 0.021000 15 0
-0.765000 -0.913000 0.009000 16 0
-0.741000 -1.011000 0.048000 16 0
-0.757000 -0.972000 0.034000 15 0
-0.760000 -0.919000 0.019000 14 0
-0.775000 -0.883000 0.007000 17 0
-0.749000 -0.973000 0.047000 17 0
-0.761000 -0.930000 0.033000 15 0
-0.768000 -0.886000 0.018000 14 0
-0.778000 -0.846000 0.005000 17 0
-0.759000 -0.939000 0.048000 17 0
-0.769000 -0.896000 0.032000 14 0
-0.777000 -0.856000 0.017000 14 0
-0.792000 -0.823000 0.003000 23 0
-0.768000 -0.904000 0.047000 24 0
-0.780000 -0.868000 0.032000 14 0
-0.786000 -0.827000 0.016000 14 0
-0.798000 -0.793000 0.002000 22 0
-0.777000 -0.872000 0.047000 24 0
-0.789000 -0.837000 0.031000 15 0
-0.795000 -0.799000 0.015000 15 0
-0.809000 -0.769000 -0.000000 23 0
-0.787000 -0.842000 0.048000 18 0
-0.799000 -0.809000 0.031000 15 0
-0.807000 -0.774000 0.014000 15 0
-0.816000 -0.741000 -0.001000 23 0
-0.795000 -0.811000 0.048000 18 0
-0.806000 -0.778000 0.031000 15 0
-0.811000 -0.743000 0.013000 15 0
-0.824000 -0.714000 -0.002000 23 0
-0.805000 -0.782000 0.048000 18 0
-0.816000 -0.752000 0.030000 15 0
-0.818000 -0.716000 0.012000 15 0
-0.830000 -0.687000 -0.004000 22 0
-0.811000 -0.752000 0.048000 24 0
-0.821000 -0.721000 0.030000 14 0
-0.828000 -0.691000 0.011000 18 0
-0.837000 -0.662000 -0.005000 18 0
-0.818000 -0.722000 0.048000 24 0
-0.828000 -0.694000 0.029000 15 0
-0.833000 -0.663000 0.010000 17 0
-0.843000 -0.637000 -0.006000 18 0
-0.824000 -0.694000 0.048000 24 0
-0.833000 -0.665000 0.029000 17 0
-0.837000 -0.636000 0.009000 18 0
-0.851000 -0.613000 -0.008000 18 0
-0.832000 -0.667000 0.048000 23 0
-0.838000 -0.638000 0.028000 17 0
-0.832000 -0.601000 0.008000 16 0
-0.858000 -0.589000 -0.009000 18 0
-0.843000 -0.643000 0.048000 19 0
-0.849000 -0.615000 0.028000 17 0
-0.840000 -0.579000 0.007000 16 0
-0.861000 -0.563000 -0.011000 18 0
-0.848000 -0.615000 0.048000 23 0
-0.858000 -0.591000 0.028000 17 0
-0.849000 -0.557000 0.007000 16 0
-0.867000 -0.540000 -0.012000 18 0
-0.861000 -0.594000 0.049000 23 0
-0.867000 -0.568000 0.027000 16 0
-0.857000 -0.534000 0.006000 16 0
-0.864000 -0.511000 -0.013000 18 0
-0.846000 -0.553000 0.047000 17 0
-0.870000 -0.541000 0.027000 17 0
-0.865000 -0.512000 0.005000 16 0
-0.873000 -0.490000 -0.014000 17 0
-0.858000 -0.532000 0.048000 17 0
-0.868000 -0.512000 0.026000 16 0
-0.870000 -0.488000 0.004000 16 0
-0.880000 -0.469000 -0.015000 18 0
-0.866000 -0.509000 0.048000 17 0
-0.876000 -0.489000 0.026000 16 0
-0.876000 -0.466000 0.004000 16 0
-0.644000 -0.325000 -0.012000 4 2
-0.875000 -0.486000 0.048000 17 0
-0.887000 -0.468000 0.026000 16 0
-0.797000 -0.401000 0.003000 14 2
-0.647000 -0.308000 -0.013000 5 0
-0.879000 -0.461000 0.048000 17 0
-0.878000 -0.437000 0.025000 15 0
-0.821000 -0.389000 0.002000 11 0
-0.648000 -0.291000 -0.013000 17 16
-0.881000 -0.435000 0.048000 17 0
-0.717000 -0.336000 0.020000 11 0
-0.636000 -0.284000 0.001000 8 32
-0.646000 -0.273000 -0.014000 15 32
-0.641000 -0.297000 0.035000 12 34
-0.652000 -0.287000 0.018000 9 0
-0.636000 -0.266000 -0.000000 8 0
0.000000 -0.000000 -0.000000 0 0
-0.641000 -0.279000 0.035000 17 32
-0.617000 -0.255000 0.017000 4 0
0.000000 -0.000000 -0.000000 0 0
0.000000 -0.000000 -0.000000 0 128
0.000000 -0.000000 -0.000000 0 0
0.000000 -0.000000 -0.000000 0 0
0.000000 -0.000000 -0.000000 0 0
0.000000 -0.000000 -0.000000 0 192
0.000000 -0.000000 -0.000000 0 128
0.000000 -0.000000 -0.000000 0 0
0.000000 -0.000000 -0.000000 0 0
0.000000 -0.000000 -0.000000 0 192
0.000000 -0.000000 -0.000000 0 128
0.000000 -0.000000 -0.000000 0 0
0.000000 -0.000000 -0.000000 0 128
0.000000 -0.000000 -0.000000 0 192
0.000000 -0.000000 -0.000000 0 128
0.000000 -0.000000 -0.000000 0 0
0.000000 -0.000000 -0.000000 0 192
-0.915000 -0.249000 -0.026000 19 0
0.000000 -0.000000 -0.000000 0 192
-0.921000 -0.259000 0.023000 14 64
-0.928000 -0.246000 -0.002000 15 0
-0.910000 -0.226000 -0.027000 16 0
-0.919000 -0.250000 0.049000 17 0
-0.930000 -0.238000 0.023000 15 0
-0.934000 -0.225000 -0.003000 12 64
-0.923000 -0.207000 -0.028000 16 0
-0.924000 -0.228000 0.049000 17 0
-0.931000 -0.215000 0.023000 12 64
-0.939000 -0.203000 -0.003000 13 64
-0.940000 -0.189000 -0.029000 18 0
-0.932000 -0.206000 0.050000 17 0
-0.940000 -0.194000 0.023000 15 0
-0.943000 -0.182000 -0.004000 12 64
-0.931000 -0.166000 -0.030000 16 0
-0.937000 -0.183000 0.050000 17 0
-0.940000 -0.171000 0.022000 13 0
-0.947000 -0.160000 -0.004000 12 64
-0.938000 -0.146000 -0.031000 16 0
-0.932000 -0.159000 0.050000 14 0
-0.943000 -0.149000 0.022000 11 64
-0.950000 -0.138000 -0.005000 13 64
-0.945000 -0.125000 -0.032000 16 0
-0.935000 -0.136000 0.050000 14 0
-0.947000 -0.126000 0.022000 13 0
-0.957000 -0.117000 -0.006000 12 64
-0.947000 -0.104000 -0.033000 16 0
-0.941000 -0.114000 0.050000 14 0
-0.955000 -0.105000 0.022000 11 64
-0.960000 -0.095000 -0.006000 12 64
-0.965000 -0.085000 -0.034000 16 0
-0.951000 -0.092000 0.050000 12 64
-0.964000 -0.083000 0.022000 11 64
-0.967000 -0.074000 -0.007000 13 64
-0.969000 -0.063000 -0.035000 16 0
-0.955000 -0.069000 0.051000 14 64
-0.969000 -0.060000 0.021000 11 64
-0.973000 -0.052000 -0.007000 13 64
-0.973000 -0.042000 -0.036000 16 0
-0.957000 -0.046000 0.051000 14 64
-0.973000 -0.038000 0.021000 11 64
-0.976000 -0.029000 -0.008000 13 64
-0.982000 -0.020000 -0.037000 17 0
-0.967000 -0.023000 0.051000 14 64
-0.976000 -0.015000 0.021000 11 64
-0.981000 -0.007000 -0.009000 13 64
-0.982000 -0.000000 -0.038000 18 0
-0.970000 -0.000000 0.051000 12 64
-0.982000 0.007000 0.021000 11 64
-0.989000 0.014000 -0.009000 13 64
-0.981000 0.022000 -0.039000 18 0
-0.976000 0.023000 0.052000 14 64
-0.979000 0.030000 0.020000 10 64
-0.995000 0.037000 -0.010000 13 64
-0.991000 0.044000 -0.040000 18 0
-0.982000 0.047000 0.052000 14 64
-0.990000 0.054000 0.020000 11 64
-0.998000 0.060000 -0.010000 13 64
-0.999000 0.067000 -0.041000 18 0
-0.993000 0.072000 0.053000 15 64
-1.006000 0.079000 0.020000 14 64
-1.004000 0.083000 -0.011000 13 64
-0.998000 0.089000 -0.042000 18 0
-0.879000 -0.461000 0.048000 17 0
-0.878000 -0.437000 0.025000 15 0
-0.821000 -0.389000 0.002000 11 0
-0.648000 -0.291000 -0.013000 17 16
-0.881000 -0.435000 0.048000 17 0
-0.717000 -0.336000 0.020000 11 0
-0.636000 -0.284000 0.001000 8 32
-0.646000 -0.273000 -0.014000 15 32
-0.641000 -0.297000 0.035000 12 34
-0.652000 -0.287000 0.018000 9 0
-0.636000 -0.266000 -0.000000 8 0
0.000000 -0.000000 -0.000000 0 0
-0.641000 -0.279000 0.035000 17 32
-0.617000 -0.255000 0.017000 4 0
0.000000 -0.000000 -0.000000 0 0
0.000000 -0.000000 -0.000000 0 128
0.000000 -0.000000 -0.000000 0 0
0.000000 -0.000000 -0.000000 0 0
0.000000 -0.000000 -0.000000 0 0
0.000000 -0.000000 -0.000000 0 192
0.000000 -0.000000 -0.000000 0 128
0.000000 -0.000000 -0.000000 0 0
0.000000 -0.000000 -0.000000 0 0
0.000000 -0.000000 -0.000000 0 192
0.000000 -0.000000 -0.000000 0 128
0.000000 -0.000000 -0.000000 0 0
0.000000 -0.000000 -0.000000 0 128
0.000000 -0.000000 -0.000000 0 192
0.000000 -0.000000 -0.000000 0 128
0.000000 -0.000000 -0.000000 0 0
0.000000 -0.000000 -0.000000 0 192
-0.915000 -0.249000 -0.026000 19 0
0.000000 -0.000000 -0.000000 0 192
-0.921000 -0.259000 0.023000 14 64
-0.928000 -0.246000 -0.002000 15 0
-0.910000 -0.226000 -0.027000 16 0
-0.919000 -0.250000 0.049000 17 0
-0.930000 -0.238000 0.023000 15 0
-0.934000 -0.225000 -0.003000 12 64
-0.923000 -0.207000 -0.028000 16 0
-0.924000 -0.228000 0.049000 17 0
-0.931000 -0.215000 0.023000 12 64
-0.939000 -0.203000 -0.003000 13 64
-0.940000 -0.189000 -0.029000 18 0
-0.932000 -0.206000 0.050000 17 0
-0.940000 -0.194000 0.023000 15 0
-0.943000 -0.182000 -0.004000 12 64
-0.931000 -0.166000 -0.030000 16 0
-0.937000 -0.183000 0.050000 17 0
-0.940000 -0.171000 0.022000 13 0
-0.947000 -0.160000 -0.004000 12 64
-0.938000 -0.146000 -0.031000 16 0
-0.932000 -0.159000 0.050000 14 0
-0.943000 -0.149000 0.022000 11 64
-0.950000 -0.138000 -0.005000 13 64
-0.945000 -0.125000 -0.032000 16 0
-0.935000 -0.136000 0.050000 14 0
-0.947000 -0.126000 0.022000 13 0
-0.957000 -0.117000 -0.006000 12 64
-0.947000 -0.104000 -0.033000 16 0
-0.941000 -0.114000 0.050000 14 0
-0.955000 -0.105000 0.022000 11 64
-0.960000 -0.095000 -0.006000 12 64
-0.965000 -0.085000 -0.034000 16 0
-0.951000 -0.092000 0.050000 12 64
-0.964000 -0.083000 0.022000 11 64
-0.967000 -0.074000 -0.007000 13 64
-0.969000 -0.063000 -0.035000 16 0
-0.955000 -0.069000 0.051000 14 64
-0.969000 -0.060000 0.021000 11 64
-0.973000 -0.052000 -0.007000 13 64
-0.973000 -0.042000 -0.036000 16 0
-0.957000 -0.046000 0.051000 14 64
-0.973000 -0.038000 0.021000 11 64
-0.976000 -0.029000 -0.008000 13 64
-0.982000 -0.020000 -0.037000 17 0
-0.967000 -0.023000 0.051000 14 64
-0.976000 -0.015000 0.021000 11 64
-0.981000 -0.007000 -0.009000 13 64
-0.982000 -0.000000 -0.038000 18 0
-0.970000 -0.000000 0.051000 12 64
-0.982000 0.007000 0.021000 11 64
-0.989000 0.014000 -0.009000 13 64
-0.981000 0.022000 -0.039000 18 0
-0.976000 0.023000 0.052000 14 64
-0.979000 0.030000 0.020000 10 64
-0.995000 0.037000 -0.010000 13 64
-0.991000 0.044000 -0.040000 18 0
-0.982000 0.047000 0.052000 14 64
-0.990000 0.054000 0.020000 11 64
-0.998000 0.060000 -0.010000 13 64
-0.999000 0.067000 -0.041000 18 0
-0.993000 0.072000 0.053000 15 64
-1.006000 0.079000 0.020000 14 64
-1.004000 0.083000 -0.011000 13 64
-0.998000 0.089000 -0.042000 18 0
-1.014000 0.098000 0.054000 19 64
-1.015000 0.103000 0.020000 14 64
-1.005000 0.107000 -0.012000 13 64
-0.999000 0.112000 -0.043000 18 0
-1.017000 0.123000 0.054000 19 64
-1.020000 0.128000 0.020000 14 64
-1.026000 0.133000 -0.012000 15 64
-1.016000 0.137000 -0.045000 19 0
-1.029000 0.150000 0.055000 19 64
-1.030000 0.154000 0.020000 14 64
-1.026000 0.157000 -0.013000 14 64
-1.017000 0.160000 -0.045000 19 0
-1.030000 0.176000 0.055000 20 64
-1.034000 0.179000 0.020000 14 64
-1.012000 0.178000 -0.013000 11 64
-1.011000 0.182000 -0.046000 6 0
-0.978000 0.191000 0.052000 2 65
-1.026000 0.203000 0.019000 2 64
0.000000 -0.000000 -0.000000 0 0
-1.002000 0.203000 -0.046000 1 0
-1.013000 0.224000 0.054000 1 64
-1.025000 0.228000 0.019000 2 64
-1.014000 0.227000 -0.014000 1 64
-1.007000 0.228000 -0.047000 1 0
-1.111000 0.274000 0.059000 2 0
-1.118000 0.276000 0.021000 2 66
-1.112000 0.275000 -0.017000 2 0
-1.102000 0.275000 -0.053000 1 2
-1.114000 0.303000 0.060000 2 64
-1.119000 0.305000 0.020000 2 64
-1.119000 0.304000 -0.017000 1 0
-1.102000 0.301000 -0.054000 1 0
-1.118000 0.333000 0.060000 1 0
-1.122000 0.334000 0.020000 1 64
-1.131000 0.336000 -0.018000 1 64
-1.104000 0.328000 -0.055000 1 0
-1.123000 0.365000 0.060000 1 0
-1.131000 0.366000 0.020000 1 64
-1.127000 0.363000 -0.019000 1 0
-1.110000 0.357000 -0.056000 1 0
-1.132000 0.398000 0.061000 1 0
-1.137000 0.398000 0.020000 1 64
-1.136000 0.394000 -0.019000 1 0
-1.129000 0.391000 -0.058000 1 0
-1.151000 0.436000 0.062000 6 0
-1.139000 0.429000 0.019000 1 64
-1.139000 0.425000 -0.020000 1 0
-1.119000 0.416000 -0.058000 0 0
-1.144000 0.466000 0.062000 1 0
-1.146000 0.462000 0.019000 1 0
-1.149000 0.459000 -0.021000 1 0
-1.125000 0.446000 -0.060000 0 0
-1.126000 0.490000 0.061000 0 0
-1.158000 0.499000 0.019000 1 0
-1.153000 0.491000 -0.022000 1 0
-1.136000 0.480000 -0.061000 0 0
0.000000 -0.000000 -0.000000 0 0
-1.163000 0.534000 0.019000 1 0
-1.161000 0.526000 -0.023000 1 0
-1.123000 0.504000 -0.062000 0 0
-1.157000 0.572000 0.063000 0 0
-1.174000 0.573000 0.019000 1 0
-1.153000 0.555000 -0.023000 0 0
0.000000 -0.000000 -0.000000 0 0
0.000000 -0.000000 -0.000000 0 0
-1.179000 0.610000 0.018000 1 0
-1.174000 0.598000 -0.024000 1 0
-1.160000 0.584000 -0.066000 0 0
-1.178000 0.654000 0.065000 0 0
-1.191000 0.652000 0.018000 1 0
-1.181000 0.636000 -0.025000 0 0
0.000000 -0.000000 -0.000000 0 0
0.000000 -0.000000 -0.000000 0 0
0.000000 -0.000000 -0.000000 0 0
-1.185000 0.674000 -0.026000 0 0
-1.179000 0.661000 -0.069000 0 0
-1.209000 0.750000 0.067000 1 0
-1.202000 0.733000 0.018000 0 0
0.000000 -0.000000 -0.000000 0 0
0.000000 -0.000000 -0.000000 0 0
-1.224000 0.801000 0.068000 12 0
0.000000 -0.000000 -0.000000 0 0
-1.210000 0.762000 -0.028000 0 0
-1.203000 0.747000 -0.073000 0 0
-1.225000 0.844000 0.068000 0 0
-1.236000 0.836000 0.017000 0 64
0.000000 -0.000000 -0.000000 0 0
0.000000 -0.000000 -0.000000 0 0
-1.250000 0.906000 0.070000 10 0
-1.239000 0.881000 0.017000 10 0
-1.227000 0.854000 -0.031000 0 0
-1.228000 0.840000 -0.077000 0 0
-1.252000 0.955000 0.070000 0 0
-1.258000 0.939000 0.017000 0 64
-1.242000 0.907000 -0.032000 9 0
0.000000 -0.000000 -0.000000 0 0
-1.014000 0.098000 0.054000 19 64
-1.015000 0.103000 0.020000 14 64
-1.005000 0.107000 -0.012000 13 64
-0.999000 0.112000 -0.043000 18 0
-1.017000 0.123000 0.054000 19 64
-1.020000 0.128000 0.020000 14 64
-1.026000 0.133000 -0.012000 15 64
-1.016000 0.137000 -0.045000 19 0
-1.029000 0.150000 0.055000 19 64
-1.030000 0.154000 0.020000 14 64
-1.026000 0.157000 -0.013000 14 64
-1.017000 0.160000 -0.045000 19 0
-1.030000 0.176000 0.055000 20 64
-1.034000 0.179000 0.020000 14 64
-1.012000 0.178000 -0.013000 11 64
-1.011000 0.182000 -0.046000 6 0
-0.978000 0.191000 0.052000 2 65
-1.026000 0.203000 0.019000 2 64
0.000000 -0.000000 -0.000000 0 0
-1.002000 0.203000 -0.046000 1 0
-1.013000 0.224000 0.054000 1 64
-1.025000 0.228000 0.019000 2 64
-1.014000 0.227000 -0.014000 1 64
-1.007000 0.228000 -0.047000 1 0
-1.111000 0.274000 0.059000 2 0
-1.118000 0.276000 0.021000 2 66
-1.112000 0.275000 -0.017000 2 0
-1.102000 0.275000 -0.053000 1 2
-1.114000 0.303000 0.060000 2 64
-1.119000 0.305000 0.020000 2 64
-1.119000 0.304000 -0.017000 1 0
-1.102000 0.301000 -0.054000 1 0
-1.118000 0.333000 0.060000 1 0
-1.122000 0.334000 0.020000 1 64
-1.131000 0.336000 -0.018000 1 64
-1.104000 0.328000 -0.055000 1 0
-1.123000 0.365000 0.060000 1 0
-1.131000 0.366000 0.020000 1 64
-1.127000 0.363000 -0.019000 1 0
-1.110000 0.357000 -0.056000 1 0
-1.132000 0.398000 0.061000 1 0
-1.137000 0.398000 0.020000 1 64
-1.136000 0.394000 -0.019000 1 0
-1.129000 0.391000 -0.058000 1 0
-1.151000 0.436000 0.062000 6 0
-1.139000 0.429000 0.019000 1 64
-1.139000 0.425000 -0.020000 1 0
-1.119000 0.416000 -0.058000 0 0
-1.144000 0.466000 0.062000 1 0
-1.146000 0.462000 0.019000 1 0
-1.149000 0.459000 -0.021000 1 0
-1.125000 0.446000 -0.060000 0 0
-1.126000 0.490000 0.061000 0 0
-1.158000 0.499000 0.019000 1 0
-1.153000 0.491000 -0.022000 1 0
-1.136000 0.480000 -0.061000 0 0
0.000000 -0.000000 -0.000000 0 0
-1.163000 0.534000 0.019000 1 0
-1.161000 0.526000 -0.023000 1 0
-1.123000 0.504000 -0.062000 0 0
-1.157000 0.572000 0.063000 0 0
-1.174000 0.573000 0.019000 1 0
-1.153000 0.555000 -0.023000 0 0
0.000000 -0.000000 -0.000000 0 0
0.000000 -0.000000 -0.000000 0 0
-1.179000 0.610000 0.018000 1 0
-1.174000 0.598000 -0.024000 1 0
-1.160000 0.584000 -0.066000 0 0
-1.178000 0.654000 0.065000 0 0
-1.191000 0.652000 0.018000 1 0
-1.181000 0.636000 -0.025000 0 0
0.000000 -0.000000 -0.000000 0 0
0.000000 -0.000000 -0.000000 0 0
0.000000 -0.000000 -0.000000 0 0
-1.185000 0.674000 -0.026000 0 0
-1.179000 0.661000 -0.069000 0 0
-1.209000 0.750000 0.067000 1 0
-1.202000 0.733000 0.018000 0 0
0.000000 -0.000000 -0.000000 0 0
0.000000 -0.000000 -0.000000 0 0
-1.224000 0.801000 0.068000 12 0
0.000000 -0.000000 -0.000000 0 0
-1.210000 0.762000 -0.028000 0 0
-1.203000 0.747000 -0.073000 0 0
-1.225000 0.844000 0.068000 0 0
-1.236000 0.836000 0.017000 0 64
0.000000 -0.000000 -0.000000 0 0
0.000000 -0.000000 -0.000000 0 0
-1.250000 0.906000 0.070000 10 0
-1.239000 0.881000 0.017000 10 0
-1.227000 0.854000 -0.031000 0 0
-1.228000 0.840000 -0.077000 0 0
-1.252000 0.955000 0.070000 0 0
-1.258000 0.939000 0.017000 0 64
-1.242000 0.907000 -0.032000 9 0
0.000000 -0.000000 -0.000000 0 0
-1.222000 0.979000 0.069000 13 0
-1.242000 0.973000 0.016000 12 0
-1.245000 0.954000 -0.033000 0 0
0.000000 -0.000000 -0.000000 0 128
0.000000 -0.000000 -0.000000 0 0
-1.204000 0.990000 0.015000 1 64
-1.218000 0.978000 -0.033000 13 0
-1.239000 0.975000 -0.082000 13 0
-1.221000 1.078000 0.069000 59 0
-1.201000 1.035000 0.015000 9 0
-1.187000 0.999000 -0.033000 0 0
-1.189000 0.979000 -0.080000 0 0
-1.252000 1.160000 0.072000 13 64
-1.246000 1.126000 0.015000 11 64
-1.213000 1.069000 -0.035000 60 0
-1.202000 1.036000 -0.083000 7 0
-1.262000 1.227000 0.073000 67 0
-1.247000 1.182000 0.014000 64 0
-1.249000 1.153000 -0.037000 12 0
-1.237000 1.115000 -0.087000 13 0
-1.283000 1.308000 0.074000 57 0
-1.269000 1.259000 0.014000 66 0
-1.253000 1.210000 -0.039000 65 0
-1.248000 1.176000 -0.089000 61 0
-1.302000 1.393000 0.076000 66 0
-1.293000 1.344000 0.014000 60 0
-1.274000 1.288000 -0.041000 60 0
-1.265000 1.247000 -0.093000 55 0
-1.326000 1.489000 0.078000 55 0
-1.310000 1.427000 0.013000 55 0
-1.297000 1.373000 -0.043000 63 0
-1.282000 1.321000 -0.096000 62 0
-1.354000 1.594000 0.080000 54 0
-1.334000 1.524000 0.013000 62 0
-1.316000 1.459000 -0.045000 65 0
-1.306000 1.407000 -0.100000 58 0
-5.158000 6.378000 0.307000 108 0
-1.355000 1.623000 0.013000 29 0
-1.338000 1.553000 -0.047000 52 0
-1.323000 1.492000 -0.103000 61 0
-4.956000 6.435000 0.297000 115 0
-5.090000 6.393000 0.045000 115 0
-5.233000 6.359000 -0.192000 93 0
-1.347000 1.589000 -0.107000 55 0
-4.746000 6.478000 0.286000 121 0
-4.889000 6.443000 0.040000 116 0
0.000000 -0.000000 -0.000000 0 0
-1.985000 2.451000 -0.162000 7 0
-4.547000 6.526000 0.276000 121 0
-4.694000 6.492000 0.036000 123 0
0.000000 -0.000000 -0.000000 0 128
-1.902000 2.460000 -0.159000 7 0
-4.352000 6.573000 0.267000 126 0
-4.500000 6.542000 0.031000 122 0
0.000000 -0.000000 -0.000000 0 128
-1.814000 2.457000 -0.156000 6 0
-4.154000 6.609000 0.257000 126 0
-4.306000 6.583000 0.027000 117 0
-3.621000 5.325000 -0.154000 16 0
-1.749000 2.484000 -0.154000 9 0
-3.964000 6.654000 0.247000 127 0
-4.120000 6.630000 0.022000 130 0
-3.493000 5.400000 -0.155000 12 0
-1.662000 2.475000 -0.150000 8 0
-3.778000 6.696000 0.238000 130 0
-3.928000 6.663000 0.018000 113 0
0.000000 -0.000000 -0.000000 0 0
-1.595000 2.496000 -0.148000 8 0
-3.591000 6.732000 0.229000 135 0
-3.746000 6.707000 0.014000 119 0
0.000000 -0.000000 -0.000000 0 0
-1.525000 2.509000 -0.146000 9 0
-3.415000 6.787000 0.220000 133 0
-3.566000 6.748000 0.009000 108 0
-2.762000 4.990000 -0.139000 15 0
-1.456000 2.522000 -0.144000 10 0
-3.234000 6.824000 0.211000 132 0
-3.388000 6.789000 0.005000 99 0
-2.677000 5.108000 -0.140000 13 0
-1.392000 2.542000 -0.142000 11 0
-3.057000 6.868000 0.202000 127 0
-3.213000 6.831000 0.001000 78 0
-2.588000 5.227000 -0.143000 13 0
-1.325000 2.553000 -0.140000 12 0
-2.882000 6.906000 0.194000 128 0
-3.042000 6.878000 -0.002000 127 0
-2.502000 5.358000 -0.145000 11 0
-1.262000 2.572000 -0.138000 14 0
-2.708000 6.947000 0.185000 118 0
-2.867000 6.914000 -0.007000 123 0
-2.392000 5.443000 -0.146000 19 0
-1.195000 2.581000 -0.136000 11 0
-2.536000 6.983000 0.176000 121 0
-2.700000 6.963000 -0.011000 132 0
-2.251000 5.462000 -0.145000 28 0
-1.131000 2.596000 -0.134000 12 0
-1.222000 0.979000 0.069000 13 0
-1.242000 0.973000 0.016000 12 0
-1.245000 0.954000 -0.033000 0 0
0.000000 -0.000000 -0.000000 0 128
0.000000 -0.000000 -0.000000 0 0
-1.204000 0.990000 0.015000 1 64
-1.218000 0.978000 -0.033000 13 0
-1.239000 0.975000 -0.082000 13 0
-1.221000 1.078000 0.069000 59 0
-1.201000 1.035000 0.015000 9 0
-1.187000 0.999000 -0.033000 0 0
-1.189000 0.979000 -0.080000 0 0
-1.252000 1.160000 0.072000 13 64
-1.246000 1.126000 0.015000 11 64
-1.213000 1.069000 -0.035000 60 0
-1.202000 1.036000 -0.083000 7 0
-1.262000 1.227000 0.073000 67 0
-1.247000 1.182000 0.014000 64 0
-1.249000 1.153000 -0.037000 12 0
-1.237000 1.115000 -0.087000 13 0
-1.283000 1.308000 0.074000 57 0
-1.269000 1.259000 0.014000 66 0
-1.253000 1.210000 -0.039000 65 0
-1.248000 1.176000 -0.089000 61 0
-1.302000 1.393000 0.076000 66 0
-1.293000 1.344000 0.014000 60 0
-1.274000 1.288000 -0.041000 60 0
-1.265000 1.247000 -0.093000 55 0
-1.326000 1.489000 0.078000 55 0
-1.310000 1.427000 0.013000 55 0
-1.297000 1.373000 -0.043000 63 0
-1.282000 1.321000 -0.096000 62 0
-1.354000 1.594000 0.080000 54 0
-1.334000 1.524000 0.013000 62 0
-1.316000 1.459000 -0.045000 65 0
-1.306000 1.407000 -0.100000 58 0
-5.158000 6.378000 0.307000 108 0
-1.355000 1.623000 0.013000 29 0
-1.338000 1.553000 -0.047000 52 0
-1.323000 1.492000 -0.103000 61 0
-4.956000 6.435000 0.297000 115 0
-5.090000 6.393000 0.045000 115 0
-5.233000 6.359000 -0.192000 93 0
-1.347000 1.589000 -0.107000 55 0
-4.746000 6.478000 0.286000 121 0
-4.889000 6.443000 0.040000 116 0
0.000000 -0.000000 -0.000000 0 0
-1.985000 2.451000 -0.162000 7 0
-4.547000 6.526000 0.276000 121 0
-4.694000 6.492000 0.036000 123 0
0.000000 -0.000000 -0.000000 0 128
-1.902000 2.460000 -0.159000 7 0
-4.352000 6.573000 0.267000 126 0
-4.500000 6.542000 0.031000 122 0
0.000000 -0.000000 -0.000000 0 128
-1.814000 2.457000 -0.156000 6 0
-4.154000 6.609000 0.257000 126 0
-4.306000 6.583000 0.027000 117 0
-3.621000 5.325000 -0.154000 16 0
-1.749000 2.484000 -0.154000 9 0
-3.964000 6.654000 0.247000 127 0
-4.120000 6.630000 0.022000 130 0
-3.493000 5.400000 -0.155000 12 0
-1.662000 2.475000 -0.150000 8 0
-3.778000 6.696000 0.238000 130 0
-3.928000 6.663000 0.018000 113 0
0.000000 -0.000000 -0.000000 0 0
-1.595000 2.496000 -0.148000 8 0
-3.591000 6.732000 0.229000 135 0
-3.746000 6.707000 0.014000 119 0
0.000000 -0.000000 -0.000000 0 0
-1.525000 2.509000 -0.146000 9 0
-3.415000 6.787000 0.220000 133 0
-3.566000 6.748000 0.009000 108 0
-2.762000 4.990000 -0.139000 15 0
-1.456000 2.522000 -0.144000 10 0
-3.234000 6.824000 0.211000 132 0
-3.388000 6.789000 0.005000 99 0
-2.677000 5.108000 -0.140000 13 0
-1.392000 2.542000 -0.142000 11 0
-3.057000 6.868000 0.202000 127 0
-3.213000 6.831000 0.001000 78 0
-2.588000 5.227000 -0.143000 13 0
-1.325000 2.553000 -0.140000 12 0
-2.882000 6.906000 0.194000 128 0
-3.042000 6.878000 -0.002000 127 0
-2.502000 5.358000 -0.145000 11 0
-1.262000 2.572000 -0.138000 14 0
-2.708000 6.947000 0.185000 118 0
-2.867000 6.914000 -0.007000 123 0
-2.392000 5.443000 -0.146000 19 0
-1.195000 2.581000 -0.136000 11 0
-2.536000 6.983000 0.176000 121 0
-2.700000 6.963000 -0.011000 132 0
-2.251000 5.462000 -0.145000 28 0
-1.131000 2.596000 -0.134000 12 0
-2.364000 7.026000 0.167000 121 0
-2.528000 6.996000 -0.015000 121 0
-2.119000 5.493000 -0.145000 28 0
-1.065000 2.605000 -0.132000 18 0
-2.193000 7.063000 0.159000 115 0
-2.356000 7.031000 -0.019000 124 0
-1.984000 5.521000 -0.145000 27 0
-1.005000 2.625000 -0.130000 20 0
-2.025000 7.109000 0.150000 114 0
-2.190000 7.075000 -0.024000 120 0
-1.855000 5.555000 -0.144000 34 0
-1.930000 5.406000 -0.263000 20 0
-1.858000 7.155000 0.142000 105 0
-2.023000 7.118000 -0.028000 120 0
-1.724000 5.586000 -0.144000 21 0
-1.788000 5.390000 -0.257000 89 0
-1.689000 7.190000 0.133000 116 0
-1.856000 7.156000 -0.032000 113 0
-1.853000 6.532000 -0.167000 46 0
-1.718000 5.598000 -0.262000 17 0
-1.519000 7.221000 0.125000 115 0
-1.690000 7.194000 -0.036000 124 0
-1.701000 6.568000 -0.167000 88 0
-1.844000 6.533000 -0.299000 84 0
-1.349000 7.261000 0.116000 123 0
-1.524000 7.235000 -0.040000 114 0
-1.683000 7.172000 -0.181000 33 0
0.000000 -0.000000 -0.000000 0 0
-1.182000 7.303000 0.107000 127 0
-1.354000 7.265000 -0.045000 124 0
-1.407000 6.689000 -0.168000 56 0
-1.549000 6.627000 -0.292000 1 0
-1.011000 7.340000 0.098000 127 0
-1.188000 7.308000 -0.049000 123 0
-1.355000 7.264000 -0.181000 113 0
-1.400000 6.668000 -0.288000 102 0
-0.843000 7.391000 0.090000 90 0
-1.018000 7.342000 -0.054000 132 0
-1.191000 7.305000 -0.181000 110 0
-1.353000 7.272000 -0.308000 125 0
-0.675000 7.454000 0.081000 1 0
-0.851000 7.380000 -0.058000 106 0
-0.811000 5.810000 -0.143000 21 0
-1.190000 7.313000 -0.303000 132 0
0.000000 -0.000000 -0.000000 0 0
-0.686000 7.454000 -0.063000 14 0
-0.662000 5.707000 -0.140000 21 0
-0.805000 5.774000 -0.234000 23 0
0.000000 -0.000000 -0.000000 0 192
0.000000 -0.000000 -0.000000 0 0
-0.537000 5.783000 -0.141000 9 0
-0.642000 5.532000 -0.220000 86 0
0.000000 -0.000000 -0.000000 0 192
0.000000 -0.000000 -0.000000 0 192
0.000000 -0.000000 -0.000000 0 0
-0.519000 5.576000 -0.217000 20 0
0.000000 -0.000000 -0.000000 0 192
0.000000 -0.000000 -0.000000 0 192
0.000000 -0.000000 -0.000000 0 192
0.000000 -0.000000 -0.000000 0 0
0.000000 -0.000000 -0.000000 0 192
0.000000 -0.000000 -0.000000 0 192
0.000000 -0.000000 -0.000000 0 192
0.000000 -0.000000 -0.000000 0 192
0.000000 -0.000000 -0.000000 0 192
0.000000 -0.000000 -0.000000 0 192
0.000000 -0.000000 -0.000000 0 192
0.000000 -0.000000 -0.000000 0 192
0.131000 1.816000 0.003000 2 0
0.000000 -0.000000 -0.000000 0 192
0.000000 -0.000000 -0.000000 0 192
0.000000 -0.000000 -0.000000 0 192
0.166000 1.744000 0.001000 15 0
0.126000 1.808000 -0.022000 1 0
0.000000 -0.000000 -0.000000 0 192
0.000000 -0.000000 -0.000000 0 128
0.193000 1.625000 -0.000000 22 0
0.163000 1.748000 -0.023000 12 0
0.000000 -0.000000 -0.000000 0 128
0.000000 -0.000000 -0.000000 0 192
0.221000 1.555000 -0.002000 14 0
0.190000 1.630000 -0.022000 19 0
0.161000 1.761000 -0.041000 1 64
0.000000 -0.000000 -0.000000 0 128
0.257000 1.548000 -0.004000 16 0
0.217000 1.550000 -0.022000 57 0
0.188000 1.635000 -0.038000 22 0
0.161000 1.767000 -0.058000 1 0
0.298000 1.569000 -0.007000 13 0
0.255000 1.564000 -0.023000 11 0
0.216000 1.560000 -0.036000 11 0
0.187000 1.640000 -0.052000 21 0
0.338000 1.582000 -0.009000 15 0
0.294000 1.573000 -0.024000 11 0
0.251000 1.553000 -0.036000 13 0
0.213000 1.548000 -0.048000 52 0
-2.364000 7.026000 0.167000 121 0
-2.528000 6.996000 -0.015000 121 0
-2.119000 5.493000 -0.145000 28 0
-1.065000 2.605000 -0.132000 18 0
-2.193000 7.063000 0.159000 115 0
-2.356000 7.031000 -0.019000 124 0
-1.984000 5.521000 -0.145000 27 0
-1.005000 2.625000 -0.130000 20 0
-2.025000 7.109000 0.150000 114 0
-2.190000 7.075000 -0.024000 120 0
-1.855000 5.555000 -0.144000 34 0
-1.930000 5.406000 -0.263000 20 0
-1.858000 7.155000 0.142000 105 0
-2.023000 7.118000 -0.028000 120 0
-1.724000 5.586000 -0.144000 21 0
-1.788000 5.390000 -0.257000 89 0
-1.689000 7.190000 0.133000 116 0
-1.856000 7.156000 -0.032000 113 0
-1.853000 6.532000 -0.167000 46 0
-1.718000 5.598000 -0.262000 17 0
-1.519000 7.221000 0.125000 115 0
-1.690000 7.194000 -0.036000 124 0
-1.701000 6.568000 -0.167000 88 0
-1.844000 6.533000 -0.299000 84 0
-1.349000 7.261000 0.116000 123 0
-1.524000 7.235000 -0.040000 114 0
-1.683000 7.172000 -0.181000 33 0
0.000000 -0.000000 -0.000000 0 0
-1.182000 7.303000 0.107000 127 0
-1.354000 7.265000 -0.045000 124 0
-1.407000 6.689000 -0.168000 56 0
-1.549000 6.627000 -0.292000 1 0
-1.011000 7.340000 0.098000 127 0
-1.188000 7.308000 -0.049000 123 0
-1.355000 7.264000 -0.181000 113 0
-1.400000 6.668000 -0.288000 102 0
-0.843000 7.391000 0.090000 90 0
-1.018000 7.342000 -0.054000 132 0
-1.191000 7.305000 -0.181000 110 0
-1.353000 7.272000 -0.308000 125 0
-0.675000 7.454000 0.081000 1 0
-0.851000 7.380000 -0.058000 106 0
-0.811000 5.810000 -0.143000 21 0
-1.190000 7.313000 -0.303000 132 0
0.000000 -0.000000 -0.000000 0 0
-0.686000 7.454000 -0.063000 14 0
-0.662000 5.707000 -0.140000 21 0
-0.805000 5.774000 -0.234000 23 0
0.000000 -0.000000 -0.000000 0 192
0.000000 -0.000000 -0.000000 0 0
-0.537000 5.783000 -0.141000 9 0
-0.642000 5.532000 -0.220000 86 0
0.000000 -0.000000 -0.000000 0 192
0.000000 -0.000000 -0.000000 0 192
0.000000 -0.000000 -0.000000 0 0
-0.519000 5.576000 -0.217000 20 0
0.000000 -0.000000 -0.000000 0 192
0.000000 -0.000000 -0.000000 0 192
0.000000 -0.000000 -0.000000 0 192
0.000000 -0.000000 -0.000000 0 0
0.000000 -0.000000 -0.000000 0 192
0.000000 -0.000000 -0.000000 0 192
0.000000 -0.000000 -0.000000 0 192
0.000000 -0.000000 -0.000000 0 192
0.000000 -0.000000 -0.000000 0 192
0.000000 -0.000000 -0.000000 0 192
0.000000 -0.000000 -0.000000 0 192
0.000000 -0.000000 -0.000000 0 192
0.131000 1.816000 0.003000 2 0
0.000000 -0.000000 -0.000000 0 192
0.000000 -0.000000 -0.000000 0 192
0.000000 -0.000000 -0.000000 0 192
0.166000 1.744000 0.001000 15 0
0.126000 1.808000 -0.022000 1 0
0.000000 -0.000000 -0.000000 0 192
0.000000 -0.000000 -0.000000 0 128
0.193000 1.625000 -0.000000 22 0
0.163000 1.748000 -0.023000 12 0
0.000000 -0.000000 -0.000000 0 128
0.000000 -0.000000 -0.000000 0 192
0.221000 1.555000 -0.002000 14 0
0.190000 1.630000 -0.022000 19 0
0.161000 1.761000 -0.041000 1 64
0.000000 -0.000000 -0.000000 0 128
0.257000 1.548000 -0.004000 16 0
0.217000 1.550000 -0.022000 57 0
0.188000 1.635000 -0.038000 22 0
0.161000 1.767000 -0.058000 1 0
0.298000 1.569000 -0.007000 13 0
0.255000 1.564000 -0.023000 11 0
0.216000 1.560000 -0.036000 11 0
0.187000 1.640000 -0.052000 21 0
0.338000 1.582000 -0.009000 15 0
0.294000 1.573000 -0.024000 11 0
0.251000 1.553000 -0.036000 13 0
0.213000 1.548000 -0.048000 52 0
0.376000 1.582000 -0.011000 15 0
0.334000 1.579000 -0.025000 11 0
0.291000 1.566000 -0.036000 12 0
0.253000 1.565000 -0.048000 15 0
0.419000 1.598000 -0.013000 13 0
0.374000 1.590000 -0.027000 11 0
0.332000 1.582000 -0.037000 12 0
0.292000 1.576000 -0.047000 14 0
0.460000 1.603000 -0.016000 58 0
0.414000 1.593000 -0.028000 60 0
0.373000 1.594000 -0.037000 12 0
0.331000 1.580000 -0.046000 14 0
0.505000 1.617000 -0.018000 13 0
0.458000 1.609000 -0.029000 11 0
0.413000 1.597000 -0.037000 11 0
0.372000 1.592000 -0.045000 14 0
0.547000 1.622000 -0.021000 50 0
0.499000 1.612000 -0.031000 59 0
0.453000 1.598000 -0.037000 59 0
0.413000 1.598000 -0.044000 67 0
0.593000 1.634000 -0.023000 59 0
0.544000 1.624000 -0.032000 55 0
0.499000 1.619000 -0.037000 12 0
0.455000 1.608000 -0.043000 13 0
0.640000 1.646000 -0.026000 50 0
0.589000 1.633000 -0.033000 57 0
0.541000 1.621000 -0.037000 59 0
0.497000 1.611000 -0.042000 57 0
0.688000 1.657000 -0.029000 50 0
0.634000 1.638000 -0.035000 50 0
0.587000 1.632000 -0.038000 55 0
0.543000 1.626000 -0.041000 52 0
0.738000 1.668000 -0.032000 28 0
0.687000 1.662000 -0.037000 50 0
0.635000 1.644000 -0.038000 52 0
0.588000 1.632000 -0.040000 55 0
0.787000 1.673000 -0.034000 7 0
0.735000 1.669000 -0.038000 31 0
0.682000 1.652000 -0.038000 49 0
0.636000 1.646000 -0.039000 55 0
0.000000 -0.000000 -0.000000 0 0
0.788000 1.682000 -0.040000 9 0
0.733000 1.665000 -0.039000 33 0
0.688000 1.662000 -0.038000 50 0
0.000000 -0.000000 -0.000000 0 128
0.000000 -0.000000 -0.000000 0 0
0.785000 1.675000 -0.039000 11 0
0.738000 1.672000 -0.037000 38 0
0.000000 -0.000000 -0.000000 0 128
0.000000 -0.000000 -0.000000 0 128
0.000000 -0.000000 -0.000000 0 0
0.791000 1.683000 -0.036000 9 0
0.000000 -0.000000 -0.000000 0 0
0.000000 -0.000000 -0.000000 0 128
0.000000 -0.000000 -0.000000 0 128
0.000000 -0.000000 -0.000000 0 0
0.000000 -0.000000 -0.000000 0 0
0.000000 -0.000000 -0.000000 0 0
0.000000 -0.000000 -0.000000 0 128
0.000000 -0.000000 -0.000000 0 128
0.000000 -0.000000 -0.000000 0 0
0.000000 -0.000000 -0.000000 0 0
0.000000 -0.000000 -0.000000 0 0
0.000000 -0.000000 -0.000000 0 128
0.000000 -0.000000 -0.000000 0 0
0.000000 -0.000000 -0.000000 0 0
0.000000 -0.000000 -0.000000 0 0
0.000000 -0.000000 -0.000000 0 0
0.000000 -0.000000 -0.000000 0 0
0.000000 -0.000000 -0.000000 0 0
0.000000 -0.000000 -0.000000 0 0
0.000000 -0.000000 -0.000000 0 128
0.000000 -0.000000 -0.000000 0 0
0.000000 -0.000000 -0.000000 0 0
0.000000 -0.000000 -0.000000 0 0
0.000000 -0.000000 -0.000000 0 128
0.000000 -0.000000 -0.000000 0 0
0.000000 -0.000000 -0.000000 0 0
0.000000 -0.000000 -0.000000 0 0
0.000000 -0.000000 -0.000000 0 128
0.000000 -0.000000 -0.000000 0 0
0.000000 -0.000000 -0.000000 0 0
0.000000 -0.000000 -0.000000 0 0
0.000000 -0.000000 -0.000000 0 0
0.000000 -0.000000 -0.000000 0 0
0.000000 -0.000000 -0.000000 0 0
0.000000 -0.000000 -0.000000 0 0
0.000000 -0.000000 -0.000000 0 128
0.000000 -0.000000 -0.000000 0 0
0.000000 -0.000000 -0.000000 0 0
0.000000 -0.000000 -0.000000 0 0
0.000000 -0.000000 -0.000000 0 0
0.000000 -0.000000 -0.000000 0 0
0.000000 -0.000000 -0.000000 0 0
0.000000 -0.000000 -0.000000 0 0
0.000000 -0.000000 -0.000000 0 128
0.376000 1.582000 -0.011000 15 0
0.334000 1.579000 -0.025000 11 0
0.291000 1.566000 -0.036000 12 0
0.253000 1.565000 -0.048000 15 0
0.419000 1.598000 -0.013000 13 0
0.374000 1.590000 -0.027000 11 0
0.332000 1.582000 -0.037000 12 0
0.292000 1.576000 -0.047000 14 0
0.460000 1.603000 -0.016000 58 0
0.414000 1.593000 -0.028000 60 0
0.373000 1.594000 -0.037000 12 0
0.331000 1.580000 -0.046000 14 0
0.505000 1.617000 -0.018000 13 0
0.458000 1.609000 -0.029000 11 0
0.413000 1.597000 -0.037000 11 0
0.372000 1.592000 -0.045000 14 0
0.547000 1.622000 -0.021000 50 0
0.499000 1.612000 -0.031000 59 0
0.453000 1.598000 -0.037000 59 0
0.413000 1.598000 -0.044000 67 0
0.593000 1.634000 -0.023000 59 0
0.544000 1.624000 -0.032000 55 0
0.499000 1.619000 -0.037000 12 0
0.455000 1.608000 -0.043000 13 0
0.640000 1.646000 -0.026000 50 0
0.589000 1.633000 -0.033000 57 0
0.541000 1.621000 -0.037000 59 0
0.497000 1.611000 -0.042000 57 0
0.688000 1.657000 -0.029000 50 0
0.634000 1.638000 -0.035000 50 0
0.587000 1.632000 -0.038000 55 0
0.543000 1.626000 -0.041000 52 0
0.738000 1.668000 -0.032000 28 0
0.687000 1.662000 -0.037000 50 0
0.635000 1.644000 -0.038000 52 0
0.588000 1.632000 -0.040000 55 0
0.787000 1.673000 -0.034000 7 0
0.735000 1.669000 -0.038000 31 0
0.682000 1.652000 -0.038000 49 0
0.636000 1.646000 -0.039000 55 0
0.000000 -0.000000 -0.000000 0 0
0.788000 1.682000 -0.040000 9 0
0.733000 1.665000 -0.039000 33 0
0.688000 1.662000 -0.038000 50 0
0.000000 -0.000000 -0.000000 0 128
0.000000 -0.000000 -0.000000 0 0
0.785000 1.675000 -0.039000 11 0
0.738000 1.672000 -0.037000 38 0
0.000000 -0.000000 -0.000000 0 128
0.000000 -0.000000 -0.000000 0 128
0.000000 -0.000000 -0.000000 0 0
0.791000 1.683000 -0.036000 9 0
0.000000 -0.000000 -0.000000 0 0
0.000000 -0.000000 -0.000000 0 128
0.000000 -0.000000 -0.000000 0 128
0.000000 -0.000000 -0.000000 0 0
0.000000 -0.000000 -0.000000 0 0
0.000000 -0.000000 -0.000000 0 0
0.000000 -0.000000 -0.000000 0 128
0.000000 -0.000000 -0.000000 0 128
0.000000 -0.000000 -0.000000 0 0
0.000000 -0.000000 -0.000000 0 0
0.000000 -0.000000 -0.000000 0 0
0.000000 -0.000000 -0.000000 0 128
0.000000 -0.000000 -0.000000 0 0
0.000000 -0.000000 -0.000000 0 0
0.000000 -0.000000 -0.000000 0 0
0.000000 -0.000000 -0.000000 0 0
0.000000 -0.000000 -0.000000 0 0
0.000000 -0.000000 -0.000000 0 0
0.000000 -0.000000 -0.000000 0 0
0.000000 -0.000000 -0.000000 0 128
0.000000 -0.000000 -0.000000 0 0
0.000000 -0.000000 -0.000000 0 0
0.000000 -0.000000 -0.000000 0 0
0.000000 -0.000000 -0.000000 0 128
0.000000 -0.000000 -0.000000 0 0
0.000000 -0.000000 -0.000000 0 0
0.000000 -0.000000 -0.000000 0 0
0.000000 -0.000000 -0.000000 0 128
0.000000 -0.000000 -0.000000 0 0
0.000000 -0.000000 -0.000000 0 0
0.000000 -0.000000 -0.000000 0 0
0.000000 -0.000000 -0.000000 0 0
0.000000 -0.000000 -0.000000 0 0
0.000000 -0.000000 -0.000000 0 0
0.000000 -0.000000 -0.000000 0 0
0.000000 -0.000000 -0.000000 0 128
0.000000 -0.000000 -0.000000 0 0
0.000000 -0.000000 -0.000000 0 0
0.000000 -0.000000 -0.000000 0 0
0.000000 -0.000000 -0.000000 0 0
0.000000 -0.000000 -0.000000 0 0
0.000000 -0.000000 -0.000000 0 0
0.000000 -0.000000 -0.000000 0 0
0.000000 -0.000000 -0.000000 0 128
0.000000 -0.000000 -0.000000 0 0
0.000000 -0.000000 -0.000000 0 0
0.000000 -0.000000 -0.000000 0 0
0.000000 -0.000000 -0.000000 0 0
0.000000 -0.000000 -0.000000 0 128
0.000000 -0.000000 -0.000000 0 0
0.000000 -0.000000 -0.000000 0 0
0.000000 -0.000000 -0.000000 0 128
0.000000 -0.000000 -0.000000 0 128
0.000000 -0.000000 -0.000000 0 128
0.000000 -0.000000 -0.000000 0 0
0.000000 -0.000000 -0.000000 0 0
0.000000 -0.000000 -0.000000 0 0
0.000000 -0.000000 -0.000000 0 128
0.000000 -0.000000 -0.000000 0 128
0.000000 -0.000000 -0.000000 0 128
0.000000 -0.000000 -0.000000 0 0
0.000000 -0.000000 -0.000000 0 0
0.000000 -0.000000 -0.000000 0 128
0.000000 -0.000000 -0.000000 0 128
0.000000 -0.000000 -0.000000 0 0
0.000000 -0.000000 -0.000000 0 0
0.000000 -0.000000 -0.000000 0 0
0.000000 -0.000000 -0.000000 0 128
0.000000 -0.000000 -0.000000 0 0
0.000000 -0.000000 -0.000000 0 0
0.000000 -0.000000 -0.000000 0 0
0.000000 -0.000000 -0.000000 0 0
0.000000 -0.000000 -0.000000 0 0
0.000000 -0.000000 -0.000000 0 0
0.000000 -0.000000 -0.000000 0 0
0.000000 -0.000000 -0.000000 0 0
0.000000 -0.000000 -0.000000 0 0
0.000000 -0.000000 -0.000000 0 0
0.000000 -0.000000 -0.000000 0 0
0.000000 -0.000000 -0.000000 0 0
0.000000 -0.000000 -0.000000 0 0
0.000000 -0.000000 -0.000000 0 0
0.000000 -0.000000 -0.000000 0 0
0.000000 -0.000000 -0.000000 0 0
0.000000 -0.000000 -0.000000 0 0
0.000000 -0.000000 -0.000000 0 0
0.000000 -0.000000 -0.000000 0 0
0.000000 -0.000000 -0.000000 0 0
0.000000 -0.000000 -0.000000 0 0
0.000000 -0.000000 -0.000000 0 0
0.000000 -0.000000 -0.000000 0 0
0.000000 -0.000000 -0.000000 0 0
0.000000 -0.000000 -0.000000 0 0
0.000000 -0.000000 -0.000000 0 0
0.000000 -0.000000 -0.000000 0 0
0.000000 -0.000000 -0.000000 0 0
0.000000 -0.000000 -0.000000 0 0
0.000000 -0.000000 -0.000000 0 0
0.000000 -0.000000 -0.000000 0 0
0.000000 -0.000000 -0.000000 0 0
0.000000 -0.000000 -0.000000 0 0
0.000000 -0.000000 -0.000000 0 0
0.000000 -0.000000 -0.000000 0 0
0.000000 -0.000000 -0.000000 0 0
0.000000 -0.000000 -0.000000 0 0
0.000000 -0.000000 -0.000000 0 0
0.000000 -0.000000 -0.000000 0 0
0.000000 -0.000000 -0.000000 0 0
0.000000 -0.000000 -0.000000 0 0
0.000000 -0.000000 -0.000000 0 0
0.000000 -0.000000 -0.000000 0 0
0.000000 -0.000000 -0.000000 0 0
0.000000 -0.000000 -0.000000 0 0
0.000000 -0.000000 -0.000000 0 0
0.000000 -0.000000 -0.000000 0 0
0.000000 -0.000000 -0.000000 0 0
0.000000 -0.000000 -0.000000 0 0
0.000000 -0.000000 -0.000000 0 0
0.000000 -0.000000 -0.000000 0 0
0.000000 -0.000000 -0.000000 0 0
0.000000 -0.000000 -0.000000 0 0
0.000000 -0.000000 -0.000000 0 0
0.000000 -0.000000 -0.000000 0 0
0.000000 -0.000000 -0.000000 0 0
0.000000 -0.000000 -0.000000 0 0
0.000000 -0.000000 -0.000000 0 0
0.000000 -0.000000 -0.000000 0 0
0.000000 -0.000000 -0.000000 0 0
0.000000 -0.000000 -0.000000 0 0
0.000000 -0.000000 -0.000000 0 0
0.000000 -0.000000 -0.000000 0 0
0.000000 -0.000000 -0.000000 0 0
0.000000 -0.000000 -0.000000 0 0
0.000000 -0.000000 -0.000000 0 0
0.000000 -0.000000 -0.000000 0 0
0.000000 -0.000000 -0.000000 0 0
0.000000 -0.000000 -0.000000 0 0
0.000000 -0.000000 -0.000000 0 0
0.000000 -0.000000 -0.000000 0 0
0.000000 -0.000000 -0.000000 0 128
0.000000 -0.000000 -0.000000 0 0
0.000000 -0.000000 -0.000000 0 0
0.000000 -0.000000 -0.000000 0 0
0.000000 -0.000000 -0.000000 0 0
0.000000 -0.000000 -0.000000 0 128
0.000000 -0.000000 -0.000000 0 0
0.000000 -0.000000 -0.000000 0 0
0.000000 -0.000000 -0.000000 0 128
0.000000 -0.000000 -0.000000 0 128
0.000000 -0.000000 -0.000000 0 128
0.000000 -0.000000 -0.000000 0 0
0.000000 -0.000000 -0.000000 0 0
0.000000 -0.000000 -0.000000 0 0
0.000000 -0.000000 -0.000000 0 128
0.000000 -0.000000 -0.000000 0 128
0.000000 -0.000000 -0.000000 0 128
0.000000 -0.000000 -0.000000 0 0
0.000000 -0.000000 -0.000000 0 0
0.000000 -0.000000 -0.000000 0 128
0.000000 -0.000000 -0.000000 0 128
0.000000 -0.000000 -0.000000 0 0
0.000000 -0.000000 -0.000000 0 0
0.000000 -0.000000 -0.000000 0 0
0.000000 -0.000000 -0.000000 0 128
0.000000 -0.000000 -0.000000 0 0
0.000000 -0.000000 -0.000000 0 0
0.000000 -0.000000 -0.000000 0 0
0.000000 -0.000000 -0.000000 0 0
0.000000 -0.000000 -0.000000 0 0
0.000000 -0.000000 -0.000000 0 0
0.000000 -0.000000 -0.000000 0 0
0.000000 -0.000000 -0.000000 0 0
0.000000 -0.000000 -0.000000 0 0
0.000000 -0.000000 -0.000000 0 0
0.000000 -0.000000 -0.000000 0 0
0.000000 -0.000000 -0.000000 0 0
0.000000 -0.000000 -0.000000 0 0
0.000000 -0.000000 -0.000000 0 0
0.000000 -0.000000 -0.000000 0 0
0.000000 -0.000000 -0.000000 0 0
0.000000 -0.000000 -0.000000 0 0
0.000000 -0.000000 -0.000000 0 0
0.000000 -0.000000 -0.000000 0 0
0.000000 -0.000000 -0.000000 0 0
0.000000 -0.000000 -0.000000 0 0
0.000000 -0.000000 -0.000000 0 0
0.000000 -0.000000 -0.000000 0 0
0.000000 -0.000000 -0.000000 0 0
0.000000 -0.000000 -0.000000 0 0
0.000000 -0.000000 -0.000000 0 0
0.000000 -0.000000 -0.000000 0 0
0.000000 -0.000000 -0.000000 0 0
0.000000 -0.000000 -0.000000 0 0
0.000000 -0.000000 -0.000000 0 0
0.000000 -0.000000 -0.000000 0 0
0.000000 -0.000000 -0.000000 0 0
0.000000 -0.000000 -0.000000 0 0
0.000000 -0.000000 -0.000000 0 0
0.000000 -0.000000 -0.000000 0 0
0.000000 -0.000000 -0.000000 0 0
0.000000 -0.000000 -0.000000 0 0
0.000000 -0.000000 -0.000000 0 0
0.000000 -0.000000 -0.000000 0 0
0.000000 -0.000000 -0.000000 0 0
0.000000 -0.000000 -0.000000 0 0
0.000000 -0.000000 -0.000000 0 0
0.000000 -0.000000 -0.000000 0 0
0.000000 -0.000000 -0.000000 0 0
0.000000 -0.000000 -0.000000 0 0
0.000000 -0.000000 -0.000000 0 0
0.000000 -0.000000 -0.000000 0 0
0.000000 -0.000000 -0.000000 0 0
0.000000 -0.000000 -0.000000 0 0
0.000000 -0.000000 -0.000000 0 0
0.000000 -0.000000 -0.000000 0 0
0.000000 -0.000000 -0.000000 0 0
0.000000 -0.000000 -0.000000 0 0
0.000000 -0.000000 -0.000000 0 0
0.000000 -0.000000 -0.000000 0 0
0.000000 -0.000000 -0.000000 0 0
0.000000 -0.000000 -0.000000 0 0
0.000000 -0.000000 -0.000000 0 0
0.000000 -0.000000 -0.000000 0 0
0.000000 -0.000000 -0.000000 0 0
0.000000 -0.000000 -0.000000 0 0
0.000000 -0.000000 -0.000000 0 0
0.000000 -0.000000 -0.000000 0 0
0.000000 -0.000000 -0.000000 0 0
0.000000 -0.000000 -0.000000 0 0
0.000000 -0.000000 -0.000000 0 0
0.000000 -0.000000 -0.000000 0 0
0.000000 -0.000000 -0.000000 0 0
0.000000 -0.000000 -0.000000 0 0
0.000000 -0.000000 -0.000000 0 0
0.000000 -0.000000 -0.000000 0 0
0.000000 -0.000000 -0.000000 0 128
0.000000 -0.000000 -0.000000 0 0
0.000000 -0.000000 -0.000000 0 0
0.000000 -0.000000 -0.000000 0 0
0.000000 -0.000000 -0.000000 0 0
0.000000 -0.000000 -0.000000 0 0
0.000000 -0.000000 -0.000000 0 0
0.000000 -0.000000 -0.000000 0 0
0.000000 -0.000000 -0.000000 0 0
0.000000 -0.000000 -0.000000 0 0
0.000000 -0.000000 -0.000000 0 0
0.000000 -0.000000 -0.000000 0 0
0.000000 -0.000000 -0.000000 0 0
0.000000 -0.000000 -0.000000 0 0
0.000000 -0.000000 -0.000000 0 0
0.000000 -0.000000 -0.000000 0 0
0.000000 -0.000000 -0.000000 0 128
0.000000 -0.000000 -0.000000 0 0
0.000000 -0.000000 -0.000000 0 0
0.000000 -0.000000 -0.000000 0 0
0.000000 -0.000000 -0.000000 0 0
0.000000 -0.000000 -0.000000 0 0
0.000000 -0.000000 -0.000000 0 0
0.000000 -0.000000 -0.000000 0 0
0.000000 -0.000000 -0.000000 0 0
0.000000 -0.000000 -0.000000 0 0
0.000000 -0.000000 -0.000000 0 0
0.000000 -0.000000 -0.000000 0 0
0.000000 -0.000000 -0.000000 0 0
0.000000 -0.000000 -0.000000 0 0
0.000000 -0.000000 -0.000000 0 0
0.000000 -0.000000 -0.000000 0 0
0.000000 -0.000000 -0.000000 0 128
0.000000 -0.000000 -0.000000 0 0
0.000000 -0.000000 -0.000000 0 0
0.000000 -0.000000 -0.000000 0 0
0.000000 -0.000000 -0.000000 0 128
0.000000 -0.000000 -0.000000 0 128
0.000000 -0.000000 -0.000000 0 0
0.000000 -0.000000 -0.000000 0 128
0.000000 -0.000000 -0.000000 0 128
0.000000 -0.000000 -0.000000 0 128
0.000000 -0.000000 -0.000000 0 128
0.000000 -0.000000 -0.000000 0 128
0.000000 -0.000000 -0.000000 0 192
0.000000 -0.000000 -0.000000 0 128
0.000000 -0.000000 -0.000000 0 128
0.000000 -0.000000 -0.000000 0 128
0.000000 -0.000000 -0.000000 0 192
0.000000 -0.000000 -0.000000 0 128
0.000000 -0.000000 -0.000000 0 128
0.000000 -0.000000 -0.000000 0 128
0.000000 -0.000000 -0.000000 0 192
0.000000 -0.000000 -0.000000 0 128
0.000000 -0.000000 -0.000000 0 128
0.000000 -0.000000 -0.000000 0 192
0.000000 -0.000000 -0.000000 0 192
0.000000 -0.000000 -0.000000 0 128
0.000000 -0.000000 -0.000000 0 128
0.000000 -0.000000 -0.000000 0 128
0.000000 -0.000000 -0.000000 0 192
0.000000 -0.000000 -0.000000 0 0
0.000000 -0.000000 -0.000000 0 128
0.000000 -0.000000 -0.000000 0 128
0.000000 -0.000000 -0.000000 0 128
0.000000 -0.000000 -0.000000 0 0
0.000000 -0.000000 -0.000000 0 0
0.000000 -0.000000 -0.000000 0 128
0.000000 -0.000000 -0.000000 0 128
0.000000 -0.000000 -0.000000 0 0
0.000000 -0.000000 -0.000000 0 0
0.000000 -0.000000 -0.000000 0 0
0.000000 -0.000000 -0.000000 0 128
0.000000 -0.000000 -0.000000 0 0
0.000000 -0.000000 -0.000000 0 0
0.000000 -0.000000 -0.000000 0 0
0.000000 -0.000000 -0.000000 0 128
0.000000 -0.000000 -0.000000 0 0
0.000000 -0.000000 -0.000000 0 0
0.000000 -0.000000 -0.000000 0 0
0.000000 -0.000000 -0.000000 0 128
0.000000 -0.000000 -0.000000 0 0
0.000000 -0.000000 -0.000000 0 0
0.000000 -0.000000 -0.000000 0 0
0.000000 -0.000000 -0.000000 0 128
0.000000 -0.000000 -0.000000 0 0
0.000000 -0.000000 -0.000000 0 0
0.000000 -0.000000 -0.000000 0 0
0.000000 -0.000000 -0.000000 0 128
0.000000 -0.000000 -0.000000 0 0
0.000000 -0.000000 -0.000000 0 0
0.000000 -0.000000 -0.000000 0 0
0.000000 -0.000000 -0.000000 0 0
0.000000 -0.000000 -0.000000 0 0
0.000000 -0.000000 -0.000000 0 0
0.000000 -0.000000 -0.000000 0 0
0.000000 -0.000000 -0.000000 0 128
0.000000 -0.000000 -0.000000 0 0
0.000000 -0.000000 -0.000000 0 0
0.000000 -0.000000 -0.000000 0 0
0.000000 -0.000000 -0.000000 0 0
0.000000 -0.000000 -0.000000 0 0
0.000000 -0.000000 -0.000000 0 0
0.000000 -0.000000 -0.000000 0 0
0.000000 -0.000000 -0.000000 0 0
0.000000 -0.000000 -0.000000 0 0
0.000000 -0.000000 -0.000000 0 0
0.000000 -0.000000 -0.000000 0 0
0.000000 -0.000000 -0.000000 0 0
0.000000 -0.000000 -0.000000 0 0
0.000000 -0.000000 -0.000000 0 0
0.000000 -0.000000 -0.000000 0 0
0.000000 -0.000000 -0.000000 0 128
0.000000 -0.000000 -0.000000 0 0
0.000000 -0.000000 -0.000000 0 0
0.000000 -0.000000 -0.000000 0 0
0.000000 -0.000000 -0.000000 0 0
0.000000 -0.000000 -0.000000 0 0
0.000000 -0.000000 -0.000000 0 0
0.000000 -0.000000 -0.000000 0 0
0.000000 -0.000000 -0.000000 0 0
0.000000 -0.000000 -0.000000 0 0
0.000000 -0.000000 -0.000000 0 0
0.000000 -0.000000 -0.000000 0 0
0.000000 -0.000000 -0.000000 0 0
0.000000 -0.000000 -0.000000 0 0
0.000000 -0.000000 -0.000000 0 0
0.000000 -0.000000 -0.000000 0 0
0.000000 -0.000000 -0.000000 0 128
0.000000 -0.000000 -0.000000 0 0
0.000000 -0.000000 -0.000000 0 0
0.000000 -0.000000 -0.000000 0 0
0.000000 -0.000000 -0.000000 0 128
0.000000 -0.000000 -0.000000 0 128
0.000000 -0.000000 -0.000000 0 0
0.000000 -0.000000 -0.000000 0 128
0.000000 -0.000000 -0.000000 0 128
0.000000 -0.000000 -0.000000 0 128
0.000000 -0.000000 -0.000000 0 128
0.000000 -0.000000 -0.000000 0 128
0.000000 -0.000000 -0.000000 0 192
0.000000 -0.000000 -0.000000 0 128
0.000000 -0.000000 -0.000000 0 128
0.000000 -0.000000 -0.000000 0 128
0.000000 -0.000000 -0.000000 0 192
0.000000 -0.000000 -0.000000 0 128
0.000000 -0.000000 -0.000000 0 128
0.000000 -0.000000 -0.000000 0 128
0.000000 -0.000000 -0.000000 0 192
0.000000 -0.000000 -0.000000 0 128
0.000000 -0.000000 -0.000000 0 128
0.000000 -0.000000 -0.000000 0 192
0.000000 -0.000000 -0.000000 0 192
0.000000 -0.000000 -0.000000 0 128
0.000000 -0.000000 -0.000000 0 128
0.000000 -0.000000 -0.000000 0 128
0.000000 -0.000000 -0.000000 0 192
0.000000 -0.000000 -0.000000 0 0
0.000000 -0.000000 -0.000000 0 128
0.000000 -0.000000 -0.000000 0 128
0.000000 -0.000000 -0.000000 0 128
0.000000 -0.000000 -0.000000 0 0
0.000000 -0.000000 -0.000000 0 0
0.000000 -0.000000 -0.000000 0 128
0.000000 -0.000000 -0.000000 0 128
0.000000 -0.000000 -0.000000 0 0
0.000000 -0.000000 -0.000000 0 0
0.000000 -0.000000 -0.000000 0 0
0.000000 -0.000000 -0.000000 0 128
0.000000 -0.000000 -0.000000 0 0
0.000000 -0.000000 -0.000000 0 0
0.000000 -0.000000 -0.000000 0 0
0.000000 -0.000000 -0.000000 0 128
0.000000 -0.000000 -0.000000 0 0
0.000000 -0.000000 -0.000000 0 0
0.000000 -0.000000 -0.000000 0 0
0.000000 -0.000000 -0.000000 0 128
0.000000 -0.000000 -0.000000 0 0
0.000000 -0.000000 -0.000000 0 0
0.000000 -0.000000 -0.000000 0 0
0.000000 -0.000000 -0.000000 0 128
0.000000 -0.000000 -0.000000 0 0
0.000000 -0.000000 -0.000000 0 0
0.000000 -0.000000 -0.000000 0 0
0.000000 -0.000000 -0.000000 0 128
0.000000 -0.000000 -0.000000 0 0
0.000000 -0.000000 -0.000000 0 0
0.000000 -0.000000 -0.000000 0 0
0.000000 -0.000000 -0.000000 0 0
0.000000 -0.000000 -0.000000 0 0
0.000000 -0.000000 -0.000000 0 0
0.000000 -0.000000 -0.000000 0 0
0.000000 -0.000000 -0.000000 0 128
0.000000 -0.000000 -0.000000 0 0
0.000000 -0.000000 -0.000000 0 0
0.000000 -0.000000 -0.000000 0 0
0.000000 -0.000000 -0.000000 0 0
0.000000 -0.000000 -0.000000 0 0
0.000000 -0.000000 -0.000000 0 0
0.000000 -0.000000 -0.000000 0 0
0.000000 -0.000000 -0.000000 0 128
0.000000 -0.000000 -0.000000 0 0
0.000000 -0.000000 -0.000000 0 0
0.000000 -0.000000 -0.000000 0 0
0.000000 -0.000000 -0.000000 0 0
0.000000 -0.000000 -0.000000 0 0
0.000000 -0.000000 -0.000000 0 0
0.000000 -0.000000 -0.000000 0 0
0.000000 -0.000000 -0.000000 0 128
0.000000 -0.000000 -0.000000 0 0
0.000000 -0.000000 -0.000000 0 0
0.000000 -0.000000 -0.000000 0 0
0.000000 -0.000000 -0.000000 0 0
0.000000 -0.000000 -0.000000 0 0
0.000000 -0.000000 -0.000000 0 0
0.000000 -0.000000 -0.000000 0 0
0.000000 -0.000000 -0.000000 0 128
0.000000 -0.000000 -0.000000 0 0
0.000000 -0.000000 -0.000000 0 0
0.000000 -0.000000 -0.000000 0 0
0.000000 -0.000000 -0.000000 0 0
0.000000 -0.000000 -0.000000 0 0
0.000000 -0.000000 -0.000000 0 0
0.000000 -0.000000 -0.000000 0 0
0.000000 -0.000000 -0.000000 0 128
0.000000 -0.000000 -0.000000 0 0
0.000000 -0.000000 -0.000000 0 0
0.000000 -0.000000 -0.000000 0 0
0.000000 -0.000000 -0.000000 0 0
0.000000 -0.000000 -0.000000 0 0
0.000000 -0.000000 -0.000000 0 0
0.000000 -0.000000 -0.000000 0 0
0.000000 -0.000000 -0.000000 0 0
0.000000 -0.000000 -0.000000 0 0
0.000000 -0.000000 -0.000000 0 0
0.000000 -0.000000 -0.000000 0 0
0.000000 -0.000000 -0.000000 0 128
0.000000 -0.000000 -0.000000 0 0
0.000000 -0.000000 -0.000000 0 0
0.000000 -0.000000 -0.000000 0 0
0.000000 -0.000000 -0.000000 0 128
0.000000 -0.000000 -0.000000 0 0
0.000000 -0.000000 -0.000000 0 0
0.000000 -0.000000 -0.000000 0 0
0.000000 -0.000000 -0.000000 0 128
0.000000 -0.000000 -0.000000 0 0
0.000000 -0.000000 -0.000000 0 0
0.000000 -0.000000 -0.000000 0 0
0.000000 -0.000000 -0.000000 0 128
0.000000 -0.000000 -0.000000 0 0
0.000000 -0.000000 -0.000000 0 0
0.000000 -0.000000 -0.000000 0 0
0.000000 -0.000000 -0.000000 0 128
0.000000 -0.000000 -0.000000 0 0
0.000000 -0.000000 -0.000000 0 0
0.000000 -0.000000 -0.000000 0 128
0.000000 -0.000000 -0.000000 0 128
0.000000 -0.000000 -0.000000 0 0
0.000000 -0.000000 -0.000000 0 0
0.000000 -0.000000 -0.000000 0 128
0.000000 -0.000000 -0.000000 0 192
0.000000 -0.000000 -0.000000 0 0
0.000000 -0.000000 -0.000000 0 128
0.000000 -0.000000 -0.000000 0 128
0.000000 -0.000000 -0.000000 0 128
0.000000 -0.000000 -0.000000 0 128
0.000000 -0.000000 -0.000000 0 128
0.000000 -0.000000 -0.000000 0 128
0.000000 -0.000000 -0.000000 0 192
0.000000 -0.000000 -0.000000 0 128
0.000000 -0.000000 -0.000000 0 128
0.000000 -0.000000 -0.000000 0 128
0.000000 -0.000000 -0.000000 0 128
0.000000 -0.000000 -0.000000 0 128
0.000000 -0.000000 -0.000000 0 128
0.000000 -0.000000 -0.000000 0 128
0.000000 -0.000000 -0.000000 0 128
0.000000 -0.000000 -0.000000 0 128
0.000000 -0.000000 -0.000000 0 128
0.000000 -0.000000 -0.000000 0 128
0.000000 -0.000000 -0.000000 0 128
0.000000 -0.000000 -0.000000 0 128
0.000000 -0.000000 -0.000000 0 128
0.000000 -0.000000 -0.000000 0 128
0.000000 -0.000000 -0.000000 0 128
0.000000 -0.000000 -0.000000 0 128
0.000000 -0.000000 -0.000000 0 128
0.000000 -0.000000 -0.000000 0 128
0.000000 -0.000000 -0.000000 0 128
0.000000 -0.000000 -0.000000 0 0
0.000000 -0.000000 -0.000000 0 0
0.000000 -0.000000 -0.000000 0 0
0.000000 -0.000000 -0.000000 0 0
0.000000 -0.000000 -0.000000 0 0
0.000000 -0.000000 -0.000000 0 0
0.000000 -0.000000 -0.000000 0 0
0.000000 -0.000000 -0.000000 0 128
0.000000 -0.000000 -0.000000 0 0
0.000000 -0.000000 -0.000000 0 0
0.000000 -0.000000 -0.000000 0 0
0.000000 -0.000000 -0.000000 0 0
0.000000 -0.000000 -0.000000 0 0
0.000000 -0.000000 -0.000000 0 0
0.000000 -0.000000 -0.000000 0 0
0.000000 -0.000000 -0.000000 0 128
0.000000 -0.000000 -0.000000 0 0
0.000000 -0.000000 -0.000000 0 0
0.000000 -0.000000 -0.000000 0 0
0.000000 -0.000000 -0.000000 0 0
0.000000 -0.000000 -0.000000 0 0
0.000000 -0.000000 -0.000000 0 0
0.000000 -0.000000 -0.000000 0 0
0.000000 -0.000000 -0.000000 0 128
0.000000 -0.000000 -0.000000 0 0
0.000000 -0.000000 -0.000000 0 0
0.000000 -0.000000 -0.000000 0 0
0.000000 -0.000000 -0.000000 0 0
0.000000 -0.000000 -0.000000 0 0
0.000000 -0.000000 -0.000000 0 0
0.000000 -0.000000 -0.000000 0 0
0.000000 -0.000000 -0.000000 0 128
0.000000 -0.000000 -0.000000 0 0
0.000000 -0.000000 -0.000000 0 0
0.000000 -0.000000 -0.000000 0 0
0.000000 -0.000000 -0.000000 0 0
0.000000 -0.000000 -0.000000 0 0
0.000000 -0.000000 -0.000000 0 0
0.000000 -0.000000 -0.000000 0 0
0.000000 -0.000000 -0.000000 0 0
0.000000 -0.000000 -0.000000 0 0
0.000000 -0.000000 -0.000000 0 0
0.000000 -0.000000 -0.000000 0 0
0.000000 -0.000000 -0.000000 0 128
0.000000 -0.000000 -0.000000 0 0
0.000000 -0.000000 -0.000000 0 0
0.000000 -0.000000 -0.000000 0 0
0.000000 -0.000000 -0.000000 0 128
0.000000 -0.000000 -0.000000 0 0
0.000000 -0.000000 -0.000000 0 0
0.000000 -0.000000 -0.000000 0 0
0.000000 -0.000000 -0.000000 0 128
0.000000 -0.000000 -0.000000 0 0
0.000000 -0.000000 -0.000000 0 0
0.000000 -0.000000 -0.000000 0 0
0.000000 -0.000000 -0.000000 0 128
0.000000 -0.000000 -0.000000 0 0
0.000000 -0.000000 -0.000000 0 0
0.000000 -0.000000 -0.000000 0 0
0.000000 -0.000000 -0.000000 0 128
0.000000 -0.000000 -0.000000 0 0
0.000000 -0.000000 -0.000000 0 0
0.000000 -0.000000 -0.000000 0 128
0.000000 -0.000000 -0.000000 0 128
0.000000 -0.000000 -0.000000 0 0
0.000000 -0.000000 -0.000000 0 0
0.000000 -0.000000 -0.000000 0 128
0.000000 -0.000000 -0.000000 0 192
0.000000 -0.000000 -0.000000 0 0
0.000000 -0.000000 -0.000000 0 128
0.000000 -0.000000 -0.000000 0 128
0.000000 -0.000000 -0.000000 0 128
0.000000 -0.000000 -0.000000 0 128
0.000000 -0.000000 -0.000000 0 128
0.000000 -0.000000 -0.000000 0 128
0.000000 -0.000000 -0.000000 0 192
0.000000 -0.000000 -0.000000 0 128
0.000000 -0.000000 -0.000000 0 128
0.000000 -0.000000 -0.000000 0 128
0.000000 -0.000000 -0.000000 0 128
0.000000 -0.000000 -0.000000 0 128
0.000000 -0.000000 -0.000000 0 128
0.000000 -0.000000 -0.000000 0 128
0.000000 -0.000000 -0.000000 0 128
0.000000 -0.000000 -0.000000 0 128
0.000000 -0.000000 -0.000000 0 128
0.000000 -0.000000 -0.000000 0 128
0.000000 -0.000000 -0.000000 0 128
0.000000 -0.000000 -0.000000 0 128
0.000000 -0.000000 -0.000000 0 128
0.000000 -0.000000 -0.000000 0 128
0.000000 -0.000000 -0.000000 0 128
0.000000 -0.000000 -0.000000 0 128
0.000000 -0.000000 -0.000000 0 128
0.000000 -0.000000 -0.000000 0 128
0.000000 -0.000000 -0.000000 0 128
0.000000 -0.000000 -0.000000 0 128
0.000000 -0.000000 -0.000000 0 128
0.000000 -0.000000 -0.000000 0 128
0.000000 -0.000000 -0.000000 0 128
0.000000 -0.000000 -0.000000 0 128
0.000000 -0.000000 -0.000000 0 128
0.000000 -0.000000 -0.000000 0 128
0.000000 -0.000000 -0.000000 0 128
0.000000 -0.000000 -0.000000 0 128
0.000000 -0.000000 -0.000000 0 128
0.000000 -0.000000 -0.000000 0 128
0.000000 -0.000000 -0.000000 0 192
0.000000 -0.000000 -0.000000 0 128
0.000000 -0.000000 -0.000000 0 128
0.000000 -0.000000 -0.000000 0 128
0.000000 -0.000000 -0.000000 0 128
0.000000 -0.000000 -0.000000 0 128
0.000000 -0.000000 -0.000000 0 128
0.000000 -0.000000 -0.000000 0 128
0.000000 -0.000000 -0.000000 0 128
0.000000 -0.000000 -0.000000 0 128
0.000000 -0.000000 -0.000000 0 128
0.000000 -0.000000 -0.000000 0 128
0.000000 -0.000000 -0.000000 0 128
0.000000 -0.000000 -0.000000 0 128
0.000000 -0.000000 -0.000000 0 0
0.000000 -0.000000 -0.000000 0 128
0.000000 -0.000000 -0.000000 0 192
0.000000 -0.000000 -0.000000 0 128
0.000000 -0.000000 -0.000000 0 0
0.000000 -0.000000 -0.000000 0 128
0.000000 -0.000000 -0.000000 0 128
0.000000 -0.000000 -0.000000 0 128
0.000000 -0.000000 -0.000000 0 0
0.000000 -0.000000 -0.000000 0 128
0.000000 -0.000000 -0.000000 0 128
0.000000 -0.000000 -0.000000 0 128
0.000000 -0.000000 -0.000000 0 128
0.000000 -0.000000 -0.000000 0 128
4.763000 -9.393000 -0.006000 33 0
0.000000 -0.000000 -0.000000 0 128
0.000000 -0.000000 -0.000000 0 128
2.637000 -5.095000 -0.161000 0 0
4.521000 -9.474000 -0.016000 70 0
0.000000 -0.000000 -0.000000 0 128
0.000000 -0.000000 -0.000000 0 128
2.504000 -5.127000 -0.162000 19 0
4.269000 -9.520000 -0.025000 101 0
0.000000 -0.000000 -0.000000 0 128
0.000000 -0.000000 -0.000000 0 0
2.373000 -5.163000 -0.165000 20 0
4.026000 -9.585000 -0.035000 64 0
1.932000 -3.783000 -0.333000 1 0
2.424000 -5.142000 -0.306000 36 0
2.238000 -5.188000 -0.167000 19 0
3.779000 -9.632000 -0.045000 67 0
2.471000 -5.124000 -0.445000 78 0
1.153000 -2.599000 -0.153000 9 0
2.103000 -5.204000 -0.169000 24 0
3.537000 -9.689000 -0.056000 102 0
0.000000 -0.000000 -0.000000 0 0
1.087000 -2.614000 -0.153000 99 0
1.970000 -5.229000 -0.172000 25 0
3.296000 -9.751000 -0.067000 102 0
1.111000 -2.599000 -0.219000 1 0
1.036000 -2.664000 -0.155000 0 0
1.849000 -5.277000 -0.175000 28 0
3.058000 -9.807000 -0.078000 100 0
1.061000 -2.646000 -0.220000 2 0
1.161000 -3.199000 -0.185000 58 0
1.722000 -5.310000 -0.178000 30 0
2.824000 -9.872000 -0.088000 56 0
1.116000 -2.977000 -0.244000 31 2
1.128000 -3.347000 -0.192000 55 0
1.597000 -5.346000 -0.182000 36 0
2.233000 -8.577000 -0.086000 25 0
1.102000 -3.155000 -0.255000 22 0
0.000000 -0.000000 -0.000000 0 0
1.466000 -5.362000 -0.184000 38 0
2.341000 -9.949000 -0.111000 84 0
1.031000 -3.181000 -0.254000 20 0
0.000000 -0.000000 -0.000000 0 0
1.339000 -5.390000 -0.188000 42 0
2.112000 -10.030000 -0.123000 98 0
1.595000 -5.335000 -0.420000 58 0
1.421000 -5.432000 -0.307000 8 0
1.210000 -5.409000 -0.191000 57 0
1.873000 -10.084000 -0.135000 95 0
1.466000 -5.345000 -0.416000 66 0
1.290000 -5.443000 -0.306000 24 0
1.086000 -5.447000 -0.195000 39 0
1.635000 -10.124000 -0.148000 94 0
1.341000 -5.369000 -0.413000 69 0
1.167000 -5.483000 -0.307000 30 0
1.769000 -10.105000 -0.367000 93 0
1.402000 -10.201000 -0.160000 46 0
0.000000 -0.000000 -0.000000 0 128
0.000000 -0.000000 -0.000000 0 128
0.000000 -0.000000 -0.000000 0 128
0.000000 -0.000000 -0.000000 0 128
0.000000 -0.000000 -0.000000 0 128
0.000000 -0.000000 -0.000000 0 128
0.000000 -0.000000 -0.000000 0 128
0.000000 -0.000000 -0.000000 0 128
0.000000 -0.000000 -0.000000 0 128
0.000000 -0.000000 -0.000000 0 128
0.000000 -0.000000 -0.000000 0 128
0.000000 -0.000000 -0.000000 0 192
0.000000 -0.000000 -0.000000 0 128
0.000000 -0.000000 -0.000000 0 128
0.000000 -0.000000 -0.000000 0 128
0.000000 -0.000000 -0.000000 0 128
0.000000 -0.000000 -0.000000 0 128
0.000000 -0.000000 -0.000000 0 128
0.000000 -0.000000 -0.000000 0 128
0.000000 -0.000000 -0.000000 0 128
0.000000 -0.000000 -0.000000 0 128
0.000000 -0.000000 -0.000000 0 128
0.000000 -0.000000 -0.000000 0 128
0.000000 -0.000000 -0.000000 0 128
0.000000 -0.000000 -0.000000 0 128
0.000000 -0.000000 -0.000000 0 0
0.000000 -0.000000 -0.000000 0 128
0.000000 -0.000000 -0.000000 0 192
0.000000 -0.000000 -0.000000 0 128
0.000000 -0.000000 -0.000000 0 0
0.000000 -0.000000 -0.000000 0 128
0.000000 -0.000000 -0.000000 0 128
0.000000 -0.000000 -0.000000 0 128
0.000000 -0.000000 -0.000000 0 0
0.000000 -0.000000 -0.000000 0 128
0.000000 -0.000000 -0.000000 0 128
0.000000 -0.000000 -0.000000 0 128
0.000000 -0.000000 -0.000000 0 128
0.000000 -0.000000 -0.000000 0 128
4.763000 -9.393000 -0.006000 33 0
0.000000 -0.000000 -0.000000 0 128
0.000000 -0.000000 -0.000000 0 128
2.637000 -5.095000 -0.161000 0 0
4.521000 -9.474000 -0.016000 70 0
0.000000 -0.000000 -0.000000 0 128
0.000000 -0.000000 -0.000000 0 128
2.504000 -5.127000 -0.162000 19 0
4.269000 -9.520000 -0.025000 101 0
0.000000 -0.000000 -0.000000 0 128
0.000000 -0.000000 -0.000000 0 0
2.373000 -5.163000 -0.165000 20 0
4.026000 -9.585000 -0.035000 64 0
1.932000 -3.783000 -0.333000 1 0
2.424000 -5.142000 -0.306000 36 0
2.238000 -5.188000 -0.167000 19 0
3.779000 -9.632000 -0.045000 67 0
2.471000 -5.124000 -0.445000 78 0
1.153000 -2.599000 -0.153000 9 0
2.103000 -5.204000 -0.169000 24 0
3.537000 -9.689000 -0.056000 102 0
0.000000 -0.000000 -0.000000 0 0
1.087000 -2.614000 -0.153000 99 0
1.970000 -5.229000 -0.172000 25 0
3.296000 -9.751000 -0.067000 102 0
1.111000 -2.599000 -0.219000 1 0
1.036000 -2.664000 -0.155000 0 0
1.849000 -5.277000 -0.175000 28 0
3.058000 -9.807000 -0.078000 100 0
1.061000 -2.646000 -0.220000 2 0
1.161000 -3.199000 -0.185000 58 0
1.722000 -5.310000 -0.178000 30 0
2.824000 -9.872000 -0.088000 56 0
1.116000 -2.977000 -0.244000 31 2
1.128000 -3.347000 -0.192000 55 0
1.597000 -5.346000 -0.182000 36 0
2.233000 -8.577000 -0.086000 25 0
1.102000 -3.155000 -0.255000 22 0
0.000000 -0.000000 -0.000000 0 0
1.466000 -5.362000 -0.184000 38 0
2.341000 -9.949000 -0.111000 84 0
1.031000 -3.181000 -0.254000 20 0
0.000000 -0.000000 -0.000000 0 0
1.339000 -5.390000 -0.188000 42 0
2.112000 -10.030000 -0.123000 98 0
1.595000 -5.335000 -0.420000 58 0
1.421000 -5.432000 -0.307000 8 0
1.210000 -5.409000 -0.191000 57 0
1.873000 -10.084000 -0.135000 95 0
1.466000 -5.345000 -0.416000 66 0
1.290000 -5.443000 -0.306000 24 0
1.086000 -5.447000 -0.195000 39 0
1.635000 -10.124000 -0.148000 94 0
1.341000 -5.369000 -0.413000 69 0
1.167000 -5.483000 -0.307000 30 0
1.769000 -10.105000 -0.367000 93 0
1.402000 -10.201000 -0.160000 46 0
