# x y z reflectivity tag
0.000000 -0.000000 -0.000000 0 0
0.000000 -0.000000 -0.000000 0 0
0.000000 -0.000000 -0.000000 0 0
0.000000 -0.000000 -0.000000 0 0
0.000000 -0.000000 -0.000000 0 0
0.000000 -0.000000 -0.000000 0 0
0.000000 -0.000000 -0.000000 0 0
0.000000 -0.000000 -0.000000 0 128
0.000000 -0.000000 -0.000000 0 0
0.000000 -0.000000 -0.000000 0 0
0.000000 -0.000000 -0.000000 0 0
0.000000 -0.000000 -0.000000 0 0
0.000000 -0.000000 -0.000000 0 0
0.000000 -0.000000 -0.000000 0 0
0.000000 -0.000000 -0.000000 0 0
0.000000 -0.000000 -0.000000 0 128
0.000000 -0.000000 -0.000000 0 0
0.000000 -0.000000 -0.000000 0 0
0.000000 -0.000000 -0.000000 0 0
0.000000 -0.000000 -0.000000 0 0
0.000000 -0.000000 -0.000000 0 0
0.000000 -0.000000 -0.000000 0 0
0.000000 -0.000000 -0.000000 0 0
0.000000 -0.000000 -0.000000 0 128
0.000000 -0.000000 -0.000000 0 0
0.000000 -0.000000 -0.000000 0 0
0.000000 -0.000000 -0.000000 0 0
0.000000 -0.000000 -0.000000 0 0
0.000000 -0.000000 -0.000000 0 0
0.000000 -0.000000 -0.000000 0 0
0.000000 -0.000000 -0.000000 0 0
0.000000 -0.000000 -0.000000 0 0
0.000000 -0.000000 -0.000000 0 0
0.000000 -0.000000 -0.000000 0 0
0.000000 -0.000000 -0.000000 0 0
0.000000 -0.000000 -0.000000 0 0
0.000000 -0.000000 -0.000000 0 0
0.000000 -0.000000 -0.000000 0 0
0.000000 -0.000000 -0.000000 0 0
0.000000 -0.000000 -0.000000 0 0
0.000000 -0.000000 -0.000000 0 0
0.000000 -0.000000 -0.000000 0 0
0.000000 -0.000000 -0.000000 0 0
0.000000 -0.000000 -0.000000 0 0
0.000000 -0.000000 -0.000000 0 0
0.000000 -0.000000 -0.000000 0 0
0.000000 -0.000000 -0.000000 0 0
0.000000 -0.000000 -0.000000 0 128
0.000000 -0.000000 -0.000000 0 0
0.000000 -0.000000 -0.000000 0 0
0.000000 -0.000000 -0.000000 0 0
0.000000 -0.000000 -0.000000 0 128
0.000000 -0.000000 -0.000000 0 0
0.000000 -0.000000 -0.000000 0 0
0.000000 -0.000000 -0.000000 0 0
0.000000 -0.000000 -0.000000 0 128
0.000000 -0.000000 -0.000000 0 0
0.000000 -0.000000 -0.000000 0 0
0.000000 -0.000000 -0.000000 0 0
0.000000 -0.000000 -0.000000 0 128
0.000000 -0.000000 -0.000000 0 0
0.000000 -0.000000 -0.000000 0 0
0.000000 -0.000000 -0.000000 0 0
0.000000 -0.000000 -0.000000 0 128
0.000000 -0.000000 -0.000000 0 0
0.000000 -0.000000 -0.000000 0 0
0.000000 -0.000000 -0.000000 0 0
0.000000 -0.000000 -0.000000 0 128
0.000000 -0.000000 -0.000000 0 0
0.000000 -0.000000 -0.000000 0 0
0.000000 -0.000000 -0.000000 0 0
0.000000 -0.000000 -0.000000 0 128
0.000000 -0.000000 -0.000000 0 0
0.000000 -0.000000 -0.000000 0 0
0.000000 -0.000000 -0.000000 0 0
0.000000 -0.000000 -0.000000 0 0
0.000000 -0.000000 -0.000000 0 0
0.000000 -0.000000 -0.000000 0 0
0.000000 -0.000000 -0.000000 0 0
0.000000 -0.000000 -0.000000 0 0
0.000000 -0.000000 -0.000000 0 0
0.000000 -0.000000 -0.000000 0 0
0.000000 -0.000000 -0.000000 0 0
0.000000 -0.000000 -0.000000 0 0
0.000000 -0.000000 -0.000000 0 0
0.000000 -0.000000 -0.000000 0 0
0.000000 -0.000000 -0.000000 0 0
0.000000 -0.000000 -0.000000 0 0
0.000000 -0.000000 -0.000000 0 0
0.000000 -0.000000 -0.000000 0 0
0.000000 -0.000000 -0.000000 0 0
0.000000 -0.000000 -0.000000 0 0
0.000000 -0.000000 -0.000000 0 0
0.000000 -0.000000 -0.000000 0 0
0.000000 -0.000000 -0.000000 0 0
0.000000 -0.000000 -0.000000 0 0
0.000000 -0.000000 -0.000000 0 0
0.000000 -0.000000 -0.000000 0 0
0.000000 -0.000000 -0.000000 0 0
0.000000 -0.000000 -0.000000 0 0
0.000000 -0.000000 -0.000000 0 0
0.000000 -0.000000 -0.000000 0 0
0.000000 -0.000000 -0.000000 0 0
0.000000 -0.000000 -0.000000 0 128
0.000000 -0.000000 -0.000000 0 0
0.000000 -0.000000 -0.000000 0 0
0.000000 -0.000000 -0.000000 0 0
0.000000 -0.000000 -0.000000 0 0
0.000000 -0.000000 -0.000000 0 0
0.000000 -0.000000 -0.000000 0 0
0.000000 -0.000000 -0.000000 0 0
0.000000 -0.000000 -0.000000 0 128
0.000000 -0.000000 -0.000000 0 0
0.000000 -0.000000 -0.000000 0 0
0.000000 -0.000000 -0.000000 0 0
0.000000 -0.000000 -0.000000 0 0
0.000000 -0.000000 -0.000000 0 0
0.000000 -0.000000 -0.000000 0 0
0.000000 -0.000000 -0.000000 0 0
0.000000 -0.000000 -0.000000 0 128
0.000000 -0.000000 -0.000000 0 0
0.000000 -0.000000 -0.000000 0 0
0.000000 -0.000000 -0.000000 0 0
0.000000 -0.000000 -0.000000 0 0
0.000000 -0.000000 -0.000000 0 0
0.000000 -0.000000 -0.000000 0 0
0.000000 -0.000000 -0.000000 0 0
0.000000 -0.000000 -0.000000 0 0
0.000000 -0.000000 -0.000000 0 0
0.000000 -0.000000 -0.000000 0 0
0.000000 -0.000000 -0.000000 0 0
0.000000 -0.000000 -0.000000 0 0
0.000000 -0.000000 -0.000000 0 0
0.000000 -0.000000 -0.000000 0 0
0.000000 -0.000000 -0.000000 0 0
0.000000 -0.000000 -0.000000 0 0
0.000000 -0.000000 -0.000000 0 0
0.000000 -0.000000 -0.000000 0 0
0.000000 -0.000000 -0.000000 0 0
0.000000 -0.000000 -0.000000 0 0
0.000000 -0.000000 -0.000000 0 0
0.000000 -0.000000 -0.000000 0 0
0.000000 -0.000000 -0.000000 0 0
0.000000 -0.000000 -0.000000 0 128
0.000000 -0.000000 -0.000000 0 0
0.000000 -0.000000 -0.000000 0 0
0.000000 -0.000000 -0.000000 0 0
0.000000 -0.000000 -0.000000 0 128
0.000000 -0.000000 -0.000000 0 0
0.000000 -0.000000 -0.000000 0 0
0.000000 -0.000000 -0.000000 0 0
0.000000 -0.000000 -0.000000 0 128
0.000000 -0.000000 -0.000000 0 0
0.000000 -0.000000 -0.000000 0 0
0.000000 -0.000000 -0.000000 0 0
0.000000 -0.000000 -0.000000 0 128
0.000000 -0.000000 -0.000000 0 0
0.000000 -0.000000 -0.000000 0 0
0.000000 -0.000000 -0.000000 0 0
0.000000 -0.000000 -0.000000 0 128
0.000000 -0.000000 -0.000000 0 0
0.000000 -0.000000 -0.000000 0 0
0.000000 -0.000000 -0.000000 0 0
0.000000 -0.000000 -0.000000 0 128
0.000000 -0.000000 -0.000000 0 0
0.000000 -0.000000 -0.000000 0 0
0.000000 -0.000000 -0.000000 0 0
0.000000 -0.000000 -0.000000 0 128
0.000000 -0.000000 -0.000000 0 0
0.000000 -0.000000 -0.000000 0 0
0.000000 -0.000000 -0.000000 0 0
0.000000 -0.000000 -0.000000 0 0
0.000000 -0.000000 -0.000000 0 0
0.000000 -0.000000 -0.000000 0 0
0.000000 -0.000000 -0.000000 0 0
0.000000 -0.000000 -0.000000 0 0
0.000000 -0.000000 -0.000000 0 0
0.000000 -0.000000 -0.000000 0 0
0.000000 -0.000000 -0.000000 0 0
0.000000 -0.000000 -0.000000 0 0
0.000000 -0.000000 -0.000000 0 0
0.000000 -0.000000 -0.000000 0 0
0.000000 -0.000000 -0.000000 0 0
0.000000 -0.000000 -0.000000 0 0
0.000000 -0.000000 -0.000000 0 0
0.000000 -0.000000 -0.000000 0 0
0.000000 -0.000000 -0.000000 0 0
0.000000 -0.000000 -0.000000 0 0
0.000000 -0.000000 -0.000000 0 0
0.000000 -0.000000 -0.000000 0 0
0.000000 -0.000000 -0.000000 0 0
0.000000 -0.000000 -0.000000 0 0
0.000000 -0.000000 -0.000000 0 0
0.000000 -0.000000 -0.000000 0 0
0.000000 -0.000000 -0.000000 0 0
0.000000 -0.000000 -0.000000 0 0
0.000000 -0.000000 -0.000000 0 0
0.000000 -0.000000 -0.000000 0 0
0.000000 -0.000000 -0.000000 0 0
0.000000 -0.000000 -0.000000 0 128
0.000000 -0.000000 -0.000000 0 0
0.000000 -0.000000 -0.000000 0 0
0.000000 -0.000000 -0.000000 0 0
0.000000 -0.000000 -0.000000 0 128
0.000000 -0.000000 -0.000000 0 0
0.000000 -0.000000 -0.000000 0 0
0.000000 -0.000000 -0.000000 0 0
0.000000 -0.000000 -0.000000 0 128
0.000000 -0.000000 -0.000000 0 0
0.000000 -0.000000 -0.000000 0 0
0.000000 -0.000000 -0.000000 0 0
0.000000 -0.000000 -0.000000 0 0
0.000000 -0.000000 -0.000000 0 0
0.000000 -0.000000 -0.000000 0 0
0.000000 -0.000000 -0.000000 0 0
0.000000 -0.000000 -0.000000 0 0
0.000000 -0.000000 -0.000000 0 0
0.000000 -0.000000 -0.000000 0 0
0.000000 -0.000000 -0.000000 0 0
0.000000 -0.000000 -0.000000 0 0
0.000000 -0.000000 -0.000000 0 0
0.000000 -0.000000 -0.000000 0 0
0.000000 -0.000000 -0.000000 0 0
0.000000 -0.000000 -0.000000 0 0
0.000000 -0.000000 -0.000000 0 0
0.000000 -0.000000 -0.000000 0 0
0.000000 -0.000000 -0.000000 0 0
0.000000 -0.000000 -0.000000 0 0
0.000000 -0.000000 -0.000000 0 0
0.000000 -0.000000 -0.000000 0 0
0.000000 -0.000000 -0.000000 0 0
0.000000 -0.000000 -0.000000 0 0
0.000000 -0.000000 -0.000000 0 0
0.000000 -0.000000 -0.000000 0 0
0.000000 -0.000000 -0.000000 0 0
0.000000 -0.000000 -0.000000 0 0
0.000000 -0.000000 -0.000000 0 0
0.000000 -0.000000 -0.000000 0 0
0.000000 -0.000000 -0.000000 0 0
0.000000 -0.000000 -0.000000 0 0
0.000000 -0.000000 -0.000000 0 0
0.000000 -0.000000 -0.000000 0 0
0.000000 -0.000000 -0.000000 0 0
0.000000 -0.000000 -0.000000 0 0
0.000000 -0.000000 -0.000000 0 0
0.000000 -0.000000 -0.000000 0 0
0.000000 -0.000000 -0.000000 0 0
0.000000 -0.000000 -0.000000 0 0
0.000000 -0.000000 -0.000000 0 0
0.000000 -0.000000 -0.000000 0 0
0.000000 -0.000000 -0.000000 0 0
0.000000 -0.000000 -0.000000 0 0
0.000000 -0.000000 -0.000000 0 0
0.000000 -0.000000 -0.000000 0 0
0.000000 -0.000000 -0.000000 0 0
0.000000 -0.000000 -0.000000 0 128
0.000000 -0.000000 -0.000000 0 0
0.000000 -0.000000 -0.000000 0 0
0.000000 -0.000000 -0.000000 0 0
0.000000 -0.000000 -0.000000 0 0
0.000000 -0.000000 -0.000000 0 0
0.000000 -0.000000 -0.000000 0 0
0.000000 -0.000000 -0.000000 0 0
0.000000 -0.000000 -0.000000 0 128
0.000000 -0.000000 -0.000000 0 0
0.000000 -0.000000 -0.000000 0 0
0.000000 -0.000000 -0.000000 0 0
0.000000 -0.000000 -0.000000 0 128
0.000000 -0.000000 -0.000000 0 0
0.000000 -0.000000 -0.000000 0 0
0.000000 -0.000000 -0.000000 0 128
0.000000 -0.000000 -0.000000 0 128
0.000000 -0.000000 -0.000000 0 128
0.000000 -0.000000 -0.000000 0 128
0.000000 -0.000000 -0.000000 0 128
0.000000 -0.000000 -0.000000 0 128
0.000000 -0.000000 -0.000000 0 128
0.000000 -0.000000 -0.000000 0 128
0.000000 -0.000000 -0.000000 0 128
0.000000 -0.000000 -0.000000 0 128
0.000000 -0.000000 -0.000000 0 128
0.000000 -0.000000 -0.000000 0 128
0.000000 -0.000000 -0.000000 0 128
0.000000 -0.000000 -0.000000 0 128
0.000000 -0.000000 -0.000000 0 128
0.000000 -0.000000 -0.000000 0 0
0.000000 -0.000000 -0.000000 0 0
0.000000 -0.000000 -0.000000 0 128
0.000000 -0.000000 -0.000000 0 0
0.000000 -0.000000 -0.000000 0 0
0.000000 -0.000000 -0.000000 0 0
0.000000 -0.000000 -0.000000 0 0
0.000000 -0.000000 -0.000000 0 0
0.000000 -0.000000 -0.000000 0 0
0.000000 -0.000000 -0.000000 0 0
0.000000 -0.000000 -0.000000 0 128
0.000000 -0.000000 -0.000000 0 0
0.000000 -0.000000 -0.000000 0 0
0.000000 -0.000000 -0.000000 0 0
0.000000 -0.000000 -0.000000 0 128
0.000000 -0.000000 -0.000000 0 0
0.000000 -0.000000 -0.000000 0 0
0.000000 -0.000000 -0.000000 0 0
0.000000 -0.000000 -0.000000 0 128
0.000000 -0.000000 -0.000000 0 0
0.000000 -0.000000 -0.000000 0 0
0.000000 -0.000000 -0.000000 0 0
0.000000 -0.000000 -0.000000 0 0
0.000000 -0.000000 -0.000000 0 0
0.000000 -0.000000 -0.000000 0 0
0.000000 -0.000000 -0.000000 0 0
0.000000 -0.000000 -0.000000 0 0
0.000000 -0.000000 -0.000000 0 0
0.000000 -0.000000 -0.000000 0 0
0.000000 -0.000000 -0.000000 0 0
0.000000 -0.000000 -0.000000 0 0
0.000000 -0.000000 -0.000000 0 0
0.000000 -0.000000 -0.000000 0 0
0.000000 -0.000000 -0.000000 0 0
0.000000 -0.000000 -0.000000 0 0
0.000000 -0.000000 -0.000000 0 0
0.000000 -0.000000 -0.000000 0 0
0.000000 -0.000000 -0.000000 0 0
0.000000 -0.000000 -0.000000 0 0
0.000000 -0.000000 -0.000000 0 0
0.000000 -0.000000 -0.000000 0 0
0.000000 -0.000000 -0.000000 0 0
0.000000 -0.000000 -0.000000 0 0
0.000000 -0.000000 -0.000000 0 0
0.000000 -0.000000 -0.000000 0 0
0.000000 -0.000000 -0.000000 0 0
0.000000 -0.000000 -0.000000 0 0
0.000000 -0.000000 -0.000000 0 0
0.000000 -0.000000 -0.000000 0 0
0.000000 -0.000000 -0.000000 0 0
0.000000 -0.000000 -0.000000 0 0
0.000000 -0.000000 -0.000000 0 0
0.000000 -0.000000 -0.000000 0 0
0.000000 -0.000000 -0.000000 0 0
0.000000 -0.000000 -0.000000 0 0
0.000000 -0.000000 -0.000000 0 0
0.000000 -0.000000 -0.000000 0 0
0.000000 -0.000000 -0.000000 0 0
0.000000 -0.000000 -0.000000 0 0
0.000000 -0.000000 -0.000000 0 0
0.000000 -0.000000 -0.000000 0 0
0.000000 -0.000000 -0.000000 0 0
0.000000 -0.000000 -0.000000 0 0
0.000000 -0.000000 -0.000000 0 0
0.000000 -0.000000 -0.000000 0 0
0.000000 -0.000000 -0.000000 0 0
0.000000 -0.000000 -0.000000 0 128
0.000000 -0.000000 -0.000000 0 0
0.000000 -0.000000 -0.000000 0 0
0.000000 -0.000000 -0.000000 0 0
0.000000 -0.000000 -0.000000 0 0
0.000000 -0.000000 -0.000000 0 0
0.000000 -0.000000 -0.000000 0 0
0.000000 -0.000000 -0.000000 0 0
0.000000 -0.000000 -0.000000 0 128
0.000000 -0.000000 -0.000000 0 0
0.000000 -0.000000 -0.000000 0 0
0.000000 -0.000000 -0.000000 0 0
0.000000 -0.000000 -0.000000 0 128
0.000000 -0.000000 -0.000000 0 0
0.000000 -0.000000 -0.000000 0 0
0.000000 -0.000000 -0.000000 0 128
0.000000 -0.000000 -0.000000 0 128
0.000000 -0.000000 -0.000000 0 128
0.000000 -0.000000 -0.000000 0 128
0.000000 -0.000000 -0.000000 0 128
0.000000 -0.000000 -0.000000 0 128
0.000000 -0.000000 -0.000000 0 128
0.000000 -0.000000 -0.000000 0 128
0.000000 -0.000000 -0.000000 0 128
0.000000 -0.000000 -0.000000 0 128
0.000000 -0.000000 -0.000000 0 128
0.000000 -0.000000 -0.000000 0 128
0.000000 -0.000000 -0.000000 0 128
0.000000 -0.000000 -0.000000 0 128
0.000000 -0.000000 -0.000000 0 128
0.000000 -0.000000 -0.000000 0 0
0.000000 -0.000000 -0.000000 0 0
0.000000 -0.000000 -0.000000 0 128
0.000000 -0.000000 -0.000000 0 128
0.000000 -0.000000 -0.000000 0 0
0.000000 -0.000000 -0.000000 0 0
0.000000 -0.000000 -0.000000 0 128
0.000000 -0.000000 -0.000000 0 128
0.000000 -0.000000 -0.000000 0 0
0.000000 -0.000000 -0.000000 0 0
0.000000 -0.000000 -0.000000 0 128
0.000000 -0.000000 -0.000000 0 0
0.000000 -0.000000 -0.000000 0 0
0.000000 -0.000000 -0.000000 0 0
0.000000 -0.000000 -0.000000 0 128
0.000000 -0.000000 -0.000000 0 128
0.000000 -0.000000 -0.000000 0 128
0.000000 -0.000000 -0.000000 0 0
0.000000 -0.000000 -0.000000 0 128
0.000000 -0.000000 -0.000000 0 128
0.000000 -0.000000 -0.000000 0 128
0.000000 -0.000000 -0.000000 0 0
0.000000 -0.000000 -0.000000 0 128
0.000000 -0.000000 -0.000000 0 128
0.000000 -0.000000 -0.000000 0 128
0.000000 -0.000000 -0.000000 0 128
0.000000 -0.000000 -0.000000 0 128
0.000000 -0.000000 -0.000000 0 128
0.000000 -0.000000 -0.000000 0 128
0.000000 -0.000000 -0.000000 0 128
0.000000 -0.000000 -0.000000 0 128
0.000000 -0.000000 -0.000000 0 128
0.000000 -0.000000 -0.000000 0 128
0.000000 -0.000000 -0.000000 0 0
0.000000 -0.000000 -0.000000 0 128
0.000000 -0.000000 -0.000000 0 128
0.000000 -0.000000 -0.000000 0 128
0.000000 -0.000000 -0.000000 0 0
0.000000 -0.000000 -0.000000 0 192
0.000000 -0.000000 -0.000000 0 128
0.000000 -0.000000 -0.000000 0 0
0.000000 -0.000000 -0.000000 0 192
2.901000 -5.042000 -0.441000 1 0
0.000000 -0.000000 -0.000000 0 192
0.000000 -0.000000 -0.000000 0 128
2.938000 -5.026000 -0.599000 9 0
2.759000 -5.072000 -0.442000 13 0
0.000000 -0.000000 -0.000000 0 128
0.000000 -0.000000 -0.000000 0 128
2.794000 -5.050000 -0.597000 67 0
1.917000 -3.735000 -0.325000 1 0
0.000000 -0.000000 -0.000000 0 128
2.844000 -5.042000 -0.748000 80 0
1.867000 -3.568000 -0.419000 1 0
2.475000 -5.122000 -0.446000 51 0
1.498000 -2.611000 -0.466000 6 0
1.686000 -3.156000 -0.463000 5 0
1.904000 -3.855000 -0.449000 1 0
0.000000 -0.000000 -0.000000 0 0
1.453000 -2.669000 -0.470000 6 0
1.643000 -3.253000 -0.472000 6 0
0.000000 -0.000000 -0.000000 0 0
1.113000 -2.616000 -0.228000 1 0
1.406000 -2.726000 -0.474000 6 0
1.561000 -3.276000 -0.471000 5 0
1.151000 -2.635000 -0.304000 0 0
1.053000 -2.649000 -0.231000 0 0
1.351000 -2.770000 -0.476000 6 0
1.167000 -2.599000 -0.370000 0 0
1.080000 -2.640000 -0.303000 5 0
1.107000 -2.991000 -0.262000 36 2
0.000000 -0.000000 -0.000000 0 0
1.107000 -2.626000 -0.371000 7 0
1.130000 -2.959000 -0.339000 10 2
1.085000 -3.163000 -0.278000 16 0
0.000000 -0.000000 -0.000000 0 0
0.000000 -0.000000 -0.000000 0 0
1.102000 -3.102000 -0.355000 9 0
1.010000 -3.194000 -0.282000 13 0
0.000000 -0.000000 -0.000000 0 0
1.105000 -3.000000 -0.418000 7 0
1.050000 -3.188000 -0.364000 13 0
1.551000 -5.342000 -0.475000 53 0
1.123000 -2.950000 -0.485000 54 0
1.049000 -3.060000 -0.423000 27 0
1.615000 -5.317000 -0.606000 98 0
1.421000 -5.368000 -0.480000 53 0
1.072000 -3.014000 -0.490000 10 0
1.129000 -3.557000 -0.489000 9 0
1.489000 -5.351000 -0.609000 102 0
1.294000 -5.401000 -0.486000 53 0
0.995000 -3.014000 -0.486000 20 0
1.050000 -3.593000 -0.491000 6 0
1.364000 -5.385000 -0.613000 105 0
1.164000 -5.430000 -0.492000 53 0
0.926000 -3.032000 -0.484000 14 0
0.979000 -3.661000 -0.498000 6 0
1.236000 -5.405000 -0.616000 103 0
1.036000 -5.466000 -0.500000 5 0
0.000000 -0.000000 -0.000000 0 128
0.000000 -0.000000 -0.000000 0 0
0.000000 -0.000000 -0.000000 0 0
0.000000 -0.000000 -0.000000 0 128
0.000000 -0.000000 -0.000000 0 128
0.000000 -0.000000 -0.000000 0 0
0.000000 -0.000000 -0.000000 0 0
0.000000 -0.000000 -0.000000 0 128
0.000000 -0.000000 -0.000000 0 0
0.000000 -0.000000 -0.000000 0 0
0.000000 -0.000000 -0.000000 0 0
0.000000 -0.000000 -0.000000 0 128
0.000000 -0.000000 -0.000000 0 128
0.000000 -0.000000 -0.000000 0 128
0.000000 -0.000000 -0.000000 0 0
0.000000 -0.000000 -0.000000 0 128
0.000000 -0.000000 -0.000000 0 128
0.000000 -0.000000 -0.000000 0 128
0.000000 -0.000000 -0.000000 0 0
0.000000 -0.000000 -0.000000 0 128
0.000000 -0.000000 -0.000000 0 128
0.000000 -0.000000 -0.000000 0 128
0.000000 -0.000000 -0.000000 0 128
0.000000 -0.000000 -0.000000 0 128
0.000000 -0.000000 -0.000000 0 128
0.000000 -0.000000 -0.000000 0 128
0.000000 -0.000000 -0.000000 0 128
0.000000 -0.000000 -0.000000 0 128
0.000000 -0.000000 -0.000000 0 128
0.000000 -0.000000 -0.000000 0 128
0.000000 -0.000000 -0.000000 0 0
0.000000 -0.000000 -0.000000 0 128
0.000000 -0.000000 -0.000000 0 128
0.000000 -0.000000 -0.000000 0 128
0.000000 -0.000000 -0.000000 0 0
0.000000 -0.000000 -0.000000 0 192
0.000000 -0.000000 -0.000000 0 128
0.000000 -0.000000 -0.000000 0 0
0.000000 -0.000000 -0.000000 0 192
2.901000 -5.042000 -0.441000 1 0
0.000000 -0.000000 -0.000000 0 192
0.000000 -0.000000 -0.000000 0 128
2.938000 -5.026000 -0.599000 9 0
2.759000 -5.072000 -0.442000 13 0
0.000000 -0.000000 -0.000000 0 128
0.000000 -0.000000 -0.000000 0 128
2.794000 -5.050000 -0.597000 67 0
1.917000 -3.735000 -0.325000 1 0
0.000000 -0.000000 -0.000000 0 128
2.844000 -5.042000 -0.748000 80 0
1.867000 -3.568000 -0.419000 1 0
2.475000 -5.122000 -0.446000 51 0
1.498000 -2.611000 -0.466000 6 0
1.686000 -3.156000 -0.463000 5 0
1.904000 -3.855000 -0.449000 1 0
0.000000 -0.000000 -0.000000 0 0
1.453000 -2.669000 -0.470000 6 0
1.643000 -3.253000 -0.472000 6 0
0.000000 -0.000000 -0.000000 0 0
1.113000 -2.616000 -0.228000 1 0
1.406000 -2.726000 -0.474000 6 0
1.561000 -3.276000 -0.471000 5 0
1.151000 -2.635000 -0.304000 0 0
1.053000 -2.649000 -0.231000 0 0
1.351000 -2.770000 -0.476000 6 0
1.167000 -2.599000 -0.370000 0 0
1.080000 -2.640000 -0.303000 5 0
1.107000 -2.991000 -0.262000 36 2
0.000000 -0.000000 -0.000000 0 0
1.107000 -2.626000 -0.371000 7 0
1.130000 -2.959000 -0.339000 10 2
1.085000 -3.163000 -0.278000 16 0
0.000000 -0.000000 -0.000000 0 0
0.000000 -0.000000 -0.000000 0 0
1.102000 -3.102000 -0.355000 9 0
1.010000 -3.194000 -0.282000 13 0
0.000000 -0.000000 -0.000000 0 0
1.105000 -3.000000 -0.418000 7 0
1.050000 -3.188000 -0.364000 13 0
1.551000 -5.342000 -0.475000 53 0
1.123000 -2.950000 -0.485000 54 0
1.049000 -3.060000 -0.423000 27 0
1.615000 -5.317000 -0.606000 98 0
1.421000 -5.368000 -0.480000 53 0
1.072000 -3.014000 -0.490000 10 0
1.129000 -3.557000 -0.489000 9 0
1.489000 -5.351000 -0.609000 102 0
1.294000 -5.401000 -0.486000 53 0
0.995000 -3.014000 -0.486000 20 0
1.050000 -3.593000 -0.491000 6 0
1.364000 -5.385000 -0.613000 105 0
1.164000 -5.430000 -0.492000 53 0
0.926000 -3.032000 -0.484000 14 0
0.979000 -3.661000 -0.498000 6 0
1.236000 -5.405000 -0.616000 103 0
1.036000 -5.466000 -0.500000 5 0
0.832000 -2.964000 -0.469000 5 0
0.873000 -3.597000 -0.488000 12 0
1.108000 -5.430000 -0.619000 85 0
0.000000 -0.000000 -0.000000 0 0
0.812000 -3.163000 -0.497000 0 0
0.800000 -3.658000 -0.494000 48 0
1.814000 -10.089000 -1.154000 89 0
0.000000 -0.000000 -0.000000 0 0
0.768000 -3.300000 -0.515000 7 0
0.723000 -3.710000 -0.499000 44 0
1.581000 -10.143000 -1.163000 38 0
0.000000 -0.000000 -0.000000 0 128
0.686000 -3.282000 -0.508000 23 0
0.634000 -3.710000 -0.498000 20 0
0.000000 -0.000000 -0.000000 0 0
0.000000 -0.000000 -0.000000 0 192
0.608000 -3.282000 -0.505000 26 0
0.562000 -3.815000 -0.511000 0 0
0.000000 -0.000000 -0.000000 0 192
0.000000 -0.000000 -0.000000 0 128
0.536000 -3.306000 -0.505000 7 0
0.000000 -0.000000 -0.000000 0 0
0.000000 -0.000000 -0.000000 0 192
0.000000 -0.000000 -0.000000 0 192
0.000000 -0.000000 -0.000000 0 0
0.000000 -0.000000 -0.000000 0 192
0.000000 -0.000000 -0.000000 0 192
0.000000 -0.000000 -0.000000 0 128
0.000000 -0.000000 -0.000000 0 192
0.000000 -0.000000 -0.000000 0 192
0.000000 -0.000000 -0.000000 0 192
0.000000 -0.000000 -0.000000 0 192
0.000000 -0.000000 -0.000000 0 192
0.000000 -0.000000 -0.000000 0 192
0.000000 -0.000000 -0.000000 0 192
0.000000 -0.000000 -0.000000 0 128
0.000000 -0.000000 -0.000000 0 192
0.000000 -0.000000 -0.000000 0 192
0.000000 -0.000000 -0.000000 0 192
0.000000 -0.000000 -0.000000 0 128
0.000000 -0.000000 -0.000000 0 192
0.000000 -0.000000 -0.000000 0 192
0.000000 -0.000000 -0.000000 0 192
0.000000 -0.000000 -0.000000 0 128
0.000000 -0.000000 -0.000000 0 192
0.000000 -0.000000 -0.000000 0 192
0.000000 -0.000000 -0.000000 0 128
0.000000 -0.000000 -0.000000 0 0
0.000000 -0.000000 -0.000000 0 192
0.000000 -0.000000 -0.000000 0 192
0.000000 -0.000000 -0.000000 0 0
-0.221000 -1.842000 -0.197000 1 0
0.000000 -0.000000 -0.000000 0 192
0.000000 -0.000000 -0.000000 0 128
-0.199000 -1.960000 -0.239000 0 0
-0.254000 -1.766000 -0.192000 1 0
0.000000 -0.000000 -0.000000 0 128
0.000000 -0.000000 -0.000000 0 0
-0.231000 -1.844000 -0.227000 1 0
-0.277000 -1.650000 -0.182000 1 0
0.000000 -0.000000 -0.000000 0 0
-0.206000 -1.923000 -0.260000 1 0
-0.260000 -1.745000 -0.217000 1 0
-0.297000 -1.550000 -0.174000 1 0
0.000000 -0.000000 -0.000000 0 0
-0.239000 -1.824000 -0.248000 1 0
-0.282000 -1.636000 -0.206000 1 0
-0.458000 -2.119000 -0.243000 36 0
0.000000 -0.000000 -0.000000 0 0
-0.261000 -1.695000 -0.232000 1 0
-0.302000 -1.536000 -0.195000 1 0
-0.491000 -2.040000 -0.238000 60 0
-0.244000 -1.786000 -0.263000 1 0
-0.289000 -1.620000 -0.223000 1 0
-0.463000 -2.098000 -0.270000 40 0
-0.514000 -1.935000 -0.230000 60 0
-0.270000 -1.684000 -0.248000 1 0
-0.307000 -1.521000 -0.210000 2 0
-0.493000 -2.010000 -0.262000 58 0
-0.536000 -1.844000 -0.223000 57 0
-0.293000 -1.591000 -0.234000 1 0
-0.473000 -2.089000 -0.291000 51 0
-0.517000 -1.916000 -0.253000 66 0
-0.556000 -1.760000 -0.217000 69 0
-0.314000 -1.512000 -0.223000 2 0
-0.500000 -1.993000 -0.279000 58 0
-0.536000 -1.816000 -0.243000 65 0
-0.538000 -1.575000 -0.199000 106 0
-0.479000 -2.061000 -0.305000 56 0
-0.521000 -1.891000 -0.267000 56 0
-0.556000 -1.735000 -0.235000 69 0
0.000000 -0.000000 -0.000000 0 0
-0.504000 -1.961000 -0.291000 54 0
-0.541000 -1.799000 -0.256000 60 0
-0.452000 -1.307000 -0.179000 4 0
0.000000 -0.000000 -0.000000 0 0
0.832000 -2.964000 -0.469000 5 0
0.873000 -3.597000 -0.488000 12 0
1.108000 -5.430000 -0.619000 85 0
0.000000 -0.000000 -0.000000 0 0
0.812000 -3.163000 -0.497000 0 0
0.800000 -3.658000 -0.494000 48 0
1.814000 -10.089000 -1.154000 89 0
0.000000 -0.000000 -0.000000 0 0
0.768000 -3.300000 -0.515000 7 0
0.723000 -3.710000 -0.499000 44 0
1.581000 -10.143000 -1.163000 38 0
0.000000 -0.000000 -0.000000 0 128
0.686000 -3.282000 -0.508000 23 0
0.634000 -3.710000 -0.498000 20 0
0.000000 -0.000000 -0.000000 0 0
0.000000 -0.000000 -0.000000 0 192
0.608000 -3.282000 -0.505000 26 0
0.562000 -3.815000 -0.511000 0 0
0.000000 -0.000000 -0.000000 0 192
0.000000 -0.000000 -0.000000 0 128
0.536000 -3.306000 -0.505000 7 0
0.000000 -0.000000 -0.000000 0 0
0.000000 -0.000000 -0.000000 0 192
0.000000 -0.000000 -0.000000 0 192
0.000000 -0.000000 -0.000000 0 0
0.000000 -0.000000 -0.000000 0 192
0.000000 -0.000000 -0.000000 0 192
0.000000 -0.000000 -0.000000 0 128
0.000000 -0.000000 -0.000000 0 192
0.000000 -0.000000 -0.000000 0 192
0.000000 -0.000000 -0.000000 0 192
0.000000 -0.000000 -0.000000 0 192
0.000000 -0.000000 -0.000000 0 192
0.000000 -0.000000 -0.000000 0 192
0.000000 -0.000000 -0.000000 0 192
0.000000 -0.000000 -0.000000 0 128
0.000000 -0.000000 -0.000000 0 192
0.000000 -0.000000 -0.000000 0 192
0.000000 -0.000000 -0.000000 0 192
0.000000 -0.000000 -0.000000 0 128
0.000000 -0.000000 -0.000000 0 192
0.000000 -0.000000 -0.000000 0 192
0.000000 -0.000000 -0.000000 0 192
0.000000 -0.000000 -0.000000 0 128
0.000000 -0.000000 -0.000000 0 192
0.000000 -0.000000 -0.000000 0 192
0.000000 -0.000000 -0.000000 0 128
0.000000 -0.000000 -0.000000 0 0
0.000000 -0.000000 -0.000000 0 192
0.000000 -0.000000 -0.000000 0 192
0.000000 -0.000000 -0.000000 0 0
-0.221000 -1.842000 -0.197000 1 0
0.000000 -0.000000 -0.000000 0 192
0.000000 -0.000000 -0.000000 0 128
-0.199000 -1.960000 -0.239000 0 0
-0.254000 -1.766000 -0.192000 1 0
0.000000 -0.000000 -0.000000 0 128
0.000000 -0.000000 -0.000000 0 0
-0.231000 -1.844000 -0.227000 1 0
-0.277000 -1.650000 -0.182000 1 0
0.000000 -0.000000 -0.000000 0 0
-0.206000 -1.923000 -0.260000 1 0
-0.260000 -1.745000 -0.217000 1 0
-0.297000 -1.550000 -0.174000 1 0
0.000000 -0.000000 -0.000000 0 0
-0.239000 -1.824000 -0.248000 1 0
-0.282000 -1.636000 -0.206000 1 0
-0.458000 -2.119000 -0.243000 36 0
0.000000 -0.000000 -0.000000 0 0
-0.261000 -1.695000 -0.232000 1 0
-0.302000 -1.536000 -0.195000 1 0
-0.491000 -2.040000 -0.238000 60 0
-0.244000 -1.786000 -0.263000 1 0
-0.289000 -1.620000 -0.223000 1 0
-0.463000 -2.098000 -0.270000 40 0
-0.514000 -1.935000 -0.230000 60 0
-0.270000 -1.684000 -0.248000 1 0
-0.307000 -1.521000 -0.210000 2 0
-0.493000 -2.010000 -0.262000 58 0
-0.536000 -1.844000 -0.223000 57 0
-0.293000 -1.591000 -0.234000 1 0
-0.473000 -2.089000 -0.291000 51 0
-0.517000 -1.916000 -0.253000 66 0
-0.556000 -1.760000 -0.217000 69 0
-0.314000 -1.512000 -0.223000 2 0
-0.500000 -1.993000 -0.279000 58 0
-0.536000 -1.816000 -0.243000 65 0
-0.538000 -1.575000 -0.199000 106 0
-0.479000 -2.061000 -0.305000 56 0
-0.521000 -1.891000 -0.267000 56 0
-0.556000 -1.735000 -0.235000 69 0
0.000000 -0.000000 -0.000000 0 0
-0.504000 -1.961000 -0.291000 54 0
-0.541000 -1.799000 -0.256000 60 0
-0.452000 -1.307000 -0.179000 4 0
0.000000 -0.000000 -0.000000 0 0
-0.526000 -1.870000 -0.278000 58 0
-0.523000 -1.604000 -0.230000 117 0
-0.487000 -1.309000 -0.183000 0 0
-0.503000 -1.193000 -0.160000 2 0
-0.548000 -1.786000 -0.267000 58 0
-0.457000 -1.300000 -0.188000 0 0
-0.499000 -1.251000 -0.177000 4 0
-0.509000 -1.135000 -0.156000 0 0
-0.438000 -1.319000 -0.198000 3 0
-0.488000 -1.291000 -0.189000 7 0
-0.507000 -1.191000 -0.171000 0 0
-0.629000 -1.318000 -0.185000 4 0
-0.475000 -1.326000 -0.200000 0 0
-0.508000 -1.255000 -0.186000 0 0
-0.503000 -1.109000 -0.162000 0 0
-0.664000 -1.314000 -0.189000 14 0
-0.531000 -1.381000 -0.209000 5 0
-0.509000 -1.178000 -0.176000 0 0
-0.645000 -1.339000 -0.199000 9 0
-0.677000 -1.266000 -0.187000 14 0
-0.501000 -1.217000 -0.186000 0 0
-0.494000 -1.073000 -0.162000 0 0
-0.667000 -1.306000 -0.198000 14 0
-0.690000 -1.222000 -0.185000 13 0
-0.503000 -1.145000 -0.176000 0 0
-0.656000 -1.343000 -0.206000 11 0
-0.679000 -1.257000 -0.194000 13 0
-0.711000 -1.193000 -0.185000 17 0
-0.505000 -1.080000 -0.167000 0 0
-0.669000 -1.292000 -0.201000 13 0
-0.693000 -1.215000 -0.191000 16 0
-0.714000 -1.139000 -0.181000 17 0
-0.658000 -1.326000 -0.207000 14 0
-0.685000 -1.251000 -0.197000 16 0
-0.705000 -1.172000 -0.188000 16 0
-0.721000 -1.093000 -0.178000 17 64
-0.672000 -1.278000 -0.201000 14 0
-0.695000 -1.202000 -0.192000 16 0
-0.716000 -1.132000 -0.186000 16 0
-0.724000 -1.046000 -0.175000 16 64
-0.686000 -1.234000 -0.196000 14 0
-0.707000 -1.160000 -0.189000 16 0
-0.725000 -1.088000 -0.183000 16 0
-0.734000 -1.010000 -0.174000 16 64
-0.698000 -1.188000 -0.191000 13 0
-0.717000 -1.117000 -0.185000 16 0
-0.731000 -1.044000 -0.179000 16 0
-0.741000 -0.971000 -0.172000 16 0
-0.707000 -1.142000 -0.185000 17 0
-0.723000 -1.071000 -0.180000 16 0
-0.734000 -0.999000 -0.175000 15 0
-0.748000 -0.936000 -0.171000 16 0
-0.717000 -1.099000 -0.181000 17 64
-0.731000 -1.030000 -0.176000 15 0
-0.742000 -0.962000 -0.173000 15 0
-0.762000 -0.909000 -0.171000 17 0
-0.724000 -1.056000 -0.176000 17 0
-0.738000 -0.990000 -0.173000 15 0
-0.752000 -0.930000 -0.171000 15 0
-0.769000 -0.877000 -0.170000 23 0
-0.727000 -1.008000 -0.170000 16 64
-0.751000 -0.960000 -0.171000 15 0
-0.758000 -0.894000 -0.169000 14 0
-0.779000 -0.849000 -0.170000 23 0
-0.740000 -0.976000 -0.167000 17 64
-0.758000 -0.924000 -0.168000 15 0
-0.765000 -0.862000 -0.167000 14 0
-0.788000 -0.820000 -0.169000 23 0
-0.747000 -0.938000 -0.163000 17 64
-0.767000 -0.891000 -0.165000 15 0
-0.776000 -0.835000 -0.167000 15 0
-0.795000 -0.791000 -0.169000 23 0
-0.757000 -0.907000 -0.160000 17 0
-0.773000 -0.858000 -0.163000 14 0
-0.786000 -0.808000 -0.166000 14 0
-0.803000 -0.763000 -0.168000 17 64
-0.766000 -0.875000 -0.157000 24 0
-0.783000 -0.828000 -0.161000 15 0
-0.795000 -0.781000 -0.165000 15 0
-0.814000 -0.739000 -0.169000 18 64
-0.774000 -0.842000 -0.154000 24 0
-0.794000 -0.802000 -0.160000 15 0
-0.804000 -0.754000 -0.164000 15 0
-0.822000 -0.713000 -0.169000 19 64
-0.785000 -0.815000 -0.152000 24 0
-0.799000 -0.771000 -0.157000 15 0
-0.807000 -0.722000 -0.162000 18 0
-0.829000 -0.687000 -0.169000 24 0
-0.793000 -0.785000 -0.150000 25 0
-0.810000 -0.745000 -0.156000 15 0
-0.816000 -0.697000 -0.162000 18 0
-0.828000 -0.656000 -0.167000 23 0
-0.801000 -0.756000 -0.147000 25 0
-0.818000 -0.718000 -0.155000 15 0
-0.824000 -0.672000 -0.161000 15 0
-0.836000 -0.632000 -0.168000 23 0
-0.526000 -1.870000 -0.278000 58 0
-0.523000 -1.604000 -0.230000 117 0
-0.487000 -1.309000 -0.183000 0 0
-0.503000 -1.193000 -0.160000 2 0
-0.548000 -1.786000 -0.267000 58 0
-0.457000 -1.300000 -0.188000 0 0
-0.499000 -1.251000 -0.177000 4 0
-0.509000 -1.135000 -0.156000 0 0
-0.438000 -1.319000 -0.198000 3 0
-0.488000 -1.291000 -0.189000 7 0
-0.507000 -1.191000 -0.171000 0 0
-0.629000 -1.318000 -0.185000 4 0
-0.475000 -1.326000 -0.200000 0 0
-0.508000 -1.255000 -0.186000 0 0
-0.503000 -1.109000 -0.162000 0 0
-0.664000 -1.314000 -0.189000 14 0
-0.531000 -1.381000 -0.209000 5 0
-0.509000 -1.178000 -0.176000 0 0
-0.645000 -1.339000 -0.199000 9 0
-0.677000 -1.266000 -0.187000 14 0
-0.501000 -1.217000 -0.186000 0 0
-0.494000 -1.073000 -0.162000 0 0
-0.667000 -1.306000 -0.198000 14 0
-0.690000 -1.222000 -0.185000 13 0
-0.503000 -1.145000 -0.176000 0 0
-0.656000 -1.343000 -0.206000 11 0
-0.679000 -1.257000 -0.194000 13 0
-0.711000 -1.193000 -0.185000 17 0
-0.505000 -1.080000 -0.167000 0 0
-0.669000 -1.292000 -0.201000 13 0
-0.693000 -1.215000 -0.191000 16 0
-0.714000 -1.139000 -0.181000 17 0
-0.658000 -1.326000 -0.207000 14 0
-0.685000 -1.251000 -0.197000 16 0
-0.705000 -1.172000 -0.188000 16 0
-0.721000 -1.093000 -0.178000 17 64
-0.672000 -1.278000 -0.201000 14 0
-0.695000 -1.202000 -0.192000 16 0
-0.716000 -1.132000 -0.186000 16 0
-0.724000 -1.046000 -0.175000 16 64
-0.686000 -1.234000 -0.196000 14 0
-0.707000 -1.160000 -0.189000 16 0
-0.725000 -1.088000 -0.183000 16 0
-0.734000 -1.010000 -0.174000 16 64
-0.698000 -1.188000 -0.191000 13 0
-0.717000 -1.117000 -0.185000 16 0
-0.731000 -1.044000 -0.179000 16 0
-0.741000 -0.971000 -0.172000 16 0
-0.707000 -1.142000 -0.185000 17 0
-0.723000 -1.071000 -0.180000 16 0
-0.734000 -0.999000 -0.175000 15 0
-0.748000 -0.936000 -0.171000 16 0
-0.717000 -1.099000 -0.181000 17 64
-0.731000 -1.030000 -0.176000 15 0
-0.742000 -0.962000 -0.173000 15 0
-0.762000 -0.909000 -0.171000 17 0
-0.724000 -1.056000 -0.176000 17 0
-0.738000 -0.990000 -0.173000 15 0
-0.752000 -0.930000 -0.171000 15 0
-0.769000 -0.877000 -0.170000 23 0
-0.727000 -1.008000 -0.170000 16 64
-0.751000 -0.960000 -0.171000 15 0
-0.758000 -0.894000 -0.169000 14 0
-0.779000 -0.849000 -0.170000 23 0
-0.740000 -0.976000 -0.167000 17 64
-0.758000 -0.924000 -0.168000 15 0
-0.765000 -0.862000 -0.167000 14 0
-0.788000 -0.820000 -0.169000 23 0
-0.747000 -0.938000 -0.163000 17 64
-0.767000 -0.891000 -0.165000 15 0
-0.776000 -0.835000 -0.167000 15 0
-0.795000 -0.791000 -0.169000 23 0
-0.757000 -0.907000 -0.160000 17 0
-0.773000 -0.858000 -0.163000 14 0
-0.786000 -0.808000 -0.166000 14 0
-0.803000 -0.763000 -0.168000 17 64
-0.766000 -0.875000 -0.157000 24 0
-0.783000 -0.828000 -0.161000 15 0
-0.795000 -0.781000 -0.165000 15 0
-0.814000 -0.739000 -0.169000 18 64
-0.774000 -0.842000 -0.154000 24 0
-0.794000 -0.802000 -0.160000 15 0
-0.804000 -0.754000 -0.164000 15 0
-0.822000 -0.713000 -0.169000 19 64
-0.785000 -0.815000 -0.152000 24 0
-0.799000 -0.771000 -0.157000 15 0
-0.807000 -0.722000 -0.162000 18 0
-0.829000 -0.687000 -0.169000 24 0
-0.793000 -0.785000 -0.150000 25 0
-0.810000 -0.745000 -0.156000 15 0
-0.816000 -0.697000 -0.162000 18 0
-0.828000 -0.656000 -0.167000 23 0
-0.801000 -0.756000 -0.147000 25 0
-0.818000 -0.718000 -0.155000 15 0
-0.824000 -0.672000 -0.161000 15 0
-0.836000 -0.632000 -0.168000 23 0
-0.809000 -0.728000 -0.145000 24 0
-0.821000 -0.687000 -0.153000 14 0
-0.833000 -0.648000 -0.161000 15 0
-0.844000 -0.609000 -0.168000 22 0
-0.816000 -0.700000 -0.143000 19 0
-0.824000 -0.658000 -0.151000 14 0
-0.839000 -0.623000 -0.160000 14 0
-0.853000 -0.586000 -0.169000 22 0
-0.824000 -0.673000 -0.141000 20 0
-0.835000 -0.635000 -0.150000 14 0
-0.844000 -0.597000 -0.160000 14 0
-0.858000 -0.562000 -0.169000 22 0
-0.834000 -0.649000 -0.140000 24 0
-0.844000 -0.611000 -0.149000 14 0
-0.834000 -0.562000 -0.156000 13 0
-0.862000 -0.537000 -0.169000 22 0
-0.845000 -0.626000 -0.139000 19 64
-0.852000 -0.587000 -0.149000 14 0
-0.845000 -0.542000 -0.157000 15 0
-0.863000 -0.512000 -0.168000 21 0
-0.849000 -0.598000 -0.137000 18 64
-0.857000 -0.562000 -0.148000 14 0
-0.855000 -0.521000 -0.157000 15 0
-0.859000 -0.483000 -0.167000 20 0
-0.840000 -0.562000 -0.133000 21 0
-0.860000 -0.535000 -0.146000 14 0
-0.860000 -0.497000 -0.157000 15 0
-0.604000 -0.322000 -0.117000 11 0
-0.846000 -0.538000 -0.132000 17 64
-0.864000 -0.510000 -0.145000 14 0
-0.818000 -0.448000 -0.148000 16 1
-0.873000 -0.441000 -0.168000 20 0
-0.854000 -0.514000 -0.131000 21 0
-0.870000 -0.486000 -0.145000 14 0
-0.866000 -0.449000 -0.156000 14 0
-0.880000 -0.421000 -0.169000 19 0
-0.862000 -0.492000 -0.130000 21 0
-0.644000 -0.341000 -0.106000 8 18
-0.874000 -0.428000 -0.156000 15 0
-0.885000 -0.399000 -0.170000 20 0
-0.690000 -0.372000 -0.102000 14 2
-0.873000 -0.436000 -0.142000 12 0
-0.879000 -0.406000 -0.157000 15 0
-0.890000 -0.378000 -0.171000 19 0
-0.872000 -0.443000 -0.128000 17 64
-0.879000 -0.413000 -0.142000 14 0
-0.882000 -0.383000 -0.156000 15 0
-0.867000 -0.345000 -0.166000 6 0
-0.879000 -0.420000 -0.127000 17 64
-0.886000 -0.392000 -0.142000 14 0
-0.882000 -0.359000 -0.156000 14 0
0.000000 -0.000000 -0.000000 0 0
-0.886000 -0.398000 -0.126000 16 64
-0.890000 -0.369000 -0.141000 14 0
0.000000 -0.000000 -0.000000 0 0
0.000000 -0.000000 -0.000000 0 0
-0.883000 -0.372000 -0.124000 17 64
0.000000 -0.000000 -0.000000 0 0
0.000000 -0.000000 -0.000000 0 0
0.000000 -0.000000 -0.000000 0 0
0.000000 -0.000000 -0.000000 0 0
-0.596000 -0.215000 -0.093000 1 0
0.000000 -0.000000 -0.000000 0 0
-0.914000 -0.273000 -0.175000 19 0
0.000000 -0.000000 -0.000000 0 0
-0.601000 -0.201000 -0.094000 0 0
-0.906000 -0.276000 -0.158000 15 0
-0.915000 -0.251000 -0.176000 19 0
0.000000 -0.000000 -0.000000 0 192
-0.909000 -0.280000 -0.141000 16 2
-0.915000 -0.256000 -0.159000 15 0
-0.918000 -0.230000 -0.177000 19 0
-0.908000 -0.283000 -0.123000 16 64
-0.920000 -0.260000 -0.142000 14 0
-0.917000 -0.234000 -0.160000 15 0
-0.930000 -0.211000 -0.179000 19 0
-0.913000 -0.260000 -0.123000 17 64
-0.919000 -0.237000 -0.141000 12 0
-0.925000 -0.214000 -0.161000 15 0
-0.931000 -0.190000 -0.180000 19 0
-0.917000 -0.238000 -0.122000 16 64
-0.931000 -0.217000 -0.143000 14 0
-0.932000 -0.193000 -0.162000 15 0
-0.935000 -0.170000 -0.181000 19 0
-0.925000 -0.216000 -0.123000 17 64
-0.936000 -0.195000 -0.143000 14 0
-0.936000 -0.172000 -0.163000 15 0
-0.944000 -0.150000 -0.184000 19 0
-0.929000 -0.194000 -0.122000 17 64
-0.940000 -0.173000 -0.144000 12 0
-0.939000 -0.151000 -0.164000 15 0
-0.947000 -0.129000 -0.185000 19 0
-0.932000 -0.171000 -0.122000 16 64
-0.940000 -0.150000 -0.143000 12 0
-0.944000 -0.130000 -0.165000 15 0
-0.946000 -0.108000 -0.185000 19 0
-0.809000 -0.728000 -0.145000 24 0
-0.821000 -0.687000 -0.153000 14 0
-0.833000 -0.648000 -0.161000 15 0
-0.844000 -0.609000 -0.168000 22 0
-0.816000 -0.700000 -0.143000 19 0
-0.824000 -0.658000 -0.151000 14 0
-0.839000 -0.623000 -0.160000 14 0
-0.853000 -0.586000 -0.169000 22 0
-0.824000 -0.673000 -0.141000 20 0
-0.835000 -0.635000 -0.150000 14 0
-0.844000 -0.597000 -0.160000 14 0
-0.858000 -0.562000 -0.169000 22 0
-0.834000 -0.649000 -0.140000 24 0
-0.844000 -0.611000 -0.149000 14 0
-0.834000 -0.562000 -0.156000 13 0
-0.862000 -0.537000 -0.169000 22 0
-0.845000 -0.626000 -0.139000 19 64
-0.852000 -0.587000 -0.149000 14 0
-0.845000 -0.542000 -0.157000 15 0
-0.863000 -0.512000 -0.168000 21 0
-0.849000 -0.598000 -0.137000 18 64
-0.857000 -0.562000 -0.148000 14 0
-0.855000 -0.521000 -0.157000 15 0
-0.859000 -0.483000 -0.167000 20 0
-0.840000 -0.562000 -0.133000 21 0
-0.860000 -0.535000 -0.146000 14 0
-0.860000 -0.497000 -0.157000 15 0
-0.604000 -0.322000 -0.117000 11 0
-0.846000 -0.538000 -0.132000 17 64
-0.864000 -0.510000 -0.145000 14 0
-0.818000 -0.448000 -0.148000 16 1
-0.873000 -0.441000 -0.168000 20 0
-0.854000 -0.514000 -0.131000 21 0
-0.870000 -0.486000 -0.145000 14 0
-0.866000 -0.449000 -0.156000 14 0
-0.880000 -0.421000 -0.169000 19 0
-0.862000 -0.492000 -0.130000 21 0
-0.644000 -0.341000 -0.106000 8 18
-0.874000 -0.428000 -0.156000 15 0
-0.885000 -0.399000 -0.170000 20 0
-0.690000 -0.372000 -0.102000 14 2
-0.873000 -0.436000 -0.142000 12 0
-0.879000 -0.406000 -0.157000 15 0
-0.890000 -0.378000 -0.171000 19 0
-0.872000 -0.443000 -0.128000 17 64
-0.879000 -0.413000 -0.142000 14 0
-0.882000 -0.383000 -0.156000 15 0
-0.867000 -0.345000 -0.166000 6 0
-0.879000 -0.420000 -0.127000 17 64
-0.886000 -0.392000 -0.142000 14 0
-0.882000 -0.359000 -0.156000 14 0
0.000000 -0.000000 -0.000000 0 0
-0.886000 -0.398000 -0.126000 16 64
-0.890000 -0.369000 -0.141000 14 0
0.000000 -0.000000 -0.000000 0 0
0.000000 -0.000000 -0.000000 0 0
-0.883000 -0.372000 -0.124000 17 64
0.000000 -0.000000 -0.000000 0 0
0.000000 -0.000000 -0.000000 0 0
0.000000 -0.000000 -0.000000 0 0
0.000000 -0.000000 -0.000000 0 0
-0.596000 -0.215000 -0.093000 1 0
0.000000 -0.000000 -0.000000 0 0
-0.914000 -0.273000 -0.175000 19 0
0.000000 -0.000000 -0.000000 0 0
-0.601000 -0.201000 -0.094000 0 0
-0.906000 -0.276000 -0.158000 15 0
-0.915000 -0.251000 -0.176000 19 0
0.000000 -0.000000 -0.000000 0 192
-0.909000 -0.280000 -0.141000 16 2
-0.915000 -0.256000 -0.159000 15 0
-0.918000 -0.230000 -0.177000 19 0
-0.908000 -0.283000 -0.123000 16 64
-0.920000 -0.260000 -0.142000 14 0
-0.917000 -0.234000 -0.160000 15 0
-0.930000 -0.211000 -0.179000 19 0
-0.913000 -0.260000 -0.123000 17 64
-0.919000 -0.237000 -0.141000 12 0
-0.925000 -0.214000 -0.161000 15 0
-0.931000 -0.190000 -0.180000 19 0
-0.917000 -0.238000 -0.122000 16 64
-0.931000 -0.217000 -0.143000 14 0
-0.932000 -0.193000 -0.162000 15 0
-0.935000 -0.170000 -0.181000 19 0
-0.925000 -0.216000 -0.123000 17 64
-0.936000 -0.195000 -0.143000 14 0
-0.936000 -0.172000 -0.163000 15 0
-0.944000 -0.150000 -0.184000 19 0
-0.929000 -0.194000 -0.122000 17 64
-0.940000 -0.173000 -0.144000 12 0
-0.939000 -0.151000 -0.164000 15 0
-0.947000 -0.129000 -0.185000 19 0
-0.932000 -0.171000 -0.122000 16 64
-0.940000 -0.150000 -0.143000 12 0
-0.944000 -0.130000 -0.165000 15 0
-0.946000 -0.108000 -0.185000 19 0
0.000000 -0.000000 -0.000000 0 128
0.000000 -0.000000 -0.000000 0 0
0.000000 -0.000000 -0.000000 0 0
0.000000 -0.000000 -0.000000 0 0
0.000000 -0.000000 -0.000000 0 128
0.000000 -0.000000 -0.000000 0 0
0.000000 -0.000000 -0.000000 0 0
0.000000 -0.000000 -0.000000 0 0
0.000000 -0.000000 -0.000000 0 128
0.000000 -0.000000 -0.000000 0 0
0.000000 -0.000000 -0.000000 0 0
0.000000 -0.000000 -0.000000 0 0
0.000000 -0.000000 -0.000000 0 128
0.000000 -0.000000 -0.000000 0 0
0.000000 -0.000000 -0.000000 0 0
0.000000 -0.000000 -0.000000 0 0
0.000000 -0.000000 -0.000000 0 128
0.000000 -0.000000 -0.000000 0 128
0.000000 -0.000000 -0.000000 0 0
0.000000 -0.000000 -0.000000 0 0
0.000000 -0.000000 -0.000000 0 128
0.000000 -0.000000 -0.000000 0 128
0.000000 -0.000000 -0.000000 0 0
0.000000 -0.000000 -0.000000 0 128
0.000000 -0.000000 -0.000000 0 128
0.000000 -0.000000 -0.000000 0 128
0.000000 -0.000000 -0.000000 0 0
0.000000 -0.000000 -0.000000 0 0
0.000000 -0.000000 -0.000000 0 128
0.000000 -0.000000 -0.000000 0 128
0.000000 -0.000000 -0.000000 0 128
0.000000 -0.000000 -0.000000 0 128
0.000000 -0.000000 -0.000000 0 128
0.000000 -0.000000 -0.000000 0 128
0.000000 -0.000000 -0.000000 0 128
0.000000 -0.000000 -0.000000 0 0
0.000000 -0.000000 -0.000000 0 128
0.000000 -0.000000 -0.000000 0 128
0.000000 -0.000000 -0.000000 0 192
0.000000 -0.000000 -0.000000 0 128
0.000000 -0.000000 -0.000000 0 128
0.000000 -0.000000 -0.000000 0 128
0.000000 -0.000000 -0.000000 0 128
0.000000 -0.000000 -0.000000 0 128
0.000000 -0.000000 -0.000000 0 128
0.000000 -0.000000 -0.000000 0 128
0.000000 -0.000000 -0.000000 0 128
0.000000 -0.000000 -0.000000 0 128
0.000000 -0.000000 -0.000000 0 128
0.000000 -0.000000 -0.000000 0 128
0.000000 -0.000000 -0.000000 0 128
0.000000 -0.000000 -0.000000 0 128
0.000000 -0.000000 -0.000000 0 128
0.000000 -0.000000 -0.000000 0 128
0.000000 -0.000000 -0.000000 0 128
0.000000 -0.000000 -0.000000 0 128
0.000000 -0.000000 -0.000000 0 128
0.000000 -0.000000 -0.000000 0 128
0.000000 -0.000000 -0.000000 0 128
0.000000 -0.000000 -0.000000 0 128
0.000000 -0.000000 -0.000000 0 128
0.000000 -0.000000 -0.000000 0 128
0.000000 -0.000000 -0.000000 0 128
0.000000 -0.000000 -0.000000 0 128
0.000000 -0.000000 -0.000000 0 128
0.000000 -0.000000 -0.000000 0 128
0.000000 -0.000000 -0.000000 0 128
0.000000 -0.000000 -0.000000 0 128
0.000000 -0.000000 -0.000000 0 128
0.000000 -0.000000 -0.000000 0 128
0.000000 -0.000000 -0.000000 0 128
0.000000 -0.000000 -0.000000 0 128
0.000000 -0.000000 -0.000000 0 128
0.000000 -0.000000 -0.000000 0 128
0.000000 -0.000000 -0.000000 0 128
0.000000 -0.000000 -0.000000 0 128
0.000000 -0.000000 -0.000000 0 128
0.000000 -0.000000 -0.000000 0 128
0.000000 -0.000000 -0.000000 0 128
0.000000 -0.000000 -0.000000 0 128
0.000000 -0.000000 -0.000000 0 128
0.000000 -0.000000 -0.000000 0 128
0.000000 -0.000000 -0.000000 0 128
0.000000 -0.000000 -0.000000 0 128
0.000000 -0.000000 -0.000000 0 128
0.000000 -0.000000 -0.000000 0 128
0.000000 -0.000000 -0.000000 0 0
0.000000 -0.000000 -0.000000 0 128
0.000000 -0.000000 -0.000000 0 128
0.000000 -0.000000 -0.000000 0 128
0.000000 -0.000000 -0.000000 0 0
0.000000 -0.000000 -0.000000 0 128
0.000000 -0.000000 -0.000000 0 192
0.000000 -0.000000 -0.000000 0 128
0.000000 -0.000000 -0.000000 0 192
0.000000 -0.000000 -0.000000 0 128
0.000000 -0.000000 -0.000000 0 128
0.000000 -0.000000 -0.000000 0 0
0.000000 -0.000000 -0.000000 0 0
0.000000 -0.000000 -0.000000 0 0
0.000000 -0.000000 -0.000000 0 128
0.000000 -0.000000 -0.000000 0 0
0.000000 -0.000000 -0.000000 0 0
0.000000 -0.000000 -0.000000 0 0
0.000000 -0.000000 -0.000000 0 128
0.000000 -0.000000 -0.000000 0 0
0.000000 -0.000000 -0.000000 0 0
0.000000 -0.000000 -0.000000 0 0
0.000000 -0.000000 -0.000000 0 128
0.000000 -0.000000 -0.000000 0 0
0.000000 -0.000000 -0.000000 0 0
0.000000 -0.000000 -0.000000 0 0
0.000000 -0.000000 -0.000000 0 128
0.000000 -0.000000 -0.000000 0 128
0.000000 -0.000000 -0.000000 0 0
0.000000 -0.000000 -0.000000 0 0
0.000000 -0.000000 -0.000000 0 128
0.000000 -0.000000 -0.000000 0 128
0.000000 -0.000000 -0.000000 0 0
0.000000 -0.000000 -0.000000 0 128
0.000000 -0.000000 -0.000000 0 128
0.000000 -0.000000 -0.000000 0 128
0.000000 -0.000000 -0.000000 0 0
0.000000 -0.000000 -0.000000 0 0
0.000000 -0.000000 -0.000000 0 128
0.000000 -0.000000 -0.000000 0 128
0.000000 -0.000000 -0.000000 0 128
0.000000 -0.000000 -0.000000 0 128
0.000000 -0.000000 -0.000000 0 128
0.000000 -0.000000 -0.000000 0 128
0.000000 -0.000000 -0.000000 0 128
0.000000 -0.000000 -0.000000 0 0
0.000000 -0.000000 -0.000000 0 128
0.000000 -0.000000 -0.000000 0 128
0.000000 -0.000000 -0.000000 0 192
0.000000 -0.000000 -0.000000 0 128
0.000000 -0.000000 -0.000000 0 128
0.000000 -0.000000 -0.000000 0 128
0.000000 -0.000000 -0.000000 0 128
0.000000 -0.000000 -0.000000 0 128
0.000000 -0.000000 -0.000000 0 128
0.000000 -0.000000 -0.000000 0 128
0.000000 -0.000000 -0.000000 0 128
0.000000 -0.000000 -0.000000 0 128
0.000000 -0.000000 -0.000000 0 128
0.000000 -0.000000 -0.000000 0 128
0.000000 -0.000000 -0.000000 0 128
0.000000 -0.000000 -0.000000 0 128
0.000000 -0.000000 -0.000000 0 128
0.000000 -0.000000 -0.000000 0 128
0.000000 -0.000000 -0.000000 0 128
0.000000 -0.000000 -0.000000 0 128
0.000000 -0.000000 -0.000000 0 128
0.000000 -0.000000 -0.000000 0 128
0.000000 -0.000000 -0.000000 0 128
0.000000 -0.000000 -0.000000 0 128
0.000000 -0.000000 -0.000000 0 128
0.000000 -0.000000 -0.000000 0 128
0.000000 -0.000000 -0.000000 0 128
0.000000 -0.000000 -0.000000 0 128
0.000000 -0.000000 -0.000000 0 128
0.000000 -0.000000 -0.000000 0 128
0.000000 -0.000000 -0.000000 0 128
0.000000 -0.000000 -0.000000 0 128
0.000000 -0.000000 -0.000000 0 128
0.000000 -0.000000 -0.000000 0 128
0.000000 -0.000000 -0.000000 0 128
0.000000 -0.000000 -0.000000 0 128
0.000000 -0.000000 -0.000000 0 128
0.000000 -0.000000 -0.000000 0 128
0.000000 -0.000000 -0.000000 0 128
0.000000 -0.000000 -0.000000 0 128
0.000000 -0.000000 -0.000000 0 128
0.000000 -0.000000 -0.000000 0 128
0.000000 -0.000000 -0.000000 0 128
0.000000 -0.000000 -0.000000 0 128
0.000000 -0.000000 -0.000000 0 128
0.000000 -0.000000 -0.000000 0 128
0.000000 -0.000000 -0.000000 0 128
0.000000 -0.000000 -0.000000 0 128
0.000000 -0.000000 -0.000000 0 128
0.000000 -0.000000 -0.000000 0 128
0.000000 -0.000000 -0.000000 0 0
0.000000 -0.000000 -0.000000 0 128
0.000000 -0.000000 -0.000000 0 128
0.000000 -0.000000 -0.000000 0 128
0.000000 -0.000000 -0.000000 0 0
0.000000 -0.000000 -0.000000 0 128
0.000000 -0.000000 -0.000000 0 192
0.000000 -0.000000 -0.000000 0 128
0.000000 -0.000000 -0.000000 0 192
0.000000 -0.000000 -0.000000 0 128
0.000000 -0.000000 -0.000000 0 192
0.000000 -0.000000 -0.000000 0 192
0.000000 -0.000000 -0.000000 0 128
0.000000 -0.000000 -0.000000 0 192
0.000000 -0.000000 -0.000000 0 192
0.000000 -0.000000 -0.000000 0 128
0.000000 -0.000000 -0.000000 0 128
0.000000 -0.000000 -0.000000 0 0
0.921000 -1.009000 -1.211000 3 0
0.000000 -0.000000 -0.000000 0 128
0.969000 -1.097000 -1.140000 15 0
0.743000 -0.857000 -0.830000 2 0
0.904000 -1.032000 -1.215000 10 0
0.866000 -1.004000 -1.099000 19 0
0.811000 -0.961000 -0.980000 25 0
0.718000 -0.869000 -0.826000 0 0
0.885000 -1.054000 -1.218000 14 0
0.840000 -1.019000 -1.096000 18 0
0.977000 -1.213000 -1.216000 2 0
0.697000 -0.886000 -0.828000 5 0
0.802000 -0.996000 -1.130000 33 2
0.904000 -1.146000 -1.211000 14 2
0.944000 -1.229000 -1.211000 14 0
0.000000 -0.000000 -0.000000 0 0
0.765000 -0.991000 -1.106000 26 0
0.879000 -1.166000 -1.211000 14 0
0.908000 -1.240000 -1.203000 5 0
0.882000 -1.239000 -1.123000 19 0
0.804000 -1.088000 -1.194000 29 0
0.854000 -1.185000 -1.212000 13 0
0.879000 -1.260000 -1.204000 7 0
0.911000 -1.346000 -1.203000 17 0
0.798000 -1.128000 -1.218000 15 0
0.830000 -1.208000 -1.217000 13 0
0.857000 -1.290000 -1.216000 14 0
0.885000 -1.377000 -1.214000 14 0
0.776000 -1.147000 -1.220000 15 0
0.805000 -1.227000 -1.218000 13 0
0.829000 -1.312000 -1.219000 13 0
0.851000 -1.396000 -1.216000 14 0
0.753000 -1.164000 -1.220000 14 0
0.779000 -1.246000 -1.220000 13 0
0.794000 -1.323000 -1.215000 13 0
0.816000 -1.414000 -1.218000 13 0
0.728000 -1.179000 -1.218000 14 0
0.752000 -1.264000 -1.222000 14 0
0.766000 -1.345000 -1.220000 13 0
0.782000 -1.433000 -1.220000 14 0
0.708000 -1.200000 -1.223000 16 0
0.726000 -1.283000 -1.224000 14 0
0.734000 -1.360000 -1.220000 14 0
0.746000 -1.447000 -1.221000 14 0
0.681000 -1.212000 -1.219000 14 0
0.697000 -1.298000 -1.225000 14 0
0.704000 -1.379000 -1.223000 13 0
0.711000 -1.463000 -1.223000 16 0
0.658000 -1.231000 -1.223000 16 0
0.669000 -1.314000 -1.225000 16 0
0.671000 -1.392000 -1.223000 14 0
0.673000 -1.475000 -1.222000 17 0
0.633000 -1.246000 -1.223000 16 0
0.641000 -1.330000 -1.227000 15 0
0.640000 -1.410000 -1.228000 16 0
0.639000 -1.494000 -1.229000 15 0
0.609000 -1.264000 -1.226000 14 0
0.611000 -1.343000 -1.227000 15 0
0.607000 -1.423000 -1.229000 16 0
0.601000 -1.503000 -1.227000 18 0
0.584000 -1.278000 -1.226000 16 0
0.583000 -1.358000 -1.229000 17 0
0.574000 -1.436000 -1.230000 16 0
0.564000 -1.513000 -1.228000 15 0
0.558000 -1.294000 -1.228000 17 0
0.553000 -1.372000 -1.230000 14 0
0.540000 -1.446000 -1.229000 15 0
0.527000 -1.525000 -1.231000 16 0
0.534000 -1.311000 -1.232000 15 0
0.523000 -1.384000 -1.230000 16 0
0.507000 -1.457000 -1.231000 15 0
0.490000 -1.533000 -1.231000 14 0
0.506000 -1.322000 -1.230000 19 0
0.493000 -1.396000 -1.231000 17 0
0.474000 -1.472000 -1.235000 14 0
0.452000 -1.541000 -1.232000 13 0
0.480000 -1.340000 -1.235000 17 0
0.464000 -1.414000 -1.237000 15 0
0.450000 -1.514000 -1.264000 1 0
0.416000 -1.552000 -1.236000 15 0
0.454000 -1.354000 -1.238000 5 0
0.000000 -0.000000 -0.000000 0 0
0.412000 -1.512000 -1.256000 2 0
0.377000 -1.556000 -1.236000 17 0
0.000000 -0.000000 -0.000000 0 0
0.000000 -0.000000 -0.000000 0 0
0.000000 -0.000000 -0.000000 0 0
0.340000 -1.565000 -1.240000 16 0
0.000000 -0.000000 -0.000000 0 192
0.000000 -0.000000 -0.000000 0 192
0.000000 -0.000000 -0.000000 0 128
0.000000 -0.000000 -0.000000 0 192
0.000000 -0.000000 -0.000000 0 192
0.000000 -0.000000 -0.000000 0 128
0.000000 -0.000000 -0.000000 0 128
0.000000 -0.000000 -0.000000 0 0
0.921000 -1.009000 -1.211000 3 0
0.000000 -0.000000 -0.000000 0 128
0.969000 -1.097000 -1.140000 15 0
0.743000 -0.857000 -0.830000 2 0
0.904000 -1.032000 -1.215000 10 0
0.866000 -1.004000 -1.099000 19 0
0.811000 -0.961000 -0.980000 25 0
0.718000 -0.869000 -0.826000 0 0
0.885000 -1.054000 -1.218000 14 0
0.840000 -1.019000 -1.096000 18 0
0.977000 -1.213000 -1.216000 2 0
0.697000 -0.886000 -0.828000 5 0
0.802000 -0.996000 -1.130000 33 2
0.904000 -1.146000 -1.211000 14 2
0.944000 -1.229000 -1.211000 14 0
0.000000 -0.000000 -0.000000 0 0
0.765000 -0.991000 -1.106000 26 0
0.879000 -1.166000 -1.211000 14 0
0.908000 -1.240000 -1.203000 5 0
0.882000 -1.239000 -1.123000 19 0
0.804000 -1.088000 -1.194000 29 0
0.854000 -1.185000 -1.212000 13 0
0.879000 -1.260000 -1.204000 7 0
0.911000 -1.346000 -1.203000 17 0
0.798000 -1.128000 -1.218000 15 0
0.830000 -1.208000 -1.217000 13 0
0.857000 -1.290000 -1.216000 14 0
0.885000 -1.377000 -1.214000 14 0
0.776000 -1.147000 -1.220000 15 0
0.805000 -1.227000 -1.218000 13 0
0.829000 -1.312000 -1.219000 13 0
0.851000 -1.396000 -1.216000 14 0
0.753000 -1.164000 -1.220000 14 0
0.779000 -1.246000 -1.220000 13 0
0.794000 -1.323000 -1.215000 13 0
0.816000 -1.414000 -1.218000 13 0
0.728000 -1.179000 -1.218000 14 0
0.752000 -1.264000 -1.222000 14 0
0.766000 -1.345000 -1.220000 13 0
0.782000 -1.433000 -1.220000 14 0
0.708000 -1.200000 -1.223000 16 0
0.726000 -1.283000 -1.224000 14 0
0.734000 -1.360000 -1.220000 14 0
0.746000 -1.447000 -1.221000 14 0
0.681000 -1.212000 -1.219000 14 0
0.697000 -1.298000 -1.225000 14 0
0.704000 -1.379000 -1.223000 13 0
0.711000 -1.463000 -1.223000 16 0
0.658000 -1.231000 -1.223000 16 0
0.669000 -1.314000 -1.225000 16 0
0.671000 -1.392000 -1.223000 14 0
0.673000 -1.475000 -1.222000 17 0
0.633000 -1.246000 -1.223000 16 0
0.641000 -1.330000 -1.227000 15 0
0.640000 -1.410000 -1.228000 16 0
0.639000 -1.494000 -1.229000 15 0
0.609000 -1.264000 -1.226000 14 0
0.611000 -1.343000 -1.227000 15 0
0.607000 -1.423000 -1.229000 16 0
0.601000 -1.503000 -1.227000 18 0
0.584000 -1.278000 -1.226000 16 0
0.583000 -1.358000 -1.229000 17 0
0.574000 -1.436000 -1.230000 16 0
0.564000 -1.513000 -1.228000 15 0
0.558000 -1.294000 -1.228000 17 0
0.553000 -1.372000 -1.230000 14 0
0.540000 -1.446000 -1.229000 15 0
0.527000 -1.525000 -1.231000 16 0
0.534000 -1.311000 -1.232000 15 0
0.523000 -1.384000 -1.230000 16 0
0.507000 -1.457000 -1.231000 15 0
0.490000 -1.533000 -1.231000 14 0
0.506000 -1.322000 -1.230000 19 0
0.493000 -1.396000 -1.231000 17 0
0.474000 -1.472000 -1.235000 14 0
0.452000 -1.541000 -1.232000 13 0
0.480000 -1.340000 -1.235000 17 0
0.464000 -1.414000 -1.237000 15 0
0.450000 -1.514000 -1.264000 1 0
0.416000 -1.552000 -1.236000 15 0
0.454000 -1.354000 -1.238000 5 0
0.000000 -0.000000 -0.000000 0 0
0.412000 -1.512000 -1.256000 2 0
0.377000 -1.556000 -1.236000 17 0
0.000000 -0.000000 -0.000000 0 0
0.000000 -0.000000 -0.000000 0 0
0.000000 -0.000000 -0.000000 0 0
0.340000 -1.565000 -1.240000 16 0
0.040000 -0.141000 -0.126000 1 16
0.036000 -0.142000 -0.122000 1 16
0.000000 -0.000000 -0.000000 0 0
0.303000 -1.572000 -1.244000 12 0
0.000000 -0.000000 -0.000000 0 0
0.000000 -0.000000 -0.000000 0 0
0.000000 -0.000000 -0.000000 0 0
0.265000 -1.577000 -1.247000 3 0
0.030000 -0.124000 -0.110000 1 0
0.030000 -0.145000 -0.123000 1 16
0.000000 -0.000000 -0.000000 0 0
0.000000 -0.000000 -0.000000 0 0
0.000000 -0.000000 -0.000000 0 0
0.000000 -0.000000 -0.000000 0 0
0.000000 -0.000000 -0.000000 0 0
0.000000 -0.000000 -0.000000 0 192
0.027000 -0.136000 -0.119000 1 0
0.019000 -0.116000 -0.098000 0 0
0.000000 -0.000000 -0.000000 0 128
0.000000 -0.000000 -0.000000 0 128
0.000000 -0.000000 -0.000000 0 0
0.000000 -0.000000 -0.000000 0 0
0.000000 -0.000000 -0.000000 0 128
0.000000 -0.000000 -0.000000 0 192
0.000000 -0.000000 -0.000000 0 192
0.000000 -0.000000 -0.000000 0 128
0.000000 -0.000000 -0.000000 0 128
0.000000 -0.000000 -0.000000 0 128
0.000000 -0.000000 -0.000000 0 128
0.000000 -0.000000 -0.000000 0 128
0.000000 -0.000000 -0.000000 0 128
0.000000 -0.000000 -0.000000 0 128
0.000000 -0.000000 -0.000000 0 192
0.000000 -0.000000 -0.000000 0 0
0.000000 -0.000000 -0.000000 0 128
0.000000 -0.000000 -0.000000 0 0
0.000000 -0.000000 -0.000000 0 128
0.000000 -0.000000 -0.000000 0 0
0.000000 -0.000000 -0.000000 0 0
-0.022000 -1.022000 -0.819000 11 0
0.000000 -0.000000 -0.000000 0 128
0.000000 -0.000000 -0.000000 0 128
-0.007000 -0.994000 -0.814000 7 0
-0.046000 -1.015000 -0.817000 10 0
0.000000 -0.000000 -0.000000 0 128
0.000000 -0.000000 -0.000000 0 0
-0.030000 -0.996000 -0.817000 10 0
-0.070000 -1.009000 -0.817000 10 0
0.000000 -0.000000 -0.000000 0 128
-0.012000 -0.985000 -0.821000 7 0
-0.052000 -0.994000 -0.818000 8 0
-0.093000 -1.004000 -0.817000 9 0
0.000000 -0.000000 -0.000000 0 0
-0.034000 -0.980000 -0.817000 10 0
-0.075000 -0.988000 -0.816000 8 0
-0.116000 -0.998000 -0.817000 9 0
-0.015000 -0.971000 -0.820000 9 0
-0.055000 -0.975000 -0.814000 7 0
-0.097000 -0.986000 -0.817000 8 0
-0.139000 -0.991000 -0.816000 9 0
-0.036000 -0.967000 -0.816000 9 0
-0.077000 -0.977000 -0.816000 7 0
-0.119000 -0.979000 -0.815000 8 0
-0.162000 -0.983000 -0.816000 8 0
-0.057000 -0.965000 -0.814000 9 0
-0.098000 -0.972000 -0.814000 7 0
-0.142000 -0.980000 -0.820000 7 0
0.000000 -0.000000 -0.000000 0 0
-0.078000 -0.963000 -0.812000 9 0
-0.120000 -0.971000 -0.816000 7 0
-0.164000 -0.973000 -0.819000 7 0
-0.207000 -0.970000 -0.819000 7 0
-0.099000 -0.964000 -0.813000 9 0
-0.142000 -0.970000 -0.817000 7 0
-0.171000 -0.894000 -0.757000 0 2
-0.229000 -0.964000 -0.821000 9 0
-0.121000 -0.970000 -0.819000 9 0
-0.163000 -0.965000 -0.816000 7 0
-0.208000 -0.966000 -0.823000 6 0
-0.250000 -0.952000 -0.818000 8 0
-0.141000 -0.965000 -0.816000 9 0
-0.171000 -0.891000 -0.757000 0 2
-0.230000 -0.961000 -0.825000 7 0
-0.274000 -0.950000 -0.825000 8 0
-0.163000 -0.968000 -0.820000 9 0
-0.207000 -0.963000 -0.822000 6 0
-0.251000 -0.953000 -0.824000 7 0
-0.295000 -0.942000 -0.827000 9 0
0.000000 -0.000000 -0.000000 0 0
-0.228000 -0.956000 -0.820000 7 0
-0.273000 -0.949000 -0.827000 7 0
-0.316000 -0.931000 -0.826000 10 0
-0.207000 -0.967000 -0.824000 8 0
-0.249000 -0.952000 -0.821000 7 0
-0.294000 -0.940000 -0.827000 7 0
-0.341000 -0.932000 -0.838000 11 0
0.040000 -0.141000 -0.126000 1 16
0.036000 -0.142000 -0.122000 1 16
0.000000 -0.000000 -0.000000 0 0
0.303000 -1.572000 -1.244000 12 0
0.000000 -0.000000 -0.000000 0 0
0.000000 -0.000000 -0.000000 0 0
0.000000 -0.000000 -0.000000 0 0
0.265000 -1.577000 -1.247000 3 0
0.030000 -0.124000 -0.110000 1 0
0.030000 -0.145000 -0.123000 1 16
0.000000 -0.000000 -0.000000 0 0
0.000000 -0.000000 -0.000000 0 0
0.000000 -0.000000 -0.000000 0 0
0.000000 -0.000000 -0.000000 0 0
0.000000 -0.000000 -0.000000 0 0
0.000000 -0.000000 -0.000000 0 192
0.027000 -0.136000 -0.119000 1 0
0.019000 -0.116000 -0.098000 0 0
0.000000 -0.000000 -0.000000 0 128
0.000000 -0.000000 -0.000000 0 128
0.000000 -0.000000 -0.000000 0 0
0.000000 -0.000000 -0.000000 0 0
0.000000 -0.000000 -0.000000 0 128
0.000000 -0.000000 -0.000000 0 192
0.000000 -0.000000 -0.000000 0 192
0.000000 -0.000000 -0.000000 0 128
0.000000 -0.000000 -0.000000 0 128
0.000000 -0.000000 -0.000000 0 128
0.000000 -0.000000 -0.000000 0 128
0.000000 -0.000000 -0.000000 0 128
0.000000 -0.000000 -0.000000 0 128
0.000000 -0.000000 -0.000000 0 128
0.000000 -0.000000 -0.000000 0 192
0.000000 -0.000000 -0.000000 0 0
0.000000 -0.000000 -0.000000 0 128
0.000000 -0.000000 -0.000000 0 0
0.000000 -0.000000 -0.000000 0 128
0.000000 -0.000000 -0.000000 0 0
0.000000 -0.000000 -0.000000 0 0
-0.022000 -1.022000 -0.819000 11 0
0.000000 -0.000000 -0.000000 0 128
0.000000 -0.000000 -0.000000 0 128
-0.007000 -0.994000 -0.814000 7 0
-0.046000 -1.015000 -0.817000 10 0
0.000000 -0.000000 -0.000000 0 128
0.000000 -0.000000 -0.000000 0 0
-0.030000 -0.996000 -0.817000 10 0
-0.070000 -1.009000 -0.817000 10 0
0.000000 -0.000000 -0.000000 0 128
-0.012000 -0.985000 -0.821000 7 0
-0.052000 -0.994000 -0.818000 8 0
-0.093000 -1.004000 -0.817000 9 0
0.000000 -0.000000 -0.000000 0 0
-0.034000 -0.980000 -0.817000 10 0
-0.075000 -0.988000 -0.816000 8 0
-0.116000 -0.998000 -0.817000 9 0
-0.015000 -0.971000 -0.820000 9 0
-0.055000 -0.975000 -0.814000 7 0
-0.097000 -0.986000 -0.817000 8 0
-0.139000 -0.991000 -0.816000 9 0
-0.036000 -0.967000 -0.816000 9 0
-0.077000 -0.977000 -0.816000 7 0
-0.119000 -0.979000 -0.815000 8 0
-0.162000 -0.983000 -0.816000 8 0
-0.057000 -0.965000 -0.814000 9 0
-0.098000 -0.972000 -0.814000 7 0
-0.142000 -0.980000 -0.820000 7 0
0.000000 -0.000000 -0.000000 0 0
-0.078000 -0.963000 -0.812000 9 0
-0.120000 -0.971000 -0.816000 7 0
-0.164000 -0.973000 -0.819000 7 0
-0.207000 -0.970000 -0.819000 7 0
-0.099000 -0.964000 -0.813000 9 0
-0.142000 -0.970000 -0.817000 7 0
-0.171000 -0.894000 -0.757000 0 2
-0.229000 -0.964000 -0.821000 9 0
-0.121000 -0.970000 -0.819000 9 0
-0.163000 -0.965000 -0.816000 7 0
-0.208000 -0.966000 -0.823000 6 0
-0.250000 -0.952000 -0.818000 8 0
-0.141000 -0.965000 -0.816000 9 0
-0.171000 -0.891000 -0.757000 0 2
-0.230000 -0.961000 -0.825000 7 0
-0.274000 -0.950000 -0.825000 8 0
-0.163000 -0.968000 -0.820000 9 0
-0.207000 -0.963000 -0.822000 6 0
-0.251000 -0.953000 -0.824000 7 0
-0.295000 -0.942000 -0.827000 9 0
0.000000 -0.000000 -0.000000 0 0
-0.228000 -0.956000 -0.820000 7 0
-0.273000 -0.949000 -0.827000 7 0
-0.316000 -0.931000 -0.826000 10 0
-0.207000 -0.967000 -0.824000 8 0
-0.249000 -0.952000 -0.821000 7 0
-0.294000 -0.940000 -0.827000 7 0
-0.341000 -0.932000 -0.838000 11 0
-0.228000 -0.965000 -0.824000 9 0
-0.271000 -0.949000 -0.824000 7 0
-0.315000 -0.933000 -0.828000 8 0
-0.365000 -0.931000 -0.847000 8 0
-0.250000 -0.962000 -0.825000 9 0
-0.292000 -0.942000 -0.823000 7 0
-0.339000 -0.933000 -0.837000 10 0
-0.393000 -0.938000 -0.865000 2 64
-0.272000 -0.960000 -0.827000 9 0
-0.313000 -0.936000 -0.824000 7 0
-0.363000 -0.933000 -0.845000 7 0
0.000000 -0.000000 -0.000000 0 0
-0.294000 -0.955000 -0.827000 9 0
-0.338000 -0.939000 -0.833000 9 0
-0.388000 -0.933000 -0.856000 3 0
0.000000 -0.000000 -0.000000 0 0
-0.315000 -0.949000 -0.826000 9 0
-0.361000 -0.938000 -0.839000 8 0
-0.418000 -0.944000 -0.876000 0 0
0.000000 -0.000000 -0.000000 0 192
-0.338000 -0.949000 -0.830000 10 0
-0.387000 -0.943000 -0.852000 6 0
0.000000 -0.000000 -0.000000 0 0
0.000000 -0.000000 -0.000000 0 192
-0.361000 -0.946000 -0.834000 10 0
-0.412000 -0.943000 -0.860000 1 0
0.000000 -0.000000 -0.000000 0 0
0.000000 -0.000000 -0.000000 0 128
-0.386000 -0.949000 -0.842000 11 0
0.000000 -0.000000 -0.000000 0 0
0.000000 -0.000000 -0.000000 0 192
0.000000 -0.000000 -0.000000 0 128
-0.414000 -0.957000 -0.856000 7 0
0.000000 -0.000000 -0.000000 0 0
0.000000 -0.000000 -0.000000 0 128
-0.676000 -1.080000 -1.113000 21 0
-0.437000 -0.952000 -0.859000 1 0
0.000000 -0.000000 -0.000000 0 192
0.000000 -0.000000 -0.000000 0 128
-0.688000 -1.045000 -1.097000 39 0
0.000000 -0.000000 -0.000000 0 0
0.000000 -0.000000 -0.000000 0 192
-0.669000 -1.085000 -1.094000 6 0
-0.692000 -1.002000 -1.072000 47 0
0.000000 -0.000000 -0.000000 0 0
0.000000 -0.000000 -0.000000 0 128
-0.682000 -1.053000 -1.079000 21 0
-0.708000 -0.976000 -1.066000 13 0
0.000000 -0.000000 -0.000000 0 128
0.000000 -0.000000 -0.000000 0 128
-0.697000 -1.025000 -1.068000 9 0
-0.719000 -0.944000 -1.052000 12 0
0.000000 -0.000000 -0.000000 0 192
-0.680000 -1.064000 -1.057000 3 0
-0.699000 -0.979000 -1.039000 55 0
-0.724000 -0.907000 -1.033000 14 0
0.000000 -0.000000 -0.000000 0 128
-0.688000 -1.026000 -1.034000 15 0
-0.706000 -0.944000 -1.020000 12 0
-0.724000 -0.865000 -1.008000 13 0
0.000000 -0.000000 -0.000000 0 128
-0.706000 -1.003000 -1.028000 8 0
-0.716000 -0.913000 -1.006000 10 0
-0.735000 -0.839000 -1.001000 12 0
0.000000 -0.000000 -0.000000 0 128
-0.706000 -0.957000 -0.997000 46 0
-0.725000 -0.883000 -0.992000 12 0
-0.745000 -0.812000 -0.992000 13 0
-0.695000 -0.996000 -0.984000 0 0
-0.713000 -0.922000 -0.977000 10 0
-0.736000 -0.856000 -0.982000 11 0
-0.752000 -0.783000 -0.981000 13 0
-0.706000 -0.965000 -0.968000 25 0
-0.726000 -0.897000 -0.968000 12 0
-0.740000 -0.822000 -0.965000 11 0
-0.758000 -0.755000 -0.970000 13 0
-0.712000 -0.929000 -0.946000 11 0
-0.731000 -0.862000 -0.948000 10 0
-0.748000 -0.794000 -0.954000 11 0
-0.766000 -0.728000 -0.962000 13 0
-0.722000 -0.899000 -0.931000 13 0
-0.741000 -0.835000 -0.937000 11 0
-0.756000 -0.768000 -0.944000 12 0
-0.775000 -0.704000 -0.957000 13 0
-0.733000 -0.872000 -0.919000 13 0
-0.750000 -0.808000 -0.926000 11 0
-0.764000 -0.741000 -0.934000 12 0
-0.783000 -0.680000 -0.951000 13 0
-0.741000 -0.842000 -0.904000 13 0
-0.755000 -0.778000 -0.911000 11 0
-0.771000 -0.716000 -0.925000 12 0
-0.785000 -0.652000 -0.939000 12 0
-0.750000 -0.814000 -0.891000 13 0
-0.765000 -0.753000 -0.902000 11 0
-0.778000 -0.690000 -0.916000 12 0
-0.795000 -0.630000 -0.936000 12 0
-0.228000 -0.965000 -0.824000 9 0
-0.271000 -0.949000 -0.824000 7 0
-0.315000 -0.933000 -0.828000 8 0
-0.365000 -0.931000 -0.847000 8 0
-0.250000 -0.962000 -0.825000 9 0
-0.292000 -0.942000 -0.823000 7 0
-0.339000 -0.933000 -0.837000 10 0
-0.393000 -0.938000 -0.865000 2 64
-0.272000 -0.960000 -0.827000 9 0
-0.313000 -0.936000 -0.824000 7 0
-0.363000 -0.933000 -0.845000 7 0
0.000000 -0.000000 -0.000000 0 0
-0.294000 -0.955000 -0.827000 9 0
-0.338000 -0.939000 -0.833000 9 0
-0.388000 -0.933000 -0.856000 3 0
0.000000 -0.000000 -0.000000 0 0
-0.315000 -0.949000 -0.826000 9 0
-0.361000 -0.938000 -0.839000 8 0
-0.418000 -0.944000 -0.876000 0 0
0.000000 -0.000000 -0.000000 0 192
-0.338000 -0.949000 -0.830000 10 0
-0.387000 -0.943000 -0.852000 6 0
0.000000 -0.000000 -0.000000 0 0
0.000000 -0.000000 -0.000000 0 192
-0.361000 -0.946000 -0.834000 10 0
-0.412000 -0.943000 -0.860000 1 0
0.000000 -0.000000 -0.000000 0 0
0.000000 -0.000000 -0.000000 0 128
-0.386000 -0.949000 -0.842000 11 0
0.000000 -0.000000 -0.000000 0 0
0.000000 -0.000000 -0.000000 0 192
0.000000 -0.000000 -0.000000 0 128
-0.414000 -0.957000 -0.856000 7 0
0.000000 -0.000000 -0.000000 0 0
0.000000 -0.000000 -0.000000 0 128
-0.676000 -1.080000 -1.113000 21 0
-0.437000 -0.952000 -0.859000 1 0
0.000000 -0.000000 -0.000000 0 192
0.000000 -0.000000 -0.000000 0 128
-0.688000 -1.045000 -1.097000 39 0
0.000000 -0.000000 -0.000000 0 0
0.000000 -0.000000 -0.000000 0 192
-0.669000 -1.085000 -1.094000 6 0
-0.692000 -1.002000 -1.072000 47 0
0.000000 -0.000000 -0.000000 0 0
0.000000 -0.000000 -0.000000 0 128
-0.682000 -1.053000 -1.079000 21 0
-0.708000 -0.976000 -1.066000 13 0
0.000000 -0.000000 -0.000000 0 128
0.000000 -0.000000 -0.000000 0 128
-0.697000 -1.025000 -1.068000 9 0
-0.719000 -0.944000 -1.052000 12 0
0.000000 -0.000000 -0.000000 0 192
-0.680000 -1.064000 -1.057000 3 0
-0.699000 -0.979000 -1.039000 55 0
-0.724000 -0.907000 -1.033000 14 0
0.000000 -0.000000 -0.000000 0 128
-0.688000 -1.026000 -1.034000 15 0
-0.706000 -0.944000 -1.020000 12 0
-0.724000 -0.865000 -1.008000 13 0
0.000000 -0.000000 -0.000000 0 128
-0.706000 -1.003000 -1.028000 8 0
-0.716000 -0.913000 -1.006000 10 0
-0.735000 -0.839000 -1.001000 12 0
0.000000 -0.000000 -0.000000 0 128
-0.706000 -0.957000 -0.997000 46 0
-0.725000 -0.883000 -0.992000 12 0
-0.745000 -0.812000 -0.992000 13 0
-0.695000 -0.996000 -0.984000 0 0
-0.713000 -0.922000 -0.977000 10 0
-0.736000 -0.856000 -0.982000 11 0
-0.752000 -0.783000 -0.981000 13 0
-0.706000 -0.965000 -0.968000 25 0
-0.726000 -0.897000 -0.968000 12 0
-0.740000 -0.822000 -0.965000 11 0
-0.758000 -0.755000 -0.970000 13 0
-0.712000 -0.929000 -0.946000 11 0
-0.731000 -0.862000 -0.948000 10 0
-0.748000 -0.794000 -0.954000 11 0
-0.766000 -0.728000 -0.962000 13 0
-0.722000 -0.899000 -0.931000 13 0
-0.741000 -0.835000 -0.937000 11 0
-0.756000 -0.768000 -0.944000 12 0
-0.775000 -0.704000 -0.957000 13 0
-0.733000 -0.872000 -0.919000 13 0
-0.750000 -0.808000 -0.926000 11 0
-0.764000 -0.741000 -0.934000 12 0
-0.783000 -0.680000 -0.951000 13 0
-0.741000 -0.842000 -0.904000 13 0
-0.755000 -0.778000 -0.911000 11 0
-0.771000 -0.716000 -0.925000 12 0
-0.785000 -0.652000 -0.939000 12 0
-0.750000 -0.814000 -0.891000 13 0
-0.765000 -0.753000 -0.902000 11 0
-0.778000 -0.690000 -0.916000 12 0
-0.795000 -0.630000 -0.936000 12 0
-0.758000 -0.786000 -0.878000 13 0
-0.773000 -0.728000 -0.893000 12 0
-0.786000 -0.666000 -0.909000 12 0
-0.800000 -0.605000 -0.930000 12 0
-0.766000 -0.760000 -0.867000 13 0
-0.781000 -0.703000 -0.884000 12 0
-0.794000 -0.643000 -0.904000 12 0
-0.806000 -0.582000 -0.925000 12 0
-0.773000 -0.732000 -0.854000 12 0
-0.788000 -0.677000 -0.874000 12 0
-0.801000 -0.619000 -0.897000 12 0
-0.811000 -0.558000 -0.919000 12 0
-0.781000 -0.707000 -0.845000 12 0
-0.791000 -0.649000 -0.862000 14 0
-0.809000 -0.597000 -0.893000 12 0
-0.818000 -0.536000 -0.916000 12 0
-0.792000 -0.685000 -0.839000 12 0
-0.800000 -0.627000 -0.856000 14 0
-0.815000 -0.574000 -0.887000 12 0
-0.828000 -0.517000 -0.917000 12 0
-0.791000 -0.653000 -0.820000 15 0
-0.808000 -0.604000 -0.850000 14 0
-0.819000 -0.550000 -0.879000 14 0
-0.821000 -0.487000 -0.900000 8 0
-0.800000 -0.630000 -0.814000 16 0
-0.815000 -0.581000 -0.844000 14 0
-0.823000 -0.526000 -0.873000 14 0
-0.836000 -0.471000 -0.908000 7 64
-0.803000 -0.604000 -0.803000 16 0
-0.821000 -0.558000 -0.837000 15 0
-0.818000 -0.498000 -0.857000 6 0
-0.837000 -0.448000 -0.901000 5 64
-0.810000 -0.580000 -0.796000 16 0
-0.821000 -0.531000 -0.826000 14 0
-0.653000 -0.377000 -0.676000 0 0
-0.842000 -0.426000 -0.899000 6 64
-0.817000 -0.557000 -0.789000 16 0
-0.827000 -0.509000 -0.820000 14 0
-0.670000 -0.367000 -0.686000 0 0
-0.843000 -0.404000 -0.893000 7 64
-0.821000 -0.533000 -0.781000 16 0
-0.832000 -0.486000 -0.815000 14 0
-0.709000 -0.368000 -0.718000 0 0
-0.845000 -0.382000 -0.889000 7 64
-0.826000 -0.509000 -0.773000 16 0
-0.843000 -0.467000 -0.815000 15 0
-0.754000 -0.371000 -0.757000 0 0
-0.848000 -0.361000 -0.887000 9 64
-0.834000 -0.488000 -0.769000 16 0
-0.844000 -0.443000 -0.806000 14 0
-0.782000 -0.363000 -0.778000 1 0
0.000000 -0.000000 -0.000000 0 0
-0.836000 -0.463000 -0.760000 16 0
-0.847000 -0.421000 -0.801000 14 0
-0.749000 -0.328000 -0.739000 2 0
0.000000 -0.000000 -0.000000 0 128
-0.844000 -0.443000 -0.758000 20 0
-0.853000 -0.400000 -0.798000 14 0
-0.862000 -0.355000 -0.845000 5 0
0.000000 -0.000000 -0.000000 0 0
-0.847000 -0.420000 -0.751000 16 0
-0.856000 -0.378000 -0.794000 14 0
0.000000 -0.000000 -0.000000 0 0
0.000000 -0.000000 -0.000000 0 0
-0.854000 -0.399000 -0.749000 20 0
-0.858000 -0.356000 -0.788000 7 0
0.000000 -0.000000 -0.000000 0 0
-0.876000 -0.264000 -0.893000 6 0
-0.857000 -0.377000 -0.744000 17 0
0.000000 -0.000000 -0.000000 0 0
0.000000 -0.000000 -0.000000 0 0
-0.881000 -0.245000 -0.895000 11 64
-0.865000 -0.356000 -0.743000 10 0
0.000000 -0.000000 -0.000000 0 0
0.000000 -0.000000 -0.000000 0 0
-0.886000 -0.225000 -0.897000 11 0
0.000000 -0.000000 -0.000000 0 0
0.000000 -0.000000 -0.000000 0 0
0.000000 -0.000000 -0.000000 0 0
-0.891000 -0.206000 -0.900000 11 64
0.000000 -0.000000 -0.000000 0 0
-0.882000 -0.275000 -0.786000 4 0
-0.692000 -0.181000 -0.654000 1 0
-0.896000 -0.187000 -0.903000 11 64
0.000000 -0.000000 -0.000000 0 0
-0.889000 -0.255000 -0.787000 16 0
-0.682000 -0.163000 -0.643000 0 0
-0.903000 -0.168000 -0.909000 11 64
-0.890000 -0.273000 -0.739000 9 0
-0.887000 -0.232000 -0.781000 14 0
-0.693000 -0.149000 -0.651000 0 0
-0.915000 -0.150000 -0.919000 12 0
-0.891000 -0.251000 -0.734000 17 0
-0.891000 -0.212000 -0.781000 14 0
-0.697000 -0.134000 -0.653000 0 0
-0.910000 -0.129000 -0.914000 11 0
-0.758000 -0.786000 -0.878000 13 0
-0.773000 -0.728000 -0.893000 12 0
-0.786000 -0.666000 -0.909000 12 0
-0.800000 -0.605000 -0.930000 12 0
-0.766000 -0.760000 -0.867000 13 0
-0.781000 -0.703000 -0.884000 12 0
-0.794000 -0.643000 -0.904000 12 0
-0.806000 -0.582000 -0.925000 12 0
-0.773000 -0.732000 -0.854000 12 0
-0.788000 -0.677000 -0.874000 12 0
-0.801000 -0.619000 -0.897000 12 0
-0.811000 -0.558000 -0.919000 12 0
-0.781000 -0.707000 -0.845000 12 0
-0.791000 -0.649000 -0.862000 14 0
-0.809000 -0.597000 -0.893000 12 0
-0.818000 -0.536000 -0.916000 12 0
-0.792000 -0.685000 -0.839000 12 0
-0.800000 -0.627000 -0.856000 14 0
-0.815000 -0.574000 -0.887000 12 0
-0.828000 -0.517000 -0.917000 12 0
-0.791000 -0.653000 -0.820000 15 0
-0.808000 -0.604000 -0.850000 14 0
-0.819000 -0.550000 -0.879000 14 0
-0.821000 -0.487000 -0.900000 8 0
-0.800000 -0.630000 -0.814000 16 0
-0.815000 -0.581000 -0.844000 14 0
-0.823000 -0.526000 -0.873000 14 0
-0.836000 -0.471000 -0.908000 7 64
-0.803000 -0.604000 -0.803000 16 0
-0.821000 -0.558000 -0.837000 15 0
-0.818000 -0.498000 -0.857000 6 0
-0.837000 -0.448000 -0.901000 5 64
-0.810000 -0.580000 -0.796000 16 0
-0.821000 -0.531000 -0.826000 14 0
-0.653000 -0.377000 -0.676000 0 0
-0.842000 -0.426000 -0.899000 6 64
-0.817000 -0.557000 -0.789000 16 0
-0.827000 -0.509000 -0.820000 14 0
-0.670000 -0.367000 -0.686000 0 0
-0.843000 -0.404000 -0.893000 7 64
-0.821000 -0.533000 -0.781000 16 0
-0.832000 -0.486000 -0.815000 14 0
-0.709000 -0.368000 -0.718000 0 0
-0.845000 -0.382000 -0.889000 7 64
-0.826000 -0.509000 -0.773000 16 0
-0.843000 -0.467000 -0.815000 15 0
-0.754000 -0.371000 -0.757000 0 0
-0.848000 -0.361000 -0.887000 9 64
-0.834000 -0.488000 -0.769000 16 0
-0.844000 -0.443000 -0.806000 14 0
-0.782000 -0.363000 -0.778000 1 0
0.000000 -0.000000 -0.000000 0 0
-0.836000 -0.463000 -0.760000 16 0
-0.847000 -0.421000 -0.801000 14 0
-0.749000 -0.328000 -0.739000 2 0
0.000000 -0.000000 -0.000000 0 128
-0.844000 -0.443000 -0.758000 20 0
-0.853000 -0.400000 -0.798000 14 0
-0.862000 -0.355000 -0.845000 5 0
0.000000 -0.000000 -0.000000 0 0
-0.847000 -0.420000 -0.751000 16 0
-0.856000 -0.378000 -0.794000 14 0
0.000000 -0.000000 -0.000000 0 0
0.000000 -0.000000 -0.000000 0 0
-0.854000 -0.399000 -0.749000 20 0
-0.858000 -0.356000 -0.788000 7 0
0.000000 -0.000000 -0.000000 0 0
-0.876000 -0.264000 -0.893000 6 0
-0.857000 -0.377000 -0.744000 17 0
0.000000 -0.000000 -0.000000 0 0
0.000000 -0.000000 -0.000000 0 0
-0.881000 -0.245000 -0.895000 11 64
-0.865000 -0.356000 -0.743000 10 0
0.000000 -0.000000 -0.000000 0 0
0.000000 -0.000000 -0.000000 0 0
-0.886000 -0.225000 -0.897000 11 0
0.000000 -0.000000 -0.000000 0 0
0.000000 -0.000000 -0.000000 0 0
0.000000 -0.000000 -0.000000 0 0
-0.891000 -0.206000 -0.900000 11 64
0.000000 -0.000000 -0.000000 0 0
-0.882000 -0.275000 -0.786000 4 0
-0.692000 -0.181000 -0.654000 1 0
-0.896000 -0.187000 -0.903000 11 64
0.000000 -0.000000 -0.000000 0 0
-0.889000 -0.255000 -0.787000 16 0
-0.682000 -0.163000 -0.643000 0 0
-0.903000 -0.168000 -0.909000 11 64
-0.890000 -0.273000 -0.739000 9 0
-0.887000 -0.232000 -0.781000 14 0
-0.693000 -0.149000 -0.651000 0 0
-0.915000 -0.150000 -0.919000 12 0
-0.891000 -0.251000 -0.734000 17 0
-0.891000 -0.212000 -0.781000 14 0
-0.697000 -0.134000 -0.653000 0 0
-0.910000 -0.129000 -0.914000 11 0
-0.896000 -0.230000 -0.734000 18 0
-0.902000 -0.193000 -0.788000 14 0
-0.767000 -0.130000 -0.716000 0 2
-0.920000 -0.110000 -0.924000 12 64
-0.897000 -0.208000 -0.731000 17 0
-0.905000 -0.172000 -0.787000 14 0
-0.907000 -0.133000 -0.846000 9 0
-0.923000 -0.090000 -0.927000 12 64
-0.895000 -0.185000 -0.726000 13 0
-0.913000 -0.152000 -0.792000 14 0
-0.920000 -0.114000 -0.857000 14 0
-0.927000 -0.071000 -0.931000 12 64
-0.909000 -0.166000 -0.734000 8 64
-0.920000 -0.132000 -0.795000 9 0
-0.924000 -0.094000 -0.859000 10 0
-0.930000 -0.051000 -0.935000 12 64
-0.887000 -0.141000 -0.713000 1 64
-0.920000 -0.111000 -0.794000 5 64
-0.923000 -0.073000 -0.858000 8 0
-0.928000 -0.031000 -0.934000 11 64
0.000000 -0.000000 -0.000000 0 0
0.000000 -0.000000 -0.000000 0 0
-0.930000 -0.053000 -0.865000 5 64
-0.928000 -0.011000 -0.936000 9 64
0.000000 -0.000000 -0.000000 0 0
0.000000 -0.000000 -0.000000 0 0
-0.891000 -0.031000 -0.829000 0 64
-0.942000 0.008000 -0.952000 5 64
0.000000 -0.000000 -0.000000 0 0
0.000000 -0.000000 -0.000000 0 0
0.000000 -0.000000 -0.000000 0 0
-0.924000 0.027000 -0.936000 1 64
-0.907000 -0.058000 -0.723000 1 64
0.000000 -0.000000 -0.000000 0 192
0.000000 -0.000000 -0.000000 0 0
0.000000 -0.000000 -0.000000 0 0
-0.939000 -0.038000 -0.748000 7 64
0.000000 -0.000000 -0.000000 0 192
0.000000 -0.000000 -0.000000 0 192
0.000000 -0.000000 -0.000000 0 192
-0.947000 -0.016000 -0.754000 10 0
0.000000 -0.000000 -0.000000 0 0
0.000000 -0.000000 -0.000000 0 192
0.000000 -0.000000 -0.000000 0 0
-0.945000 0.006000 -0.753000 15 0
-0.951000 0.037000 -0.820000 7 0
0.000000 -0.000000 -0.000000 0 0
0.000000 -0.000000 -0.000000 0 0
-0.948000 0.028000 -0.756000 19 0
-0.963000 0.059000 -0.833000 10 0
-0.961000 0.092000 -0.905000 6 0
-0.955000 0.130000 -0.984000 2 64
-0.957000 0.051000 -0.764000 15 0
-0.965000 0.082000 -0.837000 14 0
-0.963000 0.114000 -0.910000 9 0
-0.966000 0.153000 -1.000000 8 64
-0.959000 0.074000 -0.768000 15 0
-0.969000 0.104000 -0.843000 14 0
-0.971000 0.137000 -0.921000 11 0
-0.972000 0.175000 -1.012000 11 0
-0.967000 0.097000 -0.777000 15 0
-0.975000 0.128000 -0.851000 14 0
-0.976000 0.159000 -0.930000 12 0
-0.970000 0.195000 -1.015000 9 0
-0.973000 0.121000 -0.784000 15 0
-0.973000 0.150000 -0.854000 14 0
-0.978000 0.182000 -0.937000 12 0
-0.968000 0.216000 -1.018000 0 0
-0.975000 0.145000 -0.789000 15 0
-0.978000 0.174000 -0.862000 14 0
-0.974000 0.203000 -0.939000 1 0
-0.975000 0.240000 -1.033000 5 0
-0.974000 0.168000 -0.792000 16 0
-0.979000 0.197000 -0.868000 5 0
-0.976000 0.226000 -0.946000 0 0
-1.057000 0.283000 -1.126000 0 0
-0.987000 0.195000 -0.807000 7 0
-0.978000 0.220000 -0.872000 1 0
-1.003000 0.256000 -0.978000 0 0
-1.071000 0.311000 -1.149000 6 0
-0.985000 0.219000 -0.810000 1 0
-0.989000 0.247000 -0.888000 1 0
-1.070000 0.298000 -1.051000 7 0
-1.075000 0.337000 -1.163000 6 0
-0.991000 0.245000 -0.820000 1 0
-1.082000 0.296000 -0.978000 1 0
-1.088000 0.329000 -1.077000 1 0
-1.077000 0.362000 -1.174000 6 0
-1.077000 0.294000 -0.899000 2 0
-1.083000 0.323000 -0.986000 7 0
-1.083000 0.354000 -1.080000 6 0
-1.084000 0.390000 -1.191000 4 0
-1.092000 0.326000 -0.918000 1 0
-1.105000 0.358000 -1.016000 1 0
-1.092000 0.383000 -1.098000 0 0
-1.086000 0.417000 -1.204000 6 0
-0.896000 -0.230000 -0.734000 18 0
-0.902000 -0.193000 -0.788000 14 0
-0.767000 -0.130000 -0.716000 0 2
-0.920000 -0.110000 -0.924000 12 64
-0.897000 -0.208000 -0.731000 17 0
-0.905000 -0.172000 -0.787000 14 0
-0.907000 -0.133000 -0.846000 9 0
-0.923000 -0.090000 -0.927000 12 64
-0.895000 -0.185000 -0.726000 13 0
-0.913000 -0.152000 -0.792000 14 0
-0.920000 -0.114000 -0.857000 14 0
-0.927000 -0.071000 -0.931000 12 64
-0.909000 -0.166000 -0.734000 8 64
-0.920000 -0.132000 -0.795000 9 0
-0.924000 -0.094000 -0.859000 10 0
-0.930000 -0.051000 -0.935000 12 64
-0.887000 -0.141000 -0.713000 1 64
-0.920000 -0.111000 -0.794000 5 64
-0.923000 -0.073000 -0.858000 8 0
-0.928000 -0.031000 -0.934000 11 64
0.000000 -0.000000 -0.000000 0 0
0.000000 -0.000000 -0.000000 0 0
-0.930000 -0.053000 -0.865000 5 64
-0.928000 -0.011000 -0.936000 9 64
0.000000 -0.000000 -0.000000 0 0
0.000000 -0.000000 -0.000000 0 0
-0.891000 -0.031000 -0.829000 0 64
-0.942000 0.008000 -0.952000 5 64
0.000000 -0.000000 -0.000000 0 0
0.000000 -0.000000 -0.000000 0 0
0.000000 -0.000000 -0.000000 0 0
-0.924000 0.027000 -0.936000 1 64
-0.907000 -0.058000 -0.723000 1 64
0.000000 -0.000000 -0.000000 0 192
0.000000 -0.000000 -0.000000 0 0
0.000000 -0.000000 -0.000000 0 0
-0.939000 -0.038000 -0.748000 7 64
0.000000 -0.000000 -0.000000 0 192
0.000000 -0.000000 -0.000000 0 192
0.000000 -0.000000 -0.000000 0 192
-0.947000 -0.016000 -0.754000 10 0
0.000000 -0.000000 -0.000000 0 0
0.000000 -0.000000 -0.000000 0 192
0.000000 -0.000000 -0.000000 0 0
-0.945000 0.006000 -0.753000 15 0
-0.951000 0.037000 -0.820000 7 0
0.000000 -0.000000 -0.000000 0 0
0.000000 -0.000000 -0.000000 0 0
-0.948000 0.028000 -0.756000 19 0
-0.963000 0.059000 -0.833000 10 0
-0.961000 0.092000 -0.905000 6 0
-0.955000 0.130000 -0.984000 2 64
-0.957000 0.051000 -0.764000 15 0
-0.965000 0.082000 -0.837000 14 0
-0.963000 0.114000 -0.910000 9 0
-0.966000 0.153000 -1.000000 8 64
-0.959000 0.074000 -0.768000 15 0
-0.969000 0.104000 -0.843000 14 0
-0.971000 0.137000 -0.921000 11 0
-0.972000 0.175000 -1.012000 11 0
-0.967000 0.097000 -0.777000 15 0
-0.975000 0.128000 -0.851000 14 0
-0.976000 0.159000 -0.930000 12 0
-0.970000 0.195000 -1.015000 9 0
-0.973000 0.121000 -0.784000 15 0
-0.973000 0.150000 -0.854000 14 0
-0.978000 0.182000 -0.937000 12 0
-0.968000 0.216000 -1.018000 0 0
-0.975000 0.145000 -0.789000 15 0
-0.978000 0.174000 -0.862000 14 0
-0.974000 0.203000 -0.939000 1 0
-0.975000 0.240000 -1.033000 5 0
-0.974000 0.168000 -0.792000 16 0
-0.979000 0.197000 -0.868000 5 0
-0.976000 0.226000 -0.946000 0 0
-1.057000 0.283000 -1.126000 0 0
-0.987000 0.195000 -0.807000 7 0
-0.978000 0.220000 -0.872000 1 0
-1.003000 0.256000 -0.978000 0 0
-1.071000 0.311000 -1.149000 6 0
-0.985000 0.219000 -0.810000 1 0
-0.989000 0.247000 -0.888000 1 0
-1.070000 0.298000 -1.051000 7 0
-1.075000 0.337000 -1.163000 6 0
-0.991000 0.245000 -0.820000 1 0
-1.082000 0.296000 -0.978000 1 0
-1.088000 0.329000 -1.077000 1 0
-1.077000 0.362000 -1.174000 6 0
-1.077000 0.294000 -0.899000 2 0
-1.083000 0.323000 -0.986000 7 0
-1.083000 0.354000 -1.080000 6 0
-1.084000 0.390000 -1.191000 4 0
-1.092000 0.326000 -0.918000 1 0
-1.105000 0.358000 -1.016000 1 0
-1.092000 0.383000 -1.098000 0 0
-1.086000 0.417000 -1.204000 6 0
-1.098000 0.356000 -0.931000 6 0
-1.088000 0.380000 -1.008000 6 0
-1.093000 0.411000 -1.110000 7 0
-1.096000 0.447000 -1.226000 7 0
-1.101000 0.386000 -0.943000 1 0
-1.104000 0.414000 -1.033000 1 0
-1.106000 0.443000 -1.133000 0 0
-1.107000 0.478000 -1.249000 8 0
-1.102000 0.416000 -0.953000 7 0
-1.105000 0.444000 -1.045000 6 0
-1.100000 0.469000 -1.139000 6 0
-1.111000 0.508000 -1.267000 11 0
-1.115000 0.452000 -0.975000 1 0
-1.126000 0.482000 -1.076000 1 0
-1.108000 0.501000 -1.159000 6 0
-1.105000 0.533000 -1.273000 15 0
-1.117000 0.483000 -0.988000 7 0
-1.113000 0.507000 -1.076000 6 0
-1.118000 0.536000 -1.182000 6 0
-1.092000 0.555000 -1.271000 14 0
-1.120000 0.517000 -1.003000 0 0
-1.122000 0.542000 -1.097000 7 0
-1.121000 0.568000 -1.199000 6 0
-1.080000 0.578000 -1.272000 13 0
-1.127000 0.553000 -1.022000 8 0
-1.130000 0.578000 -1.119000 6 0
-1.137000 0.607000 -1.231000 6 0
-1.064000 0.598000 -1.268000 13 0
-1.137000 0.592000 -1.046000 7 0
-1.140000 0.617000 -1.144000 6 0
-1.148000 0.646000 -1.259000 9 0
-1.054000 0.621000 -1.271000 14 0
-1.142000 0.629000 -1.066000 7 0
-1.146000 0.654000 -1.166000 5 0
-1.146000 0.678000 -1.273000 15 0
-1.037000 0.640000 -1.266000 13 0
-1.149000 0.669000 -1.089000 7 0
-1.154000 0.695000 -1.192000 6 0
-1.128000 0.701000 -1.272000 14 0
-1.023000 0.661000 -1.266000 14 0
-1.165000 0.716000 -1.122000 6 0
-1.160000 0.735000 -1.217000 6 0
-1.112000 0.725000 -1.272000 15 0
-1.012000 0.684000 -1.270000 15 0
-1.172000 0.760000 -1.148000 6 0
-1.174000 0.781000 -1.251000 10 0
-1.094000 0.748000 -1.271000 16 0
-0.995000 0.703000 -1.266000 14 0
-1.184000 0.808000 -1.180000 4 0
-1.166000 0.815000 -1.264000 14 0
-1.075000 0.770000 -1.268000 14 0
-0.980000 0.723000 -1.266000 14 0
-1.193000 0.857000 -1.212000 6 0
-1.144000 0.840000 -1.263000 14 0
-1.057000 0.792000 -1.268000 14 0
-0.965000 0.743000 -1.266000 14 0
-1.205000 0.910000 -1.248000 10 0
-1.124000 0.865000 -1.264000 14 0
-1.039000 0.815000 -1.268000 13 0
-0.949000 0.762000 -1.265000 14 0
-1.192000 0.945000 -1.260000 15 0
-1.103000 0.890000 -1.264000 15 0
-1.019000 0.835000 -1.266000 13 0
-0.935000 0.784000 -1.267000 15 0
-1.169000 0.973000 -1.263000 15 0
-1.078000 0.911000 -1.261000 13 0
-0.997000 0.854000 -1.262000 14 0
-0.919000 0.803000 -1.267000 15 0
-1.141000 0.997000 -1.261000 15 0
-1.055000 0.933000 -1.260000 13 0
-0.979000 0.877000 -1.264000 14 0
-0.898000 0.818000 -1.260000 15 0
-1.111000 1.017000 -1.256000 17 0
-1.030000 0.954000 -1.258000 15 0
-0.956000 0.894000 -1.259000 15 0
-0.885000 0.840000 -1.265000 14 0
-1.085000 1.042000 -1.258000 16 0
-1.007000 0.976000 -1.258000 13 0
-0.935000 0.913000 -1.258000 15 0
-0.866000 0.857000 -1.263000 14 0
-1.055000 1.063000 -1.255000 15 0
-0.982000 0.997000 -1.258000 14 0
-0.914000 0.933000 -1.258000 15 0
-0.849000 0.875000 -1.263000 14 0
-1.026000 1.084000 -1.254000 16 0
-0.959000 1.019000 -1.259000 14 0
-0.893000 0.952000 -1.257000 15 0
-0.831000 0.893000 -1.262000 14 0
-0.997000 1.105000 -1.254000 14 0
-0.933000 1.038000 -1.258000 13 0
-0.868000 0.967000 -1.252000 15 0
-0.807000 0.903000 -1.252000 17 0
-0.968000 1.125000 -1.253000 15 0
-0.905000 1.054000 -1.254000 13 0
-0.848000 0.987000 -1.254000 16 0
-0.791000 0.923000 -1.256000 15 0
-1.098000 0.356000 -0.931000 6 0
-1.088000 0.380000 -1.008000 6 0
-1.093000 0.411000 -1.110000 7 0
-1.096000 0.447000 -1.226000 7 0
-1.101000 0.386000 -0.943000 1 0
-1.104000 0.414000 -1.033000 1 0
-1.106000 0.443000 -1.133000 0 0
-1.107000 0.478000 -1.249000 8 0
-1.102000 0.416000 -0.953000 7 0
-1.105000 0.444000 -1.045000 6 0
-1.100000 0.469000 -1.139000 6 0
-1.111000 0.508000 -1.267000 11 0
-1.115000 0.452000 -0.975000 1 0
-1.126000 0.482000 -1.076000 1 0
-1.108000 0.501000 -1.159000 6 0
-1.105000 0.533000 -1.273000 15 0
-1.117000 0.483000 -0.988000 7 0
-1.113000 0.507000 -1.076000 6 0
-1.118000 0.536000 -1.182000 6 0
-1.092000 0.555000 -1.271000 14 0
-1.120000 0.517000 -1.003000 0 0
-1.122000 0.542000 -1.097000 7 0
-1.121000 0.568000 -1.199000 6 0
-1.080000 0.578000 -1.272000 13 0
-1.127000 0.553000 -1.022000 8 0
-1.130000 0.578000 -1.119000 6 0
-1.137000 0.607000 -1.231000 6 0
-1.064000 0.598000 -1.268000 13 0
-1.137000 0.592000 -1.046000 7 0
-1.140000 0.617000 -1.144000 6 0
-1.148000 0.646000 -1.259000 9 0
-1.054000 0.621000 -1.271000 14 0
-1.142000 0.629000 -1.066000 7 0
-1.146000 0.654000 -1.166000 5 0
-1.146000 0.678000 -1.273000 15 0
-1.037000 0.640000 -1.266000 13 0
-1.149000 0.669000 -1.089000 7 0
-1.154000 0.695000 -1.192000 6 0
-1.128000 0.701000 -1.272000 14 0
-1.023000 0.661000 -1.266000 14 0
-1.165000 0.716000 -1.122000 6 0
-1.160000 0.735000 -1.217000 6 0
-1.112000 0.725000 -1.272000 15 0
-1.012000 0.684000 -1.270000 15 0
-1.172000 0.760000 -1.148000 6 0
-1.174000 0.781000 -1.251000 10 0
-1.094000 0.748000 -1.271000 16 0
-0.995000 0.703000 -1.266000 14 0
-1.184000 0.808000 -1.180000 4 0
-1.166000 0.815000 -1.264000 14 0
-1.075000 0.770000 -1.268000 14 0
-0.980000 0.723000 -1.266000 14 0
-1.193000 0.857000 -1.212000 6 0
-1.144000 0.840000 -1.263000 14 0
-1.057000 0.792000 -1.268000 14 0
-0.965000 0.743000 -1.266000 14 0
-1.205000 0.910000 -1.248000 10 0
-1.124000 0.865000 -1.264000 14 0
-1.039000 0.815000 -1.268000 13 0
-0.949000 0.762000 -1.265000 14 0
-1.192000 0.945000 -1.260000 15 0
-1.103000 0.890000 -1.264000 15 0
-1.019000 0.835000 -1.266000 13 0
-0.935000 0.784000 -1.267000 15 0
-1.169000 0.973000 -1.263000 15 0
-1.078000 0.911000 -1.261000 13 0
-0.997000 0.854000 -1.262000 14 0
-0.919000 0.803000 -1.267000 15 0
-1.141000 0.997000 -1.261000 15 0
-1.055000 0.933000 -1.260000 13 0
-0.979000 0.877000 -1.264000 14 0
-0.898000 0.818000 -1.260000 15 0
-1.111000 1.017000 -1.256000 17 0
-1.030000 0.954000 -1.258000 15 0
-0.956000 0.894000 -1.259000 15 0
-0.885000 0.840000 -1.265000 14 0
-1.085000 1.042000 -1.258000 16 0
-1.007000 0.976000 -1.258000 13 0
-0.935000 0.913000 -1.258000 15 0
-0.866000 0.857000 -1.263000 14 0
-1.055000 1.063000 -1.255000 15 0
-0.982000 0.997000 -1.258000 14 0
-0.914000 0.933000 -1.258000 15 0
-0.849000 0.875000 -1.263000 14 0
-1.026000 1.084000 -1.254000 16 0
-0.959000 1.019000 -1.259000 14 0
-0.893000 0.952000 -1.257000 15 0
-0.831000 0.893000 -1.262000 14 0
-0.997000 1.105000 -1.254000 14 0
-0.933000 1.038000 -1.258000 13 0
-0.868000 0.967000 -1.252000 15 0
-0.807000 0.903000 -1.252000 17 0
-0.968000 1.125000 -1.253000 15 0
-0.905000 1.054000 -1.254000 13 0
-0.848000 0.987000 -1.254000 16 0
-0.791000 0.923000 -1.256000 15 0
-0.936000 1.143000 -1.250000 14 0
-0.878000 1.072000 -1.253000 16 0
-0.825000 1.003000 -1.253000 16 0
-0.771000 0.938000 -1.254000 19 0
-0.906000 1.162000 -1.250000 14 0
-0.851000 1.087000 -1.250000 16 0
-0.803000 1.022000 -1.254000 18 0
-0.751000 0.954000 -1.253000 19 0
-0.873000 1.175000 -1.245000 17 0
-0.824000 1.105000 -1.250000 18 0
-0.780000 1.038000 -1.253000 17 0
-0.730000 0.967000 -1.249000 17 0
-0.843000 1.193000 -1.246000 18 0
-0.796000 1.119000 -1.246000 17 0
-0.755000 1.051000 -1.249000 17 0
-0.712000 0.985000 -1.251000 19 0
-0.810000 1.206000 -1.243000 17 0
-0.769000 1.136000 -1.247000 17 0
-0.730000 1.064000 -1.246000 20 0
-0.691000 0.999000 -1.250000 20 0
-0.780000 1.224000 -1.245000 16 0
-0.742000 1.150000 -1.246000 21 0
-0.707000 1.081000 -1.247000 20 0
-0.672000 1.015000 -1.250000 20 0
-0.747000 1.235000 -1.242000 18 0
-0.713000 1.163000 -1.244000 19 0
-0.684000 1.097000 -1.249000 18 0
-0.650000 1.029000 -1.248000 21 0
-0.716000 1.249000 -1.242000 16 0
-0.686000 1.178000 -1.245000 18 0
-0.656000 1.105000 -1.241000 17 0
-0.630000 1.043000 -1.248000 20 0
-0.682000 1.259000 -1.238000 15 0
-0.658000 1.192000 -1.245000 21 0
-0.633000 1.122000 -1.244000 21 0
-0.608000 1.055000 -1.246000 20 0
-0.651000 1.273000 -1.240000 15 0
-0.629000 1.204000 -1.244000 18 0
-0.607000 1.133000 -1.242000 20 0
-0.587000 1.070000 -1.246000 19 0
-0.618000 1.283000 -1.238000 16 0
-0.600000 1.215000 -1.244000 19 0
-0.583000 1.146000 -1.242000 20 0
-0.565000 1.083000 -1.246000 20 0
-0.584000 1.290000 -1.235000 14 0
-0.571000 1.225000 -1.242000 20 0
-0.558000 1.158000 -1.242000 20 0
-0.543000 1.094000 -1.244000 20 0
-0.552000 1.300000 -1.236000 15 0
-0.541000 1.233000 -1.240000 19 0
-0.531000 1.168000 -1.240000 18 0
-0.521000 1.107000 -1.244000 20 0
-0.517000 1.303000 -1.230000 14 0
-0.513000 1.244000 -1.241000 20 0
-0.505000 1.178000 -1.238000 21 0
-0.496000 1.114000 -1.238000 18 0
-0.484000 1.310000 -1.229000 17 0
-0.481000 1.248000 -1.235000 19 0
-0.480000 1.189000 -1.238000 21 0
-0.474000 1.127000 -1.239000 22 0
-0.453000 1.319000 -1.231000 17 0
-0.452000 1.256000 -1.234000 20 0
-0.453000 1.197000 -1.237000 20 0
-0.450000 1.136000 -1.236000 18 0
-0.420000 1.325000 -1.231000 16 0
-0.422000 1.261000 -1.231000 21 0
-0.428000 1.209000 -1.239000 21 0
-0.429000 1.151000 -1.241000 15 0
-0.388000 1.330000 -1.231000 17 0
-0.393000 1.269000 -1.232000 22 0
-0.401000 1.218000 -1.238000 21 0
-0.404000 1.158000 -1.237000 17 0
-0.355000 1.334000 -1.230000 18 0
-0.363000 1.277000 -1.233000 17 0
-0.373000 1.222000 -1.234000 17 0
-0.380000 1.166000 -1.234000 19 0
-0.322000 1.335000 -1.228000 15 0
-0.333000 1.280000 -1.230000 18 0
-0.347000 1.231000 -1.234000 16 0
-0.356000 1.177000 -1.235000 19 0
-0.289000 1.337000 -1.227000 15 0
-0.302000 1.280000 -1.226000 16 0
-0.320000 1.237000 -1.234000 17 0
-0.332000 1.185000 -1.233000 18 0
-0.257000 1.339000 -1.227000 16 0
-0.273000 1.286000 -1.227000 15 0
-0.292000 1.242000 -1.232000 16 0
-0.307000 1.191000 -1.231000 18 0
-0.223000 1.335000 -1.223000 10 0
-0.243000 1.285000 -1.223000 10 0
-0.264000 1.243000 -1.226000 16 0
-0.282000 1.200000 -1.231000 19 0
0.000000 -0.000000 -0.000000 0 0
0.000000 -0.000000 -0.000000 0 0
-0.231000 1.215000 -1.193000 0 0
-0.257000 1.206000 -1.228000 11 0
-0.936000 1.143000 -1.250000 14 0
-0.878000 1.072000 -1.253000 16 0
-0.825000 1.003000 -1.253000 16 0
-0.771000 0.938000 -1.254000 19 0
-0.906000 1.162000 -1.250000 14 0
-0.851000 1.087000 -1.250000 16 0
-0.803000 1.022000 -1.254000 18 0
-0.751000 0.954000 -1.253000 19 0
-0.873000 1.175000 -1.245000 17 0
-0.824000 1.105000 -1.250000 18 0
-0.780000 1.038000 -1.253000 17 0
-0.730000 0.967000 -1.249000 17 0
-0.843000 1.193000 -1.246000 18 0
-0.796000 1.119000 -1.246000 17 0
-0.755000 1.051000 -1.249000 17 0
-0.712000 0.985000 -1.251000 19 0
-0.810000 1.206000 -1.243000 17 0
-0.769000 1.136000 -1.247000 17 0
-0.730000 1.064000 -1.246000 20 0
-0.691000 0.999000 -1.250000 20 0
-0.780000 1.224000 -1.245000 16 0
-0.742000 1.150000 -1.246000 21 0
-0.707000 1.081000 -1.247000 20 0
-0.672000 1.015000 -1.250000 20 0
-0.747000 1.235000 -1.242000 18 0
-0.713000 1.163000 -1.244000 19 0
-0.684000 1.097000 -1.249000 18 0
-0.650000 1.029000 -1.248000 21 0
-0.716000 1.249000 -1.242000 16 0
-0.686000 1.178000 -1.245000 18 0
-0.656000 1.105000 -1.241000 17 0
-0.630000 1.043000 -1.248000 20 0
-0.682000 1.259000 -1.238000 15 0
-0.658000 1.192000 -1.245000 21 0
-0.633000 1.122000 -1.244000 21 0
-0.608000 1.055000 -1.246000 20 0
-0.651000 1.273000 -1.240000 15 0
-0.629000 1.204000 -1.244000 18 0
-0.607000 1.133000 -1.242000 20 0
-0.587000 1.070000 -1.246000 19 0
-0.618000 1.283000 -1.238000 16 0
-0.600000 1.215000 -1.244000 19 0
-0.583000 1.146000 -1.242000 20 0
-0.565000 1.083000 -1.246000 20 0
-0.584000 1.290000 -1.235000 14 0
-0.571000 1.225000 -1.242000 20 0
-0.558000 1.158000 -1.242000 20 0
-0.543000 1.094000 -1.244000 20 0
-0.552000 1.300000 -1.236000 15 0
-0.541000 1.233000 -1.240000 19 0
-0.531000 1.168000 -1.240000 18 0
-0.521000 1.107000 -1.244000 20 0
-0.517000 1.303000 -1.230000 14 0
-0.513000 1.244000 -1.241000 20 0
-0.505000 1.178000 -1.238000 21 0
-0.496000 1.114000 -1.238000 18 0
-0.484000 1.310000 -1.229000 17 0
-0.481000 1.248000 -1.235000 19 0
-0.480000 1.189000 -1.238000 21 0
-0.474000 1.127000 -1.239000 22 0
-0.453000 1.319000 -1.231000 17 0
-0.452000 1.256000 -1.234000 20 0
-0.453000 1.197000 -1.237000 20 0
-0.450000 1.136000 -1.236000 18 0
-0.420000 1.325000 -1.231000 16 0
-0.422000 1.261000 -1.231000 21 0
-0.428000 1.209000 -1.239000 21 0
-0.429000 1.151000 -1.241000 15 0
-0.388000 1.330000 -1.231000 17 0
-0.393000 1.269000 -1.232000 22 0
-0.401000 1.218000 -1.238000 21 0
-0.404000 1.158000 -1.237000 17 0
-0.355000 1.334000 -1.230000 18 0
-0.363000 1.277000 -1.233000 17 0
-0.373000 1.222000 -1.234000 17 0
-0.380000 1.166000 -1.234000 19 0
-0.322000 1.335000 -1.228000 15 0
-0.333000 1.280000 -1.230000 18 0
-0.347000 1.231000 -1.234000 16 0
-0.356000 1.177000 -1.235000 19 0
-0.289000 1.337000 -1.227000 15 0
-0.302000 1.280000 -1.226000 16 0
-0.320000 1.237000 -1.234000 17 0
-0.332000 1.185000 -1.233000 18 0
-0.257000 1.339000 -1.227000 16 0
-0.273000 1.286000 -1.227000 15 0
-0.292000 1.242000 -1.232000 16 0
-0.307000 1.191000 -1.231000 18 0
-0.223000 1.335000 -1.223000 10 0
-0.243000 1.285000 -1.223000 10 0
-0.264000 1.243000 -1.226000 16 0
-0.282000 1.200000 -1.231000 19 0
0.000000 -0.000000 -0.000000 0 0
0.000000 -0.000000 -0.000000 0 0
-0.231000 1.215000 -1.193000 0 0
-0.257000 1.206000 -1.228000 11 0
-0.016000 0.139000 -0.127000 1 0
-0.020000 0.143000 -0.136000 1 0
0.000000 -0.000000 -0.000000 0 0
0.000000 -0.000000 -0.000000 0 0
0.000000 -0.000000 -0.000000 0 0
0.000000 -0.000000 -0.000000 0 0
-0.019000 0.133000 -0.130000 1 0
-0.023000 0.136000 -0.137000 1 0
-0.009000 0.137000 -0.126000 1 0
-0.013000 0.135000 -0.128000 0 0
0.000000 -0.000000 -0.000000 0 0
0.000000 -0.000000 -0.000000 0 0
0.000000 -0.000000 -0.000000 0 0
0.000000 -0.000000 -0.000000 0 0
-0.013000 0.131000 -0.126000 1 0
-0.016000 0.131000 -0.130000 1 0
-0.003000 0.129000 -0.119000 0 0
-0.006000 0.133000 -0.126000 0 0
0.000000 -0.000000 -0.000000 0 0
0.000000 -0.000000 -0.000000 0 0
0.000000 -0.000000 -0.000000 0 0
0.000000 -0.000000 -0.000000 0 0
-0.007000 0.131000 -0.126000 1 0
-0.010000 0.129000 -0.128000 1 0
0.000000 -0.000000 -0.000000 0 128
0.000000 -0.000000 -0.000000 0 0
0.000000 -0.000000 -0.000000 0 0
0.000000 -0.000000 -0.000000 0 0
0.000000 -0.000000 -0.000000 0 128
0.000000 -0.000000 -0.000000 0 0
0.000000 -0.000000 -0.000000 0 0
-0.005000 0.125000 -0.123000 1 0
0.000000 -0.000000 -0.000000 0 192
0.000000 -0.000000 -0.000000 0 0
0.000000 -0.000000 -0.000000 0 0
0.000000 -0.000000 -0.000000 0 0
0.000000 -0.000000 -0.000000 0 128
0.000000 -0.000000 -0.000000 0 0
0.000000 -0.000000 -0.000000 0 0
0.000000 -0.000000 -0.000000 0 128
0.000000 -0.000000 -0.000000 0 128
0.000000 -0.000000 -0.000000 0 192
0.000000 -0.000000 -0.000000 0 0
0.000000 -0.000000 -0.000000 0 128
0.000000 -0.000000 -0.000000 0 128
0.000000 -0.000000 -0.000000 0 128
0.000000 -0.000000 -0.000000 0 192
0.004000 0.096000 -0.094000 0 0
0.018000 0.112000 -0.107000 1 0
0.000000 -0.000000 -0.000000 0 192
0.000000 -0.000000 -0.000000 0 128
0.000000 -0.000000 -0.000000 0 0
0.000000 -0.000000 -0.000000 0 0
0.000000 -0.000000 -0.000000 0 192
0.000000 -0.000000 -0.000000 0 192
0.000000 -0.000000 -0.000000 0 128
0.023000 0.114000 -0.111000 1 0
0.021000 0.120000 -0.117000 0 16
0.000000 -0.000000 -0.000000 0 192
0.000000 -0.000000 -0.000000 0 192
0.000000 -0.000000 -0.000000 0 0
0.000000 -0.000000 -0.000000 0 0
0.018000 0.113000 -0.110000 0 16
0.000000 -0.000000 -0.000000 0 192
0.027000 0.106000 -0.105000 0 0
0.026000 0.119000 -0.117000 0 16
0.000000 -0.000000 -0.000000 0 0
0.000000 -0.000000 -0.000000 0 192
0.000000 -0.000000 -0.000000 0 0
0.000000 -0.000000 -0.000000 0 0
0.024000 0.118000 -0.115000 1 16
0.019000 0.114000 -0.111000 1 0
0.036000 0.118000 -0.119000 1 0
0.032000 0.120000 -0.120000 0 0
0.000000 -0.000000 -0.000000 0 0
0.000000 -0.000000 -0.000000 0 0
0.000000 -0.000000 -0.000000 0 0
0.000000 -0.000000 -0.000000 0 0
0.028000 0.113000 -0.112000 0 16
0.024000 0.113000 -0.110000 1 0
0.040000 0.111000 -0.115000 0 0
0.040000 0.126000 -0.128000 1 16
0.000000 -0.000000 -0.000000 0 0
0.000000 -0.000000 -0.000000 0 0
0.440000 1.145000 -1.198000 4 0
0.000000 -0.000000 -0.000000 0 0
0.036000 0.120000 -0.120000 1 16
0.029000 0.110000 -0.108000 0 0
0.464000 1.129000 -1.196000 12 0
0.044000 0.119000 -0.123000 0 16
0.000000 -0.000000 -0.000000 0 0
0.000000 -0.000000 -0.000000 0 0
0.488000 1.114000 -1.196000 13 0
0.452000 1.152000 -1.201000 11 0
0.041000 0.119000 -0.120000 0 16
0.035000 0.115000 -0.113000 1 0
-0.016000 0.139000 -0.127000 1 0
-0.020000 0.143000 -0.136000 1 0
0.000000 -0.000000 -0.000000 0 0
0.000000 -0.000000 -0.000000 0 0
0.000000 -0.000000 -0.000000 0 0
0.000000 -0.000000 -0.000000 0 0
-0.019000 0.133000 -0.130000 1 0
-0.023000 0.136000 -0.137000 1 0
-0.009000 0.137000 -0.126000 1 0
-0.013000 0.135000 -0.128000 0 0
0.000000 -0.000000 -0.000000 0 0
0.000000 -0.000000 -0.000000 0 0
0.000000 -0.000000 -0.000000 0 0
0.000000 -0.000000 -0.000000 0 0
-0.013000 0.131000 -0.126000 1 0
-0.016000 0.131000 -0.130000 1 0
-0.003000 0.129000 -0.119000 0 0
-0.006000 0.133000 -0.126000 0 0
0.000000 -0.000000 -0.000000 0 0
0.000000 -0.000000 -0.000000 0 0
0.000000 -0.000000 -0.000000 0 0
0.000000 -0.000000 -0.000000 0 0
-0.007000 0.131000 -0.126000 1 0
-0.010000 0.129000 -0.128000 1 0
0.000000 -0.000000 -0.000000 0 128
0.000000 -0.000000 -0.000000 0 0
0.000000 -0.000000 -0.000000 0 0
0.000000 -0.000000 -0.000000 0 0
0.000000 -0.000000 -0.000000 0 128
0.000000 -0.000000 -0.000000 0 0
0.000000 -0.000000 -0.000000 0 0
-0.005000 0.125000 -0.123000 1 0
0.000000 -0.000000 -0.000000 0 192
0.000000 -0.000000 -0.000000 0 0
0.000000 -0.000000 -0.000000 0 0
0.000000 -0.000000 -0.000000 0 0
0.000000 -0.000000 -0.000000 0 128
0.000000 -0.000000 -0.000000 0 0
0.000000 -0.000000 -0.000000 0 0
0.000000 -0.000000 -0.000000 0 128
0.000000 -0.000000 -0.000000 0 128
0.000000 -0.000000 -0.000000 0 192
0.000000 -0.000000 -0.000000 0 0
0.000000 -0.000000 -0.000000 0 128
0.000000 -0.000000 -0.000000 0 128
0.000000 -0.000000 -0.000000 0 128
0.000000 -0.000000 -0.000000 0 192
0.004000 0.096000 -0.094000 0 0
0.018000 0.112000 -0.107000 1 0
0.000000 -0.000000 -0.000000 0 192
0.000000 -0.000000 -0.000000 0 128
0.000000 -0.000000 -0.000000 0 0
0.000000 -0.000000 -0.000000 0 0
0.000000 -0.000000 -0.000000 0 192
0.000000 -0.000000 -0.000000 0 192
0.000000 -0.000000 -0.000000 0 128
0.023000 0.114000 -0.111000 1 0
0.021000 0.120000 -0.117000 0 16
0.000000 -0.000000 -0.000000 0 192
0.000000 -0.000000 -0.000000 0 192
0.000000 -0.000000 -0.000000 0 0
0.000000 -0.000000 -0.000000 0 0
0.018000 0.113000 -0.110000 0 16
0.000000 -0.000000 -0.000000 0 192
0.027000 0.106000 -0.105000 0 0
0.026000 0.119000 -0.117000 0 16
0.000000 -0.000000 -0.000000 0 0
0.000000 -0.000000 -0.000000 0 192
0.000000 -0.000000 -0.000000 0 0
0.000000 -0.000000 -0.000000 0 0
0.024000 0.118000 -0.115000 1 16
0.019000 0.114000 -0.111000 1 0
0.036000 0.118000 -0.119000 1 0
0.032000 0.120000 -0.120000 0 0
0.000000 -0.000000 -0.000000 0 0
0.000000 -0.000000 -0.000000 0 0
0.000000 -0.000000 -0.000000 0 0
0.000000 -0.000000 -0.000000 0 0
0.028000 0.113000 -0.112000 0 16
0.024000 0.113000 -0.110000 1 0
0.040000 0.111000 -0.115000 0 0
0.040000 0.126000 -0.128000 1 16
0.000000 -0.000000 -0.000000 0 0
0.000000 -0.000000 -0.000000 0 0
0.440000 1.145000 -1.198000 4 0
0.000000 -0.000000 -0.000000 0 0
0.036000 0.120000 -0.120000 1 16
0.029000 0.110000 -0.108000 0 0
0.464000 1.129000 -1.196000 12 0
0.044000 0.119000 -0.123000 0 16
0.000000 -0.000000 -0.000000 0 0
0.000000 -0.000000 -0.000000 0 0
0.488000 1.114000 -1.196000 13 0
0.452000 1.152000 -1.201000 11 0
0.041000 0.119000 -0.120000 0 16
0.035000 0.115000 -0.113000 1 0
0.512000 1.102000 -1.199000 13 0
0.477000 1.142000 -1.203000 14 0
0.439000 1.173000 -1.196000 6 0
0.000000 -0.000000 -0.000000 0 0
0.534000 1.083000 -1.196000 14 0
0.503000 1.132000 -1.205000 15 0
0.467000 1.168000 -1.201000 15 0
0.035000 0.099000 -0.099000 0 0
0.558000 1.069000 -1.198000 14 0
0.527000 1.117000 -1.204000 13 0
0.489000 1.150000 -1.192000 12 0
0.460000 1.200000 -1.204000 15 0
0.578000 1.050000 -1.195000 15 0
0.550000 1.103000 -1.204000 13 0
0.518000 1.147000 -1.200000 15 0
0.487000 1.192000 -1.203000 15 0
0.600000 1.034000 -1.196000 14 0
0.572000 1.086000 -1.200000 14 0
0.543000 1.136000 -1.200000 15 0
0.515000 1.185000 -1.204000 17 0
0.620000 1.015000 -1.194000 13 0
0.597000 1.074000 -1.203000 15 0
0.568000 1.124000 -1.199000 15 0
0.540000 1.172000 -1.200000 14 0
0.641000 0.997000 -1.194000 12 0
0.618000 1.056000 -1.199000 14 0
0.589000 1.104000 -1.191000 13 0
0.567000 1.163000 -1.200000 15 0
0.660000 0.978000 -1.193000 13 0
0.639000 1.040000 -1.198000 12 0
0.611000 1.087000 -1.186000 14 0
0.592000 1.150000 -1.197000 15 0
0.679000 0.959000 -1.191000 12 0
0.662000 1.025000 -1.199000 14 0
0.641000 1.084000 -1.198000 16 0
0.620000 1.141000 -1.199000 14 0
0.700000 0.944000 -1.195000 13 0
0.683000 1.007000 -1.197000 16 0
0.659000 1.060000 -1.186000 13 0
0.646000 1.129000 -1.198000 15 0
0.718000 0.923000 -1.194000 12 0
0.700000 0.985000 -1.190000 16 0
0.682000 1.044000 -1.185000 13 0
0.670000 1.113000 -1.194000 15 0
0.734000 0.902000 -1.191000 9 0
0.721000 0.969000 -1.191000 16 0
0.705000 1.030000 -1.185000 14 0
0.694000 1.098000 -1.191000 14 0
0.000000 -0.000000 -0.000000 0 0
0.745000 0.956000 -1.197000 15 0
0.728000 1.015000 -1.185000 14 0
0.720000 1.085000 -1.192000 15 0
0.000000 -0.000000 -0.000000 0 0
0.759000 0.931000 -1.188000 9 0
0.750000 0.998000 -1.184000 13 0
0.744000 1.069000 -1.189000 16 0
0.000000 -0.000000 -0.000000 0 192
0.000000 -0.000000 -0.000000 0 0
0.772000 0.981000 -1.183000 13 0
0.769000 1.055000 -1.189000 16 0
0.000000 -0.000000 -0.000000 0 192
0.000000 -0.000000 -0.000000 0 0
0.792000 0.963000 -1.181000 9 0
0.793000 1.038000 -1.187000 15 0
0.000000 -0.000000 -0.000000 0 128
0.000000 -0.000000 -0.000000 0 192
0.000000 -0.000000 -0.000000 0 0
0.817000 1.021000 -1.186000 14 0
0.000000 -0.000000 -0.000000 0 128
0.000000 -0.000000 -0.000000 0 192
0.000000 -0.000000 -0.000000 0 0
0.841000 1.005000 -1.186000 8 0
0.000000 -0.000000 -0.000000 0 128
0.000000 -0.000000 -0.000000 0 128
0.000000 -0.000000 -0.000000 0 192
0.850000 0.971000 -1.166000 2 0
0.000000 -0.000000 -0.000000 0 128
0.000000 -0.000000 -0.000000 0 128
0.000000 -0.000000 -0.000000 0 128
0.000000 -0.000000 -0.000000 0 0
0.000000 -0.000000 -0.000000 0 192
0.000000 -0.000000 -0.000000 0 128
0.000000 -0.000000 -0.000000 0 128
0.000000 -0.000000 -0.000000 0 192
0.000000 -0.000000 -0.000000 0 128
0.000000 -0.000000 -0.000000 0 128
0.000000 -0.000000 -0.000000 0 128
0.000000 -0.000000 -0.000000 0 128
0.000000 -0.000000 -0.000000 0 192
0.000000 -0.000000 -0.000000 0 128
0.000000 -0.000000 -0.000000 0 128
0.000000 -0.000000 -0.000000 0 128
0.000000 -0.000000 -0.000000 0 128
0.000000 -0.000000 -0.000000 0 128
0.000000 -0.000000 -0.000000 0 128
0.000000 -0.000000 -0.000000 0 128
0.512000 1.102000 -1.199000 13 0
0.477000 1.142000 -1.203000 14 0
0.439000 1.173000 -1.196000 6 0
0.000000 -0.000000 -0.000000 0 0
0.534000 1.083000 -1.196000 14 0
0.503000 1.132000 -1.205000 15 0
0.467000 1.168000 -1.201000 15 0
0.035000 0.099000 -0.099000 0 0
0.558000 1.069000 -1.198000 14 0
0.527000 1.117000 -1.204000 13 0
0.489000 1.150000 -1.192000 12 0
0.460000 1.200000 -1.204000 15 0
0.578000 1.050000 -1.195000 15 0
0.550000 1.103000 -1.204000 13 0
0.518000 1.147000 -1.200000 15 0
0.487000 1.192000 -1.203000 15 0
0.600000 1.034000 -1.196000 14 0
0.572000 1.086000 -1.200000 14 0
0.543000 1.136000 -1.200000 15 0
0.515000 1.185000 -1.204000 17 0
0.620000 1.015000 -1.194000 13 0
0.597000 1.074000 -1.203000 15 0
0.568000 1.124000 -1.199000 15 0
0.540000 1.172000 -1.200000 14 0
0.641000 0.997000 -1.194000 12 0
0.618000 1.056000 -1.199000 14 0
0.589000 1.104000 -1.191000 13 0
0.567000 1.163000 -1.200000 15 0
0.660000 0.978000 -1.193000 13 0
0.639000 1.040000 -1.198000 12 0
0.611000 1.087000 -1.186000 14 0
0.592000 1.150000 -1.197000 15 0
0.679000 0.959000 -1.191000 12 0
0.662000 1.025000 -1.199000 14 0
0.641000 1.084000 -1.198000 16 0
0.620000 1.141000 -1.199000 14 0
0.700000 0.944000 -1.195000 13 0
0.683000 1.007000 -1.197000 16 0
0.659000 1.060000 -1.186000 13 0
0.646000 1.129000 -1.198000 15 0
0.718000 0.923000 -1.194000 12 0
0.700000 0.985000 -1.190000 16 0
0.682000 1.044000 -1.185000 13 0
0.670000 1.113000 -1.194000 15 0
0.734000 0.902000 -1.191000 9 0
0.721000 0.969000 -1.191000 16 0
0.705000 1.030000 -1.185000 14 0
0.694000 1.098000 -1.191000 14 0
0.000000 -0.000000 -0.000000 0 0
0.745000 0.956000 -1.197000 15 0
0.728000 1.015000 -1.185000 14 0
0.720000 1.085000 -1.192000 15 0
0.000000 -0.000000 -0.000000 0 0
0.759000 0.931000 -1.188000 9 0
0.750000 0.998000 -1.184000 13 0
0.744000 1.069000 -1.189000 16 0
0.000000 -0.000000 -0.000000 0 192
0.000000 -0.000000 -0.000000 0 0
0.772000 0.981000 -1.183000 13 0
0.769000 1.055000 -1.189000 16 0
0.000000 -0.000000 -0.000000 0 192
0.000000 -0.000000 -0.000000 0 0
0.792000 0.963000 -1.181000 9 0
0.793000 1.038000 -1.187000 15 0
0.000000 -0.000000 -0.000000 0 128
0.000000 -0.000000 -0.000000 0 192
0.000000 -0.000000 -0.000000 0 0
0.817000 1.021000 -1.186000 14 0
0.000000 -0.000000 -0.000000 0 128
0.000000 -0.000000 -0.000000 0 192
0.000000 -0.000000 -0.000000 0 0
0.841000 1.005000 -1.186000 8 0
0.000000 -0.000000 -0.000000 0 128
0.000000 -0.000000 -0.000000 0 128
0.000000 -0.000000 -0.000000 0 192
0.850000 0.971000 -1.166000 2 0
0.000000 -0.000000 -0.000000 0 128
0.000000 -0.000000 -0.000000 0 128
0.000000 -0.000000 -0.000000 0 128
0.000000 -0.000000 -0.000000 0 0
0.000000 -0.000000 -0.000000 0 192
0.000000 -0.000000 -0.000000 0 128
0.000000 -0.000000 -0.000000 0 128
0.000000 -0.000000 -0.000000 0 192
0.000000 -0.000000 -0.000000 0 128
0.000000 -0.000000 -0.000000 0 128
0.000000 -0.000000 -0.000000 0 128
0.000000 -0.000000 -0.000000 0 128
0.000000 -0.000000 -0.000000 0 192
0.000000 -0.000000 -0.000000 0 128
0.000000 -0.000000 -0.000000 0 128
0.000000 -0.000000 -0.000000 0 128
0.000000 -0.000000 -0.000000 0 128
0.000000 -0.000000 -0.000000 0 128
0.000000 -0.000000 -0.000000 0 128
0.000000 -0.000000 -0.000000 0 128
0.000000 -0.000000 -0.000000 0 128
0.000000 -0.000000 -0.000000 0 128
0.000000 -0.000000 -0.000000 0 128
0.000000 -0.000000 -0.000000 0 128
0.000000 -0.000000 -0.000000 0 128
0.000000 -0.000000 -0.000000 0 128
0.000000 -0.000000 -0.000000 0 128
0.000000 -0.000000 -0.000000 0 128
0.000000 -0.000000 -0.000000 0 128
0.000000 -0.000000 -0.000000 0 128
0.000000 -0.000000 -0.000000 0 128
0.000000 -0.000000 -0.000000 0 128
0.000000 -0.000000 -0.000000 0 128
0.000000 -0.000000 -0.000000 0 128
0.000000 -0.000000 -0.000000 0 128
0.000000 -0.000000 -0.000000 0 128
0.000000 -0.000000 -0.000000 0 128
0.000000 -0.000000 -0.000000 0 128
0.000000 -0.000000 -0.000000 0 128
0.000000 -0.000000 -0.000000 0 128
0.000000 -0.000000 -0.000000 0 128
0.000000 -0.000000 -0.000000 0 128
0.000000 -0.000000 -0.000000 0 128
0.000000 -0.000000 -0.000000 0 128
0.000000 -0.000000 -0.000000 0 128
0.000000 -0.000000 -0.000000 0 128
0.000000 -0.000000 -0.000000 0 128
0.000000 -0.000000 -0.000000 0 128
0.000000 -0.000000 -0.000000 0 128
0.000000 -0.000000 -0.000000 0 128
0.000000 -0.000000 -0.000000 0 128
0.000000 -0.000000 -0.000000 0 128
0.000000 -0.000000 -0.000000 0 128
0.000000 -0.000000 -0.000000 0 128
0.000000 -0.000000 -0.000000 0 128
0.000000 -0.000000 -0.000000 0 128
0.000000 -0.000000 -0.000000 0 128
0.000000 -0.000000 -0.000000 0 128
0.000000 -0.000000 -0.000000 0 128
0.000000 -0.000000 -0.000000 0 128
0.000000 -0.000000 -0.000000 0 128
0.000000 -0.000000 -0.000000 0 128
0.000000 -0.000000 -0.000000 0 128
0.000000 -0.000000 -0.000000 0 128
0.000000 -0.000000 -0.000000 0 128
0.000000 -0.000000 -0.000000 0 128
0.000000 -0.000000 -0.000000 0 128
0.000000 -0.000000 -0.000000 0 128
0.000000 -0.000000 -0.000000 0 128
0.000000 -0.000000 -0.000000 0 128
0.000000 -0.000000 -0.000000 0 128
0.000000 -0.000000 -0.000000 0 192
0.000000 -0.000000 -0.000000 0 128
0.000000 -0.000000 -0.000000 0 128
0.000000 -0.000000 -0.000000 0 128
0.000000 -0.000000 -0.000000 0 128
0.000000 -0.000000 -0.000000 0 128
0.000000 -0.000000 -0.000000 0 128
0.000000 -0.000000 -0.000000 0 192
0.000000 -0.000000 -0.000000 0 192
0.000000 -0.000000 -0.000000 0 128
0.000000 -0.000000 -0.000000 0 128
0.000000 -0.000000 -0.000000 0 128
0.000000 -0.000000 -0.000000 0 128
0.000000 -0.000000 -0.000000 0 128
0.000000 -0.000000 -0.000000 0 192
0.000000 -0.000000 -0.000000 0 192
0.000000 -0.000000 -0.000000 0 128
0.000000 -0.000000 -0.000000 0 128
0.000000 -0.000000 -0.000000 0 192
0.000000 -0.000000 -0.000000 0 128
0.000000 -0.000000 -0.000000 0 128
0.000000 -0.000000 -0.000000 0 128
0.000000 -0.000000 -0.000000 0 192
0.000000 -0.000000 -0.000000 0 128
0.000000 -0.000000 -0.000000 0 128
0.000000 -0.000000 -0.000000 0 128
0.000000 -0.000000 -0.000000 0 192
0.000000 -0.000000 -0.000000 0 128
0.000000 -0.000000 -0.000000 0 128
0.000000 -0.000000 -0.000000 0 192
0.000000 -0.000000 -0.000000 0 192
0.000000 -0.000000 -0.000000 0 128
0.000000 -0.000000 -0.000000 0 128
0.000000 -0.000000 -0.000000 0 128
0.000000 -0.000000 -0.000000 0 128
0.000000 -0.000000 -0.000000 0 128
0.000000 -0.000000 -0.000000 0 128
0.000000 -0.000000 -0.000000 0 192
0.000000 -0.000000 -0.000000 0 192
0.000000 -0.000000 -0.000000 0 0
0.000000 -0.000000 -0.000000 0 128
0.000000 -0.000000 -0.000000 0 128
0.000000 -0.000000 -0.000000 0 128
0.000000 -0.000000 -0.000000 0 0
0.000000 -0.000000 -0.000000 0 128
0.000000 -0.000000 -0.000000 0 128
0.000000 -0.000000 -0.000000 0 128
0.000000 -0.000000 -0.000000 0 128
0.000000 -0.000000 -0.000000 0 128
0.000000 -0.000000 -0.000000 0 128
0.000000 -0.000000 -0.000000 0 128
0.000000 -0.000000 -0.000000 0 128
0.000000 -0.000000 -0.000000 0 128
0.000000 -0.000000 -0.000000 0 128
0.000000 -0.000000 -0.000000 0 128
0.000000 -0.000000 -0.000000 0 128
0.000000 -0.000000 -0.000000 0 128
0.000000 -0.000000 -0.000000 0 128
0.000000 -0.000000 -0.000000 0 128
0.000000 -0.000000 -0.000000 0 128
0.000000 -0.000000 -0.000000 0 128
0.000000 -0.000000 -0.000000 0 128
0.000000 -0.000000 -0.000000 0 128
0.000000 -0.000000 -0.000000 0 128
0.000000 -0.000000 -0.000000 0 128
0.000000 -0.000000 -0.000000 0 128
0.000000 -0.000000 -0.000000 0 128
0.000000 -0.000000 -0.000000 0 128
0.000000 -0.000000 -0.000000 0 128
0.000000 -0.000000 -0.000000 0 128
0.000000 -0.000000 -0.000000 0 128
0.000000 -0.000000 -0.000000 0 128
0.000000 -0.000000 -0.000000 0 128
0.000000 -0.000000 -0.000000 0 128
0.000000 -0.000000 -0.000000 0 128
0.000000 -0.000000 -0.000000 0 128
0.000000 -0.000000 -0.000000 0 128
0.000000 -0.000000 -0.000000 0 128
0.000000 -0.000000 -0.000000 0 128
0.000000 -0.000000 -0.000000 0 128
0.000000 -0.000000 -0.000000 0 128
0.000000 -0.000000 -0.000000 0 128
0.000000 -0.000000 -0.000000 0 128
0.000000 -0.000000 -0.000000 0 128
0.000000 -0.000000 -0.000000 0 128
0.000000 -0.000000 -0.000000 0 128
0.000000 -0.000000 -0.000000 0 128
0.000000 -0.000000 -0.000000 0 128
0.000000 -0.000000 -0.000000 0 128
0.000000 -0.000000 -0.000000 0 128
0.000000 -0.000000 -0.000000 0 128
0.000000 -0.000000 -0.000000 0 128
0.000000 -0.000000 -0.000000 0 128
0.000000 -0.000000 -0.000000 0 128
0.000000 -0.000000 -0.000000 0 128
0.000000 -0.000000 -0.000000 0 128
0.000000 -0.000000 -0.000000 0 192
0.000000 -0.000000 -0.000000 0 128
0.000000 -0.000000 -0.000000 0 128
0.000000 -0.000000 -0.000000 0 128
0.000000 -0.000000 -0.000000 0 128
0.000000 -0.000000 -0.000000 0 128
0.000000 -0.000000 -0.000000 0 128
0.000000 -0.000000 -0.000000 0 192
0.000000 -0.000000 -0.000000 0 192
0.000000 -0.000000 -0.000000 0 128
0.000000 -0.000000 -0.000000 0 128
0.000000 -0.000000 -0.000000 0 128
0.000000 -0.000000 -0.000000 0 128
0.000000 -0.000000 -0.000000 0 128
0.000000 -0.000000 -0.000000 0 192
0.000000 -0.000000 -0.000000 0 192
0.000000 -0.000000 -0.000000 0 128
0.000000 -0.000000 -0.000000 0 128
0.000000 -0.000000 -0.000000 0 192
0.000000 -0.000000 -0.000000 0 128
0.000000 -0.000000 -0.000000 0 128
0.000000 -0.000000 -0.000000 0 128
0.000000 -0.000000 -0.000000 0 192
0.000000 -0.000000 -0.000000 0 128
0.000000 -0.000000 -0.000000 0 128
0.000000 -0.000000 -0.000000 0 128
0.000000 -0.000000 -0.000000 0 192
0.000000 -0.000000 -0.000000 0 128
0.000000 -0.000000 -0.000000 0 128
0.000000 -0.000000 -0.000000 0 192
0.000000 -0.000000 -0.000000 0 192
0.000000 -0.000000 -0.000000 0 128
0.000000 -0.000000 -0.000000 0 128
0.000000 -0.000000 -0.000000 0 128
0.000000 -0.000000 -0.000000 0 128
0.000000 -0.000000 -0.000000 0 128
0.000000 -0.000000 -0.000000 0 128
0.000000 -0.000000 -0.000000 0 192
0.000000 -0.000000 -0.000000 0 192
0.000000 -0.000000 -0.000000 0 0
0.000000 -0.000000 -0.000000 0 128
0.000000 -0.000000 -0.000000 0 128
0.000000 -0.000000 -0.000000 0 128
0.000000 -0.000000 -0.000000 0 0
0.000000 -0.000000 -0.000000 0 128
0.000000 -0.000000 -0.000000 0 192
0.000000 -0.000000 -0.000000 0 128
0.000000 -0.000000 -0.000000 0 0
0.000000 -0.000000 -0.000000 0 0
0.000000 -0.000000 -0.000000 0 192
0.000000 -0.000000 -0.000000 0 128
0.000000 -0.000000 -0.000000 0 0
0.000000 -0.000000 -0.000000 0 128
0.000000 -0.000000 -0.000000 0 192
0.000000 -0.000000 -0.000000 0 128
0.000000 -0.000000 -0.000000 0 0
0.000000 -0.000000 -0.000000 0 128
0.000000 -0.000000 -0.000000 0 192
0.000000 -0.000000 -0.000000 0 128
0.000000 -0.000000 -0.000000 0 0
0.000000 -0.000000 -0.000000 0 128
0.000000 -0.000000 -0.000000 0 192
0.000000 -0.000000 -0.000000 0 128
0.000000 -0.000000 -0.000000 0 0
0.000000 -0.000000 -0.000000 0 128
0.000000 -0.000000 -0.000000 0 192
0.000000 -0.000000 -0.000000 0 128
0.000000 -0.000000 -0.000000 0 0
0.000000 -0.000000 -0.000000 0 128
0.000000 -0.000000 -0.000000 0 192
0.000000 -0.000000 -0.000000 0 128
0.000000 -0.000000 -0.000000 0 128
0.000000 -0.000000 -0.000000 0 128
0.000000 -0.000000 -0.000000 0 128
0.000000 -0.000000 -0.000000 0 128
0.000000 -0.000000 -0.000000 0 128
0.000000 -0.000000 -0.000000 0 128
0.000000 -0.000000 -0.000000 0 192
0.000000 -0.000000 -0.000000 0 128
0.000000 -0.000000 -0.000000 0 128
0.000000 -0.000000 -0.000000 0 128
0.000000 -0.000000 -0.000000 0 128
0.000000 -0.000000 -0.000000 0 128
0.000000 -0.000000 -0.000000 0 128
0.000000 -0.000000 -0.000000 0 128
0.000000 -0.000000 -0.000000 0 128
0.000000 -0.000000 -0.000000 0 128
0.000000 -0.000000 -0.000000 0 0
0.000000 -0.000000 -0.000000 0 128
0.000000 -0.000000 -0.000000 0 128
0.000000 -0.000000 -0.000000 0 128
0.000000 -0.000000 -0.000000 0 0
0.000000 -0.000000 -0.000000 0 128
0.000000 -0.000000 -0.000000 0 128
0.000000 -0.000000 -0.000000 0 128
0.000000 -0.000000 -0.000000 0 0
0.000000 -0.000000 -0.000000 0 0
0.000000 -0.000000 -0.000000 0 128
0.000000 -0.000000 -0.000000 0 128
0.000000 -0.000000 -0.000000 0 0
0.000000 -0.000000 -0.000000 0 0
0.000000 -0.000000 -0.000000 0 128
0.000000 -0.000000 -0.000000 0 192
0.000000 -0.000000 -0.000000 0 0
0.000000 -0.000000 -0.000000 0 0
0.000000 -0.000000 -0.000000 0 128
0.000000 -0.000000 -0.000000 0 192
0.000000 -0.000000 -0.000000 0 0
0.000000 -0.000000 -0.000000 0 0
0.000000 -0.000000 -0.000000 0 128
0.000000 -0.000000 -0.000000 0 192
0.000000 -0.000000 -0.000000 0 128
0.000000 -0.000000 -0.000000 0 128
0.000000 -0.000000 -0.000000 0 128
0.000000 -0.000000 -0.000000 0 192
0.000000 -0.000000 -0.000000 0 128
0.000000 -0.000000 -0.000000 0 128
0.000000 -0.000000 -0.000000 0 128
0.000000 -0.000000 -0.000000 0 128
0.000000 -0.000000 -0.000000 0 128
0.000000 -0.000000 -0.000000 0 0
0.000000 -0.000000 -0.000000 0 128
0.000000 -0.000000 -0.000000 0 128
0.000000 -0.000000 -0.000000 0 128
0.000000 -0.000000 -0.000000 0 0
0.000000 -0.000000 -0.000000 0 128
0.000000 -0.000000 -0.000000 0 128
0.000000 -0.000000 -0.000000 0 192
0.000000 -0.000000 -0.000000 0 0
0.000000 -0.000000 -0.000000 0 128
0.000000 -0.000000 -0.000000 0 128
0.000000 -0.000000 -0.000000 0 128
0.000000 -0.000000 -0.000000 0 128
0.000000 -0.000000 -0.000000 0 128
0.000000 -0.000000 -0.000000 0 128
0.000000 -0.000000 -0.000000 0 128
0.000000 -0.000000 -0.000000 0 128
0.000000 -0.000000 -0.000000 0 128
0.000000 -0.000000 -0.000000 0 128
0.000000 -0.000000 -0.000000 0 128
0.000000 -0.000000 -0.000000 0 128
0.000000 -0.000000 -0.000000 0 192
0.000000 -0.000000 -0.000000 0 128
0.000000 -0.000000 -0.000000 0 0
0.000000 -0.000000 -0.000000 0 0
0.000000 -0.000000 -0.000000 0 192
0.000000 -0.000000 -0.000000 0 128
0.000000 -0.000000 -0.000000 0 0
0.000000 -0.000000 -0.000000 0 128
0.000000 -0.000000 -0.000000 0 192
0.000000 -0.000000 -0.000000 0 128
0.000000 -0.000000 -0.000000 0 0
0.000000 -0.000000 -0.000000 0 128
0.000000 -0.000000 -0.000000 0 192
0.000000 -0.000000 -0.000000 0 128
0.000000 -0.000000 -0.000000 0 0
0.000000 -0.000000 -0.000000 0 128
0.000000 -0.000000 -0.000000 0 192
0.000000 -0.000000 -0.000000 0 128
0.000000 -0.000000 -0.000000 0 0
0.000000 -0.000000 -0.000000 0 128
0.000000 -0.000000 -0.000000 0 192
0.000000 -0.000000 -0.000000 0 128
0.000000 -0.000000 -0.000000 0 0
0.000000 -0.000000 -0.000000 0 128
0.000000 -0.000000 -0.000000 0 192
0.000000 -0.000000 -0.000000 0 128
0.000000 -0.000000 -0.000000 0 128
0.000000 -0.000000 -0.000000 0 128
0.000000 -0.000000 -0.000000 0 128
0.000000 -0.000000 -0.000000 0 128
0.000000 -0.000000 -0.000000 0 128
0.000000 -0.000000 -0.000000 0 128
0.000000 -0.000000 -0.000000 0 192
0.000000 -0.000000 -0.000000 0 128
0.000000 -0.000000 -0.000000 0 128
0.000000 -0.000000 -0.000000 0 128
0.000000 -0.000000 -0.000000 0 128
0.000000 -0.000000 -0.000000 0 128
0.000000 -0.000000 -0.000000 0 128
0.000000 -0.000000 -0.000000 0 128
0.000000 -0.000000 -0.000000 0 128
0.000000 -0.000000 -0.000000 0 128
0.000000 -0.000000 -0.000000 0 0
0.000000 -0.000000 -0.000000 0 128
0.000000 -0.000000 -0.000000 0 128
0.000000 -0.000000 -0.000000 0 128
0.000000 -0.000000 -0.000000 0 0
0.000000 -0.000000 -0.000000 0 128
0.000000 -0.000000 -0.000000 0 128
0.000000 -0.000000 -0.000000 0 128
0.000000 -0.000000 -0.000000 0 0
0.000000 -0.000000 -0.000000 0 0
0.000000 -0.000000 -0.000000 0 128
0.000000 -0.000000 -0.000000 0 128
0.000000 -0.000000 -0.000000 0 0
0.000000 -0.000000 -0.000000 0 0
0.000000 -0.000000 -0.000000 0 128
0.000000 -0.000000 -0.000000 0 192
0.000000 -0.000000 -0.000000 0 0
0.000000 -0.000000 -0.000000 0 0
0.000000 -0.000000 -0.000000 0 128
0.000000 -0.000000 -0.000000 0 192
0.000000 -0.000000 -0.000000 0 0
0.000000 -0.000000 -0.000000 0 0
0.000000 -0.000000 -0.000000 0 128
0.000000 -0.000000 -0.000000 0 192
0.000000 -0.000000 -0.000000 0 128
0.000000 -0.000000 -0.000000 0 128
0.000000 -0.000000 -0.000000 0 128
0.000000 -0.000000 -0.000000 0 192
0.000000 -0.000000 -0.000000 0 128
0.000000 -0.000000 -0.000000 0 128
0.000000 -0.000000 -0.000000 0 128
0.000000 -0.000000 -0.000000 0 128
0.000000 -0.000000 -0.000000 0 128
0.000000 -0.000000 -0.000000 0 0
0.000000 -0.000000 -0.000000 0 128
0.000000 -0.000000 -0.000000 0 128
0.000000 -0.000000 -0.000000 0 128
0.000000 -0.000000 -0.000000 0 0
0.000000 -0.000000 -0.000000 0 128
0.000000 -0.000000 -0.000000 0 128
0.000000 -0.000000 -0.000000 0 192
0.000000 -0.000000 -0.000000 0 0
0.000000 -0.000000 -0.000000 0 128
0.000000 -0.000000 -0.000000 0 128
0.000000 -0.000000 -0.000000 0 128
0.000000 -0.000000 -0.000000 0 128
0.000000 -0.000000 -0.000000 0 128
0.000000 -0.000000 -0.000000 0 128
0.000000 -0.000000 -0.000000 0 128
0.000000 -0.000000 -0.000000 0 128
0.000000 -0.000000 -0.000000 0 128
0.000000 -0.000000 -0.000000 0 128
0.000000 -0.000000 -0.000000 0 128
0.000000 -0.000000 -0.000000 0 128
0.000000 -0.000000 -0.000000 0 128
0.000000 -0.000000 -0.000000 0 128
0.000000 -0.000000 -0.000000 0 128
0.000000 -0.000000 -0.000000 0 192
0.000000 -0.000000 -0.000000 0 128
0.000000 -0.000000 -0.000000 0 128
0.000000 -0.000000 -0.000000 0 128
0.000000 -0.000000 -0.000000 0 128
0.000000 -0.000000 -0.000000 0 128
0.000000 -0.000000 -0.000000 0 128
0.000000 -0.000000 -0.000000 0 128
0.000000 -0.000000 -0.000000 0 128
0.000000 -0.000000 -0.000000 0 128
0.000000 -0.000000 -0.000000 0 128
0.000000 -0.000000 -0.000000 0 128
0.000000 -0.000000 -0.000000 0 128
0.000000 -0.000000 -0.000000 0 128
0.000000 -0.000000 -0.000000 0 128
0.000000 -0.000000 -0.000000 0 128
0.000000 -0.000000 -0.000000 0 128
0.000000 -0.000000 -0.000000 0 128
0.000000 -0.000000 -0.000000 0 128
0.000000 -0.000000 -0.000000 0 128
0.000000 -0.000000 -0.000000 0 128
0.000000 -0.000000 -0.000000 0 128
0.000000 -0.000000 -0.000000 0 128
0.000000 -0.000000 -0.000000 0 128
0.000000 -0.000000 -0.000000 0 128
0.000000 -0.000000 -0.000000 0 128
0.000000 -0.000000 -0.000000 0 128
0.000000 -0.000000 -0.000000 0 128
0.000000 -0.000000 -0.000000 0 128
0.000000 -0.000000 -0.000000 0 128
0.000000 -0.000000 -0.000000 0 128
0.000000 -0.000000 -0.000000 0 128
0.000000 -0.000000 -0.000000 0 128
0.000000 -0.000000 -0.000000 0 128
0.000000 -0.000000 -0.000000 0 128
0.000000 -0.000000 -0.000000 0 128
0.000000 -0.000000 -0.000000 0 128
0.000000 -0.000000 -0.000000 0 192
0.000000 -0.000000 -0.000000 0 192
0.000000 -0.000000 -0.000000 0 128
0.000000 -0.000000 -0.000000 0 128
0.000000 -0.000000 -0.000000 0 192
0.000000 -0.000000 -0.000000 0 128
0.000000 -0.000000 -0.000000 0 128
0.000000 -0.000000 -0.000000 0 128
0.000000 -0.000000 -0.000000 0 192
0.000000 -0.000000 -0.000000 0 128
0.000000 -0.000000 -0.000000 0 128
0.000000 -0.000000 -0.000000 0 128
0.000000 -0.000000 -0.000000 0 128
0.000000 -0.000000 -0.000000 0 128
0.000000 -0.000000 -0.000000 0 128
0.000000 -0.000000 -0.000000 0 128
0.000000 -0.000000 -0.000000 0 128
0.000000 -0.000000 -0.000000 0 128
0.000000 -0.000000 -0.000000 0 128
0.000000 -0.000000 -0.000000 0 128
0.000000 -0.000000 -0.000000 0 128
0.000000 -0.000000 -0.000000 0 128
0.000000 -0.000000 -0.000000 0 128
0.000000 -0.000000 -0.000000 0 128
0.000000 -0.000000 -0.000000 0 128
0.000000 -0.000000 -0.000000 0 128
0.000000 -0.000000 -0.000000 0 192
0.000000 -0.000000 -0.000000 0 192
0.000000 -0.000000 -0.000000 0 128
0.000000 -0.000000 -0.000000 0 192
0.000000 -0.000000 -0.000000 0 192
0.000000 -0.000000 -0.000000 0 192
0.000000 -0.000000 -0.000000 0 192
0.000000 -0.000000 -0.000000 0 192
0.000000 -0.000000 -0.000000 0 192
0.000000 -0.000000 -0.000000 0 192
0.000000 -0.000000 -0.000000 0 192
0.000000 -0.000000 -0.000000 0 192
0.863000 -0.927000 -1.210000 1 0
0.911000 -1.008000 -1.214000 6 0
0.000000 -0.000000 -0.000000 0 192
0.000000 -0.000000 -0.000000 0 192
0.000000 -0.000000 -0.000000 0 0
0.886000 -1.028000 -1.214000 11 0
0.000000 -0.000000 -0.000000 0 192
0.000000 -0.000000 -0.000000 0 0
0.818000 -0.962000 -1.209000 10 0
0.859000 -1.045000 -1.213000 14 0
0.000000 -0.000000 -0.000000 0 192
0.764000 -0.907000 -1.213000 10 0
0.803000 -0.989000 -1.221000 12 0
0.771000 -0.984000 -1.124000 151 2
0.000000 -0.000000 -0.000000 0 0
0.749000 -0.930000 -1.221000 16 0
0.756000 -0.975000 -1.184000 6 0
0.754000 -1.011000 -1.137000 4 64
0.000000 -0.000000 -0.000000 0 128
0.000000 -0.000000 -0.000000 0 128
0.000000 -0.000000 -0.000000 0 128
0.000000 -0.000000 -0.000000 0 192
0.000000 -0.000000 -0.000000 0 128
0.000000 -0.000000 -0.000000 0 128
0.000000 -0.000000 -0.000000 0 128
0.000000 -0.000000 -0.000000 0 128
0.000000 -0.000000 -0.000000 0 128
0.000000 -0.000000 -0.000000 0 128
0.000000 -0.000000 -0.000000 0 128
0.000000 -0.000000 -0.000000 0 128
0.000000 -0.000000 -0.000000 0 128
0.000000 -0.000000 -0.000000 0 128
0.000000 -0.000000 -0.000000 0 128
0.000000 -0.000000 -0.000000 0 128
0.000000 -0.000000 -0.000000 0 128
0.000000 -0.000000 -0.000000 0 128
0.000000 -0.000000 -0.000000 0 128
0.000000 -0.000000 -0.000000 0 128
0.000000 -0.000000 -0.000000 0 128
0.000000 -0.000000 -0.000000 0 128
0.000000 -0.000000 -0.000000 0 128
0.000000 -0.000000 -0.000000 0 128
0.000000 -0.000000 -0.000000 0 128
0.000000 -0.000000 -0.000000 0 128
0.000000 -0.000000 -0.000000 0 128
0.000000 -0.000000 -0.000000 0 128
0.000000 -0.000000 -0.000000 0 128
0.000000 -0.000000 -0.000000 0 128
0.000000 -0.000000 -0.000000 0 128
0.000000 -0.000000 -0.000000 0 128
0.000000 -0.000000 -0.000000 0 128
0.000000 -0.000000 -0.000000 0 128
0.000000 -0.000000 -0.000000 0 128
0.000000 -0.000000 -0.000000 0 128
0.000000 -0.000000 -0.000000 0 128
0.000000 -0.000000 -0.000000 0 128
0.000000 -0.000000 -0.000000 0 128
0.000000 -0.000000 -0.000000 0 128
0.000000 -0.000000 -0.000000 0 192
0.000000 -0.000000 -0.000000 0 192
0.000000 -0.000000 -0.000000 0 128
0.000000 -0.000000 -0.000000 0 128
0.000000 -0.000000 -0.000000 0 192
0.000000 -0.000000 -0.000000 0 128
0.000000 -0.000000 -0.000000 0 128
0.000000 -0.000000 -0.000000 0 128
0.000000 -0.000000 -0.000000 0 192
0.000000 -0.000000 -0.000000 0 128
0.000000 -0.000000 -0.000000 0 128
0.000000 -0.000000 -0.000000 0 128
0.000000 -0.000000 -0.000000 0 128
0.000000 -0.000000 -0.000000 0 128
0.000000 -0.000000 -0.000000 0 128
0.000000 -0.000000 -0.000000 0 128
0.000000 -0.000000 -0.000000 0 128
0.000000 -0.000000 -0.000000 0 128
0.000000 -0.000000 -0.000000 0 128
0.000000 -0.000000 -0.000000 0 128
0.000000 -0.000000 -0.000000 0 128
0.000000 -0.000000 -0.000000 0 128
0.000000 -0.000000 -0.000000 0 128
0.000000 -0.000000 -0.000000 0 128
0.000000 -0.000000 -0.000000 0 128
0.000000 -0.000000 -0.000000 0 128
0.000000 -0.000000 -0.000000 0 192
0.000000 -0.000000 -0.000000 0 192
0.000000 -0.000000 -0.000000 0 128
0.000000 -0.000000 -0.000000 0 192
0.000000 -0.000000 -0.000000 0 192
0.000000 -0.000000 -0.000000 0 192
0.000000 -0.000000 -0.000000 0 192
0.000000 -0.000000 -0.000000 0 192
0.000000 -0.000000 -0.000000 0 192
0.000000 -0.000000 -0.000000 0 192
0.000000 -0.000000 -0.000000 0 192
0.000000 -0.000000 -0.000000 0 192
0.863000 -0.927000 -1.210000 1 0
0.911000 -1.008000 -1.214000 6 0
0.000000 -0.000000 -0.000000 0 192
0.000000 -0.000000 -0.000000 0 192
0.000000 -0.000000 -0.000000 0 0
0.886000 -1.028000 -1.214000 11 0
0.000000 -0.000000 -0.000000 0 192
0.000000 -0.000000 -0.000000 0 0
0.818000 -0.962000 -1.209000 10 0
0.859000 -1.045000 -1.213000 14 0
0.000000 -0.000000 -0.000000 0 192
0.764000 -0.907000 -1.213000 10 0
0.803000 -0.989000 -1.221000 12 0
0.771000 -0.984000 -1.124000 151 2
0.000000 -0.000000 -0.000000 0 0
0.749000 -0.930000 -1.221000 16 0
0.756000 -0.975000 -1.184000 6 0
0.754000 -1.011000 -1.137000 4 64
0.694000 -0.867000 -1.218000 11 0
0.729000 -0.946000 -1.221000 15 0
0.726000 -0.983000 -1.174000 6 0
0.783000 -1.102000 -1.221000 14 0
0.680000 -0.885000 -1.221000 15 0
0.709000 -0.962000 -1.221000 15 0
0.733000 -1.039000 -1.223000 12 0
0.754000 -1.117000 -1.220000 15 0
0.664000 -0.903000 -1.223000 16 0
0.690000 -0.980000 -1.224000 14 0
0.709000 -1.055000 -1.223000 12 0
0.727000 -1.133000 -1.222000 15 0
0.646000 -0.917000 -1.222000 16 0
0.669000 -0.996000 -1.226000 13 0
0.686000 -1.073000 -1.227000 13 0
0.699000 -1.146000 -1.222000 13 0
0.628000 -0.933000 -1.223000 15 0
0.648000 -1.010000 -1.225000 13 0
0.658000 -1.082000 -1.222000 14 0
0.671000 -1.162000 -1.225000 18 0
0.611000 -0.949000 -1.225000 13 0
0.627000 -1.027000 -1.229000 12 0
0.634000 -1.098000 -1.225000 14 0
0.641000 -1.173000 -1.223000 17 0
0.592000 -0.963000 -1.224000 14 0
0.605000 -1.040000 -1.228000 15 0
0.608000 -1.111000 -1.225000 16 0
0.615000 -1.189000 -1.229000 14 0
0.573000 -0.977000 -1.224000 14 0
0.583000 -1.055000 -1.229000 16 0
0.584000 -1.125000 -1.228000 17 0
0.583000 -1.196000 -1.224000 15 0
0.553000 -0.990000 -1.223000 14 0
0.560000 -1.068000 -1.230000 16 0
0.558000 -1.138000 -1.229000 16 0
0.555000 -1.210000 -1.229000 15 0
0.536000 -1.008000 -1.229000 12 0
0.538000 -1.083000 -1.233000 19 0
0.532000 -1.150000 -1.231000 18 0
0.526000 -1.220000 -1.230000 16 0
0.515000 -1.020000 -1.227000 17 0
0.515000 -1.095000 -1.233000 15 0
0.507000 -1.165000 -1.236000 16 0
0.497000 -1.232000 -1.233000 16 0
0.496000 -1.035000 -1.230000 17 0
0.491000 -1.106000 -1.233000 15 0
0.480000 -1.172000 -1.234000 11 0
0.468000 -1.243000 -1.236000 5 0
0.475000 -1.046000 -1.228000 15 0
0.468000 -1.118000 -1.234000 3 0
0.000000 -0.000000 -0.000000 0 0
0.000000 -0.000000 -0.000000 0 0
0.000000 -0.000000 -0.000000 0 0
0.000000 -0.000000 -0.000000 0 0
0.040000 -0.113000 -0.117000 0 16
0.040000 -0.125000 -0.123000 1 0
0.044000 -0.111000 -0.127000 1 16
0.043000 -0.119000 -0.129000 1 16
0.000000 -0.000000 -0.000000 0 0
0.000000 -0.000000 -0.000000 0 0
0.000000 -0.000000 -0.000000 0 0
0.000000 -0.000000 -0.000000 0 0
0.034000 -0.110000 -0.113000 0 0
0.031000 -0.115000 -0.112000 1 0
0.040000 -0.114000 -0.128000 6 16
0.038000 -0.120000 -0.128000 1 0
0.000000 -0.000000 -0.000000 0 0
0.000000 -0.000000 -0.000000 0 0
0.000000 -0.000000 -0.000000 0 0
0.000000 -0.000000 -0.000000 0 0
0.029000 -0.113000 -0.114000 0 16
0.026000 -0.120000 -0.117000 1 0
0.030000 -0.097000 -0.107000 1 0
0.031000 -0.114000 -0.120000 0 16
0.000000 -0.000000 -0.000000 0 0
0.000000 -0.000000 -0.000000 0 0
0.000000 -0.000000 -0.000000 0 0
0.000000 -0.000000 -0.000000 0 0
0.023000 -0.112000 -0.113000 0 16
0.013000 -0.076000 -0.074000 0 0
0.026000 -0.100000 -0.108000 1 0
0.025000 -0.110000 -0.115000 0 16
0.000000 -0.000000 -0.000000 0 0
0.000000 -0.000000 -0.000000 0 0
0.000000 -0.000000 -0.000000 0 0
0.000000 -0.000000 -0.000000 0 0
0.000000 -0.000000 -0.000000 0 192
0.000000 -0.000000 -0.000000 0 128
0.023000 -0.106000 -0.114000 1 0
0.012000 -0.071000 -0.074000 0 0
0.000000 -0.000000 -0.000000 0 128
0.000000 -0.000000 -0.000000 0 128
0.000000 -0.000000 -0.000000 0 0
0.000000 -0.000000 -0.000000 0 0
0.000000 -0.000000 -0.000000 0 128
0.009000 -0.110000 -0.107000 0 0
0.694000 -0.867000 -1.218000 11 0
0.729000 -0.946000 -1.221000 15 0
0.726000 -0.983000 -1.174000 6 0
0.783000 -1.102000 -1.221000 14 0
0.680000 -0.885000 -1.221000 15 0
0.709000 -0.962000 -1.221000 15 0
0.733000 -1.039000 -1.223000 12 0
0.754000 -1.117000 -1.220000 15 0
0.664000 -0.903000 -1.223000 16 0
0.690000 -0.980000 -1.224000 14 0
0.709000 -1.055000 -1.223000 12 0
0.727000 -1.133000 -1.222000 15 0
0.646000 -0.917000 -1.222000 16 0
0.669000 -0.996000 -1.226000 13 0
0.686000 -1.073000 -1.227000 13 0
0.699000 -1.146000 -1.222000 13 0
0.628000 -0.933000 -1.223000 15 0
0.648000 -1.010000 -1.225000 13 0
0.658000 -1.082000 -1.222000 14 0
0.671000 -1.162000 -1.225000 18 0
0.611000 -0.949000 -1.225000 13 0
0.627000 -1.027000 -1.229000 12 0
0.634000 -1.098000 -1.225000 14 0
0.641000 -1.173000 -1.223000 17 0
0.592000 -0.963000 -1.224000 14 0
0.605000 -1.040000 -1.228000 15 0
0.608000 -1.111000 -1.225000 16 0
0.615000 -1.189000 -1.229000 14 0
0.573000 -0.977000 -1.224000 14 0
0.583000 -1.055000 -1.229000 16 0
0.584000 -1.125000 -1.228000 17 0
0.583000 -1.196000 -1.224000 15 0
0.553000 -0.990000 -1.223000 14 0
0.560000 -1.068000 -1.230000 16 0
0.558000 -1.138000 -1.229000 16 0
0.555000 -1.210000 -1.229000 15 0
0.536000 -1.008000 -1.229000 12 0
0.538000 -1.083000 -1.233000 19 0
0.532000 -1.150000 -1.231000 18 0
0.526000 -1.220000 -1.230000 16 0
0.515000 -1.020000 -1.227000 17 0
0.515000 -1.095000 -1.233000 15 0
0.507000 -1.165000 -1.236000 16 0
0.497000 -1.232000 -1.233000 16 0
0.496000 -1.035000 -1.230000 17 0
0.491000 -1.106000 -1.233000 15 0
0.480000 -1.172000 -1.234000 11 0
0.468000 -1.243000 -1.236000 5 0
0.475000 -1.046000 -1.228000 15 0
0.468000 -1.118000 -1.234000 3 0
0.000000 -0.000000 -0.000000 0 0
0.000000 -0.000000 -0.000000 0 0
0.000000 -0.000000 -0.000000 0 0
0.000000 -0.000000 -0.000000 0 0
0.040000 -0.113000 -0.117000 0 16
0.040000 -0.125000 -0.123000 1 0
0.044000 -0.111000 -0.127000 1 16
0.043000 -0.119000 -0.129000 1 16
0.000000 -0.000000 -0.000000 0 0
0.000000 -0.000000 -0.000000 0 0
0.000000 -0.000000 -0.000000 0 0
0.000000 -0.000000 -0.000000 0 0
0.034000 -0.110000 -0.113000 0 0
0.031000 -0.115000 -0.112000 1 0
0.040000 -0.114000 -0.128000 6 16
0.038000 -0.120000 -0.128000 1 0
0.000000 -0.000000 -0.000000 0 0
0.000000 -0.000000 -0.000000 0 0
0.000000 -0.000000 -0.000000 0 0
0.000000 -0.000000 -0.000000 0 0
0.029000 -0.113000 -0.114000 0 16
0.026000 -0.120000 -0.117000 1 0
0.030000 -0.097000 -0.107000 1 0
0.031000 -0.114000 -0.120000 0 16
0.000000 -0.000000 -0.000000 0 0
0.000000 -0.000000 -0.000000 0 0
0.000000 -0.000000 -0.000000 0 0
0.000000 -0.000000 -0.000000 0 0
0.023000 -0.112000 -0.113000 0 16
0.013000 -0.076000 -0.074000 0 0
0.026000 -0.100000 -0.108000 1 0
0.025000 -0.110000 -0.115000 0 16
0.000000 -0.000000 -0.000000 0 0
0.000000 -0.000000 -0.000000 0 0
0.000000 -0.000000 -0.000000 0 0
0.000000 -0.000000 -0.000000 0 0
0.000000 -0.000000 -0.000000 0 192
0.000000 -0.000000 -0.000000 0 128
0.023000 -0.106000 -0.114000 1 0
0.012000 -0.071000 -0.074000 0 0
0.000000 -0.000000 -0.000000 0 128
0.000000 -0.000000 -0.000000 0 128
0.000000 -0.000000 -0.000000 0 0
0.000000 -0.000000 -0.000000 0 0
0.000000 -0.000000 -0.000000 0 128
0.009000 -0.110000 -0.107000 0 0
0.000000 -0.000000 -0.000000 0 128
0.000000 -0.000000 -0.000000 0 128
0.000000 -0.000000 -0.000000 0 128
0.000000 -0.000000 -0.000000 0 0
0.000000 -0.000000 -0.000000 0 128
0.000000 -0.000000 -0.000000 0 128
0.008000 -0.115000 -0.115000 0 0
0.000000 -0.000000 -0.000000 0 128
0.000000 -0.000000 -0.000000 0 128
0.010000 -0.111000 -0.113000 0 0
0.000000 -0.000000 -0.000000 0 0
0.000000 -0.000000 -0.000000 0 128
0.000000 -0.000000 -0.000000 0 128
0.000000 -0.000000 -0.000000 0 0
0.000000 -0.000000 -0.000000 0 128
-0.001000 -0.115000 -0.113000 0 0
0.009000 -0.108000 -0.111000 1 0
0.000000 -0.000000 -0.000000 0 128
0.000000 -0.000000 -0.000000 0 128
0.000000 -0.000000 -0.000000 0 0
0.000000 -0.000000 -0.000000 0 0
0.000000 -0.000000 -0.000000 0 128
-0.001000 -0.110000 -0.111000 0 0
-0.006000 -0.115000 -0.114000 1 0
0.000000 -0.000000 -0.000000 0 128
0.000000 -0.107000 -0.108000 0 0
0.000000 -0.000000 -0.000000 0 0
0.000000 -0.000000 -0.000000 0 0
0.000000 -0.000000 -0.000000 0 128
0.000000 -0.000000 -0.000000 0 0
-0.007000 -0.116000 -0.116000 0 0
-0.012000 -0.117000 -0.117000 1 0
0.000000 -0.106000 -0.108000 0 0
-0.004000 -0.117000 -0.118000 0 0
0.000000 -0.000000 -0.000000 0 0
0.000000 -0.000000 -0.000000 0 0
0.000000 -0.000000 -0.000000 0 0
0.000000 -0.000000 -0.000000 0 0
-0.012000 -0.115000 -0.117000 0 0
-0.016000 -0.110000 -0.112000 0 0
-0.004000 -0.112000 -0.113000 1 0
-0.010000 -0.117000 -0.119000 0 0
0.000000 -0.000000 -0.000000 0 0
0.000000 -0.000000 -0.000000 0 0
0.000000 -0.000000 -0.000000 0 0
0.000000 -0.000000 -0.000000 0 0
-0.017000 -0.116000 -0.118000 0 16
0.000000 -0.000000 -0.000000 0 0
-0.009000 -0.112000 -0.114000 1 0
-0.015000 -0.122000 -0.124000 0 0
0.000000 -0.000000 -0.000000 0 0
0.000000 -0.000000 -0.000000 0 0
0.000000 -0.000000 -0.000000 0 0
0.000000 -0.000000 -0.000000 0 0
0.000000 -0.000000 -0.000000 0 0
0.000000 -0.000000 -0.000000 0 0
-0.014000 -0.114000 -0.115000 1 0
-0.022000 -0.131000 -0.134000 0 0
0.000000 -0.000000 -0.000000 0 0
0.000000 -0.000000 -0.000000 0 128
0.000000 -0.000000 -0.000000 0 0
-0.217000 -1.096000 -1.126000 1 0
0.000000 -0.000000 -0.000000 0 0
0.000000 -0.000000 -0.000000 0 128
-0.021000 -0.121000 -0.123000 0 0
-0.239000 -1.081000 -1.116000 0 0
0.000000 -0.000000 -0.000000 0 0
0.000000 -0.000000 -0.000000 0 128
-0.215000 -1.091000 -1.109000 1 0
0.000000 -0.000000 -0.000000 0 0
0.000000 -0.000000 -0.000000 0 128
0.000000 -0.000000 -0.000000 0 128
-0.242000 -1.100000 -1.121000 1 0
0.000000 -0.000000 -0.000000 0 128
0.000000 -0.000000 -0.000000 0 128
-0.420000 -1.135000 -1.260000 3 0
-0.262000 -1.076000 -1.099000 1 0
0.000000 -0.000000 -0.000000 0 128
0.000000 -0.000000 -0.000000 0 128
-0.446000 -1.126000 -1.266000 8 0
0.000000 -0.000000 -0.000000 0 0
0.000000 -0.000000 -0.000000 0 128
-0.424000 -1.154000 -1.264000 1 0
-0.472000 -1.116000 -1.271000 9 0
0.000000 -0.000000 -0.000000 0 128
0.000000 -0.000000 -0.000000 0 128
-0.448000 -1.141000 -1.263000 4 0
-0.492000 -1.096000 -1.265000 1 0
0.000000 -0.000000 -0.000000 0 128
0.000000 -0.000000 -0.000000 0 128
-0.471000 -1.124000 -1.258000 9 0
0.000000 -0.000000 -0.000000 0 0
0.000000 -0.000000 -0.000000 0 192
-0.453000 -1.161000 -1.254000 1 0
-0.499000 -1.119000 -1.267000 11 0
0.000000 -0.000000 -0.000000 0 128
0.000000 -0.000000 -0.000000 0 128
0.000000 -0.000000 -0.000000 0 128
0.000000 -0.000000 -0.000000 0 128
0.000000 -0.000000 -0.000000 0 0
0.000000 -0.000000 -0.000000 0 128
0.000000 -0.000000 -0.000000 0 128
0.008000 -0.115000 -0.115000 0 0
0.000000 -0.000000 -0.000000 0 128
0.000000 -0.000000 -0.000000 0 128
0.010000 -0.111000 -0.113000 0 0
0.000000 -0.000000 -0.000000 0 0
0.000000 -0.000000 -0.000000 0 128
0.000000 -0.000000 -0.000000 0 128
0.000000 -0.000000 -0.000000 0 0
0.000000 -0.000000 -0.000000 0 128
-0.001000 -0.115000 -0.113000 0 0
0.009000 -0.108000 -0.111000 1 0
0.000000 -0.000000 -0.000000 0 128
0.000000 -0.000000 -0.000000 0 128
0.000000 -0.000000 -0.000000 0 0
0.000000 -0.000000 -0.000000 0 0
0.000000 -0.000000 -0.000000 0 128
-0.001000 -0.110000 -0.111000 0 0
-0.006000 -0.115000 -0.114000 1 0
0.000000 -0.000000 -0.000000 0 128
0.000000 -0.107000 -0.108000 0 0
0.000000 -0.000000 -0.000000 0 0
0.000000 -0.000000 -0.000000 0 0
0.000000 -0.000000 -0.000000 0 128
0.000000 -0.000000 -0.000000 0 0
-0.007000 -0.116000 -0.116000 0 0
-0.012000 -0.117000 -0.117000 1 0
0.000000 -0.106000 -0.108000 0 0
-0.004000 -0.117000 -0.118000 0 0
0.000000 -0.000000 -0.000000 0 0
0.000000 -0.000000 -0.000000 0 0
0.000000 -0.000000 -0.000000 0 0
0.000000 -0.000000 -0.000000 0 0
-0.012000 -0.115000 -0.117000 0 0
-0.016000 -0.110000 -0.112000 0 0
-0.004000 -0.112000 -0.113000 1 0
-0.010000 -0.117000 -0.119000 0 0
0.000000 -0.000000 -0.000000 0 0
0.000000 -0.000000 -0.000000 0 0
0.000000 -0.000000 -0.000000 0 0
0.000000 -0.000000 -0.000000 0 0
-0.017000 -0.116000 -0.118000 0 16
0.000000 -0.000000 -0.000000 0 0
-0.009000 -0.112000 -0.114000 1 0
-0.015000 -0.122000 -0.124000 0 0
0.000000 -0.000000 -0.000000 0 0
0.000000 -0.000000 -0.000000 0 0
0.000000 -0.000000 -0.000000 0 0
0.000000 -0.000000 -0.000000 0 0
0.000000 -0.000000 -0.000000 0 0
0.000000 -0.000000 -0.000000 0 0
-0.014000 -0.114000 -0.115000 1 0
-0.022000 -0.131000 -0.134000 0 0
0.000000 -0.000000 -0.000000 0 0
0.000000 -0.000000 -0.000000 0 128
0.000000 -0.000000 -0.000000 0 0
-0.217000 -1.096000 -1.126000 1 0
0.000000 -0.000000 -0.000000 0 0
0.000000 -0.000000 -0.000000 0 128
-0.021000 -0.121000 -0.123000 0 0
-0.239000 -1.081000 -1.116000 0 0
0.000000 -0.000000 -0.000000 0 0
0.000000 -0.000000 -0.000000 0 128
-0.215000 -1.091000 -1.109000 1 0
0.000000 -0.000000 -0.000000 0 0
0.000000 -0.000000 -0.000000 0 128
0.000000 -0.000000 -0.000000 0 128
-0.242000 -1.100000 -1.121000 1 0
0.000000 -0.000000 -0.000000 0 128
0.000000 -0.000000 -0.000000 0 128
-0.420000 -1.135000 -1.260000 3 0
-0.262000 -1.076000 -1.099000 1 0
0.000000 -0.000000 -0.000000 0 128
0.000000 -0.000000 -0.000000 0 128
-0.446000 -1.126000 -1.266000 8 0
0.000000 -0.000000 -0.000000 0 0
0.000000 -0.000000 -0.000000 0 128
-0.424000 -1.154000 -1.264000 1 0
-0.472000 -1.116000 -1.271000 9 0
0.000000 -0.000000 -0.000000 0 128
0.000000 -0.000000 -0.000000 0 128
-0.448000 -1.141000 -1.263000 4 0
-0.492000 -1.096000 -1.265000 1 0
0.000000 -0.000000 -0.000000 0 128
0.000000 -0.000000 -0.000000 0 128
-0.471000 -1.124000 -1.258000 9 0
0.000000 -0.000000 -0.000000 0 0
0.000000 -0.000000 -0.000000 0 192
-0.453000 -1.161000 -1.254000 1 0
-0.499000 -1.119000 -1.267000 11 0
0.000000 -0.000000 -0.000000 0 128
0.000000 -0.000000 -0.000000 0 128
-0.486000 -1.167000 -1.271000 4 0
-0.524000 -1.110000 -1.271000 6 0
0.000000 -0.000000 -0.000000 0 128
0.000000 -0.000000 -0.000000 0 128
-0.510000 -1.152000 -1.267000 9 0
-0.549000 -1.098000 -1.274000 4 0
0.000000 -0.000000 -0.000000 0 128
0.000000 -0.000000 -0.000000 0 128
-0.535000 -1.140000 -1.266000 12 0
-0.572000 -1.082000 -1.272000 4 0
-0.603000 -1.018000 -1.270000 10 0
0.000000 -0.000000 -0.000000 0 128
-0.561000 -1.130000 -1.268000 14 0
-0.590000 -1.059000 -1.262000 9 0
-0.623000 -0.999000 -1.269000 14 0
-0.547000 -1.168000 -1.256000 7 0
-0.587000 -1.119000 -1.270000 13 0
-0.618000 -1.053000 -1.273000 13 0
-0.642000 -0.981000 -1.268000 14 0
-0.580000 -1.170000 -1.269000 10 0
-0.611000 -1.104000 -1.268000 14 0
-0.639000 -1.035000 -1.271000 14 0
-0.662000 -0.964000 -1.270000 15 0
-0.608000 -1.160000 -1.270000 19 0
-0.637000 -1.092000 -1.270000 15 0
-0.662000 -1.021000 -1.274000 16 0
-0.681000 -0.945000 -1.270000 17 0
-0.636000 -1.151000 -1.272000 18 0
-0.659000 -1.075000 -1.267000 27 0
-0.675000 -0.993000 -1.259000 39 0
-0.693000 -0.918000 -1.259000 42 0
-0.649000 -1.114000 -1.245000 39 0
-0.668000 -1.036000 -1.238000 38 0
-0.685000 -0.961000 -1.239000 43 0
-0.698000 -0.883000 -1.237000 42 0
-0.661000 -1.079000 -1.219000 49 0
-0.676000 -1.000000 -1.213000 49 0
-0.693000 -0.928000 -1.219000 45 0
-0.709000 -0.857000 -1.227000 43 0
-0.677000 -1.051000 -1.203000 63 0
-0.695000 -0.980000 -1.207000 54 0
-0.708000 -0.906000 -1.212000 12 0
0.000000 -0.000000 -0.000000 11 64
-0.688000 -1.016000 -1.178000 58 0
-0.707000 -0.951000 -1.190000 57 0
-0.712000 -0.870000 -1.187000 50 0
-0.724000 -0.800000 -1.199000 50 0
-0.699000 -0.984000 -1.157000 54 0
-0.712000 -0.914000 -1.164000 52 0
-0.728000 -0.850000 -1.184000 11 0
0.000000 -0.000000 -0.000000 12 64
-0.711000 -0.955000 -1.139000 12 0
-0.723000 -0.886000 -1.149000 10 0
-0.735000 -0.821000 -1.168000 10 0
-0.745000 -0.753000 -1.186000 51 0
-0.711000 -0.911000 -1.104000 52 0
-0.725000 -0.850000 -1.122000 53 0
-0.741000 -0.791000 -1.151000 11 0
0.000000 -0.000000 -0.000000 11 64
-0.726000 -0.888000 -1.094000 12 0
-0.740000 -0.829000 -1.116000 10 0
-0.752000 -0.768000 -1.143000 10 0
0.000000 -0.000000 -0.000000 11 64
-0.735000 -0.859000 -1.076000 13 0
-0.745000 -0.798000 -1.096000 10 0
-0.752000 -0.735000 -1.120000 10 0
0.000000 -0.000000 -0.000000 11 64
-0.737000 -0.822000 -1.049000 13 0
-0.748000 -0.766000 -1.076000 10 0
-0.759000 -0.710000 -1.109000 10 0
0.000000 -0.000000 -0.000000 11 64
-0.746000 -0.795000 -1.035000 13 0
-0.758000 -0.742000 -1.065000 10 0
-0.767000 -0.687000 -1.101000 10 0
0.000000 -0.000000 -0.000000 11 64
-0.751000 -0.766000 -1.017000 13 0
-0.765000 -0.717000 -1.053000 10 0
-0.775000 -0.664000 -1.093000 10 0
0.000000 -0.000000 -0.000000 12 64
-0.760000 -0.740000 -1.004000 13 0
-0.771000 -0.690000 -1.039000 10 0
-0.782000 -0.640000 -1.083000 10 0
0.000000 -0.000000 -0.000000 12 64
-0.767000 -0.714000 -0.991000 13 0
-0.778000 -0.666000 -1.029000 10 0
0.000000 -0.000000 -0.000000 10 0
0.000000 -0.000000 -0.000000 12 64
-0.776000 -0.690000 -0.980000 13 0
-0.784000 -0.641000 -1.018000 10 0
0.000000 -0.000000 -0.000000 11 0
0.000000 -0.000000 -0.000000 12 64
-0.783000 -0.664000 -0.968000 13 0
-0.790000 -0.617000 -1.007000 10 0
0.000000 -0.000000 -0.000000 11 0
0.000000 -0.000000 -0.000000 12 64
0.000000 -0.000000 -0.000000 0 128
-0.486000 -1.167000 -1.271000 4 0
-0.524000 -1.110000 -1.271000 6 0
0.000000 -0.000000 -0.000000 0 128
0.000000 -0.000000 -0.000000 0 128
-0.510000 -1.152000 -1.267000 9 0
-0.549000 -1.098000 -1.274000 4 0
0.000000 -0.000000 -0.000000 0 128
0.000000 -0.000000 -0.000000 0 128
-0.535000 -1.140000 -1.266000 12 0
-0.572000 -1.082000 -1.272000 4 0
-0.603000 -1.018000 -1.270000 10 0
0.000000 -0.000000 -0.000000 0 128
-0.561000 -1.130000 -1.268000 14 0
-0.590000 -1.059000 -1.262000 9 0
-0.623000 -0.999000 -1.269000 14 0
-0.547000 -1.168000 -1.256000 7 0
-0.587000 -1.119000 -1.270000 13 0
-0.618000 -1.053000 -1.273000 13 0
-0.642000 -0.981000 -1.268000 14 0
-0.580000 -1.170000 -1.269000 10 0
-0.611000 -1.104000 -1.268000 14 0
-0.639000 -1.035000 -1.271000 14 0
-0.662000 -0.964000 -1.270000 15 0
-0.608000 -1.160000 -1.270000 19 0
-0.637000 -1.092000 -1.270000 15 0
-0.662000 -1.021000 -1.274000 16 0
-0.681000 -0.945000 -1.270000 17 0
-0.636000 -1.151000 -1.272000 18 0
-0.659000 -1.075000 -1.267000 27 0
-0.675000 -0.993000 -1.259000 39 0
-0.693000 -0.918000 -1.259000 42 0
-0.649000 -1.114000 -1.245000 39 0
-0.668000 -1.036000 -1.238000 38 0
-0.685000 -0.961000 -1.239000 43 0
-0.698000 -0.883000 -1.237000 42 0
-0.661000 -1.079000 -1.219000 49 0
-0.676000 -1.000000 -1.213000 49 0
-0.693000 -0.928000 -1.219000 45 0
-0.709000 -0.857000 -1.227000 43 0
-0.677000 -1.051000 -1.203000 63 0
-0.695000 -0.980000 -1.207000 54 0
-0.708000 -0.906000 -1.212000 12 0
0.000000 -0.000000 -0.000000 11 64
-0.688000 -1.016000 -1.178000 58 0
-0.707000 -0.951000 -1.190000 57 0
-0.712000 -0.870000 -1.187000 50 0
-0.724000 -0.800000 -1.199000 50 0
-0.699000 -0.984000 -1.157000 54 0
-0.712000 -0.914000 -1.164000 52 0
-0.728000 -0.850000 -1.184000 11 0
0.000000 -0.000000 -0.000000 12 64
-0.711000 -0.955000 -1.139000 12 0
-0.723000 -0.886000 -1.149000 10 0
-0.735000 -0.821000 -1.168000 10 0
-0.745000 -0.753000 -1.186000 51 0
-0.711000 -0.911000 -1.104000 52 0
-0.725000 -0.850000 -1.122000 53 0
-0.741000 -0.791000 -1.151000 11 0
0.000000 -0.000000 -0.000000 11 64
-0.726000 -0.888000 -1.094000 12 0
-0.740000 -0.829000 -1.116000 10 0
-0.752000 -0.768000 -1.143000 10 0
0.000000 -0.000000 -0.000000 11 64
-0.735000 -0.859000 -1.076000 13 0
-0.745000 -0.798000 -1.096000 10 0
-0.752000 -0.735000 -1.120000 10 0
0.000000 -0.000000 -0.000000 11 64
-0.737000 -0.822000 -1.049000 13 0
-0.748000 -0.766000 -1.076000 10 0
-0.759000 -0.710000 -1.109000 10 0
0.000000 -0.000000 -0.000000 11 64
-0.746000 -0.795000 -1.035000 13 0
-0.758000 -0.742000 -1.065000 10 0
-0.767000 -0.687000 -1.101000 10 0
0.000000 -0.000000 -0.000000 11 64
-0.751000 -0.766000 -1.017000 13 0
-0.765000 -0.717000 -1.053000 10 0
-0.775000 -0.664000 -1.093000 10 0
0.000000 -0.000000 -0.000000 12 64
-0.760000 -0.740000 -1.004000 13 0
-0.771000 -0.690000 -1.039000 10 0
-0.782000 -0.640000 -1.083000 10 0
0.000000 -0.000000 -0.000000 12 64
-0.767000 -0.714000 -0.991000 13 0
-0.778000 -0.666000 -1.029000 10 0
0.000000 -0.000000 -0.000000 10 0
0.000000 -0.000000 -0.000000 12 64
-0.776000 -0.690000 -0.980000 13 0
-0.784000 -0.641000 -1.018000 10 0
0.000000 -0.000000 -0.000000 11 0
0.000000 -0.000000 -0.000000 12 64
-0.783000 -0.664000 -0.968000 13 0
-0.790000 -0.617000 -1.007000 10 0
0.000000 -0.000000 -0.000000 11 0
0.000000 -0.000000 -0.000000 12 64
-0.791000 -0.641000 -0.958000 13 0
-0.796000 -0.593000 -0.998000 11 0
0.000000 -0.000000 -0.000000 11 0
0.000000 -0.000000 -0.000000 12 64
-0.797000 -0.616000 -0.948000 13 0
-0.803000 -0.570000 -0.990000 11 0
0.000000 -0.000000 -0.000000 11 0
0.000000 -0.000000 -0.000000 12 64
-0.807000 -0.594000 -0.941000 13 0
-0.811000 -0.549000 -0.985000 11 0
0.000000 -0.000000 -0.000000 12 0
0.000000 -0.000000 -0.000000 11 64
-0.811000 -0.569000 -0.930000 12 0
-0.819000 -0.528000 -0.980000 12 0
0.000000 -0.000000 -0.000000 12 0
0.000000 -0.000000 -0.000000 11 64
-0.820000 -0.548000 -0.925000 12 0
-0.822000 -0.504000 -0.970000 11 0
0.000000 -0.000000 -0.000000 12 0
0.000000 -0.000000 -0.000000 11 64
-0.827000 -0.525000 -0.917000 12 0
-0.829000 -0.484000 -0.966000 12 0
0.000000 -0.000000 -0.000000 12 0
0.000000 -0.000000 -0.000000 12 64
-0.822000 -0.496000 -0.898000 8 0
-0.836000 -0.463000 -0.962000 12 0
0.000000 -0.000000 -0.000000 12 64
0.000000 -0.000000 -0.000000 12 64
-0.819000 -0.469000 -0.882000 4 0
-0.831000 -0.436000 -0.945000 14 0
0.000000 -0.000000 -0.000000 12 64
0.000000 -0.000000 -0.000000 11 64
-0.793000 -0.430000 -0.842000 1 0
-0.845000 -0.419000 -0.950000 14 0
0.000000 -0.000000 -0.000000 12 64
0.000000 -0.000000 -0.000000 0 0
-0.718000 -0.368000 -0.753000 0 0
-0.852000 -0.399000 -0.948000 14 0
0.000000 -0.000000 -0.000000 12 0
0.000000 -0.000000 -0.000000 0 0
-0.672000 -0.325000 -0.696000 0 0
-0.853000 -0.376000 -0.939000 14 0
0.000000 -0.000000 -0.000000 0 0
0.000000 -0.000000 -0.000000 0 128
-0.638000 -0.290000 -0.653000 1 0
-0.851000 -0.353000 -0.929000 7 0
0.000000 -0.000000 -0.000000 0 0
0.000000 -0.000000 -0.000000 0 128
-0.663000 -0.283000 -0.671000 8 0
0.000000 -0.000000 -0.000000 0 0
0.000000 -0.000000 -0.000000 0 0
0.000000 -0.000000 -0.000000 9 64
0.000000 -0.000000 -0.000000 0 0
0.000000 -0.000000 -0.000000 0 0
0.000000 -0.000000 -0.000000 0 0
0.000000 -0.000000 -0.000000 12 64
0.000000 -0.000000 -0.000000 0 0
0.000000 -0.000000 -0.000000 0 0
0.000000 -0.000000 -0.000000 0 0
0.000000 -0.000000 -0.000000 13 64
0.000000 -0.000000 -0.000000 0 0
-0.861000 -0.269000 -0.910000 1 0
0.000000 -0.000000 -0.000000 12 0
0.000000 -0.000000 -0.000000 11 64
0.000000 -0.000000 -0.000000 0 0
-0.876000 -0.252000 -0.921000 8 0
0.000000 -0.000000 -0.000000 12 0
0.000000 -0.000000 -0.000000 12 64
0.000000 -0.000000 -0.000000 0 0
-0.881000 -0.232000 -0.921000 10 0
0.000000 -0.000000 -0.000000 12 0
0.000000 -0.000000 -0.000000 12 0
-0.692000 -0.187000 -0.666000 1 0
-0.884000 -0.211000 -0.919000 8 0
0.000000 -0.000000 -0.000000 12 0
0.000000 -0.000000 -0.000000 11 64
-0.729000 -0.179000 -0.697000 1 0
-0.889000 -0.192000 -0.920000 8 0
0.000000 -0.000000 -0.000000 12 0
0.000000 -0.000000 -0.000000 12 64
-0.765000 -0.170000 -0.728000 1 0
-0.901000 -0.173000 -0.929000 14 0
0.000000 -0.000000 -0.000000 12 0
0.000000 -0.000000 -0.000000 12 64
-0.839000 -0.166000 -0.794000 2 0
-0.906000 -0.153000 -0.930000 14 0
0.000000 -0.000000 -0.000000 11 0
0.000000 -0.000000 -0.000000 10 0
-0.878000 -0.152000 -0.828000 4 0
-0.908000 -0.132000 -0.930000 14 0
0.000000 -0.000000 -0.000000 12 0
0.000000 -0.000000 -0.000000 10 0
-0.913000 -0.136000 -0.858000 10 0
-0.912000 -0.112000 -0.932000 14 0
0.000000 -0.000000 -0.000000 11 0
0.000000 -0.000000 -0.000000 12 0
-0.791000 -0.641000 -0.958000 13 0
-0.796000 -0.593000 -0.998000 11 0
0.000000 -0.000000 -0.000000 11 0
0.000000 -0.000000 -0.000000 12 64
-0.797000 -0.616000 -0.948000 13 0
-0.803000 -0.570000 -0.990000 11 0
0.000000 -0.000000 -0.000000 11 0
0.000000 -0.000000 -0.000000 12 64
-0.807000 -0.594000 -0.941000 13 0
-0.811000 -0.549000 -0.985000 11 0
0.000000 -0.000000 -0.000000 12 0
0.000000 -0.000000 -0.000000 11 64
-0.811000 -0.569000 -0.930000 12 0
-0.819000 -0.528000 -0.980000 12 0
0.000000 -0.000000 -0.000000 12 0
0.000000 -0.000000 -0.000000 11 64
-0.820000 -0.548000 -0.925000 12 0
-0.822000 -0.504000 -0.970000 11 0
0.000000 -0.000000 -0.000000 12 0
0.000000 -0.000000 -0.000000 11 64
-0.827000 -0.525000 -0.917000 12 0
-0.829000 -0.484000 -0.966000 12 0
0.000000 -0.000000 -0.000000 12 0
0.000000 -0.000000 -0.000000 12 64
-0.822000 -0.496000 -0.898000 8 0
-0.836000 -0.463000 -0.962000 12 0
0.000000 -0.000000 -0.000000 12 64
0.000000 -0.000000 -0.000000 12 64
-0.819000 -0.469000 -0.882000 4 0
-0.831000 -0.436000 -0.945000 14 0
0.000000 -0.000000 -0.000000 12 64
0.000000 -0.000000 -0.000000 11 64
-0.793000 -0.430000 -0.842000 1 0
-0.845000 -0.419000 -0.950000 14 0
0.000000 -0.000000 -0.000000 12 64
0.000000 -0.000000 -0.000000 0 0
-0.718000 -0.368000 -0.753000 0 0
-0.852000 -0.399000 -0.948000 14 0
0.000000 -0.000000 -0.000000 12 0
0.000000 -0.000000 -0.000000 0 0
-0.672000 -0.325000 -0.696000 0 0
-0.853000 -0.376000 -0.939000 14 0
0.000000 -0.000000 -0.000000 0 0
0.000000 -0.000000 -0.000000 0 128
-0.638000 -0.290000 -0.653000 1 0
-0.851000 -0.353000 -0.929000 7 0
0.000000 -0.000000 -0.000000 0 0
0.000000 -0.000000 -0.000000 0 128
-0.663000 -0.283000 -0.671000 8 0
0.000000 -0.000000 -0.000000 0 0
0.000000 -0.000000 -0.000000 0 0
0.000000 -0.000000 -0.000000 9 64
0.000000 -0.000000 -0.000000 0 0
0.000000 -0.000000 -0.000000 0 0
0.000000 -0.000000 -0.000000 0 0
0.000000 -0.000000 -0.000000 12 64
0.000000 -0.000000 -0.000000 0 0
0.000000 -0.000000 -0.000000 0 0
0.000000 -0.000000 -0.000000 0 0
0.000000 -0.000000 -0.000000 13 64
0.000000 -0.000000 -0.000000 0 0
-0.861000 -0.269000 -0.910000 1 0
0.000000 -0.000000 -0.000000 12 0
0.000000 -0.000000 -0.000000 11 64
0.000000 -0.000000 -0.000000 0 0
-0.876000 -0.252000 -0.921000 8 0
0.000000 -0.000000 -0.000000 12 0
0.000000 -0.000000 -0.000000 12 64
0.000000 -0.000000 -0.000000 0 0
-0.881000 -0.232000 -0.921000 10 0
0.000000 -0.000000 -0.000000 12 0
0.000000 -0.000000 -0.000000 12 0
-0.692000 -0.187000 -0.666000 1 0
-0.884000 -0.211000 -0.919000 8 0
0.000000 -0.000000 -0.000000 12 0
0.000000 -0.000000 -0.000000 11 64
-0.729000 -0.179000 -0.697000 1 0
-0.889000 -0.192000 -0.920000 8 0
0.000000 -0.000000 -0.000000 12 0
0.000000 -0.000000 -0.000000 12 64
-0.765000 -0.170000 -0.728000 1 0
-0.901000 -0.173000 -0.929000 14 0
0.000000 -0.000000 -0.000000 12 0
0.000000 -0.000000 -0.000000 12 64
-0.839000 -0.166000 -0.794000 2 0
-0.906000 -0.153000 -0.930000 14 0
0.000000 -0.000000 -0.000000 11 0
0.000000 -0.000000 -0.000000 10 0
-0.878000 -0.152000 -0.828000 4 0
-0.908000 -0.132000 -0.930000 14 0
0.000000 -0.000000 -0.000000 12 0
0.000000 -0.000000 -0.000000 10 0
-0.913000 -0.136000 -0.858000 10 0
-0.912000 -0.112000 -0.932000 14 0
0.000000 -0.000000 -0.000000 11 0
0.000000 -0.000000 -0.000000 12 0
-0.912000 -0.115000 -0.854000 16 0
-0.923000 -0.092000 -0.941000 11 0
0.000000 -0.000000 -0.000000 11 0
0.000000 -0.000000 -0.000000 11 0
-0.925000 -0.094000 -0.864000 15 0
-0.928000 -0.071000 -0.945000 11 0
0.000000 -0.000000 -0.000000 11 0
0.000000 -0.000000 -0.000000 11 0
-0.931000 -0.073000 -0.868000 11 0
-0.934000 -0.051000 -0.950000 11 0
0.000000 -0.000000 -0.000000 11 0
0.000000 -0.000000 -0.000000 11 0
-0.934000 -0.051000 -0.870000 8 0
-0.937000 -0.030000 -0.953000 11 0
0.000000 -0.000000 -0.000000 11 0
0.000000 -0.000000 -0.000000 11 0
-0.919000 -0.029000 -0.856000 1 64
-0.935000 -0.008000 -0.951000 8 0
0.000000 -0.000000 -0.000000 11 0
0.000000 -0.000000 -0.000000 8 0
0.000000 -0.000000 -0.000000 0 0
-0.942000 0.012000 -0.959000 7 0
0.000000 -0.000000 -0.000000 8 0
0.000000 -0.000000 -0.000000 1 0
0.000000 -0.000000 -0.000000 0 0
-0.940000 0.033000 -0.959000 1 64
0.000000 -0.000000 -0.000000 4 64
0.000000 -0.000000 -0.000000 0 0
0.000000 -0.000000 -0.000000 0 192
0.000000 -0.000000 -0.000000 0 0
0.000000 -0.000000 -0.000000 0 64
0.000000 -0.000000 -0.000000 0 128
0.000000 -0.000000 -0.000000 0 192
0.000000 -0.000000 -0.000000 0 0
0.000000 -0.000000 -0.000000 0 0
0.000000 -0.000000 -0.000000 0 0
0.000000 -0.000000 -0.000000 0 0
0.000000 -0.000000 -0.000000 0 0
0.000000 -0.000000 -0.000000 0 128
-0.947000 0.139000 -1.195000 8 0
-0.960000 0.104000 -0.902000 11 0
-0.947000 0.120000 -0.975000 1 64
0.000000 -0.000000 -0.000000 0 0
0.000000 -0.000000 -0.000000 2 0
-0.974000 0.129000 -0.918000 12 0
0.000000 -0.000000 -0.000000 0 0
0.000000 -0.000000 -0.000000 6 0
-0.943000 0.178000 -1.200000 41 0
-0.973000 0.152000 -0.921000 16 0
-0.971000 0.167000 -1.009000 9 0
0.000000 -0.000000 -0.000000 9 0
0.000000 -0.000000 -0.000000 8 0
-0.982000 0.177000 -0.934000 12 0
-0.976000 0.191000 -1.019000 10 0
0.000000 -0.000000 -0.000000 0 0
0.000000 -0.000000 -0.000000 0 0
-0.975000 0.200000 -0.933000 2 0
-0.973000 0.213000 -1.021000 1 0
-0.964000 0.226000 -1.117000 5 0
0.000000 -0.000000 -0.000000 0 0
-0.969000 0.222000 -0.932000 0 0
-0.972000 0.237000 -1.027000 6 0
0.000000 -0.000000 -0.000000 0 0
-0.972000 0.268000 -1.262000 15 0
-0.996000 0.253000 -0.964000 1 1
-1.071000 0.286000 -1.139000 0 2
-1.065000 0.299000 -1.250000 9 0
0.000000 -0.000000 -0.000000 1 0
-1.075000 0.300000 -1.049000 8 0
-1.068000 0.312000 -1.144000 6 0
-1.065000 0.324000 -1.258000 11 0
-0.958000 0.307000 -1.261000 14 0
-1.090000 0.332000 -1.072000 1 0
-1.075000 0.340000 -1.161000 6 0
-1.060000 0.348000 -1.262000 12 0
0.000000 -0.000000 -0.000000 1 0
-1.085000 0.359000 -1.077000 6 0
-1.080000 0.369000 -1.176000 6 0
-1.054000 0.371000 -1.264000 13 0
-0.950000 0.348000 -1.268000 14 0
-1.097000 0.391000 -1.099000 0 0
-1.090000 0.400000 -1.197000 6 0
-1.045000 0.394000 -1.264000 12 0
0.000000 -0.000000 -0.000000 1 0
-1.095000 0.420000 -1.108000 7 0
-1.095000 0.430000 -1.215000 7 0
-1.034000 0.416000 -1.262000 13 0
-0.930000 0.385000 -1.261000 14 0
-1.105000 0.454000 -1.130000 7 0
-1.103000 0.462000 -1.236000 7 0
-1.025000 0.438000 -1.263000 12 0
0.000000 -0.000000 -0.000000 1 0
-1.105000 0.484000 -1.143000 6 0
-1.114000 0.497000 -1.261000 10 0
-1.017000 0.461000 -1.265000 13 0
-0.917000 0.424000 -1.264000 13 0
-0.912000 -0.115000 -0.854000 16 0
-0.923000 -0.092000 -0.941000 11 0
0.000000 -0.000000 -0.000000 11 0
0.000000 -0.000000 -0.000000 11 0
-0.925000 -0.094000 -0.864000 15 0
-0.928000 -0.071000 -0.945000 11 0
0.000000 -0.000000 -0.000000 11 0
0.000000 -0.000000 -0.000000 11 0
-0.931000 -0.073000 -0.868000 11 0
-0.934000 -0.051000 -0.950000 11 0
0.000000 -0.000000 -0.000000 11 0
0.000000 -0.000000 -0.000000 11 0
-0.934000 -0.051000 -0.870000 8 0
-0.937000 -0.030000 -0.953000 11 0
0.000000 -0.000000 -0.000000 11 0
0.000000 -0.000000 -0.000000 11 0
-0.919000 -0.029000 -0.856000 1 64
-0.935000 -0.008000 -0.951000 8 0
0.000000 -0.000000 -0.000000 11 0
0.000000 -0.000000 -0.000000 8 0
0.000000 -0.000000 -0.000000 0 0
-0.942000 0.012000 -0.959000 7 0
0.000000 -0.000000 -0.000000 8 0
0.000000 -0.000000 -0.000000 1 0
0.000000 -0.000000 -0.000000 0 0
-0.940000 0.033000 -0.959000 1 64
0.000000 -0.000000 -0.000000 4 64
0.000000 -0.000000 -0.000000 0 0
0.000000 -0.000000 -0.000000 0 192
0.000000 -0.000000 -0.000000 0 0
0.000000 -0.000000 -0.000000 0 64
0.000000 -0.000000 -0.000000 0 128
0.000000 -0.000000 -0.000000 0 192
0.000000 -0.000000 -0.000000 0 0
0.000000 -0.000000 -0.000000 0 0
0.000000 -0.000000 -0.000000 0 0
0.000000 -0.000000 -0.000000 0 0
0.000000 -0.000000 -0.000000 0 0
0.000000 -0.000000 -0.000000 0 128
-0.947000 0.139000 -1.195000 8 0
-0.960000 0.104000 -0.902000 11 0
-0.947000 0.120000 -0.975000 1 64
0.000000 -0.000000 -0.000000 0 0
0.000000 -0.000000 -0.000000 2 0
-0.974000 0.129000 -0.918000 12 0
0.000000 -0.000000 -0.000000 0 0
0.000000 -0.000000 -0.000000 6 0
-0.943000 0.178000 -1.200000 41 0
-0.973000 0.152000 -0.921000 16 0
-0.971000 0.167000 -1.009000 9 0
0.000000 -0.000000 -0.000000 9 0
0.000000 -0.000000 -0.000000 8 0
-0.982000 0.177000 -0.934000 12 0
-0.976000 0.191000 -1.019000 10 0
0.000000 -0.000000 -0.000000 0 0
0.000000 -0.000000 -0.000000 0 0
-0.975000 0.200000 -0.933000 2 0
-0.973000 0.213000 -1.021000 1 0
-0.964000 0.226000 -1.117000 5 0
0.000000 -0.000000 -0.000000 0 0
-0.969000 0.222000 -0.932000 0 0
-0.972000 0.237000 -1.027000 6 0
0.000000 -0.000000 -0.000000 0 0
-0.972000 0.268000 -1.262000 15 0
-0.996000 0.253000 -0.964000 1 1
-1.071000 0.286000 -1.139000 0 2
-1.065000 0.299000 -1.250000 9 0
0.000000 -0.000000 -0.000000 1 0
-1.075000 0.300000 -1.049000 8 0
-1.068000 0.312000 -1.144000 6 0
-1.065000 0.324000 -1.258000 11 0
-0.958000 0.307000 -1.261000 14 0
-1.090000 0.332000 -1.072000 1 0
-1.075000 0.340000 -1.161000 6 0
-1.060000 0.348000 -1.262000 12 0
0.000000 -0.000000 -0.000000 1 0
-1.085000 0.359000 -1.077000 6 0
-1.080000 0.369000 -1.176000 6 0
-1.054000 0.371000 -1.264000 13 0
-0.950000 0.348000 -1.268000 14 0
-1.097000 0.391000 -1.099000 0 0
-1.090000 0.400000 -1.197000 6 0
-1.045000 0.394000 -1.264000 12 0
0.000000 -0.000000 -0.000000 1 0
-1.095000 0.420000 -1.108000 7 0
-1.095000 0.430000 -1.215000 7 0
-1.034000 0.416000 -1.262000 13 0
-0.930000 0.385000 -1.261000 14 0
-1.105000 0.454000 -1.130000 7 0
-1.103000 0.462000 -1.236000 7 0
-1.025000 0.438000 -1.263000 12 0
0.000000 -0.000000 -0.000000 1 0
-1.105000 0.484000 -1.143000 6 0
-1.114000 0.497000 -1.261000 10 0
-1.017000 0.461000 -1.265000 13 0
-0.917000 0.424000 -1.264000 13 0
-1.115000 0.520000 -1.168000 6 0
-1.110000 0.525000 -1.271000 14 0
-1.007000 0.483000 -1.266000 12 0
0.000000 -0.000000 -0.000000 1 0
-1.118000 0.554000 -1.187000 7 0
-1.094000 0.549000 -1.269000 14 0
-0.993000 0.503000 -1.262000 12 0
-0.896000 0.460000 -1.260000 14 0
-1.127000 0.592000 -1.212000 6 0
-1.081000 0.573000 -1.269000 13 0
-0.982000 0.524000 -1.262000 12 0
0.000000 -0.000000 -0.000000 1 0
-1.151000 0.639000 -1.256000 10 0
-1.068000 0.597000 -1.271000 14 0
-0.968000 0.544000 -1.260000 13 0
-0.877000 0.497000 -1.259000 14 0
-1.146000 0.672000 -1.270000 13 0
-1.051000 0.619000 -1.268000 13 0
-0.958000 0.566000 -1.262000 14 0
0.000000 -0.000000 -0.000000 1 0
-1.126000 0.697000 -1.268000 15 0
-1.039000 0.644000 -1.272000 14 0
-0.945000 0.586000 -1.262000 14 0
-0.860000 0.535000 -1.262000 13 0
-1.109000 0.722000 -1.269000 15 0
-1.020000 0.665000 -1.269000 13 0
-0.933000 0.607000 -1.263000 14 0
0.000000 -0.000000 -0.000000 1 0
-1.087000 0.745000 -1.266000 14 0
-1.006000 0.688000 -1.271000 14 0
-0.916000 0.624000 -1.258000 13 0
-0.835000 0.568000 -1.257000 13 0
-1.067000 0.769000 -1.267000 15 0
-0.985000 0.708000 -1.267000 13 0
-0.904000 0.645000 -1.261000 14 0
0.000000 -0.000000 -0.000000 1 0
-1.045000 0.791000 -1.265000 14 0
-0.967000 0.728000 -1.265000 15 0
-0.888000 0.663000 -1.258000 13 0
-0.814000 0.605000 -1.258000 12 0
-1.025000 0.813000 -1.265000 14 0
-0.948000 0.747000 -1.263000 13 0
-0.873000 0.682000 -1.258000 13 0
0.000000 -0.000000 -0.000000 1 0
-1.002000 0.835000 -1.264000 13 0
-0.927000 0.766000 -1.260000 14 0
-0.859000 0.701000 -1.258000 13 0
-0.791000 0.639000 -1.259000 12 0
-0.977000 0.853000 -1.260000 14 0
-0.911000 0.788000 -1.263000 14 0
-0.842000 0.719000 -1.257000 12 0
0.000000 -0.000000 -0.000000 2 0
-0.957000 0.876000 -1.263000 15 0
-0.890000 0.805000 -1.260000 15 0
-0.825000 0.735000 -1.254000 14 0
-0.764000 0.671000 -1.255000 14 0
-0.931000 0.893000 -1.258000 15 0
-0.870000 0.824000 -1.260000 14 0
-0.810000 0.754000 -1.256000 13 0
0.000000 -0.000000 -0.000000 2 0
-0.909000 0.913000 -1.260000 15 0
-0.849000 0.841000 -1.258000 13 0
-0.793000 0.771000 -1.255000 15 0
-0.739000 0.705000 -1.256000 13 0
-0.884000 0.931000 -1.258000 15 0
-0.829000 0.858000 -1.257000 13 0
-0.777000 0.789000 -1.256000 15 0
0.000000 -0.000000 -0.000000 2 0
-0.857000 0.946000 -1.254000 14 0
-0.806000 0.873000 -1.254000 15 0
-0.755000 0.801000 -1.248000 15 0
-0.709000 0.735000 -1.251000 15 0
-0.832000 0.963000 -1.254000 16 0
-0.786000 0.891000 -1.255000 15 0
-0.740000 0.819000 -1.252000 16 0
0.000000 -0.000000 -0.000000 2 0
-0.806000 0.977000 -1.251000 14 0
-0.762000 0.904000 -1.251000 17 0
-0.721000 0.834000 -1.249000 16 0
-0.679000 0.765000 -1.249000 17 0
-0.780000 0.992000 -1.250000 20 0
-0.741000 0.920000 -1.252000 17 0
-0.701000 0.847000 -1.246000 16 0
0.000000 -0.000000 -0.000000 2 0
-0.755000 1.007000 -1.249000 19 0
-0.721000 0.938000 -1.255000 18 0
-0.684000 0.864000 -1.248000 17 0
-0.648000 0.795000 -1.248000 19 0
-0.729000 1.021000 -1.249000 18 0
-0.696000 0.949000 -1.249000 16 0
-0.664000 0.876000 -1.244000 20 0
0.000000 -0.000000 -0.000000 3 0
-0.700000 1.031000 -1.243000 19 0
-0.674000 0.963000 -1.250000 18 0
-0.645000 0.891000 -1.246000 17 0
-0.615000 0.822000 -1.243000 18 0
-1.115000 0.520000 -1.168000 6 0
-1.110000 0.525000 -1.271000 14 0
-1.007000 0.483000 -1.266000 12 0
0.000000 -0.000000 -0.000000 1 0
-1.118000 0.554000 -1.187000 7 0
-1.094000 0.549000 -1.269000 14 0
-0.993000 0.503000 -1.262000 12 0
-0.896000 0.460000 -1.260000 14 0
-1.127000 0.592000 -1.212000 6 0
-1.081000 0.573000 -1.269000 13 0
-0.982000 0.524000 -1.262000 12 0
0.000000 -0.000000 -0.000000 1 0
-1.151000 0.639000 -1.256000 10 0
-1.068000 0.597000 -1.271000 14 0
-0.968000 0.544000 -1.260000 13 0
-0.877000 0.497000 -1.259000 14 0
-1.146000 0.672000 -1.270000 13 0
-1.051000 0.619000 -1.268000 13 0
-0.958000 0.566000 -1.262000 14 0
0.000000 -0.000000 -0.000000 1 0
-1.126000 0.697000 -1.268000 15 0
-1.039000 0.644000 -1.272000 14 0
-0.945000 0.586000 -1.262000 14 0
-0.860000 0.535000 -1.262000 13 0
-1.109000 0.722000 -1.269000 15 0
-1.020000 0.665000 -1.269000 13 0
-0.933000 0.607000 -1.263000 14 0
0.000000 -0.000000 -0.000000 1 0
-1.087000 0.745000 -1.266000 14 0
-1.006000 0.688000 -1.271000 14 0
-0.916000 0.624000 -1.258000 13 0
-0.835000 0.568000 -1.257000 13 0
-1.067000 0.769000 -1.267000 15 0
-0.985000 0.708000 -1.267000 13 0
-0.904000 0.645000 -1.261000 14 0
0.000000 -0.000000 -0.000000 1 0
-1.045000 0.791000 -1.265000 14 0
-0.967000 0.728000 -1.265000 15 0
-0.888000 0.663000 -1.258000 13 0
-0.814000 0.605000 -1.258000 12 0
-1.025000 0.813000 -1.265000 14 0
-0.948000 0.747000 -1.263000 13 0
-0.873000 0.682000 -1.258000 13 0
0.000000 -0.000000 -0.000000 1 0
-1.002000 0.835000 -1.264000 13 0
-0.927000 0.766000 -1.260000 14 0
-0.859000 0.701000 -1.258000 13 0
-0.791000 0.639000 -1.259000 12 0
-0.977000 0.853000 -1.260000 14 0
-0.911000 0.788000 -1.263000 14 0
-0.842000 0.719000 -1.257000 12 0
0.000000 -0.000000 -0.000000 2 0
-0.957000 0.876000 -1.263000 15 0
-0.890000 0.805000 -1.260000 15 0
-0.825000 0.735000 -1.254000 14 0
-0.764000 0.671000 -1.255000 14 0
-0.931000 0.893000 -1.258000 15 0
-0.870000 0.824000 -1.260000 14 0
-0.810000 0.754000 -1.256000 13 0
0.000000 -0.000000 -0.000000 2 0
-0.909000 0.913000 -1.260000 15 0
-0.849000 0.841000 -1.258000 13 0
-0.793000 0.771000 -1.255000 15 0
-0.739000 0.705000 -1.256000 13 0
-0.884000 0.931000 -1.258000 15 0
-0.829000 0.858000 -1.257000 13 0
-0.777000 0.789000 -1.256000 15 0
0.000000 -0.000000 -0.000000 2 0
-0.857000 0.946000 -1.254000 14 0
-0.806000 0.873000 -1.254000 15 0
-0.755000 0.801000 -1.248000 15 0
-0.709000 0.735000 -1.251000 15 0
-0.832000 0.963000 -1.254000 16 0
-0.786000 0.891000 -1.255000 15 0
-0.740000 0.819000 -1.252000 16 0
0.000000 -0.000000 -0.000000 2 0
-0.806000 0.977000 -1.251000 14 0
-0.762000 0.904000 -1.251000 17 0
-0.721000 0.834000 -1.249000 16 0
-0.679000 0.765000 -1.249000 17 0
-0.780000 0.992000 -1.250000 20 0
-0.741000 0.920000 -1.252000 17 0
-0.701000 0.847000 -1.246000 16 0
0.000000 -0.000000 -0.000000 2 0
-0.755000 1.007000 -1.249000 19 0
-0.721000 0.938000 -1.255000 18 0
-0.684000 0.864000 -1.248000 17 0
-0.648000 0.795000 -1.248000 19 0
-0.729000 1.021000 -1.249000 18 0
-0.696000 0.949000 -1.249000 16 0
-0.664000 0.876000 -1.244000 20 0
0.000000 -0.000000 -0.000000 3 0
-0.700000 1.031000 -1.243000 19 0
-0.674000 0.963000 -1.250000 18 0
-0.645000 0.891000 -1.246000 17 0
-0.615000 0.822000 -1.243000 18 0
-0.674000 1.045000 -1.244000 18 0
-0.651000 0.976000 -1.249000 16 0
-0.625000 0.903000 -1.242000 17 0
0.000000 -0.000000 -0.000000 4 0
-0.648000 1.057000 -1.245000 18 0
-0.626000 0.985000 -1.244000 18 0
-0.605000 0.916000 -1.241000 18 0
-0.584000 0.852000 -1.245000 18 0
-0.620000 1.066000 -1.241000 19 0
-0.603000 0.999000 -1.245000 18 0
-0.586000 0.930000 -1.243000 18 0
0.000000 -0.000000 -0.000000 5 0
-0.593000 1.076000 -1.240000 19 0
-0.580000 1.012000 -1.246000 23 0
-0.564000 0.940000 -1.239000 18 0
-0.551000 0.880000 -1.246000 17 0
-0.568000 1.089000 -1.244000 20 0
-0.556000 1.022000 -1.245000 21 0
-0.543000 0.953000 -1.238000 17 0
0.000000 -0.000000 -0.000000 5 0
-0.539000 1.094000 -1.238000 19 0
-0.532000 1.032000 -1.244000 21 0
-0.523000 0.964000 -1.237000 17 0
-0.515000 0.904000 -1.242000 17 0
-0.512000 1.103000 -1.238000 19 0
-0.507000 1.040000 -1.241000 19 0
-0.503000 0.977000 -1.239000 18 0
0.000000 -0.000000 -0.000000 5 0
-0.485000 1.113000 -1.241000 20 0
-0.484000 1.051000 -1.242000 22 0
-0.482000 0.989000 -1.240000 18 0
-0.479000 0.929000 -1.241000 17 0
-0.454000 1.110000 -1.228000 12 0
-0.458000 1.058000 -1.240000 3 0
-0.458000 0.994000 -1.233000 14 0
0.000000 -0.000000 -0.000000 5 0
-0.430000 1.124000 -1.237000 1 0
0.000000 -0.000000 -0.000000 0 0
0.000000 -0.000000 -0.000000 0 0
-0.439000 0.948000 -1.234000 10 0
0.000000 -0.000000 -0.000000 0 0
0.000000 -0.000000 -0.000000 0 0
0.000000 -0.000000 -0.000000 0 0
0.000000 -0.000000 -0.000000 0 0
0.000000 -0.000000 -0.000000 0 0
-0.381000 1.071000 -1.227000 9 0
-0.394000 1.025000 -1.234000 16 0
0.000000 -0.000000 -0.000000 0 0
-0.347000 1.136000 -1.232000 7 0
-0.358000 1.081000 -1.231000 4 0
-0.372000 1.034000 -1.234000 17 0
-0.382000 0.983000 -1.235000 13 0
-0.319000 1.138000 -1.230000 12 0
0.000000 -0.000000 -0.000000 0 0
-0.350000 1.043000 -1.235000 18 0
-0.363000 0.996000 -1.237000 17 0
-0.290000 1.135000 -1.223000 15 0
0.000000 -0.000000 -0.000000 0 0
-0.326000 1.047000 -1.229000 14 0
-0.341000 1.002000 -1.232000 17 0
-0.263000 1.139000 -1.225000 14 0
0.000000 -0.000000 -0.000000 0 0
-0.301000 1.048000 -1.222000 8 0
-0.322000 1.014000 -1.235000 15 0
0.000000 -0.000000 -0.000000 0 0
-0.258000 1.098000 -1.225000 8 0
-0.277000 1.048000 -1.214000 1 0
-0.300000 1.021000 -1.232000 15 0
-0.022000 0.123000 -0.132000 1 0
0.000000 -0.000000 -0.000000 0 0
0.000000 -0.000000 -0.000000 0 0
-0.279000 1.029000 -1.230000 15 0
0.000000 -0.000000 -0.000000 0 0
0.000000 -0.000000 -0.000000 0 0
0.000000 -0.000000 -0.000000 1 0
-0.258000 1.039000 -1.231000 4 0
-0.016000 0.116000 -0.125000 1 0
0.000000 -0.000000 -0.000000 0 0
0.000000 -0.000000 -0.000000 0 0
0.000000 -0.000000 -0.000000 0 0
0.000000 -0.000000 -0.000000 0 0
0.000000 -0.000000 -0.000000 1 0
0.000000 -0.000000 -0.000000 0 0
0.000000 -0.000000 -0.000000 0 0
-0.010000 0.118000 -0.127000 1 0
0.000000 -0.000000 -0.000000 0 0
0.000000 -0.000000 -0.000000 0 0
0.000000 -0.000000 -0.000000 0 0
0.000000 -0.000000 -0.000000 0 0
0.000000 -0.000000 -0.000000 0 0
0.000000 -0.000000 -0.000000 0 0
0.000000 -0.000000 -0.000000 1 0
0.000000 -0.000000 -0.000000 1 0
0.000000 -0.000000 -0.000000 0 0
0.000000 -0.000000 -0.000000 0 0
0.000000 -0.000000 -0.000000 0 0
-0.674000 1.045000 -1.244000 18 0
-0.651000 0.976000 -1.249000 16 0
-0.625000 0.903000 -1.242000 17 0
0.000000 -0.000000 -0.000000 4 0
-0.648000 1.057000 -1.245000 18 0
-0.626000 0.985000 -1.244000 18 0
-0.605000 0.916000 -1.241000 18 0
-0.584000 0.852000 -1.245000 18 0
-0.620000 1.066000 -1.241000 19 0
-0.603000 0.999000 -1.245000 18 0
-0.586000 0.930000 -1.243000 18 0
0.000000 -0.000000 -0.000000 5 0
-0.593000 1.076000 -1.240000 19 0
-0.580000 1.012000 -1.246000 23 0
-0.564000 0.940000 -1.239000 18 0
-0.551000 0.880000 -1.246000 17 0
-0.568000 1.089000 -1.244000 20 0
-0.556000 1.022000 -1.245000 21 0
-0.543000 0.953000 -1.238000 17 0
0.000000 -0.000000 -0.000000 5 0
-0.539000 1.094000 -1.238000 19 0
-0.532000 1.032000 -1.244000 21 0
-0.523000 0.964000 -1.237000 17 0
-0.515000 0.904000 -1.242000 17 0
-0.512000 1.103000 -1.238000 19 0
-0.507000 1.040000 -1.241000 19 0
-0.503000 0.977000 -1.239000 18 0
0.000000 -0.000000 -0.000000 5 0
-0.485000 1.113000 -1.241000 20 0
-0.484000 1.051000 -1.242000 22 0
-0.482000 0.989000 -1.240000 18 0
-0.479000 0.929000 -1.241000 17 0
-0.454000 1.110000 -1.228000 12 0
-0.458000 1.058000 -1.240000 3 0
-0.458000 0.994000 -1.233000 14 0
0.000000 -0.000000 -0.000000 5 0
-0.430000 1.124000 -1.237000 1 0
0.000000 -0.000000 -0.000000 0 0
0.000000 -0.000000 -0.000000 0 0
-0.439000 0.948000 -1.234000 10 0
0.000000 -0.000000 -0.000000 0 0
0.000000 -0.000000 -0.000000 0 0
0.000000 -0.000000 -0.000000 0 0
0.000000 -0.000000 -0.000000 0 0
0.000000 -0.000000 -0.000000 0 0
-0.381000 1.071000 -1.227000 9 0
-0.394000 1.025000 -1.234000 16 0
0.000000 -0.000000 -0.000000 0 0
-0.347000 1.136000 -1.232000 7 0
-0.358000 1.081000 -1.231000 4 0
-0.372000 1.034000 -1.234000 17 0
-0.382000 0.983000 -1.235000 13 0
-0.319000 1.138000 -1.230000 12 0
0.000000 -0.000000 -0.000000 0 0
-0.350000 1.043000 -1.235000 18 0
-0.363000 0.996000 -1.237000 17 0
-0.290000 1.135000 -1.223000 15 0
0.000000 -0.000000 -0.000000 0 0
-0.326000 1.047000 -1.229000 14 0
-0.341000 1.002000 -1.232000 17 0
-0.263000 1.139000 -1.225000 14 0
0.000000 -0.000000 -0.000000 0 0
-0.301000 1.048000 -1.222000 8 0
-0.322000 1.014000 -1.235000 15 0
0.000000 -0.000000 -0.000000 0 0
-0.258000 1.098000 -1.225000 8 0
-0.277000 1.048000 -1.214000 1 0
-0.300000 1.021000 -1.232000 15 0
-0.022000 0.123000 -0.132000 1 0
0.000000 -0.000000 -0.000000 0 0
0.000000 -0.000000 -0.000000 0 0
-0.279000 1.029000 -1.230000 15 0
0.000000 -0.000000 -0.000000 0 0
0.000000 -0.000000 -0.000000 0 0
0.000000 -0.000000 -0.000000 1 0
-0.258000 1.039000 -1.231000 4 0
-0.016000 0.116000 -0.125000 1 0
0.000000 -0.000000 -0.000000 0 0
0.000000 -0.000000 -0.000000 0 0
0.000000 -0.000000 -0.000000 0 0
0.000000 -0.000000 -0.000000 0 0
0.000000 -0.000000 -0.000000 1 0
0.000000 -0.000000 -0.000000 0 0
0.000000 -0.000000 -0.000000 0 0
-0.010000 0.118000 -0.127000 1 0
0.000000 -0.000000 -0.000000 0 0
0.000000 -0.000000 -0.000000 0 0
0.000000 -0.000000 -0.000000 0 0
0.000000 -0.000000 -0.000000 0 0
0.000000 -0.000000 -0.000000 0 0
0.000000 -0.000000 -0.000000 0 0
0.000000 -0.000000 -0.000000 1 0
0.000000 -0.000000 -0.000000 1 0
0.000000 -0.000000 -0.000000 0 0
0.000000 -0.000000 -0.000000 0 0
0.000000 -0.000000 -0.000000 0 0
0.000000 -0.000000 -0.000000 0 0
0.000000 -0.000000 -0.000000 0 0
0.000000 -0.000000 -0.000000 0 0
0.000000 -0.000000 -0.000000 1 0
0.000000 -0.000000 -0.000000 0 128
0.000000 -0.000000 -0.000000 0 0
0.000000 -0.000000 -0.000000 0 0
0.000000 -0.000000 -0.000000 0 0
0.000000 -0.000000 -0.000000 0 128
0.000000 -0.000000 -0.000000 0 0
0.000000 -0.000000 -0.000000 0 0
0.000000 -0.000000 -0.000000 1 0
0.000000 -0.000000 -0.000000 0 0
0.000000 -0.000000 -0.000000 0 0
0.000000 -0.000000 -0.000000 0 0
0.000000 -0.000000 -0.000000 0 0
0.000000 -0.000000 -0.000000 0 0
0.000000 -0.000000 -0.000000 0 0
0.000000 -0.000000 -0.000000 0 0
0.000000 -0.000000 -0.000000 0 0
0.000000 -0.000000 -0.000000 0 128
0.000000 -0.000000 -0.000000 0 0
0.000000 -0.000000 -0.000000 0 0
0.000000 -0.000000 -0.000000 0 0
0.000000 -0.000000 -0.000000 0 128
0.000000 -0.000000 -0.000000 0 0
0.000000 -0.000000 -0.000000 0 0
0.000000 -0.000000 -0.000000 0 128
0.000000 -0.000000 -0.000000 0 128
0.000000 -0.000000 -0.000000 0 0
0.000000 -0.000000 -0.000000 0 0
0.000000 -0.000000 -0.000000 0 128
0.000000 -0.000000 -0.000000 0 128
0.000000 -0.000000 -0.000000 0 128
0.000000 -0.000000 -0.000000 0 0
0.000000 -0.000000 -0.000000 1 0
0.000000 -0.000000 -0.000000 1 0
0.000000 -0.000000 -0.000000 0 128
0.000000 -0.000000 -0.000000 0 0
0.000000 -0.000000 -0.000000 0 0
0.000000 -0.000000 -0.000000 0 0
0.000000 -0.000000 -0.000000 0 0
0.000000 -0.000000 -0.000000 0 128
0.000000 -0.000000 -0.000000 0 128
0.000000 -0.000000 -0.000000 1 0
0.000000 -0.000000 -0.000000 0 0
0.000000 -0.000000 -0.000000 0 128
0.000000 -0.000000 -0.000000 0 128
0.000000 -0.000000 -0.000000 0 0
0.000000 -0.000000 -0.000000 0 16
0.000000 -0.000000 -0.000000 0 0
0.000000 -0.000000 -0.000000 0 128
0.000000 -0.000000 -0.000000 1 0
0.000000 -0.000000 -0.000000 0 0
0.000000 -0.000000 -0.000000 0 0
0.000000 -0.000000 -0.000000 0 192
0.000000 -0.000000 -0.000000 0 0
0.000000 -0.000000 -0.000000 0 16
0.000000 -0.000000 -0.000000 0 16
0.000000 -0.000000 -0.000000 1 0
0.000000 -0.000000 -0.000000 1 0
0.000000 -0.000000 -0.000000 0 0
0.000000 -0.000000 -0.000000 0 0
0.000000 -0.000000 -0.000000 0 0
0.000000 -0.000000 -0.000000 0 0
0.000000 -0.000000 -0.000000 1 16
0.000000 -0.000000 -0.000000 0 16
0.000000 -0.000000 -0.000000 1 0
0.000000 -0.000000 -0.000000 1 16
0.000000 -0.000000 -0.000000 0 0
0.000000 -0.000000 -0.000000 0 0
0.000000 -0.000000 -0.000000 0 0
0.000000 -0.000000 -0.000000 0 0
0.000000 -0.000000 -0.000000 1 16
0.000000 -0.000000 -0.000000 3 16
0.029000 0.102000 -0.113000 0 0
0.000000 -0.000000 -0.000000 0 0
0.000000 -0.000000 -0.000000 0 0
0.000000 -0.000000 -0.000000 0 0
0.000000 -0.000000 -0.000000 0 0
0.427000 0.950000 -1.203000 11 0
0.000000 -0.000000 -0.000000 0 16
0.000000 -0.000000 -0.000000 0 16
0.038000 0.117000 -0.130000 5 16
0.000000 -0.000000 -0.000000 1 64
0.424000 0.979000 -1.198000 7 0
0.000000 -0.000000 -0.000000 0 0
0.000000 -0.000000 -0.000000 0 0
0.466000 0.925000 -1.204000 12 0
0.446000 0.972000 -1.203000 11 0
0.000000 -0.000000 -0.000000 0 0
0.045000 0.119000 -0.134000 1 0
0.000000 -0.000000 -0.000000 1 64
0.000000 -0.000000 -0.000000 2 0
0.450000 1.013000 -1.202000 13 0
0.431000 1.057000 -1.198000 4 0
0.000000 -0.000000 -0.000000 0 0
0.000000 -0.000000 -0.000000 0 0
0.000000 -0.000000 -0.000000 0 0
0.000000 -0.000000 -0.000000 1 0
0.000000 -0.000000 -0.000000 0 128
0.000000 -0.000000 -0.000000 0 0
0.000000 -0.000000 -0.000000 0 0
0.000000 -0.000000 -0.000000 0 0
0.000000 -0.000000 -0.000000 0 128
0.000000 -0.000000 -0.000000 0 0
0.000000 -0.000000 -0.000000 0 0
0.000000 -0.000000 -0.000000 1 0
0.000000 -0.000000 -0.000000 0 0
0.000000 -0.000000 -0.000000 0 0
0.000000 -0.000000 -0.000000 0 0
0.000000 -0.000000 -0.000000 0 0
0.000000 -0.000000 -0.000000 0 0
0.000000 -0.000000 -0.000000 0 0
0.000000 -0.000000 -0.000000 0 0
0.000000 -0.000000 -0.000000 0 0
0.000000 -0.000000 -0.000000 0 128
0.000000 -0.000000 -0.000000 0 0
0.000000 -0.000000 -0.000000 0 0
0.000000 -0.000000 -0.000000 0 0
0.000000 -0.000000 -0.000000 0 128
0.000000 -0.000000 -0.000000 0 0
0.000000 -0.000000 -0.000000 0 0
0.000000 -0.000000 -0.000000 0 128
0.000000 -0.000000 -0.000000 0 128
0.000000 -0.000000 -0.000000 0 0
0.000000 -0.000000 -0.000000 0 0
0.000000 -0.000000 -0.000000 0 128
0.000000 -0.000000 -0.000000 0 128
0.000000 -0.000000 -0.000000 0 128
0.000000 -0.000000 -0.000000 0 0
0.000000 -0.000000 -0.000000 1 0
0.000000 -0.000000 -0.000000 1 0
0.000000 -0.000000 -0.000000 0 128
0.000000 -0.000000 -0.000000 0 0
0.000000 -0.000000 -0.000000 0 0
0.000000 -0.000000 -0.000000 0 0
0.000000 -0.000000 -0.000000 0 0
0.000000 -0.000000 -0.000000 0 128
0.000000 -0.000000 -0.000000 0 128
0.000000 -0.000000 -0.000000 1 0
0.000000 -0.000000 -0.000000 0 0
0.000000 -0.000000 -0.000000 0 128
0.000000 -0.000000 -0.000000 0 128
0.000000 -0.000000 -0.000000 0 0
0.000000 -0.000000 -0.000000 0 16
0.000000 -0.000000 -0.000000 0 0
0.000000 -0.000000 -0.000000 0 128
0.000000 -0.000000 -0.000000 1 0
0.000000 -0.000000 -0.000000 0 0
0.000000 -0.000000 -0.000000 0 0
0.000000 -0.000000 -0.000000 0 192
0.000000 -0.000000 -0.000000 0 0
0.000000 -0.000000 -0.000000 0 16
0.000000 -0.000000 -0.000000 0 16
0.000000 -0.000000 -0.000000 1 0
0.000000 -0.000000 -0.000000 1 0
0.000000 -0.000000 -0.000000 0 0
0.000000 -0.000000 -0.000000 0 0
0.000000 -0.000000 -0.000000 0 0
0.000000 -0.000000 -0.000000 0 0
0.000000 -0.000000 -0.000000 1 16
0.000000 -0.000000 -0.000000 0 16
0.000000 -0.000000 -0.000000 1 0
0.000000 -0.000000 -0.000000 1 16
0.000000 -0.000000 -0.000000 0 0
0.000000 -0.000000 -0.000000 0 0
0.000000 -0.000000 -0.000000 0 0
0.000000 -0.000000 -0.000000 0 0
0.000000 -0.000000 -0.000000 1 16
0.000000 -0.000000 -0.000000 3 16
0.029000 0.102000 -0.113000 0 0
0.000000 -0.000000 -0.000000 0 0
0.000000 -0.000000 -0.000000 0 0
0.000000 -0.000000 -0.000000 0 0
0.000000 -0.000000 -0.000000 0 0
0.427000 0.950000 -1.203000 11 0
0.000000 -0.000000 -0.000000 0 16
0.000000 -0.000000 -0.000000 0 16
0.038000 0.117000 -0.130000 5 16
0.000000 -0.000000 -0.000000 1 64
0.424000 0.979000 -1.198000 7 0
0.000000 -0.000000 -0.000000 0 0
0.000000 -0.000000 -0.000000 0 0
0.466000 0.925000 -1.204000 12 0
0.446000 0.972000 -1.203000 11 0
0.000000 -0.000000 -0.000000 0 0
0.045000 0.119000 -0.134000 1 0
0.000000 -0.000000 -0.000000 1 64
0.000000 -0.000000 -0.000000 2 0
0.450000 1.013000 -1.202000 13 0
0.431000 1.057000 -1.198000 4 0
0.502000 0.896000 -1.202000 14 0
0.487000 0.950000 -1.203000 11 0
0.000000 -0.000000 -0.000000 2 0
0.456000 1.051000 -1.198000 14 0
0.000000 -0.000000 -0.000000 1 64
0.000000 -0.000000 -0.000000 2 0
0.495000 0.992000 -1.200000 12 0
0.481000 1.044000 -1.198000 13 0
0.536000 0.868000 -1.201000 13 0
0.527000 0.926000 -1.203000 11 0
0.000000 -0.000000 -0.000000 2 0
0.505000 1.036000 -1.198000 14 0
0.000000 -0.000000 -0.000000 1 64
0.000000 -0.000000 -0.000000 2 0
0.539000 0.971000 -1.200000 12 0
0.529000 1.026000 -1.197000 13 0
0.569000 0.837000 -1.200000 13 0
0.564000 0.897000 -1.199000 11 0
0.000000 -0.000000 -0.000000 2 0
0.552000 1.014000 -1.194000 12 0
0.000000 -0.000000 -0.000000 0 64
0.000000 -0.000000 -0.000000 2 0
0.582000 0.947000 -1.198000 12 0
0.576000 1.004000 -1.194000 13 0
0.000000 -0.000000 -0.000000 0 0
0.604000 0.874000 -1.204000 11 0
0.000000 -0.000000 -0.000000 2 0
0.600000 0.994000 -1.193000 13 0
0.000000 -0.000000 -0.000000 0 0
0.000000 -0.000000 -0.000000 2 0
0.624000 0.922000 -1.198000 12 0
0.624000 0.983000 -1.193000 14 0
0.000000 -0.000000 -0.000000 0 0
0.000000 -0.000000 -0.000000 0 0
0.000000 -0.000000 -0.000000 2 0
0.646000 0.968000 -1.189000 13 0
0.000000 -0.000000 -0.000000 0 192
0.000000 -0.000000 -0.000000 0 0
0.664000 0.894000 -1.195000 11 0
0.671000 0.959000 -1.193000 13 0
0.000000 -0.000000 -0.000000 0 192
0.000000 -0.000000 -0.000000 0 0
0.000000 -0.000000 -0.000000 0 0
0.694000 0.945000 -1.191000 13 0
0.000000 -0.000000 -0.000000 0 192
0.000000 -0.000000 -0.000000 0 192
0.000000 -0.000000 -0.000000 0 0
0.716000 0.931000 -1.190000 14 0
0.000000 -0.000000 -0.000000 0 128
0.000000 -0.000000 -0.000000 0 192
0.000000 -0.000000 -0.000000 0 192
0.737000 0.914000 -1.187000 11 0
0.000000 -0.000000 -0.000000 0 128
0.000000 -0.000000 -0.000000 0 192
0.000000 -0.000000 -0.000000 0 192
0.000000 -0.000000 -0.000000 0 0
0.000000 -0.000000 -0.000000 0 128
0.000000 -0.000000 -0.000000 0 128
0.000000 -0.000000 -0.000000 0 192
0.000000 -0.000000 -0.000000 0 0
0.000000 -0.000000 -0.000000 0 192
0.000000 -0.000000 -0.000000 0 128
0.000000 -0.000000 -0.000000 0 192
0.000000 -0.000000 -0.000000 0 192
0.000000 -0.000000 -0.000000 0 128
0.000000 -0.000000 -0.000000 0 128
0.000000 -0.000000 -0.000000 0 128
0.000000 -0.000000 -0.000000 0 192
0.000000 -0.000000 -0.000000 0 192
0.000000 -0.000000 -0.000000 0 128
0.000000 -0.000000 -0.000000 0 128
0.000000 -0.000000 -0.000000 0 128
0.000000 -0.000000 -0.000000 0 192
0.000000 -0.000000 -0.000000 0 128
0.000000 -0.000000 -0.000000 0 128
0.000000 -0.000000 -0.000000 0 128
0.000000 -0.000000 -0.000000 0 192
0.000000 -0.000000 -0.000000 0 192
0.000000 -0.000000 -0.000000 0 128
0.000000 -0.000000 -0.000000 0 128
0.000000 -0.000000 -0.000000 0 128
0.000000 -0.000000 -0.000000 0 192
0.000000 -0.000000 -0.000000 0 128
0.000000 -0.000000 -0.000000 0 128
0.000000 -0.000000 -0.000000 0 192
0.000000 -0.000000 -0.000000 0 192
0.000000 -0.000000 -0.000000 0 192
0.000000 -0.000000 -0.000000 0 192
0.000000 -0.000000 -0.000000 0 128
0.000000 -0.000000 -0.000000 0 128
0.000000 -0.000000 -0.000000 0 128
0.000000 -0.000000 -0.000000 0 128
0.000000 -0.000000 -0.000000 0 192
0.000000 -0.000000 -0.000000 0 128
0.000000 -0.000000 -0.000000 0 128
0.000000 -0.000000 -0.000000 0 128
0.502000 0.896000 -1.202000 14 0
0.487000 0.950000 -1.203000 11 0
0.000000 -0.000000 -0.000000 2 0
0.456000 1.051000 -1.198000 14 0
0.000000 -0.000000 -0.000000 1 64
0.000000 -0.000000 -0.000000 2 0
0.495000 0.992000 -1.200000 12 0
0.481000 1.044000 -1.198000 13 0
0.536000 0.868000 -1.201000 13 0
0.527000 0.926000 -1.203000 11 0
0.000000 -0.000000 -0.000000 2 0
0.505000 1.036000 -1.198000 14 0
0.000000 -0.000000 -0.000000 1 64
0.000000 -0.000000 -0.000000 2 0
0.539000 0.971000 -1.200000 12 0
0.529000 1.026000 -1.197000 13 0
0.569000 0.837000 -1.200000 13 0
0.564000 0.897000 -1.199000 11 0
0.000000 -0.000000 -0.000000 2 0
0.552000 1.014000 -1.194000 12 0
0.000000 -0.000000 -0.000000 0 64
0.000000 -0.000000 -0.000000 2 0
0.582000 0.947000 -1.198000 12 0
0.576000 1.004000 -1.194000 13 0
0.000000 -0.000000 -0.000000 0 0
0.604000 0.874000 -1.204000 11 0
0.000000 -0.000000 -0.000000 2 0
0.600000 0.994000 -1.193000 13 0
0.000000 -0.000000 -0.000000 0 0
0.000000 -0.000000 -0.000000 2 0
0.624000 0.922000 -1.198000 12 0
0.624000 0.983000 -1.193000 14 0
0.000000 -0.000000 -0.000000 0 0
0.000000 -0.000000 -0.000000 0 0
0.000000 -0.000000 -0.000000 2 0
0.646000 0.968000 -1.189000 13 0
0.000000 -0.000000 -0.000000 0 192
0.000000 -0.000000 -0.000000 0 0
0.664000 0.894000 -1.195000 11 0
0.671000 0.959000 -1.193000 13 0
0.000000 -0.000000 -0.000000 0 192
0.000000 -0.000000 -0.000000 0 0
0.000000 -0.000000 -0.000000 0 0
0.694000 0.945000 -1.191000 13 0
0.000000 -0.000000 -0.000000 0 192
0.000000 -0.000000 -0.000000 0 192
0.000000 -0.000000 -0.000000 0 0
0.716000 0.931000 -1.190000 14 0
0.000000 -0.000000 -0.000000 0 128
0.000000 -0.000000 -0.000000 0 192
0.000000 -0.000000 -0.000000 0 192
0.737000 0.914000 -1.187000 11 0
0.000000 -0.000000 -0.000000 0 128
0.000000 -0.000000 -0.000000 0 192
0.000000 -0.000000 -0.000000 0 192
0.000000 -0.000000 -0.000000 0 0
0.000000 -0.000000 -0.000000 0 128
0.000000 -0.000000 -0.000000 0 128
0.000000 -0.000000 -0.000000 0 192
0.000000 -0.000000 -0.000000 0 0
0.000000 -0.000000 -0.000000 0 192
0.000000 -0.000000 -0.000000 0 128
0.000000 -0.000000 -0.000000 0 192
0.000000 -0.000000 -0.000000 0 192
0.000000 -0.000000 -0.000000 0 128
0.000000 -0.000000 -0.000000 0 128
0.000000 -0.000000 -0.000000 0 128
0.000000 -0.000000 -0.000000 0 192
0.000000 -0.000000 -0.000000 0 192
0.000000 -0.000000 -0.000000 0 128
0.000000 -0.000000 -0.000000 0 128
0.000000 -0.000000 -0.000000 0 128
0.000000 -0.000000 -0.000000 0 192
0.000000 -0.000000 -0.000000 0 128
0.000000 -0.000000 -0.000000 0 128
0.000000 -0.000000 -0.000000 0 128
0.000000 -0.000000 -0.000000 0 192
0.000000 -0.000000 -0.000000 0 192
0.000000 -0.000000 -0.000000 0 128
0.000000 -0.000000 -0.000000 0 128
0.000000 -0.000000 -0.000000 0 128
0.000000 -0.000000 -0.000000 0 192
0.000000 -0.000000 -0.000000 0 128
0.000000 -0.000000 -0.000000 0 128
0.000000 -0.000000 -0.000000 0 192
0.000000 -0.000000 -0.000000 0 192
0.000000 -0.000000 -0.000000 0 192
0.000000 -0.000000 -0.000000 0 192
0.000000 -0.000000 -0.000000 0 128
0.000000 -0.000000 -0.000000 0 128
0.000000 -0.000000 -0.000000 0 128
0.000000 -0.000000 -0.000000 0 128
0.000000 -0.000000 -0.000000 0 192
0.000000 -0.000000 -0.000000 0 128
0.000000 -0.000000 -0.000000 0 128
0.000000 -0.000000 -0.000000 0 128
0.000000 -0.000000 -0.000000 0 128
0.000000 -0.000000 -0.000000 0 128
0.000000 -0.000000 -0.000000 0 128
0.000000 -0.000000 -0.000000 0 128
0.000000 -0.000000 -0.000000 0 192
0.000000 -0.000000 -0.000000 0 128
0.000000 -0.000000 -0.000000 0 128
0.000000 -0.000000 -0.000000 0 128
0.000000 -0.000000 -0.000000 0 128
0.000000 -0.000000 -0.000000 0 128
0.000000 -0.000000 -0.000000 0 128
0.000000 -0.000000 -0.000000 0 128
0.000000 -0.000000 -0.000000 0 192
0.000000 -0.000000 -0.000000 0 128
0.000000 -0.000000 -0.000000 0 128
0.000000 -0.000000 -0.000000 0 128
0.000000 -0.000000 -0.000000 0 128
0.000000 -0.000000 -0.000000 0 128
0.000000 -0.000000 -0.000000 0 128
0.000000 -0.000000 -0.000000 0 128
0.000000 -0.000000 -0.000000 0 192
0.000000 -0.000000 -0.000000 0 128
0.000000 -0.000000 -0.000000 0 128
0.000000 -0.000000 -0.000000 0 128
0.000000 -0.000000 -0.000000 0 128
0.000000 -0.000000 -0.000000 0 128
0.000000 -0.000000 -0.000000 0 128
0.000000 -0.000000 -0.000000 0 128
0.000000 -0.000000 -0.000000 0 192
0.000000 -0.000000 -0.000000 0 128
0.000000 -0.000000 -0.000000 0 128
0.000000 -0.000000 -0.000000 0 128
0.000000 -0.000000 -0.000000 0 128
0.000000 -0.000000 -0.000000 0 128
0.000000 -0.000000 -0.000000 0 128
0.000000 -0.000000 -0.000000 0 128
0.000000 -0.000000 -0.000000 0 192
0.000000 -0.000000 -0.000000 0 128
0.000000 -0.000000 -0.000000 0 128
0.000000 -0.000000 -0.000000 0 128
0.000000 -0.000000 -0.000000 0 128
0.000000 -0.000000 -0.000000 0 128
0.000000 -0.000000 -0.000000 0 128
0.000000 -0.000000 -0.000000 0 128
0.000000 -0.000000 -0.000000 0 192
0.000000 -0.000000 -0.000000 0 128
0.000000 -0.000000 -0.000000 0 128
0.000000 -0.000000 -0.000000 0 192
0.000000 -0.000000 -0.000000 0 128
0.000000 -0.000000 -0.000000 0 128
0.000000 -0.000000 -0.000000 0 128
0.000000 -0.000000 -0.000000 0 128
0.000000 -0.000000 -0.000000 0 192
0.000000 -0.000000 -0.000000 0 128
0.000000 -0.000000 -0.000000 0 128
0.000000 -0.000000 -0.000000 0 192
0.000000 -0.000000 -0.000000 0 128
0.000000 -0.000000 -0.000000 0 128
0.000000 -0.000000 -0.000000 0 128
0.000000 -0.000000 -0.000000 0 128
0.000000 -0.000000 -0.000000 0 192
0.000000 -0.000000 -0.000000 0 128
0.000000 -0.000000 -0.000000 0 192
0.000000 -0.000000 -0.000000 0 128
0.000000 -0.000000 -0.000000 0 128
0.000000 -0.000000 -0.000000 0 128
0.000000 -0.000000 -0.000000 0 192
0.000000 -0.000000 -0.000000 0 128
0.000000 -0.000000 -0.000000 0 192
0.000000 -0.000000 -0.000000 0 128
0.000000 -0.000000 -0.000000 0 192
0.000000 -0.000000 -0.000000 0 128
0.000000 -0.000000 -0.000000 0 128
0.000000 -0.000000 -0.000000 0 128
0.000000 -0.000000 -0.000000 0 192
0.000000 -0.000000 -0.000000 0 128
0.000000 -0.000000 -0.000000 0 192
0.000000 -0.000000 -0.000000 0 128
0.000000 -0.000000 -0.000000 0 192
0.000000 -0.000000 -0.000000 0 128
0.000000 -0.000000 -0.000000 0 128
0.000000 -0.000000 -0.000000 0 128
0.000000 -0.000000 -0.000000 0 192
0.000000 -0.000000 -0.000000 0 128
0.000000 -0.000000 -0.000000 0 192
0.000000 -0.000000 -0.000000 0 128
0.000000 -0.000000 -0.000000 0 192
0.000000 -0.000000 -0.000000 0 128
0.000000 -0.000000 -0.000000 0 128
0.000000 -0.000000 -0.000000 0 128
0.000000 -0.000000 -0.000000 0 128
0.000000 -0.000000 -0.000000 0 128
0.000000 -0.000000 -0.000000 0 192
0.000000 -0.000000 -0.000000 0 128
0.000000 -0.000000 -0.000000 0 128
0.000000 -0.000000 -0.000000 0 128
0.000000 -0.000000 -0.000000 0 128
0.000000 -0.000000 -0.000000 0 128
0.000000 -0.000000 -0.000000 0 128
0.000000 -0.000000 -0.000000 0 128
0.000000 -0.000000 -0.000000 0 192
0.000000 -0.000000 -0.000000 0 128
0.000000 -0.000000 -0.000000 0 128
0.000000 -0.000000 -0.000000 0 128
0.000000 -0.000000 -0.000000 0 128
0.000000 -0.000000 -0.000000 0 128
0.000000 -0.000000 -0.000000 0 128
0.000000 -0.000000 -0.000000 0 128
0.000000 -0.000000 -0.000000 0 192
0.000000 -0.000000 -0.000000 0 128
0.000000 -0.000000 -0.000000 0 128
0.000000 -0.000000 -0.000000 0 128
0.000000 -0.000000 -0.000000 0 128
0.000000 -0.000000 -0.000000 0 128
0.000000 -0.000000 -0.000000 0 128
0.000000 -0.000000 -0.000000 0 128
0.000000 -0.000000 -0.000000 0 192
0.000000 -0.000000 -0.000000 0 128
0.000000 -0.000000 -0.000000 0 128
0.000000 -0.000000 -0.000000 0 128
0.000000 -0.000000 -0.000000 0 128
0.000000 -0.000000 -0.000000 0 128
0.000000 -0.000000 -0.000000 0 128
0.000000 -0.000000 -0.000000 0 128
0.000000 -0.000000 -0.000000 0 192
0.000000 -0.000000 -0.000000 0 128
0.000000 -0.000000 -0.000000 0 128
0.000000 -0.000000 -0.000000 0 128
0.000000 -0.000000 -0.000000 0 128
0.000000 -0.000000 -0.000000 0 128
0.000000 -0.000000 -0.000000 0 128
0.000000 -0.000000 -0.000000 0 128
0.000000 -0.000000 -0.000000 0 192
0.000000 -0.000000 -0.000000 0 128
0.000000 -0.000000 -0.000000 0 128
0.000000 -0.000000 -0.000000 0 128
0.000000 -0.000000 -0.000000 0 128
0.000000 -0.000000 -0.000000 0 128
0.000000 -0.000000 -0.000000 0 128
0.000000 -0.000000 -0.000000 0 128
0.000000 -0.000000 -0.000000 0 192
0.000000 -0.000000 -0.000000 0 128
0.000000 -0.000000 -0.000000 0 128
0.000000 -0.000000 -0.000000 0 192
0.000000 -0.000000 -0.000000 0 128
0.000000 -0.000000 -0.000000 0 128
0.000000 -0.000000 -0.000000 0 128
0.000000 -0.000000 -0.000000 0 128
0.000000 -0.000000 -0.000000 0 192
0.000000 -0.000000 -0.000000 0 128
0.000000 -0.000000 -0.000000 0 128
0.000000 -0.000000 -0.000000 0 192
0.000000 -0.000000 -0.000000 0 128
0.000000 -0.000000 -0.000000 0 128
0.000000 -0.000000 -0.000000 0 128
0.000000 -0.000000 -0.000000 0 128
0.000000 -0.000000 -0.000000 0 192
0.000000 -0.000000 -0.000000 0 128
0.000000 -0.000000 -0.000000 0 192
0.000000 -0.000000 -0.000000 0 128
0.000000 -0.000000 -0.000000 0 128
0.000000 -0.000000 -0.000000 0 128
0.000000 -0.000000 -0.000000 0 192
0.000000 -0.000000 -0.000000 0 128
0.000000 -0.000000 -0.000000 0 192
0.000000 -0.000000 -0.000000 0 128
0.000000 -0.000000 -0.000000 0 192
0.000000 -0.000000 -0.000000 0 128
0.000000 -0.000000 -0.000000 0 128
0.000000 -0.000000 -0.000000 0 128
0.000000 -0.000000 -0.000000 0 192
0.000000 -0.000000 -0.000000 0 128
0.000000 -0.000000 -0.000000 0 192
0.000000 -0.000000 -0.000000 0 128
0.000000 -0.000000 -0.000000 0 192
0.000000 -0.000000 -0.000000 0 128
0.000000 -0.000000 -0.000000 0 128
0.000000 -0.000000 -0.000000 0 128
0.000000 -0.000000 -0.000000 0 192
0.000000 -0.000000 -0.000000 0 128
0.000000 -0.000000 -0.000000 0 192
0.000000 -0.000000 -0.000000 0 128
0.000000 -0.000000 -0.000000 0 192
0.000000 -0.000000 -0.000000 0 128
0.000000 -0.000000 -0.000000 0 128
0.000000 -0.000000 -0.000000 0 128
0.000000 -0.000000 -0.000000 0 128
0.000000 -0.000000 -0.000000 0 128
0.000000 -0.000000 -0.000000 0 192
0.000000 -0.000000 -0.000000 0 128
0.000000 -0.000000 -0.000000 0 128
0.000000 -0.000000 -0.000000 0 128
0.000000 -0.000000 -0.000000 0 128
0.000000 -0.000000 -0.000000 0 128
0.000000 -0.000000 -0.000000 0 128
0.000000 -0.000000 -0.000000 0 128
0.000000 -0.000000 -0.000000 0 192
0.000000 -0.000000 -0.000000 0 128
0.000000 -0.000000 -0.000000 0 128
0.000000 -0.000000 -0.000000 0 128
0.000000 -0.000000 -0.000000 0 128
0.000000 -0.000000 -0.000000 0 128
0.000000 -0.000000 -0.000000 0 128
0.000000 -0.000000 -0.000000 0 128
0.000000 -0.000000 -0.000000 0 192
0.000000 -0.000000 -0.000000 0 128
0.000000 -0.000000 -0.000000 0 128
0.000000 -0.000000 -0.000000 0 128
0.000000 -0.000000 -0.000000 0 128
0.000000 -0.000000 -0.000000 0 128
0.000000 -0.000000 -0.000000 0 128
0.000000 -0.000000 -0.000000 0 128
0.000000 -0.000000 -0.000000 0 192
0.000000 -0.000000 -0.000000 0 128
0.000000 -0.000000 -0.000000 0 128
0.000000 -0.000000 -0.000000 0 128
0.000000 -0.000000 -0.000000 0 128
0.000000 -0.000000 -0.000000 0 128
0.000000 -0.000000 -0.000000 0 128
0.000000 -0.000000 -0.000000 0 128
0.000000 -0.000000 -0.000000 0 192
0.000000 -0.000000 -0.000000 0 128
0.000000 -0.000000 -0.000000 0 192
0.000000 -0.000000 -0.000000 0 128
0.000000 -0.000000 -0.000000 0 128
0.000000 -0.000000 -0.000000 0 128
0.000000 -0.000000 -0.000000 0 128
0.000000 -0.000000 -0.000000 0 128
0.000000 -0.000000 -0.000000 0 192
0.000000 -0.000000 -0.000000 0 128
0.000000 -0.000000 -0.000000 0 192
0.000000 -0.000000 -0.000000 0 128
0.000000 -0.000000 -0.000000 0 128
0.000000 -0.000000 -0.000000 0 128
0.000000 -0.000000 -0.000000 0 192
0.000000 -0.000000 -0.000000 0 128
0.000000 -0.000000 -0.000000 0 192
0.000000 -0.000000 -0.000000 0 128
0.000000 -0.000000 -0.000000 0 192
0.000000 -0.000000 -0.000000 0 128
0.000000 -0.000000 -0.000000 0 128
0.000000 -0.000000 -0.000000 0 128
0.000000 -0.000000 -0.000000 0 192
0.000000 -0.000000 -0.000000 0 128
0.000000 -0.000000 -0.000000 0 192
0.000000 -0.000000 -0.000000 0 128
0.000000 -0.000000 -0.000000 0 192
0.000000 -0.000000 -0.000000 0 128
0.000000 -0.000000 -0.000000 0 128
0.000000 -0.000000 -0.000000 0 128
0.000000 -0.000000 -0.000000 0 128
0.000000 -0.000000 -0.000000 0 128
0.000000 -0.000000 -0.000000 0 192
0.000000 -0.000000 -0.000000 0 128
0.000000 -0.000000 -0.000000 0 128
0.000000 -0.000000 -0.000000 0 192
0.000000 -0.000000 -0.000000 0 128
0.000000 -0.000000 -0.000000 0 128
0.000000 -0.000000 -0.000000 0 128
0.000000 -0.000000 -0.000000 0 128
0.000000 -0.000000 -0.000000 0 192
0.000000 -0.000000 -0.000000 0 128
0.000000 -0.000000 -0.000000 0 128
0.000000 -0.000000 -0.000000 0 192
0.000000 -0.000000 -0.000000 0 128
0.000000 -0.000000 -0.000000 0 128
0.000000 -0.000000 -0.000000 0 128
0.000000 -0.000000 -0.000000 0 128
0.000000 -0.000000 -0.000000 0 192
0.000000 -0.000000 -0.000000 0 128
0.000000 -0.000000 -0.000000 0 128
0.000000 -0.000000 -0.000000 0 128
0.000000 -0.000000 -0.000000 0 128
0.000000 -0.000000 -0.000000 0 128
0.000000 -0.000000 -0.000000 0 128
0.000000 -0.000000 -0.000000 0 128
0.000000 -0.000000 -0.000000 0 192
0.000000 -0.000000 -0.000000 0 128
0.000000 -0.000000 -0.000000 0 128
0.000000 -0.000000 -0.000000 0 128
0.000000 -0.000000 -0.000000 0 128
0.000000 -0.000000 -0.000000 0 128
0.000000 -0.000000 -0.000000 0 128
0.000000 -0.000000 -0.000000 0 128
0.000000 -0.000000 -0.000000 0 192
0.000000 -0.000000 -0.000000 0 128
0.000000 -0.000000 -0.000000 0 128
0.000000 -0.000000 -0.000000 0 128
0.000000 -0.000000 -0.000000 0 128
0.000000 -0.000000 -0.000000 0 128
0.000000 -0.000000 -0.000000 0 128
0.000000 -0.000000 -0.000000 0 128
0.000000 -0.000000 -0.000000 0 192
0.000000 -0.000000 -0.000000 0 128
0.000000 -0.000000 -0.000000 0 128
0.000000 -0.000000 -0.000000 0 128
0.000000 -0.000000 -0.000000 0 128
0.000000 -0.000000 -0.000000 0 128
0.000000 -0.000000 -0.000000 0 128
0.000000 -0.000000 -0.000000 0 128
0.000000 -0.000000 -0.000000 0 192
0.000000 -0.000000 -0.000000 0 128
0.000000 -0.000000 -0.000000 0 128
0.000000 -0.000000 -0.000000 0 128
0.000000 -0.000000 -0.000000 0 128
0.000000 -0.000000 -0.000000 0 128
0.000000 -0.000000 -0.000000 0 128
0.000000 -0.000000 -0.000000 0 128
0.000000 -0.000000 -0.000000 0 192
0.000000 -0.000000 -0.000000 0 128
0.000000 -0.000000 -0.000000 0 128
0.000000 -0.000000 -0.000000 0 128
0.000000 -0.000000 -0.000000 0 128
0.000000 -0.000000 -0.000000 0 128
0.000000 -0.000000 -0.000000 0 128
0.000000 -0.000000 -0.000000 0 128
0.000000 -0.000000 -0.000000 0 192
0.000000 -0.000000 -0.000000 0 128
0.000000 -0.000000 -0.000000 0 192
0.000000 -0.000000 -0.000000 0 128
0.000000 -0.000000 -0.000000 0 128
0.000000 -0.000000 -0.000000 0 128
0.000000 -0.000000 -0.000000 0 128
0.000000 -0.000000 -0.000000 0 128
0.000000 -0.000000 -0.000000 0 192
0.000000 -0.000000 -0.000000 0 128
0.000000 -0.000000 -0.000000 0 192
0.000000 -0.000000 -0.000000 0 128
0.000000 -0.000000 -0.000000 0 128
0.000000 -0.000000 -0.000000 0 128
0.000000 -0.000000 -0.000000 0 192
0.000000 -0.000000 -0.000000 0 128
0.000000 -0.000000 -0.000000 0 192
0.000000 -0.000000 -0.000000 0 128
0.000000 -0.000000 -0.000000 0 192
0.000000 -0.000000 -0.000000 0 128
0.000000 -0.000000 -0.000000 0 128
0.000000 -0.000000 -0.000000 0 128
0.000000 -0.000000 -0.000000 0 192
0.000000 -0.000000 -0.000000 0 128
0.000000 -0.000000 -0.000000 0 192
0.000000 -0.000000 -0.000000 0 128
0.000000 -0.000000 -0.000000 0 192
0.000000 -0.000000 -0.000000 0 128
0.000000 -0.000000 -0.000000 0 128
0.000000 -0.000000 -0.000000 0 128
0.000000 -0.000000 -0.000000 0 128
0.000000 -0.000000 -0.000000 0 128
0.000000 -0.000000 -0.000000 0 192
0.000000 -0.000000 -0.000000 0 128
0.000000 -0.000000 -0.000000 0 128
0.000000 -0.000000 -0.000000 0 192
0.000000 -0.000000 -0.000000 0 128
0.000000 -0.000000 -0.000000 0 128
0.000000 -0.000000 -0.000000 0 128
0.000000 -0.000000 -0.000000 0 128
0.000000 -0.000000 -0.000000 0 192
0.000000 -0.000000 -0.000000 0 128
0.000000 -0.000000 -0.000000 0 128
0.000000 -0.000000 -0.000000 0 192
0.000000 -0.000000 -0.000000 0 128
0.000000 -0.000000 -0.000000 0 128
0.000000 -0.000000 -0.000000 0 128
0.000000 -0.000000 -0.000000 0 128
0.000000 -0.000000 -0.000000 0 192
0.000000 -0.000000 -0.000000 0 128
0.000000 -0.000000 -0.000000 0 128
0.000000 -0.000000 -0.000000 0 128
0.000000 -0.000000 -0.000000 0 128
0.000000 -0.000000 -0.000000 0 128
0.000000 -0.000000 -0.000000 0 128
0.000000 -0.000000 -0.000000 0 128
0.000000 -0.000000 -0.000000 0 192
0.000000 -0.000000 -0.000000 0 128
0.000000 -0.000000 -0.000000 0 128
0.000000 -0.000000 -0.000000 0 128
0.000000 -0.000000 -0.000000 0 128
0.000000 -0.000000 -0.000000 0 128
0.000000 -0.000000 -0.000000 0 128
0.000000 -0.000000 -0.000000 0 128
0.000000 -0.000000 -0.000000 0 192
0.000000 -0.000000 -0.000000 0 128
0.000000 -0.000000 -0.000000 0 128
0.000000 -0.000000 -0.000000 0 128
