# x y z reflectivity tag
0.000000 -0.000000 -0.000000 0 0
0.000000 -0.000000 -0.000000 0 0
0.000000 -0.000000 -0.000000 0 0
0.000000 -0.000000 -0.000000 0 0
0.000000 -0.000000 -0.000000 0 0
0.000000 -0.000000 -0.000000 0 0
0.000000 -0.000000 -0.000000 0 0
0.000000 -0.000000 -0.000000 0 0
0.000000 -0.000000 -0.000000 0 0
0.000000 -0.000000 -0.000000 0 0
0.000000 -0.000000 -0.000000 0 0
0.000000 -0.000000 -0.000000 0 0
0.000000 -0.000000 -0.000000 0 0
0.000000 -0.000000 -0.000000 0 0
0.000000 -0.000000 -0.000000 0 0
0.000000 -0.000000 -0.000000 0 0
0.000000 -0.000000 -0.000000 0 0
0.000000 -0.000000 -0.000000 0 0
0.000000 -0.000000 -0.000000 0 0
0.000000 -0.000000 -0.000000 0 0
0.000000 -0.000000 -0.000000 0 0
0.000000 -0.000000 -0.000000 0 0
0.000000 -0.000000 -0.000000 0 0
0.000000 -0.000000 -0.000000 0 0
0.000000 -0.000000 -0.000000 0 0
0.000000 -0.000000 -0.000000 0 0
0.000000 -0.000000 -0.000000 0 0
0.000000 -0.000000 -0.000000 0 0
0.000000 -0.000000 -0.000000 0 0
0.000000 -0.000000 -0.000000 0 0
0.000000 -0.000000 -0.000000 0 0
0.000000 -0.000000 -0.000000 0 0
0.000000 -0.000000 -0.000000 0 0
0.000000 -0.000000 -0.000000 0 0
0.000000 -0.000000 -0.000000 0 0
0.000000 -0.000000 -0.000000 0 0
0.000000 -0.000000 -0.000000 0 0
0.000000 -0.000000 -0.000000 0 0
0.000000 -0.000000 -0.000000 0 0
0.000000 -0.000000 -0.000000 0 0
0.000000 -0.000000 -0.000000 0 0
0.000000 -0.000000 -0.000000 0 0
0.000000 -0.000000 -0.000000 0 0
0.000000 -0.000000 -0.000000 0 0
0.000000 -0.000000 -0.000000 0 0
0.000000 -0.000000 -0.000000 0 0
0.000000 -0.000000 -0.000000 0 0
0.000000 -0.000000 -0.000000 0 0
0.000000 -0.000000 -0.000000 0 0
0.000000 -0.000000 -0.000000 0 0
0.000000 -0.000000 -0.000000 0 0
0.000000 -0.000000 -0.000000 0 0
0.000000 -0.000000 -0.000000 0 0
0.000000 -0.000000 -0.000000 0 0
0.000000 -0.000000 -0.000000 0 0
0.000000 -0.000000 -0.000000 0 0
0.000000 -0.000000 -0.000000 0 0
0.000000 -0.000000 -0.000000 0 0
0.000000 -0.000000 -0.000000 0 0
0.000000 -0.000000 -0.000000 0 0
0.000000 -0.000000 -0.000000 0 0
0.000000 -0.000000 -0.000000 0 0
0.000000 -0.000000 -0.000000 0 0
0.000000 -0.000000 -0.000000 0 0
0.000000 -0.000000 -0.000000 0 0
0.000000 -0.000000 -0.000000 0 0
0.000000 -0.000000 -0.000000 0 0
0.000000 -0.000000 -0.000000 0 0
0.000000 -0.000000 -0.000000 0 0
0.000000 -0.000000 -0.000000 0 0
0.000000 -0.000000 -0.000000 0 0
0.000000 -0.000000 -0.000000 0 0
0.000000 -0.000000 -0.000000 0 0
0.000000 -0.000000 -0.000000 0 0
0.000000 -0.000000 -0.000000 0 0
0.000000 -0.000000 -0.000000 0 0
0.000000 -0.000000 -0.000000 0 0
0.000000 -0.000000 -0.000000 0 0
0.000000 -0.000000 -0.000000 0 0
0.000000 -0.000000 -0.000000 0 0
0.000000 -0.000000 -0.000000 0 0
0.000000 -0.000000 -0.000000 0 0
0.000000 -0.000000 -0.000000 0 0
0.000000 -0.000000 -0.000000 0 0
0.000000 -0.000000 -0.000000 0 0
0.000000 -0.000000 -0.000000 0 0
0.000000 -0.000000 -0.000000 0 0
0.000000 -0.000000 -0.000000 0 0
0.000000 -0.000000 -0.000000 0 0
0.000000 -0.000000 -0.000000 0 0
0.000000 -0.000000 -0.000000 0 0
0.000000 -0.000000 -0.000000 0 0
0.000000 -0.000000 -0.000000 0 0
0.000000 -0.000000 -0.000000 0 0
0.000000 -0.000000 -0.000000 0 0
0.000000 -0.000000 -0.000000 0 0
0.000000 -0.000000 -0.000000 0 0
0.000000 -0.000000 -0.000000 0 0
0.000000 -0.000000 -0.000000 0 0
0.000000 -0.000000 -0.000000 0 0
0.000000 -0.000000 -0.000000 0 0
0.000000 -0.000000 -0.000000 0 0
0.000000 -0.000000 -0.000000 0 0
0.000000 -0.000000 -0.000000 0 0
0.000000 -0.000000 -0.000000 0 0
0.000000 -0.000000 -0.000000 0 0
0.000000 -0.000000 -0.000000 0 0
0.000000 -0.000000 -0.000000 0 0
0.000000 -0.000000 -0.000000 0 0
0.000000 -0.000000 -0.000000 0 0
0.000000 -0.000000 -0.000000 0 0
0.000000 -0.000000 -0.000000 0 0
0.000000 -0.000000 -0.000000 0 0
0.000000 -0.000000 -0.000000 0 0
0.000000 -0.000000 -0.000000 0 0
0.000000 -0.000000 -0.000000 0 0
0.000000 -0.000000 -0.000000 0 0
0.000000 -0.000000 -0.000000 0 0
0.000000 -0.000000 -0.000000 0 0
0.000000 -0.000000 -0.000000 0 0
0.000000 -0.000000 -0.000000 0 0
0.000000 -0.000000 -0.000000 0 0
0.000000 -0.000000 -0.000000 0 0
0.000000 -0.000000 -0.000000 0 0
0.000000 -0.000000 -0.000000 0 0
0.000000 -0.000000 -0.000000 0 0
0.000000 -0.000000 -0.000000 0 0
0.000000 -0.000000 -0.000000 0 0
0.000000 -0.000000 -0.000000 0 0
0.000000 -0.000000 -0.000000 0 0
0.000000 -0.000000 -0.000000 0 0
0.000000 -0.000000 -0.000000 0 0
0.000000 -0.000000 -0.000000 0 0
0.000000 -0.000000 -0.000000 0 0
0.000000 -0.000000 -0.000000 0 0
0.000000 -0.000000 -0.000000 0 0
0.000000 -0.000000 -0.000000 0 0
0.000000 -0.000000 -0.000000 0 0
0.000000 -0.000000 -0.000000 0 0
0.000000 -0.000000 -0.000000 0 0
0.000000 -0.000000 -0.000000 0 0
0.000000 -0.000000 -0.000000 0 0
0.000000 -0.000000 -0.000000 0 0
0.000000 -0.000000 -0.000000 0 0
0.000000 -0.000000 -0.000000 0 0
0.000000 -0.000000 -0.000000 0 0
0.000000 -0.000000 -0.000000 0 0
0.000000 -0.000000 -0.000000 0 0
0.000000 -0.000000 -0.000000 0 0
0.000000 -0.000000 -0.000000 0 0
0.000000 -0.000000 -0.000000 0 0
0.000000 -0.000000 -0.000000 0 0
0.000000 -0.000000 -0.000000 0 0
0.000000 -0.000000 -0.000000 0 0
0.000000 -0.000000 -0.000000 0 0
0.000000 -0.000000 -0.000000 0 0
0.000000 -0.000000 -0.000000 0 0
0.000000 -0.000000 -0.000000 0 0
0.000000 -0.000000 -0.000000 0 0
0.000000 -0.000000 -0.000000 0 0
0.000000 -0.000000 -0.000000 0 0
0.000000 -0.000000 -0.000000 0 0
0.000000 -0.000000 -0.000000 0 0
0.000000 -0.000000 -0.000000 0 0
0.000000 -0.000000 -0.000000 0 0
0.000000 -0.000000 -0.000000 0 0
0.000000 -0.000000 -0.000000 0 0
0.000000 -0.000000 -0.000000 0 0
0.000000 -0.000000 -0.000000 0 0
0.000000 -0.000000 -0.000000 0 0
0.000000 -0.000000 -0.000000 0 0
0.000000 -0.000000 -0.000000 0 0
0.000000 -0.000000 -0.000000 0 0
0.000000 -0.000000 -0.000000 0 0
0.000000 -0.000000 -0.000000 0 0
0.000000 -0.000000 -0.000000 0 0
0.000000 -0.000000 -0.000000 0 0
0.000000 -0.000000 -0.000000 0 0
0.000000 -0.000000 -0.000000 0 0
0.000000 -0.000000 -0.000000 0 0
0.000000 -0.000000 -0.000000 0 0
0.000000 -0.000000 -0.000000 0 0
0.000000 -0.000000 -0.000000 0 0
0.000000 -0.000000 -0.000000 0 0
0.000000 -0.000000 -0.000000 0 0
0.000000 -0.000000 -0.000000 0 0
0.000000 -0.000000 -0.000000 0 0
0.000000 -0.000000 -0.000000 0 0
0.000000 -0.000000 -0.000000 0 0
0.000000 -0.000000 -0.000000 0 0
0.000000 -0.000000 -0.000000 0 0
0.000000 -0.000000 -0.000000 0 0
0.000000 -0.000000 -0.000000 0 0
0.000000 -0.000000 -0.000000 0 0
0.000000 -0.000000 -0.000000 0 0
0.000000 -0.000000 -0.000000 0 0
0.000000 -0.000000 -0.000000 0 0
0.000000 -0.000000 -0.000000 0 0
0.000000 -0.000000 -0.000000 0 0
0.000000 -0.000000 -0.000000 0 0
0.000000 -0.000000 -0.000000 0 0
0.000000 -0.000000 -0.000000 0 0
0.000000 -0.000000 -0.000000 0 0
0.000000 -0.000000 -0.000000 0 0
0.000000 -0.000000 -0.000000 0 0
0.000000 -0.000000 -0.000000 0 0
0.000000 -0.000000 -0.000000 0 0
0.000000 -0.000000 -0.000000 0 0
0.000000 -0.000000 -0.000000 0 0
0.000000 -0.000000 -0.000000 0 0
0.000000 -0.000000 -0.000000 0 0
0.000000 -0.000000 -0.000000 0 0
0.000000 -0.000000 -0.000000 0 0
0.000000 -0.000000 -0.000000 0 0
0.000000 -0.000000 -0.000000 0 0
0.000000 -0.000000 -0.000000 0 0
0.000000 -0.000000 -0.000000 0 0
0.000000 -0.000000 -0.000000 0 0
0.000000 -0.000000 -0.000000 0 0
0.000000 -0.000000 -0.000000 0 0
0.000000 -0.000000 -0.000000 0 0
0.000000 -0.000000 -0.000000 0 0
0.000000 -0.000000 -0.000000 0 0
0.000000 -0.000000 -0.000000 0 0
0.000000 -0.000000 -0.000000 0 0
0.000000 -0.000000 -0.000000 0 0
0.000000 -0.000000 -0.000000 0 0
0.000000 -0.000000 -0.000000 0 0
0.000000 -0.000000 -0.000000 0 0
0.000000 -0.000000 -0.000000 0 0
0.000000 -0.000000 -0.000000 0 0
0.000000 -0.000000 -0.000000 0 0
0.000000 -0.000000 -0.000000 0 0
0.000000 -0.000000 -0.000000 0 0
0.000000 -0.000000 -0.000000 0 0
0.000000 -0.000000 -0.000000 0 0
0.000000 -0.000000 -0.000000 0 0
0.000000 -0.000000 -0.000000 0 0
0.000000 -0.000000 -0.000000 0 0
0.000000 -0.000000 -0.000000 0 0
0.000000 -0.000000 -0.000000 0 0
0.000000 -0.000000 -0.000000 0 0
0.000000 -0.000000 -0.000000 0 0
0.000000 -0.000000 -0.000000 0 0
0.000000 -0.000000 -0.000000 0 0
0.000000 -0.000000 -0.000000 0 0
0.000000 -0.000000 -0.000000 0 0
0.000000 -0.000000 -0.000000 0 0
0.000000 -0.000000 -0.000000 0 0
4.089000 -9.550000 0.768000 15 0
3.795000 -9.646000 0.895000 38 0
3.499000 -9.713000 1.031000 46 0
0.000000 -0.000000 -0.000000 0 0
3.860000 -9.631000 0.771000 46 0
3.556000 -9.698000 0.888000 66 0
3.257000 -9.766000 1.016000 71 0
3.927000 -9.609000 0.648000 61 0
3.621000 -9.677000 0.771000 91 0
3.316000 -9.752000 0.881000 97 0
3.020000 -9.822000 1.002000 100 0
3.685000 -9.650000 0.657000 96 0
3.387000 -9.736000 0.773000 105 0
3.081000 -9.804000 0.875000 106 0
2.781000 -9.875000 0.988000 103 0
3.456000 -9.723000 0.668000 107 0
3.149000 -9.784000 0.775000 109 0
2.846000 -9.865000 0.870000 104 0
2.547000 -9.936000 0.976000 104 0
3.222000 -9.770000 0.678000 103 0
2.914000 -9.839000 0.777000 109 0
2.612000 -9.920000 0.865000 108 0
2.308000 -9.984000 0.962000 104 0
2.988000 -9.815000 0.688000 101 0
2.683000 -9.897000 0.780000 104 0
2.378000 -9.967000 0.859000 101 0
2.073000 -10.037000 0.950000 105 0
2.759000 -9.874000 0.699000 101 0
2.452000 -9.955000 0.784000 102 0
2.146000 -10.025000 0.855000 105 0
1.840000 -10.098000 0.938000 102 0
2.528000 -9.935000 0.711000 101 0
2.219000 -10.002000 0.787000 101 0
1.910000 -10.083000 0.851000 99 0
1.605000 -10.156000 0.927000 100 0
2.296000 -9.983000 0.722000 100 0
1.986000 -10.061000 0.791000 101 0
1.677000 -10.141000 0.848000 102 0
1.366000 -10.202000 0.915000 66 0
0.000000 -0.000000 -0.000000 0 0
0.000000 -0.000000 -0.000000 0 0
0.000000 -0.000000 -0.000000 0 0
0.000000 -0.000000 -0.000000 0 0
0.000000 -0.000000 -0.000000 0 0
0.000000 -0.000000 -0.000000 0 0
0.000000 -0.000000 -0.000000 0 0
0.000000 -0.000000 -0.000000 0 0
0.000000 -0.000000 -0.000000 0 0
0.000000 -0.000000 -0.000000 0 0
0.000000 -0.000000 -0.000000 0 0
0.000000 -0.000000 -0.000000 0 0
0.000000 -0.000000 -0.000000 0 0
0.000000 -0.000000 -0.000000 0 0
0.000000 -0.000000 -0.000000 0 0
0.000000 -0.000000 -0.000000 0 0
0.000000 -0.000000 -0.000000 0 0
0.000000 -0.000000 -0.000000 0 0
0.000000 -0.000000 -0.000000 0 0
0.000000 -0.000000 -0.000000 0 0
0.000000 -0.000000 -0.000000 0 0
0.000000 -0.000000 -0.000000 0 0
0.000000 -0.000000 -0.000000 0 0
0.000000 -0.000000 -0.000000 0 0
0.000000 -0.000000 -0.000000 0 0
0.000000 -0.000000 -0.000000 0 0
0.000000 -0.000000 -0.000000 0 0
0.000000 -0.000000 -0.000000 0 0
0.000000 -0.000000 -0.000000 0 0
0.000000 -0.000000 -0.000000 0 0
0.000000 -0.000000 -0.000000 0 0
0.000000 -0.000000 -0.000000 0 0
0.000000 -0.000000 -0.000000 0 0
0.000000 -0.000000 -0.000000 0 0
0.000000 -0.000000 -0.000000 0 0
0.000000 -0.000000 -0.000000 0 0
0.000000 -0.000000 -0.000000 0 0
0.000000 -0.000000 -0.000000 0 0
0.000000 -0.000000 -0.000000 0 0
0.000000 -0.000000 -0.000000 0 0
0.000000 -0.000000 -0.000000 0 0
0.000000 -0.000000 -0.000000 0 0
0.000000 -0.000000 -0.000000 0 0
0.000000 -0.000000 -0.000000 0 0
0.000000 -0.000000 -0.000000 0 0
0.000000 -0.000000 -0.000000 0 0
0.000000 -0.000000 -0.000000 0 0
0.000000 -0.000000 -0.000000 0 0
0.000000 -0.000000 -0.000000 0 0
0.000000 -0.000000 -0.000000 0 0
0.000000 -0.000000 -0.000000 0 0
0.000000 -0.000000 -0.000000 0 0
0.000000 -0.000000 -0.000000 0 0
0.000000 -0.000000 -0.000000 0 0
0.000000 -0.000000 -0.000000 0 0
0.000000 -0.000000 -0.000000 0 0
0.000000 -0.000000 -0.000000 0 0
4.089000 -9.550000 0.768000 15 0
3.795000 -9.646000 0.895000 38 0
3.499000 -9.713000 1.031000 46 0
0.000000 -0.000000 -0.000000 0 0
3.860000 -9.631000 0.771000 46 0
3.556000 -9.698000 0.888000 66 0
3.257000 -9.766000 1.016000 71 0
3.927000 -9.609000 0.648000 61 0
3.621000 -9.677000 0.771000 91 0
3.316000 -9.752000 0.881000 97 0
3.020000 -9.822000 1.002000 100 0
3.685000 -9.650000 0.657000 96 0
3.387000 -9.736000 0.773000 105 0
3.081000 -9.804000 0.875000 106 0
2.781000 -9.875000 0.988000 103 0
3.456000 -9.723000 0.668000 107 0
3.149000 -9.784000 0.775000 109 0
2.846000 -9.865000 0.870000 104 0
2.547000 -9.936000 0.976000 104 0
3.222000 -9.770000 0.678000 103 0
2.914000 -9.839000 0.777000 109 0
2.612000 -9.920000 0.865000 108 0
2.308000 -9.984000 0.962000 104 0
2.988000 -9.815000 0.688000 101 0
2.683000 -9.897000 0.780000 104 0
2.378000 -9.967000 0.859000 101 0
2.073000 -10.037000 0.950000 105 0
2.759000 -9.874000 0.699000 101 0
2.452000 -9.955000 0.784000 102 0
2.146000 -10.025000 0.855000 105 0
1.840000 -10.098000 0.938000 102 0
2.528000 -9.935000 0.711000 101 0
2.219000 -10.002000 0.787000 101 0
1.910000 -10.083000 0.851000 99 0
1.605000 -10.156000 0.927000 100 0
2.296000 -9.983000 0.722000 100 0
1.986000 -10.061000 0.791000 101 0
1.677000 -10.141000 0.848000 102 0
1.366000 -10.202000 0.915000 66 0
2.066000 -10.043000 0.734000 102 0
1.750000 -10.112000 0.795000 97 0
1.439000 -10.185000 0.844000 86 0
1.114000 -10.142000 0.894000 2 0
1.829000 -10.094000 0.747000 103 0
1.517000 -10.168000 0.800000 99 0
1.184000 -10.091000 0.829000 27 0
0.000000 -0.000000 -0.000000 0 0
1.597000 -10.140000 0.759000 98 0
1.263000 -10.080000 0.794000 43 0
0.000000 -0.000000 -0.000000 0 0
0.000000 -0.000000 -0.000000 0 0
1.364000 -10.197000 0.772000 66 0
0.000000 -0.000000 -0.000000 0 0
0.000000 -0.000000 -0.000000 0 0
0.000000 -0.000000 -0.000000 0 0
1.113000 -10.121000 0.776000 7 0
0.000000 -0.000000 -0.000000 0 0
0.000000 -0.000000 -0.000000 0 0
0.000000 -0.000000 -0.000000 0 0
0.000000 -0.000000 -0.000000 0 0
0.000000 -0.000000 -0.000000 0 0
0.000000 -0.000000 -0.000000 0 0
0.000000 -0.000000 -0.000000 0 0
0.000000 -0.000000 -0.000000 0 0
0.000000 -0.000000 -0.000000 0 0
0.000000 -0.000000 -0.000000 0 0
0.000000 -0.000000 -0.000000 0 0
0.000000 -0.000000 -0.000000 0 0
0.000000 -0.000000 -0.000000 0 0
0.000000 -0.000000 -0.000000 0 0
0.000000 -0.000000 -0.000000 0 0
0.000000 -0.000000 -0.000000 0 0
0.000000 -0.000000 -0.000000 0 0
0.000000 -0.000000 -0.000000 0 0
0.000000 -0.000000 -0.000000 0 0
0.000000 -0.000000 -0.000000 0 0
0.000000 -0.000000 -0.000000 0 0
0.000000 -0.000000 -0.000000 0 0
-0.200000 -1.982000 0.151000 1 0
0.000000 -0.000000 -0.000000 0 0
0.000000 -0.000000 -0.000000 0 0
-0.189000 -2.029000 0.157000 1 0
-0.232000 -1.864000 0.140000 1 0
0.000000 -0.000000 -0.000000 0 0
-0.177000 -2.069000 0.168000 0 4
-0.222000 -1.901000 0.146000 1 0
-0.258000 -1.741000 0.129000 2 0
0.000000 -0.000000 -0.000000 0 0
-0.211000 -1.942000 0.158000 1 0
-0.251000 -1.787000 0.137000 1 0
-0.283000 -1.644000 0.120000 2 0
-0.200000 -1.984000 0.172000 1 0
-0.240000 -1.809000 0.149000 1 0
-0.276000 -1.683000 0.129000 1 0
-0.304000 -1.547000 0.111000 2 0
-0.230000 -1.848000 0.163000 1 0
-0.269000 -1.715000 0.142000 1 0
-0.300000 -1.592000 0.121000 2 0
-0.474000 -2.148000 0.152000 56 0
-0.258000 -1.740000 0.156000 1 0
-0.292000 -1.614000 0.134000 2 0
-0.320000 -1.502000 0.114000 2 0
-0.504000 -2.058000 0.144000 63 0
-0.284000 -1.646000 0.150000 2 0
-0.308000 -1.505000 0.126000 2 0
-0.495000 -2.087000 0.158000 60 0
-0.527000 -1.953000 0.135000 62 0
-0.307000 -1.559000 0.144000 2 0
-0.490000 -2.131000 0.181000 53 0
-0.519000 -1.981000 0.150000 56 0
-0.547000 -1.857000 0.126000 64 0
-0.477000 -2.150000 0.202000 44 0
-0.513000 -2.018000 0.172000 61 0
-0.540000 -1.881000 0.142000 64 0
-0.569000 -1.779000 0.120000 71 0
-0.506000 -2.052000 0.196000 56 0
-0.535000 -1.913000 0.165000 62 0
-0.562000 -1.798000 0.136000 68 0
-0.587000 -1.698000 0.113000 74 0
-0.527000 -1.940000 0.189000 60 0
-0.555000 -1.821000 0.159000 60 0
-0.582000 -1.720000 0.130000 67 0
-0.602000 -1.620000 0.106000 68 0
-0.550000 -1.849000 0.183000 60 0
-0.576000 -1.742000 0.153000 68 0
-0.597000 -1.638000 0.124000 67 0
-0.620000 -1.558000 0.101000 71 0
-0.570000 -1.764000 0.178000 61 0
-0.593000 -1.661000 0.148000 66 0
-0.614000 -1.571000 0.119000 70 0
-0.633000 -1.488000 0.095000 75 0
-0.589000 -1.684000 0.173000 59 0
-0.610000 -1.589000 0.143000 74 0
0.000000 -0.000000 -0.000000 0 0
0.000000 -0.000000 -0.000000 0 0
2.066000 -10.043000 0.734000 102 0
1.750000 -10.112000 0.795000 97 0
1.439000 -10.185000 0.844000 86 0
1.114000 -10.142000 0.894000 2 0
1.829000 -10.094000 0.747000 103 0
1.517000 -10.168000 0.800000 99 0
1.184000 -10.091000 0.829000 27 0
0.000000 -0.000000 -0.000000 0 0
1.597000 -10.140000 0.759000 98 0
1.263000 -10.080000 0.794000 43 0
0.000000 -0.000000 -0.000000 0 0
0.000000 -0.000000 -0.000000 0 0
1.364000 -10.197000 0.772000 66 0
0.000000 -0.000000 -0.000000 0 0
0.000000 -0.000000 -0.000000 0 0
0.000000 -0.000000 -0.000000 0 0
1.113000 -10.121000 0.776000 7 0
0.000000 -0.000000 -0.000000 0 0
0.000000 -0.000000 -0.000000 0 0
0.000000 -0.000000 -0.000000 0 0
0.000000 -0.000000 -0.000000 0 0
0.000000 -0.000000 -0.000000 0 0
0.000000 -0.000000 -0.000000 0 0
0.000000 -0.000000 -0.000000 0 0
0.000000 -0.000000 -0.000000 0 0
0.000000 -0.000000 -0.000000 0 0
0.000000 -0.000000 -0.000000 0 0
0.000000 -0.000000 -0.000000 0 0
0.000000 -0.000000 -0.000000 0 0
0.000000 -0.000000 -0.000000 0 0
0.000000 -0.000000 -0.000000 0 0
0.000000 -0.000000 -0.000000 0 0
0.000000 -0.000000 -0.000000 0 0
0.000000 -0.000000 -0.000000 0 0
0.000000 -0.000000 -0.000000 0 0
0.000000 -0.000000 -0.000000 0 0
0.000000 -0.000000 -0.000000 0 0
0.000000 -0.000000 -0.000000 0 0
0.000000 -0.000000 -0.000000 0 0
-0.200000 -1.982000 0.151000 1 0
0.000000 -0.000000 -0.000000 0 0
0.000000 -0.000000 -0.000000 0 0
-0.189000 -2.029000 0.157000 1 0
-0.232000 -1.864000 0.140000 1 0
0.000000 -0.000000 -0.000000 0 0
-0.177000 -2.069000 0.168000 0 4
-0.222000 -1.901000 0.146000 1 0
-0.258000 -1.741000 0.129000 2 0
0.000000 -0.000000 -0.000000 0 0
-0.211000 -1.942000 0.158000 1 0
-0.251000 -1.787000 0.137000 1 0
-0.283000 -1.644000 0.120000 2 0
-0.200000 -1.984000 0.172000 1 0
-0.240000 -1.809000 0.149000 1 0
-0.276000 -1.683000 0.129000 1 0
-0.304000 -1.547000 0.111000 2 0
-0.230000 -1.848000 0.163000 1 0
-0.269000 -1.715000 0.142000 1 0
-0.300000 -1.592000 0.121000 2 0
-0.474000 -2.148000 0.152000 56 0
-0.258000 -1.740000 0.156000 1 0
-0.292000 -1.614000 0.134000 2 0
-0.320000 -1.502000 0.114000 2 0
-0.504000 -2.058000 0.144000 63 0
-0.284000 -1.646000 0.150000 2 0
-0.308000 -1.505000 0.126000 2 0
-0.495000 -2.087000 0.158000 60 0
-0.527000 -1.953000 0.135000 62 0
-0.307000 -1.559000 0.144000 2 0
-0.490000 -2.131000 0.181000 53 0
-0.519000 -1.981000 0.150000 56 0
-0.547000 -1.857000 0.126000 64 0
-0.477000 -2.150000 0.202000 44 0
-0.513000 -2.018000 0.172000 61 0
-0.540000 -1.881000 0.142000 64 0
-0.569000 -1.779000 0.120000 71 0
-0.506000 -2.052000 0.196000 56 0
-0.535000 -1.913000 0.165000 62 0
-0.562000 -1.798000 0.136000 68 0
-0.587000 -1.698000 0.113000 74 0
-0.527000 -1.940000 0.189000 60 0
-0.555000 -1.821000 0.159000 60 0
-0.582000 -1.720000 0.130000 67 0
-0.602000 -1.620000 0.106000 68 0
-0.550000 -1.849000 0.183000 60 0
-0.576000 -1.742000 0.153000 68 0
-0.597000 -1.638000 0.124000 67 0
-0.620000 -1.558000 0.101000 71 0
-0.570000 -1.764000 0.178000 61 0
-0.593000 -1.661000 0.148000 66 0
-0.614000 -1.571000 0.119000 70 0
-0.633000 -1.488000 0.095000 75 0
-0.589000 -1.684000 0.173000 59 0
-0.610000 -1.589000 0.143000 74 0
0.000000 -0.000000 -0.000000 0 0
0.000000 -0.000000 -0.000000 0 0
-0.606000 -1.610000 0.168000 71 0
-0.630000 -1.533000 0.140000 71 0
0.000000 -0.000000 -0.000000 0 0
0.000000 -0.000000 -0.000000 0 0
-0.623000 -1.542000 0.165000 67 0
0.000000 -0.000000 -0.000000 0 0
0.000000 -0.000000 -0.000000 0 0
0.000000 -0.000000 -0.000000 0 0
0.000000 -0.000000 -0.000000 0 0
0.000000 -0.000000 -0.000000 0 0
0.000000 -0.000000 -0.000000 0 0
0.000000 -0.000000 -0.000000 0 0
0.000000 -0.000000 -0.000000 0 0
0.000000 -0.000000 -0.000000 0 0
0.000000 -0.000000 -0.000000 0 0
0.000000 -0.000000 -0.000000 0 0
0.000000 -0.000000 -0.000000 0 0
0.000000 -0.000000 -0.000000 0 0
0.000000 -0.000000 -0.000000 0 0
0.000000 -0.000000 -0.000000 0 0
0.000000 -0.000000 -0.000000 0 0
0.000000 -0.000000 -0.000000 0 0
0.000000 -0.000000 -0.000000 0 0
0.000000 -0.000000 -0.000000 0 0
0.000000 -0.000000 -0.000000 0 0
0.000000 -0.000000 -0.000000 0 0
0.000000 -0.000000 -0.000000 0 0
0.000000 -0.000000 -0.000000 0 0
0.000000 -0.000000 -0.000000 0 0
0.000000 -0.000000 -0.000000 0 0
0.000000 -0.000000 -0.000000 0 0
0.000000 -0.000000 -0.000000 0 0
0.000000 -0.000000 -0.000000 0 0
0.000000 -0.000000 -0.000000 0 0
0.000000 -0.000000 -0.000000 0 0
0.000000 -0.000000 -0.000000 0 0
0.000000 -0.000000 -0.000000 0 0
0.000000 -0.000000 -0.000000 0 0
0.000000 -0.000000 -0.000000 0 0
0.000000 -0.000000 -0.000000 0 0
0.000000 -0.000000 -0.000000 0 0
0.000000 -0.000000 -0.000000 0 0
0.000000 -0.000000 -0.000000 0 0
0.000000 -0.000000 -0.000000 0 0
0.000000 -0.000000 -0.000000 0 0
0.000000 -0.000000 -0.000000 0 0
0.000000 -0.000000 -0.000000 0 0
0.000000 -0.000000 -0.000000 0 0
0.000000 -0.000000 -0.000000 0 0
0.000000 -0.000000 -0.000000 0 0
0.000000 -0.000000 -0.000000 0 0
0.000000 -0.000000 -0.000000 0 0
0.000000 -0.000000 -0.000000 0 0
0.000000 -0.000000 -0.000000 0 0
0.000000 -0.000000 -0.000000 0 0
0.000000 -0.000000 -0.000000 0 0
0.000000 -0.000000 -0.000000 0 0
0.000000 -0.000000 -0.000000 0 0
0.000000 -0.000000 -0.000000 0 0
0.000000 -0.000000 -0.000000 0 0
0.000000 -0.000000 -0.000000 0 0
0.000000 -0.000000 -0.000000 0 0
0.000000 -0.000000 -0.000000 0 0
0.000000 -0.000000 -0.000000 0 0
0.000000 -0.000000 -0.000000 0 0
0.000000 -0.000000 -0.000000 0 0
0.000000 -0.000000 -0.000000 0 0
0.000000 -0.000000 -0.000000 0 0
0.000000 -0.000000 -0.000000 0 0
0.000000 -0.000000 -0.000000 0 0
0.000000 -0.000000 -0.000000 0 0
0.000000 -0.000000 -0.000000 0 0
0.000000 -0.000000 -0.000000 0 0
0.000000 -0.000000 -0.000000 0 0
0.000000 -0.000000 -0.000000 0 0
0.000000 -0.000000 -0.000000 0 0
0.000000 -0.000000 -0.000000 0 0
0.000000 -0.000000 -0.000000 0 0
0.000000 -0.000000 -0.000000 0 0
0.000000 -0.000000 -0.000000 0 0
0.000000 -0.000000 -0.000000 0 0
0.000000 -0.000000 -0.000000 0 0
0.000000 -0.000000 -0.000000 0 0
0.000000 -0.000000 -0.000000 0 0
0.000000 -0.000000 -0.000000 0 0
0.000000 -0.000000 -0.000000 0 0
0.000000 -0.000000 -0.000000 0 0
0.000000 -0.000000 -0.000000 0 0
0.000000 -0.000000 -0.000000 0 0
0.000000 -0.000000 -0.000000 0 0
0.000000 -0.000000 -0.000000 0 0
0.000000 -0.000000 -0.000000 0 0
0.000000 -0.000000 -0.000000 0 0
0.000000 -0.000000 -0.000000 0 0
0.000000 -0.000000 -0.000000 0 0
0.000000 -0.000000 -0.000000 0 0
-0.606000 -1.610000 0.168000 71 0
-0.630000 -1.533000 0.140000 71 0
0.000000 -0.000000 -0.000000 0 0
0.000000 -0.000000 -0.000000 0 0
-0.623000 -1.542000 0.165000 67 0
0.000000 -0.000000 -0.000000 0 0
0.000000 -0.000000 -0.000000 0 0
0.000000 -0.000000 -0.000000 0 0
0.000000 -0.000000 -0.000000 0 0
0.000000 -0.000000 -0.000000 0 0
0.000000 -0.000000 -0.000000 0 0
0.000000 -0.000000 -0.000000 0 0
0.000000 -0.000000 -0.000000 0 0
0.000000 -0.000000 -0.000000 0 0
0.000000 -0.000000 -0.000000 0 0
0.000000 -0.000000 -0.000000 0 0
0.000000 -0.000000 -0.000000 0 0
0.000000 -0.000000 -0.000000 0 0
0.000000 -0.000000 -0.000000 0 0
0.000000 -0.000000 -0.000000 0 0
0.000000 -0.000000 -0.000000 0 0
0.000000 -0.000000 -0.000000 0 0
0.000000 -0.000000 -0.000000 0 0
0.000000 -0.000000 -0.000000 0 0
0.000000 -0.000000 -0.000000 0 0
0.000000 -0.000000 -0.000000 0 0
0.000000 -0.000000 -0.000000 0 0
0.000000 -0.000000 -0.000000 0 0
0.000000 -0.000000 -0.000000 0 0
0.000000 -0.000000 -0.000000 0 0
0.000000 -0.000000 -0.000000 0 0
0.000000 -0.000000 -0.000000 0 0
0.000000 -0.000000 -0.000000 0 0
0.000000 -0.000000 -0.000000 0 0
0.000000 -0.000000 -0.000000 0 0
0.000000 -0.000000 -0.000000 0 0
0.000000 -0.000000 -0.000000 0 0
0.000000 -0.000000 -0.000000 0 0
0.000000 -0.000000 -0.000000 0 0
0.000000 -0.000000 -0.000000 0 0
0.000000 -0.000000 -0.000000 0 0
0.000000 -0.000000 -0.000000 0 0
0.000000 -0.000000 -0.000000 0 0
0.000000 -0.000000 -0.000000 0 0
0.000000 -0.000000 -0.000000 0 0
0.000000 -0.000000 -0.000000 0 0
0.000000 -0.000000 -0.000000 0 0
0.000000 -0.000000 -0.000000 0 0
0.000000 -0.000000 -0.000000 0 0
0.000000 -0.000000 -0.000000 0 0
0.000000 -0.000000 -0.000000 0 0
0.000000 -0.000000 -0.000000 0 0
0.000000 -0.000000 -0.000000 0 0
0.000000 -0.000000 -0.000000 0 0
0.000000 -0.000000 -0.000000 0 0
0.000000 -0.000000 -0.000000 0 0
0.000000 -0.000000 -0.000000 0 0
0.000000 -0.000000 -0.000000 0 0
0.000000 -0.000000 -0.000000 0 0
0.000000 -0.000000 -0.000000 0 0
0.000000 -0.000000 -0.000000 0 0
0.000000 -0.000000 -0.000000 0 0
0.000000 -0.000000 -0.000000 0 0
0.000000 -0.000000 -0.000000 0 0
0.000000 -0.000000 -0.000000 0 0
0.000000 -0.000000 -0.000000 0 0
0.000000 -0.000000 -0.000000 0 0
0.000000 -0.000000 -0.000000 0 0
0.000000 -0.000000 -0.000000 0 0
0.000000 -0.000000 -0.000000 0 0
0.000000 -0.000000 -0.000000 0 0
0.000000 -0.000000 -0.000000 0 0
0.000000 -0.000000 -0.000000 0 0
0.000000 -0.000000 -0.000000 0 0
0.000000 -0.000000 -0.000000 0 0
0.000000 -0.000000 -0.000000 0 0
0.000000 -0.000000 -0.000000 0 0
0.000000 -0.000000 -0.000000 0 0
0.000000 -0.000000 -0.000000 0 0
0.000000 -0.000000 -0.000000 0 0
0.000000 -0.000000 -0.000000 0 0
0.000000 -0.000000 -0.000000 0 0
0.000000 -0.000000 -0.000000 0 0
0.000000 -0.000000 -0.000000 0 0
0.000000 -0.000000 -0.000000 0 0
0.000000 -0.000000 -0.000000 0 0
0.000000 -0.000000 -0.000000 0 0
0.000000 -0.000000 -0.000000 0 0
0.000000 -0.000000 -0.000000 0 0
0.000000 -0.000000 -0.000000 0 0
0.000000 -0.000000 -0.000000 0 0
0.000000 -0.000000 -0.000000 0 0
0.000000 -0.000000 -0.000000 0 0
0.000000 -0.000000 -0.000000 0 0
0.000000 -0.000000 -0.000000 0 0
0.000000 -0.000000 -0.000000 0 0
0.000000 -0.000000 -0.000000 0 0
0.000000 -0.000000 -0.000000 0 0
0.000000 -0.000000 -0.000000 0 0
0.000000 -0.000000 -0.000000 0 0
0.000000 -0.000000 -0.000000 0 0
0.000000 -0.000000 -0.000000 0 0
0.000000 -0.000000 -0.000000 0 0
0.000000 -0.000000 -0.000000 0 0
0.000000 -0.000000 -0.000000 0 0
0.000000 -0.000000 -0.000000 0 0
0.000000 -0.000000 -0.000000 0 0
0.000000 -0.000000 -0.000000 0 0
0.000000 -0.000000 -0.000000 0 0
0.000000 -0.000000 -0.000000 0 0
0.000000 -0.000000 -0.000000 0 0
0.000000 -0.000000 -0.000000 0 0
0.000000 -0.000000 -0.000000 0 0
0.000000 -0.000000 -0.000000 0 0
0.000000 -0.000000 -0.000000 0 0
0.000000 -0.000000 -0.000000 0 0
0.000000 -0.000000 -0.000000 0 0
0.000000 -0.000000 -0.000000 0 0
0.000000 -0.000000 -0.000000 0 0
0.000000 -0.000000 -0.000000 0 0
0.000000 -0.000000 -0.000000 0 0
0.000000 -0.000000 -0.000000 0 0
0.000000 -0.000000 -0.000000 0 0
0.000000 -0.000000 -0.000000 0 0
0.000000 -0.000000 -0.000000 0 0
0.000000 -0.000000 -0.000000 0 0
0.000000 -0.000000 -0.000000 0 0
0.000000 -0.000000 -0.000000 0 0
0.000000 -0.000000 -0.000000 0 0
0.000000 -0.000000 -0.000000 0 0
0.000000 -0.000000 -0.000000 0 0
0.000000 -0.000000 -0.000000 0 0
0.000000 -0.000000 -0.000000 0 0
0.000000 -0.000000 -0.000000 0 0
0.000000 -0.000000 -0.000000 0 0
0.000000 -0.000000 -0.000000 0 0
0.000000 -0.000000 -0.000000 0 0
0.000000 -0.000000 -0.000000 0 0
0.000000 -0.000000 -0.000000 0 0
0.000000 -0.000000 -0.000000 0 0
0.000000 -0.000000 -0.000000 0 0
0.000000 -0.000000 -0.000000 0 0
0.000000 -0.000000 -0.000000 0 0
0.000000 -0.000000 -0.000000 0 0
0.000000 -0.000000 -0.000000 0 0
0.000000 -0.000000 -0.000000 0 0
0.000000 -0.000000 -0.000000 0 0
0.000000 -0.000000 -0.000000 0 0
0.000000 -0.000000 -0.000000 0 0
0.000000 -0.000000 -0.000000 0 0
0.000000 -0.000000 -0.000000 0 0
0.000000 -0.000000 -0.000000 0 0
0.000000 -0.000000 -0.000000 0 0
0.000000 -0.000000 -0.000000 0 0
0.000000 -0.000000 -0.000000 0 0
0.000000 -0.000000 -0.000000 0 0
0.000000 -0.000000 -0.000000 0 0
0.000000 -0.000000 -0.000000 0 0
0.000000 -0.000000 -0.000000 0 0
0.000000 -0.000000 -0.000000 0 0
0.000000 -0.000000 -0.000000 0 0
0.000000 -0.000000 -0.000000 0 0
0.000000 -0.000000 -0.000000 0 0
0.000000 -0.000000 -0.000000 0 0
0.000000 -0.000000 -0.000000 0 0
0.000000 -0.000000 -0.000000 0 0
0.000000 -0.000000 -0.000000 0 0
0.000000 -0.000000 -0.000000 0 0
0.000000 -0.000000 -0.000000 0 0
0.000000 -0.000000 -0.000000 0 0
0.000000 -0.000000 -0.000000 0 0
0.000000 -0.000000 -0.000000 0 0
0.000000 -0.000000 -0.000000 0 0
0.000000 -0.000000 -0.000000 0 0
0.000000 -0.000000 -0.000000 0 0
0.000000 -0.000000 -0.000000 0 0
0.000000 -0.000000 -0.000000 0 0
0.000000 -0.000000 -0.000000 0 0
0.000000 -0.000000 -0.000000 0 0
0.000000 -0.000000 -0.000000 0 0
0.000000 -0.000000 -0.000000 0 0
0.000000 -0.000000 -0.000000 0 0
0.000000 -0.000000 -0.000000 0 0
0.000000 -0.000000 -0.000000 0 0
0.000000 -0.000000 -0.000000 0 0
0.000000 -0.000000 -0.000000 0 0
0.000000 -0.000000 -0.000000 0 0
0.000000 -0.000000 -0.000000 0 0
0.000000 -0.000000 -0.000000 0 0
0.000000 -0.000000 -0.000000 0 0
0.000000 -0.000000 -0.000000 0 0
0.000000 -0.000000 -0.000000 0 0
0.000000 -0.000000 -0.000000 0 0
0.000000 -0.000000 -0.000000 0 0
0.000000 -0.000000 -0.000000 0 0
0.000000 -0.000000 -0.000000 0 0
0.000000 -0.000000 -0.000000 0 0
0.000000 -0.000000 -0.000000 0 0
0.000000 -0.000000 -0.000000 0 0
0.000000 -0.000000 -0.000000 0 0
0.000000 -0.000000 -0.000000 0 0
0.000000 -0.000000 -0.000000 0 0
0.000000 -0.000000 -0.000000 0 0
0.000000 -0.000000 -0.000000 0 0
0.000000 -0.000000 -0.000000 0 0
0.000000 -0.000000 -0.000000 0 0
0.000000 -0.000000 -0.000000 0 0
0.000000 -0.000000 -0.000000 0 0
0.000000 -0.000000 -0.000000 0 0
0.000000 -0.000000 -0.000000 0 0
0.000000 -0.000000 -0.000000 0 0
0.000000 -0.000000 -0.000000 0 0
0.000000 -0.000000 -0.000000 0 0
0.000000 -0.000000 -0.000000 0 0
0.000000 -0.000000 -0.000000 0 0
0.000000 -0.000000 -0.000000 0 0
0.000000 -0.000000 -0.000000 0 0
0.000000 -0.000000 -0.000000 0 0
0.000000 -0.000000 -0.000000 0 0
0.000000 -0.000000 -0.000000 0 0
0.000000 -0.000000 -0.000000 0 0
0.000000 -0.000000 -0.000000 0 0
0.000000 -0.000000 -0.000000 0 0
0.000000 -0.000000 -0.000000 0 0
0.000000 -0.000000 -0.000000 0 0
0.000000 -0.000000 -0.000000 0 0
0.000000 -0.000000 -0.000000 0 0
0.000000 -0.000000 -0.000000 0 0
0.000000 -0.000000 -0.000000 0 0
0.000000 -0.000000 -0.000000 0 0
0.000000 -0.000000 -0.000000 0 0
0.000000 -0.000000 -0.000000 0 0
0.000000 -0.000000 -0.000000 0 0
0.000000 -0.000000 -0.000000 0 0
0.000000 -0.000000 -0.000000 0 0
0.000000 -0.000000 -0.000000 0 0
0.000000 -0.000000 -0.000000 0 0
0.000000 -0.000000 -0.000000 0 0
0.000000 -0.000000 -0.000000 0 0
0.000000 -0.000000 -0.000000 0 0
0.000000 -0.000000 -0.000000 0 0
0.000000 -0.000000 -0.000000 0 0
0.000000 -0.000000 -0.000000 0 0
0.000000 -0.000000 -0.000000 0 0
0.000000 -0.000000 -0.000000 0 0
0.000000 -0.000000 -0.000000 0 0
0.000000 -0.000000 -0.000000 0 0
0.000000 -0.000000 -0.000000 0 0
0.000000 -0.000000 -0.000000 0 0
0.000000 -0.000000 -0.000000 0 0
0.000000 -0.000000 -0.000000 0 0
0.000000 -0.000000 -0.000000 0 0
0.000000 -0.000000 -0.000000 0 0
0.000000 -0.000000 -0.000000 0 0
0.000000 -0.000000 -0.000000 0 0
0.000000 -0.000000 -0.000000 0 0
0.000000 -0.000000 -0.000000 0 0
0.000000 -0.000000 -0.000000 0 0
0.000000 -0.000000 -0.000000 0 0
0.000000 -0.000000 -0.000000 0 0
0.000000 -0.000000 -0.000000 0 0
0.000000 -0.000000 -0.000000 0 0
0.000000 -0.000000 -0.000000 0 0
0.000000 -0.000000 -0.000000 0 0
0.000000 -0.000000 -0.000000 0 0
0.000000 -0.000000 -0.000000 0 0
0.000000 -0.000000 -0.000000 0 0
0.000000 -0.000000 -0.000000 0 0
0.000000 -0.000000 -0.000000 0 0
0.000000 -0.000000 -0.000000 0 0
0.000000 -0.000000 -0.000000 0 0
0.000000 -0.000000 -0.000000 0 0
0.000000 -0.000000 -0.000000 0 0
0.000000 -0.000000 -0.000000 0 0
0.000000 -0.000000 -0.000000 0 0
0.000000 -0.000000 -0.000000 0 0
0.000000 -0.000000 -0.000000 0 0
0.000000 -0.000000 -0.000000 0 0
0.000000 -0.000000 -0.000000 0 0
0.000000 -0.000000 -0.000000 0 0
0.000000 -0.000000 -0.000000 0 0
0.000000 -0.000000 -0.000000 0 0
0.000000 -0.000000 -0.000000 0 0
0.000000 -0.000000 -0.000000 0 0
0.000000 -0.000000 -0.000000 0 0
0.000000 -0.000000 -0.000000 0 0
0.000000 -0.000000 -0.000000 0 0
0.000000 -0.000000 -0.000000 0 0
0.000000 -0.000000 -0.000000 0 0
0.000000 -0.000000 -0.000000 0 0
0.000000 -0.000000 -0.000000 0 0
0.000000 -0.000000 -0.000000 0 0
0.000000 -0.000000 -0.000000 0 0
0.000000 -0.000000 -0.000000 0 0
0.000000 -0.000000 -0.000000 0 0
0.000000 -0.000000 -0.000000 0 0
0.000000 -0.000000 -0.000000 0 0
0.000000 -0.000000 -0.000000 0 0
0.000000 -0.000000 -0.000000 0 0
0.000000 -0.000000 -0.000000 0 0
0.000000 -0.000000 -0.000000 0 0
0.000000 -0.000000 -0.000000 0 0
0.000000 -0.000000 -0.000000 0 0
0.000000 -0.000000 -0.000000 0 0
0.000000 -0.000000 -0.000000 0 0
0.000000 -0.000000 -0.000000 0 0
0.000000 -0.000000 -0.000000 0 0
0.000000 -0.000000 -0.000000 0 0
0.000000 -0.000000 -0.000000 0 0
0.000000 -0.000000 -0.000000 0 0
0.000000 -0.000000 -0.000000 0 0
0.000000 -0.000000 -0.000000 0 0
0.000000 -0.000000 -0.000000 0 0
0.000000 -0.000000 -0.000000 0 0
0.000000 -0.000000 -0.000000 0 0
0.000000 -0.000000 -0.000000 0 0
0.000000 -0.000000 -0.000000 0 0
0.000000 -0.000000 -0.000000 0 0
0.000000 -0.000000 -0.000000 0 0
0.000000 -0.000000 -0.000000 0 0
0.000000 -0.000000 -0.000000 0 0
0.000000 -0.000000 -0.000000 0 0
0.000000 -0.000000 -0.000000 0 0
0.000000 -0.000000 -0.000000 0 0
0.000000 -0.000000 -0.000000 0 0
0.000000 -0.000000 -0.000000 0 0
0.000000 -0.000000 -0.000000 0 0
0.000000 -0.000000 -0.000000 0 0
0.000000 -0.000000 -0.000000 0 0
0.000000 -0.000000 -0.000000 0 0
0.000000 -0.000000 -0.000000 0 0
0.000000 -0.000000 -0.000000 0 0
0.000000 -0.000000 -0.000000 0 0
0.000000 -0.000000 -0.000000 0 0
0.000000 -0.000000 -0.000000 0 0
0.000000 -0.000000 -0.000000 0 0
0.000000 -0.000000 -0.000000 0 0
0.000000 -0.000000 -0.000000 0 0
0.000000 -0.000000 -0.000000 0 0
0.000000 -0.000000 -0.000000 0 0
0.000000 -0.000000 -0.000000 0 0
0.000000 -0.000000 -0.000000 0 0
0.000000 -0.000000 -0.000000 0 0
0.000000 -0.000000 -0.000000 0 0
0.000000 -0.000000 -0.000000 0 0
0.000000 -0.000000 -0.000000 0 0
0.000000 -0.000000 -0.000000 0 0
0.000000 -0.000000 -0.000000 0 0
0.000000 -0.000000 -0.000000 0 0
0.000000 -0.000000 -0.000000 0 0
0.000000 -0.000000 -0.000000 0 0
0.000000 -0.000000 -0.000000 0 0
0.000000 -0.000000 -0.000000 0 0
0.000000 -0.000000 -0.000000 0 0
0.000000 -0.000000 -0.000000 0 0
0.000000 -0.000000 -0.000000 0 0
0.000000 -0.000000 -0.000000 0 0
0.000000 -0.000000 -0.000000 0 0
0.000000 -0.000000 -0.000000 0 0
0.000000 -0.000000 -0.000000 0 0
0.000000 -0.000000 -0.000000 0 0
0.000000 -0.000000 -0.000000 0 0
0.000000 -0.000000 -0.000000 0 0
0.000000 -0.000000 -0.000000 0 0
0.000000 -0.000000 -0.000000 0 0
0.000000 -0.000000 -0.000000 0 0
0.000000 -0.000000 -0.000000 0 0
0.000000 -0.000000 -0.000000 0 0
0.000000 -0.000000 -0.000000 0 0
0.000000 -0.000000 -0.000000 0 0
0.000000 -0.000000 -0.000000 0 0
0.000000 -0.000000 -0.000000 0 0
0.000000 -0.000000 -0.000000 0 0
0.000000 -0.000000 -0.000000 0 0
0.000000 -0.000000 -0.000000 0 0
0.000000 -0.000000 -0.000000 0 0
0.000000 -0.000000 -0.000000 0 0
0.000000 -0.000000 -0.000000 0 0
0.000000 -0.000000 -0.000000 0 0
0.000000 -0.000000 -0.000000 0 0
0.000000 -0.000000 -0.000000 0 0
0.000000 -0.000000 -0.000000 0 0
0.000000 -0.000000 -0.000000 0 0
0.000000 -0.000000 -0.000000 0 0
0.000000 -0.000000 -0.000000 0 0
0.000000 -0.000000 -0.000000 0 0
0.000000 -0.000000 -0.000000 0 0
0.000000 -0.000000 -0.000000 0 0
0.000000 -0.000000 -0.000000 0 0
0.000000 -0.000000 -0.000000 0 0
0.000000 -0.000000 -0.000000 0 0
0.000000 -0.000000 -0.000000 0 0
0.000000 -0.000000 -0.000000 0 0
0.000000 -0.000000 -0.000000 0 0
0.000000 -0.000000 -0.000000 0 0
0.000000 -0.000000 -0.000000 0 0
0.000000 -0.000000 -0.000000 0 0
0.000000 -0.000000 -0.000000 0 0
0.000000 -0.000000 -0.000000 0 0
0.000000 -0.000000 -0.000000 0 0
0.000000 -0.000000 -0.000000 0 0
0.000000 -0.000000 -0.000000 0 0
0.000000 -0.000000 -0.000000 0 0
0.000000 -0.000000 -0.000000 0 0
0.000000 -0.000000 -0.000000 0 0
0.000000 -0.000000 -0.000000 0 0
0.000000 -0.000000 -0.000000 0 0
0.000000 -0.000000 -0.000000 0 0
0.000000 -0.000000 -0.000000 0 0
0.000000 -0.000000 -0.000000 0 0
0.000000 -0.000000 -0.000000 0 0
0.000000 -0.000000 -0.000000 0 0
0.000000 -0.000000 -0.000000 0 0
0.000000 -0.000000 -0.000000 0 0
0.000000 -0.000000 -0.000000 0 0
0.000000 -0.000000 -0.000000 0 0
0.000000 -0.000000 -0.000000 0 0
0.000000 -0.000000 -0.000000 0 0
0.000000 -0.000000 -0.000000 0 0
0.000000 -0.000000 -0.000000 0 0
0.000000 -0.000000 -0.000000 0 0
0.000000 -0.000000 -0.000000 0 0
0.000000 -0.000000 -0.000000 0 0
0.000000 -0.000000 -0.000000 0 0
0.000000 -0.000000 -0.000000 0 0
0.000000 -0.000000 -0.000000 0 0
0.000000 -0.000000 -0.000000 0 0
0.000000 -0.000000 -0.000000 0 0
0.000000 -0.000000 -0.000000 0 0
0.000000 -0.000000 -0.000000 0 0
0.000000 -0.000000 -0.000000 0 0
0.000000 -0.000000 -0.000000 0 0
0.000000 -0.000000 -0.000000 0 0
0.000000 -0.000000 -0.000000 0 0
0.000000 -0.000000 -0.000000 0 0
0.000000 -0.000000 -0.000000 0 0
0.000000 -0.000000 -0.000000 0 0
0.000000 -0.000000 -0.000000 0 0
0.000000 -0.000000 -0.000000 0 0
0.000000 -0.000000 -0.000000 0 0
0.000000 -0.000000 -0.000000 0 0
0.000000 -0.000000 -0.000000 0 0
0.000000 -0.000000 -0.000000 0 0
0.000000 -0.000000 -0.000000 0 0
0.000000 -0.000000 -0.000000 0 0
0.000000 -0.000000 -0.000000 0 0
0.000000 -0.000000 -0.000000 0 0
0.000000 -0.000000 -0.000000 0 0
0.000000 -0.000000 -0.000000 0 0
0.000000 -0.000000 -0.000000 0 0
0.000000 -0.000000 -0.000000 0 0
0.000000 -0.000000 -0.000000 0 0
0.000000 -0.000000 -0.000000 0 0
0.000000 -0.000000 -0.000000 0 0
0.000000 -0.000000 -0.000000 0 0
0.000000 -0.000000 -0.000000 0 0
0.000000 -0.000000 -0.000000 0 0
0.000000 -0.000000 -0.000000 0 0
0.000000 -0.000000 -0.000000 0 0
0.000000 -0.000000 -0.000000 0 0
0.000000 -0.000000 -0.000000 0 0
0.000000 -0.000000 -0.000000 0 0
0.000000 -0.000000 -0.000000 0 0
0.000000 -0.000000 -0.000000 0 0
0.000000 -0.000000 -0.000000 0 0
0.000000 -0.000000 -0.000000 0 0
0.000000 -0.000000 -0.000000 0 0
0.000000 -0.000000 -0.000000 0 0
0.000000 -0.000000 -0.000000 0 0
0.000000 -0.000000 -0.000000 0 0
0.000000 -0.000000 -0.000000 0 0
0.000000 -0.000000 -0.000000 0 0
0.000000 -0.000000 -0.000000 0 0
0.000000 -0.000000 -0.000000 0 0
0.000000 -0.000000 -0.000000 0 0
0.000000 -0.000000 -0.000000 0 0
0.000000 -0.000000 -0.000000 0 0
0.000000 -0.000000 -0.000000 0 0
0.000000 -0.000000 -0.000000 0 0
0.000000 -0.000000 -0.000000 0 0
0.000000 -0.000000 -0.000000 0 0
0.000000 -0.000000 -0.000000 0 0
0.000000 -0.000000 -0.000000 0 0
0.000000 -0.000000 -0.000000 0 0
0.000000 -0.000000 -0.000000 0 0
0.000000 -0.000000 -0.000000 0 0
0.000000 -0.000000 -0.000000 0 0
0.000000 -0.000000 -0.000000 0 0
0.000000 -0.000000 -0.000000 0 0
0.000000 -0.000000 -0.000000 0 0
0.000000 -0.000000 -0.000000 0 0
0.000000 -0.000000 -0.000000 0 0
0.000000 -0.000000 -0.000000 0 0
0.000000 -0.000000 -0.000000 0 0
0.000000 -0.000000 -0.000000 0 0
0.000000 -0.000000 -0.000000 0 0
0.000000 -0.000000 -0.000000 0 0
0.000000 -0.000000 -0.000000 0 0
0.000000 -0.000000 -0.000000 0 0
0.000000 -0.000000 -0.000000 0 0
0.000000 -0.000000 -0.000000 0 0
-1.256000 0.917000 0.120000 9 0
0.000000 -0.000000 -0.000000 0 0
0.000000 -0.000000 -0.000000 0 0
-1.246000 0.973000 0.173000 9 0
0.000000 -0.000000 -0.000000 0 0
0.000000 -0.000000 -0.000000 0 0
0.000000 -0.000000 -0.000000 0 0
0.000000 -0.000000 -0.000000 0 0
-1.216000 0.978000 0.120000 12 0
0.000000 -0.000000 -0.000000 0 0
0.000000 -0.000000 -0.000000 0 0
-1.217000 1.048000 0.173000 11 0
0.000000 -0.000000 -0.000000 0 0
0.000000 -0.000000 -0.000000 0 0
0.000000 -0.000000 -0.000000 0 0
0.000000 -0.000000 -0.000000 0 0
-1.232000 1.090000 0.125000 68 0
0.000000 -0.000000 -0.000000 0 0
0.000000 -0.000000 -0.000000 0 0
-1.259000 1.194000 0.184000 65 0
0.000000 -0.000000 -0.000000 0 0
0.000000 -0.000000 -0.000000 0 0
0.000000 -0.000000 -0.000000 0 0
-1.280000 1.273000 0.190000 58 0
-1.265000 1.229000 0.133000 61 0
0.000000 -0.000000 -0.000000 0 0
0.000000 -0.000000 -0.000000 0 0
-1.301000 1.357000 0.196000 53 0
-1.286000 1.310000 0.137000 61 0
0.000000 -0.000000 -0.000000 0 0
0.000000 -0.000000 -0.000000 0 0
-1.323000 1.448000 0.203000 58 0
-1.309000 1.397000 0.142000 57 0
0.000000 -0.000000 -0.000000 0 0
0.000000 -0.000000 -0.000000 0 0
-1.351000 1.552000 0.211000 58 0
-1.331000 1.489000 0.148000 58 0
0.000000 -0.000000 -0.000000 0 0
0.000000 -0.000000 -0.000000 0 0
-5.262000 6.340000 0.837000 112 0
-1.361000 1.596000 0.154000 55 0
0.000000 -0.000000 -0.000000 0 0
0.000000 -0.000000 -0.000000 0 0
-5.057000 6.399000 0.821000 110 0
-5.177000 6.365000 0.602000 120 0
-1.352000 1.615000 0.102000 21 0
0.000000 -0.000000 -0.000000 0 0
-4.849000 6.443000 0.803000 116 0
-4.967000 6.409000 0.592000 119 0
-5.099000 6.384000 0.398000 117 0
-5.224000 6.358000 0.204000 110 0
-4.651000 6.497000 0.788000 119 0
-4.768000 6.456000 0.583000 124 0
-4.896000 6.430000 0.395000 121 0
-5.025000 6.406000 0.208000 113 0
-4.452000 6.541000 0.772000 130 0
-4.576000 6.508000 0.574000 123 0
-4.705000 6.480000 0.393000 123 0
-4.827000 6.450000 0.212000 125 0
-4.255000 6.580000 0.757000 127 0
-4.386000 6.561000 0.567000 126 0
-4.515000 6.529000 0.392000 121 0
-4.639000 6.499000 0.216000 125 0
-4.064000 6.628000 0.742000 130 0
-4.195000 6.603000 0.559000 127 0
-4.322000 6.570000 0.390000 121 0
-4.453000 6.546000 0.221000 130 0
-3.878000 6.672000 0.729000 129 0
-4.010000 6.650000 0.551000 132 0
-4.138000 6.616000 0.389000 120 0
-4.265000 6.590000 0.226000 128 0
-3.690000 6.706000 0.715000 125 0
-3.823000 6.688000 0.544000 129 0
-3.950000 6.652000 0.387000 119 0
-4.076000 6.620000 0.231000 129 0
0.000000 -0.000000 -0.000000 0 0
0.000000 -0.000000 -0.000000 0 0
0.000000 -0.000000 -0.000000 0 0
0.000000 -0.000000 -0.000000 0 0
0.000000 -0.000000 -0.000000 0 0
0.000000 -0.000000 -0.000000 0 0
0.000000 -0.000000 -0.000000 0 0
0.000000 -0.000000 -0.000000 0 0
0.000000 -0.000000 -0.000000 0 0
0.000000 -0.000000 -0.000000 0 0
0.000000 -0.000000 -0.000000 0 0
0.000000 -0.000000 -0.000000 0 0
0.000000 -0.000000 -0.000000 0 0
0.000000 -0.000000 -0.000000 0 0
0.000000 -0.000000 -0.000000 0 0
0.000000 -0.000000 -0.000000 0 0
0.000000 -0.000000 -0.000000 0 0
0.000000 -0.000000 -0.000000 0 0
0.000000 -0.000000 -0.000000 0 0
0.000000 -0.000000 -0.000000 0 0
0.000000 -0.000000 -0.000000 0 0
-1.256000 0.917000 0.120000 9 0
0.000000 -0.000000 -0.000000 0 0
0.000000 -0.000000 -0.000000 0 0
-1.246000 0.973000 0.173000 9 0
0.000000 -0.000000 -0.000000 0 0
0.000000 -0.000000 -0.000000 0 0
0.000000 -0.000000 -0.000000 0 0
0.000000 -0.000000 -0.000000 0 0
-1.216000 0.978000 0.120000 12 0
0.000000 -0.000000 -0.000000 0 0
0.000000 -0.000000 -0.000000 0 0
-1.217000 1.048000 0.173000 11 0
0.000000 -0.000000 -0.000000 0 0
0.000000 -0.000000 -0.000000 0 0
0.000000 -0.000000 -0.000000 0 0
0.000000 -0.000000 -0.000000 0 0
-1.232000 1.090000 0.125000 68 0
0.000000 -0.000000 -0.000000 0 0
0.000000 -0.000000 -0.000000 0 0
-1.259000 1.194000 0.184000 65 0
0.000000 -0.000000 -0.000000 0 0
0.000000 -0.000000 -0.000000 0 0
0.000000 -0.000000 -0.000000 0 0
-1.280000 1.273000 0.190000 58 0
-1.265000 1.229000 0.133000 61 0
0.000000 -0.000000 -0.000000 0 0
0.000000 -0.000000 -0.000000 0 0
-1.301000 1.357000 0.196000 53 0
-1.286000 1.310000 0.137000 61 0
0.000000 -0.000000 -0.000000 0 0
0.000000 -0.000000 -0.000000 0 0
-1.323000 1.448000 0.203000 58 0
-1.309000 1.397000 0.142000 57 0
0.000000 -0.000000 -0.000000 0 0
0.000000 -0.000000 -0.000000 0 0
-1.351000 1.552000 0.211000 58 0
-1.331000 1.489000 0.148000 58 0
0.000000 -0.000000 -0.000000 0 0
0.000000 -0.000000 -0.000000 0 0
-5.262000 6.340000 0.837000 112 0
-1.361000 1.596000 0.154000 55 0
0.000000 -0.000000 -0.000000 0 0
0.000000 -0.000000 -0.000000 0 0
-5.057000 6.399000 0.821000 110 0
-5.177000 6.365000 0.602000 120 0
-1.352000 1.615000 0.102000 21 0
0.000000 -0.000000 -0.000000 0 0
-4.849000 6.443000 0.803000 116 0
-4.967000 6.409000 0.592000 119 0
-5.099000 6.384000 0.398000 117 0
-5.224000 6.358000 0.204000 110 0
-4.651000 6.497000 0.788000 119 0
-4.768000 6.456000 0.583000 124 0
-4.896000 6.430000 0.395000 121 0
-5.025000 6.406000 0.208000 113 0
-4.452000 6.541000 0.772000 130 0
-4.576000 6.508000 0.574000 123 0
-4.705000 6.480000 0.393000 123 0
-4.827000 6.450000 0.212000 125 0
-4.255000 6.580000 0.757000 127 0
-4.386000 6.561000 0.567000 126 0
-4.515000 6.529000 0.392000 121 0
-4.639000 6.499000 0.216000 125 0
-4.064000 6.628000 0.742000 130 0
-4.195000 6.603000 0.559000 127 0
-4.322000 6.570000 0.390000 121 0
-4.453000 6.546000 0.221000 130 0
-3.878000 6.672000 0.729000 129 0
-4.010000 6.650000 0.551000 132 0
-4.138000 6.616000 0.389000 120 0
-4.265000 6.590000 0.226000 128 0
-3.690000 6.706000 0.715000 125 0
-3.823000 6.688000 0.544000 129 0
-3.950000 6.652000 0.387000 119 0
-4.076000 6.620000 0.231000 129 0
-3.509000 6.754000 0.702000 131 0
-3.643000 6.731000 0.537000 128 0
-3.768000 6.693000 0.386000 118 0
-3.897000 6.667000 0.236000 129 0
-3.331000 6.799000 0.690000 127 0
-3.460000 6.769000 0.530000 131 0
-3.592000 6.736000 0.386000 116 0
-3.722000 6.713000 0.242000 128 0
-3.152000 6.833000 0.678000 124 0
-3.286000 6.813000 0.525000 132 0
-3.413000 6.772000 0.386000 117 0
-3.545000 6.749000 0.247000 131 0
-2.977000 6.879000 0.667000 122 0
-3.113000 6.858000 0.519000 121 0
-3.240000 6.816000 0.386000 115 0
-3.375000 6.796000 0.253000 130 0
-2.804000 6.920000 0.656000 116 0
-2.938000 6.897000 0.514000 119 0
-3.071000 6.862000 0.387000 113 0
-3.202000 6.836000 0.259000 129 0
-2.631000 6.958000 0.645000 117 0
-2.766000 6.935000 0.508000 118 0
-2.897000 6.900000 0.387000 111 0
-3.030000 6.872000 0.265000 128 0
-2.459000 7.000000 0.634000 106 0
-2.595000 6.976000 0.504000 116 0
-2.729000 6.942000 0.388000 111 0
-2.861000 6.915000 0.272000 127 0
-2.290000 7.042000 0.625000 105 0
-2.426000 7.015000 0.499000 116 0
-2.559000 6.981000 0.389000 110 0
-2.692000 6.949000 0.278000 125 0
-2.118000 7.078000 0.615000 101 0
-2.257000 7.053000 0.495000 110 0
-2.389000 7.012000 0.390000 109 0
-2.523000 6.983000 0.285000 122 0
-1.953000 7.126000 0.606000 101 0
-2.087000 7.089000 0.491000 108 0
-2.225000 7.059000 0.392000 109 0
-2.357000 7.025000 0.292000 121 0
-1.783000 7.160000 0.596000 97 0
-1.920000 7.127000 0.487000 101 0
-2.060000 7.104000 0.394000 107 0
-2.193000 7.067000 0.299000 112 0
-1.613000 7.196000 0.587000 102 0
-1.756000 7.174000 0.485000 106 0
-1.892000 7.136000 0.396000 104 0
-2.028000 7.104000 0.307000 109 0
-1.445000 7.236000 0.579000 100 0
-1.587000 7.213000 0.482000 106 0
-1.728000 7.180000 0.399000 105 0
-1.863000 7.148000 0.315000 112 0
-1.279000 7.281000 0.571000 115 0
-1.419000 7.244000 0.478000 106 0
-1.561000 7.221000 0.402000 104 0
-1.699000 7.188000 0.323000 105 0
-1.107000 7.305000 0.562000 122 0
-1.254000 7.289000 0.476000 120 0
-1.394000 7.256000 0.404000 106 0
-1.530000 7.218000 0.330000 108 0
-0.940000 7.353000 0.555000 105 0
-1.085000 7.330000 0.474000 120 0
-1.227000 7.298000 0.408000 109 0
-1.365000 7.257000 0.339000 113 0
-0.770000 7.402000 0.548000 30 0
-0.916000 7.359000 0.471000 99 0
-1.061000 7.341000 0.411000 110 0
-1.199000 7.297000 0.348000 118 0
0.000000 -0.000000 -0.000000 0 0
-0.746000 7.405000 0.470000 24 0
-0.893000 7.378000 0.415000 102 0
-1.033000 7.339000 0.357000 123 0
0.000000 -0.000000 -0.000000 0 0
0.000000 -0.000000 -0.000000 0 0
-0.723000 7.414000 0.419000 20 0
-0.867000 7.384000 0.367000 95 0
0.000000 -0.000000 -0.000000 0 0
0.000000 -0.000000 -0.000000 0 0
0.000000 -0.000000 -0.000000 0 0
-0.698000 7.424000 0.377000 7 0
0.000000 -0.000000 -0.000000 0 0
0.000000 -0.000000 -0.000000 0 0
0.000000 -0.000000 -0.000000 0 0
0.000000 -0.000000 -0.000000 0 0
0.000000 -0.000000 -0.000000 0 0
0.000000 -0.000000 -0.000000 0 0
0.000000 -0.000000 -0.000000 0 0
0.000000 -0.000000 -0.000000 0 0
0.000000 -0.000000 -0.000000 0 0
0.000000 -0.000000 -0.000000 0 0
0.000000 -0.000000 -0.000000 0 0
0.000000 -0.000000 -0.000000 0 0
0.000000 -0.000000 -0.000000 0 0
0.000000 -0.000000 -0.000000 0 0
0.000000 -0.000000 -0.000000 0 0
0.000000 -0.000000 -0.000000 0 0
-3.509000 6.754000 0.702000 131 0
-3.643000 6.731000 0.537000 128 0
-3.768000 6.693000 0.386000 118 0
-3.897000 6.667000 0.236000 129 0
-3.331000 6.799000 0.690000 127 0
-3.460000 6.769000 0.530000 131 0
-3.592000 6.736000 0.386000 116 0
-3.722000 6.713000 0.242000 128 0
-3.152000 6.833000 0.678000 124 0
-3.286000 6.813000 0.525000 132 0
-3.413000 6.772000 0.386000 117 0
-3.545000 6.749000 0.247000 131 0
-2.977000 6.879000 0.667000 122 0
-3.113000 6.858000 0.519000 121 0
-3.240000 6.816000 0.386000 115 0
-3.375000 6.796000 0.253000 130 0
-2.804000 6.920000 0.656000 116 0
-2.938000 6.897000 0.514000 119 0
-3.071000 6.862000 0.387000 113 0
-3.202000 6.836000 0.259000 129 0
-2.631000 6.958000 0.645000 117 0
-2.766000 6.935000 0.508000 118 0
-2.897000 6.900000 0.387000 111 0
-3.030000 6.872000 0.265000 128 0
-2.459000 7.000000 0.634000 106 0
-2.595000 6.976000 0.504000 116 0
-2.729000 6.942000 0.388000 111 0
-2.861000 6.915000 0.272000 127 0
-2.290000 7.042000 0.625000 105 0
-2.426000 7.015000 0.499000 116 0
-2.559000 6.981000 0.389000 110 0
-2.692000 6.949000 0.278000 125 0
-2.118000 7.078000 0.615000 101 0
-2.257000 7.053000 0.495000 110 0
-2.389000 7.012000 0.390000 109 0
-2.523000 6.983000 0.285000 122 0
-1.953000 7.126000 0.606000 101 0
-2.087000 7.089000 0.491000 108 0
-2.225000 7.059000 0.392000 109 0
-2.357000 7.025000 0.292000 121 0
-1.783000 7.160000 0.596000 97 0
-1.920000 7.127000 0.487000 101 0
-2.060000 7.104000 0.394000 107 0
-2.193000 7.067000 0.299000 112 0
-1.613000 7.196000 0.587000 102 0
-1.756000 7.174000 0.485000 106 0
-1.892000 7.136000 0.396000 104 0
-2.028000 7.104000 0.307000 109 0
-1.445000 7.236000 0.579000 100 0
-1.587000 7.213000 0.482000 106 0
-1.728000 7.180000 0.399000 105 0
-1.863000 7.148000 0.315000 112 0
-1.279000 7.281000 0.571000 115 0
-1.419000 7.244000 0.478000 106 0
-1.561000 7.221000 0.402000 104 0
-1.699000 7.188000 0.323000 105 0
-1.107000 7.305000 0.562000 122 0
-1.254000 7.289000 0.476000 120 0
-1.394000 7.256000 0.404000 106 0
-1.530000 7.218000 0.330000 108 0
-0.940000 7.353000 0.555000 105 0
-1.085000 7.330000 0.474000 120 0
-1.227000 7.298000 0.408000 109 0
-1.365000 7.257000 0.339000 113 0
-0.770000 7.402000 0.548000 30 0
-0.916000 7.359000 0.471000 99 0
-1.061000 7.341000 0.411000 110 0
-1.199000 7.297000 0.348000 118 0
0.000000 -0.000000 -0.000000 0 0
-0.746000 7.405000 0.470000 24 0
-0.893000 7.378000 0.415000 102 0
-1.033000 7.339000 0.357000 123 0
0.000000 -0.000000 -0.000000 0 0
0.000000 -0.000000 -0.000000 0 0
-0.723000 7.414000 0.419000 20 0
-0.867000 7.384000 0.367000 95 0
0.000000 -0.000000 -0.000000 0 0
0.000000 -0.000000 -0.000000 0 0
0.000000 -0.000000 -0.000000 0 0
-0.698000 7.424000 0.377000 7 0
0.000000 -0.000000 -0.000000 0 0
0.000000 -0.000000 -0.000000 0 0
0.000000 -0.000000 -0.000000 0 0
0.000000 -0.000000 -0.000000 0 0
0.000000 -0.000000 -0.000000 0 0
0.000000 -0.000000 -0.000000 0 0
0.000000 -0.000000 -0.000000 0 0
0.000000 -0.000000 -0.000000 0 0
0.000000 -0.000000 -0.000000 0 0
0.000000 -0.000000 -0.000000 0 0
0.000000 -0.000000 -0.000000 0 0
0.000000 -0.000000 -0.000000 0 0
0.000000 -0.000000 -0.000000 0 0
0.000000 -0.000000 -0.000000 0 0
0.000000 -0.000000 -0.000000 0 0
0.000000 -0.000000 -0.000000 0 0
0.000000 -0.000000 -0.000000 0 0
0.000000 -0.000000 -0.000000 0 0
0.000000 -0.000000 -0.000000 0 0
0.000000 -0.000000 -0.000000 0 0
0.175000 1.658000 0.104000 20 0
0.000000 -0.000000 -0.000000 0 0
0.000000 -0.000000 -0.000000 0 0
0.000000 -0.000000 -0.000000 0 0
0.201000 1.564000 0.097000 26 0
0.179000 1.661000 0.099000 19 0
0.000000 -0.000000 -0.000000 0 0
0.000000 -0.000000 -0.000000 0 0
0.000000 -0.000000 -0.000000 0 0
0.204000 1.548000 0.092000 34 0
0.183000 1.641000 0.099000 18 0
0.000000 -0.000000 -0.000000 0 0
0.000000 -0.000000 -0.000000 0 0
0.000000 -0.000000 -0.000000 0 0
0.000000 -0.000000 -0.000000 0 0
0.187000 1.625000 0.100000 21 0
0.000000 -0.000000 -0.000000 0 0
0.000000 -0.000000 -0.000000 0 0
0.000000 -0.000000 -0.000000 0 0
0.215000 1.547000 0.097000 38 0
0.000000 -0.000000 -0.000000 0 0
0.000000 -0.000000 -0.000000 0 0
0.000000 -0.000000 -0.000000 0 0
0.000000 -0.000000 -0.000000 0 0
0.000000 -0.000000 -0.000000 0 0
0.000000 -0.000000 -0.000000 0 0
0.000000 -0.000000 -0.000000 0 0
0.297000 1.593000 0.105000 25 0
0.432000 1.582000 0.089000 50 0
0.399000 1.588000 0.094000 56 0
0.000000 -0.000000 -0.000000 0 0
0.000000 -0.000000 -0.000000 0 0
0.000000 -0.000000 -0.000000 0 0
0.000000 -0.000000 -0.000000 0 0
0.000000 -0.000000 -0.000000 0 0
0.382000 1.622000 0.112000 35 0
0.521000 1.613000 0.088000 59 0
0.484000 1.605000 0.095000 59 0
0.452000 1.610000 0.105000 45 0
0.424000 1.629000 0.115000 41 0
0.565000 1.622000 0.087000 57 0
0.530000 1.621000 0.096000 60 0
0.000000 -0.000000 -0.000000 0 0
0.469000 1.641000 0.119000 47 0
0.613000 1.636000 0.087000 36 0
0.574000 1.628000 0.096000 49 0
0.541000 1.630000 0.109000 47 0
0.515000 1.654000 0.123000 54 0
0.658000 1.642000 0.086000 15 0
0.620000 1.636000 0.097000 25 0
0.589000 1.647000 0.112000 32 0
0.561000 1.662000 0.126000 42 0
0.706000 1.651000 0.085000 3 0
0.666000 1.643000 0.098000 9 0
0.631000 1.643000 0.113000 11 0
0.607000 1.670000 0.130000 26 0
0.000000 -0.000000 -0.000000 0 0
0.717000 1.657000 0.099000 1 0
0.680000 1.653000 0.116000 3 0
0.659000 1.688000 0.135000 7 0
0.000000 -0.000000 -0.000000 0 0
0.000000 -0.000000 -0.000000 0 0
0.000000 -0.000000 -0.000000 0 0
0.000000 -0.000000 -0.000000 0 0
0.000000 -0.000000 -0.000000 0 0
0.000000 -0.000000 -0.000000 0 0
0.000000 -0.000000 -0.000000 0 0
0.000000 -0.000000 -0.000000 0 0
0.000000 -0.000000 -0.000000 0 0
0.000000 -0.000000 -0.000000 0 0
0.000000 -0.000000 -0.000000 0 0
0.000000 -0.000000 -0.000000 0 0
0.000000 -0.000000 -0.000000 0 0
0.000000 -0.000000 -0.000000 0 0
0.000000 -0.000000 -0.000000 0 0
0.000000 -0.000000 -0.000000 0 0
0.000000 -0.000000 -0.000000 0 0
0.000000 -0.000000 -0.000000 0 0
0.000000 -0.000000 -0.000000 0 0
0.000000 -0.000000 -0.000000 0 0
0.000000 -0.000000 -0.000000 0 0
0.000000 -0.000000 -0.000000 0 0
0.000000 -0.000000 -0.000000 0 0
0.000000 -0.000000 -0.000000 0 0
0.000000 -0.000000 -0.000000 0 0
0.000000 -0.000000 -0.000000 0 0
0.000000 -0.000000 -0.000000 0 0
0.000000 -0.000000 -0.000000 0 0
0.000000 -0.000000 -0.000000 0 0
0.000000 -0.000000 -0.000000 0 0
0.000000 -0.000000 -0.000000 0 0
0.000000 -0.000000 -0.000000 0 0
0.000000 -0.000000 -0.000000 0 0
0.000000 -0.000000 -0.000000 0 0
0.000000 -0.000000 -0.000000 0 0
0.000000 -0.000000 -0.000000 0 0
0.175000 1.658000 0.104000 20 0
0.000000 -0.000000 -0.000000 0 0
0.000000 -0.000000 -0.000000 0 0
0.000000 -0.000000 -0.000000 0 0
0.201000 1.564000 0.097000 26 0
0.179000 1.661000 0.099000 19 0
0.000000 -0.000000 -0.000000 0 0
0.000000 -0.000000 -0.000000 0 0
0.000000 -0.000000 -0.000000 0 0
0.204000 1.548000 0.092000 34 0
0.183000 1.641000 0.099000 18 0
0.000000 -0.000000 -0.000000 0 0
0.000000 -0.000000 -0.000000 0 0
0.000000 -0.000000 -0.000000 0 0
0.000000 -0.000000 -0.000000 0 0
0.187000 1.625000 0.100000 21 0
0.000000 -0.000000 -0.000000 0 0
0.000000 -0.000000 -0.000000 0 0
0.000000 -0.000000 -0.000000 0 0
0.215000 1.547000 0.097000 38 0
0.000000 -0.000000 -0.000000 0 0
0.000000 -0.000000 -0.000000 0 0
0.000000 -0.000000 -0.000000 0 0
0.000000 -0.000000 -0.000000 0 0
0.000000 -0.000000 -0.000000 0 0
0.000000 -0.000000 -0.000000 0 0
0.000000 -0.000000 -0.000000 0 0
0.297000 1.593000 0.105000 25 0
0.432000 1.582000 0.089000 50 0
0.399000 1.588000 0.094000 56 0
0.000000 -0.000000 -0.000000 0 0
0.000000 -0.000000 -0.000000 0 0
0.000000 -0.000000 -0.000000 0 0
0.000000 -0.000000 -0.000000 0 0
0.000000 -0.000000 -0.000000 0 0
0.382000 1.622000 0.112000 35 0
0.521000 1.613000 0.088000 59 0
0.484000 1.605000 0.095000 59 0
0.452000 1.610000 0.105000 45 0
0.424000 1.629000 0.115000 41 0
0.565000 1.622000 0.087000 57 0
0.530000 1.621000 0.096000 60 0
0.000000 -0.000000 -0.000000 0 0
0.469000 1.641000 0.119000 47 0
0.613000 1.636000 0.087000 36 0
0.574000 1.628000 0.096000 49 0
0.541000 1.630000 0.109000 47 0
0.515000 1.654000 0.123000 54 0
0.658000 1.642000 0.086000 15 0
0.620000 1.636000 0.097000 25 0
0.589000 1.647000 0.112000 32 0
0.561000 1.662000 0.126000 42 0
0.706000 1.651000 0.085000 3 0
0.666000 1.643000 0.098000 9 0
0.631000 1.643000 0.113000 11 0
0.607000 1.670000 0.130000 26 0
0.000000 -0.000000 -0.000000 0 0
0.717000 1.657000 0.099000 1 0
0.680000 1.653000 0.116000 3 0
0.659000 1.688000 0.135000 7 0
0.000000 -0.000000 -0.000000 0 0
0.000000 -0.000000 -0.000000 0 0
0.000000 -0.000000 -0.000000 0 0
0.000000 -0.000000 -0.000000 0 0
0.000000 -0.000000 -0.000000 0 0
0.000000 -0.000000 -0.000000 0 0
0.000000 -0.000000 -0.000000 0 0
0.000000 -0.000000 -0.000000 0 0
0.000000 -0.000000 -0.000000 0 0
0.000000 -0.000000 -0.000000 0 0
0.000000 -0.000000 -0.000000 0 0
0.000000 -0.000000 -0.000000 0 0
0.000000 -0.000000 -0.000000 0 0
0.000000 -0.000000 -0.000000 0 0
0.000000 -0.000000 -0.000000 0 0
0.000000 -0.000000 -0.000000 0 0
0.000000 -0.000000 -0.000000 0 0
0.000000 -0.000000 -0.000000 0 0
0.000000 -0.000000 -0.000000 0 0
0.000000 -0.000000 -0.000000 0 0
0.000000 -0.000000 -0.000000 0 0
0.000000 -0.000000 -0.000000 0 0
0.000000 -0.000000 -0.000000 0 0
0.000000 -0.000000 -0.000000 0 0
0.000000 -0.000000 -0.000000 0 0
0.000000 -0.000000 -0.000000 0 0
0.000000 -0.000000 -0.000000 0 0
0.000000 -0.000000 -0.000000 0 0
0.000000 -0.000000 -0.000000 0 0
0.000000 -0.000000 -0.000000 0 0
0.000000 -0.000000 -0.000000 0 0
0.000000 -0.000000 -0.000000 0 0
0.000000 -0.000000 -0.000000 0 0
0.000000 -0.000000 -0.000000 0 0
0.000000 -0.000000 -0.000000 0 0
0.000000 -0.000000 -0.000000 0 0
0.000000 -0.000000 -0.000000 0 0
0.000000 -0.000000 -0.000000 0 0
0.000000 -0.000000 -0.000000 0 0
0.000000 -0.000000 -0.000000 0 0
0.000000 -0.000000 -0.000000 0 0
0.000000 -0.000000 -0.000000 0 0
0.000000 -0.000000 -0.000000 0 0
0.000000 -0.000000 -0.000000 0 0
0.000000 -0.000000 -0.000000 0 0
0.000000 -0.000000 -0.000000 0 0
0.000000 -0.000000 -0.000000 0 0
0.000000 -0.000000 -0.000000 0 0
0.000000 -0.000000 -0.000000 0 0
0.000000 -0.000000 -0.000000 0 0
0.000000 -0.000000 -0.000000 0 0
0.000000 -0.000000 -0.000000 0 0
0.000000 -0.000000 -0.000000 0 0
0.000000 -0.000000 -0.000000 0 0
0.000000 -0.000000 -0.000000 0 0
0.000000 -0.000000 -0.000000 0 0
0.000000 -0.000000 -0.000000 0 0
0.000000 -0.000000 -0.000000 0 0
0.000000 -0.000000 -0.000000 0 0
0.000000 -0.000000 -0.000000 0 0
0.000000 -0.000000 -0.000000 0 0
0.000000 -0.000000 -0.000000 0 0
0.000000 -0.000000 -0.000000 0 0
0.000000 -0.000000 -0.000000 0 0
0.000000 -0.000000 -0.000000 0 0
0.000000 -0.000000 -0.000000 0 0
0.000000 -0.000000 -0.000000 0 0
0.000000 -0.000000 -0.000000 0 0
0.000000 -0.000000 -0.000000 0 0
0.000000 -0.000000 -0.000000 0 0
0.000000 -0.000000 -0.000000 0 0
0.000000 -0.000000 -0.000000 0 0
0.000000 -0.000000 -0.000000 0 0
0.000000 -0.000000 -0.000000 0 0
0.000000 -0.000000 -0.000000 0 0
0.000000 -0.000000 -0.000000 0 0
0.000000 -0.000000 -0.000000 0 0
0.000000 -0.000000 -0.000000 0 0
0.000000 -0.000000 -0.000000 0 0
0.000000 -0.000000 -0.000000 0 0
0.000000 -0.000000 -0.000000 0 0
0.000000 -0.000000 -0.000000 0 0
0.000000 -0.000000 -0.000000 0 0
0.000000 -0.000000 -0.000000 0 0
0.000000 -0.000000 -0.000000 0 0
0.000000 -0.000000 -0.000000 0 0
0.000000 -0.000000 -0.000000 0 0
0.000000 -0.000000 -0.000000 0 0
0.000000 -0.000000 -0.000000 0 0
0.000000 -0.000000 -0.000000 0 0
0.000000 -0.000000 -0.000000 0 0
0.000000 -0.000000 -0.000000 0 0
0.000000 -0.000000 -0.000000 0 0
0.000000 -0.000000 -0.000000 0 0
0.000000 -0.000000 -0.000000 0 0
0.000000 -0.000000 -0.000000 0 0
0.000000 -0.000000 -0.000000 0 0
0.000000 -0.000000 -0.000000 0 0
0.000000 -0.000000 -0.000000 0 0
0.000000 -0.000000 -0.000000 0 0
0.000000 -0.000000 -0.000000 0 0
0.000000 -0.000000 -0.000000 0 0
0.000000 -0.000000 -0.000000 0 0
0.000000 -0.000000 -0.000000 0 0
0.000000 -0.000000 -0.000000 0 0
0.000000 -0.000000 -0.000000 0 0
0.000000 -0.000000 -0.000000 0 0
0.000000 -0.000000 -0.000000 0 0
0.000000 -0.000000 -0.000000 0 0
0.000000 -0.000000 -0.000000 0 0
0.000000 -0.000000 -0.000000 0 0
0.000000 -0.000000 -0.000000 0 0
0.000000 -0.000000 -0.000000 0 0
0.000000 -0.000000 -0.000000 0 0
0.000000 -0.000000 -0.000000 0 0
0.000000 -0.000000 -0.000000 0 0
0.000000 -0.000000 -0.000000 0 0
0.000000 -0.000000 -0.000000 0 0
0.000000 -0.000000 -0.000000 0 0
0.000000 -0.000000 -0.000000 0 0
0.000000 -0.000000 -0.000000 0 0
0.000000 -0.000000 -0.000000 0 0
0.000000 -0.000000 -0.000000 0 0
0.000000 -0.000000 -0.000000 0 0
0.000000 -0.000000 -0.000000 0 0
0.000000 -0.000000 -0.000000 0 0
0.000000 -0.000000 -0.000000 0 0
0.000000 -0.000000 -0.000000 0 0
0.000000 -0.000000 -0.000000 0 0
0.000000 -0.000000 -0.000000 0 0
0.000000 -0.000000 -0.000000 0 0
0.000000 -0.000000 -0.000000 0 0
0.000000 -0.000000 -0.000000 0 0
0.000000 -0.000000 -0.000000 0 0
0.000000 -0.000000 -0.000000 0 0
0.000000 -0.000000 -0.000000 0 0
0.000000 -0.000000 -0.000000 0 0
0.000000 -0.000000 -0.000000 0 0
0.000000 -0.000000 -0.000000 0 0
0.000000 -0.000000 -0.000000 0 0
0.000000 -0.000000 -0.000000 0 0
0.000000 -0.000000 -0.000000 0 0
0.000000 -0.000000 -0.000000 0 0
0.000000 -0.000000 -0.000000 0 0
0.000000 -0.000000 -0.000000 0 0
0.000000 -0.000000 -0.000000 0 0
0.000000 -0.000000 -0.000000 0 0
0.000000 -0.000000 -0.000000 0 0
0.000000 -0.000000 -0.000000 0 0
0.000000 -0.000000 -0.000000 0 0
0.000000 -0.000000 -0.000000 0 0
0.000000 -0.000000 -0.000000 0 0
0.000000 -0.000000 -0.000000 0 0
0.000000 -0.000000 -0.000000 0 0
0.000000 -0.000000 -0.000000 0 0
0.000000 -0.000000 -0.000000 0 0
0.000000 -0.000000 -0.000000 0 0
0.000000 -0.000000 -0.000000 0 0
0.000000 -0.000000 -0.000000 0 0
0.000000 -0.000000 -0.000000 0 0
0.000000 -0.000000 -0.000000 0 0
0.000000 -0.000000 -0.000000 0 0
0.000000 -0.000000 -0.000000 0 0
0.000000 -0.000000 -0.000000 0 0
0.000000 -0.000000 -0.000000 0 0
0.000000 -0.000000 -0.000000 0 0
0.000000 -0.000000 -0.000000 0 0
0.000000 -0.000000 -0.000000 0 0
0.000000 -0.000000 -0.000000 0 0
0.000000 -0.000000 -0.000000 0 0
0.000000 -0.000000 -0.000000 0 0
0.000000 -0.000000 -0.000000 0 0
0.000000 -0.000000 -0.000000 0 0
0.000000 -0.000000 -0.000000 0 0
0.000000 -0.000000 -0.000000 0 0
0.000000 -0.000000 -0.000000 0 0
0.000000 -0.000000 -0.000000 0 0
0.000000 -0.000000 -0.000000 0 0
0.000000 -0.000000 -0.000000 0 0
0.000000 -0.000000 -0.000000 0 0
0.000000 -0.000000 -0.000000 0 0
0.000000 -0.000000 -0.000000 0 0
0.000000 -0.000000 -0.000000 0 0
0.000000 -0.000000 -0.000000 0 0
0.000000 -0.000000 -0.000000 0 0
0.000000 -0.000000 -0.000000 0 0
0.000000 -0.000000 -0.000000 0 0
0.000000 -0.000000 -0.000000 0 0
0.000000 -0.000000 -0.000000 0 0
0.000000 -0.000000 -0.000000 0 0
0.000000 -0.000000 -0.000000 0 0
0.000000 -0.000000 -0.000000 0 0
0.000000 -0.000000 -0.000000 0 0
0.000000 -0.000000 -0.000000 0 0
0.000000 -0.000000 -0.000000 0 0
0.000000 -0.000000 -0.000000 0 0
0.000000 -0.000000 -0.000000 0 0
0.000000 -0.000000 -0.000000 0 0
0.000000 -0.000000 -0.000000 0 0
0.000000 -0.000000 -0.000000 0 0
0.000000 -0.000000 -0.000000 0 0
0.000000 -0.000000 -0.000000 0 0
0.000000 -0.000000 -0.000000 0 0
0.000000 -0.000000 -0.000000 0 0
0.000000 -0.000000 -0.000000 0 0
0.000000 -0.000000 -0.000000 0 0
0.000000 -0.000000 -0.000000 0 0
0.000000 -0.000000 -0.000000 0 0
0.000000 -0.000000 -0.000000 0 0
0.000000 -0.000000 -0.000000 0 0
0.000000 -0.000000 -0.000000 0 0
0.000000 -0.000000 -0.000000 0 0
0.000000 -0.000000 -0.000000 0 0
0.000000 -0.000000 -0.000000 0 0
0.000000 -0.000000 -0.000000 0 0
0.000000 -0.000000 -0.000000 0 0
0.000000 -0.000000 -0.000000 0 0
0.000000 -0.000000 -0.000000 0 0
0.000000 -0.000000 -0.000000 0 0
0.000000 -0.000000 -0.000000 0 0
0.000000 -0.000000 -0.000000 0 0
0.000000 -0.000000 -0.000000 0 0
0.000000 -0.000000 -0.000000 0 0
0.000000 -0.000000 -0.000000 0 0
0.000000 -0.000000 -0.000000 0 0
0.000000 -0.000000 -0.000000 0 0
0.000000 -0.000000 -0.000000 0 0
0.000000 -0.000000 -0.000000 0 0
0.000000 -0.000000 -0.000000 0 0
0.000000 -0.000000 -0.000000 0 0
0.000000 -0.000000 -0.000000 0 0
0.000000 -0.000000 -0.000000 0 0
0.000000 -0.000000 -0.000000 0 0
0.000000 -0.000000 -0.000000 0 0
0.000000 -0.000000 -0.000000 0 0
0.000000 -0.000000 -0.000000 0 0
0.000000 -0.000000 -0.000000 0 0
0.000000 -0.000000 -0.000000 0 0
0.000000 -0.000000 -0.000000 0 0
0.000000 -0.000000 -0.000000 0 0
0.000000 -0.000000 -0.000000 0 0
0.000000 -0.000000 -0.000000 0 0
0.000000 -0.000000 -0.000000 0 0
0.000000 -0.000000 -0.000000 0 0
0.000000 -0.000000 -0.000000 0 0
0.000000 -0.000000 -0.000000 0 0
0.000000 -0.000000 -0.000000 0 0
0.000000 -0.000000 -0.000000 0 0
0.000000 -0.000000 -0.000000 0 0
0.000000 -0.000000 -0.000000 0 0
0.000000 -0.000000 -0.000000 0 0
0.000000 -0.000000 -0.000000 0 0
0.000000 -0.000000 -0.000000 0 0
0.000000 -0.000000 -0.000000 0 0
0.000000 -0.000000 -0.000000 0 0
0.000000 -0.000000 -0.000000 0 0
0.000000 -0.000000 -0.000000 0 0
4.785000 1.069000 0.228000 117 0
0.000000 -0.000000 -0.000000 0 0
0.000000 -0.000000 -0.000000 0 0
0.000000 -0.000000 -0.000000 0 0
0.000000 -0.000000 -0.000000 0 0
0.000000 -0.000000 -0.000000 0 0
0.000000 -0.000000 -0.000000 0 0
0.000000 -0.000000 -0.000000 0 0
0.000000 -0.000000 -0.000000 0 0
0.000000 -0.000000 -0.000000 0 0
0.000000 -0.000000 -0.000000 0 0
0.000000 -0.000000 -0.000000 0 0
0.000000 -0.000000 -0.000000 0 0
0.000000 -0.000000 -0.000000 0 0
0.000000 -0.000000 -0.000000 0 0
0.000000 -0.000000 -0.000000 0 0
0.000000 -0.000000 -0.000000 0 0
0.000000 -0.000000 -0.000000 0 0
0.000000 -0.000000 -0.000000 0 0
0.000000 -0.000000 -0.000000 0 0
0.000000 -0.000000 -0.000000 0 0
0.000000 -0.000000 -0.000000 0 0
0.000000 -0.000000 -0.000000 0 0
0.000000 -0.000000 -0.000000 0 0
0.000000 -0.000000 -0.000000 0 0
0.000000 -0.000000 -0.000000 0 0
0.000000 -0.000000 -0.000000 0 0
0.000000 -0.000000 -0.000000 0 0
0.000000 -0.000000 -0.000000 0 0
0.000000 -0.000000 -0.000000 0 0
0.000000 -0.000000 -0.000000 0 0
0.000000 -0.000000 -0.000000 0 0
0.000000 -0.000000 -0.000000 0 0
0.000000 -0.000000 -0.000000 0 0
0.000000 -0.000000 -0.000000 0 0
0.000000 -0.000000 -0.000000 0 0
0.000000 -0.000000 -0.000000 0 0
0.000000 -0.000000 -0.000000 0 0
0.000000 -0.000000 -0.000000 0 0
0.000000 -0.000000 -0.000000 0 0
0.000000 -0.000000 -0.000000 0 0
0.000000 -0.000000 -0.000000 0 0
0.000000 -0.000000 -0.000000 0 0
0.000000 -0.000000 -0.000000 0 0
0.000000 -0.000000 -0.000000 0 0
0.000000 -0.000000 -0.000000 0 0
0.000000 -0.000000 -0.000000 0 0
0.000000 -0.000000 -0.000000 0 0
0.000000 -0.000000 -0.000000 0 0
0.000000 -0.000000 -0.000000 0 0
0.000000 -0.000000 -0.000000 0 0
0.000000 -0.000000 -0.000000 0 0
0.000000 -0.000000 -0.000000 0 0
0.000000 -0.000000 -0.000000 0 0
0.000000 -0.000000 -0.000000 0 0
0.000000 -0.000000 -0.000000 0 0
0.000000 -0.000000 -0.000000 0 0
0.000000 -0.000000 -0.000000 0 0
0.000000 -0.000000 -0.000000 0 0
0.000000 -0.000000 -0.000000 0 0
0.000000 -0.000000 -0.000000 0 0
0.000000 -0.000000 -0.000000 0 0
0.000000 -0.000000 -0.000000 0 0
0.000000 -0.000000 -0.000000 0 0
0.000000 -0.000000 -0.000000 0 0
0.000000 -0.000000 -0.000000 0 0
0.000000 -0.000000 -0.000000 0 0
0.000000 -0.000000 -0.000000 0 0
0.000000 -0.000000 -0.000000 0 0
0.000000 -0.000000 -0.000000 0 0
0.000000 -0.000000 -0.000000 0 0
0.000000 -0.000000 -0.000000 0 0
0.000000 -0.000000 -0.000000 0 0
0.000000 -0.000000 -0.000000 0 0
0.000000 -0.000000 -0.000000 0 0
0.000000 -0.000000 -0.000000 0 0
0.000000 -0.000000 -0.000000 0 0
0.000000 -0.000000 -0.000000 0 0
0.000000 -0.000000 -0.000000 0 0
0.000000 -0.000000 -0.000000 0 0
0.000000 -0.000000 -0.000000 0 0
0.000000 -0.000000 -0.000000 0 0
0.000000 -0.000000 -0.000000 0 0
0.000000 -0.000000 -0.000000 0 0
0.000000 -0.000000 -0.000000 0 0
0.000000 -0.000000 -0.000000 0 0
0.000000 -0.000000 -0.000000 0 0
0.000000 -0.000000 -0.000000 0 0
0.000000 -0.000000 -0.000000 0 0
0.000000 -0.000000 -0.000000 0 0
0.000000 -0.000000 -0.000000 0 0
0.000000 -0.000000 -0.000000 0 0
0.000000 -0.000000 -0.000000 0 0
0.000000 -0.000000 -0.000000 0 0
0.000000 -0.000000 -0.000000 0 0
0.000000 -0.000000 -0.000000 0 0
4.785000 1.069000 0.228000 117 0
0.000000 -0.000000 -0.000000 0 0
0.000000 -0.000000 -0.000000 0 0
0.000000 -0.000000 -0.000000 0 0
0.000000 -0.000000 -0.000000 0 0
0.000000 -0.000000 -0.000000 0 0
0.000000 -0.000000 -0.000000 0 0
0.000000 -0.000000 -0.000000 0 0
0.000000 -0.000000 -0.000000 0 0
0.000000 -0.000000 -0.000000 0 0
0.000000 -0.000000 -0.000000 0 0
0.000000 -0.000000 -0.000000 0 0
0.000000 -0.000000 -0.000000 0 0
0.000000 -0.000000 -0.000000 0 0
0.000000 -0.000000 -0.000000 0 0
0.000000 -0.000000 -0.000000 0 0
0.000000 -0.000000 -0.000000 0 0
0.000000 -0.000000 -0.000000 0 0
0.000000 -0.000000 -0.000000 0 0
0.000000 -0.000000 -0.000000 0 0
0.000000 -0.000000 -0.000000 0 0
0.000000 -0.000000 -0.000000 0 0
0.000000 -0.000000 -0.000000 0 0
0.000000 -0.000000 -0.000000 0 0
0.000000 -0.000000 -0.000000 0 0
0.000000 -0.000000 -0.000000 0 0
0.000000 -0.000000 -0.000000 0 0
0.000000 -0.000000 -0.000000 0 0
0.000000 -0.000000 -0.000000 0 0
0.000000 -0.000000 -0.000000 0 0
0.000000 -0.000000 -0.000000 0 0
0.000000 -0.000000 -0.000000 0 0
0.000000 -0.000000 -0.000000 0 0
0.000000 -0.000000 -0.000000 0 0
0.000000 -0.000000 -0.000000 0 0
0.000000 -0.000000 -0.000000 0 0
0.000000 -0.000000 -0.000000 0 0
0.000000 -0.000000 -0.000000 0 0
0.000000 -0.000000 -0.000000 0 0
0.000000 -0.000000 -0.000000 0 0
0.000000 -0.000000 -0.000000 0 0
0.000000 -0.000000 -0.000000 0 0
0.000000 -0.000000 -0.000000 0 0
0.000000 -0.000000 -0.000000 0 0
0.000000 -0.000000 -0.000000 0 0
0.000000 -0.000000 -0.000000 0 0
0.000000 -0.000000 -0.000000 0 0
0.000000 -0.000000 -0.000000 0 0
0.000000 -0.000000 -0.000000 0 0
0.000000 -0.000000 -0.000000 0 0
0.000000 -0.000000 -0.000000 0 0
0.000000 -0.000000 -0.000000 0 0
0.000000 -0.000000 -0.000000 0 0
0.000000 -0.000000 -0.000000 0 0
0.000000 -0.000000 -0.000000 0 0
0.000000 -0.000000 -0.000000 0 0
0.000000 -0.000000 -0.000000 0 0
0.000000 -0.000000 -0.000000 0 0
0.000000 -0.000000 -0.000000 0 0
0.000000 -0.000000 -0.000000 0 0
0.000000 -0.000000 -0.000000 0 0
0.000000 -0.000000 -0.000000 0 0
0.000000 -0.000000 -0.000000 0 0
0.000000 -0.000000 -0.000000 0 0
0.000000 -0.000000 -0.000000 0 0
0.000000 -0.000000 -0.000000 0 0
0.000000 -0.000000 -0.000000 0 0
0.000000 -0.000000 -0.000000 0 0
0.000000 -0.000000 -0.000000 0 0
0.000000 -0.000000 -0.000000 0 0
0.000000 -0.000000 -0.000000 0 0
0.000000 -0.000000 -0.000000 0 0
0.000000 -0.000000 -0.000000 0 0
0.000000 -0.000000 -0.000000 0 0
0.000000 -0.000000 -0.000000 0 0
0.000000 -0.000000 -0.000000 0 0
0.000000 -0.000000 -0.000000 0 0
0.000000 -0.000000 -0.000000 0 0
0.000000 -0.000000 -0.000000 0 0
0.000000 -0.000000 -0.000000 0 0
0.000000 -0.000000 -0.000000 0 0
0.000000 -0.000000 -0.000000 0 0
0.000000 -0.000000 -0.000000 0 0
0.000000 -0.000000 -0.000000 0 0
0.000000 -0.000000 -0.000000 0 0
0.000000 -0.000000 -0.000000 0 0
0.000000 -0.000000 -0.000000 0 0
0.000000 -0.000000 -0.000000 0 0
0.000000 -0.000000 -0.000000 0 0
0.000000 -0.000000 -0.000000 0 0
0.000000 -0.000000 -0.000000 0 0
0.000000 -0.000000 -0.000000 0 0
0.000000 -0.000000 -0.000000 0 0
0.000000 -0.000000 -0.000000 0 0
0.000000 -0.000000 -0.000000 0 0
0.000000 -0.000000 -0.000000 0 0
0.000000 -0.000000 -0.000000 0 0
0.000000 -0.000000 -0.000000 0 0
0.000000 -0.000000 -0.000000 0 0
0.000000 -0.000000 -0.000000 0 0
0.000000 -0.000000 -0.000000 0 0
0.000000 -0.000000 -0.000000 0 0
0.000000 -0.000000 -0.000000 0 0
0.000000 -0.000000 -0.000000 0 0
0.000000 -0.000000 -0.000000 0 0
0.000000 -0.000000 -0.000000 0 0
0.000000 -0.000000 -0.000000 0 0
0.000000 -0.000000 -0.000000 0 0
0.000000 -0.000000 -0.000000 0 0
0.000000 -0.000000 -0.000000 0 0
0.000000 -0.000000 -0.000000 0 0
0.000000 -0.000000 -0.000000 0 0
0.000000 -0.000000 -0.000000 0 0
0.000000 -0.000000 -0.000000 0 128
0.000000 -0.000000 -0.000000 0 128
0.000000 -0.000000 -0.000000 0 0
0.000000 -0.000000 -0.000000 0 0
0.000000 -0.000000 -0.000000 0 128
0.000000 -0.000000 -0.000000 0 128
0.000000 -0.000000 -0.000000 0 0
0.000000 -0.000000 -0.000000 0 0
0.000000 -0.000000 -0.000000 0 128
0.000000 -0.000000 -0.000000 0 128
0.000000 -0.000000 -0.000000 0 0
0.000000 -0.000000 -0.000000 0 0
0.000000 -0.000000 -0.000000 0 128
0.000000 -0.000000 -0.000000 0 128
0.000000 -0.000000 -0.000000 0 0
0.000000 -0.000000 -0.000000 0 0
0.000000 -0.000000 -0.000000 0 128
0.000000 -0.000000 -0.000000 0 128
0.000000 -0.000000 -0.000000 0 0
0.000000 -0.000000 -0.000000 0 0
0.000000 -0.000000 -0.000000 0 128
0.000000 -0.000000 -0.000000 0 128
0.000000 -0.000000 -0.000000 0 0
0.000000 -0.000000 -0.000000 0 128
0.000000 -0.000000 -0.000000 0 128
0.000000 -0.000000 -0.000000 0 128
0.000000 -0.000000 -0.000000 0 0
0.000000 -0.000000 -0.000000 0 128
0.000000 -0.000000 -0.000000 0 128
0.000000 -0.000000 -0.000000 0 128
0.000000 -0.000000 -0.000000 0 0
0.000000 -0.000000 -0.000000 0 0
0.000000 -0.000000 -0.000000 0 128
0.000000 -0.000000 -0.000000 0 128
0.000000 -0.000000 -0.000000 0 128
0.000000 -0.000000 -0.000000 0 0
0.000000 -0.000000 -0.000000 0 128
0.000000 -0.000000 -0.000000 0 128
0.000000 -0.000000 -0.000000 0 0
0.000000 -0.000000 -0.000000 0 128
0.000000 -0.000000 -0.000000 0 128
0.000000 -0.000000 -0.000000 0 128
0.000000 -0.000000 -0.000000 0 0
0.000000 -0.000000 -0.000000 0 128
0.000000 -0.000000 -0.000000 0 128
0.000000 -0.000000 -0.000000 0 128
0.000000 -0.000000 -0.000000 0 0
0.000000 -0.000000 -0.000000 0 0
0.000000 -0.000000 -0.000000 0 0
0.000000 -0.000000 -0.000000 0 0
0.000000 -0.000000 -0.000000 0 0
0.000000 -0.000000 -0.000000 0 0
0.000000 -0.000000 -0.000000 0 0
0.000000 -0.000000 -0.000000 0 0
0.000000 -0.000000 -0.000000 0 0
0.000000 -0.000000 -0.000000 0 0
0.000000 -0.000000 -0.000000 0 0
0.000000 -0.000000 -0.000000 0 0
0.000000 -0.000000 -0.000000 0 0
0.000000 -0.000000 -0.000000 0 0
0.000000 -0.000000 -0.000000 0 0
0.000000 -0.000000 -0.000000 0 0
0.000000 -0.000000 -0.000000 0 0
0.000000 -0.000000 -0.000000 0 0
0.000000 -0.000000 -0.000000 0 0
0.000000 -0.000000 -0.000000 0 0
0.000000 -0.000000 -0.000000 0 0
0.000000 -0.000000 -0.000000 0 0
0.000000 -0.000000 -0.000000 0 0
0.000000 -0.000000 -0.000000 0 0
0.000000 -0.000000 -0.000000 0 0
0.000000 -0.000000 -0.000000 0 0
0.000000 -0.000000 -0.000000 0 0
0.000000 -0.000000 -0.000000 0 0
0.000000 -0.000000 -0.000000 0 0
0.000000 -0.000000 -0.000000 0 0
0.000000 -0.000000 -0.000000 0 0
0.000000 -0.000000 -0.000000 0 0
0.000000 -0.000000 -0.000000 0 0
0.000000 -0.000000 -0.000000 0 0
0.000000 -0.000000 -0.000000 0 0
0.000000 -0.000000 -0.000000 0 0
0.000000 -0.000000 -0.000000 0 0
0.000000 -0.000000 -0.000000 0 0
0.000000 -0.000000 -0.000000 0 0
0.000000 -0.000000 -0.000000 0 0
0.000000 -0.000000 -0.000000 0 0
0.000000 -0.000000 -0.000000 0 0
0.000000 -0.000000 -0.000000 0 0
0.000000 -0.000000 -0.000000 0 0
0.000000 -0.000000 -0.000000 0 0
0.000000 -0.000000 -0.000000 0 0
0.000000 -0.000000 -0.000000 0 0
0.000000 -0.000000 -0.000000 0 0
0.000000 -0.000000 -0.000000 0 0
0.000000 -0.000000 -0.000000 0 0
0.000000 -0.000000 -0.000000 0 128
0.000000 -0.000000 -0.000000 0 128
0.000000 -0.000000 -0.000000 0 0
0.000000 -0.000000 -0.000000 0 0
0.000000 -0.000000 -0.000000 0 128
0.000000 -0.000000 -0.000000 0 128
0.000000 -0.000000 -0.000000 0 0
0.000000 -0.000000 -0.000000 0 0
0.000000 -0.000000 -0.000000 0 128
0.000000 -0.000000 -0.000000 0 128
0.000000 -0.000000 -0.000000 0 0
0.000000 -0.000000 -0.000000 0 0
0.000000 -0.000000 -0.000000 0 128
0.000000 -0.000000 -0.000000 0 128
0.000000 -0.000000 -0.000000 0 0
0.000000 -0.000000 -0.000000 0 0
0.000000 -0.000000 -0.000000 0 128
0.000000 -0.000000 -0.000000 0 128
0.000000 -0.000000 -0.000000 0 0
0.000000 -0.000000 -0.000000 0 0
0.000000 -0.000000 -0.000000 0 128
0.000000 -0.000000 -0.000000 0 128
0.000000 -0.000000 -0.000000 0 0
0.000000 -0.000000 -0.000000 0 128
0.000000 -0.000000 -0.000000 0 128
0.000000 -0.000000 -0.000000 0 128
0.000000 -0.000000 -0.000000 0 0
0.000000 -0.000000 -0.000000 0 128
0.000000 -0.000000 -0.000000 0 128
0.000000 -0.000000 -0.000000 0 128
0.000000 -0.000000 -0.000000 0 0
0.000000 -0.000000 -0.000000 0 0
0.000000 -0.000000 -0.000000 0 128
0.000000 -0.000000 -0.000000 0 128
0.000000 -0.000000 -0.000000 0 128
0.000000 -0.000000 -0.000000 0 0
0.000000 -0.000000 -0.000000 0 128
0.000000 -0.000000 -0.000000 0 128
0.000000 -0.000000 -0.000000 0 0
0.000000 -0.000000 -0.000000 0 128
0.000000 -0.000000 -0.000000 0 128
0.000000 -0.000000 -0.000000 0 128
0.000000 -0.000000 -0.000000 0 0
0.000000 -0.000000 -0.000000 0 128
0.000000 -0.000000 -0.000000 0 128
0.000000 -0.000000 -0.000000 0 128
0.000000 -0.000000 -0.000000 0 128
0.000000 -0.000000 -0.000000 0 128
0.000000 -0.000000 -0.000000 0 128
0.000000 -0.000000 -0.000000 0 128
0.000000 -0.000000 -0.000000 0 128
0.000000 -0.000000 -0.000000 0 128
0.000000 -0.000000 -0.000000 0 128
0.000000 -0.000000 -0.000000 0 128
0.000000 -0.000000 -0.000000 0 192
0.000000 -0.000000 -0.000000 0 128
0.000000 -0.000000 -0.000000 0 128
0.000000 -0.000000 -0.000000 0 192
0.000000 -0.000000 -0.000000 0 128
0.000000 -0.000000 -0.000000 0 128
0.000000 -0.000000 -0.000000 0 128
0.000000 -0.000000 -0.000000 0 192
0.000000 -0.000000 -0.000000 0 128
0.000000 -0.000000 -0.000000 0 128
0.000000 -0.000000 -0.000000 0 128
0.000000 -0.000000 -0.000000 0 192
0.000000 -0.000000 -0.000000 0 128
0.000000 -0.000000 -0.000000 0 128
0.000000 -0.000000 -0.000000 0 192
0.000000 -0.000000 -0.000000 0 192
0.000000 -0.000000 -0.000000 0 128
0.000000 -0.000000 -0.000000 0 128
0.000000 -0.000000 -0.000000 0 192
0.000000 -0.000000 -0.000000 0 192
0.000000 -0.000000 -0.000000 0 128
0.000000 -0.000000 -0.000000 0 128
0.000000 -0.000000 -0.000000 0 192
0.000000 -0.000000 -0.000000 0 192
0.000000 -0.000000 -0.000000 0 128
0.000000 -0.000000 -0.000000 0 128
0.000000 -0.000000 -0.000000 0 192
0.000000 -0.000000 -0.000000 0 192
0.000000 -0.000000 -0.000000 0 128
0.000000 -0.000000 -0.000000 0 128
0.000000 -0.000000 -0.000000 0 192
0.000000 -0.000000 -0.000000 0 192
0.000000 -0.000000 -0.000000 0 192
0.000000 -0.000000 -0.000000 0 128
0.000000 -0.000000 -0.000000 0 128
0.000000 -0.000000 -0.000000 0 128
0.000000 -0.000000 -0.000000 0 128
0.000000 -0.000000 -0.000000 0 128
0.000000 -0.000000 -0.000000 0 128
0.000000 -0.000000 -0.000000 0 128
0.000000 -0.000000 -0.000000 0 128
0.000000 -0.000000 -0.000000 0 128
0.000000 -0.000000 -0.000000 0 128
0.000000 -0.000000 -0.000000 0 128
0.000000 -0.000000 -0.000000 0 128
0.000000 -0.000000 -0.000000 0 128
0.000000 -0.000000 -0.000000 0 128
0.000000 -0.000000 -0.000000 0 128
0.000000 -0.000000 -0.000000 0 128
0.000000 -0.000000 -0.000000 0 128
0.000000 -0.000000 -0.000000 0 128
0.000000 -0.000000 -0.000000 0 128
0.000000 -0.000000 -0.000000 0 128
0.000000 -0.000000 -0.000000 0 128
0.000000 -0.000000 -0.000000 0 128
0.000000 -0.000000 -0.000000 0 128
0.000000 -0.000000 -0.000000 0 128
0.000000 -0.000000 -0.000000 0 128
0.000000 -0.000000 -0.000000 0 128
0.000000 -0.000000 -0.000000 0 128
0.000000 -0.000000 -0.000000 0 128
0.000000 -0.000000 -0.000000 0 128
0.000000 -0.000000 -0.000000 0 128
0.000000 -0.000000 -0.000000 0 192
0.000000 -0.000000 -0.000000 0 128
0.000000 -0.000000 -0.000000 0 128
4.303000 -9.549000 0.758000 4 0
3.989000 -9.612000 0.984000 9 0
4.686000 -9.452000 0.322000 3 0
4.352000 -9.481000 0.538000 19 0
4.050000 -9.579000 0.747000 33 0
3.738000 -9.645000 0.966000 36 0
4.445000 -9.505000 0.329000 32 0
4.132000 -9.574000 0.540000 49 0
3.813000 -9.640000 0.740000 65 0
3.498000 -9.706000 0.952000 66 0
4.201000 -9.548000 0.336000 67 0
3.884000 -9.611000 0.538000 95 0
3.570000 -9.682000 0.732000 95 0
3.260000 -9.762000 0.938000 94 0
3.962000 -9.593000 0.343000 102 0
3.645000 -9.659000 0.538000 104 0
3.337000 -9.754000 0.725000 107 0
3.023000 -9.818000 0.924000 104 0
3.725000 -9.647000 0.350000 105 0
3.417000 -9.729000 0.539000 104 0
3.100000 -9.801000 0.718000 106 0
2.783000 -9.869000 0.909000 113 0
0.000000 -0.000000 -0.000000 0 128
0.000000 -0.000000 -0.000000 0 128
0.000000 -0.000000 -0.000000 0 128
0.000000 -0.000000 -0.000000 0 128
0.000000 -0.000000 -0.000000 0 128
0.000000 -0.000000 -0.000000 0 128
0.000000 -0.000000 -0.000000 0 128
0.000000 -0.000000 -0.000000 0 128
0.000000 -0.000000 -0.000000 0 192
0.000000 -0.000000 -0.000000 0 128
0.000000 -0.000000 -0.000000 0 128
0.000000 -0.000000 -0.000000 0 192
0.000000 -0.000000 -0.000000 0 128
0.000000 -0.000000 -0.000000 0 128
0.000000 -0.000000 -0.000000 0 128
0.000000 -0.000000 -0.000000 0 192
0.000000 -0.000000 -0.000000 0 128
0.000000 -0.000000 -0.000000 0 128
0.000000 -0.000000 -0.000000 0 128
0.000000 -0.000000 -0.000000 0 192
0.000000 -0.000000 -0.000000 0 128
0.000000 -0.000000 -0.000000 0 128
0.000000 -0.000000 -0.000000 0 192
0.000000 -0.000000 -0.000000 0 192
0.000000 -0.000000 -0.000000 0 128
0.000000 -0.000000 -0.000000 0 128
0.000000 -0.000000 -0.000000 0 192
0.000000 -0.000000 -0.000000 0 192
0.000000 -0.000000 -0.000000 0 128
0.000000 -0.000000 -0.000000 0 128
0.000000 -0.000000 -0.000000 0 192
0.000000 -0.000000 -0.000000 0 192
0.000000 -0.000000 -0.000000 0 128
0.000000 -0.000000 -0.000000 0 128
0.000000 -0.000000 -0.000000 0 192
0.000000 -0.000000 -0.000000 0 192
0.000000 -0.000000 -0.000000 0 128
0.000000 -0.000000 -0.000000 0 128
0.000000 -0.000000 -0.000000 0 192
0.000000 -0.000000 -0.000000 0 192
0.000000 -0.000000 -0.000000 0 192
0.000000 -0.000000 -0.000000 0 128
0.000000 -0.000000 -0.000000 0 128
0.000000 -0.000000 -0.000000 0 128
0.000000 -0.000000 -0.000000 0 128
0.000000 -0.000000 -0.000000 0 128
0.000000 -0.000000 -0.000000 0 128
0.000000 -0.000000 -0.000000 0 128
0.000000 -0.000000 -0.000000 0 128
0.000000 -0.000000 -0.000000 0 128
0.000000 -0.000000 -0.000000 0 128
0.000000 -0.000000 -0.000000 0 128
0.000000 -0.000000 -0.000000 0 128
0.000000 -0.000000 -0.000000 0 128
0.000000 -0.000000 -0.000000 0 128
0.000000 -0.000000 -0.000000 0 128
0.000000 -0.000000 -0.000000 0 128
0.000000 -0.000000 -0.000000 0 128
0.000000 -0.000000 -0.000000 0 128
0.000000 -0.000000 -0.000000 0 128
0.000000 -0.000000 -0.000000 0 128
0.000000 -0.000000 -0.000000 0 128
0.000000 -0.000000 -0.000000 0 128
0.000000 -0.000000 -0.000000 0 128
0.000000 -0.000000 -0.000000 0 128
0.000000 -0.000000 -0.000000 0 128
0.000000 -0.000000 -0.000000 0 128
0.000000 -0.000000 -0.000000 0 128
0.000000 -0.000000 -0.000000 0 128
0.000000 -0.000000 -0.000000 0 128
0.000000 -0.000000 -0.000000 0 128
0.000000 -0.000000 -0.000000 0 192
0.000000 -0.000000 -0.000000 0 128
0.000000 -0.000000 -0.000000 0 128
4.303000 -9.549000 0.758000 4 0
3.989000 -9.612000 0.984000 9 0
4.686000 -9.452000 0.322000 3 0
4.352000 -9.481000 0.538000 19 0
4.050000 -9.579000 0.747000 33 0
3.738000 -9.645000 0.966000 36 0
4.445000 -9.505000 0.329000 32 0
4.132000 -9.574000 0.540000 49 0
3.813000 -9.640000 0.740000 65 0
3.498000 -9.706000 0.952000 66 0
4.201000 -9.548000 0.336000 67 0
3.884000 -9.611000 0.538000 95 0
3.570000 -9.682000 0.732000 95 0
3.260000 -9.762000 0.938000 94 0
3.962000 -9.593000 0.343000 102 0
3.645000 -9.659000 0.538000 104 0
3.337000 -9.754000 0.725000 107 0
3.023000 -9.818000 0.924000 104 0
3.725000 -9.647000 0.350000 105 0
3.417000 -9.729000 0.539000 104 0
3.100000 -9.801000 0.718000 106 0
2.783000 -9.869000 0.909000 113 0
3.498000 -9.717000 0.358000 102 0
3.180000 -9.782000 0.540000 104 0
2.862000 -9.850000 0.711000 103 0
2.551000 -9.935000 0.897000 110 0
3.258000 -9.755000 0.365000 103 0
2.946000 -9.830000 0.540000 101 0
2.630000 -9.910000 0.706000 105 0
2.313000 -9.987000 0.884000 104 0
3.029000 -9.812000 0.374000 101 0
2.713000 -9.887000 0.542000 101 0
2.395000 -9.959000 0.699000 101 0
2.077000 -10.036000 0.870000 105 0
2.798000 -9.863000 0.382000 98 0
2.481000 -9.940000 0.543000 99 0
2.164000 -10.018000 0.694000 101 0
1.843000 -10.096000 0.859000 100 0
2.568000 -9.925000 0.391000 105 0
2.249000 -9.993000 0.545000 101 0
1.929000 -10.075000 0.689000 103 0
1.609000 -10.152000 0.847000 96 0
2.337000 -9.972000 0.400000 104 0
2.017000 -10.055000 0.547000 102 0
1.696000 -10.133000 0.684000 100 0
1.370000 -10.209000 0.835000 60 0
2.103000 -10.020000 0.409000 94 0
1.786000 -10.110000 0.549000 99 0
1.458000 -10.173000 0.679000 85 0
1.113000 -10.094000 0.810000 1 0
1.873000 -10.077000 0.418000 93 0
1.551000 -10.167000 0.552000 99 0
1.200000 -10.033000 0.661000 23 0
0.000000 -0.000000 -0.000000 0 0
1.642000 -10.141000 0.429000 100 0
1.305000 -10.128000 0.550000 41 0
0.000000 -0.000000 -0.000000 0 0
0.000000 -0.000000 -0.000000 0 128
1.410000 -10.201000 0.439000 67 0
0.000000 -0.000000 -0.000000 0 0
0.000000 -0.000000 -0.000000 0 128
0.000000 -0.000000 -0.000000 0 128
1.157000 -10.088000 0.442000 8 0
0.000000 -0.000000 -0.000000 0 128
0.000000 -0.000000 -0.000000 0 128
0.000000 -0.000000 -0.000000 0 128
0.000000 -0.000000 -0.000000 0 0
0.000000 -0.000000 -0.000000 0 128
0.000000 -0.000000 -0.000000 0 128
0.000000 -0.000000 -0.000000 0 128
0.000000 -0.000000 -0.000000 0 128
0.000000 -0.000000 -0.000000 0 128
0.000000 -0.000000 -0.000000 0 128
0.000000 -0.000000 -0.000000 0 128
0.000000 -0.000000 -0.000000 0 128
0.000000 -0.000000 -0.000000 0 128
0.000000 -0.000000 -0.000000 0 128
0.000000 -0.000000 -0.000000 0 128
0.000000 -0.000000 -0.000000 0 128
0.000000 -0.000000 -0.000000 0 128
0.000000 -0.000000 -0.000000 0 128
0.000000 -0.000000 -0.000000 0 0
0.000000 -0.000000 -0.000000 0 128
0.000000 -0.000000 -0.000000 0 128
0.000000 -0.000000 -0.000000 0 0
-0.199000 -1.977000 0.133000 1 0
0.000000 -0.000000 -0.000000 0 128
0.000000 -0.000000 -0.000000 0 0
-0.186000 -2.047000 0.123000 1 4
-0.230000 -1.851000 0.123000 1 0
0.000000 -0.000000 -0.000000 0 128
-0.171000 -2.096000 0.116000 0 4
-0.219000 -1.907000 0.113000 1 0
-0.258000 -1.743000 0.113000 2 0
0.000000 -0.000000 -0.000000 0 0
-0.205000 -1.950000 0.108000 1 0
-0.250000 -1.805000 0.106000 1 0
-0.285000 -1.658000 0.106000 2 0
-0.193000 -2.014000 0.104000 1 0
-0.237000 -1.834000 0.102000 1 0
-0.275000 -1.695000 0.099000 2 0
-0.305000 -1.556000 0.097000 2 0
-0.223000 -1.870000 0.099000 1 0
-0.263000 -1.723000 0.097000 1 0
-0.298000 -1.600000 0.093000 2 0
-0.472000 -2.145000 0.132000 51 0
-0.253000 -1.766000 0.095000 1 0
-0.288000 -1.628000 0.092000 2 0
-0.317000 -1.505000 0.087000 2 0
-0.504000 -2.059000 0.124000 60 0
-0.279000 -1.664000 0.092000 2 0
-0.311000 -1.545000 0.088000 2 0
-0.495000 -2.106000 0.121000 14 0
-0.527000 -1.954000 0.115000 63 0
-0.299000 -1.561000 0.088000 2 0
-0.482000 -2.134000 0.122000 44 0
-0.516000 -1.987000 0.113000 63 0
-0.546000 -1.855000 0.107000 62 0
3.498000 -9.717000 0.358000 102 0
3.180000 -9.782000 0.540000 104 0
2.862000 -9.850000 0.711000 103 0
2.551000 -9.935000 0.897000 110 0
3.258000 -9.755000 0.365000 103 0
2.946000 -9.830000 0.540000 101 0
2.630000 -9.910000 0.706000 105 0
2.313000 -9.987000 0.884000 104 0
3.029000 -9.812000 0.374000 101 0
2.713000 -9.887000 0.542000 101 0
2.395000 -9.959000 0.699000 101 0
2.077000 -10.036000 0.870000 105 0
2.798000 -9.863000 0.382000 98 0
2.481000 -9.940000 0.543000 99 0
2.164000 -10.018000 0.694000 101 0
1.843000 -10.096000 0.859000 100 0
2.568000 -9.925000 0.391000 105 0
2.249000 -9.993000 0.545000 101 0
1.929000 -10.075000 0.689000 103 0
1.609000 -10.152000 0.847000 96 0
2.337000 -9.972000 0.400000 104 0
2.017000 -10.055000 0.547000 102 0
1.696000 -10.133000 0.684000 100 0
1.370000 -10.209000 0.835000 60 0
2.103000 -10.020000 0.409000 94 0
1.786000 -10.110000 0.549000 99 0
1.458000 -10.173000 0.679000 85 0
1.113000 -10.094000 0.810000 1 0
1.873000 -10.077000 0.418000 93 0
1.551000 -10.167000 0.552000 99 0
1.200000 -10.033000 0.661000 23 0
0.000000 -0.000000 -0.000000 0 0
1.642000 -10.141000 0.429000 100 0
1.305000 -10.128000 0.550000 41 0
0.000000 -0.000000 -0.000000 0 0
0.000000 -0.000000 -0.000000 0 128
1.410000 -10.201000 0.439000 67 0
0.000000 -0.000000 -0.000000 0 0
0.000000 -0.000000 -0.000000 0 128
0.000000 -0.000000 -0.000000 0 128
1.157000 -10.088000 0.442000 8 0
0.000000 -0.000000 -0.000000 0 128
0.000000 -0.000000 -0.000000 0 128
0.000000 -0.000000 -0.000000 0 128
0.000000 -0.000000 -0.000000 0 0
0.000000 -0.000000 -0.000000 0 128
0.000000 -0.000000 -0.000000 0 128
0.000000 -0.000000 -0.000000 0 128
0.000000 -0.000000 -0.000000 0 128
0.000000 -0.000000 -0.000000 0 128
0.000000 -0.000000 -0.000000 0 128
0.000000 -0.000000 -0.000000 0 128
0.000000 -0.000000 -0.000000 0 128
0.000000 -0.000000 -0.000000 0 128
0.000000 -0.000000 -0.000000 0 128
0.000000 -0.000000 -0.000000 0 128
0.000000 -0.000000 -0.000000 0 128
0.000000 -0.000000 -0.000000 0 128
0.000000 -0.000000 -0.000000 0 128
0.000000 -0.000000 -0.000000 0 0
0.000000 -0.000000 -0.000000 0 128
0.000000 -0.000000 -0.000000 0 128
0.000000 -0.000000 -0.000000 0 0
-0.199000 -1.977000 0.133000 1 0
0.000000 -0.000000 -0.000000 0 128
0.000000 -0.000000 -0.000000 0 0
-0.186000 -2.047000 0.123000 1 4
-0.230000 -1.851000 0.123000 1 0
0.000000 -0.000000 -0.000000 0 128
-0.171000 -2.096000 0.116000 0 4
-0.219000 -1.907000 0.113000 1 0
-0.258000 -1.743000 0.113000 2 0
0.000000 -0.000000 -0.000000 0 0
-0.205000 -1.950000 0.108000 1 0
-0.250000 -1.805000 0.106000 1 0
-0.285000 -1.658000 0.106000 2 0
-0.193000 -2.014000 0.104000 1 0
-0.237000 -1.834000 0.102000 1 0
-0.275000 -1.695000 0.099000 2 0
-0.305000 -1.556000 0.097000 2 0
-0.223000 -1.870000 0.099000 1 0
-0.263000 -1.723000 0.097000 1 0
-0.298000 -1.600000 0.093000 2 0
-0.472000 -2.145000 0.132000 51 0
-0.253000 -1.766000 0.095000 1 0
-0.288000 -1.628000 0.092000 2 0
-0.317000 -1.505000 0.087000 2 0
-0.504000 -2.059000 0.124000 60 0
-0.279000 -1.664000 0.092000 2 0
-0.311000 -1.545000 0.088000 2 0
-0.495000 -2.106000 0.121000 14 0
-0.527000 -1.954000 0.115000 63 0
-0.299000 -1.561000 0.088000 2 0
-0.482000 -2.134000 0.122000 44 0
-0.516000 -1.987000 0.113000 63 0
-0.546000 -1.855000 0.107000 62 0
-0.467000 -2.158000 0.124000 14 0
-0.508000 -2.030000 0.117000 61 0
-0.539000 -1.893000 0.107000 59 0
-0.568000 -1.778000 0.101000 65 0
-0.499000 -2.069000 0.122000 56 0
-0.530000 -1.926000 0.112000 61 0
-0.560000 -1.809000 0.102000 65 0
-0.586000 -1.697000 0.094000 71 0
-0.521000 -1.960000 0.118000 58 0
-0.553000 -1.839000 0.108000 60 0
-0.577000 -1.721000 0.096000 70 0
-0.601000 -1.619000 0.088000 72 0
-0.543000 -1.861000 0.114000 62 0
-0.572000 -1.752000 0.104000 70 0
-0.594000 -1.641000 0.091000 68 0
-0.619000 -1.558000 0.083000 74 0
-0.566000 -1.784000 0.112000 64 0
-0.590000 -1.673000 0.100000 68 0
-0.612000 -1.577000 0.088000 73 0
-0.638000 -1.502000 0.079000 16 0
-0.582000 -1.696000 0.109000 64 0
-0.608000 -1.602000 0.097000 70 0
-0.631000 -1.521000 0.084000 14 0
-0.652000 -1.441000 0.074000 15 0
-0.602000 -1.625000 0.107000 72 0
-0.625000 -1.538000 0.094000 69 0
-0.641000 -1.449000 0.080000 15 0
-0.660000 -1.376000 0.069000 15 0
-0.619000 -1.559000 0.105000 69 0
-0.643000 -1.481000 0.091000 13 0
-0.655000 -1.393000 0.076000 13 0
-0.675000 -1.327000 0.065000 14 0
-0.636000 -1.498000 0.103000 14 0
-0.650000 -1.408000 0.088000 12 0
-0.668000 -1.338000 0.073000 13 0
-0.685000 -1.273000 0.061000 14 0
-0.651000 -1.436000 0.101000 14 0
-0.665000 -1.356000 0.086000 12 0
-0.683000 -1.292000 0.070000 13 0
-0.696000 -1.226000 0.057000 13 0
-0.661000 -1.371000 0.099000 15 0
-0.679000 -1.305000 0.084000 12 0
-0.694000 -1.243000 0.068000 13 0
-0.709000 -1.184000 0.054000 16 0
-0.676000 -1.321000 0.098000 14 0
-0.697000 -1.266000 0.082000 13 0
-0.709000 -1.203000 0.065000 16 0
-0.720000 -1.143000 0.051000 17 0
-0.688000 -1.270000 0.096000 14 0
-0.708000 -1.218000 0.080000 16 0
-0.722000 -1.163000 0.063000 16 0
-0.728000 -1.099000 0.048000 17 0
-0.701000 -1.223000 0.095000 13 0
-0.716000 -1.168000 0.078000 16 0
-0.727000 -1.112000 0.060000 16 0
-0.733000 -1.053000 0.045000 16 0
-0.713000 -1.177000 0.094000 13 0
-0.728000 -1.127000 0.076000 16 0
-0.733000 -1.066000 0.058000 16 0
-0.741000 -1.015000 0.042000 16 0
-0.721000 -1.130000 0.093000 17 0
-0.732000 -1.077000 0.074000 15 0
-0.742000 -1.028000 0.056000 15 0
-0.750000 -0.979000 0.040000 16 0
-0.732000 -1.089000 0.092000 17 0
-0.737000 -1.032000 0.072000 15 0
-0.747000 -0.985000 0.054000 15 0
-0.756000 -0.942000 0.037000 16 0
-0.737000 -1.042000 0.090000 16 0
-0.748000 -0.996000 0.071000 15 0
-0.757000 -0.953000 0.052000 15 0
-0.764000 -0.908000 0.035000 17 0
-0.746000 -1.003000 0.089000 16 0
-0.756000 -0.959000 0.070000 15 0
-0.764000 -0.918000 0.050000 15 0
-0.774000 -0.879000 0.033000 17 0
-0.753000 -0.963000 0.088000 17 0
-0.767000 -0.927000 0.069000 15 0
-0.772000 -0.885000 0.048000 15 0
-0.785000 -0.851000 0.031000 18 0
-0.765000 -0.931000 0.088000 18 0
-0.775000 -0.893000 0.068000 15 0
-0.779000 -0.852000 0.047000 15 0
-0.797000 -0.826000 0.029000 18 0
-0.769000 -0.892000 0.087000 18 0
-0.782000 -0.860000 0.066000 15 0
-0.792000 -0.826000 0.046000 15 0
-0.803000 -0.796000 0.027000 19 0
-0.781000 -0.863000 0.086000 25 0
-0.792000 -0.830000 0.066000 15 0
-0.798000 -0.795000 0.044000 15 0
-0.811000 -0.768000 0.025000 24 0
-0.790000 -0.833000 0.086000 25 0
-0.803000 -0.803000 0.065000 15 0
-0.806000 -0.768000 0.043000 15 0
-0.820000 -0.742000 0.023000 24 0
-0.467000 -2.158000 0.124000 14 0
-0.508000 -2.030000 0.117000 61 0
-0.539000 -1.893000 0.107000 59 0
-0.568000 -1.778000 0.101000 65 0
-0.499000 -2.069000 0.122000 56 0
-0.530000 -1.926000 0.112000 61 0
-0.560000 -1.809000 0.102000 65 0
-0.586000 -1.697000 0.094000 71 0
-0.521000 -1.960000 0.118000 58 0
-0.553000 -1.839000 0.108000 60 0
-0.577000 -1.721000 0.096000 70 0
-0.601000 -1.619000 0.088000 72 0
-0.543000 -1.861000 0.114000 62 0
-0.572000 -1.752000 0.104000 70 0
-0.594000 -1.641000 0.091000 68 0
-0.619000 -1.558000 0.083000 74 0
-0.566000 -1.784000 0.112000 64 0
-0.590000 -1.673000 0.100000 68 0
-0.612000 -1.577000 0.088000 73 0
-0.638000 -1.502000 0.079000 16 0
-0.582000 -1.696000 0.109000 64 0
-0.608000 -1.602000 0.097000 70 0
-0.631000 -1.521000 0.084000 14 0
-0.652000 -1.441000 0.074000 15 0
-0.602000 -1.625000 0.107000 72 0
-0.625000 -1.538000 0.094000 69 0
-0.641000 -1.449000 0.080000 15 0
-0.660000 -1.376000 0.069000 15 0
-0.619000 -1.559000 0.105000 69 0
-0.643000 -1.481000 0.091000 13 0
-0.655000 -1.393000 0.076000 13 0
-0.675000 -1.327000 0.065000 14 0
-0.636000 -1.498000 0.103000 14 0
-0.650000 -1.408000 0.088000 12 0
-0.668000 -1.338000 0.073000 13 0
-0.685000 -1.273000 0.061000 14 0
-0.651000 -1.436000 0.101000 14 0
-0.665000 -1.356000 0.086000 12 0
-0.683000 -1.292000 0.070000 13 0
-0.696000 -1.226000 0.057000 13 0
-0.661000 -1.371000 0.099000 15 0
-0.679000 -1.305000 0.084000 12 0
-0.694000 -1.243000 0.068000 13 0
-0.709000 -1.184000 0.054000 16 0
-0.676000 -1.321000 0.098000 14 0
-0.697000 -1.266000 0.082000 13 0
-0.709000 -1.203000 0.065000 16 0
-0.720000 -1.143000 0.051000 17 0
-0.688000 -1.270000 0.096000 14 0
-0.708000 -1.218000 0.080000 16 0
-0.722000 -1.163000 0.063000 16 0
-0.728000 -1.099000 0.048000 17 0
-0.701000 -1.223000 0.095000 13 0
-0.716000 -1.168000 0.078000 16 0
-0.727000 -1.112000 0.060000 16 0
-0.733000 -1.053000 0.045000 16 0
-0.713000 -1.177000 0.094000 13 0
-0.728000 -1.127000 0.076000 16 0
-0.733000 -1.066000 0.058000 16 0
-0.741000 -1.015000 0.042000 16 0
-0.721000 -1.130000 0.093000 17 0
-0.732000 -1.077000 0.074000 15 0
-0.742000 -1.028000 0.056000 15 0
-0.750000 -0.979000 0.040000 16 0
-0.732000 -1.089000 0.092000 17 0
-0.737000 -1.032000 0.072000 15 0
-0.747000 -0.985000 0.054000 15 0
-0.756000 -0.942000 0.037000 16 0
-0.737000 -1.042000 0.090000 16 0
-0.748000 -0.996000 0.071000 15 0
-0.757000 -0.953000 0.052000 15 0
-0.764000 -0.908000 0.035000 17 0
-0.746000 -1.003000 0.089000 16 0
-0.756000 -0.959000 0.070000 15 0
-0.764000 -0.918000 0.050000 15 0
-0.774000 -0.879000 0.033000 17 0
-0.753000 -0.963000 0.088000 17 0
-0.767000 -0.927000 0.069000 15 0
-0.772000 -0.885000 0.048000 15 0
-0.785000 -0.851000 0.031000 18 0
-0.765000 -0.931000 0.088000 18 0
-0.775000 -0.893000 0.068000 15 0
-0.779000 -0.852000 0.047000 15 0
-0.797000 -0.826000 0.029000 18 0
-0.769000 -0.892000 0.087000 18 0
-0.782000 -0.860000 0.066000 15 0
-0.792000 -0.826000 0.046000 15 0
-0.803000 -0.796000 0.027000 19 0
-0.781000 -0.863000 0.086000 25 0
-0.792000 -0.830000 0.066000 15 0
-0.798000 -0.795000 0.044000 15 0
-0.811000 -0.768000 0.025000 24 0
-0.790000 -0.833000 0.086000 25 0
-0.803000 -0.803000 0.065000 15 0
-0.806000 -0.768000 0.043000 15 0
-0.820000 -0.742000 0.023000 24 0
-0.799000 -0.802000 0.086000 25 0
-0.808000 -0.772000 0.064000 15 0
-0.813000 -0.739000 0.042000 15 0
-0.829000 -0.717000 0.022000 24 0
-0.809000 -0.774000 0.085000 25 0
-0.814000 -0.741000 0.063000 15 0
-0.820000 -0.711000 0.040000 15 0
-0.834000 -0.688000 0.020000 24 0
-0.816000 -0.744000 0.085000 25 0
-0.826000 -0.717000 0.062000 15 0
-0.829000 -0.687000 0.039000 18 0
-0.833000 -0.656000 0.018000 19 0
-0.824000 -0.716000 0.085000 24 0
-0.831000 -0.688000 0.061000 14 0
-0.836000 -0.660000 0.038000 18 0
-0.844000 -0.635000 0.017000 18 0
-0.829000 -0.686000 0.084000 24 0
-0.836000 -0.660000 0.061000 18 0
-0.843000 -0.635000 0.037000 18 0
-0.852000 -0.611000 0.015000 18 0
-0.836000 -0.659000 0.084000 24 0
-0.842000 -0.633000 0.060000 17 0
-0.849000 -0.609000 0.036000 18 0
-0.859000 -0.587000 0.014000 18 0
-0.847000 -0.635000 0.084000 19 0
-0.850000 -0.608000 0.059000 17 0
-0.841000 -0.575000 0.034000 16 0
-0.860000 -0.560000 0.012000 18 0
-0.856000 -0.610000 0.084000 19 0
-0.858000 -0.584000 0.059000 17 0
-0.852000 -0.553000 0.034000 16 0
-0.865000 -0.536000 0.011000 18 0
-0.858000 -0.582000 0.083000 19 0
-0.869000 -0.562000 0.059000 17 0
-0.860000 -0.531000 0.033000 16 0
-0.866000 -0.510000 0.010000 18 0
-0.866000 -0.557000 0.083000 19 0
-0.866000 -0.531000 0.057000 16 0
-0.866000 -0.508000 0.032000 16 0
-0.875000 -0.489000 0.008000 18 0
-0.859000 -0.523000 0.082000 17 0
-0.875000 -0.509000 0.057000 16 0
-0.871000 -0.484000 0.031000 16 0
-0.867000 -0.459000 0.007000 18 0
-0.865000 -0.499000 0.082000 17 0
-0.877000 -0.483000 0.056000 16 0
-0.881000 -0.463000 0.030000 13 0
0.000000 -0.000000 -0.000000 0 0
-0.871000 -0.475000 0.082000 17 0
-0.888000 -0.462000 0.056000 16 0
-0.880000 -0.437000 0.029000 13 0
0.000000 -0.000000 -0.000000 0 0
-0.882000 -0.454000 0.082000 17 0
-0.893000 -0.438000 0.056000 16 0
-0.677000 -0.317000 0.022000 9 2
0.000000 -0.000000 -0.000000 0 0
-0.885000 -0.428000 0.082000 17 0
-0.649000 -0.300000 0.040000 6 2
0.000000 -0.000000 -0.000000 0 0
0.000000 -0.000000 -0.000000 0 0
-0.892000 -0.406000 0.082000 17 0
-0.647000 -0.280000 0.039000 6 0
0.000000 -0.000000 -0.000000 0 0
0.000000 -0.000000 -0.000000 0 192
0.000000 -0.000000 -0.000000 0 0
0.000000 -0.000000 -0.000000 0 0
0.000000 -0.000000 -0.000000 0 0
0.000000 -0.000000 -0.000000 0 128
0.000000 -0.000000 -0.000000 0 0
0.000000 -0.000000 -0.000000 0 0
0.000000 -0.000000 -0.000000 0 0
0.000000 -0.000000 -0.000000 0 128
0.000000 -0.000000 -0.000000 0 128
0.000000 -0.000000 -0.000000 0 128
0.000000 -0.000000 -0.000000 0 128
0.000000 -0.000000 -0.000000 0 128
0.000000 -0.000000 -0.000000 0 128
0.000000 -0.000000 -0.000000 0 0
0.000000 -0.000000 -0.000000 0 192
0.000000 -0.000000 -0.000000 0 192
0.000000 -0.000000 -0.000000 0 128
0.000000 -0.000000 -0.000000 0 0
-0.898000 -0.256000 0.024000 12 0
-0.917000 -0.247000 -0.002000 18 0
0.000000 -0.000000 -0.000000 0 192
-0.925000 -0.253000 0.053000 15 0
-0.924000 -0.240000 0.024000 15 0
-0.926000 -0.227000 -0.003000 18 0
0.000000 -0.000000 -0.000000 0 0
-0.928000 -0.231000 0.052000 15 0
-0.934000 -0.220000 0.023000 13 0
-0.930000 -0.206000 -0.004000 18 0
-0.928000 -0.221000 0.082000 17 0
-0.936000 -0.210000 0.052000 12 0
-0.941000 -0.199000 0.023000 13 0
-0.935000 -0.185000 -0.005000 18 0
-0.799000 -0.802000 0.086000 25 0
-0.808000 -0.772000 0.064000 15 0
-0.813000 -0.739000 0.042000 15 0
-0.829000 -0.717000 0.022000 24 0
-0.809000 -0.774000 0.085000 25 0
-0.814000 -0.741000 0.063000 15 0
-0.820000 -0.711000 0.040000 15 0
-0.834000 -0.688000 0.020000 24 0
-0.816000 -0.744000 0.085000 25 0
-0.826000 -0.717000 0.062000 15 0
-0.829000 -0.687000 0.039000 18 0
-0.833000 -0.656000 0.018000 19 0
-0.824000 -0.716000 0.085000 24 0
-0.831000 -0.688000 0.061000 14 0
-0.836000 -0.660000 0.038000 18 0
-0.844000 -0.635000 0.017000 18 0
-0.829000 -0.686000 0.084000 24 0
-0.836000 -0.660000 0.061000 18 0
-0.843000 -0.635000 0.037000 18 0
-0.852000 -0.611000 0.015000 18 0
-0.836000 -0.659000 0.084000 24 0
-0.842000 -0.633000 0.060000 17 0
-0.849000 -0.609000 0.036000 18 0
-0.859000 -0.587000 0.014000 18 0
-0.847000 -0.635000 0.084000 19 0
-0.850000 -0.608000 0.059000 17 0
-0.841000 -0.575000 0.034000 16 0
-0.860000 -0.560000 0.012000 18 0
-0.856000 -0.610000 0.084000 19 0
-0.858000 -0.584000 0.059000 17 0
-0.852000 -0.553000 0.034000 16 0
-0.865000 -0.536000 0.011000 18 0
-0.858000 -0.582000 0.083000 19 0
-0.869000 -0.562000 0.059000 17 0
-0.860000 -0.531000 0.033000 16 0
-0.866000 -0.510000 0.010000 18 0
-0.866000 -0.557000 0.083000 19 0
-0.866000 -0.531000 0.057000 16 0
-0.866000 -0.508000 0.032000 16 0
-0.875000 -0.489000 0.008000 18 0
-0.859000 -0.523000 0.082000 17 0
-0.875000 -0.509000 0.057000 16 0
-0.871000 -0.484000 0.031000 16 0
-0.867000 -0.459000 0.007000 18 0
-0.865000 -0.499000 0.082000 17 0
-0.877000 -0.483000 0.056000 16 0
-0.881000 -0.463000 0.030000 13 0
0.000000 -0.000000 -0.000000 0 0
-0.871000 -0.475000 0.082000 17 0
-0.888000 -0.462000 0.056000 16 0
-0.880000 -0.437000 0.029000 13 0
0.000000 -0.000000 -0.000000 0 0
-0.882000 -0.454000 0.082000 17 0
-0.893000 -0.438000 0.056000 16 0
-0.677000 -0.317000 0.022000 9 2
0.000000 -0.000000 -0.000000 0 0
-0.885000 -0.428000 0.082000 17 0
-0.649000 -0.300000 0.040000 6 2
0.000000 -0.000000 -0.000000 0 0
0.000000 -0.000000 -0.000000 0 0
-0.892000 -0.406000 0.082000 17 0
-0.647000 -0.280000 0.039000 6 0
0.000000 -0.000000 -0.000000 0 0
0.000000 -0.000000 -0.000000 0 192
0.000000 -0.000000 -0.000000 0 0
0.000000 -0.000000 -0.000000 0 0
0.000000 -0.000000 -0.000000 0 0
0.000000 -0.000000 -0.000000 0 128
0.000000 -0.000000 -0.000000 0 0
0.000000 -0.000000 -0.000000 0 0
0.000000 -0.000000 -0.000000 0 0
0.000000 -0.000000 -0.000000 0 128
0.000000 -0.000000 -0.000000 0 128
0.000000 -0.000000 -0.000000 0 128
0.000000 -0.000000 -0.000000 0 128
0.000000 -0.000000 -0.000000 0 128
0.000000 -0.000000 -0.000000 0 128
0.000000 -0.000000 -0.000000 0 0
0.000000 -0.000000 -0.000000 0 192
0.000000 -0.000000 -0.000000 0 192
0.000000 -0.000000 -0.000000 0 128
0.000000 -0.000000 -0.000000 0 0
-0.898000 -0.256000 0.024000 12 0
-0.917000 -0.247000 -0.002000 18 0
0.000000 -0.000000 -0.000000 0 192
-0.925000 -0.253000 0.053000 15 0
-0.924000 -0.240000 0.024000 15 0
-0.926000 -0.227000 -0.003000 18 0
0.000000 -0.000000 -0.000000 0 0
-0.928000 -0.231000 0.052000 15 0
-0.934000 -0.220000 0.023000 13 0
-0.930000 -0.206000 -0.004000 18 0
-0.928000 -0.221000 0.082000 17 0
-0.936000 -0.210000 0.052000 12 0
-0.941000 -0.199000 0.023000 13 0
-0.935000 -0.185000 -0.005000 18 0
-0.934000 -0.198000 0.082000 17 0
-0.942000 -0.188000 0.052000 12 0
-0.939000 -0.176000 0.022000 12 0
-0.941000 -0.165000 -0.006000 18 0
-0.943000 -0.176000 0.083000 16 0
-0.931000 -0.163000 0.051000 10 0
-0.938000 -0.154000 0.021000 11 0
-0.948000 -0.144000 -0.007000 18 0
-0.942000 -0.153000 0.083000 14 0
-0.942000 -0.142000 0.051000 11 0
-0.938000 -0.132000 0.021000 11 0
-0.948000 -0.123000 -0.007000 18 0
-0.945000 -0.130000 0.083000 14 0
-0.946000 -0.120000 0.051000 11 0
-0.945000 -0.111000 0.020000 11 0
-0.955000 -0.102000 -0.008000 19 0
-0.952000 -0.107000 0.083000 14 0
-0.958000 -0.099000 0.052000 11 0
-0.953000 -0.090000 0.020000 11 0
-0.958000 -0.081000 -0.009000 16 0
-0.954000 -0.084000 0.083000 14 0
-0.962000 -0.076000 0.051000 11 0
-0.957000 -0.068000 0.020000 11 0
-0.960000 -0.059000 -0.010000 18 0
-0.960000 -0.062000 0.084000 14 0
-0.965000 -0.054000 0.051000 11 0
-0.961000 -0.046000 0.019000 10 0
-0.970000 -0.038000 -0.010000 16 0
-0.969000 -0.039000 0.084000 14 0
-0.966000 -0.031000 0.051000 11 0
-0.965000 -0.024000 0.019000 11 0
-0.972000 -0.017000 -0.011000 18 0
-0.971000 -0.015000 0.084000 14 0
-0.974000 -0.008000 0.051000 11 0
-0.975000 -0.002000 0.019000 11 0
-0.978000 0.004000 -0.012000 18 0
-0.977000 0.007000 0.085000 14 0
-0.979000 0.014000 0.051000 11 0
-0.973000 0.019000 0.018000 11 0
-0.983000 0.026000 -0.013000 18 0
-0.983000 0.031000 0.085000 14 0
-0.978000 0.037000 0.051000 11 0
-0.980000 0.042000 0.018000 11 0
-0.989000 0.048000 -0.013000 18 0
-0.987000 0.055000 0.086000 14 0
-0.985000 0.060000 0.051000 11 0
-0.988000 0.065000 0.018000 11 0
-0.996000 0.071000 -0.014000 18 0
-1.012000 0.081000 0.088000 19 0
-1.012000 0.086000 0.052000 14 0
-1.002000 0.089000 0.017000 13 0
-0.995000 0.093000 -0.015000 18 0
-1.013000 0.106000 0.088000 19 0
-1.015000 0.110000 0.052000 14 0
-1.007000 0.112000 0.017000 13 0
-1.009000 0.117000 -0.015000 19 0
-1.013000 0.131000 0.088000 20 0
-1.025000 0.136000 0.053000 14 0
-1.024000 0.138000 0.017000 14 0
-1.010000 0.140000 -0.016000 19 0
-1.026000 0.158000 0.090000 20 0
-1.033000 0.161000 0.053000 14 0
-1.026000 0.162000 0.017000 15 0
-1.025000 0.165000 -0.017000 19 0
-1.015000 0.181000 0.089000 4 0
-1.004000 0.181000 0.051000 3 0
-0.997000 0.181000 0.016000 4 0
-1.004000 0.185000 -0.017000 6 0
-1.004000 0.204000 0.088000 1 0
-1.020000 0.209000 0.052000 2 0
0.000000 -0.000000 -0.000000 0 0
-1.003000 0.208000 -0.018000 1 0
-1.022000 0.234000 0.090000 1 0
-1.035000 0.237000 0.053000 2 0
-1.018000 0.234000 0.016000 2 0
-1.023000 0.236000 -0.018000 1 0
-1.107000 0.282000 0.098000 1 0
-1.118000 0.284000 0.057000 2 0
-1.115000 0.283000 0.017000 2 0
-1.100000 0.280000 -0.020000 1 0
-1.113000 0.312000 0.098000 1 0
-1.122000 0.314000 0.057000 2 0
-1.122000 0.312000 0.017000 2 0
-1.112000 0.309000 -0.021000 2 0
-1.129000 0.346000 0.100000 15 0
-1.131000 0.345000 0.057000 2 0
-1.120000 0.339000 0.016000 1 0
-1.116000 0.337000 -0.022000 1 0
-1.121000 0.373000 0.100000 15 0
-1.132000 0.375000 0.058000 1 0
-1.127000 0.370000 0.016000 1 0
-1.103000 0.360000 -0.022000 0 0
-1.144000 0.412000 0.102000 10 0
-1.136000 0.406000 0.058000 2 0
-1.132000 0.400000 0.016000 1 0
-1.118000 0.393000 -0.023000 1 0
-0.934000 -0.198000 0.082000 17 0
-0.942000 -0.188000 0.052000 12 0
-0.939000 -0.176000 0.022000 12 0
-0.941000 -0.165000 -0.006000 18 0
-0.943000 -0.176000 0.083000 16 0
-0.931000 -0.163000 0.051000 10 0
-0.938000 -0.154000 0.021000 11 0
-0.948000 -0.144000 -0.007000 18 0
-0.942000 -0.153000 0.083000 14 0
-0.942000 -0.142000 0.051000 11 0
-0.938000 -0.132000 0.021000 11 0
-0.948000 -0.123000 -0.007000 18 0
-0.945000 -0.130000 0.083000 14 0
-0.946000 -0.120000 0.051000 11 0
-0.945000 -0.111000 0.020000 11 0
-0.955000 -0.102000 -0.008000 19 0
-0.952000 -0.107000 0.083000 14 0
-0.958000 -0.099000 0.052000 11 0
-0.953000 -0.090000 0.020000 11 0
-0.958000 -0.081000 -0.009000 16 0
-0.954000 -0.084000 0.083000 14 0
-0.962000 -0.076000 0.051000 11 0
-0.957000 -0.068000 0.020000 11 0
-0.960000 -0.059000 -0.010000 18 0
-0.960000 -0.062000 0.084000 14 0
-0.965000 -0.054000 0.051000 11 0
-0.961000 -0.046000 0.019000 10 0
-0.970000 -0.038000 -0.010000 16 0
-0.969000 -0.039000 0.084000 14 0
-0.966000 -0.031000 0.051000 11 0
-0.965000 -0.024000 0.019000 11 0
-0.972000 -0.017000 -0.011000 18 0
-0.971000 -0.015000 0.084000 14 0
-0.974000 -0.008000 0.051000 11 0
-0.975000 -0.002000 0.019000 11 0
-0.978000 0.004000 -0.012000 18 0
-0.977000 0.007000 0.085000 14 0
-0.979000 0.014000 0.051000 11 0
-0.973000 0.019000 0.018000 11 0
-0.983000 0.026000 -0.013000 18 0
-0.983000 0.031000 0.085000 14 0
-0.978000 0.037000 0.051000 11 0
-0.980000 0.042000 0.018000 11 0
-0.989000 0.048000 -0.013000 18 0
-0.987000 0.055000 0.086000 14 0
-0.985000 0.060000 0.051000 11 0
-0.988000 0.065000 0.018000 11 0
-0.996000 0.071000 -0.014000 18 0
-1.012000 0.081000 0.088000 19 0
-1.012000 0.086000 0.052000 14 0
-1.002000 0.089000 0.017000 13 0
-0.995000 0.093000 -0.015000 18 0
-1.013000 0.106000 0.088000 19 0
-1.015000 0.110000 0.052000 14 0
-1.007000 0.112000 0.017000 13 0
-1.009000 0.117000 -0.015000 19 0
-1.013000 0.131000 0.088000 20 0
-1.025000 0.136000 0.053000 14 0
-1.024000 0.138000 0.017000 14 0
-1.010000 0.140000 -0.016000 19 0
-1.026000 0.158000 0.090000 20 0
-1.033000 0.161000 0.053000 14 0
-1.026000 0.162000 0.017000 15 0
-1.025000 0.165000 -0.017000 19 0
-1.015000 0.181000 0.089000 4 0
-1.004000 0.181000 0.051000 3 0
-0.997000 0.181000 0.016000 4 0
-1.004000 0.185000 -0.017000 6 0
-1.004000 0.204000 0.088000 1 0
-1.020000 0.209000 0.052000 2 0
0.000000 -0.000000 -0.000000 0 0
-1.003000 0.208000 -0.018000 1 0
-1.022000 0.234000 0.090000 1 0
-1.035000 0.237000 0.053000 2 0
-1.018000 0.234000 0.016000 2 0
-1.023000 0.236000 -0.018000 1 0
-1.107000 0.282000 0.098000 1 0
-1.118000 0.284000 0.057000 2 0
-1.115000 0.283000 0.017000 2 0
-1.100000 0.280000 -0.020000 1 0
-1.113000 0.312000 0.098000 1 0
-1.122000 0.314000 0.057000 2 0
-1.122000 0.312000 0.017000 2 0
-1.112000 0.309000 -0.021000 2 0
-1.129000 0.346000 0.100000 15 0
-1.131000 0.345000 0.057000 2 0
-1.120000 0.339000 0.016000 1 0
-1.116000 0.337000 -0.022000 1 0
-1.121000 0.373000 0.100000 15 0
-1.132000 0.375000 0.058000 1 0
-1.127000 0.370000 0.016000 1 0
-1.103000 0.360000 -0.022000 0 0
-1.144000 0.412000 0.102000 10 0
-1.136000 0.406000 0.058000 2 0
-1.132000 0.400000 0.016000 1 0
-1.118000 0.393000 -0.023000 1 0
-1.157000 0.449000 0.104000 10 0
-1.155000 0.443000 0.059000 6 0
-1.138000 0.432000 0.016000 1 0
-1.131000 0.426000 -0.024000 1 0
-1.143000 0.475000 0.103000 6 0
-1.152000 0.474000 0.059000 1 0
-1.150000 0.467000 0.016000 1 0
-1.131000 0.455000 -0.024000 0 0
-1.147000 0.509000 0.104000 0 0
-1.167000 0.512000 0.060000 1 0
-1.158000 0.502000 0.016000 1 0
-1.140000 0.489000 -0.025000 0 0
-1.168000 0.553000 0.106000 1 0
-1.166000 0.545000 0.060000 1 0
-1.162000 0.535000 0.016000 1 0
-1.147000 0.522000 -0.025000 0 0
-1.167000 0.587000 0.107000 0 0
-1.179000 0.585000 0.061000 1 0
-1.170000 0.572000 0.016000 1 0
-1.141000 0.551000 -0.026000 0 0
0.000000 -0.000000 -0.000000 0 0
-1.177000 0.619000 0.061000 1 0
-1.173000 0.607000 0.015000 0 0
0.000000 -0.000000 -0.000000 0 0
-1.195000 0.675000 0.111000 2 0
-1.193000 0.663000 0.062000 1 0
-1.185000 0.648000 0.015000 1 0
-1.174000 0.633000 -0.027000 0 0
-1.202000 0.718000 0.112000 7 0
0.000000 -0.000000 -0.000000 0 0
-1.192000 0.687000 0.015000 1 0
0.000000 -0.000000 -0.000000 0 0
-1.218000 0.768000 0.115000 10 0
-1.214000 0.751000 0.063000 2 0
-1.207000 0.733000 0.016000 0 0
-1.196000 0.715000 -0.029000 0 0
-1.228000 0.816000 0.117000 13 0
-1.228000 0.801000 0.064000 11 0
0.000000 -0.000000 -0.000000 0 0
0.000000 -0.000000 -0.000000 0 0
-1.240000 0.868000 0.119000 0 0
-1.239000 0.850000 0.065000 0 0
-1.239000 0.833000 0.016000 0 0
-1.214000 0.802000 -0.030000 0 0
-1.259000 0.926000 0.122000 9 0
-1.245000 0.897000 0.066000 9 0
-1.241000 0.876000 0.016000 10 0
0.000000 -0.000000 -0.000000 0 0
-1.248000 0.965000 0.122000 1 0
-1.257000 0.952000 0.067000 0 0
-1.256000 0.930000 0.016000 0 0
0.000000 -0.000000 -0.000000 0 128
-1.203000 0.977000 0.118000 14 0
-1.227000 0.975000 0.066000 11 0
-1.252000 0.972000 0.016000 15 0
0.000000 -0.000000 -0.000000 0 0
-1.196000 1.021000 0.119000 0 8
-1.202000 1.002000 0.065000 1 0
-1.211000 0.986000 0.016000 1 0
-1.225000 0.976000 -0.032000 12 0
-1.233000 1.104000 0.124000 63 0
-1.223000 1.069000 0.067000 48 0
-1.192000 1.016000 0.016000 9 0
-1.183000 0.987000 -0.031000 2 0
-1.259000 1.183000 0.128000 13 64
-1.246000 1.142000 0.069000 11 0
-1.239000 1.107000 0.016000 11 1
-1.219000 1.065000 -0.032000 35 0
-1.269000 1.250000 0.131000 62 0
-1.254000 1.204000 0.070000 65 0
-1.239000 1.159000 0.016000 69 0
-1.243000 1.136000 -0.033000 15 0
-1.294000 1.337000 0.135000 55 0
-1.274000 1.282000 0.072000 64 0
-1.273000 1.247000 0.017000 13 0
-1.253000 1.197000 -0.034000 68 0
-1.313000 1.423000 0.139000 56 0
-1.296000 1.367000 0.075000 61 0
-1.280000 1.312000 0.017000 66 0
-1.270000 1.269000 -0.034000 63 0
-1.338000 1.522000 0.144000 58 0
-1.323000 1.462000 0.077000 64 0
-1.301000 1.397000 0.018000 66 0
-1.293000 1.351000 -0.035000 59 0
-1.359000 1.622000 0.148000 29 0
-1.345000 1.558000 0.079000 65 0
-1.328000 1.493000 0.019000 56 0
-1.309000 1.432000 -0.036000 58 0
-5.104000 6.393000 0.567000 110 0
-5.235000 6.356000 0.315000 115 0
-1.351000 1.590000 0.019000 52 0
-1.334000 1.526000 -0.037000 60 0
-4.894000 6.441000 0.554000 124 0
-5.030000 6.404000 0.308000 119 0
-5.171000 6.378000 0.077000 115 0
-1.352000 1.620000 -0.038000 33 0
-1.157000 0.449000 0.104000 10 0
-1.155000 0.443000 0.059000 6 0
-1.138000 0.432000 0.016000 1 0
-1.131000 0.426000 -0.024000 1 0
-1.143000 0.475000 0.103000 6 0
-1.152000 0.474000 0.059000 1 0
-1.150000 0.467000 0.016000 1 0
-1.131000 0.455000 -0.024000 0 0
-1.147000 0.509000 0.104000 0 0
-1.167000 0.512000 0.060000 1 0
-1.158000 0.502000 0.016000 1 0
-1.140000 0.489000 -0.025000 0 0
-1.168000 0.553000 0.106000 1 0
-1.166000 0.545000 0.060000 1 0
-1.162000 0.535000 0.016000 1 0
-1.147000 0.522000 -0.025000 0 0
-1.167000 0.587000 0.107000 0 0
-1.179000 0.585000 0.061000 1 0
-1.170000 0.572000 0.016000 1 0
-1.141000 0.551000 -0.026000 0 0
0.000000 -0.000000 -0.000000 0 0
-1.177000 0.619000 0.061000 1 0
-1.173000 0.607000 0.015000 0 0
0.000000 -0.000000 -0.000000 0 0
-1.195000 0.675000 0.111000 2 0
-1.193000 0.663000 0.062000 1 0
-1.185000 0.648000 0.015000 1 0
-1.174000 0.633000 -0.027000 0 0
-1.202000 0.718000 0.112000 7 0
0.000000 -0.000000 -0.000000 0 0
-1.192000 0.687000 0.015000 1 0
0.000000 -0.000000 -0.000000 0 0
-1.218000 0.768000 0.115000 10 0
-1.214000 0.751000 0.063000 2 0
-1.207000 0.733000 0.016000 0 0
-1.196000 0.715000 -0.029000 0 0
-1.228000 0.816000 0.117000 13 0
-1.228000 0.801000 0.064000 11 0
0.000000 -0.000000 -0.000000 0 0
0.000000 -0.000000 -0.000000 0 0
-1.240000 0.868000 0.119000 0 0
-1.239000 0.850000 0.065000 0 0
-1.239000 0.833000 0.016000 0 0
-1.214000 0.802000 -0.030000 0 0
-1.259000 0.926000 0.122000 9 0
-1.245000 0.897000 0.066000 9 0
-1.241000 0.876000 0.016000 10 0
0.000000 -0.000000 -0.000000 0 0
-1.248000 0.965000 0.122000 1 0
-1.257000 0.952000 0.067000 0 0
-1.256000 0.930000 0.016000 0 0
0.000000 -0.000000 -0.000000 0 128
-1.203000 0.977000 0.118000 14 0
-1.227000 0.975000 0.066000 11 0
-1.252000 0.972000 0.016000 15 0
0.000000 -0.000000 -0.000000 0 0
-1.196000 1.021000 0.119000 0 8
-1.202000 1.002000 0.065000 1 0
-1.211000 0.986000 0.016000 1 0
-1.225000 0.976000 -0.032000 12 0
-1.233000 1.104000 0.124000 63 0
-1.223000 1.069000 0.067000 48 0
-1.192000 1.016000 0.016000 9 0
-1.183000 0.987000 -0.031000 2 0
-1.259000 1.183000 0.128000 13 64
-1.246000 1.142000 0.069000 11 0
-1.239000 1.107000 0.016000 11 1
-1.219000 1.065000 -0.032000 35 0
-1.269000 1.250000 0.131000 62 0
-1.254000 1.204000 0.070000 65 0
-1.239000 1.159000 0.016000 69 0
-1.243000 1.136000 -0.033000 15 0
-1.294000 1.337000 0.135000 55 0
-1.274000 1.282000 0.072000 64 0
-1.273000 1.247000 0.017000 13 0
-1.253000 1.197000 -0.034000 68 0
-1.313000 1.423000 0.139000 56 0
-1.296000 1.367000 0.075000 61 0
-1.280000 1.312000 0.017000 66 0
-1.270000 1.269000 -0.034000 63 0
-1.338000 1.522000 0.144000 58 0
-1.323000 1.462000 0.077000 64 0
-1.301000 1.397000 0.018000 66 0
-1.293000 1.351000 -0.035000 59 0
-1.359000 1.622000 0.148000 29 0
-1.345000 1.558000 0.079000 65 0
-1.328000 1.493000 0.019000 56 0
-1.309000 1.432000 -0.036000 58 0
-5.104000 6.393000 0.567000 110 0
-5.235000 6.356000 0.315000 115 0
-1.351000 1.590000 0.019000 52 0
-1.334000 1.526000 -0.037000 60 0
-4.894000 6.441000 0.554000 124 0
-5.030000 6.404000 0.308000 119 0
-5.171000 6.378000 0.077000 115 0
-1.352000 1.620000 -0.038000 33 0
0.000000 -0.000000 -0.000000 0 0
0.000000 -0.000000 -0.000000 0 0
0.000000 -0.000000 -0.000000 0 0
0.000000 -0.000000 -0.000000 0 0
0.000000 -0.000000 -0.000000 0 0
0.000000 -0.000000 -0.000000 0 0
0.000000 -0.000000 -0.000000 0 0
0.000000 -0.000000 -0.000000 0 0
0.000000 -0.000000 -0.000000 0 0
0.000000 -0.000000 -0.000000 0 0
0.000000 -0.000000 -0.000000 0 0
0.000000 -0.000000 -0.000000 0 0
0.000000 -0.000000 -0.000000 0 0
0.000000 -0.000000 -0.000000 0 0
0.000000 -0.000000 -0.000000 0 0
0.000000 -0.000000 -0.000000 0 0
0.000000 -0.000000 -0.000000 0 0
0.000000 -0.000000 -0.000000 0 0
0.000000 -0.000000 -0.000000 0 0
0.000000 -0.000000 -0.000000 0 128
0.000000 -0.000000 -0.000000 0 0
0.000000 -0.000000 -0.000000 0 0
0.000000 -0.000000 -0.000000 0 0
0.000000 -0.000000 -0.000000 0 128
0.000000 -0.000000 -0.000000 0 128
0.000000 -0.000000 -0.000000 0 0
0.000000 -0.000000 -0.000000 0 0
0.000000 -0.000000 -0.000000 0 128
0.000000 -0.000000 -0.000000 0 128
0.000000 -0.000000 -0.000000 0 0
0.000000 -0.000000 -0.000000 0 0
0.000000 -0.000000 -0.000000 0 128
0.000000 -0.000000 -0.000000 0 0
0.000000 -0.000000 -0.000000 0 0
0.000000 -0.000000 -0.000000 0 0
0.000000 -0.000000 -0.000000 0 0
0.000000 -0.000000 -0.000000 0 0
0.000000 -0.000000 -0.000000 0 0
0.000000 -0.000000 -0.000000 0 0
0.000000 -0.000000 -0.000000 0 0
0.000000 -0.000000 -0.000000 0 0
0.000000 -0.000000 -0.000000 0 0
0.000000 -0.000000 -0.000000 0 0
0.000000 -0.000000 -0.000000 0 0
0.000000 -0.000000 -0.000000 0 0
0.000000 -0.000000 -0.000000 0 0
0.000000 -0.000000 -0.000000 0 0
0.000000 -0.000000 -0.000000 0 0
0.000000 -0.000000 -0.000000 0 0
0.000000 -0.000000 -0.000000 0 0
0.000000 -0.000000 -0.000000 0 0
0.000000 -0.000000 -0.000000 0 128
0.000000 -0.000000 -0.000000 0 0
0.000000 -0.000000 -0.000000 0 0
0.000000 -0.000000 -0.000000 0 0
0.000000 -0.000000 -0.000000 0 128
0.000000 -0.000000 -0.000000 0 128
0.000000 -0.000000 -0.000000 0 0
0.000000 -0.000000 -0.000000 0 0
0.000000 -0.000000 -0.000000 0 0
0.000000 -0.000000 -0.000000 0 128
0.000000 -0.000000 -0.000000 0 0
0.000000 -0.000000 -0.000000 0 0
0.000000 -0.000000 -0.000000 0 128
0.000000 -0.000000 -0.000000 0 0
0.000000 -0.000000 -0.000000 0 0
0.000000 -0.000000 -0.000000 0 0
0.000000 -0.000000 -0.000000 0 128
0.000000 -0.000000 -0.000000 0 0
0.000000 -0.000000 -0.000000 0 0
0.000000 -0.000000 -0.000000 0 0
0.000000 -0.000000 -0.000000 0 128
0.000000 -0.000000 -0.000000 0 0
0.000000 -0.000000 -0.000000 0 0
0.000000 -0.000000 -0.000000 0 0
0.000000 -0.000000 -0.000000 0 128
0.000000 -0.000000 -0.000000 0 128
0.000000 -0.000000 -0.000000 0 128
0.000000 -0.000000 -0.000000 0 128
0.758000 -1.073000 -0.441000 1 0
0.000000 -0.000000 -0.000000 0 128
0.000000 -0.000000 -0.000000 0 0
0.000000 -0.000000 -0.000000 0 0
0.740000 -1.103000 -0.447000 4 0
0.000000 -0.000000 -0.000000 0 0
0.000000 -0.000000 -0.000000 0 0
0.678000 -1.017000 -0.445000 2 0
0.721000 -1.134000 -0.454000 13 0
0.632000 -0.907000 -0.463000 6 0
0.618000 -0.927000 -0.435000 3 0
0.603000 -0.951000 -0.410000 5 0
0.686000 -1.137000 -0.450000 10 0
0.610000 -0.917000 -0.461000 7 0
0.596000 -0.939000 -0.435000 6 0
0.580000 -0.964000 -0.411000 5 0
0.620000 -1.087000 -0.425000 4 0
0.000000 -0.000000 -0.000000 0 0
0.000000 -0.000000 -0.000000 0 0
0.000000 -0.000000 -0.000000 0 0
0.000000 -0.000000 -0.000000 0 0
0.000000 -0.000000 -0.000000 0 0
0.000000 -0.000000 -0.000000 0 0
0.000000 -0.000000 -0.000000 0 0
0.000000 -0.000000 -0.000000 0 0
0.000000 -0.000000 -0.000000 0 0
0.000000 -0.000000 -0.000000 0 0
0.000000 -0.000000 -0.000000 0 0
0.000000 -0.000000 -0.000000 0 0
0.000000 -0.000000 -0.000000 0 0
0.000000 -0.000000 -0.000000 0 0
0.000000 -0.000000 -0.000000 0 0
0.000000 -0.000000 -0.000000 0 0
0.000000 -0.000000 -0.000000 0 0
0.000000 -0.000000 -0.000000 0 0
0.000000 -0.000000 -0.000000 0 0
0.000000 -0.000000 -0.000000 0 128
0.000000 -0.000000 -0.000000 0 0
0.000000 -0.000000 -0.000000 0 0
0.000000 -0.000000 -0.000000 0 0
0.000000 -0.000000 -0.000000 0 128
0.000000 -0.000000 -0.000000 0 128
0.000000 -0.000000 -0.000000 0 0
0.000000 -0.000000 -0.000000 0 0
0.000000 -0.000000 -0.000000 0 128
0.000000 -0.000000 -0.000000 0 128
0.000000 -0.000000 -0.000000 0 0
0.000000 -0.000000 -0.000000 0 0
0.000000 -0.000000 -0.000000 0 128
0.000000 -0.000000 -0.000000 0 0
0.000000 -0.000000 -0.000000 0 0
0.000000 -0.000000 -0.000000 0 0
0.000000 -0.000000 -0.000000 0 0
0.000000 -0.000000 -0.000000 0 0
0.000000 -0.000000 -0.000000 0 0
0.000000 -0.000000 -0.000000 0 0
0.000000 -0.000000 -0.000000 0 0
0.000000 -0.000000 -0.000000 0 0
0.000000 -0.000000 -0.000000 0 0
0.000000 -0.000000 -0.000000 0 0
0.000000 -0.000000 -0.000000 0 0
0.000000 -0.000000 -0.000000 0 0
0.000000 -0.000000 -0.000000 0 0
0.000000 -0.000000 -0.000000 0 0
0.000000 -0.000000 -0.000000 0 0
0.000000 -0.000000 -0.000000 0 0
0.000000 -0.000000 -0.000000 0 0
0.000000 -0.000000 -0.000000 0 0
0.000000 -0.000000 -0.000000 0 128
0.000000 -0.000000 -0.000000 0 0
0.000000 -0.000000 -0.000000 0 0
0.000000 -0.000000 -0.000000 0 0
0.000000 -0.000000 -0.000000 0 128
0.000000 -0.000000 -0.000000 0 128
0.000000 -0.000000 -0.000000 0 0
0.000000 -0.000000 -0.000000 0 0
0.000000 -0.000000 -0.000000 0 0
0.000000 -0.000000 -0.000000 0 128
0.000000 -0.000000 -0.000000 0 0
0.000000 -0.000000 -0.000000 0 0
0.000000 -0.000000 -0.000000 0 128
0.000000 -0.000000 -0.000000 0 0
0.000000 -0.000000 -0.000000 0 0
0.000000 -0.000000 -0.000000 0 0
0.000000 -0.000000 -0.000000 0 128
0.000000 -0.000000 -0.000000 0 0
0.000000 -0.000000 -0.000000 0 0
0.000000 -0.000000 -0.000000 0 0
0.000000 -0.000000 -0.000000 0 128
0.000000 -0.000000 -0.000000 0 0
0.000000 -0.000000 -0.000000 0 0
0.000000 -0.000000 -0.000000 0 0
0.000000 -0.000000 -0.000000 0 128
0.000000 -0.000000 -0.000000 0 128
0.000000 -0.000000 -0.000000 0 128
0.000000 -0.000000 -0.000000 0 128
0.758000 -1.073000 -0.441000 1 0
0.000000 -0.000000 -0.000000 0 128
0.000000 -0.000000 -0.000000 0 0
0.000000 -0.000000 -0.000000 0 0
0.740000 -1.103000 -0.447000 4 0
0.000000 -0.000000 -0.000000 0 0
0.000000 -0.000000 -0.000000 0 0
0.678000 -1.017000 -0.445000 2 0
0.721000 -1.134000 -0.454000 13 0
0.632000 -0.907000 -0.463000 6 0
0.618000 -0.927000 -0.435000 3 0
0.603000 -0.951000 -0.410000 5 0
0.686000 -1.137000 -0.450000 10 0
0.610000 -0.917000 -0.461000 7 0
0.596000 -0.939000 -0.435000 6 0
0.580000 -0.964000 -0.411000 5 0
0.620000 -1.087000 -0.425000 4 0
0.592000 -0.933000 -0.463000 6 0
0.571000 -0.946000 -0.433000 6 0
0.552000 -0.968000 -0.408000 4 0
0.585000 -1.085000 -0.420000 3 0
0.567000 -0.937000 -0.459000 6 0
0.544000 -0.949000 -0.429000 5 0
0.531000 -0.983000 -0.410000 3 0
0.561000 -1.105000 -0.424000 4 0
0.538000 -0.935000 -0.452000 5 0
0.519000 -0.955000 -0.426000 5 0
0.508000 -0.995000 -0.411000 3 0
0.551000 -1.153000 -0.439000 8 0
0.514000 -0.940000 -0.449000 4 0
0.488000 -0.949000 -0.419000 5 0
0.488000 -1.014000 -0.415000 3 0
0.533000 -1.188000 -0.448000 5 0
0.495000 -0.954000 -0.450000 4 0
0.472000 -0.969000 -0.424000 5 0
0.473000 -1.045000 -0.423000 3 0
0.524000 -1.248000 -0.468000 0 0
0.479000 -0.974000 -0.455000 4 0
0.458000 -0.996000 -0.431000 4 0
0.479000 -1.127000 -0.453000 4 0
0.479000 -1.222000 -0.455000 23 0
0.461000 -0.991000 -0.458000 6 0
0.447000 -1.034000 -0.444000 3 0
0.447000 -1.125000 -0.449000 5 0
0.480000 -1.316000 -0.487000 4 0
0.442000 -1.006000 -0.460000 6 0
0.423000 -1.042000 -0.443000 3 0
0.424000 -1.144000 -0.453000 6 0
0.447000 -1.325000 -0.488000 26 0
0.415000 -1.004000 -0.454000 7 0
0.405000 -1.065000 -0.450000 6 0
0.428000 -1.241000 -0.489000 4 1
0.416000 -1.338000 -0.491000 4 64
0.393000 -1.012000 -0.454000 7 0
0.399000 -1.126000 -0.472000 5 0
0.402000 -1.260000 -0.494000 5 0
0.382000 -1.344000 -0.492000 25 0
0.386000 -1.062000 -0.472000 6 1
0.390000 -1.184000 -0.493000 6 0
0.364000 -1.239000 -0.483000 7 0
0.342000 -1.324000 -0.483000 8 64
0.374000 -1.104000 -0.487000 6 0
0.363000 -1.191000 -0.493000 7 0
0.344000 -1.283000 -0.498000 6 0
0.316000 -1.354000 -0.493000 5 0
0.340000 -1.079000 -0.473000 5 0
0.333000 -1.191000 -0.490000 6 0
0.312000 -1.281000 -0.496000 6 0
0.286000 -1.377000 -0.501000 8 0
0.331000 -1.139000 -0.495000 6 0
0.308000 -1.203000 -0.492000 7 0
0.277000 -1.263000 -0.488000 8 0
0.250000 -1.366000 -0.496000 10 0
0.307000 -1.148000 -0.496000 7 0
0.284000 -1.226000 -0.500000 7 0
0.248000 -1.274000 -0.490000 9 0
0.217000 -1.370000 -0.498000 5 64
0.284000 -1.161000 -0.499000 7 0
0.256000 -1.232000 -0.500000 6 0
0.218000 -1.278000 -0.491000 8 0
0.000000 -0.000000 -0.000000 0 0
0.258000 -1.166000 -0.498000 8 0
0.229000 -1.238000 -0.500000 6 0
0.000000 -0.000000 -0.000000 0 0
0.000000 -0.000000 -0.000000 0 0
0.232000 -1.174000 -0.499000 8 0
0.199000 -1.231000 -0.496000 1 64
0.000000 -0.000000 -0.000000 0 0
0.000000 -0.000000 -0.000000 0 192
0.207000 -1.181000 -0.499000 5 0
0.000000 -0.000000 -0.000000 0 0
0.000000 -0.000000 -0.000000 0 128
0.000000 -0.000000 -0.000000 0 192
0.000000 -0.000000 -0.000000 0 0
0.000000 -0.000000 -0.000000 0 0
0.000000 -0.000000 -0.000000 0 192
0.000000 -0.000000 -0.000000 0 192
0.000000 -0.000000 -0.000000 0 0
0.000000 -0.000000 -0.000000 0 128
0.000000 -0.000000 -0.000000 0 192
0.000000 -0.000000 -0.000000 0 192
0.000000 -0.000000 -0.000000 0 128
0.000000 -0.000000 -0.000000 0 192
0.000000 -0.000000 -0.000000 0 192
0.000000 -0.000000 -0.000000 0 128
0.000000 -0.000000 -0.000000 0 192
0.000000 -0.000000 -0.000000 0 192
0.000000 -0.000000 -0.000000 0 192
-0.115000 -3.435000 -1.275000 20 0
0.000000 -0.000000 -0.000000 0 192
0.000000 -0.000000 -0.000000 0 192
0.000000 -0.000000 -0.000000 0 0
-0.187000 -3.267000 -1.219000 9 0
0.592000 -0.933000 -0.463000 6 0
0.571000 -0.946000 -0.433000 6 0
0.552000 -0.968000 -0.408000 4 0
0.585000 -1.085000 -0.420000 3 0
0.567000 -0.937000 -0.459000 6 0
0.544000 -0.949000 -0.429000 5 0
0.531000 -0.983000 -0.410000 3 0
0.561000 -1.105000 -0.424000 4 0
0.538000 -0.935000 -0.452000 5 0
0.519000 -0.955000 -0.426000 5 0
0.508000 -0.995000 -0.411000 3 0
0.551000 -1.153000 -0.439000 8 0
0.514000 -0.940000 -0.449000 4 0
0.488000 -0.949000 -0.419000 5 0
0.488000 -1.014000 -0.415000 3 0
0.533000 -1.188000 -0.448000 5 0
0.495000 -0.954000 -0.450000 4 0
0.472000 -0.969000 -0.424000 5 0
0.473000 -1.045000 -0.423000 3 0
0.524000 -1.248000 -0.468000 0 0
0.479000 -0.974000 -0.455000 4 0
0.458000 -0.996000 -0.431000 4 0
0.479000 -1.127000 -0.453000 4 0
0.479000 -1.222000 -0.455000 23 0
0.461000 -0.991000 -0.458000 6 0
0.447000 -1.034000 -0.444000 3 0
0.447000 -1.125000 -0.449000 5 0
0.480000 -1.316000 -0.487000 4 0
0.442000 -1.006000 -0.460000 6 0
0.423000 -1.042000 -0.443000 3 0
0.424000 -1.144000 -0.453000 6 0
0.447000 -1.325000 -0.488000 26 0
0.415000 -1.004000 -0.454000 7 0
0.405000 -1.065000 -0.450000 6 0
0.428000 -1.241000 -0.489000 4 1
0.416000 -1.338000 -0.491000 4 64
0.393000 -1.012000 -0.454000 7 0
0.399000 -1.126000 -0.472000 5 0
0.402000 -1.260000 -0.494000 5 0
0.382000 -1.344000 -0.492000 25 0
0.386000 -1.062000 -0.472000 6 1
0.390000 -1.184000 -0.493000 6 0
0.364000 -1.239000 -0.483000 7 0
0.342000 -1.324000 -0.483000 8 64
0.374000 -1.104000 -0.487000 6 0
0.363000 -1.191000 -0.493000 7 0
0.344000 -1.283000 -0.498000 6 0
0.316000 -1.354000 -0.493000 5 0
0.340000 -1.079000 -0.473000 5 0
0.333000 -1.191000 -0.490000 6 0
0.312000 -1.281000 -0.496000 6 0
0.286000 -1.377000 -0.501000 8 0
0.331000 -1.139000 -0.495000 6 0
0.308000 -1.203000 -0.492000 7 0
0.277000 -1.263000 -0.488000 8 0
0.250000 -1.366000 -0.496000 10 0
0.307000 -1.148000 -0.496000 7 0
0.284000 -1.226000 -0.500000 7 0
0.248000 -1.274000 -0.490000 9 0
0.217000 -1.370000 -0.498000 5 64
0.284000 -1.161000 -0.499000 7 0
0.256000 -1.232000 -0.500000 6 0
0.218000 -1.278000 -0.491000 8 0
0.000000 -0.000000 -0.000000 0 0
0.258000 -1.166000 -0.498000 8 0
0.229000 -1.238000 -0.500000 6 0
0.000000 -0.000000 -0.000000 0 0
0.000000 -0.000000 -0.000000 0 0
0.232000 -1.174000 -0.499000 8 0
0.199000 -1.231000 -0.496000 1 64
0.000000 -0.000000 -0.000000 0 0
0.000000 -0.000000 -0.000000 0 192
0.207000 -1.181000 -0.499000 5 0
0.000000 -0.000000 -0.000000 0 0
0.000000 -0.000000 -0.000000 0 128
0.000000 -0.000000 -0.000000 0 192
0.000000 -0.000000 -0.000000 0 0
0.000000 -0.000000 -0.000000 0 0
0.000000 -0.000000 -0.000000 0 192
0.000000 -0.000000 -0.000000 0 192
0.000000 -0.000000 -0.000000 0 0
0.000000 -0.000000 -0.000000 0 128
0.000000 -0.000000 -0.000000 0 192
0.000000 -0.000000 -0.000000 0 192
0.000000 -0.000000 -0.000000 0 128
0.000000 -0.000000 -0.000000 0 192
0.000000 -0.000000 -0.000000 0 192
0.000000 -0.000000 -0.000000 0 128
0.000000 -0.000000 -0.000000 0 192
0.000000 -0.000000 -0.000000 0 192
0.000000 -0.000000 -0.000000 0 192
-0.115000 -3.435000 -1.275000 20 0
0.000000 -0.000000 -0.000000 0 192
0.000000 -0.000000 -0.000000 0 192
0.000000 -0.000000 -0.000000 0 0
-0.187000 -3.267000 -1.219000 9 0
0.000000 -0.000000 -0.000000 0 192
0.002000 -1.217000 -0.487000 1 0
-0.121000 -3.112000 -1.207000 4 0
-0.238000 -2.929000 -1.099000 16 0
0.000000 -0.000000 -0.000000 0 192
-0.065000 -3.210000 -1.287000 12 0
-0.124000 -1.998000 -0.777000 0 0
-0.291000 -2.776000 -1.049000 47 0
0.000000 -0.000000 -0.000000 0 128
-0.138000 -3.208000 -1.288000 12 0
-0.250000 -2.918000 -1.141000 35 0
-0.338000 -2.620000 -0.997000 26 0
-0.077000 -3.104000 -1.285000 11 0
-0.131000 -1.996000 -0.803000 2 0
-0.299000 -2.738000 -1.075000 50 0
-0.366000 -2.387000 -0.915000 15 0
-0.145000 -3.084000 -1.277000 6 0
-0.256000 -2.887000 -1.165000 46 0
-0.347000 -2.621000 -1.035000 14 0
-0.409000 -2.304000 -0.891000 51 0
-0.138000 -1.996000 -0.827000 1 4
-0.303000 -2.711000 -1.097000 47 0
-0.373000 -2.390000 -0.949000 30 0
-0.437000 -2.164000 -0.844000 45 0
-0.262000 -2.859000 -1.186000 43 0
-0.345000 -2.564000 -1.041000 5 0
-0.411000 -2.282000 -0.913000 54 0
-0.465000 -2.051000 -0.808000 50 0
-0.305000 -2.672000 -1.110000 45 0
-0.376000 -2.381000 -0.971000 36 0
-0.437000 -2.143000 -0.863000 42 0
-0.489000 -1.941000 -0.772000 56 0
-0.279000 -2.042000 -0.850000 0 0
-0.412000 -2.272000 -0.931000 57 0
-0.465000 -2.042000 -0.829000 54 0
-0.508000 -1.836000 -0.738000 97 0
-0.380000 -2.380000 -0.993000 39 0
-0.437000 -2.135000 -0.880000 42 0
-0.490000 -1.939000 -0.793000 53 0
-0.403000 -1.332000 -0.542000 5 0
-0.412000 -2.258000 -0.945000 52 0
-0.465000 -2.036000 -0.844000 49 0
-0.497000 -1.795000 -0.741000 125 0
-0.420000 -1.280000 -0.527000 0 0
-0.437000 -2.121000 -0.890000 40 0
-0.491000 -1.944000 -0.811000 51 0
-0.403000 -1.332000 -0.555000 0 0
-0.434000 -1.226000 -0.511000 6 0
-0.464000 -2.022000 -0.852000 53 0
-0.386000 -1.395000 -0.586000 3 0
-0.416000 -1.270000 -0.534000 6 0
-0.443000 -1.163000 -0.491000 0 0
-0.488000 -1.926000 -0.815000 56 0
-0.398000 -1.321000 -0.559000 0 0
-0.431000 -1.221000 -0.519000 0 0
0.000000 -0.000000 -0.000000 0 0
-0.380000 -1.371000 -0.583000 9 0
-0.416000 -1.273000 -0.543000 6 0
-0.443000 -1.169000 -0.503000 1 0
-0.465000 -1.068000 -0.464000 0 0
-0.398000 -1.320000 -0.565000 0 0
-0.428000 -1.217000 -0.523000 0 0
-0.456000 -1.123000 -0.489000 0 0
-0.478000 -1.031000 -0.455000 0 0
-0.413000 -1.264000 -0.544000 6 0
-0.440000 -1.165000 -0.506000 8 0
-0.468000 -1.081000 -0.476000 1 0
-0.489000 -0.992000 -0.444000 0 0
-0.427000 -1.216000 -0.527000 0 0
-0.457000 -1.131000 -0.496000 1 0
-0.479000 -1.039000 -0.464000 0 0
-0.500000 -0.958000 -0.436000 1 0
-0.435000 -1.153000 -0.503000 7 0
-0.469000 -1.089000 -0.482000 1 0
-0.494000 -1.011000 -0.458000 1 0
-0.669000 -1.212000 -0.562000 12 64
-0.450000 -1.116000 -0.491000 0 0
-0.478000 -1.043000 -0.467000 1 0
-0.499000 -0.963000 -0.442000 1 0
-0.682000 -1.170000 -0.552000 13 64
-0.463000 -1.075000 -0.478000 0 0
-0.490000 -1.009000 -0.457000 1 0
-0.666000 -1.217000 -0.567000 10 0
-0.694000 -1.130000 -0.543000 13 0
-0.474000 -1.037000 -0.465000 0 0
-0.499000 -0.968000 -0.444000 1 0
-0.680000 -1.176000 -0.557000 11 0
-0.706000 -1.091000 -0.534000 13 0
-0.490000 -1.010000 -0.457000 1 0
-0.663000 -1.218000 -0.567000 9 0
-0.692000 -1.136000 -0.547000 12 0
-0.717000 -1.054000 -0.527000 12 0
-0.493000 -0.959000 -0.439000 1 0
-0.678000 -1.180000 -0.556000 10 0
-0.703000 -1.097000 -0.537000 12 0
-0.725000 -1.016000 -0.518000 12 0
0.000000 -0.000000 -0.000000 0 192
0.002000 -1.217000 -0.487000 1 0
-0.121000 -3.112000 -1.207000 4 0
-0.238000 -2.929000 -1.099000 16 0
0.000000 -0.000000 -0.000000 0 192
-0.065000 -3.210000 -1.287000 12 0
-0.124000 -1.998000 -0.777000 0 0
-0.291000 -2.776000 -1.049000 47 0
0.000000 -0.000000 -0.000000 0 128
-0.138000 -3.208000 -1.288000 12 0
-0.250000 -2.918000 -1.141000 35 0
-0.338000 -2.620000 -0.997000 26 0
-0.077000 -3.104000 -1.285000 11 0
-0.131000 -1.996000 -0.803000 2 0
-0.299000 -2.738000 -1.075000 50 0
-0.366000 -2.387000 -0.915000 15 0
-0.145000 -3.084000 -1.277000 6 0
-0.256000 -2.887000 -1.165000 46 0
-0.347000 -2.621000 -1.035000 14 0
-0.409000 -2.304000 -0.891000 51 0
-0.138000 -1.996000 -0.827000 1 4
-0.303000 -2.711000 -1.097000 47 0
-0.373000 -2.390000 -0.949000 30 0
-0.437000 -2.164000 -0.844000 45 0
-0.262000 -2.859000 -1.186000 43 0
-0.345000 -2.564000 -1.041000 5 0
-0.411000 -2.282000 -0.913000 54 0
-0.465000 -2.051000 -0.808000 50 0
-0.305000 -2.672000 -1.110000 45 0
-0.376000 -2.381000 -0.971000 36 0
-0.437000 -2.143000 -0.863000 42 0
-0.489000 -1.941000 -0.772000 56 0
-0.279000 -2.042000 -0.850000 0 0
-0.412000 -2.272000 -0.931000 57 0
-0.465000 -2.042000 -0.829000 54 0
-0.508000 -1.836000 -0.738000 97 0
-0.380000 -2.380000 -0.993000 39 0
-0.437000 -2.135000 -0.880000 42 0
-0.490000 -1.939000 -0.793000 53 0
-0.403000 -1.332000 -0.542000 5 0
-0.412000 -2.258000 -0.945000 52 0
-0.465000 -2.036000 -0.844000 49 0
-0.497000 -1.795000 -0.741000 125 0
-0.420000 -1.280000 -0.527000 0 0
-0.437000 -2.121000 -0.890000 40 0
-0.491000 -1.944000 -0.811000 51 0
-0.403000 -1.332000 -0.555000 0 0
-0.434000 -1.226000 -0.511000 6 0
-0.464000 -2.022000 -0.852000 53 0
-0.386000 -1.395000 -0.586000 3 0
-0.416000 -1.270000 -0.534000 6 0
-0.443000 -1.163000 -0.491000 0 0
-0.488000 -1.926000 -0.815000 56 0
-0.398000 -1.321000 -0.559000 0 0
-0.431000 -1.221000 -0.519000 0 0
0.000000 -0.000000 -0.000000 0 0
-0.380000 -1.371000 -0.583000 9 0
-0.416000 -1.273000 -0.543000 6 0
-0.443000 -1.169000 -0.503000 1 0
-0.465000 -1.068000 -0.464000 0 0
-0.398000 -1.320000 -0.565000 0 0
-0.428000 -1.217000 -0.523000 0 0
-0.456000 -1.123000 -0.489000 0 0
-0.478000 -1.031000 -0.455000 0 0
-0.413000 -1.264000 -0.544000 6 0
-0.440000 -1.165000 -0.506000 8 0
-0.468000 -1.081000 -0.476000 1 0
-0.489000 -0.992000 -0.444000 0 0
-0.427000 -1.216000 -0.527000 0 0
-0.457000 -1.131000 -0.496000 1 0
-0.479000 -1.039000 -0.464000 0 0
-0.500000 -0.958000 -0.436000 1 0
-0.435000 -1.153000 -0.503000 7 0
-0.469000 -1.089000 -0.482000 1 0
-0.494000 -1.011000 -0.458000 1 0
-0.669000 -1.212000 -0.562000 12 64
-0.450000 -1.116000 -0.491000 0 0
-0.478000 -1.043000 -0.467000 1 0
-0.499000 -0.963000 -0.442000 1 0
-0.682000 -1.170000 -0.552000 13 64
-0.463000 -1.075000 -0.478000 0 0
-0.490000 -1.009000 -0.457000 1 0
-0.666000 -1.217000 -0.567000 10 0
-0.694000 -1.130000 -0.543000 13 0
-0.474000 -1.037000 -0.465000 0 0
-0.499000 -0.968000 -0.444000 1 0
-0.680000 -1.176000 -0.557000 11 0
-0.706000 -1.091000 -0.534000 13 0
-0.490000 -1.010000 -0.457000 1 0
-0.663000 -1.218000 -0.567000 9 0
-0.692000 -1.136000 -0.547000 12 0
-0.717000 -1.054000 -0.527000 12 0
-0.493000 -0.959000 -0.439000 1 0
-0.678000 -1.180000 -0.556000 10 0
-0.703000 -1.097000 -0.537000 12 0
-0.725000 -1.016000 -0.518000 12 0
-0.662000 -1.220000 -0.564000 11 0
-0.690000 -1.140000 -0.546000 11 0
-0.713000 -1.058000 -0.527000 12 0
-0.738000 -0.984000 -0.513000 12 0
-0.676000 -1.180000 -0.553000 13 0
-0.701000 -1.100000 -0.535000 11 0
-0.724000 -1.023000 -0.520000 12 0
-0.742000 -0.943000 -0.502000 14 64
-0.688000 -1.139000 -0.540000 13 0
-0.713000 -1.064000 -0.525000 11 0
-0.736000 -0.991000 -0.513000 12 0
-0.756000 -0.917000 -0.500000 15 64
-0.700000 -1.101000 -0.529000 13 0
-0.726000 -1.031000 -0.518000 12 0
-0.742000 -0.953000 -0.503000 14 0
-0.758000 -0.878000 -0.490000 14 64
-0.712000 -1.066000 -0.520000 13 0
-0.731000 -0.990000 -0.506000 14 0
-0.753000 -0.923000 -0.498000 14 0
-0.761000 -0.841000 -0.481000 14 64
-0.722000 -1.029000 -0.509000 12 0
-0.738000 -0.953000 -0.496000 14 0
-0.758000 -0.886000 -0.489000 14 0
-0.769000 -0.812000 -0.477000 14 64
-0.732000 -0.994000 -0.500000 12 0
-0.748000 -0.921000 -0.489000 14 0
-0.763000 -0.852000 -0.481000 14 0
-0.773000 -0.780000 -0.470000 14 64
-0.738000 -0.954000 -0.488000 15 0
-0.755000 -0.887000 -0.480000 14 0
-0.769000 -0.820000 -0.474000 14 0
-0.780000 -0.752000 -0.466000 14 64
-0.746000 -0.920000 -0.479000 15 0
-0.762000 -0.855000 -0.473000 14 0
-0.775000 -0.789000 -0.468000 14 0
-0.788000 -0.725000 -0.462000 14 64
-0.749000 -0.881000 -0.467000 15 0
-0.770000 -0.825000 -0.466000 14 0
-0.783000 -0.762000 -0.463000 17 0
-0.799000 -0.703000 -0.462000 14 64
-0.759000 -0.853000 -0.461000 15 0
-0.775000 -0.793000 -0.458000 14 0
-0.790000 -0.734000 -0.458000 17 0
-0.800000 -0.672000 -0.455000 14 64
-0.766000 -0.821000 -0.453000 15 0
-0.783000 -0.765000 -0.453000 13 0
-0.793000 -0.704000 -0.452000 16 0
-0.809000 -0.648000 -0.453000 15 64
-0.774000 -0.793000 -0.447000 15 0
-0.787000 -0.734000 -0.446000 14 0
-0.799000 -0.677000 -0.448000 17 0
-0.819000 -0.626000 -0.453000 13 64
-0.782000 -0.765000 -0.441000 16 0
-0.797000 -0.710000 -0.443000 13 0
-0.809000 -0.655000 -0.446000 17 0
-0.826000 -0.603000 -0.451000 8 64
-0.790000 -0.737000 -0.435000 16 0
-0.807000 -0.686000 -0.440000 14 0
-0.815000 -0.629000 -0.442000 17 0
-0.823000 -0.572000 -0.444000 6 64
-0.797000 -0.710000 -0.429000 22 0
-0.814000 -0.660000 -0.436000 14 0
-0.812000 -0.598000 -0.434000 14 0
-0.814000 -0.539000 -0.434000 4 64
-0.803000 -0.682000 -0.424000 23 0
-0.820000 -0.635000 -0.432000 14 0
-0.831000 -0.583000 -0.438000 12 0
-0.807000 -0.509000 -0.426000 0 64
-0.810000 -0.657000 -0.419000 23 0
-0.823000 -0.607000 -0.426000 14 0
-0.833000 -0.557000 -0.434000 7 64
-0.834000 -0.500000 -0.436000 1 64
-0.820000 -0.633000 -0.416000 23 0
-0.829000 -0.583000 -0.423000 13 0
-0.833000 -0.530000 -0.429000 5 64
0.000000 -0.000000 -0.000000 0 64
-0.828000 -0.609000 -0.413000 23 0
-0.838000 -0.561000 -0.421000 12 0
-0.838000 -0.507000 -0.426000 5 64
-0.856000 -0.463000 -0.440000 4 64
-0.834000 -0.584000 -0.409000 24 0
-0.835000 -0.531000 -0.414000 12 0
-0.849000 -0.487000 -0.427000 8 0
-0.859000 -0.440000 -0.438000 5 64
-0.838000 -0.558000 -0.404000 24 0
-0.839000 -0.507000 -0.411000 13 0
-0.861000 -0.468000 -0.429000 8 0
-0.873000 -0.422000 -0.442000 9 0
-0.847000 -0.535000 -0.402000 24 0
-0.840000 -0.481000 -0.406000 11 0
-0.859000 -0.442000 -0.424000 12 0
-0.859000 -0.392000 -0.432000 14 0
-0.851000 -0.510000 -0.398000 24 0
-0.859000 -0.466000 -0.410000 14 0
-0.855000 -0.416000 -0.418000 15 0
-0.880000 -0.378000 -0.440000 20 0
-0.662000 -1.220000 -0.564000 11 0
-0.690000 -1.140000 -0.546000 11 0
-0.713000 -1.058000 -0.527000 12 0
-0.738000 -0.984000 -0.513000 12 0
-0.676000 -1.180000 -0.553000 13 0
-0.701000 -1.100000 -0.535000 11 0
-0.724000 -1.023000 -0.520000 12 0
-0.742000 -0.943000 -0.502000 14 64
-0.688000 -1.139000 -0.540000 13 0
-0.713000 -1.064000 -0.525000 11 0
-0.736000 -0.991000 -0.513000 12 0
-0.756000 -0.917000 -0.500000 15 64
-0.700000 -1.101000 -0.529000 13 0
-0.726000 -1.031000 -0.518000 12 0
-0.742000 -0.953000 -0.503000 14 0
-0.758000 -0.878000 -0.490000 14 64
-0.712000 -1.066000 -0.520000 13 0
-0.731000 -0.990000 -0.506000 14 0
-0.753000 -0.923000 -0.498000 14 0
-0.761000 -0.841000 -0.481000 14 64
-0.722000 -1.029000 -0.509000 12 0
-0.738000 -0.953000 -0.496000 14 0
-0.758000 -0.886000 -0.489000 14 0
-0.769000 -0.812000 -0.477000 14 64
-0.732000 -0.994000 -0.500000 12 0
-0.748000 -0.921000 -0.489000 14 0
-0.763000 -0.852000 -0.481000 14 0
-0.773000 -0.780000 -0.470000 14 64
-0.738000 -0.954000 -0.488000 15 0
-0.755000 -0.887000 -0.480000 14 0
-0.769000 -0.820000 -0.474000 14 0
-0.780000 -0.752000 -0.466000 14 64
-0.746000 -0.920000 -0.479000 15 0
-0.762000 -0.855000 -0.473000 14 0
-0.775000 -0.789000 -0.468000 14 0
-0.788000 -0.725000 -0.462000 14 64
-0.749000 -0.881000 -0.467000 15 0
-0.770000 -0.825000 -0.466000 14 0
-0.783000 -0.762000 -0.463000 17 0
-0.799000 -0.703000 -0.462000 14 64
-0.759000 -0.853000 -0.461000 15 0
-0.775000 -0.793000 -0.458000 14 0
-0.790000 -0.734000 -0.458000 17 0
-0.800000 -0.672000 -0.455000 14 64
-0.766000 -0.821000 -0.453000 15 0
-0.783000 -0.765000 -0.453000 13 0
-0.793000 -0.704000 -0.452000 16 0
-0.809000 -0.648000 -0.453000 15 64
-0.774000 -0.793000 -0.447000 15 0
-0.787000 -0.734000 -0.446000 14 0
-0.799000 -0.677000 -0.448000 17 0
-0.819000 -0.626000 -0.453000 13 64
-0.782000 -0.765000 -0.441000 16 0
-0.797000 -0.710000 -0.443000 13 0
-0.809000 -0.655000 -0.446000 17 0
-0.826000 -0.603000 -0.451000 8 64
-0.790000 -0.737000 -0.435000 16 0
-0.807000 -0.686000 -0.440000 14 0
-0.815000 -0.629000 -0.442000 17 0
-0.823000 -0.572000 -0.444000 6 64
-0.797000 -0.710000 -0.429000 22 0
-0.814000 -0.660000 -0.436000 14 0
-0.812000 -0.598000 -0.434000 14 0
-0.814000 -0.539000 -0.434000 4 64
-0.803000 -0.682000 -0.424000 23 0
-0.820000 -0.635000 -0.432000 14 0
-0.831000 -0.583000 -0.438000 12 0
-0.807000 -0.509000 -0.426000 0 64
-0.810000 -0.657000 -0.419000 23 0
-0.823000 -0.607000 -0.426000 14 0
-0.833000 -0.557000 -0.434000 7 64
-0.834000 -0.500000 -0.436000 1 64
-0.820000 -0.633000 -0.416000 23 0
-0.829000 -0.583000 -0.423000 13 0
-0.833000 -0.530000 -0.429000 5 64
0.000000 -0.000000 -0.000000 0 64
-0.828000 -0.609000 -0.413000 23 0
-0.838000 -0.561000 -0.421000 12 0
-0.838000 -0.507000 -0.426000 5 64
-0.856000 -0.463000 -0.440000 4 64
-0.834000 -0.584000 -0.409000 24 0
-0.835000 -0.531000 -0.414000 12 0
-0.849000 -0.487000 -0.427000 8 0
-0.859000 -0.440000 -0.438000 5 64
-0.838000 -0.558000 -0.404000 24 0
-0.839000 -0.507000 -0.411000 13 0
-0.861000 -0.468000 -0.429000 8 0
-0.873000 -0.422000 -0.442000 9 0
-0.847000 -0.535000 -0.402000 24 0
-0.840000 -0.481000 -0.406000 11 0
-0.859000 -0.442000 -0.424000 12 0
-0.859000 -0.392000 -0.432000 14 0
-0.851000 -0.510000 -0.398000 24 0
-0.859000 -0.466000 -0.410000 14 0
-0.855000 -0.416000 -0.418000 15 0
-0.880000 -0.378000 -0.440000 20 0
-0.860000 -0.489000 -0.397000 24 0
-0.870000 -0.446000 -0.411000 14 0
-0.880000 -0.404000 -0.427000 14 0
-0.871000 -0.351000 -0.433000 7 0
-0.867000 -0.466000 -0.395000 24 0
-0.873000 -0.422000 -0.408000 14 0
-0.882000 -0.381000 -0.425000 17 0
0.000000 -0.000000 -0.000000 0 0
-0.872000 -0.443000 -0.392000 24 0
-0.879000 -0.400000 -0.407000 14 0
-0.870000 -0.352000 -0.416000 6 0
0.000000 -0.000000 -0.000000 0 0
-0.879000 -0.420000 -0.391000 23 0
-0.884000 -0.379000 -0.406000 14 0
0.000000 -0.000000 -0.000000 0 0
0.000000 -0.000000 -0.000000 0 0
-0.868000 -0.390000 -0.382000 23 0
-0.795000 -0.319000 -0.362000 0 2
0.000000 -0.000000 -0.000000 0 0
-0.899000 -0.273000 -0.440000 11 0
-0.874000 -0.368000 -0.380000 21 0
0.000000 -0.000000 -0.000000 0 0
0.000000 -0.000000 -0.000000 0 0
-0.904000 -0.253000 -0.441000 22 0
0.000000 -0.000000 -0.000000 0 0
0.000000 -0.000000 -0.000000 0 0
-0.887000 -0.269000 -0.415000 12 0
-0.919000 -0.235000 -0.447000 22 0
0.000000 -0.000000 -0.000000 0 0
0.000000 -0.000000 -0.000000 0 0
-0.915000 -0.255000 -0.426000 17 0
-0.926000 -0.215000 -0.450000 22 0
0.000000 -0.000000 -0.000000 0 0
0.000000 -0.000000 -0.000000 0 0
-0.914000 -0.232000 -0.424000 18 0
-0.929000 -0.195000 -0.451000 23 0
-0.883000 -0.277000 -0.371000 3 0
-0.920000 -0.250000 -0.406000 14 0
-0.905000 -0.208000 -0.419000 16 0
-0.933000 -0.174000 -0.452000 22 0
-0.913000 -0.263000 -0.381000 23 0
-0.926000 -0.229000 -0.406000 14 0
-0.913000 -0.188000 -0.422000 16 0
-0.938000 -0.154000 -0.454000 23 0
-0.916000 -0.240000 -0.380000 22 0
-0.922000 -0.205000 -0.403000 14 0
-0.913000 -0.167000 -0.421000 16 0
-0.943000 -0.133000 -0.457000 23 0
-0.913000 -0.216000 -0.377000 21 0
-0.935000 -0.185000 -0.407000 14 0
-0.920000 -0.147000 -0.423000 16 0
-0.945000 -0.112000 -0.458000 23 0
-0.929000 -0.197000 -0.381000 22 0
-0.939000 -0.164000 -0.408000 14 0
-0.943000 -0.129000 -0.433000 15 0
-0.949000 -0.092000 -0.461000 23 0
-0.921000 -0.172000 -0.376000 21 0
-0.947000 -0.142000 -0.410000 14 0
-0.948000 -0.108000 -0.435000 15 0
-0.951000 -0.071000 -0.462000 22 0
-0.926000 -0.151000 -0.377000 21 0
-0.945000 -0.120000 -0.409000 14 0
-0.949000 -0.086000 -0.436000 15 0
-0.960000 -0.051000 -0.467000 23 0
-0.940000 -0.130000 -0.382000 22 0
-0.950000 -0.098000 -0.410000 14 0
-0.957000 -0.065000 -0.440000 14 0
-0.965000 -0.030000 -0.471000 23 0
-0.943000 -0.107000 -0.382000 22 0
-0.956000 -0.076000 -0.413000 14 0
-0.961000 -0.044000 -0.442000 14 0
-0.969000 -0.009000 -0.474000 23 0
-0.953000 -0.085000 -0.385000 23 0
-0.960000 -0.054000 -0.414000 14 0
-0.966000 -0.022000 -0.445000 14 0
-0.975000 0.011000 -0.478000 24 0
-0.960000 -0.063000 -0.388000 23 0
-0.964000 -0.032000 -0.416000 14 0
-0.966000 -0.001000 -0.446000 14 0
-0.976000 0.032000 -0.480000 24 0
-0.964000 -0.040000 -0.389000 23 0
-0.967000 -0.009000 -0.418000 14 0
-0.974000 0.020000 -0.451000 15 0
-0.981000 0.054000 -0.484000 24 0
-0.971000 -0.017000 -0.392000 23 0
-0.976000 0.012000 -0.422000 14 0
-0.977000 0.042000 -0.453000 15 0
-0.984000 0.075000 -0.488000 23 0
-0.979000 0.005000 -0.396000 23 0
-0.979000 0.035000 -0.425000 15 0
-0.982000 0.065000 -0.457000 15 0
-0.993000 0.098000 -0.495000 23 0
-0.983000 0.029000 -0.397000 23 0
-0.985000 0.058000 -0.428000 15 0
-0.982000 0.087000 -0.459000 18 0
-0.993000 0.120000 -0.497000 23 0
-0.860000 -0.489000 -0.397000 24 0
-0.870000 -0.446000 -0.411000 14 0
-0.880000 -0.404000 -0.427000 14 0
-0.871000 -0.351000 -0.433000 7 0
-0.867000 -0.466000 -0.395000 24 0
-0.873000 -0.422000 -0.408000 14 0
-0.882000 -0.381000 -0.425000 17 0
0.000000 -0.000000 -0.000000 0 0
-0.872000 -0.443000 -0.392000 24 0
-0.879000 -0.400000 -0.407000 14 0
-0.870000 -0.352000 -0.416000 6 0
0.000000 -0.000000 -0.000000 0 0
-0.879000 -0.420000 -0.391000 23 0
-0.884000 -0.379000 -0.406000 14 0
0.000000 -0.000000 -0.000000 0 0
0.000000 -0.000000 -0.000000 0 0
-0.868000 -0.390000 -0.382000 23 0
-0.795000 -0.319000 -0.362000 0 2
0.000000 -0.000000 -0.000000 0 0
-0.899000 -0.273000 -0.440000 11 0
-0.874000 -0.368000 -0.380000 21 0
0.000000 -0.000000 -0.000000 0 0
0.000000 -0.000000 -0.000000 0 0
-0.904000 -0.253000 -0.441000 22 0
0.000000 -0.000000 -0.000000 0 0
0.000000 -0.000000 -0.000000 0 0
-0.887000 -0.269000 -0.415000 12 0
-0.919000 -0.235000 -0.447000 22 0
0.000000 -0.000000 -0.000000 0 0
0.000000 -0.000000 -0.000000 0 0
-0.915000 -0.255000 -0.426000 17 0
-0.926000 -0.215000 -0.450000 22 0
0.000000 -0.000000 -0.000000 0 0
0.000000 -0.000000 -0.000000 0 0
-0.914000 -0.232000 -0.424000 18 0
-0.929000 -0.195000 -0.451000 23 0
-0.883000 -0.277000 -0.371000 3 0
-0.920000 -0.250000 -0.406000 14 0
-0.905000 -0.208000 -0.419000 16 0
-0.933000 -0.174000 -0.452000 22 0
-0.913000 -0.263000 -0.381000 23 0
-0.926000 -0.229000 -0.406000 14 0
-0.913000 -0.188000 -0.422000 16 0
-0.938000 -0.154000 -0.454000 23 0
-0.916000 -0.240000 -0.380000 22 0
-0.922000 -0.205000 -0.403000 14 0
-0.913000 -0.167000 -0.421000 16 0
-0.943000 -0.133000 -0.457000 23 0
-0.913000 -0.216000 -0.377000 21 0
-0.935000 -0.185000 -0.407000 14 0
-0.920000 -0.147000 -0.423000 16 0
-0.945000 -0.112000 -0.458000 23 0
-0.929000 -0.197000 -0.381000 22 0
-0.939000 -0.164000 -0.408000 14 0
-0.943000 -0.129000 -0.433000 15 0
-0.949000 -0.092000 -0.461000 23 0
-0.921000 -0.172000 -0.376000 21 0
-0.947000 -0.142000 -0.410000 14 0
-0.948000 -0.108000 -0.435000 15 0
-0.951000 -0.071000 -0.462000 22 0
-0.926000 -0.151000 -0.377000 21 0
-0.945000 -0.120000 -0.409000 14 0
-0.949000 -0.086000 -0.436000 15 0
-0.960000 -0.051000 -0.467000 23 0
-0.940000 -0.130000 -0.382000 22 0
-0.950000 -0.098000 -0.410000 14 0
-0.957000 -0.065000 -0.440000 14 0
-0.965000 -0.030000 -0.471000 23 0
-0.943000 -0.107000 -0.382000 22 0
-0.956000 -0.076000 -0.413000 14 0
-0.961000 -0.044000 -0.442000 14 0
-0.969000 -0.009000 -0.474000 23 0
-0.953000 -0.085000 -0.385000 23 0
-0.960000 -0.054000 -0.414000 14 0
-0.966000 -0.022000 -0.445000 14 0
-0.975000 0.011000 -0.478000 24 0
-0.960000 -0.063000 -0.388000 23 0
-0.964000 -0.032000 -0.416000 14 0
-0.966000 -0.001000 -0.446000 14 0
-0.976000 0.032000 -0.480000 24 0
-0.964000 -0.040000 -0.389000 23 0
-0.967000 -0.009000 -0.418000 14 0
-0.974000 0.020000 -0.451000 15 0
-0.981000 0.054000 -0.484000 24 0
-0.971000 -0.017000 -0.392000 23 0
-0.976000 0.012000 -0.422000 14 0
-0.977000 0.042000 -0.453000 15 0
-0.984000 0.075000 -0.488000 23 0
-0.979000 0.005000 -0.396000 23 0
-0.979000 0.035000 -0.425000 15 0
-0.982000 0.065000 -0.457000 15 0
-0.993000 0.098000 -0.495000 23 0
-0.983000 0.029000 -0.397000 23 0
-0.985000 0.058000 -0.428000 15 0
-0.982000 0.087000 -0.459000 18 0
-0.993000 0.120000 -0.497000 23 0
-0.989000 0.053000 -0.401000 24 0
-0.990000 0.081000 -0.432000 14 0
-0.992000 0.110000 -0.466000 18 0
-0.996000 0.142000 -0.502000 22 0
-0.992000 0.077000 -0.403000 24 0
-0.996000 0.105000 -0.436000 14 0
-0.994000 0.133000 -0.469000 18 0
-1.000000 0.165000 -0.507000 22 0
-0.994000 0.101000 -0.405000 24 0
-0.997000 0.129000 -0.439000 14 0
-0.994000 0.156000 -0.471000 14 0
-0.995000 0.186000 -0.507000 18 0
-0.996000 0.126000 -0.407000 24 0
-1.005000 0.154000 -0.444000 14 0
-1.002000 0.180000 -0.478000 14 0
-0.995000 0.208000 -0.511000 2 0
-1.005000 0.152000 -0.413000 24 0
-1.006000 0.178000 -0.447000 14 0
-0.992000 0.201000 -0.476000 2 0
-1.002000 0.232000 -0.518000 2 0
-1.007000 0.177000 -0.416000 24 0
-0.993000 0.200000 -0.444000 2 0
-1.002000 0.227000 -0.484000 2 0
-1.090000 0.277000 -0.568000 2 0
-0.994000 0.199000 -0.413000 2 0
-1.006000 0.227000 -0.453000 2 0
-1.084000 0.271000 -0.528000 2 0
-1.096000 0.304000 -0.575000 2 0
-1.004000 0.227000 -0.420000 2 0
-1.096000 0.274000 -0.497000 2 0
-1.103000 0.302000 -0.541000 2 0
-1.099000 0.331000 -0.582000 2 0
-1.100000 0.276000 -0.463000 2 0
-1.105000 0.304000 -0.505000 2 0
-1.099000 0.328000 -0.544000 2 0
-1.104000 0.358000 -0.590000 1 0
-1.099000 0.305000 -0.467000 1 0
-1.108000 0.333000 -0.511000 2 0
-1.108000 0.358000 -0.553000 1 0
-1.114000 0.388000 -0.601000 1 0
-1.110000 0.337000 -0.475000 2 0
-1.111000 0.362000 -0.517000 1 0
-1.116000 0.388000 -0.562000 1 0
-1.119000 0.417000 -0.609000 1 0
-1.112000 0.367000 -0.480000 1 0
-1.126000 0.396000 -0.529000 2 0
-1.120000 0.418000 -0.570000 1 0
-1.118000 0.444000 -0.615000 1 0
-1.126000 0.402000 -0.491000 2 0
-1.128000 0.426000 -0.535000 2 0
-1.127000 0.450000 -0.580000 1 0
-1.137000 0.480000 -0.632000 1 0
-1.132000 0.435000 -0.499000 2 0
-1.133000 0.459000 -0.544000 1 0
-1.137000 0.483000 -0.591000 1 0
-1.139000 0.510000 -0.641000 10 0
-1.132000 0.467000 -0.505000 2 0
-1.139000 0.492000 -0.553000 2 0
-1.153000 0.521000 -0.606000 1 0
-1.146000 0.542000 -0.652000 1 0
-1.141000 0.503000 -0.515000 2 0
-1.150000 0.529000 -0.565000 1 0
-1.153000 0.552000 -0.614000 1 0
-1.147000 0.573000 -0.660000 7 0
-1.145000 0.538000 -0.524000 1 0
-1.155000 0.565000 -0.575000 2 0
-1.160000 0.588000 -0.625000 1 0
-1.161000 0.612000 -0.677000 1 0
-1.157000 0.579000 -0.536000 2 0
-1.165000 0.604000 -0.588000 1 0
-1.169000 0.626000 -0.639000 1 0
-1.166000 0.646000 -0.689000 7 0
-1.173000 0.623000 -0.552000 2 0
-1.175000 0.644000 -0.601000 1 0
-1.167000 0.658000 -0.647000 9 0
-1.182000 0.689000 -0.708000 1 0
-1.174000 0.660000 -0.561000 8 0
-1.174000 0.679000 -0.610000 7 0
-1.186000 0.704000 -0.667000 1 0
-1.186000 0.725000 -0.720000 6 0
-1.186000 0.705000 -0.576000 1 0
-1.200000 0.732000 -0.633000 1 0
-1.187000 0.741000 -0.677000 7 0
-1.196000 0.767000 -0.737000 1 0
-1.189000 0.747000 -0.587000 9 0
-1.193000 0.767000 -0.640000 7 0
-1.208000 0.792000 -0.700000 1 0
-1.198000 0.805000 -0.750000 6 0
-1.207000 0.799000 -0.607000 1 0
-1.217000 0.823000 -0.664000 1 0
-1.203000 0.828000 -0.710000 6 0
-1.203000 0.845000 -0.765000 6 0
-1.211000 0.845000 -0.620000 8 0
-1.206000 0.857000 -0.670000 6 0
-1.212000 0.875000 -0.727000 6 0
-1.218000 0.895000 -0.787000 7 0
-0.989000 0.053000 -0.401000 24 0
-0.990000 0.081000 -0.432000 14 0
-0.992000 0.110000 -0.466000 18 0
-0.996000 0.142000 -0.502000 22 0
-0.992000 0.077000 -0.403000 24 0
-0.996000 0.105000 -0.436000 14 0
-0.994000 0.133000 -0.469000 18 0
-1.000000 0.165000 -0.507000 22 0
-0.994000 0.101000 -0.405000 24 0
-0.997000 0.129000 -0.439000 14 0
-0.994000 0.156000 -0.471000 14 0
-0.995000 0.186000 -0.507000 18 0
-0.996000 0.126000 -0.407000 24 0
-1.005000 0.154000 -0.444000 14 0
-1.002000 0.180000 -0.478000 14 0
-0.995000 0.208000 -0.511000 2 0
-1.005000 0.152000 -0.413000 24 0
-1.006000 0.178000 -0.447000 14 0
-0.992000 0.201000 -0.476000 2 0
-1.002000 0.232000 -0.518000 2 0
-1.007000 0.177000 -0.416000 24 0
-0.993000 0.200000 -0.444000 2 0
-1.002000 0.227000 -0.484000 2 0
-1.090000 0.277000 -0.568000 2 0
-0.994000 0.199000 -0.413000 2 0
-1.006000 0.227000 -0.453000 2 0
-1.084000 0.271000 -0.528000 2 0
-1.096000 0.304000 -0.575000 2 0
-1.004000 0.227000 -0.420000 2 0
-1.096000 0.274000 -0.497000 2 0
-1.103000 0.302000 -0.541000 2 0
-1.099000 0.331000 -0.582000 2 0
-1.100000 0.276000 -0.463000 2 0
-1.105000 0.304000 -0.505000 2 0
-1.099000 0.328000 -0.544000 2 0
-1.104000 0.358000 -0.590000 1 0
-1.099000 0.305000 -0.467000 1 0
-1.108000 0.333000 -0.511000 2 0
-1.108000 0.358000 -0.553000 1 0
-1.114000 0.388000 -0.601000 1 0
-1.110000 0.337000 -0.475000 2 0
-1.111000 0.362000 -0.517000 1 0
-1.116000 0.388000 -0.562000 1 0
-1.119000 0.417000 -0.609000 1 0
-1.112000 0.367000 -0.480000 1 0
-1.126000 0.396000 -0.529000 2 0
-1.120000 0.418000 -0.570000 1 0
-1.118000 0.444000 -0.615000 1 0
-1.126000 0.402000 -0.491000 2 0
-1.128000 0.426000 -0.535000 2 0
-1.127000 0.450000 -0.580000 1 0
-1.137000 0.480000 -0.632000 1 0
-1.132000 0.435000 -0.499000 2 0
-1.133000 0.459000 -0.544000 1 0
-1.137000 0.483000 -0.591000 1 0
-1.139000 0.510000 -0.641000 10 0
-1.132000 0.467000 -0.505000 2 0
-1.139000 0.492000 -0.553000 2 0
-1.153000 0.521000 -0.606000 1 0
-1.146000 0.542000 -0.652000 1 0
-1.141000 0.503000 -0.515000 2 0
-1.150000 0.529000 -0.565000 1 0
-1.153000 0.552000 -0.614000 1 0
-1.147000 0.573000 -0.660000 7 0
-1.145000 0.538000 -0.524000 1 0
-1.155000 0.565000 -0.575000 2 0
-1.160000 0.588000 -0.625000 1 0
-1.161000 0.612000 -0.677000 1 0
-1.157000 0.579000 -0.536000 2 0
-1.165000 0.604000 -0.588000 1 0
-1.169000 0.626000 -0.639000 1 0
-1.166000 0.646000 -0.689000 7 0
-1.173000 0.623000 -0.552000 2 0
-1.175000 0.644000 -0.601000 1 0
-1.167000 0.658000 -0.647000 9 0
-1.182000 0.689000 -0.708000 1 0
-1.174000 0.660000 -0.561000 8 0
-1.174000 0.679000 -0.610000 7 0
-1.186000 0.704000 -0.667000 1 0
-1.186000 0.725000 -0.720000 6 0
-1.186000 0.705000 -0.576000 1 0
-1.200000 0.732000 -0.633000 1 0
-1.187000 0.741000 -0.677000 7 0
-1.196000 0.767000 -0.737000 1 0
-1.189000 0.747000 -0.587000 9 0
-1.193000 0.767000 -0.640000 7 0
-1.208000 0.792000 -0.700000 1 0
-1.198000 0.805000 -0.750000 6 0
-1.207000 0.799000 -0.607000 1 0
-1.217000 0.823000 -0.664000 1 0
-1.203000 0.828000 -0.710000 6 0
-1.203000 0.845000 -0.765000 6 0
-1.211000 0.845000 -0.620000 8 0
-1.206000 0.857000 -0.670000 6 0
-1.212000 0.875000 -0.727000 6 0
-1.218000 0.895000 -0.787000 7 0
-1.237000 0.908000 -0.646000 1 0
-1.223000 0.912000 -0.692000 7 0
-1.221000 0.923000 -0.745000 6 0
-1.220000 0.938000 -0.803000 7 0
-1.230000 0.949000 -0.655000 7 0
-1.235000 0.966000 -0.713000 7 0
-1.233000 0.976000 -0.767000 6 0
-1.232000 0.990000 -0.825000 9 0
-1.214000 0.986000 -0.661000 8 0
-1.208000 0.992000 -0.712000 9 0
-1.198000 0.992000 -0.760000 7 0
-1.190000 0.998000 -0.812000 9 0
-1.175000 1.002000 -0.654000 9 0
-1.164000 1.002000 -0.701000 7 0
-1.160000 1.005000 -0.751000 6 0
-1.158000 1.014000 -0.805000 6 0
-1.179000 1.056000 -0.673000 7 0
-1.185000 1.069000 -0.730000 12 0
-1.195000 1.083000 -0.790000 30 0
-1.192000 1.090000 -0.846000 50 0
-1.207000 1.134000 -0.705000 48 0
-1.209000 1.142000 -0.762000 51 0
-1.207000 1.144000 -0.816000 50 0
-1.206000 1.151000 -0.874000 50 0
-1.231000 1.214000 -0.738000 47 0
-1.225000 1.213000 -0.791000 59 0
-1.222000 1.211000 -0.845000 50 0
-1.219000 1.213000 -0.902000 49 0
-1.244000 1.288000 -0.767000 54 0
-1.244000 1.290000 -0.824000 47 0
-1.240000 1.285000 -0.878000 45 0
-1.233000 1.281000 -0.933000 45 0
-1.262000 1.372000 -0.800000 47 0
-1.259000 1.368000 -0.857000 51 0
-1.255000 1.359000 -0.911000 46 0
-1.252000 1.357000 -0.970000 45 0
-1.282000 1.463000 -0.837000 43 0
-1.276000 1.453000 -0.893000 44 0
-1.272000 1.442000 -0.948000 49 0
-1.265000 1.431000 -1.004000 44 0
-1.304000 1.563000 -0.878000 47 0
-1.297000 1.548000 -0.934000 43 0
-1.291000 1.531000 -0.988000 45 0
-1.286000 1.519000 -1.046000 48 0
-1.321000 1.663000 -0.919000 0 0
-1.315000 1.646000 -0.976000 57 0
-1.312000 1.627000 -1.033000 47 0
-1.301000 1.604000 -1.087000 44 0
-1.758000 2.327000 -1.265000 12 0
-1.645000 2.159000 -1.260000 15 0
-1.556000 2.020000 -1.262000 16 0
-1.464000 1.885000 -1.256000 16 0
-1.692000 2.356000 -1.262000 12 0
-1.587000 2.188000 -1.258000 16 0
-1.498000 2.037000 -1.252000 16 0
-1.423000 1.917000 -1.257000 17 0
-1.624000 2.380000 -1.257000 17 0
-1.530000 2.215000 -1.255000 16 0
-1.451000 2.068000 -1.253000 16 0
-1.382000 1.946000 -1.257000 17 0
-1.558000 2.407000 -1.255000 17 0
-1.476000 2.246000 -1.255000 15 0
-1.403000 2.098000 -1.253000 16 0
-1.339000 1.973000 -1.256000 18 0
-1.493000 2.433000 -1.253000 16 0
-1.416000 2.267000 -1.251000 15 0
-1.354000 2.125000 -1.252000 16 0
-1.291000 1.993000 -1.251000 18 0
-1.421000 2.446000 -1.246000 17 0
-1.359000 2.293000 -1.250000 16 0
-1.305000 2.152000 -1.252000 16 0
-1.246000 2.016000 -1.249000 18 0
-1.359000 2.476000 -1.247000 17 0
-1.300000 2.314000 -1.247000 17 0
-1.252000 2.173000 -1.248000 16 0
-1.202000 2.041000 -1.248000 19 0
-1.293000 2.496000 -1.245000 17 0
-1.238000 2.328000 -1.241000 15 0
-1.196000 2.187000 -1.242000 16 0
-1.154000 2.058000 -1.244000 17 0
-1.221000 2.504000 -1.237000 16 0
-1.183000 2.354000 -1.243000 16 0
-1.145000 2.209000 -1.242000 16 0
-1.109000 2.082000 -1.244000 17 0
-1.156000 2.523000 -1.237000 14 0
-1.121000 2.367000 -1.238000 14 0
-1.093000 2.228000 -1.239000 15 0
-1.063000 2.103000 -1.242000 19 0
-1.089000 2.535000 -1.233000 14 0
-1.063000 2.384000 -1.236000 13 0
-1.039000 2.244000 -1.236000 15 0
-1.018000 2.124000 -1.241000 18 0
-1.022000 2.546000 -1.230000 14 0
-1.003000 2.397000 -1.233000 14 0
-0.986000 2.259000 -1.233000 15 0
-0.970000 2.140000 -1.238000 19 0
-1.237000 0.908000 -0.646000 1 0
-1.223000 0.912000 -0.692000 7 0
-1.221000 0.923000 -0.745000 6 0
-1.220000 0.938000 -0.803000 7 0
-1.230000 0.949000 -0.655000 7 0
-1.235000 0.966000 -0.713000 7 0
-1.233000 0.976000 -0.767000 6 0
-1.232000 0.990000 -0.825000 9 0
-1.214000 0.986000 -0.661000 8 0
-1.208000 0.992000 -0.712000 9 0
-1.198000 0.992000 -0.760000 7 0
-1.190000 0.998000 -0.812000 9 0
-1.175000 1.002000 -0.654000 9 0
-1.164000 1.002000 -0.701000 7 0
-1.160000 1.005000 -0.751000 6 0
-1.158000 1.014000 -0.805000 6 0
-1.179000 1.056000 -0.673000 7 0
-1.185000 1.069000 -0.730000 12 0
-1.195000 1.083000 -0.790000 30 0
-1.192000 1.090000 -0.846000 50 0
-1.207000 1.134000 -0.705000 48 0
-1.209000 1.142000 -0.762000 51 0
-1.207000 1.144000 -0.816000 50 0
-1.206000 1.151000 -0.874000 50 0
-1.231000 1.214000 -0.738000 47 0
-1.225000 1.213000 -0.791000 59 0
-1.222000 1.211000 -0.845000 50 0
-1.219000 1.213000 -0.902000 49 0
-1.244000 1.288000 -0.767000 54 0
-1.244000 1.290000 -0.824000 47 0
-1.240000 1.285000 -0.878000 45 0
-1.233000 1.281000 -0.933000 45 0
-1.262000 1.372000 -0.800000 47 0
-1.259000 1.368000 -0.857000 51 0
-1.255000 1.359000 -0.911000 46 0
-1.252000 1.357000 -0.970000 45 0
-1.282000 1.463000 -0.837000 43 0
-1.276000 1.453000 -0.893000 44 0
-1.272000 1.442000 -0.948000 49 0
-1.265000 1.431000 -1.004000 44 0
-1.304000 1.563000 -0.878000 47 0
-1.297000 1.548000 -0.934000 43 0
-1.291000 1.531000 -0.988000 45 0
-1.286000 1.519000 -1.046000 48 0
-1.321000 1.663000 -0.919000 0 0
-1.315000 1.646000 -0.976000 57 0
-1.312000 1.627000 -1.033000 47 0
-1.301000 1.604000 -1.087000 44 0
-1.758000 2.327000 -1.265000 12 0
-1.645000 2.159000 -1.260000 15 0
-1.556000 2.020000 -1.262000 16 0
-1.464000 1.885000 -1.256000 16 0
-1.692000 2.356000 -1.262000 12 0
-1.587000 2.188000 -1.258000 16 0
-1.498000 2.037000 -1.252000 16 0
-1.423000 1.917000 -1.257000 17 0
-1.624000 2.380000 -1.257000 17 0
-1.530000 2.215000 -1.255000 16 0
-1.451000 2.068000 -1.253000 16 0
-1.382000 1.946000 -1.257000 17 0
-1.558000 2.407000 -1.255000 17 0
-1.476000 2.246000 -1.255000 15 0
-1.403000 2.098000 -1.253000 16 0
-1.339000 1.973000 -1.256000 18 0
-1.493000 2.433000 -1.253000 16 0
-1.416000 2.267000 -1.251000 15 0
-1.354000 2.125000 -1.252000 16 0
-1.291000 1.993000 -1.251000 18 0
-1.421000 2.446000 -1.246000 17 0
-1.359000 2.293000 -1.250000 16 0
-1.305000 2.152000 -1.252000 16 0
-1.246000 2.016000 -1.249000 18 0
-1.359000 2.476000 -1.247000 17 0
-1.300000 2.314000 -1.247000 17 0
-1.252000 2.173000 -1.248000 16 0
-1.202000 2.041000 -1.248000 19 0
-1.293000 2.496000 -1.245000 17 0
-1.238000 2.328000 -1.241000 15 0
-1.196000 2.187000 -1.242000 16 0
-1.154000 2.058000 -1.244000 17 0
-1.221000 2.504000 -1.237000 16 0
-1.183000 2.354000 -1.243000 16 0
-1.145000 2.209000 -1.242000 16 0
-1.109000 2.082000 -1.244000 17 0
-1.156000 2.523000 -1.237000 14 0
-1.121000 2.367000 -1.238000 14 0
-1.093000 2.228000 -1.239000 15 0
-1.063000 2.103000 -1.242000 19 0
-1.089000 2.535000 -1.233000 14 0
-1.063000 2.384000 -1.236000 13 0
-1.039000 2.244000 -1.236000 15 0
-1.018000 2.124000 -1.241000 18 0
-1.022000 2.546000 -1.230000 14 0
-1.003000 2.397000 -1.233000 14 0
-0.986000 2.259000 -1.233000 15 0
-0.970000 2.140000 -1.238000 19 0
-0.956000 2.558000 -1.228000 14 0
-0.945000 2.415000 -1.234000 14 0
-0.934000 2.277000 -1.232000 15 0
-0.920000 2.152000 -1.233000 17 0
-0.892000 2.574000 -1.230000 14 0
-0.885000 2.424000 -1.229000 15 0
-0.882000 2.293000 -1.231000 15 0
-0.875000 2.174000 -1.235000 20 0
-0.821000 2.567000 -1.220000 14 0
-0.827000 2.439000 -1.230000 16 0
-0.828000 2.306000 -1.229000 15 0
-0.826000 2.186000 -1.231000 19 0
-0.758000 2.581000 -1.222000 15 0
-0.767000 2.447000 -1.227000 17 0
-0.773000 2.315000 -1.225000 15 0
-0.779000 2.203000 -1.230000 18 0
-0.693000 2.587000 -1.221000 18 0
-0.707000 2.456000 -1.225000 18 0
-0.720000 2.327000 -1.224000 15 0
-0.730000 2.216000 -1.228000 18 0
-0.626000 2.585000 -1.216000 18 0
-0.646000 2.454000 -1.219000 19 0
-0.667000 2.336000 -1.221000 15 0
-0.682000 2.229000 -1.226000 17 0
-0.562000 2.592000 -1.217000 20 0
-0.589000 2.466000 -1.221000 19 0
-0.613000 2.347000 -1.220000 17 0
-0.634000 2.244000 -1.226000 18 0
-0.498000 2.590000 -1.214000 20 0
-0.529000 2.465000 -1.216000 20 0
-0.559000 2.353000 -1.218000 19 0
-0.585000 2.255000 -1.224000 16 0
-0.435000 2.595000 -1.215000 21 0
-0.472000 2.477000 -1.219000 18 0
-0.506000 2.362000 -1.217000 18 0
-0.536000 2.268000 -1.224000 16 0
-0.370000 2.590000 -1.213000 20 0
-0.413000 2.476000 -1.216000 20 0
-0.452000 2.366000 -1.214000 19 0
-0.487000 2.277000 -1.222000 17 0
-0.307000 2.587000 -1.212000 20 0
-0.353000 2.470000 -1.211000 21 0
-0.400000 2.378000 -1.216000 21 0
-0.438000 2.288000 -1.222000 18 0
-0.244000 2.578000 -1.209000 20 0
-0.296000 2.474000 -1.211000 20 0
-0.345000 2.378000 -1.213000 20 0
-0.387000 2.288000 -1.216000 17 0
-0.182000 2.568000 -1.206000 4 0
-0.238000 2.467000 -1.208000 21 0
-0.291000 2.378000 -1.210000 20 0
-0.338000 2.299000 -1.217000 19 0
0.000000 -0.000000 -0.000000 0 0
-0.181000 2.465000 -1.207000 8 0
-0.238000 2.379000 -1.209000 18 0
-0.288000 2.302000 -1.214000 17 0
0.000000 -0.000000 -0.000000 0 128
0.000000 -0.000000 -0.000000 0 0
-0.185000 2.387000 -1.210000 9 0
-0.238000 2.309000 -1.214000 16 0
0.000000 -0.000000 -0.000000 0 128
0.000000 -0.000000 -0.000000 0 128
0.000000 -0.000000 -0.000000 0 0
-0.187000 2.307000 -1.209000 15 0
0.000000 -0.000000 -0.000000 0 128
0.000000 -0.000000 -0.000000 0 128
0.000000 -0.000000 -0.000000 0 128
0.000000 -0.000000 -0.000000 0 0
0.000000 -0.000000 -0.000000 0 128
0.000000 -0.000000 -0.000000 0 128
0.000000 -0.000000 -0.000000 0 128
0.000000 -0.000000 -0.000000 0 0
0.000000 -0.000000 -0.000000 0 192
0.000000 -0.000000 -0.000000 0 128
0.000000 -0.000000 -0.000000 0 128
0.000000 -0.000000 -0.000000 0 128
0.163000 1.713000 -0.827000 2 0
0.000000 -0.000000 -0.000000 0 128
0.000000 -0.000000 -0.000000 0 128
0.000000 -0.000000 -0.000000 0 128
0.191000 1.607000 -0.780000 17 0
0.154000 1.758000 -0.874000 0 0
0.000000 -0.000000 -0.000000 0 128
0.000000 -0.000000 -0.000000 0 128
0.221000 1.547000 -0.756000 52 0
0.182000 1.648000 -0.823000 11 0
0.000000 -0.000000 -0.000000 0 128
0.000000 -0.000000 -0.000000 0 128
0.260000 1.559000 -0.767000 46 0
0.207000 1.548000 -0.776000 34 0
0.000000 -0.000000 -0.000000 0 128
0.000000 -0.000000 -0.000000 0 128
0.299000 1.565000 -0.776000 45 0
0.243000 1.550000 -0.782000 47 0
0.194000 1.569000 -0.803000 27 0
0.160000 1.722000 -0.897000 1 0
-0.956000 2.558000 -1.228000 14 0
-0.945000 2.415000 -1.234000 14 0
-0.934000 2.277000 -1.232000 15 0
-0.920000 2.152000 -1.233000 17 0
-0.892000 2.574000 -1.230000 14 0
-0.885000 2.424000 -1.229000 15 0
-0.882000 2.293000 -1.231000 15 0
-0.875000 2.174000 -1.235000 20 0
-0.821000 2.567000 -1.220000 14 0
-0.827000 2.439000 -1.230000 16 0
-0.828000 2.306000 -1.229000 15 0
-0.826000 2.186000 -1.231000 19 0
-0.758000 2.581000 -1.222000 15 0
-0.767000 2.447000 -1.227000 17 0
-0.773000 2.315000 -1.225000 15 0
-0.779000 2.203000 -1.230000 18 0
-0.693000 2.587000 -1.221000 18 0
-0.707000 2.456000 -1.225000 18 0
-0.720000 2.327000 -1.224000 15 0
-0.730000 2.216000 -1.228000 18 0
-0.626000 2.585000 -1.216000 18 0
-0.646000 2.454000 -1.219000 19 0
-0.667000 2.336000 -1.221000 15 0
-0.682000 2.229000 -1.226000 17 0
-0.562000 2.592000 -1.217000 20 0
-0.589000 2.466000 -1.221000 19 0
-0.613000 2.347000 -1.220000 17 0
-0.634000 2.244000 -1.226000 18 0
-0.498000 2.590000 -1.214000 20 0
-0.529000 2.465000 -1.216000 20 0
-0.559000 2.353000 -1.218000 19 0
-0.585000 2.255000 -1.224000 16 0
-0.435000 2.595000 -1.215000 21 0
-0.472000 2.477000 -1.219000 18 0
-0.506000 2.362000 -1.217000 18 0
-0.536000 2.268000 -1.224000 16 0
-0.370000 2.590000 -1.213000 20 0
-0.413000 2.476000 -1.216000 20 0
-0.452000 2.366000 -1.214000 19 0
-0.487000 2.277000 -1.222000 17 0
-0.307000 2.587000 -1.212000 20 0
-0.353000 2.470000 -1.211000 21 0
-0.400000 2.378000 -1.216000 21 0
-0.438000 2.288000 -1.222000 18 0
-0.244000 2.578000 -1.209000 20 0
-0.296000 2.474000 -1.211000 20 0
-0.345000 2.378000 -1.213000 20 0
-0.387000 2.288000 -1.216000 17 0
-0.182000 2.568000 -1.206000 4 0
-0.238000 2.467000 -1.208000 21 0
-0.291000 2.378000 -1.210000 20 0
-0.338000 2.299000 -1.217000 19 0
0.000000 -0.000000 -0.000000 0 0
-0.181000 2.465000 -1.207000 8 0
-0.238000 2.379000 -1.209000 18 0
-0.288000 2.302000 -1.214000 17 0
0.000000 -0.000000 -0.000000 0 128
0.000000 -0.000000 -0.000000 0 0
-0.185000 2.387000 -1.210000 9 0
-0.238000 2.309000 -1.214000 16 0
0.000000 -0.000000 -0.000000 0 128
0.000000 -0.000000 -0.000000 0 128
0.000000 -0.000000 -0.000000 0 0
-0.187000 2.307000 -1.209000 15 0
0.000000 -0.000000 -0.000000 0 128
0.000000 -0.000000 -0.000000 0 128
0.000000 -0.000000 -0.000000 0 128
0.000000 -0.000000 -0.000000 0 0
0.000000 -0.000000 -0.000000 0 128
0.000000 -0.000000 -0.000000 0 128
0.000000 -0.000000 -0.000000 0 128
0.000000 -0.000000 -0.000000 0 0
0.000000 -0.000000 -0.000000 0 192
0.000000 -0.000000 -0.000000 0 128
0.000000 -0.000000 -0.000000 0 128
0.000000 -0.000000 -0.000000 0 128
0.163000 1.713000 -0.827000 2 0
0.000000 -0.000000 -0.000000 0 128
0.000000 -0.000000 -0.000000 0 128
0.000000 -0.000000 -0.000000 0 128
0.191000 1.607000 -0.780000 17 0
0.154000 1.758000 -0.874000 0 0
0.000000 -0.000000 -0.000000 0 128
0.000000 -0.000000 -0.000000 0 128
0.221000 1.547000 -0.756000 52 0
0.182000 1.648000 -0.823000 11 0
0.000000 -0.000000 -0.000000 0 128
0.000000 -0.000000 -0.000000 0 128
0.260000 1.559000 -0.767000 46 0
0.207000 1.548000 -0.776000 34 0
0.000000 -0.000000 -0.000000 0 128
0.000000 -0.000000 -0.000000 0 128
0.299000 1.565000 -0.776000 45 0
0.243000 1.550000 -0.782000 47 0
0.194000 1.569000 -0.803000 27 0
0.160000 1.722000 -0.897000 1 0
0.341000 1.579000 -0.790000 44 0
0.282000 1.560000 -0.792000 45 0
0.226000 1.542000 -0.792000 56 0
0.187000 1.629000 -0.849000 15 0
0.382000 1.586000 -0.801000 42 0
0.322000 1.574000 -0.804000 43 0
0.264000 1.556000 -0.802000 50 0
0.212000 1.546000 -0.807000 44 0
0.423000 1.595000 -0.812000 40 0
0.362000 1.586000 -0.816000 41 0
0.300000 1.559000 -0.807000 40 0
0.248000 1.553000 -0.812000 45 0
0.470000 1.615000 -0.831000 38 0
0.402000 1.593000 -0.825000 38 0
0.341000 1.577000 -0.821000 38 0
0.285000 1.564000 -0.820000 40 0
0.525000 1.660000 -0.864000 45 0
0.452000 1.632000 -0.852000 54 0
0.382000 1.596000 -0.835000 45 0
0.323000 1.575000 -0.828000 44 0
0.572000 1.672000 -0.880000 42 0
0.499000 1.654000 -0.871000 47 0
0.432000 1.640000 -0.863000 49 0
0.364000 1.594000 -0.842000 48 0
0.618000 1.679000 -0.894000 47 0
0.544000 1.665000 -0.885000 44 0
0.475000 1.654000 -0.876000 45 0
0.411000 1.634000 -0.866000 50 0
0.660000 1.670000 -0.901000 46 0
0.589000 1.673000 -0.898000 46 0
0.518000 1.661000 -0.886000 47 0
0.454000 1.651000 -0.879000 47 0
0.629000 1.489000 -0.813000 9 2
0.635000 1.681000 -0.911000 42 0
0.563000 1.672000 -0.899000 44 0
0.495000 1.655000 -0.886000 47 0
0.671000 1.491000 -0.826000 12 0
0.641000 1.587000 -0.870000 74 0
0.606000 1.676000 -0.908000 46 0
0.538000 1.663000 -0.895000 47 0
0.685000 1.433000 -0.805000 14 0
0.629000 1.460000 -0.809000 11 0
0.653000 1.684000 -0.921000 44 0
0.581000 1.670000 -0.904000 47 0
0.714000 1.408000 -0.803000 16 0
0.657000 1.435000 -0.805000 16 0
0.613000 1.482000 -0.818000 11 0
0.629000 1.685000 -0.918000 47 0
0.758000 1.415000 -0.819000 29 0
0.688000 1.416000 -0.805000 17 0
0.637000 1.448000 -0.807000 14 0
0.648000 1.625000 -0.892000 75 0
1.114000 1.969000 -1.159000 14 0
0.723000 1.406000 -0.809000 18 0
0.667000 1.427000 -0.804000 18 0
0.622000 1.466000 -0.811000 13 0
1.159000 1.942000 -1.163000 15 0
0.772000 1.421000 -0.829000 39 0
0.698000 1.410000 -0.803000 17 0
0.652000 1.445000 -0.807000 13 0
1.200000 1.909000 -1.164000 15 0
1.132000 1.975000 -1.170000 15 0
0.739000 1.413000 -0.814000 25 0
0.681000 1.423000 -0.801000 15 0
1.238000 1.873000 -1.163000 15 0
1.171000 1.940000 -1.167000 15 0
0.786000 1.424000 -0.831000 74 0
0.716000 1.416000 -0.805000 16 0
1.274000 1.834000 -1.161000 14 0
1.215000 1.914000 -1.170000 15 0
1.144000 1.967000 -1.162000 13 0
0.761000 1.424000 -0.818000 27 0
1.312000 1.799000 -1.161000 7 0
1.254000 1.880000 -1.168000 15 0
1.186000 1.937000 -1.161000 13 0
1.129000 2.003000 -1.163000 21 0
1.343000 1.757000 -1.157000 0 0
1.293000 1.846000 -1.167000 13 0
1.236000 1.919000 -1.167000 15 0
1.179000 1.986000 -1.167000 15 0
0.000000 -0.000000 -0.000000 0 0
1.331000 1.812000 -1.167000 6 0
1.270000 1.878000 -1.159000 13 0
1.224000 1.960000 -1.166000 16 0
0.000000 -0.000000 -0.000000 0 192
0.000000 -0.000000 -0.000000 0 0
1.312000 1.848000 -1.159000 10 0
1.270000 1.935000 -1.167000 16 0
0.000000 -0.000000 -0.000000 0 128
0.000000 -0.000000 -0.000000 0 192
1.352000 1.817000 -1.158000 3 0
1.311000 1.903000 -1.163000 15 0
0.000000 -0.000000 -0.000000 0 128
0.000000 -0.000000 -0.000000 0 128
0.000000 -0.000000 -0.000000 0 0
1.351000 1.870000 -1.159000 7 0
0.341000 1.579000 -0.790000 44 0
0.282000 1.560000 -0.792000 45 0
0.226000 1.542000 -0.792000 56 0
0.187000 1.629000 -0.849000 15 0
0.382000 1.586000 -0.801000 42 0
0.322000 1.574000 -0.804000 43 0
0.264000 1.556000 -0.802000 50 0
0.212000 1.546000 -0.807000 44 0
0.423000 1.595000 -0.812000 40 0
0.362000 1.586000 -0.816000 41 0
0.300000 1.559000 -0.807000 40 0
0.248000 1.553000 -0.812000 45 0
0.470000 1.615000 -0.831000 38 0
0.402000 1.593000 -0.825000 38 0
0.341000 1.577000 -0.821000 38 0
0.285000 1.564000 -0.820000 40 0
0.525000 1.660000 -0.864000 45 0
0.452000 1.632000 -0.852000 54 0
0.382000 1.596000 -0.835000 45 0
0.323000 1.575000 -0.828000 44 0
0.572000 1.672000 -0.880000 42 0
0.499000 1.654000 -0.871000 47 0
0.432000 1.640000 -0.863000 49 0
0.364000 1.594000 -0.842000 48 0
0.618000 1.679000 -0.894000 47 0
0.544000 1.665000 -0.885000 44 0
0.475000 1.654000 -0.876000 45 0
0.411000 1.634000 -0.866000 50 0
0.660000 1.670000 -0.901000 46 0
0.589000 1.673000 -0.898000 46 0
0.518000 1.661000 -0.886000 47 0
0.454000 1.651000 -0.879000 47 0
0.629000 1.489000 -0.813000 9 2
0.635000 1.681000 -0.911000 42 0
0.563000 1.672000 -0.899000 44 0
0.495000 1.655000 -0.886000 47 0
0.671000 1.491000 -0.826000 12 0
0.641000 1.587000 -0.870000 74 0
0.606000 1.676000 -0.908000 46 0
0.538000 1.663000 -0.895000 47 0
0.685000 1.433000 -0.805000 14 0
0.629000 1.460000 -0.809000 11 0
0.653000 1.684000 -0.921000 44 0
0.581000 1.670000 -0.904000 47 0
0.714000 1.408000 -0.803000 16 0
0.657000 1.435000 -0.805000 16 0
0.613000 1.482000 -0.818000 11 0
0.629000 1.685000 -0.918000 47 0
0.758000 1.415000 -0.819000 29 0
0.688000 1.416000 -0.805000 17 0
0.637000 1.448000 -0.807000 14 0
0.648000 1.625000 -0.892000 75 0
1.114000 1.969000 -1.159000 14 0
0.723000 1.406000 -0.809000 18 0
0.667000 1.427000 -0.804000 18 0
0.622000 1.466000 -0.811000 13 0
1.159000 1.942000 -1.163000 15 0
0.772000 1.421000 -0.829000 39 0
0.698000 1.410000 -0.803000 17 0
0.652000 1.445000 -0.807000 13 0
1.200000 1.909000 -1.164000 15 0
1.132000 1.975000 -1.170000 15 0
0.739000 1.413000 -0.814000 25 0
0.681000 1.423000 -0.801000 15 0
1.238000 1.873000 -1.163000 15 0
1.171000 1.940000 -1.167000 15 0
0.786000 1.424000 -0.831000 74 0
0.716000 1.416000 -0.805000 16 0
1.274000 1.834000 -1.161000 14 0
1.215000 1.914000 -1.170000 15 0
1.144000 1.967000 -1.162000 13 0
0.761000 1.424000 -0.818000 27 0
1.312000 1.799000 -1.161000 7 0
1.254000 1.880000 -1.168000 15 0
1.186000 1.937000 -1.161000 13 0
1.129000 2.003000 -1.163000 21 0
1.343000 1.757000 -1.157000 0 0
1.293000 1.846000 -1.167000 13 0
1.236000 1.919000 -1.167000 15 0
1.179000 1.986000 -1.167000 15 0
0.000000 -0.000000 -0.000000 0 0
1.331000 1.812000 -1.167000 6 0
1.270000 1.878000 -1.159000 13 0
1.224000 1.960000 -1.166000 16 0
0.000000 -0.000000 -0.000000 0 192
0.000000 -0.000000 -0.000000 0 0
1.312000 1.848000 -1.159000 10 0
1.270000 1.935000 -1.167000 16 0
0.000000 -0.000000 -0.000000 0 128
0.000000 -0.000000 -0.000000 0 192
1.352000 1.817000 -1.158000 3 0
1.311000 1.903000 -1.163000 15 0
0.000000 -0.000000 -0.000000 0 128
0.000000 -0.000000 -0.000000 0 128
0.000000 -0.000000 -0.000000 0 0
1.351000 1.870000 -1.159000 7 0
0.000000 -0.000000 -0.000000 0 128
0.000000 -0.000000 -0.000000 0 128
0.000000 -0.000000 -0.000000 0 128
0.000000 -0.000000 -0.000000 0 0
0.000000 -0.000000 -0.000000 0 128
0.000000 -0.000000 -0.000000 0 128
0.000000 -0.000000 -0.000000 0 128
0.000000 -0.000000 -0.000000 0 192
0.000000 -0.000000 -0.000000 0 128
0.000000 -0.000000 -0.000000 0 128
0.000000 -0.000000 -0.000000 0 128
0.000000 -0.000000 -0.000000 0 128
0.000000 -0.000000 -0.000000 0 192
0.000000 -0.000000 -0.000000 0 128
0.000000 -0.000000 -0.000000 0 128
0.000000 -0.000000 -0.000000 0 128
0.000000 -0.000000 -0.000000 0 128
0.000000 -0.000000 -0.000000 0 128
0.000000 -0.000000 -0.000000 0 128
0.000000 -0.000000 -0.000000 0 128
0.000000 -0.000000 -0.000000 0 128
0.000000 -0.000000 -0.000000 0 128
0.000000 -0.000000 -0.000000 0 128
0.000000 -0.000000 -0.000000 0 128
0.000000 -0.000000 -0.000000 0 128
0.000000 -0.000000 -0.000000 0 128
0.000000 -0.000000 -0.000000 0 128
0.000000 -0.000000 -0.000000 0 128
0.000000 -0.000000 -0.000000 0 128
0.000000 -0.000000 -0.000000 0 128
0.000000 -0.000000 -0.000000 0 128
0.000000 -0.000000 -0.000000 0 128
0.000000 -0.000000 -0.000000 0 128
0.000000 -0.000000 -0.000000 0 128
0.000000 -0.000000 -0.000000 0 128
0.000000 -0.000000 -0.000000 0 128
0.000000 -0.000000 -0.000000 0 192
0.000000 -0.000000 -0.000000 0 128
0.000000 -0.000000 -0.000000 0 128
0.000000 -0.000000 -0.000000 0 128
0.000000 -0.000000 -0.000000 0 128
0.000000 -0.000000 -0.000000 0 192
0.000000 -0.000000 -0.000000 0 128
0.000000 -0.000000 -0.000000 0 128
0.000000 -0.000000 -0.000000 0 128
0.000000 -0.000000 -0.000000 0 128
0.000000 -0.000000 -0.000000 0 128
0.000000 -0.000000 -0.000000 0 128
0.000000 -0.000000 -0.000000 0 128
0.000000 -0.000000 -0.000000 0 128
0.000000 -0.000000 -0.000000 0 128
0.000000 -0.000000 -0.000000 0 128
0.000000 -0.000000 -0.000000 0 128
0.000000 -0.000000 -0.000000 0 128
0.000000 -0.000000 -0.000000 0 128
0.000000 -0.000000 -0.000000 0 192
0.000000 -0.000000 -0.000000 0 128
0.000000 -0.000000 -0.000000 0 0
0.000000 -0.000000 -0.000000 0 0
0.000000 -0.000000 -0.000000 0 128
0.000000 -0.000000 -0.000000 0 128
0.000000 -0.000000 -0.000000 0 0
0.000000 -0.000000 -0.000000 0 0
0.000000 -0.000000 -0.000000 0 128
0.000000 -0.000000 -0.000000 0 128
0.000000 -0.000000 -0.000000 0 128
0.000000 -0.000000 -0.000000 0 0
0.000000 -0.000000 -0.000000 0 128
0.000000 -0.000000 -0.000000 0 128
0.000000 -0.000000 -0.000000 0 128
0.000000 -0.000000 -0.000000 0 0
0.000000 -0.000000 -0.000000 0 0
0.000000 -0.000000 -0.000000 0 128
0.000000 -0.000000 -0.000000 0 0
0.000000 -0.000000 -0.000000 0 0
0.000000 -0.000000 -0.000000 0 0
0.000000 -0.000000 -0.000000 0 0
0.000000 -0.000000 -0.000000 0 0
0.000000 -0.000000 -0.000000 0 0
0.000000 -0.000000 -0.000000 0 0
0.000000 -0.000000 -0.000000 0 128
0.000000 -0.000000 -0.000000 0 0
0.000000 -0.000000 -0.000000 0 0
0.000000 -0.000000 -0.000000 0 0
0.000000 -0.000000 -0.000000 0 0
0.000000 -0.000000 -0.000000 0 0
0.000000 -0.000000 -0.000000 0 0
0.000000 -0.000000 -0.000000 0 0
0.000000 -0.000000 -0.000000 0 128
0.000000 -0.000000 -0.000000 0 0
0.000000 -0.000000 -0.000000 0 0
0.000000 -0.000000 -0.000000 0 0
0.000000 -0.000000 -0.000000 0 0
0.000000 -0.000000 -0.000000 0 0
0.000000 -0.000000 -0.000000 0 0
0.000000 -0.000000 -0.000000 0 0
0.000000 -0.000000 -0.000000 0 128
0.000000 -0.000000 -0.000000 0 128
0.000000 -0.000000 -0.000000 0 128
0.000000 -0.000000 -0.000000 0 0
0.000000 -0.000000 -0.000000 0 128
0.000000 -0.000000 -0.000000 0 128
0.000000 -0.000000 -0.000000 0 128
0.000000 -0.000000 -0.000000 0 192
0.000000 -0.000000 -0.000000 0 128
0.000000 -0.000000 -0.000000 0 128
0.000000 -0.000000 -0.000000 0 128
0.000000 -0.000000 -0.000000 0 128
0.000000 -0.000000 -0.000000 0 192
0.000000 -0.000000 -0.000000 0 128
0.000000 -0.000000 -0.000000 0 128
0.000000 -0.000000 -0.000000 0 128
0.000000 -0.000000 -0.000000 0 128
0.000000 -0.000000 -0.000000 0 128
0.000000 -0.000000 -0.000000 0 128
0.000000 -0.000000 -0.000000 0 128
0.000000 -0.000000 -0.000000 0 128
0.000000 -0.000000 -0.000000 0 128
0.000000 -0.000000 -0.000000 0 128
0.000000 -0.000000 -0.000000 0 128
0.000000 -0.000000 -0.000000 0 128
0.000000 -0.000000 -0.000000 0 128
0.000000 -0.000000 -0.000000 0 128
0.000000 -0.000000 -0.000000 0 128
0.000000 -0.000000 -0.000000 0 128
0.000000 -0.000000 -0.000000 0 128
0.000000 -0.000000 -0.000000 0 128
0.000000 -0.000000 -0.000000 0 128
0.000000 -0.000000 -0.000000 0 128
0.000000 -0.000000 -0.000000 0 128
0.000000 -0.000000 -0.000000 0 128
0.000000 -0.000000 -0.000000 0 128
0.000000 -0.000000 -0.000000 0 192
0.000000 -0.000000 -0.000000 0 128
0.000000 -0.000000 -0.000000 0 128
0.000000 -0.000000 -0.000000 0 128
0.000000 -0.000000 -0.000000 0 128
0.000000 -0.000000 -0.000000 0 192
0.000000 -0.000000 -0.000000 0 128
0.000000 -0.000000 -0.000000 0 128
0.000000 -0.000000 -0.000000 0 128
0.000000 -0.000000 -0.000000 0 128
0.000000 -0.000000 -0.000000 0 128
0.000000 -0.000000 -0.000000 0 128
0.000000 -0.000000 -0.000000 0 128
0.000000 -0.000000 -0.000000 0 128
0.000000 -0.000000 -0.000000 0 128
0.000000 -0.000000 -0.000000 0 128
0.000000 -0.000000 -0.000000 0 128
0.000000 -0.000000 -0.000000 0 128
0.000000 -0.000000 -0.000000 0 128
0.000000 -0.000000 -0.000000 0 192
0.000000 -0.000000 -0.000000 0 128
0.000000 -0.000000 -0.000000 0 0
0.000000 -0.000000 -0.000000 0 0
0.000000 -0.000000 -0.000000 0 128
0.000000 -0.000000 -0.000000 0 128
0.000000 -0.000000 -0.000000 0 0
0.000000 -0.000000 -0.000000 0 0
0.000000 -0.000000 -0.000000 0 128
0.000000 -0.000000 -0.000000 0 128
0.000000 -0.000000 -0.000000 0 128
0.000000 -0.000000 -0.000000 0 0
0.000000 -0.000000 -0.000000 0 128
0.000000 -0.000000 -0.000000 0 128
0.000000 -0.000000 -0.000000 0 128
0.000000 -0.000000 -0.000000 0 0
0.000000 -0.000000 -0.000000 0 0
0.000000 -0.000000 -0.000000 0 128
0.000000 -0.000000 -0.000000 0 0
0.000000 -0.000000 -0.000000 0 0
0.000000 -0.000000 -0.000000 0 0
0.000000 -0.000000 -0.000000 0 0
0.000000 -0.000000 -0.000000 0 0
0.000000 -0.000000 -0.000000 0 0
0.000000 -0.000000 -0.000000 0 0
0.000000 -0.000000 -0.000000 0 128
0.000000 -0.000000 -0.000000 0 0
0.000000 -0.000000 -0.000000 0 0
0.000000 -0.000000 -0.000000 0 0
0.000000 -0.000000 -0.000000 0 0
0.000000 -0.000000 -0.000000 0 0
0.000000 -0.000000 -0.000000 0 0
0.000000 -0.000000 -0.000000 0 0
0.000000 -0.000000 -0.000000 0 128
0.000000 -0.000000 -0.000000 0 0
0.000000 -0.000000 -0.000000 0 0
0.000000 -0.000000 -0.000000 0 0
0.000000 -0.000000 -0.000000 0 0
0.000000 -0.000000 -0.000000 0 0
0.000000 -0.000000 -0.000000 0 0
0.000000 -0.000000 -0.000000 0 0
0.000000 -0.000000 -0.000000 0 128
0.000000 -0.000000 -0.000000 0 0
0.000000 -0.000000 -0.000000 0 0
0.000000 -0.000000 -0.000000 0 0
0.000000 -0.000000 -0.000000 0 0
0.000000 -0.000000 -0.000000 0 0
0.000000 -0.000000 -0.000000 0 0
0.000000 -0.000000 -0.000000 0 0
0.000000 -0.000000 -0.000000 0 128
0.000000 -0.000000 -0.000000 0 0
0.000000 -0.000000 -0.000000 0 0
0.000000 -0.000000 -0.000000 0 0
0.000000 -0.000000 -0.000000 0 128
0.000000 -0.000000 -0.000000 0 0
0.000000 -0.000000 -0.000000 0 0
0.000000 -0.000000 -0.000000 0 0
0.000000 -0.000000 -0.000000 0 128
0.000000 -0.000000 -0.000000 0 0
0.000000 -0.000000 -0.000000 0 0
0.000000 -0.000000 -0.000000 0 0
0.000000 -0.000000 -0.000000 0 128
0.000000 -0.000000 -0.000000 0 0
0.000000 -0.000000 -0.000000 0 0
0.000000 -0.000000 -0.000000 0 0
0.000000 -0.000000 -0.000000 0 128
0.000000 -0.000000 -0.000000 0 0
0.000000 -0.000000 -0.000000 0 0
0.000000 -0.000000 -0.000000 0 0
0.000000 -0.000000 -0.000000 0 128
0.000000 -0.000000 -0.000000 0 0
0.000000 -0.000000 -0.000000 0 0
0.000000 -0.000000 -0.000000 0 0
0.000000 -0.000000 -0.000000 0 128
0.000000 -0.000000 -0.000000 0 0
0.000000 -0.000000 -0.000000 0 0
0.000000 -0.000000 -0.000000 0 128
0.000000 -0.000000 -0.000000 0 128
0.000000 -0.000000 -0.000000 0 0
0.000000 -0.000000 -0.000000 0 0
0.000000 -0.000000 -0.000000 0 0
0.000000 -0.000000 -0.000000 0 128
0.000000 -0.000000 -0.000000 0 0
0.000000 -0.000000 -0.000000 0 0
0.000000 -0.000000 -0.000000 0 0
0.000000 -0.000000 -0.000000 0 128
0.000000 -0.000000 -0.000000 0 0
0.000000 -0.000000 -0.000000 0 0
0.000000 -0.000000 -0.000000 0 0
0.000000 -0.000000 -0.000000 0 128
0.000000 -0.000000 -0.000000 0 0
0.000000 -0.000000 -0.000000 0 0
0.000000 -0.000000 -0.000000 0 0
0.000000 -0.000000 -0.000000 0 128
0.000000 -0.000000 -0.000000 0 0
0.000000 -0.000000 -0.000000 0 0
0.000000 -0.000000 -0.000000 0 0
0.000000 -0.000000 -0.000000 0 128
0.000000 -0.000000 -0.000000 0 0
0.000000 -0.000000 -0.000000 0 0
0.000000 -0.000000 -0.000000 0 128
0.000000 -0.000000 -0.000000 0 0
0.000000 -0.000000 -0.000000 0 0
0.000000 -0.000000 -0.000000 0 0
0.000000 -0.000000 -0.000000 0 0
0.000000 -0.000000 -0.000000 0 0
0.000000 -0.000000 -0.000000 0 0
0.000000 -0.000000 -0.000000 0 0
0.000000 -0.000000 -0.000000 0 0
0.000000 -0.000000 -0.000000 0 128
0.000000 -0.000000 -0.000000 0 0
0.000000 -0.000000 -0.000000 0 0
0.000000 -0.000000 -0.000000 0 0
0.000000 -0.000000 -0.000000 0 128
0.000000 -0.000000 -0.000000 0 0
0.000000 -0.000000 -0.000000 0 0
0.000000 -0.000000 -0.000000 0 0
0.000000 -0.000000 -0.000000 0 0
0.000000 -0.000000 -0.000000 0 0
0.000000 -0.000000 -0.000000 0 0
0.000000 -0.000000 -0.000000 0 0
0.000000 -0.000000 -0.000000 0 0
0.000000 -0.000000 -0.000000 0 0
0.000000 -0.000000 -0.000000 0 0
0.000000 -0.000000 -0.000000 0 0
0.000000 -0.000000 -0.000000 0 0
0.000000 -0.000000 -0.000000 0 0
0.000000 -0.000000 -0.000000 0 0
0.000000 -0.000000 -0.000000 0 0
0.000000 -0.000000 -0.000000 0 0
0.000000 -0.000000 -0.000000 0 0
0.000000 -0.000000 -0.000000 0 0
0.000000 -0.000000 -0.000000 0 0
0.000000 -0.000000 -0.000000 0 0
0.000000 -0.000000 -0.000000 0 0
0.000000 -0.000000 -0.000000 0 0
0.000000 -0.000000 -0.000000 0 0
0.000000 -0.000000 -0.000000 0 128
0.000000 -0.000000 -0.000000 0 0
0.000000 -0.000000 -0.000000 0 0
0.000000 -0.000000 -0.000000 0 0
0.000000 -0.000000 -0.000000 0 0
0.000000 -0.000000 -0.000000 0 0
0.000000 -0.000000 -0.000000 0 0
0.000000 -0.000000 -0.000000 0 0
0.000000 -0.000000 -0.000000 0 128
0.000000 -0.000000 -0.000000 0 0
0.000000 -0.000000 -0.000000 0 0
0.000000 -0.000000 -0.000000 0 0
0.000000 -0.000000 -0.000000 0 128
0.000000 -0.000000 -0.000000 0 0
0.000000 -0.000000 -0.000000 0 0
0.000000 -0.000000 -0.000000 0 0
0.000000 -0.000000 -0.000000 0 128
0.000000 -0.000000 -0.000000 0 0
0.000000 -0.000000 -0.000000 0 0
0.000000 -0.000000 -0.000000 0 0
0.000000 -0.000000 -0.000000 0 128
0.000000 -0.000000 -0.000000 0 0
0.000000 -0.000000 -0.000000 0 0
0.000000 -0.000000 -0.000000 0 0
0.000000 -0.000000 -0.000000 0 128
0.000000 -0.000000 -0.000000 0 0
0.000000 -0.000000 -0.000000 0 0
0.000000 -0.000000 -0.000000 0 0
0.000000 -0.000000 -0.000000 0 128
0.000000 -0.000000 -0.000000 0 0
0.000000 -0.000000 -0.000000 0 0
0.000000 -0.000000 -0.000000 0 0
0.000000 -0.000000 -0.000000 0 128
0.000000 -0.000000 -0.000000 0 0
0.000000 -0.000000 -0.000000 0 0
0.000000 -0.000000 -0.000000 0 128
0.000000 -0.000000 -0.000000 0 128
0.000000 -0.000000 -0.000000 0 0
0.000000 -0.000000 -0.000000 0 0
0.000000 -0.000000 -0.000000 0 0
0.000000 -0.000000 -0.000000 0 128
0.000000 -0.000000 -0.000000 0 0
0.000000 -0.000000 -0.000000 0 0
0.000000 -0.000000 -0.000000 0 0
0.000000 -0.000000 -0.000000 0 128
0.000000 -0.000000 -0.000000 0 0
0.000000 -0.000000 -0.000000 0 0
0.000000 -0.000000 -0.000000 0 0
0.000000 -0.000000 -0.000000 0 128
0.000000 -0.000000 -0.000000 0 0
0.000000 -0.000000 -0.000000 0 0
0.000000 -0.000000 -0.000000 0 0
0.000000 -0.000000 -0.000000 0 128
0.000000 -0.000000 -0.000000 0 0
0.000000 -0.000000 -0.000000 0 0
0.000000 -0.000000 -0.000000 0 0
0.000000 -0.000000 -0.000000 0 128
0.000000 -0.000000 -0.000000 0 0
0.000000 -0.000000 -0.000000 0 0
0.000000 -0.000000 -0.000000 0 128
0.000000 -0.000000 -0.000000 0 0
0.000000 -0.000000 -0.000000 0 0
0.000000 -0.000000 -0.000000 0 0
0.000000 -0.000000 -0.000000 0 0
0.000000 -0.000000 -0.000000 0 0
0.000000 -0.000000 -0.000000 0 0
0.000000 -0.000000 -0.000000 0 0
0.000000 -0.000000 -0.000000 0 0
0.000000 -0.000000 -0.000000 0 128
0.000000 -0.000000 -0.000000 0 0
0.000000 -0.000000 -0.000000 0 0
0.000000 -0.000000 -0.000000 0 0
0.000000 -0.000000 -0.000000 0 128
0.000000 -0.000000 -0.000000 0 0
0.000000 -0.000000 -0.000000 0 0
0.000000 -0.000000 -0.000000 0 0
0.000000 -0.000000 -0.000000 0 0
0.000000 -0.000000 -0.000000 0 0
0.000000 -0.000000 -0.000000 0 0
0.000000 -0.000000 -0.000000 0 0
0.000000 -0.000000 -0.000000 0 0
0.000000 -0.000000 -0.000000 0 0
0.000000 -0.000000 -0.000000 0 0
0.000000 -0.000000 -0.000000 0 0
0.000000 -0.000000 -0.000000 0 0
0.000000 -0.000000 -0.000000 0 0
0.000000 -0.000000 -0.000000 0 0
0.000000 -0.000000 -0.000000 0 0
0.000000 -0.000000 -0.000000 0 0
0.000000 -0.000000 -0.000000 0 0
0.000000 -0.000000 -0.000000 0 0
0.000000 -0.000000 -0.000000 0 0
0.000000 -0.000000 -0.000000 0 0
0.000000 -0.000000 -0.000000 0 0
0.000000 -0.000000 -0.000000 0 0
0.000000 -0.000000 -0.000000 0 0
0.000000 -0.000000 -0.000000 0 0
0.000000 -0.000000 -0.000000 0 0
0.000000 -0.000000 -0.000000 0 0
0.000000 -0.000000 -0.000000 0 0
0.000000 -0.000000 -0.000000 0 0
0.000000 -0.000000 -0.000000 0 0
0.000000 -0.000000 -0.000000 0 0
0.000000 -0.000000 -0.000000 0 128
0.000000 -0.000000 -0.000000 0 0
0.000000 -0.000000 -0.000000 0 0
0.000000 -0.000000 -0.000000 0 0
0.000000 -0.000000 -0.000000 0 0
0.000000 -0.000000 -0.000000 0 0
0.000000 -0.000000 -0.000000 0 0
0.000000 -0.000000 -0.000000 0 0
0.000000 -0.000000 -0.000000 0 0
0.000000 -0.000000 -0.000000 0 0
0.000000 -0.000000 -0.000000 0 0
0.000000 -0.000000 -0.000000 0 0
0.000000 -0.000000 -0.000000 0 0
0.000000 -0.000000 -0.000000 0 0
0.000000 -0.000000 -0.000000 0 0
0.000000 -0.000000 -0.000000 0 0
0.000000 -0.000000 -0.000000 0 0
0.000000 -0.000000 -0.000000 0 0
0.000000 -0.000000 -0.000000 0 0
0.000000 -0.000000 -0.000000 0 0
0.000000 -0.000000 -0.000000 0 0
0.000000 -0.000000 -0.000000 0 128
0.000000 -0.000000 -0.000000 0 0
0.000000 -0.000000 -0.000000 0 0
0.000000 -0.000000 -0.000000 0 0
0.000000 -0.000000 -0.000000 0 0
0.000000 -0.000000 -0.000000 0 0
0.000000 -0.000000 -0.000000 0 0
0.000000 -0.000000 -0.000000 0 0
0.000000 -0.000000 -0.000000 0 0
0.000000 -0.000000 -0.000000 0 0
0.000000 -0.000000 -0.000000 0 0
0.000000 -0.000000 -0.000000 0 0
0.000000 -0.000000 -0.000000 0 0
0.000000 -0.000000 -0.000000 0 0
0.000000 -0.000000 -0.000000 0 0
0.000000 -0.000000 -0.000000 0 0
0.000000 -0.000000 -0.000000 0 0
0.000000 -0.000000 -0.000000 0 0
0.000000 -0.000000 -0.000000 0 0
0.000000 -0.000000 -0.000000 0 0
0.000000 -0.000000 -0.000000 0 128
0.000000 -0.000000 -0.000000 0 0
0.000000 -0.000000 -0.000000 0 0
0.000000 -0.000000 -0.000000 0 0
0.000000 -0.000000 -0.000000 0 128
0.000000 -0.000000 -0.000000 0 0
0.000000 -0.000000 -0.000000 0 0
0.000000 -0.000000 -0.000000 0 0
0.000000 -0.000000 -0.000000 0 128
0.000000 -0.000000 -0.000000 0 0
0.000000 -0.000000 -0.000000 0 0
0.000000 -0.000000 -0.000000 0 0
0.000000 -0.000000 -0.000000 0 128
0.000000 -0.000000 -0.000000 0 0
0.000000 -0.000000 -0.000000 0 128
0.000000 -0.000000 -0.000000 0 128
0.000000 -0.000000 -0.000000 0 128
0.000000 -0.000000 -0.000000 0 0
0.000000 -0.000000 -0.000000 0 128
0.000000 -0.000000 -0.000000 0 128
0.000000 -0.000000 -0.000000 0 128
0.000000 -0.000000 -0.000000 0 0
0.000000 -0.000000 -0.000000 0 0
0.000000 -0.000000 -0.000000 0 128
0.000000 -0.000000 -0.000000 0 128
0.000000 -0.000000 -0.000000 0 0
0.000000 -0.000000 -0.000000 0 0
0.000000 -0.000000 -0.000000 0 128
0.000000 -0.000000 -0.000000 0 128
0.000000 -0.000000 -0.000000 0 0
0.000000 -0.000000 -0.000000 0 0
0.000000 -0.000000 -0.000000 0 128
0.000000 -0.000000 -0.000000 0 128
0.000000 -0.000000 -0.000000 0 0
0.000000 -0.000000 -0.000000 0 0
0.000000 -0.000000 -0.000000 0 128
0.000000 -0.000000 -0.000000 0 128
0.000000 -0.000000 -0.000000 0 0
0.000000 -0.000000 -0.000000 0 0
0.000000 -0.000000 -0.000000 0 0
0.000000 -0.000000 -0.000000 0 128
0.000000 -0.000000 -0.000000 0 0
0.000000 -0.000000 -0.000000 0 0
0.000000 -0.000000 -0.000000 0 128
0.000000 -0.000000 -0.000000 0 128
0.000000 -0.000000 -0.000000 0 0
0.000000 -0.000000 -0.000000 0 0
0.000000 -0.000000 -0.000000 0 0
0.000000 -0.000000 -0.000000 0 0
0.000000 -0.000000 -0.000000 0 0
0.000000 -0.000000 -0.000000 0 0
0.000000 -0.000000 -0.000000 0 0
0.000000 -0.000000 -0.000000 0 0
0.000000 -0.000000 -0.000000 0 0
0.000000 -0.000000 -0.000000 0 0
0.000000 -0.000000 -0.000000 0 128
0.000000 -0.000000 -0.000000 0 0
0.000000 -0.000000 -0.000000 0 0
0.000000 -0.000000 -0.000000 0 0
0.000000 -0.000000 -0.000000 0 0
0.000000 -0.000000 -0.000000 0 0
0.000000 -0.000000 -0.000000 0 0
0.000000 -0.000000 -0.000000 0 0
0.000000 -0.000000 -0.000000 0 0
0.000000 -0.000000 -0.000000 0 0
0.000000 -0.000000 -0.000000 0 0
0.000000 -0.000000 -0.000000 0 0
0.000000 -0.000000 -0.000000 0 0
0.000000 -0.000000 -0.000000 0 0
0.000000 -0.000000 -0.000000 0 0
0.000000 -0.000000 -0.000000 0 0
0.000000 -0.000000 -0.000000 0 0
0.000000 -0.000000 -0.000000 0 0
0.000000 -0.000000 -0.000000 0 0
0.000000 -0.000000 -0.000000 0 0
0.000000 -0.000000 -0.000000 0 0
0.000000 -0.000000 -0.000000 0 128
0.000000 -0.000000 -0.000000 0 0
0.000000 -0.000000 -0.000000 0 0
0.000000 -0.000000 -0.000000 0 0
0.000000 -0.000000 -0.000000 0 0
0.000000 -0.000000 -0.000000 0 0
0.000000 -0.000000 -0.000000 0 0
0.000000 -0.000000 -0.000000 0 0
0.000000 -0.000000 -0.000000 0 0
0.000000 -0.000000 -0.000000 0 0
0.000000 -0.000000 -0.000000 0 0
0.000000 -0.000000 -0.000000 0 0
0.000000 -0.000000 -0.000000 0 0
0.000000 -0.000000 -0.000000 0 0
0.000000 -0.000000 -0.000000 0 0
0.000000 -0.000000 -0.000000 0 0
0.000000 -0.000000 -0.000000 0 0
0.000000 -0.000000 -0.000000 0 0
0.000000 -0.000000 -0.000000 0 0
0.000000 -0.000000 -0.000000 0 0
0.000000 -0.000000 -0.000000 0 128
0.000000 -0.000000 -0.000000 0 0
0.000000 -0.000000 -0.000000 0 0
0.000000 -0.000000 -0.000000 0 0
0.000000 -0.000000 -0.000000 0 128
0.000000 -0.000000 -0.000000 0 0
0.000000 -0.000000 -0.000000 0 0
0.000000 -0.000000 -0.000000 0 0
0.000000 -0.000000 -0.000000 0 128
0.000000 -0.000000 -0.000000 0 0
0.000000 -0.000000 -0.000000 0 0
0.000000 -0.000000 -0.000000 0 0
0.000000 -0.000000 -0.000000 0 128
0.000000 -0.000000 -0.000000 0 0
0.000000 -0.000000 -0.000000 0 128
0.000000 -0.000000 -0.000000 0 128
0.000000 -0.000000 -0.000000 0 128
0.000000 -0.000000 -0.000000 0 0
0.000000 -0.000000 -0.000000 0 128
0.000000 -0.000000 -0.000000 0 128
0.000000 -0.000000 -0.000000 0 128
0.000000 -0.000000 -0.000000 0 0
0.000000 -0.000000 -0.000000 0 0
0.000000 -0.000000 -0.000000 0 128
0.000000 -0.000000 -0.000000 0 128
0.000000 -0.000000 -0.000000 0 0
0.000000 -0.000000 -0.000000 0 0
0.000000 -0.000000 -0.000000 0 128
0.000000 -0.000000 -0.000000 0 128
0.000000 -0.000000 -0.000000 0 0
0.000000 -0.000000 -0.000000 0 0
0.000000 -0.000000 -0.000000 0 128
0.000000 -0.000000 -0.000000 0 128
0.000000 -0.000000 -0.000000 0 0
0.000000 -0.000000 -0.000000 0 0
0.000000 -0.000000 -0.000000 0 128
0.000000 -0.000000 -0.000000 0 128
0.000000 -0.000000 -0.000000 0 0
0.000000 -0.000000 -0.000000 0 0
0.000000 -0.000000 -0.000000 0 0
0.000000 -0.000000 -0.000000 0 128
0.000000 -0.000000 -0.000000 0 0
0.000000 -0.000000 -0.000000 0 0
0.000000 -0.000000 -0.000000 0 128
0.000000 -0.000000 -0.000000 0 128
0.000000 -0.000000 -0.000000 0 0
0.000000 -0.000000 -0.000000 0 0
0.000000 -0.000000 -0.000000 0 0
