timestamp,gx,gy,gz,ax,ay,az
1849.42988379,-0.014586663,-0.004717882,0.008201562,-0.04223219,0.014448932,-0.99644417
1849.43406828,-0.013521398,-0.0036526173,0.008201562,-0.040034924,0.016402058,-0.99644417
1849.43988219,-0.015651926,-0.0057831462,0.009266827,-0.040523205,0.018355183,-1.0008386
1849.44454888,-0.013521398,-0.004717882,0.009266827,-0.0380818,0.019331746,-1.0069422
1849.44977124,-0.013521398,-0.004717882,0.010332089,-0.03881422,0.019087605,-1.0054773
1849.45419584,-0.015651926,-0.0036526173,0.008201562,-0.03881422,0.01713448,-1.00328
1849.45984069,-0.013521398,-0.0036526173,0.008201562,-0.0393025,0.015425495,-1.0008386
1849.46408233,-0.013521398,-0.0036526173,0.008201562,-0.036372814,0.01689034,-0.99986213
1849.46982872,-0.014586663,-0.004717882,0.010332089,-0.040523205,0.01689034,-1.0001062
1849.47396132,-0.016717192,-0.0057831462,0.010332089,-0.040767346,0.01737862,-1.0013269
1849.4798818,-0.015651926,-0.004717882,0.010332089,-0.0393025,0.019820027,-1.0035242
1849.48437291,-0.017782457,-0.0036526173,0.010332089,-0.037349377,0.019331746,-1.0057214
1849.48988274,-0.015651926,-0.004717882,0.009266827,-0.037349377,0.015425495,-1.0071863
1849.49431436,-0.0113908695,-0.0036526173,0.0071362965,-0.037837658,0.015181354,-1.001571
1849.49980616,-0.013521398,-0.0068484107,0.008201562,-0.040767346,0.017622761,-0.9959559
1849.5040211,-0.013521398,-0.004717882,0.010332089,-0.04223219,0.018355183,-0.99693245
1849.50979945,-0.012456134,-0.0036526173,0.008201562,-0.039546642,0.019575886,-1.0047449
1849.51402775,-0.0113908695,-0.004717882,0.010332089,-0.0380818,0.018599324,-1.0081629
1849.5198816,-0.016717192,-0.004717882,0.009266827,-0.03466383,0.018843465,-1.0052332
1849.52418048,-0.014586663,-0.004717882,0.009266827,-0.0393025,0.01737862,-1.0027918
1849.52988171,-0.012456134,-0.0036526173,0.009266827,-0.040034924,0.01689034,-0.999618
1849.53400691,-0.012456134,-0.0036526173,0.009266827,-0.040034924,0.01689034,-0.999618
1849.53969421,-0.016717192,-0.004717882,0.009266827,-0.040034924,0.017866902,-0.99986213
1849.54388885,-0.014586663,-0.0057831462,0.010332089,-0.0380818,0.01737862,-1.0008386
1849.54988235,-0.013521398,-0.004717882,0.009266827,-0.039546642,0.016402058,-1.0047449
1849.55435076,-0.013521398,-0.004717882,0.009266827,-0.039546642,0.016402058,-1.0047449
1849.55979971,-0.013521398,-0.0036526173,0.009266827,-0.03832594,0.014937214,-0.999618
1849.56402536,-0.013521398,-0.0036526173,0.009266827,-0.03832594,0.014937214,-0.999618
1849.56983616,-0.012456134,-0.0057831462,0.010332089,-0.040523205,0.017866902,-0.999618
1849.57399938,-0.012456134,-0.0057831462,0.010332089,-0.040523205,0.017866902,-0.999618
1849.57988264,-0.0113908695,-0.0036526173,0.0071362965,-0.03539625,0.018355183,-1.0062097
1849.58431164,-0.0113908695,-0.0036526173,0.0071362965,-0.03539625,0.018355183,-1.0062097
1849.58994616,-0.012456134,-0.004717882,0.010332089,-0.037105236,0.015669636,-0.999618
1849.59412128,-0.012456134,-0.004717882,0.010332089,-0.037105236,0.015669636,-0.999618
1849.59988252,-0.012456134,-0.0036526173,0.0071362965,-0.040523205,0.016646199,-1.0018152
1849.6043102,-0.012456134,-0.0036526173,0.0071362965,-0.040523205,0.016646199,-1.0018152
1849.60975626,-0.013521398,-0.0057831462,0.008201562,-0.03539625,0.017866902,-1.0047449
1849.61408307,-0.013521398,-0.0057831462,0.008201562,-0.03539625,0.017866902,-1.0047449
1849.61980021,-0.012456134,-0.004717882,0.008201562,-0.037105236,0.01713448,-1.0062097
1849.62398357,-0.012456134,-0.004717882,0.008201562,-0.037105236,0.01713448,-1.0062097
1849.62988199,-0.014586663,-0.0036526173,0.0071362965,-0.039546642,0.015181354,-0.99693245
1849.63431934,-0.012456134,-0.004717882,0.010332089,-0.039546642,0.018111043,-0.9962
1849.63962191,-0.010325605,-0.0057831462,0.008201562,-0.040034924,0.018843465,-1.0027918
1849.64395692,-0.010325605,-0.0057831462,0.008201562,-0.040034924,0.018843465,-1.0027918
1849.64988226,-0.015651926,-0.004717882,0.010332089,-0.0380818,0.01713448,-1.0069422
1849.65443371,-0.015651926,-0.004717882,0.009266827,-0.03857008,0.015913777,-1.0027918
1849.6598818,-0.015651926,-0.0057831462,0.008201562,-0.03881422,0.016402058,-0.99693245
1849.66428922,-0.012456134,-0.0057831462,0.009266827,-0.037837658,0.018355183,-0.99986213
1849.66988413,-0.0113908695,-0.004717882,0.009266827,-0.041499767,0.017866902,-1.0027918
1849.67405553,-0.0113908695,-0.004717882,0.009266827,-0.041499767,0.017866902,-1.0027918
1849.67988148,-0.015651926,-0.0036526173,0.009266827,-0.036372814,0.020064168,-1.0035242
1849.68424295,-0.013521398,-0.004717882,0.009266827,-0.035884533,0.01689034,-1.00328
1849.68964908,-0.012456134,-0.004717882,0.009266827,-0.037837658,0.013960651,-1.0037683
1849.69388914,-0.012456134,-0.004717882,0.009266827,-0.037837658,0.013960651,-1.0037683
1849.69988397,-0.013521398,-0.004717882,0.009266827,-0.041011486,0.017622761,-0.9971766
1849.70430046,-0.012456134,-0.004717882,0.009266827,-0.041743908,0.019087605,-0.9983973
1849.7098868,-0.010325605,-0.0036526173,0.008201562,-0.03832594,0.018355183,-1.0069422
1849.71419898,-0.015651926,-0.004717882,0.008201562,-0.036372814,0.01737862,-1.0091394
1849.71988278,-0.013521398,-0.004717882,0.0071362965,-0.036616955,0.020064168,-1.0045007
1849.72395096,-0.013521398,-0.004717882,0.009266827,-0.03881422,0.015425495,-0.99937385
1849.7298818,-0.014586663,-0.004717882,0.009266827,-0.039546642,0.012739948,-0.9962
1849.73402546,-0.014586663,-0.0036526173,0.009266827,-0.040767346,0.018355183,-1.0003504
1849.73988224,-0.013521398,-0.004717882,0.0071362965,-0.040034924,0.020308308,-1.0035242
1849.7440699,-0.012456134,-0.0057831462,0.009266827,-0.036372814,0.017622761,-1.0052332
1849.74965664,-0.01884772,-0.004717882,0.008201562,-0.03832594,0.01737862,-1.0035242
1849.75389148,-0.015651926,-0.0036526173,0.008201562,-0.0393025,0.017622761,-1.00328
1849.75988281,-0.013521398,-0.0036526173,0.008201562,-0.04198805,0.01689034,-1.0023035
1849.76432461,-0.014586663,-0.0036526173,0.008201562,-0.040279064,0.016157918,-0.99986213
1849.76988305,-0.015651926,-0.004717882,0.008201562,-0.037837658,0.015181354,-0.9988856
1849.77414982,-0.013521398,-0.004717882,0.008201562,-0.037837658,0.019087605,-1.0018152
1849.77988756,-0.013521398,-0.004717882,0.008201562,-0.037349377,0.019575886,-1.006698
1849.78412664,-0.015651926,-0.0036526173,0.009266827,-0.03832594,0.01689034,-1.0071863
1849.78988274,-0.015651926,-0.0025873529,0.009266827,-0.039546642,0.015181354,-1.0020593
1849.79407766,-0.015651926,-0.004717882,0.008201562,-0.03881422,0.015425495,-0.9959559
1849.79988321,-0.012456134,-0.0057831462,0.008201562,-0.0393025,0.01689034,-0.997909
1849.80440231,-0.0113908695,-0.0057831462,0.008201562,-0.041499767,0.018599324,-1.0027918
1849.80989532,-0.012456134,-0.0036526173,0.008201562,-0.041499767,0.020308308,-1.008407
1849.8143138,-0.012456134,-0.004717882,0.008201562,-0.036372814,0.019087605,-1.004989
1849.8198268,-0.015651926,-0.0025873529,0.010332089,-0.03490797,0.015425495,-1.0035242
1849.8239677,-0.012456134,-0.0057831462,0.010332089,-0.0380818,0.014448932,-1.0027918
1849.8298828,-0.014586663,-0.0036526173,0.008201562,-0.040523205,0.016646199,-0.9983973
1849.83408084,-0.013521398,-0.0057831462,0.009266827,-0.04296461,0.01689034,-0.9988856
1849.83988243,-0.012456134,-0.004717882,0.008201562,-0.041011486,0.018843465,-0.999618
1849.84432386,-0.014586663,-0.0057831462,0.009266827,-0.036372814,0.018843465,-1.0042566
1849.84988324,-0.013521398,-0.004717882,0.009266827,-0.036128674,0.016402058,-1.0081629
1849.85398204,-0.015651926,-0.004717882,0.009266827,-0.0393025,0.01689034,-1.0057214
1849.85988269,-0.014586663,-0.004717882,0.009266827,-0.041011486,0.016402058,-0.999618
1849.86434287,-0.012456134,-0.0025873529,0.008201562,-0.04223219,0.015425495,-0.99449104
1849.86988496,-0.015651926,-0.0015220884,0.009266827,-0.037349377,0.016402058,-0.9991297
1849.87426014,-0.014586663,-0.004717882,0.008201562,-0.0380818,0.018843465,-1.0052332
1849.87988552,-0.012456134,-0.004717882,0.009266827,-0.040034924,0.019575886,-1.006698
1849.88415818,-0.019912984,-0.0036526173,0.009266827,-0.037105236,0.016646199,-1.0037683
1849.88979046,-0.015651926,-0.004717882,0.009266827,-0.03832594,0.014693073,-1.0025476
1849.89398036,-0.012456134,-0.004717882,0.009266827,-0.037349377,0.015425495,-0.99937385
1849.89973616,-0.014586663,-0.004717882,0.008201562,-0.037837658,0.016402058,-0.99937385
1849.90389552,-0.012456134,-0.0036526173,0.009266827,-0.04296461,0.01737862,-0.99937385
1849.90988328,-0.014586663,-0.0057831462,0.009266827,-0.040523205,0.017622761,-1.001571
1849.9145152,-0.015651926,-0.004717882,0.008201562,-0.03832594,0.019820027,-1.0052332
1849.91988175,-0.013521398,-0.0025873529,0.008201562,-0.036616955,0.01689034,-1.0071863
1849.9241123,-0.012456134,-0.004717882,0.009266827,-0.0380818,0.014693073,-1.0057214
1849.92988294,-0.013521398,-0.004717882,0.009266827,-0.041011486,0.016402058,-0.99766487
1849.93403568,-0.0113908695,-0.004717882,0.008201562,-0.041743908,0.017866902,-0.99693245
1849.93972306,-0.012456134,-0.0036526173,0.009266827,-0.03832594,0.018355183,-1.0003504
1849.94399232,-0.014586663,-0.0036526173,0.009266827,-0.037837658,0.020552449,-1.006698
1849.94988319,-0.015651926,-0.0036526173,0.009266827,-0.035884533,0.019575886,-1.0052332
1849.95414064,-0.015651926,-0.0025873529,0.009266827,-0.03881422,0.015913777,-1.0023035
1849.95966404,-0.0113908695,-0.004717882,0.008201562,-0.039546642,0.013960651,-1.0005945
1849.96404174,-0.013521398,-0.0036526173,0.009266827,-0.040034924,0.016402058,-0.99986213
1849.96988244,-0.012456134,-0.004717882,0.008201562,-0.04198805,0.019820027,-1.0010828
1849.9742829,-0.015651926,-0.0057831462,0.010332089,-0.0393025,0.018111043,-1.0027918
1849.9798846,-0.013521398,-0.0068484107,0.009266827,-0.03881422,0.018355183,-1.0025476
1849.98426375,-0.012456134,-0.004717882,0.009266827,-0.03515211,0.019820027,-1.0047449
1849.98988369,-0.015651926,-0.0036526173,0.010332089,-0.0393025,0.01689034,-1.0047449
1849.99431969,-0.010325605,-0.0036526173,0.009266827,-0.036861096,0.014204792,-1.0018152
1849.9998353,-0.010325605,-0.004717882,0.008201562,-0.041011486,0.017866902,-0.9949793
1850.00388867,-0.013521398,-0.0057831462,0.009266827,-0.0393025,0.018355183,-0.9974207
1850.00953366,-0.013521398,-0.0036526173,0.010332089,-0.040523205,0.019331746,-1.0047449
1850.01438687,-0.017782457,-0.004717882,0.008201562,-0.03539625,0.017866902,-1.0086511
1850.0198861,-0.014586663,-0.004717882,0.009266827,-0.037349377,0.017622761,-1.0057214
1850.02414239,-0.015651926,-0.004717882,0.010332089,-0.037593517,0.018843465,-1.0010828
1850.02988308,-0.014586663,-0.0036526173,0.010332089,-0.0393025,0.015913777,-0.99815315
1850.03423068,-0.014586663,-0.004717882,0.008201562,-0.041255627,0.015669636,-0.999618
1850.03980697,-0.015651926,-0.004717882,0.009266827,-0.04223219,0.019575886,-1.0008386
1850.04411016,-0.014586663,-0.004717882,0.0071362965,-0.039546642,0.02104073,-1.0023035
1850.04957695,-0.014586663,-0.004717882,0.009266827,-0.036372814,0.018599324,-1.0037683
1850.05401225,-0.0113908695,-0.004717882,0.008201562,-0.037837658,0.014693073,-1.0057214
1850.05988484,-0.014586663,-0.004717882,0.009266827,-0.03881422,0.015913777,-1.004989
1850.0640073,-0.017782457,-0.0036526173,0.008201562,-0.041011486,0.018355183,-0.9991297
1850.06988436,-0.013521398,-0.0025873529,0.008201562,-0.040034924,0.01737862,-0.99766487
1850.07410837,-0.013521398,-0.0057831462,0.008201562,-0.041011486,0.016402058,-1.0005945
1850.07988764,-0.014586663,-0.0057831462,0.010332089,-0.0393025,0.018843465,-1.0052332
1850.08439837,-0.014586663,-0.0036526173,0.010332089,-0.036861096,0.019087605,-1.006698
1850.08972814,-0.012456134,-0.0036526173,0.009266827,-0.037349377,0.014693073,-1.00328
1850.09405924,-0.013521398,-0.004717882,0.009266827,-0.040523205,0.013960651,-0.997909
1850.09988463,-0.013521398,-0.0036526173,0.008201562,-0.040034924,0.017866902,-0.99693245
1850.10413584,-0.014586663,-0.0036526173,0.009266827,-0.040767346,0.017866902,-1.0013269
1850.10965664,-0.013521398,-0.004717882,0.008201562,-0.041011486,0.018111043,-1.0047449
1850.11393547,-0.016717192,-0.004717882,0.010332089,-0.037593517,0.018355183,-1.0037683
1850.11988219,-0.015651926,-0.004717882,0.009266827,-0.036616955,0.018355183,-1.0047449
1850.12435616,-0.017782457,-0.004717882,0.008201562,-0.039546642,0.016157918,-1.0057214
1850.12979164,-0.012456134,-0.004717882,0.008201562,-0.040034924,0.015181354,-1.0025476
1850.13418016,-0.016717192,-0.0036526173,0.010332089,-0.041743908,0.015913777,-0.997909
1850.13988487,-0.015651926,-0.004717882,0.009266827,-0.040523205,0.018355183,-0.99571174
1850.14415664,-0.012456134,-0.0057831462,0.0071362965,-0.037349377,0.019087605,-1.0023035
1850.14973439,-0.016717192,-0.0036526173,0.009266827,-0.036861096,0.016646199,-1.0076746
1850.15407932,-0.016717192,-0.0036526173,0.009266827,-0.036861096,0.01737862,-1.0086511
1850.15988552,-0.0113908695,-0.004717882,0.009266827,-0.039790783,0.017866902,-1.0018152
1850.16396193,-0.010325605,-0.004717882,0.009266827,-0.039546642,0.015669636,-0.99693245
1850.16988199,-0.012456134,-0.004717882,0.008201562,-0.040523205,0.016402058,-0.9991297
1850.1740871,-0.014586663,-0.0036526173,0.008201562,-0.040523205,0.017866902,-1.0037683
1850.17988355,-0.013521398,-0.004717882,0.008201562,-0.03857008,0.020308308,-1.0064539
1850.1844116,-0.015651926,-0.0036526173,0.009266827,-0.035884533,0.019820027,-1.0027918
1850.18974369,-0.010325605,-0.0057831462,0.008201562,-0.03905836,0.016646199,-1.0020593
1850.19407388,-0.013521398,-0.004717882,0.008201562,-0.03905836,0.014693073,-1.0023035
1850.19969156,-0.014586663,-0.0025873529,0.008201562,-0.040523205,0.015913777,-0.99937385
1850.20408626,-0.016717192,-0.0015220884,0.011397354,-0.041011486,0.017866902,-0.99986213
1850.20988276,-0.015651926,-0.004717882,0.008201562,-0.0393025,0.018355183,-1.001571
1850.21410957,-0.012456134,-0.0057831462,0.009266827,-0.037837658,0.017866902,-1.0062097
1850.21975408,-0.013521398,-0.0057831462,0.008201562,-0.036616955,0.019087605,-1.008407
1850.22388919,-0.015651926,-0.004717882,0.009266827,-0.037593517,0.019575886,-1.004989
1850.22988328,-0.013521398,-0.004717882,0.009266827,-0.040034924,0.014448932,-0.9983973
1850.23410148,-0.015651926,-0.004717882,0.009266827,-0.037837658,0.013960651,-0.99644417
1850.2398823,-0.015651926,-0.0057831462,0.006071031,-0.041255627,0.019575886,-0.9983973
1850.24427996,-0.014586663,-0.0057831462,0.0071362965,-0.03905836,0.02104073,-1.0042566
1850.24988548,-0.015651926,-0.004717882,0.009266827,-0.040523205,0.01737862,-1.0062097
1850.25405612,-0.015651926,-0.0025873529,0.0071362965,-0.036372814,0.016157918,-1.0037683
1850.25970186,-0.015651926,-0.0025873529,0.009266827,-0.037837658,0.01713448,-1.0020593
1850.26408273,-0.015651926,-0.0025873529,0.010332089,-0.036861096,0.016157918,-1.0020593
1850.26988268,-0.012456134,-0.004717882,0.008201562,-0.041255627,0.016157918,-1.001571
1850.27424176,-0.017782457,-0.004717882,0.009266827,-0.040523205,0.016402058,-0.99986213
1850.27988286,-0.016717192,-0.0036526173,0.0071362965,-0.037837658,0.018843465,-1.0013269
1850.28413424,-0.014586663,-0.004717882,0.009266827,-0.035640392,0.019820027,-1.0047449
1850.2898838,-0.015651926,-0.004717882,0.011397354,-0.03539625,0.01689034,-1.006698
1850.29422366,-0.013521398,-0.0025873529,0.008201562,-0.0393025,0.014937214,-1.0027918
1850.29982407,-0.010325605,-0.0057831462,0.010332089,-0.04247633,0.015669636,-0.9962
1850.30413304,-0.013521398,-0.0036526173,0.009266827,-0.040767346,0.018111043,-0.9966883
1850.30988384,-0.01884772,-0.004717882,0.010332089,-0.0393025,0.017866902,-1.0027918
1850.31428779,-0.015651926,-0.0057831462,0.008201562,-0.037349377,0.016402058,-1.0088953
1850.31988628,-0.013521398,-0.0057831462,0.008201562,-0.03881422,0.020308308,-1.0057214
1850.32412319,-0.015651926,-0.0025873529,0.009266827,-0.037837658,0.017622761,-1.0023035
1850.32988628,-0.016717192,-0.0025873529,0.011397354,-0.0393025,0.01347237,-1.0010828
1850.33409356,-0.014586663,-0.0025873529,0.009266827,-0.03881422,0.015181354,-0.99986213
1850.33988372,-0.014586663,-0.0036526173,0.008201562,-0.037349377,0.01737862,-1.0001062
1850.34432253,-0.014586663,-0.0057831462,0.010332089,-0.039546642,0.018843465,-1.0008386
1850.34988363,-0.015651926,-0.0057831462,0.010332089,-0.03905836,0.020064168,-1.0018152
1850.35422048,-0.015651926,-0.004717882,0.009266827,-0.03881422,0.01713448,-1.0057214
1850.35979045,-0.015651926,-0.004717882,0.0071362965,-0.037349377,0.012739948,-1.0081629
1850.36416396,-0.01884772,-0.004717882,0.009266827,-0.03832594,0.014204792,-1.0023035
1850.36988329,-0.014586663,-0.0057831462,0.009266827,-0.041011486,0.020308308,-0.9949793
1850.3741453,-0.015651926,-0.0036526173,0.010332089,-0.04320875,0.01737862,-0.9983973
1850.37988359,-0.01884772,-0.004717882,0.0071362965,-0.039546642,0.016402058,-1.004989
1850.38420835,-0.01884772,-0.004717882,0.009266827,-0.03441969,0.020064168,-1.0079187
1850.38988632,-0.016717192,-0.0057831462,0.008201562,-0.037349377,0.018599324,-1.0037683
1850.39426787,-0.014586663,-0.0036526173,0.008201562,-0.037593517,0.013960651,-1.0010828
1850.3997202,-0.013521398,-0.0025873529,0.009266827,-0.041255627,0.012495807,-0.9983973
1850.40399148,-0.014586663,-0.0036526173,0.008201562,-0.039790783,0.018355183,-1.0008386
1850.40966548,-0.012456134,-0.0057831462,0.0071362965,-0.040279064,0.020064168,-1.0013269
1850.41398205,-0.010325605,-0.0068484107,0.008201562,-0.03832594,0.016402058,-1.0057214
1850.41988334,-0.013521398,-0.0057831462,0.009266827,-0.03881422,0.01737862,-1.0042566
1850.4243608,-0.013521398,-0.0036526173,0.008201562,-0.03905836,0.018843465,-1.006698
1850.42988821,-0.014586663,-0.0025873529,0.009266827,-0.040279064,0.015913777,-1.0037683
1850.43414315,-0.012456134,-0.0036526173,0.009266827,-0.036861096,0.014204792,-0.997909
1850.43991786,-0.012456134,-0.004717882,0.008201562,-0.039546642,0.019087605,-0.999618
1850.4442318,-0.012456134,-0.004717882,0.008201562,-0.039546642,0.019087605,-0.999618
1850.44988317,-0.014586663,-0.0036526173,0.0071362965,-0.036861096,0.01713448,-1.0074304
1850.45431116,-0.014586663,-0.0036526173,0.0071362965,-0.036861096,0.01713448,-1.0074304
1850.45982616,-0.016717192,-0.0036526173,0.009266827,-0.0393025,0.017622761,-0.9991297
1850.46404142,-0.016717192,-0.0036526173,0.009266827,-0.0393025,0.017622761,-0.9991297
1850.46975701,-0.012456134,-0.004717882,0.0071362965,-0.041499767,0.015181354,-1.0025476
1850.47399745,-0.012456134,-0.004717882,0.0071362965,-0.041499767,0.015181354,-1.0025476
1850.47988431,-0.012456134,-0.004717882,0.009266827,-0.036861096,0.019820027,-1.0030359
1850.48435681,-0.012456134,-0.004717882,0.009266827,-0.036861096,0.019820027,-1.0030359
1850.48970919,-0.015651926,-0.0036526173,0.008201562,-0.035640392,0.014693073,-1.0042566
1850.49412371,-0.015651926,-0.0036526173,0.008201562,-0.035640392,0.014693073,-1.0042566
1850.49988355,-0.012456134,-0.0036526173,0.009266827,-0.041011486,0.01737862,-0.9966883
1850.50425951,-0.012456134,-0.0036526173,0.009266827,-0.041011486,0.01737862,-0.9966883
1850.5098844,-0.013521398,-0.0057831462,0.010332089,-0.0393025,0.019087605,-1.0042566
1850.51407148,-0.013521398,-0.0057831462,0.010332089,-0.0393025,0.019087605,-1.0042566
1850.51988435,-0.016717192,-0.004717882,0.009266827,-0.037837658,0.019575886,-1.006698
1850.52395235,-0.016717192,-0.004717882,0.009266827,-0.037837658,0.019575886,-1.006698
1850.5298836,-0.0113908695,-0.004717882,0.0071362965,-0.037593517,0.014204792,-0.99522346
1850.53430243,-0.0113908695,-0.004717882,0.0071362965,-0.037593517,0.014204792,-0.99522346
1850.53988395,-0.014586663,-0.0057831462,0.010332089,-0.039790783,0.018355183,-1.0027918
1850.54395268,-0.014586663,-0.0057831462,0.010332089,-0.039790783,0.018355183,-1.0027918
1850.54988417,-0.013521398,-0.004717882,0.009266827,-0.037349377,0.019575886,-1.00328
1850.55456334,-0.016717192,-0.0036526173,0.010332089,-0.037349377,0.015425495,-1.0040125
1850.55977926,-0.015651926,-0.0057831462,0.008201562,-0.0393025,0.014937214,-1.0040125
1850.56423487,-0.013521398,-0.0057831462,0.010332089,-0.041011486,0.01737862,-1.0003504
1850.56980696,-0.014586663,-0.0057831462,0.0071362965,-0.043941174,0.016402058,-0.9974207
1850.574085,-0.014586663,-0.0057831462,0.0071362965,-0.043941174,0.016402058,-0.9974207
1850.57988358,-0.014586663,-0.0036526173,0.008201562,-0.037837658,0.018355183,-1.0047449
1850.5842108,-0.015651926,-0.004717882,0.009266827,-0.03441969,0.019575886,-1.008407
1850.58988452,-0.0113908695,-0.0057831462,0.011397354,-0.040523205,0.01689034,-1.0042566
1850.59407634,-0.017782457,-0.0036526173,0.009266827,-0.03881422,0.014448932,-0.9988856
1850.59988408,-0.017782457,-0.0025873529,0.009266827,-0.041011486,0.015913777,-0.99571174
1850.60430255,-0.014586663,-0.0025873529,0.0071362965,-0.03857008,0.018843465,-1.0008386
1850.60974552,-0.014586663,-0.004717882,0.009266827,-0.03881422,0.019575886,-1.0054773
1850.6140458,-0.016717192,-0.0057831462,0.010332089,-0.037837658,0.015669636,-1.0069422
1850.61988472,-0.015651926,-0.004717882,0.008201562,-0.03881422,0.01689034,-1.0035242
1850.6240416,-0.009260341,-0.0036526173,0.009266827,-0.040523205,0.01737862,-1.0020593
1850.62988468,-0.009260341,-0.0036526173,0.009266827,-0.03857008,0.013960651,-1.0003504
1850.63422148,-0.009260341,-0.004717882,0.009266827,-0.040523205,0.0137165105,-1.0001062
1850.63988399,-0.014586663,-0.0068484107,0.008201562,-0.03881422,0.018355183,-0.9974207
1850.64399934,-0.013521398,-0.0057831462,0.009266827,-0.04198805,0.019575886,-1.0013269
1850.64963225,-0.010325605,-0.0036526173,0.0071362965,-0.036861096,0.019820027,-1.0059656
1850.65394128,-0.012456134,-0.004717882,0.009266827,-0.035884533,0.014693073,-1.0074304
1850.65988803,-0.013521398,-0.0036526173,0.008201562,-0.0393025,0.013960651,-1.0037683
1850.66435084,-0.013521398,-0.004717882,0.010332089,-0.03881422,0.01737862,-0.9954676
1850.66977871,-0.0113908695,-0.004717882,0.008201562,-0.04296461,0.015913777,-0.99815315
1850.67409462,-0.012456134,-0.004717882,0.010332089,-0.04223219,0.015425495,-1.0037683
1850.67988301,-0.016717192,-0.004717882,0.008201562,-0.037593517,0.020064168,-1.0079187
1850.68412021,-0.016717192,-0.0036526173,0.011397354,-0.037349377,0.020552449,-1.0035242
1850.68988493,-0.015651926,-0.0036526173,0.008201562,-0.03881422,0.014204792,-1.0010828
1850.69420112,-0.012456134,-0.0036526173,0.009266827,-0.039790783,0.01347237,-0.99986213
1850.69988375,-0.014586663,-0.0036526173,0.009266827,-0.040034924,0.016646199,-0.999618
1850.70446264,-0.016717192,-0.0025873529,0.009266827,-0.03905836,0.017866902,-1.0008386
1850.70988369,-0.016717192,-0.0057831462,0.009266827,-0.03881422,0.018355183,-1.0013269
1850.71428116,-0.012456134,-0.007913675,0.009266827,-0.037837658,0.017866902,-1.0042566
1850.71976693,-0.015651926,-0.004717882,0.008201562,-0.03857008,0.01689034,-1.006698
1850.72413036,-0.013521398,-0.0025873529,0.009266827,-0.037837658,0.017622761,-1.0062097
1850.7297678,-0.016717192,-0.0025873529,0.010332089,-0.0393025,0.013960651,-1.0001062
1850.73401209,-0.017782457,-0.0036526173,0.008201562,-0.040034924,0.015425495,-0.9954676
1850.73988549,-0.012456134,-0.0057831462,0.010332089,-0.041011486,0.018355183,-0.9974207
1850.74436875,-0.0113908695,-0.004717882,0.010332089,-0.03905836,0.019087605,-1.0045007
1850.74971454,-0.013521398,-0.0036526173,0.009266827,-0.03881422,0.017622761,-1.0074304
1850.75388892,-0.013521398,-0.0036526173,0.0071362965,-0.036372814,0.017866902,-1.0057214
1850.75988399,-0.014586663,-0.0036526173,0.009266827,-0.036372814,0.016157918,-1.0018152
1850.76447778,-0.010325605,-0.0057831462,0.008201562,-0.03881422,0.01713448,-0.99864143
1850.76988371,-0.012456134,-0.004717882,0.009266827,-0.039790783,0.019087605,-1.0023035
1850.77427935,-0.013521398,-0.004717882,0.008201562,-0.041255627,0.015669636,-1.0005945
1850.77988467,-0.014586663,-0.0036526173,0.008201562,-0.03832594,0.01737862,-1.0023035
1850.78422903,-0.015651926,-0.004717882,0.009266827,-0.03490797,0.02104073,-1.0035242
1850.78971373,-0.014586663,-0.004717882,0.011397354,-0.0393025,0.016646199,-1.0054773
1850.79401481,-0.012456134,-0.0036526173,0.009266827,-0.041011486,0.012251667,-1.004989
1850.79976735,-0.012456134,-0.0036526173,0.009266827,-0.039790783,0.015669636,-0.99766487
1850.80388974,-0.012456134,-0.004717882,0.008201562,-0.03832594,0.018355183,-0.9959559
1850.80988437,-0.012456134,-0.0036526173,0.009266827,-0.037593517,0.018355183,-1.0013269
1850.81434495,-0.013521398,-0.0057831462,0.009266827,-0.03832594,0.018111043,-1.0086511
1850.81984125,-0.016717192,-0.0057831462,0.010332089,-0.03832594,0.018843465,-1.008407
1850.82419144,-0.013521398,-0.0036526173,0.009266827,-0.0393025,0.015913777,-1.00328
1850.82984511,-0.0113908695,-0.0036526173,0.0071362965,-0.036861096,0.016157918,-0.9974207
1850.83397776,-0.015651926,-0.004717882,0.009266827,-0.039546642,0.015181354,-0.9983973
1850.83984116,-0.013521398,-0.0057831462,0.009266827,-0.04223219,0.015913777,-1.0008386
1850.84402633,-0.0113908695,-0.0036526173,0.006071031,-0.04247633,0.018843465,-1.0025476
1850.84988401,-0.016717192,-0.0036526173,0.009266827,-0.03832594,0.018111043,-1.0023035
1850.85399548,-0.014586663,-0.004717882,0.009266827,-0.03490797,0.015913777,-1.004989
1850.85972385,-0.0113908695,-0.0057831462,0.009266827,-0.037837658,0.01713448,-1.0042566
1850.86389132,-0.010325605,-0.004717882,0.006071031,-0.03881422,0.014448932,-1.0023035
1850.86988426,-0.0113908695,-0.0036526173,0.006071031,-0.040523205,0.015913777,-0.9983973
1850.87438564,-0.014586663,-0.004717882,0.009266827,-0.040767346,0.019087605,-0.9988856
1850.87988307,-0.014586663,-0.0057831462,0.011397354,-0.03832594,0.020552449,-1.0042566
1850.884311,-0.013521398,-0.0057831462,0.008201562,-0.037349377,0.019087605,-1.0081629
1850.8897296,-0.015651926,-0.0036526173,0.010332089,-0.03857008,0.015425495,-1.0062097
1850.89394723,-0.012456134,-0.004717882,0.009266827,-0.040523205,0.01347237,-0.99986213
1850.8998852,-0.012456134,-0.0057831462,0.008201562,-0.040523205,0.015669636,-0.99400276
1850.90402269,-0.016717192,-0.0036526173,0.008201562,-0.04198805,0.01689034,-0.9988856
1850.90988403,-0.014586663,-0.004717882,0.010332089,-0.0393025,0.01689034,-1.0047449
1850.91437243,-0.015651926,-0.0036526173,0.008201562,-0.03832594,0.01737862,-1.006698
1850.91988676,-0.015651926,-0.0057831462,0.009266827,-0.03539625,0.019820027,-1.0047449
1850.9243118,-0.014586663,-0.0036526173,0.009266827,-0.037349377,0.017866902,-1.0042566
1850.92980785,-0.009260341,-0.0036526173,0.009266827,-0.037837658,0.013960651,-1.0040125
1850.93405451,-0.015651926,-0.004717882,0.009266827,-0.039790783,0.014937214,-0.9988856
1850.93988447,-0.0113908695,-0.0068484107,0.008201562,-0.039546642,0.017866902,-0.9962
1850.94411878,-0.013521398,-0.004717882,0.008201562,-0.040523205,0.018599324,-0.9983973
1850.94988351,-0.014586663,-0.004717882,0.009266827,-0.0393025,0.017866902,-1.0059656
1850.95429241,-0.012456134,-0.0025873529,0.008201562,-0.0380818,0.016646199,-1.010116
1850.95988247,-0.012456134,-0.0036526173,0.008201562,-0.037837658,0.016157918,-1.0057214
1850.96395702,-0.014586663,-0.0025873529,0.008201562,-0.039546642,0.016646199,-0.9983973
1850.96988406,-0.014586663,-0.004717882,0.008201562,-0.03905836,0.016157918,-0.99571174
1850.97426256,-0.014586663,-0.0057831462,0.008201562,-0.040034924,0.01737862,-1.0013269
1850.97988449,-0.015651926,-0.0057831462,0.009266827,-0.03905836,0.019575886,-1.0062097
1850.98436714,-0.014586663,-0.004717882,0.008201562,-0.036372814,0.020064168,-1.0052332
1850.98988477,-0.014586663,-0.004717882,0.0071362965,-0.03515211,0.01689034,-1.0030359
1850.99406014,-0.012456134,-0.0036526173,0.008201562,-0.0393025,0.01347237,-1.0025476
1850.99980758,-0.015651926,-0.004717882,0.008201562,-0.0393025,0.0137165105,-1.0008386
1851.00394483,-0.013521398,-0.0057831462,0.009266827,-0.04296461,0.016402058,-0.99986213
1851.009751,-0.015651926,-0.004717882,0.008201562,-0.040279064,0.017866902,-0.99864143
1851.01389235,-0.014586663,-0.0057831462,0.0071362965,-0.03881422,0.02079659,-1.0027918
1851.01988536,-0.014586663,-0.004717882,0.0071362965,-0.036372814,0.018355183,-1.0069422
1851.02450808,-0.016717192,-0.0025873529,0.009266827,-0.037105236,0.017622761,-1.0076746
1851.02988343,-0.015651926,-0.004717882,0.009266827,-0.037105236,0.015425495,-1.0020593
1851.03409084,-0.014586663,-0.0036526173,0.010332089,-0.03857008,0.015425495,-0.9954676
1851.0398879,-0.012456134,-0.0036526173,0.009266827,-0.040034924,0.018599324,-0.99644417
1851.04417224,-0.0113908695,-0.004717882,0.008201562,-0.03905836,0.017866902,-1.00328
1851.04960474,-0.013521398,-0.0068484107,0.009266827,-0.040279064,0.017866902,-1.0086511
1851.05398744,-0.012456134,-0.0057831462,0.006071031,-0.035884533,0.020552449,-1.0042566
1851.05988501,-0.009260341,-0.0057831462,0.0071362965,-0.040523205,0.017866902,-1.0005945
1851.06435052,-0.012456134,-0.0036526173,0.008201562,-0.040034924,0.012495807,-1.0030359
1851.06952616,-0.015651926,-0.0036526173,0.009266827,-0.041011486,0.016646199,-1.0001062
1851.07395686,-0.0113908695,-0.0057831462,0.0071362965,-0.03857008,0.01737862,-1.0008386
1851.07988324,-0.0113908695,-0.0068484107,0.0071362965,-0.040279064,0.019087605,-1.0005945
1851.08436657,-0.012456134,-0.004717882,0.008201562,-0.037349377,0.020552449,-1.0027918
1851.08988512,-0.015651926,-0.0036526173,0.009266827,-0.03832594,0.015913777,-1.0076746
1851.09406644,-0.014586663,-0.0025873529,0.008201562,-0.036616955,0.014937214,-1.0059656
1851.09988593,-0.014586663,-0.004717882,0.008201562,-0.03832594,0.016646199,-0.99864143
1851.10420866,-0.0113908695,-0.0057831462,0.0071362965,-0.040523205,0.015425495,-0.9954676
1851.10988664,-0.012456134,-0.004717882,0.009266827,-0.04296461,0.016646199,-0.999618
1851.1141116,-0.016717192,-0.0036526173,0.009266827,-0.041499767,0.020064168,-1.0074304
1851.11988344,-0.019912984,-0.004717882,0.010332089,-0.03905836,0.02104073,-1.006698
1851.12441116,-0.015651926,-0.0057831462,0.009266827,-0.037349377,0.01689034,-1.0047449
1851.12988442,-0.016717192,-0.004717882,0.009266827,-0.037349377,0.014204792,-1.0013269
1851.13435191,-0.015651926,-0.004717882,0.009266827,-0.040523205,0.015669636,-0.99986213
1851.13989002,-0.013521398,-0.0036526173,0.009266827,-0.04223219,0.017866902,-1.0001062
1851.1441591,-0.014586663,-0.004717882,0.008201562,-0.03881422,0.01689034,-1.0001062
1851.14988688,-0.0113908695,-0.004717882,0.008201562,-0.0380818,0.01689034,-1.0013269
1851.15409215,-0.014586663,-0.0057831462,0.008201562,-0.036128674,0.018355183,-1.0052332
1851.15956391,-0.014586663,-0.004717882,0.009266827,-0.039546642,0.018599324,-1.0071863
1851.16417844,-0.015651926,-0.0036526173,0.008201562,-0.041499767,0.014448932,-1.0052332
1851.16988472,-0.015651926,-0.0025873529,0.010332089,-0.039546642,0.013960651,-0.9971766
1851.1740727,-0.012456134,-0.0036526173,0.008201562,-0.037837658,0.018599324,-0.99644417
1851.17988466,-0.012456134,-0.0057831462,0.010332089,-0.040279064,0.019575886,-1.0005945
1851.18418282,-0.014586663,-0.004717882,0.0071362965,-0.03905836,0.018599324,-1.0071863
1851.18990142,-0.015651926,-0.0036526173,0.009266827,-0.03832594,0.01713448,-1.0062097
1851.19431497,-0.016717192,-0.0015220884,0.0071362965,-0.037837658,0.016402058,-1.0010828
1851.19977536,-0.016717192,-0.004717882,0.008201562,-0.0380818,0.01737862,-0.99693245
1851.20406033,-0.015651926,-0.0036526173,0.010332089,-0.041011486,0.015669636,-1.0003504
1851.20988439,-0.013521398,-0.0025873529,0.008201562,-0.043452892,0.014448932,-1.0027918
1851.21404241,-0.009260341,-0.0036526173,0.0071362965,-0.040034924,0.017866902,-1.0042566
1851.21988536,-0.013521398,-0.004717882,0.0071362965,-0.035884533,0.020064168,-1.00328
1851.22405664,-0.012456134,-0.004717882,0.009266827,-0.03515211,0.018111043,-1.0042566
1851.22988401,-0.0113908695,-0.0036526173,0.008201562,-0.03857008,0.014937214,-1.0057214
1851.23441793,-0.015651926,-0.004717882,0.008201562,-0.04247633,0.014693073,-1.0018152
1851.23977481,-0.012456134,-0.0036526173,0.009266827,-0.041499767,0.020064168,-0.9949793
1851.24409648,-0.015651926,-0.0036526173,0.008201562,-0.039546642,0.019331746,-0.99693245
1851.24979732,-0.013521398,-0.004717882,0.008201562,-0.036616955,0.015913777,-1.0057214
1851.25400116,-0.014586663,-0.0057831462,0.009266827,-0.036861096,0.019575886,-1.0096277
1851.25980912,-0.013521398,-0.004717882,0.0071362965,-0.0380818,0.020308308,-1.0052332
1851.26412414,-0.014586663,-0.0036526173,0.008201562,-0.040523205,0.015913777,-1.0010828
1851.26988569,-0.013521398,-0.004717882,0.0071362965,-0.03857008,0.014937214,-0.99693245
1851.27398536,-0.010325605,-0.0068484107,0.009266827,-0.040034924,0.01713448,-1.0005945
1851.27988331,-0.014586663,-0.004717882,0.008201562,-0.0393025,0.020064168,-1.0020593
1851.284106,-0.013521398,-0.0036526173,0.008201562,-0.039546642,0.020064168,-1.0037683
1851.28988367,-0.017782457,-0.0036526173,0.009266827,-0.037349377,0.019331746,-1.0030359
1851.29423632,-0.015651926,-0.0036526173,0.010332089,-0.037837658,0.01689034,-1.0054773
1851.29988458,-0.008195076,-0.004717882,0.0071362965,-0.037349377,0.014448932,-1.00328
1851.3041284,-0.010325605,-0.004717882,0.009266827,-0.03905836,0.016646199,-0.99766487
1851.30973717,-0.015651926,-0.004717882,0.008201562,-0.040034924,0.017866902,-0.99522346
1851.31402578,-0.016717192,-0.004717882,0.008201562,-0.040523205,0.01689034,-1.0008386
1851.31988368,-0.014586663,-0.004717882,0.008201562,-0.037349377,0.020308308,-1.006698
1851.32400833,-0.014586663,-0.0036526173,0.010332089,-0.035884533,0.018843465,-1.0096277
1851.32975225,-0.013521398,-0.004717882,0.006071031,-0.039546642,0.015913777,-1.0037683
1851.33393254,-0.0113908695,-0.004717882,0.008201562,-0.040034924,0.015669636,-0.9974207
1851.33988354,-0.014586663,-0.004717882,0.009266827,-0.040279064,0.01689034,-0.99644417
1851.34419628,-0.014586663,-0.004717882,0.009266827,-0.03881422,0.018111043,-1.0013269
1851.34988665,-0.013521398,-0.004717882,0.0071362965,-0.03857008,0.018843465,-1.0035242
1851.35430174,-0.013521398,-0.004717882,0.0071362965,-0.03515211,0.016402058,-1.0037683
1851.35979036,-0.0113908695,-0.004717882,0.008201562,-0.03881422,0.017622761,-1.0025476
1851.36402337,-0.015651926,-0.004717882,0.009266827,-0.039790783,0.016402058,-1.0052332
1851.36971682,-0.012456134,-0.004717882,0.008201562,-0.041011486,0.015913777,-1.0013269
1851.37402767,-0.009260341,-0.004717882,0.006071031,-0.037349377,0.014204792,-1.0003504
1851.37988576,-0.015651926,-0.0057831462,0.010332089,-0.037593517,0.019331746,-1.0027918
1851.38434916,-0.015651926,-0.0057831462,0.010332089,-0.037593517,0.019331746,-1.0027918
1851.38973397,-0.012456134,-0.0025873529,0.0071362965,-0.03881422,0.012495807,-1.0081629
1851.39400052,-0.012456134,-0.0025873529,0.0071362965,-0.03881422,0.012495807,-1.0081629
1851.39988536,-0.013521398,-0.004717882,0.008201562,-0.037837658,0.01737862,-0.9949793
1851.40419536,-0.013521398,-0.004717882,0.008201562,-0.037837658,0.01737862,-0.9949793
1851.40983632,-0.014586663,-0.004717882,0.008201562,-0.040034924,0.01737862,-1.006698
1851.41411798,-0.014586663,-0.004717882,0.008201562,-0.040034924,0.01737862,-1.006698
1851.41989165,-0.016717192,-0.004717882,0.0071362965,-0.036372814,0.019575886,-1.0042566
1851.4243168,-0.016717192,-0.004717882,0.0071362965,-0.036372814,0.019575886,-1.0042566
1851.42988536,-0.015651926,-0.0036526173,0.008201562,-0.040523205,0.012251667,-1.0018152
1851.43426946,-0.015651926,-0.0036526173,0.008201562,-0.040523205,0.012251667,-1.0018152
1851.43988545,-0.012456134,-0.004717882,0.010332089,-0.041499767,0.017866902,-0.99766487
1851.4440114,-0.012456134,-0.004717882,0.010332089,-0.041499767,0.017866902,-0.99766487
1851.44988396,-0.015651926,-0.004717882,0.010332089,-0.03832594,0.01737862,-1.0062097
1851.45445772,-0.013521398,-0.004717882,0.009266827,-0.03832594,0.01737862,-1.0081629
1851.45979687,-0.0113908695,-0.004717882,0.008201562,-0.037593517,0.01737862,-1.006698
1851.46417471,-0.0113908695,-0.004717882,0.008201562,-0.037593517,0.01737862,-1.006698
1851.46988491,-0.015651926,-0.0025873529,0.008201562,-0.040523205,0.016402058,-0.99571174
1851.47409733,-0.015651926,-0.0025873529,0.008201562,-0.040523205,0.016402058,-0.99571174
1851.47988454,-0.013521398,-0.004717882,0.006071031,-0.03832594,0.018599324,-1.0059656
1851.48435203,-0.013521398,-0.0057831462,0.008201562,-0.036861096,0.017622761,-1.0052332
1851.4898853,-0.015651926,-0.004717882,0.009266827,-0.037593517,0.01713448,-1.0035242
1851.49400012,-0.015651926,-0.004717882,0.009266827,-0.037593517,0.01713448,-1.0035242
1851.49988468,-0.015651926,-0.0025873529,0.008201562,-0.040523205,0.015669636,-1.0005945
1851.5043052,-0.010325605,-0.004717882,0.008201562,-0.040523205,0.017622761,-1.0005945
1851.50972925,-0.012456134,-0.004717882,0.008201562,-0.039546642,0.019575886,-0.9991297
1851.51402412,-0.0113908695,-0.0057831462,0.009266827,-0.037837658,0.018355183,-1.0037683
1851.51964609,-0.015651926,-0.0057831462,0.0071362965,-0.037349377,0.018843465,-1.0069422
1851.52403206,-0.016717192,-0.004717882,0.008201562,-0.037349377,0.019575886,-1.0071863
1851.52988419,-0.014586663,-0.0036526173,0.010332089,-0.040523205,0.015181354,-1.0042566
1851.5344371,-0.015651926,-0.0036526173,0.008201562,-0.03881422,0.014693073,-0.99449104
1851.53988552,-0.013521398,-0.0036526173,0.009266827,-0.039790783,0.018843465,-0.9954676
1851.5440985,-0.013521398,-0.004717882,0.0071362965,-0.040767346,0.020552449,-1.0023035
1851.54968974,-0.012456134,-0.0057831462,0.009266827,-0.03832594,0.018111043,-1.0096277
1851.55433233,-0.014586663,-0.004717882,0.009266827,-0.03881422,0.01737862,-1.0071863
1851.55988318,-0.013521398,-0.0036526173,0.009266827,-0.03832594,0.016157918,-1.0020593
1851.56424737,-0.014586663,-0.004717882,0.0071362965,-0.03832594,0.015669636,-0.99815315
1851.56988596,-0.014586663,-0.0036526173,0.009266827,-0.03857008,0.016157918,-1.0010828
1851.57402986,-0.014586663,-0.004717882,0.010332089,-0.03881422,0.018599324,-1.0008386
1851.57988437,-0.014586663,-0.004717882,0.010332089,-0.0380818,0.020064168,-1.0018152
1851.58405737,-0.013521398,-0.004717882,0.008201562,-0.03857008,0.019087605,-1.0023035
1851.58988513,-0.015651926,-0.0036526173,0.009266827,-0.035884533,0.01689034,-1.0054773
1851.59424824,-0.017782457,-0.004717882,0.009266827,-0.040034924,0.015669636,-1.0052332
1851.59978811,-0.014586663,-0.0036526173,0.008201562,-0.040523205,0.013960651,-1.0001062
1851.60400447,-0.012456134,-0.0036526173,0.008201562,-0.041255627,0.01689034,-0.9959559
1851.60988528,-0.013521398,-0.004717882,0.009266827,-0.041011486,0.018599324,-0.9988856
1851.61426188,-0.012456134,-0.004717882,0.0071362965,-0.0393025,0.018843465,-1.0064539
1851.6198493,-0.012456134,-0.0036526173,0.010332089,-0.03515211,0.019575886,-1.0086511
1851.62420241,-0.012456134,-0.0036526173,0.009266827,-0.037837658,0.01689034,-1.0040125
1851.62959116,-0.015651926,-0.0036526173,0.009266827,-0.036128674,0.01347237,-0.99864143
1851.63397843,-0.017782457,-0.0057831462,0.009266827,-0.040767346,0.01713448,-0.9959559
1851.63988481,-0.013521398,-0.004717882,0.0071362965,-0.041011486,0.017622761,-1.0005945
1851.64421402,-0.010325605,-0.004717882,0.008201562,-0.041499767,0.018355183,-1.0020593
1851.64988786,-0.016717192,-0.0036526173,0.009266827,-0.037105236,0.016402058,-1.0037683
1851.65404044,-0.015651926,-0.004717882,0.008201562,-0.037837658,0.018843465,-1.0035242
1851.6598845,-0.017782457,-0.0057831462,0.008201562,-0.037349377,0.018599324,-1.0047449
1851.66455632,-0.013521398,-0.0036526173,0.009266827,-0.04247633,0.014937214,-1.0042566
1851.66988624,-0.012456134,-0.0025873529,0.0071362965,-0.039546642,0.014937214,-0.9983973
1851.67419648,-0.014586663,-0.004717882,0.0071362965,-0.0393025,0.016402058,-0.99644417
1851.67988361,-0.013521398,-0.004717882,0.008201562,-0.0380818,0.020552449,-1.0003504
1851.6840116,-0.014586663,-0.0057831462,0.009266827,-0.037105236,0.018843465,-1.0069422
1851.689885,-0.012456134,-0.004717882,0.009266827,-0.03832594,0.014448932,-1.0074304
1851.69402779,-0.012456134,-0.0036526173,0.008201562,-0.0380818,0.015669636,-1.0027918
1851.69988585,-0.014586663,-0.004717882,0.008201562,-0.037593517,0.018843465,-0.9949793
1851.70411765,-0.0113908695,-0.004717882,0.009266827,-0.041499767,0.015669636,-0.9988856
1851.70988484,-0.012456134,-0.0057831462,0.008201562,-0.04223219,0.014693073,-1.0037683
1851.71426816,-0.016717192,-0.004717882,0.009266827,-0.041255627,0.019575886,-1.0054773
1851.71984216,-0.015651926,-0.0036526173,0.008201562,-0.036861096,0.020552449,-1.0035242
1851.72406219,-0.016717192,-0.0036526173,0.008201562,-0.036128674,0.016402058,-1.0037683
1851.72978878,-0.016717192,-0.0057831462,0.009266827,-0.036861096,0.0137165105,-1.0042566
1851.73403346,-0.016717192,-0.004717882,0.009266827,-0.03905836,0.014937214,-1.0005945
1851.73988475,-0.0113908695,-0.0036526173,0.009266827,-0.041011486,0.019575886,-0.9966883
1851.74427632,-0.013521398,-0.0057831462,0.009266827,-0.0393025,0.01737862,-0.997909
1851.74982825,-0.014586663,-0.0068484107,0.008201562,-0.03905836,0.01737862,-1.0030359
1851.75393386,-0.013521398,-0.0057831462,0.009266827,-0.037837658,0.019820027,-1.0074304
1851.75966913,-0.013521398,-0.0015220884,0.008201562,-0.041499767,0.015181354,-1.006698
1851.76394676,-0.017782457,-0.0025873529,0.008201562,-0.037837658,0.013960651,-1.0013269
1851.7698845,-0.014586663,-0.004717882,0.010332089,-0.03905836,0.01689034,-0.99522346
1851.77435628,-0.016717192,-0.0036526173,0.009266827,-0.03881422,0.016646199,-0.999618
1851.77988816,-0.016717192,-0.004717882,0.008201562,-0.03881422,0.018843465,-1.004989
1851.78429594,-0.014586663,-0.004717882,0.008201562,-0.0380818,0.019087605,-1.006698
1851.7896868,-0.0113908695,-0.004717882,0.008201562,-0.035884533,0.018599324,-1.0035242
1851.79397308,-0.013521398,-0.0036526173,0.010332089,-0.037349377,0.015425495,-1.001571
1851.7998848,-0.013521398,-0.004717882,0.008201562,-0.040034924,0.013960651,-1.0023035
1851.80425381,-0.013521398,-0.004717882,0.008201562,-0.040034924,0.01713448,-0.99986213
1851.80984449,-0.015651926,-0.004717882,0.008201562,-0.041255627,0.017866902,-0.9983973
1851.81413852,-0.012456134,-0.004717882,0.008201562,-0.040279064,0.017866902,-1.0013269
1851.81989427,-0.014586663,-0.004717882,0.0071362965,-0.036861096,0.020552449,-1.004989
1851.82432986,-0.014586663,-0.0036526173,0.008201562,-0.037837658,0.017622761,-1.0091394
1851.82977036,-0.017782457,-0.0025873529,0.010332089,-0.03905836,0.014448932,-1.0059656
1851.83412354,-0.016717192,-0.0036526173,0.010332089,-0.039546642,0.015913777,-0.9959559
1851.83962139,-0.013521398,-0.004717882,0.009266827,-0.039546642,0.016402058,-0.9954676
1851.84398611,-0.0113908695,-0.004717882,0.0071362965,-0.0393025,0.017866902,-1.0008386
1851.84988409,-0.017782457,-0.0057831462,0.011397354,-0.03881422,0.018843465,-1.0069422
1851.85423012,-0.014586663,-0.004717882,0.010332089,-0.036128674,0.018111043,-1.0064539
1851.85988451,-0.015651926,-0.004717882,0.009266827,-0.037837658,0.01689034,-1.0025476
1851.863951,-0.014586663,-0.0025873529,0.008201562,-0.040279064,0.01689034,-1.0013269
1851.86988568,-0.012456134,-0.0057831462,0.008201562,-0.040279064,0.016402058,-1.0001062
1851.87453357,-0.013521398,-0.0057831462,0.008201562,-0.041011486,0.014448932,-1.0013269
1851.87988455,-0.012456134,-0.004717882,0.008201562,-0.041499767,0.016646199,-1.0005945
1851.88435506,-0.013521398,-0.0057831462,0.008201562,-0.036861096,0.020552449,-1.0013269
1851.88988682,-0.013521398,-0.004717882,0.009266827,-0.036128674,0.018843465,-1.0040125
1851.89408303,-0.013521398,-0.004717882,0.010332089,-0.037837658,0.015669636,-1.0062097
1851.89988463,-0.014586663,-0.0036526173,0.009266827,-0.040523205,0.016157918,-1.0020593
1851.90399303,-0.014586663,-0.0036526173,0.009266827,-0.037837658,0.015181354,-0.9962
1851.90988553,-0.010325605,-0.0057831462,0.0071362965,-0.0393025,0.01689034,-0.99644417
1851.91394334,-0.013521398,-0.0068484107,0.008201562,-0.03881422,0.020064168,-1.00328
1851.91988547,-0.017782457,-0.0057831462,0.008201562,-0.03905836,0.018843465,-1.0081629
1851.9244074,-0.014586663,-0.0036526173,0.008201562,-0.03905836,0.016157918,-1.0069422
1851.92978552,-0.015651926,-0.0036526173,0.008201562,-0.0380818,0.01713448,-1.0003504
1851.93415676,-0.01884772,-0.0025873529,0.009266827,-0.037349377,0.014937214,-0.997909
1851.93988527,-0.0113908695,-0.0057831462,0.009266827,-0.040034924,0.014937214,-0.99815315
1851.94403068,-0.012456134,-0.0057831462,0.009266827,-0.04223219,0.016402058,-1.0020593
1851.94988521,-0.015651926,-0.004717882,0.008201562,-0.04198805,0.020552449,-1.0018152
1851.95414504,-0.013521398,-0.004717882,0.0071362965,-0.036616955,0.02079659,-1.0023035
1851.95988568,-0.014586663,-0.0036526173,0.009266827,-0.035640392,0.015913777,-1.0062097
1851.96398321,-0.014586663,-0.0036526173,0.009266827,-0.035884533,0.0137165105,-1.0069422
1851.96964002,-0.014586663,-0.0057831462,0.009266827,-0.041011486,0.014937214,-1.0001062
1851.97393722,-0.012456134,-0.004717882,0.009266827,-0.041499767,0.017866902,-0.9954676
1851.97988687,-0.014586663,-0.004717882,0.008201562,-0.04223219,0.018843465,-0.9983973
1851.98450048,-0.013521398,-0.004717882,0.0071362965,-0.037349377,0.016646199,-1.0064539
1851.98988419,-0.014586663,-0.0036526173,0.010332089,-0.036616955,0.01737862,-1.0079187
1851.994131,-0.014586663,-0.004717882,0.008201562,-0.03857008,0.01713448,-1.0042566
1851.99982998,-0.014586663,-0.0025873529,0.008201562,-0.040523205,0.015425495,-0.9974207
1852.00406489,-0.014586663,-0.0025873529,0.008201562,-0.040279064,0.014448932,-0.99693245
1852.00988388,-0.010325605,-0.004717882,0.008201562,-0.037349377,0.017866902,-1.0005945
1852.01409727,-0.012456134,-0.0057831462,0.008201562,-0.037593517,0.019575886,-1.0042566
1852.01988564,-0.014586663,-0.0068484107,0.009266827,-0.0380818,0.020308308,-1.0042566
1852.024413,-0.013521398,-0.0036526173,0.009266827,-0.03832594,0.018843465,-1.0037683
1852.02988443,-0.009260341,-0.004717882,0.008201562,-0.03832594,0.015425495,-1.0054773
1852.03425892,-0.012456134,-0.004717882,0.008201562,-0.03832594,0.0137165105,-1.00328
1852.03979314,-0.0113908695,-0.0057831462,0.009266827,-0.03832594,0.01737862,-0.99693245
1852.04399258,-0.015651926,-0.0057831462,0.009266827,-0.04272047,0.017866902,-0.99522346
1852.04988445,-0.017782457,-0.004717882,0.009266827,-0.041255627,0.016402058,-1.0013269
1852.05412639,-0.014586663,-0.004717882,0.009266827,-0.03857008,0.019087605,-1.0088953
1852.05988536,-0.012456134,-0.004717882,0.0071362965,-0.03539625,0.019087605,-1.0086511
1852.06431842,-0.0113908695,-0.0036526173,0.008201562,-0.037837658,0.014937214,-1.0035242
1852.06988674,-0.015651926,-0.004717882,0.009266827,-0.03832594,0.015913777,-0.99693245
1852.07406623,-0.013521398,-0.0057831462,0.009266827,-0.040767346,0.017622761,-0.99766487
1852.07988521,-0.013521398,-0.0036526173,0.008201562,-0.039546642,0.018355183,-1.0020593
1852.08447436,-0.014586663,-0.004717882,0.010332089,-0.03881422,0.018355183,-1.0052332
1852.08988475,-0.013521398,-0.004717882,0.0071362965,-0.036372814,0.017622761,-1.00328
1852.09419193,-0.014586663,-0.0036526173,0.009266827,-0.03881422,0.017622761,-1.0027918
1852.0998864,-0.014586663,-0.0036526173,0.009266827,-0.041743908,0.015425495,-1.0047449
1852.10402329,-0.015651926,-0.0025873529,0.010332089,-0.039546642,0.014937214,-1.0018152
1852.10981682,-0.010325605,-0.004717882,0.008201562,-0.0393025,0.016402058,-0.9988856
1852.11396616,-0.014586663,-0.004717882,0.009266827,-0.037349377,0.020552449,-0.99815315
1852.11970112,-0.013521398,-0.0068484107,0.009266827,-0.0393025,0.020064168,-1.0042566
1852.12394639,-0.013521398,-0.004717882,0.009266827,-0.0380818,0.017622761,-1.0074304
1852.12988673,-0.014586663,-0.0036526173,0.008201562,-0.0393025,0.016157918,-1.0069422
1852.13457484,-0.016717192,-0.0025873529,0.009266827,-0.0380818,0.016157918,-0.9983973
1852.1398866,-0.015651926,-0.004717882,0.008201562,-0.040034924,0.015669636,-0.9962
1852.14422461,-0.013521398,-0.004717882,0.008201562,-0.041499767,0.016402058,-0.9983973
1852.1498852,-0.015651926,-0.004717882,0.008201562,-0.041011486,0.018355183,-1.0057214
1852.15422738,-0.0113908695,-0.004717882,0.008201562,-0.03832594,0.019331746,-1.0057214
1852.159626,-0.013521398,-0.0036526173,0.008201562,-0.03539625,0.019087605,-1.0027918
1852.16396624,-0.016717192,-0.004717882,0.010332089,-0.037349377,0.017866902,-1.0013269
1852.16988863,-0.013521398,-0.004717882,0.008201562,-0.041011486,0.015425495,-1.0027918
1852.17435418,-0.014586663,-0.0036526173,0.0071362965,-0.041743908,0.01689034,-1.0005945
1852.17988552,-0.014586663,-0.004717882,0.009266827,-0.039546642,0.01737862,-0.99986213
1852.18389802,-0.012456134,-0.0057831462,0.008201562,-0.037837658,0.01689034,-1.0025476
1852.1898868,-0.013521398,-0.007913675,0.009266827,-0.035640392,0.018599324,-1.0052332
1852.19429084,-0.013521398,-0.0057831462,0.008201562,-0.040279064,0.017622761,-1.0062097
1852.1998843,-0.014586663,-0.0036526173,0.009266827,-0.03881422,0.014937214,-1.0040125
1852.20417632,-0.015651926,-0.0057831462,0.011397354,-0.039790783,0.015425495,-0.9954676
1852.20976855,-0.015651926,-0.0036526173,0.009266827,-0.03832594,0.01737862,-0.9959559
1852.21398958,-0.013521398,-0.004717882,0.009266827,-0.039790783,0.018843465,-1.0010828
1852.21988553,-0.015651926,-0.0057831462,0.008201562,-0.040523205,0.01689034,-1.0086511
1852.2239968,-0.014586663,-0.0036526173,0.010332089,-0.03881422,0.01713448,-1.0057214
1852.22988794,-0.014586663,-0.0025873529,0.006071031,-0.036128674,0.01737862,-1.0020593
1852.23437225,-0.010325605,-0.004717882,0.009266827,-0.036616955,0.015425495,-0.99986213
1852.23988498,-0.015651926,-0.004717882,0.008201562,-0.0380818,0.0137165105,-1.0018152
1852.24421148,-0.015651926,-0.004717882,0.009266827,-0.04223219,0.018355183,-0.99986213
1852.24988528,-0.012456134,-0.0057831462,0.009266827,-0.04223219,0.017866902,-0.99986213
1852.25426568,-0.017782457,-0.0057831462,0.009266827,-0.03857008,0.01689034,-1.0025476
1852.25988528,-0.012456134,-0.004717882,0.009266827,-0.036372814,0.018355183,-1.006698
1852.26401839,-0.017782457,-0.004717882,0.008201562,-0.0380818,0.016402058,-1.0071863
1852.26973552,-0.016717192,-0.0036526173,0.009266827,-0.040767346,0.014937214,-1.0027918
1852.27403309,-0.013521398,-0.0036526173,0.011397354,-0.040034924,0.01689034,-0.9949793
1852.27988601,-0.015651926,-0.0068484107,0.009266827,-0.03905836,0.019087605,-1.0042566
1852.28407096,-0.015651926,-0.0068484107,0.009266827,-0.03905836,0.019087605,-1.0042566
1852.28988628,-0.014586663,-0.004717882,0.008201562,-0.03881422,0.01737862,-1.0042566
1852.29410664,-0.014586663,-0.004717882,0.008201562,-0.03881422,0.01737862,-1.0042566
1852.29988826,-0.014586663,-0.004717882,0.010332089,-0.0380818,0.014937214,-0.997909
1852.30422838,-0.014586663,-0.004717882,0.010332089,-0.0380818,0.014937214,-0.997909
1852.30988514,-0.013521398,-0.0036526173,0.0071362965,-0.040523205,0.018111043,-1.0013269
1852.31400612,-0.013521398,-0.0036526173,0.0071362965,-0.040523205,0.018111043,-1.0013269
1852.31988522,-0.014586663,-0.004717882,0.008201562,-0.037593517,0.019331746,-1.0035242
1852.32426996,-0.014586663,-0.004717882,0.008201562,-0.037593517,0.019331746,-1.0035242
1852.32963644,-0.012456134,-0.004717882,0.0071362965,-0.037837658,0.015425495,-1.0047449
1852.33395707,-0.012456134,-0.004717882,0.0071362965,-0.037837658,0.015425495,-1.0047449
1852.3398868,-0.012456134,-0.0036526173,0.010332089,-0.041255627,0.017866902,-0.9949793
1852.34439917,-0.012456134,-0.0036526173,0.010332089,-0.041255627,0.017866902,-0.9949793
1852.34981786,-0.013521398,-0.0036526173,0.008201562,-0.0380818,0.018355183,-1.0071863
1852.35409974,-0.013521398,-0.0036526173,0.008201562,-0.0380818,0.018355183,-1.0071863
1852.35988829,-0.0113908695,-0.0036526173,0.008201562,-0.0393025,0.01713448,-1.0057214
1852.36417062,-0.0113908695,-0.0036526173,0.008201562,-0.0393025,0.01713448,-1.0057214
1852.36978792,-0.0113908695,-0.0036526173,0.0071362965,-0.037349377,0.015669636,-0.9974207
1852.37410245,-0.0113908695,-0.0036526173,0.0071362965,-0.037349377,0.015669636,-0.9974207
1852.37988664,-0.0113908695,-0.0057831462,0.009266827,-0.040034924,0.017622761,-1.0027918
1852.38440699,-0.0113908695,-0.004717882,0.008201562,-0.03832594,0.018599324,-1.0037683
1852.38959921,-0.016717192,-0.0036526173,0.008201562,-0.03857008,0.018843465,-1.0035242
1852.39399547,-0.016717192,-0.0036526173,0.008201562,-0.03857008,0.018843465,-1.0035242
1852.39988536,-0.013521398,-0.004717882,0.008201562,-0.040767346,0.016157918,-1.0018152
1852.40429494,-0.016717192,-0.0036526173,0.008201562,-0.039546642,0.01347237,-0.997909
1852.40988528,-0.013521398,-0.004717882,0.008201562,-0.040767346,0.015913777,-0.9959559
1852.4140797,-0.012456134,-0.0068484107,0.009266827,-0.040767346,0.015913777,-0.9959559
1852.41974214,-0.015651926,-0.0057831462,0.009266827,-0.03881422,0.019087605,-1.0071863
1852.42408815,-0.014586663,-0.004717882,0.009266827,-0.037837658,0.01737862,-1.0091394
1852.42988527,-0.01884772,-0.0025873529,0.010332089,-0.03857008,0.016402058,-1.0027918
1852.43445724,-0.013521398,-0.0015220884,0.0071362965,-0.037837658,0.014937214,-0.99644417
1852.43948626,-0.013521398,-0.004717882,0.0071362965,-0.039546642,0.014448932,-0.99766487
1852.4440002,-0.013521398,-0.0036526173,0.008201562,-0.041255627,0.01689034,-1.0018152
1852.44988584,-0.017782457,-0.004717882,0.010332089,-0.03881422,0.018843465,-1.004989
1852.45428182,-0.01884772,-0.004717882,0.009266827,-0.035884533,0.016646199,-1.0047449
1852.45988627,-0.013521398,-0.004717882,0.009266827,-0.036128674,0.017622761,-1.0027918
1852.46425084,-0.014586663,-0.0057831462,0.0071362965,-0.03832594,0.016402058,-1.0042566
1852.46988875,-0.014586663,-0.0036526173,0.008201562,-0.04320875,0.014693073,-1.0008386
1852.47402128,-0.012456134,-0.004717882,0.008201562,-0.040523205,0.016157918,-0.99986213
1852.47988471,-0.015651926,-0.0036526173,0.009266827,-0.040279064,0.018843465,-0.997909
1852.48409227,-0.013521398,-0.004717882,0.008201562,-0.036372814,0.019087605,-1.0042566
1852.48988686,-0.016717192,-0.004717882,0.009266827,-0.035884533,0.017866902,-1.0071863
1852.49419632,-0.014586663,-0.004717882,0.008201562,-0.03857008,0.015669636,-1.0057214
1852.49988626,-0.013521398,-0.0057831462,0.009266827,-0.040523205,0.014448932,-0.999618
1852.50413849,-0.014586663,-0.0057831462,0.0071362965,-0.0393025,0.01713448,-0.9959559
1852.50989441,-0.014586663,-0.0036526173,0.009266827,-0.040523205,0.01689034,-1.0001062
1852.51426514,-0.015651926,-0.004717882,0.009266827,-0.039546642,0.018843465,-1.0062097
1852.51978107,-0.014586663,-0.004717882,0.008201562,-0.041011486,0.018843465,-1.0062097
1852.52412781,-0.015651926,-0.004717882,0.008201562,-0.037837658,0.017622761,-1.0037683
1852.52984933,-0.017782457,-0.0036526173,0.010332089,-0.036616955,0.014693073,-1.0030359
1852.5342145,-0.017782457,-0.004717882,0.009266827,-0.0380818,0.016402058,-1.0013269
1852.53988719,-0.012456134,-0.0036526173,0.009266827,-0.040523205,0.01689034,-0.9991297
1852.54416824,-0.014586663,-0.004717882,0.008201562,-0.041499767,0.01713448,-0.9971766
1852.54966639,-0.014586663,-0.0057831462,0.009266827,-0.039546642,0.01713448,-1.0008386
1852.55406401,-0.013521398,-0.004717882,0.006071031,-0.036372814,0.02104073,-1.0054773
1852.55988458,-0.014586663,-0.004717882,0.009266827,-0.036128674,0.018355183,-1.0081629
1852.56431945,-0.016717192,-0.004717882,0.009266827,-0.040523205,0.01347237,-1.004989
1852.56980171,-0.014586663,-0.0025873529,0.008201562,-0.0393025,0.014937214,-0.99644417
1852.57421858,-0.013521398,-0.0036526173,0.010332089,-0.039790783,0.01713448,-0.99644417
1852.57988664,-0.012456134,-0.004717882,0.009266827,-0.0393025,0.018111043,-1.0013269
1852.58411648,-0.012456134,-0.0057831462,0.008201562,-0.037837658,0.018843465,-1.0057214
1852.58988632,-0.013521398,-0.0057831462,0.009266827,-0.037837658,0.01689034,-1.0037683
1852.59425174,-0.013521398,-0.004717882,0.009266827,-0.0393025,0.017866902,-1.0018152
1852.5998844,-0.012456134,-0.0036526173,0.010332089,-0.03832594,0.01689034,-1.0020593
1852.60405584,-0.013521398,-0.0057831462,0.009266827,-0.03832594,0.014937214,-1.0013269
1852.60988643,-0.012456134,-0.0057831462,0.009266827,-0.040034924,0.016157918,-1.0010828
1852.61422069,-0.013521398,-0.0057831462,0.011397354,-0.041499767,0.019087605,-0.99986213
1852.61988632,-0.013521398,-0.0036526173,0.008201562,-0.035884533,0.018843465,-1.0025476
1852.6240002,-0.012456134,-0.0036526173,0.0071362965,-0.036861096,0.016646199,-1.0054773
1852.62971853,-0.013521398,-0.004717882,0.008201562,-0.036861096,0.01689034,-1.0064539
1852.63400513,-0.016717192,-0.0036526173,0.009266827,-0.040523205,0.015913777,-1.0008386
1852.63988644,-0.012456134,-0.0036526173,0.008201562,-0.041743908,0.015425495,-0.9954676
1852.6443333,-0.010325605,-0.004717882,0.008201562,-0.041011486,0.016402058,-0.9983973
1852.64988568,-0.013521398,-0.0057831462,0.006071031,-0.0380818,0.019087605,-1.0042566
1852.65410644,-0.014586663,-0.004717882,0.009266827,-0.037105236,0.016402058,-1.008407
1852.65988634,-0.016717192,-0.0057831462,0.0071362965,-0.036616955,0.01713448,-1.0047449
1852.66438798,-0.013521398,-0.004717882,0.009266827,-0.039546642,0.017622761,-1.0008386
1852.66988694,-0.009260341,-0.0057831462,0.006071031,-0.041011486,0.014448932,-0.99986213
1852.67430236,-0.014586663,-0.004717882,0.009266827,-0.03905836,0.015669636,-1.001571
1852.67988616,-0.012456134,-0.0068484107,0.010332089,-0.040034924,0.017866902,-0.999618
1852.68403536,-0.0113908695,-0.0057831462,0.010332089,-0.03905836,0.018111043,-1.001571
1852.68971964,-0.014586663,-0.0057831462,0.009266827,-0.039790783,0.019087605,-1.0035242
1852.69404064,-0.016717192,-0.004717882,0.009266827,-0.037349377,0.01689034,-1.006698
1852.6998852,-0.016717192,-0.0025873529,0.008201562,-0.03881422,0.014937214,-1.0052332
1852.70427709,-0.012456134,-0.004717882,0.008201562,-0.036861096,0.015669636,-0.997909
1852.70975768,-0.014586663,-0.004717882,0.008201562,-0.041255627,0.016402058,-0.9954676
1852.71409584,-0.015651926,-0.004717882,0.009266827,-0.041011486,0.017866902,-1.0010828
1852.71988578,-0.014586663,-0.0057831462,0.006071031,-0.040523205,0.020064168,-1.0088953
1852.72420068,-0.014586663,-0.004717882,0.0071362965,-0.03490797,0.017866902,-1.0079187
1852.729886,-0.015651926,-0.0036526173,0.0071362965,-0.037593517,0.01689034,-1.0023035
1852.7340836,-0.014586663,-0.0036526173,0.009266827,-0.037349377,0.014937214,-0.997909
1852.73988477,-0.012456134,-0.0036526173,0.0071362965,-0.041011486,0.015669636,-0.9971766
1852.74401552,-0.015651926,-0.0036526173,0.008201562,-0.041499767,0.018355183,-1.0003504
1852.74988745,-0.013521398,-0.004717882,0.009266827,-0.041011486,0.017866902,-1.0025476
1852.75432443,-0.014586663,-0.0057831462,0.008201562,-0.036616955,0.01689034,-1.0047449
1852.75991868,-0.013521398,-0.0036526173,0.008201562,-0.03905836,0.01737862,-1.0059656
1852.76393781,-0.014586663,-0.0025873529,0.008201562,-0.037349377,0.01737862,-1.0069422
1852.76988536,-0.0113908695,-0.004717882,0.0071362965,-0.040034924,0.014448932,-1.0037683
1852.77452871,-0.010325605,-0.004717882,0.008201562,-0.03832594,0.016646199,-0.99693245
1852.77989159,-0.014586663,-0.0036526173,0.009266827,-0.0393025,0.019087605,-0.9962
1852.78428446,-0.013521398,-0.004717882,0.010332089,-0.040034924,0.017622761,-1.0018152
1852.78988624,-0.01884772,-0.004717882,0.009266827,-0.03905836,0.017866902,-1.0071863
1852.79407545,-0.016717192,-0.0036526173,0.008201562,-0.03832594,0.017866902,-1.0069422
1852.79982424,-0.012456134,-0.0036526173,0.008201562,-0.03905836,0.014937214,-1.0023035
1852.80389222,-0.012456134,-0.0036526173,0.008201562,-0.040034924,0.014448932,-0.9974207
1852.80988626,-0.015651926,-0.0036526173,0.009266827,-0.040523205,0.01737862,-0.99986213
1852.81406417,-0.015651926,-0.0036526173,0.009266827,-0.04198805,0.018111043,-1.0027918
1852.819886,-0.013521398,-0.0057831462,0.0071362965,-0.037593517,0.017866902,-1.0052332
1852.82433209,-0.010325605,-0.0057831462,0.008201562,-0.036372814,0.018843465,-1.0037683
1852.82976461,-0.016717192,-0.004717882,0.010332089,-0.037349377,0.015913777,-1.0057214
1852.83405812,-0.016717192,-0.004717882,0.010332089,-0.0393025,0.014693073,-1.0045007
1852.83992351,-0.013521398,-0.0036526173,0.008201562,-0.039546642,0.015913777,-0.9988856
1852.84410142,-0.014586663,-0.004717882,0.008201562,-0.0393025,0.016402058,-0.99644417
1852.84988536,-0.015651926,-0.0036526173,0.008201562,-0.03905836,0.018355183,-0.9983973
1852.8540741,-0.013521398,-0.004717882,0.008201562,-0.03905836,0.018843465,-1.006698
1852.8598868,-0.012456134,-0.004717882,0.009266827,-0.037593517,0.018843465,-1.0091394
1852.86415242,-0.016717192,-0.0036526173,0.009266827,-0.037349377,0.016402058,-1.0062097
1852.86959832,-0.012456134,-0.0036526173,0.009266827,-0.039546642,0.014937214,-0.99937385
1852.87406376,-0.014586663,-0.0025873529,0.009266827,-0.037837658,0.017622761,-0.99522346
1852.87988611,-0.012456134,-0.004717882,0.008201562,-0.041743908,0.018599324,-0.99986213
1852.88440064,-0.015651926,-0.0057831462,0.008201562,-0.0393025,0.017622761,-1.0057214
1852.88979434,-0.017782457,-0.0036526173,0.010332089,-0.036372814,0.018355183,-1.0045007
1852.89408989,-0.014586663,-0.0036526173,0.008201562,-0.036128674,0.01689034,-1.0025476
1852.89983648,-0.014586663,-0.0036526173,0.008201562,-0.03832594,0.01737862,-1.0025476
1852.90409687,-0.012456134,-0.004717882,0.009266827,-0.04198805,0.015669636,-1.0023035
1852.90988676,-0.012456134,-0.0025873529,0.008201562,-0.04296461,0.015425495,-0.9988856
1852.91423294,-0.014586663,-0.0036526173,0.008201562,-0.0393025,0.019575886,-0.997909
1852.91988675,-0.012456134,-0.0036526173,0.008201562,-0.03832594,0.019087605,-1.0035242
1852.924334,-0.016717192,-0.0036526173,0.009266827,-0.035640392,0.017622761,-1.0081629
1852.92988792,-0.017782457,-0.0036526173,0.009266827,-0.03832594,0.019820027,-1.0076746
1852.93429944,-0.012456134,-0.004717882,0.009266827,-0.03905836,0.016157918,-1.0018152
1852.93983872,-0.013521398,-0.004717882,0.008201562,-0.037837658,0.012739948,-0.9942469
1852.94415224,-0.015651926,-0.004717882,0.009266827,-0.040523205,0.01689034,-0.99644417
1852.94964628,-0.012456134,-0.0057831462,0.009266827,-0.041499767,0.018599324,-1.0018152
1852.95397307,-0.014586663,-0.0036526173,0.008201562,-0.040523205,0.020308308,-1.0069422
1852.95988655,-0.016717192,-0.0036526173,0.009266827,-0.03881422,0.017866902,-1.0042566
1852.96436742,-0.017782457,-0.004717882,0.010332089,-0.036861096,0.014204792,-1.00328
1852.96988746,-0.012456134,-0.004717882,0.009266827,-0.037349377,0.016646199,-1.0023035
1852.97405302,-0.012456134,-0.004717882,0.008201562,-0.040767346,0.016402058,-1.0003504
1852.97988744,-0.013521398,-0.0036526173,0.009266827,-0.040523205,0.015425495,-1.0001062
1852.9845779,-0.015651926,-0.0036526173,0.008201562,-0.03881422,0.018355183,-0.99864143
1852.98988562,-0.016717192,-0.0057831462,0.0071362965,-0.035640392,0.018843465,-1.00328
1852.99414112,-0.015651926,-0.004717882,0.008201562,-0.037349377,0.019575886,-1.006698
1852.99988632,-0.013521398,-0.0025873529,0.009266827,-0.03857008,0.016157918,-1.0071863
1853.0041152,-0.015651926,-0.0025873529,0.008201562,-0.040767346,0.013228229,-1.0013269
1853.00980464,-0.014586663,-0.0036526173,0.010332089,-0.040034924,0.017866902,-0.9954676
1853.01397664,-0.014586663,-0.004717882,0.011397354,-0.039546642,0.01737862,-0.9983973
1853.01988848,-0.013521398,-0.004717882,0.009266827,-0.03857008,0.01713448,-1.0081629
1853.02396267,-0.014586663,-0.0036526173,0.0071362965,-0.040034924,0.019575886,-1.0079187
1853.02988643,-0.013521398,-0.004717882,0.008201562,-0.0380818,0.019575886,-1.0027918
1853.03438632,-0.014586663,-0.0036526173,0.009266827,-0.036861096,0.015425495,-1.0001062
1853.03980632,-0.014586663,-0.0057831462,0.008201562,-0.03832594,0.012007526,-1.0001062
1853.04419371,-0.013521398,-0.0057831462,0.008201562,-0.040034924,0.01737862,-1.0003504
1853.04980568,-0.015651926,-0.0057831462,0.009266827,-0.04247633,0.020064168,-0.9988856
1853.053982,-0.016717192,-0.004717882,0.008201562,-0.040523205,0.018355183,-1.0027918
1853.05988655,-0.015651926,-0.004717882,0.009266827,-0.036372814,0.017622761,-1.0059656
1853.06420203,-0.01884772,-0.0036526173,0.008201562,-0.037349377,0.016646199,-1.0069422
1853.06988438,-0.017782457,-0.0036526173,0.009266827,-0.03881422,0.015425495,-1.0047449
1853.07399208,-0.013521398,-0.004717882,0.008201562,-0.039790783,0.01689034,-0.99644417
1853.07988536,-0.012456134,-0.0036526173,0.008201562,-0.04223219,0.01689034,-0.99571174
1853.08395119,-0.013521398,-0.0036526173,0.008201562,-0.03857008,0.016402058,-1.0013269
1853.08989942,-0.013521398,-0.004717882,0.010332089,-0.037349377,0.019820027,-1.0074304
1853.09438763,-0.015651926,-0.0057831462,0.010332089,-0.03539625,0.020308308,-1.0057214
1853.09988584,-0.012456134,-0.0057831462,0.009266827,-0.039790783,0.014693073,-1.0018152
1853.10423937,-0.013521398,-0.0036526173,0.008201562,-0.039790783,0.013960651,-1.0003504
1853.10977052,-0.014586663,-0.0025873529,0.008201562,-0.039546642,0.018355183,-0.997909
1853.11395385,-0.0113908695,-0.004717882,0.008201562,-0.03905836,0.01689034,-1.0013269
1853.11988536,-0.014586663,-0.0036526173,0.009266827,-0.04198805,0.018599324,-1.0013269
1853.12406128,-0.015651926,-0.004717882,0.009266827,-0.036861096,0.019575886,-1.0023035
1853.12988621,-0.013521398,-0.004717882,0.0071362965,-0.039546642,0.018599324,-1.004989
1853.13438219,-0.014586663,-0.0015220884,0.0071362965,-0.03881422,0.015425495,-1.0064539
1853.13988845,-0.013521398,-0.0036526173,0.0071362965,-0.0393025,0.01689034,-1.0013269
1853.14423968,-0.015651926,-0.0036526173,0.008201562,-0.03857008,0.013228229,-0.99693245
1853.14988772,-0.015651926,-0.004717882,0.0071362965,-0.040034924,0.016402058,-0.99693245
1853.1539848,-0.015651926,-0.004717882,0.009266827,-0.040034924,0.020552449,-1.0037683
1853.15988591,-0.012456134,-0.0057831462,0.008201562,-0.039546642,0.018111043,-1.0086511
1853.16412108,-0.015651926,-0.0036526173,0.0071362965,-0.036128674,0.015425495,-1.006698
1853.16983229,-0.014586663,-0.0057831462,0.009266827,-0.039790783,0.016646199,-1.0001062
1853.1742366,-0.012456134,-0.004717882,0.006071031,-0.037837658,0.01689034,-0.9971766
1853.1798868,-0.012456134,-0.0057831462,0.008201562,-0.04247633,0.016157918,-1.0005945
1853.18424247,-0.012456134,-0.0057831462,0.008201562,-0.040767346,0.01713448,-1.0027918
1853.18988648,-0.015651926,-0.0025873529,0.009266827,-0.036128674,0.019331746,-1.0023035
1853.19433886,-0.015651926,-0.0025873529,0.009266827,-0.036128674,0.019331746,-1.0023035
1853.19988616,-0.012456134,-0.0036526173,0.008201562,-0.0393025,0.01347237,-1.0040125
1853.20424084,-0.012456134,-0.0036526173,0.008201562,-0.0393025,0.01347237,-1.0040125
1853.20988617,-0.012456134,-0.0036526173,0.0071362965,-0.041743908,0.01737862,-0.99766487
1853.21405773,-0.012456134,-0.0036526173,0.0071362965,-0.041743908,0.01737862,-0.99766487
1853.21988701,-0.013521398,-0.004717882,0.009266827,-0.040767346,0.018355183,-1.0071863
1853.2239518,-0.013521398,-0.004717882,0.009266827,-0.040767346,0.018355183,-1.0071863
1853.22979362,-0.015651926,-0.004717882,0.009266827,-0.03905836,0.01689034,-1.0040125
1853.23389453,-0.015651926,-0.004717882,0.009266827,-0.03905836,0.01689034,-1.0040125
1853.23988592,-0.013521398,-0.0036526173,0.008201562,-0.040034924,0.014448932,-0.9959559
1853.24446497,-0.013521398,-0.0036526173,0.008201562,-0.040034924,0.014448932,-0.9959559
1853.24988667,-0.012456134,-0.004717882,0.0071362965,-0.040034924,0.017866902,-1.0042566
1853.254181,-0.012456134,-0.004717882,0.0071362965,-0.040034924,0.017866902,-1.0042566
1853.25988698,-0.016717192,-0.0036526173,0.011397354,-0.037349377,0.01689034,-1.0030359
1853.26409203,-0.016717192,-0.0036526173,0.011397354,-0.037349377,0.01689034,-1.0030359
1853.26985148,-0.012456134,-0.004717882,0.008201562,-0.040034924,0.015669636,-1.0020593
1853.27406835,-0.012456134,-0.004717882,0.008201562,-0.040034924,0.015669636,-1.0020593
1853.2798902,-0.013521398,-0.0036526173,0.008201562,-0.04247633,0.018355183,-0.9959559
1853.28444003,-0.015651926,-0.004717882,0.009266827,-0.0393025,0.01737862,-1.0023035
1853.28952203,-0.013521398,-0.0057831462,0.009266827,-0.037593517,0.01713448,-1.0076746
1853.29395596,-0.013521398,-0.0057831462,0.009266827,-0.037593517,0.01713448,-1.0076746
1853.29988922,-0.013521398,-0.0036526173,0.008201562,-0.039546642,0.01689034,-1.001571
1853.30435713,-0.013521398,-0.004717882,0.009266827,-0.03857008,0.0137165105,-0.9971766
1853.30985204,-0.012456134,-0.004717882,0.009266827,-0.03881422,0.018599324,-0.9988856
1853.31402874,-0.012456134,-0.004717882,0.009266827,-0.03881422,0.018599324,-0.9988856
1853.31988977,-0.015651926,-0.004717882,0.009266827,-0.039790783,0.019575886,-1.0062097
1853.32405183,-0.015651926,-0.004717882,0.009266827,-0.039790783,0.019575886,-1.0062097
1853.32988685,-0.012456134,-0.004717882,0.009266827,-0.036861096,0.01689034,-1.0018152
1853.33411673,-0.012456134,-0.004717882,0.009266827,-0.03832594,0.015669636,-1.00328
1853.33988649,-0.015651926,-0.004717882,0.008201562,-0.040523205,0.016402058,-1.0003504
1853.34436859,-0.013521398,-0.004717882,0.008201562,-0.041255627,0.01713448,-0.99864143
1853.34988798,-0.014586663,-0.0057831462,0.009266827,-0.03905836,0.019575886,-0.99815315
1853.35429062,-0.013521398,-0.0057831462,0.008201562,-0.036861096,0.018355183,-1.0047449
1853.35988548,-0.013521398,-0.004717882,0.010332089,-0.036372814,0.019087605,-1.0081629
1853.36407228,-0.012456134,-0.0036526173,0.009266827,-0.0380818,0.018111043,-1.0071863
1853.36988785,-0.012456134,-0.004717882,0.008201562,-0.039546642,0.015425495,-0.9988856
1853.37405818,-0.013521398,-0.004717882,0.008201562,-0.0393025,0.01713448,-0.99449104
1853.3798868,-0.013521398,-0.004717882,0.0071362965,-0.037837658,0.015669636,-0.99937385
1853.38419217,-0.014586663,-0.0057831462,0.0071362965,-0.03905836,0.016402058,-1.0062097
1853.38988723,-0.016717192,-0.0057831462,0.009266827,-0.0393025,0.021529011,-1.0047449
1853.39407142,-0.015651926,-0.0036526173,0.010332089,-0.03881422,0.018599324,-1.00328
1853.39988641,-0.015651926,-0.0025873529,0.009266827,-0.039546642,0.013960651,-1.0018152
1853.40419256,-0.015651926,-0.0036526173,0.0071362965,-0.03832594,0.012739948,-1.0018152
1853.40988552,-0.013521398,-0.0036526173,0.008201562,-0.0393025,0.019575886,-0.99986213
1853.41425346,-0.012456134,-0.0057831462,0.009266827,-0.039790783,0.020064168,-0.999618
1853.41994763,-0.014586663,-0.0036526173,0.009266827,-0.0393025,0.01713448,-1.0037683
1853.42402271,-0.015651926,-0.0057831462,0.009266827,-0.036861096,0.018843465,-1.0052332
1853.42988836,-0.015651926,-0.0036526173,0.009266827,-0.036861096,0.017622761,-1.0071863
1853.43447776,-0.016717192,-0.0036526173,0.010332089,-0.03881422,0.016402058,-1.0030359
1853.43955697,-0.015651926,-0.004717882,0.009266827,-0.03905836,0.015913777,-0.99522346
1853.44403585,-0.0113908695,-0.0057831462,0.010332089,-0.044429455,0.015913777,-0.9962
1853.44988612,-0.016717192,-0.0025873529,0.009266827,-0.041011486,0.018599324,-1.0025476
1853.45444368,-0.014586663,-0.004717882,0.009266827,-0.0380818,0.021529011,-1.0074304
1853.45985237,-0.016717192,-0.004717882,0.009266827,-0.036616955,0.018599324,-1.006698
1853.46401575,-0.015651926,-0.0036526173,0.008201562,-0.037349377,0.016646199,-1.0018152
1853.46981459,-0.012456134,-0.004717882,0.008201562,-0.0380818,0.016402058,-1.0013269
1853.47401032,-0.012456134,-0.0057831462,0.010332089,-0.041499767,0.015669636,-0.99986213
1853.47988809,-0.0113908695,-0.0025873529,0.009266827,-0.040034924,0.017622761,-1.0008386
1853.48401749,-0.014586663,-0.0057831462,0.009266827,-0.039546642,0.017866902,-0.999618
1853.48988755,-0.0113908695,-0.0057831462,0.008201562,-0.035884533,0.016646199,-1.0030359
1853.49398568,-0.012456134,-0.0068484107,0.008201562,-0.037837658,0.019575886,-1.0052332
1853.4997887,-0.013521398,-0.004717882,0.008201562,-0.039546642,0.015913777,-1.0064539
1853.50389196,-0.015651926,-0.0036526173,0.010332089,-0.040767346,0.013960651,-1.0013269
1853.50988719,-0.014586663,-0.004717882,0.009266827,-0.041011486,0.016646199,-0.9971766
1853.51424612,-0.012456134,-0.0057831462,0.009266827,-0.040279064,0.019087605,-0.9983973
1853.51988696,-0.0113908695,-0.0057831462,0.009266827,-0.040034924,0.019087605,-1.0064539
1853.52410998,-0.012456134,-0.004717882,0.009266827,-0.037593517,0.019575886,-1.006698
1853.52973787,-0.010325605,-0.0036526173,0.008201562,-0.036616955,0.018355183,-1.0037683
1853.53402336,-0.013521398,-0.004717882,0.006071031,-0.036372814,0.016402058,-1.0001062
1853.53988824,-0.012456134,-0.004717882,0.008201562,-0.040767346,0.014693073,-0.99864143
1853.54402966,-0.017782457,-0.004717882,0.008201562,-0.041011486,0.016157918,-1.001571
1853.54969795,-0.012456134,-0.004717882,0.009266827,-0.041499767,0.018355183,-1.0013269
1853.55393564,-0.015651926,-0.0036526173,0.008201562,-0.0393025,0.01737862,-1.0023035
1853.55988648,-0.017782457,-0.0036526173,0.008201562,-0.037105236,0.018355183,-1.0042566
1853.56421813,-0.015651926,-0.0036526173,0.008201562,-0.0393025,0.015669636,-1.0054773
1853.56988658,-0.015651926,-0.0025873529,0.008201562,-0.0393025,0.0137165105,-1.00328
1853.57428307,-0.016717192,-0.0025873529,0.010332089,-0.040034924,0.01737862,-0.9966883
1853.57989012,-0.013521398,-0.0036526173,0.008201562,-0.037593517,0.01689034,-0.99693245
1853.58403235,-0.017782457,-0.004717882,0.008201562,-0.040523205,0.01713448,-1.0018152
1853.58971864,-0.015651926,-0.004717882,0.008201562,-0.03832594,0.022017293,-1.0081629
1853.59404052,-0.013521398,-0.004717882,0.009266827,-0.037837658,0.018355183,-1.0062097
1853.59988639,-0.015651926,-0.0025873529,0.008201562,-0.037593517,0.014448932,-1.0023035
1853.604092,-0.013521398,-0.004717882,0.009266827,-0.03881422,0.015425495,-0.9974207
1853.6098868,-0.013521398,-0.0057831462,0.009266827,-0.040034924,0.01713448,-0.99766487
1853.61414284,-0.013521398,-0.0057831462,0.009266827,-0.040523205,0.016402058,-1.0025476
1853.6198876,-0.012456134,-0.0057831462,0.008201562,-0.040523205,0.015913777,-1.0047449
1853.62419712,-0.015651926,-0.004717882,0.010332089,-0.036861096,0.020308308,-1.0045007
1853.6298426,-0.014586663,-0.004717882,0.008201562,-0.036861096,0.020308308,-1.0035242
1853.63414964,-0.009260341,-0.0036526173,0.009266827,-0.036372814,0.013960651,-1.0045007
1853.63983464,-0.014586663,-0.004717882,0.0071362965,-0.040279064,0.014448932,-1.0003504
1853.64421761,-0.015651926,-0.0036526173,0.008201562,-0.039546642,0.018355183,-0.9959559
1853.64988664,-0.014586663,-0.0036526173,0.009266827,-0.041499767,0.018355183,-0.99644417
1853.65406444,-0.0113908695,-0.004717882,0.009266827,-0.037837658,0.018111043,-1.0052332
1853.65965226,-0.013521398,-0.0057831462,0.009266827,-0.037593517,0.018355183,-1.0071863
1853.66397731,-0.015651926,-0.004717882,0.008201562,-0.03832594,0.018599324,-1.0081629
1853.66988909,-0.012456134,-0.004717882,0.008201562,-0.041255627,0.01689034,-1.0003504
1853.67426277,-0.015651926,-0.004717882,0.009266827,-0.0393025,0.014937214,-0.997909
1853.67988744,-0.013521398,-0.004717882,0.009266827,-0.03881422,0.015669636,-0.99986213
1853.68430884,-0.015651926,-0.004717882,0.008201562,-0.03857008,0.019087605,-1.0018152
1853.68978751,-0.015651926,-0.0068484107,0.008201562,-0.037349377,0.020552449,-1.0035242
1853.69416363,-0.014586663,-0.0036526173,0.008201562,-0.036372814,0.01689034,-1.0035242
1853.69988632,-0.015651926,-0.0036526173,0.008201562,-0.03881422,0.015913777,-1.0042566
1853.70416764,-0.015651926,-0.004717882,0.008201562,-0.03881422,0.01689034,-1.0042566
1853.7098873,-0.014586663,-0.004717882,0.009266827,-0.041011486,0.01737862,-0.9983973
1853.71407687,-0.014586663,-0.004717882,0.009266827,-0.041499767,0.016402058,-0.99864143
1853.7198903,-0.014586663,-0.0057831462,0.009266827,-0.040767346,0.018599324,-1.0001062
1853.72421897,-0.0113908695,-0.0057831462,0.0071362965,-0.03881422,0.019331746,-1.0071863
1853.7298102,-0.012456134,-0.0036526173,0.008201562,-0.036372814,0.017866902,-1.0069422
1853.73405112,-0.013521398,-0.0036526173,0.008201562,-0.036861096,0.015181354,-1.0042566
1853.73969329,-0.015651926,-0.0025873529,0.009266827,-0.039790783,0.0137165105,-0.99644417
1853.74407335,-0.015651926,-0.0036526173,0.0071362965,-0.039546642,0.018355183,-0.9959559
1853.74988807,-0.012456134,-0.0057831462,0.009266827,-0.039546642,0.018843465,-1.0010828
1853.7544434,-0.012456134,-0.004717882,0.009266827,-0.039546642,0.01737862,-1.006698
1853.75968096,-0.010325605,-0.004717882,0.009266827,-0.035640392,0.01713448,-1.0052332
1853.76400232,-0.015651926,-0.004717882,0.010332089,-0.03857008,0.018111043,-1.0035242
1853.76988648,-0.012456134,-0.004717882,0.0071362965,-0.03832594,0.017866902,-1.00328
1853.77437687,-0.012456134,-0.0036526173,0.009266827,-0.041499767,0.014937214,-0.99986213
1853.77988644,-0.0113908695,-0.0036526173,0.009266827,-0.040279064,0.013228229,-0.99937385
1853.78433124,-0.012456134,-0.0057831462,0.0071362965,-0.0393025,0.019331746,-0.99766487
1853.78979239,-0.013521398,-0.0068484107,0.009266827,-0.0393025,0.02104073,-1.00328
1853.79406616,-0.015651926,-0.004717882,0.008201562,-0.03832594,0.017866902,-1.0074304
1853.7996421,-0.015651926,-0.0025873529,0.008201562,-0.036616955,0.01737862,-1.0076746
1853.80407004,-0.014586663,-0.0025873529,0.008201562,-0.0393025,0.015669636,-1.0023035
1853.80988664,-0.014586663,-0.004717882,0.008201562,-0.036861096,0.017622761,-0.9954676
1853.8142468,-0.013521398,-0.0057831462,0.009266827,-0.041011486,0.019087605,-0.997909
1853.81988616,-0.017782457,-0.0036526173,0.009266827,-0.04198805,0.018355183,-1.0037683
1853.82416229,-0.016717192,-0.004717882,0.008201562,-0.03857008,0.018843465,-1.006698
1853.82988827,-0.012456134,-0.004717882,0.009266827,-0.036616955,0.017866902,-1.0045007
1853.83426489,-0.014586663,-0.004717882,0.008201562,-0.037837658,0.015913777,-1.001571
1853.83978716,-0.014586663,-0.0036526173,0.009266827,-0.0380818,0.01689034,-1.0003504
1853.84414909,-0.013521398,-0.0036526173,0.010332089,-0.04247633,0.014448932,-0.99815315
1853.84970648,-0.015651926,-0.0036526173,0.008201562,-0.039546642,0.01713448,-0.99937385
1853.8540908,-0.015651926,-0.0068484107,0.009266827,-0.03832594,0.020308308,-1.0008386
1853.85988725,-0.014586663,-0.0057831462,0.009266827,-0.035884533,0.01713448,-1.0069422
1853.86425505,-0.013521398,-0.0057831462,0.009266827,-0.0380818,0.018599324,-1.0074304
1853.8698869,-0.015651926,-0.004717882,0.009266827,-0.040279064,0.018599324,-1.006698
1853.87406309,-0.015651926,-0.0025873529,0.009266827,-0.040523205,0.0137165105,-0.9988856
1853.87988894,-0.012456134,-0.004717882,0.0071362965,-0.03881422,0.014937214,-0.9974207
1853.88457968,-0.009260341,-0.0057831462,0.0071362965,-0.037349377,0.018599324,-0.997909
1853.88988734,-0.015651926,-0.0057831462,0.009266827,-0.03881422,0.017622761,-1.0054773
1853.89420696,-0.014586663,-0.004717882,0.009266827,-0.040034924,0.01737862,-1.004989
1853.89992396,-0.016717192,-0.0036526173,0.009266827,-0.036861096,0.015669636,-1.00328
1853.90413632,-0.015651926,-0.0036526173,0.009266827,-0.0380818,0.016157918,-1.0013269
1853.90981947,-0.015651926,-0.0036526173,0.010332089,-0.03881422,0.015913777,-1.0018152
1853.91409084,-0.016717192,-0.004717882,0.009266827,-0.043452892,0.016402058,-1.0013269
1853.91988903,-0.012456134,-0.0057831462,0.009266827,-0.039790783,0.017866902,-1.0003504
1853.92413721,-0.016717192,-0.004717882,0.008201562,-0.0393025,0.020064168,-1.0013269
1853.92988735,-0.015651926,-0.0036526173,0.010332089,-0.033931408,0.020308308,-1.0040125
1853.93433951,-0.013521398,-0.0036526173,0.009266827,-0.0393025,0.01713448,-1.0052332
1853.93983377,-0.017782457,-0.004717882,0.009266827,-0.039546642,0.012984089,-1.0030359
1853.94402469,-0.017782457,-0.0036526173,0.011397354,-0.04272047,0.016157918,-0.9954676
1853.9497799,-0.017782457,-0.0025873529,0.011397354,-0.040767346,0.019087605,-0.99766487
1853.95403505,-0.014586663,-0.0036526173,0.009266827,-0.040523205,0.018599324,-1.0027918
1853.95988753,-0.014586663,-0.0057831462,0.011397354,-0.037349377,0.018111043,-1.0093836
1853.9642797,-0.016717192,-0.0036526173,0.008201562,-0.036861096,0.019087605,-1.006698
1853.96988648,-0.012456134,-0.004717882,0.008201562,-0.03515211,0.01737862,-1.0023035
1853.97421512,-0.014586663,-0.004717882,0.009266827,-0.039546642,0.014937214,-0.99937385
1853.97988925,-0.015651926,-0.004717882,0.009266827,-0.0393025,0.015425495,-0.9988856
1853.98425628,-0.0113908695,-0.0036526173,0.0071362965,-0.04320875,0.017866902,-0.99937385
1853.98988857,-0.015651926,-0.0057831462,0.009266827,-0.039546642,0.018843465,-1.0027918
1853.99420752,-0.013521398,-0.0057831462,0.009266827,-0.03905836,0.018599324,-1.0037683
1853.99988674,-0.012456134,-0.0036526173,0.008201562,-0.037349377,0.019575886,-1.0062097
1854.00399944,-0.015651926,-0.0025873529,0.009266827,-0.03881422,0.015669636,-1.0062097
1854.00973882,-0.014586663,-0.0025873529,0.008201562,-0.03832594,0.013960651,-1.001571
1854.01396826,-0.013521398,-0.0036526173,0.010332089,-0.039546642,0.01689034,-0.99693245
1854.01988862,-0.014586663,-0.0057831462,0.009266827,-0.0393025,0.020064168,-0.9988856
1854.02429116,-0.013521398,-0.0036526173,0.009266827,-0.039790783,0.018111043,-1.0062097
1854.0297602,-0.012456134,-0.004717882,0.0071362965,-0.037593517,0.01737862,-1.0071863
1854.03426198,-0.014586663,-0.004717882,0.009266827,-0.036861096,0.018843465,-1.0042566
1854.03988711,-0.015651926,-0.0025873529,0.009266827,-0.0393025,0.01689034,-0.999618
1854.0442711,-0.013521398,-0.004717882,0.008201562,-0.0393025,0.013960651,-0.9971766
1854.04988771,-0.012456134,-0.004717882,0.0071362965,-0.041255627,0.014937214,-0.99986213
1854.05401731,-0.015651926,-0.0036526173,0.009266827,-0.04223219,0.018843465,-1.0025476
1854.05966648,-0.013521398,-0.0036526173,0.009266827,-0.03832594,0.019575886,-1.0047449
1854.06401693,-0.013521398,-0.004717882,0.009266827,-0.036861096,0.016402058,-1.0047449
1854.0698922,-0.014586663,-0.0036526173,0.006071031,-0.037837658,0.015913777,-1.0057214
1854.0742689,-0.015651926,-0.0025873529,0.0071362965,-0.0393025,0.018355183,-1.0018152
1854.07989068,-0.012456134,-0.0015220884,0.009266827,-0.03881422,0.015913777,-0.99766487
1854.08402648,-0.014586663,-0.0057831462,0.009266827,-0.039546642,0.014937214,-0.99766487
1854.08988848,-0.013521398,-0.004717882,0.009266827,-0.037837658,0.02104073,-1.0005945
1854.0943828,-0.013521398,-0.004717882,0.009266827,-0.0393025,0.019575886,-1.0062097
1854.09988872,-0.015651926,-0.0036526173,0.009266827,-0.037837658,0.015913777,-1.00328
1854.10430796,-0.015651926,-0.0036526173,0.009266827,-0.037837658,0.015913777,-1.00328
1854.10988632,-0.012456134,-0.0036526173,0.009266827,-0.0393025,0.01689034,-0.9983973
1854.11409273,-0.012456134,-0.0036526173,0.009266827,-0.0393025,0.01689034,-0.9983973
1854.11983576,-0.012456134,-0.004717882,0.010332089,-0.040034924,0.017866902,-1.0042566
1854.123981,-0.012456134,-0.004717882,0.010332089,-0.040034924,0.017866902,-1.0042566
1854.12988644,-0.015651926,-0.0036526173,0.008201562,-0.036372814,0.018843465,-1.00328
1854.13399323,-0.015651926,-0.0036526173,0.008201562,-0.036372814,0.018843465,-1.00328
1854.13989258,-0.015651926,-0.0036526173,0.009266827,-0.041743908,0.014448932,-0.99937385
1854.14440616,-0.015651926,-0.0036526173,0.009266827,-0.041743908,0.014448932,-0.99937385
1854.14984644,-0.013521398,-0.0057831462,0.008201562,-0.0393025,0.019087605,-0.9974207
1854.15409428,-0.013521398,-0.0057831462,0.008201562,-0.0393025,0.019087605,-0.9974207
1854.15988675,-0.013521398,-0.0068484107,0.010332089,-0.036861096,0.018599324,-1.0079187
1854.16410978,-0.013521398,-0.0068484107,0.010332089,-0.036861096,0.018599324,-1.0079187
1854.16988611,-0.012456134,-0.0036526173,0.008201562,-0.039790783,0.016402058,-1.0008386
1854.17412837,-0.012456134,-0.0036526173,0.008201562,-0.039790783,0.016402058,-1.0008386
1854.17989331,-0.016717192,-0.004717882,0.010332089,-0.037837658,0.017866902,-0.997909
1854.1841314,-0.016717192,-0.004717882,0.010332089,-0.037837658,0.017866902,-0.997909
1854.18965016,-0.012456134,-0.004717882,0.008201562,-0.039790783,0.017866902,-1.0052332
1854.19393799,-0.012456134,-0.004717882,0.008201562,-0.039790783,0.017866902,-1.0052332
1854.19988846,-0.013521398,-0.004717882,0.009266827,-0.039546642,0.01689034,-1.0025476
1854.20435626,-0.016717192,-0.0057831462,0.010332089,-0.037837658,0.01347237,-1.0018152
1854.20988681,-0.012456134,-0.004717882,0.009266827,-0.041011486,0.014693073,-0.999618
1854.21418002,-0.012456134,-0.004717882,0.009266827,-0.041011486,0.014693073,-0.999618
1854.21989084,-0.015651926,-0.0036526173,0.008201562,-0.03881422,0.019087605,-1.0030359
1854.22409829,-0.015651926,-0.0036526173,0.008201562,-0.03881422,0.019087605,-1.0030359
1854.22988791,-0.016717192,-0.0025873529,0.011397354,-0.03441969,0.01737862,-1.0071863
1854.23413192,-0.016717192,-0.0036526173,0.009266827,-0.0393025,0.015425495,-1.0045007
1854.23988705,-0.015651926,-0.004717882,0.008201562,-0.0393025,0.015913777,-0.99693245
1854.24435882,-0.0113908695,-0.004717882,0.009266827,-0.041011486,0.01737862,-0.99571174
1854.24988794,-0.015651926,-0.004717882,0.009266827,-0.040767346,0.01689034,-0.99937385
1854.25422397,-0.012456134,-0.0036526173,0.0071362965,-0.039546642,0.018111043,-1.0071863
1854.25988894,-0.015651926,-0.004717882,0.010332089,-0.037349377,0.019331746,-1.0062097
1854.26408176,-0.014586663,-0.0036526173,0.009266827,-0.03832594,0.01689034,-1.0047449
1854.26988944,-0.016717192,-0.0036526173,0.010332089,-0.03905836,0.015669636,-1.0025476
1854.27419664,-0.012456134,-0.0036526173,0.009266827,-0.03905836,0.014937214,-0.99986213
1854.27989076,-0.013521398,-0.004717882,0.008201562,-0.040034924,0.01737862,-0.99937385
1854.28423299,-0.012456134,-0.004717882,0.010332089,-0.03832594,0.019575886,-0.99864143
1854.28988901,-0.012456134,-0.0068484107,0.009266827,-0.039546642,0.018355183,-1.0037683
1854.29408211,-0.012456134,-0.0057831462,0.0071362965,-0.036128674,0.018843465,-1.0057214
1854.29988842,-0.015651926,-0.0036526173,0.008201562,-0.03881422,0.016402058,-1.0054773
1854.30437328,-0.015651926,-0.004717882,0.009266827,-0.039546642,0.014448932,-1.0018152
1854.30988804,-0.013521398,-0.004717882,0.010332089,-0.04198805,0.016402058,-0.99693245
1854.31435942,-0.013521398,-0.004717882,0.008201562,-0.04198805,0.017622761,-0.9983973
1854.31981683,-0.012456134,-0.004717882,0.009266827,-0.040523205,0.01737862,-1.0045007
1854.32396877,-0.013521398,-0.0057831462,0.009266827,-0.035884533,0.02128487,-1.0069422
1854.32988758,-0.012456134,-0.0057831462,0.010332089,-0.036861096,0.01737862,-1.004989
1854.33401407,-0.014586663,-0.004717882,0.0071362965,-0.036861096,0.015913777,-1.00328
1854.33981048,-0.0113908695,-0.0057831462,0.008201562,-0.039790783,0.01737862,-0.99937385
1854.34389293,-0.009260341,-0.0057831462,0.0071362965,-0.04198805,0.01713448,-0.9988856
1854.34988894,-0.010325605,-0.004717882,0.009266827,-0.040034924,0.017622761,-1.0003504
1854.35453722,-0.014586663,-0.0057831462,0.009266827,-0.040523205,0.018355183,-1.00328
1854.35989064,-0.014586663,-0.004717882,0.009266827,-0.037349377,0.018111043,-1.0054773
1854.36423568,-0.013521398,-0.0036526173,0.010332089,-0.03832594,0.018599324,-1.0062097
1854.36988792,-0.014586663,-0.0036526173,0.009266827,-0.039546642,0.01689034,-1.0052332
1854.37412779,-0.013521398,-0.0036526173,0.006071031,-0.0393025,0.01347237,-0.99937385
1854.3798883,-0.015651926,-0.0036526173,0.008201562,-0.03832594,0.015913777,-0.9959559
1854.38400084,-0.012456134,-0.0057831462,0.010332089,-0.040279064,0.018843465,-0.9983973
1854.38988903,-0.014586663,-0.0068484107,0.0071362965,-0.03832594,0.018843465,-1.0042566
1854.39436585,-0.013521398,-0.0036526173,0.009266827,-0.03832594,0.016402058,-1.0076746
1854.39959569,-0.019912984,-0.0036526173,0.009266827,-0.036372814,0.016402058,-1.0037683
1854.40402335,-0.014586663,-0.0036526173,0.008201562,-0.037593517,0.015425495,-1.0010828
1854.40988728,-0.016717192,-0.004717882,0.010332089,-0.040767346,0.014204792,-0.9991297
1854.41435355,-0.014586663,-0.004717882,0.009266827,-0.04247633,0.017622761,-1.001571
1854.41988633,-0.0113908695,-0.0057831462,0.009266827,-0.041499767,0.020308308,-1.0013269
1854.42421616,-0.016717192,-0.0036526173,0.010332089,-0.0393025,0.01689034,-1.0045007
1854.4298916,-0.016717192,-0.0036526173,0.008201562,-0.03515211,0.018355183,-1.0045007
1854.43427471,-0.015651926,-0.004717882,0.009266827,-0.037105236,0.018355183,-1.0042566
1854.43982209,-0.012456134,-0.004717882,0.009266827,-0.041011486,0.0137165105,-1.001571
1854.44389487,-0.012456134,-0.004717882,0.008201562,-0.039546642,0.014693073,-0.9974207
1854.44949802,-0.012456134,-0.004717882,0.009266827,-0.040767346,0.017866902,-0.9971766
1854.45437149,-0.014586663,-0.004717882,0.009266827,-0.03905836,0.017622761,-1.0040125
1854.45989025,-0.013521398,-0.004717882,0.010332089,-0.03832594,0.018355183,-1.0081629
1854.46428479,-0.013521398,-0.0025873529,0.008201562,-0.037593517,0.019331746,-1.0071863
1854.46988919,-0.014586663,-0.004717882,0.010332089,-0.039790783,0.016157918,-1.0018152
1854.47416887,-0.013521398,-0.0025873529,0.008201562,-0.040034924,0.014937214,-0.9974207
1854.47988702,-0.013521398,-0.0036526173,0.009266827,-0.03905836,0.016646199,-0.99815315
1854.4841283,-0.014586663,-0.004717882,0.008201562,-0.03905836,0.01713448,-1.0023035
1854.48956266,-0.013521398,-0.004717882,0.008201562,-0.040523205,0.018355183,-1.0037683
1854.49402219,-0.016717192,-0.004717882,0.010332089,-0.036372814,0.019331746,-1.00328
1854.4998891,-0.016717192,-0.004717882,0.011397354,-0.0380818,0.018111043,-1.0020593
1854.50397239,-0.015651926,-0.0036526173,0.009266827,-0.0380818,0.015913777,-1.0047449
1854.50988749,-0.015651926,-0.0025873529,0.009266827,-0.039546642,0.015913777,-1.0008386
1854.51422002,-0.013521398,-0.004717882,0.0071362965,-0.04198805,0.016157918,-0.99937385
1854.51988747,-0.014586663,-0.0057831462,0.009266827,-0.041255627,0.019331746,-0.99937385
1854.52418824,-0.012456134,-0.0068484107,0.008201562,-0.039546642,0.019820027,-1.0042566
1854.52988766,-0.014586663,-0.004717882,0.008201562,-0.036372814,0.017622761,-1.006698
1854.5339968,-0.015651926,-0.004717882,0.009266827,-0.036128674,0.015425495,-1.0047449
1854.53988844,-0.012456134,-0.004717882,0.009266827,-0.03832594,0.016646199,-0.99986213
1854.54430112,-0.012456134,-0.0036526173,0.0071362965,-0.0393025,0.01689034,-0.9966883
1854.54965658,-0.015651926,-0.004717882,0.009266827,-0.039546642,0.01737862,-1.0003504
1854.55397166,-0.015651926,-0.0057831462,0.009266827,-0.041743908,0.018355183,-1.0040125
1854.55988713,-0.013521398,-0.0057831462,0.008201562,-0.03905836,0.019331746,-1.0052332
1854.56437938,-0.015651926,-0.004717882,0.008201562,-0.036861096,0.019087605,-1.0030359
1854.5698873,-0.014586663,-0.0057831462,0.009266827,-0.03832594,0.014937214,-1.0023035
1854.57423416,-0.015651926,-0.004717882,0.0071362965,-0.03881422,0.014937214,-1.0018152
1854.57988856,-0.014586663,-0.004717882,0.010332089,-0.040279064,0.016402058,-0.99864143
1854.58418068,-0.015651926,-0.004717882,0.009266827,-0.041255627,0.01689034,-0.99864143
1854.5898458,-0.012456134,-0.004717882,0.0071362965,-0.03881422,0.019087605,-1.0010828
1854.59411211,-0.013521398,-0.0057831462,0.0071362965,-0.03857008,0.019087605,-1.0057214
1854.59988726,-0.014586663,-0.0036526173,0.008201562,-0.036372814,0.015913777,-1.006698
1854.60413548,-0.013521398,-0.004717882,0.008201562,-0.03881422,0.015425495,-1.0035242
1854.60975462,-0.015651926,-0.0036526173,0.008201562,-0.03857008,0.015425495,-0.9983973
1854.61395795,-0.013521398,-0.004717882,0.008201562,-0.039546642,0.016402058,-0.9974207
1854.61988805,-0.013521398,-0.004717882,0.0071362965,-0.0393025,0.018355183,-1.0023035
1854.6243502,-0.015651926,-0.004717882,0.010332089,-0.041499767,0.018355183,-1.006698
1854.6298872,-0.015651926,-0.004717882,0.009266827,-0.03832594,0.018355183,-1.0054773
1854.6340952,-0.013521398,-0.0036526173,0.009266827,-0.03857008,0.017866902,-1.0027918
1854.63970172,-0.014586663,-0.004717882,0.009266827,-0.03832594,0.014448932,-1.0013269
1854.64407705,-0.014586663,-0.004717882,0.0071362965,-0.03881422,0.015181354,-0.999618
1854.64988761,-0.013521398,-0.004717882,0.008201562,-0.043452892,0.018111043,-0.9991297
1854.65405644,-0.017782457,-0.004717882,0.010332089,-0.03881422,0.020064168,-1.0001062
1854.65972499,-0.016717192,-0.004717882,0.009266827,-0.03832594,0.018355183,-1.0040125
1854.66389433,-0.016717192,-0.004717882,0.008201562,-0.03490797,0.016402058,-1.0071863
1854.66988905,-0.013521398,-0.0036526173,0.008201562,-0.0393025,0.015425495,-1.0064539
1854.67427788,-0.012456134,-0.0015220884,0.008201562,-0.039546642,0.016157918,-1.001571
1854.67988826,-0.016717192,-0.0036526173,0.0071362965,-0.040523205,0.015181354,-0.9954676
1854.68433632,-0.014586663,-0.004717882,0.008201562,-0.040279064,0.01689034,-0.9971766
1854.68978033,-0.013521398,-0.0057831462,0.006071031,-0.040767346,0.018843465,-1.0030359
1854.6940939,-0.014586663,-0.004717882,0.009266827,-0.036616955,0.020064168,-1.006698
1854.69967341,-0.013521398,-0.004717882,0.009266827,-0.037837658,0.018843465,-1.0037683
1854.70410395,-0.014586663,-0.004717882,0.010332089,-0.03881422,0.014937214,-1.0025476
1854.70988875,-0.014586663,-0.0025873529,0.008201562,-0.03832594,0.014937214,-1.0010828
1854.71413132,-0.012456134,-0.0036526173,0.008201562,-0.037837658,0.016157918,-1.0010828
1854.7198894,-0.014586663,-0.0068484107,0.009266827,-0.040523205,0.01737862,-1.001571
1854.724146,-0.014586663,-0.0057831462,0.009266827,-0.040523205,0.019087605,-1.00328
1854.72989003,-0.013521398,-0.0068484107,0.008201562,-0.0380818,0.019575886,-1.0037683
1854.73425246,-0.012456134,-0.004717882,0.010332089,-0.037349377,0.017866902,-1.0057214
1854.73983076,-0.014586663,-0.0025873529,0.009266827,-0.037837658,0.014937214,-1.0037683
1854.74414252,-0.016717192,-0.0036526173,0.009266827,-0.037349377,0.014448932,-0.9974207
1854.7498356,-0.016717192,-0.004717882,0.009266827,-0.04296461,0.017622761,-0.9959559
1854.75422397,-0.017782457,-0.0025873529,0.010332089,-0.040767346,0.019820027,-1.0010828
1854.75989226,-0.013521398,-0.0036526173,0.008201562,-0.039546642,0.018843465,-1.0076746
1854.76412773,-0.015651926,-0.0036526173,0.008201562,-0.033443127,0.018355183,-1.0076746
1854.76964767,-0.016717192,-0.004717882,0.010332089,-0.037837658,0.017622761,-1.0030359
1854.77407349,-0.0113908695,-0.0057831462,0.0071362965,-0.03857008,0.016402058,-1.0001062
1854.77989225,-0.010325605,-0.004717882,0.009266827,-0.041743908,0.014937214,-0.9988856
1854.78453264,-0.014586663,-0.004717882,0.008201562,-0.039790783,0.015669636,-1.0003504
1854.7897158,-0.014586663,-0.004717882,0.009266827,-0.0393025,0.019575886,-1.0003504
1854.79422952,-0.0071298117,-0.0057831462,0.0071362965,-0.036861096,0.019331746,-1.0027918
1854.79982225,-0.013521398,-0.004717882,0.010332089,-0.039546642,0.015425495,-1.0052332
1854.80418148,-0.015651926,-0.004717882,0.010332089,-0.037593517,0.015913777,-1.0052332
1854.80988809,-0.013521398,-0.0036526173,0.011397354,-0.040034924,0.015913777,-1.0023035
1854.81415164,-0.013521398,-0.004717882,0.009266827,-0.0380818,0.016157918,-0.997909
1854.81988867,-0.014586663,-0.004717882,0.009266827,-0.039546642,0.01737862,-0.9971766
1854.82410717,-0.017782457,-0.004717882,0.008201562,-0.039790783,0.017866902,-1.0027918
1854.82988925,-0.013521398,-0.0068484107,0.008201562,-0.03832594,0.02079659,-1.0064539
1854.83424078,-0.012456134,-0.004717882,0.0071362965,-0.037105236,0.020064168,-1.0057214
1854.83982924,-0.015651926,-0.004717882,0.009266827,-0.03905836,0.012984089,-1.0010828
1854.84400037,-0.014586663,-0.004717882,0.0071362965,-0.040034924,0.012984089,-0.9974207
1854.84968684,-0.012456134,-0.004717882,0.009266827,-0.041255627,0.018843465,-0.99815315
1854.85400565,-0.013521398,-0.0057831462,0.0071362965,-0.041255627,0.019087605,-1.0027918
1854.85988815,-0.014586663,-0.004717882,0.009266827,-0.03881422,0.01689034,-1.0052332
1854.86429407,-0.015651926,-0.0057831462,0.010332089,-0.036616955,0.018355183,-1.004989
1854.86988822,-0.012456134,-0.0057831462,0.010332089,-0.035884533,0.019331746,-1.0047449
1854.87400291,-0.0113908695,-0.004717882,0.008201562,-0.03881422,0.015669636,-1.004989
1854.87988683,-0.016717192,-0.004717882,0.009266827,-0.039546642,0.014448932,-0.99937385
1854.88449479,-0.012456134,-0.0057831462,0.0071362965,-0.040767346,0.018111043,-0.9966883
1854.88988952,-0.014586663,-0.004717882,0.0071362965,-0.039546642,0.018843465,-0.9974207
1854.89430447,-0.017782457,-0.004717882,0.011397354,-0.037349377,0.017866902,-1.0047449
1854.89984455,-0.016717192,-0.0057831462,0.010332089,-0.03857008,0.01689034,-1.0074304
1854.90404951,-0.014586663,-0.0057831462,0.008201562,-0.040034924,0.016157918,-1.0062097
1854.90970626,-0.015651926,-0.0036526173,0.0071362965,-0.03832594,0.01713448,-1.0013269
1854.91405384,-0.014586663,-0.0036526173,0.008201562,-0.040523205,0.014937214,-0.9991297
1854.91988808,-0.014586663,-0.0036526173,0.010332089,-0.041011486,0.015181354,-1.0003504
1854.92425355,-0.012456134,-0.004717882,0.009266827,-0.0393025,0.019087605,-1.0040125
1854.92972499,-0.010325605,-0.004717882,0.0071362965,-0.037837658,0.019575886,-1.0052332
1854.93400812,-0.016717192,-0.0036526173,0.009266827,-0.03466383,0.018355183,-1.00328
1854.93989035,-0.015651926,-0.004717882,0.009266827,-0.037593517,0.015913777,-1.0035242
1854.94427452,-0.013521398,-0.004717882,0.010332089,-0.040279064,0.014448932,-1.0027918
1854.94988837,-0.0113908695,-0.004717882,0.009266827,-0.04198805,0.015913777,-0.99937385
1854.954106,-0.012456134,-0.0057831462,0.0071362965,-0.041255627,0.01713448,-0.9974207
1854.95975516,-0.016717192,-0.004717882,0.009266827,-0.039546642,0.017866902,-1.0018152
1854.96429711,-0.015651926,-0.004717882,0.009266827,-0.036861096,0.019331746,-1.006698
1854.96988788,-0.013521398,-0.0036526173,0.009266827,-0.037105236,0.017866902,-1.0081629
1854.97430062,-0.015651926,-0.004717882,0.010332089,-0.039790783,0.015425495,-1.0037683
1854.97989124,-0.014586663,-0.0036526173,0.008201562,-0.0393025,0.013960651,-0.99766487
1854.98399354,-0.013521398,-0.0057831462,0.009266827,-0.03881422,0.01689034,-0.99693245
1854.98988866,-0.010325605,-0.004717882,0.008201562,-0.039546642,0.017866902,-1.0020593
1854.99424632,-0.012456134,-0.004717882,0.008201562,-0.04223219,0.01737862,-1.006698
1854.99988824,-0.014586663,-0.0036526173,0.009266827,-0.036372814,0.01737862,-1.0037683
1855.00430459,-0.012456134,-0.0057831462,0.010332089,-0.03832594,0.017866902,-1.0027918
1855.00980399,-0.012456134,-0.0057831462,0.008201562,-0.03832594,0.015913777,-1.0023035
1855.01411664,-0.013521398,-0.0036526173,0.009266827,-0.040523205,0.016157918,-0.9983973
1855.01988824,-0.01884772,-0.004717882,0.009266827,-0.040034924,0.02079659,-1.0003504
1855.02404096,-0.01884772,-0.004717882,0.009266827,-0.040034924,0.02079659,-1.0003504
1855.02988885,-0.012456134,-0.0057831462,0.0071362965,-0.037349377,0.01737862,-1.0071863
1855.03413378,-0.012456134,-0.0057831462,0.0071362965,-0.037349377,0.01737862,-1.0071863
1855.03988764,-0.016717192,-0.0025873529,0.009266827,-0.0393025,0.017866902,-0.9983973
1855.04429628,-0.016717192,-0.0025873529,0.009266827,-0.0393025,0.017866902,-0.9983973
1855.04976244,-0.015651926,-0.004717882,0.009266827,-0.039546642,0.016157918,-0.9983973
1855.05404277,-0.015651926,-0.004717882,0.009266827,-0.039546642,0.016157918,-0.9983973
1855.05988974,-0.012456134,-0.0068484107,0.008201562,-0.040034924,0.018355183,-1.0071863
1855.06403366,-0.012456134,-0.0068484107,0.008201562,-0.040034924,0.018355183,-1.0071863
1855.06988981,-0.014586663,-0.0036526173,0.010332089,-0.0393025,0.014937214,-1.0018152
1855.07425462,-0.014586663,-0.0036526173,0.010332089,-0.0393025,0.014937214,-1.0018152
1855.07988762,-0.012456134,-0.0036526173,0.008201562,-0.040523205,0.018843465,-0.99986213
1855.0842416,-0.012456134,-0.0036526173,0.008201562,-0.040523205,0.018843465,-0.99986213
1855.08960381,-0.012456134,-0.004717882,0.009266827,-0.039546642,0.016402058,-1.0013269
1855.09427205,-0.012456134,-0.004717882,0.009266827,-0.039546642,0.016402058,-1.0013269
1855.09988809,-0.015651926,-0.004717882,0.008201562,-0.035884533,0.020552449,-1.0071863
1855.10428366,-0.015651926,-0.004717882,0.008201562,-0.035884533,0.020552449,-1.0071863
1855.10989408,-0.013521398,-0.004717882,0.0071362965,-0.040034924,0.01347237,-0.9988856
1855.11407826,-0.013521398,-0.004717882,0.0071362965,-0.040034924,0.01347237,-0.9988856
1855.11962185,-0.01884772,-0.0036526173,0.010332089,-0.0393025,0.020552449,-1.0001062
1855.12403849,-0.01884772,-0.0036526173,0.010332089,-0.0393025,0.020552449,-1.0001062
1855.1298876,-0.0113908695,-0.0057831462,0.008201562,-0.036616955,0.016157918,-1.0074304
1855.13425616,-0.016717192,-0.004717882,0.009266827,-0.039546642,0.014937214,-1.0027918
1855.13982164,-0.016717192,-0.0036526173,0.0071362965,-0.037349377,0.01737862,-0.99937385
1855.14402954,-0.016717192,-0.0036526173,0.0071362965,-0.037349377,0.01737862,-0.99937385
1855.14988966,-0.012456134,-0.0025873529,0.0071362965,-0.041499767,0.014448932,-1.0008386
1855.154286,-0.015651926,-0.004717882,0.008201562,-0.041011486,0.019087605,-1.0018152
1855.15982045,-0.012456134,-0.0057831462,0.0071362965,-0.03832594,0.020064168,-1.0040125
1855.16413644,-0.016717192,-0.004717882,0.010332089,-0.036372814,0.01713448,-1.0064539
1855.16961475,-0.013521398,-0.0057831462,0.009266827,-0.039546642,0.015181354,-1.0057214
1855.1739818,-0.015651926,-0.0036526173,0.010332089,-0.03881422,0.01347237,-1.0010828
1855.17988963,-0.014586663,-0.0036526173,0.008201562,-0.04198805,0.016402058,-0.9949793
1855.18448266,-0.014586663,-0.004717882,0.009266827,-0.03905836,0.018843465,-0.9962
1855.18962274,-0.014586663,-0.0057831462,0.008201562,-0.041011486,0.017866902,-1.0035242
1855.19405148,-0.013521398,-0.0036526173,0.009266827,-0.035884533,0.018111043,-1.0076746
1855.19988833,-0.016717192,-0.0025873529,0.010332089,-0.036372814,0.019820027,-1.0047449
1855.20446413,-0.015651926,-0.004717882,0.009266827,-0.03832594,0.015913777,-1.0027918
1855.20988911,-0.014586663,-0.0036526173,0.008201562,-0.039790783,0.013960651,-0.9983973
1855.21427112,-0.014586663,-0.0036526173,0.008201562,-0.040034924,0.016646199,-0.99815315
1855.21988964,-0.0113908695,-0.004717882,0.009266827,-0.041011486,0.017866902,-1.0008386
1855.2241018,-0.014586663,-0.004717882,0.009266827,-0.040034924,0.018111043,-1.0037683
1855.22983488,-0.013521398,-0.0036526173,0.0071362965,-0.03905836,0.01713448,-1.0042566
1855.23400014,-0.014586663,-0.0036526173,0.008201562,-0.03832594,0.016646199,-1.0052332
1855.2398918,-0.016717192,-0.0025873529,0.009266827,-0.0393025,0.017622761,-1.0040125
1855.24405746,-0.012456134,-0.0025873529,0.009266827,-0.037593517,0.014448932,-0.99815315
1855.24988901,-0.017782457,-0.0036526173,0.008201562,-0.041499767,0.015181354,-0.99644417
1855.25437281,-0.013521398,-0.004717882,0.008201562,-0.039546642,0.018111043,-0.9991297
1855.25988917,-0.014586663,-0.0057831462,0.009266827,-0.037837658,0.020552449,-1.0064539
1855.26425421,-0.014586663,-0.004717882,0.010332089,-0.03832594,0.019087605,-1.0074304
1855.26982749,-0.012456134,-0.0057831462,0.010332089,-0.03857008,0.01347237,-1.0062097
1855.27411758,-0.013521398,-0.0036526173,0.009266827,-0.037593517,0.014693073,-0.99864143
1855.27988767,-0.014586663,-0.004717882,0.009266827,-0.041011486,0.017866902,-0.9954676
1855.2840652,-0.014586663,-0.0025873529,0.009266827,-0.04198805,0.017866902,-1.0003504
1855.28988974,-0.013521398,-0.0036526173,0.008201562,-0.040034924,0.018111043,-1.0020593
1855.29411976,-0.016717192,-0.004717882,0.008201562,-0.037105236,0.015913777,-1.004989
1855.29966941,-0.014586663,-0.004717882,0.008201562,-0.036372814,0.019575886,-1.0045007
1855.30393676,-0.0113908695,-0.004717882,0.009266827,-0.03832594,0.019087605,-1.0042566
1855.3098894,-0.013521398,-0.0057831462,0.010332089,-0.039546642,0.013960651,-1.00328
1855.31439207,-0.015651926,-0.0025873529,0.009266827,-0.039546642,0.013960651,-0.99986213
1855.31988835,-0.015651926,-0.004717882,0.009266827,-0.03857008,0.019575886,-0.997909
1855.32425096,-0.012456134,-0.0057831462,0.009266827,-0.039546642,0.020552449,-1.0018152
1855.32976741,-0.010325605,-0.004717882,0.008201562,-0.03832594,0.017622761,-1.0059656
1855.33396878,-0.015651926,-0.0036526173,0.010332089,-0.037837658,0.015913777,-1.0064539
1855.33988884,-0.016717192,-0.0036526173,0.009266827,-0.03905836,0.015913777,-1.0018152
1855.3440608,-0.013521398,-0.0036526173,0.009266827,-0.03832594,0.016646199,-0.9971766
1855.3498896,-0.014586663,-0.0057831462,0.010332089,-0.040523205,0.014204792,-0.99986213
1855.35435892,-0.017782457,-0.0036526173,0.010332089,-0.040279064,0.016646199,-1.0037683
1855.35989213,-0.015651926,-0.004717882,0.010332089,-0.039546642,0.020064168,-1.0062097
1855.36427222,-0.012456134,-0.0036526173,0.008201562,-0.03490797,0.019575886,-1.0052332
1855.36988918,-0.015651926,-0.0057831462,0.010332089,-0.037349377,0.016157918,-1.0037683
1855.37399314,-0.015651926,-0.0036526173,0.0071362965,-0.03881422,0.015181354,-1.0025476
1855.37988865,-0.012456134,-0.004717882,0.009266827,-0.041011486,0.015669636,-0.9988856
1855.38441164,-0.013521398,-0.004717882,0.0071362965,-0.041011486,0.017866902,-0.997909
1855.38953692,-0.015651926,-0.004717882,0.010332089,-0.039790783,0.018355183,-0.9991297
1855.39430883,-0.014586663,-0.004717882,0.010332089,-0.037593517,0.01689034,-1.0052332
1855.39988838,-0.014586663,-0.004717882,0.009266827,-0.036372814,0.01737862,-1.006698
1855.40398815,-0.0113908695,-0.0036526173,0.009266827,-0.0393025,0.017866902,-1.004989
1855.40988818,-0.014586663,-0.004717882,0.009266827,-0.03905836,0.015425495,-1.0003504
1855.41434296,-0.010325605,-0.004717882,0.008201562,-0.040034924,0.014937214,-0.9966883
1855.41988845,-0.014586663,-0.0025873529,0.009266827,-0.03881422,0.016646199,-1.0003504
1855.42427004,-0.015651926,-0.0057831462,0.008201562,-0.040034924,0.019575886,-1.0052332
1855.42988912,-0.013521398,-0.0036526173,0.009266827,-0.035884533,0.018355183,-1.0064539
1855.43403059,-0.014586663,-0.0036526173,0.010332089,-0.037349377,0.016157918,-1.0035242
1855.43988823,-0.016717192,-0.0036526173,0.009266827,-0.03857008,0.014693073,-1.0010828
1855.4440116,-0.013521398,-0.0036526173,0.008201562,-0.040034924,0.015181354,-0.999618
1855.44983786,-0.013521398,-0.0036526173,0.008201562,-0.040034924,0.014693073,-0.9991297
1855.45389807,-0.015651926,-0.004717882,0.0071362965,-0.041743908,0.015425495,-0.999618
1855.4598886,-0.013521398,-0.004717882,0.0071362965,-0.0380818,0.019575886,-1.00328
1855.46447164,-0.014586663,-0.004717882,0.009266827,-0.03881422,0.020552449,-1.0057214
1855.4698906,-0.016717192,-0.0036526173,0.010332089,-0.037349377,0.016402058,-1.0076746
1855.47420418,-0.014586663,-0.0025873529,0.0071362965,-0.037349377,0.015669636,-1.00328
1855.47988853,-0.0113908695,-0.0036526173,0.008201562,-0.037837658,0.015425495,-0.99693245
1855.48434648,-0.015651926,-0.0036526173,0.009266827,-0.0393025,0.017622761,-0.9971766
1855.48964265,-0.0113908695,-0.0036526173,0.0071362965,-0.041255627,0.017866902,-1.0008386
1855.49398672,-0.013521398,-0.0057831462,0.008201562,-0.040523205,0.01713448,-1.006698
1855.49988872,-0.013521398,-0.004717882,0.0071362965,-0.037593517,0.017866902,-1.0062097
1855.50431945,-0.014586663,-0.0036526173,0.0071362965,-0.037349377,0.01689034,-1.0042566
1855.5095924,-0.014586663,-0.0057831462,0.009266827,-0.039546642,0.015425495,-1.0008386
1855.51395096,-0.016717192,-0.0036526173,0.010332089,-0.039546642,0.01737862,-0.9991297
1855.51988826,-0.012456134,-0.0025873529,0.008201562,-0.041499767,0.017622761,-0.99986213
1855.52435834,-0.014586663,-0.004717882,0.008201562,-0.037349377,0.017866902,-1.0018152
1855.52984948,-0.014586663,-0.0057831462,0.0071362965,-0.036861096,0.02104073,-1.0027918
1855.53406765,-0.013521398,-0.0057831462,0.008201562,-0.036372814,0.020064168,-1.0052332
1855.53989053,-0.014586663,-0.004717882,0.010332089,-0.0393025,0.015425495,-1.0042566
1855.54407532,-0.015651926,-0.004717882,0.010332089,-0.040034924,0.015181354,-1.0010828
1855.54988895,-0.013521398,-0.004717882,0.009266827,-0.040523205,0.017866902,-0.99693245
1855.55411456,-0.012456134,-0.0057831462,0.008201562,-0.03857008,0.018355183,-1.0008386
1855.55970116,-0.014586663,-0.0057831462,0.011397354,-0.04247633,0.01689034,-1.0052332
1855.56389608,-0.012456134,-0.004717882,0.0071362965,-0.037105236,0.017622761,-1.0076746
1855.56988772,-0.015651926,-0.004717882,0.009266827,-0.036861096,0.018843465,-1.0047449
1855.5742945,-0.013521398,-0.0036526173,0.009266827,-0.037593517,0.016157918,-1.0020593
1855.57988845,-0.016717192,-0.0057831462,0.009266827,-0.037837658,0.015181354,-0.99864143
1855.58430176,-0.014586663,-0.0057831462,0.0071362965,-0.040523205,0.015181354,-0.9983973
1855.5897961,-0.014586663,-0.0057831462,0.008201562,-0.040523205,0.019575886,-0.9991297
1855.59412004,-0.015651926,-0.0057831462,0.009266827,-0.03881422,0.02104073,-1.0027918
1855.59961381,-0.014586663,-0.0057831462,0.010332089,-0.037349377,0.015913777,-1.0054773
1855.60403979,-0.016717192,-0.0036526173,0.009266827,-0.037105236,0.015425495,-1.0062097
1855.60988853,-0.017782457,-0.004717882,0.009266827,-0.039790783,0.018355183,-1.0023035
1855.61402874,-0.015651926,-0.0036526173,0.008201562,-0.040034924,0.014693073,-0.99766487
1855.61989707,-0.015651926,-0.0036526173,0.008201562,-0.041011486,0.014937214,-0.997909
1855.62421201,-0.015651926,-0.0025873529,0.009266827,-0.040523205,0.019087605,-1.0003504
1855.62989028,-0.013521398,-0.0036526173,0.008201562,-0.039546642,0.019820027,-1.0071863
1855.63429,-0.014586663,-0.0036526173,0.008201562,-0.036372814,0.019331746,-1.0062097
1855.6398495,-0.013521398,-0.004717882,0.009266827,-0.036372814,0.015181354,-1.0037683
1855.64399341,-0.016717192,-0.004717882,0.0071362965,-0.03832594,0.014693073,-0.99937385
1855.64988923,-0.015651926,-0.0036526173,0.008201562,-0.03881422,0.01713448,-0.9983973
1855.65404948,-0.012456134,-0.0057831462,0.0071362965,-0.041499767,0.01689034,-1.0003504
1855.65988969,-0.012456134,-0.004717882,0.009266827,-0.039790783,0.01713448,-1.0045007
1855.66404362,-0.014586663,-0.0057831462,0.008201562,-0.039790783,0.019575886,-1.0042566
1855.66988911,-0.014586663,-0.004717882,0.010332089,-0.037837658,0.019331746,-1.0037683
1855.6744576,-0.015651926,-0.0036526173,0.010332089,-0.040523205,0.014448932,-1.0045007
1855.67988879,-0.014586663,-0.0036526173,0.008201562,-0.040034924,0.012739948,-1.001571
1855.68434601,-0.01884772,-0.0036526173,0.008201562,-0.040034924,0.016646199,-0.9966883
1855.689786,-0.014586663,-0.004717882,0.009266827,-0.041011486,0.017866902,-0.99693245
1855.6940766,-0.014586663,-0.0057831462,0.008201562,-0.037349377,0.017866902,-1.0030359
1855.69988932,-0.014586663,-0.004717882,0.009266827,-0.037349377,0.016157918,-1.006698
1855.70400648,-0.015651926,-0.004717882,0.008201562,-0.037837658,0.016646199,-1.0076746
1855.70989094,-0.012456134,-0.0025873529,0.010332089,-0.039790783,0.01689034,-1.0035242
1855.7141348,-0.013521398,-0.0057831462,0.008201562,-0.0393025,0.014448932,-0.99815315
1855.71970433,-0.014586663,-0.004717882,0.009266827,-0.040279064,0.014937214,-0.99815315
1855.72395322,-0.015651926,-0.004717882,0.009266827,-0.040034924,0.017866902,-1.0018152
1855.72988902,-0.014586663,-0.004717882,0.009266827,-0.0393025,0.020552449,-1.0052332
1855.73428948,-0.015651926,-0.0036526173,0.008201562,-0.037349377,0.018111043,-1.0035242
1855.73988915,-0.014586663,-0.0036526173,0.008201562,-0.036861096,0.014448932,-1.0047449
1855.74425252,-0.014586663,-0.0036526173,0.008201562,-0.0393025,0.014937214,-1.0023035
1855.74974363,-0.014586663,-0.0036526173,0.009266827,-0.0380818,0.01713448,-0.9974207
1855.75402875,-0.013521398,-0.0036526173,0.0071362965,-0.040523205,0.017866902,-0.99815315
1855.75988977,-0.014586663,-0.004717882,0.009266827,-0.040034924,0.01689034,-1.0020593
1855.76399696,-0.017782457,-0.004717882,0.011397354,-0.036861096,0.018599324,-1.0062097
1855.76975809,-0.013521398,-0.004717882,0.009266827,-0.037593517,0.019575886,-1.0081629
1855.77389484,-0.012456134,-0.0036526173,0.009266827,-0.040523205,0.015913777,-1.0047449
1855.77988957,-0.015651926,-0.0036526173,0.009266827,-0.0393025,0.014448932,-0.999618
1855.78442875,-0.013521398,-0.0036526173,0.008201562,-0.040279064,0.015425495,-0.9966883
1855.78988872,-0.012456134,-0.004717882,0.0071362965,-0.0393025,0.019575886,-0.9983973
1855.79425314,-0.013521398,-0.004717882,0.009266827,-0.039546642,0.019331746,-1.0030359
1855.799781,-0.014586663,-0.0036526173,0.008201562,-0.036128674,0.015913777,-1.0057214
1855.80404201,-0.013521398,-0.004717882,0.009266827,-0.036372814,0.01713448,-1.0040125
1855.80967181,-0.014586663,-0.004717882,0.009266827,-0.036372814,0.018355183,-1.0027918
1855.81402531,-0.012456134,-0.004717882,0.010332089,-0.040279064,0.016402058,-1.0018152
1855.81988928,-0.013521398,-0.004717882,0.008201562,-0.041011486,0.015913777,-0.99986213
1855.82401952,-0.0113908695,-0.0057831462,0.008201562,-0.04198805,0.016402058,-1.0003504
1855.82989426,-0.013521398,-0.0036526173,0.008201562,-0.03857008,0.02079659,-1.0030359
1855.83417252,-0.012456134,-0.0057831462,0.010332089,-0.037349377,0.020308308,-1.004989
1855.83988934,-0.0113908695,-0.0025873529,0.0071362965,-0.03881422,0.015669636,-1.0069422
1855.84422132,-0.014586663,-0.0025873529,0.010332089,-0.039790783,0.014937214,-1.00328
1855.84980181,-0.015651926,-0.0036526173,0.010332089,-0.037837658,0.01737862,-0.9954676
1855.85415128,-0.014586663,-0.0068484107,0.010332089,-0.03881422,0.018355183,-0.99644417
1855.8598918,-0.012456134,-0.0068484107,0.009266827,-0.039546642,0.01689034,-1.00328
1855.86429417,-0.015651926,-0.004717882,0.011397354,-0.04198805,0.016646199,-1.0081629
1855.86989068,-0.015651926,-0.004717882,0.009266827,-0.037593517,0.019575886,-1.0052332
1855.87397228,-0.014586663,-0.0036526173,0.008201562,-0.037349377,0.018843465,-1.0030359
1855.87988701,-0.014586663,-0.0057831462,0.008201562,-0.037837658,0.013960651,-1.0001062
1855.88396584,-0.014586663,-0.004717882,0.008201562,-0.039790783,0.014448932,-0.9983973
1855.88989112,-0.013521398,-0.004717882,0.0071362965,-0.04296461,0.017866902,-0.9983973
1855.89427435,-0.015651926,-0.004717882,0.008201562,-0.0393025,0.020064168,-1.0005945
1855.8998902,-0.015651926,-0.004717882,0.010332089,-0.036861096,0.018843465,-1.0042566
1855.90425686,-0.015651926,-0.004717882,0.010332089,-0.036128674,0.016157918,-1.006698
1855.90989142,-0.014586663,-0.0057831462,0.010332089,-0.036861096,0.016402058,-1.0059656
1855.91408512,-0.010325605,-0.004717882,0.008201562,-0.0393025,0.016646199,-0.99986213
1855.91989084,-0.012456134,-0.0057831462,0.008201562,-0.040034924,0.017622761,-0.9988856
1855.92427536,-0.012456134,-0.0057831462,0.008201562,-0.040034924,0.017622761,-0.9988856
1855.92988842,-0.015651926,-0.004717882,0.008201562,-0.037105236,0.017622761,-1.004989
1855.93400401,-0.015651926,-0.004717882,0.008201562,-0.037105236,0.017622761,-1.004989
1855.93989036,-0.016717192,-0.0036526173,0.010332089,-0.040523205,0.014693073,-1.0013269
1855.94426632,-0.016717192,-0.0036526173,0.010332089,-0.040523205,0.014693073,-1.0013269
1855.94978592,-0.016717192,-0.0025873529,0.008201562,-0.039790783,0.016402058,-0.9991297
1855.9540518,-0.016717192,-0.0025873529,0.008201562,-0.039790783,0.016402058,-0.9991297
1855.95963548,-0.014586663,-0.0036526173,0.009266827,-0.0393025,0.02104073,-1.0001062
1855.96403501,-0.015651926,-0.004717882,0.009266827,-0.0393025,0.019087605,-1.0045007
1855.96988872,-0.013521398,-0.0036526173,0.0071362965,-0.036372814,0.01737862,-1.0074304
1855.97414717,-0.013521398,-0.0036526173,0.0071362965,-0.036372814,0.01737862,-1.0074304
1855.97988943,-0.015651926,-0.0036526173,0.008201562,-0.039546642,0.014937214,-0.9962
1855.9840966,-0.015651926,-0.0036526173,0.008201562,-0.039546642,0.014937214,-0.9962
1855.98989036,-0.013521398,-0.004717882,0.009266827,-0.041499767,0.018843465,-0.99986213
1855.99435896,-0.013521398,-0.004717882,0.009266827,-0.041499767,0.018843465,-0.99986213
1855.99990191,-0.015651926,-0.0036526173,0.009266827,-0.03490797,0.019087605,-1.008407
1856.00422584,-0.015651926,-0.0036526173,0.009266827,-0.03490797,0.019087605,-1.008407
1856.00989263,-0.015651926,-0.004717882,0.009266827,-0.041011486,0.016402058,-1.0001062
1856.01405909,-0.015651926,-0.004717882,0.009266827,-0.041011486,0.016402058,-1.0001062
1856.01967219,-0.016717192,-0.004717882,0.009266827,-0.03832594,0.017866902,-1.0001062
1856.02409404,-0.016717192,-0.004717882,0.009266827,-0.03832594,0.017866902,-1.0001062
1856.0298902,-0.012456134,-0.0057831462,0.011397354,-0.03905836,0.018843465,-1.0037683
1856.03425548,-0.014586663,-0.004717882,0.010332089,-0.03905836,0.018843465,-1.0037683
1856.03989383,-0.015651926,-0.0025873529,0.008201562,-0.03881422,0.01737862,-1.0042566
1856.04411722,-0.015651926,-0.0025873529,0.008201562,-0.03881422,0.01737862,-1.0042566
1856.04989371,-0.015651926,-0.004717882,0.009266827,-0.03832594,0.015425495,-0.997909
1856.05420887,-0.010325605,-0.0057831462,0.008201562,-0.041255627,0.018599324,-0.9988856
1856.05989084,-0.013521398,-0.004717882,0.0071362965,-0.039546642,0.018599324,-1.0052332
1856.06408649,-0.013521398,-0.0057831462,0.010332089,-0.039546642,0.018599324,-1.0052332
1856.06989334,-0.015651926,-0.004717882,0.008201562,-0.037105236,0.01689034,-1.004989
1856.0742864,-0.014586663,-0.004717882,0.009266827,-0.036372814,0.016157918,-1.0018152
1856.07988929,-0.015651926,-0.0057831462,0.008201562,-0.039790783,0.01689034,-0.997909
1856.08449363,-0.014586663,-0.0036526173,0.009266827,-0.04223219,0.01689034,-0.997909
1856.08971109,-0.013521398,-0.004717882,0.009266827,-0.039546642,0.016157918,-1.0008386
1856.0940268,-0.013521398,-0.004717882,0.008201562,-0.040034924,0.018355183,-1.004989
1856.09989568,-0.012456134,-0.0068484107,0.009266827,-0.035640392,0.019820027,-1.0047449
1856.10456935,-0.012456134,-0.004717882,0.010332089,-0.037837658,0.01713448,-1.0045007
1856.10989036,-0.012456134,-0.0036526173,0.0071362965,-0.039790783,0.013228229,-1.0045007
1856.11421578,-0.015651926,-0.0036526173,0.0071362965,-0.039546642,0.016646199,-0.99864143
1856.11982489,-0.014586663,-0.004717882,0.010332089,-0.03881422,0.020064168,-0.99766487
1856.12414937,-0.012456134,-0.004717882,0.008201562,-0.03881422,0.018111043,-1.0003504
1856.12983012,-0.013521398,-0.0057831462,0.009266827,-0.03832594,0.018843465,-1.0054773
1856.13398953,-0.0113908695,-0.0057831462,0.0071362965,-0.03832594,0.019575886,-1.0037683
1856.13988955,-0.0113908695,-0.0025873529,0.008201562,-0.0393025,0.0137165105,-1.0040125
1856.14416434,-0.016717192,-0.0025873529,0.009266827,-0.03905836,0.0137165105,-0.99937385
1856.14988933,-0.015651926,-0.004717882,0.009266827,-0.040034924,0.015425495,-0.99815315
1856.15432459,-0.014586663,-0.0057831462,0.008201562,-0.041743908,0.016646199,-0.999618
1856.15982156,-0.013521398,-0.0036526173,0.009266827,-0.041011486,0.018599324,-1.0045007
1856.16401576,-0.009260341,-0.0036526173,0.008201562,-0.036128674,0.017866902,-1.0052332
1856.16977184,-0.010325605,-0.004717882,0.0071362965,-0.03490797,0.016402058,-1.004989
1856.17403733,-0.012456134,-0.0057831462,0.008201562,-0.03881422,0.01689034,-1.0023035
1856.17989111,-0.016717192,-0.004717882,0.010332089,-0.040034924,0.015181354,-0.99864143
1856.18432939,-0.013521398,-0.0036526173,0.008201562,-0.044429455,0.016157918,-0.9983973
1856.18988976,-0.012456134,-0.004717882,0.008201562,-0.039546642,0.01713448,-0.99864143
1856.19413632,-0.015651926,-0.004717882,0.008201562,-0.037349377,0.018111043,-1.0035242
1856.1996518,-0.0113908695,-0.004717882,0.008201562,-0.036861096,0.019087605,-1.0052332
1856.20393311,-0.014586663,-0.004717882,0.010332089,-0.039546642,0.015181354,-1.0052332
1856.20989053,-0.015651926,-0.0036526173,0.010332089,-0.040523205,0.014937214,-1.0025476
1856.21436457,-0.015651926,-0.0036526173,0.009266827,-0.039546642,0.015425495,-0.9983973
1856.21988994,-0.014586663,-0.0057831462,0.008201562,-0.03832594,0.016646199,-0.9988856
1856.22399538,-0.015651926,-0.0057831462,0.009266827,-0.0393025,0.017866902,-1.0023035
1856.22979048,-0.012456134,-0.0057831462,0.009266827,-0.0393025,0.018843465,-1.0047449
1856.23398759,-0.014586663,-0.004717882,0.011397354,-0.037105236,0.019087605,-1.0035242
1856.23988924,-0.013521398,-0.0068484107,0.010332089,-0.037349377,0.01737862,-1.0027918
1856.24427881,-0.013521398,-0.0036526173,0.010332089,-0.03881422,0.014204792,-1.0013269
1856.24967762,-0.0113908695,-0.004717882,0.010332089,-0.039546642,0.012984089,-0.99766487
1856.25430327,-0.012456134,-0.004717882,0.009266827,-0.043452892,0.018355183,-0.999618
1856.25989078,-0.013521398,-0.0057831462,0.009266827,-0.040767346,0.02079659,-1.0018152
1856.26430362,-0.014586663,-0.004717882,0.0071362965,-0.03832594,0.016402058,-1.0074304
1856.2698894,-0.015651926,-0.0036526173,0.008201562,-0.036616955,0.014937214,-1.006698
1856.2740282,-0.015651926,-0.004717882,0.009266827,-0.035884533,0.018355183,-1.0042566
1856.27982868,-0.012456134,-0.0057831462,0.009266827,-0.040279064,0.018355183,-0.997909
1856.28411174,-0.012456134,-0.0057831462,0.008201562,-0.039546642,0.014204792,-0.997909
1856.28988919,-0.013521398,-0.0057831462,0.009266827,-0.0393025,0.017622761,-0.9991297
1856.29417632,-0.012456134,-0.0057831462,0.009266827,-0.0380818,0.019575886,-1.0042566
1856.29988928,-0.013521398,-0.0057831462,0.0071362965,-0.037105236,0.020064168,-1.0047449
1856.30399132,-0.014586663,-0.0057831462,0.009266827,-0.037837658,0.016402058,-1.0057214
1856.3098918,-0.013521398,-0.0057831462,0.008201562,-0.041499767,0.014448932,-1.0047449
1856.31439231,-0.014586663,-0.004717882,0.009266827,-0.040279064,0.016402058,-0.999618
1856.31988868,-0.014586663,-0.004717882,0.009266827,-0.040034924,0.018843465,-0.997909
1856.32431957,-0.013521398,-0.004717882,0.010332089,-0.040034924,0.01737862,-0.9988856
1856.32983578,-0.015651926,-0.0057831462,0.009266827,-0.037593517,0.01737862,-1.0037683
1856.33408695,-0.014586663,-0.004717882,0.009266827,-0.036372814,0.019087605,-1.006698
1856.33989132,-0.013521398,-0.0036526173,0.009266827,-0.037837658,0.018843465,-1.004989
1856.3441377,-0.012456134,-0.0057831462,0.009266827,-0.0380818,0.014937214,-1.0018152
1856.34989036,-0.017782457,-0.0036526173,0.009266827,-0.041011486,0.014204792,-0.9974207
1856.3540066,-0.015651926,-0.004717882,0.008201562,-0.040034924,0.018843465,-0.997909
1856.35989084,-0.013521398,-0.004717882,0.006071031,-0.039546642,0.02079659,-1.0013269
1856.36436069,-0.014586663,-0.0057831462,0.009266827,-0.039546642,0.017866902,-1.006698
1856.36977493,-0.016717192,-0.0036526173,0.0071362965,-0.037349377,0.01689034,-1.0059656
1856.37415036,-0.013521398,-0.0036526173,0.0071362965,-0.03881422,0.01737862,-1.0030359
1856.3798894,-0.010325605,-0.004717882,0.0071362965,-0.039546642,0.014937214,-1.0008386
1856.384206,-0.014586663,-0.004717882,0.009266827,-0.0380818,0.014693073,-0.997909
1856.38971935,-0.014586663,-0.004717882,0.0071362965,-0.040523205,0.01737862,-0.9991297
1856.39409722,-0.014586663,-0.004717882,0.0071362965,-0.03832594,0.018843465,-1.001571
1856.39989016,-0.013521398,-0.0057831462,0.0071362965,-0.037105236,0.020552449,-1.0042566
1856.40403912,-0.015651926,-0.0057831462,0.009266827,-0.037349377,0.017622761,-1.0064539
1856.40963001,-0.015651926,-0.004717882,0.009266827,-0.039546642,0.013960651,-1.0054773
1856.41394616,-0.013521398,-0.004717882,0.008201562,-0.040034924,0.014937214,-0.9988856
1856.4198934,-0.0113908695,-0.0036526173,0.0071362965,-0.040523205,0.01689034,-0.9974207
1856.42435704,-0.012456134,-0.004717882,0.008201562,-0.040279064,0.01689034,-1.0008386
1856.42989014,-0.013521398,-0.004717882,0.008201562,-0.03832594,0.019087605,-1.0042566
1856.43408458,-0.012456134,-0.004717882,0.008201562,-0.0380818,0.017866902,-1.0054773
1856.43988894,-0.014586663,-0.0036526173,0.0071362965,-0.036372814,0.018111043,-1.0054773
1856.44407213,-0.014586663,-0.004717882,0.008201562,-0.037837658,0.016157918,-1.0018152
1856.4498887,-0.016717192,-0.0036526173,0.009266827,-0.039546642,0.015181354,-0.9988856
1856.45418396,-0.016717192,-0.004717882,0.009266827,-0.040767346,0.016402058,-0.99937385
1856.45989036,-0.0113908695,-0.0057831462,0.0071362965,-0.041255627,0.019820027,-1.0003504
1856.46434718,-0.012456134,-0.0068484107,0.010332089,-0.03881422,0.018843465,-1.0042566
1856.46989116,-0.015651926,-0.0036526173,0.009266827,-0.037837658,0.01713448,-1.0062097
1856.4743345,-0.010325605,-0.004717882,0.010332089,-0.037349377,0.016646199,-1.0047449
1856.47988981,-0.017782457,-0.0036526173,0.009266827,-0.040523205,0.014937214,-1.0018152
1856.48425985,-0.015651926,-0.0036526173,0.010332089,-0.040523205,0.015181354,-0.9966883
1856.48989016,-0.010325605,-0.004717882,0.0071362965,-0.041255627,0.018599324,-0.9983973
1856.49410164,-0.0113908695,-0.0057831462,0.008201562,-0.0380818,0.019331746,-1.0020593
1856.49989258,-0.014586663,-0.004717882,0.008201562,-0.037349377,0.01713448,-1.0062097
1856.50422514,-0.013521398,-0.004717882,0.010332089,-0.033931408,0.018111043,-1.0057214
1856.50988982,-0.015651926,-0.004717882,0.009266827,-0.039546642,0.016646199,-1.0035242
1856.51411832,-0.014586663,-0.0036526173,0.009266827,-0.03832594,0.014937214,-1.0008386
1856.51989053,-0.012456134,-0.0057831462,0.008201562,-0.04272047,0.016157918,-0.9988856
1856.52430623,-0.015651926,-0.004717882,0.010332089,-0.040034924,0.016157918,-1.0001062
1856.52989052,-0.014586663,-0.004717882,0.009266827,-0.040034924,0.019087605,-1.0030359
1856.5343423,-0.014586663,-0.004717882,0.008201562,-0.0380818,0.018843465,-1.0042566
1856.53989052,-0.015651926,-0.0025873529,0.009266827,-0.03832594,0.016646199,-1.0057214
1856.54411422,-0.015651926,-0.0025873529,0.009266827,-0.037837658,0.01737862,-1.0027918
1856.54988925,-0.014586663,-0.004717882,0.010332089,-0.037837658,0.01689034,-0.99766487
1856.5540436,-0.016717192,-0.004717882,0.009266827,-0.0393025,0.015913777,-0.9991297
1856.55977337,-0.017782457,-0.004717882,0.009266827,-0.041011486,0.01737862,-1.0013269
1856.56390468,-0.014586663,-0.0036526173,0.0071362965,-0.03857008,0.020308308,-1.0037683
1856.56988829,-0.0113908695,-0.004717882,0.009266827,-0.036861096,0.019331746,-1.0054773
1856.57452437,-0.008195076,-0.004717882,0.009266827,-0.036861096,0.015913777,-1.0052332
1856.57989132,-0.013521398,-0.0036526173,0.008201562,-0.039790783,0.014204792,-1.0023035
1856.58428568,-0.016717192,-0.004717882,0.008201562,-0.03881422,0.018111043,-0.997909
1856.589891,-0.012456134,-0.0036526173,0.009266827,-0.04198805,0.018355183,-0.9983973
1856.59423553,-0.012456134,-0.0036526173,0.008201562,-0.039546642,0.017866902,-1.0008386
1856.59970893,-0.014586663,-0.004717882,0.009266827,-0.039546642,0.01737862,-1.0047449
1856.60398946,-0.014586663,-0.0057831462,0.008201562,-0.036372814,0.019575886,-1.0057214
1856.60989205,-0.012456134,-0.0057831462,0.009266827,-0.03539625,0.018111043,-1.0057214
1856.6143845,-0.013521398,-0.004717882,0.009266827,-0.03905836,0.014937214,-1.0023035
1856.61964871,-0.010325605,-0.0036526173,0.009266827,-0.03905836,0.016157918,-0.997909
1856.62396284,-0.014586663,-0.004717882,0.009266827,-0.041255627,0.018843465,-0.997909
1856.62989079,-0.014586663,-0.004717882,0.0071362965,-0.0393025,0.021773152,-1.0025476
1856.63438158,-0.013521398,-0.0036526173,0.008201562,-0.039546642,0.020064168,-1.0047449
1856.63988963,-0.016717192,-0.0036526173,0.009266827,-0.037105236,0.014693073,-1.0052332
1856.64416192,-0.016717192,-0.0036526173,0.009266827,-0.039546642,0.015669636,-1.0025476
1856.64976112,-0.012456134,-0.0025873529,0.0071362965,-0.0380818,0.017866902,-0.997909
1856.65398459,-0.016717192,-0.0036526173,0.009266827,-0.041011486,0.016402058,-0.9991297
1856.659891,-0.017782457,-0.0057831462,0.010332089,-0.040034924,0.016646199,-1.0023035
1856.66401612,-0.015651926,-0.004717882,0.010332089,-0.037837658,0.020308308,-1.0047449
1856.66974777,-0.012456134,-0.004717882,0.009266827,-0.036861096,0.019087605,-1.0047449
1856.67422148,-0.017782457,-0.004717882,0.009266827,-0.03832594,0.017866902,-1.0042566
1856.67989016,-0.017782457,-0.0025873529,0.010332089,-0.03881422,0.014448932,-1.0037683
1856.6844168,-0.013521398,-0.0036526173,0.008201562,-0.04223219,0.01689034,-0.99766487
1856.68988995,-0.016717192,-0.0036526173,0.010332089,-0.040279064,0.01737862,-0.9974207
1856.69413223,-0.0113908695,-0.004717882,0.008201562,-0.041255627,0.01689034,-0.9988856
1856.69989084,-0.0113908695,-0.004717882,0.008201562,-0.03832594,0.01689034,-1.0054773
1856.70406705,-0.015651926,-0.004717882,0.009266827,-0.037349377,0.018355183,-1.0062097
1856.70971222,-0.015651926,-0.004717882,0.010332089,-0.037349377,0.018111043,-1.0052332
1856.71400473,-0.014586663,-0.0036526173,0.008201562,-0.040034924,0.015181354,-1.0020593
1856.71989033,-0.015651926,-0.0036526173,0.010332089,-0.0393025,0.013960651,-0.9983973
1856.72399217,-0.014586663,-0.004717882,0.009266827,-0.041499767,0.018111043,-0.99864143
1856.72988978,-0.013521398,-0.004717882,0.008201562,-0.03881422,0.020308308,-1.0030359
1856.7342533,-0.015651926,-0.0057831462,0.0071362965,-0.03881422,0.01737862,-1.0057214
1856.73988996,-0.014586663,-0.0057831462,0.0071362965,-0.037105236,0.014937214,-1.0059656
1856.74417584,-0.012456134,-0.0025873529,0.008201562,-0.039546642,0.01737862,-1.0013269
1856.74989075,-0.013521398,-0.0036526173,0.008201562,-0.03832594,0.014937214,-1.0008386
1856.75414412,-0.014586663,-0.0036526173,0.008201562,-0.041011486,0.014204792,-0.99766487
1856.75983632,-0.009260341,-0.0036526173,0.0071362965,-0.039790783,0.016402058,-1.0010828
1856.76389536,-0.016717192,-0.0036526173,0.010332089,-0.041255627,0.019575886,-1.0045007
1856.76989052,-0.015651926,-0.0057831462,0.010332089,-0.036861096,0.02128487,-1.0064539
1856.77395476,-0.014586663,-0.004717882,0.011397354,-0.037349377,0.016646199,-1.0047449
1856.77989212,-0.013521398,-0.0036526173,0.009266827,-0.037105236,0.014448932,-1.0027918
1856.78447255,-0.016717192,-0.0025873529,0.009266827,-0.037593517,0.014937214,-0.9988856
1856.78989229,-0.0113908695,-0.0036526173,0.0071362965,-0.041011486,0.018355183,-0.99815315
1856.79421478,-0.014586663,-0.004717882,0.008201562,-0.041743908,0.018843465,-0.99937385
1856.79981512,-0.016717192,-0.004717882,0.008201562,-0.040767346,0.014937214,-1.0042566
1856.80406782,-0.013521398,-0.0036526173,0.010332089,-0.036128674,0.01689034,-1.0052332
1856.80984763,-0.013521398,-0.004717882,0.009266827,-0.037349377,0.020064168,-1.0042566
1856.81410628,-0.012456134,-0.0036526173,0.010332089,-0.037837658,0.01689034,-1.0037683
1856.81989428,-0.014586663,-0.004717882,0.010332089,-0.040767346,0.013960651,-0.9991297
1856.82426404,-0.014586663,-0.004717882,0.0071362965,-0.0393025,0.017622761,-0.99815315
1856.82965068,-0.015651926,-0.0025873529,0.008201562,-0.039546642,0.020552449,-1.0003504
1856.83393743,-0.013521398,-0.0068484107,0.009266827,-0.036128674,0.019331746,-1.0042566
1856.83988896,-0.014586663,-0.0057831462,0.008201562,-0.03857008,0.015425495,-1.0047449
1856.84429148,-0.014586663,-0.0057831462,0.008201562,-0.03857008,0.015425495,-1.0047449
1856.84984703,-0.015651926,-0.004717882,0.008201562,-0.0393025,0.016402058,-0.9974207
1856.85404814,-0.015651926,-0.004717882,0.008201562,-0.0393025,0.016402058,-0.9974207
1856.85989408,-0.014586663,-0.004717882,0.008201562,-0.04198805,0.018111043,-1.0042566
1856.86406229,-0.014586663,-0.004717882,0.008201562,-0.04198805,0.018111043,-1.0042566
1856.86989092,-0.014586663,-0.0036526173,0.009266827,-0.033931408,0.018843465,-1.0062097
1856.87406229,-0.014586663,-0.0036526173,0.009266827,-0.033931408,0.018843465,-1.0062097
1856.87989068,-0.016717192,-0.004717882,0.009266827,-0.03881422,0.014937214,-0.9991297
1856.88397195,-0.016717192,-0.004717882,0.009266827,-0.03881422,0.014937214,-0.9991297
1856.88989182,-0.013521398,-0.0025873529,0.009266827,-0.04296461,0.018355183,-0.99937385
1856.89439384,-0.013521398,-0.0025873529,0.009266827,-0.04296461,0.018355183,-0.99937385
1856.89989103,-0.014586663,-0.004717882,0.008201562,-0.036861096,0.017622761,-1.0062097
1856.904196,-0.014586663,-0.004717882,0.008201562,-0.036861096,0.017622761,-1.0062097
1856.90989296,-0.012456134,-0.0036526173,0.008201562,-0.03881422,0.016646199,-1.004989
1856.91403616,-0.012456134,-0.0036526173,0.008201562,-0.03881422,0.016646199,-1.004989
1856.91964431,-0.015651926,-0.0025873529,0.009266827,-0.039546642,0.015913777,-0.99986213
1856.92406741,-0.015651926,-0.0025873529,0.009266827,-0.039546642,0.015913777,-0.99986213
1856.9298902,-0.012456134,-0.004717882,0.006071031,-0.0393025,0.019087605,-1.0040125
1856.934044,-0.012456134,-0.004717882,0.006071031,-0.0393025,0.019087605,-1.0040125
1856.93989012,-0.014586663,-0.0057831462,0.008201562,-0.03832594,0.016646199,-1.0040125
1856.94417187,-0.014586663,-0.0057831462,0.008201562,-0.03832594,0.016646199,-1.0040125
1856.94989127,-0.010325605,-0.004717882,0.0071362965,-0.03832594,0.015913777,-0.9983973
1856.95430312,-0.013521398,-0.004717882,0.008201562,-0.039790783,0.01689034,-1.0001062
1856.95976976,-0.016717192,-0.004717882,0.010332089,-0.043941174,0.01689034,-1.0023035
1856.96409706,-0.016717192,-0.004717882,0.010332089,-0.043941174,0.01689034,-1.0023035
1856.96989279,-0.013521398,-0.0036526173,0.009266827,-0.03857008,0.018843465,-1.0042566
1856.97433148,-0.0113908695,-0.0036526173,0.0071362965,-0.033198986,0.013960651,-1.004989
1856.97989094,-0.013521398,-0.004717882,0.008201562,-0.036861096,0.013960651,-1.0005945
1856.98410889,-0.013521398,-0.004717882,0.009266827,-0.03881422,0.017622761,-0.99693245
1856.98989132,-0.013521398,-0.0057831462,0.008201562,-0.04198805,0.018843465,-0.997909
1856.99428135,-0.014586663,-0.004717882,0.008201562,-0.040034924,0.016402058,-1.0040125
1856.99988924,-0.017782457,-0.0036526173,0.011397354,-0.03832594,0.01713448,-1.006698
1857.00422536,-0.014586663,-0.004717882,0.009266827,-0.036861096,0.019820027,-1.0057214
1857.00988955,-0.015651926,-0.0036526173,0.008201562,-0.041011486,0.015425495,-1.001571
1857.01424164,-0.01884772,-0.0025873529,0.008201562,-0.040767346,0.012984089,-0.9991297
1857.01989144,-0.014586663,-0.0025873529,0.0071362965,-0.040523205,0.017866902,-0.9966883
1857.02407714,-0.014586663,-0.004717882,0.009266827,-0.036861096,0.019087605,-0.99937385
1857.02989116,-0.012456134,-0.004717882,0.009266827,-0.035884533,0.018355183,-1.0047449
1857.03431431,-0.012456134,-0.0057831462,0.008201562,-0.037349377,0.01713448,-1.0057214
1857.03989302,-0.013521398,-0.0057831462,0.009266827,-0.03881422,0.01737862,-1.0047449
1857.04414854,-0.014586663,-0.0036526173,0.008201562,-0.03905836,0.016646199,-1.0023035
1857.04981361,-0.015651926,-0.0036526173,0.0071362965,-0.03857008,0.015425495,-0.9983973
1857.05415562,-0.013521398,-0.0036526173,0.008201562,-0.039546642,0.016646199,-0.997909
1857.059891,-0.014586663,-0.004717882,0.009266827,-0.041499767,0.017866902,-1.0008386
1857.06401671,-0.014586663,-0.0068484107,0.010332089,-0.040767346,0.01737862,-1.0062097
1857.06973048,-0.012456134,-0.004717882,0.008201562,-0.037349377,0.019087605,-1.0057214
1857.07401723,-0.014586663,-0.0057831462,0.010332089,-0.035884533,0.015913777,-1.0040125
1857.07989116,-0.013521398,-0.004717882,0.008201562,-0.037837658,0.014448932,-1.0005945
1857.08446094,-0.012456134,-0.004717882,0.009266827,-0.0393025,0.01689034,-0.997909
1857.08966432,-0.013521398,-0.004717882,0.0071362965,-0.04223219,0.01737862,-0.9988856
1857.093961,-0.015651926,-0.0057831462,0.0071362965,-0.0393025,0.018843465,-1.0010828
1857.09988934,-0.014586663,-0.0068484107,0.009266827,-0.037593517,0.020552449,-1.0042566
1857.10422203,-0.010325605,-0.0057831462,0.008201562,-0.037105236,0.016646199,-1.0059656
1857.10989127,-0.013521398,-0.004717882,0.0071362965,-0.0393025,0.015425495,-1.0057214
1857.11431427,-0.0113908695,-0.004717882,0.009266827,-0.041255627,0.016157918,-1.0003504
1857.11979664,-0.0113908695,-0.004717882,0.009266827,-0.041011486,0.015425495,-0.9983973
1857.12403672,-0.015651926,-0.004717882,0.009266827,-0.040279064,0.018355183,-0.99766487
1857.12968227,-0.017782457,-0.0036526173,0.009266827,-0.036616955,0.017866902,-1.0037683
1857.13405495,-0.015651926,-0.0036526173,0.008201562,-0.037105236,0.018599324,-1.006698
1857.13989234,-0.017782457,-0.004717882,0.010332089,-0.03490797,0.019331746,-1.0037683
1857.14425694,-0.015651926,-0.0036526173,0.010332089,-0.03832594,0.01713448,-1.0008386
1857.149809,-0.015651926,-0.004717882,0.009266827,-0.03832594,0.0137165105,-0.9991297
1857.15401132,-0.013521398,-0.0057831462,0.008201562,-0.041011486,0.017866902,-0.99986213
1857.15989016,-0.014586663,-0.0057831462,0.009266827,-0.040034924,0.019331746,-1.0013269
1857.16423731,-0.014586663,-0.004717882,0.010332089,-0.043697033,0.019575886,-1.0037683
1857.1698902,-0.014586663,-0.0036526173,0.0071362965,-0.037593517,0.018111043,-1.0047449
1857.17413052,-0.015651926,-0.0025873529,0.0071362965,-0.03857008,0.016157918,-1.0037683
1857.17989052,-0.013521398,-0.0025873529,0.009266827,-0.036372814,0.014204792,-1.0023035
1857.18429292,-0.014586663,-0.0036526173,0.0071362965,-0.0393025,0.015181354,-0.99815315
1857.18989052,-0.013521398,-0.004717882,0.009266827,-0.039546642,0.018111043,-0.99693245
1857.19407339,-0.012456134,-0.004717882,0.008201562,-0.041011486,0.019087605,-1.0003504
1857.19989451,-0.014586663,-0.0036526173,0.008201562,-0.037349377,0.018599324,-1.0074304
1857.20403219,-0.012456134,-0.0057831462,0.009266827,-0.036861096,0.018843465,-1.006698
1857.20989078,-0.014586663,-0.004717882,0.008201562,-0.03832594,0.016646199,-1.0045007
1857.21446384,-0.016717192,-0.004717882,0.010332089,-0.041255627,0.015425495,-0.99937385
1857.21989404,-0.015651926,-0.004717882,0.009266827,-0.041011486,0.014937214,-0.997909
1857.2242652,-0.012456134,-0.004717882,0.008201562,-0.04296461,0.017866902,-0.99986213
1857.22989116,-0.013521398,-0.004717882,0.009266827,-0.037837658,0.019331746,-1.0037683
1857.23405405,-0.012456134,-0.004717882,0.010332089,-0.03832594,0.018355183,-1.0059656
1857.23989081,-0.014586663,-0.004717882,0.0071362965,-0.036861096,0.019575886,-1.0047449
1857.24413555,-0.014586663,-0.0036526173,0.009266827,-0.040034924,0.01737862,-1.00328
1857.24988975,-0.014586663,-0.0036526173,0.008201562,-0.03905836,0.014937214,-1.0003504
1857.25407175,-0.013521398,-0.004717882,0.010332089,-0.03881422,0.015913777,-0.99766487
1857.25989128,-0.014586663,-0.0057831462,0.008201562,-0.039546642,0.017866902,-0.9988856
1857.26432381,-0.016717192,-0.004717882,0.009266827,-0.040279064,0.020552449,-1.0027918
1857.26981516,-0.016717192,-0.004717882,0.006071031,-0.03832594,0.018355183,-1.0062097
1857.27406819,-0.0113908695,-0.0036526173,0.008201562,-0.039546642,0.015425495,-1.004989
1857.27989084,-0.014586663,-0.0036526173,0.010332089,-0.037837658,0.013960651,-1.0030359
1857.28405128,-0.012456134,-0.004717882,0.009266827,-0.0393025,0.016402058,-0.9959559
1857.28989112,-0.0113908695,-0.004717882,0.008201562,-0.041011486,0.01737862,-0.997909
1857.29428762,-0.013521398,-0.004717882,0.009266827,-0.040034924,0.017622761,-1.0008386
1857.2998922,-0.015651926,-0.0036526173,0.008201562,-0.037349377,0.01737862,-1.0057214
1857.30419215,-0.015651926,-0.0057831462,0.009266827,-0.03441969,0.019087605,-1.0052332
1857.3096375,-0.016717192,-0.004717882,0.009266827,-0.036372814,0.019087605,-1.0040125
1857.31394127,-0.013521398,-0.004717882,0.008201562,-0.040523205,0.013960651,-1.0025476
1857.31989318,-0.013521398,-0.0057831462,0.009266827,-0.041011486,0.014693073,-0.99986213
1857.3243468,-0.014586663,-0.0036526173,0.008201562,-0.040523205,0.018355183,-0.9988856
1857.32976791,-0.014586663,-0.004717882,0.009266827,-0.040034924,0.019575886,-1.0005945
1857.33404942,-0.015651926,-0.004717882,0.009266827,-0.037105236,0.01737862,-1.004989
1857.33973498,-0.015651926,-0.0036526173,0.008201562,-0.039546642,0.018355183,-1.004989
1857.34404284,-0.016717192,-0.0036526173,0.008201562,-0.03832594,0.016402058,-1.0040125
1857.34989192,-0.014586663,-0.0025873529,0.010332089,-0.03832594,0.015425495,-0.99937385
1857.35425911,-0.012456134,-0.0036526173,0.009266827,-0.037593517,0.015913777,-0.9971766
1857.35971816,-0.013521398,-0.0057831462,0.010332089,-0.040279064,0.01713448,-1.0003504
1857.36416399,-0.014586663,-0.0057831462,0.010332089,-0.040523205,0.019087605,-1.0052332
1857.36989116,-0.014586663,-0.004717882,0.008201562,-0.03832594,0.019575886,-1.006698
1857.37431632,-0.012456134,-0.0036526173,0.0071362965,-0.037593517,0.019575886,-1.0047449
1857.37989123,-0.013521398,-0.0036526173,0.010332089,-0.03881422,0.014693073,-1.0023035
1857.38413337,-0.016717192,-0.0025873529,0.008201562,-0.040034924,0.013228229,-0.9983973
1857.38963552,-0.012456134,-0.0036526173,0.008201562,-0.041499767,0.015425495,-0.99815315
1857.39397697,-0.015651926,-0.0036526173,0.008201562,-0.04247633,0.018355183,-0.999618
1857.39989148,-0.012456134,-0.0057831462,0.008201562,-0.036861096,0.02104073,-1.0037683
1857.40422187,-0.013521398,-0.004717882,0.008201562,-0.037105236,0.019087605,-1.0052332
1857.40989084,-0.017782457,-0.004717882,0.010332089,-0.03539625,0.016646199,-1.006698
1857.41407692,-0.015651926,-0.004717882,0.0071362965,-0.03832594,0.015425495,-1.0037683
1857.41989036,-0.013521398,-0.0057831462,0.009266827,-0.040034924,0.016402058,-0.9983973
1857.42445854,-0.016717192,-0.004717882,0.008201562,-0.040767346,0.018111043,-0.9966883
1857.42989148,-0.014586663,-0.0068484107,0.009266827,-0.040767346,0.01737862,-0.99937385
1857.43414929,-0.012456134,-0.0068484107,0.008201562,-0.041011486,0.016402058,-1.0054773
1857.43984384,-0.0113908695,-0.0036526173,0.008201562,-0.035884533,0.018599324,-1.0052332
1857.44410904,-0.010325605,-0.004717882,0.009266827,-0.039790783,0.01737862,-1.0037683
1857.44989164,-0.014586663,-0.0025873529,0.009266827,-0.0393025,0.012495807,-1.0025476
1857.45414193,-0.013521398,-0.0025873529,0.008201562,-0.039546642,0.01713448,-0.997909
1857.45989182,-0.014586663,-0.004717882,0.0071362965,-0.03832594,0.019575886,-1.0008386
1857.46408671,-0.010325605,-0.004717882,0.008201562,-0.039790783,0.020308308,-1.0037683
1857.4698914,-0.012456134,-0.004717882,0.009266827,-0.037349377,0.018843465,-1.0047449
1857.47438194,-0.013521398,-0.004717882,0.011397354,-0.03881422,0.016157918,-1.0057214
1857.47989367,-0.016717192,-0.0025873529,0.009266827,-0.0393025,0.016646199,-1.0042566
1857.4842952,-0.012456134,-0.0036526173,0.008201562,-0.0393025,0.016157918,-1.0013269
1857.48981565,-0.013521398,-0.004717882,0.008201562,-0.040523205,0.015425495,-0.9974207
1857.494077,-0.014586663,-0.0057831462,0.008201562,-0.041499767,0.016402058,-0.9974207
1857.4998919,-0.01884772,-0.0036526173,0.010332089,-0.0393025,0.018843465,-1.0023035
1857.50400849,-0.0113908695,-0.004717882,0.008201562,-0.037593517,0.018355183,-1.006698
1857.50989207,-0.0113908695,-0.004717882,0.008201562,-0.037837658,0.018355183,-1.0059656
1857.51409972,-0.0113908695,-0.0036526173,0.008201562,-0.03857008,0.01713448,-1.0035242
1857.51966881,-0.015651926,-0.0025873529,0.010332089,-0.03832594,0.015913777,-0.99986213
1857.52396246,-0.016717192,-0.0057831462,0.009266827,-0.039546642,0.016402058,-0.99937385
1857.52989052,-0.013521398,-0.0057831462,0.009266827,-0.040279064,0.018843465,-1.0003504
1857.53439094,-0.013521398,-0.0057831462,0.0071362965,-0.03832594,0.018843465,-1.00328
1857.53989552,-0.015651926,-0.0057831462,0.010332089,-0.037837658,0.017866902,-1.0054773
1857.54422295,-0.015651926,-0.004717882,0.009266827,-0.03832594,0.018111043,-1.00328
1857.54979421,-0.013521398,-0.004717882,0.009266827,-0.040523205,0.015669636,-1.0023035
1857.55398148,-0.014586663,-0.0036526173,0.009266827,-0.039790783,0.014937214,-0.999618
1857.55989084,-0.017782457,-0.0036526173,0.009266827,-0.040279064,0.018111043,-0.9988856
1857.56424946,-0.017782457,-0.004717882,0.010332089,-0.039546642,0.019087605,-1.001571
1857.56984052,-0.015651926,-0.004717882,0.008201562,-0.036616955,0.019087605,-1.0057214
1857.5742565,-0.0113908695,-0.0057831462,0.008201562,-0.036861096,0.018843465,-1.0059656
1857.57989195,-0.015651926,-0.0036526173,0.011397354,-0.036372814,0.016157918,-1.0037683
1857.5844231,-0.015651926,-0.0036526173,0.009266827,-0.03881422,0.015425495,-0.99986213
1857.58981229,-0.013521398,-0.0036526173,0.008201562,-0.03857008,0.015669636,-0.99693245
1857.59408336,-0.009260341,-0.0057831462,0.009266827,-0.04296461,0.01689034,-0.9988856
1857.59989053,-0.016717192,-0.0057831462,0.008201562,-0.040034924,0.019331746,-1.0037683
1857.60418756,-0.014586663,-0.004717882,0.008201562,-0.040034924,0.019087605,-1.0052332
1857.60980833,-0.014586663,-0.004717882,0.009266827,-0.036372814,0.01713448,-1.0062097
1857.6142511,-0.016717192,-0.0036526173,0.009266827,-0.036861096,0.016402058,-1.0042566
1857.61989269,-0.014586663,-0.004717882,0.009266827,-0.03905836,0.016157918,-1.0003504
1857.62399363,-0.013521398,-0.0057831462,0.009266827,-0.040034924,0.01737862,-0.9983973
1857.62989269,-0.014586663,-0.0036526173,0.0071362965,-0.040279064,0.01737862,-0.9988856
1857.63435111,-0.015651926,-0.0057831462,0.010332089,-0.037837658,0.018843465,-1.00328
1857.63989413,-0.016717192,-0.0036526173,0.009266827,-0.036372814,0.018355183,-1.0054773
1857.6442616,-0.0113908695,-0.0068484107,0.009266827,-0.037837658,0.01737862,-1.0052332
1857.6498928,-0.014586663,-0.004717882,0.008201562,-0.039546642,0.014693073,-1.0027918
1857.65414381,-0.012456134,-0.0057831462,0.008201562,-0.04223219,0.016157918,-0.9966883
1857.65989243,-0.013521398,-0.0036526173,0.008201562,-0.039790783,0.01737862,-0.9988856
1857.66403616,-0.013521398,-0.0068484107,0.008201562,-0.040523205,0.016402058,-1.0020593
1857.66981997,-0.013521398,-0.0068484107,0.009266827,-0.03832594,0.019575886,-1.0052332
1857.67390164,-0.014586663,-0.0057831462,0.009266827,-0.03881422,0.019087605,-1.0054773
1857.67989047,-0.017782457,-0.0036526173,0.010332089,-0.036861096,0.014693073,-1.0057214
1857.68450052,-0.014586663,-0.0036526173,0.008201562,-0.03881422,0.012739948,-1.0013269
1857.68982326,-0.015651926,-0.004717882,0.008201562,-0.035884533,0.01737862,-0.99693245
1857.69419165,-0.0113908695,-0.004717882,0.010332089,-0.040767346,0.018355183,-0.99815315
1857.69989215,-0.012456134,-0.0057831462,0.008201562,-0.04272047,0.016646199,-1.0030359
1857.7041666,-0.015651926,-0.004717882,0.010332089,-0.039546642,0.017866902,-1.004989
1857.70981426,-0.015651926,-0.004717882,0.009266827,-0.037349377,0.019331746,-1.0062097
1857.71404747,-0.013521398,-0.004717882,0.008201562,-0.037105236,0.016402058,-1.0037683
1857.71988985,-0.015651926,-0.004717882,0.006071031,-0.0393025,0.0137165105,-1.0003504
1857.72437707,-0.015651926,-0.0025873529,0.009266827,-0.04198805,0.014937214,-0.9971766
1857.72956546,-0.012456134,-0.004717882,0.0071362965,-0.039546642,0.017622761,-0.9988856
1857.7339533,-0.013521398,-0.0057831462,0.009266827,-0.03857008,0.019087605,-1.0037683
1857.73989148,-0.0113908695,-0.004717882,0.0071362965,-0.036372814,0.017622761,-1.0052332
1857.74437703,-0.014586663,-0.0036526173,0.010332089,-0.03832594,0.016402058,-1.0047449
1857.74989211,-0.0113908695,-0.0036526173,0.008201562,-0.040279064,0.015181354,-0.99937385
1857.75417862,-0.0113908695,-0.0036526173,0.008201562,-0.040279064,0.015181354,-0.99937385
1857.75989315,-0.0113908695,-0.0036526173,0.008201562,-0.041011486,0.018355183,-1.0005945
1857.76408237,-0.0113908695,-0.0036526173,0.008201562,-0.041011486,0.018355183,-1.0005945
1857.76989148,-0.0113908695,-0.004717882,0.009266827,-0.036128674,0.019331746,-1.0064539
1857.77409373,-0.0113908695,-0.004717882,0.009266827,-0.036128674,0.019331746,-1.0064539
1857.7798916,-0.016717192,-0.004717882,0.010332089,-0.036372814,0.01737862,-1.0020593
1857.78432235,-0.016717192,-0.004717882,0.010332089,-0.036372814,0.01737862,-1.0020593
1857.78989175,-0.013521398,-0.004717882,0.009266827,-0.040279064,0.016402058,-0.9983973
1857.7942652,-0.013521398,-0.004717882,0.009266827,-0.040279064,0.016402058,-0.9983973
1857.79989233,-0.013521398,-0.0057831462,0.0071362965,-0.037837658,0.020064168,-1.0059656
1857.80409468,-0.013521398,-0.0057831462,0.0071362965,-0.037837658,0.020064168,-1.0059656
1857.80982144,-0.014586663,-0.004717882,0.010332089,-0.03881422,0.016402058,-1.0037683
1857.81411383,-0.014586663,-0.004717882,0.010332089,-0.03881422,0.016402058,-1.0037683
1857.81966766,-0.012456134,-0.0036526173,0.010332089,-0.03881422,0.013960651,-0.99986213
1857.82405401,-0.012456134,-0.0036526173,0.010332089,-0.03881422,0.013960651,-0.99986213
1857.82989324,-0.015651926,-0.0036526173,0.009266827,-0.03857008,0.01737862,-1.0020593
1857.83407834,-0.015651926,-0.0036526173,0.009266827,-0.03857008,0.01737862,-1.0020593
1857.83989165,-0.012456134,-0.004717882,0.009266827,-0.03466383,0.019820027,-1.0052332
1857.84422448,-0.012456134,-0.004717882,0.009266827,-0.03466383,0.019820027,-1.0052332
1857.849891,-0.013521398,-0.004717882,0.008201562,-0.03905836,0.014448932,-1.0013269
1857.85427193,-0.012456134,-0.004717882,0.009266827,-0.03905836,0.014448932,-1.0013269
1857.85989277,-0.012456134,-0.0025873529,0.008201562,-0.040523205,0.018355183,-0.99937385
1857.86412596,-0.012456134,-0.0025873529,0.008201562,-0.040523205,0.018355183,-0.99937385
1857.86983799,-0.016717192,-0.004717882,0.009266827,-0.037837658,0.019820027,-1.006698
1857.87395259,-0.016717192,-0.004717882,0.009266827,-0.037837658,0.019820027,-1.006698
1857.87989132,-0.012456134,-0.0036526173,0.009266827,-0.041011486,0.014693073,-1.0013269
1857.88408814,-0.012456134,-0.0036526173,0.009266827,-0.041011486,0.014693073,-1.0013269
1857.88989084,-0.014586663,-0.004717882,0.009266827,-0.0393025,0.016646199,-0.997909
1857.8944394,-0.016717192,-0.0036526173,0.009266827,-0.03832594,0.018111043,-1.0003504
1857.89989297,-0.014586663,-0.004717882,0.009266827,-0.03905836,0.019575886,-1.0045007
1857.90426552,-0.016717192,-0.004717882,0.009266827,-0.03881422,0.019087605,-1.0064539
1857.90989158,-0.015651926,-0.0036526173,0.008201562,-0.037837658,0.01737862,-1.006698
1857.91407829,-0.013521398,-0.0025873529,0.006071031,-0.03881422,0.016402058,-1.0018152
1857.91982552,-0.014586663,-0.0025873529,0.009266827,-0.040523205,0.013960651,-0.99864143
1857.9240918,-0.015651926,-0.0036526173,0.009266827,-0.043452892,0.016402058,-0.99766487
1857.92989148,-0.014586663,-0.0057831462,0.010332089,-0.041255627,0.019820027,-1.0008386
1857.93426803,-0.014586663,-0.004717882,0.009266827,-0.03857008,0.017622761,-1.006698
1857.93983788,-0.009260341,-0.0057831462,0.008201562,-0.03539625,0.016646199,-1.0062097
1857.94389779,-0.0113908695,-0.004717882,0.009266827,-0.039546642,0.015425495,-1.0020593
1857.94978934,-0.014586663,-0.004717882,0.010332089,-0.0393025,0.015425495,-0.9991297
1857.95408461,-0.014586663,-0.0025873529,0.009266827,-0.041499767,0.017866902,-0.997909
1857.95989273,-0.013521398,-0.0036526173,0.008201562,-0.040034924,0.017622761,-1.0003504
1857.964231,-0.0113908695,-0.0057831462,0.008201562,-0.041011486,0.017622761,-1.0042566
1857.96974664,-0.016717192,-0.0057831462,0.010332089,-0.035640392,0.018843465,-1.004989
1857.97402094,-0.013521398,-0.0057831462,0.010332089,-0.040034924,0.018599324,-1.0042566
1857.97989608,-0.014586663,-0.0036526173,0.009266827,-0.037837658,0.016402058,-1.0037683
1857.98408863,-0.016717192,-0.004717882,0.009266827,-0.04198805,0.012984089,-0.99937385
1857.98989211,-0.01884772,-0.0036526173,0.008201562,-0.03857008,0.015425495,-0.99693245
1857.99435355,-0.014586663,-0.004717882,0.010332089,-0.039790783,0.018843465,-0.997909
1857.99992546,-0.0113908695,-0.004717882,0.0071362965,-0.03857008,0.019575886,-1.0045007
1858.0040552,-0.012456134,-0.004717882,0.010332089,-0.037593517,0.01737862,-1.0081629
1858.00989044,-0.014586663,-0.004717882,0.008201562,-0.037105236,0.01689034,-1.006698
1858.01430172,-0.014586663,-0.0036526173,0.009266827,-0.0380818,0.01689034,-1.0018152
1858.01982763,-0.015651926,-0.0036526173,0.008201562,-0.03881422,0.015425495,-0.9954676
1858.02408978,-0.012456134,-0.0057831462,0.009266827,-0.040279064,0.016157918,-0.99937385
1858.02968783,-0.012456134,-0.0036526173,0.0071362965,-0.04198805,0.01713448,-1.001571
1858.03402297,-0.013521398,-0.0036526173,0.010332089,-0.037837658,0.019575886,-1.0047449
1858.03989069,-0.01884772,-0.0036526173,0.009266827,-0.03857008,0.018843465,-1.00328
1858.04398116,-0.017782457,-0.0025873529,0.010332089,-0.0393025,0.01713448,-1.0037683
1858.04989512,-0.014586663,-0.004717882,0.009266827,-0.039546642,0.014937214,-1.0010828
1858.05416739,-0.014586663,-0.004717882,0.008201562,-0.03832594,0.01689034,-0.9983973
1858.05989502,-0.015651926,-0.004717882,0.008201562,-0.039546642,0.019087605,-0.99766487
1858.06423497,-0.015651926,-0.0068484107,0.008201562,-0.03857008,0.020064168,-1.0018152
1858.0698291,-0.017782457,-0.004717882,0.009266827,-0.0380818,0.018843465,-1.006698
1858.0741431,-0.016717192,-0.0025873529,0.009266827,-0.036861096,0.018111043,-1.0079187
1858.07989182,-0.013521398,-0.004717882,0.010332089,-0.03832594,0.01737862,-1.00328
1858.08432213,-0.013521398,-0.0036526173,0.008201562,-0.040767346,0.014448932,-0.9983973
1858.08989108,-0.012456134,-0.0036526173,0.009266827,-0.040523205,0.01689034,-0.9959559
1858.09394116,-0.014586663,-0.0036526173,0.009266827,-0.041011486,0.01713448,-0.999618
1858.09989439,-0.014586663,-0.0057831462,0.0071362965,-0.03832594,0.019087605,-1.0047449
1858.10402036,-0.015651926,-0.004717882,0.009266827,-0.037349377,0.019575886,-1.0052332
1858.109894,-0.0113908695,-0.004717882,0.010332089,-0.036372814,0.01689034,-1.0045007
1858.11445446,-0.014586663,-0.0057831462,0.009266827,-0.041011486,0.014448932,-1.0040125
1858.11974048,-0.015651926,-0.0036526173,0.008201562,-0.037837658,0.015913777,-1.0001062
1858.12417942,-0.014586663,-0.0036526173,0.009266827,-0.0393025,0.01689034,-0.99937385
1858.12992756,-0.0113908695,-0.0057831462,0.008201562,-0.0393025,0.017622761,-0.99937385
1858.13418276,-0.014586663,-0.0068484107,0.008201562,-0.03881422,0.019087605,-1.0030359
1858.13989343,-0.015651926,-0.004717882,0.008201562,-0.037593517,0.017866902,-1.004989
1858.14429238,-0.015651926,-0.0025873529,0.009266827,-0.0393025,0.014937214,-1.0054773
1858.14989222,-0.017782457,-0.0025873529,0.010332089,-0.037593517,0.015425495,-1.0023035
1858.154136,-0.010325605,-0.0036526173,0.008201562,-0.040767346,0.01689034,-0.9959559
1858.15989164,-0.013521398,-0.0036526173,0.008201562,-0.041499767,0.016157918,-0.9988856
1858.16421084,-0.01884772,-0.0057831462,0.009266827,-0.03905836,0.018355183,-1.00328
1858.16989164,-0.016717192,-0.004717882,0.008201562,-0.037349377,0.019820027,-1.006698
1858.17407124,-0.0113908695,-0.004717882,0.008201562,-0.03441969,0.018599324,-1.0047449
1858.17989298,-0.014586663,-0.0057831462,0.011397354,-0.039546642,0.015669636,-1.00328
1858.18406148,-0.017782457,-0.0025873529,0.010332089,-0.039546642,0.015425495,-0.99986213
1858.18989277,-0.015651926,-0.004717882,0.009266827,-0.040523205,0.015669636,-0.99815315
1858.19430905,-0.015651926,-0.0025873529,0.009266827,-0.040523205,0.018599324,-0.9988856
1858.19978836,-0.012456134,-0.0057831462,0.009266827,-0.040034924,0.01737862,-1.0023035
1858.20393284,-0.012456134,-0.0057831462,0.009266827,-0.039546642,0.018355183,-1.0047449
1858.2098908,-0.012456134,-0.004717882,0.010332089,-0.037349377,0.01737862,-1.006698
1858.21428244,-0.016717192,-0.0036526173,0.010332089,-0.037593517,0.017866902,-1.0040125
1858.21989199,-0.016717192,-0.0036526173,0.008201562,-0.037349377,0.015425495,-1.0008386
1858.22424289,-0.014586663,-0.004717882,0.008201562,-0.0393025,0.014937214,-0.9971766
1858.22989594,-0.014586663,-0.004717882,0.009266827,-0.041255627,0.018599324,-0.9988856
1858.2340368,-0.012456134,-0.0036526173,0.0071362965,-0.040767346,0.018355183,-1.0052332
1858.23963757,-0.014586663,-0.0036526173,0.008201562,-0.037593517,0.016402058,-1.0071863
1858.24409642,-0.014586663,-0.004717882,0.009266827,-0.036372814,0.018111043,-1.0040125
1858.2498916,-0.013521398,-0.004717882,0.009266827,-0.037593517,0.016402058,-1.0018152
1858.25425616,-0.015651926,-0.0036526173,0.009266827,-0.040767346,0.014937214,-0.99815315
1858.25989222,-0.015651926,-0.0036526173,0.010332089,-0.041499767,0.01737862,-1.0003504
1858.26412372,-0.016717192,-0.004717882,0.009266827,-0.040523205,0.018843465,-1.0008386
1858.26990276,-0.016717192,-0.004717882,0.009266827,-0.036616955,0.019575886,-1.004989
1858.2743006,-0.015651926,-0.004717882,0.011397354,-0.035640392,0.018355183,-1.0045007
1858.27989148,-0.012456134,-0.0036526173,0.006071031,-0.03881422,0.014448932,-1.0062097
1858.28412148,-0.014586663,-0.0025873529,0.008201562,-0.039790783,0.015669636,-1.0013269
1858.2898964,-0.014586663,-0.0036526173,0.009266827,-0.03905836,0.01737862,-0.99644417
1858.29430584,-0.0113908695,-0.004717882,0.009266827,-0.040523205,0.018843465,-0.99693245
1858.29989262,-0.009260341,-0.0057831462,0.0071362965,-0.0393025,0.01713448,-1.00328
1858.30409737,-0.012456134,-0.004717882,0.006071031,-0.040034924,0.016402058,-1.0081629
1858.30976084,-0.015651926,-0.0036526173,0.008201562,-0.037837658,0.020064168,-1.0076746
1858.31405118,-0.009260341,-0.0025873529,0.009266827,-0.03857008,0.019820027,-1.0023035
1858.3198927,-0.0113908695,-0.0057831462,0.008201562,-0.03857008,0.014693073,-0.999618
1858.32454252,-0.0113908695,-0.004717882,0.009266827,-0.040279064,0.01347237,-0.99815315
1858.32989235,-0.015651926,-0.004717882,0.009266827,-0.03905836,0.019331746,-1.0003504
1858.33420881,-0.017782457,-0.0057831462,0.008201562,-0.0393025,0.021529011,-1.0018152
1858.33985676,-0.015651926,-0.004717882,0.009266827,-0.036861096,0.018843465,-1.0037683
1858.34419176,-0.014586663,-0.0036526173,0.009266827,-0.037593517,0.015913777,-1.0042566
1858.34989192,-0.009260341,-0.0057831462,0.008201562,-0.039790783,0.014693073,-1.0062097
1858.35412737,-0.012456134,-0.0057831462,0.0071362965,-0.041011486,0.016402058,-0.99986213
1858.35989386,-0.0113908695,-0.004717882,0.009266827,-0.040767346,0.016402058,-0.99766487
1858.36413806,-0.013521398,-0.004717882,0.010332089,-0.041255627,0.015913777,-0.9988856
1858.36989196,-0.015651926,-0.004717882,0.009266827,-0.040034924,0.018599324,-1.0064539
1858.37420272,-0.016717192,-0.0036526173,0.009266827,-0.03441969,0.020064168,-1.0079187
1858.37989262,-0.015651926,-0.004717882,0.010332089,-0.03539625,0.017866902,-1.0040125
1858.38433834,-0.016717192,-0.004717882,0.010332089,-0.036861096,0.014204792,-1.0001062
1858.3895645,-0.012456134,-0.004717882,0.0071362965,-0.041011486,0.014937214,-0.9959559
1858.39398821,-0.012456134,-0.004717882,0.0071362965,-0.04198805,0.018355183,-0.99986213
1858.3998922,-0.014586663,-0.0057831462,0.008201562,-0.040034924,0.019087605,-1.0025476
1858.40431406,-0.015651926,-0.004717882,0.009266827,-0.037349377,0.01689034,-1.0047449
1858.40989174,-0.014586663,-0.0025873529,0.0071362965,-0.03832594,0.01737862,-1.0052332
1858.41416095,-0.013521398,-0.004717882,0.009266827,-0.037837658,0.018355183,-1.0047449
1858.41969319,-0.015651926,-0.0025873529,0.008201562,-0.040034924,0.016402058,-1.0027918
1858.42389824,-0.017782457,-0.004717882,0.009266827,-0.03881422,0.012984089,-0.99937385
1858.42989347,-0.016717192,-0.0036526173,0.008201562,-0.040034924,0.016646199,-0.9974207
1858.43419882,-0.013521398,-0.0057831462,0.0071362965,-0.03857008,0.02104073,-1.0003504
1858.43989211,-0.013521398,-0.0057831462,0.008201562,-0.0393025,0.018599324,-1.0064539
1858.44400905,-0.014586663,-0.0036526173,0.009266827,-0.037105236,0.01737862,-1.0069422
1858.44985516,-0.01884772,-0.0025873529,0.010332089,-0.03832594,0.01689034,-1.0023035
1858.45401133,-0.014586663,-0.0036526173,0.008201562,-0.037105236,0.015913777,-0.9971766
1858.45989536,-0.012456134,-0.004717882,0.0071362965,-0.040767346,0.016157918,-0.9966883
1858.46427933,-0.017782457,-0.004717882,0.011397354,-0.040279064,0.017866902,-1.0018152
1858.46989227,-0.016717192,-0.004717882,0.009266827,-0.04247633,0.018843465,-1.0064539
1858.474242,-0.0113908695,-0.0036526173,0.0071362965,-0.037837658,0.018843465,-1.004989
1858.47989112,-0.016717192,-0.0036526173,0.008201562,-0.036616955,0.016402058,-1.0035242
1858.4843339,-0.013521398,-0.0036526173,0.009266827,-0.037105236,0.014693073,-1.0027918
1858.4898308,-0.017782457,-0.004717882,0.010332089,-0.040034924,0.015181354,-0.99937385
1858.49414048,-0.014586663,-0.004717882,0.009266827,-0.041255627,0.018355183,-0.99693245
1858.49964786,-0.012456134,-0.004717882,0.008201562,-0.03881422,0.019087605,-0.9983973
1858.50396648,-0.014586663,-0.004717882,0.009266827,-0.03857008,0.017622761,-1.0052332
1858.50989134,-0.013521398,-0.0057831462,0.008201562,-0.036128674,0.017866902,-1.0086511
1858.51434377,-0.013521398,-0.0036526173,0.009266827,-0.040034924,0.018355183,-1.0064539
1858.51989226,-0.015651926,-0.0036526173,0.010332089,-0.040034924,0.014448932,-1.0008386
1858.5239978,-0.013521398,-0.0036526173,0.0071362965,-0.03857008,0.012984089,-0.9949793
1858.52989465,-0.01884772,-0.0057831462,0.009266827,-0.0393025,0.018111043,-0.9974207
1858.53442427,-0.014586663,-0.004717882,0.009266827,-0.039546642,0.020552449,-1.00328
1858.53989373,-0.0113908695,-0.004717882,0.009266827,-0.0393025,0.018355183,-1.0057214
1858.54432536,-0.013521398,-0.0036526173,0.009266827,-0.037105236,0.018355183,-1.00328
1858.54982676,-0.013521398,-0.004717882,0.008201562,-0.036372814,0.016646199,-1.0013269
1858.55410795,-0.013521398,-0.004717882,0.010332089,-0.03832594,0.015425495,-1.0023035
1858.55989234,-0.012456134,-0.004717882,0.009266827,-0.039790783,0.015181354,-1.0008386
1858.56414084,-0.016717192,-0.004717882,0.0071362965,-0.040767346,0.017622761,-0.999618
1858.56989253,-0.014586663,-0.004717882,0.009266827,-0.03832594,0.018599324,-1.0013269
1858.57406329,-0.013521398,-0.0057831462,0.009266827,-0.03539625,0.018599324,-1.0042566
1858.57989263,-0.013521398,-0.004717882,0.010332089,-0.037837658,0.016646199,-1.0062097
1858.58445409,-0.015651926,-0.0025873529,0.010332089,-0.03832594,0.014937214,-1.0040125
1858.58979568,-0.016717192,-0.0036526173,0.0071362965,-0.041011486,0.015181354,-0.9971766
1858.59412882,-0.012456134,-0.0036526173,0.008201562,-0.040034924,0.018599324,-0.99522346
1858.59989171,-0.013521398,-0.0057831462,0.009266827,-0.040034924,0.017866902,-1.0013269
1858.60407946,-0.015651926,-0.0068484107,0.009266827,-0.037349377,0.018843465,-1.0071863
1858.60971294,-0.012456134,-0.0057831462,0.009266827,-0.037349377,0.018843465,-1.0059656
1858.61409785,-0.015651926,-0.0036526173,0.008201562,-0.037105236,0.019331746,-1.0030359
1858.61989202,-0.013521398,-0.0036526173,0.010332089,-0.040767346,0.015181354,-1.0013269
1858.62413299,-0.016717192,-0.004717882,0.009266827,-0.0393025,0.013960651,-1.0003504
1858.62965628,-0.013521398,-0.0036526173,0.009266827,-0.040523205,0.017866902,-1.0001062
1858.63393792,-0.014586663,-0.0057831462,0.010332089,-0.040034924,0.018599324,-0.99986213
1858.63989188,-0.012456134,-0.0057831462,0.010332089,-0.039546642,0.020552449,-1.0027918
1858.64435835,-0.013521398,-0.0036526173,0.009266827,-0.03881422,0.017866902,-1.0062097
1858.64979342,-0.012456134,-0.0036526173,0.010332089,-0.037105236,0.014937214,-1.0062097
1858.6541469,-0.014586663,-0.0057831462,0.009266827,-0.03832594,0.015181354,-1.0013269
1858.65989432,-0.013521398,-0.0057831462,0.008201562,-0.041499767,0.01689034,-0.99693245
1858.66405246,-0.013521398,-0.0057831462,0.008201562,-0.041499767,0.01689034,-0.99693245
1858.66989304,-0.014586663,-0.004717882,0.008201562,-0.03832594,0.02104073,-1.0076746
1858.67421577,-0.014586663,-0.004717882,0.008201562,-0.03832594,0.02104073,-1.0076746
1858.67989263,-0.013521398,-0.004717882,0.008201562,-0.03881422,0.014448932,-1.0008386
1858.68441887,-0.013521398,-0.004717882,0.008201562,-0.03881422,0.014448932,-1.0008386
1858.68989329,-0.015651926,-0.0036526173,0.011397354,-0.040034924,0.016402058,-0.9983973
1858.69431765,-0.015651926,-0.0036526173,0.011397354,-0.040034924,0.016402058,-0.9983973
1858.69982884,-0.0113908695,-0.0036526173,0.009266827,-0.037593517,0.017866902,-1.0035242
1858.70411094,-0.0113908695,-0.0036526173,0.009266827,-0.037593517,0.017866902,-1.0035242
1858.70985628,-0.014586663,-0.004717882,0.010332089,-0.0393025,0.018599324,-1.0062097
1858.71394791,-0.014586663,-0.004717882,0.010332089,-0.0393025,0.018599324,-1.0062097
1858.71989219,-0.014586663,-0.0036526173,0.009266827,-0.03881422,0.015181354,-0.99937385
1858.72423983,-0.014586663,-0.0036526173,0.009266827,-0.03881422,0.015181354,-0.99937385
1858.72989325,-0.015651926,-0.0057831462,0.009266827,-0.040034924,0.01737862,-0.99937385
1858.73412199,-0.015651926,-0.0057831462,0.009266827,-0.040034924,0.01737862,-0.99937385
1858.73989317,-0.012456134,-0.0057831462,0.0071362965,-0.0393025,0.017866902,-1.0064539
1858.74434713,-0.012456134,-0.0057831462,0.0071362965,-0.0393025,0.017866902,-1.0064539
1858.74990612,-0.014586663,-0.0025873529,0.010332089,-0.0393025,0.014937214,-1.0001062
1858.75434565,-0.012456134,-0.0036526173,0.008201562,-0.0393025,0.014937214,-1.0001062
1858.75989164,-0.016717192,-0.004717882,0.009266827,-0.041011486,0.01713448,-1.0003504
1858.76413271,-0.016717192,-0.004717882,0.009266827,-0.041011486,0.01713448,-1.0003504
1858.76978568,-0.015651926,-0.0036526173,0.009266827,-0.03832594,0.018111043,-1.0040125
1858.77399944,-0.015651926,-0.0036526173,0.009266827,-0.03832594,0.018111043,-1.0040125
1858.77989264,-0.012456134,-0.004717882,0.009266827,-0.037837658,0.016157918,-1.00328
1858.78409759,-0.012456134,-0.004717882,0.009266827,-0.037837658,0.016157918,-1.00328
1858.78989366,-0.015651926,-0.004717882,0.011397354,-0.040523205,0.014937214,-0.99693245
1858.79459316,-0.016717192,-0.004717882,0.009266827,-0.04272047,0.016402058,-0.99815315
1858.7996992,-0.016717192,-0.004717882,0.009266827,-0.0393025,0.02104073,-1.0013269
1858.80429998,-0.012456134,-0.0057831462,0.0071362965,-0.037349377,0.02079659,-1.0079187
1858.80980988,-0.014586663,-0.004717882,0.009266827,-0.0380818,0.01713448,-1.006698
1858.81389964,-0.014586663,-0.004717882,0.009266827,-0.0380818,0.01713448,-1.006698
1858.81982694,-0.016717192,-0.004717882,0.010332089,-0.03881422,0.01737862,-0.99693245
1858.82401437,-0.010325605,-0.004717882,0.009266827,-0.03832594,0.015913777,-0.99937385
1858.82989319,-0.016717192,-0.0068484107,0.009266827,-0.041255627,0.017866902,-1.0003504
1858.83440395,-0.016717192,-0.0036526173,0.009266827,-0.040523205,0.019087605,-1.0062097
1858.83957849,-0.013521398,-0.004717882,0.008201562,-0.037105236,0.018843465,-1.0027918
1858.8440272,-0.014586663,-0.004717882,0.009266827,-0.037837658,0.017866902,-1.00328
1858.8498918,-0.015651926,-0.004717882,0.0071362965,-0.03905836,0.015181354,-1.0025476
1858.85437722,-0.016717192,-0.004717882,0.009266827,-0.039546642,0.015913777,-1.0013269
1858.85989281,-0.016717192,-0.0036526173,0.010332089,-0.04320875,0.016402058,-0.9988856
1858.86425448,-0.012456134,-0.0036526173,0.008201562,-0.0393025,0.018599324,-0.99864143
1858.86978672,-0.014586663,-0.004717882,0.009266827,-0.037349377,0.019331746,-1.0042566
1858.87399749,-0.014586663,-0.004717882,0.008201562,-0.037593517,0.019575886,-1.006698
1858.87989268,-0.013521398,-0.004717882,0.008201562,-0.036861096,0.018355183,-1.0052332
1858.88425612,-0.015651926,-0.0057831462,0.009266827,-0.041011486,0.0137165105,-0.99986213
1858.88953326,-0.014586663,-0.0036526173,0.010332089,-0.040523205,0.014693073,-0.99449104
1858.894361,-0.012456134,-0.0036526173,0.008201562,-0.040523205,0.019575886,-0.99815315
1858.89989712,-0.013521398,-0.0036526173,0.008201562,-0.040034924,0.01737862,-1.0052332
1858.90431864,-0.015651926,-0.0068484107,0.010332089,-0.039546642,0.016402058,-1.0079187
1858.90989366,-0.017782457,-0.004717882,0.009266827,-0.037837658,0.018843465,-1.0047449
1858.91413866,-0.015651926,-0.0036526173,0.009266827,-0.03857008,0.018355183,-1.0025476
1858.91989449,-0.0113908695,-0.0057831462,0.009266827,-0.037349377,0.0137165105,-1.0018152
1858.92415568,-0.012456134,-0.0057831462,0.008201562,-0.039546642,0.014937214,-0.999618
1858.92958874,-0.013521398,-0.0057831462,0.008201562,-0.040034924,0.017866902,-0.99864143
1858.93397536,-0.016717192,-0.004717882,0.010332089,-0.041011486,0.01737862,-1.0010828
1858.93989299,-0.014586663,-0.0036526173,0.008201562,-0.036861096,0.01689034,-1.004989
1858.9440285,-0.015651926,-0.0036526173,0.009266827,-0.037593517,0.019087605,-1.0057214
1858.94984983,-0.017782457,-0.004717882,0.010332089,-0.03881422,0.016157918,-1.0035242
1858.95429192,-0.014586663,-0.004717882,0.008201562,-0.040767346,0.013228229,-0.997909
1858.95989246,-0.016717192,-0.0036526173,0.009266827,-0.041743908,0.016402058,-0.9974207
1858.96421648,-0.014586663,-0.004717882,0.009266827,-0.040034924,0.020064168,-1.0001062
1858.96989267,-0.013521398,-0.004717882,0.008201562,-0.03881422,0.019575886,-1.006698
1858.97415184,-0.014586663,-0.0036526173,0.010332089,-0.037349377,0.016157918,-1.0057214
1858.97989328,-0.015651926,-0.0036526173,0.008201562,-0.036128674,0.014204792,-1.00328
1858.98428239,-0.015651926,-0.0036526173,0.009266827,-0.03857008,0.016646199,-0.99986213
1858.98989157,-0.014586663,-0.0036526173,0.010332089,-0.040767346,0.016646199,-0.99937385
1858.994123,-0.013521398,-0.004717882,0.008201562,-0.04272047,0.015913777,-0.99937385
1858.99989103,-0.013521398,-0.004717882,0.008201562,-0.040523205,0.018599324,-0.99986213
1859.00443235,-0.015651926,-0.004717882,0.010332089,-0.036861096,0.018843465,-1.0037683
1859.00989348,-0.015651926,-0.0057831462,0.009266827,-0.036128674,0.018599324,-1.0069422
1859.0141128,-0.0113908695,-0.004717882,0.009266827,-0.03857008,0.016402058,-1.006698
1859.0198934,-0.014586663,-0.0057831462,0.0071362965,-0.03881422,0.014448932,-1.0023035
1859.02416363,-0.015651926,-0.0057831462,0.010332089,-0.039790783,0.01737862,-0.99693245
1859.02985036,-0.014586663,-0.004717882,0.0071362965,-0.039790783,0.019575886,-0.99693245
1859.03410384,-0.013521398,-0.004717882,0.0071362965,-0.0380818,0.018843465,-1.0037683
1859.03989367,-0.014586663,-0.0057831462,0.008201562,-0.037349377,0.018355183,-1.0074304
1859.04425493,-0.014586663,-0.004717882,0.008201562,-0.035884533,0.019575886,-1.0040125
1859.0496327,-0.014586663,-0.0036526173,0.009266827,-0.039790783,0.017622761,-1.0013269
1859.05397569,-0.016717192,-0.004717882,0.010332089,-0.03832594,0.013960651,-0.99937385
1859.0598923,-0.012456134,-0.0057831462,0.008201562,-0.041011486,0.01689034,-0.999618
1859.06431741,-0.010325605,-0.0057831462,0.008201562,-0.039546642,0.019331746,-0.99986213
1859.06984521,-0.014586663,-0.004717882,0.010332089,-0.041011486,0.019575886,-1.0025476
1859.0740938,-0.014586663,-0.0057831462,0.009266827,-0.035640392,0.018843465,-1.0045007
1859.07989434,-0.015651926,-0.0057831462,0.0071362965,-0.037837658,0.01737862,-1.0057214
1859.08416199,-0.015651926,-0.0025873529,0.009266827,-0.037349377,0.015181354,-1.0054773
1859.0898934,-0.015651926,-0.004717882,0.008201562,-0.0393025,0.016402058,-0.9988856
1859.09406896,-0.013521398,-0.004717882,0.008201562,-0.040279064,0.018599324,-0.99693245
1859.09971451,-0.012456134,-0.0036526173,0.0071362965,-0.040523205,0.01689034,-0.9991297
1859.1039011,-0.017782457,-0.004717882,0.009266827,-0.037837658,0.018843465,-1.0064539
1859.10990955,-0.014586663,-0.0057831462,0.009266827,-0.036861096,0.020308308,-1.0076746
1859.11454705,-0.014586663,-0.0036526173,0.008201562,-0.03881422,0.016157918,-1.0052332
1859.1196639,-0.012456134,-0.0036526173,0.009266827,-0.039546642,0.014448932,-1.0005945
1859.12419069,-0.012456134,-0.004717882,0.0071362965,-0.03832594,0.016646199,-0.9974207
1859.12989584,-0.01884772,-0.0036526173,0.010332089,-0.041011486,0.017622761,-1.0003504
1859.1340918,-0.012456134,-0.0057831462,0.008201562,-0.040034924,0.017622761,-1.0010828
1859.13962833,-0.013521398,-0.0057831462,0.008201562,-0.03881422,0.017866902,-1.0030359
1859.1440644,-0.015651926,-0.0036526173,0.009266827,-0.035640392,0.019575886,-1.0037683
1859.14989335,-0.016717192,-0.0036526173,0.0071362965,-0.037837658,0.01689034,-1.004989
1859.15403584,-0.013521398,-0.004717882,0.009266827,-0.0393025,0.014693073,-1.00328
1859.15989432,-0.013521398,-0.004717882,0.010332089,-0.039546642,0.014448932,-0.997909
1859.16411664,-0.012456134,-0.0057831462,0.0071362965,-0.04247633,0.01689034,-0.997909
1859.16990164,-0.017782457,-0.004717882,0.009266827,-0.03881422,0.021529011,-1.0023035
1859.17434438,-0.013521398,-0.0057831462,0.009266827,-0.03905836,0.020064168,-1.006698
1859.17989442,-0.014586663,-0.0057831462,0.010332089,-0.037105236,0.01347237,-1.0064539
1859.18424628,-0.017782457,-0.0036526173,0.010332089,-0.03905836,0.014448932,-1.0020593
1859.18985337,-0.014586663,-0.004717882,0.0071362965,-0.03881422,0.019331746,-0.9954676
1859.19417048,-0.013521398,-0.0057831462,0.009266827,-0.041011486,0.01737862,-0.9983973
1859.19989321,-0.014586663,-0.004717882,0.010332089,-0.040767346,0.016402058,-1.0018152
1859.20408175,-0.012456134,-0.004717882,0.0071362965,-0.03857008,0.017866902,-1.0045007
1859.2098029,-0.0113908695,-0.004717882,0.008201562,-0.03539625,0.020308308,-1.0042566
1859.21389941,-0.014586663,-0.004717882,0.009266827,-0.037349377,0.018111043,-1.0047449
1859.21989289,-0.017782457,-0.004717882,0.010332089,-0.039546642,0.01347237,-1.0045007
1859.2243318,-0.012456134,-0.004717882,0.009266827,-0.040767346,0.013960651,-0.9988856
1859.22989265,-0.013521398,-0.0057831462,0.0071362965,-0.041255627,0.017866902,-0.99644417
1859.23422455,-0.015651926,-0.0036526173,0.008201562,-0.0380818,0.019087605,-0.9971766
1859.23980875,-0.014586663,-0.0057831462,0.010332089,-0.037837658,0.01689034,-1.0045007
1859.24416323,-0.013521398,-0.004717882,0.009266827,-0.03881422,0.01689034,-1.0071863
1859.24984964,-0.014586663,-0.0036526173,0.009266827,-0.03881422,0.017866902,-1.0037683
1859.25407745,-0.015651926,-0.0036526173,0.008201562,-0.040034924,0.01689034,-1.0003504
1859.25989455,-0.013521398,-0.0036526173,0.009266827,-0.0380818,0.012739948,-0.9983973
1859.26421159,-0.014586663,-0.0057831462,0.009266827,-0.040279064,0.018355183,-1.0001062
1859.26978992,-0.015651926,-0.0057831462,0.009266827,-0.039790783,0.02104073,-1.0037683
1859.27404765,-0.013521398,-0.0036526173,0.0071362965,-0.039790783,0.018843465,-1.0052332
1859.27989372,-0.014586663,-0.0036526173,0.009266827,-0.036861096,0.015669636,-1.00328
1859.28430128,-0.015651926,-0.0036526173,0.009266827,-0.036372814,0.016402058,-1.0025476
1859.28965124,-0.013521398,-0.0057831462,0.009266827,-0.03881422,0.015669636,-1.0013269
1859.2940042,-0.014586663,-0.0036526173,0.009266827,-0.04223219,0.015669636,-0.99937385
1859.29989438,-0.013521398,-0.0036526173,0.009266827,-0.041011486,0.016402058,-0.99937385
1859.30427207,-0.014586663,-0.004717882,0.008201562,-0.040034924,0.019087605,-1.0008386
1859.30967116,-0.010325605,-0.0036526173,0.009266827,-0.03441969,0.02128487,-1.0062097
1859.31395776,-0.014586663,-0.004717882,0.009266827,-0.035884533,0.016646199,-1.0076746
1859.31989283,-0.014586663,-0.004717882,0.009266827,-0.040279064,0.012984089,-1.00328
1859.32417612,-0.0113908695,-0.0036526173,0.008201562,-0.040523205,0.017622761,-0.99693245
1859.32989418,-0.013521398,-0.0025873529,0.008201562,-0.039790783,0.018843465,-0.9974207
1859.33429568,-0.014586663,-0.0036526173,0.008201562,-0.0393025,0.016402058,-1.0018152
1859.33989294,-0.014586663,-0.0057831462,0.009266827,-0.03905836,0.015913777,-1.0064539
1859.3439976,-0.016717192,-0.004717882,0.009266827,-0.040034924,0.020064168,-1.0045007
1859.34977532,-0.015651926,-0.0025873529,0.010332089,-0.03881422,0.020552449,-1.0023035
1859.3540616,-0.015651926,-0.0036526173,0.009266827,-0.03905836,0.014448932,-1.0018152
1859.35989354,-0.014586663,-0.0057831462,0.009266827,-0.0393025,0.01347237,-1.0008386
1859.36424038,-0.012456134,-0.004717882,0.0071362965,-0.040034924,0.019087605,-0.9988856
1859.36982204,-0.012456134,-0.0057831462,0.010332089,-0.040034924,0.021529011,-1.0013269
1859.37400158,-0.014586663,-0.0036526173,0.008201562,-0.037349377,0.017622761,-1.0042566
1859.37989297,-0.012456134,-0.0036526173,0.008201562,-0.03539625,0.01689034,-1.0076746
1859.38445726,-0.0113908695,-0.004717882,0.009266827,-0.037349377,0.017622761,-1.0052332
1859.38974289,-0.015651926,-0.0057831462,0.010332089,-0.040523205,0.01713448,-0.99937385
1859.39413701,-0.017782457,-0.0057831462,0.009266827,-0.041499767,0.016157918,-0.99400276
1859.39979968,-0.013521398,-0.004717882,0.008201562,-0.040767346,0.015425495,-1.0001062
1859.40402297,-0.017782457,-0.0036526173,0.010332089,-0.040034924,0.018599324,-1.0042566
1859.40989399,-0.015651926,-0.004717882,0.008201562,-0.035884533,0.020064168,-1.0091394
1859.41407737,-0.012456134,-0.004717882,0.009266827,-0.037837658,0.017622761,-1.0052332
1859.41989441,-0.014586663,-0.0036526173,0.009266827,-0.037349377,0.014937214,-1.0013269
1859.4240518,-0.013521398,-0.004717882,0.009266827,-0.040034924,0.015913777,-0.99864143
1859.42989324,-0.014586663,-0.004717882,0.010332089,-0.03881422,0.016402058,-0.99986213
1859.43440128,-0.014586663,-0.004717882,0.008201562,-0.040034924,0.016646199,-1.0001062
1859.4398949,-0.013521398,-0.0057831462,0.006071031,-0.040523205,0.018843465,-1.0003504
1859.44428223,-0.013521398,-0.0036526173,0.0071362965,-0.039546642,0.018599324,-1.0035242
1859.44989327,-0.015651926,-0.0036526173,0.009266827,-0.0393025,0.016646199,-1.0069422
1859.45413044,-0.010325605,-0.0036526173,0.010332089,-0.03832594,0.013960651,-1.0052332
1859.4598943,-0.013521398,-0.0036526173,0.0071362965,-0.0393025,0.014937214,-0.99693245
1859.46416184,-0.013521398,-0.0036526173,0.009266827,-0.039546642,0.01737862,-0.9962
1859.46989725,-0.016717192,-0.004717882,0.009266827,-0.041255627,0.018599324,-1.0001062
1859.47414416,-0.0113908695,-0.004717882,0.010332089,-0.0380818,0.018843465,-1.0076746
1859.4798926,-0.009260341,-0.0036526173,0.0071362965,-0.035884533,0.018355183,-1.0062097
1859.48432317,-0.0113908695,-0.0036526173,0.009266827,-0.036861096,0.016402058,-1.0027918
1859.489809,-0.012456134,-0.0057831462,0.009266827,-0.040523205,0.014448932,-1.0001062
1859.49407176,-0.014586663,-0.0036526173,0.010332089,-0.041499767,0.013960651,-1.0003504
1859.49989423,-0.013521398,-0.0036526173,0.009266827,-0.041743908,0.016646199,-1.0008386
1859.50405904,-0.015651926,-0.0057831462,0.009266827,-0.040034924,0.017866902,-1.0027918
1859.50989406,-0.014586663,-0.0057831462,0.008201562,-0.03832594,0.01689034,-1.0035242
1859.51427984,-0.016717192,-0.004717882,0.009266827,-0.036616955,0.017866902,-1.0057214
1859.51989268,-0.015651926,-0.004717882,0.010332089,-0.03832594,0.017622761,-1.0042566
1859.5242339,-0.015651926,-0.0025873529,0.009266827,-0.037593517,0.014937214,-1.0025476
1859.52962247,-0.016717192,-0.0025873529,0.008201562,-0.039790783,0.014693073,-0.99693245
1859.53395717,-0.013521398,-0.0057831462,0.008201562,-0.03881422,0.018355183,-0.9974207
1859.53989552,-0.016717192,-0.0057831462,0.008201562,-0.040767346,0.020064168,-1.00328
1859.54444164,-0.0113908695,-0.004717882,0.0071362965,-0.0393025,0.01737862,-1.0076746
1859.54979084,-0.015651926,-0.0036526173,0.008201562,-0.03881422,0.016402058,-1.0047449
1859.55406876,-0.014586663,-0.0057831462,0.009266827,-0.0393025,0.01689034,-1.001571
1859.55966781,-0.0113908695,-0.0057831462,0.010332089,-0.040034924,0.016157918,-0.9988856
1859.56401403,-0.013521398,-0.0025873529,0.009266827,-0.040034924,0.017866902,-1.0001062
1859.56989309,-0.014586663,-0.0036526173,0.008201562,-0.040523205,0.01737862,-1.0023035
1859.57423361,-0.014586663,-0.0036526173,0.008201562,-0.040034924,0.018843465,-1.0040125
1859.57989357,-0.014586663,-0.004717882,0.009266827,-0.036861096,0.015913777,-1.0042566
1859.58434354,-0.014586663,-0.004717882,0.009266827,-0.036861096,0.015913777,-1.0042566
1859.58989308,-0.013521398,-0.0036526173,0.0071362965,-0.040279064,0.015913777,-0.9974207
1859.59430921,-0.013521398,-0.0036526173,0.0071362965,-0.040279064,0.015913777,-0.9974207
1859.59979299,-0.014586663,-0.004717882,0.008201562,-0.0393025,0.017866902,-1.0003504
1859.60414148,-0.014586663,-0.004717882,0.008201562,-0.0393025,0.017866902,-1.0003504
1859.60962648,-0.013521398,-0.0057831462,0.009266827,-0.037105236,0.019087605,-1.008407
1859.61398176,-0.013521398,-0.004717882,0.009266827,-0.037105236,0.018599324,-1.0091394
1859.61989427,-0.014586663,-0.0036526173,0.009266827,-0.03832594,0.015425495,-0.997909
1859.62429132,-0.014586663,-0.0036526173,0.009266827,-0.03832594,0.015425495,-0.997909
1859.62979921,-0.013521398,-0.004717882,0.009266827,-0.03881422,0.018355183,-1.0010828
1859.63397548,-0.013521398,-0.004717882,0.009266827,-0.03881422,0.018355183,-1.0010828
1859.63989412,-0.012456134,-0.0057831462,0.009266827,-0.037349377,0.018599324,-1.0042566
1859.64448733,-0.013521398,-0.0036526173,0.008201562,-0.037349377,0.018599324,-1.0042566
1859.64989181,-0.014586663,-0.004717882,0.009266827,-0.036861096,0.018355183,-1.0042566
1859.65421837,-0.014586663,-0.004717882,0.009266827,-0.036861096,0.018355183,-1.0042566
1859.65989484,-0.013521398,-0.004717882,0.009266827,-0.04223219,0.014448932,-0.99986213
1859.66405893,-0.013521398,-0.004717882,0.009266827,-0.04223219,0.014448932,-0.99986213
1859.66989409,-0.015651926,-0.0068484107,0.009266827,-0.037349377,0.019575886,-1.0027918
1859.67417012,-0.015651926,-0.0068484107,0.009266827,-0.037349377,0.019575886,-1.0027918
1859.67989394,-0.016717192,-0.0036526173,0.008201562,-0.03441969,0.018111043,-1.006698
1859.68415635,-0.016717192,-0.0036526173,0.008201562,-0.03441969,0.018111043,-1.006698
1859.68989393,-0.016717192,-0.0036526173,0.009266827,-0.03832594,0.013960651,-0.9966883
1859.69437027,-0.01884772,-0.004717882,0.008201562,-0.039546642,0.01737862,-0.9974207
1859.69989756,-0.015651926,-0.0057831462,0.0071362965,-0.0393025,0.017866902,-1.0027918
1859.70424353,-0.015651926,-0.0036526173,0.009266827,-0.04247633,0.018355183,-1.0071863
1859.70981452,-0.013521398,-0.004717882,0.008201562,-0.037349377,0.018355183,-1.0047449
1859.71408709,-0.013521398,-0.004717882,0.008201562,-0.037349377,0.018355183,-1.0047449
1859.71985345,-0.014586663,-0.0025873529,0.009266827,-0.037105236,0.014448932,-1.0023035
1859.72396865,-0.014586663,-0.0025873529,0.009266827,-0.037105236,0.014448932,-1.0023035
1859.72989616,-0.015651926,-0.004717882,0.008201562,-0.040523205,0.01689034,-0.99864143
1859.73424002,-0.014586663,-0.0036526173,0.009266827,-0.04198805,0.020064168,-0.99864143
1859.73969405,-0.013521398,-0.0057831462,0.008201562,-0.037837658,0.017866902,-1.0057214
1859.74390052,-0.013521398,-0.0057831462,0.008201562,-0.037837658,0.017866902,-1.0057214
1859.74989455,-0.015651926,-0.004717882,0.010332089,-0.035640392,0.01689034,-1.0059656
1859.75436596,-0.014586663,-0.0057831462,0.009266827,-0.041255627,0.015181354,-0.99986213
1859.75989345,-0.0113908695,-0.0057831462,0.008201562,-0.041011486,0.015913777,-0.99522346
1859.76423337,-0.0113908695,-0.0057831462,0.009266827,-0.04198805,0.017622761,-0.9991297
1859.76979208,-0.014586663,-0.0057831462,0.008201562,-0.039546642,0.018355183,-1.0057214
1859.77397552,-0.015651926,-0.004717882,0.010332089,-0.037593517,0.019087605,-1.0054773
1859.77989425,-0.016717192,-0.0036526173,0.0071362965,-0.036861096,0.01737862,-1.0027918
1859.7843206,-0.014586663,-0.0025873529,0.010332089,-0.0393025,0.014448932,-1.001571
1859.78985901,-0.016717192,-0.0036526173,0.008201562,-0.040034924,0.013960651,-1.0010828
1859.79429245,-0.0113908695,-0.0036526173,0.008201562,-0.040034924,0.017866902,-1.0008386
1859.79989392,-0.013521398,-0.0057831462,0.009266827,-0.0393025,0.017866902,-0.99986213
1859.80428818,-0.010325605,-0.0057831462,0.009266827,-0.039546642,0.01713448,-1.0025476
1859.80978836,-0.012456134,-0.0036526173,0.008201562,-0.03881422,0.019575886,-1.0064539
1859.81407536,-0.014586663,-0.004717882,0.010332089,-0.036861096,0.018111043,-1.006698
1859.81989946,-0.015651926,-0.0036526173,0.010332089,-0.039546642,0.014448932,-1.0037683
1859.82400209,-0.016717192,-0.0036526173,0.008201562,-0.037837658,0.016157918,-0.99449104
1859.82989423,-0.016717192,-0.004717882,0.009266827,-0.040034924,0.017866902,-0.9959559
1859.83425953,-0.014586663,-0.004717882,0.0071362965,-0.040034924,0.019331746,-1.0005945
1859.83989385,-0.013521398,-0.0025873529,0.0071362965,-0.040034924,0.019575886,-1.0071863
1859.8439516,-0.015651926,-0.0036526173,0.009266827,-0.036372814,0.018355183,-1.0062097
1859.8498918,-0.012456134,-0.0036526173,0.009266827,-0.035884533,0.016157918,-1.0037683
1859.85435841,-0.015651926,-0.004717882,0.008201562,-0.039546642,0.016157918,-1.0005945
1859.85989579,-0.013521398,-0.004717882,0.0071362965,-0.041011486,0.018111043,-1.0018152
1859.86430354,-0.013521398,-0.0036526173,0.009266827,-0.041499767,0.018843465,-1.0001062
1859.86989455,-0.016717192,-0.0036526173,0.009266827,-0.03857008,0.019331746,-1.0013269
1859.87414817,-0.014586663,-0.0057831462,0.009266827,-0.036616955,0.018843465,-1.0025476
1859.87989302,-0.013521398,-0.0057831462,0.009266827,-0.03490797,0.017866902,-1.0064539
1859.88415942,-0.015651926,-0.0057831462,0.010332089,-0.041011486,0.015913777,-1.0054773
1859.88985318,-0.014586663,-0.004717882,0.008201562,-0.03905836,0.014693073,-1.0003504
1859.89390084,-0.015651926,-0.004717882,0.009266827,-0.040034924,0.015913777,-0.9949793
1859.89989503,-0.013521398,-0.0057831462,0.009266827,-0.039546642,0.018355183,-0.99864143
1859.90439116,-0.013521398,-0.0057831462,0.010332089,-0.040523205,0.019575886,-1.0054773
1859.90989371,-0.013521398,-0.004717882,0.008201562,-0.03832594,0.020552449,-1.0079187
1859.91425818,-0.016717192,-0.004717882,0.010332089,-0.036616955,0.018111043,-1.0042566
1859.91989409,-0.014586663,-0.004717882,0.0071362965,-0.0380818,0.01713448,-1.0005945
1859.92405357,-0.014586663,-0.0057831462,0.010332089,-0.039546642,0.015669636,-0.997909
1859.92989303,-0.017782457,-0.004717882,0.009266827,-0.04198805,0.016157918,-1.0003504
1859.93409722,-0.019912984,-0.004717882,0.011397354,-0.041011486,0.019087605,-1.0008386
1859.93989495,-0.015651926,-0.0057831462,0.008201562,-0.039546642,0.02104073,-1.0027918
1859.9443302,-0.012456134,-0.0068484107,0.008201562,-0.03466383,0.016402058,-1.0042566
1859.94954933,-0.014586663,-0.004717882,0.0071362965,-0.037349377,0.015425495,-1.0057214
1859.95396143,-0.014586663,-0.0036526173,0.011397354,-0.040279064,0.016646199,-1.0052332
1859.95989255,-0.0113908695,-0.0036526173,0.006071031,-0.041011486,0.016646199,-0.9983973
1859.96437247,-0.017782457,-0.0036526173,0.009266827,-0.041255627,0.016402058,-0.9974207
1859.96989333,-0.012456134,-0.0068484107,0.008201562,-0.039546642,0.016157918,-1.0013269
1859.97421758,-0.012456134,-0.004717882,0.0071362965,-0.037349377,0.019575886,-1.0074304
1859.97989371,-0.012456134,-0.0025873529,0.009266827,-0.037593517,0.019820027,-1.0071863
1859.98415354,-0.010325605,-0.004717882,0.008201562,-0.037837658,0.014937214,-1.0020593
1859.98989427,-0.014586663,-0.004717882,0.009266827,-0.040034924,0.0137165105,-0.997909
1859.9941168,-0.014586663,-0.004717882,0.009266827,-0.039790783,0.016402058,-0.997909
1859.99983733,-0.014586663,-0.004717882,0.008201562,-0.040767346,0.018111043,-1.0018152
1860.00390062,-0.013521398,-0.0057831462,0.009266827,-0.040279064,0.01689034,-1.0045007
1860.00991164,-0.013521398,-0.004717882,0.0071362965,-0.03857008,0.01737862,-1.0037683
1860.01429176,-0.014586663,-0.004717882,0.008201562,-0.036616955,0.019331746,-1.0037683
1860.0198947,-0.008195076,-0.0057831462,0.009266827,-0.03881422,0.016402058,-1.0057214
1860.02422548,-0.012456134,-0.004717882,0.009266827,-0.0393025,0.01347237,-1.0025476
1860.02984224,-0.010325605,-0.004717882,0.009266827,-0.041011486,0.015425495,-0.9983973
1860.0340868,-0.015651926,-0.004717882,0.008201562,-0.040523205,0.01737862,-0.99571174
1860.0396571,-0.013521398,-0.0057831462,0.008201562,-0.039546642,0.019331746,-1.0025476
1860.04403875,-0.014586663,-0.0057831462,0.010332089,-0.037837658,0.018111043,-1.0064539
1860.04989575,-0.014586663,-0.0036526173,0.010332089,-0.03905836,0.013960651,-1.006698
1860.05411858,-0.013521398,-0.004717882,0.008201562,-0.039546642,0.016402058,-1.0023035
1860.05985774,-0.016717192,-0.0036526173,0.010332089,-0.0393025,0.015913777,-0.9971766
1860.06423084,-0.015651926,-0.004717882,0.008201562,-0.040279064,0.016157918,-1.0003504
1860.06990532,-0.013521398,-0.0025873529,0.009266827,-0.039790783,0.018599324,-1.0027918
1860.07433144,-0.0113908695,-0.004717882,0.009266827,-0.03857008,0.02104073,-1.0042566
1860.0798946,-0.015651926,-0.0036526173,0.009266827,-0.036861096,0.018355183,-1.0025476
1860.08423065,-0.016717192,-0.0036526173,0.008201562,-0.039546642,0.016402058,-1.0027918
1860.08969383,-0.014586663,-0.004717882,0.008201562,-0.0380818,0.015669636,-1.00328
1860.09415801,-0.013521398,-0.004717882,0.010332089,-0.04198805,0.015913777,-0.99937385
1860.09989468,-0.014586663,-0.004717882,0.008201562,-0.040523205,0.01689034,-0.997909
1860.1040393,-0.015651926,-0.004717882,0.008201562,-0.039546642,0.01737862,-0.9991297
1860.10989309,-0.015651926,-0.004717882,0.009266827,-0.036616955,0.019575886,-1.0057214
1860.11453756,-0.015651926,-0.0036526173,0.009266827,-0.037105236,0.02079659,-1.0071863
1860.11989297,-0.014586663,-0.0036526173,0.008201562,-0.03857008,0.015913777,-1.0054773
1860.12408192,-0.014586663,-0.0025873529,0.008201562,-0.040767346,0.014937214,-0.9991297
1860.12989469,-0.014586663,-0.0025873529,0.009266827,-0.0380818,0.01713448,-0.9962
1860.13419889,-0.012456134,-0.0057831462,0.009266827,-0.03905836,0.019575886,-0.9991297
1860.13982761,-0.017782457,-0.0057831462,0.008201562,-0.03905836,0.018355183,-1.0052332
1860.14410676,-0.013521398,-0.0057831462,0.009266827,-0.036616955,0.017866902,-1.0057214
1860.14989487,-0.014586663,-0.0068484107,0.009266827,-0.037837658,0.019087605,-1.00328
1860.15427838,-0.017782457,-0.0057831462,0.009266827,-0.03881422,0.016402058,-1.0027918
1860.15970528,-0.013521398,-0.004717882,0.0071362965,-0.0393025,0.015425495,-1.0013269
1860.16394158,-0.014586663,-0.0036526173,0.0071362965,-0.040279064,0.01737862,-0.99986213
1860.16989265,-0.016717192,-0.004717882,0.008201562,-0.041011486,0.018843465,-0.9974207
1860.17422197,-0.013521398,-0.0036526173,0.008201562,-0.0393025,0.019331746,-1.0018152
1860.17989468,-0.013521398,-0.004717882,0.009266827,-0.036128674,0.019087605,-1.0059656
1860.18430201,-0.015651926,-0.004717882,0.010332089,-0.036861096,0.01713448,-1.0071863
1860.18977562,-0.013521398,-0.004717882,0.008201562,-0.041011486,0.01689034,-1.0023035
1860.19402327,-0.010325605,-0.0036526173,0.008201562,-0.040034924,0.017622761,-0.9954676
1860.19989473,-0.012456134,-0.0036526173,0.008201562,-0.03881422,0.015913777,-0.99815315
1860.20401384,-0.013521398,-0.0057831462,0.009266827,-0.040034924,0.019331746,-1.0025476
1860.20968253,-0.0113908695,-0.0057831462,0.008201562,-0.0393025,0.020308308,-1.0076746
1860.2139508,-0.016717192,-0.0036526173,0.009266827,-0.03857008,0.01737862,-1.004989
1860.21989525,-0.01884772,-0.0036526173,0.010332089,-0.037349377,0.015425495,-1.0023035
1860.22454148,-0.014586663,-0.0057831462,0.008201562,-0.0380818,0.015669636,-1.0001062
1860.22978475,-0.012456134,-0.004717882,0.009266827,-0.040767346,0.016402058,-0.999618
1860.23413085,-0.013521398,-0.004717882,0.009266827,-0.041011486,0.01689034,-0.999618
1860.23989295,-0.016717192,-0.004717882,0.009266827,-0.041255627,0.01689034,-0.99986213
1860.24401189,-0.012456134,-0.004717882,0.008201562,-0.037349377,0.017622761,-1.0025476
1860.24966112,-0.014586663,-0.004717882,0.009266827,-0.036372814,0.018111043,-1.0062097
1860.25400316,-0.014586663,-0.0036526173,0.010332089,-0.037837658,0.015913777,-1.006698
1860.25989532,-0.013521398,-0.0036526173,0.009266827,-0.041255627,0.014693073,-1.0008386
1860.2639993,-0.012456134,-0.0057831462,0.008201562,-0.041011486,0.016402058,-0.99644417
1860.26989504,-0.012456134,-0.0057831462,0.009266827,-0.041255627,0.019087605,-0.9988856
1860.27412717,-0.017782457,-0.004717882,0.009266827,-0.03905836,0.020064168,-1.0057214
1860.27989378,-0.016717192,-0.004717882,0.009266827,-0.03881422,0.015181354,-1.0076746
1860.28444919,-0.016717192,-0.004717882,0.009266827,-0.03832594,0.014937214,-1.0037683
1860.28974848,-0.012456134,-0.0036526173,0.009266827,-0.039546642,0.016646199,-0.99815315
1860.29408851,-0.009260341,-0.004717882,0.0071362965,-0.039546642,0.015913777,-0.99766487
1860.29990266,-0.0113908695,-0.0036526173,0.008201562,-0.039546642,0.014204792,-1.0003504
1860.30427116,-0.015651926,-0.004717882,0.008201562,-0.040523205,0.01689034,-1.0010828
1860.30989537,-0.0113908695,-0.0068484107,0.010332089,-0.039546642,0.020308308,-1.00328
1860.31400201,-0.012456134,-0.0057831462,0.009266827,-0.041011486,0.020064168,-1.0042566
1860.3198932,-0.015651926,-0.0025873529,0.010332089,-0.037593517,0.015913777,-1.0064539
1860.3242627,-0.012456134,-0.0025873529,0.008201562,-0.0393025,0.013228229,-1.0040125
1860.32990806,-0.014586663,-0.0025873529,0.009266827,-0.03881422,0.015181354,-0.9962
1860.33414939,-0.013521398,-0.004717882,0.009266827,-0.040034924,0.019820027,-0.99449104
1860.33989482,-0.012456134,-0.0057831462,0.008201562,-0.041499767,0.01713448,-1.0008386
1860.34420756,-0.014586663,-0.0036526173,0.009266827,-0.03832594,0.016402058,-1.0081629
1860.34989461,-0.014586663,-0.004717882,0.008201562,-0.03539625,0.020064168,-1.0079187
1860.35409315,-0.014586663,-0.0068484107,0.009266827,-0.03832594,0.01713448,-1.00328
1860.35989419,-0.010325605,-0.0057831462,0.008201562,-0.039546642,0.014937214,-1.0005945
1860.36427502,-0.013521398,-0.0036526173,0.010332089,-0.041255627,0.016402058,-0.9988856
1860.36969788,-0.015651926,-0.0036526173,0.009266827,-0.041255627,0.01689034,-1.0018152
1860.37400611,-0.014586663,-0.004717882,0.009266827,-0.03832594,0.020552449,-1.0023035
1860.37989471,-0.014586663,-0.004717882,0.010332089,-0.037837658,0.020308308,-1.0020593
1860.38440823,-0.015651926,-0.0057831462,0.010332089,-0.03832594,0.01713448,-1.0042566
1860.38989394,-0.01884772,-0.004717882,0.009266827,-0.03857008,0.015669636,-1.0054773
1860.39413648,-0.014586663,-0.0036526173,0.0071362965,-0.039790783,0.016646199,-1.0013269
1860.39968664,-0.012456134,-0.0036526173,0.009266827,-0.040279064,0.01689034,-0.9966883
1860.40406286,-0.017782457,-0.004717882,0.008201562,-0.0393025,0.01713448,-0.997909
1860.40989366,-0.015651926,-0.004717882,0.010332089,-0.040034924,0.018111043,-1.0054773
1860.41444977,-0.013521398,-0.0068484107,0.009266827,-0.036128674,0.019331746,-1.0091394
1860.41956368,-0.013521398,-0.004717882,0.010332089,-0.037837658,0.018355183,-1.0062097
1860.42402124,-0.013521398,-0.0036526173,0.008201562,-0.03832594,0.015669636,-1.0003504
1860.42989379,-0.014586663,-0.004717882,0.009266827,-0.037349377,0.01713448,-0.99644417
1860.43396758,-0.014586663,-0.004717882,0.0071362965,-0.040767346,0.018355183,-0.99986213
1860.43989474,-0.014586663,-0.0036526173,0.009266827,-0.041011486,0.018843465,-1.00328
1860.44425778,-0.015651926,-0.004717882,0.008201562,-0.03881422,0.018355183,-1.0047449
1860.44989688,-0.015651926,-0.0036526173,0.009266827,-0.03490797,0.01689034,-1.0035242
1860.45405845,-0.015651926,-0.004717882,0.010332089,-0.036372814,0.016157918,-1.00328
1860.45966548,-0.013521398,-0.004717882,0.009266827,-0.039790783,0.01689034,-1.0030359
1860.464101,-0.012456134,-0.0036526173,0.008201562,-0.041743908,0.014937214,-0.9983973
1860.469896,-0.012456134,-0.0036526173,0.006071031,-0.040034924,0.01689034,-0.99766487
1860.47419878,-0.012456134,-0.004717882,0.009266827,-0.03881422,0.02128487,-1.0003504
1860.47989446,-0.013521398,-0.004717882,0.008201562,-0.0380818,0.019331746,-1.0069422
1860.48421961,-0.013521398,-0.0036526173,0.009266827,-0.0393025,0.014937214,-1.0086511
1860.48989441,-0.013521398,-0.004717882,0.0071362965,-0.037349377,0.017866902,-0.9959559
1860.49420339,-0.013521398,-0.004717882,0.0071362965,-0.037349377,0.017866902,-0.9959559
1860.49983478,-0.015651926,-0.0036526173,0.009266827,-0.040523205,0.016157918,-1.0020593
1860.50421298,-0.015651926,-0.0036526173,0.009266827,-0.040523205,0.016157918,-1.0020593
1860.50978364,-0.016717192,-0.0036526173,0.0071362965,-0.037837658,0.018843465,-1.0052332
1860.51402021,-0.016717192,-0.0036526173,0.0071362965,-0.037837658,0.018843465,-1.0052332
1860.51989332,-0.013521398,-0.0036526173,0.009266827,-0.036861096,0.015181354,-1.0042566
1860.52414324,-0.013521398,-0.0036526173,0.009266827,-0.036861096,0.015181354,-1.0042566
1860.52972164,-0.015651926,-0.0036526173,0.008201562,-0.039546642,0.016402058,-0.9974207
1860.53405191,-0.015651926,-0.0036526173,0.008201562,-0.039546642,0.016402058,-0.9974207
1860.53989739,-0.015651926,-0.004717882,0.009266827,-0.037837658,0.017866902,-1.0023035
1860.54446391,-0.015651926,-0.004717882,0.009266827,-0.037837658,0.017866902,-1.0023035
1860.54989469,-0.015651926,-0.004717882,0.008201562,-0.036372814,0.015913777,-1.0081629
1860.55424381,-0.015651926,-0.004717882,0.008201562,-0.036372814,0.015913777,-1.0081629
1860.55981324,-0.016717192,-0.0036526173,0.0071362965,-0.040034924,0.01689034,-0.9962
1860.56417882,-0.016717192,-0.0036526173,0.0071362965,-0.040034924,0.01689034,-0.9962
1860.56989455,-0.013521398,-0.0057831462,0.0071362965,-0.03881422,0.017866902,-1.0035242
1860.57421487,-0.013521398,-0.0057831462,0.0071362965,-0.03881422,0.017866902,-1.0035242
1860.57990187,-0.015651926,-0.004717882,0.008201562,-0.039546642,0.01737862,-1.0023035
1860.58416427,-0.015651926,-0.004717882,0.008201562,-0.039546642,0.01737862,-1.0023035
1860.58980333,-0.013521398,-0.0036526173,0.008201562,-0.0393025,0.014448932,-1.0010828
1860.59411241,-0.013521398,-0.0036526173,0.008201562,-0.0393025,0.014448932,-1.0010828
1860.59989443,-0.014586663,-0.0036526173,0.010332089,-0.04223219,0.016402058,-0.99937385
1860.60400945,-0.014586663,-0.0036526173,0.010332089,-0.04223219,0.016402058,-0.99937385
1860.60978584,-0.014586663,-0.004717882,0.010332089,-0.037105236,0.019575886,-1.0052332
1860.61403561,-0.014586663,-0.004717882,0.010332089,-0.037105236,0.019575886,-1.0052332
1860.61989492,-0.013521398,-0.0036526173,0.009266827,-0.036616955,0.015181354,-1.0047449
1860.62428036,-0.013521398,-0.0036526173,0.008201562,-0.03905836,0.014204792,-0.9983973
1860.62989257,-0.014586663,-0.0057831462,0.008201562,-0.03905836,0.01689034,-0.9959559
1860.63421815,-0.012456134,-0.0068484107,0.008201562,-0.040034924,0.017866902,-0.99986213
1860.63983117,-0.013521398,-0.0057831462,0.010332089,-0.03832594,0.01737862,-1.0074304
1860.64390834,-0.013521398,-0.0057831462,0.010332089,-0.03832594,0.01737862,-1.0074304
1860.64989469,-0.014586663,-0.0036526173,0.009266827,-0.037349377,0.018111043,-1.0013269
1860.6543258,-0.016717192,-0.0036526173,0.009266827,-0.0393025,0.01689034,-1.0008386
1860.65989568,-0.016717192,-0.0025873529,0.008201562,-0.0393025,0.014937214,-1.0010828
1860.66420911,-0.015651926,-0.0036526173,0.008201562,-0.041255627,0.01737862,-1.0010828
1860.66970225,-0.0113908695,-0.0057831462,0.008201562,-0.03905836,0.019087605,-1.0001062
1860.6739696,-0.013521398,-0.0057831462,0.009266827,-0.037593517,0.019087605,-1.0023035
1860.67989411,-0.014586663,-0.004717882,0.009266827,-0.036372814,0.017866902,-1.0059656
1860.68433116,-0.014586663,-0.0036526173,0.010332089,-0.036616955,0.015669636,-1.006698
1860.68985283,-0.014586663,-0.004717882,0.0071362965,-0.040034924,0.01737862,-1.0018152
1860.69404293,-0.013521398,-0.0025873529,0.0071362965,-0.041499767,0.01713448,-0.9949793
1860.69989536,-0.012456134,-0.0036526173,0.008201562,-0.040767346,0.01713448,-0.99644417
1860.70432446,-0.015651926,-0.004717882,0.010332089,-0.03905836,0.017866902,-1.004989
1860.70984723,-0.013521398,-0.004717882,0.009266827,-0.0393025,0.020552449,-1.0088953
1860.71413998,-0.012456134,-0.004717882,0.010332089,-0.036128674,0.020552449,-1.0064539
1860.71959747,-0.014586663,-0.0036526173,0.010332089,-0.039546642,0.016646199,-1.0023035
1860.7239679,-0.015651926,-0.004717882,0.009266827,-0.037349377,0.014204792,-0.9991297
1860.72989486,-0.012456134,-0.004717882,0.008201562,-0.03881422,0.016402058,-0.99937385
1860.73434257,-0.016717192,-0.004717882,0.010332089,-0.03905836,0.018355183,-1.0008386
1860.73989476,-0.017782457,-0.004717882,0.011397354,-0.04247633,0.019820027,-1.0003504
1860.74398033,-0.012456134,-0.0036526173,0.009266827,-0.03881422,0.019087605,-1.0030359
1860.74989584,-0.012456134,-0.004717882,0.008201562,-0.03881422,0.01737862,-1.0076746
1860.75439773,-0.013521398,-0.0036526173,0.009266827,-0.036128674,0.017866902,-1.0069422
1860.75989485,-0.013521398,-0.004717882,0.009266827,-0.037837658,0.016646199,-0.99986213
1860.76426978,-0.010325605,-0.004717882,0.010332089,-0.039790783,0.014693073,-0.99644417
1860.76984101,-0.015651926,-0.004717882,0.009266827,-0.041499767,0.017866902,-0.9983973
1860.7741318,-0.013521398,-0.0036526173,0.0071362965,-0.039790783,0.019087605,-1.0064539
1860.77989502,-0.014586663,-0.0025873529,0.010332089,-0.035884533,0.018355183,-1.0081629
1860.78420148,-0.016717192,-0.0036526173,0.011397354,-0.036372814,0.016402058,-1.0037683
1860.78989343,-0.014586663,-0.004717882,0.009266827,-0.041499767,0.014937214,-0.9983973
1860.79413217,-0.010325605,-0.0057831462,0.0071362965,-0.041743908,0.015425495,-0.9974207
1860.79990417,-0.013521398,-0.004717882,0.010332089,-0.04198805,0.016646199,-1.001571
1860.80430036,-0.012456134,-0.0057831462,0.0071362965,-0.0393025,0.018111043,-1.00328
1860.80989421,-0.0113908695,-0.0057831462,0.009266827,-0.0393025,0.018599324,-1.00328
1860.81421913,-0.015651926,-0.004717882,0.009266827,-0.036861096,0.01737862,-1.0047449
1860.8198944,-0.014586663,-0.0036526173,0.010332089,-0.039546642,0.016157918,-1.0057214
1860.82410174,-0.016717192,-0.0025873529,0.009266827,-0.03881422,0.01689034,-1.0025476
1860.82971341,-0.014586663,-0.0036526173,0.008201562,-0.037593517,0.015425495,-0.9974207
1860.83407207,-0.012456134,-0.0057831462,0.009266827,-0.040034924,0.016157918,-0.9962
1860.83989464,-0.015651926,-0.0068484107,0.009266827,-0.040034924,0.019087605,-1.0008386
1860.8441194,-0.014586663,-0.004717882,0.0071362965,-0.03832594,0.019575886,-1.0076746
1860.84965431,-0.016717192,-0.0036526173,0.009266827,-0.037349377,0.01737862,-1.0081629
1860.85394311,-0.014586663,-0.0025873529,0.008201562,-0.037593517,0.015669636,-1.0020593
1860.85989426,-0.016717192,-0.0036526173,0.008201562,-0.039546642,0.015181354,-0.99693245
1860.8643258,-0.01884772,-0.0036526173,0.009266827,-0.041499767,0.015669636,-0.99766487
1860.8698952,-0.013521398,-0.004717882,0.006071031,-0.041499767,0.017866902,-1.0023035
1860.8742781,-0.0113908695,-0.004717882,0.008201562,-0.03832594,0.019087605,-1.004989
1860.87989444,-0.010325605,-0.004717882,0.009266827,-0.036861096,0.019575886,-1.00328
1860.884106,-0.012456134,-0.0036526173,0.009266827,-0.036372814,0.017866902,-1.0037683
1860.88989452,-0.015651926,-0.0036526173,0.011397354,-0.03881422,0.015913777,-1.0052332
1860.89422354,-0.012456134,-0.004717882,0.0071362965,-0.03881422,0.014448932,-1.001571
1860.89989536,-0.012456134,-0.0036526173,0.009266827,-0.04198805,0.01689034,-0.99815315
1860.90426241,-0.012456134,-0.004717882,0.008201562,-0.039790783,0.018843465,-0.9983973
1860.90989546,-0.017782457,-0.004717882,0.010332089,-0.03881422,0.018599324,-1.0052332
1860.91426739,-0.015651926,-0.004717882,0.009266827,-0.037837658,0.018843465,-1.0091394
1860.9198252,-0.013521398,-0.004717882,0.009266827,-0.037593517,0.019087605,-1.0052332
1860.92409253,-0.015651926,-0.004717882,0.009266827,-0.03881422,0.016157918,-0.99937385
1860.9298968,-0.013521398,-0.0057831462,0.009266827,-0.03881422,0.01347237,-0.9962
1860.93394331,-0.012456134,-0.004717882,0.008201562,-0.040767346,0.015913777,-0.99937385
1860.93989481,-0.014586663,-0.004717882,0.009266827,-0.039546642,0.019087605,-1.0025476
1860.94422431,-0.014586663,-0.0057831462,0.009266827,-0.039546642,0.019575886,-1.0052332
1860.94989608,-0.016717192,-0.004717882,0.008201562,-0.036372814,0.017866902,-1.0025476
1860.95409876,-0.016717192,-0.0036526173,0.010332089,-0.037349377,0.015913777,-1.0042566
1860.95989536,-0.013521398,-0.004717882,0.010332089,-0.037349377,0.015669636,-1.0037683
1860.96436191,-0.013521398,-0.0057831462,0.008201562,-0.039546642,0.01689034,-1.0010828
1860.96989471,-0.013521398,-0.004717882,0.009266827,-0.04198805,0.019087605,-0.997909
1860.97432465,-0.012456134,-0.0068484107,0.009266827,-0.03857008,0.01689034,-0.9991297
1860.97989612,-0.014586663,-0.004717882,0.008201562,-0.037837658,0.018843465,-1.004989
1860.98429496,-0.016717192,-0.004717882,0.010332089,-0.03490797,0.019331746,-1.0079187
1860.98989455,-0.014586663,-0.0057831462,0.008201562,-0.03881422,0.015913777,-1.0047449
1860.99435068,-0.013521398,-0.0036526173,0.009266827,-0.040034924,0.014937214,-0.9971766
1860.99972984,-0.012456134,-0.0057831462,0.0071362965,-0.04198805,0.01713448,-0.9962
1861.00396272,-0.014586663,-0.004717882,0.008201562,-0.03832594,0.018599324,-1.0020593
1861.00989552,-0.012456134,-0.004717882,0.009266827,-0.03832594,0.020064168,-1.0062097
1861.01457277,-0.013521398,-0.004717882,0.008201562,-0.036861096,0.018355183,-1.0054773
1861.01989438,-0.014586663,-0.004717882,0.009266827,-0.040034924,0.01689034,-1.0008386
1861.02425226,-0.014586663,-0.0036526173,0.009266827,-0.040279064,0.01713448,-1.0018152
1861.0298416,-0.015651926,-0.0036526173,0.009266827,-0.0393025,0.015913777,-1.0010828
1861.0339618,-0.012456134,-0.0025873529,0.008201562,-0.03881422,0.014937214,-0.99986213
1861.03989352,-0.016717192,-0.004717882,0.008201562,-0.039790783,0.01737862,-0.997909
1861.04405799,-0.015651926,-0.0057831462,0.009266827,-0.03832594,0.020064168,-1.0025476
1861.0498966,-0.013521398,-0.004717882,0.009266827,-0.036861096,0.02104073,-1.0069422
1861.0544102,-0.016717192,-0.0025873529,0.008201562,-0.03832594,0.015181354,-1.0086511
1861.05963584,-0.014586663,-0.0036526173,0.010332089,-0.03832594,0.0137165105,-1.0025476
1861.06404164,-0.013521398,-0.004717882,0.008201562,-0.037837658,0.016402058,-0.9947352
1861.06989387,-0.016717192,-0.004717882,0.010332089,-0.04296461,0.018111043,-0.9974207
1861.07432264,-0.015651926,-0.0036526173,0.009266827,-0.040523205,0.018111043,-1.0037683
1861.07989857,-0.013521398,-0.004717882,0.009266827,-0.03832594,0.01713448,-1.0071863
1861.08433827,-0.016717192,-0.0036526173,0.008201562,-0.03539625,0.016402058,-1.0042566
1861.0897768,-0.015651926,-0.004717882,0.009266827,-0.03832594,0.01689034,-1.0008386
1861.09395911,-0.013521398,-0.0025873529,0.0071362965,-0.039790783,0.014448932,-1.0008386
1861.09989553,-0.015651926,-0.0025873529,0.009266827,-0.041499767,0.014448932,-1.0008386
1861.10403287,-0.016717192,-0.0036526173,0.008201562,-0.03881422,0.018111043,-1.0005945
1861.10981628,-0.017782457,-0.004717882,0.008201562,-0.03881422,0.019331746,-1.0001062
1861.11415358,-0.0113908695,-0.0057831462,0.008201562,-0.037837658,0.018599324,-1.0037683
1861.1198975,-0.014586663,-0.004717882,0.009266827,-0.039546642,0.01689034,-1.0071863
1861.12428626,-0.016717192,-0.0025873529,0.009266827,-0.03905836,0.015425495,-1.0052332
1861.1298944,-0.0113908695,-0.0036526173,0.008201562,-0.03881422,0.015913777,-0.997909
1861.13420434,-0.013521398,-0.0036526173,0.008201562,-0.0393025,0.015669636,-0.99522346
1861.139896,-0.013521398,-0.0057831462,0.010332089,-0.039546642,0.01689034,-0.9988856
1861.1441774,-0.014586663,-0.004717882,0.009266827,-0.041255627,0.019087605,-1.0062097
1861.14959648,-0.013521398,-0.0036526173,0.010332089,-0.0380818,0.020552449,-1.006698
1861.15398148,-0.015651926,-0.004717882,0.009266827,-0.035884533,0.018599324,-1.0030359
1861.15989505,-0.013521398,-0.0068484107,0.010332089,-0.035884533,0.014204792,-1.0013269
1861.16404371,-0.013521398,-0.0036526173,0.010332089,-0.03857008,0.015425495,-1.0003504
1861.1698468,-0.015651926,-0.0036526173,0.008201562,-0.04198805,0.019820027,-1.0008386
1861.17413353,-0.015651926,-0.0025873529,0.008201562,-0.041743908,0.01737862,-1.001571
1861.17989628,-0.014586663,-0.0036526173,0.010332089,-0.036861096,0.01689034,-1.0018152
1861.18450331,-0.015651926,-0.004717882,0.009266827,-0.03490797,0.019331746,-1.0030359
1861.18973241,-0.013521398,-0.0057831462,0.009266827,-0.039546642,0.01737862,-1.0054773
1861.19411689,-0.014586663,-0.004717882,0.0071362965,-0.039790783,0.015425495,-1.00328
1861.19982196,-0.015651926,-0.0036526173,0.009266827,-0.041499767,0.01689034,-0.9954676
1861.20396395,-0.015651926,-0.0036526173,0.0071362965,-0.037349377,0.018355183,-0.99766487
1861.20989625,-0.0113908695,-0.0057831462,0.008201562,-0.03881422,0.019575886,-1.0035242
1861.21396584,-0.014586663,-0.0036526173,0.0071362965,-0.0380818,0.019820027,-1.0091394
1861.21989784,-0.013521398,-0.0036526173,0.009266827,-0.03881422,0.016402058,-1.0076746
1861.22449354,-0.016717192,-0.0025873529,0.009266827,-0.03832594,0.015181354,-1.0020593
1861.22989547,-0.0113908695,-0.004717882,0.011397354,-0.037837658,0.016157918,-0.9962
1861.23422238,-0.013521398,-0.0057831462,0.010332089,-0.039790783,0.015669636,-0.9983973
1861.23989759,-0.014586663,-0.0068484107,0.008201562,-0.04247633,0.01689034,-1.0010828
1861.24412562,-0.015651926,-0.0057831462,0.008201562,-0.041255627,0.018355183,-1.00328
1861.24989483,-0.014586663,-0.0057831462,0.008201562,-0.036861096,0.019331746,-1.0042566
1861.25401371,-0.012456134,-0.0036526173,0.010332089,-0.036861096,0.018111043,-1.0059656
1861.25989495,-0.013521398,-0.004717882,0.009266827,-0.036861096,0.015425495,-1.006698
1861.26430789,-0.015651926,-0.0036526173,0.008201562,-0.039790783,0.014448932,-0.99986213
1861.2697466,-0.012456134,-0.0057831462,0.008201562,-0.039546642,0.016646199,-0.99693245
1861.27390368,-0.014586663,-0.004717882,0.009266827,-0.040034924,0.019820027,-0.9974207
1861.27989355,-0.016717192,-0.0057831462,0.010332089,-0.03857008,0.018111043,-1.0052332
1861.2842973,-0.012456134,-0.0036526173,0.0071362965,-0.037105236,0.018843465,-1.0071863
1861.28985241,-0.017782457,-0.0025873529,0.009266827,-0.0380818,0.016646199,-1.0037683
1861.29414348,-0.013521398,-0.004717882,0.009266827,-0.039546642,0.014937214,-0.9988856
1861.29989552,-0.012456134,-0.0057831462,0.009266827,-0.037837658,0.015913777,-0.99815315
1861.30408319,-0.013521398,-0.0025873529,0.0071362965,-0.041499767,0.017622761,-1.0008386
1861.30989709,-0.016717192,-0.0036526173,0.008201562,-0.03881422,0.018355183,-1.0047449
1861.31412576,-0.014586663,-0.0057831462,0.009266827,-0.037837658,0.019575886,-1.0040125
1861.31966953,-0.017782457,-0.004717882,0.0071362965,-0.037593517,0.017866902,-1.0037683
1861.32397619,-0.016717192,-0.0025873529,0.009266827,-0.0380818,0.017866902,-1.0042566
1861.32990818,-0.012456134,-0.0036526173,0.008201562,-0.0380818,0.014937214,-1.0035242
1861.33455229,-0.013521398,-0.004717882,0.0071362965,-0.040034924,0.014693073,-0.99864143
1861.3397088,-0.013521398,-0.004717882,0.008201562,-0.041011486,0.018843465,-0.9949793
1861.34405491,-0.012456134,-0.004717882,0.008201562,-0.040034924,0.018599324,-1.0003504
1861.34990044,-0.015651926,-0.004717882,0.008201562,-0.03857008,0.01689034,-1.0081629
1861.35410718,-0.015651926,-0.0036526173,0.010332089,-0.037593517,0.016157918,-1.0071863
1861.3596042,-0.015651926,-0.0025873529,0.009266827,-0.03905836,0.015913777,-1.0023035
1861.36404495,-0.012456134,-0.004717882,0.009266827,-0.039546642,0.015425495,-0.9966883
1861.36989516,-0.012456134,-0.004717882,0.008201562,-0.041011486,0.01737862,-0.9983973
1861.37410164,-0.013521398,-0.0057831462,0.008201562,-0.040523205,0.018843465,-1.0013269
1861.37989725,-0.013521398,-0.004717882,0.0071362965,-0.039546642,0.019087605,-1.0064539
1861.38421221,-0.014586663,-0.0057831462,0.008201562,-0.03490797,0.018599324,-1.0035242
1861.38990241,-0.014586663,-0.004717882,0.009266827,-0.03832594,0.01737862,-1.0023035
1861.39433695,-0.009260341,-0.004717882,0.008201562,-0.039790783,0.014937214,-1.0023035
1861.39981961,-0.014586663,-0.0036526173,0.009266827,-0.041255627,0.01347237,-0.99937385
1861.4040336,-0.015651926,-0.0025873529,0.008201562,-0.040523205,0.017866902,-0.997909
1861.40989727,-0.012456134,-0.0057831462,0.0071362965,-0.037349377,0.019087605,-1.004989
1861.41428456,-0.012456134,-0.0057831462,0.0071362965,-0.037349377,0.019087605,-1.004989
1861.41989639,-0.017782457,-0.0036526173,0.010332089,-0.03832594,0.018111043,-1.0062097
1861.42408915,-0.017782457,-0.0036526173,0.010332089,-0.03832594,0.018111043,-1.0062097
1861.42989632,-0.013521398,-0.0036526173,0.009266827,-0.03905836,0.015913777,-0.99400276
1861.43390326,-0.013521398,-0.0036526173,0.009266827,-0.03905836,0.015913777,-0.99400276
1861.43989508,-0.014586663,-0.0057831462,0.008201562,-0.041255627,0.017866902,-1.0052332
1861.44420826,-0.014586663,-0.0057831462,0.008201562,-0.041255627,0.017866902,-1.0052332
1861.449896,-0.016717192,-0.0036526173,0.009266827,-0.03905836,0.018843465,-1.0035242
1861.45425664,-0.016717192,-0.0036526173,0.009266827,-0.03905836,0.018843465,-1.0035242
1861.45984476,-0.015651926,-0.004717882,0.009266827,-0.040034924,0.016157918,-1.0020593
1861.46417101,-0.015651926,-0.004717882,0.009266827,-0.040034924,0.016157918,-1.0020593
1861.4698497,-0.010325605,-0.004717882,0.009266827,-0.04320875,0.019087605,-0.997909
1861.47415485,-0.010325605,-0.004717882,0.009266827,-0.04320875,0.019087605,-0.997909
1861.479896,-0.014586663,-0.004717882,0.010332089,-0.035884533,0.018355183,-1.0045007
1861.484196,-0.014586663,-0.004717882,0.010332089,-0.035884533,0.018355183,-1.0045007
1861.48977448,-0.014586663,-0.0036526173,0.009266827,-0.039790783,0.016402058,-1.0042566
1861.49410632,-0.014586663,-0.0036526173,0.009266827,-0.039790783,0.016402058,-1.0042566
1861.49989616,-0.016717192,-0.004717882,0.010332089,-0.0393025,0.014937214,-0.99693245
1861.5042294,-0.016717192,-0.004717882,0.010332089,-0.0393025,0.014937214,-0.99693245
1861.50967148,-0.017782457,-0.004717882,0.009266827,-0.03881422,0.020064168,-1.0081629
1861.51401797,-0.017782457,-0.004717882,0.009266827,-0.03881422,0.020064168,-1.0081629
1861.51989497,-0.013521398,-0.004717882,0.009266827,-0.037349377,0.015425495,-1.0027918
1861.52400474,-0.013521398,-0.004717882,0.009266827,-0.037349377,0.015425495,-1.0027918
1861.52971217,-0.0113908695,-0.004717882,0.010332089,-0.035884533,0.015913777,-0.99937385
1861.53395676,-0.0113908695,-0.004717882,0.010332089,-0.035884533,0.015913777,-0.99937385
1861.5398958,-0.012456134,-0.0057831462,0.0071362965,-0.039546642,0.017866902,-1.0010828
1861.54410255,-0.009260341,-0.0068484107,0.008201562,-0.03905836,0.020308308,-1.0023035
1861.5498956,-0.0113908695,-0.0057831462,0.009266827,-0.035640392,0.017866902,-1.0069422
1861.55428979,-0.016717192,-0.0036526173,0.008201562,-0.03857008,0.015913777,-1.006698
1861.55980223,-0.0113908695,-0.004717882,0.009266827,-0.0393025,0.014937214,-1.0013269
1861.56402594,-0.012456134,-0.004717882,0.009266827,-0.04223219,0.01689034,-0.99522346
1861.56975164,-0.014586663,-0.004717882,0.009266827,-0.039790783,0.018355183,-0.99693245
1861.57405092,-0.014586663,-0.0057831462,0.009266827,-0.040767346,0.019575886,-1.0037683
1861.57989565,-0.0113908695,-0.0036526173,0.0071362965,-0.03466383,0.018355183,-1.0088953
1861.58444223,-0.0113908695,-0.004717882,0.008201562,-0.037349377,0.018355183,-1.0047449
1861.58985445,-0.014586663,-0.0036526173,0.008201562,-0.037105236,0.015913777,-1.0003504
1861.59397714,-0.014586663,-0.0036526173,0.009266827,-0.040034924,0.015425495,-0.9971766
1861.59989516,-0.013521398,-0.004717882,0.0071362965,-0.040279064,0.014937214,-1.0008386
1861.60427903,-0.012456134,-0.0057831462,0.008201562,-0.04223219,0.01737862,-1.0005945
1861.6097834,-0.0113908695,-0.0068484107,0.008201562,-0.03881422,0.019331746,-1.0037683
1861.61416312,-0.015651926,-0.004717882,0.009266827,-0.03857008,0.019820027,-1.00328
1861.619657,-0.012456134,-0.0036526173,0.009266827,-0.037349377,0.016646199,-1.0069422
1861.62412482,-0.012456134,-0.0036526173,0.008201562,-0.03881422,0.014448932,-1.0062097
1861.62989644,-0.013521398,-0.0025873529,0.008201562,-0.03881422,0.014937214,-0.9983973
1861.63408671,-0.013521398,-0.0036526173,0.008201562,-0.039546642,0.017866902,-0.9949793
1861.63975937,-0.017782457,-0.004717882,0.009266827,-0.039546642,0.01689034,-0.9983973
1861.64397885,-0.017782457,-0.0036526173,0.010332089,-0.03881422,0.01713448,-1.0071863
1861.64989516,-0.017782457,-0.004717882,0.009266827,-0.03539625,0.019820027,-1.0081629
1861.65442194,-0.015651926,-0.0036526173,0.009266827,-0.03832594,0.01713448,-1.004989
1861.65989903,-0.015651926,-0.0036526173,0.009266827,-0.0393025,0.014204792,-1.0005945
1861.6642688,-0.012456134,-0.0068484107,0.008201562,-0.040034924,0.016646199,-0.9988856
1861.66989516,-0.015651926,-0.0036526173,0.008201562,-0.04247633,0.018111043,-1.001571
1861.67411594,-0.017782457,-0.004717882,0.009266827,-0.03881422,0.019575886,-1.0018152
1861.67989807,-0.014586663,-0.0057831462,0.0071362965,-0.037349377,0.017866902,-1.0018152
1861.68435553,-0.014586663,-0.004717882,0.008201562,-0.036861096,0.01737862,-1.00328
1861.68989412,-0.016717192,-0.0036526173,0.009266827,-0.037349377,0.016157918,-1.004989
1861.69401765,-0.0113908695,-0.004717882,0.008201562,-0.041011486,0.01689034,-1.0023035
1861.69990428,-0.014586663,-0.004717882,0.008201562,-0.040034924,0.014937214,-0.997909
1861.70427872,-0.015651926,-0.004717882,0.008201562,-0.039790783,0.016402058,-0.9974207
1861.70993388,-0.014586663,-0.004717882,0.008201562,-0.03905836,0.020552449,-1.0042566
1861.71404865,-0.014586663,-0.0036526173,0.009266827,-0.037105236,0.020308308,-1.0091394
1861.71983224,-0.017782457,-0.0025873529,0.0071362965,-0.037349377,0.015669636,-1.0076746
1861.72411472,-0.015651926,-0.0036526173,0.009266827,-0.040034924,0.014937214,-1.0001062
1861.72989553,-0.012456134,-0.0036526173,0.008201562,-0.037105236,0.01689034,-0.99522346
1861.7342842,-0.014586663,-0.0057831462,0.010332089,-0.041011486,0.017622761,-0.99815315
1861.73990648,-0.012456134,-0.0057831462,0.010332089,-0.039790783,0.016157918,-1.0030359
1861.74424201,-0.016717192,-0.004717882,0.009266827,-0.041011486,0.017866902,-1.004989
1861.74989487,-0.015651926,-0.0036526173,0.008201562,-0.036372814,0.020064168,-1.004989
1861.75396036,-0.012456134,-0.004717882,0.008201562,-0.037105236,0.018111043,-1.0052332
1861.75989584,-0.012456134,-0.0036526173,0.008201562,-0.037837658,0.014937214,-1.0045007
1861.76428264,-0.012456134,-0.0036526173,0.010332089,-0.040523205,0.014937214,-0.9991297
1861.76985372,-0.0113908695,-0.0068484107,0.006071031,-0.041255627,0.01689034,-0.99693245
1861.77406397,-0.014586663,-0.004717882,0.010332089,-0.040034924,0.019331746,-0.99815315
1861.77989664,-0.014586663,-0.004717882,0.008201562,-0.037105236,0.017866902,-1.0054773
1861.7841331,-0.015651926,-0.0036526173,0.009266827,-0.037837658,0.016402058,-1.0086511
1861.78989531,-0.010325605,-0.0036526173,0.009266827,-0.03832594,0.01737862,-1.0042566
1861.79420164,-0.014586663,-0.0036526173,0.009266827,-0.03905836,0.016402058,-0.9983973
1861.79989441,-0.008195076,-0.0057831462,0.009266827,-0.0393025,0.013960651,-0.9971766
1861.80414271,-0.016717192,-0.0057831462,0.008201562,-0.040034924,0.016646199,-1.0008386
1861.80991156,-0.012456134,-0.0057831462,0.008201562,-0.039546642,0.02079659,-1.0047449
1861.81431149,-0.016717192,-0.0057831462,0.008201562,-0.040034924,0.020064168,-1.0052332
1861.819929,-0.014586663,-0.0036526173,0.008201562,-0.03832594,0.016157918,-1.00328
1861.8241761,-0.014586663,-0.004717882,0.008201562,-0.037837658,0.014448932,-1.0027918
1861.82963254,-0.014586663,-0.0036526173,0.009266827,-0.03832594,0.015669636,-1.0018152
1861.8340052,-0.012456134,-0.004717882,0.0071362965,-0.041011486,0.016646199,-0.99986213
1861.8398958,-0.012456134,-0.0036526173,0.009266827,-0.043697033,0.01737862,-0.9974207
1861.84446548,-0.014586663,-0.0068484107,0.011397354,-0.041011486,0.016646199,-1.0013269
1861.84977372,-0.016717192,-0.0057831462,0.008201562,-0.036861096,0.019331746,-1.0062097
1861.8540185,-0.016717192,-0.004717882,0.009266827,-0.03539625,0.01737862,-1.0071863
1861.85990053,-0.017782457,-0.0036526173,0.008201562,-0.039790783,0.014937214,-1.0037683
1861.86448837,-0.017782457,-0.0036526173,0.009266827,-0.0393025,0.015669636,-0.99693245
1861.86989612,-0.015651926,-0.0036526173,0.009266827,-0.04247633,0.018355183,-0.997909
1861.87422718,-0.012456134,-0.0036526173,0.008201562,-0.037837658,0.01689034,-1.0023035
1861.8798953,-0.0113908695,-0.004717882,0.008201562,-0.040523205,0.019331746,-1.0057214
1861.88411331,-0.0113908695,-0.0057831462,0.009266827,-0.036616955,0.018843465,-1.0037683
1861.889896,-0.0113908695,-0.0036526173,0.008201562,-0.040034924,0.014937214,-1.0023035
1861.89399722,-0.016717192,-0.0036526173,0.008201562,-0.03832594,0.014937214,-1.0023035
1861.899896,-0.012456134,-0.004717882,0.008201562,-0.040279064,0.018111043,-1.0001062
1861.9041816,-0.015651926,-0.004717882,0.009266827,-0.040767346,0.01737862,-0.99986213
1861.90989527,-0.015651926,-0.004717882,0.008201562,-0.04223219,0.018599324,-1.0003504
1861.91436648,-0.012456134,-0.004717882,0.009266827,-0.036372814,0.017866902,-1.0045007
1861.91985766,-0.013521398,-0.0057831462,0.009266827,-0.036128674,0.018599324,-1.0074304
1861.92405068,-0.01884772,-0.0036526173,0.010332089,-0.036372814,0.01689034,-1.0057214
1861.92980185,-0.015651926,-0.004717882,0.0071362965,-0.039546642,0.015181354,-0.99815315
1861.93406552,-0.016717192,-0.0036526173,0.009266827,-0.041743908,0.014693073,-0.99327034
1861.93989644,-0.014586663,-0.0036526173,0.008201562,-0.04198805,0.01689034,-0.99766487
1861.94396577,-0.014586663,-0.004717882,0.009266827,-0.0380818,0.018599324,-1.0052332
1861.9498952,-0.014586663,-0.0057831462,0.009266827,-0.03857008,0.018355183,-1.0074304
1861.95441787,-0.014586663,-0.0036526173,0.009266827,-0.036861096,0.01689034,-1.0062097
1861.95962709,-0.012456134,-0.0036526173,0.008201562,-0.040034924,0.016402058,-1.00328
1861.96397875,-0.015651926,-0.0036526173,0.009266827,-0.03832594,0.016402058,-1.0008386
1861.96989552,-0.013521398,-0.0036526173,0.009266827,-0.0393025,0.016157918,-1.0008386
1861.97439516,-0.013521398,-0.0057831462,0.009266827,-0.037105236,0.01689034,-0.9988856
1861.97989799,-0.012456134,-0.0057831462,0.008201562,-0.040523205,0.018843465,-1.0013269
1861.98429853,-0.0113908695,-0.0057831462,0.0071362965,-0.036616955,0.018355183,-1.0040125
1861.98989536,-0.012456134,-0.0036526173,0.009266827,-0.040034924,0.01737862,-1.0074304
1861.99422306,-0.012456134,-0.0025873529,0.008201562,-0.037837658,0.015913777,-1.0052332
1861.99980021,-0.013521398,-0.0057831462,0.009266827,-0.03881422,0.014448932,-0.9971766
1862.00399996,-0.016717192,-0.004717882,0.008201562,-0.04198805,0.01737862,-0.9959559
1862.0098952,-0.014586663,-0.0057831462,0.010332089,-0.04272047,0.019575886,-1.0008386
1862.01430886,-0.014586663,-0.004717882,0.0071362965,-0.0393025,0.01737862,-1.0088953
1862.01989823,-0.013521398,-0.004717882,0.010332089,-0.03490797,0.01713448,-1.0071863
1862.02428258,-0.013521398,-0.004717882,0.009266827,-0.03539625,0.018355183,-1.0023035
1862.02993283,-0.010325605,-0.0057831462,0.009266827,-0.039546642,0.015425495,-0.9983973
1862.03409231,-0.016717192,-0.004717882,0.009266827,-0.041743908,0.014448932,-0.9983973
1862.03963207,-0.012456134,-0.004717882,0.009266827,-0.041011486,0.018599324,-1.0013269
1862.0439878,-0.016717192,-0.004717882,0.009266827,-0.040034924,0.020552449,-1.0020593
1862.04989623,-0.014586663,-0.0068484107,0.009266827,-0.03466383,0.01737862,-1.0030359
1862.054273,-0.014586663,-0.0057831462,0.008201562,-0.039546642,0.016402058,-1.004989
1862.05989656,-0.013521398,-0.0057831462,0.009266827,-0.03881422,0.01737862,-1.0062097
1862.06397831,-0.012456134,-0.0036526173,0.009266827,-0.041011486,0.01689034,-1.0020593
1862.06990139,-0.0113908695,-0.0036526173,0.009266827,-0.0393025,0.014448932,-0.9974207
1862.07441321,-0.014586663,-0.004717882,0.010332089,-0.037593517,0.015669636,-0.997909
1862.07989552,-0.012456134,-0.0068484107,0.009266827,-0.039790783,0.020308308,-1.0027918
1862.08441447,-0.015651926,-0.0057831462,0.010332089,-0.039546642,0.019575886,-1.0076746
1862.08989664,-0.013521398,-0.0025873529,0.008201562,-0.03857008,0.016402058,-1.0045007
1862.09410714,-0.012456134,-0.0036526173,0.0071362965,-0.036372814,0.013960651,-1.0008386
1862.0998984,-0.016717192,-0.004717882,0.009266827,-0.0380818,0.014693073,-0.9966883
1862.10414717,-0.013521398,-0.0057831462,0.008201562,-0.041255627,0.01737862,-1.0003504
1862.10989532,-0.016717192,-0.0057831462,0.0071362965,-0.043941174,0.019087605,-1.00328
1862.1140018,-0.015651926,-0.004717882,0.008201562,-0.03881422,0.016157918,-1.0059656
1862.11989536,-0.015651926,-0.0036526173,0.010332089,-0.03515211,0.020064168,-1.0037683
1862.12451745,-0.014586663,-0.0036526173,0.010332089,-0.035884533,0.020064168,-1.0042566
1862.12989584,-0.013521398,-0.004717882,0.010332089,-0.03832594,0.014448932,-1.0047449
1862.13419596,-0.010325605,-0.004717882,0.008201562,-0.040523205,0.014448932,-0.99815315
1862.13989592,-0.012456134,-0.004717882,0.009266827,-0.040279064,0.019087605,-0.99571174
1862.14407176,-0.015651926,-0.0057831462,0.008201562,-0.03857008,0.019575886,-0.997909
1862.1498966,-0.014586663,-0.0057831462,0.009266827,-0.037349377,0.01689034,-1.0071863
1862.15411982,-0.015651926,-0.004717882,0.009266827,-0.037837658,0.01737862,-1.0076746
1862.15989649,-0.014586663,-0.0025873529,0.008201562,-0.039546642,0.017866902,-1.0042566
1862.16437192,-0.012456134,-0.0036526173,0.009266827,-0.040523205,0.016402058,-0.999618
1862.16951881,-0.016717192,-0.0036526173,0.009266827,-0.039790783,0.015669636,-0.9991297
1862.17400311,-0.015651926,-0.004717882,0.0071362965,-0.041011486,0.01689034,-1.001571
1862.17989664,-0.013521398,-0.0057831462,0.008201562,-0.039790783,0.018843465,-1.0037683
1862.18457632,-0.013521398,-0.004717882,0.009266827,-0.036861096,0.019575886,-1.0023035
1862.18986144,-0.0113908695,-0.0057831462,0.009266827,-0.036372814,0.018111043,-1.0018152
1862.19412961,-0.012456134,-0.004717882,0.009266827,-0.037837658,0.014448932,-1.0035242
1862.19989857,-0.014586663,-0.004717882,0.008201562,-0.039546642,0.016157918,-1.001571
1862.20406336,-0.013521398,-0.0036526173,0.010332089,-0.041011486,0.018355183,-0.9991297
1862.20989559,-0.013521398,-0.0036526173,0.009266827,-0.04272047,0.016402058,-0.999618
1862.21411094,-0.013521398,-0.0057831462,0.0071362965,-0.040034924,0.017866902,-1.0027918
1862.21989596,-0.014586663,-0.004717882,0.009266827,-0.036861096,0.019331746,-1.0054773
1862.22410231,-0.013521398,-0.004717882,0.0071362965,-0.036861096,0.018355183,-1.0059656
1862.22989745,-0.014586663,-0.0036526173,0.009266827,-0.040034924,0.015425495,-1.0020593
1862.23431658,-0.015651926,-0.0036526173,0.0071362965,-0.040034924,0.015669636,-0.99644417
1862.23983839,-0.016717192,-0.004717882,0.010332089,-0.040034924,0.017622761,-0.997909
1862.24413594,-0.013521398,-0.0057831462,0.009266827,-0.037837658,0.01737862,-1.0023035
1862.24989864,-0.012456134,-0.004717882,0.010332089,-0.0393025,0.019575886,-1.0062097
1862.254221,-0.016717192,-0.0036526173,0.009266827,-0.03905836,0.020064168,-1.0042566
1862.25965292,-0.0113908695,-0.004717882,0.009266827,-0.039546642,0.016402058,-1.0023035
1862.26404355,-0.015651926,-0.0036526173,0.008201562,-0.036861096,0.012984089,-1.00328
1862.26989687,-0.010325605,-0.0068484107,0.006071031,-0.0393025,0.016402058,-0.9983973
1862.27411612,-0.010325605,-0.004717882,0.009266827,-0.041499767,0.016402058,-0.99864143
1862.27989548,-0.016717192,-0.0036526173,0.010332089,-0.04247633,0.01737862,-0.99986213
1862.28425742,-0.016717192,-0.0036526173,0.010332089,-0.0393025,0.018355183,-1.0045007
1862.28990757,-0.014586663,-0.004717882,0.009266827,-0.036616955,0.019331746,-1.006698
1862.29437273,-0.013521398,-0.0036526173,0.008201562,-0.03490797,0.014937214,-1.004989
1862.29989569,-0.017782457,-0.004717882,0.008201562,-0.040523205,0.013960651,-0.99937385
1862.30412612,-0.016717192,-0.004717882,0.008201562,-0.039546642,0.018111043,-0.9962
1862.30989616,-0.013521398,-0.0036526173,0.0071362965,-0.044429455,0.018111043,-1.0003504
1862.31418415,-0.013521398,-0.0036526173,0.0071362965,-0.03832594,0.018355183,-1.0076746
1862.31990053,-0.014586663,-0.0057831462,0.0071362965,-0.037349377,0.018355183,-1.00328
1862.32404863,-0.014586663,-0.0057831462,0.0071362965,-0.037349377,0.018355183,-1.00328
1862.32989584,-0.014586663,-0.0036526173,0.009266827,-0.0393025,0.014448932,-1.0003504
1862.33449395,-0.014586663,-0.0036526173,0.009266827,-0.0393025,0.014448932,-1.0003504
1862.33989649,-0.010325605,-0.004717882,0.0071362965,-0.03857008,0.018843465,-0.999618
1862.3443356,-0.010325605,-0.004717882,0.0071362965,-0.03857008,0.018843465,-0.999618
1862.34989774,-0.0113908695,-0.004717882,0.008201562,-0.037349377,0.017866902,-1.0057214
1862.35398733,-0.0113908695,-0.004717882,0.008201562,-0.037349377,0.017866902,-1.0057214
1862.35986132,-0.013521398,-0.004717882,0.008201562,-0.037593517,0.014937214,-1.0035242
1862.36410478,-0.013521398,-0.004717882,0.008201562,-0.037593517,0.014937214,-1.0035242
1862.36989441,-0.013521398,-0.0036526173,0.009266827,-0.041011486,0.016402058,-0.99693245
1862.37428421,-0.013521398,-0.0036526173,0.009266827,-0.041011486,0.016402058,-0.99693245
1862.37990003,-0.014586663,-0.004717882,0.0071362965,-0.0393025,0.018355183,-1.0052332
1862.38411848,-0.014586663,-0.004717882,0.0071362965,-0.0393025,0.018355183,-1.0052332
1862.38989459,-0.012456134,-0.0036526173,0.008201562,-0.036861096,0.015425495,-1.00328
1862.39419084,-0.012456134,-0.0036526173,0.008201562,-0.036861096,0.015425495,-1.00328
1862.39989564,-0.012456134,-0.004717882,0.008201562,-0.040767346,0.01737862,-0.99986213
1862.40427451,-0.012456134,-0.004717882,0.008201562,-0.040767346,0.01737862,-0.99986213
1862.40976003,-0.015651926,-0.0057831462,0.008201562,-0.0393025,0.020552449,-1.0018152
1862.41402068,-0.015651926,-0.0057831462,0.008201562,-0.0393025,0.020552449,-1.0018152
1862.41989706,-0.012456134,-0.0057831462,0.009266827,-0.03832594,0.01713448,-1.0054773
1862.42404308,-0.012456134,-0.0057831462,0.009266827,-0.03832594,0.01713448,-1.0054773
1862.42967494,-0.015651926,-0.0036526173,0.0071362965,-0.040279064,0.01689034,-0.999618
1862.43390372,-0.015651926,-0.0036526173,0.0071362965,-0.040279064,0.01689034,-0.999618
1862.43989664,-0.014586663,-0.0036526173,0.008201562,-0.041011486,0.016402058,-0.9983973
1862.4445265,-0.015651926,-0.0068484107,0.008201562,-0.0393025,0.018111043,-1.0057214
1862.44979218,-0.01884772,-0.004717882,0.008201562,-0.03905836,0.020552449,-1.0062097
1862.45403316,-0.01884772,-0.004717882,0.008201562,-0.03905836,0.020552449,-1.0062097
1862.45989632,-0.014586663,-0.004717882,0.009266827,-0.03905836,0.014448932,-1.0001062
1862.46399365,-0.014586663,-0.004717882,0.009266827,-0.03905836,0.014448932,-1.0001062
1862.46970036,-0.010325605,-0.004717882,0.010332089,-0.04247633,0.01689034,-0.99986213
1862.47400946,-0.0113908695,-0.0036526173,0.009266827,-0.041499767,0.01737862,-1.001571
1862.47989642,-0.017782457,-0.004717882,0.009266827,-0.03881422,0.017622761,-1.0025476
1862.484052,-0.016717192,-0.0036526173,0.009266827,-0.037349377,0.018599324,-1.0040125
1862.48989669,-0.012456134,-0.004717882,0.010332089,-0.0380818,0.017622761,-1.0052332
1862.49400229,-0.015651926,-0.0025873529,0.008201562,-0.039546642,0.016402058,-1.0035242
1862.49989702,-0.010325605,-0.004717882,0.0071362965,-0.0393025,0.014937214,-0.997909
1862.50428764,-0.016717192,-0.004717882,0.009266827,-0.040034924,0.01689034,-0.99693245
1862.50989616,-0.015651926,-0.0068484107,0.010332089,-0.040523205,0.019820027,-1.0018152
1862.51415249,-0.012456134,-0.0068484107,0.009266827,-0.03832594,0.018355183,-1.0064539
1862.51989683,-0.013521398,-0.0036526173,0.010332089,-0.037593517,0.016157918,-1.0076746
1862.52427684,-0.013521398,-0.0036526173,0.009266827,-0.037349377,0.013960651,-1.0037683
1862.52989568,-0.014586663,-0.0057831462,0.009266827,-0.03857008,0.016646199,-0.9983973
1862.53398238,-0.012456134,-0.004717882,0.008201562,-0.040523205,0.016157918,-0.9974207
1862.53989674,-0.014586663,-0.0036526173,0.010332089,-0.04198805,0.016157918,-0.99937385
1862.5444336,-0.015651926,-0.0025873529,0.008201562,-0.040523205,0.01689034,-1.0040125
1862.54981892,-0.013521398,-0.0036526173,0.008201562,-0.037593517,0.019575886,-1.0035242
1862.55404911,-0.014586663,-0.0036526173,0.008201562,-0.036861096,0.018111043,-1.0047449
1862.559897,-0.012456134,-0.004717882,0.008201562,-0.039546642,0.015913777,-1.0047449
1862.56421889,-0.013521398,-0.004717882,0.0071362965,-0.03905836,0.014937214,-1.0005945
1862.56984626,-0.014586663,-0.0036526173,0.009266827,-0.040034924,0.016402058,-0.997909
1862.57416363,-0.013521398,-0.0057831462,0.008201562,-0.03881422,0.019331746,-0.9974207
1862.5798981,-0.0113908695,-0.0057831462,0.008201562,-0.03832594,0.018843465,-1.0042566
1862.58431778,-0.0113908695,-0.0057831462,0.008201562,-0.037837658,0.016402058,-1.0071863
1862.58989568,-0.0113908695,-0.004717882,0.009266827,-0.040034924,0.017622761,-1.0047449
1862.59399289,-0.010325605,-0.0057831462,0.009266827,-0.03881422,0.018599324,-1.0003504
1862.59989748,-0.014586663,-0.0025873529,0.010332089,-0.03905836,0.013960651,-0.9974207
1862.60420648,-0.0113908695,-0.0036526173,0.009266827,-0.0380818,0.014448932,-1.0008386
1862.60989754,-0.015651926,-0.0057831462,0.010332089,-0.040767346,0.019820027,-1.0025476
1862.61417203,-0.016717192,-0.0036526173,0.010332089,-0.03857008,0.019820027,-1.0052332
1862.61974458,-0.014586663,-0.004717882,0.009266827,-0.036861096,0.01689034,-1.0042566
1862.62408856,-0.016717192,-0.0036526173,0.010332089,-0.036372814,0.016402058,-1.0037683
1862.6298971,-0.016717192,-0.0036526173,0.010332089,-0.037837658,0.015425495,-1.0023035
1862.6341171,-0.017782457,-0.0036526173,0.008201562,-0.04272047,0.015425495,-0.99864143
1862.63970284,-0.014586663,-0.004717882,0.0071362965,-0.040523205,0.01713448,-0.99815315
1862.6440081,-0.015651926,-0.0057831462,0.0071362965,-0.04198805,0.018599324,-1.0018152
1862.64989632,-0.014586663,-0.0057831462,0.009266827,-0.037349377,0.019820027,-1.0062097
1862.65420048,-0.014586663,-0.004717882,0.008201562,-0.036372814,0.018111043,-1.0074304
1862.6598969,-0.015651926,-0.004717882,0.010332089,-0.0380818,0.014937214,-1.0042566
1862.66424843,-0.014586663,-0.0036526173,0.010332089,-0.0393025,0.016402058,-0.99937385
1862.66982373,-0.012456134,-0.004717882,0.009266827,-0.03881422,0.018843465,-0.99693245
1862.67411461,-0.013521398,-0.004717882,0.009266827,-0.040034924,0.01737862,-1.0003504
1862.6798468,-0.0113908695,-0.0057831462,0.008201562,-0.03881422,0.01737862,-1.0047449
1862.68416439,-0.016717192,-0.0057831462,0.009266827,-0.037349377,0.02104073,-1.0040125
1862.68989743,-0.014586663,-0.0036526173,0.009266827,-0.039546642,0.018599324,-1.0035242
1862.69406048,-0.013521398,-0.0025873529,0.009266827,-0.03905836,0.014448932,-1.0042566
1862.69989769,-0.017782457,-0.0036526173,0.0071362965,-0.03881422,0.014448932,-0.99986213
1862.7041433,-0.017782457,-0.0036526173,0.0071362965,-0.040034924,0.01737862,-0.999618
1862.70990484,-0.012456134,-0.0068484107,0.008201562,-0.040034924,0.019820027,-0.99937385
1862.71431212,-0.013521398,-0.0057831462,0.009266827,-0.039790783,0.017866902,-1.0054773
1862.71979389,-0.016717192,-0.0036526173,0.009266827,-0.037349377,0.018355183,-1.0069422
1862.7241232,-0.014586663,-0.0036526173,0.008201562,-0.035884533,0.020064168,-1.0052332
1862.7298282,-0.017782457,-0.004717882,0.009266827,-0.036861096,0.015913777,-1.0008386
1862.73413014,-0.012456134,-0.0057831462,0.008201562,-0.03881422,0.014448932,-0.9962
1862.73989802,-0.012456134,-0.0036526173,0.008201562,-0.041499767,0.01713448,-0.9974207
1862.74411723,-0.012456134,-0.0057831462,0.0071362965,-0.04272047,0.019087605,-1.0018152
1862.74973737,-0.014586663,-0.004717882,0.008201562,-0.036861096,0.019575886,-1.006698
1862.75405269,-0.012456134,-0.004717882,0.010332089,-0.036372814,0.016402058,-1.0052332
1862.7598961,-0.012456134,-0.004717882,0.010332089,-0.0380818,0.0137165105,-1.0059656
1862.76449838,-0.013521398,-0.0057831462,0.009266827,-0.041743908,0.017866902,-1.0010828
1862.76989648,-0.0113908695,-0.004717882,0.0071362965,-0.040034924,0.018111043,-0.99864143
1862.77418357,-0.015651926,-0.0036526173,0.009266827,-0.040034924,0.015669636,-0.999618
1862.77989687,-0.015651926,-0.0036526173,0.008201562,-0.03857008,0.01737862,-1.0013269
1862.7842302,-0.0113908695,-0.0057831462,0.006071031,-0.036861096,0.019575886,-1.0040125
1862.78982548,-0.010325605,-0.004717882,0.008201562,-0.037349377,0.018355183,-1.0059656
1862.79415186,-0.014586663,-0.004717882,0.008201562,-0.039546642,0.015913777,-1.0054773
1862.79989757,-0.013521398,-0.004717882,0.011397354,-0.039546642,0.01347237,-1.0003504
1862.80420553,-0.012456134,-0.004717882,0.008201562,-0.041499767,0.016646199,-0.9983973
1862.8097547,-0.0113908695,-0.0036526173,0.008201562,-0.041499767,0.018355183,-1.0008386
1862.81409374,-0.012456134,-0.004717882,0.009266827,-0.039546642,0.018355183,-1.0071863
1862.81989769,-0.016717192,-0.004717882,0.009266827,-0.037349377,0.018355183,-1.0064539
1862.82420568,-0.012456134,-0.004717882,0.006071031,-0.037349377,0.01737862,-1.0042566
1862.82968345,-0.01884772,-0.0036526173,0.009266827,-0.03832594,0.015181354,-1.0008386
1862.834011,-0.014586663,-0.0036526173,0.009266827,-0.040279064,0.012251667,-0.9974207
1862.83989644,-0.013521398,-0.0068484107,0.009266827,-0.0393025,0.016157918,-0.9988856
1862.84434984,-0.012456134,-0.0057831462,0.010332089,-0.040523205,0.02104073,-1.0005945
1862.84989749,-0.014586663,-0.0057831462,0.011397354,-0.040034924,0.019087605,-1.0054773
1862.85414805,-0.013521398,-0.0057831462,0.008201562,-0.0380818,0.01713448,-1.006698
1862.85989632,-0.013521398,-0.004717882,0.0071362965,-0.037837658,0.017866902,-1.0052332
1862.86404368,-0.0113908695,-0.004717882,0.008201562,-0.0393025,0.017622761,-1.0023035
1862.86989664,-0.014586663,-0.0036526173,0.010332089,-0.039790783,0.015913777,-0.99693245
1862.87433841,-0.015651926,-0.004717882,0.010332089,-0.041743908,0.015913777,-0.9983973
1862.87989768,-0.016717192,-0.004717882,0.008201562,-0.039546642,0.018355183,-1.0010828
1862.88427799,-0.012456134,-0.0036526173,0.008201562,-0.03881422,0.020064168,-1.0054773
1862.88959568,-0.015651926,-0.0036526173,0.008201562,-0.035640392,0.017866902,-1.004989
1862.89398514,-0.016717192,-0.004717882,0.009266827,-0.03881422,0.014448932,-1.00328
1862.89989848,-0.013521398,-0.004717882,0.008201562,-0.040279064,0.015913777,-0.9991297
1862.90424649,-0.015651926,-0.004717882,0.009266827,-0.040523205,0.019087605,-0.99815315
1862.90989664,-0.014586663,-0.004717882,0.008201562,-0.039546642,0.01737862,-1.0013269
1862.91401973,-0.015651926,-0.0036526173,0.010332089,-0.041255627,0.015669636,-1.0047449
1862.91989805,-0.014586663,-0.0036526173,0.008201562,-0.037593517,0.020308308,-1.004989
1862.92429452,-0.0113908695,-0.004717882,0.010332089,-0.037105236,0.018843465,-1.0052332
1862.92985164,-0.013521398,-0.004717882,0.010332089,-0.03832594,0.014448932,-1.0047449
1862.93414877,-0.015651926,-0.004717882,0.008201562,-0.037837658,0.015913777,-0.9991297
1862.939636,-0.013521398,-0.004717882,0.0071362965,-0.040523205,0.01737862,-0.9966883
1862.94400958,-0.015651926,-0.0057831462,0.010332089,-0.041011486,0.017866902,-0.9983973
1862.94989681,-0.014586663,-0.004717882,0.009266827,-0.03881422,0.020064168,-1.004989
1862.95439823,-0.013521398,-0.004717882,0.009266827,-0.037593517,0.018355183,-1.0074304
1862.95981553,-0.017782457,-0.0025873529,0.010332089,-0.037349377,0.015425495,-1.0057214
1862.96395544,-0.016717192,-0.0025873529,0.010332089,-0.03881422,0.01689034,-1.0013269
1862.96989648,-0.013521398,-0.004717882,0.009266827,-0.040034924,0.01347237,-0.9983973
1862.97444959,-0.015651926,-0.004717882,0.008201562,-0.04198805,0.015669636,-0.9988856
1862.9798975,-0.015651926,-0.0057831462,0.010332089,-0.040279064,0.019820027,-1.0001062
1862.98437032,-0.014586663,-0.004717882,0.010332089,-0.037593517,0.018355183,-1.0052332
1862.98989744,-0.014586663,-0.0036526173,0.008201562,-0.035640392,0.01737862,-1.0042566
1862.99411592,-0.015651926,-0.0036526173,0.008201562,-0.03857008,0.016402058,-1.0037683
1862.99989784,-0.015651926,-0.0036526173,0.008201562,-0.041011486,0.016157918,-1.0010828
1863.00402228,-0.013521398,-0.004717882,0.009266827,-0.040034924,0.016157918,-0.997909
1863.00989801,-0.0113908695,-0.004717882,0.010332089,-0.040523205,0.01689034,-0.99986213
1863.01415881,-0.013521398,-0.0036526173,0.008201562,-0.039546642,0.018355183,-1.0023035
1863.01989616,-0.012456134,-0.0068484107,0.009266827,-0.03832594,0.017866902,-1.0052332
1863.02432046,-0.014586663,-0.0036526173,0.008201562,-0.039546642,0.01689034,-1.0059656
1863.02985848,-0.014586663,-0.0036526173,0.009266827,-0.0393025,0.015913777,-1.0040125
1863.0340918,-0.013521398,-0.0025873529,0.009266827,-0.03881422,0.0137165105,-0.9991297
1863.03989705,-0.013521398,-0.0036526173,0.010332089,-0.040034924,0.016157918,-0.99693245
1863.04409116,-0.015651926,-0.004717882,0.010332089,-0.039546642,0.017866902,-0.997909
1863.04989751,-0.012456134,-0.0057831462,0.009266827,-0.03905836,0.016157918,-1.0042566
1863.05404628,-0.012456134,-0.0057831462,0.0071362965,-0.0380818,0.020552449,-1.0057214
1863.05991116,-0.0113908695,-0.004717882,0.009266827,-0.036616955,0.018843465,-1.0054773
1863.0642458,-0.012456134,-0.0036526173,0.009266827,-0.03857008,0.012984089,-1.0037683
1863.06967923,-0.016717192,-0.0036526173,0.010332089,-0.0393025,0.01347237,-0.99986213
1863.07395132,-0.015651926,-0.004717882,0.009266827,-0.041011486,0.017866902,-0.99571174
1863.07990933,-0.013521398,-0.004717882,0.008201562,-0.041499767,0.018843465,-0.9983973
1863.08441435,-0.014586663,-0.0036526173,0.010332089,-0.040523205,0.017866902,-1.0047449
1863.08982971,-0.014586663,-0.004717882,0.009266827,-0.03539625,0.015913777,-1.0069422
1863.09409922,-0.014586663,-0.004717882,0.008201562,-0.037837658,0.019087605,-1.004989
1863.09989701,-0.012456134,-0.0036526173,0.009266827,-0.03832594,0.017866902,-1.0018152
1863.10402947,-0.013521398,-0.004717882,0.008201562,-0.040523205,0.015181354,-0.99693245
1863.10989823,-0.015651926,-0.004717882,0.0071362965,-0.041011486,0.01689034,-0.99986213
1863.1142223,-0.013521398,-0.004717882,0.008201562,-0.040034924,0.019575886,-1.0018152
1863.11977707,-0.013521398,-0.0057831462,0.008201562,-0.036861096,0.019331746,-1.0054773
1863.12414355,-0.015651926,-0.0057831462,0.009266827,-0.037837658,0.017866902,-1.004989
1863.12989626,-0.014586663,-0.004717882,0.010332089,-0.0393025,0.014204792,-1.00328
1863.13429729,-0.015651926,-0.0036526173,0.010332089,-0.0393025,0.015669636,-1.0013269
1863.1398499,-0.013521398,-0.0025873529,0.009266827,-0.03881422,0.016646199,-0.99693245
1863.1441147,-0.014586663,-0.0036526173,0.009266827,-0.0393025,0.017866902,-0.9983973
1863.14964905,-0.0113908695,-0.0068484107,0.0071362965,-0.041255627,0.018843465,-1.0027918
1863.15400172,-0.016717192,-0.004717882,0.009266827,-0.03832594,0.018111043,-1.0059656
1863.15989624,-0.013521398,-0.004717882,0.008201562,-0.036616955,0.019575886,-1.0062097
1863.16421592,-0.014586663,-0.004717882,0.009266827,-0.03490797,0.016402058,-1.0042566
1863.16989766,-0.014586663,-0.0057831462,0.009266827,-0.040279064,0.013960651,-0.9991297
1863.17411275,-0.017782457,-0.004717882,0.010332089,-0.041011486,0.01689034,-0.9974207
1863.17990036,-0.013521398,-0.004717882,0.0071362965,-0.04198805,0.019331746,-0.9991297
1863.18447818,-0.012456134,-0.004717882,0.008201562,-0.03881422,0.01737862,-1.0037683
1863.18989836,-0.012456134,-0.004717882,0.009266827,-0.036128674,0.01689034,-1.0057214
1863.19430487,-0.012456134,-0.0057831462,0.0071362965,-0.037593517,0.016157918,-1.0047449
1863.19989628,-0.013521398,-0.0036526173,0.009266827,-0.039546642,0.01689034,-1.0020593
1863.20411144,-0.014586663,-0.0036526173,0.008201562,-0.040523205,0.01713448,-0.9983973
1863.20989778,-0.012456134,-0.0057831462,0.0071362965,-0.040523205,0.01689034,-0.99937385
1863.21412666,-0.015651926,-0.0057831462,0.009266827,-0.037837658,0.017866902,-1.0010828
1863.2199018,-0.012456134,-0.0036526173,0.010332089,-0.03905836,0.020064168,-1.0052332
1863.22411804,-0.012456134,-0.0036526173,0.010332089,-0.03857008,0.018355183,-1.0062097
1863.22989664,-0.013521398,-0.0036526173,0.009266827,-0.03881422,0.016157918,-1.0010828
1863.23454465,-0.013521398,-0.0036526173,0.009266827,-0.03881422,0.016157918,-1.0010828
1863.23969315,-0.013521398,-0.0036526173,0.0071362965,-0.03881422,0.015669636,-0.9959559
1863.24427123,-0.010325605,-0.0036526173,0.009266827,-0.041011486,0.015425495,-0.9991297
1863.24982032,-0.012456134,-0.0057831462,0.009266827,-0.03881422,0.018843465,-1.0057214
1863.25407771,-0.012456134,-0.0057831462,0.009266827,-0.03881422,0.018843465,-1.0057214
1863.25989782,-0.015651926,-0.004717882,0.010332089,-0.035640392,0.015913777,-1.0042566
1863.26405849,-0.015651926,-0.004717882,0.010332089,-0.035640392,0.015913777,-1.0042566
1863.26989805,-0.014586663,-0.0025873529,0.009266827,-0.040034924,0.014937214,-0.9983973
1863.27440514,-0.014586663,-0.0025873529,0.009266827,-0.040034924,0.014937214,-0.9983973
1863.27992878,-0.0113908695,-0.0057831462,0.009266827,-0.039790783,0.017866902,-1.0023035
1863.28390316,-0.0113908695,-0.0057831462,0.009266827,-0.039790783,0.017866902,-1.0023035
1863.28989701,-0.013521398,-0.004717882,0.009266827,-0.036861096,0.015181354,-1.006698
1863.29435076,-0.013521398,-0.004717882,0.009266827,-0.036861096,0.015181354,-1.006698
1863.29989804,-0.014586663,-0.0025873529,0.008201562,-0.0380818,0.01737862,-0.999618
1863.30436254,-0.014586663,-0.0025873529,0.008201562,-0.0380818,0.01737862,-0.999618
1863.30978735,-0.013521398,-0.004717882,0.008201562,-0.0393025,0.01689034,-1.0018152
1863.31396299,-0.013521398,-0.004717882,0.008201562,-0.0393025,0.01689034,-1.0018152
1863.3198971,-0.015651926,-0.0068484107,0.010332089,-0.037349377,0.019575886,-1.0062097
1863.3240419,-0.015651926,-0.0068484107,0.010332089,-0.037349377,0.019575886,-1.0062097
1863.32989728,-0.012456134,-0.0036526173,0.008201562,-0.03832594,0.014937214,-1.0003504
1863.33429897,-0.015651926,-0.004717882,0.009266827,-0.03832594,0.014937214,-1.0003504
1863.33989777,-0.016717192,-0.004717882,0.009266827,-0.041743908,0.017622761,-0.9983973
1863.34432116,-0.013521398,-0.0068484107,0.008201562,-0.040523205,0.018599324,-1.0010828
1863.34989835,-0.013521398,-0.004717882,0.009266827,-0.039546642,0.01737862,-1.0052332
1863.35417052,-0.013521398,-0.0025873529,0.008201562,-0.039546642,0.01737862,-1.0052332
1863.3598968,-0.016717192,-0.0036526173,0.011397354,-0.037349377,0.018843465,-1.0047449
1863.36414727,-0.015651926,-0.004717882,0.0071362965,-0.0393025,0.012495807,-1.0025476
1863.36979469,-0.0113908695,-0.004717882,0.009266827,-0.040034924,0.014937214,-0.997909
1863.37400422,-0.0113908695,-0.004717882,0.009266827,-0.040034924,0.014937214,-0.997909
1863.37989847,-0.013521398,-0.0057831462,0.008201562,-0.037837658,0.020552449,-1.0023035
1863.38423642,-0.014586663,-0.0057831462,0.009266827,-0.037349377,0.017866902,-1.0057214
1863.38955864,-0.015651926,-0.004717882,0.009266827,-0.03832594,0.01737862,-1.0052332
1863.39433743,-0.013521398,-0.004717882,0.008201562,-0.0393025,0.016402058,-1.0025476
1863.39989644,-0.012456134,-0.004717882,0.009266827,-0.040279064,0.016402058,-0.999618
1863.404281,-0.012456134,-0.0036526173,0.009266827,-0.039546642,0.01737862,-0.999618
1863.40989672,-0.012456134,-0.004717882,0.010332089,-0.040767346,0.017866902,-1.0003504
1863.41414691,-0.015651926,-0.004717882,0.009266827,-0.039546642,0.018355183,-1.0042566
1863.41989892,-0.015651926,-0.0036526173,0.009266827,-0.03539625,0.02079659,-1.0057214
1863.4241502,-0.014586663,-0.0036526173,0.008201562,-0.036372814,0.019087605,-1.0047449
1863.42989794,-0.016717192,-0.004717882,0.009266827,-0.0393025,0.014448932,-1.0027918
1863.43390607,-0.015651926,-0.0036526173,0.0071362965,-0.040523205,0.014937214,-0.99693245
1863.43989831,-0.013521398,-0.0025873529,0.0071362965,-0.041743908,0.017622761,-0.9971766
1863.44441238,-0.016717192,-0.0036526173,0.009266827,-0.040523205,0.018843465,-1.0001062
1863.4498973,-0.01884772,-0.004717882,0.010332089,-0.03857008,0.018843465,-1.0059656
1863.4542145,-0.013521398,-0.004717882,0.008201562,-0.03832594,0.018111043,-1.0076746
1863.45989825,-0.014586663,-0.004717882,0.010332089,-0.037593517,0.018355183,-1.0057214
1863.46419857,-0.016717192,-0.0036526173,0.011397354,-0.0393025,0.016402058,-1.0003504
1863.4698347,-0.014586663,-0.004717882,0.0071362965,-0.040279064,0.01689034,-0.997909
1863.47409377,-0.013521398,-0.004717882,0.010332089,-0.040523205,0.015913777,-0.9988856
1863.47989923,-0.015651926,-0.0036526173,0.0071362965,-0.040523205,0.018843465,-1.0023035
1863.48437427,-0.014586663,-0.004717882,0.010332089,-0.037837658,0.020308308,-1.0047449
1863.48989823,-0.014586663,-0.004717882,0.010332089,-0.037837658,0.019087605,-1.0052332
1863.49395532,-0.016717192,-0.0036526173,0.008201562,-0.037837658,0.016402058,-1.0042566
1863.49990046,-0.014586663,-0.0036526173,0.009266827,-0.0393025,0.014937214,-1.0003504
1863.50440775,-0.012456134,-0.0036526173,0.009266827,-0.039790783,0.016157918,-0.9988856
1863.5098974,-0.013521398,-0.0057831462,0.008201562,-0.04247633,0.018111043,-0.99937385
1863.51419926,-0.013521398,-0.004717882,0.008201562,-0.039546642,0.019331746,-1.0047449
1863.51982293,-0.013521398,-0.004717882,0.0071362965,-0.0380818,0.017866902,-1.006698
1863.52409846,-0.013521398,-0.004717882,0.009266827,-0.035884533,0.017866902,-1.0054773
1863.52989664,-0.013521398,-0.004717882,0.009266827,-0.03832594,0.016157918,-1.0010828
1863.5340521,-0.010325605,-0.004717882,0.0071362965,-0.041011486,0.015425495,-0.99766487
1863.53970612,-0.012456134,-0.0036526173,0.0071362965,-0.040523205,0.01689034,-0.997909
1863.54390336,-0.016717192,-0.0057831462,0.008201562,-0.040279064,0.018355183,-0.99986213
1863.54989868,-0.013521398,-0.0057831462,0.0071362965,-0.037105236,0.01737862,-1.0054773
1863.55457225,-0.015651926,-0.004717882,0.009266827,-0.037837658,0.020308308,-1.0047449
1863.55955725,-0.013521398,-0.004717882,0.009266827,-0.039790783,0.016402058,-1.0062097
1863.56423328,-0.014586663,-0.0036526173,0.009266827,-0.041011486,0.014937214,-1.00328
1863.56982383,-0.014586663,-0.0025873529,0.009266827,-0.037105236,0.017622761,-0.997909
1863.57403834,-0.014586663,-0.0025873529,0.009266827,-0.040523205,0.015913777,-0.9971766
1863.57989867,-0.016717192,-0.0025873529,0.008201562,-0.03832594,0.016646199,-1.001571
1863.58407956,-0.014586663,-0.004717882,0.009266827,-0.039546642,0.019575886,-1.0052332
1863.5898994,-0.014586663,-0.0025873529,0.008201562,-0.036861096,0.018843465,-1.0071863
1863.59403278,-0.016717192,-0.0025873529,0.009266827,-0.03832594,0.016402058,-1.0054773
1863.59990062,-0.015651926,-0.0057831462,0.010332089,-0.039546642,0.014937214,-1.0013269
1863.60400563,-0.015651926,-0.0025873529,0.009266827,-0.0393025,0.015425495,-0.9974207
1863.60990802,-0.014586663,-0.004717882,0.008201562,-0.040523205,0.018355183,-0.99937385
1863.61432343,-0.015651926,-0.004717882,0.008201562,-0.0393025,0.017866902,-1.0030359
1863.61989873,-0.016717192,-0.0057831462,0.009266827,-0.036861096,0.017866902,-1.0057214
1863.62414899,-0.016717192,-0.0036526173,0.011397354,-0.037349377,0.019575886,-1.0042566
1863.62986216,-0.013521398,-0.0036526173,0.009266827,-0.0393025,0.016157918,-1.0047449
1863.63416423,-0.0113908695,-0.0036526173,0.008201562,-0.040034924,0.015425495,-0.999618
1863.63989776,-0.013521398,-0.0036526173,0.009266827,-0.039546642,0.015425495,-0.9983973
1863.64406685,-0.015651926,-0.004717882,0.010332089,-0.040523205,0.017622761,-0.99815315
1863.64989968,-0.016717192,-0.004717882,0.009266827,-0.0393025,0.021773152,-1.0027918
1863.65444171,-0.019912984,-0.004717882,0.009266827,-0.036616955,0.018843465,-1.0062097
1863.65989795,-0.015651926,-0.0068484107,0.011397354,-0.03857008,0.016402058,-1.0074304
1863.66426211,-0.014586663,-0.004717882,0.009266827,-0.037837658,0.016646199,-1.0040125
1863.66989948,-0.015651926,-0.0025873529,0.008201562,-0.040523205,0.01689034,-0.99693245
1863.67425713,-0.013521398,-0.0057831462,0.008201562,-0.039546642,0.016402058,-0.99864143
1863.67989714,-0.016717192,-0.0057831462,0.010332089,-0.041499767,0.018355183,-1.0003504
1863.68407843,-0.015651926,-0.0057831462,0.008201562,-0.037837658,0.020064168,-1.004989
1863.68989815,-0.015651926,-0.004717882,0.009266827,-0.036372814,0.019820027,-1.0042566
1863.6943124,-0.014586663,-0.004717882,0.0071362965,-0.03881422,0.016402058,-1.0042566
1863.69989976,-0.016717192,-0.0036526173,0.008201562,-0.037837658,0.016402058,-1.0030359
1863.7041021,-0.014586663,-0.004717882,0.009266827,-0.039790783,0.016157918,-0.9988856
1863.7098258,-0.010325605,-0.0036526173,0.009266827,-0.039546642,0.01737862,-0.999618
1863.71405236,-0.0113908695,-0.0068484107,0.010332089,-0.040523205,0.018843465,-1.0008386
1863.71989797,-0.012456134,-0.004717882,0.009266827,-0.039790783,0.019087605,-1.0047449
1863.72426046,-0.0113908695,-0.004717882,0.0071362965,-0.037837658,0.018355183,-1.0057214
1863.72972995,-0.013521398,-0.004717882,0.0071362965,-0.039546642,0.016646199,-1.0037683
1863.7340253,-0.012456134,-0.0036526173,0.008201562,-0.0393025,0.014448932,-1.0003504
1863.73989772,-0.012456134,-0.0036526173,0.009266827,-0.039546642,0.015913777,-0.9959559
1863.74397914,-0.012456134,-0.0036526173,0.008201562,-0.041011486,0.01737862,-0.9983973
1863.74995257,-0.016717192,-0.004717882,0.009266827,-0.03905836,0.017866902,-1.0037683
1863.75390314,-0.014586663,-0.0068484107,0.009266827,-0.03832594,0.020552449,-1.0062097
1863.75989799,-0.013521398,-0.0057831462,0.009266827,-0.036372814,0.017866902,-1.0057214
1863.76413471,-0.017782457,-0.0057831462,0.009266827,-0.03881422,0.014937214,-1.0037683
1863.76989724,-0.013521398,-0.0057831462,0.008201562,-0.03857008,0.014204792,-0.99986213
1863.7743079,-0.013521398,-0.004717882,0.008201562,-0.041743908,0.016402058,-0.99766487
1863.77989822,-0.014586663,-0.004717882,0.009266827,-0.040034924,0.018843465,-0.997909
1863.78430116,-0.014586663,-0.0036526173,0.008201562,-0.040279064,0.017866902,-1.0013269
1863.7895761,-0.015651926,-0.0057831462,0.010332089,-0.036861096,0.01689034,-1.0042566
1863.79400584,-0.016717192,-0.0036526173,0.010332089,-0.03881422,0.01689034,-1.0052332
1863.79989757,-0.014586663,-0.0036526173,0.009266827,-0.0393025,0.015913777,-1.00328
1863.80400294,-0.0113908695,-0.004717882,0.010332089,-0.039546642,0.013960651,-0.999618
1863.80989795,-0.0113908695,-0.004717882,0.008201562,-0.03881422,0.014448932,-0.9988856
1863.81404192,-0.014586663,-0.0025873529,0.010332089,-0.039790783,0.020064168,-1.0005945
1863.81989893,-0.0113908695,-0.0057831462,0.009266827,-0.0380818,0.020308308,-1.0062097
1863.82426876,-0.016717192,-0.0025873529,0.008201562,-0.039546642,0.01713448,-1.0057214
1863.82989754,-0.016717192,-0.0036526173,0.009266827,-0.036861096,0.016402058,-1.00328
1863.83409644,-0.016717192,-0.0036526173,0.010332089,-0.0393025,0.015913777,-1.0003504
1863.83989851,-0.012456134,-0.0036526173,0.0071362965,-0.0393025,0.01737862,-0.9974207
1863.84431803,-0.013521398,-0.004717882,0.009266827,-0.041011486,0.01737862,-1.0005945
1863.84989648,-0.014586663,-0.0057831462,0.008201562,-0.04247633,0.01689034,-1.0013269
1863.85400584,-0.016717192,-0.004717882,0.008201562,-0.037837658,0.019575886,-1.0047449
1863.8598352,-0.013521398,-0.004717882,0.010332089,-0.036128674,0.018355183,-1.004989
1863.86394528,-0.0113908695,-0.0036526173,0.008201562,-0.036861096,0.013960651,-1.0052332
1863.86989896,-0.017782457,-0.0025873529,0.0071362965,-0.0393025,0.015913777,-1.0001062
1863.87443921,-0.013521398,-0.004717882,0.009266827,-0.0393025,0.017622761,-0.99693245
1863.87989719,-0.0113908695,-0.0036526173,0.008201562,-0.040034924,0.01689034,-0.99986213
1863.88429231,-0.014586663,-0.0036526173,0.009266827,-0.03881422,0.019331746,-1.0030359
1863.88989847,-0.0113908695,-0.004717882,0.009266827,-0.036128674,0.018843465,-1.0064539
1863.89414895,-0.015651926,-0.0025873529,0.010332089,-0.040034924,0.015669636,-1.0057214
1863.89989742,-0.014586663,-0.0036526173,0.009266827,-0.03832594,0.018843465,-1.0018152
1863.90431433,-0.012456134,-0.004717882,0.009266827,-0.03881422,0.01737862,-0.99864143
1863.90989861,-0.013521398,-0.0036526173,0.0071362965,-0.041743908,0.012495807,-0.999618
1863.9141333,-0.013521398,-0.004717882,0.0071362965,-0.037349377,0.019575886,-1.0003504
1863.91984438,-0.015651926,-0.004717882,0.008201562,-0.0393025,0.02104073,-1.0042566
1863.92420849,-0.012456134,-0.0057831462,0.008201562,-0.036861096,0.018111043,-1.0057214
1863.92985356,-0.012456134,-0.0036526173,0.0071362965,-0.03881422,0.01689034,-1.0052332
1863.93405481,-0.015651926,-0.0025873529,0.009266827,-0.03832594,0.015913777,-1.0030359
1863.93989902,-0.014586663,-0.0036526173,0.009266827,-0.041011486,0.016157918,-0.99815315
1863.94406052,-0.015651926,-0.0036526173,0.008201562,-0.040523205,0.016646199,-0.997909
1863.94989836,-0.017782457,-0.0036526173,0.010332089,-0.040523205,0.016402058,-1.0013269
1863.9544369,-0.017782457,-0.0036526173,0.010332089,-0.03832594,0.019087605,-1.0064539
1863.95990132,-0.014586663,-0.0025873529,0.010332089,-0.03490797,0.021529011,-1.0071863
1863.9640318,-0.012456134,-0.0057831462,0.010332089,-0.036372814,0.01737862,-1.0042566
1863.96989851,-0.015651926,-0.004717882,0.009266827,-0.039546642,0.0137165105,-1.0020593
1863.97400128,-0.014586663,-0.004717882,0.008201562,-0.040523205,0.01737862,-0.99693245
1863.97989886,-0.014586663,-0.0068484107,0.009266827,-0.04272047,0.019331746,-0.9988856
1863.98445708,-0.015651926,-0.0036526173,0.008201562,-0.040523205,0.016402058,-1.0018152
1863.98989799,-0.016717192,-0.0036526173,0.009266827,-0.037349377,0.01689034,-1.0052332
1863.99411144,-0.015651926,-0.004717882,0.010332089,-0.037349377,0.019087605,-1.0040125
1863.9998443,-0.0113908695,-0.0036526173,0.009266827,-0.0393025,0.016646199,-1.004989
1864.00416282,-0.012456134,-0.0025873529,0.008201562,-0.039546642,0.016157918,-1.0008386
1864.00990194,-0.015651926,-0.0036526173,0.009266827,-0.0393025,0.014937214,-0.9983973
1864.01414157,-0.016717192,-0.0036526173,0.009266827,-0.0380818,0.01737862,-0.99937385
1864.01989864,-0.016717192,-0.0068484107,0.009266827,-0.03905836,0.021529011,-1.0025476
1864.024146,-0.013521398,-0.0057831462,0.008201562,-0.03881422,0.018111043,-1.0052332
1864.029904,-0.012456134,-0.0036526173,0.008201562,-0.0380818,0.015913777,-1.0052332
1864.03431471,-0.016717192,-0.0025873529,0.010332089,-0.03832594,0.014937214,-1.0023035
1864.0397878,-0.012456134,-0.004717882,0.008201562,-0.03881422,0.014937214,-0.9974207
1864.04411259,-0.0113908695,-0.004717882,0.0071362965,-0.039790783,0.015913777,-0.9988856
1864.04963568,-0.013521398,-0.004717882,0.009266827,-0.043452892,0.018355183,-1.0008386
1864.05398148,-0.0113908695,-0.0036526173,0.008201562,-0.037837658,0.019331746,-1.0047449
1864.0598991,-0.013521398,-0.004717882,0.009266827,-0.036616955,0.019331746,-1.0057214
1864.06447982,-0.013521398,-0.004717882,0.010332089,-0.037837658,0.015913777,-1.0047449
1864.06977203,-0.013521398,-0.0036526173,0.010332089,-0.03905836,0.015181354,-1.0027918
1864.0740266,-0.014586663,-0.004717882,0.0071362965,-0.041011486,0.01737862,-0.9988856
1864.07989982,-0.010325605,-0.0025873529,0.009266827,-0.040523205,0.016402058,-0.9983973
1864.08457697,-0.009260341,-0.0068484107,0.010332089,-0.03857008,0.01689034,-1.0005945
1864.08989931,-0.0113908695,-0.004717882,0.010332089,-0.036372814,0.018355183,-1.0047449
1864.09424416,-0.017782457,-0.0057831462,0.008201562,-0.03857008,0.017866902,-1.0054773
1864.09989947,-0.014586663,-0.0036526173,0.010332089,-0.03905836,0.014693073,-1.00328
1864.10408116,-0.015651926,-0.0025873529,0.010332089,-0.041499767,0.0137165105,-1.0003504
1864.10989817,-0.012456134,-0.004717882,0.009266827,-0.037837658,0.017866902,-0.99644417
1864.11405228,-0.012456134,-0.0057831462,0.009266827,-0.041011486,0.019087605,-0.99937385
1864.11990053,-0.013521398,-0.004717882,0.009266827,-0.039546642,0.017866902,-1.0047449
1864.12422755,-0.012456134,-0.004717882,0.008201562,-0.036128674,0.018599324,-1.006698
1864.12983686,-0.016717192,-0.004717882,0.010332089,-0.035884533,0.019331746,-1.0042566
1864.13410947,-0.016717192,-0.004717882,0.010332089,-0.03905836,0.01737862,-1.001571
1864.13990012,-0.015651926,-0.004717882,0.008201562,-0.041499767,0.013960651,-0.9988856
1864.14424702,-0.015651926,-0.004717882,0.008201562,-0.041499767,0.013960651,-0.9988856
1864.14981784,-0.016717192,-0.004717882,0.008201562,-0.03905836,0.019087605,-0.99937385
1864.15406706,-0.016717192,-0.004717882,0.008201562,-0.041499767,0.020308308,-1.0042566
1864.15989763,-0.015651926,-0.004717882,0.009266827,-0.036616955,0.015669636,-1.0086511
1864.16397452,-0.015651926,-0.004717882,0.009266827,-0.036616955,0.015669636,-1.0086511
1864.16990191,-0.015651926,-0.0025873529,0.008201562,-0.0393025,0.016402058,-0.997909
1864.17433441,-0.015651926,-0.0025873529,0.008201562,-0.0393025,0.016402058,-0.997909
1864.17989872,-0.015651926,-0.004717882,0.009266827,-0.039790783,0.015913777,-1.0008386
1864.18395389,-0.015651926,-0.004717882,0.009266827,-0.039790783,0.015913777,-1.0008386
1864.18990861,-0.013521398,-0.004717882,0.008201562,-0.037349377,0.019575886,-1.0052332
1864.19452469,-0.013521398,-0.004717882,0.008201562,-0.037349377,0.019575886,-1.0052332
1864.19980532,-0.01884772,-0.0025873529,0.009266827,-0.039546642,0.015913777,-1.0018152
1864.20422632,-0.01884772,-0.0025873529,0.009266827,-0.039546642,0.015913777,-1.0018152
1864.20965156,-0.010325605,-0.004717882,0.008201562,-0.040523205,0.018111043,-0.99986213
1864.21395781,-0.010325605,-0.004717882,0.008201562,-0.040523205,0.018111043,-0.99986213
1864.21989909,-0.015651926,-0.0057831462,0.009266827,-0.037593517,0.017866902,-1.004989
1864.22426078,-0.015651926,-0.0057831462,0.009266827,-0.037593517,0.017866902,-1.004989
1864.22982963,-0.015651926,-0.004717882,0.008201562,-0.03832594,0.018111043,-1.0040125
1864.23422947,-0.015651926,-0.004717882,0.008201562,-0.03832594,0.018111043,-1.0040125
1864.23990164,-0.017782457,-0.0036526173,0.009266827,-0.03881422,0.015181354,-0.99693245
1864.24429174,-0.0113908695,-0.004717882,0.0071362965,-0.03881422,0.015181354,-0.99693245
1864.24984341,-0.015651926,-0.004717882,0.009266827,-0.039790783,0.020064168,-1.0052332
1864.25409988,-0.015651926,-0.004717882,0.009266827,-0.039790783,0.020064168,-1.0052332
1864.25964958,-0.014586663,-0.004717882,0.009266827,-0.036372814,0.015181354,-1.0052332
1864.26398926,-0.014586663,-0.004717882,0.009266827,-0.036372814,0.015181354,-1.0052332
1864.26989813,-0.015651926,-0.0057831462,0.010332089,-0.036616955,0.01737862,-0.997909
1864.27409978,-0.015651926,-0.0057831462,0.010332089,-0.036616955,0.01737862,-0.997909
1864.27989752,-0.0113908695,-0.004717882,0.008201562,-0.041255627,0.01689034,-1.0001062
1864.28422908,-0.013521398,-0.004717882,0.009266827,-0.0393025,0.017866902,-1.0045007
1864.28954369,-0.009260341,-0.004717882,0.008201562,-0.035640392,0.01737862,-1.0054773
1864.29428263,-0.013521398,-0.0036526173,0.010332089,-0.03832594,0.017622761,-1.0057214
1864.29989877,-0.016717192,-0.004717882,0.008201562,-0.040034924,0.015181354,-1.0030359
1864.30432691,-0.012456134,-0.004717882,0.0071362965,-0.041499767,0.015181354,-0.99864143
1864.30989885,-0.017782457,-0.0036526173,0.008201562,-0.039546642,0.018111043,-0.99864143
1864.31413,-0.015651926,-0.007913675,0.009266827,-0.037593517,0.018355183,-1.0010828
1864.31984277,-0.014586663,-0.0068484107,0.009266827,-0.03857008,0.01713448,-1.0062097
1864.32403674,-0.015651926,-0.004717882,0.009266827,-0.03857008,0.019087605,-1.0069422
1864.3298985,-0.016717192,-0.0025873529,0.008201562,-0.0393025,0.018843465,-1.0027918
1864.33407237,-0.014586663,-0.0036526173,0.010332089,-0.039790783,0.014937214,-0.99986213
1864.33989929,-0.015651926,-0.0036526173,0.008201562,-0.037837658,0.01347237,-0.99864143
1864.34447892,-0.012456134,-0.0057831462,0.008201562,-0.041499767,0.016402058,-0.9988856
1864.34989983,-0.014586663,-0.004717882,0.008201562,-0.041011486,0.019087605,-1.0042566
1864.3542242,-0.012456134,-0.004717882,0.009266827,-0.039790783,0.020308308,-1.0054773
1864.35989892,-0.015651926,-0.0036526173,0.009266827,-0.035884533,0.01689034,-1.0059656
1864.36413776,-0.013521398,-0.0036526173,0.008201562,-0.03881422,0.014204792,-1.0037683
1864.36977309,-0.010325605,-0.004717882,0.008201562,-0.037837658,0.016402058,-0.99986213
1864.3740608,-0.012456134,-0.004717882,0.008201562,-0.041499767,0.01737862,-0.9974207
1864.37990107,-0.012456134,-0.0036526173,0.008201562,-0.04198805,0.01689034,-0.9991297
1864.38441368,-0.014586663,-0.0036526173,0.008201562,-0.037837658,0.018599324,-1.0030359
1864.38957238,-0.015651926,-0.004717882,0.009266827,-0.036861096,0.018599324,-1.0047449
1864.39398846,-0.015651926,-0.0036526173,0.010332089,-0.037837658,0.015669636,-1.004989
1864.3998992,-0.014586663,-0.004717882,0.008201562,-0.040034924,0.015913777,-1.0025476
1864.40439244,-0.01884772,-0.0036526173,0.011397354,-0.041011486,0.015669636,-0.9988856
1864.40989941,-0.012456134,-0.0025873529,0.0071362965,-0.040767346,0.018355183,-0.99986213
1864.41423516,-0.012456134,-0.0057831462,0.010332089,-0.036861096,0.019331746,-1.00328
1864.41990281,-0.014586663,-0.004717882,0.0071362965,-0.039546642,0.018355183,-1.006698
1864.42404675,-0.015651926,-0.0036526173,0.009266827,-0.036616955,0.020552449,-1.0040125
1864.42990429,-0.014586663,-0.0025873529,0.009266827,-0.03881422,0.017866902,-1.00328
1864.43390674,-0.013521398,-0.004717882,0.009266827,-0.037349377,0.0137165105,-1.0003504
1864.4398539,-0.012456134,-0.004717882,0.010332089,-0.03905836,0.015425495,-0.99766487
1864.44390623,-0.014586663,-0.0057831462,0.008201562,-0.040279064,0.018355183,-0.9988856
1864.44989917,-0.013521398,-0.0057831462,0.0071362965,-0.043697033,0.018355183,-1.0020593
1864.45430719,-0.015651926,-0.004717882,0.0071362965,-0.0393025,0.018843465,-1.0057214
1864.45989888,-0.015651926,-0.0036526173,0.008201562,-0.037593517,0.019087605,-1.0062097
1864.46423248,-0.015651926,-0.0036526173,0.008201562,-0.03539625,0.01737862,-1.00328
1864.46989934,-0.016717192,-0.004717882,0.009266827,-0.037593517,0.015181354,-1.0003504
1864.4741528,-0.014586663,-0.0057831462,0.009266827,-0.03881422,0.015669636,-0.997909
1864.47989842,-0.014586663,-0.004717882,0.009266827,-0.041255627,0.01689034,-0.99864143
1864.48406946,-0.016717192,-0.004717882,0.009266827,-0.03857008,0.019575886,-1.0040125
1864.4899002,-0.013521398,-0.004717882,0.010332089,-0.037837658,0.019575886,-1.004989
1864.49408975,-0.0113908695,-0.0036526173,0.006071031,-0.03832594,0.01713448,-1.0057214
1864.49970815,-0.015651926,-0.0025873529,0.010332089,-0.041011486,0.014937214,-1.0042566
1864.50404742,-0.014586663,-0.0036526173,0.0071362965,-0.040279064,0.015669636,-0.9988856
1864.50989873,-0.0113908695,-0.004717882,0.008201562,-0.03905836,0.01737862,-0.99937385
1864.51441032,-0.013521398,-0.0057831462,0.008201562,-0.037349377,0.017622761,-0.9983973
1864.51981831,-0.015651926,-0.0057831462,0.010332089,-0.037837658,0.019087605,-1.0035242
1864.52404329,-0.014586663,-0.0057831462,0.008201562,-0.03832594,0.020552449,-1.0037683
1864.52990014,-0.015651926,-0.004717882,0.0071362965,-0.03539625,0.018111043,-1.0047449
1864.53414315,-0.015651926,-0.004717882,0.006071031,-0.039546642,0.014204792,-1.0018152
1864.53989888,-0.013521398,-0.0036526173,0.0071362965,-0.040279064,0.016157918,-0.99644417
1864.54406981,-0.014586663,-0.0036526173,0.009266827,-0.043697033,0.019575886,-0.99815315
1864.54989975,-0.012456134,-0.0036526173,0.008201562,-0.04198805,0.017866902,-1.0025476
1864.55451195,-0.016717192,-0.004717882,0.008201562,-0.037837658,0.016646199,-1.0076746
1864.55989816,-0.015651926,-0.0036526173,0.009266827,-0.035884533,0.018843465,-1.006698
1864.56429326,-0.017782457,-0.0036526173,0.010332089,-0.036372814,0.01737862,-1.0045007
1864.56985552,-0.014586663,-0.0036526173,0.010332089,-0.0380818,0.015669636,-1.0008386
1864.57394628,-0.015651926,-0.004717882,0.011397354,-0.040523205,0.015425495,-0.997909
1864.57989845,-0.013521398,-0.004717882,0.010332089,-0.041255627,0.01737862,-0.9983973
1864.58411616,-0.012456134,-0.0057831462,0.009266827,-0.039546642,0.019331746,-1.0023035
1864.58989941,-0.013521398,-0.004717882,0.009266827,-0.0393025,0.01737862,-1.0042566
1864.59431755,-0.009260341,-0.004717882,0.009266827,-0.03832594,0.016402058,-1.0052332
1864.59989985,-0.014586663,-0.0036526173,0.009266827,-0.03881422,0.01713448,-1.0047449
1864.60404787,-0.012456134,-0.0036526173,0.008201562,-0.0393025,0.015425495,-1.0005945
1864.60989893,-0.013521398,-0.004717882,0.0071362965,-0.03832594,0.01689034,-0.99815315
1864.61432,-0.014586663,-0.004717882,0.009266827,-0.041743908,0.017866902,-0.99986213
1864.61989913,-0.014586663,-0.004717882,0.010332089,-0.041255627,0.01737862,-1.0057214
1864.62428819,-0.014586663,-0.0036526173,0.0071362965,-0.035884533,0.022017293,-1.0059656
1864.62978935,-0.013521398,-0.004717882,0.009266827,-0.03539625,0.016646199,-1.0047449
1864.63400709,-0.0113908695,-0.0036526173,0.0071362965,-0.03857008,0.01347237,-1.0013269
1864.6398987,-0.012456134,-0.0036526173,0.009266827,-0.0393025,0.014937214,-0.9974207
1864.64401896,-0.015651926,-0.0057831462,0.008201562,-0.041255627,0.01689034,-0.99815315
1864.64973995,-0.0113908695,-0.0057831462,0.009266827,-0.040034924,0.018843465,-1.0003504
1864.653906,-0.013521398,-0.004717882,0.009266827,-0.041499767,0.016646199,-1.0052332
1864.6598996,-0.015651926,-0.004717882,0.009266827,-0.03857008,0.01737862,-1.0064539
1864.66454013,-0.014586663,-0.0036526173,0.009266827,-0.03881422,0.019575886,-1.0047449
1864.66989964,-0.013521398,-0.0025873529,0.009266827,-0.036616955,0.016402058,-1.0030359
1864.67412596,-0.010325605,-0.0025873529,0.008201562,-0.037837658,0.014448932,-0.9966883
1864.67989908,-0.014586663,-0.0057831462,0.009266827,-0.037837658,0.018355183,-0.9974207
1864.68428681,-0.015651926,-0.0057831462,0.008201562,-0.040523205,0.019575886,-1.0005945
1864.68958164,-0.013521398,-0.0025873529,0.008201562,-0.036616955,0.019575886,-1.006698
1864.69398607,-0.012456134,-0.004717882,0.008201562,-0.037105236,0.018355183,-1.0062097
1864.69990032,-0.014586663,-0.0036526173,0.009266827,-0.036372814,0.015425495,-1.0057214
1864.70399271,-0.013521398,-0.0036526173,0.010332089,-0.04223219,0.015913777,-0.999618
1864.70982084,-0.0113908695,-0.0025873529,0.009266827,-0.040279064,0.018111043,-0.9983973
1864.71390643,-0.015651926,-0.0025873529,0.009266827,-0.041743908,0.015425495,-1.0003504
1864.71989941,-0.016717192,-0.004717882,0.008201562,-0.037837658,0.018355183,-1.00328
1864.7242394,-0.014586663,-0.004717882,0.009266827,-0.037349377,0.019575886,-1.0037683
1864.72989956,-0.014586663,-0.004717882,0.0071362965,-0.037349377,0.019331746,-1.0030359
1864.73415239,-0.013521398,-0.0036526173,0.010332089,-0.0393025,0.014448932,-1.0037683
1864.73989936,-0.012456134,-0.0068484107,0.0071362965,-0.036372814,0.014448932,-1.0008386
1864.74419966,-0.017782457,-0.0057831462,0.011397354,-0.036861096,0.018843465,-0.99937385
1864.7498982,-0.015651926,-0.004717882,0.009266827,-0.04247633,0.018355183,-0.99986213
1864.75398737,-0.012456134,-0.004717882,0.008201562,-0.039546642,0.017866902,-1.0057214
1864.75989934,-0.016717192,-0.004717882,0.008201562,-0.040767346,0.019820027,-1.0059656
1864.76433783,-0.014586663,-0.004717882,0.009266827,-0.03417555,0.020064168,-1.0047449
1864.76989973,-0.0113908695,-0.004717882,0.008201562,-0.03857008,0.016402058,-1.001571
1864.7742489,-0.014586663,-0.0057831462,0.010332089,-0.037105236,0.0137165105,-0.997909
1864.77989958,-0.0113908695,-0.004717882,0.008201562,-0.043452892,0.018355183,-0.999618
1864.78423128,-0.013521398,-0.004717882,0.009266827,-0.039546642,0.020552449,-1.0005945
1864.78989902,-0.015651926,-0.004717882,0.009266827,-0.037593517,0.018111043,-1.0054773
1864.79408626,-0.015651926,-0.004717882,0.008201562,-0.033931408,0.016402058,-1.0042566
1864.79989943,-0.016717192,-0.004717882,0.010332089,-0.037837658,0.01689034,-1.0040125
1864.80428835,-0.014586663,-0.0036526173,0.008201562,-0.039790783,0.016646199,-1.0013269
1864.8098988,-0.012456134,-0.0036526173,0.008201562,-0.04247633,0.016402058,-0.99815315
1864.81398193,-0.014586663,-0.0036526173,0.008201562,-0.039546642,0.016402058,-1.0003504
1864.81989938,-0.014586663,-0.0036526173,0.009266827,-0.040767346,0.017866902,-1.0027918
1864.82409104,-0.013521398,-0.0057831462,0.009266827,-0.037593517,0.019820027,-1.0052332
1864.82990314,-0.016717192,-0.0036526173,0.010332089,-0.0393025,0.01713448,-1.006698
1864.8342953,-0.012456134,-0.0036526173,0.0071362965,-0.03832594,0.015425495,-1.0035242
1864.83968471,-0.013521398,-0.0036526173,0.009266827,-0.037349377,0.015425495,-0.9988856
1864.84406068,-0.0113908695,-0.004717882,0.0071362965,-0.037593517,0.016402058,-0.9962
1864.84989905,-0.0113908695,-0.004717882,0.009266827,-0.03881422,0.01737862,-0.99986213
1864.854031,-0.013521398,-0.004717882,0.0071362965,-0.04247633,0.018843465,-1.0042566
1864.85977718,-0.013521398,-0.0057831462,0.009266827,-0.037105236,0.018355183,-1.0064539
1864.86390345,-0.0113908695,-0.0057831462,0.008201562,-0.037837658,0.01737862,-1.004989
1864.86990912,-0.012456134,-0.004717882,0.008201562,-0.0393025,0.015913777,-1.0035242
1864.87435311,-0.013521398,-0.004717882,0.008201562,-0.04296461,0.015913777,-0.99937385
1864.87990065,-0.012456134,-0.004717882,0.009266827,-0.04247633,0.0137165105,-0.9988856
1864.88426564,-0.013521398,-0.004717882,0.0071362965,-0.039790783,0.016646199,-0.99864143
1864.88982326,-0.013521398,-0.0057831462,0.0071362965,-0.035884533,0.020308308,-1.0030359
1864.89411296,-0.014586663,-0.0057831462,0.008201562,-0.037593517,0.01737862,-1.0054773
1864.8996819,-0.015651926,-0.0025873529,0.009266827,-0.037349377,0.015913777,-1.006698
1864.90408148,-0.014586663,-0.0025873529,0.009266827,-0.040767346,0.016402058,-1.0020593
1864.90990144,-0.017782457,-0.004717882,0.009266827,-0.03881422,0.01713448,-0.9983973
1864.91407084,-0.0113908695,-0.004717882,0.008201562,-0.041011486,0.016402058,-0.9983973
1864.91989907,-0.012456134,-0.004717882,0.009266827,-0.04198805,0.018111043,-1.0003504
1864.92411278,-0.015651926,-0.0036526173,0.010332089,-0.040523205,0.016646199,-1.0047449
1864.92990061,-0.015651926,-0.0036526173,0.008201562,-0.037837658,0.019820027,-1.0037683
1864.93433132,-0.014586663,-0.0025873529,0.009266827,-0.037837658,0.01737862,-1.0037683
1864.93986016,-0.014586663,-0.0036526173,0.008201562,-0.037837658,0.012495807,-1.0025476
1864.94413676,-0.013521398,-0.004717882,0.011397354,-0.039546642,0.015669636,-0.9988856
1864.94990359,-0.014586663,-0.004717882,0.010332089,-0.043452892,0.019331746,-0.9988856
1864.95432648,-0.012456134,-0.004717882,0.0071362965,-0.0380818,0.02104073,-1.0027918
1864.95990093,-0.013521398,-0.0057831462,0.008201562,-0.03515211,0.018355183,-1.0052332
1864.96407118,-0.015651926,-0.0057831462,0.009266827,-0.03441969,0.015913777,-1.006698
1864.96971878,-0.014586663,-0.0036526173,0.006071031,-0.040523205,0.018843465,-1.0037683
1864.97390432,-0.013521398,-0.0057831462,0.0071362965,-0.041499767,0.016157918,-0.9991297
1864.97989931,-0.014586663,-0.0036526173,0.008201562,-0.043941174,0.0137165105,-0.99815315
1864.98455249,-0.015651926,-0.0057831462,0.009266827,-0.040523205,0.017866902,-0.999618
1864.98989838,-0.014586663,-0.0057831462,0.010332089,-0.03857008,0.020552449,-1.0047449
1864.99425213,-0.013521398,-0.004717882,0.008201562,-0.03515211,0.019575886,-1.0062097
1864.99984723,-0.015651926,-0.004717882,0.009266827,-0.0393025,0.017622761,-1.0040125
1865.00417112,-0.014586663,-0.004717882,0.0071362965,-0.037837658,0.016402058,-1.00328
1865.00979708,-0.016717192,-0.0036526173,0.011397354,-0.03832594,0.016646199,-0.99986213
1865.01409208,-0.015651926,-0.0057831462,0.008201562,-0.03857008,0.018355183,-0.99937385
1865.01989982,-0.01884772,-0.0057831462,0.011397354,-0.039546642,0.018111043,-1.0005945
1865.02434281,-0.016717192,-0.0057831462,0.008201562,-0.040523205,0.01737862,-1.0047449
1865.02975492,-0.013521398,-0.0036526173,0.009266827,-0.036861096,0.019575886,-1.0052332
1865.03418648,-0.010325605,-0.0057831462,0.009266827,-0.03857008,0.019575886,-1.0027918
1865.03989962,-0.014586663,-0.0036526173,0.009266827,-0.0380818,0.014937214,-1.001571
1865.04420692,-0.0113908695,-0.0036526173,0.0050057694,-0.040523205,0.015425495,-0.9971766
1865.04968466,-0.013521398,-0.004717882,0.009266827,-0.039546642,0.018111043,-0.99986213
1865.05402296,-0.014586663,-0.0057831462,0.009266827,-0.041499767,0.019575886,-1.0023035
1865.05989997,-0.015651926,-0.0015220884,0.009266827,-0.037349377,0.018111043,-1.0062097
1865.06434958,-0.015651926,-0.0015220884,0.009266827,-0.037349377,0.018111043,-1.0062097
1865.06990116,-0.014586663,-0.0068484107,0.010332089,-0.03881422,0.016402058,-1.0005945
1865.07400787,-0.014586663,-0.0068484107,0.010332089,-0.03881422,0.016402058,-1.0005945
1865.07989877,-0.013521398,-0.0036526173,0.010332089,-0.040034924,0.016646199,-0.9988856
1865.08418183,-0.013521398,-0.0036526173,0.010332089,-0.040034924,0.016646199,-0.9988856
1865.08989929,-0.014586663,-0.004717882,0.008201562,-0.036861096,0.019331746,-1.0042566
1865.09430973,-0.014586663,-0.004717882,0.008201562,-0.036861096,0.019331746,-1.0042566
1865.09990496,-0.014586663,-0.0036526173,0.009266827,-0.03905836,0.01689034,-1.0037683
1865.10422745,-0.014586663,-0.0036526173,0.009266827,-0.03905836,0.01689034,-1.0037683
1865.10973737,-0.013521398,-0.0036526173,0.008201562,-0.0393025,0.015669636,-0.99864143
1865.1140747,-0.013521398,-0.0036526173,0.008201562,-0.0393025,0.015669636,-0.99864143
1865.11989907,-0.013521398,-0.004717882,0.008201562,-0.03539625,0.018355183,-1.0042566
1865.12406546,-0.013521398,-0.004717882,0.008201562,-0.03539625,0.018355183,-1.0042566
1865.1299,-0.015651926,-0.0036526173,0.010332089,-0.0380818,0.017622761,-1.0037683
1865.13402791,-0.015651926,-0.0036526173,0.010332089,-0.0380818,0.017622761,-1.0037683
1865.13990064,-0.009260341,-0.004717882,0.008201562,-0.041255627,0.014937214,-0.997909
1865.14431013,-0.009260341,-0.004717882,0.008201562,-0.041255627,0.014937214,-0.997909
1865.14980245,-0.015651926,-0.0057831462,0.008201562,-0.040523205,0.018355183,-1.0040125
1865.15414409,-0.015651926,-0.0057831462,0.008201562,-0.040523205,0.018355183,-1.0040125
1865.15960874,-0.014586663,-0.0036526173,0.008201562,-0.037349377,0.018843465,-1.0037683
1865.16397478,-0.014586663,-0.0036526173,0.008201562,-0.037349377,0.018843465,-1.0037683
1865.16989954,-0.014586663,-0.0036526173,0.009266827,-0.037349377,0.012984089,-1.0023035
1865.17440824,-0.012456134,-0.004717882,0.009266827,-0.03881422,0.014937214,-0.9974207
1865.17990303,-0.014586663,-0.0036526173,0.009266827,-0.04198805,0.020064168,-0.9974207
1865.18424469,-0.015651926,-0.0036526173,0.008201562,-0.04296461,0.017866902,-1.0023035
1865.18989963,-0.014586663,-0.004717882,0.009266827,-0.03490797,0.017866902,-1.0069422
1865.19440731,-0.016717192,-0.0036526173,0.010332089,-0.035640392,0.01737862,-1.0071863
1865.19989977,-0.013521398,-0.0036526173,0.010332089,-0.036861096,0.016402058,-1.0027918
1865.20426973,-0.015651926,-0.004717882,0.011397354,-0.041011486,0.015913777,-0.9988856
1865.20981475,-0.0113908695,-0.004717882,0.008201562,-0.041743908,0.015913777,-0.9983973
1865.2141323,-0.014586663,-0.004717882,0.009266827,-0.040034924,0.017622761,-1.0010828
1865.21990139,-0.016717192,-0.0036526173,0.009266827,-0.037837658,0.020064168,-1.0045007
1865.2240122,-0.017782457,-0.004717882,0.009266827,-0.035640392,0.019575886,-1.0037683
1865.2298986,-0.013521398,-0.0036526173,0.009266827,-0.036861096,0.01713448,-1.004989
1865.23427358,-0.012456134,-0.0057831462,0.009266827,-0.0393025,0.015913777,-1.0037683
1865.23977854,-0.012456134,-0.004717882,0.008201562,-0.040034924,0.016646199,-1.0003504
1865.24419367,-0.0113908695,-0.0057831462,0.0071362965,-0.03881422,0.016157918,-0.997909
1865.24989992,-0.012456134,-0.0068484107,0.008201562,-0.040279064,0.016402058,-0.99937385
1865.25421922,-0.0113908695,-0.0057831462,0.009266827,-0.03881422,0.020552449,-1.0045007
1865.259901,-0.014586663,-0.0036526173,0.008201562,-0.03832594,0.020552449,-1.0069422
1865.26407188,-0.013521398,-0.0036526173,0.009266827,-0.037837658,0.016402058,-1.006698
1865.26989967,-0.015651926,-0.004717882,0.009266827,-0.03857008,0.014693073,-1.0013269
1865.27425904,-0.015651926,-0.0036526173,0.008201562,-0.03857008,0.01737862,-0.9959559
1865.27989848,-0.015651926,-0.004717882,0.009266827,-0.041011486,0.018599324,-0.99864143
1865.28432694,-0.0113908695,-0.0036526173,0.0071362965,-0.039546642,0.017622761,-1.0023035
1865.28968142,-0.016717192,-0.004717882,0.009266827,-0.036861096,0.017866902,-1.0054773
1865.2939758,-0.0113908695,-0.0057831462,0.010332089,-0.035884533,0.019820027,-1.0035242
1865.29990336,-0.0113908695,-0.0057831462,0.010332089,-0.03857008,0.01737862,-1.0040125
1865.304528,-0.015651926,-0.004717882,0.010332089,-0.041499767,0.014448932,-1.0018152
1865.30976486,-0.014586663,-0.0036526173,0.009266827,-0.041499767,0.015669636,-0.99986213
1865.31418493,-0.012456134,-0.0025873529,0.008201562,-0.041255627,0.017866902,-0.99864143
1865.3198568,-0.0113908695,-0.004717882,0.009266827,-0.037837658,0.02079659,-1.0023035
1865.32405032,-0.016717192,-0.0057831462,0.011397354,-0.036372814,0.018843465,-1.0062097
1865.3297652,-0.015651926,-0.0036526173,0.009266827,-0.0380818,0.015181354,-1.006698
1865.33405252,-0.015651926,-0.004717882,0.009266827,-0.037349377,0.01689034,-1.0023035
1865.339901,-0.017782457,-0.004717882,0.008201562,-0.0393025,0.01713448,-0.99644417
1865.34435961,-0.013521398,-0.004717882,0.0071362965,-0.040034924,0.015913777,-0.99693245
1865.34990047,-0.016717192,-0.0036526173,0.008201562,-0.040034924,0.01737862,-1.0013269
1865.35430486,-0.015651926,-0.004717882,0.010332089,-0.041255627,0.019087605,-1.006698
1865.35978003,-0.016717192,-0.004717882,0.009266827,-0.040034924,0.018843465,-1.0052332
1865.3640808,-0.016717192,-0.004717882,0.008201562,-0.037349377,0.016157918,-1.00328
1865.3696108,-0.014586663,-0.0036526173,0.009266827,-0.040523205,0.013228229,-1.0023035
1865.37400424,-0.012456134,-0.004717882,0.009266827,-0.037105236,0.015669636,-0.99986213
1865.37990079,-0.0113908695,-0.004717882,0.009266827,-0.041499767,0.015669636,-0.9983973
1865.38437749,-0.013521398,-0.004717882,0.0071362965,-0.040034924,0.015913777,-0.99937385
1865.38990149,-0.013521398,-0.004717882,0.008201562,-0.036861096,0.021773152,-1.0018152
1865.39415831,-0.014586663,-0.0057831462,0.009266827,-0.036372814,0.019087605,-1.0074304
1865.39990032,-0.016717192,-0.004717882,0.010332089,-0.037837658,0.015913777,-1.0076746
1865.40436859,-0.012456134,-0.0036526173,0.009266827,-0.04198805,0.016402058,-1.0013269
1865.40990664,-0.0113908695,-0.0036526173,0.009266827,-0.04198805,0.014448932,-0.9966883
1865.41432596,-0.014586663,-0.004717882,0.008201562,-0.041499767,0.015425495,-0.997909
1865.41990053,-0.016717192,-0.004717882,0.010332089,-0.039546642,0.019087605,-1.0025476
1865.42401048,-0.015651926,-0.0025873529,0.008201562,-0.0393025,0.017866902,-1.0074304
1865.42989982,-0.017782457,-0.0036526173,0.008201562,-0.036861096,0.01737862,-1.0042566
1865.43390763,-0.01884772,-0.004717882,0.009266827,-0.03832594,0.01737862,-1.0013269
1865.43989936,-0.016717192,-0.004717882,0.008201562,-0.0393025,0.015913777,-1.0008386
1865.44408726,-0.015651926,-0.004717882,0.009266827,-0.040523205,0.015913777,-1.0008386
1865.44989907,-0.014586663,-0.004717882,0.010332089,-0.039546642,0.018599324,-0.99986213
1865.45453644,-0.012456134,-0.0057831462,0.008201562,-0.037349377,0.020552449,-1.0023035
1865.459901,-0.014586663,-0.0068484107,0.009266827,-0.037349377,0.016402058,-1.0052332
1865.46427486,-0.012456134,-0.0057831462,0.0071362965,-0.03832594,0.016646199,-1.0074304
1865.46985644,-0.013521398,-0.004717882,0.009266827,-0.040034924,0.01737862,-1.0030359
1865.47413181,-0.013521398,-0.0036526173,0.008201562,-0.041499767,0.014448932,-0.9988856
1865.47989996,-0.016717192,-0.004717882,0.010332089,-0.041011486,0.016402058,-0.9949793
1865.48426783,-0.013521398,-0.004717882,0.009266827,-0.041011486,0.019575886,-0.99937385
1865.48978291,-0.016717192,-0.0036526173,0.008201562,-0.037593517,0.018111043,-1.0076746
1865.49412246,-0.016717192,-0.004717882,0.010332089,-0.03490797,0.02104073,-1.0071863
1865.49978617,-0.014586663,-0.0036526173,0.009266827,-0.035640392,0.020064168,-1.0027918
1865.50394096,-0.010325605,-0.004717882,0.008201562,-0.03881422,0.014937214,-1.0013269
1865.50990003,-0.013521398,-0.0036526173,0.009266827,-0.0380818,0.016402058,-0.99986213
1865.51454854,-0.013521398,-0.0068484107,0.008201562,-0.041499767,0.018111043,-1.0005945
1865.51972648,-0.010325605,-0.0057831462,0.008201562,-0.04223219,0.018111043,-1.0008386
1865.52428502,-0.015651926,-0.004717882,0.009266827,-0.041255627,0.018843465,-1.0027918
1865.52979664,-0.013521398,-0.0036526173,0.009266827,-0.036861096,0.01713448,-1.0037683
1865.53398237,-0.012456134,-0.004717882,0.009266827,-0.037349377,0.01689034,-1.004989
1865.53989973,-0.014586663,-0.004717882,0.008201562,-0.03857008,0.01737862,-1.0008386
1865.54422948,-0.013521398,-0.0036526173,0.009266827,-0.0393025,0.01737862,-0.99693245
1865.54968461,-0.014586663,-0.0057831462,0.009266827,-0.039546642,0.017866902,-0.997909
1865.55415616,-0.012456134,-0.0057831462,0.0071362965,-0.037593517,0.018843465,-1.0047449
1865.55989957,-0.013521398,-0.0057831462,0.009266827,-0.037349377,0.019575886,-1.0086511
1865.56432548,-0.016717192,-0.0036526173,0.011397354,-0.0380818,0.01713448,-1.0069422
1865.56981126,-0.013521398,-0.004717882,0.009266827,-0.040767346,0.017622761,-1.0013269
1865.5741186,-0.013521398,-0.004717882,0.008201562,-0.037349377,0.014448932,-0.9988856
1865.57990069,-0.014586663,-0.0036526173,0.0071362965,-0.04247633,0.014448932,-0.9988856
1865.58439437,-0.016717192,-0.0036526173,0.009266827,-0.037837658,0.019820027,-1.0003504
1865.58974234,-0.0113908695,-0.0057831462,0.009266827,-0.041011486,0.02079659,-1.0018152
1865.59397901,-0.013521398,-0.0057831462,0.008201562,-0.036372814,0.01737862,-1.004989
1865.59989964,-0.013521398,-0.0036526173,0.010332089,-0.037593517,0.017622761,-1.006698
1865.60401782,-0.015651926,-0.0036526173,0.010332089,-0.036128674,0.017866902,-1.0059656
1865.60975469,-0.014586663,-0.004717882,0.009266827,-0.0393025,0.01737862,-0.99986213
1865.61413053,-0.013521398,-0.0057831462,0.009266827,-0.039546642,0.017866902,-0.9959559
1865.61990171,-0.0113908695,-0.0057831462,0.008201562,-0.040034924,0.01737862,-0.9971766
1865.62436853,-0.013521398,-0.004717882,0.008201562,-0.0393025,0.01737862,-1.0057214
1865.62990273,-0.015651926,-0.004717882,0.009266827,-0.03832594,0.019820027,-1.0071863
1865.63413892,-0.014586663,-0.004717882,0.010332089,-0.039546642,0.015913777,-1.0042566
1865.63984829,-0.016717192,-0.0036526173,0.008201562,-0.040279064,0.012984089,-1.0013269
1865.6440169,-0.017782457,-0.0025873529,0.0071362965,-0.040767346,0.015181354,-0.99766487
1865.649901,-0.012456134,-0.004717882,0.009266827,-0.03832594,0.018111043,-1.0013269
1865.65399568,-0.013521398,-0.004717882,0.009266827,-0.036861096,0.017866902,-1.0035242
1865.65990052,-0.0113908695,-0.0057831462,0.0071362965,-0.037593517,0.01689034,-1.0045007
1865.66445848,-0.016717192,-0.004717882,0.010332089,-0.036616955,0.017866902,-1.0037683
1865.669901,-0.015651926,-0.0036526173,0.009266827,-0.03881422,0.01689034,-1.0040125
1865.67422937,-0.013521398,-0.004717882,0.008201562,-0.040523205,0.01347237,-1.0023035
1865.67990128,-0.012456134,-0.004717882,0.0071362965,-0.04198805,0.0137165105,-0.99693245
1865.68433937,-0.016717192,-0.0036526173,0.009266827,-0.04272047,0.01713448,-0.99644417
1865.68966925,-0.012456134,-0.004717882,0.008201562,-0.040767346,0.018599324,-1.0023035
1865.69401377,-0.014586663,-0.0036526173,0.010332089,-0.037593517,0.019087605,-1.0086511
1865.69990753,-0.012456134,-0.004717882,0.011397354,-0.036372814,0.016157918,-1.0071863
1865.70433117,-0.010325605,-0.004717882,0.0071362965,-0.03539625,0.014204792,-1.0023035
1865.70989931,-0.014586663,-0.004717882,0.009266827,-0.03857008,0.01737862,-0.99571174
1865.713963,-0.016717192,-0.0036526173,0.009266827,-0.037349377,0.017866902,-0.99864143
1865.71989986,-0.012456134,-0.0057831462,0.008201562,-0.04198805,0.01737862,-1.0023035
1865.72434305,-0.012456134,-0.0068484107,0.008201562,-0.039546642,0.019087605,-1.0057214
1865.7299002,-0.016717192,-0.0057831462,0.011397354,-0.037105236,0.019331746,-1.0027918
1865.73417463,-0.015651926,-0.0036526173,0.010332089,-0.037593517,0.015425495,-1.00328
1865.73990476,-0.012456134,-0.004717882,0.0071362965,-0.040034924,0.01347237,-1.0027918
1865.74408726,-0.016717192,-0.0036526173,0.008201562,-0.041255627,0.01713448,-0.99864143
1865.74990132,-0.014586663,-0.0036526173,0.006071031,-0.040523205,0.01689034,-0.9988856
1865.75411616,-0.015651926,-0.004717882,0.008201562,-0.040523205,0.018111043,-0.99986213
1865.7596533,-0.015651926,-0.004717882,0.008201562,-0.03539625,0.019087605,-1.0059656
1865.76390684,-0.016717192,-0.004717882,0.010332089,-0.036372814,0.020552449,-1.0086511
1865.76990164,-0.014586663,-0.0057831462,0.0071362965,-0.036372814,0.018599324,-1.0057214
1865.77448223,-0.013521398,-0.0036526173,0.008201562,-0.037349377,0.013960651,-1.0003504
1865.7799006,-0.0113908695,-0.0057831462,0.008201562,-0.03905836,0.014937214,-0.9949793
1865.78429912,-0.014586663,-0.0057831462,0.009266827,-0.040034924,0.018355183,-0.9966883
1865.78978879,-0.016717192,-0.0068484107,0.009266827,-0.043697033,0.019575886,-1.0020593
1865.79411344,-0.015651926,-0.004717882,0.008201562,-0.039546642,0.01689034,-1.0069422
1865.79964398,-0.015651926,-0.004717882,0.009266827,-0.03905836,0.016402058,-1.004989
1865.8040498,-0.015651926,-0.004717882,0.008201562,-0.0380818,0.018843465,-1.00328
1865.80990093,-0.014586663,-0.0025873529,0.0071362965,-0.03905836,0.015913777,-1.0027918
1865.8140492,-0.014586663,-0.0025873529,0.0071362965,-0.037349377,0.014937214,-1.0008386
1865.81972375,-0.015651926,-0.004717882,0.010332089,-0.03881422,0.01737862,-0.9983973
1865.82390552,-0.014586663,-0.0068484107,0.008201562,-0.037349377,0.021773152,-1.0005945
1865.82990068,-0.015651926,-0.004717882,0.010332089,-0.037349377,0.020552449,-1.0052332
1865.83434148,-0.010325605,-0.0057831462,0.006071031,-0.037837658,0.014204792,-1.0076746
1865.83990084,-0.013521398,-0.0036526173,0.008201562,-0.040279064,0.012739948,-1.0037683
1865.84414806,-0.015651926,-0.004717882,0.009266827,-0.043452892,0.016402058,-0.99693245
1865.84982405,-0.0113908695,-0.0057831462,0.009266827,-0.04247633,0.018599324,-0.9962
1865.85415707,-0.010325605,-0.004717882,0.008201562,-0.04198805,0.016646199,-1.0013269
1865.85990187,-0.013521398,-0.0036526173,0.009266827,-0.035884533,0.015913777,-1.0079187
1865.86406674,-0.015651926,-0.0057831462,0.009266827,-0.035884533,0.020064168,-1.006698
1865.86990128,-0.0113908695,-0.004717882,0.008201562,-0.03441969,0.020552449,-1.00328
1865.87446977,-0.0113908695,-0.0036526173,0.008201562,-0.040279064,0.015913777,-1.0020593
1865.87989981,-0.017782457,-0.0036526173,0.0071362965,-0.03881422,0.015181354,-0.99986213
1865.88438844,-0.013521398,-0.0036526173,0.008201562,-0.041011486,0.019331746,-0.99937385
1865.88990144,-0.012456134,-0.0057831462,0.008201562,-0.03857008,0.018843465,-0.99937385
1865.8941574,-0.012456134,-0.0057831462,0.010332089,-0.0393025,0.015913777,-1.0042566
1865.89986664,-0.014586663,-0.0057831462,0.008201562,-0.0393025,0.01713448,-1.0062097
1865.90417128,-0.016717192,-0.004717882,0.010332089,-0.040523205,0.018111043,-1.0071863
1865.90986192,-0.010325605,-0.0025873529,0.008201562,-0.040034924,0.015425495,-1.001571
1865.9141568,-0.014586663,-0.0036526173,0.008201562,-0.0393025,0.016402058,-0.9959559
1865.91989991,-0.014586663,-0.004717882,0.009266827,-0.041011486,0.01689034,-0.9988856
1865.92410324,-0.015651926,-0.004717882,0.009266827,-0.03905836,0.020064168,-1.0052332
1865.92984268,-0.014586663,-0.004717882,0.008201562,-0.037349377,0.021529011,-1.0069422
1865.93399632,-0.008195076,-0.004717882,0.0071362965,-0.03490797,0.017866902,-1.0047449
1865.93990164,-0.012456134,-0.004717882,0.008201562,-0.037593517,0.013228229,-1.0018152
1865.94430213,-0.015651926,-0.004717882,0.009266827,-0.0393025,0.015181354,-0.99937385
1865.9498008,-0.013521398,-0.0057831462,0.008201562,-0.04296461,0.018355183,-0.99937385
1865.95404158,-0.010325605,-0.004717882,0.010332089,-0.043452892,0.016402058,-1.0005945
1865.95990084,-0.013521398,-0.004717882,0.008201562,-0.040523205,0.01737862,-1.0030359
1865.96399715,-0.012456134,-0.004717882,0.010332089,-0.037349377,0.018599324,-1.0042566
1865.96990085,-0.012456134,-0.0036526173,0.009266827,-0.039790783,0.015425495,-1.0047449
1865.97395164,-0.012456134,-0.0036526173,0.009266827,-0.039790783,0.015425495,-1.0047449
1865.97990233,-0.017782457,-0.0057831462,0.010332089,-0.03832594,0.01737862,-0.99449104
1865.98451897,-0.017782457,-0.0057831462,0.010332089,-0.03832594,0.01737862,-0.99449104
1865.98990031,-0.010325605,-0.0068484107,0.009266827,-0.03832594,0.019087605,-1.0062097
1865.99432305,-0.010325605,-0.0068484107,0.009266827,-0.03832594,0.019087605,-1.0062097
1865.99977982,-0.019912984,-0.0025873529,0.010332089,-0.040034924,0.01689034,-1.00328
1866.00404817,-0.019912984,-0.0025873529,0.010332089,-0.040034924,0.01689034,-1.00328
1866.00974096,-0.015651926,-0.0036526173,0.008201562,-0.03905836,0.01689034,-0.9974207
1866.01403212,-0.015651926,-0.0036526173,0.008201562,-0.03905836,0.01689034,-0.9974207
1866.01990142,-0.013521398,-0.0057831462,0.009266827,-0.036616955,0.018599324,-1.0035242
1866.02401664,-0.013521398,-0.0057831462,0.009266827,-0.036616955,0.018599324,-1.0035242
1866.02990053,-0.013521398,-0.004717882,0.009266827,-0.03441969,0.019087605,-1.0037683
1866.03413326,-0.013521398,-0.004717882,0.009266827,-0.03441969,0.019087605,-1.0037683
1866.03990189,-0.014586663,-0.0025873529,0.008201562,-0.037837658,0.015181354,-1.0027918
1866.0442368,-0.014586663,-0.0025873529,0.008201562,-0.037837658,0.015181354,-1.0027918
1866.04989936,-0.010325605,-0.004717882,0.009266827,-0.04198805,0.018111043,-0.9962
1866.0541493,-0.010325605,-0.004717882,0.009266827,-0.04198805,0.018111043,-0.9962
1866.05990052,-0.015651926,-0.0057831462,0.008201562,-0.03490797,0.017622761,-1.008407
1866.064116,-0.015651926,-0.0057831462,0.008201562,-0.03490797,0.017622761,-1.008407
1866.06990085,-0.016717192,-0.0036526173,0.008201562,-0.037837658,0.016157918,-1.0010828
1866.0740789,-0.016717192,-0.0036526173,0.008201562,-0.037837658,0.016157918,-1.0010828
1866.07989994,-0.015651926,-0.004717882,0.008201562,-0.040523205,0.015669636,-0.99937385
1866.08396293,-0.015651926,-0.004717882,0.008201562,-0.040523205,0.015669636,-0.99937385
1866.08990232,-0.013521398,-0.0057831462,0.008201562,-0.036861096,0.020064168,-1.0045007
1866.09438701,-0.012456134,-0.0036526173,0.008201562,-0.036616955,0.018355183,-1.0037683
1866.09990156,-0.0113908695,-0.0036526173,0.0071362965,-0.037349377,0.017866902,-1.0035242
1866.10425238,-0.012456134,-0.004717882,0.008201562,-0.040034924,0.014937214,-1.0045007
1866.10990132,-0.013521398,-0.0036526173,0.0071362965,-0.040034924,0.014693073,-1.0008386
1866.11408206,-0.015651926,-0.004717882,0.009266827,-0.040034924,0.014693073,-1.0008386
1866.11990144,-0.02097825,-0.004717882,0.008201562,-0.04296461,0.01689034,-0.9983973
1866.12426438,-0.017782457,-0.0036526173,0.009266827,-0.040034924,0.018355183,-1.0047449
1866.12990133,-0.012456134,-0.0036526173,0.006071031,-0.0380818,0.019087605,-1.0071863
1866.1342711,-0.012456134,-0.0036526173,0.010332089,-0.03539625,0.01737862,-1.0042566
1866.13985902,-0.016717192,-0.0036526173,0.010332089,-0.037349377,0.013960651,-0.99937385
1866.14398681,-0.0113908695,-0.004717882,0.008201562,-0.03832594,0.016402058,-0.99644417
1866.14990116,-0.014586663,-0.004717882,0.008201562,-0.040767346,0.019331746,-1.0003504
1866.1542192,-0.015651926,-0.0057831462,0.009266827,-0.039790783,0.018355183,-1.0062097
1866.15968612,-0.01884772,-0.0057831462,0.008201562,-0.03832594,0.017622761,-1.006698
1866.16408853,-0.013521398,-0.0057831462,0.008201562,-0.035640392,0.01737862,-1.0040125
1866.16990158,-0.015651926,-0.0057831462,0.010332089,-0.040279064,0.015913777,-1.0023035
1866.174301,-0.013521398,-0.004717882,0.009266827,-0.041499767,0.014937214,-1.0008386
1866.17990437,-0.012456134,-0.0036526173,0.0071362965,-0.04198805,0.01689034,-0.9974207
1866.18418203,-0.012456134,-0.004717882,0.0071362965,-0.041011486,0.01737862,-0.9983973
1866.18989953,-0.013521398,-0.0057831462,0.010332089,-0.037349377,0.01737862,-1.0018152
1866.19400773,-0.015651926,-0.004717882,0.009266827,-0.036128674,0.019575886,-1.0059656
1866.1999007,-0.015651926,-0.004717882,0.008201562,-0.0380818,0.01737862,-1.0086511
1866.2042645,-0.012456134,-0.0025873529,0.008201562,-0.03832594,0.01689034,-1.00328
1866.20984206,-0.017782457,-0.004717882,0.011397354,-0.03832594,0.015425495,-0.9966883
1866.21410064,-0.013521398,-0.004717882,0.009266827,-0.040034924,0.014693073,-0.99815315
1866.21990208,-0.015651926,-0.004717882,0.008201562,-0.040034924,0.019575886,-1.0018152
1866.22409845,-0.012456134,-0.0057831462,0.010332089,-0.041499767,0.020308308,-1.0064539
1866.22990206,-0.012456134,-0.004717882,0.009266827,-0.039546642,0.01689034,-1.0037683
1866.234296,-0.014586663,-0.0036526173,0.010332089,-0.03832594,0.015913777,-1.0018152
1866.23986463,-0.014586663,-0.0025873529,0.008201562,-0.03832594,0.014448932,-1.0018152
1866.24390719,-0.0113908695,-0.0036526173,0.008201562,-0.037349377,0.016646199,-1.0001062
1866.24990002,-0.012456134,-0.0057831462,0.009266827,-0.040767346,0.018599324,-0.99937385
1866.25424974,-0.015651926,-0.004717882,0.009266827,-0.040767346,0.016646199,-1.0001062
1866.25984413,-0.016717192,-0.004717882,0.008201562,-0.035640392,0.020552449,-1.0030359
1866.26418676,-0.012456134,-0.004717882,0.009266827,-0.035884533,0.019087605,-1.0076746
1866.26963046,-0.014586663,-0.0057831462,0.008201562,-0.037349377,0.015913777,-1.006698
1866.27398426,-0.015651926,-0.0057831462,0.0071362965,-0.04198805,0.016646199,-0.999618
1866.27989915,-0.014586663,-0.0036526173,0.009266827,-0.04198805,0.014448932,-0.99400276
1866.28451164,-0.015651926,-0.004717882,0.009266827,-0.041743908,0.01689034,-0.9974207
1866.2896381,-0.0113908695,-0.0036526173,0.008201562,-0.03857008,0.019331746,-1.004989
1866.29410321,-0.009260341,-0.0036526173,0.010332089,-0.036372814,0.018355183,-1.0088953
1866.29990092,-0.0113908695,-0.0036526173,0.009266827,-0.03832594,0.018111043,-1.0052332
1866.30449827,-0.012456134,-0.004717882,0.010332089,-0.037349377,0.017866902,-1.0018152
1866.30990116,-0.015651926,-0.004717882,0.009266827,-0.037349377,0.018355183,-0.9988856
1866.31426132,-0.015651926,-0.004717882,0.008201562,-0.03832594,0.016157918,-1.0008386
1866.319811,-0.015651926,-0.0057831462,0.009266827,-0.03905836,0.01737862,-0.99937385
1866.32409126,-0.015651926,-0.0068484107,0.008201562,-0.040523205,0.020064168,-1.0010828
1866.3298103,-0.015651926,-0.004717882,0.010332089,-0.039546642,0.018843465,-1.0023035
1866.33405148,-0.014586663,-0.004717882,0.009266827,-0.03832594,0.016646199,-1.0076746
1866.33990116,-0.014586663,-0.0025873529,0.008201562,-0.03905836,0.015913777,-1.0052332
1866.34421225,-0.016717192,-0.0025873529,0.0071362965,-0.040034924,0.014448932,-0.997909
1866.34980219,-0.0113908695,-0.004717882,0.0071362965,-0.041011486,0.01689034,-0.9962
1866.35417538,-0.013521398,-0.0057831462,0.010332089,-0.041011486,0.018843465,-1.0003504
1866.35989992,-0.017782457,-0.004717882,0.009266827,-0.036861096,0.019087605,-1.006698
1866.36424062,-0.014586663,-0.0025873529,0.009266827,-0.035884533,0.018843465,-1.0076746
1866.36979548,-0.012456134,-0.0036526173,0.010332089,-0.036372814,0.01737862,-1.0040125
1866.37405644,-0.015651926,-0.0036526173,0.010332089,-0.039546642,0.016646199,-0.99937385
1866.3799003,-0.013521398,-0.0057831462,0.008201562,-0.040523205,0.015669636,-0.997909
1866.38434341,-0.014586663,-0.0036526173,0.008201562,-0.04272047,0.014937214,-1.0001062
1866.38990052,-0.016717192,-0.004717882,0.009266827,-0.040034924,0.018599324,-1.0018152
1866.39424311,-0.013521398,-0.0068484107,0.009266827,-0.0393025,0.019575886,-1.00328
1866.39970084,-0.015651926,-0.0036526173,0.009266827,-0.037837658,0.018355183,-1.0042566
1866.40396643,-0.016717192,-0.0025873529,0.009266827,-0.039790783,0.016402058,-1.0042566
1866.40990215,-0.013521398,-0.0025873529,0.009266827,-0.03881422,0.014448932,-1.0010828
1866.41455271,-0.016717192,-0.0036526173,0.009266827,-0.03905836,0.016646199,-0.9974207
1866.41976796,-0.01884772,-0.0036526173,0.0071362965,-0.03832594,0.020064168,-0.99693245
1866.42425628,-0.014586663,-0.0057831462,0.0071362965,-0.041011486,0.018111043,-1.0040125
1866.42975905,-0.013521398,-0.004717882,0.0071362965,-0.03832594,0.017866902,-1.0081629
1866.43390846,-0.014586663,-0.0036526173,0.010332089,-0.037837658,0.020064168,-1.004989
1866.43964953,-0.013521398,-0.0036526173,0.008201562,-0.03832594,0.015425495,-1.0001062
1866.44407491,-0.012456134,-0.004717882,0.008201562,-0.0393025,0.012007526,-0.997909
1866.4499021,-0.014586663,-0.0036526173,0.008201562,-0.04320875,0.01737862,-0.99986213
1866.45425132,-0.013521398,-0.0025873529,0.009266827,-0.04272047,0.020064168,-1.0027918
1866.45990363,-0.012456134,-0.004717882,0.009266827,-0.039546642,0.017622761,-1.0042566
1866.46427682,-0.013521398,-0.0036526173,0.009266827,-0.03441969,0.017866902,-1.0037683
1866.46986596,-0.0113908695,-0.004717882,0.009266827,-0.037349377,0.016157918,-1.0047449
1866.47411748,-0.014586663,-0.0036526173,0.009266827,-0.0393025,0.016402058,-1.0037683
1866.47985437,-0.015651926,-0.004717882,0.010332089,-0.0393025,0.01737862,-0.99937385
1866.48413837,-0.014586663,-0.004717882,0.008201562,-0.039546642,0.014693073,-0.9974207
1866.48990148,-0.016717192,-0.0057831462,0.008201562,-0.039546642,0.016402058,-0.9991297
1866.49425904,-0.016717192,-0.0057831462,0.009266827,-0.0393025,0.021529011,-1.0057214
1866.499903,-0.015651926,-0.004717882,0.010332089,-0.03905836,0.019575886,-1.0086511
1866.50401199,-0.014586663,-0.0036526173,0.008201562,-0.03881422,0.014204792,-1.0062097
1866.50990052,-0.014586663,-0.004717882,0.008201562,-0.036616955,0.014204792,-0.9988856
1866.51440779,-0.013521398,-0.004717882,0.0071362965,-0.03905836,0.01737862,-0.9959559
1866.51990095,-0.014586663,-0.0036526173,0.009266827,-0.0393025,0.019087605,-1.0008386
1866.52429789,-0.013521398,-0.004717882,0.008201562,-0.03905836,0.018843465,-1.0052332
1866.5299538,-0.014586663,-0.0036526173,0.009266827,-0.037349377,0.017866902,-1.0040125
1866.53407801,-0.014586663,-0.0036526173,0.008201562,-0.03490797,0.018355183,-1.0013269
1866.53990176,-0.015651926,-0.0057831462,0.010332089,-0.03832594,0.01737862,-1.0030359
1866.54403898,-0.012456134,-0.0036526173,0.010332089,-0.041011486,0.015669636,-1.0023035
1866.54990096,-0.0113908695,-0.0036526173,0.0071362965,-0.04198805,0.014937214,-1.0005945
1866.5541425,-0.010325605,-0.004717882,0.0071362965,-0.041499767,0.01737862,-0.99766487
1866.55990065,-0.012456134,-0.004717882,0.009266827,-0.037593517,0.019575886,-1.0027918
1866.56443536,-0.017782457,-0.0036526173,0.008201562,-0.035640392,0.019820027,-1.006698
1866.56990215,-0.017782457,-0.0036526173,0.010332089,-0.037593517,0.01347237,-1.0086511
1866.5742402,-0.015651926,-0.0025873529,0.008201562,-0.037837658,0.015913777,-1.0027918
1866.57990096,-0.014586663,-0.0036526173,0.009266827,-0.037105236,0.018843465,-0.9930262
1866.58418922,-0.012456134,-0.0057831462,0.009266827,-0.040279064,0.01737862,-0.9959559
1866.58978223,-0.014586663,-0.0057831462,0.009266827,-0.03857008,0.016646199,-1.0025476
1866.59409352,-0.013521398,-0.004717882,0.008201562,-0.040279064,0.019575886,-1.006698
1866.59982936,-0.013521398,-0.0057831462,0.010332089,-0.03441969,0.018843465,-1.0052332
1866.6039858,-0.014586663,-0.004717882,0.008201562,-0.0393025,0.016402058,-1.0025476
1866.60990142,-0.013521398,-0.004717882,0.008201562,-0.039546642,0.014448932,-1.0035242
1866.61399858,-0.015651926,-0.0057831462,0.008201562,-0.04272047,0.012739948,-1.0005945
1866.61990299,-0.015651926,-0.004717882,0.009266827,-0.037837658,0.019087605,-0.99986213
1866.62445879,-0.014586663,-0.004717882,0.010332089,-0.03905836,0.02104073,-0.9988856
1866.62980552,-0.015651926,-0.0068484107,0.008201562,-0.03539625,0.016646199,-1.0047449
1866.63418449,-0.016717192,-0.0036526173,0.011397354,-0.036861096,0.017866902,-1.0052332
1866.63990253,-0.012456134,-0.0036526173,0.010332089,-0.037105236,0.018355183,-1.0042566
1866.64404934,-0.012456134,-0.004717882,0.010332089,-0.03881422,0.014693073,-0.9983973
1866.64975726,-0.012456134,-0.0036526173,0.0071362965,-0.040034924,0.014204792,-0.99449104
1866.65409032,-0.015651926,-0.0036526173,0.010332089,-0.03832594,0.01737862,-0.9991297
1866.65977694,-0.015651926,-0.004717882,0.009266827,-0.044429455,0.01689034,-1.006698
1866.66390765,-0.015651926,-0.004717882,0.011397354,-0.03905836,0.018355183,-1.0088953
1866.66990119,-0.013521398,-0.0057831462,0.009266827,-0.0393025,0.018843465,-1.00328
1866.67435552,-0.012456134,-0.004717882,0.010332089,-0.035640392,0.014937214,-1.0020593
1866.67990025,-0.0113908695,-0.004717882,0.008201562,-0.039546642,0.0137165105,-0.99815315
1866.68425874,-0.009260341,-0.0036526173,0.0071362965,-0.037837658,0.018355183,-0.99986213
1866.68990217,-0.015651926,-0.0036526173,0.008201562,-0.04198805,0.019575886,-0.99864143
1866.69416846,-0.014586663,-0.0057831462,0.009266827,-0.035884533,0.018355183,-1.00328
1866.69983883,-0.013521398,-0.0057831462,0.009266827,-0.037837658,0.018355183,-1.0059656
1866.70408687,-0.013521398,-0.004717882,0.009266827,-0.037349377,0.014937214,-1.0091394
1866.70990128,-0.015651926,-0.0036526173,0.008201562,-0.04320875,0.016402058,-1.0052332
1866.71411655,-0.012456134,-0.0036526173,0.009266827,-0.04223219,0.014448932,-0.9966883
1866.71968596,-0.017782457,-0.0036526173,0.009266827,-0.0393025,0.014693073,-0.9983973
1866.72390705,-0.013521398,-0.0057831462,0.0071362965,-0.03832594,0.019087605,-1.0003504
1866.72991616,-0.016717192,-0.0036526173,0.008201562,-0.037593517,0.020064168,-1.0069422
1866.73439672,-0.013521398,-0.004717882,0.008201562,-0.037105236,0.018843465,-1.004989
1866.73990181,-0.013521398,-0.004717882,0.008201562,-0.036372814,0.015669636,-1.0013269
1866.74415866,-0.013521398,-0.004717882,0.009266827,-0.037837658,0.01347237,-1.0001062
1866.74983644,-0.013521398,-0.0057831462,0.011397354,-0.03905836,0.017866902,-1.0001062
1866.7540339,-0.014586663,-0.0036526173,0.010332089,-0.045406017,0.018843465,-1.0035242
1866.75990379,-0.014586663,-0.004717882,0.008201562,-0.041011486,0.01689034,-1.0037683
1866.7640818,-0.012456134,-0.0057831462,0.0071362965,-0.037349377,0.017866902,-1.0037683
1866.76990164,-0.013521398,-0.0036526173,0.009266827,-0.035884533,0.019820027,-1.0037683
1866.7745295,-0.017782457,-0.004717882,0.011397354,-0.03539625,0.018599324,-1.0052332
1866.7799002,-0.014586663,-0.004717882,0.009266827,-0.040034924,0.014448932,-0.99986213
1866.78439078,-0.013521398,-0.004717882,0.009266827,-0.03857008,0.015913777,-0.9954676
1866.78981584,-0.014586663,-0.004717882,0.006071031,-0.040523205,0.020552449,-0.9966883
1866.7939511,-0.013521398,-0.0057831462,0.010332089,-0.040279064,0.020064168,-1.0052332
1866.79990128,-0.016717192,-0.0036526173,0.009266827,-0.0393025,0.017622761,-1.0091394
1866.80401311,-0.015651926,-0.0036526173,0.009266827,-0.03881422,0.016402058,-1.0057214
1866.80990002,-0.014586663,-0.0025873529,0.010332089,-0.039546642,0.014937214,-1.0008386
1866.8143268,-0.012456134,-0.0036526173,0.0071362965,-0.037105236,0.016157918,-0.9966883
1866.81990124,-0.012456134,-0.004717882,0.008201562,-0.039546642,0.016157918,-1.0003504
1866.82404885,-0.01884772,-0.0036526173,0.008201562,-0.040523205,0.018843465,-1.0030359
1866.8299006,-0.015651926,-0.004717882,0.009266827,-0.036616955,0.020552449,-1.0045007
1866.8344795,-0.014586663,-0.0036526173,0.009266827,-0.036616955,0.019087605,-1.0025476
1866.83990512,-0.013521398,-0.0036526173,0.009266827,-0.036128674,0.01737862,-1.0057214
1866.84421915,-0.013521398,-0.0068484107,0.0071362965,-0.04198805,0.016402058,-1.0035242
1866.84980553,-0.014586663,-0.004717882,0.008201562,-0.040523205,0.015913777,-0.9991297
1866.85397371,-0.016717192,-0.004717882,0.009266827,-0.04198805,0.016157918,-0.99693245
1866.85990247,-0.013521398,-0.0068484107,0.010332089,-0.037349377,0.018843465,-1.0003504
1866.86405742,-0.0113908695,-0.0057831462,0.009266827,-0.03832594,0.019087605,-1.006698
1866.86978862,-0.013521398,-0.0057831462,0.008201562,-0.036861096,0.018843465,-1.0086511
1866.87390699,-0.012456134,-0.004717882,0.010332089,-0.04223219,0.015913777,-1.0037683
1866.87990128,-0.014586663,-0.004717882,0.009266827,-0.037837658,0.01737862,-0.99522346
1866.88457915,-0.014586663,-0.004717882,0.009266827,-0.037837658,0.01737862,-0.99522346
1866.88990076,-0.013521398,-0.0057831462,0.009266827,-0.040767346,0.018111043,-1.0042566
1866.89412829,-0.013521398,-0.0057831462,0.009266827,-0.040767346,0.018111043,-1.0042566
1866.89990235,-0.015651926,-0.0025873529,0.009266827,-0.037837658,0.019087605,-1.0042566
1866.90419202,-0.015651926,-0.0025873529,0.009266827,-0.037837658,0.019087605,-1.0042566
1866.90961825,-0.0113908695,-0.004717882,0.009266827,-0.0380818,0.014937214,-1.0057214
1866.91397776,-0.009260341,-0.004717882,0.008201562,-0.040279064,0.012984089,-1.0025476
1866.91990282,-0.015651926,-0.004717882,0.009266827,-0.040767346,0.018599324,-0.997909
1866.92400806,-0.015651926,-0.004717882,0.009266827,-0.040767346,0.018599324,-0.997909
1866.92977215,-0.013521398,-0.004717882,0.008201562,-0.032710705,0.018599324,-1.0076746
1866.9341382,-0.013521398,-0.004717882,0.008201562,-0.032710705,0.018599324,-1.0076746
1866.93990428,-0.015651926,-0.004717882,0.010332089,-0.0380818,0.015913777,-1.0005945
1866.94427664,-0.015651926,-0.004717882,0.010332089,-0.0380818,0.015913777,-1.0005945
1866.94990442,-0.015651926,-0.0036526173,0.008201562,-0.04247633,0.01689034,-0.99937385
1866.95414387,-0.015651926,-0.0036526173,0.008201562,-0.04247633,0.01689034,-0.99937385
1866.9598414,-0.014586663,-0.0057831462,0.008201562,-0.039790783,0.019087605,-1.0076746
1866.96415997,-0.014586663,-0.0057831462,0.008201562,-0.039790783,0.019087605,-1.0076746
1866.9699023,-0.012456134,-0.0036526173,0.008201562,-0.037349377,0.01737862,-1.0018152
1866.97397176,-0.012456134,-0.0036526173,0.008201562,-0.037349377,0.01737862,-1.0018152
1866.97990229,-0.014586663,-0.004717882,0.009266827,-0.03857008,0.014937214,-0.9991297
1866.98453312,-0.015651926,-0.0036526173,0.008201562,-0.03881422,0.017866902,-0.9974207
1866.98990044,-0.015651926,-0.0057831462,0.009266827,-0.041743908,0.019575886,-0.99986213
1866.99406148,-0.015651926,-0.0057831462,0.009266827,-0.041743908,0.019575886,-0.99986213
1866.9999016,-0.015651926,-0.004717882,0.008201562,-0.040523205,0.017622761,-1.0086511
1867.00419564,-0.016717192,-0.0036526173,0.009266827,-0.040523205,0.017622761,-1.0086511
1867.00990064,-0.012456134,-0.004717882,0.009266827,-0.039546642,0.016402058,-0.997909
1867.01408132,-0.012456134,-0.004717882,0.009266827,-0.039546642,0.016402058,-0.997909
1867.01990068,-0.013521398,-0.004717882,0.008201562,-0.039546642,0.014448932,-1.0010828
1867.02429299,-0.015651926,-0.004717882,0.009266827,-0.03881422,0.018599324,-1.0052332
1867.02990196,-0.015651926,-0.004717882,0.008201562,-0.036861096,0.019820027,-1.0052332
1867.03400164,-0.015651926,-0.004717882,0.008201562,-0.036861096,0.019820027,-1.0052332
1867.03990111,-0.014586663,-0.004717882,0.011397354,-0.0393025,0.016157918,-1.0023035
1867.04407062,-0.014586663,-0.0036526173,0.009266827,-0.039546642,0.015913777,-1.0008386
1867.04990134,-0.014586663,-0.0036526173,0.010332089,-0.040279064,0.01689034,-1.0018152
1867.05425032,-0.015651926,-0.004717882,0.0071362965,-0.040034924,0.017866902,-0.9983973
1867.0599027,-0.014586663,-0.0036526173,0.008201562,-0.03857008,0.018843465,-1.0020593
1867.06413052,-0.015651926,-0.0057831462,0.010332089,-0.0380818,0.018355183,-1.0057214
1867.06990165,-0.014586663,-0.004717882,0.008201562,-0.037593517,0.017866902,-1.0081629
1867.07404729,-0.014586663,-0.0036526173,0.008201562,-0.039546642,0.015913777,-1.0042566
1867.07990092,-0.014586663,-0.0036526173,0.008201562,-0.039546642,0.014937214,-0.9971766
1867.08399234,-0.017782457,-0.004717882,0.009266827,-0.041011486,0.018111043,-0.9959559
1867.08991256,-0.013521398,-0.0057831462,0.009266827,-0.039790783,0.020064168,-1.0003504
1867.09441628,-0.013521398,-0.0057831462,0.0071362965,-0.037837658,0.01737862,-1.008407
1867.09990373,-0.014586663,-0.0057831462,0.010332089,-0.03539625,0.01689034,-1.0069422
1867.10427584,-0.01884772,-0.0036526173,0.011397354,-0.03881422,0.017866902,-1.0018152
1867.10981934,-0.012456134,-0.004717882,0.006071031,-0.039546642,0.015425495,-1.0003504
1867.11409911,-0.013521398,-0.0036526173,0.009266827,-0.04247633,0.015425495,-1.0003504
1867.11960925,-0.0113908695,-0.004717882,0.008201562,-0.041499767,0.015913777,-1.0008386
1867.12404601,-0.012456134,-0.004717882,0.009266827,-0.039546642,0.020064168,-1.0023035
1867.1299008,-0.013521398,-0.004717882,0.011397354,-0.037593517,0.019331746,-1.0013269
1867.13404855,-0.013521398,-0.0057831462,0.009266827,-0.03539625,0.015181354,-1.0054773
1867.13983775,-0.014586663,-0.004717882,0.009266827,-0.036372814,0.016157918,-1.0054773
1867.14390729,-0.014586663,-0.0057831462,0.009266827,-0.037593517,0.018355183,-1.0001062
1867.14991658,-0.012456134,-0.004717882,0.0071362965,-0.041011486,0.017622761,-0.99571174
1867.15437536,-0.014586663,-0.0036526173,0.008201562,-0.04272047,0.015913777,-0.9988856
1867.15979339,-0.015651926,-0.004717882,0.009266827,-0.040279064,0.01689034,-1.0062097
1867.16407902,-0.014586663,-0.004717882,0.009266827,-0.037837658,0.020308308,-1.0088953
1867.16990335,-0.014586663,-0.0036526173,0.010332089,-0.037349377,0.018843465,-1.0037683
1867.17431408,-0.015651926,-0.004717882,0.009266827,-0.03881422,0.0117633855,-1.0008386
1867.17990183,-0.017782457,-0.0025873529,0.009266827,-0.040523205,0.014937214,-0.9971766
1867.1841794,-0.016717192,-0.0036526173,0.009266827,-0.041011486,0.019331746,-0.99937385
1867.18975356,-0.012456134,-0.004717882,0.008201562,-0.039546642,0.019087605,-1.0020593
1867.19390793,-0.016717192,-0.004717882,0.009266827,-0.037593517,0.01737862,-1.0040125
1867.19990176,-0.015651926,-0.004717882,0.010332089,-0.036372814,0.018111043,-1.0047449
1867.20416844,-0.014586663,-0.0025873529,0.009266827,-0.03832594,0.018355183,-1.006698
1867.2099022,-0.013521398,-0.0025873529,0.009266827,-0.03881422,0.016157918,-1.0040125
1867.21430248,-0.015651926,-0.004717882,0.009266827,-0.040279064,0.013960651,-0.997909
1867.219859,-0.015651926,-0.0025873529,0.009266827,-0.041011486,0.014693073,-0.9962
1867.22419252,-0.014586663,-0.0036526173,0.008201562,-0.03905836,0.020308308,-1.0001062
1867.22966068,-0.014586663,-0.0036526173,0.009266827,-0.03832594,0.019820027,-1.0062097
1867.23411384,-0.015651926,-0.004717882,0.009266827,-0.037349377,0.018355183,-1.006698
1867.23990084,-0.014586663,-0.0036526173,0.011397354,-0.03857008,0.014937214,-1.0042566
1867.24433383,-0.014586663,-0.0025873529,0.009266827,-0.039790783,0.014448932,-0.99815315
1867.24973707,-0.014586663,-0.0025873529,0.0071362965,-0.0380818,0.019087605,-0.99815315
1867.25405939,-0.010325605,-0.0068484107,0.008201562,-0.04198805,0.019331746,-1.0010828
1867.25990306,-0.014586663,-0.004717882,0.009266827,-0.036372814,0.016402058,-1.0045007
1867.26424612,-0.017782457,-0.0036526173,0.0071362965,-0.03832594,0.018355183,-1.0037683
1867.26972412,-0.016717192,-0.0057831462,0.009266827,-0.036372814,0.020552449,-1.0030359
1867.27402733,-0.013521398,-0.004717882,0.010332089,-0.041011486,0.015913777,-1.0040125
1867.27990052,-0.014586663,-0.0025873529,0.008201562,-0.040523205,0.012495807,-1.0013269
1867.28437986,-0.015651926,-0.004717882,0.008201562,-0.041011486,0.015425495,-0.9983973
1867.28990438,-0.015651926,-0.0057831462,0.008201562,-0.03881422,0.02079659,-0.99766487
1867.2939983,-0.016717192,-0.004717882,0.010332089,-0.040034924,0.021529011,-1.0027918
1867.29990173,-0.0113908695,-0.004717882,0.009266827,-0.03490797,0.01689034,-1.0069422
1867.30417148,-0.017782457,-0.0036526173,0.009266827,-0.037105236,0.016402058,-1.006698
1867.30990128,-0.017782457,-0.004717882,0.009266827,-0.037349377,0.017622761,-1.0020593
1867.31426826,-0.014586663,-0.004717882,0.011397354,-0.0393025,0.016646199,-0.9974207
1867.31982975,-0.013521398,-0.004717882,0.010332089,-0.041743908,0.016646199,-1.0001062
1867.32404198,-0.017782457,-0.0036526173,0.008201562,-0.04247633,0.016402058,-1.0027918
1867.32980387,-0.016717192,-0.004717882,0.008201562,-0.037593517,0.020064168,-1.0047449
1867.3341371,-0.014586663,-0.0057831462,0.009266827,-0.036372814,0.020064168,-1.0020593
1867.33990334,-0.015651926,-0.004717882,0.011397354,-0.036861096,0.015181354,-1.00328
1867.34407569,-0.014586663,-0.004717882,0.009266827,-0.040523205,0.012984089,-1.0035242
1867.34990233,-0.013521398,-0.004717882,0.008201562,-0.040523205,0.01737862,-0.99986213
1867.35412717,-0.013521398,-0.004717882,0.011397354,-0.03832594,0.020308308,-0.9988856
1867.35990208,-0.013521398,-0.0068484107,0.008201562,-0.03881422,0.017866902,-1.0025476
1867.36424464,-0.012456134,-0.0057831462,0.0071362965,-0.03832594,0.016402058,-1.006698
1867.36983142,-0.016717192,-0.004717882,0.008201562,-0.03832594,0.017622761,-1.008407
1867.37415352,-0.015651926,-0.0036526173,0.009266827,-0.040034924,0.018111043,-1.0025476
1867.37990221,-0.012456134,-0.004717882,0.008201562,-0.03832594,0.014448932,-0.9974207
1867.3840124,-0.014586663,-0.0057831462,0.011397354,-0.03881422,0.013228229,-0.9954676
1867.38990275,-0.013521398,-0.0057831462,0.010332089,-0.040767346,0.01737862,-0.99986213
1867.39428139,-0.013521398,-0.004717882,0.009266827,-0.040034924,0.02104073,-1.0057214
1867.39990212,-0.012456134,-0.0057831462,0.008201562,-0.03857008,0.019575886,-1.006698
1867.40403716,-0.014586663,-0.004717882,0.009266827,-0.036128674,0.0137165105,-1.004989
1867.40990133,-0.015651926,-0.004717882,0.009266827,-0.039546642,0.014448932,-1.0040125
1867.41438835,-0.013521398,-0.004717882,0.009266827,-0.037837658,0.019331746,-1.0005945
1867.41990448,-0.0113908695,-0.0057831462,0.009266827,-0.041499767,0.017622761,-0.99937385
1867.4242885,-0.012456134,-0.004717882,0.008201562,-0.041499767,0.01347237,-0.9983973
1867.42986501,-0.014586663,-0.0036526173,0.009266827,-0.041011486,0.01737862,-1.0030359
1867.43391299,-0.015651926,-0.0036526173,0.008201562,-0.03417555,0.022505574,-1.004989
1867.43975664,-0.014586663,-0.004717882,0.009266827,-0.037837658,0.018111043,-1.0071863
1867.44403998,-0.014586663,-0.004717882,0.009266827,-0.03881422,0.012984089,-1.0037683
1867.4499018,-0.016717192,-0.004717882,0.010332089,-0.040523205,0.015913777,-0.9959559
1867.45418357,-0.014586663,-0.0036526173,0.008201562,-0.039790783,0.018599324,-0.997909
1867.45990209,-0.012456134,-0.0036526173,0.011397354,-0.0380818,0.020064168,-1.0037683
1867.46419472,-0.012456134,-0.0057831462,0.009266827,-0.03832594,0.016646199,-1.0076746
1867.46990274,-0.013521398,-0.0057831462,0.009266827,-0.03881422,0.015181354,-1.0047449
1867.47422537,-0.013521398,-0.0036526173,0.008201562,-0.0393025,0.018111043,-1.0001062
1867.47990132,-0.015651926,-0.0036526173,0.011397354,-0.0393025,0.01737862,-0.9983973
1867.48412884,-0.013521398,-0.0036526173,0.009266827,-0.040523205,0.01347237,-1.0010828
1867.48990242,-0.013521398,-0.004717882,0.008201562,-0.040034924,0.015913777,-1.0013269
1867.494281,-0.014586663,-0.0036526173,0.008201562,-0.041499767,0.020552449,-1.0018152
1867.499914,-0.012456134,-0.004717882,0.009266827,-0.036372814,0.020552449,-1.0037683
1867.50426964,-0.015651926,-0.0036526173,0.009266827,-0.037105236,0.01689034,-1.0076746
1867.50984139,-0.015651926,-0.0025873529,0.009266827,-0.035884533,0.015913777,-1.0057214
1867.51394217,-0.015651926,-0.004717882,0.010332089,-0.03905836,0.016646199,-0.99937385
1867.51990202,-0.015651926,-0.0036526173,0.009266827,-0.040034924,0.01737862,-0.9971766
1867.52440349,-0.008195076,-0.004717882,0.0071362965,-0.041743908,0.018355183,-0.99864143
1867.52983487,-0.013521398,-0.0025873529,0.008201562,-0.039790783,0.01713448,-1.0057214
1867.53418052,-0.017782457,-0.0036526173,0.009266827,-0.0380818,0.019820027,-1.0062097
1867.53990221,-0.012456134,-0.0025873529,0.010332089,-0.037349377,0.018843465,-1.0023035
1867.54403664,-0.016717192,-0.0036526173,0.009266827,-0.0393025,0.012739948,-1.0008386
1867.54976742,-0.016717192,-0.0036526173,0.0071362965,-0.040279064,0.013960651,-0.999618
1867.55404584,-0.015651926,-0.0036526173,0.008201562,-0.040523205,0.02104073,-1.0013269
1867.55990308,-0.013521398,-0.0057831462,0.008201562,-0.039546642,0.021529011,-1.0018152
1867.56420405,-0.013521398,-0.0068484107,0.009266827,-0.037105236,0.01689034,-1.0045007
1867.56991484,-0.013521398,-0.004717882,0.009266827,-0.035640392,0.01689034,-1.0045007
1867.57431339,-0.014586663,-0.004717882,0.009266827,-0.036861096,0.017622761,-1.0052332
1867.57990289,-0.016717192,-0.0025873529,0.009266827,-0.03905836,0.016402058,-1.0027918
1867.58411696,-0.013521398,-0.0036526173,0.009266827,-0.041499767,0.01347237,-0.9974207
1867.58966343,-0.014586663,-0.004717882,0.009266827,-0.041499767,0.016402058,-0.99693245
1867.5940646,-0.014586663,-0.004717882,0.009266827,-0.039546642,0.019575886,-1.0013269
1867.599902,-0.013521398,-0.004717882,0.009266827,-0.0380818,0.019087605,-1.008407
1867.60421552,-0.016717192,-0.0015220884,0.008201562,-0.036128674,0.01737862,-1.0081629
1867.609905,-0.013521398,-0.0036526173,0.008201562,-0.036372814,0.01737862,-1.0027918
1867.61408252,-0.014586663,-0.004717882,0.009266827,-0.037349377,0.015913777,-0.9991297
1867.61990302,-0.014586663,-0.0036526173,0.008201562,-0.0393025,0.017622761,-0.997909
1867.6243866,-0.012456134,-0.0057831462,0.0071362965,-0.040523205,0.018599324,-1.0013269
1867.62990201,-0.014586663,-0.004717882,0.009266827,-0.040279064,0.018111043,-1.0042566
1867.63429222,-0.017782457,-0.0036526173,0.011397354,-0.03832594,0.019575886,-1.00328
1867.63979442,-0.014586663,-0.0036526173,0.009266827,-0.03832594,0.018355183,-1.0040125
1867.6440877,-0.015651926,-0.0025873529,0.009266827,-0.040034924,0.014448932,-1.0052332
1867.64977584,-0.015651926,-0.0036526173,0.0071362965,-0.0380818,0.014937214,-1.0010828
1867.65401291,-0.013521398,-0.0036526173,0.008201562,-0.041499767,0.015425495,-0.9971766
1867.65990148,-0.014586663,-0.004717882,0.011397354,-0.039546642,0.018843465,-0.99864143
1867.66416798,-0.015651926,-0.004717882,0.010332089,-0.041011486,0.019575886,-1.0047449
1867.66990248,-0.013521398,-0.0036526173,0.008201562,-0.03490797,0.01713448,-1.0091394
1867.67453192,-0.014586663,-0.004717882,0.009266827,-0.037349377,0.01689034,-1.0037683
1867.67990202,-0.015651926,-0.004717882,0.008201562,-0.036861096,0.015669636,-0.9988856
1867.68430702,-0.012456134,-0.0057831462,0.008201562,-0.041255627,0.01737862,-0.9935145
1867.68980144,-0.012456134,-0.0036526173,0.0071362965,-0.041255627,0.016157918,-1.0003504
1867.69408064,-0.014586663,-0.004717882,0.010332089,-0.04247633,0.014448932,-1.0042566
1867.6999022,-0.015651926,-0.0036526173,0.009266827,-0.037837658,0.019087605,-1.0059656
1867.70404116,-0.017782457,-0.004717882,0.011397354,-0.037349377,0.021529011,-1.0023035
1867.70990128,-0.014586663,-0.0036526173,0.0071362965,-0.037837658,0.016646199,-1.0045007
1867.71436347,-0.014586663,-0.0036526173,0.009266827,-0.0393025,0.013960651,-1.0037683
1867.71963187,-0.012456134,-0.0036526173,0.0071362965,-0.037837658,0.016157918,-0.99815315
1867.72404872,-0.013521398,-0.0057831462,0.010332089,-0.0393025,0.018599324,-0.9974207
1867.72990144,-0.014586663,-0.0057831462,0.008201562,-0.039546642,0.017866902,-1.0008386
1867.7345052,-0.012456134,-0.0057831462,0.009266827,-0.037837658,0.016402058,-1.0076746
1867.7399068,-0.010325605,-0.0057831462,0.006071031,-0.03881422,0.01737862,-1.0081629
1867.74429494,-0.0113908695,-0.004717882,0.010332089,-0.03905836,0.016402058,-1.0027918
1867.74985805,-0.009260341,-0.0057831462,0.009266827,-0.0393025,0.014448932,-0.9959559
1867.75399327,-0.014586663,-0.004717882,0.008201562,-0.039790783,0.014448932,-0.9974207
1867.75990357,-0.015651926,-0.0025873529,0.008201562,-0.04198805,0.019087605,-1.0027918
1867.76423724,-0.013521398,-0.004717882,0.010332089,-0.03857008,0.02104073,-1.0069422
1867.76970036,-0.015651926,-0.0025873529,0.011397354,-0.03881422,0.018355183,-1.0047449
1867.773909,-0.013521398,-0.0025873529,0.0071362965,-0.033931408,0.016402058,-1.0027918
1867.77990174,-0.014586663,-0.0036526173,0.008201562,-0.037837658,0.01689034,-1.0008386
1867.78444885,-0.016717192,-0.004717882,0.010332089,-0.037593517,0.016646199,-0.99986213
1867.78982748,-0.015651926,-0.004717882,0.010332089,-0.04247633,0.015669636,-0.9988856
1867.7941402,-0.012456134,-0.0057831462,0.009266827,-0.039546642,0.015913777,-0.9991297
1867.79990176,-0.014586663,-0.0068484107,0.0071362965,-0.035884533,0.020064168,-1.0062097
1867.80397425,-0.014586663,-0.0068484107,0.0071362965,-0.035884533,0.020064168,-1.0062097
1867.80990249,-0.015651926,-0.0025873529,0.008201562,-0.040523205,0.015669636,-1.0020593
1867.81399325,-0.015651926,-0.0025873529,0.008201562,-0.040523205,0.015669636,-1.0020593
1867.81990298,-0.015651926,-0.0036526173,0.009266827,-0.040523205,0.01737862,-0.99864143
1867.82401148,-0.015651926,-0.0036526173,0.009266827,-0.040523205,0.01737862,-0.99864143
1867.82972796,-0.013521398,-0.004717882,0.0071362965,-0.03832594,0.017866902,-1.0059656
1867.83390907,-0.013521398,-0.004717882,0.0071362965,-0.03832594,0.017866902,-1.0059656
1867.83990266,-0.014586663,-0.004717882,0.010332089,-0.035884533,0.016157918,-1.001571
1867.84437965,-0.014586663,-0.004717882,0.010332089,-0.035884533,0.016157918,-1.001571
1867.84990517,-0.0113908695,-0.004717882,0.009266827,-0.041011486,0.015425495,-1.0018152
1867.8541468,-0.0113908695,-0.004717882,0.009266827,-0.041011486,0.015425495,-1.0018152
1867.85990412,-0.015651926,-0.0036526173,0.008201562,-0.041743908,0.020308308,-1.0027918
1867.86401616,-0.015651926,-0.0036526173,0.008201562,-0.041743908,0.020308308,-1.0027918
1867.86990316,-0.013521398,-0.004717882,0.009266827,-0.033931408,0.018111043,-1.006698
1867.87405664,-0.013521398,-0.004717882,0.009266827,-0.033931408,0.018111043,-1.006698
1867.87990132,-0.013521398,-0.0057831462,0.008201562,-0.037837658,0.014693073,-0.9966883
1867.88452616,-0.017782457,-0.0036526173,0.0071362965,-0.041499767,0.01737862,-0.9959559
1867.88990164,-0.012456134,-0.0036526173,0.008201562,-0.040034924,0.019331746,-0.99937385
1867.89424532,-0.012456134,-0.0036526173,0.008201562,-0.040034924,0.019331746,-0.99937385
1867.8999018,-0.012456134,-0.0057831462,0.009266827,-0.039790783,0.017622761,-1.006698
1867.90419214,-0.012456134,-0.0057831462,0.009266827,-0.039790783,0.017622761,-1.006698
1867.90990703,-0.012456134,-0.0036526173,0.008201562,-0.041743908,0.014937214,-1.0003504
1867.91410069,-0.012456134,-0.0036526173,0.008201562,-0.041743908,0.014937214,-1.0003504
1867.91990181,-0.013521398,-0.004717882,0.010332089,-0.039790783,0.017622761,-1.0008386
1867.92432562,-0.012456134,-0.004717882,0.009266827,-0.040279064,0.017866902,-1.0005945
1867.92990306,-0.0113908695,-0.0057831462,0.010332089,-0.037837658,0.018355183,-1.0020593
1867.93398203,-0.0113908695,-0.0057831462,0.010332089,-0.037837658,0.018355183,-1.0020593
1867.93990341,-0.014586663,-0.004717882,0.010332089,-0.03905836,0.016157918,-1.006698
1867.94444201,-0.013521398,-0.004717882,0.009266827,-0.03881422,0.015913777,-1.0027918
1867.94990247,-0.013521398,-0.004717882,0.008201562,-0.04198805,0.01689034,-0.9959559
1867.95421302,-0.013521398,-0.0057831462,0.009266827,-0.041499767,0.016402058,-0.99644417
1867.95990404,-0.014586663,-0.004717882,0.009266827,-0.041011486,0.017866902,-1.0027918
1867.96406942,-0.013521398,-0.004717882,0.009266827,-0.041011486,0.018843465,-1.0086511
1867.96990465,-0.016717192,-0.0036526173,0.009266827,-0.03832594,0.01689034,-1.0062097
1867.9740916,-0.015651926,-0.0025873529,0.009266827,-0.037105236,0.015913777,-1.0003504
1867.9799039,-0.016717192,-0.0036526173,0.008201562,-0.036861096,0.016157918,-0.9966883
1867.98391014,-0.014586663,-0.004717882,0.008201562,-0.040034924,0.016646199,-0.9991297
1867.98990253,-0.016717192,-0.0025873529,0.009266827,-0.04247633,0.01737862,-1.0037683
1867.99428108,-0.013521398,-0.004717882,0.008201562,-0.040523205,0.018599324,-1.0057214
1867.99990185,-0.015651926,-0.0036526173,0.010332089,-0.037105236,0.019575886,-1.0035242
1868.0042882,-0.016717192,-0.004717882,0.010332089,-0.03832594,0.017866902,-1.0035242
1868.00984946,-0.013521398,-0.004717882,0.009266827,-0.03832594,0.014204792,-1.0052332
1868.0140389,-0.017782457,-0.0036526173,0.009266827,-0.040279064,0.015425495,-0.99937385
1868.01971295,-0.015651926,-0.004717882,0.008201562,-0.040034924,0.016157918,-0.99693245
1868.02404472,-0.015651926,-0.004717882,0.010332089,-0.040523205,0.020552449,-0.9983973
1868.02990336,-0.014586663,-0.0036526173,0.009266827,-0.03857008,0.020064168,-1.0035242
1868.03408475,-0.016717192,-0.0036526173,0.009266827,-0.0393025,0.016402058,-1.0071863
1868.03965516,-0.016717192,-0.0015220884,0.008201562,-0.03490797,0.017866902,-1.00328
1868.0440386,-0.010325605,-0.0057831462,0.008201562,-0.03832594,0.016402058,-0.99815315
1868.04990299,-0.014586663,-0.0057831462,0.008201562,-0.03881422,0.013960651,-0.9974207
1868.05438763,-0.012456134,-0.0057831462,0.009266827,-0.04320875,0.018599324,-1.0027918
1868.05990304,-0.013521398,-0.0036526173,0.008201562,-0.041255627,0.019087605,-1.0069422
1868.06413981,-0.017782457,-0.0036526173,0.010332089,-0.03539625,0.018355183,-1.0052332
1868.06984228,-0.016717192,-0.004717882,0.009266827,-0.033443127,0.019331746,-1.0025476
1868.0741428,-0.013521398,-0.004717882,0.009266827,-0.037349377,0.016402058,-1.0035242
1868.07990263,-0.015651926,-0.004717882,0.008201562,-0.041255627,0.015425495,-1.0018152
1868.08410752,-0.013521398,-0.004717882,0.009266827,-0.041743908,0.018843465,-0.99766487
1868.08990213,-0.0071298117,-0.0025873529,0.0071362965,-0.041011486,0.018843465,-0.99693245
1868.09448426,-0.010325605,-0.0057831462,0.009266827,-0.036372814,0.01737862,-1.0023035
1868.09990361,-0.015651926,-0.0057831462,0.011397354,-0.037837658,0.017866902,-1.0086511
1868.10439755,-0.015651926,-0.0057831462,0.0071362965,-0.03857008,0.018111043,-1.0081629
1868.10990316,-0.013521398,-0.0036526173,0.008201562,-0.040523205,0.017622761,-1.0025476
1868.1141411,-0.014586663,-0.0036526173,0.010332089,-0.0380818,0.016157918,-0.99644417
1868.11984841,-0.0113908695,-0.0036526173,0.0071362965,-0.037837658,0.015425495,-0.99693245
1868.12414112,-0.014586663,-0.0036526173,0.008201562,-0.03881422,0.019087605,-1.0008386
1868.12990432,-0.013521398,-0.0057831462,0.009266827,-0.040034924,0.020552449,-1.0047449
1868.13430888,-0.012456134,-0.004717882,0.009266827,-0.03881422,0.020064168,-1.0042566
1868.13990334,-0.015651926,-0.0036526173,0.009266827,-0.037593517,0.014937214,-1.0047449
1868.14410095,-0.013521398,-0.004717882,0.008201562,-0.036372814,0.01347237,-1.0037683
1868.14990307,-0.015651926,-0.0057831462,0.011397354,-0.037837658,0.017866902,-1.0010828
1868.15408688,-0.010325605,-0.004717882,0.010332089,-0.0393025,0.01737862,-0.9983973
1868.15990224,-0.0113908695,-0.004717882,0.009266827,-0.04296461,0.01713448,-0.9983973
1868.16431452,-0.015651926,-0.004717882,0.009266827,-0.03881422,0.019575886,-1.0027918
1868.16977584,-0.013521398,-0.004717882,0.009266827,-0.03539625,0.018599324,-1.0076746
1868.17405419,-0.010325605,-0.004717882,0.0071362965,-0.036861096,0.01689034,-1.0069422
1868.17990351,-0.013521398,-0.004717882,0.009266827,-0.039790783,0.013960651,-1.0003504
1868.18442233,-0.0113908695,-0.004717882,0.008201562,-0.041255627,0.015425495,-0.9949793
1868.18955948,-0.013521398,-0.0036526173,0.009266827,-0.039546642,0.018111043,-0.99815315
1868.19399285,-0.014586663,-0.0057831462,0.008201562,-0.03832594,0.018355183,-1.0042566
1868.19990344,-0.0113908695,-0.0068484107,0.009266827,-0.037349377,0.017622761,-1.006698
1868.20435763,-0.017782457,-0.004717882,0.010332089,-0.040034924,0.01737862,-1.0052332
1868.20982659,-0.014586663,-0.0057831462,0.008201562,-0.041255627,0.01689034,-1.0013269
1868.21415748,-0.015651926,-0.0015220884,0.008201562,-0.040034924,0.015425495,-1.0005945
1868.21990276,-0.014586663,-0.0025873529,0.008201562,-0.0380818,0.014937214,-1.0008386
1868.22400773,-0.012456134,-0.0057831462,0.011397354,-0.03832594,0.016157918,-0.99986213
1868.22976817,-0.015651926,-0.004717882,0.011397354,-0.0393025,0.02104073,-1.0008386
1868.23404441,-0.013521398,-0.0036526173,0.008201562,-0.037837658,0.019087605,-1.0052332
1868.23990236,-0.012456134,-0.004717882,0.008201562,-0.036372814,0.015181354,-1.0081629
1868.24401116,-0.016717192,-0.0036526173,0.008201562,-0.036861096,0.015181354,-1.0057214
1868.24990355,-0.017782457,-0.0057831462,0.010332089,-0.03832594,0.018355183,-0.9974207
1868.2539881,-0.012456134,-0.0057831462,0.010332089,-0.041499767,0.017622761,-0.99644417
1868.25990364,-0.014586663,-0.004717882,0.008201562,-0.043452892,0.016646199,-1.0003504
1868.26435314,-0.017782457,-0.004717882,0.009266827,-0.03905836,0.018111043,-1.0081629
1868.2697673,-0.013521398,-0.004717882,0.010332089,-0.03881422,0.019820027,-1.0057214
1868.27410412,-0.016717192,-0.0036526173,0.010332089,-0.036372814,0.016646199,-1.0023035
1868.27990569,-0.017782457,-0.0025873529,0.011397354,-0.040279064,0.014937214,-0.99986213
1868.28433874,-0.013521398,-0.0036526173,0.008201562,-0.040034924,0.01347237,-0.9991297
1868.28990338,-0.013521398,-0.0036526173,0.0071362965,-0.039546642,0.019087605,-1.0005945
1868.29406148,-0.013521398,-0.004717882,0.010332089,-0.036861096,0.022261433,-1.0013269
1868.29984994,-0.014586663,-0.0068484107,0.009266827,-0.035884533,0.01737862,-1.0042566
1868.30391134,-0.014586663,-0.0057831462,0.009266827,-0.037105236,0.018599324,-1.006698
1868.30990233,-0.013521398,-0.004717882,0.010332089,-0.039546642,0.019575886,-1.0062097
1868.31416363,-0.015651926,-0.0036526173,0.009266827,-0.040767346,0.014937214,-1.0025476
1868.31990304,-0.016717192,-0.0025873529,0.009266827,-0.040523205,0.014448932,-0.99644417
1868.32429986,-0.015651926,-0.004717882,0.010332089,-0.041011486,0.01689034,-0.99693245
1868.32986474,-0.017782457,-0.004717882,0.008201562,-0.041011486,0.018355183,-1.00328
1868.33417882,-0.012456134,-0.0036526173,0.0071362965,-0.03881422,0.020552449,-1.006698
1868.3396868,-0.012456134,-0.004717882,0.009266827,-0.03539625,0.018111043,-1.0052332
1868.34403294,-0.013521398,-0.004717882,0.010332089,-0.036861096,0.016157918,-1.0010828
1868.34990339,-0.010325605,-0.004717882,0.008201562,-0.035884533,0.01737862,-0.9991297
1868.35418334,-0.015651926,-0.004717882,0.0071362965,-0.039546642,0.018599324,-1.0010828
1868.35983036,-0.015651926,-0.004717882,0.008201562,-0.04296461,0.017622761,-1.0018152
1868.36399568,-0.015651926,-0.0036526173,0.009266827,-0.040034924,0.020308308,-1.0027918
1868.36990643,-0.015651926,-0.0057831462,0.009266827,-0.036616955,0.018843465,-1.0027918
1868.37421902,-0.014586663,-0.004717882,0.009266827,-0.036861096,0.014693073,-1.0057214
1868.3799068,-0.013521398,-0.004717882,0.0071362965,-0.041499767,0.014937214,-1.0042566
1868.3841406,-0.012456134,-0.0036526173,0.008201562,-0.040523205,0.01689034,-0.99815315
1868.38990445,-0.012456134,-0.0025873529,0.008201562,-0.041499767,0.016402058,-0.9954676
1868.39443952,-0.015651926,-0.004717882,0.008201562,-0.037593517,0.018599324,-0.9988856
1868.39973703,-0.014586663,-0.0057831462,0.010332089,-0.037349377,0.020552449,-1.006698
1868.40400901,-0.015651926,-0.0057831462,0.009266827,-0.037349377,0.018599324,-1.0076746
1868.40983391,-0.01884772,-0.0036526173,0.009266827,-0.03832594,0.01737862,-1.0045007
1868.41395176,-0.014586663,-0.004717882,0.009266827,-0.040034924,0.01713448,-0.9983973
1868.41990698,-0.015651926,-0.0036526173,0.008201562,-0.03881422,0.015913777,-0.9974207
1868.42427682,-0.013521398,-0.004717882,0.008201562,-0.041743908,0.016402058,-1.0005945
1868.42985052,-0.014586663,-0.0036526173,0.008201562,-0.039790783,0.01713448,-1.00328
1868.43391207,-0.017782457,-0.0036526173,0.009266827,-0.041011486,0.018843465,-1.0030359
1868.4398602,-0.015651926,-0.004717882,0.0071362965,-0.03905836,0.019575886,-1.0042566
1868.4442083,-0.016717192,-0.0036526173,0.009266827,-0.0393025,0.015913777,-1.0062097
1868.44990312,-0.016717192,-0.004717882,0.009266827,-0.036861096,0.014937214,-1.0027918
1868.45412623,-0.013521398,-0.0036526173,0.008201562,-0.037837658,0.01713448,-0.9983973
1868.45990373,-0.013521398,-0.0036526173,0.0071362965,-0.03832594,0.016402058,-0.9974207
1868.46414603,-0.012456134,-0.004717882,0.009266827,-0.040279064,0.019575886,-1.0030359
1868.46990384,-0.013521398,-0.004717882,0.009266827,-0.036128674,0.020308308,-1.0086511
1868.47430714,-0.012456134,-0.004717882,0.008201562,-0.037349377,0.014204792,-1.0062097
1868.47990205,-0.015651926,-0.0057831462,0.008201562,-0.039546642,0.014693073,-0.99986213
1868.48409863,-0.014586663,-0.0036526173,0.010332089,-0.041499767,0.01689034,-0.9925379
1868.48970729,-0.0113908695,-0.0036526173,0.006071031,-0.04320875,0.0137165105,-0.9966883
1868.49403368,-0.012456134,-0.004717882,0.009266827,-0.04223219,0.015425495,-1.0025476
1868.49990304,-0.014586663,-0.0036526173,0.008201562,-0.03857008,0.019575886,-1.0052332
1868.50443553,-0.014586663,-0.0036526173,0.008201562,-0.035640392,0.018843465,-1.004989
1868.50965796,-0.014586663,-0.0036526173,0.009266827,-0.037593517,0.014448932,-1.0062097
1868.51408564,-0.019912984,-0.0036526173,0.010332089,-0.036861096,0.015913777,-1.0052332
1868.51990219,-0.012456134,-0.004717882,0.008201562,-0.03881422,0.016157918,-1.0010828
1868.52440341,-0.0113908695,-0.0057831462,0.010332089,-0.037105236,0.014937214,-0.99986213
1868.52990273,-0.013521398,-0.0057831462,0.009266827,-0.040034924,0.01689034,-0.9983973
1868.53430632,-0.013521398,-0.0057831462,0.010332089,-0.03832594,0.021529011,-1.0035242
1868.53985248,-0.013521398,-0.004717882,0.008201562,-0.037349377,0.017866902,-1.0057214
1868.54415578,-0.013521398,-0.0057831462,0.0071362965,-0.03857008,0.015669636,-1.0042566
1868.54970718,-0.012456134,-0.0036526173,0.010332089,-0.041499767,0.014448932,-0.997909
1868.55404401,-0.014586663,-0.0036526173,0.0071362965,-0.041011486,0.015913777,-0.99644417
1868.55990755,-0.016717192,-0.004717882,0.009266827,-0.04272047,0.015913777,-1.0042566
1868.56423639,-0.017782457,-0.0036526173,0.008201562,-0.04223219,0.017866902,-1.0071863
1868.56979247,-0.013521398,-0.0036526173,0.009266827,-0.03466383,0.02079659,-1.0042566
1868.5741593,-0.015651926,-0.0036526173,0.009266827,-0.032466564,0.018599324,-0.999618
1868.57990363,-0.017782457,-0.0068484107,0.010332089,-0.032466564,0.016402058,-1.0008386
1868.58431996,-0.014586663,-0.0068484107,0.009266827,-0.03905836,0.017866902,-1.0003504
1868.58981609,-0.015651926,-0.004717882,0.010332089,-0.043697033,0.01689034,-1.0008386
1868.59408628,-0.015651926,-0.0036526173,0.009266827,-0.045161877,0.015425495,-1.0003504
1868.59990193,-0.016717192,-0.004717882,0.008201562,-0.041743908,0.019575886,-1.0013269
1868.60397734,-0.015651926,-0.0036526173,0.009266827,-0.037837658,0.020552449,-1.0069422
1868.60990455,-0.009260341,-0.0057831462,0.009266827,-0.036616955,0.016646199,-1.0081629
1868.61433706,-0.014586663,-0.004717882,0.010332089,-0.037349377,0.014448932,-1.0042566
1868.61978064,-0.015651926,-0.0036526173,0.0071362965,-0.039546642,0.01689034,-0.99693245
1868.62394584,-0.015651926,-0.004717882,0.009266827,-0.037593517,0.019331746,-0.9988856
1868.6299137,-0.013521398,-0.004717882,0.010332089,-0.041011486,0.018843465,-1.0013269
1868.63456345,-0.014586663,-0.004717882,0.008201562,-0.03466383,0.018843465,-1.0052332
1868.63973213,-0.014586663,-0.004717882,0.008201562,-0.03490797,0.021529011,-0.99986213
1868.64425889,-0.015651926,-0.0068484107,0.0071362965,-0.035884533,0.01737862,-0.999618
1868.64980632,-0.016717192,-0.0057831462,0.010332089,-0.043452892,0.014937214,-1.0025476
1868.65402053,-0.012456134,-0.0057831462,0.0071362965,-0.048823986,0.014448932,-1.0030359
1868.65990433,-0.014586663,-0.0036526173,0.010332089,-0.048091564,0.015181354,-1.0013269
1868.66403812,-0.014586663,-0.0025873529,0.0071362965,-0.040034924,0.019087605,-0.99937385
1868.66990465,-0.014586663,-0.0036526173,0.009266827,-0.033443127,0.018843465,-1.0018152
1868.67405242,-0.015651926,-0.0036526173,0.009266827,-0.03051344,0.020064168,-1.0057214
1868.67990406,-0.014586663,-0.0036526173,0.010332089,-0.033931408,0.018843465,-1.0093836
1868.68448139,-0.013521398,-0.0068484107,0.008201562,-0.040034924,0.016402058,-1.0045007
1868.68967902,-0.013521398,-0.004717882,0.010332089,-0.040279064,0.017622761,-0.9974207
1868.69401176,-0.014586663,-0.0036526173,0.009266827,-0.044185314,0.019087605,-0.997909
1868.69973664,-0.014586663,-0.0057831462,0.010332089,-0.037837658,0.017622761,-1.0027918
1868.70402148,-0.014586663,-0.0057831462,0.010332089,-0.041011486,0.01689034,-1.004989
1868.70990486,-0.012456134,-0.0057831462,0.009266827,-0.043941174,0.01347237,-1.0020593
1868.71429919,-0.012456134,-0.0057831462,0.009266827,-0.043941174,0.01347237,-1.0020593
1868.71990329,-0.014586663,-0.0025873529,0.009266827,-0.044185314,0.015913777,-1.0023035
1868.72400227,-0.014586663,-0.0025873529,0.009266827,-0.044185314,0.015913777,-1.0023035
1868.72990342,-0.013521398,-0.0025873529,0.008201562,-0.03515211,0.020064168,-0.99937385
1868.734406,-0.013521398,-0.0025873529,0.008201562,-0.03515211,0.020064168,-0.99937385
1868.73990471,-0.016717192,-0.004717882,0.011397354,-0.03441969,0.018111043,-1.0064539
1868.74430048,-0.016717192,-0.004717882,0.011397354,-0.03441969,0.018111043,-1.0064539
1868.74993261,-0.013521398,-0.004717882,0.009266827,-0.044429455,0.013960651,-1.0003504
1868.75411893,-0.013521398,-0.004717882,0.009266827,-0.044429455,0.013960651,-1.0003504
1868.7597746,-0.014586663,-0.0036526173,0.009266827,-0.04247633,0.017866902,-1.0008386
1868.76402485,-0.014586663,-0.0036526173,0.009266827,-0.04247633,0.017866902,-1.0008386
1868.76990305,-0.016717192,-0.0025873529,0.010332089,-0.03539625,0.015913777,-1.0071863
1868.77412834,-0.016717192,-0.0025873529,0.010332089,-0.03539625,0.015913777,-1.0071863
1868.77990403,-0.013521398,-0.0036526173,0.008201562,-0.037593517,0.017622761,-0.99986213
1868.78451259,-0.015651926,-0.0025873529,0.0071362965,-0.037837658,0.01347237,-1.0003504
1868.78990419,-0.016717192,-0.0036526173,0.008201562,-0.03515211,0.01689034,-0.999618
1868.79424628,-0.016717192,-0.0036526173,0.008201562,-0.03515211,0.01689034,-0.999618
1868.79984243,-0.014586663,-0.0068484107,0.010332089,-0.037837658,0.018599324,-1.0018152
1868.8041724,-0.014586663,-0.0068484107,0.010332089,-0.037837658,0.018599324,-1.0018152
1868.80968312,-0.014586663,-0.0025873529,0.008201562,-0.04296461,0.015425495,-1.0064539
1868.81411624,-0.014586663,-0.0025873529,0.008201562,-0.04296461,0.015425495,-1.0064539
1868.81990456,-0.013521398,-0.0025873529,0.0071362965,-0.039546642,0.016402058,-0.9947352
1868.82434373,-0.014586663,-0.004717882,0.011397354,-0.03832594,0.016402058,-0.9971766
1868.82964889,-0.015651926,-0.0057831462,0.008201562,-0.03832594,0.018843465,-1.004989
1868.83396166,-0.015651926,-0.0057831462,0.008201562,-0.03832594,0.018843465,-1.004989
1868.83990384,-0.012456134,-0.0036526173,0.010332089,-0.03539625,0.019331746,-1.0091394
1868.84449011,-0.014586663,-0.0036526173,0.010332089,-0.033931408,0.013960651,-1.0040125
1868.84985928,-0.017782457,-0.0057831462,0.009266827,-0.03539625,0.016402058,-0.9974207
1868.85417562,-0.013521398,-0.0057831462,0.009266827,-0.035884533,0.019820027,-0.9966883
1868.8599044,-0.0113908695,-0.0068484107,0.008201562,-0.041743908,0.018355183,-1.0001062
1868.86407648,-0.012456134,-0.0057831462,0.008201562,-0.043452892,0.01737862,-1.0023035
1868.86977899,-0.014586663,-0.0057831462,0.0071362965,-0.04662672,0.020064168,-1.0010828
1868.87408349,-0.014586663,-0.0025873529,0.008201562,-0.04296461,0.017622761,-1.0047449
1868.87990334,-0.014586663,-0.00045682397,0.009266827,-0.041499767,0.014204792,-1.0062097
1868.88412276,-0.014586663,-0.0015220884,0.009266827,-0.03490797,0.016402058,-0.9991297
1868.8899056,-0.013521398,-0.0036526173,0.0071362965,-0.036128674,0.018111043,-0.99571174
1868.89432427,-0.010325605,-0.004717882,0.008201562,-0.032954846,0.018355183,-1.0003504
1868.89993869,-0.012456134,-0.0068484107,0.008201562,-0.03490797,0.020552449,-1.0091394
1868.9041618,-0.015651926,-0.0057831462,0.009266827,-0.03466383,0.02079659,-1.0120691
1868.90990628,-0.0113908695,-0.0057831462,0.010332089,-0.03857008,0.018599324,-1.0052332
1868.913977,-0.0113908695,-0.0057831462,0.009266827,-0.041499767,0.014693073,-0.9988856
1868.91990363,-0.0113908695,-0.0057831462,0.010332089,-0.04198805,0.014937214,-0.9954676
1868.92412479,-0.0113908695,-0.004717882,0.009266827,-0.043941174,0.01689034,-0.99864143
1868.92990402,-0.012456134,-0.004717882,0.009266827,-0.04223219,0.018355183,-1.0023035
1868.93410065,-0.014586663,-0.0036526173,0.009266827,-0.03905836,0.016402058,-1.00328
1868.93971962,-0.015651926,-0.004717882,0.008201562,-0.03881422,0.01713448,-1.0052332
1868.94390905,-0.014586663,-0.0025873529,0.009266827,-0.041011486,0.018355183,-1.0054773
1868.9499052,-0.014586663,-0.0025873529,0.0071362965,-0.03490797,0.016646199,-1.0047449
1868.95434683,-0.013521398,-0.0036526173,0.008201562,-0.037105236,0.016157918,-0.9988856
1868.95990369,-0.0113908695,-0.0068484107,0.006071031,-0.033687267,0.02104073,-0.9959559
1868.96417495,-0.014586663,-0.0068484107,0.0071362965,-0.037105236,0.022993855,-1.0003504
1868.96980756,-0.014586663,-0.0068484107,0.009266827,-0.040034924,0.017866902,-1.0074304
1868.9739958,-0.014586663,-0.0057831462,0.009266827,-0.044917736,0.012495807,-1.0081629
1868.97990448,-0.015651926,-0.0036526173,0.008201562,-0.0458943,0.01347237,-1.001571
1868.98419291,-0.014586663,-0.0025873529,0.009266827,-0.043941174,0.012007526,-0.9966883
1868.98990335,-0.015651926,-0.0025873529,0.008201562,-0.04247633,0.01347237,-0.997909
1868.99453883,-0.017782457,-0.0036526173,0.009266827,-0.036861096,0.017866902,-1.0025476
1868.99990314,-0.014586663,-0.0025873529,0.008201562,-0.036372814,0.019087605,-1.0057214
1869.0042668,-0.013521398,-0.0057831462,0.011397354,-0.030025158,0.020552449,-1.0057214
1869.00978142,-0.014586663,-0.0057831462,0.010332089,-0.03490797,0.018843465,-1.0045007
1869.01395787,-0.014586663,-0.0057831462,0.010332089,-0.037593517,0.014937214,-1.00328
1869.01990352,-0.013521398,-0.004717882,0.009266827,-0.04247633,0.014448932,-0.9988856
1869.02418128,-0.014586663,-0.004717882,0.010332089,-0.04296461,0.015181354,-0.9974207
1869.02985002,-0.012456134,-0.0068484107,0.010332089,-0.045406017,0.015181354,-0.9983973
1869.03425326,-0.014586663,-0.004717882,0.0071362965,-0.04247633,0.014448932,-1.0042566
1869.03990752,-0.013521398,-0.0025873529,0.009266827,-0.040767346,0.01689034,-1.0076746
1869.04408275,-0.013521398,-0.0025873529,0.0071362965,-0.039546642,0.016157918,-1.0052332
1869.04990354,-0.012456134,-0.0025873529,0.0071362965,-0.03832594,0.014204792,-0.999618
1869.05440342,-0.015651926,-0.0036526173,0.008201562,-0.033931408,0.01713448,-0.9959559
1869.05990494,-0.016717192,-0.0057831462,0.009266827,-0.03490797,0.02079659,-0.99986213
1869.06430116,-0.014586663,-0.0057831462,0.008201562,-0.036372814,0.02104073,-1.0057214
1869.06985318,-0.01884772,-0.0068484107,0.011397354,-0.037349377,0.019575886,-1.0057214
1869.0739868,-0.012456134,-0.0057831462,0.009266827,-0.040034924,0.015913777,-1.00328
1869.07990341,-0.014586663,-0.0036526173,0.010332089,-0.041011486,0.013228229,-1.0035242
1869.08404193,-0.014586663,-0.004717882,0.010332089,-0.043452892,0.015425495,-1.001571
1869.08975612,-0.012456134,-0.0036526173,0.009266827,-0.043941174,0.015669636,-1.0001062
1869.09390833,-0.014586663,-0.0036526173,0.009266827,-0.04296461,0.017622761,-0.9974207
1869.09990335,-0.016717192,-0.0036526173,0.010332089,-0.036861096,0.019575886,-1.0018152
1869.10431691,-0.016717192,-0.0025873529,0.009266827,-0.03417555,0.021529011,-1.0059656
1869.10990495,-0.015651926,-0.0057831462,0.009266827,-0.03149,0.018843465,-1.0093836
1869.1142152,-0.013521398,-0.0057831462,0.009266827,-0.03832594,0.015669636,-1.0042566
1869.1199066,-0.015651926,-0.004717882,0.008201562,-0.036616955,0.01689034,-0.997909
1869.12417851,-0.0113908695,-0.0057831462,0.008201562,-0.03832594,0.018843465,-0.9959559
1869.12968548,-0.0113908695,-0.0057831462,0.0071362965,-0.040034924,0.017866902,-1.0013269
1869.13398961,-0.0113908695,-0.0057831462,0.010332089,-0.037105236,0.01737862,-1.0047449
1869.13990367,-0.017782457,-0.0068484107,0.008201562,-0.040523205,0.019087605,-1.0040125
1869.14401194,-0.016717192,-0.0036526173,0.010332089,-0.041011486,0.016402058,-1.0037683
1869.14969787,-0.014586663,-0.0036526173,0.010332089,-0.044673596,0.015669636,-1.0013269
1869.15395266,-0.016717192,-0.0015220884,0.008201562,-0.0393025,0.016402058,-1.0008386
1869.15990387,-0.015651926,-0.0036526173,0.0071362965,-0.039546642,0.017866902,-1.0018152
1869.16434094,-0.012456134,-0.0057831462,0.009266827,-0.033198986,0.020064168,-1.0013269
1869.1698228,-0.012456134,-0.0068484107,0.008201562,-0.03466383,0.02079659,-1.0045007
1869.17402965,-0.01884772,-0.0057831462,0.009266827,-0.033687267,0.01737862,-1.0081629
1869.17990724,-0.015651926,-0.0057831462,0.009266827,-0.03832594,0.015425495,-1.0057214
1869.184311,-0.016717192,-0.004717882,0.008201562,-0.03905836,0.018355183,-0.99644417
1869.18990429,-0.013521398,-0.0057831462,0.009266827,-0.041255627,0.018355183,-0.9918055
1869.19397747,-0.012456134,-0.0068484107,0.008201562,-0.043452892,0.01347237,-0.9974207
1869.19990412,-0.017782457,-0.0068484107,0.010332089,-0.04638258,0.018843465,-1.008407
1869.2044581,-0.016717192,-0.0036526173,0.009266827,-0.043941174,0.020552449,-1.0103601
1869.20990423,-0.013521398,-0.0036526173,0.008201562,-0.041011486,0.015913777,-1.0059656
1869.21424947,-0.012456134,-0.0025873529,0.0071362965,-0.033931408,0.01347237,-1.0018152
1869.21990448,-0.015651926,-0.0036526173,0.0071362965,-0.029536877,0.015425495,-0.99766487
1869.22417894,-0.014586663,-0.0068484107,0.008201562,-0.033931408,0.016402058,-0.99986213
1869.22990612,-0.014586663,-0.0068484107,0.009266827,-0.0393025,0.02079659,-1.0013269
1869.23406785,-0.0113908695,-0.0068484107,0.008201562,-0.04198805,0.02079659,-1.0027918
1869.23990346,-0.013521398,-0.0057831462,0.008201562,-0.041011486,0.018843465,-1.0018152
1869.24431424,-0.013521398,-0.0036526173,0.009266827,-0.039546642,0.01737862,-1.0040125
1869.2499039,-0.015651926,-0.0057831462,0.010332089,-0.04247633,0.01347237,-1.0042566
1869.25395798,-0.017782457,-0.004717882,0.010332089,-0.045406017,0.012739948,-0.9983973
1869.25990419,-0.016717192,-0.0025873529,0.009266827,-0.0458943,0.012984089,-0.99766487
1869.2641545,-0.017782457,-0.0015220884,0.009266827,-0.03905836,0.015425495,-1.0035242
1869.26990428,-0.016717192,-0.0036526173,0.010332089,-0.03515211,0.017622761,-1.0086511
1869.2742294,-0.015651926,-0.0036526173,0.008201562,-0.03075758,0.022505574,-1.0069422
1869.27990516,-0.014586663,-0.0057831462,0.009266827,-0.03441969,0.020064168,-1.0018152
1869.28414864,-0.014586663,-0.0057831462,0.008201562,-0.037837658,0.016157918,-0.9974207
1869.28990388,-0.015651926,-0.0057831462,0.010332089,-0.039546642,0.017866902,-0.9988856
1869.29419032,-0.013521398,-0.007913675,0.008201562,-0.044185314,0.018111043,-1.0013269
1869.2997452,-0.015651926,-0.004717882,0.010332089,-0.047359142,0.014937214,-1.0052332
1869.30398428,-0.015651926,-0.0025873529,0.0071362965,-0.044429455,0.012984089,-1.00328
1869.30990481,-0.01884772,-0.00045682397,0.008201562,-0.0380818,0.01713448,-1.0020593
1869.31449941,-0.014586663,-0.0025873529,0.006071031,-0.03539625,0.016646199,-1.0008386
1869.31993643,-0.016717192,-0.0036526173,0.009266827,-0.03441969,0.013960651,-1.0003504
1869.3240095,-0.016717192,-0.0057831462,0.008201562,-0.041743908,0.018111043,-0.9988856
1869.32985998,-0.013521398,-0.004717882,0.009266827,-0.044429455,0.022017293,-0.99937385
1869.33409664,-0.015651926,-0.004717882,0.008201562,-0.041499767,0.021529011,-1.0057214
1869.3396556,-0.015651926,-0.004717882,0.009266827,-0.032466564,0.017866902,-1.0096277
1869.34407203,-0.016717192,-0.0036526173,0.010332089,-0.032954846,0.015669636,-1.004989
1869.34990491,-0.013521398,-0.0068484107,0.010332089,-0.03441969,0.016402058,-0.9991297
1869.35405952,-0.012456134,-0.0057831462,0.010332089,-0.04272047,0.01689034,-0.99449104
1869.35975762,-0.013521398,-0.0036526173,0.0071362965,-0.043941174,0.012495807,-1.0013269
1869.3640139,-0.015651926,-0.004717882,0.0071362965,-0.044917736,0.01737862,-1.00328
1869.36991133,-0.014586663,-0.004717882,0.009266827,-0.040279064,0.022505574,-1.0057214
1869.37435378,-0.015651926,-0.0036526173,0.009266827,-0.040034924,0.018843465,-1.00328
1869.37990536,-0.015651926,-0.0025873529,0.0071362965,-0.0393025,0.014448932,-1.0040125
1869.38428891,-0.015651926,-0.0015220884,0.0071362965,-0.03515211,0.016402058,-0.99937385
1869.38969711,-0.014586663,-0.0025873529,0.0071362965,-0.03100172,0.018843465,-0.9949793
1869.39410857,-0.010325605,-0.0057831462,0.0071362965,-0.031978283,0.01737862,-0.9954676
1869.39990445,-0.013521398,-0.007913675,0.0071362965,-0.037837658,0.016646199,-1.0023035
1869.40415338,-0.014586663,-0.0068484107,0.009266827,-0.044185314,0.017866902,-1.0115808
1869.40967308,-0.013521398,-0.0025873529,0.009266827,-0.048335705,0.018843465,-1.0132898
1869.41400866,-0.017782457,-0.00045682397,0.011397354,-0.044185314,0.01689034,-1.006698
1869.41990501,-0.015651926,-0.00045682397,0.009266827,-0.03857008,0.01347237,-0.99766487
1869.42429791,-0.013521398,-0.0036526173,0.008201562,-0.03051344,0.016646199,-0.99400276
1869.42990452,-0.013521398,-0.0057831462,0.008201562,-0.03417555,0.021529011,-0.9983973
1869.43409112,-0.015651926,-0.0068484107,0.009266827,-0.035884533,0.02104073,-1.0052332
1869.4398352,-0.015651926,-0.007913675,0.009266827,-0.039790783,0.017866902,-1.0057214
1869.44414664,-0.014586663,-0.0057831462,0.009266827,-0.03857008,0.018355183,-1.0047449
1869.44974096,-0.015651926,-0.004717882,0.008201562,-0.0380818,0.014937214,-1.0037683
1869.45410941,-0.016717192,-0.004717882,0.0071362965,-0.0393025,0.012984089,-1.0010828
1869.45990552,-0.013521398,-0.0057831462,0.009266827,-0.04272047,0.01689034,-0.9983973
1869.46423564,-0.0113908695,-0.004717882,0.0071362965,-0.045406017,0.018843465,-0.9962
1869.46979958,-0.013521398,-0.004717882,0.009266827,-0.039546642,0.018355183,-1.0020593
1869.47399834,-0.013521398,-0.004717882,0.008201562,-0.035884533,0.018843465,-1.0047449
1869.47990694,-0.014586663,-0.0036526173,0.008201562,-0.03100172,0.018843465,-1.0037683
1869.48430791,-0.012456134,-0.004717882,0.008201562,-0.039546642,0.015425495,-1.0005945
1869.48961307,-0.0113908695,-0.004717882,0.0071362965,-0.040767346,0.014448932,-0.9959559
1869.49402174,-0.014586663,-0.0036526173,0.008201562,-0.043941174,0.015913777,-1.0018152
1869.499906,-0.015651926,-0.0036526173,0.008201562,-0.040279064,0.017622761,-1.0088953
1869.50433785,-0.01884772,-0.0036526173,0.011397354,-0.037837658,0.018599324,-1.0106043
1869.50983763,-0.019912984,-0.0036526173,0.009266827,-0.03417555,0.018843465,-1.0042566
1869.51395616,-0.017782457,-0.004717882,0.011397354,-0.03466383,0.016402058,-1.0008386
1869.5197464,-0.017782457,-0.004717882,0.009266827,-0.035884533,0.017622761,-0.9983973
1869.52407635,-0.010325605,-0.0068484107,0.009266827,-0.0393025,0.017622761,-0.99644417
1869.52990439,-0.0113908695,-0.0068484107,0.008201562,-0.043941174,0.015913777,-0.99937385
1869.534266,-0.014586663,-0.0057831462,0.008201562,-0.044673596,0.017622761,-1.0023035
1869.53994671,-0.014586663,-0.004717882,0.009266827,-0.04296461,0.018355183,-1.0054773
1869.54415787,-0.013521398,-0.0036526173,0.006071031,-0.036616955,0.014204792,-1.006698
1869.54982975,-0.016717192,-0.0036526173,0.008201562,-0.036128674,0.013960651,-1.0042566
1869.55414417,-0.014586663,-0.004717882,0.008201562,-0.035640392,0.015913777,-0.99766487
1869.55990393,-0.014586663,-0.004717882,0.008201562,-0.039546642,0.017866902,-0.99522346
1869.5640547,-0.015651926,-0.004717882,0.009266827,-0.040034924,0.019087605,-1.0008386
1869.56990568,-0.012456134,-0.0057831462,0.009266827,-0.037837658,0.019087605,-1.006698
1869.57413552,-0.012456134,-0.0057831462,0.008201562,-0.03832594,0.019820027,-1.0074304
1869.57990371,-0.015651926,-0.004717882,0.011397354,-0.03881422,0.01737862,-1.0054773
1869.58431234,-0.014586663,-0.004717882,0.009266827,-0.043452892,0.011519245,-1.0052332
1869.58982036,-0.013521398,-0.0025873529,0.009266827,-0.039546642,0.012495807,-1.00328
1869.59408648,-0.016717192,-0.0025873529,0.010332089,-0.040523205,0.01689034,-1.0008386
1869.5996652,-0.014586663,-0.004717882,0.011397354,-0.033931408,0.018843465,-0.997909
1869.60402286,-0.016717192,-0.0068484107,0.009266827,-0.03441969,0.019087605,-0.99937385
1869.60990521,-0.015651926,-0.0068484107,0.010332089,-0.031978283,0.020552449,-1.0010828
1869.61407052,-0.013521398,-0.0068484107,0.009266827,-0.040034924,0.018843465,-1.0023035
1869.61990564,-0.014586663,-0.0036526173,0.008201562,-0.048579846,0.015425495,-0.9974207
1869.62424829,-0.014586663,-0.0036526173,0.008201562,-0.048579846,0.015425495,-0.9974207
1869.62990734,-0.014586663,-0.0015220884,0.008201562,-0.04198805,0.015913777,-1.004989
1869.63436328,-0.014586663,-0.0015220884,0.008201562,-0.04198805,0.015913777,-1.004989
1869.63990895,-0.016717192,-0.0036526173,0.010332089,-0.028072033,0.014937214,-1.0071863
1869.64428822,-0.016717192,-0.0036526173,0.010332089,-0.028072033,0.014937214,-1.0071863
1869.64983976,-0.014586663,-0.0057831462,0.010332089,-0.03149,0.017866902,-0.99864143
1869.65413213,-0.014586663,-0.0057831462,0.010332089,-0.03149,0.017866902,-0.99864143
1869.65969965,-0.013521398,-0.007913675,0.010332089,-0.041499767,0.019575886,-1.0025476
1869.66405223,-0.013521398,-0.007913675,0.010332089,-0.041499767,0.019575886,-1.0025476
1869.66990948,-0.012456134,-0.004717882,0.009266827,-0.04613844,0.019575886,-1.00328
1869.67420258,-0.012456134,-0.004717882,0.009266827,-0.04613844,0.019575886,-1.00328
1869.67990385,-0.014586663,-0.0015220884,0.010332089,-0.037837658,0.011519245,-1.0008386
1869.68431919,-0.014586663,-0.0015220884,0.010332089,-0.037837658,0.011519245,-1.0008386
1869.68982787,-0.012456134,-0.004717882,0.008201562,-0.036616955,0.018111043,-0.9954676
1869.6941652,-0.012456134,-0.004717882,0.008201562,-0.036616955,0.018111043,-0.9954676
1869.69990516,-0.012456134,-0.0057831462,0.006071031,-0.040034924,0.019820027,-1.010116
1869.70409188,-0.012456134,-0.0057831462,0.006071031,-0.040034924,0.019820027,-1.010116
1869.7099047,-0.014586663,-0.004717882,0.008201562,-0.03490797,0.021529011,-1.0042566
1869.71422419,-0.014586663,-0.004717882,0.008201562,-0.03490797,0.021529011,-1.0042566
1869.71990482,-0.015651926,-0.0057831462,0.009266827,-0.03832594,0.012007526,-0.9949793
1869.72426172,-0.015651926,-0.0057831462,0.009266827,-0.03832594,0.012007526,-0.9949793
1869.72990505,-0.012456134,-0.0057831462,0.009266827,-0.04662672,0.019331746,-1.0005945
1869.7339873,-0.012456134,-0.0057831462,0.009266827,-0.04662672,0.019331746,-1.0005945
1869.73990811,-0.013521398,-0.004717882,0.009266827,-0.041499767,0.016402058,-1.0054773
1869.74443564,-0.0113908695,-0.0025873529,0.010332089,-0.03881422,0.018599324,-1.0057214
1869.74990569,-0.013521398,-0.0015220884,0.009266827,-0.036372814,0.01737862,-1.00328
1869.75420193,-0.013521398,-0.004717882,0.010332089,-0.03466383,0.019575886,-0.9966883
1869.75990536,-0.013521398,-0.0036526173,0.010332089,-0.036128674,0.018843465,-0.9974207
1869.76405366,-0.013521398,-0.0036526173,0.010332089,-0.036128674,0.018843465,-0.9974207
1869.76990737,-0.013521398,-0.0057831462,0.009266827,-0.037105236,0.01737862,-1.0079187
1869.77405911,-0.012456134,-0.0068484107,0.008201562,-0.03905836,0.018111043,-1.0052332
1869.779906,-0.014586663,-0.004717882,0.0071362965,-0.041743908,0.013960651,-1.0008386
1869.78420852,-0.013521398,-0.0036526173,0.009266827,-0.043452892,0.012495807,-0.9971766
1869.78990415,-0.012456134,-0.0025873529,0.0071362965,-0.044673596,0.01737862,-0.99693245
1869.79437048,-0.014586663,-0.0036526173,0.009266827,-0.044917736,0.018599324,-1.0023035
1869.79975207,-0.014586663,-0.0036526173,0.006071031,-0.041011486,0.019331746,-1.0074304
1869.80405334,-0.014586663,-0.0036526173,0.011397354,-0.03515211,0.019575886,-1.006698
1869.80966907,-0.015651926,-0.0036526173,0.008201562,-0.03149,0.018355183,-1.0054773
1869.81407874,-0.014586663,-0.004717882,0.009266827,-0.03149,0.015669636,-1.0047449
1869.81990548,-0.014586663,-0.0068484107,0.010332089,-0.036128674,0.014693073,-1.0013269
1869.82422648,-0.0113908695,-0.0068484107,0.010332089,-0.041011486,0.016402058,-0.9983973
1869.82990564,-0.013521398,-0.007913675,0.011397354,-0.045406017,0.01737862,-0.9988856
1869.8340989,-0.012456134,-0.0057831462,0.010332089,-0.043697033,0.018355183,-1.0040125
1869.83970311,-0.015651926,-0.0036526173,0.008201562,-0.04247633,0.018111043,-1.0045007
1869.84436211,-0.015651926,-0.0015220884,0.008201562,-0.039790783,0.016646199,-1.0013269
1869.84990459,-0.014586663,-0.0036526173,0.008201562,-0.040767346,0.016402058,-0.9988856
1869.85430616,-0.012456134,-0.0025873529,0.008201562,-0.039546642,0.015181354,-0.99571174
1869.8598592,-0.015651926,-0.0025873529,0.0071362965,-0.040034924,0.01737862,-1.0005945
1869.864118,-0.015651926,-0.0025873529,0.006071031,-0.037837658,0.017866902,-1.0045007
1869.86976429,-0.014586663,-0.0057831462,0.008201562,-0.036372814,0.019331746,-1.008407
1869.87399727,-0.016717192,-0.0036526173,0.009266827,-0.03417555,0.02079659,-1.006698
1869.879903,-0.015651926,-0.004717882,0.010332089,-0.03539625,0.016157918,-1.0040125
1869.88439199,-0.015651926,-0.004717882,0.008201562,-0.037105236,0.013960651,-1.0001062
1869.88982532,-0.013521398,-0.004717882,0.009266827,-0.040523205,0.01737862,-0.9962
1869.89411578,-0.012456134,-0.0057831462,0.010332089,-0.04247633,0.018599324,-0.997909
1869.89990584,-0.0113908695,-0.0057831462,0.009266827,-0.047359142,0.016157918,-1.0023035
1869.9043068,-0.015651926,-0.0036526173,0.008201562,-0.04247633,0.019575886,-1.006698
1869.90982664,-0.013521398,-0.0015220884,0.010332089,-0.039546642,0.017866902,-1.0064539
1869.91409144,-0.013521398,-0.0025873529,0.010332089,-0.036861096,0.016157918,-1.0027918
1869.91973116,-0.014586663,-0.0025873529,0.009266827,-0.035640392,0.016646199,-0.9971766
1869.92402676,-0.013521398,-0.0025873529,0.0071362965,-0.035884533,0.016402058,-0.99644417
1869.92990451,-0.014586663,-0.004717882,0.010332089,-0.035640392,0.018355183,-1.0005945
1869.93436164,-0.016717192,-0.0057831462,0.009266827,-0.036128674,0.022993855,-1.0042566
1869.93967132,-0.016717192,-0.0057831462,0.01246262,-0.035884533,0.019820027,-1.006698
1869.94398068,-0.016717192,-0.004717882,0.009266827,-0.041499767,0.01347237,-1.0062097
1869.94990548,-0.014586663,-0.0036526173,0.010332089,-0.04198805,0.015669636,-1.004989
1869.95455683,-0.014586663,-0.0036526173,0.008201562,-0.04272047,0.015913777,-1.0010828
1869.9597585,-0.014586663,-0.0025873529,0.008201562,-0.039546642,0.015181354,-0.999618
1869.96427816,-0.013521398,-0.0036526173,0.009266827,-0.039546642,0.017866902,-0.99815315
1869.96983632,-0.015651926,-0.0068484107,0.010332089,-0.036861096,0.020064168,-1.0018152
1869.97399584,-0.012456134,-0.0057831462,0.008201562,-0.036861096,0.019575886,-1.0052332
1869.97990496,-0.015651926,-0.0036526173,0.010332089,-0.033931408,0.018355183,-1.0045007
1869.98432664,-0.012456134,-0.004717882,0.009266827,-0.037837658,0.015425495,-1.0005945
1869.98990528,-0.015651926,-0.004717882,0.010332089,-0.03857008,0.01737862,-0.997909
1869.99439252,-0.010325605,-0.0057831462,0.010332089,-0.04272047,0.017866902,-0.99986213
1869.9999047,-0.015651926,-0.0057831462,0.008201562,-0.040523205,0.01713448,-1.0047449
1870.00430771,-0.016717192,-0.0036526173,0.009266827,-0.03832594,0.017866902,-1.006698
1870.00990569,-0.013521398,-0.0036526173,0.008201562,-0.035640392,0.018599324,-1.0042566
1870.01422132,-0.0113908695,-0.004717882,0.010332089,-0.040523205,0.016402058,-1.001571
1870.0199049,-0.017782457,-0.004717882,0.009266827,-0.039790783,0.015425495,-0.99937385
1870.02398214,-0.014586663,-0.0057831462,0.008201562,-0.040523205,0.014448932,-0.9988856
1870.0299052,-0.016717192,-0.0036526173,0.009266827,-0.041499767,0.017866902,-1.0008386
1870.03427656,-0.015651926,-0.0025873529,0.010332089,-0.03905836,0.02104073,-1.0037683
1870.03990784,-0.012456134,-0.0036526173,0.010332089,-0.035640392,0.018355183,-1.0047449
1870.04399579,-0.013521398,-0.0036526173,0.008201562,-0.032954846,0.016157918,-1.0057214
1870.04973999,-0.013521398,-0.0057831462,0.0071362965,-0.033931408,0.018355183,-1.0013269
1870.05391204,-0.0113908695,-0.0068484107,0.009266827,-0.037349377,0.015669636,-0.99766487
1870.05990539,-0.015651926,-0.004717882,0.010332089,-0.044673596,0.014448932,-0.997909
1870.06437552,-0.015651926,-0.004717882,0.008201562,-0.047603283,0.016402058,-1.0023035
1870.06990498,-0.013521398,-0.0036526173,0.008201562,-0.04687086,0.018355183,-1.006698
1870.07418596,-0.013521398,-0.0025873529,0.009266827,-0.036372814,0.019087605,-1.0076746
1870.07990371,-0.014586663,-0.0025873529,0.011397354,-0.035884533,0.015669636,-1.0040125
1870.08412462,-0.015651926,-0.0025873529,0.011397354,-0.033931408,0.01347237,-0.99986213
1870.08990437,-0.01884772,-0.0036526173,0.010332089,-0.03466383,0.015669636,-0.9971766
1870.0940668,-0.014586663,-0.0057831462,0.008201562,-0.03441969,0.017866902,-0.9983973
1870.09990688,-0.014586663,-0.0068484107,0.008201562,-0.03832594,0.018843465,-1.0025476
1870.10445401,-0.014586663,-0.0068484107,0.0050057694,-0.040767346,0.018355183,-1.0076746
1870.10990676,-0.013521398,-0.0057831462,0.008201562,-0.043941174,0.018843465,-1.0069422
1870.11423569,-0.013521398,-0.0036526173,0.008201562,-0.04247633,0.018355183,-1.0042566
1870.11990568,-0.012456134,-0.0025873529,0.009266827,-0.04198805,0.01347237,-0.99864143
1870.12407046,-0.014586663,-0.0036526173,0.008201562,-0.03832594,0.012984089,-0.99571174
1870.12990443,-0.012456134,-0.0036526173,0.009266827,-0.03881422,0.01689034,-0.9966883
1870.13414116,-0.014586663,-0.0036526173,0.0071362965,-0.0393025,0.017866902,-1.0023035
1870.13990493,-0.015651926,-0.0025873529,0.008201562,-0.036616955,0.018111043,-1.0071863
1870.14433995,-0.017782457,-0.0057831462,0.009266827,-0.03417555,0.018355183,-1.0071863
1870.1499052,-0.014586663,-0.0057831462,0.010332089,-0.036616955,0.016402058,-1.004989
1870.15397776,-0.015651926,-0.004717882,0.008201562,-0.041255627,0.01689034,-1.0018152
1870.15990449,-0.014586663,-0.004717882,0.009266827,-0.04223219,0.01689034,-1.0003504
1870.16437527,-0.012456134,-0.004717882,0.009266827,-0.041255627,0.01713448,-0.99937385
1870.16990595,-0.0113908695,-0.004717882,0.008201562,-0.035884533,0.017866902,-1.0027918
1870.17423199,-0.008195076,-0.0057831462,0.008201562,-0.03441969,0.018111043,-1.0018152
1870.17990658,-0.015651926,-0.0057831462,0.010332089,-0.035884533,0.015913777,-1.0037683
1870.18426794,-0.014586663,-0.004717882,0.009266827,-0.04296461,0.014448932,-1.0027918
1870.18974932,-0.013521398,-0.0036526173,0.008201562,-0.043941174,0.01689034,-1.0005945
1870.1939769,-0.009260341,-0.0036526173,0.008201562,-0.043697033,0.018843465,-0.99937385
1870.19970516,-0.0113908695,-0.004717882,0.0071362965,-0.040034924,0.018599324,-1.0027918
1870.20390953,-0.012456134,-0.0057831462,0.010332089,-0.037349377,0.019087605,-1.0062097
1870.2099052,-0.014586663,-0.0057831462,0.009266827,-0.03417555,0.018599324,-1.0052332
1870.21436907,-0.015651926,-0.004717882,0.011397354,-0.035884533,0.016646199,-1.00328
1870.21990412,-0.016717192,-0.004717882,0.009266827,-0.036616955,0.015913777,-0.99937385
1870.22425148,-0.015651926,-0.0057831462,0.010332089,-0.03857008,0.015425495,-0.997909
1870.22990596,-0.010325605,-0.0068484107,0.008201562,-0.043452892,0.016402058,-0.99986213
1870.23421097,-0.014586663,-0.004717882,0.009266827,-0.043452892,0.019575886,-1.0027918
1870.23964364,-0.015651926,-0.004717882,0.010332089,-0.041011486,0.02104073,-1.0057214
1870.24403744,-0.013521398,-0.0025873529,0.011397354,-0.036616955,0.019087605,-1.0069422
1870.24990414,-0.013521398,-0.0025873529,0.008201562,-0.03490797,0.01737862,-1.0042566
1870.25414781,-0.013521398,-0.004717882,0.010332089,-0.03441969,0.014937214,-0.99986213
1870.25967747,-0.014586663,-0.004717882,0.009266827,-0.03881422,0.01689034,-0.99693245
1870.26398307,-0.014586663,-0.0057831462,0.009266827,-0.0393025,0.019087605,-0.9988856
