[0.000000] (-) TimerEvent: {}
[0.000501] (-) JobUnselected: {'identifier': 'perception_pcl'}
[0.000665] (pcl_ros) JobQueued: {'identifier': 'pcl_ros', 'dependencies': OrderedDict()}
[0.000979] (fast_lio) JobQueued: {'identifier': 'fast_lio', 'dependencies': OrderedDict([('pcl_ros', '/home/unitree/projects/unitree_sdk2_python_g1/ws_lio_ros2/install/pcl_ros')])}
[0.001211] (pcl_ros) JobStarted: {'identifier': 'pcl_ros'}
[0.017882] (pcl_ros) JobProgress: {'identifier': 'pcl_ros', 'progress': 'cmake'}
[0.018372] (pcl_ros) Command: {'cmd': ['/usr/bin/cmake', '/home/unitree/projects/unitree_sdk2_python_g1/ws_lio_ros2/src/perception_pcl/pcl_ros', '-DCMAKE_BUILD_TYPE=Release', '-DPython3_EXECUTABLE=/usr/bin/python3.8', '-DPYTHON_EXECUTABLE=/usr/bin/python3.8', '-DCMAKE_INSTALL_PREFIX=/home/unitree/projects/unitree_sdk2_python_g1/ws_lio_ros2/install/pcl_ros'], 'cwd': '/home/unitree/projects/unitree_sdk2_python_g1/ws_lio_ros2/build/pcl_ros', 'env': OrderedDict([('VIRTUALENVWRAPPER_WORKON_CD', '1'), ('LESSOPEN', '| /usr/bin/lesspipe %s'), ('WORKON_HOME', '/home/unitree/Applications/virtualenvs'), ('USER', 'unitree'), ('SSH_CLIENT', '192.168.124.98 64166 22'), ('XDG_SESSION_TYPE', 'tty'), ('GIT_ASKPASS', '/home/unitree/.vscode-server/cli/servers/Stable-7d842fb85a0275a4a8e4d7e040d2625abbf7f084/server/extensions/git/dist/askpass.sh'), ('SHLVL', '1'), ('LD_LIBRARY_PATH', '/home/unitree/projects/unitree_sdk2_python_g1/ws_livox/install/livox_ros_driver2/lib:/usr/local/cuda-11.4/lib64:/usr/local/lib:/home/unitree/cyclonedds_ws/install/rmw_cyclonedds_cpp/lib:/home/unitree/cyclonedds_ws/install/cyclonedds/lib:/opt/ros/foxy/opt/yaml_cpp_vendor/lib:/opt/ros/foxy/opt/rviz_ogre_vendor/lib:/opt/ros/foxy/lib/aarch64-linux-gnu:/opt/ros/foxy/lib:/usr/local/cuda-11.4/lib64:'), ('BROWSER', '/home/unitree/.vscode-server/cli/servers/Stable-7d842fb85a0275a4a8e4d7e040d2625abbf7f084/server/bin/helpers/browser.sh'), ('MOTD_SHOWN', 'pam'), ('HOME', '/home/unitree'), ('VIRTUALENVWRAPPER_PYTHON', '/usr/bin/python3'), ('CONDA_SHLVL', '0'), ('CYCLONEDDS_URI', '/home/unitree/cyclonedds_ws/cyclonedds.xml'), ('OLDPWD', '/home/unitree/projects/unitree_sdk2_python_g1/ws_lio_ros2/src'), ('TERM_PROGRAM_VERSION', '1.105.1'), ('VSCODE_IPC_HOOK_CLI', '/run/user/1000/vscode-ipc-814bda8a-28b7-4d83-82d2-f245e0a75e16.sock'), ('ROS_PYTHON_VERSION', '3'), ('VSCODE_GIT_ASKPASS_MAIN', '/home/unitree/.vscode-server/cli/servers/Stable-7d842fb85a0275a4a8e4d7e040d2625abbf7f084/server/extensions/git/dist/askpass-main.js'), ('VSCODE_GIT_ASKPASS_NODE', '/home/unitree/.vscode-server/cli/servers/Stable-7d842fb85a0275a4a8e4d7e040d2625abbf7f084/server/node'), ('SSL_CERT_FILE', '/usr/lib/ssl/certs/ca-certificates.crt'), ('VSCODE_PYTHON_AUTOACTIVATE_GUARD', '1'), ('DBUS_SESSION_BUS_ADDRESS', 'unix:path=/run/user/1000/bus'), ('COLORTERM', 'truecolor'), ('_CE_M', ''), ('COLCON_PREFIX_PATH', '/home/unitree/projects/unitree_sdk2_python_g1/ws_livox/install:/home/unitree/cyclonedds_ws/install'), ('ROS_DISTRO', 'foxy'), ('LOGNAME', 'unitree'), ('AMENT_PYTHON_EXECUTABLE', '/usr/bin/python3.8'), ('_', '/usr/bin/colcon'), ('ROS_VERSION', '2'), ('PKG_CONFIG_PATH', '/home/unitree/cyclonedds_ws/install/cyclonedds/lib/aarch64-linux-gnu/pkgconfig:/home/unitree/cyclonedds_ws/install/cyclonedds/lib/pkgconfig'), ('XDG_SESSION_CLASS', 'user'), ('TERM', 'xterm-256color'), ('XDG_SESSION_ID', '7'), ('_CE_CONDA', ''), ('ROS_LOCALHOST_ONLY', '0'), ('PATH', '/usr/bin:/usr/bin:/home/unitree/Applications/python3.10/bin:/home/unitree/.local/bin:/home/sakuzeng/Applications/anaconda3/bin:/usr/local/cuda-11.4/bin:/home/unitree/cyclonedds_ws/install/cyclonedds/bin:/opt/ros/foxy/bin:/home/unitree/.vscode-server/cli/servers/Stable-7d842fb85a0275a4a8e4d7e040d2625abbf7f084/server/bin/remote-cli:/home/unitree/.local/bin:/home/unitree/Applications/python3.10/bin:/home/unitree/.local/bin:/home/sakuzeng/Applications/anaconda3/bin:/home/unitree/Applications/anaconda3/condabin:/usr/local/cuda-11.4/bin:/usr/local/sbin:/usr/local/bin:/usr/sbin:/usr/bin:/sbin:/bin:/usr/games:/usr/local/games:/snap/bin:/home/unitree/.local/bin:/home/unitree/.vscode-server/data/User/globalStorage/github.copilot-chat/debugCommand:/home/unitree/.local/bin'), ('PYTHON_EXECUTABLE', '/usr/bin/python3.8'), ('XDG_RUNTIME_DIR', '/run/user/1000'), ('SSL_CERT_DIR', '/usr/lib/ssl/certs'), ('LANG', 'en_US.UTF-8'), ('RMW_IMPLEMENTATION', 'rmw_cyclonedds_cpp'), ('LS_COLORS', 'rs=0:di=01;34:ln=01;36:mh=00:pi=40;33:so=01;35:do=01;35:bd=40;33;01:cd=40;33;01:or=40;31;01:mi=00:su=37;41:sg=30;43:ca=30;41:tw=30;42:ow=34;42:st=37;44:ex=01;32:*.tar=01;31:*.tgz=01;31:*.arc=01;31:*.arj=01;31:*.taz=01;31:*.lha=01;31:*.lz4=01;31:*.lzh=01;31:*.lzma=01;31:*.tlz=01;31:*.txz=01;31:*.tzo=01;31:*.t7z=01;31:*.zip=01;31:*.z=01;31:*.dz=01;31:*.gz=01;31:*.lrz=01;31:*.lz=01;31:*.lzo=01;31:*.xz=01;31:*.zst=01;31:*.tzst=01;31:*.bz2=01;31:*.bz=01;31:*.tbz=01;31:*.tbz2=01;31:*.tz=01;31:*.deb=01;31:*.rpm=01;31:*.jar=01;31:*.war=01;31:*.ear=01;31:*.sar=01;31:*.rar=01;31:*.alz=01;31:*.ace=01;31:*.zoo=01;31:*.cpio=01;31:*.7z=01;31:*.rz=01;31:*.cab=01;31:*.wim=01;31:*.swm=01;31:*.dwm=01;31:*.esd=01;31:*.jpg=01;35:*.jpeg=01;35:*.mjpg=01;35:*.mjpeg=01;35:*.gif=01;35:*.bmp=01;35:*.pbm=01;35:*.pgm=01;35:*.ppm=01;35:*.tga=01;35:*.xbm=01;35:*.xpm=01;35:*.tif=01;35:*.tiff=01;35:*.png=01;35:*.svg=01;35:*.svgz=01;35:*.mng=01;35:*.pcx=01;35:*.mov=01;35:*.mpg=01;35:*.mpeg=01;35:*.m2v=01;35:*.mkv=01;35:*.webm=01;35:*.ogm=01;35:*.mp4=01;35:*.m4v=01;35:*.mp4v=01;35:*.vob=01;35:*.qt=01;35:*.nuv=01;35:*.wmv=01;35:*.asf=01;35:*.rm=01;35:*.rmvb=01;35:*.flc=01;35:*.avi=01;35:*.fli=01;35:*.flv=01;35:*.gl=01;35:*.dl=01;35:*.xcf=01;35:*.xwd=01;35:*.yuv=01;35:*.cgm=01;35:*.emf=01;35:*.ogv=01;35:*.ogx=01;35:*.aac=00;36:*.au=00;36:*.flac=00;36:*.m4a=00;36:*.mid=00;36:*.midi=00;36:*.mka=00;36:*.mp3=00;36:*.mpc=00;36:*.ogg=00;36:*.ra=00;36:*.wav=00;36:*.oga=00;36:*.opus=00;36:*.spx=00;36:*.xspf=00;36:'), ('VSCODE_GIT_IPC_HANDLE', '/run/user/1000/vscode-git-9fb0051d70.sock'), ('TERM_PROGRAM', 'vscode'), ('AMENT_PREFIX_PATH', '/home/unitree/projects/unitree_sdk2_python_g1/ws_livox/install/livox_ros_driver2:/home/unitree/cyclonedds_ws/install/rmw_cyclonedds_cpp:/opt/ros/foxy'), ('CONDA_PYTHON_EXE', '/home/unitree/Applications/anaconda3/bin/python'), ('SHELL', '/bin/bash'), ('LESSCLOSE', '/usr/bin/lesspipe %s %s'), ('VIRTUALENVWRAPPER_PROJECT_FILENAME', '.project'), ('VIRTUALENVWRAPPER_HOOK_DIR', '/home/unitree/Applications/virtualenvs'), ('VIRTUALENVWRAPPER_SCRIPT', '/home/unitree/.local/bin/virtualenvwrapper.sh'), ('VSCODE_GIT_ASKPASS_EXTRA_ARGS', ''), ('PWD', '/home/unitree/projects/unitree_sdk2_python_g1/ws_lio_ros2/build/pcl_ros'), ('CONDA_EXE', '/home/unitree/Applications/anaconda3/bin/conda'), ('SSH_CONNECTION', '192.168.124.98 64166 192.168.124.174 22'), ('XDG_DATA_DIRS', '/usr/local/share:/usr/share:/var/lib/snapd/desktop'), ('VIRTUALENVWRAPPER_VIRTUALENV', 'virtualenv'), ('PYTHONPATH', '/home/unitree/projects/unitree_sdk2_python_g1/ws_livox/install/livox_ros_driver2/lib/python3.8/site-packages:/opt/ros/foxy/lib/python3.8/site-packages'), ('COLCON', '1'), ('CMAKE_PREFIX_PATH', '/home/unitree/projects/unitree_sdk2_python_g1/ws_livox/install/livox_ros_driver2:/home/unitree/cyclonedds_ws/install/rmw_cyclonedds_cpp:/home/unitree/cyclonedds_ws/install/cyclonedds:/opt/ros/foxy')]), 'shell': False}
[0.099602] (-) TimerEvent: {}
[0.112212] (pcl_ros) StdoutLine: {'line': b'-- The C compiler identification is GNU 9.4.0\n'}
[0.191287] (pcl_ros) StdoutLine: {'line': b'-- The CXX compiler identification is GNU 9.4.0\n'}
[0.198619] (pcl_ros) StdoutLine: {'line': b'-- Check for working C compiler: /usr/bin/cc\n'}
[0.199648] (-) TimerEvent: {}
[0.300202] (-) TimerEvent: {}
[0.328537] (pcl_ros) StdoutLine: {'line': b'-- Check for working C compiler: /usr/bin/cc -- works\n'}
[0.329760] (pcl_ros) StdoutLine: {'line': b'-- Detecting C compiler ABI info\n'}
[0.400360] (-) TimerEvent: {}
[0.450990] (pcl_ros) StdoutLine: {'line': b'-- Detecting C compiler ABI info - done\n'}
[0.468825] (pcl_ros) StdoutLine: {'line': b'-- Detecting C compile features\n'}
[0.469381] (pcl_ros) StdoutLine: {'line': b'-- Detecting C compile features - done\n'}
[0.473266] (pcl_ros) StdoutLine: {'line': b'-- Check for working CXX compiler: /usr/bin/c++\n'}
[0.500519] (-) TimerEvent: {}
[0.601182] (-) TimerEvent: {}
[0.606740] (pcl_ros) StdoutLine: {'line': b'-- Check for working CXX compiler: /usr/bin/c++ -- works\n'}
[0.609465] (pcl_ros) StdoutLine: {'line': b'-- Detecting CXX compiler ABI info\n'}
[0.701350] (-) TimerEvent: {}
[0.745810] (pcl_ros) StdoutLine: {'line': b'-- Detecting CXX compiler ABI info - done\n'}
[0.774193] (pcl_ros) StdoutLine: {'line': b'-- Detecting CXX compile features\n'}
[0.775066] (pcl_ros) StdoutLine: {'line': b'-- Detecting CXX compile features - done\n'}
[0.801522] (-) TimerEvent: {}
[0.804038] (pcl_ros) StdoutLine: {'line': b"-- Checking for module 'eigen3'\n"}
[0.832243] (pcl_ros) StdoutLine: {'line': b'--   Found eigen3, version 3.4.0\n'}
[0.894971] (pcl_ros) StdoutLine: {'line': b'-- Found Eigen: /usr/include/eigen3 (Required is at least version "3.1") \n'}
[0.895441] (pcl_ros) StdoutLine: {'line': b'-- Eigen found (include: /usr/include/eigen3, version: 3.3.7)\n'}
[0.901601] (-) TimerEvent: {}
[1.002104] (-) TimerEvent: {}
[1.002709] (pcl_ros) StdoutLine: {'line': b"-- Checking for module 'flann'\n"}
[1.028182] (pcl_ros) StdoutLine: {'line': b'--   Found flann, version 1.9.1\n'}
[1.102391] (pcl_ros) StdoutLine: {'line': b'-- Found FLANN: /usr/lib/aarch64-linux-gnu/libflann_cpp.so  \n'}
[1.102845] (-) TimerEvent: {}
[1.184753] (pcl_ros) StdoutLine: {'line': b'-- The imported target "vtkParseOGLExt" references the file\n'}
[1.185214] (pcl_ros) StdoutLine: {'line': b'   "/usr/bin/vtkParseOGLExt-7.1"\n'}
[1.185339] (pcl_ros) StdoutLine: {'line': b'but this file does not exist.  Possible reasons include:\n'}
[1.185451] (pcl_ros) StdoutLine: {'line': b'* The file was deleted, renamed, or moved to another location.\n'}
[1.185556] (pcl_ros) StdoutLine: {'line': b'* An install or uninstall procedure did not complete successfully.\n'}
[1.185671] (pcl_ros) StdoutLine: {'line': b'* The installation package was faulty and contained\n'}
[1.185778] (pcl_ros) StdoutLine: {'line': b'   "/usr/lib/cmake/vtk-7.1/VTKTargets.cmake"\n'}
[1.185876] (pcl_ros) StdoutLine: {'line': b'but not all the files it references.\n'}
[1.185970] (pcl_ros) StdoutLine: {'line': b'\n'}
[1.186155] (pcl_ros) StdoutLine: {'line': b'-- The imported target "vtkRenderingPythonTkWidgets" references the file\n'}
[1.186264] (pcl_ros) StdoutLine: {'line': b'   "/usr/lib/aarch64-linux-gnu/libvtkRenderingPythonTkWidgets.so"\n'}
[1.186360] (pcl_ros) StdoutLine: {'line': b'but this file does not exist.  Possible reasons include:\n'}
[1.186453] (pcl_ros) StdoutLine: {'line': b'* The file was deleted, renamed, or moved to another location.\n'}
[1.186545] (pcl_ros) StdoutLine: {'line': b'* An install or uninstall procedure did not complete successfully.\n'}
[1.186636] (pcl_ros) StdoutLine: {'line': b'* The installation package was faulty and contained\n'}
[1.186727] (pcl_ros) StdoutLine: {'line': b'   "/usr/lib/cmake/vtk-7.1/VTKTargets.cmake"\n'}
[1.186819] (pcl_ros) StdoutLine: {'line': b'but not all the files it references.\n'}
[1.186910] (pcl_ros) StdoutLine: {'line': b'\n'}
[1.187193] (pcl_ros) StdoutLine: {'line': b'-- The imported target "vtk" references the file\n'}
[1.187355] (pcl_ros) StdoutLine: {'line': b'   "/usr/bin/vtk"\n'}
[1.187479] (pcl_ros) StdoutLine: {'line': b'but this file does not exist.  Possible reasons include:\n'}
[1.187660] (pcl_ros) StdoutLine: {'line': b'* The file was deleted, renamed, or moved to another location.\n'}
[1.187773] (pcl_ros) StdoutLine: {'line': b'* An install or uninstall procedure did not complete successfully.\n'}
[1.187879] (pcl_ros) StdoutLine: {'line': b'* The installation package was faulty and contained\n'}
[1.187980] (pcl_ros) StdoutLine: {'line': b'   "/usr/lib/cmake/vtk-7.1/VTKTargets.cmake"\n'}
[1.188078] (pcl_ros) StdoutLine: {'line': b'but not all the files it references.\n'}
[1.188262] (pcl_ros) StdoutLine: {'line': b'\n'}
[1.188378] (pcl_ros) StdoutLine: {'line': b'-- The imported target "pvtk" references the file\n'}
[1.188480] (pcl_ros) StdoutLine: {'line': b'   "/usr/bin/pvtk"\n'}
[1.188612] (pcl_ros) StdoutLine: {'line': b'but this file does not exist.  Possible reasons include:\n'}
[1.188714] (pcl_ros) StdoutLine: {'line': b'* The file was deleted, renamed, or moved to another location.\n'}
[1.188811] (pcl_ros) StdoutLine: {'line': b'* An install or uninstall procedure did not complete successfully.\n'}
[1.188905] (pcl_ros) StdoutLine: {'line': b'* The installation package was faulty and contained\n'}
[1.188998] (pcl_ros) StdoutLine: {'line': b'   "/usr/lib/cmake/vtk-7.1/VTKTargets.cmake"\n'}
[1.189091] (pcl_ros) StdoutLine: {'line': b'but not all the files it references.\n'}
[1.189183] (pcl_ros) StdoutLine: {'line': b'\n'}
[1.202974] (-) TimerEvent: {}
[1.233675] (pcl_ros) StdoutLine: {'line': b"-- Checking for module 'libusb-1.0'\n"}
[1.259870] (pcl_ros) StdoutLine: {'line': b'--   Found libusb-1.0, version 1.0.23\n'}
[1.303163] (-) TimerEvent: {}
[1.327477] (pcl_ros) StdoutLine: {'line': b'-- Found USB_10: /usr/lib/aarch64-linux-gnu/libusb-1.0.so  \n'}
[1.403353] (-) TimerEvent: {}
[1.430364] (pcl_ros) StdoutLine: {'line': b'-- OpenNI found (include: /usr/include/ni, lib: /usr/lib/libOpenNI.so)\n'}
[1.503525] (-) TimerEvent: {}
[1.542147] (pcl_ros) StdoutLine: {'line': b'-- OpenNI2 found (include: /usr/include/openni2, lib: /usr/lib/libOpenNI2.so)\n'}
[1.564597] (pcl_ros) StdoutLine: {'line': b'-- Found libusb-1.0: /usr/include  \n'}
[1.588945] (pcl_ros) StdoutLine: {'line': b'-- Found Qhull: optimized;/usr/lib/aarch64-linux-gnu/libqhull.so;debug;/usr/lib/aarch64-linux-gnu/libqhull.so  \n'}
[1.589386] (pcl_ros) StdoutLine: {'line': b'-- QHULL found (include: /usr/include, lib: optimized;/usr/lib/aarch64-linux-gnu/libqhull.so;debug;/usr/lib/aarch64-linux-gnu/libqhull.so)\n'}
[1.590644] (pcl_ros) StdoutLine: {'line': b'-- Found PCL_COMMON: /usr/lib/aarch64-linux-gnu/libpcl_common.so  \n'}
[1.592691] (pcl_ros) StdoutLine: {'line': b'-- Could NOT find PCL_CORE (missing: PCL_CORE_LIBRARY PCL_CORE_INCLUDE_DIR) \n'}
[1.594213] (pcl_ros) StdoutLine: {'line': b'-- Found PCL_KDTREE: /usr/lib/aarch64-linux-gnu/libpcl_kdtree.so  \n'}
[1.595929] (pcl_ros) StdoutLine: {'line': b'-- Found PCL_OCTREE: /usr/lib/aarch64-linux-gnu/libpcl_octree.so  \n'}
[1.597659] (pcl_ros) StdoutLine: {'line': b'-- Found PCL_SEARCH: /usr/lib/aarch64-linux-gnu/libpcl_search.so  \n'}
[1.598505] (pcl_ros) StdoutLine: {'line': b'-- Found PCL_2D: /usr/include/pcl-1.10  \n'}
[1.600173] (pcl_ros) StdoutLine: {'line': b'-- Found PCL_FEATURES: /usr/lib/aarch64-linux-gnu/libpcl_features.so  \n'}
[1.602029] (pcl_ros) StdoutLine: {'line': b'-- Found PCL_SAMPLE_CONSENSUS: /usr/lib/aarch64-linux-gnu/libpcl_sample_consensus.so  \n'}
[1.603555] (-) TimerEvent: {}
[1.603808] (pcl_ros) StdoutLine: {'line': b'-- Found PCL_FILTERS: /usr/lib/aarch64-linux-gnu/libpcl_filters.so  \n'}
[1.605744] (pcl_ros) StdoutLine: {'line': b'-- Found PCL_IO: /usr/lib/aarch64-linux-gnu/libpcl_io.so  \n'}
[1.606590] (pcl_ros) StdoutLine: {'line': b'-- Found PCL_GEOMETRY: /usr/include/pcl-1.10  \n'}
[1.608392] (pcl_ros) StdoutLine: {'line': b'-- Found PCL_ML: /usr/lib/aarch64-linux-gnu/libpcl_ml.so  \n'}
[1.610235] (pcl_ros) StdoutLine: {'line': b'-- Found PCL_SEGMENTATION: /usr/lib/aarch64-linux-gnu/libpcl_segmentation.so  \n'}
[1.612292] (pcl_ros) StdoutLine: {'line': b'-- Found PCL_SURFACE: /usr/lib/aarch64-linux-gnu/libpcl_surface.so  \n'}
[1.616178] (pcl_ros) StdoutLine: {'line': b'-- Found ament_cmake_ros: 0.9.2 (/opt/ros/foxy/share/ament_cmake_ros/cmake)\n'}
[1.666706] (pcl_ros) StdoutLine: {'line': b'-- Found PythonInterp: /usr/bin/python3.8 (found suitable version "3.8.10", minimum required is "3") \n'}
[1.667159] (pcl_ros) StdoutLine: {'line': b'-- Using PYTHON_EXECUTABLE: /usr/bin/python3.8\n'}
[1.703721] (-) TimerEvent: {}
[1.804819] (-) TimerEvent: {}
[1.905363] (-) TimerEvent: {}
[1.998916] (pcl_ros) StdoutLine: {'line': b'-- Found pcl_conversions: 2.2.1 (/opt/ros/foxy/share/pcl_conversions/cmake)\n'}
[2.005488] (-) TimerEvent: {}
[2.046375] (pcl_ros) StdoutLine: {'line': b'-- Using all available rosidl_typesupport_c: rosidl_typesupport_fastrtps_c;rosidl_typesupport_introspection_c\n'}
[2.056541] (pcl_ros) StdoutLine: {'line': b'-- Found rosidl_adapter: 1.3.1 (/opt/ros/foxy/share/rosidl_adapter/cmake)\n'}
[2.105695] (-) TimerEvent: {}
[2.202444] (pcl_ros) StdoutLine: {'line': b'-- Found OpenSSL: /usr/lib/aarch64-linux-gnu/libcrypto.so (found version "1.1.1f")  \n'}
[2.205729] (-) TimerEvent: {}
[2.246956] (pcl_ros) StdoutLine: {'line': b'-- Found FastRTPS: /opt/ros/foxy/include  \n'}
[2.305941] (-) TimerEvent: {}
[2.370451] (pcl_ros) StdoutLine: {'line': b'-- Using all available rosidl_typesupport_cpp: rosidl_typesupport_fastrtps_cpp;rosidl_typesupport_introspection_cpp\n'}
[2.406091] (-) TimerEvent: {}
[2.506702] (-) TimerEvent: {}
[2.607309] (-) TimerEvent: {}
[2.708527] (-) TimerEvent: {}
[2.809146] (-) TimerEvent: {}
[2.872269] (pcl_ros) StdoutLine: {'line': b'-- Found rmw_implementation_cmake: 1.0.4 (/opt/ros/foxy/share/rmw_implementation_cmake/cmake)\n'}
[2.874507] (pcl_ros) StdoutLine: {'line': b"-- Using RMW implementation 'rmw_cyclonedds_cpp' as default\n"}
[2.876450] (pcl_ros) StdoutLine: {'line': b'-- Looking for pthread.h\n'}
[2.909291] (-) TimerEvent: {}
[3.002730] (pcl_ros) StdoutLine: {'line': b'-- Looking for pthread.h - found\n'}
[3.003481] (pcl_ros) StdoutLine: {'line': b'-- Performing Test CMAKE_HAVE_LIBC_PTHREAD\n'}
[3.009378] (-) TimerEvent: {}
[3.109986] (-) TimerEvent: {}
[3.137969] (pcl_ros) StdoutLine: {'line': b'-- Performing Test CMAKE_HAVE_LIBC_PTHREAD - Failed\n'}
[3.138431] (pcl_ros) StdoutLine: {'line': b'-- Looking for pthread_create in pthreads\n'}
[3.210153] (-) TimerEvent: {}
[3.246492] (pcl_ros) StdoutLine: {'line': b'-- Looking for pthread_create in pthreads - not found\n'}
[3.246975] (pcl_ros) StdoutLine: {'line': b'-- Looking for pthread_create in pthread\n'}
[3.310319] (-) TimerEvent: {}
[3.377047] (pcl_ros) StdoutLine: {'line': b'-- Looking for pthread_create in pthread - found\n'}
[3.380553] (pcl_ros) StdoutLine: {'line': b'-- Found Threads: TRUE  \n'}
[3.410500] (-) TimerEvent: {}
[3.511596] (-) TimerEvent: {}
[3.612226] (-) TimerEvent: {}
[3.630175] (pcl_ros) StdoutLine: {'line': b'-- Found tf2: 0.13.14 (/opt/ros/foxy/share/tf2/cmake)\n'}
[3.647671] (pcl_ros) StdoutLine: {'line': b'-- Found tf2_geometry_msgs: 0.13.14 (/opt/ros/foxy/share/tf2_geometry_msgs/cmake)\n'}
[3.659541] (pcl_ros) StdoutLine: {'line': b'-- Found eigen3_cmake_module: 0.1.1 (/opt/ros/foxy/share/eigen3_cmake_module/cmake)\n'}
[3.661612] (pcl_ros) StdoutLine: {'line': b'-- Found Eigen3: TRUE (found version "3.3.7") \n'}
[3.712389] (-) TimerEvent: {}
[3.813074] (-) TimerEvent: {}
[3.913824] (-) TimerEvent: {}
[4.014573] (-) TimerEvent: {}
[4.115187] (-) TimerEvent: {}
[4.215814] (-) TimerEvent: {}
[4.266098] (pcl_ros) StdoutLine: {'line': b'-- Found ament_lint_auto: 0.9.8 (/opt/ros/foxy/share/ament_lint_auto/cmake)\n'}
[4.315944] (-) TimerEvent: {}
[4.404224] (pcl_ros) StdoutLine: {'line': b"-- Added test 'cppcheck' to perform static code analysis on C / C++ code\n"}
[4.405148] (pcl_ros) StdoutLine: {'line': b'-- Configured cppcheck include dirs: /home/unitree/projects/unitree_sdk2_python_g1/ws_lio_ros2/src/perception_pcl/pcl_ros/include\n'}
[4.405340] (pcl_ros) StdoutLine: {'line': b'-- Configured cppcheck exclude dirs and/or files: \n'}
[4.415401] (pcl_ros) StdoutLine: {'line': b"-- Added test 'cpplint' to check C / C++ code against the Google style\n"}
[4.415621] (pcl_ros) StdoutLine: {'line': b'-- Configured cpplint exclude dirs and/or files: \n'}
[4.415999] (-) TimerEvent: {}
[4.417403] (pcl_ros) StdoutLine: {'line': b"-- Added test 'flake8' to check Python code syntax and style conventions\n"}
[4.420403] (pcl_ros) StdoutLine: {'line': b"-- Added test 'lint_cmake' to check CMake code style\n"}
[4.422295] (pcl_ros) StdoutLine: {'line': b"-- Added test 'pep257' to check Python code against some of the style conventions in PEP 257\n"}
[4.432195] (pcl_ros) StdoutLine: {'line': b"-- Added test 'uncrustify' to check C / C++ code style\n"}
[4.432510] (pcl_ros) StdoutLine: {'line': b'-- Configured uncrustify additional arguments: \n'}
[4.434150] (pcl_ros) StdoutLine: {'line': b"-- Added test 'xmllint' to check XML markup files\n"}
[4.446243] (pcl_ros) StdoutLine: {'line': b'-- Configuring done\n'}
[4.516192] (-) TimerEvent: {}
[4.532248] (pcl_ros) StdoutLine: {'line': b'-- Generating done\n'}
[4.534709] (pcl_ros) StderrLine: {'line': b'CMake Warning:\n'}
[4.535005] (pcl_ros) StderrLine: {'line': b'  Manually-specified variables were not used by the project:\n'}
[4.535130] (pcl_ros) StderrLine: {'line': b'\n'}
[4.535239] (pcl_ros) StderrLine: {'line': b'    Python3_EXECUTABLE\n'}
[4.535344] (pcl_ros) StderrLine: {'line': b'\n'}
[4.535445] (pcl_ros) StderrLine: {'line': b'\n'}
[4.536555] (pcl_ros) StdoutLine: {'line': b'-- Build files have been written to: /home/unitree/projects/unitree_sdk2_python_g1/ws_lio_ros2/build/pcl_ros\n'}
[4.567819] (pcl_ros) CommandEnded: {'returncode': 0}
[4.569698] (pcl_ros) JobProgress: {'identifier': 'pcl_ros', 'progress': 'build'}
[4.571223] (pcl_ros) Command: {'cmd': ['/usr/bin/cmake', '--build', '/home/unitree/projects/unitree_sdk2_python_g1/ws_lio_ros2/build/pcl_ros', '--', '-j8', '-l8'], 'cwd': '/home/unitree/projects/unitree_sdk2_python_g1/ws_lio_ros2/build/pcl_ros', 'env': OrderedDict([('VIRTUALENVWRAPPER_WORKON_CD', '1'), ('LESSOPEN', '| /usr/bin/lesspipe %s'), ('WORKON_HOME', '/home/unitree/Applications/virtualenvs'), ('USER', 'unitree'), ('SSH_CLIENT', '192.168.124.98 64166 22'), ('XDG_SESSION_TYPE', 'tty'), ('GIT_ASKPASS', '/home/unitree/.vscode-server/cli/servers/Stable-7d842fb85a0275a4a8e4d7e040d2625abbf7f084/server/extensions/git/dist/askpass.sh'), ('SHLVL', '1'), ('LD_LIBRARY_PATH', '/home/unitree/projects/unitree_sdk2_python_g1/ws_livox/install/livox_ros_driver2/lib:/usr/local/cuda-11.4/lib64:/usr/local/lib:/home/unitree/cyclonedds_ws/install/rmw_cyclonedds_cpp/lib:/home/unitree/cyclonedds_ws/install/cyclonedds/lib:/opt/ros/foxy/opt/yaml_cpp_vendor/lib:/opt/ros/foxy/opt/rviz_ogre_vendor/lib:/opt/ros/foxy/lib/aarch64-linux-gnu:/opt/ros/foxy/lib:/usr/local/cuda-11.4/lib64:'), ('BROWSER', '/home/unitree/.vscode-server/cli/servers/Stable-7d842fb85a0275a4a8e4d7e040d2625abbf7f084/server/bin/helpers/browser.sh'), ('MOTD_SHOWN', 'pam'), ('HOME', '/home/unitree'), ('VIRTUALENVWRAPPER_PYTHON', '/usr/bin/python3'), ('CONDA_SHLVL', '0'), ('CYCLONEDDS_URI', '/home/unitree/cyclonedds_ws/cyclonedds.xml'), ('OLDPWD', '/home/unitree/projects/unitree_sdk2_python_g1/ws_lio_ros2/src'), ('TERM_PROGRAM_VERSION', '1.105.1'), ('VSCODE_IPC_HOOK_CLI', '/run/user/1000/vscode-ipc-814bda8a-28b7-4d83-82d2-f245e0a75e16.sock'), ('ROS_PYTHON_VERSION', '3'), ('VSCODE_GIT_ASKPASS_MAIN', '/home/unitree/.vscode-server/cli/servers/Stable-7d842fb85a0275a4a8e4d7e040d2625abbf7f084/server/extensions/git/dist/askpass-main.js'), ('VSCODE_GIT_ASKPASS_NODE', '/home/unitree/.vscode-server/cli/servers/Stable-7d842fb85a0275a4a8e4d7e040d2625abbf7f084/server/node'), ('SSL_CERT_FILE', '/usr/lib/ssl/certs/ca-certificates.crt'), ('VSCODE_PYTHON_AUTOACTIVATE_GUARD', '1'), ('DBUS_SESSION_BUS_ADDRESS', 'unix:path=/run/user/1000/bus'), ('COLORTERM', 'truecolor'), ('_CE_M', ''), ('COLCON_PREFIX_PATH', '/home/unitree/projects/unitree_sdk2_python_g1/ws_livox/install:/home/unitree/cyclonedds_ws/install'), ('ROS_DISTRO', 'foxy'), ('LOGNAME', 'unitree'), ('AMENT_PYTHON_EXECUTABLE', '/usr/bin/python3.8'), ('_', '/usr/bin/colcon'), ('ROS_VERSION', '2'), ('PKG_CONFIG_PATH', '/home/unitree/cyclonedds_ws/install/cyclonedds/lib/aarch64-linux-gnu/pkgconfig:/home/unitree/cyclonedds_ws/install/cyclonedds/lib/pkgconfig'), ('XDG_SESSION_CLASS', 'user'), ('TERM', 'xterm-256color'), ('XDG_SESSION_ID', '7'), ('_CE_CONDA', ''), ('ROS_LOCALHOST_ONLY', '0'), ('PATH', '/usr/bin:/usr/bin:/home/unitree/Applications/python3.10/bin:/home/unitree/.local/bin:/home/sakuzeng/Applications/anaconda3/bin:/usr/local/cuda-11.4/bin:/home/unitree/cyclonedds_ws/install/cyclonedds/bin:/opt/ros/foxy/bin:/home/unitree/.vscode-server/cli/servers/Stable-7d842fb85a0275a4a8e4d7e040d2625abbf7f084/server/bin/remote-cli:/home/unitree/.local/bin:/home/unitree/Applications/python3.10/bin:/home/unitree/.local/bin:/home/sakuzeng/Applications/anaconda3/bin:/home/unitree/Applications/anaconda3/condabin:/usr/local/cuda-11.4/bin:/usr/local/sbin:/usr/local/bin:/usr/sbin:/usr/bin:/sbin:/bin:/usr/games:/usr/local/games:/snap/bin:/home/unitree/.local/bin:/home/unitree/.vscode-server/data/User/globalStorage/github.copilot-chat/debugCommand:/home/unitree/.local/bin'), ('PYTHON_EXECUTABLE', '/usr/bin/python3.8'), ('XDG_RUNTIME_DIR', '/run/user/1000'), ('SSL_CERT_DIR', '/usr/lib/ssl/certs'), ('LANG', 'en_US.UTF-8'), ('RMW_IMPLEMENTATION', 'rmw_cyclonedds_cpp'), ('LS_COLORS', 'rs=0:di=01;34:ln=01;36:mh=00:pi=40;33:so=01;35:do=01;35:bd=40;33;01:cd=40;33;01:or=40;31;01:mi=00:su=37;41:sg=30;43:ca=30;41:tw=30;42:ow=34;42:st=37;44:ex=01;32:*.tar=01;31:*.tgz=01;31:*.arc=01;31:*.arj=01;31:*.taz=01;31:*.lha=01;31:*.lz4=01;31:*.lzh=01;31:*.lzma=01;31:*.tlz=01;31:*.txz=01;31:*.tzo=01;31:*.t7z=01;31:*.zip=01;31:*.z=01;31:*.dz=01;31:*.gz=01;31:*.lrz=01;31:*.lz=01;31:*.lzo=01;31:*.xz=01;31:*.zst=01;31:*.tzst=01;31:*.bz2=01;31:*.bz=01;31:*.tbz=01;31:*.tbz2=01;31:*.tz=01;31:*.deb=01;31:*.rpm=01;31:*.jar=01;31:*.war=01;31:*.ear=01;31:*.sar=01;31:*.rar=01;31:*.alz=01;31:*.ace=01;31:*.zoo=01;31:*.cpio=01;31:*.7z=01;31:*.rz=01;31:*.cab=01;31:*.wim=01;31:*.swm=01;31:*.dwm=01;31:*.esd=01;31:*.jpg=01;35:*.jpeg=01;35:*.mjpg=01;35:*.mjpeg=01;35:*.gif=01;35:*.bmp=01;35:*.pbm=01;35:*.pgm=01;35:*.ppm=01;35:*.tga=01;35:*.xbm=01;35:*.xpm=01;35:*.tif=01;35:*.tiff=01;35:*.png=01;35:*.svg=01;35:*.svgz=01;35:*.mng=01;35:*.pcx=01;35:*.mov=01;35:*.mpg=01;35:*.mpeg=01;35:*.m2v=01;35:*.mkv=01;35:*.webm=01;35:*.ogm=01;35:*.mp4=01;35:*.m4v=01;35:*.mp4v=01;35:*.vob=01;35:*.qt=01;35:*.nuv=01;35:*.wmv=01;35:*.asf=01;35:*.rm=01;35:*.rmvb=01;35:*.flc=01;35:*.avi=01;35:*.fli=01;35:*.flv=01;35:*.gl=01;35:*.dl=01;35:*.xcf=01;35:*.xwd=01;35:*.yuv=01;35:*.cgm=01;35:*.emf=01;35:*.ogv=01;35:*.ogx=01;35:*.aac=00;36:*.au=00;36:*.flac=00;36:*.m4a=00;36:*.mid=00;36:*.midi=00;36:*.mka=00;36:*.mp3=00;36:*.mpc=00;36:*.ogg=00;36:*.ra=00;36:*.wav=00;36:*.oga=00;36:*.opus=00;36:*.spx=00;36:*.xspf=00;36:'), ('VSCODE_GIT_IPC_HANDLE', '/run/user/1000/vscode-git-9fb0051d70.sock'), ('TERM_PROGRAM', 'vscode'), ('AMENT_PREFIX_PATH', '/home/unitree/projects/unitree_sdk2_python_g1/ws_livox/install/livox_ros_driver2:/home/unitree/cyclonedds_ws/install/rmw_cyclonedds_cpp:/opt/ros/foxy'), ('CONDA_PYTHON_EXE', '/home/unitree/Applications/anaconda3/bin/python'), ('SHELL', '/bin/bash'), ('LESSCLOSE', '/usr/bin/lesspipe %s %s'), ('VIRTUALENVWRAPPER_PROJECT_FILENAME', '.project'), ('VIRTUALENVWRAPPER_HOOK_DIR', '/home/unitree/Applications/virtualenvs'), ('VIRTUALENVWRAPPER_SCRIPT', '/home/unitree/.local/bin/virtualenvwrapper.sh'), ('VSCODE_GIT_ASKPASS_EXTRA_ARGS', ''), ('PWD', '/home/unitree/projects/unitree_sdk2_python_g1/ws_lio_ros2/build/pcl_ros'), ('CONDA_EXE', '/home/unitree/Applications/anaconda3/bin/conda'), ('SSH_CONNECTION', '192.168.124.98 64166 192.168.124.174 22'), ('XDG_DATA_DIRS', '/usr/local/share:/usr/share:/var/lib/snapd/desktop'), ('VIRTUALENVWRAPPER_VIRTUALENV', 'virtualenv'), ('PYTHONPATH', '/home/unitree/projects/unitree_sdk2_python_g1/ws_livox/install/livox_ros_driver2/lib/python3.8/site-packages:/opt/ros/foxy/lib/python3.8/site-packages'), ('COLCON', '1'), ('CMAKE_PREFIX_PATH', '/home/unitree/projects/unitree_sdk2_python_g1/ws_livox/install/livox_ros_driver2:/home/unitree/cyclonedds_ws/install/rmw_cyclonedds_cpp:/home/unitree/cyclonedds_ws/install/cyclonedds:/opt/ros/foxy')]), 'shell': False}
[4.616415] (-) TimerEvent: {}
[4.658900] (pcl_ros) StdoutLine: {'line': b'\x1b[35m\x1b[1mScanning dependencies of target pcl_ros_tf\x1b[0m\n'}
[4.716575] (-) TimerEvent: {}
[4.805287] (pcl_ros) StdoutLine: {'line': b'[ 50%] \x1b[32mBuilding CXX object CMakeFiles/pcl_ros_tf.dir/src/transforms.cpp.o\x1b[0m\n'}
[4.816766] (-) TimerEvent: {}
[4.917431] (-) TimerEvent: {}
[5.018083] (-) TimerEvent: {}
[5.118709] (-) TimerEvent: {}
[5.219346] (-) TimerEvent: {}
[5.319968] (-) TimerEvent: {}
[5.420592] (-) TimerEvent: {}
[5.521233] (-) TimerEvent: {}
[5.621930] (-) TimerEvent: {}
[5.722672] (-) TimerEvent: {}
[5.823312] (-) TimerEvent: {}
[5.923995] (-) TimerEvent: {}
[6.024621] (-) TimerEvent: {}
[6.125357] (-) TimerEvent: {}
[6.226097] (-) TimerEvent: {}
[6.326845] (-) TimerEvent: {}
[6.427497] (-) TimerEvent: {}
[6.528164] (-) TimerEvent: {}
[6.628962] (-) TimerEvent: {}
[6.729745] (-) TimerEvent: {}
[6.830462] (-) TimerEvent: {}
[6.931115] (-) TimerEvent: {}
[7.031741] (-) TimerEvent: {}
[7.132370] (-) TimerEvent: {}
[7.233010] (-) TimerEvent: {}
[7.333629] (-) TimerEvent: {}
[7.434277] (-) TimerEvent: {}
[7.534904] (-) TimerEvent: {}
[7.635538] (-) TimerEvent: {}
[7.736159] (-) TimerEvent: {}
[7.836789] (-) TimerEvent: {}
[7.937397] (-) TimerEvent: {}
[8.038034] (-) TimerEvent: {}
[8.138671] (-) TimerEvent: {}
[8.239501] (-) TimerEvent: {}
[8.340292] (-) TimerEvent: {}
[8.440960] (-) TimerEvent: {}
[8.541743] (-) TimerEvent: {}
[8.642370] (-) TimerEvent: {}
[8.742991] (-) TimerEvent: {}
[8.843615] (-) TimerEvent: {}
[8.944246] (-) TimerEvent: {}
[9.044859] (-) TimerEvent: {}
[9.145479] (-) TimerEvent: {}
[9.246147] (-) TimerEvent: {}
[9.346891] (-) TimerEvent: {}
[9.447607] (-) TimerEvent: {}
[9.548460] (-) TimerEvent: {}
[9.649195] (-) TimerEvent: {}
[9.749901] (-) TimerEvent: {}
[9.850567] (-) TimerEvent: {}
[9.951336] (-) TimerEvent: {}
[10.052023] (-) TimerEvent: {}
[10.152730] (-) TimerEvent: {}
[10.253532] (-) TimerEvent: {}
[10.354236] (-) TimerEvent: {}
[10.454906] (-) TimerEvent: {}
[10.555582] (-) TimerEvent: {}
[10.656256] (-) TimerEvent: {}
[10.756878] (-) TimerEvent: {}
[10.857508] (-) TimerEvent: {}
[10.958175] (-) TimerEvent: {}
[11.058806] (-) TimerEvent: {}
[11.159436] (-) TimerEvent: {}
[11.260061] (-) TimerEvent: {}
[11.360679] (-) TimerEvent: {}
[11.461302] (-) TimerEvent: {}
[11.561995] (-) TimerEvent: {}
[11.662626] (-) TimerEvent: {}
[11.763253] (-) TimerEvent: {}
[11.863924] (-) TimerEvent: {}
[11.964616] (-) TimerEvent: {}
[12.065283] (-) TimerEvent: {}
[12.165943] (-) TimerEvent: {}
[12.266577] (-) TimerEvent: {}
[12.367200] (-) TimerEvent: {}
[12.467828] (-) TimerEvent: {}
[12.568458] (-) TimerEvent: {}
[12.669084] (-) TimerEvent: {}
[12.769719] (-) TimerEvent: {}
[12.870338] (-) TimerEvent: {}
[12.970992] (-) TimerEvent: {}
[13.071776] (-) TimerEvent: {}
[13.172409] (-) TimerEvent: {}
[13.273045] (-) TimerEvent: {}
[13.373737] (-) TimerEvent: {}
[13.474365] (-) TimerEvent: {}
[13.574983] (-) TimerEvent: {}
[13.675614] (-) TimerEvent: {}
[13.776256] (-) TimerEvent: {}
[13.876933] (-) TimerEvent: {}
[13.977570] (-) TimerEvent: {}
[14.078222] (-) TimerEvent: {}
[14.178853] (-) TimerEvent: {}
[14.279481] (-) TimerEvent: {}
[14.380115] (-) TimerEvent: {}
[14.480749] (-) TimerEvent: {}
[14.581523] (-) TimerEvent: {}
[14.682178] (-) TimerEvent: {}
[14.782801] (-) TimerEvent: {}
[14.883431] (-) TimerEvent: {}
[14.984063] (-) TimerEvent: {}
[15.084691] (-) TimerEvent: {}
[15.185320] (-) TimerEvent: {}
[15.285959] (-) TimerEvent: {}
[15.386581] (-) TimerEvent: {}
[15.487202] (-) TimerEvent: {}
[15.587847] (-) TimerEvent: {}
[15.688587] (-) TimerEvent: {}
[15.789247] (-) TimerEvent: {}
[15.889892] (-) TimerEvent: {}
[15.990592] (-) TimerEvent: {}
[16.091302] (-) TimerEvent: {}
[16.191920] (-) TimerEvent: {}
[16.292559] (-) TimerEvent: {}
[16.393188] (-) TimerEvent: {}
[16.493795] (-) TimerEvent: {}
[16.594431] (-) TimerEvent: {}
[16.695061] (-) TimerEvent: {}
[16.795696] (-) TimerEvent: {}
[16.896325] (-) TimerEvent: {}
[16.996951] (-) TimerEvent: {}
[17.097576] (-) TimerEvent: {}
[17.198223] (-) TimerEvent: {}
[17.298834] (-) TimerEvent: {}
[17.399453] (-) TimerEvent: {}
[17.500109] (-) TimerEvent: {}
[17.600734] (-) TimerEvent: {}
[17.701409] (-) TimerEvent: {}
[17.802140] (-) TimerEvent: {}
[17.902894] (-) TimerEvent: {}
[18.003577] (-) TimerEvent: {}
[18.104314] (-) TimerEvent: {}
[18.204940] (-) TimerEvent: {}
[18.305565] (-) TimerEvent: {}
[18.406218] (-) TimerEvent: {}
[18.506848] (-) TimerEvent: {}
[18.607492] (-) TimerEvent: {}
[18.708155] (-) TimerEvent: {}
[18.808926] (-) TimerEvent: {}
[18.909541] (-) TimerEvent: {}
[19.010194] (-) TimerEvent: {}
[19.110932] (-) TimerEvent: {}
[19.211709] (-) TimerEvent: {}
[19.312420] (-) TimerEvent: {}
[19.413240] (-) TimerEvent: {}
[19.514040] (-) TimerEvent: {}
[19.614706] (-) TimerEvent: {}
[19.715382] (-) TimerEvent: {}
[19.816088] (-) TimerEvent: {}
[19.916803] (-) TimerEvent: {}
[20.017610] (-) TimerEvent: {}
[20.118453] (-) TimerEvent: {}
[20.219273] (-) TimerEvent: {}
[20.319953] (-) TimerEvent: {}
[20.420753] (-) TimerEvent: {}
[20.521448] (-) TimerEvent: {}
[20.622289] (-) TimerEvent: {}
[20.723112] (-) TimerEvent: {}
[20.823931] (-) TimerEvent: {}
[20.924714] (-) TimerEvent: {}
[21.025377] (-) TimerEvent: {}
[21.126189] (-) TimerEvent: {}
[21.226901] (-) TimerEvent: {}
[21.327565] (-) TimerEvent: {}
[21.428393] (-) TimerEvent: {}
[21.529166] (-) TimerEvent: {}
[21.629831] (-) TimerEvent: {}
[21.731132] (-) TimerEvent: {}
[21.831789] (-) TimerEvent: {}
[21.932491] (-) TimerEvent: {}
[22.033180] (-) TimerEvent: {}
[22.133860] (-) TimerEvent: {}
[22.234501] (-) TimerEvent: {}
[22.335233] (-) TimerEvent: {}
[22.435893] (-) TimerEvent: {}
[22.536556] (-) TimerEvent: {}
[22.637736] (-) TimerEvent: {}
[22.738487] (-) TimerEvent: {}
[22.839168] (-) TimerEvent: {}
[22.941230] (-) TimerEvent: {}
[23.042020] (-) TimerEvent: {}
[23.142652] (-) TimerEvent: {}
[23.243344] (-) TimerEvent: {}
[23.343964] (-) TimerEvent: {}
[23.445035] (-) TimerEvent: {}
[23.545706] (-) TimerEvent: {}
[23.646729] (-) TimerEvent: {}
[23.747401] (-) TimerEvent: {}
[23.848443] (-) TimerEvent: {}
[23.949073] (-) TimerEvent: {}
[24.049753] (-) TimerEvent: {}
[24.150401] (-) TimerEvent: {}
[24.251122] (-) TimerEvent: {}
[24.352198] (-) TimerEvent: {}
[24.452860] (-) TimerEvent: {}
[24.553788] (-) TimerEvent: {}
[24.654468] (-) TimerEvent: {}
[24.755237] (-) TimerEvent: {}
[24.855988] (-) TimerEvent: {}
[24.956785] (-) TimerEvent: {}
[25.057571] (-) TimerEvent: {}
[25.158219] (-) TimerEvent: {}
[25.259512] (-) TimerEvent: {}
[25.360197] (-) TimerEvent: {}
[25.460842] (-) TimerEvent: {}
[25.561473] (-) TimerEvent: {}
[25.662176] (-) TimerEvent: {}
[25.762800] (-) TimerEvent: {}
[25.863453] (-) TimerEvent: {}
[25.964067] (-) TimerEvent: {}
[26.064696] (-) TimerEvent: {}
[26.165331] (-) TimerEvent: {}
[26.266093] (-) TimerEvent: {}
[26.366725] (-) TimerEvent: {}
[26.467394] (-) TimerEvent: {}
[26.568052] (-) TimerEvent: {}
[26.668734] (-) TimerEvent: {}
[26.769502] (-) TimerEvent: {}
[26.870174] (-) TimerEvent: {}
[26.970882] (-) TimerEvent: {}
[27.071562] (-) TimerEvent: {}
[27.172342] (-) TimerEvent: {}
[27.273005] (-) TimerEvent: {}
[27.373764] (-) TimerEvent: {}
[27.474401] (-) TimerEvent: {}
[27.575063] (-) TimerEvent: {}
[27.675836] (-) TimerEvent: {}
[27.776501] (-) TimerEvent: {}
[27.877276] (-) TimerEvent: {}
[27.977934] (-) TimerEvent: {}
[28.078594] (-) TimerEvent: {}
[28.179304] (-) TimerEvent: {}
[28.279940] (-) TimerEvent: {}
[28.380578] (-) TimerEvent: {}
[28.481219] (-) TimerEvent: {}
[28.581868] (-) TimerEvent: {}
[28.682527] (-) TimerEvent: {}
[28.783172] (-) TimerEvent: {}
[28.883829] (-) TimerEvent: {}
[28.984482] (-) TimerEvent: {}
[29.085149] (-) TimerEvent: {}
[29.185794] (-) TimerEvent: {}
[29.286426] (-) TimerEvent: {}
[29.293614] (pcl_ros) StdoutLine: {'line': b'[100%] \x1b[32m\x1b[1mLinking CXX shared library libpcl_ros_tf.so\x1b[0m\n'}
[29.386603] (-) TimerEvent: {}
[29.487253] (-) TimerEvent: {}
[29.587908] (-) TimerEvent: {}
[29.688564] (-) TimerEvent: {}
[29.789286] (-) TimerEvent: {}
[29.847024] (pcl_ros) StdoutLine: {'line': b'[100%] Built target pcl_ros_tf\n'}
[29.871053] (pcl_ros) CommandEnded: {'returncode': 0}
[29.889503] (-) TimerEvent: {}
[29.917794] (pcl_ros) JobProgress: {'identifier': 'pcl_ros', 'progress': 'install'}
[29.940557] (pcl_ros) Command: {'cmd': ['/usr/bin/cmake', '--install', '/home/unitree/projects/unitree_sdk2_python_g1/ws_lio_ros2/build/pcl_ros'], 'cwd': '/home/unitree/projects/unitree_sdk2_python_g1/ws_lio_ros2/build/pcl_ros', 'env': OrderedDict([('VIRTUALENVWRAPPER_WORKON_CD', '1'), ('LESSOPEN', '| /usr/bin/lesspipe %s'), ('WORKON_HOME', '/home/unitree/Applications/virtualenvs'), ('USER', 'unitree'), ('SSH_CLIENT', '192.168.124.98 64166 22'), ('XDG_SESSION_TYPE', 'tty'), ('GIT_ASKPASS', '/home/unitree/.vscode-server/cli/servers/Stable-7d842fb85a0275a4a8e4d7e040d2625abbf7f084/server/extensions/git/dist/askpass.sh'), ('SHLVL', '1'), ('LD_LIBRARY_PATH', '/home/unitree/projects/unitree_sdk2_python_g1/ws_livox/install/livox_ros_driver2/lib:/usr/local/cuda-11.4/lib64:/usr/local/lib:/home/unitree/cyclonedds_ws/install/rmw_cyclonedds_cpp/lib:/home/unitree/cyclonedds_ws/install/cyclonedds/lib:/opt/ros/foxy/opt/yaml_cpp_vendor/lib:/opt/ros/foxy/opt/rviz_ogre_vendor/lib:/opt/ros/foxy/lib/aarch64-linux-gnu:/opt/ros/foxy/lib:/usr/local/cuda-11.4/lib64:'), ('BROWSER', '/home/unitree/.vscode-server/cli/servers/Stable-7d842fb85a0275a4a8e4d7e040d2625abbf7f084/server/bin/helpers/browser.sh'), ('MOTD_SHOWN', 'pam'), ('HOME', '/home/unitree'), ('VIRTUALENVWRAPPER_PYTHON', '/usr/bin/python3'), ('CONDA_SHLVL', '0'), ('CYCLONEDDS_URI', '/home/unitree/cyclonedds_ws/cyclonedds.xml'), ('OLDPWD', '/home/unitree/projects/unitree_sdk2_python_g1/ws_lio_ros2/src'), ('TERM_PROGRAM_VERSION', '1.105.1'), ('VSCODE_IPC_HOOK_CLI', '/run/user/1000/vscode-ipc-814bda8a-28b7-4d83-82d2-f245e0a75e16.sock'), ('ROS_PYTHON_VERSION', '3'), ('VSCODE_GIT_ASKPASS_MAIN', '/home/unitree/.vscode-server/cli/servers/Stable-7d842fb85a0275a4a8e4d7e040d2625abbf7f084/server/extensions/git/dist/askpass-main.js'), ('VSCODE_GIT_ASKPASS_NODE', '/home/unitree/.vscode-server/cli/servers/Stable-7d842fb85a0275a4a8e4d7e040d2625abbf7f084/server/node'), ('SSL_CERT_FILE', '/usr/lib/ssl/certs/ca-certificates.crt'), ('VSCODE_PYTHON_AUTOACTIVATE_GUARD', '1'), ('DBUS_SESSION_BUS_ADDRESS', 'unix:path=/run/user/1000/bus'), ('COLORTERM', 'truecolor'), ('_CE_M', ''), ('COLCON_PREFIX_PATH', '/home/unitree/projects/unitree_sdk2_python_g1/ws_livox/install:/home/unitree/cyclonedds_ws/install'), ('ROS_DISTRO', 'foxy'), ('LOGNAME', 'unitree'), ('AMENT_PYTHON_EXECUTABLE', '/usr/bin/python3.8'), ('_', '/usr/bin/colcon'), ('ROS_VERSION', '2'), ('PKG_CONFIG_PATH', '/home/unitree/cyclonedds_ws/install/cyclonedds/lib/aarch64-linux-gnu/pkgconfig:/home/unitree/cyclonedds_ws/install/cyclonedds/lib/pkgconfig'), ('XDG_SESSION_CLASS', 'user'), ('TERM', 'xterm-256color'), ('XDG_SESSION_ID', '7'), ('_CE_CONDA', ''), ('ROS_LOCALHOST_ONLY', '0'), ('PATH', '/usr/bin:/usr/bin:/home/unitree/Applications/python3.10/bin:/home/unitree/.local/bin:/home/sakuzeng/Applications/anaconda3/bin:/usr/local/cuda-11.4/bin:/home/unitree/cyclonedds_ws/install/cyclonedds/bin:/opt/ros/foxy/bin:/home/unitree/.vscode-server/cli/servers/Stable-7d842fb85a0275a4a8e4d7e040d2625abbf7f084/server/bin/remote-cli:/home/unitree/.local/bin:/home/unitree/Applications/python3.10/bin:/home/unitree/.local/bin:/home/sakuzeng/Applications/anaconda3/bin:/home/unitree/Applications/anaconda3/condabin:/usr/local/cuda-11.4/bin:/usr/local/sbin:/usr/local/bin:/usr/sbin:/usr/bin:/sbin:/bin:/usr/games:/usr/local/games:/snap/bin:/home/unitree/.local/bin:/home/unitree/.vscode-server/data/User/globalStorage/github.copilot-chat/debugCommand:/home/unitree/.local/bin'), ('PYTHON_EXECUTABLE', '/usr/bin/python3.8'), ('XDG_RUNTIME_DIR', '/run/user/1000'), ('SSL_CERT_DIR', '/usr/lib/ssl/certs'), ('LANG', 'en_US.UTF-8'), ('RMW_IMPLEMENTATION', 'rmw_cyclonedds_cpp'), ('LS_COLORS', 'rs=0:di=01;34:ln=01;36:mh=00:pi=40;33:so=01;35:do=01;35:bd=40;33;01:cd=40;33;01:or=40;31;01:mi=00:su=37;41:sg=30;43:ca=30;41:tw=30;42:ow=34;42:st=37;44:ex=01;32:*.tar=01;31:*.tgz=01;31:*.arc=01;31:*.arj=01;31:*.taz=01;31:*.lha=01;31:*.lz4=01;31:*.lzh=01;31:*.lzma=01;31:*.tlz=01;31:*.txz=01;31:*.tzo=01;31:*.t7z=01;31:*.zip=01;31:*.z=01;31:*.dz=01;31:*.gz=01;31:*.lrz=01;31:*.lz=01;31:*.lzo=01;31:*.xz=01;31:*.zst=01;31:*.tzst=01;31:*.bz2=01;31:*.bz=01;31:*.tbz=01;31:*.tbz2=01;31:*.tz=01;31:*.deb=01;31:*.rpm=01;31:*.jar=01;31:*.war=01;31:*.ear=01;31:*.sar=01;31:*.rar=01;31:*.alz=01;31:*.ace=01;31:*.zoo=01;31:*.cpio=01;31:*.7z=01;31:*.rz=01;31:*.cab=01;31:*.wim=01;31:*.swm=01;31:*.dwm=01;31:*.esd=01;31:*.jpg=01;35:*.jpeg=01;35:*.mjpg=01;35:*.mjpeg=01;35:*.gif=01;35:*.bmp=01;35:*.pbm=01;35:*.pgm=01;35:*.ppm=01;35:*.tga=01;35:*.xbm=01;35:*.xpm=01;35:*.tif=01;35:*.tiff=01;35:*.png=01;35:*.svg=01;35:*.svgz=01;35:*.mng=01;35:*.pcx=01;35:*.mov=01;35:*.mpg=01;35:*.mpeg=01;35:*.m2v=01;35:*.mkv=01;35:*.webm=01;35:*.ogm=01;35:*.mp4=01;35:*.m4v=01;35:*.mp4v=01;35:*.vob=01;35:*.qt=01;35:*.nuv=01;35:*.wmv=01;35:*.asf=01;35:*.rm=01;35:*.rmvb=01;35:*.flc=01;35:*.avi=01;35:*.fli=01;35:*.flv=01;35:*.gl=01;35:*.dl=01;35:*.xcf=01;35:*.xwd=01;35:*.yuv=01;35:*.cgm=01;35:*.emf=01;35:*.ogv=01;35:*.ogx=01;35:*.aac=00;36:*.au=00;36:*.flac=00;36:*.m4a=00;36:*.mid=00;36:*.midi=00;36:*.mka=00;36:*.mp3=00;36:*.mpc=00;36:*.ogg=00;36:*.ra=00;36:*.wav=00;36:*.oga=00;36:*.opus=00;36:*.spx=00;36:*.xspf=00;36:'), ('VSCODE_GIT_IPC_HANDLE', '/run/user/1000/vscode-git-9fb0051d70.sock'), ('TERM_PROGRAM', 'vscode'), ('AMENT_PREFIX_PATH', '/home/unitree/projects/unitree_sdk2_python_g1/ws_livox/install/livox_ros_driver2:/home/unitree/cyclonedds_ws/install/rmw_cyclonedds_cpp:/opt/ros/foxy'), ('CONDA_PYTHON_EXE', '/home/unitree/Applications/anaconda3/bin/python'), ('SHELL', '/bin/bash'), ('LESSCLOSE', '/usr/bin/lesspipe %s %s'), ('VIRTUALENVWRAPPER_PROJECT_FILENAME', '.project'), ('VIRTUALENVWRAPPER_HOOK_DIR', '/home/unitree/Applications/virtualenvs'), ('VIRTUALENVWRAPPER_SCRIPT', '/home/unitree/.local/bin/virtualenvwrapper.sh'), ('VSCODE_GIT_ASKPASS_EXTRA_ARGS', ''), ('PWD', '/home/unitree/projects/unitree_sdk2_python_g1/ws_lio_ros2/build/pcl_ros'), ('CONDA_EXE', '/home/unitree/Applications/anaconda3/bin/conda'), ('SSH_CONNECTION', '192.168.124.98 64166 192.168.124.174 22'), ('XDG_DATA_DIRS', '/usr/local/share:/usr/share:/var/lib/snapd/desktop'), ('VIRTUALENVWRAPPER_VIRTUALENV', 'virtualenv'), ('PYTHONPATH', '/home/unitree/projects/unitree_sdk2_python_g1/ws_livox/install/livox_ros_driver2/lib/python3.8/site-packages:/opt/ros/foxy/lib/python3.8/site-packages'), ('COLCON', '1'), ('CMAKE_PREFIX_PATH', '/home/unitree/projects/unitree_sdk2_python_g1/ws_livox/install/livox_ros_driver2:/home/unitree/cyclonedds_ws/install/rmw_cyclonedds_cpp:/home/unitree/cyclonedds_ws/install/cyclonedds:/opt/ros/foxy')]), 'shell': False}
[29.961845] (pcl_ros) StdoutLine: {'line': b'-- Install configuration: "Release"\n'}
[29.962508] (pcl_ros) StdoutLine: {'line': b'-- Installing: /home/unitree/projects/unitree_sdk2_python_g1/ws_lio_ros2/install/pcl_ros/include\n'}
[29.962684] (pcl_ros) StdoutLine: {'line': b'-- Installing: /home/unitree/projects/unitree_sdk2_python_g1/ws_lio_ros2/install/pcl_ros/include/pcl_ros\n'}
[29.962831] (pcl_ros) StdoutLine: {'line': b'-- Installing: /home/unitree/projects/unitree_sdk2_python_g1/ws_lio_ros2/install/pcl_ros/include/pcl_ros/publisher.hpp\n'}
[29.962955] (pcl_ros) StdoutLine: {'line': b'-- Installing: /home/unitree/projects/unitree_sdk2_python_g1/ws_lio_ros2/install/pcl_ros/include/pcl_ros/point_cloud.hpp\n'}
[29.963064] (pcl_ros) StdoutLine: {'line': b'-- Installing: /home/unitree/projects/unitree_sdk2_python_g1/ws_lio_ros2/install/pcl_ros/include/pcl_ros/features\n'}
[29.963228] (pcl_ros) StdoutLine: {'line': b'-- Installing: /home/unitree/projects/unitree_sdk2_python_g1/ws_lio_ros2/install/pcl_ros/include/pcl_ros/features/principal_curvatures.hpp\n'}
[29.963367] (pcl_ros) StdoutLine: {'line': b'-- Installing: /home/unitree/projects/unitree_sdk2_python_g1/ws_lio_ros2/install/pcl_ros/include/pcl_ros/features/moment_invariants.hpp\n'}
[29.963497] (pcl_ros) StdoutLine: {'line': b'-- Installing: /home/unitree/projects/unitree_sdk2_python_g1/ws_lio_ros2/install/pcl_ros/include/pcl_ros/features/normal_3d.hpp\n'}
[29.963626] (pcl_ros) StdoutLine: {'line': b'-- Installing: /home/unitree/projects/unitree_sdk2_python_g1/ws_lio_ros2/install/pcl_ros/include/pcl_ros/features/normal_3d_omp.hpp\n'}
[29.963802] (pcl_ros) StdoutLine: {'line': b'-- Installing: /home/unitree/projects/unitree_sdk2_python_g1/ws_lio_ros2/install/pcl_ros/include/pcl_ros/features/shot_omp.hpp\n'}
[29.963998] (pcl_ros) StdoutLine: {'line': b'-- Installing: /home/unitree/projects/unitree_sdk2_python_g1/ws_lio_ros2/install/pcl_ros/include/pcl_ros/features/boundary.hpp\n'}
[29.964219] (pcl_ros) StdoutLine: {'line': b'-- Installing: /home/unitree/projects/unitree_sdk2_python_g1/ws_lio_ros2/install/pcl_ros/include/pcl_ros/features/fpfh.hpp\n'}
[29.964454] (pcl_ros) StdoutLine: {'line': b'-- Installing: /home/unitree/projects/unitree_sdk2_python_g1/ws_lio_ros2/install/pcl_ros/include/pcl_ros/features/pfh.hpp\n'}
[29.964606] (pcl_ros) StdoutLine: {'line': b'-- Installing: /home/unitree/projects/unitree_sdk2_python_g1/ws_lio_ros2/install/pcl_ros/include/pcl_ros/features/vfh.hpp\n'}
[29.964749] (pcl_ros) StdoutLine: {'line': b'-- Installing: /home/unitree/projects/unitree_sdk2_python_g1/ws_lio_ros2/install/pcl_ros/include/pcl_ros/features/feature.hpp\n'}
[29.964889] (pcl_ros) StdoutLine: {'line': b'-- Installing: /home/unitree/projects/unitree_sdk2_python_g1/ws_lio_ros2/install/pcl_ros/include/pcl_ros/features/shot.hpp\n'}
[29.965016] (pcl_ros) StdoutLine: {'line': b'-- Installing: /home/unitree/projects/unitree_sdk2_python_g1/ws_lio_ros2/install/pcl_ros/include/pcl_ros/features/fpfh_omp.hpp\n'}
[29.965125] (pcl_ros) StdoutLine: {'line': b'-- Installing: /home/unitree/projects/unitree_sdk2_python_g1/ws_lio_ros2/install/pcl_ros/include/pcl_ros/features/normal_3d_tbb.hpp\n'}
[29.965238] (pcl_ros) StdoutLine: {'line': b'-- Installing: /home/unitree/projects/unitree_sdk2_python_g1/ws_lio_ros2/install/pcl_ros/include/pcl_ros/pcl_nodelet.hpp\n'}
[29.965349] (pcl_ros) StdoutLine: {'line': b'-- Installing: /home/unitree/projects/unitree_sdk2_python_g1/ws_lio_ros2/install/pcl_ros/include/pcl_ros/io\n'}
[29.965449] (pcl_ros) StdoutLine: {'line': b'-- Installing: /home/unitree/projects/unitree_sdk2_python_g1/ws_lio_ros2/install/pcl_ros/include/pcl_ros/io/concatenate_data.hpp\n'}
[29.965544] (pcl_ros) StdoutLine: {'line': b'-- Installing: /home/unitree/projects/unitree_sdk2_python_g1/ws_lio_ros2/install/pcl_ros/include/pcl_ros/io/pcd_io.hpp\n'}
[29.965767] (pcl_ros) StdoutLine: {'line': b'-- Installing: /home/unitree/projects/unitree_sdk2_python_g1/ws_lio_ros2/install/pcl_ros/include/pcl_ros/io/concatenate_fields.hpp\n'}
[29.965949] (pcl_ros) StdoutLine: {'line': b'-- Installing: /home/unitree/projects/unitree_sdk2_python_g1/ws_lio_ros2/install/pcl_ros/include/pcl_ros/io/bag_io.hpp\n'}
[29.966075] (pcl_ros) StdoutLine: {'line': b'-- Installing: /home/unitree/projects/unitree_sdk2_python_g1/ws_lio_ros2/install/pcl_ros/include/pcl_ros/transforms.hpp\n'}
[29.966196] (pcl_ros) StdoutLine: {'line': b'-- Installing: /home/unitree/projects/unitree_sdk2_python_g1/ws_lio_ros2/install/pcl_ros/include/pcl_ros/filters\n'}
[29.966297] (pcl_ros) StdoutLine: {'line': b'-- Installing: /home/unitree/projects/unitree_sdk2_python_g1/ws_lio_ros2/install/pcl_ros/include/pcl_ros/filters/radius_outlier_removal.hpp\n'}
[29.966417] (pcl_ros) StdoutLine: {'line': b'-- Installing: /home/unitree/projects/unitree_sdk2_python_g1/ws_lio_ros2/install/pcl_ros/include/pcl_ros/filters/voxel_grid.hpp\n'}
[29.966540] (pcl_ros) StdoutLine: {'line': b'-- Installing: /home/unitree/projects/unitree_sdk2_python_g1/ws_lio_ros2/install/pcl_ros/include/pcl_ros/filters/filter.hpp\n'}
[29.966662] (pcl_ros) StdoutLine: {'line': b'-- Installing: /home/unitree/projects/unitree_sdk2_python_g1/ws_lio_ros2/install/pcl_ros/include/pcl_ros/filters/crop_box.hpp\n'}
[29.966765] (pcl_ros) StdoutLine: {'line': b'-- Installing: /home/unitree/projects/unitree_sdk2_python_g1/ws_lio_ros2/install/pcl_ros/include/pcl_ros/filters/extract_indices.hpp\n'}
[29.966898] (pcl_ros) StdoutLine: {'line': b'-- Installing: /home/unitree/projects/unitree_sdk2_python_g1/ws_lio_ros2/install/pcl_ros/include/pcl_ros/filters/statistical_outlier_removal.hpp\n'}
[29.967025] (pcl_ros) StdoutLine: {'line': b'-- Installing: /home/unitree/projects/unitree_sdk2_python_g1/ws_lio_ros2/install/pcl_ros/include/pcl_ros/filters/passthrough.hpp\n'}
[29.967158] (pcl_ros) StdoutLine: {'line': b'-- Installing: /home/unitree/projects/unitree_sdk2_python_g1/ws_lio_ros2/install/pcl_ros/include/pcl_ros/filters/project_inliers.hpp\n'}
[29.967300] (pcl_ros) StdoutLine: {'line': b'-- Installing: /home/unitree/projects/unitree_sdk2_python_g1/ws_lio_ros2/install/pcl_ros/include/pcl_ros/surface\n'}
[29.967446] (pcl_ros) StdoutLine: {'line': b'-- Installing: /home/unitree/projects/unitree_sdk2_python_g1/ws_lio_ros2/install/pcl_ros/include/pcl_ros/surface/moving_least_squares.hpp\n'}
[29.967563] (pcl_ros) StdoutLine: {'line': b'-- Installing: /home/unitree/projects/unitree_sdk2_python_g1/ws_lio_ros2/install/pcl_ros/include/pcl_ros/surface/convex_hull.hpp\n'}
[29.967679] (pcl_ros) StdoutLine: {'line': b'-- Installing: /home/unitree/projects/unitree_sdk2_python_g1/ws_lio_ros2/install/pcl_ros/include/pcl_ros/impl\n'}
[29.967780] (pcl_ros) StdoutLine: {'line': b'-- Installing: /home/unitree/projects/unitree_sdk2_python_g1/ws_lio_ros2/install/pcl_ros/include/pcl_ros/impl/transforms.hpp\n'}
[29.967901] (pcl_ros) StdoutLine: {'line': b'-- Installing: /home/unitree/projects/unitree_sdk2_python_g1/ws_lio_ros2/install/pcl_ros/include/pcl_ros/segmentation\n'}
[29.968021] (pcl_ros) StdoutLine: {'line': b'-- Installing: /home/unitree/projects/unitree_sdk2_python_g1/ws_lio_ros2/install/pcl_ros/include/pcl_ros/segmentation/segment_differences.hpp\n'}
[29.968150] (pcl_ros) StdoutLine: {'line': b'-- Installing: /home/unitree/projects/unitree_sdk2_python_g1/ws_lio_ros2/install/pcl_ros/include/pcl_ros/segmentation/sac_segmentation.hpp\n'}
[29.968315] (pcl_ros) StdoutLine: {'line': b'-- Installing: /home/unitree/projects/unitree_sdk2_python_g1/ws_lio_ros2/install/pcl_ros/include/pcl_ros/segmentation/extract_clusters.hpp\n'}
[29.968477] (pcl_ros) StdoutLine: {'line': b'-- Installing: /home/unitree/projects/unitree_sdk2_python_g1/ws_lio_ros2/install/pcl_ros/include/pcl_ros/segmentation/extract_polygonal_prism_data.hpp\n'}
[29.968891] (pcl_ros) StdoutLine: {'line': b'-- Installing: /home/unitree/projects/unitree_sdk2_python_g1/ws_lio_ros2/install/pcl_ros/lib/libpcl_ros_tf.so\n'}
[29.970049] (pcl_ros) StdoutLine: {'line': b'-- Set runtime path of "/home/unitree/projects/unitree_sdk2_python_g1/ws_lio_ros2/install/pcl_ros/lib/libpcl_ros_tf.so" to ""\n'}
[29.970375] (pcl_ros) StdoutLine: {'line': b'-- Installing: /home/unitree/projects/unitree_sdk2_python_g1/ws_lio_ros2/install/pcl_ros/share/pcl_ros/plugins\n'}
[29.970608] (pcl_ros) StdoutLine: {'line': b'-- Installing: /home/unitree/projects/unitree_sdk2_python_g1/ws_lio_ros2/install/pcl_ros/share/pcl_ros/plugins/nodelet\n'}
[29.970775] (pcl_ros) StdoutLine: {'line': b'-- Installing: /home/unitree/projects/unitree_sdk2_python_g1/ws_lio_ros2/install/pcl_ros/share/pcl_ros/plugins/nodelet/libpcl_ros_filters.xml\n'}
[29.970952] (pcl_ros) StdoutLine: {'line': b'-- Installing: /home/unitree/projects/unitree_sdk2_python_g1/ws_lio_ros2/install/pcl_ros/share/pcl_ros/plugins/nodelet/libpcl_ros_surface.xml\n'}
[29.971071] (pcl_ros) StdoutLine: {'line': b'-- Installing: /home/unitree/projects/unitree_sdk2_python_g1/ws_lio_ros2/install/pcl_ros/share/pcl_ros/plugins/nodelet/libpcl_ros_features.xml\n'}
[29.971250] (pcl_ros) StdoutLine: {'line': b'-- Installing: /home/unitree/projects/unitree_sdk2_python_g1/ws_lio_ros2/install/pcl_ros/share/pcl_ros/plugins/nodelet/libpcl_ros_segmentation.xml\n'}
[29.971381] (pcl_ros) StdoutLine: {'line': b'-- Installing: /home/unitree/projects/unitree_sdk2_python_g1/ws_lio_ros2/install/pcl_ros/share/pcl_ros/plugins/nodelet/libpcl_ros_io.xml\n'}
[29.971504] (pcl_ros) StdoutLine: {'line': b'-- Installing: /home/unitree/projects/unitree_sdk2_python_g1/ws_lio_ros2/install/pcl_ros/share/pcl_ros/samples\n'}
[29.971626] (pcl_ros) StdoutLine: {'line': b'-- Installing: /home/unitree/projects/unitree_sdk2_python_g1/ws_lio_ros2/install/pcl_ros/share/pcl_ros/samples/data\n'}
[29.971857] (pcl_ros) StdoutLine: {'line': b'-- Installing: /home/unitree/projects/unitree_sdk2_python_g1/ws_lio_ros2/install/pcl_ros/share/pcl_ros/samples/data/.gitignore\n'}
[29.972143] (pcl_ros) StdoutLine: {'line': b'-- Installing: /home/unitree/projects/unitree_sdk2_python_g1/ws_lio_ros2/install/pcl_ros/share/pcl_ros/samples/pcl_ros\n'}
[29.972354] (pcl_ros) StdoutLine: {'line': b'-- Installing: /home/unitree/projects/unitree_sdk2_python_g1/ws_lio_ros2/install/pcl_ros/share/pcl_ros/samples/pcl_ros/features\n'}
[29.972655] (pcl_ros) StdoutLine: {'line': b'-- Installing: /home/unitree/projects/unitree_sdk2_python_g1/ws_lio_ros2/install/pcl_ros/share/pcl_ros/samples/pcl_ros/features/sample_normal_3d.launch\n'}
[29.972854] (pcl_ros) StdoutLine: {'line': b'-- Installing: /home/unitree/projects/unitree_sdk2_python_g1/ws_lio_ros2/install/pcl_ros/share/pcl_ros/samples/pcl_ros/io\n'}
[29.973016] (pcl_ros) StdoutLine: {'line': b'-- Installing: /home/unitree/projects/unitree_sdk2_python_g1/ws_lio_ros2/install/pcl_ros/share/pcl_ros/samples/pcl_ros/io/sample_concatenate_data.launch\n'}
[29.973380] (pcl_ros) StdoutLine: {'line': b'-- Installing: /home/unitree/projects/unitree_sdk2_python_g1/ws_lio_ros2/install/pcl_ros/share/pcl_ros/samples/pcl_ros/filters\n'}
[29.974275] (pcl_ros) StdoutLine: {'line': b'-- Installing: /home/unitree/projects/unitree_sdk2_python_g1/ws_lio_ros2/install/pcl_ros/share/pcl_ros/samples/pcl_ros/filters/sample_voxel_grid.launch\n'}
[29.974399] (pcl_ros) StdoutLine: {'line': b'-- Installing: /home/unitree/projects/unitree_sdk2_python_g1/ws_lio_ros2/install/pcl_ros/share/pcl_ros/samples/pcl_ros/filters/sample_statistical_outlier_removal.launch\n'}
[29.974506] (pcl_ros) StdoutLine: {'line': b'-- Installing: /home/unitree/projects/unitree_sdk2_python_g1/ws_lio_ros2/install/pcl_ros/share/pcl_ros/samples/pcl_ros/filters/config\n'}
[29.974669] (pcl_ros) StdoutLine: {'line': b'-- Installing: /home/unitree/projects/unitree_sdk2_python_g1/ws_lio_ros2/install/pcl_ros/share/pcl_ros/samples/pcl_ros/filters/config/statistical_outlier_removal.rviz\n'}
[29.974770] (pcl_ros) StdoutLine: {'line': b'-- Installing: /home/unitree/projects/unitree_sdk2_python_g1/ws_lio_ros2/install/pcl_ros/share/pcl_ros/samples/pcl_ros/filters/config/voxel_grid.rviz\n'}
[29.974904] (pcl_ros) StdoutLine: {'line': b'-- Installing: /home/unitree/projects/unitree_sdk2_python_g1/ws_lio_ros2/install/pcl_ros/share/pcl_ros/samples/pcl_ros/surface\n'}
[29.975005] (pcl_ros) StdoutLine: {'line': b'-- Installing: /home/unitree/projects/unitree_sdk2_python_g1/ws_lio_ros2/install/pcl_ros/share/pcl_ros/samples/pcl_ros/surface/sample_convex_hull.launch\n'}
[29.975135] (pcl_ros) StdoutLine: {'line': b'-- Installing: /home/unitree/projects/unitree_sdk2_python_g1/ws_lio_ros2/install/pcl_ros/share/pcl_ros/samples/pcl_ros/segmentation\n'}
[29.975234] (pcl_ros) StdoutLine: {'line': b'-- Installing: /home/unitree/projects/unitree_sdk2_python_g1/ws_lio_ros2/install/pcl_ros/share/pcl_ros/samples/pcl_ros/segmentation/sample_extract_clusters.launch\n'}
[29.975359] (pcl_ros) StdoutLine: {'line': b'-- Installing: /home/unitree/projects/unitree_sdk2_python_g1/ws_lio_ros2/install/pcl_ros/share/pcl_ros/environment/library_path.sh\n'}
[29.975462] (pcl_ros) StdoutLine: {'line': b'-- Installing: /home/unitree/projects/unitree_sdk2_python_g1/ws_lio_ros2/install/pcl_ros/share/pcl_ros/environment/library_path.dsv\n'}
[29.975608] (pcl_ros) StdoutLine: {'line': b'-- Installing: /home/unitree/projects/unitree_sdk2_python_g1/ws_lio_ros2/install/pcl_ros/share/ament_index/resource_index/package_run_dependencies/pcl_ros\n'}
[29.975719] (pcl_ros) StdoutLine: {'line': b'-- Installing: /home/unitree/projects/unitree_sdk2_python_g1/ws_lio_ros2/install/pcl_ros/share/ament_index/resource_index/parent_prefix_path/pcl_ros\n'}
[29.975842] (pcl_ros) StdoutLine: {'line': b'-- Installing: /home/unitree/projects/unitree_sdk2_python_g1/ws_lio_ros2/install/pcl_ros/share/pcl_ros/environment/ament_prefix_path.sh\n'}
[29.975950] (pcl_ros) StdoutLine: {'line': b'-- Installing: /home/unitree/projects/unitree_sdk2_python_g1/ws_lio_ros2/install/pcl_ros/share/pcl_ros/environment/ament_prefix_path.dsv\n'}
[29.976075] (pcl_ros) StdoutLine: {'line': b'-- Installing: /home/unitree/projects/unitree_sdk2_python_g1/ws_lio_ros2/install/pcl_ros/share/pcl_ros/environment/path.sh\n'}
[29.976174] (pcl_ros) StdoutLine: {'line': b'-- Installing: /home/unitree/projects/unitree_sdk2_python_g1/ws_lio_ros2/install/pcl_ros/share/pcl_ros/environment/path.dsv\n'}
[29.976317] (pcl_ros) StdoutLine: {'line': b'-- Installing: /home/unitree/projects/unitree_sdk2_python_g1/ws_lio_ros2/install/pcl_ros/share/pcl_ros/local_setup.bash\n'}
[29.976454] (pcl_ros) StdoutLine: {'line': b'-- Installing: /home/unitree/projects/unitree_sdk2_python_g1/ws_lio_ros2/install/pcl_ros/share/pcl_ros/local_setup.sh\n'}
[29.976551] (pcl_ros) StdoutLine: {'line': b'-- Installing: /home/unitree/projects/unitree_sdk2_python_g1/ws_lio_ros2/install/pcl_ros/share/pcl_ros/local_setup.zsh\n'}
[29.976674] (pcl_ros) StdoutLine: {'line': b'-- Installing: /home/unitree/projects/unitree_sdk2_python_g1/ws_lio_ros2/install/pcl_ros/share/pcl_ros/local_setup.dsv\n'}
[29.976830] (pcl_ros) StdoutLine: {'line': b'-- Installing: /home/unitree/projects/unitree_sdk2_python_g1/ws_lio_ros2/install/pcl_ros/share/pcl_ros/package.dsv\n'}
[29.977137] (pcl_ros) StdoutLine: {'line': b'-- Installing: /home/unitree/projects/unitree_sdk2_python_g1/ws_lio_ros2/install/pcl_ros/share/ament_index/resource_index/packages/pcl_ros\n'}
[29.977446] (pcl_ros) StdoutLine: {'line': b'-- Installing: /home/unitree/projects/unitree_sdk2_python_g1/ws_lio_ros2/install/pcl_ros/share/pcl_ros/cmake/export_pcl_rosExport.cmake\n'}
[29.977813] (pcl_ros) StdoutLine: {'line': b'-- Installing: /home/unitree/projects/unitree_sdk2_python_g1/ws_lio_ros2/install/pcl_ros/share/pcl_ros/cmake/export_pcl_rosExport-release.cmake\n'}
[29.977971] (pcl_ros) StdoutLine: {'line': b'-- Installing: /home/unitree/projects/unitree_sdk2_python_g1/ws_lio_ros2/install/pcl_ros/share/pcl_ros/cmake/ament_cmake_export_include_directories-extras.cmake\n'}
[29.978227] (pcl_ros) StdoutLine: {'line': b'-- Installing: /home/unitree/projects/unitree_sdk2_python_g1/ws_lio_ros2/install/pcl_ros/share/pcl_ros/cmake/ament_cmake_export_libraries-extras.cmake\n'}
[29.978452] (pcl_ros) StdoutLine: {'line': b'-- Installing: /home/unitree/projects/unitree_sdk2_python_g1/ws_lio_ros2/install/pcl_ros/share/pcl_ros/cmake/ament_cmake_export_dependencies-extras.cmake\n'}
[29.978674] (pcl_ros) StdoutLine: {'line': b'-- Installing: /home/unitree/projects/unitree_sdk2_python_g1/ws_lio_ros2/install/pcl_ros/share/pcl_ros/cmake/ament_cmake_export_targets-extras.cmake\n'}
[29.978887] (pcl_ros) StdoutLine: {'line': b'-- Installing: /home/unitree/projects/unitree_sdk2_python_g1/ws_lio_ros2/install/pcl_ros/share/pcl_ros/cmake/pcl_rosConfig.cmake\n'}
[29.979055] (pcl_ros) StdoutLine: {'line': b'-- Installing: /home/unitree/projects/unitree_sdk2_python_g1/ws_lio_ros2/install/pcl_ros/share/pcl_ros/cmake/pcl_rosConfig-version.cmake\n'}
[29.979265] (pcl_ros) StdoutLine: {'line': b'-- Installing: /home/unitree/projects/unitree_sdk2_python_g1/ws_lio_ros2/install/pcl_ros/share/pcl_ros/package.xml\n'}
[29.983535] (pcl_ros) CommandEnded: {'returncode': 0}
[29.989564] (-) TimerEvent: {}
[30.062585] (pcl_ros) JobEnded: {'identifier': 'pcl_ros', 'rc': 0}
[30.064530] (fast_lio) JobStarted: {'identifier': 'fast_lio'}
[30.080250] (fast_lio) JobProgress: {'identifier': 'fast_lio', 'progress': 'cmake'}
[30.080799] (fast_lio) Command: {'cmd': ['/usr/bin/cmake', '/home/unitree/projects/unitree_sdk2_python_g1/ws_lio_ros2/src/FAST_LIO_ROS2', '-DCMAKE_BUILD_TYPE=Release', '-DPython3_EXECUTABLE=/usr/bin/python3.8', '-DPYTHON_EXECUTABLE=/usr/bin/python3.8', '-DCMAKE_INSTALL_PREFIX=/home/unitree/projects/unitree_sdk2_python_g1/ws_lio_ros2/install/fast_lio'], 'cwd': '/home/unitree/projects/unitree_sdk2_python_g1/ws_lio_ros2/build/fast_lio', 'env': OrderedDict([('VIRTUALENVWRAPPER_WORKON_CD', '1'), ('LESSOPEN', '| /usr/bin/lesspipe %s'), ('WORKON_HOME', '/home/unitree/Applications/virtualenvs'), ('USER', 'unitree'), ('SSH_CLIENT', '192.168.124.98 64166 22'), ('XDG_SESSION_TYPE', 'tty'), ('GIT_ASKPASS', '/home/unitree/.vscode-server/cli/servers/Stable-7d842fb85a0275a4a8e4d7e040d2625abbf7f084/server/extensions/git/dist/askpass.sh'), ('SHLVL', '1'), ('LD_LIBRARY_PATH', '/home/unitree/projects/unitree_sdk2_python_g1/ws_lio_ros2/install/pcl_ros/lib:/home/unitree/projects/unitree_sdk2_python_g1/ws_livox/install/livox_ros_driver2/lib:/usr/local/cuda-11.4/lib64:/usr/local/lib:/home/unitree/cyclonedds_ws/install/rmw_cyclonedds_cpp/lib:/home/unitree/cyclonedds_ws/install/cyclonedds/lib:/opt/ros/foxy/opt/yaml_cpp_vendor/lib:/opt/ros/foxy/opt/rviz_ogre_vendor/lib:/opt/ros/foxy/lib/aarch64-linux-gnu:/opt/ros/foxy/lib:/usr/local/cuda-11.4/lib64'), ('BROWSER', '/home/unitree/.vscode-server/cli/servers/Stable-7d842fb85a0275a4a8e4d7e040d2625abbf7f084/server/bin/helpers/browser.sh'), ('MOTD_SHOWN', 'pam'), ('HOME', '/home/unitree'), ('VIRTUALENVWRAPPER_PYTHON', '/usr/bin/python3'), ('CONDA_SHLVL', '0'), ('CYCLONEDDS_URI', '/home/unitree/cyclonedds_ws/cyclonedds.xml'), ('OLDPWD', '/home/unitree/projects/unitree_sdk2_python_g1/ws_lio_ros2/src'), ('TERM_PROGRAM_VERSION', '1.105.1'), ('VSCODE_IPC_HOOK_CLI', '/run/user/1000/vscode-ipc-814bda8a-28b7-4d83-82d2-f245e0a75e16.sock'), ('ROS_PYTHON_VERSION', '3'), ('VSCODE_GIT_ASKPASS_MAIN', '/home/unitree/.vscode-server/cli/servers/Stable-7d842fb85a0275a4a8e4d7e040d2625abbf7f084/server/extensions/git/dist/askpass-main.js'), ('VSCODE_GIT_ASKPASS_NODE', '/home/unitree/.vscode-server/cli/servers/Stable-7d842fb85a0275a4a8e4d7e040d2625abbf7f084/server/node'), ('SSL_CERT_FILE', '/usr/lib/ssl/certs/ca-certificates.crt'), ('VSCODE_PYTHON_AUTOACTIVATE_GUARD', '1'), ('DBUS_SESSION_BUS_ADDRESS', 'unix:path=/run/user/1000/bus'), ('COLORTERM', 'truecolor'), ('_CE_M', ''), ('COLCON_PREFIX_PATH', '/home/unitree/projects/unitree_sdk2_python_g1/ws_livox/install:/home/unitree/cyclonedds_ws/install'), ('ROS_DISTRO', 'foxy'), ('LOGNAME', 'unitree'), ('AMENT_PYTHON_EXECUTABLE', '/usr/bin/python3.8'), ('_', '/usr/bin/colcon'), ('ROS_VERSION', '2'), ('PKG_CONFIG_PATH', '/home/unitree/cyclonedds_ws/install/cyclonedds/lib/aarch64-linux-gnu/pkgconfig:/home/unitree/cyclonedds_ws/install/cyclonedds/lib/pkgconfig'), ('XDG_SESSION_CLASS', 'user'), ('TERM', 'xterm-256color'), ('XDG_SESSION_ID', '7'), ('_CE_CONDA', ''), ('ROS_LOCALHOST_ONLY', '0'), ('PATH', '/usr/bin:/usr/bin:/home/unitree/Applications/python3.10/bin:/home/unitree/.local/bin:/home/sakuzeng/Applications/anaconda3/bin:/usr/local/cuda-11.4/bin:/home/unitree/cyclonedds_ws/install/cyclonedds/bin:/opt/ros/foxy/bin:/home/unitree/.vscode-server/cli/servers/Stable-7d842fb85a0275a4a8e4d7e040d2625abbf7f084/server/bin/remote-cli:/home/unitree/.local/bin:/home/unitree/Applications/python3.10/bin:/home/unitree/.local/bin:/home/sakuzeng/Applications/anaconda3/bin:/home/unitree/Applications/anaconda3/condabin:/usr/local/cuda-11.4/bin:/usr/local/sbin:/usr/local/bin:/usr/sbin:/usr/bin:/sbin:/bin:/usr/games:/usr/local/games:/snap/bin:/home/unitree/.local/bin:/home/unitree/.vscode-server/data/User/globalStorage/github.copilot-chat/debugCommand:/home/unitree/.local/bin'), ('PYTHON_EXECUTABLE', '/usr/bin/python3.8'), ('XDG_RUNTIME_DIR', '/run/user/1000'), ('SSL_CERT_DIR', '/usr/lib/ssl/certs'), ('LANG', 'en_US.UTF-8'), ('RMW_IMPLEMENTATION', 'rmw_cyclonedds_cpp'), ('LS_COLORS', 'rs=0:di=01;34:ln=01;36:mh=00:pi=40;33:so=01;35:do=01;35:bd=40;33;01:cd=40;33;01:or=40;31;01:mi=00:su=37;41:sg=30;43:ca=30;41:tw=30;42:ow=34;42:st=37;44:ex=01;32:*.tar=01;31:*.tgz=01;31:*.arc=01;31:*.arj=01;31:*.taz=01;31:*.lha=01;31:*.lz4=01;31:*.lzh=01;31:*.lzma=01;31:*.tlz=01;31:*.txz=01;31:*.tzo=01;31:*.t7z=01;31:*.zip=01;31:*.z=01;31:*.dz=01;31:*.gz=01;31:*.lrz=01;31:*.lz=01;31:*.lzo=01;31:*.xz=01;31:*.zst=01;31:*.tzst=01;31:*.bz2=01;31:*.bz=01;31:*.tbz=01;31:*.tbz2=01;31:*.tz=01;31:*.deb=01;31:*.rpm=01;31:*.jar=01;31:*.war=01;31:*.ear=01;31:*.sar=01;31:*.rar=01;31:*.alz=01;31:*.ace=01;31:*.zoo=01;31:*.cpio=01;31:*.7z=01;31:*.rz=01;31:*.cab=01;31:*.wim=01;31:*.swm=01;31:*.dwm=01;31:*.esd=01;31:*.jpg=01;35:*.jpeg=01;35:*.mjpg=01;35:*.mjpeg=01;35:*.gif=01;35:*.bmp=01;35:*.pbm=01;35:*.pgm=01;35:*.ppm=01;35:*.tga=01;35:*.xbm=01;35:*.xpm=01;35:*.tif=01;35:*.tiff=01;35:*.png=01;35:*.svg=01;35:*.svgz=01;35:*.mng=01;35:*.pcx=01;35:*.mov=01;35:*.mpg=01;35:*.mpeg=01;35:*.m2v=01;35:*.mkv=01;35:*.webm=01;35:*.ogm=01;35:*.mp4=01;35:*.m4v=01;35:*.mp4v=01;35:*.vob=01;35:*.qt=01;35:*.nuv=01;35:*.wmv=01;35:*.asf=01;35:*.rm=01;35:*.rmvb=01;35:*.flc=01;35:*.avi=01;35:*.fli=01;35:*.flv=01;35:*.gl=01;35:*.dl=01;35:*.xcf=01;35:*.xwd=01;35:*.yuv=01;35:*.cgm=01;35:*.emf=01;35:*.ogv=01;35:*.ogx=01;35:*.aac=00;36:*.au=00;36:*.flac=00;36:*.m4a=00;36:*.mid=00;36:*.midi=00;36:*.mka=00;36:*.mp3=00;36:*.mpc=00;36:*.ogg=00;36:*.ra=00;36:*.wav=00;36:*.oga=00;36:*.opus=00;36:*.spx=00;36:*.xspf=00;36:'), ('VSCODE_GIT_IPC_HANDLE', '/run/user/1000/vscode-git-9fb0051d70.sock'), ('TERM_PROGRAM', 'vscode'), ('AMENT_PREFIX_PATH', '/home/unitree/projects/unitree_sdk2_python_g1/ws_lio_ros2/install/pcl_ros:/home/unitree/projects/unitree_sdk2_python_g1/ws_livox/install/livox_ros_driver2:/home/unitree/cyclonedds_ws/install/rmw_cyclonedds_cpp:/opt/ros/foxy'), ('CONDA_PYTHON_EXE', '/home/unitree/Applications/anaconda3/bin/python'), ('SHELL', '/bin/bash'), ('LESSCLOSE', '/usr/bin/lesspipe %s %s'), ('VIRTUALENVWRAPPER_PROJECT_FILENAME', '.project'), ('VIRTUALENVWRAPPER_HOOK_DIR', '/home/unitree/Applications/virtualenvs'), ('VIRTUALENVWRAPPER_SCRIPT', '/home/unitree/.local/bin/virtualenvwrapper.sh'), ('VSCODE_GIT_ASKPASS_EXTRA_ARGS', ''), ('PWD', '/home/unitree/projects/unitree_sdk2_python_g1/ws_lio_ros2/build/fast_lio'), ('CONDA_EXE', '/home/unitree/Applications/anaconda3/bin/conda'), ('SSH_CONNECTION', '192.168.124.98 64166 192.168.124.174 22'), ('XDG_DATA_DIRS', '/usr/local/share:/usr/share:/var/lib/snapd/desktop'), ('VIRTUALENVWRAPPER_VIRTUALENV', 'virtualenv'), ('PYTHONPATH', '/home/unitree/projects/unitree_sdk2_python_g1/ws_livox/install/livox_ros_driver2/lib/python3.8/site-packages:/opt/ros/foxy/lib/python3.8/site-packages'), ('COLCON', '1'), ('CMAKE_PREFIX_PATH', '/home/unitree/projects/unitree_sdk2_python_g1/ws_lio_ros2/install/pcl_ros:/home/unitree/projects/unitree_sdk2_python_g1/ws_livox/install/livox_ros_driver2:/home/unitree/cyclonedds_ws/install/rmw_cyclonedds_cpp:/home/unitree/cyclonedds_ws/install/cyclonedds:/opt/ros/foxy')]), 'shell': False}
[30.089753] (-) TimerEvent: {}
[30.179674] (fast_lio) StdoutLine: {'line': b'-- The C compiler identification is GNU 9.4.0\n'}
[30.189930] (-) TimerEvent: {}
[30.263372] (fast_lio) StdoutLine: {'line': b'-- The CXX compiler identification is GNU 9.4.0\n'}
[30.273713] (fast_lio) StdoutLine: {'line': b'-- Check for working C compiler: /usr/bin/cc\n'}
[30.290095] (-) TimerEvent: {}
[30.390712] (-) TimerEvent: {}
[30.403314] (fast_lio) StdoutLine: {'line': b'-- Check for working C compiler: /usr/bin/cc -- works\n'}
[30.404938] (fast_lio) StdoutLine: {'line': b'-- Detecting C compiler ABI info\n'}
[30.490879] (-) TimerEvent: {}
[30.536093] (fast_lio) StdoutLine: {'line': b'-- Detecting C compiler ABI info - done\n'}
[30.551407] (fast_lio) StdoutLine: {'line': b'-- Detecting C compile features\n'}
[30.551965] (fast_lio) StdoutLine: {'line': b'-- Detecting C compile features - done\n'}
[30.555496] (fast_lio) StdoutLine: {'line': b'-- Check for working CXX compiler: /usr/bin/c++\n'}
[30.591051] (-) TimerEvent: {}
[30.691531] (fast_lio) StdoutLine: {'line': b'-- Check for working CXX compiler: /usr/bin/c++ -- works\n'}
[30.692002] (-) TimerEvent: {}
[30.693628] (fast_lio) StdoutLine: {'line': b'-- Detecting CXX compiler ABI info\n'}
[30.792207] (-) TimerEvent: {}
[30.830365] (fast_lio) StdoutLine: {'line': b'-- Detecting CXX compiler ABI info - done\n'}
[30.855686] (fast_lio) StdoutLine: {'line': b'-- Detecting CXX compile features\n'}
[30.856215] (fast_lio) StdoutLine: {'line': b'-- Detecting CXX compile features - done\n'}
[30.857510] (fast_lio) StderrLine: {'line': b'Current CPU archtecture: aarch64\n'}
[30.892375] (-) TimerEvent: {}
[30.993139] (-) TimerEvent: {}
[31.094430] (-) TimerEvent: {}
[31.195059] (-) TimerEvent: {}
[31.295679] (-) TimerEvent: {}
[31.396326] (-) TimerEvent: {}
[31.496958] (-) TimerEvent: {}
[31.502979] (fast_lio) StdoutLine: {'line': b'-- Found PythonLibs: /usr/lib/aarch64-linux-gnu/libpython3.8.so (found version "3.8.10") \n'}
[31.506476] (fast_lio) StdoutLine: {'line': b'-- Found ament_cmake: 0.9.12 (/opt/ros/foxy/share/ament_cmake/cmake)\n'}
[31.547954] (fast_lio) StdoutLine: {'line': b'-- Found PythonInterp: /usr/bin/python3.8 (found suitable version "3.8.10", minimum required is "3") \n'}
[31.548404] (fast_lio) StdoutLine: {'line': b'-- Using PYTHON_EXECUTABLE: /usr/bin/python3.8\n'}
[31.597095] (-) TimerEvent: {}
[31.697664] (-) TimerEvent: {}
[31.798228] (-) TimerEvent: {}
[31.893868] (fast_lio) StdoutLine: {'line': b'-- Found rclcpp: 2.4.3 (/opt/ros/foxy/share/rclcpp/cmake)\n'}
[31.898316] (-) TimerEvent: {}
[31.955726] (fast_lio) StdoutLine: {'line': b'-- Using all available rosidl_typesupport_c: rosidl_typesupport_fastrtps_c;rosidl_typesupport_introspection_c\n'}
[31.966759] (fast_lio) StdoutLine: {'line': b'-- Found rosidl_adapter: 1.3.1 (/opt/ros/foxy/share/rosidl_adapter/cmake)\n'}
[31.998502] (-) TimerEvent: {}
[32.099115] (-) TimerEvent: {}
[32.116176] (fast_lio) StdoutLine: {'line': b'-- Found OpenSSL: /usr/lib/aarch64-linux-gnu/libcrypto.so (found version "1.1.1f")  \n'}
[32.163905] (fast_lio) StdoutLine: {'line': b'-- Found FastRTPS: /opt/ros/foxy/include  \n'}
[32.199287] (-) TimerEvent: {}
[32.290984] (fast_lio) StdoutLine: {'line': b'-- Using all available rosidl_typesupport_cpp: rosidl_typesupport_fastrtps_cpp;rosidl_typesupport_introspection_cpp\n'}
[32.299461] (-) TimerEvent: {}
[32.375979] (fast_lio) StdoutLine: {'line': b'-- Found rmw_implementation_cmake: 1.0.4 (/opt/ros/foxy/share/rmw_implementation_cmake/cmake)\n'}
[32.378133] (fast_lio) StdoutLine: {'line': b"-- Using RMW implementation 'rmw_cyclonedds_cpp' as default\n"}
[32.379614] (fast_lio) StdoutLine: {'line': b'-- Looking for pthread.h\n'}
[32.399620] (-) TimerEvent: {}
[32.500237] (-) TimerEvent: {}
[32.511050] (fast_lio) StdoutLine: {'line': b'-- Looking for pthread.h - found\n'}
[32.511578] (fast_lio) StdoutLine: {'line': b'-- Performing Test CMAKE_HAVE_LIBC_PTHREAD\n'}
[32.600427] (-) TimerEvent: {}
[32.641319] (fast_lio) StdoutLine: {'line': b'-- Performing Test CMAKE_HAVE_LIBC_PTHREAD - Success\n'}
[32.643282] (fast_lio) StdoutLine: {'line': b'-- Found Threads: TRUE  \n'}
[32.700675] (-) TimerEvent: {}
[32.801321] (-) TimerEvent: {}
[32.872193] (fast_lio) StdoutLine: {'line': b'-- Found rclcpp_components: 2.4.3 (/opt/ros/foxy/share/rclcpp_components/cmake)\n'}
[32.901488] (-) TimerEvent: {}
[32.960182] (fast_lio) StdoutLine: {'line': b'-- Found geometry_msgs: 2.0.5 (/opt/ros/foxy/share/geometry_msgs/cmake)\n'}
[33.001701] (-) TimerEvent: {}
[33.010142] (fast_lio) StdoutLine: {'line': b'-- Found nav_msgs: 2.0.5 (/opt/ros/foxy/share/nav_msgs/cmake)\n'}
[33.101802] (-) TimerEvent: {}
[33.112527] (fast_lio) StdoutLine: {'line': b'-- Found sensor_msgs: 2.0.5 (/opt/ros/foxy/share/sensor_msgs/cmake)\n'}
[33.201982] (-) TimerEvent: {}
[33.215268] (fast_lio) StdoutLine: {'line': b'-- Found std_srvs: 2.0.5 (/opt/ros/foxy/share/std_srvs/cmake)\n'}
[33.231304] (fast_lio) StdoutLine: {'line': b'-- Found visualization_msgs: 2.0.5 (/opt/ros/foxy/share/visualization_msgs/cmake)\n'}
[33.302150] (-) TimerEvent: {}
[33.333137] (fast_lio) StdoutLine: {'line': b'-- Found pcl_ros: 2.2.1 (/home/unitree/projects/unitree_sdk2_python_g1/ws_lio_ros2/install/pcl_ros/share/pcl_ros/cmake)\n'}
[33.402346] (-) TimerEvent: {}
[33.503177] (-) TimerEvent: {}
[33.603807] (-) TimerEvent: {}
[33.704448] (-) TimerEvent: {}
[33.733091] (fast_lio) StdoutLine: {'line': b'-- Found eigen3_cmake_module: 0.1.1 (/opt/ros/foxy/share/eigen3_cmake_module/cmake)\n'}
[33.737295] (fast_lio) StdoutLine: {'line': b'-- Found Eigen3: TRUE (found version "3.3.7") \n'}
[33.804619] (-) TimerEvent: {}
[33.905725] (-) TimerEvent: {}
[34.006354] (-) TimerEvent: {}
[34.107007] (-) TimerEvent: {}
[34.208624] (-) TimerEvent: {}
[34.249437] (fast_lio) StdoutLine: {'line': b"-- Checking for module 'eigen3'\n"}
[34.284333] (fast_lio) StdoutLine: {'line': b'--   Found eigen3, version 3.4.0\n'}
[34.308797] (-) TimerEvent: {}
[34.373326] (fast_lio) StdoutLine: {'line': b'-- Found Eigen: /usr/include/eigen3 (Required is at least version "3.1") \n'}
[34.373836] (fast_lio) StdoutLine: {'line': b'-- Eigen found (include: /usr/include/eigen3, version: 3.3.7)\n'}
[34.408955] (-) TimerEvent: {}
[34.483936] (fast_lio) StdoutLine: {'line': b"-- Checking for module 'flann'\n"}
[34.509131] (-) TimerEvent: {}
[34.523696] (fast_lio) StdoutLine: {'line': b'--   Found flann, version 1.9.1\n'}
[34.609299] (-) TimerEvent: {}
[34.624891] (fast_lio) StdoutLine: {'line': b'-- Found FLANN: /usr/lib/aarch64-linux-gnu/libflann_cpp.so  \n'}
[34.709472] (-) TimerEvent: {}
[34.710314] (fast_lio) StdoutLine: {'line': b'-- The imported target "vtkParseOGLExt" references the file\n'}
[34.710739] (fast_lio) StdoutLine: {'line': b'   "/usr/bin/vtkParseOGLExt-7.1"\n'}
[34.710888] (fast_lio) StdoutLine: {'line': b'but this file does not exist.  Possible reasons include:\n'}
[34.710999] (fast_lio) StdoutLine: {'line': b'* The file was deleted, renamed, or moved to another location.\n'}
[34.711103] (fast_lio) StdoutLine: {'line': b'* An install or uninstall procedure did not complete successfully.\n'}
[34.711204] (fast_lio) StdoutLine: {'line': b'* The installation package was faulty and contained\n'}
[34.711304] (fast_lio) StdoutLine: {'line': b'   "/usr/lib/cmake/vtk-7.1/VTKTargets.cmake"\n'}
[34.711583] (fast_lio) StdoutLine: {'line': b'but not all the files it references.\n'}
[34.711713] (fast_lio) StdoutLine: {'line': b'\n'}
[34.711827] (fast_lio) StdoutLine: {'line': b'-- The imported target "vtkRenderingPythonTkWidgets" references the file\n'}
[34.711937] (fast_lio) StdoutLine: {'line': b'   "/usr/lib/aarch64-linux-gnu/libvtkRenderingPythonTkWidgets.so"\n'}
[34.712042] (fast_lio) StdoutLine: {'line': b'but this file does not exist.  Possible reasons include:\n'}
[34.712159] (fast_lio) StdoutLine: {'line': b'* The file was deleted, renamed, or moved to another location.\n'}
[34.712259] (fast_lio) StdoutLine: {'line': b'* An install or uninstall procedure did not complete successfully.\n'}
[34.712355] (fast_lio) StdoutLine: {'line': b'* The installation package was faulty and contained\n'}
[34.712496] (fast_lio) StdoutLine: {'line': b'   "/usr/lib/cmake/vtk-7.1/VTKTargets.cmake"\n'}
[34.712599] (fast_lio) StdoutLine: {'line': b'but not all the files it references.\n'}
[34.712695] (fast_lio) StdoutLine: {'line': b'\n'}
[34.712972] (fast_lio) StdoutLine: {'line': b'-- The imported target "vtk" references the file\n'}
[34.713111] (fast_lio) StdoutLine: {'line': b'   "/usr/bin/vtk"\n'}
[34.713208] (fast_lio) StdoutLine: {'line': b'but this file does not exist.  Possible reasons include:\n'}
[34.713304] (fast_lio) StdoutLine: {'line': b'* The file was deleted, renamed, or moved to another location.\n'}
[34.713397] (fast_lio) StdoutLine: {'line': b'* An install or uninstall procedure did not complete successfully.\n'}
[34.713490] (fast_lio) StdoutLine: {'line': b'* The installation package was faulty and contained\n'}
[34.713584] (fast_lio) StdoutLine: {'line': b'   "/usr/lib/cmake/vtk-7.1/VTKTargets.cmake"\n'}
[34.713709] (fast_lio) StdoutLine: {'line': b'but not all the files it references.\n'}
[34.713809] (fast_lio) StdoutLine: {'line': b'\n'}
[34.713903] (fast_lio) StdoutLine: {'line': b'-- The imported target "pvtk" references the file\n'}
[34.713997] (fast_lio) StdoutLine: {'line': b'   "/usr/bin/pvtk"\n'}
[34.714090] (fast_lio) StdoutLine: {'line': b'but this file does not exist.  Possible reasons include:\n'}
[34.714236] (fast_lio) StdoutLine: {'line': b'* The file was deleted, renamed, or moved to another location.\n'}
[34.714332] (fast_lio) StdoutLine: {'line': b'* An install or uninstall procedure did not complete successfully.\n'}
[34.714425] (fast_lio) StdoutLine: {'line': b'* The installation package was faulty and contained\n'}
[34.714516] (fast_lio) StdoutLine: {'line': b'   "/usr/lib/cmake/vtk-7.1/VTKTargets.cmake"\n'}
[34.714608] (fast_lio) StdoutLine: {'line': b'but not all the files it references.\n'}
[34.714700] (fast_lio) StdoutLine: {'line': b'\n'}
[34.745036] (fast_lio) StdoutLine: {'line': b"-- Checking for module 'libusb-1.0'\n"}
[34.781239] (fast_lio) StdoutLine: {'line': b'--   Found libusb-1.0, version 1.0.23\n'}
[34.809631] (-) TimerEvent: {}
[34.864147] (fast_lio) StdoutLine: {'line': b'-- Found USB_10: /usr/lib/aarch64-linux-gnu/libusb-1.0.so  \n'}
[34.909802] (-) TimerEvent: {}
[34.983850] (fast_lio) StdoutLine: {'line': b'-- OpenNI found (include: /usr/include/ni, lib: /usr/lib/libOpenNI.so)\n'}
[35.009973] (-) TimerEvent: {}
[35.110599] (-) TimerEvent: {}
[35.121093] (fast_lio) StdoutLine: {'line': b'-- OpenNI2 found (include: /usr/include/openni2, lib: /usr/lib/libOpenNI2.so)\n'}
[35.143266] (fast_lio) StdoutLine: {'line': b'-- Found libusb-1.0: /usr/include  \n'}
[35.155274] (fast_lio) StdoutLine: {'line': b'-- OpenNI found (include: /usr/include/ni, lib: /usr/lib/libOpenNI.so)\n'}
[35.166957] (fast_lio) StdoutLine: {'line': b'-- OpenNI2 found (include: /usr/include/openni2, lib: /usr/lib/libOpenNI2.so)\n'}
[35.210778] (-) TimerEvent: {}
[35.212863] (fast_lio) StdoutLine: {'line': b'-- Found Qhull: optimized;/usr/lib/aarch64-linux-gnu/libqhull.so;debug;/usr/lib/aarch64-linux-gnu/libqhull.so  \n'}
[35.213299] (fast_lio) StdoutLine: {'line': b'-- QHULL found (include: /usr/include, lib: optimized;/usr/lib/aarch64-linux-gnu/libqhull.so;debug;/usr/lib/aarch64-linux-gnu/libqhull.so)\n'}
[35.224882] (fast_lio) StdoutLine: {'line': b'-- OpenNI found (include: /usr/include/ni, lib: /usr/lib/libOpenNI.so)\n'}
[35.246280] (fast_lio) StdoutLine: {'line': b'-- Found PCL_COMMON: /usr/lib/aarch64-linux-gnu/libpcl_common.so  \n'}
[35.248274] (fast_lio) StdoutLine: {'line': b'-- Found PCL_KDTREE: /usr/lib/aarch64-linux-gnu/libpcl_kdtree.so  \n'}
[35.250226] (fast_lio) StdoutLine: {'line': b'-- Found PCL_OCTREE: /usr/lib/aarch64-linux-gnu/libpcl_octree.so  \n'}
[35.252235] (fast_lio) StdoutLine: {'line': b'-- Found PCL_SEARCH: /usr/lib/aarch64-linux-gnu/libpcl_search.so  \n'}
[35.253821] (fast_lio) StdoutLine: {'line': b'-- Found PCL_SAMPLE_CONSENSUS: /usr/lib/aarch64-linux-gnu/libpcl_sample_consensus.so  \n'}
[35.255680] (fast_lio) StdoutLine: {'line': b'-- Found PCL_FILTERS: /usr/lib/aarch64-linux-gnu/libpcl_filters.so  \n'}
[35.256546] (fast_lio) StdoutLine: {'line': b'-- Found PCL_2D: /usr/include/pcl-1.10  \n'}
[35.257422] (fast_lio) StdoutLine: {'line': b'-- Found PCL_GEOMETRY: /usr/include/pcl-1.10  \n'}
[35.259331] (fast_lio) StdoutLine: {'line': b'-- Found PCL_IO: /usr/lib/aarch64-linux-gnu/libpcl_io.so  \n'}
[35.261362] (fast_lio) StdoutLine: {'line': b'-- Found PCL_FEATURES: /usr/lib/aarch64-linux-gnu/libpcl_features.so  \n'}
[35.263596] (fast_lio) StdoutLine: {'line': b'-- Found PCL_ML: /usr/lib/aarch64-linux-gnu/libpcl_ml.so  \n'}
[35.265457] (fast_lio) StdoutLine: {'line': b'-- Found PCL_SEGMENTATION: /usr/lib/aarch64-linux-gnu/libpcl_segmentation.so  \n'}
[35.267510] (fast_lio) StdoutLine: {'line': b'-- Found PCL_VISUALIZATION: /usr/lib/aarch64-linux-gnu/libpcl_visualization.so  \n'}
[35.269476] (fast_lio) StdoutLine: {'line': b'-- Found PCL_SURFACE: /usr/lib/aarch64-linux-gnu/libpcl_surface.so  \n'}
[35.271897] (fast_lio) StdoutLine: {'line': b'-- Found PCL_REGISTRATION: /usr/lib/aarch64-linux-gnu/libpcl_registration.so  \n'}
[35.273766] (fast_lio) StdoutLine: {'line': b'-- Found PCL_KEYPOINTS: /usr/lib/aarch64-linux-gnu/libpcl_keypoints.so  \n'}
[35.275720] (fast_lio) StdoutLine: {'line': b'-- Found PCL_TRACKING: /usr/lib/aarch64-linux-gnu/libpcl_tracking.so  \n'}
[35.277674] (fast_lio) StdoutLine: {'line': b'-- Found PCL_RECOGNITION: /usr/lib/aarch64-linux-gnu/libpcl_recognition.so  \n'}
[35.279870] (fast_lio) StdoutLine: {'line': b'-- Found PCL_STEREO: /usr/lib/aarch64-linux-gnu/libpcl_stereo.so  \n'}
[35.281807] (fast_lio) StdoutLine: {'line': b'-- Found PCL_APPS: /usr/lib/aarch64-linux-gnu/libpcl_apps.so  \n'}
[35.283535] (fast_lio) StdoutLine: {'line': b'-- Found PCL_IN_HAND_SCANNER: /usr/include/pcl-1.10  \n'}
[35.284415] (fast_lio) StdoutLine: {'line': b'-- Found PCL_POINT_CLOUD_EDITOR: /usr/include/pcl-1.10  \n'}
[35.286452] (fast_lio) StdoutLine: {'line': b'-- Found PCL_OUTOFCORE: /usr/lib/aarch64-linux-gnu/libpcl_outofcore.so  \n'}
[35.288314] (fast_lio) StdoutLine: {'line': b'-- Found PCL_PEOPLE: /usr/lib/aarch64-linux-gnu/libpcl_people.so  \n'}
[35.310891] (-) TimerEvent: {}
[35.411444] (-) TimerEvent: {}
[35.512070] (-) TimerEvent: {}
[35.612730] (-) TimerEvent: {}
[35.623835] (fast_lio) StdoutLine: {'line': b'-- Found livox_ros_driver2: 1.0.0 (/home/unitree/projects/unitree_sdk2_python_g1/ws_livox/install/livox_ros_driver2/share/livox_ros_driver2/cmake)\n'}
[35.712900] (-) TimerEvent: {}
[35.798039] (fast_lio) StdoutLine: {'line': b'-- Found rosidl_default_generators: 1.0.1 (/opt/ros/foxy/share/rosidl_default_generators/cmake)\n'}
[35.813044] (-) TimerEvent: {}
[35.816826] (fast_lio) StderrLine: {'line': b'CMake Warning (dev) at CMakeLists.txt:81 (find_package):\n'}
[35.817230] (fast_lio) StderrLine: {'line': b'  Policy CMP0074 is not set: find_package uses <PackageName>_ROOT variables.\n'}
[35.817372] (fast_lio) StderrLine: {'line': b'  Run "cmake --help-policy CMP0074" for policy details.  Use the cmake_policy\n'}
[35.817484] (fast_lio) StderrLine: {'line': b'  command to set the policy and suppress this warning.\n'}
[35.817591] (fast_lio) StderrLine: {'line': b'\n'}
[35.817719] (fast_lio) StderrLine: {'line': b'  CMake variable PCL_ROOT is set to:\n'}
[35.817822] (fast_lio) StderrLine: {'line': b'\n'}
[35.817918] (fast_lio) StderrLine: {'line': b'    /usr\n'}
[35.818013] (fast_lio) StderrLine: {'line': b'\n'}
[35.818104] (fast_lio) StderrLine: {'line': b'  For compatibility, CMake is ignoring the variable.\n'}
[35.818194] (fast_lio) StderrLine: {'line': b'This warning is for project developers.  Use -Wno-dev to suppress it.\n'}
[35.818285] (fast_lio) StderrLine: {'line': b'\n'}
[35.827812] (fast_lio) StderrLine: {'line': b'Eigen:/usr/include/eigen3\n'}
[35.828236] (fast_lio) StdoutLine: {'line': b'-- PCL: /usr/include/pcl-1.10\n'}
[35.865224] (fast_lio) StdoutLine: {'line': b'-- Found PythonInterp: /usr/bin/python3.8 (found version "3.8.10") \n'}
[35.913194] (-) TimerEvent: {}
[36.013768] (-) TimerEvent: {}
[36.095026] (fast_lio) StdoutLine: {'line': b'-- Found ament_cmake_ros: 0.9.2 (/opt/ros/foxy/share/ament_cmake_ros/cmake)\n'}
[36.113966] (-) TimerEvent: {}
[36.214827] (-) TimerEvent: {}
[36.315455] (-) TimerEvent: {}
[36.321610] (fast_lio) StdoutLine: {'line': b'-- Using all available rosidl_typesupport_c: rosidl_typesupport_fastrtps_c;rosidl_typesupport_introspection_c\n'}
[36.334704] (fast_lio) StdoutLine: {'line': b'-- Using all available rosidl_typesupport_cpp: rosidl_typesupport_fastrtps_cpp;rosidl_typesupport_introspection_cpp\n'}
[36.384207] (fast_lio) StdoutLine: {'line': b'-- Found PythonInterp: /usr/bin/python3.8 (found suitable version "3.8.10", minimum required is "3.5") \n'}
[36.386861] (fast_lio) StdoutLine: {'line': b'-- Found python_cmake_module: 0.8.1 (/opt/ros/foxy/share/python_cmake_module/cmake)\n'}
[36.415580] (-) TimerEvent: {}
[36.429072] (fast_lio) StdoutLine: {'line': b'-- Found PythonLibs: /usr/lib/aarch64-linux-gnu/libpython3.8.so (found suitable version "3.8.10", minimum required is "3.5") \n'}
[36.429630] (fast_lio) StdoutLine: {'line': b'-- Using PYTHON_EXECUTABLE: /usr/bin/python3.8\n'}
[36.429810] (fast_lio) StdoutLine: {'line': b'-- Using PYTHON_INCLUDE_DIRS: /usr/include/python3.8\n'}
[36.429929] (fast_lio) StdoutLine: {'line': b'-- Using PYTHON_LIBRARIES: /usr/lib/aarch64-linux-gnu/libpython3.8.so\n'}
[36.466984] (fast_lio) StdoutLine: {'line': b'-- Found PythonExtra: .so  \n'}
[36.515728] (-) TimerEvent: {}
[36.617045] (-) TimerEvent: {}
[36.618066] (fast_lio) StdoutLine: {'line': b'-- Configuring done\n'}
[36.717210] (-) TimerEvent: {}
[36.770197] (fast_lio) StdoutLine: {'line': b'-- Generating done\n'}
[36.775351] (fast_lio) StderrLine: {'line': b'CMake Warning:\n'}
[36.775629] (fast_lio) StderrLine: {'line': b'  Manually-specified variables were not used by the project:\n'}
[36.775755] (fast_lio) StderrLine: {'line': b'\n'}
[36.775862] (fast_lio) StderrLine: {'line': b'    Python3_EXECUTABLE\n'}
[36.775963] (fast_lio) StderrLine: {'line': b'\n'}
[36.776059] (fast_lio) StderrLine: {'line': b'\n'}
[36.777493] (fast_lio) StdoutLine: {'line': b'-- Build files have been written to: /home/unitree/projects/unitree_sdk2_python_g1/ws_lio_ros2/build/fast_lio\n'}
[36.817373] (-) TimerEvent: {}
[36.824030] (fast_lio) CommandEnded: {'returncode': 0}
[36.826050] (fast_lio) JobProgress: {'identifier': 'fast_lio', 'progress': 'build'}
[36.826590] (fast_lio) Command: {'cmd': ['/usr/bin/cmake', '--build', '/home/unitree/projects/unitree_sdk2_python_g1/ws_lio_ros2/build/fast_lio', '--', '-j8', '-l8'], 'cwd': '/home/unitree/projects/unitree_sdk2_python_g1/ws_lio_ros2/build/fast_lio', 'env': OrderedDict([('VIRTUALENVWRAPPER_WORKON_CD', '1'), ('LESSOPEN', '| /usr/bin/lesspipe %s'), ('WORKON_HOME', '/home/unitree/Applications/virtualenvs'), ('USER', 'unitree'), ('SSH_CLIENT', '192.168.124.98 64166 22'), ('XDG_SESSION_TYPE', 'tty'), ('GIT_ASKPASS', '/home/unitree/.vscode-server/cli/servers/Stable-7d842fb85a0275a4a8e4d7e040d2625abbf7f084/server/extensions/git/dist/askpass.sh'), ('SHLVL', '1'), ('LD_LIBRARY_PATH', '/home/unitree/projects/unitree_sdk2_python_g1/ws_lio_ros2/install/pcl_ros/lib:/home/unitree/projects/unitree_sdk2_python_g1/ws_livox/install/livox_ros_driver2/lib:/usr/local/cuda-11.4/lib64:/usr/local/lib:/home/unitree/cyclonedds_ws/install/rmw_cyclonedds_cpp/lib:/home/unitree/cyclonedds_ws/install/cyclonedds/lib:/opt/ros/foxy/opt/yaml_cpp_vendor/lib:/opt/ros/foxy/opt/rviz_ogre_vendor/lib:/opt/ros/foxy/lib/aarch64-linux-gnu:/opt/ros/foxy/lib:/usr/local/cuda-11.4/lib64'), ('BROWSER', '/home/unitree/.vscode-server/cli/servers/Stable-7d842fb85a0275a4a8e4d7e040d2625abbf7f084/server/bin/helpers/browser.sh'), ('MOTD_SHOWN', 'pam'), ('HOME', '/home/unitree'), ('VIRTUALENVWRAPPER_PYTHON', '/usr/bin/python3'), ('CONDA_SHLVL', '0'), ('CYCLONEDDS_URI', '/home/unitree/cyclonedds_ws/cyclonedds.xml'), ('OLDPWD', '/home/unitree/projects/unitree_sdk2_python_g1/ws_lio_ros2/src'), ('TERM_PROGRAM_VERSION', '1.105.1'), ('VSCODE_IPC_HOOK_CLI', '/run/user/1000/vscode-ipc-814bda8a-28b7-4d83-82d2-f245e0a75e16.sock'), ('ROS_PYTHON_VERSION', '3'), ('VSCODE_GIT_ASKPASS_MAIN', '/home/unitree/.vscode-server/cli/servers/Stable-7d842fb85a0275a4a8e4d7e040d2625abbf7f084/server/extensions/git/dist/askpass-main.js'), ('VSCODE_GIT_ASKPASS_NODE', '/home/unitree/.vscode-server/cli/servers/Stable-7d842fb85a0275a4a8e4d7e040d2625abbf7f084/server/node'), ('SSL_CERT_FILE', '/usr/lib/ssl/certs/ca-certificates.crt'), ('VSCODE_PYTHON_AUTOACTIVATE_GUARD', '1'), ('DBUS_SESSION_BUS_ADDRESS', 'unix:path=/run/user/1000/bus'), ('COLORTERM', 'truecolor'), ('_CE_M', ''), ('COLCON_PREFIX_PATH', '/home/unitree/projects/unitree_sdk2_python_g1/ws_livox/install:/home/unitree/cyclonedds_ws/install'), ('ROS_DISTRO', 'foxy'), ('LOGNAME', 'unitree'), ('AMENT_PYTHON_EXECUTABLE', '/usr/bin/python3.8'), ('_', '/usr/bin/colcon'), ('ROS_VERSION', '2'), ('PKG_CONFIG_PATH', '/home/unitree/cyclonedds_ws/install/cyclonedds/lib/aarch64-linux-gnu/pkgconfig:/home/unitree/cyclonedds_ws/install/cyclonedds/lib/pkgconfig'), ('XDG_SESSION_CLASS', 'user'), ('TERM', 'xterm-256color'), ('XDG_SESSION_ID', '7'), ('_CE_CONDA', ''), ('ROS_LOCALHOST_ONLY', '0'), ('PATH', '/usr/bin:/usr/bin:/home/unitree/Applications/python3.10/bin:/home/unitree/.local/bin:/home/sakuzeng/Applications/anaconda3/bin:/usr/local/cuda-11.4/bin:/home/unitree/cyclonedds_ws/install/cyclonedds/bin:/opt/ros/foxy/bin:/home/unitree/.vscode-server/cli/servers/Stable-7d842fb85a0275a4a8e4d7e040d2625abbf7f084/server/bin/remote-cli:/home/unitree/.local/bin:/home/unitree/Applications/python3.10/bin:/home/unitree/.local/bin:/home/sakuzeng/Applications/anaconda3/bin:/home/unitree/Applications/anaconda3/condabin:/usr/local/cuda-11.4/bin:/usr/local/sbin:/usr/local/bin:/usr/sbin:/usr/bin:/sbin:/bin:/usr/games:/usr/local/games:/snap/bin:/home/unitree/.local/bin:/home/unitree/.vscode-server/data/User/globalStorage/github.copilot-chat/debugCommand:/home/unitree/.local/bin'), ('PYTHON_EXECUTABLE', '/usr/bin/python3.8'), ('XDG_RUNTIME_DIR', '/run/user/1000'), ('SSL_CERT_DIR', '/usr/lib/ssl/certs'), ('LANG', 'en_US.UTF-8'), ('RMW_IMPLEMENTATION', 'rmw_cyclonedds_cpp'), ('LS_COLORS', 'rs=0:di=01;34:ln=01;36:mh=00:pi=40;33:so=01;35:do=01;35:bd=40;33;01:cd=40;33;01:or=40;31;01:mi=00:su=37;41:sg=30;43:ca=30;41:tw=30;42:ow=34;42:st=37;44:ex=01;32:*.tar=01;31:*.tgz=01;31:*.arc=01;31:*.arj=01;31:*.taz=01;31:*.lha=01;31:*.lz4=01;31:*.lzh=01;31:*.lzma=01;31:*.tlz=01;31:*.txz=01;31:*.tzo=01;31:*.t7z=01;31:*.zip=01;31:*.z=01;31:*.dz=01;31:*.gz=01;31:*.lrz=01;31:*.lz=01;31:*.lzo=01;31:*.xz=01;31:*.zst=01;31:*.tzst=01;31:*.bz2=01;31:*.bz=01;31:*.tbz=01;31:*.tbz2=01;31:*.tz=01;31:*.deb=01;31:*.rpm=01;31:*.jar=01;31:*.war=01;31:*.ear=01;31:*.sar=01;31:*.rar=01;31:*.alz=01;31:*.ace=01;31:*.zoo=01;31:*.cpio=01;31:*.7z=01;31:*.rz=01;31:*.cab=01;31:*.wim=01;31:*.swm=01;31:*.dwm=01;31:*.esd=01;31:*.jpg=01;35:*.jpeg=01;35:*.mjpg=01;35:*.mjpeg=01;35:*.gif=01;35:*.bmp=01;35:*.pbm=01;35:*.pgm=01;35:*.ppm=01;35:*.tga=01;35:*.xbm=01;35:*.xpm=01;35:*.tif=01;35:*.tiff=01;35:*.png=01;35:*.svg=01;35:*.svgz=01;35:*.mng=01;35:*.pcx=01;35:*.mov=01;35:*.mpg=01;35:*.mpeg=01;35:*.m2v=01;35:*.mkv=01;35:*.webm=01;35:*.ogm=01;35:*.mp4=01;35:*.m4v=01;35:*.mp4v=01;35:*.vob=01;35:*.qt=01;35:*.nuv=01;35:*.wmv=01;35:*.asf=01;35:*.rm=01;35:*.rmvb=01;35:*.flc=01;35:*.avi=01;35:*.fli=01;35:*.flv=01;35:*.gl=01;35:*.dl=01;35:*.xcf=01;35:*.xwd=01;35:*.yuv=01;35:*.cgm=01;35:*.emf=01;35:*.ogv=01;35:*.ogx=01;35:*.aac=00;36:*.au=00;36:*.flac=00;36:*.m4a=00;36:*.mid=00;36:*.midi=00;36:*.mka=00;36:*.mp3=00;36:*.mpc=00;36:*.ogg=00;36:*.ra=00;36:*.wav=00;36:*.oga=00;36:*.opus=00;36:*.spx=00;36:*.xspf=00;36:'), ('VSCODE_GIT_IPC_HANDLE', '/run/user/1000/vscode-git-9fb0051d70.sock'), ('TERM_PROGRAM', 'vscode'), ('AMENT_PREFIX_PATH', '/home/unitree/projects/unitree_sdk2_python_g1/ws_lio_ros2/install/pcl_ros:/home/unitree/projects/unitree_sdk2_python_g1/ws_livox/install/livox_ros_driver2:/home/unitree/cyclonedds_ws/install/rmw_cyclonedds_cpp:/opt/ros/foxy'), ('CONDA_PYTHON_EXE', '/home/unitree/Applications/anaconda3/bin/python'), ('SHELL', '/bin/bash'), ('LESSCLOSE', '/usr/bin/lesspipe %s %s'), ('VIRTUALENVWRAPPER_PROJECT_FILENAME', '.project'), ('VIRTUALENVWRAPPER_HOOK_DIR', '/home/unitree/Applications/virtualenvs'), ('VIRTUALENVWRAPPER_SCRIPT', '/home/unitree/.local/bin/virtualenvwrapper.sh'), ('VSCODE_GIT_ASKPASS_EXTRA_ARGS', ''), ('PWD', '/home/unitree/projects/unitree_sdk2_python_g1/ws_lio_ros2/build/fast_lio'), ('CONDA_EXE', '/home/unitree/Applications/anaconda3/bin/conda'), ('SSH_CONNECTION', '192.168.124.98 64166 192.168.124.174 22'), ('XDG_DATA_DIRS', '/usr/local/share:/usr/share:/var/lib/snapd/desktop'), ('VIRTUALENVWRAPPER_VIRTUALENV', 'virtualenv'), ('PYTHONPATH', '/home/unitree/projects/unitree_sdk2_python_g1/ws_livox/install/livox_ros_driver2/lib/python3.8/site-packages:/opt/ros/foxy/lib/python3.8/site-packages'), ('COLCON', '1'), ('CMAKE_PREFIX_PATH', '/home/unitree/projects/unitree_sdk2_python_g1/ws_lio_ros2/install/pcl_ros:/home/unitree/projects/unitree_sdk2_python_g1/ws_livox/install/livox_ros_driver2:/home/unitree/cyclonedds_ws/install/rmw_cyclonedds_cpp:/home/unitree/cyclonedds_ws/install/cyclonedds:/opt/ros/foxy')]), 'shell': False}
[36.917572] (-) TimerEvent: {}
[36.918576] (fast_lio) StdoutLine: {'line': b'[  2%] \x1b[34m\x1b[1mGenerating C code for ROS interfaces\x1b[0m\n'}
[36.919058] (fast_lio) StdoutLine: {'line': b'\x1b[35m\x1b[1mScanning dependencies of target fast_lio__cpp\x1b[0m\n'}
[36.941882] (fast_lio) StdoutLine: {'line': b'[  5%] \x1b[34m\x1b[1mGenerating C++ code for ROS interfaces\x1b[0m\n'}
[37.017724] (-) TimerEvent: {}
[37.118310] (-) TimerEvent: {}
[37.218912] (-) TimerEvent: {}
[37.319496] (-) TimerEvent: {}
[37.402344] (fast_lio) StdoutLine: {'line': b'\x1b[35m\x1b[1mScanning dependencies of target fast_lio__rosidl_generator_c\x1b[0m\n'}
[37.419682] (-) TimerEvent: {}
[37.427277] (fast_lio) StdoutLine: {'line': b'[  8%] \x1b[32mBuilding C object CMakeFiles/fast_lio__rosidl_generator_c.dir/rosidl_generator_c/fast_lio/msg/detail/pose6_d__functions.c.o\x1b[0m\n'}
[37.456649] (fast_lio) StdoutLine: {'line': b'[  8%] Built target fast_lio__cpp\n'}
[37.476363] (fast_lio) StdoutLine: {'line': b'[ 14%] \x1b[34m\x1b[1mGenerating C++ introspection for ROS interfaces\x1b[0m\n'}
[37.476844] (fast_lio) StdoutLine: {'line': b'[ 14%] \x1b[34m\x1b[1mGenerating C++ type support dispatch for ROS interfaces\x1b[0m\n'}
[37.478529] (fast_lio) StdoutLine: {'line': b'[ 17%] \x1b[34m\x1b[1mGenerating C++ type support for eProsima Fast-RTPS\x1b[0m\n'}
[37.519821] (-) TimerEvent: {}
[37.613753] (fast_lio) StdoutLine: {'line': b'[ 20%] \x1b[32m\x1b[1mLinking C shared library libfast_lio__rosidl_generator_c.so\x1b[0m\n'}
[37.619973] (-) TimerEvent: {}
[37.680063] (fast_lio) StdoutLine: {'line': b'[ 20%] Built target fast_lio__rosidl_generator_c\n'}
[37.702819] (fast_lio) StdoutLine: {'line': b'[ 25%] \x1b[34m\x1b[1mGenerating C introspection for ROS interfaces\x1b[0m\n'}
[37.703684] (fast_lio) StdoutLine: {'line': b'[ 25%] \x1b[34m\x1b[1mGenerating C type support dispatch for ROS interfaces\x1b[0m\n'}
[37.720116] (-) TimerEvent: {}
[37.820649] (-) TimerEvent: {}
[37.921198] (-) TimerEvent: {}
[37.924528] (fast_lio) StdoutLine: {'line': b'\x1b[35m\x1b[1mScanning dependencies of target fast_lio__rosidl_typesupport_cpp\x1b[0m\n'}
[37.953889] (fast_lio) StdoutLine: {'line': b'[ 28%] \x1b[32mBuilding CXX object CMakeFiles/fast_lio__rosidl_typesupport_cpp.dir/rosidl_typesupport_cpp/fast_lio/msg/pose6_d__type_support.cpp.o\x1b[0m\n'}
[37.972215] (fast_lio) StdoutLine: {'line': b'\x1b[35m\x1b[1mScanning dependencies of target fast_lio__rosidl_typesupport_fastrtps_cpp\x1b[0m\n'}
[38.010499] (fast_lio) StdoutLine: {'line': b'[ 31%] \x1b[32mBuilding CXX object CMakeFiles/fast_lio__rosidl_typesupport_fastrtps_cpp.dir/rosidl_typesupport_fastrtps_cpp/fast_lio/msg/detail/dds_fastrtps/pose6_d__type_support.cpp.o\x1b[0m\n'}
[38.021411] (-) TimerEvent: {}
[38.066821] (fast_lio) StdoutLine: {'line': b'\x1b[35m\x1b[1mScanning dependencies of target fast_lio__rosidl_typesupport_introspection_cpp\x1b[0m\n'}
[38.097552] (fast_lio) StdoutLine: {'line': b'[ 34%] \x1b[32mBuilding CXX object CMakeFiles/fast_lio__rosidl_typesupport_introspection_cpp.dir/rosidl_typesupport_introspection_cpp/fast_lio/msg/detail/pose6_d__type_support.cpp.o\x1b[0m\n'}
[38.121558] (-) TimerEvent: {}
[38.176714] (fast_lio) StdoutLine: {'line': b'\x1b[35m\x1b[1mScanning dependencies of target fast_lio__rosidl_typesupport_c\x1b[0m\n'}
[38.205701] (fast_lio) StdoutLine: {'line': b'[ 37%] \x1b[32mBuilding CXX object CMakeFiles/fast_lio__rosidl_typesupport_c.dir/rosidl_typesupport_c/fast_lio/msg/pose6_d__type_support.cpp.o\x1b[0m\n'}
[38.206635] (fast_lio) StdoutLine: {'line': b'\x1b[35m\x1b[1mScanning dependencies of target fast_lio__rosidl_typesupport_introspection_c\x1b[0m\n'}
[38.221819] (-) TimerEvent: {}
[38.258025] (fast_lio) StdoutLine: {'line': b'[ 40%] \x1b[32mBuilding C object CMakeFiles/fast_lio__rosidl_typesupport_introspection_c.dir/rosidl_typesupport_introspection_c/fast_lio/msg/detail/pose6_d__type_support.c.o\x1b[0m\n'}
[38.296460] (fast_lio) StdoutLine: {'line': b'[ 42%] \x1b[32m\x1b[1mLinking CXX shared library libfast_lio__rosidl_typesupport_c.so\x1b[0m\n'}
[38.321990] (-) TimerEvent: {}
[38.333353] (fast_lio) StdoutLine: {'line': b'[ 45%] \x1b[32m\x1b[1mLinking C shared library libfast_lio__rosidl_typesupport_introspection_c.so\x1b[0m\n'}
[38.378550] (fast_lio) StdoutLine: {'line': b'[ 45%] Built target fast_lio__rosidl_typesupport_c\n'}
[38.397451] (fast_lio) StdoutLine: {'line': b'[ 45%] Built target fast_lio__rosidl_typesupport_introspection_c\n'}
[38.422158] (-) TimerEvent: {}
[38.506415] (fast_lio) StdoutLine: {'line': b'[ 48%] \x1b[32m\x1b[1mLinking CXX shared library libfast_lio__rosidl_typesupport_cpp.so\x1b[0m\n'}
[38.522337] (-) TimerEvent: {}
[38.576418] (fast_lio) StdoutLine: {'line': b'[ 48%] Built target fast_lio__rosidl_typesupport_cpp\n'}
[38.622504] (-) TimerEvent: {}
[38.690157] (fast_lio) StdoutLine: {'line': b'[ 51%] \x1b[32m\x1b[1mLinking CXX shared library libfast_lio__rosidl_typesupport_introspection_cpp.so\x1b[0m\n'}
[38.722678] (-) TimerEvent: {}
[38.758273] (fast_lio) StdoutLine: {'line': b'[ 51%] Built target fast_lio__rosidl_typesupport_introspection_cpp\n'}
[38.820139] (fast_lio) StdoutLine: {'line': b'[ 54%] \x1b[32m\x1b[1mLinking CXX shared library libfast_lio__rosidl_typesupport_fastrtps_cpp.so\x1b[0m\n'}
[38.822770] (-) TimerEvent: {}
[38.923518] (-) TimerEvent: {}
[38.978213] (fast_lio) StdoutLine: {'line': b'[ 54%] Built target fast_lio__rosidl_typesupport_fastrtps_cpp\n'}
[39.001279] (fast_lio) StdoutLine: {'line': b'[ 57%] \x1b[34m\x1b[1mGenerating C type support for eProsima Fast-RTPS\x1b[0m\n'}
[39.023615] (-) TimerEvent: {}
[39.124198] (-) TimerEvent: {}
[39.224740] (-) TimerEvent: {}
[39.325342] (-) TimerEvent: {}
[39.425979] (-) TimerEvent: {}
[39.453633] (fast_lio) StdoutLine: {'line': b'\x1b[35m\x1b[1mScanning dependencies of target fast_lio__rosidl_typesupport_fastrtps_c\x1b[0m\n'}
[39.480379] (fast_lio) StdoutLine: {'line': b'[ 60%] \x1b[32mBuilding CXX object CMakeFiles/fast_lio__rosidl_typesupport_fastrtps_c.dir/rosidl_typesupport_fastrtps_c/fast_lio/msg/detail/pose6_d__type_support_c.cpp.o\x1b[0m\n'}
[39.526175] (-) TimerEvent: {}
[39.627040] (-) TimerEvent: {}
[39.727864] (-) TimerEvent: {}
[39.828588] (-) TimerEvent: {}
[39.929478] (-) TimerEvent: {}
[40.030473] (-) TimerEvent: {}
[40.112035] (fast_lio) StdoutLine: {'line': b'[ 62%] \x1b[32m\x1b[1mLinking CXX shared library libfast_lio__rosidl_typesupport_fastrtps_c.so\x1b[0m\n'}
[40.130631] (-) TimerEvent: {}
[40.231336] (-) TimerEvent: {}
[40.273059] (fast_lio) StdoutLine: {'line': b'[ 62%] Built target fast_lio__rosidl_typesupport_fastrtps_c\n'}
[40.293024] (fast_lio) StdoutLine: {'line': b'\x1b[35m\x1b[1mScanning dependencies of target fast_lio\x1b[0m\n'}
[40.314823] (fast_lio) StdoutLine: {'line': b'[ 62%] Built target fast_lio\n'}
[40.331619] (-) TimerEvent: {}
[40.334211] (fast_lio) StdoutLine: {'line': b'\x1b[35m\x1b[1mScanning dependencies of target fast_lio__py\x1b[0m\n'}
[40.334815] (fast_lio) StdoutLine: {'line': b'\x1b[35m\x1b[1mScanning dependencies of target fastlio_mapping\x1b[0m\n'}
[40.355783] (fast_lio) StdoutLine: {'line': b'[ 65%] \x1b[34m\x1b[1mGenerating Python code for ROS interfaces\x1b[0m\n'}
[40.431733] (-) TimerEvent: {}
[40.532390] (-) TimerEvent: {}
[40.537993] (fast_lio) StdoutLine: {'line': b'[ 68%] \x1b[32mBuilding CXX object CMakeFiles/fastlio_mapping.dir/include/ikd-Tree/ikd_Tree.cpp.o\x1b[0m\n'}
[40.538888] (fast_lio) StdoutLine: {'line': b'[ 71%] \x1b[32mBuilding CXX object CMakeFiles/fastlio_mapping.dir/src/preprocess.cpp.o\x1b[0m\n'}
[40.550444] (fast_lio) StdoutLine: {'line': b'[ 74%] \x1b[32mBuilding CXX object CMakeFiles/fastlio_mapping.dir/src/laserMapping.cpp.o\x1b[0m\n'}
[40.632529] (-) TimerEvent: {}
[40.733187] (-) TimerEvent: {}
[40.833782] (-) TimerEvent: {}
[40.934388] (-) TimerEvent: {}
[41.035000] (-) TimerEvent: {}
[41.135629] (-) TimerEvent: {}
[41.213382] (fast_lio) StdoutLine: {'line': b'[ 74%] Built target fast_lio__py\n'}
[41.235577] (fast_lio) StdoutLine: {'line': b'\x1b[35m\x1b[1mScanning dependencies of target fast_lio__python\x1b[0m\n'}
[41.236021] (-) TimerEvent: {}
[41.287230] (fast_lio) StdoutLine: {'line': b'[ 77%] \x1b[32mBuilding C object CMakeFiles/fast_lio__python.dir/rosidl_generator_py/fast_lio/msg/_pose6_d_s.c.o\x1b[0m\n'}
[41.336222] (-) TimerEvent: {}
[41.436878] (-) TimerEvent: {}
[41.537582] (-) TimerEvent: {}
[41.587257] (fast_lio) StdoutLine: {'line': b'[ 80%] \x1b[32m\x1b[1mLinking C shared library rosidl_generator_py/fast_lio/libfast_lio__python.so\x1b[0m\n'}
[41.637788] (-) TimerEvent: {}
[41.659193] (fast_lio) StdoutLine: {'line': b'[ 80%] Built target fast_lio__python\n'}
[41.683234] (fast_lio) StdoutLine: {'line': b'\x1b[35m\x1b[1mScanning dependencies of target fast_lio__rosidl_typesupport_fastrtps_c__pyext\x1b[0m\n'}
[41.683691] (fast_lio) StdoutLine: {'line': b'\x1b[35m\x1b[1mScanning dependencies of target fast_lio__rosidl_typesupport_introspection_c__pyext\x1b[0m\n'}
[41.689029] (fast_lio) StdoutLine: {'line': b'\x1b[35m\x1b[1mScanning dependencies of target fast_lio__rosidl_typesupport_c__pyext\x1b[0m\n'}
[41.737966] (-) TimerEvent: {}
[41.749313] (fast_lio) StdoutLine: {'line': b'[ 82%] \x1b[32mBuilding C object CMakeFiles/fast_lio__rosidl_typesupport_fastrtps_c__pyext.dir/rosidl_generator_py/fast_lio/_fast_lio_s.ep.rosidl_typesupport_fastrtps_c.c.o\x1b[0m\n'}
[41.778005] (fast_lio) StdoutLine: {'line': b'[ 85%] \x1b[32mBuilding C object CMakeFiles/fast_lio__rosidl_typesupport_introspection_c__pyext.dir/rosidl_generator_py/fast_lio/_fast_lio_s.ep.rosidl_typesupport_introspection_c.c.o\x1b[0m\n'}
[41.778625] (fast_lio) StdoutLine: {'line': b'[ 88%] \x1b[32mBuilding C object CMakeFiles/fast_lio__rosidl_typesupport_c__pyext.dir/rosidl_generator_py/fast_lio/_fast_lio_s.ep.rosidl_typesupport_c.c.o\x1b[0m\n'}
[41.838138] (-) TimerEvent: {}
[41.938946] (-) TimerEvent: {}
[41.984017] (fast_lio) StdoutLine: {'line': b'[ 91%] \x1b[32m\x1b[1mLinking C shared library rosidl_generator_py/fast_lio/fast_lio_s__rosidl_typesupport_c.cpython-38-aarch64-linux-gnu.so\x1b[0m\n'}
[42.007537] (fast_lio) StdoutLine: {'line': b'[ 94%] \x1b[32m\x1b[1mLinking CXX shared library rosidl_generator_py/fast_lio/fast_lio_s__rosidl_typesupport_fastrtps_c.cpython-38-aarch64-linux-gnu.so\x1b[0m\n'}
[42.021981] (fast_lio) StdoutLine: {'line': b'[ 97%] \x1b[32m\x1b[1mLinking C shared library rosidl_generator_py/fast_lio/fast_lio_s__rosidl_typesupport_introspection_c.cpython-38-aarch64-linux-gnu.so\x1b[0m\n'}
[42.039139] (-) TimerEvent: {}
[42.064278] (fast_lio) StdoutLine: {'line': b'[ 97%] Built target fast_lio__rosidl_typesupport_c__pyext\n'}
[42.108279] (fast_lio) StdoutLine: {'line': b'[ 97%] Built target fast_lio__rosidl_typesupport_introspection_c__pyext\n'}
[42.129765] (fast_lio) StdoutLine: {'line': b'[ 97%] Built target fast_lio__rosidl_typesupport_fastrtps_c__pyext\n'}
[42.139292] (-) TimerEvent: {}
[42.240159] (-) TimerEvent: {}
[42.340908] (-) TimerEvent: {}
[42.441618] (-) TimerEvent: {}
[42.542321] (-) TimerEvent: {}
[42.643054] (-) TimerEvent: {}
[42.743706] (-) TimerEvent: {}
[42.844430] (-) TimerEvent: {}
[42.945158] (-) TimerEvent: {}
[43.045992] (-) TimerEvent: {}
[43.146659] (-) TimerEvent: {}
[43.247298] (-) TimerEvent: {}
[43.347949] (-) TimerEvent: {}
[43.448634] (-) TimerEvent: {}
[43.549311] (-) TimerEvent: {}
[43.650022] (-) TimerEvent: {}
[43.750714] (-) TimerEvent: {}
[43.851474] (-) TimerEvent: {}
[43.952126] (-) TimerEvent: {}
[44.052795] (-) TimerEvent: {}
[44.153454] (-) TimerEvent: {}
[44.254233] (-) TimerEvent: {}
[44.354937] (-) TimerEvent: {}
[44.455676] (-) TimerEvent: {}
[44.556445] (-) TimerEvent: {}
[44.657191] (-) TimerEvent: {}
[44.757878] (-) TimerEvent: {}
[44.858543] (-) TimerEvent: {}
[44.959216] (-) TimerEvent: {}
[45.059855] (-) TimerEvent: {}
[45.160512] (-) TimerEvent: {}
[45.261174] (-) TimerEvent: {}
[45.361860] (-) TimerEvent: {}
[45.462576] (-) TimerEvent: {}
[45.563230] (-) TimerEvent: {}
[45.663886] (-) TimerEvent: {}
[45.764536] (-) TimerEvent: {}
[45.865199] (-) TimerEvent: {}
[45.965893] (-) TimerEvent: {}
[46.066555] (-) TimerEvent: {}
[46.167202] (-) TimerEvent: {}
[46.267854] (-) TimerEvent: {}
[46.368513] (-) TimerEvent: {}
[46.469160] (-) TimerEvent: {}
[46.569816] (-) TimerEvent: {}
[46.670484] (-) TimerEvent: {}
[46.771251] (-) TimerEvent: {}
[46.871919] (-) TimerEvent: {}
[46.972565] (-) TimerEvent: {}
[47.073217] (-) TimerEvent: {}
[47.173874] (-) TimerEvent: {}
[47.274520] (-) TimerEvent: {}
[47.375500] (-) TimerEvent: {}
[47.476152] (-) TimerEvent: {}
[47.576827] (-) TimerEvent: {}
[47.677478] (-) TimerEvent: {}
[47.778196] (-) TimerEvent: {}
[47.878833] (-) TimerEvent: {}
[47.979509] (-) TimerEvent: {}
[48.080326] (-) TimerEvent: {}
[48.180983] (-) TimerEvent: {}
[48.281719] (-) TimerEvent: {}
[48.382370] (-) TimerEvent: {}
[48.483012] (-) TimerEvent: {}
[48.583681] (-) TimerEvent: {}
[48.684324] (-) TimerEvent: {}
[48.784982] (-) TimerEvent: {}
[48.885673] (-) TimerEvent: {}
[48.986318] (-) TimerEvent: {}
[49.086973] (-) TimerEvent: {}
[49.187724] (-) TimerEvent: {}
[49.288382] (-) TimerEvent: {}
[49.389034] (-) TimerEvent: {}
[49.489697] (-) TimerEvent: {}
[49.590468] (-) TimerEvent: {}
[49.691190] (-) TimerEvent: {}
[49.791845] (-) TimerEvent: {}
[49.892494] (-) TimerEvent: {}
[49.993160] (-) TimerEvent: {}
[50.093793] (-) TimerEvent: {}
[50.194445] (-) TimerEvent: {}
[50.295147] (-) TimerEvent: {}
[50.395816] (-) TimerEvent: {}
[50.427406] (fast_lio) StderrLine: {'line': b'In file included from \x1b[01m\x1b[K/usr/include/boost/preprocessor/tuple/elem.hpp:23\x1b[m\x1b[K,\n'}
[50.427972] (fast_lio) StderrLine: {'line': b'                 from \x1b[01m\x1b[K/usr/include/boost/preprocessor/arithmetic/add.hpp:21\x1b[m\x1b[K,\n'}
[50.428115] (fast_lio) StderrLine: {'line': b'                 from \x1b[01m\x1b[K/usr/include/boost/mpl/aux_/preprocessor/def_params_tail.hpp:66\x1b[m\x1b[K,\n'}
[50.428230] (fast_lio) StderrLine: {'line': b'                 from \x1b[01m\x1b[K/usr/include/boost/mpl/aux_/na_spec.hpp:28\x1b[m\x1b[K,\n'}
[50.428359] (fast_lio) StderrLine: {'line': b'                 from \x1b[01m\x1b[K/usr/include/boost/mpl/not.hpp:20\x1b[m\x1b[K,\n'}
[50.428466] (fast_lio) StderrLine: {'line': b'                 from \x1b[01m\x1b[K/usr/include/boost/mpl/assert.hpp:17\x1b[m\x1b[K,\n'}
[50.428570] (fast_lio) StderrLine: {'line': b'                 from \x1b[01m\x1b[K/usr/include/pcl-1.10/pcl/point_traits.h:48\x1b[m\x1b[K,\n'}
[50.428668] (fast_lio) StderrLine: {'line': b'                 from \x1b[01m\x1b[K/usr/include/pcl-1.10/pcl/point_cloud.h:50\x1b[m\x1b[K,\n'}
[50.428761] (fast_lio) StderrLine: {'line': b'                 from \x1b[01m\x1b[K/usr/include/pcl-1.10/pcl/conversions.h:49\x1b[m\x1b[K,\n'}
[50.428852] (fast_lio) StderrLine: {'line': b'                 from \x1b[01m\x1b[K/opt/ros/foxy/include/pcl_conversions/pcl_conversions.h:46\x1b[m\x1b[K,\n'}
[50.428944] (fast_lio) StderrLine: {'line': b'                 from \x1b[01m\x1b[K/home/unitree/projects/unitree_sdk2_python_g1/ws_lio_ros2/src/FAST_LIO_ROS2/src/preprocess.h:3\x1b[m\x1b[K,\n'}
[50.429036] (fast_lio) StderrLine: {'line': b'                 from \x1b[01m\x1b[K/home/unitree/projects/unitree_sdk2_python_g1/ws_lio_ros2/src/FAST_LIO_ROS2/src/preprocess.cpp:1\x1b[m\x1b[K:\n'}
[50.429125] (fast_lio) StderrLine: {'line': b'\x1b[01m\x1b[K/home/unitree/projects/unitree_sdk2_python_g1/ws_lio_ros2/src/FAST_LIO_ROS2/src/preprocess.h:83:105:\x1b[m\x1b[K \x1b[01;35m\x1b[Kwarning: \x1b[m\x1b[K\xe2\x80\x98\x1b[01m\x1b[Kusing uint16_t = uint16_t\x1b[m\x1b[K\xe2\x80\x99 is deprecated: use std::uint16_t instead of pcl::uint16_t [\x1b[01;35m\x1b[K-Wdeprecated-declarations\x1b[m\x1b[K]\n'}
[50.429224] (fast_lio) StderrLine: {'line': b'   83 |                                                                           intensity)(float, time, time)(\x1b[01;35m\x1b[Kuint16_t\x1b[m\x1b[K, ring,\n'}
[50.429317] (fast_lio) StderrLine: {'line': b'      |                                                                                                         \x1b[01;35m\x1b[K^~~~~~~~\x1b[m\x1b[K\n'}
[50.429407] (fast_lio) StderrLine: {'line': b'In file included from \x1b[01m\x1b[K/usr/include/pcl-1.10/pcl/PCLPointField.h:10\x1b[m\x1b[K,\n'}
[50.429502] (fast_lio) StderrLine: {'line': b'                 from \x1b[01m\x1b[K/usr/include/pcl-1.10/pcl/conversions.h:46\x1b[m\x1b[K,\n'}
[50.429594] (fast_lio) StderrLine: {'line': b'                 from \x1b[01m\x1b[K/opt/ros/foxy/include/pcl_conversions/pcl_conversions.h:46\x1b[m\x1b[K,\n'}
[50.429723] (fast_lio) StderrLine: {'line': b'                 from \x1b[01m\x1b[K/home/unitree/projects/unitree_sdk2_python_g1/ws_lio_ros2/src/FAST_LIO_ROS2/src/preprocess.h:3\x1b[m\x1b[K,\n'}
[50.429842] (fast_lio) StderrLine: {'line': b'                 from \x1b[01m\x1b[K/home/unitree/projects/unitree_sdk2_python_g1/ws_lio_ros2/src/FAST_LIO_ROS2/src/preprocess.cpp:1\x1b[m\x1b[K:\n'}
[50.429935] (fast_lio) StderrLine: {'line': b'\x1b[01m\x1b[K/usr/include/pcl-1.10/pcl/pcl_macros.h:94:9:\x1b[m\x1b[K \x1b[01;36m\x1b[Knote: \x1b[m\x1b[Kdeclared here\n'}
[50.430025] (fast_lio) StderrLine: {'line': b'   94 |   using \x1b[01;36m\x1b[Kuint16_t\x1b[m\x1b[K [[deprecated("use std::uint16_t instead of pcl::uint16_t")]] = std::uint16_t;\n'}
[50.430116] (fast_lio) StderrLine: {'line': b'      |         \x1b[01;36m\x1b[K^~~~~~~~\x1b[m\x1b[K\n'}
[50.455091] (fast_lio) StderrLine: {'line': b'In file included from \x1b[01m\x1b[K/usr/include/boost/preprocessor/tuple/elem.hpp:23\x1b[m\x1b[K,\n'}
[50.455702] (fast_lio) StderrLine: {'line': b'                 from \x1b[01m\x1b[K/usr/include/boost/preprocessor/arithmetic/add.hpp:21\x1b[m\x1b[K,\n'}
[50.455916] (fast_lio) StderrLine: {'line': b'                 from \x1b[01m\x1b[K/usr/include/boost/mpl/aux_/preprocessor/def_params_tail.hpp:66\x1b[m\x1b[K,\n'}
[50.456036] (fast_lio) StderrLine: {'line': b'                 from \x1b[01m\x1b[K/usr/include/boost/mpl/aux_/na_spec.hpp:28\x1b[m\x1b[K,\n'}
[50.456145] (fast_lio) StderrLine: {'line': b'                 from \x1b[01m\x1b[K/usr/include/boost/mpl/not.hpp:20\x1b[m\x1b[K,\n'}
[50.456247] (fast_lio) StderrLine: {'line': b'                 from \x1b[01m\x1b[K/usr/include/boost/mpl/assert.hpp:17\x1b[m\x1b[K,\n'}
[50.456344] (fast_lio) StderrLine: {'line': b'                 from \x1b[01m\x1b[K/usr/include/pcl-1.10/pcl/point_traits.h:48\x1b[m\x1b[K,\n'}
[50.456438] (fast_lio) StderrLine: {'line': b'                 from \x1b[01m\x1b[K/usr/include/pcl-1.10/pcl/point_cloud.h:50\x1b[m\x1b[K,\n'}
[50.456530] (fast_lio) StderrLine: {'line': b'                 from \x1b[01m\x1b[K/usr/include/pcl-1.10/pcl/conversions.h:49\x1b[m\x1b[K,\n'}
[50.456622] (fast_lio) StderrLine: {'line': b'                 from \x1b[01m\x1b[K/opt/ros/foxy/include/pcl_conversions/pcl_conversions.h:46\x1b[m\x1b[K,\n'}
[50.456714] (fast_lio) StderrLine: {'line': b'                 from \x1b[01m\x1b[K/home/unitree/projects/unitree_sdk2_python_g1/ws_lio_ros2/src/FAST_LIO_ROS2/src/preprocess.h:3\x1b[m\x1b[K,\n'}
[50.456805] (fast_lio) StderrLine: {'line': b'                 from \x1b[01m\x1b[K/home/unitree/projects/unitree_sdk2_python_g1/ws_lio_ros2/src/FAST_LIO_ROS2/src/preprocess.cpp:1\x1b[m\x1b[K:\n'}
[50.456922] (fast_lio) StderrLine: {'line': b'\x1b[01m\x1b[K/home/unitree/projects/unitree_sdk2_python_g1/ws_lio_ros2/src/FAST_LIO_ROS2/src/preprocess.h:140:6:\x1b[m\x1b[K \x1b[01;35m\x1b[Kwarning: \x1b[m\x1b[K\xe2\x80\x98\x1b[01m\x1b[Kusing uint8_t = uint8_t\x1b[m\x1b[K\xe2\x80\x99 is deprecated: use std::uint8_t instead of pcl::uint8_t [\x1b[01;35m\x1b[K-Wdeprecated-declarations\x1b[m\x1b[K]\n'}
[50.457024] (fast_lio) StderrLine: {'line': b'  140 |     (\x1b[01;35m\x1b[Kuint8_t\x1b[m\x1b[K, tag, tag)\n'}
[50.457113] (fast_lio) StderrLine: {'line': b'      |      \x1b[01;35m\x1b[K^~~~~~~\x1b[m\x1b[K\n'}
[50.457202] (fast_lio) StderrLine: {'line': b'In file included from \x1b[01m\x1b[K/usr/include/pcl-1.10/pcl/PCLPointField.h:10\x1b[m\x1b[K,\n'}
[50.457294] (fast_lio) StderrLine: {'line': b'                 from \x1b[01m\x1b[K/usr/include/pcl-1.10/pcl/conversions.h:46\x1b[m\x1b[K,\n'}
[50.457404] (fast_lio) StderrLine: {'line': b'                 from \x1b[01m\x1b[K/opt/ros/foxy/include/pcl_conversions/pcl_conversions.h:46\x1b[m\x1b[K,\n'}
[50.457498] (fast_lio) StderrLine: {'line': b'                 from \x1b[01m\x1b[K/home/unitree/projects/unitree_sdk2_python_g1/ws_lio_ros2/src/FAST_LIO_ROS2/src/preprocess.h:3\x1b[m\x1b[K,\n'}
[50.457589] (fast_lio) StderrLine: {'line': b'                 from \x1b[01m\x1b[K/home/unitree/projects/unitree_sdk2_python_g1/ws_lio_ros2/src/FAST_LIO_ROS2/src/preprocess.cpp:1\x1b[m\x1b[K:\n'}
[50.457704] (fast_lio) StderrLine: {'line': b'\x1b[01m\x1b[K/usr/include/pcl-1.10/pcl/pcl_macros.h:92:9:\x1b[m\x1b[K \x1b[01;36m\x1b[Knote: \x1b[m\x1b[Kdeclared here\n'}
[50.457802] (fast_lio) StderrLine: {'line': b'   92 |   using \x1b[01;36m\x1b[Kuint8_t\x1b[m\x1b[K [[deprecated("use std::uint8_t instead of pcl::uint8_t")]] = std::uint8_t;\n'}
[50.457894] (fast_lio) StderrLine: {'line': b'      |         \x1b[01;36m\x1b[K^~~~~~~\x1b[m\x1b[K\n'}
[50.457983] (fast_lio) StderrLine: {'line': b'In file included from \x1b[01m\x1b[K/usr/include/boost/preprocessor/tuple/elem.hpp:23\x1b[m\x1b[K,\n'}
[50.458073] (fast_lio) StderrLine: {'line': b'                 from \x1b[01m\x1b[K/usr/include/boost/preprocessor/arithmetic/add.hpp:21\x1b[m\x1b[K,\n'}
[50.458161] (fast_lio) StderrLine: {'line': b'                 from \x1b[01m\x1b[K/usr/include/boost/mpl/aux_/preprocessor/def_params_tail.hpp:66\x1b[m\x1b[K,\n'}
[50.458250] (fast_lio) StderrLine: {'line': b'                 from \x1b[01m\x1b[K/usr/include/boost/mpl/aux_/na_spec.hpp:28\x1b[m\x1b[K,\n'}
[50.458338] (fast_lio) StderrLine: {'line': b'                 from \x1b[01m\x1b[K/usr/include/boost/mpl/not.hpp:20\x1b[m\x1b[K,\n'}
[50.458444] (fast_lio) StderrLine: {'line': b'                 from \x1b[01m\x1b[K/usr/include/boost/mpl/assert.hpp:17\x1b[m\x1b[K,\n'}
[50.458533] (fast_lio) StderrLine: {'line': b'                 from \x1b[01m\x1b[K/usr/include/pcl-1.10/pcl/point_traits.h:48\x1b[m\x1b[K,\n'}
[50.458625] (fast_lio) StderrLine: {'line': b'                 from \x1b[01m\x1b[K/usr/include/pcl-1.10/pcl/point_cloud.h:50\x1b[m\x1b[K,\n'}
[50.458713] (fast_lio) StderrLine: {'line': b'                 from \x1b[01m\x1b[K/usr/include/pcl-1.10/pcl/conversions.h:49\x1b[m\x1b[K,\n'}
[50.458801] (fast_lio) StderrLine: {'line': b'                 from \x1b[01m\x1b[K/opt/ros/foxy/include/pcl_conversions/pcl_conversions.h:46\x1b[m\x1b[K,\n'}
[50.458890] (fast_lio) StderrLine: {'line': b'                 from \x1b[01m\x1b[K/home/unitree/projects/unitree_sdk2_python_g1/ws_lio_ros2/src/FAST_LIO_ROS2/src/preprocess.h:3\x1b[m\x1b[K,\n'}
[50.458979] (fast_lio) StderrLine: {'line': b'                 from \x1b[01m\x1b[K/home/unitree/projects/unitree_sdk2_python_g1/ws_lio_ros2/src/FAST_LIO_ROS2/src/preprocess.cpp:1\x1b[m\x1b[K:\n'}
[50.459066] (fast_lio) StderrLine: {'line': b'\x1b[01m\x1b[K/home/unitree/projects/unitree_sdk2_python_g1/ws_lio_ros2/src/FAST_LIO_ROS2/src/preprocess.h:141:6:\x1b[m\x1b[K \x1b[01;35m\x1b[Kwarning: \x1b[m\x1b[K\xe2\x80\x98\x1b[01m\x1b[Kusing uint8_t = uint8_t\x1b[m\x1b[K\xe2\x80\x99 is deprecated: use std::uint8_t instead of pcl::uint8_t [\x1b[01;35m\x1b[K-Wdeprecated-declarations\x1b[m\x1b[K]\n'}
[50.459179] (fast_lio) StderrLine: {'line': b'  141 |     (\x1b[01;35m\x1b[Kuint8_t\x1b[m\x1b[K, line, line)\n'}
[50.459274] (fast_lio) StderrLine: {'line': b'      |      \x1b[01;35m\x1b[K^~~~~~~\x1b[m\x1b[K\n'}
[50.459394] (fast_lio) StderrLine: {'line': b'In file included from \x1b[01m\x1b[K/usr/include/pcl-1.10/pcl/PCLPointField.h:10\x1b[m\x1b[K,\n'}
[50.459490] (fast_lio) StderrLine: {'line': b'                 from \x1b[01m\x1b[K/usr/include/pcl-1.10/pcl/conversions.h:46\x1b[m\x1b[K,\n'}
[50.459580] (fast_lio) StderrLine: {'line': b'                 from \x1b[01m\x1b[K/opt/ros/foxy/include/pcl_conversions/pcl_conversions.h:46\x1b[m\x1b[K,\n'}
[50.459670] (fast_lio) StderrLine: {'line': b'                 from \x1b[01m\x1b[K/home/unitree/projects/unitree_sdk2_python_g1/ws_lio_ros2/src/FAST_LIO_ROS2/src/preprocess.h:3\x1b[m\x1b[K,\n'}
[50.459756] (fast_lio) StderrLine: {'line': b'                 from \x1b[01m\x1b[K/home/unitree/projects/unitree_sdk2_python_g1/ws_lio_ros2/src/FAST_LIO_ROS2/src/preprocess.cpp:1\x1b[m\x1b[K:\n'}
[50.459845] (fast_lio) StderrLine: {'line': b'\x1b[01m\x1b[K/usr/include/pcl-1.10/pcl/pcl_macros.h:92:9:\x1b[m\x1b[K \x1b[01;36m\x1b[Knote: \x1b[m\x1b[Kdeclared here\n'}
[50.459931] (fast_lio) StderrLine: {'line': b'   92 |   using \x1b[01;36m\x1b[Kuint8_t\x1b[m\x1b[K [[deprecated("use std::uint8_t instead of pcl::uint8_t")]] = std::uint8_t;\n'}
[50.460018] (fast_lio) StderrLine: {'line': b'      |         \x1b[01;36m\x1b[K^~~~~~~\x1b[m\x1b[K\n'}
[50.466037] (fast_lio) StderrLine: {'line': b'In file included from \x1b[01m\x1b[K/usr/include/boost/preprocessor/tuple/elem.hpp:23\x1b[m\x1b[K,\n'}
[50.466604] (fast_lio) StderrLine: {'line': b'                 from \x1b[01m\x1b[K/usr/include/boost/preprocessor/arithmetic/add.hpp:21\x1b[m\x1b[K,\n'}
[50.466726] (fast_lio) StderrLine: {'line': b'                 from \x1b[01m\x1b[K/usr/include/boost/mpl/aux_/preprocessor/def_params_tail.hpp:66\x1b[m\x1b[K,\n'}
[50.466826] (fast_lio) StderrLine: {'line': b'                 from \x1b[01m\x1b[K/usr/include/boost/mpl/aux_/na_spec.hpp:28\x1b[m\x1b[K,\n'}
[50.466920] (fast_lio) StderrLine: {'line': b'                 from \x1b[01m\x1b[K/usr/include/boost/mpl/not.hpp:20\x1b[m\x1b[K,\n'}
[50.467010] (fast_lio) StderrLine: {'line': b'                 from \x1b[01m\x1b[K/usr/include/boost/mpl/assert.hpp:17\x1b[m\x1b[K,\n'}
[50.467101] (fast_lio) StderrLine: {'line': b'                 from \x1b[01m\x1b[K/usr/include/pcl-1.10/pcl/point_traits.h:48\x1b[m\x1b[K,\n'}
[50.467215] (fast_lio) StderrLine: {'line': b'                 from \x1b[01m\x1b[K/usr/include/pcl-1.10/pcl/point_cloud.h:50\x1b[m\x1b[K,\n'}
[50.467316] (fast_lio) StderrLine: {'line': b'                 from \x1b[01m\x1b[K/usr/include/pcl-1.10/pcl/conversions.h:49\x1b[m\x1b[K,\n'}
[50.467406] (fast_lio) StderrLine: {'line': b'                 from \x1b[01m\x1b[K/opt/ros/foxy/include/pcl_conversions/pcl_conversions.h:46\x1b[m\x1b[K,\n'}
[50.467505] (fast_lio) StderrLine: {'line': b'                 from \x1b[01m\x1b[K/home/unitree/projects/unitree_sdk2_python_g1/ws_lio_ros2/src/FAST_LIO_ROS2/src/preprocess.h:3\x1b[m\x1b[K,\n'}
[50.467595] (fast_lio) StderrLine: {'line': b'                 from \x1b[01m\x1b[K/home/unitree/projects/unitree_sdk2_python_g1/ws_lio_ros2/src/FAST_LIO_ROS2/src/preprocess.cpp:1\x1b[m\x1b[K:\n'}
[50.467682] (fast_lio) StderrLine: {'line': b'\x1b[01m\x1b[K/home/unitree/projects/unitree_sdk2_python_g1/ws_lio_ros2/src/FAST_LIO_ROS2/src/preprocess.h:149:6:\x1b[m\x1b[K \x1b[01;35m\x1b[Kwarning: \x1b[m\x1b[K\xe2\x80\x98\x1b[01m\x1b[Kusing uint8_t = uint8_t\x1b[m\x1b[K\xe2\x80\x99 is deprecated: use std::uint8_t instead of pcl::uint8_t [\x1b[01;35m\x1b[K-Wdeprecated-declarations\x1b[m\x1b[K]\n'}
[50.467778] (fast_lio) StderrLine: {'line': b'  149 |     (\x1b[01;35m\x1b[Kuint8_t\x1b[m\x1b[K, tag, tag)\n'}
[50.467866] (fast_lio) StderrLine: {'line': b'      |      \x1b[01;35m\x1b[K^~~~~~~\x1b[m\x1b[K\n'}
[50.467954] (fast_lio) StderrLine: {'line': b'In file included from \x1b[01m\x1b[K/usr/include/pcl-1.10/pcl/PCLPointField.h:10\x1b[m\x1b[K,\n'}
[50.468040] (fast_lio) StderrLine: {'line': b'                 from \x1b[01m\x1b[K/usr/include/pcl-1.10/pcl/conversions.h:46\x1b[m\x1b[K,\n'}
[50.468127] (fast_lio) StderrLine: {'line': b'                 from \x1b[01m\x1b[K/opt/ros/foxy/include/pcl_conversions/pcl_conversions.h:46\x1b[m\x1b[K,\n'}
[50.468217] (fast_lio) StderrLine: {'line': b'                 from \x1b[01m\x1b[K/home/unitree/projects/unitree_sdk2_python_g1/ws_lio_ros2/src/FAST_LIO_ROS2/src/preprocess.h:3\x1b[m\x1b[K,\n'}
[50.468308] (fast_lio) StderrLine: {'line': b'                 from \x1b[01m\x1b[K/home/unitree/projects/unitree_sdk2_python_g1/ws_lio_ros2/src/FAST_LIO_ROS2/src/preprocess.cpp:1\x1b[m\x1b[K:\n'}
[50.468395] (fast_lio) StderrLine: {'line': b'\x1b[01m\x1b[K/usr/include/pcl-1.10/pcl/pcl_macros.h:92:9:\x1b[m\x1b[K \x1b[01;36m\x1b[Knote: \x1b[m\x1b[Kdeclared here\n'}
[50.468482] (fast_lio) StderrLine: {'line': b'   92 |   using \x1b[01;36m\x1b[Kuint8_t\x1b[m\x1b[K [[deprecated("use std::uint8_t instead of pcl::uint8_t")]] = std::uint8_t;\n'}
[50.468567] (fast_lio) StderrLine: {'line': b'      |         \x1b[01;36m\x1b[K^~~~~~~\x1b[m\x1b[K\n'}
[50.468651] (fast_lio) StderrLine: {'line': b'In file included from \x1b[01m\x1b[K/usr/include/boost/preprocessor/tuple/elem.hpp:23\x1b[m\x1b[K,\n'}
[50.468737] (fast_lio) StderrLine: {'line': b'                 from \x1b[01m\x1b[K/usr/include/boost/preprocessor/arithmetic/add.hpp:21\x1b[m\x1b[K,\n'}
[50.468822] (fast_lio) StderrLine: {'line': b'                 from \x1b[01m\x1b[K/usr/include/boost/mpl/aux_/preprocessor/def_params_tail.hpp:66\x1b[m\x1b[K,\n'}
[50.468906] (fast_lio) StderrLine: {'line': b'                 from \x1b[01m\x1b[K/usr/include/boost/mpl/aux_/na_spec.hpp:28\x1b[m\x1b[K,\n'}
[50.468992] (fast_lio) StderrLine: {'line': b'                 from \x1b[01m\x1b[K/usr/include/boost/mpl/not.hpp:20\x1b[m\x1b[K,\n'}
[50.469078] (fast_lio) StderrLine: {'line': b'                 from \x1b[01m\x1b[K/usr/include/boost/mpl/assert.hpp:17\x1b[m\x1b[K,\n'}
[50.469161] (fast_lio) StderrLine: {'line': b'                 from \x1b[01m\x1b[K/usr/include/pcl-1.10/pcl/point_traits.h:48\x1b[m\x1b[K,\n'}
[50.469245] (fast_lio) StderrLine: {'line': b'                 from \x1b[01m\x1b[K/usr/include/pcl-1.10/pcl/point_cloud.h:50\x1b[m\x1b[K,\n'}
[50.469329] (fast_lio) StderrLine: {'line': b'                 from \x1b[01m\x1b[K/usr/include/pcl-1.10/pcl/conversions.h:49\x1b[m\x1b[K,\n'}
[50.469412] (fast_lio) StderrLine: {'line': b'                 from \x1b[01m\x1b[K/opt/ros/foxy/include/pcl_conversions/pcl_conversions.h:46\x1b[m\x1b[K,\n'}
[50.469514] (fast_lio) StderrLine: {'line': b'                 from \x1b[01m\x1b[K/home/unitree/projects/unitree_sdk2_python_g1/ws_lio_ros2/src/FAST_LIO_ROS2/src/preprocess.h:3\x1b[m\x1b[K,\n'}
[50.469617] (fast_lio) StderrLine: {'line': b'                 from \x1b[01m\x1b[K/home/unitree/projects/unitree_sdk2_python_g1/ws_lio_ros2/src/FAST_LIO_ROS2/src/preprocess.cpp:1\x1b[m\x1b[K:\n'}
[50.469744] (fast_lio) StderrLine: {'line': b'\x1b[01m\x1b[K/home/unitree/projects/unitree_sdk2_python_g1/ws_lio_ros2/src/FAST_LIO_ROS2/src/preprocess.h:150:6:\x1b[m\x1b[K \x1b[01;35m\x1b[Kwarning: \x1b[m\x1b[K\xe2\x80\x98\x1b[01m\x1b[Kusing uint8_t = uint8_t\x1b[m\x1b[K\xe2\x80\x99 is deprecated: use std::uint8_t instead of pcl::uint8_t [\x1b[01;35m\x1b[K-Wdeprecated-declarations\x1b[m\x1b[K]\n'}
[50.469845] (fast_lio) StderrLine: {'line': b'  150 |     (\x1b[01;35m\x1b[Kuint8_t\x1b[m\x1b[K, line, line)\n'}
[50.469935] (fast_lio) StderrLine: {'line': b'      |      \x1b[01;35m\x1b[K^~~~~~~\x1b[m\x1b[K\n'}
[50.470024] (fast_lio) StderrLine: {'line': b'In file included from \x1b[01m\x1b[K/usr/include/pcl-1.10/pcl/PCLPointField.h:10\x1b[m\x1b[K,\n'}
[50.470112] (fast_lio) StderrLine: {'line': b'                 from \x1b[01m\x1b[K/usr/include/pcl-1.10/pcl/conversions.h:46\x1b[m\x1b[K,\n'}
[50.470199] (fast_lio) StderrLine: {'line': b'                 from \x1b[01m\x1b[K/opt/ros/foxy/include/pcl_conversions/pcl_conversions.h:46\x1b[m\x1b[K,\n'}
[50.470283] (fast_lio) StderrLine: {'line': b'                 from \x1b[01m\x1b[K/home/unitree/projects/unitree_sdk2_python_g1/ws_lio_ros2/src/FAST_LIO_ROS2/src/preprocess.h:3\x1b[m\x1b[K,\n'}
[50.470367] (fast_lio) StderrLine: {'line': b'                 from \x1b[01m\x1b[K/home/unitree/projects/unitree_sdk2_python_g1/ws_lio_ros2/src/FAST_LIO_ROS2/src/preprocess.cpp:1\x1b[m\x1b[K:\n'}
[50.470452] (fast_lio) StderrLine: {'line': b'\x1b[01m\x1b[K/usr/include/pcl-1.10/pcl/pcl_macros.h:92:9:\x1b[m\x1b[K \x1b[01;36m\x1b[Knote: \x1b[m\x1b[Kdeclared here\n'}
[50.470538] (fast_lio) StderrLine: {'line': b'   92 |   using \x1b[01;36m\x1b[Kuint8_t\x1b[m\x1b[K [[deprecated("use std::uint8_t instead of pcl::uint8_t")]] = std::uint8_t;\n'}
[50.470623] (fast_lio) StderrLine: {'line': b'      |         \x1b[01;36m\x1b[K^~~~~~~\x1b[m\x1b[K\n'}
[50.495967] (-) TimerEvent: {}
[50.596600] (-) TimerEvent: {}
[50.697237] (-) TimerEvent: {}
[50.797894] (-) TimerEvent: {}
[50.898544] (-) TimerEvent: {}
[50.999349] (-) TimerEvent: {}
[51.100049] (-) TimerEvent: {}
[51.200798] (-) TimerEvent: {}
[51.301433] (-) TimerEvent: {}
[51.402095] (-) TimerEvent: {}
[51.502731] (-) TimerEvent: {}
[51.603360] (-) TimerEvent: {}
[51.704059] (-) TimerEvent: {}
[51.804707] (-) TimerEvent: {}
[51.905341] (-) TimerEvent: {}
[52.006003] (-) TimerEvent: {}
[52.106650] (-) TimerEvent: {}
[52.207288] (-) TimerEvent: {}
[52.307960] (-) TimerEvent: {}
[52.408593] (-) TimerEvent: {}
[52.509233] (-) TimerEvent: {}
[52.609917] (-) TimerEvent: {}
[52.710549] (-) TimerEvent: {}
[52.811187] (-) TimerEvent: {}
[52.911956] (-) TimerEvent: {}
[53.012707] (-) TimerEvent: {}
[53.113443] (-) TimerEvent: {}
[53.214105] (-) TimerEvent: {}
[53.314728] (-) TimerEvent: {}
[53.415368] (-) TimerEvent: {}
[53.516002] (-) TimerEvent: {}
[53.616651] (-) TimerEvent: {}
[53.717329] (-) TimerEvent: {}
[53.818011] (-) TimerEvent: {}
[53.918656] (-) TimerEvent: {}
[54.019277] (-) TimerEvent: {}
[54.119924] (-) TimerEvent: {}
[54.220590] (-) TimerEvent: {}
[54.321223] (-) TimerEvent: {}
[54.421877] (-) TimerEvent: {}
[54.522523] (-) TimerEvent: {}
[54.623156] (-) TimerEvent: {}
[54.723832] (-) TimerEvent: {}
[54.824482] (-) TimerEvent: {}
[54.882327] (fast_lio) StderrLine: {'line': b'In file included from \x1b[01m\x1b[K/usr/include/boost/preprocessor/tuple/elem.hpp:23\x1b[m\x1b[K,\n'}
[54.882841] (fast_lio) StderrLine: {'line': b'                 from \x1b[01m\x1b[K/usr/include/boost/preprocessor/arithmetic/add.hpp:21\x1b[m\x1b[K,\n'}
[54.882979] (fast_lio) StderrLine: {'line': b'                 from \x1b[01m\x1b[K/usr/include/boost/mpl/aux_/preprocessor/def_params_tail.hpp:66\x1b[m\x1b[K,\n'}
[54.883114] (fast_lio) StderrLine: {'line': b'                 from \x1b[01m\x1b[K/usr/include/boost/mpl/aux_/na_spec.hpp:28\x1b[m\x1b[K,\n'}
[54.883219] (fast_lio) StderrLine: {'line': b'                 from \x1b[01m\x1b[K/usr/include/boost/mpl/not.hpp:20\x1b[m\x1b[K,\n'}
[54.883319] (fast_lio) StderrLine: {'line': b'                 from \x1b[01m\x1b[K/usr/include/boost/mpl/assert.hpp:17\x1b[m\x1b[K,\n'}
[54.883415] (fast_lio) StderrLine: {'line': b'                 from \x1b[01m\x1b[K/usr/include/pcl-1.10/pcl/point_traits.h:48\x1b[m\x1b[K,\n'}
[54.883509] (fast_lio) StderrLine: {'line': b'                 from \x1b[01m\x1b[K/usr/include/pcl-1.10/pcl/register_point_struct.h:56\x1b[m\x1b[K,\n'}
[54.883601] (fast_lio) StderrLine: {'line': b'                 from \x1b[01m\x1b[K/usr/include/pcl-1.10/pcl/point_types.h:44\x1b[m\x1b[K,\n'}
[54.883691] (fast_lio) StderrLine: {'line': b'                 from \x1b[01m\x1b[K/home/unitree/projects/unitree_sdk2_python_g1/ws_lio_ros2/src/FAST_LIO_ROS2/include/common_lib.h:6\x1b[m\x1b[K,\n'}
[54.883783] (fast_lio) StderrLine: {'line': b'                 from \x1b[01m\x1b[K/home/unitree/projects/unitree_sdk2_python_g1/ws_lio_ros2/src/FAST_LIO_ROS2/src/IMU_Processing.hpp:10\x1b[m\x1b[K,\n'}
[54.883872] (fast_lio) StderrLine: {'line': b'                 from \x1b[01m\x1b[K/home/unitree/projects/unitree_sdk2_python_g1/ws_lio_ros2/src/FAST_LIO_ROS2/src/laserMapping.cpp:47\x1b[m\x1b[K:\n'}
[54.883960] (fast_lio) StderrLine: {'line': b'\x1b[01m\x1b[K/home/unitree/projects/unitree_sdk2_python_g1/ws_lio_ros2/src/FAST_LIO_ROS2/src/preprocess.h:83:105:\x1b[m\x1b[K \x1b[01;35m\x1b[Kwarning: \x1b[m\x1b[K\xe2\x80\x98\x1b[01m\x1b[Kusing uint16_t = uint16_t\x1b[m\x1b[K\xe2\x80\x99 is deprecated: use std::uint16_t instead of pcl::uint16_t [\x1b[01;35m\x1b[K-Wdeprecated-declarations\x1b[m\x1b[K]\n'}
[54.884057] (fast_lio) StderrLine: {'line': b'   83 |                                                                           intensity)(float, time, time)(\x1b[01;35m\x1b[Kuint16_t\x1b[m\x1b[K, ring,\n'}
[54.884152] (fast_lio) StderrLine: {'line': b'      |                                                                                                         \x1b[01;35m\x1b[K^~~~~~~~\x1b[m\x1b[K\n'}
[54.884240] (fast_lio) StderrLine: {'line': b'In file included from \x1b[01m\x1b[K/usr/include/pcl-1.10/pcl/point_types.h:42\x1b[m\x1b[K,\n'}
[54.884327] (fast_lio) StderrLine: {'line': b'                 from \x1b[01m\x1b[K/home/unitree/projects/unitree_sdk2_python_g1/ws_lio_ros2/src/FAST_LIO_ROS2/include/common_lib.h:6\x1b[m\x1b[K,\n'}
[54.884414] (fast_lio) StderrLine: {'line': b'                 from \x1b[01m\x1b[K/home/unitree/projects/unitree_sdk2_python_g1/ws_lio_ros2/src/FAST_LIO_ROS2/src/IMU_Processing.hpp:10\x1b[m\x1b[K,\n'}
[54.884501] (fast_lio) StderrLine: {'line': b'                 from \x1b[01m\x1b[K/home/unitree/projects/unitree_sdk2_python_g1/ws_lio_ros2/src/FAST_LIO_ROS2/src/laserMapping.cpp:47\x1b[m\x1b[K:\n'}
[54.884588] (fast_lio) StderrLine: {'line': b'\x1b[01m\x1b[K/usr/include/pcl-1.10/pcl/pcl_macros.h:94:9:\x1b[m\x1b[K \x1b[01;36m\x1b[Knote: \x1b[m\x1b[Kdeclared here\n'}
[54.884676] (fast_lio) StderrLine: {'line': b'   94 |   using \x1b[01;36m\x1b[Kuint16_t\x1b[m\x1b[K [[deprecated("use std::uint16_t instead of pcl::uint16_t")]] = std::uint16_t;\n'}
[54.884765] (fast_lio) StderrLine: {'line': b'      |         \x1b[01;36m\x1b[K^~~~~~~~\x1b[m\x1b[K\n'}
[54.911351] (fast_lio) StderrLine: {'line': b'In file included from \x1b[01m\x1b[K/usr/include/boost/preprocessor/tuple/elem.hpp:23\x1b[m\x1b[K,\n'}
[54.911975] (fast_lio) StderrLine: {'line': b'                 from \x1b[01m\x1b[K/usr/include/boost/preprocessor/arithmetic/add.hpp:21\x1b[m\x1b[K,\n'}
[54.912108] (fast_lio) StderrLine: {'line': b'                 from \x1b[01m\x1b[K/usr/include/boost/mpl/aux_/preprocessor/def_params_tail.hpp:66\x1b[m\x1b[K,\n'}
[54.912218] (fast_lio) StderrLine: {'line': b'                 from \x1b[01m\x1b[K/usr/include/boost/mpl/aux_/na_spec.hpp:28\x1b[m\x1b[K,\n'}
[54.912355] (fast_lio) StderrLine: {'line': b'                 from \x1b[01m\x1b[K/usr/include/boost/mpl/not.hpp:20\x1b[m\x1b[K,\n'}
[54.912455] (fast_lio) StderrLine: {'line': b'                 from \x1b[01m\x1b[K/usr/include/boost/mpl/assert.hpp:17\x1b[m\x1b[K,\n'}
[54.912550] (fast_lio) StderrLine: {'line': b'                 from \x1b[01m\x1b[K/usr/include/pcl-1.10/pcl/point_traits.h:48\x1b[m\x1b[K,\n'}
[54.912643] (fast_lio) StderrLine: {'line': b'                 from \x1b[01m\x1b[K/usr/include/pcl-1.10/pcl/register_point_struct.h:56\x1b[m\x1b[K,\n'}
[54.912735] (fast_lio) StderrLine: {'line': b'                 from \x1b[01m\x1b[K/usr/include/pcl-1.10/pcl/point_types.h:44\x1b[m\x1b[K,\n'}
[54.912825] (fast_lio) StderrLine: {'line': b'                 from \x1b[01m\x1b[K/home/unitree/projects/unitree_sdk2_python_g1/ws_lio_ros2/src/FAST_LIO_ROS2/include/common_lib.h:6\x1b[m\x1b[K,\n'}
[54.912917] (fast_lio) StderrLine: {'line': b'                 from \x1b[01m\x1b[K/home/unitree/projects/unitree_sdk2_python_g1/ws_lio_ros2/src/FAST_LIO_ROS2/src/IMU_Processing.hpp:10\x1b[m\x1b[K,\n'}
[54.913005] (fast_lio) StderrLine: {'line': b'                 from \x1b[01m\x1b[K/home/unitree/projects/unitree_sdk2_python_g1/ws_lio_ros2/src/FAST_LIO_ROS2/src/laserMapping.cpp:47\x1b[m\x1b[K:\n'}
[54.913095] (fast_lio) StderrLine: {'line': b'\x1b[01m\x1b[K/home/unitree/projects/unitree_sdk2_python_g1/ws_lio_ros2/src/FAST_LIO_ROS2/src/preprocess.h:140:6:\x1b[m\x1b[K \x1b[01;35m\x1b[Kwarning: \x1b[m\x1b[K\xe2\x80\x98\x1b[01m\x1b[Kusing uint8_t = uint8_t\x1b[m\x1b[K\xe2\x80\x99 is deprecated: use std::uint8_t instead of pcl::uint8_t [\x1b[01;35m\x1b[K-Wdeprecated-declarations\x1b[m\x1b[K]\n'}
[54.913207] (fast_lio) StderrLine: {'line': b'  140 |     (\x1b[01;35m\x1b[Kuint8_t\x1b[m\x1b[K, tag, tag)\n'}
[54.913297] (fast_lio) StderrLine: {'line': b'      |      \x1b[01;35m\x1b[K^~~~~~~\x1b[m\x1b[K\n'}
[54.913383] (fast_lio) StderrLine: {'line': b'In file included from \x1b[01m\x1b[K/usr/include/pcl-1.10/pcl/point_types.h:42\x1b[m\x1b[K,\n'}
[54.913470] (fast_lio) StderrLine: {'line': b'                 from \x1b[01m\x1b[K/home/unitree/projects/unitree_sdk2_python_g1/ws_lio_ros2/src/FAST_LIO_ROS2/include/common_lib.h:6\x1b[m\x1b[K,\n'}
[54.913559] (fast_lio) StderrLine: {'line': b'                 from \x1b[01m\x1b[K/home/unitree/projects/unitree_sdk2_python_g1/ws_lio_ros2/src/FAST_LIO_ROS2/src/IMU_Processing.hpp:10\x1b[m\x1b[K,\n'}
[54.913688] (fast_lio) StderrLine: {'line': b'                 from \x1b[01m\x1b[K/home/unitree/projects/unitree_sdk2_python_g1/ws_lio_ros2/src/FAST_LIO_ROS2/src/laserMapping.cpp:47\x1b[m\x1b[K:\n'}
[54.913791] (fast_lio) StderrLine: {'line': b'\x1b[01m\x1b[K/usr/include/pcl-1.10/pcl/pcl_macros.h:92:9:\x1b[m\x1b[K \x1b[01;36m\x1b[Knote: \x1b[m\x1b[Kdeclared here\n'}
[54.913883] (fast_lio) StderrLine: {'line': b'   92 |   using \x1b[01;36m\x1b[Kuint8_t\x1b[m\x1b[K [[deprecated("use std::uint8_t instead of pcl::uint8_t")]] = std::uint8_t;\n'}
[54.913972] (fast_lio) StderrLine: {'line': b'      |         \x1b[01;36m\x1b[K^~~~~~~\x1b[m\x1b[K\n'}
[54.914057] (fast_lio) StderrLine: {'line': b'In file included from \x1b[01m\x1b[K/usr/include/boost/preprocessor/tuple/elem.hpp:23\x1b[m\x1b[K,\n'}
[54.914145] (fast_lio) StderrLine: {'line': b'                 from \x1b[01m\x1b[K/usr/include/boost/preprocessor/arithmetic/add.hpp:21\x1b[m\x1b[K,\n'}
[54.914230] (fast_lio) StderrLine: {'line': b'                 from \x1b[01m\x1b[K/usr/include/boost/mpl/aux_/preprocessor/def_params_tail.hpp:66\x1b[m\x1b[K,\n'}
[54.914316] (fast_lio) StderrLine: {'line': b'                 from \x1b[01m\x1b[K/usr/include/boost/mpl/aux_/na_spec.hpp:28\x1b[m\x1b[K,\n'}
[54.914404] (fast_lio) StderrLine: {'line': b'                 from \x1b[01m\x1b[K/usr/include/boost/mpl/not.hpp:20\x1b[m\x1b[K,\n'}
[54.914490] (fast_lio) StderrLine: {'line': b'                 from \x1b[01m\x1b[K/usr/include/boost/mpl/assert.hpp:17\x1b[m\x1b[K,\n'}
[54.914588] (fast_lio) StderrLine: {'line': b'                 from \x1b[01m\x1b[K/usr/include/pcl-1.10/pcl/point_traits.h:48\x1b[m\x1b[K,\n'}
[54.914677] (fast_lio) StderrLine: {'line': b'                 from \x1b[01m\x1b[K/usr/include/pcl-1.10/pcl/register_point_struct.h:56\x1b[m\x1b[K,\n'}
[54.914764] (fast_lio) StderrLine: {'line': b'                 from \x1b[01m\x1b[K/usr/include/pcl-1.10/pcl/point_types.h:44\x1b[m\x1b[K,\n'}
[54.914849] (fast_lio) StderrLine: {'line': b'                 from \x1b[01m\x1b[K/home/unitree/projects/unitree_sdk2_python_g1/ws_lio_ros2/src/FAST_LIO_ROS2/include/common_lib.h:6\x1b[m\x1b[K,\n'}
[54.914935] (fast_lio) StderrLine: {'line': b'                 from \x1b[01m\x1b[K/home/unitree/projects/unitree_sdk2_python_g1/ws_lio_ros2/src/FAST_LIO_ROS2/src/IMU_Processing.hpp:10\x1b[m\x1b[K,\n'}
[54.915021] (fast_lio) StderrLine: {'line': b'                 from \x1b[01m\x1b[K/home/unitree/projects/unitree_sdk2_python_g1/ws_lio_ros2/src/FAST_LIO_ROS2/src/laserMapping.cpp:47\x1b[m\x1b[K:\n'}
[54.915108] (fast_lio) StderrLine: {'line': b'\x1b[01m\x1b[K/home/unitree/projects/unitree_sdk2_python_g1/ws_lio_ros2/src/FAST_LIO_ROS2/src/preprocess.h:141:6:\x1b[m\x1b[K \x1b[01;35m\x1b[Kwarning: \x1b[m\x1b[K\xe2\x80\x98\x1b[01m\x1b[Kusing uint8_t = uint8_t\x1b[m\x1b[K\xe2\x80\x99 is deprecated: use std::uint8_t instead of pcl::uint8_t [\x1b[01;35m\x1b[K-Wdeprecated-declarations\x1b[m\x1b[K]\n'}
[54.915201] (fast_lio) StderrLine: {'line': b'  141 |     (\x1b[01;35m\x1b[Kuint8_t\x1b[m\x1b[K, line, line)\n'}
[54.915289] (fast_lio) StderrLine: {'line': b'      |      \x1b[01;35m\x1b[K^~~~~~~\x1b[m\x1b[K\n'}
[54.915376] (fast_lio) StderrLine: {'line': b'In file included from \x1b[01m\x1b[K/usr/include/pcl-1.10/pcl/point_types.h:42\x1b[m\x1b[K,\n'}
[54.915462] (fast_lio) StderrLine: {'line': b'                 from \x1b[01m\x1b[K/home/unitree/projects/unitree_sdk2_python_g1/ws_lio_ros2/src/FAST_LIO_ROS2/include/common_lib.h:6\x1b[m\x1b[K,\n'}
[54.915549] (fast_lio) StderrLine: {'line': b'                 from \x1b[01m\x1b[K/home/unitree/projects/unitree_sdk2_python_g1/ws_lio_ros2/src/FAST_LIO_ROS2/src/IMU_Processing.hpp:10\x1b[m\x1b[K,\n'}
[54.915636] (fast_lio) StderrLine: {'line': b'                 from \x1b[01m\x1b[K/home/unitree/projects/unitree_sdk2_python_g1/ws_lio_ros2/src/FAST_LIO_ROS2/src/laserMapping.cpp:47\x1b[m\x1b[K:\n'}
[54.915722] (fast_lio) StderrLine: {'line': b'\x1b[01m\x1b[K/usr/include/pcl-1.10/pcl/pcl_macros.h:92:9:\x1b[m\x1b[K \x1b[01;36m\x1b[Knote: \x1b[m\x1b[Kdeclared here\n'}
[54.915826] (fast_lio) StderrLine: {'line': b'   92 |   using \x1b[01;36m\x1b[Kuint8_t\x1b[m\x1b[K [[deprecated("use std::uint8_t instead of pcl::uint8_t")]] = std::uint8_t;\n'}
[54.915915] (fast_lio) StderrLine: {'line': b'      |         \x1b[01;36m\x1b[K^~~~~~~\x1b[m\x1b[K\n'}
[54.922410] (fast_lio) StderrLine: {'line': b'In file included from \x1b[01m\x1b[K/usr/include/boost/preprocessor/tuple/elem.hpp:23\x1b[m\x1b[K,\n'}
[54.922916] (fast_lio) StderrLine: {'line': b'                 from \x1b[01m\x1b[K/usr/include/boost/preprocessor/arithmetic/add.hpp:21\x1b[m\x1b[K,\n'}
[54.923023] (fast_lio) StderrLine: {'line': b'                 from \x1b[01m\x1b[K/usr/include/boost/mpl/aux_/preprocessor/def_params_tail.hpp:66\x1b[m\x1b[K,\n'}
[54.923119] (fast_lio) StderrLine: {'line': b'                 from \x1b[01m\x1b[K/usr/include/boost/mpl/aux_/na_spec.hpp:28\x1b[m\x1b[K,\n'}
[54.923211] (fast_lio) StderrLine: {'line': b'                 from \x1b[01m\x1b[K/usr/include/boost/mpl/not.hpp:20\x1b[m\x1b[K,\n'}
[54.923302] (fast_lio) StderrLine: {'line': b'                 from \x1b[01m\x1b[K/usr/include/boost/mpl/assert.hpp:17\x1b[m\x1b[K,\n'}
[54.923416] (fast_lio) StderrLine: {'line': b'                 from \x1b[01m\x1b[K/usr/include/pcl-1.10/pcl/point_traits.h:48\x1b[m\x1b[K,\n'}
[54.923508] (fast_lio) StderrLine: {'line': b'                 from \x1b[01m\x1b[K/usr/include/pcl-1.10/pcl/register_point_struct.h:56\x1b[m\x1b[K,\n'}
[54.923596] (fast_lio) StderrLine: {'line': b'                 from \x1b[01m\x1b[K/usr/include/pcl-1.10/pcl/point_types.h:44\x1b[m\x1b[K,\n'}
[54.923696] (fast_lio) StderrLine: {'line': b'                 from \x1b[01m\x1b[K/home/unitree/projects/unitree_sdk2_python_g1/ws_lio_ros2/src/FAST_LIO_ROS2/include/common_lib.h:6\x1b[m\x1b[K,\n'}
[54.923784] (fast_lio) StderrLine: {'line': b'                 from \x1b[01m\x1b[K/home/unitree/projects/unitree_sdk2_python_g1/ws_lio_ros2/src/FAST_LIO_ROS2/src/IMU_Processing.hpp:10\x1b[m\x1b[K,\n'}
[54.923872] (fast_lio) StderrLine: {'line': b'                 from \x1b[01m\x1b[K/home/unitree/projects/unitree_sdk2_python_g1/ws_lio_ros2/src/FAST_LIO_ROS2/src/laserMapping.cpp:47\x1b[m\x1b[K:\n'}
[54.923960] (fast_lio) StderrLine: {'line': b'\x1b[01m\x1b[K/home/unitree/projects/unitree_sdk2_python_g1/ws_lio_ros2/src/FAST_LIO_ROS2/src/preprocess.h:149:6:\x1b[m\x1b[K \x1b[01;35m\x1b[Kwarning: \x1b[m\x1b[K\xe2\x80\x98\x1b[01m\x1b[Kusing uint8_t = uint8_t\x1b[m\x1b[K\xe2\x80\x99 is deprecated: use std::uint8_t instead of pcl::uint8_t [\x1b[01;35m\x1b[K-Wdeprecated-declarations\x1b[m\x1b[K]\n'}
[54.924070] (fast_lio) StderrLine: {'line': b'  149 |     (\x1b[01;35m\x1b[Kuint8_t\x1b[m\x1b[K, tag, tag)\n'}
[54.924161] (fast_lio) StderrLine: {'line': b'      |      \x1b[01;35m\x1b[K^~~~~~~\x1b[m\x1b[K\n'}
[54.924250] (fast_lio) StderrLine: {'line': b'In file included from \x1b[01m\x1b[K/usr/include/pcl-1.10/pcl/point_types.h:42\x1b[m\x1b[K,\n'}
[54.924337] (fast_lio) StderrLine: {'line': b'                 from \x1b[01m\x1b[K/home/unitree/projects/unitree_sdk2_python_g1/ws_lio_ros2/src/FAST_LIO_ROS2/include/common_lib.h:6\x1b[m\x1b[K,\n'}
[54.924424] (fast_lio) StderrLine: {'line': b'                 from \x1b[01m\x1b[K/home/unitree/projects/unitree_sdk2_python_g1/ws_lio_ros2/src/FAST_LIO_ROS2/src/IMU_Processing.hpp:10\x1b[m\x1b[K,\n'}
[54.924508] (-) TimerEvent: {}
[54.924737] (fast_lio) StderrLine: {'line': b'                 from \x1b[01m\x1b[K/home/unitree/projects/unitree_sdk2_python_g1/ws_lio_ros2/src/FAST_LIO_ROS2/src/laserMapping.cpp:47\x1b[m\x1b[K:\n'}
[54.924852] (fast_lio) StderrLine: {'line': b'\x1b[01m\x1b[K/usr/include/pcl-1.10/pcl/pcl_macros.h:92:9:\x1b[m\x1b[K \x1b[01;36m\x1b[Knote: \x1b[m\x1b[Kdeclared here\n'}
[54.924950] (fast_lio) StderrLine: {'line': b'   92 |   using \x1b[01;36m\x1b[Kuint8_t\x1b[m\x1b[K [[deprecated("use std::uint8_t instead of pcl::uint8_t")]] = std::uint8_t;\n'}
[54.925043] (fast_lio) StderrLine: {'line': b'      |         \x1b[01;36m\x1b[K^~~~~~~\x1b[m\x1b[K\n'}
[54.925135] (fast_lio) StderrLine: {'line': b'In file included from \x1b[01m\x1b[K/usr/include/boost/preprocessor/tuple/elem.hpp:23\x1b[m\x1b[K,\n'}
[54.925226] (fast_lio) StderrLine: {'line': b'                 from \x1b[01m\x1b[K/usr/include/boost/preprocessor/arithmetic/add.hpp:21\x1b[m\x1b[K,\n'}
[54.925316] (fast_lio) StderrLine: {'line': b'                 from \x1b[01m\x1b[K/usr/include/boost/mpl/aux_/preprocessor/def_params_tail.hpp:66\x1b[m\x1b[K,\n'}
[54.925405] (fast_lio) StderrLine: {'line': b'                 from \x1b[01m\x1b[K/usr/include/boost/mpl/aux_/na_spec.hpp:28\x1b[m\x1b[K,\n'}
[54.925493] (fast_lio) StderrLine: {'line': b'                 from \x1b[01m\x1b[K/usr/include/boost/mpl/not.hpp:20\x1b[m\x1b[K,\n'}
[54.925581] (fast_lio) StderrLine: {'line': b'                 from \x1b[01m\x1b[K/usr/include/boost/mpl/assert.hpp:17\x1b[m\x1b[K,\n'}
[54.925695] (fast_lio) StderrLine: {'line': b'                 from \x1b[01m\x1b[K/usr/include/pcl-1.10/pcl/point_traits.h:48\x1b[m\x1b[K,\n'}
[54.925791] (fast_lio) StderrLine: {'line': b'                 from \x1b[01m\x1b[K/usr/include/pcl-1.10/pcl/register_point_struct.h:56\x1b[m\x1b[K,\n'}
[54.925879] (fast_lio) StderrLine: {'line': b'                 from \x1b[01m\x1b[K/usr/include/pcl-1.10/pcl/point_types.h:44\x1b[m\x1b[K,\n'}
[54.925964] (fast_lio) StderrLine: {'line': b'                 from \x1b[01m\x1b[K/home/unitree/projects/unitree_sdk2_python_g1/ws_lio_ros2/src/FAST_LIO_ROS2/include/common_lib.h:6\x1b[m\x1b[K,\n'}
[54.926052] (fast_lio) StderrLine: {'line': b'                 from \x1b[01m\x1b[K/home/unitree/projects/unitree_sdk2_python_g1/ws_lio_ros2/src/FAST_LIO_ROS2/src/IMU_Processing.hpp:10\x1b[m\x1b[K,\n'}
[54.926163] (fast_lio) StderrLine: {'line': b'                 from \x1b[01m\x1b[K/home/unitree/projects/unitree_sdk2_python_g1/ws_lio_ros2/src/FAST_LIO_ROS2/src/laserMapping.cpp:47\x1b[m\x1b[K:\n'}
[54.926251] (fast_lio) StderrLine: {'line': b'\x1b[01m\x1b[K/home/unitree/projects/unitree_sdk2_python_g1/ws_lio_ros2/src/FAST_LIO_ROS2/src/preprocess.h:150:6:\x1b[m\x1b[K \x1b[01;35m\x1b[Kwarning: \x1b[m\x1b[K\xe2\x80\x98\x1b[01m\x1b[Kusing uint8_t = uint8_t\x1b[m\x1b[K\xe2\x80\x99 is deprecated: use std::uint8_t instead of pcl::uint8_t [\x1b[01;35m\x1b[K-Wdeprecated-declarations\x1b[m\x1b[K]\n'}
[54.926346] (fast_lio) StderrLine: {'line': b'  150 |     (\x1b[01;35m\x1b[Kuint8_t\x1b[m\x1b[K, line, line)\n'}
[54.926434] (fast_lio) StderrLine: {'line': b'      |      \x1b[01;35m\x1b[K^~~~~~~\x1b[m\x1b[K\n'}
[54.926520] (fast_lio) StderrLine: {'line': b'In file included from \x1b[01m\x1b[K/usr/include/pcl-1.10/pcl/point_types.h:42\x1b[m\x1b[K,\n'}
[54.926608] (fast_lio) StderrLine: {'line': b'                 from \x1b[01m\x1b[K/home/unitree/projects/unitree_sdk2_python_g1/ws_lio_ros2/src/FAST_LIO_ROS2/include/common_lib.h:6\x1b[m\x1b[K,\n'}
[54.926711] (fast_lio) StderrLine: {'line': b'                 from \x1b[01m\x1b[K/home/unitree/projects/unitree_sdk2_python_g1/ws_lio_ros2/src/FAST_LIO_ROS2/src/IMU_Processing.hpp:10\x1b[m\x1b[K,\n'}
[54.926798] (fast_lio) StderrLine: {'line': b'                 from \x1b[01m\x1b[K/home/unitree/projects/unitree_sdk2_python_g1/ws_lio_ros2/src/FAST_LIO_ROS2/src/laserMapping.cpp:47\x1b[m\x1b[K:\n'}
[54.926901] (fast_lio) StderrLine: {'line': b'\x1b[01m\x1b[K/usr/include/pcl-1.10/pcl/pcl_macros.h:92:9:\x1b[m\x1b[K \x1b[01;36m\x1b[Knote: \x1b[m\x1b[Kdeclared here\n'}
[54.926991] (fast_lio) StderrLine: {'line': b'   92 |   using \x1b[01;36m\x1b[Kuint8_t\x1b[m\x1b[K [[deprecated("use std::uint8_t instead of pcl::uint8_t")]] = std::uint8_t;\n'}
[54.927078] (fast_lio) StderrLine: {'line': b'      |         \x1b[01;36m\x1b[K^~~~~~~\x1b[m\x1b[K\n'}
[55.024715] (-) TimerEvent: {}
[55.125358] (-) TimerEvent: {}
[55.226028] (-) TimerEvent: {}
[55.326650] (-) TimerEvent: {}
[55.427301] (-) TimerEvent: {}
[55.527948] (-) TimerEvent: {}
[55.628613] (-) TimerEvent: {}
[55.729626] (-) TimerEvent: {}
[55.830294] (-) TimerEvent: {}
[55.930938] (-) TimerEvent: {}
[56.031578] (-) TimerEvent: {}
[56.132215] (-) TimerEvent: {}
[56.233247] (-) TimerEvent: {}
[56.333918] (-) TimerEvent: {}
[56.434590] (-) TimerEvent: {}
[56.535279] (-) TimerEvent: {}
[56.636441] (-) TimerEvent: {}
[56.742108] (-) TimerEvent: {}
[56.842775] (-) TimerEvent: {}
[56.943457] (-) TimerEvent: {}
[57.044092] (-) TimerEvent: {}
[57.144717] (-) TimerEvent: {}
[57.245406] (-) TimerEvent: {}
[57.346130] (-) TimerEvent: {}
[57.447076] (-) TimerEvent: {}
[57.547787] (-) TimerEvent: {}
[57.648423] (-) TimerEvent: {}
[57.749055] (-) TimerEvent: {}
[57.849720] (-) TimerEvent: {}
[57.950380] (-) TimerEvent: {}
[58.051196] (-) TimerEvent: {}
[58.152378] (-) TimerEvent: {}
[58.253165] (-) TimerEvent: {}
[58.353973] (-) TimerEvent: {}
[58.454668] (-) TimerEvent: {}
[58.555979] (-) TimerEvent: {}
[58.656627] (-) TimerEvent: {}
[58.757353] (-) TimerEvent: {}
[58.858038] (-) TimerEvent: {}
[58.958705] (-) TimerEvent: {}
[59.059370] (-) TimerEvent: {}
[59.160490] (-) TimerEvent: {}
[59.261129] (-) TimerEvent: {}
[59.361798] (-) TimerEvent: {}
[59.462442] (-) TimerEvent: {}
[59.563109] (-) TimerEvent: {}
[59.663772] (-) TimerEvent: {}
[59.764406] (-) TimerEvent: {}
[59.865409] (-) TimerEvent: {}
[59.966352] (-) TimerEvent: {}
[60.067060] (-) TimerEvent: {}
[60.167813] (-) TimerEvent: {}
[60.268520] (-) TimerEvent: {}
[60.369243] (-) TimerEvent: {}
[60.469896] (-) TimerEvent: {}
[60.570533] (-) TimerEvent: {}
[60.671167] (-) TimerEvent: {}
[60.771816] (-) TimerEvent: {}
[60.872805] (-) TimerEvent: {}
[60.973443] (-) TimerEvent: {}
[61.074118] (-) TimerEvent: {}
[61.175313] (-) TimerEvent: {}
[61.275966] (-) TimerEvent: {}
[61.376603] (-) TimerEvent: {}
[61.477320] (-) TimerEvent: {}
[61.578070] (-) TimerEvent: {}
[61.678912] (-) TimerEvent: {}
[61.780727] (-) TimerEvent: {}
[61.881416] (-) TimerEvent: {}
[61.982150] (-) TimerEvent: {}
[62.082814] (-) TimerEvent: {}
[62.183627] (-) TimerEvent: {}
[62.284427] (-) TimerEvent: {}
[62.385199] (-) TimerEvent: {}
[62.485864] (-) TimerEvent: {}
[62.586530] (-) TimerEvent: {}
[62.687307] (-) TimerEvent: {}
[62.787947] (-) TimerEvent: {}
[62.888588] (-) TimerEvent: {}
[62.989225] (-) TimerEvent: {}
[63.089875] (-) TimerEvent: {}
[63.190547] (-) TimerEvent: {}
[63.291184] (-) TimerEvent: {}
[63.391832] (-) TimerEvent: {}
[63.492498] (-) TimerEvent: {}
[63.593169] (-) TimerEvent: {}
[63.693878] (-) TimerEvent: {}
[63.794625] (-) TimerEvent: {}
[63.895405] (-) TimerEvent: {}
[63.996065] (-) TimerEvent: {}
[64.096937] (-) TimerEvent: {}
[64.197625] (-) TimerEvent: {}
[64.298387] (-) TimerEvent: {}
[64.399025] (-) TimerEvent: {}
[64.500807] (-) TimerEvent: {}
[64.601449] (-) TimerEvent: {}
[64.702134] (-) TimerEvent: {}
[64.802880] (-) TimerEvent: {}
[64.903959] (-) TimerEvent: {}
[65.004714] (-) TimerEvent: {}
[65.105443] (-) TimerEvent: {}
[65.206114] (-) TimerEvent: {}
[65.306805] (-) TimerEvent: {}
[65.407428] (-) TimerEvent: {}
[65.508052] (-) TimerEvent: {}
[65.608842] (-) TimerEvent: {}
[65.709889] (-) TimerEvent: {}
[65.810552] (-) TimerEvent: {}
[65.911251] (-) TimerEvent: {}
[66.011910] (-) TimerEvent: {}
[66.112571] (-) TimerEvent: {}
[66.213252] (-) TimerEvent: {}
[66.313914] (-) TimerEvent: {}
[66.414539] (-) TimerEvent: {}
[66.515208] (-) TimerEvent: {}
[66.616016] (-) TimerEvent: {}
[66.716660] (-) TimerEvent: {}
[66.817291] (-) TimerEvent: {}
[66.917998] (-) TimerEvent: {}
[67.018734] (-) TimerEvent: {}
[67.119408] (-) TimerEvent: {}
[67.220059] (-) TimerEvent: {}
[67.320697] (-) TimerEvent: {}
[67.421325] (-) TimerEvent: {}
[67.522009] (-) TimerEvent: {}
[67.622636] (-) TimerEvent: {}
[67.723286] (-) TimerEvent: {}
[67.824028] (-) TimerEvent: {}
[67.924748] (-) TimerEvent: {}
[68.025524] (-) TimerEvent: {}
[68.126267] (-) TimerEvent: {}
[68.227055] (-) TimerEvent: {}
[68.327730] (-) TimerEvent: {}
[68.428461] (-) TimerEvent: {}
[68.529285] (-) TimerEvent: {}
[68.629974] (-) TimerEvent: {}
[68.730626] (-) TimerEvent: {}
[68.831262] (-) TimerEvent: {}
[68.931935] (-) TimerEvent: {}
[69.032562] (-) TimerEvent: {}
[69.133186] (-) TimerEvent: {}
[69.233815] (-) TimerEvent: {}
[69.334443] (-) TimerEvent: {}
[69.435097] (-) TimerEvent: {}
[69.535742] (-) TimerEvent: {}
[69.636386] (-) TimerEvent: {}
[69.737030] (-) TimerEvent: {}
[69.837690] (-) TimerEvent: {}
[69.938325] (-) TimerEvent: {}
[70.038968] (-) TimerEvent: {}
[70.139629] (-) TimerEvent: {}
[70.240313] (-) TimerEvent: {}
[70.340964] (-) TimerEvent: {}
[70.441590] (-) TimerEvent: {}
[70.542309] (-) TimerEvent: {}
[70.643117] (-) TimerEvent: {}
[70.744013] (-) TimerEvent: {}
[70.844776] (-) TimerEvent: {}
[70.945446] (-) TimerEvent: {}
[71.046249] (-) TimerEvent: {}
[71.146880] (-) TimerEvent: {}
[71.247539] (-) TimerEvent: {}
[71.348275] (-) TimerEvent: {}
[71.448945] (-) TimerEvent: {}
[71.549754] (-) TimerEvent: {}
[71.650402] (-) TimerEvent: {}
[71.751051] (-) TimerEvent: {}
[71.851866] (-) TimerEvent: {}
[71.952612] (-) TimerEvent: {}
[72.053400] (-) TimerEvent: {}
[72.154068] (-) TimerEvent: {}
[72.254723] (-) TimerEvent: {}
[72.355388] (-) TimerEvent: {}
[72.456033] (-) TimerEvent: {}
[72.556677] (-) TimerEvent: {}
[72.657326] (-) TimerEvent: {}
[72.757989] (-) TimerEvent: {}
[72.858683] (-) TimerEvent: {}
[72.959481] (-) TimerEvent: {}
[73.060370] (-) TimerEvent: {}
[73.161030] (-) TimerEvent: {}
[73.261833] (-) TimerEvent: {}
[73.362721] (-) TimerEvent: {}
[73.463346] (-) TimerEvent: {}
[73.563981] (-) TimerEvent: {}
[73.664664] (-) TimerEvent: {}
[73.765318] (-) TimerEvent: {}
[73.865980] (-) TimerEvent: {}
[73.966614] (-) TimerEvent: {}
[74.067271] (-) TimerEvent: {}
[74.169604] (-) TimerEvent: {}
[74.270255] (-) TimerEvent: {}
[74.370905] (-) TimerEvent: {}
[74.471550] (-) TimerEvent: {}
[74.572190] (-) TimerEvent: {}
[74.673168] (-) TimerEvent: {}
[74.773858] (-) TimerEvent: {}
[74.874514] (-) TimerEvent: {}
[74.975164] (-) TimerEvent: {}
[75.075833] (-) TimerEvent: {}
[75.176465] (-) TimerEvent: {}
[75.277105] (-) TimerEvent: {}
[75.377786] (-) TimerEvent: {}
[75.478433] (-) TimerEvent: {}
[75.579090] (-) TimerEvent: {}
[75.679729] (-) TimerEvent: {}
[75.780424] (-) TimerEvent: {}
[75.881092] (-) TimerEvent: {}
[75.981749] (-) TimerEvent: {}
[76.082406] (-) TimerEvent: {}
[76.183063] (-) TimerEvent: {}
[76.283715] (-) TimerEvent: {}
[76.384361] (-) TimerEvent: {}
[76.485005] (-) TimerEvent: {}
[76.585640] (-) TimerEvent: {}
[76.686326] (-) TimerEvent: {}
[76.787015] (-) TimerEvent: {}
[76.887899] (-) TimerEvent: {}
[76.988595] (-) TimerEvent: {}
[77.089245] (-) TimerEvent: {}
[77.189916] (-) TimerEvent: {}
[77.290558] (-) TimerEvent: {}
[77.391208] (-) TimerEvent: {}
[77.491924] (-) TimerEvent: {}
[77.592630] (-) TimerEvent: {}
[77.693436] (-) TimerEvent: {}
[77.794190] (-) TimerEvent: {}
[77.894910] (-) TimerEvent: {}
[77.995645] (-) TimerEvent: {}
[78.096399] (-) TimerEvent: {}
[78.197103] (-) TimerEvent: {}
[78.297948] (-) TimerEvent: {}
[78.398585] (-) TimerEvent: {}
[78.499199] (-) TimerEvent: {}
[78.599841] (-) TimerEvent: {}
[78.700467] (-) TimerEvent: {}
[78.801110] (-) TimerEvent: {}
[78.901760] (-) TimerEvent: {}
[79.002396] (-) TimerEvent: {}
[79.103029] (-) TimerEvent: {}
[79.203670] (-) TimerEvent: {}
[79.304339] (-) TimerEvent: {}
[79.405034] (-) TimerEvent: {}
[79.505713] (-) TimerEvent: {}
[79.606492] (-) TimerEvent: {}
[79.707230] (-) TimerEvent: {}
[79.807958] (-) TimerEvent: {}
[79.908727] (-) TimerEvent: {}
[80.009490] (-) TimerEvent: {}
[80.110730] (-) TimerEvent: {}
[80.211531] (-) TimerEvent: {}
[80.312225] (-) TimerEvent: {}
[80.413152] (-) TimerEvent: {}
[80.513800] (-) TimerEvent: {}
[80.614434] (-) TimerEvent: {}
[80.715086] (-) TimerEvent: {}
[80.815739] (-) TimerEvent: {}
[80.916402] (-) TimerEvent: {}
[81.017040] (-) TimerEvent: {}
[81.117712] (-) TimerEvent: {}
[81.218363] (-) TimerEvent: {}
[81.319046] (-) TimerEvent: {}
[81.419693] (-) TimerEvent: {}
[81.520337] (-) TimerEvent: {}
[81.620993] (-) TimerEvent: {}
[81.721631] (-) TimerEvent: {}
[81.822285] (-) TimerEvent: {}
[81.922921] (-) TimerEvent: {}
[82.023557] (-) TimerEvent: {}
[82.124196] (-) TimerEvent: {}
[82.225025] (-) TimerEvent: {}
[82.325675] (-) TimerEvent: {}
[82.426321] (-) TimerEvent: {}
[82.526963] (-) TimerEvent: {}
[82.627658] (-) TimerEvent: {}
[82.728323] (-) TimerEvent: {}
[82.828970] (-) TimerEvent: {}
[82.929609] (-) TimerEvent: {}
[83.030262] (-) TimerEvent: {}
[83.130908] (-) TimerEvent: {}
[83.231537] (-) TimerEvent: {}
[83.332209] (-) TimerEvent: {}
[83.432853] (-) TimerEvent: {}
[83.533513] (-) TimerEvent: {}
[83.634824] (-) TimerEvent: {}
[83.735466] (-) TimerEvent: {}
[83.836101] (-) TimerEvent: {}
[83.936747] (-) TimerEvent: {}
[84.037381] (-) TimerEvent: {}
[84.138056] (-) TimerEvent: {}
[84.238748] (-) TimerEvent: {}
[84.339532] (-) TimerEvent: {}
[84.440164] (-) TimerEvent: {}
[84.540810] (-) TimerEvent: {}
[84.641447] (-) TimerEvent: {}
[84.742122] (-) TimerEvent: {}
[84.842765] (-) TimerEvent: {}
[84.943404] (-) TimerEvent: {}
[85.044034] (-) TimerEvent: {}
[85.144666] (-) TimerEvent: {}
[85.245290] (-) TimerEvent: {}
[85.345925] (-) TimerEvent: {}
[85.446571] (-) TimerEvent: {}
[85.547339] (-) TimerEvent: {}
[85.647958] (-) TimerEvent: {}
[85.748583] (-) TimerEvent: {}
[85.849205] (-) TimerEvent: {}
[85.949864] (-) TimerEvent: {}
[86.050494] (-) TimerEvent: {}
[86.151138] (-) TimerEvent: {}
[86.251753] (-) TimerEvent: {}
[86.352378] (-) TimerEvent: {}
[86.452998] (-) TimerEvent: {}
[86.553633] (-) TimerEvent: {}
[86.654258] (-) TimerEvent: {}
[86.754883] (-) TimerEvent: {}
[86.855517] (-) TimerEvent: {}
[86.956147] (-) TimerEvent: {}
[87.056755] (-) TimerEvent: {}
[87.157384] (-) TimerEvent: {}
[87.258023] (-) TimerEvent: {}
[87.358659] (-) TimerEvent: {}
[87.459365] (-) TimerEvent: {}
[87.559997] (-) TimerEvent: {}
[87.660619] (-) TimerEvent: {}
[87.761265] (-) TimerEvent: {}
[87.861953] (-) TimerEvent: {}
[87.962639] (-) TimerEvent: {}
[88.063425] (-) TimerEvent: {}
[88.164046] (-) TimerEvent: {}
[88.264680] (-) TimerEvent: {}
[88.365321] (-) TimerEvent: {}
[88.465941] (-) TimerEvent: {}
[88.566577] (-) TimerEvent: {}
[88.667215] (-) TimerEvent: {}
[88.767839] (-) TimerEvent: {}
[88.868470] (-) TimerEvent: {}
[88.969100] (-) TimerEvent: {}
[89.069741] (-) TimerEvent: {}
[89.170369] (-) TimerEvent: {}
[89.271006] (-) TimerEvent: {}
[89.371667] (-) TimerEvent: {}
[89.472286] (-) TimerEvent: {}
[89.572913] (-) TimerEvent: {}
[89.673542] (-) TimerEvent: {}
[89.774172] (-) TimerEvent: {}
[89.874804] (-) TimerEvent: {}
[89.975437] (-) TimerEvent: {}
[90.076065] (-) TimerEvent: {}
[90.176698] (-) TimerEvent: {}
[90.277302] (-) TimerEvent: {}
[90.377945] (-) TimerEvent: {}
[90.478571] (-) TimerEvent: {}
[90.579198] (-) TimerEvent: {}
[90.679828] (-) TimerEvent: {}
[90.780449] (-) TimerEvent: {}
[90.881081] (-) TimerEvent: {}
[90.981731] (-) TimerEvent: {}
[91.082358] (-) TimerEvent: {}
[91.182991] (-) TimerEvent: {}
[91.283610] (-) TimerEvent: {}
[91.384229] (-) TimerEvent: {}
[91.484852] (-) TimerEvent: {}
[91.585490] (-) TimerEvent: {}
[91.686139] (-) TimerEvent: {}
[91.786795] (-) TimerEvent: {}
[91.887455] (-) TimerEvent: {}
[91.988157] (-) TimerEvent: {}
[92.088875] (-) TimerEvent: {}
[92.189502] (-) TimerEvent: {}
[92.290135] (-) TimerEvent: {}
[92.390766] (-) TimerEvent: {}
[92.491391] (-) TimerEvent: {}
[92.591996] (-) TimerEvent: {}
[92.692622] (-) TimerEvent: {}
[92.793252] (-) TimerEvent: {}
[92.893901] (-) TimerEvent: {}
[92.994524] (-) TimerEvent: {}
[93.095153] (-) TimerEvent: {}
[93.195771] (-) TimerEvent: {}
[93.296408] (-) TimerEvent: {}
[93.397053] (-) TimerEvent: {}
[93.497722] (-) TimerEvent: {}
[93.598387] (-) TimerEvent: {}
[93.699161] (-) TimerEvent: {}
[93.799786] (-) TimerEvent: {}
[93.900418] (-) TimerEvent: {}
[94.001053] (-) TimerEvent: {}
[94.101697] (-) TimerEvent: {}
[94.202321] (-) TimerEvent: {}
[94.302948] (-) TimerEvent: {}
[94.403575] (-) TimerEvent: {}
[94.504193] (-) TimerEvent: {}
[94.604797] (-) TimerEvent: {}
[94.705422] (-) TimerEvent: {}
[94.806108] (-) TimerEvent: {}
[94.906756] (-) TimerEvent: {}
[95.007382] (-) TimerEvent: {}
[95.108003] (-) TimerEvent: {}
[95.208635] (-) TimerEvent: {}
[95.309269] (-) TimerEvent: {}
[95.409907] (-) TimerEvent: {}
[95.510525] (-) TimerEvent: {}
[95.611148] (-) TimerEvent: {}
[95.711787] (-) TimerEvent: {}
[95.812415] (-) TimerEvent: {}
[95.913045] (-) TimerEvent: {}
[96.013696] (-) TimerEvent: {}
[96.114338] (-) TimerEvent: {}
[96.214973] (-) TimerEvent: {}
[96.315589] (-) TimerEvent: {}
[96.416234] (-) TimerEvent: {}
[96.516848] (-) TimerEvent: {}
[96.617481] (-) TimerEvent: {}
[96.718102] (-) TimerEvent: {}
[96.818739] (-) TimerEvent: {}
[96.919367] (-) TimerEvent: {}
[97.019990] (-) TimerEvent: {}
[97.120605] (-) TimerEvent: {}
[97.221234] (-) TimerEvent: {}
[97.321866] (-) TimerEvent: {}
[97.422501] (-) TimerEvent: {}
[97.523129] (-) TimerEvent: {}
[97.623752] (-) TimerEvent: {}
[97.724362] (-) TimerEvent: {}
[97.824993] (-) TimerEvent: {}
[97.925624] (-) TimerEvent: {}
[98.026266] (-) TimerEvent: {}
[98.126886] (-) TimerEvent: {}
[98.227509] (-) TimerEvent: {}
[98.328227] (-) TimerEvent: {}
[98.428862] (-) TimerEvent: {}
[98.529503] (-) TimerEvent: {}
[98.630156] (-) TimerEvent: {}
[98.730786] (-) TimerEvent: {}
[98.831410] (-) TimerEvent: {}
[98.932036] (-) TimerEvent: {}
[99.032670] (-) TimerEvent: {}
[99.133299] (-) TimerEvent: {}
[99.233951] (-) TimerEvent: {}
[99.334564] (-) TimerEvent: {}
[99.435190] (-) TimerEvent: {}
[99.535856] (-) TimerEvent: {}
[99.636650] (-) TimerEvent: {}
[99.737357] (-) TimerEvent: {}
[99.838003] (-) TimerEvent: {}
[99.938635] (-) TimerEvent: {}
[100.039265] (-) TimerEvent: {}
[100.139901] (-) TimerEvent: {}
[100.240538] (-) TimerEvent: {}
[100.341155] (-) TimerEvent: {}
[100.441796] (-) TimerEvent: {}
[100.542430] (-) TimerEvent: {}
[100.643077] (-) TimerEvent: {}
[100.743722] (-) TimerEvent: {}
[100.844357] (-) TimerEvent: {}
[100.945019] (-) TimerEvent: {}
[101.045729] (-) TimerEvent: {}
[101.146360] (-) TimerEvent: {}
[101.246985] (-) TimerEvent: {}
[101.347655] (-) TimerEvent: {}
[101.448310] (-) TimerEvent: {}
[101.548933] (-) TimerEvent: {}
[101.649562] (-) TimerEvent: {}
[101.750190] (-) TimerEvent: {}
[101.850817] (-) TimerEvent: {}
[101.951437] (-) TimerEvent: {}
[102.052064] (-) TimerEvent: {}
[102.152699] (-) TimerEvent: {}
[102.253336] (-) TimerEvent: {}
[102.354004] (-) TimerEvent: {}
[102.454667] (-) TimerEvent: {}
[102.555714] (-) TimerEvent: {}
[102.656369] (-) TimerEvent: {}
[102.757100] (-) TimerEvent: {}
[102.857862] (-) TimerEvent: {}
[102.958485] (-) TimerEvent: {}
[103.059589] (-) TimerEvent: {}
[103.160217] (-) TimerEvent: {}
[103.260877] (-) TimerEvent: {}
[103.361529] (-) TimerEvent: {}
[103.462190] (-) TimerEvent: {}
[103.562827] (-) TimerEvent: {}
[103.663552] (-) TimerEvent: {}
[103.764307] (-) TimerEvent: {}
[103.865021] (-) TimerEvent: {}
[103.965694] (-) TimerEvent: {}
[104.066325] (-) TimerEvent: {}
[104.167003] (-) TimerEvent: {}
[104.267741] (-) TimerEvent: {}
[104.368443] (-) TimerEvent: {}
[104.469072] (-) TimerEvent: {}
[104.569752] (-) TimerEvent: {}
[104.670412] (-) TimerEvent: {}
[104.771070] (-) TimerEvent: {}
[104.871794] (-) TimerEvent: {}
[104.972437] (-) TimerEvent: {}
[105.073085] (-) TimerEvent: {}
[105.173751] (-) TimerEvent: {}
[105.274394] (-) TimerEvent: {}
[105.375075] (-) TimerEvent: {}
[105.475732] (-) TimerEvent: {}
[105.576380] (-) TimerEvent: {}
[105.677045] (-) TimerEvent: {}
[105.777917] (-) TimerEvent: {}
[105.878724] (-) TimerEvent: {}
[105.979390] (-) TimerEvent: {}
[106.080252] (-) TimerEvent: {}
[106.180996] (-) TimerEvent: {}
[106.281717] (-) TimerEvent: {}
[106.382508] (-) TimerEvent: {}
[106.483201] (-) TimerEvent: {}
[106.583891] (-) TimerEvent: {}
[106.684900] (-) TimerEvent: {}
[106.785564] (-) TimerEvent: {}
[106.886933] (-) TimerEvent: {}
[106.991029] (-) TimerEvent: {}
[107.091678] (-) TimerEvent: {}
[107.192611] (-) TimerEvent: {}
[107.293260] (-) TimerEvent: {}
[107.393920] (-) TimerEvent: {}
[107.494547] (-) TimerEvent: {}
[107.595241] (-) TimerEvent: {}
[107.695890] (-) TimerEvent: {}
[107.796843] (-) TimerEvent: {}
[107.897492] (-) TimerEvent: {}
[107.998149] (-) TimerEvent: {}
[108.098782] (-) TimerEvent: {}
[108.199399] (-) TimerEvent: {}
[108.300063] (-) TimerEvent: {}
[108.400715] (-) TimerEvent: {}
[108.501361] (-) TimerEvent: {}
[108.602089] (-) TimerEvent: {}
[108.702731] (-) TimerEvent: {}
[108.803366] (-) TimerEvent: {}
[108.903995] (-) TimerEvent: {}
[109.004675] (-) TimerEvent: {}
[109.105694] (-) TimerEvent: {}
[109.206344] (-) TimerEvent: {}
[109.307031] (-) TimerEvent: {}
[109.407760] (-) TimerEvent: {}
[109.508433] (-) TimerEvent: {}
[109.609088] (-) TimerEvent: {}
[109.709759] (-) TimerEvent: {}
[109.810406] (-) TimerEvent: {}
[109.911072] (-) TimerEvent: {}
[110.011714] (-) TimerEvent: {}
[110.112350] (-) TimerEvent: {}
[110.212979] (-) TimerEvent: {}
[110.313634] (-) TimerEvent: {}
[110.414302] (-) TimerEvent: {}
[110.514933] (-) TimerEvent: {}
[110.616205] (-) TimerEvent: {}
[110.716858] (-) TimerEvent: {}
[110.817507] (-) TimerEvent: {}
[110.918189] (-) TimerEvent: {}
[111.018929] (-) TimerEvent: {}
[111.119576] (-) TimerEvent: {}
[111.220214] (-) TimerEvent: {}
[111.320855] (-) TimerEvent: {}
[111.421503] (-) TimerEvent: {}
[111.522169] (-) TimerEvent: {}
[111.622814] (-) TimerEvent: {}
[111.723460] (-) TimerEvent: {}
[111.824126] (-) TimerEvent: {}
[111.924769] (-) TimerEvent: {}
[112.026072] (-) TimerEvent: {}
[112.126724] (-) TimerEvent: {}
[112.227352] (-) TimerEvent: {}
[112.327999] (-) TimerEvent: {}
[112.428657] (-) TimerEvent: {}
[112.529371] (-) TimerEvent: {}
[112.630067] (-) TimerEvent: {}
[112.730807] (-) TimerEvent: {}
[112.831431] (-) TimerEvent: {}
[112.932075] (-) TimerEvent: {}
[113.032699] (-) TimerEvent: {}
[113.133321] (-) TimerEvent: {}
[113.236281] (-) TimerEvent: {}
[113.336984] (-) TimerEvent: {}
[113.437736] (-) TimerEvent: {}
[113.538460] (-) TimerEvent: {}
[113.639101] (-) TimerEvent: {}
[113.739789] (-) TimerEvent: {}
[113.840419] (-) TimerEvent: {}
[113.941075] (-) TimerEvent: {}
[114.041723] (-) TimerEvent: {}
[114.142346] (-) TimerEvent: {}
[114.242997] (-) TimerEvent: {}
[114.343629] (-) TimerEvent: {}
[114.444249] (-) TimerEvent: {}
[114.544886] (-) TimerEvent: {}
[114.645577] (-) TimerEvent: {}
[114.747002] (-) TimerEvent: {}
[114.847675] (-) TimerEvent: {}
[114.948324] (-) TimerEvent: {}
[115.048964] (-) TimerEvent: {}
[115.149685] (-) TimerEvent: {}
[115.250383] (-) TimerEvent: {}
[115.351027] (-) TimerEvent: {}
[115.451695] (-) TimerEvent: {}
[115.552326] (-) TimerEvent: {}
[115.652967] (-) TimerEvent: {}
[115.753632] (-) TimerEvent: {}
[115.854288] (-) TimerEvent: {}
[115.954931] (-) TimerEvent: {}
[116.055570] (-) TimerEvent: {}
[116.156221] (-) TimerEvent: {}
[116.257233] (-) TimerEvent: {}
[116.357927] (-) TimerEvent: {}
[116.458566] (-) TimerEvent: {}
[116.559230] (-) TimerEvent: {}
[116.659896] (-) TimerEvent: {}
[116.760890] (-) TimerEvent: {}
[116.861542] (-) TimerEvent: {}
[116.962198] (-) TimerEvent: {}
[117.063260] (-) TimerEvent: {}
[117.164243] (-) TimerEvent: {}
[117.264890] (-) TimerEvent: {}
[117.365531] (-) TimerEvent: {}
[117.466203] (-) TimerEvent: {}
[117.566831] (-) TimerEvent: {}
[117.667474] (-) TimerEvent: {}
[117.768504] (-) TimerEvent: {}
[117.869155] (-) TimerEvent: {}
[117.969809] (-) TimerEvent: {}
[118.070436] (-) TimerEvent: {}
[118.171059] (-) TimerEvent: {}
[118.271726] (-) TimerEvent: {}
[118.372350] (-) TimerEvent: {}
[118.473028] (-) TimerEvent: {}
[118.573699] (-) TimerEvent: {}
[118.674337] (-) TimerEvent: {}
[118.774967] (-) TimerEvent: {}
[118.875632] (-) TimerEvent: {}
[118.976285] (-) TimerEvent: {}
[119.076927] (-) TimerEvent: {}
[119.177572] (-) TimerEvent: {}
[119.278274] (-) TimerEvent: {}
[119.378916] (-) TimerEvent: {}
[119.479595] (-) TimerEvent: {}
[119.580239] (-) TimerEvent: {}
[119.680883] (-) TimerEvent: {}
[119.781524] (-) TimerEvent: {}
[119.882197] (-) TimerEvent: {}
[119.982821] (-) TimerEvent: {}
[120.083476] (-) TimerEvent: {}
[120.184172] (-) TimerEvent: {}
[120.284815] (-) TimerEvent: {}
[120.385440] (-) TimerEvent: {}
[120.486283] (-) TimerEvent: {}
[120.586916] (-) TimerEvent: {}
[120.687549] (-) TimerEvent: {}
[120.788181] (-) TimerEvent: {}
[120.888812] (-) TimerEvent: {}
[120.989460] (-) TimerEvent: {}
[121.090115] (-) TimerEvent: {}
[121.190739] (-) TimerEvent: {}
[121.291376] (-) TimerEvent: {}
[121.392018] (-) TimerEvent: {}
[121.492667] (-) TimerEvent: {}
[121.593306] (-) TimerEvent: {}
[121.693972] (-) TimerEvent: {}
[121.794605] (-) TimerEvent: {}
[121.895232] (-) TimerEvent: {}
[121.995846] (-) TimerEvent: {}
[122.096465] (-) TimerEvent: {}
[122.197077] (-) TimerEvent: {}
[122.297721] (-) TimerEvent: {}
[122.398342] (-) TimerEvent: {}
[122.498955] (-) TimerEvent: {}
[122.599581] (-) TimerEvent: {}
[122.700199] (-) TimerEvent: {}
[122.800831] (-) TimerEvent: {}
[122.901446] (-) TimerEvent: {}
[123.002103] (-) TimerEvent: {}
[123.103063] (-) TimerEvent: {}
[123.203708] (-) TimerEvent: {}
[123.304356] (-) TimerEvent: {}
[123.405030] (-) TimerEvent: {}
[123.505696] (-) TimerEvent: {}
[123.606339] (-) TimerEvent: {}
[123.706971] (-) TimerEvent: {}
[123.807607] (-) TimerEvent: {}
[123.908260] (-) TimerEvent: {}
[124.008876] (-) TimerEvent: {}
[124.109525] (-) TimerEvent: {}
[124.210170] (-) TimerEvent: {}
[124.310821] (-) TimerEvent: {}
[124.411436] (-) TimerEvent: {}
[124.512062] (-) TimerEvent: {}
[124.612693] (-) TimerEvent: {}
[124.713303] (-) TimerEvent: {}
[124.813928] (-) TimerEvent: {}
[124.914583] (-) TimerEvent: {}
[125.015221] (-) TimerEvent: {}
[125.115854] (-) TimerEvent: {}
[125.216506] (-) TimerEvent: {}
[125.317120] (-) TimerEvent: {}
[125.417772] (-) TimerEvent: {}
[125.518431] (-) TimerEvent: {}
[125.619085] (-) TimerEvent: {}
[125.719724] (-) TimerEvent: {}
[125.820367] (-) TimerEvent: {}
[125.920988] (-) TimerEvent: {}
[126.021615] (-) TimerEvent: {}
[126.122238] (-) TimerEvent: {}
[126.222863] (-) TimerEvent: {}
[126.323545] (-) TimerEvent: {}
[126.424189] (-) TimerEvent: {}
[126.524822] (-) TimerEvent: {}
[126.625459] (-) TimerEvent: {}
[126.726121] (-) TimerEvent: {}
[126.826761] (-) TimerEvent: {}
[126.927403] (-) TimerEvent: {}
[127.028018] (-) TimerEvent: {}
[127.128702] (-) TimerEvent: {}
[127.229383] (-) TimerEvent: {}
[127.330051] (-) TimerEvent: {}
[127.430704] (-) TimerEvent: {}
[127.531343] (-) TimerEvent: {}
[127.631968] (-) TimerEvent: {}
[127.732607] (-) TimerEvent: {}
[127.833229] (-) TimerEvent: {}
[127.933870] (-) TimerEvent: {}
[128.034492] (-) TimerEvent: {}
[128.135119] (-) TimerEvent: {}
[128.236066] (-) TimerEvent: {}
[128.336736] (-) TimerEvent: {}
[128.437372] (-) TimerEvent: {}
[128.538043] (-) TimerEvent: {}
[128.638662] (-) TimerEvent: {}
[128.739282] (-) TimerEvent: {}
[128.839893] (-) TimerEvent: {}
[128.940530] (-) TimerEvent: {}
[129.041178] (-) TimerEvent: {}
[129.141804] (-) TimerEvent: {}
[129.242467] (-) TimerEvent: {}
[129.343121] (-) TimerEvent: {}
[129.443762] (-) TimerEvent: {}
[129.544410] (-) TimerEvent: {}
[129.645047] (-) TimerEvent: {}
[129.745703] (-) TimerEvent: {}
[129.846323] (-) TimerEvent: {}
[129.946957] (-) TimerEvent: {}
[130.047590] (-) TimerEvent: {}
[130.148226] (-) TimerEvent: {}
[130.248897] (-) TimerEvent: {}
[130.349505] (-) TimerEvent: {}
[130.450155] (-) TimerEvent: {}
[130.550772] (-) TimerEvent: {}
[130.651414] (-) TimerEvent: {}
[130.752038] (-) TimerEvent: {}
[130.852675] (-) TimerEvent: {}
[130.953339] (-) TimerEvent: {}
[131.054000] (-) TimerEvent: {}
[131.154623] (-) TimerEvent: {}
[131.255275] (-) TimerEvent: {}
[131.355926] (-) TimerEvent: {}
[131.456559] (-) TimerEvent: {}
[131.557189] (-) TimerEvent: {}
[131.657798] (-) TimerEvent: {}
[131.758413] (-) TimerEvent: {}
[131.859076] (-) TimerEvent: {}
[131.959720] (-) TimerEvent: {}
[132.060367] (-) TimerEvent: {}
[132.161035] (-) TimerEvent: {}
[132.261686] (-) TimerEvent: {}
[132.362328] (-) TimerEvent: {}
[132.462977] (-) TimerEvent: {}
[132.563611] (-) TimerEvent: {}
[132.664248] (-) TimerEvent: {}
[132.764887] (-) TimerEvent: {}
[132.865557] (-) TimerEvent: {}
[132.966205] (-) TimerEvent: {}
[133.066848] (-) TimerEvent: {}
[133.167490] (-) TimerEvent: {}
[133.268137] (-) TimerEvent: {}
[133.368768] (-) TimerEvent: {}
[133.469406] (-) TimerEvent: {}
[133.570079] (-) TimerEvent: {}
[133.670722] (-) TimerEvent: {}
[133.771336] (-) TimerEvent: {}
[133.871970] (-) TimerEvent: {}
[133.972609] (-) TimerEvent: {}
[134.073254] (-) TimerEvent: {}
[134.173931] (-) TimerEvent: {}
[134.274582] (-) TimerEvent: {}
[134.375224] (-) TimerEvent: {}
[134.475820] (-) TimerEvent: {}
[134.576455] (-) TimerEvent: {}
[134.677103] (-) TimerEvent: {}
[134.777753] (-) TimerEvent: {}
[134.878392] (-) TimerEvent: {}
[134.979030] (-) TimerEvent: {}
[135.079644] (-) TimerEvent: {}
[135.180271] (-) TimerEvent: {}
[135.280885] (-) TimerEvent: {}
[135.381898] (-) TimerEvent: {}
[135.482531] (-) TimerEvent: {}
[135.583163] (-) TimerEvent: {}
[135.683796] (-) TimerEvent: {}
[135.784424] (-) TimerEvent: {}
[135.885089] (-) TimerEvent: {}
[135.985748] (-) TimerEvent: {}
[136.086396] (-) TimerEvent: {}
[136.187058] (-) TimerEvent: {}
[136.287717] (-) TimerEvent: {}
[136.388353] (-) TimerEvent: {}
[136.488999] (-) TimerEvent: {}
[136.589629] (-) TimerEvent: {}
[136.690290] (-) TimerEvent: {}
[136.790923] (-) TimerEvent: {}
[136.891565] (-) TimerEvent: {}
[136.992210] (-) TimerEvent: {}
[137.092866] (-) TimerEvent: {}
[137.193526] (-) TimerEvent: {}
[137.294185] (-) TimerEvent: {}
[137.394829] (-) TimerEvent: {}
[137.495466] (-) TimerEvent: {}
[137.596130] (-) TimerEvent: {}
[137.696774] (-) TimerEvent: {}
[137.797427] (-) TimerEvent: {}
[137.898095] (-) TimerEvent: {}
[137.998734] (-) TimerEvent: {}
[138.099382] (-) TimerEvent: {}
[138.200023] (-) TimerEvent: {}
[138.300653] (-) TimerEvent: {}
[138.401307] (-) TimerEvent: {}
[138.502251] (-) TimerEvent: {}
[138.602895] (-) TimerEvent: {}
[138.703550] (-) TimerEvent: {}
[138.804210] (-) TimerEvent: {}
[138.904856] (-) TimerEvent: {}
[139.005492] (-) TimerEvent: {}
[139.106150] (-) TimerEvent: {}
[139.206771] (-) TimerEvent: {}
[139.307418] (-) TimerEvent: {}
[139.408346] (-) TimerEvent: {}
[139.508976] (-) TimerEvent: {}
[139.609608] (-) TimerEvent: {}
[139.710271] (-) TimerEvent: {}
[139.810922] (-) TimerEvent: {}
[139.911559] (-) TimerEvent: {}
[140.012250] (-) TimerEvent: {}
[140.112894] (-) TimerEvent: {}
[140.213563] (-) TimerEvent: {}
[140.314272] (-) TimerEvent: {}
[140.414927] (-) TimerEvent: {}
[140.515599] (-) TimerEvent: {}
[140.616555] (-) TimerEvent: {}
[140.717200] (-) TimerEvent: {}
[140.817797] (-) TimerEvent: {}
[140.918441] (-) TimerEvent: {}
[141.019074] (-) TimerEvent: {}
[141.119719] (-) TimerEvent: {}
[141.220351] (-) TimerEvent: {}
[141.320983] (-) TimerEvent: {}
[141.421666] (-) TimerEvent: {}
[141.522319] (-) TimerEvent: {}
[141.623390] (-) TimerEvent: {}
[141.724112] (-) TimerEvent: {}
[141.825165] (-) TimerEvent: {}
[141.925891] (-) TimerEvent: {}
[142.026522] (-) TimerEvent: {}
[142.127175] (-) TimerEvent: {}
[142.227844] (-) TimerEvent: {}
[142.328497] (-) TimerEvent: {}
[142.429211] (-) TimerEvent: {}
[142.529876] (-) TimerEvent: {}
[142.630537] (-) TimerEvent: {}
[142.731181] (-) TimerEvent: {}
[142.831845] (-) TimerEvent: {}
[142.932535] (-) TimerEvent: {}
[143.033184] (-) TimerEvent: {}
[143.133798] (-) TimerEvent: {}
[143.234456] (-) TimerEvent: {}
[143.335121] (-) TimerEvent: {}
[143.435762] (-) TimerEvent: {}
[143.536430] (-) TimerEvent: {}
[143.637104] (-) TimerEvent: {}
[143.737788] (-) TimerEvent: {}
[143.838453] (-) TimerEvent: {}
[143.939109] (-) TimerEvent: {}
[144.039746] (-) TimerEvent: {}
[144.140430] (-) TimerEvent: {}
[144.241088] (-) TimerEvent: {}
[144.341765] (-) TimerEvent: {}
[144.442416] (-) TimerEvent: {}
[144.543075] (-) TimerEvent: {}
[144.643715] (-) TimerEvent: {}
[144.744363] (-) TimerEvent: {}
[144.845013] (-) TimerEvent: {}
[144.945679] (-) TimerEvent: {}
[145.046303] (-) TimerEvent: {}
[145.146953] (-) TimerEvent: {}
[145.247584] (-) TimerEvent: {}
[145.348238] (-) TimerEvent: {}
[145.448899] (-) TimerEvent: {}
[145.549569] (-) TimerEvent: {}
[145.650239] (-) TimerEvent: {}
[145.750863] (-) TimerEvent: {}
[145.851489] (-) TimerEvent: {}
[145.952135] (-) TimerEvent: {}
[146.052777] (-) TimerEvent: {}
[146.153404] (-) TimerEvent: {}
[146.254053] (-) TimerEvent: {}
[146.354676] (-) TimerEvent: {}
[146.455304] (-) TimerEvent: {}
[146.556014] (-) TimerEvent: {}
[146.656652] (-) TimerEvent: {}
[146.757288] (-) TimerEvent: {}
[146.822338] (fast_lio) StdoutLine: {'line': b'[100%] \x1b[32m\x1b[1mLinking CXX executable fastlio_mapping\x1b[0m\n'}
[146.857462] (-) TimerEvent: {}
[146.958211] (-) TimerEvent: {}
[147.059118] (-) TimerEvent: {}
[147.159763] (-) TimerEvent: {}
[147.260432] (-) TimerEvent: {}
[147.361717] (-) TimerEvent: {}
[147.462378] (-) TimerEvent: {}
[147.563095] (-) TimerEvent: {}
[147.663795] (-) TimerEvent: {}
[147.764499] (-) TimerEvent: {}
[147.865219] (-) TimerEvent: {}
[147.965983] (-) TimerEvent: {}
[148.066743] (-) TimerEvent: {}
[148.167452] (-) TimerEvent: {}
[148.268178] (-) TimerEvent: {}
[148.368987] (-) TimerEvent: {}
[148.469791] (-) TimerEvent: {}
[148.570796] (-) TimerEvent: {}
[148.671981] (-) TimerEvent: {}
[148.773338] (-) TimerEvent: {}
[148.875191] (-) TimerEvent: {}
[148.976082] (-) TimerEvent: {}
[149.076797] (-) TimerEvent: {}
[149.177515] (-) TimerEvent: {}
[149.278235] (-) TimerEvent: {}
[149.379672] (-) TimerEvent: {}
[149.480342] (-) TimerEvent: {}
[149.581052] (-) TimerEvent: {}
[149.681775] (-) TimerEvent: {}
[149.782412] (-) TimerEvent: {}
[149.883052] (-) TimerEvent: {}
[149.929403] (fast_lio) StdoutLine: {'line': b'[100%] Built target fastlio_mapping\n'}
[149.959228] (fast_lio) CommandEnded: {'returncode': 0}
[149.983248] (-) TimerEvent: {}
[150.059978] (fast_lio) JobProgress: {'identifier': 'fast_lio', 'progress': 'install'}
[150.060827] (fast_lio) Command: {'cmd': ['/usr/bin/cmake', '--install', '/home/unitree/projects/unitree_sdk2_python_g1/ws_lio_ros2/build/fast_lio'], 'cwd': '/home/unitree/projects/unitree_sdk2_python_g1/ws_lio_ros2/build/fast_lio', 'env': OrderedDict([('VIRTUALENVWRAPPER_WORKON_CD', '1'), ('LESSOPEN', '| /usr/bin/lesspipe %s'), ('WORKON_HOME', '/home/unitree/Applications/virtualenvs'), ('USER', 'unitree'), ('SSH_CLIENT', '192.168.124.98 64166 22'), ('XDG_SESSION_TYPE', 'tty'), ('GIT_ASKPASS', '/home/unitree/.vscode-server/cli/servers/Stable-7d842fb85a0275a4a8e4d7e040d2625abbf7f084/server/extensions/git/dist/askpass.sh'), ('SHLVL', '1'), ('LD_LIBRARY_PATH', '/home/unitree/projects/unitree_sdk2_python_g1/ws_lio_ros2/install/pcl_ros/lib:/home/unitree/projects/unitree_sdk2_python_g1/ws_livox/install/livox_ros_driver2/lib:/usr/local/cuda-11.4/lib64:/usr/local/lib:/home/unitree/cyclonedds_ws/install/rmw_cyclonedds_cpp/lib:/home/unitree/cyclonedds_ws/install/cyclonedds/lib:/opt/ros/foxy/opt/yaml_cpp_vendor/lib:/opt/ros/foxy/opt/rviz_ogre_vendor/lib:/opt/ros/foxy/lib/aarch64-linux-gnu:/opt/ros/foxy/lib:/usr/local/cuda-11.4/lib64'), ('BROWSER', '/home/unitree/.vscode-server/cli/servers/Stable-7d842fb85a0275a4a8e4d7e040d2625abbf7f084/server/bin/helpers/browser.sh'), ('MOTD_SHOWN', 'pam'), ('HOME', '/home/unitree'), ('VIRTUALENVWRAPPER_PYTHON', '/usr/bin/python3'), ('CONDA_SHLVL', '0'), ('CYCLONEDDS_URI', '/home/unitree/cyclonedds_ws/cyclonedds.xml'), ('OLDPWD', '/home/unitree/projects/unitree_sdk2_python_g1/ws_lio_ros2/src'), ('TERM_PROGRAM_VERSION', '1.105.1'), ('VSCODE_IPC_HOOK_CLI', '/run/user/1000/vscode-ipc-814bda8a-28b7-4d83-82d2-f245e0a75e16.sock'), ('ROS_PYTHON_VERSION', '3'), ('VSCODE_GIT_ASKPASS_MAIN', '/home/unitree/.vscode-server/cli/servers/Stable-7d842fb85a0275a4a8e4d7e040d2625abbf7f084/server/extensions/git/dist/askpass-main.js'), ('VSCODE_GIT_ASKPASS_NODE', '/home/unitree/.vscode-server/cli/servers/Stable-7d842fb85a0275a4a8e4d7e040d2625abbf7f084/server/node'), ('SSL_CERT_FILE', '/usr/lib/ssl/certs/ca-certificates.crt'), ('VSCODE_PYTHON_AUTOACTIVATE_GUARD', '1'), ('DBUS_SESSION_BUS_ADDRESS', 'unix:path=/run/user/1000/bus'), ('COLORTERM', 'truecolor'), ('_CE_M', ''), ('COLCON_PREFIX_PATH', '/home/unitree/projects/unitree_sdk2_python_g1/ws_livox/install:/home/unitree/cyclonedds_ws/install'), ('ROS_DISTRO', 'foxy'), ('LOGNAME', 'unitree'), ('AMENT_PYTHON_EXECUTABLE', '/usr/bin/python3.8'), ('_', '/usr/bin/colcon'), ('ROS_VERSION', '2'), ('PKG_CONFIG_PATH', '/home/unitree/cyclonedds_ws/install/cyclonedds/lib/aarch64-linux-gnu/pkgconfig:/home/unitree/cyclonedds_ws/install/cyclonedds/lib/pkgconfig'), ('XDG_SESSION_CLASS', 'user'), ('TERM', 'xterm-256color'), ('XDG_SESSION_ID', '7'), ('_CE_CONDA', ''), ('ROS_LOCALHOST_ONLY', '0'), ('PATH', '/usr/bin:/usr/bin:/home/unitree/Applications/python3.10/bin:/home/unitree/.local/bin:/home/sakuzeng/Applications/anaconda3/bin:/usr/local/cuda-11.4/bin:/home/unitree/cyclonedds_ws/install/cyclonedds/bin:/opt/ros/foxy/bin:/home/unitree/.vscode-server/cli/servers/Stable-7d842fb85a0275a4a8e4d7e040d2625abbf7f084/server/bin/remote-cli:/home/unitree/.local/bin:/home/unitree/Applications/python3.10/bin:/home/unitree/.local/bin:/home/sakuzeng/Applications/anaconda3/bin:/home/unitree/Applications/anaconda3/condabin:/usr/local/cuda-11.4/bin:/usr/local/sbin:/usr/local/bin:/usr/sbin:/usr/bin:/sbin:/bin:/usr/games:/usr/local/games:/snap/bin:/home/unitree/.local/bin:/home/unitree/.vscode-server/data/User/globalStorage/github.copilot-chat/debugCommand:/home/unitree/.local/bin'), ('PYTHON_EXECUTABLE', '/usr/bin/python3.8'), ('XDG_RUNTIME_DIR', '/run/user/1000'), ('SSL_CERT_DIR', '/usr/lib/ssl/certs'), ('LANG', 'en_US.UTF-8'), ('RMW_IMPLEMENTATION', 'rmw_cyclonedds_cpp'), ('LS_COLORS', 'rs=0:di=01;34:ln=01;36:mh=00:pi=40;33:so=01;35:do=01;35:bd=40;33;01:cd=40;33;01:or=40;31;01:mi=00:su=37;41:sg=30;43:ca=30;41:tw=30;42:ow=34;42:st=37;44:ex=01;32:*.tar=01;31:*.tgz=01;31:*.arc=01;31:*.arj=01;31:*.taz=01;31:*.lha=01;31:*.lz4=01;31:*.lzh=01;31:*.lzma=01;31:*.tlz=01;31:*.txz=01;31:*.tzo=01;31:*.t7z=01;31:*.zip=01;31:*.z=01;31:*.dz=01;31:*.gz=01;31:*.lrz=01;31:*.lz=01;31:*.lzo=01;31:*.xz=01;31:*.zst=01;31:*.tzst=01;31:*.bz2=01;31:*.bz=01;31:*.tbz=01;31:*.tbz2=01;31:*.tz=01;31:*.deb=01;31:*.rpm=01;31:*.jar=01;31:*.war=01;31:*.ear=01;31:*.sar=01;31:*.rar=01;31:*.alz=01;31:*.ace=01;31:*.zoo=01;31:*.cpio=01;31:*.7z=01;31:*.rz=01;31:*.cab=01;31:*.wim=01;31:*.swm=01;31:*.dwm=01;31:*.esd=01;31:*.jpg=01;35:*.jpeg=01;35:*.mjpg=01;35:*.mjpeg=01;35:*.gif=01;35:*.bmp=01;35:*.pbm=01;35:*.pgm=01;35:*.ppm=01;35:*.tga=01;35:*.xbm=01;35:*.xpm=01;35:*.tif=01;35:*.tiff=01;35:*.png=01;35:*.svg=01;35:*.svgz=01;35:*.mng=01;35:*.pcx=01;35:*.mov=01;35:*.mpg=01;35:*.mpeg=01;35:*.m2v=01;35:*.mkv=01;35:*.webm=01;35:*.ogm=01;35:*.mp4=01;35:*.m4v=01;35:*.mp4v=01;35:*.vob=01;35:*.qt=01;35:*.nuv=01;35:*.wmv=01;35:*.asf=01;35:*.rm=01;35:*.rmvb=01;35:*.flc=01;35:*.avi=01;35:*.fli=01;35:*.flv=01;35:*.gl=01;35:*.dl=01;35:*.xcf=01;35:*.xwd=01;35:*.yuv=01;35:*.cgm=01;35:*.emf=01;35:*.ogv=01;35:*.ogx=01;35:*.aac=00;36:*.au=00;36:*.flac=00;36:*.m4a=00;36:*.mid=00;36:*.midi=00;36:*.mka=00;36:*.mp3=00;36:*.mpc=00;36:*.ogg=00;36:*.ra=00;36:*.wav=00;36:*.oga=00;36:*.opus=00;36:*.spx=00;36:*.xspf=00;36:'), ('VSCODE_GIT_IPC_HANDLE', '/run/user/1000/vscode-git-9fb0051d70.sock'), ('TERM_PROGRAM', 'vscode'), ('AMENT_PREFIX_PATH', '/home/unitree/projects/unitree_sdk2_python_g1/ws_lio_ros2/install/pcl_ros:/home/unitree/projects/unitree_sdk2_python_g1/ws_livox/install/livox_ros_driver2:/home/unitree/cyclonedds_ws/install/rmw_cyclonedds_cpp:/opt/ros/foxy'), ('CONDA_PYTHON_EXE', '/home/unitree/Applications/anaconda3/bin/python'), ('SHELL', '/bin/bash'), ('LESSCLOSE', '/usr/bin/lesspipe %s %s'), ('VIRTUALENVWRAPPER_PROJECT_FILENAME', '.project'), ('VIRTUALENVWRAPPER_HOOK_DIR', '/home/unitree/Applications/virtualenvs'), ('VIRTUALENVWRAPPER_SCRIPT', '/home/unitree/.local/bin/virtualenvwrapper.sh'), ('VSCODE_GIT_ASKPASS_EXTRA_ARGS', ''), ('PWD', '/home/unitree/projects/unitree_sdk2_python_g1/ws_lio_ros2/build/fast_lio'), ('CONDA_EXE', '/home/unitree/Applications/anaconda3/bin/conda'), ('SSH_CONNECTION', '192.168.124.98 64166 192.168.124.174 22'), ('XDG_DATA_DIRS', '/usr/local/share:/usr/share:/var/lib/snapd/desktop'), ('VIRTUALENVWRAPPER_VIRTUALENV', 'virtualenv'), ('PYTHONPATH', '/home/unitree/projects/unitree_sdk2_python_g1/ws_livox/install/livox_ros_driver2/lib/python3.8/site-packages:/opt/ros/foxy/lib/python3.8/site-packages'), ('COLCON', '1'), ('CMAKE_PREFIX_PATH', '/home/unitree/projects/unitree_sdk2_python_g1/ws_lio_ros2/install/pcl_ros:/home/unitree/projects/unitree_sdk2_python_g1/ws_livox/install/livox_ros_driver2:/home/unitree/cyclonedds_ws/install/rmw_cyclonedds_cpp:/home/unitree/cyclonedds_ws/install/cyclonedds:/opt/ros/foxy')]), 'shell': False}
[150.083468] (-) TimerEvent: {}
[150.087740] (fast_lio) StdoutLine: {'line': b'-- Install configuration: "Release"\n'}
[150.088243] (fast_lio) StdoutLine: {'line': b'-- Installing: /home/unitree/projects/unitree_sdk2_python_g1/ws_lio_ros2/install/fast_lio/share/ament_index/resource_index/rosidl_interfaces/fast_lio\n'}
[150.089915] (fast_lio) StdoutLine: {'line': b'-- Installing: /home/unitree/projects/unitree_sdk2_python_g1/ws_lio_ros2/install/fast_lio/include/fast_lio\n'}
[150.090239] (fast_lio) StdoutLine: {'line': b'-- Installing: /home/unitree/projects/unitree_sdk2_python_g1/ws_lio_ros2/install/fast_lio/include/fast_lio/msg\n'}
[150.090396] (fast_lio) StdoutLine: {'line': b'-- Installing: /home/unitree/projects/unitree_sdk2_python_g1/ws_lio_ros2/install/fast_lio/include/fast_lio/msg/rosidl_generator_c__visibility_control.h\n'}
[150.090568] (fast_lio) StdoutLine: {'line': b'-- Installing: /home/unitree/projects/unitree_sdk2_python_g1/ws_lio_ros2/install/fast_lio/include/fast_lio/msg/pose6_d.h\n'}
[150.090696] (fast_lio) StdoutLine: {'line': b'-- Installing: /home/unitree/projects/unitree_sdk2_python_g1/ws_lio_ros2/install/fast_lio/include/fast_lio/msg/detail\n'}
[150.090805] (fast_lio) StdoutLine: {'line': b'-- Installing: /home/unitree/projects/unitree_sdk2_python_g1/ws_lio_ros2/install/fast_lio/include/fast_lio/msg/detail/pose6_d__functions.h\n'}
[150.090910] (fast_lio) StdoutLine: {'line': b'-- Installing: /home/unitree/projects/unitree_sdk2_python_g1/ws_lio_ros2/install/fast_lio/include/fast_lio/msg/detail/pose6_d__struct.h\n'}
[150.091014] (fast_lio) StdoutLine: {'line': b'-- Installing: /home/unitree/projects/unitree_sdk2_python_g1/ws_lio_ros2/install/fast_lio/include/fast_lio/msg/detail/pose6_d__type_support.h\n'}
[150.091112] (fast_lio) StdoutLine: {'line': b'-- Installing: /home/unitree/projects/unitree_sdk2_python_g1/ws_lio_ros2/install/fast_lio/include/fast_lio/msg/detail/pose6_d__functions.c\n'}
[150.091243] (fast_lio) StdoutLine: {'line': b'-- Installing: /home/unitree/projects/unitree_sdk2_python_g1/ws_lio_ros2/install/fast_lio/share/fast_lio/environment/library_path.sh\n'}
[150.091343] (fast_lio) StdoutLine: {'line': b'-- Installing: /home/unitree/projects/unitree_sdk2_python_g1/ws_lio_ros2/install/fast_lio/share/fast_lio/environment/library_path.dsv\n'}
[150.091437] (fast_lio) StdoutLine: {'line': b'-- Installing: /home/unitree/projects/unitree_sdk2_python_g1/ws_lio_ros2/install/fast_lio/lib/libfast_lio__rosidl_generator_c.so\n'}
[150.092989] (fast_lio) StdoutLine: {'line': b'-- Set runtime path of "/home/unitree/projects/unitree_sdk2_python_g1/ws_lio_ros2/install/fast_lio/lib/libfast_lio__rosidl_generator_c.so" to ""\n'}
[150.093335] (fast_lio) StdoutLine: {'line': b'-- Up-to-date: /home/unitree/projects/unitree_sdk2_python_g1/ws_lio_ros2/install/fast_lio/include/fast_lio\n'}
[150.093475] (fast_lio) StdoutLine: {'line': b'-- Up-to-date: /home/unitree/projects/unitree_sdk2_python_g1/ws_lio_ros2/install/fast_lio/include/fast_lio/msg\n'}
[150.093585] (fast_lio) StdoutLine: {'line': b'-- Installing: /home/unitree/projects/unitree_sdk2_python_g1/ws_lio_ros2/install/fast_lio/include/fast_lio/msg/rosidl_typesupport_fastrtps_c__visibility_control.h\n'}
[150.093782] (fast_lio) StdoutLine: {'line': b'-- Up-to-date: /home/unitree/projects/unitree_sdk2_python_g1/ws_lio_ros2/install/fast_lio/include/fast_lio/msg/detail\n'}
[150.093898] (fast_lio) StdoutLine: {'line': b'-- Installing: /home/unitree/projects/unitree_sdk2_python_g1/ws_lio_ros2/install/fast_lio/include/fast_lio/msg/detail/pose6_d__rosidl_typesupport_fastrtps_c.h\n'}
[150.094069] (fast_lio) StdoutLine: {'line': b'-- Installing: /home/unitree/projects/unitree_sdk2_python_g1/ws_lio_ros2/install/fast_lio/lib/libfast_lio__rosidl_typesupport_fastrtps_c.so\n'}
[150.095504] (fast_lio) StdoutLine: {'line': b'-- Set runtime path of "/home/unitree/projects/unitree_sdk2_python_g1/ws_lio_ros2/install/fast_lio/lib/libfast_lio__rosidl_typesupport_fastrtps_c.so" to ""\n'}
[150.096032] (fast_lio) StdoutLine: {'line': b'-- Up-to-date: /home/unitree/projects/unitree_sdk2_python_g1/ws_lio_ros2/install/fast_lio/include/fast_lio\n'}
[150.096172] (fast_lio) StdoutLine: {'line': b'-- Up-to-date: /home/unitree/projects/unitree_sdk2_python_g1/ws_lio_ros2/install/fast_lio/include/fast_lio/msg\n'}
[150.096752] (fast_lio) StdoutLine: {'line': b'-- Installing: /home/unitree/projects/unitree_sdk2_python_g1/ws_lio_ros2/install/fast_lio/include/fast_lio/msg/rosidl_typesupport_fastrtps_cpp__visibility_control.h\n'}
[150.096906] (fast_lio) StdoutLine: {'line': b'-- Up-to-date: /home/unitree/projects/unitree_sdk2_python_g1/ws_lio_ros2/install/fast_lio/include/fast_lio/msg/detail\n'}
[150.097016] (fast_lio) StdoutLine: {'line': b'-- Installing: /home/unitree/projects/unitree_sdk2_python_g1/ws_lio_ros2/install/fast_lio/include/fast_lio/msg/detail/pose6_d__rosidl_typesupport_fastrtps_cpp.hpp\n'}
[150.097449] (fast_lio) StdoutLine: {'line': b'-- Installing: /home/unitree/projects/unitree_sdk2_python_g1/ws_lio_ros2/install/fast_lio/include/fast_lio/msg/detail/dds_fastrtps\n'}
[150.097563] (fast_lio) StdoutLine: {'line': b'-- Installing: /home/unitree/projects/unitree_sdk2_python_g1/ws_lio_ros2/install/fast_lio/lib/libfast_lio__rosidl_typesupport_fastrtps_cpp.so\n'}
[150.097863] (fast_lio) StdoutLine: {'line': b'-- Set runtime path of "/home/unitree/projects/unitree_sdk2_python_g1/ws_lio_ros2/install/fast_lio/lib/libfast_lio__rosidl_typesupport_fastrtps_cpp.so" to ""\n'}
[150.098098] (fast_lio) StdoutLine: {'line': b'-- Up-to-date: /home/unitree/projects/unitree_sdk2_python_g1/ws_lio_ros2/install/fast_lio/include/fast_lio\n'}
[150.098211] (fast_lio) StdoutLine: {'line': b'-- Up-to-date: /home/unitree/projects/unitree_sdk2_python_g1/ws_lio_ros2/install/fast_lio/include/fast_lio/msg\n'}
[150.098311] (fast_lio) StdoutLine: {'line': b'-- Installing: /home/unitree/projects/unitree_sdk2_python_g1/ws_lio_ros2/install/fast_lio/include/fast_lio/msg/rosidl_typesupport_introspection_c__visibility_control.h\n'}
[150.098428] (fast_lio) StdoutLine: {'line': b'-- Up-to-date: /home/unitree/projects/unitree_sdk2_python_g1/ws_lio_ros2/install/fast_lio/include/fast_lio/msg/detail\n'}
[150.098526] (fast_lio) StdoutLine: {'line': b'-- Installing: /home/unitree/projects/unitree_sdk2_python_g1/ws_lio_ros2/install/fast_lio/include/fast_lio/msg/detail/pose6_d__rosidl_typesupport_introspection_c.h\n'}
[150.098621] (fast_lio) StdoutLine: {'line': b'-- Installing: /home/unitree/projects/unitree_sdk2_python_g1/ws_lio_ros2/install/fast_lio/include/fast_lio/msg/detail/pose6_d__type_support.c\n'}
[150.098715] (fast_lio) StdoutLine: {'line': b'-- Installing: /home/unitree/projects/unitree_sdk2_python_g1/ws_lio_ros2/install/fast_lio/lib/libfast_lio__rosidl_typesupport_introspection_c.so\n'}
[150.100018] (fast_lio) StdoutLine: {'line': b'-- Set runtime path of "/home/unitree/projects/unitree_sdk2_python_g1/ws_lio_ros2/install/fast_lio/lib/libfast_lio__rosidl_typesupport_introspection_c.so" to ""\n'}
[150.100361] (fast_lio) StdoutLine: {'line': b'-- Installing: /home/unitree/projects/unitree_sdk2_python_g1/ws_lio_ros2/install/fast_lio/lib/libfast_lio__rosidl_typesupport_c.so\n'}
[150.101027] (fast_lio) StdoutLine: {'line': b'-- Set runtime path of "/home/unitree/projects/unitree_sdk2_python_g1/ws_lio_ros2/install/fast_lio/lib/libfast_lio__rosidl_typesupport_c.so" to ""\n'}
[150.102465] (fast_lio) StdoutLine: {'line': b'-- Up-to-date: /home/unitree/projects/unitree_sdk2_python_g1/ws_lio_ros2/install/fast_lio/include/fast_lio\n'}
[150.102934] (fast_lio) StdoutLine: {'line': b'-- Up-to-date: /home/unitree/projects/unitree_sdk2_python_g1/ws_lio_ros2/install/fast_lio/include/fast_lio/msg\n'}
[150.103190] (fast_lio) StdoutLine: {'line': b'-- Up-to-date: /home/unitree/projects/unitree_sdk2_python_g1/ws_lio_ros2/install/fast_lio/include/fast_lio/msg/detail\n'}
[150.103367] (fast_lio) StdoutLine: {'line': b'-- Installing: /home/unitree/projects/unitree_sdk2_python_g1/ws_lio_ros2/install/fast_lio/include/fast_lio/msg/detail/pose6_d__struct.hpp\n'}
[150.104181] (fast_lio) StdoutLine: {'line': b'-- Installing: /home/unitree/projects/unitree_sdk2_python_g1/ws_lio_ros2/install/fast_lio/include/fast_lio/msg/detail/pose6_d__type_support.hpp\n'}
[150.104307] (fast_lio) StdoutLine: {'line': b'-- Installing: /home/unitree/projects/unitree_sdk2_python_g1/ws_lio_ros2/install/fast_lio/include/fast_lio/msg/detail/pose6_d__builder.hpp\n'}
[150.104415] (fast_lio) StdoutLine: {'line': b'-- Installing: /home/unitree/projects/unitree_sdk2_python_g1/ws_lio_ros2/install/fast_lio/include/fast_lio/msg/detail/pose6_d__traits.hpp\n'}
[150.104513] (fast_lio) StdoutLine: {'line': b'-- Installing: /home/unitree/projects/unitree_sdk2_python_g1/ws_lio_ros2/install/fast_lio/include/fast_lio/msg/rosidl_generator_cpp__visibility_control.hpp\n'}
[150.104612] (fast_lio) StdoutLine: {'line': b'-- Installing: /home/unitree/projects/unitree_sdk2_python_g1/ws_lio_ros2/install/fast_lio/include/fast_lio/msg/pose6_d.hpp\n'}
[150.104705] (fast_lio) StdoutLine: {'line': b'-- Up-to-date: /home/unitree/projects/unitree_sdk2_python_g1/ws_lio_ros2/install/fast_lio/include/fast_lio\n'}
[150.104817] (fast_lio) StdoutLine: {'line': b'-- Up-to-date: /home/unitree/projects/unitree_sdk2_python_g1/ws_lio_ros2/install/fast_lio/include/fast_lio/msg\n'}
[150.104977] (fast_lio) StdoutLine: {'line': b'-- Up-to-date: /home/unitree/projects/unitree_sdk2_python_g1/ws_lio_ros2/install/fast_lio/include/fast_lio/msg/detail\n'}
[150.105089] (fast_lio) StdoutLine: {'line': b'-- Installing: /home/unitree/projects/unitree_sdk2_python_g1/ws_lio_ros2/install/fast_lio/include/fast_lio/msg/detail/pose6_d__rosidl_typesupport_introspection_cpp.hpp\n'}
[150.105191] (fast_lio) StdoutLine: {'line': b'-- Installing: /home/unitree/projects/unitree_sdk2_python_g1/ws_lio_ros2/install/fast_lio/include/fast_lio/msg/detail/pose6_d__type_support.cpp\n'}
[150.105287] (fast_lio) StdoutLine: {'line': b'-- Installing: /home/unitree/projects/unitree_sdk2_python_g1/ws_lio_ros2/install/fast_lio/lib/libfast_lio__rosidl_typesupport_introspection_cpp.so\n'}
[150.106164] (fast_lio) StdoutLine: {'line': b'-- Set runtime path of "/home/unitree/projects/unitree_sdk2_python_g1/ws_lio_ros2/install/fast_lio/lib/libfast_lio__rosidl_typesupport_introspection_cpp.so" to ""\n'}
[150.106383] (fast_lio) StdoutLine: {'line': b'-- Installing: /home/unitree/projects/unitree_sdk2_python_g1/ws_lio_ros2/install/fast_lio/lib/libfast_lio__rosidl_typesupport_cpp.so\n'}
[150.107253] (fast_lio) StdoutLine: {'line': b'-- Set runtime path of "/home/unitree/projects/unitree_sdk2_python_g1/ws_lio_ros2/install/fast_lio/lib/libfast_lio__rosidl_typesupport_cpp.so" to ""\n'}
[150.107462] (fast_lio) StdoutLine: {'line': b'-- Installing: /home/unitree/projects/unitree_sdk2_python_g1/ws_lio_ros2/install/fast_lio/share/fast_lio/environment/pythonpath.sh\n'}
[150.107625] (fast_lio) StdoutLine: {'line': b'-- Installing: /home/unitree/projects/unitree_sdk2_python_g1/ws_lio_ros2/install/fast_lio/share/fast_lio/environment/pythonpath.dsv\n'}
[150.107938] (fast_lio) StdoutLine: {'line': b'-- Installing: /home/unitree/projects/unitree_sdk2_python_g1/ws_lio_ros2/install/fast_lio/lib/python3.8/site-packages/fast_lio/__init__.py\n'}
[150.162396] (fast_lio) StdoutLine: {'line': b"Compiling '/home/unitree/projects/unitree_sdk2_python_g1/ws_lio_ros2/install/fast_lio/lib/python3.8/site-packages/fast_lio/__init__.py'...\n"}
[150.173040] (fast_lio) StdoutLine: {'line': b'-- Installing: /home/unitree/projects/unitree_sdk2_python_g1/ws_lio_ros2/install/fast_lio/lib/python3.8/site-packages/fast_lio/msg\n'}
[150.173639] (fast_lio) StdoutLine: {'line': b'-- Installing: /home/unitree/projects/unitree_sdk2_python_g1/ws_lio_ros2/install/fast_lio/lib/python3.8/site-packages/fast_lio/msg/_pose6_d.py\n'}
[150.174380] (fast_lio) StdoutLine: {'line': b'-- Installing: /home/unitree/projects/unitree_sdk2_python_g1/ws_lio_ros2/install/fast_lio/lib/python3.8/site-packages/fast_lio/msg/_pose6_d_s.c\n'}
[150.174644] (fast_lio) StdoutLine: {'line': b'-- Installing: /home/unitree/projects/unitree_sdk2_python_g1/ws_lio_ros2/install/fast_lio/lib/python3.8/site-packages/fast_lio/msg/__init__.py\n'}
[150.174864] (fast_lio) StdoutLine: {'line': b'-- Installing: /home/unitree/projects/unitree_sdk2_python_g1/ws_lio_ros2/install/fast_lio/lib/python3.8/site-packages/fast_lio/fast_lio_s__rosidl_typesupport_fastrtps_c.cpython-38-aarch64-linux-gnu.so\n'}
[150.175010] (fast_lio) StdoutLine: {'line': b'-- Set runtime path of "/home/unitree/projects/unitree_sdk2_python_g1/ws_lio_ros2/install/fast_lio/lib/python3.8/site-packages/fast_lio/fast_lio_s__rosidl_typesupport_fastrtps_c.cpython-38-aarch64-linux-gnu.so" to ""\n'}
[150.175195] (fast_lio) StdoutLine: {'line': b'-- Installing: /home/unitree/projects/unitree_sdk2_python_g1/ws_lio_ros2/install/fast_lio/lib/python3.8/site-packages/fast_lio/fast_lio_s__rosidl_typesupport_introspection_c.cpython-38-aarch64-linux-gnu.so\n'}
[150.175771] (fast_lio) StdoutLine: {'line': b'-- Set runtime path of "/home/unitree/projects/unitree_sdk2_python_g1/ws_lio_ros2/install/fast_lio/lib/python3.8/site-packages/fast_lio/fast_lio_s__rosidl_typesupport_introspection_c.cpython-38-aarch64-linux-gnu.so" to ""\n'}
[150.176048] (fast_lio) StdoutLine: {'line': b'-- Installing: /home/unitree/projects/unitree_sdk2_python_g1/ws_lio_ros2/install/fast_lio/lib/python3.8/site-packages/fast_lio/fast_lio_s__rosidl_typesupport_c.cpython-38-aarch64-linux-gnu.so\n'}
[150.176703] (fast_lio) StdoutLine: {'line': b'-- Set runtime path of "/home/unitree/projects/unitree_sdk2_python_g1/ws_lio_ros2/install/fast_lio/lib/python3.8/site-packages/fast_lio/fast_lio_s__rosidl_typesupport_c.cpython-38-aarch64-linux-gnu.so" to ""\n'}
[150.177506] (fast_lio) StdoutLine: {'line': b'-- Installing: /home/unitree/projects/unitree_sdk2_python_g1/ws_lio_ros2/install/fast_lio/lib/libfast_lio__python.so\n'}
[150.178057] (fast_lio) StdoutLine: {'line': b'-- Set runtime path of "/home/unitree/projects/unitree_sdk2_python_g1/ws_lio_ros2/install/fast_lio/lib/libfast_lio__python.so" to ""\n'}
[150.178187] (fast_lio) StdoutLine: {'line': b'-- Installing: /home/unitree/projects/unitree_sdk2_python_g1/ws_lio_ros2/install/fast_lio/share/fast_lio/msg/Pose6D.idl\n'}
[150.178335] (fast_lio) StdoutLine: {'line': b'-- Installing: /home/unitree/projects/unitree_sdk2_python_g1/ws_lio_ros2/install/fast_lio/share/fast_lio/msg/Pose6D.msg\n'}
[150.182084] (fast_lio) StdoutLine: {'line': b'-- Installing: /home/unitree/projects/unitree_sdk2_python_g1/ws_lio_ros2/install/fast_lio/lib/fast_lio/fastlio_mapping\n'}
[150.182575] (fast_lio) StdoutLine: {'line': b'-- Set runtime path of "/home/unitree/projects/unitree_sdk2_python_g1/ws_lio_ros2/install/fast_lio/lib/fast_lio/fastlio_mapping" to ""\n'}
[150.182812] (fast_lio) StdoutLine: {'line': b'-- Installing: /home/unitree/projects/unitree_sdk2_python_g1/ws_lio_ros2/install/fast_lio/share/fast_lio/config\n'}
[150.183031] (fast_lio) StdoutLine: {'line': b'-- Installing: /home/unitree/projects/unitree_sdk2_python_g1/ws_lio_ros2/install/fast_lio/share/fast_lio/config/ouster64.yaml\n'}
[150.183205] (fast_lio) StdoutLine: {'line': b'-- Installing: /home/unitree/projects/unitree_sdk2_python_g1/ws_lio_ros2/install/fast_lio/share/fast_lio/config/mid360.yaml\n'}
[150.183539] (fast_lio) StdoutLine: {'line': b'-- Installing: /home/unitree/projects/unitree_sdk2_python_g1/ws_lio_ros2/install/fast_lio/share/fast_lio/config/avia.yaml\n'}
[150.183709] (-) TimerEvent: {}
[150.183993] (fast_lio) StdoutLine: {'line': b'-- Installing: /home/unitree/projects/unitree_sdk2_python_g1/ws_lio_ros2/install/fast_lio/share/fast_lio/config/velodyne.yaml\n'}
[150.184130] (fast_lio) StdoutLine: {'line': b'-- Installing: /home/unitree/projects/unitree_sdk2_python_g1/ws_lio_ros2/install/fast_lio/share/fast_lio/config/horizon.yaml\n'}
[150.184986] (fast_lio) StdoutLine: {'line': b'-- Installing: /home/unitree/projects/unitree_sdk2_python_g1/ws_lio_ros2/install/fast_lio/share/fast_lio/launch\n'}
[150.185704] (fast_lio) StdoutLine: {'line': b'-- Installing: /home/unitree/projects/unitree_sdk2_python_g1/ws_lio_ros2/install/fast_lio/share/fast_lio/launch/mapping.launch.py\n'}
[150.185837] (fast_lio) StdoutLine: {'line': b'-- Installing: /home/unitree/projects/unitree_sdk2_python_g1/ws_lio_ros2/install/fast_lio/share/fast_lio/launch/gdb_debug_example.launch\n'}
[150.186308] (fast_lio) StdoutLine: {'line': b'-- Installing: /home/unitree/projects/unitree_sdk2_python_g1/ws_lio_ros2/install/fast_lio/share/fast_lio/rviz\n'}
[150.186469] (fast_lio) StdoutLine: {'line': b'-- Installing: /home/unitree/projects/unitree_sdk2_python_g1/ws_lio_ros2/install/fast_lio/share/fast_lio/rviz/fastlio.rviz\n'}
[150.186579] (fast_lio) StdoutLine: {'line': b'-- Installing: /home/unitree/projects/unitree_sdk2_python_g1/ws_lio_ros2/install/fast_lio/share/ament_index/resource_index/package_run_dependencies/fast_lio\n'}
[150.186734] (fast_lio) StdoutLine: {'line': b'-- Installing: /home/unitree/projects/unitree_sdk2_python_g1/ws_lio_ros2/install/fast_lio/share/ament_index/resource_index/parent_prefix_path/fast_lio\n'}
[150.186866] (fast_lio) StdoutLine: {'line': b'-- Installing: /home/unitree/projects/unitree_sdk2_python_g1/ws_lio_ros2/install/fast_lio/share/fast_lio/environment/ament_prefix_path.sh\n'}
[150.186973] (fast_lio) StdoutLine: {'line': b'-- Installing: /home/unitree/projects/unitree_sdk2_python_g1/ws_lio_ros2/install/fast_lio/share/fast_lio/environment/ament_prefix_path.dsv\n'}
[150.187187] (fast_lio) StdoutLine: {'line': b'-- Installing: /home/unitree/projects/unitree_sdk2_python_g1/ws_lio_ros2/install/fast_lio/share/fast_lio/environment/path.sh\n'}
[150.187349] (fast_lio) StdoutLine: {'line': b'-- Installing: /home/unitree/projects/unitree_sdk2_python_g1/ws_lio_ros2/install/fast_lio/share/fast_lio/environment/path.dsv\n'}
[150.187456] (fast_lio) StdoutLine: {'line': b'-- Installing: /home/unitree/projects/unitree_sdk2_python_g1/ws_lio_ros2/install/fast_lio/share/fast_lio/local_setup.bash\n'}
[150.187612] (fast_lio) StdoutLine: {'line': b'-- Installing: /home/unitree/projects/unitree_sdk2_python_g1/ws_lio_ros2/install/fast_lio/share/fast_lio/local_setup.sh\n'}
[150.187766] (fast_lio) StdoutLine: {'line': b'-- Installing: /home/unitree/projects/unitree_sdk2_python_g1/ws_lio_ros2/install/fast_lio/share/fast_lio/local_setup.zsh\n'}
[150.187866] (fast_lio) StdoutLine: {'line': b'-- Installing: /home/unitree/projects/unitree_sdk2_python_g1/ws_lio_ros2/install/fast_lio/share/fast_lio/local_setup.dsv\n'}
[150.188017] (fast_lio) StdoutLine: {'line': b'-- Installing: /home/unitree/projects/unitree_sdk2_python_g1/ws_lio_ros2/install/fast_lio/share/fast_lio/package.dsv\n'}
[150.188249] (fast_lio) StdoutLine: {'line': b'-- Installing: /home/unitree/projects/unitree_sdk2_python_g1/ws_lio_ros2/install/fast_lio/share/ament_index/resource_index/packages/fast_lio\n'}
[150.188557] (fast_lio) StdoutLine: {'line': b'-- Installing: /home/unitree/projects/unitree_sdk2_python_g1/ws_lio_ros2/install/fast_lio/share/fast_lio/cmake/fast_lio__rosidl_generator_cExport.cmake\n'}
[150.188835] (fast_lio) StdoutLine: {'line': b'-- Installing: /home/unitree/projects/unitree_sdk2_python_g1/ws_lio_ros2/install/fast_lio/share/fast_lio/cmake/fast_lio__rosidl_generator_cExport-release.cmake\n'}
[150.189170] (fast_lio) StdoutLine: {'line': b'-- Installing: /home/unitree/projects/unitree_sdk2_python_g1/ws_lio_ros2/install/fast_lio/share/fast_lio/cmake/fast_lio__rosidl_typesupport_introspection_cExport.cmake\n'}
[150.189429] (fast_lio) StdoutLine: {'line': b'-- Installing: /home/unitree/projects/unitree_sdk2_python_g1/ws_lio_ros2/install/fast_lio/share/fast_lio/cmake/fast_lio__rosidl_typesupport_introspection_cExport-release.cmake\n'}
[150.189900] (fast_lio) StdoutLine: {'line': b'-- Installing: /home/unitree/projects/unitree_sdk2_python_g1/ws_lio_ros2/install/fast_lio/share/fast_lio/cmake/fast_lio__rosidl_typesupport_cExport.cmake\n'}
[150.190146] (fast_lio) StdoutLine: {'line': b'-- Installing: /home/unitree/projects/unitree_sdk2_python_g1/ws_lio_ros2/install/fast_lio/share/fast_lio/cmake/fast_lio__rosidl_typesupport_cExport-release.cmake\n'}
[150.190518] (fast_lio) StdoutLine: {'line': b'-- Installing: /home/unitree/projects/unitree_sdk2_python_g1/ws_lio_ros2/install/fast_lio/share/fast_lio/cmake/fast_lio__rosidl_generator_cppExport.cmake\n'}
[150.191167] (fast_lio) StdoutLine: {'line': b'-- Installing: /home/unitree/projects/unitree_sdk2_python_g1/ws_lio_ros2/install/fast_lio/share/fast_lio/cmake/fast_lio__rosidl_typesupport_introspection_cppExport.cmake\n'}
[150.191794] (fast_lio) StdoutLine: {'line': b'-- Installing: /home/unitree/projects/unitree_sdk2_python_g1/ws_lio_ros2/install/fast_lio/share/fast_lio/cmake/fast_lio__rosidl_typesupport_introspection_cppExport-release.cmake\n'}
[150.192151] (fast_lio) StdoutLine: {'line': b'-- Installing: /home/unitree/projects/unitree_sdk2_python_g1/ws_lio_ros2/install/fast_lio/share/fast_lio/cmake/fast_lio__rosidl_typesupport_cppExport.cmake\n'}
[150.192310] (fast_lio) StdoutLine: {'line': b'-- Installing: /home/unitree/projects/unitree_sdk2_python_g1/ws_lio_ros2/install/fast_lio/share/fast_lio/cmake/fast_lio__rosidl_typesupport_cppExport-release.cmake\n'}
[150.192422] (fast_lio) StdoutLine: {'line': b'-- Installing: /home/unitree/projects/unitree_sdk2_python_g1/ws_lio_ros2/install/fast_lio/share/fast_lio/cmake/rosidl_cmake-extras.cmake\n'}
[150.192608] (fast_lio) StdoutLine: {'line': b'-- Installing: /home/unitree/projects/unitree_sdk2_python_g1/ws_lio_ros2/install/fast_lio/share/fast_lio/cmake/ament_cmake_export_dependencies-extras.cmake\n'}
[150.192744] (fast_lio) StdoutLine: {'line': b'-- Installing: /home/unitree/projects/unitree_sdk2_python_g1/ws_lio_ros2/install/fast_lio/share/fast_lio/cmake/ament_cmake_export_libraries-extras.cmake\n'}
[150.192863] (fast_lio) StdoutLine: {'line': b'-- Installing: /home/unitree/projects/unitree_sdk2_python_g1/ws_lio_ros2/install/fast_lio/share/fast_lio/cmake/ament_cmake_export_targets-extras.cmake\n'}
[150.193001] (fast_lio) StdoutLine: {'line': b'-- Installing: /home/unitree/projects/unitree_sdk2_python_g1/ws_lio_ros2/install/fast_lio/share/fast_lio/cmake/ament_cmake_export_include_directories-extras.cmake\n'}
[150.193108] (fast_lio) StdoutLine: {'line': b'-- Installing: /home/unitree/projects/unitree_sdk2_python_g1/ws_lio_ros2/install/fast_lio/share/fast_lio/cmake/rosidl_cmake_export_typesupport_libraries-extras.cmake\n'}
[150.193289] (fast_lio) StdoutLine: {'line': b'-- Installing: /home/unitree/projects/unitree_sdk2_python_g1/ws_lio_ros2/install/fast_lio/share/fast_lio/cmake/rosidl_cmake_export_typesupport_targets-extras.cmake\n'}
[150.193638] (fast_lio) StdoutLine: {'line': b'-- Installing: /home/unitree/projects/unitree_sdk2_python_g1/ws_lio_ros2/install/fast_lio/share/fast_lio/cmake/fast_lioConfig.cmake\n'}
[150.193775] (fast_lio) StdoutLine: {'line': b'-- Installing: /home/unitree/projects/unitree_sdk2_python_g1/ws_lio_ros2/install/fast_lio/share/fast_lio/cmake/fast_lioConfig-version.cmake\n'}
[150.193874] (fast_lio) StdoutLine: {'line': b'-- Installing: /home/unitree/projects/unitree_sdk2_python_g1/ws_lio_ros2/install/fast_lio/share/fast_lio/package.xml\n'}
[150.216537] (fast_lio) CommandEnded: {'returncode': 0}
[150.284006] (-) TimerEvent: {}
[150.351929] (fast_lio) JobEnded: {'identifier': 'fast_lio', 'rc': 0}
[150.354272] (-) EventReactorShutdown: {}
